WKT,Name,OBJECTID,UKATEGORIE,UTYP1,UART,UMONAT,USTUNDE,UWOCHENTAG,STRZUSTAND,ULICHTVERH,ISTRAD,ISTPKW,ISTFUSS,ISTKRAD,ISTGKFZ,ISTSONSTIG
"POINT (8.517755939000001 49.485766464000001)",Unfall 22630 (2016) Kat:3, Licht: 0,22630,3,6,3,01,12,1,,0,0,1,0,0,0,0
"POINT (8.459247419000000 49.492329515999998)",Unfall 22778 (2016) Kat:3, Licht: 0,22778,3,6,2,01,13,1,,0,0,1,0,0,0,0
"POINT (8.453829283999999 49.491722897999999)",Unfall 22794 (2016) Kat:2, Licht: 2,22794,2,6,2,01,04,2,,2,0,0,0,1,0,1
"POINT (8.549819779000000 49.457458443000000)",Unfall 22917 (2016) Kat:3, Licht: 2,22917,3,7,8,01,19,2,,2,0,1,0,0,1,0
"POINT (8.488743506000001 49.498351407000001)",Unfall 22949 (2016) Kat:3, Licht: 2,22949,3,3,5,01,07,3,,2,0,1,0,0,0,1
"POINT (8.539430848000000 49.464546454999997)",Unfall 22972 (2016) Kat:2, Licht: 2,22972,2,6,2,01,02,2,,2,0,1,0,0,1,0
"POINT (8.500118490000000 49.489454559999999)",Unfall 23004 (2016) Kat:2, Licht: 2,23004,2,2,5,01,19,5,,2,0,1,0,0,0,1
"POINT (8.522731456000001 49.473602687000003)",Unfall 23041 (2016) Kat:2, Licht: 2,23041,2,2,5,01,19,2,,2,0,1,0,0,0,0
"POINT (8.450359645000001 49.491350359999998)",Unfall 23043 (2016) Kat:3, Licht: 2,23043,3,6,9,01,21,6,,2,0,1,0,0,0,1
"POINT (8.560582486000000 49.507188896000002)",Unfall 23068 (2016) Kat:3, Licht: 0,23068,3,6,3,01,16,3,,0,0,1,0,0,1,0
"POINT (8.525984213999999 49.465366426999999)",Unfall 23084 (2016) Kat:3, Licht: 1,23084,3,6,2,01,07,2,,1,0,1,0,0,0,0
"POINT (8.460135432000000 49.481228737000002)",Unfall 23117 (2016) Kat:3, Licht: 0,23117,3,3,5,01,14,5,,0,0,1,0,0,1,0
"POINT (8.495187054000001 49.453588658999998)",Unfall 23152 (2016) Kat:3, Licht: 2,23152,3,6,1,01,18,2,,2,0,1,0,1,0,0
"POINT (8.491976623999999 49.477862819000002)",Unfall 23154 (2016) Kat:3, Licht: 2,23154,3,3,5,01,20,6,,2,0,1,0,0,0,0
"POINT (8.556429141000001 49.455004459000001)",Unfall 23293 (2016) Kat:3, Licht: 0,23293,3,6,2,01,14,3,,0,0,1,0,0,0,0
"POINT (8.483774662000000 49.469340815999999)",Unfall 23327 (2016) Kat:2, Licht: 0,23327,2,4,6,01,11,5,,0,0,0,1,0,0,1
"POINT (8.511002048000000 49.518511240999999)",Unfall 23462 (2016) Kat:3, Licht: 1,23462,3,6,2,01,17,5,,1,0,1,0,0,0,0
"POINT (8.477353633000000 49.517384475999997)",Unfall 23468 (2016) Kat:2, Licht: 0,23468,2,3,5,01,13,4,,0,1,1,0,0,0,0
"POINT (8.484248310000000 49.471378614000002)",Unfall 23493 (2016) Kat:3, Licht: 0,23493,3,1,0,01,12,3,,0,0,0,0,1,0,0
"POINT (8.475825016000000 49.486649354000001)",Unfall 23521 (2016) Kat:2, Licht: 0,23521,2,6,2,01,12,5,,0,0,1,0,1,0,0
"POINT (8.558562036000000 49.499154289000003)",Unfall 23547 (2016) Kat:3, Licht: 0,23547,3,3,5,01,12,2,,0,0,1,0,0,0,0
"POINT (8.458912781000000 49.492127474999997)",Unfall 23601 (2016) Kat:3, Licht: 2,23601,3,6,3,01,19,1,,2,0,1,0,0,0,0
"POINT (8.447508763000000 49.566072618000000)",Unfall 23642 (2016) Kat:1, Licht: 0,23642,1,1,9,01,15,7,,0,0,1,0,0,0,0
"POINT (8.447582935000000 49.573397997000001)",Unfall 23765 (2016) Kat:3, Licht: 0,23765,3,1,9,01,12,6,,0,0,1,0,0,0,0
"POINT (8.510725300000001 49.455979077000002)",Unfall 23860 (2016) Kat:3, Licht: 2,23860,3,1,8,01,01,1,,2,0,1,0,0,0,0
"POINT (8.515130664999999 49.477630464999997)",Unfall 23868 (2016) Kat:2, Licht: 0,23868,2,3,5,01,11,3,,0,0,1,0,0,0,0
"POINT (8.560475077000000 49.513946486000002)",Unfall 23885 (2016) Kat:1, Licht: 2,23885,1,4,6,01,20,4,,2,0,1,1,0,1,0
"POINT (8.569301806000000 49.439753740000000)",Unfall 23949 (2016) Kat:3, Licht: 2,23949,3,2,5,01,19,2,,2,0,1,0,0,0,0
"POINT (8.549390466000000 49.487095676000003)",Unfall 23974 (2016) Kat:3, Licht: 2,23974,3,6,3,01,19,7,,2,0,1,0,0,0,0
"POINT (8.463597119999999 49.505938542000003)",Unfall 23989 (2016) Kat:3, Licht: 2,23989,3,3,5,01,17,7,,2,0,1,0,0,0,0
"POINT (8.515192906999999 49.443434050999997)",Unfall 23994 (2016) Kat:2, Licht: 0,23994,2,6,3,01,07,6,,0,0,1,0,0,0,1
"POINT (8.564174652000000 49.466346377999997)",Unfall 24036 (2016) Kat:3, Licht: 2,24036,3,3,5,01,20,1,,2,0,1,0,0,0,0
"POINT (8.541655964000000 49.446355847000000)",Unfall 24050 (2016) Kat:2, Licht: 0,24050,2,6,0,01,10,4,,0,0,0,0,1,0,0
"POINT (8.531222508000001 49.506835154000001)",Unfall 24116 (2016) Kat:2, Licht: 2,24116,2,7,0,01,02,1,,2,0,1,0,0,0,0
"POINT (8.473718343000000 49.495789901999999)",Unfall 24158 (2016) Kat:3, Licht: 0,24158,3,6,2,01,13,6,,0,0,1,0,0,0,0
"POINT (8.483612899000001 49.493554344000003)",Unfall 24213 (2016) Kat:3, Licht: 0,24213,3,2,3,01,18,5,,0,1,1,0,0,0,0
"POINT (8.480847852000000 49.522114965999997)",Unfall 24230 (2016) Kat:3, Licht: 2,24230,3,2,5,01,20,7,,2,1,1,0,0,0,0
"POINT (8.471933792000000 49.476893058999998)",Unfall 24236 (2016) Kat:3, Licht: 0,24236,3,6,3,01,07,6,,0,0,1,0,0,1,0
"POINT (8.474157519000000 49.479261495000003)",Unfall 24351 (2016) Kat:3, Licht: 0,24351,3,6,2,02,20,3,,0,0,1,0,0,0,0
"POINT (8.485266515999999 49.494738663000000)",Unfall 24421 (2016) Kat:3, Licht: 2,24421,3,3,5,02,18,5,,2,0,1,0,1,0,0
"POINT (8.481732309000000 49.531993239999998)",Unfall 24503 (2016) Kat:3, Licht: 0,24503,3,7,5,02,12,6,,0,0,1,0,0,0,0
"POINT (8.484903894000000 49.467367811000003)",Unfall 24524 (2016) Kat:3, Licht: 0,24524,3,6,3,02,15,4,,0,0,1,0,0,1,0
"POINT (8.495522803000000 49.453041226000003)",Unfall 24545 (2016) Kat:3, Licht: 2,24545,3,1,9,02,05,2,,2,0,0,0,1,0,0
"POINT (8.485921726000001 49.466440810000002)",Unfall 24567 (2016) Kat:3, Licht: 0,24567,3,7,5,02,12,2,,0,0,1,0,0,0,1
"POINT (8.544048135000001 49.483049618000003)",Unfall 24579 (2016) Kat:2, Licht: 0,24579,2,5,5,02,16,1,,0,1,1,0,0,0,0
"POINT (8.519628272000000 49.467431306999998)",Unfall 24584 (2016) Kat:3, Licht: 2,24584,3,3,5,02,19,1,,2,0,1,0,0,0,0
"POINT (8.488808868000000 49.498398629999997)",Unfall 24593 (2016) Kat:3, Licht: 2,24593,3,2,4,02,00,6,,2,0,1,0,0,0,0
"POINT (8.457159188000000 49.545118879999997)",Unfall 24622 (2016) Kat:3, Licht: 0,24622,3,6,2,02,16,2,,0,0,1,0,0,0,0
"POINT (8.565285350000000 49.465027935000002)",Unfall 24624 (2016) Kat:3, Licht: 0,24624,3,6,2,02,14,3,,0,0,1,0,0,0,0
"POINT (8.523536719000001 49.438475201999999)",Unfall 24694 (2016) Kat:3, Licht: 2,24694,3,3,5,02,06,5,,2,0,1,0,0,0,0
"POINT (8.523541198000000 49.438466062000003)",Unfall 24703 (2016) Kat:3, Licht: 2,24703,3,3,5,02,20,4,,2,0,1,0,0,0,0
"POINT (8.500252400000001 49.474287306999997)",Unfall 24750 (2016) Kat:3, Licht: 0,24750,3,2,5,02,16,3,,0,0,1,0,0,0,1
"POINT (8.475918087000000 49.474888829999998)",Unfall 24787 (2016) Kat:3, Licht: 2,24787,3,6,3,02,05,5,,2,0,1,0,0,1,0
"POINT (8.448987765000000 49.554453576000000)",Unfall 24799 (2016) Kat:3, Licht: 0,24799,3,1,8,02,17,7,,0,0,1,0,0,0,0
"POINT (8.473965439000001 49.479591935999998)",Unfall 24802 (2016) Kat:3, Licht: 0,24802,3,6,2,02,17,5,,0,0,1,0,0,0,0
"POINT (8.505630187000000 49.506835350000003)",Unfall 24812 (2016) Kat:2, Licht: 0,24812,2,2,6,02,15,3,,0,0,1,1,0,0,1
"POINT (8.540310854000000 49.438313878999999)",Unfall 24920 (2016) Kat:3, Licht: 2,24920,3,6,3,02,19,1,,2,0,1,0,0,0,0
"POINT (8.512330999000000 49.488845220000002)",Unfall 24922 (2016) Kat:3, Licht: 0,24922,3,3,5,02,08,3,,0,1,1,0,0,0,0
"POINT (8.480469604000000 49.489523974999997)",Unfall 25010 (2016) Kat:2, Licht: 0,25010,2,6,3,02,07,6,,0,0,0,0,1,0,1
"POINT (8.546070760999999 49.482494756999998)",Unfall 25017 (2016) Kat:3, Licht: 0,25017,3,2,5,02,15,3,,0,0,1,0,0,0,0
"POINT (8.571497956000000 49.451201634999997)",Unfall 25024 (2016) Kat:3, Licht: 0,25024,3,6,2,02,16,2,,0,0,1,0,0,0,0
"POINT (8.517193001000001 49.465991656000000)",Unfall 25053 (2016) Kat:2, Licht: 0,25053,2,6,3,02,09,6,,0,0,1,0,0,1,0
"POINT (8.544445647000000 49.482855440999998)",Unfall 25133 (2016) Kat:3, Licht: 2,25133,3,6,1,02,21,7,,2,0,1,0,0,0,0
"POINT (8.522856417000000 49.473443076000002)",Unfall 25142 (2016) Kat:3, Licht: 0,25142,3,6,1,02,14,3,,0,0,1,0,0,1,0
"POINT (8.480918772000001 49.534405833000001)",Unfall 25150 (2016) Kat:3, Licht: 2,25150,3,2,5,02,22,2,,2,0,1,0,0,0,0
"POINT (8.569380269000000 49.439655182000003)",Unfall 25212 (2016) Kat:3, Licht: 0,25212,3,6,2,02,16,2,,0,0,1,0,1,0,0
"POINT (8.550872797000000 49.520163912999998)",Unfall 25243 (2016) Kat:2, Licht: 2,25243,2,6,3,02,02,1,,2,0,1,0,0,0,1
"POINT (8.516506322000000 49.488732880000001)",Unfall 25320 (2016) Kat:3, Licht: 0,25320,3,6,3,02,14,1,,0,0,1,0,0,0,0
"POINT (8.488669810999999 49.498116295999999)",Unfall 25325 (2016) Kat:3, Licht: 0,25325,3,2,5,03,15,4,,0,0,0,0,0,1,1
"POINT (8.484284908999999 49.493526551999999)",Unfall 25421 (2016) Kat:3, Licht: 0,25421,3,3,1,02,14,2,,0,1,0,0,0,1,0
"POINT (8.569289251000001 49.439671232999999)",Unfall 25424 (2016) Kat:2, Licht: 0,25424,2,3,5,03,13,3,,0,0,1,0,0,1,0
"POINT (8.480224109000000 49.489179507999999)",Unfall 25467 (2016) Kat:3, Licht: 2,25467,3,6,2,03,18,4,,2,0,1,0,0,0,0
"POINT (8.560411755000001 49.501862922000001)",Unfall 25589 (2016) Kat:3, Licht: 0,25589,3,6,3,02,16,7,,0,0,1,0,0,0,0
"POINT (8.485145048000000 49.494188899999997)",Unfall 25672 (2016) Kat:3, Licht: 0,25672,3,6,1,03,10,7,,0,0,1,0,0,0,0
"POINT (8.460691154999999 49.481377319000003)",Unfall 25737 (2016) Kat:2, Licht: 2,25737,2,7,5,03,19,5,,2,0,1,0,0,0,0
"POINT (8.467658680000000 49.478949084000000)",Unfall 25787 (2016) Kat:3, Licht: 0,25787,3,6,1,03,16,4,,0,0,1,0,0,0,0
"POINT (8.483764006000000 49.468945873999999)",Unfall 25792 (2016) Kat:3, Licht: 0,25792,3,6,2,03,15,2,,0,0,1,0,0,0,0
"POINT (8.485715560999999 49.466464340999998)",Unfall 25894 (2016) Kat:3, Licht: 0,25894,3,3,5,03,08,6,,0,1,0,0,0,0,1
"POINT (8.499567897000000 49.554757230000000)",Unfall 25898 (2016) Kat:2, Licht: 0,25898,2,6,2,03,12,5,,0,0,0,0,0,1,0
"POINT (8.517464113999999 49.488526440999998)",Unfall 25950 (2016) Kat:3, Licht: 1,25950,3,3,5,03,17,6,,1,0,1,0,0,0,1
"POINT (8.471959857000000 49.513321679000001)",Unfall 25980 (2016) Kat:3, Licht: 0,25980,3,2,3,03,16,6,,0,1,1,0,0,0,0
"POINT (8.512724893000000 49.488819913999997)",Unfall 26031 (2016) Kat:3, Licht: 0,26031,3,6,2,03,16,4,,0,0,1,0,0,0,0
"POINT (8.525359483000001 49.465549314999997)",Unfall 26145 (2016) Kat:3, Licht: 0,26145,3,6,2,03,07,4,,0,0,1,0,0,0,0
"POINT (8.486535898000000 49.529731646000002)",Unfall 26170 (2016) Kat:2, Licht: 0,26170,2,6,2,03,15,4,,0,0,1,0,1,0,0
"POINT (8.497021000000000 49.502638601000001)",Unfall 26221 (2016) Kat:3, Licht: 0,26221,3,6,2,03,12,5,,0,0,1,0,0,0,0
"POINT (8.485740082000000 49.466437569000000)",Unfall 26246 (2016) Kat:3, Licht: 0,26246,3,7,5,03,14,5,,0,0,1,0,0,1,0
"POINT (8.464669907999999 49.498238317000002)",Unfall 26251 (2016) Kat:2, Licht: 0,26251,2,6,2,03,10,5,,0,0,1,0,0,0,1
"POINT (8.559972653999999 49.519957949000002)",Unfall 26301 (2016) Kat:3, Licht: 0,26301,3,6,3,03,08,6,,0,0,1,0,0,1,0
"POINT (8.494622451000000 49.454721302999999)",Unfall 26338 (2016) Kat:3, Licht: 0,26338,3,6,2,03,17,4,,0,0,1,0,0,0,0
"POINT (8.468752896000000 49.478537957000000)",Unfall 26359 (2016) Kat:3, Licht: 0,26359,3,6,2,03,12,7,,0,0,1,0,0,0,0
"POINT (8.523831074000000 49.480653418999999)",Unfall 26388 (2016) Kat:2, Licht: 0,26388,2,6,3,03,16,5,,0,0,1,0,1,1,1
"POINT (8.527737094000001 49.510160114000001)",Unfall 26427 (2016) Kat:3, Licht: 2,26427,3,2,3,03,20,6,,2,1,1,0,0,0,0
"POINT (8.545922528000000 49.458798092999999)",Unfall 26526 (2016) Kat:3, Licht: 0,26526,3,6,2,03,06,3,,0,0,1,0,0,0,1
"POINT (8.505731030000000 49.506868802000000)",Unfall 26653 (2016) Kat:3, Licht: 0,26653,3,3,5,03,17,6,,0,0,1,0,0,0,0
"POINT (8.475152309000000 49.485200204000002)",Unfall 26656 (2016) Kat:3, Licht: 0,26656,3,3,5,03,14,7,,0,0,1,0,0,0,0
"POINT (8.519739066000000 49.467426715000002)",Unfall 26734 (2016) Kat:3, Licht: 0,26734,3,6,2,03,07,6,,0,0,1,0,0,0,0
"POINT (8.529777551000001 49.464287642999999)",Unfall 26735 (2016) Kat:3, Licht: 0,26735,3,6,2,03,07,2,,0,0,1,0,0,0,0
"POINT (8.468607268000000 49.478464471000002)",Unfall 26741 (2016) Kat:3, Licht: 0,26741,3,3,5,03,08,6,,0,0,1,0,0,0,0
"POINT (8.529847265000001 49.430187013999998)",Unfall 26747 (2016) Kat:3, Licht: 0,26747,3,3,5,03,11,6,,0,1,1,0,0,0,0
"POINT (8.461630048000000 49.504439963999999)",Unfall 26756 (2016) Kat:2, Licht: 0,26756,2,7,4,03,12,3,,0,0,1,0,1,0,0
"POINT (8.541623125999999 49.455098507000002)",Unfall 26834 (2016) Kat:3, Licht: 0,26834,3,6,1,03,11,5,,0,0,1,0,0,0,0
"POINT (8.488821807000001 49.498246416000001)",Unfall 26918 (2016) Kat:3, Licht: 0,26918,3,7,6,04,13,7,,0,0,1,1,0,0,0
"POINT (8.480846922000000 49.522112622999998)",Unfall 26956 (2016) Kat:3, Licht: 0,26956,3,2,5,04,19,4,,0,1,1,0,0,0,0
"POINT (8.540692084000000 49.442461168000001)",Unfall 26997 (2016) Kat:3, Licht: 0,26997,3,6,2,04,06,2,,0,0,1,0,0,0,0
"POINT (8.464230731000001 49.480776634999998)",Unfall 27008 (2016) Kat:3, Licht: 1,27008,3,6,3,04,06,7,,1,0,1,0,0,0,0
"POINT (8.539338396000000 49.461001293999999)",Unfall 27022 (2016) Kat:3, Licht: 0,27022,3,6,2,03,09,5,,0,0,1,0,0,1,0
"POINT (8.480847688000001 49.522114551000001)",Unfall 27068 (2016) Kat:3, Licht: 2,27068,3,2,4,04,05,6,,2,1,1,0,0,0,0
"POINT (8.461733096000000 49.504514352999998)",Unfall 27115 (2016) Kat:3, Licht: 0,27115,3,6,1,04,16,7,,0,0,1,0,0,0,0
"POINT (8.480461447000000 49.489512566999998)",Unfall 27127 (2016) Kat:3, Licht: 0,27127,3,6,2,03,17,3,,0,0,1,0,0,0,0
"POINT (8.531853900000000 49.427590905000002)",Unfall 27145 (2016) Kat:2, Licht: 2,27145,2,1,4,03,21,3,,2,0,1,0,1,0,0
"POINT (8.528452584000000 49.431974097000001)",Unfall 27161 (2016) Kat:2, Licht: 0,27161,2,4,6,03,16,3,,0,0,1,1,0,0,0
"POINT (8.468575136000000 49.478620135000000)",Unfall 27207 (2016) Kat:3, Licht: 2,27207,3,6,2,04,00,7,,2,0,1,0,1,0,0
"POINT (8.473609151000000 49.483220064000001)",Unfall 27280 (2016) Kat:3, Licht: 0,27280,3,4,6,04,15,4,,0,0,0,1,0,0,1
"POINT (8.492989628000000 49.457759439999997)",Unfall 27361 (2016) Kat:3, Licht: 0,27361,3,1,0,04,09,6,,0,0,0,0,1,0,0
"POINT (8.467658110000000 49.508842741000002)",Unfall 27405 (2016) Kat:3, Licht: 0,27405,3,6,1,04,14,6,,0,0,1,0,0,0,1
"POINT (8.485831339000001 49.495343621000004)",Unfall 27444 (2016) Kat:3, Licht: 0,27444,3,6,2,04,17,4,,0,0,1,0,0,0,0
"POINT (8.526818311000000 49.434065779999997)",Unfall 27452 (2016) Kat:3, Licht: 0,27452,3,6,1,04,18,2,,0,0,1,0,1,0,0
"POINT (8.484294852000000 49.471680628999998)",Unfall 27488 (2016) Kat:3, Licht: 0,27488,3,6,2,04,18,6,,0,0,1,0,0,0,0
"POINT (8.490838684000000 49.460536490000003)",Unfall 27528 (2016) Kat:3, Licht: 0,27528,3,6,1,04,13,7,,0,0,1,0,0,0,0
"POINT (8.495047668000000 49.453537804000000)",Unfall 27666 (2016) Kat:3, Licht: 0,27666,3,1,9,04,13,4,,0,0,1,1,0,0,0
"POINT (8.526065099000000 49.481361622999998)",Unfall 27752 (2016) Kat:3, Licht: 0,27752,3,6,1,04,07,3,,0,0,1,0,0,0,0
"POINT (8.481060053000000 49.532982251000000)",Unfall 27838 (2016) Kat:3, Licht: 2,27838,3,3,5,04,22,3,,2,1,1,0,0,0,0
"POINT (8.509484044000001 49.445929046000003)",Unfall 27892 (2016) Kat:3, Licht: 1,27892,3,6,2,04,18,4,,1,0,1,0,0,0,0
"POINT (8.512823724000000 49.449694944999997)",Unfall 27943 (2016) Kat:3, Licht: 0,27943,3,6,2,04,09,3,,0,0,1,0,0,1,0
"POINT (8.461744076000000 49.504522371000000)",Unfall 28003 (2016) Kat:3, Licht: 0,28003,3,6,2,04,16,5,,0,0,1,0,0,0,0
"POINT (8.500164969000000 49.474321781999997)",Unfall 28215 (2016) Kat:3, Licht: 0,28215,3,6,2,04,14,7,,0,0,1,0,0,0,0
"POINT (8.541859197999999 49.454409910000003)",Unfall 28258 (2016) Kat:3, Licht: 0,28258,3,1,9,04,07,7,,0,0,1,0,0,0,0
"POINT (8.502670528000000 49.523308888999999)",Unfall 28312 (2016) Kat:2, Licht: 0,28312,2,3,5,04,08,3,,0,1,1,0,0,0,0
"POINT (8.512925945999999 49.449112151000001)",Unfall 28355 (2016) Kat:3, Licht: 0,28355,3,6,3,04,10,5,,0,0,1,0,0,1,0
"POINT (8.494056967000001 49.455688563000002)",Unfall 28420 (2016) Kat:3, Licht: 0,28420,3,7,6,04,07,4,,0,1,0,1,0,0,0
"POINT (8.459450822999999 49.482673280000000)",Unfall 28500 (2016) Kat:3, Licht: 0,28500,3,6,5,04,16,5,,0,1,0,0,0,0,0
"POINT (8.574475933000000 49.448298553000001)",Unfall 28556 (2016) Kat:3, Licht: 0,28556,3,6,2,04,08,5,,0,0,1,0,0,0,0
"POINT (8.470650227000000 49.481369682999997)",Unfall 28625 (2016) Kat:3, Licht: 0,28625,3,6,1,04,12,6,,0,0,1,0,0,0,0
"POINT (8.513835436999999 49.462132339999997)",Unfall 28638 (2016) Kat:3, Licht: 0,28638,3,1,3,04,17,5,,0,0,1,0,0,0,0
"POINT (8.485933693000000 49.466427721000002)",Unfall 28677 (2016) Kat:3, Licht: 1,28677,3,7,3,04,18,7,,1,0,1,0,0,0,1
"POINT (8.459200337000000 49.492280460000003)",Unfall 28732 (2016) Kat:2, Licht: 0,28732,2,6,3,04,10,3,,0,0,0,0,1,0,1
"POINT (8.494533127000000 49.454948162999997)",Unfall 28733 (2016) Kat:3, Licht: 0,28733,3,6,2,04,14,3,,0,0,1,0,0,0,0
"POINT (8.517623570000000 49.488134975999998)",Unfall 28800 (2016) Kat:3, Licht: 0,28800,3,6,3,04,08,5,,0,0,1,0,0,0,0
"POINT (8.512624982000000 49.449733471000002)",Unfall 28819 (2016) Kat:3, Licht: 0,28819,3,6,2,05,17,4,,0,0,1,0,0,0,0
"POINT (8.546081492000001 49.458738951999997)",Unfall 28892 (2016) Kat:3, Licht: 0,28892,3,6,2,05,15,3,,0,0,1,0,0,0,0
"POINT (8.515124112000001 49.463752155000002)",Unfall 28936 (2016) Kat:3, Licht: 0,28936,3,6,1,05,18,4,,0,0,1,0,0,0,0
"POINT (8.490895090000000 49.554649847999997)",Unfall 29007 (2016) Kat:3, Licht: 2,29007,3,7,7,05,01,3,,2,0,1,0,0,0,0
"POINT (8.512675574999999 49.448103173000000)",Unfall 29065 (2016) Kat:3, Licht: 0,29065,3,6,2,05,17,3,,0,0,1,0,0,0,0
"POINT (8.541405741000000 49.445472477999999)",Unfall 29183 (2016) Kat:3, Licht: 0,29183,3,6,2,05,17,1,,0,0,1,0,0,0,0
"POINT (8.531348498000000 49.506511627999998)",Unfall 29201 (2016) Kat:2, Licht: 0,29201,2,6,2,05,14,7,,0,0,1,0,1,0,0
"POINT (8.524986893000000 49.436433319000002)",Unfall 29211 (2016) Kat:3, Licht: 0,29211,3,6,2,05,10,6,,0,0,1,0,0,0,0
"POINT (8.545148689000000 49.473799835000001)",Unfall 29447 (2016) Kat:3, Licht: 1,29447,3,6,2,05,20,3,,1,0,1,0,1,0,0
"POINT (8.457060374999999 49.545180498999997)",Unfall 29463 (2016) Kat:2, Licht: 2,29463,2,3,5,05,04,6,,2,0,1,0,0,0,0
"POINT (8.540980283000000 49.444569225999999)",Unfall 29492 (2016) Kat:3, Licht: 0,29492,3,6,2,05,09,7,,0,0,1,0,0,0,1
"POINT (8.476017409000001 49.486380744000002)",Unfall 29494 (2016) Kat:3, Licht: 0,29494,3,6,2,05,09,5,,0,0,1,0,0,0,0
"POINT (8.487020813000001 49.474733655000001)",Unfall 29504 (2016) Kat:2, Licht: 0,29504,2,6,1,05,16,3,,0,0,1,0,0,0,0
"POINT (8.455843309000001 49.486297393999997)",Unfall 29523 (2016) Kat:3, Licht: 0,29523,3,6,2,05,12,3,,0,0,1,0,0,0,0
"POINT (8.450070863000001 49.549555024000000)",Unfall 29559 (2016) Kat:2, Licht: 0,29559,2,6,2,05,14,4,,0,0,1,0,0,0,0
"POINT (8.488464775000001 49.463386606000000)",Unfall 29601 (2016) Kat:3, Licht: 0,29601,3,3,5,05,17,3,,0,0,1,0,0,0,0
"POINT (8.459958234000000 49.492967833999998)",Unfall 29621 (2016) Kat:1, Licht: 2,29621,1,4,6,05,00,1,,2,0,1,1,0,0,0
"POINT (8.505906112000000 49.506923481999998)",Unfall 29639 (2016) Kat:2, Licht: 0,29639,2,2,5,05,18,7,,0,1,1,0,0,0,0
"POINT (8.504032876000000 49.448524571999997)",Unfall 29651 (2016) Kat:3, Licht: 0,29651,3,6,2,05,12,2,,0,0,1,0,0,0,0
"POINT (8.476537620000000 49.487704168000000)",Unfall 29657 (2016) Kat:3, Licht: 0,29657,3,6,1,05,15,3,,0,0,1,0,0,0,0
"POINT (8.537293067000000 49.497040157999997)",Unfall 29669 (2016) Kat:3, Licht: 0,29669,3,6,2,05,18,2,,0,0,1,0,0,0,0
"POINT (8.578213411000000 49.458926939999998)",Unfall 29674 (2016) Kat:3, Licht: 0,29674,3,6,1,05,18,3,,0,0,1,0,0,0,0
"POINT (8.508365500000000 49.471203416999998)",Unfall 29705 (2016) Kat:2, Licht: 0,29705,2,6,1,05,11,2,,0,0,1,0,0,0,0
"POINT (8.478601959000001 49.487788971000001)",Unfall 29727 (2016) Kat:2, Licht: 0,29727,2,3,5,05,20,3,,0,1,1,0,0,0,0
"POINT (8.484206486000000 49.471140984000002)",Unfall 29846 (2016) Kat:3, Licht: 0,29846,3,7,3,05,14,6,,0,0,1,0,0,0,1
"POINT (8.567844572000000 49.450771916999997)",Unfall 29928 (2016) Kat:2, Licht: 0,29928,2,6,2,05,14,7,,0,0,1,0,0,0,0
"POINT (8.565297390000000 49.465007034999999)",Unfall 29937 (2016) Kat:2, Licht: 0,29937,2,6,3,05,16,7,,0,0,1,0,1,0,0
"POINT (8.546123035000001 49.458723495000001)",Unfall 29944 (2016) Kat:3, Licht: 0,29944,3,6,2,05,17,5,,0,0,1,0,0,0,0
"POINT (8.477048995000001 49.474360953999998)",Unfall 29983 (2016) Kat:2, Licht: 0,29983,2,3,5,05,06,6,,0,0,0,0,1,0,1
"POINT (8.495522803000000 49.453041226000003)",Unfall 29993 (2016) Kat:3, Licht: 2,29993,3,1,8,05,03,2,,2,0,1,0,0,0,0
"POINT (8.461522011000000 49.485065714999998)",Unfall 30033 (2016) Kat:3, Licht: 0,30033,3,6,2,05,19,4,,0,0,1,0,0,0,0
"POINT (8.523985238000000 49.437722247000004)",Unfall 30126 (2016) Kat:3, Licht: 0,30126,3,4,6,05,15,5,,0,0,1,1,0,0,0
"POINT (8.488134222999999 49.463582750000000)",Unfall 30143 (2016) Kat:3, Licht: 0,30143,3,2,5,05,10,6,,0,1,1,0,0,0,0
"POINT (8.461844344999999 49.494684493000001)",Unfall 30191 (2016) Kat:2, Licht: 0,30191,2,3,5,05,17,3,,0,1,0,0,0,1,0
"POINT (8.483993495000000 49.468517734999999)",Unfall 30253 (2016) Kat:3, Licht: 0,30253,3,3,5,05,09,2,,0,1,1,0,0,0,0
"POINT (8.560101194000000 49.463714703000001)",Unfall 30395 (2016) Kat:3, Licht: 0,30395,3,3,5,05,15,5,,0,1,1,0,0,0,0
"POINT (8.488608449999999 49.498245947999997)",Unfall 30521 (2016) Kat:3, Licht: 0,30521,3,3,5,05,13,3,,0,0,1,0,0,0,0
"POINT (8.464739234000000 49.506756907000003)",Unfall 30539 (2016) Kat:3, Licht: 0,30539,3,6,3,05,07,2,,0,0,1,0,0,1,0
"POINT (8.540466563000001 49.457842958999997)",Unfall 30556 (2016) Kat:3, Licht: 0,30556,3,1,9,05,06,1,,0,0,1,0,0,0,0
"POINT (8.476585736000001 49.474373063999998)",Unfall 30706 (2016) Kat:2, Licht: 0,30706,2,6,1,06,16,4,,0,0,1,0,1,0,0
"POINT (8.545622922000000 49.481764900999998)",Unfall 30716 (2016) Kat:3, Licht: 0,30716,3,6,3,06,07,6,,0,0,1,0,0,1,0
"POINT (8.476018034000001 49.486382288999998)",Unfall 30723 (2016) Kat:3, Licht: 0,30723,3,6,2,06,09,7,,0,0,1,0,0,0,0
"POINT (8.475754874000000 49.486333991999999)",Unfall 30788 (2016) Kat:3, Licht: 0,30788,3,5,3,06,19,2,,0,1,1,0,0,0,0
"POINT (8.535996868000000 49.433409957000002)",Unfall 30884 (2016) Kat:2, Licht: 2,30884,2,6,2,06,23,4,,2,0,0,0,1,1,0
"POINT (8.471009790000000 49.481221138000002)",Unfall 30901 (2016) Kat:3, Licht: 0,30901,3,6,1,06,18,4,,0,0,1,0,0,0,0
"POINT (8.490627169000000 49.460779506000002)",Unfall 30993 (2016) Kat:3, Licht: 0,30993,3,2,5,06,13,4,,0,1,0,0,0,1,0
"POINT (8.524261932000000 49.465870608000003)",Unfall 31002 (2016) Kat:3, Licht: 0,31002,3,6,2,06,08,6,,0,0,1,0,0,0,0
"POINT (8.475932809000000 49.487531842999999)",Unfall 31008 (2016) Kat:3, Licht: 0,31008,3,2,5,06,19,7,,0,1,1,0,0,0,0
"POINT (8.517090296999999 49.516741174000003)",Unfall 31055 (2016) Kat:3, Licht: 2,31055,3,1,9,06,23,4,,2,0,1,0,0,0,0
"POINT (8.537590727000000 49.419338089999997)",Unfall 31061 (2016) Kat:3, Licht: 1,31061,3,1,8,06,21,4,,1,0,1,0,0,0,0
"POINT (8.500167243000000 49.474320884999997)",Unfall 31082 (2016) Kat:3, Licht: 0,31082,3,6,1,06,18,4,,0,0,1,0,0,0,0
"POINT (8.528890774000001 49.510057123999999)",Unfall 31086 (2016) Kat:2, Licht: 0,31086,2,6,3,06,15,4,,0,0,1,0,1,0,0
"POINT (8.480609151000000 49.522257347000000)",Unfall 31159 (2016) Kat:3, Licht: 0,31159,3,6,2,06,14,5,,0,0,1,0,0,0,0
"POINT (8.505026912000000 49.489224710999999)",Unfall 31265 (2016) Kat:3, Licht: 0,31265,3,6,1,06,17,5,,0,0,1,0,0,0,0
"POINT (8.543566557000000 49.477192856999999)",Unfall 31312 (2016) Kat:3, Licht: 1,31312,3,1,8,06,21,6,,1,0,1,0,0,0,0
"POINT (8.460545481000001 49.495253701999999)",Unfall 31431 (2016) Kat:3, Licht: 0,31431,3,3,1,06,16,3,,0,1,1,0,1,0,0
"POINT (8.481600024000001 49.523738393000002)",Unfall 31462 (2016) Kat:3, Licht: 0,31462,3,1,2,06,14,6,,0,0,0,0,1,0,1
"POINT (8.460541493999999 49.503808501000002)",Unfall 31482 (2016) Kat:3, Licht: 0,31482,3,6,1,06,16,5,,0,0,1,0,0,0,0
"POINT (8.541212890000001 49.456115210000000)",Unfall 31500 (2016) Kat:2, Licht: 2,31500,2,1,9,06,21,1,,2,0,1,0,0,0,1
"POINT (8.490786185999999 49.554646687999998)",Unfall 31525 (2016) Kat:3, Licht: 0,31525,3,6,2,06,17,4,,0,0,1,0,0,0,0
"POINT (8.543575848000000 49.477220443999997)",Unfall 31526 (2016) Kat:3, Licht: 1,31526,3,6,3,06,21,6,,1,0,1,0,0,0,1
"POINT (8.479444016000000 49.519121431000002)",Unfall 31582 (2016) Kat:3, Licht: 0,31582,3,6,3,06,13,5,,0,0,1,0,0,0,1
"POINT (8.511081832000000 49.518482898000002)",Unfall 31645 (2016) Kat:3, Licht: 2,31645,3,3,4,06,00,3,,2,0,1,0,0,0,0
"POINT (8.522731943000000 49.473603687000001)",Unfall 31814 (2016) Kat:3, Licht: 0,31814,3,6,2,06,17,2,,0,0,1,0,0,0,0
"POINT (8.562487908000000 49.467350678999999)",Unfall 32062 (2016) Kat:3, Licht: 0,32062,3,5,3,06,18,4,,0,0,1,0,1,0,0
"POINT (8.539352278999999 49.463641168000002)",Unfall 32154 (2016) Kat:3, Licht: 0,32154,3,6,2,06,15,6,,0,0,1,0,0,1,0
"POINT (8.525827573999999 49.435345980999998)",Unfall 32157 (2016) Kat:3, Licht: 0,32157,3,2,6,06,13,2,,0,0,1,1,0,0,0
"POINT (8.553060925000001 49.492171775999999)",Unfall 32191 (2016) Kat:3, Licht: 0,32191,3,6,2,06,15,5,,0,0,1,0,0,0,0
"POINT (8.522198950000000 49.508762169000001)",Unfall 32206 (2016) Kat:3, Licht: 0,32206,3,6,2,06,07,4,,0,0,1,0,1,0,0
"POINT (8.477341315000000 49.517374975000003)",Unfall 32241 (2016) Kat:3, Licht: 0,32241,3,3,5,06,17,7,,0,1,1,0,0,0,0
"POINT (8.509261204000000 49.446222873000004)",Unfall 32365 (2016) Kat:3, Licht: 0,32365,3,6,2,06,14,2,,0,0,1,0,0,0,0
"POINT (8.491659088000001 49.477591109000002)",Unfall 32389 (2016) Kat:3, Licht: 0,32389,3,3,5,06,11,1,,0,0,1,0,0,0,0
"POINT (8.491773534000000 49.459262344999999)",Unfall 32414 (2016) Kat:3, Licht: 0,32414,3,7,1,06,14,3,,0,1,1,0,0,0,0
"POINT (8.545765410000000 49.482277867000001)",Unfall 32458 (2016) Kat:3, Licht: 0,32458,3,1,9,06,13,2,,0,0,1,0,0,0,0
"POINT (8.465223557000000 49.540124683000002)",Unfall 32526 (2016) Kat:3, Licht: 2,32526,3,1,8,06,21,3,,2,0,1,0,0,0,0
"POINT (8.477140508000000 49.474309110999997)",Unfall 32528 (2016) Kat:3, Licht: 0,32528,3,6,1,06,17,2,,0,0,1,0,0,0,0
"POINT (8.490131546000001 49.554627695999997)",Unfall 32551 (2016) Kat:3, Licht: 0,32551,3,6,2,07,17,6,,0,0,1,0,0,0,0
"POINT (8.520477103999999 49.507800082000003)",Unfall 32594 (2016) Kat:2, Licht: 2,32594,2,1,8,07,22,6,,2,0,0,0,1,0,0
"POINT (8.563524554000001 49.466789433000002)",Unfall 32601 (2016) Kat:2, Licht: 1,32601,2,1,0,06,21,5,,1,0,0,0,1,0,0
"POINT (8.480175127000001 49.520321957000000)",Unfall 32619 (2016) Kat:3, Licht: 0,32619,3,6,2,06,14,5,,0,0,1,0,0,0,1
"POINT (8.563726179000000 49.466670761000003)",Unfall 32623 (2016) Kat:3, Licht: 0,32623,3,7,0,07,14,1,,0,1,0,0,0,0,0
"POINT (8.488307302000001 49.463588938999997)",Unfall 32781 (2016) Kat:3, Licht: 0,32781,3,6,2,06,11,5,,0,0,1,0,0,0,0
"POINT (8.523883390000000 49.476361064999999)",Unfall 32851 (2016) Kat:2, Licht: 0,32851,2,6,2,07,09,3,,0,0,1,0,0,0,0
"POINT (8.453320298000000 49.553604274000001)",Unfall 32866 (2016) Kat:1, Licht: 0,32866,1,6,2,07,07,3,,0,0,1,0,0,1,0
"POINT (8.569383910000001 49.448749806000002)",Unfall 32902 (2016) Kat:3, Licht: 0,32902,3,6,3,07,13,5,,0,0,1,0,0,0,0
"POINT (8.492323984000000 49.500276077999999)",Unfall 33062 (2016) Kat:3, Licht: 0,33062,3,6,1,07,15,2,,0,0,1,0,0,0,0
"POINT (8.452091061999999 49.553567084999997)",Unfall 33078 (2016) Kat:1, Licht: 0,33078,1,6,2,07,15,2,,0,0,1,0,0,1,0
"POINT (8.491594399000000 49.477749385999999)",Unfall 33081 (2016) Kat:2, Licht: 0,33081,2,2,5,07,10,4,,0,0,1,0,0,0,0
"POINT (8.430258680000000 49.552390262000003)",Unfall 33110 (2016) Kat:2, Licht: 0,33110,2,7,8,07,17,2,,0,0,1,0,0,0,0
"POINT (8.457614876999999 49.553616022000000)",Unfall 33136 (2016) Kat:3, Licht: 0,33136,3,6,2,07,08,3,,0,0,1,0,0,0,0
"POINT (8.476213081999999 49.487602332000002)",Unfall 33214 (2016) Kat:2, Licht: 0,33214,2,6,0,07,18,3,,0,0,1,0,1,0,0
"POINT (8.487117223000000 49.475064285999999)",Unfall 33276 (2016) Kat:3, Licht: 0,33276,3,2,5,07,10,3,,0,0,1,0,0,0,0
"POINT (8.458659509000000 49.491871744999997)",Unfall 33350 (2016) Kat:3, Licht: 0,33350,3,6,2,07,14,3,,0,0,1,0,0,0,0
"POINT (8.481089786000000 49.538853224999997)",Unfall 33431 (2016) Kat:3, Licht: 1,33431,3,6,4,07,19,3,,1,1,1,0,0,0,0
"POINT (8.489473642000000 49.498799093000002)",Unfall 33499 (2016) Kat:3, Licht: 0,33499,3,6,2,07,08,3,,0,0,1,0,0,0,0
"POINT (8.447844908000000 49.581388810000000)",Unfall 33508 (2016) Kat:3, Licht: 0,33508,3,3,5,07,07,1,,0,0,1,0,0,0,0
"POINT (8.488198709000001 49.497604643999999)",Unfall 33609 (2016) Kat:3, Licht: 0,33609,3,3,5,07,07,3,,0,1,1,0,0,0,0
"POINT (8.460456276000000 49.495371798999997)",Unfall 33753 (2016) Kat:3, Licht: 0,33753,3,6,2,07,09,2,,0,0,1,0,0,0,0
"POINT (8.549768609999999 49.457477451999999)",Unfall 33754 (2016) Kat:3, Licht: 0,33754,3,6,2,07,15,5,,0,0,1,0,0,0,0
"POINT (8.509213573000000 49.519395052000000)",Unfall 33776 (2016) Kat:3, Licht: 0,33776,3,6,2,07,07,3,,0,0,1,0,0,0,0
"POINT (8.487958012000000 49.494594536000001)",Unfall 33818 (2016) Kat:3, Licht: 0,33818,3,6,2,07,16,7,,0,0,1,0,0,0,0
"POINT (8.474080089999999 49.483714798999998)",Unfall 33855 (2016) Kat:3, Licht: 0,33855,3,6,1,07,20,3,,0,0,1,0,0,0,0
"POINT (8.487065115000000 49.496317361000003)",Unfall 33858 (2016) Kat:3, Licht: 2,33858,3,2,5,07,00,5,,2,0,1,0,0,0,0
"POINT (8.496902905000001 49.502835028000000)",Unfall 33918 (2016) Kat:3, Licht: 0,33918,3,6,4,07,16,2,,0,1,0,0,0,0,0
"POINT (8.484309278000000 49.472117011000002)",Unfall 33945 (2016) Kat:3, Licht: 2,33945,3,1,9,07,22,1,,2,0,0,0,1,0,0
"POINT (8.491333234000001 49.459988496000001)",Unfall 33974 (2016) Kat:3, Licht: 0,33974,3,6,2,07,14,5,,0,0,1,0,0,0,0
"POINT (8.523103935000000 49.481441654000001)",Unfall 33985 (2016) Kat:2, Licht: 0,33985,2,1,9,07,18,1,,0,0,1,0,0,0,0
"POINT (8.499987381000000 49.524403517000003)",Unfall 34050 (2016) Kat:2, Licht: 0,34050,2,3,5,07,20,4,,0,1,1,0,0,0,0
"POINT (8.462885957999999 49.484423431000003)",Unfall 34061 (2016) Kat:3, Licht: 0,34061,3,6,2,07,08,5,,0,0,1,0,0,0,0
"POINT (8.466384661999999 49.483153434999998)",Unfall 34159 (2016) Kat:3, Licht: 0,34159,3,6,2,07,15,5,,0,0,1,0,0,0,0
"POINT (8.506954640000000 49.447307803999998)",Unfall 34247 (2016) Kat:3, Licht: 0,34247,3,6,2,07,20,5,,0,0,1,0,0,0,0
"POINT (8.491791117000000 49.459240653000002)",Unfall 34296 (2016) Kat:3, Licht: 0,34296,3,1,1,07,17,2,,0,0,1,0,0,0,0
"POINT (8.569968153000000 49.455223406000002)",Unfall 34362 (2016) Kat:3, Licht: 0,34362,3,3,5,07,08,3,,0,1,1,0,0,0,0
"POINT (8.524962941000000 49.436464295999997)",Unfall 34365 (2016) Kat:3, Licht: 0,34365,3,6,2,07,15,5,,0,0,0,0,0,0,1
"POINT (8.470269500000001 49.481527276000001)",Unfall 34449 (2016) Kat:3, Licht: 0,34449,3,6,2,07,11,1,,0,0,1,0,0,0,0
"POINT (8.476865248999999 49.474158164999999)",Unfall 34544 (2016) Kat:3, Licht: 0,34544,3,6,3,07,13,6,,0,0,1,0,0,1,0
"POINT (8.474540627000000 49.484509567000003)",Unfall 34549 (2016) Kat:3, Licht: 0,34549,3,2,5,07,14,1,,0,0,1,0,0,0,1
"POINT (8.513724917999999 49.461992633999998)",Unfall 34600 (2016) Kat:3, Licht: 0,34600,3,1,9,08,17,2,,0,0,1,0,0,0,0
"POINT (8.511201547000001 49.488905441999997)",Unfall 34741 (2016) Kat:3, Licht: 0,34741,3,6,2,07,17,6,,0,0,1,0,0,0,0
"POINT (8.476016298999999 49.486377996000002)",Unfall 34832 (2016) Kat:3, Licht: 0,34832,3,6,2,07,16,6,,0,0,1,0,1,0,0
"POINT (8.457892459000000 49.481792151999997)",Unfall 34922 (2016) Kat:3, Licht: 1,34922,3,6,2,08,19,5,,1,0,1,0,0,0,0
"POINT (8.470858965000000 49.511136647999997)",Unfall 34971 (2016) Kat:3, Licht: 0,34971,3,2,5,08,13,4,,0,1,1,0,0,0,0
"POINT (8.539817555999999 49.474571421999997)",Unfall 35111 (2016) Kat:3, Licht: 0,35111,3,2,5,08,15,4,,0,0,1,0,0,0,0
"POINT (8.491859673000000 49.477909015999998)",Unfall 35303 (2016) Kat:3, Licht: 0,35303,3,7,5,08,19,6,,0,0,1,0,0,0,1
"POINT (8.541709744000000 49.460024228000002)",Unfall 35354 (2016) Kat:2, Licht: 0,35354,2,1,9,08,12,3,,0,0,0,0,0,1,0
"POINT (8.510077283999999 49.470682580999998)",Unfall 35425 (2016) Kat:3, Licht: 2,35425,3,6,2,08,00,7,,2,0,1,0,0,0,0
"POINT (8.471950505000001 49.481990195999998)",Unfall 35488 (2016) Kat:3, Licht: 0,35488,3,6,3,08,16,2,,0,0,0,0,1,1,0
"POINT (8.492563553000000 49.490096371999996)",Unfall 35586 (2016) Kat:3, Licht: 0,35586,3,6,2,08,11,4,,0,0,1,0,0,0,0
"POINT (8.511596483000000 49.444938024000002)",Unfall 35681 (2016) Kat:3, Licht: 2,35681,3,6,3,08,00,1,,2,0,1,0,0,0,0
"POINT (8.523055498000000 49.439207064999998)",Unfall 35688 (2016) Kat:2, Licht: 0,35688,2,6,3,08,16,6,,0,0,1,0,0,0,0
"POINT (8.476577648999999 49.474377220000001)",Unfall 35712 (2016) Kat:3, Licht: 0,35712,3,6,2,08,11,6,,0,0,1,0,0,1,0
"POINT (8.511665987000001 49.444903820999997)",Unfall 35758 (2016) Kat:2, Licht: 0,35758,2,2,5,08,08,2,,0,0,0,0,0,1,1
"POINT (8.546684445000000 49.518495532999999)",Unfall 35841 (2016) Kat:3, Licht: 0,35841,3,6,2,08,18,2,,0,0,1,0,0,0,0
"POINT (8.541947403000000 49.471964180000001)",Unfall 35856 (2016) Kat:3, Licht: 0,35856,3,6,3,08,16,2,,0,0,1,0,0,1,0
"POINT (8.565977773000000 49.431808293000003)",Unfall 35996 (2016) Kat:2, Licht: 2,35996,2,1,8,08,00,2,,2,0,0,0,1,0,0
"POINT (8.484194472000000 49.530613334000002)",Unfall 36075 (2016) Kat:3, Licht: 0,36075,3,6,3,08,07,6,,0,0,1,0,0,0,0
"POINT (8.541175495999999 49.444567481999997)",Unfall 36096 (2016) Kat:3, Licht: 0,36096,3,6,2,08,14,6,,0,0,1,0,0,0,0
"POINT (8.458173616000000 49.486682819999999)",Unfall 36159 (2016) Kat:3, Licht: 2,36159,3,6,0,08,05,3,,2,1,0,0,0,0,1
"POINT (8.560744950000000 49.503622642000003)",Unfall 36164 (2016) Kat:3, Licht: 0,36164,3,6,3,08,13,4,,0,0,1,0,0,0,0
"POINT (8.468784147999999 49.509647506999997)",Unfall 36171 (2016) Kat:3, Licht: 0,36171,3,2,3,08,15,3,,0,1,0,0,0,1,0
"POINT (8.457287085999999 49.481640790999997)",Unfall 36198 (2016) Kat:3, Licht: 0,36198,3,6,3,08,08,3,,0,0,1,0,0,1,0
"POINT (8.488922597000000 49.528855022000002)",Unfall 36210 (2016) Kat:2, Licht: 0,36210,2,3,5,08,18,3,,0,1,1,0,0,0,0
"POINT (8.448838684000000 49.553464042000002)",Unfall 36288 (2016) Kat:3, Licht: 0,36288,3,6,2,08,15,6,,0,0,1,0,0,0,0
"POINT (8.444619103999999 49.559972084999998)",Unfall 36348 (2016) Kat:3, Licht: 0,36348,3,3,5,08,13,2,,0,0,1,0,0,0,1
"POINT (8.487043944000000 49.496289019999999)",Unfall 36365 (2016) Kat:2, Licht: 2,36365,2,3,5,08,05,3,,2,0,1,0,0,0,0
"POINT (8.469254790000001 49.509985309000001)",Unfall 36377 (2016) Kat:3, Licht: 2,36377,3,5,1,08,23,4,,2,0,1,0,0,0,0
"POINT (8.532894130000001 49.426244118000000)",Unfall 36485 (2016) Kat:3, Licht: 0,36485,3,6,1,08,16,3,,0,0,1,0,0,0,0
"POINT (8.463755948999999 49.506052232000002)",Unfall 36497 (2016) Kat:3, Licht: 2,36497,3,6,3,08,23,4,,2,0,1,0,0,1,0
"POINT (8.460123831000001 49.493078633000003)",Unfall 36600 (2016) Kat:3, Licht: 0,36600,3,6,2,08,08,7,,0,0,1,0,0,0,0
"POINT (8.459189587999999 49.492269260000000)",Unfall 36697 (2016) Kat:3, Licht: 0,36697,3,6,1,09,15,7,,0,0,1,0,0,0,0
"POINT (8.479521238000000 49.475275363999998)",Unfall 36764 (2016) Kat:3, Licht: 0,36764,3,3,5,09,16,2,,0,1,1,0,0,0,0
"POINT (8.551611364999999 49.490426513999999)",Unfall 36818 (2016) Kat:3, Licht: 0,36818,3,3,5,09,12,5,,0,1,1,0,0,0,0
"POINT (8.481241848000000 49.531895159000001)",Unfall 36862 (2016) Kat:3, Licht: 2,36862,3,6,2,09,21,6,,2,0,1,0,1,0,0
"POINT (8.487129288000000 49.496404585000001)",Unfall 36964 (2016) Kat:3, Licht: 0,36964,3,4,6,09,14,5,,0,0,1,1,0,0,0
"POINT (8.577541631000001 49.441545625000003)",Unfall 36981 (2016) Kat:3, Licht: 0,36981,3,4,6,09,12,6,,0,0,0,1,0,0,1
"POINT (8.454949727000001 49.491650843999999)",Unfall 37038 (2016) Kat:3, Licht: 0,37038,3,1,0,09,20,5,,0,0,1,0,0,0,0
"POINT (8.484797199000001 49.494286391000003)",Unfall 37136 (2016) Kat:3, Licht: 0,37136,3,3,5,09,15,6,,0,0,1,0,0,0,0
"POINT (8.455883463999999 49.486849421000002)",Unfall 37196 (2016) Kat:3, Licht: 0,37196,3,6,2,09,17,5,,0,0,1,0,0,0,0
"POINT (8.519497467000001 49.516064946000000)",Unfall 37236 (2016) Kat:3, Licht: 2,37236,3,3,5,09,00,6,,2,0,1,0,1,0,0
"POINT (8.446330107000000 49.556909318999999)",Unfall 37293 (2016) Kat:3, Licht: 0,37293,3,1,0,09,09,6,,0,0,0,0,1,0,0
"POINT (8.479867085000000 49.472814782999997)",Unfall 37375 (2016) Kat:3, Licht: 0,37375,3,6,2,09,08,3,,0,0,1,0,0,0,0
"POINT (8.459443691000001 49.496980223999998)",Unfall 37394 (2016) Kat:3, Licht: 2,37394,3,6,4,09,06,2,,2,1,0,0,1,0,0
"POINT (8.480527415999999 49.489604827000001)",Unfall 37511 (2016) Kat:3, Licht: 0,37511,3,6,2,09,14,5,,0,0,1,0,0,0,0
"POINT (8.514232186999999 49.443885924000000)",Unfall 37615 (2016) Kat:3, Licht: 0,37615,3,6,3,09,06,3,,0,0,1,0,0,0,0
"POINT (8.482231443000000 49.491791464000002)",Unfall 37772 (2016) Kat:3, Licht: 0,37772,3,6,1,09,17,2,,0,0,1,0,0,0,0
"POINT (8.426325975999999 49.551472093000001)",Unfall 37863 (2016) Kat:3, Licht: 0,37863,3,6,2,09,16,5,,0,0,1,0,1,0,0
"POINT (8.461254336000000 49.493493162999997)",Unfall 37900 (2016) Kat:3, Licht: 0,37900,3,6,3,09,11,4,,0,0,1,0,0,1,0
"POINT (8.529882285999999 49.430141202000001)",Unfall 37922 (2016) Kat:3, Licht: 0,37922,3,5,3,09,15,3,,0,1,1,0,0,0,0
"POINT (8.549924260999999 49.488377061000001)",Unfall 37926 (2016) Kat:3, Licht: 0,37926,3,6,2,09,08,6,,0,0,1,0,0,0,0
"POINT (8.522749363999999 49.473643627999998)",Unfall 38051 (2016) Kat:3, Licht: 0,38051,3,6,2,09,16,2,,0,0,1,0,0,0,0
"POINT (8.460009033000000 49.503291998999998)",Unfall 38089 (2016) Kat:3, Licht: 0,38089,3,4,6,09,15,4,,0,0,0,1,1,0,0
"POINT (8.540861958000001 49.456951920000002)",Unfall 38092 (2016) Kat:3, Licht: 2,38092,3,6,3,09,01,1,,2,0,1,0,0,0,0
"POINT (8.509283331000001 49.477700226000003)",Unfall 38229 (2016) Kat:3, Licht: 0,38229,3,7,3,09,11,1,,0,0,1,0,0,0,0
"POINT (8.518073680000001 49.466992779000002)",Unfall 38267 (2016) Kat:3, Licht: 2,38267,3,6,3,09,18,3,,2,0,1,0,0,1,0
"POINT (8.554296843000000 49.521265260000000)",Unfall 38281 (2016) Kat:3, Licht: 0,38281,3,6,2,09,14,1,,0,0,1,0,0,0,0
"POINT (8.553496630000000 49.491836241000001)",Unfall 38357 (2016) Kat:2, Licht: 0,38357,2,6,2,09,16,4,,0,0,1,0,0,0,0
"POINT (8.467778578000001 49.508928822999998)",Unfall 38360 (2016) Kat:2, Licht: 1,38360,2,2,2,09,19,2,,1,0,1,0,0,0,0
"POINT (8.490232882999999 49.493524557000001)",Unfall 38476 (2016) Kat:2, Licht: 0,38476,2,1,0,09,17,4,,0,1,0,0,0,0,0
"POINT (8.490593932000000 49.460817818999999)",Unfall 38489 (2016) Kat:3, Licht: 0,38489,3,3,5,09,19,5,,0,1,1,0,0,0,0
"POINT (8.477104125000000 49.474330911000003)",Unfall 38545 (2016) Kat:3, Licht: 0,38545,3,6,2,09,07,3,,0,0,1,0,0,0,0
"POINT (8.563493162000000 49.466806581999997)",Unfall 38570 (2016) Kat:2, Licht: 0,38570,2,4,6,09,13,3,,0,0,1,1,0,0,0
"POINT (8.488183125000001 49.497585669999999)",Unfall 38635 (2016) Kat:3, Licht: 0,38635,3,3,5,09,16,7,,0,1,1,0,0,0,0
"POINT (8.476597178000001 49.516802347999999)",Unfall 38675 (2016) Kat:3, Licht: 0,38675,3,3,5,09,16,3,,0,0,1,0,0,0,0
"POINT (8.582080560000000 49.457597960000001)",Unfall 38691 (2016) Kat:3, Licht: 0,38691,3,1,4,09,18,7,,0,0,1,0,0,0,0
"POINT (8.492837811999999 49.458245683000001)",Unfall 38694 (2016) Kat:3, Licht: 0,38694,3,6,2,09,11,5,,0,0,1,0,0,0,0
"POINT (8.539537630000000 49.465217654000000)",Unfall 38773 (2016) Kat:2, Licht: 0,38773,2,6,1,10,09,1,,0,0,1,0,0,0,0
"POINT (8.488819839000000 49.498405145000000)",Unfall 38900 (2016) Kat:3, Licht: 0,38900,3,3,5,10,12,1,,0,0,1,0,0,0,1
"POINT (8.565879731000001 49.464411704000000)",Unfall 38962 (2016) Kat:3, Licht: 0,38962,3,6,1,10,14,4,,0,0,1,0,0,0,0
"POINT (8.541719371999999 49.454841797000000)",Unfall 38982 (2016) Kat:3, Licht: 0,38982,3,6,3,10,09,1,,0,0,1,0,0,0,0
"POINT (8.472363784000001 49.482393598000002)",Unfall 38987 (2016) Kat:3, Licht: 0,38987,3,6,2,10,11,3,,0,1,1,0,0,0,0
"POINT (8.505037713000000 49.522107446000000)",Unfall 39005 (2016) Kat:3, Licht: 1,39005,3,6,1,10,18,7,,1,0,1,0,0,0,0
"POINT (8.564170975000000 49.452025603000003)",Unfall 39096 (2016) Kat:3, Licht: 0,39096,3,6,2,10,18,1,,0,0,1,0,0,0,0
"POINT (8.455756787000000 49.487103916000002)",Unfall 39104 (2016) Kat:3, Licht: 0,39104,3,6,1,10,08,7,,0,0,1,0,0,0,1
"POINT (8.569274288000001 49.439614341999999)",Unfall 39112 (2016) Kat:3, Licht: 0,39112,3,2,2,10,17,1,,0,0,1,0,0,0,1
"POINT (8.538929934000000 49.452970798000003)",Unfall 39122 (2016) Kat:3, Licht: 0,39122,3,2,5,10,16,7,,0,0,1,0,0,0,0
"POINT (8.521821120000000 49.440540706000000)",Unfall 39165 (2016) Kat:2, Licht: 0,39165,2,1,8,10,07,6,,0,0,1,0,0,0,0
"POINT (8.480884490999999 49.522204570000000)",Unfall 39173 (2016) Kat:3, Licht: 0,39173,3,3,5,10,17,4,,0,0,1,0,1,0,0
"POINT (8.467625551999999 49.508819477000003)",Unfall 39370 (2016) Kat:3, Licht: 2,39370,3,6,1,10,19,5,,2,0,1,0,0,0,0
"POINT (8.485371029000000 49.466819455000000)",Unfall 39376 (2016) Kat:3, Licht: 0,39376,3,6,4,10,07,4,,0,1,0,0,0,0,0
"POINT (8.473651176000001 49.483264269999999)",Unfall 39397 (2016) Kat:2, Licht: 0,39397,2,4,6,10,08,5,,0,0,0,1,0,0,1
"POINT (8.531192234000001 49.479856380000001)",Unfall 39465 (2016) Kat:3, Licht: 0,39465,3,6,2,10,16,7,,0,0,1,0,0,0,0
"POINT (8.494839425000000 49.453892384000000)",Unfall 39518 (2016) Kat:3, Licht: 2,39518,3,2,5,10,06,3,,2,0,1,0,0,0,0
"POINT (8.522807853000000 49.477120096999997)",Unfall 39612 (2016) Kat:2, Licht: 2,39612,2,1,4,10,00,4,,2,0,1,0,1,0,0
"POINT (8.525897292000000 49.465192107999997)",Unfall 39648 (2016) Kat:3, Licht: 0,39648,3,6,2,10,17,2,,0,0,1,0,0,0,1
"POINT (8.524912027999999 49.436529806000003)",Unfall 39649 (2016) Kat:3, Licht: 2,39649,3,7,3,10,22,3,,2,0,1,0,0,0,0
"POINT (8.487555613000000 49.464499369000002)",Unfall 39709 (2016) Kat:3, Licht: 0,39709,3,5,1,10,09,3,,0,1,1,0,0,0,0
"POINT (8.525898548000001 49.435246945000003)",Unfall 39726 (2016) Kat:3, Licht: 0,39726,3,5,3,10,07,5,,0,1,1,0,0,0,0
"POINT (8.483776874000000 49.493260169999999)",Unfall 39733 (2016) Kat:3, Licht: 2,39733,3,4,6,10,07,4,,2,0,0,1,0,0,1
"POINT (8.548310680000000 49.485510423999997)",Unfall 39766 (2016) Kat:2, Licht: 0,39766,2,6,3,10,15,1,,0,0,1,0,0,0,0
"POINT (8.459146437999999 49.492349140999998)",Unfall 39830 (2016) Kat:3, Licht: 0,39830,3,6,3,10,09,5,,0,0,0,0,0,1,1
"POINT (8.468992005000001 49.482036684000001)",Unfall 39954 (2016) Kat:3, Licht: 0,39954,3,6,2,10,12,7,,0,0,1,0,0,0,0
"POINT (8.543093428000001 49.426756924000003)",Unfall 39962 (2016) Kat:2, Licht: 1,39962,2,6,2,10,07,5,,1,0,1,0,0,1,0
"POINT (8.488886072000000 49.498444464999999)",Unfall 40051 (2016) Kat:2, Licht: 2,40051,2,2,5,10,01,1,,2,0,1,0,0,0,0
"POINT (8.540013225999999 49.460532935000003)",Unfall 40068 (2016) Kat:3, Licht: 0,40068,3,6,2,10,07,5,,0,0,1,0,0,0,0
"POINT (8.488846457999999 49.498264951000003)",Unfall 40120 (2016) Kat:3, Licht: 0,40120,3,6,1,10,13,4,,0,0,1,0,0,0,0
"POINT (8.487923267999999 49.494589376000000)",Unfall 40128 (2016) Kat:3, Licht: 0,40128,3,2,5,10,15,6,,0,0,1,0,0,0,1
"POINT (8.457051697000001 49.545185805000003)",Unfall 40232 (2016) Kat:3, Licht: 0,40232,3,6,2,10,13,4,,0,0,1,0,0,1,0
"POINT (8.486572932000000 49.465471170999997)",Unfall 40270 (2016) Kat:3, Licht: 0,40270,3,6,4,10,17,4,,0,1,1,0,0,0,0
"POINT (8.470831978000000 49.511117280000001)",Unfall 40364 (2016) Kat:3, Licht: 0,40364,3,3,5,10,12,5,,0,1,1,0,0,0,0
"POINT (8.539743551000001 49.460769370999998)",Unfall 40420 (2016) Kat:2, Licht: 0,40420,2,6,2,10,12,2,,0,0,1,0,0,0,0
"POINT (8.551000711000000 49.491703186000002)",Unfall 40449 (2016) Kat:2, Licht: 0,40449,2,6,2,10,13,7,,0,0,1,0,0,0,0
"POINT (8.455818623000001 49.491569978999998)",Unfall 40460 (2016) Kat:2, Licht: 0,40460,2,1,9,10,14,1,,0,0,0,0,1,0,0
"POINT (8.488861908000001 49.462896690000001)",Unfall 40503 (2016) Kat:2, Licht: 2,40503,2,5,1,11,19,4,,2,1,1,0,0,0,0
"POINT (8.560620883000000 49.502779255999997)",Unfall 40523 (2016) Kat:2, Licht: 0,40523,2,6,3,10,11,2,,0,0,1,0,0,0,1
"POINT (8.567591606000001 49.434778727000001)",Unfall 40598 (2016) Kat:3, Licht: 0,40598,3,3,5,10,11,1,,0,1,1,0,0,0,0
"POINT (8.444815639000000 49.559819910999998)",Unfall 40626 (2016) Kat:3, Licht: 0,40626,3,6,1,10,12,2,,0,0,1,0,1,0,0
"POINT (8.523333708999999 49.439095879000000)",Unfall 40691 (2016) Kat:2, Licht: 2,40691,2,3,5,10,18,2,,2,0,1,1,0,0,0
"POINT (8.519864007000001 49.467427233999999)",Unfall 40701 (2016) Kat:3, Licht: 0,40701,3,6,2,11,11,4,,0,0,1,0,0,0,0
"POINT (8.458568950000000 49.491560731000000)",Unfall 40706 (2016) Kat:2, Licht: 2,40706,2,1,9,11,03,4,,2,0,1,0,0,0,0
"POINT (8.532203114000000 49.463542978000000)",Unfall 40721 (2016) Kat:3, Licht: 0,40721,3,6,3,10,09,2,,0,0,1,0,0,1,0
"POINT (8.576215376000000 49.446827566000003)",Unfall 40762 (2016) Kat:2, Licht: 1,40762,2,1,9,11,06,4,,1,0,1,0,0,0,0
"POINT (8.470886582000000 49.481271849999999)",Unfall 40811 (2016) Kat:3, Licht: 0,40811,3,6,3,11,08,3,,0,0,1,0,0,1,0
"POINT (8.492363633000000 49.490172706999999)",Unfall 40892 (2016) Kat:2, Licht: 0,40892,2,6,2,11,11,3,,0,0,1,0,1,0,0
"POINT (8.571231524000000 49.450895166999999)",Unfall 40896 (2016) Kat:3, Licht: 0,40896,3,6,1,11,09,5,,0,0,1,0,0,0,0
"POINT (8.559958054000001 49.453587114000001)",Unfall 40975 (2016) Kat:3, Licht: 2,40975,3,6,2,11,17,6,,2,0,1,0,0,0,0
"POINT (8.540277272999999 49.468078919000000)",Unfall 41000 (2016) Kat:3, Licht: 2,41000,3,6,2,11,19,5,,2,0,1,0,0,0,0
"POINT (8.513847242000001 49.462147262000002)",Unfall 41050 (2016) Kat:3, Licht: 0,41050,3,1,0,11,08,3,,0,0,1,0,0,1,0
"POINT (8.543862976000000 49.478072976999997)",Unfall 41186 (2016) Kat:2, Licht: 0,41186,2,6,3,11,11,6,,0,0,1,0,0,0,0
"POINT (8.545805630000000 49.482345445999997)",Unfall 41195 (2016) Kat:3, Licht: 2,41195,3,6,3,11,20,3,,2,0,1,0,0,1,0
"POINT (8.459764713000000 49.492837360000003)",Unfall 41200 (2016) Kat:3, Licht: 0,41200,3,6,1,11,10,6,,0,0,1,0,0,0,0
"POINT (8.521622447000000 49.515136407999996)",Unfall 41291 (2016) Kat:3, Licht: 0,41291,3,6,1,11,08,2,,0,0,1,0,0,0,0
"POINT (8.448370812000000 49.553451019999997)",Unfall 41297 (2016) Kat:3, Licht: 2,41297,3,6,2,11,17,4,,2,0,1,0,0,0,1
"POINT (8.525887448000001 49.435261201000003)",Unfall 41300 (2016) Kat:3, Licht: 1,41300,3,2,4,11,07,7,,1,0,1,0,1,0,0
"POINT (8.519649491999999 49.467428374000001)",Unfall 41447 (2016) Kat:3, Licht: 0,41447,3,3,5,11,13,2,,0,0,1,0,0,0,0
"POINT (8.503454664000000 49.473373129999999)",Unfall 41450 (2016) Kat:3, Licht: 2,41450,3,6,2,11,17,5,,2,0,1,0,0,0,0
"POINT (8.519663752000000 49.467426402999997)",Unfall 41456 (2016) Kat:3, Licht: 1,41456,3,6,2,11,06,3,,1,0,1,0,0,0,0
"POINT (8.569199564000000 49.448809955000002)",Unfall 41651 (2016) Kat:2, Licht: 1,41651,2,6,2,11,07,4,,1,0,1,0,0,0,0
"POINT (8.518317861000000 49.467544422000003)",Unfall 41657 (2016) Kat:3, Licht: 2,41657,3,6,2,11,18,7,,2,0,1,0,0,0,0
"POINT (8.482552125000000 49.473902299000002)",Unfall 41669 (2016) Kat:3, Licht: 2,41669,3,2,4,11,20,4,,2,0,1,0,0,0,0
"POINT (8.462482723999999 49.484693229000001)",Unfall 41682 (2016) Kat:3, Licht: 2,41682,3,6,3,11,19,7,,2,1,1,0,0,0,0
"POINT (8.515784056999999 49.464269766000001)",Unfall 41704 (2016) Kat:3, Licht: 2,41704,3,6,1,11,17,1,,2,0,1,0,0,0,0
"POINT (8.524892261000000 49.436555239000000)",Unfall 41710 (2016) Kat:3, Licht: 2,41710,3,4,6,11,18,3,,2,0,1,1,0,0,0
"POINT (8.465076326000000 49.540208081000003)",Unfall 41857 (2016) Kat:3, Licht: 2,41857,3,3,5,11,00,4,,2,1,0,0,0,0,1
"POINT (8.546583662000000 49.514611090999999)",Unfall 41866 (2016) Kat:3, Licht: 0,41866,3,6,2,11,09,7,,0,0,1,0,0,0,0
"POINT (8.516021877000000 49.464549617000003)",Unfall 41977 (2016) Kat:3, Licht: 2,41977,3,6,2,11,17,1,,2,0,1,0,0,0,0
"POINT (8.460142369000000 49.503402631999997)",Unfall 42078 (2016) Kat:3, Licht: 2,42078,3,6,2,11,18,3,,2,0,1,0,0,0,0
"POINT (8.460645172000000 49.494055406000001)",Unfall 42133 (2016) Kat:3, Licht: 2,42133,3,4,6,12,22,5,,2,0,1,1,0,0,0
"POINT (8.500146925999999 49.474328896000003)",Unfall 42229 (2016) Kat:3, Licht: 0,42229,3,2,5,11,11,4,,0,0,1,0,0,0,1
"POINT (8.486879991000000 49.496389651999998)",Unfall 42257 (2016) Kat:2, Licht: 0,42257,2,3,5,11,14,3,,0,1,0,0,0,0,1
"POINT (8.457319275000000 49.491507315000000)",Unfall 42259 (2016) Kat:3, Licht: 2,42259,3,6,2,12,17,2,,2,0,1,0,1,0,0
"POINT (8.489940170000001 49.461580466999997)",Unfall 42272 (2016) Kat:3, Licht: 0,42272,3,6,6,12,15,7,,0,0,1,1,0,0,0
"POINT (8.539914636000001 49.467200347999999)",Unfall 42274 (2016) Kat:3, Licht: 0,42274,3,6,2,12,09,2,,0,0,1,0,0,0,0
"POINT (8.560268817000001 49.518641815000002)",Unfall 42406 (2016) Kat:2, Licht: 0,42406,2,6,2,11,15,4,,0,0,1,0,0,0,0
"POINT (8.560298128000000 49.513497041999997)",Unfall 42412 (2016) Kat:3, Licht: 2,42412,3,6,3,11,21,3,,2,0,1,0,0,0,0
"POINT (8.475875116999999 49.486972498000000)",Unfall 42416 (2016) Kat:3, Licht: 2,42416,3,6,2,12,20,6,,2,0,1,0,0,0,0
"POINT (8.488190152000000 49.497594718000002)",Unfall 42462 (2016) Kat:2, Licht: 2,42462,2,3,5,11,17,3,,2,1,1,0,0,0,0
"POINT (8.485140106999999 49.494183999999997)",Unfall 42475 (2016) Kat:3, Licht: 2,42475,3,1,8,12,00,7,,2,0,1,0,0,0,0
"POINT (8.474276425999999 49.483909570999998)",Unfall 42614 (2016) Kat:3, Licht: 2,42614,3,1,8,12,00,6,,2,0,1,0,0,0,0
"POINT (8.457130272000001 49.545137048999997)",Unfall 42625 (2016) Kat:3, Licht: 2,42625,3,3,5,12,06,1,,2,0,1,0,0,0,0
"POINT (8.457022203999999 49.481516102000001)",Unfall 42647 (2016) Kat:3, Licht: 1,42647,3,6,3,12,16,2,,1,0,1,0,0,1,0
"POINT (8.476440163000000 49.516688553000002)",Unfall 42698 (2016) Kat:2, Licht: 2,42698,2,3,5,12,19,3,,2,0,1,0,0,0,0
"POINT (8.484897449000000 49.494382784000003)",Unfall 42802 (2016) Kat:3, Licht: 0,42802,3,5,1,12,15,3,,0,1,1,0,0,0,0
"POINT (8.522712415000001 49.473152419999998)",Unfall 42803 (2016) Kat:3, Licht: 2,42803,3,6,2,12,00,6,,2,0,1,0,0,1,0
"POINT (8.518639260000001 49.467900843000002)",Unfall 42916 (2016) Kat:3, Licht: 2,42916,3,6,2,12,07,3,,2,0,1,0,0,0,0
"POINT (8.532010213000000 49.427366161999998)",Unfall 43003 (2016) Kat:3, Licht: 2,43003,3,4,6,12,19,7,,2,0,1,1,0,0,0
"POINT (8.479537322000001 49.554338344999998)",Unfall 43136 (2016) Kat:3, Licht: 2,43136,3,6,2,12,18,5,,2,0,1,0,0,0,0
"POINT (8.470457238000000 49.510848330000002)",Unfall 43198 (2016) Kat:3, Licht: 1,43198,3,6,1,12,18,5,,1,0,1,0,0,0,0
"POINT (8.564155301000000 49.466363233000003)",Unfall 43290 (2016) Kat:2, Licht: 2,43290,2,2,5,12,18,2,,2,0,1,0,0,0,0
"POINT (8.521106248000001 49.482547521999997)",Unfall 43327 (2016) Kat:3, Licht: 2,43327,3,1,8,12,06,6,,2,0,1,0,0,0,0
"POINT (8.562425085999999 49.452672966999998)",Unfall 43330 (2016) Kat:3, Licht: 2,43330,3,6,2,12,20,1,,2,0,1,0,0,0,0
"POINT (8.473726983000001 49.483720065000000)",Unfall 43367 (2016) Kat:3, Licht: 1,43367,3,6,1,12,18,7,,1,0,1,0,0,0,0
"POINT (8.448006191999999 49.581413284000000)",Unfall 43375 (2016) Kat:3, Licht: 0,43375,3,3,5,12,13,1,,0,0,1,0,1,0,0
"POINT (8.515139168999999 49.463511564999997)",Unfall 43427 (2016) Kat:3, Licht: 2,43427,3,6,2,12,22,6,,2,0,1,0,0,0,0
"POINT (8.463061960999999 49.484454079999999)",Unfall 43458 (2016) Kat:3, Licht: 2,43458,3,3,5,12,20,5,,2,0,1,0,0,0,0
"POINT (8.456710095000000 49.481369180000002)",Unfall 43473 (2016) Kat:3, Licht: 0,43473,3,6,3,12,13,4,,0,0,1,0,0,1,0
"POINT (8.500154863000001 49.474325767000003)",Unfall 43502 (2016) Kat:3, Licht: 0,43502,3,2,5,12,08,5,,0,0,1,0,0,0,0
"POINT (8.558897368000000 49.498359514999997)",Unfall 43551 (2016) Kat:3, Licht: 0,43551,3,6,3,12,16,7,,0,0,1,0,0,0,0
"POINT (8.505610443000000 49.506828800000001)",Unfall 43562 (2016) Kat:3, Licht: 2,43562,3,3,5,12,17,6,,2,0,1,0,0,0,0
"POINT (8.488000603000000 49.497589671000000)",Unfall 43576 (2016) Kat:3, Licht: 1,43576,3,3,5,12,19,1,,1,1,1,0,0,0,0
"POINT (8.487026185000000 49.496502655999997)",Unfall 43578 (2016) Kat:3, Licht: 2,43578,3,7,0,12,20,5,,2,0,0,0,0,0,1
"POINT (8.499226121000000 49.489638794999998)",Unfall 43584 (2016) Kat:3, Licht: 0,43584,3,6,1,12,11,6,,0,0,1,0,0,0,0
"POINT (8.472469652999999 49.480600836000001)",Unfall 43622 (2016) Kat:3, Licht: 2,43622,3,2,5,12,18,7,,2,1,0,0,0,0,1
"POINT (8.488097074000001 49.463630451999997)",Unfall 43670 (2016) Kat:2, Licht: 0,43670,2,2,6,12,12,7,,0,0,1,1,0,0,0
"POINT (8.467332396000000 49.482779379000000)",Unfall 43684 (2016) Kat:3, Licht: 2,43684,3,2,5,12,16,4,,2,0,1,0,0,0,0
"POINT (8.465796787000000 49.499934375000002)",Unfall 108991 (2016) Kat:3, Licht: 2,108991,3,7,6,01,00,6,,2,0,1,1,0,0,0
"POINT (8.512159264999999 49.507931401000000)",Unfall 109042 (2016) Kat:2, Licht: 0,109042,2,3,5,01,11,3,,0,0,1,0,0,0,1
"POINT (8.465866652000001 49.498604778000001)",Unfall 109043 (2016) Kat:3, Licht: 0,109043,3,6,1,01,15,7,,0,0,1,0,0,0,0
"POINT (8.511681450999999 49.517346443000001)",Unfall 109245 (2016) Kat:3, Licht: 0,109245,3,7,6,01,12,2,,0,0,1,1,0,0,0
"POINT (8.487893600000000 49.479479306000002)",Unfall 109280 (2016) Kat:3, Licht: 0,109280,3,3,5,01,13,2,,0,0,1,0,1,0,0
"POINT (8.491465239000000 49.477688078000000)",Unfall 109287 (2016) Kat:3, Licht: 0,109287,3,2,5,01,11,1,,0,0,1,0,0,0,0
"POINT (8.487601663000000 49.458049266000003)",Unfall 109293 (2016) Kat:2, Licht: 1,109293,2,4,6,01,16,5,,1,1,0,1,0,0,0
"POINT (8.465753762000000 49.490836074000001)",Unfall 109297 (2016) Kat:3, Licht: 1,109297,3,2,6,01,18,5,,1,0,1,1,0,0,0
"POINT (8.463711210000000 49.487685610000000)",Unfall 109325 (2016) Kat:3, Licht: 0,109325,3,1,1,01,14,5,,0,0,1,0,0,0,0
"POINT (8.456514235000000 49.491589973000004)",Unfall 109328 (2016) Kat:3, Licht: 0,109328,3,3,5,01,11,7,,0,0,1,0,0,0,0
"POINT (8.510060713000000 49.454227232999997)",Unfall 109336 (2016) Kat:3, Licht: 0,109336,3,6,2,01,11,5,,0,0,1,0,0,0,0
"POINT (8.514254351000000 49.450381751000002)",Unfall 109345 (2016) Kat:3, Licht: 0,109345,3,2,5,01,12,2,,0,0,1,0,0,1,0
"POINT (8.465049065000001 49.488987856999998)",Unfall 109395 (2016) Kat:2, Licht: 2,109395,2,3,5,01,18,5,,2,0,1,0,1,0,0
"POINT (8.531305960999999 49.479993108999999)",Unfall 109398 (2016) Kat:3, Licht: 0,109398,3,6,1,01,08,2,,0,0,1,0,0,0,0
"POINT (8.476654496000000 49.480479183000000)",Unfall 109429 (2016) Kat:3, Licht: 0,109429,3,3,5,01,11,7,,0,1,1,0,0,0,0
"POINT (8.494766587000001 49.449302418999999)",Unfall 109430 (2016) Kat:3, Licht: 0,109430,3,3,5,01,16,6,,0,1,1,0,0,0,0
"POINT (8.468169626000000 49.497158325999997)",Unfall 109433 (2016) Kat:3, Licht: 0,109433,3,3,5,01,08,2,,0,0,1,0,1,0,0
"POINT (8.474992639000000 49.480573413000002)",Unfall 109438 (2016) Kat:3, Licht: 0,109438,3,3,5,01,08,1,,0,0,1,0,0,0,0
"POINT (8.556573811000000 49.511528859000002)",Unfall 109488 (2016) Kat:3, Licht: 0,109488,3,3,5,01,15,2,,0,1,1,0,0,0,0
"POINT (8.464279963999999 49.489389973000002)",Unfall 109507 (2016) Kat:3, Licht: 0,109507,3,4,6,01,12,2,,0,1,0,1,0,0,0
"POINT (8.559067533000000 49.436735988999999)",Unfall 109512 (2016) Kat:2, Licht: 0,109512,2,1,9,01,07,7,,0,0,0,0,0,0,1
"POINT (8.549286007999999 49.489803700000003)",Unfall 109522 (2016) Kat:3, Licht: 2,109522,3,3,5,01,17,1,,2,0,1,0,0,0,0
"POINT (8.493727970000000 49.500774569999997)",Unfall 109528 (2016) Kat:3, Licht: 0,109528,3,6,4,01,09,3,,0,0,1,0,0,1,0
"POINT (8.498877026000001 49.453762288999997)",Unfall 109545 (2016) Kat:3, Licht: 0,109545,3,3,5,01,15,4,,0,1,1,0,0,0,0
"POINT (8.524677966000001 49.510222063000001)",Unfall 109561 (2016) Kat:3, Licht: 0,109561,3,2,4,01,13,5,,0,0,1,0,0,0,1
"POINT (8.479545071000000 49.544552385999999)",Unfall 109625 (2016) Kat:3, Licht: 2,109625,3,4,6,01,17,1,,2,0,1,1,0,0,0
"POINT (8.541041489000000 49.487520760000002)",Unfall 109634 (2016) Kat:3, Licht: 2,109634,3,2,4,01,23,3,,2,0,1,0,0,0,0
"POINT (8.483780822000000 49.497249420999999)",Unfall 109642 (2016) Kat:3, Licht: 2,109642,3,2,4,01,06,2,,2,1,1,0,0,0,0
"POINT (8.469426910999999 49.491250786000002)",Unfall 109653 (2016) Kat:2, Licht: 0,109653,2,7,6,01,09,6,,0,0,0,1,0,0,1
"POINT (8.514246816000000 49.509129021000000)",Unfall 109664 (2016) Kat:2, Licht: 0,109664,2,4,6,01,15,2,,0,0,1,1,0,0,0
"POINT (8.449586764999999 49.540687918000003)",Unfall 109689 (2016) Kat:2, Licht: 0,109689,2,3,5,01,13,3,,0,0,1,0,0,0,1
"POINT (8.520547620000000 49.494720915000002)",Unfall 109701 (2016) Kat:2, Licht: 2,109701,2,2,5,01,19,4,,2,0,1,0,0,0,0
"POINT (8.503555508000000 49.492811467000003)",Unfall 109742 (2016) Kat:3, Licht: 1,109742,3,6,2,01,18,3,,1,0,1,0,0,0,0
"POINT (8.476609963000000 49.480517194000001)",Unfall 109765 (2016) Kat:3, Licht: 0,109765,3,3,5,02,11,2,,0,0,1,0,0,0,0
"POINT (8.497334112000001 49.450488952000001)",Unfall 109771 (2016) Kat:3, Licht: 0,109771,3,3,5,01,12,3,,0,0,1,0,0,0,0
"POINT (8.510733902000000 49.507158578999999)",Unfall 109780 (2016) Kat:3, Licht: 0,109780,3,7,1,01,10,3,,0,0,0,0,1,0,1
"POINT (8.472124693000000 49.469555917000001)",Unfall 109784 (2016) Kat:3, Licht: 0,109784,3,6,2,02,16,3,,0,0,1,0,0,0,0
"POINT (8.488485992999999 49.484026526000001)",Unfall 109824 (2016) Kat:3, Licht: 0,109824,3,6,2,02,12,3,,0,0,1,0,0,0,0
"POINT (8.487006922999999 49.474720771999998)",Unfall 109849 (2016) Kat:2, Licht: 0,109849,2,5,5,01,15,6,,0,1,1,0,0,0,0
"POINT (8.472846795000001 49.492463379999997)",Unfall 109874 (2016) Kat:3, Licht: 0,109874,3,3,5,02,11,3,,0,0,1,0,0,0,0
"POINT (8.490124549000001 49.478300075999996)",Unfall 109918 (2016) Kat:3, Licht: 0,109918,3,4,6,02,12,2,,0,0,1,1,0,0,0
"POINT (8.465747744000000 49.490838427000000)",Unfall 109940 (2016) Kat:3, Licht: 0,109940,3,3,5,01,15,4,,0,1,1,0,0,0,0
"POINT (8.473558431000001 49.491928500000000)",Unfall 109942 (2016) Kat:3, Licht: 0,109942,3,3,5,02,10,3,,0,1,1,0,0,0,0
"POINT (8.457652841000000 49.490015342000000)",Unfall 109949 (2016) Kat:3, Licht: 0,109949,3,1,1,01,13,4,,0,0,1,0,0,0,0
"POINT (8.473447375999999 49.495387414000000)",Unfall 109978 (2016) Kat:3, Licht: 2,109978,3,3,5,02,19,3,,2,0,1,0,0,0,0
"POINT (8.457904640000001 49.489926898000000)",Unfall 109994 (2016) Kat:3, Licht: 0,109994,3,5,1,01,13,5,,0,0,1,0,0,0,1
"POINT (8.506784450000000 49.518143385000002)",Unfall 110001 (2016) Kat:2, Licht: 0,110001,2,5,1,02,11,6,,0,1,1,0,0,0,0
"POINT (8.473339615000000 49.492489390000003)",Unfall 110005 (2016) Kat:3, Licht: 0,110005,3,6,2,02,16,7,,0,0,1,0,0,0,0
"POINT (8.496561731000000 49.499572743000002)",Unfall 110006 (2016) Kat:3, Licht: 0,110006,3,5,5,02,13,6,,0,1,1,0,0,0,0
"POINT (8.467049304000000 49.504276310000002)",Unfall 110009 (2016) Kat:3, Licht: 0,110009,3,3,5,02,15,5,,0,0,1,0,0,0,0
"POINT (8.514253879000000 49.450382865999998)",Unfall 110012 (2016) Kat:3, Licht: 0,110012,3,2,5,02,13,5,,0,0,1,0,0,0,0
"POINT (8.511499638000000 49.498018401000003)",Unfall 110013 (2016) Kat:3, Licht: 2,110013,3,6,1,02,18,5,,2,0,1,0,0,0,1
"POINT (8.462876203000000 49.518555481999996)",Unfall 110041 (2016) Kat:3, Licht: 0,110041,3,6,1,02,14,5,,0,0,1,0,0,0,0
"POINT (8.490957771000000 49.506123090000003)",Unfall 110049 (2016) Kat:2, Licht: 0,110049,2,4,6,02,17,4,,0,0,1,1,0,0,0
"POINT (8.510103350000000 49.516958146000000)",Unfall 110099 (2016) Kat:3, Licht: 2,110099,3,3,5,02,01,7,,2,0,1,0,0,0,0
"POINT (8.476134118999999 49.518030506999999)",Unfall 110110 (2016) Kat:3, Licht: 2,110110,3,3,5,02,20,7,,2,0,1,0,0,0,0
"POINT (8.476675343000000 49.499668235999998)",Unfall 110146 (2016) Kat:3, Licht: 0,110146,3,3,5,02,12,5,,0,0,1,0,0,0,0
"POINT (8.496098213000000 49.509774008000001)",Unfall 110152 (2016) Kat:3, Licht: 0,110152,3,2,2,02,16,2,,0,0,1,0,0,1,0
"POINT (8.581549881999999 49.438019687000001)",Unfall 110157 (2016) Kat:3, Licht: 0,110157,3,3,5,02,11,7,,0,1,1,0,0,0,0
"POINT (8.489358609000000 49.460499243000001)",Unfall 110282 (2016) Kat:3, Licht: 0,110282,3,3,5,02,15,4,,0,1,1,0,0,0,0
"POINT (8.522710844000001 49.440572355000000)",Unfall 110292 (2016) Kat:2, Licht: 2,110292,2,7,5,02,19,4,,2,0,1,0,1,0,0
"POINT (8.466754354000001 49.487543543999998)",Unfall 110302 (2016) Kat:3, Licht: 0,110302,3,4,6,02,15,4,,0,0,0,1,0,0,1
"POINT (8.486507537000000 49.513201836999997)",Unfall 110312 (2016) Kat:3, Licht: 0,110312,3,6,1,02,10,7,,0,0,1,0,0,0,0
"POINT (8.453610987999999 49.491642988000002)",Unfall 110318 (2016) Kat:3, Licht: 0,110318,3,3,5,02,12,7,,0,0,1,0,1,0,0
"POINT (8.467474596000001 49.487262268999999)",Unfall 110354 (2016) Kat:3, Licht: 0,110354,3,4,6,02,13,6,,0,0,0,1,0,0,1
"POINT (8.473558431000001 49.491928500000000)",Unfall 110357 (2016) Kat:3, Licht: 0,110357,3,3,5,02,13,1,,0,1,1,0,0,0,0
"POINT (8.468941345999999 49.528595107999998)",Unfall 110358 (2016) Kat:2, Licht: 0,110358,2,4,6,02,17,3,,0,0,1,1,0,0,0
"POINT (8.467501315000000 49.500741968000000)",Unfall 110375 (2016) Kat:3, Licht: 0,110375,3,3,5,02,11,2,,0,0,1,0,0,0,0
"POINT (8.497099509000000 49.531554921999998)",Unfall 110383 (2016) Kat:3, Licht: 0,110383,3,3,5,02,08,2,,0,0,1,0,1,0,0
"POINT (8.490590232000001 49.464643821999999)",Unfall 110390 (2016) Kat:3, Licht: 0,110390,3,6,3,02,17,2,,0,0,1,0,1,0,0
"POINT (8.489200149000000 49.495635022999998)",Unfall 110553 (2016) Kat:3, Licht: 0,110553,3,5,5,02,14,7,,0,0,1,0,0,0,0
"POINT (8.491459317000000 49.477690250999999)",Unfall 110569 (2016) Kat:3, Licht: 2,110569,3,2,5,02,18,1,,2,0,1,0,0,0,0
"POINT (8.472841884999999 49.478250387999999)",Unfall 110572 (2016) Kat:3, Licht: 0,110572,3,7,5,02,13,6,,0,0,1,0,0,0,0
"POINT (8.462123630000001 49.485890253999997)",Unfall 110593 (2016) Kat:3, Licht: 1,110593,3,3,5,03,19,6,,1,0,1,0,0,0,0
"POINT (8.511582354000000 49.461607317999999)",Unfall 110611 (2016) Kat:3, Licht: 0,110611,3,6,1,03,16,6,,0,0,1,0,0,0,0
"POINT (8.478158411000001 49.486840047000001)",Unfall 110628 (2016) Kat:3, Licht: 0,110628,3,3,5,03,17,5,,0,1,1,0,0,0,0
"POINT (8.472795053000001 49.492355721000003)",Unfall 110642 (2016) Kat:3, Licht: 0,110642,3,6,1,03,15,5,,0,0,1,0,0,0,0
"POINT (8.482174327999999 49.512396443999997)",Unfall 110688 (2016) Kat:3, Licht: 0,110688,3,3,5,03,14,3,,0,1,1,0,0,0,0
"POINT (8.463013782999999 49.488015693999998)",Unfall 110702 (2016) Kat:3, Licht: 2,110702,3,3,5,03,22,3,,2,0,1,0,0,0,0
"POINT (8.540069800000000 49.486098966000000)",Unfall 110705 (2016) Kat:3, Licht: 0,110705,3,3,5,03,07,6,,0,1,1,0,0,0,0
"POINT (8.507406653000000 49.510621211999997)",Unfall 110737 (2016) Kat:3, Licht: 2,110737,3,3,5,03,05,4,,2,0,1,0,0,0,0
"POINT (8.483367850000001 49.481188592000002)",Unfall 110770 (2016) Kat:3, Licht: 0,110770,3,7,6,02,17,5,,0,1,0,1,0,0,0
"POINT (8.491343499999999 49.480535582000002)",Unfall 110794 (2016) Kat:3, Licht: 0,110794,3,3,5,03,09,2,,0,1,1,0,0,0,0
"POINT (8.473478668000000 49.481752815999997)",Unfall 110805 (2016) Kat:3, Licht: 0,110805,3,3,5,03,16,4,,0,1,1,0,0,0,0
"POINT (8.503842772000001 49.457223687999999)",Unfall 110807 (2016) Kat:3, Licht: 0,110807,3,5,5,03,16,4,,0,0,1,0,1,0,0
"POINT (8.469842733000000 49.482884208000002)",Unfall 110810 (2016) Kat:2, Licht: 1,110810,2,3,5,03,06,4,,1,0,1,0,0,0,0
"POINT (8.500766113999999 49.530331443999998)",Unfall 110826 (2016) Kat:3, Licht: 0,110826,3,3,5,03,16,3,,0,0,1,0,0,0,0
"POINT (8.459707375000001 49.490170089000003)",Unfall 110834 (2016) Kat:2, Licht: 0,110834,2,7,5,03,13,2,,0,1,1,0,0,0,0
"POINT (8.463770943000000 49.487610846000003)",Unfall 110899 (2016) Kat:3, Licht: 2,110899,3,3,5,03,00,1,,2,0,1,0,0,0,0
"POINT (8.465953566000000 49.491190002000003)",Unfall 111005 (2016) Kat:3, Licht: 0,111005,3,3,5,03,17,7,,0,1,1,0,0,0,0
"POINT (8.504281663000000 49.501712533999999)",Unfall 111020 (2016) Kat:3, Licht: 0,111020,3,3,5,03,14,2,,0,1,1,0,0,0,0
"POINT (8.467013779000000 49.510722868999999)",Unfall 111022 (2016) Kat:3, Licht: 2,111022,3,3,5,03,23,5,,2,0,1,0,0,0,1
"POINT (8.487849995000000 49.495573696999998)",Unfall 111030 (2016) Kat:3, Licht: 2,111030,3,5,1,03,20,2,,2,1,1,0,0,0,0
"POINT (8.489060392000001 49.460404220000001)",Unfall 111032 (2016) Kat:3, Licht: 0,111032,3,4,6,03,16,2,,0,0,1,1,0,0,0
"POINT (8.467155359000000 49.498215006000002)",Unfall 111045 (2016) Kat:3, Licht: 0,111045,3,7,1,03,11,2,,0,0,1,0,1,0,0
"POINT (8.487985472000000 49.527121532000002)",Unfall 111047 (2016) Kat:3, Licht: 1,111047,3,6,1,03,18,3,,1,0,1,0,0,0,0
"POINT (8.557734341000000 49.436410864000003)",Unfall 111050 (2016) Kat:3, Licht: 0,111050,3,7,9,03,07,3,,0,0,0,0,1,0,0
"POINT (8.458330697999999 49.545791913999999)",Unfall 111055 (2016) Kat:3, Licht: 2,111055,3,3,5,03,20,4,,2,1,1,0,0,0,0
"POINT (8.495381518000000 49.451755396000003)",Unfall 111122 (2016) Kat:3, Licht: 0,111122,3,3,5,03,16,4,,0,1,1,0,0,0,0
"POINT (8.484289664000000 49.455992631000001)",Unfall 111157 (2016) Kat:3, Licht: 0,111157,3,3,5,03,15,5,,0,0,1,0,0,0,0
"POINT (8.471871121000000 49.508340052000001)",Unfall 111197 (2016) Kat:2, Licht: 0,111197,2,3,5,03,17,6,,0,0,1,0,1,0,0
"POINT (8.474009145000000 49.516308613000000)",Unfall 111246 (2016) Kat:3, Licht: 1,111246,3,3,5,03,19,2,,1,1,1,0,0,0,0
"POINT (8.508786309000000 49.454309967999997)",Unfall 111297 (2016) Kat:3, Licht: 0,111297,3,6,2,03,12,3,,0,0,1,0,0,1,0
"POINT (8.475601769000001 49.479993100000002)",Unfall 111327 (2016) Kat:3, Licht: 0,111327,3,3,5,04,16,1,,0,0,0,0,1,0,1
"POINT (8.497208574000000 49.502555632000004)",Unfall 111407 (2016) Kat:3, Licht: 0,111407,3,7,2,03,15,4,,0,0,1,1,0,0,0
"POINT (8.480271686000000 49.495018760000001)",Unfall 111436 (2016) Kat:3, Licht: 2,111436,3,3,5,03,20,1,,2,0,1,0,0,0,0
"POINT (8.466907999000000 49.490382498999999)",Unfall 111472 (2016) Kat:3, Licht: 0,111472,3,7,6,03,09,3,,0,0,1,1,0,0,0
"POINT (8.500919398000001 49.524133006000000)",Unfall 111481 (2016) Kat:3, Licht: 0,111481,3,3,5,04,14,1,,0,1,1,0,0,0,0
"POINT (8.488458589000000 49.455042431999999)",Unfall 111505 (2016) Kat:3, Licht: 0,111505,3,3,5,03,17,6,,0,0,1,0,0,0,0
"POINT (8.457512045000000 49.490259137000002)",Unfall 111507 (2016) Kat:3, Licht: 2,111507,3,6,4,03,21,5,,2,0,1,0,0,0,0
"POINT (8.477374249000000 49.485979858999997)",Unfall 111510 (2016) Kat:3, Licht: 0,111510,3,3,5,03,07,4,,0,1,1,0,0,0,0
"POINT (8.467990317000000 49.483554533000003)",Unfall 111560 (2016) Kat:3, Licht: 0,111560,3,3,5,03,11,7,,0,0,1,0,0,0,0
"POINT (8.477916942000000 49.480809751999999)",Unfall 111630 (2016) Kat:3, Licht: 0,111630,3,3,5,04,17,4,,0,0,1,0,1,0,0
"POINT (8.455035231000000 49.540167760999999)",Unfall 111651 (2016) Kat:3, Licht: 0,111651,3,3,1,04,12,5,,0,0,1,0,0,1,0
"POINT (8.495780648000000 49.499100007000003)",Unfall 111660 (2016) Kat:3, Licht: 0,111660,3,3,5,04,13,1,,0,0,1,0,0,0,0
"POINT (8.477532921000000 49.508501222000000)",Unfall 111680 (2016) Kat:3, Licht: 0,111680,3,6,3,04,17,5,,0,0,1,0,1,0,0
"POINT (8.474970577000001 49.559479521000000)",Unfall 111688 (2016) Kat:3, Licht: 0,111688,3,7,6,04,12,6,,0,0,0,1,0,0,1
"POINT (8.470826963000000 49.492860727999997)",Unfall 111699 (2016) Kat:3, Licht: 2,111699,3,4,6,04,05,5,,2,0,1,1,0,0,0
"POINT (8.466690344000000 49.450098558000001)",Unfall 111713 (2016) Kat:2, Licht: 1,111713,2,4,6,04,20,7,,1,0,1,1,0,0,0
"POINT (8.508210687000000 49.512767445999998)",Unfall 111716 (2016) Kat:3, Licht: 0,111716,3,6,2,04,15,3,,0,0,1,0,0,0,0
"POINT (8.477997186000000 49.486805720000000)",Unfall 111750 (2016) Kat:3, Licht: 0,111750,3,3,5,04,12,2,,0,1,1,0,0,0,0
"POINT (8.501227031999999 49.500555499000001)",Unfall 111757 (2016) Kat:3, Licht: 0,111757,3,5,5,04,17,2,,0,1,1,0,0,0,0
"POINT (8.462086092000000 49.485904744000003)",Unfall 111763 (2016) Kat:3, Licht: 0,111763,3,3,5,04,13,1,,0,0,1,0,0,0,0
"POINT (8.457683962000001 49.496746794000003)",Unfall 111766 (2016) Kat:3, Licht: 0,111766,3,3,5,04,17,2,,0,0,1,0,0,0,1
"POINT (8.486304097000000 49.526303915000000)",Unfall 111774 (2016) Kat:3, Licht: 0,111774,3,2,6,04,09,6,,0,0,1,1,0,0,0
"POINT (8.467975913000000 49.483607661000001)",Unfall 111838 (2016) Kat:3, Licht: 0,111838,3,3,5,04,11,4,,0,0,1,0,0,0,0
"POINT (8.571404609000000 49.437990601000003)",Unfall 111839 (2016) Kat:2, Licht: 0,111839,2,1,8,04,16,6,,0,0,0,0,1,0,0
"POINT (8.470967741000001 49.492780779000000)",Unfall 111854 (2016) Kat:3, Licht: 0,111854,3,6,3,04,17,7,,0,0,1,0,0,1,0
"POINT (8.488313215000000 49.529104107999999)",Unfall 111874 (2016) Kat:3, Licht: 0,111874,3,7,6,04,16,6,,0,1,0,1,0,0,0
"POINT (8.512835000999999 49.462938602000001)",Unfall 111886 (2016) Kat:3, Licht: 0,111886,3,6,2,04,08,2,,0,0,1,0,0,1,1
"POINT (8.467140387000001 49.470131320000000)",Unfall 111903 (2016) Kat:3, Licht: 0,111903,3,3,5,04,11,2,,0,1,1,0,0,0,0
"POINT (8.464063610000000 49.491505312999998)",Unfall 111908 (2016) Kat:2, Licht: 0,111908,2,3,5,04,11,7,,0,0,1,0,0,0,0
"POINT (8.540122903000000 49.497856636999998)",Unfall 111942 (2016) Kat:3, Licht: 0,111942,3,6,1,04,09,6,,0,0,1,0,0,0,0
"POINT (8.463319494000000 49.532201338000000)",Unfall 111975 (2016) Kat:3, Licht: 0,111975,3,5,4,04,19,3,,0,1,1,0,0,0,0
"POINT (8.486215495000000 49.505379783000002)",Unfall 111985 (2016) Kat:3, Licht: 0,111985,3,7,6,04,15,3,,0,1,0,1,0,0,0
"POINT (8.508582165000000 49.500647821999998)",Unfall 112010 (2016) Kat:3, Licht: 0,112010,3,3,5,04,09,7,,0,0,1,0,0,0,0
"POINT (8.470066672000000 49.503727271999999)",Unfall 112029 (2016) Kat:3, Licht: 2,112029,3,2,5,04,03,6,,2,1,1,0,0,0,0
"POINT (8.470376372000001 49.491091552000000)",Unfall 112047 (2016) Kat:3, Licht: 1,112047,3,4,6,04,20,1,,1,0,1,1,0,0,0
"POINT (8.475939251000000 49.487779238999998)",Unfall 112082 (2016) Kat:3, Licht: 2,112082,3,2,3,04,21,5,,2,1,1,0,0,0,0
"POINT (8.462930093000001 49.486687443999998)",Unfall 112084 (2016) Kat:3, Licht: 0,112084,3,3,5,04,15,6,,0,1,1,0,0,1,0
"POINT (8.465732081000001 49.489810896999998)",Unfall 112099 (2016) Kat:3, Licht: 0,112099,3,3,5,04,14,6,,0,1,1,0,0,0,0
"POINT (8.469864420000000 49.504374001999999)",Unfall 112110 (2016) Kat:3, Licht: 0,112110,3,3,5,04,07,6,,0,1,1,0,0,0,0
"POINT (8.493534258000000 49.479706894000003)",Unfall 112113 (2016) Kat:3, Licht: 2,112113,3,3,5,04,04,7,,2,0,1,0,0,0,1
"POINT (8.465752816000000 49.490836442999999)",Unfall 112156 (2016) Kat:3, Licht: 2,112156,3,3,5,04,21,2,,2,0,1,0,0,0,0
"POINT (8.483991206000001 49.498758877000000)",Unfall 112222 (2016) Kat:3, Licht: 0,112222,3,3,5,04,06,7,,0,0,1,0,0,0,0
"POINT (8.458783939000000 49.491997838000003)",Unfall 112268 (2016) Kat:3, Licht: 0,112268,3,6,1,04,16,2,,0,0,1,0,0,0,0
"POINT (8.468384303000001 49.493824230000001)",Unfall 112275 (2016) Kat:3, Licht: 2,112275,3,2,5,04,00,7,,2,0,1,0,0,0,0
"POINT (8.484137335000000 49.497109070999997)",Unfall 112276 (2016) Kat:3, Licht: 0,112276,3,3,5,04,10,3,,0,1,1,0,0,0,0
"POINT (8.467117137000001 49.492445250999999)",Unfall 112277 (2016) Kat:3, Licht: 0,112277,3,4,6,04,16,2,,0,0,1,1,0,0,0
"POINT (8.470130852000001 49.504052919000003)",Unfall 112285 (2016) Kat:2, Licht: 0,112285,2,4,6,04,13,2,,0,0,0,1,0,0,1
"POINT (8.484039107999999 49.498752795999998)",Unfall 112303 (2016) Kat:3, Licht: 0,112303,3,3,6,04,17,1,,0,0,1,1,0,0,0
"POINT (8.516296110000001 49.507445754000003)",Unfall 112323 (2016) Kat:3, Licht: 2,112323,3,6,3,04,22,5,,2,1,1,0,0,0,0
"POINT (8.469136729000001 49.489505160999997)",Unfall 112348 (2016) Kat:2, Licht: 0,112348,2,4,6,04,16,3,,0,0,1,1,0,0,0
"POINT (8.475125072000001 49.448578294000001)",Unfall 112403 (2016) Kat:3, Licht: 0,112403,3,3,5,04,13,4,,0,0,1,0,1,0,0
"POINT (8.466923752000000 49.510725686999997)",Unfall 112451 (2016) Kat:3, Licht: 0,112451,3,3,5,04,10,5,,0,0,1,0,0,0,0
"POINT (8.476324032999999 49.484704534000002)",Unfall 112465 (2016) Kat:3, Licht: 0,112465,3,6,2,05,13,1,,0,0,1,0,0,0,0
"POINT (8.478013324000001 49.485677997000003)",Unfall 112477 (2016) Kat:3, Licht: 0,112477,3,7,6,05,16,1,,0,1,0,1,0,0,0
"POINT (8.455763351000000 49.551037092999998)",Unfall 112496 (2016) Kat:3, Licht: 0,112496,3,3,5,04,17,6,,0,1,1,0,0,0,0
"POINT (8.478927282000001 49.460404676000003)",Unfall 112500 (2016) Kat:3, Licht: 0,112500,3,3,5,04,07,6,,0,1,1,0,0,0,0
"POINT (8.459847145000000 49.488118677999999)",Unfall 112508 (2016) Kat:3, Licht: 0,112508,3,2,4,04,15,6,,0,1,1,0,0,0,0
"POINT (8.542642858000001 49.496877783000002)",Unfall 112522 (2016) Kat:2, Licht: 0,112522,2,5,1,04,13,6,,0,0,1,0,0,0,0
"POINT (8.457501902000001 49.549514064000000)",Unfall 112553 (2016) Kat:3, Licht: 0,112553,3,2,2,04,18,7,,0,0,1,0,0,0,0
"POINT (8.501120155000001 49.500641043999998)",Unfall 112587 (2016) Kat:3, Licht: 0,112587,3,7,6,04,13,7,,0,0,1,1,0,0,0
"POINT (8.449552008000000 49.549545209999998)",Unfall 112591 (2016) Kat:3, Licht: 0,112591,3,6,2,04,10,3,,0,0,1,0,0,0,0
"POINT (8.528453691999999 49.488207406000001)",Unfall 112592 (2016) Kat:3, Licht: 0,112592,3,5,6,04,11,2,,0,0,1,1,0,0,0
"POINT (8.507307883999999 49.478405217999999)",Unfall 112593 (2016) Kat:3, Licht: 0,112593,3,7,5,04,09,3,,0,0,1,0,0,0,1
"POINT (8.469940032000000 49.493542988999998)",Unfall 112599 (2016) Kat:3, Licht: 0,112599,3,6,3,04,16,2,,0,0,1,0,0,1,0
"POINT (8.464074556000000 49.490456649000002)",Unfall 112671 (2016) Kat:3, Licht: 0,112671,3,3,5,05,16,7,,0,0,1,0,0,0,0
"POINT (8.468530761000000 49.487690692000001)",Unfall 112720 (2016) Kat:3, Licht: 1,112720,3,2,0,05,21,4,,1,1,1,0,0,0,0
"POINT (8.471207152000000 49.508485786999998)",Unfall 112726 (2016) Kat:3, Licht: 0,112726,3,4,6,05,16,4,,0,0,1,1,0,0,0
"POINT (8.521873381000001 49.421468515999997)",Unfall 112731 (2016) Kat:2, Licht: 0,112731,2,6,1,05,17,4,,0,0,1,0,0,0,1
"POINT (8.525880524000000 49.421556279000001)",Unfall 112841 (2016) Kat:3, Licht: 0,112841,3,7,0,05,19,1,,0,1,0,0,0,0,0
"POINT (8.465973877000000 49.488679724999997)",Unfall 112850 (2016) Kat:3, Licht: 0,112850,3,2,6,05,16,6,,0,0,1,1,0,0,0
"POINT (8.458679404000000 49.493613334999999)",Unfall 112855 (2016) Kat:2, Licht: 2,112855,2,4,6,05,00,1,,2,0,0,1,0,0,1
"POINT (8.468155859000000 49.480964295000000)",Unfall 112871 (2016) Kat:3, Licht: 1,112871,3,4,6,05,19,3,,1,0,1,1,0,0,0
"POINT (8.469258446000000 49.472840372999997)",Unfall 112884 (2016) Kat:3, Licht: 0,112884,3,5,1,05,15,5,,0,1,1,0,0,0,0
"POINT (8.466094691000000 49.530821437000000)",Unfall 112906 (2016) Kat:3, Licht: 0,112906,3,2,4,05,07,4,,0,0,1,0,0,0,0
"POINT (8.473412719000001 49.513668477000003)",Unfall 112911 (2016) Kat:3, Licht: 0,112911,3,3,5,05,15,4,,0,1,1,0,0,0,0
"POINT (8.492549635000000 49.453013845000001)",Unfall 112916 (2016) Kat:3, Licht: 0,112916,3,7,1,05,13,4,,0,0,1,0,1,0,0
"POINT (8.482670575000000 49.481113424999997)",Unfall 112928 (2016) Kat:3, Licht: 0,112928,3,3,5,05,11,4,,0,0,1,0,1,0,0
"POINT (8.474011458000000 49.516304896999998)",Unfall 112970 (2016) Kat:3, Licht: 0,112970,3,3,5,05,16,2,,0,1,1,0,0,0,0
"POINT (8.454759729999999 49.523556900999999)",Unfall 112973 (2016) Kat:3, Licht: 0,112973,3,6,3,05,17,2,,0,0,1,0,1,0,0
"POINT (8.481722459000000 49.454948117000001)",Unfall 112980 (2016) Kat:3, Licht: 0,112980,3,6,2,05,16,2,,0,0,1,0,0,0,0
"POINT (8.507189263000001 49.517810359999999)",Unfall 112997 (2016) Kat:3, Licht: 0,112997,3,3,5,05,17,2,,0,1,1,0,0,0,0
"POINT (8.493302447000000 49.497804502999998)",Unfall 113001 (2016) Kat:3, Licht: 0,113001,3,5,1,05,12,7,,0,0,1,0,0,0,0
"POINT (8.504713877000000 49.514132095999997)",Unfall 113004 (2016) Kat:3, Licht: 0,113004,3,5,5,05,13,2,,0,1,1,0,0,0,0
"POINT (8.553945549000000 49.511383475000002)",Unfall 113009 (2016) Kat:3, Licht: 0,113009,3,5,5,05,09,2,,0,1,1,0,0,0,0
"POINT (8.493794202000000 49.511702081999999)",Unfall 113015 (2016) Kat:3, Licht: 0,113015,3,2,4,05,20,7,,0,0,1,0,0,0,0
"POINT (8.489222328000000 49.474283857000003)",Unfall 113113 (2016) Kat:3, Licht: 0,113113,3,5,1,05,15,3,,0,0,1,0,0,0,0
"POINT (8.479493379000001 49.508877724000001)",Unfall 113122 (2016) Kat:3, Licht: 0,113122,3,6,1,05,16,3,,0,0,1,0,0,0,0
"POINT (8.504425082999999 49.455819777000002)",Unfall 113136 (2016) Kat:2, Licht: 0,113136,2,7,0,05,13,3,,0,1,0,0,0,0,0
"POINT (8.469264518999999 49.493569925000003)",Unfall 113146 (2016) Kat:3, Licht: 0,113146,3,6,2,05,18,3,,0,0,1,0,0,0,0
"POINT (8.469868748000000 49.504374351999999)",Unfall 113152 (2016) Kat:3, Licht: 0,113152,3,3,5,05,12,3,,0,1,1,0,0,0,0
"POINT (8.507305410000001 49.505309674000003)",Unfall 113180 (2016) Kat:3, Licht: 0,113180,3,6,2,05,16,1,,0,0,1,0,0,0,0
"POINT (8.459561186000000 49.494366001000003)",Unfall 113190 (2016) Kat:3, Licht: 0,113190,3,5,1,05,15,1,,0,0,1,0,1,0,0
"POINT (8.485692427000000 49.466214590000000)",Unfall 113237 (2016) Kat:3, Licht: 0,113237,3,7,6,05,16,2,,0,0,1,1,0,0,0
"POINT (8.505901629000000 49.468650406000002)",Unfall 113242 (2016) Kat:3, Licht: 0,113242,3,2,4,05,17,3,,0,1,0,0,0,0,1
"POINT (8.479824337000000 49.482555609000002)",Unfall 113275 (2016) Kat:3, Licht: 1,113275,3,3,5,05,05,7,,1,0,1,0,0,0,0
"POINT (8.471973628000001 49.520183510000003)",Unfall 113278 (2016) Kat:3, Licht: 0,113278,3,5,1,05,16,7,,0,0,1,0,0,0,0
"POINT (8.506456008000001 49.463411954000001)",Unfall 113294 (2016) Kat:3, Licht: 0,113294,3,6,2,05,12,2,,0,0,1,0,0,0,1
"POINT (8.488993936000000 49.474837917999999)",Unfall 113308 (2016) Kat:3, Licht: 0,113308,3,5,4,05,16,4,,0,1,1,0,0,0,0
"POINT (8.500033212000000 49.449979614999997)",Unfall 113312 (2016) Kat:2, Licht: 0,113312,2,1,8,05,17,4,,0,0,0,0,1,0,0
"POINT (8.506978179000001 49.505356093000003)",Unfall 113315 (2016) Kat:3, Licht: 0,113315,3,6,1,05,17,3,,0,0,1,0,0,0,0
"POINT (8.479245649999999 49.514315480000000)",Unfall 113320 (2016) Kat:3, Licht: 0,113320,3,6,1,05,15,5,,0,0,1,0,0,0,0
"POINT (8.468682302000000 49.486800846000001)",Unfall 113346 (2016) Kat:3, Licht: 0,113346,3,3,0,05,15,5,,0,0,1,0,0,0,1
"POINT (8.531473353999999 49.510162862000001)",Unfall 113349 (2016) Kat:3, Licht: 0,113349,3,3,5,05,18,2,,0,0,1,0,1,0,0
"POINT (8.471704064000001 49.484523097000000)",Unfall 113370 (2016) Kat:3, Licht: 0,113370,3,6,6,05,16,2,,0,0,1,1,0,0,0
"POINT (8.475334415000001 49.480209555999998)",Unfall 113426 (2016) Kat:3, Licht: 0,113426,3,5,0,05,12,7,,0,0,1,0,0,0,1
"POINT (8.569457210000000 49.462632128999999)",Unfall 113433 (2016) Kat:3, Licht: 0,113433,3,7,0,05,12,3,,0,1,0,0,0,0,0
"POINT (8.513886652000000 49.454964103999998)",Unfall 113465 (2016) Kat:3, Licht: 0,113465,3,2,5,05,13,7,,0,0,1,0,1,0,0
"POINT (8.565305731000001 49.459158449000000)",Unfall 113466 (2016) Kat:3, Licht: 0,113466,3,4,6,05,18,5,,0,0,1,1,0,0,0
"POINT (8.469924638000000 49.504697047000001)",Unfall 113530 (2016) Kat:2, Licht: 0,113530,2,3,5,05,14,7,,0,1,1,0,0,0,0
"POINT (8.484061586999999 49.498125745000003)",Unfall 113552 (2016) Kat:3, Licht: 0,113552,3,3,5,05,09,5,,0,0,1,0,1,0,0
"POINT (8.495529146000001 49.528275086000001)",Unfall 113572 (2016) Kat:3, Licht: 0,113572,3,3,5,05,10,6,,0,0,1,0,0,0,1
"POINT (8.486085267000000 49.525953301999998)",Unfall 113579 (2016) Kat:3, Licht: 0,113579,3,7,6,05,15,4,,0,0,1,1,0,0,0
"POINT (8.463010322000001 49.518520373999998)",Unfall 113589 (2016) Kat:3, Licht: 0,113589,3,6,2,05,15,4,,0,0,1,0,0,0,0
"POINT (8.464301851000000 49.489413499999998)",Unfall 113592 (2016) Kat:3, Licht: 1,113592,3,3,5,05,20,3,,1,0,1,0,0,0,0
"POINT (8.504401544000000 49.445148971999998)",Unfall 113597 (2016) Kat:3, Licht: 0,113597,3,5,5,05,08,3,,0,1,1,0,0,0,0
"POINT (8.454672046000001 49.485214292000002)",Unfall 113600 (2016) Kat:3, Licht: 0,113600,3,2,2,05,09,4,,0,0,1,0,0,1,0
"POINT (8.554266574000000 49.497205702000002)",Unfall 113603 (2016) Kat:2, Licht: 0,113603,2,7,0,05,12,3,,0,1,0,0,0,0,0
"POINT (8.451697512999999 49.543517066000000)",Unfall 113653 (2016) Kat:3, Licht: 2,113653,3,3,5,05,21,5,,2,0,1,0,1,0,0
"POINT (8.463423192000001 49.489657330000000)",Unfall 113683 (2016) Kat:3, Licht: 0,113683,3,3,5,06,20,4,,0,0,1,0,0,0,0
"POINT (8.466825184999999 49.488343980000003)",Unfall 113691 (2016) Kat:2, Licht: 0,113691,2,3,5,06,11,4,,0,0,0,0,1,0,1
"POINT (8.479818334000001 49.476525840999997)",Unfall 113709 (2016) Kat:3, Licht: 2,113709,3,5,1,06,01,7,,2,1,0,0,0,0,0
"POINT (8.468289050999999 49.546527623999999)",Unfall 113720 (2016) Kat:3, Licht: 0,113720,3,3,5,06,07,2,,0,1,1,0,0,0,0
"POINT (8.543321113999999 49.512224697000001)",Unfall 113759 (2016) Kat:3, Licht: 0,113759,3,2,5,06,12,7,,0,0,1,0,1,0,0
"POINT (8.493787913000000 49.511707016000003)",Unfall 113766 (2016) Kat:3, Licht: 0,113766,3,6,2,06,15,5,,0,0,1,0,0,0,0
"POINT (8.461231283000000 49.496265977999997)",Unfall 113796 (2016) Kat:3, Licht: 0,113796,3,3,5,06,14,1,,0,0,1,0,0,0,0
"POINT (8.455039762000000 49.540178908999998)",Unfall 113822 (2016) Kat:3, Licht: 0,113822,3,6,1,06,12,2,,0,0,1,0,0,1,0
"POINT (8.494793668000000 49.475503644000000)",Unfall 113847 (2016) Kat:3, Licht: 0,113847,3,7,5,06,15,6,,0,0,0,0,0,0,1
"POINT (8.480206813000001 49.477596038999998)",Unfall 113860 (2016) Kat:3, Licht: 0,113860,3,6,3,06,18,7,,0,1,1,0,0,0,0
"POINT (8.507584055000001 49.498659259000000)",Unfall 113865 (2016) Kat:3, Licht: 0,113865,3,6,2,06,07,5,,0,0,1,0,0,0,0
"POINT (8.562281538000001 49.458028550000002)",Unfall 113872 (2016) Kat:2, Licht: 0,113872,2,3,5,06,17,2,,0,1,1,0,0,0,0
"POINT (8.488616919000000 49.456576697999999)",Unfall 113897 (2016) Kat:2, Licht: 2,113897,2,4,6,06,21,1,,2,0,1,1,0,0,0
"POINT (8.465738902000000 49.490841883999998)",Unfall 113910 (2016) Kat:3, Licht: 2,113910,3,3,5,06,03,7,,2,0,1,0,0,0,0
"POINT (8.554374805000000 49.460232142999999)",Unfall 113915 (2016) Kat:2, Licht: 0,113915,2,7,8,06,13,5,,0,0,1,0,0,0,0
"POINT (8.471211963000000 49.479515755999998)",Unfall 113916 (2016) Kat:3, Licht: 0,113916,3,5,1,06,13,4,,0,1,1,0,0,0,0
"POINT (8.501665613000000 49.502326226000001)",Unfall 113936 (2016) Kat:3, Licht: 0,113936,3,6,1,06,17,6,,0,0,1,0,0,0,0
"POINT (8.481172441000000 49.531935388999997)",Unfall 113942 (2016) Kat:3, Licht: 0,113942,3,6,4,06,12,3,,0,1,0,0,0,0,0
"POINT (8.507780958000000 49.464523675000002)",Unfall 113951 (2016) Kat:3, Licht: 0,113951,3,3,5,06,15,3,,0,1,1,0,0,0,0
"POINT (8.500927234000001 49.505055005999999)",Unfall 113954 (2016) Kat:3, Licht: 0,113954,3,2,4,06,08,3,,0,0,1,0,0,0,0
"POINT (8.527082630000001 49.508814205000000)",Unfall 113956 (2016) Kat:3, Licht: 0,113956,3,2,5,06,12,3,,0,1,1,0,0,0,0
"POINT (8.486444362000000 49.478605338000001)",Unfall 113965 (2016) Kat:2, Licht: 0,113965,2,1,0,06,18,3,,0,1,0,0,0,0,0
"POINT (8.493712091000001 49.524410734999996)",Unfall 114025 (2016) Kat:3, Licht: 0,114025,3,3,5,06,15,6,,0,1,1,0,0,0,0
"POINT (8.471188209999999 49.500148392000000)",Unfall 114062 (2016) Kat:3, Licht: 0,114062,3,3,4,06,09,5,,0,1,0,0,0,0,0
"POINT (8.495626961999999 49.510215037999998)",Unfall 114103 (2016) Kat:3, Licht: 0,114103,3,6,2,06,17,6,,0,0,1,0,0,0,0
"POINT (8.475833734000000 49.499733491999997)",Unfall 114113 (2016) Kat:1, Licht: 0,114113,1,2,5,06,10,5,,0,0,1,1,0,0,0
"POINT (8.467022060000000 49.486405804999997)",Unfall 114175 (2016) Kat:3, Licht: 2,114175,3,6,2,06,00,7,,2,0,1,0,0,0,0
"POINT (8.462613829000000 49.502459320000000)",Unfall 114181 (2016) Kat:3, Licht: 0,114181,3,4,6,06,20,4,,0,0,1,1,0,0,0
"POINT (8.521971600000001 49.451657073000000)",Unfall 114202 (2016) Kat:3, Licht: 0,114202,3,7,1,06,12,6,,0,0,1,0,0,1,0
"POINT (8.469961440000001 49.504313566999997)",Unfall 114259 (2016) Kat:3, Licht: 0,114259,3,6,1,06,15,5,,0,0,1,0,1,0,0
"POINT (8.472554875000000 49.464621522999998)",Unfall 114305 (2016) Kat:3, Licht: 0,114305,3,3,5,06,11,3,,0,1,1,0,0,0,0
"POINT (8.473543275000001 49.464649879000000)",Unfall 114307 (2016) Kat:3, Licht: 0,114307,3,7,6,06,11,6,,0,1,0,1,0,0,0
"POINT (8.476176791000000 49.496107592000001)",Unfall 114309 (2016) Kat:3, Licht: 0,114309,3,3,5,06,10,5,,0,1,1,0,0,0,0
"POINT (8.481070564000000 49.456816404000001)",Unfall 114356 (2016) Kat:3, Licht: 0,114356,3,4,6,06,11,6,,0,0,1,1,0,0,0
"POINT (8.486183005999999 49.479826586999998)",Unfall 114413 (2016) Kat:2, Licht: 0,114413,2,3,5,06,12,5,,0,0,1,0,1,0,0
"POINT (8.469338585999999 49.488671304999997)",Unfall 114433 (2016) Kat:3, Licht: 0,114433,3,5,1,06,10,4,,0,1,1,0,0,0,0
"POINT (8.510036951000000 49.517041071999998)",Unfall 114472 (2016) Kat:2, Licht: 2,114472,2,3,5,06,22,5,,2,0,1,0,0,0,0
"POINT (8.487151098000000 49.475079880999999)",Unfall 114506 (2016) Kat:3, Licht: 0,114506,3,3,5,06,18,5,,0,1,1,0,0,0,0
"POINT (8.489939051000000 49.451618238999998)",Unfall 114539 (2016) Kat:3, Licht: 0,114539,3,6,4,06,16,4,,0,1,1,0,0,0,0
"POINT (8.481610391000000 49.527853593000003)",Unfall 114568 (2016) Kat:3, Licht: 0,114568,3,3,5,06,18,3,,0,1,1,0,0,0,0
"POINT (8.480716268000000 49.457780249999999)",Unfall 114571 (2016) Kat:2, Licht: 2,114571,2,2,5,06,23,4,,2,0,1,0,0,0,0
"POINT (8.470884663000000 49.501994447000001)",Unfall 114592 (2016) Kat:3, Licht: 0,114592,3,3,5,06,12,2,,0,1,0,0,0,0,1
"POINT (8.475921138000000 49.488031358000001)",Unfall 114597 (2016) Kat:3, Licht: 0,114597,3,6,2,06,17,2,,0,0,1,0,1,0,0
"POINT (8.475822660000000 49.465169125999999)",Unfall 114682 (2016) Kat:3, Licht: 0,114682,3,5,0,06,07,5,,0,1,0,0,0,0,0
"POINT (8.449608502000000 49.540690714000000)",Unfall 114698 (2016) Kat:2, Licht: 0,114698,2,3,5,06,08,6,,0,0,1,0,0,0,1
"POINT (8.490246092000000 49.478437786999997)",Unfall 114703 (2016) Kat:3, Licht: 0,114703,3,3,5,06,07,6,,0,0,1,0,0,0,0
"POINT (8.542315983000000 49.500733498999999)",Unfall 114707 (2016) Kat:2, Licht: 0,114707,2,6,2,06,19,6,,0,0,1,0,0,0,0
"POINT (8.559213801000000 49.465137693000003)",Unfall 114708 (2016) Kat:2, Licht: 0,114708,2,5,1,06,13,4,,0,1,0,0,0,0,0
"POINT (8.492675187000000 49.476322879999998)",Unfall 114785 (2016) Kat:3, Licht: 0,114785,3,3,5,06,21,2,,0,1,1,0,0,0,0
"POINT (8.479847416000000 49.462266255999999)",Unfall 114798 (2016) Kat:3, Licht: 0,114798,3,1,4,06,13,3,,0,1,1,0,0,0,0
"POINT (8.507912400000000 49.512289473999999)",Unfall 114811 (2016) Kat:3, Licht: 0,114811,3,3,5,06,16,3,,0,1,1,0,0,0,0
"POINT (8.490069028000001 49.470287605000003)",Unfall 114822 (2016) Kat:3, Licht: 0,114822,3,1,0,06,16,1,,0,0,0,0,1,0,0
"POINT (8.466226174999999 49.530810950000003)",Unfall 114864 (2016) Kat:3, Licht: 0,114864,3,3,5,06,15,3,,0,0,1,0,1,0,0
"POINT (8.538869297000000 49.418867222000003)",Unfall 114869 (2016) Kat:3, Licht: 0,114869,3,3,5,06,18,4,,0,1,1,0,0,0,0
"POINT (8.480590065000000 49.458122766999999)",Unfall 114930 (2016) Kat:3, Licht: 0,114930,3,6,2,06,15,6,,0,0,1,0,0,0,1
"POINT (8.485294314000001 49.459191980000000)",Unfall 114937 (2016) Kat:3, Licht: 0,114937,3,3,5,06,10,6,,0,0,1,0,0,0,0
"POINT (8.546710749000001 49.511304389000003)",Unfall 114940 (2016) Kat:3, Licht: 0,114940,3,7,5,06,09,6,,0,1,1,0,0,0,0
"POINT (8.506888783000001 49.509461963000000)",Unfall 114952 (2016) Kat:3, Licht: 0,114952,3,3,5,06,13,6,,0,0,1,0,1,0,0
"POINT (8.496040728000001 49.508823784999997)",Unfall 114968 (2016) Kat:3, Licht: 0,114968,3,7,0,07,16,3,,0,0,1,0,0,0,0
"POINT (8.503810505000001 49.527320801000002)",Unfall 114993 (2016) Kat:3, Licht: 0,114993,3,3,5,07,16,3,,0,1,1,0,0,0,0
"POINT (8.517182974000001 49.506755484000003)",Unfall 115005 (2016) Kat:3, Licht: 0,115005,3,5,0,06,18,5,,0,1,1,0,0,0,0
"POINT (8.476087752000000 49.481165627000003)",Unfall 115104 (2016) Kat:3, Licht: 0,115104,3,7,0,07,14,3,,0,1,0,0,0,0,0
"POINT (8.472765235000001 49.492369175999997)",Unfall 115152 (2016) Kat:3, Licht: 0,115152,3,1,8,07,07,7,,0,0,1,0,0,0,0
"POINT (8.470339113000000 49.503012775999998)",Unfall 115168 (2016) Kat:3, Licht: 0,115168,3,3,5,07,17,6,,0,1,1,0,0,0,0
"POINT (8.478925234000000 49.452808746000002)",Unfall 115175 (2016) Kat:2, Licht: 0,115175,2,6,3,07,11,1,,0,1,1,0,0,0,0
"POINT (8.505989348000000 49.463832883999999)",Unfall 115234 (2016) Kat:3, Licht: 0,115234,3,3,5,07,09,6,,0,0,1,0,0,0,0
"POINT (8.531371231000000 49.430704317000000)",Unfall 115236 (2016) Kat:3, Licht: 0,115236,3,3,5,07,15,6,,0,0,1,0,0,0,0
"POINT (8.480153257000000 49.477637790999999)",Unfall 115239 (2016) Kat:3, Licht: 0,115239,3,3,5,07,18,6,,0,1,0,0,1,0,0
"POINT (8.466748306000000 49.487545984999997)",Unfall 115365 (2016) Kat:2, Licht: 0,115365,2,7,0,07,13,4,,0,0,0,0,0,0,1
"POINT (8.499417197000000 49.460559259000000)",Unfall 115372 (2016) Kat:3, Licht: 0,115372,3,7,0,07,16,4,,0,0,1,0,1,0,0
"POINT (8.529051110999999 49.490686738999997)",Unfall 115436 (2016) Kat:3, Licht: 0,115436,3,5,1,07,09,7,,0,1,1,0,0,0,0
"POINT (8.481031026000000 49.542165971000003)",Unfall 115460 (2016) Kat:3, Licht: 0,115460,3,2,5,07,14,5,,0,0,1,0,0,0,0
"POINT (8.517589718000000 49.505537085999997)",Unfall 115469 (2016) Kat:3, Licht: 0,115469,3,3,5,07,14,7,,0,0,1,0,0,0,1
"POINT (8.474460106000000 49.480924086999998)",Unfall 115553 (2016) Kat:3, Licht: 2,115553,3,5,5,07,21,2,,2,1,0,0,0,0,0
"POINT (8.556587864000001 49.514035225999997)",Unfall 115560 (2016) Kat:3, Licht: 0,115560,3,6,3,07,15,2,,0,0,1,0,1,0,0
"POINT (8.478664503999999 49.497938752000003)",Unfall 115565 (2016) Kat:3, Licht: 0,115565,3,3,5,07,12,2,,0,1,1,0,0,0,0
"POINT (8.477481372000000 49.478323658999997)",Unfall 115639 (2016) Kat:3, Licht: 0,115639,3,2,6,07,14,3,,0,0,1,1,0,0,0
"POINT (8.473669440000000 49.483827167000001)",Unfall 115650 (2016) Kat:3, Licht: 0,115650,3,6,2,07,18,3,,0,0,1,0,0,0,0
"POINT (8.513511424000001 49.452268930000002)",Unfall 115690 (2016) Kat:2, Licht: 0,115690,2,6,1,07,15,6,,0,0,1,0,1,0,0
"POINT (8.468915716000000 49.546540944000000)",Unfall 115701 (2016) Kat:3, Licht: 0,115701,3,6,2,07,15,4,,0,0,1,0,0,0,0
"POINT (8.467040549000000 49.505306294000000)",Unfall 115709 (2016) Kat:3, Licht: 0,115709,3,4,6,07,15,4,,0,0,1,1,0,0,0
"POINT (8.496112220000001 49.509759897000002)",Unfall 115723 (2016) Kat:3, Licht: 0,115723,3,6,2,07,12,4,,0,0,1,0,0,0,0
"POINT (8.464181067000000 49.490486879999999)",Unfall 115730 (2016) Kat:3, Licht: 0,115730,3,3,5,07,13,4,,0,1,1,0,0,0,0
"POINT (8.505818480000000 49.506813371000000)",Unfall 115734 (2016) Kat:3, Licht: 0,115734,3,2,4,07,12,4,,0,0,1,0,0,0,0
"POINT (8.514628003000000 49.460874566999998)",Unfall 115766 (2016) Kat:3, Licht: 0,115766,3,7,3,07,18,2,,0,0,1,0,0,0,0
"POINT (8.551339177999999 49.495959849000002)",Unfall 115804 (2016) Kat:3, Licht: 0,115804,3,5,8,07,10,3,,0,0,1,0,0,0,0
"POINT (8.483722714000001 49.497332827000001)",Unfall 115827 (2016) Kat:3, Licht: 0,115827,3,3,5,07,09,4,,0,1,1,0,0,0,0
"POINT (8.471410113999999 49.500116235999997)",Unfall 115853 (2016) Kat:3, Licht: 0,115853,3,6,3,07,13,7,,0,0,1,0,0,0,0
"POINT (8.470499553000000 49.472346010000003)",Unfall 115857 (2016) Kat:3, Licht: 0,115857,3,4,6,07,07,3,,0,0,1,1,0,0,0
"POINT (8.466037764999999 49.530846916000002)",Unfall 115879 (2016) Kat:3, Licht: 0,115879,3,6,2,07,07,4,,0,0,1,0,0,0,0
"POINT (8.499235853000000 49.473275694000002)",Unfall 115909 (2016) Kat:2, Licht: 0,115909,2,3,5,07,19,3,,0,0,1,0,0,0,1
"POINT (8.469201743999999 49.491007088000003)",Unfall 115919 (2016) Kat:3, Licht: 0,115919,3,7,0,07,21,2,,0,1,0,0,0,0,0
"POINT (8.488741489000001 49.498766689000000)",Unfall 115960 (2016) Kat:3, Licht: 0,115960,3,3,6,07,07,3,,0,0,1,1,0,0,0
"POINT (8.481132798000001 49.456834594000000)",Unfall 115979 (2016) Kat:3, Licht: 0,115979,3,3,5,07,19,4,,0,1,1,0,0,0,0
"POINT (8.449197864000000 49.542366579999999)",Unfall 116006 (2016) Kat:2, Licht: 0,116006,2,3,5,07,09,3,,0,1,1,0,0,0,0
"POINT (8.468643129000000 49.497777278000001)",Unfall 116057 (2016) Kat:2, Licht: 0,116057,2,3,5,07,15,6,,0,1,1,0,0,0,0
"POINT (8.498990396000000 49.453735444000003)",Unfall 116064 (2016) Kat:3, Licht: 0,116064,3,2,5,07,17,2,,0,1,1,0,0,0,0
"POINT (8.464728868000000 49.495495312999999)",Unfall 116106 (2016) Kat:3, Licht: 0,116106,3,3,5,07,05,7,,0,0,1,0,1,0,0
"POINT (8.480535902000000 49.526094303999997)",Unfall 116111 (2016) Kat:2, Licht: 0,116111,2,7,0,07,08,6,,0,1,0,0,0,0,0
"POINT (8.493655637000000 49.448339171999997)",Unfall 116159 (2016) Kat:3, Licht: 0,116159,3,3,5,07,19,7,,0,0,1,0,0,0,0
"POINT (8.497257958000001 49.520039746999998)",Unfall 116164 (2016) Kat:2, Licht: 0,116164,2,2,5,07,17,6,,0,0,1,0,0,0,0
"POINT (8.492134230000000 49.506750639000003)",Unfall 116217 (2016) Kat:3, Licht: 0,116217,3,3,0,07,11,2,,0,1,0,0,0,0,1
"POINT (8.495458743000000 49.451517178000003)",Unfall 116219 (2016) Kat:3, Licht: 0,116219,3,6,2,07,18,5,,0,0,1,0,0,0,0
"POINT (8.478117299999999 49.483325854000000)",Unfall 116260 (2016) Kat:3, Licht: 0,116260,3,6,3,07,11,7,,0,0,1,0,0,0,0
"POINT (8.509836009000001 49.497914887000000)",Unfall 116264 (2016) Kat:3, Licht: 0,116264,3,6,2,07,16,6,,0,0,1,0,0,0,0
"POINT (8.479115052999999 49.459603155000003)",Unfall 116275 (2016) Kat:3, Licht: 0,116275,3,6,0,07,20,7,,0,0,1,0,1,0,0
"POINT (8.507791815999999 49.498498507000001)",Unfall 116287 (2016) Kat:3, Licht: 0,116287,3,6,2,07,07,6,,0,0,1,0,0,1,0
"POINT (8.466055872000000 49.487819348000002)",Unfall 116309 (2016) Kat:3, Licht: 0,116309,3,7,1,07,17,3,,0,1,1,0,0,0,0
"POINT (8.493814861000001 49.524400538999998)",Unfall 116324 (2016) Kat:3, Licht: 0,116324,3,2,5,07,09,5,,0,0,1,0,0,0,0
"POINT (8.497473559000000 49.450579738000002)",Unfall 116375 (2016) Kat:3, Licht: 0,116375,3,3,5,07,08,5,,0,0,1,0,0,0,0
"POINT (8.530094627000000 49.496356022999997)",Unfall 116427 (2016) Kat:3, Licht: 0,116427,3,3,5,07,14,4,,0,1,1,0,0,0,0
"POINT (8.470504450000000 49.502503713000003)",Unfall 116478 (2016) Kat:3, Licht: 0,116478,3,3,5,07,14,5,,0,1,1,0,0,0,0
"POINT (8.468754227000000 49.485736359000001)",Unfall 116596 (2016) Kat:2, Licht: 2,116596,2,2,3,08,20,5,,2,1,1,0,0,0,0
"POINT (8.507512014000000 49.517856876000003)",Unfall 116614 (2016) Kat:3, Licht: 1,116614,3,3,0,08,18,2,,1,0,0,0,0,0,1
"POINT (8.491985241000000 49.482374710999999)",Unfall 116629 (2016) Kat:3, Licht: 0,116629,3,5,1,08,15,4,,0,0,1,0,0,0,0
"POINT (8.482493181000001 49.481197948000002)",Unfall 116642 (2016) Kat:3, Licht: 0,116642,3,6,3,08,07,4,,0,0,1,0,1,0,0
"POINT (8.468281656000000 49.493758700999997)",Unfall 116666 (2016) Kat:3, Licht: 0,116666,3,6,2,08,12,7,,0,0,1,0,0,0,0
"POINT (8.497358534000000 49.503007173000000)",Unfall 116668 (2016) Kat:3, Licht: 0,116668,3,6,2,08,10,6,,0,0,1,0,0,0,0
"POINT (8.579234394000000 49.439983312999999)",Unfall 116726 (2016) Kat:3, Licht: 0,116726,3,3,5,07,14,1,,0,0,1,0,0,0,0
"POINT (8.454780102000001 49.523578442999998)",Unfall 116733 (2016) Kat:2, Licht: 0,116733,2,1,9,07,08,1,,0,0,1,0,0,0,0
"POINT (8.471005443999999 49.476252236999997)",Unfall 116767 (2016) Kat:3, Licht: 0,116767,3,3,5,08,15,3,,0,0,1,0,0,0,0
"POINT (8.469933502000000 49.504587174000001)",Unfall 116770 (2016) Kat:2, Licht: 1,116770,2,2,5,08,20,7,,1,1,1,0,0,0,0
"POINT (8.491184250000000 49.460882646999998)",Unfall 116772 (2016) Kat:3, Licht: 0,116772,3,3,5,08,14,6,,0,0,1,0,0,0,0
"POINT (8.497590296000000 49.461104638000002)",Unfall 116782 (2016) Kat:3, Licht: 0,116782,3,2,5,08,07,5,,0,1,1,0,0,0,0
"POINT (8.457394618000000 49.491294666000002)",Unfall 116803 (2016) Kat:3, Licht: 0,116803,3,1,0,08,18,2,,0,1,0,0,0,0,0
"POINT (8.510072664000001 49.516964406000000)",Unfall 116823 (2016) Kat:3, Licht: 0,116823,3,2,5,08,14,5,,0,1,1,0,0,0,0
"POINT (8.493019628000001 49.461505647999999)",Unfall 116828 (2016) Kat:2, Licht: 0,116828,2,5,1,08,17,5,,0,1,1,0,0,0,0
"POINT (8.456376606999999 49.488129409000003)",Unfall 116856 (2016) Kat:3, Licht: 2,116856,3,5,1,08,04,7,,2,1,1,0,0,0,0
"POINT (8.482999120000001 49.481468448000001)",Unfall 116992 (2016) Kat:3, Licht: 0,116992,3,3,5,08,08,4,,0,0,1,0,0,0,0
"POINT (8.491687341000000 49.477975460000003)",Unfall 117005 (2016) Kat:3, Licht: 0,117005,3,3,5,08,06,4,,0,0,1,0,0,0,0
"POINT (8.500980442000000 49.505699567999997)",Unfall 117018 (2016) Kat:3, Licht: 0,117018,3,7,6,08,08,4,,0,1,0,1,0,0,0
"POINT (8.491112169000001 49.491304227000001)",Unfall 117025 (2016) Kat:3, Licht: 0,117025,3,3,5,08,18,3,,0,1,1,0,0,0,0
"POINT (8.515494470000000 49.418551528000002)",Unfall 117027 (2016) Kat:2, Licht: 1,117027,2,1,4,08,06,6,,1,0,1,0,0,0,0
"POINT (8.469606742000000 49.490164311000001)",Unfall 117033 (2016) Kat:3, Licht: 2,117033,3,5,1,08,23,7,,2,1,1,0,0,0,0
"POINT (8.463248064000000 49.490782512999999)",Unfall 117040 (2016) Kat:3, Licht: 0,117040,3,3,5,08,09,4,,0,1,1,0,0,0,0
"POINT (8.465627816000000 49.484586671999999)",Unfall 117070 (2016) Kat:3, Licht: 0,117070,3,3,5,08,13,2,,0,1,1,0,0,0,0
"POINT (8.467094937000001 49.501024358000002)",Unfall 117075 (2016) Kat:3, Licht: 0,117075,3,3,5,08,16,4,,0,1,1,0,0,0,0
"POINT (8.469415569000001 49.493765113000002)",Unfall 117079 (2016) Kat:2, Licht: 2,117079,2,1,0,08,04,4,,2,0,1,0,0,0,0
"POINT (8.486807749000001 49.496507493999999)",Unfall 117109 (2016) Kat:3, Licht: 0,117109,3,6,2,08,14,3,,0,0,1,0,0,0,0
"POINT (8.483332279000001 49.489686730000003)",Unfall 117115 (2016) Kat:3, Licht: 0,117115,3,3,5,08,18,7,,0,0,1,0,1,0,0
"POINT (8.483730678000001 49.510299525000001)",Unfall 117118 (2016) Kat:3, Licht: 0,117118,3,6,2,08,19,3,,0,0,1,0,0,0,1
"POINT (8.500279169000001 49.514266571999997)",Unfall 117123 (2016) Kat:3, Licht: 0,117123,3,6,2,08,19,3,,0,0,1,0,0,0,0
"POINT (8.511240644000001 49.513355046999997)",Unfall 117126 (2016) Kat:3, Licht: 0,117126,3,5,1,08,10,3,,0,1,1,0,0,0,0
"POINT (8.545315489000000 49.473658053000001)",Unfall 117133 (2016) Kat:2, Licht: 2,117133,2,1,9,08,01,3,,2,0,1,0,0,0,0
"POINT (8.482857250000000 49.481393156999999)",Unfall 117158 (2016) Kat:3, Licht: 0,117158,3,3,5,08,15,5,,0,0,1,0,0,0,0
"POINT (8.560158329000000 49.463598460000000)",Unfall 117186 (2016) Kat:3, Licht: 0,117186,3,6,4,08,16,2,,0,1,1,0,0,0,0
"POINT (8.471532828999999 49.511478912000001)",Unfall 117194 (2016) Kat:3, Licht: 0,117194,3,5,1,08,15,5,,0,1,0,0,0,0,1
"POINT (8.466660667999999 49.499395548999999)",Unfall 117206 (2016) Kat:3, Licht: 0,117206,3,2,5,08,10,5,,0,1,1,0,0,0,0
"POINT (8.496123034000000 49.514986635000000)",Unfall 117251 (2016) Kat:3, Licht: 0,117251,3,5,9,08,15,5,,0,0,1,0,0,0,0
"POINT (8.478302885000000 49.508638836000003)",Unfall 117265 (2016) Kat:2, Licht: 0,117265,2,2,2,08,16,5,,0,0,1,0,1,0,0
"POINT (8.490686770000000 49.497448488000003)",Unfall 117278 (2016) Kat:3, Licht: 0,117278,3,3,5,08,13,7,,0,1,1,0,0,0,0
"POINT (8.487481372000000 49.484882632999998)",Unfall 117321 (2016) Kat:2, Licht: 2,117321,2,3,5,08,21,5,,2,1,0,0,0,0,0
"POINT (8.467706429000000 49.488102939999997)",Unfall 117341 (2016) Kat:3, Licht: 0,117341,3,2,3,08,10,3,,0,1,1,0,0,0,0
"POINT (8.453028989000000 49.521126133999999)",Unfall 117351 (2016) Kat:3, Licht: 0,117351,3,3,5,08,07,3,,0,0,1,0,0,0,1
"POINT (8.471340733000000 49.493471169999999)",Unfall 117357 (2016) Kat:3, Licht: 0,117357,3,6,2,08,15,3,,0,0,1,0,0,0,0
"POINT (8.466249881000000 49.530821353999997)",Unfall 117442 (2016) Kat:3, Licht: 2,117442,3,4,6,08,22,1,,2,0,0,1,0,0,1
"POINT (8.499906415000000 49.529287918999998)",Unfall 117461 (2016) Kat:3, Licht: 0,117461,3,3,5,08,15,6,,0,0,1,0,1,0,0
"POINT (8.489772587999999 49.529870832999997)",Unfall 117473 (2016) Kat:3, Licht: 0,117473,3,3,5,08,08,6,,0,1,1,0,0,0,0
"POINT (8.502291799000000 49.504319549999998)",Unfall 117496 (2016) Kat:3, Licht: 0,117496,3,7,0,08,15,6,,0,1,0,0,0,0,0
"POINT (8.481010765000001 49.547031146999998)",Unfall 117562 (2016) Kat:3, Licht: 0,117562,3,1,0,08,16,5,,0,1,0,0,0,0,0
"POINT (8.500392655000001 49.505441511999997)",Unfall 117570 (2016) Kat:3, Licht: 0,117570,3,6,2,09,15,6,,0,0,1,0,0,0,0
"POINT (8.490701652000000 49.460767849000000)",Unfall 117571 (2016) Kat:3, Licht: 0,117571,3,6,1,09,18,5,,0,0,1,0,0,1,0
"POINT (8.501117764000000 49.502036066000002)",Unfall 117581 (2016) Kat:3, Licht: 2,117581,3,5,5,09,00,6,,2,1,0,0,1,0,0
"POINT (8.524109950000000 49.445198071999997)",Unfall 117601 (2016) Kat:2, Licht: 0,117601,2,5,1,09,12,7,,0,1,1,0,0,0,0
"POINT (8.486281174000000 49.455599792000001)",Unfall 117614 (2016) Kat:3, Licht: 0,117614,3,3,5,09,16,6,,0,1,1,0,0,0,0
"POINT (8.467113111000000 49.490300742999999)",Unfall 117626 (2016) Kat:3, Licht: 2,117626,3,7,6,09,21,6,,2,0,1,1,0,0,0
"POINT (8.506666119000000 49.512508693000001)",Unfall 117627 (2016) Kat:3, Licht: 0,117627,3,5,5,09,12,5,,0,1,1,0,0,0,0
"POINT (8.482019054000000 49.464929838000003)",Unfall 117703 (2016) Kat:3, Licht: 0,117703,3,3,1,08,12,4,,0,1,1,0,0,0,0
"POINT (8.462654705000000 49.490054403999999)",Unfall 117707 (2016) Kat:3, Licht: 0,117707,3,3,5,08,16,4,,0,0,1,0,1,0,0
"POINT (8.470053945000000 49.504636132999998)",Unfall 117714 (2016) Kat:3, Licht: 0,117714,3,2,5,09,11,7,,0,0,1,0,0,0,1
"POINT (8.482007897000001 49.453915991999999)",Unfall 117738 (2016) Kat:3, Licht: 0,117738,3,6,1,09,18,5,,0,0,1,0,0,0,0
"POINT (8.505800021000001 49.463666406999998)",Unfall 117776 (2016) Kat:3, Licht: 0,117776,3,6,2,08,12,2,,0,0,1,0,0,0,1
"POINT (8.471915265000000 49.494052809999999)",Unfall 117784 (2016) Kat:3, Licht: 0,117784,3,6,1,09,15,7,,0,0,1,0,0,0,0
"POINT (8.487945162999999 49.479531860999998)",Unfall 117785 (2016) Kat:3, Licht: 0,117785,3,3,5,08,14,3,,0,1,1,0,0,0,0
"POINT (8.507301819000000 49.514075104000000)",Unfall 117787 (2016) Kat:3, Licht: 0,117787,3,3,5,08,11,2,,0,1,1,0,0,0,0
"POINT (8.476489273000000 49.465125581999999)",Unfall 117794 (2016) Kat:3, Licht: 0,117794,3,3,5,08,16,3,,0,1,0,0,0,0,1
"POINT (8.445736455000001 49.544127820999996)",Unfall 117813 (2016) Kat:3, Licht: 0,117813,3,3,5,09,11,6,,0,1,1,0,0,0,0
"POINT (8.478737860000001 49.488779669000003)",Unfall 117838 (2016) Kat:3, Licht: 0,117838,3,5,1,09,16,5,,0,0,1,0,0,0,0
"POINT (8.486181584000001 49.505500372000000)",Unfall 117851 (2016) Kat:3, Licht: 0,117851,3,1,0,09,19,6,,0,1,0,0,0,0,0
"POINT (8.465314802000000 49.488061725999998)",Unfall 117866 (2016) Kat:3, Licht: 0,117866,3,4,6,09,16,6,,0,1,0,1,0,0,0
"POINT (8.477481075000000 49.491449549999999)",Unfall 117870 (2016) Kat:3, Licht: 0,117870,3,6,1,09,08,4,,0,0,1,0,0,0,0
"POINT (8.466412452000000 49.499552977000000)",Unfall 117871 (2016) Kat:3, Licht: 0,117871,3,5,1,09,10,3,,0,1,1,0,0,0,0
"POINT (8.463729881000001 49.486410917999997)",Unfall 117875 (2016) Kat:3, Licht: 0,117875,3,2,2,09,16,3,,0,1,1,0,0,0,0
"POINT (8.484994083000000 49.513505707000000)",Unfall 117882 (2016) Kat:3, Licht: 0,117882,3,5,5,09,08,4,,0,0,1,0,1,1,0
"POINT (8.546211860000000 49.466511988999997)",Unfall 117883 (2016) Kat:2, Licht: 0,117883,2,1,9,09,12,3,,0,0,1,0,0,0,0
"POINT (8.480959795000000 49.539125198000001)",Unfall 117891 (2016) Kat:3, Licht: 0,117891,3,3,5,09,13,4,,0,0,1,0,0,0,1
"POINT (8.489206458000000 49.512409259000002)",Unfall 117905 (2016) Kat:3, Licht: 0,117905,3,7,2,09,13,6,,0,0,1,0,1,0,0
"POINT (8.523425275999999 49.450063917999998)",Unfall 117963 (2016) Kat:3, Licht: 0,117963,3,2,4,09,07,2,,0,0,1,0,0,0,1
"POINT (8.463082952000001 49.487928572999998)",Unfall 117974 (2016) Kat:3, Licht: 0,117974,3,7,6,09,13,2,,0,0,1,1,0,0,0
"POINT (8.483983371000001 49.474009770999999)",Unfall 117983 (2016) Kat:3, Licht: 0,117983,3,2,3,09,17,5,,0,1,1,0,0,0,0
"POINT (8.484170482000000 49.510277725999998)",Unfall 118131 (2016) Kat:3, Licht: 0,118131,3,6,1,09,16,3,,0,0,1,0,0,0,1
"POINT (8.507184625000001 49.517962277999999)",Unfall 118183 (2016) Kat:3, Licht: 0,118183,3,3,5,09,09,3,,0,0,1,0,1,0,0
"POINT (8.470724853000000 49.487834247000002)",Unfall 118238 (2016) Kat:3, Licht: 1,118238,3,7,6,09,19,5,,1,0,1,1,0,0,0
"POINT (8.487627127000000 49.452840244999997)",Unfall 118273 (2016) Kat:3, Licht: 0,118273,3,5,1,09,09,7,,0,1,1,0,0,0,0
"POINT (8.511256121000001 49.504847026999997)",Unfall 118284 (2016) Kat:3, Licht: 0,118284,3,3,5,09,19,7,,0,0,1,0,0,0,0
"POINT (8.467971931999999 49.483609248999997)",Unfall 118290 (2016) Kat:3, Licht: 0,118290,3,3,5,09,09,7,,0,0,1,0,0,0,0
"POINT (8.469267251000000 49.488414343000002)",Unfall 118338 (2016) Kat:2, Licht: 0,118338,2,5,1,09,19,4,,0,1,1,0,0,0,0
"POINT (8.488313326000000 49.497540927000003)",Unfall 118396 (2016) Kat:3, Licht: 0,118396,3,3,0,09,15,6,,0,1,1,0,0,0,0
"POINT (8.574170293000000 49.444035288999999)",Unfall 118412 (2016) Kat:2, Licht: 2,118412,2,5,9,09,05,1,,2,0,1,0,0,0,1
"POINT (8.479037670000000 49.459709560000000)",Unfall 118440 (2016) Kat:3, Licht: 0,118440,3,3,5,09,14,4,,0,1,1,0,0,0,0
"POINT (8.481991432999999 49.523426933000003)",Unfall 118458 (2016) Kat:3, Licht: 0,118458,3,7,0,09,17,2,,0,1,0,0,0,0,0
"POINT (8.493618005000000 49.475956468000000)",Unfall 118487 (2016) Kat:2, Licht: 0,118487,2,7,5,09,13,4,,0,0,1,0,0,0,0
"POINT (8.506904506000000 49.509458281999997)",Unfall 118515 (2016) Kat:3, Licht: 0,118515,3,2,5,09,09,1,,0,0,1,0,0,0,0
"POINT (8.478276526000000 49.496793640999996)",Unfall 118526 (2016) Kat:3, Licht: 0,118526,3,3,5,09,18,4,,0,1,1,0,0,0,0
"POINT (8.458102716999999 49.498270449000003)",Unfall 118588 (2016) Kat:3, Licht: 0,118588,3,2,4,09,11,4,,0,0,0,0,0,1,1
"POINT (8.477336661000001 49.481128927000000)",Unfall 118592 (2016) Kat:3, Licht: 0,118592,3,5,1,09,17,3,,0,1,0,0,1,0,0
"POINT (8.469130578000000 49.498396958999997)",Unfall 118599 (2016) Kat:3, Licht: 0,118599,3,3,5,09,12,1,,0,0,1,0,0,0,0
"POINT (8.471178204999999 49.479317533000000)",Unfall 118616 (2016) Kat:3, Licht: 2,118616,3,3,3,09,01,5,,2,1,1,0,0,0,0
"POINT (8.494371120000000 49.521591217000001)",Unfall 118642 (2016) Kat:3, Licht: 2,118642,3,3,5,09,05,3,,2,0,1,0,1,0,0
"POINT (8.475093340000001 49.451661399999999)",Unfall 118703 (2016) Kat:3, Licht: 2,118703,3,1,9,09,20,1,,2,0,1,0,0,0,0
"POINT (8.481120777999999 49.476113015999999)",Unfall 118735 (2016) Kat:3, Licht: 0,118735,3,4,6,09,19,6,,0,1,0,1,0,0,0
"POINT (8.472112482000000 49.486318476000001)",Unfall 118753 (2016) Kat:3, Licht: 0,118753,3,6,0,09,07,2,,0,1,0,0,0,0,1
"POINT (8.448340891000001 49.549064623000000)",Unfall 118762 (2016) Kat:3, Licht: 0,118762,3,5,1,09,16,7,,0,0,1,0,0,0,0
"POINT (8.463896340000000 49.518291824999999)",Unfall 118787 (2016) Kat:3, Licht: 1,118787,3,3,5,09,05,5,,1,0,1,0,0,0,0
"POINT (8.511023058999999 49.513394662000003)",Unfall 118792 (2016) Kat:1, Licht: 0,118792,1,4,6,09,09,7,,0,0,1,1,0,0,0
"POINT (8.492685413000000 49.506270526999998)",Unfall 118794 (2016) Kat:3, Licht: 0,118794,3,5,5,09,11,5,,0,0,1,0,0,0,1
"POINT (8.473081079000000 49.515968155000003)",Unfall 118801 (2016) Kat:2, Licht: 0,118801,2,6,2,09,13,5,,0,0,1,0,0,1,0
"POINT (8.473325264000000 49.450999647000003)",Unfall 118807 (2016) Kat:3, Licht: 0,118807,3,3,5,09,11,5,,0,1,0,0,0,0,1
"POINT (8.476140865000000 49.526930907000001)",Unfall 118808 (2016) Kat:3, Licht: 0,118808,3,6,2,09,15,1,,0,0,1,1,1,0,0
"POINT (8.500294480000001 49.474330725999998)",Unfall 118889 (2016) Kat:3, Licht: 0,118889,3,6,2,09,08,5,,0,0,1,0,0,0,0
"POINT (8.527157605999999 49.443405175999999)",Unfall 118899 (2016) Kat:2, Licht: 0,118899,2,2,6,09,16,5,,0,0,1,1,0,0,0
"POINT (8.524715992999999 49.487975386000002)",Unfall 118904 (2016) Kat:3, Licht: 0,118904,3,7,6,10,16,7,,0,0,0,1,0,0,1
"POINT (8.509508585000001 49.529311049999997)",Unfall 118973 (2016) Kat:2, Licht: 0,118973,2,7,0,09,11,6,,0,1,0,0,0,0,0
"POINT (8.491364389999999 49.477725085000003)",Unfall 119009 (2016) Kat:3, Licht: 0,119009,3,6,2,10,07,7,,0,0,1,0,0,0,1
"POINT (8.473611289999999 49.449090140000003)",Unfall 119025 (2016) Kat:3, Licht: 0,119025,3,6,1,09,10,4,,0,1,1,0,0,0,0
"POINT (8.528552504000000 49.445467311999998)",Unfall 119061 (2016) Kat:3, Licht: 1,119061,3,6,1,10,18,7,,1,0,1,0,0,0,0
"POINT (8.527730296000000 49.415442902000002)",Unfall 119078 (2016) Kat:3, Licht: 0,119078,3,2,3,09,09,6,,0,0,0,0,1,0,1
"POINT (8.470590971000000 49.514093133000003)",Unfall 119118 (2016) Kat:3, Licht: 0,119118,3,2,2,10,14,2,,0,0,1,0,0,0,0
"POINT (8.490240091000000 49.478521462000003)",Unfall 119129 (2016) Kat:3, Licht: 0,119129,3,3,5,09,13,6,,0,0,1,0,0,0,0
"POINT (8.475704995999999 49.473517160000000)",Unfall 119167 (2016) Kat:3, Licht: 2,119167,3,3,5,10,21,1,,2,0,1,0,0,0,0
"POINT (8.491031789000001 49.453344442999999)",Unfall 119191 (2016) Kat:3, Licht: 0,119191,3,6,2,10,15,3,,0,0,1,0,0,0,0
"POINT (8.492508866000000 49.452983531999998)",Unfall 119193 (2016) Kat:3, Licht: 2,119193,3,5,1,10,21,3,,2,0,1,0,0,0,0
"POINT (8.504781655000000 49.501142557999998)",Unfall 119197 (2016) Kat:3, Licht: 2,119197,3,3,5,10,06,3,,2,0,1,0,0,0,0
"POINT (8.465171842000000 49.486636271999998)",Unfall 119205 (2016) Kat:3, Licht: 0,119205,3,7,6,10,18,3,,0,0,1,1,0,0,0
"POINT (8.542043382999999 49.520205523000001)",Unfall 119232 (2016) Kat:3, Licht: 2,119232,3,3,5,10,23,2,,2,0,0,0,1,0,1
"POINT (8.474772506000001 49.490856319000002)",Unfall 119237 (2016) Kat:3, Licht: 0,119237,3,3,5,10,07,3,,0,0,1,0,0,0,0
"POINT (8.478694414000000 49.478949653999997)",Unfall 119245 (2016) Kat:3, Licht: 2,119245,3,3,5,10,21,4,,2,0,1,0,1,0,0
"POINT (8.475443130000000 49.465109441000003)",Unfall 119252 (2016) Kat:3, Licht: 0,119252,3,3,5,10,15,3,,0,0,1,0,0,0,1
"POINT (8.473200341000000 49.539271002000000)",Unfall 119278 (2016) Kat:3, Licht: 2,119278,3,3,5,10,05,1,,2,0,1,0,0,1,0
"POINT (8.460363099000000 49.519174319999998)",Unfall 119283 (2016) Kat:3, Licht: 1,119283,3,6,2,10,06,4,,1,0,1,0,0,1,0
"POINT (8.472542696000000 49.499766559000001)",Unfall 119300 (2016) Kat:3, Licht: 0,119300,3,5,3,10,08,3,,0,1,1,0,0,0,0
"POINT (8.491459389999999 49.477690224000000)",Unfall 119307 (2016) Kat:3, Licht: 2,119307,3,2,5,10,23,6,,2,0,1,0,0,0,0
"POINT (8.504037034000000 49.502121000999999)",Unfall 119316 (2016) Kat:3, Licht: 0,119316,3,2,4,10,16,6,,0,0,1,0,1,0,0
"POINT (8.489826682000000 49.453662119000001)",Unfall 119333 (2016) Kat:3, Licht: 0,119333,3,5,1,10,13,1,,0,1,1,0,0,0,0
"POINT (8.468576593000000 49.554143412999998)",Unfall 119338 (2016) Kat:3, Licht: 0,119338,3,3,5,10,16,4,,0,1,1,0,0,0,0
"POINT (8.472666178000001 49.516042779999999)",Unfall 119341 (2016) Kat:2, Licht: 0,119341,2,3,5,10,13,4,,0,0,1,0,0,0,0
"POINT (8.514958844000001 49.421356563000003)",Unfall 119366 (2016) Kat:3, Licht: 0,119366,3,2,1,10,16,5,,0,0,0,0,1,0,1
"POINT (8.506461955000001 49.502574639000002)",Unfall 119405 (2016) Kat:3, Licht: 2,119405,3,7,1,10,04,1,,2,0,1,0,0,0,0
"POINT (8.471541122000000 49.511514548999997)",Unfall 119406 (2016) Kat:3, Licht: 0,119406,3,6,1,10,15,4,,0,0,1,0,0,0,0
"POINT (8.487047645000001 49.463184468000001)",Unfall 119416 (2016) Kat:3, Licht: 0,119416,3,2,4,10,15,4,,0,1,1,0,0,0,0
"POINT (8.514258936999999 49.450370896999999)",Unfall 119426 (2016) Kat:3, Licht: 1,119426,3,2,5,10,07,2,,1,1,1,0,0,0,0
"POINT (8.477659471000001 49.478417681000003)",Unfall 119477 (2016) Kat:3, Licht: 1,119477,3,2,5,10,18,2,,1,1,1,0,0,0,0
"POINT (8.505580377999999 49.514353034000003)",Unfall 119478 (2016) Kat:3, Licht: 0,119478,3,5,5,10,16,2,,0,1,1,0,0,0,0
"POINT (8.500285792000000 49.514194474999996)",Unfall 119483 (2016) Kat:3, Licht: 0,119483,3,3,5,10,14,5,,0,1,1,0,0,0,0
"POINT (8.534274346000000 49.417825387000001)",Unfall 119515 (2016) Kat:3, Licht: 0,119515,3,3,5,10,16,1,,0,0,1,0,0,0,0
"POINT (8.459953961000000 49.497029914000002)",Unfall 119542 (2016) Kat:3, Licht: 0,119542,3,7,2,10,14,2,,0,1,1,0,0,0,0
"POINT (8.464752713999999 49.491227690000002)",Unfall 119563 (2016) Kat:3, Licht: 0,119563,3,3,5,10,17,1,,0,1,1,0,0,0,0
"POINT (8.558370725000000 49.466147747999997)",Unfall 119583 (2016) Kat:3, Licht: 0,119583,3,3,5,10,13,6,,0,0,1,0,0,0,1
"POINT (8.508645187000001 49.513791599000001)",Unfall 119586 (2016) Kat:3, Licht: 2,119586,3,2,5,10,23,2,,2,0,1,0,1,0,0
"POINT (8.475778047000000 49.489045396999998)",Unfall 119613 (2016) Kat:3, Licht: 2,119613,3,2,3,10,00,7,,2,0,1,0,0,0,1
"POINT (8.461001800000000 49.492689110999997)",Unfall 119647 (2016) Kat:3, Licht: 0,119647,3,6,3,10,16,2,,0,1,1,0,0,0,0
"POINT (8.479154803000000 49.496576789999999)",Unfall 119669 (2016) Kat:3, Licht: 2,119669,3,5,1,10,04,1,,2,1,1,0,0,0,0
"POINT (8.468892853000000 49.498414586999999)",Unfall 119684 (2016) Kat:3, Licht: 0,119684,3,4,6,10,16,1,,0,0,1,1,0,0,0
"POINT (8.511092584000000 49.518532419000003)",Unfall 119695 (2016) Kat:3, Licht: 2,119695,3,6,2,10,19,2,,2,0,1,0,0,0,0
"POINT (8.464754162000000 49.482381619999998)",Unfall 119697 (2016) Kat:3, Licht: 0,119697,3,5,6,10,17,1,,0,0,1,1,0,0,0
"POINT (8.477198298999999 49.497343891000000)",Unfall 119751 (2016) Kat:3, Licht: 2,119751,3,5,6,10,07,2,,2,0,1,1,0,0,0
"POINT (8.471723793000001 49.479863217000002)",Unfall 119798 (2016) Kat:3, Licht: 1,119798,3,5,3,10,07,3,,1,1,1,0,0,0,0
"POINT (8.555850154000000 49.520764583000002)",Unfall 119805 (2016) Kat:3, Licht: 0,119805,3,3,5,10,12,2,,0,0,1,0,0,0,0
"POINT (8.472125488000000 49.516144632000000)",Unfall 119808 (2016) Kat:3, Licht: 0,119808,3,2,5,10,10,3,,0,0,1,0,0,0,1
"POINT (8.480396407000001 49.497782518999998)",Unfall 119817 (2016) Kat:3, Licht: 1,119817,3,7,0,10,18,3,,1,0,0,1,0,0,1
"POINT (8.523468176000000 49.433640118000000)",Unfall 119823 (2016) Kat:2, Licht: 0,119823,2,4,6,10,14,6,,0,0,1,1,0,0,0
"POINT (8.488037328000001 49.522694274000003)",Unfall 119860 (2016) Kat:2, Licht: 0,119860,2,7,6,10,16,2,,0,0,1,1,0,0,0
"POINT (8.490404205000001 49.483187844000000)",Unfall 119873 (2016) Kat:3, Licht: 2,119873,3,5,1,10,00,1,,2,1,1,0,0,0,0
"POINT (8.471356360000000 49.480976761000001)",Unfall 119897 (2016) Kat:3, Licht: 2,119897,3,2,3,10,19,2,,2,0,1,0,0,0,1
"POINT (8.471703510999999 49.498722178999998)",Unfall 119916 (2016) Kat:3, Licht: 0,119916,3,3,5,10,12,5,,0,1,1,0,0,0,0
"POINT (8.491462165000000 49.477689206000001)",Unfall 119921 (2016) Kat:3, Licht: 2,119921,3,2,5,10,21,1,,2,0,1,0,0,0,0
"POINT (8.448718723000001 49.492111428999998)",Unfall 119922 (2016) Kat:3, Licht: 0,119922,3,5,5,10,13,5,,0,0,1,0,0,1,0
"POINT (8.473661267000001 49.515911500999998)",Unfall 119937 (2016) Kat:3, Licht: 0,119937,3,6,2,10,12,3,,0,0,1,0,0,0,0
"POINT (8.476488304000000 49.465126886000000)",Unfall 119940 (2016) Kat:2, Licht: 0,119940,2,3,5,10,08,3,,0,1,1,0,0,0,0
"POINT (8.468399482000001 49.493822242000000)",Unfall 119967 (2016) Kat:3, Licht: 2,119967,3,2,5,10,21,1,,2,0,1,0,0,0,0
"POINT (8.470226899000000 49.493296700999998)",Unfall 119970 (2016) Kat:3, Licht: 2,119970,3,3,5,10,20,1,,2,0,1,0,0,0,0
"POINT (8.471037984000001 49.510147766000003)",Unfall 120088 (2016) Kat:3, Licht: 0,120088,3,2,4,10,09,6,,0,1,1,0,0,0,0
"POINT (8.556581204000000 49.514211132000000)",Unfall 120093 (2016) Kat:3, Licht: 0,120093,3,2,1,10,09,6,,0,0,1,0,0,0,0
"POINT (8.498888096000000 49.453763907000003)",Unfall 120153 (2016) Kat:3, Licht: 0,120153,3,3,5,10,11,2,,0,1,1,0,0,0,0
"POINT (8.516204715000001 49.513716115999998)",Unfall 120157 (2016) Kat:3, Licht: 0,120157,3,4,6,10,07,2,,0,0,0,1,1,0,0
"POINT (8.503709864999999 49.464510238000003)",Unfall 120161 (2016) Kat:3, Licht: 0,120161,3,6,2,10,13,5,,0,0,1,0,1,0,0
"POINT (8.484726860000000 49.480320833000000)",Unfall 120164 (2016) Kat:3, Licht: 0,120164,3,6,2,10,10,4,,0,1,1,0,0,0,0
"POINT (8.468386364000001 49.544219189000003)",Unfall 120165 (2016) Kat:3, Licht: 0,120165,3,3,5,10,09,2,,0,0,1,0,0,0,0
"POINT (8.524711691000000 49.487966976000003)",Unfall 120166 (2016) Kat:3, Licht: 0,120166,3,5,1,10,17,5,,0,0,1,0,0,0,0
"POINT (8.523878423999999 49.488376848000001)",Unfall 120201 (2016) Kat:3, Licht: 0,120201,3,4,6,11,08,4,,0,0,1,1,0,0,0
"POINT (8.490204618000000 49.460772609000003)",Unfall 120209 (2016) Kat:3, Licht: 2,120209,3,5,1,11,18,4,,2,0,1,0,0,0,0
"POINT (8.473413771000001 49.539262634000004)",Unfall 120224 (2016) Kat:3, Licht: 0,120224,3,3,5,11,15,5,,0,1,1,0,0,0,0
"POINT (8.468208234000000 49.546524861000002)",Unfall 120226 (2016) Kat:3, Licht: 0,120226,3,6,2,11,15,1,,0,0,1,0,0,0,0
"POINT (8.494164843000000 49.479581584999998)",Unfall 120229 (2016) Kat:3, Licht: 2,120229,3,3,5,11,01,1,,2,0,1,0,0,0,0
"POINT (8.483735478000000 49.497365436999999)",Unfall 120231 (2016) Kat:2, Licht: 0,120231,2,3,5,11,14,1,,0,1,1,0,0,0,0
"POINT (8.509555559000001 49.509364052999999)",Unfall 120235 (2016) Kat:3, Licht: 0,120235,3,3,5,11,13,5,,0,1,1,0,0,0,0
"POINT (8.475598732000000 49.479903768000000)",Unfall 120236 (2016) Kat:3, Licht: 2,120236,3,3,5,11,18,2,,2,0,1,0,0,0,1
"POINT (8.464210519000000 49.493950353000002)",Unfall 120244 (2016) Kat:3, Licht: 0,120244,3,7,0,11,16,5,,0,0,1,0,1,0,0
"POINT (8.481118877000000 49.456830525000001)",Unfall 120357 (2016) Kat:3, Licht: 2,120357,3,3,5,11,20,7,,2,1,1,0,0,0,0
"POINT (8.555443627000001 49.520619255000000)",Unfall 120368 (2016) Kat:3, Licht: 0,120368,3,3,5,11,15,4,,0,0,1,0,0,0,0
"POINT (8.467190083000000 49.487539222999999)",Unfall 120372 (2016) Kat:3, Licht: 0,120372,3,7,6,11,15,4,,0,1,0,1,0,0,0
"POINT (8.471693770000000 49.513019999999997)",Unfall 120378 (2016) Kat:3, Licht: 0,120378,3,3,5,11,16,4,,0,1,1,0,0,0,0
"POINT (8.463014511000001 49.488016483999999)",Unfall 120384 (2016) Kat:3, Licht: 2,120384,3,3,5,11,19,4,,2,0,1,0,0,0,0
"POINT (8.471163812000000 49.493406086000000)",Unfall 120411 (2016) Kat:3, Licht: 0,120411,3,6,3,11,16,3,,0,0,1,0,1,0,0
"POINT (8.516186570000000 49.440841808999998)",Unfall 120421 (2016) Kat:3, Licht: 0,120421,3,3,5,11,08,3,,0,0,1,0,0,0,0
"POINT (8.472654231000000 49.492416538000001)",Unfall 120496 (2016) Kat:3, Licht: 2,120496,3,6,3,11,17,7,,2,0,1,0,1,0,0
"POINT (8.484914673000001 49.523994743999999)",Unfall 120498 (2016) Kat:3, Licht: 0,120498,3,2,6,11,13,2,,0,1,0,1,0,0,0
"POINT (8.485925793000000 49.506223382999998)",Unfall 120499 (2016) Kat:3, Licht: 0,120499,3,3,5,11,14,3,,0,0,1,0,0,0,1
"POINT (8.483695687000001 49.474431949000000)",Unfall 120506 (2016) Kat:3, Licht: 0,120506,3,6,1,11,13,5,,0,0,1,0,0,0,0
"POINT (8.472668720000000 49.492410364000001)",Unfall 120510 (2016) Kat:3, Licht: 0,120510,3,2,6,11,08,2,,0,0,1,1,0,0,0
"POINT (8.491392909000000 49.477714618999997)",Unfall 120551 (2016) Kat:3, Licht: 2,120551,3,2,5,11,22,2,,2,0,1,0,0,0,0
"POINT (8.438738942000001 49.521466357999998)",Unfall 120556 (2016) Kat:2, Licht: 2,120556,2,1,8,11,22,1,,2,0,1,0,0,0,0
"POINT (8.472375726999999 49.497107884000002)",Unfall 120584 (2016) Kat:3, Licht: 0,120584,3,7,6,11,13,4,,0,0,1,1,0,0,0
"POINT (8.453324060000000 49.491599487999999)",Unfall 120598 (2016) Kat:3, Licht: 0,120598,3,3,5,11,09,2,,0,0,1,0,0,0,0
"POINT (8.488170886000001 49.459256255000000)",Unfall 120612 (2016) Kat:3, Licht: 2,120612,3,5,1,11,17,6,,2,0,1,0,0,0,0
"POINT (8.471955210999999 49.520265602999999)",Unfall 120615 (2016) Kat:3, Licht: 2,120615,3,6,1,11,05,5,,2,1,0,0,0,1,0
"POINT (8.509586289000000 49.506486696000003)",Unfall 120623 (2016) Kat:3, Licht: 0,120623,3,3,5,11,09,5,,0,0,1,0,0,0,0
"POINT (8.471943585000000 49.492933411999999)",Unfall 120631 (2016) Kat:3, Licht: 0,120631,3,6,3,11,14,5,,0,0,1,0,1,0,0
"POINT (8.464309368000000 49.489421581000002)",Unfall 120637 (2016) Kat:3, Licht: 0,120637,3,3,5,11,14,5,,0,0,1,0,0,0,0
"POINT (8.492218594000001 49.526118490000002)",Unfall 120646 (2016) Kat:3, Licht: 0,120646,3,3,5,11,16,5,,0,0,1,0,1,0,0
"POINT (8.474106797999999 49.482443355000001)",Unfall 120653 (2016) Kat:3, Licht: 0,120653,3,7,0,11,13,2,,0,1,0,0,0,0,0
"POINT (8.471107713000000 49.481002752999999)",Unfall 120654 (2016) Kat:3, Licht: 2,120654,3,7,0,11,17,3,,2,0,0,0,0,0,1
"POINT (8.579450081999999 49.438130909999998)",Unfall 120660 (2016) Kat:3, Licht: 2,120660,3,3,5,11,18,2,,2,0,1,0,0,0,1
"POINT (8.475692596000000 49.473529024000001)",Unfall 120676 (2016) Kat:3, Licht: 2,120676,3,3,5,11,21,5,,2,0,1,0,0,0,0
"POINT (8.478279833000000 49.480644050999999)",Unfall 120687 (2016) Kat:3, Licht: 0,120687,3,7,0,11,12,4,,0,1,0,0,0,0,0
"POINT (8.513925116999999 49.450876229000002)",Unfall 120699 (2016) Kat:3, Licht: 0,120699,3,3,5,11,13,2,,0,0,1,0,0,0,0
"POINT (8.466289411000000 49.484272558999997)",Unfall 120713 (2016) Kat:2, Licht: 0,120713,2,2,6,11,09,6,,0,0,1,1,0,0,0
"POINT (8.523506754000000 49.438539824999999)",Unfall 120730 (2016) Kat:3, Licht: 2,120730,3,3,5,11,05,5,,2,0,1,0,0,0,0
"POINT (8.477627201000001 49.484312021000001)",Unfall 120749 (2016) Kat:3, Licht: 1,120749,3,7,6,11,17,6,,1,0,1,1,0,0,0
"POINT (8.482966199000000 49.481430725999999)",Unfall 120761 (2016) Kat:2, Licht: 0,120761,2,3,5,11,08,3,,0,0,1,0,0,0,0
"POINT (8.484983871000001 49.476779518000001)",Unfall 120803 (2016) Kat:3, Licht: 0,120803,3,6,2,11,14,4,,0,0,1,0,1,0,0
"POINT (8.475864855999999 49.473567793000001)",Unfall 120811 (2016) Kat:3, Licht: 2,120811,3,2,5,11,18,1,,2,0,1,0,0,0,0
"POINT (8.470892573000000 49.501222372000001)",Unfall 120827 (2016) Kat:3, Licht: 0,120827,3,3,5,11,13,6,,0,0,1,0,0,0,0
"POINT (8.466861846000001 49.486467629000003)",Unfall 120828 (2016) Kat:3, Licht: 0,120828,3,5,1,11,09,3,,0,1,1,0,0,0,0
"POINT (8.485496543000000 49.489098962000000)",Unfall 120834 (2016) Kat:3, Licht: 0,120834,3,7,3,11,10,5,,0,1,1,0,0,0,0
"POINT (8.531899082000001 49.432336350000000)",Unfall 120835 (2016) Kat:3, Licht: 0,120835,3,3,5,11,10,6,,0,0,1,0,0,0,0
"POINT (8.509560068000001 49.506512434999998)",Unfall 120836 (2016) Kat:3, Licht: 0,120836,3,3,5,11,15,6,,0,0,1,0,0,0,0
"POINT (8.468180903000000 49.476775484000001)",Unfall 120934 (2016) Kat:3, Licht: 2,120934,3,3,5,11,06,3,,2,1,1,0,0,0,0
"POINT (8.467016084000001 49.510653394000002)",Unfall 120977 (2016) Kat:3, Licht: 0,120977,3,3,5,12,12,6,,0,0,1,0,0,0,0
"POINT (8.504960541999999 49.456266630000002)",Unfall 120985 (2016) Kat:3, Licht: 0,120985,3,6,2,11,13,7,,0,0,1,0,0,0,0
"POINT (8.485472078999999 49.459250408999999)",Unfall 120987 (2016) Kat:3, Licht: 0,120987,3,2,5,11,15,4,,0,1,1,0,0,0,0
"POINT (8.488318717000000 49.495143374000001)",Unfall 120997 (2016) Kat:3, Licht: 2,120997,3,6,1,11,17,3,,2,0,1,0,0,0,0
"POINT (8.490323224000001 49.515899785000002)",Unfall 121004 (2016) Kat:2, Licht: 0,121004,2,2,6,11,09,3,,0,0,0,1,0,1,0
"POINT (8.460359792000000 49.519175150000002)",Unfall 121007 (2016) Kat:2, Licht: 2,121007,2,2,5,11,06,3,,2,0,1,0,1,1,0
"POINT (8.471372104000000 49.500225708000002)",Unfall 121009 (2016) Kat:3, Licht: 0,121009,3,2,3,11,11,2,,0,0,1,0,0,0,1
"POINT (8.462167699000000 49.487015075000002)",Unfall 121026 (2016) Kat:3, Licht: 1,121026,3,3,1,12,17,5,,1,1,1,0,0,0,0
"POINT (8.490454840000000 49.456053017999999)",Unfall 121035 (2016) Kat:3, Licht: 2,121035,3,5,1,12,16,6,,2,1,1,0,0,0,0
"POINT (8.481691544000000 49.499038472999999)",Unfall 121052 (2016) Kat:3, Licht: 0,121052,3,3,5,11,12,4,,0,1,1,0,0,0,0
"POINT (8.512120856999999 49.516100813000001)",Unfall 121062 (2016) Kat:3, Licht: 0,121062,3,3,5,11,10,2,,0,0,1,0,0,0,1
"POINT (8.497324044000001 49.499992218999999)",Unfall 121067 (2016) Kat:3, Licht: 2,121067,3,6,2,12,00,6,,2,0,1,0,0,0,0
"POINT (8.457143205000000 49.551315621000001)",Unfall 121114 (2016) Kat:3, Licht: 0,121114,3,3,5,11,15,2,,0,0,1,0,0,1,0
"POINT (8.461661377000000 49.490484535999997)",Unfall 121126 (2016) Kat:3, Licht: 2,121126,3,4,1,11,17,1,,2,0,1,1,0,0,0
"POINT (8.471020987999999 49.486866687000003)",Unfall 121131 (2016) Kat:3, Licht: 0,121131,3,4,6,12,14,5,,0,0,1,1,0,0,0
"POINT (8.531175122000001 49.447196650000002)",Unfall 121167 (2016) Kat:3, Licht: 2,121167,3,3,5,11,01,2,,2,0,1,0,0,0,0
"POINT (8.475552449000000 49.479880362000003)",Unfall 121172 (2016) Kat:3, Licht: 0,121172,3,7,1,12,12,6,,0,1,0,0,0,0,1
"POINT (8.486048858000000 49.479801254999998)",Unfall 121184 (2016) Kat:3, Licht: 2,121184,3,6,2,12,21,5,,2,0,1,0,0,0,0
"POINT (8.450999717000000 49.549905551999998)",Unfall 121211 (2016) Kat:3, Licht: 2,121211,3,7,5,11,17,3,,2,0,1,0,1,0,0
"POINT (8.495793903999999 49.499088399999998)",Unfall 121218 (2016) Kat:3, Licht: 2,121218,3,4,6,12,18,5,,2,0,1,1,0,0,0
"POINT (8.451203930000000 49.549952802999996)",Unfall 121225 (2016) Kat:3, Licht: 2,121225,3,7,3,11,17,3,,2,0,1,0,1,0,0
"POINT (8.436596593999999 49.546115845999999)",Unfall 121253 (2016) Kat:3, Licht: 0,121253,3,5,5,12,14,7,,0,0,1,0,1,0,0
"POINT (8.473438071000000 49.449195107999998)",Unfall 121357 (2016) Kat:3, Licht: 0,121357,3,7,1,12,14,5,,0,0,1,0,0,0,0
"POINT (8.464186807000001 49.485581342000003)",Unfall 121391 (2016) Kat:2, Licht: 0,121391,2,5,6,12,14,2,,0,0,1,1,0,0,0
"POINT (8.482963966000000 49.481428166999997)",Unfall 121394 (2016) Kat:2, Licht: 2,121394,2,3,5,12,18,3,,2,1,1,0,0,0,0
"POINT (8.468684355000001 49.498483120000003)",Unfall 121399 (2016) Kat:3, Licht: 0,121399,3,4,6,12,15,2,,0,0,1,1,0,0,0
"POINT (8.487608473000000 49.463456172999997)",Unfall 121411 (2016) Kat:3, Licht: 0,121411,3,7,1,12,11,7,,0,0,1,0,0,0,0
"POINT (8.569325192000001 49.442405768999997)",Unfall 121422 (2016) Kat:2, Licht: 0,121422,2,3,1,12,12,7,,0,0,1,0,0,0,0
"POINT (8.475109739000001 49.490919316000003)",Unfall 121427 (2016) Kat:2, Licht: 0,121427,2,2,5,12,12,3,,0,1,1,0,0,0,0
"POINT (8.446075723000000 49.581547944999997)",Unfall 121428 (2016) Kat:3, Licht: 0,121428,3,5,5,12,15,6,,0,0,1,0,0,0,0
"POINT (8.480633656000000 49.471463870000001)",Unfall 121439 (2016) Kat:3, Licht: 1,121439,3,1,0,12,08,4,,1,1,0,0,0,0,0
"POINT (8.528328162999999 49.434524168999999)",Unfall 121447 (2016) Kat:2, Licht: 0,121447,2,3,5,12,11,7,,0,1,1,0,0,0,0
"POINT (8.493856127000001 49.455824550000003)",Unfall 121450 (2016) Kat:3, Licht: 0,121450,3,3,5,12,14,3,,0,1,1,0,0,0,0
"POINT (8.479675422000000 49.508872150000002)",Unfall 121453 (2016) Kat:3, Licht: 0,121453,3,6,2,12,12,7,,0,0,1,0,0,0,0
"POINT (8.469980598999999 49.505473903000002)",Unfall 121480 (2016) Kat:2, Licht: 2,121480,2,4,6,12,18,3,,2,0,1,1,0,0,0
"POINT (8.466354618000000 49.487702998000003)",Unfall 121490 (2016) Kat:2, Licht: 0,121490,2,7,6,12,09,4,,0,0,0,1,0,0,1
"POINT (8.495554262000001 49.528304929000001)",Unfall 121534 (2016) Kat:3, Licht: 0,121534,3,3,5,12,13,1,,0,0,1,0,0,0,1
"POINT (8.474028583000001 49.496171175999997)",Unfall 121539 (2016) Kat:2, Licht: 2,121539,2,6,3,12,20,2,,2,0,0,0,1,0,1
"POINT (8.463674099000000 49.494281589000003)",Unfall 121540 (2016) Kat:3, Licht: 2,121540,3,7,6,12,20,6,,2,0,1,1,0,0,0
"POINT (8.500798065000000 49.505851823999997)",Unfall 121543 (2016) Kat:3, Licht: 2,121543,3,6,1,12,16,2,,2,0,1,0,0,0,0
"POINT (8.468595212000000 49.505700273000002)",Unfall 121563 (2016) Kat:3, Licht: 0,121563,3,3,5,12,07,2,,0,0,1,0,0,0,0
"POINT (8.513926443000001 49.525118048000003)",Unfall 121571 (2016) Kat:2, Licht: 0,121571,2,5,5,12,16,2,,0,1,0,0,1,0,0
"POINT (8.461656931000000 49.490386086000001)",Unfall 121572 (2016) Kat:3, Licht: 0,121572,3,2,3,12,14,7,,0,1,0,0,0,0,1
"POINT (8.466320165999999 49.486592524000002)",Unfall 121586 (2016) Kat:3, Licht: 0,121586,3,2,6,12,15,4,,0,0,1,1,0,0,0
"POINT (8.472829938000000 49.482872749000002)",Unfall 121590 (2016) Kat:3, Licht: 0,121590,3,1,6,12,14,4,,0,0,1,1,0,0,0
"POINT (8.513830896000000 49.447414744000000)",Unfall 121661 (2016) Kat:3, Licht: 0,121661,3,5,1,12,15,5,,0,0,1,0,0,0,0
"POINT (8.499671512000001 49.495880176000000)",Unfall 121662 (2016) Kat:3, Licht: 0,121662,3,7,8,12,09,7,,0,0,1,0,0,0,0
"POINT (8.467969350000001 49.489682387000002)",Unfall 121666 (2016) Kat:3, Licht: 2,121666,3,7,6,12,21,5,,2,1,0,1,0,0,0
"POINT (8.472074409999999 49.508386297999998)",Unfall 121694 (2016) Kat:3, Licht: 2,121694,3,4,6,12,19,1,,2,0,1,1,0,0,0
"POINT (8.466553705999999 49.489406504000002)",Unfall 121698 (2016) Kat:3, Licht: 0,121698,3,2,8,12,16,6,,0,0,1,1,0,0,0
"POINT (8.473466315000000 49.484866220999997)",Unfall 121717 (2016) Kat:3, Licht: 2,121717,3,7,6,12,19,5,,2,1,0,1,0,0,0
"POINT (8.460026538999999 49.492844544999997)",Unfall 121725 (2016) Kat:3, Licht: 1,121725,3,6,3,12,07,3,,1,0,1,0,0,1,0
"POINT (8.483777188000000 49.497250289999997)",Unfall 121727 (2016) Kat:3, Licht: 0,121727,3,2,5,12,18,3,,0,1,1,0,0,0,0
"POINT (8.474759046999999 49.516506872999997)",Unfall 121772 (2016) Kat:3, Licht: 2,121772,3,2,6,12,05,3,,2,0,1,1,0,0,0
"POINT (8.471796010000000 49.483272647000000)",Unfall 121773 (2016) Kat:3, Licht: 0,121773,3,5,1,12,14,7,,0,0,1,0,0,0,0
"POINT (8.474688311000000 49.491012263000002)",Unfall 121778 (2016) Kat:3, Licht: 2,121778,3,6,3,12,21,3,,2,0,1,0,0,0,0
"POINT (8.500763172999999 49.505055849999998)",Unfall 121792 (2016) Kat:3, Licht: 0,121792,3,6,1,12,15,3,,0,0,1,0,0,0,0
"POINT (8.470454621000000 49.483419357999999)",Unfall 121793 (2016) Kat:3, Licht: 2,121793,3,4,6,12,07,3,,2,0,1,1,0,0,0
"POINT (8.491551748999999 49.510535982999997)",Unfall 121802 (2016) Kat:3, Licht: 2,121802,3,3,5,12,06,3,,2,0,1,0,0,0,0
"POINT (8.488609332999999 49.492849694999997)",Unfall 121902 (2016) Kat:3, Licht: 2,121902,3,7,1,12,19,6,,2,0,1,0,1,0,0
"POINT (8.516171305000000 49.461741768000003)",Unfall 121905 (2016) Kat:3, Licht: 1,121905,3,6,3,12,17,4,,1,0,1,0,0,0,0
"POINT (8.471695743000000 49.498721085000000)",Unfall 121912 (2016) Kat:3, Licht: 2,121912,3,3,5,12,20,6,,2,1,1,0,0,0,0
"POINT (8.451256707000001 49.545166201000001)",Unfall 121953 (2016) Kat:3, Licht: 2,121953,3,3,5,12,22,5,,2,0,1,0,0,0,1
"POINT (8.470682566000001 49.476238188000004)",Unfall 121965 (2016) Kat:3, Licht: 2,121965,3,3,5,12,18,5,,2,0,1,0,0,0,0
"POINT (8.492598078000000 49.533025389000002)",Unfall 121994 (2016) Kat:2, Licht: 0,121994,2,7,0,12,09,5,,0,1,0,0,0,0,0
"POINT (8.482984554000000 49.513600554999996)",Unfall 121997 (2016) Kat:3, Licht: 2,121997,3,2,5,12,17,5,,2,0,1,0,0,0,1
"POINT (8.506750687000000 49.509503817000002)",Unfall 122020 (2016) Kat:3, Licht: 0,122020,3,3,5,12,10,4,,0,1,1,0,0,0,0
"POINT (8.523462133000001 49.449664607000003)",Unfall 122127 (2016) Kat:3, Licht: 0,122127,3,6,4,12,09,7,,0,0,1,0,0,0,0
"POINT (8.470469411000000 49.492383754000002)",Unfall 122207 (2016) Kat:3, Licht: 0,122207,3,5,0,12,09,5,,0,0,1,0,0,0,1
"POINT (8.477596997999999 49.552179774000003)",Unfall 122214 (2016) Kat:3, Licht: 0,122214,3,5,1,12,14,6,,0,1,1,0,0,0,0
"POINT (8.475411898999999 49.486028494000003)",Unfall 122219 (2016) Kat:3, Licht: 2,122219,3,6,2,12,21,5,,2,0,1,0,0,0,0
"POINT (8.470056517000000 49.504604317000002)",Unfall 122221 (2016) Kat:3, Licht: 0,122221,3,2,5,12,16,6,,0,0,1,0,0,0,1
"POINT (8.460599310000021 49.500259091000032)",Unfall 39230 (2017) Kat:1, Licht: 2,39230,1,6,4,01,02,2,1,2,0,1,0,0,,1
"POINT (8.499054274000059 49.554744705000076)",Unfall 39321 (2017) Kat:3, Licht: 0,39321,3,6,3,01,08,1,0,0,0,1,0,0,,1
"POINT (8.560361288000024 49.516433514000028)",Unfall 39322 (2017) Kat:1, Licht: 0,39322,1,1,9,01,12,1,1,0,0,1,0,0,,0
"POINT (8.457442554000068 49.481713975000048)",Unfall 39863 (2017) Kat:3, Licht: 0,39863,3,6,3,01,14,2,1,0,0,1,0,0,,1
"POINT (8.536778528000070 49.515046663000078)",Unfall 39943 (2017) Kat:3, Licht: 0,39943,3,6,3,01,14,7,0,0,0,1,0,0,,0
"POINT (8.518665699000053 49.467929949000052)",Unfall 39960 (2017) Kat:2, Licht: 2,39960,2,6,3,01,18,3,0,2,0,1,0,0,,0
"POINT (8.542406221000022 49.473742622000032)",Unfall 40031 (2017) Kat:3, Licht: 2,40031,3,6,2,01,17,4,1,2,0,1,0,0,,0
"POINT (8.546148209000023 49.514935123000043)",Unfall 40117 (2017) Kat:3, Licht: 2,40117,3,6,1,01,17,1,1,2,0,1,0,0,,0
"POINT (8.528013834000035 49.444671614000072)",Unfall 40180 (2017) Kat:1, Licht: 2,40180,1,4,6,01,21,7,1,2,0,1,1,0,,0
"POINT (8.491222833000052 49.490156709000075)",Unfall 40181 (2017) Kat:3, Licht: 0,40181,3,1,8,01,08,7,1,0,0,1,0,0,,0
"POINT (8.495129910000060 49.476216230000034)",Unfall 40234 (2017) Kat:3, Licht: 0,40234,3,6,2,01,14,6,0,0,0,1,0,0,,0
"POINT (8.531202894000046 49.479854086000046)",Unfall 40276 (2017) Kat:2, Licht: 1,40276,2,3,5,01,07,5,0,1,0,1,0,0,,0
"POINT (8.467751123000028 49.508909205000066)",Unfall 40333 (2017) Kat:3, Licht: 0,40333,3,6,1,01,14,7,0,0,0,1,0,0,,1
"POINT (8.493512365000072 49.457550942000069)",Unfall 40334 (2017) Kat:3, Licht: 0,40334,3,6,2,01,12,7,0,0,0,1,0,0,,0
"POINT (8.471529668000073 49.512130827000078)",Unfall 40458 (2017) Kat:3, Licht: 2,40458,3,2,2,01,17,6,0,2,0,1,0,0,,0
"POINT (8.492027566000047 49.477469326000062)",Unfall 40650 (2017) Kat:3, Licht: 0,40650,3,1,0,01,15,1,0,0,0,0,0,1,,0
"POINT (8.469760438000037 49.510348228000055)",Unfall 40742 (2017) Kat:2, Licht: 2,40742,2,6,3,01,20,6,0,2,0,1,0,0,,1
"POINT (8.473878771000045 49.535463852000078)",Unfall 40743 (2017) Kat:3, Licht: 2,40743,3,6,2,01,18,6,0,2,0,1,0,0,,0
"POINT (8.476588798000023 49.516796274000058)",Unfall 40799 (2017) Kat:2, Licht: 2,40799,2,3,5,01,18,5,0,2,0,1,0,0,,0
"POINT (8.571763237000027 49.451506909000045)",Unfall 40848 (2017) Kat:3, Licht: 0,40848,3,3,5,01,10,4,0,0,0,1,0,0,,0
"POINT (8.560565963000045 49.453361951000034)",Unfall 40911 (2017) Kat:3, Licht: 0,40911,3,1,9,01,08,3,1,0,0,1,0,0,,1
"POINT (8.497776316000056 49.503095255000062)",Unfall 41090 (2017) Kat:3, Licht: 0,41090,3,6,2,02,07,3,0,0,0,1,0,0,,0
"POINT (8.449683378000032 49.585358988000053)",Unfall 41226 (2017) Kat:3, Licht: 2,41226,3,1,8,02,19,5,0,2,0,1,0,0,,0
"POINT (8.483777714000041 49.469772263000038)",Unfall 41227 (2017) Kat:3, Licht: 0,41227,3,6,2,02,14,5,0,0,0,1,0,0,,1
"POINT (8.513629223000066 49.517806978000067)",Unfall 41228 (2017) Kat:2, Licht: 0,41228,2,6,2,02,16,5,0,0,0,1,0,0,,1
"POINT (8.559955650000063 49.453588004000039)",Unfall 41276 (2017) Kat:3, Licht: 1,41276,3,6,2,02,17,4,0,1,0,1,0,0,,0
"POINT (8.560699836000026 49.508986528000037)",Unfall 41321 (2017) Kat:2, Licht: 0,41321,2,1,8,02,12,2,0,0,0,1,0,0,,1
"POINT (8.457158350000043 49.545119407000072)",Unfall 41345 (2017) Kat:3, Licht: 2,41345,3,6,2,01,21,3,0,2,0,1,0,0,,1
"POINT (8.544535678000045 49.482917072000077)",Unfall 41346 (2017) Kat:3, Licht: 0,41346,3,2,2,01,13,3,0,0,0,1,0,0,,0
"POINT (8.468340306000073 49.478536029000054)",Unfall 41386 (2017) Kat:3, Licht: 2,41386,3,6,2,02,18,2,0,2,0,1,0,0,,1
"POINT (8.495566461000067 49.453180623000037)",Unfall 41399 (2017) Kat:3, Licht: 2,41399,3,4,6,01,18,2,1,2,0,1,1,0,,0
"POINT (8.465759107000054 49.483383780000054)",Unfall 41502 (2017) Kat:3, Licht: 0,41502,3,6,2,02,13,3,0,0,0,1,0,0,,1
"POINT (8.526428857000042 49.439144442000043)",Unfall 41503 (2017) Kat:3, Licht: 1,41503,3,6,2,02,07,3,0,1,0,1,0,0,,1
"POINT (8.561162485000068 49.453140999000027)",Unfall 41591 (2017) Kat:3, Licht: 2,41591,3,6,2,02,18,2,0,2,0,1,0,0,,1
"POINT (8.470039682000049 49.481621851000057)",Unfall 41598 (2017) Kat:3, Licht: 2,41598,3,4,6,02,19,2,0,2,0,1,1,0,,0
"POINT (8.503347000000076 49.477878487000055)",Unfall 41599 (2017) Kat:2, Licht: 2,41599,2,6,4,02,18,2,0,2,0,1,0,0,,1
"POINT (8.564002171000027 49.466481955000063)",Unfall 41638 (2017) Kat:3, Licht: 0,41638,3,7,0,02,10,1,1,0,1,0,0,0,,0
"POINT (8.461860367000043 49.553851514000030)",Unfall 41641 (2017) Kat:3, Licht: 2,41641,3,6,3,02,23,6,0,2,0,1,0,0,,0
"POINT (8.550515450000034 49.489096447000065)",Unfall 41728 (2017) Kat:3, Licht: 0,41728,3,6,2,02,14,6,0,0,0,1,0,0,,0
"POINT (8.496961662000047 49.554693655000051)",Unfall 41786 (2017) Kat:2, Licht: 0,41786,2,6,3,02,08,5,0,0,0,1,0,0,,0
"POINT (8.512424203000023 49.450245377000044)",Unfall 41793 (2017) Kat:3, Licht: 0,41793,3,7,3,02,14,5,0,0,0,1,0,0,,1
"POINT (8.553959807000069 49.492547804000026)",Unfall 41810 (2017) Kat:3, Licht: 2,41810,3,6,3,02,23,6,0,2,0,1,0,0,,0
"POINT (8.546457457000031 49.420869036000056)",Unfall 41832 (2017) Kat:3, Licht: 1,41832,3,6,2,02,07,4,0,1,0,1,0,0,,0
"POINT (8.491178037000054 49.499686563000068)",Unfall 41839 (2017) Kat:3, Licht: 0,41839,3,6,2,02,15,4,0,0,0,1,0,0,,0
"POINT (8.476540919000058 49.474396095000031)",Unfall 41942 (2017) Kat:3, Licht: 0,41942,3,6,2,02,13,3,1,0,0,1,0,0,,0
"POINT (8.455887640000071 49.486956257000031)",Unfall 41957 (2017) Kat:3, Licht: 0,41957,3,2,5,02,07,6,0,0,1,1,0,0,,0
"POINT (8.455740704000050 49.487020137000059)",Unfall 42068 (2017) Kat:3, Licht: 0,42068,3,2,5,02,08,4,0,0,1,0,0,0,,1
"POINT (8.511300967000068 49.445078030000047)",Unfall 42072 (2017) Kat:3, Licht: 0,42072,3,6,2,02,14,4,0,0,0,1,0,0,,0
"POINT (8.473985049000021 49.483615465000071)",Unfall 42073 (2017) Kat:3, Licht: 1,42073,3,6,2,02,18,4,0,1,0,1,0,0,,0
"POINT (8.477107135000040 49.474329270000055)",Unfall 42083 (2017) Kat:3, Licht: 0,42083,3,6,3,02,12,2,0,0,0,1,0,0,,1
"POINT (8.487929957000063 49.494724360000077)",Unfall 42116 (2017) Kat:3, Licht: 0,42116,3,2,3,02,13,3,0,0,0,1,0,0,,1
"POINT (8.555185545000029 49.521577544000081)",Unfall 42138 (2017) Kat:2, Licht: 0,42138,2,6,3,02,17,3,1,0,0,1,0,0,,0
"POINT (8.477224247000038 49.473853428000041)",Unfall 42143 (2017) Kat:3, Licht: 0,42143,3,6,3,02,13,3,0,0,0,1,0,0,,0
"POINT (8.449205762000076 49.550177807000068)",Unfall 42221 (2017) Kat:3, Licht: 0,42221,3,6,2,02,15,2,0,0,0,1,0,0,,0
"POINT (8.478145155000050 49.533086659000048)",Unfall 42328 (2017) Kat:3, Licht: 0,42328,3,6,2,02,14,7,0,0,0,1,0,0,,1
"POINT (8.539500094000061 49.464968018000036)",Unfall 42467 (2017) Kat:2, Licht: 0,42467,2,6,3,03,15,3,1,0,0,1,0,0,,1
"POINT (8.520188137000048 49.469712964000053)",Unfall 42688 (2017) Kat:3, Licht: 2,42688,3,6,2,03,19,7,0,2,0,1,0,0,,0
"POINT (8.473051203000068 49.483081752000032)",Unfall 42781 (2017) Kat:3, Licht: 0,42781,3,6,1,03,15,6,0,0,0,1,0,0,,0
"POINT (8.495068361000051 49.453777593000041)",Unfall 42783 (2017) Kat:3, Licht: 0,42783,3,7,0,03,16,6,0,0,0,0,0,0,,1
"POINT (8.542148935000057 49.453083689000039)",Unfall 42812 (2017) Kat:3, Licht: 0,42812,3,6,2,03,07,5,1,0,0,1,0,0,,1
"POINT (8.458380650000038 49.491415438000047)",Unfall 42866 (2017) Kat:3, Licht: 0,42866,3,6,1,03,12,5,0,0,0,1,0,1,,0
"POINT (8.513467332000062 49.444245599000055)",Unfall 42869 (2017) Kat:2, Licht: 0,42869,2,6,3,03,08,5,0,0,0,1,0,0,,1
"POINT (8.560408887000051 49.511094439000033)",Unfall 42916 (2017) Kat:2, Licht: 0,42916,2,7,0,03,12,7,0,0,0,1,0,0,,0
"POINT (8.524843434000047 49.476263226000071)",Unfall 42938 (2017) Kat:3, Licht: 2,42938,3,5,9,03,03,4,1,2,0,1,0,0,,0
"POINT (8.513797056000044 49.517760022000061)",Unfall 43045 (2017) Kat:2, Licht: 0,43045,2,6,2,03,14,6,0,0,0,1,0,0,,0
"POINT (8.482049608000068 49.526562327000079)",Unfall 43158 (2017) Kat:2, Licht: 2,43158,2,4,6,03,05,5,0,2,0,0,1,0,,1
"POINT (8.551001857000074 49.491703921000067)",Unfall 43171 (2017) Kat:3, Licht: 0,43171,3,6,2,03,14,5,0,0,0,1,0,1,,0
"POINT (8.487458515000071 49.496766290000039)",Unfall 43186 (2017) Kat:3, Licht: 0,43186,3,6,1,03,12,7,0,0,0,1,0,0,,1
"POINT (8.510685532000025 49.445365596000045)",Unfall 43327 (2017) Kat:3, Licht: 2,43327,3,6,3,03,20,4,0,2,0,1,0,1,,0
"POINT (8.518725937000056 49.477596422000033)",Unfall 43355 (2017) Kat:3, Licht: 0,43355,3,6,2,03,13,1,0,0,0,1,0,0,,0
"POINT (8.484854708000057 49.493818329000078)",Unfall 43385 (2017) Kat:3, Licht: 0,43385,3,1,9,03,16,1,0,0,0,1,0,0,,0
"POINT (8.506630473000030 49.447271816000068)",Unfall 43390 (2017) Kat:3, Licht: 0,43390,3,3,5,03,13,6,0,0,0,1,0,0,,0
"POINT (8.514545580000061 49.477629797000077)",Unfall 43454 (2017) Kat:3, Licht: 2,43454,3,4,6,03,18,3,1,2,1,0,1,0,,0
"POINT (8.507965912000032 49.555104174000064)",Unfall 43587 (2017) Kat:3, Licht: 0,43587,3,6,2,03,14,4,0,0,0,1,0,0,,0
"POINT (8.466305300000045 49.483078139000042)",Unfall 43677 (2017) Kat:3, Licht: 0,43677,3,2,3,03,09,3,0,0,1,0,0,0,,1
"POINT (8.462733565000065 49.482244290000040)",Unfall 43769 (2017) Kat:3, Licht: 0,43769,3,7,2,03,16,2,0,0,0,1,0,0,,0
"POINT (8.488990089000026 49.498360216000037)",Unfall 43770 (2017) Kat:3, Licht: 0,43770,3,4,6,03,13,2,0,0,0,0,1,0,,1
"POINT (8.494260143000076 49.526759677000030)",Unfall 43771 (2017) Kat:2, Licht: 0,43771,2,6,1,03,17,2,0,0,0,1,0,0,,0
"POINT (8.488948424000057 49.462789825000073)",Unfall 44021 (2017) Kat:3, Licht: 0,44021,3,3,5,03,12,6,0,0,1,1,0,0,,0
"POINT (8.465075249000051 49.506997036000030)",Unfall 44111 (2017) Kat:2, Licht: 0,44111,2,7,6,03,11,5,0,0,0,0,1,0,,1
"POINT (8.555619862000071 49.494234031000076)",Unfall 44278 (2017) Kat:3, Licht: 0,44278,3,1,9,04,10,5,0,0,0,0,0,1,,0
"POINT (8.460686739000039 49.499071415000060)",Unfall 44288 (2017) Kat:3, Licht: 0,44288,3,6,3,04,18,5,0,0,0,1,0,0,,0
"POINT (8.455879116000062 49.485491332000038)",Unfall 44289 (2017) Kat:3, Licht: 0,44289,3,6,2,04,07,5,0,0,0,1,0,0,,0
"POINT (8.486970424000049 49.496441846000039)",Unfall 44356 (2017) Kat:3, Licht: 0,44356,3,3,5,04,10,4,0,0,0,1,0,0,,1
"POINT (8.567594675000066 49.434784082000078)",Unfall 44423 (2017) Kat:3, Licht: 0,44423,3,2,2,04,14,3,0,0,0,1,0,0,,0
"POINT (8.475823786000035 49.486644006000063)",Unfall 44424 (2017) Kat:3, Licht: 0,44424,3,6,1,04,17,3,0,0,0,1,0,0,,0
"POINT (8.553932857000063 49.455819080000026)",Unfall 44620 (2017) Kat:3, Licht: 0,44620,3,6,2,04,18,4,0,0,0,1,0,0,,0
"POINT (8.449850270000070 49.549708741000074)",Unfall 44630 (2017) Kat:3, Licht: 0,44630,3,6,2,04,17,4,0,0,0,1,0,0,,0
"POINT (8.474745837000057 49.484416709000072)",Unfall 44735 (2017) Kat:3, Licht: 2,44735,3,3,5,04,22,7,0,2,1,1,0,0,,0
"POINT (8.461626970000054 49.494815225000082)",Unfall 44767 (2017) Kat:3, Licht: 0,44767,3,3,5,04,12,2,0,0,1,1,0,0,,0
"POINT (8.445255716000077 49.558550463000074)",Unfall 44768 (2017) Kat:2, Licht: 0,44768,2,6,4,04,08,2,0,0,0,1,0,0,,0
"POINT (8.500252400000022 49.474287307000054)",Unfall 44977 (2017) Kat:3, Licht: 0,44977,3,2,5,04,09,6,0,0,0,1,0,0,,0
"POINT (8.485613037000064 49.466762768000081)",Unfall 44978 (2017) Kat:3, Licht: 0,44978,3,7,8,04,19,6,0,0,0,0,0,1,,0
"POINT (8.476632059000053 49.516827633000048)",Unfall 44979 (2017) Kat:3, Licht: 0,44979,3,3,5,04,15,6,0,0,0,1,0,0,,0
"POINT (8.519663752000042 49.467426403000047)",Unfall 45144 (2017) Kat:3, Licht: 0,45144,3,6,2,04,13,3,0,0,0,1,0,0,,0
"POINT (8.484953172000076 49.493972449000069)",Unfall 45152 (2017) Kat:3, Licht: 0,45152,3,6,2,04,16,3,0,0,0,1,0,0,,0
"POINT (8.539504126000054 49.422221516000036)",Unfall 45256 (2017) Kat:3, Licht: 0,45256,3,6,2,04,19,7,1,0,0,1,0,0,,0
"POINT (8.470668539000030 49.481476855000039)",Unfall 45258 (2017) Kat:3, Licht: 0,45258,3,6,2,04,16,7,0,0,0,1,0,0,,0
"POINT (8.477380288000063 49.517405036000071)",Unfall 45273 (2017) Kat:3, Licht: 0,45273,3,3,5,04,16,5,0,0,1,1,0,0,,0
"POINT (8.460968145000038 49.495041124000068)",Unfall 45275 (2017) Kat:3, Licht: 0,45275,3,6,1,04,12,5,0,0,0,1,0,0,,0
"POINT (8.458300110000039 49.481757620000053)",Unfall 45297 (2017) Kat:3, Licht: 0,45297,3,1,8,05,16,2,1,0,0,1,0,0,,0
"POINT (8.485716352000054 49.495219415000065)",Unfall 45373 (2017) Kat:3, Licht: 0,45373,3,6,1,04,16,6,0,0,0,1,0,0,,0
"POINT (8.515402629000050 49.464078325000060)",Unfall 45450 (2017) Kat:3, Licht: 0,45450,3,6,1,04,17,1,0,0,0,1,0,0,,0
"POINT (8.484689075000063 49.467636208000044)",Unfall 45456 (2017) Kat:3, Licht: 0,45456,3,6,2,04,12,5,0,0,0,1,0,0,,0
"POINT (8.485148821000053 49.494192645000055)",Unfall 45536 (2017) Kat:3, Licht: 0,45536,3,6,1,04,10,4,0,0,0,1,0,0,,0
"POINT (8.513943635000032 49.462269112000058)",Unfall 45568 (2017) Kat:2, Licht: 1,45568,2,1,9,05,19,2,1,1,0,1,0,0,,0
"POINT (8.490677915000049 49.460721193000040)",Unfall 45618 (2017) Kat:3, Licht: 0,45618,3,6,1,04,10,3,0,0,0,1,0,0,,0
"POINT (8.459230567000077 49.492311958000073)",Unfall 45620 (2017) Kat:3, Licht: 0,45620,3,6,3,04,14,3,0,0,0,1,0,0,,0
"POINT (8.537367400000051 49.497052867000036)",Unfall 45792 (2017) Kat:2, Licht: 0,45792,2,3,5,05,18,1,1,0,0,1,0,0,,0
"POINT (8.522838707000062 49.473406635000060)",Unfall 45826 (2017) Kat:3, Licht: 0,45826,3,6,1,05,14,7,0,0,0,1,0,0,,0
"POINT (8.512243096000077 49.444821299000068)",Unfall 45828 (2017) Kat:2, Licht: 0,45828,2,6,2,05,18,7,0,0,0,1,0,0,,0
"POINT (8.464398857000049 49.506513659000063)",Unfall 45838 (2017) Kat:3, Licht: 0,45838,3,6,2,05,16,4,0,0,0,1,0,0,,0
"POINT (8.538838692000070 49.452897476000032)",Unfall 45962 (2017) Kat:3, Licht: 0,45962,3,2,5,05,06,3,0,0,0,1,0,0,,0
"POINT (8.544165658000054 49.425112789000082)",Unfall 45985 (2017) Kat:2, Licht: 0,45985,2,6,2,05,08,5,0,0,0,1,0,0,,0
"POINT (8.491442537000069 49.527694962000055)",Unfall 45997 (2017) Kat:3, Licht: 0,45997,3,6,3,05,12,5,0,0,0,1,0,0,,1
"POINT (8.468582718000050 49.509503405000032)",Unfall 46080 (2017) Kat:3, Licht: 0,46080,3,6,2,05,19,4,0,0,0,1,0,0,,1
"POINT (8.551998440000034 49.490228327000068)",Unfall 46090 (2017) Kat:3, Licht: 0,46090,3,6,2,05,12,4,0,0,0,1,0,0,,0
"POINT (8.522847619000061 49.473424975000057)",Unfall 46182 (2017) Kat:3, Licht: 0,46182,3,6,1,05,10,2,0,0,0,1,0,0,,0
"POINT (8.455060618000061 49.491640524000047)",Unfall 46193 (2017) Kat:3, Licht: 0,46193,3,6,2,05,10,3,0,0,0,1,0,0,,1
"POINT (8.454288526000028 49.553677173000040)",Unfall 46195 (2017) Kat:2, Licht: 0,46195,2,6,2,05,14,2,0,0,0,0,0,0,,1
"POINT (8.442990238000050 49.553360411000028)",Unfall 46197 (2017) Kat:2, Licht: 0,46197,2,6,2,05,10,3,0,0,0,1,0,0,,1
"POINT (8.481931278000047 49.491363123000042)",Unfall 46378 (2017) Kat:3, Licht: 0,46378,3,6,1,05,18,4,0,0,0,1,0,1,,0
"POINT (8.578011208000021 49.446855940000034)",Unfall 46385 (2017) Kat:3, Licht: 0,46385,3,6,2,05,06,6,1,0,0,1,0,0,,0
"POINT (8.442732617000047 49.553353352000045)",Unfall 46422 (2017) Kat:3, Licht: 0,46422,3,6,2,05,15,7,0,0,0,1,0,0,,0
"POINT (8.455538572000023 49.553709626000057)",Unfall 46589 (2017) Kat:2, Licht: 0,46589,2,6,2,05,16,2,0,0,0,0,0,0,,1
"POINT (8.544872802000043 49.480678926000053)",Unfall 46679 (2017) Kat:3, Licht: 0,46679,3,1,8,05,15,1,1,0,0,1,0,0,,0
"POINT (8.515590362000069 49.488792293000074)",Unfall 46692 (2017) Kat:3, Licht: 0,46692,3,1,0,05,16,1,1,0,0,0,0,1,,0
"POINT (8.517436287000066 49.488527894000072)",Unfall 46739 (2017) Kat:3, Licht: 0,46739,3,3,5,05,17,7,1,0,0,1,0,0,,0
"POINT (8.560392864000050 49.519162158000029)",Unfall 46763 (2017) Kat:3, Licht: 0,46763,3,1,9,05,19,7,1,0,0,1,0,0,,0
"POINT (8.522673037000061 49.477164339000069)",Unfall 46800 (2017) Kat:3, Licht: 0,46800,3,5,1,05,18,3,0,0,1,1,0,0,,0
"POINT (8.488190152000072 49.497594718000073)",Unfall 46801 (2017) Kat:3, Licht: 0,46801,3,3,5,05,15,3,0,0,1,1,0,0,,0
"POINT (8.498894972000073 49.450737662000051)",Unfall 46802 (2017) Kat:3, Licht: 0,46802,3,6,1,05,12,3,0,0,0,1,0,0,,0
"POINT (8.449562766000042 49.553486594000049)",Unfall 46946 (2017) Kat:3, Licht: 0,46946,3,6,2,05,15,2,0,0,0,1,0,0,,0
"POINT (8.553429317000052 49.491934105000041)",Unfall 47107 (2017) Kat:3, Licht: 0,47107,3,6,8,05,16,5,0,0,0,0,0,0,,1
"POINT (8.539804043000061 49.461707402000059)",Unfall 47108 (2017) Kat:3, Licht: 2,47108,3,1,8,05,04,5,0,2,0,1,0,0,,0
"POINT (8.477057467000066 49.474356337000074)",Unfall 47164 (2017) Kat:2, Licht: 0,47164,2,3,5,05,11,5,0,0,0,1,0,1,,0
"POINT (8.519847985000070 49.467427168000029)",Unfall 47306 (2017) Kat:3, Licht: 0,47306,3,7,2,05,08,6,0,0,0,1,0,0,,0
"POINT (8.488205592000043 49.494619388000046)",Unfall 47382 (2017) Kat:2, Licht: 0,47382,2,5,5,05,19,4,0,0,1,0,0,1,,0
"POINT (8.501692385000069 49.489552865000064)",Unfall 47384 (2017) Kat:3, Licht: 0,47384,3,4,6,05,15,4,0,0,0,0,1,0,,1
"POINT (8.447989384000039 49.552060000000040)",Unfall 47509 (2017) Kat:3, Licht: 0,47509,3,6,2,05,17,3,0,0,0,1,0,0,,0
"POINT (8.511059166000052 49.518490461000056)",Unfall 47606 (2017) Kat:3, Licht: 0,47606,3,2,5,05,10,2,0,0,1,1,0,0,,0
"POINT (8.455723453000076 49.486814867000078)",Unfall 47607 (2017) Kat:3, Licht: 0,47607,3,6,3,05,15,2,0,0,0,1,0,1,,0
"POINT (8.455542002000072 49.553709715000082)",Unfall 47608 (2017) Kat:3, Licht: 0,47608,3,6,1,05,07,2,0,0,0,0,0,0,,1
"POINT (8.510689023000055 49.507523308000032)",Unfall 47720 (2017) Kat:3, Licht: 0,47720,3,2,5,06,17,1,0,0,0,1,0,0,,0
"POINT (8.524338516000057 49.439969966000035)",Unfall 47833 (2017) Kat:3, Licht: 0,47833,3,3,5,05,18,4,0,0,0,1,0,1,,0
"POINT (8.473996924000062 49.483627956000078)",Unfall 47841 (2017) Kat:3, Licht: 0,47841,3,6,3,05,16,4,0,0,1,0,0,0,,1
"POINT (8.489465519000021 49.462151644000073)",Unfall 47844 (2017) Kat:3, Licht: 0,47844,3,4,6,05,17,4,0,0,0,0,1,0,,1
"POINT (8.468062046000057 49.482391927000037)",Unfall 47920 (2017) Kat:3, Licht: 0,47920,3,2,5,06,16,5,0,0,1,1,0,0,,0
"POINT (8.471959139000035 49.513320555000064)",Unfall 47962 (2017) Kat:3, Licht: 0,47962,3,2,5,06,17,6,1,0,1,1,0,0,,0
"POINT (8.550040731000024 49.488519354000061)",Unfall 48005 (2017) Kat:3, Licht: 0,48005,3,6,2,06,14,7,0,0,0,1,0,0,,0
"POINT (8.474938082000051 49.554090717000065)",Unfall 48060 (2017) Kat:2, Licht: 0,48060,2,6,1,06,19,6,0,0,0,1,0,0,,0
"POINT (8.501902562000055 49.554937191000079)",Unfall 48061 (2017) Kat:1, Licht: 0,48061,1,6,2,06,17,6,0,0,0,1,0,0,,1
"POINT (8.497540359000027 49.503015343000072)",Unfall 48128 (2017) Kat:3, Licht: 0,48128,3,6,1,06,18,5,0,0,0,1,0,0,,0
"POINT (8.462373789000026 49.482316674000060)",Unfall 48130 (2017) Kat:3, Licht: 2,48130,3,6,2,06,22,5,0,2,0,1,0,1,,0
"POINT (8.455776537000077 49.487206801000070)",Unfall 48132 (2017) Kat:3, Licht: 0,48132,3,6,0,06,18,5,0,0,0,0,0,1,,1
"POINT (8.526231518000031 49.434819351000044)",Unfall 48200 (2017) Kat:3, Licht: 0,48200,3,7,1,06,11,4,0,0,0,1,0,0,,0
"POINT (8.444616218000022 49.559989216000076)",Unfall 48256 (2017) Kat:3, Licht: 1,48256,3,1,8,06,21,3,0,1,0,1,0,0,,0
"POINT (8.455472500000042 49.553707911000060)",Unfall 48370 (2017) Kat:3, Licht: 0,48370,3,6,2,06,07,4,0,0,0,1,0,0,,1
"POINT (8.526281591000043 49.487612472000080)",Unfall 48466 (2017) Kat:3, Licht: 0,48466,3,2,5,06,17,3,0,0,0,1,0,1,,0
"POINT (8.533859658000040 49.462837962000037)",Unfall 48609 (2017) Kat:3, Licht: 2,48609,3,6,2,06,22,1,0,2,0,1,0,0,,0
"POINT (8.481504821000044 49.554276627000036)",Unfall 48667 (2017) Kat:3, Licht: 0,48667,3,6,2,06,07,4,0,0,0,1,0,0,,0
"POINT (8.470003923000036 49.554070910000064)",Unfall 48750 (2017) Kat:2, Licht: 0,48750,2,6,2,06,18,5,0,0,0,1,0,0,,1
"POINT (8.461578383000074 49.494832395000060)",Unfall 48857 (2017) Kat:3, Licht: 0,48857,3,6,3,06,13,2,0,0,0,1,0,0,,1
"POINT (8.545313320000048 49.481518239000081)",Unfall 48944 (2017) Kat:3, Licht: 0,48944,3,6,0,06,18,1,0,0,0,1,0,1,,0
"POINT (8.490208423000070 49.499198161000038)",Unfall 48957 (2017) Kat:3, Licht: 0,48957,3,6,1,06,16,1,0,0,0,1,0,0,,0
"POINT (8.485557820000054 49.494274341000050)",Unfall 49025 (2017) Kat:3, Licht: 0,49025,3,7,0,06,18,7,0,0,1,0,0,0,,0
"POINT (8.563546697000049 49.466777335000074)",Unfall 49027 (2017) Kat:3, Licht: 0,49027,3,6,2,06,13,7,0,0,0,1,0,0,,0
"POINT (8.552146752000056 49.490190136000081)",Unfall 49049 (2017) Kat:3, Licht: 2,49049,3,1,9,06,22,4,0,2,0,1,0,0,,0
"POINT (8.539348089000043 49.462564742000040)",Unfall 49078 (2017) Kat:3, Licht: 2,49078,3,6,0,06,21,3,0,2,0,1,0,0,,0
"POINT (8.541263094000044 49.455994647000068)",Unfall 49143 (2017) Kat:3, Licht: 0,49143,3,6,2,06,16,2,0,0,0,1,0,0,,0
"POINT (8.483247880000022 49.493363837000061)",Unfall 49150 (2017) Kat:3, Licht: 0,49150,3,6,1,06,08,2,0,0,0,1,0,0,,0
"POINT (8.449594815000069 49.553487613000073)",Unfall 49151 (2017) Kat:3, Licht: 0,49151,3,6,2,06,17,2,0,0,0,1,0,0,,1
"POINT (8.542225627000050 49.452600120000056)",Unfall 49417 (2017) Kat:3, Licht: 0,49417,3,6,2,06,17,6,0,0,0,1,0,0,,1
"POINT (8.481160316000057 49.490225163000048)",Unfall 49435 (2017) Kat:2, Licht: 0,49435,2,4,6,06,10,6,0,0,0,1,1,0,,0
"POINT (8.492024739000044 49.477843748000055)",Unfall 49543 (2017) Kat:3, Licht: 0,49543,3,6,1,07,18,2,0,0,0,1,0,0,,0
"POINT (8.456005504000075 49.485187729000074)",Unfall 49801 (2017) Kat:3, Licht: 0,49801,3,3,5,06,14,6,0,0,1,1,0,0,,0
"POINT (8.565072927000074 49.451691149000055)",Unfall 49896 (2017) Kat:3, Licht: 0,49896,3,6,1,06,07,5,0,0,0,0,0,0,,1
"POINT (8.478071490000048 49.554296823000072)",Unfall 49993 (2017) Kat:3, Licht: 0,49993,3,6,2,07,17,4,0,0,0,1,0,0,,1
"POINT (8.459191907000047 49.482896327000049)",Unfall 50016 (2017) Kat:3, Licht: 0,50016,3,1,9,07,14,4,1,0,0,1,0,0,,0
"POINT (8.503333169000030 49.505673669000032)",Unfall 50049 (2017) Kat:3, Licht: 0,50049,3,6,3,07,07,6,1,0,0,1,0,0,,0
"POINT (8.518171649000067 49.442031006000036)",Unfall 50164 (2017) Kat:3, Licht: 0,50164,3,6,3,07,16,3,0,0,0,1,0,0,,1
"POINT (8.457157446000053 49.545119975000034)",Unfall 50263 (2017) Kat:3, Licht: 0,50263,3,6,2,07,08,2,1,0,0,1,0,0,,1
"POINT (8.446183971000039 49.490047756000081)",Unfall 50313 (2017) Kat:3, Licht: 0,50313,3,6,1,07,17,5,0,0,0,1,0,0,,0
"POINT (8.518184844000075 49.467386440000041)",Unfall 50380 (2017) Kat:3, Licht: 0,50380,3,1,3,07,20,6,0,0,0,1,0,0,,0
"POINT (8.482615598000052 49.492328111000063)",Unfall 50465 (2017) Kat:3, Licht: 0,50465,3,7,5,07,12,6,0,0,1,0,0,0,,0
"POINT (8.456870329000026 49.545296699000062)",Unfall 50598 (2017) Kat:3, Licht: 0,50598,3,1,2,07,15,2,0,0,0,1,0,0,,0
"POINT (8.503570283000045 49.448945557000059)",Unfall 50656 (2017) Kat:3, Licht: 0,50656,3,4,0,07,10,2,0,0,1,0,1,1,,0
"POINT (8.542367434000028 49.473630065000066)",Unfall 50721 (2017) Kat:3, Licht: 0,50721,3,6,2,07,16,6,0,0,0,1,0,0,,0
"POINT (8.456019984000022 49.488472478000062)",Unfall 50749 (2017) Kat:3, Licht: 0,50749,3,6,3,07,14,5,0,0,0,1,0,0,,1
"POINT (8.455892071000051 49.486979230000031)",Unfall 50768 (2017) Kat:3, Licht: 0,50768,3,6,0,07,19,5,0,0,0,1,0,0,,0
"POINT (8.521959611000057 49.471811443000036)",Unfall 50770 (2017) Kat:3, Licht: 0,50770,3,6,1,07,13,5,1,0,0,1,0,0,,0
"POINT (8.460253823000073 49.481361339000046)",Unfall 50801 (2017) Kat:3, Licht: 0,50801,3,6,2,07,07,6,0,0,0,1,0,0,,1
"POINT (8.544455214000038 49.482865595000078)",Unfall 51089 (2017) Kat:3, Licht: 1,51089,3,6,2,07,20,3,0,1,0,1,0,0,,0
"POINT (8.467360559000042 49.482768415000066)",Unfall 51182 (2017) Kat:3, Licht: 0,51182,3,2,0,07,19,7,0,0,1,1,0,0,,0
"POINT (8.523520817000076 49.438509498000030)",Unfall 51397 (2017) Kat:3, Licht: 0,51397,3,3,5,07,07,5,1,0,0,1,0,0,,0
"POINT (8.476014546000044 49.486373662000062)",Unfall 51484 (2017) Kat:3, Licht: 0,51484,3,6,2,07,13,4,0,0,0,1,0,0,,1
"POINT (8.527162283000052 49.433625728000038)",Unfall 51556 (2017) Kat:2, Licht: 0,51556,2,6,0,07,13,7,0,0,0,1,0,1,,0
"POINT (8.465455345000066 49.483402283000032)",Unfall 51628 (2017) Kat:3, Licht: 0,51628,3,6,2,07,12,3,1,0,0,1,0,0,,0
"POINT (8.471293553000066 49.481312978000062)",Unfall 51640 (2017) Kat:3, Licht: 0,51640,3,2,5,07,16,6,0,0,0,1,0,0,,1
"POINT (8.473753839000040 49.483372260000067)",Unfall 51782 (2017) Kat:3, Licht: 0,51782,3,6,2,07,11,2,0,0,0,1,0,0,,1
"POINT (8.584048011000050 49.456859434000080)",Unfall 51870 (2017) Kat:3, Licht: 2,51870,3,7,0,08,01,5,0,2,1,0,0,0,,0
"POINT (8.552127889000076 49.490167590000055)",Unfall 52150 (2017) Kat:2, Licht: 0,52150,2,6,9,08,16,5,1,0,0,1,0,0,,0
"POINT (8.491336065000041 49.490910124000038)",Unfall 52177 (2017) Kat:3, Licht: 0,52177,3,1,9,08,14,5,1,0,0,1,0,0,,0
"POINT (8.550412415000039 49.457238256000039)",Unfall 52242 (2017) Kat:3, Licht: 0,52242,3,6,9,08,16,4,0,0,0,1,0,0,,0
"POINT (8.463273430000072 49.505707259000076)",Unfall 52606 (2017) Kat:3, Licht: 0,52606,3,6,2,08,09,7,1,0,0,1,0,0,,0
"POINT (8.540118483000072 49.438240501000053)",Unfall 52743 (2017) Kat:3, Licht: 0,52743,3,6,1,08,13,6,0,0,0,1,0,0,,0
"POINT (8.490413097000044 49.460816394000062)",Unfall 52770 (2017) Kat:3, Licht: 0,52770,3,2,3,08,17,6,1,0,1,1,0,0,,0
"POINT (8.469228794000060 49.478315252000073)",Unfall 52784 (2017) Kat:3, Licht: 0,52784,3,6,2,08,13,7,1,0,0,1,0,0,,0
"POINT (8.475504737000051 49.515795682000032)",Unfall 52844 (2017) Kat:3, Licht: 2,52844,3,6,4,08,22,6,0,2,1,0,0,0,,0
"POINT (8.504379058000041 49.506259465000028)",Unfall 52845 (2017) Kat:3, Licht: 0,52845,3,6,2,08,15,6,0,0,0,1,0,0,,1
"POINT (8.423882759000037 49.550804430000028)",Unfall 52846 (2017) Kat:3, Licht: 0,52846,3,6,2,08,09,6,0,0,0,1,0,0,,0
"POINT (8.519976123000049 49.466994384000031)",Unfall 52903 (2017) Kat:2, Licht: 0,52903,2,6,2,08,15,5,0,0,0,1,0,0,,0
"POINT (8.500222059000066 49.474299270000074)",Unfall 52924 (2017) Kat:3, Licht: 0,52924,3,2,5,08,14,5,0,0,0,1,0,0,,0
"POINT (8.487667067000075 49.497000939000031)",Unfall 53003 (2017) Kat:3, Licht: 0,53003,3,6,2,08,14,4,0,0,0,1,0,0,,0
"POINT (8.446642420000046 49.553402850000055)",Unfall 53038 (2017) Kat:3, Licht: 0,53038,3,6,2,08,18,1,0,0,0,1,0,0,,0
"POINT (8.540710949000072 49.443521295000039)",Unfall 53131 (2017) Kat:2, Licht: 0,53131,2,1,0,08,11,2,0,0,0,0,0,1,,0
"POINT (8.455047027000035 49.553696866000053)",Unfall 53186 (2017) Kat:3, Licht: 0,53186,3,6,2,08,12,7,0,0,0,1,0,0,,0
"POINT (8.481087320000029 49.539042560000041)",Unfall 53196 (2017) Kat:3, Licht: 0,53196,3,6,2,08,17,7,0,0,0,1,0,0,,0
"POINT (8.460016454000026 49.482829480000078)",Unfall 53278 (2017) Kat:3, Licht: 0,53278,3,6,2,09,14,1,0,0,0,1,0,0,,0
"POINT (8.512572302000024 49.488829740000028)",Unfall 53327 (2017) Kat:3, Licht: 0,53327,3,3,5,09,16,7,1,0,0,1,0,0,,0
"POINT (8.447997405000024 49.581352632000062)",Unfall 53380 (2017) Kat:3, Licht: 0,53380,3,2,4,09,14,6,0,0,0,1,0,0,,0
"POINT (8.531341951000059 49.512928897000052)",Unfall 53454 (2017) Kat:3, Licht: 0,53454,3,6,2,09,12,3,0,0,0,1,0,0,,0
"POINT (8.455977271000052 49.488250911000080)",Unfall 53456 (2017) Kat:2, Licht: 0,53456,2,6,3,09,15,3,0,0,0,1,0,1,,0
"POINT (8.512644045000059 49.446836523000059)",Unfall 53603 (2017) Kat:3, Licht: 2,53603,3,7,0,09,05,2,0,2,0,1,0,0,,0
"POINT (8.460104703000070 49.495873676000031)",Unfall 53648 (2017) Kat:3, Licht: 0,53648,3,7,0,08,14,3,0,0,0,0,0,1,,0
"POINT (8.560167651000029 49.516186774000062)",Unfall 53759 (2017) Kat:3, Licht: 0,53759,3,6,8,09,11,4,0,0,0,1,0,0,,1
"POINT (8.462287053000068 49.484774015000028)",Unfall 53806 (2017) Kat:3, Licht: 2,53806,3,2,3,09,22,4,1,2,1,1,0,0,,0
"POINT (8.473665456000049 49.483279292000077)",Unfall 53807 (2017) Kat:3, Licht: 2,53807,3,6,3,09,23,4,1,2,1,1,0,0,,0
"POINT (8.570733933000042 49.450321518000067)",Unfall 53808 (2017) Kat:3, Licht: 0,53808,3,6,9,09,14,4,0,0,0,1,0,0,,1
"POINT (8.501601548000053 49.489400339000042)",Unfall 53818 (2017) Kat:3, Licht: 0,53818,3,4,6,09,07,4,0,0,0,0,1,1,,0
"POINT (8.478092784000069 49.517805304000035)",Unfall 53924 (2017) Kat:2, Licht: 2,53924,2,7,5,09,20,3,0,2,0,1,0,0,,1
"POINT (8.446102254000039 49.490015582000069)",Unfall 54011 (2017) Kat:2, Licht: 0,54011,2,7,0,09,12,6,0,0,1,0,0,0,,0
"POINT (8.528581458000076 49.438680592000026)",Unfall 54040 (2017) Kat:3, Licht: 0,54040,3,1,2,09,11,5,0,0,0,1,0,0,,0
"POINT (8.504763830000059 49.522132063000072)",Unfall 54208 (2017) Kat:3, Licht: 2,54208,3,2,4,09,01,7,0,2,0,1,0,0,,0
"POINT (8.501424408000048 49.504753138000069)",Unfall 54249 (2017) Kat:3, Licht: 0,54249,3,6,3,09,16,5,0,0,1,1,0,0,,0
"POINT (8.471195474000069 49.477030195000054)",Unfall 54267 (2017) Kat:2, Licht: 0,54267,2,6,1,09,16,5,0,0,0,1,0,1,,0
"POINT (8.464886162000028 49.483736883000063)",Unfall 54376 (2017) Kat:3, Licht: 0,54376,3,3,5,09,16,4,0,0,1,1,0,0,,0
"POINT (8.507794089000072 49.507256702000063)",Unfall 54377 (2017) Kat:3, Licht: 2,54377,3,6,2,09,21,4,0,2,0,1,0,0,,0
"POINT (8.494288724000057 49.455524526000033)",Unfall 54378 (2017) Kat:3, Licht: 0,54378,3,4,6,09,11,4,0,0,0,1,1,0,,0
"POINT (8.449080557000059 49.553661012000077)",Unfall 54514 (2017) Kat:3, Licht: 0,54514,3,6,2,09,16,7,0,0,0,1,0,0,,0
"POINT (8.479572308000059 49.488330574000031)",Unfall 54522 (2017) Kat:3, Licht: 0,54522,3,7,0,09,13,7,0,0,1,0,0,0,,0
"POINT (8.460124171000075 49.503389610000056)",Unfall 54523 (2017) Kat:2, Licht: 2,54523,2,3,6,09,23,7,0,2,0,1,1,0,,0
"POINT (8.465057378000040 49.506984264000039)",Unfall 54676 (2017) Kat:3, Licht: 2,54676,3,6,2,09,21,6,0,2,0,1,0,0,,0
"POINT (8.511592108000059 49.444940177000035)",Unfall 54677 (2017) Kat:2, Licht: 0,54677,2,6,2,09,14,6,0,0,0,0,0,1,,0
"POINT (8.476014599000052 49.486373794000031)",Unfall 54755 (2017) Kat:3, Licht: 0,54755,3,6,1,09,12,2,0,0,0,1,0,1,,0
"POINT (8.468808582000065 49.509665045000077)",Unfall 54758 (2017) Kat:3, Licht: 1,54758,3,3,5,09,06,2,0,1,0,1,0,0,,0
"POINT (8.540280400000029 49.467728158000057)",Unfall 54799 (2017) Kat:3, Licht: 0,54799,3,7,1,09,18,5,0,0,0,1,0,0,,0
"POINT (8.496692215000053 49.525877826000055)",Unfall 54811 (2017) Kat:1, Licht: 0,54811,1,4,6,09,10,5,0,0,0,0,1,0,,1
"POINT (8.449396124000032 49.553481291000026)",Unfall 54963 (2017) Kat:3, Licht: 0,54963,3,6,2,09,15,3,0,0,0,1,0,0,,1
"POINT (8.449422289000040 49.550014409000028)",Unfall 54991 (2017) Kat:3, Licht: 0,54991,3,6,3,09,15,6,0,0,0,1,0,1,,0
"POINT (8.475893094000071 49.487125805000062)",Unfall 55052 (2017) Kat:3, Licht: 0,55052,3,2,2,09,13,5,0,0,0,1,0,0,,0
"POINT (8.568687284000021 49.449026185000037)",Unfall 55102 (2017) Kat:2, Licht: 0,55102,2,1,8,09,18,4,0,0,0,0,0,1,,0
"POINT (8.565997712000069 49.451300369000080)",Unfall 55110 (2017) Kat:3, Licht: 1,55110,3,6,2,09,06,4,0,1,0,1,0,0,,0
"POINT (8.528007913000067 49.510097716000075)",Unfall 55120 (2017) Kat:3, Licht: 0,55120,3,1,0,09,18,4,0,0,0,1,0,0,,0
"POINT (8.560776722000071 49.507168352000065)",Unfall 55249 (2017) Kat:3, Licht: 1,55249,3,6,2,10,19,4,0,1,0,1,0,1,,1
"POINT (8.541470096000069 49.446391367000047)",Unfall 55303 (2017) Kat:3, Licht: 2,55303,3,1,9,10,23,3,0,2,0,1,0,0,,0
"POINT (8.476706572000069 49.487705473000062)",Unfall 55343 (2017) Kat:2, Licht: 0,55343,2,1,0,10,08,2,1,0,0,0,0,1,,0
"POINT (8.486879991000023 49.496389652000062)",Unfall 55344 (2017) Kat:2, Licht: 0,55344,2,3,5,10,08,2,1,0,1,0,0,0,,1
"POINT (8.515362733000075 49.463774884000031)",Unfall 55412 (2017) Kat:3, Licht: 0,55412,3,7,2,10,14,1,0,0,0,1,0,0,,0
"POINT (8.465280406000034 49.507143649000056)",Unfall 55471 (2017) Kat:3, Licht: 0,55471,3,2,5,09,12,7,0,0,0,1,0,0,,0
"POINT (8.494871166000053 49.453829473000042)",Unfall 55643 (2017) Kat:3, Licht: 2,55643,3,2,5,10,07,1,1,2,0,1,0,0,,0
"POINT (8.445555430000070 49.562698247000071)",Unfall 55746 (2017) Kat:3, Licht: 2,55746,3,7,9,10,00,6,0,2,0,1,0,0,,0
"POINT (8.522800183000072 49.473765101000026)",Unfall 55882 (2017) Kat:3, Licht: 0,55882,3,6,2,10,13,2,0,0,0,1,0,0,,0
"POINT (8.427436912000076 49.551767430000041)",Unfall 55989 (2017) Kat:3, Licht: 0,55989,3,6,2,10,16,1,0,0,0,1,0,0,,0
"POINT (8.462724225000045 49.553874056000041)",Unfall 56146 (2017) Kat:3, Licht: 0,56146,3,6,2,10,18,6,0,0,0,1,0,0,,0
"POINT (8.447055517000024 49.555352053000036)",Unfall 56269 (2017) Kat:3, Licht: 1,56269,3,6,1,10,18,3,0,1,0,1,0,0,,0
"POINT (8.540841562000026 49.456999516000053)",Unfall 56282 (2017) Kat:3, Licht: 0,56282,3,1,2,10,14,7,0,0,0,1,0,0,,0
"POINT (8.497425227000065 49.502976352000076)",Unfall 56286 (2017) Kat:3, Licht: 0,56286,3,7,0,10,15,3,0,0,0,1,0,1,,0
"POINT (8.564995866000061 49.465479333000076)",Unfall 56287 (2017) Kat:3, Licht: 0,56287,3,7,0,10,12,3,0,0,1,0,0,0,,0
"POINT (8.463936205000039 49.482012631000032)",Unfall 56288 (2017) Kat:3, Licht: 0,56288,3,6,2,10,09,3,0,0,0,1,0,0,,0
"POINT (8.457879873000024 49.553735547000031)",Unfall 56456 (2017) Kat:2, Licht: 0,56456,2,6,2,10,16,5,0,0,0,0,0,0,,1
"POINT (8.478091112000072 49.473652530000038)",Unfall 56469 (2017) Kat:3, Licht: 0,56469,3,6,2,10,16,5,0,0,0,1,0,0,,1
"POINT (8.501738238000030 49.449852632000045)",Unfall 56470 (2017) Kat:3, Licht: 2,56470,3,6,2,10,19,5,0,2,0,1,0,0,,0
"POINT (8.518797906000032 49.477595308000048)",Unfall 56620 (2017) Kat:3, Licht: 1,56620,3,6,2,10,18,6,0,1,0,1,0,0,,0
"POINT (8.471684549000031 49.477021210000032)",Unfall 56622 (2017) Kat:3, Licht: 1,56622,3,6,1,10,08,6,1,1,0,1,0,0,,0
"POINT (8.499745024000049 49.489620692000074)",Unfall 56721 (2017) Kat:3, Licht: 1,56721,3,6,3,10,08,5,0,1,0,1,0,1,,0
"POINT (8.479753041000038 49.488534400000049)",Unfall 56722 (2017) Kat:3, Licht: 0,56722,3,2,5,10,09,5,0,0,1,1,0,0,,0
"POINT (8.519399564000025 49.516199005000033)",Unfall 56778 (2017) Kat:2, Licht: 0,56778,2,4,6,10,11,2,0,0,0,1,1,0,,0
"POINT (8.565957468000022 49.464342703000057)",Unfall 56823 (2017) Kat:3, Licht: 0,56823,3,7,8,10,15,4,0,0,0,1,0,0,,0
"POINT (8.458980932000031 49.543974126000080)",Unfall 56825 (2017) Kat:3, Licht: 1,56825,3,6,2,10,17,7,0,1,0,1,0,0,,0
"POINT (8.442354656000020 49.553559288000031)",Unfall 56935 (2017) Kat:2, Licht: 2,56935,2,1,0,10,22,3,0,2,0,0,0,1,,0
"POINT (8.458069339000076 49.553741475000038)",Unfall 57007 (2017) Kat:3, Licht: 2,57007,3,6,2,10,18,6,0,2,0,1,0,0,,1
"POINT (8.551159843000050 49.491573541000037)",Unfall 57109 (2017) Kat:3, Licht: 0,57109,3,6,1,11,21,3,0,0,0,1,0,0,,0
"POINT (8.560554272000047 49.512212420000026)",Unfall 57158 (2017) Kat:3, Licht: 2,57158,3,1,2,11,17,5,0,2,0,1,0,0,,0
"POINT (8.532351383000048 49.463390973000060)",Unfall 57172 (2017) Kat:3, Licht: 2,57172,3,6,1,11,17,2,0,2,0,1,0,0,,1
"POINT (8.455884273000038 49.486870123000074)",Unfall 57182 (2017) Kat:3, Licht: 0,57182,3,6,2,11,15,5,0,0,0,1,0,0,,0
"POINT (8.446106738000026 49.490017347000048)",Unfall 57192 (2017) Kat:3, Licht: 2,57192,3,6,2,11,16,5,0,2,0,1,0,0,,0
"POINT (8.477843311000072 49.473784604000059)",Unfall 57195 (2017) Kat:2, Licht: 2,57195,2,6,4,11,06,5,1,2,0,1,0,0,,0
"POINT (8.540351786000031 49.460691909000047)",Unfall 57360 (2017) Kat:3, Licht: 1,57360,3,3,1,11,07,4,1,1,0,1,0,0,,0
"POINT (8.519637517000035 49.467430029000070)",Unfall 57369 (2017) Kat:3, Licht: 0,57369,3,6,1,11,12,6,0,0,0,1,0,0,,0
"POINT (8.476193730000034 49.487338318000070)",Unfall 57375 (2017) Kat:3, Licht: 0,57375,3,1,9,11,13,4,1,0,0,0,0,1,,0
"POINT (8.517529719000038 49.487527551000028)",Unfall 57378 (2017) Kat:3, Licht: 2,57378,3,6,2,11,18,4,1,2,0,1,0,0,,1
"POINT (8.551707395000051 49.492442093000079)",Unfall 57380 (2017) Kat:3, Licht: 2,57380,3,3,5,11,17,4,1,2,0,1,0,0,,0
"POINT (8.418954429000053 49.549126403000059)",Unfall 57382 (2017) Kat:3, Licht: 1,57382,3,6,2,11,06,4,1,1,0,1,0,0,,0
"POINT (8.457044457000052 49.545190232000039)",Unfall 57465 (2017) Kat:3, Licht: 2,57465,3,6,2,11,19,5,0,2,0,1,0,0,,0
"POINT (8.463307259000032 49.482131770000080)",Unfall 57557 (2017) Kat:3, Licht: 2,57557,3,6,2,10,17,3,0,2,0,1,0,0,,0
"POINT (8.566531331000022 49.463833318000070)",Unfall 57678 (2017) Kat:3, Licht: 0,57678,3,6,2,11,16,3,0,0,0,1,0,0,,0
"POINT (8.522784830000035 49.473728402000063)",Unfall 57679 (2017) Kat:3, Licht: 2,57679,3,6,1,11,19,3,1,2,0,1,0,0,,0
"POINT (8.464417559000026 49.553918224000029)",Unfall 57710 (2017) Kat:2, Licht: 1,57710,2,6,2,11,07,6,0,1,0,0,0,0,,1
"POINT (8.482291981000060 49.473924129000068)",Unfall 57762 (2017) Kat:3, Licht: 2,57762,3,2,3,11,17,6,0,2,0,1,0,0,,1
"POINT (8.475092729000039 49.485127099000067)",Unfall 57901 (2017) Kat:3, Licht: 0,57901,3,7,5,11,10,2,0,0,1,1,0,0,,0
"POINT (8.539454090000049 49.461275795000063)",Unfall 57909 (2017) Kat:2, Licht: 2,57909,2,6,1,11,18,2,1,2,0,1,0,0,,0
"POINT (8.530838528000061 49.486681539000074)",Unfall 57926 (2017) Kat:3, Licht: 0,57926,3,3,5,11,10,2,1,0,1,0,0,0,,1
"POINT (8.500122793000060 49.474338413000055)",Unfall 58084 (2017) Kat:2, Licht: 0,58084,2,3,5,11,09,7,1,0,0,1,0,0,,0
"POINT (8.512680502000023 49.449522414000057)",Unfall 58321 (2017) Kat:1, Licht: 2,58321,1,6,2,11,06,6,0,2,0,1,0,1,,0
"POINT (8.461850911000056 49.494526456000074)",Unfall 58433 (2017) Kat:3, Licht: 2,58433,3,6,2,11,06,3,1,2,0,1,0,0,,0
"POINT (8.501839971000038 49.489544469000066)",Unfall 58435 (2017) Kat:2, Licht: 0,58435,2,3,5,11,14,3,0,0,0,1,0,0,,0
"POINT (8.503417986000045 49.505721175000076)",Unfall 58463 (2017) Kat:3, Licht: 2,58463,3,6,2,11,17,5,0,2,0,1,0,0,,0
"POINT (8.555561297000054 49.495122300000048)",Unfall 58464 (2017) Kat:3, Licht: 0,58464,3,6,1,11,13,5,0,0,0,1,0,0,,0
"POINT (8.463133325000058 49.482164671000078)",Unfall 58579 (2017) Kat:3, Licht: 0,58579,3,6,2,11,14,4,0,0,0,1,0,0,,0
"POINT (8.558567561000075 49.499164386000075)",Unfall 58580 (2017) Kat:3, Licht: 2,58580,3,6,1,11,19,4,0,2,0,1,0,0,,0
"POINT (8.455757626000036 49.553715311000076)",Unfall 58582 (2017) Kat:1, Licht: 2,58582,1,6,2,11,19,4,0,2,0,1,0,0,,1
"POINT (8.466926135000051 49.508319694000079)",Unfall 58707 (2017) Kat:3, Licht: 2,58707,3,4,6,11,16,5,1,2,0,1,1,0,,0
"POINT (8.474147320000043 49.483781494000027)",Unfall 58708 (2017) Kat:3, Licht: 0,58708,3,6,2,11,14,5,1,0,0,1,0,0,,1
"POINT (8.488059199000077 49.494609567000055)",Unfall 58709 (2017) Kat:3, Licht: 0,58709,3,1,1,11,11,5,1,0,0,1,0,0,,0
"POINT (8.511389694000059 49.518483975000038)",Unfall 58776 (2017) Kat:3, Licht: 2,58776,3,6,2,12,19,2,1,2,0,1,0,0,,0
"POINT (8.469092254000032 49.481998502000067)",Unfall 58826 (2017) Kat:3, Licht: 2,58826,3,4,6,12,17,1,1,2,0,1,1,0,,0
"POINT (8.489347404000057 49.494302519000030)",Unfall 58870 (2017) Kat:2, Licht: 0,58870,2,1,0,11,11,5,1,0,0,0,0,1,,0
"POINT (8.458967481000059 49.492180631000053)",Unfall 58924 (2017) Kat:3, Licht: 0,58924,3,6,3,12,13,6,1,0,0,1,0,1,,1
"POINT (8.541690537000022 49.447119172000043)",Unfall 58980 (2017) Kat:3, Licht: 2,58980,3,6,2,12,17,3,0,2,0,1,0,0,,0
"POINT (8.538703173000044 49.484922904000030)",Unfall 59031 (2017) Kat:2, Licht: 0,59031,2,2,5,12,12,7,0,0,1,1,0,0,,0
"POINT (8.463796887000058 49.480917569000042)",Unfall 59222 (2017) Kat:3, Licht: 2,59222,3,6,2,12,18,4,0,2,0,1,0,0,,1
"POINT (8.538916946000029 49.452960362000056)",Unfall 59224 (2017) Kat:3, Licht: 1,59224,3,4,6,12,06,4,0,1,0,1,1,0,,0
"POINT (8.516021877000071 49.464549617000046)",Unfall 59340 (2017) Kat:3, Licht: 2,59340,3,6,2,12,21,5,1,2,0,1,0,0,,1
"POINT (8.560776441000030 49.507175177000079)",Unfall 59548 (2017) Kat:2, Licht: 2,59548,2,6,2,12,17,2,1,2,0,1,0,0,,1
"POINT (8.564193130000035 49.466330286000073)",Unfall 59557 (2017) Kat:3, Licht: 0,59557,3,4,6,12,11,2,1,0,0,1,1,0,,0
"POINT (8.543461608000030 49.426431192000052)",Unfall 59594 (2017) Kat:3, Licht: 0,59594,3,1,2,12,12,4,1,0,0,1,0,0,,0
"POINT (8.487003605000041 49.465171136000038)",Unfall 59663 (2017) Kat:3, Licht: 2,59663,3,6,3,12,18,3,1,2,1,1,0,0,,0
"POINT (8.476608625000040 49.516810646000067)",Unfall 59664 (2017) Kat:2, Licht: 2,59664,2,3,5,12,17,3,1,2,0,1,0,0,,0
"POINT (8.560255776000076 49.518953225000075)",Unfall 59799 (2017) Kat:3, Licht: 2,59799,3,2,0,12,01,7,1,2,0,1,0,0,,0
"POINT (8.459367277000069 49.497225310000033)",Unfall 59803 (2017) Kat:2, Licht: 2,59803,2,6,4,12,19,7,0,2,0,1,0,0,,0
"POINT (8.505828995000059 49.506901301000028)",Unfall 59804 (2017) Kat:3, Licht: 0,59804,3,3,5,12,13,7,0,0,0,1,0,0,,0
"POINT (8.561150531000067 49.453145428000028)",Unfall 59868 (2017) Kat:3, Licht: 2,59868,3,6,2,12,18,6,1,2,0,1,0,0,,0
"POINT (8.489535520000061 49.528603204000035)",Unfall 59881 (2017) Kat:2, Licht: 2,59881,2,7,9,12,22,6,1,2,0,1,0,0,,0
"POINT (8.466017263000026 49.483286253000074)",Unfall 59882 (2017) Kat:3, Licht: 0,59882,3,6,2,12,12,6,1,0,0,1,0,0,,0
"POINT (8.492022750000047 49.477844537000067)",Unfall 60007 (2017) Kat:3, Licht: 2,60007,3,6,2,12,17,5,0,2,0,1,0,0,,0
"POINT (8.516155933000050 49.464707365000038)",Unfall 60063 (2017) Kat:3, Licht: 0,60063,3,1,2,12,14,4,1,0,0,1,0,0,,0
"POINT (8.526639985000031 49.465174447000038)",Unfall 60098 (2017) Kat:3, Licht: 2,60098,3,6,2,12,18,3,0,2,0,1,0,0,,0
"POINT (8.463240303000021 49.484384581000029)",Unfall 60157 (2017) Kat:3, Licht: 2,60157,3,6,2,12,21,7,0,2,0,1,0,0,,0
"POINT (8.472503075000077 49.487132100000053)",Unfall 145881 (2017) Kat:3, Licht: 0,145881,3,3,5,01,12,5,0,0,1,1,0,0,,0
"POINT (8.470041073000061 49.503678944000058)",Unfall 145918 (2017) Kat:3, Licht: 1,145918,3,3,5,01,07,4,0,1,1,0,0,0,,1
"POINT (8.470707931000050 49.487841190000040)",Unfall 145965 (2017) Kat:3, Licht: 2,145965,3,3,5,01,20,2,0,2,0,1,0,0,,0
"POINT (8.552556495000033 49.510127844000067)",Unfall 145966 (2017) Kat:3, Licht: 1,145966,3,3,5,01,07,2,1,1,0,1,0,0,,0
"POINT (8.494104445000062 49.451544083000044)",Unfall 146012 (2017) Kat:3, Licht: 2,146012,3,5,1,01,20,5,0,2,1,1,0,0,,0
"POINT (8.495180052000023 49.501004286000068)",Unfall 146048 (2017) Kat:3, Licht: 2,146048,3,7,6,01,19,3,0,2,0,1,1,0,,0
"POINT (8.492713357000071 49.454350419000036)",Unfall 146049 (2017) Kat:3, Licht: 2,146049,3,3,5,01,18,3,0,2,1,1,0,0,,0
"POINT (8.471237957000028 49.487107254000080)",Unfall 146071 (2017) Kat:3, Licht: 0,146071,3,7,6,01,16,2,0,0,0,1,1,0,,0
"POINT (8.463344820000032 49.490811688000065)",Unfall 146140 (2017) Kat:3, Licht: 0,146140,3,3,5,01,10,7,0,0,0,1,0,0,,0
"POINT (8.500287112000024 49.465745779000031)",Unfall 146166 (2017) Kat:3, Licht: 0,146166,3,6,2,01,08,6,0,0,0,1,0,0,,0
"POINT (8.507181772000024 49.498970513000074)",Unfall 146167 (2017) Kat:3, Licht: 0,146167,3,6,2,01,14,6,1,0,0,1,0,0,,0
"POINT (8.520183790000033 49.489226832000043)",Unfall 146168 (2017) Kat:3, Licht: 1,146168,3,3,5,01,07,6,0,1,0,1,0,0,,0
"POINT (8.521769895000034 49.445278027000029)",Unfall 146169 (2017) Kat:2, Licht: 2,146169,2,2,6,01,17,6,0,2,0,1,1,0,,0
"POINT (8.509516005000023 49.506490943000074)",Unfall 146213 (2017) Kat:3, Licht: 0,146213,3,3,5,01,15,5,0,0,0,1,0,0,,0
"POINT (8.496029459000056 49.509843275000037)",Unfall 146240 (2017) Kat:3, Licht: 0,146240,3,6,2,01,15,4,0,0,0,1,0,0,,0
"POINT (8.469057275000068 49.498302521000028)",Unfall 146277 (2017) Kat:3, Licht: 2,146277,3,3,5,01,19,2,1,2,0,1,0,0,,1
"POINT (8.469395279000025 49.487359594000054)",Unfall 146278 (2017) Kat:3, Licht: 0,146278,3,6,1,01,14,2,0,0,0,1,0,0,,0
"POINT (8.467627246000063 49.492171970000072)",Unfall 146279 (2017) Kat:3, Licht: 0,146279,3,7,6,01,16,2,0,0,1,0,1,0,,0
"POINT (8.519795300000055 49.488510108000071)",Unfall 146280 (2017) Kat:3, Licht: 2,146280,3,2,5,01,18,2,0,2,0,1,0,0,,1
"POINT (8.519797028000028 49.488473156000055)",Unfall 146281 (2017) Kat:2, Licht: 1,146281,2,3,5,01,07,2,2,1,1,1,0,0,,0
"POINT (8.478776541000059 49.546966129000054)",Unfall 146325 (2017) Kat:2, Licht: 0,146325,2,3,5,01,11,7,1,0,1,1,0,0,,0
"POINT (8.499928846000046 49.499032412000076)",Unfall 146350 (2017) Kat:3, Licht: 0,146350,3,3,5,01,15,6,0,0,0,1,0,0,,0
"POINT (8.512831855000059 49.454294119000053)",Unfall 146351 (2017) Kat:3, Licht: 2,146351,3,3,6,01,07,6,0,2,0,1,1,0,,0
"POINT (8.525635094000052 49.510078287000056)",Unfall 146352 (2017) Kat:3, Licht: 0,146352,3,6,2,01,16,6,0,0,0,1,0,0,,0
"POINT (8.466079811000043 49.541606675000025)",Unfall 146383 (2017) Kat:3, Licht: 0,146383,3,2,5,01,15,5,0,0,0,1,0,0,,1
"POINT (8.471418912000047 49.497585206000053)",Unfall 146384 (2017) Kat:3, Licht: 0,146384,3,5,0,01,14,5,0,0,1,1,0,0,,0
"POINT (8.486066604000030 49.466523672000051)",Unfall 146385 (2017) Kat:3, Licht: 0,146385,3,7,1,01,10,5,1,0,0,1,0,0,,0
"POINT (8.472254640000074 49.478536794000036)",Unfall 146386 (2017) Kat:3, Licht: 0,146386,3,6,6,01,09,5,0,0,0,1,1,0,,0
"POINT (8.535275512000055 49.504771006000055)",Unfall 146388 (2017) Kat:3, Licht: 1,146388,3,1,9,01,07,5,2,1,0,1,0,0,,0
"POINT (8.453937402000065 49.540338807000069)",Unfall 146427 (2017) Kat:3, Licht: 0,146427,3,2,5,01,12,3,0,0,0,1,0,0,,1
"POINT (8.480290245000049 49.481023227000037)",Unfall 146428 (2017) Kat:3, Licht: 0,146428,3,3,5,01,13,3,0,0,0,1,0,0,,0
"POINT (8.464034524000056 49.490472479000061)",Unfall 146429 (2017) Kat:3, Licht: 2,146429,3,3,5,01,06,3,1,2,0,1,0,1,,0
"POINT (8.470229105000044 49.493298526000046)",Unfall 146458 (2017) Kat:3, Licht: 0,146458,3,6,2,01,15,2,0,0,0,1,0,0,,0
"POINT (8.464325582000072 49.489331242000048)",Unfall 146499 (2017) Kat:3, Licht: 2,146499,3,3,1,01,00,7,0,2,0,1,0,0,,0
"POINT (8.490928659000076 49.515757926000049)",Unfall 146515 (2017) Kat:3, Licht: 2,146515,3,7,1,01,05,6,1,2,0,1,0,1,,0
"POINT (8.530575526000064 49.508687585000075)",Unfall 146516 (2017) Kat:3, Licht: 0,146516,3,6,1,01,08,6,1,0,0,1,0,0,,1
"POINT (8.497302537000053 49.517803410000056)",Unfall 146539 (2017) Kat:3, Licht: 0,146539,3,6,2,01,15,5,0,0,0,1,0,0,,0
"POINT (8.508229992000054 49.515339601000051)",Unfall 146540 (2017) Kat:2, Licht: 0,146540,2,7,6,01,15,5,0,0,0,0,1,0,,1
"POINT (8.468441245000065 49.550774515000057)",Unfall 146605 (2017) Kat:3, Licht: 0,146605,3,6,4,01,12,2,0,0,0,1,0,0,,0
"POINT (8.509297154000024 49.515498339000033)",Unfall 146606 (2017) Kat:3, Licht: 2,146606,3,6,2,01,20,2,1,2,0,1,0,0,,0
"POINT (8.471175945000027 49.473993634000067)",Unfall 146634 (2017) Kat:3, Licht: 0,146634,3,3,5,01,15,1,0,0,0,1,0,0,,0
"POINT (8.505838459000074 49.506981826000072)",Unfall 146652 (2017) Kat:2, Licht: 2,146652,2,3,5,02,19,1,0,2,0,1,0,0,,0
"POINT (8.482091476000051 49.453947552000045)",Unfall 146664 (2017) Kat:3, Licht: 0,146664,3,3,5,02,12,7,0,0,1,1,0,0,,0
"POINT (8.493604733000041 49.479525832000036)",Unfall 146675 (2017) Kat:3, Licht: 0,146675,3,3,5,02,11,6,0,0,0,1,0,1,,0
"POINT (8.487842072000035 49.495582994000074)",Unfall 146703 (2017) Kat:3, Licht: 0,146703,3,2,5,02,07,5,0,0,1,1,0,0,,0
"POINT (8.481832284000063 49.458108350000032)",Unfall 146733 (2017) Kat:3, Licht: 0,146733,3,3,5,02,17,4,0,0,1,1,0,0,,0
"POINT (8.495475381000063 49.521256344000051)",Unfall 146735 (2017) Kat:3, Licht: 0,146735,3,3,5,02,13,4,0,0,0,1,0,1,,0
"POINT (8.454117763000056 49.543993076000049)",Unfall 146736 (2017) Kat:3, Licht: 0,146736,3,4,6,02,07,4,0,0,0,1,1,0,,0
"POINT (8.504094314000042 49.441873648000069)",Unfall 146831 (2017) Kat:2, Licht: 0,146831,2,1,0,02,12,7,0,0,1,0,0,0,,0
"POINT (8.448653731000036 49.542199669000070)",Unfall 146889 (2017) Kat:3, Licht: 0,146889,3,3,5,02,16,5,0,0,0,1,0,1,,0
"POINT (8.487610665000034 49.484621791000052)",Unfall 146890 (2017) Kat:3, Licht: 2,146890,3,3,5,02,05,5,1,2,0,1,0,0,,1
"POINT (8.473849076000022 49.518124944000078)",Unfall 146922 (2017) Kat:3, Licht: 1,146922,3,7,0,02,17,3,1,1,1,0,0,0,,0
"POINT (8.505292139000062 49.463876000000027)",Unfall 146950 (2017) Kat:3, Licht: 1,146950,3,6,2,02,18,2,1,1,0,1,0,0,,0
"POINT (8.469140605000064 49.498333163000041)",Unfall 147000 (2017) Kat:3, Licht: 0,147000,3,4,6,02,13,7,0,0,0,1,1,0,,0
"POINT (8.500120990000028 49.501509749000036)",Unfall 147023 (2017) Kat:3, Licht: 0,147023,3,6,2,02,16,6,0,0,0,1,0,0,,0
"POINT (8.502456731000052 49.458335066000075)",Unfall 147055 (2017) Kat:3, Licht: 0,147055,3,5,5,02,16,5,0,0,1,1,0,0,,0
"POINT (8.486672435000060 49.526769778000073)",Unfall 147093 (2017) Kat:2, Licht: 2,147093,2,4,6,02,21,4,0,2,0,1,1,0,,0
"POINT (8.505501445000050 49.535284660000059)",Unfall 147094 (2017) Kat:3, Licht: 1,147094,3,3,5,02,07,4,0,1,1,1,0,0,,0
"POINT (8.481095464000021 49.456937892000042)",Unfall 147095 (2017) Kat:3, Licht: 0,147095,3,2,4,02,08,4,0,0,1,1,0,0,,0
"POINT (8.501493133000054 49.523365241000079)",Unfall 147132 (2017) Kat:3, Licht: 0,147132,3,5,6,02,12,3,0,0,0,0,1,0,,1
"POINT (8.481091107000054 49.456822409000040)",Unfall 147133 (2017) Kat:3, Licht: 2,147133,3,3,5,02,19,3,0,2,1,1,0,0,,0
"POINT (8.466620549000027 49.499420993000058)",Unfall 147134 (2017) Kat:3, Licht: 2,147134,3,7,6,02,19,3,0,2,0,0,1,0,,1
"POINT (8.459402789000023 49.492279167000049)",Unfall 147155 (2017) Kat:3, Licht: 0,147155,3,6,2,02,14,2,0,0,0,1,0,0,,0
"POINT (8.464690643000040 49.493297900000073)",Unfall 147156 (2017) Kat:3, Licht: 2,147156,3,3,5,02,00,2,0,2,0,1,0,0,,0
"POINT (8.527123044000064 49.505734371000074)",Unfall 147157 (2017) Kat:2, Licht: 0,147157,2,4,6,02,15,2,0,0,0,1,1,0,,0
"POINT (8.508746124000027 49.478581432000055)",Unfall 147194 (2017) Kat:3, Licht: 0,147194,3,5,5,03,11,6,0,0,0,1,0,0,,0
"POINT (8.471315834000052 49.490722129000062)",Unfall 147230 (2017) Kat:3, Licht: 0,147230,3,3,5,03,11,5,0,0,0,1,0,0,,0
"POINT (8.479562660000056 49.480266313000072)",Unfall 147231 (2017) Kat:2, Licht: 2,147231,2,1,0,03,16,5,1,2,1,0,0,0,,1
"POINT (8.478692454000054 49.498816241000043)",Unfall 147254 (2017) Kat:3, Licht: 0,147254,3,4,6,03,09,4,1,0,0,1,1,0,,0
"POINT (8.507762400000047 49.511686458000042)",Unfall 147255 (2017) Kat:3, Licht: 0,147255,3,5,5,03,16,4,1,0,0,1,0,1,,0
"POINT (8.481254831000058 49.497784849000027)",Unfall 147288 (2017) Kat:2, Licht: 0,147288,2,3,5,02,08,3,0,0,1,1,0,0,,0
"POINT (8.487579195000023 49.495900696000035)",Unfall 147315 (2017) Kat:3, Licht: 0,147315,3,5,1,02,12,2,0,0,1,1,0,0,,0
"POINT (8.467660445000036 49.490596494000044)",Unfall 147316 (2017) Kat:3, Licht: 1,147316,3,7,6,02,17,2,0,1,0,1,1,0,,0
"POINT (8.503012429000023 49.526437958000031)",Unfall 147374 (2017) Kat:3, Licht: 0,147374,3,6,2,02,16,6,0,0,1,1,0,0,,0
"POINT (8.536749315000066 49.518167190000042)",Unfall 147375 (2017) Kat:3, Licht: 0,147375,3,6,4,02,17,6,0,0,0,1,0,0,,0
"POINT (8.476315265000039 49.501845266000032)",Unfall 147376 (2017) Kat:2, Licht: 0,147376,2,2,5,02,07,6,0,0,0,1,0,0,,0
"POINT (8.467561891000059 49.491154064000057)",Unfall 147443 (2017) Kat:3, Licht: 0,147443,3,6,2,03,14,7,0,0,0,1,0,0,,0
"POINT (8.474915271000043 49.485237634000043)",Unfall 147444 (2017) Kat:3, Licht: 2,147444,3,4,6,03,18,7,0,2,0,1,1,0,,0
"POINT (8.484895122000069 49.523964023000076)",Unfall 147456 (2017) Kat:3, Licht: 2,147456,3,3,5,03,18,2,0,2,1,1,0,0,,0
"POINT (8.486039031000075 49.455594609000059)",Unfall 147457 (2017) Kat:3, Licht: 0,147457,3,5,1,03,17,2,0,0,1,1,0,0,,0
"POINT (8.507196392000026 49.505155635000051)",Unfall 147458 (2017) Kat:3, Licht: 0,147458,3,3,5,03,15,2,0,0,0,1,0,0,,0
"POINT (8.459662778000052 49.491138903000035)",Unfall 147486 (2017) Kat:3, Licht: 0,147486,3,5,3,03,12,1,0,0,0,1,0,1,,0
"POINT (8.475764900000058 49.489101367000046)",Unfall 147488 (2017) Kat:2, Licht: 2,147488,2,6,2,03,19,1,0,2,0,1,0,0,,0
"POINT (8.466599646000077 49.493123563000040)",Unfall 147560 (2017) Kat:3, Licht: 0,147560,3,7,1,03,12,6,0,0,1,0,0,0,,1
"POINT (8.559630120000065 49.464500615000077)",Unfall 147561 (2017) Kat:3, Licht: 0,147561,3,3,5,03,11,6,0,0,1,1,0,0,,0
"POINT (8.574281516000042 49.444167559000050)",Unfall 147616 (2017) Kat:3, Licht: 2,147616,3,7,8,03,18,4,1,2,0,1,0,0,,0
"POINT (8.465577937000035 49.488348273000042)",Unfall 147662 (2017) Kat:3, Licht: 0,147662,3,5,1,03,16,2,1,0,1,1,0,0,,0
"POINT (8.465757545000031 49.490834594000034)",Unfall 147664 (2017) Kat:3, Licht: 0,147664,3,2,4,03,17,2,0,0,1,0,0,0,,0
"POINT (8.483953574000054 49.498070049000034)",Unfall 147665 (2017) Kat:3, Licht: 0,147665,3,3,5,03,15,2,0,0,0,1,0,0,,0
"POINT (8.510140282000066 49.516950612000073)",Unfall 147679 (2017) Kat:3, Licht: 2,147679,3,3,5,03,21,1,1,2,0,1,0,0,,0
"POINT (8.490701546000025 49.515822904000061)",Unfall 147718 (2017) Kat:3, Licht: 1,147718,3,3,0,03,05,2,0,1,0,1,0,1,,0
"POINT (8.509055907000061 49.485579314000063)",Unfall 147719 (2017) Kat:3, Licht: 0,147719,3,7,0,03,10,2,0,0,1,0,0,0,,1
"POINT (8.463499658000046 49.518394536000073)",Unfall 147720 (2017) Kat:2, Licht: 1,147720,2,6,2,03,05,2,0,1,0,1,0,0,,0
"POINT (8.517904082000030 49.465699167000025)",Unfall 147721 (2017) Kat:3, Licht: 2,147721,3,6,0,03,00,2,0,2,0,1,0,0,,0
"POINT (8.488207103000036 49.478931486000079)",Unfall 147737 (2017) Kat:2, Licht: 0,147737,2,6,3,03,11,1,0,0,0,1,0,1,,0
"POINT (8.467157332000056 49.486353606000080)",Unfall 147757 (2017) Kat:3, Licht: 2,147757,3,3,5,03,00,7,0,2,1,1,0,0,,0
"POINT (8.485658435000062 49.482689373000028)",Unfall 147787 (2017) Kat:3, Licht: 0,147787,3,3,5,03,08,6,0,0,0,1,0,0,,0
"POINT (8.468442826000057 49.480902477000029)",Unfall 147789 (2017) Kat:3, Licht: 0,147789,3,4,6,03,14,6,0,0,1,0,1,0,,0
"POINT (8.484958393000056 49.523867327000062)",Unfall 147826 (2017) Kat:2, Licht: 0,147826,2,3,5,03,10,5,0,0,1,1,0,0,,0
"POINT (8.469317783000065 49.489433729000041)",Unfall 147827 (2017) Kat:3, Licht: 2,147827,3,4,6,03,19,5,0,2,0,1,1,0,,0
"POINT (8.454973968000047 49.540025498000034)",Unfall 147902 (2017) Kat:3, Licht: 0,147902,3,6,2,03,13,3,0,0,0,1,0,0,,0
"POINT (8.475802565000038 49.473520639000071)",Unfall 147903 (2017) Kat:2, Licht: 0,147903,2,2,5,03,17,3,0,0,1,1,0,0,,0
"POINT (8.511630021000030 49.447105775000068)",Unfall 147975 (2017) Kat:2, Licht: 0,147975,2,1,0,03,15,3,0,0,0,0,0,1,,0
"POINT (8.518826510000054 49.496066920000032)",Unfall 147976 (2017) Kat:3, Licht: 0,147976,3,6,2,03,12,3,0,0,0,1,0,0,,0
"POINT (8.472499003000053 49.500092558000063)",Unfall 148012 (2017) Kat:3, Licht: 0,148012,3,3,5,03,10,2,0,0,1,1,0,0,,0
"POINT (8.552083491000076 49.469047762000059)",Unfall 148013 (2017) Kat:3, Licht: 0,148013,3,7,0,03,15,2,0,0,1,0,0,0,,0
"POINT (8.494858450000038 49.533400658000062)",Unfall 148014 (2017) Kat:3, Licht: 0,148014,3,4,6,03,07,2,0,0,0,1,1,0,,0
"POINT (8.494024688000025 49.486585635000040)",Unfall 148042 (2017) Kat:2, Licht: 0,148042,2,7,6,03,14,1,0,0,0,0,1,0,,1
"POINT (8.533748207000031 49.424878525000054)",Unfall 148043 (2017) Kat:2, Licht: 0,148043,2,7,0,03,19,1,0,0,1,0,0,0,,0
"POINT (8.471450000000061 49.493552121000050)",Unfall 148069 (2017) Kat:3, Licht: 0,148069,3,6,4,03,14,7,0,0,1,0,0,0,,0
"POINT (8.474625593000042 49.496228311000039)",Unfall 148101 (2017) Kat:3, Licht: 0,148101,3,3,4,03,10,6,0,0,1,0,0,0,,0
"POINT (8.477791110000055 49.476550154000051)",Unfall 148143 (2017) Kat:3, Licht: 0,148143,3,2,0,03,15,5,0,0,1,0,0,0,,0
"POINT (8.511526523000043 49.454230603000042)",Unfall 148144 (2017) Kat:3, Licht: 2,148144,3,2,4,03,23,5,0,2,0,1,0,0,,0
"POINT (8.465642336000030 49.484602737000046)",Unfall 148190 (2017) Kat:3, Licht: 0,148190,3,3,5,03,17,3,1,0,0,1,0,0,,0
"POINT (8.476215984000021 49.508343615000058)",Unfall 148191 (2017) Kat:3, Licht: 0,148191,3,2,1,03,07,3,0,0,0,1,0,0,,0
"POINT (8.511800108000045 49.523294510000028)",Unfall 148192 (2017) Kat:3, Licht: 2,148192,3,3,5,03,06,3,0,2,1,0,0,0,,1
"POINT (8.478701078000029 49.489884354000026)",Unfall 148193 (2017) Kat:3, Licht: 0,148193,3,3,5,03,16,3,1,0,1,0,0,0,,1
"POINT (8.483012337000048 49.513598829000045)",Unfall 148202 (2017) Kat:3, Licht: 0,148202,3,4,2,04,14,2,0,0,0,1,1,0,,1
"POINT (8.472404980000022 49.486205610000070)",Unfall 148241 (2017) Kat:3, Licht: 0,148241,3,5,1,04,13,1,0,0,1,1,0,0,,0
"POINT (8.465156819000072 49.489002340000070)",Unfall 148242 (2017) Kat:3, Licht: 2,148242,3,3,5,04,04,1,0,2,0,1,0,1,,0
"POINT (8.466558606000035 49.490623226000025)",Unfall 148243 (2017) Kat:3, Licht: 0,148243,3,4,6,04,14,1,0,0,0,1,1,0,,0
"POINT (8.472672035000073 49.516041500000028)",Unfall 148275 (2017) Kat:3, Licht: 0,148275,3,3,5,04,11,7,0,0,0,1,0,0,,0
"POINT (8.506010345000050 49.507489421000059)",Unfall 148321 (2017) Kat:3, Licht: 2,148321,3,2,4,03,20,6,0,2,0,1,0,1,,0
"POINT (8.483021622000024 49.481327663000059)",Unfall 148385 (2017) Kat:3, Licht: 0,148385,3,1,0,03,12,5,0,0,1,1,0,0,,0
"POINT (8.519181419000063 49.490197731000080)",Unfall 148386 (2017) Kat:3, Licht: 0,148386,3,3,5,03,16,5,0,0,1,1,0,0,,0
"POINT (8.473342283000022 49.504276829000048)",Unfall 148387 (2017) Kat:2, Licht: 0,148387,2,2,1,03,18,5,0,0,0,1,0,1,,0
"POINT (8.472434968000073 49.500173862000054)",Unfall 148578 (2017) Kat:3, Licht: 0,148578,3,3,0,04,13,5,0,0,1,1,0,0,,0
"POINT (8.468654518000051 49.491770322000036)",Unfall 148626 (2017) Kat:3, Licht: 0,148626,3,2,5,04,16,4,0,0,1,1,0,0,,0
"POINT (8.473874843000033 49.542571265000049)",Unfall 148672 (2017) Kat:3, Licht: 0,148672,3,3,5,04,12,3,0,0,1,1,0,0,,0
"POINT (8.453364500000021 49.543857246000073)",Unfall 148673 (2017) Kat:3, Licht: 0,148673,3,6,3,04,13,3,0,0,1,1,0,0,,0
"POINT (8.487298254000052 49.479453033000027)",Unfall 148674 (2017) Kat:3, Licht: 0,148674,3,3,5,04,18,3,0,0,0,1,0,0,,0
"POINT (8.460260731000062 49.495176359000027)",Unfall 148675 (2017) Kat:2, Licht: 2,148675,2,7,6,04,21,3,0,2,0,1,1,0,,0
"POINT (8.471363688000054 49.550606792000053)",Unfall 148759 (2017) Kat:3, Licht: 0,148759,3,4,6,04,19,7,0,0,0,1,1,0,,0
"POINT (8.471409282000025 49.525319676000038)",Unfall 148760 (2017) Kat:3, Licht: 0,148760,3,3,5,04,16,7,0,0,0,1,0,0,,0
"POINT (8.468706081000050 49.493885732000081)",Unfall 148761 (2017) Kat:3, Licht: 1,148761,3,1,2,04,18,7,1,1,0,1,0,1,,0
"POINT (8.497739677000027 49.461012936000031)",Unfall 148762 (2017) Kat:3, Licht: 0,148762,3,4,6,04,17,7,0,0,0,1,1,0,,0
"POINT (8.544166442000062 49.512543746000063)",Unfall 148775 (2017) Kat:3, Licht: 2,148775,3,5,1,04,03,6,0,2,0,1,0,0,,0
"POINT (8.465641875000074 49.484602226000050)",Unfall 148805 (2017) Kat:3, Licht: 0,148805,3,3,5,04,13,5,0,0,0,1,0,1,,0
"POINT (8.483234020000054 49.486454688000038)",Unfall 148806 (2017) Kat:3, Licht: 0,148806,3,6,2,04,16,5,0,0,0,1,0,0,,0
"POINT (8.498846116000038 49.453757774000053)",Unfall 148807 (2017) Kat:3, Licht: 2,148807,3,3,5,04,21,5,0,2,1,1,0,0,,0
"POINT (8.469482608000021 49.464772416000073)",Unfall 148847 (2017) Kat:3, Licht: 2,148847,3,3,5,04,23,4,0,2,0,1,0,0,,0
"POINT (8.471954247000042 49.482081255000026)",Unfall 148877 (2017) Kat:3, Licht: 0,148877,3,3,5,04,13,3,0,0,1,0,0,1,,0
"POINT (8.466720952000060 49.484655804000056)",Unfall 148878 (2017) Kat:3, Licht: 0,148878,3,3,5,04,19,3,0,0,0,1,0,1,,0
"POINT (8.469700717000023 49.490265107000027)",Unfall 148879 (2017) Kat:3, Licht: 0,148879,3,2,3,04,16,3,0,0,1,1,0,0,,0
"POINT (8.510241762000021 49.527897921000033)",Unfall 148938 (2017) Kat:2, Licht: 1,148938,2,3,5,04,06,2,0,1,1,0,0,0,,1
"POINT (8.487710706000030 49.526744219000079)",Unfall 148981 (2017) Kat:3, Licht: 0,148981,3,3,5,04,11,1,0,0,1,1,0,0,,0
"POINT (8.462882613000033 49.485592576000045)",Unfall 148982 (2017) Kat:3, Licht: 0,148982,3,3,5,04,13,1,0,0,0,1,0,0,,0
"POINT (8.509625357000061 49.443582246000062)",Unfall 148983 (2017) Kat:2, Licht: 0,148983,2,6,2,04,09,1,0,0,0,1,0,0,,0
"POINT (8.483352957000022 49.454417912000054)",Unfall 149078 (2017) Kat:3, Licht: 0,149078,3,7,0,04,14,2,0,0,0,0,0,1,,0
"POINT (8.531300354000052 49.479982566000047)",Unfall 149080 (2017) Kat:3, Licht: 0,149080,3,6,2,04,08,2,0,0,0,1,0,0,,0
"POINT (8.505371785000023 49.522251170000061)",Unfall 149081 (2017) Kat:3, Licht: 0,149081,3,2,5,04,07,2,0,0,1,1,0,0,,0
"POINT (8.488237559000027 49.463678549000065)",Unfall 149114 (2017) Kat:2, Licht: 2,149114,2,2,3,04,21,1,0,2,0,1,0,0,,1
"POINT (8.513280566000049 49.454243828000074)",Unfall 149134 (2017) Kat:2, Licht: 0,149134,2,3,5,04,10,7,0,0,0,1,0,0,,0
"POINT (8.482217218000073 49.512325137000062)",Unfall 149194 (2017) Kat:3, Licht: 1,149194,3,2,4,04,05,5,0,1,0,1,0,0,,0
"POINT (8.479840166000031 49.508955065000066)",Unfall 149195 (2017) Kat:3, Licht: 0,149195,3,6,1,04,16,5,0,0,0,1,0,0,,0
"POINT (8.520555986000034 49.494709389000036)",Unfall 149219 (2017) Kat:3, Licht: 0,149219,3,3,5,04,11,4,0,0,0,1,0,0,,0
"POINT (8.450419665000027 49.549771195000062)",Unfall 149258 (2017) Kat:3, Licht: 0,149258,3,3,5,05,17,5,0,0,0,1,0,0,,0
"POINT (8.488889545000063 49.483728300000053)",Unfall 149259 (2017) Kat:3, Licht: 0,149259,3,3,5,05,12,5,0,0,0,1,0,0,,0
"POINT (8.471432707000076 49.489726560000065)",Unfall 149260 (2017) Kat:3, Licht: 0,149260,3,3,5,05,10,5,0,0,1,0,0,0,,0
"POINT (8.459450645000061 49.486946429000056)",Unfall 149261 (2017) Kat:3, Licht: 0,149261,3,3,5,05,17,5,0,0,0,1,0,0,,0
"POINT (8.492010438000023 49.532295623000039)",Unfall 149262 (2017) Kat:3, Licht: 0,149262,3,3,5,05,08,5,0,0,1,0,0,0,,1
"POINT (8.529604451000068 49.475191414000051)",Unfall 149298 (2017) Kat:3, Licht: 0,149298,3,6,2,05,07,4,0,0,0,1,0,0,,0
"POINT (8.472757475000037 49.468353198000045)",Unfall 149299 (2017) Kat:3, Licht: 0,149299,3,3,5,05,07,4,0,0,1,1,0,0,,0
"POINT (8.484009302000061 49.468541587000061)",Unfall 149300 (2017) Kat:3, Licht: 0,149300,3,2,5,05,19,4,0,0,0,1,0,0,,0
"POINT (8.494938592000040 49.518642731000057)",Unfall 149343 (2017) Kat:3, Licht: 0,149343,3,3,5,05,16,3,0,0,0,1,0,0,,0
"POINT (8.475642984000047 49.473373967000043)",Unfall 149344 (2017) Kat:3, Licht: 0,149344,3,6,2,05,15,3,0,0,0,1,0,0,,0
"POINT (8.462488388000054 49.489161509000041)",Unfall 149345 (2017) Kat:3, Licht: 2,149345,3,7,6,05,22,3,0,2,0,0,1,0,,1
"POINT (8.492590678000056 49.478501218000076)",Unfall 149347 (2017) Kat:2, Licht: 0,149347,2,3,5,05,09,3,1,0,1,1,0,0,,0
"POINT (8.466668190000064 49.476353526000025)",Unfall 149348 (2017) Kat:3, Licht: 0,149348,3,5,1,05,07,3,1,0,1,1,0,0,,0
"POINT (8.465819898000063 49.481051630000081)",Unfall 149376 (2017) Kat:3, Licht: 0,149376,3,1,9,05,11,2,1,0,0,1,0,0,,0
"POINT (8.461769284000070 49.494768275000069)",Unfall 149377 (2017) Kat:3, Licht: 0,149377,3,6,0,05,19,2,1,0,0,1,0,0,,0
"POINT (8.467460199000072 49.488100705000079)",Unfall 149396 (2017) Kat:3, Licht: 0,149396,3,6,1,04,14,1,0,0,0,1,0,0,,0
"POINT (8.487902159000043 49.502583622000031)",Unfall 149397 (2017) Kat:3, Licht: 0,149397,3,5,0,04,12,1,0,0,1,1,0,0,,0
"POINT (8.517879560000040 49.461903038000059)",Unfall 149425 (2017) Kat:3, Licht: 0,149425,3,3,5,04,13,7,0,0,1,1,0,0,,0
"POINT (8.467023861000030 49.510646515000076)",Unfall 149426 (2017) Kat:3, Licht: 0,149426,3,3,0,04,13,7,0,0,0,1,0,0,,1
"POINT (8.450029511000025 49.540744875000030)",Unfall 149427 (2017) Kat:3, Licht: 2,149427,3,3,5,04,01,7,0,2,0,1,0,0,,1
"POINT (8.472599407000075 49.484173217000034)",Unfall 149468 (2017) Kat:3, Licht: 0,149468,3,5,1,04,18,6,0,0,1,1,0,0,,0
"POINT (8.554418015000067 49.466783323000072)",Unfall 149469 (2017) Kat:3, Licht: 0,149469,3,3,5,04,13,6,0,0,1,1,0,0,,0
"POINT (8.481327501000067 49.495631265000043)",Unfall 149470 (2017) Kat:3, Licht: 0,149470,3,6,0,04,15,6,0,0,0,0,0,1,,0
"POINT (8.545216633000052 49.473755846000074)",Unfall 149497 (2017) Kat:3, Licht: 0,149497,3,6,1,04,09,5,0,0,0,1,0,0,,1
"POINT (8.472838707000051 49.473638158000028)",Unfall 149498 (2017) Kat:2, Licht: 0,149498,2,7,3,04,07,5,0,0,0,1,0,0,,0
"POINT (8.489662395000039 49.535378960000060)",Unfall 149535 (2017) Kat:3, Licht: 0,149535,3,5,6,05,10,5,0,0,0,0,1,0,,1
"POINT (8.491845262000027 49.477914690000034)",Unfall 149536 (2017) Kat:3, Licht: 2,149536,3,3,5,05,21,5,0,2,0,1,0,0,,0
"POINT (8.472647955000070 49.499470444000053)",Unfall 149537 (2017) Kat:3, Licht: 0,149537,3,7,0,05,10,5,1,0,0,0,0,1,,0
"POINT (8.476743857000031 49.479052739000053)",Unfall 149586 (2017) Kat:3, Licht: 0,149586,3,3,5,05,20,4,0,0,0,1,0,1,,0
"POINT (8.468711654000060 49.485752905000027)",Unfall 149588 (2017) Kat:3, Licht: 0,149588,3,2,3,05,15,4,0,0,1,1,0,0,,0
"POINT (8.471599200000071 49.492698525000037)",Unfall 149589 (2017) Kat:2, Licht: 0,149589,2,6,1,05,09,4,0,0,0,1,0,1,,0
"POINT (8.466268676000027 49.499644165000063)",Unfall 149590 (2017) Kat:2, Licht: 0,149590,2,6,4,05,14,4,0,0,0,1,0,0,,0
"POINT (8.514666191000060 49.460928237000076)",Unfall 149630 (2017) Kat:3, Licht: 0,149630,3,6,2,05,09,3,0,0,0,1,0,0,,0
"POINT (8.517566183000042 49.505537569000069)",Unfall 149632 (2017) Kat:2, Licht: 0,149632,2,3,5,05,14,3,0,0,0,1,0,0,,0
"POINT (8.475008299000024 49.481424408000066)",Unfall 149663 (2017) Kat:3, Licht: 0,149663,3,3,5,05,08,2,1,0,1,1,0,0,,0
"POINT (8.494726423000031 49.451561937000065)",Unfall 149664 (2017) Kat:3, Licht: 0,149664,3,5,1,05,18,2,0,0,1,0,0,0,,1
"POINT (8.465456460000041 49.486942524000028)",Unfall 149693 (2017) Kat:3, Licht: 0,149693,3,2,6,05,17,1,1,0,0,0,1,0,,1
"POINT (8.464160849000052 49.488030884000068)",Unfall 149694 (2017) Kat:3, Licht: 2,149694,3,6,3,05,01,1,0,2,1,1,0,0,,0
"POINT (8.468361700000060 49.546463881000079)",Unfall 149720 (2017) Kat:3, Licht: 0,149720,3,2,5,05,11,7,0,0,0,1,0,1,,0
"POINT (8.487626471000056 49.494723580000027)",Unfall 149721 (2017) Kat:3, Licht: 0,149721,3,6,3,05,10,7,0,0,0,1,0,0,,1
"POINT (8.484092843000042 49.480852903000027)",Unfall 149755 (2017) Kat:3, Licht: 0,149755,3,6,2,05,14,6,0,0,0,1,0,0,,0
"POINT (8.499519859000031 49.521132493000039)",Unfall 149847 (2017) Kat:3, Licht: 0,149847,3,7,1,05,18,3,0,0,0,1,1,0,,0
"POINT (8.487921005000032 49.479507237000064)",Unfall 149848 (2017) Kat:3, Licht: 0,149848,3,3,5,05,19,3,0,0,1,1,0,0,,0
"POINT (8.497243068000046 49.453490846000079)",Unfall 149849 (2017) Kat:2, Licht: 0,149849,2,3,5,05,16,3,0,0,1,1,0,0,,0
"POINT (8.457673967000062 49.491878880000058)",Unfall 149850 (2017) Kat:3, Licht: 0,149850,3,6,2,05,07,3,0,0,1,0,0,0,,0
"POINT (8.462183261000064 49.487008917000026)",Unfall 149851 (2017) Kat:3, Licht: 0,149851,3,3,5,05,16,3,0,0,0,1,0,0,,0
"POINT (8.478515028000061 49.480572829000039)",Unfall 149909 (2017) Kat:2, Licht: 2,149909,2,3,0,05,21,2,0,2,0,1,0,1,,0
"POINT (8.514214842000058 49.512732757000038)",Unfall 149910 (2017) Kat:3, Licht: 0,149910,3,7,0,05,19,2,0,0,1,0,0,0,,0
"POINT (8.531300766000072 49.479983341000036)",Unfall 149911 (2017) Kat:3, Licht: 0,149911,3,6,1,05,07,2,0,0,0,1,0,0,,0
"POINT (8.472178865000046 49.450755245000039)",Unfall 149940 (2017) Kat:3, Licht: 0,149940,3,6,3,05,14,1,0,0,0,1,0,1,,0
"POINT (8.509460725000054 49.446211028000050)",Unfall 149982 (2017) Kat:3, Licht: 0,149982,3,6,2,05,12,7,1,0,0,1,0,0,,0
"POINT (8.480613679000044 49.475840449000032)",Unfall 150018 (2017) Kat:3, Licht: 0,150018,3,3,5,05,10,6,0,0,0,1,0,0,,0
"POINT (8.494970378000062 49.453798322000068)",Unfall 150019 (2017) Kat:2, Licht: 0,150019,2,1,9,05,09,6,1,0,0,1,1,0,,0
"POINT (8.471913039000071 49.470487319000028)",Unfall 150020 (2017) Kat:3, Licht: 0,150020,3,6,2,05,16,6,0,0,0,1,0,0,,0
"POINT (8.467725225000038 49.487999184000046)",Unfall 150021 (2017) Kat:3, Licht: 0,150021,3,2,1,05,17,6,0,0,1,1,0,0,,0
"POINT (8.526897798000050 49.433963698000071)",Unfall 150155 (2017) Kat:3, Licht: 0,150155,3,4,6,05,14,6,1,0,0,1,1,0,,0
"POINT (8.462202542000057 49.487001288000044)",Unfall 150156 (2017) Kat:3, Licht: 0,150156,3,3,5,05,14,6,1,0,0,1,0,0,,0
"POINT (8.508406867000076 49.513243741000053)",Unfall 150157 (2017) Kat:3, Licht: 0,150157,3,1,0,05,18,6,1,0,0,0,0,1,,1
"POINT (8.467965506000041 49.489678138000045)",Unfall 150158 (2017) Kat:3, Licht: 0,150158,3,7,6,05,06,6,1,0,1,0,1,0,,0
"POINT (8.464723889000027 49.486014470000043)",Unfall 150212 (2017) Kat:3, Licht: 0,150212,3,2,6,05,18,5,0,0,0,1,1,0,,0
"POINT (8.473958733000075 49.466248588000042)",Unfall 150213 (2017) Kat:3, Licht: 0,150213,3,3,5,05,15,5,0,0,1,1,0,0,,0
"POINT (8.517152117000023 49.508755038000061)",Unfall 150214 (2017) Kat:2, Licht: 0,150214,2,3,5,05,07,5,0,0,1,1,0,0,,0
"POINT (8.546192024000050 49.469991986000082)",Unfall 150275 (2017) Kat:3, Licht: 0,150275,3,6,2,05,18,4,0,0,0,1,0,0,,0
"POINT (8.500649950000025 49.468625173000078)",Unfall 150276 (2017) Kat:3, Licht: 2,150276,3,2,5,05,21,4,0,2,1,1,0,0,,0
"POINT (8.472078277000037 49.498056668000061)",Unfall 150277 (2017) Kat:3, Licht: 0,150277,3,7,6,05,17,4,0,0,1,0,1,0,,0
"POINT (8.471931077000022 49.547966988000042)",Unfall 150322 (2017) Kat:3, Licht: 2,150322,3,4,6,05,21,6,0,2,0,1,1,0,,0
"POINT (8.529162288000066 49.474027384000067)",Unfall 150323 (2017) Kat:3, Licht: 0,150323,3,1,0,05,17,6,0,0,0,0,0,1,,0
"POINT (8.495102695000071 49.499684180000031)",Unfall 150324 (2017) Kat:3, Licht: 0,150324,3,6,3,05,08,6,0,0,1,1,0,0,,0
"POINT (8.469921119000048 49.504736811000043)",Unfall 150325 (2017) Kat:2, Licht: 0,150325,2,7,6,05,13,6,0,0,0,1,1,0,,0
"POINT (8.471589182000059 49.492699474000062)",Unfall 150327 (2017) Kat:2, Licht: 0,150327,2,4,6,05,14,6,0,0,0,0,1,0,,1
"POINT (8.466833471000030 49.483525448000080)",Unfall 150331 (2017) Kat:3, Licht: 0,150331,3,7,6,05,13,6,0,0,0,1,1,0,,0
"POINT (8.506240553000055 49.478155045000051)",Unfall 150424 (2017) Kat:3, Licht: 0,150424,3,3,5,05,09,4,0,0,1,1,0,0,,0
"POINT (8.476939917000038 49.503954401000044)",Unfall 150425 (2017) Kat:2, Licht: 0,150425,2,7,0,05,12,4,0,0,0,0,0,1,,0
"POINT (8.467926519000059 49.484707523000054)",Unfall 150496 (2017) Kat:3, Licht: 0,150496,3,3,5,05,13,3,0,0,1,1,0,0,,0
"POINT (8.535014738000029 49.488545065000039)",Unfall 150497 (2017) Kat:3, Licht: 0,150497,3,6,4,05,07,3,0,0,1,0,0,0,,1
"POINT (8.512391012000023 49.522051130000079)",Unfall 150548 (2017) Kat:3, Licht: 0,150548,3,5,1,05,09,2,0,0,1,1,0,0,,0
"POINT (8.507465081000021 49.510610542000052)",Unfall 150549 (2017) Kat:3, Licht: 0,150549,3,3,5,05,15,2,0,0,0,1,0,0,,0
"POINT (8.488073264000036 49.529006361000029)",Unfall 150582 (2017) Kat:3, Licht: 0,150582,3,3,5,05,08,4,0,0,1,1,0,0,,0
"POINT (8.447602368000048 49.543662187000052)",Unfall 150583 (2017) Kat:3, Licht: 0,150583,3,7,1,05,12,4,0,0,0,1,0,1,,0
"POINT (8.474545716000023 49.479360179000025)",Unfall 150646 (2017) Kat:2, Licht: 0,150646,2,4,6,05,06,3,0,0,0,0,1,0,,1
"POINT (8.479118346000064 49.490961365000032)",Unfall 150695 (2017) Kat:3, Licht: 0,150695,3,6,1,05,16,2,0,0,0,1,0,0,,0
"POINT (8.541274825000073 49.498791569000048)",Unfall 150696 (2017) Kat:3, Licht: 0,150696,3,3,5,05,08,2,0,0,0,1,0,1,,0
"POINT (8.463732425000046 49.485251781000045)",Unfall 150697 (2017) Kat:2, Licht: 0,150697,2,4,6,05,13,2,0,0,0,1,1,0,,0
"POINT (8.464219134000075 49.475074096000071)",Unfall 150744 (2017) Kat:3, Licht: 0,150744,3,6,1,05,17,1,0,0,0,1,0,0,,0
"POINT (8.491597669000043 49.477638016000071)",Unfall 150745 (2017) Kat:3, Licht: 0,150745,3,3,5,05,17,1,0,0,0,1,0,0,,0
"POINT (8.473592452000048 49.483845209000037)",Unfall 150777 (2017) Kat:3, Licht: 0,150777,3,7,0,05,16,7,0,0,1,0,0,0,,0
"POINT (8.512872860000073 49.447210470000073)",Unfall 150778 (2017) Kat:3, Licht: 0,150778,3,6,2,05,19,7,0,0,0,1,0,0,,0
"POINT (8.470649875000049 49.508769993000044)",Unfall 150779 (2017) Kat:2, Licht: 0,150779,2,4,6,05,19,7,0,0,0,0,1,0,,1
"POINT (8.474441857000045 49.485419196000066)",Unfall 150780 (2017) Kat:3, Licht: 0,150780,3,6,3,05,18,7,0,0,1,1,0,0,,0
"POINT (8.461699423000027 49.516915014000062)",Unfall 150874 (2017) Kat:3, Licht: 0,150874,3,2,4,06,16,2,0,0,0,1,0,0,,0
"POINT (8.471244168000055 49.500226847000079)",Unfall 150928 (2017) Kat:3, Licht: 0,150928,3,2,5,06,18,7,1,0,1,1,0,0,,0
"POINT (8.482886079000025 49.478142452000043)",Unfall 150972 (2017) Kat:3, Licht: 1,150972,3,5,5,06,21,6,0,1,0,1,0,0,,1
"POINT (8.501912578000031 49.468169500000045)",Unfall 150973 (2017) Kat:3, Licht: 0,150973,3,7,5,06,18,6,0,0,1,1,0,0,,0
"POINT (8.475112390000049 49.451572226000053)",Unfall 150974 (2017) Kat:3, Licht: 0,150974,3,7,0,06,17,6,0,0,0,1,0,0,,0
"POINT (8.486382102000050 49.513234467000075)",Unfall 151030 (2017) Kat:3, Licht: 0,151030,3,6,2,06,07,5,0,0,0,1,0,0,,0
"POINT (8.468355761000055 49.475847153000075)",Unfall 151031 (2017) Kat:3, Licht: 0,151031,3,3,0,06,12,5,0,0,0,1,0,1,,0
"POINT (8.490233348000061 49.461466207000058)",Unfall 151032 (2017) Kat:3, Licht: 0,151032,3,3,5,06,14,5,0,0,1,1,0,0,,0
"POINT (8.468454160000022 49.549191872000051)",Unfall 151033 (2017) Kat:2, Licht: 0,151033,2,3,5,06,15,5,0,0,0,1,0,1,,0
"POINT (8.475986278000050 49.459505104000073)",Unfall 151068 (2017) Kat:3, Licht: 0,151068,3,2,5,06,21,4,0,0,1,1,0,0,,0
"POINT (8.528012323000041 49.414988433000076)",Unfall 151069 (2017) Kat:3, Licht: 0,151069,3,3,5,06,16,4,0,0,1,1,0,0,,0
"POINT (8.459033532000035 49.494500930000072)",Unfall 151070 (2017) Kat:3, Licht: 0,151070,3,5,0,06,12,4,0,0,1,0,0,0,,1
"POINT (8.475315382000076 49.490451763000067)",Unfall 151079 (2017) Kat:3, Licht: 0,151079,3,6,1,06,13,4,0,0,0,1,0,0,,0
"POINT (8.487942163000071 49.476027797000029)",Unfall 151080 (2017) Kat:3, Licht: 0,151080,3,6,2,06,17,4,0,0,0,1,0,0,,0
"POINT (8.451475022000068 49.539387098000077)",Unfall 151107 (2017) Kat:3, Licht: 0,151107,3,7,6,06,11,3,0,0,0,0,1,0,,1
"POINT (8.505814654000062 49.506657572000051)",Unfall 151108 (2017) Kat:3, Licht: 0,151108,3,1,0,06,06,3,0,0,0,0,0,1,,0
"POINT (8.454844563000052 49.521594215000050)",Unfall 151155 (2017) Kat:3, Licht: 0,151155,3,6,2,06,12,2,0,0,0,1,0,0,,0
"POINT (8.478206739000029 49.480179931000066)",Unfall 151194 (2017) Kat:2, Licht: 0,151194,2,1,0,06,14,1,0,0,1,0,0,0,,0
"POINT (8.473386207000033 49.454962805000036)",Unfall 151195 (2017) Kat:3, Licht: 0,151195,3,7,5,06,11,1,0,0,0,1,0,0,,0
"POINT (8.481755012000065 49.531943393000063)",Unfall 151265 (2017) Kat:3, Licht: 0,151265,3,6,1,06,08,6,0,0,0,1,0,1,,0
"POINT (8.472512964000032 49.492477316000077)",Unfall 151266 (2017) Kat:3, Licht: 0,151266,3,3,5,06,16,6,0,0,1,1,0,0,,0
"POINT (8.494985309000072 49.453801869000074)",Unfall 151267 (2017) Kat:3, Licht: 0,151267,3,1,9,06,20,6,1,0,0,1,0,0,,0
"POINT (8.472213424000074 49.519716218000042)",Unfall 151268 (2017) Kat:2, Licht: 0,151268,2,1,0,06,15,6,1,0,0,0,0,1,,0
"POINT (8.476120989000037 49.473458428000072)",Unfall 151392 (2017) Kat:3, Licht: 0,151392,3,1,0,06,18,2,1,0,1,0,0,0,,0
"POINT (8.507246707000036 49.441766782000059)",Unfall 151393 (2017) Kat:3, Licht: 0,151393,3,7,0,06,07,2,0,0,1,0,0,0,,0
"POINT (8.470409191000044 49.507579895000049)",Unfall 151395 (2017) Kat:2, Licht: 0,151395,2,4,6,06,20,2,0,0,0,1,1,0,,0
"POINT (8.477270969000074 49.499551201000031)",Unfall 151396 (2017) Kat:3, Licht: 0,151396,3,6,2,06,17,2,0,0,0,1,0,0,,0
"POINT (8.475829585000042 49.473541092000062)",Unfall 151443 (2017) Kat:3, Licht: 0,151443,3,2,5,06,20,1,0,0,0,1,0,1,,0
"POINT (8.507815925000045 49.498479854000038)",Unfall 151475 (2017) Kat:3, Licht: 1,151475,3,7,9,06,20,7,0,1,0,1,0,0,,0
"POINT (8.481909749000067 49.474654656000041)",Unfall 151514 (2017) Kat:3, Licht: 0,151514,3,5,4,06,10,6,0,0,1,1,0,0,,0
"POINT (8.489000590000046 49.498512454000036)",Unfall 151515 (2017) Kat:3, Licht: 0,151515,3,4,6,06,09,6,0,0,0,1,1,0,,0
"POINT (8.533988190000059 49.424665385000026)",Unfall 151554 (2017) Kat:3, Licht: 0,151554,3,7,0,06,16,5,0,0,1,0,0,0,,0
"POINT (8.467003180000063 49.469116293000070)",Unfall 151622 (2017) Kat:3, Licht: 0,151622,3,7,0,06,20,7,0,0,1,0,0,0,,1
"POINT (8.472607144000051 49.482002673000068)",Unfall 151623 (2017) Kat:3, Licht: 0,151623,3,7,0,06,13,7,0,0,0,0,1,0,,1
"POINT (8.449529417000065 49.540679632000035)",Unfall 151624 (2017) Kat:2, Licht: 0,151624,2,3,5,06,14,7,0,0,0,1,0,0,,1
"POINT (8.493124176000038 49.521803930000033)",Unfall 151674 (2017) Kat:3, Licht: 0,151674,3,3,5,06,17,6,0,0,1,1,0,0,,0
"POINT (8.458117445000028 49.504363999000077)",Unfall 151675 (2017) Kat:3, Licht: 0,151675,3,3,5,06,09,6,0,0,0,1,0,1,,0
"POINT (8.482816624000066 49.469951083000069)",Unfall 151676 (2017) Kat:3, Licht: 0,151676,3,2,4,06,09,6,0,0,1,1,0,0,,0
"POINT (8.528100194000047 49.414989721000040)",Unfall 151677 (2017) Kat:3, Licht: 1,151677,3,2,4,06,20,6,0,1,0,1,0,0,,0
"POINT (8.483116678000044 49.475082457000042)",Unfall 151678 (2017) Kat:3, Licht: 0,151678,3,3,5,06,13,6,0,0,0,1,0,0,,0
"POINT (8.464382939000075 49.491911160000029)",Unfall 151730 (2017) Kat:3, Licht: 0,151730,3,5,3,06,16,5,0,0,1,1,0,0,,0
"POINT (8.470058349000055 49.504581659000053)",Unfall 151731 (2017) Kat:3, Licht: 0,151731,3,2,5,06,15,5,0,0,0,0,0,0,,1
"POINT (8.465460747000066 49.485672907000037)",Unfall 151786 (2017) Kat:3, Licht: 2,151786,3,3,5,06,00,4,0,2,0,1,0,0,,0
"POINT (8.471056198000042 49.501126101000068)",Unfall 151787 (2017) Kat:3, Licht: 0,151787,3,6,2,06,13,4,0,0,0,1,0,1,,0
"POINT (8.469940641000051 49.504498684000055)",Unfall 151788 (2017) Kat:3, Licht: 0,151788,3,6,1,06,15,4,0,0,0,1,0,1,,0
"POINT (8.489665925000054 49.453700177000030)",Unfall 151789 (2017) Kat:2, Licht: 0,151789,2,4,0,06,08,4,0,0,0,1,1,0,,0
"POINT (8.470288920000030 49.513085834000037)",Unfall 151791 (2017) Kat:2, Licht: 0,151791,2,3,5,06,10,4,0,0,0,1,0,0,,1
"POINT (8.456339507000052 49.490197143000046)",Unfall 151857 (2017) Kat:3, Licht: 0,151857,3,6,1,06,07,3,0,0,0,1,0,0,,0
"POINT (8.471712234000052 49.490044819000047)",Unfall 151889 (2017) Kat:3, Licht: 0,151889,3,1,0,06,15,5,0,0,0,0,0,1,,1
"POINT (8.444743451000022 49.548170709000033)",Unfall 151947 (2017) Kat:3, Licht: 0,151947,3,3,5,06,15,4,0,0,0,1,0,0,,0
"POINT (8.483530505000033 49.480794311000068)",Unfall 151948 (2017) Kat:2, Licht: 0,151948,2,7,0,06,19,4,0,0,0,0,0,1,,0
"POINT (8.486025266000070 49.485368374000075)",Unfall 152008 (2017) Kat:3, Licht: 0,152008,3,6,0,06,12,3,0,0,0,1,0,0,,0
"POINT (8.478558781000061 49.508329820000029)",Unfall 152009 (2017) Kat:3, Licht: 0,152009,3,7,0,06,13,3,0,0,1,0,0,0,,0
"POINT (8.465157396000052 49.489002112000037)",Unfall 152010 (2017) Kat:3, Licht: 0,152010,3,2,3,06,18,3,0,0,1,1,0,0,,0
"POINT (8.473710927000070 49.547499329000061)",Unfall 152011 (2017) Kat:3, Licht: 0,152011,3,5,1,06,18,3,0,0,1,1,0,0,,0
"POINT (8.509357047000037 49.509069959000044)",Unfall 152012 (2017) Kat:3, Licht: 0,152012,3,3,5,06,07,3,0,0,1,1,0,0,,0
"POINT (8.437342662000049 49.547780407000062)",Unfall 152013 (2017) Kat:2, Licht: 0,152013,2,2,6,06,15,3,0,0,0,0,1,0,,1
"POINT (8.464698429000066 49.500634773000058)",Unfall 152014 (2017) Kat:3, Licht: 0,152014,3,3,5,06,17,3,0,0,0,1,0,0,,1
"POINT (8.493711191000045 49.500787803000037)",Unfall 152015 (2017) Kat:3, Licht: 0,152015,3,3,5,06,16,3,0,0,1,1,0,0,,0
"POINT (8.473011479000036 49.504317858000036)",Unfall 152071 (2017) Kat:3, Licht: 0,152071,3,5,1,06,16,2,0,0,0,1,0,0,,0
"POINT (8.471567938000021 49.492701488000080)",Unfall 152072 (2017) Kat:3, Licht: 0,152072,3,6,2,06,12,2,0,0,0,1,0,0,,0
"POINT (8.456952628000067 49.491170035000039)",Unfall 152073 (2017) Kat:3, Licht: 0,152073,3,7,0,06,10,2,0,0,0,0,0,1,,1
"POINT (8.469293418000063 49.493601641000055)",Unfall 152118 (2017) Kat:3, Licht: 0,152118,3,3,5,06,16,1,0,0,1,1,0,0,,0
"POINT (8.499927904000060 49.495816108000042)",Unfall 152119 (2017) Kat:3, Licht: 0,152119,3,7,0,06,17,1,0,0,0,0,0,1,,0
"POINT (8.469326758000022 49.487445839000031)",Unfall 152136 (2017) Kat:2, Licht: 0,152136,2,2,3,06,17,6,0,0,1,1,0,0,,0
"POINT (8.489667832000066 49.522487738000052)",Unfall 152228 (2017) Kat:3, Licht: 0,152228,3,5,5,07,17,3,0,0,1,1,0,0,,0
"POINT (8.489245322000045 49.460399684000038)",Unfall 152229 (2017) Kat:3, Licht: 0,152229,3,3,0,07,15,3,0,0,1,0,0,1,,0
"POINT (8.459317102000057 49.497281457000042)",Unfall 152230 (2017) Kat:3, Licht: 0,152230,3,6,2,07,09,3,0,0,0,1,0,0,,0
"POINT (8.501666171000068 49.477736346000029)",Unfall 152284 (2017) Kat:3, Licht: 0,152284,3,3,5,07,17,2,0,0,1,1,0,0,,0
"POINT (8.497814799000025 49.502867101000049)",Unfall 152285 (2017) Kat:3, Licht: 0,152285,3,5,5,07,10,2,0,0,0,1,0,0,,0
"POINT (8.468900268000027 49.498412150000036)",Unfall 152337 (2017) Kat:3, Licht: 0,152337,3,4,0,07,08,7,0,0,1,0,1,0,,0
"POINT (8.473650311000029 49.496798454000043)",Unfall 152338 (2017) Kat:3, Licht: 0,152338,3,6,2,07,13,7,0,0,0,1,0,0,,0
"POINT (8.469639334000021 49.482962951000047)",Unfall 152371 (2017) Kat:3, Licht: 0,152371,3,7,0,06,19,6,0,0,1,1,0,0,,0
"POINT (8.480639525000072 49.557911064000052)",Unfall 152387 (2017) Kat:3, Licht: 0,152387,3,7,1,07,16,2,1,0,1,1,0,0,,0
"POINT (8.491845262000027 49.477914690000034)",Unfall 152388 (2017) Kat:3, Licht: 0,152388,3,2,5,07,05,2,0,0,0,1,0,0,,0
"POINT (8.474438144000033 49.472751366000068)",Unfall 152389 (2017) Kat:2, Licht: 0,152389,2,3,5,07,10,2,0,0,1,1,0,0,,0
"POINT (8.534634075000042 49.448693815000070)",Unfall 152426 (2017) Kat:2, Licht: 0,152426,2,6,3,07,11,1,0,0,1,1,0,0,,1
"POINT (8.468889656000044 49.481775392000031)",Unfall 152452 (2017) Kat:2, Licht: 0,152452,2,4,6,07,17,7,0,0,0,1,1,0,,0
"POINT (8.471424943000045 49.484632170000054)",Unfall 152453 (2017) Kat:3, Licht: 2,152453,3,7,0,07,22,7,0,2,0,0,0,1,,0
"POINT (8.482968211000070 49.481433031000051)",Unfall 152494 (2017) Kat:2, Licht: 0,152494,2,7,5,07,11,6,0,0,0,1,0,0,,0
"POINT (8.486977501000069 49.511337499000035)",Unfall 152495 (2017) Kat:3, Licht: 2,152495,3,7,9,07,23,6,0,2,0,0,0,1,,0
"POINT (8.552423833000034 49.510299834000079)",Unfall 152496 (2017) Kat:3, Licht: 0,152496,3,6,1,07,18,6,0,0,0,1,0,0,,0
"POINT (8.469043043000056 49.487494469000069)",Unfall 152497 (2017) Kat:3, Licht: 0,152497,3,5,0,07,13,6,0,0,0,1,0,0,,1
"POINT (8.478150920000076 49.480786461000037)",Unfall 152556 (2017) Kat:3, Licht: 0,152556,3,5,1,07,08,5,0,0,1,1,0,0,,0
"POINT (8.467182361000027 49.490092857000036)",Unfall 152557 (2017) Kat:3, Licht: 0,152557,3,5,1,07,11,5,0,0,0,1,0,0,,0
"POINT (8.510052723000058 49.517066442000043)",Unfall 152628 (2017) Kat:3, Licht: 0,152628,3,3,5,07,12,4,0,0,0,1,0,0,,0
"POINT (8.468024603000060 49.501117502000056)",Unfall 152629 (2017) Kat:2, Licht: 2,152629,2,1,0,07,23,4,0,2,0,0,0,1,,0
"POINT (8.505049037000049 49.456188833000056)",Unfall 152630 (2017) Kat:3, Licht: 0,152630,3,6,2,07,10,4,0,0,0,1,0,0,,0
"POINT (8.478524923000066 49.490314674000047)",Unfall 152631 (2017) Kat:3, Licht: 0,152631,3,6,2,07,18,4,0,0,0,1,0,1,,0
"POINT (8.483445262000032 49.454588871000055)",Unfall 152658 (2017) Kat:3, Licht: 0,152658,3,6,1,07,18,6,0,0,0,1,0,0,,0
"POINT (8.461394335000023 49.488583045000041)",Unfall 152660 (2017) Kat:3, Licht: 0,152660,3,4,6,07,11,6,0,0,0,1,1,0,,0
"POINT (8.487196452000035 49.496336513000074)",Unfall 152719 (2017) Kat:3, Licht: 2,152719,3,4,6,07,00,5,0,2,1,0,1,0,,0
"POINT (8.465100642000039 49.500367082000025)",Unfall 152720 (2017) Kat:3, Licht: 0,152720,3,3,1,07,15,5,0,0,1,1,0,0,,0
"POINT (8.478508414000032 49.460277233000056)",Unfall 152721 (2017) Kat:3, Licht: 0,152721,3,3,5,07,15,5,0,0,1,1,0,0,,0
"POINT (8.488901074000069 49.452764972000068)",Unfall 152790 (2017) Kat:3, Licht: 0,152790,3,3,5,07,15,4,1,0,0,1,0,1,,0
"POINT (8.461486092000030 49.485127701000067)",Unfall 152791 (2017) Kat:3, Licht: 0,152791,3,6,2,07,13,4,0,0,0,1,0,0,,0
"POINT (8.565323413000044 49.465224841000065)",Unfall 152842 (2017) Kat:3, Licht: 0,152842,3,6,5,07,12,3,0,0,0,0,0,1,,1
"POINT (8.458284312000046 49.481985413000075)",Unfall 152932 (2017) Kat:3, Licht: 0,152932,3,6,2,07,17,4,0,0,0,1,0,0,,0
"POINT (8.492366959000037 49.455719376000047)",Unfall 152989 (2017) Kat:3, Licht: 0,152989,3,3,5,07,15,3,0,0,1,1,0,0,,0
"POINT (8.463466706000077 49.484824569000068)",Unfall 152990 (2017) Kat:3, Licht: 0,152990,3,4,6,07,10,3,0,0,0,0,1,0,,1
"POINT (8.486813510000047 49.496505169000045)",Unfall 153052 (2017) Kat:3, Licht: 2,153052,3,2,9,07,02,2,0,2,0,1,0,0,,0
"POINT (8.466255299000068 49.499758622000058)",Unfall 153123 (2017) Kat:3, Licht: 1,153123,3,3,5,07,21,7,0,1,0,1,0,0,,0
"POINT (8.455892022000057 49.486211404000073)",Unfall 153222 (2017) Kat:3, Licht: 0,153222,3,6,3,07,11,2,1,0,0,0,0,1,,1
"POINT (8.509195096000042 49.519323039000028)",Unfall 153285 (2017) Kat:3, Licht: 2,153285,3,1,8,07,03,7,1,2,0,1,0,0,,0
"POINT (8.475110250000057 49.496500538000078)",Unfall 153333 (2017) Kat:3, Licht: 0,153333,3,2,5,07,15,6,0,0,1,1,0,0,,0
"POINT (8.470213809000029 49.493285870000079)",Unfall 153334 (2017) Kat:3, Licht: 2,153334,3,3,0,07,23,6,1,2,0,0,0,1,,1
"POINT (8.468736204000038 49.491738136000038)",Unfall 153335 (2017) Kat:3, Licht: 0,153335,3,3,5,07,17,6,0,0,0,1,0,0,,0
"POINT (8.461318567000035 49.486164507000069)",Unfall 153336 (2017) Kat:3, Licht: 0,153336,3,3,5,07,14,6,0,0,1,1,0,0,,0
"POINT (8.521605072000057 49.515337207000073)",Unfall 153395 (2017) Kat:2, Licht: 0,153395,2,7,0,07,18,5,1,0,0,0,0,1,,0
"POINT (8.475321050000048 49.490904133000072)",Unfall 153396 (2017) Kat:3, Licht: 0,153396,3,2,5,07,18,5,0,0,1,1,0,0,,0
"POINT (8.448225061000073 49.542651253000031)",Unfall 153470 (2017) Kat:3, Licht: 0,153470,3,6,6,07,13,2,0,0,0,1,1,0,,0
"POINT (8.489943571000026 49.452631620000034)",Unfall 153471 (2017) Kat:3, Licht: 0,153471,3,5,1,07,18,2,0,0,0,1,0,1,,0
"POINT (8.481971267000063 49.494860306000078)",Unfall 153539 (2017) Kat:3, Licht: 2,153539,3,3,5,07,22,7,0,2,1,1,0,0,,0
"POINT (8.524041887000067 49.509369628000059)",Unfall 153540 (2017) Kat:3, Licht: 2,153540,3,2,4,07,22,7,0,2,1,1,0,0,,0
"POINT (8.480269565000072 49.495013277000055)",Unfall 153541 (2017) Kat:2, Licht: 1,153541,2,3,5,07,05,7,0,1,0,1,0,0,,0
"POINT (8.460467390000076 49.488950290000048)",Unfall 153571 (2017) Kat:3, Licht: 0,153571,3,2,5,07,17,6,0,0,1,1,0,0,,0
"POINT (8.468979410000031 49.483218566000062)",Unfall 153572 (2017) Kat:3, Licht: 0,153572,3,4,6,07,16,6,0,0,0,1,1,0,,0
"POINT (8.467110813000033 49.501014946000055)",Unfall 153573 (2017) Kat:3, Licht: 0,153573,3,3,5,07,12,6,0,0,0,1,0,0,,0
"POINT (8.449450265000053 49.544072221000079)",Unfall 153574 (2017) Kat:2, Licht: 0,153574,2,5,6,07,08,6,0,0,0,1,1,0,,0
"POINT (8.501821638000024 49.494330765000029)",Unfall 153654 (2017) Kat:3, Licht: 0,153654,3,3,5,07,14,4,0,0,0,1,0,0,,0
"POINT (8.477514701000075 49.547811096000032)",Unfall 153656 (2017) Kat:2, Licht: 0,153656,2,4,6,07,15,4,0,0,0,1,1,0,,0
"POINT (8.473786642000050 49.481317983000054)",Unfall 153699 (2017) Kat:3, Licht: 0,153699,3,5,1,08,08,2,0,0,1,1,0,0,,0
"POINT (8.458077877000051 49.498280685000054)",Unfall 153700 (2017) Kat:2, Licht: 0,153700,2,6,2,08,14,2,0,0,1,1,0,0,,0
"POINT (8.478076656000042 49.497649493000040)",Unfall 153757 (2017) Kat:3, Licht: 0,153757,3,5,1,08,10,7,0,0,1,1,0,0,,0
"POINT (8.464689696000050 49.493298280000033)",Unfall 153844 (2017) Kat:3, Licht: 0,153844,3,3,5,08,16,5,0,0,0,1,0,0,,0
"POINT (8.477627365000046 49.461611324000046)",Unfall 153845 (2017) Kat:3, Licht: 0,153845,3,6,2,08,19,5,0,0,0,1,0,1,,0
"POINT (8.553902316000063 49.520068233000075)",Unfall 153846 (2017) Kat:3, Licht: 0,153846,3,2,3,08,13,5,0,0,0,1,0,0,,0
"POINT (8.472748527000022 49.480824116000065)",Unfall 153847 (2017) Kat:3, Licht: 0,153847,3,2,0,08,15,5,0,0,0,1,1,0,,0
"POINT (8.549496560000023 49.489769646000070)",Unfall 153848 (2017) Kat:2, Licht: 2,153848,2,2,4,08,05,5,1,2,0,1,0,0,,0
"POINT (8.535676379000051 49.448465557000077)",Unfall 153937 (2017) Kat:3, Licht: 0,153937,3,6,2,08,08,3,0,0,0,1,0,0,,1
"POINT (8.469884934000049 49.470388340000056)",Unfall 153982 (2017) Kat:3, Licht: 0,153982,3,7,1,08,11,3,0,0,0,1,0,0,,0
"POINT (8.457191095000042 49.494733638000071)",Unfall 153983 (2017) Kat:3, Licht: 2,153983,3,3,5,08,23,3,0,2,1,1,0,0,,0
"POINT (8.446540910000067 49.549577679000038)",Unfall 154021 (2017) Kat:2, Licht: 2,154021,2,1,9,08,00,2,0,2,0,1,0,0,,0
"POINT (8.469482590000041 49.464772177000043)",Unfall 154022 (2017) Kat:3, Licht: 0,154022,3,6,2,08,13,2,0,0,0,1,0,0,,0
"POINT (8.511530816000061 49.498000100000070)",Unfall 154023 (2017) Kat:3, Licht: 0,154023,3,2,1,08,19,2,0,0,1,1,0,0,,0
"POINT (8.447767441000053 49.497650101000033)",Unfall 154025 (2017) Kat:2, Licht: 0,154025,2,1,0,08,20,2,0,0,1,0,0,0,,0
"POINT (8.487221309000063 49.479691538000054)",Unfall 154128 (2017) Kat:3, Licht: 0,154128,3,6,2,08,17,5,1,0,0,1,0,0,,0
"POINT (8.500110356000050 49.503919865000057)",Unfall 154129 (2017) Kat:3, Licht: 1,154129,3,3,5,08,18,5,1,1,0,1,0,0,,0
"POINT (8.530073474000062 49.489722387000029)",Unfall 154130 (2017) Kat:3, Licht: 0,154130,3,3,5,08,15,5,1,0,0,1,0,0,,0
"POINT (8.522021858000073 49.515450231000045)",Unfall 154131 (2017) Kat:3, Licht: 0,154131,3,6,2,08,11,5,1,0,0,1,0,0,,0
"POINT (8.472964107000053 49.489004816000033)",Unfall 154199 (2017) Kat:3, Licht: 0,154199,3,7,5,08,12,3,0,0,1,1,0,0,,0
"POINT (8.505639772000052 49.516833827000028)",Unfall 154200 (2017) Kat:3, Licht: 0,154200,3,6,0,08,16,3,0,0,0,1,0,1,,0
"POINT (8.461183777000031 49.488665893000075)",Unfall 154209 (2017) Kat:3, Licht: 0,154209,3,3,5,08,18,4,0,0,0,1,0,0,,0
"POINT (8.447174985000061 49.557597515000054)",Unfall 154226 (2017) Kat:2, Licht: 0,154226,2,3,5,08,17,5,0,0,1,1,0,0,,0
"POINT (8.475339250000047 49.465016790000050)",Unfall 154228 (2017) Kat:3, Licht: 0,154228,3,2,5,08,14,5,0,0,0,1,0,0,,1
"POINT (8.481668747000072 49.479149312000061)",Unfall 154265 (2017) Kat:3, Licht: 0,154265,3,7,0,08,16,4,0,0,1,0,0,0,,0
"POINT (8.472572438000043 49.499682891000077)",Unfall 154266 (2017) Kat:3, Licht: 0,154266,3,7,0,08,14,4,0,0,1,0,0,0,,0
"POINT (8.468118271000037 49.478337400000044)",Unfall 154267 (2017) Kat:3, Licht: 0,154267,3,7,6,08,10,4,0,0,0,1,1,0,,0
"POINT (8.508540454000070 49.503838539000071)",Unfall 154268 (2017) Kat:3, Licht: 0,154268,3,3,5,08,06,4,0,0,0,1,0,0,,0
"POINT (8.476442522000070 49.508365650000030)",Unfall 154297 (2017) Kat:3, Licht: 0,154297,3,4,6,08,07,3,0,0,0,1,1,0,,0
"POINT (8.470618237000053 49.508644638000078)",Unfall 154298 (2017) Kat:2, Licht: 0,154298,2,3,5,08,10,3,0,0,0,1,0,0,,0
"POINT (8.482806287000074 49.481413151000027)",Unfall 154299 (2017) Kat:3, Licht: 0,154299,3,3,5,08,07,3,0,0,0,1,0,0,,0
"POINT (8.468755290000047 49.484385433000057)",Unfall 154335 (2017) Kat:3, Licht: 0,154335,3,3,5,08,18,2,0,0,0,1,0,1,,0
"POINT (8.494341858000041 49.498368283000048)",Unfall 154336 (2017) Kat:3, Licht: 0,154336,3,2,3,08,09,2,0,0,0,1,0,1,,0
"POINT (8.477294229000052 49.496479473000079)",Unfall 154383 (2017) Kat:3, Licht: 2,154383,3,3,5,08,20,7,0,2,0,1,0,1,,0
"POINT (8.464844385000049 49.490160280000055)",Unfall 154413 (2017) Kat:3, Licht: 0,154413,3,3,5,08,19,6,1,0,1,1,0,0,,0
"POINT (8.561946806000037 49.511668250000071)",Unfall 154414 (2017) Kat:3, Licht: 2,154414,3,6,3,08,03,6,0,2,0,1,0,1,,0
"POINT (8.524364246000062 49.439999911000029)",Unfall 154481 (2017) Kat:3, Licht: 0,154481,3,3,5,08,09,4,0,0,1,1,0,0,,0
"POINT (8.473454840000045 49.513650022000036)",Unfall 154510 (2017) Kat:3, Licht: 0,154510,3,3,5,08,15,5,0,0,1,1,0,0,,0
"POINT (8.469222998000021 49.488543770000035)",Unfall 154511 (2017) Kat:2, Licht: 0,154511,2,2,5,08,18,5,0,0,0,1,1,0,,0
"POINT (8.503307930000062 49.503166123000028)",Unfall 154547 (2017) Kat:3, Licht: 0,154547,3,6,2,08,13,4,0,0,0,1,0,0,,1
"POINT (8.462796838000031 49.488965908000068)",Unfall 154548 (2017) Kat:3, Licht: 0,154548,3,3,5,08,12,4,0,0,1,1,0,0,,0
"POINT (8.492947545000050 49.507188188000043)",Unfall 154584 (2017) Kat:3, Licht: 0,154584,3,3,5,08,13,3,0,0,1,0,0,0,,1
"POINT (8.480712259000029 49.497748063000074)",Unfall 154623 (2017) Kat:3, Licht: 0,154623,3,7,0,08,13,2,0,0,1,1,0,0,,0
"POINT (8.483007582000028 49.513599124000052)",Unfall 154624 (2017) Kat:3, Licht: 0,154624,3,2,5,08,09,2,0,0,0,1,0,0,,0
"POINT (8.507118408000054 49.444383987000037)",Unfall 154667 (2017) Kat:3, Licht: 0,154667,3,6,4,08,16,1,0,0,0,1,0,0,,0
"POINT (8.542284274000053 49.499570164000033)",Unfall 154668 (2017) Kat:3, Licht: 0,154668,3,6,2,08,15,1,0,0,0,1,0,0,,0
"POINT (8.499627137000061 49.495915237000077)",Unfall 154702 (2017) Kat:3, Licht: 0,154702,3,7,1,08,11,7,0,0,0,1,0,0,,0
"POINT (8.510121846000061 49.510104976000036)",Unfall 154703 (2017) Kat:3, Licht: 0,154703,3,3,5,08,16,7,0,0,0,1,0,0,,0
"POINT (8.478517734000036 49.465872654000066)",Unfall 154757 (2017) Kat:3, Licht: 0,154757,3,6,2,09,11,5,0,0,0,1,0,0,,0
"POINT (8.504779638000059 49.501141787000051)",Unfall 154758 (2017) Kat:3, Licht: 0,154758,3,3,5,09,14,5,0,0,0,1,0,0,,0
"POINT (8.471418904000075 49.511519764000070)",Unfall 154795 (2017) Kat:2, Licht: 0,154795,2,2,3,09,15,4,0,0,0,1,0,0,,1
"POINT (8.477650486000073 49.461580065000078)",Unfall 154824 (2017) Kat:3, Licht: 0,154824,3,1,0,09,15,3,0,0,0,0,0,1,,0
"POINT (8.454793475000031 49.523746000000074)",Unfall 154826 (2017) Kat:3, Licht: 2,154826,3,7,9,09,04,3,1,2,0,0,0,0,,1
"POINT (8.500990759000047 49.524185885000065)",Unfall 154865 (2017) Kat:3, Licht: 0,154865,3,3,5,09,16,2,0,0,1,1,0,0,,0
"POINT (8.488072926000029 49.527258742000072)",Unfall 154866 (2017) Kat:2, Licht: 2,154866,2,5,1,09,20,2,0,2,1,1,0,0,,0
"POINT (8.475718518000065 49.473504222000031)",Unfall 154867 (2017) Kat:3, Licht: 0,154867,3,2,5,09,17,2,0,0,0,1,0,0,,0
"POINT (8.445460185000059 49.500917988000026)",Unfall 154868 (2017) Kat:2, Licht: 2,154868,2,1,9,09,21,2,0,2,0,1,0,1,,1
"POINT (8.463293524000051 49.495752561000074)",Unfall 154869 (2017) Kat:2, Licht: 0,154869,2,4,6,09,12,2,0,0,0,1,1,0,,0
"POINT (8.477991395000061 49.460129434000066)",Unfall 154900 (2017) Kat:3, Licht: 0,154900,3,7,0,09,17,1,0,0,1,0,0,0,,0
"POINT (8.525878053000042 49.435273266000081)",Unfall 155013 (2017) Kat:3, Licht: 0,155013,3,1,1,09,16,5,1,0,0,1,0,1,,0
"POINT (8.494867830000032 49.453773760000047)",Unfall 155014 (2017) Kat:3, Licht: 0,155014,3,6,1,09,14,5,0,0,0,1,0,0,,1
"POINT (8.506656082000063 49.499647392000043)",Unfall 155015 (2017) Kat:2, Licht: 0,155015,2,3,5,09,11,5,1,0,0,1,0,0,,1
"POINT (8.473995939000076 49.496129025000073)",Unfall 155059 (2017) Kat:3, Licht: 0,155059,3,6,2,09,11,4,0,0,0,1,0,0,,0
"POINT (8.535934174000033 49.474814133000052)",Unfall 155098 (2017) Kat:3, Licht: 0,155098,3,7,0,09,11,3,0,0,1,0,0,0,,0
"POINT (8.527120607000029 49.443417808000049)",Unfall 155100 (2017) Kat:3, Licht: 0,155100,3,6,1,09,15,3,0,0,0,1,0,0,,0
"POINT (8.455109998000069 49.485084881000034)",Unfall 155101 (2017) Kat:3, Licht: 0,155101,3,7,0,09,10,3,0,0,0,0,0,0,,1
"POINT (8.498505245000047 49.535250470000051)",Unfall 155145 (2017) Kat:3, Licht: 0,155145,3,3,5,09,15,2,1,0,0,1,0,0,,0
"POINT (8.506616228000041 49.508937349000064)",Unfall 155146 (2017) Kat:3, Licht: 0,155146,3,6,2,09,16,2,1,0,0,1,0,1,,0
"POINT (8.462132285000052 49.493811400000027)",Unfall 155189 (2017) Kat:3, Licht: 2,155189,3,7,1,09,04,1,0,2,0,1,0,0,,0
"POINT (8.470061150000049 49.485229772000082)",Unfall 155208 (2017) Kat:3, Licht: 2,155208,3,6,8,09,21,7,1,2,0,1,0,1,,0
"POINT (8.469521152000027 49.488872740000033)",Unfall 155209 (2017) Kat:3, Licht: 0,155209,3,5,1,09,14,7,0,0,1,1,0,0,,0
"POINT (8.477038794000066 49.482725869000035)",Unfall 155295 (2017) Kat:3, Licht: 0,155295,3,1,2,09,16,5,0,0,1,1,0,0,,0
"POINT (8.506949215000077 49.505385227000033)",Unfall 155296 (2017) Kat:3, Licht: 0,155296,3,6,3,09,15,5,0,0,0,1,0,1,,0
"POINT (8.501453569000034 49.504389734000029)",Unfall 155337 (2017) Kat:3, Licht: 0,155337,3,3,5,09,17,4,0,0,1,1,0,0,,0
"POINT (8.481867775000069 49.458119453000052)",Unfall 155338 (2017) Kat:3, Licht: 0,155338,3,3,5,09,07,4,0,0,1,1,0,0,,0
"POINT (8.478502939000066 49.460276036000039)",Unfall 155339 (2017) Kat:3, Licht: 0,155339,3,3,3,09,11,4,0,0,1,1,0,0,,0
"POINT (8.484548189000066 49.478002389000039)",Unfall 155373 (2017) Kat:3, Licht: 0,155373,3,7,1,09,20,3,0,0,1,1,0,0,,0
"POINT (8.470777310000074 49.508776108000063)",Unfall 155374 (2017) Kat:3, Licht: 0,155374,3,6,1,09,16,3,1,0,0,1,0,0,,0
"POINT (8.505826625000054 49.506590360000075)",Unfall 155419 (2017) Kat:3, Licht: 0,155419,3,2,5,09,09,2,0,0,1,1,0,0,,0
"POINT (8.467018337000070 49.499149761000069)",Unfall 155477 (2017) Kat:3, Licht: 0,155477,3,2,6,09,09,7,0,0,0,1,1,0,,0
"POINT (8.490421249000065 49.478452619000052)",Unfall 155503 (2017) Kat:3, Licht: 0,155503,3,2,3,09,14,6,1,0,0,1,0,0,,0
"POINT (8.509789496000053 49.463926759000060)",Unfall 155504 (2017) Kat:3, Licht: 0,155504,3,3,5,09,18,6,1,0,1,1,0,0,,0
"POINT (8.463330747000043 49.487832745000048)",Unfall 155542 (2017) Kat:3, Licht: 2,155542,3,6,8,09,05,5,0,2,1,0,0,0,,1
"POINT (8.508717342000068 49.514200446000075)",Unfall 155585 (2017) Kat:3, Licht: 0,155585,3,6,3,09,12,4,0,0,1,1,0,0,,0
"POINT (8.471394060000023 49.485723194000059)",Unfall 155586 (2017) Kat:3, Licht: 0,155586,3,7,6,09,12,4,0,0,1,0,1,0,,0
"POINT (8.490997197000070 49.460839193000027)",Unfall 155587 (2017) Kat:3, Licht: 0,155587,3,5,5,09,09,4,0,0,0,1,0,0,,0
"POINT (8.469749596000042 49.480221388000075)",Unfall 155588 (2017) Kat:2, Licht: 0,155588,2,4,6,09,17,4,0,0,1,0,1,0,,0
"POINT (8.475236830000029 49.483243871000070)",Unfall 155724 (2017) Kat:3, Licht: 2,155724,3,6,2,09,20,7,0,2,0,1,0,1,,0
"POINT (8.478544074000070 49.460285027000054)",Unfall 155725 (2017) Kat:3, Licht: 0,155725,3,3,5,09,14,7,0,0,1,1,0,0,,0
"POINT (8.528426258000025 49.434399905000078)",Unfall 155726 (2017) Kat:3, Licht: 0,155726,3,3,5,09,12,7,0,0,0,1,0,0,,0
"POINT (8.527447054000049 49.433476483000049)",Unfall 155768 (2017) Kat:3, Licht: 0,155768,3,3,5,09,09,6,0,0,1,1,0,0,,0
"POINT (8.528460822000056 49.488221617000079)",Unfall 155769 (2017) Kat:2, Licht: 0,155769,2,6,3,09,12,6,0,0,1,1,0,0,,0
"POINT (8.469844273000035 49.505604320000032)",Unfall 155770 (2017) Kat:3, Licht: 0,155770,3,2,3,09,14,6,0,0,1,1,0,0,,0
"POINT (8.493787059000056 49.524403297000049)",Unfall 155789 (2017) Kat:3, Licht: 0,155789,3,2,3,10,13,5,0,0,1,0,0,0,,1
"POINT (8.522855698000058 49.438329680000038)",Unfall 155790 (2017) Kat:3, Licht: 0,155790,3,1,0,10,16,5,1,0,0,0,0,1,,0
"POINT (8.508912726000062 49.519298406000075)",Unfall 155791 (2017) Kat:3, Licht: 0,155791,3,6,2,10,17,5,0,0,0,1,0,0,,0
"POINT (8.464578444000040 49.487350806000052)",Unfall 155792 (2017) Kat:3, Licht: 0,155792,3,7,3,10,15,5,1,0,1,1,0,0,,0
"POINT (8.467415526000025 49.487780168000029)",Unfall 155842 (2017) Kat:3, Licht: 1,155842,3,5,0,10,17,4,1,1,1,1,0,0,,0
"POINT (8.502930921000029 49.475143750000029)",Unfall 155875 (2017) Kat:3, Licht: 0,155875,3,7,4,10,10,3,1,0,0,1,0,1,,0
"POINT (8.484590196000056 49.500722752000058)",Unfall 155876 (2017) Kat:3, Licht: 0,155876,3,7,0,10,14,3,0,0,1,0,0,0,,1
"POINT (8.500094597000043 49.511623301000043)",Unfall 155877 (2017) Kat:2, Licht: 0,155877,2,3,5,10,18,3,0,0,0,1,0,0,,0
"POINT (8.486139124000033 49.476443593000056)",Unfall 155905 (2017) Kat:3, Licht: 0,155905,3,4,6,10,17,2,0,0,0,0,1,1,,0
"POINT (8.512196425000070 49.507985077000058)",Unfall 155906 (2017) Kat:3, Licht: 2,155906,3,1,0,10,20,2,1,2,1,0,0,0,,0
"POINT (8.492065024000056 49.506713668000032)",Unfall 155907 (2017) Kat:3, Licht: 0,155907,3,7,0,10,11,2,0,0,1,0,0,0,,1
"POINT (8.473952368000028 49.481617077000067)",Unfall 155968 (2017) Kat:3, Licht: 2,155968,3,3,5,09,19,7,1,2,0,1,0,1,,0
"POINT (8.499007457000062 49.460231314000055)",Unfall 155969 (2017) Kat:3, Licht: 2,155969,3,3,5,09,22,7,1,2,0,1,0,0,,0
"POINT (8.549286008000024 49.489803700000039)",Unfall 155971 (2017) Kat:2, Licht: 2,155971,2,3,5,09,18,7,1,2,0,0,0,1,,1
"POINT (8.473105055000076 49.495122216000027)",Unfall 155972 (2017) Kat:3, Licht: 2,155972,3,6,2,09,21,7,1,2,0,1,0,1,,0
"POINT (8.483763063000026 49.458718173000079)",Unfall 156011 (2017) Kat:3, Licht: 0,156011,3,6,6,09,16,6,0,0,0,1,1,0,,0
"POINT (8.476041260000045 49.488570475000074)",Unfall 156012 (2017) Kat:2, Licht: 0,156012,2,6,3,09,18,6,0,0,0,1,0,1,,0
"POINT (8.456417107000050 49.484696155000051)",Unfall 156013 (2017) Kat:3, Licht: 0,156013,3,6,3,09,13,6,0,0,0,1,0,0,,1
"POINT (8.466872090000038 49.510761430000059)",Unfall 156067 (2017) Kat:3, Licht: 0,156067,3,2,5,10,08,4,0,0,1,1,0,0,,0
"POINT (8.451159600000040 49.528543737000064)",Unfall 156068 (2017) Kat:2, Licht: 0,156068,2,6,4,10,14,4,0,0,0,1,0,0,,1
"POINT (8.506248822000032 49.478083177000030)",Unfall 156108 (2017) Kat:3, Licht: 0,156108,3,3,5,10,08,3,1,0,1,1,0,0,,0
"POINT (8.468652196000051 49.505663080000033)",Unfall 156188 (2017) Kat:3, Licht: 0,156188,3,3,5,10,17,1,1,0,0,1,0,0,,0
"POINT (8.468038564000040 49.487245541000050)",Unfall 156212 (2017) Kat:3, Licht: 0,156212,3,5,1,10,15,7,0,0,1,1,0,0,,0
"POINT (8.454907311000056 49.540143088000036)",Unfall 156213 (2017) Kat:2, Licht: 2,156213,2,3,5,10,00,7,0,2,0,1,0,0,,0
"POINT (8.493453132000070 49.497886334000043)",Unfall 156245 (2017) Kat:3, Licht: 0,156245,3,4,6,10,15,6,1,0,0,1,1,0,,0
"POINT (8.471789530000024 49.544371799000032)",Unfall 156348 (2017) Kat:2, Licht: 0,156348,2,3,5,10,16,2,0,0,0,1,0,0,,0
"POINT (8.481696251000074 49.479126331000032)",Unfall 156349 (2017) Kat:3, Licht: 0,156349,3,7,6,10,17,2,0,0,1,0,1,0,,0
"POINT (8.480042872000070 49.514193168000077)",Unfall 156350 (2017) Kat:3, Licht: 2,156350,3,6,4,10,23,2,0,2,1,0,0,0,,0
"POINT (8.449943599000051 49.541778602000079)",Unfall 156405 (2017) Kat:3, Licht: 2,156405,3,6,2,10,20,1,0,2,0,1,0,0,,0
"POINT (8.484821185000044 49.476842349000037)",Unfall 156406 (2017) Kat:3, Licht: 0,156406,3,7,1,10,14,1,0,0,1,1,0,0,,0
"POINT (8.487806913000043 49.484959606000075)",Unfall 156445 (2017) Kat:3, Licht: 0,156445,3,6,2,10,13,7,0,0,0,1,0,0,,0
"POINT (8.467268107000052 49.483990153000036)",Unfall 156446 (2017) Kat:3, Licht: 0,156446,3,3,0,10,18,7,0,0,0,1,0,1,,0
"POINT (8.491170818000057 49.476902733000031)",Unfall 156447 (2017) Kat:2, Licht: 2,156447,2,1,0,10,00,7,0,2,1,0,0,0,,0
"POINT (8.495805485000062 49.499078261000079)",Unfall 156490 (2017) Kat:2, Licht: 2,156490,2,3,5,10,23,6,0,2,0,1,0,1,,0
"POINT (8.498225650000052 49.503084761000082)",Unfall 156491 (2017) Kat:3, Licht: 1,156491,3,3,5,10,20,6,0,1,0,1,0,1,,0
"POINT (8.525204503000055 49.490634045000036)",Unfall 156492 (2017) Kat:3, Licht: 0,156492,3,5,1,10,08,6,0,0,1,1,0,0,,0
"POINT (8.546598890000041 49.496517692000054)",Unfall 156493 (2017) Kat:3, Licht: 0,156493,3,3,5,10,08,6,0,0,1,1,0,0,,0
"POINT (8.468407638000031 49.544219839000050)",Unfall 156541 (2017) Kat:3, Licht: 0,156541,3,3,5,10,09,5,0,0,0,1,0,0,,0
"POINT (8.462994920000028 49.486688606000030)",Unfall 156542 (2017) Kat:3, Licht: 0,156542,3,3,5,10,11,5,0,0,1,0,0,0,,0
"POINT (8.488420903000076 49.527804686000081)",Unfall 156588 (2017) Kat:3, Licht: 0,156588,3,6,1,10,13,2,1,0,0,1,0,0,,0
"POINT (8.470134292000068 49.491186154000047)",Unfall 156589 (2017) Kat:3, Licht: 0,156589,3,7,6,10,15,2,0,0,0,1,1,0,,0
"POINT (8.478130209000028 49.477915767000070)",Unfall 156590 (2017) Kat:3, Licht: 0,156590,3,5,0,10,12,2,0,0,0,1,0,0,,1
"POINT (8.486994117000052 49.496231484000077)",Unfall 156613 (2017) Kat:3, Licht: 2,156613,3,2,5,10,00,1,1,2,0,1,0,0,,0
"POINT (8.508556633000069 49.503822090000028)",Unfall 156614 (2017) Kat:3, Licht: 0,156614,3,3,5,10,16,1,0,0,0,1,0,0,,0
"POINT (8.470696628000042 49.486861072000067)",Unfall 156634 (2017) Kat:3, Licht: 2,156634,3,6,2,10,21,7,1,2,0,1,0,0,,0
"POINT (8.488580944000034 49.527907610000057)",Unfall 156678 (2017) Kat:3, Licht: 0,156678,3,4,6,10,13,6,0,0,0,1,1,0,,0
"POINT (8.485547197000074 49.523674961000040)",Unfall 156679 (2017) Kat:3, Licht: 0,156679,3,7,6,10,14,6,0,0,0,1,1,0,,0
"POINT (8.460328408000066 49.492950960000030)",Unfall 156680 (2017) Kat:3, Licht: 0,156680,3,6,2,10,13,6,0,0,0,0,0,1,,1
"POINT (8.449573672000042 49.540331018000074)",Unfall 156681 (2017) Kat:2, Licht: 0,156681,2,2,5,10,12,6,0,0,1,1,0,0,,0
"POINT (8.496026551000057 49.499279348000073)",Unfall 156720 (2017) Kat:3, Licht: 0,156720,3,7,0,10,15,5,0,0,0,1,0,1,,0
"POINT (8.493683102000034 49.500809956000069)",Unfall 156768 (2017) Kat:3, Licht: 0,156768,3,3,5,10,17,4,0,0,1,1,0,0,,0
"POINT (8.483595315000059 49.454861556000026)",Unfall 156769 (2017) Kat:3, Licht: 0,156769,3,3,5,10,13,4,0,0,0,1,0,0,,1
"POINT (8.493839734000062 49.511666363000074)",Unfall 156771 (2017) Kat:2, Licht: 2,156771,2,2,4,10,04,4,0,2,0,1,0,1,,0
"POINT (8.472362939000050 49.486221833000059)",Unfall 156772 (2017) Kat:3, Licht: 2,156772,3,4,6,10,20,4,0,2,1,0,1,0,,0
"POINT (8.487612404000061 49.526463618000037)",Unfall 156819 (2017) Kat:3, Licht: 0,156819,3,2,5,10,10,3,0,0,1,1,0,0,,0
"POINT (8.491676128000051 49.477979686000026)",Unfall 156820 (2017) Kat:3, Licht: 0,156820,3,6,1,10,17,3,0,0,0,1,0,0,,0
"POINT (8.516028330000040 49.440929978000042)",Unfall 156821 (2017) Kat:3, Licht: 0,156821,3,3,5,10,09,3,0,0,0,1,0,1,,0
"POINT (8.483823945000040 49.470182568000041)",Unfall 156822 (2017) Kat:3, Licht: 0,156822,3,1,9,10,09,3,0,0,0,0,0,1,,0
"POINT (8.535809365000034 49.456758421000075)",Unfall 156823 (2017) Kat:3, Licht: 0,156823,3,2,4,10,09,3,0,0,0,1,0,0,,0
"POINT (8.471441798000058 49.493543240000065)",Unfall 156824 (2017) Kat:3, Licht: 0,156824,3,1,1,10,08,3,0,0,0,1,0,0,,0
"POINT (8.486534666000068 49.526545209000062)",Unfall 156826 (2017) Kat:2, Licht: 0,156826,2,3,5,10,14,3,0,0,1,0,0,1,,0
"POINT (8.460009212000045 49.493098579000048)",Unfall 156841 (2017) Kat:3, Licht: 0,156841,3,3,5,10,11,3,0,0,1,0,0,1,,0
"POINT (8.489650377000032 49.522492315000079)",Unfall 156842 (2017) Kat:3, Licht: 0,156842,3,5,5,10,12,3,0,0,1,1,0,0,,0
"POINT (8.471609558000068 49.493724244000077)",Unfall 156873 (2017) Kat:3, Licht: 2,156873,3,6,1,10,21,1,1,2,0,1,0,0,,0
"POINT (8.487524687000075 49.488511358000039)",Unfall 156898 (2017) Kat:3, Licht: 0,156898,3,3,5,10,10,7,0,0,0,1,0,0,,0
"POINT (8.487016138000058 49.456992945000081)",Unfall 156938 (2017) Kat:3, Licht: 0,156938,3,3,5,10,15,6,0,0,0,1,0,0,,0
"POINT (8.481085417000031 49.456820745000073)",Unfall 156939 (2017) Kat:2, Licht: 0,156939,2,3,5,10,12,6,0,0,1,1,0,0,,0
"POINT (8.444657769000060 49.546658995000030)",Unfall 156940 (2017) Kat:3, Licht: 0,156940,3,3,5,10,16,6,0,0,1,0,0,0,,1
"POINT (8.464774784000042 49.500013569000032)",Unfall 156941 (2017) Kat:3, Licht: 0,156941,3,7,1,10,16,6,0,0,1,1,0,0,,0
"POINT (8.475406193000026 49.485053568000069)",Unfall 156997 (2017) Kat:3, Licht: 0,156997,3,2,8,10,15,5,0,0,0,0,0,1,,1
"POINT (8.507976842000062 49.512199228000043)",Unfall 156998 (2017) Kat:2, Licht: 0,156998,2,2,3,10,16,5,0,0,0,1,0,1,,0
"POINT (8.503759812000055 49.492771528000048)",Unfall 156999 (2017) Kat:3, Licht: 0,156999,3,2,4,10,13,5,0,0,0,1,0,0,,0
"POINT (8.489113788000054 49.453816693000078)",Unfall 157056 (2017) Kat:2, Licht: 0,157056,2,4,6,10,13,4,0,0,0,1,1,0,,0
"POINT (8.484636572000056 49.493756614000063)",Unfall 157057 (2017) Kat:2, Licht: 2,157057,2,4,6,10,06,4,0,2,0,1,1,0,,0
"POINT (8.470676268000034 49.508560372000034)",Unfall 157124 (2017) Kat:3, Licht: 0,157124,3,4,6,11,07,3,0,0,0,1,1,0,,0
"POINT (8.503120696000053 49.499000590000037)",Unfall 157164 (2017) Kat:3, Licht: 0,157164,3,6,2,11,08,2,0,0,0,1,0,0,,0
"POINT (8.481243938000034 49.497748208000075)",Unfall 157165 (2017) Kat:2, Licht: 1,157165,2,3,1,11,08,2,0,1,1,1,0,0,,0
"POINT (8.493476399000031 49.506655645000080)",Unfall 157196 (2017) Kat:3, Licht: 0,157196,3,3,5,11,15,1,0,0,0,1,0,0,,0
"POINT (8.454625360000023 49.544081862000041)",Unfall 157197 (2017) Kat:2, Licht: 2,157197,2,5,1,11,04,1,1,2,0,1,0,0,,0
"POINT (8.471181198000068 49.500406349000059)",Unfall 157236 (2017) Kat:3, Licht: 2,157236,3,6,2,11,18,6,0,2,0,1,0,0,,0
"POINT (8.478483047000054 49.460271688000034)",Unfall 157264 (2017) Kat:3, Licht: 2,157264,3,4,6,11,17,5,0,2,0,1,1,0,,0
"POINT (8.470113824000066 49.493471384000031)",Unfall 157265 (2017) Kat:3, Licht: 0,157265,3,1,0,11,08,5,0,0,0,0,0,1,,0
"POINT (8.492648275000022 49.533081896000056)",Unfall 157266 (2017) Kat:3, Licht: 2,157266,3,7,6,11,17,5,0,2,0,0,1,0,,1
"POINT (8.476818874000060 49.474245202000077)",Unfall 157278 (2017) Kat:3, Licht: 0,157278,3,6,2,11,10,4,0,0,0,1,0,0,,0
"POINT (8.470058527000049 49.504579453000076)",Unfall 157318 (2017) Kat:3, Licht: 2,157318,3,2,3,10,17,2,0,2,0,1,0,0,,1
"POINT (8.481134913000062 49.475359791000074)",Unfall 157319 (2017) Kat:3, Licht: 0,157319,3,4,6,10,09,2,0,0,0,1,1,0,,0
"POINT (8.508582517000036 49.513867053000070)",Unfall 157336 (2017) Kat:3, Licht: 0,157336,3,6,2,11,14,4,0,0,0,1,0,0,,0
"POINT (8.449052143000074 49.549363692000043)",Unfall 157337 (2017) Kat:3, Licht: 0,157337,3,6,2,11,08,4,0,0,0,1,0,0,,1
"POINT (8.473928160000071 49.482433671000081)",Unfall 157338 (2017) Kat:2, Licht: 0,157338,2,1,1,11,13,4,0,0,0,1,0,0,,0
"POINT (8.480306606000056 49.548080789000039)",Unfall 157369 (2017) Kat:2, Licht: 2,157369,2,7,6,11,05,4,0,2,0,1,1,0,,0
"POINT (8.488634413000057 49.504879840000058)",Unfall 157380 (2017) Kat:3, Licht: 2,157380,3,7,5,11,06,3,0,2,1,1,0,0,,0
"POINT (8.478548962000048 49.460355308000032)",Unfall 157415 (2017) Kat:3, Licht: 1,157415,3,2,4,11,18,2,0,1,1,1,0,0,,0
"POINT (8.507880553000064 49.512295218000077)",Unfall 157416 (2017) Kat:3, Licht: 0,157416,3,3,5,11,16,2,0,0,0,1,0,0,,0
"POINT (8.450226510000050 49.490096291000043)",Unfall 157417 (2017) Kat:3, Licht: 2,157417,3,5,1,11,18,2,0,2,0,1,0,0,,1
"POINT (8.457229924000046 49.494970583000054)",Unfall 157444 (2017) Kat:3, Licht: 2,157444,3,7,3,11,18,1,1,2,0,1,0,1,,0
"POINT (8.474866016000021 49.496514487000070)",Unfall 157467 (2017) Kat:3, Licht: 2,157467,3,6,3,11,23,7,1,2,0,1,0,0,,0
"POINT (8.471151316000032 49.500129918000027)",Unfall 157468 (2017) Kat:3, Licht: 0,157468,3,2,3,11,10,7,1,0,1,1,0,0,,0
"POINT (8.492983854000045 49.496413099000051)",Unfall 157506 (2017) Kat:3, Licht: 0,157506,3,5,1,11,15,6,1,0,0,1,0,0,,1
"POINT (8.489285566000035 49.453782480000029)",Unfall 157507 (2017) Kat:3, Licht: 0,157507,3,7,6,11,13,6,0,0,0,1,1,0,,0
"POINT (8.508109205000039 49.512520231000053)",Unfall 157508 (2017) Kat:2, Licht: 0,157508,2,1,0,11,11,6,1,0,0,0,0,1,,0
"POINT (8.492605663000063 49.507004990000041)",Unfall 157510 (2017) Kat:3, Licht: 0,157510,3,4,6,11,07,6,0,0,0,1,1,0,,0
"POINT (8.511011305000068 49.507325875000049)",Unfall 157511 (2017) Kat:2, Licht: 2,157511,2,4,6,11,17,6,1,2,0,1,1,0,,0
"POINT (8.476454823000040 49.463653823000072)",Unfall 157545 (2017) Kat:3, Licht: 0,157545,3,6,2,11,07,5,1,0,0,1,0,0,,0
"POINT (8.507929445000059 49.519971960000078)",Unfall 157546 (2017) Kat:3, Licht: 0,157546,3,6,2,11,13,5,0,0,0,1,0,0,,0
"POINT (8.468355667000026 49.546604466000076)",Unfall 157547 (2017) Kat:3, Licht: 1,157547,3,2,5,11,16,5,1,1,0,1,0,0,,1
"POINT (8.476138041000070 49.481155980000040)",Unfall 157548 (2017) Kat:3, Licht: 0,157548,3,7,6,11,13,5,1,0,0,0,1,1,,0
"POINT (8.503531336000037 49.457478078000065)",Unfall 157549 (2017) Kat:3, Licht: 0,157549,3,7,6,11,15,5,0,0,1,0,1,0,,0
"POINT (8.482957898000052 49.486561938000079)",Unfall 157550 (2017) Kat:3, Licht: 0,157550,3,1,0,11,09,5,1,0,0,0,0,1,,0
"POINT (8.479895999000064 49.493182733000026)",Unfall 157587 (2017) Kat:3, Licht: 1,157587,3,6,3,11,07,4,1,1,0,1,0,1,,0
"POINT (8.479215451000073 49.561782594000078)",Unfall 157588 (2017) Kat:3, Licht: 2,157588,3,3,5,11,21,4,1,2,0,1,0,0,,0
"POINT (8.478578758000026 49.540486773000055)",Unfall 157600 (2017) Kat:2, Licht: 2,157600,2,7,0,11,19,5,0,2,0,1,0,0,,0
"POINT (8.477994233000061 49.497621048000042)",Unfall 157650 (2017) Kat:3, Licht: 0,157650,3,2,5,11,16,4,0,0,1,1,0,0,,0
"POINT (8.463461601000063 49.501721242000031)",Unfall 157694 (2017) Kat:3, Licht: 2,157694,3,7,6,11,22,3,1,2,0,1,1,0,,0
"POINT (8.504565278000030 49.445860208000056)",Unfall 157736 (2017) Kat:3, Licht: 2,157736,3,6,3,11,17,2,1,2,0,1,0,1,,0
"POINT (8.474485573000038 49.517277896000053)",Unfall 157738 (2017) Kat:3, Licht: 0,157738,3,6,1,11,14,2,1,0,0,1,0,0,,1
"POINT (8.487378278000051 49.484769689000075)",Unfall 157762 (2017) Kat:3, Licht: 2,157762,3,7,5,11,01,1,1,2,0,1,0,0,,0
"POINT (8.481789846000027 49.526354961000038)",Unfall 157776 (2017) Kat:3, Licht: 2,157776,3,7,0,11,05,7,0,2,0,1,0,0,,0
"POINT (8.496543044000021 49.525487801000054)",Unfall 157807 (2017) Kat:3, Licht: 0,157807,3,7,8,11,13,6,1,0,1,0,0,0,,0
"POINT (8.478934348000053 49.477261737000049)",Unfall 157808 (2017) Kat:3, Licht: 1,157808,3,6,2,11,16,6,0,1,0,1,0,0,,0
"POINT (8.473501421000037 49.492040877000079)",Unfall 157810 (2017) Kat:3, Licht: 0,157810,3,2,5,11,07,6,0,0,0,0,0,0,,1
"POINT (8.523497120000059 49.436004047000040)",Unfall 157840 (2017) Kat:3, Licht: 1,157840,3,7,6,11,07,5,0,1,1,0,1,0,,0
"POINT (8.465436094000040 49.488057199000082)",Unfall 157868 (2017) Kat:3, Licht: 0,157868,3,3,5,11,08,5,0,0,0,1,0,0,,0
"POINT (8.506785183000034 49.509492132000048)",Unfall 157869 (2017) Kat:2, Licht: 2,157869,2,3,5,11,16,5,0,2,0,1,0,0,,0
"POINT (8.539468295000063 49.484468029000027)",Unfall 157870 (2017) Kat:2, Licht: 2,157870,2,2,6,11,18,5,1,2,0,1,1,0,,0
"POINT (8.476334751000024 49.484700339000028)",Unfall 157913 (2017) Kat:3, Licht: 0,157913,3,6,1,11,11,4,1,0,0,1,0,0,,0
"POINT (8.471471993000023 49.499921169000061)",Unfall 157914 (2017) Kat:3, Licht: 1,157914,3,7,1,11,16,4,0,1,0,0,1,0,,1
"POINT (8.470850908000045 49.492790465000041)",Unfall 157915 (2017) Kat:2, Licht: 0,157915,2,3,5,11,07,4,1,0,0,1,0,0,,1
"POINT (8.563158605000069 49.467224586000043)",Unfall 157970 (2017) Kat:2, Licht: 0,157970,2,4,6,11,12,3,0,0,0,1,1,0,,0
"POINT (8.479661771000053 49.479446621000079)",Unfall 158009 (2017) Kat:3, Licht: 0,158009,3,3,5,11,12,2,0,0,0,1,0,0,,0
"POINT (8.468279495000047 49.480965186000049)",Unfall 158010 (2017) Kat:3, Licht: 0,158010,3,4,6,11,07,2,0,0,1,0,1,0,,0
"POINT (8.480644267000059 49.475855826000043)",Unfall 158011 (2017) Kat:3, Licht: 0,158011,3,3,5,11,15,2,0,0,0,1,0,0,,1
"POINT (8.484194090000074 49.497150559000033)",Unfall 158035 (2017) Kat:3, Licht: 2,158035,3,3,5,11,19,1,0,2,1,1,0,0,,0
"POINT (8.523000653000054 49.477361419000033)",Unfall 158036 (2017) Kat:2, Licht: 0,158036,2,4,6,11,11,1,0,0,0,0,1,0,,1
"POINT (8.473567374000027 49.491922606000060)",Unfall 158052 (2017) Kat:3, Licht: 2,158052,3,3,5,11,03,7,1,2,1,1,0,0,,0
"POINT (8.462521697000057 49.489149311000062)",Unfall 158083 (2017) Kat:3, Licht: 0,158083,3,4,6,11,08,6,0,0,0,0,1,0,,1
"POINT (8.470715130000031 49.486853973000052)",Unfall 158084 (2017) Kat:3, Licht: 2,158084,3,5,1,11,20,6,0,2,1,1,0,0,,0
"POINT (8.466255232000037 49.492703667000058)",Unfall 158085 (2017) Kat:3, Licht: 0,158085,3,3,5,11,15,6,0,0,1,1,0,0,,0
"POINT (8.478473904000055 49.460269690000075)",Unfall 158086 (2017) Kat:2, Licht: 0,158086,2,3,5,11,07,6,0,0,1,1,0,0,,0
"POINT (8.556432681000047 49.499509948000082)",Unfall 158124 (2017) Kat:3, Licht: 0,158124,3,6,2,12,15,6,0,0,0,1,0,0,,0
"POINT (8.525911182000073 49.504561254000066)",Unfall 158125 (2017) Kat:3, Licht: 0,158125,3,5,6,12,09,6,0,0,0,1,1,0,,0
"POINT (8.491803067000035 49.532081135000055)",Unfall 158126 (2017) Kat:3, Licht: 0,158126,3,2,5,12,15,6,0,0,0,1,0,0,,1
"POINT (8.483335518000047 49.532237249000048)",Unfall 158142 (2017) Kat:3, Licht: 0,158142,3,2,6,12,12,6,1,0,0,1,1,0,,0
"POINT (8.480952787000035 49.482136374000049)",Unfall 158143 (2017) Kat:3, Licht: 2,158143,3,6,2,12,18,6,1,2,0,1,0,0,,0
"POINT (8.478386581000052 49.460247183000035)",Unfall 158144 (2017) Kat:3, Licht: 1,158144,3,2,5,12,07,6,0,1,1,1,0,0,,0
"POINT (8.476775475000068 49.480380767000042)",Unfall 158166 (2017) Kat:3, Licht: 2,158166,3,7,0,12,18,5,0,2,0,0,1,0,,1
"POINT (8.471885853000060 49.470620445000066)",Unfall 158205 (2017) Kat:2, Licht: 2,158205,2,3,5,12,05,4,0,2,0,1,0,1,,0
"POINT (8.490051158000028 49.528196509000054)",Unfall 158241 (2017) Kat:3, Licht: 0,158241,3,2,3,12,13,3,0,0,1,1,0,0,,0
"POINT (8.476016980000054 49.481179202000078)",Unfall 158242 (2017) Kat:3, Licht: 2,158242,3,2,5,12,17,3,1,2,1,1,0,0,,0
"POINT (8.469921855000052 49.504728494000062)",Unfall 158243 (2017) Kat:3, Licht: 0,158243,3,2,5,12,07,3,1,0,0,1,0,0,,0
"POINT (8.470081662000041 49.473814981000032)",Unfall 158280 (2017) Kat:3, Licht: 0,158280,3,3,5,12,09,2,1,0,0,1,0,0,,0
"POINT (8.506769091000024 49.509497583000041)",Unfall 158281 (2017) Kat:3, Licht: 2,158281,3,3,5,12,16,2,1,2,1,0,0,0,,1
"POINT (8.531703182000058 49.490397241000039)",Unfall 158300 (2017) Kat:3, Licht: 0,158300,3,3,5,12,12,1,1,0,1,1,0,0,,0
"POINT (8.486540557000069 49.526554812000029)",Unfall 158315 (2017) Kat:3, Licht: 2,158315,3,3,5,12,19,7,0,2,0,1,0,0,,0
"POINT (8.466899373000047 49.510742554000046)",Unfall 158316 (2017) Kat:3, Licht: 2,158316,3,3,5,12,02,7,1,2,0,1,0,0,,0
"POINT (8.454922343000021 49.540139573000033)",Unfall 158346 (2017) Kat:3, Licht: 2,158346,3,2,3,12,17,6,0,2,1,1,0,0,,0
"POINT (8.485760445000040 49.466415338000047)",Unfall 158347 (2017) Kat:3, Licht: 0,158347,3,6,2,12,10,6,1,0,0,1,0,0,,1
"POINT (8.490108061000058 49.463321707000034)",Unfall 158348 (2017) Kat:3, Licht: 0,158348,3,3,5,12,07,6,1,0,0,1,0,1,,0
"POINT (8.485370153000076 49.489135884000063)",Unfall 158349 (2017) Kat:2, Licht: 2,158349,2,4,6,12,19,6,1,2,0,1,1,0,,0
"POINT (8.505189240000050 49.456057979000036)",Unfall 158350 (2017) Kat:3, Licht: 0,158350,3,6,2,12,15,6,1,0,0,1,0,0,,1
"POINT (8.483838108000043 49.470342405000054)",Unfall 158523 (2017) Kat:3, Licht: 2,158523,3,6,3,12,18,5,1,2,0,1,0,0,,0
"POINT (8.559720398000025 49.464568201000077)",Unfall 158524 (2017) Kat:3, Licht: 0,158524,3,3,5,12,13,5,0,0,1,1,0,0,,0
"POINT (8.461247606000029 49.487276827000073)",Unfall 158525 (2017) Kat:3, Licht: 0,158525,3,3,5,12,15,5,1,0,0,1,0,0,,0
"POINT (8.471466079000038 49.486566209000046)",Unfall 158526 (2017) Kat:2, Licht: 2,158526,2,4,6,12,17,5,0,2,0,1,1,0,,0
"POINT (8.450957165000034 49.538242912000044)",Unfall 158551 (2017) Kat:2, Licht: 2,158551,2,4,6,12,07,4,0,2,0,1,1,0,,0
"POINT (8.471176249000052 49.473992496000051)",Unfall 158552 (2017) Kat:3, Licht: 2,158552,3,3,5,12,18,4,1,2,0,1,0,0,,0
"POINT (8.477352775000043 49.497601470000063)",Unfall 158601 (2017) Kat:3, Licht: 0,158601,3,5,1,12,09,2,1,0,1,1,0,0,,0
"POINT (8.470749700000056 49.489911521000067)",Unfall 158602 (2017) Kat:3, Licht: 2,158602,3,7,6,12,17,2,0,2,1,0,1,0,,0
"POINT (8.478095557000074 49.479518624000036)",Unfall 158641 (2017) Kat:3, Licht: 0,158641,3,7,0,12,12,7,1,0,0,1,0,0,,0
"POINT (8.483090562000029 49.475072525000030)",Unfall 158738 (2017) Kat:3, Licht: 2,158738,3,3,5,12,17,6,1,2,0,1,0,0,,0
"POINT (8.562209232000043 49.451402745000053)",Unfall 158739 (2017) Kat:3, Licht: 0,158739,3,6,2,12,11,6,0,0,0,1,0,0,,0
"POINT (8.474498265000023 49.483530065000082)",Unfall 158749 (2017) Kat:3, Licht: 0,158749,3,2,3,12,14,5,1,0,0,1,0,0,,0
"POINT (8.526307395000060 49.489388530000042)",Unfall 158750 (2017) Kat:2, Licht: 0,158750,2,7,0,12,10,5,0,0,1,0,0,0,,0
"POINT (8.505046547000063 49.456191022000041)",Unfall 158773 (2017) Kat:3, Licht: 2,158773,3,6,1,12,18,4,1,2,0,1,0,0,,0
"POINT (8.476325258000031 49.484704055000066)",Unfall 158814 (2017) Kat:3, Licht: 0,158814,3,6,2,12,08,7,1,0,0,1,0,0,,0
"POINT (8.454257282000071 49.495333722000055)",Unfall 158912 (2017) Kat:3, Licht: 0,158912,3,5,5,12,15,4,1,0,1,1,0,0,,0
"POINT (8.509512061000066 49.445915868000043)",Unfall 39578 (2018) Kat:3, Licht: 0,39578,3,2,5,01,15,2,0,0,0,1,0,0,0,0
"POINT (8.476384437000036 49.474476507000077)",Unfall 39731 (2018) Kat:3, Licht: 0,39731,3,6,2,01,14,2,0,0,0,1,0,0,0,0
"POINT (8.513610611000047 49.444178222000062)",Unfall 39732 (2018) Kat:3, Licht: 2,39732,3,6,2,01,06,2,0,2,0,1,0,0,0,0
"POINT (8.477283640000053 49.474205138000059)",Unfall 39734 (2018) Kat:3, Licht: 0,39734,3,6,3,01,14,2,0,0,0,1,0,0,1,0
"POINT (8.467131233000032 49.508466252000062)",Unfall 39785 (2018) Kat:2, Licht: 0,39785,2,2,2,01,12,1,0,0,0,1,0,0,0,1
"POINT (8.519971554000051 49.440957301000026)",Unfall 39829 (2018) Kat:3, Licht: 2,39829,3,1,9,01,17,7,1,2,0,1,0,0,0,0
"POINT (8.538933907000057 49.452973991000079)",Unfall 39845 (2018) Kat:3, Licht: 0,39845,3,2,5,01,13,3,0,0,0,1,0,0,0,0
"POINT (8.500252400000022 49.474287307000054)",Unfall 39910 (2018) Kat:3, Licht: 0,39910,3,2,5,01,15,6,1,0,0,1,0,0,0,1
"POINT (8.483774527000037 49.469353622000028)",Unfall 40034 (2018) Kat:3, Licht: 2,40034,3,6,3,01,17,7,0,2,0,1,0,0,0,0
"POINT (8.464589877000037 49.506650171000047)",Unfall 40360 (2018) Kat:3, Licht: 0,40360,3,3,5,01,16,7,1,0,0,1,0,0,0,0
"POINT (8.463271551000048 49.484372572000041)",Unfall 40365 (2018) Kat:3, Licht: 0,40365,3,6,2,01,18,4,1,0,0,1,0,0,0,0
"POINT (8.523016261000066 49.473415508000073)",Unfall 40447 (2018) Kat:3, Licht: 0,40447,3,6,1,01,13,2,1,0,0,1,0,0,1,0
"POINT (8.538361679000047 49.422276520000025)",Unfall 40462 (2018) Kat:2, Licht: 2,40462,2,1,8,01,07,1,1,2,0,0,0,0,0,1
"POINT (8.444246419000024 49.553168049000078)",Unfall 40660 (2018) Kat:3, Licht: 0,40660,3,3,5,01,10,5,0,0,0,1,0,0,0,0
"POINT (8.469023838000055 49.478249736000066)",Unfall 40677 (2018) Kat:3, Licht: 0,40677,3,6,2,01,15,5,0,0,0,1,0,0,0,0
"POINT (8.560565254000039 49.511967727000069)",Unfall 40687 (2018) Kat:2, Licht: 2,40687,2,7,0,01,20,3,0,2,0,1,0,0,0,0
"POINT (8.565973326000062 49.431627452000043)",Unfall 40699 (2018) Kat:1, Licht: 2,40699,1,1,4,01,05,3,1,2,0,1,0,0,0,0
"POINT (8.489648983000052 49.476521962000049)",Unfall 40713 (2018) Kat:3, Licht: 2,40713,3,4,6,02,00,5,1,2,0,1,1,0,0,0
"POINT (8.539343200000076 49.462777926000058)",Unfall 40812 (2018) Kat:3, Licht: 0,40812,3,1,2,01,07,4,0,0,0,1,0,0,0,0
"POINT (8.541856070000051 49.471700648000080)",Unfall 41014 (2018) Kat:3, Licht: 1,41014,3,6,3,02,16,5,0,1,0,1,0,0,1,0
"POINT (8.569213085000058 49.442476223000028)",Unfall 41107 (2018) Kat:3, Licht: 0,41107,3,6,1,02,14,7,0,0,0,1,0,0,0,0
"POINT (8.475215125000034 49.515588117000050)",Unfall 41238 (2018) Kat:3, Licht: 0,41238,3,6,2,02,16,5,0,0,0,1,0,0,0,0
"POINT (8.569303739000077 49.439766439000039)",Unfall 41457 (2018) Kat:3, Licht: 2,41457,3,3,5,02,20,2,1,2,0,1,0,0,0,0
"POINT (8.532779722000043 49.463266323000028)",Unfall 41462 (2018) Kat:3, Licht: 0,41462,3,6,3,02,13,3,0,0,0,1,0,0,0,0
"POINT (8.550060980000069 49.519692089000046)",Unfall 41484 (2018) Kat:2, Licht: 0,41484,2,6,3,02,08,7,1,0,0,1,0,0,0,1
"POINT (8.491008884000053 49.477126495000050)",Unfall 41501 (2018) Kat:3, Licht: 0,41501,3,6,2,02,08,5,0,0,0,1,0,0,0,0
"POINT (8.486061754000048 49.495593867000082)",Unfall 41578 (2018) Kat:3, Licht: 0,41578,3,6,2,02,13,5,1,0,0,1,0,0,1,0
"POINT (8.540906974000052 49.456846872000028)",Unfall 41610 (2018) Kat:3, Licht: 0,41610,3,3,3,02,08,6,0,0,0,1,0,0,0,0
"POINT (8.490412214000060 49.499164522000058)",Unfall 41640 (2018) Kat:3, Licht: 2,41640,3,6,2,02,18,5,0,2,0,1,0,0,0,0
"POINT (8.517163260000075 49.467694646000041)",Unfall 41757 (2018) Kat:3, Licht: 0,41757,3,6,2,02,11,4,0,0,0,1,0,0,0,0
"POINT (8.539306804000034 49.461260154000058)",Unfall 41768 (2018) Kat:2, Licht: 0,41768,2,6,3,02,11,4,0,0,0,1,0,0,1,0
"POINT (8.474047208000059 49.483680848000063)",Unfall 41838 (2018) Kat:3, Licht: 0,41838,3,2,3,02,14,3,0,0,0,1,0,0,0,1
"POINT (8.572916227000064 49.438927372000080)",Unfall 42061 (2018) Kat:2, Licht: 0,42061,2,2,2,03,13,4,0,0,0,1,0,0,0,0
"POINT (8.497520807000058 49.502905237000050)",Unfall 42068 (2018) Kat:3, Licht: 0,42068,3,6,2,02,16,3,0,0,0,1,0,0,0,0
"POINT (8.472936266000033 49.495579699000075)",Unfall 42072 (2018) Kat:2, Licht: 0,42072,2,3,5,02,09,3,0,0,1,1,0,0,0,0
"POINT (8.532996270000069 49.436589242000082)",Unfall 42139 (2018) Kat:3, Licht: 0,42139,3,1,8,03,17,4,1,0,0,1,0,0,0,0
"POINT (8.455740156000047 49.487017274000038)",Unfall 42201 (2018) Kat:3, Licht: 0,42201,3,2,5,02,10,2,0,0,1,0,0,0,1,0
"POINT (8.519769202000020 49.507705612000052)",Unfall 42266 (2018) Kat:3, Licht: 1,42266,3,1,8,03,18,4,1,1,0,1,0,0,0,0
"POINT (8.497315348000029 49.502795461000062)",Unfall 42269 (2018) Kat:3, Licht: 0,42269,3,2,0,03,13,6,0,0,0,1,0,0,0,1
"POINT (8.529853004000074 49.430179507000048)",Unfall 42321 (2018) Kat:3, Licht: 0,42321,3,6,2,03,14,7,0,0,0,1,0,0,0,0
"POINT (8.522672759000045 49.473576288000061)",Unfall 42361 (2018) Kat:2, Licht: 0,42361,2,6,2,02,10,4,0,0,0,1,0,0,1,0
"POINT (8.517456820000064 49.488526822000040)",Unfall 42410 (2018) Kat:3, Licht: 0,42410,3,6,2,03,09,2,0,0,0,1,0,0,0,0
"POINT (8.472873925000044 49.476411077000080)",Unfall 42449 (2018) Kat:3, Licht: 0,42449,3,6,3,03,15,4,0,0,0,1,0,0,1,0
"POINT (8.482565642000054 49.473901360000070)",Unfall 42576 (2018) Kat:3, Licht: 2,42576,3,2,5,03,22,7,1,2,0,1,0,0,0,0
"POINT (8.539756093000051 49.465360269000030)",Unfall 42750 (2018) Kat:3, Licht: 0,42750,3,6,3,03,08,5,0,0,0,1,0,0,1,1
"POINT (8.541906819000076 49.429269984000030)",Unfall 42753 (2018) Kat:3, Licht: 0,42753,3,6,2,03,17,3,1,0,0,1,0,0,0,1
"POINT (8.491166948000057 49.499680982000029)",Unfall 42761 (2018) Kat:3, Licht: 0,42761,3,6,2,03,15,5,1,0,0,1,0,0,0,1
"POINT (8.522696293000024 49.473625056000060)",Unfall 42796 (2018) Kat:3, Licht: 2,42796,3,6,1,03,19,3,0,2,0,1,0,0,0,0
"POINT (8.546463478000021 49.420856599000047)",Unfall 43006 (2018) Kat:3, Licht: 2,43006,3,1,2,03,21,5,0,2,0,1,0,0,1,0
"POINT (8.486315992000073 49.465778797000041)",Unfall 43117 (2018) Kat:3, Licht: 0,43117,3,6,2,03,12,2,0,0,0,1,0,0,0,0
"POINT (8.485672027000021 49.466509693000035)",Unfall 43220 (2018) Kat:3, Licht: 2,43220,3,7,0,03,20,5,1,2,1,1,0,0,0,0
"POINT (8.476542349000056 49.516762607000032)",Unfall 43223 (2018) Kat:2, Licht: 0,43223,2,3,5,03,13,5,1,0,0,1,0,0,0,0
"POINT (8.519625550000058 49.467431683000029)",Unfall 43243 (2018) Kat:3, Licht: 0,43243,3,3,5,03,12,2,0,0,0,1,0,0,0,0
"POINT (8.565940179000052 49.451322041000026)",Unfall 43342 (2018) Kat:3, Licht: 0,43342,3,6,2,03,07,4,0,0,0,1,0,0,0,1
"POINT (8.515677650000043 49.464144552000050)",Unfall 43597 (2018) Kat:3, Licht: 2,43597,3,6,2,04,23,5,0,2,0,1,0,0,0,0
"POINT (8.489902873000062 49.498899520000066)",Unfall 43610 (2018) Kat:3, Licht: 0,43610,3,1,1,04,12,3,0,0,0,1,0,0,0,0
"POINT (8.508726006000074 49.446475003000046)",Unfall 43634 (2018) Kat:2, Licht: 0,43634,2,6,1,04,16,4,1,0,0,1,0,0,0,0
"POINT (8.534429722000027 49.463022750000050)",Unfall 44020 (2018) Kat:3, Licht: 0,44020,3,6,3,04,19,1,0,0,0,1,0,0,0,1
"POINT (8.492227335000052 49.458702148000043)",Unfall 44101 (2018) Kat:3, Licht: 0,44101,3,3,5,04,18,1,0,0,1,1,0,0,0,0
"POINT (8.472325806000072 49.480667221000033)",Unfall 44142 (2018) Kat:3, Licht: 2,44142,3,3,5,04,21,4,0,2,1,1,0,0,0,0
"POINT (8.490479823000044 49.492363513000043)",Unfall 44250 (2018) Kat:3, Licht: 0,44250,3,1,0,04,16,2,0,0,0,0,0,1,0,0
"POINT (8.560509341000056 49.508918222000034)",Unfall 44354 (2018) Kat:3, Licht: 1,44354,3,1,0,04,20,3,0,1,0,1,0,0,0,0
"POINT (8.484258344000068 49.493513273000076)",Unfall 44500 (2018) Kat:2, Licht: 0,44500,2,6,6,04,16,2,0,0,1,0,1,0,0,0
"POINT (8.507461445000047 49.477709940000068)",Unfall 44568 (2018) Kat:2, Licht: 0,44568,2,6,3,04,11,5,0,0,1,1,0,0,0,0
"POINT (8.465066758000035 49.506990968000082)",Unfall 44569 (2018) Kat:3, Licht: 0,44569,3,6,1,04,14,5,0,0,0,1,0,0,0,0
"POINT (8.468073748000052 49.482387389000053)",Unfall 44673 (2018) Kat:2, Licht: 0,44673,2,3,5,04,12,6,0,0,1,1,0,0,0,0
"POINT (8.522845694000068 49.473292243000060)",Unfall 44683 (2018) Kat:3, Licht: 0,44683,3,6,2,04,17,3,0,0,0,1,0,0,0,0
"POINT (8.475374060000036 49.485150571000077)",Unfall 44727 (2018) Kat:3, Licht: 0,44727,3,6,2,04,11,2,1,0,0,1,0,0,0,0
"POINT (8.471185290000051 49.511371172000054)",Unfall 44731 (2018) Kat:3, Licht: 0,44731,3,2,5,04,10,7,0,0,1,1,0,0,0,0
"POINT (8.541211283000052 49.456119071000046)",Unfall 44760 (2018) Kat:3, Licht: 0,44760,3,3,3,04,16,3,0,0,0,1,0,0,1,0
"POINT (8.442661163000025 49.552717392000034)",Unfall 44820 (2018) Kat:2, Licht: 0,44820,2,1,0,04,18,5,0,0,0,0,0,0,1,0
"POINT (8.447942655000077 49.552461090000065)",Unfall 44942 (2018) Kat:3, Licht: 0,44942,3,6,1,04,13,6,0,0,0,1,0,0,0,0
"POINT (8.500070442000038 49.474359055000036)",Unfall 45024 (2018) Kat:3, Licht: 0,45024,3,3,5,04,14,2,0,0,0,1,0,0,0,0
"POINT (8.490087134000021 49.461406365000073)",Unfall 45152 (2018) Kat:3, Licht: 0,45152,3,3,5,04,16,2,0,0,1,1,0,0,0,0
"POINT (8.482256304000032 49.474106102000064)",Unfall 45201 (2018) Kat:3, Licht: 0,45201,3,7,0,04,13,5,0,0,0,0,0,1,0,0
"POINT (8.459540142000037 49.497792250000032)",Unfall 45204 (2018) Kat:3, Licht: 0,45204,3,6,3,04,15,5,0,0,0,1,0,0,1,0
"POINT (8.570849265000049 49.450454540000067)",Unfall 45208 (2018) Kat:2, Licht: 0,45208,2,6,2,04,12,5,0,0,0,1,0,0,0,1
"POINT (8.473967809000044 49.483597330000066)",Unfall 45211 (2018) Kat:3, Licht: 0,45211,3,2,5,04,15,5,0,0,1,0,0,0,0,1
"POINT (8.545016420000025 49.480632001000060)",Unfall 45432 (2018) Kat:3, Licht: 0,45432,3,6,2,04,17,4,0,0,0,1,0,0,0,1
"POINT (8.540750797000044 49.442772614000035)",Unfall 45512 (2018) Kat:3, Licht: 0,45512,3,6,2,04,09,6,0,0,0,1,0,0,0,0
"POINT (8.541382458000044 49.445381311000062)",Unfall 45513 (2018) Kat:2, Licht: 0,45513,2,6,2,04,08,2,0,0,0,1,0,0,1,0
"POINT (8.455881939000051 49.486810395000077)",Unfall 45540 (2018) Kat:3, Licht: 0,45540,3,6,1,05,12,4,0,0,0,1,0,0,0,0
"POINT (8.562871747000031 49.467141921000064)",Unfall 45573 (2018) Kat:3, Licht: 0,45573,3,7,0,04,15,1,0,0,1,0,0,0,0,0
"POINT (8.460863071000063 49.493347949000054)",Unfall 45587 (2018) Kat:2, Licht: 0,45587,2,3,5,04,11,7,0,0,0,1,0,0,0,0
"POINT (8.551034234000042 49.491724708000049)",Unfall 45610 (2018) Kat:3, Licht: 0,45610,3,6,2,05,16,3,0,0,0,1,0,0,0,0
"POINT (8.488084302000061 49.497697565000067)",Unfall 45751 (2018) Kat:3, Licht: 0,45751,3,2,5,05,07,4,0,0,1,1,0,0,0,0
"POINT (8.511362841000050 49.489051006000068)",Unfall 45867 (2018) Kat:3, Licht: 0,45867,3,6,3,05,15,1,0,0,0,1,0,0,0,0
"POINT (8.508631553000043 49.471099528000082)",Unfall 45968 (2018) Kat:3, Licht: 0,45968,3,6,2,05,17,3,0,0,0,1,0,1,0,0
"POINT (8.464292394000040 49.506437359000074)",Unfall 46055 (2018) Kat:2, Licht: 0,46055,2,6,1,05,17,5,0,0,0,1,0,0,0,0
"POINT (8.513176163000026 49.488834184000041)",Unfall 46200 (2018) Kat:3, Licht: 0,46200,3,6,2,05,13,1,0,0,0,1,0,0,0,0
"POINT (8.536648199000069 49.431704953000065)",Unfall 46275 (2018) Kat:3, Licht: 0,46275,3,1,3,05,19,3,1,0,0,1,0,0,0,0
"POINT (8.445567936000032 49.557818734000080)",Unfall 46358 (2018) Kat:2, Licht: 0,46358,2,2,5,05,16,7,0,0,0,1,0,1,0,0
"POINT (8.560281016000033 49.511368346000040)",Unfall 46551 (2018) Kat:3, Licht: 0,46551,3,6,8,05,12,7,0,0,0,1,0,0,0,0
"POINT (8.560255301000041 49.509345529000029)",Unfall 46564 (2018) Kat:2, Licht: 0,46564,2,1,9,05,10,1,1,0,0,0,0,1,0,0
"POINT (8.456027244000040 49.488510138000038)",Unfall 46565 (2018) Kat:3, Licht: 0,46565,3,6,3,05,12,5,0,0,0,1,0,0,1,0
"POINT (8.473862753000049 49.483849973000076)",Unfall 46657 (2018) Kat:2, Licht: 0,46657,2,3,5,05,11,4,0,0,0,1,1,0,0,0
"POINT (8.444830621000051 49.559752720000063)",Unfall 46780 (2018) Kat:3, Licht: 0,46780,3,3,5,05,11,6,0,0,0,1,0,0,0,0
"POINT (8.560052457000040 49.518396112000062)",Unfall 46838 (2018) Kat:3, Licht: 0,46838,3,1,8,05,19,4,1,0,0,1,0,0,0,0
"POINT (8.471668114000067 49.481278564000036)",Unfall 46847 (2018) Kat:3, Licht: 2,46847,3,7,0,05,22,4,1,2,0,0,0,1,0,0
"POINT (8.514405896000028 49.555270840000048)",Unfall 47090 (2018) Kat:3, Licht: 0,47090,3,6,2,05,15,3,0,0,0,1,0,0,0,1
"POINT (8.476020560000052 49.486390919000030)",Unfall 47097 (2018) Kat:3, Licht: 0,47097,3,6,2,05,08,4,0,0,0,1,0,0,0,0
"POINT (8.480834730000026 49.472227586000031)",Unfall 47105 (2018) Kat:3, Licht: 2,47105,3,6,2,05,16,3,0,2,0,1,0,0,0,0
"POINT (8.463444531000050 49.505829514000027)",Unfall 47165 (2018) Kat:3, Licht: 0,47165,3,6,1,06,12,6,0,0,0,1,0,0,0,0
"POINT (8.494004729000039 49.554733324000040)",Unfall 47520 (2018) Kat:2, Licht: 0,47520,2,6,2,06,11,4,0,0,0,1,0,0,0,1
"POINT (8.491295518000072 49.460031486000048)",Unfall 47551 (2018) Kat:3, Licht: 0,47551,3,4,6,06,15,2,0,0,0,1,1,0,0,0
"POINT (8.474548659000050 49.515339202000064)",Unfall 47568 (2018) Kat:3, Licht: 0,47568,3,6,3,06,14,3,0,0,0,0,0,1,1,0
"POINT (8.565972082000030 49.431770964000066)",Unfall 47744 (2018) Kat:3, Licht: 0,47744,3,1,8,06,10,1,0,0,0,1,0,0,0,0
"POINT (8.476589219000061 49.474544282000068)",Unfall 47747 (2018) Kat:3, Licht: 0,47747,3,6,3,06,06,3,0,0,0,1,0,0,1,0
"POINT (8.542854169000066 49.427628596000034)",Unfall 47884 (2018) Kat:3, Licht: 1,47884,3,7,0,06,04,2,0,1,0,0,0,0,0,1
"POINT (8.447868204000031 49.581505269000047)",Unfall 47975 (2018) Kat:3, Licht: 0,47975,3,6,2,06,07,3,0,0,0,1,0,0,0,1
"POINT (8.491624312000056 49.489908611000033)",Unfall 48143 (2018) Kat:3, Licht: 0,48143,3,6,1,06,19,1,1,0,0,1,0,0,0,0
"POINT (8.465138667000076 49.507042356000056)",Unfall 48307 (2018) Kat:3, Licht: 0,48307,3,5,5,06,17,5,0,0,0,1,0,0,0,0
"POINT (8.538623324000071 49.422443769000040)",Unfall 48315 (2018) Kat:3, Licht: 0,48315,3,6,2,06,06,2,0,0,0,1,0,0,0,0
"POINT (8.519649203000029 49.467428414000040)",Unfall 48359 (2018) Kat:3, Licht: 0,48359,3,6,1,06,08,2,0,0,0,1,0,1,0,0
"POINT (8.512224350000054 49.444830115000059)",Unfall 48394 (2018) Kat:3, Licht: 0,48394,3,6,1,06,12,2,0,0,0,1,0,0,1,0
"POINT (8.471813975000032 49.481849456000077)",Unfall 48435 (2018) Kat:3, Licht: 0,48435,3,6,2,06,19,5,0,0,0,1,0,1,0,0
"POINT (8.549062950000064 49.519363363000082)",Unfall 48619 (2018) Kat:1, Licht: 0,48619,1,6,3,06,20,3,0,0,0,1,0,1,0,0
"POINT (8.501742339000032 49.489548710000065)",Unfall 48678 (2018) Kat:3, Licht: 0,48678,3,4,6,06,08,6,0,0,0,1,1,0,0,0
"POINT (8.474001383000029 49.475675790000025)",Unfall 48748 (2018) Kat:3, Licht: 0,48748,3,6,2,06,12,5,0,0,0,1,0,0,0,0
"POINT (8.493520402000058 49.500919198000076)",Unfall 48966 (2018) Kat:3, Licht: 0,48966,3,6,2,06,17,2,0,0,0,1,0,0,0,0
"POINT (8.475194147000025 49.485252251000077)",Unfall 48969 (2018) Kat:3, Licht: 0,48969,3,6,1,06,19,2,0,0,0,1,0,0,0,0
"POINT (8.459705387000042 49.492663665000066)",Unfall 48975 (2018) Kat:3, Licht: 0,48975,3,3,5,06,10,2,0,0,0,1,0,1,0,0
"POINT (8.551155758000050 49.491571298000054)",Unfall 49178 (2018) Kat:3, Licht: 0,49178,3,3,5,06,20,1,0,0,0,1,0,0,0,0
"POINT (8.482925650000027 49.554438542000071)",Unfall 49207 (2018) Kat:3, Licht: 0,49207,3,7,2,06,12,6,0,0,0,1,0,0,1,1
"POINT (8.560824846000060 49.505997740000055)",Unfall 49326 (2018) Kat:3, Licht: 0,49326,3,6,3,06,12,7,0,0,0,1,0,0,1,0
"POINT (8.467867947000059 49.508992682000041)",Unfall 49357 (2018) Kat:3, Licht: 0,49357,3,2,3,06,17,3,0,0,1,1,0,0,0,0
"POINT (8.460721386000046 49.493290271000035)",Unfall 49363 (2018) Kat:3, Licht: 0,49363,3,6,2,06,10,6,0,0,0,1,0,0,0,0
"POINT (8.499674862000063 49.474866843000029)",Unfall 49373 (2018) Kat:3, Licht: 2,49373,3,6,2,07,00,1,0,2,0,1,0,0,0,0
"POINT (8.460457817000076 49.495369806000042)",Unfall 49527 (2018) Kat:3, Licht: 0,49527,3,6,2,07,10,2,0,0,0,1,0,0,0,0
"POINT (8.503718108000044 49.473262710000029)",Unfall 49600 (2018) Kat:3, Licht: 0,49600,3,6,2,07,17,3,0,0,0,1,0,0,0,0
"POINT (8.483345611000061 49.493005185000072)",Unfall 49641 (2018) Kat:3, Licht: 0,49641,3,1,9,07,15,2,0,0,0,1,0,0,0,0
"POINT (8.491147915000056 49.499671394000075)",Unfall 49714 (2018) Kat:3, Licht: 2,49714,3,1,0,07,04,3,0,2,1,0,0,0,0,0
"POINT (8.557636397000067 49.492091134000077)",Unfall 49726 (2018) Kat:3, Licht: 0,49726,3,6,2,07,17,2,0,0,0,1,0,0,0,0
"POINT (8.522674911000024 49.473170954000068)",Unfall 49765 (2018) Kat:3, Licht: 0,49765,3,6,2,07,13,4,0,0,0,1,0,0,0,0
"POINT (8.569305542000052 49.439778289000060)",Unfall 49876 (2018) Kat:2, Licht: 0,49876,2,2,5,07,09,2,0,0,0,1,0,0,0,0
"POINT (8.516767147000053 49.488562824000041)",Unfall 49886 (2018) Kat:3, Licht: 0,49886,3,6,2,07,15,6,0,0,0,1,0,0,0,0
"POINT (8.523693522000031 49.438084853000078)",Unfall 49934 (2018) Kat:3, Licht: 0,49934,3,2,2,07,11,2,0,0,0,1,0,0,0,0
"POINT (8.566374654000072 49.451158379000049)",Unfall 49943 (2018) Kat:2, Licht: 0,49943,2,1,2,07,17,4,0,0,0,1,0,0,0,1
"POINT (8.486086999000065 49.495621285000027)",Unfall 49945 (2018) Kat:3, Licht: 0,49945,3,7,1,07,09,3,0,0,0,1,0,0,0,0
"POINT (8.464836482000067 49.506826404000037)",Unfall 49962 (2018) Kat:2, Licht: 0,49962,2,3,5,07,15,5,0,0,0,1,0,1,0,0
"POINT (8.419249142000069 49.549333432000026)",Unfall 50049 (2018) Kat:3, Licht: 0,50049,3,6,2,07,19,4,0,0,0,1,0,0,0,0
"POINT (8.418285938000054 49.548917583000048)",Unfall 50050 (2018) Kat:3, Licht: 0,50050,3,6,2,07,19,4,0,0,0,1,0,0,0,0
"POINT (8.465532363000023 49.480249901000036)",Unfall 50111 (2018) Kat:3, Licht: 0,50111,3,6,1,07,15,6,0,0,0,1,0,0,0,0
"POINT (8.438844573000040 49.553254852000066)",Unfall 50162 (2018) Kat:3, Licht: 1,50162,3,6,2,07,05,3,0,1,0,1,0,1,0,0
"POINT (8.568480239000053 49.450422904000050)",Unfall 50165 (2018) Kat:3, Licht: 0,50165,3,6,2,07,18,3,0,0,0,1,0,0,0,0
"POINT (8.505885655000043 49.506917598000030)",Unfall 50181 (2018) Kat:3, Licht: 0,50181,3,6,2,07,17,3,0,0,0,1,0,0,0,0
"POINT (8.505812215000049 49.506895734000068)",Unfall 50433 (2018) Kat:3, Licht: 0,50433,3,3,5,07,13,3,0,0,0,1,0,0,0,0
"POINT (8.475773513000036 49.516205754000055)",Unfall 50460 (2018) Kat:3, Licht: 1,50460,3,6,2,07,21,7,0,1,0,1,0,0,0,0
"POINT (8.466945685000042 49.508333664000077)",Unfall 50521 (2018) Kat:3, Licht: 0,50521,3,5,5,07,10,2,0,0,1,1,0,0,0,0
"POINT (8.512824454000054 49.449691796000081)",Unfall 50543 (2018) Kat:3, Licht: 0,50543,3,6,3,07,07,5,0,0,0,1,0,0,1,0
"POINT (8.475541592000070 49.485811204000072)",Unfall 50882 (2018) Kat:3, Licht: 0,50882,3,6,3,07,10,7,0,0,1,1,0,0,0,0
"POINT (8.531212531000051 49.428436517000080)",Unfall 50947 (2018) Kat:3, Licht: 0,50947,3,3,5,07,16,6,0,0,1,1,0,0,0,0
"POINT (8.480153980000068 49.520271097000034)",Unfall 51093 (2018) Kat:3, Licht: 0,51093,3,6,2,07,06,6,0,0,0,1,0,0,0,1
"POINT (8.490522622000071 49.493107799000029)",Unfall 51134 (2018) Kat:3, Licht: 0,51134,3,6,1,07,15,5,0,0,0,1,0,0,0,0
"POINT (8.552123592000044 49.491048044000081)",Unfall 51166 (2018) Kat:2, Licht: 0,51166,2,6,2,07,15,6,0,0,0,1,0,0,0,0
"POINT (8.574909808000029 49.448171091000063)",Unfall 51191 (2018) Kat:2, Licht: 0,51191,2,6,2,07,17,2,0,0,0,1,0,0,1,0
"POINT (8.496813700000075 49.525626787000078)",Unfall 51205 (2018) Kat:3, Licht: 0,51205,3,6,1,07,08,2,0,0,0,1,0,0,0,0
"POINT (8.534852116000025 49.424577121000027)",Unfall 51207 (2018) Kat:3, Licht: 2,51207,3,1,9,07,22,2,0,2,0,1,0,0,0,0
"POINT (8.544556273000069 49.459175786000060)",Unfall 51224 (2018) Kat:3, Licht: 0,51224,3,6,2,08,17,6,0,0,0,1,0,0,0,0
"POINT (8.461783282000056 49.504551004000064)",Unfall 51321 (2018) Kat:3, Licht: 0,51321,3,5,5,08,19,4,0,0,1,1,0,0,0,0
"POINT (8.461668441000029 49.494034381000063)",Unfall 51329 (2018) Kat:3, Licht: 0,51329,3,6,3,08,07,5,0,0,0,1,0,1,0,0
"POINT (8.466710446000036 49.479433995000079)",Unfall 51507 (2018) Kat:3, Licht: 0,51507,3,1,8,07,06,1,0,0,0,1,0,0,0,0
"POINT (8.473979455000062 49.483609581000053)",Unfall 51510 (2018) Kat:3, Licht: 2,51510,3,2,5,07,00,1,0,2,1,1,0,0,0,0
"POINT (8.459949111000071 49.492961683000033)",Unfall 51512 (2018) Kat:3, Licht: 0,51512,3,6,3,07,09,1,0,0,0,1,0,0,0,1
"POINT (8.579661537000050 49.443009457000073)",Unfall 51560 (2018) Kat:3, Licht: 1,51560,3,2,0,08,21,4,1,1,0,1,0,1,0,0
"POINT (8.512167789000046 49.507711080000036)",Unfall 51622 (2018) Kat:3, Licht: 0,51622,3,6,2,08,14,1,0,0,0,1,0,0,0,0
"POINT (8.459149297000067 49.492351744000075)",Unfall 51660 (2018) Kat:3, Licht: 2,51660,3,2,6,08,21,7,0,2,0,1,1,0,0,0
"POINT (8.476545997000073 49.474393484000075)",Unfall 51686 (2018) Kat:3, Licht: 0,51686,3,6,2,08,17,2,0,0,0,1,0,0,0,0
"POINT (8.471254483000053 49.481217876000073)",Unfall 51701 (2018) Kat:3, Licht: 0,51701,3,6,2,08,05,5,0,0,0,0,0,0,0,1
"POINT (8.477930240000035 49.476390911000067)",Unfall 51807 (2018) Kat:3, Licht: 0,51807,3,7,0,08,10,3,0,0,1,0,0,0,0,0
"POINT (8.470985628000051 49.481230852000067)",Unfall 51841 (2018) Kat:3, Licht: 0,51841,3,6,2,08,16,2,0,0,0,1,0,0,0,0
"POINT (8.459326799000053 49.502400683000076)",Unfall 51887 (2018) Kat:2, Licht: 2,51887,2,6,4,08,00,1,0,2,0,1,0,0,0,0
"POINT (8.484336006000035 49.472026346000064)",Unfall 51943 (2018) Kat:3, Licht: 0,51943,3,7,0,08,18,1,0,0,0,0,0,1,0,0
"POINT (8.491160221000030 49.499677593000058)",Unfall 52018 (2018) Kat:3, Licht: 0,52018,3,7,5,08,19,6,0,0,0,1,0,0,0,1
"POINT (8.485744310000030 49.466432953000037)",Unfall 52163 (2018) Kat:3, Licht: 0,52163,3,2,0,08,16,2,0,0,0,1,0,0,0,1
"POINT (8.512194879000049 49.507710366000026)",Unfall 52341 (2018) Kat:3, Licht: 0,52341,3,6,2,08,11,4,0,0,0,1,0,0,0,0
"POINT (8.457397114000059 49.490883713000073)",Unfall 52368 (2018) Kat:3, Licht: 0,52368,3,6,0,08,15,2,0,0,0,1,0,1,0,0
"POINT (8.527343760000065 49.433393167000077)",Unfall 52369 (2018) Kat:3, Licht: 0,52369,3,6,3,08,10,2,1,0,0,1,0,0,0,1
"POINT (8.541461423000044 49.446363288000043)",Unfall 52684 (2018) Kat:3, Licht: 0,52684,3,6,2,08,12,2,1,0,0,1,0,0,0,0
"POINT (8.488618264000024 49.498253612000042)",Unfall 52720 (2018) Kat:3, Licht: 0,52720,3,3,5,08,15,7,0,0,0,1,0,0,0,1
"POINT (8.464286350000066 49.480757343000050)",Unfall 52837 (2018) Kat:2, Licht: 0,52837,2,6,2,08,10,6,1,0,0,1,0,0,0,1
"POINT (8.488757926000062 49.494636604000050)",Unfall 52932 (2018) Kat:3, Licht: 0,52932,3,2,3,08,18,7,0,0,1,1,0,0,0,0
"POINT (8.513716062000071 49.444128635000027)",Unfall 53102 (2018) Kat:3, Licht: 0,53102,3,6,2,09,07,4,0,0,0,1,0,0,0,0
"POINT (8.469249878000028 49.478305361000025)",Unfall 53124 (2018) Kat:3, Licht: 2,53124,3,6,8,09,01,2,1,2,0,1,0,0,0,1
"POINT (8.504356389000066 49.448364385000048)",Unfall 53128 (2018) Kat:3, Licht: 0,53128,3,6,2,09,16,2,0,0,0,1,0,1,0,0
"POINT (8.526661167000043 49.510918236000066)",Unfall 53325 (2018) Kat:3, Licht: 0,53325,3,6,2,09,13,7,0,0,0,1,0,0,0,0
"POINT (8.458252697000035 49.481797953000068)",Unfall 53327 (2018) Kat:3, Licht: 0,53327,3,6,2,09,16,4,0,0,0,1,0,0,0,1
"POINT (8.538659184000039 49.461214023000082)",Unfall 53441 (2018) Kat:3, Licht: 0,53441,3,3,3,09,17,5,1,0,0,1,0,0,0,0
"POINT (8.477185107000025 49.474276714000041)",Unfall 53444 (2018) Kat:3, Licht: 0,53444,3,6,2,09,12,7,0,0,0,1,0,0,0,0
"POINT (8.475665658000025 49.486071790000040)",Unfall 53550 (2018) Kat:3, Licht: 0,53550,3,4,6,09,16,7,0,0,0,1,1,0,0,0
"POINT (8.479186569000035 49.472845189000054)",Unfall 53707 (2018) Kat:3, Licht: 0,53707,3,6,1,09,07,3,0,0,0,1,0,0,0,0
"POINT (8.488341574000060 49.494717391000052)",Unfall 53710 (2018) Kat:2, Licht: 0,53710,2,2,3,09,16,3,0,0,1,1,0,0,0,0
"POINT (8.484144508000043 49.468553429000053)",Unfall 54128 (2018) Kat:3, Licht: 0,54128,3,2,5,09,09,3,0,0,0,0,0,0,0,1
"POINT (8.459257299000058 49.492448765000063)",Unfall 54273 (2018) Kat:3, Licht: 2,54273,3,6,2,09,21,6,0,2,0,1,0,0,0,0
"POINT (8.459689568000044 49.492784373000063)",Unfall 54316 (2018) Kat:3, Licht: 0,54316,3,6,2,09,07,5,0,0,0,1,0,0,0,0
"POINT (8.456737049000026 49.481244511000057)",Unfall 54320 (2018) Kat:3, Licht: 0,54320,3,6,1,09,08,5,0,0,0,1,0,1,0,0
"POINT (8.564054632000023 49.466441282000062)",Unfall 54400 (2018) Kat:3, Licht: 0,54400,3,6,3,09,13,4,0,0,1,1,0,0,0,0
"POINT (8.522705561000066 49.473645132000058)",Unfall 54413 (2018) Kat:2, Licht: 0,54413,2,6,2,09,16,6,1,0,0,1,0,0,0,1
"POINT (8.484216586000059 49.468465521000041)",Unfall 54500 (2018) Kat:3, Licht: 0,54500,3,6,0,09,10,5,0,0,0,1,0,1,0,0
"POINT (8.512219826000035 49.444832242000075)",Unfall 54575 (2018) Kat:3, Licht: 0,54575,3,6,2,09,18,6,0,0,0,1,0,0,0,0
"POINT (8.470901918000038 49.511167475000036)",Unfall 54621 (2018) Kat:3, Licht: 0,54621,3,6,2,09,15,5,0,0,0,1,0,0,0,0
"POINT (8.447268285000064 49.553420370000026)",Unfall 54631 (2018) Kat:3, Licht: 0,54631,3,6,2,09,17,4,0,0,0,1,0,0,0,1
"POINT (8.494006853000030 49.455806030000076)",Unfall 54720 (2018) Kat:3, Licht: 0,54720,3,3,5,09,10,4,0,0,1,1,0,0,0,0
"POINT (8.486995721000028 49.496233337000035)",Unfall 54798 (2018) Kat:3, Licht: 0,54798,3,6,1,09,14,6,0,0,0,1,0,1,0,0
"POINT (8.463348300000064 49.484343086000081)",Unfall 54925 (2018) Kat:3, Licht: 0,54925,3,6,2,10,19,2,0,0,0,1,0,0,0,0
"POINT (8.511827087000029 49.507547424000052)",Unfall 55062 (2018) Kat:3, Licht: 2,55062,3,2,8,10,21,2,0,2,0,1,0,0,0,0
"POINT (8.476019176000023 49.486387658000069)",Unfall 55064 (2018) Kat:3, Licht: 0,55064,3,7,0,10,10,5,0,0,0,0,0,1,0,0
"POINT (8.512629362000041 49.447812748000047)",Unfall 55100 (2018) Kat:3, Licht: 0,55100,3,7,0,09,13,7,0,0,0,1,0,0,0,0
"POINT (8.483165553000049 49.493317698000055)",Unfall 55101 (2018) Kat:2, Licht: 0,55101,2,3,5,09,18,7,0,0,0,1,0,0,0,1
"POINT (8.524222452000061 49.475948193000079)",Unfall 55299 (2018) Kat:3, Licht: 0,55299,3,6,3,10,10,4,0,0,0,1,0,0,0,0
"POINT (8.517516597000054 49.507606658000043)",Unfall 55383 (2018) Kat:3, Licht: 0,55383,3,6,1,10,18,4,0,0,0,1,0,0,0,0
"POINT (8.475660853000022 49.486061055000050)",Unfall 55400 (2018) Kat:3, Licht: 0,55400,3,3,5,10,12,7,0,0,1,0,0,0,0,0
"POINT (8.571794240000031 49.449782650000031)",Unfall 55419 (2018) Kat:3, Licht: 0,55419,3,1,0,10,16,3,0,0,0,0,0,1,0,0
"POINT (8.523718653000060 49.438065232000042)",Unfall 55562 (2018) Kat:3, Licht: 0,55562,3,2,5,10,17,4,0,0,1,1,0,0,0,0
"POINT (8.460239702000024 49.481359920000045)",Unfall 55587 (2018) Kat:3, Licht: 0,55587,3,6,2,10,15,6,0,0,0,1,0,0,0,1
"POINT (8.461766004000026 49.504538384000057)",Unfall 55639 (2018) Kat:3, Licht: 0,55639,3,6,2,10,15,3,0,0,0,1,0,0,0,0
"POINT (8.460371197000029 49.493293130000040)",Unfall 55750 (2018) Kat:2, Licht: 1,55750,2,3,5,10,18,3,0,1,1,1,0,0,0,0
"POINT (8.500180209000064 49.524484063000045)",Unfall 55881 (2018) Kat:3, Licht: 0,55881,3,3,5,10,15,6,0,0,1,1,0,0,0,0
"POINT (8.541665209000030 49.446385755000051)",Unfall 56048 (2018) Kat:3, Licht: 0,56048,3,6,2,10,08,7,0,0,0,1,0,0,0,0
"POINT (8.515024450000055 49.463369224000076)",Unfall 56201 (2018) Kat:3, Licht: 0,56201,3,6,2,10,17,3,0,0,0,1,0,0,0,0
"POINT (8.533242330000064 49.425902159000032)",Unfall 56310 (2018) Kat:3, Licht: 0,56310,3,5,1,10,10,2,0,0,1,1,0,0,0,0
"POINT (8.465175137000074 49.507068419000063)",Unfall 56442 (2018) Kat:3, Licht: 0,56442,3,3,0,10,15,6,0,0,1,1,0,0,0,0
"POINT (8.526150543000028 49.434927929000025)",Unfall 56454 (2018) Kat:3, Licht: 0,56454,3,6,4,10,15,6,0,0,0,1,0,0,0,0
"POINT (8.551175231000059 49.491581993000068)",Unfall 56517 (2018) Kat:3, Licht: 1,56517,3,3,5,10,07,3,0,1,0,1,0,0,0,0
"POINT (8.492223240000044 49.458707209000067)",Unfall 56525 (2018) Kat:3, Licht: 0,56525,3,3,5,10,13,2,0,0,1,1,0,0,0,0
"POINT (8.471532747000026 49.481003655000052)",Unfall 56588 (2018) Kat:2, Licht: 2,56588,2,4,6,10,18,4,1,2,0,1,1,0,0,0
"POINT (8.509312156000021 49.519345497000074)",Unfall 56623 (2018) Kat:3, Licht: 2,56623,3,2,5,10,04,2,0,2,0,1,0,0,0,0
"POINT (8.527798671000028 49.432795638000073)",Unfall 56665 (2018) Kat:3, Licht: 0,56665,3,3,0,10,09,7,1,0,0,1,0,1,0,0
"POINT (8.512150456000029 49.488856759000043)",Unfall 56668 (2018) Kat:3, Licht: 0,56668,3,5,5,10,13,7,0,0,1,1,0,0,0,0
"POINT (8.500148989000024 49.474328083000046)",Unfall 56672 (2018) Kat:3, Licht: 0,56672,3,7,5,10,11,7,0,0,0,1,0,0,0,1
"POINT (8.557663711000032 49.454436905000080)",Unfall 56746 (2018) Kat:2, Licht: 2,56746,2,6,2,11,17,1,0,2,0,1,0,0,0,0
"POINT (8.449594825000077 49.549891185000035)",Unfall 56774 (2018) Kat:3, Licht: 0,56774,3,6,2,11,14,1,0,0,0,1,0,0,0,0
"POINT (8.525632871000028 49.465269650000039)",Unfall 56832 (2018) Kat:3, Licht: 2,56832,3,6,2,10,18,4,0,2,0,1,0,0,0,0
"POINT (8.460003349000033 49.481243703000075)",Unfall 56852 (2018) Kat:3, Licht: 0,56852,3,6,2,10,15,4,0,0,0,1,0,0,0,0
"POINT (8.460511775000043 49.493302773000039)",Unfall 56855 (2018) Kat:3, Licht: 0,56855,3,3,5,11,14,6,0,0,0,1,0,0,0,0
"POINT (8.542306845000041 49.451476265000053)",Unfall 56969 (2018) Kat:3, Licht: 0,56969,3,6,2,10,15,1,1,0,0,1,0,0,0,0
"POINT (8.480816015000073 49.522034838000081)",Unfall 57043 (2018) Kat:3, Licht: 2,57043,3,6,3,10,18,3,0,2,0,1,0,0,0,0
"POINT (8.543784632000040 49.477840362000052)",Unfall 57077 (2018) Kat:3, Licht: 1,57077,3,6,1,10,17,4,0,1,0,1,0,0,0,0
"POINT (8.512450058000070 49.460026900000059)",Unfall 57097 (2018) Kat:3, Licht: 2,57097,3,6,3,10,19,4,0,2,0,1,0,0,1,0
"POINT (8.566030520000027 49.451288011000031)",Unfall 57107 (2018) Kat:3, Licht: 2,57107,3,6,2,11,17,1,0,2,0,1,0,0,0,0
"POINT (8.474606750000021 49.484578885000076)",Unfall 57138 (2018) Kat:3, Licht: 0,57138,3,2,3,10,11,5,0,0,1,0,0,0,0,1
"POINT (8.474084307000055 49.483718984000063)",Unfall 57156 (2018) Kat:3, Licht: 0,57156,3,6,3,10,14,2,0,0,0,1,0,1,0,0
"POINT (8.569520604000047 49.448524307000071)",Unfall 57309 (2018) Kat:3, Licht: 0,57309,3,6,2,11,09,5,0,0,0,1,0,0,0,1
"POINT (8.455885439000042 49.486899955000069)",Unfall 57322 (2018) Kat:3, Licht: 1,57322,3,2,5,11,16,6,0,1,0,1,0,0,0,0
"POINT (8.466155925000066 49.479918416000032)",Unfall 57529 (2018) Kat:3, Licht: 0,57529,3,6,1,11,14,4,0,0,0,1,0,0,0,0
"POINT (8.522351343000025 49.477335872000026)",Unfall 57569 (2018) Kat:3, Licht: 0,57569,3,5,1,11,07,3,1,0,0,1,0,1,0,0
"POINT (8.492341507000049 49.500145159000056)",Unfall 57594 (2018) Kat:3, Licht: 0,57594,3,3,5,11,09,2,0,0,1,1,0,0,0,0
"POINT (8.492215435000048 49.500078820000056)",Unfall 57645 (2018) Kat:3, Licht: 0,57645,3,6,2,11,08,4,1,0,0,1,0,0,0,0
"POINT (8.479425759000037 49.475320782000040)",Unfall 57753 (2018) Kat:3, Licht: 2,57753,3,1,0,11,22,4,0,2,1,0,0,0,0,0
"POINT (8.539115154000058 49.461126752000041)",Unfall 57796 (2018) Kat:3, Licht: 0,57796,3,6,2,11,08,4,0,0,0,1,0,0,0,0
"POINT (8.542084648000071 49.429324885000028)",Unfall 57969 (2018) Kat:3, Licht: 2,57969,3,6,3,11,19,4,0,2,0,1,0,0,0,0
"POINT (8.543694277000043 49.425971660000073)",Unfall 58099 (2018) Kat:3, Licht: 0,58099,3,6,2,11,08,5,0,0,0,1,0,0,0,0
"POINT (8.550982198000042 49.520060539000042)",Unfall 58101 (2018) Kat:2, Licht: 1,58101,2,1,2,11,16,5,0,1,0,1,0,0,0,0
"POINT (8.541334357000039 49.470195422000074)",Unfall 58102 (2018) Kat:3, Licht: 0,58102,3,6,2,11,15,5,0,0,0,1,0,0,1,0
"POINT (8.544309967000061 49.478910053000050)",Unfall 58104 (2018) Kat:3, Licht: 2,58104,3,6,2,11,17,5,0,2,0,1,0,0,0,0
"POINT (8.459593212000073 49.502747009000075)",Unfall 58136 (2018) Kat:2, Licht: 0,58136,2,3,5,11,11,7,1,0,0,1,0,0,0,0
"POINT (8.543676015000074 49.459433858000068)",Unfall 58544 (2018) Kat:2, Licht: 1,58544,2,6,2,12,07,4,1,1,0,1,0,0,0,0
"POINT (8.477078671000072 49.517169246000037)",Unfall 58555 (2018) Kat:3, Licht: 2,58555,3,6,1,12,18,1,1,2,0,1,0,0,0,0
"POINT (8.566797246000022 49.450999189000072)",Unfall 58557 (2018) Kat:3, Licht: 2,58557,3,6,1,12,17,7,0,2,0,1,0,0,0,0
"POINT (8.465224614000022 49.483606249000047)",Unfall 58571 (2018) Kat:3, Licht: 1,58571,3,6,2,12,16,7,0,1,0,1,0,0,0,0
"POINT (8.491001117000053 49.499597473000051)",Unfall 58574 (2018) Kat:2, Licht: 0,58574,2,4,6,12,14,7,0,0,0,0,1,0,0,1
"POINT (8.544490666000058 49.459330445000035)",Unfall 58583 (2018) Kat:2, Licht: 0,58583,2,6,1,12,08,3,1,0,0,0,0,0,1,1
"POINT (8.479928820000055 49.519813629000055)",Unfall 58612 (2018) Kat:3, Licht: 0,58612,3,1,0,12,12,1,1,0,0,0,0,1,0,0
"POINT (8.468760880000048 49.509630807000065)",Unfall 58633 (2018) Kat:3, Licht: 2,58633,3,3,5,12,01,1,0,2,0,1,0,0,0,0
"POINT (8.490245378000054 49.493513714000073)",Unfall 58684 (2018) Kat:3, Licht: 0,58684,3,6,2,12,09,2,1,0,0,1,0,0,0,0
"POINT (8.444633400000043 49.559887211000046)",Unfall 58697 (2018) Kat:3, Licht: 2,58697,3,2,4,12,18,3,0,2,0,1,0,0,0,0
"POINT (8.538211914000044 49.461428137000041)",Unfall 58706 (2018) Kat:3, Licht: 2,58706,3,6,2,12,17,4,0,2,0,1,0,0,0,0
"POINT (8.438433680000060 49.553241401000037)",Unfall 58746 (2018) Kat:3, Licht: 0,58746,3,6,2,12,17,3,0,0,0,1,0,0,0,0
"POINT (8.531731473000036 49.506114009000044)",Unfall 58853 (2018) Kat:3, Licht: 0,58853,3,6,4,12,07,2,1,0,0,1,0,0,0,1
"POINT (8.487008768000067 49.496483662000060)",Unfall 58916 (2018) Kat:3, Licht: 0,58916,3,6,4,11,08,5,0,0,1,0,0,0,0,0
"POINT (8.509721480000053 49.446004887000072)",Unfall 59018 (2018) Kat:3, Licht: 1,59018,3,3,5,12,07,7,0,1,0,1,0,0,0,1
"POINT (8.556349143000034 49.454923793000034)",Unfall 59068 (2018) Kat:3, Licht: 2,59068,3,6,2,12,16,4,0,2,0,1,0,0,0,0
"POINT (8.513346045000048 49.444302634000053)",Unfall 59079 (2018) Kat:3, Licht: 0,59079,3,6,2,12,07,6,0,0,0,1,0,0,0,1
"POINT (8.465216841000029 49.540128487000061)",Unfall 59091 (2018) Kat:3, Licht: 2,59091,3,3,5,12,21,2,1,2,0,1,0,0,0,0
"POINT (8.475442927000074 49.485246494000080)",Unfall 59188 (2018) Kat:3, Licht: 2,59188,3,1,3,12,00,7,1,2,0,1,0,0,0,0
"POINT (8.519233393000036 49.507623431000070)",Unfall 59306 (2018) Kat:3, Licht: 0,59306,3,6,1,12,09,5,0,0,0,1,0,0,0,0
"POINT (8.511974985000052 49.459565559000055)",Unfall 59344 (2018) Kat:3, Licht: 0,59344,3,6,2,12,10,2,1,0,0,1,0,0,0,1
"POINT (8.473971895000034 49.483601628000031)",Unfall 59438 (2018) Kat:3, Licht: 0,59438,3,7,0,12,12,3,1,0,0,0,0,1,0,0
"POINT (8.539336012000035 49.463091258000077)",Unfall 59589 (2018) Kat:3, Licht: 2,59589,3,1,2,12,17,4,1,2,0,1,0,0,0,0
"POINT (8.455914080000071 49.487093332000029)",Unfall 59709 (2018) Kat:3, Licht: 2,59709,3,2,5,12,20,3,0,2,0,1,0,0,0,0
"POINT (8.467104937000045 49.482764751000047)",Unfall 59781 (2018) Kat:3, Licht: 0,59781,3,7,2,12,11,3,0,0,0,1,0,1,0,0
"POINT (8.460264649000067 49.482832260000066)",Unfall 59851 (2018) Kat:3, Licht: 1,59851,3,1,8,12,20,6,0,1,0,1,0,0,0,0
"POINT (8.466401160000032 49.499560139000039)",Unfall 148582 (2018) Kat:2, Licht: 2,148582,2,7,8,01,00,5,1,2,1,0,0,0,0,0
"POINT (8.459645411000054 49.486952534000068)",Unfall 148585 (2018) Kat:3, Licht: 0,148585,3,3,5,01,12,5,1,0,0,1,0,0,0,0
"POINT (8.496488941000052 49.516154685000060)",Unfall 148587 (2018) Kat:2, Licht: 0,148587,2,3,5,01,15,5,1,0,0,1,0,0,0,0
"POINT (8.494647230000055 49.451550012000041)",Unfall 148638 (2018) Kat:3, Licht: 0,148638,3,3,5,01,14,4,0,0,1,1,0,0,0,0
"POINT (8.466069087000051 49.490712768000037)",Unfall 148641 (2018) Kat:3, Licht: 0,148641,3,6,4,01,13,4,0,0,1,1,0,0,0,0
"POINT (8.555855894000047 49.520766636000076)",Unfall 148792 (2018) Kat:3, Licht: 2,148792,3,5,5,01,18,5,0,2,0,1,0,0,0,0
"POINT (8.506750687000022 49.509503817000052)",Unfall 148793 (2018) Kat:3, Licht: 0,148793,3,2,5,01,09,5,1,0,1,1,0,0,0,0
"POINT (8.467452800000046 49.486239866000062)",Unfall 148830 (2018) Kat:2, Licht: 2,148830,2,5,1,01,18,4,1,2,1,1,0,0,0,0
"POINT (8.483812391000072 49.497241859000042)",Unfall 148846 (2018) Kat:3, Licht: 1,148846,3,4,6,01,07,2,0,1,0,0,1,0,0,1
"POINT (8.486161398000036 49.479757185000039)",Unfall 148849 (2018) Kat:3, Licht: 2,148849,3,3,5,01,17,2,1,2,0,1,0,0,0,0
"POINT (8.524613905000024 49.509680521000064)",Unfall 148890 (2018) Kat:3, Licht: 1,148890,3,3,5,01,16,1,0,1,1,1,0,0,0,0
"POINT (8.555778564000036 49.509487579000051)",Unfall 148933 (2018) Kat:3, Licht: 0,148933,3,6,2,01,16,7,0,0,0,1,0,0,0,0
"POINT (8.546713996000051 49.514346403000047)",Unfall 148943 (2018) Kat:3, Licht: 2,148943,3,1,2,01,17,2,0,2,0,1,0,0,0,0
"POINT (8.512276816000053 49.489468595000062)",Unfall 148945 (2018) Kat:3, Licht: 0,148945,3,6,4,01,15,2,0,0,1,0,0,1,0,0
"POINT (8.543057213000054 49.500205662000042)",Unfall 148947 (2018) Kat:3, Licht: 0,148947,3,6,2,01,15,2,0,0,0,1,0,1,0,0
"POINT (8.466321962000052 49.490367832000061)",Unfall 148984 (2018) Kat:3, Licht: 0,148984,3,5,3,01,13,6,0,0,1,1,0,0,0,0
"POINT (8.480815908000068 49.457330196000044)",Unfall 149036 (2018) Kat:3, Licht: 0,149036,3,7,0,01,14,6,1,0,1,1,0,0,0,0
"POINT (8.553404870000065 49.460899644000051)",Unfall 149038 (2018) Kat:3, Licht: 0,149038,3,1,0,01,09,6,1,0,0,0,0,1,0,0
"POINT (8.485516084000039 49.531401432000052)",Unfall 149062 (2018) Kat:3, Licht: 0,149062,3,7,5,01,13,5,0,0,0,1,0,0,0,1
"POINT (8.485529825000072 49.489089240000055)",Unfall 149063 (2018) Kat:2, Licht: 0,149063,2,5,5,01,12,5,1,0,1,1,0,0,0,0
"POINT (8.506716214000051 49.509515516000079)",Unfall 149064 (2018) Kat:2, Licht: 0,149064,2,3,5,01,09,5,1,0,1,1,0,0,0,0
"POINT (8.500216900000055 49.461205558000074)",Unfall 149087 (2018) Kat:3, Licht: 0,149087,3,2,1,01,10,2,1,0,0,1,0,0,1,0
"POINT (8.461620709000044 49.493598757000029)",Unfall 149089 (2018) Kat:3, Licht: 0,149089,3,6,2,01,16,2,0,0,0,1,0,0,0,0
"POINT (8.500636631000020 49.524040209000077)",Unfall 149090 (2018) Kat:2, Licht: 0,149090,2,4,6,01,07,2,1,0,0,1,1,0,0,0
"POINT (8.451380004000043 49.538469515000031)",Unfall 149092 (2018) Kat:2, Licht: 0,149092,2,4,6,01,16,2,0,0,0,1,1,0,0,0
"POINT (8.513352278000070 49.441553379000027)",Unfall 149152 (2018) Kat:3, Licht: 0,149152,3,2,4,01,07,4,1,0,0,1,0,0,0,1
"POINT (8.514141575000053 49.450651940000057)",Unfall 149156 (2018) Kat:3, Licht: 2,149156,3,3,5,01,19,4,0,2,0,1,0,0,0,0
"POINT (8.530075318000058 49.511337919000027)",Unfall 149158 (2018) Kat:3, Licht: 0,149158,3,7,0,01,14,1,0,0,0,0,0,1,0,0
"POINT (8.525414341000044 49.490654893000055)",Unfall 149192 (2018) Kat:3, Licht: 0,149192,3,3,5,01,14,7,1,0,0,1,0,0,0,0
"POINT (8.457120455000052 49.545183857000040)",Unfall 149243 (2018) Kat:3, Licht: 0,149243,3,6,1,01,11,3,1,0,0,1,0,0,0,0
"POINT (8.514734122000050 49.421374278000030)",Unfall 149246 (2018) Kat:3, Licht: 0,149246,3,3,5,01,14,3,0,0,0,1,0,0,1,0
"POINT (8.498918848000074 49.453205116000049)",Unfall 149315 (2018) Kat:3, Licht: 0,149315,3,3,5,01,12,6,1,0,0,1,0,1,0,0
"POINT (8.498960440000076 49.460295749000068)",Unfall 149316 (2018) Kat:3, Licht: 0,149316,3,2,5,01,08,6,1,0,0,1,0,0,0,0
"POINT (8.535723181000037 49.422547951000070)",Unfall 149317 (2018) Kat:3, Licht: 0,149317,3,6,2,01,16,6,1,0,0,1,0,0,1,0
"POINT (8.562734711000076 49.467212335000056)",Unfall 149319 (2018) Kat:3, Licht: 0,149319,3,1,0,01,09,6,1,0,1,0,0,0,0,0
"POINT (8.470404203000044 49.480132717000060)",Unfall 149347 (2018) Kat:3, Licht: 0,149347,3,7,1,01,06,4,0,0,0,1,0,0,0,0
"POINT (8.464265871000066 49.500887757000044)",Unfall 149348 (2018) Kat:3, Licht: 1,149348,3,4,6,01,17,4,0,1,0,1,1,0,0,0
"POINT (8.478564196000036 49.460334253000042)",Unfall 149349 (2018) Kat:3, Licht: 2,149349,3,2,5,01,17,4,1,2,1,1,0,0,0,0
"POINT (8.488791461000062 49.530216088000032)",Unfall 149384 (2018) Kat:3, Licht: 0,149384,3,7,5,01,14,5,0,0,1,1,0,0,0,0
"POINT (8.468680107000068 49.485765167000068)",Unfall 149386 (2018) Kat:3, Licht: 2,149386,3,4,6,01,18,5,0,2,1,0,1,0,0,0
"POINT (8.475989661000028 49.488878289000070)",Unfall 149389 (2018) Kat:3, Licht: 0,149389,3,1,1,01,15,5,0,0,0,1,0,1,0,0
"POINT (8.531763851000051 49.488328421000062)",Unfall 149412 (2018) Kat:3, Licht: 0,149412,3,6,4,01,08,3,0,0,0,0,1,0,0,1
"POINT (8.491181074000053 49.498504625000066)",Unfall 149414 (2018) Kat:3, Licht: 0,149414,3,7,0,01,08,3,0,0,0,1,0,0,0,0
"POINT (8.467178321000063 49.482708398000057)",Unfall 149506 (2018) Kat:3, Licht: 2,149506,3,6,0,01,18,1,0,2,0,1,0,0,0,0
"POINT (8.478098577000026 49.491280654000036)",Unfall 149510 (2018) Kat:3, Licht: 0,149510,3,7,1,01,12,3,0,0,0,1,0,0,0,0
"POINT (8.481537140000057 49.482526197000027)",Unfall 149562 (2018) Kat:3, Licht: 2,149562,3,5,3,02,18,3,0,2,1,1,0,0,0,0
"POINT (8.472309647000031 49.469123941000078)",Unfall 149584 (2018) Kat:3, Licht: 0,149584,3,7,0,02,10,2,1,0,1,1,0,0,0,0
"POINT (8.484805120000033 49.485842407000064)",Unfall 149610 (2018) Kat:3, Licht: 2,149610,3,7,6,02,19,2,0,2,0,1,1,0,0,0
"POINT (8.483094379000022 49.484229549000077)",Unfall 149611 (2018) Kat:3, Licht: 0,149611,3,3,0,02,16,2,0,0,1,1,0,0,0,0
"POINT (8.497862458000043 49.502892351000071)",Unfall 149612 (2018) Kat:3, Licht: 1,149612,3,3,0,02,17,2,0,1,0,1,0,0,0,1
"POINT (8.472346155000025 49.480531435000046)",Unfall 149665 (2018) Kat:3, Licht: 2,149665,3,6,1,02,21,7,0,2,0,1,0,0,0,0
"POINT (8.508965185000022 49.517183418000059)",Unfall 149667 (2018) Kat:3, Licht: 0,149667,3,3,5,02,13,7,0,0,1,1,0,0,0,0
"POINT (8.461985083000059 49.492306747000043)",Unfall 149668 (2018) Kat:3, Licht: 2,149668,3,7,6,02,23,7,0,2,1,0,1,0,0,0
"POINT (8.503890032000072 49.473221630000069)",Unfall 149676 (2018) Kat:3, Licht: 2,149676,3,6,1,02,19,6,0,2,0,1,0,0,0,0
"POINT (8.489522589000046 49.529385753000042)",Unfall 149723 (2018) Kat:3, Licht: 0,149723,3,3,0,02,12,6,1,0,0,0,0,0,0,1
"POINT (8.502282431000026 49.493817396000054)",Unfall 149730 (2018) Kat:3, Licht: 0,149730,3,7,2,02,16,5,0,0,0,1,0,0,0,1
"POINT (8.474405612000055 49.496740831000068)",Unfall 149732 (2018) Kat:3, Licht: 0,149732,3,7,0,02,09,5,0,0,1,1,0,0,0,0
"POINT (8.461701677000065 49.516916635000030)",Unfall 149785 (2018) Kat:3, Licht: 2,149785,3,3,5,02,06,5,1,2,1,1,0,0,0,0
"POINT (8.483779305000041 49.468470129000082)",Unfall 149823 (2018) Kat:3, Licht: 0,149823,3,6,2,02,14,3,0,0,0,1,0,0,0,0
"POINT (8.493138335000026 49.565985834000060)",Unfall 149843 (2018) Kat:3, Licht: 0,149843,3,1,0,02,14,3,0,0,1,0,0,0,0,0
"POINT (8.492635983000071 49.478483623000045)",Unfall 149864 (2018) Kat:3, Licht: 0,149864,3,3,5,02,08,7,0,0,1,1,0,0,0,0
"POINT (8.511116395000045 49.518561688000034)",Unfall 149874 (2018) Kat:3, Licht: 0,149874,3,6,2,02,17,7,1,0,0,1,0,0,0,1
"POINT (8.470095288000039 49.483037394000064)",Unfall 149878 (2018) Kat:3, Licht: 0,149878,3,6,4,02,13,3,0,0,1,0,0,0,0,0
"POINT (8.490602928000044 49.470291373000066)",Unfall 149891 (2018) Kat:3, Licht: 2,149891,3,3,5,02,22,3,0,2,0,1,0,0,0,0
"POINT (8.490645918000041 49.483093736000058)",Unfall 149923 (2018) Kat:3, Licht: 0,149923,3,6,2,02,13,6,0,0,0,1,0,0,0,0
"POINT (8.510846495000067 49.421323041000051)",Unfall 149924 (2018) Kat:3, Licht: 0,149924,3,3,5,02,07,6,0,0,0,0,0,0,0,1
"POINT (8.484250884000062 49.480835566000053)",Unfall 149925 (2018) Kat:3, Licht: 2,149925,3,2,6,02,18,6,0,2,0,1,1,0,0,0
"POINT (8.467346064000026 49.490269479000062)",Unfall 149952 (2018) Kat:3, Licht: 0,149952,3,2,5,02,13,4,0,0,1,1,0,0,0,0
"POINT (8.471062140000072 49.505416322000031)",Unfall 149972 (2018) Kat:2, Licht: 1,149972,2,5,8,02,16,5,1,1,0,1,0,0,0,0
"POINT (8.463240794000058 49.507120402000055)",Unfall 149988 (2018) Kat:3, Licht: 1,149988,3,7,5,02,19,2,0,1,0,1,0,1,0,0
"POINT (8.506258799000023 49.508074104000059)",Unfall 149994 (2018) Kat:2, Licht: 0,149994,2,6,2,02,07,2,0,0,0,1,0,0,0,0
"POINT (8.464963485000055 49.490114527000060)",Unfall 150005 (2018) Kat:2, Licht: 0,150005,2,3,5,02,15,4,0,0,0,1,0,0,0,0
"POINT (8.487959153000077 49.498295563000056)",Unfall 150008 (2018) Kat:2, Licht: 0,150008,2,1,2,02,11,4,0,0,0,1,0,0,0,1
"POINT (8.502384969000048 49.533861580000064)",Unfall 150033 (2018) Kat:3, Licht: 0,150033,3,3,5,02,12,6,0,0,0,1,0,0,0,0
"POINT (8.471149915000069 49.485501586000055)",Unfall 150054 (2018) Kat:3, Licht: 2,150054,3,7,6,02,23,3,0,2,0,0,1,0,0,1
"POINT (8.481046487000072 49.479662194000070)",Unfall 150056 (2018) Kat:3, Licht: 1,150056,3,6,2,02,18,3,0,1,0,1,0,1,0,0
"POINT (8.472259717000043 49.497547168000040)",Unfall 150078 (2018) Kat:3, Licht: 0,150078,3,7,6,03,13,6,0,0,1,0,1,0,0,0
"POINT (8.508018817000050 49.512300045000075)",Unfall 150080 (2018) Kat:2, Licht: 0,150080,2,4,6,03,14,6,0,0,0,1,1,0,0,0
"POINT (8.472623329000044 49.484163870000032)",Unfall 150108 (2018) Kat:3, Licht: 0,150108,3,3,6,03,15,2,0,0,0,1,1,0,0,0
"POINT (8.474684271000058 49.483455643000070)",Unfall 150117 (2018) Kat:3, Licht: 0,150117,3,6,2,03,12,5,0,0,0,1,0,0,0,0
"POINT (8.481086240000025 49.539125481000042)",Unfall 150210 (2018) Kat:3, Licht: 0,150210,3,6,2,02,10,3,0,0,0,1,0,0,0,0
"POINT (8.479878620000022 49.482666648000077)",Unfall 150211 (2018) Kat:3, Licht: 0,150211,3,7,6,03,13,2,0,0,1,0,1,0,0,0
"POINT (8.466642753000031 49.474049676000050)",Unfall 150212 (2018) Kat:3, Licht: 0,150212,3,6,2,02,14,3,0,0,0,1,0,0,0,0
"POINT (8.451246884000057 49.545193977000054)",Unfall 150246 (2018) Kat:3, Licht: 2,150246,3,3,5,02,23,2,0,2,0,1,0,0,0,0
"POINT (8.471969706000039 49.523400867000078)",Unfall 150247 (2018) Kat:3, Licht: 2,150247,3,7,0,02,21,2,0,2,0,1,0,0,0,0
"POINT (8.481761753000058 49.456534482000052)",Unfall 150276 (2018) Kat:3, Licht: 0,150276,3,2,2,02,14,1,0,0,0,1,0,0,0,0
"POINT (8.457138107000048 49.551336861000038)",Unfall 150300 (2018) Kat:3, Licht: 1,150300,3,3,5,03,18,2,0,1,0,1,0,1,0,0
"POINT (8.470705535000036 49.508504695000056)",Unfall 150301 (2018) Kat:3, Licht: 0,150301,3,6,2,02,11,7,0,0,0,1,0,0,0,0
"POINT (8.471277155000053 49.500496120000037)",Unfall 150302 (2018) Kat:1, Licht: 0,150302,1,4,6,02,10,7,0,0,0,0,1,0,0,1
"POINT (8.530106989000046 49.509545577000040)",Unfall 150326 (2018) Kat:3, Licht: 0,150326,3,3,5,03,16,6,0,0,1,1,0,0,0,0
"POINT (8.466553892000036 49.489406704000032)",Unfall 150361 (2018) Kat:3, Licht: 0,150361,3,4,0,03,15,4,0,0,0,1,1,0,0,0
"POINT (8.494632196000055 49.468007168000042)",Unfall 150385 (2018) Kat:2, Licht: 0,150385,2,6,2,03,07,3,1,0,0,1,0,0,0,1
"POINT (8.475202892000027 49.481349395000052)",Unfall 150388 (2018) Kat:3, Licht: 0,150388,3,6,3,03,13,3,0,0,1,1,0,0,0,0
"POINT (8.470571175000032 49.490039036000042)",Unfall 150390 (2018) Kat:3, Licht: 0,150390,3,2,6,03,15,3,1,0,0,1,1,0,0,0
"POINT (8.465381995000030 49.486862399000074)",Unfall 150396 (2018) Kat:2, Licht: 1,150396,2,7,6,03,17,6,1,1,0,1,1,0,0,0
"POINT (8.520226940000043 49.440616071000079)",Unfall 150398 (2018) Kat:2, Licht: 0,150398,2,1,8,03,07,6,1,0,0,1,0,0,0,1
"POINT (8.486265634000063 49.452955542000041)",Unfall 150449 (2018) Kat:3, Licht: 0,150449,3,3,5,03,10,5,0,0,1,1,0,0,0,0
"POINT (8.523384306000025 49.436085609000031)",Unfall 150493 (2018) Kat:3, Licht: 0,150493,3,3,5,03,15,2,0,0,0,1,0,0,0,0
"POINT (8.489633444000049 49.529522751000059)",Unfall 150504 (2018) Kat:3, Licht: 0,150504,3,5,0,03,13,4,0,0,1,1,0,0,0,1
"POINT (8.569223563000037 49.442400339000073)",Unfall 150506 (2018) Kat:3, Licht: 0,150506,3,1,9,03,08,4,0,0,0,1,0,0,0,0
"POINT (8.571194152000032 49.434316363000050)",Unfall 150509 (2018) Kat:3, Licht: 0,150509,3,3,5,03,12,4,0,0,1,1,0,0,0,0
"POINT (8.515527985000063 49.436548695000056)",Unfall 150510 (2018) Kat:1, Licht: 1,150510,1,6,4,03,06,4,1,1,0,1,0,0,1,0
"POINT (8.471316736000063 49.510679639000045)",Unfall 150512 (2018) Kat:1, Licht: 0,150512,1,3,5,03,17,4,1,0,1,0,0,0,0,1
"POINT (8.472366837000038 49.480553425000039)",Unfall 150574 (2018) Kat:3, Licht: 1,150574,3,6,2,03,19,1,1,1,0,1,0,0,0,1
"POINT (8.462951714000042 49.489874330000077)",Unfall 150615 (2018) Kat:3, Licht: 2,150615,3,5,3,03,20,7,0,2,1,1,0,0,0,0
"POINT (8.487413327000070 49.504231552000078)",Unfall 150617 (2018) Kat:3, Licht: 0,150617,3,7,6,03,13,7,0,0,0,1,1,0,0,0
"POINT (8.490136005000068 49.493248797000035)",Unfall 150618 (2018) Kat:3, Licht: 0,150618,3,7,6,03,16,7,0,0,0,1,1,0,0,0
"POINT (8.467167928000038 49.485068532000071)",Unfall 150646 (2018) Kat:3, Licht: 0,150646,3,3,5,03,14,6,0,0,0,1,0,0,0,0
"POINT (8.472744100000057 49.516025753000065)",Unfall 150648 (2018) Kat:3, Licht: 0,150648,3,3,5,03,15,6,1,0,0,1,0,0,0,0
"POINT (8.504249216000062 49.501766715000031)",Unfall 150649 (2018) Kat:3, Licht: 0,150649,3,3,5,03,10,6,1,0,0,1,0,0,0,0
"POINT (8.500608761000024 49.514811711000050)",Unfall 150652 (2018) Kat:3, Licht: 0,150652,3,7,4,03,13,6,0,0,0,1,0,0,1,0
"POINT (8.488310188000071 49.497542299000031)",Unfall 150687 (2018) Kat:3, Licht: 0,150687,3,3,5,03,15,6,0,0,1,1,0,0,0,0
"POINT (8.455333841000027 49.484561227000029)",Unfall 150690 (2018) Kat:3, Licht: 0,150690,3,7,0,03,08,6,1,0,1,0,0,0,0,0
"POINT (8.473128758000030 49.538577892000035)",Unfall 150694 (2018) Kat:3, Licht: 0,150694,3,3,5,03,16,6,1,0,0,1,0,0,0,0
"POINT (8.519140159000074 49.490252772000076)",Unfall 150711 (2018) Kat:3, Licht: 0,150711,3,6,2,03,13,5,1,0,0,1,0,0,0,1
"POINT (8.458387955000035 49.545782795000036)",Unfall 150757 (2018) Kat:3, Licht: 0,150757,3,2,2,03,08,4,0,0,0,1,0,0,0,0
"POINT (8.478098693000050 49.486799766000047)",Unfall 150760 (2018) Kat:3, Licht: 0,150760,3,3,5,03,08,4,0,0,1,1,0,0,0,0
"POINT (8.485528735000059 49.462717328000053)",Unfall 150761 (2018) Kat:3, Licht: 2,150761,3,7,0,03,22,4,1,2,1,0,0,0,0,0
"POINT (8.469922707000023 49.504718719000039)",Unfall 150763 (2018) Kat:3, Licht: 0,150763,3,4,6,03,11,4,0,0,0,1,1,0,0,0
"POINT (8.516221919000031 49.438958387000071)",Unfall 150773 (2018) Kat:3, Licht: 0,150773,3,6,4,03,16,5,0,0,0,1,0,0,0,0
"POINT (8.470107214000052 49.480150911000067)",Unfall 150848 (2018) Kat:3, Licht: 0,150848,3,7,6,03,15,5,0,0,0,0,1,0,0,1
"POINT (8.537955879000037 49.518175996000082)",Unfall 150849 (2018) Kat:3, Licht: 2,150849,3,3,5,03,22,5,0,2,1,1,0,0,0,0
"POINT (8.464050725000050 49.489439922000031)",Unfall 150850 (2018) Kat:3, Licht: 0,150850,3,4,6,03,12,5,0,0,0,1,1,0,0,0
"POINT (8.449792197000022 49.549618898000062)",Unfall 150892 (2018) Kat:3, Licht: 1,150892,3,3,0,04,04,3,0,1,0,0,0,1,1,0
"POINT (8.467613926000070 49.477608306000036)",Unfall 150894 (2018) Kat:3, Licht: 0,150894,3,4,0,04,15,3,0,0,0,0,1,0,0,1
"POINT (8.492254455000023 49.478633420000051)",Unfall 150895 (2018) Kat:3, Licht: 0,150895,3,3,0,04,15,3,0,0,1,1,0,0,0,0
"POINT (8.467905241000040 49.476709751000044)",Unfall 150898 (2018) Kat:3, Licht: 1,150898,3,6,1,03,17,4,1,1,1,1,0,0,0,0
"POINT (8.534656437000024 49.423870363000049)",Unfall 150901 (2018) Kat:3, Licht: 0,150901,3,2,2,03,17,4,1,0,0,1,0,0,1,0
"POINT (8.508845283000028 49.506157010000038)",Unfall 150946 (2018) Kat:2, Licht: 2,150946,2,1,0,04,04,2,0,2,0,1,0,0,0,0
"POINT (8.460369350000065 49.519172747000027)",Unfall 150955 (2018) Kat:3, Licht: 0,150955,3,6,2,03,08,3,0,0,0,1,0,0,0,0
"POINT (8.509191767000061 49.445451154000068)",Unfall 150958 (2018) Kat:3, Licht: 0,150958,3,7,6,03,10,3,0,0,0,1,1,0,0,0
"POINT (8.465805022000041 49.488595623000037)",Unfall 150961 (2018) Kat:3, Licht: 0,150961,3,7,0,03,15,3,0,0,0,1,0,0,0,0
"POINT (8.491535088000035 49.532068680000066)",Unfall 150962 (2018) Kat:3, Licht: 0,150962,3,2,5,03,08,3,0,0,0,1,0,0,0,1
"POINT (8.466956728000071 49.510680912000055)",Unfall 150963 (2018) Kat:3, Licht: 0,150963,3,3,5,04,17,1,0,0,0,1,0,0,0,0
"POINT (8.471985274000076 49.469468815000027)",Unfall 150966 (2018) Kat:3, Licht: 0,150966,3,3,5,04,17,1,1,0,0,1,0,0,0,0
"POINT (8.481110791000049 49.456828161000033)",Unfall 151004 (2018) Kat:3, Licht: 0,151004,3,3,5,03,10,2,0,0,1,1,0,0,0,0
"POINT (8.472360841000068 49.497341046000031)",Unfall 151018 (2018) Kat:3, Licht: 0,151018,3,6,2,03,18,7,0,0,0,1,0,0,0,0
"POINT (8.469326075000026 49.493667072000051)",Unfall 151021 (2018) Kat:3, Licht: 0,151021,3,3,1,03,12,7,0,0,1,1,0,0,0,0
"POINT (8.474028980000071 49.481221393000055)",Unfall 151094 (2018) Kat:3, Licht: 2,151094,3,1,0,03,19,7,0,2,1,0,0,0,0,0
"POINT (8.463327541000069 49.484351061000041)",Unfall 151113 (2018) Kat:3, Licht: 0,151113,3,2,0,03,18,5,0,0,0,1,0,1,0,0
"POINT (8.483720225000070 49.468893095000055)",Unfall 151134 (2018) Kat:2, Licht: 0,151134,2,6,1,04,09,7,0,0,0,1,0,0,0,0
"POINT (8.508284616000026 49.512947536000070)",Unfall 151136 (2018) Kat:3, Licht: 0,151136,3,6,2,04,14,7,0,0,0,1,0,0,0,0
"POINT (8.497925662000057 49.518975852000040)",Unfall 151176 (2018) Kat:3, Licht: 0,151176,3,7,2,04,15,3,0,0,0,1,0,0,0,0
"POINT (8.481632938000075 49.452859764000038)",Unfall 151178 (2018) Kat:3, Licht: 0,151178,3,5,1,04,12,3,0,0,1,0,0,0,0,1
"POINT (8.502180602000067 49.519365880000066)",Unfall 151179 (2018) Kat:3, Licht: 0,151179,3,3,5,04,20,3,0,0,0,1,0,0,0,0
"POINT (8.501056073000029 49.454793435000056)",Unfall 151205 (2018) Kat:3, Licht: 0,151205,3,6,2,04,11,6,0,0,0,1,0,0,0,0
"POINT (8.484312575000047 49.512915476000046)",Unfall 151208 (2018) Kat:2, Licht: 0,151208,2,3,5,04,17,6,0,0,1,1,0,0,0,0
"POINT (8.472591063000039 49.480791330000045)",Unfall 151283 (2018) Kat:3, Licht: 2,151283,3,7,2,04,23,5,1,2,1,1,0,0,0,0
"POINT (8.470837208000035 49.497776144000056)",Unfall 151284 (2018) Kat:3, Licht: 0,151284,3,4,6,04,15,5,0,0,1,0,1,0,0,0
"POINT (8.472053067000047 49.516156189000071)",Unfall 151287 (2018) Kat:3, Licht: 0,151287,3,6,2,04,19,5,1,0,0,1,0,0,0,0
"POINT (8.495246520000023 49.533466987000054)",Unfall 151335 (2018) Kat:3, Licht: 2,151335,3,7,0,04,20,1,0,2,0,0,0,1,0,0
"POINT (8.480964288000052 49.547036846000026)",Unfall 151350 (2018) Kat:3, Licht: 0,151350,3,3,5,04,08,4,0,0,1,1,0,0,0,0
"POINT (8.472740106000060 49.495643248000079)",Unfall 151406 (2018) Kat:3, Licht: 1,151406,3,6,2,04,19,3,0,1,0,1,0,0,0,0
"POINT (8.504920058000039 49.522015866000061)",Unfall 151408 (2018) Kat:3, Licht: 0,151408,3,4,2,04,13,3,0,0,0,1,1,0,0,0
"POINT (8.476014749000058 49.486449372000038)",Unfall 151410 (2018) Kat:3, Licht: 0,151410,3,3,0,04,18,6,1,0,1,1,0,0,0,0
"POINT (8.468667527000036 49.481530769000074)",Unfall 151412 (2018) Kat:3, Licht: 0,151412,3,7,5,04,17,6,1,0,0,1,0,0,0,0
"POINT (8.500580232000061 49.530328250000082)",Unfall 151414 (2018) Kat:3, Licht: 0,151414,3,1,0,04,16,6,1,0,0,0,0,1,0,0
"POINT (8.471482283000057 49.493587072000025)",Unfall 151415 (2018) Kat:2, Licht: 0,151415,2,6,4,04,13,6,1,0,1,0,0,0,0,0
"POINT (8.527923603000033 49.487209608000057)",Unfall 151493 (2018) Kat:2, Licht: 0,151493,2,7,6,04,14,2,0,0,0,1,1,0,0,0
"POINT (8.527229831000057 49.503057982000030)",Unfall 151508 (2018) Kat:3, Licht: 0,151508,3,3,5,04,07,5,0,0,0,1,0,0,0,0
"POINT (8.492411436000054 49.521896352000056)",Unfall 151541 (2018) Kat:3, Licht: 0,151541,3,2,3,04,13,1,0,0,1,1,0,0,0,0
"POINT (8.455000023000025 49.540120674000036)",Unfall 151544 (2018) Kat:3, Licht: 2,151544,3,3,5,04,00,1,0,2,0,1,0,0,0,0
"POINT (8.473619872000029 49.496841007000057)",Unfall 151605 (2018) Kat:3, Licht: 0,151605,3,6,0,04,19,4,0,0,1,0,0,0,0,0
"POINT (8.556642211000053 49.460900947000027)",Unfall 151607 (2018) Kat:3, Licht: 0,151607,3,1,0,04,18,4,0,0,0,0,0,1,0,0
"POINT (8.466480736000051 49.489327542000069)",Unfall 151612 (2018) Kat:3, Licht: 0,151612,3,5,1,04,15,7,0,0,1,1,0,0,0,0
"POINT (8.465521557000045 49.487012540000080)",Unfall 151614 (2018) Kat:2, Licht: 1,151614,2,7,0,04,06,4,0,1,1,0,0,0,0,0
"POINT (8.535972326000035 49.454932250000070)",Unfall 151616 (2018) Kat:3, Licht: 0,151616,3,4,6,04,19,4,0,0,0,1,1,0,0,0
"POINT (8.451566592000063 49.494343827000080)",Unfall 151704 (2018) Kat:2, Licht: 0,151704,2,7,0,04,16,5,0,0,0,1,0,0,0,0
"POINT (8.485649827000032 49.530257281000047)",Unfall 151714 (2018) Kat:3, Licht: 0,151714,3,3,5,04,06,7,0,0,1,1,0,0,0,0
"POINT (8.469340967000051 49.487461534000033)",Unfall 151716 (2018) Kat:3, Licht: 2,151716,3,2,5,04,01,7,0,2,1,1,0,0,0,0
"POINT (8.475839685000040 49.488987435000070)",Unfall 151818 (2018) Kat:3, Licht: 0,151818,3,3,5,04,18,4,0,0,1,1,0,0,0,0
"POINT (8.498807288000023 49.453659237000068)",Unfall 151839 (2018) Kat:3, Licht: 0,151839,3,3,5,04,19,6,0,0,1,1,0,0,0,0
"POINT (8.470767722000062 49.486833796000042)",Unfall 151842 (2018) Kat:3, Licht: 0,151842,3,6,3,04,13,6,0,0,1,1,0,0,0,0
"POINT (8.466984304000050 49.471976219000055)",Unfall 151843 (2018) Kat:2, Licht: 0,151843,2,3,5,04,16,6,0,0,1,0,0,0,0,0
"POINT (8.467720146000033 49.488001125000039)",Unfall 151921 (2018) Kat:2, Licht: 0,151921,2,2,3,04,16,3,0,0,1,1,0,0,0,0
"POINT (8.482438275000050 49.470289286000082)",Unfall 151922 (2018) Kat:2, Licht: 0,151922,2,7,5,04,14,3,0,0,0,1,0,1,0,0
"POINT (8.483452918000069 49.473887186000070)",Unfall 151975 (2018) Kat:3, Licht: 0,151975,3,2,5,04,08,5,0,0,0,1,0,0,0,0
"POINT (8.507511132000047 49.468096843000069)",Unfall 152036 (2018) Kat:3, Licht: 0,152036,3,4,6,04,17,2,0,0,0,1,1,0,0,0
"POINT (8.472802996000041 49.482845056000031)",Unfall 152039 (2018) Kat:2, Licht: 0,152039,2,7,6,04,16,2,0,0,1,0,1,0,0,0
"POINT (8.470086408000043 49.498022560000038)",Unfall 152042 (2018) Kat:3, Licht: 0,152042,3,4,6,04,17,2,0,0,0,1,1,0,0,0
"POINT (8.473279690000027 49.508293128000048)",Unfall 152043 (2018) Kat:3, Licht: 0,152043,3,4,6,04,16,2,0,0,0,1,1,0,0,0
"POINT (8.491223566000031 49.515673547000063)",Unfall 152070 (2018) Kat:3, Licht: 1,152070,3,3,5,04,06,4,0,1,1,1,0,0,0,1
"POINT (8.498950224000055 49.460187490000067)",Unfall 152072 (2018) Kat:3, Licht: 0,152072,3,3,5,04,15,4,0,0,0,1,0,0,1,0
"POINT (8.470168017000049 49.507207569000059)",Unfall 152152 (2018) Kat:3, Licht: 0,152152,3,6,1,04,15,1,0,0,0,1,0,1,0,0
"POINT (8.466856983000071 49.499276092000059)",Unfall 152154 (2018) Kat:3, Licht: 2,152154,3,7,0,04,23,1,0,2,1,0,0,0,0,0
"POINT (8.484270572000071 49.510283180000044)",Unfall 152187 (2018) Kat:3, Licht: 0,152187,3,3,5,04,16,3,0,0,1,1,0,0,0,0
"POINT (8.476704612000049 49.462698664000072)",Unfall 152190 (2018) Kat:3, Licht: 0,152190,3,3,5,04,07,3,0,0,1,1,0,0,0,0
"POINT (8.496051205000072 49.531205870000065)",Unfall 152230 (2018) Kat:3, Licht: 0,152230,3,5,1,05,07,4,0,0,0,1,0,1,0,0
"POINT (8.476271196000027 49.480806346000065)",Unfall 152260 (2018) Kat:3, Licht: 2,152260,3,7,0,04,23,1,0,2,1,0,0,0,0,0
"POINT (8.451387520000026 49.494585764000078)",Unfall 152299 (2018) Kat:3, Licht: 0,152299,3,3,5,05,12,3,0,0,0,1,0,1,0,0
"POINT (8.488538114000050 49.524990910000042)",Unfall 152307 (2018) Kat:3, Licht: 0,152307,3,3,5,04,20,7,0,0,1,1,0,0,0,0
"POINT (8.482772281000052 49.481221056000038)",Unfall 152315 (2018) Kat:3, Licht: 0,152315,3,3,5,04,09,2,0,0,0,1,0,0,0,0
"POINT (8.535727422000036 49.448471624000035)",Unfall 152325 (2018) Kat:3, Licht: 0,152325,3,6,4,04,12,2,0,0,0,1,0,0,0,0
"POINT (8.571205583000051 49.436545938000052)",Unfall 152334 (2018) Kat:3, Licht: 0,152334,3,1,4,04,09,2,0,0,0,1,0,1,0,0
"POINT (8.478828187000033 49.545413672000052)",Unfall 152338 (2018) Kat:3, Licht: 0,152338,3,4,6,04,15,2,0,0,1,0,1,0,0,0
"POINT (8.465417525000021 49.485739363000050)",Unfall 152344 (2018) Kat:2, Licht: 0,152344,2,7,0,04,18,2,0,0,1,0,0,0,0,0
"POINT (8.471816320000073 49.478749260000029)",Unfall 152386 (2018) Kat:3, Licht: 0,152386,3,5,1,04,14,6,0,0,0,1,0,0,1,0
"POINT (8.479383917000064 49.495893867000063)",Unfall 152392 (2018) Kat:3, Licht: 0,152392,3,7,6,04,11,6,0,0,1,0,1,0,0,0
"POINT (8.450616641000067 49.539147517000060)",Unfall 152394 (2018) Kat:2, Licht: 1,152394,2,3,5,04,20,6,0,1,0,1,0,0,0,0
"POINT (8.474940806000063 49.480548001000045)",Unfall 152404 (2018) Kat:3, Licht: 0,152404,3,3,5,05,11,4,0,0,0,1,0,0,0,0
"POINT (8.546884295000041 49.514038690000064)",Unfall 152549 (2018) Kat:3, Licht: 0,152549,3,6,2,05,11,6,0,0,0,1,0,0,0,0
"POINT (8.540421920000028 49.474515297000039)",Unfall 152558 (2018) Kat:3, Licht: 0,152558,3,6,2,05,16,2,0,0,0,1,0,0,0,0
"POINT (8.496649000000048 49.503479850000076)",Unfall 152561 (2018) Kat:3, Licht: 0,152561,3,6,2,05,07,2,0,0,0,1,0,0,0,0
"POINT (8.495044801000063 49.453815999000028)",Unfall 152562 (2018) Kat:3, Licht: 0,152562,3,7,5,05,19,2,0,0,0,1,0,0,0,0
"POINT (8.563185542000042 49.467246684000031)",Unfall 152565 (2018) Kat:3, Licht: 0,152565,3,3,5,05,08,2,0,0,1,1,0,0,0,0
"POINT (8.478453931000047 49.497780304000059)",Unfall 152575 (2018) Kat:3, Licht: 0,152575,3,4,6,05,15,5,0,0,0,1,1,0,0,0
"POINT (8.451540371000021 49.532633509000050)",Unfall 152624 (2018) Kat:3, Licht: 1,152624,3,1,0,05,20,7,0,1,1,0,0,0,0,0
"POINT (8.464957969000068 49.498266653000030)",Unfall 152698 (2018) Kat:3, Licht: 0,152698,3,3,5,05,12,5,1,0,0,1,0,0,0,0
"POINT (8.526112102000070 49.503174357000034)",Unfall 152699 (2018) Kat:2, Licht: 0,152699,2,5,1,05,19,5,0,0,0,1,0,1,0,0
"POINT (8.473646062000057 49.508184424000035)",Unfall 152743 (2018) Kat:3, Licht: 0,152743,3,3,5,05,08,4,0,0,0,1,0,1,0,0
"POINT (8.483211524000069 49.478052031000061)",Unfall 152825 (2018) Kat:3, Licht: 0,152825,3,3,5,05,15,7,0,0,1,1,0,0,0,0
"POINT (8.464294297000038 49.506521888000066)",Unfall 152875 (2018) Kat:3, Licht: 0,152875,3,3,6,05,19,3,0,0,1,0,1,0,0,0
"POINT (8.451486076000037 49.494451315000049)",Unfall 152878 (2018) Kat:2, Licht: 0,152878,2,7,0,05,13,3,0,0,1,0,0,0,0,0
"POINT (8.465657558000032 49.484619577000046)",Unfall 152879 (2018) Kat:3, Licht: 0,152879,3,3,5,05,08,3,0,0,0,1,0,0,0,1
"POINT (8.481870425000068 49.493869992000043)",Unfall 152880 (2018) Kat:3, Licht: 0,152880,3,3,5,05,09,3,0,0,1,1,0,0,0,0
"POINT (8.476542061000032 49.508375333000060)",Unfall 152882 (2018) Kat:3, Licht: 0,152882,3,7,6,05,08,3,0,0,0,1,1,0,0,0
"POINT (8.478718174000051 49.480514661000029)",Unfall 152911 (2018) Kat:3, Licht: 0,152911,3,5,1,05,11,6,0,0,1,1,0,0,0,0
"POINT (8.465487416000030 49.488871818000064)",Unfall 152912 (2018) Kat:3, Licht: 0,152912,3,6,2,05,17,6,0,0,0,1,0,0,0,0
"POINT (8.476148640000076 49.484770925000078)",Unfall 152986 (2018) Kat:3, Licht: 0,152986,3,6,1,05,16,4,0,0,0,1,0,0,0,0
"POINT (8.526716977000035 49.442689454000060)",Unfall 152988 (2018) Kat:3, Licht: 0,152988,3,3,5,05,18,4,0,0,1,1,0,0,0,0
"POINT (8.469287432000044 49.480330939000055)",Unfall 153069 (2018) Kat:3, Licht: 0,153069,3,7,6,05,16,6,0,0,0,0,1,0,0,1
"POINT (8.482284166000056 49.479168113000071)",Unfall 153073 (2018) Kat:3, Licht: 0,153073,3,3,5,05,08,6,0,0,1,1,0,0,0,0
"POINT (8.466000949000033 49.485509316000048)",Unfall 153096 (2018) Kat:3, Licht: 0,153096,3,6,3,05,09,3,0,0,0,1,0,1,0,0
"POINT (8.527971911000066 49.414987839000048)",Unfall 153098 (2018) Kat:3, Licht: 0,153098,3,3,5,05,05,3,0,0,0,1,0,0,0,0
"POINT (8.564634175000037 49.456760486000064)",Unfall 153100 (2018) Kat:3, Licht: 1,153100,3,7,0,05,20,3,1,1,0,0,0,1,0,0
"POINT (8.443839328000024 49.498781616000031)",Unfall 153103 (2018) Kat:2, Licht: 2,153103,2,1,8,05,01,3,0,2,0,1,0,0,0,0
"POINT (8.487505090000070 49.462482471000044)",Unfall 153155 (2018) Kat:3, Licht: 0,153155,3,3,5,05,13,5,0,0,1,1,0,0,0,0
"POINT (8.488647855000068 49.463810247000026)",Unfall 153158 (2018) Kat:3, Licht: 0,153158,3,7,2,05,17,5,0,0,1,1,0,0,0,0
"POINT (8.505237764000071 49.456005441000059)",Unfall 153196 (2018) Kat:3, Licht: 0,153196,3,6,3,05,17,2,0,0,0,1,0,0,0,1
"POINT (8.482736684000031 49.454066202000035)",Unfall 153199 (2018) Kat:3, Licht: 0,153199,3,7,0,05,11,2,0,0,0,1,0,0,0,1
"POINT (8.461850633000040 49.499301115000037)",Unfall 153202 (2018) Kat:3, Licht: 0,153202,3,2,3,05,15,2,0,0,1,1,0,0,0,0
"POINT (8.472382231000040 49.497115860000065)",Unfall 153204 (2018) Kat:3, Licht: 0,153204,3,4,1,05,08,2,0,0,0,1,1,0,0,1
"POINT (8.508753401000035 49.454423465000048)",Unfall 153260 (2018) Kat:2, Licht: 0,153260,2,2,6,05,14,7,0,0,0,1,1,0,0,0
"POINT (8.492153860000030 49.452773374000060)",Unfall 153262 (2018) Kat:3, Licht: 0,153262,3,3,0,05,13,7,0,0,1,1,0,0,0,0
"POINT (8.507338948000040 49.514069381000070)",Unfall 153311 (2018) Kat:3, Licht: 0,153311,3,7,0,05,08,3,0,0,0,0,0,1,0,0
"POINT (8.511948931000063 49.444959841000070)",Unfall 153313 (2018) Kat:2, Licht: 0,153313,2,3,5,05,19,3,0,0,0,1,0,0,0,0
"POINT (8.484135641000023 49.468564244000049)",Unfall 153339 (2018) Kat:3, Licht: 0,153339,3,6,3,05,20,6,0,0,0,1,0,0,0,0
"POINT (8.485038689000021 49.477483684000049)",Unfall 153340 (2018) Kat:2, Licht: 0,153340,2,7,0,05,08,6,0,0,1,0,0,0,0,0
"POINT (8.467583750000074 49.487965502000065)",Unfall 153342 (2018) Kat:3, Licht: 0,153342,3,3,5,05,13,6,0,0,0,1,0,1,0,0
"POINT (8.470448785000031 49.493199265000044)",Unfall 153343 (2018) Kat:3, Licht: 0,153343,3,7,6,05,10,6,0,0,1,0,1,0,0,0
"POINT (8.476238463000072 49.536473784000066)",Unfall 153430 (2018) Kat:3, Licht: 0,153430,3,3,5,05,10,5,0,0,0,1,0,0,0,0
"POINT (8.467261812000061 49.483983468000076)",Unfall 153431 (2018) Kat:3, Licht: 0,153431,3,3,5,05,14,1,1,0,0,1,0,0,0,0
"POINT (8.516038088000073 49.478450901000031)",Unfall 153432 (2018) Kat:3, Licht: 0,153432,3,3,5,05,17,5,0,0,0,1,0,0,0,1
"POINT (8.469801119000067 49.504388235000079)",Unfall 153434 (2018) Kat:3, Licht: 0,153434,3,3,5,05,18,5,0,0,1,1,0,0,0,0
"POINT (8.481603358000029 49.527148149000027)",Unfall 153471 (2018) Kat:3, Licht: 0,153471,3,5,1,05,14,7,0,0,1,1,0,0,0,0
"POINT (8.497248244000048 49.502977785000041)",Unfall 153473 (2018) Kat:3, Licht: 0,153473,3,6,1,05,17,7,0,0,0,1,0,0,0,0
"POINT (8.483685317000038 49.469846506000067)",Unfall 153491 (2018) Kat:3, Licht: 0,153491,3,3,5,05,13,4,0,0,1,1,0,0,0,0
"POINT (8.466193600000054 49.487766493000038)",Unfall 153492 (2018) Kat:3, Licht: 0,153492,3,2,5,05,15,4,0,0,1,0,0,0,0,1
"POINT (8.509878564000076 49.517004139000051)",Unfall 153493 (2018) Kat:2, Licht: 0,153493,2,2,5,05,08,4,0,0,1,1,0,0,0,0
"POINT (8.468325946000050 49.452108158000044)",Unfall 153543 (2018) Kat:3, Licht: 0,153543,3,7,6,06,12,7,0,0,0,1,1,0,0,0
"POINT (8.509377495000024 49.445831098000042)",Unfall 153552 (2018) Kat:3, Licht: 0,153552,3,6,3,05,16,3,0,0,0,1,0,0,0,0
"POINT (8.545946775000061 49.513288696000075)",Unfall 153609 (2018) Kat:3, Licht: 0,153609,3,3,5,05,11,2,0,0,1,1,0,0,0,0
"POINT (8.471396009000046 49.487282494000056)",Unfall 153611 (2018) Kat:3, Licht: 0,153611,3,7,2,05,11,2,0,0,1,0,0,0,0,1
"POINT (8.488305328000024 49.495132780000063)",Unfall 153613 (2018) Kat:3, Licht: 0,153613,3,6,2,05,14,2,0,0,0,1,0,0,1,0
"POINT (8.530051870000023 49.510109445000069)",Unfall 153631 (2018) Kat:3, Licht: 0,153631,3,3,5,06,10,6,0,0,0,1,0,0,0,0
"POINT (8.508414607000077 49.503966480000031)",Unfall 153633 (2018) Kat:3, Licht: 0,153633,3,5,1,06,13,6,0,0,1,1,0,0,0,0
"POINT (8.471505838000041 49.493327965000049)",Unfall 153635 (2018) Kat:3, Licht: 2,153635,3,1,8,06,04,6,1,2,0,1,0,0,0,0
"POINT (8.465948302000072 49.495170877000078)",Unfall 153678 (2018) Kat:3, Licht: 0,153678,3,5,9,05,17,5,0,0,1,0,0,0,0,1
"POINT (8.482254715000067 49.458240499000055)",Unfall 153768 (2018) Kat:3, Licht: 0,153768,3,6,4,06,16,3,0,0,0,1,0,1,0,0
"POINT (8.456835293000040 49.513465426000039)",Unfall 153771 (2018) Kat:3, Licht: 0,153771,3,2,4,06,13,6,0,0,0,1,0,0,1,0
"POINT (8.465442201000030 49.488200421000045)",Unfall 153772 (2018) Kat:3, Licht: 0,153772,3,3,5,06,17,6,0,0,1,0,0,0,0,1
"POINT (8.483813099000031 49.497241690000067)",Unfall 153773 (2018) Kat:3, Licht: 0,153773,3,2,5,06,13,6,0,0,1,1,0,0,0,0
"POINT (8.454962758000022 49.540129467000042)",Unfall 153774 (2018) Kat:2, Licht: 2,153774,2,3,5,06,00,6,1,2,0,1,0,0,1,0
"POINT (8.533883333000063 49.424762049000037)",Unfall 153862 (2018) Kat:2, Licht: 0,153862,2,1,0,06,07,2,0,0,1,0,0,0,0,0
"POINT (8.468770739000036 49.491799866000065)",Unfall 153864 (2018) Kat:3, Licht: 0,153864,3,2,3,06,10,2,0,0,1,1,0,0,0,0
"POINT (8.463326499000061 49.503355719000069)",Unfall 153880 (2018) Kat:3, Licht: 0,153880,3,7,6,06,07,5,0,0,0,1,1,0,0,0
"POINT (8.457009196000058 49.493697892000057)",Unfall 153882 (2018) Kat:3, Licht: 0,153882,3,5,5,06,20,5,0,0,0,1,0,0,0,0
"POINT (8.468109242000026 49.476076917000057)",Unfall 153948 (2018) Kat:3, Licht: 0,153948,3,3,5,06,18,1,0,0,0,1,0,1,0,0
"POINT (8.463057918000061 49.488063572000044)",Unfall 153951 (2018) Kat:2, Licht: 1,153951,2,3,5,06,05,1,0,1,0,1,0,0,0,0
"POINT (8.483408628000063 49.477712114000042)",Unfall 153968 (2018) Kat:3, Licht: 0,153968,3,5,1,06,16,4,0,0,1,1,0,0,0,0
"POINT (8.502860787000032 49.455394345000059)",Unfall 153971 (2018) Kat:3, Licht: 0,153971,3,2,5,06,07,4,0,0,1,1,0,0,0,0
"POINT (8.448635086000024 49.550256334000039)",Unfall 154025 (2018) Kat:3, Licht: 0,154025,3,3,5,06,16,2,0,0,1,1,0,0,0,0
"POINT (8.478809173000059 49.489900942000077)",Unfall 154026 (2018) Kat:3, Licht: 0,154026,3,3,5,06,20,2,0,0,1,1,0,0,0,0
"POINT (8.501807448000022 49.494323255000040)",Unfall 154028 (2018) Kat:3, Licht: 0,154028,3,6,1,06,16,2,0,0,0,1,0,0,0,0
"POINT (8.483730858000058 49.469832650000058)",Unfall 154030 (2018) Kat:3, Licht: 0,154030,3,3,5,06,08,2,0,0,1,1,0,0,0,0
"POINT (8.483707069000047 49.469280784000034)",Unfall 154100 (2018) Kat:3, Licht: 0,154100,3,6,1,06,15,1,0,0,0,1,0,0,0,0
"POINT (8.471764714000074 49.492891561000079)",Unfall 154101 (2018) Kat:3, Licht: 0,154101,3,3,5,06,18,4,0,0,1,0,0,1,0,0
"POINT (8.538907003000077 49.418845735000048)",Unfall 154102 (2018) Kat:3, Licht: 0,154102,3,3,5,06,19,1,1,0,1,1,0,0,0,0
"POINT (8.507159508000029 49.441747979000070)",Unfall 154103 (2018) Kat:3, Licht: 1,154103,3,7,8,06,18,4,0,1,0,1,0,0,0,0
"POINT (8.548842898000032 49.496065092000038)",Unfall 154104 (2018) Kat:3, Licht: 0,154104,3,6,2,06,15,1,0,0,0,1,0,0,0,0
"POINT (8.476734512000064 49.462833951000050)",Unfall 154180 (2018) Kat:3, Licht: 0,154180,3,6,2,06,13,3,1,0,0,1,0,1,0,0
"POINT (8.468097156000056 49.491055490000065)",Unfall 154182 (2018) Kat:3, Licht: 0,154182,3,6,3,06,09,7,0,0,1,1,0,0,0,0
"POINT (8.530073591000075 49.507780960000048)",Unfall 154183 (2018) Kat:2, Licht: 0,154183,2,4,6,06,13,3,0,0,0,1,1,0,0,0
"POINT (8.500254721000033 49.530479680000042)",Unfall 154185 (2018) Kat:3, Licht: 0,154185,3,4,6,06,16,3,0,0,0,1,1,0,0,0
"POINT (8.475165592000053 49.504048177000072)",Unfall 154282 (2018) Kat:3, Licht: 0,154282,3,3,5,06,14,7,0,0,0,1,0,1,0,0
"POINT (8.478900663000047 49.477125324000042)",Unfall 154295 (2018) Kat:3, Licht: 0,154295,3,3,5,06,14,7,0,0,0,1,0,0,0,0
"POINT (8.476697865000062 49.462697168000034)",Unfall 154297 (2018) Kat:3, Licht: 0,154297,3,3,5,06,18,7,0,0,1,1,0,0,0,0
"POINT (8.492183713000031 49.506777358000079)",Unfall 154299 (2018) Kat:2, Licht: 0,154299,2,6,2,06,14,7,0,0,0,1,0,1,0,0
"POINT (8.493723751000061 49.500777899000070)",Unfall 154325 (2018) Kat:3, Licht: 0,154325,3,4,6,06,13,3,0,0,0,1,1,0,0,0
"POINT (8.470110939000051 49.470411469000055)",Unfall 154396 (2018) Kat:3, Licht: 0,154396,3,3,5,06,19,6,0,0,0,1,0,0,0,0
"POINT (8.549361630000021 49.489759193000054)",Unfall 154397 (2018) Kat:3, Licht: 0,154397,3,3,5,06,06,6,0,0,0,1,0,0,0,0
"POINT (8.442362777000028 49.506357395000066)",Unfall 154403 (2018) Kat:2, Licht: 2,154403,2,1,8,06,21,6,0,2,0,1,0,0,0,0
"POINT (8.483962695000059 49.481004801000040)",Unfall 154423 (2018) Kat:3, Licht: 0,154423,3,2,5,06,11,2,0,0,1,0,0,0,1,0
"POINT (8.505507893000072 49.494098615000041)",Unfall 154425 (2018) Kat:3, Licht: 0,154425,3,2,4,06,07,2,0,0,1,1,0,0,0,0
"POINT (8.478028302000041 49.499465385000065)",Unfall 154428 (2018) Kat:3, Licht: 0,154428,3,7,6,06,18,2,0,0,0,1,1,0,0,0
"POINT (8.493299128000047 49.521877770000060)",Unfall 154430 (2018) Kat:3, Licht: 0,154430,3,3,5,06,08,2,0,0,1,1,0,0,0,0
"POINT (8.457087571000045 49.494119970000042)",Unfall 154581 (2018) Kat:2, Licht: 0,154581,2,2,0,06,15,1,0,0,0,1,0,1,0,0
"POINT (8.468630741000027 49.491646735000074)",Unfall 154589 (2018) Kat:3, Licht: 0,154589,3,7,0,06,14,7,0,0,1,1,0,0,0,0
"POINT (8.474804255000038 49.534644553000078)",Unfall 154616 (2018) Kat:3, Licht: 0,154616,3,6,4,06,16,5,0,0,0,1,0,0,0,0
"POINT (8.478412157000037 49.487114503000043)",Unfall 154617 (2018) Kat:3, Licht: 0,154617,3,5,0,06,18,5,0,0,0,1,0,1,0,0
"POINT (8.479285520000076 49.508833728000070)",Unfall 154619 (2018) Kat:3, Licht: 0,154619,3,7,0,06,16,5,0,0,1,0,0,0,0,0
"POINT (8.509439079000060 49.425796410000032)",Unfall 154621 (2018) Kat:2, Licht: 0,154621,2,3,0,06,16,5,0,0,1,1,0,0,0,0
"POINT (8.492152525000051 49.521932514000071)",Unfall 154628 (2018) Kat:3, Licht: 0,154628,3,5,5,06,14,6,0,0,0,1,0,1,0,0
"POINT (8.511781853000059 49.461684843000057)",Unfall 154632 (2018) Kat:3, Licht: 0,154632,3,2,0,06,15,6,0,0,0,0,0,1,0,0
"POINT (8.489118615000052 49.453815877000068)",Unfall 154639 (2018) Kat:3, Licht: 0,154639,3,7,1,06,11,6,0,0,0,1,1,1,0,0
"POINT (8.574478042000067 49.454937283000049)",Unfall 154641 (2018) Kat:3, Licht: 0,154641,3,6,2,06,08,6,0,0,0,1,0,0,0,0
"POINT (8.514544915000045 49.447750029000076)",Unfall 154693 (2018) Kat:3, Licht: 0,154693,3,3,5,06,11,7,0,0,0,1,0,0,0,0
"POINT (8.508364286000074 49.482181942000068)",Unfall 154754 (2018) Kat:3, Licht: 0,154754,3,5,1,06,19,4,0,0,1,1,0,0,0,0
"POINT (8.487611123000022 49.459949233000032)",Unfall 154755 (2018) Kat:3, Licht: 0,154755,3,3,5,06,15,4,0,0,1,1,0,0,0,0
"POINT (8.546268628000064 49.493603445000076)",Unfall 154757 (2018) Kat:3, Licht: 0,154757,3,6,0,06,10,4,0,0,1,1,0,0,0,0
"POINT (8.538429297000050 49.417125695000038)",Unfall 154758 (2018) Kat:2, Licht: 0,154758,2,7,1,06,13,4,0,0,0,1,0,0,0,0
"POINT (8.473205686000028 49.485896636000064)",Unfall 154792 (2018) Kat:3, Licht: 0,154792,3,4,6,06,16,5,0,0,1,0,1,0,0,0
"POINT (8.498915850000060 49.453796304000036)",Unfall 154884 (2018) Kat:3, Licht: 0,154884,3,3,5,06,16,3,0,0,1,1,0,0,0,0
"POINT (8.539590228000066 49.453500264000070)",Unfall 154887 (2018) Kat:3, Licht: 2,154887,3,1,8,06,22,3,0,2,0,1,0,0,0,0
"POINT (8.505316362000031 49.443043404000036)",Unfall 154888 (2018) Kat:2, Licht: 1,154888,2,1,8,06,20,3,0,1,0,0,0,1,0,0
"POINT (8.484135747000039 49.456027187000075)",Unfall 154894 (2018) Kat:3, Licht: 0,154894,3,3,5,06,08,5,0,0,0,1,0,0,0,1
"POINT (8.524877158000038 49.449318334000054)",Unfall 154960 (2018) Kat:3, Licht: 0,154960,3,3,5,06,17,5,0,0,0,1,0,0,0,0
"POINT (8.470707594000032 49.508995380000044)",Unfall 154976 (2018) Kat:3, Licht: 0,154976,3,5,1,06,19,2,0,0,1,1,0,0,0,0
"POINT (8.503707769000073 49.492744319000053)",Unfall 154977 (2018) Kat:3, Licht: 2,154977,3,2,5,06,22,2,0,2,0,1,0,1,0,0
"POINT (8.513846334000050 49.450864892000027)",Unfall 154980 (2018) Kat:2, Licht: 0,154980,2,3,5,06,16,2,0,0,0,1,0,0,0,0
"POINT (8.486692720000065 49.465262569000060)",Unfall 154998 (2018) Kat:3, Licht: 0,154998,3,2,5,06,07,5,0,0,1,1,0,0,0,0
"POINT (8.487472049000076 49.459905367000033)",Unfall 155004 (2018) Kat:3, Licht: 0,155004,3,2,5,06,15,4,0,0,1,1,0,0,0,0
"POINT (8.550705867000033 49.501542671000038)",Unfall 155093 (2018) Kat:3, Licht: 0,155093,3,1,0,07,10,1,0,0,1,0,0,0,0,0
"POINT (8.498850194000056 49.479118485000072)",Unfall 155107 (2018) Kat:3, Licht: 0,155107,3,7,0,07,17,3,0,0,1,0,0,0,0,0
"POINT (8.493278840000073 49.453537292000078)",Unfall 155109 (2018) Kat:3, Licht: 0,155109,3,2,6,07,13,3,0,0,0,1,1,0,0,0
"POINT (8.496237552000025 49.450395983000078)",Unfall 155150 (2018) Kat:3, Licht: 0,155150,3,7,6,06,13,7,0,0,0,1,1,0,0,0
"POINT (8.466661635000037 49.488407838000057)",Unfall 155151 (2018) Kat:3, Licht: 0,155151,3,1,8,06,10,7,0,0,1,0,0,0,0,1
"POINT (8.469968285000050 49.512918849000073)",Unfall 155228 (2018) Kat:3, Licht: 0,155228,3,2,5,06,16,6,0,0,1,1,0,0,0,0
"POINT (8.514780857000062 49.439924756000039)",Unfall 155231 (2018) Kat:3, Licht: 0,155231,3,6,0,06,05,6,0,0,1,0,0,0,0,0
"POINT (8.478538571000058 49.460283825000033)",Unfall 155232 (2018) Kat:3, Licht: 0,155232,3,3,5,06,10,6,0,0,1,1,0,0,0,0
"POINT (8.515231449000055 49.462461227000063)",Unfall 155235 (2018) Kat:3, Licht: 0,155235,3,1,9,06,08,6,0,0,0,0,0,1,0,0
"POINT (8.469848126000045 49.504392707000079)",Unfall 155236 (2018) Kat:3, Licht: 0,155236,3,3,0,06,17,6,0,0,1,0,0,1,0,0
"POINT (8.481014739000045 49.535643635000042)",Unfall 155237 (2018) Kat:3, Licht: 0,155237,3,3,5,07,13,2,0,0,1,1,0,0,0,0
"POINT (8.473849194000025 49.481485964000058)",Unfall 155240 (2018) Kat:3, Licht: 0,155240,3,6,1,07,09,2,0,0,0,1,0,0,0,1
"POINT (8.474457180000059 49.517334125000048)",Unfall 155242 (2018) Kat:3, Licht: 0,155242,3,7,0,07,06,2,0,0,1,0,0,0,0,0
"POINT (8.464220478000073 49.488533192000034)",Unfall 155322 (2018) Kat:3, Licht: 0,155322,3,7,1,07,14,1,0,0,0,1,0,0,0,1
"POINT (8.493425010000067 49.448419541000078)",Unfall 155338 (2018) Kat:3, Licht: 0,155338,3,7,8,07,09,5,0,0,1,0,0,0,0,0
"POINT (8.512893394000059 49.508117494000032)",Unfall 155339 (2018) Kat:3, Licht: 0,155339,3,7,0,07,18,5,0,0,1,1,0,0,0,0
"POINT (8.460539456000049 49.495264208000037)",Unfall 155341 (2018) Kat:3, Licht: 1,155341,3,6,2,07,21,5,0,1,0,1,0,1,0,0
"POINT (8.472353798000029 49.497354587000075)",Unfall 155464 (2018) Kat:3, Licht: 0,155464,3,6,2,07,07,4,0,0,0,1,0,0,0,0
"POINT (8.507234350000033 49.505120397000042)",Unfall 155468 (2018) Kat:3, Licht: 0,155468,3,3,5,07,18,4,0,0,1,0,0,1,0,0
"POINT (8.500761789000023 49.530719045000069)",Unfall 155521 (2018) Kat:3, Licht: 0,155521,3,4,6,07,09,6,0,0,0,1,1,0,0,0
"POINT (8.488171803000057 49.500422202000038)",Unfall 155523 (2018) Kat:3, Licht: 0,155523,3,2,3,07,09,6,0,0,1,1,0,0,0,0
"POINT (8.446231086000068 49.543204779000064)",Unfall 155568 (2018) Kat:3, Licht: 0,155568,3,3,5,07,16,6,0,0,0,1,0,1,0,0
"POINT (8.478468503000045 49.460268509000059)",Unfall 155570 (2018) Kat:3, Licht: 0,155570,3,3,5,07,16,6,0,0,1,1,0,0,0,0
"POINT (8.481731825000054 49.525800440000069)",Unfall 155610 (2018) Kat:3, Licht: 0,155610,3,3,5,07,15,3,0,0,1,1,0,0,0,0
"POINT (8.510375562000036 49.455926051000063)",Unfall 155611 (2018) Kat:3, Licht: 0,155611,3,6,2,07,08,3,0,0,0,1,0,1,0,0
"POINT (8.459233238000024 49.491273201000070)",Unfall 155615 (2018) Kat:3, Licht: 0,155615,3,4,6,07,10,3,0,0,0,1,1,0,0,0
"POINT (8.471208948000026 49.490764088000049)",Unfall 155720 (2018) Kat:3, Licht: 0,155720,3,1,5,07,18,5,0,0,1,1,0,0,0,0
"POINT (8.468351982000058 49.547901425000077)",Unfall 155729 (2018) Kat:3, Licht: 0,155729,3,3,5,07,11,2,0,0,1,1,0,0,0,0
"POINT (8.538889852000068 49.490231983000058)",Unfall 155731 (2018) Kat:3, Licht: 0,155731,3,7,0,07,06,2,0,0,1,0,0,0,0,1
"POINT (8.475408264000066 49.485052713000073)",Unfall 155733 (2018) Kat:2, Licht: 0,155733,2,2,5,07,17,2,0,0,1,1,0,0,0,0
"POINT (8.498960442000055 49.460295748000078)",Unfall 155845 (2018) Kat:2, Licht: 0,155845,2,2,5,07,06,4,0,0,1,1,0,0,0,0
"POINT (8.466402606000031 49.490582348000032)",Unfall 155851 (2018) Kat:3, Licht: 0,155851,3,3,5,07,19,1,1,0,1,1,0,0,0,0
"POINT (8.538615414000049 49.453101129000061)",Unfall 155852 (2018) Kat:2, Licht: 0,155852,2,2,5,07,09,1,0,0,1,1,0,0,0,0
"POINT (8.565075332000049 49.465453726000078)",Unfall 155924 (2018) Kat:2, Licht: 0,155924,2,1,0,07,10,3,0,0,1,0,0,0,0,0
"POINT (8.489342117000035 49.478868477000049)",Unfall 155940 (2018) Kat:2, Licht: 0,155940,2,6,6,07,13,3,0,0,1,0,1,0,0,0
"POINT (8.473053716000038 49.472591163000061)",Unfall 155942 (2018) Kat:3, Licht: 0,155942,3,3,5,07,11,3,0,0,1,1,0,0,0,0
"POINT (8.464569114000028 49.487354409000034)",Unfall 155944 (2018) Kat:3, Licht: 0,155944,3,3,0,07,12,3,0,0,0,1,0,1,0,0
"POINT (8.517538241000068 49.442021287000046)",Unfall 155947 (2018) Kat:2, Licht: 0,155947,2,3,4,07,13,3,0,0,1,1,0,0,0,0
"POINT (8.522999517000073 49.438276888000075)",Unfall 155954 (2018) Kat:3, Licht: 0,155954,3,6,4,07,18,7,0,0,0,1,0,0,0,0
"POINT (8.492453919000070 49.461151467000036)",Unfall 156032 (2018) Kat:2, Licht: 0,156032,2,1,8,07,19,2,0,0,0,1,0,0,0,0
"POINT (8.475085664000062 49.504057133000060)",Unfall 156103 (2018) Kat:3, Licht: 0,156103,3,2,5,07,13,6,0,0,1,1,0,0,0,0
"POINT (8.530438274000062 49.417017106000060)",Unfall 156105 (2018) Kat:3, Licht: 0,156105,3,3,5,07,12,6,0,0,0,1,0,1,0,0
"POINT (8.463400935000038 49.489696767000055)",Unfall 156112 (2018) Kat:3, Licht: 2,156112,3,3,5,07,01,6,0,2,1,1,0,0,0,0
"POINT (8.473637264000047 49.483834708000074)",Unfall 156113 (2018) Kat:3, Licht: 0,156113,3,6,2,07,12,6,0,0,0,1,0,0,0,0
"POINT (8.536485920000075 49.421666641000058)",Unfall 156115 (2018) Kat:3, Licht: 0,156115,3,3,5,07,14,6,0,0,0,1,0,0,0,0
"POINT (8.481109177000064 49.482078272000081)",Unfall 156167 (2018) Kat:3, Licht: 0,156167,3,6,2,07,16,2,0,0,0,1,0,0,0,0
"POINT (8.486039591000065 49.475675529000057)",Unfall 156169 (2018) Kat:3, Licht: 1,156169,3,7,0,07,21,2,0,1,1,0,0,0,0,0
"POINT (8.473484299000063 49.513637114000062)",Unfall 156171 (2018) Kat:2, Licht: 0,156171,2,3,5,07,16,2,0,0,1,1,0,0,0,0
"POINT (8.541278719000047 49.498783503000027)",Unfall 156172 (2018) Kat:3, Licht: 0,156172,3,6,3,07,13,2,0,0,1,1,0,0,0,0
"POINT (8.468305844000042 49.529180944000075)",Unfall 156210 (2018) Kat:2, Licht: 0,156210,2,2,4,07,17,5,0,0,0,1,0,1,0,0
"POINT (8.468152446000033 49.485970253000062)",Unfall 156212 (2018) Kat:3, Licht: 0,156212,3,6,1,07,18,5,0,0,0,1,0,1,0,0
"POINT (8.447206726000047 49.541759192000029)",Unfall 156247 (2018) Kat:3, Licht: 0,156247,3,3,5,07,19,1,0,0,0,1,0,1,0,0
"POINT (8.472979852000037 49.495358190000047)",Unfall 156291 (2018) Kat:2, Licht: 2,156291,2,1,0,07,03,7,0,2,1,0,0,0,0,0
"POINT (8.473749383000040 49.515827122000076)",Unfall 156355 (2018) Kat:3, Licht: 0,156355,3,2,5,07,05,5,0,0,0,1,0,0,0,0
"POINT (8.481477508000069 49.499063098000079)",Unfall 156360 (2018) Kat:3, Licht: 2,156360,3,7,0,07,03,1,0,2,0,0,0,1,0,0
"POINT (8.470884092000063 49.501994431000071)",Unfall 156362 (2018) Kat:3, Licht: 0,156362,3,3,5,07,17,1,0,0,1,1,0,0,0,0
"POINT (8.486872425000058 49.523247717000061)",Unfall 156365 (2018) Kat:3, Licht: 1,156365,3,5,1,07,05,1,0,1,0,1,0,0,0,0
"POINT (8.464760427000044 49.491138087000081)",Unfall 156416 (2018) Kat:3, Licht: 0,156416,3,3,5,07,17,7,0,0,1,1,0,0,0,0
"POINT (8.534232192000047 49.446072371000071)",Unfall 156455 (2018) Kat:3, Licht: 0,156455,3,3,5,07,15,4,0,0,0,1,0,1,0,0
"POINT (8.504884312000058 49.518717098000081)",Unfall 156457 (2018) Kat:2, Licht: 0,156457,2,5,1,07,16,4,0,0,0,1,0,1,0,0
"POINT (8.487517235000041 49.495880361000047)",Unfall 156491 (2018) Kat:3, Licht: 0,156491,3,5,5,07,12,6,0,0,1,1,0,0,0,0
"POINT (8.473343276000037 49.518608663000066)",Unfall 156494 (2018) Kat:3, Licht: 0,156494,3,2,3,07,13,6,0,0,0,1,0,1,0,0
"POINT (8.484804621000023 49.461585278000030)",Unfall 156496 (2018) Kat:3, Licht: 0,156496,3,3,5,07,15,6,0,0,0,1,0,0,0,0
"POINT (8.495980741000039 49.524429914000052)",Unfall 156498 (2018) Kat:3, Licht: 0,156498,3,6,4,07,10,6,0,0,0,1,0,1,0,0
"POINT (8.465664824000044 49.488801776000059)",Unfall 156566 (2018) Kat:3, Licht: 1,156566,3,7,0,07,22,3,0,1,0,1,0,1,0,0
"POINT (8.553600863000042 49.495813087000045)",Unfall 156568 (2018) Kat:2, Licht: 0,156568,2,3,5,07,17,3,0,0,1,1,0,0,0,0
"POINT (8.467941310000072 49.483621468000081)",Unfall 156573 (2018) Kat:3, Licht: 0,156573,3,3,5,07,09,3,0,0,1,1,0,0,0,0
"POINT (8.528476172000069 49.434501550000050)",Unfall 156614 (2018) Kat:3, Licht: 0,156614,3,3,5,08,18,4,0,0,0,1,0,0,0,0
"POINT (8.509574076000035 49.506423715000039)",Unfall 156615 (2018) Kat:3, Licht: 0,156615,3,3,5,08,12,4,0,0,0,1,0,0,0,0
"POINT (8.525591254000062 49.490653344000066)",Unfall 156627 (2018) Kat:3, Licht: 1,156627,3,3,5,08,20,7,0,1,0,1,0,1,0,0
"POINT (8.554292163000071 49.466873746000033)",Unfall 156715 (2018) Kat:3, Licht: 0,156715,3,3,5,08,07,6,0,0,0,1,0,0,0,0
"POINT (8.508976832000030 49.515134135000039)",Unfall 156718 (2018) Kat:3, Licht: 0,156718,3,3,5,08,08,6,0,0,1,1,0,0,0,0
"POINT (8.483041736000075 49.531905155000061)",Unfall 156719 (2018) Kat:3, Licht: 0,156719,3,1,0,08,15,6,0,0,0,1,0,1,0,0
"POINT (8.492236282000022 49.475066928000047)",Unfall 156818 (2018) Kat:3, Licht: 0,156818,3,7,6,08,08,5,0,0,1,0,1,0,0,0
"POINT (8.466023084000028 49.499147148000077)",Unfall 156821 (2018) Kat:3, Licht: 0,156821,3,7,1,08,17,5,0,0,0,1,0,1,0,0
"POINT (8.505002443000024 49.504000446000077)",Unfall 156824 (2018) Kat:3, Licht: 0,156824,3,6,1,08,07,5,0,0,0,1,0,0,0,0
"POINT (8.455169153000043 49.524030667000034)",Unfall 156826 (2018) Kat:3, Licht: 0,156826,3,7,3,08,16,5,0,0,0,1,0,1,0,0
"POINT (8.482026883000060 49.513671317000046)",Unfall 156828 (2018) Kat:2, Licht: 0,156828,2,6,3,08,14,5,0,0,0,0,0,1,1,0
"POINT (8.488951412000063 49.490116675000081)",Unfall 156834 (2018) Kat:3, Licht: 0,156834,3,7,1,07,13,2,0,0,0,1,0,0,0,0
"POINT (8.484191300000020 49.468625928000051)",Unfall 156835 (2018) Kat:3, Licht: 0,156835,3,6,2,07,12,2,0,0,0,1,0,0,0,0
"POINT (8.505836076000037 49.506961554000043)",Unfall 156890 (2018) Kat:3, Licht: 0,156890,3,7,1,08,09,7,0,0,0,1,0,1,0,0
"POINT (8.526516965000042 49.487742099000059)",Unfall 156912 (2018) Kat:3, Licht: 0,156912,3,5,1,08,09,4,0,0,1,1,0,0,0,0
"POINT (8.465324818000056 49.482831222000073)",Unfall 156950 (2018) Kat:2, Licht: 0,156950,2,3,5,08,16,6,0,0,1,0,0,0,0,1
"POINT (8.475043140000025 49.491105379000032)",Unfall 156984 (2018) Kat:3, Licht: 0,156984,3,2,5,08,16,3,0,0,1,0,0,0,0,1
"POINT (8.469722565000041 49.505554522000068)",Unfall 156986 (2018) Kat:3, Licht: 0,156986,3,2,6,08,14,3,0,0,0,1,1,0,0,0
"POINT (8.481507820000047 49.452314388000048)",Unfall 156987 (2018) Kat:2, Licht: 0,156987,2,7,0,08,18,3,0,0,1,0,0,0,0,0
"POINT (8.478872680000052 49.514497556000038)",Unfall 157005 (2018) Kat:3, Licht: 0,157005,3,6,0,08,18,6,0,0,0,1,0,0,0,0
"POINT (8.475883505000070 49.499726944000031)",Unfall 157044 (2018) Kat:3, Licht: 0,157044,3,3,5,08,12,7,0,0,1,1,0,0,0,0
"POINT (8.453464258000054 49.537541417000057)",Unfall 157052 (2018) Kat:3, Licht: 0,157052,3,6,2,08,07,5,0,0,0,1,0,0,0,0
"POINT (8.501928386000031 49.455152194000050)",Unfall 157053 (2018) Kat:3, Licht: 0,157053,3,2,4,08,07,2,0,0,1,1,0,0,0,0
"POINT (8.472197157000039 49.492791922000038)",Unfall 157055 (2018) Kat:3, Licht: 0,157055,3,4,6,08,18,2,0,0,0,1,1,0,0,0
"POINT (8.475799728000027 49.473518490000060)",Unfall 157099 (2018) Kat:3, Licht: 0,157099,3,2,5,08,17,1,0,0,0,1,0,0,0,0
"POINT (8.525276088000055 49.495191794000050)",Unfall 157107 (2018) Kat:3, Licht: 0,157107,3,3,5,08,09,6,0,0,0,1,0,0,0,0
"POINT (8.475845073000073 49.483008822000045)",Unfall 157129 (2018) Kat:3, Licht: 0,157129,3,5,1,08,12,2,0,0,0,1,0,0,0,0
"POINT (8.478843832000052 49.456602281000073)",Unfall 157131 (2018) Kat:3, Licht: 0,157131,3,4,6,08,17,2,1,0,0,1,1,0,0,0
"POINT (8.487629968000022 49.459841803000074)",Unfall 157134 (2018) Kat:3, Licht: 1,157134,3,2,4,08,05,2,1,1,1,1,0,0,0,0
"POINT (8.464163510000049 49.492844884000078)",Unfall 157136 (2018) Kat:2, Licht: 2,157136,2,4,6,08,01,2,0,2,0,0,1,0,0,1
"POINT (8.454594024000073 49.521521271000040)",Unfall 157144 (2018) Kat:3, Licht: 0,157144,3,3,5,08,17,3,0,0,1,1,0,0,0,0
"POINT (8.466230297000038 49.499668506000035)",Unfall 157188 (2018) Kat:3, Licht: 0,157188,3,7,6,08,20,4,0,0,0,1,1,0,0,0
"POINT (8.480853361000072 49.475679142000047)",Unfall 157242 (2018) Kat:3, Licht: 0,157242,3,5,1,08,07,3,0,0,1,1,0,0,0,0
"POINT (8.482653306000032 49.476964047000081)",Unfall 157250 (2018) Kat:3, Licht: 0,157250,3,3,5,08,12,6,0,0,1,1,0,0,0,0
"POINT (8.506956828000057 49.509751046000076)",Unfall 157252 (2018) Kat:3, Licht: 0,157252,3,6,2,08,13,6,0,0,0,1,0,0,0,0
"POINT (8.556086495000045 49.509389954000028)",Unfall 157269 (2018) Kat:3, Licht: 1,157269,3,3,5,08,19,1,0,1,0,1,0,0,0,0
"POINT (8.470201894000070 49.484686487000033)",Unfall 157300 (2018) Kat:3, Licht: 0,157300,3,5,1,08,12,3,0,0,1,1,0,0,0,0
"POINT (8.463154339000027 49.487900966000041)",Unfall 157311 (2018) Kat:3, Licht: 1,157311,3,6,1,08,20,4,0,1,0,1,0,0,0,0
"POINT (8.476621664000049 49.484588055000074)",Unfall 157327 (2018) Kat:3, Licht: 0,157327,3,6,1,08,14,5,0,0,0,1,0,0,0,0
"POINT (8.536280344000033 49.421648670000081)",Unfall 157329 (2018) Kat:3, Licht: 0,157329,3,7,1,08,15,5,0,0,0,0,0,1,0,1
"POINT (8.547953735000021 49.489888464000046)",Unfall 157330 (2018) Kat:3, Licht: 0,157330,3,3,5,08,17,5,0,0,0,1,0,1,0,0
"POINT (8.496718184000031 49.471091275000049)",Unfall 157385 (2018) Kat:3, Licht: 0,157385,3,6,2,08,09,4,0,0,0,1,0,0,0,0
"POINT (8.499093274000074 49.520482893000064)",Unfall 157386 (2018) Kat:3, Licht: 0,157386,3,7,0,08,16,4,1,0,1,0,0,0,0,1
"POINT (8.487638619000052 49.526670008000053)",Unfall 157415 (2018) Kat:3, Licht: 0,157415,3,3,2,08,14,1,0,0,1,1,0,0,0,0
"POINT (8.457491212000036 49.549579166000058)",Unfall 157454 (2018) Kat:3, Licht: 0,157454,3,6,2,08,14,3,0,0,0,1,0,0,0,0
"POINT (8.499868166000056 49.470497168000065)",Unfall 157455 (2018) Kat:2, Licht: 0,157455,2,6,3,08,09,3,0,0,1,0,0,0,0,0
"POINT (8.495044801000063 49.453815999000028)",Unfall 157456 (2018) Kat:3, Licht: 2,157456,3,2,5,08,01,7,0,2,0,1,0,0,0,0
"POINT (8.466653531000077 49.486548014000050)",Unfall 157457 (2018) Kat:3, Licht: 0,157457,3,2,3,08,17,3,0,0,0,1,0,1,0,0
"POINT (8.503374704000066 49.503204605000064)",Unfall 157458 (2018) Kat:3, Licht: 0,157458,3,1,9,08,11,3,0,0,0,0,0,0,1,0
"POINT (8.504639507000036 49.518844866000052)",Unfall 157459 (2018) Kat:3, Licht: 1,157459,3,3,0,08,08,3,0,1,1,1,0,0,0,0
"POINT (8.484148025000025 49.468577968000034)",Unfall 157507 (2018) Kat:3, Licht: 0,157507,3,6,2,08,12,6,0,0,0,1,0,0,0,0
"POINT (8.496006252000029 49.509866655000053)",Unfall 157509 (2018) Kat:3, Licht: 0,157509,3,1,4,08,13,6,1,0,0,0,0,1,1,0
"POINT (8.501151368000024 49.514721623000071)",Unfall 157511 (2018) Kat:3, Licht: 0,157511,3,1,0,08,12,6,1,0,0,0,0,1,0,0
"POINT (8.507463666000035 49.510610800000052)",Unfall 157513 (2018) Kat:3, Licht: 0,157513,3,3,5,08,16,6,0,0,1,1,0,0,0,0
"POINT (8.487223456000038 49.475011663000032)",Unfall 157530 (2018) Kat:3, Licht: 0,157530,3,2,3,08,17,2,0,0,1,1,0,0,0,0
"POINT (8.480946643000038 49.522130986000036)",Unfall 157588 (2018) Kat:3, Licht: 2,157588,3,2,4,08,21,5,1,2,1,1,0,0,0,0
"POINT (8.488091984000050 49.529036636000058)",Unfall 157589 (2018) Kat:3, Licht: 0,157589,3,3,5,08,13,5,0,0,1,1,0,0,0,0
"POINT (8.474464905000048 49.517318827000054)",Unfall 157592 (2018) Kat:3, Licht: 2,157592,3,5,1,08,22,5,1,2,1,1,0,0,0,0
"POINT (8.501035347000027 49.454783176000035)",Unfall 157594 (2018) Kat:3, Licht: 0,157594,3,7,0,08,07,5,0,0,0,0,1,0,1,0
"POINT (8.469205473000045 49.482118956000079)",Unfall 157627 (2018) Kat:3, Licht: 0,157627,3,2,3,08,17,7,0,0,1,1,0,0,0,0
"POINT (8.500392692000048 49.459567168000035)",Unfall 157629 (2018) Kat:3, Licht: 0,157629,3,5,5,08,18,7,0,0,0,1,0,0,0,0
"POINT (8.468261765000023 49.486260309000045)",Unfall 157631 (2018) Kat:3, Licht: 0,157631,3,7,6,08,19,7,0,0,0,1,1,0,0,0
"POINT (8.484591072000058 49.485847231000037)",Unfall 157646 (2018) Kat:2, Licht: 0,157646,2,2,8,08,14,5,0,0,0,0,0,1,0,0
"POINT (8.464736804000040 49.493279361000077)",Unfall 157689 (2018) Kat:3, Licht: 2,157689,3,3,5,08,20,4,1,2,1,1,0,0,0,0
"POINT (8.564378114000022 49.456864356000040)",Unfall 157700 (2018) Kat:3, Licht: 0,157700,3,1,4,09,15,2,0,0,0,1,0,1,0,0
"POINT (8.509527955000067 49.446204573000045)",Unfall 157739 (2018) Kat:3, Licht: 0,157739,3,6,2,09,12,1,0,0,0,1,0,0,0,0
"POINT (8.474828606000074 49.483397894000063)",Unfall 157748 (2018) Kat:3, Licht: 0,157748,3,2,3,08,15,3,0,0,0,1,0,1,0,0
"POINT (8.480891579000058 49.542165248000060)",Unfall 157782 (2018) Kat:3, Licht: 2,157782,3,3,5,09,20,7,0,2,0,1,0,0,0,0
"POINT (8.490634109000041 49.510727110000062)",Unfall 157784 (2018) Kat:3, Licht: 1,157784,3,6,1,09,21,7,0,1,0,1,0,0,0,0
"POINT (8.473053720000053 49.472591145000081)",Unfall 157787 (2018) Kat:3, Licht: 0,157787,3,3,5,09,15,7,0,0,1,1,0,0,0,0
"POINT (8.466937669000060 49.488559502000044)",Unfall 157790 (2018) Kat:3, Licht: 0,157790,3,4,0,09,18,7,0,0,0,0,1,0,0,1
"POINT (8.505656768000051 49.529781851000052)",Unfall 157829 (2018) Kat:3, Licht: 0,157829,3,5,1,08,16,2,0,0,1,1,0,0,0,0
"POINT (8.483665558000041 49.524277919000042)",Unfall 157832 (2018) Kat:3, Licht: 0,157832,3,1,0,08,12,2,0,0,1,0,0,0,0,0
"POINT (8.505183653000074 49.456063262000043)",Unfall 157834 (2018) Kat:3, Licht: 0,157834,3,6,2,08,16,2,0,0,0,1,0,0,0,0
"POINT (8.474819740000044 49.496246664000068)",Unfall 157836 (2018) Kat:3, Licht: 0,157836,3,1,9,08,12,2,1,0,0,1,0,0,0,0
"POINT (8.454579618000025 49.523683622000078)",Unfall 157845 (2018) Kat:3, Licht: 0,157845,3,7,1,08,14,6,0,0,0,0,0,1,1,0
"POINT (8.478674013000045 49.514467606000039)",Unfall 157847 (2018) Kat:3, Licht: 0,157847,3,6,2,08,11,6,0,0,0,1,0,0,1,0
"POINT (8.485599621000063 49.530179778000047)",Unfall 157891 (2018) Kat:3, Licht: 1,157891,3,2,0,09,21,6,0,1,0,1,0,0,0,0
"POINT (8.481856776000029 49.493850333000069)",Unfall 157892 (2018) Kat:3, Licht: 0,157892,3,2,4,09,07,6,0,0,1,1,0,0,0,0
"POINT (8.562215280000032 49.458012978000056)",Unfall 157916 (2018) Kat:3, Licht: 0,157916,3,3,5,09,14,2,0,0,0,1,0,0,0,0
"POINT (8.471649582000055 49.487475072000052)",Unfall 157933 (2018) Kat:3, Licht: 0,157933,3,3,6,09,10,5,0,0,0,1,1,0,0,0
"POINT (8.445485389000055 49.544141693000029)",Unfall 157990 (2018) Kat:2, Licht: 2,157990,2,7,0,09,22,1,0,2,1,0,0,0,0,0
"POINT (8.486551076000069 49.526571952000040)",Unfall 158038 (2018) Kat:3, Licht: 0,158038,3,6,2,09,16,4,0,0,0,1,0,0,0,0
"POINT (8.470333444000062 49.546587673000033)",Unfall 158039 (2018) Kat:3, Licht: 2,158039,3,5,1,09,22,4,0,2,0,1,0,0,0,0
"POINT (8.470216593000032 49.493288173000053)",Unfall 158042 (2018) Kat:3, Licht: 0,158042,3,2,6,09,20,4,0,0,0,0,1,0,0,1
"POINT (8.508753336000041 49.454421659000047)",Unfall 158074 (2018) Kat:3, Licht: 0,158074,3,3,5,09,13,7,0,0,0,1,0,0,0,0
"POINT (8.484298492000050 49.480817221000052)",Unfall 158100 (2018) Kat:3, Licht: 0,158100,3,6,2,09,10,3,0,0,0,1,0,0,0,0
"POINT (8.456701791000057 49.492078987000070)",Unfall 158102 (2018) Kat:3, Licht: 0,158102,3,6,2,09,14,3,0,0,0,1,0,0,0,0
"POINT (8.466771367000035 49.486502543000029)",Unfall 158104 (2018) Kat:3, Licht: 0,158104,3,6,0,09,18,3,0,0,1,1,0,0,0,0
"POINT (8.476698300000066 49.462697265000031)",Unfall 158146 (2018) Kat:3, Licht: 0,158146,3,3,5,09,09,6,1,0,1,1,0,0,0,0
"POINT (8.468901903000074 49.493902643000069)",Unfall 158148 (2018) Kat:3, Licht: 0,158148,3,6,2,09,12,6,0,0,0,1,0,0,0,0
"POINT (8.469522113000039 49.491353824000043)",Unfall 158150 (2018) Kat:3, Licht: 2,158150,3,7,0,09,21,6,0,2,1,0,0,0,0,0
"POINT (8.466189905000022 49.530795033000061)",Unfall 158157 (2018) Kat:3, Licht: 0,158157,3,3,4,09,15,4,0,0,0,1,0,0,0,0
"POINT (8.506811277000054 49.509400625000069)",Unfall 158159 (2018) Kat:3, Licht: 2,158159,3,2,5,09,06,4,0,2,0,1,0,1,0,0
"POINT (8.508616201000052 49.503802708000080)",Unfall 158160 (2018) Kat:2, Licht: 0,158160,2,2,5,09,12,4,0,0,1,1,0,0,0,0
"POINT (8.498439914000073 49.500606231000063)",Unfall 158194 (2018) Kat:3, Licht: 0,158194,3,5,8,09,09,6,0,0,0,1,0,1,0,0
"POINT (8.469445423000025 49.464196809000043)",Unfall 158196 (2018) Kat:3, Licht: 0,158196,3,7,6,09,08,6,0,0,0,1,1,0,0,0
"POINT (8.519215627000051 49.490201348000028)",Unfall 158198 (2018) Kat:3, Licht: 0,158198,3,3,5,09,14,6,0,0,1,1,0,0,0,0
"POINT (8.456312595000043 49.490005816000064)",Unfall 158200 (2018) Kat:3, Licht: 0,158200,3,3,5,09,18,6,0,0,0,1,0,0,0,0
"POINT (8.512053058000049 49.523333132000062)",Unfall 158203 (2018) Kat:3, Licht: 1,158203,3,3,5,09,07,6,0,1,1,1,0,0,0,0
"POINT (8.454503966000061 49.502303745000063)",Unfall 158273 (2018) Kat:3, Licht: 0,158273,3,7,0,09,14,3,0,0,0,0,0,1,0,0
"POINT (8.495868855000026 49.499191703000065)",Unfall 158408 (2018) Kat:3, Licht: 0,158408,3,3,5,09,16,2,0,0,1,1,0,0,0,0
"POINT (8.478520792000040 49.460394251000025)",Unfall 158410 (2018) Kat:3, Licht: 0,158410,3,7,6,09,17,2,0,0,1,0,1,0,0,0
"POINT (8.469009034000067 49.480499038000062)",Unfall 158447 (2018) Kat:3, Licht: 0,158447,3,5,5,09,17,2,0,0,0,1,0,1,0,0
"POINT (8.506751172000065 49.447215073000052)",Unfall 158449 (2018) Kat:3, Licht: 2,158449,3,7,1,09,22,2,0,2,0,1,0,0,0,1
"POINT (8.512206914000046 49.485475650000069)",Unfall 158513 (2018) Kat:3, Licht: 0,158513,3,2,5,09,09,4,0,0,1,0,0,0,0,0
"POINT (8.559256864000076 49.516935952000040)",Unfall 158516 (2018) Kat:3, Licht: 0,158516,3,5,5,09,13,4,0,0,0,0,0,1,0,1
"POINT (8.483242624000070 49.526230324000039)",Unfall 158608 (2018) Kat:3, Licht: 0,158608,3,7,1,09,17,7,0,0,0,1,0,0,1,0
"POINT (8.543056530000058 49.500125455000045)",Unfall 158644 (2018) Kat:3, Licht: 0,158644,3,3,5,09,11,3,0,0,1,1,0,0,0,0
"POINT (8.470496576000073 49.501994948000061)",Unfall 158678 (2018) Kat:3, Licht: 1,158678,3,3,5,09,20,7,0,1,1,0,0,0,0,0
"POINT (8.472986696000021 49.544378845000040)",Unfall 158739 (2018) Kat:2, Licht: 0,158739,2,4,6,09,17,3,0,0,0,1,1,0,0,0
"POINT (8.447285722000061 49.548445843000081)",Unfall 158741 (2018) Kat:3, Licht: 0,158741,3,3,5,09,17,3,0,0,0,1,0,0,0,0
"POINT (8.470961762000059 49.532847278000077)",Unfall 158743 (2018) Kat:3, Licht: 2,158743,3,7,6,09,06,3,0,2,0,1,1,0,0,0
"POINT (8.471512184000062 49.511075192000078)",Unfall 158746 (2018) Kat:3, Licht: 0,158746,3,6,2,09,10,3,0,0,0,1,0,0,0,0
"POINT (8.464635082000029 49.488372871000081)",Unfall 158747 (2018) Kat:2, Licht: 0,158747,2,3,5,09,12,3,0,0,1,1,0,0,0,0
"POINT (8.473598413000048 49.485745088000044)",Unfall 158749 (2018) Kat:3, Licht: 0,158749,3,6,3,09,18,3,0,0,1,1,0,0,0,0
"POINT (8.510179314000027 49.454359024000041)",Unfall 158774 (2018) Kat:3, Licht: 0,158774,3,6,2,09,14,6,0,0,0,1,0,0,0,0
"POINT (8.568845710000062 49.443691761000082)",Unfall 158849 (2018) Kat:3, Licht: 0,158849,3,6,1,09,18,2,0,0,0,1,0,0,0,0
"POINT (8.476014425000074 49.517940390000035)",Unfall 158851 (2018) Kat:3, Licht: 0,158851,3,3,5,09,15,2,0,0,0,1,0,0,0,1
"POINT (8.526277877000041 49.468623419000039)",Unfall 158854 (2018) Kat:2, Licht: 0,158854,2,7,0,09,17,2,0,0,0,0,0,0,0,1
"POINT (8.457178782000028 49.494658499000082)",Unfall 158875 (2018) Kat:3, Licht: 2,158875,3,7,0,09,21,5,0,2,1,1,0,0,0,0
"POINT (8.508943858000066 49.519277999000053)",Unfall 158876 (2018) Kat:3, Licht: 0,158876,3,2,3,09,07,5,0,0,1,0,0,0,1,0
"POINT (8.477780083000027 49.542545984000071)",Unfall 158889 (2018) Kat:3, Licht: 0,158889,3,2,5,09,07,2,0,0,1,1,0,0,0,0
"POINT (8.534505699000022 49.424058290000062)",Unfall 158902 (2018) Kat:3, Licht: 2,158902,3,7,0,09,20,1,1,2,1,0,0,0,0,0
"POINT (8.460440274000064 49.533288498000047)",Unfall 158911 (2018) Kat:3, Licht: 0,158911,3,1,0,09,17,1,1,0,0,0,0,1,0,0
"POINT (8.468271135000066 49.493742664000081)",Unfall 158913 (2018) Kat:3, Licht: 2,158913,3,2,5,09,19,1,0,2,0,1,0,0,0,0
"POINT (8.466728128000057 49.481504200000074)",Unfall 158916 (2018) Kat:3, Licht: 0,158916,3,6,1,09,13,1,1,0,0,1,0,0,0,0
"POINT (8.450560615000029 49.549803772000075)",Unfall 158948 (2018) Kat:3, Licht: 0,158948,3,3,5,10,08,3,0,0,1,0,0,0,1,0
"POINT (8.501865662000057 49.494354065000039)",Unfall 158951 (2018) Kat:3, Licht: 1,158951,3,6,2,10,06,3,0,1,0,1,0,0,0,1
"POINT (8.461529770000027 49.485174866000079)",Unfall 158952 (2018) Kat:3, Licht: 2,158952,3,6,0,10,23,3,0,2,0,1,0,0,0,0
"POINT (8.485717898000075 49.454931301000045)",Unfall 158971 (2018) Kat:3, Licht: 2,158971,3,4,6,09,22,6,0,2,0,1,1,0,0,0
"POINT (8.505849133000027 49.507035286000075)",Unfall 158973 (2018) Kat:2, Licht: 2,158973,2,2,6,09,19,6,0,2,0,1,1,0,0,0
"POINT (8.493918663000045 49.455834125000081)",Unfall 159027 (2018) Kat:3, Licht: 0,159027,3,7,0,10,09,2,0,0,1,0,0,0,0,0
"POINT (8.509307713000055 49.509576486000071)",Unfall 159028 (2018) Kat:3, Licht: 0,159028,3,7,6,10,08,2,0,0,0,0,1,0,0,1
"POINT (8.463700056000050 49.485264809000057)",Unfall 159101 (2018) Kat:3, Licht: 0,159101,3,3,5,09,11,1,0,0,0,1,0,0,0,0
"POINT (8.467129173000046 49.490034739000066)",Unfall 159103 (2018) Kat:3, Licht: 0,159103,3,6,3,09,10,1,0,0,1,1,0,0,0,0
"POINT (8.517315358000076 49.506033654000078)",Unfall 159163 (2018) Kat:3, Licht: 0,159163,3,7,0,09,09,7,0,0,0,0,0,1,0,0
"POINT (8.469710614000064 49.542473522000080)",Unfall 159172 (2018) Kat:3, Licht: 0,159172,3,3,5,09,14,4,0,0,0,1,0,0,0,1
"POINT (8.484109432000025 49.498600724000028)",Unfall 159173 (2018) Kat:3, Licht: 0,159173,3,5,2,09,17,4,0,0,1,1,0,0,0,0
"POINT (8.472249653000063 49.457691637000039)",Unfall 159175 (2018) Kat:3, Licht: 0,159175,3,7,0,09,09,4,0,0,1,0,0,0,0,0
"POINT (8.481041597000058 49.522119716000077)",Unfall 159177 (2018) Kat:3, Licht: 0,159177,3,6,1,09,08,4,0,0,0,0,0,1,1,0
"POINT (8.463433465000037 49.486013313000058)",Unfall 159211 (2018) Kat:3, Licht: 0,159211,3,6,2,10,15,7,0,0,0,1,0,0,0,0
"POINT (8.513833198000043 49.454229147000035)",Unfall 159213 (2018) Kat:2, Licht: 0,159213,2,6,2,10,10,7,0,0,0,1,0,1,0,0
"POINT (8.470600671000057 49.488820819000068)",Unfall 159225 (2018) Kat:3, Licht: 2,159225,3,3,5,10,00,1,0,2,0,1,0,0,0,0
"POINT (8.493279004000044 49.504985653000062)",Unfall 159226 (2018) Kat:2, Licht: 0,159226,2,3,5,10,16,2,0,0,1,1,0,0,0,0
"POINT (8.506458289000022 49.508559998000067)",Unfall 159254 (2018) Kat:2, Licht: 0,159254,2,6,4,10,13,1,0,0,1,0,0,1,0,0
"POINT (8.446661602000063 49.545708591000050)",Unfall 159262 (2018) Kat:2, Licht: 2,159262,2,3,5,10,19,2,0,2,0,1,0,1,0,0
"POINT (8.481314970000028 49.456634658000041)",Unfall 159272 (2018) Kat:3, Licht: 0,159272,3,7,0,10,09,1,0,0,1,0,0,0,0,0
"POINT (8.483805585000027 49.470926092000070)",Unfall 159360 (2018) Kat:3, Licht: 0,159360,3,6,2,10,08,5,0,0,0,1,0,0,0,0
"POINT (8.482799427000032 49.513226790000033)",Unfall 159363 (2018) Kat:2, Licht: 0,159363,2,3,1,10,13,5,0,0,1,1,0,0,0,0
"POINT (8.484210499000028 49.468647207000060)",Unfall 159421 (2018) Kat:3, Licht: 0,159421,3,2,5,10,16,2,0,0,0,1,0,0,0,0
"POINT (8.507477351000034 49.510608301000048)",Unfall 159434 (2018) Kat:3, Licht: 0,159434,3,3,5,10,12,4,0,0,1,1,0,0,0,0
"POINT (8.531500990000041 49.487948046000042)",Unfall 159435 (2018) Kat:3, Licht: 0,159435,3,1,0,10,16,4,0,0,1,0,0,0,0,0
"POINT (8.510174618000065 49.454326432000073)",Unfall 159462 (2018) Kat:3, Licht: 2,159462,3,3,5,10,05,7,0,2,0,1,0,0,0,0
"POINT (8.493547256000056 49.499104077000027)",Unfall 159510 (2018) Kat:3, Licht: 0,159510,3,3,5,10,11,5,0,0,0,1,0,0,1,0
"POINT (8.468553707000069 49.491561377000039)",Unfall 159511 (2018) Kat:3, Licht: 0,159511,3,5,1,10,09,5,0,0,1,1,0,0,0,0
"POINT (8.493338148000021 49.486802729000033)",Unfall 159579 (2018) Kat:3, Licht: 0,159579,3,3,5,10,16,6,0,0,1,1,0,0,0,0
"POINT (8.466281852000066 49.486551540000050)",Unfall 159582 (2018) Kat:3, Licht: 0,159582,3,6,2,10,17,6,0,0,0,1,0,1,0,0
"POINT (8.498922772000071 49.453790655000034)",Unfall 159588 (2018) Kat:3, Licht: 0,159588,3,3,5,10,16,6,0,0,1,1,0,0,0,0
"POINT (8.482160738000061 49.454340440000067)",Unfall 159590 (2018) Kat:3, Licht: 0,159590,3,6,2,10,11,6,0,0,0,1,0,0,0,0
"POINT (8.483498697000073 49.454687985000078)",Unfall 159600 (2018) Kat:3, Licht: 2,159600,3,7,0,10,22,6,0,2,1,0,0,0,0,0
"POINT (8.577301722000073 49.439796824000041)",Unfall 159602 (2018) Kat:3, Licht: 0,159602,3,7,1,10,11,6,0,0,1,1,0,0,0,0
"POINT (8.455621753000060 49.502275839000049)",Unfall 159607 (2018) Kat:3, Licht: 2,159607,3,3,5,10,19,4,0,2,0,1,0,1,0,0
"POINT (8.530871521000051 49.486675236000053)",Unfall 159609 (2018) Kat:3, Licht: 0,159609,3,7,0,10,16,4,0,0,1,1,0,0,0,0
"POINT (8.536837412000068 49.514494480000053)",Unfall 159655 (2018) Kat:3, Licht: 0,159655,3,7,8,10,16,7,0,0,0,1,0,0,0,0
"POINT (8.471179164000034 49.508489698000062)",Unfall 159697 (2018) Kat:2, Licht: 0,159697,2,4,6,10,16,3,0,0,0,1,1,0,0,0
"POINT (8.474085988000070 49.491418708000026)",Unfall 159743 (2018) Kat:3, Licht: 0,159743,3,3,5,10,11,3,0,0,0,1,0,1,0,0
"POINT (8.473372714000050 49.518680541000037)",Unfall 159745 (2018) Kat:2, Licht: 0,159745,2,2,0,10,08,3,0,0,1,0,0,0,0,0
"POINT (8.457280809000054 49.519933133000052)",Unfall 159777 (2018) Kat:2, Licht: 2,159777,2,2,5,10,04,5,0,2,1,1,0,0,0,0
"POINT (8.478950398000052 49.460413119000066)",Unfall 159780 (2018) Kat:3, Licht: 0,159780,3,3,5,10,08,5,0,0,1,1,0,0,0,0
"POINT (8.472228708000046 49.497620588000075)",Unfall 159888 (2018) Kat:3, Licht: 0,159888,3,5,5,10,09,4,0,0,0,1,0,0,0,0
"POINT (8.490297064000060 49.452213528000073)",Unfall 159890 (2018) Kat:3, Licht: 0,159890,3,6,0,10,10,4,0,0,1,0,0,0,0,0
"POINT (8.493269210000051 49.521840816000065)",Unfall 159892 (2018) Kat:2, Licht: 0,159892,2,3,5,10,07,4,0,0,1,1,0,0,0,0
"POINT (8.505419335000056 49.521549260000029)",Unfall 159895 (2018) Kat:3, Licht: 0,159895,3,1,0,10,16,4,0,0,0,1,0,0,0,0
"POINT (8.509878564000076 49.517004139000051)",Unfall 159932 (2018) Kat:3, Licht: 0,159932,3,3,5,10,10,1,0,0,0,1,0,0,0,0
"POINT (8.480264446000035 49.495000050000044)",Unfall 159933 (2018) Kat:3, Licht: 0,159933,3,3,5,10,15,1,0,0,0,1,0,1,0,0
"POINT (8.475813260000052 49.520225957000036)",Unfall 159935 (2018) Kat:3, Licht: 0,159935,3,7,6,10,14,1,0,0,0,1,1,0,0,0
"POINT (8.467792816000042 49.491961481000033)",Unfall 159936 (2018) Kat:3, Licht: 2,159936,3,6,2,10,02,1,0,2,0,1,0,0,0,0
"POINT (8.466255388000036 49.510183224000059)",Unfall 159938 (2018) Kat:2, Licht: 0,159938,2,6,2,10,11,1,0,0,0,1,0,1,0,0
"POINT (8.503452962000040 49.468681519000029)",Unfall 160002 (2018) Kat:3, Licht: 0,160002,3,7,6,10,09,2,0,0,1,0,1,0,0,0
"POINT (8.465818135000063 49.492862581000054)",Unfall 160004 (2018) Kat:3, Licht: 0,160004,3,6,1,10,17,2,0,0,1,1,0,0,0,0
"POINT (8.455764078000073 49.487141886000074)",Unfall 160006 (2018) Kat:3, Licht: 0,160006,3,6,3,10,11,2,0,0,0,1,0,0,1,0
"POINT (8.477732052000022 49.461469796000074)",Unfall 160007 (2018) Kat:3, Licht: 0,160007,3,6,1,10,11,2,0,0,0,1,0,0,0,0
"POINT (8.470176263000042 49.470418155000061)",Unfall 160009 (2018) Kat:3, Licht: 0,160009,3,2,5,10,11,2,0,0,1,1,0,0,0,0
"POINT (8.455621753000060 49.502275839000049)",Unfall 160035 (2018) Kat:3, Licht: 2,160035,3,1,0,10,06,5,1,2,0,0,0,1,0,0
"POINT (8.518574295000065 49.514493222000056)",Unfall 160038 (2018) Kat:3, Licht: 1,160038,3,5,3,10,07,5,1,1,1,1,0,0,0,0
"POINT (8.487646735000055 49.494736139000054)",Unfall 160040 (2018) Kat:3, Licht: 0,160040,3,3,5,10,13,5,0,0,0,0,0,1,1,0
"POINT (8.498078621000047 49.497151245000055)",Unfall 160086 (2018) Kat:3, Licht: 0,160086,3,7,0,10,18,1,0,0,0,1,0,1,0,0
"POINT (8.501693853000063 49.499985779000042)",Unfall 160103 (2018) Kat:2, Licht: 0,160103,2,3,5,10,15,4,0,0,1,1,0,0,0,0
"POINT (8.487947783000038 49.527062401000080)",Unfall 160113 (2018) Kat:3, Licht: 0,160113,3,5,5,10,12,7,0,0,0,1,0,1,0,0
"POINT (8.459339820000025 49.492224560000068)",Unfall 160114 (2018) Kat:3, Licht: 2,160114,3,6,2,10,21,7,0,2,0,1,0,0,0,1
"POINT (8.463697790000026 49.485265721000076)",Unfall 160116 (2018) Kat:3, Licht: 0,160116,3,3,5,10,11,7,0,0,0,1,0,0,0,0
"POINT (8.486981278000030 49.477014473000054)",Unfall 160196 (2018) Kat:3, Licht: 0,160196,3,7,0,10,17,6,0,0,1,1,0,0,0,0
"POINT (8.475315497000054 49.498597397000026)",Unfall 160197 (2018) Kat:3, Licht: 0,160197,3,7,0,10,12,6,0,0,1,0,0,0,0,0
"POINT (8.471064900000044 49.505416040000057)",Unfall 160198 (2018) Kat:3, Licht: 0,160198,3,5,0,10,13,3,0,0,1,1,0,0,0,0
"POINT (8.465670257000056 49.493963883000049)",Unfall 160199 (2018) Kat:3, Licht: 2,160199,3,6,2,10,19,6,0,2,0,1,0,0,0,0
"POINT (8.472864704000074 49.481089342000075)",Unfall 160200 (2018) Kat:3, Licht: 0,160200,3,5,1,10,17,3,0,0,1,1,0,0,0,0
"POINT (8.472980434000021 49.492274026000075)",Unfall 160247 (2018) Kat:3, Licht: 2,160247,3,6,2,10,21,2,0,2,0,1,0,0,0,0
"POINT (8.482928544000060 49.523440211000036)",Unfall 160267 (2018) Kat:3, Licht: 0,160267,3,6,4,10,15,3,1,0,0,1,0,0,0,0
"POINT (8.476764476000028 49.508399550000036)",Unfall 160285 (2018) Kat:3, Licht: 2,160285,3,4,6,11,18,7,0,2,0,1,1,0,0,0
"POINT (8.465026936000072 49.488963982000030)",Unfall 160333 (2018) Kat:3, Licht: 2,160333,3,2,6,11,17,6,0,2,0,1,1,0,0,0
"POINT (8.505609413000059 49.455455072000063)",Unfall 160335 (2018) Kat:3, Licht: 0,160335,3,7,0,11,13,6,0,0,0,0,0,0,0,1
"POINT (8.531168266000066 49.447201223000036)",Unfall 160364 (2018) Kat:3, Licht: 0,160364,3,3,5,10,14,7,0,0,1,1,0,0,0,0
"POINT (8.466849357000058 49.488334720000069)",Unfall 160366 (2018) Kat:3, Licht: 2,160366,3,3,5,10,00,7,0,2,1,1,0,0,0,0
"POINT (8.447269432000041 49.548486555000068)",Unfall 160383 (2018) Kat:3, Licht: 0,160383,3,3,5,10,14,3,1,0,0,1,0,0,0,0
"POINT (8.473486742000034 49.483869981000055)",Unfall 160394 (2018) Kat:3, Licht: 2,160394,3,6,2,11,03,5,0,2,0,1,0,0,0,0
"POINT (8.451650175000054 49.543504828000039)",Unfall 160447 (2018) Kat:3, Licht: 0,160447,3,3,5,10,09,4,0,0,0,1,0,0,0,0
"POINT (8.477881235000041 49.486543183000038)",Unfall 160448 (2018) Kat:3, Licht: 2,160448,3,6,4,10,17,4,0,2,1,1,0,0,0,0
"POINT (8.478521974000046 49.480570841000031)",Unfall 160495 (2018) Kat:3, Licht: 0,160495,3,7,6,11,07,5,1,0,1,0,1,0,0,0
"POINT (8.501797816000021 49.489526449000039)",Unfall 160496 (2018) Kat:3, Licht: 0,160496,3,6,2,11,15,5,0,0,0,1,0,0,0,0
"POINT (8.514408397000068 49.450343215000032)",Unfall 160497 (2018) Kat:3, Licht: 0,160497,3,3,5,11,16,5,0,0,1,1,0,0,0,0
"POINT (8.483718532000069 49.497322144000066)",Unfall 160529 (2018) Kat:3, Licht: 2,160529,3,2,5,11,20,1,0,2,1,1,0,0,0,0
"POINT (8.483945622000022 49.498033813000063)",Unfall 160571 (2018) Kat:3, Licht: 0,160571,3,3,5,11,16,4,0,0,1,1,0,0,0,0
"POINT (8.487046865000025 49.463185401000032)",Unfall 160574 (2018) Kat:3, Licht: 2,160574,3,3,5,11,17,4,0,2,1,1,0,0,0,0
"POINT (8.470451414000024 49.508107824000035)",Unfall 160646 (2018) Kat:3, Licht: 2,160646,3,7,5,11,17,3,0,2,0,1,0,0,0,0
"POINT (8.520342869000046 49.494986497000070)",Unfall 160720 (2018) Kat:3, Licht: 2,160720,3,6,2,11,05,2,0,2,0,1,0,0,0,0
"POINT (8.470499202000042 49.492416154000068)",Unfall 160722 (2018) Kat:2, Licht: 0,160722,2,7,6,11,16,2,0,0,0,0,1,0,0,1
"POINT (8.474855952000041 49.516439967000053)",Unfall 160725 (2018) Kat:3, Licht: 1,160725,3,2,5,11,16,2,0,1,0,1,0,0,0,0
"POINT (8.563903585000048 49.455923441000039)",Unfall 160768 (2018) Kat:3, Licht: 2,160768,3,6,6,11,17,1,0,2,0,1,1,0,0,0
"POINT (8.497441539000022 49.518229886000029)",Unfall 160772 (2018) Kat:3, Licht: 1,160772,3,5,1,11,17,4,0,1,1,1,0,0,0,0
"POINT (8.453722644000038 49.499819970000033)",Unfall 160776 (2018) Kat:3, Licht: 0,160776,3,6,2,11,16,4,0,0,0,1,0,0,0,0
"POINT (8.499583648000055 49.495949598000038)",Unfall 160778 (2018) Kat:3, Licht: 0,160778,3,7,0,11,12,4,0,0,0,1,0,0,0,0
"POINT (8.482996673000059 49.481465643000035)",Unfall 160822 (2018) Kat:3, Licht: 2,160822,3,3,5,11,03,7,0,2,1,1,0,0,0,0
"POINT (8.482929919000071 49.483758280000075)",Unfall 160878 (2018) Kat:3, Licht: 0,160878,3,5,1,11,09,3,1,0,0,1,0,1,0,0
"POINT (8.454092155000069 49.550633081000058)",Unfall 160879 (2018) Kat:3, Licht: 0,160879,3,6,2,11,16,6,0,0,0,1,0,0,0,0
"POINT (8.470172812000044 49.493438201000060)",Unfall 160882 (2018) Kat:3, Licht: 2,160882,3,6,1,11,21,3,0,2,0,1,0,0,0,0
"POINT (8.491555792000042 49.497861237000052)",Unfall 160885 (2018) Kat:3, Licht: 2,160885,3,2,6,11,17,3,0,2,0,1,1,0,0,0
"POINT (8.477640730000076 49.496584394000081)",Unfall 160887 (2018) Kat:3, Licht: 0,160887,3,4,6,11,17,3,0,0,0,1,1,0,0,0
"POINT (8.503051569000036 49.444437168000036)",Unfall 160982 (2018) Kat:3, Licht: 2,160982,3,3,5,11,06,2,0,2,0,1,0,1,0,0
"POINT (8.474991075000048 49.490742074000082)",Unfall 160983 (2018) Kat:2, Licht: 2,160983,2,4,6,11,17,2,0,2,0,1,1,0,0,0
"POINT (8.460109647000024 49.505820672000027)",Unfall 161024 (2018) Kat:2, Licht: 1,161024,2,5,1,11,18,5,0,1,1,1,0,0,0,0
"POINT (8.519838646000039 49.465942490000032)",Unfall 161025 (2018) Kat:2, Licht: 2,161025,2,4,6,11,23,5,0,2,0,1,1,0,0,0
"POINT (8.480182800000023 49.471561132000033)",Unfall 161026 (2018) Kat:3, Licht: 2,161026,3,1,0,11,19,5,0,2,0,0,0,1,0,0
"POINT (8.502504203000058 49.458301063000079)",Unfall 161055 (2018) Kat:2, Licht: 1,161055,2,6,2,11,17,2,1,1,0,1,0,0,0,0
"POINT (8.463389907000021 49.490858961000072)",Unfall 161059 (2018) Kat:3, Licht: 2,161059,3,3,5,11,17,2,1,2,0,1,0,0,0,1
"POINT (8.470227157000068 49.503557291000050)",Unfall 161063 (2018) Kat:3, Licht: 2,161063,3,7,1,11,18,2,1,2,0,1,0,0,0,0
"POINT (8.463008384000034 49.518520875000036)",Unfall 161095 (2018) Kat:3, Licht: 0,161095,3,6,2,11,15,4,0,0,0,1,0,0,0,0
"POINT (8.565382285000055 49.465162310000039)",Unfall 161098 (2018) Kat:3, Licht: 0,161098,3,6,1,11,15,4,0,0,0,1,0,0,0,1
"POINT (8.470651385000053 49.485052206000034)",Unfall 161160 (2018) Kat:3, Licht: 0,161160,3,4,6,11,14,7,0,0,0,1,1,0,0,0
"POINT (8.519543309000028 49.516158827000027)",Unfall 161176 (2018) Kat:3, Licht: 0,161176,3,3,5,11,15,3,0,0,1,1,0,0,0,0
"POINT (8.463391842000021 49.489622644000065)",Unfall 161177 (2018) Kat:3, Licht: 1,161177,3,3,5,11,07,3,0,1,1,1,0,0,0,0
"POINT (8.484243615000025 49.499082188000045)",Unfall 161212 (2018) Kat:3, Licht: 0,161212,3,5,1,11,07,6,0,0,0,1,0,1,0,0
"POINT (8.505020240000022 49.514431084000080)",Unfall 161215 (2018) Kat:3, Licht: 0,161215,3,6,2,11,10,6,0,0,0,1,0,0,0,0
"POINT (8.467748106000045 49.490687676000050)",Unfall 161217 (2018) Kat:3, Licht: 0,161217,3,4,6,11,15,6,0,0,1,0,1,0,0,0
"POINT (8.464468844000066 49.531656447000046)",Unfall 161252 (2018) Kat:3, Licht: 1,161252,3,6,4,11,17,2,0,1,1,0,0,0,0,0
"POINT (8.461208154000076 49.488656208000066)",Unfall 161295 (2018) Kat:3, Licht: 0,161295,3,2,5,12,19,2,0,0,0,1,1,0,0,0
"POINT (8.454903518000037 49.540143444000080)",Unfall 161296 (2018) Kat:3, Licht: 2,161296,3,3,5,12,06,2,1,2,0,1,0,0,0,1
"POINT (8.493755323000073 49.511732583000025)",Unfall 161347 (2018) Kat:3, Licht: 0,161347,3,6,1,11,13,5,0,0,0,1,0,0,0,0
"POINT (8.495044801000063 49.453815999000028)",Unfall 161382 (2018) Kat:3, Licht: 2,161382,3,2,4,12,01,1,0,2,0,1,0,0,0,0
"POINT (8.457948132000070 49.498194256000033)",Unfall 161407 (2018) Kat:3, Licht: 0,161407,3,2,2,11,08,4,0,0,0,1,0,0,0,0
"POINT (8.450744370000052 49.539239536000082)",Unfall 161438 (2018) Kat:3, Licht: 0,161438,3,3,5,12,14,7,0,0,0,1,0,0,0,1
"POINT (8.470591845000058 49.493487730000027)",Unfall 161491 (2018) Kat:2, Licht: 2,161491,2,1,9,11,00,3,1,2,0,1,0,0,0,0
"POINT (8.470237421000036 49.502926913000067)",Unfall 161497 (2018) Kat:3, Licht: 1,161497,3,6,1,11,08,3,1,1,0,1,0,0,0,1
"POINT (8.487065393000023 49.484962917000075)",Unfall 161525 (2018) Kat:3, Licht: 1,161525,3,6,2,11,18,6,0,1,0,1,0,0,0,0
"POINT (8.473953824000034 49.518020322000041)",Unfall 161528 (2018) Kat:2, Licht: 0,161528,2,7,0,11,08,6,1,0,1,0,0,0,0,0
"POINT (8.470618489000060 49.490090346000045)",Unfall 161531 (2018) Kat:3, Licht: 0,161531,3,7,1,11,11,6,1,0,1,1,0,0,0,0
"POINT (8.471454186000074 49.486570765000067)",Unfall 161582 (2018) Kat:3, Licht: 0,161582,3,7,0,12,10,2,0,0,0,1,0,0,0,0
"POINT (8.502178865000076 49.462775446000080)",Unfall 161583 (2018) Kat:2, Licht: 2,161583,2,7,0,12,05,6,1,2,1,0,0,0,0,0
"POINT (8.466916901000047 49.488308843000027)",Unfall 161584 (2018) Kat:3, Licht: 2,161584,3,2,5,12,05,6,1,2,1,1,0,0,0,0
"POINT (8.480306642000073 49.487593831000027)",Unfall 161616 (2018) Kat:3, Licht: 0,161616,3,6,2,12,11,2,0,0,0,1,0,0,0,0
"POINT (8.484061531000066 49.480819133000068)",Unfall 161619 (2018) Kat:3, Licht: 2,161619,3,3,5,12,17,7,1,2,0,1,0,0,0,0
"POINT (8.487414235000074 49.459887079000055)",Unfall 161646 (2018) Kat:3, Licht: 0,161646,3,3,5,12,09,7,1,0,0,1,0,0,0,0
"POINT (8.468168875000060 49.497157341000047)",Unfall 161711 (2018) Kat:3, Licht: 2,161711,3,3,5,12,18,4,0,2,0,1,0,0,0,0
"POINT (8.464463145000025 49.488355906000038)",Unfall 161713 (2018) Kat:3, Licht: 2,161713,3,3,5,12,18,4,0,2,0,1,0,0,0,1
"POINT (8.448094682000033 49.542817856000056)",Unfall 161722 (2018) Kat:3, Licht: 0,161722,3,7,6,12,10,2,0,0,0,1,1,0,0,0
"POINT (8.479681971000048 49.482700034000061)",Unfall 161740 (2018) Kat:3, Licht: 0,161740,3,3,5,12,12,7,1,0,0,1,0,0,0,0
"POINT (8.468362855000066 49.546428417000072)",Unfall 161754 (2018) Kat:3, Licht: 2,161754,3,3,5,12,21,7,1,2,0,1,0,0,0,0
"POINT (8.497684516000049 49.502785944000038)",Unfall 161772 (2018) Kat:3, Licht: 0,161772,3,5,5,12,11,3,1,0,0,1,0,1,0,0
"POINT (8.469857842000067 49.472221665000063)",Unfall 161774 (2018) Kat:3, Licht: 0,161774,3,5,1,12,13,3,1,0,0,1,0,1,0,1
"POINT (8.476793518000022 49.503429629000038)",Unfall 161792 (2018) Kat:3, Licht: 2,161792,3,4,6,12,18,2,1,2,1,0,1,0,0,0
"POINT (8.473384572000043 49.483893923000039)",Unfall 161804 (2018) Kat:3, Licht: 2,161804,3,4,0,12,02,7,1,2,0,0,1,1,0,0
"POINT (8.471428509000020 49.500063260000047)",Unfall 161820 (2018) Kat:3, Licht: 2,161820,3,7,6,12,05,7,0,2,0,0,1,0,0,1
"POINT (8.489122853000026 49.456245567000053)",Unfall 161894 (2018) Kat:3, Licht: 0,161894,3,5,1,12,15,2,1,0,1,1,0,0,0,0
"POINT (8.479452550000076 49.508869082000047)",Unfall 161929 (2018) Kat:3, Licht: 0,161929,3,1,0,12,09,5,0,0,0,0,0,1,0,0
"POINT (8.470213561000037 49.493285665000030)",Unfall 161933 (2018) Kat:3, Licht: 2,161933,3,3,5,12,19,5,0,2,0,1,0,0,0,0
"POINT (8.503859853000051 49.502415803000076)",Unfall 161977 (2018) Kat:2, Licht: 2,161977,2,5,5,12,17,4,0,2,1,1,0,0,0,0
"POINT (8.454750017000038 49.526126698000041)",Unfall 162008 (2018) Kat:3, Licht: 2,162008,3,6,3,12,07,3,0,2,1,1,0,0,0,0
"POINT (8.477382521000038 49.480844257000058)",Unfall 162042 (2018) Kat:3, Licht: 0,162042,3,3,5,12,07,3,0,0,0,1,0,0,0,1
"POINT (8.492252514000029 49.478634191000026)",Unfall 162043 (2018) Kat:3, Licht: 0,162043,3,3,5,12,16,3,1,0,1,1,0,0,0,0
"POINT (8.471198521000076 49.488271267000073)",Unfall 162045 (2018) Kat:3, Licht: 0,162045,3,5,3,12,10,3,0,0,1,1,0,0,0,0
"POINT (8.457703449000064 49.514089392000074)",Unfall 162080 (2018) Kat:2, Licht: 2,162080,2,1,8,12,17,5,1,2,0,1,0,0,0,0
"POINT (8.492633677000072 49.521867534000080)",Unfall 162137 (2018) Kat:3, Licht: 0,162137,3,7,1,12,12,4,1,0,0,0,0,1,0,1
"POINT (8.478067561000046 49.490103308000073)",Unfall 162144 (2018) Kat:2, Licht: 1,162144,2,4,6,12,16,6,0,1,0,1,1,0,0,0
"POINT (8.457593150000037 49.548958345000074)",Unfall 162170 (2018) Kat:3, Licht: 0,162170,3,2,5,12,12,5,1,0,1,1,0,0,0,0
"POINT (8.579065633000027 49.439975998000079)",Unfall 162189 (2018) Kat:2, Licht: 0,162189,2,3,5,12,11,4,0,0,0,1,0,0,0,0
"POINT (8.468159433000039 49.497144979000041)",Unfall 162210 (2018) Kat:3, Licht: 0,162210,3,3,5,12,13,2,1,0,0,1,0,0,0,0
"POINT (8.464231450000057 49.481912602000079)",Unfall 162212 (2018) Kat:2, Licht: 0,162212,2,3,0,12,10,2,0,0,1,1,0,0,0,0
"POINT (8.531531995000023 49.507567144000063)",Unfall 162227 (2018) Kat:2, Licht: 0,162227,2,4,6,12,15,5,1,0,0,1,1,0,0,0
"POINT (8.465660411000044 49.486932193000030)",Unfall 162229 (2018) Kat:3, Licht: 2,162229,3,4,0,12,19,6,0,2,1,0,1,0,0,0
"POINT (8.489181968000025 49.481387102000042)",Unfall 162241 (2018) Kat:3, Licht: 0,162241,3,3,5,12,14,1,1,0,0,1,0,0,0,0
"POINT (8.536398783000038 49.449069833000067)",Unfall 162268 (2018) Kat:3, Licht: 0,162268,3,2,4,12,11,7,1,0,0,1,0,0,0,0
"POINT (8.481031026000039 49.542165971000031)",Unfall 162320 (2018) Kat:2, Licht: 2,162320,2,2,4,12,18,6,1,2,0,1,0,0,0,0
"POINT (8.478986037000027 49.514385360000063)",Unfall 162323 (2018) Kat:3, Licht: 2,162323,3,6,2,12,18,6,1,2,0,1,0,0,0,0
"POINT (8.490665910000075 49.500347054000031)",Unfall 162325 (2018) Kat:3, Licht: 0,162325,3,7,1,12,11,6,1,0,0,0,0,0,1,1
"POINT (8.469213906000050 49.488533738000058)",Unfall 162327 (2018) Kat:3, Licht: 2,162327,3,2,6,12,18,6,1,2,0,1,1,0,0,0
"POINT (8.481347864000043 49.481985337000026)",Unfall 162329 (2018) Kat:3, Licht: 0,162329,3,2,5,12,15,6,1,0,1,1,0,0,0,0
"POINT (8.561622372000045 49.461461408000048)",Unfall 162550 (2018) Kat:3, Licht: 0,162550,3,3,1,12,14,1,0,0,0,1,0,0,0,0
"POINT (8.507182753000052 49.505228267000064)",Unfall 162552 (2018) Kat:3, Licht: 2,162552,3,3,5,12,00,1,1,2,0,1,0,0,0,0
"POINT (8.530349100000024 49.431932608000068)",Unfall 162577 (2018) Kat:3, Licht: 0,162577,3,3,5,12,09,7,0,0,0,1,0,0,0,0
"POINT (8.488198271000044 49.497604135000074)",Unfall 21865 (2019) Kat:3, Licht: 2,21865,3,3,5,01,17,5,0,2,1,1,0,0,0,0
"POINT (8.487019678000024 49.496261000000061)",Unfall 21866 (2019) Kat:3, Licht: 2,21866,3,4,6,01,21,5,0,2,1,0,1,0,0,0
"POINT (8.491287912000075 49.490101500000037)",Unfall 21953 (2019) Kat:3, Licht: 2,21953,3,3,0,01,23,4,1,2,0,1,0,1,0,0
"POINT (8.476549280000029 49.516547486000036)",Unfall 21954 (2019) Kat:2, Licht: 2,21954,2,1,2,01,17,4,0,2,0,1,0,0,0,0
"POINT (8.513159206000069 49.444444038000029)",Unfall 22027 (2019) Kat:3, Licht: 1,22027,3,6,1,01,16,3,1,1,0,1,0,0,0,0
"POINT (8.488801051000053 49.528757360000043)",Unfall 22160 (2019) Kat:2, Licht: 0,22160,2,2,6,01,11,5,1,0,0,1,1,0,0,0
"POINT (8.547032439000077 49.513399893000042)",Unfall 22344 (2019) Kat:3, Licht: 2,22344,3,3,5,01,06,5,1,2,1,1,0,0,0,0
"POINT (8.474606750000021 49.484578885000076)",Unfall 22420 (2019) Kat:3, Licht: 0,22420,3,6,2,01,14,6,1,0,0,1,0,0,0,0
"POINT (8.560226679000039 49.512477694000040)",Unfall 22545 (2019) Kat:3, Licht: 2,22545,3,6,3,01,03,3,0,2,0,1,0,0,1,0
"POINT (8.517407840000033 49.468090956000026)",Unfall 22546 (2019) Kat:3, Licht: 2,22546,3,1,0,01,06,3,2,2,0,1,0,0,0,0
"POINT (8.461686811000050 49.504480551000029)",Unfall 22606 (2019) Kat:2, Licht: 2,22606,2,3,5,01,21,2,0,2,0,1,0,0,0,0
"POINT (8.505703646000029 49.463694717000067)",Unfall 22611 (2019) Kat:3, Licht: 1,22611,3,6,2,01,16,5,1,1,0,1,0,0,0,0
"POINT (8.460720038000034 49.495162826000069)",Unfall 22661 (2019) Kat:3, Licht: 0,22661,3,6,2,01,14,1,0,0,0,1,0,0,0,0
"POINT (8.468917565000027 49.482065036000051)",Unfall 22755 (2019) Kat:3, Licht: 0,22755,3,6,2,01,14,6,0,0,0,1,0,0,0,0
"POINT (8.474681413000042 49.484657156000026)",Unfall 22870 (2019) Kat:3, Licht: 0,22870,3,5,1,01,17,4,0,0,1,1,0,0,0,0
"POINT (8.488253449000069 49.494728199000065)",Unfall 22885 (2019) Kat:3, Licht: 1,22885,3,4,6,02,07,6,0,1,0,0,1,0,0,1
"POINT (8.541093748000037 49.469933841000056)",Unfall 22925 (2019) Kat:3, Licht: 0,22925,3,6,2,01,07,3,0,0,0,1,0,0,0,0
"POINT (8.522719029000029 49.473674303000053)",Unfall 22928 (2019) Kat:3, Licht: 2,22928,3,6,2,01,07,3,0,2,0,1,0,0,0,0
"POINT (8.522881495000036 49.481423454000037)",Unfall 22929 (2019) Kat:3, Licht: 1,22929,3,6,2,01,07,3,0,1,0,1,0,0,0,0
"POINT (8.516749605000030 49.465449907000050)",Unfall 23011 (2019) Kat:3, Licht: 1,23011,3,6,2,01,17,2,1,1,0,1,0,0,0,0
"POINT (8.480814193000072 49.522030253000025)",Unfall 23013 (2019) Kat:3, Licht: 0,23013,3,6,2,01,12,2,0,0,0,1,0,0,0,0
"POINT (8.491351828000063 49.499637699000061)",Unfall 23032 (2019) Kat:3, Licht: 2,23032,3,4,6,02,07,6,0,2,1,0,1,0,0,0
"POINT (8.549643548000063 49.521401456000035)",Unfall 23135 (2019) Kat:3, Licht: 0,23135,3,1,8,02,13,6,0,0,0,1,0,0,0,0
"POINT (8.540034070000047 49.459615558000053)",Unfall 23196 (2019) Kat:2, Licht: 1,23196,2,7,9,02,19,5,0,1,0,1,0,0,1,0
"POINT (8.525791325000057 49.435392868000065)",Unfall 23298 (2019) Kat:2, Licht: 1,23298,2,6,2,02,07,4,0,1,0,1,0,0,0,0
"POINT (8.550109994000025 49.488603974000057)",Unfall 23338 (2019) Kat:3, Licht: 0,23338,3,6,2,02,11,7,1,0,0,1,0,0,0,0
"POINT (8.461690976000057 49.494105551000075)",Unfall 23373 (2019) Kat:3, Licht: 2,23373,3,6,1,02,06,3,0,2,0,1,0,0,0,0
"POINT (8.577134002000037 49.441296256000044)",Unfall 23391 (2019) Kat:2, Licht: 0,23391,2,4,6,02,14,2,0,0,0,1,1,0,0,0
"POINT (8.485173212000063 49.493979224000043)",Unfall 23474 (2019) Kat:3, Licht: 0,23474,3,3,5,02,08,2,1,0,1,1,0,0,0,0
"POINT (8.456175033000022 49.553576452000073)",Unfall 23606 (2019) Kat:3, Licht: 0,23606,3,6,2,02,14,3,0,0,0,1,0,0,0,0
"POINT (8.513587672000028 49.444247926000060)",Unfall 23703 (2019) Kat:2, Licht: 2,23703,2,6,1,02,18,6,0,2,0,1,0,0,0,0
"POINT (8.465188691000037 49.507078106000051)",Unfall 23764 (2019) Kat:3, Licht: 0,23764,3,3,4,02,12,7,0,0,0,1,0,0,0,0
"POINT (8.497067547000029 49.502663302000030)",Unfall 23810 (2019) Kat:3, Licht: 2,23810,3,4,6,02,18,5,0,2,0,1,1,0,0,0
"POINT (8.475683423000021 49.486119145000032)",Unfall 23814 (2019) Kat:3, Licht: 0,23814,3,6,1,02,13,5,0,0,0,1,0,0,0,1
"POINT (8.546498745000065 49.514554714000042)",Unfall 23841 (2019) Kat:3, Licht: 0,23841,3,6,1,02,13,7,0,0,0,1,0,0,0,0
"POINT (8.540647932000070 49.457428964000030)",Unfall 23842 (2019) Kat:3, Licht: 2,23842,3,6,2,02,18,5,0,2,0,0,0,0,1,0
"POINT (8.438920770000038 49.553257347000056)",Unfall 24015 (2019) Kat:3, Licht: 0,24015,3,6,2,02,17,3,0,0,0,1,0,0,0,0
"POINT (8.540269255000055 49.435583122000025)",Unfall 24017 (2019) Kat:3, Licht: 2,24017,3,6,3,02,02,3,0,2,0,0,0,0,1,1
"POINT (8.455697090000058 49.486541315000068)",Unfall 24030 (2019) Kat:3, Licht: 0,24030,3,6,3,02,16,3,0,0,0,1,0,0,1,0
"POINT (8.460383663000073 49.493327469000064)",Unfall 24221 (2019) Kat:3, Licht: 0,24221,3,6,2,03,14,2,1,0,0,1,0,0,0,1
"POINT (8.515844242000071 49.488621152000064)",Unfall 24275 (2019) Kat:3, Licht: 0,24275,3,6,2,02,15,2,0,0,0,1,0,0,0,0
"POINT (8.460459821000029 49.495367214000055)",Unfall 24289 (2019) Kat:3, Licht: 2,24289,3,6,2,03,23,6,0,2,0,1,0,0,0,0
"POINT (8.569086833000029 49.448852725000052)",Unfall 24353 (2019) Kat:3, Licht: 0,24353,3,6,5,02,12,1,0,0,0,1,0,0,0,0
"POINT (8.501184034000062 49.489416347000031)",Unfall 24417 (2019) Kat:3, Licht: 0,24417,3,6,2,03,13,2,1,0,0,1,0,0,0,0
"POINT (8.459854018000044 49.553797302000078)",Unfall 24503 (2019) Kat:3, Licht: 0,24503,3,6,2,02,09,4,0,0,0,1,0,0,1,0
"POINT (8.567611644000067 49.434813697000038)",Unfall 24505 (2019) Kat:2, Licht: 2,24505,2,3,5,02,04,4,0,2,1,1,0,0,0,0
"POINT (8.487004706000050 49.496243712000080)",Unfall 24607 (2019) Kat:3, Licht: 1,24607,3,3,5,03,05,1,1,1,0,1,0,0,0,0
"POINT (8.450426796000045 49.553514084000028)",Unfall 24669 (2019) Kat:3, Licht: 2,24669,3,6,3,03,22,7,0,2,0,1,0,0,0,0
"POINT (8.558578519000037 49.499184417000038)",Unfall 24748 (2019) Kat:2, Licht: 0,24748,2,3,5,03,15,6,1,0,0,1,0,0,0,0
"POINT (8.560266884000043 49.453472727000076)",Unfall 24817 (2019) Kat:3, Licht: 0,24817,3,6,1,03,17,5,0,0,0,1,0,0,0,0
"POINT (8.489113695000071 49.528774263000059)",Unfall 24850 (2019) Kat:3, Licht: 0,24850,3,6,1,03,14,5,0,0,0,1,0,0,0,0
"POINT (8.482146119000049 49.524927039000033)",Unfall 24853 (2019) Kat:3, Licht: 0,24853,3,7,0,03,13,6,0,0,0,0,0,0,0,1
"POINT (8.500298486000077 49.524432260000026)",Unfall 24873 (2019) Kat:3, Licht: 0,24873,3,6,2,03,11,4,0,0,0,1,0,0,1,0
"POINT (8.489452757000038 49.528425933000051)",Unfall 24953 (2019) Kat:3, Licht: 0,24953,3,6,3,03,07,4,0,0,0,1,0,0,1,0
"POINT (8.488936020000040 49.528849410000078)",Unfall 25038 (2019) Kat:3, Licht: 2,25038,3,2,5,03,06,5,1,2,1,1,0,0,0,0
"POINT (8.452307066000060 49.548110874000031)",Unfall 25180 (2019) Kat:3, Licht: 0,25180,3,6,2,03,14,4,0,0,0,1,0,0,0,0
"POINT (8.505247706000034 49.521793723000030)",Unfall 25298 (2019) Kat:3, Licht: 0,25298,3,6,2,03,15,2,1,0,0,1,0,0,0,0
"POINT (8.484306510000067 49.493925528000034)",Unfall 25300 (2019) Kat:3, Licht: 0,25300,3,4,6,03,13,2,0,0,0,0,1,0,0,1
"POINT (8.460115289000044 49.503382081000041)",Unfall 25537 (2019) Kat:3, Licht: 0,25537,3,4,6,03,14,7,0,0,0,0,1,1,0,0
"POINT (8.521666364000055 49.515245271000026)",Unfall 25538 (2019) Kat:3, Licht: 0,25538,3,6,1,03,10,7,0,0,0,1,0,0,0,0
"POINT (8.468687509000063 49.509578280000028)",Unfall 25690 (2019) Kat:3, Licht: 2,25690,3,3,5,03,04,1,0,2,0,1,0,0,0,0
"POINT (8.539422195000043 49.461595653000074)",Unfall 25732 (2019) Kat:3, Licht: 2,25732,3,1,2,03,01,7,0,2,0,1,0,0,0,1
"POINT (8.577911726000025 49.458874469000079)",Unfall 25748 (2019) Kat:3, Licht: 0,25748,3,2,5,03,16,7,0,0,0,1,0,0,0,0
"POINT (8.467355433000023 49.482665959000030)",Unfall 25939 (2019) Kat:3, Licht: 0,25939,3,6,3,03,10,5,0,0,0,1,0,1,0,0
"POINT (8.481091454000023 49.538725157000044)",Unfall 25968 (2019) Kat:2, Licht: 0,25968,2,6,5,03,14,4,0,0,1,0,0,1,0,0
"POINT (8.527014547000022 49.433814512000026)",Unfall 26034 (2019) Kat:3, Licht: 0,26034,3,3,5,04,14,6,0,0,0,1,0,0,0,0
"POINT (8.540564632000042 49.442817337000065)",Unfall 26103 (2019) Kat:3, Licht: 0,26103,3,6,2,04,14,5,0,0,0,1,0,0,0,0
"POINT (8.462886815000047 49.484523702000047)",Unfall 26171 (2019) Kat:1, Licht: 0,26171,1,3,5,04,16,1,0,0,1,1,0,0,0,0
"POINT (8.542377316000057 49.473658740000076)",Unfall 26369 (2019) Kat:3, Licht: 2,26369,3,6,0,04,02,2,0,2,0,1,0,0,1,0
"POINT (8.538758830000063 49.452826086000073)",Unfall 26374 (2019) Kat:3, Licht: 0,26374,3,6,2,04,13,2,0,0,0,1,0,0,0,0
"POINT (8.527014930000064 49.433814022000035)",Unfall 26455 (2019) Kat:3, Licht: 0,26455,3,3,5,04,14,1,0,0,0,1,0,1,0,0
"POINT (8.474313618000053 49.534966170000075)",Unfall 26506 (2019) Kat:3, Licht: 0,26506,3,6,2,04,14,5,0,0,0,1,0,0,0,0
"POINT (8.568801203000021 49.450485465000042)",Unfall 26572 (2019) Kat:3, Licht: 0,26572,3,6,2,04,14,2,0,0,0,1,0,0,0,0
"POINT (8.540596141000037 49.442984595000041)",Unfall 26581 (2019) Kat:3, Licht: 0,26581,3,1,0,04,15,4,0,0,0,0,0,1,0,0
"POINT (8.471281544000021 49.477056706000042)",Unfall 26608 (2019) Kat:2, Licht: 0,26608,2,3,5,04,12,2,0,0,0,1,0,0,0,0
"POINT (8.512131814000043 49.507568636000030)",Unfall 26631 (2019) Kat:3, Licht: 0,26631,3,4,6,04,08,3,0,0,0,1,1,0,0,0
"POINT (8.488224729000024 49.497634825000034)",Unfall 26678 (2019) Kat:3, Licht: 1,26678,3,3,5,04,06,3,0,1,1,1,0,0,0,0
"POINT (8.503379768000059 49.489317288000052)",Unfall 27002 (2019) Kat:2, Licht: 0,27002,2,7,5,04,11,5,0,0,0,1,0,0,0,1
"POINT (8.505425735000074 49.506766490000075)",Unfall 27122 (2019) Kat:3, Licht: 0,27122,3,6,3,04,10,4,0,0,0,1,0,0,1,0
"POINT (8.516238577000024 49.488594011000032)",Unfall 27163 (2019) Kat:3, Licht: 0,27163,3,2,5,04,13,7,0,0,0,1,0,0,0,0
"POINT (8.447986845000060 49.581280763000052)",Unfall 27167 (2019) Kat:2, Licht: 0,27167,2,6,1,04,15,7,0,0,0,1,0,1,0,0
"POINT (8.517533077000053 49.488522841000076)",Unfall 27253 (2019) Kat:3, Licht: 0,27253,3,6,1,05,10,4,0,0,0,1,0,0,0,0
"POINT (8.476008738000076 49.486363069000049)",Unfall 27304 (2019) Kat:3, Licht: 0,27304,3,6,2,04,10,2,0,0,0,1,0,0,0,0
"POINT (8.539507544000060 49.465014845000042)",Unfall 27317 (2019) Kat:3, Licht: 0,27317,3,6,2,04,09,3,0,0,0,1,0,0,0,0
"POINT (8.555470249000052 49.495015375000037)",Unfall 27370 (2019) Kat:3, Licht: 2,27370,3,3,5,04,23,5,0,2,0,1,0,0,0,0
"POINT (8.470839571000056 49.511122729000078)",Unfall 27414 (2019) Kat:3, Licht: 0,27414,3,5,5,04,11,2,0,0,0,1,0,0,0,0
"POINT (8.471346467000046 49.481367527000032)",Unfall 27428 (2019) Kat:3, Licht: 2,27428,3,6,2,05,21,4,0,2,0,1,0,0,0,0
"POINT (8.472651241000051 49.480644217000076)",Unfall 27473 (2019) Kat:3, Licht: 0,27473,3,6,2,04,14,4,0,0,0,1,0,1,0,0
"POINT (8.452428171000065 49.548035222000067)",Unfall 27594 (2019) Kat:3, Licht: 0,27594,3,6,2,04,16,3,0,0,0,1,0,0,0,0
"POINT (8.475183901000037 49.485239504000049)",Unfall 27600 (2019) Kat:3, Licht: 0,27600,3,3,5,04,17,2,1,0,1,1,0,0,0,0
"POINT (8.524005353000064 49.466041526000026)",Unfall 27670 (2019) Kat:3, Licht: 0,27670,3,6,2,05,19,3,0,0,0,1,0,0,0,0
"POINT (8.539649141000041 49.461258650000048)",Unfall 27678 (2019) Kat:3, Licht: 0,27678,3,6,1,05,17,5,1,0,0,1,0,0,0,1
"POINT (8.560588607000057 49.502607466000029)",Unfall 27783 (2019) Kat:3, Licht: 0,27783,3,7,2,05,17,2,0,0,0,1,0,0,0,0
"POINT (8.475898493000045 49.474898930000052)",Unfall 27797 (2019) Kat:3, Licht: 0,27797,3,6,3,05,09,2,0,0,0,1,0,0,1,0
"POINT (8.492456261000029 49.489708025000027)",Unfall 27837 (2019) Kat:3, Licht: 0,27837,3,6,3,05,13,4,1,0,0,1,0,1,0,0
"POINT (8.480866822000053 49.522162053000045)",Unfall 27843 (2019) Kat:3, Licht: 0,27843,3,7,5,05,15,7,0,0,0,1,0,0,0,1
"POINT (8.522817882000027 49.473457434000068)",Unfall 27915 (2019) Kat:3, Licht: 0,27915,3,6,2,05,11,7,1,0,0,1,0,0,0,0
"POINT (8.547788012000069 49.458231556000044)",Unfall 27979 (2019) Kat:3, Licht: 0,27979,3,6,2,05,15,5,1,0,0,1,0,0,1,0
"POINT (8.539496995000036 49.464949785000044)",Unfall 27997 (2019) Kat:3, Licht: 0,27997,3,6,2,05,08,6,0,0,0,1,0,0,0,0
"POINT (8.485111020000034 49.494589919000077)",Unfall 28011 (2019) Kat:3, Licht: 1,28011,3,6,3,05,20,4,1,1,0,1,0,0,0,0
"POINT (8.473931391000065 49.483559023000055)",Unfall 28121 (2019) Kat:3, Licht: 0,28121,3,6,2,05,17,5,0,0,0,1,0,0,0,0
"POINT (8.531110337000030 49.479874007000035)",Unfall 28123 (2019) Kat:3, Licht: 2,28123,3,2,4,05,22,5,1,2,0,1,0,0,0,0
"POINT (8.482499707000045 49.492190786000037)",Unfall 28337 (2019) Kat:3, Licht: 0,28337,3,6,2,05,17,4,0,0,0,1,0,0,0,0
"POINT (8.467316876000041 49.508598908000067)",Unfall 28364 (2019) Kat:3, Licht: 0,28364,3,6,2,05,14,4,0,0,0,1,0,0,0,0
"POINT (8.520059793000030 49.483415220000040)",Unfall 28596 (2019) Kat:3, Licht: 0,28596,3,6,3,05,07,2,0,0,0,1,0,0,0,0
"POINT (8.499768752000023 49.489466820000075)",Unfall 28598 (2019) Kat:3, Licht: 0,28598,3,6,2,05,16,2,0,0,0,1,0,0,0,0
"POINT (8.537461181000026 49.419801921000044)",Unfall 28601 (2019) Kat:3, Licht: 0,28601,3,1,8,05,09,2,0,0,0,1,0,0,0,0
"POINT (8.456512643000053 49.481276230000049)",Unfall 28622 (2019) Kat:3, Licht: 0,28622,3,6,3,05,07,6,0,0,0,1,0,0,1,0
"POINT (8.469034361000070 49.482020552000051)",Unfall 28721 (2019) Kat:3, Licht: 0,28721,3,6,1,05,17,3,1,0,0,1,0,0,0,1
"POINT (8.464197602000070 49.480787717000055)",Unfall 28723 (2019) Kat:3, Licht: 0,28723,3,6,1,05,18,1,0,0,0,1,0,0,0,0
"POINT (8.474482293000051 49.484113795000042)",Unfall 28811 (2019) Kat:3, Licht: 0,28811,3,6,2,05,17,7,0,0,1,1,0,0,0,0
"POINT (8.511230056000045 49.445033689000070)",Unfall 28812 (2019) Kat:3, Licht: 0,28812,3,6,2,05,12,7,0,0,0,1,0,0,0,0
"POINT (8.501237588000038 49.504676645000075)",Unfall 28869 (2019) Kat:3, Licht: 2,28869,3,1,9,05,01,6,0,2,0,1,0,0,0,0
"POINT (8.461853889000054 49.494582240000057)",Unfall 28954 (2019) Kat:2, Licht: 0,28954,2,1,0,05,13,5,0,0,0,0,0,1,0,0
"POINT (8.541100948000064 49.456861820000029)",Unfall 29190 (2019) Kat:3, Licht: 0,29190,3,6,1,05,07,3,1,0,0,1,0,0,0,0
"POINT (8.480681073000028 49.521613600000080)",Unfall 29281 (2019) Kat:3, Licht: 0,29281,3,6,2,05,13,2,0,0,0,1,0,0,0,0
"POINT (8.523552969000036 49.438442040000041)",Unfall 29282 (2019) Kat:3, Licht: 0,29282,3,3,5,05,17,2,0,0,0,1,0,1,0,0
"POINT (8.560479095000062 49.519351393000079)",Unfall 29307 (2019) Kat:3, Licht: 0,29307,3,6,2,05,14,6,0,0,0,1,0,0,0,0
"POINT (8.460940476000076 49.481519574000060)",Unfall 29388 (2019) Kat:3, Licht: 0,29388,3,1,0,06,08,2,0,0,0,0,0,1,0,0
"POINT (8.484799196000040 49.494288319000077)",Unfall 29412 (2019) Kat:3, Licht: 0,29412,3,6,2,06,16,3,0,0,0,1,0,0,1,0
"POINT (8.460655288000055 49.495062216000065)",Unfall 29760 (2019) Kat:3, Licht: 2,29760,3,6,4,06,02,1,0,2,0,1,0,0,0,0
"POINT (8.491233677000025 49.499714595000057)",Unfall 29810 (2019) Kat:3, Licht: 0,29810,3,7,3,06,09,6,0,0,0,1,0,0,0,1
"POINT (8.485724171000072 49.474001498000064)",Unfall 29833 (2019) Kat:3, Licht: 2,29833,3,6,2,06,22,2,1,2,0,1,0,0,0,0
"POINT (8.540808583000057 49.443066177000048)",Unfall 29903 (2019) Kat:2, Licht: 0,29903,2,6,2,06,10,5,0,0,0,1,0,1,0,0
"POINT (8.512607767000077 49.488827457000070)",Unfall 29911 (2019) Kat:3, Licht: 0,29911,3,3,5,06,14,5,0,0,1,1,0,0,0,0
"POINT (8.473983461000046 49.483613795000053)",Unfall 29913 (2019) Kat:2, Licht: 0,29913,2,3,5,06,17,5,0,0,0,1,0,1,0,0
"POINT (8.474235512000064 49.483868983000036)",Unfall 30164 (2019) Kat:2, Licht: 0,30164,2,1,6,06,18,2,0,0,0,1,1,0,0,0
"POINT (8.492317193000076 49.500132202000032)",Unfall 30267 (2019) Kat:3, Licht: 0,30267,3,3,5,06,13,5,0,0,1,1,0,0,0,0
"POINT (8.520066470000074 49.469281180000053)",Unfall 30269 (2019) Kat:3, Licht: 0,30269,3,3,3,06,11,5,0,0,0,1,0,0,0,0
"POINT (8.513067615000068 49.444486659000063)",Unfall 30271 (2019) Kat:3, Licht: 0,30271,3,6,3,06,07,5,0,0,0,1,0,0,1,0
"POINT (8.571244952000029 49.450910612000030)",Unfall 30273 (2019) Kat:3, Licht: 0,30273,3,2,5,06,14,5,0,0,0,1,0,0,0,0
"POINT (8.480382615000053 49.520938359000070)",Unfall 30275 (2019) Kat:3, Licht: 0,30275,3,7,5,06,06,5,0,0,1,0,0,0,0,0
"POINT (8.479508453000051 49.475282007000033)",Unfall 30365 (2019) Kat:3, Licht: 0,30365,3,3,5,06,17,4,0,0,1,1,0,0,0,0
"POINT (8.460520301000031 49.495288986000048)",Unfall 30400 (2019) Kat:3, Licht: 0,30400,3,4,6,06,14,1,0,0,0,1,1,0,0,0
"POINT (8.497030765000034 49.502643781000074)",Unfall 30495 (2019) Kat:2, Licht: 0,30495,2,3,5,06,15,7,0,0,1,1,0,0,0,0
"POINT (8.462719929000059 49.553873944000031)",Unfall 30571 (2019) Kat:3, Licht: 0,30571,3,6,2,06,10,6,0,0,0,1,0,0,0,0
"POINT (8.542082690000029 49.429329987000074)",Unfall 30729 (2019) Kat:3, Licht: 0,30729,3,6,2,06,15,4,0,0,0,1,0,0,0,1
"POINT (8.524603457000069 49.436926831000051)",Unfall 30739 (2019) Kat:3, Licht: 0,30739,3,2,4,06,18,4,0,0,0,1,0,1,0,0
"POINT (8.462568514000054 49.482271685000057)",Unfall 30741 (2019) Kat:3, Licht: 0,30741,3,6,2,06,07,4,0,0,0,1,0,0,1,0
"POINT (8.519727372000034 49.467426667000041)",Unfall 30866 (2019) Kat:3, Licht: 0,30866,3,6,2,06,07,6,0,0,0,1,0,0,0,1
"POINT (8.468689194000035 49.509579485000074)",Unfall 30876 (2019) Kat:3, Licht: 1,30876,3,3,5,06,05,1,0,1,0,1,0,0,0,0
"POINT (8.560045230000071 49.516119535000030)",Unfall 31004 (2019) Kat:3, Licht: 2,31004,3,6,3,06,00,1,0,2,0,1,0,0,1,0
"POINT (8.482563313000071 49.492271901000038)",Unfall 31012 (2019) Kat:3, Licht: 0,31012,3,6,2,06,13,5,0,0,0,1,0,0,0,0
"POINT (8.558153394000044 49.469713295000076)",Unfall 31014 (2019) Kat:3, Licht: 0,31014,3,7,5,06,13,5,0,0,0,1,0,0,0,1
"POINT (8.557494006000070 49.470347645000061)",Unfall 31016 (2019) Kat:3, Licht: 0,31016,3,7,2,06,18,5,0,0,0,1,0,1,0,0
"POINT (8.487052253000059 49.496298614000068)",Unfall 31125 (2019) Kat:3, Licht: 0,31125,3,7,0,06,14,1,0,0,0,0,0,1,0,0
"POINT (8.487766114000067 49.494709211000043)",Unfall 31159 (2019) Kat:3, Licht: 0,31159,3,6,2,06,13,4,0,0,0,1,0,0,0,0
"POINT (8.464265154000032 49.483977704000040)",Unfall 31480 (2019) Kat:3, Licht: 0,31480,3,6,2,07,19,4,0,0,1,0,0,0,0,0
"POINT (8.485342527000057 49.494044737000081)",Unfall 31482 (2019) Kat:3, Licht: 0,31482,3,4,6,07,12,4,0,0,1,0,1,0,0,0
"POINT (8.509388996000041 49.519307120000065)",Unfall 31484 (2019) Kat:2, Licht: 0,31484,2,6,2,07,15,4,0,0,0,1,0,0,0,0
"POINT (8.475733026000057 49.486262999000076)",Unfall 31485 (2019) Kat:3, Licht: 0,31485,3,3,5,07,17,4,0,0,1,0,0,0,0,1
"POINT (8.540869479000037 49.460505991000048)",Unfall 31629 (2019) Kat:3, Licht: 0,31629,3,6,2,07,17,3,0,0,0,1,0,0,0,0
"POINT (8.548338054000055 49.485545238000043)",Unfall 31639 (2019) Kat:3, Licht: 0,31639,3,6,3,07,15,2,0,0,0,1,0,0,0,0
"POINT (8.524088859000074 49.465921271000070)",Unfall 31641 (2019) Kat:3, Licht: 0,31641,3,6,2,07,09,7,0,0,0,1,0,0,0,0
"POINT (8.513710466000021 49.461974365000060)",Unfall 31797 (2019) Kat:2, Licht: 0,31797,2,1,3,07,15,6,1,0,0,1,0,0,0,1
"POINT (8.485115357000041 49.473965850000070)",Unfall 31989 (2019) Kat:3, Licht: 0,31989,3,6,2,07,17,2,0,0,0,1,0,0,0,0
"POINT (8.456305262000058 49.484574144000078)",Unfall 32120 (2019) Kat:3, Licht: 0,32120,3,6,3,07,14,4,0,0,0,1,0,0,1,0
"POINT (8.515947583000070 49.488614039000026)",Unfall 32122 (2019) Kat:2, Licht: 0,32122,2,6,1,07,07,4,0,0,0,1,0,1,0,0
"POINT (8.500124294000045 49.474337820000073)",Unfall 32206 (2019) Kat:3, Licht: 0,32206,3,3,5,07,06,3,0,0,0,1,0,0,0,1
"POINT (8.560826223000049 49.504394468000044)",Unfall 32294 (2019) Kat:3, Licht: 2,32294,3,6,0,07,22,3,0,2,0,1,0,0,0,1
"POINT (8.456980287000022 49.545229467000070)",Unfall 32317 (2019) Kat:3, Licht: 2,32317,3,7,3,07,05,3,0,2,0,1,0,0,0,0
"POINT (8.518469075000041 49.467462443000045)",Unfall 32345 (2019) Kat:2, Licht: 0,32345,2,1,8,07,18,2,0,0,0,0,0,1,0,0
"POINT (8.460433712000054 49.493474021000054)",Unfall 32421 (2019) Kat:3, Licht: 0,32421,3,5,5,07,11,1,0,0,1,1,0,0,0,0
"POINT (8.487016256000061 49.496491829000036)",Unfall 32422 (2019) Kat:2, Licht: 0,32422,2,6,2,07,15,1,0,0,0,1,0,1,0,0
"POINT (8.450914108000063 49.586429003000035)",Unfall 32484 (2019) Kat:1, Licht: 0,32484,1,1,8,07,19,7,1,0,0,1,0,0,0,0
"POINT (8.487075275000052 49.474793597000030)",Unfall 32554 (2019) Kat:3, Licht: 2,32554,3,1,0,07,00,6,0,2,1,0,0,0,0,0
"POINT (8.463941798000064 49.481998606000047)",Unfall 32555 (2019) Kat:3, Licht: 0,32555,3,6,1,07,17,6,0,0,0,1,0,0,0,0
"POINT (8.499908989000062 49.489461930000061)",Unfall 32556 (2019) Kat:3, Licht: 0,32556,3,3,5,07,11,6,0,0,0,1,0,0,0,1
"POINT (8.483084692000034 49.474018859000068)",Unfall 32557 (2019) Kat:3, Licht: 0,32557,3,6,2,07,15,6,0,0,0,1,0,0,0,0
"POINT (8.540450078000049 49.457883864000053)",Unfall 32928 (2019) Kat:3, Licht: 0,32928,3,6,3,07,08,2,0,0,0,1,0,0,0,0
"POINT (8.540310348000048 49.438370599000052)",Unfall 32929 (2019) Kat:3, Licht: 0,32929,3,6,2,07,08,2,0,0,0,1,0,0,0,0
"POINT (8.487025805000030 49.496502242000076)",Unfall 32967 (2019) Kat:3, Licht: 1,32967,3,6,1,07,21,3,1,1,0,1,0,0,0,0
"POINT (8.473123645000044 49.482712526000057)",Unfall 33061 (2019) Kat:3, Licht: 0,33061,3,6,3,07,15,2,0,0,0,1,0,0,1,0
"POINT (8.487265187000048 49.494605213000057)",Unfall 33116 (2019) Kat:3, Licht: 0,33116,3,1,8,07,15,1,1,0,0,1,0,0,0,0
"POINT (8.571484394000038 49.451186035000035)",Unfall 33291 (2019) Kat:3, Licht: 0,33291,3,6,2,07,09,3,0,0,0,1,0,0,1,0
"POINT (8.540473292000058 49.441017724000062)",Unfall 33347 (2019) Kat:3, Licht: 2,33347,3,1,8,08,00,4,1,2,0,1,0,0,0,0
"POINT (8.544157471000062 49.478925975000038)",Unfall 33475 (2019) Kat:3, Licht: 0,33475,3,6,2,08,12,7,0,0,0,1,0,0,0,0
"POINT (8.495601375000035 49.501882933000047)",Unfall 33672 (2019) Kat:3, Licht: 0,33672,3,3,5,08,18,5,0,0,1,0,0,0,0,0
"POINT (8.516265663000070 49.488592147000077)",Unfall 33673 (2019) Kat:2, Licht: 0,33673,2,2,5,08,09,5,0,0,0,1,0,0,0,0
"POINT (8.476901454000029 49.516800819000082)",Unfall 33675 (2019) Kat:2, Licht: 0,33675,2,6,2,08,17,5,0,0,0,1,0,0,0,0
"POINT (8.471226751000074 49.477084879000074)",Unfall 33831 (2019) Kat:3, Licht: 2,33831,3,1,9,08,03,1,0,2,0,1,0,0,0,0
"POINT (8.565996828000039 49.431899608000037)",Unfall 33832 (2019) Kat:2, Licht: 0,33832,2,2,2,08,11,1,0,0,0,1,0,1,0,0
"POINT (8.459988905000046 49.492988513000057)",Unfall 33835 (2019) Kat:2, Licht: 0,33835,2,4,6,08,13,1,0,0,0,1,1,0,0,0
"POINT (8.491544542000042 49.477694345000032)",Unfall 33852 (2019) Kat:3, Licht: 0,33852,3,7,0,08,16,4,0,0,0,0,0,0,0,1
"POINT (8.483600619000072 49.473969585000077)",Unfall 33919 (2019) Kat:3, Licht: 0,33919,3,1,1,08,19,7,0,0,0,1,0,1,0,0
"POINT (8.539561848000062 49.461221003000048)",Unfall 33988 (2019) Kat:3, Licht: 0,33988,3,6,2,08,10,6,0,0,0,1,0,0,0,0
"POINT (8.487093230000028 49.474813081000036)",Unfall 34001 (2019) Kat:3, Licht: 0,34001,3,6,2,08,10,6,0,0,0,1,0,0,0,0
"POINT (8.505977654000049 49.506944059000034)",Unfall 34143 (2019) Kat:3, Licht: 0,34143,3,6,2,08,14,4,0,0,0,1,0,0,0,0
"POINT (8.476422068000034 49.474457169000061)",Unfall 34166 (2019) Kat:3, Licht: 0,34166,3,6,2,08,12,7,0,0,0,1,0,0,0,0
"POINT (8.473983657000076 49.483614001000035)",Unfall 34248 (2019) Kat:2, Licht: 2,34248,2,4,6,08,21,7,0,2,0,1,1,0,0,0
"POINT (8.546412111000052 49.420531130000029)",Unfall 34281 (2019) Kat:3, Licht: 1,34281,3,6,2,08,05,2,0,1,0,1,0,0,0,0
"POINT (8.484786738000025 49.494276339000066)",Unfall 34580 (2019) Kat:2, Licht: 0,34580,2,2,5,08,16,7,0,0,1,1,0,0,0,0
"POINT (8.467863501000068 49.508989504000056)",Unfall 34678 (2019) Kat:2, Licht: 2,34678,2,5,1,09,20,2,0,2,0,1,0,0,0,1
"POINT (8.461594364000064 49.504414447000045)",Unfall 34705 (2019) Kat:3, Licht: 2,34705,3,2,5,09,23,1,0,2,0,1,0,0,0,0
"POINT (8.460495033000029 49.493294286000037)",Unfall 34785 (2019) Kat:3, Licht: 0,34785,3,3,5,08,15,6,0,0,0,1,0,1,0,0
"POINT (8.493671358000029 49.500854050000044)",Unfall 34854 (2019) Kat:3, Licht: 0,34854,3,3,5,08,13,6,0,0,1,1,0,0,0,0
"POINT (8.457284154000035 49.491169135000064)",Unfall 34876 (2019) Kat:3, Licht: 0,34876,3,6,2,08,14,6,0,0,0,1,0,0,0,0
"POINT (8.557563734000041 49.496684251000033)",Unfall 35073 (2019) Kat:3, Licht: 2,35073,3,1,9,09,20,7,1,2,0,1,0,0,0,0
"POINT (8.523550169000032 49.438447755000027)",Unfall 35120 (2019) Kat:3, Licht: 2,35120,3,3,5,09,21,4,0,2,0,1,0,0,0,0
"POINT (8.524305130000073 49.437310669000055)",Unfall 35122 (2019) Kat:3, Licht: 0,35122,3,6,2,09,10,4,0,0,0,1,0,0,0,1
"POINT (8.527428030000067 49.433283626000048)",Unfall 35151 (2019) Kat:3, Licht: 0,35151,3,7,6,09,17,6,0,0,0,0,1,0,0,1
"POINT (8.461055027000043 49.494995910000057)",Unfall 35276 (2019) Kat:3, Licht: 0,35276,3,2,6,09,12,3,0,0,0,1,1,0,0,0
"POINT (8.487080888000037 49.496340348000047)",Unfall 35301 (2019) Kat:3, Licht: 0,35301,3,2,5,09,08,5,0,0,1,1,0,0,0,0
"POINT (8.470807354000044 49.511099607000062)",Unfall 35356 (2019) Kat:3, Licht: 0,35356,3,5,5,09,08,4,0,0,1,1,0,0,0,0
"POINT (8.567608256000028 49.434807785000032)",Unfall 35359 (2019) Kat:2, Licht: 0,35359,2,3,5,09,08,4,0,0,0,1,0,1,0,0
"POINT (8.461584724000034 49.504407555000057)",Unfall 35507 (2019) Kat:3, Licht: 2,35507,3,2,3,09,22,5,0,2,1,1,0,0,0,0
"POINT (8.524037118000024 49.465732578000029)",Unfall 35514 (2019) Kat:3, Licht: 0,35514,3,6,3,09,17,3,0,0,0,1,0,0,0,0
"POINT (8.459136941000054 49.483134355000061)",Unfall 35671 (2019) Kat:3, Licht: 0,35671,3,6,4,09,16,6,0,0,0,1,0,0,0,0
"POINT (8.447730214000046 49.552654266000047)",Unfall 35756 (2019) Kat:3, Licht: 0,35756,3,2,5,09,15,4,0,0,1,1,0,0,0,0
"POINT (8.522273637000069 49.466204566000044)",Unfall 35848 (2019) Kat:3, Licht: 2,35848,3,6,2,09,22,6,0,2,0,1,0,0,0,0
"POINT (8.462138827000047 49.484716451000054)",Unfall 35892 (2019) Kat:3, Licht: 0,35892,3,6,1,09,18,6,0,0,0,1,0,0,0,0
"POINT (8.500240183000074 49.474292124000044)",Unfall 35917 (2019) Kat:3, Licht: 0,35917,3,2,3,09,12,3,0,0,0,1,0,1,0,0
"POINT (8.487514739000062 49.496829031000061)",Unfall 35932 (2019) Kat:3, Licht: 0,35932,3,2,2,09,10,6,0,0,0,1,0,0,0,0
"POINT (8.477016868000021 49.474290992000078)",Unfall 35933 (2019) Kat:3, Licht: 0,35933,3,6,1,09,08,6,0,0,0,1,0,0,0,0
"POINT (8.519664172000034 49.516112261000046)",Unfall 35936 (2019) Kat:3, Licht: 0,35936,3,6,1,09,08,6,0,0,0,1,0,0,1,0
"POINT (8.444586246000029 49.560207878000028)",Unfall 36124 (2019) Kat:2, Licht: 2,36124,2,1,1,09,21,3,1,2,0,1,0,0,0,0
"POINT (8.505601711000054 49.463732695000033)",Unfall 36187 (2019) Kat:3, Licht: 0,36187,3,6,2,09,16,2,0,0,0,1,0,0,0,0
"POINT (8.476549043000034 49.474391920000073)",Unfall 36188 (2019) Kat:3, Licht: 2,36188,3,6,1,09,05,2,1,2,0,1,0,0,0,0
"POINT (8.518694677000042 49.484456784000031)",Unfall 36189 (2019) Kat:3, Licht: 0,36189,3,6,1,09,08,2,1,0,0,1,0,0,0,0
"POINT (8.546308352000040 49.492295028000058)",Unfall 36558 (2019) Kat:2, Licht: 0,36558,2,7,4,09,14,5,1,0,0,1,0,1,0,0
"POINT (8.542228674000057 49.452561830000036)",Unfall 36562 (2019) Kat:3, Licht: 0,36562,3,6,2,09,15,4,1,0,0,1,0,0,0,0
"POINT (8.467908681000040 49.509021788000041)",Unfall 36591 (2019) Kat:3, Licht: 0,36591,3,6,2,09,11,4,0,0,0,1,0,0,0,0
"POINT (8.482210124000062 49.474110445000065)",Unfall 36673 (2019) Kat:3, Licht: 1,36673,3,2,3,10,19,6,1,1,1,1,0,0,0,0
"POINT (8.522706820000053 49.473647858000049)",Unfall 36675 (2019) Kat:3, Licht: 0,36675,3,6,1,10,12,6,1,0,0,1,0,0,1,0
"POINT (8.480477223000037 49.489534630000037)",Unfall 36687 (2019) Kat:3, Licht: 0,36687,3,6,2,10,13,7,0,0,0,1,0,0,0,0
"POINT (8.476988907000020 49.474311557000078)",Unfall 36721 (2019) Kat:3, Licht: 2,36721,3,6,1,10,22,7,0,2,0,1,0,0,0,0
"POINT (8.559732996000037 49.468778766000071)",Unfall 36722 (2019) Kat:3, Licht: 0,36722,3,7,0,10,15,5,0,0,1,0,0,0,0,0
"POINT (8.539318712000068 49.417714016000048)",Unfall 36954 (2019) Kat:3, Licht: 0,36954,3,6,3,09,12,2,0,0,0,1,0,0,1,0
"POINT (8.460748843000033 49.493407454000078)",Unfall 36958 (2019) Kat:3, Licht: 2,36958,3,3,5,10,05,1,0,2,0,1,0,0,0,0
"POINT (8.465525933000038 49.483480836000069)",Unfall 37013 (2019) Kat:3, Licht: 0,37013,3,6,1,10,14,5,0,0,0,1,0,0,0,1
"POINT (8.468438461000062 49.509400333000031)",Unfall 37114 (2019) Kat:3, Licht: 0,37114,3,2,5,10,15,4,0,0,1,1,0,0,0,0
"POINT (8.543861135000043 49.456010774000049)",Unfall 37195 (2019) Kat:2, Licht: 0,37195,2,3,5,10,17,3,1,0,0,1,0,1,0,0
"POINT (8.476562137000030 49.487591966000082)",Unfall 37196 (2019) Kat:3, Licht: 0,37196,3,4,5,10,13,3,0,0,0,0,1,0,0,1
"POINT (8.541705441000033 49.447176010000078)",Unfall 37296 (2019) Kat:3, Licht: 0,37296,3,6,2,10,15,2,0,0,0,1,0,0,0,0
"POINT (8.573732180000036 49.452069596000058)",Unfall 37401 (2019) Kat:3, Licht: 1,37401,3,1,4,10,07,5,1,1,0,1,0,0,0,0
"POINT (8.468781641000021 49.509645708000050)",Unfall 37427 (2019) Kat:3, Licht: 0,37427,3,3,5,10,17,3,1,0,1,1,0,0,0,0
"POINT (8.524511424000025 49.479315747000044)",Unfall 37532 (2019) Kat:3, Licht: 0,37532,3,6,2,10,16,4,0,0,0,1,0,0,0,0
"POINT (8.460115591000033 49.503382337000062)",Unfall 37536 (2019) Kat:3, Licht: 0,37536,3,7,2,10,16,4,0,0,0,1,0,0,0,0
"POINT (8.540718676000040 49.468916725000042)",Unfall 37541 (2019) Kat:3, Licht: 0,37541,3,6,3,10,17,4,0,0,0,1,0,0,0,1
"POINT (8.455755220000071 49.487095742000065)",Unfall 37592 (2019) Kat:3, Licht: 2,37592,3,2,5,10,19,4,0,2,0,1,0,0,0,0
"POINT (8.454317397000068 49.491705029000059)",Unfall 37624 (2019) Kat:3, Licht: 1,37624,3,6,2,10,06,5,1,1,0,1,0,0,0,0
"POINT (8.550839786000040 49.488629259000049)",Unfall 37669 (2019) Kat:3, Licht: 2,37669,3,6,2,10,06,5,1,2,0,1,0,0,1,0
"POINT (8.537405679000074 49.497103105000065)",Unfall 37741 (2019) Kat:3, Licht: 0,37741,3,3,5,10,16,3,0,0,0,1,0,0,1,0
"POINT (8.476137181000070 49.486938457000065)",Unfall 37755 (2019) Kat:3, Licht: 0,37755,3,3,5,10,14,5,0,0,1,1,0,0,0,0
"POINT (8.457530721000069 49.482428305000042)",Unfall 37794 (2019) Kat:3, Licht: 2,37794,3,6,2,10,19,4,0,2,0,1,0,0,0,0
"POINT (8.491070270000023 49.499632292000058)",Unfall 37851 (2019) Kat:3, Licht: 2,37851,3,3,5,10,00,2,1,2,1,1,0,0,0,0
"POINT (8.470828000000040 49.511114424000027)",Unfall 37855 (2019) Kat:3, Licht: 0,37855,3,5,5,10,08,6,0,0,1,1,0,0,0,0
"POINT (8.545786987000042 49.482314122000048)",Unfall 37913 (2019) Kat:3, Licht: 0,37913,3,6,2,10,08,5,0,0,0,1,0,0,0,0
"POINT (8.550105410000072 49.488598374000048)",Unfall 37961 (2019) Kat:3, Licht: 0,37961,3,2,4,10,12,1,0,0,0,1,0,0,0,0
"POINT (8.542216363000023 49.520286616000078)",Unfall 38020 (2019) Kat:3, Licht: 0,38020,3,6,2,10,07,5,0,0,0,1,0,0,0,0
"POINT (8.458243347000064 49.482196645000045)",Unfall 38129 (2019) Kat:3, Licht: 0,38129,3,6,1,10,15,6,0,0,0,1,0,0,0,0
"POINT (8.487075781000044 49.496332905000031)",Unfall 38169 (2019) Kat:3, Licht: 0,38169,3,2,5,10,13,6,1,0,1,1,0,0,0,0
"POINT (8.447809806000066 49.552383101000032)",Unfall 38171 (2019) Kat:3, Licht: 2,38171,3,3,5,10,23,6,0,2,0,1,0,0,0,0
"POINT (8.447354734000044 49.573949203000041)",Unfall 38216 (2019) Kat:3, Licht: 2,38216,3,7,8,10,02,4,0,2,0,1,0,0,0,0
"POINT (8.457123988000035 49.545140995000054)",Unfall 38218 (2019) Kat:3, Licht: 2,38218,3,7,5,10,19,4,0,2,0,1,0,0,0,0
"POINT (8.488089435000063 49.476151172000073)",Unfall 38262 (2019) Kat:2, Licht: 2,38262,2,4,6,11,06,2,1,2,0,1,1,0,0,0
"POINT (8.464546513000073 49.481925878000027)",Unfall 38311 (2019) Kat:3, Licht: 2,38311,3,3,5,10,05,3,0,2,1,0,0,1,0,0
"POINT (8.461563543000068 49.494837640000071)",Unfall 38334 (2019) Kat:3, Licht: 2,38334,3,1,1,11,19,1,1,2,0,1,0,0,0,0
"POINT (8.559596297000041 49.520637036000039)",Unfall 38377 (2019) Kat:3, Licht: 1,38377,3,1,8,11,18,6,1,1,0,1,0,0,0,0
"POINT (8.560775809000063 49.507190567000066)",Unfall 38379 (2019) Kat:3, Licht: 0,38379,3,1,8,11,08,1,1,0,0,1,0,0,0,0
"POINT (8.513999838000075 49.444061940000040)",Unfall 38401 (2019) Kat:3, Licht: 0,38401,3,6,2,10,08,2,0,0,0,1,0,0,0,0
"POINT (8.486970424000049 49.496441846000039)",Unfall 38485 (2019) Kat:3, Licht: 2,38485,3,3,5,10,19,1,0,2,0,1,0,0,0,0
"POINT (8.501913016000060 49.489539959000069)",Unfall 38603 (2019) Kat:3, Licht: 2,38603,3,3,5,11,18,1,1,2,0,1,0,0,0,0
"POINT (8.560778225000036 49.507131803000050)",Unfall 38693 (2019) Kat:3, Licht: 0,38693,3,6,2,11,15,6,1,0,0,1,0,0,0,0
"POINT (8.476063636000049 49.477715780000040)",Unfall 38716 (2019) Kat:3, Licht: 2,38716,3,6,2,11,17,6,1,2,0,1,0,0,0,0
"POINT (8.512076015000048 49.444899868000050)",Unfall 38784 (2019) Kat:3, Licht: 2,38784,3,2,5,11,21,7,1,2,0,1,0,0,0,0
"POINT (8.566105935000053 49.451259603000040)",Unfall 38827 (2019) Kat:3, Licht: 0,38827,3,6,2,11,14,5,0,0,0,1,0,0,0,0
"POINT (8.477009125000052 49.474296686000059)",Unfall 38872 (2019) Kat:3, Licht: 2,38872,3,6,3,11,17,3,0,2,0,1,0,0,0,0
"POINT (8.449590960000023 49.585445598000035)",Unfall 39245 (2019) Kat:3, Licht: 0,39245,3,6,3,11,15,3,0,0,0,1,0,0,0,0
"POINT (8.492334056000061 49.500141189000033)",Unfall 39247 (2019) Kat:3, Licht: 0,39247,3,3,5,11,08,3,0,0,1,1,0,0,0,0
"POINT (8.563467043000060 49.452286622000031)",Unfall 39263 (2019) Kat:3, Licht: 0,39263,3,6,2,11,15,3,0,0,0,1,0,0,0,1
"POINT (8.525806340000031 49.435373446000028)",Unfall 39491 (2019) Kat:3, Licht: 0,39491,3,2,5,11,16,1,1,0,0,1,0,0,0,0
"POINT (8.478047831000026 49.517720938000082)",Unfall 39492 (2019) Kat:2, Licht: 2,39492,2,1,8,11,04,1,0,2,0,1,0,0,0,0
"POINT (8.571039073000065 49.450673461000065)",Unfall 39545 (2019) Kat:3, Licht: 1,39545,3,2,5,11,20,1,0,1,0,1,0,0,0,0
"POINT (8.457058054000072 49.545181918000026)",Unfall 39584 (2019) Kat:3, Licht: 2,39584,3,3,5,11,04,6,1,2,0,1,0,0,0,0
"POINT (8.522716233000040 49.473668248000081)",Unfall 39720 (2019) Kat:3, Licht: 0,39720,3,6,2,12,14,2,0,0,0,1,0,0,0,0
"POINT (8.519687570000031 49.467426502000080)",Unfall 39892 (2019) Kat:3, Licht: 0,39892,3,6,1,11,12,5,1,0,0,1,0,0,0,0
"POINT (8.542453740000042 49.473425104000057)",Unfall 40027 (2019) Kat:3, Licht: 1,40027,3,6,3,12,16,6,1,1,0,1,0,0,1,0
"POINT (8.453112044000022 49.547608010000033)",Unfall 40038 (2019) Kat:3, Licht: 1,40038,3,6,1,12,07,6,0,1,0,1,0,0,0,0
"POINT (8.523429034000060 49.474540153000078)",Unfall 40039 (2019) Kat:3, Licht: 1,40039,3,6,1,12,16,6,1,1,0,1,0,0,0,0
"POINT (8.523411470000042 49.474501695000072)",Unfall 40041 (2019) Kat:3, Licht: 1,40041,3,6,1,12,16,6,1,1,0,1,0,0,0,0
"POINT (8.510945370000059 49.456489817000033)",Unfall 40104 (2019) Kat:2, Licht: 2,40104,2,6,2,12,17,5,0,2,0,1,0,0,0,0
"POINT (8.480854982000039 49.489797448000047)",Unfall 40161 (2019) Kat:3, Licht: 0,40161,3,6,2,12,12,4,0,0,0,1,0,0,0,0
"POINT (8.485178359000031 49.493981438000048)",Unfall 40162 (2019) Kat:3, Licht: 0,40162,3,6,2,12,08,4,0,0,0,1,0,0,0,0
"POINT (8.456001958000059 49.485194322000041)",Unfall 40163 (2019) Kat:2, Licht: 2,40163,2,3,5,12,16,4,0,2,1,1,0,0,0,0
"POINT (8.516395317000047 49.465007215000071)",Unfall 40226 (2019) Kat:3, Licht: 2,40226,3,6,2,12,23,7,1,2,0,1,0,0,0,0
"POINT (8.525390988000027 49.465411508000045)",Unfall 40248 (2019) Kat:3, Licht: 2,40248,3,6,2,12,18,1,0,2,0,1,0,0,0,0
"POINT (8.533593941000049 49.463016891000052)",Unfall 40394 (2019) Kat:3, Licht: 2,40394,3,6,3,12,16,4,1,2,0,1,0,0,0,0
"POINT (8.489070694000077 49.528792396000028)",Unfall 40406 (2019) Kat:2, Licht: 2,40406,2,4,6,12,16,4,1,2,0,1,1,0,0,0
"POINT (8.483665660000042 49.493581292000044)",Unfall 40407 (2019) Kat:2, Licht: 2,40407,2,2,3,12,17,4,1,2,1,1,0,0,0,0
"POINT (8.450066957000047 49.549557709000055)",Unfall 40408 (2019) Kat:3, Licht: 0,40408,3,6,1,12,14,6,1,0,0,1,0,0,0,0
"POINT (8.553501783000058 49.492018830000063)",Unfall 40542 (2019) Kat:3, Licht: 1,40542,3,6,2,12,08,2,1,1,0,1,0,0,0,0
"POINT (8.523539005000032 49.438717600000075)",Unfall 40650 (2019) Kat:3, Licht: 2,40650,3,3,5,12,06,4,1,2,0,1,0,1,0,0
"POINT (8.476666797000064 49.477205142000059)",Unfall 40816 (2019) Kat:3, Licht: 1,40816,3,6,2,12,17,2,0,1,0,1,0,0,0,0
"POINT (8.540310873000067 49.438311674000033)",Unfall 41003 (2019) Kat:3, Licht: 2,41003,3,7,0,12,21,2,0,2,0,1,0,0,0,1
"POINT (8.447426065000059 49.574892152000075)",Unfall 41054 (2019) Kat:3, Licht: 2,41054,3,7,2,12,17,7,0,2,0,1,0,0,0,0
"POINT (8.560099875000049 49.463714227000025)",Unfall 41055 (2019) Kat:3, Licht: 0,41055,3,3,5,12,09,7,0,0,0,1,0,0,0,1
"POINT (8.505983700000058 49.506945798000061)",Unfall 41174 (2019) Kat:3, Licht: 0,41174,3,6,1,12,15,3,1,0,0,1,0,0,0,0
"POINT (8.485298895000028 49.494367435000072)",Unfall 41259 (2019) Kat:3, Licht: 2,41259,3,3,5,12,01,1,1,2,0,1,0,0,0,0
"POINT (8.487300458000050 49.504152209000040)",Unfall 172353 (2019) Kat:3, Licht: 0,172353,3,6,3,01,15,6,0,0,1,0,0,0,0,0
"POINT (8.516354664000062 49.513621846000035)",Unfall 172354 (2019) Kat:3, Licht: 2,172354,3,2,4,01,18,6,1,2,1,1,0,0,0,0
"POINT (8.486139559000037 49.526416471000061)",Unfall 172376 (2019) Kat:3, Licht: 0,172376,3,3,5,01,12,5,0,0,1,1,0,0,0,0
"POINT (8.475582545000066 49.479895582000040)",Unfall 172377 (2019) Kat:3, Licht: 0,172377,3,2,6,01,12,5,1,0,0,1,1,0,0,0
"POINT (8.490213361000031 49.471878605000029)",Unfall 172399 (2019) Kat:3, Licht: 1,172399,3,7,3,01,16,4,0,1,0,1,0,0,0,0
"POINT (8.473657093000043 49.483738059000075)",Unfall 172400 (2019) Kat:3, Licht: 0,172400,3,4,0,01,14,4,0,0,0,0,1,0,0,1
"POINT (8.500395112000035 49.530427511000028)",Unfall 172543 (2019) Kat:3, Licht: 1,172543,3,4,6,01,16,2,1,1,0,1,1,0,0,0
"POINT (8.472386412000049 49.494356320000065)",Unfall 172553 (2019) Kat:3, Licht: 0,172553,3,6,1,01,18,2,1,0,0,1,0,0,0,0
"POINT (8.515264899000044 49.450327358000038)",Unfall 172556 (2019) Kat:3, Licht: 0,172556,3,7,0,01,16,2,0,0,0,1,0,0,0,0
"POINT (8.479029384000057 49.482016833000046)",Unfall 172586 (2019) Kat:3, Licht: 0,172586,3,3,5,01,12,4,0,0,1,1,0,0,0,0
"POINT (8.581818265000038 49.439975629000060)",Unfall 172715 (2019) Kat:3, Licht: 1,172715,3,3,5,01,16,6,0,1,1,1,0,0,0,0
"POINT (8.476248290000058 49.548910804000059)",Unfall 172717 (2019) Kat:2, Licht: 2,172717,2,7,6,01,20,6,1,2,0,1,1,0,0,0
"POINT (8.470969007000065 49.492780425000035)",Unfall 172805 (2019) Kat:3, Licht: 0,172805,3,6,2,01,09,3,1,0,0,1,0,0,0,0
"POINT (8.468572083000026 49.474751309000055)",Unfall 172828 (2019) Kat:3, Licht: 2,172828,3,1,0,01,18,7,1,2,1,0,0,0,0,0
"POINT (8.459947264000050 49.495185285000048)",Unfall 172829 (2019) Kat:3, Licht: 0,172829,3,7,6,01,11,7,0,0,0,1,1,0,0,0
"POINT (8.489310932000024 49.529128002000050)",Unfall 172853 (2019) Kat:3, Licht: 1,172853,3,1,0,01,19,6,0,1,0,0,0,0,0,1
"POINT (8.456623224000055 49.491704366000079)",Unfall 172876 (2019) Kat:3, Licht: 2,172876,3,7,0,01,19,5,2,2,1,0,0,0,0,0
"POINT (8.480226233000053 49.499215171000060)",Unfall 172877 (2019) Kat:2, Licht: 2,172877,2,3,5,01,17,5,1,2,1,1,0,0,0,0
"POINT (8.481251901000064 49.479628082000033)",Unfall 172960 (2019) Kat:3, Licht: 0,172960,3,3,5,01,16,2,0,0,1,1,0,0,0,0
"POINT (8.488037727000062 49.479027801000029)",Unfall 172961 (2019) Kat:3, Licht: 2,172961,3,6,2,01,19,2,0,2,0,1,0,0,0,0
"POINT (8.500104377000071 49.470281197000077)",Unfall 173011 (2019) Kat:3, Licht: 2,173011,3,1,9,01,21,7,0,2,0,1,0,0,0,0
"POINT (8.491414258000077 49.477706788000035)",Unfall 173042 (2019) Kat:3, Licht: 0,173042,3,6,1,01,15,6,0,0,0,1,0,0,0,0
"POINT (8.448464048000062 49.542827731000045)",Unfall 173073 (2019) Kat:3, Licht: 0,173073,3,7,6,01,11,5,0,0,0,1,1,0,0,0
"POINT (8.482976706000045 49.486554585000079)",Unfall 173074 (2019) Kat:3, Licht: 0,173074,3,6,2,01,08,5,1,0,0,1,0,0,0,0
"POINT (8.481855125000038 49.525984649000065)",Unfall 173158 (2019) Kat:3, Licht: 0,173158,3,7,0,02,15,6,0,0,0,0,0,0,0,1
"POINT (8.456706871000051 49.544778105000034)",Unfall 173247 (2019) Kat:3, Licht: 0,173247,3,6,2,01,11,4,0,0,0,1,0,0,0,1
"POINT (8.498729569000034 49.478196282000056)",Unfall 173277 (2019) Kat:3, Licht: 2,173277,3,7,0,01,19,3,0,2,1,0,0,0,0,0
"POINT (8.462809612000058 49.488979681000046)",Unfall 173278 (2019) Kat:3, Licht: 0,173278,3,3,0,01,12,3,0,0,0,1,0,0,0,1
"POINT (8.454920299000037 49.521616506000044)",Unfall 173322 (2019) Kat:3, Licht: 0,173322,3,3,5,01,10,2,1,0,0,1,0,0,0,0
"POINT (8.454647531000035 49.497174706000067)",Unfall 173365 (2019) Kat:3, Licht: 0,173365,3,6,4,02,09,3,0,0,0,0,0,0,1,0
"POINT (8.493749840000021 49.464278646000025)",Unfall 173369 (2019) Kat:2, Licht: 2,173369,2,5,1,02,21,4,0,2,0,1,0,0,1,0
"POINT (8.524126721000073 49.421494418000066)",Unfall 173370 (2019) Kat:3, Licht: 0,173370,3,5,5,02,15,4,0,0,0,0,0,0,1,1
"POINT (8.454643622000049 49.497125763000042)",Unfall 173371 (2019) Kat:3, Licht: 0,173371,3,3,5,02,14,4,0,0,0,1,0,0,0,1
"POINT (8.541090784000062 49.501334682000049)",Unfall 173372 (2019) Kat:2, Licht: 2,173372,2,7,6,02,19,4,0,2,0,1,1,0,0,0
"POINT (8.492751955000074 49.476293046000080)",Unfall 173401 (2019) Kat:3, Licht: 0,173401,3,3,5,02,15,3,0,0,1,1,0,0,0,0
"POINT (8.490190697000060 49.493241659000034)",Unfall 173403 (2019) Kat:3, Licht: 2,173403,3,2,5,02,17,3,0,2,0,1,0,0,0,1
"POINT (8.443348543000070 49.545019497000055)",Unfall 173434 (2019) Kat:2, Licht: 0,173434,2,4,6,02,07,2,1,0,0,1,1,0,0,0
"POINT (8.468774042000064 49.485728657000038)",Unfall 173435 (2019) Kat:3, Licht: 0,173435,3,2,3,02,14,2,0,0,1,1,0,0,0,0
"POINT (8.466526781000027 49.486596924000025)",Unfall 173436 (2019) Kat:3, Licht: 0,173436,3,6,3,02,09,2,0,0,1,0,0,0,0,0
"POINT (8.468765354000027 49.485732034000080)",Unfall 173437 (2019) Kat:3, Licht: 0,173437,3,2,3,02,14,2,0,0,1,0,0,0,0,1
"POINT (8.459238246000041 49.495483846000070)",Unfall 173451 (2019) Kat:3, Licht: 0,173451,3,3,0,02,14,1,1,0,0,1,0,0,0,0
"POINT (8.492565949000039 49.478510884000059)",Unfall 173497 (2019) Kat:3, Licht: 2,173497,3,3,5,02,18,6,0,2,1,1,0,0,0,0
"POINT (8.463794363000034 49.501177237000036)",Unfall 173498 (2019) Kat:3, Licht: 0,173498,3,4,6,02,15,6,0,0,0,1,1,0,0,0
"POINT (8.525606084000060 49.487858070000073)",Unfall 173499 (2019) Kat:2, Licht: 1,173499,2,7,0,02,07,6,1,1,1,0,0,0,0,0
"POINT (8.488600577000057 49.528098356000044)",Unfall 173538 (2019) Kat:3, Licht: 0,173538,3,7,0,02,17,5,0,0,0,0,0,1,0,0
"POINT (8.509471669000050 49.517103872000064)",Unfall 173539 (2019) Kat:3, Licht: 2,173539,3,5,3,02,17,5,1,2,1,1,0,0,0,0
"POINT (8.447885024000073 49.543357360000073)",Unfall 173546 (2019) Kat:2, Licht: 0,173546,2,4,0,02,13,3,0,0,0,0,1,0,0,1
"POINT (8.488643514000046 49.494757116000073)",Unfall 173570 (2019) Kat:3, Licht: 2,173570,3,2,0,02,20,4,0,2,1,1,0,0,0,0
"POINT (8.530144617000076 49.440265490000058)",Unfall 173571 (2019) Kat:2, Licht: 2,173571,2,1,0,02,19,4,0,2,0,0,0,1,0,0
"POINT (8.504701895000039 49.501121117000082)",Unfall 173600 (2019) Kat:3, Licht: 0,173600,3,6,2,02,14,5,0,0,0,1,0,1,0,0
"POINT (8.470239865000053 49.487036309000075)",Unfall 173613 (2019) Kat:3, Licht: 2,173613,3,5,3,02,19,6,0,2,1,1,0,0,0,0
"POINT (8.455766631000074 49.486968780000041)",Unfall 173649 (2019) Kat:3, Licht: 0,173649,3,6,2,02,16,1,0,0,0,1,0,0,0,0
"POINT (8.473588712000037 49.491984894000041)",Unfall 173658 (2019) Kat:3, Licht: 0,173658,3,3,5,02,16,2,0,0,1,1,0,0,0,0
"POINT (8.507198413000026 49.499028107000072)",Unfall 173665 (2019) Kat:3, Licht: 2,173665,3,7,1,02,19,6,0,2,0,1,0,0,0,0
"POINT (8.528135515000031 49.493009421000068)",Unfall 173683 (2019) Kat:3, Licht: 1,173683,3,3,5,02,18,6,0,1,0,1,0,0,0,0
"POINT (8.470804114000032 49.492878435000080)",Unfall 173718 (2019) Kat:3, Licht: 1,173718,3,6,2,02,17,6,0,1,0,1,0,0,0,1
"POINT (8.480913346000023 49.497054266000077)",Unfall 173745 (2019) Kat:3, Licht: 0,173745,3,7,1,02,17,3,0,0,0,1,0,0,0,0
"POINT (8.471306540000057 49.497622092000029)",Unfall 173752 (2019) Kat:3, Licht: 2,173752,3,4,6,02,19,5,0,2,0,0,1,0,0,1
"POINT (8.469309191000036 49.493825948000051)",Unfall 173753 (2019) Kat:3, Licht: 0,173753,3,6,3,02,16,1,0,0,0,1,0,0,0,0
"POINT (8.491288745000077 49.510589022000033)",Unfall 173762 (2019) Kat:3, Licht: 0,173762,3,6,4,02,14,2,0,0,0,1,0,0,1,0
"POINT (8.466173339000022 49.491426848000060)",Unfall 173769 (2019) Kat:2, Licht: 2,173769,2,7,6,02,22,6,0,2,0,0,1,0,0,1
"POINT (8.459922409000058 49.495218342000044)",Unfall 173813 (2019) Kat:3, Licht: 0,173813,3,3,0,02,09,2,0,0,0,1,0,0,0,1
"POINT (8.475903985000059 49.488990320000028)",Unfall 173826 (2019) Kat:3, Licht: 2,173826,3,3,5,02,17,6,0,2,0,1,0,0,0,0
"POINT (8.489611684000067 49.529495734000079)",Unfall 173856 (2019) Kat:3, Licht: 0,173856,3,6,2,02,15,2,0,0,0,1,0,0,0,0
"POINT (8.508378841000024 49.513177065000036)",Unfall 173858 (2019) Kat:3, Licht: 2,173858,3,6,2,02,21,6,0,2,0,1,0,0,0,0
"POINT (8.489663395000036 49.451045723000050)",Unfall 173861 (2019) Kat:3, Licht: 0,173861,3,5,0,02,15,5,0,0,1,1,0,0,0,0
"POINT (8.503735546000030 49.448671795000052)",Unfall 173864 (2019) Kat:3, Licht: 0,173864,3,6,2,02,11,7,0,0,0,1,0,0,0,0
"POINT (8.476135510000063 49.518026728000052)",Unfall 173881 (2019) Kat:3, Licht: 2,173881,3,3,5,03,04,2,0,2,0,1,0,0,0,0
"POINT (8.470907281000052 49.482484313000043)",Unfall 173900 (2019) Kat:3, Licht: 0,173900,3,7,0,03,15,1,0,0,0,1,0,1,0,0
"POINT (8.460586181000053 49.495488307000073)",Unfall 173926 (2019) Kat:3, Licht: 0,173926,3,6,1,03,07,7,0,0,0,1,0,0,0,0
"POINT (8.471669864000035 49.493139335000080)",Unfall 173927 (2019) Kat:3, Licht: 0,173927,3,6,3,03,15,7,0,0,0,1,0,0,0,0
"POINT (8.470858705000069 49.501993779000031)",Unfall 173951 (2019) Kat:3, Licht: 0,173951,3,3,5,03,09,6,0,0,1,1,0,0,0,0
"POINT (8.499128255000073 49.506421231000047)",Unfall 173952 (2019) Kat:3, Licht: 1,173952,3,5,5,03,17,6,0,1,0,1,0,0,0,0
"POINT (8.508458141000062 49.513361611000050)",Unfall 173953 (2019) Kat:3, Licht: 0,173953,3,6,2,03,11,6,1,0,0,1,0,0,0,1
"POINT (8.464942358000030 49.498245144000066)",Unfall 173954 (2019) Kat:3, Licht: 2,173954,3,3,5,03,20,6,0,2,0,1,0,0,0,0
"POINT (8.505503786000077 49.455618399000059)",Unfall 173981 (2019) Kat:3, Licht: 0,173981,3,3,3,02,17,5,0,0,0,1,0,0,0,0
"POINT (8.464116757000056 49.500888841000062)",Unfall 173982 (2019) Kat:3, Licht: 0,173982,3,3,5,02,16,5,0,0,0,1,0,0,0,0
"POINT (8.440145697000048 49.543351062000056)",Unfall 174009 (2019) Kat:3, Licht: 0,174009,3,7,0,02,14,4,0,0,0,1,0,0,0,0
"POINT (8.503827713000021 49.466042217000052)",Unfall 174010 (2019) Kat:3, Licht: 0,174010,3,3,5,02,10,4,0,0,0,1,0,0,0,0
"POINT (8.509453491000045 49.529441221000070)",Unfall 174011 (2019) Kat:3, Licht: 0,174011,3,7,0,02,17,4,0,0,0,0,1,0,0,1
"POINT (8.527917458000047 49.493004351000081)",Unfall 174053 (2019) Kat:3, Licht: 0,174053,3,3,5,02,10,3,0,0,0,1,0,0,0,1
"POINT (8.471016182000028 49.485880884000039)",Unfall 174054 (2019) Kat:3, Licht: 0,174054,3,6,4,02,09,3,0,0,0,0,0,0,1,1
"POINT (8.455524620000062 49.484341428000050)",Unfall 174055 (2019) Kat:3, Licht: 0,174055,3,7,5,02,15,3,0,0,0,0,0,0,1,0
"POINT (8.494145755000034 49.479691736000063)",Unfall 174100 (2019) Kat:3, Licht: 0,174100,3,6,1,02,13,2,0,0,0,1,0,0,0,0
"POINT (8.470581125000024 49.488948280000045)",Unfall 174140 (2019) Kat:3, Licht: 0,174140,3,7,5,02,12,7,0,0,0,1,0,0,0,0
"POINT (8.470136207000053 49.474151555000049)",Unfall 174179 (2019) Kat:3, Licht: 0,174179,3,7,1,03,17,4,0,0,0,1,0,0,0,0
"POINT (8.451815629000066 49.539457519000052)",Unfall 174210 (2019) Kat:3, Licht: 0,174210,3,3,5,03,11,3,0,0,0,1,0,0,0,1
"POINT (8.449743539000053 49.509917941000026)",Unfall 174211 (2019) Kat:3, Licht: 0,174211,3,5,5,03,16,3,0,0,1,1,0,0,0,0
"POINT (8.493129572000044 49.457903241000054)",Unfall 174212 (2019) Kat:3, Licht: 0,174212,3,6,1,03,10,3,0,0,0,1,0,0,0,0
"POINT (8.475648350000029 49.464807918000076)",Unfall 174213 (2019) Kat:3, Licht: 0,174213,3,2,0,03,12,3,0,0,1,1,0,0,0,0
"POINT (8.468209476000027 49.511575761000074)",Unfall 174247 (2019) Kat:3, Licht: 0,174247,3,7,0,03,16,2,1,0,1,0,0,0,0,0
"POINT (8.475646950000055 49.473377965000054)",Unfall 174248 (2019) Kat:3, Licht: 0,174248,3,6,2,03,16,2,0,0,0,1,0,0,0,0
"POINT (8.468684486000029 49.531872137000050)",Unfall 174341 (2019) Kat:3, Licht: 0,174341,3,5,1,03,15,5,0,0,1,1,0,0,0,0
"POINT (8.537678964000065 49.513871996000034)",Unfall 174342 (2019) Kat:3, Licht: 0,174342,3,7,6,03,08,5,0,0,0,1,1,0,0,0
"POINT (8.559370761000025 49.464899408000065)",Unfall 174343 (2019) Kat:3, Licht: 0,174343,3,4,6,03,11,5,1,0,0,0,1,0,1,0
"POINT (8.446336546000055 49.546689646000061)",Unfall 174368 (2019) Kat:3, Licht: 2,174368,3,1,0,03,19,4,0,2,1,0,0,0,0,0
"POINT (8.491369970000051 49.459946623000064)",Unfall 174369 (2019) Kat:3, Licht: 0,174369,3,6,2,03,13,4,0,0,0,1,0,0,0,0
"POINT (8.464457859000049 49.488350223000054)",Unfall 174370 (2019) Kat:3, Licht: 0,174370,3,3,1,03,16,4,0,0,0,1,0,0,0,1
"POINT (8.470568844000070 49.476521981000076)",Unfall 174371 (2019) Kat:3, Licht: 0,174371,3,4,6,03,12,4,0,0,0,0,1,0,1,0
"POINT (8.495037116000049 49.453831283000056)",Unfall 174424 (2019) Kat:3, Licht: 0,174424,3,3,5,03,15,5,1,0,1,0,0,1,0,0
"POINT (8.467068471000061 49.510767623000049)",Unfall 174425 (2019) Kat:2, Licht: 0,174425,2,3,5,03,16,5,0,0,0,1,0,0,0,0
"POINT (8.466113728000039 49.487653502000057)",Unfall 174470 (2019) Kat:3, Licht: 2,174470,3,7,0,03,19,4,0,2,1,0,0,0,0,0
"POINT (8.559296304000043 49.436767858000053)",Unfall 174512 (2019) Kat:2, Licht: 0,174512,2,7,9,03,12,3,0,0,0,1,0,0,0,0
"POINT (8.527650000000051 49.508281067000041)",Unfall 174513 (2019) Kat:2, Licht: 0,174513,2,2,4,03,13,3,0,0,0,1,0,1,0,0
"POINT (8.470846162000044 49.484858336000059)",Unfall 174515 (2019) Kat:3, Licht: 0,174515,3,5,3,03,15,3,0,0,1,1,0,0,0,0
"POINT (8.490366167000047 49.478570666000053)",Unfall 174582 (2019) Kat:3, Licht: 0,174582,3,3,5,03,08,1,0,0,0,1,0,0,0,0
"POINT (8.490694743000063 49.522283385000037)",Unfall 174604 (2019) Kat:3, Licht: 2,174604,3,3,5,03,05,7,0,2,1,1,0,0,0,0
"POINT (8.461335235000036 49.489579379000077)",Unfall 174630 (2019) Kat:2, Licht: 0,174630,2,4,6,03,10,6,1,0,0,0,1,0,0,1
"POINT (8.491671417000021 49.496921240000063)",Unfall 174689 (2019) Kat:3, Licht: 0,174689,3,2,5,03,09,5,0,0,1,1,0,0,0,0
"POINT (8.512016092000067 49.507468327000026)",Unfall 174723 (2019) Kat:3, Licht: 0,174723,3,4,6,03,17,4,0,0,0,1,1,0,0,0
"POINT (8.476271106000070 49.488715650000074)",Unfall 174771 (2019) Kat:3, Licht: 0,174771,3,3,0,03,16,3,0,0,1,1,0,0,0,0
"POINT (8.462103761000037 49.509565010000074)",Unfall 174836 (2019) Kat:2, Licht: 1,174836,2,1,1,03,05,1,0,1,0,1,0,0,0,1
"POINT (8.521181924000075 49.516512160000048)",Unfall 174900 (2019) Kat:2, Licht: 0,174900,2,2,3,03,16,6,0,0,1,0,0,0,0,0
"POINT (8.467970729000058 49.544206473000031)",Unfall 174948 (2019) Kat:3, Licht: 0,174948,3,4,6,04,18,4,0,0,0,1,1,0,0,0
"POINT (8.472287594000022 49.516118761000030)",Unfall 174949 (2019) Kat:3, Licht: 0,174949,3,7,1,04,15,4,1,0,0,1,0,0,0,0
"POINT (8.487929707000035 49.458622394000031)",Unfall 174996 (2019) Kat:2, Licht: 0,174996,2,7,0,04,15,3,0,0,1,0,0,0,0,0
"POINT (8.461596893000035 49.502541732000054)",Unfall 174997 (2019) Kat:2, Licht: 2,174997,2,1,6,04,01,3,0,2,0,1,1,0,0,0
"POINT (8.564612913000076 49.456733590000056)",Unfall 175036 (2019) Kat:3, Licht: 0,175036,3,3,5,04,13,2,0,0,0,1,0,1,0,0
"POINT (8.528012603000036 49.487372615000027)",Unfall 175074 (2019) Kat:3, Licht: 0,175074,3,6,3,03,09,1,0,0,1,1,0,0,0,0
"POINT (8.466879850000055 49.510758063000026)",Unfall 175113 (2019) Kat:3, Licht: 2,175113,3,3,5,03,04,7,0,2,0,1,0,0,0,0
"POINT (8.536046944000077 49.420135055000060)",Unfall 175114 (2019) Kat:3, Licht: 1,175114,3,2,5,03,19,7,0,1,0,1,0,0,0,0
"POINT (8.537577846000033 49.507754888000079)",Unfall 175161 (2019) Kat:3, Licht: 0,175161,3,5,1,03,07,6,0,0,1,1,0,0,0,0
"POINT (8.468758299000058 49.491786563000062)",Unfall 175162 (2019) Kat:3, Licht: 0,175162,3,7,0,03,08,6,0,0,1,0,0,0,1,0
"POINT (8.511010750000025 49.526031027000045)",Unfall 175163 (2019) Kat:3, Licht: 0,175163,3,2,6,03,11,6,0,0,0,1,1,0,0,0
"POINT (8.486095646000024 49.455581922000079)",Unfall 175198 (2019) Kat:3, Licht: 0,175198,3,3,5,04,11,5,0,0,1,1,0,0,0,0
"POINT (8.489942691000067 49.529890362000060)",Unfall 175200 (2019) Kat:3, Licht: 0,175200,3,2,5,04,19,5,0,0,0,1,0,0,0,1
"POINT (8.492583218000050 49.458262386000058)",Unfall 175232 (2019) Kat:3, Licht: 0,175232,3,6,2,04,15,4,0,0,0,1,0,0,0,0
"POINT (8.527263655000070 49.492488788000060)",Unfall 175233 (2019) Kat:3, Licht: 0,175233,3,3,5,04,13,4,0,0,0,1,0,0,0,0
"POINT (8.469053948000067 49.498298303000070)",Unfall 175234 (2019) Kat:3, Licht: 0,175234,3,3,5,04,14,4,0,0,0,1,0,0,0,1
"POINT (8.525083680000023 49.436506856000051)",Unfall 175235 (2019) Kat:3, Licht: 1,175235,3,3,5,04,19,4,0,1,0,1,0,0,0,0
"POINT (8.490213954000069 49.478401373000054)",Unfall 175265 (2019) Kat:3, Licht: 0,175265,3,3,5,04,17,3,0,0,0,1,0,0,0,0
"POINT (8.472806975000026 49.513286437000033)",Unfall 175266 (2019) Kat:3, Licht: 0,175266,3,3,5,04,15,3,0,0,0,1,0,0,0,0
"POINT (8.448317736000035 49.507493730000078)",Unfall 175267 (2019) Kat:3, Licht: 0,175267,3,1,0,04,16,3,1,0,1,0,0,0,0,0
"POINT (8.469144042000039 49.473733596000045)",Unfall 175268 (2019) Kat:3, Licht: 0,175268,3,5,1,04,11,3,0,0,0,1,0,1,0,0
"POINT (8.509490406000055 49.506478458000061)",Unfall 175269 (2019) Kat:3, Licht: 0,175269,3,3,5,04,18,3,1,0,0,1,0,0,0,0
"POINT (8.502871641000070 49.458033588000035)",Unfall 175392 (2019) Kat:3, Licht: 0,175392,3,2,5,04,11,6,0,0,1,1,0,0,0,0
"POINT (8.474937125000054 49.472766714000045)",Unfall 175393 (2019) Kat:3, Licht: 0,175393,3,3,5,04,15,6,0,0,1,1,0,0,0,0
"POINT (8.517268740000077 49.507428348000076)",Unfall 175394 (2019) Kat:3, Licht: 0,175394,3,2,2,04,16,6,0,0,0,1,0,0,0,0
"POINT (8.519399516000021 49.515975484000080)",Unfall 175395 (2019) Kat:3, Licht: 0,175395,3,7,0,04,17,6,0,0,0,0,0,1,0,0
"POINT (8.491300170000045 49.470618267000077)",Unfall 175468 (2019) Kat:3, Licht: 0,175468,3,6,2,04,07,5,0,0,0,1,0,0,0,1
"POINT (8.483735317000026 49.510115714000051)",Unfall 175469 (2019) Kat:3, Licht: 0,175469,3,6,2,04,18,5,0,0,0,1,0,0,0,0
"POINT (8.485299479000048 49.473051759000043)",Unfall 175513 (2019) Kat:3, Licht: 0,175513,3,6,1,04,06,4,1,0,0,1,0,0,0,0
"POINT (8.480636010000069 49.489238568000076)",Unfall 175514 (2019) Kat:3, Licht: 0,175514,3,6,0,04,15,4,0,0,0,1,0,0,0,0
"POINT (8.515061387000060 49.421449893000045)",Unfall 175515 (2019) Kat:3, Licht: 0,175515,3,3,5,04,10,4,0,0,0,1,0,0,0,0
"POINT (8.556728493000037 49.510475951000046)",Unfall 175516 (2019) Kat:3, Licht: 0,175516,3,6,3,04,12,4,0,0,0,1,0,0,0,0
"POINT (8.556693309000025 49.511430769000071)",Unfall 175517 (2019) Kat:3, Licht: 0,175517,3,7,4,04,10,4,0,0,0,1,0,0,0,0
"POINT (8.507406918000072 49.510621164000042)",Unfall 175518 (2019) Kat:3, Licht: 0,175518,3,3,5,04,19,4,0,0,0,1,0,0,0,0
"POINT (8.495009099000072 49.518519909000076)",Unfall 175596 (2019) Kat:3, Licht: 0,175596,3,3,5,04,15,2,0,0,0,1,0,0,0,0
"POINT (8.474973423000051 49.485216058000049)",Unfall 175597 (2019) Kat:3, Licht: 0,175597,3,7,0,04,17,2,0,0,0,0,0,1,0,0
"POINT (8.488335529000040 49.497531232000028)",Unfall 175619 (2019) Kat:3, Licht: 0,175619,3,3,5,04,14,1,0,0,1,1,0,0,0,0
"POINT (8.449687284000049 49.549588843000038)",Unfall 175641 (2019) Kat:3, Licht: 0,175641,3,6,2,04,12,7,0,0,0,1,0,0,0,0
"POINT (8.559513553000045 49.459094026000059)",Unfall 175642 (2019) Kat:3, Licht: 1,175642,3,1,8,04,19,7,1,1,0,1,0,0,0,0
"POINT (8.520571185000051 49.494797063000078)",Unfall 175643 (2019) Kat:3, Licht: 0,175643,3,3,5,04,18,7,0,0,0,1,0,0,0,0
"POINT (8.477452236000033 49.461850378000065)",Unfall 175684 (2019) Kat:3, Licht: 0,175684,3,6,1,04,17,6,0,0,0,1,0,0,0,0
"POINT (8.511252150000075 49.458088196000062)",Unfall 175685 (2019) Kat:3, Licht: 0,175685,3,6,2,04,16,6,0,0,0,1,0,0,0,1
"POINT (8.491817198000035 49.482501389000049)",Unfall 175741 (2019) Kat:3, Licht: 0,175741,3,1,0,04,09,5,0,0,0,0,0,1,0,0
"POINT (8.511667103000036 49.477631439000049)",Unfall 175742 (2019) Kat:3, Licht: 0,175742,3,2,5,04,08,5,0,0,1,1,0,0,0,0
"POINT (8.477746001000071 49.482918731000041)",Unfall 175743 (2019) Kat:3, Licht: 0,175743,3,6,3,04,08,5,0,0,0,1,0,0,0,0
"POINT (8.464406791000044 49.501094009000042)",Unfall 175744 (2019) Kat:3, Licht: 1,175744,3,1,0,04,20,5,0,1,1,0,0,0,0,0
"POINT (8.479028816000039 49.459721733000038)",Unfall 175745 (2019) Kat:3, Licht: 0,175745,3,6,2,04,18,5,0,0,0,1,0,0,0,0
"POINT (8.458306734000075 49.545863032000057)",Unfall 175795 (2019) Kat:3, Licht: 0,175795,3,3,5,04,11,4,0,0,1,1,0,0,0,0
"POINT (8.464787285000057 49.485989326000038)",Unfall 175796 (2019) Kat:3, Licht: 0,175796,3,3,5,04,15,4,0,0,1,1,0,0,0,0
"POINT (8.472116048000032 49.480286780000029)",Unfall 175797 (2019) Kat:3, Licht: 0,175797,3,7,1,04,16,4,0,0,0,1,0,0,0,0
"POINT (8.493354510000074 49.453546727000059)",Unfall 175798 (2019) Kat:3, Licht: 0,175798,3,3,4,04,09,4,0,0,0,1,0,0,0,0
"POINT (8.485447676000035 49.531425264000063)",Unfall 175840 (2019) Kat:3, Licht: 0,175840,3,5,5,04,17,3,0,0,0,1,0,0,0,0
"POINT (8.478263649000041 49.482850171000052)",Unfall 175841 (2019) Kat:3, Licht: 0,175841,3,5,1,04,10,3,0,0,0,1,0,0,0,0
"POINT (8.576417654000068 49.439263102000041)",Unfall 175897 (2019) Kat:3, Licht: 0,175897,3,2,6,04,09,1,0,0,0,1,1,0,0,0
"POINT (8.498903873000074 49.477926018000062)",Unfall 175939 (2019) Kat:3, Licht: 0,175939,3,2,2,04,13,7,0,0,0,1,0,0,0,0
"POINT (8.539822470000047 49.497488302000079)",Unfall 175942 (2019) Kat:2, Licht: 0,175942,2,6,3,04,08,7,0,0,0,1,0,1,0,0
"POINT (8.457200981000028 49.494219587000032)",Unfall 175955 (2019) Kat:3, Licht: 0,175955,3,3,5,05,06,2,0,0,1,1,0,0,0,0
"POINT (8.482770166000023 49.481218820000038)",Unfall 176028 (2019) Kat:3, Licht: 0,176028,3,3,5,05,14,6,0,0,0,1,0,0,0,0
"POINT (8.558319925000035 49.466234145000044)",Unfall 176041 (2019) Kat:3, Licht: 0,176041,3,3,5,05,13,2,0,0,1,1,0,0,0,0
"POINT (8.473574624000037 49.483854798000038)",Unfall 176054 (2019) Kat:3, Licht: 0,176054,3,5,1,05,16,5,0,0,1,1,0,0,0,0
"POINT (8.488697680000030 49.479117508000058)",Unfall 176055 (2019) Kat:3, Licht: 0,176055,3,6,2,05,17,5,0,0,0,1,0,0,0,0
"POINT (8.473286126000062 49.504283873000077)",Unfall 176056 (2019) Kat:3, Licht: 0,176056,3,2,4,05,15,5,0,0,1,1,0,0,0,0
"POINT (8.486105804000033 49.455579646000047)",Unfall 176057 (2019) Kat:3, Licht: 0,176057,3,3,5,05,13,5,0,0,1,1,0,0,0,0
"POINT (8.511909151000054 49.507455305000065)",Unfall 176148 (2019) Kat:3, Licht: 0,176148,3,6,1,04,19,3,0,0,0,1,0,0,0,0
"POINT (8.549894915000039 49.519488567000053)",Unfall 176149 (2019) Kat:3, Licht: 0,176149,3,2,0,04,19,3,0,0,0,1,0,0,0,0
"POINT (8.499153729000057 49.473186291000047)",Unfall 176150 (2019) Kat:3, Licht: 0,176150,3,3,0,04,10,3,0,0,0,0,0,0,1,1
"POINT (8.471585334000054 49.472100033000061)",Unfall 176159 (2019) Kat:3, Licht: 0,176159,3,7,5,05,11,2,0,0,1,1,0,0,0,0
"POINT (8.536295016000054 49.421594779000031)",Unfall 176209 (2019) Kat:3, Licht: 0,176209,3,3,5,04,18,7,0,0,0,1,0,0,0,0
"POINT (8.476791109000033 49.477954312000065)",Unfall 176223 (2019) Kat:3, Licht: 0,176223,3,3,5,05,18,2,0,0,1,1,0,0,0,0
"POINT (8.528044157000068 49.444437149000066)",Unfall 176242 (2019) Kat:2, Licht: 0,176242,2,6,2,05,17,2,0,0,0,1,0,1,0,0
"POINT (8.530083566000030 49.496372905000044)",Unfall 176269 (2019) Kat:3, Licht: 0,176269,3,6,2,05,12,1,0,0,0,1,0,0,0,0
"POINT (8.536426694000056 49.449060789000043)",Unfall 176288 (2019) Kat:3, Licht: 0,176288,3,3,5,05,15,7,0,0,1,1,0,0,0,0
"POINT (8.527597844000070 49.508332245000076)",Unfall 176289 (2019) Kat:3, Licht: 0,176289,3,6,2,05,14,7,1,0,0,1,0,0,0,0
"POINT (8.480266568000047 49.495005534000029)",Unfall 176322 (2019) Kat:3, Licht: 2,176322,3,3,5,05,23,6,1,2,0,1,0,0,0,0
"POINT (8.554556175000073 49.462216762000025)",Unfall 176409 (2019) Kat:3, Licht: 0,176409,3,3,5,05,16,4,1,0,0,1,0,0,0,0
"POINT (8.555470799000034 49.459870469000066)",Unfall 176410 (2019) Kat:3, Licht: 2,176410,3,1,8,05,23,4,1,2,0,1,0,0,0,0
"POINT (8.448253436000073 49.542927342000041)",Unfall 176448 (2019) Kat:3, Licht: 0,176448,3,3,1,05,08,3,0,0,0,1,0,0,0,1
"POINT (8.492590126000039 49.478501434000066)",Unfall 176449 (2019) Kat:3, Licht: 1,176449,3,3,5,05,20,3,0,1,1,1,0,0,0,0
"POINT (8.481241293000039 49.452606834000051)",Unfall 176450 (2019) Kat:3, Licht: 0,176450,3,7,0,05,11,3,0,0,1,0,0,0,0,0
"POINT (8.526295287000039 49.494368070000064)",Unfall 176451 (2019) Kat:3, Licht: 0,176451,3,3,5,05,08,3,0,0,0,1,0,0,0,0
"POINT (8.456301147000033 49.489924432000066)",Unfall 176452 (2019) Kat:3, Licht: 0,176452,3,6,2,05,18,3,0,0,0,1,0,0,0,0
"POINT (8.483317989000057 49.489663667000059)",Unfall 176453 (2019) Kat:3, Licht: 0,176453,3,7,5,05,17,3,0,0,0,1,0,0,0,0
"POINT (8.456498932000045 49.551219265000043)",Unfall 176485 (2019) Kat:3, Licht: 0,176485,3,2,5,05,10,2,0,0,1,1,0,0,0,0
"POINT (8.452074350000032 49.542648937000081)",Unfall 176486 (2019) Kat:3, Licht: 0,176486,3,2,2,05,09,2,0,0,0,1,0,0,0,0
"POINT (8.515221197000074 49.454049830000031)",Unfall 176488 (2019) Kat:3, Licht: 0,176488,3,3,5,05,13,3,0,0,0,1,0,1,0,0
"POINT (8.471593910000024 49.500264107000078)",Unfall 176495 (2019) Kat:3, Licht: 0,176495,3,3,4,05,05,3,0,0,1,0,0,0,0,0
"POINT (8.494138490000069 49.512898088000043)",Unfall 176499 (2019) Kat:3, Licht: 0,176499,3,6,4,05,15,3,0,0,1,0,0,1,0,0
"POINT (8.464127765000058 49.487995313000056)",Unfall 176540 (2019) Kat:3, Licht: 2,176540,3,7,0,05,00,1,0,2,0,0,1,0,0,1
"POINT (8.482304969000040 49.478627277000044)",Unfall 176562 (2019) Kat:2, Licht: 0,176562,2,7,0,05,16,7,0,0,0,0,0,0,0,1
"POINT (8.473163370000066 49.504299063000076)",Unfall 176563 (2019) Kat:3, Licht: 0,176563,3,7,6,05,12,7,0,0,0,1,1,0,0,0
"POINT (8.495401315000038 49.453201564000040)",Unfall 176564 (2019) Kat:3, Licht: 2,176564,3,6,2,05,22,7,1,2,0,1,0,1,0,0
"POINT (8.494398878000027 49.450887065000074)",Unfall 176599 (2019) Kat:3, Licht: 0,176599,3,7,6,05,12,6,0,0,0,0,1,0,1,0
"POINT (8.477646842000070 49.497501162000049)",Unfall 176649 (2019) Kat:3, Licht: 0,176649,3,5,1,05,15,5,0,0,1,1,0,0,0,0
"POINT (8.525241681000068 49.433718485000043)",Unfall 176650 (2019) Kat:3, Licht: 0,176650,3,5,1,05,08,5,0,0,0,1,0,0,0,0
"POINT (8.510178537000058 49.509958642000072)",Unfall 176651 (2019) Kat:3, Licht: 0,176651,3,3,5,05,09,5,0,0,0,1,0,0,0,0
"POINT (8.463400679000074 49.487805701000070)",Unfall 176652 (2019) Kat:3, Licht: 0,176652,3,3,6,05,18,5,0,0,0,1,1,0,0,0
"POINT (8.468789238000056 49.493920443000036)",Unfall 176680 (2019) Kat:3, Licht: 0,176680,3,6,1,05,09,3,0,0,0,1,0,0,0,0
"POINT (8.504453484000067 49.471431792000033)",Unfall 176692 (2019) Kat:3, Licht: 0,176692,3,5,1,05,17,4,0,0,0,1,0,0,0,0
"POINT (8.482650269000033 49.481091784000057)",Unfall 176693 (2019) Kat:3, Licht: 0,176693,3,3,5,05,10,4,0,0,0,1,0,0,0,0
"POINT (8.504329605000066 49.456821296000044)",Unfall 176694 (2019) Kat:3, Licht: 0,176694,3,2,5,05,13,4,0,0,1,1,0,0,0,0
"POINT (8.546271063000063 49.493828161000067)",Unfall 176695 (2019) Kat:3, Licht: 0,176695,3,6,2,05,15,4,0,0,0,1,0,0,0,0
"POINT (8.469450777000077 49.466256978000047)",Unfall 176732 (2019) Kat:3, Licht: 0,176732,3,3,5,05,17,3,0,0,0,1,0,0,0,0
"POINT (8.480682487000024 49.475823945000059)",Unfall 176761 (2019) Kat:3, Licht: 2,176761,3,7,0,05,00,7,0,2,1,0,0,0,0,0
"POINT (8.572333030000038 49.437822173000029)",Unfall 176762 (2019) Kat:3, Licht: 0,176762,3,6,4,05,15,7,0,0,0,1,0,0,0,0
"POINT (8.481624156000066 49.479186571000071)",Unfall 176804 (2019) Kat:3, Licht: 0,176804,3,4,6,05,08,6,0,0,0,1,1,0,0,0
"POINT (8.549139709000031 49.496151191000081)",Unfall 176805 (2019) Kat:3, Licht: 0,176805,3,7,0,05,12,6,0,0,0,1,0,1,0,0
"POINT (8.465545562000045 49.485763924000025)",Unfall 176806 (2019) Kat:3, Licht: 0,176806,3,2,3,05,18,6,0,0,1,1,0,0,0,0
"POINT (8.471381736000069 49.481001313000036)",Unfall 176857 (2019) Kat:3, Licht: 0,176857,3,3,5,05,16,5,0,0,0,1,0,1,0,0
"POINT (8.464088647000040 49.475044428000047)",Unfall 176858 (2019) Kat:3, Licht: 0,176858,3,2,4,05,09,5,0,0,1,1,0,0,0,0
"POINT (8.473045353000032 49.472631897000042)",Unfall 176859 (2019) Kat:3, Licht: 0,176859,3,3,5,05,14,5,0,0,1,1,0,0,0,0
"POINT (8.509915654000054 49.506672145000039)",Unfall 176923 (2019) Kat:3, Licht: 0,176923,3,6,3,05,17,4,0,0,0,1,0,1,0,0
"POINT (8.516136558000028 49.514970018000042)",Unfall 176924 (2019) Kat:3, Licht: 0,176924,3,7,0,05,07,4,0,0,1,0,0,0,0,0
"POINT (8.465011941000057 49.488947803000030)",Unfall 176964 (2019) Kat:3, Licht: 0,176964,3,3,5,05,09,3,1,0,1,1,0,0,0,0
"POINT (8.476371263000033 49.465285161000054)",Unfall 177014 (2019) Kat:3, Licht: 0,177014,3,2,5,05,11,6,0,0,0,1,0,1,0,0
"POINT (8.546089545000029 49.489941529000077)",Unfall 177015 (2019) Kat:3, Licht: 0,177015,3,2,4,05,16,6,0,0,0,1,0,1,0,0
"POINT (8.511643068000069 49.452938294000035)",Unfall 177049 (2019) Kat:3, Licht: 1,177049,3,6,3,05,21,5,0,1,0,1,0,0,0,0
"POINT (8.476191899000071 49.481145649000041)",Unfall 177050 (2019) Kat:3, Licht: 0,177050,3,4,6,05,18,5,0,0,1,0,1,0,0,0
"POINT (8.463745058000029 49.503096996000068)",Unfall 177051 (2019) Kat:3, Licht: 2,177051,3,3,5,05,23,5,0,2,0,1,0,0,0,0
"POINT (8.488916566000057 49.475025533000064)",Unfall 177098 (2019) Kat:3, Licht: 0,177098,3,2,5,05,17,4,0,0,0,1,0,1,0,0
"POINT (8.467638363000049 49.489044836000062)",Unfall 177099 (2019) Kat:3, Licht: 0,177099,3,7,6,05,15,4,0,0,0,0,1,0,0,1
"POINT (8.516136261000042 49.462206283000057)",Unfall 177100 (2019) Kat:3, Licht: 0,177100,3,6,3,05,19,4,0,0,0,1,0,0,0,0
"POINT (8.470886153000038 49.508531045000041)",Unfall 177145 (2019) Kat:3, Licht: 0,177145,3,5,4,05,15,3,0,0,0,1,0,1,0,0
"POINT (8.510537231000058 49.527407793000066)",Unfall 177146 (2019) Kat:3, Licht: 0,177146,3,7,1,05,12,3,0,0,1,1,0,0,0,0
"POINT (8.497588015000076 49.525570846000051)",Unfall 177197 (2019) Kat:3, Licht: 0,177197,3,6,3,05,11,2,0,0,0,1,0,1,0,0
"POINT (8.489345818000061 49.456403446000081)",Unfall 177198 (2019) Kat:3, Licht: 0,177198,3,3,5,05,18,2,0,0,1,1,0,0,0,0
"POINT (8.539236501000062 49.484231582000064)",Unfall 177199 (2019) Kat:3, Licht: 0,177199,3,6,6,05,07,2,0,0,1,0,1,0,0,0
"POINT (8.464740373000041 49.493277928000055)",Unfall 177200 (2019) Kat:3, Licht: 0,177200,3,3,5,05,15,2,1,0,0,1,0,0,0,0
"POINT (8.508367314000054 49.513148986000033)",Unfall 177237 (2019) Kat:3, Licht: 0,177237,3,2,5,05,09,1,0,0,1,1,0,0,0,0
"POINT (8.490475861000050 49.530691204000050)",Unfall 177284 (2019) Kat:3, Licht: 0,177284,3,3,5,06,10,4,0,0,1,1,0,0,0,0
"POINT (8.482282325000028 49.478646179000066)",Unfall 177285 (2019) Kat:3, Licht: 0,177285,3,7,0,06,13,4,0,0,1,0,0,0,0,0
"POINT (8.511596356000041 49.502743340000052)",Unfall 177287 (2019) Kat:3, Licht: 0,177287,3,5,8,06,14,4,0,0,0,1,0,0,0,0
"POINT (8.492906543000061 49.481285351000054)",Unfall 177358 (2019) Kat:3, Licht: 0,177358,3,5,3,06,15,3,0,0,0,1,0,1,0,0
"POINT (8.513505099000042 49.517738365000071)",Unfall 177359 (2019) Kat:3, Licht: 0,177359,3,6,3,06,08,3,0,0,0,1,0,0,1,0
"POINT (8.464684237000029 49.491254717000061)",Unfall 177360 (2019) Kat:3, Licht: 0,177360,3,3,5,06,08,3,0,0,1,1,0,0,0,0
"POINT (8.531178736000072 49.510151793000034)",Unfall 177361 (2019) Kat:3, Licht: 0,177361,3,3,5,06,07,3,0,0,1,1,0,0,0,0
"POINT (8.470196659000067 49.504627231000029)",Unfall 177410 (2019) Kat:3, Licht: 0,177410,3,7,6,06,16,2,0,0,1,0,1,0,0,0
"POINT (8.486866335000059 49.465335818000028)",Unfall 177411 (2019) Kat:3, Licht: 0,177411,3,6,2,06,11,2,0,0,0,1,0,0,0,0
"POINT (8.504983930000037 49.504019675000052)",Unfall 177455 (2019) Kat:2, Licht: 0,177455,2,3,5,06,17,1,0,0,1,1,0,0,0,0
"POINT (8.469873180000036 49.482872421000081)",Unfall 177490 (2019) Kat:3, Licht: 0,177490,3,1,0,06,10,7,0,0,0,0,0,1,0,0
"POINT (8.518991068000048 49.495966689000056)",Unfall 177491 (2019) Kat:2, Licht: 0,177491,2,6,4,06,17,7,0,0,0,1,0,0,0,0
"POINT (8.468109328000026 49.491068978000044)",Unfall 177492 (2019) Kat:3, Licht: 0,177492,3,7,6,06,13,7,0,0,1,1,1,0,0,0
"POINT (8.507361731000060 49.498893227000053)",Unfall 177536 (2019) Kat:3, Licht: 0,177536,3,2,3,06,19,3,0,0,1,1,0,0,0,0
"POINT (8.473758658000065 49.515842650000081)",Unfall 177537 (2019) Kat:3, Licht: 0,177537,3,2,5,06,05,3,1,0,0,1,0,0,0,1
"POINT (8.507085234000044 49.518040941000038)",Unfall 177574 (2019) Kat:3, Licht: 0,177574,3,3,5,06,13,1,0,0,0,1,0,1,0,0
"POINT (8.532743383000025 49.506168892000062)",Unfall 177575 (2019) Kat:3, Licht: 0,177575,3,7,0,06,14,1,0,0,1,0,0,0,0,0
"POINT (8.472181703000047 49.469424343000071)",Unfall 177611 (2019) Kat:3, Licht: 0,177611,3,7,0,06,09,7,0,0,0,0,0,1,0,0
"POINT (8.474686073000044 49.490823900000066)",Unfall 177612 (2019) Kat:3, Licht: 0,177612,3,6,2,06,17,7,0,0,0,1,0,0,0,0
"POINT (8.473442444000057 49.539259981000043)",Unfall 177659 (2019) Kat:3, Licht: 2,177659,3,3,5,06,22,6,0,2,0,1,0,0,0,1
"POINT (8.475597097000048 49.479902941000034)",Unfall 177660 (2019) Kat:3, Licht: 0,177660,3,3,5,06,08,6,0,0,0,1,0,0,0,0
"POINT (8.471444730000030 49.503634656000031)",Unfall 177661 (2019) Kat:3, Licht: 0,177661,3,7,0,06,07,6,1,0,1,0,0,0,0,1
"POINT (8.465420228000028 49.500494783000079)",Unfall 177662 (2019) Kat:3, Licht: 0,177662,3,4,6,06,19,6,0,0,0,1,1,0,0,0
"POINT (8.467128270000046 49.456060255000068)",Unfall 177663 (2019) Kat:3, Licht: 0,177663,3,7,3,06,14,6,0,0,1,1,0,0,0,0
"POINT (8.498908672000027 49.453802162000045)",Unfall 177730 (2019) Kat:3, Licht: 1,177730,3,3,5,06,17,5,1,1,1,1,0,0,0,0
"POINT (8.494074016000070 49.498223088000032)",Unfall 177731 (2019) Kat:3, Licht: 0,177731,3,7,6,06,14,5,0,0,0,0,1,0,0,1
"POINT (8.489072123000028 49.462829161000059)",Unfall 177732 (2019) Kat:3, Licht: 0,177732,3,2,0,06,15,5,0,0,1,1,0,0,0,0
"POINT (8.494374476000075 49.450200444000075)",Unfall 177809 (2019) Kat:3, Licht: 0,177809,3,7,0,06,13,2,0,0,0,0,0,1,0,0
"POINT (8.467109747000052 49.485005220000062)",Unfall 177810 (2019) Kat:2, Licht: 0,177810,2,3,5,06,10,2,0,0,0,1,0,0,0,0
"POINT (8.484783692000065 49.461612476000028)",Unfall 177836 (2019) Kat:3, Licht: 0,177836,3,3,5,06,06,1,1,0,0,1,1,0,0,0
"POINT (8.474582722000037 49.474269461000063)",Unfall 177876 (2019) Kat:3, Licht: 0,177876,3,2,2,06,17,7,0,0,0,1,0,0,0,1
"POINT (8.554033167000057 49.520115014000055)",Unfall 177877 (2019) Kat:3, Licht: 0,177877,3,5,5,06,11,7,0,0,0,1,0,0,0,1
"POINT (8.490453640000055 49.453501228000050)",Unfall 177923 (2019) Kat:3, Licht: 0,177923,3,4,6,06,13,6,0,0,0,1,1,0,0,0
"POINT (8.511959324000031 49.523262489000047)",Unfall 177924 (2019) Kat:3, Licht: 0,177924,3,6,2,06,10,6,0,0,0,1,0,0,0,1
"POINT (8.474084377000054 49.481125199000076)",Unfall 177925 (2019) Kat:2, Licht: 0,177925,2,2,6,06,15,6,0,0,0,1,1,0,0,0
"POINT (8.476527596000040 49.465074017000063)",Unfall 177967 (2019) Kat:3, Licht: 0,177967,3,3,5,06,14,5,0,0,1,1,0,0,0,0
"POINT (8.449521712000035 49.555701670000076)",Unfall 177968 (2019) Kat:2, Licht: 1,177968,2,3,5,06,21,5,0,1,0,1,0,0,0,0
"POINT (8.486873165000077 49.511319723000042)",Unfall 177969 (2019) Kat:2, Licht: 0,177969,2,7,0,06,19,5,0,0,1,0,0,0,0,0
"POINT (8.484000496000022 49.481046332000062)",Unfall 178008 (2019) Kat:3, Licht: 0,178008,3,6,2,06,13,4,0,0,0,1,0,0,0,0
"POINT (8.511838905000047 49.523289245000058)",Unfall 178073 (2019) Kat:3, Licht: 2,178073,3,3,5,06,00,1,0,2,0,1,0,0,0,0
"POINT (8.478146238000022 49.483680420000042)",Unfall 178144 (2019) Kat:3, Licht: 0,178144,3,6,3,06,16,6,0,0,0,1,0,0,0,0
"POINT (8.529521705000036 49.418527055000027)",Unfall 178145 (2019) Kat:3, Licht: 0,178145,3,7,0,06,18,6,0,0,0,1,0,0,0,0
"POINT (8.465459956000075 49.490653416000043)",Unfall 178213 (2019) Kat:3, Licht: 0,178213,3,5,1,06,15,4,0,0,1,1,0,0,0,0
"POINT (8.494862356000056 49.470763129000034)",Unfall 178271 (2019) Kat:3, Licht: 0,178271,3,7,1,06,14,3,0,0,0,0,0,1,0,1
"POINT (8.474257190000060 49.508249533000026)",Unfall 178272 (2019) Kat:3, Licht: 0,178272,3,5,5,06,20,3,0,0,1,1,0,0,0,0
"POINT (8.480660409000052 49.499164871000062)",Unfall 178273 (2019) Kat:3, Licht: 0,178273,3,7,0,06,15,3,0,0,0,0,0,0,0,1
"POINT (8.562418889000071 49.451325328000053)",Unfall 178274 (2019) Kat:1, Licht: 0,178274,1,2,3,06,07,3,0,0,1,0,0,0,1,0
"POINT (8.512173652000058 49.511257856000043)",Unfall 178299 (2019) Kat:3, Licht: 0,178299,3,3,5,06,15,6,0,0,0,1,0,1,0,0
"POINT (8.474399233000042 49.484556210000051)",Unfall 178300 (2019) Kat:3, Licht: 0,178300,3,2,5,06,08,6,0,0,1,1,0,0,0,0
"POINT (8.473844565000036 49.491814559000034)",Unfall 178301 (2019) Kat:3, Licht: 0,178301,3,6,2,06,16,6,0,0,0,1,0,0,0,0
"POINT (8.534039089000032 49.473552630000029)",Unfall 178359 (2019) Kat:3, Licht: 0,178359,3,7,4,06,13,5,0,0,0,1,0,0,0,0
"POINT (8.464724481000076 49.487420288000067)",Unfall 178360 (2019) Kat:3, Licht: 0,178360,3,5,3,06,18,5,0,0,1,1,0,0,0,0
"POINT (8.478836884000032 49.481545160000053)",Unfall 178481 (2019) Kat:3, Licht: 0,178481,3,3,5,06,08,3,0,0,1,1,0,0,0,0
"POINT (8.471242467000025 49.510416408000026)",Unfall 178482 (2019) Kat:3, Licht: 0,178482,3,6,1,06,15,3,0,0,0,1,0,0,0,0
"POINT (8.512238185000058 49.507491843000025)",Unfall 178484 (2019) Kat:2, Licht: 0,178484,2,6,2,06,07,3,0,0,0,1,0,1,0,0
"POINT (8.488856126000030 49.462903824000080)",Unfall 178606 (2019) Kat:3, Licht: 0,178606,3,5,5,07,17,3,0,0,1,1,0,0,0,0
"POINT (8.507145688000037 49.517774318000079)",Unfall 178607 (2019) Kat:3, Licht: 0,178607,3,3,5,07,14,3,0,0,0,1,0,1,0,0
"POINT (8.475118744000042 49.496511240000075)",Unfall 178608 (2019) Kat:3, Licht: 0,178608,3,2,3,07,07,3,0,0,1,1,0,0,0,0
"POINT (8.447595819000071 49.543660550000027)",Unfall 178655 (2019) Kat:3, Licht: 0,178655,3,2,6,07,07,2,0,0,0,1,1,0,0,0
"POINT (8.491588386000046 49.474965918000066)",Unfall 178656 (2019) Kat:3, Licht: 0,178656,3,7,0,07,08,2,0,0,1,1,0,0,0,0
"POINT (8.469845404000068 49.496631913000044)",Unfall 178657 (2019) Kat:3, Licht: 0,178657,3,3,5,07,16,2,0,0,0,1,0,1,0,0
"POINT (8.463197904000026 49.493877217000033)",Unfall 178660 (2019) Kat:3, Licht: 0,178660,3,6,2,07,17,2,0,0,0,1,0,0,0,0
"POINT (8.475363768000022 49.448522611000044)",Unfall 178701 (2019) Kat:3, Licht: 2,178701,3,5,0,06,01,1,0,2,0,1,0,0,0,0
"POINT (8.469465266000043 49.484162724000043)",Unfall 178702 (2019) Kat:3, Licht: 2,178702,3,4,6,06,00,1,0,2,0,1,1,0,0,0
"POINT (8.492501451000067 49.469451547000062)",Unfall 178750 (2019) Kat:3, Licht: 2,178750,3,1,0,06,22,7,0,2,1,0,0,0,0,0
"POINT (8.492224271000055 49.458705934000079)",Unfall 178805 (2019) Kat:3, Licht: 0,178805,3,3,5,06,09,6,0,0,1,1,0,0,0,0
"POINT (8.496103327000071 49.514987067000050)",Unfall 178807 (2019) Kat:3, Licht: 0,178807,3,3,5,07,11,4,0,0,0,0,0,0,1,1
"POINT (8.492640405000032 49.507023607000065)",Unfall 178867 (2019) Kat:3, Licht: 0,178867,3,2,3,07,15,7,0,0,0,1,0,0,0,1
"POINT (8.460201573000063 49.519227784000066)",Unfall 178868 (2019) Kat:2, Licht: 0,178868,2,2,0,07,14,7,0,0,0,0,0,1,0,0
"POINT (8.453080807000049 49.528887641000040)",Unfall 178869 (2019) Kat:3, Licht: 0,178869,3,3,5,07,12,7,0,0,0,1,0,0,0,0
"POINT (8.480803571000024 49.509188627000071)",Unfall 178918 (2019) Kat:3, Licht: 2,178918,3,6,4,07,23,6,0,2,1,0,0,0,0,0
"POINT (8.468362887000069 49.546427436000045)",Unfall 178991 (2019) Kat:3, Licht: 0,178991,3,7,0,07,17,5,0,0,0,0,1,0,0,1
"POINT (8.527966752000054 49.416600857000049)",Unfall 178992 (2019) Kat:3, Licht: 0,178992,3,3,5,07,17,5,0,0,0,1,0,1,0,0
"POINT (8.457442604000050 49.545120902000065)",Unfall 179082 (2019) Kat:3, Licht: 0,179082,3,7,1,07,20,5,1,0,0,1,0,0,0,1
"POINT (8.480462234000072 49.531041126000048)",Unfall 179147 (2019) Kat:3, Licht: 1,179147,3,4,6,07,05,4,0,1,0,1,1,0,0,0
"POINT (8.498926290000043 49.453685812000060)",Unfall 179148 (2019) Kat:3, Licht: 0,179148,3,3,5,07,15,4,0,0,1,1,0,0,0,0
"POINT (8.536623406000047 49.507654697000078)",Unfall 179150 (2019) Kat:3, Licht: 0,179150,3,3,5,07,12,4,0,0,0,0,0,1,0,1
"POINT (8.479663467000023 49.482679824000058)",Unfall 179151 (2019) Kat:3, Licht: 0,179151,3,3,5,07,10,4,0,0,0,1,0,1,0,0
"POINT (8.558411181000054 49.499242099000071)",Unfall 179211 (2019) Kat:3, Licht: 0,179211,3,6,2,07,13,3,0,0,0,1,0,0,0,0
"POINT (8.516900393000071 49.515781221000054)",Unfall 179212 (2019) Kat:3, Licht: 0,179212,3,7,2,07,11,3,0,0,0,1,0,0,0,0
"POINT (8.541215124000075 49.501272425000082)",Unfall 179213 (2019) Kat:3, Licht: 0,179213,3,2,5,07,17,3,0,0,1,1,0,0,0,0
"POINT (8.512066615000038 49.507474479000052)",Unfall 179271 (2019) Kat:2, Licht: 2,179271,2,4,6,07,22,2,0,2,0,1,1,0,0,0
"POINT (8.474527455000043 49.508250409000027)",Unfall 179272 (2019) Kat:2, Licht: 0,179272,2,3,1,07,12,2,0,0,1,1,0,0,0,0
"POINT (8.490045564000070 49.478596636000077)",Unfall 179400 (2019) Kat:3, Licht: 0,179400,3,3,5,07,11,3,0,0,0,1,0,0,0,0
"POINT (8.454820057000063 49.525954108000064)",Unfall 179401 (2019) Kat:3, Licht: 0,179401,3,5,5,07,17,3,0,0,1,0,0,1,0,0
"POINT (8.469284036000033 49.493591346000073)",Unfall 179402 (2019) Kat:3, Licht: 0,179402,3,3,5,07,07,3,0,0,0,1,0,0,0,0
"POINT (8.489308226000048 49.453706201000045)",Unfall 179455 (2019) Kat:3, Licht: 0,179455,3,3,5,07,19,2,0,0,0,1,0,0,0,0
"POINT (8.473613213000022 49.484810048000043)",Unfall 179457 (2019) Kat:3, Licht: 0,179457,3,7,0,07,08,2,0,0,1,0,0,0,0,0
"POINT (8.528464372000030 49.507564491000039)",Unfall 179458 (2019) Kat:3, Licht: 2,179458,3,2,4,07,22,2,0,2,0,1,0,1,0,0
"POINT (8.503132077000032 49.503388359000041)",Unfall 179459 (2019) Kat:2, Licht: 0,179459,2,3,5,07,05,2,0,0,0,0,0,1,0,1
"POINT (8.470871331000069 49.501624452000044)",Unfall 179552 (2019) Kat:3, Licht: 0,179552,3,6,2,07,13,6,1,0,0,1,0,0,0,0
"POINT (8.464845370000035 49.488768086000050)",Unfall 179553 (2019) Kat:3, Licht: 0,179553,3,5,1,07,14,6,1,0,1,1,0,0,0,0
"POINT (8.491500460000054 49.496944143000064)",Unfall 179623 (2019) Kat:3, Licht: 1,179623,3,7,6,07,21,2,0,1,1,0,1,0,0,0
"POINT (8.472316557000056 49.504403845000070)",Unfall 179625 (2019) Kat:2, Licht: 0,179625,2,2,3,07,14,2,0,0,0,1,0,1,0,0
"POINT (8.478083751000042 49.460156952000034)",Unfall 179697 (2019) Kat:2, Licht: 0,179697,2,7,0,07,19,7,0,0,1,0,0,0,0,0
"POINT (8.535966358000053 49.420137715000067)",Unfall 179698 (2019) Kat:3, Licht: 0,179698,3,3,5,07,11,7,0,0,1,1,0,0,0,0
"POINT (8.478994193000062 49.459822166000038)",Unfall 179699 (2019) Kat:3, Licht: 0,179699,3,3,5,07,14,7,0,0,1,0,0,0,0,1
"POINT (8.467288251000070 49.490208556000027)",Unfall 179745 (2019) Kat:3, Licht: 0,179745,3,3,1,07,17,6,0,0,1,1,0,0,0,0
"POINT (8.499475439000037 49.474979884000049)",Unfall 179799 (2019) Kat:3, Licht: 0,179799,3,6,2,07,10,5,0,0,0,1,0,0,0,0
"POINT (8.484062070000050 49.468434388000048)",Unfall 179879 (2019) Kat:3, Licht: 0,179879,3,3,5,07,09,6,0,0,1,1,0,0,0,0
"POINT (8.524882698000056 49.449384558000077)",Unfall 179880 (2019) Kat:3, Licht: 0,179880,3,3,5,07,08,6,0,0,0,1,0,1,0,0
"POINT (8.466461872000025 49.486621971000034)",Unfall 179942 (2019) Kat:3, Licht: 0,179942,3,5,1,07,10,5,0,0,1,1,0,0,0,0
"POINT (8.487939787000073 49.502477303000035)",Unfall 179943 (2019) Kat:3, Licht: 0,179943,3,5,1,07,14,5,0,0,0,1,0,0,0,0
"POINT (8.509421250000059 49.446216009000068)",Unfall 179944 (2019) Kat:3, Licht: 0,179944,3,6,2,07,19,5,0,0,0,1,0,0,0,0
"POINT (8.481642553000029 49.526301701000079)",Unfall 180008 (2019) Kat:3, Licht: 1,180008,3,3,5,07,05,4,0,1,1,1,0,0,0,0
"POINT (8.499706998000022 49.530657335000058)",Unfall 180009 (2019) Kat:3, Licht: 1,180009,3,3,5,07,21,4,0,1,0,1,0,0,0,0
"POINT (8.476922278000075 49.503898019000076)",Unfall 180010 (2019) Kat:3, Licht: 0,180010,3,3,5,07,07,4,0,0,0,1,0,0,0,0
"POINT (8.477679323000075 49.514512362000062)",Unfall 180011 (2019) Kat:3, Licht: 0,180011,3,3,5,07,16,4,0,0,1,1,0,0,0,0
"POINT (8.498107041000026 49.513293221000026)",Unfall 180012 (2019) Kat:3, Licht: 0,180012,3,3,5,07,07,4,0,0,1,1,0,0,0,0
"POINT (8.541309556000044 49.498802936000061)",Unfall 180013 (2019) Kat:3, Licht: 0,180013,3,3,5,07,17,4,0,0,1,1,0,0,0,0
"POINT (8.512061180000046 49.485364550000043)",Unfall 180014 (2019) Kat:2, Licht: 0,180014,2,7,1,07,09,4,0,0,1,1,0,0,0,0
"POINT (8.478927274000057 49.491024587000027)",Unfall 180073 (2019) Kat:3, Licht: 0,180073,3,3,5,07,17,3,0,0,1,1,0,0,0,0
"POINT (8.535763124000027 49.422498303000054)",Unfall 180074 (2019) Kat:3, Licht: 0,180074,3,1,0,07,20,3,0,0,1,0,0,0,0,0
"POINT (8.521686406000072 49.515014279000070)",Unfall 180075 (2019) Kat:3, Licht: 0,180075,3,6,2,07,19,3,0,0,0,1,0,0,0,0
"POINT (8.469051608000029 49.481953741000041)",Unfall 180125 (2019) Kat:3, Licht: 0,180125,3,6,2,08,16,5,0,0,0,1,0,1,0,0
"POINT (8.476872219000029 49.484492867000029)",Unfall 180173 (2019) Kat:3, Licht: 0,180173,3,6,1,07,12,4,0,0,0,1,0,1,0,0
"POINT (8.505452206000030 49.493907901000057)",Unfall 180217 (2019) Kat:3, Licht: 0,180217,3,2,3,07,06,3,0,0,1,1,0,0,0,0
"POINT (8.463964758000032 49.491461657000059)",Unfall 180218 (2019) Kat:3, Licht: 2,180218,3,3,5,07,21,3,0,2,1,1,0,0,0,0
"POINT (8.465404813000021 49.486886951000031)",Unfall 180219 (2019) Kat:3, Licht: 0,180219,3,4,6,07,08,3,0,0,0,0,1,0,0,1
"POINT (8.511943967000036 49.523305093000033)",Unfall 180220 (2019) Kat:2, Licht: 1,180220,2,6,3,07,20,3,0,1,1,1,0,0,0,0
"POINT (8.450381766000021 49.539823379000040)",Unfall 180290 (2019) Kat:3, Licht: 0,180290,3,5,1,07,18,2,0,0,1,1,0,0,0,0
"POINT (8.488247107000063 49.478946126000039)",Unfall 180291 (2019) Kat:2, Licht: 0,180291,2,4,5,07,16,2,0,0,0,1,1,0,0,0
"POINT (8.461043654000036 49.519006469000033)",Unfall 180292 (2019) Kat:2, Licht: 0,180292,2,3,5,07,17,2,0,0,1,1,0,0,0,0
"POINT (8.501016281000034 49.514899939000031)",Unfall 180293 (2019) Kat:2, Licht: 0,180293,2,3,0,07,13,2,0,0,0,1,0,1,0,0
"POINT (8.488186241000051 49.500336431000051)",Unfall 180350 (2019) Kat:3, Licht: 2,180350,3,1,0,07,00,7,0,2,1,0,0,0,0,0
"POINT (8.581428376000076 49.438023394000027)",Unfall 180351 (2019) Kat:3, Licht: 0,180351,3,3,5,07,18,7,0,0,0,1,0,0,0,0
"POINT (8.470428612000035 49.502716242000076)",Unfall 180374 (2019) Kat:3, Licht: 0,180374,3,6,1,08,12,5,0,0,0,1,0,0,0,0
"POINT (8.509941354000034 49.445901747000050)",Unfall 180375 (2019) Kat:3, Licht: 0,180375,3,6,1,08,09,5,0,0,0,1,0,0,0,0
"POINT (8.466054351000025 49.546449144000064)",Unfall 180376 (2019) Kat:2, Licht: 0,180376,2,3,5,08,16,5,0,0,1,1,0,0,0,0
"POINT (8.469975452000028 49.505532394000056)",Unfall 180378 (2019) Kat:2, Licht: 0,180378,2,4,6,08,13,5,0,0,0,0,1,1,0,0
"POINT (8.511760077000076 49.447276769000041)",Unfall 180421 (2019) Kat:3, Licht: 0,180421,3,6,1,08,08,4,1,0,0,1,0,0,0,0
"POINT (8.559165883000048 49.459280676000049)",Unfall 180422 (2019) Kat:3, Licht: 0,180422,3,3,5,08,08,4,1,0,1,1,0,0,0,0
"POINT (8.509551696000074 49.506413503000033)",Unfall 180423 (2019) Kat:2, Licht: 0,180423,2,6,3,08,14,4,0,0,0,1,0,1,0,0
"POINT (8.523731165000072 49.432978543000047)",Unfall 180424 (2019) Kat:2, Licht: 2,180424,2,6,2,08,05,4,0,2,1,0,0,0,1,0
"POINT (8.467570243000068 49.486728115000062)",Unfall 180462 (2019) Kat:3, Licht: 0,180462,3,7,6,08,19,3,0,0,0,1,1,0,0,0
"POINT (8.492318812000065 49.518232568000030)",Unfall 180463 (2019) Kat:3, Licht: 0,180463,3,3,5,08,17,3,0,0,0,1,0,0,0,0
"POINT (8.471550926000020 49.493444143000033)",Unfall 180464 (2019) Kat:2, Licht: 2,180464,2,1,0,08,21,3,1,2,1,0,0,0,0,0
"POINT (8.487027716000057 49.498524284000041)",Unfall 180504 (2019) Kat:3, Licht: 0,180504,3,2,4,08,18,2,0,0,0,1,0,1,0,0
"POINT (8.504303253000046 49.493055639000033)",Unfall 180569 (2019) Kat:3, Licht: 0,180569,3,5,1,08,14,7,0,0,0,1,0,0,0,0
"POINT (8.533758303000070 49.486515443000030)",Unfall 180599 (2019) Kat:3, Licht: 0,180599,3,3,5,08,17,6,1,0,0,1,0,0,0,0
"POINT (8.463418351000030 49.489689883000040)",Unfall 180600 (2019) Kat:3, Licht: 0,180600,3,3,5,08,18,6,0,0,0,1,0,0,0,0
"POINT (8.506706818000055 49.509518704000072)",Unfall 180618 (2019) Kat:3, Licht: 0,180618,3,3,5,08,15,5,0,0,1,1,0,0,0,0
"POINT (8.475029789000075 49.496553501000051)",Unfall 180667 (2019) Kat:2, Licht: 0,180667,2,6,2,08,19,4,0,0,0,1,0,0,0,0
"POINT (8.467975153000054 49.490997778000064)",Unfall 180668 (2019) Kat:3, Licht: 2,180668,3,7,0,08,21,4,0,2,0,1,0,0,0,1
"POINT (8.481061258000068 49.475443335000080)",Unfall 180708 (2019) Kat:3, Licht: 0,180708,3,7,0,08,19,3,0,0,1,1,0,0,0,0
"POINT (8.531787453000050 49.488514157000054)",Unfall 180709 (2019) Kat:3, Licht: 0,180709,3,7,6,08,10,3,0,0,0,1,1,0,0,0
"POINT (8.544707317000075 49.489943937000078)",Unfall 180783 (2019) Kat:3, Licht: 0,180783,3,3,5,08,09,1,0,0,0,1,0,0,0,0
"POINT (8.467168277000042 49.552374600000064)",Unfall 180823 (2019) Kat:3, Licht: 0,180823,3,7,0,08,16,7,0,0,1,0,1,0,0,0
"POINT (8.475000112000032 49.464708235000046)",Unfall 180857 (2019) Kat:3, Licht: 0,180857,3,6,2,08,19,6,0,0,0,1,0,0,0,0
"POINT (8.506137638000041 49.507410864000065)",Unfall 180933 (2019) Kat:3, Licht: 0,180933,3,3,0,08,16,5,0,0,0,1,0,1,0,0
"POINT (8.469918454000037 49.489312036000058)",Unfall 180934 (2019) Kat:3, Licht: 0,180934,3,5,5,08,15,5,0,0,1,1,0,0,0,0
"POINT (8.474795441000026 49.483411163000028)",Unfall 180967 (2019) Kat:3, Licht: 0,180967,3,6,3,08,10,4,0,0,0,1,0,0,0,0
"POINT (8.493694555000047 49.457017224000026)",Unfall 180968 (2019) Kat:3, Licht: 0,180968,3,6,1,08,17,4,0,0,0,1,0,1,0,0
"POINT (8.513837914000021 49.450863681000044)",Unfall 180969 (2019) Kat:3, Licht: 0,180969,3,3,5,08,11,4,0,0,0,1,0,0,0,0
"POINT (8.462455056000067 49.500568684000029)",Unfall 180971 (2019) Kat:2, Licht: 0,180971,2,3,5,08,12,4,0,0,1,1,0,0,0,0
"POINT (8.487188326000023 49.479704363000053)",Unfall 181031 (2019) Kat:2, Licht: 0,181031,2,4,6,08,17,2,0,0,0,0,1,1,0,0
"POINT (8.523869639000054 49.471631736000063)",Unfall 181032 (2019) Kat:3, Licht: 0,181032,3,6,4,08,16,2,0,0,0,1,0,0,0,0
"POINT (8.474469904000046 49.482843773000070)",Unfall 181033 (2019) Kat:3, Licht: 0,181033,3,7,0,08,17,2,0,0,0,1,0,0,0,0
"POINT (8.500733880000041 49.514823470000067)",Unfall 181067 (2019) Kat:3, Licht: 0,181067,3,2,3,08,11,1,0,0,1,1,0,0,0,0
"POINT (8.457071145000043 49.545150682000042)",Unfall 181087 (2019) Kat:3, Licht: 0,181087,3,6,2,08,17,7,1,0,0,1,0,0,0,0
"POINT (8.479607871000042 49.458929787000045)",Unfall 181088 (2019) Kat:2, Licht: 0,181088,2,4,6,08,17,7,0,0,0,0,1,0,0,1
"POINT (8.471388135000041 49.464675259000046)",Unfall 181125 (2019) Kat:3, Licht: 0,181125,3,5,1,08,17,6,0,0,1,1,0,0,0,0
"POINT (8.474211491000062 49.546402313000044)",Unfall 181181 (2019) Kat:3, Licht: 0,181181,3,4,0,08,18,6,0,0,0,0,1,0,0,1
"POINT (8.451495629000021 49.540385481000044)",Unfall 181182 (2019) Kat:3, Licht: 2,181182,3,3,5,08,21,6,0,2,0,1,0,1,0,0
"POINT (8.511667103000036 49.477631439000049)",Unfall 181183 (2019) Kat:3, Licht: 0,181183,3,6,4,08,12,6,0,0,1,0,0,0,0,0
"POINT (8.470783951000044 49.508545866000077)",Unfall 181184 (2019) Kat:2, Licht: 0,181184,2,2,6,08,09,6,0,0,0,1,1,0,0,0
"POINT (8.476014706000058 49.496927351000068)",Unfall 181185 (2019) Kat:3, Licht: 0,181185,3,7,0,08,11,6,0,0,1,0,0,0,0,0
"POINT (8.467431696000062 49.466892909000080)",Unfall 181226 (2019) Kat:3, Licht: 0,181226,3,7,6,08,10,5,0,0,1,1,1,0,0,0
"POINT (8.454657717000032 49.487075700000048)",Unfall 181227 (2019) Kat:3, Licht: 0,181227,3,7,1,08,08,5,0,0,0,1,0,0,0,0
"POINT (8.472210870000026 49.480387598000050)",Unfall 181228 (2019) Kat:3, Licht: 0,181228,3,7,1,08,18,5,1,0,1,1,0,0,0,0
"POINT (8.488046793000024 49.479024264000032)",Unfall 181259 (2019) Kat:3, Licht: 0,181259,3,6,2,08,16,4,1,0,0,1,0,0,0,0
"POINT (8.497302310000066 49.450485602000072)",Unfall 181288 (2019) Kat:3, Licht: 0,181288,3,3,5,08,19,3,0,0,1,1,0,0,0,0
"POINT (8.517658192000056 49.510753758000078)",Unfall 181289 (2019) Kat:3, Licht: 0,181289,3,7,0,08,17,3,0,0,0,1,1,0,0,0
"POINT (8.506980032000058 49.505354229000034)",Unfall 181290 (2019) Kat:3, Licht: 0,181290,3,3,5,08,11,3,0,0,1,0,0,0,0,0
"POINT (8.472158268000044 49.485371145000045)",Unfall 181291 (2019) Kat:2, Licht: 0,181291,2,7,6,08,15,3,0,0,0,1,1,0,0,0
"POINT (8.477796337000029 49.482955053000069)",Unfall 181357 (2019) Kat:3, Licht: 2,181357,3,7,0,08,04,1,0,2,0,0,0,1,0,0
"POINT (8.478109476000043 49.483776194000029)",Unfall 181415 (2019) Kat:2, Licht: 0,181415,2,2,3,09,08,5,0,0,1,1,0,0,0,0
"POINT (8.456000616000040 49.551095326000052)",Unfall 181465 (2019) Kat:3, Licht: 0,181465,3,5,5,09,14,4,0,0,0,1,0,0,0,0
"POINT (8.556540156000040 49.515249549000032)",Unfall 181466 (2019) Kat:3, Licht: 0,181466,3,7,3,09,19,4,0,0,0,1,0,1,0,0
"POINT (8.466906664000021 49.488312765000046)",Unfall 181467 (2019) Kat:2, Licht: 0,181467,2,4,6,09,11,4,0,0,0,0,1,0,0,1
"POINT (8.480989220000026 49.542165754000052)",Unfall 181529 (2019) Kat:3, Licht: 1,181529,3,3,5,09,20,3,0,1,1,1,0,0,0,0
"POINT (8.479264985000043 49.459880485000042)",Unfall 181605 (2019) Kat:3, Licht: 0,181605,3,6,2,09,08,1,0,0,0,1,0,0,0,0
"POINT (8.467281015000026 49.479048565000028)",Unfall 181648 (2019) Kat:3, Licht: 0,181648,3,7,0,08,19,7,0,0,1,0,0,0,0,0
"POINT (8.470245379000062 49.493311991000041)",Unfall 181649 (2019) Kat:3, Licht: 1,181649,3,3,5,08,20,7,0,1,1,0,0,0,0,0
"POINT (8.463677978000021 49.485273695000046)",Unfall 181671 (2019) Kat:3, Licht: 0,181671,3,4,6,09,15,5,0,0,0,1,1,0,0,0
"POINT (8.471998389000021 49.469469900000036)",Unfall 181714 (2019) Kat:3, Licht: 0,181714,3,3,5,09,10,4,0,0,1,1,0,0,0,0
"POINT (8.472512667000046 49.463569016000065)",Unfall 181715 (2019) Kat:2, Licht: 0,181715,2,7,6,09,10,4,0,0,0,1,1,0,0,0
"POINT (8.490876069000024 49.460501075000082)",Unfall 181716 (2019) Kat:3, Licht: 0,181716,3,6,2,09,09,4,0,0,0,1,0,1,0,0
"POINT (8.456396751000057 49.488971229000072)",Unfall 181717 (2019) Kat:3, Licht: 0,181717,3,7,0,09,10,4,0,0,1,1,0,0,0,0
"POINT (8.472747937000065 49.497076848000063)",Unfall 181771 (2019) Kat:3, Licht: 0,181771,3,7,0,09,16,3,0,0,0,1,1,0,0,0
"POINT (8.473443466000049 49.491945061000081)",Unfall 181772 (2019) Kat:3, Licht: 0,181772,3,3,5,09,13,3,0,0,1,1,0,0,0,0
"POINT (8.512089809000031 49.522900493000066)",Unfall 181773 (2019) Kat:3, Licht: 0,181773,3,5,1,09,15,3,0,0,1,1,0,0,0,0
"POINT (8.485264763000032 49.530172145000051)",Unfall 181774 (2019) Kat:3, Licht: 0,181774,3,6,3,09,10,3,0,0,0,1,0,0,1,0
"POINT (8.482785165000053 49.513353419000055)",Unfall 181775 (2019) Kat:3, Licht: 0,181775,3,2,5,09,14,3,0,0,0,1,0,0,0,0
"POINT (8.494258866000052 49.507766452000055)",Unfall 181813 (2019) Kat:3, Licht: 0,181813,3,3,5,09,17,2,0,0,1,1,0,0,0,0
"POINT (8.471854459000042 49.482120872000053)",Unfall 181866 (2019) Kat:3, Licht: 2,181866,3,1,0,09,02,7,0,2,0,0,0,0,0,1
"POINT (8.476712157000065 49.497171501000025)",Unfall 181867 (2019) Kat:3, Licht: 2,181867,3,4,6,09,21,7,1,2,0,1,1,1,0,0
"POINT (8.569126013000073 49.460879824000074)",Unfall 181869 (2019) Kat:2, Licht: 0,181869,2,7,1,09,13,7,1,0,0,1,0,0,0,1
"POINT (8.467782564000061 49.486113007000029)",Unfall 181897 (2019) Kat:3, Licht: 0,181897,3,7,0,09,18,6,0,0,0,0,0,1,0,0
"POINT (8.546654946000047 49.514457062000076)",Unfall 181898 (2019) Kat:3, Licht: 0,181898,3,6,1,09,17,6,0,0,0,1,0,0,0,0
"POINT (8.478028743000039 49.499465335000082)",Unfall 181940 (2019) Kat:3, Licht: 0,181940,3,5,5,09,17,3,0,0,1,0,0,0,0,1
"POINT (8.486419959000045 49.496628179000027)",Unfall 181942 (2019) Kat:3, Licht: 0,181942,3,7,1,09,09,3,0,0,0,1,0,1,0,0
"POINT (8.469275531000051 49.493582011000058)",Unfall 181943 (2019) Kat:3, Licht: 0,181943,3,2,3,09,16,3,0,0,1,0,0,0,0,1
"POINT (8.492432957000062 49.481762101000072)",Unfall 181944 (2019) Kat:2, Licht: 0,181944,2,3,5,09,13,3,0,0,0,1,0,0,0,0
"POINT (8.481066461000069 49.547023010000032)",Unfall 182006 (2019) Kat:3, Licht: 0,182006,3,6,1,09,17,2,0,0,0,1,0,0,0,0
"POINT (8.447985734000042 49.542903632000048)",Unfall 182083 (2019) Kat:3, Licht: 0,182083,3,6,6,09,18,7,0,0,1,0,1,0,0,0
"POINT (8.456752309000024 49.516511906000062)",Unfall 182084 (2019) Kat:3, Licht: 0,182084,3,5,5,09,10,7,0,0,0,1,0,1,0,0
"POINT (8.471618798000066 49.492696667000075)",Unfall 182085 (2019) Kat:2, Licht: 0,182085,2,3,5,09,12,7,0,0,1,0,0,1,0,0
"POINT (8.467667878000043 49.499236259000043)",Unfall 182086 (2019) Kat:3, Licht: 2,182086,3,7,1,09,22,7,0,2,0,1,0,0,0,0
"POINT (8.474401071000045 49.480972728000040)",Unfall 182194 (2019) Kat:3, Licht: 2,182194,3,7,0,09,00,1,0,2,1,0,0,0,0,0
"POINT (8.480186218000029 49.509035462000043)",Unfall 182288 (2019) Kat:3, Licht: 0,182288,3,6,2,09,15,6,0,0,0,1,0,0,0,0
"POINT (8.471255649000057 49.510910706000061)",Unfall 182289 (2019) Kat:3, Licht: 0,182289,3,7,6,09,17,6,0,0,1,0,1,0,0,0
"POINT (8.525385640000025 49.492019912000046)",Unfall 182291 (2019) Kat:3, Licht: 0,182291,3,3,5,09,07,6,0,0,0,1,0,1,0,0
"POINT (8.470804114000032 49.492878435000080)",Unfall 182292 (2019) Kat:3, Licht: 0,182292,3,6,1,09,13,6,0,0,0,1,0,1,0,0
"POINT (8.498328280000067 49.450686252000025)",Unfall 182340 (2019) Kat:3, Licht: 0,182340,3,6,3,09,12,5,0,0,0,1,0,1,0,0
"POINT (8.472307143000023 49.469129048000070)",Unfall 182341 (2019) Kat:3, Licht: 0,182341,3,6,2,09,16,5,0,0,0,1,0,0,0,0
"POINT (8.478510590000042 49.460277708000035)",Unfall 182394 (2019) Kat:3, Licht: 0,182394,3,3,5,09,09,4,0,0,1,1,0,0,0,0
"POINT (8.520668514000022 49.447228576000043)",Unfall 182421 (2019) Kat:3, Licht: 0,182421,3,6,3,09,11,2,0,0,1,1,0,0,0,0
"POINT (8.501936511000054 49.503791140000033)",Unfall 182498 (2019) Kat:3, Licht: 2,182498,3,7,1,09,22,7,0,2,0,1,0,1,0,0
"POINT (8.510397489000070 49.446633398000074)",Unfall 182499 (2019) Kat:3, Licht: 0,182499,3,3,5,09,13,7,0,0,1,1,0,0,0,0
"POINT (8.502921037000021 49.475129078000066)",Unfall 182531 (2019) Kat:3, Licht: 0,182531,3,3,5,09,18,6,0,0,0,1,0,0,0,0
"POINT (8.467867278000028 49.491038574000072)",Unfall 182532 (2019) Kat:3, Licht: 0,182532,3,3,5,09,11,6,0,0,1,1,0,0,0,0
"POINT (8.482060767000064 49.453790065000078)",Unfall 182533 (2019) Kat:3, Licht: 0,182533,3,6,2,09,17,6,0,0,0,1,0,0,0,0
"POINT (8.456740432000061 49.492267141000070)",Unfall 182534 (2019) Kat:3, Licht: 0,182534,3,2,6,09,13,6,1,0,0,1,1,0,0,0
"POINT (8.569223563000037 49.442400339000073)",Unfall 182582 (2019) Kat:3, Licht: 1,182582,3,2,0,09,06,5,1,1,0,0,0,1,0,0
"POINT (8.490757549000023 49.460781342000075)",Unfall 182611 (2019) Kat:3, Licht: 1,182611,3,4,6,09,07,4,0,1,0,0,1,0,0,1
"POINT (8.523911229000021 49.421488033000060)",Unfall 182612 (2019) Kat:3, Licht: 0,182612,3,7,0,09,12,4,1,0,1,0,0,0,0,0
"POINT (8.481066461000069 49.547023010000032)",Unfall 182649 (2019) Kat:3, Licht: 0,182649,3,2,5,09,17,3,0,0,0,1,0,0,0,0
"POINT (8.506953424000074 49.464882111000065)",Unfall 182650 (2019) Kat:3, Licht: 0,182650,3,3,5,09,09,3,0,0,1,1,0,0,0,0
"POINT (8.514729854000052 49.514558970000053)",Unfall 182651 (2019) Kat:3, Licht: 0,182651,3,4,6,09,15,3,0,0,1,0,1,0,0,0
"POINT (8.481777395000052 49.487023669000052)",Unfall 182687 (2019) Kat:3, Licht: 0,182687,3,6,1,10,11,3,1,0,0,1,0,0,0,0
"POINT (8.462842544000068 49.485608304000039)",Unfall 182688 (2019) Kat:3, Licht: 2,182688,3,3,5,10,05,3,1,2,1,1,0,0,0,0
"POINT (8.457539311000062 49.549286237000047)",Unfall 182732 (2019) Kat:3, Licht: 1,182732,3,5,5,10,17,2,0,1,0,1,0,0,0,0
"POINT (8.469533729000034 49.472098360000075)",Unfall 182733 (2019) Kat:3, Licht: 0,182733,3,5,1,10,12,2,0,0,1,1,0,0,0,0
"POINT (8.508697621000067 49.513918069000056)",Unfall 182734 (2019) Kat:3, Licht: 0,182734,3,6,1,10,14,2,0,0,0,1,0,0,0,0
"POINT (8.548167905000071 49.499699570000075)",Unfall 182735 (2019) Kat:2, Licht: 0,182735,2,2,6,10,13,2,0,0,0,1,1,0,0,0
"POINT (8.492166814000029 49.506768233000059)",Unfall 182770 (2019) Kat:3, Licht: 2,182770,3,1,5,10,00,1,0,2,0,1,0,0,0,0
"POINT (8.465739628000051 49.488772243000028)",Unfall 182797 (2019) Kat:3, Licht: 1,182797,3,4,0,10,19,7,0,1,0,1,1,0,0,0
"POINT (8.472916079000072 49.495139954000081)",Unfall 182817 (2019) Kat:3, Licht: 0,182817,3,6,3,10,11,6,1,0,0,1,0,1,0,0
"POINT (8.484295985000074 49.480818187000068)",Unfall 182818 (2019) Kat:2, Licht: 2,182818,2,6,1,10,19,6,1,2,0,1,0,0,0,0
"POINT (8.466415654000059 49.487678859000027)",Unfall 182820 (2019) Kat:3, Licht: 2,182820,3,7,6,10,20,6,1,2,0,0,1,0,0,1
"POINT (8.579320905000031 49.431633304000059)",Unfall 182878 (2019) Kat:3, Licht: 0,182878,3,6,6,10,18,4,0,0,0,1,1,0,0,0
"POINT (8.482074840000053 49.478815190000034)",Unfall 182879 (2019) Kat:3, Licht: 0,182879,3,1,0,10,17,4,0,0,1,0,0,0,0,0
"POINT (8.476480917000060 49.474341286000026)",Unfall 182880 (2019) Kat:3, Licht: 0,182880,3,3,5,10,13,4,0,0,0,1,0,1,0,0
"POINT (8.519745309000030 49.516199673000074)",Unfall 182881 (2019) Kat:3, Licht: 0,182881,3,6,1,10,15,4,0,0,0,1,0,0,0,0
"POINT (8.492230253000059 49.458698544000072)",Unfall 182930 (2019) Kat:3, Licht: 0,182930,3,3,5,10,15,3,0,0,1,1,0,0,0,0
"POINT (8.462678369000059 49.490080454000065)",Unfall 183002 (2019) Kat:3, Licht: 0,183002,3,3,5,10,11,2,0,0,0,1,0,0,0,0
"POINT (8.467937299000028 49.529519189000041)",Unfall 183023 (2019) Kat:3, Licht: 0,183023,3,7,0,10,13,7,0,0,1,0,0,0,0,0
"POINT (8.472721184000022 49.536610119000045)",Unfall 183025 (2019) Kat:2, Licht: 0,183025,2,5,3,10,17,7,0,0,0,1,0,0,0,1
"POINT (8.493767248000040 49.511723227000061)",Unfall 183078 (2019) Kat:3, Licht: 2,183078,3,2,5,10,05,6,0,2,0,1,0,1,0,0
"POINT (8.538471622000031 49.482951831000037)",Unfall 183079 (2019) Kat:3, Licht: 0,183079,3,3,5,10,13,6,0,0,1,1,0,0,0,0
"POINT (8.470093694000070 49.493482708000045)",Unfall 183080 (2019) Kat:3, Licht: 2,183080,3,3,5,10,06,6,0,2,1,0,0,0,0,1
"POINT (8.472587780000026 49.499639730000069)",Unfall 183130 (2019) Kat:3, Licht: 2,183130,3,5,1,10,21,5,1,2,1,1,0,0,0,0
"POINT (8.468459407000069 49.475954624000053)",Unfall 183131 (2019) Kat:3, Licht: 1,183131,3,3,5,10,07,5,1,1,1,1,0,0,0,0
"POINT (8.482111712000062 49.481685659000050)",Unfall 183189 (2019) Kat:3, Licht: 2,183189,3,6,2,10,20,4,1,2,0,1,0,0,0,0
"POINT (8.493693424000071 49.511781140000039)",Unfall 183252 (2019) Kat:2, Licht: 2,183252,2,2,5,10,05,4,1,2,0,1,0,1,0,0
"POINT (8.469838981000066 49.505720496000038)",Unfall 183259 (2019) Kat:3, Licht: 0,183259,3,2,5,10,17,6,1,0,1,1,0,0,0,0
"POINT (8.467198075000056 49.470118350000064)",Unfall 183264 (2019) Kat:3, Licht: 0,183264,3,3,5,10,13,6,1,0,0,1,0,0,0,0
"POINT (8.462759298000037 49.499201269000082)",Unfall 183291 (2019) Kat:3, Licht: 2,183291,3,6,0,10,19,3,1,2,1,0,0,0,0,1
"POINT (8.492468370000040 49.452992252000058)",Unfall 183295 (2019) Kat:3, Licht: 0,183295,3,1,0,10,08,5,1,0,0,0,0,1,0,0
"POINT (8.468900193000025 49.491938287000039)",Unfall 183308 (2019) Kat:3, Licht: 0,183308,3,2,3,10,09,4,0,0,1,1,0,0,0,0
"POINT (8.467091105000066 49.487408037000080)",Unfall 183350 (2019) Kat:3, Licht: 2,183350,3,7,6,10,22,5,1,2,0,1,1,0,0,0
"POINT (8.465988218000064 49.486805264000054)",Unfall 183373 (2019) Kat:3, Licht: 0,183373,3,4,6,10,15,6,0,0,0,1,1,0,0,0
"POINT (8.448891046000028 49.505555938000043)",Unfall 183392 (2019) Kat:3, Licht: 0,183392,3,6,4,10,17,5,1,0,0,1,0,0,0,0
"POINT (8.463923074000036 49.488647205000063)",Unfall 183406 (2019) Kat:3, Licht: 0,183406,3,7,4,10,12,3,0,0,0,1,0,0,0,0
"POINT (8.527919915000041 49.514191388000029)",Unfall 183422 (2019) Kat:3, Licht: 0,183422,3,6,6,10,08,4,0,0,1,0,1,0,0,0
"POINT (8.538247251000030 49.455476900000065)",Unfall 183432 (2019) Kat:3, Licht: 2,183432,3,6,2,10,20,6,0,2,1,1,0,0,0,0
"POINT (8.506416575000060 49.508565738000073)",Unfall 183462 (2019) Kat:3, Licht: 0,183462,3,3,5,10,10,5,0,0,1,1,0,0,0,0
"POINT (8.494804920000036 49.453758273000062)",Unfall 183484 (2019) Kat:2, Licht: 0,183484,2,3,1,10,12,6,0,0,1,0,0,0,0,0
"POINT (8.456858098000055 49.490468644000032)",Unfall 183534 (2019) Kat:3, Licht: 0,183534,3,6,1,10,11,6,0,0,0,1,0,0,0,1
"POINT (8.454344660000061 49.495740170000033)",Unfall 183535 (2019) Kat:3, Licht: 0,183535,3,6,2,10,13,6,0,0,0,0,0,0,1,1
"POINT (8.564339914000072 49.466312630000061)",Unfall 183568 (2019) Kat:3, Licht: 0,183568,3,6,2,10,14,5,0,0,0,1,0,0,0,0
"POINT (8.489888388000054 49.474682019000056)",Unfall 183603 (2019) Kat:3, Licht: 0,183603,3,5,1,10,08,4,0,0,1,1,0,0,0,0
"POINT (8.485114361000058 49.524308501000064)",Unfall 183651 (2019) Kat:3, Licht: 0,183651,3,5,1,10,10,3,0,0,1,1,0,0,0,0
"POINT (8.471225768000068 49.500165208000055)",Unfall 183652 (2019) Kat:3, Licht: 0,183652,3,2,3,10,08,3,0,0,1,0,0,0,0,1
"POINT (8.524347798000065 49.440172677000078)",Unfall 183653 (2019) Kat:2, Licht: 0,183653,2,2,5,10,10,3,0,0,1,1,0,0,0,0
"POINT (8.453082739000024 49.510850479000055)",Unfall 183654 (2019) Kat:2, Licht: 0,183654,2,1,0,10,13,3,0,0,0,0,0,1,0,0
"POINT (8.471492787000045 49.487536560000080)",Unfall 183696 (2019) Kat:3, Licht: 1,183696,3,3,5,10,18,3,0,1,0,1,0,0,0,0
"POINT (8.474814643000059 49.483403480000050)",Unfall 183722 (2019) Kat:3, Licht: 0,183722,3,7,0,10,15,2,0,0,0,0,0,1,0,0
"POINT (8.471161472000063 49.474032098000066)",Unfall 183723 (2019) Kat:3, Licht: 0,183723,3,3,5,10,11,2,0,0,1,1,0,0,0,0
"POINT (8.462692050000044 49.493913474000067)",Unfall 183724 (2019) Kat:3, Licht: 0,183724,3,6,1,10,15,2,0,0,0,1,0,0,0,0
"POINT (8.465934141000048 49.491169067000044)",Unfall 183726 (2019) Kat:3, Licht: 2,183726,3,5,1,10,20,2,0,2,0,1,0,0,0,0
"POINT (8.470610597000075 49.500934186000052)",Unfall 183742 (2019) Kat:3, Licht: 0,183742,3,4,6,11,11,7,0,0,0,1,1,0,0,0
"POINT (8.455185710000023 49.524146190000067)",Unfall 183752 (2019) Kat:3, Licht: 0,183752,3,1,4,11,13,7,1,0,0,1,0,0,0,0
"POINT (8.461467214000038 49.482739274000039)",Unfall 183764 (2019) Kat:2, Licht: 0,183764,2,4,6,11,15,7,0,0,0,0,1,0,0,1
"POINT (8.471559469000056 49.493670423000026)",Unfall 183783 (2019) Kat:3, Licht: 2,183783,3,7,9,11,23,6,1,2,0,1,0,0,0,1
"POINT (8.462277301000029 49.492193111000063)",Unfall 183803 (2019) Kat:2, Licht: 1,183803,2,6,2,10,17,5,0,1,0,1,0,1,0,0
"POINT (8.469397944000036 49.487358574000041)",Unfall 183804 (2019) Kat:2, Licht: 0,183804,2,1,0,10,11,5,0,0,1,0,0,0,0,0
"POINT (8.494524129000070 49.454971016000059)",Unfall 183842 (2019) Kat:3, Licht: 0,183842,3,3,5,10,13,4,0,0,0,1,0,1,0,0
"POINT (8.513112184000022 49.478436388000034)",Unfall 183881 (2019) Kat:3, Licht: 2,183881,3,3,5,10,18,3,0,2,0,1,0,1,0,0
"POINT (8.456936819000021 49.493308107000075)",Unfall 183882 (2019) Kat:3, Licht: 0,183882,3,2,3,10,15,3,0,0,0,1,0,1,0,0
"POINT (8.496292804000063 49.502080592000027)",Unfall 183917 (2019) Kat:3, Licht: 2,183917,3,1,0,10,18,2,0,2,0,0,0,1,0,0
"POINT (8.463767446000077 49.485136710000063)",Unfall 183918 (2019) Kat:3, Licht: 1,183918,3,4,6,10,18,2,0,1,0,1,1,0,0,0
"POINT (8.467400857000030 49.490326475000074)",Unfall 183919 (2019) Kat:3, Licht: 0,183919,3,5,1,10,15,2,0,0,1,1,0,0,0,0
"POINT (8.495981825000058 49.499252006000063)",Unfall 183949 (2019) Kat:3, Licht: 0,183949,3,2,5,10,14,1,0,0,1,1,0,0,0,0
"POINT (8.458151647000022 49.504386379000039)",Unfall 183986 (2019) Kat:2, Licht: 0,183986,2,2,4,10,13,7,0,0,0,1,0,0,0,0
"POINT (8.513850845000036 49.450865542000031)",Unfall 183998 (2019) Kat:3, Licht: 0,183998,3,3,5,11,15,7,0,0,0,1,0,0,0,1
"POINT (8.506712315000073 49.514166204000048)",Unfall 184036 (2019) Kat:3, Licht: 2,184036,3,7,4,11,17,6,1,2,0,1,0,0,0,0
"POINT (8.469775229000049 49.471465167000076)",Unfall 184037 (2019) Kat:3, Licht: 0,184037,3,6,3,11,15,6,1,0,1,0,0,0,0,0
"POINT (8.539924219000056 49.463749108000059)",Unfall 184070 (2019) Kat:3, Licht: 0,184070,3,6,3,11,10,5,1,0,0,1,0,0,0,1
"POINT (8.479090749000022 49.490970496000045)",Unfall 184076 (2019) Kat:3, Licht: 0,184076,3,6,1,11,12,5,1,0,0,1,0,0,0,0
"POINT (8.511112807000075 49.518557276000081)",Unfall 184077 (2019) Kat:3, Licht: 2,184077,3,6,1,11,18,5,1,2,0,1,0,0,0,0
"POINT (8.470061111000064 49.493159527000046)",Unfall 184078 (2019) Kat:3, Licht: 2,184078,3,7,0,11,19,5,0,2,1,0,0,0,0,0
"POINT (8.485249475000046 49.476681495000037)",Unfall 184080 (2019) Kat:3, Licht: 0,184080,3,4,6,11,08,5,0,0,0,0,1,0,0,1
"POINT (8.493136380000067 49.499527189000048)",Unfall 184081 (2019) Kat:3, Licht: 1,184081,3,3,5,11,06,5,0,1,0,1,0,1,0,0
"POINT (8.459916717000056 49.518583841000066)",Unfall 184116 (2019) Kat:3, Licht: 0,184116,3,7,0,11,11,4,0,0,1,0,0,0,0,0
"POINT (8.456743063000033 49.492281078000076)",Unfall 184117 (2019) Kat:3, Licht: 0,184117,3,2,5,11,07,4,1,0,0,1,0,1,0,0
"POINT (8.474514755000030 49.484484471000030)",Unfall 184118 (2019) Kat:3, Licht: 2,184118,3,6,3,11,18,4,0,2,1,1,0,0,0,0
"POINT (8.482207835000054 49.523489120000079)",Unfall 184164 (2019) Kat:3, Licht: 2,184164,3,7,0,11,06,3,1,2,0,0,0,1,0,1
"POINT (8.476024965000022 49.473536233000061)",Unfall 184165 (2019) Kat:3, Licht: 1,184165,3,2,5,11,17,3,0,1,0,1,0,0,0,0
"POINT (8.479547910000065 49.455237243000056)",Unfall 184166 (2019) Kat:3, Licht: 0,184166,3,7,6,11,15,3,0,0,0,1,1,0,0,0
"POINT (8.457967383000039 49.498221616000080)",Unfall 184167 (2019) Kat:3, Licht: 0,184167,3,3,5,11,16,3,0,0,0,1,0,1,0,0
"POINT (8.491109309000024 49.476926426000034)",Unfall 184211 (2019) Kat:3, Licht: 0,184211,3,2,5,11,10,2,1,0,0,1,0,0,0,0
"POINT (8.481075580000038 49.456817871000055)",Unfall 184212 (2019) Kat:2, Licht: 0,184212,2,3,5,11,10,2,1,0,1,1,0,0,0,0
"POINT (8.508448783000063 49.513340098000072)",Unfall 184213 (2019) Kat:3, Licht: 0,184213,3,6,2,11,14,2,1,0,0,1,0,1,0,0
"POINT (8.571076265000045 49.442518775000053)",Unfall 184247 (2019) Kat:3, Licht: 1,184247,3,6,2,11,17,1,1,1,0,1,0,0,0,0
"POINT (8.579359728000043 49.439987655000039)",Unfall 184248 (2019) Kat:3, Licht: 0,184248,3,3,5,11,08,1,1,0,0,1,0,0,0,0
"POINT (8.507158830000037 49.517785187000072)",Unfall 184249 (2019) Kat:2, Licht: 0,184249,2,3,2,11,10,1,0,0,0,1,0,1,0,0
"POINT (8.466854411000043 49.499540391000039)",Unfall 184258 (2019) Kat:3, Licht: 2,184258,3,2,6,11,02,1,0,2,0,1,1,0,0,0
"POINT (8.524925379000024 49.520464435000065)",Unfall 184259 (2019) Kat:3, Licht: 2,184259,3,7,8,11,05,1,0,2,0,1,0,0,0,0
"POINT (8.480512622000049 49.489872781000031)",Unfall 184319 (2019) Kat:3, Licht: 0,184319,3,6,2,11,09,6,1,0,0,1,0,1,0,0
"POINT (8.476309795000077 49.503919962000055)",Unfall 184353 (2019) Kat:2, Licht: 0,184353,2,4,6,11,10,5,0,0,0,1,1,0,0,0
"POINT (8.475663445000066 49.473556915000074)",Unfall 184389 (2019) Kat:3, Licht: 0,184389,3,2,4,11,14,4,0,0,1,1,0,0,0,0
"POINT (8.509502585000064 49.445920327000067)",Unfall 184390 (2019) Kat:3, Licht: 0,184390,3,3,5,11,08,4,1,0,0,1,0,0,0,0
"POINT (8.487491153000065 49.464577815000041)",Unfall 184391 (2019) Kat:3, Licht: 2,184391,3,5,5,11,06,4,0,2,1,1,0,0,0,0
"POINT (8.469675491000032 49.482948953000061)",Unfall 184392 (2019) Kat:3, Licht: 0,184392,3,7,0,11,08,4,0,0,0,0,1,0,0,1
"POINT (8.453211514000032 49.543826086000081)",Unfall 184433 (2019) Kat:3, Licht: 2,184433,3,6,2,11,17,3,1,2,0,1,0,0,0,0
"POINT (8.507192269000029 49.505159463000041)",Unfall 184434 (2019) Kat:3, Licht: 0,184434,3,2,6,11,07,3,0,0,0,1,1,0,0,0
"POINT (8.453495823000026 49.536050467000052)",Unfall 184463 (2019) Kat:3, Licht: 2,184463,3,2,2,11,06,2,1,2,1,1,0,0,0,0
"POINT (8.464588665000065 49.489227126000060)",Unfall 184484 (2019) Kat:3, Licht: 0,184484,3,7,3,11,13,1,0,0,1,1,0,0,0,1
"POINT (8.500164973000040 49.501532973000053)",Unfall 184516 (2019) Kat:3, Licht: 0,184516,3,6,2,11,13,3,1,0,0,1,0,0,0,0
"POINT (8.454573219000054 49.499552453000035)",Unfall 184545 (2019) Kat:3, Licht: 1,184545,3,2,5,11,16,2,1,1,0,1,0,0,0,0
"POINT (8.500799711000070 49.505148619000067)",Unfall 184580 (2019) Kat:3, Licht: 2,184580,3,1,8,11,00,7,0,2,0,1,0,0,0,0
"POINT (8.499863828000059 49.501370931000054)",Unfall 184642 (2019) Kat:3, Licht: 2,184642,3,6,2,11,17,5,0,2,0,1,0,0,0,0
"POINT (8.490689121000060 49.522277712000061)",Unfall 184674 (2019) Kat:3, Licht: 0,184674,3,3,5,11,14,4,0,0,1,1,0,0,0,0
"POINT (8.469856462000053 49.493562891000067)",Unfall 184675 (2019) Kat:3, Licht: 0,184675,3,6,3,11,08,4,0,0,0,0,0,1,0,1
"POINT (8.488788719000070 49.528763817000026)",Unfall 184718 (2019) Kat:3, Licht: 2,184718,3,4,6,11,19,3,0,2,0,1,1,0,0,0
"POINT (8.477620942000044 49.484305485000050)",Unfall 184719 (2019) Kat:3, Licht: 2,184719,3,3,5,11,06,3,0,2,1,1,0,0,0,0
"POINT (8.519616166000049 49.421432464000077)",Unfall 184720 (2019) Kat:3, Licht: 1,184720,3,3,5,11,17,3,0,1,0,0,0,0,1,0
"POINT (8.481608193000056 49.531634101000066)",Unfall 184721 (2019) Kat:3, Licht: 0,184721,3,6,2,11,14,3,0,0,0,1,0,0,0,0
"POINT (8.471456421000028 49.493308128000081)",Unfall 184765 (2019) Kat:3, Licht: 0,184765,3,3,5,11,14,2,0,0,0,1,0,0,0,1
"POINT (8.528392905000032 49.507507012000076)",Unfall 184766 (2019) Kat:3, Licht: 2,184766,3,6,1,11,18,2,0,2,0,1,0,0,0,0
"POINT (8.509860130000050 49.517008602000033)",Unfall 184767 (2019) Kat:2, Licht: 0,184767,2,7,8,11,07,2,0,0,0,1,0,0,0,1
"POINT (8.481685315000050 49.455858481000064)",Unfall 184768 (2019) Kat:1, Licht: 0,184768,1,3,5,11,13,2,0,0,1,0,0,0,0,1
"POINT (8.534057879000045 49.473633028000052)",Unfall 184804 (2019) Kat:3, Licht: 0,184804,3,3,5,12,10,3,0,0,0,1,0,1,0,0
"POINT (8.524364246000062 49.439999911000029)",Unfall 184805 (2019) Kat:3, Licht: 2,184805,3,3,5,12,06,3,1,2,0,1,0,0,0,0
"POINT (8.500241605000042 49.530300126000043)",Unfall 184807 (2019) Kat:2, Licht: 0,184807,2,4,0,12,15,3,0,0,0,1,1,0,0,0
"POINT (8.507221710000067 49.505254123000043)",Unfall 184808 (2019) Kat:3, Licht: 1,184808,3,4,0,12,07,3,1,1,0,0,1,0,0,1
"POINT (8.480739374000052 49.489292398000032)",Unfall 184847 (2019) Kat:2, Licht: 2,184847,2,1,8,12,23,2,1,2,0,0,0,1,0,0
"POINT (8.492996796000057 49.499453633000030)",Unfall 184848 (2019) Kat:3, Licht: 2,184848,3,3,5,12,06,2,0,2,0,1,0,0,0,1
"POINT (8.459475347000023 49.492350030000068)",Unfall 184849 (2019) Kat:3, Licht: 2,184849,3,6,1,12,21,2,1,2,0,1,0,0,0,0
"POINT (8.463682483000071 49.485271882000063)",Unfall 184850 (2019) Kat:2, Licht: 2,184850,2,3,5,12,17,2,0,2,0,1,1,0,0,1
"POINT (8.494096926000054 49.453650049000032)",Unfall 184870 (2019) Kat:3, Licht: 2,184870,3,6,2,12,18,1,0,2,0,1,0,0,0,0
"POINT (8.478514657000062 49.460278597000070)",Unfall 184871 (2019) Kat:3, Licht: 0,184871,3,3,5,12,10,1,0,0,1,1,0,0,0,0
"POINT (8.495685856000023 49.533374681000055)",Unfall 184920 (2019) Kat:3, Licht: 0,184920,3,1,0,11,09,6,1,0,1,0,0,0,0,0
"POINT (8.475299650000068 49.546809614000040)",Unfall 184921 (2019) Kat:3, Licht: 0,184921,3,3,5,11,11,6,0,0,1,1,0,0,0,0
"POINT (8.471731678000026 49.483296737000046)",Unfall 184922 (2019) Kat:3, Licht: 0,184922,3,7,6,11,16,6,0,0,0,1,1,0,0,0
"POINT (8.504877457000021 49.457120622000048)",Unfall 184923 (2019) Kat:3, Licht: 0,184923,3,7,0,11,15,6,0,0,0,1,0,0,0,0
"POINT (8.484168988000022 49.498824023000054)",Unfall 184924 (2019) Kat:3, Licht: 2,184924,3,3,5,11,22,6,0,2,0,1,0,0,0,0
"POINT (8.477629941000032 49.478322661000050)",Unfall 184925 (2019) Kat:3, Licht: 2,184925,3,1,0,11,19,6,1,2,1,1,0,0,0,0
"POINT (8.495107528000062 49.453509369000074)",Unfall 184926 (2019) Kat:3, Licht: 0,184926,3,6,2,11,13,6,1,0,0,1,0,0,0,1
"POINT (8.507115687000066 49.505187386000046)",Unfall 184927 (2019) Kat:3, Licht: 2,184927,3,2,4,11,06,6,1,2,0,1,0,0,0,1
"POINT (8.473689491000073 49.483825198000034)",Unfall 184968 (2019) Kat:3, Licht: 2,184968,3,4,6,11,17,5,0,2,0,1,1,0,0,0
"POINT (8.507394574000045 49.441784008000070)",Unfall 184969 (2019) Kat:3, Licht: 0,184969,3,3,5,11,15,5,0,0,1,0,0,0,1,0
"POINT (8.514040571000066 49.509014064000041)",Unfall 184970 (2019) Kat:3, Licht: 0,184970,3,7,6,11,14,5,0,0,0,1,1,0,0,0
"POINT (8.482067179000069 49.480347932000029)",Unfall 185009 (2019) Kat:3, Licht: 1,185009,3,3,5,11,16,4,1,1,1,1,0,0,0,0
"POINT (8.497362172000067 49.497715142000061)",Unfall 185010 (2019) Kat:3, Licht: 0,185010,3,2,4,11,13,4,0,0,0,1,0,0,0,0
"POINT (8.510403920000044 49.446630174000063)",Unfall 185011 (2019) Kat:3, Licht: 2,185011,3,3,5,11,17,4,1,2,0,1,0,0,0,0
"POINT (8.511133554000026 49.455790156000035)",Unfall 185012 (2019) Kat:3, Licht: 0,185012,3,6,3,11,07,4,1,0,0,1,0,0,1,0
"POINT (8.492130410000073 49.453014725000060)",Unfall 185013 (2019) Kat:3, Licht: 0,185013,3,1,8,11,12,4,1,0,0,0,0,0,0,1
"POINT (8.468422508000060 49.490172146000077)",Unfall 185014 (2019) Kat:3, Licht: 2,185014,3,6,2,11,05,4,1,2,0,1,0,0,0,1
"POINT (8.496784207000076 49.525753097000063)",Unfall 185065 (2019) Kat:3, Licht: 0,185065,3,2,5,12,11,3,0,0,1,1,0,0,0,0
"POINT (8.479896341000028 49.484354730000064)",Unfall 185066 (2019) Kat:2, Licht: 0,185066,2,3,5,12,12,3,1,0,1,1,0,0,0,0
"POINT (8.479688377000059 49.482707030000029)",Unfall 185067 (2019) Kat:3, Licht: 0,185067,3,6,2,12,15,3,0,0,1,1,0,0,0,0
"POINT (8.507860938000022 49.512298757000053)",Unfall 185068 (2019) Kat:3, Licht: 0,185068,3,3,5,12,15,3,0,0,1,1,0,0,0,0
"POINT (8.475917593000077 49.488073602000043)",Unfall 185069 (2019) Kat:3, Licht: 0,185069,3,4,6,12,12,3,0,0,0,1,1,0,0,0
"POINT (8.552543432000050 49.510109057000079)",Unfall 185115 (2019) Kat:3, Licht: 0,185115,3,3,5,12,10,2,0,0,1,1,0,0,0,0
"POINT (8.472806155000058 49.486050807000026)",Unfall 185116 (2019) Kat:3, Licht: 0,185116,3,6,3,12,10,2,1,0,1,1,0,0,0,0
"POINT (8.503051657000071 49.494999046000032)",Unfall 185117 (2019) Kat:3, Licht: 0,185117,3,5,5,12,16,2,1,0,0,1,0,0,0,0
"POINT (8.474049838000042 49.546692074000077)",Unfall 185174 (2019) Kat:3, Licht: 2,185174,3,6,2,12,20,7,0,2,0,1,0,0,0,1
"POINT (8.472123204000070 49.504427769000074)",Unfall 185175 (2019) Kat:3, Licht: 2,185175,3,4,6,12,16,7,1,2,0,1,1,0,0,0
"POINT (8.476257032000035 49.484730755000044)",Unfall 185216 (2019) Kat:3, Licht: 0,185216,3,4,6,12,15,6,0,0,0,1,1,0,0,0
"POINT (8.475058308000030 49.490641257000050)",Unfall 185305 (2019) Kat:3, Licht: 2,185305,3,2,3,12,22,4,0,2,1,1,0,0,0,0
"POINT (8.484123987000032 49.496311716000037)",Unfall 185345 (2019) Kat:3, Licht: 1,185345,3,3,5,12,07,3,0,1,0,1,0,0,0,0
"POINT (8.511102169000026 49.518544196000050)",Unfall 185388 (2019) Kat:3, Licht: 1,185388,3,6,2,12,16,2,0,1,0,1,0,0,0,0
"POINT (8.449501378000036 49.505060421000053)",Unfall 185389 (2019) Kat:3, Licht: 0,185389,3,3,3,12,16,2,0,0,1,0,0,0,0,1
"POINT (8.487735327000053 49.479493802000036)",Unfall 185392 (2019) Kat:3, Licht: 0,185392,3,3,5,12,15,4,0,0,1,1,0,0,0,0
"POINT (8.468392990000041 49.491383294000059)",Unfall 185438 (2019) Kat:3, Licht: 2,185438,3,5,1,12,18,7,0,2,1,1,0,0,0,0
"POINT (8.469151236000073 49.498423982000077)",Unfall 185439 (2019) Kat:3, Licht: 2,185439,3,3,5,12,21,7,0,2,0,1,0,0,0,0
"POINT (8.480316332000029 49.495150833000082)",Unfall 185470 (2019) Kat:3, Licht: 0,185470,3,3,5,12,10,6,1,0,0,1,0,0,0,0
"POINT (8.552645012000028 49.500596471000051)",Unfall 185471 (2019) Kat:3, Licht: 1,185471,3,6,3,12,08,6,1,1,1,1,0,0,0,0
"POINT (8.473600947000023 49.484814759000074)",Unfall 185512 (2019) Kat:3, Licht: 0,185512,3,1,6,12,11,4,0,0,0,0,1,0,0,1
"POINT (8.488989647000039 49.495519091000062)",Unfall 185527 (2019) Kat:3, Licht: 0,185527,3,1,0,12,11,5,1,0,1,0,0,0,0,0
"POINT (8.490498593000041 49.460804364000069)",Unfall 185528 (2019) Kat:3, Licht: 2,185528,3,2,6,12,19,5,1,2,0,1,1,0,0,0
"POINT (8.500788200000045 49.474447409000049)",Unfall 185529 (2019) Kat:3, Licht: 0,185529,3,6,2,12,09,5,1,0,0,1,0,0,0,0
"POINT (8.487467662000029 49.484864587000061)",Unfall 185562 (2019) Kat:3, Licht: 2,185562,3,3,5,12,02,4,0,2,0,1,0,0,0,0
"POINT (8.462727118000032 49.489074094000046)",Unfall 185564 (2019) Kat:3, Licht: 2,185564,3,4,6,12,17,4,1,2,0,0,1,0,0,1
"POINT (8.483964422000042 49.480948879000039)",Unfall 185617 (2019) Kat:3, Licht: 0,185617,3,3,5,12,11,2,0,0,0,1,0,0,0,0
"POINT (8.519737913000029 49.447405025000080)",Unfall 185618 (2019) Kat:3, Licht: 2,185618,3,2,6,12,22,2,1,2,0,1,1,0,0,0
"POINT (8.498325587000068 49.450454697000055)",Unfall 185619 (2019) Kat:3, Licht: 2,185619,3,6,1,12,20,2,0,2,0,1,0,0,0,0
"POINT (8.463752251000074 49.487590312000066)",Unfall 185669 (2019) Kat:2, Licht: 2,185669,2,3,5,12,01,5,0,2,0,1,0,0,0,0
"POINT (8.511571515000071 49.454232071000035)",Unfall 185724 (2019) Kat:3, Licht: 2,185724,3,2,4,12,18,1,1,2,0,1,0,0,0,0
"POINT (8.523885619000055 49.488408398000047)",Unfall 185739 (2019) Kat:2, Licht: 0,185739,2,2,4,12,12,7,0,0,0,1,0,1,0,0
"POINT (8.490583888000060 49.483023693000064)",Unfall 185769 (2019) Kat:3, Licht: 0,185769,3,3,5,12,14,6,1,0,0,1,0,0,0,0
"POINT (8.475669449000066 49.499664206000034)",Unfall 185770 (2019) Kat:2, Licht: 2,185770,2,3,5,12,23,6,1,2,0,1,0,0,0,0
"POINT (8.498930766000058 49.453784132000067)",Unfall 185771 (2019) Kat:3, Licht: 0,185771,3,3,5,12,12,6,1,0,1,0,0,0,0,1
"POINT (8.464495345000046 49.487382893000074)",Unfall 185803 (2019) Kat:3, Licht: 0,185803,3,4,6,12,12,5,0,0,0,1,1,0,0,0
"POINT (8.471486471000048 49.483388558000058)",Unfall 185845 (2019) Kat:3, Licht: 0,185845,3,2,2,12,14,4,0,0,0,0,0,1,0,1
"POINT (8.479715205000048 49.487824001000035)",Unfall 185846 (2019) Kat:3, Licht: 0,185846,3,4,6,12,11,4,1,0,0,1,1,0,0,0
"POINT (8.544611868000061 49.482895872000029)",Unfall 5403 (2020) Kat:3, Licht: 2,5403,3,3,5,01,07,5,0,2,0,1,0,0,0,0
"POINT (8.539708745000041 49.460920557000065)",Unfall 6563 (2020) Kat:3, Licht: 2,6563,3,6,2,01,17,4,1,2,0,1,0,0,0,0
"POINT (8.501243825000074 49.489414202000034)",Unfall 6566 (2020) Kat:3, Licht: 0,6566,3,6,1,01,12,4,1,0,0,1,0,0,0,0
"POINT (8.537610699000027 49.479225760000077)",Unfall 6567 (2020) Kat:2, Licht: 2,6567,2,6,4,01,18,4,1,2,0,1,0,0,0,0
"POINT (8.473120314000028 49.482709352000029)",Unfall 6601 (2020) Kat:3, Licht: 2,6601,3,6,1,01,17,3,0,2,1,1,0,0,0,0
"POINT (8.518083235000063 49.467872046000082)",Unfall 6602 (2020) Kat:3, Licht: 2,6602,3,6,1,01,17,3,0,2,0,1,0,0,0,0
"POINT (8.516282813000032 49.488590966000061)",Unfall 6645 (2020) Kat:3, Licht: 2,6645,3,3,5,01,17,2,1,2,0,1,0,0,0,0
"POINT (8.490394000000038 49.470188806000067)",Unfall 6666 (2020) Kat:3, Licht: 0,6666,3,3,5,01,11,1,0,0,0,1,0,0,0,0
"POINT (8.515630677000047 49.464344299000061)",Unfall 6687 (2020) Kat:3, Licht: 0,6687,3,6,2,01,15,7,0,0,0,1,0,0,0,0
"POINT (8.516229641000052 49.465053728000044)",Unfall 6688 (2020) Kat:3, Licht: 0,6688,3,6,1,01,16,7,0,0,0,1,0,0,0,0
"POINT (8.517609786000037 49.488044896000076)",Unfall 6689 (2020) Kat:3, Licht: 0,6689,3,6,3,01,10,7,1,0,0,1,0,0,0,1
"POINT (8.471265601000027 49.477064904000031)",Unfall 6827 (2020) Kat:3, Licht: 0,6827,3,3,5,01,09,5,0,0,0,1,0,0,0,0
"POINT (8.516636454000036 49.488726406000069)",Unfall 6828 (2020) Kat:3, Licht: 0,6828,3,2,6,01,14,5,0,0,0,1,1,0,0,0
"POINT (8.496887258000072 49.478417432000072)",Unfall 6972 (2020) Kat:2, Licht: 2,6972,2,4,6,01,18,1,1,2,0,1,1,0,0,0
"POINT (8.460529986000040 49.493809524000028)",Unfall 7020 (2020) Kat:3, Licht: 0,7020,3,2,2,01,15,3,1,0,0,1,1,0,0,0
"POINT (8.466328868000062 49.479623863000029)",Unfall 7060 (2020) Kat:2, Licht: 2,7060,2,6,2,01,19,3,1,2,0,1,0,0,1,0
"POINT (8.518596618000061 49.441830835000076)",Unfall 7091 (2020) Kat:3, Licht: 2,7091,3,1,8,01,21,7,0,2,0,1,0,0,0,0
"POINT (8.522718445000066 49.473673039000062)",Unfall 7139 (2020) Kat:3, Licht: 0,7139,3,6,1,01,09,6,1,0,0,1,0,0,0,0
"POINT (8.457191720000026 49.545098434000067)",Unfall 7283 (2020) Kat:3, Licht: 0,7283,3,2,4,01,08,3,0,0,0,1,0,0,1,0
"POINT (8.523460174000036 49.438259807000065)",Unfall 7339 (2020) Kat:3, Licht: 2,7339,3,5,0,01,19,2,0,2,0,1,0,1,0,0
"POINT (8.460878978000039 49.499618325000029)",Unfall 7561 (2020) Kat:3, Licht: 2,7561,3,1,9,01,03,5,0,2,0,1,0,0,0,0
"POINT (8.491295990000026 49.469883568000057)",Unfall 7715 (2020) Kat:1, Licht: 0,7715,1,1,8,02,15,7,0,0,0,1,0,0,0,0
"POINT (8.511138814000049 49.518463887000053)",Unfall 7765 (2020) Kat:3, Licht: 2,7765,3,3,5,02,04,6,0,2,0,1,0,0,0,0
"POINT (8.451799262000066 49.491622909000057)",Unfall 7766 (2020) Kat:3, Licht: 0,7766,3,6,2,02,15,6,0,0,0,1,0,0,0,0
"POINT (8.466606825000042 49.508091520000050)",Unfall 7767 (2020) Kat:3, Licht: 0,7767,3,7,3,02,16,6,0,0,0,1,0,0,0,0
"POINT (8.522719127000073 49.473674517000063)",Unfall 7825 (2020) Kat:3, Licht: 0,7825,3,6,1,02,17,5,0,0,0,1,0,0,0,0
"POINT (8.512864730000047 49.460618985000053)",Unfall 7826 (2020) Kat:3, Licht: 2,7826,3,6,2,02,21,5,0,2,0,1,0,0,0,0
"POINT (8.512176596000074 49.444936165000058)",Unfall 7906 (2020) Kat:3, Licht: 2,7906,3,6,2,02,06,3,1,2,0,1,0,0,1,0
"POINT (8.519708724000054 49.467426589000070)",Unfall 7979 (2020) Kat:3, Licht: 0,7979,3,6,2,02,13,7,0,0,0,1,0,0,0,0
"POINT (8.476176294000027 49.487215023000033)",Unfall 8020 (2020) Kat:3, Licht: 0,8020,3,6,1,02,12,6,0,0,0,1,0,0,1,0
"POINT (8.492854256000044 49.478889331000062)",Unfall 8078 (2020) Kat:3, Licht: 2,8078,3,6,2,02,07,5,0,2,0,1,0,0,0,0
"POINT (8.501554956000064 49.489556611000069)",Unfall 8079 (2020) Kat:3, Licht: 2,8079,3,5,1,02,19,5,1,2,0,1,0,0,0,0
"POINT (8.526936567000064 49.433914158000050)",Unfall 8136 (2020) Kat:3, Licht: 0,8136,3,6,0,02,15,1,0,0,0,1,0,1,0,0
"POINT (8.522722085000055 49.473680924000064)",Unfall 8258 (2020) Kat:3, Licht: 0,8258,3,6,2,02,07,2,1,0,0,1,0,0,0,1
"POINT (8.456313735000038 49.489938690000031)",Unfall 8307 (2020) Kat:3, Licht: 0,8307,3,6,2,02,15,3,0,0,0,1,0,0,0,0
"POINT (8.465065996000021 49.506990424000037)",Unfall 8432 (2020) Kat:3, Licht: 1,8432,3,6,3,02,18,7,0,1,0,1,0,0,0,0
"POINT (8.506785795000042 49.463561947000073)",Unfall 8526 (2020) Kat:3, Licht: 2,8526,3,1,9,02,22,5,1,2,0,1,0,0,0,0
"POINT (8.492577166000046 49.478587380000079)",Unfall 8620 (2020) Kat:3, Licht: 0,8620,3,3,5,02,07,3,0,0,1,1,0,0,0,0
"POINT (8.542229724000038 49.520293599000070)",Unfall 8788 (2020) Kat:3, Licht: 2,8788,3,2,5,03,22,6,1,2,0,1,0,0,0,0
"POINT (8.512548115000072 49.518005456000026)",Unfall 8858 (2020) Kat:2, Licht: 2,8858,2,1,8,03,21,1,1,2,0,1,0,0,0,0
"POINT (8.514179445000025 49.462566809000066)",Unfall 8892 (2020) Kat:3, Licht: 0,8892,3,6,2,03,15,6,1,0,0,1,0,0,0,0
"POINT (8.523551006000048 49.438446046000081)",Unfall 8903 (2020) Kat:3, Licht: 0,8903,3,6,1,02,11,7,0,0,0,1,0,1,0,0
"POINT (8.514224784000021 49.462624023000046)",Unfall 9033 (2020) Kat:2, Licht: 0,9033,2,6,2,03,15,6,1,0,0,1,0,0,0,0
"POINT (8.524095220000049 49.475984679000078)",Unfall 9210 (2020) Kat:3, Licht: 2,9210,3,3,5,03,19,4,0,2,0,1,0,0,0,0
"POINT (8.569303692000062 49.439766136000060)",Unfall 9280 (2020) Kat:3, Licht: 2,9280,3,2,4,03,19,3,1,2,0,1,0,0,0,0
"POINT (8.445824242000072 49.557709616000068)",Unfall 9469 (2020) Kat:2, Licht: 2,9469,2,1,0,03,01,7,0,2,0,1,0,0,0,0
"POINT (8.512077086000033 49.488861449000069)",Unfall 9470 (2020) Kat:3, Licht: 0,9470,3,6,2,03,17,7,0,0,0,1,0,0,0,0
"POINT (8.543104930000027 49.460123798000041)",Unfall 9471 (2020) Kat:2, Licht: 0,9471,2,7,8,03,11,7,0,0,0,1,0,0,0,0
"POINT (8.527787104000026 49.432810904000064)",Unfall 9473 (2020) Kat:1, Licht: 0,9473,1,4,6,03,09,7,0,0,0,0,1,0,0,1
"POINT (8.555261322000035 49.494023824000067)",Unfall 9516 (2020) Kat:3, Licht: 0,9516,3,6,3,03,12,2,0,0,0,1,0,0,0,0
"POINT (8.513533773000063 49.461513162000074)",Unfall 9640 (2020) Kat:2, Licht: 0,9640,2,6,1,03,13,5,0,0,0,1,0,0,1,0
"POINT (8.502035445000047 49.505002628000057)",Unfall 9697 (2020) Kat:3, Licht: 0,9697,3,6,2,03,13,2,0,0,0,1,0,0,0,0
"POINT (8.501197238000032 49.489415873000041)",Unfall 9764 (2020) Kat:3, Licht: 0,9764,3,6,2,04,15,4,0,0,0,1,0,0,0,0
"POINT (8.505814970000074 49.506896648000065)",Unfall 9842 (2020) Kat:3, Licht: 0,9842,3,3,5,03,16,3,0,0,0,1,0,0,0,0
"POINT (8.511207315000036 49.445044152000037)",Unfall 9871 (2020) Kat:3, Licht: 0,9871,3,6,1,03,14,4,0,0,0,1,0,0,0,0
"POINT (8.458402116000059 49.483119976000069)",Unfall 10209 (2020) Kat:3, Licht: 0,10209,3,7,0,04,18,2,1,0,0,0,0,1,0,1
"POINT (8.459933086000035 49.503227614000082)",Unfall 10437 (2020) Kat:3, Licht: 1,10437,3,1,1,04,19,4,0,1,0,1,0,0,1,1
"POINT (8.477877015000047 49.487619978000055)",Unfall 10586 (2020) Kat:3, Licht: 0,10586,3,7,0,04,14,2,0,0,1,0,0,0,0,0
"POINT (8.512176596000074 49.444936165000058)",Unfall 10817 (2020) Kat:3, Licht: 1,10817,3,6,1,04,20,6,0,1,0,1,0,0,0,0
"POINT (8.484388589000048 49.493978232000075)",Unfall 10835 (2020) Kat:3, Licht: 0,10835,3,3,5,04,18,1,0,0,1,1,0,1,0,0
"POINT (8.463624702000061 49.505958249000059)",Unfall 10885 (2020) Kat:3, Licht: 2,10885,3,2,4,04,21,5,0,2,0,1,0,0,0,0
"POINT (8.537648752000052 49.419851779000055)",Unfall 10990 (2020) Kat:2, Licht: 1,10990,2,1,9,04,20,6,0,1,0,0,0,1,0,0
"POINT (8.461837261000028 49.494490530000064)",Unfall 11227 (2020) Kat:3, Licht: 0,11227,3,6,2,04,15,5,1,0,0,1,0,0,1,0
"POINT (8.546844129000021 49.483588134000058)",Unfall 11309 (2020) Kat:3, Licht: 0,11309,3,6,2,05,14,1,0,0,0,1,0,0,0,1
"POINT (8.541016185000046 49.459313106000081)",Unfall 11346 (2020) Kat:3, Licht: 0,11346,3,6,0,05,07,3,0,0,0,1,0,0,0,0
"POINT (8.560109281000052 49.500872090000030)",Unfall 11429 (2020) Kat:2, Licht: 0,11429,2,6,3,05,13,1,0,0,0,1,0,0,0,0
"POINT (8.563272003000066 49.465512381000053)",Unfall 11466 (2020) Kat:3, Licht: 0,11466,3,6,4,05,16,3,0,0,1,0,0,0,0,1
"POINT (8.515513359000067 49.488643924000030)",Unfall 11475 (2020) Kat:3, Licht: 0,11475,3,6,2,05,07,2,1,0,0,1,0,0,1,0
"POINT (8.459190172000035 49.492269869000040)",Unfall 11581 (2020) Kat:3, Licht: 0,11581,3,6,2,05,12,3,0,0,0,1,0,0,0,0
"POINT (8.506900177000034 49.463516629000026)",Unfall 11694 (2020) Kat:3, Licht: 0,11694,3,6,2,05,12,2,0,0,0,1,0,0,1,0
"POINT (8.517362485000035 49.488531747000081)",Unfall 11696 (2020) Kat:3, Licht: 0,11696,3,6,1,05,09,2,0,0,0,1,0,0,0,1
"POINT (8.469856372000038 49.481694742000059)",Unfall 11837 (2020) Kat:3, Licht: 0,11837,3,2,5,05,09,6,0,0,1,1,0,0,0,0
"POINT (8.522813276000022 49.473447877000069)",Unfall 11926 (2020) Kat:3, Licht: 1,11926,3,6,2,05,20,6,0,1,0,1,0,0,0,0
"POINT (8.472015321000072 49.482057009000073)",Unfall 12013 (2020) Kat:3, Licht: 2,12013,3,7,0,05,00,2,0,2,1,0,0,0,0,0
"POINT (8.487472305000040 49.475224465000053)",Unfall 12163 (2020) Kat:3, Licht: 0,12163,3,2,5,05,11,2,0,0,1,1,0,0,0,0
"POINT (8.476477293000073 49.516715958000077)",Unfall 12170 (2020) Kat:2, Licht: 0,12170,2,4,6,05,12,4,0,0,0,0,1,0,0,1
"POINT (8.476536309000039 49.474398463000057)",Unfall 12306 (2020) Kat:3, Licht: 0,12306,3,6,2,06,12,4,0,0,0,1,0,0,0,0
"POINT (8.471479580000050 49.481026955000061)",Unfall 12328 (2020) Kat:3, Licht: 0,12328,3,3,0,06,18,2,0,0,1,0,0,1,0,0
"POINT (8.530901462000031 49.428823138000041)",Unfall 12389 (2020) Kat:3, Licht: 0,12389,3,3,5,06,17,6,1,0,0,1,0,0,0,0
"POINT (8.511664913000061 49.518288355000038)",Unfall 12475 (2020) Kat:3, Licht: 0,12475,3,1,8,06,20,4,1,0,0,1,0,0,0,0
"POINT (8.565983114000062 49.431553075000068)",Unfall 12583 (2020) Kat:3, Licht: 1,12583,3,1,8,06,08,7,1,1,0,1,0,0,0,0
"POINT (8.449896321000040 49.549675851000075)",Unfall 12608 (2020) Kat:2, Licht: 0,12608,2,7,2,05,12,6,0,0,0,1,0,0,1,0
"POINT (8.480536564000033 49.489351295000063)",Unfall 12613 (2020) Kat:3, Licht: 0,12613,3,2,5,05,16,6,0,0,1,1,0,0,0,0
"POINT (8.513656160000039 49.517799442000069)",Unfall 12662 (2020) Kat:3, Licht: 0,12662,3,2,2,06,15,2,0,0,0,1,0,0,0,0
"POINT (8.544214620000048 49.482476298000051)",Unfall 12675 (2020) Kat:3, Licht: 0,12675,3,6,2,06,16,2,0,0,0,1,0,0,0,0
"POINT (8.492043978000027 49.499990588000060)",Unfall 12794 (2020) Kat:3, Licht: 0,12794,3,6,2,06,18,3,0,0,0,1,0,0,0,0
"POINT (8.492596814000024 49.490085637000050)",Unfall 12894 (2020) Kat:3, Licht: 0,12894,3,6,1,06,15,6,0,0,0,1,0,1,0,0
"POINT (8.505071453000028 49.522082958000055)",Unfall 12910 (2020) Kat:3, Licht: 0,12910,3,6,2,06,18,4,0,0,0,1,0,0,0,0
"POINT (8.522703148000062 49.473639905000027)",Unfall 12941 (2020) Kat:3, Licht: 0,12941,3,6,2,06,12,3,1,0,0,1,0,0,0,0
"POINT (8.456706425000050 49.481367452000029)",Unfall 13008 (2020) Kat:3, Licht: 0,13008,3,6,3,06,09,2,1,0,0,1,0,0,1,0
"POINT (8.523057158000029 49.474406693000049)",Unfall 13181 (2020) Kat:3, Licht: 0,13181,3,6,2,06,14,4,1,0,0,1,0,0,0,0
"POINT (8.539528105000045 49.463136500000076)",Unfall 13273 (2020) Kat:3, Licht: 1,13273,3,6,0,06,21,6,0,1,0,1,0,0,0,0
"POINT (8.457559349000064 49.491144073000044)",Unfall 13347 (2020) Kat:3, Licht: 2,13347,3,1,0,06,22,4,0,2,0,0,0,1,0,0
"POINT (8.492056763000051 49.477831055000081)",Unfall 13676 (2020) Kat:3, Licht: 0,13676,3,6,2,07,13,4,0,0,0,1,0,0,1,0
"POINT (8.550998597000046 49.491701828000032)",Unfall 13799 (2020) Kat:3, Licht: 0,13799,3,6,1,06,08,6,0,0,0,1,0,0,0,0
"POINT (8.474456294000049 49.515268753000043)",Unfall 13853 (2020) Kat:3, Licht: 0,13853,3,6,2,07,14,5,0,0,0,1,0,0,0,0
"POINT (8.482158624000022 49.524861336000072)",Unfall 13869 (2020) Kat:3, Licht: 0,13869,3,3,0,06,14,1,0,0,1,1,0,0,0,0
"POINT (8.475978204000057 49.486291133000066)",Unfall 13941 (2020) Kat:3, Licht: 0,13941,3,6,1,07,11,7,0,0,0,1,0,0,0,0
"POINT (8.511276566000049 49.518521765000060)",Unfall 13947 (2020) Kat:3, Licht: 0,13947,3,6,0,06,11,2,0,0,0,1,0,0,1,0
"POINT (8.540992341000049 49.460461427000041)",Unfall 14078 (2020) Kat:3, Licht: 0,14078,3,6,2,07,11,3,0,0,0,1,0,0,0,0
"POINT (8.550320484000054 49.488963227000056)",Unfall 14108 (2020) Kat:3, Licht: 0,14108,3,1,0,07,16,4,1,0,0,0,0,1,0,0
"POINT (8.516412837000075 49.488581935000070)",Unfall 14169 (2020) Kat:3, Licht: 0,14169,3,6,2,07,18,2,0,0,0,1,0,0,0,0
"POINT (8.462235149000037 49.484784019000074)",Unfall 14180 (2020) Kat:3, Licht: 0,14180,3,3,5,07,07,2,0,0,1,1,0,0,0,0
"POINT (8.475342195000053 49.485106186000053)",Unfall 14344 (2020) Kat:2, Licht: 0,14344,2,3,5,07,18,7,0,0,1,1,0,0,0,0
"POINT (8.566476902000034 49.424738448000028)",Unfall 14448 (2020) Kat:3, Licht: 0,14448,3,6,1,07,07,3,0,0,0,1,0,0,0,0
"POINT (8.540433048000068 49.435867994000034)",Unfall 14566 (2020) Kat:3, Licht: 0,14566,3,6,0,07,10,5,0,0,0,1,0,0,0,0
"POINT (8.569097125000042 49.450305048000075)",Unfall 14699 (2020) Kat:2, Licht: 0,14699,2,6,2,07,14,7,0,0,0,1,0,1,0,0
"POINT (8.477395371000057 49.517416671000035)",Unfall 15249 (2020) Kat:3, Licht: 0,15249,3,3,5,07,18,4,0,0,1,1,0,0,0,0
"POINT (8.456715756000051 49.491373498000030)",Unfall 15543 (2020) Kat:1, Licht: 0,15543,1,1,0,07,16,3,0,0,1,0,0,0,0,0
"POINT (8.496646890000022 49.478509741000039)",Unfall 15623 (2020) Kat:2, Licht: 0,15623,2,2,2,08,11,2,0,0,0,1,0,1,0,0
"POINT (8.522718322000060 49.473672773000033)",Unfall 15887 (2020) Kat:3, Licht: 0,15887,3,6,1,07,09,5,0,0,0,1,0,0,0,0
"POINT (8.512831325000036 49.447603947000061)",Unfall 15908 (2020) Kat:3, Licht: 0,15908,3,6,3,08,10,2,0,0,0,1,0,0,1,0
"POINT (8.455746717000068 49.487051453000049)",Unfall 15978 (2020) Kat:3, Licht: 0,15978,3,2,5,08,13,6,0,0,0,1,0,0,0,0
"POINT (8.480522092000058 49.489330969000036)",Unfall 16093 (2020) Kat:3, Licht: 0,16093,3,6,3,08,18,4,0,0,0,1,0,1,0,0
"POINT (8.542332803000022 49.520347476000040)",Unfall 16096 (2020) Kat:3, Licht: 0,16096,3,6,2,08,09,4,0,0,0,1,0,0,0,0
"POINT (8.505552251000040 49.506809495000027)",Unfall 16099 (2020) Kat:3, Licht: 0,16099,3,6,2,08,17,4,0,0,0,1,0,0,0,0
"POINT (8.540940296000031 49.444411360000061)",Unfall 16102 (2020) Kat:3, Licht: 0,16102,3,7,0,08,11,4,0,0,0,1,0,0,0,1
"POINT (8.456013153000072 49.488437047000048)",Unfall 16287 (2020) Kat:3, Licht: 2,16287,3,6,1,08,22,7,0,2,0,1,0,0,0,0
"POINT (8.447858951000058 49.552803571000027)",Unfall 16392 (2020) Kat:2, Licht: 0,16392,2,6,3,08,16,2,0,0,0,1,0,0,1,0
"POINT (8.511313709000035 49.444995200000051)",Unfall 16794 (2020) Kat:3, Licht: 1,16794,3,6,0,08,06,5,0,1,0,1,0,1,0,0
"POINT (8.488190152000072 49.497594718000073)",Unfall 16839 (2020) Kat:3, Licht: 0,16839,3,3,5,08,19,3,0,0,1,1,0,0,0,0
"POINT (8.473055441000042 49.480322085000068)",Unfall 16909 (2020) Kat:2, Licht: 0,16909,2,3,5,08,10,6,0,0,1,1,0,0,0,0
"POINT (8.510623383000052 49.507525094000073)",Unfall 16985 (2020) Kat:2, Licht: 0,16985,2,2,5,08,17,5,0,0,0,1,0,1,0,0
"POINT (8.487078759000042 49.496337244000074)",Unfall 17339 (2020) Kat:3, Licht: 1,17339,3,2,5,09,21,3,0,1,1,1,0,0,0,0
"POINT (8.485037231000035 49.494078636000040)",Unfall 17354 (2020) Kat:3, Licht: 0,17354,3,3,0,09,16,2,0,0,1,0,0,0,0,0
"POINT (8.541744919000053 49.447324225000045)",Unfall 17568 (2020) Kat:3, Licht: 2,17568,3,1,8,08,20,2,1,2,0,1,0,0,0,0
"POINT (8.569851046000053 49.449919037000029)",Unfall 17631 (2020) Kat:3, Licht: 0,17631,3,6,2,08,15,7,0,0,0,1,0,0,0,1
"POINT (8.506839724000031 49.463540943000055)",Unfall 17673 (2020) Kat:3, Licht: 0,17673,3,5,1,09,13,2,0,0,0,1,0,0,0,0
"POINT (8.566070232000072 49.451273052000033)",Unfall 17909 (2020) Kat:2, Licht: 0,17909,2,6,2,09,17,6,0,0,0,1,0,0,0,0
"POINT (8.450061893000054 49.549561193000045)",Unfall 18037 (2020) Kat:3, Licht: 0,18037,3,6,2,09,06,5,0,0,0,1,0,0,0,0
"POINT (8.570920665000074 49.461008597000045)",Unfall 18074 (2020) Kat:3, Licht: 0,18074,3,2,5,09,18,3,0,0,1,1,0,0,0,0
"POINT (8.538857527000062 49.452912612000034)",Unfall 18150 (2020) Kat:3, Licht: 0,18150,3,2,6,09,07,4,0,0,0,1,1,0,0,0
"POINT (8.509335797000063 49.519333689000064)",Unfall 18302 (2020) Kat:3, Licht: 2,18302,3,2,5,09,05,7,0,2,0,1,0,0,0,0
"POINT (8.476218160000030 49.487511054000038)",Unfall 18375 (2020) Kat:3, Licht: 1,18375,3,7,0,09,19,6,0,1,0,0,0,0,0,1
"POINT (8.459762127000033 49.482788864000042)",Unfall 18501 (2020) Kat:3, Licht: 0,18501,3,6,4,09,08,4,0,0,1,0,0,0,0,1
"POINT (8.492026772000031 49.477842942000052)",Unfall 18502 (2020) Kat:3, Licht: 2,18502,3,3,5,09,20,4,0,2,0,1,0,0,0,1
"POINT (8.568639270000062 49.450365062000060)",Unfall 18503 (2020) Kat:3, Licht: 0,18503,3,6,2,09,15,4,0,0,0,0,0,0,0,1
"POINT (8.488782732000061 49.528766950000033)",Unfall 18533 (2020) Kat:3, Licht: 0,18533,3,3,5,09,17,4,0,0,1,1,0,0,0,0
"POINT (8.489638364000030 49.498898836000080)",Unfall 18666 (2020) Kat:3, Licht: 1,18666,3,6,2,09,05,5,0,1,0,1,0,0,0,0
"POINT (8.501228201000060 49.504672859000038)",Unfall 18710 (2020) Kat:3, Licht: 0,18710,3,6,2,09,15,3,0,0,0,1,0,0,0,0
"POINT (8.465100081000060 49.507014783000045)",Unfall 18943 (2020) Kat:3, Licht: 0,18943,3,6,2,09,18,2,0,0,0,1,0,0,0,0
"POINT (8.472851723000076 49.482893327000056)",Unfall 19019 (2020) Kat:3, Licht: 1,19019,3,7,0,09,07,6,1,1,1,0,0,0,0,0
"POINT (8.495081898000024 49.526307368000062)",Unfall 19099 (2020) Kat:2, Licht: 0,19099,2,6,2,10,09,5,0,0,0,1,0,0,0,1
"POINT (8.456957204000048 49.545243581000079)",Unfall 19220 (2020) Kat:3, Licht: 0,19220,3,6,2,10,15,7,1,0,0,1,0,1,0,0
"POINT (8.488755472000037 49.528781223000067)",Unfall 19345 (2020) Kat:3, Licht: 2,19345,3,7,5,10,22,3,1,2,1,1,0,0,0,0
"POINT (8.488196915000060 49.497602562000054)",Unfall 19433 (2020) Kat:2, Licht: 2,19433,2,3,5,10,21,6,0,2,1,1,0,0,0,0
"POINT (8.558150298000044 49.454256678000036)",Unfall 19443 (2020) Kat:3, Licht: 0,19443,3,7,8,10,08,6,0,0,0,0,0,1,1,0
"POINT (8.476013190000060 49.486373558000025)",Unfall 19617 (2020) Kat:3, Licht: 0,19617,3,6,2,10,10,7,1,0,0,1,0,0,0,0
"POINT (8.505082396000034 49.522075015000041)",Unfall 19627 (2020) Kat:3, Licht: 0,19627,3,6,2,10,15,2,0,0,0,1,0,0,0,1
"POINT (8.546286399000053 49.514926035000030)",Unfall 19706 (2020) Kat:2, Licht: 2,19706,2,3,5,10,00,6,0,2,0,1,0,0,1,0
"POINT (8.557234427000026 49.496261283000081)",Unfall 19755 (2020) Kat:3, Licht: 0,19755,3,6,2,10,13,1,0,0,0,1,0,0,0,0
"POINT (8.476592619000030 49.474369527000079)",Unfall 19838 (2020) Kat:3, Licht: 0,19838,3,3,5,10,18,3,0,0,0,1,0,0,0,0
"POINT (8.471792897000057 49.476793775000033)",Unfall 19841 (2020) Kat:3, Licht: 2,19841,3,6,3,10,20,3,0,2,0,1,0,0,0,0
"POINT (8.486629339000047 49.529783831000032)",Unfall 19865 (2020) Kat:3, Licht: 2,19865,3,6,4,10,06,6,1,2,1,0,0,0,0,0
"POINT (8.456018138000047 49.488462907000041)",Unfall 20123 (2020) Kat:3, Licht: 1,20123,3,6,3,10,07,4,0,1,0,1,0,1,0,0
"POINT (8.459099836000064 49.492306721000034)",Unfall 20144 (2020) Kat:3, Licht: 0,20144,3,6,3,10,11,3,0,0,0,1,0,0,0,1
"POINT (8.480906340000047 49.490137177000065)",Unfall 20198 (2020) Kat:3, Licht: 0,20198,3,6,3,10,16,6,1,0,0,0,0,1,0,1
"POINT (8.499748383000053 49.474486045000049)",Unfall 20288 (2020) Kat:3, Licht: 0,20288,3,6,2,10,15,4,0,0,0,1,0,0,0,0
"POINT (8.482811893000076 49.493044098000041)",Unfall 20508 (2020) Kat:3, Licht: 0,20508,3,6,1,11,15,3,0,0,0,1,0,1,0,0
"POINT (8.492323861000045 49.500135756000077)",Unfall 20685 (2020) Kat:3, Licht: 0,20685,3,3,5,11,13,5,0,0,1,0,0,0,0,1
"POINT (8.520856187000049 49.494665505000057)",Unfall 20793 (2020) Kat:3, Licht: 0,20793,3,3,5,11,10,3,0,0,0,1,0,1,0,0
"POINT (8.460273615000062 49.493172590000029)",Unfall 20953 (2020) Kat:2, Licht: 0,20953,2,6,3,11,09,4,0,0,0,1,0,1,0,0
"POINT (8.541886536000050 49.447129808000057)",Unfall 21057 (2020) Kat:3, Licht: 0,21057,3,7,0,11,14,4,0,0,0,1,0,0,0,0
"POINT (8.502432276000036 49.489513166000052)",Unfall 21215 (2020) Kat:3, Licht: 0,21215,3,6,2,11,09,7,0,0,0,1,0,0,0,0
"POINT (8.475288501000023 49.485376741000039)",Unfall 21267 (2020) Kat:3, Licht: 0,21267,3,6,2,11,12,7,0,0,0,1,0,0,0,0
"POINT (8.546285638000029 49.420805992000055)",Unfall 21422 (2020) Kat:3, Licht: 2,21422,3,6,2,11,20,6,0,2,0,1,0,0,0,0
"POINT (8.569580154000050 49.448649806000049)",Unfall 21453 (2020) Kat:3, Licht: 0,21453,3,6,2,11,09,2,1,0,0,1,0,0,0,0
"POINT (8.485396472000048 49.530168083000035)",Unfall 21633 (2020) Kat:3, Licht: 0,21633,3,1,0,11,08,6,1,0,0,0,0,1,0,0
"POINT (8.476133864000076 49.486914999000078)",Unfall 21665 (2020) Kat:3, Licht: 0,21665,3,3,5,11,08,2,0,0,1,1,0,0,0,0
"POINT (8.514397851000069 49.462409943000068)",Unfall 21750 (2020) Kat:3, Licht: 0,21750,3,1,9,11,09,5,1,0,0,1,0,0,0,0
"POINT (8.545565366000062 49.481666051000047)",Unfall 21754 (2020) Kat:3, Licht: 0,21754,3,6,3,11,12,5,0,0,0,1,0,0,0,1
"POINT (8.520714599000030 49.467524451000031)",Unfall 21768 (2020) Kat:3, Licht: 0,21768,3,1,9,11,15,1,0,0,0,1,0,0,0,0
"POINT (8.480607641000063 49.474485697000034)",Unfall 21790 (2020) Kat:3, Licht: 1,21790,3,6,2,11,17,5,0,1,0,1,0,0,0,0
"POINT (8.478849087000071 49.518557038000040)",Unfall 21870 (2020) Kat:3, Licht: 2,21870,3,6,2,12,19,7,0,2,0,1,0,0,0,0
"POINT (8.458859351000058 49.492074312000057)",Unfall 22063 (2020) Kat:3, Licht: 2,22063,3,6,2,12,17,3,0,2,0,1,0,0,0,0
"POINT (8.505873296000061 49.463880527000072)",Unfall 22153 (2020) Kat:3, Licht: 2,22153,3,3,5,12,17,5,0,2,0,1,0,0,0,0
"POINT (8.469545359000051 49.481923685000027)",Unfall 22232 (2020) Kat:3, Licht: 0,22232,3,7,0,12,16,4,0,0,1,0,0,0,0,0
"POINT (8.578094552000039 49.458952370000077)",Unfall 22263 (2020) Kat:3, Licht: 0,22263,3,6,2,12,10,2,0,0,0,1,0,0,1,0
"POINT (8.567615899000032 49.463199449000058)",Unfall 22431 (2020) Kat:3, Licht: 0,22431,3,4,6,12,08,2,1,0,0,1,1,0,0,0
"POINT (8.515508892000071 49.462313385000073)",Unfall 22581 (2020) Kat:3, Licht: 2,22581,3,1,8,12,17,4,1,2,0,1,0,0,0,0
"POINT (8.465275128000030 49.498869220000074)",Unfall 145827 (2020) Kat:3, Licht: 1,145827,3,5,1,01,16,5,0,1,0,1,0,0,0,0
"POINT (8.481077549000077 49.456818446000057)",Unfall 145832 (2020) Kat:3, Licht: 0,145832,3,3,5,01,14,6,0,0,1,1,0,0,0,0
"POINT (8.497958006000033 49.502942969000060)",Unfall 145860 (2020) Kat:3, Licht: 1,145860,3,5,5,01,17,7,0,1,1,1,0,0,0,0
"POINT (8.483516935000068 49.465446777000068)",Unfall 145875 (2020) Kat:3, Licht: 0,145875,3,7,1,01,14,5,0,0,0,1,0,0,1,0
"POINT (8.476492741000072 49.516989710000075)",Unfall 145928 (2020) Kat:2, Licht: 2,145928,2,4,6,01,17,5,0,2,0,1,1,0,0,0
"POINT (8.468354277000060 49.546631143000070)",Unfall 145934 (2020) Kat:3, Licht: 2,145934,3,3,5,01,23,6,1,2,0,1,0,0,0,0
"POINT (8.470835300000033 49.508538420000036)",Unfall 145978 (2020) Kat:3, Licht: 1,145978,3,3,5,01,07,5,0,1,0,1,0,0,0,1
"POINT (8.529928567000070 49.510221024000032)",Unfall 146026 (2020) Kat:2, Licht: 2,146026,2,2,4,01,21,5,1,2,0,1,0,0,0,0
"POINT (8.552543432000050 49.510109057000079)",Unfall 146030 (2020) Kat:3, Licht: 0,146030,3,7,0,01,08,5,2,0,1,0,0,0,0,0
"POINT (8.529175333000069 49.490547413000058)",Unfall 146091 (2020) Kat:2, Licht: 2,146091,2,1,1,01,22,1,0,2,0,1,0,0,0,0
"POINT (8.495437384000070 49.529910899000072)",Unfall 146134 (2020) Kat:3, Licht: 0,146134,3,5,1,01,12,7,0,0,1,1,0,0,0,0
"POINT (8.491151434000074 49.499643592000041)",Unfall 146135 (2020) Kat:3, Licht: 0,146135,3,7,3,01,15,7,0,0,0,1,0,0,0,1
"POINT (8.495669148000047 49.499083911000071)",Unfall 146157 (2020) Kat:2, Licht: 1,146157,2,2,6,01,16,4,0,1,0,1,1,0,0,0
"POINT (8.507157135000057 49.517783785000063)",Unfall 146161 (2020) Kat:3, Licht: 0,146161,3,3,5,01,16,4,0,0,0,1,0,1,0,0
"POINT (8.456739224000046 49.492260738000027)",Unfall 146171 (2020) Kat:3, Licht: 2,146171,3,2,4,01,17,6,0,2,0,1,0,0,0,0
"POINT (8.493079783000042 49.521809686000040)",Unfall 146232 (2020) Kat:3, Licht: 2,146232,3,2,5,01,19,5,0,2,1,1,0,0,0,0
"POINT (8.469831073000023 49.482888722000041)",Unfall 146234 (2020) Kat:3, Licht: 0,146234,3,3,5,01,13,5,0,0,0,1,0,1,0,0
"POINT (8.485307734000060 49.479038975000037)",Unfall 146250 (2020) Kat:2, Licht: 0,146250,2,5,5,01,12,2,0,0,0,1,0,1,0,0
"POINT (8.511802348000060 49.507440224000050)",Unfall 146289 (2020) Kat:3, Licht: 0,146289,3,4,6,01,10,4,0,0,0,1,1,0,0,0
"POINT (8.457861806000040 49.498072825000065)",Unfall 146290 (2020) Kat:3, Licht: 2,146290,3,5,2,01,18,4,1,2,0,1,0,0,0,0
"POINT (8.511528148000025 49.458314239000060)",Unfall 146323 (2020) Kat:2, Licht: 0,146323,2,6,2,01,12,3,0,0,0,1,0,0,0,0
"POINT (8.549387809000052 49.496082223000030)",Unfall 146324 (2020) Kat:3, Licht: 0,146324,3,5,1,01,11,6,0,0,1,1,0,0,0,0
"POINT (8.480155118000027 49.480994368000040)",Unfall 146330 (2020) Kat:3, Licht: 0,146330,3,3,5,01,14,6,0,0,1,1,0,0,0,0
"POINT (8.523976722000043 49.474664668000059)",Unfall 146363 (2020) Kat:3, Licht: 0,146363,3,6,2,01,13,2,0,0,0,1,0,0,0,0
"POINT (8.468305833000045 49.491286718000026)",Unfall 146379 (2020) Kat:3, Licht: 0,146379,3,6,2,01,09,7,0,0,1,1,0,0,0,0
"POINT (8.464391095000053 49.493954268000039)",Unfall 146462 (2020) Kat:3, Licht: 2,146462,3,1,2,01,18,5,0,2,0,1,0,0,0,0
"POINT (8.465118229000041 49.498956912000040)",Unfall 146467 (2020) Kat:2, Licht: 2,146467,2,7,0,01,02,1,1,2,1,0,0,0,0,0
"POINT (8.472557261000077 49.464763763000065)",Unfall 146487 (2020) Kat:3, Licht: 0,146487,3,3,5,01,16,7,0,0,0,1,0,0,0,0
"POINT (8.457430697000063 49.513895732000037)",Unfall 146551 (2020) Kat:3, Licht: 2,146551,3,2,3,01,22,5,0,2,1,1,0,0,0,0
"POINT (8.507488856000066 49.442165893000038)",Unfall 146556 (2020) Kat:3, Licht: 0,146556,3,6,4,01,14,5,0,0,0,1,0,0,0,1
"POINT (8.485460859000057 49.457945724000069)",Unfall 146584 (2020) Kat:2, Licht: 0,146584,2,3,5,01,10,6,1,0,0,1,0,1,0,0
"POINT (8.475572143000022 49.480017087000078)",Unfall 146640 (2020) Kat:3, Licht: 1,146640,3,7,4,01,17,5,0,1,0,1,0,1,0,0
"POINT (8.495065896000028 49.453781609000032)",Unfall 146642 (2020) Kat:3, Licht: 0,146642,3,2,0,01,10,5,0,0,0,1,0,0,0,1
"POINT (8.471586982000076 49.488552582000068)",Unfall 146644 (2020) Kat:3, Licht: 2,146644,3,6,3,01,18,5,0,2,1,1,0,0,0,0
"POINT (8.457056173000069 49.492108318000078)",Unfall 146647 (2020) Kat:3, Licht: 2,146647,3,3,5,01,22,5,1,2,0,1,0,0,0,0
"POINT (8.473372891000054 49.495383255000036)",Unfall 146667 (2020) Kat:3, Licht: 2,146667,3,3,5,02,02,1,1,2,1,1,0,0,0,0
"POINT (8.474946591000048 49.465505741000072)",Unfall 146700 (2020) Kat:3, Licht: 0,146700,3,7,0,01,09,4,0,0,1,0,0,0,0,0
"POINT (8.524661235000053 49.510213198000031)",Unfall 146702 (2020) Kat:3, Licht: 2,146702,3,2,4,01,18,4,0,2,0,1,0,0,0,0
"POINT (8.456738564000034 49.492257245000076)",Unfall 146704 (2020) Kat:3, Licht: 2,146704,3,2,5,01,18,4,0,2,0,1,0,0,0,1
"POINT (8.513344972000027 49.454243123000026)",Unfall 146757 (2020) Kat:3, Licht: 0,146757,3,2,5,02,15,7,1,0,0,1,0,0,0,0
"POINT (8.470850506000033 49.487905844000068)",Unfall 146764 (2020) Kat:3, Licht: 0,146764,3,4,6,01,12,7,0,0,0,1,1,0,0,0
"POINT (8.496783060000041 49.525751875000026)",Unfall 146766 (2020) Kat:3, Licht: 2,146766,3,3,5,01,19,3,0,2,0,1,0,0,0,0
"POINT (8.507201580000071 49.505150819000050)",Unfall 146767 (2020) Kat:3, Licht: 0,146767,3,6,2,01,15,3,1,0,0,1,0,0,0,0
"POINT (8.508283840000047 49.528552437000030)",Unfall 146769 (2020) Kat:3, Licht: 2,146769,3,7,0,01,07,7,1,2,0,0,0,0,0,1
"POINT (8.568758470000034 49.450908897000033)",Unfall 146772 (2020) Kat:2, Licht: 0,146772,2,1,8,01,16,7,1,0,0,0,0,1,0,0
"POINT (8.479046336000067 49.460448158000077)",Unfall 146831 (2020) Kat:3, Licht: 2,146831,3,3,5,01,18,2,1,2,1,1,0,0,0,0
"POINT (8.452329981000048 49.536808989000065)",Unfall 146833 (2020) Kat:3, Licht: 0,146833,3,3,5,01,08,6,1,0,0,1,0,0,0,0
"POINT (8.520815444000050 49.494328121000081)",Unfall 146834 (2020) Kat:3, Licht: 1,146834,3,6,1,01,07,2,1,1,0,1,0,0,0,0
"POINT (8.483616265000023 49.489651366000032)",Unfall 146912 (2020) Kat:3, Licht: 0,146912,3,6,3,02,16,2,0,0,1,0,0,0,0,0
"POINT (8.471603151000068 49.472004804000051)",Unfall 146917 (2020) Kat:3, Licht: 0,146917,3,5,3,02,10,2,1,0,0,1,0,0,0,0
"POINT (8.462394077000056 49.518679036000037)",Unfall 146922 (2020) Kat:2, Licht: 0,146922,2,2,5,02,07,6,0,0,0,1,0,1,0,0
"POINT (8.476118564000046 49.489239771000030)",Unfall 146923 (2020) Kat:3, Licht: 0,146923,3,2,6,02,10,3,0,0,0,1,1,0,0,0
"POINT (8.498012151000069 49.450623779000068)",Unfall 146927 (2020) Kat:3, Licht: 2,146927,3,3,5,02,18,2,1,2,0,1,0,0,1,0
"POINT (8.465412006000065 49.488167530000055)",Unfall 146965 (2020) Kat:3, Licht: 0,146965,3,2,3,02,15,3,0,0,1,1,0,0,0,0
"POINT (8.464779916000055 49.484938750000026)",Unfall 146967 (2020) Kat:3, Licht: 0,146967,3,3,5,02,09,2,1,0,0,1,0,0,0,0
"POINT (8.464745910000033 49.495509698000035)",Unfall 146976 (2020) Kat:3, Licht: 2,146976,3,3,5,02,20,3,1,2,0,1,0,0,0,0
"POINT (8.510140282000066 49.516950612000073)",Unfall 147030 (2020) Kat:3, Licht: 2,147030,3,3,5,02,05,6,0,2,0,1,0,0,0,0
"POINT (8.463648741000043 49.485285463000025)",Unfall 147031 (2020) Kat:3, Licht: 0,147031,3,3,5,02,13,3,1,0,1,1,0,0,0,0
"POINT (8.475763220000033 49.481233060000079)",Unfall 147058 (2020) Kat:3, Licht: 0,147058,3,2,5,02,18,4,0,0,1,1,0,0,0,0
"POINT (8.501740619000032 49.519590741000059)",Unfall 147060 (2020) Kat:3, Licht: 0,147060,3,2,3,02,15,4,0,0,1,1,0,0,0,0
"POINT (8.492687913000054 49.476317935000054)",Unfall 147062 (2020) Kat:3, Licht: 0,147062,3,3,5,02,17,4,0,0,1,1,0,0,0,0
"POINT (8.462027070000033 49.488337690000037)",Unfall 147080 (2020) Kat:3, Licht: 0,147080,3,2,6,02,15,3,0,0,0,1,1,0,0,0
"POINT (8.449098246000062 49.546635436000031)",Unfall 147123 (2020) Kat:3, Licht: 0,147123,3,2,8,02,08,1,0,0,0,0,0,1,0,0
"POINT (8.463493814000060 49.484852705000037)",Unfall 147152 (2020) Kat:3, Licht: 0,147152,3,4,6,02,13,3,0,0,0,0,1,0,0,1
"POINT (8.449155720000022 49.542354007000029)",Unfall 147154 (2020) Kat:3, Licht: 0,147154,3,3,5,02,17,6,0,0,0,1,0,0,0,0
"POINT (8.491055116000041 49.460089761000063)",Unfall 147160 (2020) Kat:3, Licht: 0,147160,3,7,3,02,07,6,0,0,0,1,0,0,0,1
"POINT (8.480260694000037 49.458543951000081)",Unfall 147163 (2020) Kat:2, Licht: 2,147163,2,6,2,02,01,6,0,2,0,1,0,0,0,0
"POINT (8.475987899000074 49.473564462000070)",Unfall 147278 (2020) Kat:3, Licht: 0,147278,3,2,5,02,16,2,0,0,0,1,0,0,0,0
"POINT (8.471355001000063 49.493481345000077)",Unfall 147311 (2020) Kat:3, Licht: 0,147311,3,6,2,02,09,4,0,0,0,1,0,0,0,0
"POINT (8.481094292000023 49.456939638000051)",Unfall 147376 (2020) Kat:3, Licht: 2,147376,3,2,6,03,18,2,1,2,0,1,1,0,0,0
"POINT (8.462072409000029 49.485910027000045)",Unfall 147390 (2020) Kat:3, Licht: 0,147390,3,3,5,02,15,6,0,0,0,1,0,0,0,0
"POINT (8.473402364000037 49.483528688000035)",Unfall 147400 (2020) Kat:3, Licht: 0,147400,3,7,6,02,15,2,0,0,0,1,1,0,0,0
"POINT (8.475653942000065 49.473385012000051)",Unfall 147414 (2020) Kat:3, Licht: 0,147414,3,6,1,02,15,2,0,0,0,1,0,0,0,0
"POINT (8.494388471000036 49.453690674000029)",Unfall 147425 (2020) Kat:3, Licht: 2,147425,3,5,5,02,22,2,0,2,0,1,0,1,0,0
"POINT (8.507415912000056 49.505384426000035)",Unfall 147466 (2020) Kat:3, Licht: 0,147466,3,6,3,02,16,2,0,0,0,1,0,0,1,0
"POINT (8.511842258000058 49.443369903000075)",Unfall 147469 (2020) Kat:3, Licht: 0,147469,3,7,6,02,07,2,1,0,0,0,1,0,0,1
"POINT (8.520300835000057 49.450195028000053)",Unfall 147477 (2020) Kat:3, Licht: 0,147477,3,5,5,02,12,5,0,0,0,1,0,0,0,0
"POINT (8.480627455000047 49.479870429000073)",Unfall 147486 (2020) Kat:2, Licht: 2,147486,2,7,0,03,19,2,1,2,1,0,0,0,0,0
"POINT (8.488687315000050 49.463112076000073)",Unfall 147502 (2020) Kat:3, Licht: 0,147502,3,5,5,02,13,6,0,0,1,1,0,0,0,0
"POINT (8.487223456000038 49.475011663000032)",Unfall 147552 (2020) Kat:3, Licht: 2,147552,3,2,5,02,17,5,1,2,0,1,0,0,0,0
"POINT (8.456320944000026 49.490065170000037)",Unfall 147558 (2020) Kat:3, Licht: 0,147558,3,6,2,02,15,6,0,0,0,1,0,0,0,0
"POINT (8.448855810000055 49.542816047000031)",Unfall 147590 (2020) Kat:3, Licht: 0,147590,3,2,6,02,13,5,0,0,0,1,1,0,0,0
"POINT (8.482066836000058 49.478702906000080)",Unfall 147596 (2020) Kat:3, Licht: 0,147596,3,5,1,02,12,7,0,0,1,1,0,0,0,0
"POINT (8.484127402000070 49.496606072000077)",Unfall 147597 (2020) Kat:3, Licht: 0,147597,3,5,3,02,09,6,0,0,1,1,0,0,0,0
"POINT (8.500619964000066 49.450366409000026)",Unfall 147614 (2020) Kat:3, Licht: 2,147614,3,1,9,02,01,6,1,2,0,1,0,0,0,0
"POINT (8.483128326000042 49.509896453000067)",Unfall 147618 (2020) Kat:2, Licht: 2,147618,2,1,9,02,21,6,0,2,0,1,0,1,0,0
"POINT (8.531316503000028 49.430685874000062)",Unfall 147642 (2020) Kat:3, Licht: 0,147642,3,3,5,02,10,5,0,0,0,1,0,0,0,0
"POINT (8.487097944000027 49.493796274000033)",Unfall 147662 (2020) Kat:3, Licht: 0,147662,3,7,6,03,09,4,1,0,0,1,1,0,0,0
"POINT (8.531854098000054 49.432320934000074)",Unfall 147684 (2020) Kat:3, Licht: 0,147684,3,3,5,03,17,7,0,0,0,1,0,0,0,0
"POINT (8.462789786000030 49.488958304000050)",Unfall 147718 (2020) Kat:3, Licht: 2,147718,3,3,5,03,20,3,1,2,0,1,0,0,0,1
"POINT (8.476167852000060 49.496099043000072)",Unfall 147724 (2020) Kat:3, Licht: 0,147724,3,6,2,03,09,2,0,0,0,1,0,0,0,0
"POINT (8.464238973000022 49.485636885000076)",Unfall 147769 (2020) Kat:3, Licht: 0,147769,3,7,0,03,10,6,1,0,1,0,0,0,0,0
"POINT (8.457235244000060 49.519947991000038)",Unfall 147778 (2020) Kat:3, Licht: 0,147778,3,6,2,03,09,2,0,0,0,1,0,0,0,0
"POINT (8.506225669000060 49.507394810000051)",Unfall 147780 (2020) Kat:3, Licht: 2,147780,3,3,5,03,20,5,0,2,1,1,0,0,0,0
"POINT (8.483737407000035 49.497370366000041)",Unfall 147789 (2020) Kat:3, Licht: 0,147789,3,3,5,03,11,5,0,0,1,1,0,0,0,0
"POINT (8.500279163000073 49.474314922000076)",Unfall 147793 (2020) Kat:3, Licht: 0,147793,3,6,2,03,13,7,0,0,0,1,0,0,0,0
"POINT (8.462901646000034 49.486656719000052)",Unfall 147804 (2020) Kat:3, Licht: 2,147804,3,3,5,03,20,5,1,2,0,1,0,0,0,0
"POINT (8.470088843000042 49.505527594000057)",Unfall 147811 (2020) Kat:3, Licht: 0,147811,3,2,5,03,16,5,1,0,0,1,0,0,0,0
"POINT (8.460884612000029 49.495070430000055)",Unfall 147847 (2020) Kat:3, Licht: 2,147847,3,3,5,03,21,7,1,2,0,1,0,0,0,0
"POINT (8.469997159000059 49.505285724000032)",Unfall 147883 (2020) Kat:2, Licht: 0,147883,2,5,0,03,11,3,0,0,1,0,0,0,0,1
"POINT (8.541755242000022 49.490107075000026)",Unfall 147887 (2020) Kat:3, Licht: 0,147887,3,6,3,03,07,3,0,0,1,1,0,0,0,0
"POINT (8.476135729000021 49.496068321000052)",Unfall 147888 (2020) Kat:3, Licht: 0,147888,3,3,5,03,15,2,0,0,0,1,0,0,0,1
"POINT (8.469481475000066 49.464757614000064)",Unfall 147889 (2020) Kat:3, Licht: 0,147889,3,3,5,03,09,5,0,0,1,1,0,0,0,0
"POINT (8.576896322000039 49.438330362000045)",Unfall 147935 (2020) Kat:3, Licht: 0,147935,3,5,1,03,17,3,0,0,0,1,0,1,0,0
"POINT (8.498532365000074 49.500655851000033)",Unfall 147989 (2020) Kat:3, Licht: 0,147989,3,5,5,03,14,6,0,0,0,1,0,0,0,0
"POINT (8.470264759000031 49.493563793000078)",Unfall 147996 (2020) Kat:3, Licht: 2,147996,3,4,6,03,19,5,0,2,0,0,1,0,0,1
"POINT (8.471406570000056 49.525075732000062)",Unfall 148006 (2020) Kat:2, Licht: 0,148006,2,6,3,03,07,1,0,0,1,1,0,0,0,0
"POINT (8.541430580000053 49.484986129000049)",Unfall 148057 (2020) Kat:2, Licht: 0,148057,2,5,1,03,15,7,0,0,1,1,0,0,0,0
"POINT (8.486929978000035 49.479804826000077)",Unfall 148063 (2020) Kat:3, Licht: 0,148063,3,5,1,03,08,2,0,0,0,1,0,0,0,0
"POINT (8.478609338000069 49.490439545000072)",Unfall 148084 (2020) Kat:3, Licht: 2,148084,3,6,2,03,19,6,0,2,0,1,0,0,0,0
"POINT (8.529650577000041 49.507896984000070)",Unfall 148091 (2020) Kat:3, Licht: 2,148091,3,3,5,03,23,5,0,2,0,1,0,1,0,0
"POINT (8.489266176000058 49.522593074000042)",Unfall 148153 (2020) Kat:3, Licht: 0,148153,3,3,5,03,11,2,0,0,1,1,0,0,0,0
"POINT (8.532285996000042 49.513021562000063)",Unfall 148239 (2020) Kat:3, Licht: 0,148239,3,7,6,03,11,5,0,0,0,1,1,0,0,0
"POINT (8.481026278000059 49.539125347000038)",Unfall 148277 (2020) Kat:3, Licht: 0,148277,3,3,5,04,17,2,0,0,1,1,0,0,0,0
"POINT (8.478705394000031 49.490609975000041)",Unfall 148291 (2020) Kat:3, Licht: 0,148291,3,6,3,04,14,5,0,0,0,1,0,0,0,0
"POINT (8.502847552000048 49.503616758000078)",Unfall 148298 (2020) Kat:3, Licht: 0,148298,3,6,1,03,15,4,0,0,0,1,0,0,0,0
"POINT (8.465991827000039 49.488672629000064)",Unfall 148304 (2020) Kat:3, Licht: 0,148304,3,6,1,03,12,4,0,0,0,1,0,0,0,0
"POINT (8.496888091000074 49.499897135000026)",Unfall 148340 (2020) Kat:3, Licht: 0,148340,3,3,5,03,15,3,0,0,0,1,0,1,0,0
"POINT (8.495676411000034 49.499087847000055)",Unfall 148362 (2020) Kat:3, Licht: 0,148362,3,2,3,03,12,2,0,0,1,0,0,0,0,1
"POINT (8.485739578000050 49.462791677000041)",Unfall 148363 (2020) Kat:3, Licht: 0,148363,3,7,0,03,16,2,0,0,0,1,0,1,0,0
"POINT (8.450625507000041 49.544221004000065)",Unfall 148384 (2020) Kat:3, Licht: 0,148384,3,3,5,03,14,1,0,0,0,1,0,0,0,0
"POINT (8.495909473000040 49.508917583000027)",Unfall 148419 (2020) Kat:3, Licht: 0,148419,3,4,0,03,13,2,0,0,0,0,1,0,0,1
"POINT (8.536286940000025 49.421624442000052)",Unfall 148428 (2020) Kat:3, Licht: 0,148428,3,2,2,04,14,2,0,0,1,0,0,0,0,1
"POINT (8.490793960000076 49.530881736000026)",Unfall 148429 (2020) Kat:3, Licht: 0,148429,3,7,3,03,14,6,0,0,1,0,0,0,0,1
"POINT (8.473536569000032 49.466952685000081)",Unfall 148431 (2020) Kat:3, Licht: 0,148431,3,6,2,03,14,6,0,0,0,1,0,0,0,0
"POINT (8.528030374000025 49.506177255000068)",Unfall 148475 (2020) Kat:3, Licht: 0,148475,3,3,5,04,19,4,0,0,0,1,0,0,0,0
"POINT (8.466153588000054 49.464988611000081)",Unfall 148488 (2020) Kat:2, Licht: 0,148488,2,5,1,04,09,5,0,0,1,1,0,0,0,0
"POINT (8.451223389000063 49.545260410000026)",Unfall 148521 (2020) Kat:3, Licht: 0,148521,3,3,5,04,10,7,0,0,1,1,0,0,0,0
"POINT (8.499684226000056 49.453930392000075)",Unfall 148526 (2020) Kat:3, Licht: 0,148526,3,3,5,04,10,5,0,0,0,1,0,0,1,0
"POINT (8.483404969000048 49.454856601000074)",Unfall 148618 (2020) Kat:3, Licht: 0,148618,3,5,1,04,13,3,0,0,0,1,0,0,0,1
"POINT (8.464273396000067 49.485673536000036)",Unfall 148659 (2020) Kat:3, Licht: 0,148659,3,5,1,04,15,3,0,0,1,1,0,0,0,0
"POINT (8.487983715000041 49.498293023000031)",Unfall 148666 (2020) Kat:2, Licht: 0,148666,2,4,6,04,10,5,0,0,0,1,1,0,0,0
"POINT (8.485846641000023 49.523577128000056)",Unfall 148673 (2020) Kat:3, Licht: 0,148673,3,3,4,04,15,7,0,0,0,1,0,1,0,0
"POINT (8.503669942000045 49.448896211000033)",Unfall 148745 (2020) Kat:3, Licht: 0,148745,3,6,1,04,13,4,0,0,0,1,0,1,0,0
"POINT (8.485963158000061 49.466395494000039)",Unfall 148804 (2020) Kat:3, Licht: 0,148804,3,2,5,04,07,5,0,0,1,0,0,0,0,1
"POINT (8.482290598000077 49.454057887000033)",Unfall 148815 (2020) Kat:2, Licht: 0,148815,2,3,5,04,18,5,0,0,1,1,0,0,0,0
"POINT (8.474126683000065 49.544417994000071)",Unfall 148822 (2020) Kat:3, Licht: 0,148822,3,7,0,04,17,6,0,0,1,0,0,0,0,0
"POINT (8.478703471000074 49.487479144000076)",Unfall 148826 (2020) Kat:3, Licht: 0,148826,3,7,1,04,10,6,0,0,0,1,0,0,0,0
"POINT (8.493864350000024 49.455825809000032)",Unfall 148831 (2020) Kat:3, Licht: 0,148831,3,3,5,04,17,6,0,0,1,1,0,0,0,0
"POINT (8.513883830000054 49.454225186000031)",Unfall 148857 (2020) Kat:2, Licht: 0,148857,2,2,5,04,16,2,0,0,0,1,0,1,0,0
"POINT (8.493503137000062 49.534143831000051)",Unfall 148858 (2020) Kat:3, Licht: 0,148858,3,3,5,04,14,2,0,0,0,1,0,0,0,0
"POINT (8.558251638000058 49.469628023000041)",Unfall 148909 (2020) Kat:3, Licht: 0,148909,3,6,3,04,13,1,0,0,1,1,0,0,0,0
"POINT (8.493865485000072 49.455825983000068)",Unfall 148943 (2020) Kat:3, Licht: 0,148943,3,3,5,04,14,7,0,0,0,1,0,0,0,1
"POINT (8.471581451000077 49.493483050000066)",Unfall 148976 (2020) Kat:3, Licht: 0,148976,3,7,0,04,08,2,1,0,1,0,0,0,0,1
"POINT (8.474030509000045 49.516014636000079)",Unfall 148980 (2020) Kat:3, Licht: 0,148980,3,6,2,04,13,4,0,0,0,1,0,0,1,0
"POINT (8.448284735000073 49.542573521000065)",Unfall 149011 (2020) Kat:3, Licht: 0,149011,3,7,6,05,10,7,0,0,0,1,1,0,0,0
"POINT (8.486129671000072 49.526416138000059)",Unfall 149030 (2020) Kat:3, Licht: 0,149030,3,3,5,04,16,4,0,0,0,1,0,0,0,0
"POINT (8.535785790000034 49.455002193000041)",Unfall 149038 (2020) Kat:3, Licht: 2,149038,3,7,0,04,21,5,0,2,0,0,1,1,0,0
"POINT (8.556470613000045 49.511523526000076)",Unfall 149084 (2020) Kat:3, Licht: 1,149084,3,3,5,04,21,2,0,1,0,1,0,0,0,0
"POINT (8.480905152000048 49.547044855000081)",Unfall 149120 (2020) Kat:3, Licht: 0,149120,3,2,6,05,16,7,0,0,0,1,1,0,0,0
"POINT (8.498010542000031 49.502970802000050)",Unfall 149122 (2020) Kat:3, Licht: 0,149122,3,3,5,04,17,6,0,0,0,1,0,0,0,0
"POINT (8.496759573000077 49.452071046000071)",Unfall 149140 (2020) Kat:2, Licht: 0,149140,2,6,3,04,05,4,0,0,1,1,0,0,0,0
"POINT (8.506863033000059 49.447350871000026)",Unfall 149147 (2020) Kat:3, Licht: 0,149147,3,7,3,04,10,5,0,0,0,1,0,0,0,1
"POINT (8.476221324000051 49.463970787000051)",Unfall 149172 (2020) Kat:2, Licht: 0,149172,2,7,0,04,10,2,0,0,0,1,0,0,0,0
"POINT (8.481219130000056 49.479524987000048)",Unfall 149193 (2020) Kat:3, Licht: 0,149193,3,5,0,04,20,7,0,0,1,0,0,0,0,0
"POINT (8.533615919000056 49.435533698000029)",Unfall 149326 (2020) Kat:3, Licht: 0,149326,3,1,1,05,17,2,0,0,0,1,0,0,0,0
"POINT (8.550945916000046 49.498070726000037)",Unfall 149328 (2020) Kat:1, Licht: 2,149328,1,4,6,05,21,2,0,2,0,0,1,0,0,1
"POINT (8.473606013000051 49.518358196000065)",Unfall 149379 (2020) Kat:3, Licht: 0,149379,3,6,3,05,07,4,0,0,1,1,0,0,0,0
"POINT (8.483487602000025 49.500066746000073)",Unfall 149381 (2020) Kat:3, Licht: 1,149381,3,5,1,05,20,4,0,1,1,1,0,0,0,0
"POINT (8.466303974000027 49.490620917000058)",Unfall 149382 (2020) Kat:3, Licht: 2,149382,3,3,5,05,00,4,0,2,1,1,0,0,0,0
"POINT (8.506863033000059 49.447350871000026)",Unfall 149383 (2020) Kat:3, Licht: 0,149383,3,7,3,05,17,4,0,0,0,1,0,0,0,1
"POINT (8.487958484000046 49.458420136000029)",Unfall 149445 (2020) Kat:3, Licht: 1,149445,3,3,4,05,20,3,0,1,1,1,0,0,0,0
"POINT (8.468506484000045 49.480878036000036)",Unfall 149460 (2020) Kat:3, Licht: 0,149460,3,5,1,05,15,3,0,0,1,1,0,0,0,0
"POINT (8.511323590000075 49.518506056000035)",Unfall 149465 (2020) Kat:3, Licht: 0,149465,3,6,1,05,12,3,0,0,0,1,0,0,0,0
"POINT (8.536046944000077 49.420135055000060)",Unfall 149487 (2020) Kat:3, Licht: 0,149487,3,2,5,05,11,5,0,0,0,1,0,0,0,0
"POINT (8.470902098000067 49.450282035000043)",Unfall 149630 (2020) Kat:3, Licht: 0,149630,3,3,5,05,18,7,0,0,0,1,0,1,0,0
"POINT (8.486582055000042 49.513182451000034)",Unfall 149652 (2020) Kat:3, Licht: 0,149652,3,6,2,05,16,4,0,0,0,1,0,0,0,0
"POINT (8.575718404000043 49.440503457000034)",Unfall 149681 (2020) Kat:2, Licht: 0,149681,2,5,5,05,18,1,0,0,1,1,0,0,0,0
"POINT (8.532385167000030 49.506245962000037)",Unfall 149697 (2020) Kat:3, Licht: 0,149697,3,4,0,05,18,7,0,0,0,0,1,0,0,1
"POINT (8.456494539000062 49.491124120000052)",Unfall 149698 (2020) Kat:3, Licht: 0,149698,3,6,2,05,17,6,0,0,0,1,0,0,0,0
"POINT (8.533992990000058 49.424660684000060)",Unfall 149762 (2020) Kat:2, Licht: 0,149762,2,7,0,05,14,5,0,0,1,0,0,0,0,0
"POINT (8.484180883000022 49.470995049000067)",Unfall 149824 (2020) Kat:2, Licht: 0,149824,2,1,0,05,15,4,0,0,0,0,0,1,0,0
"POINT (8.482371041000022 49.485668488000044)",Unfall 149851 (2020) Kat:3, Licht: 0,149851,3,3,5,05,06,2,0,0,0,1,0,1,0,0
"POINT (8.480905152000048 49.547044855000081)",Unfall 149885 (2020) Kat:3, Licht: 0,149885,3,3,5,05,10,6,0,0,1,1,0,0,0,0
"POINT (8.464710557000046 49.487405159000048)",Unfall 150022 (2020) Kat:3, Licht: 0,150022,3,6,0,05,12,5,0,0,1,1,0,0,0,0
"POINT (8.489942395000071 49.457769173000031)",Unfall 150057 (2020) Kat:3, Licht: 0,150057,3,5,1,05,13,4,0,0,1,1,0,0,0,0
"POINT (8.453631723000058 49.550525003000075)",Unfall 150071 (2020) Kat:3, Licht: 0,150071,3,3,5,05,15,5,0,0,0,1,0,0,0,1
"POINT (8.581682152000042 49.442973824000035)",Unfall 150105 (2020) Kat:3, Licht: 0,150105,3,3,5,05,19,1,0,0,1,1,0,0,0,0
"POINT (8.533461809000073 49.473593456000060)",Unfall 150167 (2020) Kat:3, Licht: 0,150167,3,6,0,05,14,4,0,0,1,1,0,0,0,0
"POINT (8.514330249000068 49.433793793000063)",Unfall 150183 (2020) Kat:2, Licht: 2,150183,2,1,0,05,23,5,0,2,1,0,0,0,0,0
"POINT (8.476607704000060 49.502743504000080)",Unfall 150219 (2020) Kat:3, Licht: 0,150219,3,5,5,05,13,7,0,0,1,1,0,0,0,0
"POINT (8.502845197000056 49.475020378000067)",Unfall 150245 (2020) Kat:3, Licht: 0,150245,3,6,4,06,16,5,0,0,0,1,0,1,0,0
"POINT (8.471551013000067 49.493246035000027)",Unfall 150251 (2020) Kat:3, Licht: 0,150251,3,7,0,06,13,5,1,0,1,0,0,0,0,0
"POINT (8.479264040000032 49.482449129000031)",Unfall 150297 (2020) Kat:3, Licht: 2,150297,3,3,5,06,23,7,0,2,0,1,0,0,0,0
"POINT (8.488010577000068 49.527160920000028)",Unfall 150332 (2020) Kat:3, Licht: 0,150332,3,5,0,06,09,4,0,0,1,1,0,0,0,0
"POINT (8.484523475000060 49.468078985000034)",Unfall 150333 (2020) Kat:3, Licht: 0,150333,3,3,5,06,17,4,0,0,1,1,0,0,0,0
"POINT (8.459125920000076 49.492044867000061)",Unfall 150334 (2020) Kat:3, Licht: 0,150334,3,6,3,06,20,4,0,0,0,1,0,0,1,0
"POINT (8.479541422000068 49.475359181000044)",Unfall 150335 (2020) Kat:2, Licht: 0,150335,2,3,5,06,08,4,0,0,1,1,0,0,0,0
"POINT (8.489840435000076 49.453658862000054)",Unfall 150447 (2020) Kat:3, Licht: 0,150447,3,5,0,06,16,3,0,0,1,1,0,0,0,0
"POINT (8.482287007000025 49.454048242000056)",Unfall 150451 (2020) Kat:3, Licht: 0,150451,3,4,6,06,16,3,0,0,0,0,1,0,0,1
"POINT (8.514418056000068 49.433751153000060)",Unfall 150453 (2020) Kat:3, Licht: 0,150453,3,6,3,06,06,3,0,0,1,0,0,0,1,0
"POINT (8.551196672000060 49.511207930000069)",Unfall 150455 (2020) Kat:2, Licht: 0,150455,2,6,1,06,14,3,0,0,0,1,0,0,0,0
"POINT (8.473422260000064 49.518533314000081)",Unfall 150456 (2020) Kat:3, Licht: 0,150456,3,7,0,06,12,3,0,0,0,0,0,1,0,0
"POINT (8.509421616000054 49.443493508000074)",Unfall 150457 (2020) Kat:3, Licht: 0,150457,3,6,9,06,06,3,0,0,0,1,0,0,0,0
"POINT (8.479144846000054 49.452953937000075)",Unfall 150460 (2020) Kat:3, Licht: 0,150460,3,2,3,06,12,7,0,0,1,1,0,0,0,0
"POINT (8.510269384000026 49.516918179000072)",Unfall 150502 (2020) Kat:3, Licht: 0,150502,3,7,6,06,12,5,0,0,0,1,1,0,0,0
"POINT (8.471167138000055 49.546717470000033)",Unfall 150524 (2020) Kat:3, Licht: 0,150524,3,3,5,06,20,2,0,0,1,1,0,0,0,0
"POINT (8.497344362000035 49.450589818000026)",Unfall 150528 (2020) Kat:3, Licht: 0,150528,3,2,0,06,11,2,0,0,1,1,0,0,0,0
"POINT (8.501151368000024 49.514721623000071)",Unfall 150531 (2020) Kat:3, Licht: 0,150531,3,6,3,06,14,2,1,0,0,1,0,1,0,0
"POINT (8.468186802000048 49.479774574000032)",Unfall 150552 (2020) Kat:2, Licht: 1,150552,2,7,6,06,18,3,0,1,1,0,1,0,0,0
"POINT (8.472131585000057 49.494080622000070)",Unfall 150584 (2020) Kat:3, Licht: 0,150584,3,6,2,06,17,2,1,0,0,1,0,0,0,0
"POINT (8.464737704000072 49.486008990000073)",Unfall 150622 (2020) Kat:3, Licht: 0,150622,3,2,6,06,15,4,0,0,0,1,1,0,0,0
"POINT (8.477296812000077 49.499534444000062)",Unfall 150625 (2020) Kat:3, Licht: 0,150625,3,7,5,06,12,6,0,0,1,1,0,0,0,0
"POINT (8.471137112000065 49.480755565000038)",Unfall 150627 (2020) Kat:3, Licht: 2,150627,3,1,0,06,02,5,0,2,0,0,0,0,0,1
"POINT (8.492222882000021 49.458707651000054)",Unfall 150650 (2020) Kat:3, Licht: 0,150650,3,3,5,06,10,2,0,0,1,1,0,0,0,0
"POINT (8.519215303000067 49.423009335000074)",Unfall 150655 (2020) Kat:3, Licht: 0,150655,3,2,3,06,05,3,0,0,1,0,0,0,1,0
"POINT (8.483713194000075 49.495837975000029)",Unfall 150665 (2020) Kat:3, Licht: 0,150665,3,5,1,06,10,7,0,0,1,1,0,0,0,0
"POINT (8.482891283000072 49.468212949000076)",Unfall 150749 (2020) Kat:3, Licht: 0,150749,3,3,5,06,16,2,0,0,1,0,0,1,0,0
"POINT (8.489760373000024 49.493141416000071)",Unfall 150754 (2020) Kat:3, Licht: 0,150754,3,4,6,06,13,3,0,0,0,1,1,0,0,0
"POINT (8.458328654000070 49.545797535000077)",Unfall 150807 (2020) Kat:2, Licht: 0,150807,2,3,5,06,18,3,0,0,1,1,0,0,0,0
"POINT (8.515119458000072 49.507469835000052)",Unfall 150813 (2020) Kat:3, Licht: 0,150813,3,6,3,06,15,3,1,0,1,1,0,0,0,0
"POINT (8.564467375000049 49.466159468000058)",Unfall 150818 (2020) Kat:3, Licht: 0,150818,3,6,0,06,07,3,0,0,1,1,0,0,0,0
"POINT (8.525640561000046 49.510120082000071)",Unfall 150820 (2020) Kat:3, Licht: 0,150820,3,6,2,06,17,3,0,0,0,1,0,0,0,0
"POINT (8.540920233000065 49.490149960000053)",Unfall 150823 (2020) Kat:3, Licht: 0,150823,3,7,6,06,13,3,1,0,0,1,1,0,0,0
"POINT (8.507735212000057 49.511621446000049)",Unfall 150900 (2020) Kat:3, Licht: 1,150900,3,5,1,06,06,5,0,1,0,1,0,0,0,0
"POINT (8.534653466000066 49.423874045000048)",Unfall 150903 (2020) Kat:3, Licht: 1,150903,3,2,3,06,21,5,0,1,0,1,0,1,0,0
"POINT (8.475445304000061 49.465107544000034)",Unfall 150919 (2020) Kat:3, Licht: 1,150919,3,3,5,06,21,7,0,1,0,1,0,1,0,0
"POINT (8.509152094000058 49.478575759000080)",Unfall 150976 (2020) Kat:3, Licht: 0,150976,3,6,2,06,13,4,1,0,0,1,0,0,0,1
"POINT (8.483672684000055 49.510090868000077)",Unfall 151068 (2020) Kat:3, Licht: 0,151068,3,2,5,06,20,3,0,0,0,1,0,0,0,0
"POINT (8.480999270000041 49.544576837000079)",Unfall 151071 (2020) Kat:3, Licht: 0,151071,3,2,4,06,17,5,0,0,0,1,0,1,0,0
"POINT (8.469978799000046 49.486277257000040)",Unfall 151079 (2020) Kat:3, Licht: 0,151079,3,4,6,06,13,2,0,0,0,0,1,0,0,1
"POINT (8.460230804000048 49.519133199000066)",Unfall 151104 (2020) Kat:3, Licht: 0,151104,3,3,5,06,15,3,0,0,1,1,0,0,0,0
"POINT (8.525510939000071 49.423097056000074)",Unfall 151107 (2020) Kat:3, Licht: 0,151107,3,7,0,06,10,5,0,0,1,0,0,0,0,0
"POINT (8.490542222000045 49.530576901000074)",Unfall 151172 (2020) Kat:2, Licht: 0,151172,2,2,4,06,13,3,0,0,0,1,0,1,0,0
"POINT (8.481066461000069 49.547023010000032)",Unfall 151225 (2020) Kat:3, Licht: 0,151225,3,2,5,06,05,4,0,0,0,1,0,1,0,0
"POINT (8.474239049000062 49.517717955000080)",Unfall 151232 (2020) Kat:3, Licht: 0,151232,3,6,2,06,16,4,0,0,0,1,0,0,0,0
"POINT (8.491554359000077 49.454425420000064)",Unfall 151233 (2020) Kat:3, Licht: 0,151233,3,3,5,06,10,4,0,0,1,1,0,0,0,0
"POINT (8.485142051000025 49.458034268000063)",Unfall 151236 (2020) Kat:3, Licht: 0,151236,3,7,6,06,12,4,0,0,0,1,1,0,0,0
"POINT (8.495387546000075 49.521362646000057)",Unfall 151260 (2020) Kat:3, Licht: 0,151260,3,7,6,06,14,3,0,0,1,0,1,0,0,0
"POINT (8.467080743000054 49.471983769000076)",Unfall 151275 (2020) Kat:3, Licht: 0,151275,3,2,6,06,17,1,0,0,0,1,1,0,0,0
"POINT (8.524813339000048 49.436417324000047)",Unfall 151350 (2020) Kat:3, Licht: 0,151350,3,4,6,06,11,1,0,0,0,1,1,0,0,0
"POINT (8.473995939000076 49.496129025000073)",Unfall 151366 (2020) Kat:3, Licht: 0,151366,3,6,1,06,19,3,0,0,0,1,0,1,0,0
"POINT (8.474775177000026 49.496503964000055)",Unfall 151373 (2020) Kat:3, Licht: 0,151373,3,6,3,07,13,4,0,0,0,1,0,1,0,0
"POINT (8.488285112000028 49.463617450000072)",Unfall 151446 (2020) Kat:2, Licht: 0,151446,2,7,3,06,10,2,0,0,0,0,0,0,1,1
"POINT (8.454983741000035 49.521534766000059)",Unfall 151478 (2020) Kat:3, Licht: 0,151478,3,1,0,07,11,4,0,0,1,0,0,0,0,0
"POINT (8.466161764000049 49.490676528000051)",Unfall 151533 (2020) Kat:3, Licht: 0,151533,3,7,6,06,21,2,0,0,1,0,1,0,0,0
"POINT (8.480888698000058 49.547046144000035)",Unfall 151541 (2020) Kat:3, Licht: 1,151541,3,3,5,07,21,5,0,1,1,1,0,0,0,0
"POINT (8.477927682000029 49.480823583000074)",Unfall 151543 (2020) Kat:3, Licht: 0,151543,3,2,2,07,14,5,0,0,0,1,0,1,0,0
"POINT (8.491311933000077 49.510584145000053)",Unfall 151545 (2020) Kat:3, Licht: 0,151545,3,1,8,07,20,2,0,0,0,1,0,0,0,0
"POINT (8.459869725000033 49.495020744000044)",Unfall 151548 (2020) Kat:3, Licht: 0,151548,3,6,3,07,19,1,0,0,1,1,0,0,0,0
"POINT (8.456018840000070 49.483885934000057)",Unfall 151550 (2020) Kat:3, Licht: 0,151550,3,7,0,07,19,1,0,0,0,0,0,0,0,1
"POINT (8.478518164000036 49.460279364000030)",Unfall 151553 (2020) Kat:3, Licht: 0,151553,3,3,5,07,10,5,0,0,1,1,0,0,0,0
"POINT (8.457208151000032 49.494216648000076)",Unfall 151555 (2020) Kat:3, Licht: 0,151555,3,2,6,07,19,5,0,0,0,1,1,0,0,0
"POINT (8.536046944000077 49.420135055000060)",Unfall 151610 (2020) Kat:3, Licht: 0,151610,3,2,3,07,10,2,0,0,1,0,0,0,0,1
"POINT (8.479658421000067 49.501334837000059)",Unfall 151619 (2020) Kat:3, Licht: 0,151619,3,2,5,07,14,7,0,0,1,1,0,0,0,0
"POINT (8.491582944000072 49.510529725000026)",Unfall 151701 (2020) Kat:3, Licht: 2,151701,3,3,5,07,01,2,0,2,0,1,0,0,0,0
"POINT (8.466168948000075 49.470396493000067)",Unfall 151814 (2020) Kat:3, Licht: 0,151814,3,6,4,07,17,5,0,0,1,1,0,0,0,0
"POINT (8.479672107000056 49.479412706000062)",Unfall 151826 (2020) Kat:3, Licht: 0,151826,3,2,4,07,14,3,0,0,1,1,0,0,0,0
"POINT (8.529268165000076 49.412227417000054)",Unfall 151831 (2020) Kat:3, Licht: 0,151831,3,7,0,07,18,3,0,0,0,0,0,1,0,0
"POINT (8.480469933000052 49.462880539000025)",Unfall 151835 (2020) Kat:3, Licht: 2,151835,3,1,0,07,23,3,0,2,0,0,0,1,0,0
"POINT (8.466183259000047 49.473559545000057)",Unfall 151838 (2020) Kat:3, Licht: 0,151838,3,2,1,07,13,4,0,0,1,1,0,0,0,0
"POINT (8.523969360000024 49.433235745000047)",Unfall 151841 (2020) Kat:3, Licht: 0,151841,3,7,0,07,13,3,0,0,1,1,0,0,0,0
"POINT (8.467889222000054 49.498744054000042)",Unfall 151846 (2020) Kat:3, Licht: 0,151846,3,7,0,07,13,3,0,0,0,0,1,0,0,1
"POINT (8.528333106000048 49.491666934000079)",Unfall 151891 (2020) Kat:2, Licht: 0,151891,2,5,1,07,19,5,0,0,1,1,0,0,0,0
"POINT (8.492520669000044 49.506959292000033)",Unfall 151916 (2020) Kat:3, Licht: 0,151916,3,7,1,07,16,5,0,0,1,1,0,0,0,0
"POINT (8.470804693000048 49.490292279000073)",Unfall 151966 (2020) Kat:3, Licht: 0,151966,3,6,3,07,16,5,0,0,1,1,0,0,0,0
"POINT (8.450027591000037 49.549680567000053)",Unfall 151970 (2020) Kat:3, Licht: 0,151970,3,6,2,07,16,6,0,0,0,1,0,0,0,0
"POINT (8.471953988000053 49.492926991000047)",Unfall 151990 (2020) Kat:3, Licht: 0,151990,3,4,6,07,18,4,0,0,0,1,1,0,0,0
"POINT (8.474031446000026 49.482360357000061)",Unfall 152042 (2020) Kat:3, Licht: 0,152042,3,3,0,07,16,5,0,0,1,1,0,0,0,0
"POINT (8.519375023000066 49.505494898000052)",Unfall 152054 (2020) Kat:3, Licht: 0,152054,3,7,0,07,14,2,0,0,1,0,0,0,1,0
"POINT (8.566608462000033 49.456920850000074)",Unfall 152059 (2020) Kat:3, Licht: 0,152059,3,6,5,07,18,3,0,0,1,0,0,0,0,0
"POINT (8.473208907000071 49.481464212000049)",Unfall 152099 (2020) Kat:3, Licht: 0,152099,3,7,4,07,15,3,0,0,1,0,0,1,0,0
"POINT (8.507384117000072 49.505361911000080)",Unfall 152104 (2020) Kat:3, Licht: 0,152104,3,6,1,07,07,2,0,0,0,1,0,1,0,0
"POINT (8.519167207000066 49.490234340000029)",Unfall 152105 (2020) Kat:3, Licht: 0,152105,3,3,5,07,08,1,0,0,1,1,0,0,0,0
"POINT (8.455150163000042 49.544177038000043)",Unfall 152107 (2020) Kat:3, Licht: 0,152107,3,7,1,07,17,2,0,0,0,1,0,1,0,0
"POINT (8.527292056000022 49.513907905000053)",Unfall 152111 (2020) Kat:2, Licht: 0,152111,2,3,5,07,15,3,0,0,1,0,0,1,0,0
"POINT (8.470403767000050 49.507562969000048)",Unfall 152112 (2020) Kat:3, Licht: 0,152112,3,4,6,07,15,5,0,0,1,0,1,0,0,0
"POINT (8.449863240000070 49.510000304000073)",Unfall 152151 (2020) Kat:3, Licht: 0,152151,3,2,4,07,15,3,0,0,0,1,0,1,0,0
"POINT (8.460077650000073 49.493072808000079)",Unfall 152212 (2020) Kat:3, Licht: 0,152212,3,3,0,07,16,2,0,0,1,1,0,0,0,0
"POINT (8.562721541000030 49.467206026000042)",Unfall 152219 (2020) Kat:2, Licht: 0,152219,2,6,0,07,17,3,0,0,1,1,0,0,0,0
"POINT (8.477809138000055 49.480798474000039)",Unfall 152256 (2020) Kat:3, Licht: 2,152256,3,1,0,07,03,4,1,2,1,0,0,0,0,0
"POINT (8.493684452000025 49.500808890000030)",Unfall 152259 (2020) Kat:3, Licht: 0,152259,3,3,5,07,13,3,0,0,1,1,0,0,0,0
"POINT (8.469243665000022 49.476926737000042)",Unfall 152267 (2020) Kat:3, Licht: 0,152267,3,3,5,07,09,2,0,0,0,1,0,0,0,0
"POINT (8.504714953000075 49.448077452000064)",Unfall 152277 (2020) Kat:3, Licht: 0,152277,3,7,5,07,12,7,0,0,0,1,0,1,0,0
"POINT (8.548249060000046 49.502226770000050)",Unfall 152281 (2020) Kat:3, Licht: 0,152281,3,3,0,07,16,7,0,0,1,1,0,0,0,0
"POINT (8.484265635000043 49.456052221000050)",Unfall 152297 (2020) Kat:3, Licht: 0,152297,3,3,5,07,16,4,0,0,0,1,0,1,0,0
"POINT (8.492656730000022 49.533091054000067)",Unfall 152352 (2020) Kat:3, Licht: 0,152352,3,6,2,07,16,1,0,0,1,1,0,0,0,0
"POINT (8.467838750000055 49.490781961000039)",Unfall 152361 (2020) Kat:3, Licht: 0,152361,3,4,6,07,11,7,0,0,1,0,1,0,0,0
"POINT (8.551112342000067 49.511183703000029)",Unfall 152362 (2020) Kat:3, Licht: 0,152362,3,6,2,07,08,3,0,0,0,1,0,0,1,0
"POINT (8.484161670000049 49.498798706000059)",Unfall 152470 (2020) Kat:3, Licht: 1,152470,3,3,5,07,05,3,0,1,0,1,0,1,0,0
"POINT (8.483625606000032 49.509087519000047)",Unfall 152475 (2020) Kat:3, Licht: 0,152475,3,1,0,07,14,6,0,0,0,1,0,0,0,0
"POINT (8.478754931000026 49.546929506000026)",Unfall 152478 (2020) Kat:3, Licht: 0,152478,3,2,5,07,14,6,0,0,1,1,0,0,0,0
"POINT (8.477309723000076 49.497383403000072)",Unfall 152511 (2020) Kat:3, Licht: 2,152511,3,3,5,07,23,1,0,2,1,1,0,0,0,0
"POINT (8.491153662000045 49.499642974000039)",Unfall 152522 (2020) Kat:3, Licht: 0,152522,3,3,5,07,14,3,0,0,1,0,0,0,0,1
"POINT (8.510446707000028 49.446608725000033)",Unfall 152525 (2020) Kat:3, Licht: 0,152525,3,3,5,07,14,2,0,0,1,1,0,0,0,0
"POINT (8.524738754000055 49.421538740000074)",Unfall 152575 (2020) Kat:3, Licht: 0,152575,3,1,0,07,13,1,0,0,1,0,0,0,0,0
"POINT (8.476276767000059 49.488715818000060)",Unfall 152595 (2020) Kat:2, Licht: 0,152595,2,3,5,07,19,2,0,0,1,1,0,0,0,0
"POINT (8.512214548000031 49.489082091000057)",Unfall 152638 (2020) Kat:2, Licht: 0,152638,2,3,5,07,15,7,0,0,1,1,0,0,0,0
"POINT (8.463169290000053 49.484515894000026)",Unfall 152704 (2020) Kat:3, Licht: 0,152704,3,6,1,07,12,2,0,0,0,1,0,1,0,0
"POINT (8.483198585000025 49.496575017000055)",Unfall 152718 (2020) Kat:3, Licht: 0,152718,3,3,5,07,06,6,0,0,0,1,0,0,0,0
"POINT (8.471973575000050 49.485442469000077)",Unfall 152743 (2020) Kat:3, Licht: 0,152743,3,5,0,07,12,4,0,0,1,1,0,0,0,0
"POINT (8.449214846000075 49.541187925000031)",Unfall 152910 (2020) Kat:3, Licht: 0,152910,3,7,6,07,17,3,0,0,1,0,1,0,0,0
"POINT (8.463536395000062 49.487353184000028)",Unfall 153040 (2020) Kat:3, Licht: 0,153040,3,5,1,07,13,4,0,0,1,1,0,0,0,0
"POINT (8.470826062000072 49.482514839000032)",Unfall 153060 (2020) Kat:3, Licht: 0,153060,3,2,1,07,18,5,0,0,1,1,0,0,0,0
"POINT (8.481581938000034 49.474828218000027)",Unfall 153064 (2020) Kat:3, Licht: 0,153064,3,7,6,07,11,5,0,0,0,1,1,0,0,0
"POINT (8.508920403000047 49.428478408000046)",Unfall 153070 (2020) Kat:3, Licht: 0,153070,3,7,1,07,17,5,0,0,0,1,0,0,0,0
"POINT (8.500520349000055 49.526302783000062)",Unfall 153072 (2020) Kat:2, Licht: 0,153072,2,3,5,07,14,5,0,0,1,1,0,0,0,0
"POINT (8.468372801000044 49.475941751000050)",Unfall 153079 (2020) Kat:3, Licht: 0,153079,3,3,5,07,18,5,0,0,0,1,0,0,0,1
"POINT (8.471336528000052 49.479420857000036)",Unfall 153105 (2020) Kat:3, Licht: 0,153105,3,7,0,08,17,3,0,0,1,0,0,0,0,0
"POINT (8.527703081000027 49.443826909000052)",Unfall 153181 (2020) Kat:3, Licht: 0,153181,3,5,3,08,19,1,0,0,1,1,0,0,0,0
"POINT (8.478445588000056 49.514365897000062)",Unfall 153184 (2020) Kat:3, Licht: 0,153184,3,6,2,08,18,4,0,0,0,1,0,0,0,0
"POINT (8.483224058000076 49.532110545000080)",Unfall 153189 (2020) Kat:3, Licht: 0,153189,3,3,5,08,20,1,0,0,0,1,0,0,0,0
"POINT (8.491966391000062 49.469780174000050)",Unfall 153223 (2020) Kat:3, Licht: 0,153223,3,6,1,08,09,2,0,0,0,1,0,0,0,0
"POINT (8.461953676000064 49.489355251000063)",Unfall 153236 (2020) Kat:3, Licht: 0,153236,3,3,5,08,17,2,0,0,0,1,0,0,0,1
"POINT (8.477010520000022 49.515571568000041)",Unfall 153306 (2020) Kat:3, Licht: 0,153306,3,7,1,08,10,5,0,0,0,0,0,1,0,1
"POINT (8.467424365000056 49.490350928000055)",Unfall 153323 (2020) Kat:3, Licht: 2,153323,3,7,0,08,02,7,0,2,0,1,0,0,0,0
"POINT (8.498912026000028 49.477898528000026)",Unfall 153368 (2020) Kat:2, Licht: 0,153368,2,3,5,08,10,5,1,0,1,1,0,0,0,0
"POINT (8.554256175000035 49.497036528000081)",Unfall 153381 (2020) Kat:3, Licht: 0,153381,3,7,0,08,13,4,0,0,1,0,0,0,0,0
"POINT (8.468807193000032 49.487584809000055)",Unfall 153382 (2020) Kat:3, Licht: 0,153382,3,5,1,08,15,4,0,0,1,1,0,0,0,0
"POINT (8.476937015000033 49.503945126000076)",Unfall 153383 (2020) Kat:3, Licht: 0,153383,3,2,4,08,13,4,0,0,1,1,0,0,0,0
"POINT (8.477474991000065 49.485882413000070)",Unfall 153402 (2020) Kat:3, Licht: 0,153402,3,5,1,08,13,7,0,0,1,1,0,0,0,0
"POINT (8.477913437000041 49.497593161000054)",Unfall 153471 (2020) Kat:3, Licht: 0,153471,3,5,5,08,06,5,0,0,1,1,0,0,0,0
"POINT (8.468487940000046 49.544274768000037)",Unfall 153519 (2020) Kat:3, Licht: 1,153519,3,3,5,08,05,2,0,1,0,1,0,0,0,0
"POINT (8.523506625000039 49.435925324000038)",Unfall 153521 (2020) Kat:3, Licht: 0,153521,3,5,1,08,18,2,0,0,0,1,0,0,0,1
"POINT (8.506449068000052 49.474620789000028)",Unfall 153569 (2020) Kat:3, Licht: 0,153569,3,2,3,08,09,6,0,0,1,1,0,0,0,0
"POINT (8.476327440000034 49.484809646000031)",Unfall 153573 (2020) Kat:3, Licht: 0,153573,3,3,5,08,09,5,1,0,1,0,0,0,0,0
"POINT (8.482080973000052 49.490103222000073)",Unfall 153574 (2020) Kat:3, Licht: 0,153574,3,7,0,08,10,1,0,0,1,0,0,0,0,0
"POINT (8.507465206000063 49.444611904000055)",Unfall 153623 (2020) Kat:2, Licht: 0,153623,2,5,1,08,15,3,1,0,1,1,0,0,0,0
"POINT (8.496576434000076 49.520939921000036)",Unfall 153624 (2020) Kat:3, Licht: 0,153624,3,3,5,08,12,2,0,0,0,1,0,0,0,1
"POINT (8.499146270000040 49.473178170000040)",Unfall 153628 (2020) Kat:3, Licht: 0,153628,3,3,5,08,13,1,0,0,0,1,0,0,0,1
"POINT (8.488040727000055 49.463610354000082)",Unfall 153632 (2020) Kat:3, Licht: 2,153632,3,2,5,08,21,5,0,2,1,1,0,0,0,0
"POINT (8.503560319000030 49.492807667000079)",Unfall 153667 (2020) Kat:3, Licht: 0,153667,3,2,2,08,07,6,0,0,0,1,0,0,0,0
"POINT (8.462769591000040 49.521102412000062)",Unfall 153683 (2020) Kat:3, Licht: 0,153683,3,7,1,08,18,1,0,0,1,0,0,0,1,0
"POINT (8.466347390000067 49.490395323000030)",Unfall 153738 (2020) Kat:2, Licht: 0,153738,2,7,0,08,12,1,0,0,0,0,0,1,0,0
"POINT (8.469376498000031 49.487366780000059)",Unfall 153766 (2020) Kat:3, Licht: 0,153766,3,4,0,08,17,6,0,0,1,1,1,0,0,0
"POINT (8.493966183000055 49.511665464000032)",Unfall 153774 (2020) Kat:2, Licht: 1,153774,2,3,5,08,05,6,0,1,1,1,0,0,0,0
"POINT (8.521991273000026 49.514849322000032)",Unfall 153785 (2020) Kat:3, Licht: 1,153785,3,1,0,08,20,3,1,1,0,0,0,1,0,0
"POINT (8.469946044000039 49.489187685000047)",Unfall 153791 (2020) Kat:3, Licht: 0,153791,3,3,5,08,15,5,0,0,0,1,0,1,0,0
"POINT (8.525893692000068 49.435320166000054)",Unfall 153826 (2020) Kat:3, Licht: 0,153826,3,6,4,08,17,6,0,0,0,1,0,0,0,0
"POINT (8.465833965000059 49.490804711000067)",Unfall 153843 (2020) Kat:3, Licht: 2,153843,3,7,0,08,00,1,0,2,0,0,1,0,0,1
"POINT (8.495424834000062 49.451620446000049)",Unfall 153871 (2020) Kat:2, Licht: 0,153871,2,2,5,08,18,5,0,0,1,1,0,0,0,0
"POINT (8.486362813000028 49.526423986000054)",Unfall 153879 (2020) Kat:2, Licht: 0,153879,2,2,3,08,16,6,0,0,1,1,0,0,0,0
"POINT (8.533399843000041 49.486292217000027)",Unfall 153946 (2020) Kat:2, Licht: 0,153946,2,7,6,08,11,4,0,0,0,1,1,0,0,0
"POINT (8.466167715000040 49.499689369000066)",Unfall 153970 (2020) Kat:3, Licht: 2,153970,3,7,3,08,23,6,0,2,1,1,0,0,0,0
"POINT (8.473886955000069 49.518087112000046)",Unfall 154001 (2020) Kat:3, Licht: 0,154001,3,3,5,08,19,7,0,0,1,1,0,0,0,0
"POINT (8.473638253000047 49.481377128000076)",Unfall 154018 (2020) Kat:3, Licht: 1,154018,3,5,0,08,20,3,0,1,0,1,0,0,0,1
"POINT (8.468503311000063 49.498542627000063)",Unfall 154019 (2020) Kat:3, Licht: 0,154019,3,6,4,08,09,3,0,0,0,0,0,0,0,1
"POINT (8.470058433000077 49.504580642000064)",Unfall 154021 (2020) Kat:3, Licht: 0,154021,3,7,0,08,12,3,0,0,1,0,0,0,0,1
"POINT (8.479484541000034 49.489811368000062)",Unfall 154066 (2020) Kat:3, Licht: 0,154066,3,6,2,08,14,2,0,0,0,1,0,0,0,0
"POINT (8.482114970000055 49.478783650000025)",Unfall 154067 (2020) Kat:3, Licht: 0,154067,3,3,5,08,12,2,0,0,1,1,0,0,0,0
"POINT (8.483968753000056 49.510204516000044)",Unfall 154069 (2020) Kat:3, Licht: 0,154069,3,3,5,08,13,2,0,0,1,0,0,1,0,0
"POINT (8.534312286000045 49.417616067000040)",Unfall 154070 (2020) Kat:3, Licht: 0,154070,3,5,1,08,14,2,0,0,0,1,0,0,0,0
"POINT (8.465457121000043 49.488216671000032)",Unfall 154071 (2020) Kat:3, Licht: 0,154071,3,5,3,08,12,2,0,0,1,1,0,0,0,0
"POINT (8.487023681000039 49.496420785000055)",Unfall 154074 (2020) Kat:3, Licht: 0,154074,3,7,5,08,18,2,0,0,0,0,0,0,1,1
"POINT (8.481113382000046 49.456828919000031)",Unfall 154075 (2020) Kat:2, Licht: 0,154075,2,3,5,08,07,2,0,0,1,1,0,0,0,0
"POINT (8.473482118000050 49.483609151000053)",Unfall 154076 (2020) Kat:3, Licht: 0,154076,3,7,6,08,11,6,1,0,0,0,1,1,0,0
"POINT (8.521669788000054 49.508644379000032)",Unfall 154125 (2020) Kat:3, Licht: 2,154125,3,2,3,09,21,3,0,2,1,1,0,0,0,0
"POINT (8.484357055000032 49.462308374000031)",Unfall 154143 (2020) Kat:3, Licht: 0,154143,3,3,5,09,16,5,0,0,0,1,0,1,0,0
"POINT (8.469236879000050 49.485553122000056)",Unfall 154149 (2020) Kat:2, Licht: 0,154149,2,7,0,09,09,6,0,0,0,0,0,0,0,1
"POINT (8.499847746000057 49.505842177000034)",Unfall 154161 (2020) Kat:3, Licht: 0,154161,3,6,2,09,13,4,0,0,0,1,0,0,0,0
"POINT (8.473012411000070 49.483134640000060)",Unfall 154190 (2020) Kat:3, Licht: 2,154190,3,6,3,09,20,7,1,2,0,1,0,1,0,0
"POINT (8.462090972000055 49.500171365000028)",Unfall 154210 (2020) Kat:3, Licht: 0,154210,3,7,1,09,15,4,0,0,0,1,0,0,0,0
"POINT (8.467851249000034 49.481137629000045)",Unfall 154214 (2020) Kat:3, Licht: 2,154214,3,5,5,08,21,2,1,2,1,1,0,0,0,0
"POINT (8.544632935000038 49.507130071000063)",Unfall 154218 (2020) Kat:3, Licht: 0,154218,3,7,0,08,17,2,0,0,0,0,0,0,0,1
"POINT (8.502056652000022 49.519485792000069)",Unfall 154227 (2020) Kat:3, Licht: 0,154227,3,3,5,08,15,2,0,0,0,1,0,1,0,0
"POINT (8.455323540000052 49.549528180000038)",Unfall 154237 (2020) Kat:3, Licht: 0,154237,3,3,5,08,14,2,0,0,0,1,0,0,0,0
"POINT (8.486441422000041 49.513219036000066)",Unfall 154251 (2020) Kat:3, Licht: 0,154251,3,1,0,09,16,5,0,0,0,0,0,1,0,0
"POINT (8.515046053000049 49.460411244000056)",Unfall 154258 (2020) Kat:3, Licht: 0,154258,3,7,0,09,15,6,0,0,1,0,0,0,0,0
"POINT (8.472530997000035 49.480725923000080)",Unfall 154297 (2020) Kat:3, Licht: 0,154297,3,3,5,08,19,1,1,0,1,1,0,0,0,0
"POINT (8.466711982000049 49.488387934000059)",Unfall 154299 (2020) Kat:3, Licht: 2,154299,3,7,0,09,22,7,1,2,0,0,0,0,0,1
"POINT (8.489812210000025 49.507428535000031)",Unfall 154302 (2020) Kat:3, Licht: 0,154302,3,6,4,08,16,1,0,0,0,1,0,1,0,0
"POINT (8.488577342000042 49.495282467000038)",Unfall 154319 (2020) Kat:2, Licht: 0,154319,2,6,1,09,13,4,0,0,0,1,0,1,0,0
"POINT (8.486156297000036 49.466183450000074)",Unfall 154329 (2020) Kat:3, Licht: 0,154329,3,2,5,09,10,2,0,0,1,1,0,0,0,0
"POINT (8.451209683000059 49.514917545000060)",Unfall 154379 (2020) Kat:3, Licht: 0,154379,3,7,0,09,15,3,0,0,1,0,0,0,0,0
"POINT (8.486173434000023 49.524798730000043)",Unfall 154404 (2020) Kat:3, Licht: 0,154404,3,5,1,09,10,5,0,0,1,1,0,0,0,0
"POINT (8.487064092000026 49.465097527000069)",Unfall 154406 (2020) Kat:2, Licht: 0,154406,2,1,0,09,08,5,0,0,1,0,0,0,0,0
"POINT (8.498017367000045 49.527300985000068)",Unfall 154445 (2020) Kat:3, Licht: 0,154445,3,3,5,09,11,6,0,0,0,1,0,0,0,0
"POINT (8.462722014000065 49.487702768000077)",Unfall 154447 (2020) Kat:3, Licht: 0,154447,3,5,1,09,16,6,0,0,1,1,0,0,0,0
"POINT (8.470176838000043 49.487060489000044)",Unfall 154450 (2020) Kat:3, Licht: 0,154450,3,3,5,09,17,6,0,0,1,1,0,0,0,0
"POINT (8.559213681000074 49.465761838000049)",Unfall 154488 (2020) Kat:3, Licht: 0,154488,3,5,1,09,10,7,0,0,1,1,0,0,0,0
"POINT (8.521655362000047 49.515088737000042)",Unfall 154495 (2020) Kat:2, Licht: 2,154495,2,1,0,09,21,7,0,2,0,0,0,1,0,0
"POINT (8.527450462000047 49.433477617000051)",Unfall 154503 (2020) Kat:3, Licht: 0,154503,3,3,5,09,16,4,0,0,1,1,0,0,0,0
"POINT (8.498968394000031 49.473382281000056)",Unfall 154505 (2020) Kat:3, Licht: 0,154505,3,7,6,09,15,4,0,0,0,0,1,0,0,1
"POINT (8.496933170000034 49.508200412000065)",Unfall 154507 (2020) Kat:3, Licht: 0,154507,3,2,1,09,15,4,0,0,0,1,0,1,0,0
"POINT (8.470901637000054 49.480812846000049)",Unfall 154508 (2020) Kat:3, Licht: 0,154508,3,4,6,09,12,4,0,0,0,0,1,0,0,1
"POINT (8.469907211000077 49.481603929000073)",Unfall 154571 (2020) Kat:3, Licht: 0,154571,3,2,6,09,10,3,0,0,0,1,1,0,0,0
"POINT (8.467253366000023 49.539895233000038)",Unfall 154646 (2020) Kat:3, Licht: 0,154646,3,2,1,09,07,2,0,0,0,1,0,0,0,0
"POINT (8.536285192000037 49.421630864000065)",Unfall 154648 (2020) Kat:3, Licht: 1,154648,3,3,5,09,05,2,0,1,1,1,0,0,0,0
"POINT (8.457538068000076 49.496569504000036)",Unfall 154693 (2020) Kat:3, Licht: 0,154693,3,5,5,09,11,3,0,0,0,1,0,0,0,0
"POINT (8.460390107000023 49.519177864000028)",Unfall 154732 (2020) Kat:3, Licht: 2,154732,3,2,2,09,06,4,0,2,0,1,0,0,0,0
"POINT (8.474999005000029 49.480481111000074)",Unfall 154760 (2020) Kat:3, Licht: 0,154760,3,2,4,09,18,2,0,0,0,1,0,0,0,0
"POINT (8.471421976000045 49.500082071000065)",Unfall 154794 (2020) Kat:3, Licht: 2,154794,3,1,0,09,22,2,0,2,0,0,0,0,0,1
"POINT (8.470238727000037 49.502920810000035)",Unfall 154819 (2020) Kat:2, Licht: 0,154819,2,2,5,09,17,2,0,0,1,1,0,0,0,0
"POINT (8.468458864000070 49.493924505000052)",Unfall 154838 (2020) Kat:3, Licht: 0,154838,3,2,5,09,17,5,0,0,0,1,0,1,0,0
"POINT (8.470452593000061 49.508598909000057)",Unfall 154853 (2020) Kat:3, Licht: 2,154853,3,3,5,09,03,1,0,2,0,1,0,0,0,0
"POINT (8.471971321000069 49.490464994000035)",Unfall 154858 (2020) Kat:3, Licht: 0,154858,3,3,5,09,11,3,0,0,0,1,0,1,0,0
"POINT (8.467644032000067 49.477790790000029)",Unfall 154898 (2020) Kat:3, Licht: 0,154898,3,1,0,09,18,4,0,0,1,0,0,0,0,0
"POINT (8.476740624000058 49.508396895000033)",Unfall 154956 (2020) Kat:3, Licht: 0,154956,3,6,1,09,14,4,0,0,0,1,0,0,0,0
"POINT (8.485011216000032 49.510647487000028)",Unfall 154987 (2020) Kat:3, Licht: 0,154987,3,1,0,09,13,6,0,0,1,0,0,0,0,0
"POINT (8.452640732000020 49.515692936000050)",Unfall 154989 (2020) Kat:1, Licht: 0,154989,1,7,6,09,07,6,0,0,0,1,1,0,1,0
"POINT (8.467022955000061 49.489918679000027)",Unfall 154992 (2020) Kat:1, Licht: 0,154992,1,2,3,09,11,6,0,0,1,1,0,0,0,0
"POINT (8.501941828000042 49.530440536000071)",Unfall 154993 (2020) Kat:3, Licht: 0,154993,3,2,0,09,08,2,0,0,0,0,0,0,1,0
"POINT (8.536086976000036 49.473339779000071)",Unfall 154995 (2020) Kat:3, Licht: 0,154995,3,5,5,09,11,2,0,0,0,1,0,0,0,0
"POINT (8.520296348000045 49.440571674000068)",Unfall 154996 (2020) Kat:3, Licht: 0,154996,3,3,3,09,15,2,0,0,0,1,0,0,0,0
"POINT (8.477626365000049 49.546838519000062)",Unfall 155126 (2020) Kat:3, Licht: 1,155126,3,7,0,09,18,3,0,1,0,0,1,0,0,1
"POINT (8.463285251000059 49.488883930000043)",Unfall 155136 (2020) Kat:3, Licht: 0,155136,3,5,0,09,10,4,0,0,1,1,0,0,0,0
"POINT (8.466395770000077 49.489235601000075)",Unfall 155151 (2020) Kat:3, Licht: 0,155151,3,7,6,09,13,7,0,0,1,0,1,0,0,0
"POINT (8.488952791000031 49.455923141000028)",Unfall 155230 (2020) Kat:3, Licht: 0,155230,3,7,0,09,13,6,0,0,1,0,0,0,0,0
"POINT (8.519381928000030 49.421430371000042)",Unfall 155241 (2020) Kat:3, Licht: 0,155241,3,3,5,09,15,2,0,0,0,1,0,0,1,0
"POINT (8.508963398000049 49.519265190000056)",Unfall 155257 (2020) Kat:2, Licht: 2,155257,2,1,8,09,20,5,1,2,0,1,0,0,0,0
"POINT (8.488944596000067 49.498221381000064)",Unfall 155260 (2020) Kat:3, Licht: 0,155260,3,6,2,09,12,5,0,0,0,1,0,0,0,1
"POINT (8.470131182000046 49.501860984000075)",Unfall 155274 (2020) Kat:3, Licht: 0,155274,3,4,6,09,14,7,1,0,0,1,1,0,0,0
"POINT (8.472037209000064 49.522980461000031)",Unfall 155277 (2020) Kat:2, Licht: 0,155277,2,6,3,09,07,6,1,0,0,1,0,0,0,1
"POINT (8.472800886000073 49.492353595000054)",Unfall 155290 (2020) Kat:2, Licht: 2,155290,2,7,0,09,22,2,0,2,0,0,0,0,0,1
"POINT (8.524735322000026 49.488013180000053)",Unfall 155293 (2020) Kat:3, Licht: 0,155293,3,3,5,09,10,1,0,0,0,1,0,1,0,0
"POINT (8.480259223000076 49.494986547000053)",Unfall 155318 (2020) Kat:3, Licht: 0,155318,3,2,6,09,14,3,0,0,0,1,1,0,0,0
"POINT (8.481235889000061 49.460345191000044)",Unfall 155333 (2020) Kat:2, Licht: 0,155333,2,3,5,09,09,6,0,0,1,1,0,0,0,0
"POINT (8.473352973000033 49.495368650000046)",Unfall 155378 (2020) Kat:2, Licht: 0,155378,2,4,6,09,16,7,0,0,0,1,1,0,0,0
"POINT (8.468772117000071 49.485729405000029)",Unfall 155381 (2020) Kat:3, Licht: 2,155381,3,2,3,09,20,6,1,2,0,1,0,0,0,1
"POINT (8.499817336000035 49.514894834000074)",Unfall 155394 (2020) Kat:3, Licht: 0,155394,3,2,5,09,13,2,0,0,0,1,0,1,0,0
"POINT (8.488858920000041 49.479959528000052)",Unfall 155417 (2020) Kat:3, Licht: 0,155417,3,7,1,09,12,6,0,0,0,1,0,0,0,0
"POINT (8.464118049000035 49.489214368000034)",Unfall 155444 (2020) Kat:3, Licht: 0,155444,3,3,1,09,13,1,0,0,0,1,0,0,0,1
"POINT (8.506924541000046 49.442051059000050)",Unfall 155459 (2020) Kat:3, Licht: 2,155459,3,3,5,10,21,2,0,2,0,1,0,1,0,0
"POINT (8.490469690000055 49.527208770000072)",Unfall 155460 (2020) Kat:3, Licht: 0,155460,3,3,5,10,15,2,0,0,1,1,0,0,0,0
"POINT (8.473217692000048 49.503707657000064)",Unfall 155462 (2020) Kat:3, Licht: 0,155462,3,5,5,10,15,2,0,0,1,1,0,0,0,0
"POINT (8.488109470000040 49.478999807000037)",Unfall 155506 (2020) Kat:3, Licht: 0,155506,3,6,3,10,07,1,0,0,0,1,0,0,0,0
"POINT (8.483755623000036 49.510123769000074)",Unfall 155508 (2020) Kat:2, Licht: 0,155508,2,2,5,10,18,1,0,0,0,1,0,0,0,0
"POINT (8.471174145000020 49.473978406000072)",Unfall 155514 (2020) Kat:3, Licht: 0,155514,3,3,5,10,15,3,0,0,0,1,0,0,0,0
"POINT (8.503216191000036 49.514591029000030)",Unfall 155555 (2020) Kat:3, Licht: 0,155555,3,5,1,10,18,7,0,0,0,1,0,0,0,0
"POINT (8.500521327000058 49.517053394000072)",Unfall 155557 (2020) Kat:3, Licht: 0,155557,3,3,5,10,16,7,1,0,0,1,0,0,0,0
"POINT (8.466097077000029 49.499632927000050)",Unfall 155559 (2020) Kat:3, Licht: 2,155559,3,3,5,10,20,7,0,2,1,1,0,0,0,0
"POINT (8.538745235000022 49.419914496000047)",Unfall 155609 (2020) Kat:3, Licht: 0,155609,3,7,4,10,10,6,0,0,0,1,0,0,1,0
"POINT (8.523506754000039 49.438539825000078)",Unfall 155611 (2020) Kat:3, Licht: 2,155611,3,6,1,10,19,6,0,2,0,1,0,0,0,0
"POINT (8.475683153000034 49.473414456000057)",Unfall 155613 (2020) Kat:3, Licht: 0,155613,3,3,5,10,15,6,0,0,1,1,0,0,0,0
"POINT (8.550568934000069 49.510715851000043)",Unfall 155615 (2020) Kat:3, Licht: 0,155615,3,6,2,10,10,6,0,0,0,1,0,0,1,0
"POINT (8.509483022000040 49.445929534000072)",Unfall 155616 (2020) Kat:3, Licht: 0,155616,3,6,2,10,12,3,1,0,0,1,0,0,0,1
"POINT (8.505703572000073 49.476951989000042)",Unfall 155617 (2020) Kat:3, Licht: 0,155617,3,6,2,10,15,6,0,0,0,1,0,1,0,0
"POINT (8.509567465000032 49.445804013000043)",Unfall 155618 (2020) Kat:2, Licht: 0,155618,2,3,5,10,07,6,0,0,0,0,0,0,0,1
"POINT (8.506361505000029 49.508321736000028)",Unfall 155626 (2020) Kat:3, Licht: 0,155626,3,6,3,09,15,4,0,0,0,1,0,0,0,0
"POINT (8.495439949000058 49.528176836000057)",Unfall 155664 (2020) Kat:3, Licht: 0,155664,3,3,5,10,16,3,0,0,0,1,0,1,0,0
"POINT (8.468419679000022 49.475948719000030)",Unfall 155672 (2020) Kat:3, Licht: 0,155672,3,6,2,10,08,5,0,0,1,1,0,0,0,0
"POINT (8.561693566000031 49.461373190000074)",Unfall 155673 (2020) Kat:2, Licht: 0,155673,2,7,0,10,16,5,1,0,0,0,0,0,0,1
"POINT (8.512607969000044 49.488756562000049)",Unfall 155675 (2020) Kat:3, Licht: 0,155675,3,3,5,10,17,5,1,0,1,1,0,0,0,0
"POINT (8.501130665000062 49.502042878000054)",Unfall 155699 (2020) Kat:3, Licht: 0,155699,3,7,0,10,17,3,1,0,1,1,0,0,0,0
"POINT (8.470829967000043 49.497778522000033)",Unfall 155701 (2020) Kat:3, Licht: 0,155701,3,3,5,10,11,2,1,0,0,1,0,0,0,1
"POINT (8.460878019000063 49.495142601000055)",Unfall 155712 (2020) Kat:3, Licht: 0,155712,3,6,1,10,11,6,1,0,0,1,0,0,0,0
"POINT (8.483298390000073 49.510689505000073)",Unfall 155736 (2020) Kat:3, Licht: 0,155736,3,7,6,10,09,5,0,0,1,0,1,0,0,0
"POINT (8.522318908000045 49.516225233000057)",Unfall 155759 (2020) Kat:3, Licht: 0,155759,3,2,3,10,07,4,0,0,1,0,0,0,1,0
"POINT (8.465167421000047 49.531291423000027)",Unfall 155796 (2020) Kat:2, Licht: 0,155796,2,6,3,10,13,3,0,0,1,0,0,0,0,0
"POINT (8.522151952000058 49.511579689000030)",Unfall 155814 (2020) Kat:2, Licht: 0,155814,2,7,0,10,13,6,1,0,1,0,0,0,0,0
"POINT (8.457056170000044 49.545139283000026)",Unfall 155840 (2020) Kat:3, Licht: 1,155840,3,6,2,10,18,5,0,1,0,1,0,0,0,0
"POINT (8.499926502000051 49.529190386000039)",Unfall 155906 (2020) Kat:3, Licht: 0,155906,3,3,5,10,14,2,1,0,0,1,0,0,0,0
"POINT (8.471613578000074 49.471949071000040)",Unfall 155916 (2020) Kat:2, Licht: 0,155916,2,3,5,10,14,7,0,0,1,1,0,0,0,0
"POINT (8.457118144000049 49.494286698000053)",Unfall 155918 (2020) Kat:3, Licht: 2,155918,3,3,6,10,23,7,0,2,0,1,1,0,0,0
"POINT (8.488998057000060 49.528745848000028)",Unfall 155919 (2020) Kat:3, Licht: 0,155919,3,2,3,10,11,6,0,0,0,1,0,0,1,0
"POINT (8.469978156000025 49.505501658000071)",Unfall 155930 (2020) Kat:3, Licht: 0,155930,3,4,6,10,13,4,0,0,0,0,1,0,0,1
"POINT (8.480752072000030 49.479818943000055)",Unfall 155945 (2020) Kat:3, Licht: 0,155945,3,7,0,10,15,2,1,0,1,0,0,0,0,0
"POINT (8.495694824000054 49.499097825000035)",Unfall 155951 (2020) Kat:3, Licht: 2,155951,3,6,3,10,20,3,0,2,0,1,0,1,0,0
"POINT (8.497938518000069 49.537844784000072)",Unfall 156017 (2020) Kat:3, Licht: 0,156017,3,7,3,10,15,7,0,0,0,1,0,1,0,0
"POINT (8.538608686000032 49.453191379000032)",Unfall 156032 (2020) Kat:3, Licht: 2,156032,3,3,5,10,20,2,0,2,1,1,0,0,0,0
"POINT (8.453631756000050 49.489199961000054)",Unfall 156050 (2020) Kat:2, Licht: 0,156050,2,3,5,10,17,3,0,0,1,0,0,0,1,0
"POINT (8.488464819000058 49.498320145000037)",Unfall 156056 (2020) Kat:3, Licht: 0,156056,3,3,5,10,07,4,0,0,0,1,0,0,0,0
"POINT (8.524284984000076 49.440052135000030)",Unfall 156111 (2020) Kat:3, Licht: 0,156111,3,4,6,10,09,6,1,0,1,0,1,0,0,0
"POINT (8.490150830000061 49.463231165000082)",Unfall 156158 (2020) Kat:3, Licht: 0,156158,3,3,5,10,14,3,0,0,0,1,0,1,0,0
"POINT (8.464886692000050 49.498168451000026)",Unfall 156188 (2020) Kat:2, Licht: 0,156188,2,3,5,10,07,2,0,0,1,1,0,0,0,0
"POINT (8.535163577000049 49.449495129000070)",Unfall 156218 (2020) Kat:3, Licht: 2,156218,3,1,0,10,19,4,1,2,1,0,0,0,0,0
"POINT (8.475793419000070 49.479836117000048)",Unfall 156254 (2020) Kat:3, Licht: 0,156254,3,5,1,10,16,3,0,0,1,1,0,0,0,0
"POINT (8.580148273000077 49.443644988000074)",Unfall 156262 (2020) Kat:3, Licht: 0,156262,3,1,0,10,15,1,0,0,0,0,0,1,0,0
"POINT (8.526452665000022 49.516732492000074)",Unfall 156263 (2020) Kat:3, Licht: 0,156263,3,7,0,10,14,1,0,0,1,0,0,0,0,0
"POINT (8.476118776000021 49.482902086000081)",Unfall 156265 (2020) Kat:3, Licht: 0,156265,3,6,2,10,12,3,0,0,0,1,0,0,0,0
"POINT (8.494227753000075 49.453668287000028)",Unfall 156304 (2020) Kat:3, Licht: 0,156304,3,5,3,10,14,3,0,0,0,1,0,0,0,0
"POINT (8.493694181000024 49.500801218000049)",Unfall 156315 (2020) Kat:3, Licht: 1,156315,3,3,5,10,18,4,0,1,1,1,0,0,0,0
"POINT (8.469079273000034 49.487480591000065)",Unfall 156449 (2020) Kat:3, Licht: 0,156449,3,7,2,10,14,5,1,0,0,1,0,0,0,0
"POINT (8.523506754000039 49.438539825000078)",Unfall 156452 (2020) Kat:3, Licht: 0,156452,3,4,6,10,16,5,0,0,0,0,1,1,0,0
"POINT (8.480968826000037 49.544576391000078)",Unfall 156498 (2020) Kat:3, Licht: 0,156498,3,6,0,11,11,3,0,0,0,1,0,1,0,0
"POINT (8.485475868000037 49.482760302000031)",Unfall 156500 (2020) Kat:3, Licht: 2,156500,3,7,0,11,18,2,0,2,1,0,0,0,0,0
"POINT (8.494030998000028 49.455749433000051)",Unfall 156502 (2020) Kat:3, Licht: 2,156502,3,3,5,10,18,7,1,2,1,1,0,0,0,0
"POINT (8.574029518000032 49.509008262000066)",Unfall 156508 (2020) Kat:3, Licht: 0,156508,3,6,4,11,14,5,0,0,0,1,0,0,0,0
"POINT (8.471249114000045 49.493414477000044)",Unfall 156538 (2020) Kat:2, Licht: 0,156538,2,7,0,11,07,6,2,0,1,0,0,0,0,0
"POINT (8.513513155000055 49.452264460000038)",Unfall 156546 (2020) Kat:3, Licht: 0,156546,3,6,1,11,12,5,0,0,0,1,0,0,0,0
"POINT (8.477991784000039 49.482959155000060)",Unfall 156548 (2020) Kat:3, Licht: 2,156548,3,1,9,10,02,6,1,2,0,1,0,0,0,0
"POINT (8.480396604000021 49.499197124000034)",Unfall 156552 (2020) Kat:3, Licht: 0,156552,3,1,0,11,14,3,0,0,0,0,0,0,0,1
"POINT (8.472554797000043 49.464619115000062)",Unfall 156554 (2020) Kat:3, Licht: 0,156554,3,2,3,10,11,6,1,0,1,1,0,0,0,0
"POINT (8.457610326000065 49.496131378000030)",Unfall 156557 (2020) Kat:3, Licht: 0,156557,3,3,5,10,10,6,1,0,0,1,0,0,1,0
"POINT (8.497104008000065 49.520885180000050)",Unfall 156562 (2020) Kat:2, Licht: 2,156562,2,4,6,10,17,6,0,2,0,1,1,0,0,0
"POINT (8.471145850000028 49.486688863000040)",Unfall 156565 (2020) Kat:3, Licht: 0,156565,3,6,2,11,10,2,0,0,0,1,0,0,0,0
"POINT (8.555671447000066 49.463128290000043)",Unfall 156596 (2020) Kat:3, Licht: 0,156596,3,3,5,11,09,5,0,0,0,1,0,1,0,0
"POINT (8.468817542000068 49.487580844000036)",Unfall 156605 (2020) Kat:3, Licht: 0,156605,3,5,1,11,08,3,1,0,1,1,0,0,0,0
"POINT (8.478133665000030 49.489883644000031)",Unfall 156607 (2020) Kat:3, Licht: 0,156607,3,3,5,11,12,2,0,0,1,1,0,0,0,0
"POINT (8.539526803000058 49.484525134000080)",Unfall 156627 (2020) Kat:3, Licht: 0,156627,3,3,5,11,07,6,0,0,1,1,0,0,0,0
"POINT (8.505399227000055 49.518615320000038)",Unfall 156659 (2020) Kat:3, Licht: 2,156659,3,2,5,11,23,2,0,2,0,1,0,0,0,0
"POINT (8.471777141000075 49.492935107000051)",Unfall 156660 (2020) Kat:3, Licht: 2,156660,3,6,3,10,17,5,1,2,0,1,0,1,0,0
"POINT (8.485941441000023 49.525722857000062)",Unfall 156661 (2020) Kat:3, Licht: 0,156661,3,3,5,11,16,3,0,0,1,1,0,0,0,0
"POINT (8.507719719000022 49.511584401000050)",Unfall 156663 (2020) Kat:2, Licht: 0,156663,2,3,5,10,16,5,1,0,1,1,0,0,0,0
"POINT (8.553455288000066 49.495828409000069)",Unfall 156664 (2020) Kat:3, Licht: 0,156664,3,3,5,11,13,5,0,0,0,1,0,0,0,0
"POINT (8.482540657000072 49.454036493000046)",Unfall 156702 (2020) Kat:3, Licht: 0,156702,3,7,5,11,12,5,0,0,1,1,0,0,0,0
"POINT (8.492350209000051 49.500032926000074)",Unfall 156710 (2020) Kat:3, Licht: 0,156710,3,3,5,11,13,3,0,0,1,1,0,0,0,0
"POINT (8.483706582000025 49.510104315000035)",Unfall 156742 (2020) Kat:3, Licht: 0,156742,3,6,2,11,16,6,0,0,0,1,0,0,0,0
"POINT (8.472402069000054 49.516100492000078)",Unfall 156803 (2020) Kat:3, Licht: 0,156803,3,7,5,11,13,7,0,0,0,1,0,0,0,0
"POINT (8.463589600000034 49.518316854000034)",Unfall 156817 (2020) Kat:2, Licht: 0,156817,2,2,5,11,09,5,0,0,0,1,0,0,0,0
"POINT (8.522393372000067 49.445871986000043)",Unfall 156865 (2020) Kat:3, Licht: 0,156865,3,6,4,11,10,4,0,0,0,1,0,0,0,1
"POINT (8.520285794000074 49.515976601000034)",Unfall 156867 (2020) Kat:3, Licht: 2,156867,3,3,4,11,06,4,0,2,1,1,0,0,0,0
"POINT (8.473290045000056 49.539312021000057)",Unfall 156899 (2020) Kat:3, Licht: 0,156899,3,3,0,11,12,7,0,0,0,0,0,0,0,1
"POINT (8.476261357000055 49.488715361000061)",Unfall 156916 (2020) Kat:3, Licht: 0,156916,3,3,5,11,09,3,0,0,1,1,0,0,0,0
"POINT (8.495983846000058 49.508862657000066)",Unfall 156918 (2020) Kat:3, Licht: 1,156918,3,7,0,11,16,3,0,1,1,0,0,0,0,0
"POINT (8.463655961000029 49.504311097000027)",Unfall 156919 (2020) Kat:2, Licht: 2,156919,2,7,1,11,22,3,0,2,0,1,0,0,0,0
"POINT (8.466526301000044 49.489494992000061)",Unfall 156920 (2020) Kat:3, Licht: 0,156920,3,3,5,11,11,3,0,0,1,1,0,0,0,0
"POINT (8.509497738000050 49.446207475000051)",Unfall 156926 (2020) Kat:3, Licht: 2,156926,3,6,2,11,18,1,0,2,0,1,0,0,0,0
"POINT (8.489552806000063 49.461824769000032)",Unfall 156960 (2020) Kat:3, Licht: 0,156960,3,6,2,11,13,7,0,0,0,1,0,0,0,0
"POINT (8.481031026000039 49.542165971000031)",Unfall 156984 (2020) Kat:2, Licht: 0,156984,2,2,4,11,07,2,0,0,0,1,0,1,0,0
"POINT (8.509498560000054 49.446207395000044)",Unfall 156987 (2020) Kat:3, Licht: 0,156987,3,6,2,11,08,2,0,0,0,1,0,0,0,0
"POINT (8.524248203000070 49.495103651000079)",Unfall 156997 (2020) Kat:1, Licht: 0,156997,1,3,5,11,13,7,0,0,1,0,0,0,0,1
"POINT (8.492194994000045 49.497207434000074)",Unfall 156999 (2020) Kat:3, Licht: 0,156999,3,1,8,11,07,1,0,0,0,1,0,0,0,0
"POINT (8.479517373000022 49.493295939000063)",Unfall 157001 (2020) Kat:3, Licht: 0,157001,3,1,0,11,15,5,0,0,0,0,0,0,0,1
"POINT (8.474317581000037 49.487464712000076)",Unfall 157006 (2020) Kat:3, Licht: 2,157006,3,6,2,11,17,5,0,2,0,1,0,0,0,0
"POINT (8.484730200000058 49.468007643000078)",Unfall 157021 (2020) Kat:3, Licht: 2,157021,3,3,5,11,21,3,0,2,1,1,0,0,0,0
"POINT (8.516316742000072 49.453707262000080)",Unfall 157067 (2020) Kat:2, Licht: 2,157067,2,3,5,11,18,6,0,2,0,1,0,0,0,0
"POINT (8.490978228000074 49.453357712000070)",Unfall 157103 (2020) Kat:3, Licht: 2,157103,3,4,6,11,17,6,1,2,0,1,1,0,0,0
"POINT (8.485646056000064 49.482694280000032)",Unfall 157108 (2020) Kat:3, Licht: 0,157108,3,7,0,11,11,2,1,0,1,0,0,0,0,0
"POINT (8.478557678000072 49.480560617000037)",Unfall 157120 (2020) Kat:3, Licht: 2,157120,3,7,0,11,17,2,1,2,0,0,0,0,0,1
"POINT (8.575316923000059 49.445482833000028)",Unfall 157127 (2020) Kat:3, Licht: 0,157127,3,5,1,11,13,2,0,0,0,1,0,0,1,0
"POINT (8.471645258000024 49.546540186000072)",Unfall 157130 (2020) Kat:3, Licht: 2,157130,3,3,5,11,05,3,1,2,0,1,0,1,0,0
"POINT (8.470807127000057 49.476367022000034)",Unfall 157174 (2020) Kat:2, Licht: 2,157174,2,1,0,11,18,6,0,2,0,0,0,1,0,0
"POINT (8.495210398000040 49.452760072000046)",Unfall 157183 (2020) Kat:2, Licht: 2,157183,2,7,0,11,17,3,0,2,1,0,0,0,0,0
"POINT (8.496073816000035 49.498843302000068)",Unfall 157231 (2020) Kat:2, Licht: 2,157231,2,1,0,11,18,4,1,2,0,0,0,1,0,0
"POINT (8.479827088000036 49.482611960000042)",Unfall 157234 (2020) Kat:3, Licht: 2,157234,3,2,3,11,18,4,0,2,1,1,0,0,0,0
"POINT (8.456576397000049 49.491496315000063)",Unfall 157240 (2020) Kat:3, Licht: 0,157240,3,2,5,11,13,3,0,0,0,1,0,0,0,0
"POINT (8.523596922000024 49.438744213000064)",Unfall 157264 (2020) Kat:3, Licht: 2,157264,3,3,3,11,05,6,1,2,0,1,0,1,0,0
"POINT (8.455073551000055 49.540157950000037)",Unfall 157292 (2020) Kat:3, Licht: 0,157292,3,3,5,11,13,2,0,0,0,1,0,0,0,0
"POINT (8.495314616000030 49.521383388000061)",Unfall 157324 (2020) Kat:3, Licht: 0,157324,3,5,1,12,15,4,0,0,1,1,0,0,0,0
"POINT (8.463650019000056 49.501199890000066)",Unfall 157325 (2020) Kat:3, Licht: 0,157325,3,3,5,11,07,6,0,0,1,1,0,0,0,0
"POINT (8.500377352000044 49.454421262000039)",Unfall 157329 (2020) Kat:3, Licht: 0,157329,3,2,4,11,15,6,0,0,1,1,0,0,0,0
"POINT (8.488176455000030 49.478900633000080)",Unfall 157384 (2020) Kat:3, Licht: 0,157384,3,3,5,11,10,1,0,0,0,1,0,0,0,0
"POINT (8.472691553000061 49.486095030000058)",Unfall 157402 (2020) Kat:3, Licht: 0,157402,3,4,6,11,09,2,0,0,1,0,1,0,0,0
"POINT (8.462927188000037 49.485575080000046)",Unfall 157417 (2020) Kat:3, Licht: 0,157417,3,6,1,12,13,6,1,0,1,1,0,0,0,0
"POINT (8.469736884000042 49.476975108000033)",Unfall 157441 (2020) Kat:2, Licht: 2,157441,2,6,3,11,17,5,1,2,1,0,0,1,0,0
"POINT (8.467953170000044 49.489664502000039)",Unfall 157443 (2020) Kat:3, Licht: 0,157443,3,4,0,11,15,5,1,0,0,0,1,0,0,1
"POINT (8.457194145000074 49.490841442000033)",Unfall 157445 (2020) Kat:3, Licht: 2,157445,3,1,9,12,18,3,1,2,0,1,0,0,0,0
"POINT (8.452872143000036 49.540574053000057)",Unfall 157511 (2020) Kat:3, Licht: 0,157511,3,4,6,11,07,2,0,0,0,1,1,0,0,0
"POINT (8.483353050000062 49.481194537000079)",Unfall 157527 (2020) Kat:3, Licht: 0,157527,3,6,3,11,15,4,0,0,1,0,0,0,0,0
"POINT (8.495699433000027 49.499100323000050)",Unfall 157528 (2020) Kat:3, Licht: 0,157528,3,4,6,11,12,4,0,0,0,1,1,0,0,0
"POINT (8.581669172000034 49.443079214000079)",Unfall 157533 (2020) Kat:3, Licht: 2,157533,3,3,5,12,17,3,0,2,0,1,0,0,0,0
"POINT (8.474816509000050 49.516521661000070)",Unfall 157534 (2020) Kat:3, Licht: 2,157534,3,2,4,12,08,2,1,2,0,1,0,0,0,0
"POINT (8.484259440000074 49.480832270000064)",Unfall 157571 (2020) Kat:3, Licht: 1,157571,3,2,3,12,17,5,0,1,1,1,0,0,0,0
"POINT (8.529927549000036 49.510182401000066)",Unfall 157573 (2020) Kat:3, Licht: 0,157573,3,6,1,12,14,2,0,0,0,1,0,0,0,1
"POINT (8.456852627000046 49.491551631000050)",Unfall 157576 (2020) Kat:3, Licht: 1,157576,3,6,2,12,17,5,0,1,0,1,0,0,0,0
"POINT (8.489068660000044 49.462641231000077)",Unfall 157615 (2020) Kat:3, Licht: 0,157615,3,6,2,12,08,3,1,0,0,1,0,1,0,0
"POINT (8.479522993000046 49.475355689000025)",Unfall 157616 (2020) Kat:3, Licht: 0,157616,3,1,0,12,10,2,1,0,0,0,0,1,0,0
"POINT (8.459632069000065 49.486930646000076)",Unfall 157627 (2020) Kat:2, Licht: 2,157627,2,7,0,12,18,3,1,2,0,0,0,0,0,1
"POINT (8.556689916000039 49.511570300000074)",Unfall 157639 (2020) Kat:3, Licht: 0,157639,3,1,0,12,14,7,1,0,0,0,0,1,0,0
"POINT (8.499149630000034 49.473181827000076)",Unfall 157685 (2020) Kat:2, Licht: 0,157685,2,3,5,12,08,2,0,0,0,1,0,0,0,1
"POINT (8.472770130000072 49.486064708000072)",Unfall 157693 (2020) Kat:3, Licht: 1,157693,3,6,3,12,07,4,0,1,1,1,0,0,0,0
"POINT (8.456735974000026 49.492243525000049)",Unfall 157719 (2020) Kat:3, Licht: 1,157719,3,2,5,12,16,6,1,1,0,1,0,0,0,0
"POINT (8.453780910000035 49.489070550000065)",Unfall 157724 (2020) Kat:3, Licht: 0,157724,3,6,2,12,12,2,0,0,0,1,0,0,1,0
"POINT (8.513227424000036 49.441517976000057)",Unfall 157730 (2020) Kat:3, Licht: 0,157730,3,2,4,12,08,3,0,0,0,1,0,1,0,0
"POINT (8.460900305000052 49.489696224000056)",Unfall 157775 (2020) Kat:2, Licht: 0,157775,2,2,5,12,15,6,0,0,0,1,0,0,0,1
"POINT (8.465393617000075 49.485748845000046)",Unfall 157842 (2020) Kat:3, Licht: 2,157842,3,3,5,12,18,1,1,2,0,1,0,0,0,1
"POINT (8.466879859000073 49.498233915000071)",Unfall 157843 (2020) Kat:3, Licht: 0,157843,3,3,0,12,09,2,1,0,0,0,0,1,0,1
"POINT (8.542029529000047 49.519933543000036)",Unfall 157844 (2020) Kat:2, Licht: 2,157844,2,1,0,12,01,6,0,2,0,0,0,1,0,0
"POINT (8.458721993000040 49.491566104000071)",Unfall 157899 (2020) Kat:3, Licht: 0,157899,3,6,0,12,16,5,0,0,0,1,0,1,0,0
"POINT (8.493703766000067 49.499005826000030)",Unfall 157903 (2020) Kat:2, Licht: 0,157903,2,7,9,12,12,5,0,0,1,1,0,0,0,0
"POINT (8.475113839000073 49.496505059000071)",Unfall 157936 (2020) Kat:3, Licht: 2,157936,3,2,6,12,17,2,1,2,0,1,1,0,0,0
"POINT (8.483503064000047 49.454696087000059)",Unfall 157958 (2020) Kat:2, Licht: 2,157958,2,6,6,12,17,4,0,2,1,0,1,0,0,0
"POINT (8.466863671000056 49.490400167000075)",Unfall 158012 (2020) Kat:3, Licht: 0,158012,3,4,6,12,13,4,0,0,0,1,1,0,0,0
"POINT (8.475446548000036 49.465106458000037)",Unfall 158022 (2020) Kat:2, Licht: 2,158022,2,3,5,12,17,2,1,2,0,1,0,0,0,0
"POINT (8.523993015000030 49.476655693000055)",Unfall 71783 (2021) Kat:3, Licht: 0,71783,3,6,0,01,14,4,0,0,0,1,0,0,0,1
"POINT (8.542090278000046 49.429310211000029)",Unfall 71793 (2021) Kat:2, Licht: 2,71793,2,6,2,02,21,6,1,2,0,1,0,0,0,0
"POINT (8.492857057000037 49.490003624000053)",Unfall 71863 (2021) Kat:3, Licht: 1,71863,3,6,2,02,16,4,1,1,0,1,0,0,0,0
"POINT (8.522710239000048 49.473655263000069)",Unfall 71880 (2021) Kat:3, Licht: 1,71880,3,6,1,01,07,5,1,1,0,1,0,0,0,0
"POINT (8.560424320000038 49.502769289000071)",Unfall 71964 (2021) Kat:3, Licht: 0,71964,3,6,3,01,09,2,1,0,0,1,0,0,1,0
"POINT (8.470759936000036 49.511065575000032)",Unfall 71966 (2021) Kat:3, Licht: 0,71966,3,7,3,02,12,2,1,0,0,1,0,0,0,0
"POINT (8.504713222000021 49.506446624000034)",Unfall 72078 (2021) Kat:3, Licht: 0,72078,3,6,2,02,08,6,1,0,0,1,0,0,0,0
"POINT (8.452544358000068 49.491911754000057)",Unfall 72103 (2021) Kat:3, Licht: 1,72103,3,6,0,01,16,5,0,1,0,1,0,0,0,1
"POINT (8.447926173000042 49.552243766000061)",Unfall 72130 (2021) Kat:2, Licht: 2,72130,2,2,5,01,04,2,2,2,0,1,0,0,0,0
"POINT (8.457251612000050 49.545060798000065)",Unfall 72221 (2021) Kat:3, Licht: 0,72221,3,6,2,02,16,5,0,0,0,1,0,0,0,0
"POINT (8.536968736000063 49.430863067000075)",Unfall 72479 (2021) Kat:3, Licht: 0,72479,3,6,2,01,08,5,0,0,0,1,0,0,0,0
"POINT (8.537394445000075 49.427702665000027)",Unfall 72483 (2021) Kat:3, Licht: 2,72483,3,6,1,02,19,2,2,2,0,1,0,0,0,0
"POINT (8.455338691000065 49.491614639000034)",Unfall 72492 (2021) Kat:2, Licht: 2,72492,2,6,2,01,20,4,0,2,0,1,0,0,0,0
"POINT (8.476614549000033 49.516814940000074)",Unfall 72512 (2021) Kat:1, Licht: 2,72512,1,3,5,02,18,1,1,2,0,1,0,0,0,0
"POINT (8.473967001000062 49.483596480000074)",Unfall 72642 (2021) Kat:3, Licht: 0,72642,3,3,5,01,09,5,1,0,0,1,0,0,0,0
"POINT (8.531195648000050 49.447286738000059)",Unfall 72649 (2021) Kat:3, Licht: 1,72649,3,1,0,01,07,4,2,1,1,0,0,0,0,0
"POINT (8.569689854000046 49.449982130000080)",Unfall 72665 (2021) Kat:3, Licht: 0,72665,3,1,8,01,09,1,2,0,0,1,0,0,0,0
"POINT (8.522831469000039 49.473485623000045)",Unfall 72721 (2021) Kat:3, Licht: 1,72721,3,6,1,02,07,2,1,1,0,1,0,0,0,1
"POINT (8.527967815000068 49.432577027000036)",Unfall 72942 (2021) Kat:3, Licht: 0,72942,3,6,1,02,13,2,1,0,0,1,0,0,0,0
"POINT (8.554388812000070 49.493034340000065)",Unfall 73078 (2021) Kat:3, Licht: 0,73078,3,6,3,02,12,5,0,0,0,1,0,0,0,0
"POINT (8.488017276000051 49.475850956000045)",Unfall 73128 (2021) Kat:3, Licht: 2,73128,3,2,4,02,06,5,0,2,1,0,0,0,0,1
"POINT (8.447935796000024 49.552215790000048)",Unfall 73226 (2021) Kat:2, Licht: 0,73226,2,6,3,02,15,4,0,0,0,1,0,1,0,0
"POINT (8.514960726000027 49.462517929000057)",Unfall 73255 (2021) Kat:2, Licht: 0,73255,2,1,8,03,09,2,1,0,0,1,0,0,0,0
"POINT (8.447179045000041 49.565026181000064)",Unfall 73446 (2021) Kat:3, Licht: 0,73446,3,6,1,02,16,6,0,0,0,1,0,0,0,0
"POINT (8.518142487000034 49.467336138000064)",Unfall 73494 (2021) Kat:2, Licht: 0,73494,2,6,2,02,10,7,0,0,0,1,0,0,0,0
"POINT (8.537046331000056 49.461132741000029)",Unfall 73733 (2021) Kat:3, Licht: 1,73733,3,6,8,02,06,2,0,1,0,1,0,0,0,0
"POINT (8.513120594000043 49.462937179000050)",Unfall 73770 (2021) Kat:2, Licht: 0,73770,2,1,0,03,10,3,1,0,0,0,0,1,0,0
"POINT (8.475082996000026 49.484778103000053)",Unfall 73802 (2021) Kat:3, Licht: 0,73802,3,5,3,02,14,5,0,0,1,1,0,0,0,0
"POINT (8.487434826000026 49.475183792000053)",Unfall 73921 (2021) Kat:3, Licht: 0,73921,3,5,5,02,17,3,0,0,1,1,0,0,0,0
"POINT (8.525156016000039 49.440938432000053)",Unfall 74062 (2021) Kat:2, Licht: 2,74062,2,5,1,03,19,3,1,2,0,1,0,0,0,0
"POINT (8.485452191000036 49.471508395000058)",Unfall 74089 (2021) Kat:3, Licht: 1,74089,3,6,2,03,06,5,0,1,0,1,0,0,0,0
"POINT (8.452554593000059 49.587276639000038)",Unfall 74313 (2021) Kat:3, Licht: 2,74313,3,7,1,04,05,3,0,2,0,1,0,0,0,0
"POINT (8.474939306000067 49.515606280000043)",Unfall 74327 (2021) Kat:3, Licht: 2,74327,3,6,4,04,05,2,1,2,1,0,0,0,0,0
"POINT (8.492604529000062 49.490083148000053)",Unfall 74465 (2021) Kat:3, Licht: 0,74465,3,2,5,04,11,5,0,0,1,1,0,0,0,0
"POINT (8.551009350000072 49.491708731000074)",Unfall 74500 (2021) Kat:3, Licht: 0,74500,3,6,1,04,12,7,0,0,0,1,0,0,0,0
"POINT (8.479765653000072 49.488318186000072)",Unfall 74528 (2021) Kat:3, Licht: 0,74528,3,3,5,03,17,1,0,0,0,1,0,0,0,1
"POINT (8.524383698000065 49.440022556000031)",Unfall 74551 (2021) Kat:3, Licht: 0,74551,3,3,5,03,17,4,0,0,0,1,0,1,0,0
"POINT (8.555773784000053 49.509296053000071)",Unfall 74562 (2021) Kat:3, Licht: 0,74562,3,2,5,04,17,6,0,0,0,1,0,0,0,0
"POINT (8.521603113000026 49.515277329000071)",Unfall 74608 (2021) Kat:3, Licht: 0,74608,3,2,0,04,11,7,1,0,0,0,0,1,0,0
"POINT (8.476008645000036 49.486362851000081)",Unfall 74718 (2021) Kat:3, Licht: 0,74718,3,6,1,04,15,2,0,0,0,1,0,0,0,0
"POINT (8.538259780000033 49.422054361000050)",Unfall 74727 (2021) Kat:3, Licht: 0,74727,3,3,3,04,16,2,0,0,0,1,0,1,0,0
"POINT (8.477693327000054 49.476420821000033)",Unfall 74841 (2021) Kat:3, Licht: 0,74841,3,6,1,04,18,5,0,0,0,1,0,1,0,0
"POINT (8.449609219000024 49.549880904000076)",Unfall 74945 (2021) Kat:3, Licht: 0,74945,3,2,3,03,17,5,0,0,1,1,0,0,0,0
"POINT (8.530132482000056 49.496385193000037)",Unfall 74984 (2021) Kat:3, Licht: 0,74984,3,1,0,04,07,6,0,0,0,0,0,1,0,0
"POINT (8.524393345000021 49.439674880000041)",Unfall 75065 (2021) Kat:2, Licht: 0,75065,2,7,0,03,13,4,0,0,0,1,0,0,1,0
"POINT (8.486325282000053 49.495880076000049)",Unfall 75121 (2021) Kat:3, Licht: 0,75121,3,2,3,03,09,3,0,0,1,0,0,0,0,1
"POINT (8.471084742000073 49.481191007000064)",Unfall 75203 (2021) Kat:2, Licht: 2,75203,2,1,0,03,20,3,0,2,0,0,0,1,0,0
"POINT (8.444633400000043 49.559887211000046)",Unfall 75322 (2021) Kat:1, Licht: 0,75322,1,2,0,04,12,4,0,0,1,1,0,0,0,0
"POINT (8.480331344000035 49.495053182000049)",Unfall 75365 (2021) Kat:3, Licht: 0,75365,3,3,5,04,13,6,0,0,0,1,0,0,0,1
"POINT (8.471637847000068 49.477045223000061)",Unfall 75417 (2021) Kat:3, Licht: 0,75417,3,6,2,04,13,5,0,0,0,1,0,0,0,0
"POINT (8.459530724000047 49.485816364000073)",Unfall 75479 (2021) Kat:3, Licht: 2,75479,3,7,8,04,20,6,0,2,0,0,0,0,0,1
"POINT (8.555404623000072 49.494186332000027)",Unfall 75494 (2021) Kat:3, Licht: 2,75494,3,1,9,03,21,5,0,2,0,1,0,0,0,0
"POINT (8.525001522000025 49.436414398000068)",Unfall 75503 (2021) Kat:3, Licht: 0,75503,3,6,1,04,12,5,0,0,0,1,0,0,0,0
"POINT (8.538837446000059 49.461635508000029)",Unfall 75504 (2021) Kat:3, Licht: 0,75504,3,6,2,03,09,2,0,0,0,1,0,0,1,0
"POINT (8.550694601000032 49.519956065000031)",Unfall 75546 (2021) Kat:2, Licht: 0,75546,2,7,0,03,14,2,0,0,0,0,0,0,1,0
"POINT (8.476888708000047 49.516791584000032)",Unfall 75641 (2021) Kat:3, Licht: 0,75641,3,6,0,04,13,7,0,0,0,0,0,1,0,0
"POINT (8.459312630000056 49.485894972000040)",Unfall 75706 (2021) Kat:3, Licht: 0,75706,3,7,8,03,11,6,0,0,0,1,0,0,0,0
"POINT (8.516914155000052 49.465651708000053)",Unfall 75946 (2021) Kat:2, Licht: 0,75946,2,7,2,04,09,4,0,0,0,1,0,0,1,0
"POINT (8.511822814000027 49.461519818000056)",Unfall 75977 (2021) Kat:3, Licht: 0,75977,3,6,2,03,18,1,0,0,0,0,0,1,0,0
"POINT (8.546458427000061 49.420415426000034)",Unfall 75990 (2021) Kat:3, Licht: 0,75990,3,6,2,04,18,6,0,0,0,1,0,0,1,0
"POINT (8.515959648000035 49.507635708000066)",Unfall 76028 (2021) Kat:3, Licht: 0,76028,3,6,2,04,15,3,0,0,0,1,0,0,0,0
"POINT (8.475219458000026 49.515591278000045)",Unfall 76030 (2021) Kat:3, Licht: 0,76030,3,6,3,03,14,3,0,0,0,1,0,0,0,0
"POINT (8.456966496000064 49.545237900000075)",Unfall 76165 (2021) Kat:3, Licht: 0,76165,3,6,1,05,18,6,0,0,0,1,0,0,0,0
"POINT (8.483016890000044 49.493347338000035)",Unfall 76183 (2021) Kat:2, Licht: 2,76183,2,6,1,06,03,1,0,2,0,1,0,0,0,0
"POINT (8.527301335000061 49.464780354000027)",Unfall 76361 (2021) Kat:2, Licht: 2,76361,2,1,8,06,01,1,0,2,0,1,0,0,0,0
"POINT (8.459771518000025 49.492708928000070)",Unfall 76432 (2021) Kat:3, Licht: 0,76432,3,6,2,05,15,1,0,0,0,1,0,0,0,0
"POINT (8.575042727000039 49.448502808000057)",Unfall 76462 (2021) Kat:3, Licht: 0,76462,3,1,8,06,19,3,0,0,0,1,0,0,0,0
"POINT (8.545317241000021 49.518626793000067)",Unfall 76504 (2021) Kat:3, Licht: 0,76504,3,1,8,05,14,3,0,0,0,1,0,0,0,0
"POINT (8.556437577000054 49.454891039000074)",Unfall 76657 (2021) Kat:3, Licht: 0,76657,3,6,1,06,17,2,0,0,0,1,0,0,0,1
"POINT (8.460051913000029 49.492898603000071)",Unfall 76699 (2021) Kat:3, Licht: 0,76699,3,6,2,06,09,5,0,0,0,1,0,1,0,0
"POINT (8.551168322000024 49.491578199000060)",Unfall 76900 (2021) Kat:3, Licht: 0,76900,3,6,2,05,17,5,1,0,0,1,0,0,1,0
"POINT (8.543140949000076 49.455588232000082)",Unfall 77070 (2021) Kat:2, Licht: 0,77070,2,7,0,06,14,7,0,0,0,0,0,1,0,0
"POINT (8.482062480000025 49.525580448000028)",Unfall 77094 (2021) Kat:3, Licht: 0,77094,3,2,3,06,10,4,0,0,1,0,0,0,0,0
"POINT (8.478167882000037 49.495337415000051)",Unfall 77100 (2021) Kat:3, Licht: 2,77100,3,5,1,05,03,7,1,2,0,1,0,0,0,0
"POINT (8.551070022000033 49.491625171000067)",Unfall 77212 (2021) Kat:3, Licht: 0,77212,3,6,1,06,06,4,1,0,0,1,0,0,0,0
"POINT (8.503070289000050 49.505526427000063)",Unfall 77276 (2021) Kat:3, Licht: 0,77276,3,6,2,05,13,6,0,0,0,1,0,0,0,0
"POINT (8.558775580000031 49.454134632000034)",Unfall 77321 (2021) Kat:2, Licht: 0,77321,2,7,9,06,13,6,0,0,0,0,0,0,0,1
"POINT (8.468362032000073 49.482379229000060)",Unfall 77329 (2021) Kat:3, Licht: 0,77329,3,6,2,06,17,6,0,0,0,1,0,0,0,0
"POINT (8.540160160000028 49.467377857000031)",Unfall 77369 (2021) Kat:2, Licht: 0,77369,2,7,0,06,16,1,0,0,0,1,0,0,0,0
"POINT (8.455997586000024 49.488356291000059)",Unfall 77604 (2021) Kat:3, Licht: 0,77604,3,2,5,06,16,3,0,0,0,1,0,0,0,0
"POINT (8.555043596000075 49.521531268000047)",Unfall 77664 (2021) Kat:3, Licht: 2,77664,3,1,8,06,01,1,0,2,0,1,0,0,0,0
"POINT (8.552385468000068 49.456505137000079)",Unfall 77736 (2021) Kat:2, Licht: 0,77736,2,1,0,06,15,1,0,0,0,0,0,1,0,0
"POINT (8.569937955000057 49.449808277000045)",Unfall 77763 (2021) Kat:3, Licht: 0,77763,3,6,1,06,14,7,0,0,0,1,0,0,0,0
"POINT (8.568802786000049 49.450305588000049)",Unfall 77854 (2021) Kat:3, Licht: 0,77854,3,6,1,06,09,4,0,0,0,1,0,0,0,1
"POINT (8.479645332000075 49.475153374000058)",Unfall 77899 (2021) Kat:3, Licht: 2,77899,3,1,9,05,04,5,0,2,0,1,0,0,0,0
"POINT (8.456320007000045 49.491755184000056)",Unfall 77919 (2021) Kat:3, Licht: 0,77919,3,6,2,05,18,4,0,0,0,1,0,0,0,0
"POINT (8.455969472000049 49.487380505000033)",Unfall 78091 (2021) Kat:3, Licht: 0,78091,3,6,2,05,16,2,0,0,0,1,0,1,0,0
"POINT (8.542072703000031 49.429356017000032)",Unfall 78172 (2021) Kat:3, Licht: 0,78172,3,7,3,05,13,7,0,0,0,1,0,0,0,0
"POINT (8.519607309000037 49.467388814000060)",Unfall 78183 (2021) Kat:3, Licht: 0,78183,3,3,5,06,16,5,0,0,0,1,0,0,0,1
"POINT (8.456214175000071 49.488649958000053)",Unfall 78225 (2021) Kat:3, Licht: 0,78225,3,6,1,06,08,4,0,0,0,1,0,0,0,0
"POINT (8.479433062000055 49.488185083000076)",Unfall 78260 (2021) Kat:3, Licht: 0,78260,3,2,5,05,10,5,0,0,0,1,0,0,0,1
"POINT (8.560425633000023 49.510742720000053)",Unfall 78332 (2021) Kat:3, Licht: 0,78332,3,6,3,05,17,6,0,0,0,1,0,0,0,0
"POINT (8.456858737000061 49.481439152000064)",Unfall 78344 (2021) Kat:3, Licht: 0,78344,3,6,2,05,15,4,1,0,0,1,0,0,0,0
"POINT (8.511866899000040 49.461598850000030)",Unfall 78352 (2021) Kat:2, Licht: 0,78352,2,3,5,06,15,4,0,0,0,1,0,0,0,0
"POINT (8.475893460000066 49.487129519000064)",Unfall 78389 (2021) Kat:3, Licht: 0,78389,3,6,8,05,19,4,1,0,0,1,0,0,0,0
"POINT (8.446880886000031 49.490324007000027)",Unfall 78423 (2021) Kat:3, Licht: 0,78423,3,6,2,06,16,7,1,0,0,1,0,0,0,0
"POINT (8.522766831000069 49.466439637000065)",Unfall 78555 (2021) Kat:3, Licht: 0,78555,3,6,3,07,17,5,0,0,0,1,0,0,1,0
"POINT (8.471570271000076 49.512320748000036)",Unfall 78782 (2021) Kat:2, Licht: 0,78782,2,3,5,07,16,3,0,0,1,0,0,0,0,0
"POINT (8.573304426000050 49.453262254000038)",Unfall 78861 (2021) Kat:3, Licht: 0,78861,3,1,1,07,07,4,0,0,0,0,0,0,1,1
"POINT (8.487615808000044 49.475380199000028)",Unfall 78912 (2021) Kat:3, Licht: 0,78912,3,3,5,07,17,3,0,0,1,1,0,0,0,0
"POINT (8.581747904000053 49.442996383000036)",Unfall 78960 (2021) Kat:3, Licht: 0,78960,3,3,5,07,16,2,0,0,0,1,0,1,0,0
"POINT (8.523906405000048 49.465974680000045)",Unfall 79188 (2021) Kat:2, Licht: 0,79188,2,6,2,07,09,3,0,0,0,1,0,0,0,0
"POINT (8.459289318000060 49.492475056000046)",Unfall 79200 (2021) Kat:2, Licht: 0,79200,2,4,6,07,08,1,0,0,0,1,1,0,0,0
"POINT (8.462732651000067 49.505250267000065)",Unfall 79231 (2021) Kat:2, Licht: 0,79231,2,5,5,06,18,4,0,0,1,1,0,0,0,0
"POINT (8.519639115000075 49.467429808000077)",Unfall 79244 (2021) Kat:3, Licht: 0,79244,3,6,1,07,16,4,1,0,0,1,0,0,0,0
"POINT (8.504770039000050 49.522127784000077)",Unfall 79266 (2021) Kat:3, Licht: 0,79266,3,6,2,07,16,4,0,0,0,1,0,0,0,0
"POINT (8.532135544000027 49.463392885000076)",Unfall 79285 (2021) Kat:3, Licht: 0,79285,3,1,8,06,09,4,1,0,0,1,0,0,0,0
"POINT (8.560173752000026 49.516029577000040)",Unfall 79529 (2021) Kat:3, Licht: 2,79529,3,1,8,06,22,4,1,2,0,1,0,0,0,0
"POINT (8.497382850000065 49.475748293000038)",Unfall 79536 (2021) Kat:3, Licht: 0,79536,3,7,2,07,15,7,0,0,0,1,0,1,0,0
"POINT (8.554626546000065 49.521385070000065)",Unfall 79653 (2021) Kat:3, Licht: 0,79653,3,1,3,07,17,2,0,0,0,1,0,0,0,0
"POINT (8.542013165000071 49.414523964000068)",Unfall 79908 (2021) Kat:2, Licht: 0,79908,2,6,3,08,17,4,0,0,0,1,0,1,0,0
"POINT (8.512176596000074 49.444936165000058)",Unfall 79988 (2021) Kat:3, Licht: 0,79988,3,2,5,08,06,5,0,0,0,1,0,0,0,1
"POINT (8.505700468000043 49.506858664000049)",Unfall 79996 (2021) Kat:3, Licht: 0,79996,3,1,0,07,20,7,0,0,1,0,0,0,0,0
"POINT (8.515094060000024 49.507651850000059)",Unfall 80016 (2021) Kat:3, Licht: 0,80016,3,6,1,07,07,6,0,0,0,1,0,0,0,0
"POINT (8.560173691000045 49.516030765000039)",Unfall 80157 (2021) Kat:3, Licht: 0,80157,3,6,2,08,14,5,0,0,0,1,0,0,0,0
"POINT (8.484671821000063 49.493722527000045)",Unfall 80220 (2021) Kat:3, Licht: 0,80220,3,7,0,08,09,3,1,0,0,0,0,1,0,0
"POINT (8.447220391000030 49.575282592000065)",Unfall 80313 (2021) Kat:3, Licht: 2,80313,3,7,0,08,05,5,0,2,0,1,0,0,0,0
"POINT (8.527384402000052 49.464830326000026)",Unfall 80338 (2021) Kat:3, Licht: 0,80338,3,6,1,07,18,4,0,0,0,1,0,0,0,0
"POINT (8.560238095000045 49.512245027000063)",Unfall 80360 (2021) Kat:3, Licht: 0,80360,3,6,3,08,12,5,0,0,0,1,0,0,0,1
"POINT (8.544510359000071 49.482924117000039)",Unfall 80365 (2021) Kat:2, Licht: 0,80365,2,3,5,07,15,5,0,0,0,1,0,0,0,0
"POINT (8.426037177000069 49.551499630000080)",Unfall 80531 (2021) Kat:3, Licht: 0,80531,3,6,2,08,16,6,0,0,0,1,0,0,0,0
"POINT (8.448876717000076 49.550470934000032)",Unfall 80552 (2021) Kat:3, Licht: 0,80552,3,6,2,08,09,4,0,0,0,1,0,0,1,0
"POINT (8.549787257000048 49.488209688000040)",Unfall 80810 (2021) Kat:3, Licht: 0,80810,3,6,2,08,16,1,1,0,0,1,0,0,0,0
"POINT (8.466438502000074 49.507971237000049)",Unfall 81079 (2021) Kat:3, Licht: 0,81079,3,7,0,07,15,7,0,0,1,0,1,0,0,0
"POINT (8.487379772000054 49.475124046000076)",Unfall 81168 (2021) Kat:3, Licht: 0,81168,3,3,5,08,16,5,0,0,1,1,0,0,0,0
"POINT (8.545305571000029 49.473801396000056)",Unfall 81269 (2021) Kat:3, Licht: 0,81269,3,3,1,07,09,5,0,0,0,1,0,1,0,0
"POINT (8.464358586000060 49.506484879000027)",Unfall 81487 (2021) Kat:3, Licht: 0,81487,3,6,2,07,06,3,0,0,0,1,0,0,0,0
"POINT (8.522696293000024 49.473625056000060)",Unfall 81598 (2021) Kat:3, Licht: 0,81598,3,6,2,08,14,1,1,0,0,1,0,0,0,0
"POINT (8.501057911000032 49.477987994000046)",Unfall 81690 (2021) Kat:3, Licht: 0,81690,3,2,3,08,16,5,0,0,1,1,0,0,0,0
"POINT (8.551493387000050 49.490283320000060)",Unfall 81796 (2021) Kat:3, Licht: 0,81796,3,6,2,08,17,3,0,0,0,1,0,0,0,1
"POINT (8.539511687000072 49.465045438000061)",Unfall 81883 (2021) Kat:3, Licht: 0,81883,3,6,2,09,16,5,0,0,0,1,0,0,0,0
"POINT (8.481817420000027 49.525172446000056)",Unfall 81966 (2021) Kat:3, Licht: 1,81966,3,3,0,09,18,5,0,1,1,0,0,0,0,1
"POINT (8.511185559000069 49.457419180000045)",Unfall 81978 (2021) Kat:3, Licht: 0,81978,3,6,3,09,16,7,0,0,0,1,0,0,0,0
"POINT (8.458310918000052 49.483578506000072)",Unfall 82108 (2021) Kat:3, Licht: 0,82108,3,6,2,09,09,5,0,0,0,1,0,0,0,0
"POINT (8.460659289000034 49.503765174000080)",Unfall 82179 (2021) Kat:3, Licht: 1,82179,3,6,1,09,06,7,0,1,0,1,0,0,0,0
"POINT (8.488763191000032 49.498202343000059)",Unfall 82286 (2021) Kat:3, Licht: 0,82286,3,6,2,10,12,4,0,0,0,1,0,0,0,1
"POINT (8.487019866000026 49.474959432000048)",Unfall 82323 (2021) Kat:3, Licht: 0,82323,3,2,3,09,11,4,0,0,0,1,0,0,0,1
"POINT (8.504928410000048 49.522018150000065)",Unfall 82342 (2021) Kat:3, Licht: 0,82342,3,2,5,09,07,3,0,0,0,1,0,0,0,0
"POINT (8.474776239000050 49.484428069000046)",Unfall 82434 (2021) Kat:3, Licht: 0,82434,3,6,3,09,11,5,0,0,1,0,0,0,0,1
"POINT (8.489905306000026 49.499039687000050)",Unfall 82529 (2021) Kat:2, Licht: 0,82529,2,4,6,10,09,7,0,0,0,1,1,0,0,0
"POINT (8.475354514000060 49.515909119000071)",Unfall 82607 (2021) Kat:3, Licht: 0,82607,3,7,2,09,11,4,0,0,0,1,0,0,0,0
"POINT (8.552615800000069 49.510165718000053)",Unfall 82693 (2021) Kat:3, Licht: 2,82693,3,3,5,09,05,2,0,2,0,1,0,1,0,0
"POINT (8.497063583000056 49.502877890000036)",Unfall 82814 (2021) Kat:3, Licht: 0,82814,3,4,6,10,15,7,0,0,1,0,1,0,0,0
"POINT (8.537775509000028 49.421212196000056)",Unfall 82973 (2021) Kat:3, Licht: 0,82973,3,7,8,09,13,7,0,0,0,0,0,1,0,0
"POINT (8.482363191000047 49.531386104000035)",Unfall 83123 (2021) Kat:2, Licht: 0,83123,2,6,3,09,16,6,0,0,0,1,0,1,0,0
"POINT (8.460514637000074 49.493761429000074)",Unfall 83140 (2021) Kat:3, Licht: 1,83140,3,3,5,09,06,6,0,1,1,0,0,0,0,1
"POINT (8.459456609000028 49.482687843000065)",Unfall 83154 (2021) Kat:3, Licht: 1,83154,3,3,5,09,06,2,0,1,1,0,0,0,0,0
"POINT (8.515574906000040 49.488639688000035)",Unfall 83159 (2021) Kat:3, Licht: 0,83159,3,6,1,10,15,6,0,0,0,1,0,1,0,0
"POINT (8.477700217000063 49.495440799000050)",Unfall 83205 (2021) Kat:3, Licht: 2,83205,3,6,1,09,19,4,0,2,0,1,0,0,0,0
"POINT (8.557192743000030 49.508697758000039)",Unfall 83372 (2021) Kat:3, Licht: 0,83372,3,3,5,10,15,6,0,0,1,1,0,0,0,0
"POINT (8.457128778000026 49.545137985000054)",Unfall 83413 (2021) Kat:3, Licht: 2,83413,3,3,5,09,05,3,0,2,0,1,0,0,1,0
"POINT (8.485981374000062 49.494338529000061)",Unfall 83453 (2021) Kat:3, Licht: 0,83453,3,6,2,09,16,4,0,0,0,1,0,0,0,0
"POINT (8.477097977000028 49.495643980000068)",Unfall 83485 (2021) Kat:3, Licht: 0,83485,3,6,1,10,10,6,0,0,0,1,0,1,0,0
"POINT (8.488997627000060 49.494388258000072)",Unfall 83540 (2021) Kat:2, Licht: 0,83540,2,6,2,09,18,6,0,0,0,1,0,1,0,0
"POINT (8.544027428000049 49.424991044000080)",Unfall 83542 (2021) Kat:3, Licht: 0,83542,3,6,2,09,16,5,0,0,0,1,0,0,0,0
"POINT (8.447822669000061 49.552339554000071)",Unfall 84057 (2021) Kat:3, Licht: 1,84057,3,7,5,09,06,5,1,1,0,1,0,0,1,0
"POINT (8.560517041000026 49.513042147000078)",Unfall 84060 (2021) Kat:3, Licht: 0,84060,3,6,2,09,14,5,0,0,0,1,0,0,0,0
"POINT (8.459512235000034 49.485823029000073)",Unfall 84081 (2021) Kat:2, Licht: 0,84081,2,2,3,09,16,4,0,0,0,1,0,1,0,0
"POINT (8.460635419000027 49.494154334000029)",Unfall 84105 (2021) Kat:3, Licht: 0,84105,3,6,2,09,17,4,0,0,1,1,0,0,0,0
"POINT (8.548808807000057 49.486990692000063)",Unfall 84208 (2021) Kat:3, Licht: 0,84208,3,6,2,10,16,5,0,0,0,1,0,0,0,0
"POINT (8.537810461000049 49.420877836000045)",Unfall 84365 (2021) Kat:3, Licht: 0,84365,3,1,8,10,10,4,0,0,0,1,0,0,0,0
"POINT (8.560589040000025 49.502609770000049)",Unfall 84420 (2021) Kat:3, Licht: 0,84420,3,6,3,10,09,3,1,0,0,1,0,0,1,0
"POINT (8.460599894000040 49.494036200000039)",Unfall 84443 (2021) Kat:3, Licht: 0,84443,3,6,1,10,07,6,0,0,0,1,0,0,0,0
"POINT (8.538499858000023 49.422153626000068)",Unfall 84511 (2021) Kat:3, Licht: 0,84511,3,6,2,10,18,6,0,0,0,1,0,0,0,1
"POINT (8.480625945000043 49.522293183000045)",Unfall 84575 (2021) Kat:3, Licht: 0,84575,3,6,2,10,07,4,0,0,0,1,0,1,0,0
"POINT (8.522710775000064 49.473656425000058)",Unfall 84584 (2021) Kat:3, Licht: 0,84584,3,6,1,10,15,2,0,0,0,1,0,0,0,0
"POINT (8.551194956000074 49.491592827000034)",Unfall 84588 (2021) Kat:2, Licht: 2,84588,2,3,5,10,19,5,0,2,0,1,0,0,0,0
"POINT (8.509552908000046 49.488988671000072)",Unfall 84600 (2021) Kat:3, Licht: 0,84600,3,6,3,10,17,6,0,0,0,1,0,0,0,0
"POINT (8.511558122000054 49.444880781000052)",Unfall 84604 (2021) Kat:3, Licht: 2,84604,3,2,4,10,07,3,1,2,0,0,0,0,1,1
"POINT (8.488963053000020 49.498490168000046)",Unfall 84622 (2021) Kat:3, Licht: 0,84622,3,7,5,10,10,1,0,0,0,1,0,0,0,0
"POINT (8.487602739000067 49.475366017000056)",Unfall 84701 (2021) Kat:3, Licht: 0,84701,3,3,5,10,17,5,0,0,1,1,0,0,0,0
"POINT (8.538727731000051 49.461203425000065)",Unfall 84745 (2021) Kat:3, Licht: 0,84745,3,3,3,10,11,2,0,0,0,1,0,0,0,1
"POINT (8.454334725000024 49.546846311000081)",Unfall 84784 (2021) Kat:3, Licht: 0,84784,3,6,2,10,07,3,1,0,0,1,0,0,0,0
"POINT (8.519842850000032 49.515935542000079)",Unfall 84872 (2021) Kat:3, Licht: 1,84872,3,6,1,11,17,3,1,1,0,1,0,0,0,0
"POINT (8.540497780000067 49.441217853000069)",Unfall 85043 (2021) Kat:3, Licht: 0,85043,3,6,2,11,17,6,0,0,0,1,0,0,0,0
"POINT (8.447462930000029 49.574526246000062)",Unfall 85061 (2021) Kat:3, Licht: 0,85061,3,1,8,10,17,1,0,0,0,1,0,0,0,0
"POINT (8.560537322000073 49.512590191000072)",Unfall 85068 (2021) Kat:2, Licht: 2,85068,2,6,8,11,21,7,0,2,0,1,0,0,0,1
"POINT (8.448651849000044 49.550728599000081)",Unfall 85257 (2021) Kat:3, Licht: 0,85257,3,6,3,10,15,6,0,0,0,1,0,0,1,0
"POINT (8.425854584000035 49.551445077000039)",Unfall 85268 (2021) Kat:3, Licht: 0,85268,3,6,2,10,16,5,0,0,0,1,0,0,0,0
"POINT (8.487165658000038 49.496444265000036)",Unfall 85395 (2021) Kat:3, Licht: 0,85395,3,2,5,10,17,1,0,0,0,1,0,0,0,1
"POINT (8.566015122000067 49.451293811000028)",Unfall 85451 (2021) Kat:3, Licht: 2,85451,3,6,2,11,18,1,1,2,0,1,0,0,0,0
"POINT (8.551341101000048 49.459874331000037)",Unfall 85508 (2021) Kat:2, Licht: 0,85508,2,4,6,12,09,5,1,0,0,1,1,0,0,0
"POINT (8.489808850000031 49.498988793000080)",Unfall 85534 (2021) Kat:3, Licht: 1,85534,3,1,3,11,17,2,0,1,1,0,0,0,0,1
"POINT (8.482244812000033 49.474107183000058)",Unfall 85614 (2021) Kat:3, Licht: 2,85614,3,6,2,11,18,2,0,2,0,1,0,0,0,0
"POINT (8.456990066000060 49.545223488000033)",Unfall 85686 (2021) Kat:3, Licht: 1,85686,3,6,2,11,16,2,0,1,0,1,0,0,0,1
"POINT (8.484023206000074 49.473964247000026)",Unfall 85717 (2021) Kat:3, Licht: 0,85717,3,2,5,11,11,6,0,0,1,1,0,0,0,0
"POINT (8.524854740000023 49.481614325000066)",Unfall 85748 (2021) Kat:3, Licht: 0,85748,3,6,0,11,08,3,0,0,0,1,0,0,1,1
"POINT (8.508982518000039 49.519396342000050)",Unfall 85761 (2021) Kat:3, Licht: 0,85761,3,6,2,11,08,5,1,0,0,1,0,0,0,0
"POINT (8.460137712000062 49.503399299000080)",Unfall 85986 (2021) Kat:3, Licht: 1,85986,3,6,2,12,07,3,1,1,0,1,0,0,0,0
"POINT (8.499929394000048 49.524585586000057)",Unfall 86101 (2021) Kat:3, Licht: 0,86101,3,3,0,11,13,6,0,0,1,1,0,0,0,0
"POINT (8.475786911000057 49.486480899000071)",Unfall 86142 (2021) Kat:3, Licht: 0,86142,3,3,6,11,09,6,0,0,0,1,1,0,0,0
"POINT (8.542601319000028 49.413764120000053)",Unfall 86143 (2021) Kat:3, Licht: 1,86143,3,6,2,12,16,6,0,1,0,1,0,0,1,0
"POINT (8.541406879000021 49.456129918000045)",Unfall 86166 (2021) Kat:3, Licht: 2,86166,3,6,2,11,19,4,0,2,0,1,0,0,0,1
"POINT (8.475167497000029 49.485219098000073)",Unfall 86228 (2021) Kat:3, Licht: 0,86228,3,2,3,11,10,5,0,0,0,1,0,0,1,0
"POINT (8.480272485000057 49.489247457000033)",Unfall 86231 (2021) Kat:3, Licht: 0,86231,3,5,1,12,11,5,0,0,1,1,0,0,0,0
"POINT (8.530709624000053 49.463856900000053)",Unfall 86280 (2021) Kat:3, Licht: 2,86280,3,6,2,12,17,3,0,2,0,1,0,0,0,1
"POINT (8.519647311000028 49.467428675000065)",Unfall 86441 (2021) Kat:3, Licht: 0,86441,3,3,5,12,08,2,0,0,0,1,0,0,0,0
"POINT (8.505068132000076 49.522085368000035)",Unfall 86443 (2021) Kat:3, Licht: 2,86443,3,6,2,11,21,5,0,2,0,1,0,0,0,0
"POINT (8.560778834000075 49.507116999000061)",Unfall 86656 (2021) Kat:3, Licht: 0,86656,3,6,3,12,14,7,0,0,0,1,0,1,0,1
"POINT (8.521043320000047 49.493891820000044)",Unfall 86697 (2021) Kat:3, Licht: 1,86697,3,4,6,12,17,2,1,1,0,1,1,0,0,0
"POINT (8.546287027000062 49.420803124000031)",Unfall 86707 (2021) Kat:3, Licht: 1,86707,3,6,1,12,16,2,0,1,0,1,0,0,0,0
"POINT (8.556487018000041 49.454872728000055)",Unfall 86723 (2021) Kat:3, Licht: 2,86723,3,6,2,11,18,6,0,2,0,1,0,0,0,0
"POINT (8.525136466000049 49.512696176000077)",Unfall 86731 (2021) Kat:3, Licht: 1,86731,3,6,1,12,16,3,1,1,0,1,0,0,0,0
"POINT (8.489200395000069 49.494406151000078)",Unfall 86737 (2021) Kat:3, Licht: 1,86737,3,1,8,11,16,3,0,1,0,1,0,0,0,0
"POINT (8.488937014000044 49.528848994000043)",Unfall 86773 (2021) Kat:2, Licht: 2,86773,2,3,5,12,19,5,0,2,0,1,0,0,0,1
"POINT (8.482154528000024 49.524880983000060)",Unfall 86845 (2021) Kat:3, Licht: 2,86845,3,3,5,11,19,6,0,2,1,1,0,0,0,0
"POINT (8.517509986000050 49.466855300000077)",Unfall 86951 (2021) Kat:3, Licht: 0,86951,3,1,0,11,12,7,1,0,0,0,0,1,0,0
"POINT (8.493669446000069 49.500853018000043)",Unfall 87010 (2021) Kat:3, Licht: 2,87010,3,3,5,11,21,2,0,2,1,1,0,0,0,0
"POINT (8.550984453000069 49.491692747000059)",Unfall 87023 (2021) Kat:3, Licht: 0,87023,3,6,1,12,07,3,0,0,0,1,0,0,0,0
"POINT (8.538147656000035 49.452231735000055)",Unfall 87058 (2021) Kat:3, Licht: 0,87058,3,6,4,12,07,2,0,0,0,1,0,0,0,0
"POINT (8.547183875000030 49.513379056000076)",Unfall 87143 (2021) Kat:1, Licht: 2,87143,1,4,6,12,16,2,0,2,0,1,1,0,0,0
"POINT (8.515007639000032 49.517426318000048)",Unfall 87241 (2021) Kat:3, Licht: 0,87241,3,6,3,12,12,6,0,0,0,1,0,0,1,0
"POINT (8.539646354000070 49.461289897000029)",Unfall 87263 (2021) Kat:3, Licht: 2,87263,3,6,3,11,18,4,0,2,0,1,0,0,1,0
"POINT (8.491770717000065 49.477944037000043)",Unfall 88074 (2021) Kat:3, Licht: 2,88074,3,3,5,12,16,7,1,2,0,1,0,0,0,0
"POINT (8.510181788000068 49.454376195000066)",Unfall 178545 (2021) Kat:3, Licht: 1,178545,3,6,2,01,17,2,0,1,0,1,0,0,0,0
"POINT (8.467658078000056 49.489338281000073)",Unfall 178566 (2021) Kat:2, Licht: 0,178566,2,4,6,01,11,3,0,0,0,0,1,0,0,1
"POINT (8.513635596000029 49.517852267000080)",Unfall 178568 (2021) Kat:3, Licht: 2,178568,3,4,6,02,18,2,1,2,0,1,1,0,0,0
"POINT (8.505027366000036 49.456046612000080)",Unfall 178589 (2021) Kat:3, Licht: 0,178589,3,6,2,01,16,7,0,0,0,1,0,0,0,0
"POINT (8.511470427000063 49.524692191000042)",Unfall 178654 (2021) Kat:3, Licht: 0,178654,3,6,2,01,15,4,0,0,0,1,0,0,0,1
"POINT (8.492171197000062 49.451586279000026)",Unfall 178658 (2021) Kat:3, Licht: 0,178658,3,2,4,02,11,2,1,0,1,1,0,0,0,0
"POINT (8.476153577000048 49.484769096000036)",Unfall 178685 (2021) Kat:3, Licht: 2,178685,3,1,0,02,00,3,2,2,0,0,0,0,0,1
"POINT (8.466222410000057 49.499732665000067)",Unfall 178713 (2021) Kat:3, Licht: 2,178713,3,3,0,01,19,5,1,2,0,1,0,1,0,0
"POINT (8.479315878000023 49.480340126000044)",Unfall 178716 (2021) Kat:3, Licht: 2,178716,3,1,0,01,18,5,1,2,1,0,0,0,0,0
"POINT (8.468917139000041 49.473801221000031)",Unfall 178738 (2021) Kat:3, Licht: 2,178738,3,7,0,01,17,4,1,2,1,0,0,0,0,0
"POINT (8.511647627000059 49.461943300000030)",Unfall 178799 (2021) Kat:3, Licht: 0,178799,3,6,1,01,12,1,1,0,0,1,0,0,0,0
"POINT (8.489731342000027 49.493129953000050)",Unfall 178813 (2021) Kat:2, Licht: 2,178813,2,4,6,01,06,5,1,2,0,1,1,0,0,0
"POINT (8.450551582000060 49.496534815000075)",Unfall 178838 (2021) Kat:2, Licht: 0,178838,2,7,4,01,12,6,0,0,1,0,0,0,0,1
"POINT (8.488977401000056 49.478662275000033)",Unfall 178853 (2021) Kat:3, Licht: 0,178853,3,6,3,01,16,2,0,0,0,1,0,0,0,1
"POINT (8.509937109000020 49.446258036000074)",Unfall 178856 (2021) Kat:2, Licht: 0,178856,2,1,8,01,16,2,1,0,0,0,0,1,0,0
"POINT (8.525900873000069 49.435322433000067)",Unfall 178862 (2021) Kat:3, Licht: 1,178862,3,3,5,01,07,6,1,1,0,1,0,0,0,0
"POINT (8.488918313000056 49.475021297000069)",Unfall 178880 (2021) Kat:3, Licht: 0,178880,3,3,5,01,14,7,1,0,0,1,0,0,0,0
"POINT (8.471661878000020 49.499373134000052)",Unfall 178885 (2021) Kat:3, Licht: 0,178885,3,6,2,02,13,7,1,0,0,1,0,0,0,0
"POINT (8.510060483000075 49.454246163000050)",Unfall 178922 (2021) Kat:3, Licht: 1,178922,3,3,5,01,17,7,1,1,0,1,0,0,0,0
"POINT (8.493732990000069 49.520487458000048)",Unfall 178932 (2021) Kat:3, Licht: 0,178932,3,7,1,01,19,6,0,0,0,1,0,0,0,0
"POINT (8.483757395000055 49.468969097000070)",Unfall 178976 (2021) Kat:3, Licht: 0,178976,3,6,2,01,12,6,0,0,0,1,0,0,0,0
"POINT (8.500580295000077 49.448162463000074)",Unfall 178996 (2021) Kat:3, Licht: 0,178996,3,1,7,02,14,1,1,0,1,0,0,0,0,0
"POINT (8.493147446000023 49.566031468000062)",Unfall 179003 (2021) Kat:3, Licht: 0,179003,3,1,4,01,08,3,2,0,0,1,0,0,0,0
"POINT (8.457709419000025 49.496745075000035)",Unfall 179007 (2021) Kat:3, Licht: 2,179007,3,3,5,01,05,6,1,2,1,1,0,0,0,0
"POINT (8.504252653000037 49.476127696000049)",Unfall 179021 (2021) Kat:3, Licht: 0,179021,3,6,4,01,15,3,0,0,0,1,0,0,0,0
"POINT (8.496856807000029 49.525830510000048)",Unfall 179087 (2021) Kat:3, Licht: 2,179087,3,6,2,01,18,2,1,2,0,1,0,0,0,0
"POINT (8.506817446000071 49.509415280000042)",Unfall 179127 (2021) Kat:2, Licht: 2,179127,2,6,2,01,18,7,1,2,0,1,0,1,0,0
"POINT (8.466892335000068 49.510746436000034)",Unfall 179144 (2021) Kat:3, Licht: 0,179144,3,3,5,01,10,6,0,0,0,1,0,0,1,0
"POINT (8.507912400000066 49.512289474000056)",Unfall 179265 (2021) Kat:3, Licht: 1,179265,3,3,5,01,06,6,1,1,0,1,0,1,0,0
"POINT (8.525905393000073 49.435323860000040)",Unfall 179271 (2021) Kat:3, Licht: 0,179271,3,4,6,01,11,6,1,0,0,1,1,0,0,0
"POINT (8.469919308000044 49.504757138000059)",Unfall 179302 (2021) Kat:3, Licht: 2,179302,3,4,6,02,19,3,1,2,0,1,1,0,0,0
"POINT (8.482082035000076 49.478710162000027)",Unfall 179345 (2021) Kat:3, Licht: 2,179345,3,3,0,01,17,2,0,2,1,0,0,0,0,1
"POINT (8.535656029000052 49.422631196000054)",Unfall 179362 (2021) Kat:2, Licht: 2,179362,2,6,1,02,18,7,1,2,0,1,0,1,0,0
"POINT (8.491445694000049 49.477695252000046)",Unfall 179368 (2021) Kat:3, Licht: 0,179368,3,6,2,01,15,4,1,0,0,1,0,0,0,0
"POINT (8.505813943000021 49.506728174000045)",Unfall 179396 (2021) Kat:3, Licht: 0,179396,3,6,1,02,16,4,1,0,0,1,0,0,1,0
"POINT (8.558367065000027 49.499106045000076)",Unfall 179416 (2021) Kat:3, Licht: 0,179416,3,6,1,02,08,3,2,0,0,1,0,0,0,0
"POINT (8.508659204000026 49.503820660000031)",Unfall 179452 (2021) Kat:3, Licht: 0,179452,3,3,5,01,13,6,0,0,0,1,0,0,0,0
"POINT (8.501488400000028 49.523627642000065)",Unfall 179466 (2021) Kat:3, Licht: 0,179466,3,3,5,02,16,2,1,0,0,1,0,0,0,1
"POINT (8.467983958000048 49.499632890000044)",Unfall 179506 (2021) Kat:3, Licht: 0,179506,3,7,6,01,15,7,0,0,0,0,1,0,0,1
"POINT (8.525848835000033 49.437662629000044)",Unfall 179527 (2021) Kat:3, Licht: 0,179527,3,7,0,02,10,7,1,0,0,1,0,0,0,0
"POINT (8.474940735000075 49.490820924000047)",Unfall 179546 (2021) Kat:3, Licht: 0,179546,3,3,1,01,10,6,0,0,0,1,0,0,0,1
"POINT (8.472198227000035 49.497698366000066)",Unfall 179553 (2021) Kat:2, Licht: 0,179553,2,6,0,01,15,7,0,0,0,0,0,1,0,0
"POINT (8.495224325000038 49.510548814000060)",Unfall 179599 (2021) Kat:3, Licht: 2,179599,3,6,1,01,06,3,2,2,0,1,0,0,0,0
"POINT (8.484302371000069 49.498720933000072)",Unfall 179607 (2021) Kat:2, Licht: 0,179607,2,2,4,03,07,4,0,0,1,1,0,0,0,0
"POINT (8.515215122000029 49.507406969000044)",Unfall 179619 (2021) Kat:3, Licht: 2,179619,3,3,5,03,01,6,1,2,1,0,0,0,0,1
"POINT (8.490712782000060 49.460770535000051)",Unfall 179623 (2021) Kat:3, Licht: 0,179623,3,3,5,02,13,4,0,0,0,1,0,0,0,1
"POINT (8.488012819000062 49.453962964000027)",Unfall 179625 (2021) Kat:3, Licht: 0,179625,3,6,1,03,11,4,1,0,0,1,0,0,0,0
"POINT (8.462723859000050 49.500402150000070)",Unfall 179642 (2021) Kat:3, Licht: 2,179642,3,1,0,03,01,1,1,2,0,0,0,0,0,1
"POINT (8.500915572000054 49.450067967000052)",Unfall 179662 (2021) Kat:3, Licht: 0,179662,3,5,5,02,15,3,0,0,1,1,0,0,0,0
"POINT (8.471986166000022 49.469468889000041)",Unfall 179729 (2021) Kat:3, Licht: 0,179729,3,3,5,02,16,3,0,0,1,1,0,0,0,0
"POINT (8.471693539000057 49.500253417000067)",Unfall 179764 (2021) Kat:3, Licht: 0,179764,3,5,1,02,12,6,0,0,1,0,0,0,0,1
"POINT (8.461518015000024 49.490439411000068)",Unfall 179765 (2021) Kat:3, Licht: 0,179765,3,4,6,02,15,6,0,0,0,1,1,0,0,0
"POINT (8.484309671000062 49.472115679000069)",Unfall 179771 (2021) Kat:3, Licht: 0,179771,3,6,3,02,15,7,0,0,1,0,0,0,0,1
"POINT (8.478983467000035 49.460425197000063)",Unfall 179789 (2021) Kat:3, Licht: 0,179789,3,3,5,03,17,3,0,0,1,1,0,0,0,0
"POINT (8.479594651000070 49.487871269000038)",Unfall 179800 (2021) Kat:3, Licht: 0,179800,3,6,2,03,13,3,0,0,0,1,0,0,0,0
"POINT (8.472804034000035 49.468284664000066)",Unfall 179818 (2021) Kat:3, Licht: 0,179818,3,6,2,02,14,1,0,0,0,1,0,0,0,0
"POINT (8.471813574000066 49.493736460000036)",Unfall 179855 (2021) Kat:3, Licht: 0,179855,3,7,0,03,07,6,1,0,1,0,0,0,0,0
"POINT (8.459392644000047 49.515287075000060)",Unfall 179929 (2021) Kat:3, Licht: 2,179929,3,1,8,03,20,7,0,2,0,1,0,0,0,0
"POINT (8.509944087000065 49.485153687000036)",Unfall 179930 (2021) Kat:3, Licht: 0,179930,3,6,4,02,15,3,0,0,1,0,0,0,0,0
"POINT (8.470212368000034 49.493415948000063)",Unfall 179953 (2021) Kat:3, Licht: 0,179953,3,6,1,03,10,2,1,0,0,1,0,0,0,0
"POINT (8.467281415000059 49.493878140000049)",Unfall 179958 (2021) Kat:3, Licht: 0,179958,3,6,2,03,13,2,0,0,0,1,0,0,0,1
"POINT (8.508721829000024 49.513841556000045)",Unfall 179986 (2021) Kat:3, Licht: 0,179986,3,3,5,02,12,1,0,0,0,1,0,0,0,0
"POINT (8.493484015000035 49.453564661000030)",Unfall 180005 (2021) Kat:3, Licht: 0,180005,3,6,2,02,13,1,0,0,0,1,0,0,0,0
"POINT (8.457160245000068 49.490973037000060)",Unfall 180056 (2021) Kat:3, Licht: 2,180056,3,1,9,02,19,1,1,2,0,1,0,0,0,0
"POINT (8.472383815000057 49.484269070000039)",Unfall 180060 (2021) Kat:3, Licht: 0,180060,3,5,2,03,17,1,0,0,0,1,0,0,0,0
"POINT (8.499125246000062 49.520323832000031)",Unfall 180079 (2021) Kat:3, Licht: 0,180079,3,3,5,03,09,7,0,0,0,1,0,0,0,1
"POINT (8.471302410000021 49.510628863000079)",Unfall 180086 (2021) Kat:3, Licht: 0,180086,3,6,1,03,14,2,0,0,0,1,0,0,0,1
"POINT (8.464953888000025 49.487205595000034)",Unfall 180088 (2021) Kat:3, Licht: 0,180088,3,4,6,02,12,6,0,0,0,1,1,0,0,0
"POINT (8.465881533000072 49.499882630000059)",Unfall 180122 (2021) Kat:3, Licht: 0,180122,3,7,0,03,12,3,0,0,1,0,0,0,0,0
"POINT (8.493802778000031 49.456304207000073)",Unfall 180152 (2021) Kat:3, Licht: 0,180152,3,5,5,02,14,7,0,0,1,0,0,0,0,1
"POINT (8.463113183000075 49.503487576000055)",Unfall 180158 (2021) Kat:3, Licht: 2,180158,3,2,6,03,19,2,0,2,0,1,1,0,1,0
"POINT (8.529433260000076 49.530993291000073)",Unfall 180160 (2021) Kat:3, Licht: 0,180160,3,3,5,03,13,3,0,0,1,1,0,0,0,0
"POINT (8.492349230000059 49.500033697000049)",Unfall 180169 (2021) Kat:3, Licht: 2,180169,3,3,5,02,06,3,0,2,1,1,0,0,0,0
"POINT (8.476887071000021 49.486109808000037)",Unfall 180180 (2021) Kat:2, Licht: 0,180180,2,7,0,02,11,6,0,0,0,1,0,0,0,0
"POINT (8.499656504000029 49.449863003000075)",Unfall 180191 (2021) Kat:2, Licht: 0,180191,2,1,0,03,11,3,1,0,0,0,0,1,0,0
"POINT (8.465900190000070 49.489911840000048)",Unfall 180214 (2021) Kat:3, Licht: 0,180214,3,7,5,02,17,3,0,0,1,1,0,0,0,0
"POINT (8.538919954000050 49.418871197000044)",Unfall 180224 (2021) Kat:3, Licht: 0,180224,3,3,5,02,15,6,0,0,1,1,0,0,0,0
"POINT (8.528642041000069 49.491116439000052)",Unfall 180252 (2021) Kat:3, Licht: 0,180252,3,6,2,03,10,6,0,0,1,1,0,0,0,0
"POINT (8.504486899000028 49.445169946000078)",Unfall 180297 (2021) Kat:3, Licht: 1,180297,3,7,0,02,17,3,0,1,1,0,0,0,0,0
"POINT (8.474018114000046 49.515923832000055)",Unfall 180328 (2021) Kat:3, Licht: 0,180328,3,6,3,03,14,4,0,0,0,1,0,1,0,0
"POINT (8.484458956000026 49.472168209000074)",Unfall 180349 (2021) Kat:3, Licht: 0,180349,3,6,3,03,08,5,0,0,0,0,0,0,0,1
"POINT (8.489385229000050 49.462928729000055)",Unfall 180381 (2021) Kat:3, Licht: 2,180381,3,7,6,02,06,5,2,2,0,1,1,0,0,0
"POINT (8.485592623000059 49.485536461000038)",Unfall 180390 (2021) Kat:2, Licht: 0,180390,2,7,9,03,16,5,0,0,0,1,0,0,0,0
"POINT (8.484302052000032 49.481377626000040)",Unfall 180400 (2021) Kat:3, Licht: 0,180400,3,3,5,02,12,2,0,0,1,1,0,0,0,0
"POINT (8.482650450000051 49.456902695000053)",Unfall 180404 (2021) Kat:3, Licht: 0,180404,3,3,5,02,15,5,0,0,0,1,0,0,0,1
"POINT (8.523916312000040 49.474433025000053)",Unfall 180405 (2021) Kat:3, Licht: 0,180405,3,2,2,03,06,3,1,0,0,1,0,0,0,0
"POINT (8.505478518000075 49.493959123000081)",Unfall 180412 (2021) Kat:3, Licht: 0,180412,3,1,0,03,16,7,0,0,0,0,0,1,0,0
"POINT (8.505329770000060 49.494735344000048)",Unfall 180413 (2021) Kat:2, Licht: 0,180413,2,6,2,03,15,2,0,0,0,1,0,0,0,0
"POINT (8.492219410000075 49.526119385000072)",Unfall 180470 (2021) Kat:3, Licht: 0,180470,3,3,5,02,16,1,0,0,0,1,0,0,0,0
"POINT (8.462039954000034 49.489394519000030)",Unfall 180493 (2021) Kat:3, Licht: 0,180493,3,3,5,02,17,7,0,0,0,1,0,0,0,1
"POINT (8.441816241000026 49.548694986000044)",Unfall 180527 (2021) Kat:3, Licht: 0,180527,3,3,5,03,13,3,0,0,1,1,0,0,0,0
"POINT (8.500082485000064 49.511633269000072)",Unfall 180530 (2021) Kat:3, Licht: 0,180530,3,3,5,03,15,7,0,0,0,1,0,0,0,0
"POINT (8.508746107000036 49.531017860000077)",Unfall 180557 (2021) Kat:3, Licht: 0,180557,3,7,8,02,11,1,0,0,1,0,0,0,0,0
"POINT (8.509682563000069 49.445913045000054)",Unfall 180576 (2021) Kat:3, Licht: 0,180576,3,1,0,02,13,3,0,0,0,0,0,1,0,0
"POINT (8.470644533000041 49.488867063000043)",Unfall 180578 (2021) Kat:3, Licht: 2,180578,3,3,5,03,19,5,1,2,0,1,0,0,0,0
"POINT (8.482169525000074 49.454328258000032)",Unfall 180590 (2021) Kat:3, Licht: 0,180590,3,5,1,03,15,5,0,0,0,1,0,0,0,1
"POINT (8.515678319000074 49.509883157000047)",Unfall 180601 (2021) Kat:3, Licht: 0,180601,3,3,5,03,16,5,0,0,1,0,0,0,0,1
"POINT (8.466918534000058 49.488539001000049)",Unfall 180611 (2021) Kat:3, Licht: 0,180611,3,7,6,03,11,7,0,0,0,0,1,0,0,1
"POINT (8.466444356000068 49.497666553000045)",Unfall 180657 (2021) Kat:3, Licht: 0,180657,3,4,6,03,17,3,0,0,0,1,1,0,0,0
"POINT (8.466107308000062 49.490135764000058)",Unfall 180662 (2021) Kat:2, Licht: 1,180662,2,5,1,04,18,3,0,1,1,1,0,0,0,0
"POINT (8.494057297000040 49.455687788000034)",Unfall 180687 (2021) Kat:3, Licht: 0,180687,3,6,1,04,09,6,0,0,0,1,0,0,0,0
"POINT (8.478345760000025 49.460636193000028)",Unfall 180736 (2021) Kat:3, Licht: 0,180736,3,2,5,04,12,5,0,0,1,1,0,0,0,0
"POINT (8.462047600000062 49.489402711000025)",Unfall 180808 (2021) Kat:3, Licht: 1,180808,3,3,5,05,18,3,1,1,0,1,0,0,0,1
"POINT (8.502004347000025 49.458725567000045)",Unfall 180824 (2021) Kat:3, Licht: 0,180824,3,2,5,04,18,5,0,0,0,1,0,0,0,0
"POINT (8.460515807000036 49.481319655000050)",Unfall 180865 (2021) Kat:3, Licht: 1,180865,3,6,2,04,06,2,1,1,0,1,0,0,0,0
"POINT (8.503553469000053 49.492813079000030)",Unfall 180866 (2021) Kat:3, Licht: 0,180866,3,6,1,03,10,2,0,0,0,1,0,0,0,0
"POINT (8.471184794000067 49.479262647000041)",Unfall 180886 (2021) Kat:3, Licht: 0,180886,3,7,0,05,11,1,0,0,1,0,0,0,0,0
"POINT (8.508941038000046 49.519279847000064)",Unfall 180887 (2021) Kat:3, Licht: 0,180887,3,3,5,04,12,7,0,0,1,0,0,0,0,1
"POINT (8.474658884000064 49.491146051000044)",Unfall 180900 (2021) Kat:3, Licht: 0,180900,3,5,1,04,17,6,0,0,1,1,0,0,0,0
"POINT (8.492862795000065 49.461354964000066)",Unfall 180905 (2021) Kat:3, Licht: 2,180905,3,1,9,04,02,7,0,2,0,1,0,0,0,0
"POINT (8.474401945000068 49.496716987000070)",Unfall 180926 (2021) Kat:3, Licht: 0,180926,3,7,1,04,17,3,0,0,1,1,0,0,0,0
"POINT (8.475066685000058 49.516500885000028)",Unfall 180933 (2021) Kat:3, Licht: 0,180933,3,2,4,05,18,7,0,0,0,1,0,0,0,0
"POINT (8.480334670000047 49.483414404000030)",Unfall 180937 (2021) Kat:3, Licht: 0,180937,3,3,5,03,12,3,0,0,0,1,0,0,0,0
"POINT (8.472980937000045 49.450984362000042)",Unfall 180986 (2021) Kat:2, Licht: 0,180986,2,3,5,04,10,7,0,0,1,0,0,0,0,1
"POINT (8.512687891000041 49.438797685000054)",Unfall 180987 (2021) Kat:1, Licht: 2,180987,1,7,9,04,05,2,0,2,0,0,0,0,1,0
"POINT (8.524824342000045 49.449385958000050)",Unfall 180990 (2021) Kat:3, Licht: 2,180990,3,7,1,03,20,4,0,2,0,1,0,0,0,0
"POINT (8.479086383000038 49.458409705000065)",Unfall 180995 (2021) Kat:2, Licht: 0,180995,2,1,0,05,18,3,0,0,0,1,0,0,0,0
"POINT (8.475137614000062 49.481362167000043)",Unfall 181008 (2021) Kat:3, Licht: 0,181008,3,5,0,04,20,2,0,0,1,0,0,0,0,0
"POINT (8.561014224000076 49.468091276000052)",Unfall 181014 (2021) Kat:3, Licht: 2,181014,3,7,9,04,01,2,0,2,0,1,0,0,0,0
"POINT (8.500751622000053 49.505050944000061)",Unfall 181070 (2021) Kat:3, Licht: 1,181070,3,3,5,04,05,3,0,1,1,1,0,0,0,0
"POINT (8.456737850000025 49.492253460000029)",Unfall 181083 (2021) Kat:3, Licht: 0,181083,3,2,3,03,16,4,0,0,1,1,0,0,0,0
"POINT (8.478888710000035 49.485343421000039)",Unfall 181117 (2021) Kat:3, Licht: 0,181117,3,7,1,04,10,7,0,0,0,1,0,0,0,0
"POINT (8.480969485000060 49.483961461000035)",Unfall 181146 (2021) Kat:3, Licht: 0,181146,3,4,6,04,11,6,0,0,0,1,1,0,0,0
"POINT (8.485202676000029 49.497015023000074)",Unfall 181202 (2021) Kat:2, Licht: 0,181202,2,3,5,05,15,2,0,0,0,1,0,1,0,0
"POINT (8.482961355000043 49.481425175000027)",Unfall 181219 (2021) Kat:3, Licht: 0,181219,3,3,5,05,18,3,0,0,0,1,0,0,0,0
"POINT (8.501798040000040 49.489526029000046)",Unfall 181241 (2021) Kat:3, Licht: 1,181241,3,3,5,04,20,5,0,1,0,1,0,0,0,0
"POINT (8.480961625000020 49.539125202000037)",Unfall 181261 (2021) Kat:3, Licht: 0,181261,3,3,5,05,08,3,0,0,1,1,0,0,0,0
"POINT (8.470214014000021 49.493415022000079)",Unfall 181358 (2021) Kat:3, Licht: 0,181358,3,3,5,04,16,5,0,0,1,1,0,0,0,0
"POINT (8.474648693000063 49.465846739000028)",Unfall 181362 (2021) Kat:2, Licht: 0,181362,2,6,1,04,14,3,0,0,0,0,0,1,0,1
"POINT (8.442453159000024 49.545021240000040)",Unfall 181366 (2021) Kat:3, Licht: 0,181366,3,6,2,05,16,2,0,0,0,1,0,1,0,0
"POINT (8.478778292000072 49.460500020000040)",Unfall 181375 (2021) Kat:3, Licht: 0,181375,3,6,2,05,10,7,0,0,1,0,0,0,0,0
"POINT (8.464540921000037 49.493256843000040)",Unfall 181403 (2021) Kat:3, Licht: 2,181403,3,3,5,03,06,1,0,2,0,1,0,0,0,0
"POINT (8.493070411000076 49.521810902000027)",Unfall 181422 (2021) Kat:3, Licht: 0,181422,3,2,4,04,16,2,0,0,1,1,0,0,0,0
"POINT (8.508242437000035 49.512844787000063)",Unfall 181433 (2021) Kat:3, Licht: 0,181433,3,5,1,04,12,5,0,0,1,1,0,0,0,0
"POINT (8.475355138000054 49.464808813000047)",Unfall 181441 (2021) Kat:3, Licht: 0,181441,3,3,5,04,09,5,0,0,0,1,0,0,0,1
"POINT (8.486309496000047 49.526312566000058)",Unfall 181452 (2021) Kat:3, Licht: 0,181452,3,3,5,04,17,6,0,0,0,1,1,0,0,0
"POINT (8.511760077000076 49.447276769000041)",Unfall 181481 (2021) Kat:3, Licht: 0,181481,3,6,2,04,14,6,0,0,0,1,0,0,0,0
"POINT (8.468825049000031 49.497678365000070)",Unfall 181493 (2021) Kat:3, Licht: 2,181493,3,7,0,04,23,7,0,2,1,0,1,0,0,0
"POINT (8.473698962000071 49.483764072000042)",Unfall 181523 (2021) Kat:3, Licht: 0,181523,3,6,1,04,15,5,0,0,0,1,0,1,0,0
"POINT (8.540773697000077 49.485752593000029)",Unfall 181550 (2021) Kat:3, Licht: 0,181550,3,5,1,04,14,4,0,0,1,0,0,0,0,1
"POINT (8.469310095000026 49.480781310000054)",Unfall 181557 (2021) Kat:3, Licht: 0,181557,3,7,0,04,16,6,0,0,0,0,0,0,0,1
"POINT (8.468459117000066 49.485282637000068)",Unfall 181590 (2021) Kat:3, Licht: 0,181590,3,1,0,04,19,5,0,0,1,0,0,0,0,0
"POINT (8.457617191000054 49.496128702000078)",Unfall 181598 (2021) Kat:3, Licht: 1,181598,3,6,1,04,18,3,0,1,1,1,0,0,0,0
"POINT (8.485178343000030 49.482021210000028)",Unfall 181603 (2021) Kat:3, Licht: 0,181603,3,6,3,04,07,6,0,0,0,1,0,0,0,1
"POINT (8.475011310000070 49.490974778000066)",Unfall 181605 (2021) Kat:3, Licht: 0,181605,3,2,3,04,20,1,0,0,0,1,0,0,0,0
"POINT (8.481066461000069 49.547023010000032)",Unfall 181620 (2021) Kat:2, Licht: 0,181620,2,2,4,04,16,4,0,0,0,1,0,1,0,0
"POINT (8.465143697000030 49.492758438000067)",Unfall 181631 (2021) Kat:3, Licht: 0,181631,3,7,1,04,12,3,0,0,1,1,0,0,0,0
"POINT (8.475089237000077 49.497999355000047)",Unfall 181651 (2021) Kat:3, Licht: 0,181651,3,2,5,05,08,3,1,0,1,1,0,0,0,0
"POINT (8.472298682000030 49.497460558000057)",Unfall 181669 (2021) Kat:3, Licht: 0,181669,3,2,5,05,14,6,0,0,0,1,0,0,0,1
"POINT (8.506984551000073 49.499204729000041)",Unfall 181702 (2021) Kat:3, Licht: 0,181702,3,7,0,05,13,7,0,0,1,0,0,0,0,0
"POINT (8.495059352000055 49.518596579000075)",Unfall 181724 (2021) Kat:3, Licht: 0,181724,3,3,5,06,16,7,1,0,0,1,0,0,0,0
"POINT (8.468906627000024 49.473830330000055)",Unfall 181748 (2021) Kat:3, Licht: 0,181748,3,1,0,05,14,5,1,0,1,0,0,0,0,0
"POINT (8.449721518000047 49.504924714000026)",Unfall 181751 (2021) Kat:3, Licht: 0,181751,3,7,1,05,13,2,0,0,0,1,0,1,1,0
"POINT (8.464067019000026 49.490459629000043)",Unfall 181784 (2021) Kat:3, Licht: 0,181784,3,3,5,06,20,3,0,0,0,1,0,0,0,0
"POINT (8.484681047000038 49.467990473000043)",Unfall 181795 (2021) Kat:3, Licht: 0,181795,3,3,5,05,13,2,0,0,1,1,0,0,0,0
"POINT (8.525797614000055 49.435289348000026)",Unfall 181826 (2021) Kat:3, Licht: 2,181826,3,4,6,05,21,7,0,2,0,1,1,0,0,0
"POINT (8.480671486000062 49.489806734000069)",Unfall 181889 (2021) Kat:3, Licht: 0,181889,3,6,3,05,18,3,1,0,0,1,0,1,0,0
"POINT (8.457005821000052 49.493679716000031)",Unfall 181914 (2021) Kat:3, Licht: 0,181914,3,6,1,05,11,6,0,0,0,1,0,0,0,0
"POINT (8.468417519000070 49.544220141000039)",Unfall 181916 (2021) Kat:3, Licht: 0,181916,3,3,5,05,11,7,0,0,0,1,0,0,0,0
"POINT (8.471683480000024 49.492548886000066)",Unfall 181917 (2021) Kat:3, Licht: 0,181917,3,6,3,05,18,6,0,0,0,1,0,1,0,0
"POINT (8.448922170000060 49.543965584000034)",Unfall 181964 (2021) Kat:2, Licht: 0,181964,2,3,5,05,12,6,0,0,0,1,0,0,0,1
"POINT (8.485709489000044 49.473848793000059)",Unfall 181986 (2021) Kat:3, Licht: 1,181986,3,6,2,05,20,1,0,1,0,1,0,0,0,0
"POINT (8.468651542000032 49.491771492000055)",Unfall 182007 (2021) Kat:2, Licht: 0,182007,2,2,0,06,14,1,0,0,1,1,0,0,0,0
"POINT (8.510537903000056 49.478509378000069)",Unfall 182045 (2021) Kat:3, Licht: 0,182045,3,2,5,05,17,6,0,0,0,1,1,0,0,0
"POINT (8.474099778000038 49.543934668000077)",Unfall 182132 (2021) Kat:3, Licht: 0,182132,3,7,0,05,15,5,1,0,0,0,0,1,0,0
"POINT (8.463666862000025 49.485278170000072)",Unfall 182136 (2021) Kat:3, Licht: 0,182136,3,6,2,05,15,6,0,0,0,1,0,0,0,0
"POINT (8.451887406000026 49.543561420000060)",Unfall 182144 (2021) Kat:3, Licht: 0,182144,3,3,5,06,17,5,0,0,1,1,0,0,0,0
"POINT (8.475921736000032 49.488024232000043)",Unfall 182169 (2021) Kat:3, Licht: 0,182169,3,6,1,05,16,6,0,0,0,1,0,0,0,0
"POINT (8.475065051000058 49.490901937000046)",Unfall 182185 (2021) Kat:2, Licht: 0,182185,2,2,4,06,09,7,0,0,1,1,0,0,0,0
"POINT (8.482880707000049 49.481335707000028)",Unfall 182203 (2021) Kat:3, Licht: 0,182203,3,3,5,05,18,3,0,0,0,1,0,0,0,0
"POINT (8.475053267000021 49.516368740000075)",Unfall 182299 (2021) Kat:3, Licht: 0,182299,3,3,5,05,19,6,0,0,1,1,0,0,0,0
"POINT (8.498031874000048 49.473754967000048)",Unfall 182387 (2021) Kat:3, Licht: 0,182387,3,3,5,05,08,6,0,0,0,1,0,0,0,1
"POINT (8.452594263000037 49.491317734000063)",Unfall 182409 (2021) Kat:3, Licht: 0,182409,3,7,0,06,14,3,0,0,0,0,0,1,0,0
"POINT (8.480704797000044 49.471329230000038)",Unfall 182427 (2021) Kat:3, Licht: 0,182427,3,7,0,06,15,1,0,0,0,1,0,0,0,0
"POINT (8.480975860000058 49.544576494000069)",Unfall 182467 (2021) Kat:3, Licht: 0,182467,3,2,1,05,16,2,1,0,0,1,0,0,0,0
"POINT (8.448196536000069 49.508080131000042)",Unfall 182471 (2021) Kat:3, Licht: 0,182471,3,7,0,05,16,5,0,0,1,0,0,0,0,0
"POINT (8.472076739000045 49.490423409000073)",Unfall 182513 (2021) Kat:3, Licht: 1,182513,3,3,5,06,21,6,0,1,0,1,0,0,0,0
"POINT (8.458328690000030 49.545797436000043)",Unfall 182540 (2021) Kat:2, Licht: 0,182540,2,3,5,05,16,6,0,0,1,1,0,0,0,0
"POINT (8.467120126000054 49.486367963000077)",Unfall 182545 (2021) Kat:3, Licht: 0,182545,3,2,3,05,13,7,0,0,1,1,0,0,0,0
"POINT (8.525795354000024 49.435288615000047)",Unfall 182577 (2021) Kat:2, Licht: 0,182577,2,4,6,05,08,7,1,0,0,0,1,1,0,0
"POINT (8.493622723000044 49.515058243000055)",Unfall 182586 (2021) Kat:3, Licht: 0,182586,3,4,6,05,14,3,0,0,0,1,1,0,0,0
"POINT (8.478100688000040 49.465707538000061)",Unfall 182589 (2021) Kat:3, Licht: 0,182589,3,5,1,06,07,6,0,0,0,1,0,0,0,0
"POINT (8.579299212000024 49.439985558000046)",Unfall 182604 (2021) Kat:3, Licht: 0,182604,3,3,5,06,15,4,0,0,0,1,0,0,0,1
"POINT (8.469128297000054 49.498393977000035)",Unfall 182645 (2021) Kat:3, Licht: 0,182645,3,3,0,05,12,1,0,0,1,1,0,0,0,0
"POINT (8.488338972000065 49.512717955000028)",Unfall 182651 (2021) Kat:3, Licht: 0,182651,3,2,2,06,15,3,0,0,0,1,0,0,0,0
"POINT (8.480272806000073 49.460050520000038)",Unfall 182671 (2021) Kat:2, Licht: 0,182671,2,3,5,05,10,6,0,0,1,1,0,0,0,0
"POINT (8.484924193000040 49.461439365000047)",Unfall 182697 (2021) Kat:3, Licht: 0,182697,3,7,0,06,10,6,1,0,1,0,0,0,0,0
"POINT (8.471560597000064 49.493237432000058)",Unfall 182710 (2021) Kat:2, Licht: 0,182710,2,1,0,06,12,5,0,0,1,0,0,0,0,0
"POINT (8.480755944000066 49.481872369000030)",Unfall 182740 (2021) Kat:3, Licht: 0,182740,3,5,6,06,14,3,0,0,0,1,1,0,0,0
"POINT (8.507932044000029 49.512286668000058)",Unfall 182746 (2021) Kat:3, Licht: 0,182746,3,3,5,06,15,3,1,0,1,1,0,0,0,0
"POINT (8.503346086000022 49.451006723000035)",Unfall 182769 (2021) Kat:3, Licht: 0,182769,3,3,0,06,11,4,0,0,1,1,0,0,0,0
"POINT (8.490868663000072 49.450283763000073)",Unfall 182776 (2021) Kat:3, Licht: 2,182776,3,1,1,06,22,1,1,2,0,1,0,1,0,0
"POINT (8.477183967000030 49.539003539000078)",Unfall 182782 (2021) Kat:3, Licht: 0,182782,3,3,5,06,08,4,0,0,0,1,0,0,0,1
"POINT (8.490691675000051 49.460765440000046)",Unfall 182790 (2021) Kat:3, Licht: 0,182790,3,3,5,06,08,2,0,0,0,1,0,0,0,1
"POINT (8.463222945000041 49.498721884000076)",Unfall 182863 (2021) Kat:3, Licht: 0,182863,3,3,5,06,19,4,0,0,1,0,0,0,0,0
"POINT (8.471543577000034 49.472323224000036)",Unfall 182872 (2021) Kat:2, Licht: 0,182872,2,2,4,06,14,5,0,0,0,1,0,1,0,0
"POINT (8.500061288000040 49.489377510000054)",Unfall 182917 (2021) Kat:3, Licht: 0,182917,3,7,3,06,11,3,1,0,0,1,0,0,0,1
"POINT (8.482553105000022 49.478420143000051)",Unfall 182967 (2021) Kat:3, Licht: 0,182967,3,7,0,06,12,3,1,0,0,0,0,0,0,1
"POINT (8.573787117000052 49.443603687000063)",Unfall 182986 (2021) Kat:3, Licht: 0,182986,3,7,2,06,18,5,0,0,0,1,0,1,0,0
"POINT (8.503578248000053 49.492793503000030)",Unfall 183028 (2021) Kat:3, Licht: 0,183028,3,1,7,06,08,4,0,0,0,1,0,0,0,0
"POINT (8.479431197000054 49.497863350000046)",Unfall 183073 (2021) Kat:2, Licht: 0,183073,2,3,5,06,09,2,1,0,0,1,0,1,0,0
"POINT (8.483819455000059 49.497240167000029)",Unfall 183080 (2021) Kat:3, Licht: 0,183080,3,2,5,06,17,4,0,0,1,1,0,0,0,0
"POINT (8.475592938000034 49.465092939000044)",Unfall 183104 (2021) Kat:3, Licht: 0,183104,3,6,2,06,18,7,0,0,0,1,0,0,0,1
"POINT (8.483743290000064 49.469828867000047)",Unfall 183111 (2021) Kat:3, Licht: 0,183111,3,3,5,06,18,4,0,0,1,1,0,0,0,0
"POINT (8.532218093000040 49.484470336000072)",Unfall 183127 (2021) Kat:3, Licht: 0,183127,3,7,0,06,13,5,0,0,1,0,0,0,0,0
"POINT (8.521897947000070 49.467124477000027)",Unfall 183179 (2021) Kat:3, Licht: 2,183179,3,1,0,06,00,3,1,2,1,0,0,0,0,0
"POINT (8.522272369000063 49.516150476000064)",Unfall 183225 (2021) Kat:3, Licht: 0,183225,3,3,5,06,12,5,0,0,0,1,0,0,0,0
"POINT (8.493991683000047 49.511673891000044)",Unfall 183290 (2021) Kat:3, Licht: 0,183290,3,4,6,06,18,5,0,0,0,1,1,0,0,0
"POINT (8.548864384000069 49.512525616000062)",Unfall 183316 (2021) Kat:3, Licht: 0,183316,3,6,4,06,14,5,0,0,0,1,0,1,0,0
"POINT (8.534498753000037 49.474947323000038)",Unfall 183348 (2021) Kat:2, Licht: 0,183348,2,7,8,06,12,3,1,0,1,0,0,0,0,0
"POINT (8.449330163000070 49.542295212000056)",Unfall 183360 (2021) Kat:3, Licht: 0,183360,3,6,3,06,09,4,0,0,1,0,0,0,0,1
"POINT (8.479701400000067 49.471751780000034)",Unfall 183382 (2021) Kat:2, Licht: 2,183382,2,7,0,06,04,4,0,2,0,0,0,1,0,0
"POINT (8.487439607000056 49.464640546000055)",Unfall 183430 (2021) Kat:3, Licht: 0,183430,3,3,5,06,15,3,0,0,1,1,0,0,0,0
"POINT (8.539226557000063 49.510949159000063)",Unfall 183443 (2021) Kat:1, Licht: 0,183443,1,3,5,06,07,2,0,0,1,0,0,0,0,1
"POINT (8.484601608000048 49.523314962000029)",Unfall 183475 (2021) Kat:3, Licht: 0,183475,3,7,0,06,09,7,0,0,1,1,0,0,0,0
"POINT (8.469316909000042 49.487434961000076)",Unfall 183505 (2021) Kat:3, Licht: 0,183505,3,2,5,06,20,4,0,0,1,1,0,0,0,0
"POINT (8.464484483000035 49.488378849000071)",Unfall 183506 (2021) Kat:3, Licht: 1,183506,3,3,0,06,21,5,0,1,0,1,0,0,0,1
"POINT (8.484038229000021 49.477640498000028)",Unfall 183545 (2021) Kat:3, Licht: 0,183545,3,7,0,06,07,5,0,0,1,0,0,0,0,0
"POINT (8.489000880000049 49.498196394000047)",Unfall 183580 (2021) Kat:3, Licht: 0,183580,3,4,0,06,11,7,0,0,1,0,1,0,0,0
"POINT (8.469804816000021 49.489185717000055)",Unfall 183620 (2021) Kat:2, Licht: 0,183620,2,4,6,06,11,6,0,0,0,1,1,0,0,0
"POINT (8.485511980000069 49.526389613000049)",Unfall 183629 (2021) Kat:3, Licht: 2,183629,3,3,5,06,04,2,0,2,1,1,0,0,0,0
"POINT (8.464749009000059 49.484905422000054)",Unfall 183637 (2021) Kat:3, Licht: 2,183637,3,3,5,06,22,1,1,2,0,1,0,0,0,0
"POINT (8.448384392000037 49.548994531000062)",Unfall 183657 (2021) Kat:3, Licht: 0,183657,3,3,5,06,17,3,0,0,0,1,0,0,0,1
"POINT (8.559865494000064 49.468763646000070)",Unfall 183686 (2021) Kat:3, Licht: 0,183686,3,3,5,06,17,7,0,0,1,1,0,0,0,0
"POINT (8.481164766000063 49.509290050000061)",Unfall 183719 (2021) Kat:3, Licht: 0,183719,3,6,0,06,11,4,0,0,0,1,0,0,0,1
"POINT (8.536091749000036 49.454889505000040)",Unfall 183721 (2021) Kat:3, Licht: 0,183721,3,4,6,06,20,7,0,0,0,1,1,0,0,0
"POINT (8.506834907000041 49.509456752000062)",Unfall 183747 (2021) Kat:3, Licht: 0,183747,3,2,5,06,08,4,1,0,0,1,0,1,0,0
"POINT (8.478953672000046 49.477152803000081)",Unfall 183772 (2021) Kat:3, Licht: 0,183772,3,3,5,06,16,3,1,0,0,1,0,0,0,0
"POINT (8.481437232000076 49.475001540000051)",Unfall 183782 (2021) Kat:3, Licht: 0,183782,3,5,1,07,13,5,1,0,1,0,0,1,0,0
"POINT (8.505694518000041 49.447711813000069)",Unfall 183791 (2021) Kat:3, Licht: 0,183791,3,6,2,07,15,3,1,0,0,1,0,0,0,0
"POINT (8.459792451000055 49.494856766000055)",Unfall 183814 (2021) Kat:3, Licht: 0,183814,3,6,0,07,12,2,0,0,1,0,1,0,0,0
"POINT (8.486828229000025 49.496499229000051)",Unfall 183827 (2021) Kat:3, Licht: 0,183827,3,7,0,07,17,2,0,0,0,0,0,0,0,1
"POINT (8.525782360000051 49.420220212000061)",Unfall 183852 (2021) Kat:3, Licht: 0,183852,3,3,5,07,10,5,0,0,1,1,0,0,0,0
"POINT (8.463565602000074 49.493915720000075)",Unfall 183860 (2021) Kat:3, Licht: 0,183860,3,6,2,07,16,5,0,0,0,1,0,0,0,0
"POINT (8.504136512000059 49.501880510000035)",Unfall 183861 (2021) Kat:3, Licht: 0,183861,3,7,0,07,14,2,0,0,1,0,0,0,0,0
"POINT (8.474584235000066 49.474297637000063)",Unfall 183884 (2021) Kat:3, Licht: 0,183884,3,3,5,07,14,4,0,0,0,1,0,0,0,0
"POINT (8.510174967000069 49.454328856000075)",Unfall 183885 (2021) Kat:2, Licht: 0,183885,2,3,5,07,11,1,0,0,0,1,0,0,0,0
"POINT (8.463744664000046 49.518332848000057)",Unfall 183887 (2021) Kat:2, Licht: 0,183887,2,7,5,07,15,3,1,0,0,0,0,1,1,0
"POINT (8.479080662000058 49.480409066000050)",Unfall 183907 (2021) Kat:3, Licht: 0,183907,3,7,0,07,16,1,0,0,1,0,0,0,0,0
"POINT (8.475447542000040 49.508284158000038)",Unfall 183916 (2021) Kat:3, Licht: 0,183916,3,1,0,07,21,6,0,0,1,0,0,0,0,0
"POINT (8.469794368000066 49.493692572000043)",Unfall 183928 (2021) Kat:2, Licht: 0,183928,2,6,2,07,15,4,0,0,0,1,0,1,0,0
"POINT (8.493109165000021 49.521805876000030)",Unfall 183929 (2021) Kat:3, Licht: 0,183929,3,2,5,07,07,7,0,0,1,1,0,0,0,0
"POINT (8.569056499000055 49.461289024000052)",Unfall 183952 (2021) Kat:3, Licht: 0,183952,3,6,2,07,16,1,0,0,0,1,0,1,0,0
"POINT (8.456976112000063 49.492065862000061)",Unfall 184029 (2021) Kat:3, Licht: 0,184029,3,3,5,06,18,4,0,0,0,1,0,0,0,0
"POINT (8.497997578000025 49.520636308000064)",Unfall 184040 (2021) Kat:3, Licht: 0,184040,3,4,6,07,15,3,1,0,0,1,1,0,0,0
"POINT (8.476084444000037 49.482599027000049)",Unfall 184046 (2021) Kat:3, Licht: 2,184046,3,6,0,07,02,2,0,2,1,0,0,0,0,0
"POINT (8.474742076000041 49.516543937000051)",Unfall 184064 (2021) Kat:3, Licht: 0,184064,3,2,5,07,14,6,0,0,0,1,0,0,0,0
"POINT (8.467732794000028 49.486132153000028)",Unfall 184102 (2021) Kat:3, Licht: 0,184102,3,5,3,07,17,2,0,0,1,1,0,0,0,0
"POINT (8.459752580000043 49.505566035000072)",Unfall 184122 (2021) Kat:3, Licht: 0,184122,3,2,4,07,17,2,1,0,0,1,0,1,0,0
"POINT (8.480981715000041 49.547034487000076)",Unfall 184132 (2021) Kat:3, Licht: 0,184132,3,3,5,07,20,4,0,0,1,1,0,0,0,0
"POINT (8.485641855000040 49.482695946000035)",Unfall 184138 (2021) Kat:3, Licht: 0,184138,3,3,5,06,17,3,1,0,0,1,0,0,0,0
"POINT (8.508879425000032 49.505986334000056)",Unfall 184173 (2021) Kat:3, Licht: 0,184173,3,3,1,07,11,6,0,0,1,1,0,0,0,0
"POINT (8.511326595000071 49.516982143000064)",Unfall 184177 (2021) Kat:3, Licht: 0,184177,3,5,0,07,20,1,0,0,1,1,0,0,0,0
"POINT (8.499537502000067 49.521159444000034)",Unfall 184190 (2021) Kat:3, Licht: 0,184190,3,1,9,07,07,2,0,0,1,0,0,0,0,0
"POINT (8.484132011000042 49.468573317000050)",Unfall 184279 (2021) Kat:3, Licht: 0,184279,3,6,3,07,19,6,0,0,0,1,0,1,0,0
"POINT (8.455621753000059 49.502275839000049)",Unfall 184296 (2021) Kat:2, Licht: 0,184296,2,3,5,07,15,1,0,0,0,1,0,0,0,0
"POINT (8.482665694000048 49.481108223000035)",Unfall 184306 (2021) Kat:3, Licht: 0,184306,3,3,5,07,09,4,0,0,0,1,0,0,0,0
"POINT (8.529001819000030 49.431362704000037)",Unfall 184320 (2021) Kat:3, Licht: 0,184320,3,3,5,07,10,2,0,0,0,1,0,0,0,0
"POINT (8.521835508000038 49.488621290000026)",Unfall 184332 (2021) Kat:3, Licht: 0,184332,3,3,5,06,07,3,1,0,1,1,0,0,0,0
"POINT (8.464163082000027 49.491461620000052)",Unfall 184385 (2021) Kat:3, Licht: 0,184385,3,4,6,07,18,2,0,0,1,0,1,0,0,0
"POINT (8.471607025000026 49.493195750000041)",Unfall 184402 (2021) Kat:3, Licht: 0,184402,3,6,2,07,14,7,0,0,0,1,0,0,0,1
"POINT (8.464551297000071 49.493957139000031)",Unfall 184450 (2021) Kat:3, Licht: 2,184450,3,6,3,07,00,7,0,2,0,1,0,0,0,0
"POINT (8.475248010000030 49.548117219000062)",Unfall 184465 (2021) Kat:3, Licht: 0,184465,3,4,0,07,11,2,0,0,0,1,1,0,0,0
"POINT (8.495677875000069 49.512333455000032)",Unfall 184529 (2021) Kat:3, Licht: 0,184529,3,6,5,06,14,3,0,0,0,1,0,1,0,1
"POINT (8.550287334000075 49.492543640000065)",Unfall 184531 (2021) Kat:3, Licht: 0,184531,3,7,6,07,11,4,1,0,0,0,1,0,0,1
"POINT (8.470219010000051 49.493290173000048)",Unfall 184539 (2021) Kat:3, Licht: 0,184539,3,2,1,07,19,3,0,0,1,1,0,0,0,0
"POINT (8.486427224000067 49.447196042000030)",Unfall 184555 (2021) Kat:3, Licht: 0,184555,3,7,0,07,19,7,0,0,1,0,0,0,0,0
"POINT (8.474371912000038 49.456453387000067)",Unfall 184582 (2021) Kat:3, Licht: 0,184582,3,2,4,07,08,5,0,0,1,0,1,0,0,0
"POINT (8.486324225000033 49.474359105000076)",Unfall 184597 (2021) Kat:3, Licht: 0,184597,3,3,5,07,09,2,0,0,1,1,0,0,0,0
"POINT (8.469983536000029 49.504182977000028)",Unfall 184604 (2021) Kat:3, Licht: 0,184604,3,2,3,07,18,4,0,0,1,1,0,0,0,0
"POINT (8.479451434000055 49.471848845000068)",Unfall 184607 (2021) Kat:3, Licht: 0,184607,3,7,1,07,13,3,1,0,0,1,0,1,0,0
"POINT (8.507043409000062 49.509960233000072)",Unfall 184615 (2021) Kat:2, Licht: 0,184615,2,4,6,07,18,7,0,0,0,1,1,0,0,0
"POINT (8.468242321000048 49.477715787000079)",Unfall 184620 (2021) Kat:3, Licht: 0,184620,3,7,6,07,17,6,0,0,0,1,1,0,0,0
"POINT (8.567443548000028 49.447066970000037)",Unfall 184625 (2021) Kat:3, Licht: 0,184625,3,3,0,07,17,4,0,0,0,1,0,0,1,0
"POINT (8.474885734000054 49.483375036000041)",Unfall 184632 (2021) Kat:3, Licht: 0,184632,3,6,3,07,15,2,0,0,1,1,0,0,0,0
"POINT (8.484323616000040 49.472068375000049)",Unfall 184639 (2021) Kat:3, Licht: 0,184639,3,1,0,07,17,1,0,0,0,0,0,1,0,0
"POINT (8.477557837000063 49.478381431000059)",Unfall 184665 (2021) Kat:3, Licht: 0,184665,3,3,5,07,18,7,0,0,0,1,0,0,0,1
"POINT (8.503029660000038 49.518484673000046)",Unfall 184688 (2021) Kat:3, Licht: 0,184688,3,3,5,07,18,1,0,0,0,1,0,0,0,0
"POINT (8.473733165000056 49.508264740000072)",Unfall 184737 (2021) Kat:3, Licht: 0,184737,3,3,5,07,08,6,0,0,1,1,0,0,0,0
"POINT (8.475870350000037 49.473571951000054)",Unfall 184742 (2021) Kat:3, Licht: 0,184742,3,3,5,07,11,3,1,0,0,1,0,0,0,0
"POINT (8.531009363000067 49.428784934000078)",Unfall 184745 (2021) Kat:3, Licht: 0,184745,3,3,5,06,19,3,0,0,0,1,0,0,0,0
"POINT (8.484284939000077 49.510323087000074)",Unfall 184816 (2021) Kat:3, Licht: 0,184816,3,2,5,08,13,4,0,0,1,1,0,0,0,0
"POINT (8.482313164000061 49.495352398000080)",Unfall 184864 (2021) Kat:3, Licht: 0,184864,3,7,0,07,17,7,0,0,0,1,1,0,0,0
"POINT (8.488774417000059 49.475370228000031)",Unfall 184869 (2021) Kat:3, Licht: 0,184869,3,3,5,08,16,4,0,0,0,1,0,0,0,0
"POINT (8.455239003000031 49.536369853000053)",Unfall 184875 (2021) Kat:3, Licht: 0,184875,3,3,5,07,17,6,0,0,1,1,0,0,0,0
"POINT (8.473592348000068 49.483850231000076)",Unfall 184877 (2021) Kat:3, Licht: 2,184877,3,4,6,08,23,2,1,2,0,1,1,0,0,0
"POINT (8.476057057000048 49.486432667000031)",Unfall 184920 (2021) Kat:3, Licht: 0,184920,3,7,0,07,20,3,0,0,0,0,0,1,0,0
"POINT (8.502587713000025 49.474661750000053)",Unfall 184940 (2021) Kat:3, Licht: 0,184940,3,2,1,08,18,1,1,0,0,1,0,1,0,0
"POINT (8.467726440000035 49.490665140000033)",Unfall 184941 (2021) Kat:3, Licht: 0,184941,3,7,6,08,15,7,0,0,1,0,1,0,0,0
"POINT (8.494012940000061 49.455791761000057)",Unfall 184944 (2021) Kat:3, Licht: 0,184944,3,6,2,08,14,2,1,0,0,1,0,0,0,0
"POINT (8.481086240000025 49.539125481000042)",Unfall 184958 (2021) Kat:3, Licht: 0,184958,3,6,2,08,13,2,0,0,0,1,0,0,0,0
"POINT (8.490312667000069 49.460807529000078)",Unfall 184968 (2021) Kat:3, Licht: 0,184968,3,6,2,08,12,7,0,0,0,1,0,0,0,0
"POINT (8.473402587000066 49.485820655000055)",Unfall 184973 (2021) Kat:3, Licht: 0,184973,3,4,6,08,14,6,0,0,1,0,1,0,0,0
"POINT (8.474324177000028 49.472638345000064)",Unfall 184979 (2021) Kat:3, Licht: 0,184979,3,3,5,08,09,6,0,0,1,1,0,0,0,0
"POINT (8.448158863000060 49.550031125000032)",Unfall 184996 (2021) Kat:3, Licht: 0,184996,3,3,5,07,17,3,0,0,1,1,0,0,0,0
"POINT (8.468920392000030 49.485672719000036)",Unfall 184997 (2021) Kat:3, Licht: 2,184997,3,6,0,08,22,4,0,2,0,1,0,0,0,0
"POINT (8.495507933000056 49.528249880000033)",Unfall 185074 (2021) Kat:3, Licht: 0,185074,3,3,5,08,15,1,0,0,0,1,0,0,0,0
"POINT (8.479372639000076 49.526158910000049)",Unfall 185095 (2021) Kat:3, Licht: 0,185095,3,6,4,08,12,1,0,0,0,1,0,0,0,1
"POINT (8.502051847000075 49.489590390000046)",Unfall 185100 (2021) Kat:3, Licht: 2,185100,3,3,5,07,03,7,0,2,0,1,0,0,0,0
"POINT (8.471148865000032 49.493409205000034)",Unfall 185121 (2021) Kat:3, Licht: 0,185121,3,1,0,07,15,7,0,0,1,0,0,0,0,0
"POINT (8.476127437000059 49.486405291000040)",Unfall 185138 (2021) Kat:3, Licht: 0,185138,3,6,2,08,16,4,0,0,0,1,0,1,0,0
"POINT (8.476749973000040 49.508783970000081)",Unfall 185145 (2021) Kat:2, Licht: 0,185145,2,7,1,08,07,3,0,0,0,1,0,1,0,0
"POINT (8.500025240000070 49.517190841000058)",Unfall 185153 (2021) Kat:3, Licht: 0,185153,3,7,0,08,18,5,0,0,0,0,0,0,0,1
"POINT (8.505324030000054 49.500600790000078)",Unfall 185215 (2021) Kat:3, Licht: 0,185215,3,4,6,08,17,4,0,0,0,1,1,0,0,0
"POINT (8.523506754000039 49.438539825000078)",Unfall 185247 (2021) Kat:3, Licht: 0,185247,3,2,5,07,09,3,0,0,1,1,0,0,0,0
"POINT (8.504191523000031 49.474884715000030)",Unfall 185282 (2021) Kat:3, Licht: 0,185282,3,7,0,08,17,5,0,0,0,1,0,0,0,0
"POINT (8.471376709000026 49.493496825000079)",Unfall 185290 (2021) Kat:3, Licht: 0,185290,3,6,4,08,06,2,0,0,1,0,0,0,0,0
"POINT (8.483943689000057 49.470454492000044)",Unfall 185347 (2021) Kat:3, Licht: 2,185347,3,1,8,08,04,6,0,2,0,0,0,1,0,0
"POINT (8.496189291000064 49.447373062000054)",Unfall 185348 (2021) Kat:3, Licht: 0,185348,3,7,6,07,07,6,0,0,0,1,1,0,0,0
"POINT (8.487037301000043 49.480668653000066)",Unfall 185401 (2021) Kat:3, Licht: 0,185401,3,7,1,07,09,7,1,0,0,1,0,1,0,0
"POINT (8.475544045000049 49.480039835000071)",Unfall 185414 (2021) Kat:3, Licht: 0,185414,3,1,0,08,11,2,0,0,1,0,0,0,0,0
"POINT (8.484123965000038 49.496384425000031)",Unfall 185419 (2021) Kat:3, Licht: 0,185419,3,2,3,08,19,4,0,0,1,1,0,0,0,0
"POINT (8.471441032000030 49.492713516000038)",Unfall 185509 (2021) Kat:3, Licht: 0,185509,3,6,3,08,10,3,0,0,0,1,0,1,0,0
"POINT (8.464886613000033 49.487596461000066)",Unfall 185521 (2021) Kat:2, Licht: 0,185521,2,4,6,08,10,3,0,0,0,1,1,0,0,0
"POINT (8.516871960000060 49.484145650000073)",Unfall 185549 (2021) Kat:3, Licht: 0,185549,3,7,0,08,10,6,0,0,1,0,0,0,0,0
"POINT (8.517432148000069 49.512543011000048)",Unfall 185604 (2021) Kat:3, Licht: 0,185604,3,6,0,08,14,7,0,0,1,1,0,0,0,0
"POINT (8.481699198000058 49.455730646000063)",Unfall 185625 (2021) Kat:3, Licht: 0,185625,3,6,2,07,12,6,0,0,0,1,0,0,0,0
"POINT (8.481834165000066 49.528644188000044)",Unfall 185636 (2021) Kat:3, Licht: 0,185636,3,3,5,08,11,6,0,0,1,1,0,0,0,0
"POINT (8.486224739000022 49.473946983000076)",Unfall 185650 (2021) Kat:3, Licht: 0,185650,3,6,1,08,15,6,0,0,0,1,0,0,0,0
"POINT (8.486543888000028 49.526560236000080)",Unfall 185662 (2021) Kat:3, Licht: 0,185662,3,3,5,08,10,7,0,0,1,1,0,0,0,0
"POINT (8.485936657000025 49.466478252000059)",Unfall 185676 (2021) Kat:3, Licht: 0,185676,3,2,0,08,08,6,1,0,0,1,0,1,0,0
"POINT (8.491965605000075 49.494102675000079)",Unfall 185702 (2021) Kat:3, Licht: 0,185702,3,5,1,07,08,2,0,0,1,1,0,0,0,0
"POINT (8.522369801000025 49.511564361000069)",Unfall 185706 (2021) Kat:2, Licht: 0,185706,2,3,5,07,16,5,0,0,1,0,0,0,0,1
"POINT (8.476416908000033 49.484909892000076)",Unfall 185733 (2021) Kat:3, Licht: 0,185733,3,1,0,07,16,4,0,0,1,0,0,0,0,0
"POINT (8.504814705000058 49.487466201000075)",Unfall 185740 (2021) Kat:3, Licht: 0,185740,3,1,0,07,17,2,1,0,1,0,0,0,0,0
"POINT (8.498770893000028 49.520422050000036)",Unfall 185774 (2021) Kat:3, Licht: 2,185774,3,4,6,07,00,5,0,2,0,1,1,0,0,0
"POINT (8.484129598000038 49.468350879000070)",Unfall 185862 (2021) Kat:3, Licht: 0,185862,3,3,1,09,14,5,0,0,1,1,0,0,0,0
"POINT (8.463763696000058 49.487602885000058)",Unfall 185875 (2021) Kat:3, Licht: 2,185875,3,3,5,09,21,3,0,2,0,1,0,0,0,0
"POINT (8.478021301000069 49.460138344000029)",Unfall 185889 (2021) Kat:3, Licht: 0,185889,3,7,1,09,10,7,0,0,1,0,0,0,0,1
"POINT (8.491890052000031 49.476625678000062)",Unfall 185934 (2021) Kat:3, Licht: 0,185934,3,3,5,09,15,6,0,0,1,1,0,0,0,0
"POINT (8.462107960000026 49.485896303000061)",Unfall 185941 (2021) Kat:3, Licht: 2,185941,3,3,5,09,20,5,0,2,0,1,0,0,0,0
"POINT (8.463419505000047 49.489653251000050)",Unfall 185958 (2021) Kat:3, Licht: 0,185958,3,3,5,09,07,2,0,0,0,1,0,0,0,0
"POINT (8.483629361000055 49.497284437000076)",Unfall 185987 (2021) Kat:3, Licht: 0,185987,3,2,3,08,10,3,0,0,1,0,0,0,1,0
"POINT (8.560048332000065 49.450650058000065)",Unfall 186042 (2021) Kat:3, Licht: 0,186042,3,1,0,09,18,1,0,0,0,0,0,1,0,0
"POINT (8.459306047000041 49.497016209000037)",Unfall 186064 (2021) Kat:3, Licht: 2,186064,3,2,5,09,23,5,0,2,1,1,0,0,0,0
"POINT (8.470113791000074 49.546579355000063)",Unfall 186107 (2021) Kat:3, Licht: 0,186107,3,6,2,09,10,2,0,0,0,1,0,1,0,0
"POINT (8.498781709000070 49.520371320000038)",Unfall 186113 (2021) Kat:3, Licht: 0,186113,3,2,3,08,14,4,0,0,1,1,0,0,0,0
"POINT (8.475436293000030 49.490050560000043)",Unfall 186162 (2021) Kat:3, Licht: 0,186162,3,7,6,09,16,6,0,0,1,0,1,0,0,0
"POINT (8.511605270000075 49.454233172000045)",Unfall 186169 (2021) Kat:3, Licht: 0,186169,3,2,4,09,21,1,0,0,0,1,0,0,0,0
"POINT (8.475288389000070 49.547050526000078)",Unfall 186174 (2021) Kat:3, Licht: 2,186174,3,3,5,08,20,7,0,2,0,1,0,0,0,1
"POINT (8.488984154000036 49.462524187000042)",Unfall 186251 (2021) Kat:3, Licht: 0,186251,3,6,2,08,13,6,0,0,0,1,0,0,0,0
"POINT (8.488544030000071 49.463288836000061)",Unfall 186264 (2021) Kat:3, Licht: 1,186264,3,3,5,09,06,4,1,1,1,1,0,0,0,0
"POINT (8.472711589000028 49.478353899000069)",Unfall 186274 (2021) Kat:3, Licht: 0,186274,3,1,0,09,09,3,0,0,0,0,0,0,0,1
"POINT (8.506502644000022 49.508666284000071)",Unfall 186278 (2021) Kat:3, Licht: 1,186278,3,7,1,09,06,5,0,1,0,1,0,1,0,0
"POINT (8.488170043000025 49.500432658000079)",Unfall 186332 (2021) Kat:3, Licht: 0,186332,3,6,2,09,12,6,0,0,0,1,0,0,0,0
"POINT (8.463799262000066 49.488694668000051)",Unfall 186352 (2021) Kat:3, Licht: 0,186352,3,2,5,09,11,6,0,0,0,1,0,1,0,0
"POINT (8.473760980000066 49.546780056000046)",Unfall 186358 (2021) Kat:3, Licht: 0,186358,3,3,5,09,12,7,0,0,1,1,0,0,0,0
"POINT (8.540787486000056 49.484802760000036)",Unfall 186378 (2021) Kat:3, Licht: 2,186378,3,5,1,09,00,1,0,2,1,1,0,0,0,0
"POINT (8.547059906000072 49.513503938000042)",Unfall 186390 (2021) Kat:3, Licht: 2,186390,3,2,5,08,21,3,0,2,0,1,0,0,0,0
"POINT (8.575925460000065 49.446840014000031)",Unfall 186396 (2021) Kat:2, Licht: 0,186396,2,2,5,09,09,2,0,0,0,1,0,0,0,0
"POINT (8.475578121000069 49.480012246000058)",Unfall 186397 (2021) Kat:3, Licht: 0,186397,3,1,8,09,13,6,0,0,0,0,0,1,0,0
"POINT (8.493308029000048 49.453540290000035)",Unfall 186404 (2021) Kat:3, Licht: 0,186404,3,6,3,09,18,1,0,0,0,1,0,0,0,1
"POINT (8.490228920000050 49.461465241000042)",Unfall 186438 (2021) Kat:3, Licht: 0,186438,3,3,5,09,14,7,0,0,1,1,0,0,0,0
"POINT (8.522790684000029 49.508780090000073)",Unfall 186449 (2021) Kat:3, Licht: 0,186449,3,6,3,09,18,1,0,0,0,1,0,0,0,0
"POINT (8.484605041000066 49.476875640000060)",Unfall 186467 (2021) Kat:3, Licht: 0,186467,3,3,5,09,17,6,0,0,1,1,0,0,0,0
"POINT (8.565144339000028 49.465272714000037)",Unfall 186476 (2021) Kat:3, Licht: 0,186476,3,6,0,08,12,6,0,0,1,0,0,0,0,1
"POINT (8.494532586000048 49.462770675000058)",Unfall 186489 (2021) Kat:3, Licht: 0,186489,3,2,4,09,09,3,0,0,0,1,0,1,0,0
"POINT (8.481137701000023 49.456836026000076)",Unfall 186514 (2021) Kat:3, Licht: 0,186514,3,3,5,09,16,2,0,0,1,1,0,0,0,0
"POINT (8.464255421000075 49.490386533000049)",Unfall 186516 (2021) Kat:2, Licht: 0,186516,2,7,5,09,17,2,0,0,1,1,0,0,0,0
"POINT (8.482755573000077 49.456846142000074)",Unfall 186547 (2021) Kat:3, Licht: 0,186547,3,3,5,08,17,3,0,0,0,1,0,0,0,0
"POINT (8.456317675000037 49.491643445000079)",Unfall 186564 (2021) Kat:2, Licht: 0,186564,2,3,5,09,14,6,0,0,1,1,0,0,0,0
"POINT (8.450669061000042 49.529234052000049)",Unfall 186582 (2021) Kat:3, Licht: 0,186582,3,3,0,09,07,3,0,0,0,1,0,0,1,0
"POINT (8.476975463000031 49.515266690000033)",Unfall 186588 (2021) Kat:3, Licht: 0,186588,3,6,1,08,13,5,0,0,0,1,0,1,0,0
"POINT (8.473608593000051 49.548017604000052)",Unfall 186601 (2021) Kat:3, Licht: 0,186601,3,6,4,08,19,7,0,0,1,0,0,1,0,0
"POINT (8.535358635000023 49.448433658000056)",Unfall 186607 (2021) Kat:3, Licht: 0,186607,3,1,8,08,18,3,0,0,0,1,0,0,0,0
"POINT (8.490485543000034 49.453492314000073)",Unfall 186614 (2021) Kat:3, Licht: 0,186614,3,5,1,09,16,4,0,0,1,1,0,0,0,0
"POINT (8.449611147000041 49.549564285000031)",Unfall 186615 (2021) Kat:3, Licht: 0,186615,3,5,5,08,10,6,0,0,1,1,0,0,0,0
"POINT (8.480236110000021 49.487621173000036)",Unfall 186632 (2021) Kat:3, Licht: 0,186632,3,4,6,09,16,4,0,0,0,0,1,1,0,0
"POINT (8.475082181000062 49.464764351000042)",Unfall 186643 (2021) Kat:3, Licht: 1,186643,3,2,5,09,20,6,0,1,1,1,0,0,0,0
"POINT (8.474444507000044 49.472721673000081)",Unfall 186645 (2021) Kat:3, Licht: 0,186645,3,3,5,08,13,3,0,0,1,1,0,0,0,0
"POINT (8.492324749000034 49.500052973000038)",Unfall 186666 (2021) Kat:3, Licht: 0,186666,3,3,5,09,17,3,0,0,1,1,0,0,0,0
"POINT (8.465623175000076 49.484581537000054)",Unfall 186675 (2021) Kat:3, Licht: 0,186675,3,3,5,09,16,2,0,0,0,1,0,0,0,0
"POINT (8.489270666000039 49.460470834000034)",Unfall 186708 (2021) Kat:3, Licht: 0,186708,3,3,5,09,11,5,0,0,1,1,0,0,0,0
"POINT (8.470100896000076 49.484594694000066)",Unfall 186713 (2021) Kat:3, Licht: 0,186713,3,7,5,09,14,7,0,0,1,1,0,0,0,0
"POINT (8.506889151000053 49.509587532000069)",Unfall 186749 (2021) Kat:3, Licht: 0,186749,3,2,3,09,13,7,0,0,1,1,0,0,0,0
"POINT (8.465227697000046 49.489183610000055)",Unfall 186889 (2021) Kat:3, Licht: 2,186889,3,3,5,08,03,7,1,2,1,1,0,0,0,0
"POINT (8.469842111000048 49.489226865000035)",Unfall 186925 (2021) Kat:3, Licht: 0,186925,3,3,0,10,10,6,0,0,1,0,0,0,0,0
"POINT (8.481066461000069 49.547023010000032)",Unfall 186930 (2021) Kat:3, Licht: 0,186930,3,2,5,09,20,5,0,0,0,1,0,0,0,0
"POINT (8.480298987000026 49.495095983000056)",Unfall 187000 (2021) Kat:3, Licht: 0,187000,3,3,5,09,14,3,0,0,1,0,0,0,0,1
"POINT (8.468401599000060 49.475946032000081)",Unfall 187011 (2021) Kat:3, Licht: 0,187011,3,3,5,09,17,4,0,0,1,1,0,0,0,0
"POINT (8.472133817000042 49.484363339000026)",Unfall 187022 (2021) Kat:3, Licht: 0,187022,3,2,3,09,14,5,0,0,1,1,0,0,0,0
"POINT (8.493577517000062 49.456902557000035)",Unfall 187042 (2021) Kat:3, Licht: 0,187042,3,7,8,10,10,7,0,0,0,0,0,1,0,0
"POINT (8.467300922000049 49.487328284000057)",Unfall 187047 (2021) Kat:3, Licht: 0,187047,3,4,0,09,15,6,0,0,0,0,1,0,0,1
"POINT (8.534001848000059 49.424652008000066)",Unfall 187059 (2021) Kat:3, Licht: 2,187059,3,7,0,10,06,2,1,2,1,0,0,0,0,0
"POINT (8.497902557000032 49.450993958000026)",Unfall 187067 (2021) Kat:3, Licht: 0,187067,3,6,2,10,12,6,0,0,0,1,0,0,0,0
"POINT (8.469244406000030 49.485550278000062)",Unfall 187131 (2021) Kat:3, Licht: 2,187131,3,6,2,09,01,1,1,2,0,1,0,0,0,0
"POINT (8.560123703000045 49.463652931000070)",Unfall 187134 (2021) Kat:3, Licht: 0,187134,3,3,5,10,11,3,0,0,1,1,0,0,0,0
"POINT (8.482541756000046 49.523511671000051)",Unfall 187149 (2021) Kat:3, Licht: 2,187149,3,6,4,10,20,5,0,2,1,0,0,0,0,0
"POINT (8.467359586000043 49.490283545000068)",Unfall 187213 (2021) Kat:3, Licht: 0,187213,3,2,3,09,14,4,0,0,1,1,0,0,0,0
"POINT (8.521103764000031 49.492194438000070)",Unfall 187226 (2021) Kat:3, Licht: 0,187226,3,3,0,09,08,2,0,0,1,1,0,0,0,0
"POINT (8.500839200000030 49.459348651000028)",Unfall 187231 (2021) Kat:3, Licht: 0,187231,3,3,5,09,17,5,0,0,1,1,0,0,0,0
"POINT (8.482740347000060 49.478263776000063)",Unfall 187249 (2021) Kat:2, Licht: 1,187249,2,7,5,09,19,6,0,1,0,1,0,1,0,0
"POINT (8.551277694000021 49.516239923000057)",Unfall 187315 (2021) Kat:3, Licht: 0,187315,3,5,9,09,18,2,0,0,0,1,0,0,0,0
"POINT (8.472203747000037 49.546642953000060)",Unfall 187318 (2021) Kat:3, Licht: 0,187318,3,6,2,09,14,5,0,0,0,1,0,1,0,0
"POINT (8.495893635000073 49.499001074000034)",Unfall 187339 (2021) Kat:3, Licht: 0,187339,3,4,6,09,15,6,0,0,0,1,1,0,0,0
"POINT (8.467919574000064 49.483630141000049)",Unfall 187360 (2021) Kat:3, Licht: 0,187360,3,3,5,10,11,4,0,0,1,1,0,0,0,0
"POINT (8.488671571000054 49.455002242000035)",Unfall 187364 (2021) Kat:3, Licht: 0,187364,3,3,5,09,11,2,0,0,1,1,0,0,0,0
"POINT (8.505302187000041 49.445744248000040)",Unfall 187380 (2021) Kat:3, Licht: 0,187380,3,7,0,09,16,4,0,0,1,0,0,0,0,0
"POINT (8.470137120000061 49.492022371000076)",Unfall 187432 (2021) Kat:3, Licht: 0,187432,3,7,6,10,14,7,0,0,0,0,1,0,0,1
"POINT (8.462379805000069 49.518682452000064)",Unfall 187451 (2021) Kat:3, Licht: 0,187451,3,6,1,10,14,1,0,0,0,1,0,0,0,0
"POINT (8.470171100000073 49.504625717000067)",Unfall 187454 (2021) Kat:3, Licht: 0,187454,3,4,6,09,18,7,0,0,0,1,1,0,0,0
"POINT (8.445558975000040 49.547138231000076)",Unfall 187474 (2021) Kat:3, Licht: 2,187474,3,3,5,10,20,2,0,2,0,1,0,0,0,0
"POINT (8.478846409000028 49.514454218000026)",Unfall 187515 (2021) Kat:2, Licht: 0,187515,2,3,5,09,16,5,0,0,0,1,0,1,0,0
"POINT (8.476272439000070 49.482801056000028)",Unfall 187561 (2021) Kat:3, Licht: 0,187561,3,3,5,09,08,5,0,0,1,1,0,0,0,0
"POINT (8.536046944000077 49.420135055000060)",Unfall 187653 (2021) Kat:3, Licht: 0,187653,3,2,4,09,08,7,0,0,0,1,0,0,0,0
"POINT (8.500947097000051 49.450052361000076)",Unfall 187655 (2021) Kat:3, Licht: 1,187655,3,6,0,09,17,2,0,1,0,0,0,0,0,1
"POINT (8.535907504000022 49.420139657000050)",Unfall 187674 (2021) Kat:3, Licht: 0,187674,3,3,0,10,14,2,1,0,1,1,0,0,0,0
"POINT (8.485812316000022 49.506485643000076)",Unfall 187691 (2021) Kat:3, Licht: 0,187691,3,7,1,09,07,4,0,0,0,1,0,1,0,0
"POINT (8.488488595000035 49.527910887000075)",Unfall 187749 (2021) Kat:3, Licht: 1,187749,3,2,5,09,19,6,0,1,1,1,0,0,0,0
"POINT (8.464593474000026 49.489225222000073)",Unfall 187755 (2021) Kat:3, Licht: 0,187755,3,3,5,09,16,6,0,0,0,1,0,0,0,1
"POINT (8.546952124000029 49.507537007000053)",Unfall 187756 (2021) Kat:3, Licht: 0,187756,3,5,4,09,16,5,0,0,0,1,0,1,0,0
"POINT (8.469966522000050 49.505627985000046)",Unfall 187761 (2021) Kat:3, Licht: 1,187761,3,7,0,09,19,5,0,1,1,0,0,0,0,0
"POINT (8.472961780000048 49.495421369000042)",Unfall 187791 (2021) Kat:3, Licht: 0,187791,3,3,5,09,15,2,0,0,1,0,0,0,0,1
"POINT (8.504725005000068 49.514464162000081)",Unfall 187838 (2021) Kat:3, Licht: 0,187838,3,7,0,09,16,2,0,0,1,1,0,0,0,0
"POINT (8.493697550000036 49.500798561000067)",Unfall 187846 (2021) Kat:2, Licht: 0,187846,2,1,0,09,15,2,0,0,1,0,0,0,0,0
"POINT (8.550048301000061 49.488702361000037)",Unfall 187862 (2021) Kat:3, Licht: 0,187862,3,3,5,10,18,1,0,0,0,1,0,0,0,0
"POINT (8.471350886000039 49.490708380000058)",Unfall 187873 (2021) Kat:3, Licht: 2,187873,3,3,5,09,20,3,0,2,0,1,0,0,0,0
"POINT (8.463361228000053 49.502307746000042)",Unfall 187907 (2021) Kat:3, Licht: 2,187907,3,4,6,09,20,3,0,2,0,1,1,0,0,0
"POINT (8.490796185000022 49.464588246000062)",Unfall 187918 (2021) Kat:3, Licht: 2,187918,3,4,6,10,05,6,0,2,0,1,1,0,0,0
"POINT (8.451537786000074 49.550027152000041)",Unfall 187924 (2021) Kat:3, Licht: 0,187924,3,7,2,10,10,7,0,0,0,1,0,0,0,0
"POINT (8.511706553000067 49.454328240000052)",Unfall 187935 (2021) Kat:2, Licht: 0,187935,2,6,8,10,15,5,0,0,0,1,0,1,0,0
"POINT (8.465811805000044 49.499925205000068)",Unfall 187942 (2021) Kat:3, Licht: 0,187942,3,4,6,10,18,2,0,0,0,1,1,0,0,0
"POINT (8.485682757000063 49.523630671000035)",Unfall 187949 (2021) Kat:2, Licht: 0,187949,2,5,3,11,14,5,0,0,1,1,0,0,0,0
"POINT (8.525169591000065 49.489191402000074)",Unfall 188015 (2021) Kat:3, Licht: 0,188015,3,3,5,10,10,5,1,0,0,1,0,0,0,0
"POINT (8.461928651000051 49.488024910000036)",Unfall 188030 (2021) Kat:3, Licht: 2,188030,3,1,0,10,23,7,0,2,0,0,0,0,0,1
"POINT (8.483817840000029 49.469867788000045)",Unfall 188070 (2021) Kat:3, Licht: 0,188070,3,1,0,11,14,2,0,0,1,0,0,0,0,0
"POINT (8.471287510000025 49.500102617000039)",Unfall 188088 (2021) Kat:3, Licht: 0,188088,3,3,5,10,16,3,0,0,0,1,0,0,0,1
"POINT (8.504942590000041 49.495937200000071)",Unfall 188113 (2021) Kat:3, Licht: 0,188113,3,6,4,10,17,4,0,0,1,0,0,0,0,0
"POINT (8.488142265000022 49.463572422000027)",Unfall 188117 (2021) Kat:3, Licht: 0,188117,3,2,5,11,12,4,1,0,1,1,0,0,0,0
"POINT (8.484060164000027 49.498750122000047)",Unfall 188149 (2021) Kat:3, Licht: 0,188149,3,6,1,10,13,4,0,0,0,1,0,1,0,0
"POINT (8.480410433000031 49.489441222000039)",Unfall 188170 (2021) Kat:3, Licht: 0,188170,3,3,5,11,10,4,1,0,0,1,0,0,0,1
"POINT (8.478657938000026 49.480531909000035)",Unfall 188174 (2021) Kat:3, Licht: 0,188174,3,7,0,11,14,3,1,0,1,0,0,0,0,0
"POINT (8.463687044000039 49.494033653000031)",Unfall 188179 (2021) Kat:3, Licht: 2,188179,3,6,1,11,22,7,0,2,0,1,0,0,0,0
"POINT (8.477416344000062 49.484287646000041)",Unfall 188216 (2021) Kat:2, Licht: 0,188216,2,4,6,10,15,6,0,0,0,1,1,0,0,0
"POINT (8.502548170000068 49.466242850000071)",Unfall 188263 (2021) Kat:3, Licht: 0,188263,3,5,1,10,15,5,0,0,1,1,0,0,0,0
"POINT (8.481905168000026 49.474450916000080)",Unfall 188350 (2021) Kat:3, Licht: 0,188350,3,1,0,11,09,6,1,0,0,0,0,0,0,1
"POINT (8.464152806000072 49.486799983000026)",Unfall 188361 (2021) Kat:3, Licht: 0,188361,3,4,6,10,11,5,0,0,0,1,1,0,0,0
"POINT (8.471457001000033 49.504510487000061)",Unfall 188364 (2021) Kat:3, Licht: 0,188364,3,7,0,10,12,3,1,0,0,0,0,1,0,0
"POINT (8.502097132000074 49.515611166000042)",Unfall 188380 (2021) Kat:3, Licht: 2,188380,3,7,8,10,22,4,1,2,0,1,0,0,0,0
"POINT (8.466180926000050 49.487728538000056)",Unfall 188402 (2021) Kat:3, Licht: 0,188402,3,3,5,11,12,2,0,0,0,0,0,0,0,1
"POINT (8.485152388000074 49.524368249000077)",Unfall 188411 (2021) Kat:3, Licht: 0,188411,3,3,5,11,12,4,1,0,1,1,0,0,0,0
"POINT (8.471973628000057 49.520183510000038)",Unfall 188418 (2021) Kat:2, Licht: 0,188418,2,6,2,10,17,4,0,0,1,1,0,0,0,0
"POINT (8.499754335000034 49.529255960000057)",Unfall 188422 (2021) Kat:3, Licht: 0,188422,3,3,5,10,14,2,0,0,0,1,0,0,0,0
"POINT (8.449955834000036 49.549663982000027)",Unfall 188424 (2021) Kat:2, Licht: 2,188424,2,3,5,11,19,7,0,2,1,1,0,0,0,0
"POINT (8.468479857000034 49.494088227000077)",Unfall 188448 (2021) Kat:3, Licht: 0,188448,3,6,1,11,07,4,0,0,0,1,0,0,0,0
"POINT (8.494311720000042 49.455467118000058)",Unfall 188465 (2021) Kat:3, Licht: 0,188465,3,6,1,10,16,5,0,0,0,1,0,0,0,0
"POINT (8.466962258000024 49.472287769000047)",Unfall 188511 (2021) Kat:3, Licht: 0,188511,3,2,4,10,13,6,0,0,1,1,0,0,0,0
"POINT (8.495333617000028 49.451916348000054)",Unfall 188543 (2021) Kat:3, Licht: 0,188543,3,7,0,10,11,7,0,0,1,0,0,0,0,1
"POINT (8.470425425000030 49.502725132000080)",Unfall 188545 (2021) Kat:3, Licht: 0,188545,3,2,3,10,11,2,0,0,0,1,0,0,0,1
"POINT (8.467693684000039 49.488088452000056)",Unfall 188553 (2021) Kat:3, Licht: 0,188553,3,7,0,10,09,3,0,0,1,1,0,0,0,0
"POINT (8.470834066000066 49.552509083000075)",Unfall 188570 (2021) Kat:3, Licht: 0,188570,3,7,0,11,08,6,1,0,1,0,0,0,0,0
"POINT (8.510014180000042 49.454248490000055)",Unfall 188586 (2021) Kat:3, Licht: 0,188586,3,6,2,10,11,4,1,0,0,1,0,0,1,0
"POINT (8.475984799000059 49.499713268000050)",Unfall 188607 (2021) Kat:3, Licht: 0,188607,3,3,5,10,16,3,1,0,1,0,0,0,0,0
"POINT (8.457533779000073 49.491929859000038)",Unfall 188609 (2021) Kat:3, Licht: 0,188609,3,6,2,10,14,5,0,0,1,1,0,0,0,0
"POINT (8.512965045000044 49.515530126000044)",Unfall 188659 (2021) Kat:3, Licht: 0,188659,3,6,0,11,16,3,0,0,0,1,0,0,0,1
"POINT (8.466096749000030 49.530820515000073)",Unfall 188693 (2021) Kat:3, Licht: 0,188693,3,1,0,10,17,3,1,0,0,0,0,1,0,0
"POINT (8.533654928000033 49.484057134000068)",Unfall 188708 (2021) Kat:3, Licht: 0,188708,3,2,5,11,15,3,1,0,1,1,0,0,0,0
"POINT (8.461726235000071 49.502521482000077)",Unfall 188716 (2021) Kat:3, Licht: 0,188716,3,3,5,10,12,2,0,0,0,1,0,0,0,1
"POINT (8.478392727000028 49.527712780000059)",Unfall 188722 (2021) Kat:3, Licht: 0,188722,3,5,5,10,18,3,0,0,1,1,0,0,0,0
"POINT (8.506879353000045 49.509563859000082)",Unfall 188763 (2021) Kat:2, Licht: 2,188763,2,3,0,10,19,2,0,2,1,1,0,0,0,0
"POINT (8.508579608000048 49.513867600000026)",Unfall 188771 (2021) Kat:2, Licht: 2,188771,2,3,5,10,00,7,0,2,0,1,0,0,0,0
"POINT (8.515857686000061 49.507710837000047)",Unfall 188775 (2021) Kat:3, Licht: 2,188775,3,6,2,10,19,3,1,2,0,1,0,0,0,0
"POINT (8.565472677000059 49.464785092000056)",Unfall 188779 (2021) Kat:3, Licht: 0,188779,3,1,0,10,14,2,0,0,0,0,0,1,0,0
"POINT (8.471895316000030 49.498914671000080)",Unfall 188805 (2021) Kat:3, Licht: 0,188805,3,6,3,11,16,3,0,0,1,0,0,0,0,1
"POINT (8.560128929000030 49.463644710000040)",Unfall 188819 (2021) Kat:3, Licht: 0,188819,3,3,5,10,16,5,0,0,1,1,0,0,0,0
"POINT (8.490321786000038 49.460810477000052)",Unfall 188890 (2021) Kat:3, Licht: 0,188890,3,6,2,10,14,4,1,0,0,1,0,0,0,0
"POINT (8.481103505000021 49.487284917000068)",Unfall 188924 (2021) Kat:3, Licht: 2,188924,3,6,4,10,19,5,1,2,0,1,0,0,0,0
"POINT (8.495028992000073 49.453847438000025)",Unfall 188945 (2021) Kat:3, Licht: 1,188945,3,2,0,10,18,5,0,1,0,1,0,0,0,1
"POINT (8.475033784000061 49.516404629000078)",Unfall 188964 (2021) Kat:3, Licht: 2,188964,3,3,5,11,05,4,1,2,0,1,0,0,1,0
"POINT (8.487355323000031 49.464743115000033)",Unfall 188976 (2021) Kat:3, Licht: 0,188976,3,6,3,10,11,7,0,0,0,1,0,0,0,0
"POINT (8.475798511000050 49.486534092000056)",Unfall 188977 (2021) Kat:3, Licht: 0,188977,3,3,5,10,16,3,1,0,1,1,0,0,0,0
"POINT (8.478517098000054 49.460279131000050)",Unfall 188981 (2021) Kat:3, Licht: 0,188981,3,3,0,12,11,6,0,0,1,1,0,0,0,0
"POINT (8.495032219000052 49.452843436000080)",Unfall 188994 (2021) Kat:3, Licht: 0,188994,3,2,3,12,15,6,1,0,1,0,0,0,0,0
"POINT (8.483729211000025 49.469833151000046)",Unfall 188995 (2021) Kat:3, Licht: 0,188995,3,3,5,11,13,2,0,0,1,1,0,0,0,0
"POINT (8.470833916000061 49.492855340000062)",Unfall 189006 (2021) Kat:3, Licht: 0,189006,3,3,5,11,12,3,0,0,0,1,0,0,0,1
"POINT (8.556443953000041 49.516614064000066)",Unfall 189009 (2021) Kat:2, Licht: 0,189009,2,3,5,12,11,2,1,0,1,0,0,0,1,0
"POINT (8.462139998000055 49.504144539000038)",Unfall 189016 (2021) Kat:3, Licht: 0,189016,3,7,4,11,12,3,1,0,0,1,0,0,0,0
"POINT (8.479073040000060 49.477213483000071)",Unfall 189064 (2021) Kat:3, Licht: 0,189064,3,3,5,11,10,3,1,0,0,1,0,0,1,0
"POINT (8.485980750000067 49.477674754000077)",Unfall 189080 (2021) Kat:3, Licht: 0,189080,3,4,6,11,13,4,0,0,1,0,1,0,0,0
"POINT (8.484891039000047 49.523957609000036)",Unfall 189127 (2021) Kat:3, Licht: 1,189127,3,4,6,11,16,3,0,1,0,1,1,0,0,0
"POINT (8.470556678000037 49.492478664000032)",Unfall 189142 (2021) Kat:3, Licht: 2,189142,3,4,6,12,19,6,0,2,0,0,1,0,0,1
"POINT (8.482235397000068 49.509601040000064)",Unfall 189145 (2021) Kat:3, Licht: 0,189145,3,3,5,11,15,2,0,0,1,1,0,0,0,0
"POINT (8.556142050000062 49.461263675000055)",Unfall 189159 (2021) Kat:3, Licht: 0,189159,3,7,6,12,11,3,0,0,0,0,0,0,0,1
"POINT (8.472600424000063 49.499604158000068)",Unfall 189170 (2021) Kat:3, Licht: 0,189170,3,5,3,11,10,2,0,0,1,1,0,0,0,0
"POINT (8.473687235000057 49.483757099000059)",Unfall 189182 (2021) Kat:3, Licht: 0,189182,3,3,5,12,09,3,0,0,0,1,0,0,0,0
"POINT (8.479001142000072 49.452832893000050)",Unfall 189200 (2021) Kat:3, Licht: 2,189200,3,6,2,12,17,5,1,2,0,1,0,0,0,0
"POINT (8.469196780000061 49.493495582000037)",Unfall 189233 (2021) Kat:3, Licht: 0,189233,3,6,1,11,12,2,0,0,0,1,0,0,0,0
"POINT (8.476310856000055 49.488716830000044)",Unfall 189238 (2021) Kat:3, Licht: 0,189238,3,3,5,11,07,5,0,0,1,1,0,0,0,0
"POINT (8.510175245000028 49.516941829000075)",Unfall 189305 (2021) Kat:3, Licht: 2,189305,3,2,4,11,18,2,0,2,0,1,0,0,0,0
"POINT (8.512734847000047 49.534723149000058)",Unfall 189322 (2021) Kat:2, Licht: 2,189322,2,6,0,12,19,2,1,2,1,1,0,0,0,0
"POINT (8.505867836000050 49.507107799000039)",Unfall 189333 (2021) Kat:3, Licht: 0,189333,3,1,0,12,11,6,2,0,0,0,0,1,0,0
"POINT (8.477646417000074 49.484170537000068)",Unfall 189358 (2021) Kat:3, Licht: 2,189358,3,2,5,12,17,6,1,2,1,1,0,0,0,0
"POINT (8.471040053000024 49.509743300000082)",Unfall 189406 (2021) Kat:3, Licht: 2,189406,3,7,3,12,17,2,1,2,0,1,0,0,0,1
"POINT (8.473045063000029 49.472633311000038)",Unfall 189427 (2021) Kat:3, Licht: 0,189427,3,3,5,12,12,4,0,0,1,1,0,0,0,0
"POINT (8.478507704000037 49.460277078000047)",Unfall 189480 (2021) Kat:3, Licht: 1,189480,3,3,5,11,07,3,0,1,1,1,0,0,0,0
"POINT (8.465407848000041 49.488163001000032)",Unfall 189491 (2021) Kat:3, Licht: 2,189491,3,3,5,12,17,7,1,2,0,1,0,0,0,1
"POINT (8.523397586000044 49.510275142000069)",Unfall 189502 (2021) Kat:3, Licht: 0,189502,3,3,5,11,10,6,1,0,0,1,0,0,0,0
"POINT (8.525303198000074 49.489210214000082)",Unfall 189520 (2021) Kat:3, Licht: 0,189520,3,3,5,12,11,4,1,0,0,1,0,0,0,0
"POINT (8.473080052000057 49.549544782000055)",Unfall 189596 (2021) Kat:3, Licht: 0,189596,3,4,6,11,10,2,0,0,0,1,1,0,0,0
"POINT (8.511076109000044 49.518511729000068)",Unfall 189597 (2021) Kat:3, Licht: 0,189597,3,6,2,12,16,6,0,0,0,1,0,0,0,0
"POINT (8.488165232000028 49.479326534000052)",Unfall 189609 (2021) Kat:3, Licht: 0,189609,3,7,0,11,13,3,0,0,0,1,0,0,0,0
"POINT (8.567295581000053 49.434883951000074)",Unfall 189656 (2021) Kat:3, Licht: 2,189656,3,2,4,11,18,1,1,2,1,1,0,0,0,0
"POINT (8.483162343000060 49.479899074000059)",Unfall 189674 (2021) Kat:3, Licht: 0,189674,3,3,5,11,07,4,0,0,1,0,0,0,0,1
"POINT (8.464474180000025 49.488367771000071)",Unfall 189688 (2021) Kat:3, Licht: 2,189688,3,3,5,11,20,4,1,2,0,1,0,0,0,1
"POINT (8.492255768000064 49.532626703000062)",Unfall 189702 (2021) Kat:2, Licht: 2,189702,2,4,6,11,17,7,0,2,0,0,1,0,0,1
"POINT (8.464915573000042 49.493961343000080)",Unfall 189705 (2021) Kat:3, Licht: 0,189705,3,6,1,11,10,2,1,0,0,1,0,0,0,0
"POINT (8.507800272000054 49.486579699000060)",Unfall 189706 (2021) Kat:3, Licht: 0,189706,3,1,0,12,12,2,0,0,1,0,0,0,0,0
"POINT (8.478507788000059 49.497799293000071)",Unfall 189724 (2021) Kat:3, Licht: 2,189724,3,3,5,12,19,6,1,2,1,1,0,0,0,0
"POINT (8.486610432000020 49.513174923000065)",Unfall 189752 (2021) Kat:3, Licht: 0,189752,3,6,1,11,10,2,0,0,0,1,0,0,0,0
"POINT (8.483972098000038 49.480945779000081)",Unfall 189755 (2021) Kat:3, Licht: 0,189755,3,3,5,12,13,3,0,0,0,1,0,0,0,0
"POINT (8.465717018000021 49.489816847000043)",Unfall 189766 (2021) Kat:3, Licht: 0,189766,3,3,5,12,07,2,0,0,0,1,0,0,0,0
"POINT (8.470314419000033 49.492215182000052)",Unfall 189778 (2021) Kat:3, Licht: 2,189778,3,4,0,11,18,2,0,2,0,0,1,0,0,1
"POINT (8.491424027000051 49.477703203000033)",Unfall 189785 (2021) Kat:3, Licht: 2,189785,3,3,5,11,17,3,0,2,1,1,0,0,0,0
"POINT (8.485654115000045 49.476507192000042)",Unfall 189824 (2021) Kat:3, Licht: 2,189824,3,3,5,12,16,6,1,2,1,1,0,0,0,0
"POINT (8.529927889000021 49.510152450000078)",Unfall 189842 (2021) Kat:3, Licht: 0,189842,3,3,5,11,09,5,0,0,1,1,0,0,0,0
"POINT (8.466157468000063 49.488977735000049)",Unfall 189845 (2021) Kat:3, Licht: 2,189845,3,5,1,12,18,2,0,2,1,1,0,0,0,0
"POINT (8.450531769000065 49.539195637000034)",Unfall 189848 (2021) Kat:3, Licht: 2,189848,3,3,5,12,18,7,1,2,0,1,0,0,0,0
"POINT (8.450498355000036 49.549789381000039)",Unfall 189855 (2021) Kat:3, Licht: 2,189855,3,5,1,11,21,3,1,2,0,1,0,0,0,0
"POINT (8.497520112000075 49.497680417000026)",Unfall 189861 (2021) Kat:3, Licht: 1,189861,3,3,5,11,16,4,0,1,1,1,0,0,0,0
"POINT (8.517777440000032 49.430143311000052)",Unfall 189890 (2021) Kat:3, Licht: 0,189890,3,1,0,12,09,2,0,0,1,0,0,0,0,0
"POINT (8.524391086000037 49.434812175000047)",Unfall 189894 (2021) Kat:3, Licht: 0,189894,3,3,5,11,12,7,0,0,1,1,0,0,0,0
"POINT (8.468194533000030 49.504097242000057)",Unfall 189939 (2021) Kat:3, Licht: 0,189939,3,6,3,12,10,6,0,0,1,1,0,0,0,0
"POINT (8.464155061000042 49.494056287000035)",Unfall 189941 (2021) Kat:3, Licht: 2,189941,3,5,0,11,21,6,0,2,1,1,0,0,0,0
"POINT (8.462508259000060 49.478727129000049)",Unfall 189945 (2021) Kat:2, Licht: 0,189945,2,3,5,12,15,4,1,0,1,1,0,0,0,0
"POINT (8.459150692000037 49.492409500000065)",Unfall 189948 (2021) Kat:3, Licht: 2,189948,3,3,5,12,17,6,1,2,1,1,0,0,0,0
"POINT (8.483725439000068 49.469834298000080)",Unfall 190003 (2021) Kat:3, Licht: 0,190003,3,3,5,12,14,1,0,0,1,1,0,0,0,0
"POINT (8.474084720000064 49.484763894000025)",Unfall 190021 (2021) Kat:3, Licht: 1,190021,3,3,5,12,16,3,1,1,0,0,0,0,0,1
"POINT (8.492960210000035 49.457911590000037)",Unfall 190026 (2021) Kat:3, Licht: 0,190026,3,3,3,11,18,7,0,0,0,1,0,0,0,1
"POINT (8.470803095000065 49.508543090000046)",Unfall 190091 (2021) Kat:3, Licht: 2,190091,3,3,5,12,18,3,0,2,0,1,0,0,0,0
"POINT (8.477595871000062 49.484279249000053)",Unfall 190184 (2021) Kat:3, Licht: 2,190184,3,3,5,12,07,5,0,2,1,1,0,0,0,0
"POINT (8.490130110000052 49.478306377000081)",Unfall 190347 (2021) Kat:3, Licht: 2,190347,3,2,0,12,18,5,1,2,0,1,1,0,0,0
"POINT (8.473241014000052 49.481535409000060)",Unfall 190513 (2021) Kat:3, Licht: 0,190513,3,7,1,12,10,5,0,0,1,1,0,0,0,0
"POINT (8.534531736000076 49.423907881000048)",Unfall 190597 (2021) Kat:3, Licht: 0,190597,3,3,5,12,15,4,0,0,0,1,0,0,0,0
"POINT (8.463015543000040 49.488017604000049)",Unfall 190614 (2021) Kat:3, Licht: 2,190614,3,3,5,12,00,2,1,2,0,1,0,0,0,0
"POINT (8.511971900000049 49.516096856000047)",Unfall 190696 (2021) Kat:3, Licht: 0,190696,3,2,6,12,10,3,0,0,0,1,1,0,0,0
"POINT (8.501598290000061 49.504376363000063)",Unfall 190893 (2021) Kat:3, Licht: 0,190893,3,2,3,12,14,2,1,0,1,1,0,0,0,0
"POINT (8.472096349000026 49.450637951000033)",Unfall 191063 (2021) Kat:3, Licht: 2,191063,3,7,6,12,17,3,0,2,0,0,1,0,0,1
"POINT (8.504970445000026 49.489437896000027)",Unfall 235723 (2021) Kat:3, Licht: 1,235723,3,3,5,04,19,6,0,1,1,1,0,0,0,0
"POINT (8.568668047000074 49.462832707000075)",Unfall 235796 (2021) Kat:3, Licht: 0,235796,3,1,0,04,11,1,0,0,1,0,0,0,0,0
"POINT (8.567670304000046 49.457372271000054)",Unfall 235877 (2021) Kat:3, Licht: 0,235877,3,7,0,05,17,5,0,0,1,0,1,0,0,0
"POINT (8.509949449000032 49.457989135000048)",Unfall 235930 (2021) Kat:3, Licht: 0,235930,3,7,0,06,12,3,0,0,1,0,0,0,0,0
"POINT (8.485902116000034 49.489142978000075)",Unfall 235931 (2021) Kat:3, Licht: 0,235931,3,1,6,06,19,3,0,0,1,0,1,0,0,0
"POINT (8.546264568000026 49.499704147000045)",Unfall 235960 (2021) Kat:3, Licht: 0,235960,3,6,0,06,21,6,0,0,1,0,1,0,0,0
"POINT (8.482417368000029 49.547338469000067)",Unfall 236120 (2021) Kat:2, Licht: 0,236120,2,7,0,07,17,7,0,0,1,0,0,0,0,1
"POINT (8.449126928000055 49.550383753000062)",Unfall 236121 (2021) Kat:3, Licht: 1,236121,3,3,5,07,18,7,0,1,1,1,0,0,0,0
"POINT (8.504871157000025 49.506635328000073)",Unfall 236145 (2021) Kat:3, Licht: 0,236145,3,6,0,07,13,5,1,0,1,0,0,0,0,0
"POINT (8.524003724000067 49.477457909000066)",Unfall 236196 (2021) Kat:2, Licht: 0,236196,2,1,0,07,13,2,0,0,1,0,0,0,0,0
"POINT (8.475788387000023 49.477729545000045)",Unfall 236215 (2021) Kat:3, Licht: 0,236215,3,7,0,07,08,6,0,0,1,0,0,0,0,0
"POINT (8.547019768000041 49.506309290000047)",Unfall 236216 (2021) Kat:3, Licht: 0,236216,3,7,0,07,20,6,0,0,1,0,1,0,0,0
"POINT (8.506562175000056 49.471782497000049)",Unfall 236315 (2021) Kat:3, Licht: 0,236315,3,3,5,08,11,4,0,0,1,1,0,0,0,0
"POINT (8.543877684000051 49.455958471000031)",Unfall 236495 (2021) Kat:3, Licht: 0,236495,3,2,5,09,12,6,0,0,1,1,0,0,0,0
"POINT (8.531210615000020 49.440590722000081)",Unfall 236525 (2021) Kat:3, Licht: 0,236525,3,7,6,09,17,5,0,0,1,0,1,0,0,0
"POINT (8.493392747000030 49.486938632000033)",Unfall 236549 (2021) Kat:2, Licht: 0,236549,2,3,5,09,17,1,0,0,1,0,0,0,0,1
"POINT (8.485846445000050 49.489159259000076)",Unfall 236582 (2021) Kat:3, Licht: 0,236582,3,7,0,10,11,1,0,0,1,0,0,0,0,0
"POINT (8.482245206000073 49.525430393000079)",Unfall 236640 (2021) Kat:3, Licht: 0,236640,3,7,0,10,17,7,1,0,1,0,0,0,0,0
"POINT (8.481060587000059 49.533015501000079)",Unfall 236703 (2021) Kat:3, Licht: 2,236703,3,2,5,12,05,5,0,2,1,1,0,0,0,0
"POINT (8.495249827000070 49.479229061000098)",Unfall 78210 (2022) Kat:3, Licht: 2,78210,3,1,7,01,17,1,1,2,1,0,0,0,0,0
"POINT (8.551998519000049 49.490228422000001)",Unfall 78249 (2022) Kat:3, Licht: 0,78249,3,6,3,01,14,3,0,0,0,1,0,0,0,0
"POINT (8.490124918000051 49.528168229000102)",Unfall 79002 (2022) Kat:3, Licht: 2,79002,3,3,5,01,18,5,0,2,1,1,0,0,0,0
"POINT (8.519004531000061 49.490195281000098)",Unfall 79123 (2022) Kat:2, Licht: 2,79123,2,4,6,01,07,3,0,2,0,1,1,0,0,0
"POINT (8.521082860000041 49.515405020000102)",Unfall 79252 (2022) Kat:3, Licht: 0,79252,3,6,2,01,08,4,0,0,0,1,0,0,0,0
"POINT (8.458102756000070 49.491395515000100)",Unfall 79341 (2022) Kat:3, Licht: 2,79341,3,6,3,01,19,5,0,2,0,1,0,0,0,0
"POINT (8.471959780000081 49.512831679000001)",Unfall 79452 (2022) Kat:3, Licht: 0,79452,3,6,1,01,15,6,0,0,0,1,0,0,0,0
"POINT (8.488190152000071 49.497594718000101)",Unfall 79567 (2022) Kat:3, Licht: 2,79567,3,3,5,02,18,2,0,2,1,1,0,0,0,0
"POINT (8.552126261000071 49.490165644999998)",Unfall 79704 (2022) Kat:3, Licht: 0,79704,3,1,9,02,13,3,0,0,0,1,0,0,0,0
"POINT (8.485775671000059 49.495283490000098)",Unfall 79719 (2022) Kat:3, Licht: 0,79719,3,3,5,01,15,5,1,0,1,1,0,0,0,0
"POINT (8.474763716000041 49.484415075000101)",Unfall 79761 (2022) Kat:3, Licht: 0,79761,3,6,1,02,17,2,0,0,0,1,0,0,0,0
"POINT (8.554755179000040 49.493449830000003)",Unfall 79763 (2022) Kat:2, Licht: 2,79763,2,6,3,01,21,7,0,2,0,1,0,0,0,0
"POINT (8.460364519000050 49.493291020000100)",Unfall 79770 (2022) Kat:3, Licht: 1,79770,3,6,3,02,22,6,0,1,0,1,0,1,0,0
"POINT (8.472055612000080 49.482091981000103)",Unfall 79939 (2022) Kat:3, Licht: 0,79939,3,3,5,02,16,1,0,0,0,1,0,1,0,0
"POINT (8.551981640000060 49.490208172999999)",Unfall 79944 (2022) Kat:3, Licht: 0,79944,3,6,2,02,13,3,0,0,0,1,0,0,1,0
"POINT (8.459332980000060 49.492399192000100)",Unfall 80006 (2022) Kat:3, Licht: 1,80006,3,6,2,02,07,2,0,1,0,1,0,0,0,0
"POINT (8.544746097000029 49.482765847000103)",Unfall 80064 (2022) Kat:3, Licht: 0,80064,3,6,2,02,10,5,1,0,0,1,0,0,0,0
"POINT (8.483180379000030 49.493326008000103)",Unfall 80095 (2022) Kat:3, Licht: 0,80095,3,7,2,02,15,3,0,0,0,1,0,0,0,1
"POINT (8.524465674000060 49.440117991000101)",Unfall 80121 (2022) Kat:2, Licht: 2,80121,2,3,5,01,21,7,1,2,1,1,0,0,0,0
"POINT (8.488143116000060 49.475991207000000)",Unfall 80419 (2022) Kat:3, Licht: 2,80419,3,7,0,01,04,3,0,2,0,0,0,0,0,1
"POINT (8.459806446000069 49.503599594000001)",Unfall 80526 (2022) Kat:3, Licht: 0,80526,3,7,1,01,15,4,0,0,0,1,0,0,0,0
"POINT (8.542330707000080 49.520346381000103)",Unfall 80559 (2022) Kat:3, Licht: 0,80559,3,6,2,02,16,6,0,0,0,1,0,0,0,0
"POINT (8.457737192000019 49.484046435000003)",Unfall 80568 (2022) Kat:3, Licht: 0,80568,3,6,2,01,16,2,0,0,0,1,0,0,0,0
"POINT (8.480825989000040 49.474592541000000)",Unfall 80582 (2022) Kat:3, Licht: 2,80582,3,1,8,02,01,7,1,2,0,1,0,0,0,0
"POINT (8.513605175000070 49.517813705999998)",Unfall 80614 (2022) Kat:2, Licht: 0,80614,2,2,3,02,12,7,0,0,0,1,0,0,0,1
"POINT (8.491987270000040 49.477858599000101)",Unfall 80617 (2022) Kat:3, Licht: 2,80617,3,3,5,02,00,1,0,2,0,1,0,0,0,0
"POINT (8.465270995000029 49.480162979000099)",Unfall 80647 (2022) Kat:3, Licht: 0,80647,3,6,1,02,08,4,1,0,0,1,0,0,0,0
"POINT (8.512232826000060 49.489004934999997)",Unfall 80758 (2022) Kat:3, Licht: 0,80758,3,3,5,02,11,4,0,0,1,1,0,0,0,0
"POINT (8.488198152000050 49.497603998000002)",Unfall 80821 (2022) Kat:3, Licht: 1,80821,3,3,5,02,18,2,0,1,1,1,0,0,0,0
"POINT (8.552298560000050 49.510240731000103)",Unfall 80837 (2022) Kat:3, Licht: 2,80837,3,1,8,01,18,7,0,2,0,1,0,0,0,0
"POINT (8.458417384000031 49.491658211000100)",Unfall 80851 (2022) Kat:3, Licht: 0,80851,3,6,2,02,17,4,0,0,0,1,0,0,0,0
"POINT (8.468418610000070 49.509386149000100)",Unfall 80903 (2022) Kat:3, Licht: 0,80903,3,6,3,04,20,6,0,0,0,1,0,0,0,0
"POINT (8.525204881000040 49.440996923999997)",Unfall 80950 (2022) Kat:2, Licht: 0,80950,2,7,2,04,13,1,0,0,0,1,0,0,0,1
"POINT (8.551981299000030 49.490207763999997)",Unfall 81043 (2022) Kat:3, Licht: 0,81043,3,6,2,04,15,6,1,0,0,1,0,0,0,1
"POINT (8.521110000000020 49.515391889000099)",Unfall 81218 (2022) Kat:3, Licht: 0,81218,3,6,2,03,11,3,0,0,0,1,0,0,0,0
"POINT (8.532481915000060 49.497104188000002)",Unfall 81244 (2022) Kat:3, Licht: 0,81244,3,6,2,03,17,2,0,0,0,1,0,0,0,0
"POINT (8.475504814000031 49.516017128000001)",Unfall 81354 (2022) Kat:3, Licht: 0,81354,3,6,1,04,16,6,1,0,0,1,0,0,0,0
"POINT (8.470877142000059 49.511149693000000)",Unfall 81366 (2022) Kat:3, Licht: 0,81366,3,6,3,04,18,7,0,0,0,1,0,0,0,0
"POINT (8.522714296000061 49.473664051000100)",Unfall 81392 (2022) Kat:3, Licht: 0,81392,3,6,1,03,15,4,0,0,0,1,0,0,1,0
"POINT (8.547276862000050 49.418236004999997)",Unfall 81402 (2022) Kat:2, Licht: 0,81402,2,7,8,03,18,5,0,0,0,1,0,0,0,0
"POINT (8.565548216000019 49.467138551000097)",Unfall 81452 (2022) Kat:3, Licht: 0,81452,3,6,2,04,16,3,0,0,0,1,0,0,0,0
"POINT (8.546581759000050 49.514182559000098)",Unfall 81455 (2022) Kat:3, Licht: 0,81455,3,6,1,03,16,6,0,0,0,1,0,0,0,0
"POINT (8.486344197000051 49.529809239000002)",Unfall 81461 (2022) Kat:3, Licht: 0,81461,3,6,3,03,17,2,0,0,0,1,0,0,1,0
"POINT (8.508992826000050 49.519390939000097)",Unfall 81514 (2022) Kat:3, Licht: 0,81514,3,6,1,04,14,1,0,0,0,1,0,1,0,0
"POINT (8.447943336000041 49.552193870000103)",Unfall 81621 (2022) Kat:3, Licht: 1,81621,3,6,2,03,06,2,0,1,0,1,0,0,1,0
"POINT (8.491072518000070 49.476982090000000)",Unfall 81687 (2022) Kat:3, Licht: 0,81687,3,1,0,04,12,6,1,0,0,0,0,0,0,1
"POINT (8.447930813000029 49.552230279000099)",Unfall 81758 (2022) Kat:2, Licht: 2,81758,2,2,5,03,05,7,0,2,0,1,0,0,0,1
"POINT (8.455795612000029 49.487306155000098)",Unfall 81857 (2022) Kat:3, Licht: 0,81857,3,6,3,03,17,2,0,0,0,1,0,0,1,0
"POINT (8.475823478000050 49.486642668000101)",Unfall 81861 (2022) Kat:3, Licht: 0,81861,3,6,1,04,16,6,1,0,0,1,0,0,0,0
"POINT (8.496412217000060 49.502315510000102)",Unfall 81862 (2022) Kat:3, Licht: 2,81862,3,2,5,03,05,5,0,2,1,1,0,0,0,0
"POINT (8.516341379000041 49.468580008000103)",Unfall 81906 (2022) Kat:3, Licht: 0,81906,3,7,9,03,12,1,0,0,0,1,0,0,0,0
"POINT (8.483259145000030 49.473862680000103)",Unfall 82127 (2022) Kat:3, Licht: 0,82127,3,7,9,03,09,6,0,0,0,1,0,0,0,0
"POINT (8.477829982000060 49.476473382000101)",Unfall 82144 (2022) Kat:3, Licht: 0,82144,3,3,3,03,09,4,0,0,1,1,0,0,0,0
"POINT (8.517110906000029 49.467788977000097)",Unfall 82324 (2022) Kat:3, Licht: 0,82324,3,6,3,03,09,2,0,0,0,1,0,0,0,0
"POINT (8.475398605000070 49.485184758000102)",Unfall 82344 (2022) Kat:2, Licht: 0,82344,2,3,5,03,18,2,0,0,1,1,0,0,0,0
"POINT (8.493706797000071 49.500873189000103)",Unfall 82358 (2022) Kat:3, Licht: 0,82358,3,3,1,04,13,2,0,0,1,1,0,0,0,0
"POINT (8.539414094000049 49.461690365999999)",Unfall 82411 (2022) Kat:3, Licht: 2,82411,3,6,2,03,00,5,0,2,0,1,0,0,0,0
"POINT (8.550682708000069 49.489300034999999)",Unfall 82447 (2022) Kat:3, Licht: 1,82447,3,2,5,03,05,4,0,1,0,1,0,0,0,0
"POINT (8.463292823000071 49.484363706000103)",Unfall 82505 (2022) Kat:3, Licht: 0,82505,3,6,2,03,08,5,0,0,0,1,0,0,0,0
"POINT (8.564398888000030 49.466144485000001)",Unfall 82710 (2022) Kat:3, Licht: 0,82710,3,6,2,04,17,4,0,0,0,1,0,0,0,0
"POINT (8.465017532000051 49.481909784999999)",Unfall 82729 (2022) Kat:3, Licht: 0,82729,3,3,5,03,09,1,0,0,1,1,0,0,0,0
"POINT (8.487164640000060 49.475115710000097)",Unfall 82744 (2022) Kat:3, Licht: 0,82744,3,2,5,04,15,3,0,0,1,1,0,0,0,0
"POINT (8.573204291000019 49.448657541000003)",Unfall 82748 (2022) Kat:3, Licht: 0,82748,3,6,2,04,17,4,0,0,0,1,0,0,0,0
"POINT (8.527064862000030 49.433750217000103)",Unfall 82749 (2022) Kat:3, Licht: 0,82749,3,5,1,03,16,2,0,0,1,1,0,0,0,0
"POINT (8.491177347000081 49.499549835000003)",Unfall 82895 (2022) Kat:3, Licht: 0,82895,3,6,3,04,19,1,0,0,0,1,0,0,0,1
"POINT (8.554215200000041 49.521378861000102)",Unfall 82912 (2022) Kat:3, Licht: 0,82912,3,6,3,03,14,5,0,0,0,1,0,0,0,0
"POINT (8.498052693000030 49.503226606000098)",Unfall 82919 (2022) Kat:3, Licht: 0,82919,3,1,0,03,08,3,0,0,1,0,0,0,0,0
"POINT (8.484827337000070 49.493803995000100)",Unfall 82993 (2022) Kat:3, Licht: 0,82993,3,6,3,05,07,3,0,0,0,1,0,1,0,0
"POINT (8.474360647000029 49.496577170000101)",Unfall 83071 (2022) Kat:2, Licht: 0,83071,2,1,3,05,10,6,0,0,0,1,0,1,0,0
"POINT (8.483429320000029 49.473975175000099)",Unfall 83125 (2022) Kat:3, Licht: 0,83125,3,3,5,04,08,7,1,0,0,1,0,0,1,0
"POINT (8.449857653000040 49.549703468000097)",Unfall 83157 (2022) Kat:3, Licht: 0,83157,3,6,2,05,16,5,0,0,0,1,0,0,0,0
"POINT (8.508815113000029 49.471174605999998)",Unfall 83189 (2022) Kat:3, Licht: 0,83189,3,6,2,05,14,2,0,0,0,1,0,0,0,0
"POINT (8.455585003000071 49.491591714999998)",Unfall 83254 (2022) Kat:3, Licht: 0,83254,3,6,2,04,08,3,0,0,0,1,0,0,0,0
"POINT (8.472595221000059 49.480673981999999)",Unfall 83302 (2022) Kat:3, Licht: 0,83302,3,6,2,04,14,5,0,0,0,1,0,0,1,0
"POINT (8.456150248000030 49.488318432000000)",Unfall 83327 (2022) Kat:3, Licht: 1,83327,3,2,5,05,16,6,0,1,0,0,0,1,0,1
"POINT (8.484288235000070 49.493562916000002)",Unfall 83328 (2022) Kat:3, Licht: 0,83328,3,4,0,04,14,3,0,0,0,0,1,0,0,1
"POINT (8.550109066000060 49.488677811999999)",Unfall 83380 (2022) Kat:3, Licht: 2,83380,3,2,5,04,23,7,1,2,0,1,0,0,0,0
"POINT (8.503730709000020 49.473257429999997)",Unfall 83381 (2022) Kat:3, Licht: 0,83381,3,6,3,05,18,2,0,0,0,1,0,0,0,0
"POINT (8.465052556000050 49.506980818999999)",Unfall 83482 (2022) Kat:3, Licht: 2,83482,3,6,1,04,20,5,0,2,0,1,0,0,0,1
"POINT (8.512459953000080 49.450771368000098)",Unfall 83558 (2022) Kat:3, Licht: 0,83558,3,7,0,05,12,3,0,0,0,1,0,0,0,0
"POINT (8.519329730000040 49.516114962000103)",Unfall 83566 (2022) Kat:3, Licht: 0,83566,3,6,2,05,19,4,0,0,0,1,0,0,0,1
"POINT (8.536453918000060 49.462001010999998)",Unfall 83601 (2022) Kat:3, Licht: 0,83601,3,6,2,05,17,3,0,0,0,1,0,0,0,0
"POINT (8.495175216000060 49.476211083000102)",Unfall 83706 (2022) Kat:3, Licht: 0,83706,3,6,2,04,07,4,0,0,0,1,0,0,0,0
"POINT (8.468363439000029 49.482378696000097)",Unfall 83811 (2022) Kat:3, Licht: 0,83811,3,2,3,05,18,7,0,0,0,0,0,1,0,1
"POINT (8.471449415000050 49.481040015000097)",Unfall 83896 (2022) Kat:3, Licht: 0,83896,3,3,5,05,07,5,1,0,1,1,0,0,0,0
"POINT (8.518987678000030 49.490184843000101)",Unfall 83967 (2022) Kat:2, Licht: 0,83967,2,4,6,05,18,6,0,0,0,1,1,0,0,0
"POINT (8.463620215000050 49.484129816000099)",Unfall 83999 (2022) Kat:3, Licht: 0,83999,3,6,2,05,12,3,0,0,0,1,0,0,0,0
"POINT (8.456424167000019 49.486624906000003)",Unfall 84017 (2022) Kat:3, Licht: 2,84017,3,1,0,05,20,4,1,2,0,0,0,1,0,0
"POINT (8.489105959000030 49.494470324000098)",Unfall 84024 (2022) Kat:3, Licht: 0,84024,3,6,1,04,18,7,0,0,0,0,0,1,0,0
"POINT (8.537800707000031 49.420853201000099)",Unfall 84052 (2022) Kat:2, Licht: 0,84052,2,6,3,04,12,6,0,0,0,1,0,1,0,1
"POINT (8.485819223000020 49.530010679000000)",Unfall 84127 (2022) Kat:2, Licht: 2,84127,2,5,1,05,22,5,0,2,1,1,0,0,0,0
"POINT (8.546266917000031 49.420844676000101)",Unfall 84304 (2022) Kat:2, Licht: 0,84304,2,6,2,05,12,5,0,0,0,1,0,0,0,0
"POINT (8.550993641000050 49.491698646000003)",Unfall 84419 (2022) Kat:3, Licht: 0,84419,3,6,2,05,06,3,0,0,0,1,0,0,0,1
"POINT (8.467401689000040 49.482752403000099)",Unfall 84427 (2022) Kat:3, Licht: 0,84427,3,2,3,06,17,3,0,0,0,1,0,1,0,0
"POINT (8.475587122000039 49.496284923000097)",Unfall 84435 (2022) Kat:2, Licht: 0,84435,2,2,3,05,09,2,0,0,0,1,0,0,0,1
"POINT (8.512919062000041 49.449201846999998)",Unfall 84851 (2022) Kat:3, Licht: 0,84851,3,6,3,06,17,7,0,0,0,1,0,0,1,0
"POINT (8.460577673000049 49.493222271999997)",Unfall 84883 (2022) Kat:3, Licht: 0,84883,3,7,0,05,20,7,0,0,0,0,0,0,0,1
"POINT (8.525189538000060 49.440978557999998)",Unfall 84907 (2022) Kat:2, Licht: 0,84907,2,7,1,05,15,7,0,0,0,1,0,1,0,0
"POINT (8.473770597000049 49.475791469999997)",Unfall 85015 (2022) Kat:3, Licht: 0,85015,3,6,1,06,17,5,1,0,0,1,0,0,0,0
"POINT (8.496575959000040 49.478537838000101)",Unfall 85086 (2022) Kat:3, Licht: 0,85086,3,7,9,06,12,4,0,0,0,1,0,0,0,0
"POINT (8.444830531000040 49.559753122000103)",Unfall 85121 (2022) Kat:3, Licht: 0,85121,3,6,2,05,15,3,0,0,0,1,0,0,0,0
"POINT (8.479734176000020 49.488511873999997)",Unfall 85135 (2022) Kat:3, Licht: 0,85135,3,2,5,05,10,2,0,0,1,1,0,0,0,0
"POINT (8.540464249000021 49.457848701000003)",Unfall 85187 (2022) Kat:3, Licht: 0,85187,3,6,2,05,16,5,0,0,0,1,0,0,0,1
"POINT (8.501458102000070 49.489406135000102)",Unfall 85298 (2022) Kat:3, Licht: 0,85298,3,3,5,05,10,7,0,0,1,1,0,0,0,0
"POINT (8.555777849000039 49.509294396000001)",Unfall 85299 (2022) Kat:3, Licht: 0,85299,3,2,5,05,12,3,0,0,0,1,0,0,0,0
"POINT (8.473404379000041 49.495406346000003)",Unfall 85305 (2022) Kat:3, Licht: 0,85305,3,3,5,05,19,6,0,0,1,1,0,0,0,0
"POINT (8.520257209000020 49.491376926000001)",Unfall 85329 (2022) Kat:3, Licht: 2,85329,3,2,3,05,21,7,0,2,0,1,0,0,0,1
"POINT (8.518992191000050 49.468042290000000)",Unfall 85337 (2022) Kat:3, Licht: 0,85337,3,1,9,06,10,1,1,0,0,1,0,0,0,0
"POINT (8.524378096000021 49.440016034999999)",Unfall 85476 (2022) Kat:3, Licht: 0,85476,3,3,5,05,13,4,0,0,1,1,0,0,0,0
"POINT (8.511437120000039 49.445014411999999)",Unfall 85490 (2022) Kat:3, Licht: 0,85490,3,6,2,06,14,7,0,0,0,1,0,0,0,0
"POINT (8.550061617000040 49.487901925000102)",Unfall 85513 (2022) Kat:3, Licht: 0,85513,3,6,2,05,08,2,0,0,0,1,0,0,0,0
"POINT (8.513341376000030 49.517784060000103)",Unfall 85564 (2022) Kat:3, Licht: 1,85564,3,6,2,05,20,6,0,1,0,1,0,0,0,0
"POINT (8.551002459000070 49.491704307000099)",Unfall 85579 (2022) Kat:2, Licht: 0,85579,2,6,2,05,13,7,0,0,0,1,0,1,0,0
"POINT (8.523897384000071 49.480559692999996)",Unfall 85633 (2022) Kat:3, Licht: 0,85633,3,6,3,06,16,4,0,0,0,1,0,0,0,0
"POINT (8.451572180000030 49.491594290000101)",Unfall 85660 (2022) Kat:3, Licht: 0,85660,3,6,2,05,06,3,0,0,0,1,0,0,0,0
"POINT (8.551197251000080 49.491594087000102)",Unfall 85686 (2022) Kat:3, Licht: 0,85686,3,6,2,06,13,4,0,0,0,1,0,0,0,1
"POINT (8.484867234000030 49.493856199000000)",Unfall 85704 (2022) Kat:3, Licht: 0,85704,3,6,8,06,13,6,0,0,0,1,0,1,0,0
"POINT (8.544566862000069 49.482980734000101)",Unfall 85726 (2022) Kat:3, Licht: 0,85726,3,6,2,06,20,6,0,0,0,1,0,0,0,0
"POINT (8.501465971000069 49.504770399000101)",Unfall 85814 (2022) Kat:3, Licht: 2,85814,3,1,8,05,01,7,0,2,0,0,0,0,0,1
"POINT (8.499974856000049 49.489459633000102)",Unfall 85851 (2022) Kat:3, Licht: 0,85851,3,7,3,05,09,6,0,0,0,1,0,0,0,1
"POINT (8.497044159000041 49.502650889999998)",Unfall 85876 (2022) Kat:3, Licht: 0,85876,3,4,6,05,13,7,0,0,0,1,1,0,0,0
"POINT (8.489088028000030 49.528784670999997)",Unfall 86249 (2022) Kat:3, Licht: 0,86249,3,6,1,07,12,6,0,0,0,1,0,0,0,0
"POINT (8.447798197000051 49.552422403000001)",Unfall 86298 (2022) Kat:3, Licht: 0,86298,3,3,5,06,18,1,0,0,0,1,0,0,0,0
"POINT (8.542364088000060 49.520363828000001)",Unfall 86454 (2022) Kat:3, Licht: 0,86454,3,6,1,07,17,7,0,0,0,1,0,0,0,0
"POINT (8.569034450000061 49.443752836000002)",Unfall 86552 (2022) Kat:3, Licht: 0,86552,3,6,2,07,10,5,0,0,0,1,0,1,0,0
"POINT (8.471370208000049 49.481073961000000)",Unfall 86568 (2022) Kat:2, Licht: 2,86568,2,3,5,06,23,5,0,2,0,1,0,1,0,0
"POINT (8.520872469000039 49.467009969999999)",Unfall 86694 (2022) Kat:3, Licht: 0,86694,3,6,3,07,07,6,0,0,0,1,0,0,1,0
"POINT (8.569666004000061 49.456577398999997)",Unfall 86769 (2022) Kat:3, Licht: 2,86769,3,1,9,07,00,4,0,2,0,1,0,0,0,0
"POINT (8.544880827000039 49.516854316000000)",Unfall 86978 (2022) Kat:3, Licht: 0,86978,3,7,9,06,16,3,0,0,0,0,0,0,0,1
"POINT (8.570870649000030 49.450479205000100)",Unfall 87105 (2022) Kat:3, Licht: 0,87105,3,6,2,07,09,7,0,0,0,1,0,0,0,0
"POINT (8.498256248000081 49.475074381000098)",Unfall 87270 (2022) Kat:3, Licht: 0,87270,3,6,2,07,12,3,0,0,0,1,0,0,0,0
"POINT (8.524701232000041 49.465542849000002)",Unfall 87336 (2022) Kat:3, Licht: 2,87336,3,6,3,06,23,4,0,2,0,1,0,0,0,0
"POINT (8.488198095000030 49.497603931000100)",Unfall 87794 (2022) Kat:3, Licht: 0,87794,3,3,0,07,07,3,0,0,1,1,0,0,0,0
"POINT (8.447993772000070 49.581336040000103)",Unfall 87812 (2022) Kat:2, Licht: 0,87812,2,6,2,06,13,7,0,0,0,1,0,0,1,0
"POINT (8.500252400000020 49.474287307000097)",Unfall 87929 (2022) Kat:3, Licht: 0,87929,3,3,5,06,06,7,0,0,0,1,0,0,0,0
"POINT (8.515910986000049 49.464419129000099)",Unfall 88022 (2022) Kat:3, Licht: 0,88022,3,6,3,06,11,3,0,0,0,1,0,0,1,0
"POINT (8.463279308000040 49.484369048000097)",Unfall 88039 (2022) Kat:3, Licht: 0,88039,3,6,2,07,20,2,0,0,0,1,0,0,0,0
"POINT (8.543861135000039 49.456010773999999)",Unfall 88277 (2022) Kat:3, Licht: 0,88277,3,3,5,07,17,7,0,0,0,1,0,0,0,0
"POINT (8.492556620000070 49.478565392000100)",Unfall 88292 (2022) Kat:3, Licht: 0,88292,3,3,5,06,14,6,0,0,1,1,0,0,0,0
"POINT (8.507904101000070 49.489229966000003)",Unfall 88352 (2022) Kat:3, Licht: 0,88352,3,6,2,06,07,3,0,0,0,1,0,0,0,0
"POINT (8.487626387000031 49.496954194000097)",Unfall 88462 (2022) Kat:3, Licht: 0,88462,3,6,2,07,18,5,0,0,0,1,0,1,0,0
"POINT (8.472430616000050 49.480621235999998)",Unfall 88500 (2022) Kat:2, Licht: 0,88500,2,7,5,07,09,4,0,0,1,1,0,0,0,0
"POINT (8.458484067000031 49.491418130000099)",Unfall 88508 (2022) Kat:3, Licht: 0,88508,3,6,3,07,18,1,0,0,0,1,0,0,0,0
"POINT (8.449826954000059 49.549725395000102)",Unfall 88626 (2022) Kat:3, Licht: 0,88626,3,3,5,08,14,5,0,0,0,1,0,0,0,0
"POINT (8.457114752000050 49.545146799000101)",Unfall 88654 (2022) Kat:3, Licht: 2,88654,3,3,5,08,02,1,0,2,0,1,0,0,0,0
"POINT (8.517586825000020 49.487897797000102)",Unfall 88665 (2022) Kat:3, Licht: 0,88665,3,6,2,08,06,2,0,0,0,1,0,0,0,0
"POINT (8.490878864000020 49.499399524000097)",Unfall 88720 (2022) Kat:3, Licht: 0,88720,3,1,0,07,13,5,0,0,1,0,0,0,0,0
"POINT (8.480866136000030 49.522160402000097)",Unfall 88758 (2022) Kat:3, Licht: 0,88758,3,2,2,07,16,2,0,0,1,1,0,0,0,0
"POINT (8.461612647000040 49.504427521000103)",Unfall 88871 (2022) Kat:2, Licht: 0,88871,2,7,0,08,09,4,0,0,0,0,0,1,0,0
"POINT (8.566507596000060 49.417940838000000)",Unfall 88908 (2022) Kat:2, Licht: 0,88908,2,3,5,07,14,3,0,0,0,1,0,1,0,0
"POINT (8.520968113000039 49.481654096000099)",Unfall 88952 (2022) Kat:3, Licht: 2,88952,3,6,3,08,00,5,0,2,0,1,0,1,0,0
"POINT (8.480528024000019 49.489339299999997)",Unfall 88954 (2022) Kat:3, Licht: 0,88954,3,2,3,07,16,2,0,0,1,1,0,0,0,0
"POINT (8.488724385000070 49.498169877000102)",Unfall 88955 (2022) Kat:2, Licht: 0,88955,2,3,5,07,11,3,0,0,0,1,0,1,0,0
"POINT (8.461135650000070 49.542605255000097)",Unfall 89086 (2022) Kat:3, Licht: 2,89086,3,6,0,08,21,6,0,2,0,1,0,0,0,0
"POINT (8.464134614000050 49.480808786000097)",Unfall 89247 (2022) Kat:3, Licht: 0,89247,3,3,5,08,13,5,0,0,0,1,0,0,0,0
"POINT (8.455801510000070 49.487336880999997)",Unfall 89261 (2022) Kat:3, Licht: 0,89261,3,6,3,08,10,4,0,0,0,1,0,0,1,0
"POINT (8.465136905000071 49.507041098000101)",Unfall 89489 (2022) Kat:3, Licht: 2,89489,3,1,1,08,22,5,0,2,0,1,0,1,0,0
"POINT (8.465772021000021 49.507494967000099)",Unfall 89491 (2022) Kat:3, Licht: 0,89491,3,5,1,08,17,3,0,0,0,1,0,0,0,1
"POINT (8.488706261000059 49.528945470000103)",Unfall 89526 (2022) Kat:3, Licht: 0,89526,3,5,2,08,08,4,0,0,0,1,0,0,0,1
"POINT (8.485514503000051 49.494270880999998)",Unfall 89664 (2022) Kat:3, Licht: 2,89664,3,3,5,09,21,5,0,2,0,1,0,0,0,0
"POINT (8.501827829000041 49.489388965000003)",Unfall 89685 (2022) Kat:2, Licht: 0,89685,2,3,5,09,09,2,0,0,1,0,0,0,0,1
"POINT (8.450464637000040 49.491598259000099)",Unfall 89752 (2022) Kat:3, Licht: 2,89752,3,1,8,08,00,5,0,2,0,1,0,0,0,0
"POINT (8.555625264000071 49.494240150000103)",Unfall 89790 (2022) Kat:3, Licht: 0,89790,3,6,2,09,16,6,1,0,0,1,0,0,0,0
"POINT (8.487017745000060 49.496493452000003)",Unfall 89832 (2022) Kat:2, Licht: 0,89832,2,3,5,09,09,6,0,0,1,0,0,0,0,1
"POINT (8.452335594000029 49.491894799000100)",Unfall 89835 (2022) Kat:3, Licht: 0,89835,3,6,3,09,13,2,0,0,1,0,0,0,0,0
"POINT (8.447938491000061 49.570257273000003)",Unfall 89844 (2022) Kat:3, Licht: 2,89844,3,6,8,09,20,5,0,2,0,1,0,0,0,0
"POINT (8.530854356000020 49.512657153000099)",Unfall 89895 (2022) Kat:3, Licht: 2,89895,3,5,1,08,23,1,0,2,0,1,0,0,0,0
"POINT (8.558716808000041 49.498340296999999)",Unfall 90184 (2022) Kat:2, Licht: 2,90184,2,6,2,09,21,7,1,2,0,1,0,0,0,0
"POINT (8.487741913000040 49.497086944000003)",Unfall 90185 (2022) Kat:3, Licht: 0,90185,3,6,1,08,11,4,1,0,0,1,0,0,0,0
"POINT (8.487383581000071 49.475128180000098)",Unfall 90219 (2022) Kat:3, Licht: 0,90219,3,2,3,08,16,6,0,0,1,0,0,0,0,1
"POINT (8.569384670000030 49.448899572000101)",Unfall 90280 (2022) Kat:3, Licht: 0,90280,3,6,1,09,07,4,1,0,0,1,0,0,0,0
"POINT (8.472994273000040 49.483027977000098)",Unfall 90307 (2022) Kat:3, Licht: 0,90307,3,6,3,09,10,5,0,0,1,1,0,0,0,0
"POINT (8.465953766000039 49.479823465999999)",Unfall 90312 (2022) Kat:3, Licht: 0,90312,3,6,3,09,08,3,0,0,0,1,0,0,1,0
"POINT (8.459842874000060 49.496257855000103)",Unfall 90313 (2022) Kat:3, Licht: 2,90313,3,6,2,08,20,3,0,2,0,1,0,0,1,0
"POINT (8.517635616000060 49.466750816000101)",Unfall 90476 (2022) Kat:3, Licht: 0,90476,3,7,8,08,11,7,0,0,0,1,0,0,0,0
"POINT (8.531014406000050 49.512741363000004)",Unfall 90483 (2022) Kat:3, Licht: 0,90483,3,6,2,09,15,2,0,0,0,1,0,0,0,0
"POINT (8.519464698000039 49.516077223000103)",Unfall 90609 (2022) Kat:3, Licht: 0,90609,3,6,2,09,17,2,0,0,0,1,0,0,0,0
"POINT (8.475763551000060 49.496208175000000)",Unfall 90868 (2022) Kat:3, Licht: 0,90868,3,2,5,09,15,5,0,0,0,1,0,1,0,0
"POINT (8.485184612000070 49.494231591000101)",Unfall 90888 (2022) Kat:3, Licht: 0,90888,3,3,5,08,16,7,0,0,0,1,0,0,0,0
"POINT (8.550208672000050 49.488724103999999)",Unfall 91002 (2022) Kat:3, Licht: 0,91002,3,6,1,09,08,5,1,0,0,1,0,0,0,0
"POINT (8.450275930000030 49.491551520000002)",Unfall 91006 (2022) Kat:3, Licht: 0,91006,3,6,2,09,13,2,0,0,1,0,0,0,0,0
"POINT (8.519711181000050 49.467426600000103)",Unfall 91011 (2022) Kat:3, Licht: 2,91011,3,6,2,09,22,1,1,2,0,1,0,0,0,0
"POINT (8.471404316000079 49.511532160000101)",Unfall 91114 (2022) Kat:3, Licht: 0,91114,3,6,2,08,09,4,1,0,0,1,0,0,0,0
"POINT (8.551994390000059 49.490223468000103)",Unfall 91333 (2022) Kat:3, Licht: 2,91333,3,1,8,09,20,7,1,2,0,1,0,0,0,0
"POINT (8.476210722000079 49.487458459000003)",Unfall 91414 (2022) Kat:3, Licht: 0,91414,3,7,0,08,17,2,0,0,0,0,0,1,0,0
"POINT (8.460451639000039 49.495377798000000)",Unfall 91457 (2022) Kat:3, Licht: 0,91457,3,4,6,09,16,3,0,0,0,0,1,0,1,0
"POINT (8.527280772000040 49.465064921000099)",Unfall 91558 (2022) Kat:3, Licht: 0,91558,3,1,9,10,14,7,0,0,0,0,0,1,0,0
"POINT (8.491842405000060 49.477797803000001)",Unfall 91564 (2022) Kat:2, Licht: 0,91564,2,3,5,09,13,5,0,0,0,1,0,0,0,0
"POINT (8.535017457000039 49.475042314000099)",Unfall 91632 (2022) Kat:3, Licht: 0,91632,3,1,1,10,15,7,0,0,0,1,0,0,1,0
"POINT (8.452022986000030 49.548295775000000)",Unfall 91703 (2022) Kat:3, Licht: 0,91703,3,6,2,10,10,2,0,0,0,1,0,0,0,0
"POINT (8.537964831000069 49.496618630000100)",Unfall 91787 (2022) Kat:3, Licht: 0,91787,3,7,2,09,14,1,0,0,0,1,0,0,0,0
"POINT (8.477845140000060 49.476460952000103)",Unfall 91802 (2022) Kat:3, Licht: 0,91802,3,3,5,10,13,3,0,0,0,1,0,0,0,1
"POINT (8.469595712000061 49.510229999000003)",Unfall 91835 (2022) Kat:2, Licht: 0,91835,2,5,5,09,15,3,1,0,0,1,0,0,0,0
"POINT (8.464796045000069 49.483771656999998)",Unfall 92099 (2022) Kat:3, Licht: 0,92099,3,6,2,10,10,6,0,0,0,1,0,1,0,0
"POINT (8.516079851000031 49.464617838000002)",Unfall 92101 (2022) Kat:3, Licht: 2,92101,3,6,2,10,21,5,1,2,0,1,0,0,0,0
"POINT (8.511653448000059 49.488884013000103)",Unfall 92168 (2022) Kat:3, Licht: 0,92168,3,3,5,09,15,5,0,0,1,0,0,0,0,1
"POINT (8.516972030000030 49.465722685000102)",Unfall 92286 (2022) Kat:3, Licht: 2,92286,3,6,2,10,22,6,0,2,0,1,0,0,0,0
"POINT (8.512498253000050 49.488834508000103)",Unfall 92323 (2022) Kat:3, Licht: 0,92323,3,4,6,09,07,4,0,0,0,0,1,0,0,1
"POINT (8.496928645000031 49.502841900000099)",Unfall 92381 (2022) Kat:2, Licht: 2,92381,2,3,5,10,23,7,0,2,1,1,0,0,0,0
"POINT (8.461574387000040 49.485044455000001)",Unfall 92409 (2022) Kat:3, Licht: 0,92409,3,6,2,10,19,4,0,0,0,1,0,0,0,0
"POINT (8.476362694000040 49.477650186000098)",Unfall 92432 (2022) Kat:3, Licht: 0,92432,3,6,2,10,15,7,1,0,0,1,0,0,0,0
"POINT (8.485693584000050 49.530144958999998)",Unfall 92510 (2022) Kat:3, Licht: 0,92510,3,6,2,10,15,7,1,0,0,1,0,0,0,0
"POINT (8.450529048000019 49.549247657000102)",Unfall 92549 (2022) Kat:3, Licht: 0,92549,3,6,4,09,08,4,0,0,0,0,0,0,1,0
"POINT (8.503855437000031 49.472911759000098)",Unfall 92774 (2022) Kat:3, Licht: 0,92774,3,6,2,10,14,5,0,0,0,1,0,0,0,0
"POINT (8.552157998000039 49.490203577000003)",Unfall 92796 (2022) Kat:3, Licht: 0,92796,3,6,3,10,15,2,0,0,0,1,0,0,0,0
"POINT (8.529316645000049 49.430875100000002)",Unfall 92811 (2022) Kat:3, Licht: 0,92811,3,2,5,10,17,5,0,0,1,1,0,0,0,0
"POINT (8.472610607000041 49.482647305000100)",Unfall 92847 (2022) Kat:3, Licht: 2,92847,3,6,2,10,23,6,1,2,0,1,0,0,0,0
"POINT (8.512771670000060 49.449854640000098)",Unfall 93026 (2022) Kat:3, Licht: 1,93026,3,6,3,10,08,6,1,1,0,1,0,0,0,1
"POINT (8.437976930000049 49.553226446000103)",Unfall 93033 (2022) Kat:3, Licht: 1,93033,3,6,3,10,18,4,0,1,0,0,0,0,1,1
"POINT (8.542125416000030 49.449076458000000)",Unfall 93084 (2022) Kat:3, Licht: 0,93084,3,6,2,09,13,6,0,0,0,1,0,0,0,0
"POINT (8.459995063000060 49.492860313000101)",Unfall 93094 (2022) Kat:3, Licht: 1,93094,3,3,5,10,19,5,1,1,0,1,0,0,0,1
"POINT (8.482142192000030 49.473936645999999)",Unfall 93146 (2022) Kat:3, Licht: 0,93146,3,2,5,10,09,1,0,0,0,1,0,0,0,0
"POINT (8.542406491000071 49.473743405999997)",Unfall 93174 (2022) Kat:3, Licht: 0,93174,3,6,2,10,17,1,0,0,0,1,0,0,0,0
"POINT (8.481761326000029 49.493910624000101)",Unfall 93184 (2022) Kat:3, Licht: 2,93184,3,2,5,10,06,4,1,2,0,1,0,0,0,1
"POINT (8.501713984000050 49.489394134000101)",Unfall 93294 (2022) Kat:3, Licht: 0,93294,3,6,2,10,17,2,0,0,0,1,0,0,0,0
"POINT (8.475529581000050 49.515815156000002)",Unfall 93456 (2022) Kat:3, Licht: 2,93456,3,1,9,10,04,1,1,2,0,1,0,0,0,0
"POINT (8.546087521000061 49.482774182000099)",Unfall 93542 (2022) Kat:1, Licht: 2,93542,1,6,3,10,21,1,0,2,0,1,0,0,0,1
"POINT (8.511646236000050 49.444846511999998)",Unfall 93559 (2022) Kat:3, Licht: 0,93559,3,2,0,10,15,2,0,0,0,1,0,0,0,1
"POINT (8.470051894000051 49.481616993999999)",Unfall 93563 (2022) Kat:3, Licht: 0,93563,3,2,6,10,11,6,1,0,0,1,1,0,0,0
"POINT (8.484278995000070 49.493524202000103)",Unfall 93571 (2022) Kat:3, Licht: 0,93571,3,1,9,09,11,4,1,0,0,1,0,0,0,0
"POINT (8.565975445000049 49.431611357000101)",Unfall 93599 (2022) Kat:2, Licht: 0,93599,2,1,8,10,14,2,0,0,0,0,0,1,0,0
"POINT (8.553343045000080 49.491833239000101)",Unfall 93659 (2022) Kat:3, Licht: 0,93659,3,6,2,10,12,1,1,0,0,1,0,0,0,0
"POINT (8.578401257000049 49.446040670999999)",Unfall 93704 (2022) Kat:3, Licht: 0,93704,3,5,5,10,08,3,0,0,1,1,0,0,0,0
"POINT (8.519570396000059 49.516148391000101)",Unfall 93757 (2022) Kat:3, Licht: 0,93757,3,4,6,10,15,1,0,0,0,1,1,0,0,0
"POINT (8.524632023000040 49.465563144000001)",Unfall 93781 (2022) Kat:3, Licht: 0,93781,3,6,2,10,15,6,0,0,0,1,0,0,0,0
"POINT (8.544176388000039 49.424732351000003)",Unfall 93802 (2022) Kat:3, Licht: 0,93802,3,6,2,09,17,4,0,0,0,1,0,0,0,0
"POINT (8.477976702000030 49.517637674000099)",Unfall 93832 (2022) Kat:2, Licht: 0,93832,2,6,3,10,12,7,1,0,0,1,0,0,0,0
"POINT (8.480837106000020 49.522087921000001)",Unfall 93841 (2022) Kat:3, Licht: 2,93841,3,1,0,10,07,6,1,2,0,0,0,1,0,0
"POINT (8.473742942000060 49.479601456000097)",Unfall 93947 (2022) Kat:3, Licht: 2,93947,3,6,2,11,06,6,1,2,0,1,0,0,0,0
"POINT (8.456077689000040 49.488771810999999)",Unfall 93960 (2022) Kat:3, Licht: 2,93960,3,6,3,11,17,7,0,2,0,1,0,1,0,0
"POINT (8.548780652000060 49.486333936000101)",Unfall 94030 (2022) Kat:3, Licht: 1,94030,3,6,2,11,07,5,1,1,0,1,0,0,1,0
"POINT (8.482273648000049 49.491855420999997)",Unfall 94048 (2022) Kat:3, Licht: 2,94048,3,6,2,11,18,3,1,2,0,1,0,0,0,0
"POINT (8.471786977000020 49.512195892000101)",Unfall 94090 (2022) Kat:3, Licht: 0,94090,3,1,0,11,14,2,0,0,0,0,0,1,0,0
"POINT (8.556085374000080 49.471480057000100)",Unfall 94125 (2022) Kat:3, Licht: 2,94125,3,4,6,11,17,3,1,2,0,1,1,0,0,0
"POINT (8.488827739000040 49.528743388000102)",Unfall 94157 (2022) Kat:3, Licht: 0,94157,3,2,4,11,12,2,0,0,1,1,0,0,0,0
"POINT (8.553093169000020 49.492209790000103)",Unfall 94178 (2022) Kat:3, Licht: 2,94178,3,2,0,11,20,1,1,2,0,1,0,1,0,0
"POINT (8.449008465000080 49.550343342000097)",Unfall 94186 (2022) Kat:3, Licht: 2,94186,3,3,5,11,05,5,1,2,0,1,0,1,0,0
"POINT (8.569274397000070 49.439614758000097)",Unfall 94268 (2022) Kat:3, Licht: 0,94268,3,3,5,11,08,3,1,0,0,1,0,0,0,0
"POINT (8.485681851000040 49.530149307000002)",Unfall 94314 (2022) Kat:3, Licht: 2,94314,3,2,5,11,20,7,0,2,1,1,0,0,0,0
"POINT (8.543635594000021 49.481967924999999)",Unfall 94374 (2022) Kat:3, Licht: 2,94374,3,7,4,11,18,2,0,2,0,1,0,0,0,0
"POINT (8.487998474000049 49.529108380000103)",Unfall 94402 (2022) Kat:3, Licht: 0,94402,3,2,5,11,08,4,0,0,1,0,0,0,0,1
"POINT (8.505964841000040 49.506940374000102)",Unfall 94423 (2022) Kat:2, Licht: 1,94423,2,3,5,11,07,6,1,1,1,1,0,0,0,0
"POINT (8.471404395000040 49.481427244000002)",Unfall 94438 (2022) Kat:3, Licht: 0,94438,3,6,2,11,11,3,0,0,0,1,0,0,0,0
"POINT (8.471996714000060 49.536915567999998)",Unfall 94468 (2022) Kat:3, Licht: 2,94468,3,6,3,11,06,2,0,2,0,1,0,0,1,0
"POINT (8.525378056000021 49.495270771000001)",Unfall 94522 (2022) Kat:3, Licht: 0,94522,3,2,4,11,15,4,0,0,0,1,0,0,0,0
"POINT (8.455880301000040 49.486793333000001)",Unfall 94523 (2022) Kat:3, Licht: 2,94523,3,4,6,11,17,5,1,2,0,1,1,0,0,0
"POINT (8.491501941000021 49.477647619000003)",Unfall 94707 (2022) Kat:2, Licht: 2,94707,2,4,6,11,18,6,0,2,1,0,1,0,0,0
"POINT (8.471054649000051 49.481203105000098)",Unfall 94720 (2022) Kat:3, Licht: 2,94720,3,3,5,11,05,4,1,2,0,1,0,0,0,1
"POINT (8.445600095000030 49.557774127000101)",Unfall 94750 (2022) Kat:3, Licht: 0,94750,3,3,5,11,14,6,0,0,0,1,0,0,0,0
"POINT (8.480637546000031 49.489492857000101)",Unfall 94751 (2022) Kat:2, Licht: 2,94751,2,6,0,11,03,7,0,2,1,0,0,0,0,1
"POINT (8.497017341000060 49.525771571000099)",Unfall 94784 (2022) Kat:3, Licht: 2,94784,3,6,1,11,18,3,1,2,0,1,0,0,0,0
"POINT (8.449032746000061 49.550321255000000)",Unfall 94826 (2022) Kat:3, Licht: 0,94826,3,3,5,11,10,2,0,0,1,0,0,0,1,0
"POINT (8.560622241000029 49.510717427000003)",Unfall 94850 (2022) Kat:3, Licht: 2,94850,3,6,3,11,18,4,0,2,0,1,0,0,0,0
"POINT (8.518378234000069 49.484802412000100)",Unfall 94923 (2022) Kat:3, Licht: 0,94923,3,6,2,11,08,4,1,0,0,1,0,1,0,0
"POINT (8.475200906000049 49.496428557999998)",Unfall 94936 (2022) Kat:3, Licht: 2,94936,3,3,5,11,02,1,0,2,0,1,0,0,0,0
"POINT (8.488190152000071 49.497594718000101)",Unfall 94944 (2022) Kat:3, Licht: 2,94944,3,3,5,11,17,4,0,2,1,1,0,0,0,0
"POINT (8.518275973000071 49.467810323000002)",Unfall 95111 (2022) Kat:3, Licht: 0,95111,3,6,2,11,16,2,0,0,0,1,0,0,0,0
"POINT (8.500144941000030 49.524495660000099)",Unfall 95224 (2022) Kat:3, Licht: 2,95224,3,4,6,12,18,3,0,2,0,1,1,0,0,0
"POINT (8.554011830000039 49.493267566000000)",Unfall 95403 (2022) Kat:3, Licht: 0,95403,3,6,4,12,11,5,0,0,0,1,0,0,0,0
"POINT (8.569755092000040 49.448944619000002)",Unfall 95474 (2022) Kat:3, Licht: 1,95474,3,2,5,12,06,2,1,1,0,1,0,0,0,1
"POINT (8.510505554000080 49.462005822000002)",Unfall 95672 (2022) Kat:3, Licht: 2,95672,3,6,2,12,18,6,1,2,0,1,0,0,0,0
"POINT (8.447509274000030 49.553910305000002)",Unfall 95877 (2022) Kat:3, Licht: 2,95877,3,7,1,12,21,7,0,2,0,1,0,0,0,0
"POINT (8.475505646000039 49.474925120000101)",Unfall 95912 (2022) Kat:3, Licht: 2,95912,3,6,2,12,16,6,1,2,0,1,0,0,0,0
"POINT (8.535254792000050 49.462842298000098)",Unfall 95914 (2022) Kat:3, Licht: 0,95914,3,1,9,12,15,7,1,0,0,1,0,0,0,0
"POINT (8.540604813000069 49.462684105999998)",Unfall 95962 (2022) Kat:3, Licht: 0,95962,3,6,2,12,14,6,1,0,0,1,0,0,0,1
"POINT (8.516059625000031 49.464844577000100)",Unfall 96005 (2022) Kat:3, Licht: 2,96005,3,6,2,12,19,3,0,2,0,1,0,0,0,0
"POINT (8.550106562000050 49.488678823999997)",Unfall 96150 (2022) Kat:3, Licht: 2,96150,3,3,3,12,05,6,0,2,0,1,0,0,0,0
"POINT (8.551062283000020 49.491748168000100)",Unfall 96250 (2022) Kat:3, Licht: 2,96250,3,6,2,12,21,7,2,2,0,1,0,0,0,0
"POINT (8.487168213000070 49.475119607000103)",Unfall 96439 (2022) Kat:3, Licht: 0,96439,3,2,5,12,10,2,0,0,1,0,0,0,0,1
"POINT (8.546556763000069 49.496538348999998)",Unfall 195173 (2022) Kat:3, Licht: 0,195173,3,3,5,01,15,6,0,0,1,1,0,0,0,0
"POINT (8.531292522000060 49.479967842000100)",Unfall 195204 (2022) Kat:3, Licht: 1,195204,3,6,1,01,07,3,1,1,0,1,0,0,0,0
"POINT (8.493827229000029 49.528852548000003)",Unfall 195273 (2022) Kat:3, Licht: 0,195273,3,3,5,01,15,6,0,0,0,1,0,0,0,0
"POINT (8.525305993000069 49.473669262000001)",Unfall 195341 (2022) Kat:3, Licht: 0,195341,3,3,0,02,17,4,0,0,1,1,0,0,0,0
"POINT (8.469945040000029 49.491260108000098)",Unfall 195343 (2022) Kat:3, Licht: 1,195343,3,7,6,02,18,2,0,1,0,1,1,0,0,0
"POINT (8.520572623000019 49.494692495999999)",Unfall 195378 (2022) Kat:3, Licht: 0,195378,3,3,5,01,08,6,1,0,0,1,0,0,0,0
"POINT (8.526754791000030 49.507331802000103)",Unfall 195421 (2022) Kat:3, Licht: 0,195421,3,2,5,02,10,7,0,0,0,1,0,0,0,0
"POINT (8.478083491000060 49.546976954000101)",Unfall 195513 (2022) Kat:3, Licht: 0,195513,3,3,5,02,15,1,1,0,0,1,0,0,0,0
"POINT (8.470835591000030 49.490911031000103)",Unfall 195521 (2022) Kat:3, Licht: 2,195521,3,6,2,01,18,7,0,2,1,1,0,0,0,0
"POINT (8.482077070000059 49.523454884000003)",Unfall 195546 (2022) Kat:3, Licht: 2,195546,3,6,4,01,17,4,0,2,1,0,0,0,0,0
"POINT (8.467065661000049 49.502994006000101)",Unfall 195548 (2022) Kat:3, Licht: 2,195548,3,3,5,01,17,7,0,2,0,1,0,0,0,0
"POINT (8.490138813000041 49.478316237000101)",Unfall 195552 (2022) Kat:2, Licht: 0,195552,2,2,4,01,07,7,0,0,1,1,0,0,0,0
"POINT (8.509081383000019 49.519232625000001)",Unfall 195554 (2022) Kat:3, Licht: 0,195554,3,6,2,02,15,2,0,0,0,1,0,0,0,0
"POINT (8.506776302000050 49.502266595000002)",Unfall 195565 (2022) Kat:3, Licht: 2,195565,3,5,1,01,05,5,0,2,0,1,0,1,0,0
"POINT (8.496637694000070 49.530656470000103)",Unfall 195591 (2022) Kat:3, Licht: 0,195591,3,4,6,01,14,7,0,0,1,0,1,0,0,0
"POINT (8.482049361000071 49.478904714000102)",Unfall 195595 (2022) Kat:3, Licht: 0,195595,3,3,5,01,08,5,0,0,1,1,0,0,0,0
"POINT (8.457183073000071 49.551392984000103)",Unfall 195598 (2022) Kat:3, Licht: 0,195598,3,2,4,02,11,7,0,0,1,1,0,0,0,0
"POINT (8.471552820000060 49.472273821999998)",Unfall 195600 (2022) Kat:3, Licht: 0,195600,3,7,0,01,16,3,0,0,1,0,0,0,0,0
"POINT (8.481753429000040 49.531941666000101)",Unfall 195602 (2022) Kat:3, Licht: 2,195602,3,4,0,01,06,4,1,2,0,0,1,0,0,1
"POINT (8.482781155000049 49.495992475999998)",Unfall 195610 (2022) Kat:3, Licht: 0,195610,3,3,5,01,16,5,1,0,0,1,0,0,0,0
"POINT (8.489117669000050 49.528892644999999)",Unfall 195612 (2022) Kat:3, Licht: 0,195612,3,5,1,01,07,3,0,0,0,1,0,0,0,0
"POINT (8.554484297000039 49.466394235000102)",Unfall 195636 (2022) Kat:3, Licht: 0,195636,3,7,4,01,09,2,0,0,0,1,0,0,0,0
"POINT (8.502657061000040 49.449205792000001)",Unfall 195665 (2022) Kat:3, Licht: 1,195665,3,2,4,02,17,2,0,1,1,1,0,0,0,0
"POINT (8.495543458000039 49.453062500999998)",Unfall 195693 (2022) Kat:3, Licht: 0,195693,3,6,3,01,14,4,0,0,0,1,0,0,0,0
"POINT (8.489604338000049 49.505398238000097)",Unfall 195722 (2022) Kat:3, Licht: 1,195722,3,5,5,01,17,4,0,1,1,1,0,0,0,0
"POINT (8.470239744000031 49.503496074000097)",Unfall 195725 (2022) Kat:3, Licht: 2,195725,3,4,0,02,20,4,0,2,0,0,1,0,0,1
"POINT (8.469482471000051 49.464770621000099)",Unfall 195730 (2022) Kat:3, Licht: 2,195730,3,2,6,01,20,5,1,2,0,0,1,0,0,1
"POINT (8.493767621000069 49.456395645000001)",Unfall 195746 (2022) Kat:3, Licht: 0,195746,3,3,5,01,13,7,0,0,1,1,0,0,0,0
"POINT (8.471171291000079 49.479321153000100)",Unfall 195773 (2022) Kat:3, Licht: 2,195773,3,4,6,01,21,4,0,2,0,1,1,0,0,0
"POINT (8.466332594000050 49.484256591000097)",Unfall 195800 (2022) Kat:3, Licht: 2,195800,3,3,5,02,18,7,0,2,0,1,0,0,0,0
"POINT (8.475422374000059 49.485046887000102)",Unfall 195807 (2022) Kat:2, Licht: 1,195807,2,2,6,01,17,6,0,1,0,1,1,0,0,0
"POINT (8.509479195000040 49.445931335000097)",Unfall 195830 (2022) Kat:3, Licht: 1,195830,3,2,5,02,07,4,0,1,0,1,0,0,0,0
"POINT (8.503488124000061 49.503056164000000)",Unfall 195860 (2022) Kat:3, Licht: 0,195860,3,3,1,01,13,6,0,0,1,0,0,0,0,1
"POINT (8.447268538000060 49.541668496000099)",Unfall 195867 (2022) Kat:3, Licht: 0,195867,3,3,5,01,15,2,0,0,1,1,0,0,0,0
"POINT (8.471787688000060 49.492972059000103)",Unfall 195874 (2022) Kat:3, Licht: 0,195874,3,6,2,01,12,1,0,0,0,1,0,0,0,0
"POINT (8.479084766000030 49.489820062000000)",Unfall 195880 (2022) Kat:3, Licht: 2,195880,3,6,1,02,17,4,0,2,0,1,0,0,0,0
"POINT (8.475433268000071 49.486020591000099)",Unfall 195884 (2022) Kat:3, Licht: 2,195884,3,7,0,01,20,6,1,2,0,0,0,1,0,1
"POINT (8.475573530000080 49.496290836000099)",Unfall 195887 (2022) Kat:3, Licht: 0,195887,3,7,0,01,13,4,0,0,0,1,1,0,0,0
"POINT (8.498093214000050 49.450918946999998)",Unfall 195928 (2022) Kat:3, Licht: 0,195928,3,6,1,02,13,4,0,0,0,1,0,1,0,0
"POINT (8.457162852000071 49.551388047000003)",Unfall 195955 (2022) Kat:3, Licht: 2,195955,3,2,5,02,18,2,0,2,0,1,0,0,0,0
"POINT (8.485973191000030 49.525773729000001)",Unfall 196010 (2022) Kat:3, Licht: 2,196010,3,5,1,02,20,5,0,2,1,1,0,0,0,0
"POINT (8.488463410000071 49.527871375000103)",Unfall 196025 (2022) Kat:3, Licht: 0,196025,3,2,2,01,11,3,1,0,0,1,0,0,0,0
"POINT (8.457014927000049 49.493728754000102)",Unfall 196067 (2022) Kat:3, Licht: 0,196067,3,4,6,02,16,3,0,0,0,0,1,0,0,1
"POINT (8.470045996000071 49.505533032000102)",Unfall 196076 (2022) Kat:2, Licht: 0,196076,2,4,6,01,15,6,0,0,0,1,1,0,0,0
"POINT (8.483915603000071 49.468624134999999)",Unfall 196082 (2022) Kat:3, Licht: 2,196082,3,7,3,02,18,3,1,2,0,1,0,0,0,1
"POINT (8.455598707000039 49.486992151000003)",Unfall 196102 (2022) Kat:2, Licht: 0,196102,2,2,5,01,14,2,0,0,0,1,0,0,1,0
"POINT (8.485925104000049 49.513348593000003)",Unfall 196104 (2022) Kat:3, Licht: 0,196104,3,7,0,02,07,3,0,0,0,0,0,1,0,0
"POINT (8.470894950000060 49.501215968000103)",Unfall 196109 (2022) Kat:3, Licht: 2,196109,3,7,3,01,17,7,0,2,0,1,0,0,0,1
"POINT (8.463919833000030 49.485177609000097)",Unfall 196119 (2022) Kat:3, Licht: 0,196119,3,2,5,02,13,3,0,0,0,1,0,0,0,1
"POINT (8.469920663000041 49.504741830000100)",Unfall 196134 (2022) Kat:3, Licht: 2,196134,3,6,3,01,00,1,0,2,0,1,0,0,0,0
"POINT (8.468761358000050 49.491789834000002)",Unfall 196145 (2022) Kat:3, Licht: 0,196145,3,6,3,01,10,2,0,0,1,1,0,0,0,0
"POINT (8.472264018000031 49.488219785000098)",Unfall 196154 (2022) Kat:3, Licht: 2,196154,3,4,6,01,17,4,0,2,0,1,1,0,0,0
"POINT (8.464853852000029 49.486294106000102)",Unfall 196216 (2022) Kat:3, Licht: 0,196216,3,3,6,03,17,3,0,0,0,0,1,0,0,1
"POINT (8.479494039000031 49.497858237999999)",Unfall 196224 (2022) Kat:3, Licht: 0,196224,3,7,0,03,16,5,0,0,1,0,0,0,0,0
"POINT (8.549376584000070 49.489789057999999)",Unfall 196230 (2022) Kat:3, Licht: 0,196230,3,1,0,02,16,3,1,0,0,0,0,1,0,0
"POINT (8.470410114000060 49.502767851999998)",Unfall 196232 (2022) Kat:3, Licht: 0,196232,3,6,1,03,12,4,0,0,0,1,0,0,0,0
"POINT (8.541599500000070 49.519911482000097)",Unfall 196240 (2022) Kat:3, Licht: 0,196240,3,1,0,03,16,4,0,0,0,0,0,1,0,0
"POINT (8.485990571000061 49.473737610000100)",Unfall 196313 (2022) Kat:3, Licht: 0,196313,3,6,0,03,11,3,0,0,0,0,0,0,0,1
"POINT (8.536843683000029 49.518623816999998)",Unfall 196362 (2022) Kat:3, Licht: 0,196362,3,6,0,03,07,3,0,0,0,1,0,0,0,1
"POINT (8.470548478000071 49.487906608000102)",Unfall 196402 (2022) Kat:3, Licht: 0,196402,3,4,6,02,12,5,0,0,0,1,1,0,0,0
"POINT (8.488098570000030 49.529047290000101)",Unfall 196411 (2022) Kat:3, Licht: 0,196411,3,3,5,03,13,4,0,0,1,1,0,0,0,0
"POINT (8.472968194000030 49.492409756000001)",Unfall 196415 (2022) Kat:3, Licht: 0,196415,3,2,3,02,16,2,0,0,0,1,0,0,0,1
"POINT (8.467526199000080 49.490456854000101)",Unfall 196422 (2022) Kat:3, Licht: 0,196422,3,5,3,03,11,7,0,0,1,1,0,0,0,0
"POINT (8.491454201000071 49.496979402000100)",Unfall 196455 (2022) Kat:3, Licht: 0,196455,3,4,6,03,17,6,0,0,0,0,1,0,0,1
"POINT (8.475203466000041 49.496604828000002)",Unfall 196457 (2022) Kat:2, Licht: 0,196457,2,5,0,03,11,7,0,0,1,1,0,0,0,0
"POINT (8.472465655000059 49.497206341999998)",Unfall 196474 (2022) Kat:3, Licht: 0,196474,3,6,2,03,08,5,0,0,0,0,0,0,0,1
"POINT (8.470624583000070 49.508669924000102)",Unfall 196483 (2022) Kat:3, Licht: 2,196483,3,3,5,02,02,1,0,2,0,1,0,0,0,0
"POINT (8.470346255000040 49.508638881000103)",Unfall 196497 (2022) Kat:3, Licht: 0,196497,3,5,3,03,12,1,0,0,1,1,0,0,0,0
"POINT (8.488052554000030 49.502042280000097)",Unfall 196509 (2022) Kat:2, Licht: 2,196509,2,4,6,03,20,7,0,2,0,1,1,0,0,0
"POINT (8.455700853000049 49.486980947000099)",Unfall 196525 (2022) Kat:3, Licht: 0,196525,3,2,3,02,10,6,0,0,1,0,0,0,1,0
"POINT (8.449854168000060 49.555586317000099)",Unfall 196526 (2022) Kat:3, Licht: 0,196526,3,6,1,03,17,5,0,0,0,1,0,0,0,0
"POINT (8.531762998000030 49.432288933000102)",Unfall 196532 (2022) Kat:3, Licht: 0,196532,3,3,5,03,08,4,1,0,0,1,0,0,0,0
"POINT (8.473569632000020 49.484208001000098)",Unfall 196576 (2022) Kat:3, Licht: 0,196576,3,7,0,03,08,6,1,0,0,0,1,0,0,1
"POINT (8.465823132000031 49.487336565000099)",Unfall 196587 (2022) Kat:3, Licht: 0,196587,3,1,0,03,16,6,0,0,0,0,0,0,0,1
"POINT (8.487719261000050 49.488452324999997)",Unfall 196603 (2022) Kat:2, Licht: 0,196603,2,6,5,03,07,3,0,0,0,1,0,0,0,0
"POINT (8.537287539000030 49.454557047000002)",Unfall 196617 (2022) Kat:3, Licht: 0,196617,3,4,0,03,12,7,0,0,1,0,1,0,0,0
"POINT (8.489413261000040 49.495752391000103)",Unfall 196626 (2022) Kat:3, Licht: 0,196626,3,2,5,02,17,4,0,0,1,1,0,0,0,0
"POINT (8.469919059000061 49.481616922000100)",Unfall 196629 (2022) Kat:3, Licht: 0,196629,3,6,1,02,16,2,1,0,0,1,0,0,0,0
"POINT (8.507970495000050 49.512184050000002)",Unfall 196632 (2022) Kat:3, Licht: 0,196632,3,6,1,02,08,3,0,0,0,1,0,1,0,0
"POINT (8.469328981000050 49.487448295000000)",Unfall 196635 (2022) Kat:3, Licht: 0,196635,3,2,3,03,18,3,0,0,1,1,0,0,0,0
"POINT (8.523506754000040 49.438539825000099)",Unfall 196643 (2022) Kat:3, Licht: 2,196643,3,3,5,03,23,5,0,2,0,1,0,0,0,0
"POINT (8.528265206000070 49.512004650999998)",Unfall 196649 (2022) Kat:3, Licht: 0,196649,3,3,5,02,17,3,0,0,0,1,0,0,0,0
"POINT (8.477676875000039 49.478426632999998)",Unfall 196652 (2022) Kat:2, Licht: 0,196652,2,2,6,03,15,6,0,0,0,1,1,0,0,0
"POINT (8.527658378000069 49.508272846000096)",Unfall 196657 (2022) Kat:3, Licht: 0,196657,3,3,5,03,13,7,0,0,0,1,0,1,0,0
"POINT (8.562119294000070 49.460817820000003)",Unfall 196659 (2022) Kat:3, Licht: 0,196659,3,7,1,02,14,4,0,0,0,1,0,0,0,0
"POINT (8.449621931000021 49.549567764000102)",Unfall 196685 (2022) Kat:3, Licht: 0,196685,3,7,1,02,15,1,0,0,0,1,0,0,0,0
"POINT (8.496184929000041 49.503868662999999)",Unfall 196694 (2022) Kat:3, Licht: 0,196694,3,1,0,03,15,6,0,0,1,0,0,0,0,0
"POINT (8.478063983000030 49.489966279000001)",Unfall 196736 (2022) Kat:3, Licht: 0,196736,3,2,4,03,08,5,0,0,1,1,0,0,0,0
"POINT (8.487233690000039 49.522152071000100)",Unfall 196764 (2022) Kat:3, Licht: 0,196764,3,6,2,02,13,6,0,0,0,1,0,0,0,0
"POINT (8.491942728000030 49.515432828000002)",Unfall 196768 (2022) Kat:3, Licht: 0,196768,3,3,5,03,15,2,0,0,1,1,0,0,0,0
"POINT (8.464005105000069 49.475182946000103)",Unfall 196861 (2022) Kat:3, Licht: 0,196861,3,1,0,03,17,4,0,0,1,0,0,0,0,0
"POINT (8.472325773000019 49.497046625000102)",Unfall 196863 (2022) Kat:3, Licht: 0,196863,3,4,6,02,08,6,0,0,0,1,1,0,0,0
"POINT (8.471702742000049 49.492629690999998)",Unfall 196869 (2022) Kat:3, Licht: 0,196869,3,3,5,03,12,7,0,0,1,0,0,1,0,0
"POINT (8.481086240000019 49.539125480999999)",Unfall 196886 (2022) Kat:3, Licht: 0,196886,3,3,5,03,09,3,0,0,1,1,0,0,0,0
"POINT (8.516215312000041 49.507447403000100)",Unfall 196888 (2022) Kat:3, Licht: 0,196888,3,7,6,03,14,2,0,0,0,1,1,0,0,0
"POINT (8.501070104000060 49.452856494000102)",Unfall 196892 (2022) Kat:3, Licht: 2,196892,3,5,1,03,23,5,0,2,0,1,0,1,0,0
"POINT (8.528250888000059 49.506173355000001)",Unfall 196897 (2022) Kat:3, Licht: 0,196897,3,6,1,03,13,7,0,0,0,1,0,0,0,1
"POINT (8.470894243000030 49.501994693000000)",Unfall 196904 (2022) Kat:3, Licht: 0,196904,3,3,5,03,13,4,0,0,1,1,0,0,0,0
"POINT (8.463425662000081 49.489660063000002)",Unfall 196918 (2022) Kat:3, Licht: 2,196918,3,3,5,02,21,3,0,2,0,1,0,0,0,0
"POINT (8.487265720000041 49.455324760000103)",Unfall 196951 (2022) Kat:3, Licht: 0,196951,3,1,0,03,15,4,0,0,1,0,0,0,0,0
"POINT (8.570070602000040 49.456710022000003)",Unfall 196966 (2022) Kat:3, Licht: 0,196966,3,6,2,03,07,6,0,0,0,1,0,0,0,0
"POINT (8.488376631000049 49.500290829999997)",Unfall 197010 (2022) Kat:3, Licht: 0,197010,3,6,3,03,12,6,0,0,1,0,0,0,0,0
"POINT (8.575925460000059 49.446840014000003)",Unfall 197014 (2022) Kat:3, Licht: 2,197014,3,2,5,03,21,6,0,2,0,1,0,0,0,0
"POINT (8.501308914000051 49.489264419000101)",Unfall 197059 (2022) Kat:3, Licht: 2,197059,3,1,0,02,05,3,0,2,0,0,0,0,0,1
"POINT (8.484941174000030 49.484451708000101)",Unfall 197062 (2022) Kat:3, Licht: 0,197062,3,3,5,03,15,3,0,0,1,0,0,0,0,1
"POINT (8.463733227000031 49.488796237000003)",Unfall 197066 (2022) Kat:3, Licht: 0,197066,3,3,5,02,15,4,0,0,0,1,0,0,0,1
"POINT (8.488172331000040 49.463533815000098)",Unfall 197126 (2022) Kat:3, Licht: 0,197126,3,4,6,03,12,4,0,0,0,1,1,0,0,0
"POINT (8.473600483000039 49.491977136000102)",Unfall 197173 (2022) Kat:3, Licht: 1,197173,3,4,6,03,20,4,0,1,0,1,1,0,0,0
"POINT (8.447139895000021 49.542636527000099)",Unfall 197182 (2022) Kat:3, Licht: 0,197182,3,5,1,03,15,7,0,0,1,1,0,0,0,0
"POINT (8.481418745000040 49.475023675999999)",Unfall 197183 (2022) Kat:3, Licht: 0,197183,3,5,1,03,17,3,0,0,1,1,0,0,0,0
"POINT (8.466316013000039 49.484262721999997)",Unfall 197200 (2022) Kat:3, Licht: 0,197200,3,3,5,03,15,4,0,0,0,1,0,0,0,0
"POINT (8.537091247000030 49.483856578000001)",Unfall 197204 (2022) Kat:3, Licht: 0,197204,3,3,5,02,15,2,0,0,1,1,0,0,0,0
"POINT (8.510140282000069 49.516950612000102)",Unfall 197232 (2022) Kat:3, Licht: 2,197232,3,3,5,04,21,1,0,2,0,1,0,0,0,0
"POINT (8.470498479000071 49.483761481000002)",Unfall 197244 (2022) Kat:3, Licht: 0,197244,3,6,0,03,17,1,0,0,1,1,0,0,0,0
"POINT (8.481485259000070 49.527860169000100)",Unfall 197305 (2022) Kat:3, Licht: 0,197305,3,3,5,04,06,6,0,0,1,1,0,0,0,0
"POINT (8.569080975000080 49.461300307000002)",Unfall 197331 (2022) Kat:3, Licht: 0,197331,3,6,2,03,14,7,0,0,0,1,0,0,0,0
"POINT (8.478504643000059 49.477611232000100)",Unfall 197369 (2022) Kat:3, Licht: 0,197369,3,6,1,04,14,1,0,0,1,1,0,0,0,0
"POINT (8.484872875000059 49.535632686000000)",Unfall 197372 (2022) Kat:2, Licht: 0,197372,2,4,6,04,14,5,0,0,0,0,1,1,0,0
"POINT (8.451289386000040 49.537785261000103)",Unfall 197376 (2022) Kat:3, Licht: 2,197376,3,6,3,03,00,3,0,2,0,1,0,1,0,0
"POINT (8.490808563000030 49.530899521999999)",Unfall 197386 (2022) Kat:3, Licht: 0,197386,3,1,0,04,11,5,0,0,1,0,0,0,0,0
"POINT (8.484436475000050 49.483166806000000)",Unfall 197398 (2022) Kat:3, Licht: 0,197398,3,3,5,04,15,6,1,0,0,1,0,0,0,0
"POINT (8.488154211000049 49.463557083000097)",Unfall 197435 (2022) Kat:3, Licht: 0,197435,3,4,6,04,16,5,0,0,0,1,1,0,0,0
"POINT (8.484308016000060 49.468127772999999)",Unfall 197445 (2022) Kat:3, Licht: 0,197445,3,3,5,03,16,1,0,0,1,1,0,0,0,0
"POINT (8.491845262000030 49.477914689999999)",Unfall 197456 (2022) Kat:3, Licht: 2,197456,3,3,5,04,21,4,0,2,0,1,0,0,0,0
"POINT (8.502488216000071 49.533776035000102)",Unfall 197489 (2022) Kat:3, Licht: 0,197489,3,3,5,04,12,2,0,0,0,1,0,0,0,0
"POINT (8.490729840000030 49.483060197000000)",Unfall 197501 (2022) Kat:3, Licht: 0,197501,3,3,5,04,15,4,0,0,1,1,0,0,0,0
"POINT (8.478665098000020 49.497958699999998)",Unfall 197503 (2022) Kat:3, Licht: 0,197503,3,3,5,04,15,3,0,0,1,1,0,0,0,0
"POINT (8.475997449000030 49.496921438000101)",Unfall 197523 (2022) Kat:2, Licht: 2,197523,2,1,0,03,02,5,0,2,0,0,0,0,0,1
"POINT (8.483356162000060 49.513596077000003)",Unfall 197550 (2022) Kat:3, Licht: 1,197550,3,6,1,04,04,6,0,1,0,1,0,0,0,0
"POINT (8.468867579000060 49.487561678000098)",Unfall 197567 (2022) Kat:3, Licht: 2,197567,3,5,1,04,00,1,0,2,1,1,0,0,0,0
"POINT (8.476368359000050 49.484687187000098)",Unfall 197579 (2022) Kat:3, Licht: 0,197579,3,2,5,04,17,1,0,0,1,1,0,0,0,0
"POINT (8.496069623000039 49.529934255000100)",Unfall 197615 (2022) Kat:2, Licht: 0,197615,2,3,5,04,17,4,0,0,0,1,0,0,0,1
"POINT (8.456916313000020 49.491533205000103)",Unfall 197616 (2022) Kat:3, Licht: 0,197616,3,1,8,04,15,5,0,0,1,0,0,0,0,0
"POINT (8.478950492000020 49.482898392999999)",Unfall 197619 (2022) Kat:3, Licht: 0,197619,3,1,0,04,20,1,0,0,1,0,0,0,0,0
"POINT (8.552567859000019 49.468951023000002)",Unfall 197622 (2022) Kat:3, Licht: 0,197622,3,3,5,03,06,6,0,0,1,1,0,0,0,0
"POINT (8.466682447000039 49.481522305000098)",Unfall 197669 (2022) Kat:2, Licht: 0,197669,2,7,0,04,13,4,0,0,0,0,0,0,0,1
"POINT (8.485074866000049 49.455749402999999)",Unfall 197734 (2022) Kat:3, Licht: 0,197734,3,3,5,04,16,5,0,0,0,1,0,0,0,0
"POINT (8.483196368000050 49.479851861000000)",Unfall 197778 (2022) Kat:2, Licht: 0,197778,2,7,4,03,16,5,0,0,1,1,0,0,0,0
"POINT (8.497422160000040 49.453509017000002)",Unfall 197826 (2022) Kat:3, Licht: 0,197826,3,5,1,04,16,5,0,0,1,1,0,0,0,0
"POINT (8.473045020000029 49.495061312000097)",Unfall 197876 (2022) Kat:3, Licht: 0,197876,3,6,3,04,14,6,0,0,0,1,0,0,0,1
"POINT (8.528584318000069 49.507578422999998)",Unfall 197884 (2022) Kat:2, Licht: 2,197884,2,4,6,04,21,5,0,2,0,1,1,0,0,0
"POINT (8.476509104000060 49.479246260000103)",Unfall 197888 (2022) Kat:3, Licht: 0,197888,3,4,6,03,13,4,1,0,0,1,1,0,0,0
"POINT (8.481047126000020 49.481759906999997)",Unfall 197946 (2022) Kat:3, Licht: 0,197946,3,6,3,04,16,2,0,0,0,0,0,1,0,1
"POINT (8.453552424000071 49.486117661000002)",Unfall 197952 (2022) Kat:3, Licht: 2,197952,3,1,8,04,23,4,0,2,0,1,0,0,0,0
"POINT (8.445810679000029 49.544198822000098)",Unfall 197991 (2022) Kat:3, Licht: 0,197991,3,3,5,04,15,3,0,0,1,1,0,0,0,0
"POINT (8.523869987000070 49.488339853000099)",Unfall 198026 (2022) Kat:3, Licht: 0,198026,3,6,2,04,09,4,0,0,0,1,0,0,0,0
"POINT (8.488049110000080 49.522877307999998)",Unfall 198062 (2022) Kat:3, Licht: 0,198062,3,3,0,04,15,5,0,0,0,1,1,0,0,0
"POINT (8.477279838000070 49.454001750000003)",Unfall 198063 (2022) Kat:3, Licht: 0,198063,3,3,5,04,12,4,0,0,1,1,0,0,0,0
"POINT (8.486316307000040 49.474362188999997)",Unfall 198105 (2022) Kat:3, Licht: 0,198105,3,3,5,03,11,7,0,0,1,1,0,0,0,0
"POINT (8.464255002000071 49.518194817999998)",Unfall 198108 (2022) Kat:3, Licht: 0,198108,3,6,2,04,13,6,1,0,0,1,0,0,1,0
"POINT (8.487196460000060 49.513019512000000)",Unfall 198113 (2022) Kat:3, Licht: 0,198113,3,6,1,03,14,6,0,0,0,1,0,0,0,0
"POINT (8.471284746000039 49.479364832999998)",Unfall 198133 (2022) Kat:3, Licht: 0,198133,3,7,0,04,13,5,0,0,1,1,0,0,0,0
"POINT (8.465898775000030 49.486839897000003)",Unfall 198182 (2022) Kat:3, Licht: 0,198182,3,4,0,03,17,4,0,0,0,0,1,0,0,1
"POINT (8.449453273000071 49.540712143000100)",Unfall 198221 (2022) Kat:2, Licht: 0,198221,2,3,5,04,06,5,0,0,1,0,0,0,0,1
"POINT (8.477281289000080 49.527251335000102)",Unfall 198223 (2022) Kat:3, Licht: 0,198223,3,4,6,04,13,3,0,0,0,1,1,0,0,0
"POINT (8.473650311000030 49.496798454000000)",Unfall 198245 (2022) Kat:2, Licht: 0,198245,2,4,6,05,18,6,0,0,0,1,1,0,0,0
"POINT (8.476706127000060 49.499772898000103)",Unfall 198257 (2022) Kat:3, Licht: 0,198257,3,7,0,05,18,1,1,0,1,1,0,0,0,0
"POINT (8.481630083000031 49.495585980999998)",Unfall 198265 (2022) Kat:3, Licht: 0,198265,3,7,6,05,08,3,0,0,1,0,1,0,0,0
"POINT (8.505171601000029 49.443302922000001)",Unfall 198274 (2022) Kat:3, Licht: 0,198274,3,7,0,04,07,2,0,0,1,0,0,0,0,0
"POINT (8.486470527000050 49.513211464000101)",Unfall 198303 (2022) Kat:3, Licht: 0,198303,3,6,1,05,14,4,0,0,0,1,0,0,0,0
"POINT (8.482107045000021 49.512413674000101)",Unfall 198319 (2022) Kat:2, Licht: 0,198319,2,3,5,05,15,2,0,0,1,1,0,0,0,0
"POINT (8.473698805000030 49.483763978000098)",Unfall 198329 (2022) Kat:3, Licht: 0,198329,3,2,5,04,16,4,0,0,1,0,0,1,0,0
"POINT (8.511994585000020 49.505249456999998)",Unfall 198349 (2022) Kat:3, Licht: 0,198349,3,6,2,05,14,6,0,0,1,1,0,0,0,0
"POINT (8.479925981000060 49.471662840000100)",Unfall 198364 (2022) Kat:2, Licht: 0,198364,2,7,0,05,18,1,0,0,1,0,0,0,0,0
"POINT (8.484555481000029 49.468036716000000)",Unfall 198371 (2022) Kat:3, Licht: 0,198371,3,3,5,05,16,6,0,0,1,1,0,0,0,0
"POINT (8.470355736000039 49.492260117999997)",Unfall 198373 (2022) Kat:3, Licht: 2,198373,3,7,0,05,00,7,0,2,1,0,0,0,0,0
"POINT (8.486810522000040 49.476349210000102)",Unfall 198381 (2022) Kat:3, Licht: 0,198381,3,2,5,05,16,4,0,0,1,1,0,0,0,0
"POINT (8.488771244000080 49.498304026000000)",Unfall 198423 (2022) Kat:3, Licht: 0,198423,3,3,5,05,15,2,0,0,1,1,0,0,0,0
"POINT (8.493840058000050 49.524398039000097)",Unfall 198429 (2022) Kat:3, Licht: 0,198429,3,2,5,05,10,5,0,0,0,1,0,0,0,0
"POINT (8.524538614000051 49.474476402999997)",Unfall 198441 (2022) Kat:3, Licht: 0,198441,3,3,0,05,14,3,0,0,1,1,0,0,0,0
"POINT (8.492388088000039 49.511748224000002)",Unfall 198545 (2022) Kat:3, Licht: 0,198545,3,6,2,05,14,2,0,0,0,1,0,0,0,0
"POINT (8.465500525000040 49.490934995000003)",Unfall 198556 (2022) Kat:3, Licht: 0,198556,3,5,1,05,19,7,0,0,1,1,0,0,0,1
"POINT (8.546499912000060 49.501722879000098)",Unfall 198561 (2022) Kat:3, Licht: 0,198561,3,2,5,05,14,5,0,0,1,1,0,0,0,0
"POINT (8.463928146000059 49.485174391000001)",Unfall 198563 (2022) Kat:3, Licht: 0,198563,3,7,5,05,06,3,0,0,1,1,0,0,0,0
"POINT (8.492145840000029 49.506756908000099)",Unfall 198569 (2022) Kat:2, Licht: 0,198569,2,1,9,04,08,5,0,0,1,0,0,0,0,0
"POINT (8.469820340000069 49.496599764000102)",Unfall 198572 (2022) Kat:3, Licht: 0,198572,3,1,0,04,07,3,1,0,1,0,0,0,0,0
"POINT (8.469825430000069 49.501417605000000)",Unfall 198585 (2022) Kat:3, Licht: 0,198585,3,5,1,04,14,6,0,0,1,1,0,0,0,0
"POINT (8.466326735000051 49.473618282000103)",Unfall 198593 (2022) Kat:3, Licht: 0,198593,3,5,1,05,13,2,0,0,1,1,0,0,0,0
"POINT (8.490288093000061 49.460799587000103)",Unfall 198627 (2022) Kat:3, Licht: 0,198627,3,2,5,05,14,6,0,0,0,1,0,0,0,1
"POINT (8.542944776000070 49.517440023000098)",Unfall 198633 (2022) Kat:3, Licht: 0,198633,3,6,2,04,16,4,0,0,0,1,0,0,0,0
"POINT (8.479081765000050 49.535504493000097)",Unfall 198641 (2022) Kat:2, Licht: 0,198641,2,3,5,05,15,2,0,0,0,1,0,1,1,0
"POINT (8.483212812000030 49.480917965000103)",Unfall 198649 (2022) Kat:3, Licht: 0,198649,3,6,2,04,07,5,0,0,0,1,0,0,0,0
"POINT (8.506065920000029 49.507620207999999)",Unfall 198748 (2022) Kat:3, Licht: 0,198748,3,7,3,05,13,1,0,0,0,1,0,1,0,0
"POINT (8.495531673000070 49.528278086999997)",Unfall 198750 (2022) Kat:3, Licht: 0,198750,3,3,5,05,08,4,0,0,0,1,0,0,0,1
"POINT (8.468793912000020 49.493871167000101)",Unfall 198756 (2022) Kat:3, Licht: 1,198756,3,6,2,05,21,6,0,1,0,1,0,0,0,0
"POINT (8.488302695000071 49.463594858000100)",Unfall 198771 (2022) Kat:3, Licht: 0,198771,3,2,3,05,15,6,0,0,1,0,0,0,1,0
"POINT (8.469839123000041 49.505714765000100)",Unfall 198775 (2022) Kat:3, Licht: 0,198775,3,5,1,05,08,3,0,0,0,1,0,0,0,0
"POINT (8.477285402000060 49.499489441999998)",Unfall 198797 (2022) Kat:3, Licht: 0,198797,3,3,5,04,18,2,0,0,0,1,0,1,0,0
"POINT (8.462841639000031 49.449499234000001)",Unfall 198920 (2022) Kat:3, Licht: 2,198920,3,7,7,05,21,4,0,2,1,0,0,0,0,1
"POINT (8.459903568000071 49.491047353000098)",Unfall 198930 (2022) Kat:3, Licht: 0,198930,3,5,1,05,12,2,0,0,1,1,0,0,0,0
"POINT (8.483700665000070 49.469399453999998)",Unfall 198939 (2022) Kat:3, Licht: 0,198939,3,6,2,05,12,3,0,0,0,1,0,0,0,0
"POINT (8.545907023000041 49.492277082999998)",Unfall 198943 (2022) Kat:2, Licht: 0,198943,2,7,0,05,15,1,0,0,1,0,0,0,0,0
"POINT (8.470520993000040 49.502140820000101)",Unfall 198986 (2022) Kat:3, Licht: 1,198986,3,6,4,05,21,3,0,1,1,0,0,0,0,1
"POINT (8.470099643000029 49.532478083999997)",Unfall 199014 (2022) Kat:3, Licht: 0,199014,3,2,5,05,05,6,0,0,0,1,0,0,0,1
"POINT (8.481764341000030 49.531953569999999)",Unfall 199047 (2022) Kat:1, Licht: 0,199047,1,2,3,05,10,3,0,0,1,0,0,0,1,0
"POINT (8.517294264000039 49.513033436000100)",Unfall 199061 (2022) Kat:3, Licht: 0,199061,3,7,0,05,11,5,0,0,0,1,0,0,0,1
"POINT (8.453824692000071 49.486335375000102)",Unfall 199104 (2022) Kat:3, Licht: 0,199104,3,2,2,05,15,2,0,0,1,1,0,0,0,0
"POINT (8.470093292000060 49.505527029000099)",Unfall 199112 (2022) Kat:3, Licht: 0,199112,3,4,6,04,15,7,1,0,0,1,1,0,0,0
"POINT (8.458061786000030 49.491661213999997)",Unfall 199142 (2022) Kat:3, Licht: 0,199142,3,3,5,04,10,4,0,0,1,0,0,0,0,0
"POINT (8.495918755000050 49.452889857999999)",Unfall 199149 (2022) Kat:2, Licht: 0,199149,2,2,1,05,13,3,0,0,0,0,0,1,1,0
"POINT (8.488156407000080 49.529275753000000)",Unfall 199159 (2022) Kat:3, Licht: 0,199159,3,2,5,05,05,2,0,0,0,1,0,1,0,0
"POINT (8.482763936000030 49.481212233000100)",Unfall 199165 (2022) Kat:3, Licht: 0,199165,3,3,5,04,11,2,0,0,0,1,0,0,0,0
"POINT (8.505618943000060 49.476485777999997)",Unfall 199166 (2022) Kat:2, Licht: 0,199166,2,6,3,05,06,4,0,0,1,1,0,0,0,0
"POINT (8.471855592000050 49.546636294000102)",Unfall 199176 (2022) Kat:2, Licht: 0,199176,2,5,5,05,16,5,0,0,1,1,0,0,0,0
"POINT (8.523495061000061 49.436003400000097)",Unfall 199199 (2022) Kat:3, Licht: 2,199199,3,3,5,04,20,5,0,2,0,1,0,0,0,0
"POINT (8.525557708000060 49.490653422000001)",Unfall 199216 (2022) Kat:3, Licht: 0,199216,3,2,1,04,13,6,0,0,1,1,0,0,0,0
"POINT (8.495734075000030 49.453067267000101)",Unfall 199235 (2022) Kat:3, Licht: 0,199235,3,3,5,05,13,2,0,0,1,1,0,0,0,0
"POINT (8.493624703000020 49.456778476000103)",Unfall 199265 (2022) Kat:3, Licht: 0,199265,3,5,5,05,09,5,0,0,1,1,0,0,0,0
"POINT (8.550973862000030 49.511207382000102)",Unfall 199269 (2022) Kat:3, Licht: 0,199269,3,7,0,05,14,3,0,0,1,0,0,0,0,0
"POINT (8.470134248000020 49.504033260000000)",Unfall 199311 (2022) Kat:3, Licht: 2,199311,3,6,8,05,04,7,0,2,0,1,0,0,0,0
"POINT (8.482221145000040 49.509501918000097)",Unfall 199318 (2022) Kat:3, Licht: 0,199318,3,3,5,05,12,4,0,0,1,1,0,0,0,0
"POINT (8.488472443000029 49.454957729000100)",Unfall 199343 (2022) Kat:3, Licht: 0,199343,3,3,5,06,13,5,0,0,1,1,0,0,0,0
"POINT (8.506942826000060 49.447313358000002)",Unfall 199361 (2022) Kat:3, Licht: 0,199361,3,6,2,05,10,3,0,0,0,1,0,0,0,1
"POINT (8.575925460000059 49.446840014000003)",Unfall 199368 (2022) Kat:3, Licht: 0,199368,3,2,4,05,17,4,0,0,0,1,0,1,0,0
"POINT (8.505267639000071 49.494931088999998)",Unfall 199394 (2022) Kat:3, Licht: 2,199394,3,1,9,05,04,1,0,2,0,1,0,0,0,0
"POINT (8.485721452000060 49.506634313000099)",Unfall 199401 (2022) Kat:3, Licht: 0,199401,3,7,6,05,13,3,0,0,1,0,1,0,0,0
"POINT (8.493279325000060 49.453423906000097)",Unfall 199407 (2022) Kat:3, Licht: 0,199407,3,3,5,06,16,7,0,0,1,1,0,0,0,0
"POINT (8.533814454000041 49.432505632000101)",Unfall 199412 (2022) Kat:3, Licht: 0,199412,3,5,5,05,15,6,0,0,0,1,0,1,0,0
"POINT (8.478418999000040 49.460534956000103)",Unfall 199414 (2022) Kat:3, Licht: 0,199414,3,5,0,06,19,3,1,0,0,1,0,1,0,0
"POINT (8.501033930000061 49.454782475000101)",Unfall 199430 (2022) Kat:3, Licht: 0,199430,3,7,6,05,09,2,0,0,0,0,1,0,0,1
"POINT (8.554316002000061 49.497149890999999)",Unfall 199442 (2022) Kat:3, Licht: 0,199442,3,6,1,05,12,7,0,0,0,1,0,0,0,0
"POINT (8.491597669000040 49.477638016000100)",Unfall 199487 (2022) Kat:2, Licht: 0,199487,2,3,5,06,10,4,0,0,0,1,0,0,0,0
"POINT (8.471182684000039 49.490702190999997)",Unfall 199514 (2022) Kat:3, Licht: 0,199514,3,3,5,06,16,6,0,0,1,1,0,0,0,0
"POINT (8.485607195000060 49.489067126000101)",Unfall 199595 (2022) Kat:3, Licht: 0,199595,3,6,2,05,19,1,0,0,0,1,0,0,0,1
"POINT (8.469349152000060 49.487377242999997)",Unfall 199631 (2022) Kat:3, Licht: 0,199631,3,2,3,06,14,7,0,0,1,1,0,0,0,0
"POINT (8.489196421000029 49.462483335999998)",Unfall 199642 (2022) Kat:3, Licht: 0,199642,3,5,5,05,19,4,0,0,1,1,0,0,0,0
"POINT (8.483547866000039 49.477373260000000)",Unfall 199677 (2022) Kat:3, Licht: 0,199677,3,5,1,06,14,7,0,0,1,1,0,0,0,0
"POINT (8.536007833000040 49.420136346000000)",Unfall 199700 (2022) Kat:3, Licht: 0,199700,3,3,5,06,17,7,0,0,1,1,0,0,0,0
"POINT (8.462685782000049 49.485201203000003)",Unfall 199730 (2022) Kat:3, Licht: 0,199730,3,7,1,06,17,4,0,0,1,1,0,0,0,0
"POINT (8.446681952000059 49.545712578000099)",Unfall 199732 (2022) Kat:3, Licht: 0,199732,3,3,5,06,10,3,0,0,1,1,0,0,0,0
"POINT (8.476209141000030 49.482733033000002)",Unfall 199771 (2022) Kat:3, Licht: 0,199771,3,6,4,06,11,6,0,0,0,1,0,1,0,0
"POINT (8.482638078000040 49.478349170999998)",Unfall 199778 (2022) Kat:3, Licht: 2,199778,3,6,3,05,22,3,0,2,0,0,0,0,0,1
"POINT (8.489249084000051 49.460395117000097)",Unfall 199781 (2022) Kat:3, Licht: 0,199781,3,3,5,05,13,6,0,0,1,1,0,0,0,0
"POINT (8.538872564000030 49.452866127000000)",Unfall 199790 (2022) Kat:3, Licht: 1,199790,3,2,4,05,21,6,0,1,0,1,0,0,0,0
"POINT (8.574015441000030 49.439483961000100)",Unfall 199798 (2022) Kat:3, Licht: 0,199798,3,3,5,05,09,4,0,0,0,1,0,1,0,0
"POINT (8.472161320000049 49.519784749999999)",Unfall 199800 (2022) Kat:2, Licht: 0,199800,2,1,1,06,07,1,1,0,0,1,0,0,0,0
"POINT (8.495729014000061 49.450429178000000)",Unfall 199803 (2022) Kat:3, Licht: 0,199803,3,2,6,05,09,4,0,0,0,1,1,0,0,0
"POINT (8.477356093000029 49.462583269000000)",Unfall 199827 (2022) Kat:3, Licht: 0,199827,3,3,5,05,15,5,0,0,1,1,0,0,0,0
"POINT (8.495060738000060 49.518598720000099)",Unfall 199842 (2022) Kat:3, Licht: 0,199842,3,3,5,06,20,3,0,0,1,1,0,0,0,0
"POINT (8.468270568000040 49.529213593000101)",Unfall 199857 (2022) Kat:3, Licht: 0,199857,3,2,4,05,13,2,0,0,0,1,0,0,0,0
"POINT (8.495182491000040 49.452424135999998)",Unfall 199928 (2022) Kat:3, Licht: 0,199928,3,3,5,05,13,5,0,0,1,1,0,0,0,0
"POINT (8.484266475000030 49.456053687000100)",Unfall 199949 (2022) Kat:3, Licht: 0,199949,3,3,5,06,08,5,0,0,1,1,0,0,0,0
"POINT (8.467109591000050 49.485064524999999)",Unfall 199952 (2022) Kat:3, Licht: 0,199952,3,3,6,05,12,3,0,0,0,0,1,0,0,1
"POINT (8.487811267000041 49.484474509999998)",Unfall 199958 (2022) Kat:3, Licht: 0,199958,3,6,3,05,07,4,0,0,0,0,0,1,0,1
"POINT (8.456378867000071 49.488928641000001)",Unfall 199960 (2022) Kat:3, Licht: 0,199960,3,1,8,06,18,1,1,0,0,1,0,0,0,1
"POINT (8.468760806000031 49.493924934000098)",Unfall 199997 (2022) Kat:3, Licht: 0,199997,3,4,6,05,10,4,0,0,0,1,1,0,0,0
"POINT (8.485492276000061 49.489100209000100)",Unfall 200004 (2022) Kat:3, Licht: 2,200004,3,3,6,05,21,5,0,2,0,0,1,0,0,1
"POINT (8.567088398000070 49.449600918999998)",Unfall 200006 (2022) Kat:3, Licht: 0,200006,3,7,1,05,16,3,0,0,0,1,0,0,0,0
"POINT (8.468738635000021 49.484367308000103)",Unfall 200048 (2022) Kat:3, Licht: 0,200048,3,3,5,06,16,4,1,0,0,1,0,1,0,0
"POINT (8.487127677000050 49.522067950000100)",Unfall 200064 (2022) Kat:3, Licht: 0,200064,3,6,4,06,07,1,1,0,0,1,0,0,0,0
"POINT (8.480981550000021 49.539125247000101)",Unfall 200097 (2022) Kat:3, Licht: 0,200097,3,3,5,06,13,4,0,0,1,1,0,0,0,0
"POINT (8.487632017000070 49.484606115000098)",Unfall 200145 (2022) Kat:3, Licht: 0,200145,3,6,2,05,11,3,0,0,0,1,0,0,0,0
"POINT (8.477246358000061 49.527286635000102)",Unfall 200159 (2022) Kat:1, Licht: 0,200159,1,3,5,06,16,6,0,0,1,0,0,0,0,1
"POINT (8.475072082000050 49.489249820000097)",Unfall 200162 (2022) Kat:3, Licht: 0,200162,3,5,1,05,13,4,0,0,1,1,0,0,0,0
"POINT (8.476257032000030 49.484730755000001)",Unfall 200167 (2022) Kat:3, Licht: 0,200167,3,6,4,06,08,4,0,0,1,0,0,0,0,0
"POINT (8.467052231000030 49.510628914999998)",Unfall 200199 (2022) Kat:2, Licht: 1,200199,2,3,5,05,05,1,0,1,0,1,0,0,0,0
"POINT (8.552543432000050 49.510109057000101)",Unfall 200231 (2022) Kat:3, Licht: 0,200231,3,6,2,06,15,3,0,0,0,1,0,0,0,1
"POINT (8.467097812000080 49.474670801999999)",Unfall 200246 (2022) Kat:3, Licht: 0,200246,3,3,5,05,17,6,0,0,1,1,0,0,0,0
"POINT (8.485177385000039 49.467249848999998)",Unfall 200264 (2022) Kat:3, Licht: 0,200264,3,6,2,06,17,6,1,0,0,1,0,0,0,0
"POINT (8.493365056000069 49.480637827000102)",Unfall 200292 (2022) Kat:3, Licht: 0,200292,3,6,2,06,11,5,0,0,0,1,0,0,0,0
"POINT (8.472459396000030 49.516087965000096)",Unfall 200299 (2022) Kat:3, Licht: 0,200299,3,7,5,05,11,6,0,0,0,1,0,0,0,0
"POINT (8.471888966000050 49.491495950999997)",Unfall 200307 (2022) Kat:3, Licht: 0,200307,3,4,6,05,15,2,0,0,0,1,1,0,0,0
"POINT (8.505784952000059 49.477476783000000)",Unfall 200338 (2022) Kat:2, Licht: 0,200338,2,5,5,06,12,5,0,0,1,1,0,0,0,0
"POINT (8.473912499000051 49.499717912000101)",Unfall 200396 (2022) Kat:3, Licht: 0,200396,3,3,1,06,15,6,0,0,1,1,0,0,0,0
"POINT (8.467226391000050 49.490140965000101)",Unfall 200425 (2022) Kat:3, Licht: 0,200425,3,4,6,06,17,7,0,0,0,1,1,0,0,0
"POINT (8.486347736000029 49.526341278000103)",Unfall 200477 (2022) Kat:3, Licht: 0,200477,3,2,4,06,14,6,0,0,1,1,0,0,0,0
"POINT (8.464758799000039 49.486000623999999)",Unfall 200532 (2022) Kat:2, Licht: 0,200532,2,3,0,06,13,7,0,0,0,0,0,0,0,1
"POINT (8.467672199000051 49.488064005000098)",Unfall 200550 (2022) Kat:3, Licht: 0,200550,3,6,4,06,18,6,0,0,1,0,0,0,0,1
"POINT (8.495044801000059 49.453815999000000)",Unfall 200551 (2022) Kat:3, Licht: 2,200551,3,2,4,06,01,7,0,2,0,1,0,0,0,0
"POINT (8.519795300000061 49.488510108000099)",Unfall 200554 (2022) Kat:3, Licht: 0,200554,3,7,0,06,14,2,1,0,0,0,0,1,0,0
"POINT (8.481458249000070 49.522231603000101)",Unfall 200563 (2022) Kat:3, Licht: 0,200563,3,5,5,06,06,5,0,0,0,1,0,1,0,0
"POINT (8.481070200000030 49.456816298000000)",Unfall 200569 (2022) Kat:3, Licht: 0,200569,3,3,5,06,09,2,0,0,1,1,0,0,0,0
"POINT (8.472314736000040 49.494482177000101)",Unfall 200615 (2022) Kat:3, Licht: 0,200615,3,7,6,06,20,5,0,0,0,0,1,0,0,1
"POINT (8.509620133000061 49.446198821000102)",Unfall 200667 (2022) Kat:3, Licht: 0,200667,3,3,5,06,19,2,0,0,1,1,0,0,0,0
"POINT (8.477375160000070 49.485980881000003)",Unfall 200721 (2022) Kat:3, Licht: 0,200721,3,7,5,06,15,5,0,0,1,1,0,0,0,0
"POINT (8.476135471000021 49.518026833000100)",Unfall 200724 (2022) Kat:3, Licht: 0,200724,3,3,5,06,06,7,0,0,0,1,0,0,0,0
"POINT (8.454084430000020 49.534599804999999)",Unfall 200729 (2022) Kat:3, Licht: 2,200729,3,3,5,06,00,3,0,2,1,0,0,0,0,1
"POINT (8.503812206000021 49.492798919999998)",Unfall 200735 (2022) Kat:3, Licht: 0,200735,3,3,5,06,12,7,0,0,0,1,0,0,0,0
"POINT (8.475792044000061 49.491837738000100)",Unfall 200827 (2022) Kat:3, Licht: 1,200827,3,3,5,06,20,3,0,1,0,1,0,0,0,0
"POINT (8.465478403000080 49.489911110999998)",Unfall 200853 (2022) Kat:3, Licht: 0,200853,3,7,6,06,11,5,0,0,0,1,1,0,0,0
"POINT (8.508365309000061 49.507330316000001)",Unfall 200854 (2022) Kat:3, Licht: 0,200854,3,6,2,06,13,2,0,0,0,1,0,0,0,0
"POINT (8.509256699000050 49.519373195000099)",Unfall 200865 (2022) Kat:3, Licht: 2,200865,3,2,8,06,21,6,1,2,0,1,0,0,0,0
"POINT (8.468371307000041 49.552421609000099)",Unfall 200913 (2022) Kat:2, Licht: 0,200913,2,3,5,06,09,4,0,0,0,1,0,0,0,0
"POINT (8.487322254000050 49.504130691000100)",Unfall 200930 (2022) Kat:3, Licht: 0,200930,3,3,5,06,16,4,0,0,1,0,0,0,0,0
"POINT (8.510420527000059 49.446621848000099)",Unfall 200948 (2022) Kat:3, Licht: 0,200948,3,3,5,06,07,6,0,0,0,1,0,0,0,1
"POINT (8.510787291000041 49.516763965999999)",Unfall 201008 (2022) Kat:3, Licht: 2,201008,3,5,5,06,23,6,0,2,0,1,0,0,0,1
"POINT (8.472234031000029 49.475468057999997)",Unfall 201009 (2022) Kat:3, Licht: 0,201009,3,6,2,06,14,6,0,0,0,1,0,0,0,0
"POINT (8.492776588000030 49.476283473000102)",Unfall 201049 (2022) Kat:3, Licht: 0,201049,3,6,3,06,12,3,0,0,0,1,0,1,0,0
"POINT (8.450859102000040 49.549872762000099)",Unfall 201058 (2022) Kat:3, Licht: 0,201058,3,5,5,06,14,4,0,0,0,1,0,0,1,0
"POINT (8.499697774000030 49.474454487000102)",Unfall 201064 (2022) Kat:3, Licht: 0,201064,3,7,0,06,15,4,0,0,1,0,0,0,0,0
"POINT (8.561010564000069 49.462293834000000)",Unfall 201103 (2022) Kat:3, Licht: 0,201103,3,3,5,06,15,2,1,0,0,1,0,1,0,0
"POINT (8.495050516000051 49.529879846000000)",Unfall 201112 (2022) Kat:3, Licht: 0,201112,3,5,1,06,11,6,0,0,0,1,0,0,0,0
"POINT (8.502249268000069 49.519464357000103)",Unfall 201113 (2022) Kat:3, Licht: 0,201113,3,3,0,06,16,3,0,0,1,1,0,0,0,0
"POINT (8.493880789000061 49.511634157000103)",Unfall 201131 (2022) Kat:3, Licht: 0,201131,3,2,5,06,09,3,0,0,1,0,0,0,0,1
"POINT (8.480010540000020 49.477751501000100)",Unfall 201150 (2022) Kat:3, Licht: 0,201150,3,3,5,06,15,7,0,0,0,1,0,0,0,1
"POINT (8.575925460000059 49.446840014000003)",Unfall 201151 (2022) Kat:3, Licht: 0,201151,3,2,5,06,18,6,0,0,0,1,0,0,0,0
"POINT (8.475926809000040 49.500361075999997)",Unfall 201224 (2022) Kat:3, Licht: 0,201224,3,5,1,06,15,7,0,0,1,1,0,0,0,0
"POINT (8.483162501000040 49.497387695999997)",Unfall 201225 (2022) Kat:3, Licht: 0,201225,3,5,5,06,13,6,0,0,1,1,0,0,0,0
"POINT (8.472754567000040 49.494954935000102)",Unfall 201226 (2022) Kat:3, Licht: 0,201226,3,6,4,06,16,3,0,0,1,0,0,0,0,0
"POINT (8.476328954000049 49.488717367000000)",Unfall 201243 (2022) Kat:3, Licht: 0,201243,3,3,5,06,15,3,0,0,1,0,0,0,0,1
"POINT (8.468804457000029 49.485673224999999)",Unfall 201271 (2022) Kat:3, Licht: 0,201271,3,2,2,06,19,6,0,0,0,1,0,0,0,0
"POINT (8.564498636000049 49.456837809000000)",Unfall 201281 (2022) Kat:3, Licht: 0,201281,3,6,1,06,18,2,0,0,0,1,0,0,0,0
"POINT (8.479703714000040 49.479386589000100)",Unfall 201312 (2022) Kat:3, Licht: 0,201312,3,4,6,06,14,4,0,0,0,1,1,0,0,0
"POINT (8.500135892000060 49.474171365000103)",Unfall 201332 (2022) Kat:2, Licht: 2,201332,2,1,9,06,23,7,0,2,0,0,0,0,0,1
"POINT (8.466457642000019 49.497683863000098)",Unfall 201339 (2022) Kat:3, Licht: 2,201339,3,3,5,06,23,7,0,2,0,1,0,1,0,0
"POINT (8.470914227000041 49.497750864000103)",Unfall 201347 (2022) Kat:3, Licht: 0,201347,3,5,1,06,09,2,0,0,1,1,0,0,0,0
"POINT (8.475168705000041 49.508272333000001)",Unfall 201388 (2022) Kat:3, Licht: 0,201388,3,6,0,06,15,2,0,0,0,0,0,0,0,1
"POINT (8.500899650000060 49.450075850000097)",Unfall 201392 (2022) Kat:3, Licht: 0,201392,3,3,5,07,11,6,0,0,1,1,0,0,0,0
"POINT (8.471214297000071 49.492735005999997)",Unfall 201403 (2022) Kat:3, Licht: 0,201403,3,6,3,07,08,2,0,0,1,0,0,0,0,0
"POINT (8.471570524000070 49.472179195000102)",Unfall 201430 (2022) Kat:2, Licht: 0,201430,2,3,5,07,15,4,0,0,1,1,0,0,0,0
"POINT (8.446263440000051 49.542361202999999)",Unfall 201442 (2022) Kat:3, Licht: 0,201442,3,5,1,07,17,1,0,0,1,1,0,0,0,0
"POINT (8.463130787000070 49.493869227000097)",Unfall 201450 (2022) Kat:3, Licht: 0,201450,3,6,1,07,12,3,0,0,0,1,0,0,0,1
"POINT (8.491503681000040 49.479012731000097)",Unfall 201508 (2022) Kat:3, Licht: 0,201508,3,3,4,07,17,6,0,0,0,1,0,1,0,0
"POINT (8.486131257000070 49.526026989000101)",Unfall 201556 (2022) Kat:3, Licht: 0,201556,3,7,0,07,17,2,0,0,0,0,0,0,0,1
"POINT (8.508958605000030 49.465306471000098)",Unfall 201561 (2022) Kat:3, Licht: 0,201561,3,5,5,07,09,7,0,0,1,1,0,0,0,0
"POINT (8.479459145000019 49.488014241000002)",Unfall 201583 (2022) Kat:3, Licht: 0,201583,3,7,5,07,12,5,0,0,0,1,0,1,0,0
"POINT (8.470514662000030 49.502476156999997)",Unfall 201614 (2022) Kat:3, Licht: 0,201614,3,5,1,07,06,3,0,0,1,1,0,0,0,0
"POINT (8.483706505000040 49.469840060000102)",Unfall 201628 (2022) Kat:3, Licht: 0,201628,3,3,0,07,15,5,0,0,1,1,0,0,0,0
"POINT (8.459664305000050 49.485768217000000)",Unfall 201639 (2022) Kat:3, Licht: 0,201639,3,6,2,07,15,2,0,0,0,1,0,0,0,0
"POINT (8.508021571000031 49.512306752000001)",Unfall 201657 (2022) Kat:3, Licht: 0,201657,3,6,1,07,11,6,0,0,0,1,0,0,0,0
"POINT (8.478502406000080 49.460275920000100)",Unfall 201678 (2022) Kat:3, Licht: 0,201678,3,3,5,07,08,3,0,0,1,1,0,0,0,0
"POINT (8.474438144000031 49.472751366000097)",Unfall 201716 (2022) Kat:3, Licht: 0,201716,3,3,5,07,05,3,0,0,0,1,0,0,0,1
"POINT (8.493553692000029 49.479811305000098)",Unfall 201723 (2022) Kat:3, Licht: 0,201723,3,2,3,07,17,2,0,0,1,1,0,0,0,0
"POINT (8.522725571000020 49.440618751999999)",Unfall 201744 (2022) Kat:3, Licht: 0,201744,3,4,6,07,15,7,0,0,0,0,1,1,0,0
"POINT (8.467065764000040 49.510620796000097)",Unfall 201811 (2022) Kat:3, Licht: 0,201811,3,3,5,07,18,3,0,0,0,1,0,0,0,0
"POINT (8.485273567000039 49.496894593999997)",Unfall 201822 (2022) Kat:3, Licht: 0,201822,3,7,0,07,12,7,0,0,1,0,0,0,0,0
"POINT (8.459664305000050 49.485768217000000)",Unfall 201867 (2022) Kat:2, Licht: 0,201867,2,3,5,07,16,7,0,0,1,0,0,0,0,1
"POINT (8.464068767000070 49.484157842999998)",Unfall 201898 (2022) Kat:3, Licht: 2,201898,3,3,5,07,01,3,0,2,0,0,0,0,0,1
"POINT (8.569793760000040 49.455337473999997)",Unfall 201908 (2022) Kat:3, Licht: 0,201908,3,3,5,07,16,3,0,0,0,1,0,0,0,0
"POINT (8.473452169000041 49.491954305000000)",Unfall 201941 (2022) Kat:3, Licht: 0,201941,3,4,6,07,15,1,0,0,0,1,1,0,0,0
"POINT (8.466426787000049 49.485468447000102)",Unfall 201956 (2022) Kat:3, Licht: 2,201956,3,3,1,07,01,1,0,2,0,1,0,0,0,0
"POINT (8.494710628000060 49.511936704999997)",Unfall 201957 (2022) Kat:3, Licht: 0,201957,3,7,2,07,06,3,0,0,0,1,0,1,0,0
"POINT (8.473992541000030 49.516335286000100)",Unfall 201958 (2022) Kat:3, Licht: 0,201958,3,3,5,07,07,6,0,0,1,1,0,0,0,0
"POINT (8.476700098000039 49.462697663000000)",Unfall 201968 (2022) Kat:3, Licht: 0,201968,3,3,5,07,12,5,0,0,1,1,0,0,0,0
"POINT (8.487216312000040 49.496255797000103)",Unfall 201987 (2022) Kat:3, Licht: 0,201987,3,7,0,07,15,1,0,0,0,0,0,1,0,0
"POINT (8.447313978000070 49.531752143000098)",Unfall 201989 (2022) Kat:3, Licht: 0,201989,3,5,1,07,06,3,0,0,0,1,0,0,1,1
"POINT (8.442255224000061 49.521247428999999)",Unfall 201991 (2022) Kat:3, Licht: 2,201991,3,1,9,07,01,1,0,2,0,1,0,0,0,0
"POINT (8.541885615000069 49.485605521000103)",Unfall 202049 (2022) Kat:3, Licht: 0,202049,3,3,5,07,16,5,0,0,0,1,0,0,0,1
"POINT (8.482590740000029 49.455355290999996)",Unfall 202090 (2022) Kat:3, Licht: 0,202090,3,6,2,07,17,7,0,0,0,1,0,1,0,0
"POINT (8.479647330000031 49.489654946000002)",Unfall 202112 (2022) Kat:3, Licht: 0,202112,3,4,6,07,08,4,0,0,0,1,1,0,0,0
"POINT (8.483598098000069 49.454866219000102)",Unfall 202170 (2022) Kat:3, Licht: 0,202170,3,7,5,07,11,3,0,0,0,1,0,0,0,1
"POINT (8.475267701000060 49.496650811000102)",Unfall 202188 (2022) Kat:3, Licht: 0,202188,3,5,1,07,11,3,0,0,1,1,0,0,0,0
"POINT (8.463050128000020 49.488055121999999)",Unfall 202218 (2022) Kat:3, Licht: 0,202218,3,3,5,07,11,5,0,0,0,1,0,0,0,1
"POINT (8.498121699000020 49.472032961000103)",Unfall 202221 (2022) Kat:3, Licht: 0,202221,3,2,2,07,16,2,0,0,0,1,0,1,0,0
"POINT (8.477801117000070 49.545251782000001)",Unfall 202261 (2022) Kat:3, Licht: 0,202261,3,5,5,07,07,2,0,0,1,1,0,0,0,0
"POINT (8.496259438000040 49.452252470000097)",Unfall 202272 (2022) Kat:2, Licht: 0,202272,2,6,3,07,12,7,0,0,0,1,0,1,0,1
"POINT (8.527584672000049 49.508345171000002)",Unfall 202273 (2022) Kat:3, Licht: 0,202273,3,6,2,07,12,2,0,0,1,0,0,0,0,0
"POINT (8.472821287000039 49.485115096000101)",Unfall 202301 (2022) Kat:3, Licht: 0,202301,3,7,6,07,18,5,0,0,0,0,1,0,0,1
"POINT (8.499827445000051 49.514947946000099)",Unfall 202348 (2022) Kat:3, Licht: 0,202348,3,3,5,07,14,3,0,0,0,1,0,0,0,1
"POINT (8.479888666000020 49.542057511000102)",Unfall 202395 (2022) Kat:3, Licht: 0,202395,3,3,5,07,15,7,0,0,1,1,0,0,0,0
"POINT (8.479608358000061 49.495866526000000)",Unfall 202411 (2022) Kat:3, Licht: 0,202411,3,7,1,07,13,3,0,0,0,1,0,1,0,0
"POINT (8.468179259000070 49.497170939000100)",Unfall 202419 (2022) Kat:3, Licht: 0,202419,3,4,6,07,16,1,0,0,1,0,1,0,0,0
"POINT (8.476371125000069 49.465285349000098)",Unfall 202461 (2022) Kat:3, Licht: 0,202461,3,3,5,07,13,6,0,0,0,1,0,0,0,1
"POINT (8.509012129000039 49.519191272000100)",Unfall 202487 (2022) Kat:3, Licht: 0,202487,3,2,3,07,13,7,0,0,0,0,0,1,0,1
"POINT (8.506373718000020 49.508571636000099)",Unfall 202522 (2022) Kat:3, Licht: 0,202522,3,3,5,07,12,4,0,0,1,0,0,0,0,1
"POINT (8.476293851000040 49.484716345999999)",Unfall 202541 (2022) Kat:3, Licht: 0,202541,3,2,3,07,14,3,0,0,0,1,0,0,0,0
"POINT (8.461612763000060 49.493691835000000)",Unfall 202570 (2022) Kat:3, Licht: 2,202570,3,3,5,08,00,5,0,2,1,1,0,0,0,0
"POINT (8.535994595000030 49.420136782999997)",Unfall 202589 (2022) Kat:3, Licht: 0,202589,3,3,5,08,14,7,0,0,0,1,0,1,0,0
"POINT (8.450610921000020 49.539158592000000)",Unfall 202606 (2022) Kat:2, Licht: 0,202606,2,2,5,08,11,3,0,0,0,1,0,0,0,1
"POINT (8.490141663000029 49.498865391999999)",Unfall 202612 (2022) Kat:3, Licht: 0,202612,3,3,5,07,15,5,0,0,1,1,0,0,0,0
"POINT (8.477378079000060 49.462590435000003)",Unfall 202643 (2022) Kat:3, Licht: 0,202643,3,3,5,07,09,6,0,0,1,1,0,0,0,0
"POINT (8.468750375000070 49.491778089999997)",Unfall 202733 (2022) Kat:3, Licht: 2,202733,3,4,6,07,22,1,0,2,0,0,1,0,0,1
"POINT (8.475007587000050 49.480580740999997)",Unfall 202754 (2022) Kat:3, Licht: 0,202754,3,3,5,08,10,4,0,0,1,1,0,0,0,0
"POINT (8.499790723000050 49.529241962000100)",Unfall 202833 (2022) Kat:3, Licht: 0,202833,3,3,5,08,13,1,0,0,0,1,0,1,0,0
"POINT (8.551769122000049 49.492493183000100)",Unfall 202836 (2022) Kat:2, Licht: 0,202836,2,3,5,07,06,3,0,0,0,0,0,1,0,0
"POINT (8.469219563000021 49.489472480000103)",Unfall 202849 (2022) Kat:3, Licht: 0,202849,3,5,1,07,14,6,0,0,1,1,0,0,0,0
"POINT (8.533808299000039 49.424829987000102)",Unfall 202876 (2022) Kat:2, Licht: 0,202876,2,7,0,07,15,6,0,0,1,0,0,0,0,0
"POINT (8.481806690000040 49.472080973000097)",Unfall 202888 (2022) Kat:3, Licht: 0,202888,3,6,2,07,15,5,0,0,0,1,0,0,0,0
"POINT (8.480233636000040 49.481044670000102)",Unfall 202904 (2022) Kat:3, Licht: 2,202904,3,3,5,07,03,1,0,2,0,1,0,0,0,0
"POINT (8.459709450000050 49.494680630000097)",Unfall 202905 (2022) Kat:3, Licht: 0,202905,3,7,2,08,12,2,0,0,0,1,0,1,0,0
"POINT (8.455037414000060 49.484887075000103)",Unfall 202907 (2022) Kat:3, Licht: 0,202907,3,1,0,07,09,4,0,0,1,0,0,0,0,0
"POINT (8.500342226000040 49.519985430000098)",Unfall 202941 (2022) Kat:3, Licht: 0,202941,3,7,6,08,12,6,0,0,0,1,1,0,0,0
"POINT (8.470516148000060 49.479649601000098)",Unfall 203045 (2022) Kat:3, Licht: 0,203045,3,6,6,08,14,1,0,0,1,0,1,0,0,0
"POINT (8.494665221000050 49.501219419999998)",Unfall 203079 (2022) Kat:3, Licht: 2,203079,3,4,6,08,21,2,0,2,0,1,1,0,0,0
"POINT (8.479073553000029 49.548167185000104)",Unfall 203095 (2022) Kat:3, Licht: 0,203095,3,6,4,07,16,5,0,0,0,1,0,1,0,0
"POINT (8.528862305000080 49.434060662000000)",Unfall 203173 (2022) Kat:3, Licht: 1,203173,3,4,6,07,20,7,0,1,0,1,1,0,0,0
"POINT (8.526717894000059 49.510800382000099)",Unfall 203180 (2022) Kat:3, Licht: 0,203180,3,3,5,07,16,3,0,0,1,1,0,0,0,0
"POINT (8.471079555000070 49.546615336000102)",Unfall 203196 (2022) Kat:3, Licht: 0,203196,3,6,3,07,18,1,0,0,0,1,0,1,0,0
"POINT (8.464539432000040 49.487365870000097)",Unfall 203206 (2022) Kat:3, Licht: 0,203206,3,3,0,08,15,3,0,0,1,1,0,0,0,0
"POINT (8.464327089000051 49.485730703999998)",Unfall 203215 (2022) Kat:3, Licht: 0,203215,3,7,3,07,16,5,0,0,0,1,0,0,0,1
"POINT (8.473168557000060 49.500081461999997)",Unfall 203236 (2022) Kat:3, Licht: 2,203236,3,5,1,07,01,2,0,2,0,1,0,0,0,0
"POINT (8.463416771000031 49.489650224999998)",Unfall 203256 (2022) Kat:3, Licht: 0,203256,3,3,5,08,14,5,0,0,1,1,0,0,0,0
"POINT (8.491336535000070 49.459984734000003)",Unfall 203266 (2022) Kat:2, Licht: 0,203266,2,4,6,07,19,7,0,0,0,1,1,0,0,0
"POINT (8.476032963000019 49.517943481000003)",Unfall 203284 (2022) Kat:3, Licht: 0,203284,3,3,5,07,11,2,0,0,0,1,0,0,0,0
"POINT (8.532066729000061 49.506419844000000)",Unfall 203341 (2022) Kat:3, Licht: 0,203341,3,3,5,07,19,4,0,0,1,1,0,0,0,0
"POINT (8.498949062000070 49.453691319000001)",Unfall 203349 (2022) Kat:3, Licht: 0,203349,3,3,5,07,13,7,0,0,1,1,0,0,0,0
"POINT (8.463029461000080 49.484365928000003)",Unfall 203353 (2022) Kat:3, Licht: 2,203353,3,4,6,08,22,2,0,2,1,0,1,0,0,0
"POINT (8.500419868000050 49.514304064999997)",Unfall 203360 (2022) Kat:3, Licht: 0,203360,3,1,0,08,06,4,0,0,0,0,0,1,0,0
"POINT (8.479400042000069 49.489727535000000)",Unfall 203361 (2022) Kat:3, Licht: 0,203361,3,6,2,07,11,2,0,0,0,1,0,0,0,0
"POINT (8.468100780000039 49.485990334000100)",Unfall 203445 (2022) Kat:3, Licht: 0,203445,3,6,2,07,13,6,0,0,1,1,0,0,0,0
"POINT (8.501600857000030 49.504371937000002)",Unfall 203449 (2022) Kat:3, Licht: 0,203449,3,2,5,07,11,4,0,0,1,1,0,0,0,0
"POINT (8.511775310000081 49.478495872000103)",Unfall 203483 (2022) Kat:3, Licht: 0,203483,3,3,5,08,14,5,0,0,0,1,0,0,0,0
"POINT (8.469167721000080 49.484832116000099)",Unfall 203555 (2022) Kat:3, Licht: 0,203555,3,5,0,09,18,1,0,0,1,1,0,0,0,0
"POINT (8.506385458000070 49.499702411000001)",Unfall 203586 (2022) Kat:3, Licht: 0,203586,3,6,2,08,10,6,0,0,0,1,0,0,0,0
"POINT (8.473657073000030 49.483833552000100)",Unfall 203597 (2022) Kat:3, Licht: 0,203597,3,4,6,09,16,7,0,0,1,0,1,0,0,0
"POINT (8.471321718000070 49.479495879000098)",Unfall 203610 (2022) Kat:3, Licht: 2,203610,3,3,0,08,22,7,0,2,0,0,0,0,0,1
"POINT (8.492629438000050 49.481666169000100)",Unfall 203625 (2022) Kat:3, Licht: 2,203625,3,5,1,09,21,4,0,2,1,1,0,0,0,0
"POINT (8.467769037000039 49.500313409000100)",Unfall 203630 (2022) Kat:3, Licht: 0,203630,3,5,1,08,19,6,0,0,1,1,0,0,0,0
"POINT (8.509838932000040 49.445949681999998)",Unfall 203646 (2022) Kat:2, Licht: 0,203646,2,6,3,09,07,2,0,0,0,1,0,1,0,0
"POINT (8.487592153000040 49.466929835000002)",Unfall 203664 (2022) Kat:3, Licht: 0,203664,3,3,5,08,16,2,0,0,0,1,0,0,0,0
"POINT (8.443447194000040 49.548982991000102)",Unfall 203712 (2022) Kat:2, Licht: 0,203712,2,3,5,09,10,5,0,0,0,1,0,0,0,0
"POINT (8.539946107000050 49.511397310000099)",Unfall 203741 (2022) Kat:3, Licht: 2,203741,3,3,5,09,01,6,0,2,1,1,0,0,0,0
"POINT (8.472335408000051 49.494301137999997)",Unfall 203743 (2022) Kat:3, Licht: 0,203743,3,6,2,08,17,2,0,0,0,1,0,0,0,0
"POINT (8.471254093000031 49.490780582000099)",Unfall 203744 (2022) Kat:3, Licht: 0,203744,3,6,3,08,10,4,0,0,1,1,0,0,0,0
"POINT (8.477746689000069 49.461450007000103)",Unfall 203809 (2022) Kat:3, Licht: 0,203809,3,3,5,08,14,2,0,0,1,1,0,0,0,0
"POINT (8.488152282000041 49.463649353000100)",Unfall 203818 (2022) Kat:3, Licht: 0,203818,3,2,5,08,10,7,0,0,1,1,0,0,0,0
"POINT (8.488118892000051 49.495028753000000)",Unfall 203839 (2022) Kat:3, Licht: 0,203839,3,3,0,08,14,2,0,0,0,1,0,0,0,0
"POINT (8.465960295000061 49.488764371999999)",Unfall 203847 (2022) Kat:3, Licht: 0,203847,3,2,5,08,17,3,0,0,1,1,0,0,0,0
"POINT (8.467833949000070 49.477711484000103)",Unfall 203859 (2022) Kat:3, Licht: 0,203859,3,3,5,09,18,3,0,0,1,0,0,0,0,0
"POINT (8.485457741000060 49.466929151000002)",Unfall 203883 (2022) Kat:3, Licht: 1,203883,3,1,0,09,05,4,1,1,0,0,0,1,0,0
"POINT (8.477419988000070 49.546824170999997)",Unfall 203892 (2022) Kat:2, Licht: 0,203892,2,6,3,09,15,7,0,0,0,1,0,0,0,0
"POINT (8.474269952000039 49.481080763000101)",Unfall 203901 (2022) Kat:3, Licht: 2,203901,3,7,0,09,21,6,1,2,0,0,0,0,0,1
"POINT (8.486842738000060 49.507403639000103)",Unfall 203924 (2022) Kat:3, Licht: 0,203924,3,1,0,08,18,7,0,0,1,0,0,0,0,0
"POINT (8.489271971000051 49.460517127000102)",Unfall 203925 (2022) Kat:2, Licht: 1,203925,2,3,5,09,17,6,1,1,1,1,0,0,0,0
"POINT (8.494038794000060 49.518873049000000)",Unfall 203948 (2022) Kat:3, Licht: 0,203948,3,3,5,09,12,6,0,0,0,1,0,1,0,0
"POINT (8.471930402000050 49.470400858000097)",Unfall 203969 (2022) Kat:3, Licht: 0,203969,3,6,2,09,16,6,1,0,0,1,0,0,0,0
"POINT (8.531306750000059 49.479994589999997)",Unfall 203977 (2022) Kat:3, Licht: 0,203977,3,6,2,09,16,5,0,0,0,1,0,0,0,0
"POINT (8.516230398000060 49.497321653000000)",Unfall 204017 (2022) Kat:3, Licht: 0,204017,3,6,2,09,19,7,0,0,0,1,0,0,0,0
"POINT (8.504245016000031 49.521537746000000)",Unfall 204021 (2022) Kat:3, Licht: 2,204021,3,3,5,09,23,3,0,2,0,1,0,0,0,0
"POINT (8.495025556000030 49.453599155000099)",Unfall 204055 (2022) Kat:3, Licht: 0,204055,3,7,0,09,14,2,0,0,0,0,0,0,0,1
"POINT (8.575814462000039 49.440555062000001)",Unfall 204079 (2022) Kat:3, Licht: 0,204079,3,6,1,09,19,4,0,0,0,1,0,0,0,0
"POINT (8.471653571000051 49.546417796000100)",Unfall 204212 (2022) Kat:3, Licht: 2,204212,3,4,6,08,01,1,0,2,0,0,1,1,0,0
"POINT (8.490428614000050 49.478449843000099)",Unfall 204224 (2022) Kat:3, Licht: 1,204224,3,5,1,09,21,6,0,1,1,1,0,0,0,0
"POINT (8.476076055000020 49.488185182999999)",Unfall 204242 (2022) Kat:2, Licht: 0,204242,2,7,0,08,08,4,1,0,1,0,0,0,0,0
"POINT (8.503427944000070 49.502924782999997)",Unfall 204245 (2022) Kat:3, Licht: 1,204245,3,7,3,08,20,2,0,1,0,1,0,1,0,0
"POINT (8.479058065000061 49.489827898000001)",Unfall 204246 (2022) Kat:3, Licht: 0,204246,3,6,2,08,16,3,0,0,0,1,0,0,0,0
"POINT (8.466335149000029 49.492672809000098)",Unfall 204279 (2022) Kat:3, Licht: 0,204279,3,7,6,08,07,4,0,0,0,1,1,0,0,0
"POINT (8.532821251000030 49.432652355000101)",Unfall 204311 (2022) Kat:3, Licht: 0,204311,3,3,5,08,09,3,0,0,0,1,0,1,0,0
"POINT (8.471703956000059 49.492634780000103)",Unfall 204351 (2022) Kat:3, Licht: 0,204351,3,6,3,08,14,2,0,0,0,1,0,0,1,0
"POINT (8.466238211000070 49.486708463000099)",Unfall 204374 (2022) Kat:3, Licht: 0,204374,3,5,1,09,18,7,0,0,1,1,0,0,0,0
"POINT (8.463348359000070 49.490815398999999)",Unfall 204409 (2022) Kat:3, Licht: 0,204409,3,3,5,08,18,5,0,0,1,1,0,0,0,0
"POINT (8.487236520000071 49.464887693000001)",Unfall 204454 (2022) Kat:3, Licht: 0,204454,3,5,5,08,13,3,0,0,1,1,0,0,0,0
"POINT (8.472460660000021 49.480653513000000)",Unfall 204483 (2022) Kat:3, Licht: 0,204483,3,6,4,08,16,2,0,0,1,0,0,0,0,0
"POINT (8.485006390000020 49.496957459999997)",Unfall 204523 (2022) Kat:3, Licht: 0,204523,3,7,1,09,14,7,1,0,0,1,1,0,0,0
"POINT (8.475299477000020 49.464792170000102)",Unfall 204593 (2022) Kat:3, Licht: 0,204593,3,6,2,10,18,7,0,0,0,0,0,1,0,1
"POINT (8.489025638000040 49.481448851000003)",Unfall 204635 (2022) Kat:3, Licht: 0,204635,3,3,5,09,08,1,0,0,0,1,0,0,0,0
"POINT (8.477261784000060 49.481292654000100)",Unfall 204663 (2022) Kat:3, Licht: 1,204663,3,3,5,09,18,3,1,1,1,1,0,0,0,0
"POINT (8.442974055000040 49.544958613000098)",Unfall 204678 (2022) Kat:3, Licht: 0,204678,3,7,0,09,17,5,0,0,0,0,0,1,0,0
"POINT (8.581620302000029 49.444146195000002)",Unfall 204682 (2022) Kat:2, Licht: 0,204682,2,7,0,10,15,3,0,0,0,0,0,1,0,0
"POINT (8.478619788000060 49.495986051999999)",Unfall 204683 (2022) Kat:3, Licht: 2,204683,3,5,1,09,00,7,0,2,0,1,0,0,0,1
"POINT (8.527981212000039 49.432677910999999)",Unfall 204700 (2022) Kat:3, Licht: 1,204700,3,3,5,09,17,4,0,1,0,1,0,0,0,0
"POINT (8.499293916000060 49.503587669000098)",Unfall 204704 (2022) Kat:3, Licht: 0,204704,3,3,5,09,15,6,0,0,1,1,0,0,0,0
"POINT (8.474341095000060 49.481022145000097)",Unfall 204705 (2022) Kat:3, Licht: 0,204705,3,7,6,09,13,4,0,0,0,0,1,0,0,1
"POINT (8.490508231000041 49.530680295000103)",Unfall 204719 (2022) Kat:3, Licht: 0,204719,3,3,5,09,08,2,0,0,1,1,0,0,0,0
"POINT (8.494669289000059 49.454258922000101)",Unfall 204722 (2022) Kat:3, Licht: 0,204722,3,6,2,09,09,4,1,0,1,0,0,0,0,0
"POINT (8.505891932000051 49.509968001000097)",Unfall 204724 (2022) Kat:3, Licht: 0,204724,3,5,1,09,14,6,0,0,1,1,0,0,0,0
"POINT (8.456330856000021 49.490135639000101)",Unfall 204765 (2022) Kat:3, Licht: 0,204765,3,6,1,09,19,1,0,0,0,1,0,0,0,0
"POINT (8.506513379000070 49.417748482999997)",Unfall 204769 (2022) Kat:3, Licht: 0,204769,3,3,5,09,14,5,0,0,1,0,0,0,0,1
"POINT (8.481568301000040 49.490253070000101)",Unfall 204786 (2022) Kat:3, Licht: 0,204786,3,2,5,09,08,4,0,0,1,0,0,0,0,0
"POINT (8.488917561000051 49.528634834000101)",Unfall 204796 (2022) Kat:3, Licht: 0,204796,3,6,3,09,14,2,0,0,0,1,0,1,0,0
"POINT (8.470540047000039 49.492460575000102)",Unfall 204825 (2022) Kat:3, Licht: 0,204825,3,4,6,09,18,7,0,0,0,0,1,0,0,1
"POINT (8.474280104000060 49.508275892000000)",Unfall 204845 (2022) Kat:3, Licht: 0,204845,3,2,5,09,12,4,0,0,0,1,0,0,0,0
"POINT (8.473914964000070 49.542571481000003)",Unfall 204877 (2022) Kat:3, Licht: 2,204877,3,3,5,10,04,3,0,2,0,1,0,0,0,1
"POINT (8.484237907000020 49.471320859999999)",Unfall 204879 (2022) Kat:3, Licht: 0,204879,3,6,2,09,15,4,0,0,0,1,0,0,0,0
"POINT (8.483730514000060 49.469073696000102)",Unfall 204958 (2022) Kat:3, Licht: 0,204958,3,2,3,09,09,2,0,0,1,0,0,0,1,0
"POINT (8.470384197000040 49.502840161000101)",Unfall 204983 (2022) Kat:3, Licht: 0,204983,3,2,5,09,13,2,0,0,0,1,0,0,0,0
"POINT (8.482985282000071 49.481452591999997)",Unfall 204997 (2022) Kat:3, Licht: 0,204997,3,3,5,09,15,2,1,0,0,1,0,0,0,0
"POINT (8.470990642000061 49.493435374999997)",Unfall 205001 (2022) Kat:3, Licht: 0,205001,3,6,4,09,14,6,0,0,1,0,0,0,0,1
"POINT (8.467128358000020 49.471987497000001)",Unfall 205007 (2022) Kat:3, Licht: 0,205007,3,3,5,10,16,6,0,0,0,1,0,0,0,0
"POINT (8.477506014000030 49.497375261999998)",Unfall 205025 (2022) Kat:3, Licht: 0,205025,3,3,5,09,18,3,0,0,0,1,0,0,0,0
"POINT (8.483182181000069 49.498943483000097)",Unfall 205077 (2022) Kat:3, Licht: 2,205077,3,3,5,09,20,2,1,2,0,1,0,0,0,0
"POINT (8.496883976000049 49.538171614000099)",Unfall 205080 (2022) Kat:3, Licht: 1,205080,3,2,4,09,19,6,0,1,1,1,0,0,0,0
"POINT (8.488636691000069 49.483940509000000)",Unfall 205082 (2022) Kat:3, Licht: 0,205082,3,1,0,09,09,5,1,0,0,0,0,1,0,0
"POINT (8.473899912000039 49.504204000000101)",Unfall 205094 (2022) Kat:3, Licht: 0,205094,3,4,6,09,13,6,0,0,0,0,1,0,0,1
"POINT (8.480586000000070 49.479887413000000)",Unfall 205112 (2022) Kat:3, Licht: 1,205112,3,6,0,09,16,2,1,1,1,0,0,0,0,1
"POINT (8.528565216000059 49.511607130000101)",Unfall 205135 (2022) Kat:3, Licht: 0,205135,3,6,1,09,16,2,1,0,0,1,0,0,0,0
"POINT (8.539847620000049 49.453829176000099)",Unfall 205167 (2022) Kat:3, Licht: 1,205167,3,5,1,09,21,4,1,1,1,0,0,0,0,1
"POINT (8.466688782000061 49.497984986000098)",Unfall 205176 (2022) Kat:3, Licht: 0,205176,3,5,1,10,16,6,0,0,1,1,0,0,0,0
"POINT (8.480936802000031 49.522132915999997)",Unfall 205181 (2022) Kat:3, Licht: 0,205181,3,2,5,09,15,1,0,0,1,1,0,0,0,0
"POINT (8.481412118000041 49.453547377000099)",Unfall 205242 (2022) Kat:3, Licht: 0,205242,3,6,2,10,15,7,0,0,0,1,0,0,0,0
"POINT (8.462064277000019 49.485913166000003)",Unfall 205263 (2022) Kat:2, Licht: 0,205263,2,3,5,09,11,4,0,0,0,1,0,0,0,1
"POINT (8.457059401000040 49.490861238999997)",Unfall 205267 (2022) Kat:3, Licht: 0,205267,3,1,8,10,13,1,1,0,0,1,0,0,0,0
"POINT (8.469103230000030 49.493867719000001)",Unfall 205298 (2022) Kat:3, Licht: 0,205298,3,1,4,10,08,5,0,0,1,0,0,0,0,0
"POINT (8.484106187000069 49.454668131000098)",Unfall 205309 (2022) Kat:3, Licht: 0,205309,3,5,1,09,09,1,0,0,0,1,0,0,0,0
"POINT (8.450200311000060 49.549720489000002)",Unfall 205324 (2022) Kat:3, Licht: 0,205324,3,7,0,10,11,5,0,0,1,0,0,0,0,0
"POINT (8.474943637000020 49.485227109999997)",Unfall 205330 (2022) Kat:3, Licht: 1,205330,3,5,0,09,19,6,0,1,1,1,0,0,0,0
"POINT (8.488581111000030 49.504851322999997)",Unfall 205331 (2022) Kat:3, Licht: 0,205331,3,3,6,09,15,4,0,0,0,0,1,0,0,1
"POINT (8.501924176000051 49.494100467000102)",Unfall 205341 (2022) Kat:3, Licht: 0,205341,3,6,1,09,09,6,0,0,0,1,0,1,0,0
"POINT (8.478166735000061 49.486849049999996)",Unfall 205350 (2022) Kat:3, Licht: 0,205350,3,3,5,10,08,6,0,0,1,0,0,0,1,0
"POINT (8.523506754000040 49.438539825000099)",Unfall 205352 (2022) Kat:3, Licht: 0,205352,3,6,2,09,07,3,0,0,0,1,0,1,0,0
"POINT (8.462128286000050 49.485888457000001)",Unfall 205375 (2022) Kat:3, Licht: 0,205375,3,3,0,09,13,4,0,0,1,1,0,0,0,0
"POINT (8.472619427000041 49.504366369000103)",Unfall 205392 (2022) Kat:3, Licht: 2,205392,3,6,6,10,20,2,1,2,0,1,1,0,0,0
"POINT (8.462262842000030 49.495905284999999)",Unfall 205404 (2022) Kat:3, Licht: 1,205404,3,3,0,09,06,3,0,1,1,1,0,0,0,0
"POINT (8.475679784000020 49.503990559999998)",Unfall 205439 (2022) Kat:1, Licht: 2,205439,1,6,6,10,21,4,0,2,0,1,1,0,0,0
"POINT (8.470612024000051 49.493034487000003)",Unfall 205440 (2022) Kat:3, Licht: 0,205440,3,6,2,09,12,4,0,0,0,1,0,0,0,0
"POINT (8.562212102000050 49.511688548000102)",Unfall 205536 (2022) Kat:3, Licht: 0,205536,3,3,5,10,13,3,0,0,1,1,0,0,0,0
"POINT (8.470179139000040 49.488376402000000)",Unfall 205553 (2022) Kat:2, Licht: 2,205553,2,7,9,10,04,1,0,2,0,0,0,0,0,1
"POINT (8.472337698000050 49.497385551999997)",Unfall 205558 (2022) Kat:3, Licht: 2,205558,3,2,5,09,20,3,0,2,1,1,0,0,0,0
"POINT (8.483738551000039 49.497373288000098)",Unfall 205570 (2022) Kat:2, Licht: 0,205570,2,3,5,10,16,5,0,0,1,0,0,0,0,0
"POINT (8.466259089000060 49.481691726000101)",Unfall 205595 (2022) Kat:3, Licht: 1,205595,3,1,0,10,06,5,0,1,1,0,0,0,0,0
"POINT (8.465702393000070 49.487206839000102)",Unfall 205634 (2022) Kat:3, Licht: 0,205634,3,4,6,10,17,7,0,0,0,0,1,0,0,1
"POINT (8.470343896000029 49.492247239999998)",Unfall 205647 (2022) Kat:3, Licht: 0,205647,3,4,0,10,14,7,0,0,0,0,1,0,0,1
"POINT (8.483609522000050 49.480317312000103)",Unfall 205658 (2022) Kat:3, Licht: 0,205658,3,6,3,10,07,6,1,0,0,1,0,0,0,0
"POINT (8.470611263000020 49.482212327000099)",Unfall 205678 (2022) Kat:3, Licht: 0,205678,3,5,1,10,14,2,0,0,1,1,0,0,0,0
"POINT (8.470134248000020 49.504033260000000)",Unfall 205726 (2022) Kat:3, Licht: 2,205726,3,2,4,10,19,2,0,2,0,1,0,0,0,1
"POINT (8.457721322000049 49.496744270000100)",Unfall 205735 (2022) Kat:2, Licht: 2,205735,2,3,5,10,06,6,1,2,0,1,0,1,0,0
"POINT (8.473046695000050 49.464657963000001)",Unfall 205759 (2022) Kat:3, Licht: 0,205759,3,6,2,11,11,5,0,0,0,1,0,0,0,0
"POINT (8.453802566000039 49.486354322000103)",Unfall 205786 (2022) Kat:3, Licht: 0,205786,3,6,2,10,10,1,0,0,1,1,0,0,0,0
"POINT (8.493926469000030 49.455997023000101)",Unfall 205806 (2022) Kat:3, Licht: 0,205806,3,6,2,10,17,7,1,0,0,1,0,0,0,0
"POINT (8.471505684000020 49.493325060000103)",Unfall 205819 (2022) Kat:3, Licht: 0,205819,3,7,0,10,14,4,0,0,0,0,0,0,0,1
"POINT (8.460213054000061 49.533357432999999)",Unfall 205827 (2022) Kat:3, Licht: 2,205827,3,3,5,10,05,5,0,2,1,1,0,0,0,0
"POINT (8.471984952000071 49.520143830000102)",Unfall 205873 (2022) Kat:3, Licht: 2,205873,3,1,0,10,05,6,1,2,0,0,0,1,0,0
"POINT (8.481130830000041 49.483902917000101)",Unfall 205888 (2022) Kat:2, Licht: 2,205888,2,4,6,10,22,5,1,2,1,0,1,0,0,0
"POINT (8.470211040000040 49.493416695000100)",Unfall 205913 (2022) Kat:3, Licht: 0,205913,3,7,1,10,09,2,0,0,0,0,0,1,1,0
"POINT (8.509765576000060 49.517031492000100)",Unfall 205917 (2022) Kat:3, Licht: 0,205917,3,6,1,10,15,6,0,0,1,1,0,0,0,0
"POINT (8.474119993000039 49.508255122999998)",Unfall 205935 (2022) Kat:3, Licht: 0,205935,3,6,2,10,08,5,0,0,0,1,0,0,0,1
"POINT (8.462572455000039 49.493780376000103)",Unfall 205984 (2022) Kat:2, Licht: 0,205984,2,4,6,10,15,5,0,0,0,1,1,0,0,0
"POINT (8.525011727000050 49.436481493000002)",Unfall 205986 (2022) Kat:3, Licht: 2,205986,3,2,5,11,17,6,1,2,0,1,0,1,0,0
"POINT (8.474811797000029 49.465271496000099)",Unfall 206008 (2022) Kat:3, Licht: 0,206008,3,6,2,10,13,7,0,0,0,1,0,0,0,0
"POINT (8.471712586000020 49.498723455000103)",Unfall 206026 (2022) Kat:3, Licht: 2,206026,3,3,5,10,21,5,1,2,1,1,0,0,0,0
"POINT (8.484195975000031 49.480856726000098)",Unfall 206031 (2022) Kat:3, Licht: 2,206031,3,3,5,10,01,7,1,2,0,1,0,0,0,0
"POINT (8.497317520000021 49.450487204000098)",Unfall 206161 (2022) Kat:3, Licht: 2,206161,3,3,5,10,20,5,1,2,0,1,0,1,0,0
"POINT (8.507064578000040 49.447256117999999)",Unfall 206163 (2022) Kat:3, Licht: 0,206163,3,6,2,11,15,6,1,0,0,1,0,1,0,0
"POINT (8.527171921000051 49.443400318000002)",Unfall 206198 (2022) Kat:3, Licht: 1,206198,3,4,6,10,07,5,0,1,0,1,1,0,0,0
"POINT (8.492905655000071 49.457863361000101)",Unfall 206252 (2022) Kat:3, Licht: 0,206252,3,6,1,10,14,6,0,0,0,1,0,0,0,0
"POINT (8.478151846000060 49.483652081000102)",Unfall 206261 (2022) Kat:3, Licht: 2,206261,3,7,6,10,19,2,0,2,0,0,1,0,0,1
"POINT (8.467964430000050 49.487907576000097)",Unfall 206347 (2022) Kat:3, Licht: 1,206347,3,2,3,10,18,7,0,1,1,1,0,0,0,0
"POINT (8.475924635000069 49.518596830000000)",Unfall 206363 (2022) Kat:3, Licht: 0,206363,3,3,5,10,14,1,1,0,0,1,0,0,0,0
"POINT (8.466398295000030 49.490584033000097)",Unfall 206374 (2022) Kat:3, Licht: 2,206374,3,2,6,10,19,5,0,2,0,1,1,0,0,0
"POINT (8.467336233000029 49.482875364000101)",Unfall 206395 (2022) Kat:2, Licht: 0,206395,2,6,3,10,10,4,0,0,0,1,0,0,0,1
"POINT (8.450167761000049 49.548310677000103)",Unfall 206416 (2022) Kat:3, Licht: 0,206416,3,3,5,10,14,7,0,0,0,1,0,0,0,0
"POINT (8.532528636000050 49.423834900000003)",Unfall 206437 (2022) Kat:3, Licht: 2,206437,3,5,3,10,06,4,1,2,1,0,0,0,0,1
"POINT (8.466428478000070 49.485470285000098)",Unfall 206467 (2022) Kat:3, Licht: 2,206467,3,3,5,10,20,7,0,2,0,1,0,0,0,0
"POINT (8.485605382000070 49.482710416000003)",Unfall 206483 (2022) Kat:3, Licht: 0,206483,3,3,5,10,08,6,0,0,0,1,0,0,0,0
"POINT (8.478766500000059 49.487609734000003)",Unfall 206485 (2022) Kat:3, Licht: 2,206485,3,3,5,10,20,1,1,2,1,0,0,0,0,0
"POINT (8.475043140000031 49.491105378999997)",Unfall 206523 (2022) Kat:3, Licht: 0,206523,3,2,5,10,14,2,0,0,1,1,0,0,0,0
"POINT (8.492577417000060 49.521874830000101)",Unfall 206545 (2022) Kat:3, Licht: 2,206545,3,2,5,10,19,5,1,2,1,1,0,0,0,0
"POINT (8.500935608000081 49.505048721000001)",Unfall 206607 (2022) Kat:3, Licht: 0,206607,3,6,1,10,12,2,0,0,0,1,0,0,0,0
"POINT (8.462032293000050 49.546218840000101)",Unfall 206647 (2022) Kat:3, Licht: 2,206647,3,7,1,11,18,4,0,2,0,1,0,0,1,0
"POINT (8.467566347000060 49.517286979000097)",Unfall 206702 (2022) Kat:3, Licht: 2,206702,3,1,0,11,22,6,1,2,1,0,0,0,0,0
"POINT (8.479899844000039 49.544187520999998)",Unfall 206733 (2022) Kat:3, Licht: 0,206733,3,7,1,11,11,2,1,0,0,1,0,0,1,0
"POINT (8.539418518000049 49.484415505000101)",Unfall 206740 (2022) Kat:3, Licht: 2,206740,3,3,5,12,22,1,1,2,0,1,0,0,0,0
"POINT (8.479881997000060 49.459043463000100)",Unfall 206745 (2022) Kat:3, Licht: 0,206745,3,3,5,11,08,3,0,0,1,0,0,0,0,0
"POINT (8.481067083000029 49.456815387000098)",Unfall 206791 (2022) Kat:3, Licht: 2,206791,3,3,5,11,17,3,1,2,1,1,0,0,0,0
"POINT (8.484809839000039 49.467709011000103)",Unfall 206797 (2022) Kat:3, Licht: 0,206797,3,6,1,12,13,6,1,0,0,1,0,0,0,0
"POINT (8.512455951000049 49.481217280000102)",Unfall 206804 (2022) Kat:3, Licht: 2,206804,3,7,0,11,17,5,1,2,1,0,1,0,0,0
"POINT (8.474220567000030 49.482568763000103)",Unfall 206805 (2022) Kat:3, Licht: 0,206805,3,7,1,11,15,2,0,0,1,1,0,0,0,0
"POINT (8.478452512000050 49.460935657999997)",Unfall 206815 (2022) Kat:3, Licht: 2,206815,3,7,5,11,23,7,1,2,0,1,0,0,0,1
"POINT (8.445498728000080 49.500865113000003)",Unfall 206830 (2022) Kat:3, Licht: 2,206830,3,5,1,12,00,5,0,2,0,1,0,0,1,0
"POINT (8.472887673000059 49.492445657000097)",Unfall 206841 (2022) Kat:3, Licht: 2,206841,3,7,3,11,18,6,0,2,0,1,0,0,0,1
"POINT (8.481020950000071 49.478200545000000)",Unfall 206867 (2022) Kat:2, Licht: 0,206867,2,3,5,12,12,7,0,0,1,1,0,0,0,0
"POINT (8.468796107000060 49.531919928999997)",Unfall 206879 (2022) Kat:3, Licht: 2,206879,3,5,1,11,21,1,0,2,1,1,0,0,0,0
"POINT (8.481076472000041 49.456818130999999)",Unfall 206901 (2022) Kat:3, Licht: 0,206901,3,3,5,12,15,6,1,0,1,1,0,0,0,0
"POINT (8.509535933000050 49.446203807000103)",Unfall 206943 (2022) Kat:3, Licht: 0,206943,3,6,2,11,10,4,0,0,0,1,0,0,0,0
"POINT (8.484158567000071 49.468536282999999)",Unfall 206949 (2022) Kat:3, Licht: 0,206949,3,2,3,11,10,2,0,0,0,1,0,0,0,1
"POINT (8.484279139000019 49.472172150000098)",Unfall 206972 (2022) Kat:3, Licht: 0,206972,3,1,0,11,13,7,1,0,0,0,0,1,0,0
"POINT (8.470883189000061 49.516419007000103)",Unfall 206991 (2022) Kat:3, Licht: 0,206991,3,6,3,11,13,7,0,0,0,1,0,0,0,0
"POINT (8.488123219000039 49.495124304000100)",Unfall 206997 (2022) Kat:3, Licht: 2,206997,3,3,5,11,17,7,0,2,0,1,0,1,0,0
"POINT (8.472300546000040 49.546644804000003)",Unfall 207017 (2022) Kat:3, Licht: 0,207017,3,6,4,11,12,3,0,0,0,1,0,0,0,0
"POINT (8.537477823000071 49.502883123000103)",Unfall 207024 (2022) Kat:2, Licht: 1,207024,2,1,6,11,16,6,1,1,0,1,1,0,0,0
"POINT (8.457466711000050 49.496187377000098)",Unfall 207052 (2022) Kat:2, Licht: 1,207052,2,2,4,11,17,6,0,1,0,1,0,1,0,0
"POINT (8.491376157000049 49.477720769000001)",Unfall 207059 (2022) Kat:3, Licht: 2,207059,3,6,2,11,19,2,1,2,0,1,0,0,0,0
"POINT (8.483776663000070 49.469769040000102)",Unfall 207089 (2022) Kat:3, Licht: 0,207089,3,6,2,11,12,4,0,0,0,1,0,0,0,0
"POINT (8.493527310000051 49.480402529000102)",Unfall 207117 (2022) Kat:3, Licht: 0,207117,3,6,2,11,15,5,1,0,0,1,0,0,0,1
"POINT (8.493895970000040 49.455830650999999)",Unfall 207182 (2022) Kat:3, Licht: 1,207182,3,3,5,11,16,4,0,1,1,1,0,0,0,0
"POINT (8.527871146000050 49.431223847000098)",Unfall 207188 (2022) Kat:3, Licht: 1,207188,3,1,0,12,08,6,1,1,1,0,0,0,0,0
"POINT (8.468254890000029 49.493717902000100)",Unfall 207194 (2022) Kat:3, Licht: 0,207194,3,6,2,11,07,5,1,0,0,1,0,0,0,0
"POINT (8.477896957000040 49.472444662999997)",Unfall 207218 (2022) Kat:3, Licht: 0,207218,3,2,5,11,15,6,0,0,1,1,0,0,0,0
"POINT (8.510700753000039 49.507141805000103)",Unfall 207241 (2022) Kat:3, Licht: 0,207241,3,6,0,12,10,2,0,0,0,1,0,0,0,1
"POINT (8.467365727000070 49.498960199000102)",Unfall 207257 (2022) Kat:3, Licht: 0,207257,3,1,0,11,13,3,1,0,1,0,0,0,0,0
"POINT (8.463883735000019 49.491569988999998)",Unfall 207271 (2022) Kat:3, Licht: 1,207271,3,5,0,11,17,7,0,1,1,1,0,0,0,0
"POINT (8.487878672000020 49.464109712000003)",Unfall 207321 (2022) Kat:3, Licht: 0,207321,3,2,5,11,12,5,0,0,1,1,0,0,0,0
"POINT (8.479052115000060 49.477165610999997)",Unfall 207345 (2022) Kat:3, Licht: 2,207345,3,2,4,11,17,2,1,2,1,1,0,0,0,0
"POINT (8.484135467000041 49.498703600000098)",Unfall 207353 (2022) Kat:3, Licht: 2,207353,3,2,5,11,06,4,1,2,1,1,0,0,0,0
"POINT (8.469030414000031 49.498268455000101)",Unfall 207369 (2022) Kat:3, Licht: 0,207369,3,3,5,11,13,7,1,0,0,1,0,1,0,0
"POINT (8.472351569000070 49.497358882000100)",Unfall 207374 (2022) Kat:3, Licht: 0,207374,3,2,3,12,09,5,0,0,1,1,0,0,0,0
"POINT (8.484526072000049 49.468075554999999)",Unfall 207376 (2022) Kat:3, Licht: 2,207376,3,6,1,11,07,4,1,2,0,1,0,0,0,1
"POINT (8.482279959000040 49.509614586000097)",Unfall 207382 (2022) Kat:3, Licht: 1,207382,3,6,2,11,17,7,1,1,0,1,0,0,0,0
"POINT (8.504652953000059 49.444730370999999)",Unfall 207388 (2022) Kat:3, Licht: 0,207388,3,6,4,11,14,3,0,0,0,1,0,0,0,0
"POINT (8.448890555000050 49.542274902000003)",Unfall 207413 (2022) Kat:3, Licht: 2,207413,3,4,6,11,18,3,1,2,0,1,1,0,0,0
"POINT (8.471310398000069 49.479497405000103)",Unfall 207418 (2022) Kat:3, Licht: 0,207418,3,3,5,11,17,5,1,0,1,1,0,0,0,0
"POINT (8.475923942000071 49.499721526000002)",Unfall 207423 (2022) Kat:3, Licht: 2,207423,3,4,6,11,21,5,0,2,0,0,1,0,0,1
"POINT (8.497467566000070 49.453491075000002)",Unfall 207426 (2022) Kat:3, Licht: 0,207426,3,5,5,11,12,1,0,0,0,0,0,0,0,1
"POINT (8.465004223000051 49.489062665000098)",Unfall 207431 (2022) Kat:3, Licht: 0,207431,3,2,6,11,14,3,0,0,0,1,1,0,0,0
"POINT (8.452817546000061 49.536033969000101)",Unfall 207440 (2022) Kat:2, Licht: 0,207440,2,6,1,11,11,3,0,0,0,1,0,0,0,0
"POINT (8.466067290000071 49.487601647000098)",Unfall 207466 (2022) Kat:3, Licht: 2,207466,3,7,6,11,20,4,1,2,1,0,1,0,0,0
"POINT (8.508623119000051 49.518916273999999)",Unfall 207478 (2022) Kat:3, Licht: 0,207478,3,3,5,11,09,5,0,0,1,0,0,0,0,0
"POINT (8.472879345000020 49.484081312000100)",Unfall 207479 (2022) Kat:3, Licht: 0,207479,3,7,0,11,12,7,0,0,1,0,0,0,0,1
"POINT (8.503103165000031 49.503297572000101)",Unfall 207481 (2022) Kat:3, Licht: 0,207481,3,2,5,12,13,7,0,0,1,1,0,0,0,0
"POINT (8.494238860000049 49.455648156000102)",Unfall 207487 (2022) Kat:2, Licht: 0,207487,2,4,6,11,07,5,1,0,0,1,1,0,0,0
"POINT (8.516335026000039 49.497289109000100)",Unfall 207488 (2022) Kat:3, Licht: 2,207488,3,6,1,11,17,2,1,2,0,1,0,0,0,0
"POINT (8.466680125000041 49.478382402000101)",Unfall 207491 (2022) Kat:3, Licht: 2,207491,3,7,6,12,21,2,1,2,0,1,1,0,0,0
"POINT (8.471270740000019 49.510516617000100)",Unfall 207494 (2022) Kat:3, Licht: 1,207494,3,6,1,11,17,7,0,1,0,1,0,1,0,0
"POINT (8.486540181000070 49.476379715000100)",Unfall 207512 (2022) Kat:3, Licht: 0,207512,3,7,1,11,14,6,1,0,0,1,0,1,0,0
"POINT (8.483734415000070 49.469831567000000)",Unfall 207540 (2022) Kat:3, Licht: 2,207540,3,3,5,12,18,2,0,2,1,1,0,0,0,0
"POINT (8.509219937000070 49.519343240000097)",Unfall 207546 (2022) Kat:3, Licht: 2,207546,3,2,5,11,18,2,1,2,0,1,0,1,0,0
"POINT (8.533851090000040 49.424791243000101)",Unfall 207554 (2022) Kat:3, Licht: 2,207554,3,1,0,11,05,4,1,2,1,0,0,0,0,0
"POINT (8.483842585000049 49.468744743999999)",Unfall 207563 (2022) Kat:3, Licht: 0,207563,3,2,2,11,16,7,1,0,0,1,0,0,0,0
"POINT (8.471960057000050 49.520634606999998)",Unfall 207576 (2022) Kat:3, Licht: 0,207576,3,1,0,11,08,5,1,0,0,0,0,1,0,0
"POINT (8.488202628000071 49.461814234000002)",Unfall 207577 (2022) Kat:3, Licht: 0,207577,3,7,1,11,15,5,0,0,1,1,0,0,0,0
"POINT (8.469906654000059 49.504900163999999)",Unfall 207622 (2022) Kat:2, Licht: 0,207622,2,7,0,11,13,1,1,0,0,0,0,0,0,1
"POINT (8.469681753000030 49.490244759000099)",Unfall 207630 (2022) Kat:3, Licht: 0,207630,3,2,3,11,11,7,0,0,1,1,0,0,0,0
"POINT (8.503797934000030 49.457260313000099)",Unfall 207633 (2022) Kat:3, Licht: 0,207633,3,6,3,11,14,2,0,0,0,1,0,0,0,1
"POINT (8.480641047000059 49.513951919000100)",Unfall 207670 (2022) Kat:3, Licht: 0,207670,3,1,4,11,12,4,0,0,0,1,0,0,0,0
"POINT (8.465279096000071 49.486751680000097)",Unfall 207795 (2022) Kat:2, Licht: 0,207795,2,1,7,12,14,6,0,0,1,0,0,0,0,0
"POINT (8.492508472000051 49.506952706000000)",Unfall 207816 (2022) Kat:3, Licht: 0,207816,3,3,5,12,11,6,1,0,1,1,0,0,0,0
"POINT (8.476737840000061 49.481042506000101)",Unfall 207850 (2022) Kat:3, Licht: 0,207850,3,5,1,12,13,6,1,0,1,1,0,0,0,0
"POINT (8.529760235000030 49.430177263000097)",Unfall 207869 (2022) Kat:2, Licht: 0,207869,2,3,5,12,13,4,1,0,0,1,0,0,0,0
"POINT (8.470594102000060 49.492519367000099)",Unfall 207921 (2022) Kat:3, Licht: 0,207921,3,3,6,12,12,7,0,0,0,0,1,0,0,1
"POINT (8.465026086000019 49.488963064000103)",Unfall 207947 (2022) Kat:3, Licht: 2,207947,3,2,6,12,17,2,0,2,0,1,1,0,0,0
"POINT (8.476490771000041 49.465123568000102)",Unfall 208024 (2022) Kat:3, Licht: 0,208024,3,4,6,12,11,5,0,0,0,1,1,0,0,0
"POINT (8.581682813000040 49.442960409000101)",Unfall 208054 (2022) Kat:3, Licht: 0,208054,3,3,5,12,11,5,0,0,0,1,0,0,0,0
"POINT (8.514096881000061 49.509654476000001)",Unfall 208080 (2022) Kat:3, Licht: 0,208080,3,3,5,12,11,3,0,0,1,1,0,0,0,0
"POINT (8.482159546000050 49.464978983000002)",Unfall 208151 (2022) Kat:3, Licht: 0,208151,3,3,5,12,12,5,1,0,0,1,0,0,0,0
"POINT (8.490505866000030 49.460709426000101)",Unfall 208152 (2022) Kat:1, Licht: 2,208152,1,6,3,12,05,6,0,2,0,1,0,0,0,1
"POINT (8.470338554000019 49.479834029000102)",Unfall 208181 (2022) Kat:3, Licht: 0,208181,3,7,6,12,14,1,1,0,0,1,1,0,0,0
"POINT (8.464770752000049 49.487276448999999)",Unfall 208208 (2022) Kat:3, Licht: 2,208208,3,6,2,12,18,6,0,2,0,1,0,0,0,0
"POINT (8.578937999000059 49.422069590000000)",Unfall 208253 (2022) Kat:2, Licht: 2,208253,2,1,9,12,20,2,1,2,0,1,0,0,0,0
"POINT (8.504938971000060 49.495947672000099)",Unfall 208255 (2022) Kat:3, Licht: 2,208255,3,2,6,12,06,4,1,2,0,1,1,0,0,0
"POINT (8.479767775000029 49.476569332000103)",Unfall 208341 (2022) Kat:3, Licht: 2,208341,3,7,0,12,19,3,1,2,1,0,0,0,0,0
"POINT (8.490672528000060 49.460728178000103)",Unfall 208383 (2022) Kat:3, Licht: 2,208383,3,6,2,12,21,2,0,2,0,1,0,0,0,0
"POINT (8.483234020000049 49.486454688000002)",Unfall 208390 (2022) Kat:3, Licht: 0,208390,3,6,2,12,13,7,0,0,0,1,0,0,0,0
"POINT (8.457796227000070 49.547721498000001)",Unfall 208421 (2022) Kat:3, Licht: 0,208421,3,6,2,12,11,4,0,0,1,1,0,0,1,0
"POINT (8.504612841000039 49.448429331000099)",Unfall 208429 (2022) Kat:3, Licht: 2,208429,3,6,3,12,23,6,2,2,0,1,0,0,0,1
"POINT (8.476201187000070 49.496130923000102)",Unfall 208437 (2022) Kat:3, Licht: 2,208437,3,3,5,12,22,4,1,2,1,1,0,0,0,0
"POINT (8.526996740000071 49.433997353000102)",Unfall 208465 (2022) Kat:3, Licht: 2,208465,3,7,5,12,19,6,0,2,1,1,0,0,0,0
"POINT (8.472855714000049 49.492459576000002)",Unfall 208551 (2022) Kat:3, Licht: 0,208551,3,3,5,12,16,6,0,0,0,1,0,0,0,1
"POINT (8.478005030000080 49.495164752000100)",Unfall 208555 (2022) Kat:3, Licht: 0,208555,3,7,6,12,12,3,0,0,0,1,1,0,0,0
"POINT (8.484570975000050 49.485933499000097)",Unfall 208573 (2022) Kat:3, Licht: 2,208573,3,2,4,12,17,3,0,2,1,1,0,0,0,0
"POINT (8.487578445000050 49.462548554000101)",Unfall 208592 (2022) Kat:3, Licht: 0,208592,3,3,5,12,10,6,0,0,1,1,0,0,0,0
"POINT (8.487232875000069 49.464892129000098)",Unfall 208630 (2022) Kat:3, Licht: 0,208630,3,3,5,12,11,6,0,0,1,1,0,0,0,0
"POINT (8.509404713000039 49.446219063999997)",Unfall 208639 (2022) Kat:3, Licht: 2,208639,3,6,2,12,18,5,1,2,0,1,0,1,0,0
"POINT (8.470390119000058 49.481477348000055)",Unfall 79287 (2023) Kat:3, Licht: 2,79287,3,6,2,01,07,5,0,2,0,1,0,0,0,0
"POINT (8.566484926000044 49.424825843000065)",Unfall 79308 (2023) Kat:3, Licht: 1,79308,3,2,5,01,19,4,0,1,0,1,0,0,0,0
"POINT (8.461583281000060 49.493589679000081)",Unfall 79822 (2023) Kat:3, Licht: 2,79822,3,3,5,01,19,3,0,2,0,1,0,0,0,0
"POINT (8.476905683000041 49.516803883000080)",Unfall 80338 (2023) Kat:2, Licht: 2,80338,2,4,6,01,19,4,1,2,0,0,1,0,0,1
"POINT (8.569254162000050 49.442228904000046)",Unfall 82184 (2023) Kat:3, Licht: 2,82184,3,6,3,01,17,2,1,2,1,1,0,0,0,0
"POINT (8.504471186000046 49.477831450000053)",Unfall 82428 (2023) Kat:3, Licht: 2,82428,3,7,0,01,16,4,1,2,1,0,0,0,0,0
"POINT (8.529366211000024 49.512328569000033)",Unfall 82713 (2023) Kat:3, Licht: 0,82713,3,6,2,02,15,3,0,0,0,1,0,0,0,0
"POINT (8.480618397000057 49.554369076000057)",Unfall 82714 (2023) Kat:3, Licht: 0,82714,3,1,1,02,14,3,0,0,0,1,0,0,0,1
"POINT (8.469838575000040 49.477993667000078)",Unfall 82819 (2023) Kat:3, Licht: 0,82819,3,6,3,02,14,7,0,0,0,1,0,0,0,0
"POINT (8.533910982000066 49.501289526000051)",Unfall 82875 (2023) Kat:3, Licht: 0,82875,3,6,4,02,07,5,0,0,0,1,0,0,1,0
"POINT (8.519649366000067 49.467428391000055)",Unfall 83163 (2023) Kat:3, Licht: 0,83163,3,6,2,02,13,5,0,0,0,1,0,0,0,0
"POINT (8.526720997000041 49.511104785000043)",Unfall 83349 (2023) Kat:3, Licht: 2,83349,3,6,2,01,19,6,0,2,0,1,0,0,0,0
"POINT (8.461602530000050 49.504420286000027)",Unfall 83426 (2023) Kat:3, Licht: 2,83426,3,3,5,01,22,4,0,2,0,1,0,0,0,0
"POINT (8.520796464000057 49.477495393000027)",Unfall 83472 (2023) Kat:2, Licht: 0,83472,2,2,3,01,10,3,1,0,1,1,0,0,0,0
"POINT (8.479720392000047 49.488495415000045)",Unfall 83474 (2023) Kat:3, Licht: 0,83474,3,2,3,01,07,3,0,0,1,1,0,0,0,0
"POINT (8.558724167000037 49.498353079000026)",Unfall 83475 (2023) Kat:3, Licht: 0,83475,3,6,2,01,07,3,0,0,0,1,0,0,0,1
"POINT (8.446837799000036 49.555499772000076)",Unfall 83529 (2023) Kat:3, Licht: 0,83529,3,6,2,01,13,2,1,0,0,1,0,0,0,0
"POINT (8.429618099000038 49.552373811000052)",Unfall 83568 (2023) Kat:3, Licht: 2,83568,3,6,2,01,18,1,0,2,0,1,0,0,0,0
"POINT (8.449742794000031 49.585584586000039)",Unfall 83605 (2023) Kat:3, Licht: 2,83605,3,1,9,01,04,7,2,2,0,1,0,0,0,0
"POINT (8.560254043000043 49.511919986000066)",Unfall 83607 (2023) Kat:3, Licht: 0,83607,3,7,9,01,10,7,2,0,0,1,0,0,0,0
"POINT (8.457296205000034 49.553717283000026)",Unfall 83668 (2023) Kat:3, Licht: 0,83668,3,6,2,01,12,6,0,0,0,1,0,0,1,0
"POINT (8.449120378000032 49.553472516000056)",Unfall 83719 (2023) Kat:3, Licht: 1,83719,3,6,2,01,17,5,0,1,0,1,0,0,0,1
"POINT (8.434913329000040 49.552955215000054)",Unfall 83894 (2023) Kat:3, Licht: 1,83894,3,6,2,01,06,2,0,1,0,1,0,0,0,0
"POINT (8.473548063000067 49.495581881000078)",Unfall 83959 (2023) Kat:3, Licht: 0,83959,3,6,2,04,12,7,0,0,0,1,0,0,0,0
"POINT (8.531831729000032 49.505634756000063)",Unfall 83995 (2023) Kat:3, Licht: 1,83995,3,6,2,03,04,6,0,1,0,1,0,0,0,0
"POINT (8.526508728000067 49.476529031000041)",Unfall 84054 (2023) Kat:3, Licht: 0,84054,3,7,2,03,08,4,0,0,0,1,0,0,0,0
"POINT (8.550994218000028 49.491699017000030)",Unfall 84086 (2023) Kat:3, Licht: 0,84086,3,6,2,03,13,3,0,0,0,1,0,0,1,0
"POINT (8.504680828000062 49.506428481000057)",Unfall 84087 (2023) Kat:3, Licht: 0,84087,3,6,2,03,15,3,0,0,0,1,0,0,0,1
"POINT (8.520155978000048 49.469221954000034)",Unfall 84137 (2023) Kat:3, Licht: 0,84137,3,6,2,03,07,2,0,0,0,1,0,0,0,0
"POINT (8.475039242000037 49.515679446000036)",Unfall 84440 (2023) Kat:3, Licht: 0,84440,3,6,2,03,13,6,1,0,0,1,0,0,1,0
"POINT (8.541234036000048 49.431144282000048)",Unfall 84551 (2023) Kat:3, Licht: 2,84551,3,6,2,03,05,6,0,2,0,1,0,0,0,0
"POINT (8.504283368000074 49.506205871000077)",Unfall 84603 (2023) Kat:3, Licht: 0,84603,3,6,2,03,21,4,0,0,0,1,0,0,0,0
"POINT (8.489743390000058 49.528314506000072)",Unfall 84604 (2023) Kat:2, Licht: 0,84604,2,6,4,03,14,4,0,0,1,1,0,0,0,0
"POINT (8.485503423000068 49.494269996000071)",Unfall 84640 (2023) Kat:3, Licht: 0,84640,3,6,2,03,17,3,0,0,0,1,0,0,0,0
"POINT (8.504011589000072 49.477837904000069)",Unfall 84641 (2023) Kat:3, Licht: 2,84641,3,6,2,03,19,3,0,2,1,0,0,0,0,1
"POINT (8.475887296000053 49.487071064000077)",Unfall 84679 (2023) Kat:3, Licht: 0,84679,3,2,3,03,17,2,1,0,1,1,0,0,0,0
"POINT (8.532089510000048 49.463406639000027)",Unfall 84680 (2023) Kat:3, Licht: 2,84680,3,6,2,03,22,2,1,2,0,1,0,0,0,0
"POINT (8.447817071000031 49.552358505000029)",Unfall 84709 (2023) Kat:3, Licht: 2,84709,3,6,3,03,21,6,1,2,0,1,0,0,0,1
"POINT (8.480560572000059 49.522151124000061)",Unfall 84836 (2023) Kat:3, Licht: 0,84836,3,3,5,03,08,5,1,0,1,1,0,0,0,0
"POINT (8.546269344000052 49.420839662000049)",Unfall 84950 (2023) Kat:3, Licht: 0,84950,3,6,2,03,14,6,1,0,0,1,0,0,0,1
"POINT (8.540557466000053 49.442779297000072)",Unfall 85031 (2023) Kat:3, Licht: 0,85031,3,7,8,03,14,7,0,0,0,1,0,0,0,0
"POINT (8.450040858000023 49.549575670000081)",Unfall 85061 (2023) Kat:3, Licht: 0,85061,3,7,0,03,17,6,0,0,1,0,0,0,0,0
"POINT (8.519718704000070 49.467426631000080)",Unfall 85064 (2023) Kat:3, Licht: 0,85064,3,3,5,03,17,6,0,0,0,1,0,0,1,0
"POINT (8.523407544000065 49.465901581000026)",Unfall 85086 (2023) Kat:3, Licht: 2,85086,3,6,2,03,22,7,0,2,0,1,0,0,0,0
"POINT (8.498403276000033 49.554845855000053)",Unfall 85204 (2023) Kat:3, Licht: 2,85204,3,6,2,02,19,3,0,2,0,1,0,0,0,0
"POINT (8.450994630000025 49.491491072000031)",Unfall 85245 (2023) Kat:3, Licht: 0,85245,3,6,2,02,16,2,0,0,0,1,0,0,0,0
"POINT (8.558179627000072 49.469690526000079)",Unfall 85287 (2023) Kat:2, Licht: 0,85287,2,7,0,02,11,1,0,0,1,0,0,0,0,0
"POINT (8.549695844000041 49.511084022000034)",Unfall 85464 (2023) Kat:3, Licht: 2,85464,3,1,8,02,18,3,0,2,0,1,0,0,0,0
"POINT (8.505715601000077 49.506863685000042)",Unfall 85474 (2023) Kat:3, Licht: 0,85474,3,2,5,03,13,6,0,0,1,0,0,0,0,1
"POINT (8.545861638000076 49.458820747000061)",Unfall 85552 (2023) Kat:3, Licht: 2,85552,3,7,0,02,00,1,0,2,0,1,0,0,0,0
"POINT (8.476179681000076 49.487238976000071)",Unfall 85582 (2023) Kat:3, Licht: 2,85582,3,6,3,02,22,7,0,2,1,1,0,0,0,0
"POINT (8.544857834000027 49.517079930000079)",Unfall 85613 (2023) Kat:3, Licht: 1,85613,3,1,9,02,18,6,0,1,0,1,0,0,0,0
"POINT (8.566556534000028 49.419998338000028)",Unfall 85694 (2023) Kat:3, Licht: 0,85694,3,1,8,05,15,2,0,0,0,0,0,1,0,0
"POINT (8.475382378000063 49.485162155000069)",Unfall 85725 (2023) Kat:3, Licht: 0,85725,3,4,6,05,20,2,1,0,1,0,1,0,0,0
"POINT (8.457467128000076 49.544925375000048)",Unfall 85792 (2023) Kat:3, Licht: 0,85792,3,6,3,05,13,7,0,0,0,0,0,1,1,0
"POINT (8.512887994000039 49.449417969000081)",Unfall 85940 (2023) Kat:3, Licht: 0,85940,3,6,2,05,19,3,0,0,0,1,0,0,1,0
"POINT (8.517594940000038 49.487947862000055)",Unfall 85942 (2023) Kat:3, Licht: 0,85942,3,6,2,05,14,3,0,0,0,1,0,0,0,0
"POINT (8.469967644000064 49.510496942000032)",Unfall 85987 (2023) Kat:2, Licht: 0,85987,2,4,6,05,13,2,0,0,0,0,1,0,1,0
"POINT (8.521236764000037 49.482475187000034)",Unfall 86057 (2023) Kat:3, Licht: 0,86057,3,6,2,05,17,7,0,0,0,1,0,0,0,0
"POINT (8.541778105000049 49.459910556000068)",Unfall 86095 (2023) Kat:3, Licht: 0,86095,3,1,9,05,19,6,1,0,0,0,0,1,0,0
"POINT (8.457027783000058 49.483666100000050)",Unfall 86131 (2023) Kat:2, Licht: 0,86131,2,1,8,05,08,5,0,0,0,0,0,1,0,0
"POINT (8.491370713000038 49.499647208000056)",Unfall 86264 (2023) Kat:3, Licht: 2,86264,3,2,3,05,22,2,0,2,1,1,0,0,0,0
"POINT (8.511324235000075 49.444990358000041)",Unfall 86358 (2023) Kat:3, Licht: 0,86358,3,6,2,05,10,6,0,0,0,1,0,0,0,0
"POINT (8.469812951000051 49.510385917000065)",Unfall 86442 (2023) Kat:3, Licht: 0,86442,3,2,3,05,16,5,0,0,1,1,0,0,0,0
"POINT (8.480219969000075 49.495069042000068)",Unfall 86443 (2023) Kat:3, Licht: 0,86443,3,3,5,05,19,5,0,0,1,1,0,0,0,0
"POINT (8.529891196000051 49.512528782000061)",Unfall 86444 (2023) Kat:3, Licht: 0,86444,3,6,2,05,07,5,0,0,0,1,0,0,0,0
"POINT (8.481860003000065 49.525787262000051)",Unfall 86445 (2023) Kat:2, Licht: 0,86445,2,3,5,05,07,5,0,0,1,1,0,0,0,0
"POINT (8.488316089000023 49.494720516000029)",Unfall 86565 (2023) Kat:3, Licht: 0,86565,3,6,3,05,21,3,0,0,1,1,0,0,0,0
"POINT (8.499317506000068 49.503881646000082)",Unfall 86608 (2023) Kat:3, Licht: 0,86608,3,6,2,05,17,2,0,0,0,1,0,0,0,0
"POINT (8.472475170000052 49.482508091000057)",Unfall 86645 (2023) Kat:3, Licht: 2,86645,3,7,1,04,22,1,0,2,0,1,0,0,0,0
"POINT (8.518161168000063 49.516545095000026)",Unfall 86646 (2023) Kat:2, Licht: 0,86646,2,6,4,04,16,1,0,0,1,0,0,0,0,0
"POINT (8.474011311000027 49.479381387000046)",Unfall 86647 (2023) Kat:3, Licht: 0,86647,3,6,2,04,17,1,0,0,0,1,0,0,0,0
"POINT (8.471129178000069 49.553985030000035)",Unfall 86648 (2023) Kat:3, Licht: 0,86648,3,6,2,04,15,1,0,0,0,1,0,0,0,0
"POINT (8.447270061000040 49.554668359000061)",Unfall 86688 (2023) Kat:3, Licht: 0,86688,3,6,2,04,13,7,0,0,0,1,0,0,0,0
"POINT (8.473720102000073 49.483713564000027)",Unfall 86689 (2023) Kat:2, Licht: 0,86689,2,3,5,04,19,7,0,0,1,1,0,0,0,0
"POINT (8.484818834000066 49.494307202000073)",Unfall 86719 (2023) Kat:3, Licht: 0,86719,3,3,5,05,16,4,0,0,0,1,0,0,0,0
"POINT (8.533056162000037 49.426078788000041)",Unfall 86746 (2023) Kat:3, Licht: 0,86746,3,1,0,04,13,6,1,0,0,0,0,1,0,0
"POINT (8.471981678000077 49.513355912000065)",Unfall 86747 (2023) Kat:2, Licht: 0,86747,2,2,5,04,07,6,1,0,0,1,0,0,0,1
"POINT (8.457330058000025 49.491161372000079)",Unfall 86804 (2023) Kat:3, Licht: 2,86804,3,1,9,04,00,5,0,2,0,1,0,0,0,0
"POINT (8.524668943000052 49.465552318000050)",Unfall 86805 (2023) Kat:3, Licht: 0,86805,3,6,2,04,17,5,0,0,0,1,0,0,1,0
"POINT (8.486992857000075 49.496230029000060)",Unfall 86855 (2023) Kat:3, Licht: 2,86855,3,3,5,04,05,4,0,2,0,1,0,1,0,0
"POINT (8.485313258000076 49.530199078000066)",Unfall 86903 (2023) Kat:3, Licht: 0,86903,3,2,3,04,14,3,0,0,0,1,0,0,0,0
"POINT (8.487335248000022 49.475075727000046)",Unfall 86952 (2023) Kat:3, Licht: 0,86952,3,5,5,04,12,2,0,0,1,1,0,0,0,0
"POINT (8.513642516000061 49.517803259000061)",Unfall 86953 (2023) Kat:3, Licht: 0,86953,3,6,2,04,14,2,0,0,0,1,0,0,0,1
"POINT (8.480062936000024 49.474818288000051)",Unfall 86996 (2023) Kat:3, Licht: 2,86996,3,7,9,04,02,1,1,2,0,1,0,0,0,0
"POINT (8.483221585000024 49.492921122000041)",Unfall 87008 (2023) Kat:3, Licht: 1,87008,3,6,3,05,19,3,1,1,0,1,0,1,0,0
"POINT (8.515971960000059 49.507635475000029)",Unfall 87060 (2023) Kat:3, Licht: 0,87060,3,6,2,04,14,7,0,0,0,1,0,0,0,0
"POINT (8.461735166000039 49.494221846000073)",Unfall 87131 (2023) Kat:3, Licht: 0,87131,3,6,1,04,07,6,0,0,0,1,0,0,0,0
"POINT (8.500139215000047 49.474331937000045)",Unfall 87272 (2023) Kat:2, Licht: 0,87272,2,6,3,04,08,4,0,0,0,1,0,0,0,0
"POINT (8.456086321000043 49.488816594000070)",Unfall 87309 (2023) Kat:3, Licht: 0,87309,3,6,2,04,13,3,0,0,0,1,0,0,1,0
"POINT (8.459910283000056 49.492935505000048)",Unfall 87310 (2023) Kat:3, Licht: 0,87310,3,6,2,04,13,3,0,0,0,1,0,0,0,0
"POINT (8.570142044000022 49.460767660000045)",Unfall 87397 (2023) Kat:3, Licht: 2,87397,3,5,1,04,03,1,1,2,0,1,0,1,0,1
"POINT (8.464095405000023 49.484045910000077)",Unfall 87538 (2023) Kat:2, Licht: 0,87538,2,6,3,04,12,5,0,0,0,1,0,0,0,1
"POINT (8.474089497000023 49.496156189000033)",Unfall 87641 (2023) Kat:3, Licht: 0,87641,3,6,3,05,19,5,0,0,0,1,0,1,0,0
"POINT (8.545820988000060 49.482371249000039)",Unfall 87725 (2023) Kat:3, Licht: 0,87725,3,6,3,04,09,1,0,0,0,1,0,0,0,1
"POINT (8.471595008000065 49.481623739000042)",Unfall 87844 (2023) Kat:3, Licht: 0,87844,3,6,0,05,08,3,0,0,0,0,0,1,0,1
"POINT (8.467882735000046 49.509003249000045)",Unfall 87853 (2023) Kat:3, Licht: 0,87853,3,6,2,04,15,5,0,0,0,1,0,0,0,0
"POINT (8.475161366000066 49.485211471000071)",Unfall 87854 (2023) Kat:3, Licht: 0,87854,3,6,1,04,16,5,0,0,0,1,0,0,0,0
"POINT (8.538111008000044 49.461163733000035)",Unfall 87855 (2023) Kat:2, Licht: 0,87855,2,1,9,04,14,5,0,0,0,0,0,0,1,0
"POINT (8.552548150000064 49.491563180000071)",Unfall 87925 (2023) Kat:3, Licht: 0,87925,3,6,2,04,16,4,0,0,0,1,0,0,0,0
"POINT (8.464270003000024 49.506421283000066)",Unfall 88188 (2023) Kat:3, Licht: 0,88188,3,6,2,06,15,7,0,0,0,1,0,0,0,0
"POINT (8.504750421000040 49.522141306000037)",Unfall 88189 (2023) Kat:3, Licht: 0,88189,3,6,2,06,16,7,0,0,0,1,0,0,0,0
"POINT (8.481669827000076 49.490987780000069)",Unfall 88239 (2023) Kat:3, Licht: 2,88239,3,6,4,06,23,6,0,2,1,0,0,0,0,0
"POINT (8.538820103000035 49.418928018000031)",Unfall 88241 (2023) Kat:2, Licht: 0,88241,2,3,5,06,14,6,0,0,0,1,0,0,0,0
"POINT (8.481989459000033 49.474136952000038)",Unfall 88610 (2023) Kat:2, Licht: 0,88610,2,3,5,06,16,6,0,0,1,1,0,0,0,0
"POINT (8.456020338000030 49.487644210000042)",Unfall 88720 (2023) Kat:3, Licht: 0,88720,3,6,2,05,17,4,0,0,0,1,0,0,0,0
"POINT (8.544792959000063 49.518994572000054)",Unfall 88854 (2023) Kat:3, Licht: 2,88854,3,6,4,05,23,2,0,2,0,1,0,0,0,0
"POINT (8.483218009000041 49.493347097000026)",Unfall 88910 (2023) Kat:3, Licht: 0,88910,3,6,3,05,19,1,0,0,1,1,0,0,0,0
"POINT (8.522192317000076 49.477371177000066)",Unfall 88971 (2023) Kat:3, Licht: 0,88971,3,6,0,05,12,7,0,0,0,0,0,1,0,0
"POINT (8.463082365000048 49.482169508000027)",Unfall 89056 (2023) Kat:3, Licht: 0,89056,3,6,2,05,19,6,0,0,0,1,0,0,0,0
"POINT (8.489580775000036 49.470547046000036)",Unfall 89193 (2023) Kat:3, Licht: 0,89193,3,7,0,05,16,4,0,0,0,0,0,1,0,0
"POINT (8.476311395000039 49.516596740000068)",Unfall 89252 (2023) Kat:3, Licht: 0,89252,3,6,1,05,18,3,0,0,0,1,0,0,0,0
"POINT (8.458183632000043 49.482105234000073)",Unfall 89253 (2023) Kat:3, Licht: 0,89253,3,7,0,05,08,3,0,0,0,0,0,0,0,1
"POINT (8.487078514000075 49.496336888000030)",Unfall 89254 (2023) Kat:3, Licht: 0,89254,3,3,5,05,17,3,0,0,0,0,0,0,0,1
"POINT (8.453272085000037 49.553602908000073)",Unfall 89255 (2023) Kat:3, Licht: 0,89255,3,1,0,05,07,3,0,0,0,1,0,0,0,0
"POINT (8.550163620000035 49.488669422000044)",Unfall 89756 (2023) Kat:3, Licht: 0,89756,3,6,0,07,10,2,0,0,0,0,0,0,1,1
"POINT (8.505868903000021 49.463881959000048)",Unfall 89757 (2023) Kat:2, Licht: 0,89757,2,3,5,07,05,2,0,0,0,1,0,1,0,0
"POINT (8.530267661000039 49.429637063000030)",Unfall 89951 (2023) Kat:3, Licht: 0,89951,3,5,5,06,17,5,0,0,1,1,0,0,0,0
"POINT (8.519736046000048 49.467426703000058)",Unfall 90024 (2023) Kat:3, Licht: 0,90024,3,6,2,06,12,4,0,0,0,1,0,0,0,0
"POINT (8.477961659000073 49.476364358000069)",Unfall 90077 (2023) Kat:2, Licht: 0,90077,2,6,4,06,13,3,0,0,1,0,0,0,0,1
"POINT (8.493683622000049 49.500860674000080)",Unfall 90078 (2023) Kat:3, Licht: 0,90078,3,3,5,06,17,3,0,0,1,1,0,0,0,0
"POINT (8.503190029000052 49.554855934000045)",Unfall 90202 (2023) Kat:3, Licht: 0,90202,3,6,2,06,06,1,0,0,0,1,0,0,0,0
"POINT (8.560122704000037 49.508806830000026)",Unfall 90204 (2023) Kat:3, Licht: 2,90204,3,6,1,06,03,1,0,2,0,1,0,0,1,0
"POINT (8.482841997000037 49.493072224000059)",Unfall 90324 (2023) Kat:3, Licht: 0,90324,3,7,0,06,10,6,0,0,1,0,0,0,0,1
"POINT (8.560399130000064 49.502635011000052)",Unfall 90326 (2023) Kat:3, Licht: 2,90326,3,1,8,06,23,6,0,2,0,1,0,0,0,0
"POINT (8.475972925000065 49.486278699000081)",Unfall 90328 (2023) Kat:3, Licht: 2,90328,3,6,1,06,23,6,0,2,0,1,0,0,0,0
"POINT (8.519726322000054 49.467426663000026)",Unfall 90391 (2023) Kat:3, Licht: 0,90391,3,6,1,06,07,5,0,0,0,1,0,0,0,0
"POINT (8.467280669000047 49.508573036000030)",Unfall 90447 (2023) Kat:3, Licht: 0,90447,3,5,5,06,06,4,0,0,0,1,0,0,0,0
"POINT (8.513031849000072 49.477631115000065)",Unfall 90513 (2023) Kat:3, Licht: 0,90513,3,6,2,06,07,3,0,0,0,1,0,0,0,0
"POINT (8.571201467000037 49.450860592000026)",Unfall 90514 (2023) Kat:3, Licht: 0,90514,3,6,1,06,06,3,0,0,0,1,0,0,1,0
"POINT (8.490939625000067 49.470134503000054)",Unfall 90593 (2023) Kat:3, Licht: 2,90593,3,6,2,06,22,2,0,2,0,1,0,0,0,0
"POINT (8.519663752000042 49.467426403000047)",Unfall 90594 (2023) Kat:3, Licht: 0,90594,3,6,2,06,08,2,0,0,0,1,0,0,0,0
"POINT (8.537670698000056 49.419721888000026)",Unfall 90595 (2023) Kat:3, Licht: 0,90595,3,6,2,06,07,2,0,0,0,1,0,0,0,1
"POINT (8.573333928000068 49.460285937000037)",Unfall 90769 (2023) Kat:3, Licht: 0,90769,3,7,0,06,06,6,0,0,1,0,0,0,0,0
"POINT (8.543259617000047 49.476281465000056)",Unfall 90771 (2023) Kat:3, Licht: 0,90771,3,6,2,06,07,6,0,0,0,1,0,0,0,0
"POINT (8.485708964000025 49.530051683000067)",Unfall 90835 (2023) Kat:3, Licht: 2,90835,3,7,8,06,02,5,0,2,0,1,0,0,0,0
"POINT (8.475761721000026 49.486365389000071)",Unfall 90924 (2023) Kat:3, Licht: 0,90924,3,7,0,06,16,4,0,0,1,0,0,0,0,0
"POINT (8.524374897000030 49.440012312000079)",Unfall 91045 (2023) Kat:3, Licht: 0,91045,3,3,5,06,15,3,0,0,1,1,0,0,0,0
"POINT (8.546365234000064 49.514785009000036)",Unfall 91062 (2023) Kat:3, Licht: 0,91062,3,7,4,06,18,2,0,0,0,1,0,0,0,0
"POINT (8.489310185000022 49.494328756000073)",Unfall 91154 (2023) Kat:3, Licht: 0,91154,3,6,2,08,18,4,0,0,0,1,0,0,0,0
"POINT (8.460170916000038 49.493108635000056)",Unfall 91268 (2023) Kat:3, Licht: 0,91268,3,6,2,08,19,1,0,0,0,1,0,0,0,0
"POINT (8.531547641000031 49.437442203000046)",Unfall 91340 (2023) Kat:3, Licht: 0,91340,3,6,2,08,17,6,0,0,0,1,0,0,0,0
"POINT (8.510175672000059 49.507530838000037)",Unfall 91341 (2023) Kat:3, Licht: 0,91341,3,6,3,08,11,6,0,0,0,1,0,1,0,0
"POINT (8.536810839000054 49.498637135000081)",Unfall 91342 (2023) Kat:3, Licht: 0,91342,3,6,2,08,13,6,0,0,0,1,0,0,0,0
"POINT (8.534521442000027 49.448646703000065)",Unfall 91700 (2023) Kat:3, Licht: 0,91700,3,2,3,08,14,5,0,0,1,1,0,0,0,0
"POINT (8.522760596000069 49.473338577000050)",Unfall 91771 (2023) Kat:3, Licht: 0,91771,3,6,1,08,12,3,0,0,0,1,0,0,1,0
"POINT (8.531243747000076 49.479846195000050)",Unfall 91824 (2023) Kat:3, Licht: 2,91824,3,1,8,08,00,2,1,2,0,1,0,0,0,0
"POINT (8.483766589000027 49.473967053000081)",Unfall 91888 (2023) Kat:3, Licht: 0,91888,3,6,1,08,11,7,0,0,0,1,0,1,0,0
"POINT (8.551353484000060 49.489452889000063)",Unfall 91889 (2023) Kat:3, Licht: 0,91889,3,6,2,08,12,7,0,0,0,1,0,0,0,0
"POINT (8.471319575000052 49.481339803000026)",Unfall 92056 (2023) Kat:3, Licht: 1,92056,3,6,2,08,20,3,1,1,0,1,0,0,0,0
"POINT (8.482205507000060 49.491759994000063)",Unfall 92083 (2023) Kat:3, Licht: 0,92083,3,6,2,08,18,4,0,0,0,1,0,0,0,0
"POINT (8.539559886000063 49.462259118000077)",Unfall 92106 (2023) Kat:3, Licht: 1,92106,3,1,8,07,19,2,1,1,0,1,0,0,0,0
"POINT (8.582509894000054 49.457435686000053)",Unfall 92154 (2023) Kat:3, Licht: 0,92154,3,1,0,07,14,1,0,0,1,0,0,0,0,0
"POINT (8.520443644000068 49.466568840000036)",Unfall 92309 (2023) Kat:3, Licht: 0,92309,3,1,9,07,16,5,1,0,0,1,0,0,0,0
"POINT (8.471649765000052 49.481680185000073)",Unfall 92375 (2023) Kat:3, Licht: 0,92375,3,6,2,07,15,4,0,0,1,1,0,0,0,0
"POINT (8.560344779000047 49.509913055000027)",Unfall 92430 (2023) Kat:3, Licht: 2,92430,3,7,7,07,01,3,0,2,0,0,0,0,0,1
"POINT (8.543932998000059 49.482318267000039)",Unfall 92432 (2023) Kat:3, Licht: 0,92432,3,6,2,07,17,3,1,0,0,1,0,0,0,0
"POINT (8.466022524000039 49.483284388000072)",Unfall 92433 (2023) Kat:3, Licht: 0,92433,3,6,3,07,10,3,1,0,0,0,0,1,0,1
"POINT (8.482169073000023 49.473934400000076)",Unfall 92497 (2023) Kat:3, Licht: 0,92497,3,3,5,07,08,2,0,0,0,1,0,0,0,1
"POINT (8.456558255000061 49.481297701000074)",Unfall 92663 (2023) Kat:3, Licht: 0,92663,3,6,1,07,12,6,0,0,0,1,0,0,0,0
"POINT (8.532086100000072 49.463407658000051)",Unfall 92664 (2023) Kat:3, Licht: 0,92664,3,6,2,07,14,6,0,0,0,1,0,0,0,1
"POINT (8.546346083000060 49.514818041000069)",Unfall 92890 (2023) Kat:3, Licht: 0,92890,3,6,2,07,12,3,0,0,0,1,0,0,0,0
"POINT (8.496332097000050 49.476167588000067)",Unfall 93111 (2023) Kat:2, Licht: 0,93111,2,6,2,08,08,3,0,0,0,1,0,0,0,0
"POINT (8.566738328000042 49.418846124000027)",Unfall 93119 (2023) Kat:3, Licht: 0,93119,3,1,9,08,11,6,0,0,0,1,0,0,0,0
"POINT (8.471011750000059 49.481220351000047)",Unfall 93160 (2023) Kat:3, Licht: 0,93160,3,7,1,07,11,6,0,0,0,1,0,1,0,0
"POINT (8.545815355000059 49.482361787000059)",Unfall 93245 (2023) Kat:3, Licht: 0,93245,3,6,2,07,07,5,0,0,0,1,0,0,0,0
"POINT (8.550987630000066 49.491694787000029)",Unfall 93247 (2023) Kat:3, Licht: 0,93247,3,7,0,07,07,5,0,0,0,0,0,1,0,0
"POINT (8.544532703000073 49.482946507000065)",Unfall 93313 (2023) Kat:2, Licht: 0,93313,2,7,5,07,20,4,0,0,1,1,0,0,0,1
"POINT (8.450016450000021 49.549592469000061)",Unfall 93330 (2023) Kat:3, Licht: 0,93330,3,6,2,07,14,1,0,0,0,1,0,0,0,0
"POINT (8.458183632000043 49.482105234000073)",Unfall 93434 (2023) Kat:3, Licht: 2,93434,3,1,9,09,23,1,0,2,0,1,0,0,0,0
"POINT (8.473971933000030 49.483601669000052)",Unfall 93435 (2023) Kat:3, Licht: 0,93435,3,6,1,09,17,1,0,0,0,1,0,1,0,0
"POINT (8.529093325000076 49.431164628000033)",Unfall 93436 (2023) Kat:3, Licht: 0,93436,3,6,4,09,18,1,0,0,1,0,0,0,0,0
"POINT (8.477194051000026 49.474270217000026)",Unfall 93437 (2023) Kat:3, Licht: 0,93437,3,6,2,09,17,1,0,0,0,1,0,0,0,0
"POINT (8.468443901000057 49.478548066000030)",Unfall 93524 (2023) Kat:3, Licht: 0,93524,3,6,2,09,09,6,0,0,0,1,0,0,0,0
"POINT (8.497216831000060 49.502918763000082)",Unfall 93525 (2023) Kat:1, Licht: 2,93525,1,4,6,09,21,6,0,2,0,1,1,0,0,0
"POINT (8.449288488000036 49.550114021000070)",Unfall 93583 (2023) Kat:3, Licht: 0,93583,3,3,5,09,09,5,0,0,0,1,0,0,0,0
"POINT (8.490979244000073 49.499450073000048)",Unfall 93584 (2023) Kat:3, Licht: 0,93584,3,6,2,09,17,5,0,0,0,1,0,1,0,0
"POINT (8.456899750000048 49.481458458000077)",Unfall 93634 (2023) Kat:3, Licht: 0,93634,3,6,3,09,14,4,0,0,0,1,0,0,0,0
"POINT (8.535800773000062 49.462211626000055)",Unfall 93689 (2023) Kat:3, Licht: 0,93689,3,6,2,09,16,3,0,0,0,1,0,0,0,0
"POINT (8.476911522000023 49.487707809000028)",Unfall 93935 (2023) Kat:3, Licht: 0,93935,3,6,3,09,19,6,0,0,0,1,0,0,1,0
"POINT (8.568162588000064 49.450385752000045)",Unfall 93937 (2023) Kat:3, Licht: 2,93937,3,1,9,09,06,6,0,2,0,1,0,0,0,0
"POINT (8.542562572000065 49.473739104000060)",Unfall 93938 (2023) Kat:3, Licht: 0,93938,3,6,9,09,14,6,0,0,0,1,0,0,0,0
"POINT (8.531294479000053 49.512911383000073)",Unfall 93998 (2023) Kat:2, Licht: 0,93998,2,6,2,09,17,5,0,0,0,0,0,1,0,1
"POINT (8.515884408000034 49.477631321000047)",Unfall 94072 (2023) Kat:3, Licht: 0,94072,3,2,5,09,07,4,0,0,1,0,0,1,0,0
"POINT (8.483181446000060 49.494554671000060)",Unfall 94274 (2023) Kat:3, Licht: 0,94274,3,7,6,09,15,1,0,0,1,0,1,0,0,0
"POINT (8.569674123000027 49.448818343000028)",Unfall 94458 (2023) Kat:3, Licht: 0,94458,3,2,5,08,15,5,0,0,0,1,0,0,0,1
"POINT (8.445507503000044 49.489781406000077)",Unfall 94524 (2023) Kat:3, Licht: 0,94524,3,6,2,08,15,3,0,0,0,1,0,0,0,0
"POINT (8.460164858000041 49.500694127000031)",Unfall 94851 (2023) Kat:3, Licht: 0,94851,3,7,0,10,15,6,0,0,0,0,0,1,0,0
"POINT (8.522827985000049 49.473478395000029)",Unfall 94852 (2023) Kat:3, Licht: 0,94852,3,6,2,10,17,6,0,0,0,1,0,0,0,0
"POINT (8.505556201000047 49.463750317000063)",Unfall 94855 (2023) Kat:3, Licht: 0,94855,3,6,1,10,11,6,0,0,0,0,0,1,0,1
"POINT (8.560526118000041 49.516195307000032)",Unfall 94971 (2023) Kat:2, Licht: 2,94971,2,7,0,10,23,4,0,2,0,1,0,0,1,1
"POINT (8.475370172000055 49.485145155000055)",Unfall 95026 (2023) Kat:3, Licht: 0,95026,3,6,2,10,17,3,0,0,1,1,0,0,0,0
"POINT (8.447088313000052 49.565179739000030)",Unfall 95065 (2023) Kat:3, Licht: 0,95065,3,6,2,10,17,2,0,0,0,1,0,0,0,0
"POINT (8.537460667000062 49.419951016000027)",Unfall 95110 (2023) Kat:3, Licht: 0,95110,3,1,1,10,09,1,0,0,0,1,0,1,0,0
"POINT (8.464324592000025 49.506460474000050)",Unfall 95168 (2023) Kat:3, Licht: 2,95168,3,1,8,10,21,7,0,2,0,1,0,0,0,0
"POINT (8.467239251000024 49.508543439000050)",Unfall 95260 (2023) Kat:3, Licht: 2,95260,3,2,4,10,20,5,0,2,0,1,0,0,0,1
"POINT (8.487474402000032 49.475453507000054)",Unfall 95363 (2023) Kat:3, Licht: 2,95363,3,4,6,10,00,3,0,2,0,1,1,0,0,1
"POINT (8.482012893000046 49.494808978000037)",Unfall 95531 (2023) Kat:3, Licht: 0,95531,3,2,4,09,18,7,0,0,1,1,0,0,0,0
"POINT (8.477085077000027 49.474240824000049)",Unfall 95596 (2023) Kat:3, Licht: 2,95596,3,6,3,09,21,6,0,2,0,1,0,0,0,0
"POINT (8.550996440000063 49.491700444000060)",Unfall 95653 (2023) Kat:3, Licht: 0,95653,3,6,2,09,17,5,0,0,0,1,0,0,0,0
"POINT (8.459994196000025 49.498312176000070)",Unfall 95654 (2023) Kat:2, Licht: 0,95654,2,6,4,09,15,5,0,0,0,1,0,1,0,0
"POINT (8.465121696000040 49.507030229000065)",Unfall 95735 (2023) Kat:3, Licht: 0,95735,3,3,5,09,16,4,0,0,0,1,0,0,0,0
"POINT (8.483639339000035 49.493182072000081)",Unfall 95736 (2023) Kat:3, Licht: 0,95736,3,5,1,09,14,4,0,0,1,1,0,0,0,0
"POINT (8.490415177000045 49.528070057000036)",Unfall 96067 (2023) Kat:3, Licht: 0,96067,3,2,5,09,11,6,0,0,1,0,0,0,1,0
"POINT (8.476532030000044 49.474606229000074)",Unfall 96068 (2023) Kat:3, Licht: 1,96068,3,6,3,09,18,6,1,1,0,1,0,0,1,0
"POINT (8.515271152000025 49.488814244000082)",Unfall 96069 (2023) Kat:3, Licht: 2,96069,3,6,3,09,19,6,0,2,0,1,0,0,1,0
"POINT (8.481599648000042 49.524751714000047)",Unfall 96124 (2023) Kat:3, Licht: 0,96124,3,6,3,09,18,5,0,0,0,1,0,1,0,0
"POINT (8.492946551000045 49.489979120000044)",Unfall 96125 (2023) Kat:3, Licht: 0,96125,3,7,1,09,09,5,0,0,0,1,0,0,0,0
"POINT (8.489087544000029 49.498564364000060)",Unfall 96342 (2023) Kat:2, Licht: 0,96342,2,3,5,09,09,2,0,0,1,1,0,0,0,0
"POINT (8.486832795000055 49.496354338000060)",Unfall 96413 (2023) Kat:3, Licht: 0,96413,3,6,2,12,14,3,1,0,0,1,0,0,0,0
"POINT (8.451170951000051 49.548831022000059)",Unfall 96569 (2023) Kat:3, Licht: 2,96569,3,6,2,12,17,6,1,2,0,1,0,0,0,0
"POINT (8.572423742000069 49.449197206000065)",Unfall 96625 (2023) Kat:3, Licht: 0,96625,3,6,2,11,09,5,1,0,0,1,0,0,0,0
"POINT (8.488059735000036 49.497665855000037)",Unfall 96707 (2023) Kat:3, Licht: 0,96707,3,2,3,11,07,3,1,0,1,1,0,0,0,0
"POINT (8.522778658000050 49.473803462000035)",Unfall 96708 (2023) Kat:3, Licht: 2,96708,3,6,2,11,16,3,1,2,0,1,0,0,0,0
"POINT (8.516204862000052 49.488596331000053)",Unfall 96742 (2023) Kat:3, Licht: 2,96742,3,2,5,11,18,2,1,2,0,1,0,0,0,0
"POINT (8.479353913000068 49.488112120000039)",Unfall 96813 (2023) Kat:3, Licht: 0,96813,3,2,5,11,12,7,0,0,0,1,0,0,0,0
"POINT (8.534092052000062 49.513937715000054)",Unfall 96967 (2023) Kat:3, Licht: 0,96967,3,6,2,11,15,4,0,0,0,1,0,0,0,1
"POINT (8.555150565000076 49.521566140000061)",Unfall 96968 (2023) Kat:2, Licht: 2,96968,2,6,2,11,17,4,0,2,0,1,0,0,0,0
"POINT (8.532141995000075 49.463390958000048)",Unfall 96970 (2023) Kat:3, Licht: 2,96970,3,6,2,11,17,4,0,2,0,1,0,0,0,0
"POINT (8.529684294000049 49.512450430000058)",Unfall 97018 (2023) Kat:2, Licht: 2,97018,2,4,6,11,06,3,0,2,0,0,1,0,1,0
"POINT (8.517577424000024 49.486355109000044)",Unfall 97130 (2023) Kat:3, Licht: 2,97130,3,1,8,11,17,7,1,2,0,1,0,0,0,0
"POINT (8.446854891000044 49.555445692000035)",Unfall 97180 (2023) Kat:3, Licht: 0,97180,3,7,3,11,11,6,1,0,0,1,0,0,1,0
"POINT (8.516609601000027 49.507623390000049)",Unfall 97181 (2023) Kat:3, Licht: 0,97181,3,1,2,11,13,6,1,0,0,1,0,0,0,0
"POINT (8.524484334000022 49.513273349000031)",Unfall 97182 (2023) Kat:3, Licht: 2,97182,3,1,0,11,16,6,1,2,0,0,0,1,0,0
"POINT (8.446424889000070 49.564154075000033)",Unfall 97246 (2023) Kat:2, Licht: 2,97246,2,6,4,11,17,5,0,2,0,1,0,0,0,0
"POINT (8.462955279000028 49.484496315000058)",Unfall 97247 (2023) Kat:3, Licht: 1,97247,3,6,2,11,16,5,1,1,0,1,0,0,0,0
"POINT (8.565899481000031 49.464394174000063)",Unfall 97372 (2023) Kat:3, Licht: 2,97372,3,6,2,11,19,2,1,2,0,1,0,0,0,0
"POINT (8.496592257000032 49.525711027000057)",Unfall 97407 (2023) Kat:3, Licht: 2,97407,3,2,5,11,17,1,1,2,1,1,0,0,0,0
"POINT (8.450563908000049 49.491401788000076)",Unfall 97469 (2023) Kat:2, Licht: 2,97469,2,7,0,11,17,6,1,2,1,0,0,0,0,0
"POINT (8.541877826000075 49.447093424000059)",Unfall 97536 (2023) Kat:3, Licht: 0,97536,3,6,2,11,09,5,1,0,0,1,0,0,0,0
"POINT (8.540747523000050 49.442755243000079)",Unfall 97582 (2023) Kat:3, Licht: 2,97582,3,6,2,11,17,5,1,2,0,1,0,0,0,0
"POINT (8.487569963000055 49.475330447000033)",Unfall 97584 (2023) Kat:3, Licht: 2,97584,3,5,5,11,17,4,0,2,1,1,0,0,0,0
"POINT (8.457124849000024 49.545140454000034)",Unfall 97631 (2023) Kat:3, Licht: 2,97631,3,2,5,11,17,2,1,2,0,1,0,0,0,1
"POINT (8.459890651000023 49.481262444000038)",Unfall 97632 (2023) Kat:3, Licht: 0,97632,3,6,2,11,13,2,0,0,0,1,0,0,0,0
"POINT (8.550867156000038 49.488662045000069)",Unfall 97633 (2023) Kat:3, Licht: 0,97633,3,6,2,11,08,3,0,0,0,1,0,0,0,0
"POINT (8.462900438000077 49.484416706000047)",Unfall 97681 (2023) Kat:3, Licht: 0,97681,3,6,2,11,15,2,1,0,0,1,0,0,0,0
"POINT (8.485061249000069 49.493925194000042)",Unfall 97682 (2023) Kat:3, Licht: 1,97682,3,1,0,11,17,2,1,1,0,0,0,1,0,0
"POINT (8.530822979000050 49.512736132000043)",Unfall 97727 (2023) Kat:2, Licht: 2,97727,2,4,6,11,17,1,1,2,0,1,1,0,0,0
"POINT (8.560165958000027 49.516181663000054)",Unfall 97749 (2023) Kat:3, Licht: 0,97749,3,1,3,11,16,7,1,0,0,1,0,0,0,0
"POINT (8.546359520000067 49.514794864000066)",Unfall 97782 (2023) Kat:2, Licht: 0,97782,2,2,5,11,15,4,1,0,0,1,0,0,0,1
"POINT (8.488812629000051 49.498400863000029)",Unfall 97800 (2023) Kat:3, Licht: 2,97800,3,2,5,11,19,6,0,2,0,1,0,0,0,0
"POINT (8.471053922000067 49.481203397000058)",Unfall 97887 (2023) Kat:2, Licht: 2,97887,2,4,6,11,00,4,0,2,0,1,1,0,0,0
"POINT (8.456744693000076 49.486939143000029)",Unfall 97981 (2023) Kat:3, Licht: 2,97981,3,6,1,10,17,2,1,2,0,1,0,0,0,0
"POINT (8.518663473000061 49.467927499000041)",Unfall 98119 (2023) Kat:3, Licht: 2,98119,3,6,2,10,19,6,1,2,0,1,0,0,0,0
"POINT (8.480933361000041 49.523953707000032)",Unfall 98215 (2023) Kat:3, Licht: 0,98215,3,6,3,11,12,6,1,0,0,1,0,1,0,0
"POINT (8.552142742000058 49.490185432000033)",Unfall 98274 (2023) Kat:3, Licht: 0,98274,3,6,2,11,15,6,0,0,0,1,0,0,0,0
"POINT (8.472334099000022 49.480790219000028)",Unfall 98329 (2023) Kat:3, Licht: 0,98329,3,7,6,10,14,7,0,0,1,0,1,0,0,0
"POINT (8.487388915000054 49.475360283000043)",Unfall 98341 (2023) Kat:3, Licht: 0,98341,3,7,3,10,16,3,1,0,0,1,0,0,0,0
"POINT (8.477555626000026 49.476515959000039)",Unfall 98425 (2023) Kat:3, Licht: 2,98425,3,6,2,10,19,2,1,2,0,1,0,0,0,0
"POINT (8.476969795000059 49.474325613000076)",Unfall 98426 (2023) Kat:3, Licht: 0,98426,3,3,5,10,08,2,0,0,0,1,0,0,1,0
"POINT (8.524067484000057 49.476863100000060)",Unfall 98427 (2023) Kat:3, Licht: 0,98427,3,6,2,10,16,2,1,0,0,1,0,0,0,1
"POINT (8.560791876000053 49.506799766000029)",Unfall 98428 (2023) Kat:3, Licht: 2,98428,3,6,2,10,19,2,1,2,0,1,0,0,0,0
"POINT (8.438009219000037 49.553064655000071)",Unfall 98441 (2023) Kat:3, Licht: 0,98441,3,6,2,11,09,4,0,0,0,1,0,0,0,0
"POINT (8.520462236000071 49.494749130000059)",Unfall 98530 (2023) Kat:3, Licht: 2,98530,3,3,5,11,05,7,1,2,0,1,0,0,0,0
"POINT (8.475671911000063 49.486085761000027)",Unfall 98542 (2023) Kat:3, Licht: 0,98542,3,6,2,10,17,7,0,0,0,1,0,0,0,0
"POINT (8.493732131000058 49.479548947000069)",Unfall 98619 (2023) Kat:3, Licht: 2,98619,3,1,8,10,23,6,1,2,0,1,0,0,0,0
"POINT (8.496615456000029 49.525701996000066)",Unfall 98793 (2023) Kat:3, Licht: 0,98793,3,1,0,10,12,4,0,0,0,0,0,1,0,0
"POINT (8.487955446000058 49.475777206000032)",Unfall 98794 (2023) Kat:2, Licht: 0,98794,2,5,5,10,12,4,0,0,1,1,0,0,0,0
"POINT (8.524364246000061 49.439999911000029)",Unfall 98795 (2023) Kat:3, Licht: 2,98795,3,3,5,10,06,4,0,2,1,1,0,0,0,0
"POINT (8.524962941000069 49.436464296000054)",Unfall 99027 (2023) Kat:2, Licht: 2,99027,2,3,5,12,18,6,0,2,0,1,0,0,0,1
"POINT (8.567605421000053 49.434802837000063)",Unfall 99065 (2023) Kat:3, Licht: 0,99065,3,3,5,12,13,5,1,0,1,1,0,0,0,0
"POINT (8.565971526000055 49.431641137000042)",Unfall 99066 (2023) Kat:1, Licht: 1,99066,1,1,4,12,17,5,1,1,0,1,0,1,0,0
"POINT (8.477367079000032 49.517394848000038)",Unfall 99253 (2023) Kat:3, Licht: 0,99253,3,3,5,12,08,5,1,0,1,1,0,0,0,0
"POINT (8.524919623000073 49.436520034000068)",Unfall 99254 (2023) Kat:3, Licht: 0,99254,3,3,5,12,15,5,1,0,0,1,0,1,0,0
"POINT (8.532754443000044 49.503628388000038)",Unfall 99401 (2023) Kat:3, Licht: 0,99401,3,6,4,12,15,2,0,0,0,1,0,0,0,0
"POINT (8.541202920000046 49.456139155000074)",Unfall 99466 (2023) Kat:3, Licht: 0,99466,3,1,9,12,08,1,2,0,0,1,0,0,0,0
"POINT (8.491709183000069 49.477594952000061)",Unfall 99501 (2023) Kat:3, Licht: 1,99501,3,7,5,12,16,7,0,1,0,1,0,0,0,0
"POINT (8.525174140000047 49.512661780000030)",Unfall 99581 (2023) Kat:3, Licht: 0,99581,3,6,2,12,14,5,1,0,0,1,0,0,0,0
"POINT (8.491338708000058 49.499631092000072)",Unfall 99623 (2023) Kat:3, Licht: 0,99623,3,2,5,12,16,4,0,0,1,1,0,0,0,0
"POINT (8.530780861000039 49.479869174000044)",Unfall 99625 (2023) Kat:3, Licht: 2,99625,3,6,1,12,16,4,0,2,0,1,0,0,0,0
"POINT (8.559861000000069 49.522310018000042)",Unfall 99647 (2023) Kat:3, Licht: 2,99647,3,1,8,12,23,4,1,2,0,1,0,0,0,0
"POINT (8.512222722000047 49.489005582000061)",Unfall 99692 (2023) Kat:3, Licht: 2,99692,3,3,5,12,19,3,1,2,1,1,0,0,0,0
"POINT (8.487667555000030 49.497220327000036)",Unfall 99831 (2023) Kat:1, Licht: 2,99831,1,4,6,12,01,7,0,2,0,0,1,0,0,1
"POINT (8.457124596000028 49.545140613000058)",Unfall 99961 (2023) Kat:3, Licht: 2,99961,3,6,1,12,20,6,1,2,0,1,0,0,1,0
"POINT (8.503290526000058 49.473441926000078)",Unfall 99999 (2023) Kat:3, Licht: 0,99999,3,6,1,12,14,4,0,0,0,1,0,0,0,0
"POINT (8.465837072000056 49.489843599000039)",Unfall 202132 (2023) Kat:3, Licht: 2,202132,3,2,6,02,02,7,0,2,0,1,1,0,0,0
"POINT (8.475076835000038 49.451656248000063)",Unfall 202155 (2023) Kat:3, Licht: 2,202155,3,2,6,02,18,6,0,2,0,1,1,0,0,0
"POINT (8.483705098000030 49.469451895000077)",Unfall 202182 (2023) Kat:3, Licht: 0,202182,3,6,3,02,12,5,0,0,0,1,0,0,1,0
"POINT (8.478709358000060 49.462146519000044)",Unfall 202183 (2023) Kat:3, Licht: 1,202183,3,4,6,02,17,5,0,1,1,0,1,0,0,0
"POINT (8.520463554000060 49.489679650000028)",Unfall 202184 (2023) Kat:3, Licht: 0,202184,3,2,6,02,09,5,0,0,0,1,1,0,0,0
"POINT (8.497121696000022 49.450851524000029)",Unfall 202209 (2023) Kat:2, Licht: 0,202209,2,3,5,02,09,4,0,0,1,1,0,0,0,0
"POINT (8.490721750000034 49.460673260000078)",Unfall 202210 (2023) Kat:3, Licht: 0,202210,3,6,2,02,08,4,0,0,0,1,0,0,0,0
"POINT (8.510205989000042 49.507759827000029)",Unfall 202211 (2023) Kat:3, Licht: 1,202211,3,6,0,02,18,4,0,1,1,1,0,0,0,0
"POINT (8.516112753000073 49.477704606000032)",Unfall 202241 (2023) Kat:3, Licht: 0,202241,3,3,5,02,07,3,0,0,0,1,0,0,0,0
"POINT (8.477244412000061 49.485970807000058)",Unfall 202247 (2023) Kat:3, Licht: 0,202247,3,3,0,02,15,6,0,0,1,1,0,0,0,0
"POINT (8.481125505000023 49.456832461000033)",Unfall 202263 (2023) Kat:3, Licht: 0,202263,3,3,5,02,14,2,0,0,1,1,0,0,0,0
"POINT (8.489276246000031 49.462384683000039)",Unfall 202264 (2023) Kat:3, Licht: 2,202264,3,3,5,02,19,2,0,2,1,1,0,0,0,0
"POINT (8.510920192000071 49.526291987000036)",Unfall 202265 (2023) Kat:3, Licht: 2,202265,3,5,1,02,18,2,0,2,0,1,0,0,0,0
"POINT (8.481715976000032 49.523918534000074)",Unfall 202279 (2023) Kat:3, Licht: 0,202279,3,6,2,02,11,1,1,0,0,1,0,0,0,0
"POINT (8.466908626000077 49.510731264000071)",Unfall 202296 (2023) Kat:3, Licht: 2,202296,3,3,5,02,06,7,0,2,0,1,0,0,0,0
"POINT (8.485414814000023 49.466773176000061)",Unfall 202315 (2023) Kat:3, Licht: 2,202315,3,6,2,02,18,6,1,2,0,1,0,0,0,1
"POINT (8.483883866000042 49.471044239000037)",Unfall 202340 (2023) Kat:3, Licht: 0,202340,3,6,2,02,18,5,0,0,0,1,0,0,0,0
"POINT (8.454443267000045 49.544092442000078)",Unfall 202360 (2023) Kat:3, Licht: 0,202360,3,3,5,02,15,4,0,0,0,1,0,0,0,1
"POINT (8.489918935000048 49.529867738000064)",Unfall 202361 (2023) Kat:3, Licht: 0,202361,3,6,2,02,09,4,0,0,0,1,0,0,0,1
"POINT (8.474781378000046 49.490864900000076)",Unfall 202390 (2023) Kat:3, Licht: 2,202390,3,6,2,01,18,3,0,2,0,1,0,0,0,0
"POINT (8.519465184000069 49.421430962000045)",Unfall 202391 (2023) Kat:3, Licht: 0,202391,3,3,5,01,17,3,0,0,1,1,0,0,0,0
"POINT (8.505039814000042 49.522164990000078)",Unfall 202392 (2023) Kat:3, Licht: 2,202392,3,2,6,01,19,3,1,2,0,1,1,0,0,0
"POINT (8.488146653000058 49.463566787000047)",Unfall 202393 (2023) Kat:3, Licht: 0,202393,3,3,5,01,09,3,0,0,1,1,0,0,0,0
"POINT (8.470187847000034 49.481748182000047)",Unfall 202431 (2023) Kat:3, Licht: 2,202431,3,6,2,02,23,6,0,2,0,1,0,0,0,0
"POINT (8.477608694000025 49.517611002000081)",Unfall 202440 (2023) Kat:3, Licht: 0,202440,3,7,0,01,16,1,0,0,1,0,0,0,0,0
"POINT (8.475421993000054 49.490096084000072)",Unfall 202457 (2023) Kat:3, Licht: 2,202457,3,6,3,01,19,7,0,2,1,1,0,0,0,0
"POINT (8.498962466000023 49.453758252000057)",Unfall 202493 (2023) Kat:3, Licht: 0,202493,3,3,5,01,13,5,0,0,1,1,0,0,0,0
"POINT (8.473647455000048 49.515807086000052)",Unfall 202525 (2023) Kat:3, Licht: 0,202525,3,2,5,01,12,4,0,0,0,1,0,0,0,0
"POINT (8.475696566000067 49.473427975000050)",Unfall 202526 (2023) Kat:3, Licht: 0,202526,3,7,8,01,16,4,0,0,0,1,0,0,0,0
"POINT (8.524581247000071 49.440355709000073)",Unfall 202527 (2023) Kat:3, Licht: 2,202527,3,1,0,01,06,4,1,2,1,0,0,0,0,0
"POINT (8.484365860000025 49.480791261000036)",Unfall 202546 (2023) Kat:3, Licht: 0,202546,3,6,2,01,11,3,0,0,0,1,0,0,0,0
"POINT (8.472648858000071 49.485181686000033)",Unfall 202547 (2023) Kat:3, Licht: 0,202547,3,4,6,01,08,3,1,0,0,0,1,0,0,1
"POINT (8.530954267000027 49.428755636000062)",Unfall 202594 (2023) Kat:3, Licht: 0,202594,3,3,5,01,10,7,2,0,0,1,0,0,0,1
"POINT (8.446426194000026 49.507439270000077)",Unfall 202612 (2023) Kat:3, Licht: 2,202612,3,1,9,01,21,6,2,2,0,1,0,0,0,0
"POINT (8.515200258000050 49.509617758000047)",Unfall 202639 (2023) Kat:3, Licht: 2,202639,3,2,5,01,18,5,1,2,1,1,0,0,0,0
"POINT (8.482136276000062 49.474190886000031)",Unfall 202726 (2023) Kat:3, Licht: 0,202726,3,3,5,01,12,2,1,0,1,1,0,0,0,0
"POINT (8.506783176000056 49.509492812000076)",Unfall 202727 (2023) Kat:2, Licht: 0,202727,2,3,5,01,08,2,0,0,1,1,0,0,0,0
"POINT (8.494320379000044 49.455445501000042)",Unfall 202729 (2023) Kat:2, Licht: 0,202729,2,4,6,01,14,2,0,0,0,1,1,0,0,0
"POINT (8.467007256000045 49.510655898000039)",Unfall 202758 (2023) Kat:3, Licht: 2,202758,3,3,5,01,03,1,1,2,0,1,0,0,0,0
"POINT (8.497174724000047 49.502669846000060)",Unfall 202781 (2023) Kat:3, Licht: 0,202781,3,7,0,01,16,5,1,0,1,0,0,0,0,0
"POINT (8.471153108000067 49.516357807000077)",Unfall 202791 (2023) Kat:3, Licht: 0,202791,3,6,2,01,08,2,1,0,0,1,0,0,0,0
"POINT (8.457192508000048 49.545231768000065)",Unfall 202838 (2023) Kat:3, Licht: 0,202838,3,3,5,01,09,4,1,0,0,1,0,0,0,0
"POINT (8.498115899000027 49.513285776000032)",Unfall 202839 (2023) Kat:3, Licht: 2,202839,3,3,5,01,06,4,0,2,0,1,0,1,0,0
"POINT (8.485514244000058 49.466671324000060)",Unfall 202866 (2023) Kat:3, Licht: 0,202866,3,6,3,01,15,3,0,0,1,1,0,0,1,0
"POINT (8.495339255000033 49.498905132000061)",Unfall 202890 (2023) Kat:3, Licht: 0,202890,3,5,1,01,11,2,0,0,1,1,0,0,0,0
"POINT (8.564453371000070 49.457988534000037)",Unfall 202891 (2023) Kat:3, Licht: 1,202891,3,6,4,01,17,2,1,1,1,1,0,0,0,0
"POINT (8.518022677000033 49.512305691000051)",Unfall 202892 (2023) Kat:3, Licht: 0,202892,3,4,6,01,11,2,0,0,0,1,1,0,0,0
"POINT (8.466424079000035 49.490573951000044)",Unfall 202893 (2023) Kat:3, Licht: 0,202893,3,3,5,01,08,2,0,0,1,1,0,0,0,0
"POINT (8.485345499000061 49.454135352000037)",Unfall 202912 (2023) Kat:3, Licht: 0,202912,3,7,9,01,13,1,1,0,0,0,0,1,0,0
"POINT (8.545538118000024 49.489963478000050)",Unfall 202928 (2023) Kat:3, Licht: 0,202928,3,6,3,01,15,7,0,0,1,1,0,0,0,0
"POINT (8.522987943000032 49.477366202000042)",Unfall 202952 (2023) Kat:3, Licht: 2,202952,3,4,6,01,17,5,0,2,0,0,1,0,0,1
"POINT (8.502889157000027 49.503564980000078)",Unfall 202994 (2023) Kat:3, Licht: 0,202994,3,6,3,01,11,3,0,0,0,0,0,1,0,1
"POINT (8.485615291000045 49.482804988000055)",Unfall 203145 (2023) Kat:3, Licht: 0,203145,3,3,5,03,16,6,0,0,0,1,0,0,0,0
"POINT (8.472490608000044 49.464666469000065)",Unfall 203146 (2023) Kat:3, Licht: 0,203146,3,2,3,03,17,6,0,0,1,1,0,0,0,0
"POINT (8.538820568000062 49.452912873000059)",Unfall 203147 (2023) Kat:3, Licht: 0,203147,3,6,2,03,17,6,0,0,0,1,0,0,0,0
"POINT (8.506121305000022 49.507750545000079)",Unfall 203170 (2023) Kat:3, Licht: 0,203170,3,7,3,03,09,5,0,0,0,1,0,1,0,0
"POINT (8.539533326000026 49.513119855000070)",Unfall 203171 (2023) Kat:3, Licht: 0,203171,3,3,5,03,15,5,0,0,1,1,0,0,0,0
"POINT (8.462129179000044 49.485888112000055)",Unfall 203172 (2023) Kat:3, Licht: 0,203172,3,3,5,03,17,5,0,0,0,1,0,1,0,0
"POINT (8.492012218000070 49.458967888000075)",Unfall 203208 (2023) Kat:3, Licht: 2,203208,3,2,4,03,20,4,0,2,1,1,0,0,0,0
"POINT (8.478658163000034 49.552732371000047)",Unfall 203209 (2023) Kat:3, Licht: 0,203209,3,6,6,03,07,4,0,0,0,0,0,0,0,1
"POINT (8.488781826000036 49.462774185000058)",Unfall 203243 (2023) Kat:3, Licht: 0,203243,3,5,5,03,16,3,0,0,1,1,0,1,0,0
"POINT (8.511771026000076 49.478444554000077)",Unfall 203271 (2023) Kat:3, Licht: 0,203271,3,3,5,03,11,2,0,0,0,1,0,0,0,0
"POINT (8.523605737000025 49.438737987000081)",Unfall 203272 (2023) Kat:2, Licht: 0,203272,2,3,5,03,13,2,0,0,1,1,0,0,0,0
"POINT (8.489823799000021 49.451272638000034)",Unfall 203296 (2023) Kat:3, Licht: 0,203296,3,3,5,03,16,1,0,0,0,1,0,0,0,0
"POINT (8.471662884000068 49.464673070000060)",Unfall 203297 (2023) Kat:3, Licht: 0,203297,3,7,6,03,13,1,0,0,0,1,1,0,0,0
"POINT (8.471664881000038 49.492495562000045)",Unfall 203321 (2023) Kat:3, Licht: 1,203321,3,6,3,03,18,7,0,1,1,1,0,0,0,0
"POINT (8.463860960000034 49.485200404000068)",Unfall 203322 (2023) Kat:3, Licht: 0,203322,3,2,4,03,12,7,0,0,0,1,0,0,0,1
"POINT (8.481568933000062 49.527855772000066)",Unfall 203353 (2023) Kat:3, Licht: 0,203353,3,3,5,03,11,6,0,0,1,1,0,0,0,0
"POINT (8.488313625000046 49.497540800000081)",Unfall 203387 (2023) Kat:3, Licht: 0,203387,3,3,5,03,10,5,0,0,1,1,0,0,0,0
"POINT (8.466998410000031 49.471563338000067)",Unfall 203388 (2023) Kat:3, Licht: 0,203388,3,3,5,03,14,5,0,0,1,1,0,0,0,0
"POINT (8.470627979000028 49.508683453000060)",Unfall 203418 (2023) Kat:3, Licht: 0,203418,3,4,6,03,07,4,0,0,0,0,1,0,0,1
"POINT (8.504498124000065 49.445100955000044)",Unfall 203454 (2023) Kat:3, Licht: 0,203454,3,3,5,03,07,3,0,0,1,1,0,0,0,0
"POINT (8.471285726000076 49.486635288000059)",Unfall 203484 (2023) Kat:3, Licht: 0,203484,3,6,2,03,17,2,0,0,0,1,0,0,0,0
"POINT (8.493227307000041 49.512839552000059)",Unfall 203505 (2023) Kat:3, Licht: 2,203505,3,6,4,03,18,1,0,2,0,1,0,0,0,0
"POINT (8.480577706000076 49.475822365000056)",Unfall 203526 (2023) Kat:3, Licht: 0,203526,3,3,5,03,11,7,0,0,0,1,0,0,0,0
"POINT (8.467607793000070 49.486180241000056)",Unfall 203527 (2023) Kat:3, Licht: 1,203527,3,5,3,03,18,7,0,1,1,1,0,0,0,0
"POINT (8.484475428000053 49.499884116000032)",Unfall 203528 (2023) Kat:3, Licht: 0,203528,3,3,5,03,18,7,0,0,0,1,0,1,0,0
"POINT (8.457701955000061 49.497463427000071)",Unfall 203529 (2023) Kat:3, Licht: 2,203529,3,5,1,03,23,7,0,2,0,1,0,0,0,0
"POINT (8.464257186000054 49.485656278000079)",Unfall 203531 (2023) Kat:3, Licht: 2,203531,3,7,3,03,19,7,0,2,0,1,0,0,0,1
"POINT (8.492010438000023 49.532295623000039)",Unfall 203564 (2023) Kat:3, Licht: 0,203564,3,4,6,03,12,6,0,0,0,1,1,0,0,0
"POINT (8.490111373000047 49.457918565000057)",Unfall 203585 (2023) Kat:2, Licht: 0,203585,2,3,5,03,11,5,1,0,1,1,0,0,0,0
"POINT (8.483706505000043 49.469840060000081)",Unfall 203662 (2023) Kat:3, Licht: 0,203662,3,7,0,03,16,2,0,0,1,0,0,0,0,0
"POINT (8.487052653000035 49.463178467000034)",Unfall 203663 (2023) Kat:3, Licht: 0,203663,3,3,5,03,15,2,0,0,0,1,0,1,0,0
"POINT (8.468784883000069 49.487593354000069)",Unfall 203689 (2023) Kat:3, Licht: 0,203689,3,5,3,03,11,7,0,0,1,0,0,0,0,1
"POINT (8.468643742000040 49.505639421000069)",Unfall 203711 (2023) Kat:3, Licht: 0,203711,3,2,6,03,14,6,0,0,0,1,1,0,0,0
"POINT (8.478214195000021 49.486793089000059)",Unfall 203739 (2023) Kat:3, Licht: 2,203739,3,3,5,03,19,5,0,2,1,1,0,0,0,0
"POINT (8.497224325000047 49.517954304000057)",Unfall 203771 (2023) Kat:2, Licht: 0,203771,2,3,5,03,07,4,0,0,1,1,0,0,0,0
"POINT (8.476180565000050 49.464026121000074)",Unfall 203815 (2023) Kat:3, Licht: 0,203815,3,6,1,02,10,2,0,0,0,1,0,0,0,0
"POINT (8.501515735000055 49.455011449000040)",Unfall 203816 (2023) Kat:2, Licht: 0,203816,2,4,6,02,10,2,0,0,0,1,1,0,0,0
"POINT (8.464481934000048 49.488376109000058)",Unfall 203837 (2023) Kat:3, Licht: 0,203837,3,3,5,02,17,1,0,0,0,1,0,0,0,0
"POINT (8.465017757000055 49.489057309000032)",Unfall 203850 (2023) Kat:3, Licht: 0,203850,3,2,6,02,13,7,0,0,0,1,1,0,0,0
"POINT (8.465748001000065 49.500043352000034)",Unfall 203866 (2023) Kat:3, Licht: 0,203866,3,3,5,02,15,6,0,0,0,1,0,0,0,0
"POINT (8.450460267000039 49.549780577000035)",Unfall 203872 (2023) Kat:3, Licht: 1,203872,3,6,1,03,17,5,0,1,0,1,0,0,1,0
"POINT (8.483748018000028 49.497257274000049)",Unfall 203899 (2023) Kat:3, Licht: 0,203899,3,3,5,02,10,4,0,0,0,1,0,1,0,1
"POINT (8.484217898000054 49.472239208000076)",Unfall 203900 (2023) Kat:3, Licht: 2,203900,3,6,2,02,21,4,0,2,0,1,0,0,1,0
"POINT (8.467025059000036 49.468393929000058)",Unfall 203909 (2023) Kat:3, Licht: 2,203909,3,1,0,03,06,1,2,2,0,0,0,0,0,1
"POINT (8.504714243000024 49.504205211000055)",Unfall 203916 (2023) Kat:2, Licht: 1,203916,2,3,6,02,18,3,0,1,0,1,1,0,0,0
"POINT (8.470819713000026 49.492759468000031)",Unfall 203963 (2023) Kat:3, Licht: 0,203963,3,3,5,02,11,2,0,0,1,0,0,0,0,1
"POINT (8.479245208000066 49.514235079000059)",Unfall 204015 (2023) Kat:3, Licht: 2,204015,3,6,2,02,18,6,1,2,0,1,0,0,1,0
"POINT (8.505503557000054 49.476148426000066)",Unfall 204055 (2023) Kat:3, Licht: 0,204055,3,3,5,02,06,5,0,0,1,1,0,0,0,0
"POINT (8.464062599000044 49.491565559000037)",Unfall 204056 (2023) Kat:3, Licht: 0,204056,3,3,5,02,12,5,0,0,1,1,0,0,0,0
"POINT (8.483740476000037 49.454761441000073)",Unfall 204093 (2023) Kat:3, Licht: 0,204093,3,6,2,02,14,4,0,0,0,1,0,0,0,0
"POINT (8.467390058000035 49.490190816000052)",Unfall 204125 (2023) Kat:2, Licht: 0,204125,2,3,5,02,07,3,0,0,1,1,0,0,0,0
"POINT (8.457080357000052 49.492099353000071)",Unfall 204127 (2023) Kat:3, Licht: 2,204127,3,3,5,02,19,3,0,2,1,1,0,0,0,0
"POINT (8.492305755000075 49.461085237000077)",Unfall 204162 (2023) Kat:3, Licht: 1,204162,3,2,6,02,07,2,0,1,0,1,1,0,0,0
"POINT (8.477125994000062 49.496478098000068)",Unfall 204164 (2023) Kat:3, Licht: 0,204164,3,2,4,02,08,2,0,0,1,1,0,0,0,0
"POINT (8.480954427000029 49.544576181000082)",Unfall 204202 (2023) Kat:3, Licht: 0,204202,3,2,2,04,18,5,0,0,0,1,0,1,0,0
"POINT (8.496035459000041 49.515039644000069)",Unfall 204245 (2023) Kat:3, Licht: 0,204245,3,2,3,04,05,4,0,0,1,1,0,0,0,0
"POINT (8.480085658000064 49.488720377000050)",Unfall 204274 (2023) Kat:3, Licht: 0,204274,3,6,2,04,16,3,0,0,0,1,0,0,0,0
"POINT (8.468691052000054 49.485760913000036)",Unfall 204275 (2023) Kat:3, Licht: 0,204275,3,2,3,04,17,3,0,0,1,1,0,0,0,0
"POINT (8.470365778000030 49.502919471000041)",Unfall 204276 (2023) Kat:3, Licht: 0,204276,3,3,5,04,14,3,0,0,0,1,0,0,0,1
"POINT (8.485699764000060 49.506669800000054)",Unfall 204295 (2023) Kat:3, Licht: 0,204295,3,7,1,04,12,2,0,0,0,1,0,0,0,0
"POINT (8.471555941000076 49.546223608000048)",Unfall 204351 (2023) Kat:3, Licht: 0,204351,3,2,5,04,14,7,0,0,1,1,0,0,0,0
"POINT (8.471449579000023 49.508451916000070)",Unfall 204352 (2023) Kat:2, Licht: 0,204352,2,4,6,04,14,7,0,0,0,1,1,0,0,0
"POINT (8.524077939000051 49.509339937000050)",Unfall 204397 (2023) Kat:3, Licht: 0,204397,3,3,5,04,18,6,0,0,1,1,0,0,0,0
"POINT (8.517243467000071 49.509609729000033)",Unfall 204399 (2023) Kat:3, Licht: 0,204399,3,5,1,04,09,6,0,0,1,1,0,0,0,0
"POINT (8.472343009000042 49.497375341000065)",Unfall 204434 (2023) Kat:3, Licht: 0,204434,3,2,5,04,08,5,0,0,0,1,0,0,0,1
"POINT (8.465580349000049 49.486963193000065)",Unfall 204435 (2023) Kat:3, Licht: 0,204435,3,7,0,04,09,5,0,0,0,0,0,0,0,1
"POINT (8.484177313000032 49.468610427000044)",Unfall 204476 (2023) Kat:3, Licht: 0,204476,3,6,0,04,13,4,0,0,0,0,0,0,0,1
"POINT (8.471060636000061 49.493425683000055)",Unfall 204477 (2023) Kat:3, Licht: 0,204477,3,6,4,04,08,4,0,0,1,0,0,0,0,0
"POINT (8.497956414000043 49.500337982000076)",Unfall 204478 (2023) Kat:3, Licht: 0,204478,3,5,5,04,15,4,0,0,0,1,0,0,0,0
"POINT (8.463329536000060 49.487833213000044)",Unfall 204558 (2023) Kat:3, Licht: 2,204558,3,5,5,04,00,1,1,2,1,1,0,0,0,0
"POINT (8.468889964000027 49.489602115000082)",Unfall 204576 (2023) Kat:3, Licht: 2,204576,3,2,6,04,22,7,1,2,0,1,1,0,0,0
"POINT (8.514016110000057 49.433939043000066)",Unfall 204600 (2023) Kat:3, Licht: 2,204600,3,7,0,04,20,6,0,2,1,0,0,0,0,0
"POINT (8.488413006000030 49.463734865000049)",Unfall 204601 (2023) Kat:3, Licht: 0,204601,3,2,5,04,17,6,0,0,0,1,0,1,0,0
"POINT (8.556611960000055 49.513459332000082)",Unfall 204639 (2023) Kat:3, Licht: 0,204639,3,6,2,04,19,5,0,0,0,1,0,0,0,0
"POINT (8.470494691000056 49.493503330000067)",Unfall 204700 (2023) Kat:3, Licht: 0,204700,3,6,2,04,18,5,0,0,0,1,0,0,0,0
"POINT (8.442970552000077 49.544773628000030)",Unfall 204759 (2023) Kat:3, Licht: 0,204759,3,3,5,04,11,7,0,0,0,1,0,0,0,0
"POINT (8.474775630000067 49.490862857000081)",Unfall 204760 (2023) Kat:3, Licht: 0,204760,3,3,5,04,18,7,0,0,1,1,0,0,0,0
"POINT (8.471846769000024 49.492993170000034)",Unfall 204794 (2023) Kat:3, Licht: 0,204794,3,6,2,04,17,7,0,0,0,1,0,0,0,0
"POINT (8.498043618000054 49.473644011000033)",Unfall 204804 (2023) Kat:3, Licht: 0,204804,3,3,5,04,16,5,0,0,0,1,0,0,0,1
"POINT (8.524892010000030 49.434168098000043)",Unfall 204805 (2023) Kat:3, Licht: 0,204805,3,7,6,04,15,5,0,0,0,1,1,0,0,0
"POINT (8.463393016000055 49.489623942000037)",Unfall 204806 (2023) Kat:3, Licht: 2,204806,3,3,5,04,23,5,1,2,0,1,0,0,0,0
"POINT (8.450669817000062 49.489467638000065)",Unfall 204807 (2023) Kat:3, Licht: 0,204807,3,7,0,04,16,5,0,0,0,0,0,1,0,0
"POINT (8.466976633000058 49.504893747000040)",Unfall 204841 (2023) Kat:3, Licht: 1,204841,3,4,6,04,06,4,0,1,0,1,1,0,0,0
"POINT (8.556690586000059 49.511663291000048)",Unfall 204842 (2023) Kat:2, Licht: 0,204842,2,2,3,04,14,4,0,0,1,1,0,0,0,0
"POINT (8.470741868000061 49.480663293000077)",Unfall 204878 (2023) Kat:3, Licht: 0,204878,3,4,0,04,17,3,0,0,0,0,1,0,0,1
"POINT (8.533498868000038 49.473589841000035)",Unfall 204903 (2023) Kat:3, Licht: 0,204903,3,7,5,04,16,2,0,0,0,1,0,0,1,0
"POINT (8.457605430000058 49.496752100000037)",Unfall 204904 (2023) Kat:3, Licht: 0,204904,3,3,5,04,15,2,0,0,0,1,0,0,0,0
"POINT (8.509123844000044 49.446287916000074)",Unfall 204905 (2023) Kat:2, Licht: 0,204905,2,3,5,04,11,2,0,0,1,0,0,0,0,1
"POINT (8.505523758000038 49.500431886000058)",Unfall 204977 (2023) Kat:3, Licht: 0,204977,3,6,2,03,11,6,1,0,0,1,0,0,0,0
"POINT (8.462816216000022 49.488986802000056)",Unfall 204978 (2023) Kat:3, Licht: 0,204978,3,3,5,03,13,6,1,0,0,0,0,0,0,1
"POINT (8.471295979000047 49.486631361000036)",Unfall 204981 (2023) Kat:3, Licht: 0,204981,3,5,0,03,13,6,1,0,1,1,0,0,0,0
"POINT (8.490127622000045 49.461358378000057)",Unfall 205013 (2023) Kat:2, Licht: 0,205013,2,2,3,03,13,5,0,0,1,1,0,0,0,0
"POINT (8.529345613000032 49.490437687000053)",Unfall 205014 (2023) Kat:3, Licht: 0,205014,3,3,5,03,07,5,0,0,1,0,0,0,0,1
"POINT (8.473402971000041 49.467122680000045)",Unfall 205015 (2023) Kat:3, Licht: 2,205015,3,5,1,03,22,5,0,2,1,1,0,0,0,0
"POINT (8.479832094000074 49.482617274000063)",Unfall 205016 (2023) Kat:3, Licht: 0,205016,3,2,6,03,12,5,0,0,0,0,1,0,1,0
"POINT (8.466649881000023 49.493170409000072)",Unfall 205044 (2023) Kat:3, Licht: 0,205044,3,4,6,03,17,4,0,0,0,1,1,0,0,0
"POINT (8.467199496000035 49.492338580000080)",Unfall 205045 (2023) Kat:3, Licht: 0,205045,3,7,0,03,18,4,0,0,0,0,0,0,0,1
"POINT (8.449830848000033 49.504894557000057)",Unfall 205047 (2023) Kat:2, Licht: 2,205047,2,3,5,03,05,4,0,2,1,1,0,0,0,0
"POINT (8.522164584000052 49.511603479000030)",Unfall 205048 (2023) Kat:3, Licht: 0,205048,3,3,5,03,07,4,0,0,1,0,0,0,0,1
"POINT (8.496673122000061 49.452154519000032)",Unfall 205089 (2023) Kat:3, Licht: 0,205089,3,6,5,03,14,3,0,0,0,1,0,0,0,0
"POINT (8.510140282000066 49.516950612000073)",Unfall 205160 (2023) Kat:3, Licht: 2,205160,3,3,5,03,03,1,0,2,0,1,0,0,0,0
"POINT (8.555801679000069 49.509489550000069)",Unfall 205184 (2023) Kat:3, Licht: 0,205184,3,6,2,03,16,7,0,0,0,1,0,0,0,0
"POINT (8.483710052000049 49.480724119000058)",Unfall 205185 (2023) Kat:3, Licht: 2,205185,3,3,5,03,01,7,1,2,0,1,0,0,0,0
"POINT (8.492757970000071 49.454242341000054)",Unfall 205186 (2023) Kat:3, Licht: 0,205186,3,7,0,03,15,7,1,0,0,0,0,1,0,0
"POINT (8.486181683000041 49.495915568000044)",Unfall 205187 (2023) Kat:3, Licht: 0,205187,3,3,5,03,17,7,0,0,1,1,0,0,0,0
"POINT (8.555222977000028 49.459921999000073)",Unfall 205188 (2023) Kat:3, Licht: 0,205188,3,2,4,03,15,7,0,0,0,1,0,0,0,0
"POINT (8.498851001000048 49.450746272000060)",Unfall 205214 (2023) Kat:2, Licht: 0,205214,2,6,1,05,18,4,0,0,0,1,0,1,0,0
"POINT (8.484786790000044 49.461608449000039)",Unfall 205265 (2023) Kat:3, Licht: 0,205265,3,3,5,05,15,3,0,0,0,1,0,0,0,0
"POINT (8.493931407000048 49.511652714000036)",Unfall 205349 (2023) Kat:3, Licht: 0,205349,3,1,9,05,10,1,0,0,0,0,0,0,0,1
"POINT (8.456320295000069 49.490060560000074)",Unfall 205404 (2023) Kat:3, Licht: 0,205404,3,6,2,05,16,6,0,0,0,1,0,0,0,0
"POINT (8.479081887000063 49.477141039000060)",Unfall 205511 (2023) Kat:3, Licht: 0,205511,3,3,5,05,16,3,0,0,0,1,0,1,0,0
"POINT (8.471561047000023 49.482237357000031)",Unfall 205512 (2023) Kat:3, Licht: 0,205512,3,5,1,05,19,3,0,0,0,1,0,0,0,1
"POINT (8.493800806000024 49.522513012000047)",Unfall 205537 (2023) Kat:3, Licht: 0,205537,3,4,6,05,16,2,0,0,0,1,1,0,0,0
"POINT (8.479825105000032 49.460659644000032)",Unfall 205568 (2023) Kat:3, Licht: 0,205568,3,3,5,05,19,1,0,0,1,1,0,0,0,0
"POINT (8.462697083000023 49.490101056000071)",Unfall 205569 (2023) Kat:3, Licht: 0,205569,3,3,5,05,19,1,0,0,0,1,0,0,0,0
"POINT (8.500662490000025 49.528849244000071)",Unfall 205591 (2023) Kat:3, Licht: 0,205591,3,3,5,05,14,7,0,0,0,1,0,0,0,0
"POINT (8.537901248000026 49.453695352000068)",Unfall 205592 (2023) Kat:3, Licht: 0,205592,3,7,0,05,17,7,0,0,1,0,0,0,0,0
"POINT (8.483422403000077 49.480106285000033)",Unfall 205593 (2023) Kat:3, Licht: 0,205593,3,2,3,05,15,7,0,0,0,1,0,1,0,0
"POINT (8.462681048000036 49.482389278000028)",Unfall 205714 (2023) Kat:2, Licht: 0,205714,2,4,6,05,08,4,1,0,0,1,1,0,0,1
"POINT (8.505607540000028 49.509885277000080)",Unfall 205715 (2023) Kat:3, Licht: 0,205715,3,5,5,05,08,4,0,0,1,1,0,0,0,0
"POINT (8.481005833000040 49.535643529000026)",Unfall 205751 (2023) Kat:3, Licht: 0,205751,3,3,5,05,15,3,0,0,0,1,0,0,0,1
"POINT (8.524525406000066 49.474481006000076)",Unfall 205752 (2023) Kat:2, Licht: 0,205752,2,6,3,05,19,3,0,0,1,0,0,0,0,0
"POINT (8.472899864000055 49.489066109000078)",Unfall 205793 (2023) Kat:3, Licht: 0,205793,3,3,5,05,10,2,1,0,1,0,0,0,0,0
"POINT (8.500138306000053 49.501436626000043)",Unfall 205794 (2023) Kat:3, Licht: 0,205794,3,2,5,05,12,2,1,0,0,1,0,1,0,0
"POINT (8.472791881000035 49.482945489000031)",Unfall 205821 (2023) Kat:3, Licht: 1,205821,3,1,0,05,17,1,1,1,0,0,0,0,0,1
"POINT (8.564345916000036 49.466390675000071)",Unfall 205822 (2023) Kat:3, Licht: 0,205822,3,7,0,05,14,1,0,0,1,0,0,0,0,0
"POINT (8.567633324000042 49.434875908000038)",Unfall 205845 (2023) Kat:3, Licht: 0,205845,3,2,5,05,19,3,1,0,1,1,0,0,0,0
"POINT (8.471422213000039 49.500081392000027)",Unfall 205872 (2023) Kat:3, Licht: 0,205872,3,6,2,05,19,7,0,0,0,1,0,0,0,0
"POINT (8.495294190000038 49.448368578000043)",Unfall 205927 (2023) Kat:3, Licht: 0,205927,3,5,5,05,18,6,0,0,0,1,0,0,0,0
"POINT (8.452351425000074 49.537109880000060)",Unfall 205988 (2023) Kat:3, Licht: 0,205988,3,3,5,05,07,5,0,0,1,1,0,0,0,0
"POINT (8.484174091000057 49.495050130000038)",Unfall 205990 (2023) Kat:3, Licht: 0,205990,3,3,5,05,07,5,0,0,0,1,0,0,0,0
"POINT (8.470215034000034 49.503616251000039)",Unfall 205992 (2023) Kat:3, Licht: 0,205992,3,6,2,05,19,5,0,0,0,1,0,1,0,0
"POINT (8.472638808000056 49.492423112000040)",Unfall 205993 (2023) Kat:3, Licht: 0,205993,3,3,5,05,20,5,0,0,0,1,0,1,0,0
"POINT (8.469993426000030 49.504614933000028)",Unfall 205994 (2023) Kat:2, Licht: 0,205994,2,4,6,05,14,5,0,0,0,1,1,0,0,0
"POINT (8.468451026000025 49.544221166000057)",Unfall 205995 (2023) Kat:3, Licht: 0,205995,3,3,5,05,08,5,0,0,0,1,0,0,0,0
"POINT (8.480818066000040 49.483689043000027)",Unfall 206047 (2023) Kat:3, Licht: 0,206047,3,5,1,05,18,4,0,0,1,1,0,0,0,0
"POINT (8.496037410000042 49.499281677000056)",Unfall 206048 (2023) Kat:3, Licht: 0,206048,3,3,5,05,17,4,0,0,1,1,0,0,0,0
"POINT (8.477345126000046 49.497613362000038)",Unfall 206051 (2023) Kat:3, Licht: 0,206051,3,7,0,05,16,4,0,0,1,0,0,0,0,0
"POINT (8.471471321000024 49.503792746000045)",Unfall 206108 (2023) Kat:3, Licht: 2,206108,3,7,0,05,21,3,0,2,1,1,0,0,0,0
"POINT (8.563098781000065 49.458746614000063)",Unfall 206109 (2023) Kat:3, Licht: 0,206109,3,7,2,05,07,3,0,0,0,1,0,0,0,0
"POINT (8.475653707000049 49.464799705000075)",Unfall 206130 (2023) Kat:3, Licht: 0,206130,3,6,2,05,12,5,0,0,0,1,0,1,0,0
"POINT (8.465046596000036 49.488985193000076)",Unfall 206147 (2023) Kat:3, Licht: 0,206147,3,3,5,05,17,2,0,0,0,1,0,0,0,0
"POINT (8.483815897000056 49.477514404000033)",Unfall 206205 (2023) Kat:3, Licht: 0,206205,3,2,5,04,13,7,0,0,1,1,0,0,0,0
"POINT (8.485818079000069 49.466352247000032)",Unfall 206206 (2023) Kat:3, Licht: 0,206206,3,6,2,04,13,7,0,0,0,1,0,1,0,0
"POINT (8.554975742000067 49.465177689000029)",Unfall 206208 (2023) Kat:2, Licht: 0,206208,2,3,5,04,14,7,0,0,0,1,0,0,0,0
"POINT (8.473948722000046 49.452924741000061)",Unfall 206233 (2023) Kat:3, Licht: 0,206233,3,7,4,05,19,5,0,0,0,1,0,0,0,0
"POINT (8.534824144000027 49.511423467000043)",Unfall 206242 (2023) Kat:3, Licht: 0,206242,3,7,6,04,09,6,0,0,0,1,1,0,0,0
"POINT (8.521430735000024 49.515252210000028)",Unfall 206243 (2023) Kat:3, Licht: 0,206243,3,1,0,04,16,6,1,0,0,0,0,1,0,0
"POINT (8.471517730000073 49.493275917000062)",Unfall 206278 (2023) Kat:3, Licht: 2,206278,3,6,4,06,22,5,0,2,1,0,0,0,0,1
"POINT (8.472267864000059 49.516121910000038)",Unfall 206279 (2023) Kat:3, Licht: 0,206279,3,2,4,06,07,5,0,0,0,1,0,1,0,0
"POINT (8.467125022000062 49.486366073000056)",Unfall 206280 (2023) Kat:3, Licht: 0,206280,3,2,3,06,12,5,0,0,1,1,0,0,0,0
"POINT (8.485528966000061 49.525049208000041)",Unfall 206342 (2023) Kat:3, Licht: 0,206342,3,7,0,06,16,4,0,0,0,0,0,0,0,1
"POINT (8.471884287000023 49.492970012000058)",Unfall 206343 (2023) Kat:3, Licht: 1,206343,3,3,5,06,20,4,0,1,1,1,0,0,0,0
"POINT (8.497255720000055 49.450480695000067)",Unfall 206344 (2023) Kat:3, Licht: 0,206344,3,3,5,06,20,4,0,0,1,1,0,0,0,0
"POINT (8.476358976000029 49.496202565000033)",Unfall 206399 (2023) Kat:3, Licht: 0,206399,3,7,0,06,07,3,0,0,0,1,0,0,0,1
"POINT (8.492217749000076 49.458713992000071)",Unfall 206458 (2023) Kat:3, Licht: 0,206458,3,3,5,06,11,2,0,0,1,1,0,0,0,0
"POINT (8.464019383000050 49.489452311000036)",Unfall 206468 (2023) Kat:3, Licht: 0,206468,3,7,0,06,17,5,0,0,0,0,0,1,0,0
"POINT (8.483313282000040 49.472976804000041)",Unfall 206507 (2023) Kat:3, Licht: 0,206507,3,7,2,06,07,1,0,0,0,0,0,1,1,0
"POINT (8.471767249000038 49.472384457000032)",Unfall 206550 (2023) Kat:3, Licht: 0,206550,3,6,3,06,18,7,0,0,0,1,0,1,0,0
"POINT (8.502409087000046 49.453917751000063)",Unfall 206591 (2023) Kat:3, Licht: 0,206591,3,7,1,06,10,6,0,0,1,1,0,0,0,0
"POINT (8.510449112000060 49.516871127000059)",Unfall 206593 (2023) Kat:2, Licht: 0,206593,2,2,4,06,10,6,0,0,0,1,0,1,0,0
"POINT (8.473950598000044 49.483746401000076)",Unfall 206594 (2023) Kat:3, Licht: 0,206594,3,1,6,06,12,6,0,0,0,1,1,0,0,0
"POINT (8.491309152000042 49.476849444000038)",Unfall 206665 (2023) Kat:3, Licht: 0,206665,3,6,3,06,18,4,0,0,1,1,0,0,0,0
"POINT (8.484340813000074 49.471990040000037)",Unfall 206666 (2023) Kat:3, Licht: 0,206666,3,1,9,06,20,4,0,0,0,0,0,1,0,0
"POINT (8.465033630000050 49.488971205000041)",Unfall 206705 (2023) Kat:3, Licht: 0,206705,3,3,5,06,10,7,0,0,1,1,0,0,0,0
"POINT (8.506730022000056 49.509510830000067)",Unfall 206714 (2023) Kat:3, Licht: 0,206714,3,3,5,06,19,3,0,0,1,1,0,0,0,0
"POINT (8.473412624000048 49.485816782000029)",Unfall 206715 (2023) Kat:3, Licht: 0,206715,3,4,6,06,16,3,0,0,1,0,1,0,0,0
"POINT (8.470508906000020 49.507891082000071)",Unfall 206716 (2023) Kat:3, Licht: 0,206716,3,7,3,06,07,3,0,0,0,1,0,0,0,1
"POINT (8.488470615000040 49.454949085000067)",Unfall 206758 (2023) Kat:3, Licht: 0,206758,3,3,5,06,16,2,0,0,0,1,0,1,0,0
"POINT (8.575900685000022 49.446669393000036)",Unfall 206802 (2023) Kat:3, Licht: 0,206802,3,7,0,06,19,1,0,0,1,0,0,0,0,0
"POINT (8.463386763000074 49.489617023000051)",Unfall 206804 (2023) Kat:3, Licht: 0,206804,3,3,5,06,11,1,0,0,0,1,0,1,0,0
"POINT (8.459198371000070 49.496741116000067)",Unfall 206805 (2023) Kat:3, Licht: 0,206805,3,6,0,06,05,1,0,0,0,0,0,0,0,1
"POINT (8.466541804000030 49.486591126000064)",Unfall 206842 (2023) Kat:3, Licht: 0,206842,3,6,2,06,18,7,0,0,0,1,0,0,0,0
"POINT (8.484728137000047 49.481527518000064)",Unfall 206882 (2023) Kat:3, Licht: 0,206882,3,3,5,06,08,6,0,0,0,1,0,1,0,0
"POINT (8.483328013000062 49.477777926000044)",Unfall 206883 (2023) Kat:3, Licht: 2,206883,3,4,6,06,21,6,0,2,0,0,1,0,0,1
"POINT (8.475543279000021 49.464865585000041)",Unfall 206884 (2023) Kat:3, Licht: 0,206884,3,3,5,06,18,6,0,0,1,1,0,0,0,0
"POINT (8.495877513000039 49.452929476000065)",Unfall 206885 (2023) Kat:3, Licht: 0,206885,3,6,3,06,16,6,0,0,0,1,0,1,0,0
"POINT (8.562371477000056 49.457921433000081)",Unfall 206886 (2023) Kat:3, Licht: 2,206886,3,7,9,06,02,6,0,2,0,1,0,0,0,0
"POINT (8.459353879000048 49.489392400000042)",Unfall 206887 (2023) Kat:3, Licht: 0,206887,3,5,5,06,07,6,0,0,0,1,0,0,0,1
"POINT (8.545779692000053 49.489954129000068)",Unfall 206930 (2023) Kat:3, Licht: 0,206930,3,5,7,06,12,5,0,0,1,1,0,0,0,0
"POINT (8.493899033000048 49.455831120000028)",Unfall 207042 (2023) Kat:3, Licht: 0,207042,3,4,6,05,11,3,0,0,0,1,1,0,0,0
"POINT (8.471421268000029 49.472789776000070)",Unfall 207043 (2023) Kat:3, Licht: 0,207043,3,7,6,05,11,3,0,0,0,0,1,0,0,1
"POINT (8.450685611000040 49.549832664000064)",Unfall 207108 (2023) Kat:3, Licht: 0,207108,3,7,1,05,18,2,0,0,0,1,0,1,0,0
"POINT (8.530173228000024 49.511937183000043)",Unfall 207123 (2023) Kat:3, Licht: 0,207123,3,7,6,05,20,1,0,0,0,1,1,0,0,0
"POINT (8.493426378000038 49.476030942000079)",Unfall 207153 (2023) Kat:3, Licht: 0,207153,3,7,0,06,14,2,0,0,1,0,0,0,0,0
"POINT (8.464239270000064 49.486893779000070)",Unfall 207163 (2023) Kat:3, Licht: 2,207163,3,7,9,05,22,7,0,2,0,1,0,0,0,0
"POINT (8.469966976000023 49.484492648000071)",Unfall 207165 (2023) Kat:3, Licht: 2,207165,3,1,6,05,23,7,0,2,0,1,1,0,0,0
"POINT (8.471430455000075 49.472759145000055)",Unfall 207228 (2023) Kat:3, Licht: 2,207228,3,3,5,05,22,6,0,2,1,1,0,0,0,0
"POINT (8.519256091000045 49.515735450000079)",Unfall 207229 (2023) Kat:3, Licht: 0,207229,3,2,4,05,16,6,0,0,0,1,0,0,0,0
"POINT (8.513422003000073 49.517528998000046)",Unfall 207288 (2023) Kat:2, Licht: 0,207288,2,6,4,05,14,5,0,0,1,0,0,0,0,0
"POINT (8.492578337000054 49.481736090000027)",Unfall 207373 (2023) Kat:2, Licht: 0,207373,2,3,5,07,13,4,0,0,0,1,0,1,0,0
"POINT (8.478059996000070 49.486734336000040)",Unfall 207375 (2023) Kat:3, Licht: 0,207375,3,3,5,07,17,4,0,0,0,1,0,0,0,1
"POINT (8.478480612000055 49.460904089000053)",Unfall 207419 (2023) Kat:3, Licht: 0,207419,3,6,2,07,15,3,0,0,0,1,0,0,0,0
"POINT (8.463410946000067 49.477246340000079)",Unfall 207518 (2023) Kat:3, Licht: 0,207518,3,5,1,07,20,1,0,0,1,1,0,0,0,0
"POINT (8.446016974000031 49.547415817000058)",Unfall 207519 (2023) Kat:3, Licht: 0,207519,3,6,3,07,17,1,0,0,1,1,0,0,0,0
"POINT (8.484275262000040 49.480826172000036)",Unfall 207553 (2023) Kat:3, Licht: 0,207553,3,2,5,07,11,7,0,0,1,1,0,0,0,0
"POINT (8.488029730000051 49.524413156000037)",Unfall 207588 (2023) Kat:3, Licht: 0,207588,3,5,1,06,06,6,1,0,1,1,0,0,0,0
"POINT (8.493896050000046 49.455830663000029)",Unfall 207589 (2023) Kat:3, Licht: 0,207589,3,3,5,06,08,6,0,0,1,1,0,0,0,0
"POINT (8.475299720000066 49.485096853000073)",Unfall 207590 (2023) Kat:3, Licht: 0,207590,3,4,6,06,12,6,0,0,0,1,1,0,0,0
"POINT (8.558688691000043 49.465843175000032)",Unfall 207650 (2023) Kat:3, Licht: 0,207650,3,7,0,06,17,5,0,0,1,0,0,0,0,0
"POINT (8.485727715000053 49.464772460000063)",Unfall 207651 (2023) Kat:3, Licht: 0,207651,3,3,5,06,18,5,0,0,1,0,0,0,0,0
"POINT (8.499168655000062 49.473202540000045)",Unfall 207652 (2023) Kat:3, Licht: 0,207652,3,3,5,06,16,5,0,0,0,0,0,0,0,1
"POINT (8.479447675000074 49.487935986000082)",Unfall 207653 (2023) Kat:3, Licht: 0,207653,3,6,2,06,09,5,0,0,1,0,0,0,0,1
"POINT (8.479894506000051 49.541164475000073)",Unfall 207704 (2023) Kat:2, Licht: 0,207704,2,7,0,06,10,4,0,0,1,0,0,0,0,1
"POINT (8.490449347000038 49.460985089000076)",Unfall 207705 (2023) Kat:3, Licht: 0,207705,3,6,2,06,17,4,0,0,0,1,0,0,0,0
"POINT (8.553683595000052 49.468856802000062)",Unfall 207706 (2023) Kat:3, Licht: 0,207706,3,2,4,06,13,4,0,0,0,1,0,1,0,0
"POINT (8.468742846000055 49.550850003000050)",Unfall 207767 (2023) Kat:3, Licht: 0,207767,3,7,1,06,16,3,0,0,0,0,1,0,0,1
"POINT (8.472727622000036 49.536838933000070)",Unfall 207768 (2023) Kat:3, Licht: 0,207768,3,5,1,06,17,3,0,0,1,1,0,0,0,0
"POINT (8.457244301000060 49.495015073000047)",Unfall 207769 (2023) Kat:3, Licht: 0,207769,3,5,1,06,13,3,0,0,0,1,0,0,0,1
"POINT (8.481661914000028 49.479155021000054)",Unfall 207770 (2023) Kat:3, Licht: 0,207770,3,5,1,06,10,3,0,0,1,1,0,0,0,0
"POINT (8.472750972000028 49.500134808000041)",Unfall 207773 (2023) Kat:3, Licht: 0,207773,3,7,6,06,08,3,0,0,0,1,1,0,0,0
"POINT (8.467038513000034 49.510745522000036)",Unfall 207822 (2023) Kat:3, Licht: 0,207822,3,2,6,06,20,2,0,0,0,1,1,0,0,0
"POINT (8.563392725000028 49.458926459000054)",Unfall 207823 (2023) Kat:3, Licht: 2,207823,3,7,0,06,23,2,0,2,0,0,0,0,0,1
"POINT (8.523323969000046 49.507806239000047)",Unfall 207824 (2023) Kat:3, Licht: 0,207824,3,3,5,06,10,2,0,0,0,1,0,1,0,0
"POINT (8.478037156000028 49.482940966000058)",Unfall 207825 (2023) Kat:2, Licht: 0,207825,2,3,5,06,14,2,0,0,1,1,0,0,0,0
"POINT (8.456664439000065 49.489425378000078)",Unfall 207869 (2023) Kat:3, Licht: 2,207869,3,6,2,06,23,1,0,2,0,1,0,0,0,0
"POINT (8.481424257000072 49.453547645000071)",Unfall 207918 (2023) Kat:1, Licht: 0,207918,1,3,5,06,18,7,0,0,1,0,0,0,0,1
"POINT (8.489805057000069 49.451343977000079)",Unfall 207966 (2023) Kat:3, Licht: 0,207966,3,3,5,06,16,6,0,0,1,1,0,0,0,0
"POINT (8.478894951000029 49.477122362000046)",Unfall 207969 (2023) Kat:3, Licht: 0,207969,3,3,5,06,07,6,0,0,0,0,0,1,1,0
"POINT (8.460346590000029 49.503485481000041)",Unfall 207972 (2023) Kat:3, Licht: 0,207972,3,6,2,06,16,6,0,0,0,1,0,0,0,0
"POINT (8.448833100000058 49.542677583000057)",Unfall 207973 (2023) Kat:3, Licht: 0,207973,3,2,4,06,14,6,0,0,0,1,0,1,0,0
"POINT (8.477203021000037 49.539063925000050)",Unfall 208023 (2023) Kat:3, Licht: 0,208023,3,3,5,06,13,5,0,0,0,1,0,1,0,0
"POINT (8.467537012000037 49.491684833000079)",Unfall 208024 (2023) Kat:3, Licht: 0,208024,3,6,2,06,18,5,0,0,1,1,0,0,0,0
"POINT (8.481353861000059 49.478025530000082)",Unfall 208053 (2023) Kat:3, Licht: 0,208053,3,5,1,06,20,5,0,0,1,1,0,0,0,0
"POINT (8.493707537000034 49.500790684000037)",Unfall 208068 (2023) Kat:3, Licht: 0,208068,3,3,5,07,14,2,0,0,1,0,0,0,0,1
"POINT (8.480999466000071 49.535643454000081)",Unfall 208090 (2023) Kat:3, Licht: 0,208090,3,3,5,06,16,4,0,0,1,1,0,0,0,0
"POINT (8.479323293000050 49.493353966000029)",Unfall 208091 (2023) Kat:3, Licht: 0,208091,3,6,4,06,08,4,0,0,1,0,0,0,0,0
"POINT (8.506750687000022 49.509503817000052)",Unfall 208092 (2023) Kat:2, Licht: 0,208092,2,3,5,06,12,4,0,0,0,1,0,1,0,0
"POINT (8.473521704000063 49.481800116000045)",Unfall 208093 (2023) Kat:3, Licht: 0,208093,3,3,5,06,20,4,0,0,1,0,0,0,0,1
"POINT (8.468063429000040 49.484700987000053)",Unfall 208267 (2023) Kat:3, Licht: 0,208267,3,3,5,06,10,7,0,0,1,1,0,0,0,0
"POINT (8.476337935000060 49.508355478000055)",Unfall 208341 (2023) Kat:3, Licht: 0,208341,3,7,2,07,12,5,0,0,0,0,0,1,0,1
"POINT (8.478819255000076 49.453451046000055)",Unfall 208381 (2023) Kat:3, Licht: 0,208381,3,4,6,07,08,4,0,0,0,1,1,0,0,0
"POINT (8.561968230000048 49.451491736000037)",Unfall 208382 (2023) Kat:3, Licht: 0,208382,3,3,5,07,16,4,1,0,0,1,0,1,0,0
"POINT (8.464423600000032 49.500790442000039)",Unfall 208383 (2023) Kat:3, Licht: 0,208383,3,4,6,07,11,4,0,0,0,0,1,0,0,1
"POINT (8.478516869000032 49.460279081000067)",Unfall 208424 (2023) Kat:3, Licht: 0,208424,3,3,5,07,09,3,0,0,1,1,0,0,0,0
"POINT (8.567320041000073 49.447897598000054)",Unfall 208459 (2023) Kat:3, Licht: 0,208459,3,1,0,07,13,2,0,0,1,0,0,0,0,0
"POINT (8.446826747000046 49.545667038000033)",Unfall 208517 (2023) Kat:3, Licht: 2,208517,3,5,1,07,02,7,0,2,0,1,0,0,0,1
"POINT (8.477438027000062 49.485896449000052)",Unfall 208573 (2023) Kat:3, Licht: 0,208573,3,7,0,07,08,6,0,0,1,0,0,0,0,0
"POINT (8.480494756000041 49.457795306000037)",Unfall 208574 (2023) Kat:3, Licht: 2,208574,3,2,3,07,23,6,0,2,0,1,0,0,0,1
"POINT (8.470900589000053 49.492809312000077)",Unfall 208575 (2023) Kat:3, Licht: 0,208575,3,7,8,07,08,6,0,0,0,1,0,0,0,0
"POINT (8.490304685000069 49.460804951000057)",Unfall 208576 (2023) Kat:3, Licht: 0,208576,3,2,5,07,15,6,1,0,1,1,0,0,0,0
"POINT (8.512165957000036 49.485487746000047)",Unfall 208627 (2023) Kat:3, Licht: 0,208627,3,3,5,07,15,5,0,0,1,0,0,0,0,0
"POINT (8.540511749000075 49.486385784000049)",Unfall 208628 (2023) Kat:3, Licht: 0,208628,3,7,4,07,18,5,0,0,1,1,0,0,0,0
"POINT (8.456490669000061 49.494320347000041)",Unfall 208629 (2023) Kat:2, Licht: 0,208629,2,3,5,07,07,5,0,0,1,0,0,1,0,0
"POINT (8.486424895000027 49.459680903000049)",Unfall 208630 (2023) Kat:2, Licht: 0,208630,2,3,5,07,13,5,0,0,1,1,0,0,0,0
"POINT (8.468908495000051 49.493741342000078)",Unfall 208674 (2023) Kat:3, Licht: 0,208674,3,1,0,07,06,4,0,0,1,0,0,0,0,0
"POINT (8.490213415000028 49.460775454000043)",Unfall 208728 (2023) Kat:3, Licht: 0,208728,3,2,3,07,19,3,0,0,1,1,0,0,0,0
"POINT (8.524913138000045 49.510341666000045)",Unfall 208829 (2023) Kat:3, Licht: 0,208829,3,6,4,07,14,1,0,0,1,0,0,0,0,0
"POINT (8.466562266000039 49.490627159000042)",Unfall 208830 (2023) Kat:3, Licht: 2,208830,3,3,5,07,00,1,1,2,0,1,0,0,0,0
"POINT (8.471259539000073 49.525389094000047)",Unfall 208833 (2023) Kat:3, Licht: 0,208833,3,6,3,07,16,1,0,0,1,1,0,0,0,0
"POINT (8.474806642000033 49.489347746000078)",Unfall 208932 (2023) Kat:3, Licht: 0,208932,3,7,9,07,17,2,1,0,0,1,0,1,0,0
"POINT (8.565300786000023 49.465342651000071)",Unfall 208936 (2023) Kat:3, Licht: 0,208936,3,6,3,07,10,6,0,0,1,1,0,0,0,0
"POINT (8.493593675000056 49.515061347000028)",Unfall 209002 (2023) Kat:3, Licht: 0,209002,3,2,5,07,09,5,0,0,1,1,0,0,0,0
"POINT (8.475984023000024 49.473567413000069)",Unfall 209003 (2023) Kat:3, Licht: 0,209003,3,2,5,07,14,5,0,0,0,1,0,0,0,1
"POINT (8.505257909000022 49.494961745000069)",Unfall 209066 (2023) Kat:3, Licht: 2,209066,3,7,1,07,00,4,0,2,0,1,0,1,0,0
"POINT (8.478910906000067 49.477280804000031)",Unfall 209114 (2023) Kat:3, Licht: 0,209114,3,2,0,07,17,3,0,0,0,1,0,1,0,0
"POINT (8.467397181000024 49.490322651000042)",Unfall 209115 (2023) Kat:3, Licht: 0,209115,3,2,0,07,08,3,0,0,1,1,0,0,0,0
"POINT (8.575841994000029 49.440500238000027)",Unfall 209170 (2023) Kat:3, Licht: 0,209170,3,4,6,07,07,2,0,0,1,0,1,0,0,0
"POINT (8.544139893000022 49.488864285000034)",Unfall 209171 (2023) Kat:3, Licht: 0,209171,3,2,5,07,14,2,0,0,1,1,0,0,0,0
"POINT (8.473983163000071 49.534136797000031)",Unfall 209172 (2023) Kat:2, Licht: 0,209172,2,2,3,07,13,2,0,0,1,0,0,0,0,0
"POINT (8.458712684000034 49.496677294000051)",Unfall 209224 (2023) Kat:2, Licht: 2,209224,2,7,0,07,00,1,0,2,1,0,0,0,0,0
"POINT (8.471008412000060 49.491716471000075)",Unfall 209225 (2023) Kat:3, Licht: 0,209225,3,1,8,07,13,1,0,0,0,0,0,1,0,0
"POINT (8.482572104000042 49.456788678000066)",Unfall 209269 (2023) Kat:3, Licht: 0,209269,3,2,5,07,19,7,0,0,1,1,0,0,0,0
"POINT (8.474816217000068 49.516521585000078)",Unfall 209270 (2023) Kat:3, Licht: 0,209270,3,2,5,07,15,7,0,0,0,1,0,0,0,0
"POINT (8.542246670000054 49.487210281000046)",Unfall 209377 (2023) Kat:3, Licht: 0,209377,3,2,5,07,10,5,0,0,0,1,0,1,0,0
"POINT (8.478747688000055 49.499447026000041)",Unfall 209378 (2023) Kat:3, Licht: 2,209378,3,3,5,07,23,5,0,2,0,0,0,0,0,1
"POINT (8.478664920000028 49.497952721000047)",Unfall 209384 (2023) Kat:3, Licht: 0,209384,3,3,5,07,12,5,0,0,1,1,0,0,0,0
"POINT (8.495947696000030 49.452862056000072)",Unfall 209391 (2023) Kat:3, Licht: 0,209391,3,6,3,08,19,5,0,0,0,1,0,0,0,0
"POINT (8.502421692000041 49.502904823000051)",Unfall 209452 (2023) Kat:3, Licht: 0,209452,3,1,4,08,18,3,0,0,0,1,0,1,0,0
"POINT (8.569778374000066 49.455333575000054)",Unfall 209453 (2023) Kat:3, Licht: 0,209453,3,7,0,08,11,3,0,0,1,0,0,0,0,0
"POINT (8.487685037000062 49.484567188000028)",Unfall 209454 (2023) Kat:3, Licht: 0,209454,3,6,2,08,10,3,0,0,0,1,0,0,0,0
"POINT (8.470910885000023 49.475207201000046)",Unfall 209554 (2023) Kat:3, Licht: 0,209554,3,2,6,08,17,5,0,0,0,1,1,0,0,0
"POINT (8.465047440000035 49.488986104000048)",Unfall 209555 (2023) Kat:3, Licht: 0,209555,3,3,5,08,15,5,0,0,0,1,0,1,0,0
"POINT (8.524071357000025 49.509442341000067)",Unfall 209588 (2023) Kat:3, Licht: 0,209588,3,3,5,08,18,4,0,0,0,1,0,1,0,0
"POINT (8.497641633000057 49.513145798000039)",Unfall 209589 (2023) Kat:3, Licht: 0,209589,3,5,1,08,10,4,0,0,0,1,0,0,0,0
"POINT (8.503603972000064 49.457624497000040)",Unfall 209590 (2023) Kat:2, Licht: 0,209590,2,2,3,08,16,4,0,0,1,0,0,0,1,0
"POINT (8.467012060000059 49.510653017000038)",Unfall 209591 (2023) Kat:3, Licht: 0,209591,3,3,5,08,14,4,0,0,0,1,0,0,1,0
"POINT (8.482944572000065 49.513603038000042)",Unfall 209623 (2023) Kat:3, Licht: 0,209623,3,7,2,08,05,3,0,0,0,1,0,0,0,0
"POINT (8.477687445000072 49.497515172000078)",Unfall 209624 (2023) Kat:3, Licht: 0,209624,3,7,5,08,10,3,0,0,1,1,0,0,0,0
"POINT (8.483378671000025 49.473623854000039)",Unfall 209625 (2023) Kat:2, Licht: 0,209625,2,6,3,08,16,3,0,0,0,1,0,0,0,0
"POINT (8.469934313000067 49.504576978000046)",Unfall 209702 (2023) Kat:3, Licht: 0,209702,3,6,2,08,17,7,0,0,0,1,0,1,0,0
"POINT (8.464206749000027 49.500952818000030)",Unfall 209732 (2023) Kat:3, Licht: 0,209732,3,3,5,08,13,6,0,0,0,1,0,1,0,0
"POINT (8.467523870000036 49.490454432000035)",Unfall 209733 (2023) Kat:3, Licht: 0,209733,3,6,3,08,12,6,0,0,1,1,0,0,0,0
"POINT (8.526770132000024 49.407195745000081)",Unfall 209758 (2023) Kat:3, Licht: 0,209758,3,3,0,08,06,5,1,0,1,1,0,0,0,0
"POINT (8.481048238000028 49.539125396000031)",Unfall 209797 (2023) Kat:3, Licht: 0,209797,3,3,5,08,11,4,0,0,1,1,0,0,0,0
"POINT (8.474916841000038 49.465021639000042)",Unfall 209798 (2023) Kat:3, Licht: 0,209798,3,2,5,08,12,4,0,0,1,0,0,0,1,0
"POINT (8.493921188000058 49.511599504000060)",Unfall 209800 (2023) Kat:3, Licht: 0,209800,3,2,3,08,07,4,0,0,1,0,0,0,1,0
"POINT (8.463665353000067 49.488722517000042)",Unfall 209832 (2023) Kat:3, Licht: 0,209832,3,3,5,08,15,3,0,0,1,1,0,0,0,0
"POINT (8.503097256000046 49.444438492000074)",Unfall 209867 (2023) Kat:3, Licht: 2,209867,3,1,0,08,05,2,1,2,0,0,0,1,0,0
"POINT (8.487985187000049 49.495296522000046)",Unfall 209892 (2023) Kat:3, Licht: 0,209892,3,6,3,08,11,1,0,0,1,1,0,0,0,0
"POINT (8.496076637000044 49.514987654000038)",Unfall 209894 (2023) Kat:3, Licht: 0,209894,3,7,0,08,20,1,0,0,0,1,0,0,0,0
"POINT (8.508777716000054 49.446450691000052)",Unfall 209926 (2023) Kat:3, Licht: 2,209926,3,7,9,08,04,7,0,2,0,1,0,0,0,0
"POINT (8.483688950000044 49.510097320000057)",Unfall 209927 (2023) Kat:2, Licht: 0,209927,2,7,2,08,19,7,0,0,0,1,0,0,0,0
"POINT (8.527594064000027 49.449302025000065)",Unfall 209959 (2023) Kat:3, Licht: 0,209959,3,6,2,08,17,6,0,0,0,1,0,0,0,0
"POINT (8.531786197000031 49.432367745000079)",Unfall 210022 (2023) Kat:3, Licht: 0,210022,3,3,5,08,10,5,0,0,0,1,0,0,0,0
"POINT (8.460265287000027 49.533341586000063)",Unfall 210061 (2023) Kat:3, Licht: 0,210061,3,2,4,08,06,4,0,0,0,1,0,1,0,0
"POINT (8.471107494000023 49.474273794000055)",Unfall 210062 (2023) Kat:3, Licht: 0,210062,3,4,6,08,16,4,0,0,1,0,1,0,0,0
"POINT (8.476541760000032 49.484619326000029)",Unfall 210118 (2023) Kat:3, Licht: 0,210118,3,6,2,08,17,2,0,0,0,1,0,1,0,0
"POINT (8.467365475000065 49.498960352000040)",Unfall 210185 (2023) Kat:3, Licht: 0,210185,3,5,0,08,10,6,0,0,1,1,0,0,0,0
"POINT (8.482597137000027 49.481157548000056)",Unfall 210186 (2023) Kat:2, Licht: 0,210186,2,2,6,08,15,6,0,0,0,1,1,0,0,0
"POINT (8.472904044000074 49.464660286000026)",Unfall 210208 (2023) Kat:3, Licht: 0,210208,3,5,1,08,16,2,0,0,1,1,0,0,0,0
"POINT (8.480697904000067 49.485220701000060)",Unfall 210225 (2023) Kat:3, Licht: 0,210225,3,3,5,08,18,5,0,0,1,1,0,0,0,0
"POINT (8.471539651000057 49.487518454000053)",Unfall 210356 (2023) Kat:3, Licht: 0,210356,3,3,5,07,14,1,0,0,0,1,0,0,0,0
"POINT (8.456130400000063 49.483788990000050)",Unfall 210380 (2023) Kat:2, Licht: 0,210380,2,7,0,08,08,6,0,0,1,0,0,0,0,0
"POINT (8.473636997000028 49.484800914000061)",Unfall 210393 (2023) Kat:3, Licht: 0,210393,3,4,6,07,19,7,0,0,0,0,1,0,0,1
"POINT (8.525645317000055 49.510163916000067)",Unfall 210425 (2023) Kat:3, Licht: 0,210425,3,6,2,07,16,6,1,0,0,1,0,0,0,0
"POINT (8.473300394000034 49.467253200000073)",Unfall 210473 (2023) Kat:3, Licht: 0,210473,3,6,2,08,13,6,0,0,0,1,0,0,0,1
"POINT (8.470841105000034 49.501360840000075)",Unfall 210507 (2023) Kat:3, Licht: 1,210507,3,7,6,09,18,6,1,1,1,0,1,0,0,0
"POINT (8.517755789000034 49.512718929000073)",Unfall 210508 (2023) Kat:3, Licht: 0,210508,3,3,5,09,09,6,0,0,0,1,0,1,0,0
"POINT (8.484762474000036 49.472484103000056)",Unfall 210509 (2023) Kat:3, Licht: 2,210509,3,1,8,09,02,6,0,2,0,1,0,0,0,0
"POINT (8.507548561000021 49.514037073000054)",Unfall 210562 (2023) Kat:3, Licht: 0,210562,3,2,3,09,10,5,0,0,1,1,0,0,0,0
"POINT (8.466029155000058 49.530850770000029)",Unfall 210611 (2023) Kat:2, Licht: 2,210611,2,2,5,09,05,4,0,2,0,1,0,1,0,0
"POINT (8.457680062000065 49.496747058000039)",Unfall 210612 (2023) Kat:2, Licht: 0,210612,2,2,5,09,07,4,0,0,1,0,0,0,1,0
"POINT (8.513682141000061 49.517930972000045)",Unfall 210649 (2023) Kat:3, Licht: 0,210649,3,6,3,09,07,3,0,0,0,1,0,0,0,1
"POINT (8.506257148000032 49.482916458000034)",Unfall 210680 (2023) Kat:2, Licht: 0,210680,2,2,4,09,17,2,0,0,0,1,0,1,0,0
"POINT (8.487050676000024 49.511349104000033)",Unfall 210732 (2023) Kat:3, Licht: 0,210732,3,1,9,09,15,1,0,0,0,1,0,0,0,0
"POINT (8.466399937000062 49.489240106000068)",Unfall 210770 (2023) Kat:3, Licht: 2,210770,3,7,3,09,20,7,0,2,1,1,0,0,0,0
"POINT (8.484231117000036 49.471282175000056)",Unfall 210809 (2023) Kat:3, Licht: 0,210809,3,6,0,09,17,6,0,0,1,0,0,0,0,0
"POINT (8.480968085000029 49.513913879000029)",Unfall 210810 (2023) Kat:2, Licht: 2,210810,2,7,3,09,05,6,0,2,0,1,0,1,0,0
"POINT (8.494373596000059 49.521595502000082)",Unfall 210903 (2023) Kat:2, Licht: 2,210903,2,3,5,09,23,4,0,2,0,1,0,1,0,0
"POINT (8.485705835000033 49.473885670000072)",Unfall 210904 (2023) Kat:3, Licht: 0,210904,3,3,5,09,07,4,0,0,1,1,0,0,0,0
"POINT (8.446073748000060 49.556473940000046)",Unfall 210949 (2023) Kat:3, Licht: 0,210949,3,3,0,09,12,3,0,0,0,1,0,1,0,0
"POINT (8.494208765000053 49.455718720000050)",Unfall 210989 (2023) Kat:2, Licht: 0,210989,2,4,6,09,12,2,1,0,0,1,1,0,0,0
"POINT (8.448511678000045 49.496669288000078)",Unfall 211092 (2023) Kat:3, Licht: 2,211092,3,7,0,09,02,7,0,2,1,0,0,0,0,0
"POINT (8.464952932000074 49.500460234000059)",Unfall 211093 (2023) Kat:3, Licht: 0,211093,3,5,1,09,18,7,0,0,1,1,0,0,0,0
"POINT (8.508467135000046 49.497980276000078)",Unfall 211094 (2023) Kat:2, Licht: 0,211094,2,5,5,09,10,7,0,0,0,1,0,1,0,0
"POINT (8.465434801000072 49.531150911000054)",Unfall 211198 (2023) Kat:3, Licht: 2,211198,3,6,4,09,20,5,0,2,1,0,0,0,0,0
"POINT (8.491597669000043 49.477638016000071)",Unfall 211260 (2023) Kat:3, Licht: 0,211260,3,3,5,09,10,4,0,0,0,1,0,0,0,0
"POINT (8.487852459000067 49.464141204000043)",Unfall 211311 (2023) Kat:3, Licht: 0,211311,3,3,5,09,09,3,0,0,1,0,0,0,0,0
"POINT (8.456790559000069 49.492532736000044)",Unfall 211359 (2023) Kat:2, Licht: 0,211359,2,2,5,09,15,2,0,0,0,1,0,1,0,0
"POINT (8.470261452000045 49.493325290000030)",Unfall 211501 (2023) Kat:3, Licht: 0,211501,3,3,5,10,18,1,0,0,0,1,0,0,0,0
"POINT (8.464474260000031 49.488367858000061)",Unfall 211520 (2023) Kat:3, Licht: 0,211520,3,3,5,10,07,7,0,0,1,1,0,0,0,0
"POINT (8.480485066000028 49.551470492000078)",Unfall 211552 (2023) Kat:3, Licht: 0,211552,3,3,5,10,16,6,0,0,0,1,0,0,0,0
"POINT (8.468364270000052 49.491884418000041)",Unfall 211553 (2023) Kat:3, Licht: 0,211553,3,5,1,10,16,6,0,0,1,0,0,0,0,1
"POINT (8.523141278000026 49.471027419000052)",Unfall 211554 (2023) Kat:3, Licht: 0,211554,3,3,5,10,09,6,0,0,1,0,0,0,0,1
"POINT (8.470220805000054 49.493411202000061)",Unfall 211664 (2023) Kat:3, Licht: 0,211664,3,3,5,10,08,4,0,0,1,1,0,0,0,0
"POINT (8.489197537000052 49.462481958000069)",Unfall 211665 (2023) Kat:3, Licht: 2,211665,3,2,5,10,18,4,0,2,1,1,0,0,0,0
"POINT (8.485951745000023 49.466407976000028)",Unfall 211667 (2023) Kat:3, Licht: 2,211667,3,2,3,10,21,4,0,2,0,1,0,0,0,1
"POINT (8.477866547000076 49.490164952000043)",Unfall 211719 (2023) Kat:3, Licht: 0,211719,3,3,5,10,15,3,0,0,1,1,0,0,0,0
"POINT (8.489664372000050 49.487873778000051)",Unfall 211721 (2023) Kat:3, Licht: 2,211721,3,1,1,10,22,3,0,2,0,1,0,1,0,0
"POINT (8.468634612000074 49.480828843000040)",Unfall 211722 (2023) Kat:3, Licht: 0,211722,3,4,6,10,12,3,0,0,1,0,1,0,0,0
"POINT (8.473380451000025 49.451117988000078)",Unfall 211723 (2023) Kat:2, Licht: 2,211723,2,2,5,10,19,3,0,2,1,0,0,0,0,1
"POINT (8.497903588000042 49.525473296000030)",Unfall 211767 (2023) Kat:3, Licht: 0,211767,3,6,1,10,16,2,0,0,0,1,0,0,0,0
"POINT (8.493687903000023 49.500806168000054)",Unfall 211768 (2023) Kat:3, Licht: 0,211768,3,3,5,10,16,2,0,0,1,1,0,0,0,0
"POINT (8.525276088000055 49.495191794000050)",Unfall 211769 (2023) Kat:3, Licht: 0,211769,3,3,5,10,16,2,0,0,1,1,0,0,0,0
"POINT (8.481858473000045 49.489017911000076)",Unfall 211770 (2023) Kat:3, Licht: 0,211770,3,2,5,10,07,2,0,0,1,1,0,0,0,0
"POINT (8.470709307000050 49.508516470000075)",Unfall 211771 (2023) Kat:2, Licht: 0,211771,2,4,6,10,14,2,0,0,0,1,1,0,0,0
"POINT (8.485940945000038 49.466419789000042)",Unfall 211840 (2023) Kat:1, Licht: 2,211840,1,2,3,10,21,7,0,2,1,0,0,0,0,1
"POINT (8.469839073000060 49.505716742000061)",Unfall 211885 (2023) Kat:3, Licht: 0,211885,3,6,3,10,13,6,0,0,0,1,0,0,0,0
"POINT (8.469919236000067 49.504757964000078)",Unfall 211887 (2023) Kat:3, Licht: 0,211887,3,3,5,10,13,6,0,0,1,1,0,0,0,0
"POINT (8.493154086000061 49.566064461000053)",Unfall 211930 (2023) Kat:3, Licht: 2,211930,3,7,0,10,20,5,0,2,1,0,0,0,0,0
"POINT (8.493706202000055 49.500791737000043)",Unfall 211931 (2023) Kat:2, Licht: 1,211931,2,3,5,10,19,5,0,1,0,1,0,0,0,1
"POINT (8.487483016000056 49.464587719000065)",Unfall 211932 (2023) Kat:3, Licht: 1,211932,3,3,5,10,20,5,0,1,1,1,0,0,0,1
"POINT (8.466966561000049 49.477665291000051)",Unfall 211934 (2023) Kat:3, Licht: 0,211934,3,7,6,10,07,5,0,0,0,1,1,0,0,0
"POINT (8.483716711000056 49.497317492000036)",Unfall 211970 (2023) Kat:3, Licht: 0,211970,3,2,3,10,08,4,0,0,1,1,0,0,0,0
"POINT (8.479757775000053 49.471238606000043)",Unfall 211971 (2023) Kat:3, Licht: 0,211971,3,3,5,10,14,4,0,0,0,1,0,1,0,0
"POINT (8.467965061000029 49.483611991000032)",Unfall 211972 (2023) Kat:3, Licht: 0,211972,3,3,5,10,08,4,0,0,1,1,0,0,0,0
"POINT (8.462352983000073 49.503607437000028)",Unfall 212005 (2023) Kat:3, Licht: 2,212005,3,7,1,10,03,7,0,2,1,1,1,0,0,0
"POINT (8.456673445000035 49.491943833000050)",Unfall 212013 (2023) Kat:3, Licht: 2,212013,3,6,4,10,04,3,0,2,1,0,0,0,0,1
"POINT (8.469936545000053 49.504549314000030)",Unfall 212014 (2023) Kat:3, Licht: 0,212014,3,6,1,10,15,3,0,0,0,1,0,0,0,0
"POINT (8.469204491000028 49.488523351000026)",Unfall 212056 (2023) Kat:3, Licht: 0,212056,3,3,5,10,16,2,0,0,1,1,0,0,0,0
"POINT (8.470992030000048 49.493435183000031)",Unfall 212057 (2023) Kat:3, Licht: 0,212057,3,3,5,10,16,2,0,0,1,1,1,0,0,0
"POINT (8.483109906000038 49.513595031000079)",Unfall 212070 (2023) Kat:3, Licht: 0,212070,3,6,1,10,11,2,0,0,0,1,0,0,0,0
"POINT (8.479330079000022 49.560637265000025)",Unfall 212106 (2023) Kat:3, Licht: 0,212106,3,2,4,10,16,1,0,0,1,1,0,0,0,0
"POINT (8.478550550000023 49.516684441000052)",Unfall 212199 (2023) Kat:3, Licht: 2,212199,3,4,6,09,05,6,0,2,0,1,1,0,0,0
"POINT (8.481127165000032 49.456832947000066)",Unfall 212200 (2023) Kat:3, Licht: 0,212200,3,3,5,09,08,6,0,0,1,1,0,0,0,0
"POINT (8.530430324000065 49.429486613000051)",Unfall 212201 (2023) Kat:3, Licht: 0,212201,3,3,5,09,11,6,0,0,0,1,0,0,0,1
"POINT (8.490403859000025 49.451634683000066)",Unfall 212202 (2023) Kat:3, Licht: 0,212202,3,3,5,09,10,6,0,0,1,1,0,0,0,0
"POINT (8.491010814000049 49.476947630000041)",Unfall 212203 (2023) Kat:3, Licht: 0,212203,3,3,5,09,17,6,0,0,0,0,0,0,0,1
"POINT (8.562447778000035 49.457874465000032)",Unfall 212204 (2023) Kat:1, Licht: 0,212204,1,3,5,09,10,6,0,0,1,1,0,0,0,0
"POINT (8.500149673000067 49.534333327000070)",Unfall 212258 (2023) Kat:3, Licht: 0,212258,3,6,4,09,08,5,0,0,1,0,0,0,0,1
"POINT (8.487138242000071 49.474887276000061)",Unfall 212308 (2023) Kat:3, Licht: 0,212308,3,4,0,09,16,5,0,0,0,1,1,0,0,1
"POINT (8.485448229000042 49.524833077000039)",Unfall 212393 (2023) Kat:3, Licht: 0,212393,3,5,5,09,15,3,0,0,0,1,0,0,0,1
"POINT (8.481084960000032 49.457379560000049)",Unfall 212394 (2023) Kat:3, Licht: 0,212394,3,6,2,09,12,3,0,0,0,1,0,0,0,0
"POINT (8.469335706000038 49.491152077000038)",Unfall 212397 (2023) Kat:3, Licht: 0,212397,3,7,6,09,11,3,0,0,0,0,1,0,0,1
"POINT (8.457767975000024 49.491706952000072)",Unfall 212455 (2023) Kat:3, Licht: 0,212455,3,1,8,09,17,2,0,0,1,0,0,0,0,0
"POINT (8.483757311000033 49.497255049000046)",Unfall 212456 (2023) Kat:3, Licht: 0,212456,3,3,5,09,15,2,0,0,0,1,0,0,0,1
"POINT (8.467112953000026 49.468016926000075)",Unfall 212458 (2023) Kat:3, Licht: 0,212458,3,2,4,09,11,2,0,0,1,1,0,0,0,0
"POINT (8.549788624000030 49.512575599000058)",Unfall 212460 (2023) Kat:3, Licht: 0,212460,3,7,5,09,12,2,0,0,1,1,0,0,0,0
"POINT (8.508723763000035 49.514213263000045)",Unfall 212461 (2023) Kat:3, Licht: 0,212461,3,6,1,09,15,2,0,0,0,1,0,0,0,0
"POINT (8.472851266000021 49.492461473000048)",Unfall 212463 (2023) Kat:3, Licht: 0,212463,3,2,3,09,07,2,0,0,0,0,0,0,1,1
"POINT (8.480438415000037 49.489451274000032)",Unfall 212464 (2023) Kat:3, Licht: 0,212464,3,3,5,09,11,2,0,0,0,1,0,0,0,1
"POINT (8.537314183000035 49.474681871000030)",Unfall 212481 (2023) Kat:3, Licht: 0,212481,3,6,2,10,11,2,0,0,0,1,0,0,0,0
"POINT (8.472347742000068 49.497366242000055)",Unfall 212497 (2023) Kat:3, Licht: 2,212497,3,2,4,09,20,1,0,2,1,1,0,0,0,0
"POINT (8.484573788000034 49.485828386000037)",Unfall 212575 (2023) Kat:3, Licht: 0,212575,3,3,2,11,10,4,1,0,0,1,0,0,0,0
"POINT (8.471673018000047 49.498717888000044)",Unfall 212576 (2023) Kat:3, Licht: 0,212576,3,3,5,11,12,4,1,0,1,1,0,0,0,0
"POINT (8.579229633000068 49.439983148000067)",Unfall 212577 (2023) Kat:3, Licht: 1,212577,3,4,6,11,17,4,1,1,0,1,1,0,0,0
"POINT (8.488292188000059 49.479276092000077)",Unfall 212578 (2023) Kat:3, Licht: 2,212578,3,6,2,11,18,4,1,2,0,1,0,0,0,0
"POINT (8.464395700000068 49.488466019000043)",Unfall 212579 (2023) Kat:3, Licht: 0,212579,3,7,3,11,13,4,1,0,0,1,0,0,0,1
"POINT (8.490700579000077 49.460767591000035)",Unfall 212604 (2023) Kat:3, Licht: 0,212604,3,2,3,11,09,3,0,0,1,0,0,0,1,0
"POINT (8.509466575000033 49.445937275000063)",Unfall 212605 (2023) Kat:3, Licht: 2,212605,3,6,2,11,18,3,1,2,0,1,0,0,0,0
"POINT (8.510388264000028 49.446638021000069)",Unfall 212606 (2023) Kat:2, Licht: 0,212606,2,3,5,11,08,3,0,0,1,0,0,0,0,1
"POINT (8.474102583000047 49.496651771000074)",Unfall 212644 (2023) Kat:3, Licht: 0,212644,3,4,6,11,11,2,1,0,0,1,1,0,0,0
"POINT (8.464713688000074 49.489845721000052)",Unfall 212695 (2023) Kat:3, Licht: 0,212695,3,5,6,11,14,7,0,0,0,1,1,0,0,0
"POINT (8.471340733000034 49.493471170000078)",Unfall 212696 (2023) Kat:3, Licht: 2,212696,3,7,7,11,01,7,1,2,1,0,0,0,0,0
"POINT (8.493720057000075 49.511760247000041)",Unfall 212728 (2023) Kat:3, Licht: 0,212728,3,6,4,11,15,6,0,0,1,0,0,0,0,0
"POINT (8.471039758000074 49.472319889000062)",Unfall 212746 (2023) Kat:3, Licht: 2,212746,3,7,0,11,06,1,1,2,0,0,0,0,0,1
"POINT (8.501080218000027 49.459232179000026)",Unfall 212752 (2023) Kat:3, Licht: 0,212752,3,2,3,11,11,6,0,0,1,1,0,0,0,0
"POINT (8.490509002000067 49.530680036000035)",Unfall 212772 (2023) Kat:3, Licht: 0,212772,3,3,5,11,08,5,1,0,1,1,0,0,0,0
"POINT (8.510400512000047 49.506987642000070)",Unfall 212800 (2023) Kat:3, Licht: 0,212800,3,6,3,11,12,4,0,0,0,1,0,0,0,0
"POINT (8.483668714000032 49.497228793000033)",Unfall 212835 (2023) Kat:3, Licht: 0,212835,3,2,5,11,16,3,0,0,1,1,0,0,0,0
"POINT (8.486325279000027 49.526422722000063)",Unfall 212836 (2023) Kat:3, Licht: 0,212836,3,2,5,11,15,3,0,0,1,1,0,0,0,0
"POINT (8.487343250000038 49.504103090000058)",Unfall 212868 (2023) Kat:3, Licht: 1,212868,3,7,0,11,07,2,1,1,0,0,0,0,0,1
"POINT (8.475892843000054 49.479754175000039)",Unfall 212869 (2023) Kat:3, Licht: 2,212869,3,1,0,11,17,2,1,2,1,0,0,0,0,0
"POINT (8.473731867000026 49.488736328000073)",Unfall 212870 (2023) Kat:3, Licht: 0,212870,3,7,0,11,16,2,1,0,0,0,0,1,0,0
"POINT (8.455104456000072 49.484814970000059)",Unfall 212872 (2023) Kat:3, Licht: 2,212872,3,1,0,11,06,2,1,2,1,0,0,0,0,0
"POINT (8.486571826000045 49.479944096000054)",Unfall 212905 (2023) Kat:3, Licht: 0,212905,3,6,3,11,10,1,1,0,0,1,0,0,0,0
"POINT (8.528379617000041 49.429710973000056)",Unfall 212906 (2023) Kat:3, Licht: 0,212906,3,3,5,11,16,1,1,0,0,1,0,0,0,0
"POINT (8.464075193000042 49.491579146000049)",Unfall 212925 (2023) Kat:3, Licht: 0,212925,3,3,5,11,16,7,1,0,1,1,0,0,0,0
"POINT (8.581667499000048 49.443090906000066)",Unfall 212926 (2023) Kat:3, Licht: 0,212926,3,3,5,11,13,7,0,0,0,1,0,1,0,0
"POINT (8.454678007000041 49.521689761000061)",Unfall 212947 (2023) Kat:3, Licht: 0,212947,3,2,4,11,06,6,0,0,0,1,0,0,0,0
"POINT (8.470176532000039 49.492065229000048)",Unfall 212948 (2023) Kat:2, Licht: 0,212948,2,4,6,11,10,6,0,0,0,0,1,0,0,1
"POINT (8.478381578000040 49.496877717000075)",Unfall 212956 (2023) Kat:3, Licht: 0,212956,3,4,6,11,13,6,0,0,1,0,1,0,0,0
"POINT (8.490791101000070 49.497453708000080)",Unfall 212982 (2023) Kat:3, Licht: 2,212982,3,3,5,11,18,5,1,2,0,1,0,0,0,0
"POINT (8.488101822000033 49.529052550000074)",Unfall 212983 (2023) Kat:3, Licht: 0,212983,3,2,5,11,15,5,0,0,1,1,0,0,0,0
"POINT (8.484680463000075 49.467871655000067)",Unfall 213033 (2023) Kat:3, Licht: 2,213033,3,6,2,10,22,3,0,2,0,1,0,0,0,0
"POINT (8.498067786000036 49.513326216000053)",Unfall 213034 (2023) Kat:2, Licht: 0,213034,2,3,5,10,14,3,0,0,0,0,0,1,0,1
"POINT (8.523409691000040 49.449900665000030)",Unfall 213035 (2023) Kat:3, Licht: 0,213035,3,7,5,10,13,3,0,0,1,0,0,0,0,1
"POINT (8.492010362000030 49.477479854000080)",Unfall 213093 (2023) Kat:2, Licht: 2,213093,2,7,0,10,02,1,1,2,0,0,0,0,0,1
"POINT (8.466453850000050 49.485329712000066)",Unfall 213094 (2023) Kat:3, Licht: 2,213094,3,3,5,10,18,1,1,2,0,1,0,0,0,0
"POINT (8.469064527000057 49.528467127000056)",Unfall 213148 (2023) Kat:3, Licht: 2,213148,3,2,5,10,06,6,1,2,0,1,0,0,0,0
"POINT (8.457719970000028 49.496744362000072)",Unfall 213149 (2023) Kat:3, Licht: 0,213149,3,3,5,10,15,6,1,0,1,1,0,0,0,0
"POINT (8.481840075000036 49.493825539000056)",Unfall 213150 (2023) Kat:3, Licht: 1,213150,3,3,5,10,07,6,1,1,1,1,0,0,0,0
"POINT (8.476230336000071 49.496158798000067)",Unfall 213151 (2023) Kat:3, Licht: 2,213151,3,3,5,10,19,6,0,2,1,1,0,0,0,0
"POINT (8.493810309000025 49.511689448000027)",Unfall 213156 (2023) Kat:3, Licht: 2,213156,3,2,5,10,22,3,1,2,0,1,0,0,0,0
"POINT (8.538477330000035 49.453204611000046)",Unfall 213202 (2023) Kat:3, Licht: 0,213202,3,3,5,10,08,5,1,0,1,1,0,0,0,0
"POINT (8.452854495000054 49.490677733000041)",Unfall 213203 (2023) Kat:3, Licht: 0,213203,3,7,0,10,09,5,1,0,1,0,0,0,0,0
"POINT (8.488313625000046 49.497540800000081)",Unfall 213236 (2023) Kat:3, Licht: 2,213236,3,3,5,10,06,4,1,2,0,1,0,0,0,1
"POINT (8.464714033000064 49.493442740000035)",Unfall 213237 (2023) Kat:3, Licht: 0,213237,3,7,5,10,09,4,1,0,1,1,0,0,0,0
"POINT (8.524058756000045 49.504807040000060)",Unfall 213267 (2023) Kat:3, Licht: 2,213267,3,3,5,10,18,3,1,2,1,0,0,0,0,0
"POINT (8.471547107000049 49.487515573000053)",Unfall 213268 (2023) Kat:2, Licht: 0,213268,2,4,6,10,11,3,1,0,0,1,1,0,0,0
"POINT (8.461610513000039 49.486468134000063)",Unfall 213269 (2023) Kat:3, Licht: 0,213269,3,5,1,10,14,3,1,0,0,1,0,0,0,0
"POINT (8.536122280000029 49.473336607000078)",Unfall 213270 (2023) Kat:3, Licht: 0,213270,3,3,5,10,11,3,1,0,0,1,0,0,0,0
"POINT (8.456323794000070 49.490085430000079)",Unfall 213271 (2023) Kat:3, Licht: 2,213271,3,3,3,10,19,3,1,2,0,1,0,1,0,0
"POINT (8.531784912000035 49.484166760000051)",Unfall 213340 (2023) Kat:3, Licht: 0,213340,3,4,6,10,15,1,0,0,0,0,1,1,0,0
"POINT (8.470011163000038 49.504021691000048)",Unfall 213341 (2023) Kat:2, Licht: 2,213341,2,1,1,10,02,1,0,2,0,1,1,0,0,1
"POINT (8.484165658000052 49.498812502000078)",Unfall 213405 (2023) Kat:3, Licht: 2,213405,3,4,6,10,20,6,0,2,0,1,1,0,0,0
"POINT (8.477371068000025 49.499539857000059)",Unfall 213406 (2023) Kat:3, Licht: 0,213406,3,3,5,10,16,6,0,0,0,1,0,0,0,0
"POINT (8.483726629000046 49.497342830000036)",Unfall 213407 (2023) Kat:3, Licht: 0,213407,3,3,5,10,17,6,0,0,1,1,0,0,0,0
"POINT (8.491326026000024 49.477739164000070)",Unfall 213408 (2023) Kat:3, Licht: 2,213408,3,6,2,10,06,6,1,2,0,1,0,0,0,0
"POINT (8.488604806000069 49.527898166000057)",Unfall 213418 (2023) Kat:3, Licht: 0,213418,3,3,5,11,17,2,1,0,0,1,0,1,0,0
"POINT (8.485818694000045 49.522124329000064)",Unfall 213453 (2023) Kat:3, Licht: 1,213453,3,1,9,10,18,5,1,1,0,1,0,0,0,0
"POINT (8.483647039000061 49.497280527000044)",Unfall 213455 (2023) Kat:3, Licht: 2,213455,3,2,5,10,19,5,1,2,1,1,0,0,0,0
"POINT (8.569433006000054 49.456849732000080)",Unfall 213457 (2023) Kat:3, Licht: 0,213457,3,1,9,10,09,5,1,0,0,0,0,1,0,0
"POINT (8.485472893000065 49.471639272000061)",Unfall 213458 (2023) Kat:2, Licht: 0,213458,2,1,0,10,07,5,1,0,0,0,0,1,0,0
"POINT (8.530047632000048 49.518444990000035)",Unfall 213462 (2023) Kat:3, Licht: 0,213462,3,7,1,11,12,6,0,0,1,1,0,0,0,0
"POINT (8.520815426000070 49.512063528000056)",Unfall 213475 (2023) Kat:3, Licht: 0,213475,3,5,1,11,15,3,0,0,1,1,0,0,0,0
"POINT (8.472782189000043 49.513268067000070)",Unfall 213521 (2023) Kat:3, Licht: 0,213521,3,3,5,11,15,4,0,0,1,1,0,0,0,0
"POINT (8.499957412000072 49.495832201000042)",Unfall 213556 (2023) Kat:3, Licht: 0,213556,3,3,5,10,12,3,0,0,0,1,0,0,0,0
"POINT (8.483002192000072 49.468097396000076)",Unfall 213597 (2023) Kat:3, Licht: 0,213597,3,5,2,10,10,2,0,0,1,1,0,0,0,0
"POINT (8.468245100000047 49.485934242000042)",Unfall 213599 (2023) Kat:3, Licht: 1,213599,3,2,5,10,07,2,0,1,1,1,0,0,0,0
"POINT (8.510433360000036 49.517631924000057)",Unfall 213632 (2023) Kat:3, Licht: 2,213632,3,2,4,12,22,3,1,2,0,1,0,0,0,0
"POINT (8.466377964000060 49.486654349000048)",Unfall 213710 (2023) Kat:3, Licht: 2,213710,3,4,6,12,23,7,0,2,1,0,1,0,0,0
"POINT (8.470482513000036 49.507808712000042)",Unfall 213739 (2023) Kat:3, Licht: 2,213739,3,5,1,12,22,6,1,2,0,1,0,0,0,0
"POINT (8.471594744000072 49.486516928000071)",Unfall 213769 (2023) Kat:3, Licht: 2,213769,3,7,6,12,17,5,1,2,0,1,1,0,0,0
"POINT (8.563234215000023 49.466966457000069)",Unfall 213770 (2023) Kat:3, Licht: 0,213770,3,7,0,12,10,5,0,0,1,0,0,0,0,0
"POINT (8.501642898000057 49.505069404000039)",Unfall 213771 (2023) Kat:2, Licht: 2,213771,2,3,5,12,06,5,1,2,1,0,0,0,0,1
"POINT (8.468901587000062 49.485679826000080)",Unfall 213851 (2023) Kat:3, Licht: 2,213851,3,4,6,12,19,3,1,2,0,1,1,0,0,0
"POINT (8.503552587000058 49.457598187000031)",Unfall 213886 (2023) Kat:3, Licht: 2,213886,3,3,5,12,16,2,0,2,1,1,0,0,0,0
"POINT (8.472477035000054 49.484233919000076)",Unfall 213910 (2023) Kat:3, Licht: 0,213910,3,5,1,12,15,1,1,0,1,1,0,0,0,0
"POINT (8.473039808000067 49.499096288000032)",Unfall 213911 (2023) Kat:3, Licht: 2,213911,3,5,1,12,19,1,0,2,1,1,0,0,0,0
"POINT (8.480273498000031 49.495023447000051)",Unfall 213927 (2023) Kat:3, Licht: 0,213927,3,3,5,12,10,7,1,0,0,1,0,1,0,0
"POINT (8.465355104000025 49.488924056000030)",Unfall 213928 (2023) Kat:3, Licht: 2,213928,3,6,2,12,17,7,1,2,0,1,0,0,0,1
"POINT (8.488447344000065 49.511291885000048)",Unfall 213929 (2023) Kat:3, Licht: 2,213929,3,6,2,12,00,7,0,2,0,1,0,0,0,0
"POINT (8.470888210000055 49.501234103000058)",Unfall 213930 (2023) Kat:3, Licht: 2,213930,3,7,3,12,18,7,1,2,0,1,0,0,0,1
"POINT (8.529001482000069 49.431362590000049)",Unfall 213960 (2023) Kat:3, Licht: 2,213960,3,4,6,12,07,6,1,2,0,1,1,0,0,0
"POINT (8.512147751000043 49.507483632000060)",Unfall 213961 (2023) Kat:3, Licht: 2,213961,3,4,6,12,07,6,1,2,0,1,1,0,0,0
"POINT (8.466247514000031 49.490287344000080)",Unfall 213996 (2023) Kat:3, Licht: 0,213996,3,5,1,12,14,5,0,0,1,1,0,0,0,0
"POINT (8.529221638000024 49.490493310000033)",Unfall 214031 (2023) Kat:3, Licht: 1,214031,3,4,6,12,08,4,0,1,0,1,1,0,0,0
"POINT (8.475008833000061 49.483328154000048)",Unfall 214059 (2023) Kat:2, Licht: 0,214059,2,4,6,12,13,3,1,0,0,1,1,0,0,0
"POINT (8.512155104000044 49.507484299000055)",Unfall 214060 (2023) Kat:1, Licht: 2,214060,1,4,6,12,18,3,1,2,0,1,1,0,0,0
"POINT (8.458134111000049 49.546643835000054)",Unfall 214110 (2023) Kat:3, Licht: 2,214110,3,1,0,12,23,1,0,2,0,0,0,1,0,0
"POINT (8.470006168000054 49.470778456000062)",Unfall 214111 (2023) Kat:3, Licht: 2,214111,3,6,3,12,17,1,0,2,1,0,0,0,0,1
"POINT (8.474116152000022 49.546693861000051)",Unfall 214128 (2023) Kat:3, Licht: 0,214128,3,7,6,12,14,7,0,0,0,0,1,0,0,1
"POINT (8.456937014000061 49.493309161000070)",Unfall 214165 (2023) Kat:2, Licht: 2,214165,2,2,5,12,20,6,0,2,0,1,0,0,0,0
"POINT (8.448995225000033 49.543927454000027)",Unfall 214190 (2023) Kat:3, Licht: 2,214190,3,3,5,11,06,5,1,2,0,1,0,0,0,0
"POINT (8.471592900000076 49.493208431000028)",Unfall 214191 (2023) Kat:2, Licht: 0,214191,2,6,4,11,13,5,0,0,1,0,0,0,0,0
"POINT (8.498413707000054 49.460597250000035)",Unfall 214192 (2023) Kat:3, Licht: 0,214192,3,5,5,11,15,5,0,0,0,1,0,1,0,0
"POINT (8.516596533000040 49.516550197000072)",Unfall 214193 (2023) Kat:2, Licht: 2,214193,2,1,0,11,19,5,0,2,0,0,0,1,0,0
"POINT (8.465470674000073 49.488878429000067)",Unfall 214194 (2023) Kat:3, Licht: 2,214194,3,4,6,11,18,5,0,2,0,1,1,0,0,0
"POINT (8.495484032000036 49.521269557000039)",Unfall 214227 (2023) Kat:3, Licht: 0,214227,3,3,5,11,15,4,0,0,1,1,0,0,0,0
"POINT (8.474686396000038 49.483454792000032)",Unfall 214228 (2023) Kat:3, Licht: 0,214228,3,7,0,11,13,4,0,0,0,0,0,1,0,0
"POINT (8.468901381000023 49.487548731000061)",Unfall 214229 (2023) Kat:3, Licht: 0,214229,3,5,3,11,15,4,0,0,1,1,0,0,0,0
"POINT (8.479287792000036 49.482291130000078)",Unfall 214259 (2023) Kat:3, Licht: 0,214259,3,6,1,11,08,3,1,0,1,1,0,0,0,1
"POINT (8.471168604000070 49.479074859000036)",Unfall 214260 (2023) Kat:3, Licht: 2,214260,3,7,0,11,07,3,0,2,1,0,0,0,0,0
"POINT (8.463318214000026 49.493864415000075)",Unfall 214261 (2023) Kat:3, Licht: 0,214261,3,6,2,11,08,3,1,0,0,1,0,0,0,0
"POINT (8.473204141000053 49.482723618000080)",Unfall 214262 (2023) Kat:3, Licht: 2,214262,3,6,3,11,18,3,1,2,1,0,0,0,0,0
"POINT (8.468556878000072 49.462087061000034)",Unfall 214345 (2023) Kat:3, Licht: 2,214345,3,5,1,11,18,7,1,2,0,1,0,0,0,0
"POINT (8.494728317000067 49.509630745000038)",Unfall 214418 (2023) Kat:3, Licht: 0,214418,3,7,0,11,07,5,0,0,1,0,0,0,0,0
"POINT (8.477030684000056 49.474280829000065)",Unfall 214419 (2023) Kat:3, Licht: 2,214419,3,6,3,11,18,5,0,2,0,0,0,0,0,1
"POINT (8.469328774000076 49.492396558000053)",Unfall 214452 (2023) Kat:3, Licht: 2,214452,3,7,6,11,17,4,0,2,1,1,1,0,0,0
"POINT (8.502106449000053 49.450171357000045)",Unfall 214453 (2023) Kat:3, Licht: 0,214453,3,1,0,11,13,4,1,0,0,0,0,0,0,1
"POINT (8.480926914000065 49.525770905000059)",Unfall 214493 (2023) Kat:3, Licht: 2,214493,3,3,5,11,20,3,1,2,0,1,0,0,0,0
"POINT (8.503941787000031 49.502218795000033)",Unfall 214494 (2023) Kat:3, Licht: 0,214494,3,5,1,11,15,3,0,0,1,0,0,0,0,1
"POINT (8.481066461000069 49.547023010000032)",Unfall 214576 (2023) Kat:3, Licht: 2,214576,3,2,5,11,20,7,1,2,0,1,0,0,0,0
"POINT (8.464022131000036 49.485138002000042)",Unfall 214598 (2023) Kat:3, Licht: 1,214598,3,3,5,11,17,6,1,1,0,1,0,0,0,0
"POINT (8.477794909000067 49.486450873000081)",Unfall 214600 (2023) Kat:3, Licht: 0,214600,3,6,2,11,12,6,1,0,1,1,0,0,0,0
"POINT (8.474046753000039 49.543307580000032)",Unfall 214601 (2023) Kat:3, Licht: 0,214601,3,3,5,11,12,6,1,0,0,1,0,1,0,0
"POINT (8.456571378000035 49.491474747000041)",Unfall 214637 (2023) Kat:3, Licht: 1,214637,3,2,1,11,16,5,1,1,0,1,0,0,0,1
"POINT (8.489196536000065 49.528988689000073)",Unfall 214639 (2023) Kat:3, Licht: 0,214639,3,6,3,11,13,5,1,0,0,1,0,0,0,0
"POINT (8.490136338000070 49.478313434000029)",Unfall 215439 (2023) Kat:3, Licht: 0,215439,3,3,5,12,10,1,0,0,0,1,0,0,0,0
"POINT (8.466828262000035 49.488342801000044)",Unfall 215451 (2023) Kat:3, Licht: 2,215451,3,3,5,12,01,7,1,2,0,1,0,0,0,0
"POINT (8.466295632000026 49.489127246000066)",Unfall 215474 (2023) Kat:3, Licht: 0,215474,3,5,3,12,13,6,0,0,1,1,0,0,0,0
"POINT (8.500765767000075 49.530282849000059)",Unfall 215522 (2023) Kat:3, Licht: 2,215522,3,3,5,12,23,3,1,2,0,1,0,1,0,0
"POINT (8.471589915000038 49.492699405000053)",Unfall 215523 (2023) Kat:3, Licht: 0,215523,3,6,2,12,13,3,0,0,0,1,0,0,0,0
"POINT (8.483069491000037 49.523381609000069)",Unfall 215581 (2023) Kat:3, Licht: 0,215581,3,1,9,12,10,6,1,0,0,1,0,0,0,0
"POINT (8.483047387000056 49.524594863000061)",Unfall 215608 (2023) Kat:3, Licht: 2,215608,3,7,0,12,18,5,1,2,1,0,0,0,0,0
"POINT (8.474210856000070 49.481567124000037)",Unfall 215609 (2023) Kat:3, Licht: 0,215609,3,1,0,12,21,5,1,0,0,0,0,0,0,1
"POINT (8.564705793000030 49.456801585000051)",Unfall 215636 (2023) Kat:3, Licht: 2,215636,3,3,5,12,18,6,1,2,0,1,0,0,0,0
"POINT (8.577928118000045 49.458917351000082)",Unfall 265532 (2023) Kat:3, Licht: 1,265532,3,6,1,01,07,5,0,1,1,0,0,0,0,0
"POINT (8.490204140000060 49.528134671000032)",Unfall 265540 (2023) Kat:3, Licht: 0,265540,3,3,5,02,11,6,0,0,1,1,0,0,0,0
"POINT (8.447880132000023 49.564740256000050)",Unfall 265644 (2023) Kat:3, Licht: 0,265644,3,6,4,04,17,4,0,0,1,0,0,0,0,0
"POINT (8.493414691000055 49.486932152000065)",Unfall 265683 (2023) Kat:3, Licht: 0,265683,3,2,0,05,08,5,0,0,1,0,0,0,0,0
"POINT (8.524602922000042 49.510556316000077)",Unfall 265689 (2023) Kat:2, Licht: 0,265689,2,6,4,05,06,6,0,0,1,0,0,0,0,0
"POINT (8.488836587000037 49.498047926000027)",Unfall 265739 (2023) Kat:2, Licht: 0,265739,2,7,0,05,07,5,0,0,1,0,0,0,0,0
"POINT (8.553995339000039 49.491913410000052)",Unfall 265759 (2023) Kat:3, Licht: 0,265759,3,3,5,05,07,3,0,0,1,0,0,0,0,0
"POINT (8.477615762000028 49.450780289000079)",Unfall 265885 (2023) Kat:3, Licht: 0,265885,3,3,5,06,18,6,0,0,1,0,0,0,0,0
"POINT (8.452566771000022 49.447690022000074)",Unfall 265924 (2023) Kat:3, Licht: 2,265924,3,7,0,06,22,3,0,2,1,0,0,0,0,0
"POINT (8.454852754000058 49.552359545000058)",Unfall 266054 (2023) Kat:3, Licht: 0,266054,3,6,0,06,18,6,0,0,1,1,0,0,0,0
"POINT (8.457911040000056 49.458349496000039)",Unfall 266075 (2023) Kat:3, Licht: 0,266075,3,7,6,07,17,2,0,0,1,0,1,0,0,0
"POINT (8.483775569000045 49.493101197000044)",Unfall 266335 (2023) Kat:3, Licht: 0,266335,3,2,3,08,17,2,0,0,1,0,0,0,0,0
"POINT (8.509684551000021 49.457858509000062)",Unfall 266381 (2023) Kat:3, Licht: 0,266381,3,6,4,08,10,3,0,0,1,0,0,0,0,0
"POINT (8.459818887000040 49.482474695000064)",Unfall 266671 (2023) Kat:2, Licht: 0,266671,2,7,7,10,12,7,0,0,1,0,0,0,0,0
"POINT (8.480879409000067 49.544932025000037)",Unfall 266744 (2023) Kat:3, Licht: 0,266744,3,2,5,11,12,3,0,0,1,1,0,0,0,0
"POINT (8.461723325000037 49.494190684000046)",Unfall 78292 (2024) Kat:3, Licht: 2,78292,3,6,3,01,21,1,0,2,0,1,0,0,0,0
"POINT (8.459768409000048 49.498071604000074)",Unfall 78351 (2024) Kat:3, Licht: 2,78351,3,6,4,01,23,6,1,2,0,1,0,0,0,0
"POINT (8.523773919000064 49.439336775000072)",Unfall 78352 (2024) Kat:3, Licht: 0,78352,3,4,6,01,15,6,0,0,0,1,1,0,0,0
"POINT (8.522877273000063 49.481630696000082)",Unfall 78354 (2024) Kat:3, Licht: 2,78354,3,1,8,01,05,6,2,2,0,1,0,0,0,0
"POINT (8.480842772000074 49.522102180000047)",Unfall 78486 (2024) Kat:3, Licht: 0,78486,3,2,4,01,08,2,0,0,1,1,0,0,0,0
"POINT (8.490667796000025 49.527986047000070)",Unfall 78487 (2024) Kat:3, Licht: 1,78487,3,2,3,01,17,2,1,1,1,0,0,0,0,1
"POINT (8.503659826000046 49.473287139000035)",Unfall 78510 (2024) Kat:3, Licht: 0,78510,3,6,2,01,11,7,1,0,0,1,0,0,0,0
"POINT (8.465748185000052 49.507477933000075)",Unfall 78597 (2024) Kat:3, Licht: 1,78597,3,7,1,01,17,2,0,1,0,1,0,0,0,0
"POINT (8.544016528000043 49.478069087000051)",Unfall 81327 (2024) Kat:3, Licht: 2,81327,3,1,3,01,07,4,0,2,0,1,0,0,1,0
"POINT (8.542072833000077 49.472326089000035)",Unfall 81482 (2024) Kat:3, Licht: 0,81482,3,6,3,02,15,4,0,0,0,1,0,0,1,0
"POINT (8.511558122000054 49.444880781000052)",Unfall 81681 (2024) Kat:3, Licht: 2,81681,3,2,5,02,22,4,0,2,0,1,0,0,0,0
"POINT (8.490038520000041 49.493693234000034)",Unfall 81712 (2024) Kat:3, Licht: 2,81712,3,7,0,02,20,3,0,2,1,0,0,0,0,0
"POINT (8.560506474000022 49.516821260000029)",Unfall 81713 (2024) Kat:3, Licht: 2,81713,3,1,8,02,02,3,0,2,0,1,0,0,0,0
"POINT (8.551465987000029 49.459943379000038)",Unfall 81759 (2024) Kat:3, Licht: 0,81759,3,6,1,02,14,2,0,0,0,1,0,0,0,1
"POINT (8.468398442000023 49.509371732000034)",Unfall 81884 (2024) Kat:3, Licht: 2,81884,3,6,2,02,20,2,0,2,0,1,0,0,0,0
"POINT (8.551984197000024 49.490210883000032)",Unfall 81923 (2024) Kat:3, Licht: 0,81923,3,6,2,01,08,4,0,0,0,1,0,0,0,0
"POINT (8.497193091000042 49.502730139000050)",Unfall 81956 (2024) Kat:3, Licht: 0,81956,3,3,5,01,14,3,0,0,1,1,0,0,0,0
"POINT (8.473907853000071 49.483893904000070)",Unfall 81957 (2024) Kat:3, Licht: 0,81957,3,6,3,01,10,3,0,0,0,1,0,0,1,0
"POINT (8.488083530000040 49.475929983000071)",Unfall 82070 (2024) Kat:3, Licht: 0,82070,3,6,2,01,12,7,0,0,0,1,0,0,0,0
"POINT (8.466793597000049 49.553981791000069)",Unfall 82110 (2024) Kat:3, Licht: 0,82110,3,6,2,01,15,6,0,0,0,1,0,0,0,0
"POINT (8.539599831000032 49.516082478000044)",Unfall 82332 (2024) Kat:3, Licht: 0,82332,3,1,8,01,09,2,1,0,0,1,0,0,0,0
"POINT (8.520094341000060 49.441241320000074)",Unfall 82374 (2024) Kat:3, Licht: 0,82374,3,1,0,01,11,7,2,0,0,1,0,0,0,0
"POINT (8.485262159000058 49.494734715000050)",Unfall 82512 (2024) Kat:3, Licht: 0,82512,3,1,0,01,08,4,2,0,1,0,0,0,0,0
"POINT (8.476891630000068 49.474383105000072)",Unfall 82513 (2024) Kat:3, Licht: 0,82513,3,3,1,01,15,4,1,0,0,1,0,0,1,0
"POINT (8.514046112000074 49.462143611000045)",Unfall 82565 (2024) Kat:3, Licht: 0,82565,3,6,3,01,14,3,0,0,0,1,0,0,1,0
"POINT (8.534188071000074 49.448519901000054)",Unfall 82742 (2024) Kat:3, Licht: 0,82742,3,1,0,03,16,4,1,0,0,0,0,1,0,0
"POINT (8.465401279000048 49.507230027000048)",Unfall 82781 (2024) Kat:3, Licht: 1,82781,3,1,1,03,06,3,0,1,0,1,0,1,0,0
"POINT (8.475656031000028 49.486050282000065)",Unfall 82834 (2024) Kat:3, Licht: 0,82834,3,6,3,03,14,2,0,0,1,0,0,0,0,1
"POINT (8.496844509000027 49.502544936000049)",Unfall 82866 (2024) Kat:3, Licht: 0,82866,3,6,2,03,16,1,0,0,0,1,0,0,0,0
"POINT (8.461490331000050 49.493661529000065)",Unfall 82867 (2024) Kat:3, Licht: 0,82867,3,3,5,03,17,1,0,0,0,1,0,0,0,1
"POINT (8.547027110000045 49.513407584000049)",Unfall 82869 (2024) Kat:3, Licht: 2,82869,3,7,1,03,20,1,0,2,0,1,0,0,0,0
"POINT (8.458588124000073 49.491799667000066)",Unfall 83010 (2024) Kat:3, Licht: 0,83010,3,6,3,03,10,5,0,0,0,1,0,1,0,0
"POINT (8.420012829000029 49.549463466000077)",Unfall 83029 (2024) Kat:3, Licht: 0,83029,3,6,2,03,07,4,0,0,0,1,0,0,0,0
"POINT (8.497164927000028 49.502715091000027)",Unfall 83121 (2024) Kat:2, Licht: 0,83121,2,3,5,03,17,2,0,0,1,0,0,0,0,1
"POINT (8.517577079000034 49.487840878000043)",Unfall 83187 (2024) Kat:3, Licht: 0,83187,3,1,8,03,15,7,1,0,0,1,0,0,0,0
"POINT (8.475994781000054 49.477936666000062)",Unfall 83324 (2024) Kat:3, Licht: 0,83324,3,6,2,03,11,4,1,0,0,1,0,0,0,0
"POINT (8.456311071000073 49.489033413000072)",Unfall 83423 (2024) Kat:3, Licht: 0,83423,3,6,3,03,13,2,0,0,0,1,0,0,0,0
"POINT (8.515166844000021 49.463543868000045)",Unfall 83424 (2024) Kat:3, Licht: 0,83424,3,1,9,03,07,2,1,0,0,0,0,1,0,0
"POINT (8.456025528000055 49.488501239000072)",Unfall 83460 (2024) Kat:3, Licht: 0,83460,3,6,2,03,14,1,0,0,0,1,0,0,0,0
"POINT (8.493570191000060 49.500799950000044)",Unfall 83497 (2024) Kat:3, Licht: 2,83497,3,2,4,03,20,7,0,2,1,1,0,0,0,0
"POINT (8.551001097000039 49.491703433000055)",Unfall 83498 (2024) Kat:3, Licht: 0,83498,3,6,1,03,15,7,0,0,0,1,0,0,0,0
"POINT (8.570888678000074 49.460998699000072)",Unfall 83547 (2024) Kat:3, Licht: 0,83547,3,3,5,03,08,6,0,0,1,1,0,0,0,0
"POINT (8.546597492000046 49.514155410000058)",Unfall 83548 (2024) Kat:3, Licht: 0,83548,3,7,6,03,14,6,0,0,0,1,1,0,0,0
"POINT (8.504661200000044 49.522202803000027)",Unfall 83549 (2024) Kat:3, Licht: 0,83549,3,6,3,03,12,6,0,0,0,1,0,0,0,0
"POINT (8.539964815000076 49.474558674000036)",Unfall 83640 (2024) Kat:3, Licht: 2,83640,3,2,4,03,05,4,0,2,0,1,0,1,0,0
"POINT (8.471388903000047 49.481065951000062)",Unfall 83641 (2024) Kat:3, Licht: 2,83641,3,2,5,03,18,4,0,2,1,1,0,0,0,0
"POINT (8.486395164000044 49.495572809000066)",Unfall 83642 (2024) Kat:3, Licht: 0,83642,3,4,6,03,15,4,0,0,0,0,1,0,0,1
"POINT (8.452989660000071 49.491930362000062)",Unfall 83643 (2024) Kat:3, Licht: 0,83643,3,6,3,03,16,4,0,0,0,1,0,1,0,0
"POINT (8.452583706000041 49.547943521000036)",Unfall 83687 (2024) Kat:3, Licht: 0,83687,3,6,2,03,06,3,0,0,0,1,0,0,0,0
"POINT (8.504196820000061 49.477830465000068)",Unfall 83688 (2024) Kat:3, Licht: 0,83688,3,7,0,03,15,3,1,0,1,0,0,0,0,0
"POINT (8.516792418000023 49.465770673000065)",Unfall 83760 (2024) Kat:3, Licht: 0,83760,3,6,3,03,14,1,0,0,0,1,0,0,0,0
"POINT (8.533906953000042 49.501296052000043)",Unfall 83970 (2024) Kat:3, Licht: 2,83970,3,6,2,02,19,4,0,2,0,1,0,0,0,0
"POINT (8.510170301000073 49.507530594000059)",Unfall 84048 (2024) Kat:3, Licht: 0,84048,3,2,5,02,13,2,0,0,1,1,0,0,0,0
"POINT (8.470788988000038 49.511086426000077)",Unfall 84063 (2024) Kat:3, Licht: 0,84063,3,2,4,02,08,5,0,0,1,1,0,0,0,0
"POINT (8.551498132000063 49.489415361000056)",Unfall 84195 (2024) Kat:3, Licht: 0,84195,3,6,2,03,17,5,0,0,0,1,0,0,0,0
"POINT (8.486994212000070 49.496467789000064)",Unfall 84197 (2024) Kat:3, Licht: 0,84197,3,2,3,02,16,5,1,0,0,1,0,0,0,1
"POINT (8.540950105000036 49.443689132000031)",Unfall 84198 (2024) Kat:3, Licht: 2,84198,3,6,2,02,19,5,1,2,0,1,0,0,0,0
"POINT (8.564335349000032 49.466303018000076)",Unfall 84239 (2024) Kat:3, Licht: 2,84239,3,3,5,02,18,4,0,2,0,1,0,0,0,0
"POINT (8.552843465000024 49.491667463000056)",Unfall 84240 (2024) Kat:3, Licht: 0,84240,3,6,2,02,15,4,1,0,0,1,0,0,0,0
"POINT (8.489912413000070 49.493811551000078)",Unfall 84316 (2024) Kat:3, Licht: 0,84316,3,6,3,02,14,5,0,0,0,1,0,1,0,0
"POINT (8.471018121000043 49.481217790000073)",Unfall 84323 (2024) Kat:2, Licht: 0,84323,2,1,0,02,16,2,1,0,0,1,0,0,0,0
"POINT (8.524349032000032 49.439982547000056)",Unfall 84414 (2024) Kat:3, Licht: 0,84414,3,3,5,02,16,6,0,0,1,1,0,0,0,0
"POINT (8.517671652000047 49.488449197000079)",Unfall 84416 (2024) Kat:3, Licht: 0,84416,3,3,5,02,14,6,0,0,0,1,0,0,0,0
"POINT (8.458997293000039 49.481380016000060)",Unfall 84488 (2024) Kat:3, Licht: 0,84488,3,6,2,05,18,4,1,0,0,1,0,0,0,0
"POINT (8.516425422000054 49.488338479000049)",Unfall 84489 (2024) Kat:3, Licht: 0,84489,3,1,9,05,17,4,1,0,0,0,0,1,0,0
"POINT (8.493444169000043 49.500874083000042)",Unfall 84535 (2024) Kat:3, Licht: 0,84535,3,2,3,05,17,3,0,0,1,1,0,0,0,0
"POINT (8.495505307000030 49.479124036000030)",Unfall 84715 (2024) Kat:3, Licht: 0,84715,3,4,6,05,12,6,0,0,1,0,1,0,0,0
"POINT (8.475873564000040 49.486959924000075)",Unfall 84816 (2024) Kat:3, Licht: 0,84816,3,6,3,05,10,4,0,0,0,1,0,0,0,0
"POINT (8.548909420000030 49.481866671000034)",Unfall 84842 (2024) Kat:3, Licht: 0,84842,3,2,2,05,17,3,0,0,0,1,0,0,0,0
"POINT (8.521584060000066 49.515156268000055)",Unfall 84843 (2024) Kat:3, Licht: 0,84843,3,7,5,05,11,3,1,0,0,1,0,0,0,1
"POINT (8.457449934000067 49.491147541000032)",Unfall 84873 (2024) Kat:3, Licht: 2,84873,3,6,3,05,04,2,1,2,0,1,0,1,0,0
"POINT (8.459041519000039 49.482526479000057)",Unfall 84907 (2024) Kat:3, Licht: 2,84907,3,7,4,05,22,1,1,2,0,1,0,0,0,0
"POINT (8.465704115000051 49.483299372000033)",Unfall 84994 (2024) Kat:2, Licht: 2,84994,2,4,6,05,00,6,1,2,0,1,1,0,0,0
"POINT (8.446881344000076 49.555350524000062)",Unfall 84995 (2024) Kat:3, Licht: 0,84995,3,7,0,05,17,6,0,0,0,0,0,0,0,1
"POINT (8.519712149000043 49.515984511000056)",Unfall 84996 (2024) Kat:3, Licht: 0,84996,3,6,1,05,16,6,0,0,0,1,0,0,0,0
"POINT (8.472614078000049 49.482650873000068)",Unfall 84997 (2024) Kat:3, Licht: 0,84997,3,7,6,05,15,6,0,0,1,0,1,0,0,0
"POINT (8.480410433000031 49.489441222000039)",Unfall 85086 (2024) Kat:3, Licht: 2,85086,3,3,5,05,22,4,0,2,0,1,0,0,0,0
"POINT (8.513070924000033 49.460896671000057)",Unfall 85156 (2024) Kat:3, Licht: 0,85156,3,6,2,04,16,3,0,0,0,1,0,1,0,0
"POINT (8.531388412000069 49.479823919000069)",Unfall 85208 (2024) Kat:3, Licht: 0,85208,3,6,2,04,17,2,0,0,0,1,0,0,0,0
"POINT (8.574857779000070 49.448039901000072)",Unfall 85209 (2024) Kat:3, Licht: 0,85209,3,6,2,04,06,2,0,0,0,1,0,0,0,0
"POINT (8.511596771000029 49.461604236000028)",Unfall 85417 (2024) Kat:3, Licht: 0,85417,3,6,3,04,13,4,0,0,0,1,0,0,1,0
"POINT (8.471698612000068 49.511865812000053)",Unfall 85418 (2024) Kat:3, Licht: 0,85418,3,6,4,04,11,4,1,0,1,0,0,0,0,0
"POINT (8.531909907000056 49.463630088000059)",Unfall 85456 (2024) Kat:3, Licht: 0,85456,3,6,2,04,11,2,0,0,0,1,0,1,0,0
"POINT (8.481859472000053 49.525808815000062)",Unfall 85491 (2024) Kat:3, Licht: 0,85491,3,3,5,04,11,2,0,0,1,1,0,0,0,0
"POINT (8.481770158000074 49.527389278000044)",Unfall 85518 (2024) Kat:2, Licht: 2,85518,2,4,6,04,22,1,0,2,0,1,1,0,0,0
"POINT (8.484440457000062 49.493640588000062)",Unfall 85560 (2024) Kat:3, Licht: 0,85560,3,4,6,04,16,7,1,0,0,0,1,0,0,1
"POINT (8.525032187000022 49.512791344000050)",Unfall 85598 (2024) Kat:3, Licht: 2,85598,3,2,5,04,22,6,1,2,0,1,0,1,0,0
"POINT (8.518617122000023 49.467876469000032)",Unfall 85636 (2024) Kat:2, Licht: 0,85636,2,6,2,05,14,4,0,0,0,1,0,0,0,0
"POINT (8.479423993000069 49.487985564000041)",Unfall 85650 (2024) Kat:3, Licht: 0,85650,3,7,2,04,07,5,1,0,0,1,0,0,0,0
"POINT (8.480858245000036 49.554258373000039)",Unfall 85651 (2024) Kat:3, Licht: 0,85651,3,6,2,04,16,5,0,0,0,1,0,0,0,0
"POINT (8.512417109000069 49.507704512000032)",Unfall 85680 (2024) Kat:3, Licht: 0,85680,3,6,1,04,16,7,1,0,0,1,0,0,0,0
"POINT (8.522725611000055 49.473688560000028)",Unfall 85722 (2024) Kat:3, Licht: 0,85722,3,6,2,04,08,4,0,0,0,1,0,0,1,0
"POINT (8.567560574000026 49.463227942000060)",Unfall 85760 (2024) Kat:3, Licht: 0,85760,3,6,2,04,08,3,1,0,0,1,0,0,0,0
"POINT (8.472260502000040 49.480820769000047)",Unfall 85814 (2024) Kat:3, Licht: 0,85814,3,2,5,04,07,2,1,0,0,1,0,0,0,1
"POINT (8.491204945000050 49.490173220000031)",Unfall 85833 (2024) Kat:3, Licht: 0,85833,3,3,5,05,09,4,0,0,0,1,0,0,0,0
"POINT (8.493668601000024 49.500852561000045)",Unfall 85895 (2024) Kat:3, Licht: 0,85895,3,3,5,04,12,1,0,0,0,1,0,0,0,1
"POINT (8.501995312000076 49.473610475000044)",Unfall 85901 (2024) Kat:3, Licht: 0,85901,3,6,2,05,12,2,1,0,0,1,0,0,0,0
"POINT (8.457348314000058 49.490336038000066)",Unfall 85966 (2024) Kat:2, Licht: 0,85966,2,6,4,04,14,7,0,0,0,1,0,0,0,0
"POINT (8.463244115000066 49.484382955000058)",Unfall 85967 (2024) Kat:3, Licht: 0,85967,3,1,8,04,19,7,0,0,0,0,0,0,0,1
"POINT (8.520014723000031 49.469491835000042)",Unfall 86117 (2024) Kat:3, Licht: 0,86117,3,6,2,04,07,5,0,0,0,1,0,0,0,1
"POINT (8.569586601000026 49.448663394000050)",Unfall 86174 (2024) Kat:3, Licht: 0,86174,3,6,1,04,17,5,0,0,0,1,0,0,0,0
"POINT (8.522863834000077 49.495000817000061)",Unfall 86300 (2024) Kat:3, Licht: 0,86300,3,3,5,04,07,2,0,0,1,1,0,0,0,0
"POINT (8.517891439000039 49.467933797000057)",Unfall 86302 (2024) Kat:3, Licht: 2,86302,3,6,2,04,07,2,0,2,0,1,0,0,0,1
"POINT (8.485442890000058 49.473857149000025)",Unfall 86427 (2024) Kat:3, Licht: 2,86427,3,3,5,04,23,7,0,2,0,1,0,0,0,0
"POINT (8.570430024000075 49.449955765000027)",Unfall 86459 (2024) Kat:3, Licht: 0,86459,3,6,2,04,16,3,0,0,0,1,0,0,0,0
"POINT (8.474587855000038 49.484559077000029)",Unfall 86525 (2024) Kat:3, Licht: 1,86525,3,5,5,04,20,5,0,1,0,1,0,1,0,0
"POINT (8.455763967000053 49.487141308000048)",Unfall 86527 (2024) Kat:3, Licht: 0,86527,3,6,1,04,14,6,0,0,0,1,0,1,0,0
"POINT (8.454614730000060 49.553534611000032)",Unfall 86530 (2024) Kat:3, Licht: 0,86530,3,6,2,04,20,6,0,0,0,1,0,0,0,0
"POINT (8.541295533000039 49.470080896000070)",Unfall 86593 (2024) Kat:3, Licht: 0,86593,3,6,2,04,16,5,0,0,0,1,0,0,0,0
"POINT (8.539636485000074 49.460356396000066)",Unfall 86595 (2024) Kat:3, Licht: 2,86595,3,1,9,04,00,5,1,2,0,1,0,0,0,0
"POINT (8.465713933000075 49.507453455000075)",Unfall 86660 (2024) Kat:3, Licht: 0,86660,3,2,3,04,15,4,1,0,1,1,0,0,0,0
"POINT (8.465017532000047 49.481909785000028)",Unfall 86661 (2024) Kat:3, Licht: 0,86661,3,3,5,04,12,4,1,0,0,1,0,0,0,1
"POINT (8.446199197000055 49.490053751000062)",Unfall 86744 (2024) Kat:3, Licht: 2,86744,3,6,1,04,03,2,1,2,0,1,0,0,0,0
"POINT (8.515324818000067 49.463987572000065)",Unfall 87003 (2024) Kat:3, Licht: 0,87003,3,6,2,06,17,7,0,0,0,1,0,1,0,0
"POINT (8.512103131000060 49.459452537000061)",Unfall 87004 (2024) Kat:1, Licht: 0,87004,1,6,3,06,13,7,0,0,0,1,0,0,0,0
"POINT (8.460846296000057 49.499991091000027)",Unfall 87129 (2024) Kat:3, Licht: 0,87129,3,1,8,06,16,5,0,0,0,0,0,1,0,0
"POINT (8.522117191000063 49.466252454000028)",Unfall 87130 (2024) Kat:3, Licht: 2,87130,3,6,2,06,23,5,0,2,0,1,0,0,0,0
"POINT (8.567645387000027 49.450675482000065)",Unfall 87131 (2024) Kat:3, Licht: 0,87131,3,7,6,06,08,5,0,0,0,1,1,0,0,0
"POINT (8.575919077000037 49.446888596000065)",Unfall 87227 (2024) Kat:3, Licht: 0,87227,3,2,5,06,17,3,0,0,0,1,0,0,0,0
"POINT (8.502717048000022 49.473679098000048)",Unfall 87277 (2024) Kat:3, Licht: 0,87277,3,6,2,06,19,2,0,0,0,1,0,0,0,0
"POINT (8.512814634000051 49.447528195000075)",Unfall 87365 (2024) Kat:3, Licht: 0,87365,3,6,2,06,13,7,1,0,0,1,0,0,0,0
"POINT (8.569081385000061 49.439022307000073)",Unfall 87537 (2024) Kat:2, Licht: 0,87537,2,1,4,05,17,3,0,0,0,1,0,0,0,1
"POINT (8.512948304000076 49.448656444000051)",Unfall 87569 (2024) Kat:3, Licht: 0,87569,3,6,2,05,17,2,0,0,0,1,0,0,1,0
"POINT (8.471063894000054 49.481199389000039)",Unfall 87570 (2024) Kat:3, Licht: 0,87570,3,2,3,05,09,2,0,0,1,1,0,0,0,0
"POINT (8.487014675000069 49.496490103000042)",Unfall 87649 (2024) Kat:3, Licht: 0,87649,3,3,5,05,21,7,0,0,1,0,0,0,0,1
"POINT (8.500187214000050 49.474313010000060)",Unfall 87687 (2024) Kat:3, Licht: 0,87687,3,3,5,05,19,6,0,0,0,1,0,0,0,0
"POINT (8.480524082000045 49.489333764000037)",Unfall 87720 (2024) Kat:3, Licht: 0,87720,3,4,6,05,17,5,0,0,0,0,1,0,0,1
"POINT (8.465633704000027 49.483327309000060)",Unfall 87761 (2024) Kat:2, Licht: 0,87761,2,3,5,05,19,4,1,0,1,1,0,0,0,0
"POINT (8.500160034000032 49.474323727000069)",Unfall 87796 (2024) Kat:3, Licht: 0,87796,3,6,2,05,17,3,1,0,0,1,0,0,0,0
"POINT (8.513995816000033 49.462510439000027)",Unfall 87916 (2024) Kat:3, Licht: 0,87916,3,1,0,05,09,1,1,0,0,0,0,1,0,0
"POINT (8.548181420000049 49.457958200000064)",Unfall 87972 (2024) Kat:3, Licht: 0,87972,3,6,3,05,12,7,0,0,0,1,0,0,0,1
"POINT (8.541928774000041 49.447286519000045)",Unfall 88034 (2024) Kat:3, Licht: 0,88034,3,6,2,05,14,6,1,0,0,1,0,0,0,0
"POINT (8.505809612000064 49.506894871000043)",Unfall 88096 (2024) Kat:2, Licht: 0,88096,2,3,5,05,10,5,0,0,0,1,0,0,0,0
"POINT (8.541212559000030 49.456116005000069)",Unfall 88141 (2024) Kat:3, Licht: 0,88141,3,3,3,07,16,5,0,0,0,1,0,0,1,0
"POINT (8.552185097000063 49.490236028000027)",Unfall 88142 (2024) Kat:3, Licht: 0,88142,3,6,2,07,16,5,0,0,0,1,0,0,0,0
"POINT (8.506118905000051 49.472263030000079)",Unfall 88252 (2024) Kat:3, Licht: 0,88252,3,6,2,07,16,3,0,0,0,1,0,0,0,0
"POINT (8.492472408000026 49.469213271000058)",Unfall 88369 (2024) Kat:3, Licht: 2,88369,3,1,8,07,00,1,0,2,0,1,0,0,0,0
"POINT (8.544862138000042 49.516876867000065)",Unfall 88467 (2024) Kat:3, Licht: 2,88467,3,7,0,07,23,6,0,2,0,0,0,0,0,1
"POINT (8.540933739000025 49.457251082000028)",Unfall 88468 (2024) Kat:3, Licht: 0,88468,3,6,2,07,07,6,0,0,0,1,0,0,0,1
"POINT (8.460854904000030 49.499834081000074)",Unfall 88509 (2024) Kat:3, Licht: 0,88509,3,7,7,07,17,5,0,0,1,0,0,0,0,0
"POINT (8.500290852000035 49.474272405000079)",Unfall 88752 (2024) Kat:3, Licht: 0,88752,3,3,5,06,17,7,0,0,0,1,0,0,0,0
"POINT (8.544510359000071 49.482924117000039)",Unfall 88803 (2024) Kat:2, Licht: 0,88803,2,3,5,06,18,6,0,0,1,1,0,0,0,0
"POINT (8.505742824000038 49.506872715000043)",Unfall 88862 (2024) Kat:3, Licht: 0,88862,3,2,6,06,16,5,0,0,0,1,1,0,0,0
"POINT (8.508172879000028 49.519819999000049)",Unfall 88927 (2024) Kat:3, Licht: 0,88927,3,6,3,06,16,4,0,0,0,0,0,0,0,1
"POINT (8.526995214000067 49.439136910000059)",Unfall 89095 (2024) Kat:3, Licht: 0,89095,3,6,2,06,10,2,0,0,0,1,0,1,0,0
"POINT (8.482928173000062 49.493150299000035)",Unfall 89107 (2024) Kat:3, Licht: 0,89107,3,7,0,07,09,4,0,0,1,0,0,0,0,0
"POINT (8.455882590000044 49.486827066000046)",Unfall 89202 (2024) Kat:3, Licht: 0,89202,3,6,2,06,12,7,1,0,0,1,0,0,0,0
"POINT (8.485652998000035 49.530159999000034)",Unfall 89332 (2024) Kat:3, Licht: 0,89332,3,3,5,06,20,5,0,0,1,1,0,0,0,0
"POINT (8.519522038000048 49.468894754000075)",Unfall 89333 (2024) Kat:3, Licht: 0,89333,3,6,2,06,16,5,0,0,0,1,0,0,0,0
"POINT (8.512465399000064 49.488836615000025)",Unfall 89355 (2024) Kat:3, Licht: 0,89355,3,2,5,07,17,2,0,0,1,1,0,0,0,0
"POINT (8.489226973000029 49.528728325000031)",Unfall 89397 (2024) Kat:3, Licht: 0,89397,3,6,2,06,16,4,0,0,0,1,0,0,0,0
"POINT (8.500174219000030 49.474318135000033)",Unfall 89398 (2024) Kat:3, Licht: 2,89398,3,3,5,06,23,4,0,2,0,1,0,0,0,0
"POINT (8.485123812000040 49.494168923000075)",Unfall 89464 (2024) Kat:3, Licht: 0,89464,3,6,1,06,20,3,0,0,0,1,0,0,0,0
"POINT (8.514616003000071 49.468815849000066)",Unfall 89697 (2024) Kat:3, Licht: 1,89697,3,6,2,06,20,6,0,1,0,1,0,0,0,0
"POINT (8.467293355000038 49.482794578000039)",Unfall 89732 (2024) Kat:2, Licht: 0,89732,2,7,6,06,19,4,0,0,0,1,1,0,0,0
"POINT (8.519022060000054 49.468322384000032)",Unfall 89772 (2024) Kat:2, Licht: 0,89772,2,6,2,06,15,5,0,0,0,1,0,0,0,0
"POINT (8.544962023000039 49.517866324000067)",Unfall 89835 (2024) Kat:3, Licht: 0,89835,3,6,3,06,17,4,0,0,0,1,0,0,0,0
"POINT (8.524489550000055 49.479377051000029)",Unfall 89896 (2024) Kat:3, Licht: 0,89896,3,6,1,06,13,3,0,0,0,1,0,0,0,1
"POINT (8.524354698000025 49.479167415000063)",Unfall 89897 (2024) Kat:3, Licht: 0,89897,3,6,3,06,13,3,0,0,0,1,0,0,1,0
"POINT (8.501681292000058 49.523630899000068)",Unfall 89939 (2024) Kat:3, Licht: 2,89939,3,1,0,08,23,1,0,2,0,0,0,1,0,0
"POINT (8.560839634000047 49.505406954000080)",Unfall 90022 (2024) Kat:3, Licht: 0,90022,3,6,2,08,14,6,0,0,0,1,0,0,0,0
"POINT (8.473104476000060 49.482694260000073)",Unfall 90074 (2024) Kat:3, Licht: 0,90074,3,6,2,08,18,5,0,0,1,1,0,0,0,0
"POINT (8.515880810000056 49.555210817000045)",Unfall 90075 (2024) Kat:2, Licht: 0,90075,2,6,2,08,18,5,0,0,0,1,0,0,0,0
"POINT (8.464269941000055 49.506421240000066)",Unfall 90384 (2024) Kat:3, Licht: 0,90384,3,6,2,08,18,4,0,0,0,1,0,0,0,0
"POINT (8.492553192000059 49.490099716000032)",Unfall 90385 (2024) Kat:3, Licht: 0,90385,3,6,2,08,09,4,0,0,0,1,0,0,0,0
"POINT (8.566311782000071 49.430160877000048)",Unfall 90386 (2024) Kat:1, Licht: 0,90386,1,6,2,08,14,4,0,0,0,0,0,1,1,0
"POINT (8.465816484000072 49.507526742000039)",Unfall 90506 (2024) Kat:3, Licht: 0,90506,3,2,5,08,18,1,0,0,1,1,0,0,0,0
"POINT (8.471919663000051 49.476900324000042)",Unfall 90966 (2024) Kat:3, Licht: 0,90966,3,6,2,08,17,5,0,0,0,1,0,0,0,0
"POINT (8.565972999000053 49.431776978000073)",Unfall 90967 (2024) Kat:2, Licht: 0,90967,2,1,4,08,12,5,1,0,0,1,0,0,0,1
"POINT (8.495967437000047 49.478779902000042)",Unfall 91016 (2024) Kat:3, Licht: 0,91016,3,2,5,07,13,4,0,0,1,0,0,0,0,1
"POINT (8.462228365000044 49.484786675000066)",Unfall 91068 (2024) Kat:3, Licht: 0,91068,3,3,5,07,17,3,0,0,1,1,0,0,0,0
"POINT (8.493055578000053 49.500666448000061)",Unfall 91070 (2024) Kat:3, Licht: 0,91070,3,3,5,07,08,3,0,0,1,0,0,0,0,0
"POINT (8.565780478000022 49.464499803000081)",Unfall 91186 (2024) Kat:3, Licht: 0,91186,3,6,3,07,19,1,0,0,0,1,0,1,0,0
"POINT (8.544529053000076 49.459316202000082)",Unfall 91242 (2024) Kat:3, Licht: 0,91242,3,6,2,07,18,7,1,0,0,1,0,0,0,0
"POINT (8.515253270000073 49.488661823000029)",Unfall 91296 (2024) Kat:3, Licht: 2,91296,3,7,9,07,02,6,0,2,1,0,0,0,0,0
"POINT (8.537665902000072 49.419731565000063)",Unfall 91421 (2024) Kat:2, Licht: 0,91421,2,7,0,07,19,4,0,0,0,0,0,1,0,0
"POINT (8.539713529000039 49.474582567000027)",Unfall 91422 (2024) Kat:3, Licht: 0,91422,3,6,1,07,18,4,0,0,0,1,0,0,0,1
"POINT (8.473083517000020 49.483112275000053)",Unfall 91423 (2024) Kat:3, Licht: 0,91423,3,7,6,07,16,4,0,0,0,0,1,0,0,1
"POINT (8.505888889000062 49.463875446000031)",Unfall 91426 (2024) Kat:3, Licht: 0,91426,3,3,5,08,10,1,0,0,0,1,0,0,0,0
"POINT (8.473994332000075 49.483625229000040)",Unfall 91489 (2024) Kat:2, Licht: 0,91489,2,3,5,07,17,3,0,0,0,1,0,0,0,0
"POINT (8.523664133000068 49.488353574000030)",Unfall 91554 (2024) Kat:3, Licht: 0,91554,3,4,6,07,13,2,0,0,0,1,1,0,0,0
"POINT (8.487338167000075 49.496632465000062)",Unfall 91796 (2024) Kat:3, Licht: 0,91796,3,7,0,07,19,6,0,0,0,0,0,0,0,1
"POINT (8.455823500000065 49.487451430000078)",Unfall 91798 (2024) Kat:3, Licht: 0,91798,3,3,5,07,14,6,0,0,1,0,0,0,1,0
"POINT (8.471582987000033 49.512365500000044)",Unfall 91991 (2024) Kat:3, Licht: 0,91991,3,6,1,08,09,2,0,0,0,1,0,0,0,0
"POINT (8.477824849000058 49.476477592000037)",Unfall 92110 (2024) Kat:3, Licht: 0,92110,3,2,3,07,07,2,0,0,1,0,0,0,1,0
"POINT (8.497576064000043 49.502934761000063)",Unfall 92112 (2024) Kat:3, Licht: 0,92112,3,6,4,07,16,2,0,0,1,0,0,0,0,0
"POINT (8.456607845000065 49.481321046000062)",Unfall 92113 (2024) Kat:3, Licht: 0,92113,3,6,3,07,07,2,0,0,0,1,0,0,1,0
"POINT (8.502207059000057 49.523529983000060)",Unfall 92266 (2024) Kat:3, Licht: 0,92266,3,6,3,08,17,2,0,0,0,1,0,1,0,0
"POINT (8.460144035000042 49.493091507000031)",Unfall 92353 (2024) Kat:3, Licht: 0,92353,3,2,3,07,06,6,0,0,1,0,0,0,0,1
"POINT (8.501484172000062 49.504777959000080)",Unfall 92354 (2024) Kat:3, Licht: 0,92354,3,6,1,07,15,6,0,0,0,1,0,0,0,0
"POINT (8.478178369000034 49.554299850000064)",Unfall 92357 (2024) Kat:3, Licht: 0,92357,3,6,2,07,15,6,1,0,0,1,0,0,0,0
"POINT (8.544902617000048 49.480740494000031)",Unfall 92358 (2024) Kat:3, Licht: 0,92358,3,6,2,07,11,6,0,0,0,1,0,0,0,0
"POINT (8.542395673000044 49.473712014000057)",Unfall 92435 (2024) Kat:3, Licht: 0,92435,3,6,2,09,11,5,0,0,0,1,0,0,0,0
"POINT (8.463473615000055 49.505850295000073)",Unfall 92522 (2024) Kat:3, Licht: 0,92522,3,6,2,09,14,3,0,0,0,1,0,0,0,0
"POINT (8.478680937000036 49.487803490000033)",Unfall 92600 (2024) Kat:3, Licht: 2,92600,3,3,5,09,00,1,0,2,1,1,0,0,0,0
"POINT (8.510581431000048 49.489088092000031)",Unfall 92735 (2024) Kat:3, Licht: 0,92735,3,5,1,09,08,5,0,0,1,1,0,0,0,0
"POINT (8.475382915000068 49.485162904000049)",Unfall 92736 (2024) Kat:3, Licht: 1,92736,3,5,5,09,06,5,0,1,0,0,0,1,0,1
"POINT (8.499991333000025 49.489459058000079)",Unfall 92737 (2024) Kat:3, Licht: 0,92737,3,2,3,09,12,5,0,0,0,1,0,0,0,1
"POINT (8.570829316000072 49.449742066000056)",Unfall 92788 (2024) Kat:3, Licht: 0,92788,3,6,2,09,14,4,0,0,0,1,0,0,0,0
"POINT (8.542152873000020 49.520253431000071)",Unfall 92880 (2024) Kat:3, Licht: 0,92880,3,6,2,09,15,2,1,0,0,1,0,0,0,0
"POINT (8.493540875000065 49.500930203000053)",Unfall 92971 (2024) Kat:3, Licht: 0,92971,3,6,3,09,16,7,0,0,0,1,0,1,0,0
"POINT (8.499350833000051 49.489634444000046)",Unfall 93103 (2024) Kat:2, Licht: 0,93103,2,6,2,09,16,5,0,0,0,1,0,0,0,1
"POINT (8.464997093000022 49.540256083000031)",Unfall 93229 (2024) Kat:3, Licht: 0,93229,3,6,2,09,15,3,0,0,0,1,0,0,0,0
"POINT (8.566049599000053 49.451280824000037)",Unfall 93230 (2024) Kat:3, Licht: 0,93230,3,6,2,09,15,3,0,0,0,0,0,1,0,1
"POINT (8.472871523000038 49.482912029000033)",Unfall 93514 (2024) Kat:3, Licht: 0,93514,3,2,6,08,08,5,0,0,0,0,1,0,0,1
"POINT (8.460202398000035 49.492999959000031)",Unfall 93516 (2024) Kat:3, Licht: 0,93516,3,6,3,08,16,5,0,0,0,1,0,1,0,1
"POINT (8.483796447000032 49.530759501000034)",Unfall 93606 (2024) Kat:3, Licht: 0,93606,3,6,2,08,09,4,0,0,0,1,0,0,1,0
"POINT (8.476039018000051 49.477734834000046)",Unfall 93655 (2024) Kat:3, Licht: 0,93655,3,6,2,08,13,3,0,0,0,1,0,0,0,0
"POINT (8.538579938000055 49.422328127000071)",Unfall 93771 (2024) Kat:3, Licht: 1,93771,3,6,2,10,19,2,0,1,0,1,0,1,0,0
"POINT (8.488193297000066 49.529152327000077)",Unfall 93852 (2024) Kat:3, Licht: 0,93852,3,2,3,10,16,7,0,0,1,0,0,1,0,0
"POINT (8.479415547000031 49.472922782000069)",Unfall 93853 (2024) Kat:2, Licht: 2,93853,2,6,2,10,23,7,0,2,0,1,0,0,0,0
"POINT (8.522739249000040 49.473718100000042)",Unfall 93936 (2024) Kat:3, Licht: 0,93936,3,6,2,10,07,5,1,0,0,1,0,0,1,0
"POINT (8.485158554000066 49.494202288000054)",Unfall 93937 (2024) Kat:2, Licht: 2,93937,2,3,5,10,21,5,0,2,0,1,0,0,0,0
"POINT (8.530470136000076 49.496470013000078)",Unfall 94022 (2024) Kat:3, Licht: 0,94022,3,6,2,10,13,3,0,0,0,1,0,1,0,0
"POINT (8.545955582000033 49.520708488000025)",Unfall 94023 (2024) Kat:3, Licht: 0,94023,3,6,2,10,09,3,1,0,0,1,0,1,0,0
"POINT (8.521895410000070 49.471821755000065)",Unfall 94128 (2024) Kat:3, Licht: 0,94128,3,6,2,10,17,5,0,0,0,1,0,0,0,0
"POINT (8.475363811000022 49.485136294000029)",Unfall 94132 (2024) Kat:2, Licht: 2,94132,2,3,5,10,23,7,0,2,0,1,0,0,0,1
"POINT (8.438254893000021 49.553173436000066)",Unfall 94197 (2024) Kat:3, Licht: 0,94197,3,6,2,10,17,3,0,0,0,1,0,1,0,0
"POINT (8.461458761000074 49.504317486000048)",Unfall 94321 (2024) Kat:3, Licht: 2,94321,3,1,2,10,06,3,1,2,0,1,0,1,0,0
"POINT (8.496683645000076 49.525880289000042)",Unfall 94322 (2024) Kat:2, Licht: 0,94322,2,4,6,10,15,3,1,0,0,0,1,0,0,1
"POINT (8.453197178000039 49.553703418000055)",Unfall 94372 (2024) Kat:3, Licht: 1,94372,3,1,8,10,06,2,0,1,0,1,0,0,0,0
"POINT (8.540394168000034 49.436318413000038)",Unfall 94373 (2024) Kat:3, Licht: 0,94373,3,6,2,10,12,2,1,0,0,1,0,0,0,0
"POINT (8.419852735000063 49.549527511000065)",Unfall 94504 (2024) Kat:3, Licht: 0,94504,3,6,3,10,17,6,1,0,0,1,0,0,0,0
"POINT (8.565516099000035 49.467125702000033)",Unfall 94538 (2024) Kat:3, Licht: 0,94538,3,6,3,10,16,5,0,0,1,0,0,0,0,0
"POINT (8.560607615000038 49.502708641000027)",Unfall 94588 (2024) Kat:3, Licht: 1,94588,3,6,2,10,19,4,0,1,0,1,0,0,0,0
"POINT (8.427162493000026 49.551808193000056)",Unfall 94589 (2024) Kat:3, Licht: 0,94589,3,6,2,10,18,4,0,0,0,1,0,0,0,0
"POINT (8.476200833000064 49.474743097000044)",Unfall 94645 (2024) Kat:3, Licht: 0,94645,3,6,3,10,14,3,0,0,0,1,0,0,1,0
"POINT (8.512141329000031 49.489010805000078)",Unfall 94705 (2024) Kat:3, Licht: 0,94705,3,6,2,09,09,2,1,0,0,1,0,0,1,0
"POINT (8.522746364000056 49.473733512000081)",Unfall 94804 (2024) Kat:3, Licht: 0,94804,3,6,1,09,11,7,0,0,0,1,0,0,0,0
"POINT (8.529805094000039 49.496301440000082)",Unfall 94805 (2024) Kat:3, Licht: 0,94805,3,6,2,09,10,7,0,0,0,1,0,0,0,0
"POINT (8.465084429000058 49.507003597000050)",Unfall 94852 (2024) Kat:3, Licht: 0,94852,3,6,2,09,14,6,0,0,0,1,0,1,0,0
"POINT (8.490413502000024 49.528226890000042)",Unfall 94897 (2024) Kat:3, Licht: 0,94897,3,6,2,09,16,5,0,0,0,1,0,0,0,1
"POINT (8.465744395000058 49.483389904000035)",Unfall 94898 (2024) Kat:3, Licht: 0,94898,3,2,3,09,08,5,1,0,1,0,0,0,0,0
"POINT (8.560626431000060 49.506120893000059)",Unfall 94951 (2024) Kat:2, Licht: 0,94951,2,6,3,09,09,4,0,0,0,1,0,0,0,1
"POINT (8.495115704000057 49.476217845000065)",Unfall 95060 (2024) Kat:3, Licht: 0,95060,3,7,0,09,16,2,1,0,0,0,0,1,0,0
"POINT (8.480554050000023 49.489375853000070)",Unfall 95062 (2024) Kat:3, Licht: 0,95062,3,6,2,09,16,2,1,0,0,1,0,0,0,0
"POINT (8.469022025000072 49.482025250000049)",Unfall 95231 (2024) Kat:3, Licht: 0,95231,3,3,5,09,15,7,0,0,0,1,0,0,0,1
"POINT (8.465818643000034 49.507528283000056)",Unfall 95232 (2024) Kat:3, Licht: 0,95232,3,6,1,09,16,7,0,0,0,1,0,0,0,0
"POINT (8.511593458000050 49.477631460000055)",Unfall 95324 (2024) Kat:2, Licht: 0,95324,2,6,3,09,18,6,0,0,0,1,0,0,0,0
"POINT (8.480528187000061 49.489339530000052)",Unfall 95446 (2024) Kat:3, Licht: 1,95446,3,2,5,12,07,3,0,1,1,1,0,0,0,0
"POINT (8.557039243000077 49.454778302000079)",Unfall 95490 (2024) Kat:3, Licht: 2,95490,3,6,2,12,17,2,0,2,0,1,0,0,0,0
"POINT (8.538267385000040 49.422068573000047)",Unfall 95518 (2024) Kat:3, Licht: 2,95518,3,1,7,12,00,1,1,2,0,1,0,0,0,0
"POINT (8.560191656000029 49.505634305000058)",Unfall 95575 (2024) Kat:3, Licht: 0,95575,3,6,4,12,14,6,0,0,0,1,0,0,1,0
"POINT (8.545755013000075 49.482260398000051)",Unfall 95601 (2024) Kat:3, Licht: 0,95601,3,6,2,12,08,5,0,0,0,1,0,0,0,0
"POINT (8.568433600000049 49.450439867000057)",Unfall 95602 (2024) Kat:3, Licht: 2,95602,3,6,2,12,06,5,0,2,0,1,0,0,0,1
"POINT (8.553511188000073 49.492763175000050)",Unfall 95632 (2024) Kat:3, Licht: 2,95632,3,6,2,12,16,4,0,2,0,1,0,0,0,0
"POINT (8.546296321000057 49.420783921000066)",Unfall 95633 (2024) Kat:3, Licht: 2,95633,3,6,2,12,17,4,0,2,0,1,0,0,0,0
"POINT (8.509244386000034 49.477701590000038)",Unfall 95720 (2024) Kat:3, Licht: 1,95720,3,3,5,12,07,2,0,1,0,1,0,0,0,0
"POINT (8.532910705000063 49.513647193000054)",Unfall 95748 (2024) Kat:3, Licht: 1,95748,3,6,2,12,16,5,0,1,0,1,0,0,0,0
"POINT (8.516724175000036 49.465418721000049)",Unfall 95877 (2024) Kat:3, Licht: 2,95877,3,6,1,12,22,5,1,2,0,1,0,0,0,0
"POINT (8.570920665000074 49.461008597000045)",Unfall 95955 (2024) Kat:3, Licht: 0,95955,3,3,5,12,12,3,1,0,1,1,0,0,0,0
"POINT (8.540756454000075 49.442802618000030)",Unfall 95976 (2024) Kat:3, Licht: 0,95976,3,6,2,12,09,3,0,0,0,1,0,0,0,0
"POINT (8.490845250000064 49.470163550000052)",Unfall 96003 (2024) Kat:3, Licht: 2,96003,3,2,6,12,18,2,1,2,0,1,1,0,0,0
"POINT (8.491804865000063 49.477980553000066)",Unfall 96049 (2024) Kat:3, Licht: 2,96049,3,3,5,11,23,7,0,2,0,1,0,0,0,1
"POINT (8.570649177000064 49.450223760000029)",Unfall 96090 (2024) Kat:3, Licht: 0,96090,3,3,5,11,11,6,0,0,0,1,0,0,0,0
"POINT (8.544102175000035 49.478777299000058)",Unfall 96091 (2024) Kat:3, Licht: 2,96091,3,6,2,11,18,6,0,2,0,1,0,0,0,0
"POINT (8.515592719000040 49.477630991000069)",Unfall 96137 (2024) Kat:3, Licht: 2,96137,3,7,4,11,17,5,0,2,0,1,0,1,0,0
"POINT (8.541694029000041 49.447132583000041)",Unfall 96138 (2024) Kat:3, Licht: 0,96138,3,6,2,11,12,5,0,0,0,1,0,0,0,0
"POINT (8.446682085000020 49.564264164000065)",Unfall 96181 (2024) Kat:3, Licht: 0,96181,3,6,2,11,15,4,0,0,0,1,0,0,0,0
"POINT (8.482246605000057 49.491820776000054)",Unfall 96182 (2024) Kat:3, Licht: 2,96182,3,6,4,11,21,4,0,2,1,0,0,0,0,0
"POINT (8.560583205000057 49.507171427000060)",Unfall 96184 (2024) Kat:3, Licht: 0,96184,3,6,2,11,07,4,0,0,0,1,0,0,0,0
"POINT (8.504474793000043 49.477831462000040)",Unfall 96224 (2024) Kat:3, Licht: 2,96224,3,7,0,11,16,3,1,2,1,0,0,0,0,0
"POINT (8.454752620000022 49.546589058000052)",Unfall 96225 (2024) Kat:2, Licht: 2,96225,2,1,4,11,19,3,1,2,0,1,0,0,0,0
"POINT (8.505569519000062 49.463745360000075)",Unfall 96256 (2024) Kat:3, Licht: 2,96256,3,6,2,12,17,4,0,2,0,1,0,0,0,0
"POINT (8.497310556000059 49.489552842000080)",Unfall 96274 (2024) Kat:2, Licht: 0,96274,2,7,0,11,15,2,0,0,1,0,0,0,0,0
"POINT (8.525700035000057 49.465529265000043)",Unfall 96435 (2024) Kat:3, Licht: 2,96435,3,6,2,11,16,5,0,2,0,1,0,0,0,0
"POINT (8.518096782000043 49.467281861000060)",Unfall 96436 (2024) Kat:3, Licht: 2,96436,3,6,1,11,18,5,0,2,0,1,0,0,0,0
"POINT (8.560384988000067 49.516057823000040)",Unfall 96437 (2024) Kat:3, Licht: 0,96437,3,6,3,11,15,5,0,0,0,1,0,0,1,0
"POINT (8.505966425000054 49.506940829000030)",Unfall 96516 (2024) Kat:3, Licht: 1,96516,3,7,0,11,16,3,1,1,1,0,0,0,0,0
"POINT (8.524330479000071 49.495161272000075)",Unfall 96517 (2024) Kat:3, Licht: 2,96517,3,6,2,11,07,3,1,2,0,1,0,0,0,0
"POINT (8.449923426000055 49.549656492000054)",Unfall 96535 (2024) Kat:3, Licht: 0,96535,3,3,2,12,08,2,1,0,0,1,0,0,0,0
"POINT (8.500852879000036 49.524166569000045)",Unfall 96569 (2024) Kat:3, Licht: 2,96569,3,3,5,11,06,2,1,2,1,1,0,0,0,0
"POINT (8.515418502000045 49.463839877000055)",Unfall 96570 (2024) Kat:3, Licht: 2,96570,3,6,2,11,17,2,1,2,0,1,0,0,0,0
"POINT (8.529277259000025 49.430926164000027)",Unfall 96605 (2024) Kat:3, Licht: 2,96605,3,7,3,11,16,1,0,2,0,1,0,0,0,1
"POINT (8.524437700000021 49.440085425000063)",Unfall 96952 (2024) Kat:3, Licht: 2,96952,3,7,0,11,23,7,0,2,0,0,0,0,0,1
"POINT (8.556464536000021 49.454881054000055)",Unfall 97001 (2024) Kat:3, Licht: 0,97001,3,7,3,11,18,6,0,0,0,1,0,0,1,0
"POINT (8.538905658000033 49.452951290000044)",Unfall 97114 (2024) Kat:2, Licht: 0,97114,2,4,6,11,16,4,0,0,0,1,1,0,0,0
"POINT (8.461728581000045 49.504511056000069)",Unfall 97242 (2024) Kat:3, Licht: 0,97242,3,6,1,11,14,2,0,0,0,1,0,0,0,0
"POINT (8.516839559000061 49.442658441000049)",Unfall 97294 (2024) Kat:3, Licht: 0,97294,3,7,8,11,13,1,0,0,0,1,0,0,0,0
"POINT (8.472998039000061 49.483031535000066)",Unfall 97329 (2024) Kat:3, Licht: 0,97329,3,4,0,11,11,7,0,0,0,0,1,0,0,1
"POINT (8.506843807000052 49.507119167000042)",Unfall 97397 (2024) Kat:3, Licht: 0,97397,3,7,5,10,12,5,0,0,1,1,0,0,0,0
"POINT (8.515119268000035 49.463746120000053)",Unfall 97404 (2024) Kat:3, Licht: 0,97404,3,6,2,12,13,1,0,0,0,1,0,0,0,0
"POINT (8.515972702000056 49.464491751000025)",Unfall 97470 (2024) Kat:3, Licht: 2,97470,3,6,1,12,22,5,1,2,0,1,0,0,0,0
"POINT (8.509706225000059 49.507499699000050)",Unfall 97498 (2024) Kat:3, Licht: 1,97498,3,5,1,10,17,3,0,1,0,1,0,0,0,0
"POINT (8.566518190000068 49.425150706000068)",Unfall 97544 (2024) Kat:3, Licht: 0,97544,3,6,4,10,12,2,0,0,0,1,0,0,0,1
"POINT (8.461569254000040 49.485046538000063)",Unfall 97580 (2024) Kat:2, Licht: 2,97580,2,6,2,11,18,2,0,2,0,1,0,1,0,0
"POINT (8.488814961000060 49.528750077000041)",Unfall 97620 (2024) Kat:3, Licht: 0,97620,3,3,5,10,11,1,0,0,0,1,0,0,0,0
"POINT (8.458824413000059 49.481432155000050)",Unfall 97672 (2024) Kat:3, Licht: 0,97672,3,6,2,10,17,7,0,0,0,1,0,0,0,0
"POINT (8.455984023000042 49.487455942000054)",Unfall 97673 (2024) Kat:3, Licht: 0,97673,3,6,2,10,15,7,0,0,0,1,0,0,0,0
"POINT (8.538888607000047 49.452937589000044)",Unfall 97712 (2024) Kat:2, Licht: 0,97712,2,4,6,11,07,4,0,0,0,1,1,0,0,0
"POINT (8.531003390000024 49.447169027000029)",Unfall 97758 (2024) Kat:3, Licht: 0,97758,3,6,2,10,10,6,0,0,0,1,0,0,0,1
"POINT (8.523481530000026 49.439138576000062)",Unfall 97759 (2024) Kat:3, Licht: 1,97759,3,3,5,10,06,6,0,1,1,1,0,0,0,0
"POINT (8.464061031000028 49.484059721000051)",Unfall 97761 (2024) Kat:3, Licht: 0,97761,3,2,3,10,14,6,0,0,0,1,0,0,0,1
"POINT (8.492847957000038 49.476728095000055)",Unfall 97916 (2024) Kat:3, Licht: 0,97916,3,5,1,10,09,4,0,0,0,1,0,0,0,1
"POINT (8.538062864000040 49.515647998000077)",Unfall 98762 (2024) Kat:3, Licht: 0,98762,3,6,3,12,14,2,0,0,0,1,0,0,0,0
"POINT (8.501887925000062 49.473651536000034)",Unfall 98816 (2024) Kat:3, Licht: 0,98816,3,2,4,12,07,7,0,0,0,1,0,0,0,0
"POINT (8.547038597000039 49.513391003000038)",Unfall 98817 (2024) Kat:3, Licht: 2,98817,3,3,0,12,01,7,1,2,0,1,0,0,0,0
"POINT (8.558844674000056 49.498268029000030)",Unfall 98948 (2024) Kat:3, Licht: 0,98948,3,6,2,12,13,5,0,0,0,1,0,0,0,0
"POINT (8.522730913000032 49.473700047000079)",Unfall 98950 (2024) Kat:3, Licht: 0,98950,3,6,2,12,11,2,1,0,0,1,0,0,0,1
"POINT (8.461586343000022 49.485039602000029)",Unfall 99079 (2024) Kat:3, Licht: 2,99079,3,6,3,12,21,6,0,2,0,1,0,0,0,0
"POINT (8.472433261000049 49.482051862000048)",Unfall 99138 (2024) Kat:3, Licht: 0,99138,3,7,0,12,11,5,0,0,0,0,0,0,0,1
"POINT (8.452371998000046 49.536960032000081)",Unfall 199982 (2024) Kat:3, Licht: 0,199982,3,3,5,01,09,5,2,0,0,1,0,0,0,0
"POINT (8.522182213000065 49.477519861000076)",Unfall 199983 (2024) Kat:3, Licht: 0,199983,3,4,6,01,11,5,2,0,0,1,1,0,0,0
"POINT (8.513680008000051 49.441572647000044)",Unfall 200014 (2024) Kat:3, Licht: 0,200014,3,7,0,01,09,4,2,0,1,0,0,0,0,0
"POINT (8.513869027000055 49.477629021000041)",Unfall 200060 (2024) Kat:3, Licht: 0,200060,3,6,2,01,12,2,1,0,0,1,0,0,0,0
"POINT (8.475573077000035 49.479890794000028)",Unfall 200062 (2024) Kat:3, Licht: 2,200062,3,3,3,01,17,2,0,2,0,0,0,0,0,1
"POINT (8.477376480000032 49.473182264000059)",Unfall 200141 (2024) Kat:3, Licht: 0,200141,3,7,0,01,11,5,0,0,0,1,1,0,0,0
"POINT (8.500392643000055 49.474404073000073)",Unfall 200142 (2024) Kat:3, Licht: 2,200142,3,6,3,01,06,5,0,2,0,1,0,0,1,0
"POINT (8.501792451000028 49.500041005000071)",Unfall 200143 (2024) Kat:3, Licht: 0,200143,3,6,2,01,15,5,0,0,0,1,0,0,0,0
"POINT (8.492191856000034 49.521926944000029)",Unfall 200163 (2024) Kat:3, Licht: 2,200163,3,2,3,01,07,4,0,2,1,1,0,0,0,0
"POINT (8.504361504000030 49.456928240000082)",Unfall 200164 (2024) Kat:3, Licht: 0,200164,3,3,5,01,13,4,0,0,1,1,0,0,0,0
"POINT (8.565031631000068 49.465431752000029)",Unfall 200165 (2024) Kat:3, Licht: 2,200165,3,3,5,01,18,4,0,2,0,1,0,0,0,0
"POINT (8.451416120000033 49.533261613000036)",Unfall 200167 (2024) Kat:1, Licht: 0,200167,1,6,4,01,12,4,0,0,0,0,0,0,1,1
"POINT (8.484890589000031 49.481514402000073)",Unfall 200168 (2024) Kat:3, Licht: 0,200168,3,3,5,01,16,4,0,0,0,1,0,0,0,0
"POINT (8.469817994000039 49.490267582000058)",Unfall 200188 (2024) Kat:3, Licht: 1,200188,3,2,3,01,18,3,0,1,0,1,0,0,0,1
"POINT (8.465402804000064 49.488157507000039)",Unfall 200213 (2024) Kat:3, Licht: 0,200213,3,4,6,01,08,2,0,0,0,0,1,0,0,1
"POINT (8.492783452000026 49.458105153000076)",Unfall 200214 (2024) Kat:3, Licht: 0,200214,3,6,2,01,16,2,0,0,0,1,0,0,0,0
"POINT (8.456232130000046 49.488186793000068)",Unfall 200215 (2024) Kat:3, Licht: 0,200215,3,3,5,01,15,2,0,0,1,1,0,0,0,0
"POINT (8.470168720000061 49.503841503000046)",Unfall 200216 (2024) Kat:3, Licht: 0,200216,3,2,3,01,11,2,0,0,0,0,0,0,1,1
"POINT (8.465457455000035 49.486943595000071)",Unfall 200302 (2024) Kat:3, Licht: 2,200302,3,3,5,01,05,3,1,2,0,1,0,0,0,1
"POINT (8.464533524000046 49.487368152000045)",Unfall 200351 (2024) Kat:3, Licht: 2,200351,3,1,0,01,05,6,1,2,1,0,0,0,0,0
"POINT (8.496538296000040 49.525482312000065)",Unfall 200580 (2024) Kat:3, Licht: 0,200580,3,1,0,01,08,4,2,0,0,0,0,1,0,0
"POINT (8.477693788000067 49.461521526000070)",Unfall 200945 (2024) Kat:2, Licht: 0,200945,2,2,5,03,16,7,0,0,1,0,0,0,0,1
"POINT (8.455982183000060 49.483917556000051)",Unfall 200946 (2024) Kat:3, Licht: 2,200946,3,7,1,03,23,7,0,2,0,1,0,0,0,0
"POINT (8.476815311000053 49.480348692000064)",Unfall 200974 (2024) Kat:3, Licht: 2,200974,3,5,3,03,20,6,0,2,1,1,0,0,0,0
"POINT (8.484208977000037 49.455949814000064)",Unfall 201007 (2024) Kat:2, Licht: 0,201007,2,6,2,02,14,5,0,0,1,1,0,0,0,0
"POINT (8.502443286000073 49.449311632000047)",Unfall 201041 (2024) Kat:3, Licht: 2,201041,3,7,0,02,18,4,0,2,1,0,0,0,0,0
"POINT (8.504535653000062 49.444988919000082)",Unfall 201042 (2024) Kat:2, Licht: 0,201042,2,6,4,02,07,4,0,0,0,1,0,1,0,0
"POINT (8.470159912000042 49.492047157000059)",Unfall 201067 (2024) Kat:3, Licht: 2,201067,3,7,0,02,22,3,0,2,1,0,0,0,0,0
"POINT (8.483425629000067 49.472873265000032)",Unfall 201068 (2024) Kat:3, Licht: 0,201068,3,7,9,02,11,3,0,0,0,1,0,0,0,0
"POINT (8.472001040000066 49.469470119000050)",Unfall 201092 (2024) Kat:3, Licht: 2,201092,3,3,5,02,06,2,1,2,1,1,0,0,0,0
"POINT (8.468242187000044 49.493843871000081)",Unfall 201110 (2024) Kat:3, Licht: 2,201110,3,3,5,02,00,1,0,2,0,1,0,0,0,0
"POINT (8.438404731000048 49.546916893000059)",Unfall 201131 (2024) Kat:2, Licht: 0,201131,2,2,6,02,10,7,0,0,0,1,1,0,0,0
"POINT (8.576896754000074 49.441932452000060)",Unfall 201132 (2024) Kat:3, Licht: 0,201132,3,5,5,02,13,7,0,0,1,1,0,0,0,0
"POINT (8.474310414000058 49.484569052000040)",Unfall 201137 (2024) Kat:3, Licht: 0,201137,3,7,3,03,15,7,0,0,0,0,1,0,0,1
"POINT (8.476414591000037 49.497064366000075)",Unfall 201236 (2024) Kat:3, Licht: 2,201236,3,2,2,02,00,3,0,2,1,1,0,0,0,0
"POINT (8.481619694000074 49.453278210000065)",Unfall 201237 (2024) Kat:3, Licht: 0,201237,3,6,3,02,13,3,0,0,1,0,0,0,0,0
"POINT (8.467983256000025 49.483547195000028)",Unfall 201268 (2024) Kat:3, Licht: 0,201268,3,3,5,02,20,2,0,0,1,1,0,0,0,0
"POINT (8.457280563000040 49.495219639000027)",Unfall 201269 (2024) Kat:3, Licht: 0,201269,3,5,1,02,14,2,0,0,1,1,0,0,0,0
"POINT (8.463152861000026 49.493871855000066)",Unfall 201270 (2024) Kat:3, Licht: 1,201270,3,6,1,02,18,2,1,1,0,1,0,0,0,0
"POINT (8.467788492000068 49.487974952000059)",Unfall 201329 (2024) Kat:3, Licht: 0,201329,3,5,1,02,15,6,0,0,1,1,0,0,0,0
"POINT (8.527364082000076 49.437650931000064)",Unfall 201361 (2024) Kat:3, Licht: 0,201361,3,2,5,02,14,4,0,0,1,1,0,0,0,0
"POINT (8.460514232000037 49.487756300000058)",Unfall 201363 (2024) Kat:3, Licht: 1,201363,3,3,4,02,17,4,1,1,1,1,0,0,0,0
"POINT (8.474000589000070 49.516322357000035)",Unfall 201382 (2024) Kat:3, Licht: 2,201382,3,3,5,02,18,3,0,2,1,1,0,0,0,0
"POINT (8.473054529000024 49.472587205000082)",Unfall 201383 (2024) Kat:2, Licht: 0,201383,2,3,5,02,11,3,0,0,1,1,0,0,0,0
"POINT (8.475984924000045 49.473566728000037)",Unfall 201384 (2024) Kat:3, Licht: 0,201384,3,2,5,02,08,3,0,0,0,1,0,0,0,0
"POINT (8.466427292000049 49.490572694000036)",Unfall 201385 (2024) Kat:3, Licht: 0,201385,3,3,5,02,10,3,0,0,1,0,0,0,0,0
"POINT (8.484352708000074 49.479419640000060)",Unfall 201431 (2024) Kat:3, Licht: 0,201431,3,7,0,02,09,1,1,0,0,0,0,0,0,1
"POINT (8.490471002000049 49.460749472000032)",Unfall 201432 (2024) Kat:3, Licht: 2,201432,3,3,5,02,18,1,0,2,0,1,0,1,0,0
"POINT (8.468248193000022 49.546526227000072)",Unfall 201476 (2024) Kat:3, Licht: 2,201476,3,3,5,02,20,6,1,2,0,1,0,0,0,0
"POINT (8.467979641000056 49.487070081000070)",Unfall 201477 (2024) Kat:2, Licht: 0,201477,2,7,6,02,11,6,0,0,0,1,1,0,0,0
"POINT (8.474012938000044 49.483724300000063)",Unfall 201537 (2024) Kat:3, Licht: 1,201537,3,2,3,02,17,4,1,1,0,1,0,0,0,0
"POINT (8.456736865000039 49.492248248000067)",Unfall 201538 (2024) Kat:3, Licht: 2,201538,3,2,5,02,18,4,1,2,0,1,0,0,0,0
"POINT (8.502146010000047 49.489564387000030)",Unfall 201566 (2024) Kat:3, Licht: 0,201566,3,7,0,02,15,3,0,0,0,0,0,0,0,1
"POINT (8.470074574000023 49.499172326000064)",Unfall 201590 (2024) Kat:3, Licht: 0,201590,3,4,6,02,08,2,0,0,0,1,1,0,0,0
"POINT (8.504856002000054 49.456358537000028)",Unfall 201610 (2024) Kat:3, Licht: 2,201610,3,6,2,02,20,1,0,2,1,0,0,0,0,0
"POINT (8.473434420000046 49.513658969000062)",Unfall 201656 (2024) Kat:3, Licht: 0,201656,3,3,5,02,13,6,0,0,1,1,0,0,0,0
"POINT (8.495897962000072 49.452725845000032)",Unfall 201694 (2024) Kat:3, Licht: 2,201694,3,1,0,02,01,5,0,2,0,0,0,0,0,1
"POINT (8.505774233000068 49.455241652000041)",Unfall 201695 (2024) Kat:3, Licht: 0,201695,3,7,2,02,13,5,0,0,0,1,0,0,0,0
"POINT (8.464775615000065 49.500572058000046)",Unfall 201696 (2024) Kat:2, Licht: 0,201696,2,6,0,02,11,5,1,0,0,0,0,0,0,1
"POINT (8.482836330000055 49.488948255000025)",Unfall 201716 (2024) Kat:3, Licht: 0,201716,3,7,5,02,16,5,0,0,0,1,0,0,0,0
"POINT (8.494668206000028 49.462686401000042)",Unfall 201731 (2024) Kat:3, Licht: 0,201731,3,2,4,01,10,4,0,0,0,1,0,0,0,0
"POINT (8.484109041000067 49.481165582000074)",Unfall 201749 (2024) Kat:3, Licht: 2,201749,3,6,3,02,20,7,0,2,0,1,0,0,0,0
"POINT (8.474335307000047 49.456353458000081)",Unfall 201782 (2024) Kat:2, Licht: 0,201782,2,2,4,01,10,2,0,0,1,1,0,0,0,0
"POINT (8.500166093000075 49.501413498000034)",Unfall 201851 (2024) Kat:3, Licht: 0,201851,3,6,1,01,15,6,0,0,0,1,0,0,0,0
"POINT (8.480415567000023 49.471396012000071)",Unfall 201852 (2024) Kat:3, Licht: 2,201852,3,3,5,01,20,6,0,2,1,1,0,0,0,0
"POINT (8.474423190000039 49.481519138000067)",Unfall 201853 (2024) Kat:3, Licht: 0,201853,3,5,1,01,15,6,1,0,1,1,0,0,0,0
"POINT (8.494641037000065 49.524401889000046)",Unfall 201880 (2024) Kat:3, Licht: 0,201880,3,7,5,01,14,5,0,0,0,1,0,0,0,0
"POINT (8.463069920000066 49.486660256000050)",Unfall 201898 (2024) Kat:3, Licht: 0,201898,3,2,6,01,09,4,0,0,0,1,1,0,0,0
"POINT (8.493829288000029 49.455820441000071)",Unfall 201899 (2024) Kat:1, Licht: 2,201899,1,2,6,01,18,4,0,2,0,1,1,0,0,0
"POINT (8.512284463000071 49.490356418000033)",Unfall 201941 (2024) Kat:3, Licht: 2,201941,3,1,0,01,07,3,2,2,1,0,0,0,0,0
"POINT (8.471415240000056 49.511504678000051)",Unfall 201973 (2024) Kat:3, Licht: 0,201973,3,7,3,01,10,2,1,0,0,0,0,0,0,1
"POINT (8.487180438000053 49.474944884000081)",Unfall 202002 (2024) Kat:3, Licht: 1,202002,3,2,5,04,19,7,0,1,0,1,0,1,0,0
"POINT (8.466544877000047 49.481059163000054)",Unfall 202068 (2024) Kat:3, Licht: 2,202068,3,7,0,04,20,5,0,2,0,0,0,0,0,1
"POINT (8.466534014000047 49.490530742000033)",Unfall 202089 (2024) Kat:3, Licht: 1,202089,3,2,6,04,19,4,0,1,0,1,1,0,0,0
"POINT (8.460227796000027 49.492001327000025)",Unfall 202110 (2024) Kat:3, Licht: 0,202110,3,5,5,04,15,3,1,0,1,0,0,0,0,0
"POINT (8.512214762000042 49.444834623000077)",Unfall 202111 (2024) Kat:3, Licht: 0,202111,3,6,2,04,14,3,0,0,0,1,0,0,0,1
"POINT (8.456879036000032 49.490511784000034)",Unfall 202112 (2024) Kat:3, Licht: 0,202112,3,7,0,04,11,3,0,0,1,0,0,0,0,0
"POINT (8.522821128000032 49.434162169000047)",Unfall 202150 (2024) Kat:3, Licht: 0,202150,3,5,1,04,13,7,0,0,1,1,0,0,0,0
"POINT (8.522853414000053 49.434136120000062)",Unfall 202195 (2024) Kat:3, Licht: 0,202195,3,6,3,03,18,5,1,0,0,1,0,0,0,0
"POINT (8.471362852000027 49.493486944000040)",Unfall 202196 (2024) Kat:3, Licht: 0,202196,3,7,0,03,12,5,1,0,1,0,0,0,0,0
"POINT (8.479640662000065 49.482300781000049)",Unfall 202207 (2024) Kat:3, Licht: 0,202207,3,4,6,03,10,4,0,0,0,0,1,0,0,1
"POINT (8.568535449000024 49.442665986000065)",Unfall 202211 (2024) Kat:3, Licht: 1,202211,3,2,4,03,05,4,0,1,1,1,0,0,0,0
"POINT (8.492606130000070 49.533034644000054)",Unfall 202254 (2024) Kat:3, Licht: 0,202254,3,2,3,03,17,3,0,0,1,1,0,0,0,0
"POINT (8.481146733000060 49.456861563000075)",Unfall 202255 (2024) Kat:2, Licht: 0,202255,2,3,5,03,16,3,0,0,1,1,0,0,0,0
"POINT (8.482417412000075 49.511511827000049)",Unfall 202294 (2024) Kat:3, Licht: 0,202294,3,2,4,03,06,2,0,0,0,1,0,0,0,0
"POINT (8.487511172000040 49.464553452000075)",Unfall 202295 (2024) Kat:3, Licht: 0,202295,3,3,5,03,11,2,0,0,1,1,0,0,0,0
"POINT (8.474994198000047 49.451585613000077)",Unfall 202296 (2024) Kat:3, Licht: 0,202296,3,7,4,03,13,2,0,0,0,1,0,0,0,0
"POINT (8.517173169000046 49.432115475000046)",Unfall 202297 (2024) Kat:2, Licht: 0,202297,2,6,4,03,12,2,0,0,0,1,0,0,0,0
"POINT (8.495884920000037 49.449441777000061)",Unfall 202326 (2024) Kat:3, Licht: 0,202326,3,7,6,03,10,1,0,0,0,1,1,0,0,0
"POINT (8.468361994000077 49.546454866000033)",Unfall 202342 (2024) Kat:3, Licht: 0,202342,3,3,5,03,16,7,0,0,0,1,0,0,0,0
"POINT (8.510112549000041 49.516956269000048)",Unfall 202343 (2024) Kat:3, Licht: 2,202343,3,2,5,03,22,7,0,2,0,1,0,0,0,0
"POINT (8.505524917000059 49.455583508000075)",Unfall 202378 (2024) Kat:3, Licht: 0,202378,3,2,4,04,10,7,0,0,0,1,0,1,0,0
"POINT (8.463564925000071 49.518379227000025)",Unfall 202418 (2024) Kat:3, Licht: 0,202418,3,7,0,03,12,5,0,0,0,0,0,1,0,0
"POINT (8.466277721000040 49.487835879000045)",Unfall 202419 (2024) Kat:3, Licht: 0,202419,3,7,6,03,10,5,0,0,0,0,1,0,1,0
"POINT (8.467139599000063 49.483940994000079)",Unfall 202420 (2024) Kat:3, Licht: 1,202420,3,3,5,03,18,5,0,1,0,1,0,1,0,0
"POINT (8.476582232000055 49.490555315000051)",Unfall 202461 (2024) Kat:3, Licht: 0,202461,3,6,3,03,18,4,0,0,1,1,0,0,0,0
"POINT (8.484313825000072 49.472101584000029)",Unfall 202462 (2024) Kat:2, Licht: 0,202462,2,1,9,03,17,4,0,0,0,0,0,1,0,0
"POINT (8.497877759000062 49.460894722000035)",Unfall 202463 (2024) Kat:2, Licht: 0,202463,2,2,4,03,11,4,0,0,0,0,0,1,1,0
"POINT (8.455096187000038 49.540216815000065)",Unfall 202503 (2024) Kat:3, Licht: 0,202503,3,6,2,03,06,3,1,0,0,1,0,0,0,0
"POINT (8.480098271000031 49.514092196000036)",Unfall 202504 (2024) Kat:3, Licht: 0,202504,3,6,2,03,16,3,0,0,0,1,0,0,0,0
"POINT (8.456710603000033 49.492121004000069)",Unfall 202505 (2024) Kat:2, Licht: 0,202505,2,4,6,03,15,3,0,0,0,1,1,0,0,0
"POINT (8.471131663000051 49.510040651000054)",Unfall 202546 (2024) Kat:3, Licht: 0,202546,3,7,8,03,10,2,0,0,0,1,0,0,0,0
"POINT (8.473006882000050 49.464889292000066)",Unfall 202547 (2024) Kat:3, Licht: 1,202547,3,6,0,03,18,2,0,1,1,1,0,0,0,0
"POINT (8.491791936000027 49.526452610000035)",Unfall 202572 (2024) Kat:3, Licht: 0,202572,3,5,5,03,17,1,0,0,0,1,0,0,0,0
"POINT (8.471320860000048 49.492060542000047)",Unfall 202620 (2024) Kat:3, Licht: 0,202620,3,5,5,03,13,6,0,0,1,1,0,0,0,0
"POINT (8.478518988000076 49.520430463000082)",Unfall 202622 (2024) Kat:3, Licht: 0,202622,3,7,6,03,12,6,1,0,1,0,1,0,0,0
"POINT (8.492234288000077 49.458693559000039)",Unfall 202660 (2024) Kat:3, Licht: 0,202660,3,3,5,03,16,5,0,0,1,0,0,0,0,1
"POINT (8.484314905000076 49.472097926000060)",Unfall 202661 (2024) Kat:3, Licht: 0,202661,3,1,9,03,11,5,0,0,0,0,0,1,0,0
"POINT (8.466758356000071 49.478344230000062)",Unfall 202662 (2024) Kat:2, Licht: 0,202662,2,2,5,03,15,5,0,0,0,0,0,0,0,1
"POINT (8.452360551000027 49.536944857000037)",Unfall 202664 (2024) Kat:2, Licht: 0,202664,2,3,5,03,08,5,0,0,0,1,0,1,0,0
"POINT (8.501645537000059 49.524903558000062)",Unfall 202665 (2024) Kat:3, Licht: 0,202665,3,3,5,03,16,5,0,0,1,1,0,0,0,0
"POINT (8.450753393000070 49.539241320000031)",Unfall 202701 (2024) Kat:3, Licht: 0,202701,3,3,5,03,17,4,1,0,0,1,0,0,0,0
"POINT (8.464788587000044 49.500700101000064)",Unfall 202703 (2024) Kat:3, Licht: 0,202703,3,3,5,03,10,4,1,0,0,0,0,0,0,1
"POINT (8.471478521000051 49.503829835000033)",Unfall 202728 (2024) Kat:3, Licht: 0,202728,3,3,5,03,12,4,0,0,1,0,0,1,0,0
"POINT (8.473140043000058 49.546666903000073)",Unfall 202772 (2024) Kat:3, Licht: 0,202772,3,4,6,03,07,2,0,0,0,1,1,0,0,0
"POINT (8.504150051000067 49.498142428000051)",Unfall 202773 (2024) Kat:3, Licht: 0,202773,3,2,4,03,13,2,0,0,0,1,0,0,0,1
"POINT (8.483666114000073 49.469852347000028)",Unfall 202774 (2024) Kat:2, Licht: 0,202774,2,3,5,03,11,2,0,0,1,1,0,0,0,0
"POINT (8.511791575000075 49.454238760000067)",Unfall 202775 (2024) Kat:3, Licht: 0,202775,3,6,2,03,08,2,0,0,0,1,0,0,0,0
"POINT (8.485752076000040 49.482652219000045)",Unfall 202777 (2024) Kat:3, Licht: 2,202777,3,3,5,03,20,2,0,2,0,1,0,0,0,0
"POINT (8.543889638000053 49.488567270000033)",Unfall 202779 (2024) Kat:2, Licht: 0,202779,2,2,0,03,10,2,0,0,0,1,0,1,0,0
"POINT (8.472343009000042 49.497375341000065)",Unfall 202800 (2024) Kat:3, Licht: 2,202800,3,2,5,03,22,1,0,2,1,1,0,0,0,0
"POINT (8.469379935000063 49.487365465000039)",Unfall 202825 (2024) Kat:3, Licht: 2,202825,3,2,3,03,22,7,0,2,1,1,0,0,0,0
"POINT (8.477714797000033 49.461493122000036)",Unfall 202826 (2024) Kat:3, Licht: 2,202826,3,5,5,03,19,7,0,2,1,1,0,0,0,0
"POINT (8.524961012000063 49.472833689000026)",Unfall 202932 (2024) Kat:3, Licht: 0,202932,3,3,5,03,16,4,0,0,1,1,0,0,0,0
"POINT (8.473054435000051 49.472587655000041)",Unfall 202933 (2024) Kat:3, Licht: 0,202933,3,3,5,03,16,4,0,0,1,1,0,0,0,0
"POINT (8.468045148000044 49.484708092000062)",Unfall 202934 (2024) Kat:3, Licht: 0,202934,3,3,5,03,16,4,0,0,1,1,0,0,0,0
"POINT (8.529927925000038 49.510149285000068)",Unfall 202935 (2024) Kat:2, Licht: 0,202935,2,3,5,03,07,4,0,0,1,1,0,0,0,0
"POINT (8.481888619000074 49.474647644000072)",Unfall 203002 (2024) Kat:3, Licht: 2,203002,3,3,0,03,21,2,0,2,0,1,0,0,0,1
"POINT (8.473570517000041 49.483855857000037)",Unfall 203003 (2024) Kat:3, Licht: 1,203003,3,2,3,03,18,2,0,1,1,1,0,0,0,0
"POINT (8.475756032000049 49.489139120000061)",Unfall 203004 (2024) Kat:3, Licht: 0,203004,3,2,3,03,18,2,0,0,1,1,0,0,0,0
"POINT (8.471639011000036 49.546632151000040)",Unfall 203034 (2024) Kat:2, Licht: 0,203034,2,3,5,03,11,1,0,0,1,1,0,0,0,0
"POINT (8.490276964000032 49.500157012000045)",Unfall 203100 (2024) Kat:3, Licht: 0,203100,3,5,1,05,17,4,0,0,1,1,0,0,0,0
"POINT (8.480883269000060 49.544575139000074)",Unfall 203141 (2024) Kat:3, Licht: 0,203141,3,3,5,04,17,3,0,0,1,1,0,0,0,0
"POINT (8.473520309000037 49.456077111000070)",Unfall 203142 (2024) Kat:2, Licht: 2,203142,2,7,0,04,00,3,0,2,1,0,0,0,0,0
"POINT (8.565023891000067 49.465442319000033)",Unfall 203143 (2024) Kat:2, Licht: 0,203143,2,3,5,04,13,3,0,0,0,1,0,1,0,0
"POINT (8.474710542000025 49.516612787000042)",Unfall 203205 (2024) Kat:3, Licht: 0,203205,3,6,1,04,15,2,0,0,0,1,0,0,0,0
"POINT (8.523320479000063 49.517847404000065)",Unfall 203206 (2024) Kat:3, Licht: 0,203206,3,6,4,04,13,2,0,0,0,1,0,0,0,0
"POINT (8.495044801000063 49.453815999000028)",Unfall 203236 (2024) Kat:3, Licht: 2,203236,3,2,5,04,03,1,0,2,0,1,0,0,0,0
"POINT (8.490769749000037 49.452562134000061)",Unfall 203268 (2024) Kat:3, Licht: 0,203268,3,7,6,04,10,7,0,0,0,1,1,0,0,0
"POINT (8.538741529000049 49.418909843000051)",Unfall 203269 (2024) Kat:3, Licht: 0,203269,3,3,5,04,12,7,0,0,0,1,0,0,0,0
"POINT (8.535128760000021 49.424454428000047)",Unfall 203270 (2024) Kat:3, Licht: 0,203270,3,1,8,04,15,7,0,0,0,0,0,0,0,1
"POINT (8.493265117000021 49.521835761000034)",Unfall 203307 (2024) Kat:3, Licht: 0,203307,3,3,5,04,14,6,0,0,1,1,0,0,0,0
"POINT (8.528168196000024 49.436988527000040)",Unfall 203309 (2024) Kat:3, Licht: 0,203309,3,7,0,04,14,1,0,0,1,0,0,0,0,0
"POINT (8.507400841000049 49.505373011000074)",Unfall 203350 (2024) Kat:3, Licht: 1,203350,3,4,6,04,19,5,0,1,0,1,1,0,0,0
"POINT (8.470041397000045 49.504783049000082)",Unfall 203351 (2024) Kat:3, Licht: 0,203351,3,4,6,04,16,5,0,0,0,0,1,0,0,1
"POINT (8.476319307000040 49.497149758000035)",Unfall 203386 (2024) Kat:3, Licht: 1,203386,3,3,5,04,06,4,1,1,0,1,0,1,0,0
"POINT (8.460070957000028 49.490983711000069)",Unfall 203387 (2024) Kat:3, Licht: 0,203387,3,3,5,04,09,4,1,0,1,1,0,0,0,0
"POINT (8.474981093000054 49.515442762000077)",Unfall 203453 (2024) Kat:3, Licht: 0,203453,3,6,2,04,14,2,0,0,0,1,0,0,0,1
"POINT (8.489933703000077 49.447869748000073)",Unfall 203454 (2024) Kat:3, Licht: 0,203454,3,7,0,04,07,2,0,0,0,0,0,1,0,0
"POINT (8.518470946000036 49.447957516000031)",Unfall 203455 (2024) Kat:3, Licht: 0,203455,3,4,6,04,15,2,0,0,0,1,1,0,0,0
"POINT (8.498928400000068 49.453786062000063)",Unfall 203456 (2024) Kat:3, Licht: 0,203456,3,3,5,04,12,2,0,0,0,0,0,1,0,1
"POINT (8.475668976000065 49.482152546000066)",Unfall 203503 (2024) Kat:3, Licht: 0,203503,3,4,6,04,13,6,1,0,0,1,1,0,0,0
"POINT (8.497448747000021 49.473983663000070)",Unfall 203504 (2024) Kat:3, Licht: 0,203504,3,4,6,04,11,6,1,0,0,0,1,0,0,1
"POINT (8.481033594000053 49.535643859000061)",Unfall 203539 (2024) Kat:3, Licht: 0,203539,3,3,5,04,16,5,1,0,1,1,0,0,0,0
"POINT (8.474238564000075 49.484476950000044)",Unfall 203541 (2024) Kat:2, Licht: 2,203541,2,7,0,04,05,5,1,2,0,0,0,0,0,1
"POINT (8.477935345000049 49.544506726000066)",Unfall 203583 (2024) Kat:3, Licht: 0,203583,3,4,6,04,08,4,0,0,0,1,1,0,0,0
"POINT (8.575917374000028 49.446795853000026)",Unfall 203584 (2024) Kat:3, Licht: 0,203584,3,2,5,04,15,4,0,0,0,1,0,0,0,0
"POINT (8.456935790000045 49.533979581000040)",Unfall 203667 (2024) Kat:2, Licht: 2,203667,2,7,0,04,21,2,1,2,0,0,0,1,0,0
"POINT (8.481887594000057 49.456574718000070)",Unfall 203668 (2024) Kat:3, Licht: 0,203668,3,3,5,04,17,2,0,0,1,1,0,0,0,0
"POINT (8.497278864000066 49.450483133000034)",Unfall 203669 (2024) Kat:3, Licht: 0,203669,3,3,5,04,16,2,0,0,1,1,0,0,0,0
"POINT (8.481637231000036 49.531813644000067)",Unfall 203705 (2024) Kat:3, Licht: 2,203705,3,7,0,04,20,1,0,2,1,0,0,0,0,0
"POINT (8.475558626000065 49.484990631000073)",Unfall 203706 (2024) Kat:3, Licht: 2,203706,3,6,2,04,00,1,0,2,0,1,0,0,0,0
"POINT (8.459735313000067 49.497401914000079)",Unfall 203707 (2024) Kat:2, Licht: 2,203707,2,7,0,04,02,1,0,2,1,0,0,0,0,0
"POINT (8.505719543000055 49.447888468000031)",Unfall 203747 (2024) Kat:3, Licht: 0,203747,3,6,2,04,08,3,1,0,0,1,0,0,0,0
"POINT (8.541292478000059 49.498792173000027)",Unfall 203763 (2024) Kat:3, Licht: 0,203763,3,6,3,04,14,7,0,0,1,1,0,0,0,0
"POINT (8.471093642000028 49.491810327000053)",Unfall 203764 (2024) Kat:3, Licht: 0,203764,3,7,1,04,11,7,0,0,0,1,0,1,0,0
"POINT (8.493317047000062 49.505003933000069)",Unfall 203806 (2024) Kat:3, Licht: 0,203806,3,7,5,04,16,6,0,0,1,1,0,0,0,0
"POINT (8.514998718000072 49.454086849000078)",Unfall 203807 (2024) Kat:2, Licht: 0,203807,2,7,0,04,10,6,0,0,1,0,0,0,0,1
"POINT (8.529440746000034 49.476145947000077)",Unfall 203808 (2024) Kat:3, Licht: 0,203808,3,2,5,04,16,6,0,0,1,0,0,0,0,0
"POINT (8.466072479000047 49.530831379000062)",Unfall 203809 (2024) Kat:2, Licht: 0,203809,2,2,4,04,12,6,0,0,0,1,0,1,0,0
"POINT (8.460684301000072 49.546095998000055)",Unfall 203909 (2024) Kat:3, Licht: 0,203909,3,6,2,04,12,4,0,0,0,1,0,0,0,0
"POINT (8.476759784000024 49.485294070000066)",Unfall 203910 (2024) Kat:3, Licht: 0,203910,3,7,0,04,16,4,0,0,1,0,0,0,0,0
"POINT (8.487292643000046 49.484858350000081)",Unfall 203911 (2024) Kat:3, Licht: 0,203911,3,6,2,04,11,4,0,0,0,1,0,0,0,0
"POINT (8.471240960000046 49.508481064000080)",Unfall 203912 (2024) Kat:3, Licht: 0,203912,3,6,2,04,13,4,0,0,0,1,0,0,0,0
"POINT (8.476687104000064 49.462694782000028)",Unfall 203913 (2024) Kat:3, Licht: 0,203913,3,3,5,04,15,4,0,0,1,0,0,0,0,1
"POINT (8.533361468000066 49.484329117000073)",Unfall 203915 (2024) Kat:3, Licht: 0,203915,3,5,1,04,17,4,0,0,1,1,0,0,0,0
"POINT (8.475342834000060 49.465190050000047)",Unfall 203916 (2024) Kat:2, Licht: 0,203916,2,6,3,04,12,4,0,0,0,1,0,0,1,0
"POINT (8.518909329000053 49.447716320000040)",Unfall 203960 (2024) Kat:3, Licht: 2,203960,3,3,5,04,20,3,0,2,0,1,0,0,0,1
"POINT (8.489485340000044 49.473645533000081)",Unfall 203961 (2024) Kat:3, Licht: 0,203961,3,5,5,04,11,3,0,0,1,1,0,0,0,0
"POINT (8.498856811000053 49.450745134000044)",Unfall 204091 (2024) Kat:2, Licht: 0,204091,2,6,2,05,13,3,0,0,0,1,0,0,0,0
"POINT (8.556704010000033 49.460992807000082)",Unfall 204117 (2024) Kat:3, Licht: 0,204117,3,6,4,05,10,2,0,0,1,1,0,0,0,0
"POINT (8.511360831000047 49.524997834000033)",Unfall 204118 (2024) Kat:2, Licht: 0,204118,2,7,0,05,14,2,1,0,0,1,0,1,0,0
"POINT (8.451894493000054 49.537314620000075)",Unfall 204138 (2024) Kat:2, Licht: 0,204138,2,7,4,05,17,3,0,0,0,1,0,1,0,0
"POINT (8.475720932000058 49.489272921000065)",Unfall 204147 (2024) Kat:3, Licht: 1,204147,3,6,2,05,19,1,0,1,0,1,0,0,0,0
"POINT (8.465988474000028 49.488794865000045)",Unfall 204181 (2024) Kat:3, Licht: 2,204181,3,6,1,05,00,7,0,2,0,1,0,0,0,0
"POINT (8.483601297000064 49.471447954000041)",Unfall 204216 (2024) Kat:3, Licht: 0,204216,3,1,9,05,17,6,0,0,0,1,0,0,0,0
"POINT (8.522701306000044 49.511287195000079)",Unfall 204217 (2024) Kat:3, Licht: 0,204217,3,3,5,05,14,6,0,0,1,1,0,0,0,0
"POINT (8.476355668000053 49.497044177000078)",Unfall 204218 (2024) Kat:2, Licht: 0,204218,2,2,0,05,11,6,0,0,1,0,0,0,0,0
"POINT (8.449940545000061 49.539642135000065)",Unfall 204250 (2024) Kat:3, Licht: 0,204250,3,3,6,05,13,5,0,0,0,1,1,0,0,0
"POINT (8.477305482000077 49.485902884000041)",Unfall 204251 (2024) Kat:3, Licht: 0,204251,3,2,5,05,16,5,1,0,1,1,0,0,0,0
"POINT (8.466218664000053 49.490256154000065)",Unfall 204279 (2024) Kat:3, Licht: 0,204279,3,5,3,05,16,4,0,0,1,0,0,0,0,1
"POINT (8.480822531000058 49.481846790000077)",Unfall 204280 (2024) Kat:3, Licht: 2,204280,3,3,5,05,22,4,0,2,1,1,0,0,0,0
"POINT (8.473476223000034 49.491979856000057)",Unfall 204341 (2024) Kat:3, Licht: 0,204341,3,3,5,05,18,2,0,0,0,1,0,0,0,1
"POINT (8.461667986000066 49.493704718000060)",Unfall 204400 (2024) Kat:3, Licht: 2,204400,3,3,5,05,02,7,1,2,0,1,0,0,0,1
"POINT (8.500132583000038 49.501441387000057)",Unfall 204576 (2024) Kat:3, Licht: 0,204576,3,2,4,05,15,3,0,0,1,1,0,0,0,0
"POINT (8.469893478000074 49.472224510000046)",Unfall 204577 (2024) Kat:3, Licht: 0,204577,3,5,1,05,09,3,0,0,1,1,0,0,0,0
"POINT (8.489032600000030 49.528788454000050)",Unfall 204578 (2024) Kat:3, Licht: 0,204578,3,3,5,05,09,3,0,0,1,1,0,0,0,0
"POINT (8.516312655000036 49.480071401000032)",Unfall 204636 (2024) Kat:3, Licht: 0,204636,3,6,3,05,19,2,0,0,1,0,0,0,0,0
"POINT (8.489694754000027 49.505446714000072)",Unfall 204677 (2024) Kat:3, Licht: 2,204677,3,6,2,05,22,1,0,2,0,1,0,1,0,0
"POINT (8.471267269000066 49.476892620000058)",Unfall 204678 (2024) Kat:3, Licht: 2,204678,3,6,1,05,02,1,0,2,0,1,0,0,0,0
"POINT (8.493946760000028 49.511658343000079)",Unfall 204679 (2024) Kat:2, Licht: 0,204679,2,2,5,05,16,1,0,0,0,1,0,1,0,0
"POINT (8.483470651000061 49.493542137000077)",Unfall 204720 (2024) Kat:3, Licht: 0,204720,3,2,6,05,20,7,0,0,0,1,1,0,0,0
"POINT (8.463897739000060 49.485273559000063)",Unfall 204721 (2024) Kat:3, Licht: 0,204721,3,2,5,05,17,7,0,0,0,1,0,1,0,0
"POINT (8.467651528000033 49.486163416000068)",Unfall 204722 (2024) Kat:3, Licht: 0,204722,3,5,1,05,15,7,0,0,1,1,0,0,0,0
"POINT (8.485670552000045 49.466511204000028)",Unfall 204768 (2024) Kat:3, Licht: 0,204768,3,7,3,05,14,2,0,0,0,1,0,0,0,0
"POINT (8.478099863000068 49.546904453000082)",Unfall 204831 (2024) Kat:3, Licht: 0,204831,3,2,5,05,14,5,0,0,1,1,0,0,0,0
"POINT (8.525840119000065 49.437674118000075)",Unfall 204875 (2024) Kat:3, Licht: 0,204875,3,7,0,05,16,4,0,0,1,1,0,0,0,0
"POINT (8.456563907000032 49.539706720000027)",Unfall 204928 (2024) Kat:3, Licht: 0,204928,3,7,6,05,15,3,0,0,0,0,1,0,1,0
"POINT (8.523936689000038 49.474450149000063)",Unfall 204929 (2024) Kat:3, Licht: 0,204929,3,6,2,05,15,3,0,0,0,1,0,1,0,0
"POINT (8.529260618000023 49.449317390000033)",Unfall 204930 (2024) Kat:3, Licht: 0,204930,3,7,8,05,18,3,0,0,0,1,0,0,0,0
"POINT (8.474459806000027 49.472650289000057)",Unfall 204931 (2024) Kat:3, Licht: 0,204931,3,3,5,05,14,3,0,0,1,1,0,0,0,0
"POINT (8.483729706000076 49.469833000000051)",Unfall 204932 (2024) Kat:3, Licht: 0,204932,3,3,5,05,11,3,0,0,1,1,0,0,0,0
"POINT (8.471170308000069 49.482385042000033)",Unfall 204934 (2024) Kat:3, Licht: 0,204934,3,5,3,05,16,3,0,0,1,1,0,0,0,0
"POINT (8.484334760000024 49.471945512000048)",Unfall 204971 (2024) Kat:3, Licht: 0,204971,3,1,8,05,16,2,1,0,0,1,0,0,0,0
"POINT (8.474080316000027 49.542572143000029)",Unfall 205058 (2024) Kat:3, Licht: 0,205058,3,7,8,05,12,1,0,0,0,1,0,0,0,0
"POINT (8.518630480000070 49.442570609000029)",Unfall 205071 (2024) Kat:3, Licht: 0,205071,3,3,5,05,09,6,0,0,0,1,0,0,0,0
"POINT (8.469233545000066 49.492294733000051)",Unfall 205107 (2024) Kat:3, Licht: 0,205107,3,6,3,05,12,5,0,0,1,0,0,0,0,1
"POINT (8.564892292000025 49.465610451000032)",Unfall 205108 (2024) Kat:3, Licht: 0,205108,3,7,0,05,09,5,0,0,1,0,0,0,0,0
"POINT (8.468369708000068 49.529235662000076)",Unfall 205134 (2024) Kat:3, Licht: 0,205134,3,3,5,06,09,7,1,0,1,1,0,0,0,0
"POINT (8.485593374000075 49.466590263000057)",Unfall 205135 (2024) Kat:3, Licht: 0,205135,3,6,2,06,12,7,0,0,0,1,0,1,0,0
"POINT (8.494342590000031 49.516335328000082)",Unfall 205163 (2024) Kat:3, Licht: 0,205163,3,4,6,06,16,6,0,0,0,1,1,0,0,0
"POINT (8.490142490000039 49.478320403000055)",Unfall 205164 (2024) Kat:3, Licht: 0,205164,3,3,5,06,17,6,1,0,0,1,0,0,0,1
"POINT (8.469659218000061 49.512624793000043)",Unfall 205210 (2024) Kat:3, Licht: 0,205210,3,3,5,06,07,5,0,0,1,1,0,0,0,0
"POINT (8.475798756000074 49.473517755000046)",Unfall 205211 (2024) Kat:3, Licht: 0,205211,3,4,6,06,10,5,0,0,0,1,1,0,0,0
"POINT (8.474132141000041 49.481200424000065)",Unfall 205212 (2024) Kat:2, Licht: 0,205212,2,7,0,06,10,5,1,0,1,0,0,0,0,0
"POINT (8.475237137000022 49.496194037000066)",Unfall 205254 (2024) Kat:3, Licht: 0,205254,3,3,5,06,10,4,0,0,1,0,0,0,0,1
"POINT (8.464539120000040 49.493254904000025)",Unfall 205314 (2024) Kat:3, Licht: 0,205314,3,4,6,06,16,3,0,0,1,0,1,0,0,0
"POINT (8.468767275000062 49.491796161000082)",Unfall 205315 (2024) Kat:3, Licht: 0,205315,3,4,0,06,21,3,1,0,0,0,1,1,0,0
"POINT (8.507650594000040 49.475501744000042)",Unfall 205316 (2024) Kat:3, Licht: 0,205316,3,7,0,06,10,3,0,0,1,0,0,0,0,0
"POINT (8.510422228000039 49.446620996000036)",Unfall 205373 (2024) Kat:3, Licht: 0,205373,3,3,5,06,13,2,0,0,1,1,0,0,0,0
"POINT (8.466525832000059 49.490533982000045)",Unfall 205481 (2024) Kat:3, Licht: 1,205481,3,3,5,06,21,6,0,1,1,1,0,0,0,0
"POINT (8.473468588000060 49.485795185000029)",Unfall 205513 (2024) Kat:3, Licht: 0,205513,3,6,3,06,18,5,0,0,0,0,0,1,0,0
"POINT (8.494091391000040 49.455607874000066)",Unfall 205570 (2024) Kat:2, Licht: 0,205570,2,1,0,06,08,4,0,0,0,0,0,1,0,0
"POINT (8.484691647000034 49.467994172000033)",Unfall 205571 (2024) Kat:3, Licht: 0,205571,3,3,5,06,12,4,0,0,0,1,0,0,0,1
"POINT (8.452332726000066 49.536905307000040)",Unfall 205641 (2024) Kat:3, Licht: 0,205641,3,3,5,06,11,3,0,0,0,1,0,0,0,1
"POINT (8.466722382000057 49.487027904000058)",Unfall 205642 (2024) Kat:3, Licht: 0,205642,3,7,6,06,11,3,0,0,1,0,1,0,0,0
"POINT (8.482069551000052 49.497584751000034)",Unfall 205643 (2024) Kat:3, Licht: 0,205643,3,6,4,06,13,3,0,0,1,0,0,0,0,0
"POINT (8.477300207000042 49.499547832000076)",Unfall 205645 (2024) Kat:3, Licht: 0,205645,3,7,0,06,08,3,0,0,1,0,0,0,0,0
"POINT (8.481938159000038 49.464900907000072)",Unfall 205684 (2024) Kat:3, Licht: 0,205684,3,3,5,06,16,7,0,0,1,1,0,0,0,0
"POINT (8.465372775000048 49.484308521000059)",Unfall 205706 (2024) Kat:3, Licht: 0,205706,3,3,5,06,19,2,0,0,1,1,0,0,0,0
"POINT (8.468285953000077 49.490026930000056)",Unfall 205789 (2024) Kat:3, Licht: 0,205789,3,7,0,06,19,7,0,0,0,0,1,0,0,1
"POINT (8.480097783000076 49.561851125000032)",Unfall 205790 (2024) Kat:3, Licht: 2,205790,3,7,2,06,01,7,0,2,1,1,0,0,0,0
"POINT (8.466181835000043 49.485438054000042)",Unfall 205843 (2024) Kat:3, Licht: 0,205843,3,3,5,06,14,6,0,0,0,1,0,0,0,1
"POINT (8.444931200000042 49.543010792000075)",Unfall 205897 (2024) Kat:3, Licht: 0,205897,3,3,5,06,06,5,0,0,0,1,0,0,0,0
"POINT (8.491538161000051 49.496915407000074)",Unfall 205898 (2024) Kat:2, Licht: 0,205898,2,2,6,06,10,5,0,0,0,1,1,0,0,0
"POINT (8.466809718000036 49.453831410000078)",Unfall 205899 (2024) Kat:3, Licht: 1,205899,3,7,1,06,21,5,0,1,0,1,0,1,0,0
"POINT (8.540454389000047 49.519210924000049)",Unfall 205943 (2024) Kat:3, Licht: 0,205943,3,1,9,06,10,3,0,0,1,0,0,0,0,0
"POINT (8.483909446000041 49.497218617000044)",Unfall 205949 (2024) Kat:3, Licht: 0,205949,3,6,3,06,15,4,0,0,1,0,0,0,0,0
"POINT (8.481114445000060 49.456829229000050)",Unfall 206005 (2024) Kat:3, Licht: 0,206005,3,3,5,06,09,3,0,0,1,1,0,0,0,0
"POINT (8.456490669000061 49.494320347000041)",Unfall 206006 (2024) Kat:3, Licht: 0,206006,3,7,7,06,12,3,0,0,1,0,0,0,0,0
"POINT (8.565165842000056 49.465440603000047)",Unfall 206037 (2024) Kat:3, Licht: 0,206037,3,6,2,06,17,2,0,0,0,1,0,0,0,0
"POINT (8.540164884000035 49.509936758000038)",Unfall 206038 (2024) Kat:3, Licht: 0,206038,3,7,6,06,10,2,0,0,0,1,1,0,0,0
"POINT (8.464680106000060 49.487372069000060)",Unfall 206067 (2024) Kat:2, Licht: 0,206067,2,3,5,06,18,4,0,0,0,1,0,1,0,0
"POINT (8.475016651000033 49.480585184000063)",Unfall 206071 (2024) Kat:3, Licht: 0,206071,3,3,5,06,14,1,0,0,0,1,0,1,0,1
"POINT (8.471346803000074 49.490709982000055)",Unfall 206093 (2024) Kat:3, Licht: 2,206093,3,3,5,06,01,7,1,2,0,1,0,0,0,0
"POINT (8.491334605000077 49.477736017000041)",Unfall 206094 (2024) Kat:3, Licht: 2,206094,3,6,2,06,23,7,1,2,0,1,0,0,0,0
"POINT (8.473144705000038 49.467307699000060)",Unfall 206095 (2024) Kat:2, Licht: 0,206095,2,3,5,06,14,4,0,0,1,1,0,0,0,0
"POINT (8.484204085000044 49.471127504000037)",Unfall 206096 (2024) Kat:3, Licht: 2,206096,3,7,0,06,02,7,1,2,1,0,0,0,0,0
"POINT (8.526893393000023 49.519070177000060)",Unfall 206098 (2024) Kat:3, Licht: 0,206098,3,1,1,06,18,7,1,0,0,1,0,1,0,0
"POINT (8.460637675000044 49.495488631000057)",Unfall 206099 (2024) Kat:3, Licht: 0,206099,3,6,2,06,15,7,1,0,0,1,0,0,0,0
"POINT (8.523587305000035 49.473623117000045)",Unfall 206101 (2024) Kat:3, Licht: 0,206101,3,1,0,06,19,7,1,0,0,0,0,1,0,0
"POINT (8.478880279000066 49.514294215000064)",Unfall 206123 (2024) Kat:3, Licht: 2,206123,3,1,9,05,23,6,1,2,0,1,0,0,0,0
"POINT (8.487715983000044 49.512882974000036)",Unfall 206150 (2024) Kat:3, Licht: 0,206150,3,7,0,05,12,5,0,0,0,0,0,1,0,0
"POINT (8.474407426000027 49.485432513000035)",Unfall 206224 (2024) Kat:3, Licht: 0,206224,3,3,5,07,11,6,0,0,1,1,0,0,0,0
"POINT (8.462650314000030 49.490049570000053)",Unfall 206225 (2024) Kat:3, Licht: 0,206225,3,3,5,07,12,6,0,0,1,1,0,0,0,0
"POINT (8.492592821000073 49.506998109000051)",Unfall 206226 (2024) Kat:3, Licht: 0,206226,3,2,5,07,17,6,0,0,0,1,0,0,0,1
"POINT (8.468849426000077 49.493861962000040)",Unfall 206324 (2024) Kat:3, Licht: 2,206324,3,3,5,07,23,4,1,2,0,1,0,1,0,0
"POINT (8.447768656000051 49.543610720000061)",Unfall 206377 (2024) Kat:3, Licht: 0,206377,3,6,3,07,09,3,0,0,1,1,0,0,0,0
"POINT (8.468171077000022 49.497160225000073)",Unfall 206378 (2024) Kat:2, Licht: 0,206378,2,3,5,07,20,3,0,0,0,1,0,1,0,0
"POINT (8.486656810000056 49.447203853000076)",Unfall 206379 (2024) Kat:3, Licht: 0,206379,3,6,4,07,20,3,0,0,1,0,0,0,0,0
"POINT (8.569223708000038 49.460923170000058)",Unfall 206380 (2024) Kat:3, Licht: 0,206380,3,3,5,07,07,3,0,0,1,1,0,0,0,0
"POINT (8.479137863000062 49.477094840000063)",Unfall 206381 (2024) Kat:3, Licht: 0,206381,3,6,3,07,19,3,0,0,1,0,0,0,0,1
"POINT (8.468549978000055 49.552428354000028)",Unfall 206432 (2024) Kat:3, Licht: 0,206432,3,3,5,07,17,2,0,0,0,1,0,0,0,0
"POINT (8.516703305000021 49.510457579000047)",Unfall 206433 (2024) Kat:3, Licht: 0,206433,3,7,5,07,14,2,0,0,0,0,0,1,0,1
"POINT (8.470622958000035 49.508663451000075)",Unfall 206468 (2024) Kat:3, Licht: 0,206468,3,4,6,07,07,2,0,0,0,0,1,0,0,1
"POINT (8.494146827000066 49.515936598000053)",Unfall 206471 (2024) Kat:3, Licht: 0,206471,3,3,5,07,10,1,0,0,1,1,0,0,0,0
"POINT (8.519372576000023 49.507424926000056)",Unfall 206472 (2024) Kat:3, Licht: 2,206472,3,7,0,07,02,1,0,2,0,0,0,0,0,1
"POINT (8.473669419000032 49.483746507000035)",Unfall 206510 (2024) Kat:3, Licht: 0,206510,3,3,5,07,10,7,0,0,1,1,0,0,0,0
"POINT (8.479323118000025 49.514295988000072)",Unfall 206546 (2024) Kat:3, Licht: 0,206546,3,6,3,07,15,6,0,0,0,1,0,0,0,0
"POINT (8.495014536000042 49.518528169000035)",Unfall 206601 (2024) Kat:3, Licht: 0,206601,3,3,5,07,14,5,1,0,0,1,0,1,0,0
"POINT (8.485957759000030 49.476411029000076)",Unfall 206602 (2024) Kat:3, Licht: 0,206602,3,3,5,07,14,5,1,0,0,1,0,1,0,0
"POINT (8.493451432000029 49.457145915000069)",Unfall 206603 (2024) Kat:3, Licht: 0,206603,3,6,0,07,17,5,0,0,0,0,0,0,0,1
"POINT (8.458535586000039 49.493672310000079)",Unfall 206605 (2024) Kat:3, Licht: 0,206605,3,6,2,07,21,5,0,0,1,1,0,0,0,0
"POINT (8.472226313000021 49.492776981000077)",Unfall 206653 (2024) Kat:2, Licht: 0,206653,2,7,1,07,11,4,0,0,1,0,0,0,0,0
"POINT (8.485875420000070 49.525615033000065)",Unfall 206692 (2024) Kat:3, Licht: 0,206692,3,7,0,07,08,3,0,0,1,0,0,0,0,0
"POINT (8.448989829000027 49.542304518000037)",Unfall 206733 (2024) Kat:3, Licht: 0,206733,3,4,6,07,11,2,0,0,0,1,1,0,0,0
"POINT (8.476552671000036 49.486890440000082)",Unfall 206734 (2024) Kat:3, Licht: 0,206734,3,7,6,07,10,2,0,0,0,1,1,0,0,0
"POINT (8.474762125000041 49.484413425000071)",Unfall 206807 (2024) Kat:3, Licht: 0,206807,3,6,1,06,13,7,0,0,0,1,0,1,0,0
"POINT (8.491290612000057 49.453280903000064)",Unfall 206906 (2024) Kat:3, Licht: 0,206906,3,7,6,07,17,5,0,0,0,1,1,0,0,0
"POINT (8.482142227000054 49.511770922000039)",Unfall 206949 (2024) Kat:3, Licht: 0,206949,3,6,4,06,21,5,0,0,0,1,0,1,0,0
"POINT (8.480266752000034 49.456624312000031)",Unfall 206950 (2024) Kat:3, Licht: 0,206950,3,3,5,06,10,5,0,0,1,1,0,0,0,0
"POINT (8.454962525000042 49.485019883000064)",Unfall 206952 (2024) Kat:3, Licht: 2,206952,3,7,0,06,01,5,1,2,0,1,0,0,0,0
"POINT (8.485729634000052 49.522136898000042)",Unfall 207012 (2024) Kat:3, Licht: 0,207012,3,2,5,06,05,4,0,0,0,1,0,1,0,0
"POINT (8.469974598000022 49.505542094000077)",Unfall 207014 (2024) Kat:3, Licht: 0,207014,3,2,3,06,10,4,0,0,0,1,0,0,0,1
"POINT (8.468361134000077 49.546481263000032)",Unfall 207016 (2024) Kat:1, Licht: 0,207016,1,3,5,06,05,4,0,0,0,1,0,1,0,0
"POINT (8.470715251000058 49.497747528000048)",Unfall 207084 (2024) Kat:3, Licht: 0,207084,3,3,5,06,07,3,0,0,0,1,0,0,0,1
"POINT (8.483679285000051 49.510093487000063)",Unfall 207203 (2024) Kat:3, Licht: 1,207203,3,5,8,06,21,1,0,1,0,1,0,1,0,0
"POINT (8.551066954000021 49.511148273000060)",Unfall 207204 (2024) Kat:3, Licht: 0,207204,3,2,5,06,15,1,0,0,0,1,0,0,0,0
"POINT (8.451783110000065 49.543445303000055)",Unfall 207239 (2024) Kat:3, Licht: 0,207239,3,3,5,08,18,7,0,0,0,1,0,0,0,0
"POINT (8.488229014000069 49.476347599000064)",Unfall 207269 (2024) Kat:3, Licht: 0,207269,3,7,3,08,16,6,0,0,0,1,0,1,0,0
"POINT (8.483450716000050 49.477677754000069)",Unfall 207336 (2024) Kat:3, Licht: 0,207336,3,5,3,07,09,4,0,0,1,1,0,0,0,0
"POINT (8.477649205000034 49.482867786000043)",Unfall 207377 (2024) Kat:3, Licht: 0,207377,3,6,2,07,13,3,0,0,0,1,0,0,0,0
"POINT (8.461708171000055 49.488461350000080)",Unfall 207459 (2024) Kat:3, Licht: 2,207459,3,7,0,07,22,1,0,2,1,0,0,0,0,0
"POINT (8.470776968000052 49.484885374000044)",Unfall 207572 (2024) Kat:3, Licht: 0,207572,3,6,6,07,17,5,0,0,0,0,1,0,0,1
"POINT (8.485518084000034 49.485565420000057)",Unfall 207613 (2024) Kat:3, Licht: 0,207613,3,6,3,07,12,4,0,0,1,0,0,0,0,0
"POINT (8.558511357000043 49.516636644000073)",Unfall 207614 (2024) Kat:3, Licht: 0,207614,3,1,8,07,17,4,0,0,0,0,0,1,0,0
"POINT (8.508483199000068 49.515933597000071)",Unfall 207615 (2024) Kat:2, Licht: 0,207615,2,2,5,07,12,4,0,0,1,1,0,0,0,0
"POINT (8.484238822000066 49.454636985000036)",Unfall 207677 (2024) Kat:3, Licht: 0,207677,3,6,2,07,12,3,0,0,0,1,0,0,0,0
"POINT (8.530378372000030 49.489120703000026)",Unfall 207678 (2024) Kat:2, Licht: 0,207678,2,6,4,07,16,3,1,0,1,1,0,0,0,0
"POINT (8.481696902000067 49.455559934000064)",Unfall 207679 (2024) Kat:3, Licht: 0,207679,3,6,6,07,15,3,0,0,0,1,1,0,0,0
"POINT (8.472287747000053 49.498978708000038)",Unfall 207724 (2024) Kat:3, Licht: 0,207724,3,4,6,07,16,2,0,0,0,1,1,0,0,0
"POINT (8.563219865000065 49.466955879000068)",Unfall 207821 (2024) Kat:3, Licht: 2,207821,3,7,0,07,22,7,0,2,1,0,0,0,0,0
"POINT (8.488003013000025 49.522907983000039)",Unfall 207878 (2024) Kat:3, Licht: 0,207878,3,3,1,07,17,6,0,0,0,1,0,0,0,1
"POINT (8.446441661000051 49.507437974000027)",Unfall 207907 (2024) Kat:3, Licht: 0,207907,3,3,5,07,16,4,0,0,1,1,0,0,0,0
"POINT (8.467045218000067 49.474599019000038)",Unfall 207938 (2024) Kat:3, Licht: 0,207938,3,7,0,07,07,5,0,0,1,0,0,0,0,0
"POINT (8.473492627000041 49.486751404000074)",Unfall 207939 (2024) Kat:3, Licht: 0,207939,3,3,5,07,13,5,0,0,0,1,0,0,0,1
"POINT (8.483497658000033 49.454828766000048)",Unfall 208003 (2024) Kat:3, Licht: 0,208003,3,3,5,07,17,4,0,0,0,1,0,0,0,1
"POINT (8.484710527000061 49.485879157000056)",Unfall 208069 (2024) Kat:3, Licht: 0,208069,3,2,5,07,15,3,0,0,0,1,0,1,0,0
"POINT (8.470034169000030 49.504865180000081)",Unfall 208071 (2024) Kat:2, Licht: 0,208071,2,4,6,07,18,3,0,0,0,0,1,0,0,1
"POINT (8.522220023000045 49.421466050000049)",Unfall 208141 (2024) Kat:3, Licht: 0,208141,3,7,2,07,19,2,0,0,0,0,0,1,0,1
"POINT (8.470839688000069 49.487788892000026)",Unfall 208142 (2024) Kat:3, Licht: 0,208142,3,7,7,07,13,2,0,0,0,0,1,0,1,0
"POINT (8.472961309000027 49.478191259000027)",Unfall 208189 (2024) Kat:3, Licht: 0,208189,3,7,0,07,10,1,0,0,0,1,1,0,0,0
"POINT (8.470374350000043 49.491017411000030)",Unfall 208191 (2024) Kat:3, Licht: 0,208191,3,4,6,07,17,1,0,0,0,1,1,0,0,0
"POINT (8.471309638000037 49.532996251000043)",Unfall 208238 (2024) Kat:3, Licht: 2,208238,3,1,8,07,22,7,0,2,1,0,0,0,0,0
"POINT (8.474933145000023 49.504074223000032)",Unfall 208239 (2024) Kat:3, Licht: 0,208239,3,7,5,07,15,7,0,0,1,1,0,0,0,0
"POINT (8.498733735000030 49.498361642000077)",Unfall 208240 (2024) Kat:3, Licht: 0,208240,3,3,5,07,10,7,0,0,0,1,0,0,0,0
"POINT (8.465053946000069 49.489042986000072)",Unfall 208241 (2024) Kat:3, Licht: 0,208241,3,7,2,07,11,7,0,0,1,1,0,0,0,0
"POINT (8.467222249000031 49.503101908000076)",Unfall 208242 (2024) Kat:3, Licht: 0,208242,3,3,5,07,08,7,0,0,0,1,0,0,0,0
"POINT (8.476687293000055 49.501685635000058)",Unfall 208279 (2024) Kat:3, Licht: 0,208279,3,7,0,09,18,3,0,0,0,0,0,0,0,1
"POINT (8.456835288000036 49.492769698000075)",Unfall 208369 (2024) Kat:2, Licht: 2,208369,2,2,5,08,22,7,0,2,0,1,0,1,0,0
"POINT (8.479975137000054 49.484655052000051)",Unfall 208392 (2024) Kat:3, Licht: 1,208392,3,5,1,08,19,6,0,1,1,1,0,0,0,0
"POINT (8.483128151000074 49.481616294000048)",Unfall 208506 (2024) Kat:3, Licht: 0,208506,3,5,0,08,17,6,0,0,1,1,0,0,0,0
"POINT (8.454059467000036 49.538147734000063)",Unfall 208514 (2024) Kat:3, Licht: 0,208514,3,6,2,08,14,3,0,0,0,1,0,0,0,0
"POINT (8.501743699000031 49.504125694000038)",Unfall 208515 (2024) Kat:3, Licht: 0,208515,3,6,2,08,06,3,0,0,0,1,0,0,0,0
"POINT (8.519572240000059 49.463672768000038)",Unfall 208557 (2024) Kat:2, Licht: 0,208557,2,7,7,08,19,2,0,0,1,0,0,0,0,0
"POINT (8.478503911000075 49.460276249000060)",Unfall 208558 (2024) Kat:3, Licht: 0,208558,3,3,5,08,13,2,0,0,1,1,0,0,0,0
"POINT (8.493338148000021 49.486802729000033)",Unfall 208582 (2024) Kat:3, Licht: 0,208582,3,3,5,08,13,1,0,0,1,1,0,0,0,0
"POINT (8.475706604000038 49.473515622000036)",Unfall 208608 (2024) Kat:3, Licht: 0,208608,3,2,5,09,07,2,0,0,1,1,0,0,0,0
"POINT (8.507466104000059 49.424115084000050)",Unfall 208641 (2024) Kat:2, Licht: 0,208641,2,1,1,08,19,6,0,0,0,1,0,0,0,1
"POINT (8.481027826000059 49.457447369000079)",Unfall 208642 (2024) Kat:3, Licht: 0,208642,3,2,3,08,17,6,0,0,0,1,0,0,0,1
"POINT (8.497906081000053 49.520661658000051)",Unfall 208677 (2024) Kat:3, Licht: 0,208677,3,4,6,08,14,5,0,0,0,1,1,0,0,0
"POINT (8.493799641000066 49.511697817000027)",Unfall 208678 (2024) Kat:3, Licht: 0,208678,3,2,5,08,12,5,0,0,0,1,0,0,0,0
"POINT (8.482463281000037 49.479162824000070)",Unfall 208717 (2024) Kat:3, Licht: 0,208717,3,2,5,08,12,4,0,0,1,1,0,0,0,0
"POINT (8.470772477000025 49.508547530000044)",Unfall 208744 (2024) Kat:3, Licht: 0,208744,3,2,3,08,14,3,0,0,1,0,0,0,1,0
"POINT (8.534419300000025 49.487665626000080)",Unfall 208767 (2024) Kat:3, Licht: 0,208767,3,7,0,08,11,2,0,0,1,0,0,0,0,1
"POINT (8.468641009000066 49.491775632000042)",Unfall 208768 (2024) Kat:3, Licht: 0,208768,3,2,3,08,14,2,0,0,1,1,0,0,0,0
"POINT (8.446099411000034 49.500035126000057)",Unfall 208769 (2024) Kat:2, Licht: 2,208769,2,2,5,08,22,2,0,2,0,0,0,0,1,1
"POINT (8.509818460000076 49.445959264000066)",Unfall 208770 (2024) Kat:3, Licht: 0,208770,3,6,2,08,14,4,0,0,0,1,0,0,0,0
"POINT (8.454239194000024 49.527154296000049)",Unfall 208786 (2024) Kat:3, Licht: 0,208786,3,3,5,08,16,5,0,0,0,0,0,1,0,1
"POINT (8.484885353000038 49.475030908000065)",Unfall 208846 (2024) Kat:3, Licht: 0,208846,3,3,5,08,13,6,0,0,0,1,0,0,0,0
"POINT (8.509542033000059 49.446203222000065)",Unfall 208883 (2024) Kat:3, Licht: 0,208883,3,6,2,08,10,5,0,0,0,1,0,0,0,0
"POINT (8.463970935000020 49.489054519000035)",Unfall 208884 (2024) Kat:3, Licht: 0,208884,3,7,6,08,11,5,0,0,0,0,1,0,0,1
"POINT (8.466438111000059 49.490493403000073)",Unfall 208923 (2024) Kat:3, Licht: 0,208923,3,5,1,08,13,4,0,0,1,1,0,0,0,0
"POINT (8.449566015000073 49.540685248000045)",Unfall 208924 (2024) Kat:3, Licht: 0,208924,3,3,0,08,08,4,0,0,0,1,0,0,0,1
"POINT (8.548867375000043 49.463348225000061)",Unfall 208962 (2024) Kat:2, Licht: 0,208962,2,6,4,08,18,3,0,0,0,1,0,0,0,0
"POINT (8.479698978000044 49.453050707000045)",Unfall 208996 (2024) Kat:3, Licht: 0,208996,3,7,0,08,08,2,0,0,1,0,0,0,0,0
"POINT (8.447155304000034 49.541679477000059)",Unfall 209027 (2024) Kat:3, Licht: 0,209027,3,3,5,08,19,1,0,0,0,1,0,0,0,0
"POINT (8.533691372000021 49.424924431000079)",Unfall 209028 (2024) Kat:3, Licht: 0,209028,3,7,0,08,17,1,0,0,1,0,0,0,0,0
"POINT (8.495776180000064 49.510084810000080)",Unfall 209059 (2024) Kat:3, Licht: 0,209059,3,3,5,08,11,7,0,0,1,1,0,0,0,0
"POINT (8.455651682000052 49.486986341000033)",Unfall 209061 (2024) Kat:3, Licht: 0,209061,3,3,5,08,16,7,0,0,1,1,0,0,0,0
"POINT (8.481766501000038 49.531955927000070)",Unfall 209106 (2024) Kat:3, Licht: 2,209106,3,2,5,08,05,6,0,2,1,1,0,0,0,0
"POINT (8.470736844000044 49.508615697000039)",Unfall 209109 (2024) Kat:3, Licht: 0,209109,3,7,3,08,16,6,0,0,0,1,0,1,0,0
"POINT (8.473731170000065 49.483814457000051)",Unfall 209110 (2024) Kat:3, Licht: 2,209110,3,4,6,08,23,6,0,2,0,0,1,0,0,1
"POINT (8.466904283000076 49.510735309000040)",Unfall 209158 (2024) Kat:3, Licht: 0,209158,3,3,5,08,19,5,0,0,0,1,0,1,0,0
"POINT (8.466444356000068 49.497666553000045)",Unfall 209159 (2024) Kat:3, Licht: 0,209159,3,2,5,08,13,5,0,0,0,1,0,1,0,0
"POINT (8.480482278000068 49.457811825000078)",Unfall 209161 (2024) Kat:3, Licht: 0,209161,3,2,5,08,09,5,0,0,0,1,0,0,0,1
"POINT (8.506298155000025 49.502641667000034)",Unfall 209205 (2024) Kat:3, Licht: 0,209205,3,3,5,08,17,4,0,0,1,1,0,0,0,0
"POINT (8.467998638000040 49.484786434000057)",Unfall 209252 (2024) Kat:3, Licht: 0,209252,3,3,5,08,19,3,0,0,1,1,0,0,0,0
"POINT (8.508358812000040 49.482173983000052)",Unfall 209298 (2024) Kat:3, Licht: 0,209298,3,7,0,08,08,2,0,0,1,0,0,0,0,0
"POINT (8.471655345000045 49.493152369000029)",Unfall 209299 (2024) Kat:3, Licht: 0,209299,3,6,3,08,09,2,0,0,0,1,0,1,0,0
"POINT (8.508083793000026 49.512261433000049)",Unfall 209332 (2024) Kat:3, Licht: 0,209332,3,3,5,08,16,1,0,0,0,1,0,0,0,0
"POINT (8.457630964000032 49.491893404000052)",Unfall 209359 (2024) Kat:2, Licht: 0,209359,2,5,5,09,07,2,0,0,1,1,0,0,0,0
"POINT (8.464767925000046 49.492336656000077)",Unfall 209360 (2024) Kat:3, Licht: 0,209360,3,7,6,09,14,2,0,0,0,0,1,0,0,1
"POINT (8.542039339000041 49.498348365000027)",Unfall 209390 (2024) Kat:3, Licht: 0,209390,3,3,5,09,15,1,0,0,0,1,0,1,0,0
"POINT (8.466851243000065 49.484054330000049)",Unfall 209416 (2024) Kat:3, Licht: 0,209416,3,5,1,09,10,7,0,0,0,1,0,0,0,1
"POINT (8.508101680000038 49.446768530000043)",Unfall 209418 (2024) Kat:3, Licht: 0,209418,3,6,3,09,13,7,1,0,0,1,0,1,0,0
"POINT (8.526182772000027 49.489095533000068)",Unfall 209471 (2024) Kat:3, Licht: 0,209471,3,3,5,09,07,5,1,0,1,1,0,0,0,0
"POINT (8.467013296000061 49.510652275000041)",Unfall 209509 (2024) Kat:3, Licht: 0,209509,3,3,5,09,16,4,0,0,0,1,0,0,0,0
"POINT (8.503830270000037 49.502412521000053)",Unfall 209511 (2024) Kat:3, Licht: 0,209511,3,6,2,09,08,4,0,0,0,1,0,0,0,1
"POINT (8.471545759000037 49.472311563000062)",Unfall 209579 (2024) Kat:3, Licht: 0,209579,3,1,0,09,10,2,1,0,0,0,0,1,0,0
"POINT (8.513027273000034 49.508449258000041)",Unfall 209580 (2024) Kat:3, Licht: 0,209580,3,6,1,09,15,2,0,0,0,1,0,1,0,0
"POINT (8.517023597000048 49.484136614000079)",Unfall 209613 (2024) Kat:2, Licht: 0,209613,2,6,4,09,10,1,0,0,1,1,0,0,0,0
"POINT (8.569636671000069 49.462474574000055)",Unfall 209614 (2024) Kat:2, Licht: 0,209614,2,6,3,09,17,1,0,0,1,0,0,0,0,0
"POINT (8.519976649000057 49.478298688000052)",Unfall 209652 (2024) Kat:3, Licht: 0,209652,3,5,1,09,14,7,0,0,1,1,0,0,0,0
"POINT (8.463300659000026 49.505603516000065)",Unfall 209653 (2024) Kat:3, Licht: 1,209653,3,6,2,09,19,7,0,1,0,1,0,0,0,0
"POINT (8.505421310000031 49.455754642000045)",Unfall 209654 (2024) Kat:3, Licht: 0,209654,3,6,3,09,18,7,0,0,0,1,0,1,0,0
"POINT (8.472452921000070 49.490876758000070)",Unfall 209655 (2024) Kat:3, Licht: 0,209655,3,6,3,09,16,7,0,0,1,0,0,0,0,0
"POINT (8.472969839000029 49.495399519000046)",Unfall 209707 (2024) Kat:3, Licht: 0,209707,3,3,5,09,18,6,0,0,1,1,0,0,0,0
"POINT (8.478899271000046 49.460339306000037)",Unfall 209708 (2024) Kat:2, Licht: 0,209708,2,2,3,09,15,6,0,0,1,1,0,0,0,0
"POINT (8.478020636000053 49.491295932000071)",Unfall 209763 (2024) Kat:3, Licht: 0,209763,3,6,2,09,18,5,0,0,0,1,0,0,0,0
"POINT (8.521572512000034 49.451849731000038)",Unfall 209764 (2024) Kat:3, Licht: 0,209764,3,3,5,09,15,5,0,0,1,1,0,0,0,0
"POINT (8.491038008000032 49.452570546000061)",Unfall 209765 (2024) Kat:3, Licht: 0,209765,3,7,6,09,17,5,0,0,0,1,1,0,0,0
"POINT (8.471743208000021 49.471718125000052)",Unfall 209808 (2024) Kat:3, Licht: 0,209808,3,6,4,09,13,4,0,0,1,0,0,0,0,0
"POINT (8.487529241000061 49.526668205000078)",Unfall 209853 (2024) Kat:3, Licht: 0,209853,3,7,0,09,17,3,1,0,0,0,0,1,1,0
"POINT (8.484319479000021 49.468113439000035)",Unfall 209880 (2024) Kat:3, Licht: 2,209880,3,5,5,09,23,2,0,2,0,1,0,0,0,1
"POINT (8.473318167000059 49.481747047000056)",Unfall 209927 (2024) Kat:3, Licht: 2,209927,3,7,0,09,20,7,0,2,0,0,1,0,0,1
"POINT (8.466884914000048 49.499259147000032)",Unfall 209928 (2024) Kat:3, Licht: 0,209928,3,4,6,09,18,7,0,0,0,1,1,0,0,0
"POINT (8.534821527000076 49.418849782000052)",Unfall 209961 (2024) Kat:3, Licht: 0,209961,3,3,5,09,18,5,1,0,0,1,0,0,0,1
"POINT (8.462955069000031 49.482333318000030)",Unfall 209966 (2024) Kat:2, Licht: 0,209966,2,5,3,09,08,6,0,0,1,1,0,0,0,0
"POINT (8.466907778000063 49.499074736000068)",Unfall 209967 (2024) Kat:3, Licht: 0,209967,3,7,0,09,16,6,0,0,0,1,1,0,0,0
"POINT (8.469122688000027 49.489645109000037)",Unfall 209968 (2024) Kat:2, Licht: 2,209968,2,7,0,09,23,6,0,2,0,0,0,0,0,1
"POINT (8.482101527000054 49.474228736000043)",Unfall 209999 (2024) Kat:3, Licht: 0,209999,3,3,5,09,16,5,0,0,0,1,0,0,0,0
"POINT (8.479020118000051 49.514376324000068)",Unfall 210000 (2024) Kat:3, Licht: 2,210000,3,3,5,09,05,5,0,2,0,1,0,0,0,0
"POINT (8.494028457000070 49.462306856000055)",Unfall 210098 (2024) Kat:3, Licht: 0,210098,3,2,5,09,12,2,0,0,0,0,0,1,0,1
"POINT (8.512071253000045 49.447137370000064)",Unfall 210137 (2024) Kat:3, Licht: 0,210137,3,1,8,09,16,1,1,0,0,0,0,1,0,0
"POINT (8.532756974000051 49.506175617000054)",Unfall 210139 (2024) Kat:3, Licht: 0,210139,3,2,6,09,08,1,0,0,0,1,1,0,0,0
"POINT (8.479452610000067 49.450200154000072)",Unfall 210182 (2024) Kat:2, Licht: 0,210182,2,3,5,09,15,7,0,0,0,1,0,0,0,0
"POINT (8.465022058000045 49.489055607000068)",Unfall 210235 (2024) Kat:3, Licht: 2,210235,3,3,5,09,20,6,0,2,1,1,0,0,0,0
"POINT (8.489623954000024 49.529510969000057)",Unfall 210237 (2024) Kat:2, Licht: 0,210237,2,2,5,09,14,6,0,0,0,1,0,1,0,0
"POINT (8.453067957000030 49.510845933000041)",Unfall 210264 (2024) Kat:3, Licht: 2,210264,3,6,3,09,22,2,0,2,1,1,0,0,0,0
"POINT (8.519532472000037 49.421474118000049)",Unfall 210287 (2024) Kat:3, Licht: 2,210287,3,7,0,09,21,5,1,2,1,0,0,0,0,0
"POINT (8.497007496000037 49.508892165000077)",Unfall 210288 (2024) Kat:3, Licht: 2,210288,3,6,1,09,01,5,0,2,0,1,0,1,0,0
"POINT (8.575925460000065 49.446840014000031)",Unfall 210394 (2024) Kat:3, Licht: 0,210394,3,2,5,10,16,3,0,0,0,1,0,0,0,0
"POINT (8.467096024000057 49.484990244000073)",Unfall 210422 (2024) Kat:3, Licht: 0,210422,3,7,0,10,12,2,0,0,1,0,0,0,0,0
"POINT (8.471776145000035 49.504470711000067)",Unfall 210423 (2024) Kat:3, Licht: 2,210423,3,6,2,10,22,2,0,2,0,1,0,1,0,0
"POINT (8.467708657000060 49.488005524000073)",Unfall 210424 (2024) Kat:3, Licht: 1,210424,3,3,5,10,06,2,0,1,0,1,0,0,0,1
"POINT (8.467000284000051 49.510660081000026)",Unfall 210519 (2024) Kat:3, Licht: 0,210519,3,3,5,10,17,6,0,0,0,1,0,0,0,0
"POINT (8.490976565000039 49.460388947000069)",Unfall 210564 (2024) Kat:3, Licht: 0,210564,3,3,5,10,17,5,0,0,1,1,0,0,0,0
"POINT (8.570869459000050 49.446651458000076)",Unfall 210565 (2024) Kat:3, Licht: 0,210565,3,7,0,10,08,5,0,0,1,0,0,0,0,0
"POINT (8.488722079000070 49.463069190000056)",Unfall 210605 (2024) Kat:3, Licht: 0,210605,3,6,2,10,12,4,0,0,0,1,0,0,0,0
"POINT (8.481847233000053 49.474633907000054)",Unfall 210649 (2024) Kat:3, Licht: 1,210649,3,3,5,10,18,3,0,1,0,1,0,0,0,0
"POINT (8.489793957000074 49.505499900000075)",Unfall 210650 (2024) Kat:2, Licht: 0,210650,2,4,6,10,15,3,0,0,0,1,1,0,0,0
"POINT (8.478212119000034 49.486793208000051)",Unfall 210694 (2024) Kat:2, Licht: 1,210694,2,3,5,10,07,2,0,1,1,1,0,0,0,0
"POINT (8.490086173000066 49.493250738000029)",Unfall 210695 (2024) Kat:3, Licht: 1,210695,3,7,0,10,06,2,0,1,0,1,1,0,0,0
"POINT (8.469908158000067 49.470390716000054)",Unfall 210749 (2024) Kat:3, Licht: 0,210749,3,7,0,10,10,7,0,0,1,0,0,0,0,0
"POINT (8.474326610000048 49.546697514000073)",Unfall 210750 (2024) Kat:3, Licht: 2,210750,3,4,6,10,20,7,0,2,0,0,1,0,0,1
"POINT (8.465046063000045 49.488984618000075)",Unfall 210787 (2024) Kat:3, Licht: 0,210787,3,2,6,10,18,6,0,0,0,1,1,0,0,0
"POINT (8.471285009000042 49.525340135000079)",Unfall 210829 (2024) Kat:3, Licht: 2,210829,3,2,5,10,06,5,0,2,0,1,0,0,0,0
"POINT (8.471416964000070 49.493525532000035)",Unfall 210830 (2024) Kat:3, Licht: 2,210830,3,1,0,10,21,5,1,2,1,0,0,0,0,0
"POINT (8.491190877000065 49.506312532000038)",Unfall 210901 (2024) Kat:3, Licht: 0,210901,3,3,5,10,16,3,0,0,1,1,0,0,0,0
"POINT (8.468077789000063 49.489802258000054)",Unfall 210902 (2024) Kat:3, Licht: 0,210902,3,5,0,10,09,3,0,0,0,0,0,0,1,1
"POINT (8.458328905000030 49.545796843000062)",Unfall 210903 (2024) Kat:3, Licht: 0,210903,3,3,5,10,13,3,0,0,0,1,0,0,0,1
"POINT (8.467130489000056 49.486363964000077)",Unfall 210938 (2024) Kat:3, Licht: 0,210938,3,2,3,10,09,2,0,0,1,1,0,0,0,0
"POINT (8.481309602000067 49.513792577000061)",Unfall 211067 (2024) Kat:3, Licht: 2,211067,3,6,3,10,07,5,1,2,0,1,0,0,1,0
"POINT (8.484159451000039 49.468535206000070)",Unfall 211068 (2024) Kat:3, Licht: 0,211068,3,6,2,10,15,5,1,0,0,1,0,0,0,0
"POINT (8.516677046000041 49.515877799000066)",Unfall 211069 (2024) Kat:3, Licht: 2,211069,3,1,0,10,02,5,0,2,0,0,0,0,0,1
"POINT (8.509595382000043 49.506489347000070)",Unfall 211070 (2024) Kat:3, Licht: 2,211070,3,3,5,10,22,5,1,2,0,1,0,0,0,0
"POINT (8.485504952000042 49.524959135000074)",Unfall 211071 (2024) Kat:3, Licht: 0,211071,3,7,4,10,16,5,1,0,0,1,0,1,0,0
"POINT (8.457565409000040 49.491917994000062)",Unfall 211116 (2024) Kat:3, Licht: 0,211116,3,7,0,10,07,4,1,0,1,0,0,0,0,0
"POINT (8.536046944000077 49.420135055000060)",Unfall 211117 (2024) Kat:2, Licht: 0,211117,2,2,5,10,10,4,1,0,0,1,0,1,0,0
"POINT (8.475093379000043 49.481370891000040)",Unfall 211162 (2024) Kat:3, Licht: 0,211162,3,7,0,10,11,3,1,0,0,0,0,0,0,1
"POINT (8.509697458000062 49.506591486000048)",Unfall 211163 (2024) Kat:3, Licht: 0,211163,3,6,2,10,16,3,0,0,0,1,0,0,0,1
"POINT (8.457486743000061 49.496244915000034)",Unfall 211164 (2024) Kat:3, Licht: 0,211164,3,4,6,10,16,3,1,0,1,0,1,0,0,0
"POINT (8.461348796000038 49.488657861000036)",Unfall 211165 (2024) Kat:3, Licht: 0,211165,3,3,5,10,11,3,1,0,0,1,0,1,0,0
"POINT (8.535071885000036 49.418940216000067)",Unfall 211205 (2024) Kat:3, Licht: 0,211205,3,3,5,10,18,2,1,0,0,1,0,0,0,1
"POINT (8.480971957000065 49.481879575000050)",Unfall 211206 (2024) Kat:3, Licht: 0,211206,3,2,6,10,10,2,0,0,0,1,1,0,0,0
"POINT (8.471423313000059 49.493530058000033)",Unfall 211207 (2024) Kat:3, Licht: 0,211207,3,1,0,10,16,2,1,0,1,0,0,0,0,0
"POINT (8.471428138000022 49.493533499000080)",Unfall 211208 (2024) Kat:3, Licht: 0,211208,3,1,0,10,17,2,1,0,1,0,0,0,0,0
"POINT (8.471712786000069 49.498946680000074)",Unfall 211209 (2024) Kat:3, Licht: 0,211209,3,2,3,10,09,2,1,0,0,1,0,0,0,1
"POINT (8.454386733000035 49.485435977000066)",Unfall 211239 (2024) Kat:3, Licht: 2,211239,3,1,1,10,02,1,0,2,0,1,1,0,0,0
"POINT (8.480447835000064 49.476011077000067)",Unfall 211240 (2024) Kat:3, Licht: 0,211240,3,5,1,10,12,1,0,0,0,1,0,0,0,1
"POINT (8.489262513000028 49.460468200000037)",Unfall 211289 (2024) Kat:3, Licht: 0,211289,3,2,6,10,13,6,0,0,0,1,1,0,0,0
"POINT (8.509462013000075 49.443036105000033)",Unfall 211308 (2024) Kat:2, Licht: 0,211308,2,6,2,10,13,5,0,0,1,1,0,0,0,0
"POINT (8.483206217000031 49.532090446000041)",Unfall 211328 (2024) Kat:3, Licht: 0,211328,3,3,5,10,12,4,0,0,0,1,0,0,0,0
"POINT (8.471452884000030 49.487551977000066)",Unfall 211329 (2024) Kat:3, Licht: 0,211329,3,1,0,10,17,4,0,0,1,0,0,0,0,0
"POINT (8.467795837000040 49.490737324000065)",Unfall 211330 (2024) Kat:3, Licht: 0,211330,3,6,3,10,16,4,0,0,1,1,0,0,0,0
"POINT (8.484172496000042 49.470942504000050)",Unfall 211345 (2024) Kat:3, Licht: 0,211345,3,7,0,10,08,5,1,0,0,0,0,1,0,0
"POINT (8.459176512000056 49.496729376000076)",Unfall 211379 (2024) Kat:3, Licht: 0,211379,3,6,4,10,06,3,0,0,1,0,0,0,0,0
"POINT (8.469413559000031 49.477149147000034)",Unfall 211414 (2024) Kat:3, Licht: 0,211414,3,2,3,12,08,3,0,0,0,1,0,0,0,1
"POINT (8.482881538000072 49.513606952000032)",Unfall 211415 (2024) Kat:3, Licht: 2,211415,3,3,5,12,23,3,0,2,0,1,0,0,0,1
"POINT (8.516096716000050 49.478451466000081)",Unfall 211416 (2024) Kat:2, Licht: 0,211416,2,3,5,12,11,3,1,0,0,1,0,0,0,1
"POINT (8.470727062000037 49.502006169000026)",Unfall 211417 (2024) Kat:3, Licht: 0,211417,3,2,3,12,09,3,1,0,0,1,0,0,0,1
"POINT (8.555900100000031 49.509509377000029)",Unfall 211445 (2024) Kat:3, Licht: 0,211445,3,6,2,12,12,2,1,0,0,1,0,0,0,0
"POINT (8.464973540000074 49.486422894000043)",Unfall 211446 (2024) Kat:3, Licht: 2,211446,3,6,3,12,19,2,1,2,0,1,0,0,0,1
"POINT (8.549941886000056 49.488745365000057)",Unfall 211481 (2024) Kat:3, Licht: 0,211481,3,6,2,11,08,7,2,0,0,1,0,0,0,0
"POINT (8.483698106000077 49.523017884000069)",Unfall 211516 (2024) Kat:3, Licht: 0,211516,3,6,2,11,15,6,0,0,0,1,0,0,0,0
"POINT (8.491783022000050 49.515485064000075)",Unfall 211517 (2024) Kat:3, Licht: 2,211517,3,5,3,11,05,6,1,2,0,1,0,1,0,0
"POINT (8.465142897000021 49.489007835000052)",Unfall 211518 (2024) Kat:3, Licht: 0,211518,3,2,3,11,11,6,0,0,1,0,0,0,0,1
"POINT (8.482127369000068 49.474200587000041)",Unfall 211545 (2024) Kat:3, Licht: 0,211545,3,3,5,11,11,5,0,0,0,1,0,0,0,0
"POINT (8.547143798000036 49.496556656000052)",Unfall 211577 (2024) Kat:3, Licht: 0,211577,3,3,5,11,15,4,0,0,1,0,0,0,0,1
"POINT (8.491391085000032 49.477715291000038)",Unfall 211608 (2024) Kat:3, Licht: 2,211608,3,6,2,11,18,3,1,2,0,1,0,0,0,0
"POINT (8.471429579000073 49.511079578000079)",Unfall 211609 (2024) Kat:2, Licht: 0,211609,2,4,6,11,09,3,0,0,0,0,1,0,0,1
"POINT (8.468395432000023 49.548982528000067)",Unfall 211610 (2024) Kat:2, Licht: 2,211610,2,3,5,11,17,3,1,2,1,1,0,0,0,0
"POINT (8.512697330000037 49.515614734000053)",Unfall 211638 (2024) Kat:3, Licht: 0,211638,3,3,5,11,16,2,0,0,0,1,0,0,0,1
"POINT (8.471549509000056 49.488567263000050)",Unfall 211639 (2024) Kat:3, Licht: 1,211639,3,4,6,11,19,2,1,1,0,1,1,0,0,0
"POINT (8.464069929000061 49.491573466000034)",Unfall 211640 (2024) Kat:3, Licht: 1,211640,3,3,5,11,07,2,0,1,1,1,0,0,0,0
"POINT (8.494531277000021 49.454554965000057)",Unfall 211641 (2024) Kat:3, Licht: 0,211641,3,3,5,11,14,2,0,0,1,1,0,0,0,0
"POINT (8.515708946000075 49.478447727000059)",Unfall 211683 (2024) Kat:3, Licht: 0,211683,3,3,5,11,10,7,0,0,0,1,0,0,0,1
"POINT (8.474448261000020 49.489488871000049)",Unfall 211684 (2024) Kat:3, Licht: 0,211684,3,7,1,11,12,7,0,0,1,0,0,0,0,1
"POINT (8.457422147000045 49.495922949000033)",Unfall 211685 (2024) Kat:3, Licht: 0,211685,3,6,6,11,16,7,0,0,0,0,1,0,0,1
"POINT (8.461249010000074 49.489610389000063)",Unfall 211686 (2024) Kat:3, Licht: 2,211686,3,2,0,11,19,7,0,2,0,1,0,0,0,1
"POINT (8.573769243000072 49.431338627000059)",Unfall 211766 (2024) Kat:3, Licht: 2,211766,3,3,3,11,00,5,0,2,1,0,0,0,0,1
"POINT (8.464800511000021 49.491144645000077)",Unfall 211798 (2024) Kat:3, Licht: 0,211798,3,3,5,11,08,4,1,0,1,1,0,0,0,0
"POINT (8.531288666000023 49.479960595000080)",Unfall 211833 (2024) Kat:3, Licht: 0,211833,3,6,1,11,07,3,1,0,0,1,0,0,0,0
"POINT (8.492099185000029 49.497155551000048)",Unfall 211834 (2024) Kat:2, Licht: 1,211834,2,2,5,11,07,3,1,1,1,1,0,0,0,0
"POINT (8.464616191000061 49.488380341000038)",Unfall 211864 (2024) Kat:3, Licht: 2,211864,3,6,0,11,20,2,0,2,0,0,0,0,0,1
"POINT (8.472256169000048 49.494215416000031)",Unfall 211865 (2024) Kat:3, Licht: 2,211865,3,6,4,11,19,2,1,2,1,0,0,0,0,0
"POINT (8.485704336000026 49.466476595000074)",Unfall 211866 (2024) Kat:2, Licht: 0,211866,2,2,5,11,10,2,1,0,0,1,0,0,0,1
"POINT (8.517145710000023 49.507382609000047)",Unfall 211909 (2024) Kat:3, Licht: 1,211909,3,3,5,11,17,7,0,1,0,1,0,0,0,0
"POINT (8.464582090000022 49.490909278000061)",Unfall 211930 (2024) Kat:3, Licht: 2,211930,3,5,3,11,20,6,0,2,1,1,0,0,0,0
"POINT (8.467121035000048 49.490025848000073)",Unfall 211931 (2024) Kat:3, Licht: 2,211931,3,6,4,11,18,6,0,2,0,0,0,0,0,1
"POINT (8.467559148000021 49.486198954000031)",Unfall 211969 (2024) Kat:3, Licht: 2,211969,3,5,1,11,20,5,0,2,1,1,0,0,0,0
"POINT (8.477327586000058 49.462469162000048)",Unfall 211970 (2024) Kat:3, Licht: 0,211970,3,6,4,11,15,5,0,0,1,0,0,0,0,0
"POINT (8.519603372000063 49.516258254000036)",Unfall 211971 (2024) Kat:3, Licht: 2,211971,3,6,4,11,17,5,1,2,0,1,0,0,0,1
"POINT (8.567606726000065 49.445710580000082)",Unfall 212010 (2024) Kat:3, Licht: 0,212010,3,7,7,11,13,5,0,0,1,0,0,0,0,1
"POINT (8.498945308000032 49.453772264000065)",Unfall 212014 (2024) Kat:3, Licht: 0,212014,3,3,5,11,14,4,1,0,1,1,0,0,0,0
"POINT (8.481652235000070 49.528772278000076)",Unfall 212047 (2024) Kat:3, Licht: 0,212047,3,6,3,11,13,3,0,0,0,0,0,0,0,1
"POINT (8.466259089000062 49.481691726000065)",Unfall 212089 (2024) Kat:3, Licht: 2,212089,3,6,4,11,00,2,1,2,1,0,0,0,0,0
"POINT (8.476727507000021 49.462703740000052)",Unfall 212090 (2024) Kat:3, Licht: 0,212090,3,3,5,11,10,2,1,0,0,1,0,0,0,1
"POINT (8.465725221000071 49.489724668000065)",Unfall 212092 (2024) Kat:3, Licht: 0,212092,3,4,6,11,15,2,1,0,1,0,1,0,0,0
"POINT (8.479830433000075 49.482615511000063)",Unfall 212093 (2024) Kat:3, Licht: 0,212093,3,3,5,11,09,2,1,0,0,1,0,0,0,1
"POINT (8.471314712000037 49.490722570000059)",Unfall 212143 (2024) Kat:3, Licht: 0,212143,3,2,6,11,17,7,0,0,0,1,1,0,0,0
"POINT (8.470551207000028 49.483522035000078)",Unfall 212180 (2024) Kat:3, Licht: 2,212180,3,7,6,11,23,6,0,2,0,1,1,0,0,0
"POINT (8.478517311000076 49.460279177000075)",Unfall 212187 (2024) Kat:3, Licht: 0,212187,3,3,5,11,09,3,1,0,1,0,0,0,0,1
"POINT (8.566201429000046 49.449928493000073)",Unfall 212231 (2024) Kat:3, Licht: 0,212231,3,6,1,11,12,5,0,0,0,1,0,0,1,0
"POINT (8.520435486000054 49.515914819000045)",Unfall 212232 (2024) Kat:3, Licht: 2,212232,3,3,5,11,03,5,0,2,1,1,0,0,0,0
"POINT (8.456513267000048 49.489214325000034)",Unfall 212270 (2024) Kat:3, Licht: 0,212270,3,6,6,11,09,4,0,0,1,0,1,0,0,0
"POINT (8.509534829000074 49.446203913000033)",Unfall 212308 (2024) Kat:3, Licht: 0,212308,3,6,1,11,08,3,0,0,0,1,0,0,0,0
"POINT (8.460072332000038 49.493074811000042)",Unfall 212344 (2024) Kat:3, Licht: 1,212344,3,3,5,11,18,2,1,1,0,0,0,0,0,1
"POINT (8.449665653000068 49.549581867000029)",Unfall 212374 (2024) Kat:3, Licht: 2,212374,3,6,2,11,21,1,0,2,0,1,0,0,0,0
"POINT (8.463408855000068 49.489641467000069)",Unfall 212395 (2024) Kat:3, Licht: 2,212395,3,3,5,11,22,7,0,2,0,1,0,0,0,0
"POINT (8.467954034000059 49.491005765000068)",Unfall 212396 (2024) Kat:3, Licht: 2,212396,3,3,5,11,19,7,0,2,0,1,0,0,0,1
"POINT (8.473404379000044 49.495406346000038)",Unfall 212437 (2024) Kat:3, Licht: 2,212437,3,4,6,11,21,1,0,2,0,0,1,0,0,1
"POINT (8.449267902000031 49.549442510000063)",Unfall 212455 (2024) Kat:2, Licht: 0,212455,2,6,2,10,11,5,0,0,0,1,0,0,0,0
"POINT (8.469798822000030 49.486345760000063)",Unfall 212456 (2024) Kat:3, Licht: 2,212456,3,7,6,10,20,5,1,2,0,1,1,0,0,0
"POINT (8.470351828000048 49.486134419000052)",Unfall 212495 (2024) Kat:3, Licht: 0,212495,3,7,5,10,10,4,0,0,0,1,0,0,0,1
"POINT (8.481574366000075 49.487023507000060)",Unfall 212814 (2024) Kat:3, Licht: 2,212814,3,3,5,12,17,3,1,2,0,1,0,1,0,0
"POINT (8.490215920000026 49.461462403000041)",Unfall 212847 (2024) Kat:3, Licht: 0,212847,3,3,6,12,12,7,0,0,0,1,1,0,0,0
"POINT (8.500279341000066 49.448412853000036)",Unfall 212848 (2024) Kat:3, Licht: 2,212848,3,1,1,12,22,7,1,2,0,1,0,0,1,0
"POINT (8.528901042000030 49.436073080000028)",Unfall 212861 (2024) Kat:3, Licht: 0,212861,3,6,4,12,09,6,0,0,0,1,0,0,0,0
"POINT (8.562276832000066 49.435972674000027)",Unfall 212871 (2024) Kat:3, Licht: 2,212871,3,6,4,12,18,5,1,2,0,1,0,0,0,0
"POINT (8.468356147000065 49.546595250000053)",Unfall 212885 (2024) Kat:3, Licht: 2,212885,3,3,5,12,00,3,0,2,0,1,0,0,0,0
"POINT (8.536295016000054 49.421594779000031)",Unfall 212910 (2024) Kat:3, Licht: 0,212910,3,3,5,12,11,2,1,0,0,1,0,0,0,0
"POINT (8.467106218000026 49.501017670000067)",Unfall 212919 (2024) Kat:3, Licht: 0,212919,3,3,5,12,14,1,0,0,0,1,0,1,0,0
"POINT (8.472921976000066 49.479496609000080)",Unfall 212939 (2024) Kat:3, Licht: 0,212939,3,4,6,12,14,7,0,0,0,1,1,0,0,0
"POINT (8.467099681000036 49.484994234000055)",Unfall 212940 (2024) Kat:3, Licht: 2,212940,3,3,5,12,17,7,0,2,1,1,0,0,0,0
"POINT (8.474421548000066 49.482790329000068)",Unfall 212941 (2024) Kat:3, Licht: 2,212941,3,5,1,12,01,7,0,2,0,1,0,0,0,1
"POINT (8.501713162000044 49.504178336000052)",Unfall 212967 (2024) Kat:2, Licht: 2,212967,2,2,5,12,07,6,0,2,0,1,0,0,0,1
"POINT (8.481731825000054 49.525800440000069)",Unfall 213003 (2024) Kat:3, Licht: 0,213003,3,3,5,12,11,5,1,0,1,1,0,0,0,0
"POINT (8.481653838000057 49.485984420000079)",Unfall 213004 (2024) Kat:3, Licht: 2,213004,3,4,6,12,22,5,0,2,0,1,1,0,0,0
"POINT (8.463727051000035 49.488789527000051)",Unfall 213005 (2024) Kat:3, Licht: 2,213005,3,3,5,12,17,5,1,2,1,1,0,0,0,0
"POINT (8.484151339000050 49.469854480000038)",Unfall 213079 (2024) Kat:3, Licht: 2,213079,3,6,2,12,06,3,0,2,0,1,0,1,0,0
"POINT (8.566748336000046 49.460248822000040)",Unfall 213108 (2024) Kat:3, Licht: 0,213108,3,3,5,12,15,2,0,0,1,1,0,0,0,0
"POINT (8.456694275000075 49.492043154000044)",Unfall 213110 (2024) Kat:3, Licht: 0,213110,3,6,2,12,08,2,0,0,0,1,0,0,0,0
"POINT (8.471287036000035 49.492728112000066)",Unfall 213146 (2024) Kat:3, Licht: 0,213146,3,6,0,12,10,2,1,0,0,1,0,1,0,0
"POINT (8.476500454000075 49.465110539000079)",Unfall 213242 (2024) Kat:3, Licht: 2,213242,3,3,5,12,17,4,0,2,1,1,0,0,0,0
"POINT (8.470293801000025 49.493555009000033)",Unfall 213243 (2024) Kat:3, Licht: 2,213243,3,7,0,12,07,4,0,2,1,0,0,0,0,0
"POINT (8.469119233000072 49.464693053000076)",Unfall 213325 (2024) Kat:3, Licht: 0,213325,3,7,5,12,14,2,0,0,0,1,0,0,0,0
"POINT (8.480979516000048 49.535643217000029)",Unfall 213360 (2024) Kat:3, Licht: 2,213360,3,3,5,12,18,7,1,2,1,1,0,0,0,0
"POINT (8.477646491000030 49.478411006000044)",Unfall 213362 (2024) Kat:3, Licht: 0,213362,3,3,5,12,12,7,1,0,0,1,0,0,0,0
"POINT (8.473860832000071 49.546686985000065)",Unfall 213363 (2024) Kat:3, Licht: 0,213363,3,2,5,12,11,7,1,0,1,1,0,0,0,0
"POINT (8.500228759000038 49.520017292000034)",Unfall 213427 (2024) Kat:3, Licht: 0,213427,3,7,6,12,12,5,0,0,0,0,1,0,0,1
"POINT (8.470513474000029 49.502154323000070)",Unfall 213428 (2024) Kat:3, Licht: 0,213428,3,5,1,12,10,5,0,0,0,1,0,0,0,0
"POINT (8.474916534000045 49.465022453000074)",Unfall 213446 (2024) Kat:3, Licht: 0,213446,3,2,3,12,15,2,1,0,1,1,0,0,0,0
"POINT (8.480966447000071 49.534492054000054)",Unfall 264828 (2024) Kat:3, Licht: 0,264828,3,4,6,02,15,1,1,0,1,0,1,0,0,0
"POINT (8.481231089000062 49.533490676000042)",Unfall 264873 (2024) Kat:3, Licht: 0,264873,3,3,5,03,12,2,0,0,1,1,0,0,0,0
"POINT (8.486661358000049 49.496324633000029)",Unfall 264877 (2024) Kat:3, Licht: 0,264877,3,5,9,03,12,3,1,0,1,1,0,0,0,0
"POINT (8.487939236000045 49.497132683000075)",Unfall 264880 (2024) Kat:3, Licht: 0,264880,3,3,5,03,12,5,0,0,1,1,0,0,0,0
"POINT (8.477166164000039 49.491898341000081)",Unfall 264881 (2024) Kat:3, Licht: 0,264881,3,6,4,03,17,5,0,0,1,0,0,0,0,0
"POINT (8.505465587000060 49.506896997000069)",Unfall 264885 (2024) Kat:3, Licht: 0,264885,3,7,0,03,08,6,0,0,1,0,0,0,0,0
"POINT (8.525374579000072 49.436114619000080)",Unfall 264931 (2024) Kat:3, Licht: 0,264931,3,5,3,04,14,4,1,0,1,1,0,0,0,0
"POINT (8.473546268000064 49.548506821000046)",Unfall 264973 (2024) Kat:3, Licht: 0,264973,3,3,5,04,12,6,0,0,1,1,0,0,0,0
"POINT (8.458092784000030 49.490875044000063)",Unfall 264986 (2024) Kat:3, Licht: 0,264986,3,7,0,04,18,1,0,0,1,0,1,0,0,0
"POINT (8.518084510000051 49.535312929000042)",Unfall 265019 (2024) Kat:2, Licht: 0,265019,2,3,5,04,17,5,0,0,1,0,0,0,0,0
"POINT (8.506874144000051 49.471660230000055)",Unfall 265154 (2024) Kat:3, Licht: 0,265154,3,6,3,05,15,7,0,0,1,0,0,0,0,0
"POINT (8.525318809000055 49.509702170000025)",Unfall 265183 (2024) Kat:3, Licht: 0,265183,3,6,4,05,17,7,0,0,1,0,0,0,0,1
"POINT (8.487464278000061 49.497211799000070)",Unfall 265266 (2024) Kat:3, Licht: 0,265266,3,7,0,06,17,2,0,0,1,0,0,0,0,0
"POINT (8.464235187000043 49.481836714000053)",Unfall 265277 (2024) Kat:3, Licht: 0,265277,3,3,5,06,10,5,0,0,1,1,0,0,0,0
"POINT (8.517954180000061 49.479616487000044)",Unfall 265307 (2024) Kat:2, Licht: 0,265307,2,7,0,06,16,2,0,0,1,0,0,0,0,0
"POINT (8.495673578000037 49.501858101000039)",Unfall 265468 (2024) Kat:3, Licht: 0,265468,3,3,5,07,19,4,0,0,1,1,0,0,0,0
"POINT (8.533048390000033 49.448254828000074)",Unfall 265796 (2024) Kat:3, Licht: 0,265796,3,7,0,08,17,2,0,0,1,0,0,0,0,0
