WKT,Name,OBJECTID,UKATEGORIE,UTYP1,UART,UMONAT,USTUNDE,UWOCHENTAG,STRZUSTAND,ULICHTVERH,ISTRAD,ISTPKW,ISTFUSS,ISTKRAD
"POINT (9.664369877000070 52.171031603000074)",Unfall 58945 (2020) Kat:3, Licht: 1,58945,3,7,6,01,17,1,0,1,0,1,1,0
"POINT (9.626204400000063 52.329300764000038)",Unfall 58946 (2020) Kat:3, Licht: 0,58946,3,1,9,01,11,1,1,0,0,1,0,0
"POINT (9.908779313000025 52.396228667000059)",Unfall 58947 (2020) Kat:3, Licht: 2,58947,3,6,8,01,21,1,0,2,0,1,0,0
"POINT (9.593493331000047 52.423461879000058)",Unfall 58948 (2020) Kat:3, Licht: 0,58948,3,6,2,01,14,1,0,0,0,1,0,0
"POINT (9.753767690000075 52.288173415000074)",Unfall 58949 (2020) Kat:2, Licht: 2,58949,2,1,9,01,02,1,1,2,0,1,0,0
"POINT (9.412738292000029 52.332952201000069)",Unfall 58979 (2020) Kat:3, Licht: 0,58979,3,6,2,01,11,7,1,0,0,1,0,0
"POINT (9.722285210000052 52.378315883000027)",Unfall 59019 (2020) Kat:3, Licht: 0,59019,3,2,3,01,12,6,1,0,0,1,0,0
"POINT (9.427987030000054 52.562787279000077)",Unfall 59020 (2020) Kat:3, Licht: 0,59020,3,6,9,01,08,6,1,0,0,1,0,0
"POINT (9.995817589000069 52.455206476000058)",Unfall 59021 (2020) Kat:3, Licht: 0,59021,3,3,5,01,11,6,1,0,0,1,0,0
"POINT (9.786769365000055 52.389908351000031)",Unfall 59022 (2020) Kat:3, Licht: 2,59022,3,6,2,01,18,6,1,2,0,1,0,0
"POINT (9.768711431000043 52.338185677000070)",Unfall 59023 (2020) Kat:3, Licht: 2,59023,3,2,6,01,17,6,1,2,0,1,1,0
"POINT (9.732946786000071 52.421038550000048)",Unfall 59024 (2020) Kat:3, Licht: 2,59024,3,6,2,01,06,6,0,2,0,1,0,0
"POINT (9.606127108000067 52.314027493000026)",Unfall 59052 (2020) Kat:3, Licht: 0,59052,3,6,2,01,12,5,0,0,0,1,0,0
"POINT (9.695987528000046 52.379878196000050)",Unfall 59053 (2020) Kat:3, Licht: 0,59053,3,6,2,01,11,5,1,0,0,1,0,0
"POINT (9.833550593000041 52.421019006000051)",Unfall 59054 (2020) Kat:3, Licht: 0,59054,3,6,2,01,09,5,1,0,0,1,0,0
"POINT (9.828598898000053 52.306735107000065)",Unfall 59080 (2020) Kat:3, Licht: 0,59080,3,6,2,01,13,4,0,0,0,1,0,0
"POINT (9.816317951000031 52.403769804000035)",Unfall 59081 (2020) Kat:2, Licht: 2,59081,2,6,3,01,01,4,1,2,0,1,0,0
"POINT (9.845874808000076 52.355077041000072)",Unfall 59082 (2020) Kat:3, Licht: 2,59082,3,6,2,01,01,4,0,2,0,1,0,0
"POINT (9.643285880000065 52.207296566000082)",Unfall 59253 (2020) Kat:3, Licht: 0,59253,3,1,8,01,15,6,1,0,0,1,0,0
"POINT (9.442326119000029 52.416783594000037)",Unfall 59260 (2020) Kat:3, Licht: 2,59260,3,3,5,01,17,4,0,2,1,1,0,0
"POINT (9.735563261000038 52.394512892000080)",Unfall 59266 (2020) Kat:2, Licht: 2,59266,2,4,6,01,07,6,1,2,0,1,1,0
"POINT (9.638946630000021 52.415746268000078)",Unfall 59268 (2020) Kat:3, Licht: 2,59268,3,6,2,01,05,3,1,2,0,1,0,0
"POINT (9.726655431000040 52.380950618000043)",Unfall 59274 (2020) Kat:3, Licht: 0,59274,3,6,2,01,08,3,1,0,0,1,0,0
"POINT (9.719076665000046 52.279261574000031)",Unfall 59278 (2020) Kat:3, Licht: 2,59278,3,1,8,01,21,3,0,2,0,1,0,0
"POINT (9.854433191000055 52.565745084000071)",Unfall 59280 (2020) Kat:3, Licht: 0,59280,3,2,2,01,12,3,1,0,0,1,0,0
"POINT (9.458385884000052 52.376560608000034)",Unfall 59283 (2020) Kat:2, Licht: 2,59283,2,1,8,01,22,3,0,2,0,1,0,0
"POINT (10.125509152000063 52.371926927000061)",Unfall 59285 (2020) Kat:3, Licht: 0,59285,3,3,5,01,09,7,0,0,0,1,0,0
"POINT (9.722120634000021 52.326840446000062)",Unfall 59305 (2020) Kat:3, Licht: 2,59305,3,6,2,01,18,5,1,2,0,1,0,0
"POINT (9.789952837000044 52.559334090000050)",Unfall 59310 (2020) Kat:3, Licht: 0,59310,3,6,2,01,13,6,1,0,0,1,0,0
"POINT (9.778008896000074 52.327923977000069)",Unfall 59315 (2020) Kat:3, Licht: 0,59315,3,6,2,01,12,6,0,0,0,1,0,0
"POINT (9.628200588000027 52.212522469000078)",Unfall 59328 (2020) Kat:3, Licht: 0,59328,3,2,6,01,08,7,1,0,0,0,1,0
"POINT (9.836727988000064 52.490071333000060)",Unfall 59334 (2020) Kat:3, Licht: 2,59334,3,6,2,01,17,4,1,2,0,1,0,0
"POINT (9.859999636000055 52.433952490000081)",Unfall 59372 (2020) Kat:3, Licht: 2,59372,3,3,5,01,07,6,1,2,1,1,0,0
"POINT (9.697642043000030 52.377150839000080)",Unfall 59380 (2020) Kat:3, Licht: 2,59380,3,6,2,01,18,4,1,2,0,1,0,0
"POINT (9.784042588000034 52.359383663000074)",Unfall 59385 (2020) Kat:3, Licht: 0,59385,3,6,2,01,10,6,1,0,0,1,0,0
"POINT (9.875511349000021 52.425004101000070)",Unfall 59393 (2020) Kat:3, Licht: 1,59393,3,6,2,01,07,4,1,1,0,1,0,0
"POINT (9.721787916000039 52.317111856000054)",Unfall 59403 (2020) Kat:3, Licht: 0,59403,3,6,2,01,15,2,0,0,0,1,0,0
"POINT (9.462746812000034 52.513095316000033)",Unfall 59405 (2020) Kat:3, Licht: 0,59405,3,6,2,01,13,7,0,0,0,1,0,0
"POINT (9.881400013000075 52.435586084000079)",Unfall 59409 (2020) Kat:3, Licht: 2,59409,3,2,2,01,19,2,1,2,0,1,0,0
"POINT (9.581696063000038 52.368265798000039)",Unfall 59425 (2020) Kat:3, Licht: 0,59425,3,5,1,01,11,5,1,0,1,0,0,0
"POINT (9.698006985000063 52.375215401000048)",Unfall 59430 (2020) Kat:3, Licht: 0,59430,3,6,0,01,15,6,0,0,1,0,1,0
"POINT (9.746061533000045 52.210663377000060)",Unfall 59449 (2020) Kat:3, Licht: 2,59449,3,7,9,01,05,7,0,2,0,0,0,0
"POINT (9.569878291000066 52.450502283000048)",Unfall 59456 (2020) Kat:3, Licht: 0,59456,3,3,5,01,13,4,1,0,0,1,0,0
"POINT (10.081781280000030 52.479583795000053)",Unfall 59462 (2020) Kat:3, Licht: 0,59462,3,1,0,01,12,7,0,0,0,1,0,0
"POINT (9.742933669000024 52.368454808000081)",Unfall 59484 (2020) Kat:2, Licht: 2,59484,2,3,5,01,17,5,1,2,1,0,0,0
"POINT (9.918229192000069 52.395242673000041)",Unfall 59488 (2020) Kat:3, Licht: 0,59488,3,6,2,01,08,6,0,0,0,1,0,0
"POINT (9.761245831000053 52.346135676000074)",Unfall 59493 (2020) Kat:3, Licht: 0,59493,3,3,5,01,07,6,1,0,1,1,0,0
"POINT (9.662380613000039 52.385014438000042)",Unfall 59512 (2020) Kat:3, Licht: 2,59512,3,3,5,01,06,4,1,2,0,1,0,1
"POINT (9.510155321000070 52.412777598000048)",Unfall 59522 (2020) Kat:3, Licht: 0,59522,3,6,2,01,14,7,0,0,0,1,0,0
"POINT (9.434553798000025 52.442945015000078)",Unfall 59539 (2020) Kat:3, Licht: 0,59539,3,2,2,01,13,3,0,0,0,1,0,0
"POINT (9.782185712000057 52.325118186000054)",Unfall 59540 (2020) Kat:3, Licht: 1,59540,3,2,5,01,07,6,1,1,1,1,0,0
"POINT (9.659951330000069 52.318412193000029)",Unfall 59546 (2020) Kat:3, Licht: 1,59546,3,3,5,01,16,3,0,1,1,1,0,0
"POINT (9.564088808000065 52.441036099000030)",Unfall 59549 (2020) Kat:3, Licht: 0,59549,3,5,0,01,11,3,0,0,0,0,0,0
"POINT (9.970477929000026 52.368557516000067)",Unfall 59552 (2020) Kat:3, Licht: 2,59552,3,5,1,01,16,3,0,2,0,1,0,0
"POINT (9.740278791000037 52.368041658000038)",Unfall 59564 (2020) Kat:3, Licht: 1,59564,3,3,5,01,16,1,0,1,1,0,0,0
"POINT (10.020596491000049 52.458155539000074)",Unfall 59565 (2020) Kat:3, Licht: 2,59565,3,6,2,01,17,3,0,2,0,1,0,0
"POINT (9.812340130000052 52.400127467000061)",Unfall 59569 (2020) Kat:3, Licht: 0,59569,3,6,3,01,07,3,0,0,0,1,0,0
"POINT (9.691274357000054 52.332127824000054)",Unfall 59579 (2020) Kat:3, Licht: 0,59579,3,6,2,01,11,6,0,0,0,1,0,0
"POINT (9.653246875000036 52.409115948000078)",Unfall 59597 (2020) Kat:3, Licht: 0,59597,3,6,2,01,13,6,0,0,0,1,0,0
"POINT (9.729183130000024 52.491616010000030)",Unfall 59604 (2020) Kat:3, Licht: 2,59604,3,2,5,01,07,2,1,2,0,1,0,0
"POINT (9.448651014000063 52.439111993000040)",Unfall 59612 (2020) Kat:3, Licht: 0,59612,3,3,5,01,08,6,0,0,1,1,0,0
"POINT (9.780485018000036 52.270050041000047)",Unfall 59619 (2020) Kat:3, Licht: 2,59619,3,6,2,01,21,1,1,2,0,1,0,0
"POINT (9.480077432000030 52.300995318000048)",Unfall 59658 (2020) Kat:3, Licht: 0,59658,3,6,0,01,15,2,0,0,0,1,0,0
"POINT (9.780496530000050 52.270026459000064)",Unfall 59666 (2020) Kat:3, Licht: 0,59666,3,6,2,01,13,6,0,0,0,1,0,0
"POINT (9.732183348000035 52.383011590000081)",Unfall 59668 (2020) Kat:3, Licht: 2,59668,3,6,4,01,18,5,0,2,1,0,0,0
"POINT (9.458030700000052 52.376355656000044)",Unfall 59671 (2020) Kat:3, Licht: 0,59671,3,6,2,01,13,5,0,0,0,1,0,0
"POINT (9.599389374000054 52.150228098000071)",Unfall 59672 (2020) Kat:3, Licht: 0,59672,3,1,1,01,08,6,2,0,0,1,1,0
"POINT (9.752320644000065 52.357771837000030)",Unfall 59674 (2020) Kat:3, Licht: 0,59674,3,4,6,01,11,5,0,0,1,0,1,0
"POINT (9.780648935000045 52.364971997000055)",Unfall 59676 (2020) Kat:3, Licht: 0,59676,3,7,9,01,13,5,0,0,0,1,0,0
"POINT (9.815066280000053 52.303732303000061)",Unfall 59679 (2020) Kat:3, Licht: 0,59679,3,2,6,01,09,5,1,0,0,1,1,0
"POINT (9.972979824000049 52.315264337000031)",Unfall 59680 (2020) Kat:3, Licht: 0,59680,3,3,5,01,16,7,0,0,0,1,0,0
"POINT (9.611257796000075 52.392048693000049)",Unfall 59683 (2020) Kat:3, Licht: 0,59683,3,3,5,01,13,6,0,0,1,1,0,0
"POINT (9.759050634000062 52.370325187000049)",Unfall 59713 (2020) Kat:3, Licht: 2,59713,3,3,5,01,20,1,0,2,0,1,0,0
"POINT (10.006563964000065 52.514024059000064)",Unfall 59729 (2020) Kat:3, Licht: 2,59729,3,3,5,01,17,6,0,2,0,1,0,0
"POINT (9.629209581000055 52.421773429000041)",Unfall 59733 (2020) Kat:3, Licht: 1,59733,3,6,2,01,07,2,1,1,0,1,0,0
"POINT (9.712505705000069 52.403059362000079)",Unfall 59745 (2020) Kat:3, Licht: 2,59745,3,6,2,01,17,6,0,2,0,1,0,0
"POINT (9.865084529000058 52.304579142000080)",Unfall 59754 (2020) Kat:3, Licht: 0,59754,3,1,9,01,15,7,0,0,0,1,0,0
"POINT (9.747825049000028 52.427300112000069)",Unfall 59761 (2020) Kat:3, Licht: 0,59761,3,6,2,01,14,6,0,0,0,1,0,0
"POINT (9.671693889000039 52.358471576000056)",Unfall 59791 (2020) Kat:3, Licht: 2,59791,3,5,1,01,19,4,0,2,1,1,0,0
"POINT (9.456905367000047 52.488319247000049)",Unfall 59793 (2020) Kat:3, Licht: 0,59793,3,6,3,01,13,4,0,0,1,0,0,0
"POINT (9.725241334000032 52.563567910000074)",Unfall 59795 (2020) Kat:3, Licht: 0,59795,3,3,5,01,12,4,0,0,1,1,0,0
"POINT (9.731478113000037 52.438672425000050)",Unfall 59796 (2020) Kat:3, Licht: 2,59796,3,3,5,01,06,4,0,2,1,1,0,0
"POINT (10.146540102000074 52.462834417000067)",Unfall 59799 (2020) Kat:3, Licht: 2,59799,3,2,2,01,17,4,0,2,0,1,0,0
"POINT (10.106161228000076 52.456766792000053)",Unfall 59800 (2020) Kat:3, Licht: 0,59800,3,6,2,01,07,4,0,0,0,1,0,0
"POINT (9.802981365000051 52.538848869000049)",Unfall 59801 (2020) Kat:3, Licht: 2,59801,3,6,2,01,17,4,0,2,0,0,0,0
"POINT (9.702451646000043 52.347362613000030)",Unfall 59803 (2020) Kat:3, Licht: 2,59803,3,7,0,01,20,2,1,2,1,0,0,0
"POINT (9.669365459000062 52.346679748000042)",Unfall 59804 (2020) Kat:3, Licht: 0,59804,3,4,6,01,14,4,0,0,0,1,1,0
"POINT (9.437085581000076 52.467088158000081)",Unfall 59807 (2020) Kat:3, Licht: 2,59807,3,3,5,01,06,2,1,2,0,1,0,1
"POINT (9.768638171000021 52.337961091000068)",Unfall 59808 (2020) Kat:3, Licht: 0,59808,3,2,6,01,12,4,0,0,0,1,1,0
"POINT (9.647551587000066 52.397019336000028)",Unfall 59809 (2020) Kat:3, Licht: 1,59809,3,2,3,01,07,2,1,1,1,1,0,0
"POINT (9.451340638000033 52.423976854000045)",Unfall 59816 (2020) Kat:3, Licht: 2,59816,3,6,2,01,07,2,1,2,0,1,0,0
"POINT (9.735244088000059 52.394470225000077)",Unfall 59818 (2020) Kat:2, Licht: 0,59818,2,4,0,01,14,6,0,0,1,0,1,0
"POINT (9.829543930000057 52.457301558000040)",Unfall 59822 (2020) Kat:2, Licht: 1,59822,2,2,5,01,08,6,0,1,0,1,0,0
"POINT (9.802930535000030 52.407231865000028)",Unfall 59825 (2020) Kat:3, Licht: 0,59825,3,4,6,01,08,2,1,0,1,0,1,0
"POINT (9.684896220000042 52.379633381000076)",Unfall 59830 (2020) Kat:3, Licht: 0,59830,3,7,0,01,08,7,0,0,0,0,0,0
"POINT (9.477456643000039 52.387450512000044)",Unfall 59831 (2020) Kat:3, Licht: 2,59831,3,6,2,01,06,2,1,2,0,1,0,0
"POINT (9.761538400000063 52.335696301000041)",Unfall 59833 (2020) Kat:3, Licht: 0,59833,3,3,5,01,11,6,0,0,1,1,0,0
"POINT (9.784959887000071 52.320668510000075)",Unfall 59839 (2020) Kat:3, Licht: 2,59839,3,6,2,01,18,1,0,2,0,1,0,0
"POINT (10.115111262000028 52.355715129000032)",Unfall 59840 (2020) Kat:3, Licht: 0,59840,3,3,5,01,14,2,0,0,0,1,0,0
"POINT (9.968836201000045 52.315184044000034)",Unfall 59843 (2020) Kat:3, Licht: 0,59843,3,2,6,01,09,2,1,0,0,1,1,0
"POINT (9.722326704000068 52.378475730000048)",Unfall 59849 (2020) Kat:3, Licht: 0,59849,3,6,2,01,12,2,1,0,0,1,0,0
"POINT (9.733368107000047 52.210084404000042)",Unfall 59857 (2020) Kat:1, Licht: 0,59857,1,1,4,01,08,2,1,0,0,1,0,0
"POINT (9.809056135000049 52.318135648000066)",Unfall 59861 (2020) Kat:3, Licht: 0,59861,3,2,2,01,10,2,1,0,0,1,0,0
"POINT (9.614094973000022 52.450625104000039)",Unfall 59878 (2020) Kat:3, Licht: 2,59878,3,1,8,01,19,2,1,2,0,1,0,0
"POINT (9.787100998000028 52.563781627000026)",Unfall 59890 (2020) Kat:3, Licht: 0,59890,3,6,2,01,12,6,0,0,0,1,0,0
"POINT (9.642988824000042 52.397059036000030)",Unfall 59899 (2020) Kat:1, Licht: 0,59899,1,4,6,01,15,7,0,0,0,1,1,0
"POINT (9.718510295000044 52.346537179000052)",Unfall 59903 (2020) Kat:3, Licht: 0,59903,3,2,5,01,10,3,0,0,0,1,0,0
"POINT (9.797987791000026 52.413122089000069)",Unfall 59913 (2020) Kat:3, Licht: 0,59913,3,4,6,01,12,5,0,0,0,1,1,0
"POINT (9.654420191000043 52.407951119000074)",Unfall 59921 (2020) Kat:3, Licht: 0,59921,3,6,2,01,15,2,0,0,0,1,0,0
"POINT (9.963804298000071 52.313296681000054)",Unfall 59939 (2020) Kat:3, Licht: 2,59939,3,4,0,01,07,2,1,2,0,1,1,0
"POINT (9.711930307000046 52.405234901000028)",Unfall 59944 (2020) Kat:3, Licht: 0,59944,3,1,8,01,12,3,1,0,0,0,0,0
"POINT (9.813471325000023 52.318957310000030)",Unfall 59951 (2020) Kat:3, Licht: 2,59951,3,6,8,01,19,6,1,2,0,1,0,0
"POINT (10.150415543000065 52.463904253000067)",Unfall 59960 (2020) Kat:2, Licht: 1,59960,2,3,5,01,07,2,1,1,0,1,0,0
"POINT (9.834484871000029 52.420867696000073)",Unfall 59963 (2020) Kat:3, Licht: 0,59963,3,6,2,01,12,1,1,0,0,1,0,1
"POINT (9.968361411000046 52.367458263000060)",Unfall 59965 (2020) Kat:3, Licht: 2,59965,3,2,6,01,20,3,1,2,0,1,1,0
"POINT (9.688615967000033 52.374885085000074)",Unfall 59970 (2020) Kat:2, Licht: 0,59970,2,3,5,01,08,6,0,0,1,1,0,0
"POINT (9.779467023000052 52.377448680000043)",Unfall 59971 (2020) Kat:3, Licht: 0,59971,3,6,2,01,07,4,1,0,0,1,0,0
"POINT (9.508446548000052 52.413001456000075)",Unfall 59973 (2020) Kat:3, Licht: 0,59973,3,2,2,01,16,5,0,0,0,1,0,0
"POINT (9.654853526000068 52.407518860000039)",Unfall 59974 (2020) Kat:3, Licht: 0,59974,3,6,2,01,14,4,1,0,0,1,0,0
"POINT (9.735674002000053 52.402791866000030)",Unfall 59980 (2020) Kat:3, Licht: 2,59980,3,4,6,01,07,3,1,2,0,0,1,0
"POINT (10.166835444000071 52.433878022000044)",Unfall 60017 (2020) Kat:3, Licht: 2,60017,3,3,5,01,18,2,1,2,0,1,0,0
"POINT (10.096503010000049 52.364827594000076)",Unfall 60020 (2020) Kat:1, Licht: 2,60020,1,1,9,01,21,1,0,2,0,1,0,0
"POINT (9.793862227000034 52.394736318000071)",Unfall 60022 (2020) Kat:3, Licht: 0,60022,3,6,2,01,10,2,1,0,0,1,0,0
"POINT (9.474242929000070 52.389279571000031)",Unfall 60029 (2020) Kat:3, Licht: 2,60029,3,3,5,01,17,7,0,2,0,1,0,0
"POINT (9.734251785000026 52.387021808000043)",Unfall 60033 (2020) Kat:3, Licht: 0,60033,3,6,2,01,15,6,0,0,0,1,0,0
"POINT (9.581315876000076 52.423557344000073)",Unfall 60040 (2020) Kat:3, Licht: 0,60040,3,6,2,01,12,3,1,0,0,1,0,0
"POINT (9.717934813000056 52.608554899000069)",Unfall 60045 (2020) Kat:3, Licht: 0,60045,3,2,5,01,14,3,1,0,0,1,0,0
"POINT (9.724448536000068 52.336927664000029)",Unfall 60048 (2020) Kat:3, Licht: 0,60048,3,6,2,01,16,4,1,0,0,1,0,0
"POINT (9.551474219000056 52.322745824000037)",Unfall 60052 (2020) Kat:3, Licht: 0,60052,3,2,5,01,15,4,1,0,0,1,0,0
"POINT (9.727238959000033 52.366798702000040)",Unfall 60061 (2020) Kat:3, Licht: 1,60061,3,3,0,01,07,4,1,1,0,1,0,0
"POINT (9.611806982000076 52.217813083000067)",Unfall 60075 (2020) Kat:2, Licht: 1,60075,2,1,8,01,07,5,1,1,0,1,0,0
"POINT (9.558282893000069 52.422646335000081)",Unfall 60100 (2020) Kat:3, Licht: 2,60100,3,6,6,01,17,2,1,2,1,0,1,0
"POINT (9.708026137000047 52.420909689000041)",Unfall 60109 (2020) Kat:3, Licht: 0,60109,3,2,4,01,16,4,1,0,0,1,0,0
"POINT (9.473512141000072 52.299325396000029)",Unfall 60113 (2020) Kat:3, Licht: 0,60113,3,2,2,01,14,6,0,0,0,1,0,0
"POINT (9.834492132000037 52.420863006000047)",Unfall 60125 (2020) Kat:3, Licht: 0,60125,3,6,2,01,12,1,1,0,0,1,0,0
"POINT (9.998758471000031 52.493680533000031)",Unfall 60127 (2020) Kat:3, Licht: 0,60127,3,1,8,01,13,3,1,0,0,1,0,0
"POINT (9.706584707000047 52.424096228000053)",Unfall 60130 (2020) Kat:3, Licht: 0,60130,3,7,0,01,14,4,1,0,0,0,0,0
"POINT (9.778651823000075 52.370653857000036)",Unfall 60132 (2020) Kat:3, Licht: 0,60132,3,6,2,01,13,6,0,0,0,1,0,0
"POINT (9.817890826000053 52.428019623000068)",Unfall 60134 (2020) Kat:3, Licht: 0,60134,3,6,2,01,12,4,1,0,0,1,0,0
"POINT (9.733311607000076 52.421046590000060)",Unfall 60135 (2020) Kat:3, Licht: 0,60135,3,2,3,01,08,5,1,0,0,1,0,0
"POINT (9.507099192000055 52.407920683000043)",Unfall 60142 (2020) Kat:3, Licht: 0,60142,3,1,9,01,11,3,1,0,0,1,0,0
"POINT (9.501432333000025 52.289422667000053)",Unfall 60145 (2020) Kat:3, Licht: 0,60145,3,7,6,01,08,4,1,0,0,1,1,0
"POINT (9.771189795000055 52.371056842000030)",Unfall 60154 (2020) Kat:3, Licht: 1,60154,3,3,5,01,07,3,0,1,1,1,0,0
"POINT (9.735024147000047 52.393409859000030)",Unfall 60157 (2020) Kat:3, Licht: 0,60157,3,6,2,01,07,3,0,0,0,1,0,0
"POINT (9.816812233000064 52.285542180000050)",Unfall 60160 (2020) Kat:3, Licht: 2,60160,3,6,2,01,18,2,1,2,0,1,0,0
"POINT (9.798467753000068 52.412234215000069)",Unfall 60164 (2020) Kat:3, Licht: 0,60164,3,4,0,01,13,3,0,0,0,1,1,0
"POINT (9.725829482000052 52.232243171000050)",Unfall 60173 (2020) Kat:3, Licht: 0,60173,3,1,9,01,09,3,2,0,0,1,0,0
"POINT (9.613515867000047 52.392188865000037)",Unfall 60177 (2020) Kat:3, Licht: 0,60177,3,3,5,01,13,3,0,0,0,1,0,0
"POINT (9.720544189000066 52.458764109000072)",Unfall 60180 (2020) Kat:3, Licht: 2,60180,3,3,5,01,18,2,1,2,0,1,0,0
"POINT (9.781561910000050 52.424883783000041)",Unfall 60183 (2020) Kat:3, Licht: 2,60183,3,7,0,01,01,1,1,2,1,0,0,0
"POINT (9.618185119000032 52.428725765000081)",Unfall 60185 (2020) Kat:3, Licht: 2,60185,3,2,5,01,17,3,1,2,0,1,0,0
"POINT (9.668115619000048 52.343675491000056)",Unfall 60186 (2020) Kat:3, Licht: 2,60186,3,4,6,01,17,3,0,2,0,1,1,0
"POINT (9.483958610000059 52.292490394000026)",Unfall 60192 (2020) Kat:3, Licht: 0,60192,3,5,1,01,10,3,0,0,0,1,0,0
"POINT (9.815471067000033 52.363546811000049)",Unfall 60196 (2020) Kat:2, Licht: 0,60196,2,2,6,01,10,3,0,0,0,1,1,0
"POINT (9.690151421000053 52.374781812000037)",Unfall 60197 (2020) Kat:3, Licht: 0,60197,3,6,2,01,09,6,1,0,0,1,0,0
"POINT (9.735589080000068 52.394644884000058)",Unfall 60199 (2020) Kat:3, Licht: 2,60199,3,2,5,01,07,2,1,2,1,1,0,0
"POINT (9.838871592000032 52.274695424000072)",Unfall 60203 (2020) Kat:3, Licht: 0,60203,3,6,4,01,11,1,0,0,0,1,0,0
"POINT (9.668127990000073 52.343876224000041)",Unfall 60205 (2020) Kat:2, Licht: 1,60205,2,2,6,01,16,3,1,1,0,1,1,0
"POINT (9.759734675000061 52.427191505000053)",Unfall 60206 (2020) Kat:3, Licht: 2,60206,3,6,2,01,03,3,0,2,0,1,0,0
"POINT (9.599703841000064 52.319556209000041)",Unfall 60208 (2020) Kat:2, Licht: 0,60208,2,3,5,01,13,4,0,0,1,1,0,0
"POINT (9.721304718000056 52.338194071000032)",Unfall 60210 (2020) Kat:3, Licht: 2,60210,3,6,2,01,06,6,1,2,0,1,0,0
"POINT (9.879516830000057 52.425488270000073)",Unfall 60211 (2020) Kat:3, Licht: 2,60211,3,6,2,01,18,4,1,2,0,1,0,0
"POINT (9.465985677000049 52.397097703000043)",Unfall 60214 (2020) Kat:2, Licht: 1,60214,2,1,8,01,16,6,0,1,0,1,0,0
"POINT (9.728453450000075 52.318614507000063)",Unfall 60215 (2020) Kat:3, Licht: 2,60215,3,2,5,01,18,4,1,2,0,1,0,0
"POINT (9.892995033000034 52.429971428000044)",Unfall 60221 (2020) Kat:3, Licht: 1,60221,3,6,3,01,07,3,1,1,0,1,0,0
"POINT (9.628216350000059 52.422239139000055)",Unfall 60224 (2020) Kat:3, Licht: 0,60224,3,6,2,01,13,4,1,0,0,1,0,0
"POINT (9.783853409000074 52.382424804000038)",Unfall 60234 (2020) Kat:3, Licht: 0,60234,3,6,2,01,07,4,1,0,0,1,0,0
"POINT (9.739419980000037 52.453262764000044)",Unfall 60237 (2020) Kat:3, Licht: 0,60237,3,3,5,01,14,5,0,0,0,1,0,0
"POINT (9.575438897000026 52.270154979000040)",Unfall 60262 (2020) Kat:3, Licht: 1,60262,3,3,5,01,07,2,1,1,1,0,0,0
"POINT (9.662602766000020 52.341830188000074)",Unfall 60273 (2020) Kat:3, Licht: 0,60273,3,2,5,01,08,6,1,0,1,1,0,0
"POINT (9.704046992000031 52.423216351000065)",Unfall 60280 (2020) Kat:3, Licht: 2,60280,3,3,5,01,18,2,1,2,0,1,0,0
"POINT (9.512018506000061 52.319964588000062)",Unfall 60283 (2020) Kat:2, Licht: 0,60283,2,1,8,01,13,1,0,0,0,1,0,0
"POINT (9.736702815000058 52.466300327000056)",Unfall 60285 (2020) Kat:3, Licht: 2,60285,3,1,9,01,06,3,1,2,0,1,0,0
"POINT (9.733948507000036 52.368898339000054)",Unfall 60288 (2020) Kat:3, Licht: 0,60288,3,2,5,01,08,4,1,0,1,1,0,0
"POINT (9.635883097000033 52.417612489000078)",Unfall 60291 (2020) Kat:3, Licht: 0,60291,3,6,2,01,13,6,0,0,0,1,0,0
"POINT (9.328277695000054 52.518605153000067)",Unfall 60293 (2020) Kat:3, Licht: 1,60293,3,6,8,01,17,4,1,1,0,1,0,0
"POINT (9.728691835000063 52.373245780000047)",Unfall 60294 (2020) Kat:3, Licht: 0,60294,3,6,3,01,16,5,0,0,0,1,0,0
"POINT (9.782811927000068 52.260568656000032)",Unfall 60319 (2020) Kat:3, Licht: 2,60319,3,6,2,02,21,7,0,2,0,1,1,0
"POINT (9.635914798000044 52.421785730000067)",Unfall 60321 (2020) Kat:3, Licht: 2,60321,3,6,2,02,18,4,0,2,0,1,0,0
"POINT (9.708845788000076 52.366050863000055)",Unfall 60324 (2020) Kat:2, Licht: 0,60324,2,2,6,02,08,4,1,0,0,1,1,0
"POINT (9.560388997000075 52.421817654000051)",Unfall 60349 (2020) Kat:1, Licht: 2,60349,1,4,6,02,21,5,0,2,0,1,1,0
"POINT (9.591112305000024 52.287234743000056)",Unfall 60351 (2020) Kat:3, Licht: 2,60351,3,1,8,02,05,2,1,2,0,0,0,0
"POINT (9.889307759000076 52.295749610000030)",Unfall 60374 (2020) Kat:3, Licht: 2,60374,3,1,8,02,00,3,1,2,0,1,0,0
"POINT (9.718060221000030 52.367186905000040)",Unfall 60390 (2020) Kat:3, Licht: 0,60390,3,3,0,02,11,2,1,0,0,1,0,0
"POINT (9.411491365000074 52.427684765000038)",Unfall 60391 (2020) Kat:3, Licht: 1,60391,3,6,2,02,08,2,1,1,0,1,0,0
"POINT (9.663950814000032 52.315333145000068)",Unfall 60394 (2020) Kat:3, Licht: 0,60394,3,6,2,02,12,2,1,0,0,1,0,0
"POINT (9.465904331000047 52.304067305000046)",Unfall 60398 (2020) Kat:3, Licht: 0,60398,3,2,6,02,11,2,1,0,0,0,1,0
"POINT (9.462582689000044 52.304988879000064)",Unfall 60402 (2020) Kat:3, Licht: 0,60402,3,2,2,02,09,2,1,0,0,1,0,0
"POINT (9.783324135000044 52.428699514000073)",Unfall 60403 (2020) Kat:3, Licht: 0,60403,3,6,2,02,15,2,1,0,0,1,0,0
"POINT (9.732061313000031 52.429291192000051)",Unfall 60412 (2020) Kat:3, Licht: 2,60412,3,6,2,02,23,7,0,2,0,1,0,0
"POINT (9.823802155000067 52.292208342000038)",Unfall 60426 (2020) Kat:3, Licht: 2,60426,3,2,5,02,20,4,1,2,0,1,0,0
"POINT (10.114322518000051 52.348429431000056)",Unfall 60443 (2020) Kat:3, Licht: 0,60443,3,3,5,02,10,6,0,0,1,1,0,0
"POINT (9.905791689000068 52.396372438000071)",Unfall 60446 (2020) Kat:3, Licht: 1,60446,3,6,2,02,16,3,1,1,0,1,0,0
"POINT (9.872649977000037 52.310696392000068)",Unfall 60447 (2020) Kat:3, Licht: 1,60447,3,3,5,02,06,5,0,1,0,1,0,0
"POINT (10.014573521000045 52.508413248000068)",Unfall 60477 (2020) Kat:3, Licht: 2,60477,3,1,9,02,23,2,2,2,0,1,0,0
"POINT (9.691527615000041 52.332326694000074)",Unfall 60485 (2020) Kat:3, Licht: 2,60485,3,2,6,02,17,1,1,2,0,1,1,0
"POINT (9.753453965000063 52.370006061000026)",Unfall 60488 (2020) Kat:3, Licht: 0,60488,3,2,2,02,16,1,1,0,0,1,0,0
"POINT (9.496157933000063 52.420610838000073)",Unfall 60489 (2020) Kat:3, Licht: 2,60489,3,1,8,02,22,1,1,2,0,1,0,0
"POINT (9.449798687000055 52.523114296000074)",Unfall 60493 (2020) Kat:3, Licht: 2,60493,3,7,8,02,00,1,0,2,0,1,0,0
"POINT (9.976934698000036 52.372632043000067)",Unfall 60497 (2020) Kat:3, Licht: 0,60497,3,3,5,02,14,1,1,0,0,1,0,0
"POINT (9.421590380000055 52.331455866000056)",Unfall 60500 (2020) Kat:3, Licht: 0,60500,3,6,2,02,14,4,0,0,0,1,0,0
"POINT (9.737734431000035 52.368225701000028)",Unfall 60502 (2020) Kat:2, Licht: 2,60502,2,4,6,02,20,1,1,2,0,1,1,0
"POINT (9.760075184000073 52.347587955000051)",Unfall 60520 (2020) Kat:3, Licht: 2,60520,3,1,9,02,03,7,0,2,0,1,0,0
"POINT (9.697776937000072 52.376317866000079)",Unfall 60522 (2020) Kat:3, Licht: 0,60522,3,6,2,02,16,4,0,0,0,1,0,0
"POINT (9.955029056000058 52.390665658000046)",Unfall 60525 (2020) Kat:3, Licht: 0,60525,3,6,2,02,11,4,0,0,0,1,0,0
"POINT (9.519226945000071 52.414479262000043)",Unfall 60544 (2020) Kat:3, Licht: 1,60544,3,6,2,02,07,4,0,1,0,1,0,0
"POINT (9.647620178000068 52.396975936000047)",Unfall 60555 (2020) Kat:3, Licht: 0,60555,3,5,1,02,08,2,1,0,0,1,0,0
"POINT (9.855484243000035 52.389540664000037)",Unfall 60574 (2020) Kat:3, Licht: 1,60574,3,4,6,02,07,6,0,1,0,1,1,0
"POINT (9.516627045000064 52.413084934000040)",Unfall 60580 (2020) Kat:3, Licht: 2,60580,3,6,2,02,06,2,1,2,0,1,0,0
"POINT (9.794545283000048 52.274091987000077)",Unfall 60594 (2020) Kat:3, Licht: 0,60594,3,6,2,02,13,7,1,0,0,1,0,0
"POINT (9.809362199000077 52.332537617000071)",Unfall 60598 (2020) Kat:3, Licht: 0,60598,3,6,2,02,12,7,1,0,0,1,0,0
"POINT (9.786809650000066 52.389977988000055)",Unfall 60602 (2020) Kat:3, Licht: 0,60602,3,6,2,02,15,7,1,0,0,1,0,0
"POINT (10.270553840000048 52.479619015000026)",Unfall 60604 (2020) Kat:3, Licht: 1,60604,3,3,5,02,07,3,1,1,0,1,0,1
"POINT (9.706556904000024 52.430090508000035)",Unfall 60606 (2020) Kat:3, Licht: 0,60606,3,6,2,02,14,7,1,0,0,1,0,0
"POINT (9.763732487000027 52.426934249000055)",Unfall 60607 (2020) Kat:3, Licht: 2,60607,3,6,3,02,07,7,0,2,0,1,0,0
"POINT (9.600277200000051 52.409399198000074)",Unfall 60616 (2020) Kat:3, Licht: 2,60616,3,2,2,02,18,7,0,2,0,1,0,0
"POINT (9.800532693000037 52.342744095000057)",Unfall 60618 (2020) Kat:3, Licht: 0,60618,3,6,2,02,13,4,0,0,0,1,0,0
"POINT (9.823359074000052 52.486494047000065)",Unfall 60630 (2020) Kat:3, Licht: 2,60630,3,6,2,02,19,4,1,2,0,1,0,0
"POINT (9.590746389000060 52.396899051000048)",Unfall 60647 (2020) Kat:3, Licht: 0,60647,3,7,8,02,09,6,0,0,0,1,0,0
"POINT (9.733887861000028 52.309620256000073)",Unfall 60650 (2020) Kat:3, Licht: 0,60650,3,3,5,02,16,3,0,0,0,1,0,0
"POINT (9.721397888000070 52.338121035000029)",Unfall 60651 (2020) Kat:3, Licht: 2,60651,3,3,5,02,06,5,0,2,0,1,0,0
"POINT (10.260308589000033 52.448298224000041)",Unfall 60653 (2020) Kat:3, Licht: 2,60653,3,7,6,02,18,2,1,2,0,1,0,0
"POINT (9.697256248000031 52.378085919000057)",Unfall 60668 (2020) Kat:3, Licht: 2,60668,3,6,2,01,18,5,0,2,0,1,0,0
"POINT (9.665870032000044 52.317753333000041)",Unfall 60680 (2020) Kat:3, Licht: 2,60680,3,5,1,01,18,5,0,2,0,1,0,0
"POINT (9.730487103000030 52.371179353000059)",Unfall 60681 (2020) Kat:3, Licht: 0,60681,3,7,0,02,15,3,1,0,0,1,0,0
"POINT (9.787764463000030 52.390572534000057)",Unfall 60684 (2020) Kat:3, Licht: 0,60684,3,1,8,02,08,3,1,0,0,1,0,0
"POINT (9.733883646000038 52.478570586000046)",Unfall 60700 (2020) Kat:3, Licht: 0,60700,3,1,0,01,15,5,0,0,1,0,0,0
"POINT (9.371747352000057 52.400170036000077)",Unfall 60702 (2020) Kat:3, Licht: 1,60702,3,1,8,02,07,4,2,1,0,1,0,0
"POINT (9.783551768000052 52.568407543000035)",Unfall 60712 (2020) Kat:3, Licht: 0,60712,3,6,2,01,14,5,0,0,0,1,0,0
"POINT (9.927496485000063 52.394028669000079)",Unfall 60716 (2020) Kat:3, Licht: 0,60716,3,1,3,01,11,5,0,0,0,1,0,0
"POINT (9.665081509000061 52.399198507000051)",Unfall 60720 (2020) Kat:3, Licht: 0,60720,3,1,9,01,09,5,0,0,0,1,0,0
"POINT (10.098324606000062 52.364780111000073)",Unfall 60725 (2020) Kat:3, Licht: 0,60725,3,1,8,01,08,5,1,0,0,1,0,0
"POINT (9.814538308000067 52.401725916000032)",Unfall 60726 (2020) Kat:3, Licht: 0,60726,3,6,2,02,16,4,1,0,0,1,0,0
"POINT (9.754288914000028 52.355392867000035)",Unfall 60736 (2020) Kat:3, Licht: 1,60736,3,2,6,01,07,5,1,1,0,1,1,0
"POINT (9.643517539000072 52.335219809000080)",Unfall 60738 (2020) Kat:3, Licht: 0,60738,3,6,2,02,14,1,0,0,0,1,0,0
"POINT (9.841860820000022 52.395126105000031)",Unfall 60743 (2020) Kat:3, Licht: 0,60743,3,4,6,02,11,6,0,0,0,1,1,0
"POINT (9.698397247000060 52.417285620000030)",Unfall 60745 (2020) Kat:3, Licht: 0,60745,3,1,0,02,13,7,0,0,0,0,0,1
"POINT (9.726782768000021 52.375721164000026)",Unfall 60747 (2020) Kat:3, Licht: 2,60747,3,2,5,02,07,4,0,2,1,1,0,0
"POINT (9.690741047000074 52.346696263000069)",Unfall 60753 (2020) Kat:3, Licht: 0,60753,3,2,2,01,11,6,0,0,0,1,0,0
"POINT (9.733640763000039 52.384985874000051)",Unfall 60756 (2020) Kat:3, Licht: 0,60756,3,6,2,01,13,6,0,0,0,1,0,0
"POINT (9.734782115000030 52.407301517000064)",Unfall 60757 (2020) Kat:3, Licht: 0,60757,3,7,5,02,15,2,1,0,0,1,0,0
"POINT (9.466489680000052 52.454830775000062)",Unfall 60759 (2020) Kat:3, Licht: 0,60759,3,6,8,01,15,6,0,0,0,0,0,1
"POINT (9.487437334000049 52.306686263000074)",Unfall 60764 (2020) Kat:3, Licht: 2,60764,3,3,5,01,02,6,1,2,1,1,0,0
"POINT (9.809843492000027 52.368736981000040)",Unfall 60768 (2020) Kat:3, Licht: 2,60768,3,1,8,01,21,6,1,2,0,1,0,0
"POINT (9.479952495000021 52.390933169000050)",Unfall 60769 (2020) Kat:3, Licht: 2,60769,3,6,2,01,19,6,0,2,0,1,0,0
"POINT (9.710910817000070 52.406078190000073)",Unfall 60772 (2020) Kat:3, Licht: 2,60772,3,6,2,01,17,6,0,2,0,1,0,0
"POINT (9.740021055000057 52.522870486000045)",Unfall 60773 (2020) Kat:2, Licht: 0,60773,2,7,0,01,12,6,0,0,1,0,0,0
"POINT (9.519916790000025 52.414820438000049)",Unfall 60774 (2020) Kat:3, Licht: 1,60774,3,6,2,02,08,3,0,1,0,1,0,0
"POINT (9.723618285000043 52.456809667000073)",Unfall 60775 (2020) Kat:3, Licht: 0,60775,3,6,3,02,14,5,0,0,0,1,0,0
"POINT (9.841326524000067 52.416325184000073)",Unfall 60776 (2020) Kat:3, Licht: 0,60776,3,6,3,01,16,6,0,0,0,1,0,0
"POINT (9.644253459000026 52.423354505000077)",Unfall 60777 (2020) Kat:3, Licht: 0,60777,3,6,2,02,16,2,1,0,0,1,0,0
"POINT (9.806902474000026 52.277743097000041)",Unfall 60779 (2020) Kat:3, Licht: 0,60779,3,3,5,01,14,6,0,0,1,1,0,0
"POINT (9.800994259000049 52.541414995000082)",Unfall 60785 (2020) Kat:3, Licht: 0,60785,3,6,2,01,13,6,0,0,0,1,0,0
"POINT (9.609486976000028 52.437861675000079)",Unfall 60799 (2020) Kat:3, Licht: 0,60799,3,1,0,02,07,4,2,0,0,0,0,1
"POINT (9.443880312000033 52.367671003000055)",Unfall 60802 (2020) Kat:3, Licht: 0,60802,3,6,2,02,07,5,1,0,0,1,0,0
"POINT (9.638304075000065 52.396685406000074)",Unfall 60810 (2020) Kat:3, Licht: 0,60810,3,2,0,02,15,7,0,0,0,1,0,0
"POINT (9.651822980000077 52.415271058000030)",Unfall 60827 (2020) Kat:3, Licht: 0,60827,3,6,2,02,08,4,1,0,0,1,0,0
"POINT (9.841025975000036 52.423215078000055)",Unfall 60830 (2020) Kat:3, Licht: 0,60830,3,6,2,02,13,6,0,0,0,1,0,0
"POINT (9.730011690000026 52.371362383000076)",Unfall 60836 (2020) Kat:3, Licht: 0,60836,3,6,2,02,13,6,0,0,0,1,0,0
"POINT (9.861431091000043 52.358379248000062)",Unfall 60851 (2020) Kat:3, Licht: 2,60851,3,3,5,02,19,2,1,2,0,1,0,0
"POINT (9.523912586000051 52.405796996000049)",Unfall 60861 (2020) Kat:3, Licht: 2,60861,3,1,8,02,16,7,1,2,0,1,0,0
"POINT (10.028076463000048 52.316327515000069)",Unfall 60862 (2020) Kat:3, Licht: 0,60862,3,1,8,02,07,3,1,0,0,0,0,1
"POINT (9.829810762000022 52.282175169000027)",Unfall 60875 (2020) Kat:3, Licht: 2,60875,3,3,5,02,18,2,1,2,0,1,0,0
"POINT (10.002811304000033 52.386501173000056)",Unfall 60881 (2020) Kat:3, Licht: 0,60881,3,6,2,02,16,6,0,0,0,1,0,0
"POINT (9.785149430000047 52.566841631000045)",Unfall 60886 (2020) Kat:3, Licht: 0,60886,3,6,2,02,10,7,0,0,0,1,0,0
"POINT (9.730810180000049 52.370463259000076)",Unfall 60887 (2020) Kat:2, Licht: 2,60887,2,1,0,02,22,3,1,2,1,0,0,0
"POINT (9.846318449000023 52.413404116000038)",Unfall 60899 (2020) Kat:3, Licht: 0,60899,3,6,2,02,10,2,0,0,0,1,0,0
"POINT (9.469916407000028 52.301685235000036)",Unfall 60903 (2020) Kat:3, Licht: 0,60903,3,2,3,02,10,2,0,0,1,0,0,0
"POINT (9.488206900000023 52.308845883000060)",Unfall 60904 (2020) Kat:3, Licht: 2,60904,3,3,5,02,20,3,1,2,0,1,0,0
"POINT (9.440487083000051 52.330535195000039)",Unfall 60915 (2020) Kat:3, Licht: 0,60915,3,2,4,02,13,7,0,0,0,1,0,0
"POINT (9.763418743000045 52.343862533000049)",Unfall 60932 (2020) Kat:3, Licht: 0,60932,3,2,5,02,10,2,0,0,1,1,0,0
"POINT (9.814149265000026 52.338016451000044)",Unfall 60940 (2020) Kat:3, Licht: 0,60940,3,3,5,02,14,4,0,0,1,1,0,0
"POINT (9.551537683000049 52.322750294000059)",Unfall 60943 (2020) Kat:3, Licht: 0,60943,3,2,5,02,14,6,0,0,0,1,0,0
"POINT (9.618386455000064 52.392565584000067)",Unfall 60957 (2020) Kat:3, Licht: 2,60957,3,7,0,02,23,2,1,2,1,0,0,0
"POINT (9.479364325000063 52.390504923000037)",Unfall 60961 (2020) Kat:2, Licht: 0,60961,2,6,2,02,14,4,0,0,0,1,0,0
"POINT (9.403079007000031 52.330825544000049)",Unfall 60964 (2020) Kat:3, Licht: 2,60964,3,7,2,02,06,6,0,2,0,0,0,0
"POINT (10.102114419000031 52.364417887000059)",Unfall 60978 (2020) Kat:3, Licht: 2,60978,3,6,2,02,18,2,1,2,0,1,0,0
"POINT (9.701080432000026 52.371087977000059)",Unfall 60982 (2020) Kat:3, Licht: 2,60982,3,6,2,02,06,3,1,2,0,1,0,0
"POINT (9.735512267000047 52.401780678000080)",Unfall 60983 (2020) Kat:3, Licht: 2,60983,3,6,2,02,18,1,1,2,0,1,0,0
"POINT (9.740289849000021 52.368262186000038)",Unfall 60984 (2020) Kat:3, Licht: 0,60984,3,2,5,02,11,6,1,0,1,1,0,0
"POINT (9.786730549000026 52.389841252000053)",Unfall 60985 (2020) Kat:3, Licht: 1,60985,3,6,2,02,08,5,1,1,0,1,0,0
"POINT (9.714417897000033 52.362136609000061)",Unfall 60992 (2020) Kat:3, Licht: 0,60992,3,1,3,02,07,6,1,0,0,1,0,0
"POINT (9.582671242000060 52.334366384000077)",Unfall 60997 (2020) Kat:2, Licht: 2,60997,2,4,6,02,20,7,1,2,0,1,1,0
"POINT (9.643870520000064 52.433623571000055)",Unfall 60998 (2020) Kat:3, Licht: 0,60998,3,6,2,02,10,3,0,0,0,1,0,0
"POINT (9.952386513000022 52.319320810000079)",Unfall 61008 (2020) Kat:3, Licht: 0,61008,3,7,6,02,15,2,0,0,1,0,1,0
"POINT (10.088538996000068 52.481712535000042)",Unfall 61009 (2020) Kat:3, Licht: 0,61009,3,3,5,02,11,3,1,0,0,1,0,0
"POINT (9.682528884000021 52.326413362000039)",Unfall 61012 (2020) Kat:3, Licht: 2,61012,3,3,5,02,20,5,1,2,0,1,0,0
"POINT (9.740254694000043 52.368258577000063)",Unfall 61019 (2020) Kat:3, Licht: 0,61019,3,2,5,02,11,7,0,0,1,1,0,0
"POINT (9.778706744000033 52.370303014000058)",Unfall 61025 (2020) Kat:3, Licht: 0,61025,3,6,2,02,16,3,0,0,0,1,0,0
"POINT (9.430929944000070 52.423705976000065)",Unfall 61027 (2020) Kat:3, Licht: 0,61027,3,6,3,02,14,7,0,0,0,1,0,0
"POINT (9.515829951000058 52.300677546000031)",Unfall 61033 (2020) Kat:3, Licht: 2,61033,3,1,8,02,18,5,1,2,0,1,0,0
"POINT (9.488399476000041 52.308668435000072)",Unfall 61046 (2020) Kat:3, Licht: 0,61046,3,1,0,02,16,4,1,0,0,0,0,1
"POINT (9.962947876000044 52.373085931000048)",Unfall 61050 (2020) Kat:3, Licht: 0,61050,3,6,2,02,16,6,0,0,0,1,0,0
"POINT (9.819590975000040 52.294544734000056)",Unfall 61082 (2020) Kat:3, Licht: 0,61082,3,6,2,02,13,7,0,0,0,1,0,0
"POINT (9.726139586000045 52.546041278000075)",Unfall 61083 (2020) Kat:3, Licht: 2,61083,3,3,0,02,05,3,1,2,0,1,0,0
"POINT (9.735887812000044 52.438231775000077)",Unfall 61089 (2020) Kat:2, Licht: 2,61089,2,3,5,02,17,2,1,2,1,1,0,0
"POINT (9.860920105000048 52.493765616000076)",Unfall 61096 (2020) Kat:3, Licht: 0,61096,3,2,5,02,09,2,0,0,0,1,1,0
"POINT (9.855116069000076 52.473327236000046)",Unfall 61101 (2020) Kat:3, Licht: 0,61101,3,1,8,02,16,6,0,0,0,1,0,0
"POINT (9.967920196000023 52.367270062000046)",Unfall 61102 (2020) Kat:2, Licht: 0,61102,2,7,8,02,16,5,0,0,0,0,0,1
"POINT (9.438295019000066 52.363329302000068)",Unfall 61106 (2020) Kat:3, Licht: 0,61106,3,6,2,02,11,7,0,0,0,1,0,0
"POINT (9.439958610000076 52.364632976000053)",Unfall 61107 (2020) Kat:3, Licht: 0,61107,3,1,8,02,12,3,0,0,0,1,0,0
"POINT (10.139586868000038 52.377791610000031)",Unfall 61118 (2020) Kat:3, Licht: 0,61118,3,1,8,02,14,2,0,0,0,1,0,0
"POINT (9.485672298000054 52.395098472000029)",Unfall 61119 (2020) Kat:3, Licht: 0,61119,3,6,2,02,08,3,1,0,0,1,0,0
"POINT (9.384505060000038 52.457139253000037)",Unfall 61125 (2020) Kat:3, Licht: 1,61125,3,1,9,02,17,3,0,1,0,1,0,0
"POINT (10.002900866000061 52.386649941000030)",Unfall 61127 (2020) Kat:3, Licht: 0,61127,3,1,9,02,09,6,1,0,0,1,0,0
"POINT (9.679193724000072 52.309070397000028)",Unfall 61136 (2020) Kat:3, Licht: 0,61136,3,1,0,02,08,7,0,0,1,0,0,0
"POINT (9.712813568000058 52.346531383000070)",Unfall 61153 (2020) Kat:3, Licht: 0,61153,3,6,2,02,17,4,1,0,0,1,0,0
"POINT (9.682535667000025 52.326419669000074)",Unfall 61157 (2020) Kat:3, Licht: 2,61157,3,3,5,02,22,6,0,2,0,1,0,0
"POINT (9.735938537000038 52.401083392000032)",Unfall 61165 (2020) Kat:3, Licht: 0,61165,3,6,2,02,12,6,0,0,0,1,0,0
"POINT (9.763449293000065 52.343832852000048)",Unfall 61180 (2020) Kat:3, Licht: 0,61180,3,2,2,02,07,2,0,0,1,1,0,0
"POINT (9.684325214000069 52.328316588000064)",Unfall 61185 (2020) Kat:3, Licht: 0,61185,3,6,3,02,08,6,1,0,0,1,0,0
"POINT (9.406529717000069 52.411545252000053)",Unfall 61202 (2020) Kat:2, Licht: 2,61202,2,1,8,02,17,2,1,2,0,1,0,0
"POINT (9.763214405000042 52.370592578000071)",Unfall 61208 (2020) Kat:3, Licht: 0,61208,3,6,2,02,14,1,1,0,0,1,0,0
"POINT (9.834203660000071 52.386632119000069)",Unfall 61209 (2020) Kat:2, Licht: 0,61209,2,4,6,02,12,6,1,0,0,1,1,0
"POINT (9.800053186000071 52.406792713000073)",Unfall 61210 (2020) Kat:3, Licht: 0,61210,3,4,6,02,11,5,1,0,0,1,1,0
"POINT (10.031425886000022 52.427614129000062)",Unfall 61214 (2020) Kat:3, Licht: 2,61214,3,7,8,02,03,7,0,2,0,1,0,0
"POINT (9.803984452000066 52.370622933000050)",Unfall 61215 (2020) Kat:3, Licht: 0,61215,3,7,9,02,16,3,0,0,1,0,0,0
"POINT (9.924147882000057 52.378111510000053)",Unfall 61220 (2020) Kat:3, Licht: 2,61220,3,3,5,02,23,7,1,2,0,1,0,0
"POINT (9.988778063000041 52.374220738000076)",Unfall 61221 (2020) Kat:3, Licht: 2,61221,3,1,0,02,05,3,1,2,1,0,0,0
"POINT (9.650263478000056 52.424511204000055)",Unfall 61226 (2020) Kat:3, Licht: 1,61226,3,6,2,02,06,2,0,1,0,1,0,0
"POINT (9.451867884000023 52.504880643000035)",Unfall 61230 (2020) Kat:3, Licht: 0,61230,3,2,6,02,17,2,1,0,0,1,1,0
"POINT (9.723363403000064 52.440474406000078)",Unfall 61231 (2020) Kat:3, Licht: 0,61231,3,1,0,02,08,3,1,0,1,0,0,0
"POINT (9.812977772000068 52.324911295000049)",Unfall 61242 (2020) Kat:3, Licht: 2,61242,3,6,2,02,18,7,0,2,0,1,0,0
"POINT (9.506941267000059 52.550627340000062)",Unfall 61269 (2020) Kat:3, Licht: 0,61269,3,6,6,02,13,4,0,0,0,1,1,0
"POINT (9.580900337000060 52.417965000000038)",Unfall 61272 (2020) Kat:3, Licht: 0,61272,3,6,2,02,13,6,0,0,0,1,0,0
"POINT (9.515685046000044 52.412573321000082)",Unfall 61289 (2020) Kat:3, Licht: 1,61289,3,6,2,02,07,4,1,1,0,1,0,0
"POINT (9.568361030000062 52.599385880000057)",Unfall 61301 (2020) Kat:3, Licht: 0,61301,3,1,4,02,17,3,1,0,0,1,0,0
"POINT (9.786780112000031 52.389926928000079)",Unfall 61307 (2020) Kat:3, Licht: 2,61307,3,6,2,02,18,2,1,2,0,1,0,0
"POINT (9.837313614000038 52.396992668000053)",Unfall 61311 (2020) Kat:3, Licht: 0,61311,3,3,5,02,16,3,1,0,0,1,0,0
"POINT (9.831165171000066 52.399214768000036)",Unfall 61312 (2020) Kat:3, Licht: 2,61312,3,4,6,02,22,1,0,2,0,1,1,0
"POINT (9.691385125000068 52.421597778000034)",Unfall 61313 (2020) Kat:3, Licht: 0,61313,3,2,5,02,08,6,1,0,0,0,0,0
"POINT (9.613569259000030 52.430706601000054)",Unfall 61315 (2020) Kat:3, Licht: 0,61315,3,6,2,02,16,2,1,0,0,1,0,0
"POINT (9.697161302000041 52.374980024000081)",Unfall 61320 (2020) Kat:3, Licht: 0,61320,3,4,0,02,13,6,1,0,0,1,1,0
"POINT (9.713415667000049 52.361934769000072)",Unfall 61321 (2020) Kat:3, Licht: 2,61321,3,6,2,02,18,5,1,2,0,1,0,0
"POINT (9.864840834000063 52.515488746000074)",Unfall 61326 (2020) Kat:3, Licht: 0,61326,3,6,2,02,11,3,1,0,0,1,0,0
"POINT (9.776511657000071 52.332820727000069)",Unfall 61337 (2020) Kat:3, Licht: 2,61337,3,6,2,02,17,2,1,2,0,1,0,0
"POINT (9.709675397000069 52.169148878000044)",Unfall 61338 (2020) Kat:3, Licht: 1,61338,3,7,9,02,17,3,0,1,0,1,0,0
"POINT (9.464726963000032 52.428851851000047)",Unfall 61341 (2020) Kat:3, Licht: 2,61341,3,1,0,02,05,4,1,2,0,0,0,1
"POINT (9.626106093000033 52.291508764000071)",Unfall 61347 (2020) Kat:3, Licht: 0,61347,3,1,8,02,09,7,1,0,0,1,0,0
"POINT (9.409154518000037 52.334092560000045)",Unfall 61387 (2020) Kat:3, Licht: 2,61387,3,7,3,03,20,6,1,2,0,1,0,0
"POINT (9.360155345000067 52.454119127000070)",Unfall 61397 (2020) Kat:3, Licht: 1,61397,3,7,7,03,18,3,0,1,0,1,0,0
"POINT (9.798291302000052 52.412557826000068)",Unfall 61409 (2020) Kat:3, Licht: 0,61409,3,3,5,03,15,4,0,0,1,1,0,0
"POINT (9.937966947000064 52.296427197000071)",Unfall 61410 (2020) Kat:3, Licht: 2,61410,3,1,9,03,05,1,0,2,0,1,0,0
"POINT (9.826571940000065 52.362254970000038)",Unfall 61433 (2020) Kat:3, Licht: 2,61433,3,6,4,03,19,2,0,2,1,1,0,0
"POINT (9.597197094000023 52.409154630000046)",Unfall 61441 (2020) Kat:3, Licht: 2,61441,3,6,2,03,18,3,1,2,0,1,0,0
"POINT (9.717069860000038 52.346367716000032)",Unfall 61460 (2020) Kat:3, Licht: 2,61460,3,2,5,02,05,6,0,2,1,0,0,0
"POINT (9.791661184000077 52.556463978000068)",Unfall 61461 (2020) Kat:2, Licht: 0,61461,2,3,5,03,16,2,0,0,0,1,0,0
"POINT (9.663818354000057 52.376974532000077)",Unfall 61462 (2020) Kat:2, Licht: 0,61462,2,2,5,02,06,6,1,0,1,1,0,0
"POINT (9.734639624000067 52.389468609000062)",Unfall 61468 (2020) Kat:3, Licht: 1,61468,3,6,2,02,16,6,0,1,0,1,0,0
"POINT (10.206667910000021 52.473719223000046)",Unfall 61469 (2020) Kat:3, Licht: 2,61469,3,2,5,02,18,7,1,2,0,1,0,0
"POINT (9.734751856000059 52.390157873000078)",Unfall 61475 (2020) Kat:3, Licht: 0,61475,3,6,2,02,11,6,0,0,0,1,0,0
"POINT (9.480315912000037 52.301020451000056)",Unfall 61476 (2020) Kat:3, Licht: 0,61476,3,3,5,02,12,6,0,0,0,1,0,0
"POINT (9.582056285000022 52.423591754000029)",Unfall 61478 (2020) Kat:3, Licht: 0,61478,3,7,0,02,16,6,0,0,0,0,0,1
"POINT (9.406215815000053 52.410628266000060)",Unfall 61479 (2020) Kat:3, Licht: 2,61479,3,1,9,03,21,6,1,2,0,1,0,0
"POINT (9.707359471000075 52.429838095000036)",Unfall 61481 (2020) Kat:3, Licht: 0,61481,3,6,2,02,15,6,0,0,0,1,0,0
"POINT (9.955618367000056 52.390609637000068)",Unfall 61483 (2020) Kat:3, Licht: 0,61483,3,7,2,02,12,6,0,0,0,1,0,0
"POINT (9.613980046000052 52.392225038000049)",Unfall 61511 (2020) Kat:2, Licht: 2,61511,2,2,5,03,19,6,1,2,1,0,0,0
"POINT (9.627278709000052 52.423117964000028)",Unfall 61521 (2020) Kat:2, Licht: 0,61521,2,6,2,03,08,3,1,0,0,1,0,0
"POINT (9.710597236000069 52.429422371000044)",Unfall 61533 (2020) Kat:3, Licht: 0,61533,3,6,2,03,11,4,0,0,0,0,0,0
"POINT (9.688096504000043 52.374918284000046)",Unfall 61552 (2020) Kat:3, Licht: 1,61552,3,6,2,03,18,4,1,1,0,1,0,0
"POINT (9.473936857000069 52.389124450000054)",Unfall 61556 (2020) Kat:3, Licht: 2,61556,3,6,2,03,05,2,0,2,0,1,0,0
"POINT (9.719111766000026 52.279251022000039)",Unfall 61563 (2020) Kat:3, Licht: 2,61563,3,7,7,02,18,7,1,2,0,1,0,0
"POINT (10.065380704000063 52.369625318000033)",Unfall 61564 (2020) Kat:3, Licht: 0,61564,3,6,3,03,07,3,1,0,0,1,0,0
"POINT (9.442101761000060 52.416823991000058)",Unfall 61565 (2020) Kat:3, Licht: 0,61565,3,4,0,03,11,4,1,0,0,1,1,0
"POINT (9.818976531000033 52.288906815000075)",Unfall 61570 (2020) Kat:3, Licht: 2,61570,3,3,5,03,20,1,0,2,1,1,0,0
"POINT (9.627240990000075 52.423278700000026)",Unfall 61573 (2020) Kat:3, Licht: 0,61573,3,6,2,03,07,3,1,0,0,1,0,0
"POINT (9.431885893000072 52.422455663000051)",Unfall 61574 (2020) Kat:3, Licht: 0,61574,3,2,3,03,07,4,0,0,1,1,0,0
"POINT (10.022445969000046 52.355559824000068)",Unfall 61588 (2020) Kat:3, Licht: 0,61588,3,7,8,03,14,1,0,0,0,1,0,0
"POINT (9.712723168000025 52.283715598000072)",Unfall 61595 (2020) Kat:3, Licht: 0,61595,3,3,5,03,07,4,0,0,0,1,0,0
"POINT (9.646400829000072 52.400840179000056)",Unfall 61604 (2020) Kat:3, Licht: 0,61604,3,6,2,03,16,6,1,0,0,1,0,0
"POINT (9.670738354000037 52.441326917000026)",Unfall 61611 (2020) Kat:3, Licht: 0,61611,3,2,4,03,17,5,0,0,0,1,0,0
"POINT (9.666442439000036 52.343749905000038)",Unfall 61613 (2020) Kat:3, Licht: 0,61613,3,7,0,03,16,2,0,0,1,0,0,0
"POINT (9.427821931000040 52.555370511000035)",Unfall 61617 (2020) Kat:3, Licht: 2,61617,3,1,9,03,21,4,1,2,0,1,0,0
"POINT (9.806603192000068 52.307967448000056)",Unfall 61621 (2020) Kat:3, Licht: 0,61621,3,2,5,03,12,4,0,0,0,1,0,0
"POINT (9.726396581000074 52.380839722000076)",Unfall 61624 (2020) Kat:3, Licht: 0,61624,3,3,5,02,16,5,1,0,1,1,0,0
"POINT (10.014997511000047 52.451873418000048)",Unfall 61630 (2020) Kat:3, Licht: 0,61630,3,3,5,02,07,5,1,0,0,1,0,0
"POINT (9.854640064000023 52.359024362000071)",Unfall 61631 (2020) Kat:3, Licht: 2,61631,3,2,5,02,19,5,1,2,0,1,0,0
"POINT (9.597229205000076 52.423228908000056)",Unfall 61633 (2020) Kat:3, Licht: 0,61633,3,6,2,02,10,5,0,0,0,0,0,0
"POINT (9.733380812000064 52.417807817000039)",Unfall 61634 (2020) Kat:3, Licht: 0,61634,3,3,5,03,14,5,0,0,1,1,0,0
"POINT (9.707186044000025 52.410405830000059)",Unfall 61645 (2020) Kat:2, Licht: 0,61645,2,6,0,03,13,7,0,0,0,1,0,1
"POINT (9.651124605000064 52.424676933000057)",Unfall 61646 (2020) Kat:3, Licht: 0,61646,3,6,2,03,07,3,1,0,0,1,0,0
"POINT (9.727501899000060 52.381294012000069)",Unfall 61654 (2020) Kat:3, Licht: 0,61654,3,6,2,03,16,3,0,0,0,1,0,0
"POINT (9.442503351000028 52.366616042000032)",Unfall 61664 (2020) Kat:3, Licht: 0,61664,3,6,2,03,09,5,0,0,0,0,0,0
"POINT (9.847280181000031 52.274274272000071)",Unfall 61668 (2020) Kat:3, Licht: 0,61668,3,6,2,03,16,4,0,0,0,1,0,0
"POINT (9.467532019000032 52.303596056000060)",Unfall 61669 (2020) Kat:3, Licht: 0,61669,3,7,0,03,16,1,0,0,1,0,0,0
"POINT (9.858309049000070 52.387351961000036)",Unfall 61691 (2020) Kat:3, Licht: 2,61691,3,3,5,03,19,2,1,2,0,1,0,0
"POINT (9.855700804000037 52.275082576000045)",Unfall 61696 (2020) Kat:3, Licht: 0,61696,3,2,2,03,15,1,0,0,0,0,0,1
"POINT (9.694644047000054 52.375879554000051)",Unfall 61699 (2020) Kat:3, Licht: 2,61699,3,7,0,03,06,3,1,2,0,0,0,1
"POINT (9.734401553000055 52.438557194000055)",Unfall 61727 (2020) Kat:3, Licht: 2,61727,3,2,5,02,20,7,1,2,0,1,0,0
"POINT (9.754588119000061 52.370067540000036)",Unfall 61737 (2020) Kat:3, Licht: 0,61737,3,6,2,03,12,6,1,0,0,1,0,0
"POINT (9.577535643000033 52.423715221000066)",Unfall 61770 (2020) Kat:3, Licht: 2,61770,3,1,8,03,18,6,1,2,0,1,0,0
"POINT (9.695504556000060 52.361351275000061)",Unfall 61780 (2020) Kat:2, Licht: 0,61780,2,1,0,03,16,3,0,0,1,0,0,0
"POINT (9.599062975000038 52.423231764000036)",Unfall 61792 (2020) Kat:3, Licht: 2,61792,3,7,3,03,20,4,0,2,0,1,0,0
"POINT (9.643901744000061 52.433463272000040)",Unfall 61793 (2020) Kat:3, Licht: 0,61793,3,7,9,03,15,1,0,0,0,1,0,0
"POINT (9.719166984000026 52.347524536000037)",Unfall 61807 (2020) Kat:3, Licht: 2,61807,3,4,0,02,18,4,1,2,0,1,1,0
"POINT (9.456209309000030 52.485477535000030)",Unfall 61813 (2020) Kat:3, Licht: 0,61813,3,1,2,02,15,4,1,0,0,1,0,0
"POINT (9.733795629000042 52.384582856000065)",Unfall 61814 (2020) Kat:3, Licht: 0,61814,3,6,2,03,15,2,0,0,0,1,0,0
"POINT (9.858771897000054 52.485491706000062)",Unfall 61815 (2020) Kat:3, Licht: 0,61815,3,3,5,02,11,4,1,0,0,1,0,0
"POINT (9.841580521000026 52.491265787000032)",Unfall 61821 (2020) Kat:3, Licht: 0,61821,3,1,8,02,07,4,1,0,0,1,0,0
"POINT (9.388840753000068 52.419274800000039)",Unfall 61822 (2020) Kat:3, Licht: 0,61822,3,3,0,02,12,7,0,0,1,1,0,0
"POINT (9.726199177000069 52.365970909000055)",Unfall 61823 (2020) Kat:3, Licht: 0,61823,3,3,5,03,09,3,0,0,1,1,0,0
"POINT (9.493880680000075 52.323109074000058)",Unfall 61829 (2020) Kat:3, Licht: 0,61829,3,2,2,02,15,4,0,0,1,1,0,0
"POINT (9.624711305000062 52.211309684000071)",Unfall 61832 (2020) Kat:3, Licht: 0,61832,3,6,2,03,06,2,0,0,0,1,0,0
"POINT (9.864099141000054 52.331442011000036)",Unfall 61833 (2020) Kat:3, Licht: 1,61833,3,5,1,02,17,4,1,1,0,1,0,0
"POINT (9.735298922000027 52.394737746000033)",Unfall 61837 (2020) Kat:3, Licht: 0,61837,3,6,2,02,12,4,1,0,0,1,0,0
"POINT (9.825253129000032 52.504061519000061)",Unfall 61838 (2020) Kat:3, Licht: 2,61838,3,6,2,02,03,4,0,2,0,0,0,0
"POINT (9.714820520000046 52.378116568000053)",Unfall 61846 (2020) Kat:3, Licht: 0,61846,3,1,8,03,07,1,0,0,0,1,0,0
"POINT (9.820852264000052 52.427058528000032)",Unfall 61851 (2020) Kat:3, Licht: 2,61851,3,3,5,02,21,7,1,2,0,1,0,0
"POINT (9.430626954000047 52.424018264000040)",Unfall 61861 (2020) Kat:3, Licht: 0,61861,3,6,2,03,11,6,1,0,0,1,0,0
"POINT (9.726782768000021 52.375721164000026)",Unfall 61871 (2020) Kat:3, Licht: 0,61871,3,2,0,03,09,3,1,0,1,1,0,0
"POINT (9.758288857000025 52.588924416000054)",Unfall 61892 (2020) Kat:3, Licht: 2,61892,3,6,2,03,19,6,1,2,0,1,0,0
"POINT (9.611738680000030 52.301508087000059)",Unfall 61902 (2020) Kat:3, Licht: 0,61902,3,1,4,03,08,3,1,0,0,1,0,0
"POINT (9.642688590000034 52.414615016000027)",Unfall 61921 (2020) Kat:3, Licht: 2,61921,3,6,2,03,05,4,1,2,0,1,0,0
"POINT (9.861636258000033 52.494035976000077)",Unfall 61937 (2020) Kat:3, Licht: 0,61937,3,2,5,03,11,2,0,0,1,1,0,0
"POINT (9.628300395000053 52.422227275000068)",Unfall 61949 (2020) Kat:3, Licht: 2,61949,3,6,2,03,20,1,1,2,0,1,0,0
"POINT (9.651722994000068 52.417100904000051)",Unfall 61952 (2020) Kat:3, Licht: 2,61952,3,3,5,03,05,3,1,2,0,1,0,0
"POINT (9.858677483000065 52.491681855000081)",Unfall 61968 (2020) Kat:3, Licht: 0,61968,3,7,0,03,09,1,0,0,0,1,0,0
"POINT (9.701059137000073 52.371101741000075)",Unfall 61972 (2020) Kat:3, Licht: 0,61972,3,6,2,02,16,3,0,0,0,1,0,0
"POINT (9.780456202000039 52.270109066000032)",Unfall 61978 (2020) Kat:3, Licht: 0,61978,3,2,4,02,16,3,0,0,0,1,0,0
"POINT (9.551248081000040 52.362720832000036)",Unfall 61979 (2020) Kat:3, Licht: 0,61979,3,6,2,02,14,3,0,0,0,1,0,0
"POINT (9.749648943000068 52.427262473000042)",Unfall 61989 (2020) Kat:3, Licht: 0,61989,3,1,8,03,17,4,0,0,0,1,0,0
"POINT (9.721955003000062 52.327057829000069)",Unfall 61994 (2020) Kat:3, Licht: 0,61994,3,3,5,04,11,4,0,0,1,0,0,0
"POINT (9.590941604000022 52.399372379000056)",Unfall 61996 (2020) Kat:3, Licht: 0,61996,3,6,2,03,14,6,0,0,0,1,0,0
"POINT (9.736198059000060 52.399232201000075)",Unfall 62004 (2020) Kat:3, Licht: 0,62004,3,6,2,03,09,7,0,0,0,1,0,0
"POINT (9.447447609000051 52.416671736000069)",Unfall 62010 (2020) Kat:3, Licht: 0,62010,3,3,5,03,16,7,0,0,0,1,0,0
"POINT (9.791708542000038 52.556893900000034)",Unfall 62011 (2020) Kat:2, Licht: 0,62011,2,6,2,03,11,3,0,0,0,0,0,0
"POINT (9.648456170000031 52.412635711000064)",Unfall 62033 (2020) Kat:3, Licht: 0,62033,3,6,2,03,13,2,0,0,0,1,0,0
"POINT (9.628578962000063 52.394546145000049)",Unfall 62037 (2020) Kat:3, Licht: 0,62037,3,3,5,03,07,2,0,0,0,1,0,0
"POINT (9.728859419000060 52.494212526000069)",Unfall 62039 (2020) Kat:3, Licht: 0,62039,3,2,2,03,12,2,0,0,0,1,0,0
"POINT (10.130164791000027 52.397254919000034)",Unfall 62040 (2020) Kat:3, Licht: 0,62040,3,1,8,04,17,6,0,0,0,0,0,1
"POINT (9.760928800000045 52.586951900000031)",Unfall 62043 (2020) Kat:3, Licht: 0,62043,3,6,2,03,14,2,0,0,0,1,0,0
"POINT (10.098765733000050 52.364737867000031)",Unfall 62053 (2020) Kat:3, Licht: 0,62053,3,6,2,03,18,2,1,0,0,1,0,0
"POINT (9.991160915000023 52.375131498000030)",Unfall 62081 (2020) Kat:3, Licht: 0,62081,3,2,2,03,13,3,0,0,0,1,0,0
"POINT (9.822455027000046 52.508593413000028)",Unfall 62084 (2020) Kat:3, Licht: 0,62084,3,6,2,03,10,5,0,0,0,1,0,0
"POINT (9.733348156000034 52.420738283000048)",Unfall 62125 (2020) Kat:3, Licht: 0,62125,3,6,2,03,16,7,0,0,0,1,0,1
"POINT (9.575467860000060 52.423107179000056)",Unfall 62129 (2020) Kat:3, Licht: 0,62129,3,6,3,04,13,4,0,0,0,1,0,0
"POINT (9.781751525000061 52.246725190000063)",Unfall 62151 (2020) Kat:3, Licht: 0,62151,3,1,9,03,15,1,0,0,1,0,0,0
"POINT (9.725349617000063 52.365011249000077)",Unfall 62153 (2020) Kat:2, Licht: 2,62153,2,7,0,03,19,1,0,2,0,0,0,0
"POINT (9.767205331000071 52.337712622000026)",Unfall 62156 (2020) Kat:3, Licht: 0,62156,3,2,5,03,13,3,0,0,1,1,0,0
"POINT (10.102504732000057 52.364253188000077)",Unfall 62157 (2020) Kat:3, Licht: 0,62157,3,1,9,03,14,1,0,0,0,1,0,0
"POINT (9.903891620000024 52.397191355000075)",Unfall 62160 (2020) Kat:3, Licht: 0,62160,3,1,9,03,08,1,0,0,0,1,0,0
"POINT (9.609105342000021 52.377231269000049)",Unfall 62177 (2020) Kat:3, Licht: 0,62177,3,6,2,03,17,6,0,0,0,1,0,0
"POINT (9.827236569000036 52.359226873000068)",Unfall 62198 (2020) Kat:3, Licht: 0,62198,3,3,5,03,17,2,0,0,0,1,0,0
"POINT (9.650733500000058 52.322212473000036)",Unfall 62201 (2020) Kat:3, Licht: 0,62201,3,7,0,03,08,6,0,0,0,0,1,0
"POINT (9.764823148000062 52.427088400000059)",Unfall 62207 (2020) Kat:3, Licht: 2,62207,3,1,9,03,02,6,0,2,0,1,0,0
"POINT (9.708051439000030 52.420964762000040)",Unfall 62224 (2020) Kat:3, Licht: 0,62224,3,2,5,03,16,1,0,0,1,1,0,0
"POINT (9.969138094000073 52.367829777000054)",Unfall 62226 (2020) Kat:3, Licht: 0,62226,3,4,6,03,15,4,0,0,0,1,1,0
"POINT (9.747225339000067 52.369132104000073)",Unfall 62228 (2020) Kat:3, Licht: 0,62228,3,3,5,03,14,2,1,0,1,0,0,0
"POINT (9.734116141000072 52.295489723000060)",Unfall 62242 (2020) Kat:3, Licht: 0,62242,3,6,2,03,16,3,0,0,1,1,0,0
"POINT (9.640285694000056 52.173534407000034)",Unfall 62245 (2020) Kat:3, Licht: 0,62245,3,7,0,03,14,2,0,0,1,0,0,0
"POINT (9.593111499000031 52.395941816000061)",Unfall 62249 (2020) Kat:3, Licht: 1,62249,3,6,2,04,20,1,0,1,1,0,0,0
"POINT (9.450642744000049 52.504827794000050)",Unfall 62261 (2020) Kat:3, Licht: 0,62261,3,1,0,03,14,7,0,0,1,0,0,0
"POINT (9.715120284000022 52.361273590000053)",Unfall 62262 (2020) Kat:3, Licht: 0,62262,3,2,3,03,13,7,0,0,0,1,0,0
"POINT (9.756720812000026 52.452722442000038)",Unfall 62264 (2020) Kat:3, Licht: 2,62264,3,5,1,03,18,2,0,2,0,1,0,0
"POINT (9.818242882000050 52.338680172000068)",Unfall 62265 (2020) Kat:3, Licht: 0,62265,3,3,5,03,13,7,0,0,0,1,0,0
"POINT (9.492072523000047 52.415859490000059)",Unfall 62269 (2020) Kat:3, Licht: 0,62269,3,6,2,03,15,7,0,0,0,1,0,0
"POINT (9.449831200000062 52.307961338000041)",Unfall 62271 (2020) Kat:3, Licht: 0,62271,3,2,2,03,13,7,0,0,0,1,0,0
"POINT (9.511454327000024 52.381454075000079)",Unfall 62273 (2020) Kat:1, Licht: 0,62273,1,2,2,03,17,2,0,0,1,1,0,0
"POINT (9.797261984000045 52.275227394000069)",Unfall 62274 (2020) Kat:2, Licht: 0,62274,2,7,0,03,13,7,0,0,0,0,0,1
"POINT (9.635686343000032 52.211543286000051)",Unfall 62277 (2020) Kat:3, Licht: 0,62277,3,6,2,03,08,6,0,0,0,1,0,0
"POINT (9.790765624000073 52.532630258000040)",Unfall 62291 (2020) Kat:2, Licht: 0,62291,2,6,2,03,13,3,0,0,0,0,0,0
"POINT (9.560202847000028 52.195285999000077)",Unfall 62296 (2020) Kat:1, Licht: 0,62296,1,2,2,03,12,2,0,0,0,1,0,0
"POINT (9.534032230000037 52.461985306000031)",Unfall 62321 (2020) Kat:3, Licht: 0,62321,3,3,5,04,11,6,0,0,0,1,0,0
"POINT (9.668106599000055 52.343343241000071)",Unfall 62335 (2020) Kat:3, Licht: 0,62335,3,6,2,03,15,2,0,0,0,1,0,0
"POINT (9.750870557000042 52.529369504000044)",Unfall 62339 (2020) Kat:2, Licht: 0,62339,2,3,5,03,15,4,0,0,1,1,0,0
"POINT (9.560034578000057 52.450893171000075)",Unfall 62360 (2020) Kat:3, Licht: 0,62360,3,1,8,03,06,3,2,0,0,1,0,0
"POINT (9.634696020000035 52.420331262000047)",Unfall 62363 (2020) Kat:3, Licht: 0,62363,3,6,3,03,13,5,0,0,0,1,0,0
"POINT (9.271621098000026 52.483401725000078)",Unfall 62367 (2020) Kat:2, Licht: 1,62367,2,1,9,04,19,7,0,1,0,1,0,0
"POINT (10.201053060000049 52.461029284000062)",Unfall 62379 (2020) Kat:2, Licht: 0,62379,2,3,5,03,16,3,0,0,1,1,0,0
"POINT (10.255096443000070 52.478117298000029)",Unfall 62386 (2020) Kat:2, Licht: 0,62386,2,2,5,04,19,1,0,0,0,1,0,1
"POINT (9.842469039000036 52.268103959000030)",Unfall 62405 (2020) Kat:2, Licht: 0,62405,2,3,5,03,14,4,0,0,1,1,0,0
"POINT (9.763449293000065 52.343832852000048)",Unfall 62409 (2020) Kat:3, Licht: 0,62409,3,2,3,03,16,6,1,0,1,0,0,0
"POINT (9.899381527000060 52.399808350000058)",Unfall 62410 (2020) Kat:3, Licht: 0,62410,3,6,3,04,13,4,0,0,0,1,0,0
"POINT (9.506256709000070 52.413107301000082)",Unfall 62413 (2020) Kat:3, Licht: 0,62413,3,3,5,03,13,6,1,0,0,1,0,0
"POINT (9.568095584000048 52.280523606000031)",Unfall 62415 (2020) Kat:3, Licht: 0,62415,3,2,2,03,15,6,1,0,0,1,0,0
"POINT (9.732984383000030 52.471324191000065)",Unfall 62418 (2020) Kat:3, Licht: 2,62418,3,2,2,03,18,6,1,2,0,1,0,0
"POINT (9.677511976000062 52.371827445000065)",Unfall 62422 (2020) Kat:3, Licht: 0,62422,3,6,9,03,12,6,0,0,0,1,0,0
"POINT (9.724622321000027 52.487055726000051)",Unfall 62424 (2020) Kat:3, Licht: 0,62424,3,1,9,03,16,6,1,0,0,1,0,0
"POINT (9.728283278000049 52.374197817000038)",Unfall 62426 (2020) Kat:3, Licht: 0,62426,3,6,2,03,17,5,0,0,0,1,0,0
"POINT (9.733981481000058 52.385020611000073)",Unfall 62428 (2020) Kat:2, Licht: 2,62428,2,1,8,03,01,6,0,2,0,1,0,0
"POINT (9.733237362000068 52.384273535000034)",Unfall 62436 (2020) Kat:3, Licht: 1,62436,3,6,2,03,18,5,0,1,0,1,0,1
"POINT (9.799617900000044 52.450664906000043)",Unfall 62440 (2020) Kat:3, Licht: 0,62440,3,2,8,03,11,7,0,0,0,1,0,0
"POINT (9.721196225000028 52.361670918000073)",Unfall 62453 (2020) Kat:3, Licht: 1,62453,3,2,5,03,17,5,0,1,1,1,0,0
"POINT (9.783816705000049 52.322006432000080)",Unfall 62459 (2020) Kat:3, Licht: 0,62459,3,6,3,03,16,5,0,0,1,0,0,0
"POINT (9.724385508000069 52.454095395000081)",Unfall 62471 (2020) Kat:3, Licht: 0,62471,3,3,5,03,16,2,1,0,0,1,0,0
"POINT (9.626877959000069 52.423380785000063)",Unfall 62481 (2020) Kat:3, Licht: 0,62481,3,6,2,03,11,2,1,0,0,1,0,0
"POINT (10.049235410000051 52.467429479000032)",Unfall 62498 (2020) Kat:3, Licht: 2,62498,3,1,8,03,22,3,0,2,0,1,0,0
"POINT (9.811430597000026 52.528461958000037)",Unfall 62501 (2020) Kat:3, Licht: 0,62501,3,6,2,03,08,5,0,0,0,0,0,0
"POINT (9.723007221000046 52.358093419000056)",Unfall 62535 (2020) Kat:3, Licht: 0,62535,3,6,2,03,17,5,0,0,0,1,0,0
"POINT (9.467443355000057 52.422642347000078)",Unfall 62541 (2020) Kat:3, Licht: 0,62541,3,2,2,03,16,5,0,0,0,1,0,0
"POINT (9.709164778000059 52.408439108000039)",Unfall 62543 (2020) Kat:3, Licht: 0,62543,3,7,0,03,17,7,0,0,0,0,0,1
"POINT (9.464044307000052 52.402777348000029)",Unfall 62544 (2020) Kat:3, Licht: 0,62544,3,6,8,03,10,5,0,0,0,0,0,0
"POINT (9.924608339000031 52.349520072000075)",Unfall 62546 (2020) Kat:2, Licht: 0,62546,2,6,2,03,16,5,0,0,0,1,0,0
"POINT (9.694632122000030 52.419613477000041)",Unfall 62550 (2020) Kat:2, Licht: 2,62550,2,2,5,03,22,5,0,2,1,1,0,0
"POINT (9.837882863000061 52.310714884000049)",Unfall 62551 (2020) Kat:2, Licht: 2,62551,2,1,9,03,20,5,0,2,0,1,0,0
"POINT (9.768643602000054 52.426970314000073)",Unfall 62554 (2020) Kat:3, Licht: 0,62554,3,6,2,03,16,5,0,0,0,1,0,0
"POINT (9.694925876000070 52.430963533000067)",Unfall 62558 (2020) Kat:3, Licht: 0,62558,3,7,5,03,15,5,0,0,0,1,0,0
"POINT (9.429220385000065 52.427506701000027)",Unfall 62559 (2020) Kat:3, Licht: 0,62559,3,3,5,03,10,6,0,0,1,1,0,0
"POINT (9.712338058000057 52.404120149000050)",Unfall 62560 (2020) Kat:2, Licht: 0,62560,2,6,2,03,08,5,1,0,0,1,0,0
"POINT (9.863568082000029 52.330271054000036)",Unfall 62562 (2020) Kat:3, Licht: 2,62562,3,6,2,03,00,5,1,2,0,0,0,0
"POINT (9.733654387000058 52.384465217000070)",Unfall 62573 (2020) Kat:3, Licht: 0,62573,3,1,0,03,15,3,0,0,1,0,0,0
"POINT (9.646554716000026 52.397337367000034)",Unfall 62615 (2020) Kat:3, Licht: 0,62615,3,2,6,03,11,2,1,0,0,1,1,0
"POINT (9.728476245000024 52.368029579000051)",Unfall 62641 (2020) Kat:3, Licht: 0,62641,3,2,5,03,11,5,0,0,1,1,0,0
"POINT (9.631320119000066 52.264135599000042)",Unfall 62645 (2020) Kat:3, Licht: 0,62645,3,7,0,04,17,7,0,0,1,0,0,0
"POINT (9.705645027000060 52.412242557000070)",Unfall 62658 (2020) Kat:3, Licht: 2,62658,3,7,0,03,21,3,0,2,1,0,0,0
"POINT (9.997310901000049 52.507534535000048)",Unfall 62665 (2020) Kat:3, Licht: 0,62665,3,7,0,04,07,1,0,0,1,0,0,0
"POINT (9.788176793000048 52.454811055000050)",Unfall 62676 (2020) Kat:3, Licht: 0,62676,3,1,0,03,13,7,0,0,0,0,0,1
"POINT (9.903886733000036 52.444845988000054)",Unfall 62683 (2020) Kat:3, Licht: 0,62683,3,1,0,04,17,7,0,0,1,0,0,0
"POINT (9.862625176000051 52.405376031000060)",Unfall 62695 (2020) Kat:3, Licht: 0,62695,3,1,9,05,10,7,1,0,0,1,0,0
"POINT (9.795192199000042 52.394949768000060)",Unfall 62699 (2020) Kat:3, Licht: 0,62699,3,6,2,04,07,2,0,0,0,1,0,0
"POINT (9.629054469000039 52.264616143000069)",Unfall 62703 (2020) Kat:3, Licht: 0,62703,3,3,5,04,17,5,0,0,1,1,0,0
"POINT (9.431654136000077 52.319033795000053)",Unfall 62706 (2020) Kat:3, Licht: 0,62706,3,3,5,04,13,5,0,0,0,1,0,0
"POINT (9.746552428000030 52.197664148000058)",Unfall 62707 (2020) Kat:3, Licht: 0,62707,3,2,2,04,15,1,0,0,0,1,0,0
"POINT (9.531660284000054 52.408465622000051)",Unfall 62709 (2020) Kat:2, Licht: 2,62709,2,1,0,04,21,5,0,2,1,0,0,0
"POINT (9.743078496000067 52.604285233000041)",Unfall 62711 (2020) Kat:3, Licht: 2,62711,3,6,2,04,23,5,0,2,0,1,0,0
"POINT (9.608540533000053 52.392526503000056)",Unfall 62715 (2020) Kat:2, Licht: 2,62715,2,1,0,04,21,5,0,2,1,0,0,0
"POINT (9.822984289000033 52.426313874000073)",Unfall 62717 (2020) Kat:3, Licht: 0,62717,3,7,8,05,16,1,0,0,0,1,0,0
"POINT (9.768441758000051 52.338188082000045)",Unfall 62718 (2020) Kat:3, Licht: 0,62718,3,6,2,04,15,3,0,0,0,1,0,0
"POINT (9.560719805000076 52.422666344000049)",Unfall 62719 (2020) Kat:2, Licht: 0,62719,2,3,5,04,17,5,0,0,1,1,0,0
"POINT (9.794101313000056 52.216939131000061)",Unfall 62721 (2020) Kat:2, Licht: 0,62721,2,6,4,04,11,5,0,0,0,1,0,0
"POINT (9.429053948000046 52.355352667000034)",Unfall 62722 (2020) Kat:3, Licht: 1,62722,3,6,2,04,05,5,0,1,0,1,0,0
"POINT (9.862422205000030 52.405469162000031)",Unfall 62723 (2020) Kat:2, Licht: 0,62723,2,6,2,04,15,6,0,0,0,0,0,0
"POINT (9.793862227000034 52.394736318000071)",Unfall 62731 (2020) Kat:3, Licht: 0,62731,3,2,5,04,17,6,0,0,0,1,0,0
"POINT (9.754432857000040 52.370059124000079)",Unfall 62742 (2020) Kat:3, Licht: 0,62742,3,6,3,04,12,5,0,0,1,1,0,0
"POINT (10.024198997000042 52.432933629000047)",Unfall 62757 (2020) Kat:3, Licht: 0,62757,3,3,5,04,12,3,0,0,0,1,0,1
"POINT (9.596369012000025 52.394909278000057)",Unfall 62764 (2020) Kat:2, Licht: 0,62764,2,3,5,04,18,2,0,0,1,1,0,0
"POINT (10.103520220000064 52.456497204000073)",Unfall 62768 (2020) Kat:3, Licht: 0,62768,3,3,5,04,15,7,0,0,0,1,0,1
"POINT (9.609680368000056 52.304170100000078)",Unfall 62769 (2020) Kat:2, Licht: 0,62769,2,7,0,04,12,5,0,0,1,0,0,0
"POINT (9.712684813000067 52.366772654000044)",Unfall 62783 (2020) Kat:3, Licht: 0,62783,3,2,5,04,15,5,0,0,1,1,0,0
"POINT (9.850858782000046 52.478063959000053)",Unfall 62784 (2020) Kat:3, Licht: 0,62784,3,6,3,04,09,5,0,0,0,1,0,0
"POINT (9.756733996000037 52.370185341000081)",Unfall 62787 (2020) Kat:3, Licht: 0,62787,3,3,5,04,15,1,0,0,1,1,0,0
"POINT (9.696049328000072 52.214079802000072)",Unfall 62788 (2020) Kat:3, Licht: 0,62788,3,7,0,04,15,4,0,0,1,0,0,0
"POINT (9.470326992000025 52.301391810000041)",Unfall 62790 (2020) Kat:3, Licht: 0,62790,3,6,2,04,17,4,0,0,0,1,0,0
"POINT (9.816673903000037 52.284633957000040)",Unfall 62792 (2020) Kat:3, Licht: 0,62792,3,6,2,04,12,4,0,0,0,1,0,0
"POINT (9.754905692000023 52.547826002000079)",Unfall 62793 (2020) Kat:3, Licht: 0,62793,3,3,5,05,13,1,0,0,1,0,0,1
"POINT (9.888676665000048 52.427383091000081)",Unfall 62794 (2020) Kat:2, Licht: 0,62794,2,1,9,04,17,4,0,0,0,0,0,1
"POINT (9.715045011000029 52.366640970000049)",Unfall 62798 (2020) Kat:3, Licht: 0,62798,3,5,0,04,09,4,0,0,1,1,0,0
"POINT (9.615861295000059 52.351790233000031)",Unfall 62801 (2020) Kat:3, Licht: 1,62801,3,1,9,04,05,4,0,1,0,1,0,0
"POINT (9.658941342000048 52.426180134000049)",Unfall 62811 (2020) Kat:2, Licht: 0,62811,2,6,3,04,16,7,0,0,0,1,0,1
"POINT (10.014462171000048 52.382806363000043)",Unfall 62823 (2020) Kat:3, Licht: 0,62823,3,2,4,05,11,7,1,0,0,1,0,0
"POINT (9.722711525000022 52.337531910000052)",Unfall 62827 (2020) Kat:3, Licht: 0,62827,3,1,0,04,14,2,0,0,0,0,0,1
"POINT (9.762682093000024 52.370407833000058)",Unfall 62829 (2020) Kat:3, Licht: 0,62829,3,1,9,04,06,4,0,0,0,1,0,0
"POINT (9.817710365000039 52.300034821000054)",Unfall 62858 (2020) Kat:3, Licht: 0,62858,3,2,5,04,19,3,0,0,1,1,0,0
"POINT (9.847681462000026 52.436935621000032)",Unfall 62863 (2020) Kat:2, Licht: 0,62863,2,2,4,04,09,3,0,0,1,1,0,0
"POINT (9.778957587000036 52.573172364000072)",Unfall 62866 (2020) Kat:3, Licht: 0,62866,3,6,3,04,07,3,0,0,0,1,0,0
"POINT (9.559458565000057 52.422652940000035)",Unfall 62873 (2020) Kat:3, Licht: 0,62873,3,1,8,04,15,1,0,0,1,0,0,0
"POINT (9.731564063000064 52.369565281000064)",Unfall 62899 (2020) Kat:3, Licht: 0,62899,3,6,2,04,15,2,0,0,0,1,0,0
"POINT (9.773768152000059 52.428237452000076)",Unfall 62900 (2020) Kat:3, Licht: 0,62900,3,6,2,04,17,2,0,0,0,1,0,0
"POINT (9.505079803000058 52.170456704000060)",Unfall 62901 (2020) Kat:3, Licht: 0,62901,3,2,4,04,18,6,0,0,0,1,0,0
"POINT (10.165577133000056 52.436962911000080)",Unfall 62903 (2020) Kat:3, Licht: 0,62903,3,2,5,04,15,2,0,0,0,1,0,1
"POINT (9.666208012000027 52.343747852000035)",Unfall 62911 (2020) Kat:3, Licht: 0,62911,3,6,2,04,16,5,0,0,1,0,0,0
"POINT (9.670647122000048 52.358339645000058)",Unfall 62916 (2020) Kat:3, Licht: 0,62916,3,2,5,04,17,6,0,0,1,1,0,0
"POINT (9.873288027000058 52.470334682000043)",Unfall 62934 (2020) Kat:3, Licht: 0,62934,3,3,5,04,08,3,0,0,0,1,0,1
"POINT (9.910786398000028 52.395862035000050)",Unfall 62939 (2020) Kat:2, Licht: 0,62939,2,6,3,04,14,6,0,0,0,1,0,1
"POINT (9.732996695000054 52.545637867000039)",Unfall 62943 (2020) Kat:3, Licht: 0,62943,3,7,1,04,12,2,0,0,1,1,0,0
"POINT (9.434109201000069 52.421941656000058)",Unfall 62944 (2020) Kat:3, Licht: 0,62944,3,7,0,04,14,1,0,0,1,0,0,0
"POINT (9.762846222000064 52.344410806000042)",Unfall 62945 (2020) Kat:3, Licht: 0,62945,3,3,5,04,18,6,0,0,0,1,0,0
"POINT (9.452358181000022 52.432771067000033)",Unfall 62946 (2020) Kat:3, Licht: 0,62946,3,3,5,04,13,1,0,0,1,0,0,0
"POINT (9.422934638000072 52.429387813000062)",Unfall 62948 (2020) Kat:3, Licht: 0,62948,3,1,0,04,06,5,1,0,0,0,0,1
"POINT (9.427809642000057 52.558463904000064)",Unfall 62949 (2020) Kat:2, Licht: 0,62949,2,7,9,04,09,5,0,0,0,1,0,0
"POINT (9.428854411000032 52.320175513000038)",Unfall 62950 (2020) Kat:3, Licht: 0,62950,3,3,5,04,18,1,0,0,1,1,0,0
"POINT (9.460256165000033 52.388077728000042)",Unfall 62952 (2020) Kat:2, Licht: 1,62952,2,7,0,04,20,1,0,1,1,0,0,0
"POINT (9.896981443000072 52.351615839000033)",Unfall 62953 (2020) Kat:3, Licht: 0,62953,3,1,0,04,13,1,0,0,0,0,0,1
"POINT (9.454285273000039 52.388537112000051)",Unfall 62954 (2020) Kat:3, Licht: 0,62954,3,2,5,04,16,6,0,0,0,1,0,1
"POINT (9.701331975000073 52.169826863000026)",Unfall 62955 (2020) Kat:2, Licht: 0,62955,2,3,5,04,16,1,0,0,0,1,0,1
"POINT (10.038602105000052 52.422275795000076)",Unfall 62957 (2020) Kat:2, Licht: 0,62957,2,2,3,04,11,4,0,0,0,1,0,0
"POINT (9.631112133000045 52.378634758000032)",Unfall 62973 (2020) Kat:3, Licht: 0,62973,3,1,0,04,12,6,0,0,1,0,0,0
"POINT (9.630684095000049 52.330668422000031)",Unfall 62984 (2020) Kat:3, Licht: 0,62984,3,3,5,04,13,6,0,0,0,1,0,0
"POINT (9.730473428000039 52.491570982000042)",Unfall 62994 (2020) Kat:3, Licht: 0,62994,3,6,2,04,18,4,0,0,0,1,0,0
"POINT (9.585072323000077 52.321406757000034)",Unfall 63013 (2020) Kat:3, Licht: 0,63013,3,6,4,04,19,6,0,0,1,0,0,0
"POINT (9.749278310000022 52.273354928000060)",Unfall 63019 (2020) Kat:3, Licht: 0,63019,3,3,5,04,17,7,0,0,1,1,0,0
"POINT (9.718165836000026 52.394500486000027)",Unfall 63027 (2020) Kat:3, Licht: 0,63027,3,1,0,04,16,6,0,0,1,0,0,0
"POINT (9.780200845000024 52.571977795000066)",Unfall 63039 (2020) Kat:3, Licht: 0,63039,3,1,8,05,11,7,1,0,0,1,0,0
"POINT (9.731420795000076 52.433668615000045)",Unfall 63040 (2020) Kat:3, Licht: 0,63040,3,7,0,04,16,6,0,0,1,0,0,0
"POINT (9.735230670000021 52.405543229000045)",Unfall 63043 (2020) Kat:3, Licht: 0,63043,3,2,2,04,10,2,0,0,0,1,0,0
"POINT (9.790409356000055 52.558554463000064)",Unfall 63046 (2020) Kat:3, Licht: 0,63046,3,6,3,04,17,6,0,0,0,1,0,0
"POINT (9.567710101000046 52.294184149000046)",Unfall 63047 (2020) Kat:3, Licht: 0,63047,3,6,6,04,17,7,0,0,0,1,1,0
"POINT (9.609351551000032 52.438005106000048)",Unfall 63050 (2020) Kat:3, Licht: 0,63050,3,2,3,04,07,7,0,0,1,1,0,0
"POINT (9.707791189000034 52.410032189000049)",Unfall 63053 (2020) Kat:3, Licht: 0,63053,3,6,2,04,12,7,0,0,0,1,0,0
"POINT (9.733923138000023 52.478274222000039)",Unfall 63054 (2020) Kat:2, Licht: 0,63054,2,2,6,04,06,6,0,0,0,1,1,0
"POINT (9.776234708000061 52.329057210000030)",Unfall 63061 (2020) Kat:3, Licht: 2,63061,3,4,6,05,23,1,0,2,0,1,1,0
"POINT (9.866563763000045 52.493478172000039)",Unfall 63063 (2020) Kat:3, Licht: 0,63063,3,3,5,04,11,3,0,0,1,0,0,0
"POINT (9.589573976000054 52.439208760000042)",Unfall 63068 (2020) Kat:3, Licht: 0,63068,3,1,0,04,11,6,0,0,0,1,0,1
"POINT (9.684892529000024 52.360140903000058)",Unfall 63077 (2020) Kat:3, Licht: 2,63077,3,1,8,04,22,5,1,2,0,1,0,0
"POINT (9.703091907000044 52.422834893000072)",Unfall 63078 (2020) Kat:3, Licht: 0,63078,3,4,6,04,15,5,0,0,0,1,1,0
"POINT (9.860107203000041 52.455896901000074)",Unfall 63091 (2020) Kat:3, Licht: 0,63091,3,7,0,04,05,1,0,0,0,1,0,0
"POINT (9.425258786000029 52.429455122000036)",Unfall 63105 (2020) Kat:3, Licht: 0,63105,3,2,2,04,10,3,0,0,0,1,0,0
"POINT (10.171918055000049 52.396087347000048)",Unfall 63110 (2020) Kat:3, Licht: 0,63110,3,1,8,04,06,6,0,0,0,1,0,0
"POINT (9.762129435000077 52.453152524000075)",Unfall 63112 (2020) Kat:2, Licht: 0,63112,2,4,6,04,14,2,0,0,0,1,1,0
"POINT (10.054431865000026 52.509081345000027)",Unfall 63113 (2020) Kat:3, Licht: 0,63113,3,2,3,04,14,6,0,0,1,0,0,1
"POINT (9.630429573000072 52.485183681000080)",Unfall 63115 (2020) Kat:2, Licht: 0,63115,2,1,9,04,18,6,0,0,0,1,0,0
"POINT (9.670784371000025 52.441330432000029)",Unfall 63118 (2020) Kat:3, Licht: 0,63118,3,6,2,04,13,5,1,0,0,1,0,0
"POINT (9.736197525000023 52.399236730000041)",Unfall 63120 (2020) Kat:3, Licht: 2,63120,3,3,5,04,00,6,0,2,0,1,0,0
"POINT (9.524618936000024 52.416920470000036)",Unfall 63127 (2020) Kat:1, Licht: 0,63127,1,1,3,04,16,4,0,0,0,1,0,0
"POINT (9.399420155000030 52.332351130000063)",Unfall 63138 (2020) Kat:3, Licht: 0,63138,3,6,2,05,10,1,0,0,0,1,0,0
"POINT (9.736213121000048 52.399104147000060)",Unfall 63169 (2020) Kat:3, Licht: 0,63169,3,6,2,05,12,7,1,0,0,1,0,0
"POINT (9.779636003000064 52.428151057000036)",Unfall 63212 (2020) Kat:3, Licht: 2,63212,3,1,8,04,05,2,0,2,0,1,0,0
"POINT (9.523490081000034 52.352057296000055)",Unfall 63220 (2020) Kat:3, Licht: 0,63220,3,1,0,04,15,1,0,0,1,0,0,0
"POINT (9.729435271000057 52.384963190000065)",Unfall 63222 (2020) Kat:3, Licht: 0,63222,3,6,2,04,16,5,0,0,0,1,0,0
"POINT (9.493602232000058 52.290510335000079)",Unfall 63224 (2020) Kat:3, Licht: 0,63224,3,7,0,04,16,5,0,0,1,0,0,0
"POINT (9.494823454000027 52.278202722000060)",Unfall 63228 (2020) Kat:3, Licht: 0,63228,3,1,4,04,12,5,0,0,0,0,0,1
"POINT (9.795726122000076 52.549607037000044)",Unfall 63232 (2020) Kat:2, Licht: 0,63232,2,6,2,04,11,3,0,0,0,0,0,0
"POINT (9.743676527000048 52.547447386000044)",Unfall 63233 (2020) Kat:3, Licht: 0,63233,3,7,0,04,11,5,0,0,0,1,0,1
"POINT (9.442183289000070 52.416809312000055)",Unfall 63249 (2020) Kat:3, Licht: 0,63249,3,2,5,04,15,6,0,0,0,1,0,1
"POINT (9.756692411000074 52.254485456000054)",Unfall 63259 (2020) Kat:3, Licht: 0,63259,3,2,4,04,12,5,0,0,0,1,0,0
"POINT (9.545045389000052 52.310338353000077)",Unfall 63288 (2020) Kat:1, Licht: 0,63288,1,1,8,04,17,6,0,0,0,0,0,1
"POINT (9.823832368000069 52.384166895000078)",Unfall 63297 (2020) Kat:3, Licht: 0,63297,3,2,0,04,21,5,0,0,1,1,0,0
"POINT (9.774215938000054 52.428197895000039)",Unfall 63298 (2020) Kat:2, Licht: 0,63298,2,2,5,04,10,5,0,0,0,1,0,0
"POINT (9.630331734000038 52.226336859000071)",Unfall 63301 (2020) Kat:3, Licht: 0,63301,3,7,9,04,15,1,0,0,0,0,0,1
"POINT (9.740177857000049 52.209329853000042)",Unfall 63306 (2020) Kat:2, Licht: 2,63306,2,7,1,04,05,4,0,2,0,1,0,0
"POINT (9.989777691000029 52.317881253000053)",Unfall 63307 (2020) Kat:3, Licht: 0,63307,3,1,8,05,16,1,0,0,0,0,0,1
"POINT (9.735047153000039 52.392357173000050)",Unfall 63311 (2020) Kat:3, Licht: 0,63311,3,6,3,04,12,7,0,0,0,1,0,1
"POINT (9.549794578000046 52.421447855000054)",Unfall 63337 (2020) Kat:2, Licht: 0,63337,2,1,3,04,10,5,1,0,0,1,0,0
"POINT (9.647492913000065 52.413408409000056)",Unfall 63342 (2020) Kat:3, Licht: 0,63342,3,3,5,04,12,4,0,0,1,1,0,0
"POINT (9.492765015000032 52.415504336000026)",Unfall 63343 (2020) Kat:3, Licht: 0,63343,3,6,2,04,08,4,0,0,0,0,0,0
"POINT (9.731420564000075 52.433667368000044)",Unfall 63344 (2020) Kat:3, Licht: 0,63344,3,3,5,04,11,4,0,0,1,1,0,0
"POINT (9.646522976000028 52.399128765000057)",Unfall 63346 (2020) Kat:3, Licht: 0,63346,3,6,0,04,12,4,0,0,1,1,0,0
"POINT (9.509126848000051 52.289887284000031)",Unfall 63350 (2020) Kat:3, Licht: 0,63350,3,6,2,04,13,4,0,0,0,1,0,0
"POINT (10.130449478000060 52.398114265000061)",Unfall 63353 (2020) Kat:3, Licht: 0,63353,3,3,0,04,18,4,0,0,0,1,0,0
"POINT (9.973960168000076 52.372592045000033)",Unfall 63354 (2020) Kat:3, Licht: 0,63354,3,6,2,04,18,4,0,0,0,1,0,0
"POINT (9.818810160000055 52.288837699000055)",Unfall 63357 (2020) Kat:3, Licht: 0,63357,3,2,5,04,17,4,0,0,1,1,0,0
"POINT (9.631346539000049 52.505827707000037)",Unfall 63360 (2020) Kat:3, Licht: 0,63360,3,3,5,04,09,4,0,0,0,1,0,0
"POINT (9.699286247000032 52.442375606000041)",Unfall 63387 (2020) Kat:3, Licht: 0,63387,3,6,2,05,11,7,1,0,0,1,0,0
"POINT (9.991030373000058 52.413083934000042)",Unfall 63391 (2020) Kat:3, Licht: 0,63391,3,6,2,04,16,2,0,0,0,1,0,0
"POINT (9.649568712000075 52.394845446000033)",Unfall 63415 (2020) Kat:3, Licht: 0,63415,3,3,5,04,13,6,0,0,1,1,0,0
"POINT (9.533601766000061 52.461548986000082)",Unfall 63425 (2020) Kat:3, Licht: 0,63425,3,2,4,04,12,5,0,0,0,1,0,1
"POINT (9.899588557000072 52.401331107000033)",Unfall 63438 (2020) Kat:3, Licht: 0,63438,3,3,5,04,13,1,0,0,0,1,0,0
"POINT (9.646161877000054 52.403720554000074)",Unfall 63440 (2020) Kat:3, Licht: 0,63440,3,6,2,04,16,3,0,0,0,1,0,1
"POINT (9.406198790000076 52.410553974000038)",Unfall 63442 (2020) Kat:2, Licht: 0,63442,2,1,8,04,19,3,0,0,0,0,0,1
"POINT (9.783449485000062 52.568876791000037)",Unfall 63446 (2020) Kat:1, Licht: 0,63446,1,6,2,04,13,3,0,0,0,0,0,0
"POINT (9.819914285000039 52.513629340000080)",Unfall 63450 (2020) Kat:3, Licht: 0,63450,3,6,2,04,15,3,0,0,0,0,0,0
"POINT (9.697537488000023 52.377396380000050)",Unfall 63451 (2020) Kat:3, Licht: 0,63451,3,6,2,04,14,3,0,0,0,1,0,0
"POINT (9.972520503000055 52.372770633000073)",Unfall 63452 (2020) Kat:2, Licht: 0,63452,2,5,1,04,07,3,0,0,1,1,0,0
"POINT (9.733029413000054 52.426498346000074)",Unfall 63458 (2020) Kat:3, Licht: 0,63458,3,6,3,04,17,2,0,0,0,1,0,0
"POINT (9.692430293000030 52.527016388000050)",Unfall 63463 (2020) Kat:3, Licht: 0,63463,3,1,9,04,08,5,1,0,0,1,0,0
"POINT (9.461244928000042 52.468389470000034)",Unfall 63467 (2020) Kat:2, Licht: 0,63467,2,3,5,04,13,1,0,0,0,1,0,1
"POINT (9.648648887000036 52.424045703000047)",Unfall 63472 (2020) Kat:3, Licht: 0,63472,3,6,3,04,20,4,0,0,0,1,0,0
"POINT (9.508000306000042 52.286831059000065)",Unfall 63507 (2020) Kat:3, Licht: 0,63507,3,7,0,04,18,7,0,0,1,0,0,0
"POINT (9.589389125000025 52.439149912000062)",Unfall 63513 (2020) Kat:3, Licht: 0,63513,3,6,2,05,12,7,1,0,0,1,0,0
"POINT (9.587641972000029 52.414988854000057)",Unfall 63514 (2020) Kat:3, Licht: 0,63514,3,6,0,04,14,7,0,0,1,1,0,0
"POINT (9.426758072000041 52.429480625000053)",Unfall 63520 (2020) Kat:3, Licht: 0,63520,3,6,2,04,13,2,0,0,0,1,0,0
"POINT (9.615864759000033 52.351979015000040)",Unfall 63523 (2020) Kat:3, Licht: 0,63523,3,6,2,04,17,2,0,0,1,1,0,0
"POINT (9.709535985000059 52.408009322000055)",Unfall 63526 (2020) Kat:3, Licht: 0,63526,3,2,5,04,15,2,0,0,1,0,0,0
"POINT (9.698748412000043 52.347390666000081)",Unfall 63546 (2020) Kat:3, Licht: 0,63546,3,7,5,05,13,1,0,0,0,1,0,1
"POINT (9.405859669000051 52.426556356000049)",Unfall 63547 (2020) Kat:3, Licht: 0,63547,3,6,4,05,14,1,0,0,0,1,0,0
"POINT (9.842419808000045 52.388131163000082)",Unfall 63548 (2020) Kat:3, Licht: 0,63548,3,1,8,05,13,1,0,0,0,1,0,0
"POINT (9.701108991000069 52.371069516000034)",Unfall 63549 (2020) Kat:3, Licht: 0,63549,3,6,2,05,18,1,0,0,0,1,0,0
"POINT (9.474223383000037 52.389293720000069)",Unfall 63550 (2020) Kat:2, Licht: 0,63550,2,1,0,05,15,1,0,0,1,0,0,0
"POINT (10.202573844000028 52.463983280000036)",Unfall 63551 (2020) Kat:2, Licht: 0,63551,2,1,0,05,12,1,0,0,0,0,0,1
"POINT (9.812215293000065 52.429498029000058)",Unfall 63552 (2020) Kat:3, Licht: 0,63552,3,6,3,05,12,1,0,0,0,1,0,0
"POINT (9.722599737000053 52.337565976000064)",Unfall 63586 (2020) Kat:3, Licht: 0,63586,3,6,2,05,16,7,0,0,0,1,0,1
"POINT (9.719263763000072 52.349102130000063)",Unfall 63587 (2020) Kat:3, Licht: 0,63587,3,2,2,05,11,7,0,0,0,1,0,0
"POINT (9.608820168000023 52.443676815000060)",Unfall 63588 (2020) Kat:3, Licht: 2,63588,3,7,0,05,23,7,0,2,1,0,0,0
"POINT (9.728854854000076 52.581850140000029)",Unfall 63589 (2020) Kat:3, Licht: 0,63589,3,6,6,05,11,7,0,0,1,0,1,0
"POINT (9.976341765000029 52.372517056000049)",Unfall 63590 (2020) Kat:3, Licht: 0,63590,3,7,0,05,10,7,0,0,0,0,0,1
"POINT (9.869995099000050 52.500764382000057)",Unfall 63591 (2020) Kat:3, Licht: 0,63591,3,6,2,05,10,7,0,0,0,1,0,0
"POINT (9.975882509000030 52.509462168000027)",Unfall 63592 (2020) Kat:3, Licht: 0,63592,3,3,5,05,17,7,0,0,1,1,0,0
"POINT (9.729051026000036 52.522112147000030)",Unfall 63593 (2020) Kat:2, Licht: 0,63593,2,2,5,05,12,7,0,0,0,1,0,1
"POINT (9.545947861000059 52.340325745000030)",Unfall 63639 (2020) Kat:3, Licht: 0,63639,3,2,5,05,16,6,0,0,0,1,0,0
"POINT (9.500328079000042 52.338749694000057)",Unfall 63640 (2020) Kat:3, Licht: 0,63640,3,6,4,05,14,6,0,0,0,1,0,0
"POINT (9.728761227000064 52.491745634000040)",Unfall 63641 (2020) Kat:3, Licht: 0,63641,3,6,2,05,13,6,0,0,0,1,0,0
"POINT (9.734240636000038 52.336766621000038)",Unfall 63642 (2020) Kat:3, Licht: 0,63642,3,6,2,05,15,6,0,0,0,1,0,0
"POINT (9.823615665000034 52.408397643000058)",Unfall 63643 (2020) Kat:3, Licht: 0,63643,3,1,9,05,15,6,0,0,0,0,0,0
"POINT (9.846725682000056 52.413169001000028)",Unfall 63644 (2020) Kat:3, Licht: 2,63644,3,6,9,05,01,6,0,2,0,1,0,0
"POINT (9.762200344000064 52.370416647000070)",Unfall 63679 (2020) Kat:3, Licht: 0,63679,3,2,5,05,12,5,0,0,1,1,0,0
"POINT (9.853575052000053 52.491607287000079)",Unfall 63680 (2020) Kat:3, Licht: 0,63680,3,7,8,05,15,5,0,0,0,1,0,0
"POINT (9.437250839000058 52.419261438000035)",Unfall 63681 (2020) Kat:3, Licht: 0,63681,3,1,0,05,15,5,0,0,0,0,0,0
"POINT (9.457307126000046 52.388256827000077)",Unfall 63682 (2020) Kat:3, Licht: 0,63682,3,7,9,05,07,5,0,0,0,1,0,0
"POINT (9.622233290000054 52.426274689000081)",Unfall 63683 (2020) Kat:3, Licht: 0,63683,3,7,2,05,16,5,0,0,0,1,0,0
"POINT (9.743170764000070 52.547438892000059)",Unfall 63684 (2020) Kat:3, Licht: 0,63684,3,3,5,05,15,5,0,0,1,1,0,0
"POINT (9.664746073000060 52.427136795000081)",Unfall 63685 (2020) Kat:1, Licht: 0,63685,1,6,2,05,17,5,0,0,0,0,0,0
"POINT (9.657776699000067 52.356981405000056)",Unfall 63686 (2020) Kat:3, Licht: 0,63686,3,3,5,05,14,5,0,0,1,1,0,0
"POINT (9.507971983000061 52.340351046000080)",Unfall 63687 (2020) Kat:2, Licht: 0,63687,2,3,5,05,16,5,0,0,1,0,0,0
"POINT (9.558147810000037 52.197204350000050)",Unfall 63688 (2020) Kat:2, Licht: 0,63688,2,3,5,05,15,5,0,0,1,1,0,0
"POINT (9.862163119000059 52.366284651000058)",Unfall 63689 (2020) Kat:2, Licht: 0,63689,2,2,5,05,08,5,0,0,1,0,0,0
"POINT (9.859384257000045 52.306873659000075)",Unfall 63728 (2020) Kat:3, Licht: 0,63728,3,6,2,05,12,4,0,0,0,1,0,0
"POINT (9.707781771000043 52.409716182000068)",Unfall 63729 (2020) Kat:3, Licht: 0,63729,3,6,3,05,17,4,0,0,0,1,0,0
"POINT (9.707971828000041 52.420832477000033)",Unfall 63730 (2020) Kat:3, Licht: 0,63730,3,2,5,05,15,4,0,0,0,1,0,1
"POINT (9.474255160000041 52.389270718000034)",Unfall 63731 (2020) Kat:3, Licht: 0,63731,3,3,5,05,11,4,0,0,1,1,0,0
"POINT (9.611690122000027 52.436869670000078)",Unfall 63732 (2020) Kat:3, Licht: 0,63732,3,3,5,05,15,4,0,0,0,1,0,1
"POINT (9.727055303000043 52.572889801000031)",Unfall 63733 (2020) Kat:3, Licht: 0,63733,3,6,6,05,16,4,0,0,1,0,1,0
"POINT (9.968885229000023 52.315177409000057)",Unfall 63734 (2020) Kat:3, Licht: 0,63734,3,2,4,05,09,4,0,0,0,1,0,0
"POINT (9.715045106000048 52.440918669000041)",Unfall 63735 (2020) Kat:3, Licht: 0,63735,3,6,2,05,17,4,0,0,0,1,0,0
"POINT (9.787986700000033 52.355535016000033)",Unfall 63736 (2020) Kat:3, Licht: 0,63736,3,6,2,05,07,4,0,0,0,1,0,0
"POINT (9.697739817000070 52.377146186000061)",Unfall 63771 (2020) Kat:3, Licht: 0,63771,3,6,2,05,10,3,0,0,0,1,0,0
"POINT (9.826156681000043 52.341272374000027)",Unfall 63772 (2020) Kat:3, Licht: 0,63772,3,7,6,05,11,3,0,0,0,1,1,0
"POINT (9.477272776000064 52.387335401000030)",Unfall 63773 (2020) Kat:3, Licht: 0,63773,3,2,5,05,14,3,0,0,0,1,0,0
"POINT (9.673625590000029 52.441334763000043)",Unfall 63774 (2020) Kat:3, Licht: 0,63774,3,4,6,05,16,3,0,0,0,0,1,0
"POINT (9.609548980000056 52.289148637000039)",Unfall 63775 (2020) Kat:2, Licht: 0,63775,2,1,0,05,17,3,0,0,1,0,0,0
"POINT (9.858309049000070 52.387351961000036)",Unfall 63802 (2020) Kat:3, Licht: 0,63802,3,3,5,05,14,2,0,0,1,1,0,0
"POINT (9.862360709000029 52.371479429000033)",Unfall 63803 (2020) Kat:3, Licht: 0,63803,3,3,5,05,13,2,0,0,0,1,0,0
"POINT (9.729335962000050 52.381938469000033)",Unfall 63804 (2020) Kat:3, Licht: 0,63804,3,5,1,05,16,2,0,0,0,1,0,1
"POINT (9.413489805000040 52.332941341000037)",Unfall 63805 (2020) Kat:3, Licht: 0,63805,3,6,3,05,19,2,0,0,0,1,0,0
"POINT (10.139560175000042 52.365800062000062)",Unfall 63806 (2020) Kat:3, Licht: 0,63806,3,2,4,05,16,2,0,0,0,1,0,0
"POINT (9.747885707000023 52.202553756000043)",Unfall 63859 (2020) Kat:2, Licht: 0,63859,2,2,2,05,16,3,0,0,0,1,0,1
"POINT (9.645964899000035 52.408924978000073)",Unfall 63860 (2020) Kat:3, Licht: 0,63860,3,6,2,05,15,3,0,0,0,1,0,0
"POINT (9.599613763000036 52.332857496000031)",Unfall 63861 (2020) Kat:3, Licht: 0,63861,3,1,8,05,17,3,0,0,0,0,0,1
"POINT (9.759330140000031 52.522143834000076)",Unfall 63862 (2020) Kat:3, Licht: 0,63862,3,7,0,05,19,3,0,0,1,0,0,0
"POINT (9.463290415000074 52.535501667000062)",Unfall 63863 (2020) Kat:3, Licht: 0,63863,3,6,9,05,18,3,0,0,0,1,0,1
"POINT (9.546030401000053 52.340329289000067)",Unfall 63864 (2020) Kat:2, Licht: 0,63864,2,2,5,05,08,3,0,0,0,1,0,0
"POINT (9.843068201000051 52.394633958000043)",Unfall 63899 (2020) Kat:2, Licht: 0,63899,2,4,6,05,15,2,0,0,0,0,1,0
"POINT (9.726744025000073 52.544612767000046)",Unfall 63900 (2020) Kat:2, Licht: 0,63900,2,2,6,05,10,2,0,0,0,0,1,0
"POINT (9.786822101000041 52.389999508000074)",Unfall 63901 (2020) Kat:3, Licht: 0,63901,3,6,2,05,08,2,0,0,0,1,0,0
"POINT (9.794826137000030 52.316001804000052)",Unfall 63918 (2020) Kat:3, Licht: 0,63918,3,3,5,05,16,1,0,0,1,0,0,0
"POINT (10.048016374000042 52.464134002000037)",Unfall 63919 (2020) Kat:3, Licht: 0,63919,3,1,8,05,07,1,0,0,0,1,0,0
"POINT (9.694790596000075 52.337548134000031)",Unfall 63920 (2020) Kat:3, Licht: 0,63920,3,3,5,05,11,1,0,0,0,1,0,0
"POINT (9.867518625000059 52.314070950000030)",Unfall 63944 (2020) Kat:2, Licht: 0,63944,2,7,3,05,16,7,0,0,0,1,0,0
"POINT (9.736766753000040 52.427383977000034)",Unfall 63945 (2020) Kat:3, Licht: 0,63945,3,7,2,05,08,7,0,0,0,1,0,0
"POINT (9.734294996000074 52.427385569000080)",Unfall 63946 (2020) Kat:3, Licht: 0,63946,3,6,2,05,09,7,0,0,0,1,0,0
"POINT (9.806889642000044 52.308071094000070)",Unfall 63978 (2020) Kat:3, Licht: 0,63978,3,6,2,05,11,6,0,0,0,1,0,0
"POINT (9.448787450000054 52.504744929000026)",Unfall 63979 (2020) Kat:2, Licht: 0,63979,2,1,0,05,15,6,0,0,1,0,0,0
"POINT (9.737976374000027 52.319614301000058)",Unfall 63980 (2020) Kat:3, Licht: 0,63980,3,6,2,05,12,6,0,0,0,1,0,0
"POINT (10.169122118000075 52.465394062000030)",Unfall 63981 (2020) Kat:2, Licht: 0,63981,2,3,5,05,12,6,0,0,1,1,0,0
"POINT (10.013041916000077 52.445684423000046)",Unfall 64015 (2020) Kat:1, Licht: 0,64015,1,7,0,05,11,5,0,0,1,0,0,0
"POINT (9.659000047000063 52.387820804000057)",Unfall 64016 (2020) Kat:3, Licht: 0,64016,3,1,8,05,16,5,0,0,0,1,0,0
"POINT (9.563909314000057 52.364663937000046)",Unfall 64017 (2020) Kat:3, Licht: 0,64017,3,3,0,05,11,5,0,0,0,1,0,0
"POINT (9.691832270000077 52.296454068000060)",Unfall 64018 (2020) Kat:3, Licht: 0,64018,3,1,8,05,16,5,0,0,0,1,0,0
"POINT (9.452920192000022 52.504923795000082)",Unfall 64019 (2020) Kat:3, Licht: 0,64019,3,4,6,05,12,5,0,0,0,1,1,0
"POINT (9.761644457000045 52.345755570000051)",Unfall 64021 (2020) Kat:3, Licht: 0,64021,3,3,5,05,19,5,0,0,0,1,0,0
"POINT (9.626100450000024 52.408144339000046)",Unfall 64043 (2020) Kat:3, Licht: 0,64043,3,2,2,05,10,4,0,0,0,1,0,0
"POINT (9.720646617000057 52.391484221000042)",Unfall 64044 (2020) Kat:3, Licht: 0,64044,3,6,6,05,12,4,0,0,1,0,1,0
"POINT (9.719391617000042 52.346640635000028)",Unfall 64045 (2020) Kat:3, Licht: 0,64045,3,2,5,05,13,4,0,0,0,1,0,0
"POINT (9.721742501000051 52.378456672000027)",Unfall 64046 (2020) Kat:3, Licht: 0,64046,3,6,2,05,09,4,0,0,0,1,0,0
"POINT (9.755238425000073 52.273983980000082)",Unfall 64047 (2020) Kat:3, Licht: 0,64047,3,3,0,05,08,4,0,0,1,1,0,0
"POINT (9.467253042000039 52.332865453000068)",Unfall 64048 (2020) Kat:2, Licht: 2,64048,2,3,5,05,21,4,0,2,0,1,0,0
"POINT (9.685030547000054 52.374553822000053)",Unfall 64049 (2020) Kat:2, Licht: 0,64049,2,3,5,05,17,4,0,0,0,0,0,1
"POINT (9.587694053000064 52.334342360000051)",Unfall 64071 (2020) Kat:3, Licht: 0,64071,3,6,4,05,14,3,0,0,0,1,0,0
"POINT (9.733802193000031 52.417357272000061)",Unfall 64072 (2020) Kat:3, Licht: 0,64072,3,2,5,05,11,3,0,0,0,1,0,0
"POINT (9.425690528000075 52.331603448000067)",Unfall 64079 (2020) Kat:3, Licht: 0,64079,3,6,2,05,16,4,0,0,0,1,0,0
"POINT (10.092662481000048 52.487073440000074)",Unfall 64083 (2020) Kat:3, Licht: 0,64083,3,5,1,05,13,4,0,0,0,1,0,0
"POINT (9.733532542000035 52.416608960000076)",Unfall 64091 (2020) Kat:3, Licht: 0,64091,3,3,5,05,11,4,0,0,1,1,0,0
"POINT (9.761423284000045 52.277941901000077)",Unfall 64096 (2020) Kat:2, Licht: 0,64096,2,6,8,05,08,4,0,0,0,1,0,1
"POINT (9.666254143000060 52.428645784000082)",Unfall 64101 (2020) Kat:3, Licht: 0,64101,3,6,2,05,16,4,0,0,0,1,0,0
"POINT (9.432950648000031 52.542236957000057)",Unfall 64120 (2020) Kat:3, Licht: 0,64120,3,1,9,05,16,2,0,0,0,1,0,0
"POINT (10.054283110000029 52.535853253000028)",Unfall 64121 (2020) Kat:2, Licht: 2,64121,2,7,7,05,22,2,0,2,0,1,0,0
"POINT (9.885321371000032 52.358681132000072)",Unfall 64122 (2020) Kat:3, Licht: 0,64122,3,6,2,05,18,2,0,0,0,1,0,0
"POINT (9.817549625000027 52.300662634000048)",Unfall 64123 (2020) Kat:3, Licht: 0,64123,3,3,0,05,13,2,0,0,1,1,0,0
"POINT (9.749109825000062 52.369228397000029)",Unfall 64170 (2020) Kat:3, Licht: 0,64170,3,7,0,05,19,5,0,0,1,0,1,0
"POINT (9.734031067000046 52.368878122000069)",Unfall 64171 (2020) Kat:3, Licht: 0,64171,3,2,4,05,17,5,0,0,1,1,0,0
"POINT (9.861862072000065 52.381391444000030)",Unfall 64172 (2020) Kat:3, Licht: 0,64172,3,3,5,05,17,5,0,0,0,1,0,1
"POINT (9.695783076000055 52.420038117000047)",Unfall 64173 (2020) Kat:3, Licht: 0,64173,3,7,0,05,14,5,0,0,0,1,0,1
"POINT (9.468860959000040 52.426559068000074)",Unfall 64175 (2020) Kat:3, Licht: 0,64175,3,1,8,05,17,5,0,0,0,0,0,1
"POINT (9.667908390000036 52.343762730000037)",Unfall 64176 (2020) Kat:3, Licht: 0,64176,3,6,2,05,11,5,0,0,0,1,0,0
"POINT (9.678075153000066 52.371785265000028)",Unfall 64177 (2020) Kat:3, Licht: 0,64177,3,7,3,05,15,5,0,0,0,1,0,0
"POINT (9.665409722000049 52.384360692000030)",Unfall 64179 (2020) Kat:3, Licht: 0,64179,3,4,6,05,14,5,0,0,0,1,1,0
"POINT (9.610186693000060 52.422031898000057)",Unfall 64180 (2020) Kat:3, Licht: 0,64180,3,6,2,05,16,5,0,0,0,0,0,0
"POINT (9.817780832000040 52.299746221000078)",Unfall 64215 (2020) Kat:3, Licht: 0,64215,3,1,0,05,13,4,0,0,1,0,0,0
"POINT (9.744445016000043 52.452947891000065)",Unfall 64217 (2020) Kat:3, Licht: 0,64217,3,2,5,05,11,4,0,0,1,1,0,0
"POINT (9.836363140000060 52.499007062000032)",Unfall 64218 (2020) Kat:3, Licht: 0,64218,3,3,5,05,08,4,0,0,0,1,0,0
"POINT (10.250107033000063 52.463272561000053)",Unfall 64220 (2020) Kat:3, Licht: 0,64220,3,6,4,05,12,4,0,0,1,0,0,0
"POINT (9.609330943000032 52.392327093000063)",Unfall 64265 (2020) Kat:3, Licht: 0,64265,3,5,1,05,15,6,0,0,0,1,0,0
"POINT (9.664090417000068 52.376962479000042)",Unfall 64269 (2020) Kat:3, Licht: 0,64269,3,5,2,05,18,3,0,0,0,1,0,1
"POINT (9.928334063000023 52.344448575000058)",Unfall 64270 (2020) Kat:3, Licht: 0,64270,3,2,5,05,20,6,0,0,0,1,0,0
"POINT (9.731892644000027 52.438654297000028)",Unfall 64271 (2020) Kat:3, Licht: 0,64271,3,4,6,05,13,3,0,0,0,0,1,0
"POINT (9.613282066000068 52.210639901000036)",Unfall 64272 (2020) Kat:2, Licht: 0,64272,2,6,4,05,12,3,0,0,0,1,0,1
"POINT (9.799405533000027 52.409560137000028)",Unfall 64273 (2020) Kat:3, Licht: 0,64273,3,3,5,05,07,3,0,0,1,1,0,0
"POINT (9.735235329000034 52.394427998000026)",Unfall 64281 (2020) Kat:3, Licht: 0,64281,3,1,8,05,14,6,0,0,1,0,0,0
"POINT (9.818623123000066 52.410270060000073)",Unfall 64291 (2020) Kat:3, Licht: 0,64291,3,2,5,05,12,6,0,0,0,1,0,0
"POINT (9.551394613000070 52.322740216000057)",Unfall 64294 (2020) Kat:3, Licht: 0,64294,3,3,5,05,13,6,0,0,0,1,0,0
"POINT (9.746738617000062 52.533590910000044)",Unfall 64298 (2020) Kat:3, Licht: 0,64298,3,3,5,05,11,6,0,0,1,1,0,0
"POINT (9.698239458000046 52.420900279000080)",Unfall 64305 (2020) Kat:3, Licht: 0,64305,3,7,0,05,19,6,0,0,1,0,0,0
"POINT (9.702192935000028 52.414816224000049)",Unfall 64307 (2020) Kat:3, Licht: 0,64307,3,6,2,05,16,2,0,0,0,1,0,0
"POINT (9.837391655000033 52.286662609000075)",Unfall 64308 (2020) Kat:3, Licht: 0,64308,3,6,2,05,16,2,0,0,0,1,0,0
"POINT (9.945533537000074 52.333339040000055)",Unfall 64309 (2020) Kat:2, Licht: 0,64309,2,3,5,05,14,2,0,0,1,0,0,0
"POINT (9.793275491000031 52.535195259000034)",Unfall 64310 (2020) Kat:3, Licht: 0,64310,3,6,2,05,15,6,0,0,0,1,0,0
"POINT (9.817900444000031 52.311112683000033)",Unfall 64311 (2020) Kat:3, Licht: 0,64311,3,7,8,05,11,2,0,0,0,1,0,0
"POINT (9.847254589000045 52.426875993000067)",Unfall 64315 (2020) Kat:2, Licht: 0,64315,2,4,6,05,14,6,0,0,0,1,1,0
"POINT (9.729177279000055 52.491662404000067)",Unfall 64322 (2020) Kat:2, Licht: 0,64322,2,2,5,05,12,6,0,0,0,1,0,0
"POINT (10.022305168000059 52.317062636000060)",Unfall 64327 (2020) Kat:2, Licht: 0,64327,2,1,9,05,08,6,0,0,0,0,0,1
"POINT (9.697220475000052 52.375436299000057)",Unfall 64341 (2020) Kat:3, Licht: 0,64341,3,6,2,05,16,1,1,0,0,1,0,0
"POINT (9.717786702000069 52.395565876000035)",Unfall 64342 (2020) Kat:3, Licht: 2,64342,3,1,0,05,00,1,0,2,1,0,0,0
"POINT (10.013162789000035 52.451030412000080)",Unfall 64362 (2020) Kat:3, Licht: 0,64362,3,1,0,05,16,7,1,0,0,0,0,1
"POINT (9.766731579000066 52.337600043000066)",Unfall 64364 (2020) Kat:2, Licht: 0,64364,2,3,5,05,13,7,0,0,1,1,0,0
"POINT (9.899657026000057 52.396910468000044)",Unfall 64365 (2020) Kat:3, Licht: 0,64365,3,7,2,05,14,7,0,0,0,1,0,0
"POINT (9.889169654000057 52.361718317000054)",Unfall 64367 (2020) Kat:3, Licht: 0,64367,3,6,2,05,06,7,0,0,0,1,0,0
"POINT (9.697829831000036 52.377069243000051)",Unfall 64407 (2020) Kat:3, Licht: 0,64407,3,6,2,05,17,6,0,0,0,1,0,0
"POINT (9.732142832000022 52.369468898000036)",Unfall 64408 (2020) Kat:3, Licht: 0,64408,3,6,2,05,12,6,0,0,0,1,0,0
"POINT (9.632502961000057 52.378703096000038)",Unfall 64467 (2020) Kat:3, Licht: 0,64467,3,1,9,05,19,5,0,0,1,0,0,0
"POINT (9.513940686000069 52.394822904000080)",Unfall 64468 (2020) Kat:3, Licht: 0,64468,3,2,3,05,14,5,0,0,0,1,0,1
"POINT (9.423862851000024 52.322558601000026)",Unfall 64469 (2020) Kat:3, Licht: 0,64469,3,1,0,05,15,5,0,0,1,0,0,0
"POINT (9.632391354000049 52.553826100000038)",Unfall 64470 (2020) Kat:3, Licht: 0,64470,3,7,0,05,20,5,0,0,1,0,0,0
"POINT (9.680728348000059 52.359624294000071)",Unfall 64471 (2020) Kat:3, Licht: 0,64471,3,6,6,05,13,5,0,0,1,0,1,0
"POINT (9.749315497000055 52.369239597000046)",Unfall 64523 (2020) Kat:3, Licht: 0,64523,3,5,1,06,10,6,0,0,1,1,0,0
"POINT (9.628521429000045 52.422247777000052)",Unfall 64525 (2020) Kat:3, Licht: 0,64525,3,6,2,06,18,6,1,0,0,1,0,0
"POINT (9.700573211000062 52.347423800000058)",Unfall 64526 (2020) Kat:3, Licht: 1,64526,3,1,8,06,21,6,1,1,0,1,0,0
"POINT (9.432662288000074 52.466856893000056)",Unfall 64528 (2020) Kat:3, Licht: 0,64528,3,1,0,06,06,6,1,0,0,0,0,1
"POINT (9.620645138000043 52.392760564000071)",Unfall 64529 (2020) Kat:3, Licht: 1,64529,3,6,6,06,22,6,1,1,0,1,1,0
"POINT (9.605943821000039 52.288622450000048)",Unfall 64531 (2020) Kat:3, Licht: 0,64531,3,1,8,06,20,6,1,0,0,1,0,0
"POINT (9.872543651000058 52.310680084000069)",Unfall 64532 (2020) Kat:3, Licht: 0,64532,3,2,4,06,14,6,0,0,0,1,0,0
"POINT (9.787506934000021 52.563160804000063)",Unfall 64534 (2020) Kat:3, Licht: 0,64534,3,1,9,06,06,6,1,0,0,0,0,0
"POINT (9.769907364000062 52.279671283000027)",Unfall 64535 (2020) Kat:2, Licht: 0,64535,2,1,8,06,12,6,0,0,0,1,0,0
"POINT (9.734541490000026 52.411677714000064)",Unfall 64536 (2020) Kat:2, Licht: 0,64536,2,2,0,06,11,6,0,0,1,1,0,0
"POINT (9.665625504000047 52.339058751000039)",Unfall 64563 (2020) Kat:3, Licht: 0,64563,3,2,5,06,16,3,0,0,1,1,0,0
"POINT (9.654558263000070 52.407721475000073)",Unfall 64589 (2020) Kat:3, Licht: 0,64589,3,1,8,06,10,5,1,0,0,1,0,0
"POINT (9.742478244000040 52.368079228000056)",Unfall 64590 (2020) Kat:3, Licht: 0,64590,3,6,1,06,12,5,1,0,0,1,0,0
"POINT (9.798888406000060 52.411342146000038)",Unfall 64593 (2020) Kat:3, Licht: 0,64593,3,3,5,06,10,5,1,0,0,1,0,0
"POINT (9.777030228000058 52.328266677000045)",Unfall 64594 (2020) Kat:3, Licht: 0,64594,3,1,0,06,09,5,0,0,1,0,0,0
"POINT (9.827291421000041 52.355592828000056)",Unfall 64595 (2020) Kat:3, Licht: 0,64595,3,3,5,06,15,5,1,0,0,1,0,0
"POINT (9.839160812000046 52.489134039000078)",Unfall 64597 (2020) Kat:2, Licht: 1,64597,2,6,3,06,04,5,0,1,0,1,0,0
"POINT (9.803303986000060 52.336915647000069)",Unfall 64614 (2020) Kat:3, Licht: 0,64614,3,6,4,06,18,1,0,0,1,0,0,0
"POINT (9.665053565000051 52.338964873000066)",Unfall 64624 (2020) Kat:3, Licht: 2,64624,3,1,0,06,00,1,0,2,1,0,0,0
"POINT (9.510769792000076 52.475602173000027)",Unfall 64629 (2020) Kat:1, Licht: 2,64629,1,7,7,06,22,1,0,2,0,1,0,0
"POINT (9.696683626000038 52.347643076000054)",Unfall 64641 (2020) Kat:3, Licht: 0,64641,3,6,2,06,15,4,0,0,0,1,0,0
"POINT (9.721509292000064 52.361506713000040)",Unfall 64643 (2020) Kat:3, Licht: 0,64643,3,6,2,06,14,4,0,0,0,1,0,0
"POINT (9.630821928000046 52.206934641000032)",Unfall 64644 (2020) Kat:3, Licht: 0,64644,3,3,5,06,08,4,0,0,0,1,0,0
"POINT (9.621468781000033 52.325787940000055)",Unfall 64645 (2020) Kat:3, Licht: 0,64645,3,1,9,06,18,4,0,0,1,0,0,0
"POINT (9.500873748000061 52.481316113000048)",Unfall 64646 (2020) Kat:3, Licht: 0,64646,3,6,2,06,16,4,0,0,0,1,0,0
"POINT (9.728360972000075 52.545415541000068)",Unfall 64648 (2020) Kat:3, Licht: 0,64648,3,3,5,06,10,4,0,0,0,1,0,1
"POINT (9.974110747000054 52.352650196000070)",Unfall 64649 (2020) Kat:3, Licht: 0,64649,3,6,2,06,09,4,0,0,0,1,0,1
"POINT (9.680262679000066 52.431507254000053)",Unfall 64650 (2020) Kat:3, Licht: 0,64650,3,2,4,06,14,3,0,0,1,0,0,0
"POINT (9.813850399000046 52.524973480000028)",Unfall 64651 (2020) Kat:3, Licht: 0,64651,3,6,2,06,11,4,0,0,0,0,0,0
"POINT (9.950057416000050 52.391343034000045)",Unfall 64652 (2020) Kat:3, Licht: 0,64652,3,6,3,06,09,4,0,0,0,1,0,0
"POINT (9.646380187000034 52.401286691000053)",Unfall 64673 (2020) Kat:3, Licht: 0,64673,3,6,2,06,15,2,0,0,0,1,0,0
"POINT (9.747132237000074 52.533146880000061)",Unfall 64686 (2020) Kat:3, Licht: 0,64686,3,3,5,06,13,2,0,0,1,1,0,0
"POINT (9.570361743000035 52.323071714000037)",Unfall 64693 (2020) Kat:1, Licht: 0,64693,1,6,3,06,18,2,0,0,0,1,0,1
"POINT (9.727557371000046 52.623027386000047)",Unfall 64706 (2020) Kat:3, Licht: 0,64706,3,6,3,06,10,3,0,0,0,1,0,0
"POINT (9.648409573000038 52.377337386000079)",Unfall 64708 (2020) Kat:2, Licht: 0,64708,2,7,0,06,16,2,0,0,1,0,0,0
"POINT (9.725145426000040 52.376986584000065)",Unfall 64718 (2020) Kat:3, Licht: 2,64718,3,2,4,06,22,3,0,2,0,1,0,0
"POINT (9.724243230000070 52.377503058000059)",Unfall 64720 (2020) Kat:3, Licht: 0,64720,3,6,3,06,16,3,0,0,1,1,0,0
"POINT (9.799186733000056 52.410421738000082)",Unfall 64721 (2020) Kat:3, Licht: 0,64721,3,3,5,06,16,3,0,0,1,1,0,0
"POINT (10.026748233000035 52.328269987000056)",Unfall 64722 (2020) Kat:3, Licht: 0,64722,3,2,5,06,17,3,0,0,0,1,0,0
"POINT (9.735202590000029 52.403420946000040)",Unfall 64723 (2020) Kat:2, Licht: 0,64723,2,4,0,06,17,3,0,0,1,0,1,0
"POINT (9.796971803000076 52.347174781000035)",Unfall 64725 (2020) Kat:3, Licht: 0,64725,3,6,2,06,12,3,0,0,0,1,0,0
"POINT (9.793352195000068 52.554277727000056)",Unfall 64726 (2020) Kat:3, Licht: 0,64726,3,6,2,06,16,3,0,0,0,1,0,0
"POINT (9.722995025000046 52.358143286000029)",Unfall 64728 (2020) Kat:3, Licht: 0,64728,3,6,2,06,12,2,0,0,0,1,0,0
"POINT (9.584860580000054 52.211153179000064)",Unfall 64729 (2020) Kat:2, Licht: 0,64729,2,6,3,06,13,3,0,0,0,1,0,1
"POINT (9.798187091000045 52.412760588000026)",Unfall 64730 (2020) Kat:3, Licht: 0,64730,3,7,0,06,16,3,0,0,0,0,0,0
"POINT (9.726924133000068 52.381065732000081)",Unfall 64743 (2020) Kat:3, Licht: 0,64743,3,6,2,06,16,3,0,0,0,1,0,0
"POINT (9.619594144000075 52.218877336000048)",Unfall 64749 (2020) Kat:3, Licht: 0,64749,3,6,2,06,10,3,0,0,0,1,0,0
"POINT (9.974337452000043 52.400325646000056)",Unfall 64762 (2020) Kat:2, Licht: 0,64762,2,3,5,06,10,2,0,0,1,1,0,0
"POINT (9.809837026000025 52.306646790000059)",Unfall 64814 (2020) Kat:3, Licht: 0,64814,3,6,6,06,20,2,0,0,1,0,1,0
"POINT (9.406603903000075 52.411625932000049)",Unfall 64815 (2020) Kat:3, Licht: 0,64815,3,1,9,06,13,7,1,0,0,1,0,0
"POINT (9.854656838000039 52.359021855000037)",Unfall 64816 (2020) Kat:3, Licht: 0,64816,3,3,5,06,15,2,0,0,1,1,0,0
"POINT (9.676873641000043 52.301164150000034)",Unfall 64817 (2020) Kat:3, Licht: 0,64817,3,6,0,06,14,2,0,0,1,0,0,0
"POINT (9.676807031000067 52.357071131000055)",Unfall 64819 (2020) Kat:3, Licht: 0,64819,3,7,0,06,16,2,0,0,1,0,0,0
"POINT (9.799141299000041 52.423141694000037)",Unfall 64820 (2020) Kat:3, Licht: 0,64820,3,1,0,06,12,2,0,0,1,0,0,0
"POINT (9.459928248000040 52.306946320000065)",Unfall 64824 (2020) Kat:3, Licht: 0,64824,3,3,5,06,13,7,1,0,1,1,0,0
"POINT (9.795520644000021 52.557271331000038)",Unfall 64830 (2020) Kat:3, Licht: 0,64830,3,2,2,06,16,7,1,0,0,1,0,0
"POINT (9.972451635000027 52.369857041000046)",Unfall 64835 (2020) Kat:3, Licht: 2,64835,3,1,1,06,02,7,0,2,0,1,0,0
"POINT (9.432724803000042 52.542409296000073)",Unfall 64838 (2020) Kat:3, Licht: 2,64838,3,6,8,06,22,3,1,2,0,1,0,0
"POINT (10.046687983000027 52.416231437000079)",Unfall 64846 (2020) Kat:3, Licht: 0,64846,3,2,5,06,18,7,0,0,0,1,0,0
"POINT (9.795143045000032 52.557240465000064)",Unfall 64867 (2020) Kat:3, Licht: 0,64867,3,1,0,06,17,7,1,0,1,0,1,0
"POINT (9.595112685000061 52.384164870000063)",Unfall 64874 (2020) Kat:3, Licht: 0,64874,3,6,8,05,11,1,0,0,0,1,0,0
"POINT (9.717156326000065 52.346365410000033)",Unfall 64877 (2020) Kat:3, Licht: 2,64877,3,3,5,05,00,1,0,2,0,1,0,0
"POINT (9.741259736000075 52.606500840000081)",Unfall 64878 (2020) Kat:3, Licht: 0,64878,3,6,2,06,17,7,0,0,0,1,0,0
"POINT (9.355599011000038 52.445083925000063)",Unfall 64879 (2020) Kat:3, Licht: 0,64879,3,6,4,05,12,1,0,0,1,0,0,0
"POINT (9.505536795000069 52.552784257000042)",Unfall 64880 (2020) Kat:3, Licht: 0,64880,3,1,0,05,11,1,0,0,1,0,0,0
"POINT (9.787692389000029 52.318755936000059)",Unfall 64882 (2020) Kat:3, Licht: 0,64882,3,7,0,06,20,7,0,0,1,0,0,0
"POINT (9.946272249000060 52.477140467000027)",Unfall 64883 (2020) Kat:1, Licht: 2,64883,1,1,9,05,00,1,0,2,0,1,0,0
"POINT (9.649270379000029 52.412189412000032)",Unfall 64887 (2020) Kat:3, Licht: 0,64887,3,6,2,06,14,2,0,0,0,1,0,0
"POINT (9.810979603000021 52.382681239000078)",Unfall 64926 (2020) Kat:3, Licht: 2,64926,3,2,4,05,22,7,0,2,0,1,0,0
"POINT (9.735152994000032 52.406294266000032)",Unfall 64927 (2020) Kat:2, Licht: 0,64927,2,3,5,06,16,3,0,0,1,1,0,0
"POINT (9.500030992000063 52.426063727000042)",Unfall 64928 (2020) Kat:3, Licht: 0,64928,3,6,4,05,11,7,0,0,1,0,0,0
"POINT (9.764377471000046 52.343264952000027)",Unfall 64929 (2020) Kat:3, Licht: 0,64929,3,3,0,05,12,7,0,0,0,1,0,1
"POINT (9.624549327000068 52.450457605000054)",Unfall 64930 (2020) Kat:3, Licht: 0,64930,3,2,4,05,14,7,0,0,0,0,0,1
"POINT (9.635797389000061 52.421767235000061)",Unfall 64932 (2020) Kat:3, Licht: 0,64932,3,6,2,05,19,7,0,0,0,1,0,0
"POINT (9.792481746000021 52.212197180000032)",Unfall 64933 (2020) Kat:3, Licht: 0,64933,3,6,4,06,11,3,0,0,0,1,0,0
"POINT (9.716986072000054 52.356533293000041)",Unfall 64934 (2020) Kat:3, Licht: 0,64934,3,7,0,05,19,7,0,0,1,0,0,0
"POINT (9.768539360000034 52.338081131000081)",Unfall 64935 (2020) Kat:2, Licht: 0,64935,2,1,0,05,14,7,0,0,0,0,0,1
"POINT (9.792097628000022 52.556569361000072)",Unfall 64937 (2020) Kat:3, Licht: 0,64937,3,6,2,05,10,7,0,0,0,1,0,0
"POINT (9.837009653000052 52.419043249000026)",Unfall 64938 (2020) Kat:3, Licht: 0,64938,3,1,8,05,05,7,0,0,0,1,0,0
"POINT (9.763449293000065 52.343832852000048)",Unfall 64958 (2020) Kat:3, Licht: 0,64958,3,3,5,06,17,2,0,0,1,1,0,0
"POINT (9.718779858000062 52.345958976000077)",Unfall 64961 (2020) Kat:3, Licht: 0,64961,3,6,2,06,18,6,0,0,0,1,0,0
"POINT (9.972351896000021 52.380350260000057)",Unfall 64963 (2020) Kat:3, Licht: 0,64963,3,3,5,06,09,5,0,0,1,0,0,0
"POINT (10.184064906000060 52.465407997000057)",Unfall 64973 (2020) Kat:3, Licht: 0,64973,3,3,5,06,10,5,0,0,0,1,0,0
"POINT (9.793195238000067 52.393668421000029)",Unfall 64976 (2020) Kat:3, Licht: 0,64976,3,2,3,06,18,5,0,0,0,1,0,0
"POINT (9.649900334000051 52.394095280000045)",Unfall 64979 (2020) Kat:3, Licht: 0,64979,3,3,5,06,13,6,0,0,1,1,0,0
"POINT (9.647727434000046 52.396908072000031)",Unfall 64986 (2020) Kat:3, Licht: 2,64986,3,1,0,06,00,7,0,2,1,0,0,0
"POINT (9.573537781000027 52.423214903000030)",Unfall 64997 (2020) Kat:3, Licht: 0,64997,3,2,5,06,09,2,0,0,1,0,0,0
"POINT (10.156528004000052 52.360617637000075)",Unfall 65015 (2020) Kat:3, Licht: 2,65015,3,7,2,06,03,4,0,2,0,1,0,0
"POINT (9.472457998000039 52.388378128000056)",Unfall 65022 (2020) Kat:3, Licht: 0,65022,3,6,2,06,13,2,0,0,0,1,0,0
"POINT (9.743058166000026 52.299080398000058)",Unfall 65028 (2020) Kat:3, Licht: 1,65028,3,1,0,06,21,1,0,1,1,0,0,0
"POINT (9.966410610000025 52.504173885000057)",Unfall 65045 (2020) Kat:2, Licht: 0,65045,2,2,5,06,13,3,0,0,0,1,0,1
"POINT (9.897118637000062 52.351633113000048)",Unfall 65049 (2020) Kat:2, Licht: 0,65049,2,3,5,06,10,1,0,0,0,1,0,1
"POINT (9.739461767000023 52.302611336000041)",Unfall 65051 (2020) Kat:2, Licht: 0,65051,2,7,0,06,18,3,0,0,1,0,0,0
"POINT (9.969088016000058 52.367805396000051)",Unfall 65054 (2020) Kat:2, Licht: 0,65054,2,1,0,06,12,7,0,0,1,0,0,0
"POINT (9.777746794000052 52.373267436000049)",Unfall 65057 (2020) Kat:3, Licht: 2,65057,3,1,0,06,23,6,0,2,1,0,0,0
"POINT (9.853506403000040 52.390470326000070)",Unfall 65073 (2020) Kat:3, Licht: 0,65073,3,3,5,06,12,2,0,0,1,1,0,0
"POINT (9.786936850000075 52.390197863000026)",Unfall 65075 (2020) Kat:3, Licht: 0,65075,3,6,2,06,13,6,0,0,0,1,0,0
"POINT (9.951313105000054 52.372157384000047)",Unfall 65097 (2020) Kat:3, Licht: 2,65097,3,1,8,06,22,2,0,2,0,1,0,0
"POINT (9.641369661000056 52.414280242000075)",Unfall 65102 (2020) Kat:3, Licht: 0,65102,3,3,5,06,19,1,0,0,1,1,0,0
"POINT (9.505202206000035 52.413061772000049)",Unfall 65125 (2020) Kat:2, Licht: 0,65125,2,7,4,06,13,1,0,0,0,1,0,0
"POINT (9.802203075000023 52.407147646000055)",Unfall 65129 (2020) Kat:3, Licht: 0,65129,3,3,5,06,11,7,0,0,1,1,0,0
"POINT (9.752421724000044 52.357640954000033)",Unfall 65145 (2020) Kat:3, Licht: 0,65145,3,3,5,06,14,5,0,0,1,1,0,0
"POINT (9.578376800000058 52.423432097000045)",Unfall 65147 (2020) Kat:3, Licht: 1,65147,3,1,9,06,20,1,1,1,0,1,0,0
"POINT (9.945160574000056 52.333499844000073)",Unfall 65149 (2020) Kat:3, Licht: 0,65149,3,6,2,06,16,3,1,0,0,1,0,0
"POINT (9.705636629000026 52.412445949000073)",Unfall 65150 (2020) Kat:3, Licht: 0,65150,3,6,2,06,07,5,1,0,0,1,0,0
"POINT (9.696312567000064 52.379877783000040)",Unfall 65153 (2020) Kat:3, Licht: 1,65153,3,3,5,06,22,7,0,1,0,1,0,0
"POINT (9.627729196000075 52.394397022000078)",Unfall 65155 (2020) Kat:3, Licht: 0,65155,3,2,0,06,19,5,0,0,1,1,0,0
"POINT (9.493677391000063 52.485452866000060)",Unfall 65156 (2020) Kat:2, Licht: 0,65156,2,7,0,06,09,6,0,0,0,1,0,0
"POINT (10.032078220000074 52.523266359000047)",Unfall 65163 (2020) Kat:3, Licht: 0,65163,3,6,2,06,14,5,1,0,0,1,0,0
"POINT (9.720485751000069 52.338293542000031)",Unfall 65168 (2020) Kat:3, Licht: 0,65168,3,6,2,06,16,5,0,0,0,0,0,1
"POINT (9.734059474000048 52.368871166000076)",Unfall 65171 (2020) Kat:3, Licht: 0,65171,3,2,5,06,19,5,0,0,1,1,0,0
"POINT (9.857176738000021 52.306729699000073)",Unfall 65183 (2020) Kat:3, Licht: 0,65183,3,6,2,06,18,6,0,0,0,1,0,0
"POINT (10.002136890000031 52.498738826000078)",Unfall 65198 (2020) Kat:3, Licht: 0,65198,3,2,5,06,07,2,0,0,0,1,0,0
"POINT (9.578964386000052 52.459102268000038)",Unfall 65202 (2020) Kat:3, Licht: 0,65202,3,3,5,06,16,2,0,0,1,0,0,0
"POINT (9.453362383000069 52.467269428000066)",Unfall 65225 (2020) Kat:3, Licht: 0,65225,3,7,0,06,11,1,0,0,0,1,0,0
"POINT (9.557989706000058 52.197357214000078)",Unfall 65227 (2020) Kat:3, Licht: 0,65227,3,6,2,06,17,3,0,0,0,0,0,1
"POINT (9.399251364000065 52.454807772000038)",Unfall 65234 (2020) Kat:3, Licht: 0,65234,3,7,0,06,14,1,0,0,1,0,0,0
"POINT (9.730213768000056 52.368958507000059)",Unfall 65253 (2020) Kat:2, Licht: 0,65253,2,2,0,06,17,3,0,0,1,0,0,0
"POINT (9.806877776000022 52.430578852000053)",Unfall 65257 (2020) Kat:2, Licht: 0,65257,2,6,2,06,15,7,0,0,0,1,0,0
"POINT (9.826900493000039 52.401840927000080)",Unfall 65260 (2020) Kat:2, Licht: 0,65260,2,6,0,06,14,6,0,0,0,1,0,1
"POINT (9.740629664000039 52.299380610000071)",Unfall 65262 (2020) Kat:3, Licht: 0,65262,3,2,5,06,10,7,0,0,1,1,0,0
"POINT (9.740618591000043 52.610089328000072)",Unfall 65265 (2020) Kat:3, Licht: 0,65265,3,2,5,06,18,6,0,0,1,1,0,0
"POINT (9.736170806000075 52.399435935000042)",Unfall 65281 (2020) Kat:3, Licht: 0,65281,3,3,5,06,15,2,0,0,1,0,0,0
"POINT (10.262363265000033 52.452617018000069)",Unfall 65283 (2020) Kat:3, Licht: 0,65283,3,3,5,06,18,6,0,0,0,1,0,0
"POINT (9.744155265000075 52.547456662000059)",Unfall 65304 (2020) Kat:3, Licht: 0,65304,3,1,9,06,20,2,0,0,1,0,0,0
"POINT (9.627988933000040 52.408711046000064)",Unfall 65309 (2020) Kat:3, Licht: 0,65309,3,3,5,06,18,1,0,0,1,1,0,0
"POINT (9.509780786000022 52.196274407000033)",Unfall 65320 (2020) Kat:1, Licht: 0,65320,1,6,4,06,17,7,0,0,0,1,0,0
"POINT (9.728754408000043 52.495082236000030)",Unfall 65333 (2020) Kat:3, Licht: 0,65333,3,7,0,06,18,1,1,0,1,0,0,0
"POINT (9.846924926000042 52.390475869000056)",Unfall 65338 (2020) Kat:3, Licht: 0,65338,3,1,0,06,13,7,0,0,1,0,0,0
"POINT (9.648176214000046 52.412676821000048)",Unfall 65351 (2020) Kat:3, Licht: 0,65351,3,6,2,06,14,5,0,0,0,1,0,0
"POINT (9.548589101000061 52.421409073000063)",Unfall 65355 (2020) Kat:3, Licht: 2,65355,3,1,9,06,22,1,1,2,0,1,0,0
"POINT (9.619624651000038 52.354996550000067)",Unfall 65357 (2020) Kat:3, Licht: 0,65357,3,7,0,06,11,3,0,0,0,0,0,1
"POINT (9.817370104000077 52.428007746000048)",Unfall 65360 (2020) Kat:3, Licht: 0,65360,3,7,0,06,15,7,0,0,0,1,0,0
"POINT (9.723286354000038 52.377796823000040)",Unfall 65363 (2020) Kat:2, Licht: 2,65363,2,1,0,06,23,6,0,2,1,0,0,0
"POINT (9.628609353000059 52.408896609000067)",Unfall 65365 (2020) Kat:3, Licht: 0,65365,3,6,2,06,14,4,0,0,0,1,0,0
"POINT (9.521997729000077 52.302749172000063)",Unfall 65367 (2020) Kat:3, Licht: 0,65367,3,1,9,06,20,5,1,0,0,1,0,0
"POINT (9.629628872000069 52.394652075000067)",Unfall 65377 (2020) Kat:3, Licht: 0,65377,3,3,5,06,19,4,0,0,1,1,0,0
"POINT (9.475981115000025 52.297717795000040)",Unfall 65378 (2020) Kat:3, Licht: 0,65378,3,7,0,06,12,2,0,0,0,1,0,0
"POINT (9.656864797000026 52.425621523000075)",Unfall 65380 (2020) Kat:3, Licht: 1,65380,3,1,8,06,04,3,0,1,0,1,0,0
"POINT (9.698730804000036 52.347396155000069)",Unfall 65381 (2020) Kat:3, Licht: 0,65381,3,3,5,06,14,4,0,0,0,1,0,0
"POINT (9.430920825000044 52.331101961000059)",Unfall 65382 (2020) Kat:3, Licht: 0,65382,3,3,5,06,18,4,0,0,1,1,0,0
"POINT (9.931084430000055 52.339444532000073)",Unfall 65385 (2020) Kat:3, Licht: 0,65385,3,6,2,06,17,4,0,0,0,1,0,0
"POINT (9.734030383000061 52.387139264000041)",Unfall 65387 (2020) Kat:3, Licht: 0,65387,3,2,5,06,17,4,0,0,1,0,0,0
"POINT (9.745785074000025 52.601019787000041)",Unfall 65390 (2020) Kat:3, Licht: 0,65390,3,6,2,06,11,4,0,0,0,1,0,0
"POINT (9.796640570000022 52.415718185000060)",Unfall 65394 (2020) Kat:3, Licht: 0,65394,3,6,4,06,17,4,0,0,1,0,0,0
"POINT (9.747295909000059 52.324021762000029)",Unfall 65399 (2020) Kat:3, Licht: 0,65399,3,3,5,06,15,4,0,0,0,1,0,0
"POINT (10.238159602000053 52.495069879000027)",Unfall 65402 (2020) Kat:3, Licht: 0,65402,3,6,2,06,12,4,0,0,0,1,0,0
"POINT (10.114268516000038 52.351439799000048)",Unfall 65403 (2020) Kat:3, Licht: 0,65403,3,7,0,06,06,2,0,0,1,0,0,0
"POINT (9.727668967000057 52.374597993000066)",Unfall 65408 (2020) Kat:3, Licht: 0,65408,3,7,0,06,15,1,0,0,1,0,0,0
"POINT (9.707025114000032 52.410590749000050)",Unfall 65410 (2020) Kat:3, Licht: 0,65410,3,6,2,06,10,6,0,0,0,1,0,0
"POINT (9.690915318000066 52.308494057000075)",Unfall 65415 (2020) Kat:2, Licht: 0,65415,2,2,5,06,17,4,0,0,0,1,0,0
"POINT (9.827068361000045 52.342880348000051)",Unfall 65420 (2020) Kat:2, Licht: 0,65420,2,3,5,06,10,4,0,0,1,1,0,0
"POINT (9.631971630000066 52.394697557000029)",Unfall 65429 (2020) Kat:3, Licht: 0,65429,3,6,2,06,20,1,1,0,0,1,0,0
"POINT (9.745566177000058 52.369057248000047)",Unfall 65430 (2020) Kat:2, Licht: 0,65430,2,1,0,06,21,1,0,0,1,0,0,0
"POINT (9.746254304000047 52.365657227000042)",Unfall 65431 (2020) Kat:3, Licht: 0,65431,3,6,2,06,17,3,0,0,0,1,0,0
"POINT (9.633360640000035 52.174762639000051)",Unfall 65434 (2020) Kat:3, Licht: 0,65434,3,6,6,06,15,7,0,0,1,0,1,0
"POINT (9.715477005000025 52.638479771000050)",Unfall 65441 (2020) Kat:3, Licht: 0,65441,3,6,2,06,15,7,0,0,0,1,0,0
"POINT (9.751392845000055 52.528871742000035)",Unfall 65448 (2020) Kat:3, Licht: 0,65448,3,3,5,06,11,5,0,0,1,1,0,0
"POINT (9.814653982000039 52.402032141000063)",Unfall 65454 (2020) Kat:2, Licht: 0,65454,2,1,8,06,17,1,1,0,0,1,0,0
"POINT (9.864721637000059 52.496504186000038)",Unfall 65456 (2020) Kat:3, Licht: 0,65456,3,6,2,06,12,3,0,0,0,1,0,0
"POINT (9.851622883000061 52.410613196000043)",Unfall 65460 (2020) Kat:3, Licht: 0,65460,3,6,2,06,06,7,0,0,0,1,0,0
"POINT (9.709647659000041 52.346756756000048)",Unfall 65463 (2020) Kat:3, Licht: 0,65463,3,6,3,06,19,6,0,0,0,1,0,0
"POINT (9.349017490000051 52.499095697000030)",Unfall 65472 (2020) Kat:2, Licht: 1,65472,2,3,5,06,21,1,0,1,1,0,0,1
"POINT (9.621236598000053 52.392880915000035)",Unfall 65477 (2020) Kat:3, Licht: 0,65477,3,7,0,06,07,2,0,0,0,0,0,0
"POINT (9.782443789000070 52.325008137000054)",Unfall 65488 (2020) Kat:3, Licht: 0,65488,3,2,5,07,15,5,0,0,1,1,0,0
"POINT (9.544754243000057 52.310227507000036)",Unfall 65518 (2020) Kat:3, Licht: 0,65518,3,1,9,07,14,4,1,0,0,1,0,0
"POINT (9.730477462000067 52.382330550000063)",Unfall 65530 (2020) Kat:3, Licht: 0,65530,3,2,5,06,14,6,0,0,1,0,0,1
"POINT (9.767043130000047 52.339761991000046)",Unfall 65533 (2020) Kat:3, Licht: 0,65533,3,4,0,06,11,6,0,0,1,0,1,0
"POINT (9.797839245000034 52.335568371000079)",Unfall 65535 (2020) Kat:3, Licht: 0,65535,3,7,0,06,11,6,0,0,1,0,0,0
"POINT (9.640948002000073 52.173397527000077)",Unfall 65537 (2020) Kat:3, Licht: 0,65537,3,3,5,06,06,3,0,0,0,1,0,0
"POINT (9.431470998000066 52.422782611000059)",Unfall 65538 (2020) Kat:3, Licht: 0,65538,3,2,5,06,12,6,0,0,1,1,0,0
"POINT (9.610950152000044 52.405470089000062)",Unfall 65541 (2020) Kat:3, Licht: 0,65541,3,2,2,06,11,6,0,0,0,1,0,0
"POINT (9.723158328000068 52.604730270000061)",Unfall 65543 (2020) Kat:3, Licht: 0,65543,3,3,5,06,09,6,0,0,1,1,0,0
"POINT (10.114478757000029 52.350989181000045)",Unfall 65545 (2020) Kat:3, Licht: 0,65545,3,7,5,06,16,6,0,0,1,1,0,0
"POINT (9.888278062000040 52.482324737000056)",Unfall 65547 (2020) Kat:3, Licht: 0,65547,3,2,2,06,17,6,0,0,0,1,0,0
"POINT (9.743081986000050 52.547438894000038)",Unfall 65548 (2020) Kat:3, Licht: 0,65548,3,2,2,07,09,4,1,0,0,1,0,0
"POINT (9.969343796000032 52.441744316000040)",Unfall 65549 (2020) Kat:3, Licht: 0,65549,3,1,2,06,15,6,0,0,0,1,0,0
"POINT (9.733188826000060 52.319101614000033)",Unfall 65550 (2020) Kat:2, Licht: 0,65550,2,3,5,06,16,6,0,0,1,1,0,0
"POINT (9.678006070000038 52.359378857000081)",Unfall 65552 (2020) Kat:2, Licht: 0,65552,2,3,5,06,09,6,0,0,1,0,0,0
"POINT (9.734572166000021 52.411480026000049)",Unfall 65554 (2020) Kat:3, Licht: 0,65554,3,2,0,06,09,6,0,0,1,1,0,0
"POINT (9.641619380000066 52.422541541000044)",Unfall 65566 (2020) Kat:3, Licht: 0,65566,3,6,3,07,05,4,1,0,0,1,0,0
"POINT (9.839325550000069 52.410091663000060)",Unfall 65574 (2020) Kat:3, Licht: 0,65574,3,1,8,07,17,4,1,0,0,1,0,0
"POINT (9.799242351000032 52.410208733000047)",Unfall 65590 (2020) Kat:3, Licht: 1,65590,3,5,1,06,21,2,0,1,0,1,0,0
"POINT (9.827006334000032 52.354060201000038)",Unfall 65609 (2020) Kat:3, Licht: 0,65609,3,2,2,07,15,5,0,0,0,1,0,0
"POINT (9.573581689000037 52.423102546000052)",Unfall 65636 (2020) Kat:3, Licht: 0,65636,3,1,8,07,20,4,1,0,0,1,0,0
"POINT (9.725338213000043 52.380370732000074)",Unfall 65642 (2020) Kat:3, Licht: 0,65642,3,6,2,07,12,4,1,0,0,1,0,0
"POINT (9.858926000000054 52.496265806000054)",Unfall 65651 (2020) Kat:3, Licht: 0,65651,3,6,4,06,09,3,0,0,1,0,0,0
"POINT (9.862138202000040 52.473758989000032)",Unfall 65662 (2020) Kat:2, Licht: 0,65662,2,4,6,07,12,4,1,0,0,1,1,0
"POINT (9.688592395000057 52.374886591000063)",Unfall 65664 (2020) Kat:3, Licht: 0,65664,3,6,2,06,15,5,0,0,0,1,0,0
"POINT (9.451030358000025 52.435623805000034)",Unfall 65666 (2020) Kat:3, Licht: 0,65666,3,3,5,06,18,5,0,0,1,1,0,0
"POINT (9.564218530000062 52.441029733000050)",Unfall 65668 (2020) Kat:3, Licht: 0,65668,3,3,5,06,17,5,0,0,1,1,0,0
"POINT (9.685886276000076 52.551593085000036)",Unfall 65669 (2020) Kat:2, Licht: 0,65669,2,5,1,06,20,5,0,0,1,0,0,0
"POINT (9.728448432000050 52.368009432000065)",Unfall 65671 (2020) Kat:2, Licht: 0,65671,2,2,5,06,09,5,0,0,1,1,0,0
"POINT (9.674890163000043 52.350173388000030)",Unfall 65689 (2020) Kat:2, Licht: 0,65689,2,3,5,07,13,4,1,0,1,1,0,0
"POINT (9.658080782000070 52.388218843000061)",Unfall 65706 (2020) Kat:3, Licht: 0,65706,3,3,5,06,06,2,0,0,1,0,0,0
"POINT (9.419213569000021 52.424543117000042)",Unfall 65715 (2020) Kat:3, Licht: 0,65715,3,1,5,06,17,2,0,0,1,1,0,0
"POINT (9.633674401000064 52.293599946000029)",Unfall 65727 (2020) Kat:3, Licht: 0,65727,3,3,5,07,18,5,0,0,1,1,0,0
"POINT (9.844263644000023 52.389233107000052)",Unfall 65759 (2020) Kat:3, Licht: 0,65759,3,3,0,07,05,4,0,0,1,1,0,0
"POINT (9.834960932000058 52.409681994000039)",Unfall 65781 (2020) Kat:3, Licht: 0,65781,3,3,5,07,19,4,1,0,0,1,0,0
"POINT (9.601766831000077 52.434631673000069)",Unfall 65790 (2020) Kat:3, Licht: 0,65790,3,6,2,07,11,4,1,0,0,1,0,0
"POINT (9.676780617000077 52.356951707000064)",Unfall 65807 (2020) Kat:3, Licht: 0,65807,3,2,3,06,13,4,0,0,1,1,0,0
"POINT (9.713334230000044 52.314771764000056)",Unfall 65809 (2020) Kat:3, Licht: 0,65809,3,2,5,06,12,4,0,0,0,1,0,0
"POINT (9.867953850000049 52.310101984000028)",Unfall 65810 (2020) Kat:3, Licht: 0,65810,3,1,4,07,12,4,1,0,0,1,0,0
"POINT (9.734763233000024 52.545290608000073)",Unfall 65812 (2020) Kat:3, Licht: 0,65812,3,5,0,06,09,4,0,0,1,1,0,0
"POINT (9.854705759000069 52.545919431000073)",Unfall 65813 (2020) Kat:2, Licht: 0,65813,2,2,5,06,19,4,0,0,0,1,0,1
"POINT (9.534330154000031 52.461480524000081)",Unfall 65816 (2020) Kat:2, Licht: 0,65816,2,2,5,06,18,4,0,0,1,1,0,0
"POINT (9.827154443000040 52.353390187000059)",Unfall 65818 (2020) Kat:3, Licht: 0,65818,3,3,5,06,10,4,0,0,1,1,0,0
"POINT (9.957401806000064 52.318623253000055)",Unfall 65834 (2020) Kat:3, Licht: 0,65834,3,6,2,06,13,2,0,0,0,1,0,0
"POINT (9.716564992000031 52.421939924000071)",Unfall 65845 (2020) Kat:3, Licht: 0,65845,3,2,5,07,07,5,0,0,1,1,0,0
"POINT (9.648363645000075 52.412705446000075)",Unfall 65875 (2020) Kat:3, Licht: 0,65875,3,2,5,06,12,7,0,0,0,1,0,0
"POINT (9.456909595000070 52.500115008000080)",Unfall 65877 (2020) Kat:3, Licht: 0,65877,3,6,2,07,11,4,1,0,0,1,0,0
"POINT (9.651343740000073 52.419658704000028)",Unfall 65888 (2020) Kat:3, Licht: 0,65888,3,7,0,06,19,7,0,0,1,0,0,0
"POINT (9.743884112000046 52.452981227000066)",Unfall 65894 (2020) Kat:3, Licht: 0,65894,3,2,5,06,11,3,0,0,0,1,0,0
"POINT (9.745302834000029 52.367262203000053)",Unfall 65904 (2020) Kat:3, Licht: 0,65904,3,6,2,06,09,3,0,0,0,1,0,0
"POINT (9.723095188000059 52.442161360000057)",Unfall 65905 (2020) Kat:3, Licht: 0,65905,3,7,0,07,20,4,1,0,0,1,0,0
"POINT (9.740264860000025 52.368259621000050)",Unfall 65906 (2020) Kat:3, Licht: 0,65906,3,2,4,06,13,3,0,0,1,1,0,0
"POINT (9.415566155000022 52.464530674000059)",Unfall 65907 (2020) Kat:3, Licht: 0,65907,3,6,2,06,13,3,0,0,0,1,0,0
"POINT (9.611800634000076 52.316912635000051)",Unfall 65910 (2020) Kat:3, Licht: 0,65910,3,7,0,06,18,3,0,0,1,0,0,0
"POINT (9.756820330000039 52.313183681000055)",Unfall 65912 (2020) Kat:3, Licht: 0,65912,3,1,0,06,20,3,0,0,1,0,0,0
"POINT (9.725211319000039 52.459900548000064)",Unfall 65913 (2020) Kat:3, Licht: 0,65913,3,3,5,06,09,3,0,0,0,1,0,0
"POINT (10.013057149000076 52.446288107000044)",Unfall 65915 (2020) Kat:2, Licht: 0,65915,2,2,5,06,15,3,0,0,1,1,0,0
"POINT (9.812985120000064 52.305157988000076)",Unfall 65920 (2020) Kat:2, Licht: 0,65920,2,2,5,06,12,3,0,0,1,1,0,0
"POINT (9.494273988000032 52.324539545000050)",Unfall 65932 (2020) Kat:2, Licht: 0,65932,2,1,8,07,17,4,1,0,0,1,0,0
"POINT (9.730190319000030 52.368948259000035)",Unfall 65945 (2020) Kat:3, Licht: 0,65945,3,3,5,06,21,1,0,0,1,1,0,0
"POINT (9.693620473000067 52.361132191000081)",Unfall 65948 (2020) Kat:3, Licht: 0,65948,3,6,2,06,13,2,0,0,0,1,0,0
"POINT (9.827115985000035 52.344092846000080)",Unfall 65967 (2020) Kat:3, Licht: 0,65967,3,7,0,07,15,5,0,0,1,0,0,0
"POINT (9.590264381000054 52.438934438000047)",Unfall 65994 (2020) Kat:3, Licht: 0,65994,3,6,2,07,13,4,1,0,0,1,0,0
"POINT (9.832671515000072 52.386196278000057)",Unfall 66000 (2020) Kat:3, Licht: 0,66000,3,2,4,07,17,4,1,0,0,1,0,0
"POINT (9.813921507000032 52.383488314000033)",Unfall 66007 (2020) Kat:3, Licht: 0,66007,3,3,5,06,12,2,0,0,1,1,0,0
"POINT (9.715984535000075 52.358624501000065)",Unfall 66008 (2020) Kat:3, Licht: 0,66008,3,7,0,06,14,2,0,0,1,0,0,0
"POINT (9.779698322000058 52.366511680000031)",Unfall 66009 (2020) Kat:3, Licht: 0,66009,3,6,2,06,19,3,0,0,0,1,0,0
"POINT (9.842158471000062 52.395005624000078)",Unfall 66010 (2020) Kat:3, Licht: 0,66010,3,7,0,06,17,2,0,0,1,0,0,0
"POINT (9.771405256000037 52.334985202000041)",Unfall 66013 (2020) Kat:3, Licht: 0,66013,3,7,0,06,09,2,0,0,1,0,0,0
"POINT (9.613833925000051 52.316373171000066)",Unfall 66015 (2020) Kat:3, Licht: 0,66015,3,2,5,06,12,2,0,0,0,1,0,0
"POINT (9.616341571000021 52.439253297000050)",Unfall 66017 (2020) Kat:3, Licht: 0,66017,3,3,5,06,19,2,0,0,0,1,0,1
"POINT (9.755395060000069 52.569392877000041)",Unfall 66019 (2020) Kat:3, Licht: 0,66019,3,1,9,06,17,2,0,0,0,1,0,0
"POINT (9.680267781000055 52.431499564000035)",Unfall 66022 (2020) Kat:3, Licht: 0,66022,3,3,5,06,17,2,0,0,1,1,0,0
"POINT (9.731352543000071 52.484951856000066)",Unfall 66023 (2020) Kat:3, Licht: 0,66023,3,7,7,06,15,2,0,0,0,0,0,1
"POINT (9.720379268000045 52.458798595000076)",Unfall 66025 (2020) Kat:3, Licht: 0,66025,3,2,5,06,10,2,0,0,0,1,0,0
"POINT (9.785483261000024 52.372307825000064)",Unfall 66027 (2020) Kat:3, Licht: 0,66027,3,6,2,06,19,2,0,0,0,1,1,0
"POINT (9.734903126000063 52.391506262000064)",Unfall 66028 (2020) Kat:3, Licht: 0,66028,3,2,5,06,21,2,0,0,1,1,0,0
"POINT (9.733928557000070 52.416416209000033)",Unfall 66029 (2020) Kat:3, Licht: 0,66029,3,3,5,06,16,2,0,0,1,1,0,0
"POINT (9.734422968000047 52.389606686000036)",Unfall 66030 (2020) Kat:3, Licht: 0,66030,3,1,0,06,15,2,0,0,1,0,0,0
"POINT (9.732366414000069 52.438539032000051)",Unfall 66031 (2020) Kat:2, Licht: 0,66031,2,3,5,06,09,2,0,0,1,1,0,0
"POINT (9.552129469000022 52.203119284000081)",Unfall 66041 (2020) Kat:3, Licht: 0,66041,3,7,9,06,19,1,0,0,0,0,0,1
"POINT (9.974559883000040 52.400775919000068)",Unfall 66067 (2020) Kat:3, Licht: 0,66067,3,2,2,07,13,6,1,0,0,1,0,0
"POINT (9.730213768000056 52.368958507000059)",Unfall 66068 (2020) Kat:3, Licht: 0,66068,3,3,5,07,14,7,0,0,1,1,0,0
"POINT (9.404176893000056 52.331530917000066)",Unfall 66070 (2020) Kat:3, Licht: 0,66070,3,6,3,07,13,6,1,0,0,1,0,0
"POINT (9.764129363000052 52.584688605000053)",Unfall 66073 (2020) Kat:3, Licht: 0,66073,3,6,2,07,13,3,0,0,0,0,0,0
"POINT (9.594537671000069 52.395378503000074)",Unfall 66074 (2020) Kat:2, Licht: 0,66074,2,4,6,07,10,6,0,0,0,1,1,0
"POINT (9.575293020000061 52.431847053000070)",Unfall 66082 (2020) Kat:3, Licht: 0,66082,3,3,5,07,16,7,1,0,0,1,0,1
"POINT (10.067001405000042 52.395027705000075)",Unfall 66086 (2020) Kat:3, Licht: 0,66086,3,6,2,07,15,7,0,0,0,1,0,0
"POINT (9.744522719000031 52.453175913000052)",Unfall 66093 (2020) Kat:3, Licht: 0,66093,3,6,2,07,13,7,1,0,0,1,0,0
"POINT (9.584515606000025 52.331224911000049)",Unfall 66094 (2020) Kat:3, Licht: 0,66094,3,6,2,07,15,6,0,0,0,1,0,1
"POINT (9.758582522000040 52.277619525000034)",Unfall 66097 (2020) Kat:3, Licht: 0,66097,3,7,0,07,18,1,0,0,1,0,0,0
"POINT (9.727732215000060 52.374525726000059)",Unfall 66105 (2020) Kat:3, Licht: 0,66105,3,6,2,07,13,2,0,0,0,1,0,0
"POINT (9.744434545000047 52.367812025000035)",Unfall 66108 (2020) Kat:3, Licht: 0,66108,3,7,0,07,20,4,0,0,1,0,0,0
"POINT (9.727851732000033 52.381428053000036)",Unfall 66117 (2020) Kat:2, Licht: 2,66117,2,5,5,07,23,7,0,2,1,1,0,0
"POINT (9.770781199000055 52.335761248000040)",Unfall 66125 (2020) Kat:2, Licht: 0,66125,2,6,3,07,20,6,0,0,1,0,0,0
"POINT (9.722644965000029 52.378387753000027)",Unfall 66146 (2020) Kat:3, Licht: 0,66146,3,6,2,07,09,2,1,0,0,1,0,0
"POINT (9.467395527000065 52.422646538000038)",Unfall 66147 (2020) Kat:3, Licht: 0,66147,3,3,5,07,08,3,0,0,0,1,0,0
"POINT (9.728051987000072 52.336203273000081)",Unfall 66155 (2020) Kat:3, Licht: 0,66155,3,6,2,07,16,1,0,0,0,1,0,0
"POINT (10.032150162000050 52.523762635000082)",Unfall 66171 (2020) Kat:3, Licht: 0,66171,3,6,2,07,16,7,0,0,0,1,0,0
"POINT (9.543269584000029 52.421149360000072)",Unfall 66181 (2020) Kat:3, Licht: 2,66181,3,7,2,07,03,2,0,2,0,0,0,0
"POINT (9.748014816000023 52.523700861000066)",Unfall 66182 (2020) Kat:3, Licht: 0,66182,3,7,0,07,14,3,1,0,1,0,0,0
"POINT (9.729547391000040 52.620916093000062)",Unfall 66189 (2020) Kat:3, Licht: 0,66189,3,6,2,07,19,5,1,0,0,1,0,0
"POINT (9.735776077000026 52.399962121000044)",Unfall 66198 (2020) Kat:3, Licht: 0,66198,3,6,3,07,13,5,1,0,0,1,0,0
"POINT (9.732244607000041 52.383076747000075)",Unfall 66199 (2020) Kat:3, Licht: 0,66199,3,6,2,07,07,5,1,0,0,1,0,0
"POINT (9.728832802000056 52.373549967000031)",Unfall 66202 (2020) Kat:3, Licht: 0,66202,3,6,2,07,17,5,0,0,0,1,0,0
"POINT (9.740908066000031 52.301435016000028)",Unfall 66205 (2020) Kat:3, Licht: 0,66205,3,6,4,07,14,5,1,0,1,0,0,0
"POINT (10.087163903000032 52.395365646000073)",Unfall 66206 (2020) Kat:3, Licht: 2,66206,3,7,9,07,02,5,1,2,0,1,0,0
"POINT (9.699893371000030 52.552054432000034)",Unfall 66209 (2020) Kat:3, Licht: 0,66209,3,6,3,07,09,5,1,0,1,0,0,0
"POINT (9.784993731000043 52.320863920000079)",Unfall 66212 (2020) Kat:3, Licht: 0,66212,3,3,5,07,18,5,0,0,0,1,0,0
"POINT (9.800574276000077 52.455800506000060)",Unfall 66236 (2020) Kat:3, Licht: 0,66236,3,5,0,07,18,6,0,0,1,1,0,0
"POINT (9.636911525000073 52.577838921000080)",Unfall 66265 (2020) Kat:3, Licht: 1,66265,3,6,8,07,20,1,0,1,0,1,0,1
"POINT (9.435422669000047 52.330838495000080)",Unfall 66278 (2020) Kat:2, Licht: 0,66278,2,6,4,07,13,5,0,0,0,1,0,0
"POINT (9.750744721000046 52.359814360000030)",Unfall 66281 (2020) Kat:3, Licht: 0,66281,3,6,2,07,09,7,0,0,0,1,0,0
"POINT (9.482343754000056 52.268507426000042)",Unfall 66292 (2020) Kat:3, Licht: 0,66292,3,1,0,07,18,2,1,0,1,0,0,0
"POINT (9.751331755000024 52.369468788000063)",Unfall 66294 (2020) Kat:3, Licht: 0,66294,3,3,5,07,07,4,0,0,1,1,0,0
"POINT (9.752135190000047 52.358011325000064)",Unfall 66296 (2020) Kat:3, Licht: 0,66296,3,6,2,07,19,4,1,0,0,1,0,1
"POINT (9.783437180000021 52.323229306000030)",Unfall 66300 (2020) Kat:3, Licht: 0,66300,3,2,4,07,12,4,1,0,0,1,0,0
"POINT (9.736704531000044 52.368404681000072)",Unfall 66303 (2020) Kat:3, Licht: 0,66303,3,1,0,07,19,4,1,0,1,0,0,0
"POINT (9.826292056000057 52.341394397000045)",Unfall 66304 (2020) Kat:3, Licht: 0,66304,3,1,8,07,09,4,1,0,0,1,0,0
"POINT (9.711677482000027 52.221776830000067)",Unfall 66307 (2020) Kat:3, Licht: 0,66307,3,1,8,07,12,4,1,0,0,1,0,0
"POINT (9.552603797000074 52.440784588000042)",Unfall 66310 (2020) Kat:3, Licht: 0,66310,3,3,5,07,09,4,1,0,1,1,0,0
"POINT (9.968756610000071 52.330163839000079)",Unfall 66311 (2020) Kat:3, Licht: 0,66311,3,6,4,07,13,4,1,0,0,1,0,0
"POINT (9.929572247000067 52.342060882000055)",Unfall 66313 (2020) Kat:3, Licht: 0,66313,3,3,5,07,16,4,1,0,1,1,0,0
"POINT (10.019384725000066 52.384073082000043)",Unfall 66316 (2020) Kat:3, Licht: 0,66316,3,2,4,07,07,4,1,0,0,1,0,0
"POINT (9.722855968000033 52.461208908000060)",Unfall 66317 (2020) Kat:3, Licht: 0,66317,3,1,5,07,17,4,1,0,0,1,0,0
"POINT (9.769806339000070 52.580753431000062)",Unfall 66319 (2020) Kat:3, Licht: 0,66319,3,6,2,07,17,4,1,0,0,1,0,0
"POINT (9.574786593000056 52.281262233000064)",Unfall 66322 (2020) Kat:2, Licht: 0,66322,2,2,5,07,07,4,1,0,1,1,0,0
"POINT (9.889679168000043 52.423220043000072)",Unfall 66324 (2020) Kat:3, Licht: 2,66324,3,7,2,07,01,4,0,2,0,1,0,0
"POINT (9.733880801000055 52.384659254000042)",Unfall 66325 (2020) Kat:3, Licht: 0,66325,3,7,0,07,19,4,1,0,1,0,0,0
"POINT (9.770096347000049 52.342840500000079)",Unfall 66327 (2020) Kat:3, Licht: 0,66327,3,6,3,07,12,4,0,0,0,1,0,0
"POINT (9.421163431000025 52.443000693000045)",Unfall 66333 (2020) Kat:3, Licht: 1,66333,3,7,8,07,22,2,0,1,1,0,0,0
"POINT (9.642747370000052 52.296212667000077)",Unfall 66334 (2020) Kat:3, Licht: 0,66334,3,2,5,07,17,3,0,0,1,1,0,0
"POINT (9.796925143000067 52.455082565000055)",Unfall 66370 (2020) Kat:3, Licht: 0,66370,3,6,2,07,07,3,0,0,0,1,0,0
"POINT (9.725567422000040 52.322396875000038)",Unfall 66392 (2020) Kat:3, Licht: 0,66392,3,6,2,07,20,6,0,0,0,1,0,0
"POINT (9.472903626000061 52.420802711000078)",Unfall 66395 (2020) Kat:3, Licht: 0,66395,3,1,8,07,18,1,0,0,0,1,0,0
"POINT (9.857758137000076 52.481483005000030)",Unfall 66411 (2020) Kat:3, Licht: 0,66411,3,3,0,07,11,1,0,0,0,1,0,1
"POINT (9.568491187000063 52.303338632000077)",Unfall 66425 (2020) Kat:3, Licht: 0,66425,3,1,8,07,17,6,0,0,0,1,0,0
"POINT (9.766384858000038 52.343133560000069)",Unfall 66430 (2020) Kat:3, Licht: 0,66430,3,6,2,07,09,3,0,0,0,1,0,0
"POINT (9.709499446000052 52.168974002000027)",Unfall 66431 (2020) Kat:3, Licht: 0,66431,3,3,5,07,07,3,0,0,0,1,0,0
"POINT (9.573537115000022 52.272765540000080)",Unfall 66434 (2020) Kat:3, Licht: 0,66434,3,7,8,07,19,3,1,0,0,1,0,0
"POINT (9.538850334000074 52.271198536000043)",Unfall 66435 (2020) Kat:2, Licht: 0,66435,2,7,0,07,11,3,0,0,1,0,0,0
"POINT (9.488514011000063 52.309190098000045)",Unfall 66437 (2020) Kat:3, Licht: 0,66437,3,1,0,07,19,2,0,0,1,0,0,0
"POINT (9.466893705000075 52.332796186000053)",Unfall 66438 (2020) Kat:3, Licht: 0,66438,3,6,2,07,15,3,0,0,0,1,0,0
"POINT (9.862288605000060 52.489561613000035)",Unfall 66439 (2020) Kat:3, Licht: 0,66439,3,3,5,07,15,3,0,0,1,1,0,0
"POINT (9.783628146000069 52.359911604000047)",Unfall 66441 (2020) Kat:3, Licht: 0,66441,3,1,8,07,19,3,1,0,0,1,0,0
"POINT (9.735595219000061 52.403300654000077)",Unfall 66447 (2020) Kat:3, Licht: 0,66447,3,6,2,07,11,2,0,0,0,1,0,0
"POINT (9.465083077000031 52.409397430000070)",Unfall 66448 (2020) Kat:3, Licht: 0,66448,3,7,8,07,10,3,0,0,0,0,0,0
"POINT (9.469343401000060 52.421822932000055)",Unfall 66472 (2020) Kat:3, Licht: 0,66472,3,7,0,07,18,7,0,0,0,0,0,1
"POINT (9.722298494000029 52.454263360000027)",Unfall 66483 (2020) Kat:3, Licht: 0,66483,3,6,2,07,15,2,0,0,0,1,0,0
"POINT (9.576333227000021 52.440244543000063)",Unfall 66484 (2020) Kat:3, Licht: 0,66484,3,2,6,07,17,3,0,0,0,0,1,1
"POINT (9.536808485000051 52.441953813000055)",Unfall 66539 (2020) Kat:3, Licht: 0,66539,3,3,5,07,18,6,0,0,1,1,0,0
"POINT (9.671139461000053 52.441096638000033)",Unfall 66542 (2020) Kat:3, Licht: 0,66542,3,1,0,07,12,1,0,0,1,0,0,0
"POINT (9.577657673000033 52.384042235000038)",Unfall 66557 (2020) Kat:3, Licht: 0,66557,3,1,4,07,12,2,1,0,0,1,0,1
"POINT (9.599555331000033 52.394490682000026)",Unfall 66560 (2020) Kat:3, Licht: 0,66560,3,5,1,07,19,2,1,0,0,1,0,0
"POINT (9.501829593000025 52.334741552000082)",Unfall 66561 (2020) Kat:3, Licht: 0,66561,3,3,5,07,13,2,0,0,0,1,0,0
"POINT (10.114243492000071 52.351466717000051)",Unfall 66563 (2020) Kat:3, Licht: 0,66563,3,2,2,07,13,2,1,0,0,1,0,1
"POINT (9.463503539000044 52.340351675000079)",Unfall 66566 (2020) Kat:3, Licht: 0,66566,3,1,9,07,17,1,0,0,0,0,0,1
"POINT (9.814963990000024 52.319271815000036)",Unfall 66567 (2020) Kat:3, Licht: 0,66567,3,6,2,07,13,2,1,0,0,1,0,0
"POINT (9.732300660000021 52.383368871000073)",Unfall 66570 (2020) Kat:3, Licht: 0,66570,3,2,5,07,11,2,1,0,1,0,0,0
"POINT (9.733925940000063 52.416435701000069)",Unfall 66579 (2020) Kat:3, Licht: 0,66579,3,2,5,07,18,5,0,0,1,1,0,0
"POINT (9.427381239000056 52.428860849000046)",Unfall 66593 (2020) Kat:3, Licht: 0,66593,3,2,5,07,12,2,0,0,1,1,0,0
"POINT (9.474255160000041 52.389270718000034)",Unfall 66596 (2020) Kat:3, Licht: 0,66596,3,3,5,07,14,4,0,0,0,1,0,0
"POINT (9.664117197000053 52.376962690000028)",Unfall 66600 (2020) Kat:3, Licht: 0,66600,3,1,8,07,11,1,0,0,1,0,0,0
"POINT (9.897834571000033 52.493906062000065)",Unfall 66628 (2020) Kat:3, Licht: 0,66628,3,3,5,07,18,3,0,0,1,1,0,0
"POINT (9.378106758000058 52.456223897000029)",Unfall 66635 (2020) Kat:3, Licht: 0,66635,3,2,2,07,17,2,0,0,0,1,0,0
"POINT (9.747340202000032 52.324075617000062)",Unfall 66636 (2020) Kat:3, Licht: 0,66636,3,2,5,07,07,3,0,0,1,1,0,0
"POINT (9.829584587000056 52.360941881000031)",Unfall 66640 (2020) Kat:2, Licht: 0,66640,2,7,0,07,08,1,1,0,1,1,0,0
"POINT (9.730925897000077 52.209967695000046)",Unfall 66643 (2020) Kat:3, Licht: 0,66643,3,1,8,07,15,1,0,0,0,0,0,1
"POINT (9.789822849000075 52.560011042000042)",Unfall 66644 (2020) Kat:3, Licht: 0,66644,3,6,2,07,14,1,0,0,0,1,0,0
"POINT (9.654450491000034 52.407899210000039)",Unfall 66658 (2020) Kat:3, Licht: 2,66658,3,6,2,07,23,7,0,2,0,1,0,0
"POINT (9.726517155000067 52.515219795000064)",Unfall 66710 (2020) Kat:3, Licht: 0,66710,3,6,2,07,11,1,0,0,0,1,0,0
"POINT (9.763145867000048 52.370588551000026)",Unfall 66715 (2020) Kat:3, Licht: 0,66715,3,6,2,07,16,6,1,0,0,1,0,0
"POINT (9.708415108000054 52.408982850000029)",Unfall 66724 (2020) Kat:3, Licht: 0,66724,3,3,5,07,16,6,1,0,1,1,0,0
"POINT (9.778503295000064 52.573899308000080)",Unfall 66725 (2020) Kat:3, Licht: 0,66725,3,6,2,07,18,6,0,0,0,1,0,0
"POINT (9.699718162000067 52.347639883000056)",Unfall 66731 (2020) Kat:3, Licht: 0,66731,3,6,2,07,12,7,0,0,0,1,0,0
"POINT (9.805870305000042 52.337091718000067)",Unfall 66733 (2020) Kat:2, Licht: 0,66733,2,6,2,07,10,7,0,0,0,0,0,1
"POINT (9.693194723000033 52.562399744000061)",Unfall 66736 (2020) Kat:3, Licht: 0,66736,3,1,8,07,11,2,0,0,0,1,0,0
"POINT (9.854622948000042 52.359026920000076)",Unfall 66741 (2020) Kat:3, Licht: 0,66741,3,2,5,07,18,6,0,0,0,1,0,1
"POINT (9.453452832000039 52.411786096000071)",Unfall 66746 (2020) Kat:3, Licht: 0,66746,3,6,2,07,11,3,0,0,0,1,0,0
"POINT (9.712870101000021 52.366808427000080)",Unfall 66749 (2020) Kat:3, Licht: 0,66749,3,1,0,07,12,6,1,0,1,0,0,1
"POINT (9.827281590000041 52.356048981000072)",Unfall 66768 (2020) Kat:3, Licht: 0,66768,3,2,3,07,09,7,0,0,1,1,0,0
"POINT (9.765825695000046 52.341497182000069)",Unfall 66774 (2020) Kat:3, Licht: 0,66774,3,6,2,07,14,6,1,0,0,1,0,1
"POINT (9.629531407000059 52.421710331000043)",Unfall 66778 (2020) Kat:3, Licht: 0,66778,3,6,3,07,12,7,0,0,0,1,0,0
"POINT (9.855837026000074 52.492414312000051)",Unfall 66779 (2020) Kat:3, Licht: 0,66779,3,3,5,07,13,2,0,0,1,1,0,0
"POINT (9.719835751000062 52.316478099000051)",Unfall 66780 (2020) Kat:3, Licht: 0,66780,3,6,4,07,13,3,0,0,1,0,0,0
"POINT (9.764621329000022 52.342586016000041)",Unfall 66796 (2020) Kat:3, Licht: 0,66796,3,2,2,07,05,6,1,0,0,1,0,0
"POINT (9.468354623000039 52.330684213000040)",Unfall 66797 (2020) Kat:3, Licht: 0,66797,3,6,2,07,07,6,0,0,0,1,0,0
"POINT (9.740021642000045 52.302084287000071)",Unfall 66801 (2020) Kat:3, Licht: 0,66801,3,2,2,07,13,6,0,0,0,1,0,0
"POINT (9.702144368000063 52.422598081000046)",Unfall 66803 (2020) Kat:3, Licht: 0,66803,3,6,2,07,13,6,0,0,0,1,0,0
"POINT (9.471747001000040 52.507801720000032)",Unfall 66807 (2020) Kat:3, Licht: 0,66807,3,6,0,07,06,6,0,0,0,1,0,0
"POINT (9.703164930000071 52.422860025000034)",Unfall 66814 (2020) Kat:3, Licht: 2,66814,3,6,0,08,21,6,0,2,0,1,0,1
"POINT (9.762611646000039 52.370557157000064)",Unfall 66815 (2020) Kat:3, Licht: 2,66815,3,6,2,08,00,7,0,2,0,1,0,0
"POINT (9.332030571000075 52.530782840000029)",Unfall 66823 (2020) Kat:3, Licht: 2,66823,3,1,8,08,22,2,0,2,0,1,0,0
"POINT (9.738393648000056 52.368111071000044)",Unfall 66827 (2020) Kat:3, Licht: 0,66827,3,6,6,08,17,4,0,0,1,0,1,0
"POINT (9.637599541000043 52.396628155000030)",Unfall 66829 (2020) Kat:3, Licht: 0,66829,3,3,5,07,09,6,0,0,0,1,0,0
"POINT (9.826069351000058 52.289496596000049)",Unfall 66831 (2020) Kat:3, Licht: 0,66831,3,3,5,07,20,4,0,0,1,1,0,0
"POINT (9.696115785000075 52.420193809000068)",Unfall 66837 (2020) Kat:3, Licht: 0,66837,3,6,2,07,15,4,0,0,0,1,0,0
"POINT (9.711782947000074 52.405064479000032)",Unfall 66851 (2020) Kat:3, Licht: 0,66851,3,3,5,07,08,2,0,0,1,1,0,0
"POINT (9.714390540000068 52.398809409000080)",Unfall 66855 (2020) Kat:3, Licht: 0,66855,3,2,3,07,12,2,0,0,1,1,0,0
"POINT (9.461085552000043 52.402856880000058)",Unfall 66860 (2020) Kat:3, Licht: 0,66860,3,3,5,07,09,2,0,0,1,1,0,0
"POINT (9.740023702000030 52.302082718000065)",Unfall 66861 (2020) Kat:3, Licht: 0,66861,3,7,0,07,16,2,1,0,0,1,1,0
"POINT (9.733179459000041 52.427585205000071)",Unfall 66865 (2020) Kat:3, Licht: 0,66865,3,6,2,07,14,2,0,0,0,1,0,1
"POINT (9.614216226000053 52.430507229000057)",Unfall 66866 (2020) Kat:3, Licht: 0,66866,3,3,5,07,18,4,0,0,1,1,0,0
"POINT (9.731750060000024 52.475668556000073)",Unfall 66867 (2020) Kat:3, Licht: 0,66867,3,3,5,07,09,2,0,0,0,1,0,0
"POINT (9.627835880000021 52.330123773000082)",Unfall 66871 (2020) Kat:3, Licht: 0,66871,3,3,5,07,05,5,0,0,1,1,0,0
"POINT (9.624820031000070 52.277536348000069)",Unfall 66872 (2020) Kat:2, Licht: 0,66872,2,1,4,07,15,2,1,0,0,1,0,0
"POINT (9.753031660000033 52.527030832000037)",Unfall 66873 (2020) Kat:3, Licht: 0,66873,3,5,1,07,19,4,0,0,0,1,0,0
"POINT (9.853748590000066 52.558339633000060)",Unfall 66891 (2020) Kat:3, Licht: 0,66891,3,6,2,07,15,4,0,0,0,1,0,0
"POINT (9.812602798000057 52.509857805000081)",Unfall 66905 (2020) Kat:3, Licht: 0,66905,3,6,3,08,11,3,0,0,0,1,0,0
"POINT (9.861429333000046 52.358379155000080)",Unfall 66923 (2020) Kat:2, Licht: 0,66923,2,4,6,08,11,1,0,0,0,1,1,0
"POINT (9.456479514000023 52.504957972000057)",Unfall 66938 (2020) Kat:3, Licht: 0,66938,3,7,0,08,14,2,0,0,1,0,0,0
"POINT (9.723226355000065 52.459226664000028)",Unfall 66942 (2020) Kat:3, Licht: 2,66942,3,6,2,08,23,4,0,2,0,1,0,0
"POINT (9.728768739000032 52.494963099000074)",Unfall 66953 (2020) Kat:3, Licht: 0,66953,3,2,5,08,18,5,0,0,1,1,0,0
"POINT (10.074661611000067 52.367359027000077)",Unfall 66959 (2020) Kat:3, Licht: 0,66959,3,6,3,08,13,1,0,0,0,1,0,0
"POINT (9.617953841000031 52.330102759000056)",Unfall 66962 (2020) Kat:3, Licht: 0,66962,3,1,0,07,18,1,0,0,1,0,0,0
"POINT (9.956364849000067 52.390539932000081)",Unfall 66964 (2020) Kat:2, Licht: 2,66964,2,7,8,07,23,1,0,2,0,1,0,0
"POINT (9.420128039000076 52.424844702000030)",Unfall 66966 (2020) Kat:3, Licht: 0,66966,3,7,0,08,10,6,0,0,1,0,0,0
"POINT (9.749896926000076 52.319314922000046)",Unfall 66967 (2020) Kat:3, Licht: 0,66967,3,6,0,08,17,7,1,0,0,1,0,1
"POINT (9.683182119000037 52.429604977000054)",Unfall 66969 (2020) Kat:3, Licht: 0,66969,3,6,2,07,19,1,0,0,0,1,0,0
"POINT (9.434599532000050 52.442944507000050)",Unfall 66970 (2020) Kat:2, Licht: 0,66970,2,2,5,07,12,1,0,0,0,1,0,1
"POINT (9.718456706000040 52.367259948000026)",Unfall 66971 (2020) Kat:3, Licht: 0,66971,3,7,0,07,16,1,0,0,1,0,0,0
"POINT (9.735843146000036 52.399361991000035)",Unfall 66976 (2020) Kat:3, Licht: 0,66976,3,4,6,07,19,1,0,0,0,1,1,0
"POINT (9.718024806000074 52.394905828000049)",Unfall 66977 (2020) Kat:3, Licht: 2,66977,3,7,0,07,00,1,1,2,1,0,0,0
"POINT (9.736738628000069 52.466257067000072)",Unfall 66981 (2020) Kat:3, Licht: 0,66981,3,5,3,07,11,6,0,0,0,1,0,0
"POINT (9.295182998000030 52.492677996000054)",Unfall 67003 (2020) Kat:3, Licht: 0,67003,3,3,5,08,14,6,0,0,0,1,0,0
"POINT (9.772590689000026 52.578504206000048)",Unfall 67004 (2020) Kat:3, Licht: 0,67004,3,6,2,08,10,7,0,0,0,1,0,0
"POINT (9.612086864000048 52.437229642000034)",Unfall 67024 (2020) Kat:3, Licht: 0,67024,3,7,5,08,19,3,0,0,0,1,0,0
"POINT (9.858414929000048 52.509234263000053)",Unfall 67025 (2020) Kat:3, Licht: 0,67025,3,2,5,07,15,5,0,0,0,1,0,0
"POINT (9.724003497000069 52.391058160000057)",Unfall 67047 (2020) Kat:3, Licht: 0,67047,3,2,3,07,11,7,0,0,1,0,0,0
"POINT (9.615055518000077 52.388781864000066)",Unfall 67049 (2020) Kat:3, Licht: 1,67049,3,6,2,07,20,7,0,1,0,1,0,0
"POINT (9.416618612000036 52.326225929000032)",Unfall 67050 (2020) Kat:3, Licht: 0,67050,3,2,4,07,16,7,0,0,0,1,0,1
"POINT (9.988791442000036 52.445181665000064)",Unfall 67054 (2020) Kat:3, Licht: 0,67054,3,6,2,07,12,7,0,0,0,1,0,0
"POINT (9.711857874000032 52.429420243000038)",Unfall 67056 (2020) Kat:3, Licht: 0,67056,3,6,2,07,17,7,0,0,0,1,0,0
"POINT (9.693074633000038 52.381866123000066)",Unfall 67059 (2020) Kat:3, Licht: 2,67059,3,1,8,08,22,3,0,2,0,1,0,0
"POINT (9.899186055000030 52.385681648000059)",Unfall 67061 (2020) Kat:3, Licht: 0,67061,3,6,2,07,14,7,0,0,0,1,0,0
"POINT (9.763109709000048 52.427104860000043)",Unfall 67062 (2020) Kat:3, Licht: 0,67062,3,7,8,07,06,7,0,0,0,0,0,0
"POINT (9.907601708000072 52.281469141000059)",Unfall 67068 (2020) Kat:3, Licht: 1,67068,3,6,2,07,05,7,0,1,0,1,0,0
"POINT (9.751894401000072 52.594399252000073)",Unfall 67077 (2020) Kat:3, Licht: 0,67077,3,7,3,08,15,1,0,0,0,1,0,0
"POINT (9.647545871000034 52.413380444000040)",Unfall 67084 (2020) Kat:3, Licht: 0,67084,3,6,3,08,19,6,0,0,0,1,0,1
"POINT (9.750767036000070 52.359785228000078)",Unfall 67085 (2020) Kat:3, Licht: 0,67085,3,6,2,08,14,7,1,0,0,1,0,0
"POINT (9.721432514000071 52.368285394000054)",Unfall 67108 (2020) Kat:3, Licht: 0,67108,3,6,4,08,20,5,0,0,1,0,0,0
"POINT (9.523258586000054 52.461304898000037)",Unfall 67121 (2020) Kat:3, Licht: 1,67121,3,1,0,08,21,6,0,1,0,0,0,1
"POINT (9.765363182000044 52.551941682000063)",Unfall 67122 (2020) Kat:3, Licht: 0,67122,3,2,2,08,11,7,0,0,0,1,0,0
"POINT (9.998180166000054 52.448923659000059)",Unfall 67141 (2020) Kat:3, Licht: 0,67141,3,1,0,08,17,2,0,0,1,0,0,0
"POINT (9.788221612000029 52.318357583000079)",Unfall 67145 (2020) Kat:3, Licht: 2,67145,3,3,5,08,22,4,0,2,1,1,0,0
"POINT (9.714840566000021 52.361130489000061)",Unfall 67147 (2020) Kat:3, Licht: 0,67147,3,2,3,07,11,6,0,0,0,1,0,1
"POINT (9.690334524000036 52.374769445000027)",Unfall 67157 (2020) Kat:3, Licht: 0,67157,3,2,5,08,20,6,0,0,1,1,0,0
"POINT (9.711450441000068 52.405450970000061)",Unfall 67176 (2020) Kat:3, Licht: 0,67176,3,6,3,07,15,6,0,0,0,1,0,1
"POINT (9.860437887000046 52.517406195000035)",Unfall 67179 (2020) Kat:3, Licht: 0,67179,3,3,5,08,14,3,0,0,0,1,0,0
"POINT (9.760925637000071 52.521346015000063)",Unfall 67184 (2020) Kat:3, Licht: 0,67184,3,7,8,07,16,6,0,0,0,1,0,0
"POINT (10.095496365000031 52.482952237000063)",Unfall 67186 (2020) Kat:3, Licht: 0,67186,3,7,0,07,15,6,0,0,1,0,0,0
"POINT (9.724970963000033 52.376741885000058)",Unfall 67190 (2020) Kat:3, Licht: 0,67190,3,3,5,07,16,5,0,0,0,1,0,0
"POINT (10.049961405000033 52.374022050000065)",Unfall 67191 (2020) Kat:3, Licht: 0,67191,3,6,2,07,19,6,0,0,0,1,0,0
"POINT (9.859845095000026 52.458194890000073)",Unfall 67193 (2020) Kat:2, Licht: 1,67193,2,7,9,07,06,6,0,1,0,1,0,0
"POINT (9.794581762000064 52.312913214000048)",Unfall 67197 (2020) Kat:2, Licht: 0,67197,2,7,0,07,18,6,0,0,1,0,0,0
"POINT (9.634677655000075 52.246851397000057)",Unfall 67198 (2020) Kat:3, Licht: 0,67198,3,7,8,07,14,6,0,0,0,1,0,0
"POINT (9.528865772000074 52.188485969000055)",Unfall 67259 (2020) Kat:3, Licht: 0,67259,3,3,5,08,15,2,0,0,1,0,0,1
"POINT (9.626494884000067 52.330031299000041)",Unfall 67263 (2020) Kat:3, Licht: 0,67263,3,3,5,08,09,4,0,0,0,1,0,0
"POINT (9.733847687000036 52.469657533000031)",Unfall 67274 (2020) Kat:3, Licht: 1,67274,3,3,5,08,21,5,0,1,1,1,0,0
"POINT (9.758500823000077 52.427065121000055)",Unfall 67280 (2020) Kat:2, Licht: 0,67280,2,7,8,08,15,1,0,0,0,1,0,0
"POINT (9.726344914000038 52.366155270000036)",Unfall 67287 (2020) Kat:3, Licht: 0,67287,3,6,2,08,14,6,0,0,0,1,0,0
"POINT (9.714986994000071 52.346384255000032)",Unfall 67288 (2020) Kat:3, Licht: 0,67288,3,6,2,08,10,7,0,0,0,1,0,0
"POINT (9.785881419000077 52.555349944000056)",Unfall 67302 (2020) Kat:3, Licht: 0,67302,3,6,2,07,17,6,0,0,0,1,0,0
"POINT (9.629138394000051 52.330363098000078)",Unfall 67316 (2020) Kat:3, Licht: 0,67316,3,6,2,07,16,5,0,0,0,1,0,0
"POINT (9.401695387000075 52.454348835000076)",Unfall 67319 (2020) Kat:2, Licht: 0,67319,2,2,5,07,20,5,0,0,0,1,0,1
"POINT (9.791314634000059 52.315332338000076)",Unfall 67323 (2020) Kat:3, Licht: 0,67323,3,2,4,07,14,3,0,0,0,1,0,0
"POINT (9.793483040000069 52.553643102000080)",Unfall 67324 (2020) Kat:1, Licht: 0,67324,1,6,2,07,13,5,0,0,0,1,0,0
"POINT (9.735641792000024 52.402999885000042)",Unfall 67325 (2020) Kat:3, Licht: 0,67325,3,6,2,08,13,6,0,0,0,1,0,0
"POINT (9.737852329000077 52.610275508000029)",Unfall 67326 (2020) Kat:3, Licht: 0,67326,3,6,2,08,11,7,0,0,0,1,0,0
"POINT (9.698374430000058 52.376947110000060)",Unfall 67328 (2020) Kat:3, Licht: 0,67328,3,6,2,07,10,5,0,0,0,1,0,0
"POINT (9.500183007000032 52.575719260000028)",Unfall 67329 (2020) Kat:3, Licht: 0,67329,3,6,2,07,17,5,0,0,1,0,0,0
"POINT (9.751718393000033 52.369560424000042)",Unfall 67330 (2020) Kat:2, Licht: 0,67330,2,2,0,07,09,5,0,0,0,1,0,1
"POINT (9.735748800000067 52.400176402000056)",Unfall 67341 (2020) Kat:3, Licht: 0,67341,3,6,2,07,07,3,0,0,0,1,0,0
"POINT (9.716440405000071 52.357905480000056)",Unfall 67345 (2020) Kat:3, Licht: 0,67345,3,3,5,08,13,3,0,0,0,1,0,1
"POINT (9.723011665000058 52.440218047000030)",Unfall 67346 (2020) Kat:3, Licht: 0,67346,3,6,3,07,18,5,0,0,0,1,0,0
"POINT (9.788898713000037 52.421553042000028)",Unfall 67348 (2020) Kat:3, Licht: 0,67348,3,6,0,07,13,3,0,0,0,1,0,0
"POINT (9.515029730000038 52.288009672000044)",Unfall 67367 (2020) Kat:3, Licht: 0,67367,3,6,2,07,19,3,0,0,0,1,0,0
"POINT (9.765523936000022 52.430291570000065)",Unfall 67376 (2020) Kat:3, Licht: 0,67376,3,3,5,07,16,3,0,0,1,1,0,0
"POINT (9.643439641000043 52.335036199000058)",Unfall 67380 (2020) Kat:1, Licht: 0,67380,1,3,5,08,08,3,0,0,1,1,0,0
"POINT (9.816330597000047 52.289016069000070)",Unfall 67406 (2020) Kat:3, Licht: 0,67406,3,6,2,08,14,6,0,0,0,1,0,0
"POINT (9.670784371000025 52.441330432000029)",Unfall 67428 (2020) Kat:3, Licht: 0,67428,3,6,2,08,07,5,0,0,0,1,0,0
"POINT (10.020734816000072 52.382761801000072)",Unfall 67434 (2020) Kat:3, Licht: 1,67434,3,1,9,08,04,1,1,1,0,1,0,0
"POINT (9.563855844000045 52.364717111000061)",Unfall 67441 (2020) Kat:3, Licht: 0,67441,3,3,5,08,10,6,0,0,0,1,0,0
"POINT (9.413544654000077 52.329501119000042)",Unfall 67442 (2020) Kat:3, Licht: 0,67442,3,7,0,08,20,7,0,0,1,0,0,0
"POINT (9.836995360000060 52.277060871000060)",Unfall 67445 (2020) Kat:2, Licht: 0,67445,2,1,0,07,16,4,0,0,1,0,0,0
"POINT (9.611254837000047 52.392048893000037)",Unfall 67446 (2020) Kat:3, Licht: 0,67446,3,3,5,07,07,4,0,0,1,1,0,0
"POINT (9.567063544000064 52.421846730000027)",Unfall 67451 (2020) Kat:3, Licht: 0,67451,3,6,2,07,15,4,0,0,0,1,0,0
"POINT (9.760799426000062 52.587044820000074)",Unfall 67452 (2020) Kat:2, Licht: 0,67452,2,6,2,07,10,4,0,0,0,1,0,0
"POINT (9.772361003000071 52.578937332000066)",Unfall 67456 (2020) Kat:3, Licht: 0,67456,3,6,2,07,09,4,0,0,0,1,0,0
"POINT (9.721650547000024 52.362144946000058)",Unfall 67458 (2020) Kat:3, Licht: 1,67458,3,7,0,07,20,4,0,1,0,0,1,0
"POINT (9.733722789000069 52.586256434000063)",Unfall 67461 (2020) Kat:3, Licht: 0,67461,3,2,6,08,13,2,0,0,0,0,1,0
"POINT (9.716675275000057 52.396966357000053)",Unfall 67462 (2020) Kat:3, Licht: 0,67462,3,1,0,07,19,4,0,0,0,0,0,1
"POINT (10.002494524000042 52.386574883000037)",Unfall 67465 (2020) Kat:3, Licht: 0,67465,3,6,2,08,18,4,0,0,0,1,0,0
"POINT (9.556371468000066 52.569134965000046)",Unfall 67478 (2020) Kat:2, Licht: 0,67478,2,1,8,08,17,6,0,0,0,0,0,1
"POINT (9.914743600000065 52.340211127000032)",Unfall 67499 (2020) Kat:3, Licht: 0,67499,3,5,0,08,08,3,0,0,0,1,0,0
"POINT (9.356612810000058 52.446538890000056)",Unfall 67544 (2020) Kat:3, Licht: 0,67544,3,3,5,08,13,5,0,0,1,0,0,0
"POINT (9.762878821000072 52.426954918000035)",Unfall 67550 (2020) Kat:3, Licht: 0,67550,3,6,2,08,15,1,0,0,0,1,0,0
"POINT (9.712528225000028 52.366743301000042)",Unfall 67572 (2020) Kat:3, Licht: 0,67572,3,6,3,07,13,3,0,0,1,0,0,0
"POINT (9.708845788000076 52.366050863000055)",Unfall 67574 (2020) Kat:3, Licht: 0,67574,3,3,5,07,14,3,0,0,0,1,0,0
"POINT (9.830991119000032 52.399262925000073)",Unfall 67577 (2020) Kat:3, Licht: 0,67577,3,6,2,08,14,2,0,0,0,1,0,0
"POINT (9.756041280000034 52.312322430000052)",Unfall 67578 (2020) Kat:3, Licht: 0,67578,3,1,0,07,16,3,0,0,1,1,0,0
"POINT (9.576028823000058 52.269329753000079)",Unfall 67579 (2020) Kat:3, Licht: 0,67579,3,7,0,07,16,3,0,0,1,0,0,0
"POINT (9.735381682000025 52.402549181000040)",Unfall 67581 (2020) Kat:3, Licht: 0,67581,3,2,5,08,16,4,0,0,1,1,0,0
"POINT (9.534622340000055 52.340262546000076)",Unfall 67584 (2020) Kat:1, Licht: 0,67584,1,6,4,07,16,3,0,0,0,1,0,0
"POINT (9.754389611000022 52.592129694000050)",Unfall 67586 (2020) Kat:3, Licht: 0,67586,3,6,2,07,11,3,0,0,0,1,0,0
"POINT (9.656124891000047 52.171176340000045)",Unfall 67587 (2020) Kat:2, Licht: 0,67587,2,3,5,07,06,3,0,0,0,1,0,1
"POINT (9.673725398000045 52.438181334000035)",Unfall 67594 (2020) Kat:3, Licht: 0,67594,3,6,2,08,15,6,0,0,0,1,0,0
"POINT (9.759742311000025 52.452951439000060)",Unfall 67595 (2020) Kat:3, Licht: 2,67595,3,2,4,08,21,7,1,2,0,1,0,0
"POINT (9.468617764000044 52.426634743000079)",Unfall 67603 (2020) Kat:3, Licht: 0,67603,3,4,6,08,12,1,0,0,1,0,1,0
"POINT (9.720162342000037 52.391789143000040)",Unfall 67617 (2020) Kat:3, Licht: 2,67617,3,3,5,08,21,5,0,2,1,1,0,0
"POINT (9.583329445000061 52.261206092000066)",Unfall 67621 (2020) Kat:3, Licht: 0,67621,3,1,0,08,14,1,1,0,1,0,0,0
"POINT (9.823036764000051 52.362416349000057)",Unfall 67624 (2020) Kat:3, Licht: 0,67624,3,5,1,08,12,2,1,0,0,1,0,0
"POINT (9.725107177000041 52.562680045000036)",Unfall 67627 (2020) Kat:3, Licht: 0,67627,3,6,2,08,11,1,0,0,0,1,0,0
"POINT (9.511368172000061 52.290129178000029)",Unfall 67630 (2020) Kat:3, Licht: 2,67630,3,1,4,08,20,4,1,2,0,1,0,0
"POINT (9.734785323000040 52.390591281000070)",Unfall 67632 (2020) Kat:3, Licht: 0,67632,3,5,3,08,09,6,0,0,0,1,0,0
"POINT (9.653191885000069 52.449682461000066)",Unfall 67635 (2020) Kat:2, Licht: 0,67635,2,7,8,08,09,1,0,0,1,0,0,0
"POINT (9.720194802000037 52.368050205000031)",Unfall 67650 (2020) Kat:2, Licht: 0,67650,2,6,4,08,07,5,0,0,1,0,0,0
"POINT (9.839486627000042 52.387606762000075)",Unfall 67651 (2020) Kat:2, Licht: 0,67651,2,1,0,08,15,6,0,0,1,0,0,0
"POINT (9.833407970000053 52.419270730000051)",Unfall 67652 (2020) Kat:3, Licht: 0,67652,3,6,2,08,14,6,0,0,0,1,0,0
"POINT (9.799948501000074 52.407268812000041)",Unfall 67658 (2020) Kat:3, Licht: 0,67658,3,7,0,08,13,2,0,0,1,0,0,0
"POINT (9.466673605000040 52.460461192000082)",Unfall 67659 (2020) Kat:3, Licht: 0,67659,3,6,4,08,16,6,0,0,0,1,0,0
"POINT (9.737162441000066 52.465645261000077)",Unfall 67664 (2020) Kat:3, Licht: 0,67664,3,6,2,08,17,5,0,0,0,1,0,0
"POINT (9.486898881000059 52.466758961000039)",Unfall 67665 (2020) Kat:3, Licht: 0,67665,3,6,4,08,16,6,0,0,0,1,0,0
"POINT (9.743200104000039 52.547438891000070)",Unfall 67666 (2020) Kat:3, Licht: 0,67666,3,3,5,08,18,6,1,0,0,1,0,0
"POINT (9.917476896000039 52.512094772000069)",Unfall 67672 (2020) Kat:2, Licht: 0,67672,2,5,1,08,12,6,0,0,0,1,0,0
"POINT (9.727974199000073 52.243093054000042)",Unfall 67673 (2020) Kat:3, Licht: 0,67673,3,7,8,08,17,1,0,0,0,1,0,0
"POINT (9.728448432000050 52.368009432000065)",Unfall 67674 (2020) Kat:3, Licht: 0,67674,3,3,5,08,07,6,0,0,1,1,0,0
"POINT (9.841567252000061 52.410279507000041)",Unfall 67676 (2020) Kat:3, Licht: 0,67676,3,6,2,08,15,4,0,0,0,1,0,0
"POINT (9.774712267000041 52.577205733000028)",Unfall 67678 (2020) Kat:3, Licht: 0,67678,3,7,3,08,14,6,0,0,0,1,0,0
"POINT (9.647551587000066 52.397019336000028)",Unfall 67680 (2020) Kat:3, Licht: 0,67680,3,4,6,08,15,1,1,0,0,1,1,0
"POINT (9.491900738000027 52.415947590000030)",Unfall 67682 (2020) Kat:3, Licht: 2,67682,3,6,2,08,21,1,1,2,0,1,0,0
"POINT (9.719996468000034 52.368021819000035)",Unfall 67683 (2020) Kat:3, Licht: 0,67683,3,3,5,08,14,3,0,0,1,0,0,0
"POINT (9.735614965000025 52.394774102000042)",Unfall 67704 (2020) Kat:3, Licht: 0,67704,3,3,5,08,15,1,1,0,1,0,0,0
"POINT (9.514014088000067 52.325695918000065)",Unfall 67719 (2020) Kat:3, Licht: 0,67719,3,2,2,08,17,6,0,0,1,1,0,0
"POINT (9.965918129000045 52.315586964000033)",Unfall 67726 (2020) Kat:3, Licht: 1,67726,3,7,0,08,21,3,0,1,1,0,0,0
"POINT (9.790803308000022 52.349400790000061)",Unfall 67758 (2020) Kat:2, Licht: 0,67758,2,1,9,08,18,1,0,0,0,0,0,1
"POINT (9.735842773000059 52.399366890000067)",Unfall 67760 (2020) Kat:3, Licht: 0,67760,3,3,5,08,17,3,1,0,1,1,0,0
"POINT (9.802060319000077 52.336704724000072)",Unfall 67767 (2020) Kat:3, Licht: 2,67767,3,1,0,08,04,7,0,2,1,0,0,0
"POINT (9.735281998000062 52.394652996000048)",Unfall 67768 (2020) Kat:3, Licht: 0,67768,3,2,2,08,15,2,1,0,0,1,0,0
"POINT (9.726458763000039 52.594526645000030)",Unfall 67780 (2020) Kat:3, Licht: 0,67780,3,2,2,08,13,7,0,0,0,1,0,0
"POINT (9.662048868000056 52.314857835000055)",Unfall 67781 (2020) Kat:3, Licht: 0,67781,3,5,1,08,19,7,0,0,0,1,0,0
"POINT (9.689762968000025 52.386431006000066)",Unfall 67786 (2020) Kat:3, Licht: 0,67786,3,6,2,08,14,5,0,0,0,1,0,0
"POINT (9.719607440000061 52.367521219000082)",Unfall 67792 (2020) Kat:3, Licht: 0,67792,3,2,2,08,16,5,0,0,0,1,0,0
"POINT (9.719348144000037 52.367424560000075)",Unfall 67794 (2020) Kat:3, Licht: 0,67794,3,1,0,08,15,5,0,0,1,0,0,0
"POINT (9.670721872000058 52.238940966000030)",Unfall 67801 (2020) Kat:3, Licht: 0,67801,3,3,5,08,18,5,0,0,1,1,0,0
"POINT (9.740631533000055 52.299381125000082)",Unfall 67802 (2020) Kat:3, Licht: 0,67802,3,6,2,08,14,5,0,0,0,1,0,1
"POINT (9.768166196000038 52.300523899000041)",Unfall 67803 (2020) Kat:3, Licht: 0,67803,3,7,0,08,15,5,0,0,1,0,0,0
"POINT (9.791577495000070 52.224841523000066)",Unfall 67808 (2020) Kat:3, Licht: 0,67808,3,1,0,08,17,5,0,0,1,0,0,0
"POINT (9.471416758000032 52.508459950000031)",Unfall 67809 (2020) Kat:3, Licht: 0,67809,3,6,2,08,10,5,0,0,0,1,0,0
"POINT (9.969486894000056 52.373145371000078)",Unfall 67810 (2020) Kat:3, Licht: 0,67810,3,1,0,08,18,5,0,0,1,0,0,0
"POINT (9.889463719000048 52.295435176000069)",Unfall 67815 (2020) Kat:3, Licht: 0,67815,3,6,0,08,06,2,0,0,0,1,0,0
"POINT (10.014332327000034 52.440568197000061)",Unfall 67817 (2020) Kat:2, Licht: 0,67817,2,1,8,08,11,5,0,0,1,0,0,0
"POINT (9.727209044000063 52.381181801000082)",Unfall 67819 (2020) Kat:1, Licht: 0,67819,1,3,5,08,15,5,0,0,1,1,0,0
"POINT (9.706487926000023 52.278604240000050)",Unfall 67820 (2020) Kat:3, Licht: 0,67820,3,5,1,08,08,4,0,0,0,1,0,0
"POINT (9.958059569000056 52.318268577000026)",Unfall 67821 (2020) Kat:3, Licht: 0,67821,3,4,6,08,16,4,0,0,0,1,1,0
"POINT (9.761381089000054 52.274071753000044)",Unfall 67823 (2020) Kat:3, Licht: 0,67823,3,3,5,08,08,6,0,0,0,1,0,1
"POINT (9.935651722000046 52.393154274000040)",Unfall 67825 (2020) Kat:3, Licht: 0,67825,3,6,3,08,14,5,0,0,0,1,0,0
"POINT (9.678156238000042 52.365743758000065)",Unfall 67835 (2020) Kat:3, Licht: 1,67835,3,3,5,08,18,4,1,1,0,1,0,0
"POINT (9.398148267000067 52.429483839000056)",Unfall 67855 (2020) Kat:2, Licht: 0,67855,2,3,5,08,18,5,0,0,1,1,0,0
"POINT (10.136618120000037 52.362568763000070)",Unfall 67859 (2020) Kat:3, Licht: 0,67859,3,6,2,08,08,7,0,0,0,1,0,0
"POINT (9.827115540000023 52.344053823000081)",Unfall 67867 (2020) Kat:3, Licht: 0,67867,3,2,5,08,09,4,1,0,1,1,0,0
"POINT (9.620742795000069 52.465358252000044)",Unfall 67873 (2020) Kat:3, Licht: 0,67873,3,1,0,08,11,1,0,0,0,0,0,1
"POINT (9.419053596000026 52.429265296000040)",Unfall 67874 (2020) Kat:3, Licht: 0,67874,3,2,5,08,11,3,0,0,1,1,0,0
"POINT (9.749824955000065 52.369267566000076)",Unfall 67880 (2020) Kat:3, Licht: 0,67880,3,3,5,08,16,5,0,0,1,0,0,0
"POINT (9.302784812000027 52.501141218000043)",Unfall 67906 (2020) Kat:3, Licht: 2,67906,3,1,9,08,21,2,1,2,0,1,0,0
"POINT (10.130439402000036 52.398083374000066)",Unfall 67912 (2020) Kat:3, Licht: 0,67912,3,2,5,08,15,6,0,0,0,1,0,0
"POINT (9.456866283000068 52.499681686000031)",Unfall 67914 (2020) Kat:3, Licht: 0,67914,3,2,5,08,08,4,0,0,1,1,0,0
"POINT (9.502588745000026 52.289416178000067)",Unfall 67915 (2020) Kat:3, Licht: 0,67915,3,3,5,08,09,4,0,0,0,1,0,0
"POINT (9.456085087000076 52.375235536000048)",Unfall 67917 (2020) Kat:3, Licht: 2,67917,3,6,3,08,22,4,0,2,0,1,0,0
"POINT (9.778788797000061 52.367786416000058)",Unfall 67919 (2020) Kat:3, Licht: 1,67919,3,6,2,08,19,3,0,1,0,1,0,0
"POINT (9.775523935000024 52.576463912000065)",Unfall 67923 (2020) Kat:3, Licht: 0,67923,3,6,2,08,17,4,0,0,0,1,0,0
"POINT (9.586989152000058 52.415917960000058)",Unfall 67924 (2020) Kat:3, Licht: 0,67924,3,2,5,08,15,4,0,0,0,1,0,0
"POINT (9.430124683000031 52.424886272000037)",Unfall 67926 (2020) Kat:3, Licht: 0,67926,3,6,2,08,14,7,0,0,0,1,0,0
"POINT (9.606984485000055 52.432787265000059)",Unfall 67930 (2020) Kat:3, Licht: 0,67930,3,6,2,08,11,4,0,0,0,1,0,0
"POINT (9.863591795000048 52.358648692000031)",Unfall 67931 (2020) Kat:2, Licht: 0,67931,2,7,0,08,09,4,0,0,1,0,0,0
"POINT (9.732097788000033 52.383377756000073)",Unfall 67964 (2020) Kat:3, Licht: 0,67964,3,2,5,08,12,3,0,0,1,1,0,0
"POINT (9.733827877000067 52.469692376000069)",Unfall 67965 (2020) Kat:3, Licht: 0,67965,3,3,5,08,07,5,0,0,1,1,0,0
"POINT (9.860614498000075 52.494387499000027)",Unfall 67971 (2020) Kat:3, Licht: 0,67971,3,2,2,08,11,7,0,0,0,1,0,0
"POINT (9.959352966000040 52.317640800000049)",Unfall 67972 (2020) Kat:3, Licht: 0,67972,3,3,5,08,13,7,0,0,0,1,0,0
"POINT (9.507323183000040 52.549840356000061)",Unfall 68000 (2020) Kat:3, Licht: 0,68000,3,7,0,08,14,5,0,0,0,0,0,1
"POINT (9.712517602000048 52.366741426000033)",Unfall 68021 (2020) Kat:3, Licht: 0,68021,3,1,0,08,16,2,1,0,1,0,0,0
"POINT (9.703874120000023 52.281885184000032)",Unfall 68027 (2020) Kat:3, Licht: 0,68027,3,5,5,08,09,4,1,0,0,1,0,1
"POINT (9.856415249000065 52.358753686000057)",Unfall 68048 (2020) Kat:3, Licht: 0,68048,3,2,5,08,17,5,0,0,1,0,0,0
"POINT (9.719427320000023 52.346052030000067)",Unfall 68056 (2020) Kat:3, Licht: 2,68056,3,7,0,08,04,2,1,2,0,0,0,1
"POINT (9.734481811000023 52.388564772000052)",Unfall 68062 (2020) Kat:3, Licht: 0,68062,3,6,6,08,15,6,0,0,1,0,1,0
"POINT (10.124504255000033 52.457675843000061)",Unfall 68072 (2020) Kat:3, Licht: 2,68072,3,1,9,08,22,4,1,2,0,1,0,0
"POINT (9.472764112000050 52.301551258000075)",Unfall 68074 (2020) Kat:3, Licht: 0,68074,3,6,2,08,09,6,0,0,0,1,0,0
"POINT (9.719327397000029 52.349319871000034)",Unfall 68079 (2020) Kat:3, Licht: 0,68079,3,3,5,08,16,1,0,0,0,1,0,0
"POINT (9.744644532000052 52.338701096000079)",Unfall 68085 (2020) Kat:3, Licht: 0,68085,3,6,2,08,15,3,0,0,0,1,0,0
"POINT (9.670668293000063 52.358342297000036)",Unfall 68087 (2020) Kat:3, Licht: 0,68087,3,2,4,08,16,3,0,0,1,1,0,0
"POINT (9.567343026000060 52.422932338000066)",Unfall 68092 (2020) Kat:3, Licht: 0,68092,3,7,9,08,14,3,0,0,0,1,0,0
"POINT (10.170955375000062 52.410276611000029)",Unfall 68094 (2020) Kat:3, Licht: 0,68094,3,6,2,08,14,3,0,0,0,1,0,0
"POINT (9.768767751000041 52.338129510000044)",Unfall 68095 (2020) Kat:3, Licht: 1,68095,3,2,0,08,20,3,0,1,0,1,0,1
"POINT (9.710339806000036 52.431692451000060)",Unfall 68100 (2020) Kat:3, Licht: 0,68100,3,6,2,08,17,2,1,0,0,1,0,0
"POINT (9.735597135000035 52.394685435000042)",Unfall 68101 (2020) Kat:3, Licht: 0,68101,3,3,5,08,16,3,0,0,0,1,0,0
"POINT (9.679533547000062 52.359477625000068)",Unfall 68107 (2020) Kat:3, Licht: 0,68107,3,1,0,08,17,6,0,0,1,0,0,0
"POINT (9.668595742000036 52.344708212000057)",Unfall 68126 (2020) Kat:3, Licht: 2,68126,3,7,0,08,01,3,1,2,1,0,0,0
"POINT (9.806020906000072 52.336599223000064)",Unfall 68160 (2020) Kat:3, Licht: 2,68160,3,1,8,08,23,1,1,2,0,1,0,0
"POINT (9.723079713000061 52.439992599000050)",Unfall 68162 (2020) Kat:3, Licht: 0,68162,3,1,9,08,15,3,0,0,0,0,0,1
"POINT (10.060139903000049 52.505157007000037)",Unfall 68163 (2020) Kat:3, Licht: 0,68163,3,1,8,08,17,5,0,0,0,0,0,1
"POINT (9.461066507000055 52.402878985000029)",Unfall 68170 (2020) Kat:2, Licht: 0,68170,2,3,5,08,12,7,0,0,0,1,0,1
"POINT (9.646658572000035 52.413646121000056)",Unfall 68171 (2020) Kat:3, Licht: 0,68171,3,6,2,08,13,2,1,0,0,1,0,0
"POINT (9.714625210000065 52.361076131000061)",Unfall 68177 (2020) Kat:3, Licht: 0,68177,3,2,3,08,09,4,1,0,0,1,0,0
"POINT (9.455101190000050 52.306562198000051)",Unfall 68182 (2020) Kat:3, Licht: 0,68182,3,2,2,08,17,7,0,0,0,1,0,0
"POINT (9.723000201000048 52.391809384000055)",Unfall 68183 (2020) Kat:3, Licht: 0,68183,3,1,8,08,08,7,0,0,0,1,0,0
"POINT (9.465072266000050 52.456885827000065)",Unfall 68210 (2020) Kat:2, Licht: 0,68210,2,1,8,08,18,5,0,0,0,1,0,0
"POINT (9.663455545000034 52.239694212000074)",Unfall 68217 (2020) Kat:2, Licht: 0,68217,2,7,0,08,10,2,1,0,1,0,0,0
"POINT (9.745416054000032 52.366891985000052)",Unfall 68222 (2020) Kat:3, Licht: 0,68222,3,3,5,08,13,4,0,0,1,1,0,0
"POINT (9.725336580000032 52.547902783000040)",Unfall 68223 (2020) Kat:3, Licht: 0,68223,3,3,5,08,09,4,1,0,1,1,0,0
"POINT (9.701015136000024 52.371130183000048)",Unfall 68225 (2020) Kat:3, Licht: 0,68225,3,3,2,08,08,6,1,0,0,1,0,0
"POINT (9.833410992000040 52.419272434000050)",Unfall 68235 (2020) Kat:3, Licht: 0,68235,3,2,3,08,12,2,0,0,1,1,0,0
"POINT (9.419607286000030 52.425711065000030)",Unfall 68236 (2020) Kat:2, Licht: 2,68236,2,7,8,08,23,2,0,2,0,0,0,1
"POINT (9.612286582000024 52.330297224000049)",Unfall 68238 (2020) Kat:3, Licht: 0,68238,3,2,2,08,15,2,0,0,0,1,0,0
"POINT (9.467785428000070 52.462886965000052)",Unfall 68244 (2020) Kat:3, Licht: 0,68244,3,3,5,08,13,2,0,0,0,1,0,0
"POINT (9.595332997000071 52.408276176000072)",Unfall 68250 (2020) Kat:3, Licht: 0,68250,3,6,2,08,16,2,0,0,0,1,0,0
"POINT (9.723331364000046 52.440267413000072)",Unfall 68251 (2020) Kat:3, Licht: 1,68251,3,3,5,08,21,2,0,1,1,1,0,0
"POINT (9.599568877000024 52.423185684000032)",Unfall 68252 (2020) Kat:3, Licht: 2,68252,3,1,8,08,22,2,0,2,0,1,0,0
"POINT (9.768243615000074 52.453852410000081)",Unfall 68257 (2020) Kat:3, Licht: 0,68257,3,1,8,08,10,5,0,0,0,0,0,1
"POINT (10.091574793000063 52.365300744000081)",Unfall 68258 (2020) Kat:3, Licht: 0,68258,3,6,2,08,16,2,0,0,0,1,0,0
"POINT (9.515637915000070 52.472925954000061)",Unfall 68259 (2020) Kat:1, Licht: 0,68259,1,1,8,08,05,2,1,0,0,1,0,0
"POINT (9.683426580000059 52.380341078000072)",Unfall 68265 (2020) Kat:3, Licht: 0,68265,3,1,2,08,15,2,0,0,0,1,0,1
"POINT (9.861799833000021 52.368809374000080)",Unfall 68269 (2020) Kat:3, Licht: 0,68269,3,6,2,08,12,4,0,0,0,1,0,0
"POINT (9.589718095000023 52.439018661000034)",Unfall 68275 (2020) Kat:3, Licht: 0,68275,3,3,5,08,15,1,0,0,0,1,0,0
"POINT (9.392956958000070 52.431326796000064)",Unfall 68276 (2020) Kat:3, Licht: 0,68276,3,4,0,08,16,3,0,0,0,1,1,0
"POINT (9.719166106000046 52.347504812000068)",Unfall 68297 (2020) Kat:3, Licht: 0,68297,3,6,2,08,08,7,0,0,0,1,0,0
"POINT (9.627358435000076 52.175283633000049)",Unfall 68307 (2020) Kat:3, Licht: 0,68307,3,1,8,08,07,2,0,0,0,1,0,0
"POINT (9.611135630000035 52.392056940000032)",Unfall 68309 (2020) Kat:3, Licht: 0,68309,3,3,5,08,12,7,0,0,1,1,0,0
"POINT (9.855203415000062 52.538934349000044)",Unfall 68313 (2020) Kat:3, Licht: 0,68313,3,2,3,08,14,6,0,0,0,1,0,0
"POINT (9.502460619000033 52.427593437000041)",Unfall 68317 (2020) Kat:3, Licht: 0,68317,3,7,0,08,17,7,1,0,1,0,0,0
"POINT (10.095870763000050 52.395493910000027)",Unfall 68320 (2020) Kat:3, Licht: 0,68320,3,2,2,08,13,3,0,0,0,1,0,0
"POINT (9.830295142000068 52.361060344000066)",Unfall 68328 (2020) Kat:3, Licht: 0,68328,3,7,1,08,16,7,0,0,1,1,0,0
"POINT (9.726407714000061 52.569430663000048)",Unfall 68341 (2020) Kat:3, Licht: 0,68341,3,6,2,08,12,7,1,0,0,1,0,0
"POINT (9.843307470000070 52.415304706000029)",Unfall 68354 (2020) Kat:3, Licht: 2,68354,3,6,2,08,03,3,1,2,0,1,0,0
"POINT (9.619322283000031 52.378089163000027)",Unfall 68361 (2020) Kat:3, Licht: 0,68361,3,7,0,08,12,1,0,0,1,0,0,0
"POINT (10.020075809000048 52.454647010000031)",Unfall 68362 (2020) Kat:3, Licht: 0,68362,3,3,5,08,19,1,0,0,0,1,0,0
"POINT (9.630220897000072 52.420941625000069)",Unfall 68363 (2020) Kat:3, Licht: 2,68363,3,1,3,08,23,1,1,2,0,1,0,0
"POINT (9.647393659000045 52.413460824000026)",Unfall 68366 (2020) Kat:3, Licht: 2,68366,3,6,2,08,21,3,0,2,0,1,0,0
"POINT (9.735266937000063 52.405214247000060)",Unfall 68367 (2020) Kat:3, Licht: 0,68367,3,3,5,08,14,5,0,0,1,1,0,0
"POINT (9.477593434000028 52.389214227000082)",Unfall 68369 (2020) Kat:2, Licht: 2,68369,2,1,9,08,21,1,1,2,0,1,0,0
"POINT (9.742204531000027 52.605349924000052)",Unfall 68370 (2020) Kat:3, Licht: 0,68370,3,6,2,08,16,1,0,0,0,1,0,0
"POINT (9.856693817000064 52.530713296000044)",Unfall 68372 (2020) Kat:3, Licht: 0,68372,3,6,4,08,20,7,0,0,1,0,0,0
"POINT (9.725304563000066 52.520390375000034)",Unfall 68373 (2020) Kat:3, Licht: 0,68373,3,5,1,08,11,7,0,0,0,1,0,0
"POINT (9.725237869000068 52.563551223000047)",Unfall 68385 (2020) Kat:3, Licht: 0,68385,3,3,5,08,12,7,1,0,1,1,0,0
"POINT (9.711502839000048 52.421723362000080)",Unfall 68387 (2020) Kat:3, Licht: 2,68387,3,2,2,08,21,1,0,2,0,1,0,0
"POINT (9.452319786000032 52.504899175000048)",Unfall 68400 (2020) Kat:3, Licht: 0,68400,3,6,3,08,12,5,0,0,1,1,0,0
"POINT (10.179956953000044 52.465016662000039)",Unfall 68409 (2020) Kat:3, Licht: 2,68409,3,1,9,08,21,7,0,2,1,0,0,0
"POINT (9.690428588000032 52.346858903000054)",Unfall 68411 (2020) Kat:3, Licht: 0,68411,3,6,2,08,06,4,0,0,0,1,0,0
"POINT (9.725125088000027 52.458642811000061)",Unfall 68412 (2020) Kat:3, Licht: 0,68412,3,6,3,08,09,4,1,0,0,1,0,0
"POINT (9.612043211000071 52.320439977000035)",Unfall 68417 (2020) Kat:2, Licht: 0,68417,2,1,0,08,10,7,0,0,1,0,0,0
"POINT (9.846924926000042 52.390475869000056)",Unfall 68420 (2020) Kat:3, Licht: 2,68420,3,2,5,08,21,2,1,2,1,1,0,0
"POINT (9.776282457000036 52.269290870000077)",Unfall 68427 (2020) Kat:3, Licht: 0,68427,3,6,0,08,11,4,1,0,0,1,0,0
"POINT (9.749826371000040 52.369267644000047)",Unfall 68447 (2020) Kat:3, Licht: 1,68447,3,4,6,08,20,5,0,1,0,0,1,0
"POINT (10.141973033000056 52.362016519000065)",Unfall 68452 (2020) Kat:2, Licht: 2,68452,2,6,2,08,05,7,0,2,0,1,0,0
"POINT (9.789279254000064 52.317174487000045)",Unfall 68455 (2020) Kat:3, Licht: 0,68455,3,6,2,08,17,2,0,0,0,1,0,0
"POINT (9.621601179000038 52.421128937000049)",Unfall 68466 (2020) Kat:3, Licht: 0,68466,3,3,5,08,12,1,0,0,0,1,0,1
"POINT (9.614087050000023 52.392233376000036)",Unfall 68467 (2020) Kat:3, Licht: 0,68467,3,3,5,08,14,3,0,0,1,1,0,0
"POINT (9.484091301000035 52.456127106000054)",Unfall 68472 (2020) Kat:3, Licht: 0,68472,3,1,4,08,14,6,0,0,0,1,0,0
"POINT (9.722585023000022 52.378419938000036)",Unfall 68489 (2020) Kat:3, Licht: 0,68489,3,6,2,08,14,7,0,0,0,1,0,0
"POINT (9.426489958000047 52.429475988000036)",Unfall 68491 (2020) Kat:3, Licht: 0,68491,3,2,5,08,10,7,0,0,1,1,0,0
"POINT (9.723244794000038 52.454404979000060)",Unfall 68492 (2020) Kat:3, Licht: 0,68492,3,6,2,08,08,7,0,0,0,1,0,0
"POINT (9.629487323000035 52.483455409000044)",Unfall 68498 (2020) Kat:3, Licht: 0,68498,3,1,4,08,17,2,1,0,0,1,0,0
"POINT (9.859015306000060 52.407225886000049)",Unfall 68499 (2020) Kat:3, Licht: 0,68499,3,7,2,08,17,7,0,0,0,0,0,0
"POINT (9.836908984000047 52.277193753000063)",Unfall 68501 (2020) Kat:3, Licht: 0,68501,3,1,0,08,19,7,0,0,1,0,0,0
"POINT (9.763677351000069 52.585001835000071)",Unfall 68504 (2020) Kat:3, Licht: 0,68504,3,6,2,08,14,6,0,0,0,1,0,0
"POINT (9.661172906000047 52.274472611000078)",Unfall 68506 (2020) Kat:2, Licht: 0,68506,2,3,5,08,15,7,0,0,0,1,0,1
"POINT (9.629912976000071 52.485035902000050)",Unfall 68511 (2020) Kat:2, Licht: 0,68511,2,1,8,08,15,3,0,0,0,0,0,1
"POINT (9.738840832000051 52.303322375000050)",Unfall 68518 (2020) Kat:3, Licht: 0,68518,3,3,5,08,16,7,0,0,1,1,0,0
"POINT (10.113761455000031 52.337222404000045)",Unfall 68529 (2020) Kat:3, Licht: 0,68529,3,7,4,08,07,5,0,0,1,1,0,0
"POINT (9.768497680000053 52.338126804000069)",Unfall 68547 (2020) Kat:3, Licht: 0,68547,3,6,3,08,17,1,1,0,0,1,0,0
"POINT (9.608019169000045 52.445782497000039)",Unfall 68558 (2020) Kat:3, Licht: 0,68558,3,2,2,08,19,3,1,0,0,1,0,0
"POINT (9.801877015000059 52.480604915000072)",Unfall 68559 (2020) Kat:3, Licht: 0,68559,3,6,2,08,18,5,0,0,0,1,0,0
"POINT (9.745420719000038 52.601456315000064)",Unfall 68565 (2020) Kat:3, Licht: 0,68565,3,7,2,08,14,7,0,0,0,1,0,0
"POINT (9.749651701000062 52.369258055000046)",Unfall 68566 (2020) Kat:2, Licht: 2,68566,2,4,6,08,22,7,0,2,1,0,1,0
"POINT (9.377030328000046 52.417197838000050)",Unfall 68637 (2020) Kat:3, Licht: 0,68637,3,1,0,09,09,5,0,0,1,0,0,0
"POINT (9.781919773000027 52.554541973000028)",Unfall 68638 (2020) Kat:3, Licht: 1,68638,3,6,2,09,17,5,1,1,0,1,0,0
"POINT (9.654583466000076 52.551137375000053)",Unfall 68639 (2020) Kat:3, Licht: 0,68639,3,6,2,09,12,5,0,0,0,1,0,0
"POINT (10.015597013000047 52.383095154000046)",Unfall 68640 (2020) Kat:2, Licht: 1,68640,2,6,2,09,19,5,1,1,0,1,0,0
"POINT (10.124816565000060 52.372210018000033)",Unfall 68641 (2020) Kat:3, Licht: 1,68641,3,3,5,09,19,5,1,1,0,1,0,0
"POINT (9.977540322000039 52.389331596000034)",Unfall 68642 (2020) Kat:3, Licht: 0,68642,3,6,2,09,14,5,0,0,0,0,0,0
"POINT (9.778251380000029 52.371456004000038)",Unfall 68643 (2020) Kat:3, Licht: 0,68643,3,7,2,09,08,5,0,0,0,1,0,0
"POINT (9.734242690000031 52.368828940000071)",Unfall 68644 (2020) Kat:3, Licht: 0,68644,3,3,5,09,13,5,0,0,1,1,0,0
"POINT (9.774724552000066 52.371263769000052)",Unfall 68701 (2020) Kat:3, Licht: 0,68701,3,2,2,09,18,4,0,0,0,1,0,0
"POINT (9.735027822000063 52.393427575000032)",Unfall 68702 (2020) Kat:2, Licht: 0,68702,2,6,2,09,12,4,0,0,0,1,0,1
"POINT (9.451092435000021 52.467340861000082)",Unfall 68703 (2020) Kat:3, Licht: 0,68703,3,1,0,09,13,4,0,0,1,0,0,0
"POINT (9.727755036000076 52.542332394000027)",Unfall 68704 (2020) Kat:3, Licht: 0,68704,3,7,0,09,18,4,0,0,1,0,0,0
"POINT (10.028249529000050 52.429988021000042)",Unfall 68705 (2020) Kat:3, Licht: 0,68705,3,3,5,09,13,4,0,0,0,1,0,0
"POINT (9.733605952000062 52.244056691000026)",Unfall 68706 (2020) Kat:2, Licht: 0,68706,2,3,5,09,17,4,0,0,1,1,0,0
"POINT (9.673495117000073 52.358704676000059)",Unfall 68707 (2020) Kat:3, Licht: 2,68707,3,1,8,09,00,4,0,2,0,1,0,0
"POINT (9.837497486000075 52.276501896000070)",Unfall 68708 (2020) Kat:3, Licht: 0,68708,3,5,1,09,17,4,0,0,0,0,0,0
"POINT (9.852962802000036 52.409995116000061)",Unfall 68709 (2020) Kat:3, Licht: 0,68709,3,6,2,09,08,4,0,0,0,1,0,0
"POINT (9.836984525000048 52.277073037000036)",Unfall 68762 (2020) Kat:3, Licht: 2,68762,3,1,0,09,05,3,1,2,1,0,0,0
"POINT (9.719441586000073 52.346543520000068)",Unfall 68763 (2020) Kat:3, Licht: 0,68763,3,2,5,09,07,3,0,0,0,1,0,0
"POINT (9.855984195000076 52.388864967000075)",Unfall 68764 (2020) Kat:3, Licht: 0,68764,3,3,5,09,14,3,0,0,1,1,0,0
"POINT (9.799485606000076 52.409239102000072)",Unfall 68765 (2020) Kat:3, Licht: 0,68765,3,7,0,09,12,3,0,0,1,0,0,0
"POINT (9.532704124000077 52.463353505000043)",Unfall 68766 (2020) Kat:3, Licht: 0,68766,3,1,8,09,18,3,0,0,0,1,0,0
"POINT (9.644408632000022 52.397169569000027)",Unfall 68767 (2020) Kat:2, Licht: 0,68767,2,2,0,09,17,3,0,0,1,1,0,0
"POINT (9.765870241000073 52.583506045000036)",Unfall 68768 (2020) Kat:3, Licht: 0,68768,3,6,2,09,09,3,0,0,0,1,0,0
"POINT (9.811669969000036 52.429802958000039)",Unfall 68769 (2020) Kat:3, Licht: 0,68769,3,1,9,09,09,3,1,0,0,1,0,0
"POINT (9.719404552000071 52.367434975000037)",Unfall 68770 (2020) Kat:3, Licht: 0,68770,3,1,0,09,16,3,0,0,1,0,0,0
"POINT (9.654421666000076 52.408243048000031)",Unfall 68814 (2020) Kat:3, Licht: 0,68814,3,6,2,08,16,2,0,0,0,1,0,0
"POINT (9.666811500000051 52.377047834000052)",Unfall 68815 (2020) Kat:3, Licht: 0,68815,3,1,0,08,10,2,1,0,0,0,0,1
"POINT (9.802763217000063 52.435457191000069)",Unfall 68816 (2020) Kat:3, Licht: 0,68816,3,5,6,08,18,2,0,0,0,1,1,0
"POINT (9.423910486000068 52.429414463000057)",Unfall 68817 (2020) Kat:3, Licht: 0,68817,3,3,5,08,12,2,0,0,1,1,0,0
"POINT (9.613988720000066 52.316348675000029)",Unfall 68818 (2020) Kat:3, Licht: 0,68818,3,3,5,08,15,2,0,0,1,1,0,0
"POINT (9.847392287000048 52.274086534000048)",Unfall 68819 (2020) Kat:3, Licht: 0,68819,3,3,5,08,19,2,0,0,1,1,0,0
"POINT (9.731965068000022 52.369465261000073)",Unfall 68820 (2020) Kat:2, Licht: 0,68820,2,3,5,08,07,2,0,0,1,1,0,0
"POINT (9.845313897000040 52.393719054000030)",Unfall 68855 (2020) Kat:3, Licht: 1,68855,3,1,3,08,19,1,0,1,1,1,0,0
"POINT (9.672824110000022 52.300044026000080)",Unfall 68856 (2020) Kat:3, Licht: 0,68856,3,5,8,08,14,1,0,0,1,1,0,0
"POINT (9.505095851000021 52.368454860000043)",Unfall 68857 (2020) Kat:3, Licht: 0,68857,3,6,2,08,13,1,0,0,1,0,0,0
"POINT (9.573074581000071 52.440144518000068)",Unfall 68858 (2020) Kat:3, Licht: 0,68858,3,3,5,08,13,1,0,0,1,1,0,0
"POINT (9.467508480000049 52.395314227000028)",Unfall 68859 (2020) Kat:2, Licht: 2,68859,2,1,8,09,23,7,0,2,0,1,0,0
"POINT (9.944587311000021 52.333789335000063)",Unfall 68860 (2020) Kat:3, Licht: 0,68860,3,3,5,09,14,6,0,0,1,1,0,0
"POINT (9.903418079000062 52.396623750000060)",Unfall 68866 (2020) Kat:2, Licht: 0,68866,2,6,2,09,15,7,0,0,0,1,0,0
"POINT (9.797221879000063 52.346881876000054)",Unfall 68869 (2020) Kat:3, Licht: 0,68869,3,3,0,09,09,7,1,0,0,1,0,0
"POINT (9.626339686000051 52.420798941000044)",Unfall 68871 (2020) Kat:3, Licht: 0,68871,3,7,8,09,07,7,1,0,0,1,0,0
"POINT (9.606487911000045 52.432953049000048)",Unfall 68889 (2020) Kat:3, Licht: 0,68889,3,6,2,09,15,1,0,0,0,1,0,0
"POINT (9.762525970000070 52.370552122000049)",Unfall 68890 (2020) Kat:3, Licht: 0,68890,3,6,2,09,16,5,0,0,0,1,0,0
"POINT (9.733623043000023 52.384439111000063)",Unfall 68891 (2020) Kat:3, Licht: 0,68891,3,1,0,09,15,3,0,0,1,0,0,0
"POINT (9.605464899000026 52.572549428000059)",Unfall 68925 (2020) Kat:3, Licht: 0,68925,3,6,4,09,11,4,0,0,0,1,0,0
"POINT (9.734416871000065 52.474844891000032)",Unfall 68926 (2020) Kat:3, Licht: 0,68926,3,3,0,09,18,2,0,0,1,1,0,0
"POINT (9.730173372000024 52.368705603000080)",Unfall 68928 (2020) Kat:3, Licht: 0,68928,3,3,5,09,17,6,0,0,1,1,0,0
"POINT (9.764799909000033 52.307658486000037)",Unfall 68957 (2020) Kat:2, Licht: 0,68957,2,3,5,09,12,1,0,0,1,1,0,0
"POINT (10.099359236000055 52.480646187000048)",Unfall 68958 (2020) Kat:3, Licht: 0,68958,3,7,0,09,18,5,0,0,1,0,0,0
"POINT (9.726167297000075 52.545973204000063)",Unfall 68959 (2020) Kat:3, Licht: 0,68959,3,3,0,09,09,3,0,0,1,1,0,0
"POINT (9.732020219000049 52.383410066000067)",Unfall 68960 (2020) Kat:3, Licht: 2,68960,3,7,9,09,02,1,0,2,0,0,0,0
"POINT (9.712938210000061 52.400734041000078)",Unfall 68974 (2020) Kat:3, Licht: 0,68974,3,5,1,09,16,4,0,0,0,1,0,0
"POINT (9.802030272000025 52.432973742000058)",Unfall 68975 (2020) Kat:3, Licht: 0,68975,3,2,2,09,19,2,0,0,0,1,0,1
"POINT (9.504183653000041 52.339718512000047)",Unfall 68977 (2020) Kat:3, Licht: 0,68977,3,3,5,09,19,6,0,0,1,0,0,1
"POINT (9.790702582000051 52.558567381000046)",Unfall 68992 (2020) Kat:3, Licht: 0,68992,3,6,2,09,12,2,0,0,0,0,0,0
"POINT (9.622664250000071 52.218484057000069)",Unfall 69029 (2020) Kat:3, Licht: 0,69029,3,7,8,09,12,1,0,0,1,0,0,0
"POINT (9.591863219000061 52.401531462000037)",Unfall 69048 (2020) Kat:2, Licht: 2,69048,2,4,6,09,02,1,0,2,0,1,1,0
"POINT (9.728182671000070 52.374312946000032)",Unfall 69050 (2020) Kat:3, Licht: 2,69050,3,2,5,09,22,3,0,2,1,1,0,0
"POINT (9.578712148000022 52.458968653000056)",Unfall 69065 (2020) Kat:3, Licht: 0,69065,3,4,6,09,07,4,0,0,0,1,1,0
"POINT (9.924364760000060 52.366074542000035)",Unfall 69066 (2020) Kat:3, Licht: 0,69066,3,1,0,09,13,2,0,0,0,0,0,1
"POINT (10.265485509000030 52.478770130000044)",Unfall 69068 (2020) Kat:3, Licht: 0,69068,3,6,2,09,12,6,0,0,0,1,0,0
"POINT (9.737216687000057 52.611410191000061)",Unfall 69079 (2020) Kat:3, Licht: 0,69079,3,6,2,09,13,6,0,0,0,1,0,0
"POINT (9.655902092000076 52.406380739000042)",Unfall 69082 (2020) Kat:3, Licht: 2,69082,3,6,3,09,01,1,0,2,0,1,0,0
"POINT (9.514925141000049 52.412162270000067)",Unfall 69088 (2020) Kat:3, Licht: 0,69088,3,3,5,09,09,4,0,0,0,1,0,0
"POINT (10.033683627000073 52.378801992000035)",Unfall 69100 (2020) Kat:3, Licht: 0,69100,3,6,2,09,13,1,0,0,0,1,0,0
"POINT (9.743139678000034 52.458140669000045)",Unfall 69101 (2020) Kat:3, Licht: 0,69101,3,6,3,09,14,5,0,0,1,0,0,0
"POINT (9.598188260000029 52.178460652000069)",Unfall 69102 (2020) Kat:3, Licht: 0,69102,3,3,5,09,10,3,0,0,1,1,0,0
"POINT (9.783437180000021 52.323229306000030)",Unfall 69119 (2020) Kat:3, Licht: 1,69119,3,2,5,09,18,4,1,1,0,1,0,0
"POINT (9.728532147000067 52.373906811000040)",Unfall 69120 (2020) Kat:3, Licht: 0,69120,3,2,2,09,14,2,0,0,0,1,0,0
"POINT (9.525038020000068 52.513963449000073)",Unfall 69121 (2020) Kat:3, Licht: 0,69121,3,1,8,09,11,6,1,0,0,1,0,0
"POINT (9.802385468000068 52.317473594000035)",Unfall 69122 (2020) Kat:3, Licht: 0,69122,3,2,2,09,16,6,0,0,0,1,0,0
"POINT (9.883916213000077 52.299044750000064)",Unfall 69135 (2020) Kat:3, Licht: 0,69135,3,1,0,09,14,4,0,0,0,0,0,0
"POINT (9.431439567000041 52.357889221000050)",Unfall 69136 (2020) Kat:3, Licht: 0,69136,3,7,8,09,12,2,0,0,0,0,0,0
"POINT (9.514828025000043 52.283757068000057)",Unfall 69137 (2020) Kat:3, Licht: 0,69137,3,4,6,09,13,6,0,0,0,1,1,0
"POINT (9.857675357000062 52.481496582000034)",Unfall 69139 (2020) Kat:3, Licht: 0,69139,3,3,5,09,17,7,1,0,0,1,0,0
"POINT (9.898139952000065 52.303366932000074)",Unfall 69145 (2020) Kat:3, Licht: 1,69145,3,1,8,09,05,6,1,1,0,1,0,0
"POINT (9.822592614000030 52.563031244000058)",Unfall 69146 (2020) Kat:3, Licht: 0,69146,3,6,2,09,17,6,0,0,0,1,0,0
"POINT (9.851795677000041 52.477009887000065)",Unfall 69149 (2020) Kat:3, Licht: 0,69149,3,6,2,09,14,6,0,0,0,1,0,0
"POINT (9.727402763000043 52.243039793000037)",Unfall 69151 (2020) Kat:2, Licht: 0,69151,2,7,0,09,12,6,0,0,0,0,0,1
"POINT (10.009145933000070 52.385252958000081)",Unfall 69159 (2020) Kat:3, Licht: 0,69159,3,6,2,09,12,6,0,0,0,1,0,0
"POINT (9.735589840000046 52.394648766000046)",Unfall 69162 (2020) Kat:2, Licht: 0,69162,2,2,5,09,10,6,0,0,1,1,0,0
"POINT (9.968266216000075 52.389883752000060)",Unfall 69165 (2020) Kat:3, Licht: 0,69165,3,1,8,09,08,1,0,0,0,1,0,0
"POINT (9.698704346000056 52.347439810000026)",Unfall 69167 (2020) Kat:3, Licht: 2,69167,3,3,5,09,21,6,0,2,0,1,0,0
"POINT (9.728107398000077 52.374079802000040)",Unfall 69170 (2020) Kat:3, Licht: 0,69170,3,3,5,09,18,1,0,0,0,1,0,0
"POINT (9.831909493000069 52.299839930000076)",Unfall 69175 (2020) Kat:3, Licht: 0,69175,3,6,4,09,09,6,1,0,0,1,0,0
"POINT (9.646742526000026 52.398267962000034)",Unfall 69184 (2020) Kat:3, Licht: 2,69184,3,6,2,09,21,4,1,2,0,1,0,1
"POINT (9.667335229000059 52.239189821000082)",Unfall 69185 (2020) Kat:3, Licht: 0,69185,3,7,0,09,07,2,0,0,1,1,0,0
"POINT (9.845346255000038 52.446283927000081)",Unfall 69187 (2020) Kat:3, Licht: 0,69187,3,6,4,09,13,3,0,0,1,0,0,0
"POINT (9.851190071000076 52.491273827000043)",Unfall 69192 (2020) Kat:3, Licht: 0,69192,3,2,4,09,11,7,1,0,0,1,0,0
"POINT (9.746600850000050 52.365261337000049)",Unfall 69201 (2020) Kat:3, Licht: 0,69201,3,2,0,09,10,2,0,0,1,1,0,0
"POINT (9.708937163000030 52.314472599000055)",Unfall 69217 (2020) Kat:3, Licht: 0,69217,3,6,6,09,10,5,0,0,1,0,1,0
"POINT (9.634458070000051 52.304917203000059)",Unfall 69225 (2020) Kat:2, Licht: 0,69225,2,2,5,09,16,4,0,0,1,0,0,0
"POINT (9.757533775000070 52.370238147000066)",Unfall 69229 (2020) Kat:3, Licht: 0,69229,3,2,3,09,15,4,0,0,1,0,0,0
"POINT (9.768054426000049 52.338612514000033)",Unfall 69233 (2020) Kat:3, Licht: 0,69233,3,4,6,09,16,5,0,0,1,0,1,0
"POINT (9.805380712000044 52.408371018000082)",Unfall 69239 (2020) Kat:3, Licht: 0,69239,3,2,4,09,08,6,0,0,1,1,0,0
"POINT (9.752099939000061 52.358056845000078)",Unfall 69240 (2020) Kat:3, Licht: 1,69240,3,3,5,09,19,3,0,1,1,1,0,0
"POINT (9.734935861000054 52.391699975000051)",Unfall 69242 (2020) Kat:3, Licht: 0,69242,3,6,4,09,17,3,0,0,1,0,0,0
"POINT (9.613519797000038 52.392189171000041)",Unfall 69246 (2020) Kat:3, Licht: 0,69246,3,3,5,09,11,3,0,0,1,1,0,0
"POINT (9.922472622000043 52.369548190000046)",Unfall 69249 (2020) Kat:3, Licht: 0,69249,3,1,0,09,18,3,0,0,1,0,0,0
"POINT (9.794127168000046 52.313006803000064)",Unfall 69252 (2020) Kat:2, Licht: 0,69252,2,3,5,09,18,3,0,0,1,1,0,0
"POINT (9.734888595000030 52.391416560000039)",Unfall 69255 (2020) Kat:3, Licht: 2,69255,3,4,6,09,20,3,0,2,0,0,1,0
"POINT (9.798967886000071 52.312183963000052)",Unfall 69257 (2020) Kat:3, Licht: 0,69257,3,1,8,09,15,3,0,0,0,1,0,0
"POINT (10.052535245000058 52.522111243000040)",Unfall 69258 (2020) Kat:3, Licht: 0,69258,3,2,4,09,18,6,0,0,0,1,0,0
"POINT (9.565503780000029 52.298750250000069)",Unfall 69259 (2020) Kat:2, Licht: 0,69259,2,1,0,09,13,3,0,0,0,0,0,1
"POINT (9.657148762000077 52.425835440000071)",Unfall 69291 (2020) Kat:3, Licht: 0,69291,3,6,3,09,14,5,0,0,0,1,0,0
"POINT (9.687341330000038 52.360420907000048)",Unfall 69297 (2020) Kat:3, Licht: 0,69297,3,7,0,09,13,5,0,0,1,0,0,0
"POINT (9.733785727000054 52.438069514000063)",Unfall 69306 (2020) Kat:3, Licht: 0,69306,3,1,8,09,11,4,0,0,1,0,0,0
"POINT (9.631389752000075 52.261844779000057)",Unfall 69316 (2020) Kat:3, Licht: 0,69316,3,7,0,09,13,6,0,0,0,0,0,1
"POINT (9.733948753000050 52.413238466000053)",Unfall 69319 (2020) Kat:3, Licht: 0,69319,3,3,5,09,18,6,0,0,1,1,0,0
"POINT (9.731571184000075 52.369403548000037)",Unfall 69321 (2020) Kat:3, Licht: 0,69321,3,2,5,09,15,4,0,0,1,1,0,0
"POINT (9.605340907000027 52.422491315000059)",Unfall 69332 (2020) Kat:2, Licht: 0,69332,2,5,1,09,09,6,0,0,0,0,0,0
"POINT (9.734119106000037 52.369071241000029)",Unfall 69342 (2020) Kat:3, Licht: 0,69342,3,3,5,09,17,7,0,0,0,1,0,0
"POINT (9.885697472000061 52.297940887000038)",Unfall 69351 (2020) Kat:3, Licht: 0,69351,3,6,2,09,08,4,0,0,0,1,0,0
"POINT (9.721714093000060 52.378459976000045)",Unfall 69356 (2020) Kat:3, Licht: 0,69356,3,6,2,09,10,7,0,0,0,1,0,0
"POINT (9.733258934000048 52.310394356000074)",Unfall 69371 (2020) Kat:3, Licht: 0,69371,3,6,2,09,12,7,0,0,0,1,0,0
"POINT (9.727947677000032 52.577414902000044)",Unfall 69373 (2020) Kat:3, Licht: 0,69373,3,2,5,09,15,7,0,0,1,1,0,0
"POINT (9.665065205000076 52.339006974000029)",Unfall 69374 (2020) Kat:3, Licht: 0,69374,3,3,5,09,17,5,0,0,1,1,0,0
"POINT (9.794848015000071 52.557195590000049)",Unfall 69377 (2020) Kat:3, Licht: 0,69377,3,6,2,09,13,7,0,0,0,1,0,0
"POINT (9.403416132000075 52.589644069000030)",Unfall 69384 (2020) Kat:2, Licht: 0,69384,2,6,4,09,16,4,0,0,0,1,0,0
"POINT (9.750080829000069 52.369281613000055)",Unfall 69387 (2020) Kat:3, Licht: 2,69387,3,1,8,09,20,7,0,2,0,0,0,0
"POINT (9.575259165000034 52.279596460000050)",Unfall 69391 (2020) Kat:3, Licht: 0,69391,3,4,6,09,15,7,0,0,0,0,1,0
"POINT (9.787272959000063 52.429515576000028)",Unfall 69392 (2020) Kat:3, Licht: 0,69392,3,6,2,09,07,5,0,0,0,1,0,0
"POINT (9.764562114000057 52.343055334000042)",Unfall 69394 (2020) Kat:2, Licht: 0,69394,2,3,5,09,08,7,0,0,1,1,0,0
"POINT (9.697118740000065 52.378420058000074)",Unfall 69398 (2020) Kat:3, Licht: 1,69398,3,6,2,09,06,6,0,1,0,1,0,0
"POINT (9.717233640000075 52.356388649000053)",Unfall 69412 (2020) Kat:3, Licht: 0,69412,3,6,2,09,15,2,0,0,0,1,0,0
"POINT (9.746055713000033 52.365962351000064)",Unfall 69413 (2020) Kat:3, Licht: 0,69413,3,6,4,09,15,6,0,0,1,0,0,0
"POINT (9.723612691000028 52.379361943000049)",Unfall 69414 (2020) Kat:3, Licht: 0,69414,3,6,3,09,13,2,0,0,0,1,0,1
"POINT (9.505898840000043 52.300681022000049)",Unfall 69417 (2020) Kat:3, Licht: 0,69417,3,3,5,09,09,2,0,0,0,1,0,1
"POINT (9.760421995000058 52.335367712000050)",Unfall 69419 (2020) Kat:3, Licht: 0,69419,3,6,0,09,17,2,0,0,0,0,0,1
"POINT (9.924537095000062 52.366165988000034)",Unfall 69420 (2020) Kat:3, Licht: 0,69420,3,3,5,09,14,6,0,0,0,1,0,0
"POINT (9.652847214000076 52.409535140000060)",Unfall 69421 (2020) Kat:3, Licht: 0,69421,3,7,8,09,18,2,0,0,0,1,0,0
"POINT (9.717212879000044 52.396447621000050)",Unfall 69423 (2020) Kat:2, Licht: 0,69423,2,4,6,09,15,2,0,0,0,1,1,0
"POINT (9.751894358000072 52.358322320000070)",Unfall 69427 (2020) Kat:2, Licht: 0,69427,2,7,0,09,12,2,0,0,1,1,0,0
"POINT (9.733410905000028 52.420271047000028)",Unfall 69436 (2020) Kat:3, Licht: 0,69436,3,6,2,09,17,5,0,0,0,1,0,0
"POINT (9.832670032000067 52.494924714000035)",Unfall 69454 (2020) Kat:3, Licht: 2,69454,3,7,0,09,23,5,0,2,0,1,0,0
"POINT (9.735347836000074 52.402713933000030)",Unfall 69460 (2020) Kat:3, Licht: 0,69460,3,3,5,09,19,6,0,0,1,1,0,0
"POINT (9.807226426000057 52.559176545000071)",Unfall 69463 (2020) Kat:3, Licht: 0,69463,3,3,5,09,14,4,0,0,1,1,0,0
"POINT (9.725125664000075 52.376997897000081)",Unfall 69470 (2020) Kat:3, Licht: 0,69470,3,2,5,09,16,4,0,0,1,1,0,0
"POINT (9.639186332000065 52.291542598000035)",Unfall 69480 (2020) Kat:3, Licht: 0,69480,3,7,0,09,10,6,0,0,1,0,0,0
"POINT (9.880074799000056 52.425702728000033)",Unfall 69495 (2020) Kat:3, Licht: 0,69495,3,6,3,09,10,6,0,0,0,0,0,0
"POINT (9.526507795000043 52.417600469000035)",Unfall 69530 (2020) Kat:3, Licht: 0,69530,3,6,2,09,09,5,0,0,0,0,0,0
"POINT (9.715359681000052 52.366698179000082)",Unfall 69535 (2020) Kat:3, Licht: 0,69535,3,3,5,09,12,5,0,0,1,1,0,0
"POINT (9.530960113000049 52.419148908000068)",Unfall 69544 (2020) Kat:2, Licht: 0,69544,2,7,9,09,18,4,0,0,0,1,0,0
"POINT (9.836995360000060 52.277060871000060)",Unfall 69553 (2020) Kat:3, Licht: 0,69553,3,7,0,09,15,1,0,0,1,0,0,0
"POINT (9.845731737000051 52.393545172000074)",Unfall 69554 (2020) Kat:3, Licht: 0,69554,3,6,6,09,15,1,0,0,1,0,1,0
"POINT (9.870642213000053 52.434960244000081)",Unfall 69556 (2020) Kat:3, Licht: 2,69556,3,6,0,09,19,1,0,2,1,0,0,0
"POINT (9.517436775000022 52.512475456000061)",Unfall 69558 (2020) Kat:2, Licht: 2,69558,2,1,8,09,21,1,0,2,0,1,0,0
"POINT (9.733418182000037 52.384414847000073)",Unfall 69559 (2020) Kat:3, Licht: 0,69559,3,6,2,09,16,6,0,0,0,1,0,0
"POINT (9.561889454000038 52.421933446000082)",Unfall 69560 (2020) Kat:3, Licht: 0,69560,3,6,2,09,07,1,0,0,0,1,0,0
"POINT (9.737806297000077 52.368213205000075)",Unfall 69563 (2020) Kat:3, Licht: 0,69563,3,3,5,09,15,1,0,0,1,1,0,0
"POINT (9.747836847000031 52.598604308000063)",Unfall 69572 (2020) Kat:3, Licht: 0,69572,3,6,2,09,09,6,0,0,0,1,0,0
"POINT (9.575291623000055 52.418972546000077)",Unfall 69576 (2020) Kat:3, Licht: 0,69576,3,7,0,09,13,6,0,0,1,0,0,0
"POINT (9.489775351000048 52.312186388000043)",Unfall 69607 (2020) Kat:3, Licht: 1,69607,3,7,0,09,07,2,1,1,1,0,0,0
"POINT (9.593728870000064 52.423605656000063)",Unfall 69627 (2020) Kat:3, Licht: 0,69627,3,6,3,09,13,5,0,0,0,1,0,0
"POINT (9.460613881000029 52.309897571000079)",Unfall 69630 (2020) Kat:3, Licht: 0,69630,3,3,5,09,12,7,0,0,1,1,0,0
"POINT (9.762199549000059 52.370416666000040)",Unfall 69698 (2020) Kat:3, Licht: 0,69698,3,2,2,09,07,5,1,0,0,1,0,0
"POINT (10.044691874000023 52.375516060000052)",Unfall 69700 (2020) Kat:3, Licht: 0,69700,3,6,3,09,15,2,0,0,0,1,0,0
"POINT (9.584578237000073 52.390014271000041)",Unfall 69707 (2020) Kat:3, Licht: 0,69707,3,6,2,09,18,2,0,0,0,1,0,1
"POINT (9.944567705000054 52.333797046000029)",Unfall 69710 (2020) Kat:3, Licht: 0,69710,3,3,5,09,13,2,0,0,1,1,0,0
"POINT (9.794727003000048 52.394800226000029)",Unfall 69717 (2020) Kat:3, Licht: 0,69717,3,1,2,09,18,2,0,0,0,1,0,0
"POINT (9.729567415000076 52.368676023000035)",Unfall 69720 (2020) Kat:3, Licht: 0,69720,3,7,0,09,17,5,0,0,0,0,0,0
"POINT (9.751191374000030 52.359231366000074)",Unfall 69721 (2020) Kat:3, Licht: 0,69721,3,2,0,09,16,2,0,0,0,1,0,1
"POINT (9.849501371000031 52.411419925000075)",Unfall 69723 (2020) Kat:3, Licht: 0,69723,3,6,2,09,17,7,1,0,0,1,0,0
"POINT (9.799957629000062 52.407227299000056)",Unfall 69724 (2020) Kat:3, Licht: 0,69724,3,1,0,09,07,2,0,0,1,0,0,0
"POINT (9.910791214000028 52.277122286000065)",Unfall 69748 (2020) Kat:2, Licht: 0,69748,2,7,8,09,17,3,0,0,0,0,0,0
"POINT (9.765685698000027 52.341695797000057)",Unfall 69769 (2020) Kat:3, Licht: 2,69769,3,6,2,09,21,6,0,2,0,1,0,1
"POINT (9.636221741000043 52.396417802000030)",Unfall 69780 (2020) Kat:3, Licht: 2,69780,3,1,8,09,02,1,1,2,0,1,0,0
"POINT (9.797287545000074 52.414076771000055)",Unfall 69784 (2020) Kat:3, Licht: 0,69784,3,2,5,09,16,3,0,0,1,1,0,0
"POINT (10.066402676000052 52.395006091000027)",Unfall 69790 (2020) Kat:3, Licht: 0,69790,3,3,5,09,15,5,0,0,1,1,0,0
"POINT (9.711051283000074 52.405914925000047)",Unfall 69791 (2020) Kat:3, Licht: 0,69791,3,3,5,09,13,4,0,0,1,1,0,0
"POINT (9.647702228000071 52.322005874000070)",Unfall 69794 (2020) Kat:3, Licht: 0,69794,3,1,4,09,15,7,1,0,0,1,0,0
"POINT (9.684886467000069 52.374492086000032)",Unfall 69798 (2020) Kat:3, Licht: 2,69798,3,5,5,09,22,4,0,2,0,1,0,1
"POINT (9.606097525000052 52.314450276000059)",Unfall 69800 (2020) Kat:3, Licht: 0,69800,3,3,5,09,15,2,0,0,1,1,0,0
"POINT (9.646809882000071 52.397964606000073)",Unfall 69803 (2020) Kat:3, Licht: 0,69803,3,5,1,09,13,3,0,0,1,1,0,0
"POINT (9.629359907000037 52.236790833000043)",Unfall 69806 (2020) Kat:3, Licht: 0,69806,3,6,2,09,15,3,0,0,0,1,0,0
"POINT (9.993446761000030 52.317671309000048)",Unfall 69809 (2020) Kat:3, Licht: 0,69809,3,6,2,09,16,3,0,0,0,1,0,0
"POINT (9.834075873000074 52.361265865000064)",Unfall 69815 (2020) Kat:3, Licht: 0,69815,3,1,0,09,19,4,0,0,1,0,0,0
"POINT (9.898139105000041 52.405886579000082)",Unfall 69821 (2020) Kat:3, Licht: 0,69821,3,6,8,09,13,3,0,0,0,1,0,0
"POINT (9.735555478000038 52.403519758000073)",Unfall 69826 (2020) Kat:3, Licht: 0,69826,3,2,0,09,10,3,0,0,0,0,0,0
"POINT (9.805399452000074 52.370977979000031)",Unfall 69829 (2020) Kat:3, Licht: 0,69829,3,7,0,09,17,3,0,0,1,0,0,0
"POINT (9.621236598000053 52.392880915000035)",Unfall 69835 (2020) Kat:3, Licht: 0,69835,3,6,6,09,13,4,0,0,1,0,1,0
"POINT (9.898405953000065 52.485105294000050)",Unfall 69866 (2020) Kat:2, Licht: 0,69866,2,2,5,09,18,6,0,0,0,1,0,1
"POINT (9.630274790000044 52.263337564000039)",Unfall 69872 (2020) Kat:3, Licht: 0,69872,3,2,5,09,12,4,0,0,1,1,0,0
"POINT (9.729777638000030 52.384087140000076)",Unfall 69873 (2020) Kat:3, Licht: 0,69873,3,4,6,09,12,1,0,0,0,1,1,0
"POINT (9.727826570000048 52.374710198000059)",Unfall 69875 (2020) Kat:3, Licht: 0,69875,3,6,2,09,15,1,0,0,0,1,0,0
"POINT (9.593375273000049 52.437710446000040)",Unfall 69877 (2020) Kat:3, Licht: 1,69877,3,3,5,09,20,4,0,1,1,1,0,0
"POINT (9.595569328000067 52.149005233000082)",Unfall 69880 (2020) Kat:3, Licht: 0,69880,3,1,8,09,16,1,0,0,0,1,0,0
"POINT (9.558139281000024 52.396102095000060)",Unfall 69884 (2020) Kat:3, Licht: 0,69884,3,3,5,09,17,1,0,0,0,1,0,1
"POINT (9.656932682000047 52.318662875000030)",Unfall 69888 (2020) Kat:3, Licht: 0,69888,3,7,0,09,14,1,0,0,1,0,0,0
"POINT (9.730638719000069 52.468492395000055)",Unfall 69891 (2020) Kat:3, Licht: 0,69891,3,3,5,09,14,1,0,0,1,1,0,0
"POINT (9.774600114000066 52.371041537000053)",Unfall 69892 (2020) Kat:3, Licht: 0,69892,3,1,0,09,08,5,1,0,0,0,0,1
"POINT (9.795837490000054 52.549411783000039)",Unfall 69893 (2020) Kat:2, Licht: 0,69893,2,6,2,09,11,1,0,0,0,1,0,0
"POINT (9.788558747000025 52.454512042000033)",Unfall 69894 (2020) Kat:3, Licht: 0,69894,3,1,8,09,11,2,0,0,0,1,0,0
"POINT (9.654274284000053 52.425283042000046)",Unfall 69896 (2020) Kat:3, Licht: 2,69896,3,7,2,09,23,1,0,2,0,1,0,0
"POINT (9.801828499000067 52.438392926000063)",Unfall 69901 (2020) Kat:2, Licht: 0,69901,2,2,4,09,13,1,0,0,0,1,0,1
"POINT (9.962491404000048 52.316423055000030)",Unfall 69908 (2020) Kat:3, Licht: 2,69908,3,7,8,09,01,4,0,2,0,0,0,0
"POINT (9.839541968000049 52.272575393000068)",Unfall 69909 (2020) Kat:3, Licht: 0,69909,3,7,0,09,15,1,0,0,1,0,0,0
"POINT (9.762226112000064 52.370416054000032)",Unfall 69919 (2020) Kat:2, Licht: 2,69919,2,4,6,09,00,7,0,2,0,1,1,0
"POINT (9.697662601000047 52.376400197000066)",Unfall 69937 (2020) Kat:3, Licht: 0,69937,3,6,2,09,17,6,0,0,0,1,0,0
"POINT (10.265380742000048 52.478725419000057)",Unfall 69952 (2020) Kat:3, Licht: 2,69952,3,3,5,09,21,4,0,2,0,1,0,0
"POINT (9.714636576000032 52.362077596000063)",Unfall 69966 (2020) Kat:3, Licht: 1,69966,3,6,2,09,06,2,1,1,0,1,0,0
"POINT (9.697402472000022 52.376868066000043)",Unfall 69976 (2020) Kat:3, Licht: 0,69976,3,1,9,09,16,1,1,0,0,0,0,1
"POINT (9.457055619000073 52.501565969000069)",Unfall 69987 (2020) Kat:3, Licht: 0,69987,3,7,0,09,09,5,1,0,1,0,0,0
"POINT (9.727086842000063 52.366923066000027)",Unfall 69989 (2020) Kat:3, Licht: 0,69989,3,3,5,09,07,2,1,0,1,0,0,0
"POINT (9.794517284000051 52.415194806000045)",Unfall 70012 (2020) Kat:3, Licht: 0,70012,3,7,0,09,11,7,1,0,0,0,0,1
"POINT (9.806889642000044 52.308071094000070)",Unfall 70020 (2020) Kat:3, Licht: 0,70020,3,3,5,09,13,7,0,0,0,1,0,0
"POINT (9.732309207000071 52.383145459000048)",Unfall 70024 (2020) Kat:3, Licht: 2,70024,3,2,5,09,22,7,0,2,1,1,0,0
"POINT (9.730158054000071 52.368700471000068)",Unfall 70026 (2020) Kat:3, Licht: 0,70026,3,3,5,09,17,7,0,0,1,1,0,0
"POINT (9.551127458000053 52.362683249000042)",Unfall 70028 (2020) Kat:3, Licht: 0,70028,3,2,4,09,08,7,0,0,0,1,0,0
"POINT (9.573518720000038 52.643058238000037)",Unfall 70031 (2020) Kat:3, Licht: 0,70031,3,3,5,09,18,7,0,0,0,1,0,0
"POINT (9.837104882000062 52.469258104000062)",Unfall 70035 (2020) Kat:3, Licht: 0,70035,3,2,4,09,15,7,0,0,1,1,0,0
"POINT (10.027069517000029 52.523103092000042)",Unfall 70037 (2020) Kat:2, Licht: 0,70037,2,7,9,09,11,7,0,0,1,1,0,0
"POINT (9.720070985000064 52.428354490000061)",Unfall 70040 (2020) Kat:3, Licht: 0,70040,3,3,5,09,10,7,0,0,0,1,0,0
"POINT (9.456624489000035 52.497275491000039)",Unfall 70057 (2020) Kat:3, Licht: 1,70057,3,3,5,09,07,6,0,1,1,1,0,0
"POINT (9.730998412000076 52.383625086000052)",Unfall 70063 (2020) Kat:2, Licht: 2,70063,2,3,5,09,19,4,0,2,1,1,0,0
"POINT (9.690100773000040 52.377428277000035)",Unfall 70068 (2020) Kat:2, Licht: 0,70068,2,3,5,09,08,4,0,0,0,1,0,0
"POINT (9.911797876000037 52.436422020000066)",Unfall 70069 (2020) Kat:3, Licht: 2,70069,3,1,8,09,04,1,1,2,0,1,0,0
"POINT (9.713541907000035 52.399712316000034)",Unfall 70086 (2020) Kat:3, Licht: 0,70086,3,6,2,10,16,5,0,0,0,1,0,0
"POINT (9.751958328000058 52.358239715000082)",Unfall 70090 (2020) Kat:3, Licht: 0,70090,3,6,2,09,10,4,0,0,0,1,0,0
"POINT (9.823217919000058 52.463116136000053)",Unfall 70092 (2020) Kat:3, Licht: 2,70092,3,3,5,10,20,2,0,2,0,1,0,0
"POINT (9.735125992000064 52.406645218000051)",Unfall 70094 (2020) Kat:3, Licht: 2,70094,3,6,2,09,19,4,0,2,0,1,0,0
"POINT (9.732950205000066 52.421005378000075)",Unfall 70097 (2020) Kat:3, Licht: 0,70097,3,2,3,09,11,4,0,0,0,1,0,0
"POINT (9.445452382000042 52.475602948000073)",Unfall 70099 (2020) Kat:3, Licht: 0,70099,3,2,5,10,14,3,1,0,0,1,1,0
"POINT (9.650044857000069 52.423936225000034)",Unfall 70105 (2020) Kat:3, Licht: 1,70105,3,3,5,10,06,4,1,1,0,1,0,0
"POINT (9.697337719000075 52.341694044000064)",Unfall 70107 (2020) Kat:3, Licht: 0,70107,3,2,5,10,15,7,0,0,0,1,0,0
"POINT (9.390009808000059 52.432144396000069)",Unfall 70110 (2020) Kat:2, Licht: 2,70110,2,7,9,10,21,4,1,2,0,1,0,0
"POINT (9.730090872000062 52.382198272000039)",Unfall 70114 (2020) Kat:3, Licht: 0,70114,3,6,3,09,17,4,0,0,0,1,0,0
"POINT (9.443989468000041 52.442836120000038)",Unfall 70117 (2020) Kat:3, Licht: 0,70117,3,7,8,09,13,4,0,0,0,0,0,1
"POINT (9.733886433000066 52.368913539000062)",Unfall 70120 (2020) Kat:3, Licht: 0,70120,3,2,5,10,08,3,1,0,1,1,0,0
"POINT (9.718555280000032 52.393699735000041)",Unfall 70121 (2020) Kat:3, Licht: 0,70121,3,6,6,10,15,6,0,0,1,0,1,0
"POINT (9.667346324000050 52.377070328000059)",Unfall 70127 (2020) Kat:3, Licht: 0,70127,3,1,0,10,14,6,0,0,1,0,0,0
"POINT (9.514956588000075 52.300446599000054)",Unfall 70130 (2020) Kat:3, Licht: 0,70130,3,1,9,09,07,4,1,0,0,0,0,1
"POINT (9.588718177000033 52.439418090000061)",Unfall 70135 (2020) Kat:3, Licht: 1,70135,3,2,3,09,07,4,1,1,1,0,0,0
"POINT (9.617964911000058 52.428853761000028)",Unfall 70139 (2020) Kat:3, Licht: 0,70139,3,6,2,10,11,5,1,0,0,1,0,0
"POINT (9.997137789000021 52.317632271000036)",Unfall 70140 (2020) Kat:3, Licht: 0,70140,3,6,2,09,16,4,0,0,0,1,0,0
"POINT (9.734180393000031 52.369060517000037)",Unfall 70141 (2020) Kat:3, Licht: 0,70141,3,2,5,10,12,6,0,0,1,1,0,0
"POINT (9.836117431000048 52.489929140000072)",Unfall 70144 (2020) Kat:3, Licht: 0,70144,3,3,5,09,10,4,0,0,0,1,0,0
"POINT (9.785176867000075 52.385928501000080)",Unfall 70154 (2020) Kat:3, Licht: 0,70154,3,6,2,10,15,6,0,0,0,1,0,0
"POINT (9.726570648000063 52.375584099000037)",Unfall 70167 (2020) Kat:2, Licht: 0,70167,2,3,5,09,09,4,1,0,1,1,0,0
"POINT (9.644595224000057 52.397186052000052)",Unfall 70169 (2020) Kat:3, Licht: 0,70169,3,6,2,10,12,2,0,0,0,1,0,0
"POINT (9.645992964000072 52.429964856000026)",Unfall 70181 (2020) Kat:3, Licht: 0,70181,3,2,5,09,18,4,0,0,0,1,0,1
"POINT (9.730984702000058 52.383627994000051)",Unfall 70186 (2020) Kat:3, Licht: 1,70186,3,3,5,10,17,4,1,1,0,1,0,1
"POINT (9.533316560000060 52.608372588000066)",Unfall 70188 (2020) Kat:3, Licht: 0,70188,3,1,4,10,15,7,0,0,0,1,0,1
"POINT (9.756534819000024 52.370173743000066)",Unfall 70191 (2020) Kat:3, Licht: 0,70191,3,1,9,09,14,4,0,0,0,1,0,0
"POINT (9.608920723000040 52.422151941000038)",Unfall 70193 (2020) Kat:3, Licht: 2,70193,3,7,8,10,01,2,0,2,0,1,0,0
"POINT (9.701479543000062 52.415270078000049)",Unfall 70195 (2020) Kat:3, Licht: 0,70195,3,6,3,09,13,4,0,0,0,1,0,0
"POINT (9.756129010000052 52.352914057000078)",Unfall 70206 (2020) Kat:3, Licht: 0,70206,3,1,0,10,08,3,1,0,0,0,0,1
"POINT (9.976657173000035 52.372555828000031)",Unfall 70208 (2020) Kat:3, Licht: 0,70208,3,2,5,10,13,4,0,0,1,1,0,0
"POINT (9.895743281000023 52.413260408000042)",Unfall 70213 (2020) Kat:3, Licht: 2,70213,3,6,2,10,18,4,1,2,0,1,0,0
"POINT (9.754804925000030 52.370079291000081)",Unfall 70216 (2020) Kat:3, Licht: 1,70216,3,4,6,10,19,5,1,1,1,0,1,0
"POINT (9.905081858000074 52.284209528000076)",Unfall 70220 (2020) Kat:3, Licht: 2,70220,3,6,0,09,21,4,0,2,0,0,0,0
"POINT (10.064272733000053 52.394723499000065)",Unfall 70224 (2020) Kat:3, Licht: 0,70224,3,3,5,10,13,6,0,0,1,1,0,0
"POINT (9.643708186000026 52.335649429000057)",Unfall 70229 (2020) Kat:3, Licht: 0,70229,3,6,2,10,14,1,0,0,0,1,0,0
"POINT (10.013531340000043 52.469783293000035)",Unfall 70230 (2020) Kat:3, Licht: 2,70230,3,6,6,10,19,3,1,2,0,1,1,0
"POINT (10.151805113000023 52.450949663000074)",Unfall 70239 (2020) Kat:3, Licht: 2,70239,3,1,8,10,21,5,1,2,0,1,0,0
"POINT (9.728372419000039 52.318728833000080)",Unfall 70262 (2020) Kat:3, Licht: 0,70262,3,7,0,10,12,6,0,0,1,0,0,0
"POINT (9.800001652000049 52.407027086000028)",Unfall 70270 (2020) Kat:3, Licht: 0,70270,3,2,2,10,17,5,0,0,0,1,0,0
"POINT (9.714840566000021 52.361130489000061)",Unfall 70277 (2020) Kat:3, Licht: 0,70277,3,6,2,10,10,2,1,0,0,1,0,0
"POINT (9.800533848000043 52.406235709000043)",Unfall 70287 (2020) Kat:3, Licht: 0,70287,3,2,3,10,17,4,1,0,1,1,0,0
"POINT (9.594228915000031 52.423579658000051)",Unfall 70290 (2020) Kat:3, Licht: 0,70290,3,6,2,10,13,7,0,0,0,1,0,0
"POINT (10.269202844000063 52.468459676000066)",Unfall 70295 (2020) Kat:1, Licht: 0,70295,1,1,8,10,07,5,0,0,0,1,0,0
"POINT (9.463288219000049 52.347055009000030)",Unfall 70301 (2020) Kat:3, Licht: 0,70301,3,6,4,10,16,2,0,0,1,0,0,0
"POINT (9.449682088000031 52.426191650000078)",Unfall 70305 (2020) Kat:3, Licht: 0,70305,3,3,5,10,14,1,0,0,1,1,0,0
"POINT (9.798876428000028 52.411375664000047)",Unfall 70309 (2020) Kat:3, Licht: 0,70309,3,7,0,10,08,3,1,0,1,0,0,0
"POINT (9.452096467000047 52.432131838000032)",Unfall 70316 (2020) Kat:2, Licht: 0,70316,2,2,5,10,07,4,1,0,0,1,0,0
"POINT (9.636382669000057 52.417306657000040)",Unfall 70319 (2020) Kat:3, Licht: 1,70319,3,6,2,10,18,5,1,1,0,1,0,0
"POINT (9.435745988000065 52.330841070000076)",Unfall 70321 (2020) Kat:3, Licht: 0,70321,3,6,4,10,17,6,0,0,0,1,0,0
"POINT (9.873975922000057 52.511436206000042)",Unfall 70323 (2020) Kat:3, Licht: 0,70323,3,2,2,10,16,4,0,0,0,1,0,0
"POINT (9.545235341000023 52.421272865000049)",Unfall 70332 (2020) Kat:3, Licht: 0,70332,3,6,2,10,08,1,0,0,0,1,0,0
"POINT (9.790845083000022 52.558330330000047)",Unfall 70333 (2020) Kat:3, Licht: 2,70333,3,6,2,10,02,3,0,2,0,0,0,0
"POINT (9.703351938000026 52.416156091000062)",Unfall 70341 (2020) Kat:3, Licht: 0,70341,3,6,2,10,13,6,0,0,0,1,0,0
"POINT (9.736168493000037 52.399452390000079)",Unfall 70343 (2020) Kat:3, Licht: 0,70343,3,4,6,10,16,5,1,0,0,1,1,0
"POINT (9.751175418000059 52.359252052000045)",Unfall 70366 (2020) Kat:2, Licht: 0,70366,2,2,0,10,15,6,0,0,1,1,0,0
"POINT (10.133040774000051 52.459088403000067)",Unfall 70375 (2020) Kat:3, Licht: 0,70375,3,6,2,10,17,5,0,0,0,1,0,0
"POINT (9.423381455000026 52.429400208000061)",Unfall 70381 (2020) Kat:2, Licht: 0,70381,2,2,6,10,13,2,0,0,0,1,1,0
"POINT (9.721239768000032 52.631270230000041)",Unfall 70395 (2020) Kat:3, Licht: 2,70395,3,6,2,10,00,3,0,2,0,0,0,0
"POINT (9.789445502000035 52.371910391000029)",Unfall 70397 (2020) Kat:3, Licht: 0,70397,3,1,8,10,14,4,1,0,0,1,0,1
"POINT (10.200492399000041 52.459962165000036)",Unfall 70398 (2020) Kat:3, Licht: 0,70398,3,4,6,10,13,5,0,0,0,1,1,0
"POINT (9.996841061000055 52.387973440000053)",Unfall 70404 (2020) Kat:3, Licht: 2,70404,3,6,3,10,00,2,0,2,0,1,0,0
"POINT (9.539766002000022 52.559294771000054)",Unfall 70411 (2020) Kat:3, Licht: 0,70411,3,7,9,10,11,3,0,0,0,1,0,0
"POINT (9.820497500000045 52.293651714000077)",Unfall 70417 (2020) Kat:3, Licht: 0,70417,3,1,0,10,10,3,1,0,0,0,0,1
"POINT (9.462726105000058 52.345631129000026)",Unfall 70419 (2020) Kat:3, Licht: 0,70419,3,1,9,10,17,4,1,0,0,1,0,0
"POINT (10.069144208000068 52.450085462000061)",Unfall 70424 (2020) Kat:2, Licht: 1,70424,2,2,5,10,18,4,1,1,0,1,0,0
"POINT (9.668820823000033 52.358110979000060)",Unfall 70435 (2020) Kat:3, Licht: 0,70435,3,3,5,10,10,6,0,0,0,1,0,0
"POINT (9.607506440000066 52.309820781000042)",Unfall 70441 (2020) Kat:3, Licht: 0,70441,3,6,3,10,11,6,0,0,1,1,0,0
"POINT (9.827085870000076 52.342783004000069)",Unfall 70449 (2020) Kat:3, Licht: 2,70449,3,1,8,10,00,4,1,2,0,1,0,0
"POINT (9.727997499000026 52.588641980000034)",Unfall 70452 (2020) Kat:3, Licht: 2,70452,3,6,4,10,19,5,1,2,0,1,0,0
"POINT (9.722205794000047 52.368433039000081)",Unfall 70476 (2020) Kat:3, Licht: 0,70476,3,6,0,10,14,5,0,0,0,1,0,0
"POINT (9.734576205000053 52.391356069000039)",Unfall 70483 (2020) Kat:3, Licht: 0,70483,3,4,6,10,14,5,0,0,1,0,1,0
"POINT (10.138581384000076 52.362493817000029)",Unfall 70495 (2020) Kat:3, Licht: 2,70495,3,6,0,10,00,6,1,2,0,1,0,0
"POINT (9.732415570000057 52.383533132000082)",Unfall 70499 (2020) Kat:3, Licht: 0,70499,3,6,2,10,12,4,1,0,0,1,0,0
"POINT (9.617784141000072 52.428958833000081)",Unfall 70501 (2020) Kat:3, Licht: 0,70501,3,6,2,10,14,7,0,0,0,1,0,0
"POINT (9.734119106000037 52.369071241000029)",Unfall 70507 (2020) Kat:3, Licht: 0,70507,3,1,0,09,17,3,0,0,0,0,0,0
"POINT (9.730213768000056 52.368958507000059)",Unfall 70508 (2020) Kat:3, Licht: 2,70508,3,2,3,09,19,3,0,2,1,1,0,0
"POINT (9.590885800000024 52.396875772000044)",Unfall 70510 (2020) Kat:3, Licht: 0,70510,3,7,0,10,07,2,1,0,1,0,0,0
"POINT (9.724078864000035 52.363749271000074)",Unfall 70512 (2020) Kat:3, Licht: 0,70512,3,3,5,09,15,3,0,0,1,1,0,0
"POINT (9.723228900000038 52.337374237000063)",Unfall 70514 (2020) Kat:3, Licht: 0,70514,3,6,2,10,11,1,0,0,0,1,0,0
"POINT (9.725139492000039 52.376989981000065)",Unfall 70516 (2020) Kat:3, Licht: 0,70516,3,4,0,09,09,3,0,0,1,0,1,0
"POINT (9.733978797000077 52.369095627000036)",Unfall 70518 (2020) Kat:3, Licht: 1,70518,3,3,5,10,19,3,1,1,1,1,0,0
"POINT (9.990831790000073 52.372035426000082)",Unfall 70520 (2020) Kat:3, Licht: 0,70520,3,6,0,10,11,4,1,0,0,0,0,1
"POINT (9.676843811000026 52.393535640000039)",Unfall 70528 (2020) Kat:3, Licht: 2,70528,3,6,2,10,20,5,1,2,0,1,0,0
"POINT (9.636038580000047 52.331602756000052)",Unfall 70529 (2020) Kat:3, Licht: 0,70529,3,2,5,09,10,3,0,0,0,1,0,0
"POINT (9.763197963000039 52.585334028000034)",Unfall 70530 (2020) Kat:3, Licht: 0,70530,3,6,2,10,10,6,0,0,0,1,0,0
"POINT (9.433071646000030 52.320907801000033)",Unfall 70533 (2020) Kat:3, Licht: 0,70533,3,6,2,09,14,3,0,0,0,1,0,0
"POINT (9.631336628000042 52.505801278000035)",Unfall 70540 (2020) Kat:3, Licht: 0,70540,3,3,5,09,15,3,0,0,0,1,0,0
"POINT (10.068958575000067 52.450039612000069)",Unfall 70542 (2020) Kat:3, Licht: 0,70542,3,2,2,10,10,1,0,0,0,1,0,0
"POINT (9.816475426000068 52.404108944000029)",Unfall 70543 (2020) Kat:3, Licht: 0,70543,3,6,2,10,12,3,0,0,0,1,0,0
"POINT (9.775649081000040 52.270937897000067)",Unfall 70552 (2020) Kat:2, Licht: 0,70552,2,6,0,10,17,5,1,0,0,1,0,0
"POINT (9.778841242000055 52.369393856000045)",Unfall 70553 (2020) Kat:3, Licht: 0,70553,3,6,2,09,15,3,0,0,0,1,0,0
"POINT (9.921865689000072 52.394862266000075)",Unfall 70557 (2020) Kat:3, Licht: 0,70557,3,6,2,09,10,3,0,0,0,1,0,0
"POINT (10.102868923000074 52.456605414000080)",Unfall 70572 (2020) Kat:3, Licht: 2,70572,3,7,0,10,21,6,0,2,0,1,0,0
"POINT (9.736287544000049 52.398271943000054)",Unfall 70575 (2020) Kat:2, Licht: 2,70575,2,1,0,09,06,3,0,2,1,0,0,0
"POINT (9.858355979000066 52.316272135000077)",Unfall 70581 (2020) Kat:3, Licht: 0,70581,3,1,8,10,16,5,0,0,0,0,0,1
"POINT (9.697736968000072 52.376356375000057)",Unfall 70587 (2020) Kat:3, Licht: 1,70587,3,6,2,10,06,2,0,1,0,1,0,0
"POINT (9.488817627000060 52.487457465000034)",Unfall 70596 (2020) Kat:3, Licht: 0,70596,3,1,8,10,16,4,1,0,0,1,0,0
"POINT (9.727177876000042 52.439066362000062)",Unfall 70601 (2020) Kat:3, Licht: 0,70601,3,2,6,10,07,4,1,0,0,0,1,0
"POINT (9.802597432000027 52.436817931000064)",Unfall 70607 (2020) Kat:3, Licht: 2,70607,3,6,0,10,18,3,1,2,1,1,0,0
"POINT (9.738875038000060 52.437892212000065)",Unfall 70614 (2020) Kat:3, Licht: 0,70614,3,2,5,10,16,2,0,0,0,1,1,0
"POINT (9.796636782000064 52.415063371000031)",Unfall 70629 (2020) Kat:3, Licht: 0,70629,3,7,0,10,15,5,0,0,0,0,0,0
"POINT (9.991483248000066 52.317655962000060)",Unfall 70660 (2020) Kat:3, Licht: 0,70660,3,6,2,10,16,3,0,0,0,1,0,0
"POINT (9.725237292000031 52.461579879000055)",Unfall 70664 (2020) Kat:3, Licht: 0,70664,3,2,5,10,14,5,0,0,0,1,0,0
"POINT (9.406729916000074 52.411762972000076)",Unfall 70667 (2020) Kat:3, Licht: 2,70667,3,1,9,10,20,1,1,2,0,1,0,0
"POINT (9.534643056000050 52.407330701000035)",Unfall 70673 (2020) Kat:3, Licht: 0,70673,3,3,5,10,10,1,0,0,0,1,0,0
"POINT (9.734440592000055 52.412327929000071)",Unfall 70687 (2020) Kat:3, Licht: 0,70687,3,2,3,10,13,7,0,0,1,1,0,0
"POINT (9.403416132000075 52.589644069000030)",Unfall 70688 (2020) Kat:3, Licht: 2,70688,3,1,8,10,00,1,1,2,0,1,0,0
"POINT (9.505024539000033 52.340255295000077)",Unfall 70690 (2020) Kat:3, Licht: 0,70690,3,2,2,10,10,4,1,0,0,1,0,0
"POINT (9.797535203000052 52.416359495000052)",Unfall 70695 (2020) Kat:3, Licht: 0,70695,3,2,5,10,16,5,0,0,1,1,0,0
"POINT (9.625340138000070 52.481385101000058)",Unfall 70699 (2020) Kat:3, Licht: 0,70699,3,1,4,10,13,1,1,0,0,1,0,0
"POINT (9.759275578000029 52.588157129000081)",Unfall 70703 (2020) Kat:3, Licht: 0,70703,3,6,2,10,12,2,0,0,0,1,0,0
"POINT (9.762476881000055 52.585839994000082)",Unfall 70707 (2020) Kat:3, Licht: 0,70707,3,6,2,10,14,4,0,0,0,1,0,0
"POINT (10.120823887000029 52.364838472000031)",Unfall 70717 (2020) Kat:3, Licht: 0,70717,3,7,1,10,16,1,1,0,0,1,0,0
"POINT (9.724066922000077 52.363740529000040)",Unfall 70719 (2020) Kat:3, Licht: 1,70719,3,3,5,10,07,4,1,1,1,1,0,0
"POINT (9.813115292000077 52.321981634000053)",Unfall 70725 (2020) Kat:3, Licht: 2,70725,3,6,9,10,19,3,1,2,0,1,0,0
"POINT (10.196760367000024 52.464195126000050)",Unfall 70728 (2020) Kat:3, Licht: 0,70728,3,3,5,10,08,1,0,0,1,1,0,0
"POINT (9.767029503000060 52.170915453000077)",Unfall 70733 (2020) Kat:2, Licht: 0,70733,2,6,4,10,13,6,0,0,0,1,0,0
"POINT (9.766199234000055 52.370767937000039)",Unfall 70751 (2020) Kat:3, Licht: 2,70751,3,6,2,10,20,2,1,2,0,1,0,0
"POINT (9.701051871000061 52.371106438000027)",Unfall 70755 (2020) Kat:3, Licht: 0,70755,3,6,2,10,15,2,0,0,0,1,0,0
"POINT (9.600158945000032 52.319711962000042)",Unfall 70758 (2020) Kat:3, Licht: 0,70758,3,3,5,10,10,2,0,0,0,1,0,1
"POINT (9.612212996000039 52.405523515000027)",Unfall 70764 (2020) Kat:3, Licht: 1,70764,3,7,2,10,17,2,1,1,0,1,0,0
"POINT (10.019186067000021 52.384022063000032)",Unfall 70769 (2020) Kat:3, Licht: 0,70769,3,1,8,10,14,2,0,0,0,1,0,0
"POINT (9.722126383000045 52.438400418000072)",Unfall 70773 (2020) Kat:3, Licht: 0,70773,3,1,9,10,16,2,1,0,0,1,0,0
"POINT (9.745257424000045 52.367307598000082)",Unfall 70775 (2020) Kat:3, Licht: 2,70775,3,6,4,10,21,2,0,2,1,0,0,0
"POINT (9.815221166000072 52.363700147000031)",Unfall 70779 (2020) Kat:3, Licht: 1,70779,3,2,5,10,17,2,1,1,0,1,0,0
"POINT (9.766333364000047 52.340832081000030)",Unfall 70780 (2020) Kat:3, Licht: 2,70780,3,4,6,10,21,5,1,2,0,1,1,0
"POINT (9.477479129000074 52.363155786000050)",Unfall 70782 (2020) Kat:2, Licht: 0,70782,2,1,0,10,14,2,0,0,0,0,0,1
"POINT (9.733944879000035 52.413267631000053)",Unfall 70787 (2020) Kat:3, Licht: 2,70787,3,6,2,10,19,3,0,2,0,1,0,0
"POINT (9.809256689000051 52.379323938000027)",Unfall 70788 (2020) Kat:3, Licht: 0,70788,3,3,5,10,12,2,0,0,1,1,0,0
"POINT (9.717563558000052 52.396082968000030)",Unfall 70793 (2020) Kat:3, Licht: 0,70793,3,2,5,10,10,2,0,0,0,1,0,0
"POINT (9.838453853000033 52.498232219000045)",Unfall 70804 (2020) Kat:3, Licht: 0,70804,3,1,8,10,10,7,1,0,0,1,0,0
"POINT (9.727266375000056 52.574019711000062)",Unfall 70807 (2020) Kat:3, Licht: 0,70807,3,6,2,10,14,4,1,0,0,1,0,0
"POINT (9.628871773000071 52.422153310000056)",Unfall 70816 (2020) Kat:3, Licht: 0,70816,3,6,2,10,15,4,1,0,0,1,0,0
"POINT (9.661044334000053 52.386601534000079)",Unfall 70818 (2020) Kat:2, Licht: 0,70818,2,7,0,10,10,3,0,0,1,0,0,0
"POINT (9.789380122000068 52.317080932000067)",Unfall 70825 (2020) Kat:3, Licht: 0,70825,3,2,5,10,09,2,0,0,1,1,0,0
"POINT (9.848941348000039 52.411702319000028)",Unfall 70826 (2020) Kat:3, Licht: 2,70826,3,7,9,10,00,4,0,2,0,1,0,0
"POINT (9.403965746000040 52.426526384000056)",Unfall 70830 (2020) Kat:3, Licht: 0,70830,3,1,9,10,15,2,0,0,0,1,0,0
"POINT (9.713232474000051 52.400170532000061)",Unfall 70843 (2020) Kat:3, Licht: 2,70843,3,3,5,10,07,2,0,2,0,1,0,1
"POINT (9.945678546000067 52.290088435000030)",Unfall 70845 (2020) Kat:3, Licht: 0,70845,3,7,9,10,10,3,0,0,0,1,0,0
"POINT (9.781977423000058 52.379650333000029)",Unfall 70859 (2020) Kat:3, Licht: 0,70859,3,7,8,10,07,2,0,0,0,1,0,0
"POINT (9.608849262000035 52.443604845000038)",Unfall 70875 (2020) Kat:3, Licht: 0,70875,3,7,6,10,12,5,0,0,0,1,1,0
"POINT (9.709933175000060 52.407548992000045)",Unfall 70887 (2020) Kat:3, Licht: 0,70887,3,6,3,10,15,6,0,0,0,1,0,0
"POINT (9.737061375000053 52.305655531000070)",Unfall 70909 (2020) Kat:3, Licht: 0,70909,3,2,5,10,12,3,0,0,1,0,0,0
"POINT (9.723230950000072 52.377826451000033)",Unfall 70936 (2020) Kat:3, Licht: 0,70936,3,6,2,10,14,4,1,0,0,1,0,0
"POINT (9.591662214000053 52.412064140000041)",Unfall 70940 (2020) Kat:3, Licht: 0,70940,3,3,5,10,09,6,1,0,0,1,0,0
"POINT (9.722983588000034 52.325721314000077)",Unfall 70942 (2020) Kat:2, Licht: 0,70942,2,3,5,10,18,5,0,0,0,1,0,1
"POINT (9.952226544000041 52.456435328000055)",Unfall 70950 (2020) Kat:3, Licht: 0,70950,3,7,9,10,12,2,0,0,0,1,0,0
"POINT (9.811891323000054 52.366737751000073)",Unfall 70958 (2020) Kat:3, Licht: 0,70958,3,1,0,10,10,1,1,0,0,0,0,1
"POINT (9.479848929000070 52.334843933000059)",Unfall 70963 (2020) Kat:3, Licht: 2,70963,3,1,8,10,01,1,1,2,0,1,0,0
"POINT (9.624284002000024 52.420831533000069)",Unfall 70967 (2020) Kat:3, Licht: 0,70967,3,6,3,10,08,4,1,0,0,1,0,0
"POINT (9.802550575000055 52.396943919000080)",Unfall 70973 (2020) Kat:3, Licht: 2,70973,3,6,2,10,17,3,1,2,0,1,0,0
"POINT (9.759993317000067 52.347690237000052)",Unfall 70981 (2020) Kat:3, Licht: 2,70981,3,6,4,10,21,6,0,2,1,0,0,0
"POINT (9.641001149000033 52.396903916000042)",Unfall 71029 (2020) Kat:2, Licht: 0,71029,2,3,0,10,11,5,0,0,0,1,0,0
"POINT (9.651718880000033 52.417128530000070)",Unfall 71036 (2020) Kat:3, Licht: 0,71036,3,3,5,10,17,3,0,0,0,1,0,0
"POINT (9.448811547000048 52.439391774000057)",Unfall 71054 (2020) Kat:3, Licht: 0,71054,3,1,0,10,11,7,1,0,0,0,0,1
"POINT (9.589700541000070 52.439025437000055)",Unfall 71057 (2020) Kat:3, Licht: 2,71057,3,2,4,10,07,4,1,2,0,1,0,0
"POINT (9.760756832000027 52.347173114000043)",Unfall 71065 (2020) Kat:3, Licht: 0,71065,3,1,6,10,10,4,1,0,0,0,1,1
"POINT (9.789052416000061 52.561242118000052)",Unfall 71067 (2020) Kat:3, Licht: 0,71067,3,6,2,10,16,3,0,0,0,1,0,0
"POINT (10.102107628000056 52.464371932000063)",Unfall 71070 (2020) Kat:3, Licht: 0,71070,3,1,4,10,07,5,1,0,0,0,0,0
"POINT (9.840720026000042 52.305339547000074)",Unfall 71074 (2020) Kat:3, Licht: 2,71074,3,7,7,10,00,4,0,2,0,1,0,0
"POINT (9.721229047000065 52.361714073000030)",Unfall 71078 (2020) Kat:3, Licht: 0,71078,3,2,5,10,12,2,1,0,1,1,0,0
"POINT (9.626851030000069 52.423398592000069)",Unfall 71086 (2020) Kat:3, Licht: 0,71086,3,6,2,10,08,4,1,0,0,0,0,0
"POINT (9.636393563000070 52.422003087000064)",Unfall 71092 (2020) Kat:3, Licht: 2,71092,3,6,2,10,20,3,1,2,0,1,0,0
"POINT (9.787540564000040 52.318851773000063)",Unfall 71098 (2020) Kat:3, Licht: 2,71098,3,1,8,10,05,7,1,2,0,1,0,0
"POINT (9.565952041000060 52.307842265000033)",Unfall 71099 (2020) Kat:2, Licht: 0,71099,2,1,9,10,15,6,0,0,0,1,0,0
"POINT (9.751137772000050 52.369426664000059)",Unfall 71102 (2020) Kat:3, Licht: 2,71102,3,6,6,10,21,7,0,2,1,0,1,0
"POINT (9.431534839000051 52.435326677000035)",Unfall 71105 (2020) Kat:3, Licht: 0,71105,3,6,2,10,13,7,0,0,0,1,0,0
"POINT (9.845344737000062 52.414034792000052)",Unfall 71106 (2020) Kat:3, Licht: 0,71106,3,6,2,10,09,2,0,0,0,0,0,0
"POINT (9.728532661000031 52.386240653000073)",Unfall 71107 (2020) Kat:3, Licht: 0,71107,3,6,2,10,16,7,0,0,0,1,0,0
"POINT (9.610333210000022 52.422173530000066)",Unfall 71111 (2020) Kat:2, Licht: 0,71111,2,6,2,10,09,7,0,0,0,1,0,0
"POINT (9.400588508000055 52.428283219000036)",Unfall 71113 (2020) Kat:3, Licht: 2,71113,3,7,8,10,06,7,1,2,0,1,0,0
"POINT (9.734438366000063 52.388315938000062)",Unfall 71122 (2020) Kat:3, Licht: 2,71122,3,6,3,10,22,5,0,2,0,1,0,1
"POINT (9.725722177000023 52.518595076000054)",Unfall 71126 (2020) Kat:3, Licht: 0,71126,3,6,2,10,14,7,0,0,0,1,0,0
"POINT (9.444857507000052 52.309297761000039)",Unfall 71147 (2020) Kat:2, Licht: 0,71147,2,1,8,10,09,5,0,0,0,1,0,0
"POINT (9.830499898000028 52.385543895000069)",Unfall 71154 (2020) Kat:3, Licht: 0,71154,3,6,2,10,16,3,1,0,0,1,0,0
"POINT (9.678310342000032 52.359410107000031)",Unfall 71162 (2020) Kat:3, Licht: 0,71162,3,6,2,10,15,4,0,0,0,1,0,0
"POINT (9.721163231000048 52.361075023000069)",Unfall 71181 (2020) Kat:3, Licht: 0,71181,3,6,2,10,13,4,1,0,0,1,0,0
"POINT (9.579136347000031 52.264936472000045)",Unfall 71185 (2020) Kat:2, Licht: 2,71185,2,7,9,10,19,6,1,2,0,1,0,0
"POINT (9.730213768000056 52.368958507000059)",Unfall 71192 (2020) Kat:2, Licht: 2,71192,2,3,5,10,22,4,1,2,1,1,0,0
"POINT (9.453841642000043 52.467257522000068)",Unfall 71196 (2020) Kat:3, Licht: 0,71196,3,7,0,10,16,2,0,0,1,0,0,0
"POINT (9.754169430000047 52.355308237000031)",Unfall 71206 (2020) Kat:3, Licht: 0,71206,3,2,5,10,14,2,0,0,1,1,0,0
"POINT (9.549404732000028 52.440993799000069)",Unfall 71210 (2020) Kat:2, Licht: 0,71210,2,3,5,11,12,2,0,0,1,1,0,0
"POINT (9.644244069000024 52.414181736000046)",Unfall 71223 (2020) Kat:3, Licht: 0,71223,3,6,2,11,13,2,0,0,0,1,0,0
"POINT (9.685041738000052 52.374558616000058)",Unfall 71228 (2020) Kat:3, Licht: 0,71228,3,3,5,11,13,2,0,0,1,1,0,0
"POINT (9.492047982000031 52.415872076000028)",Unfall 71231 (2020) Kat:3, Licht: 2,71231,3,6,2,11,18,7,0,2,0,1,0,0
"POINT (9.853555654000047 52.409722936000037)",Unfall 71233 (2020) Kat:3, Licht: 2,71233,3,6,3,11,06,2,1,2,0,1,0,0
"POINT (9.698861189000070 52.416986571000052)",Unfall 71243 (2020) Kat:3, Licht: 0,71243,3,6,2,10,12,6,1,0,0,1,0,0
"POINT (9.903725280000060 52.444851530000051)",Unfall 71259 (2020) Kat:2, Licht: 0,71259,2,3,5,11,15,7,0,0,1,1,0,0
"POINT (9.855988408000030 52.474532881000073)",Unfall 71270 (2020) Kat:3, Licht: 0,71270,3,6,2,10,14,6,1,0,0,1,0,0
"POINT (9.746386849000032 52.365453577000039)",Unfall 71278 (2020) Kat:3, Licht: 0,71278,3,2,5,11,12,4,0,0,1,1,0,0
"POINT (9.757778469000073 52.370253911000077)",Unfall 71279 (2020) Kat:2, Licht: 2,71279,2,4,6,10,20,7,0,2,0,1,1,0
"POINT (9.637387665000063 52.416689761000043)",Unfall 71310 (2020) Kat:3, Licht: 0,71310,3,6,2,10,08,5,0,0,0,1,0,0
"POINT (9.449099420000039 52.522775652000064)",Unfall 71311 (2020) Kat:3, Licht: 2,71311,3,2,5,10,06,5,1,2,0,1,0,0
"POINT (9.451690683000038 52.444629098000064)",Unfall 71313 (2020) Kat:3, Licht: 1,71313,3,6,3,11,07,3,0,1,0,1,0,0
"POINT (9.883142135000071 52.398809158000063)",Unfall 71316 (2020) Kat:3, Licht: 2,71316,3,1,8,10,21,5,1,2,0,1,0,0
"POINT (9.678712715000074 52.324695014000042)",Unfall 71320 (2020) Kat:1, Licht: 2,71320,1,1,8,10,17,5,0,2,0,1,0,0
"POINT (9.385519985000030 52.432588443000043)",Unfall 71321 (2020) Kat:2, Licht: 2,71321,2,7,8,10,04,5,1,2,0,1,0,0
"POINT (9.580882893000023 52.417970905000061)",Unfall 71325 (2020) Kat:3, Licht: 0,71325,3,3,5,11,08,6,0,0,1,1,0,0
"POINT (9.722503641000060 52.378463636000049)",Unfall 71397 (2020) Kat:3, Licht: 2,71397,3,6,2,10,18,6,1,2,0,1,0,0
"POINT (9.646609263000073 52.397337947000040)",Unfall 71406 (2020) Kat:3, Licht: 2,71406,3,2,6,10,17,6,1,2,0,1,1,0
"POINT (9.456598177000046 52.494053309000037)",Unfall 71413 (2020) Kat:3, Licht: 0,71413,3,3,5,11,13,4,0,0,1,1,0,0
"POINT (9.647893457000066 52.413052011000048)",Unfall 71441 (2020) Kat:3, Licht: 1,71441,3,6,2,10,16,4,0,1,0,1,0,0
"POINT (9.799593453000057 52.543046921000041)",Unfall 71444 (2020) Kat:2, Licht: 0,71444,2,1,9,10,12,7,0,0,0,1,0,0
"POINT (9.723785941000074 52.379477598000051)",Unfall 71446 (2020) Kat:3, Licht: 2,71446,3,1,0,10,18,4,0,2,1,0,0,0
"POINT (9.800179654000033 52.406332869000039)",Unfall 71447 (2020) Kat:3, Licht: 0,71447,3,2,5,10,10,4,0,0,1,1,0,0
"POINT (9.759502864000069 52.452931566000075)",Unfall 71451 (2020) Kat:3, Licht: 0,71451,3,2,0,11,11,6,0,0,0,1,0,0
"POINT (9.456598177000046 52.494053309000037)",Unfall 71452 (2020) Kat:3, Licht: 0,71452,3,2,5,10,08,4,0,0,1,1,0,0
"POINT (9.907340462000036 52.290499946000068)",Unfall 71454 (2020) Kat:2, Licht: 1,71454,2,6,3,10,17,4,0,1,1,1,0,0
"POINT (9.963501704000066 52.365454768000063)",Unfall 71457 (2020) Kat:3, Licht: 0,71457,3,2,4,10,09,4,0,0,1,1,0,0
"POINT (9.836947517000056 52.387263994000079)",Unfall 71458 (2020) Kat:3, Licht: 0,71458,3,4,6,11,08,5,0,0,0,0,1,0
"POINT (9.796199412000021 52.415075427000033)",Unfall 71459 (2020) Kat:2, Licht: 0,71459,2,7,0,10,11,4,0,0,0,0,1,0
"POINT (9.618103029000054 52.428773480000075)",Unfall 71465 (2020) Kat:2, Licht: 1,71465,2,2,5,11,05,3,1,1,0,1,0,0
"POINT (9.798876428000028 52.411375664000047)",Unfall 71481 (2020) Kat:3, Licht: 2,71481,3,3,5,11,15,2,0,2,0,1,0,0
"POINT (9.731705919000035 52.369434216000059)",Unfall 71482 (2020) Kat:3, Licht: 0,71482,3,6,2,11,08,3,0,0,0,1,0,0
"POINT (9.856654973000047 52.358725164000077)",Unfall 71494 (2020) Kat:3, Licht: 0,71494,3,3,5,11,13,7,0,0,0,1,0,1
"POINT (9.762251882000044 52.370536013000049)",Unfall 71507 (2020) Kat:3, Licht: 2,71507,3,2,4,10,19,6,1,2,0,1,0,0
"POINT (9.464692489000072 52.304405233000068)",Unfall 71535 (2020) Kat:3, Licht: 2,71535,3,3,5,10,18,6,1,2,0,1,0,1
"POINT (9.784586675000071 52.346334548000073)",Unfall 71543 (2020) Kat:3, Licht: 2,71543,3,6,2,11,17,4,0,2,0,1,0,0
"POINT (9.756520001000069 52.334098674000074)",Unfall 71544 (2020) Kat:3, Licht: 1,71544,3,1,0,10,17,7,1,1,1,0,0,0
"POINT (9.666595506000022 52.384397756000055)",Unfall 71552 (2020) Kat:3, Licht: 0,71552,3,3,5,11,14,6,0,0,1,1,0,0
"POINT (9.690604718000031 52.346756129000028)",Unfall 71576 (2020) Kat:3, Licht: 0,71576,3,6,2,10,06,3,0,0,0,1,0,0
"POINT (9.698498466000046 52.417221771000072)",Unfall 71578 (2020) Kat:3, Licht: 0,71578,3,3,5,10,07,3,0,0,0,1,0,0
"POINT (9.356939479000062 52.449485300000049)",Unfall 71583 (2020) Kat:3, Licht: 0,71583,3,1,2,10,16,3,0,0,0,1,0,0
"POINT (9.587613786000077 52.415031596000063)",Unfall 71587 (2020) Kat:3, Licht: 2,71587,3,6,2,10,17,3,1,2,0,1,0,0
"POINT (9.720634523000058 52.328946366000082)",Unfall 71588 (2020) Kat:3, Licht: 0,71588,3,7,7,11,14,5,0,0,0,0,0,0
"POINT (9.806927832000042 52.277752373000055)",Unfall 71594 (2020) Kat:3, Licht: 0,71594,3,2,5,11,12,1,0,0,1,1,0,0
"POINT (9.688885944000049 52.378181889000075)",Unfall 71603 (2020) Kat:3, Licht: 1,71603,3,1,0,11,07,2,1,1,1,0,0,0
"POINT (9.718543390000036 52.346497834000047)",Unfall 71618 (2020) Kat:3, Licht: 2,71618,3,2,3,11,17,1,0,2,0,1,0,0
"POINT (9.643560447000027 52.335092952000082)",Unfall 71621 (2020) Kat:3, Licht: 0,71621,3,3,5,11,14,7,0,0,1,1,0,0
"POINT (9.677615947000049 52.371768206000070)",Unfall 71623 (2020) Kat:3, Licht: 2,71623,3,1,0,11,06,1,1,2,0,1,0,0
"POINT (9.697744326000077 52.377141926000036)",Unfall 71634 (2020) Kat:3, Licht: 2,71634,3,6,2,11,18,1,0,2,0,1,0,0
"POINT (9.808965359000069 52.379068778000033)",Unfall 71664 (2020) Kat:3, Licht: 0,71664,3,7,0,10,14,6,1,0,0,0,1,0
"POINT (9.798302651000029 52.420232022000050)",Unfall 71671 (2020) Kat:3, Licht: 0,71671,3,6,2,10,07,6,1,0,0,1,0,0
"POINT (9.685437708000052 52.379364918000078)",Unfall 71678 (2020) Kat:3, Licht: 0,71678,3,2,3,11,07,4,0,0,1,1,0,0
"POINT (9.734782561000031 52.407296633000044)",Unfall 71693 (2020) Kat:3, Licht: 0,71693,3,2,4,10,12,2,1,0,0,1,0,1
"POINT (9.833469465000064 52.419305413000075)",Unfall 71695 (2020) Kat:3, Licht: 0,71695,3,2,2,10,11,2,1,0,0,1,0,0
"POINT (9.826164253000059 52.362362479000069)",Unfall 71697 (2020) Kat:3, Licht: 0,71697,3,2,3,10,16,2,1,0,1,1,0,0
"POINT (9.435353788000043 52.420756828000037)",Unfall 71699 (2020) Kat:3, Licht: 2,71699,3,4,6,10,20,2,0,2,0,1,1,0
"POINT (9.461115608000057 52.402821732000064)",Unfall 71700 (2020) Kat:3, Licht: 0,71700,3,3,5,11,10,2,1,0,1,1,0,0
"POINT (9.429292363000059 52.380183117000058)",Unfall 71704 (2020) Kat:3, Licht: 2,71704,3,6,2,10,17,2,1,2,0,1,0,0
"POINT (9.633903370000041 52.490876029000049)",Unfall 71705 (2020) Kat:3, Licht: 0,71705,3,7,0,10,07,2,1,0,0,1,0,0
"POINT (10.008413463000068 52.385409681000056)",Unfall 71707 (2020) Kat:3, Licht: 2,71707,3,6,3,11,18,3,1,2,0,1,0,0
"POINT (9.836133106000034 52.489932997000039)",Unfall 71709 (2020) Kat:3, Licht: 0,71709,3,2,4,10,14,2,1,0,0,1,0,0
"POINT (9.744613525000034 52.453545734000045)",Unfall 71710 (2020) Kat:3, Licht: 0,71710,3,2,4,11,08,2,1,0,0,1,0,0
"POINT (9.690383156000053 52.374766160000036)",Unfall 71712 (2020) Kat:3, Licht: 2,71712,3,1,9,10,22,7,0,2,0,1,0,0
"POINT (10.024308260000055 52.521906799000078)",Unfall 71714 (2020) Kat:3, Licht: 2,71714,3,2,2,10,18,2,0,2,0,1,0,1
"POINT (9.884365521000063 52.351947342000074)",Unfall 71719 (2020) Kat:3, Licht: 1,71719,3,2,2,11,16,6,0,1,0,1,0,1
"POINT (10.191585732000021 52.442810254000051)",Unfall 71731 (2020) Kat:3, Licht: 0,71731,3,2,4,11,13,2,0,0,1,1,0,0
"POINT (9.797412659000031 52.346857115000034)",Unfall 71732 (2020) Kat:3, Licht: 0,71732,3,6,3,11,08,3,0,0,0,1,0,0
"POINT (9.819698655000025 52.427435916000036)",Unfall 71755 (2020) Kat:3, Licht: 0,71755,3,3,5,11,08,5,0,0,0,1,0,0
"POINT (9.832656402000055 52.422003184000062)",Unfall 71787 (2020) Kat:3, Licht: 0,71787,3,3,5,11,13,7,0,0,0,1,0,0
"POINT (9.472581720000051 52.505897789000073)",Unfall 71799 (2020) Kat:3, Licht: 0,71799,3,3,5,10,15,6,1,0,0,1,0,0
"POINT (9.733629562000033 52.384832860000074)",Unfall 71801 (2020) Kat:2, Licht: 2,71801,2,1,8,10,19,1,1,2,0,1,0,0
"POINT (9.976936247000026 52.372592525000073)",Unfall 71803 (2020) Kat:3, Licht: 0,71803,3,3,5,10,15,1,1,0,0,1,0,0
"POINT (9.972377832000063 52.380157469000039)",Unfall 71805 (2020) Kat:2, Licht: 2,71805,2,4,6,10,17,1,1,2,0,1,1,0
"POINT (9.883764838000047 52.357032304000029)",Unfall 71806 (2020) Kat:3, Licht: 2,71806,3,6,3,11,23,4,0,2,0,1,0,0
"POINT (9.631707426000048 52.420166393000045)",Unfall 71815 (2020) Kat:3, Licht: 0,71815,3,6,2,11,15,6,0,0,0,1,0,0
"POINT (9.818989678000037 52.287256586000069)",Unfall 71816 (2020) Kat:3, Licht: 2,71816,3,1,4,10,01,1,0,2,0,1,0,0
"POINT (9.618212019000055 52.467692393000050)",Unfall 71834 (2020) Kat:2, Licht: 0,71834,2,1,9,11,07,2,1,0,0,1,0,0
"POINT (9.574340458000052 52.281985782000049)",Unfall 71851 (2020) Kat:3, Licht: 2,71851,3,7,1,11,17,5,0,2,0,1,0,0
"POINT (9.641816558000073 52.414717751000069)",Unfall 71865 (2020) Kat:3, Licht: 1,71865,3,2,3,11,16,4,0,1,1,1,0,0
"POINT (9.706951151000055 52.410675585000035)",Unfall 71884 (2020) Kat:3, Licht: 0,71884,3,6,2,11,13,6,1,0,0,1,0,0
"POINT (9.611451194000040 52.392052339000031)",Unfall 71889 (2020) Kat:3, Licht: 0,71889,3,3,5,11,15,2,0,0,1,1,0,0
"POINT (9.969618097000023 52.469804155000077)",Unfall 71893 (2020) Kat:3, Licht: 0,71893,3,2,4,11,13,4,0,0,0,1,0,0
"POINT (9.594989815000076 52.408129565000081)",Unfall 71901 (2020) Kat:3, Licht: 0,71901,3,6,2,11,15,7,0,0,0,1,0,0
"POINT (9.300832025000034 52.499911497000028)",Unfall 71907 (2020) Kat:3, Licht: 0,71907,3,6,9,11,16,7,0,0,0,1,0,0
"POINT (9.751175005000050 52.359252590000040)",Unfall 71908 (2020) Kat:3, Licht: 2,71908,3,2,5,11,07,6,1,2,0,1,0,1
"POINT (9.699412463000044 52.519819592000033)",Unfall 71919 (2020) Kat:2, Licht: 2,71919,2,7,0,11,17,6,1,2,1,0,0,0
"POINT (9.847192988000074 52.274422829000059)",Unfall 71930 (2020) Kat:3, Licht: 2,71930,3,6,2,11,19,2,0,2,0,1,0,0
"POINT (9.712987164000026 52.366811061000078)",Unfall 71940 (2020) Kat:3, Licht: 0,71940,3,1,0,11,12,5,1,0,0,0,0,1
"POINT (9.801775132000046 52.432056552000063)",Unfall 71952 (2020) Kat:3, Licht: 2,71952,3,4,6,11,18,6,0,2,0,1,1,0
"POINT (9.840955894000047 52.282424407000065)",Unfall 71956 (2020) Kat:3, Licht: 2,71956,3,6,2,11,06,2,0,2,0,1,0,0
"POINT (9.590037985000038 52.438895175000027)",Unfall 71967 (2020) Kat:3, Licht: 2,71967,3,6,2,11,06,2,1,2,0,1,0,0
"POINT (9.773798475000035 52.331947764000063)",Unfall 71973 (2020) Kat:2, Licht: 0,71973,2,2,5,11,10,3,0,0,1,1,0,0
"POINT (9.355604884000059 52.451830791000077)",Unfall 71974 (2020) Kat:3, Licht: 0,71974,3,3,5,11,09,3,1,0,0,1,0,0
"POINT (9.782895077000035 52.361481728000058)",Unfall 71978 (2020) Kat:3, Licht: 0,71978,3,6,2,11,12,5,1,0,0,1,0,0
"POINT (9.767174328000067 52.337704719000044)",Unfall 71990 (2020) Kat:3, Licht: 0,71990,3,7,5,11,11,6,0,0,1,1,0,0
"POINT (9.784834040000021 52.320808456000066)",Unfall 72000 (2020) Kat:3, Licht: 0,72000,3,3,5,11,10,3,0,0,0,1,0,0
"POINT (9.782644789000074 52.380337292000036)",Unfall 72009 (2020) Kat:3, Licht: 1,72009,3,6,2,11,16,3,1,1,0,1,0,0
"POINT (9.419066553000050 52.429265750000070)",Unfall 72020 (2020) Kat:3, Licht: 0,72020,3,3,5,11,14,4,0,0,1,1,0,0
"POINT (9.556431732000021 52.401262319000068)",Unfall 72023 (2020) Kat:3, Licht: 2,72023,3,3,0,11,06,2,0,2,1,1,0,0
"POINT (9.609239628000069 52.438921604000029)",Unfall 72038 (2020) Kat:3, Licht: 2,72038,3,2,3,11,19,6,1,2,1,1,0,0
"POINT (9.759498425000061 52.348570337000069)",Unfall 72043 (2020) Kat:3, Licht: 2,72043,3,7,8,11,17,2,0,2,0,1,0,0
"POINT (9.833875340000077 52.398391275000051)",Unfall 72045 (2020) Kat:3, Licht: 0,72045,3,3,5,11,07,4,0,0,1,1,0,0
"POINT (9.792854161000037 52.272862943000064)",Unfall 72050 (2020) Kat:3, Licht: 0,72050,3,6,2,11,07,4,0,0,0,1,0,0
"POINT (9.647337060000041 52.413362130000053)",Unfall 72054 (2020) Kat:3, Licht: 0,72054,3,6,2,11,11,2,0,0,0,1,0,0
"POINT (10.008100193000075 52.315498641000033)",Unfall 72061 (2020) Kat:2, Licht: 0,72061,2,4,6,11,13,2,0,0,0,1,1,0
"POINT (9.683369973000026 52.224222352000027)",Unfall 72074 (2020) Kat:1, Licht: 2,72074,1,1,8,11,05,6,1,2,0,1,0,0
"POINT (9.692817001000037 52.420672058000036)",Unfall 72075 (2020) Kat:3, Licht: 0,72075,3,3,5,11,15,6,0,0,0,1,0,0
"POINT (9.798223564000068 52.345916474000035)",Unfall 72076 (2020) Kat:3, Licht: 1,72076,3,6,2,11,07,4,0,1,0,1,0,0
"POINT (9.775599949000025 52.270964969000033)",Unfall 72082 (2020) Kat:2, Licht: 0,72082,2,7,0,11,07,4,0,0,0,1,0,0
"POINT (9.717782180000029 52.395578782000030)",Unfall 72085 (2020) Kat:3, Licht: 0,72085,3,3,5,11,15,2,0,0,1,1,0,0
"POINT (9.667309173000035 52.340382830000067)",Unfall 72090 (2020) Kat:3, Licht: 0,72090,3,3,0,11,16,3,0,0,0,1,0,0
"POINT (10.128371521000076 52.458253225000078)",Unfall 72092 (2020) Kat:2, Licht: 0,72092,2,6,3,11,15,1,0,0,1,0,0,0
"POINT (9.551523215000032 52.322749275000035)",Unfall 72095 (2020) Kat:3, Licht: 0,72095,3,7,0,11,15,5,1,0,0,0,0,1
"POINT (9.872589135000055 52.310687060000078)",Unfall 72096 (2020) Kat:3, Licht: 0,72096,3,3,5,11,07,5,1,0,0,1,0,0
"POINT (9.741882800000042 52.437567695000041)",Unfall 72121 (2020) Kat:2, Licht: 2,72121,2,4,6,11,07,2,1,2,0,1,1,0
"POINT (9.591376678000074 52.396698378000053)",Unfall 72128 (2020) Kat:3, Licht: 0,72128,3,5,1,11,10,3,1,0,0,1,0,0
"POINT (9.680432430000053 52.371929787000056)",Unfall 72132 (2020) Kat:3, Licht: 0,72132,3,2,5,11,09,5,0,0,1,1,0,0
"POINT (9.714476868000077 52.314845754000032)",Unfall 72155 (2020) Kat:3, Licht: 0,72155,3,6,2,11,10,6,0,0,0,1,0,0
"POINT (9.694661239000027 52.419595057000038)",Unfall 72160 (2020) Kat:3, Licht: 0,72160,3,2,2,11,14,7,0,0,0,1,0,0
"POINT (9.626631282000062 52.394198965000044)",Unfall 72164 (2020) Kat:2, Licht: 0,72164,2,7,0,11,07,3,0,0,1,0,0,0
"POINT (9.962241917000029 52.419626638000068)",Unfall 72165 (2020) Kat:2, Licht: 0,72165,2,1,8,11,10,5,1,0,0,1,0,0
"POINT (9.807542963000060 52.559257441000057)",Unfall 72175 (2020) Kat:3, Licht: 0,72175,3,2,4,11,14,4,0,0,0,1,0,0
"POINT (9.988537341000040 52.460980900000038)",Unfall 72178 (2020) Kat:3, Licht: 1,72178,3,6,2,11,07,2,0,1,0,1,0,0
"POINT (9.714978528000074 52.360640477000061)",Unfall 72179 (2020) Kat:3, Licht: 0,72179,3,1,9,11,09,1,1,0,0,1,0,0
"POINT (9.629441535000069 52.264213415000029)",Unfall 72183 (2020) Kat:2, Licht: 0,72183,2,7,0,11,08,5,1,0,1,0,0,0
"POINT (9.636679962000073 52.412492033000035)",Unfall 72191 (2020) Kat:3, Licht: 0,72191,3,6,2,11,13,5,1,0,0,1,0,0
"POINT (9.685533633000034 52.329168443000071)",Unfall 72203 (2020) Kat:3, Licht: 0,72203,3,6,2,11,13,6,1,0,0,1,0,0
"POINT (9.862289757000042 52.380601255000045)",Unfall 72208 (2020) Kat:3, Licht: 0,72208,3,1,7,11,08,2,0,0,1,0,0,0
"POINT (10.139892808000070 52.460963162000041)",Unfall 72213 (2020) Kat:3, Licht: 1,72213,3,6,3,11,16,4,0,1,0,1,0,0
"POINT (9.669535288000077 52.347708875000080)",Unfall 72222 (2020) Kat:3, Licht: 0,72222,3,6,2,11,15,7,0,0,0,1,0,0
"POINT (9.883612714000037 52.279997210000033)",Unfall 72229 (2020) Kat:3, Licht: 0,72229,3,5,1,11,10,6,1,0,1,1,0,0
"POINT (9.959104689000071 52.317762363000043)",Unfall 72230 (2020) Kat:3, Licht: 0,72230,3,7,8,11,08,6,0,0,0,1,0,0
"POINT (9.732945325000060 52.421052739000061)",Unfall 72240 (2020) Kat:3, Licht: 0,72240,3,6,3,11,16,6,0,0,0,1,0,0
"POINT (9.813196956000070 52.429237631000035)",Unfall 72241 (2020) Kat:2, Licht: 2,72241,2,6,2,11,17,6,0,2,0,0,0,0
"POINT (9.786473574000070 52.319497335000051)",Unfall 72262 (2020) Kat:3, Licht: 2,72262,3,6,4,11,19,5,1,2,1,0,0,0
"POINT (9.715686776000041 52.366757646000053)",Unfall 72274 (2020) Kat:3, Licht: 0,72274,3,7,6,11,10,6,0,0,0,1,1,0
"POINT (9.401633339000057 52.454360504000078)",Unfall 72278 (2020) Kat:3, Licht: 2,72278,3,2,5,11,06,2,0,2,0,1,0,0
"POINT (9.635498438000070 52.245217144000037)",Unfall 72279 (2020) Kat:2, Licht: 0,72279,2,3,5,11,15,1,0,0,0,1,0,0
"POINT (10.015363525000055 52.517900346000033)",Unfall 72284 (2020) Kat:3, Licht: 2,72284,3,3,5,11,18,3,0,2,0,1,0,0
"POINT (9.728188070000044 52.374306923000063)",Unfall 72289 (2020) Kat:3, Licht: 2,72289,3,2,0,11,17,2,0,2,1,1,0,0
"POINT (9.809293645000025 52.369209166000076)",Unfall 72295 (2020) Kat:3, Licht: 0,72295,3,3,5,11,10,3,0,0,0,1,0,1
"POINT (9.855793196000036 52.417758364000065)",Unfall 72299 (2020) Kat:3, Licht: 2,72299,3,1,9,11,20,5,1,2,0,1,0,0
"POINT (9.816746271000056 52.484582892000049)",Unfall 72311 (2020) Kat:3, Licht: 0,72311,3,6,2,11,13,6,0,0,0,1,0,0
"POINT (9.970667408000054 52.388971522000077)",Unfall 72317 (2020) Kat:3, Licht: 2,72317,3,6,2,11,00,7,0,2,0,1,0,0
"POINT (9.794262568000022 52.371443151000051)",Unfall 72321 (2020) Kat:3, Licht: 2,72321,3,1,9,11,16,3,1,2,1,0,0,0
"POINT (9.721710098000074 52.378460440000026)",Unfall 72340 (2020) Kat:3, Licht: 0,72340,3,6,2,11,11,4,0,0,0,1,0,0
"POINT (9.748596952000071 52.362598289000061)",Unfall 72343 (2020) Kat:3, Licht: 0,72343,3,2,3,11,15,2,0,0,0,1,0,0
"POINT (9.387564179000037 52.587018195000041)",Unfall 72351 (2020) Kat:3, Licht: 0,72351,3,3,0,11,08,5,0,0,1,1,0,0
"POINT (9.514740642000049 52.300223739000046)",Unfall 72359 (2020) Kat:3, Licht: 2,72359,3,1,8,11,21,6,0,2,0,1,0,0
"POINT (9.727766631000065 52.502687850000029)",Unfall 72364 (2020) Kat:3, Licht: 0,72364,3,6,2,11,11,2,0,0,0,1,0,0
"POINT (9.862841684000046 52.379862654000078)",Unfall 72368 (2020) Kat:3, Licht: 1,72368,3,2,5,11,16,4,0,1,1,1,0,0
"POINT (9.719471480000038 52.346496670000079)",Unfall 72378 (2020) Kat:3, Licht: 2,72378,3,1,8,11,05,7,1,2,0,1,0,0
"POINT (9.801866402000030 52.396776233000026)",Unfall 72383 (2020) Kat:3, Licht: 0,72383,3,6,2,11,08,2,1,0,0,1,0,0
"POINT (9.675892921000070 52.359044595000057)",Unfall 72384 (2020) Kat:3, Licht: 2,72384,3,7,0,11,02,1,0,2,0,0,0,0
"POINT (9.566573450000021 52.642567237000037)",Unfall 72396 (2020) Kat:2, Licht: 2,72396,2,6,2,11,18,6,0,2,0,1,0,0
"POINT (9.784169830000053 52.382847625000068)",Unfall 72397 (2020) Kat:3, Licht: 0,72397,3,6,2,11,12,6,0,0,0,1,0,0
"POINT (9.820459970000059 52.293585607000068)",Unfall 72407 (2020) Kat:3, Licht: 2,72407,3,2,2,11,16,2,0,2,0,1,0,0
"POINT (9.809268307000025 52.379378099000064)",Unfall 72412 (2020) Kat:3, Licht: 0,72412,3,3,5,11,17,3,0,0,1,1,0,0
"POINT (10.113363095000068 52.329179457000066)",Unfall 72414 (2020) Kat:3, Licht: 2,72414,3,6,2,11,17,1,0,2,0,1,0,1
"POINT (9.626748661000022 52.294922126000074)",Unfall 72417 (2020) Kat:3, Licht: 2,72417,3,3,5,11,19,5,1,2,0,1,0,1
"POINT (9.750414928000055 52.209095464000029)",Unfall 72418 (2020) Kat:3, Licht: 0,72418,3,6,4,11,12,5,1,0,0,1,0,0
"POINT (9.736194184000055 52.399265132000039)",Unfall 72432 (2020) Kat:3, Licht: 2,72432,3,2,5,11,05,6,1,2,0,1,0,0
"POINT (9.725000394000062 52.521653271000048)",Unfall 72443 (2020) Kat:3, Licht: 0,72443,3,3,5,11,12,2,0,0,0,1,0,0
"POINT (9.747443684000075 52.216177761000040)",Unfall 72450 (2020) Kat:3, Licht: 0,72450,3,2,2,11,08,3,1,0,0,1,0,0
"POINT (9.580586034000021 52.423511916000052)",Unfall 72455 (2020) Kat:3, Licht: 0,72455,3,7,8,11,11,5,1,0,0,0,0,0
"POINT (9.730074565000052 52.368669395000040)",Unfall 72467 (2020) Kat:3, Licht: 2,72467,3,2,5,11,06,6,1,2,1,1,0,0
"POINT (9.431770259000075 52.422502226000063)",Unfall 72477 (2020) Kat:3, Licht: 0,72477,3,4,6,11,12,6,0,0,0,1,1,0
"POINT (9.871244218000072 52.309044743000072)",Unfall 72481 (2020) Kat:3, Licht: 0,72481,3,6,3,11,10,1,0,0,0,1,0,0
"POINT (10.099264715000061 52.364690081000049)",Unfall 72486 (2020) Kat:3, Licht: 0,72486,3,6,9,11,12,3,1,0,0,1,0,0
"POINT (9.454478605000077 52.476515812000059)",Unfall 72497 (2020) Kat:3, Licht: 0,72497,3,6,4,11,08,4,1,0,0,1,0,0
"POINT (9.727213670000026 52.439055297000039)",Unfall 72500 (2020) Kat:3, Licht: 2,72500,3,4,6,11,19,2,0,2,0,1,1,0
"POINT (9.653121413000065 52.415637694000054)",Unfall 72513 (2020) Kat:3, Licht: 0,72513,3,6,4,11,15,6,0,0,1,0,0,0
"POINT (9.735925787000042 52.584119337000061)",Unfall 72514 (2020) Kat:3, Licht: 0,72514,3,3,5,11,12,6,0,0,0,1,0,0
"POINT (9.734559317000048 52.391258168000036)",Unfall 72531 (2020) Kat:3, Licht: 0,72531,3,4,6,11,14,2,0,0,1,0,1,0
"POINT (9.451761118000036 52.424074044000065)",Unfall 72536 (2020) Kat:3, Licht: 0,72536,3,3,5,11,08,4,0,0,0,1,0,0
"POINT (9.636031814000035 52.331600610000066)",Unfall 72551 (2020) Kat:3, Licht: 1,72551,3,3,5,11,16,6,0,1,0,1,0,0
"POINT (9.809293289000038 52.379494575000081)",Unfall 72552 (2020) Kat:3, Licht: 0,72552,3,4,6,11,14,6,0,0,0,1,1,0
"POINT (9.733309725000026 52.418330435000030)",Unfall 72562 (2020) Kat:3, Licht: 2,72562,3,1,8,11,06,2,0,2,0,1,0,0
"POINT (9.638136985000074 52.416230824000081)",Unfall 72567 (2020) Kat:3, Licht: 2,72567,3,6,2,11,05,2,0,2,0,1,0,0
"POINT (9.727077653000038 52.366914690000044)",Unfall 72595 (2020) Kat:3, Licht: 0,72595,3,2,5,11,15,3,0,0,1,1,0,0
"POINT (9.732708695000042 52.420804457000031)",Unfall 72598 (2020) Kat:3, Licht: 1,72598,3,6,2,11,15,2,0,1,0,1,0,0
"POINT (9.977967512000021 52.415589522000062)",Unfall 72599 (2020) Kat:3, Licht: 2,72599,3,1,8,11,22,1,1,2,0,1,0,0
"POINT (9.643813423000040 52.466011227000081)",Unfall 72605 (2020) Kat:3, Licht: 1,72605,3,1,9,11,07,3,1,1,0,1,0,0
"POINT (9.573673943000074 52.423515857000041)",Unfall 72614 (2020) Kat:3, Licht: 0,72614,3,6,2,11,14,3,0,0,0,1,0,0
"POINT (9.584706789000052 52.285602326000060)",Unfall 72616 (2020) Kat:2, Licht: 2,72616,2,7,9,11,03,1,0,2,0,1,0,0
"POINT (9.799524432000055 52.479601297000045)",Unfall 72619 (2020) Kat:3, Licht: 0,72619,3,2,2,11,13,5,1,0,0,1,0,0
"POINT (10.103539257000023 52.456756369000061)",Unfall 72625 (2020) Kat:3, Licht: 2,72625,3,1,0,11,05,3,1,2,0,0,0,0
"POINT (9.753712734000033 52.526157296000065)",Unfall 72631 (2020) Kat:3, Licht: 0,72631,3,7,0,11,15,6,0,0,1,0,0,0
"POINT (9.470106515000055 52.301538801000049)",Unfall 72637 (2020) Kat:3, Licht: 2,72637,3,2,5,11,19,7,0,2,0,1,0,0
"POINT (9.563980280000067 52.441041424000048)",Unfall 72641 (2020) Kat:3, Licht: 0,72641,3,4,6,11,07,3,1,0,0,1,1,0
"POINT (9.544096543000023 52.362383442000066)",Unfall 72651 (2020) Kat:2, Licht: 0,72651,2,1,0,11,12,3,0,0,1,0,0,0
"POINT (9.705633994000039 52.423782387000074)",Unfall 72652 (2020) Kat:3, Licht: 2,72652,3,7,0,11,21,4,0,2,0,0,0,1
"POINT (9.790057005000051 52.354461534000052)",Unfall 72654 (2020) Kat:3, Licht: 2,72654,3,6,3,11,07,2,0,2,0,1,0,0
"POINT (9.630335131000038 52.485176948000060)",Unfall 72655 (2020) Kat:3, Licht: 0,72655,3,1,8,11,14,1,1,0,0,1,0,0
"POINT (9.456709539000030 52.486260888000061)",Unfall 72669 (2020) Kat:3, Licht: 0,72669,3,3,5,12,11,5,0,0,1,1,0,0
"POINT (9.601651461000074 52.325729156000079)",Unfall 72684 (2020) Kat:3, Licht: 0,72684,3,2,2,12,11,7,1,0,0,1,0,0
"POINT (9.431747989000030 52.422513878000075)",Unfall 72688 (2020) Kat:3, Licht: 2,72688,3,2,5,12,19,6,1,2,0,1,0,0
"POINT (9.794633222000073 52.557161058000077)",Unfall 72692 (2020) Kat:3, Licht: 0,72692,3,6,2,12,08,6,1,0,0,1,0,0
"POINT (9.871186204000026 52.435006761000068)",Unfall 72696 (2020) Kat:3, Licht: 1,72696,3,3,5,12,07,6,1,1,0,1,0,0
"POINT (9.976128710000069 52.370402805000026)",Unfall 72699 (2020) Kat:3, Licht: 2,72699,3,2,4,12,07,3,0,2,0,1,0,0
"POINT (9.780924827000035 52.378724771000066)",Unfall 72701 (2020) Kat:3, Licht: 0,72701,3,6,3,12,14,6,0,0,0,1,0,0
"POINT (9.667307746000063 52.377068706000045)",Unfall 72708 (2020) Kat:2, Licht: 2,72708,2,4,6,12,06,6,1,2,0,0,1,0
"POINT (9.817286487000047 52.311660425000071)",Unfall 72710 (2020) Kat:3, Licht: 0,72710,3,6,2,12,13,5,0,0,0,1,0,0
"POINT (9.590192505000061 52.438835526000048)",Unfall 72717 (2020) Kat:3, Licht: 2,72717,3,6,2,12,05,4,0,2,0,1,0,0
"POINT (9.945313714000065 52.333433372000059)",Unfall 72736 (2020) Kat:3, Licht: 2,72736,3,4,6,12,16,4,1,2,0,1,1,0
"POINT (9.862710986000025 52.380015674000049)",Unfall 72737 (2020) Kat:3, Licht: 0,72737,3,2,5,12,09,3,0,0,0,0,0,1
"POINT (9.976619220000032 52.367428310000037)",Unfall 72741 (2020) Kat:3, Licht: 0,72741,3,2,2,12,09,3,1,0,0,1,0,0
"POINT (9.719420796000065 52.346583926000051)",Unfall 72751 (2020) Kat:3, Licht: 0,72751,3,2,2,12,10,2,1,0,0,1,0,0
"POINT (9.847420235000072 52.360120393000045)",Unfall 72760 (2020) Kat:3, Licht: 0,72760,3,2,4,12,15,6,0,0,1,1,0,0
"POINT (9.729280361000065 52.316716327000051)",Unfall 72778 (2020) Kat:2, Licht: 2,72778,2,7,0,12,20,5,0,2,1,0,0,0
"POINT (9.736209952000024 52.399131080000075)",Unfall 72779 (2020) Kat:3, Licht: 2,72779,3,6,0,12,17,3,0,2,1,0,0,0
"POINT (9.683887709000032 52.390706848000036)",Unfall 72784 (2020) Kat:3, Licht: 2,72784,3,6,2,12,16,1,1,2,0,1,0,0
"POINT (9.722429162000026 52.362426157000073)",Unfall 72794 (2020) Kat:3, Licht: 0,72794,3,6,2,12,10,5,1,0,0,1,0,0
"POINT (9.810360171000070 52.279022563000069)",Unfall 72797 (2020) Kat:3, Licht: 0,72797,3,7,4,12,10,7,0,0,0,1,0,0
"POINT (9.540586450000035 52.308955653000055)",Unfall 72820 (2020) Kat:3, Licht: 0,72820,3,1,9,12,12,4,0,0,0,1,0,0
"POINT (9.734782718000076 52.407294929000045)",Unfall 72831 (2020) Kat:3, Licht: 2,72831,3,6,3,12,18,3,1,2,0,1,0,1
"POINT (9.500200958000050 52.353018283000040)",Unfall 72832 (2020) Kat:3, Licht: 2,72832,3,7,9,12,21,5,1,2,0,0,0,1
"POINT (9.660115275000067 52.376955634000069)",Unfall 72840 (2020) Kat:3, Licht: 1,72840,3,2,5,12,08,4,1,1,1,1,0,0
"POINT (10.184080911000024 52.465412355000069)",Unfall 72846 (2020) Kat:3, Licht: 0,72846,3,2,4,12,11,7,1,0,0,1,0,0
"POINT (9.723140265000041 52.440301090000048)",Unfall 72849 (2020) Kat:3, Licht: 0,72849,3,1,0,12,15,3,0,0,1,0,0,0
"POINT (9.643519967000032 52.340048788000047)",Unfall 72876 (2020) Kat:3, Licht: 1,72876,3,6,2,12,15,3,1,1,0,0,0,0
"POINT (9.797106107000047 52.347212386000081)",Unfall 72877 (2020) Kat:3, Licht: 0,72877,3,6,2,12,08,5,1,0,0,1,0,0
"POINT (9.421813648000068 52.331445248000080)",Unfall 72891 (2020) Kat:3, Licht: 0,72891,3,6,2,12,13,2,0,0,0,1,0,0
"POINT (9.985721305000027 52.509401863000051)",Unfall 72899 (2020) Kat:3, Licht: 0,72899,3,7,0,12,15,6,1,0,1,0,0,0
"POINT (9.995277750000071 52.455969490000030)",Unfall 72903 (2020) Kat:2, Licht: 2,72903,2,2,4,12,17,4,1,2,0,1,0,1
"POINT (9.742942652000068 52.604450726000039)",Unfall 72908 (2020) Kat:3, Licht: 0,72908,3,7,8,12,13,3,1,0,0,1,0,0
"POINT (9.722527430000071 52.437905404000048)",Unfall 72912 (2020) Kat:2, Licht: 2,72912,2,6,2,12,05,3,1,2,0,0,0,0
"POINT (9.688547383000071 52.374889468000049)",Unfall 72918 (2020) Kat:3, Licht: 0,72918,3,6,2,12,08,3,1,0,1,1,0,0
"POINT (9.605270398000073 52.572654049000050)",Unfall 72921 (2020) Kat:3, Licht: 0,72921,3,2,2,12,09,5,1,0,0,1,0,0
"POINT (9.716115587000047 52.440745332000063)",Unfall 72924 (2020) Kat:3, Licht: 0,72924,3,6,2,12,14,6,0,0,0,1,0,0
"POINT (9.787545709000028 52.390515107000056)",Unfall 72929 (2020) Kat:3, Licht: 0,72929,3,6,2,12,17,5,0,0,0,1,0,0
"POINT (9.712707575000025 52.401738945000034)",Unfall 72938 (2020) Kat:3, Licht: 2,72938,3,6,2,12,17,5,0,2,0,1,0,1
"POINT (9.898762719000047 52.402501416000064)",Unfall 72943 (2020) Kat:3, Licht: 2,72943,3,6,2,12,16,5,0,2,0,1,0,0
"POINT (9.415702193000072 52.428635071000031)",Unfall 72966 (2020) Kat:3, Licht: 0,72966,3,2,2,12,13,2,0,0,0,1,0,0
"POINT (9.700537571000041 52.371675713000059)",Unfall 72988 (2020) Kat:3, Licht: 0,72988,3,6,2,12,10,4,1,0,0,1,0,0
"POINT (9.427041861000021 52.430332015000033)",Unfall 72993 (2020) Kat:3, Licht: 2,72993,3,6,2,12,18,1,1,2,0,1,0,0
"POINT (9.401550141000030 52.454374409000081)",Unfall 72998 (2020) Kat:3, Licht: 2,72998,3,2,5,12,17,3,1,2,0,1,0,0
"POINT (9.792655874000047 52.430378356000062)",Unfall 72999 (2020) Kat:3, Licht: 2,72999,3,6,2,12,16,5,1,2,0,1,0,0
"POINT (9.850880252000025 52.391427223000051)",Unfall 73009 (2020) Kat:2, Licht: 2,73009,2,2,6,12,16,5,1,2,0,1,1,0
"POINT (9.911238591000029 52.357514007000077)",Unfall 73040 (2020) Kat:3, Licht: 2,73040,3,2,4,12,17,3,1,2,0,1,0,0
"POINT (9.820487105000041 52.293572344000040)",Unfall 73041 (2020) Kat:3, Licht: 2,73041,3,2,5,12,07,5,1,2,0,1,0,0
"POINT (9.617556450000052 52.356671880000079)",Unfall 73052 (2020) Kat:3, Licht: 2,73052,3,2,2,12,18,7,0,2,0,1,0,1
"POINT (9.773387073000038 52.371185532000027)",Unfall 73053 (2020) Kat:3, Licht: 0,73053,3,7,0,12,10,6,0,0,0,0,1,0
"POINT (9.860429787000044 52.517355777000034)",Unfall 73055 (2020) Kat:3, Licht: 0,73055,3,2,5,12,12,2,0,0,0,1,0,0
"POINT (9.456866663000028 52.499685547000070)",Unfall 73060 (2020) Kat:3, Licht: 2,73060,3,3,0,12,10,4,1,2,1,1,0,0
"POINT (9.630259436000074 52.503448072000026)",Unfall 73064 (2020) Kat:3, Licht: 2,73064,3,3,5,12,16,7,1,2,0,1,0,0
"POINT (9.466551625000022 52.334315939000078)",Unfall 73066 (2020) Kat:2, Licht: 0,73066,2,6,3,12,10,7,0,0,0,1,0,0
"POINT (9.760201560000041 52.521620091000045)",Unfall 73072 (2020) Kat:3, Licht: 0,73072,3,2,5,12,10,7,1,0,0,1,0,0
"POINT (9.634198627000046 52.354520413000046)",Unfall 73079 (2020) Kat:3, Licht: 2,73079,3,1,8,12,23,4,1,2,0,1,0,0
"POINT (9.820359277000023 52.411542832000066)",Unfall 73080 (2020) Kat:3, Licht: 0,73080,3,6,3,12,14,3,1,0,0,1,0,1
"POINT (9.717139834000022 52.609087957000042)",Unfall 73087 (2020) Kat:3, Licht: 0,73087,3,2,5,12,15,3,1,0,0,1,0,0
"POINT (9.924851206000028 52.366300443000057)",Unfall 73092 (2020) Kat:3, Licht: 2,73092,3,3,5,12,17,7,1,2,0,1,0,0
"POINT (9.786323934000052 52.372228895000035)",Unfall 73093 (2020) Kat:3, Licht: 0,73093,3,7,6,12,13,6,0,0,0,0,1,0
"POINT (9.836986572000058 52.421218804000034)",Unfall 73102 (2020) Kat:3, Licht: 2,73102,3,6,2,12,17,7,0,2,0,1,0,0
"POINT (9.675408313000048 52.377125149000051)",Unfall 73112 (2020) Kat:3, Licht: 0,73112,3,2,5,12,12,4,0,0,1,1,0,0
"POINT (9.872508886000048 52.310674533000054)",Unfall 73113 (2020) Kat:3, Licht: 1,73113,3,2,5,12,16,7,0,1,0,1,0,0
"POINT (9.779444174000048 52.327640572000064)",Unfall 73115 (2020) Kat:3, Licht: 2,73115,3,2,2,12,07,4,1,2,0,1,0,0
"POINT (9.625184413000056 52.393923524000058)",Unfall 73116 (2020) Kat:2, Licht: 0,73116,2,3,5,12,14,6,0,0,0,1,0,1
"POINT (9.740309164000053 52.607658723000043)",Unfall 73119 (2020) Kat:3, Licht: 0,73119,3,6,2,12,09,4,1,0,0,1,0,0
"POINT (9.776084472000036 52.371120796000071)",Unfall 73124 (2020) Kat:3, Licht: 1,73124,3,3,5,12,15,5,0,1,1,1,0,0
"POINT (9.464820001000021 52.337737927000035)",Unfall 73125 (2020) Kat:2, Licht: 0,73125,2,6,4,12,08,3,1,0,0,1,0,0
"POINT (9.719744691000074 52.367640303000030)",Unfall 73135 (2020) Kat:3, Licht: 0,73135,3,1,0,12,11,2,1,0,1,0,0,0
"POINT (9.787559964000025 52.372109697000042)",Unfall 73140 (2020) Kat:3, Licht: 0,73140,3,1,0,12,12,5,1,0,1,0,0,0
"POINT (9.734023632000060 52.387101954000059)",Unfall 73141 (2020) Kat:3, Licht: 0,73141,3,2,4,12,11,2,1,0,1,1,0,0
"POINT (9.734901169000068 52.391494184000067)",Unfall 73144 (2020) Kat:3, Licht: 0,73144,3,7,0,12,12,7,0,0,0,1,0,0
"POINT (9.733378611000035 52.417823991000034)",Unfall 73150 (2020) Kat:3, Licht: 2,73150,3,2,4,12,07,2,1,2,1,1,0,0
"POINT (9.738191609000069 52.610224412000036)",Unfall 73155 (2020) Kat:3, Licht: 0,73155,3,6,2,12,13,2,1,0,0,1,0,0
"POINT (9.456992595000031 52.500945076000050)",Unfall 73177 (2020) Kat:3, Licht: 2,73177,3,7,0,12,07,5,0,2,1,1,0,0
"POINT (9.689624773000048 52.553536731000065)",Unfall 73192 (2020) Kat:3, Licht: 0,73192,3,3,5,12,13,7,0,0,0,1,0,0
"POINT (9.984670633000064 52.373409744000071)",Unfall 73195 (2020) Kat:3, Licht: 2,73195,3,7,0,12,21,3,1,2,1,0,0,0
"POINT (9.785778138000069 52.566044224000052)",Unfall 73207 (2020) Kat:3, Licht: 2,73207,3,6,2,12,17,3,1,2,0,1,0,0
"POINT (9.441452981000055 52.311143261000041)",Unfall 73209 (2020) Kat:2, Licht: 2,73209,2,1,8,12,04,2,1,2,0,1,0,0
"POINT (9.594380533000049 52.381322237000063)",Unfall 73218 (2020) Kat:1, Licht: 2,73218,1,1,8,12,22,1,1,2,0,1,0,0
"POINT (9.672395566000034 52.238796951000040)",Unfall 73223 (2020) Kat:3, Licht: 1,73223,3,3,5,12,19,3,1,1,0,1,0,0
"POINT (9.797437799000022 52.346827978000078)",Unfall 73224 (2020) Kat:3, Licht: 0,73224,3,6,3,12,08,5,1,0,0,1,0,0
"POINT (9.976909254000077 52.373281033000069)",Unfall 73231 (2020) Kat:2, Licht: 0,73231,2,4,6,12,12,4,0,0,0,1,1,0
"POINT (9.725375916000075 52.380387996000081)",Unfall 73238 (2020) Kat:3, Licht: 0,73238,3,6,2,12,11,2,1,0,0,1,0,0
"POINT (10.184003918000030 52.465394448000040)",Unfall 73246 (2020) Kat:3, Licht: 0,73246,3,3,5,12,11,6,0,0,0,1,0,0
"POINT (9.758941063000066 52.427054506000047)",Unfall 73248 (2020) Kat:3, Licht: 0,73248,3,7,8,12,09,1,1,0,0,1,0,0
"POINT (9.699255784000059 52.442379679000055)",Unfall 73250 (2020) Kat:3, Licht: 2,73250,3,6,2,12,16,4,1,2,0,1,0,0
"POINT (9.663936088000071 52.384416090000059)",Unfall 73251 (2020) Kat:2, Licht: 0,73251,2,4,6,12,08,3,0,0,0,1,1,0
"POINT (9.830349798000043 52.422943778000047)",Unfall 73255 (2020) Kat:3, Licht: 2,73255,3,6,3,12,16,3,1,2,0,1,0,0
"POINT (9.736773118000031 52.368392856000071)",Unfall 73262 (2020) Kat:3, Licht: 0,73262,3,2,3,12,14,3,1,0,1,1,0,0
"POINT (9.779382901000076 52.249687412000071)",Unfall 73268 (2020) Kat:3, Licht: 0,73268,3,6,2,12,08,6,0,0,0,1,0,0
"POINT (10.119969281000067 52.361148235000030)",Unfall 73285 (2020) Kat:3, Licht: 2,73285,3,3,5,12,21,2,0,2,0,1,0,0
"POINT (9.936060991000034 52.392942626000035)",Unfall 73287 (2020) Kat:2, Licht: 0,73287,2,6,2,12,15,5,0,0,0,0,0,0
"POINT (10.022307838000074 52.515706293000051)",Unfall 73288 (2020) Kat:2, Licht: 0,73288,2,7,1,12,13,3,1,0,0,1,0,0
"POINT (9.698390139000026 52.417290103000028)",Unfall 73303 (2020) Kat:3, Licht: 2,73303,3,6,2,12,18,5,0,2,0,1,0,0
"POINT (9.768232795000074 52.338663015000066)",Unfall 73312 (2020) Kat:3, Licht: 0,73312,3,5,1,12,13,2,1,0,0,1,0,0
"POINT (9.652233171000034 52.424890272000027)",Unfall 73333 (2020) Kat:3, Licht: 0,73333,3,6,3,12,13,4,0,0,0,1,0,0
"POINT (9.926723691000063 52.449247310000032)",Unfall 73338 (2020) Kat:2, Licht: 0,73338,2,7,8,12,12,1,1,0,0,1,0,0
"POINT (9.725375916000075 52.380387996000081)",Unfall 73343 (2020) Kat:3, Licht: 0,73343,3,2,3,12,09,3,0,0,0,1,0,1
"POINT (9.857153399000026 52.432542850000061)",Unfall 73344 (2020) Kat:3, Licht: 1,73344,3,3,5,12,07,5,1,1,1,1,0,0
"POINT (9.448521580000033 52.438889749000055)",Unfall 73351 (2020) Kat:3, Licht: 0,73351,3,6,2,12,09,4,1,0,0,1,0,0
"POINT (10.177499531000024 52.420415929000058)",Unfall 73357 (2020) Kat:3, Licht: 2,73357,3,1,9,12,06,7,2,2,0,1,0,0
"POINT (9.625750661000041 52.291377624000063)",Unfall 73377 (2020) Kat:3, Licht: 0,73377,3,2,2,12,08,3,1,0,0,1,0,0
"POINT (9.878783479000049 52.435514539000053)",Unfall 73381 (2020) Kat:3, Licht: 2,73381,3,1,9,12,18,3,1,2,0,1,0,0
"POINT (9.442776499000047 52.504548458000045)",Unfall 73384 (2020) Kat:3, Licht: 1,73384,3,3,5,12,15,3,1,1,1,1,0,0
"POINT (9.649708681000050 52.424250527000027)",Unfall 73385 (2020) Kat:3, Licht: 2,73385,3,3,0,12,07,5,1,2,0,1,0,0
"POINT (9.794987486000025 52.312744126000041)",Unfall 73393 (2020) Kat:3, Licht: 0,73393,3,7,0,12,07,3,1,0,1,0,0,0
"POINT (9.427581220000036 52.331613005000065)",Unfall 73398 (2020) Kat:3, Licht: 2,73398,3,1,9,12,00,2,1,2,0,1,0,0
"POINT (9.724846513000045 52.376829131000079)",Unfall 73401 (2020) Kat:3, Licht: 1,73401,3,6,2,12,15,3,1,1,0,1,0,0
"POINT (9.741242419000059 52.319947431000060)",Unfall 73406 (2020) Kat:2, Licht: 2,73406,2,7,8,12,18,6,0,2,0,1,0,0
"POINT (9.863799133000043 52.374955575000058)",Unfall 73410 (2020) Kat:1, Licht: 0,73410,1,3,5,12,11,4,1,0,1,0,0,0
"POINT (9.774431676000063 52.576480230000072)",Unfall 73411 (2020) Kat:3, Licht: 1,73411,3,7,1,12,08,3,0,1,0,0,0,0
"POINT (9.679579648000072 52.359484157000054)",Unfall 73421 (2020) Kat:3, Licht: 2,73421,3,1,0,12,19,4,1,2,1,0,0,0
"POINT (9.624869591000049 52.291138292000028)",Unfall 73422 (2020) Kat:2, Licht: 2,73422,2,1,8,12,20,3,1,2,0,1,0,0
"POINT (9.487745908000022 52.307390642000030)",Unfall 73428 (2020) Kat:3, Licht: 0,73428,3,1,0,12,14,3,1,0,0,0,0,1
"POINT (9.697160467000060 52.341737368000054)",Unfall 73434 (2020) Kat:3, Licht: 1,73434,3,2,5,12,16,6,0,1,0,1,0,0
"POINT (9.689726816000075 52.262075283000058)",Unfall 73462 (2020) Kat:2, Licht: 0,73462,2,6,9,12,09,3,1,0,0,1,0,0
"POINT (9.707514006000054 52.279485075000082)",Unfall 73472 (2020) Kat:3, Licht: 0,73472,3,3,5,12,13,2,0,0,0,1,0,0
"POINT (9.879911281000034 52.508813962000033)",Unfall 73478 (2020) Kat:3, Licht: 2,73478,3,3,5,12,17,2,0,2,0,1,0,1
"POINT (9.804819657000053 52.456983129000037)",Unfall 73481 (2020) Kat:3, Licht: 2,73481,3,6,2,12,17,7,0,2,0,1,0,0
"POINT (9.618574603000070 52.428639890000056)",Unfall 73500 (2020) Kat:3, Licht: 1,73500,3,6,2,12,16,1,1,1,0,1,0,0
"POINT (9.442261117000044 52.416795298000068)",Unfall 73505 (2020) Kat:3, Licht: 2,73505,3,2,6,12,17,3,1,2,0,1,1,0
"POINT (9.609925003000058 52.344546696000066)",Unfall 73648 (2020) Kat:3, Licht: 0,73648,3,6,2,12,09,5,1,0,0,1,0,0
"POINT (9.723910570000044 52.555408076000049)",Unfall 73665 (2020) Kat:3, Licht: 2,73665,3,6,2,12,17,4,1,2,1,1,0,0
"POINT (9.560647072000052 52.421638031000043)",Unfall 73666 (2020) Kat:3, Licht: 2,73666,3,6,9,12,23,4,1,2,0,1,0,0
"POINT (9.694387293000034 52.419765977000054)",Unfall 73667 (2020) Kat:3, Licht: 2,73667,3,4,6,12,17,4,0,2,0,0,1,0
"POINT (9.810669735000033 52.382420219000039)",Unfall 73668 (2020) Kat:3, Licht: 0,73668,3,1,0,12,12,4,0,0,0,0,0,1
"POINT (9.850312629000030 52.391658561000042)",Unfall 73708 (2020) Kat:3, Licht: 0,73708,3,3,5,12,15,2,0,0,1,1,0,0
"POINT (9.476009632000057 52.511044513000058)",Unfall 73709 (2020) Kat:3, Licht: 0,73709,3,1,1,12,14,2,0,0,0,1,0,0
"POINT (9.434838307000064 52.380476541000064)",Unfall 73710 (2020) Kat:1, Licht: 0,73710,1,1,9,12,12,2,0,0,0,1,0,0
"POINT (9.816013683000051 52.460642085000075)",Unfall 73711 (2020) Kat:3, Licht: 2,73711,3,4,6,12,19,2,1,2,0,1,1,0
"POINT (9.691081279000059 52.376858924000032)",Unfall 73712 (2020) Kat:3, Licht: 2,73712,3,1,8,12,19,2,0,2,0,0,0,1
"POINT (9.735819664000076 52.399619697000048)",Unfall 73727 (2020) Kat:3, Licht: 2,73727,3,6,2,12,17,1,1,2,0,1,0,0
"POINT (9.643554918000064 52.445617785000081)",Unfall 73728 (2020) Kat:3, Licht: 0,73728,3,7,0,12,10,1,0,0,1,0,0,0
"POINT (9.615541120000046 52.430094254000039)",Unfall 73729 (2020) Kat:2, Licht: 2,73729,2,2,2,12,18,1,1,2,0,1,0,0
"POINT (9.651241171000038 52.420272059000069)",Unfall 73741 (2020) Kat:3, Licht: 0,73741,3,7,0,12,13,7,0,0,1,0,0,0
"POINT (9.840400807000037 52.354969791000030)",Unfall 73742 (2020) Kat:2, Licht: 2,73742,2,7,2,12,17,7,0,2,0,1,0,0
"POINT (9.452981755000053 52.446075947000054)",Unfall 73770 (2020) Kat:3, Licht: 0,73770,3,1,8,12,13,5,1,0,0,1,0,0
"POINT (9.868550426000070 52.311210474000063)",Unfall 73771 (2020) Kat:3, Licht: 0,73771,3,1,9,12,15,5,1,0,0,0,0,0
"POINT (9.760548638000046 52.371221703000060)",Unfall 191859 (2020) Kat:3, Licht: 0,191859,3,7,1,01,11,2,0,0,0,1,0,0
"POINT (9.738204074000066 52.369601250000073)",Unfall 191863 (2020) Kat:2, Licht: 2,191863,2,2,5,01,18,2,0,2,1,0,0,1
"POINT (9.693853859000058 52.343141292000041)",Unfall 191866 (2020) Kat:3, Licht: 2,191866,3,2,0,01,17,2,1,2,0,0,0,0
"POINT (9.748897631000034 52.358171584000047)",Unfall 191867 (2020) Kat:3, Licht: 1,191867,3,7,0,01,16,6,1,1,1,0,0,0
"POINT (9.718441300000052 52.375414547000048)",Unfall 191870 (2020) Kat:3, Licht: 0,191870,3,3,5,01,11,6,0,0,0,1,0,0
"POINT (9.726889701000062 52.370108431000062)",Unfall 191875 (2020) Kat:3, Licht: 0,191875,3,7,6,01,10,6,1,0,0,1,1,0
"POINT (9.676616583000055 52.415988791000075)",Unfall 191886 (2020) Kat:3, Licht: 1,191886,3,5,0,01,16,7,0,1,0,1,0,0
"POINT (9.427614571000049 52.427220597000030)",Unfall 191887 (2020) Kat:3, Licht: 0,191887,3,3,5,01,15,3,0,0,1,1,0,0
"POINT (9.362331478000044 52.455988898000044)",Unfall 191889 (2020) Kat:2, Licht: 1,191889,2,1,0,01,08,1,2,1,1,0,0,0
"POINT (9.460611077000067 52.511770361000060)",Unfall 191891 (2020) Kat:3, Licht: 0,191891,3,1,0,01,08,1,2,0,1,0,0,0
"POINT (9.730196799000055 52.368568298000071)",Unfall 191908 (2020) Kat:3, Licht: 0,191908,3,3,5,01,09,2,1,0,1,1,0,0
"POINT (9.716248311000072 52.362686073000077)",Unfall 191923 (2020) Kat:3, Licht: 0,191923,3,3,5,01,12,7,1,0,1,1,0,0
"POINT (9.676575612000022 52.365562950000026)",Unfall 191927 (2020) Kat:3, Licht: 0,191927,3,3,5,01,11,7,0,0,1,1,0,0
"POINT (9.727411880000034 52.326217462000045)",Unfall 191934 (2020) Kat:3, Licht: 1,191934,3,3,5,01,12,7,1,1,0,0,0,1
"POINT (9.450115071000028 52.510469640000053)",Unfall 191938 (2020) Kat:2, Licht: 2,191938,2,2,6,01,17,7,1,2,0,1,1,0
"POINT (9.698344593000059 52.391788996000059)",Unfall 191948 (2020) Kat:3, Licht: 0,191948,3,6,2,01,13,5,1,0,0,1,0,0
"POINT (9.717092486000070 52.341865429000052)",Unfall 191954 (2020) Kat:3, Licht: 2,191954,3,3,5,01,17,5,1,2,0,1,0,0
"POINT (9.719668672000069 52.367448464000063)",Unfall 191957 (2020) Kat:3, Licht: 1,191957,3,5,1,01,17,5,1,1,0,1,0,0
"POINT (9.568106943000032 52.212872271000037)",Unfall 191960 (2020) Kat:3, Licht: 1,191960,3,1,5,01,16,5,1,1,0,1,0,0
"POINT (9.750887198000044 52.410531159000072)",Unfall 191966 (2020) Kat:3, Licht: 2,191966,3,7,0,01,19,5,1,2,0,0,0,1
"POINT (9.812676331000034 52.306141391000040)",Unfall 191970 (2020) Kat:2, Licht: 2,191970,2,3,6,01,17,5,0,2,0,1,1,0
"POINT (9.823888057000033 52.383535393000045)",Unfall 191973 (2020) Kat:3, Licht: 0,191973,3,3,5,01,07,6,0,0,1,1,0,0
"POINT (9.735001308000051 52.372739813000067)",Unfall 191974 (2020) Kat:3, Licht: 0,191974,3,7,6,01,11,5,1,0,0,1,1,0
"POINT (9.466562991000046 52.504316558000028)",Unfall 191975 (2020) Kat:3, Licht: 1,191975,3,2,4,01,07,2,1,1,1,1,0,0
"POINT (9.795755515000053 52.376451471000053)",Unfall 191976 (2020) Kat:3, Licht: 0,191976,3,1,0,01,15,6,1,0,1,0,0,0
"POINT (9.792429381000034 52.399916516000076)",Unfall 191977 (2020) Kat:3, Licht: 2,191977,3,3,5,01,07,6,0,2,0,1,0,0
"POINT (9.742474009000034 52.386258519000080)",Unfall 191978 (2020) Kat:3, Licht: 0,191978,3,2,4,01,09,6,0,0,1,1,0,0
"POINT (9.579230763000055 52.275406815000053)",Unfall 191982 (2020) Kat:3, Licht: 0,191982,3,3,5,01,12,6,0,0,1,1,0,0
"POINT (9.590529932000038 52.419564451000042)",Unfall 191984 (2020) Kat:3, Licht: 2,191984,3,3,5,01,19,6,1,2,1,1,0,0
"POINT (9.582161047000056 52.422259927000027)",Unfall 191986 (2020) Kat:3, Licht: 2,191986,3,5,1,01,18,6,1,2,0,0,0,0
"POINT (9.603652045000047 52.426123052000037)",Unfall 191987 (2020) Kat:3, Licht: 2,191987,3,2,4,01,19,6,1,2,0,1,0,0
"POINT (9.610428175000038 52.416261315000042)",Unfall 191988 (2020) Kat:3, Licht: 2,191988,3,6,2,01,01,6,0,2,0,1,0,0
"POINT (9.794949736000035 52.333330972000056)",Unfall 191992 (2020) Kat:3, Licht: 1,191992,3,7,7,01,07,3,1,1,0,0,0,1
"POINT (9.814375314000074 52.380743924000058)",Unfall 192011 (2020) Kat:3, Licht: 0,192011,3,3,5,01,10,5,0,0,1,1,0,0
"POINT (9.668734203000042 52.414768313000081)",Unfall 192013 (2020) Kat:3, Licht: 0,192013,3,2,4,01,16,2,1,0,0,1,0,1
"POINT (9.806312936000040 52.425981820000061)",Unfall 192014 (2020) Kat:3, Licht: 0,192014,3,3,5,01,08,5,0,0,1,1,0,0
"POINT (9.738755736000030 52.381664886000067)",Unfall 192015 (2020) Kat:3, Licht: 2,192015,3,6,2,01,20,5,0,2,0,1,0,0
"POINT (9.465513232000035 52.305631980000044)",Unfall 192016 (2020) Kat:3, Licht: 0,192016,3,6,4,01,12,5,0,0,0,1,0,0
"POINT (9.836835730000075 52.432307032000040)",Unfall 192018 (2020) Kat:3, Licht: 0,192018,3,2,5,01,13,5,0,0,1,1,0,0
"POINT (10.186946743000021 52.460102029000041)",Unfall 192019 (2020) Kat:3, Licht: 0,192019,3,1,0,01,15,5,2,0,1,0,0,0
"POINT (9.727558455000064 52.376883152000062)",Unfall 192022 (2020) Kat:3, Licht: 2,192022,3,5,1,01,19,5,0,2,1,1,0,0
"POINT (9.705912096000077 52.403332337000052)",Unfall 192025 (2020) Kat:3, Licht: 1,192025,3,3,5,01,15,5,0,1,1,1,0,0
"POINT (9.482999647000042 52.311915623000061)",Unfall 192027 (2020) Kat:3, Licht: 0,192027,3,1,9,01,09,5,2,0,0,1,0,0
"POINT (9.601549621000061 52.435564460000080)",Unfall 192043 (2020) Kat:3, Licht: 2,192043,3,2,4,01,19,3,0,2,1,1,0,0
"POINT (9.708199341000068 52.373197595000079)",Unfall 192052 (2020) Kat:3, Licht: 0,192052,3,7,0,01,13,4,1,0,1,0,0,0
"POINT (9.699887361000037 52.368821479000076)",Unfall 192058 (2020) Kat:3, Licht: 0,192058,3,6,2,01,14,4,1,0,0,1,0,0
"POINT (9.806624662000047 52.307953777000080)",Unfall 192061 (2020) Kat:3, Licht: 2,192061,3,2,6,01,18,4,1,2,0,1,1,0
"POINT (9.747836926000048 52.373972190000075)",Unfall 192062 (2020) Kat:3, Licht: 0,192062,3,2,5,01,12,2,0,0,1,1,0,0
"POINT (9.781681737000042 52.415603104000070)",Unfall 192066 (2020) Kat:3, Licht: 1,192066,3,2,5,01,07,4,1,1,0,1,0,0
"POINT (9.720884670000032 52.375844118000032)",Unfall 192071 (2020) Kat:3, Licht: 2,192071,3,6,4,01,20,4,1,2,1,0,0,0
"POINT (9.788409285000057 52.331092035000040)",Unfall 192074 (2020) Kat:3, Licht: 2,192074,3,4,6,01,18,4,1,2,0,0,1,0
"POINT (9.691211636000048 52.418662602000040)",Unfall 192094 (2020) Kat:3, Licht: 0,192094,3,6,2,01,15,4,0,0,0,1,0,0
"POINT (9.483283000000029 52.311674319000076)",Unfall 192099 (2020) Kat:1, Licht: 2,192099,1,6,4,01,06,4,0,2,0,1,0,0
"POINT (9.820680111000058 52.382597236000038)",Unfall 192106 (2020) Kat:3, Licht: 2,192106,3,7,0,01,18,3,0,2,0,1,0,0
"POINT (9.724193221000064 52.363682135000033)",Unfall 192113 (2020) Kat:3, Licht: 0,192113,3,3,5,01,15,6,0,0,1,1,0,0
"POINT (9.769112851000045 52.358424689000060)",Unfall 192114 (2020) Kat:3, Licht: 2,192114,3,4,2,01,19,4,0,2,0,1,1,0
"POINT (9.716214062000063 52.362296866000065)",Unfall 192119 (2020) Kat:3, Licht: 2,192119,3,7,9,01,02,7,0,2,1,0,0,0
"POINT (9.548665556000060 52.207862789000046)",Unfall 192129 (2020) Kat:3, Licht: 0,192129,3,1,0,01,09,6,2,0,1,0,0,0
"POINT (9.753523592000022 52.376516963000029)",Unfall 192131 (2020) Kat:3, Licht: 0,192131,3,7,0,01,15,5,0,0,1,0,0,0
"POINT (9.700787636000030 52.391458400000033)",Unfall 192140 (2020) Kat:3, Licht: 2,192140,3,3,5,01,20,2,0,2,1,1,0,0
"POINT (9.749750216000052 52.372973360000060)",Unfall 192159 (2020) Kat:3, Licht: 1,192159,3,2,4,01,16,3,0,1,1,1,0,0
"POINT (9.746135246000051 52.393226533000075)",Unfall 192164 (2020) Kat:3, Licht: 1,192164,3,2,5,01,07,6,0,1,1,1,0,0
"POINT (9.721662314000071 52.387325862000068)",Unfall 192168 (2020) Kat:3, Licht: 0,192168,3,7,0,01,08,4,1,0,1,0,0,0
"POINT (9.738959635000072 52.394425611000031)",Unfall 192170 (2020) Kat:3, Licht: 0,192170,3,7,8,01,10,3,0,0,0,1,0,0
"POINT (9.738317016000053 52.373243298000034)",Unfall 192176 (2020) Kat:3, Licht: 0,192176,3,6,6,01,12,6,0,0,0,0,1,0
"POINT (9.734924844000034 52.380161814000076)",Unfall 192178 (2020) Kat:3, Licht: 0,192178,3,6,3,01,10,5,0,0,1,0,0,0
"POINT (9.747117564000064 52.376323233000051)",Unfall 192192 (2020) Kat:3, Licht: 0,192192,3,3,5,01,08,2,0,0,1,1,0,0
"POINT (9.669019200000037 52.371463638000080)",Unfall 192205 (2020) Kat:3, Licht: 1,192205,3,7,0,01,17,5,0,1,0,0,1,0
"POINT (9.430732983000041 52.429784692000055)",Unfall 192210 (2020) Kat:3, Licht: 0,192210,3,7,0,01,15,3,0,0,0,1,0,0
"POINT (9.847089155000049 52.490515904000063)",Unfall 192219 (2020) Kat:3, Licht: 0,192219,3,3,5,01,09,4,1,0,1,1,0,0
"POINT (9.703517386000044 52.374730381000063)",Unfall 192225 (2020) Kat:3, Licht: 0,192225,3,6,6,01,13,7,0,0,0,1,1,0
"POINT (9.764218950000043 52.368334718000028)",Unfall 192231 (2020) Kat:3, Licht: 1,192231,3,4,0,01,16,5,0,1,1,0,1,0
"POINT (9.807114893000062 52.388548577000051)",Unfall 192233 (2020) Kat:3, Licht: 2,192233,3,6,2,01,17,3,0,2,0,1,0,0
"POINT (9.548900734000029 52.208009587000049)",Unfall 192234 (2020) Kat:3, Licht: 0,192234,3,1,0,01,09,6,2,0,1,0,0,0
"POINT (9.806997863000049 52.362913434000063)",Unfall 192236 (2020) Kat:3, Licht: 0,192236,3,3,0,01,13,5,0,0,1,1,0,0
"POINT (9.754316723000045 52.368366168000080)",Unfall 192239 (2020) Kat:3, Licht: 1,192239,3,3,5,01,08,3,0,1,1,1,0,0
"POINT (9.804114723000055 52.467473385000062)",Unfall 192246 (2020) Kat:3, Licht: 2,192246,3,3,0,01,05,2,0,2,1,1,0,0
"POINT (9.804824320000023 52.378009897000027)",Unfall 192248 (2020) Kat:3, Licht: 0,192248,3,3,5,01,13,3,0,0,1,1,0,0
"POINT (9.739821034000045 52.382944731000066)",Unfall 192253 (2020) Kat:2, Licht: 2,192253,2,5,1,01,07,3,0,2,1,1,0,0
"POINT (9.803199955000025 52.396514997000054)",Unfall 192269 (2020) Kat:3, Licht: 0,192269,3,2,5,01,09,6,0,0,1,1,0,0
"POINT (9.731296269000040 52.336311879000050)",Unfall 192270 (2020) Kat:3, Licht: 0,192270,3,6,3,01,09,4,1,0,1,1,0,0
"POINT (9.834150324000063 52.348841546000074)",Unfall 192276 (2020) Kat:2, Licht: 0,192276,2,3,5,01,14,3,0,0,1,1,0,0
"POINT (9.724637819000066 52.344953708000048)",Unfall 192282 (2020) Kat:3, Licht: 0,192282,3,3,5,01,12,6,0,0,1,1,0,0
"POINT (9.740054047000058 52.402108221000049)",Unfall 192285 (2020) Kat:3, Licht: 0,192285,3,3,2,01,13,5,0,0,1,1,0,0
"POINT (9.734987636000028 52.370084780000070)",Unfall 192297 (2020) Kat:3, Licht: 2,192297,3,3,5,01,07,2,0,2,1,1,0,0
"POINT (9.798702046000074 52.308418108000069)",Unfall 192306 (2020) Kat:3, Licht: 2,192306,3,7,0,01,18,2,0,2,0,1,0,0
"POINT (9.791818254000077 52.334988907000081)",Unfall 192311 (2020) Kat:3, Licht: 2,192311,3,3,5,01,06,3,1,2,1,1,0,0
"POINT (9.660167695000041 52.167844732000049)",Unfall 192317 (2020) Kat:3, Licht: 0,192317,3,5,1,01,15,6,0,0,0,1,0,1
"POINT (9.461240063000048 52.500274177000051)",Unfall 192322 (2020) Kat:3, Licht: 0,192322,3,3,5,01,14,4,1,0,1,1,0,0
"POINT (9.674461214000075 52.408227200000056)",Unfall 192324 (2020) Kat:3, Licht: 0,192324,3,3,5,01,10,3,0,0,0,1,0,0
"POINT (9.764661994000051 52.287005757000031)",Unfall 192332 (2020) Kat:3, Licht: 0,192332,3,7,6,01,10,5,0,0,0,1,1,0
"POINT (9.758838038000022 52.362468044000082)",Unfall 192334 (2020) Kat:3, Licht: 0,192334,3,2,4,01,14,5,0,0,1,1,0,0
"POINT (9.616867147000050 52.424172287000033)",Unfall 192339 (2020) Kat:3, Licht: 2,192339,3,2,5,01,17,4,0,2,1,1,0,0
"POINT (9.749278310000022 52.273354928000060)",Unfall 192345 (2020) Kat:3, Licht: 2,192345,3,2,2,01,07,2,0,2,1,1,0,0
"POINT (9.733797026000048 52.369316991000062)",Unfall 192348 (2020) Kat:3, Licht: 2,192348,3,6,2,01,20,7,0,2,0,1,0,0
"POINT (9.748092006000036 52.433759799000029)",Unfall 192354 (2020) Kat:3, Licht: 0,192354,3,3,5,01,12,7,0,0,1,1,0,0
"POINT (9.754903768000077 52.376949085000035)",Unfall 192363 (2020) Kat:3, Licht: 0,192363,3,5,0,02,14,2,1,0,0,1,0,0
"POINT (9.795749155000067 52.327281431000074)",Unfall 192378 (2020) Kat:3, Licht: 0,192378,3,6,0,01,14,6,0,0,0,1,0,0
"POINT (9.730531271000075 52.374851596000042)",Unfall 192380 (2020) Kat:3, Licht: 2,192380,3,6,2,01,19,6,0,2,0,1,0,0
"POINT (9.425416097000039 52.423950680000075)",Unfall 192382 (2020) Kat:3, Licht: 0,192382,3,4,6,01,11,6,0,0,0,1,1,0
"POINT (9.457451809000077 52.504860500000063)",Unfall 192383 (2020) Kat:3, Licht: 0,192383,3,7,8,01,15,6,0,0,0,0,0,0
"POINT (9.662049183000022 52.448478644000033)",Unfall 192384 (2020) Kat:3, Licht: 2,192384,3,2,5,01,08,6,0,2,1,1,0,0
"POINT (9.755725524000070 52.434689964000029)",Unfall 192385 (2020) Kat:3, Licht: 0,192385,3,3,5,01,10,6,0,0,0,1,0,0
"POINT (9.733741289000022 52.399753641000075)",Unfall 192386 (2020) Kat:3, Licht: 2,192386,3,3,5,01,17,6,0,2,1,1,0,0
"POINT (9.789999833000024 52.559258233000037)",Unfall 192388 (2020) Kat:3, Licht: 0,192388,3,6,2,01,11,6,0,0,0,1,0,0
"POINT (9.738961254000060 52.446424101000048)",Unfall 192403 (2020) Kat:3, Licht: 0,192403,3,5,1,02,13,2,1,0,0,1,0,0
"POINT (9.746901088000072 52.382599114000072)",Unfall 192421 (2020) Kat:3, Licht: 1,192421,3,3,5,01,16,5,0,1,1,1,0,0
"POINT (9.745488496000064 52.374186735000080)",Unfall 192422 (2020) Kat:3, Licht: 0,192422,3,1,0,01,14,5,0,0,0,0,0,0
"POINT (9.710460204000071 52.371257644000082)",Unfall 192454 (2020) Kat:3, Licht: 0,192454,3,1,0,02,15,2,1,0,0,0,0,1
"POINT (9.736182072000077 52.362678337000034)",Unfall 192461 (2020) Kat:3, Licht: 2,192461,3,1,0,01,16,4,1,2,1,0,0,0
"POINT (9.683652254000037 52.408804804000056)",Unfall 192464 (2020) Kat:3, Licht: 2,192464,3,6,2,01,21,4,1,2,0,1,0,0
"POINT (9.728555467000035 52.394622134000031)",Unfall 192466 (2020) Kat:2, Licht: 2,192466,2,2,5,01,22,4,1,2,0,1,0,1
"POINT (9.742615584000021 52.325474453000027)",Unfall 192468 (2020) Kat:2, Licht: 2,192468,2,4,6,01,18,4,1,2,0,1,1,0
"POINT (9.819681309000032 52.321243203000051)",Unfall 192469 (2020) Kat:3, Licht: 0,192469,3,5,1,01,13,4,1,0,0,1,0,0
"POINT (9.738100490000022 52.381831752000039)",Unfall 192471 (2020) Kat:3, Licht: 1,192471,3,2,5,01,07,4,1,1,1,1,0,0
"POINT (9.697180013000036 52.372135323000066)",Unfall 192473 (2020) Kat:3, Licht: 0,192473,3,5,1,01,09,6,0,0,1,1,0,0
"POINT (9.807832368000049 52.399552258000028)",Unfall 192474 (2020) Kat:3, Licht: 2,192474,3,7,6,01,17,6,0,2,1,0,1,0
"POINT (9.736621659000036 52.371176429000059)",Unfall 192477 (2020) Kat:2, Licht: 0,192477,2,2,5,02,10,1,1,0,0,1,0,0
"POINT (9.740784118000022 52.383474183000033)",Unfall 192482 (2020) Kat:3, Licht: 2,192482,3,7,5,01,18,6,0,2,0,1,0,0
"POINT (9.781056938000063 52.400084486000026)",Unfall 192485 (2020) Kat:3, Licht: 0,192485,3,2,4,01,14,6,0,0,0,1,0,0
"POINT (9.430483069000047 52.423112740000079)",Unfall 192490 (2020) Kat:3, Licht: 1,192490,3,2,5,01,17,6,0,1,1,1,0,0
"POINT (9.462666247000072 52.509369552000067)",Unfall 192496 (2020) Kat:3, Licht: 0,192496,3,2,2,01,07,6,1,0,0,1,0,0
"POINT (9.715017898000042 52.364873319000026)",Unfall 192502 (2020) Kat:3, Licht: 2,192502,3,2,5,01,21,3,1,2,1,1,0,0
"POINT (9.806950196000059 52.420112680000045)",Unfall 192504 (2020) Kat:3, Licht: 0,192504,3,5,4,01,12,3,1,0,0,1,0,0
"POINT (9.451332583000067 52.418941425000071)",Unfall 192505 (2020) Kat:3, Licht: 0,192505,3,3,5,01,16,3,1,0,0,1,0,0
"POINT (9.748495359000060 52.374822569000060)",Unfall 192506 (2020) Kat:3, Licht: 0,192506,3,4,6,01,12,6,0,0,1,0,1,0
"POINT (9.602260521000062 52.416714280000065)",Unfall 192507 (2020) Kat:3, Licht: 0,192507,3,2,5,01,11,3,1,0,1,1,0,0
"POINT (9.680730680000067 52.416130826000028)",Unfall 192508 (2020) Kat:3, Licht: 0,192508,3,3,5,02,08,7,1,0,0,1,0,0
"POINT (9.575215143000037 52.418910544000028)",Unfall 192509 (2020) Kat:3, Licht: 0,192509,3,2,5,01,07,3,1,0,1,1,0,0
"POINT (9.753463734000036 52.376199478000046)",Unfall 192510 (2020) Kat:3, Licht: 1,192510,3,3,5,02,07,2,1,1,1,1,0,0
"POINT (9.705299861000071 52.367045272000041)",Unfall 192511 (2020) Kat:2, Licht: 0,192511,2,1,0,01,14,3,1,0,1,0,0,0
"POINT (9.751050194000072 52.375532262000036)",Unfall 192512 (2020) Kat:2, Licht: 0,192512,2,2,5,01,08,6,0,0,1,1,0,0
"POINT (9.753037652000046 52.377778781000075)",Unfall 192513 (2020) Kat:3, Licht: 2,192513,3,2,5,01,07,3,1,2,1,1,0,0
"POINT (9.701480209000067 52.408686216000035)",Unfall 192514 (2020) Kat:3, Licht: 0,192514,3,3,5,01,07,6,1,0,0,1,0,0
"POINT (9.757933597000033 52.336990085000082)",Unfall 192523 (2020) Kat:3, Licht: 2,192523,3,1,9,02,05,2,1,2,0,1,0,0
"POINT (9.837457509000046 52.387398224000037)",Unfall 192551 (2020) Kat:3, Licht: 1,192551,3,3,5,01,07,2,1,1,1,1,0,0
"POINT (9.721005017000039 52.379456908000066)",Unfall 192553 (2020) Kat:3, Licht: 2,192553,3,3,5,01,23,2,1,2,1,1,0,0
"POINT (9.738306324000064 52.382118200000036)",Unfall 192555 (2020) Kat:3, Licht: 2,192555,3,2,5,01,18,2,1,2,1,1,0,0
"POINT (9.553058859000032 52.211961875000043)",Unfall 192556 (2020) Kat:3, Licht: 0,192556,3,3,5,01,14,2,0,0,1,1,0,0
"POINT (9.759436052000069 52.375858608000044)",Unfall 192557 (2020) Kat:3, Licht: 0,192557,3,5,1,01,11,2,0,0,1,1,0,0
"POINT (9.782564727000022 52.373316242000044)",Unfall 192559 (2020) Kat:3, Licht: 2,192559,3,3,5,01,07,2,1,2,1,1,0,0
"POINT (9.737162164000040 52.384502769000051)",Unfall 192562 (2020) Kat:3, Licht: 2,192562,3,3,0,02,23,2,1,2,1,1,0,0
"POINT (9.741212763000021 52.360334374000047)",Unfall 192577 (2020) Kat:3, Licht: 0,192577,3,3,5,01,09,5,0,0,1,1,0,0
"POINT (9.756154847000062 52.342668496000044)",Unfall 192580 (2020) Kat:3, Licht: 0,192580,3,3,5,01,08,5,0,0,1,1,0,0
"POINT (9.855797530000075 52.394577137000056)",Unfall 192583 (2020) Kat:3, Licht: 0,192583,3,3,5,01,13,1,0,0,0,1,0,0
"POINT (9.757933597000033 52.336990085000082)",Unfall 192587 (2020) Kat:3, Licht: 2,192587,3,6,2,01,17,5,0,2,0,1,0,0
"POINT (9.610307588000069 52.280369885000027)",Unfall 192589 (2020) Kat:3, Licht: 0,192589,3,4,6,01,10,5,0,0,0,1,1,0
"POINT (9.740219640000021 52.440438441000026)",Unfall 192598 (2020) Kat:3, Licht: 0,192598,3,7,6,01,14,5,0,0,1,0,1,0
"POINT (9.820211673000074 52.356182214000057)",Unfall 192606 (2020) Kat:3, Licht: 2,192606,3,1,1,01,20,7,0,2,0,1,0,1
"POINT (10.021507143000065 52.445024112000056)",Unfall 192607 (2020) Kat:3, Licht: 0,192607,3,3,5,01,10,5,0,0,0,1,0,1
"POINT (9.738618230000043 52.382286944000043)",Unfall 192611 (2020) Kat:3, Licht: 2,192611,3,5,1,02,00,5,0,2,0,1,0,0
"POINT (9.545299266000029 52.205904748000080)",Unfall 192616 (2020) Kat:2, Licht: 2,192616,2,3,5,02,18,6,1,2,0,1,0,0
"POINT (10.014607607000073 52.382694383000057)",Unfall 192624 (2020) Kat:3, Licht: 0,192624,3,6,2,02,15,3,1,0,0,1,0,0
"POINT (9.750615945000050 52.375529235000045)",Unfall 192631 (2020) Kat:3, Licht: 2,192631,3,6,2,02,19,4,1,2,0,1,0,0
"POINT (9.750009669000065 52.376544574000036)",Unfall 192640 (2020) Kat:3, Licht: 2,192640,3,2,6,02,19,1,0,2,0,1,1,0
"POINT (9.734859757000038 52.380277307000028)",Unfall 192657 (2020) Kat:3, Licht: 0,192657,3,2,4,02,08,2,1,0,0,1,0,0
"POINT (9.716895980000061 52.335523327000033)",Unfall 192658 (2020) Kat:3, Licht: 2,192658,3,6,2,02,19,5,1,2,0,1,0,0
"POINT (9.756771713000035 52.392567903000042)",Unfall 192659 (2020) Kat:3, Licht: 0,192659,3,2,5,02,10,7,0,0,1,1,0,0
"POINT (9.663043030000040 52.409942651000051)",Unfall 192678 (2020) Kat:3, Licht: 0,192678,3,7,6,02,10,1,0,0,1,0,1,0
"POINT (9.717313966000063 52.364378586000043)",Unfall 192682 (2020) Kat:3, Licht: 1,192682,3,7,6,02,17,4,0,1,0,1,1,0
"POINT (9.740492702000040 52.448179697000057)",Unfall 192683 (2020) Kat:3, Licht: 1,192683,3,2,5,02,17,4,0,1,1,1,0,0
"POINT (9.814167100000077 52.347182837000048)",Unfall 192689 (2020) Kat:3, Licht: 0,192689,3,3,5,02,10,4,0,0,0,1,0,0
"POINT (9.737694065000028 52.399651983000069)",Unfall 192692 (2020) Kat:3, Licht: 2,192692,3,3,5,02,17,4,0,2,1,1,0,0
"POINT (9.739914541000076 52.382995777000076)",Unfall 192697 (2020) Kat:3, Licht: 0,192697,3,6,2,02,08,4,0,0,1,1,0,0
"POINT (9.595834548000028 52.421056812000074)",Unfall 192702 (2020) Kat:3, Licht: 0,192702,3,3,5,02,11,4,0,0,1,1,0,0
"POINT (10.012714183000071 52.449919230000035)",Unfall 192705 (2020) Kat:3, Licht: 0,192705,3,6,6,02,13,6,0,0,1,0,1,0
"POINT (9.749063709000041 52.377798677000044)",Unfall 192708 (2020) Kat:3, Licht: 0,192708,3,3,5,02,14,2,1,0,1,1,0,0
"POINT (9.732492822000040 52.542785301000038)",Unfall 192710 (2020) Kat:3, Licht: 0,192710,3,4,0,02,08,4,0,0,0,1,1,0
"POINT (9.741690492000032 52.380248697000070)",Unfall 192715 (2020) Kat:3, Licht: 0,192715,3,3,5,02,15,3,1,0,1,1,0,0
"POINT (9.763885403000074 52.397261473000071)",Unfall 192719 (2020) Kat:3, Licht: 2,192719,3,3,5,02,19,4,0,2,1,1,0,0
"POINT (9.792424883000024 52.430696958000055)",Unfall 192720 (2020) Kat:3, Licht: 0,192720,3,3,5,02,07,6,1,0,1,1,0,0
"POINT (9.747147551000069 52.385467124000058)",Unfall 192722 (2020) Kat:3, Licht: 2,192722,3,6,3,02,17,4,0,2,1,0,0,0
"POINT (9.693537982000066 52.363354767000033)",Unfall 192724 (2020) Kat:3, Licht: 0,192724,3,2,2,02,13,4,0,0,0,1,0,0
"POINT (10.019361139000068 52.454579087000070)",Unfall 192729 (2020) Kat:3, Licht: 2,192729,3,7,0,02,22,1,0,2,0,0,0,0
"POINT (9.886958261000075 52.281299692000061)",Unfall 192730 (2020) Kat:3, Licht: 0,192730,3,5,1,02,11,4,0,0,1,0,0,0
"POINT (9.702764833000060 52.372073025000077)",Unfall 192738 (2020) Kat:3, Licht: 0,192738,3,3,5,02,08,4,1,0,1,1,0,0
"POINT (9.731065011000055 52.370768478000059)",Unfall 192761 (2020) Kat:3, Licht: 2,192761,3,3,5,02,18,5,0,2,1,1,0,0
"POINT (9.810503951000044 52.382848542000033)",Unfall 192764 (2020) Kat:3, Licht: 2,192764,3,6,2,02,19,2,0,2,0,1,0,0
"POINT (9.764522439000075 52.342700089000061)",Unfall 192766 (2020) Kat:3, Licht: 0,192766,3,6,3,02,13,7,0,0,0,1,0,0
"POINT (9.670623225000043 52.415724204000071)",Unfall 192773 (2020) Kat:3, Licht: 0,192773,3,3,5,02,14,6,1,0,1,1,0,0
"POINT (9.669233215000077 52.351931813000078)",Unfall 192779 (2020) Kat:3, Licht: 1,192779,3,3,5,02,07,5,0,1,1,1,0,0
"POINT (9.750427968000054 52.366058542000076)",Unfall 192783 (2020) Kat:3, Licht: 0,192783,3,7,0,02,07,3,0,0,1,0,0,0
"POINT (9.593415869000069 52.446467925000036)",Unfall 192790 (2020) Kat:3, Licht: 1,192790,3,2,3,02,16,4,1,1,0,1,0,1
"POINT (9.781619658000068 52.416585059000056)",Unfall 192797 (2020) Kat:3, Licht: 2,192797,3,4,6,02,05,1,0,2,0,1,1,0
"POINT (9.794965694000041 52.392944834000048)",Unfall 192803 (2020) Kat:3, Licht: 1,192803,3,2,5,02,07,5,0,1,1,1,0,0
"POINT (9.761130293000065 52.363483959000064)",Unfall 192814 (2020) Kat:3, Licht: 0,192814,3,2,2,02,12,6,0,0,1,1,0,0
"POINT (9.611994006000032 52.407581228000026)",Unfall 192816 (2020) Kat:3, Licht: 0,192816,3,3,5,02,16,2,1,0,0,1,0,1
"POINT (9.465470873000072 52.504161863000036)",Unfall 192817 (2020) Kat:3, Licht: 0,192817,3,6,2,02,12,5,1,0,0,1,0,0
"POINT (9.732299704000070 52.391655149000030)",Unfall 192823 (2020) Kat:3, Licht: 2,192823,3,3,5,02,21,3,1,2,0,1,0,0
"POINT (9.692563607000068 52.396597708000058)",Unfall 192827 (2020) Kat:3, Licht: 2,192827,3,2,4,02,21,3,1,2,0,1,0,0
"POINT (9.806366218000051 52.417224683000029)",Unfall 192829 (2020) Kat:3, Licht: 2,192829,3,3,5,02,07,3,1,2,1,1,0,0
"POINT (9.768155243000024 52.378638494000029)",Unfall 192831 (2020) Kat:3, Licht: 0,192831,3,2,2,02,10,3,0,0,0,1,0,0
"POINT (9.616081759000053 52.418912588000069)",Unfall 192836 (2020) Kat:3, Licht: 2,192836,3,6,2,02,00,1,0,2,0,1,0,0
"POINT (9.717808319000028 52.364480320000041)",Unfall 192837 (2020) Kat:2, Licht: 2,192837,2,4,6,02,18,3,0,2,0,1,1,0
"POINT (9.737533845000030 52.438721133000058)",Unfall 192840 (2020) Kat:2, Licht: 0,192840,2,2,6,02,11,3,0,0,0,1,1,0
"POINT (9.595102487000077 52.425584888000060)",Unfall 192842 (2020) Kat:3, Licht: 0,192842,3,2,5,02,13,5,1,0,1,1,0,0
"POINT (9.783789993000028 52.410197150000045)",Unfall 192844 (2020) Kat:3, Licht: 0,192844,3,1,0,02,07,3,1,0,0,0,0,1
"POINT (9.722342136000066 52.377093514000080)",Unfall 192849 (2020) Kat:3, Licht: 0,192849,3,4,6,02,09,3,1,0,1,0,1,0
"POINT (9.689726541000027 52.364725389000057)",Unfall 192854 (2020) Kat:3, Licht: 0,192854,3,3,5,02,12,2,1,0,1,1,0,0
"POINT (9.797417221000046 52.416467995000062)",Unfall 192863 (2020) Kat:3, Licht: 2,192863,3,3,5,02,17,5,0,2,1,1,0,0
"POINT (9.767522255000074 52.358156305000080)",Unfall 192865 (2020) Kat:3, Licht: 2,192865,3,2,5,02,18,5,0,2,1,1,0,0
"POINT (9.732555611000066 52.376739651000037)",Unfall 192866 (2020) Kat:3, Licht: 1,192866,3,4,6,02,07,2,1,1,0,1,1,0
"POINT (9.817983237000021 52.297345727000049)",Unfall 192886 (2020) Kat:3, Licht: 0,192886,3,3,5,02,08,4,1,0,0,1,0,0
"POINT (9.750907630000029 52.375524177000045)",Unfall 192890 (2020) Kat:3, Licht: 0,192890,3,3,5,02,08,6,0,0,0,1,0,0
"POINT (9.775450034000073 52.396579247000034)",Unfall 192919 (2020) Kat:3, Licht: 0,192919,3,6,2,02,14,5,1,0,0,1,0,0
"POINT (9.727413303000049 52.323120996000057)",Unfall 192922 (2020) Kat:3, Licht: 2,192922,3,3,5,02,18,5,1,2,1,1,0,0
"POINT (9.700633429000050 52.368972200000030)",Unfall 192923 (2020) Kat:3, Licht: 1,192923,3,2,5,02,18,5,0,1,0,1,0,0
"POINT (9.726727133000054 52.388694505000046)",Unfall 192924 (2020) Kat:3, Licht: 1,192924,3,6,4,02,17,5,1,1,1,0,0,0
"POINT (9.746135246000051 52.393226533000075)",Unfall 192937 (2020) Kat:3, Licht: 0,192937,3,2,3,02,17,4,1,0,1,1,0,0
"POINT (9.658121949000076 52.406499188000055)",Unfall 192942 (2020) Kat:3, Licht: 0,192942,3,6,2,02,14,2,1,0,0,1,0,0
"POINT (9.806776461000027 52.388664577000043)",Unfall 192950 (2020) Kat:3, Licht: 2,192950,3,2,6,02,19,2,1,2,0,1,1,0
"POINT (9.759432776000040 52.361623695000048)",Unfall 192953 (2020) Kat:3, Licht: 0,192953,3,2,5,02,12,2,0,0,1,1,0,0
"POINT (9.711836896000023 52.360664158000077)",Unfall 192955 (2020) Kat:3, Licht: 2,192955,3,3,5,02,21,4,0,2,0,1,0,0
"POINT (9.799073118000024 52.334706461000053)",Unfall 192956 (2020) Kat:2, Licht: 2,192956,2,3,5,02,21,4,0,2,0,0,0,0
"POINT (9.765451623000047 52.393846058000065)",Unfall 192957 (2020) Kat:3, Licht: 0,192957,3,6,2,02,13,2,1,0,0,1,0,0
"POINT (9.746535009000070 52.392803738000055)",Unfall 192959 (2020) Kat:3, Licht: 0,192959,3,6,2,02,13,4,0,0,0,1,0,0
"POINT (9.798732884000060 52.385322218000056)",Unfall 192960 (2020) Kat:3, Licht: 0,192960,3,3,5,02,12,4,1,0,1,1,0,0
"POINT (9.597818242000074 52.396967600000039)",Unfall 192961 (2020) Kat:3, Licht: 0,192961,3,7,6,02,13,2,1,0,0,0,1,0
"POINT (9.820329027000071 52.360891377000030)",Unfall 192963 (2020) Kat:3, Licht: 2,192963,3,5,1,02,07,4,1,2,0,1,0,0
"POINT (9.740178541000034 52.375832391000074)",Unfall 192964 (2020) Kat:3, Licht: 0,192964,3,7,0,02,08,4,1,0,1,0,0,0
"POINT (9.597435944000040 52.420751695000035)",Unfall 192969 (2020) Kat:3, Licht: 2,192969,3,4,6,02,18,2,1,2,0,1,1,0
"POINT (9.754904778000025 52.360415021000051)",Unfall 192979 (2020) Kat:3, Licht: 0,192979,3,3,5,02,08,2,0,0,1,1,0,0
"POINT (9.803288535000036 52.381018492000067)",Unfall 192985 (2020) Kat:3, Licht: 0,192985,3,3,5,02,09,3,1,0,1,1,0,0
"POINT (9.792821734000029 52.395800915000052)",Unfall 192997 (2020) Kat:3, Licht: 2,192997,3,6,2,02,18,3,0,2,0,1,0,0
"POINT (9.727966662000029 52.365950225000063)",Unfall 192998 (2020) Kat:3, Licht: 0,192998,3,4,6,02,17,3,0,0,0,1,1,0
"POINT (9.779917484000066 52.399814292000030)",Unfall 193005 (2020) Kat:3, Licht: 2,193005,3,2,3,02,17,1,1,2,0,1,0,0
"POINT (9.748673561000032 52.368136077000031)",Unfall 193008 (2020) Kat:3, Licht: 2,193008,3,7,1,02,05,1,1,2,1,0,0,0
"POINT (9.723143678000042 52.308366692000050)",Unfall 193017 (2020) Kat:2, Licht: 0,193017,2,1,0,02,07,3,1,0,1,0,0,0
"POINT (9.739667023000038 52.447332417000041)",Unfall 193019 (2020) Kat:3, Licht: 0,193019,3,3,5,02,08,3,1,0,0,1,0,0
"POINT (9.749609208000038 52.373204649000058)",Unfall 193034 (2020) Kat:3, Licht: 0,193034,3,3,5,02,09,2,0,0,0,1,0,0
"POINT (9.668021274000068 52.400722324000071)",Unfall 193035 (2020) Kat:3, Licht: 0,193035,3,7,0,02,14,3,0,0,0,1,0,0
"POINT (9.799701923000043 52.336071297000046)",Unfall 193037 (2020) Kat:3, Licht: 0,193037,3,6,2,02,11,2,0,0,0,1,0,0
"POINT (9.758108469000035 52.396339157000057)",Unfall 193038 (2020) Kat:3, Licht: 0,193038,3,4,6,02,08,2,0,0,0,0,1,0
"POINT (9.548561074000077 52.222270592000029)",Unfall 193039 (2020) Kat:3, Licht: 2,193039,3,3,5,02,18,2,0,2,1,1,0,0
"POINT (9.798988513000040 52.376544320000050)",Unfall 193040 (2020) Kat:3, Licht: 0,193040,3,3,5,02,09,4,1,0,1,1,0,0
"POINT (9.567722904000050 52.210488734000080)",Unfall 193041 (2020) Kat:3, Licht: 2,193041,3,3,5,02,18,2,1,2,1,1,0,0
"POINT (9.746747430000028 52.360726073000080)",Unfall 193043 (2020) Kat:3, Licht: 1,193043,3,4,6,02,17,2,0,1,1,0,1,0
"POINT (9.737876161000031 52.373126808000052)",Unfall 193044 (2020) Kat:3, Licht: 0,193044,3,7,0,02,12,2,0,0,0,1,1,0
"POINT (9.697264656000073 52.341640267000059)",Unfall 193045 (2020) Kat:3, Licht: 2,193045,3,3,5,02,18,7,1,2,0,1,0,0
"POINT (9.741015350000055 52.398756375000062)",Unfall 193046 (2020) Kat:3, Licht: 0,193046,3,2,5,02,07,2,1,0,1,1,0,0
"POINT (9.723928999000066 52.337161648000063)",Unfall 193050 (2020) Kat:3, Licht: 2,193050,3,6,2,02,18,7,1,2,0,1,0,0
"POINT (9.597903025000051 52.417434523000054)",Unfall 193054 (2020) Kat:3, Licht: 2,193054,3,1,8,02,22,7,1,2,0,1,0,0
"POINT (9.610301413000059 52.424114191000058)",Unfall 193057 (2020) Kat:3, Licht: 2,193057,3,1,8,02,17,7,0,2,0,1,0,0
"POINT (9.739904537000029 52.366559144000064)",Unfall 193059 (2020) Kat:3, Licht: 0,193059,3,3,5,02,12,3,1,0,1,1,0,0
"POINT (9.735434389000034 52.384493284000030)",Unfall 193062 (2020) Kat:3, Licht: 0,193062,3,3,5,02,16,7,0,0,1,1,0,0
"POINT (9.833966550000071 52.339059890000044)",Unfall 193066 (2020) Kat:3, Licht: 2,193066,3,5,5,02,16,1,0,2,0,1,0,0
"POINT (9.729375169000036 52.398230096000077)",Unfall 193073 (2020) Kat:3, Licht: 0,193073,3,7,0,02,13,7,0,0,0,0,0,0
"POINT (9.762041436000061 52.366288378000036)",Unfall 193080 (2020) Kat:2, Licht: 0,193080,2,3,5,02,14,7,0,0,1,1,0,0
"POINT (9.718012277000071 52.361940917000027)",Unfall 193084 (2020) Kat:3, Licht: 0,193084,3,7,2,02,16,7,0,0,1,0,0,0
"POINT (9.431264234000025 52.413554298000065)",Unfall 193086 (2020) Kat:3, Licht: 2,193086,3,5,1,02,19,7,0,2,0,1,0,0
"POINT (9.906407751000074 52.507880173000046)",Unfall 193087 (2020) Kat:3, Licht: 0,193087,3,7,0,02,12,7,0,0,0,1,1,0
"POINT (9.845284385000070 52.415204652000057)",Unfall 193088 (2020) Kat:3, Licht: 0,193088,3,4,6,02,13,7,0,0,0,0,1,0
"POINT (9.764609673000052 52.357211178000057)",Unfall 193089 (2020) Kat:2, Licht: 0,193089,2,4,6,02,15,4,1,0,1,0,1,0
"POINT (9.728748192000069 52.394632589000082)",Unfall 193116 (2020) Kat:3, Licht: 0,193116,3,2,5,02,07,3,1,0,1,1,0,0
"POINT (9.714879787000029 52.370847605000051)",Unfall 193122 (2020) Kat:3, Licht: 2,193122,3,3,5,02,19,6,0,2,1,1,0,0
"POINT (9.703531102000056 52.375607074000072)",Unfall 193125 (2020) Kat:3, Licht: 2,193125,3,7,0,02,20,6,0,2,1,0,0,0
"POINT (9.770026439000048 52.358748786000035)",Unfall 193129 (2020) Kat:3, Licht: 0,193129,3,2,5,02,15,6,0,0,1,1,0,0
"POINT (9.737694429000044 52.412440817000061)",Unfall 193132 (2020) Kat:2, Licht: 0,193132,2,4,6,02,07,6,1,0,0,1,1,0
"POINT (9.727151843000058 52.351358828000059)",Unfall 193134 (2020) Kat:3, Licht: 0,193134,3,3,5,02,07,6,0,0,1,1,0,0
"POINT (9.733506524000063 52.369179029000065)",Unfall 193137 (2020) Kat:3, Licht: 2,193137,3,2,5,03,20,2,0,2,1,1,0,0
"POINT (9.834608072000037 52.336283298000069)",Unfall 193138 (2020) Kat:3, Licht: 0,193138,3,1,0,03,14,6,1,0,0,1,0,1
"POINT (9.663829332000034 52.374761798000065)",Unfall 193144 (2020) Kat:3, Licht: 0,193144,3,2,5,03,07,5,0,0,1,1,0,0
"POINT (9.974715361000051 52.467060147000041)",Unfall 193148 (2020) Kat:3, Licht: 0,193148,3,6,3,03,16,3,0,0,1,1,0,0
"POINT (9.864855873000067 52.499404066000068)",Unfall 193150 (2020) Kat:3, Licht: 0,193150,3,6,6,03,12,2,0,0,1,0,1,0
"POINT (9.716920033000065 52.362136982000038)",Unfall 193151 (2020) Kat:3, Licht: 0,193151,3,4,6,03,13,6,1,0,1,0,1,0
"POINT (9.810075249000022 52.376472247000038)",Unfall 193184 (2020) Kat:3, Licht: 0,193184,3,7,0,03,13,3,0,0,1,0,0,0
"POINT (9.708774182000070 52.375310195000054)",Unfall 193197 (2020) Kat:3, Licht: 0,193197,3,4,6,03,16,3,0,0,0,1,1,0
"POINT (9.741139778000047 52.448820772000033)",Unfall 193199 (2020) Kat:2, Licht: 0,193199,2,4,6,03,12,2,0,0,0,1,1,0
"POINT (9.819110255000055 52.399958124000079)",Unfall 193200 (2020) Kat:3, Licht: 0,193200,3,2,5,03,08,6,1,0,0,1,0,0
"POINT (9.431739751000066 52.422410764000062)",Unfall 193202 (2020) Kat:3, Licht: 2,193202,3,3,5,03,06,2,1,2,1,1,0,0
"POINT (9.787069240000051 52.410147266000081)",Unfall 193203 (2020) Kat:3, Licht: 0,193203,3,3,0,03,14,6,1,0,1,1,0,0
"POINT (9.420267603000070 52.432133895000050)",Unfall 193204 (2020) Kat:3, Licht: 0,193204,3,7,0,02,17,7,0,0,0,1,1,0
"POINT (9.730204303000051 52.368560365000064)",Unfall 193209 (2020) Kat:3, Licht: 0,193209,3,3,5,03,15,7,0,0,1,1,0,0
"POINT (9.760235619000071 52.356361021000055)",Unfall 193223 (2020) Kat:3, Licht: 0,193223,3,7,0,03,15,4,0,0,1,0,0,0
"POINT (9.757116964000034 52.396030801000052)",Unfall 193234 (2020) Kat:3, Licht: 0,193234,3,3,5,03,15,1,0,0,0,1,0,0
"POINT (9.794437744000049 52.393346707000035)",Unfall 193243 (2020) Kat:3, Licht: 2,193243,3,6,2,03,18,6,1,2,0,1,0,0
"POINT (9.710891247000063 52.359358628000052)",Unfall 193246 (2020) Kat:3, Licht: 2,193246,3,3,5,02,18,5,0,2,1,1,0,0
"POINT (9.689727083000037 52.364733182000066)",Unfall 193248 (2020) Kat:3, Licht: 0,193248,3,3,0,03,16,5,0,0,1,1,0,0
"POINT (9.738095818000033 52.381835280000075)",Unfall 193249 (2020) Kat:3, Licht: 1,193249,3,2,5,02,14,5,0,1,1,1,0,0
"POINT (9.664525889000061 52.339136865000057)",Unfall 193251 (2020) Kat:3, Licht: 0,193251,3,3,0,02,10,5,0,0,0,1,0,1
"POINT (9.744384279000030 52.377295843000070)",Unfall 193252 (2020) Kat:3, Licht: 0,193252,3,4,6,03,12,3,0,0,0,1,1,0
"POINT (9.590843981000035 52.428162356000030)",Unfall 193255 (2020) Kat:3, Licht: 0,193255,3,3,5,03,11,2,0,0,1,1,0,0
"POINT (10.014179900000045 52.443886314000054)",Unfall 193256 (2020) Kat:3, Licht: 0,193256,3,3,5,03,07,6,1,0,1,1,0,0
"POINT (9.764558256000044 52.364427576000026)",Unfall 193258 (2020) Kat:2, Licht: 0,193258,2,7,0,02,17,5,0,0,1,0,0,0
"POINT (9.799018893000039 52.376500728000053)",Unfall 193259 (2020) Kat:3, Licht: 2,193259,3,2,4,02,21,6,1,2,0,1,0,0
"POINT (9.695675260000030 52.408821515000056)",Unfall 193262 (2020) Kat:3, Licht: 2,193262,3,3,5,03,00,7,1,2,0,1,0,0
"POINT (9.742015632000062 52.378520980000076)",Unfall 193270 (2020) Kat:3, Licht: 2,193270,3,7,0,02,00,6,1,2,1,0,0,0
"POINT (9.457563400000026 52.512163519000069)",Unfall 193280 (2020) Kat:3, Licht: 0,193280,3,3,5,02,15,6,0,0,0,1,0,0
"POINT (9.859061396000072 52.370812000000058)",Unfall 193292 (2020) Kat:3, Licht: 0,193292,3,7,5,03,13,2,0,0,1,0,0,0
"POINT (9.730467158000067 52.391593436000051)",Unfall 193293 (2020) Kat:3, Licht: 0,193293,3,7,6,03,16,4,1,0,0,0,1,0
"POINT (9.760502079000048 52.338528306000057)",Unfall 193300 (2020) Kat:3, Licht: 0,193300,3,3,5,03,07,5,1,0,1,1,0,0
"POINT (9.773020029000065 52.398024452000072)",Unfall 193304 (2020) Kat:2, Licht: 0,193304,2,4,6,03,17,3,0,0,0,0,1,0
"POINT (9.782493458000033 52.415545177000070)",Unfall 193306 (2020) Kat:3, Licht: 2,193306,3,3,5,03,18,2,0,2,1,1,0,0
"POINT (9.754187555000044 52.410271346000059)",Unfall 193307 (2020) Kat:3, Licht: 0,193307,3,2,5,03,12,6,1,0,0,1,0,0
"POINT (9.821209794000026 52.345472571000073)",Unfall 193310 (2020) Kat:3, Licht: 0,193310,3,3,5,03,13,6,1,0,0,1,0,0
"POINT (9.478673009000033 52.289349790000074)",Unfall 193322 (2020) Kat:3, Licht: 0,193322,3,7,0,02,15,6,0,0,1,0,0,0
"POINT (9.967548312000076 52.371739331000072)",Unfall 193324 (2020) Kat:3, Licht: 2,193324,3,3,5,02,22,6,1,2,0,1,0,0
"POINT (10.202696999000068 52.463996075000068)",Unfall 193331 (2020) Kat:3, Licht: 1,193331,3,3,5,02,17,6,0,1,0,1,0,1
"POINT (9.764595456000052 52.360129927000060)",Unfall 193355 (2020) Kat:3, Licht: 0,193355,3,4,6,03,16,3,0,0,0,1,1,0
"POINT (9.439957597000046 52.498769802000027)",Unfall 193357 (2020) Kat:3, Licht: 0,193357,3,3,5,03,10,2,0,0,0,1,0,0
"POINT (9.607007725000074 52.311475832000042)",Unfall 193358 (2020) Kat:3, Licht: 2,193358,3,3,0,03,20,6,1,2,0,1,0,1
"POINT (9.735011136000026 52.380310060000056)",Unfall 193364 (2020) Kat:3, Licht: 2,193364,3,3,5,03,21,7,0,2,0,1,0,0
"POINT (9.748834265000028 52.396801482000058)",Unfall 193368 (2020) Kat:3, Licht: 0,193368,3,6,0,03,10,2,0,0,1,0,0,0
"POINT (9.732387156000073 52.362088271000061)",Unfall 193372 (2020) Kat:2, Licht: 2,193372,2,4,6,02,23,6,1,2,0,1,1,0
"POINT (9.752804330000060 52.394769821000068)",Unfall 193378 (2020) Kat:3, Licht: 2,193378,3,3,5,03,18,4,1,2,1,1,0,0
"POINT (9.645475713000053 52.318219129000056)",Unfall 193385 (2020) Kat:3, Licht: 0,193385,3,4,6,03,13,5,0,0,0,1,1,0
"POINT (9.708060638000063 52.359856673000081)",Unfall 193388 (2020) Kat:3, Licht: 2,193388,3,2,5,03,18,3,0,2,1,1,0,0
"POINT (9.856889524000053 52.363907287000075)",Unfall 193389 (2020) Kat:3, Licht: 0,193389,3,2,0,03,12,3,0,0,1,0,1,0
"POINT (9.754770764000057 52.374928771000043)",Unfall 193391 (2020) Kat:3, Licht: 0,193391,3,3,5,03,13,3,0,0,0,1,0,0
"POINT (9.754910389000031 52.360407859000077)",Unfall 193393 (2020) Kat:3, Licht: 0,193393,3,3,5,03,09,3,0,0,1,0,0,0
"POINT (9.750530061000063 52.375292801000057)",Unfall 193415 (2020) Kat:3, Licht: 0,193415,3,6,2,03,13,3,1,0,0,1,0,0
"POINT (9.659954576000075 52.371178283000063)",Unfall 193420 (2020) Kat:3, Licht: 0,193420,3,7,1,03,13,3,1,0,0,1,0,0
"POINT (9.469646536000028 52.308023244000026)",Unfall 193424 (2020) Kat:3, Licht: 2,193424,3,2,0,03,20,3,1,2,1,1,0,0
"POINT (9.671391963000076 52.398998343000073)",Unfall 193426 (2020) Kat:3, Licht: 0,193426,3,3,5,03,07,2,0,0,1,1,0,0
"POINT (9.723267373000056 52.394849128000033)",Unfall 193428 (2020) Kat:3, Licht: 0,193428,3,4,6,03,18,2,0,0,1,0,1,0
"POINT (9.735874532000025 52.383938754000042)",Unfall 193429 (2020) Kat:3, Licht: 0,193429,3,3,5,03,16,2,0,0,1,1,0,0
"POINT (9.756507123000063 52.390721443000075)",Unfall 193430 (2020) Kat:3, Licht: 0,193430,3,6,2,03,15,2,0,0,0,1,0,0
"POINT (9.945797678000076 52.333848575000047)",Unfall 193431 (2020) Kat:3, Licht: 0,193431,3,7,6,03,09,3,0,0,0,1,1,0
"POINT (9.864146966000021 52.485767377000059)",Unfall 193436 (2020) Kat:3, Licht: 0,193436,3,7,0,03,17,3,1,0,1,0,0,0
"POINT (9.795776012000033 52.375448081000059)",Unfall 193439 (2020) Kat:3, Licht: 0,193439,3,2,5,03,12,3,0,0,1,0,0,0
"POINT (9.667407367000067 52.373136836000072)",Unfall 193441 (2020) Kat:3, Licht: 0,193441,3,2,5,03,13,3,1,0,1,1,0,0
"POINT (9.793873472000030 52.393392878000043)",Unfall 193444 (2020) Kat:3, Licht: 0,193444,3,1,0,03,12,3,1,0,1,0,0,0
"POINT (9.762784382000064 52.412563760000069)",Unfall 193451 (2020) Kat:3, Licht: 0,193451,3,4,0,03,12,1,0,0,0,1,1,0
"POINT (9.429038276000028 52.420328698000048)",Unfall 193452 (2020) Kat:3, Licht: 0,193452,3,5,1,03,11,1,0,0,0,1,0,0
"POINT (9.775086743000031 52.401809766000042)",Unfall 193455 (2020) Kat:3, Licht: 0,193455,3,3,5,03,14,1,0,0,0,1,0,0
"POINT (9.664778122000030 52.381622850000042)",Unfall 193468 (2020) Kat:3, Licht: 0,193468,3,7,5,03,13,7,0,0,0,1,0,0
"POINT (9.729431153000064 52.374628625000071)",Unfall 193471 (2020) Kat:3, Licht: 0,193471,3,3,5,03,13,7,0,0,1,1,0,0
"POINT (9.372931034000033 52.460986458000036)",Unfall 193474 (2020) Kat:3, Licht: 0,193474,3,6,3,03,15,7,0,0,1,1,0,0
"POINT (9.668430738000041 52.373543635000033)",Unfall 193489 (2020) Kat:3, Licht: 0,193489,3,2,6,03,11,5,0,0,0,1,1,0
"POINT (9.703270569000040 52.369458701000042)",Unfall 193498 (2020) Kat:3, Licht: 0,193498,3,6,2,03,11,4,0,0,0,1,0,1
"POINT (9.828340745000048 52.399606823000056)",Unfall 193508 (2020) Kat:3, Licht: 0,193508,3,6,2,03,13,6,1,0,0,1,0,0
"POINT (9.781114849000062 52.410211383000046)",Unfall 193510 (2020) Kat:3, Licht: 0,193510,3,6,2,03,14,6,1,0,0,1,0,0
"POINT (9.465359810000052 52.301894810000078)",Unfall 193511 (2020) Kat:3, Licht: 0,193511,3,1,0,03,17,4,0,0,1,0,0,0
"POINT (9.739938350000045 52.370724260000031)",Unfall 193512 (2020) Kat:3, Licht: 0,193512,3,3,5,03,15,6,1,0,1,1,0,0
"POINT (9.744122253000057 52.452327400000058)",Unfall 193513 (2020) Kat:3, Licht: 1,193513,3,3,5,03,08,6,1,1,1,0,0,0
"POINT (9.743650628000069 52.603588210000055)",Unfall 193514 (2020) Kat:3, Licht: 0,193514,3,6,2,03,16,6,1,0,0,1,0,0
"POINT (9.781525941000041 52.419741591000047)",Unfall 193518 (2020) Kat:3, Licht: 0,193518,3,6,2,03,11,6,1,0,0,1,0,0
"POINT (10.003629635000038 52.445221669000034)",Unfall 193527 (2020) Kat:3, Licht: 0,193527,3,3,5,03,11,4,0,0,1,1,0,0
"POINT (9.813892794000026 52.398850183000036)",Unfall 193530 (2020) Kat:3, Licht: 2,193530,3,2,6,03,22,4,0,2,0,0,1,0
"POINT (9.707109036000077 52.389556435000031)",Unfall 193539 (2020) Kat:2, Licht: 0,193539,2,4,6,03,11,5,0,0,0,1,1,0
"POINT (9.614407607000032 52.419413606000035)",Unfall 193548 (2020) Kat:3, Licht: 0,193548,3,7,0,03,16,4,0,0,0,1,0,0
"POINT (9.728214361000028 52.374114252000027)",Unfall 193565 (2020) Kat:3, Licht: 0,193565,3,6,2,03,13,2,0,0,0,1,0,0
"POINT (9.669730763000075 52.355219522000027)",Unfall 193570 (2020) Kat:3, Licht: 2,193570,3,2,2,03,20,2,1,2,0,1,0,0
"POINT (9.693135348000055 52.365866239000070)",Unfall 193571 (2020) Kat:3, Licht: 2,193571,3,6,2,03,20,2,1,2,0,1,0,0
"POINT (9.735997877000045 52.383869998000080)",Unfall 193574 (2020) Kat:2, Licht: 0,193574,2,7,5,03,13,4,0,0,1,1,0,0
"POINT (9.451196580000044 52.430682096000055)",Unfall 193578 (2020) Kat:3, Licht: 0,193578,3,7,0,03,15,2,0,0,0,1,0,0
"POINT (9.684011320000025 52.375566829000036)",Unfall 193588 (2020) Kat:2, Licht: 0,193588,2,7,0,03,15,2,1,0,0,0,0,0
"POINT (9.779762356000049 52.410216770000034)",Unfall 193595 (2020) Kat:3, Licht: 0,193595,3,7,2,03,15,2,0,0,0,1,0,0
"POINT (9.694068128000026 52.352744455000050)",Unfall 193612 (2020) Kat:3, Licht: 2,193612,3,6,2,03,20,4,0,2,0,1,0,0
"POINT (9.722545306000029 52.417351637000081)",Unfall 193614 (2020) Kat:3, Licht: 0,193614,3,5,2,03,07,4,0,0,0,0,0,1
"POINT (9.755222751000076 52.374149623000051)",Unfall 193615 (2020) Kat:3, Licht: 0,193615,3,3,5,03,15,4,0,0,1,1,0,0
"POINT (9.733087374000036 52.381851784000048)",Unfall 193616 (2020) Kat:3, Licht: 2,193616,3,7,0,03,22,4,0,2,1,0,0,0
"POINT (9.740398605000053 52.370823628000039)",Unfall 193617 (2020) Kat:3, Licht: 1,193617,3,3,5,03,18,4,1,1,1,1,0,0
"POINT (9.597958594000033 52.415749433000030)",Unfall 193618 (2020) Kat:3, Licht: 0,193618,3,7,9,03,15,4,0,0,0,1,0,0
"POINT (9.616579456000068 52.424129417000074)",Unfall 193621 (2020) Kat:3, Licht: 0,193621,3,2,5,03,15,4,0,0,1,1,0,0
"POINT (10.176064615000030 52.409370063000040)",Unfall 193623 (2020) Kat:3, Licht: 0,193623,3,7,0,03,13,4,0,0,0,1,1,0
"POINT (9.421267109000041 52.549115970000059)",Unfall 193624 (2020) Kat:2, Licht: 0,193624,2,7,0,03,17,4,0,0,1,0,0,0
"POINT (9.754316723000045 52.368366168000080)",Unfall 193628 (2020) Kat:3, Licht: 2,193628,3,2,2,03,20,1,0,2,0,1,0,0
"POINT (9.788545752000061 52.372642219000056)",Unfall 193630 (2020) Kat:3, Licht: 0,193630,3,5,1,03,10,4,0,0,0,1,0,1
"POINT (10.209727116000067 52.466992452000056)",Unfall 193637 (2020) Kat:2, Licht: 1,193637,2,1,8,03,06,1,0,1,0,1,0,0
"POINT (10.022086181000077 52.525671323000040)",Unfall 193643 (2020) Kat:3, Licht: 0,193643,3,7,0,03,16,2,0,0,0,1,0,0
"POINT (9.756811543000026 52.360081960000059)",Unfall 193658 (2020) Kat:3, Licht: 0,193658,3,3,5,03,13,4,0,0,1,0,0,0
"POINT (9.740997930000049 52.360618896000062)",Unfall 193661 (2020) Kat:3, Licht: 0,193661,3,6,2,04,13,5,0,0,0,1,0,0
"POINT (9.677736302000028 52.369586016000028)",Unfall 193662 (2020) Kat:3, Licht: 0,193662,3,1,0,03,14,7,0,0,1,0,0,0
"POINT (9.571102745000076 52.279172364000033)",Unfall 193665 (2020) Kat:3, Licht: 0,193665,3,5,1,03,14,4,0,0,0,1,0,0
"POINT (9.556337772000063 52.209295889000032)",Unfall 193666 (2020) Kat:3, Licht: 0,193666,3,3,5,04,11,5,0,0,1,1,0,0
"POINT (9.711452726000061 52.375219351000055)",Unfall 193668 (2020) Kat:3, Licht: 0,193668,3,3,6,03,11,4,0,0,1,0,1,0
"POINT (9.464467558000024 52.492996821000077)",Unfall 193675 (2020) Kat:3, Licht: 0,193675,3,3,5,04,17,4,0,0,1,1,0,0
"POINT (9.751613135000071 52.421042639000063)",Unfall 193676 (2020) Kat:3, Licht: 0,193676,3,2,5,04,12,5,0,0,0,1,0,0
"POINT (9.606039038000063 52.420375034000074)",Unfall 193694 (2020) Kat:3, Licht: 0,193694,3,3,5,04,19,6,0,0,1,1,0,0
"POINT (9.614358935000041 52.417743304000055)",Unfall 193695 (2020) Kat:2, Licht: 0,193695,2,4,6,03,19,2,1,0,0,1,1,0
"POINT (9.826662708000072 52.343074218000027)",Unfall 193696 (2020) Kat:3, Licht: 0,193696,3,5,1,04,13,3,0,0,1,1,0,0
"POINT (9.654972278000059 52.348183743000050)",Unfall 193708 (2020) Kat:3, Licht: 2,193708,3,1,8,04,21,7,0,2,0,1,0,0
"POINT (9.781594839000036 52.415609304000043)",Unfall 193711 (2020) Kat:3, Licht: 0,193711,3,2,5,03,19,3,0,0,0,1,0,0
"POINT (9.822288649000029 52.386011382000049)",Unfall 193713 (2020) Kat:3, Licht: 0,193713,3,5,0,04,17,5,0,0,1,0,0,0
"POINT (9.443589004000046 52.414185474000078)",Unfall 193714 (2020) Kat:2, Licht: 0,193714,2,2,0,03,11,7,0,0,1,0,0,0
"POINT (9.689727206000043 52.364734958000042)",Unfall 193732 (2020) Kat:3, Licht: 0,193732,3,6,2,04,14,6,0,0,0,1,0,0
"POINT (9.569139809000035 52.274939180000047)",Unfall 193741 (2020) Kat:3, Licht: 0,193741,3,5,0,04,14,1,0,0,1,1,0,0
"POINT (9.677986433000058 52.395598854000070)",Unfall 193742 (2020) Kat:3, Licht: 1,193742,3,7,0,03,18,2,0,1,0,1,0,0
"POINT (9.755209640000032 52.391260098000032)",Unfall 193753 (2020) Kat:3, Licht: 0,193753,3,3,5,03,11,2,0,0,1,1,0,0
"POINT (9.600061844000038 52.412945948000072)",Unfall 193755 (2020) Kat:3, Licht: 2,193755,3,5,1,03,21,2,0,2,0,1,0,0
"POINT (9.609670760000029 52.405386715000077)",Unfall 193756 (2020) Kat:3, Licht: 0,193756,3,4,0,03,06,2,0,0,0,1,1,0
"POINT (10.093324413000062 52.392178888000046)",Unfall 193763 (2020) Kat:3, Licht: 0,193763,3,7,0,03,10,2,0,0,0,0,0,0
"POINT (9.720633119000070 52.346586616000081)",Unfall 193770 (2020) Kat:3, Licht: 0,193770,3,7,6,04,12,5,0,0,1,0,1,0
"POINT (9.814546262000022 52.364500683000074)",Unfall 193776 (2020) Kat:3, Licht: 0,193776,3,3,5,04,09,5,0,0,1,1,0,0
"POINT (9.826842220000060 52.329956102000040)",Unfall 193785 (2020) Kat:3, Licht: 0,193785,3,1,0,04,18,4,0,0,1,0,0,0
"POINT (9.384148300000049 52.420905203000075)",Unfall 193786 (2020) Kat:3, Licht: 2,193786,3,7,6,04,22,5,0,2,0,1,1,0
"POINT (9.675039455000047 52.238617187000045)",Unfall 193788 (2020) Kat:2, Licht: 0,193788,2,7,6,04,15,2,0,0,0,1,1,0
"POINT (9.750578395000048 52.375571387000036)",Unfall 193802 (2020) Kat:3, Licht: 0,193802,3,6,2,04,19,6,0,0,0,1,0,0
"POINT (9.714683975000071 52.365408080000066)",Unfall 193803 (2020) Kat:2, Licht: 2,193803,2,1,1,03,23,2,0,2,1,1,0,0
"POINT (9.807803333000038 52.349513740000077)",Unfall 193811 (2020) Kat:3, Licht: 0,193811,3,6,2,03,11,6,0,0,0,1,0,0
"POINT (9.806310117000066 52.307748480000043)",Unfall 193823 (2020) Kat:3, Licht: 0,193823,3,7,0,04,17,5,0,0,1,0,0,0
"POINT (9.473239719000048 52.427409370000078)",Unfall 193824 (2020) Kat:3, Licht: 0,193824,3,7,0,03,16,7,0,0,1,0,0,0
"POINT (9.741842753000071 52.449648970000055)",Unfall 193826 (2020) Kat:3, Licht: 0,193826,3,2,5,04,08,6,0,0,1,1,0,0
"POINT (10.010267545000033 52.444030999000063)",Unfall 193828 (2020) Kat:3, Licht: 0,193828,3,4,6,04,14,5,0,0,1,0,1,0
"POINT (9.754439052000066 52.389488277000055)",Unfall 193851 (2020) Kat:3, Licht: 0,193851,3,2,5,04,13,1,0,0,1,1,0,0
"POINT (9.716519644000073 52.287031275000061)",Unfall 193857 (2020) Kat:3, Licht: 0,193857,3,3,5,04,16,3,0,0,0,1,0,0
"POINT (9.691934302000050 52.396611301000064)",Unfall 193866 (2020) Kat:3, Licht: 0,193866,3,3,5,03,18,1,0,0,0,1,0,0
"POINT (9.474507876000075 52.561479595000037)",Unfall 193868 (2020) Kat:3, Licht: 0,193868,3,5,1,04,12,7,0,0,0,1,0,1
"POINT (9.723138423000023 52.387185357000078)",Unfall 193872 (2020) Kat:3, Licht: 0,193872,3,1,0,03,07,3,2,0,1,0,0,0
"POINT (9.706884431000049 52.314808107000033)",Unfall 193874 (2020) Kat:3, Licht: 0,193874,3,1,0,03,08,6,1,0,1,0,0,0
"POINT (9.714393364000046 52.409200152000039)",Unfall 193881 (2020) Kat:3, Licht: 0,193881,3,1,8,03,14,6,0,0,1,0,0,0
"POINT (9.753408224000054 52.382282432000068)",Unfall 193889 (2020) Kat:3, Licht: 1,193889,3,6,4,04,21,5,0,1,1,0,0,0
"POINT (9.669947335000074 52.338941371000033)",Unfall 193890 (2020) Kat:3, Licht: 0,193890,3,1,0,03,18,7,0,0,1,0,0,0
"POINT (9.761726910000050 52.342258518000051)",Unfall 193891 (2020) Kat:3, Licht: 0,193891,3,3,5,04,08,2,0,0,1,1,0,0
"POINT (9.838365211000053 52.275449481000066)",Unfall 193892 (2020) Kat:3, Licht: 0,193892,3,2,6,04,11,6,0,0,0,1,1,0
"POINT (9.689324993000071 52.407521262000046)",Unfall 193903 (2020) Kat:3, Licht: 0,193903,3,7,0,04,07,3,0,0,1,0,0,0
"POINT (9.807187745000022 52.378622685000039)",Unfall 193906 (2020) Kat:3, Licht: 1,193906,3,1,0,04,05,6,0,1,1,0,0,0
"POINT (9.754316723000045 52.368366168000080)",Unfall 193909 (2020) Kat:3, Licht: 0,193909,3,2,3,04,12,3,0,0,1,0,0,0
"POINT (9.700817960000052 52.344783947000053)",Unfall 193910 (2020) Kat:3, Licht: 0,193910,3,6,4,04,11,4,0,0,1,1,0,0
"POINT (9.767636256000060 52.396542047000082)",Unfall 193911 (2020) Kat:3, Licht: 0,193911,3,7,0,04,09,3,0,0,1,0,0,0
"POINT (9.765207292000071 52.395881912000050)",Unfall 193912 (2020) Kat:3, Licht: 2,193912,3,1,0,04,00,3,0,2,1,0,0,0
"POINT (9.848637588000031 52.394097729000066)",Unfall 193913 (2020) Kat:3, Licht: 0,193913,3,3,5,04,15,4,0,0,1,1,0,0
"POINT (9.654233330000068 52.440040763000070)",Unfall 193915 (2020) Kat:2, Licht: 0,193915,2,2,4,04,15,4,0,0,0,1,0,1
"POINT (9.733863803000077 52.325186848000044)",Unfall 193916 (2020) Kat:2, Licht: 0,193916,2,3,5,04,13,4,0,0,1,0,0,0
"POINT (9.701190025000074 52.333845557000075)",Unfall 193917 (2020) Kat:3, Licht: 0,193917,3,2,5,04,12,4,0,0,0,1,0,1
"POINT (9.736713541000029 52.371250428000053)",Unfall 193920 (2020) Kat:3, Licht: 1,193920,3,1,0,04,20,3,0,1,1,0,0,0
"POINT (9.731607587000042 52.353858750000029)",Unfall 193921 (2020) Kat:3, Licht: 2,193921,3,1,9,04,00,3,0,2,0,1,0,0
"POINT (9.735921449000045 52.378851482000073)",Unfall 193942 (2020) Kat:3, Licht: 0,193942,3,1,0,04,10,3,0,0,1,0,0,0
"POINT (9.689725958000054 52.364717003000067)",Unfall 193943 (2020) Kat:3, Licht: 1,193943,3,3,5,04,20,2,0,1,1,1,0,0
"POINT (9.696790353000040 52.438685378000059)",Unfall 193944 (2020) Kat:3, Licht: 0,193944,3,3,0,04,06,3,0,0,0,1,0,1
"POINT (9.558419960000038 52.209681289000059)",Unfall 193946 (2020) Kat:3, Licht: 1,193946,3,2,6,04,18,6,0,1,0,1,1,0
"POINT (9.726791496000033 52.352015770000037)",Unfall 193947 (2020) Kat:2, Licht: 0,193947,2,4,6,04,15,3,0,0,1,0,1,0
"POINT (9.736827081000058 52.376807331000066)",Unfall 193948 (2020) Kat:2, Licht: 0,193948,2,2,5,04,11,3,0,0,0,1,0,1
"POINT (9.604444910000041 52.309219332000055)",Unfall 193949 (2020) Kat:3, Licht: 0,193949,3,2,0,04,13,2,0,0,1,1,0,0
"POINT (9.573084585000061 52.440087258000062)",Unfall 193954 (2020) Kat:3, Licht: 1,193954,3,3,5,04,20,2,0,1,1,1,0,0
"POINT (9.756377538000038 52.413997018000032)",Unfall 193960 (2020) Kat:2, Licht: 1,193960,2,3,5,04,20,2,0,1,1,1,0,0
"POINT (9.964592724000056 52.375236346000065)",Unfall 193981 (2020) Kat:3, Licht: 0,193981,3,3,5,04,17,2,0,0,0,1,0,1
"POINT (9.836491290000026 52.384836628000073)",Unfall 193982 (2020) Kat:3, Licht: 0,193982,3,7,0,04,08,2,0,0,1,0,0,0
"POINT (9.826597478000053 52.303864977000046)",Unfall 193998 (2020) Kat:3, Licht: 0,193998,3,7,6,04,12,6,0,0,0,1,1,0
"POINT (9.704934925000032 52.374328869000067)",Unfall 194004 (2020) Kat:3, Licht: 0,194004,3,1,0,04,20,1,0,0,1,0,0,0
"POINT (9.786969737000050 52.334387930000048)",Unfall 194011 (2020) Kat:3, Licht: 0,194011,3,3,0,04,12,6,0,0,0,1,0,1
"POINT (9.821426849000034 52.283147559000042)",Unfall 194015 (2020) Kat:3, Licht: 0,194015,3,1,0,04,15,1,0,0,1,0,0,0
"POINT (9.574123071000031 52.421681246000048)",Unfall 194017 (2020) Kat:2, Licht: 0,194017,2,3,5,04,12,1,0,0,1,1,0,0
"POINT (9.711481215000049 52.361553969000056)",Unfall 194024 (2020) Kat:3, Licht: 0,194024,3,7,1,04,19,1,0,0,1,1,0,0
"POINT (9.714299094000069 52.369104514000071)",Unfall 194026 (2020) Kat:3, Licht: 0,194026,3,7,0,04,18,1,0,0,0,1,0,1
"POINT (9.868837047000056 52.353740170000037)",Unfall 194027 (2020) Kat:3, Licht: 0,194027,3,6,4,04,17,1,0,0,1,0,0,0
"POINT (9.645676659000060 52.281604952000066)",Unfall 194030 (2020) Kat:3, Licht: 0,194030,3,5,1,04,14,1,0,0,1,1,0,0
"POINT (9.790417870000056 52.377677086000062)",Unfall 194031 (2020) Kat:3, Licht: 2,194031,3,6,4,04,22,1,0,2,1,1,0,0
"POINT (9.820063453000046 52.284761803000038)",Unfall 194034 (2020) Kat:2, Licht: 0,194034,2,7,0,04,15,1,0,0,1,0,0,0
"POINT (9.733681278000063 52.379808977000039)",Unfall 194054 (2020) Kat:3, Licht: 0,194054,3,3,5,04,17,6,0,0,1,1,0,0
"POINT (9.717302356000062 52.376415287000043)",Unfall 194055 (2020) Kat:3, Licht: 0,194055,3,7,3,04,16,5,0,0,1,1,0,0
"POINT (9.613637758000039 52.418350267000051)",Unfall 194057 (2020) Kat:3, Licht: 0,194057,3,4,6,04,16,7,0,0,0,1,1,0
"POINT (9.751879905000067 52.372962612000038)",Unfall 194058 (2020) Kat:3, Licht: 0,194058,3,3,5,04,08,5,0,0,1,1,0,0
"POINT (9.527462187000026 52.461388412000076)",Unfall 194059 (2020) Kat:3, Licht: 0,194059,3,1,0,04,14,7,0,0,0,1,0,0
"POINT (9.672058770000035 52.354771046000053)",Unfall 194060 (2020) Kat:3, Licht: 0,194060,3,7,0,04,12,7,0,0,1,0,0,0
"POINT (9.821256540000036 52.347972405000064)",Unfall 194062 (2020) Kat:3, Licht: 2,194062,3,1,0,04,03,7,0,2,1,0,0,0
"POINT (9.729104097000061 52.393691458000035)",Unfall 194073 (2020) Kat:3, Licht: 0,194073,3,6,4,04,14,5,1,0,1,0,0,0
"POINT (9.728480343000058 52.378140595000048)",Unfall 194083 (2020) Kat:3, Licht: 0,194083,3,3,5,04,15,6,0,0,1,1,0,0
"POINT (9.443021392000048 52.369871114000034)",Unfall 194084 (2020) Kat:3, Licht: 0,194084,3,6,2,04,13,6,0,0,0,1,0,0
"POINT (9.712909903000025 52.371567046000052)",Unfall 194095 (2020) Kat:3, Licht: 0,194095,3,1,0,04,17,7,0,0,1,0,0,0
"POINT (9.728645648000054 52.379366906000030)",Unfall 194099 (2020) Kat:3, Licht: 0,194099,3,5,1,04,13,5,0,0,0,0,0,1
"POINT (9.707715021000070 52.374199770000075)",Unfall 194102 (2020) Kat:3, Licht: 0,194102,3,3,5,04,12,7,0,0,1,1,0,0
"POINT (9.725583024000059 52.562719746000027)",Unfall 194105 (2020) Kat:3, Licht: 0,194105,3,3,5,04,18,6,0,0,1,1,0,0
"POINT (9.760235619000071 52.356361021000055)",Unfall 194106 (2020) Kat:3, Licht: 0,194106,3,3,5,04,11,5,0,0,0,1,0,0
"POINT (9.828716272000065 52.427638128000069)",Unfall 194107 (2020) Kat:3, Licht: 0,194107,3,2,4,04,15,5,0,0,0,1,0,1
"POINT (9.808703660000049 52.300844159000064)",Unfall 194109 (2020) Kat:3, Licht: 0,194109,3,5,1,04,14,6,0,0,1,1,0,0
"POINT (9.857490122000058 52.497923699000069)",Unfall 194110 (2020) Kat:3, Licht: 0,194110,3,2,0,04,13,5,0,0,1,1,0,0
"POINT (9.431675776000077 52.418125229000054)",Unfall 194114 (2020) Kat:3, Licht: 0,194114,3,2,2,04,14,7,0,0,0,1,0,0
"POINT (9.552682919000063 52.440732013000058)",Unfall 194121 (2020) Kat:3, Licht: 0,194121,3,3,5,04,13,7,0,0,1,1,0,0
"POINT (9.797020478000036 52.373670152000045)",Unfall 194122 (2020) Kat:3, Licht: 0,194122,3,3,5,04,08,7,0,0,1,1,0,0
"POINT (9.812875146000067 52.380071874000066)",Unfall 194152 (2020) Kat:3, Licht: 1,194152,3,3,5,04,06,4,0,1,1,1,0,0
"POINT (9.755042265000043 52.367233543000054)",Unfall 194153 (2020) Kat:3, Licht: 0,194153,3,6,2,04,12,4,0,0,0,1,0,0
"POINT (9.771469259000071 52.417456572000049)",Unfall 194155 (2020) Kat:3, Licht: 0,194155,3,7,8,04,11,4,0,0,0,1,0,0
"POINT (9.744212195000046 52.395071409000082)",Unfall 194157 (2020) Kat:3, Licht: 0,194157,3,3,5,04,16,6,0,0,1,1,0,0
"POINT (9.717449700000032 52.381615435000072)",Unfall 194158 (2020) Kat:2, Licht: 0,194158,2,3,5,04,19,5,0,0,1,1,0,0
"POINT (10.004196881000041 52.447741894000046)",Unfall 194171 (2020) Kat:3, Licht: 0,194171,3,7,0,05,11,2,1,0,1,0,0,0
"POINT (9.755616508000060 52.360908495000047)",Unfall 194172 (2020) Kat:3, Licht: 0,194172,3,7,0,05,15,6,1,0,1,0,0,0
"POINT (9.511249588000055 52.407744689000026)",Unfall 194189 (2020) Kat:3, Licht: 0,194189,3,7,6,05,12,3,0,0,0,0,1,0
"POINT (9.738299153000071 52.384865668000032)",Unfall 194194 (2020) Kat:3, Licht: 0,194194,3,3,5,05,10,4,0,0,1,1,0,0
"POINT (9.682533836000062 52.414385266000068)",Unfall 194196 (2020) Kat:3, Licht: 0,194196,3,2,2,04,11,5,1,0,0,1,0,0
"POINT (9.790455148000035 52.377720442000054)",Unfall 194197 (2020) Kat:3, Licht: 0,194197,3,2,3,04,16,5,0,0,1,1,0,0
"POINT (9.942320401000075 52.441784471000062)",Unfall 194198 (2020) Kat:2, Licht: 0,194198,2,6,3,05,11,4,0,0,1,0,0,0
"POINT (9.664587808000022 52.447546531000057)",Unfall 194200 (2020) Kat:3, Licht: 0,194200,3,3,5,04,18,5,0,0,1,1,0,0
"POINT (10.000807052000027 52.449820008000074)",Unfall 194205 (2020) Kat:3, Licht: 2,194205,3,1,0,04,23,5,1,2,1,0,0,0
"POINT (9.701483614000040 52.376094035000051)",Unfall 194209 (2020) Kat:3, Licht: 0,194209,3,3,5,05,13,2,0,0,1,1,0,0
"POINT (9.748116387000039 52.395908183000074)",Unfall 194210 (2020) Kat:3, Licht: 2,194210,3,1,0,05,20,6,0,2,1,0,0,0
"POINT (9.725189690000036 52.387619291000078)",Unfall 194211 (2020) Kat:3, Licht: 2,194211,3,3,5,04,22,5,1,2,1,1,0,0
"POINT (9.547320627000033 52.213720342000045)",Unfall 194213 (2020) Kat:3, Licht: 0,194213,3,5,2,05,13,5,0,0,1,1,0,0
"POINT (9.781111525000029 52.346758730000033)",Unfall 194215 (2020) Kat:3, Licht: 0,194215,3,1,0,04,17,2,0,0,1,0,0,0
"POINT (9.739648369000065 52.381212386000072)",Unfall 194216 (2020) Kat:3, Licht: 0,194216,3,3,5,04,07,5,1,0,1,1,0,0
"POINT (9.690199655000072 52.364846934000070)",Unfall 194220 (2020) Kat:3, Licht: 0,194220,3,3,0,05,10,2,1,0,0,0,0,1
"POINT (9.762574648000054 52.269995150000057)",Unfall 194221 (2020) Kat:2, Licht: 0,194221,2,3,5,05,12,6,0,0,1,1,0,0
"POINT (9.727609838000035 52.436771822000026)",Unfall 194241 (2020) Kat:3, Licht: 0,194241,3,2,5,05,15,3,0,0,0,1,0,1
"POINT (9.756049640000072 52.365706076000038)",Unfall 194247 (2020) Kat:3, Licht: 2,194247,3,3,5,05,21,4,0,2,0,1,0,1
"POINT (9.662014799000076 52.408511999000041)",Unfall 194248 (2020) Kat:3, Licht: 0,194248,3,1,9,04,20,1,0,0,0,1,0,0
"POINT (9.783820198000058 52.360442052000053)",Unfall 194267 (2020) Kat:3, Licht: 0,194267,3,6,4,04,16,2,0,0,1,0,0,0
"POINT (9.750740155000074 52.463502705000053)",Unfall 194269 (2020) Kat:3, Licht: 0,194269,3,5,3,05,17,6,0,0,0,1,0,0
"POINT (9.711528549000036 52.421732018000057)",Unfall 194271 (2020) Kat:3, Licht: 0,194271,3,2,2,04,16,7,0,0,0,1,0,0
"POINT (9.829844660000049 52.427100008000082)",Unfall 194275 (2020) Kat:3, Licht: 0,194275,3,6,0,04,15,7,0,0,1,1,0,0
"POINT (9.751867049000055 52.378219660000070)",Unfall 194277 (2020) Kat:3, Licht: 0,194277,3,6,3,05,16,2,0,0,1,1,0,0
"POINT (9.824071445000072 52.402596957000071)",Unfall 194278 (2020) Kat:3, Licht: 0,194278,3,3,5,05,19,6,0,0,1,1,0,0
"POINT (9.869047151000075 52.498998364000045)",Unfall 194286 (2020) Kat:3, Licht: 0,194286,3,7,0,04,14,7,0,0,0,1,1,0
"POINT (9.728382466000028 52.358843113000034)",Unfall 194293 (2020) Kat:3, Licht: 0,194293,3,1,0,04,19,4,0,0,1,0,0,0
"POINT (9.669692141000041 52.355272466000031)",Unfall 194297 (2020) Kat:3, Licht: 0,194297,3,3,5,05,13,3,0,0,1,1,0,0
"POINT (10.057629741000028 52.483485458000075)",Unfall 194298 (2020) Kat:2, Licht: 0,194298,2,4,6,04,17,7,0,0,0,1,1,0
"POINT (9.804452496000067 52.357926596000027)",Unfall 194300 (2020) Kat:2, Licht: 0,194300,2,4,6,05,17,1,0,0,1,0,1,0
"POINT (9.790286755000068 52.408338998000033)",Unfall 194304 (2020) Kat:3, Licht: 0,194304,3,6,2,05,11,4,0,0,0,1,0,0
"POINT (9.733719548000067 52.399693152000054)",Unfall 194310 (2020) Kat:2, Licht: 0,194310,2,3,5,04,13,7,0,0,1,1,0,0
"POINT (9.788161903000059 52.401959182000041)",Unfall 194316 (2020) Kat:3, Licht: 0,194316,3,6,2,04,10,7,0,0,0,1,0,0
"POINT (9.724761641000043 52.357514377000030)",Unfall 194319 (2020) Kat:3, Licht: 0,194319,3,6,4,05,11,6,0,0,0,1,0,0
"POINT (9.820558016000064 52.322982476000050)",Unfall 194324 (2020) Kat:3, Licht: 0,194324,3,2,0,05,15,5,0,0,1,1,0,0
"POINT (9.748828345000050 52.373440487000039)",Unfall 194326 (2020) Kat:3, Licht: 0,194326,3,2,0,04,13,2,0,0,1,0,0,0
"POINT (9.974428713000066 52.377790925000056)",Unfall 194331 (2020) Kat:1, Licht: 0,194331,1,5,0,05,11,2,0,0,1,1,0,0
"POINT (9.797066105000056 52.408490271000062)",Unfall 194332 (2020) Kat:3, Licht: 0,194332,3,7,6,05,15,6,0,0,0,1,1,0
"POINT (9.763470511000037 52.368830923000075)",Unfall 194352 (2020) Kat:3, Licht: 0,194352,3,2,3,05,13,3,0,0,1,1,0,0
"POINT (9.781332448000057 52.361196209000070)",Unfall 194359 (2020) Kat:3, Licht: 0,194359,3,6,2,05,10,4,0,0,0,1,0,0
"POINT (9.786513569000022 52.397876374000077)",Unfall 194371 (2020) Kat:3, Licht: 1,194371,3,5,0,05,20,2,0,1,0,1,0,0
"POINT (9.964547954000068 52.364840602000072)",Unfall 194376 (2020) Kat:3, Licht: 0,194376,3,7,0,05,12,5,0,0,0,1,0,0
"POINT (9.461055730000055 52.422303601000067)",Unfall 194378 (2020) Kat:3, Licht: 0,194378,3,3,5,04,14,2,0,0,0,1,0,0
"POINT (9.766096250000032 52.353381144000082)",Unfall 194383 (2020) Kat:3, Licht: 0,194383,3,1,0,05,06,2,1,0,1,0,0,0
"POINT (9.787464448000037 52.374230012000055)",Unfall 194384 (2020) Kat:2, Licht: 0,194384,2,2,5,05,18,6,0,0,1,1,0,0
"POINT (9.698337069000047 52.335720449000064)",Unfall 194387 (2020) Kat:2, Licht: 0,194387,2,2,5,05,12,6,0,0,0,1,0,0
"POINT (9.739875676000054 52.362151753000035)",Unfall 194393 (2020) Kat:3, Licht: 1,194393,3,7,0,04,19,3,0,1,0,1,0,0
"POINT (9.727898601000049 52.400223670000059)",Unfall 194398 (2020) Kat:3, Licht: 0,194398,3,3,5,04,17,3,0,0,1,1,0,0
"POINT (9.733885091000047 52.325172675000033)",Unfall 194401 (2020) Kat:3, Licht: 0,194401,3,3,0,04,07,3,0,0,1,1,0,0
"POINT (9.738090909000050 52.381838985000059)",Unfall 194402 (2020) Kat:3, Licht: 0,194402,3,2,5,05,12,3,0,0,1,1,0,0
"POINT (9.742012624000040 52.397783342000082)",Unfall 194405 (2020) Kat:2, Licht: 0,194405,2,1,0,04,09,3,0,0,1,0,0,0
"POINT (9.725592017000054 52.397847173000059)",Unfall 194408 (2020) Kat:3, Licht: 0,194408,3,2,5,05,15,1,0,0,0,1,0,1
"POINT (9.693413481000050 52.392495954000026)",Unfall 194411 (2020) Kat:3, Licht: 0,194411,3,1,0,05,17,4,0,0,1,0,0,0
"POINT (9.724354919000064 52.385547125000073)",Unfall 194412 (2020) Kat:3, Licht: 0,194412,3,6,2,04,16,1,0,0,1,0,0,0
"POINT (9.680728676000058 52.416145086000029)",Unfall 194426 (2020) Kat:3, Licht: 0,194426,3,3,5,05,11,7,1,0,1,1,0,0
"POINT (9.840772938000043 52.420887705000041)",Unfall 194433 (2020) Kat:3, Licht: 0,194433,3,3,5,05,18,4,0,0,1,1,0,0
"POINT (9.720394069000065 52.363342011000043)",Unfall 194436 (2020) Kat:3, Licht: 0,194436,3,7,0,05,09,4,0,0,1,0,0,0
"POINT (9.677109359000042 52.396051531000069)",Unfall 194437 (2020) Kat:3, Licht: 1,194437,3,1,0,05,21,5,0,1,1,0,0,0
"POINT (9.757552649000047 52.378480395000054)",Unfall 194451 (2020) Kat:3, Licht: 0,194451,3,3,5,05,08,3,0,0,1,0,0,0
"POINT (9.660032972000067 52.406615972000054)",Unfall 194456 (2020) Kat:3, Licht: 2,194456,3,3,5,05,22,4,0,2,0,1,0,0
"POINT (9.712100667000073 52.342189328000075)",Unfall 194468 (2020) Kat:3, Licht: 0,194468,3,2,2,05,14,2,0,0,0,1,0,0
"POINT (9.668324460000065 52.400547852000045)",Unfall 194470 (2020) Kat:2, Licht: 1,194470,2,6,6,05,21,1,0,1,1,0,1,0
"POINT (9.473497027000065 52.427647981000064)",Unfall 194473 (2020) Kat:3, Licht: 0,194473,3,2,2,05,18,4,0,0,0,1,0,1
"POINT (9.709887126000069 52.372619428000064)",Unfall 194474 (2020) Kat:3, Licht: 0,194474,3,6,3,05,11,2,0,0,1,1,0,0
"POINT (9.748819032000029 52.396804826000050)",Unfall 194482 (2020) Kat:3, Licht: 0,194482,3,2,4,05,18,7,0,0,1,1,0,0
"POINT (9.678322103000028 52.365710289000049)",Unfall 194486 (2020) Kat:3, Licht: 0,194486,3,2,4,05,16,3,0,0,0,1,0,0
"POINT (9.724199352000028 52.397701896000058)",Unfall 194487 (2020) Kat:3, Licht: 0,194487,3,4,6,05,12,4,0,0,0,1,1,0
"POINT (9.896976559000052 52.280214410000042)",Unfall 194488 (2020) Kat:3, Licht: 0,194488,3,7,0,05,11,5,0,0,1,0,0,0
"POINT (9.767638256000055 52.411334980000049)",Unfall 194494 (2020) Kat:3, Licht: 2,194494,3,7,0,05,22,3,0,2,1,0,0,0
"POINT (9.716977884000073 52.335558620000029)",Unfall 194497 (2020) Kat:3, Licht: 0,194497,3,7,0,05,09,5,0,0,1,0,0,0
"POINT (9.747191108000038 52.353170806000037)",Unfall 194500 (2020) Kat:3, Licht: 2,194500,3,1,0,05,21,5,0,2,1,0,0,0
"POINT (9.721199562000038 52.360749943000030)",Unfall 194518 (2020) Kat:3, Licht: 0,194518,3,7,1,05,15,1,0,0,1,0,0,0
"POINT (10.127618361000032 52.362343763000069)",Unfall 194519 (2020) Kat:2, Licht: 0,194519,2,1,8,05,14,1,0,0,0,0,0,0
"POINT (9.625663268000039 52.256764185000065)",Unfall 194522 (2020) Kat:3, Licht: 0,194522,3,1,0,05,12,4,0,0,1,0,0,0
"POINT (9.762029766000069 52.521337168000059)",Unfall 194523 (2020) Kat:3, Licht: 0,194523,3,5,1,05,16,1,0,0,1,1,0,0
"POINT (9.763456136000059 52.400702559000081)",Unfall 194524 (2020) Kat:3, Licht: 0,194524,3,2,5,05,13,3,0,0,1,0,0,0
"POINT (9.690867864000040 52.364902050000069)",Unfall 194525 (2020) Kat:3, Licht: 0,194525,3,6,4,05,14,4,0,0,1,1,0,0
"POINT (9.714345965000064 52.409000560000038)",Unfall 194527 (2020) Kat:3, Licht: 0,194527,3,3,5,05,19,4,0,0,0,1,0,0
"POINT (9.750556574000029 52.388558559000046)",Unfall 194528 (2020) Kat:3, Licht: 2,194528,3,1,0,05,21,1,0,2,1,0,0,0
"POINT (9.718593913000063 52.373781163000046)",Unfall 194529 (2020) Kat:3, Licht: 0,194529,3,2,5,05,17,3,0,0,1,0,0,0
"POINT (9.797747727000058 52.420423803000062)",Unfall 194534 (2020) Kat:3, Licht: 0,194534,3,3,5,05,12,4,0,0,1,1,0,0
"POINT (9.815265440000076 52.360804253000026)",Unfall 194535 (2020) Kat:3, Licht: 0,194535,3,7,1,05,16,7,0,0,0,1,1,0
"POINT (9.737404004000041 52.372063002000061)",Unfall 194539 (2020) Kat:3, Licht: 0,194539,3,7,6,05,17,3,0,0,0,1,1,0
"POINT (9.773343531000023 52.350849559000039)",Unfall 194540 (2020) Kat:3, Licht: 0,194540,3,7,0,05,15,5,0,0,1,0,0,0
"POINT (9.801780980000046 52.420167747000050)",Unfall 194542 (2020) Kat:3, Licht: 0,194542,3,4,6,05,13,4,0,0,0,1,1,0
"POINT (9.753284753000060 52.382880562000082)",Unfall 194543 (2020) Kat:2, Licht: 1,194543,2,3,0,05,20,5,0,1,1,0,0,0
"POINT (9.836761947000070 52.420865988000060)",Unfall 194544 (2020) Kat:3, Licht: 0,194544,3,6,2,05,14,2,0,0,0,1,0,0
"POINT (9.610277050000036 52.423763439000027)",Unfall 194545 (2020) Kat:3, Licht: 0,194545,3,1,0,05,13,4,0,0,1,0,0,0
"POINT (10.017869874000041 52.444474353000032)",Unfall 194554 (2020) Kat:3, Licht: 0,194554,3,3,5,05,15,4,0,0,1,1,0,0
"POINT (9.760700741000051 52.332567526000048)",Unfall 194562 (2020) Kat:3, Licht: 0,194562,3,3,5,05,14,3,0,0,1,1,0,0
"POINT (9.668173782000054 52.415396000000044)",Unfall 194566 (2020) Kat:3, Licht: 0,194566,3,3,5,05,12,4,0,0,1,1,0,0
"POINT (9.480357734000052 52.304993180000054)",Unfall 194570 (2020) Kat:3, Licht: 0,194570,3,7,0,05,13,3,0,0,1,0,0,0
"POINT (9.816509451000059 52.356866439000044)",Unfall 194575 (2020) Kat:3, Licht: 0,194575,3,1,0,05,06,1,0,0,1,0,0,0
"POINT (9.764330852000057 52.338704925000059)",Unfall 194580 (2020) Kat:3, Licht: 0,194580,3,5,1,05,18,1,0,0,1,1,0,0
"POINT (9.752333911000051 52.377693099000055)",Unfall 194583 (2020) Kat:3, Licht: 0,194583,3,7,4,05,08,4,0,0,1,1,0,0
"POINT (9.741626415000042 52.383847986000035)",Unfall 194591 (2020) Kat:3, Licht: 0,194591,3,7,0,05,10,7,0,0,0,1,0,0
"POINT (9.778454670000031 52.332726443000070)",Unfall 194592 (2020) Kat:3, Licht: 0,194592,3,5,1,05,18,5,0,0,0,1,0,0
"POINT (9.742908259000046 52.384410972000069)",Unfall 194595 (2020) Kat:3, Licht: 0,194595,3,2,0,05,10,4,0,0,1,0,0,0
"POINT (9.745040289000031 52.368457704000036)",Unfall 194598 (2020) Kat:3, Licht: 0,194598,3,7,6,05,12,4,0,0,0,1,1,0
"POINT (9.723059274000036 52.375995956000054)",Unfall 194599 (2020) Kat:3, Licht: 1,194599,3,7,0,05,20,5,0,1,1,0,0,0
"POINT (9.800415354000052 52.306184029000065)",Unfall 194603 (2020) Kat:3, Licht: 2,194603,3,7,0,05,23,7,0,2,1,1,0,0
"POINT (9.664000825000073 52.356307229000038)",Unfall 194606 (2020) Kat:3, Licht: 0,194606,3,4,6,05,11,7,0,0,0,1,1,0
"POINT (9.756076509000025 52.354930020000040)",Unfall 194610 (2020) Kat:3, Licht: 0,194610,3,6,6,05,19,7,0,0,1,0,1,0
"POINT (9.748762101000068 52.462336128000061)",Unfall 194611 (2020) Kat:3, Licht: 0,194611,3,7,0,05,12,5,0,0,1,0,0,0
"POINT (9.783374848000051 52.398402395000062)",Unfall 194614 (2020) Kat:3, Licht: 0,194614,3,6,2,05,14,7,0,0,0,1,0,0
"POINT (9.487181621000048 52.304635629000074)",Unfall 194617 (2020) Kat:3, Licht: 0,194617,3,7,0,05,15,7,0,0,1,0,0,0
"POINT (9.712096235000047 52.378933472000028)",Unfall 194622 (2020) Kat:3, Licht: 1,194622,3,6,3,05,21,4,0,1,1,0,0,0
"POINT (9.632204948000037 52.446671340000080)",Unfall 194623 (2020) Kat:3, Licht: 2,194623,3,1,8,05,21,7,0,2,0,1,0,0
"POINT (9.753546508000056 52.353430090000074)",Unfall 194626 (2020) Kat:3, Licht: 1,194626,3,7,0,05,20,7,0,1,1,0,0,0
"POINT (9.758123385000033 52.312624098000072)",Unfall 194630 (2020) Kat:2, Licht: 0,194630,2,1,0,05,15,7,0,0,1,0,0,0
"POINT (9.729151452000053 52.398291795000034)",Unfall 194632 (2020) Kat:2, Licht: 0,194632,2,3,5,05,17,1,0,0,0,1,0,1
"POINT (9.556106638000074 52.207790777000071)",Unfall 194636 (2020) Kat:3, Licht: 0,194636,3,3,5,05,12,4,0,0,1,1,0,0
"POINT (9.715434198000025 52.400407868000059)",Unfall 194641 (2020) Kat:3, Licht: 0,194641,3,3,4,05,13,2,0,0,1,1,0,0
"POINT (9.734963527000048 52.380284470000049)",Unfall 194647 (2020) Kat:3, Licht: 0,194647,3,2,4,05,16,7,0,0,0,1,0,0
"POINT (9.796720722000032 52.374272139000027)",Unfall 194652 (2020) Kat:3, Licht: 1,194652,3,7,0,05,21,5,0,1,1,0,0,0
"POINT (9.459525554000038 52.505615772000056)",Unfall 194662 (2020) Kat:2, Licht: 0,194662,2,7,0,05,14,5,0,0,1,0,0,0
"POINT (9.716874430000075 52.335163129000080)",Unfall 194672 (2020) Kat:3, Licht: 0,194672,3,6,2,05,15,3,0,0,0,1,0,0
"POINT (9.740442072000064 52.383285783000076)",Unfall 194683 (2020) Kat:3, Licht: 0,194683,3,3,5,05,13,1,0,0,0,1,0,0
"POINT (9.776509200000021 52.400407389000065)",Unfall 194689 (2020) Kat:3, Licht: 0,194689,3,3,5,05,16,4,0,0,0,1,0,0
"POINT (9.722041176000062 52.382386876000055)",Unfall 194698 (2020) Kat:3, Licht: 0,194698,3,4,6,05,19,7,0,0,0,1,1,0
"POINT (9.787029300000029 52.373195146000057)",Unfall 194699 (2020) Kat:3, Licht: 0,194699,3,3,0,05,13,5,0,0,1,1,0,0
"POINT (9.707376412000031 52.431661975000054)",Unfall 194702 (2020) Kat:3, Licht: 0,194702,3,7,0,05,17,5,0,0,1,0,0,0
"POINT (9.765411009000047 52.355793020000078)",Unfall 194704 (2020) Kat:3, Licht: 0,194704,3,2,3,05,11,7,0,0,1,0,0,0
"POINT (9.760235619000071 52.356361021000055)",Unfall 194712 (2020) Kat:3, Licht: 2,194712,3,3,5,05,22,1,1,2,0,1,0,0
"POINT (9.855797530000075 52.394577137000056)",Unfall 194715 (2020) Kat:3, Licht: 0,194715,3,1,0,05,18,1,1,0,0,0,0,1
"POINT (9.597894088000032 52.446551180000029)",Unfall 194721 (2020) Kat:2, Licht: 0,194721,2,1,9,05,14,1,0,0,0,0,0,1
"POINT (9.667387028000064 52.373128826000027)",Unfall 194724 (2020) Kat:3, Licht: 0,194724,3,3,5,05,11,1,0,0,1,1,0,0
"POINT (9.357554648000075 52.413257450000060)",Unfall 194727 (2020) Kat:3, Licht: 0,194727,3,1,8,05,18,1,0,0,1,0,0,0
"POINT (9.827027137000073 52.353386590000071)",Unfall 194738 (2020) Kat:3, Licht: 0,194738,3,3,5,05,09,6,0,0,0,1,0,0
"POINT (9.745827026000029 52.354771943000060)",Unfall 194739 (2020) Kat:3, Licht: 0,194739,3,5,1,05,16,6,0,0,0,1,0,0
"POINT (9.763173534000032 52.516964553000037)",Unfall 194741 (2020) Kat:3, Licht: 2,194741,3,7,8,06,01,2,0,2,1,0,0,0
"POINT (9.772298185000068 52.366018056000030)",Unfall 194742 (2020) Kat:3, Licht: 0,194742,3,3,5,05,15,6,0,0,1,1,0,0
"POINT (9.773598408000055 52.335477816000036)",Unfall 194743 (2020) Kat:3, Licht: 0,194743,3,3,5,05,16,6,0,0,1,1,0,0
"POINT (9.718780332000051 52.385984518000043)",Unfall 194744 (2020) Kat:3, Licht: 0,194744,3,5,1,05,17,6,0,0,1,1,0,0
"POINT (9.760569746000044 52.412358530000063)",Unfall 194745 (2020) Kat:3, Licht: 0,194745,3,3,5,05,17,6,0,0,1,0,0,0
"POINT (9.756432738000058 52.410898619000079)",Unfall 194748 (2020) Kat:3, Licht: 0,194748,3,3,5,05,06,6,0,0,1,1,0,0
"POINT (9.727487330000031 52.380087546000027)",Unfall 194749 (2020) Kat:3, Licht: 0,194749,3,3,5,05,17,6,0,0,1,1,0,0
"POINT (9.559040285000037 52.207889014000045)",Unfall 194752 (2020) Kat:3, Licht: 0,194752,3,1,0,05,19,6,0,0,0,0,0,1
"POINT (9.466290351000055 52.306132342000069)",Unfall 194753 (2020) Kat:3, Licht: 0,194753,3,3,5,05,19,6,0,0,1,1,0,0
"POINT (9.961806611000043 52.389548656000045)",Unfall 194754 (2020) Kat:3, Licht: 0,194754,3,3,5,05,06,6,0,0,0,1,0,0
"POINT (9.733238617000040 52.442756711000072)",Unfall 194755 (2020) Kat:3, Licht: 0,194755,3,3,5,05,16,6,0,0,1,1,0,0
"POINT (9.689526279000063 52.364809741000045)",Unfall 194769 (2020) Kat:3, Licht: 0,194769,3,7,0,05,17,7,0,0,1,0,0,0
"POINT (9.724988357000029 52.397735889000046)",Unfall 194772 (2020) Kat:3, Licht: 0,194772,3,3,5,05,18,7,0,0,1,1,0,0
"POINT (9.758620122000025 52.451261837000061)",Unfall 194776 (2020) Kat:3, Licht: 0,194776,3,1,0,05,15,7,1,0,1,0,0,0
"POINT (9.524039681000033 52.264935667000032)",Unfall 194782 (2020) Kat:2, Licht: 0,194782,2,1,0,05,18,1,0,0,1,0,0,0
"POINT (9.694792921000044 52.404884391000053)",Unfall 194785 (2020) Kat:3, Licht: 0,194785,3,6,4,05,16,1,0,0,1,0,0,0
"POINT (9.750374723000050 52.375227002000031)",Unfall 194792 (2020) Kat:3, Licht: 2,194792,3,7,0,06,22,2,0,2,0,0,0,0
"POINT (9.712708585000030 52.360753340000031)",Unfall 194794 (2020) Kat:3, Licht: 0,194794,3,7,0,05,12,5,0,0,1,0,0,0
"POINT (9.670903795000072 52.386803291000035)",Unfall 194795 (2020) Kat:3, Licht: 0,194795,3,5,5,05,11,5,0,0,0,1,0,0
"POINT (9.819663113000047 52.331362522000063)",Unfall 194796 (2020) Kat:3, Licht: 0,194796,3,2,4,05,19,5,0,0,0,1,0,0
"POINT (9.743078569000033 52.389557371000080)",Unfall 194799 (2020) Kat:3, Licht: 0,194799,3,5,1,05,15,5,0,0,1,1,0,0
"POINT (9.737442550000026 52.372160555000050)",Unfall 194800 (2020) Kat:3, Licht: 0,194800,3,5,1,05,20,5,0,0,1,1,0,0
"POINT (9.734987636000028 52.370084780000070)",Unfall 194801 (2020) Kat:3, Licht: 0,194801,3,2,3,05,18,5,0,0,1,1,0,0
"POINT (9.709467296000071 52.463908116000027)",Unfall 194804 (2020) Kat:3, Licht: 0,194804,3,7,9,05,06,5,0,0,0,0,0,0
"POINT (9.806317596000042 52.417213886000070)",Unfall 194805 (2020) Kat:3, Licht: 0,194805,3,2,0,05,17,5,0,0,1,0,0,0
"POINT (9.783981124000036 52.340649633000055)",Unfall 194807 (2020) Kat:2, Licht: 0,194807,2,3,5,05,08,5,0,0,0,1,0,0
"POINT (9.714272959000027 52.371294981000062)",Unfall 194839 (2020) Kat:3, Licht: 2,194839,3,1,0,05,01,1,0,2,0,0,0,0
"POINT (9.743854632000023 52.357135017000076)",Unfall 194848 (2020) Kat:3, Licht: 0,194848,3,2,5,06,10,2,0,0,1,1,0,0
"POINT (9.966265054000076 52.378263644000072)",Unfall 194853 (2020) Kat:3, Licht: 0,194853,3,3,5,06,15,2,0,0,1,0,0,0
"POINT (9.735682543000053 52.384277688000054)",Unfall 194859 (2020) Kat:3, Licht: 0,194859,3,1,8,05,07,7,0,0,0,1,0,0
"POINT (9.754270437000059 52.389486910000073)",Unfall 194860 (2020) Kat:3, Licht: 0,194860,3,4,6,05,18,4,0,0,1,0,1,0
"POINT (9.754366554000058 52.368287842000029)",Unfall 194861 (2020) Kat:3, Licht: 0,194861,3,7,5,05,17,4,0,0,0,1,0,1
"POINT (9.670886436000046 52.377139798000030)",Unfall 194865 (2020) Kat:3, Licht: 0,194865,3,3,5,05,13,4,0,0,1,1,0,0
"POINT (9.826110787000062 52.293493536000028)",Unfall 194866 (2020) Kat:3, Licht: 0,194866,3,3,5,05,11,4,0,0,1,1,0,0
"POINT (9.767725308000024 52.336852314000055)",Unfall 194867 (2020) Kat:3, Licht: 0,194867,3,5,1,05,18,4,0,0,1,1,0,0
"POINT (9.717632726000034 52.392207251000059)",Unfall 194868 (2020) Kat:3, Licht: 0,194868,3,7,1,05,13,4,0,0,1,1,0,0
"POINT (9.742434045000039 52.378872106000074)",Unfall 194869 (2020) Kat:3, Licht: 0,194869,3,7,0,05,10,4,0,0,1,0,0,0
"POINT (9.820047850000037 52.290519576000065)",Unfall 194871 (2020) Kat:3, Licht: 0,194871,3,7,0,05,18,7,0,0,1,0,0,0
"POINT (9.749207349000074 52.398636494000073)",Unfall 194872 (2020) Kat:2, Licht: 0,194872,2,1,0,05,20,4,0,0,1,0,0,0
"POINT (9.687397336000061 52.392575958000066)",Unfall 194873 (2020) Kat:3, Licht: 0,194873,3,6,3,05,10,4,0,0,0,1,0,1
"POINT (9.692390245000070 52.409546582000075)",Unfall 194892 (2020) Kat:3, Licht: 0,194892,3,6,2,05,16,6,0,0,0,1,0,0
"POINT (9.741988456000058 52.359312063000061)",Unfall 194895 (2020) Kat:3, Licht: 0,194895,3,6,4,05,19,1,0,0,1,0,1,0
"POINT (9.716534565000075 52.335506763000069)",Unfall 194899 (2020) Kat:3, Licht: 0,194899,3,6,2,05,15,6,0,0,1,1,0,0
"POINT (9.581379668000068 52.276599752000038)",Unfall 194902 (2020) Kat:3, Licht: 0,194902,3,2,5,05,13,6,0,0,0,1,0,0
"POINT (9.977687775000049 52.376194842000075)",Unfall 194905 (2020) Kat:3, Licht: 0,194905,3,6,3,05,11,6,0,0,1,0,0,0
"POINT (9.785241483000050 52.344123153000055)",Unfall 194906 (2020) Kat:3, Licht: 0,194906,3,6,0,06,17,2,0,0,1,0,0,0
"POINT (9.749345025000025 52.399604765000049)",Unfall 194912 (2020) Kat:3, Licht: 0,194912,3,7,4,05,18,6,0,0,1,1,0,0
"POINT (9.434628840000073 52.423238408000032)",Unfall 194913 (2020) Kat:3, Licht: 1,194913,3,5,1,05,20,7,0,1,1,1,0,0
"POINT (9.980145814000025 52.326219648000063)",Unfall 194917 (2020) Kat:3, Licht: 0,194917,3,1,9,05,16,7,0,0,0,1,0,0
"POINT (9.801015308000046 52.429360089000056)",Unfall 194921 (2020) Kat:3, Licht: 0,194921,3,3,5,05,08,3,0,0,1,1,0,0
"POINT (9.750839559000042 52.375997566000080)",Unfall 194922 (2020) Kat:3, Licht: 0,194922,3,6,2,05,12,3,0,0,0,1,0,0
"POINT (9.714490390000037 52.371386995000080)",Unfall 194923 (2020) Kat:3, Licht: 0,194923,3,2,3,05,15,3,0,0,0,1,0,0
"POINT (9.837270767000064 52.396932962000051)",Unfall 194924 (2020) Kat:3, Licht: 0,194924,3,3,5,05,14,3,0,0,1,1,0,0
"POINT (9.827763406000031 52.428170762000036)",Unfall 194926 (2020) Kat:3, Licht: 0,194926,3,3,5,05,10,7,0,0,0,1,0,0
"POINT (9.834707910000077 52.384782401000052)",Unfall 194927 (2020) Kat:3, Licht: 0,194927,3,5,0,05,12,3,0,0,1,0,0,0
"POINT (9.675283938000064 52.237790363000045)",Unfall 194929 (2020) Kat:3, Licht: 0,194929,3,3,5,05,16,3,0,0,1,1,0,0
"POINT (9.739434686000038 52.343919594000056)",Unfall 194932 (2020) Kat:3, Licht: 1,194932,3,7,0,05,21,3,0,1,1,0,0,0
"POINT (9.700485381000021 52.424087947000032)",Unfall 194944 (2020) Kat:3, Licht: 0,194944,3,7,0,06,13,2,0,0,1,0,0,0
"POINT (9.848023479000062 52.472198333000051)",Unfall 194950 (2020) Kat:2, Licht: 0,194950,2,3,5,05,19,1,0,0,1,1,0,0
"POINT (9.740786332000027 52.380487739000046)",Unfall 194957 (2020) Kat:3, Licht: 0,194957,3,6,2,06,15,2,0,0,0,1,0,0
"POINT (9.614321654000037 52.419444488000067)",Unfall 194961 (2020) Kat:3, Licht: 0,194961,3,7,0,05,14,2,0,0,1,0,0,0
"POINT (9.697566702000074 52.391979495000044)",Unfall 194962 (2020) Kat:3, Licht: 0,194962,3,2,2,05,17,1,0,0,1,0,0,0
"POINT (9.712665506000064 52.343801223000071)",Unfall 194963 (2020) Kat:3, Licht: 0,194963,3,7,0,05,17,2,0,0,1,0,0,0
"POINT (9.707416671000033 52.373868664000042)",Unfall 194964 (2020) Kat:3, Licht: 0,194964,3,5,1,05,16,2,0,0,1,1,0,0
"POINT (9.723064089000047 52.337424464000037)",Unfall 194965 (2020) Kat:3, Licht: 0,194965,3,6,2,05,17,2,0,0,0,1,0,0
"POINT (9.731345534000070 52.406801529000063)",Unfall 194967 (2020) Kat:2, Licht: 0,194967,2,5,1,05,14,7,0,0,0,1,0,0
"POINT (9.636206214000026 52.559544623000079)",Unfall 194968 (2020) Kat:3, Licht: 0,194968,3,7,0,05,19,2,0,0,0,1,0,1
"POINT (9.764102470000069 52.261655185000052)",Unfall 194985 (2020) Kat:3, Licht: 0,194985,3,7,1,06,14,3,0,0,0,1,0,1
"POINT (9.672123400000032 52.336736332000044)",Unfall 194988 (2020) Kat:3, Licht: 0,194988,3,3,5,06,13,5,0,0,1,0,0,0
"POINT (9.487306936000039 52.304721193000034)",Unfall 194991 (2020) Kat:3, Licht: 0,194991,3,7,0,06,13,4,0,0,0,0,0,0
"POINT (9.738137400000028 52.445482977000040)",Unfall 194992 (2020) Kat:3, Licht: 0,194992,3,3,5,06,16,7,0,0,1,1,0,0
"POINT (9.786195435000025 52.398940526000047)",Unfall 194998 (2020) Kat:3, Licht: 0,194998,3,3,5,06,15,3,0,0,1,0,0,0
"POINT (9.801831925000045 52.409708412000043)",Unfall 195000 (2020) Kat:2, Licht: 0,195000,2,7,0,06,11,5,0,0,1,0,0,0
"POINT (9.713638813000046 52.354644535000034)",Unfall 195011 (2020) Kat:2, Licht: 0,195011,2,1,8,06,18,1,0,0,1,0,0,0
"POINT (9.689051513000038 52.377141500000050)",Unfall 195019 (2020) Kat:3, Licht: 0,195019,3,3,0,06,16,5,1,0,1,0,0,0
"POINT (9.589220450000028 52.418311966000033)",Unfall 195025 (2020) Kat:3, Licht: 0,195025,3,2,2,06,17,6,1,0,0,1,0,0
"POINT (9.740496599000039 52.374107517000027)",Unfall 195027 (2020) Kat:3, Licht: 0,195027,3,3,5,06,10,3,0,0,1,1,0,0
"POINT (9.722600173000046 52.369803842000067)",Unfall 195032 (2020) Kat:3, Licht: 0,195032,3,6,6,06,16,2,0,0,0,1,1,0
"POINT (9.470865122000021 52.315757648000044)",Unfall 195039 (2020) Kat:3, Licht: 0,195039,3,3,5,06,14,3,0,0,1,1,0,0
"POINT (9.673188982000056 52.368183880000061)",Unfall 195041 (2020) Kat:2, Licht: 0,195041,2,4,6,06,17,5,0,0,0,1,1,0
"POINT (9.733830628000021 52.586215206000077)",Unfall 195047 (2020) Kat:3, Licht: 0,195047,3,7,7,06,20,2,0,0,1,0,0,0
"POINT (9.746505888000058 52.381163617000027)",Unfall 195050 (2020) Kat:3, Licht: 0,195050,3,5,1,06,16,7,0,0,1,1,0,0
"POINT (9.827404802000046 52.329782577000060)",Unfall 195053 (2020) Kat:3, Licht: 0,195053,3,1,0,06,13,3,0,0,1,0,0,0
"POINT (9.656685691000064 52.407297943000060)",Unfall 195060 (2020) Kat:3, Licht: 0,195060,3,2,3,06,13,5,1,0,0,1,0,0
"POINT (9.710476969000069 52.367315627000039)",Unfall 195067 (2020) Kat:3, Licht: 0,195067,3,1,0,06,13,1,0,0,1,0,0,0
"POINT (9.736508356000059 52.386867535000079)",Unfall 195071 (2020) Kat:3, Licht: 0,195071,3,7,2,06,10,5,1,0,1,1,0,0
"POINT (9.768316156000026 52.335938190000036)",Unfall 195086 (2020) Kat:3, Licht: 0,195086,3,7,0,06,20,2,0,0,1,0,0,0
"POINT (9.714642429000037 52.403784315000053)",Unfall 195088 (2020) Kat:3, Licht: 0,195088,3,2,3,06,17,4,0,0,1,0,0,0
"POINT (9.788545389000035 52.332837603000030)",Unfall 195096 (2020) Kat:3, Licht: 0,195096,3,7,0,06,15,3,0,0,0,0,0,0
"POINT (9.741621083000041 52.375612933000070)",Unfall 195099 (2020) Kat:3, Licht: 0,195099,3,3,5,06,11,5,0,0,1,1,0,0
"POINT (9.826313516000027 52.297628540000062)",Unfall 195101 (2020) Kat:3, Licht: 0,195101,3,6,3,06,16,3,0,0,0,1,0,0
"POINT (9.562670698000034 52.207969706000029)",Unfall 195102 (2020) Kat:3, Licht: 0,195102,3,6,8,06,16,4,0,0,1,0,0,0
"POINT (10.050539114000060 52.396555357000068)",Unfall 195103 (2020) Kat:3, Licht: 0,195103,3,6,2,06,13,7,1,0,0,0,0,0
"POINT (9.693838415000073 52.400622352000028)",Unfall 195108 (2020) Kat:3, Licht: 0,195108,3,6,2,06,11,3,0,0,0,1,0,0
"POINT (9.782955543000071 52.336005395000029)",Unfall 195111 (2020) Kat:3, Licht: 0,195111,3,1,0,06,17,3,1,0,0,0,0,1
"POINT (9.728391057000067 52.389961562000053)",Unfall 195112 (2020) Kat:3, Licht: 1,195112,3,1,0,06,22,3,0,1,1,0,0,0
"POINT (9.751814710000076 52.372355034000066)",Unfall 195113 (2020) Kat:3, Licht: 0,195113,3,3,5,06,13,5,0,0,1,1,0,0
"POINT (9.725560956000038 52.397844075000080)",Unfall 195115 (2020) Kat:3, Licht: 0,195115,3,2,4,06,18,3,0,0,1,1,0,0
"POINT (9.733850735000033 52.374351107000052)",Unfall 195122 (2020) Kat:3, Licht: 0,195122,3,6,0,06,15,3,0,0,1,1,0,0
"POINT (9.467526436000071 52.423805933000040)",Unfall 195123 (2020) Kat:3, Licht: 0,195123,3,1,8,06,10,4,0,0,1,1,0,0
"POINT (9.872885637000024 52.509852026000033)",Unfall 195125 (2020) Kat:3, Licht: 2,195125,3,7,0,06,22,1,0,2,1,0,0,0
"POINT (9.842652068000064 52.410025106000035)",Unfall 195126 (2020) Kat:3, Licht: 0,195126,3,6,4,06,16,3,0,0,0,1,0,0
"POINT (9.796409149000056 52.404830137000033)",Unfall 195129 (2020) Kat:3, Licht: 0,195129,3,7,0,06,13,3,0,0,0,0,0,0
"POINT (9.362827924000044 52.452071113000045)",Unfall 195132 (2020) Kat:3, Licht: 0,195132,3,6,6,06,12,5,0,0,1,0,1,0
"POINT (9.629204483000024 52.394668974000069)",Unfall 195134 (2020) Kat:3, Licht: 0,195134,3,3,5,06,15,3,0,0,1,0,0,0
"POINT (9.511409301000072 52.290090401000043)",Unfall 195135 (2020) Kat:3, Licht: 0,195135,3,1,9,06,18,4,1,0,1,1,0,0
"POINT (9.811765356000024 52.410593286000051)",Unfall 195139 (2020) Kat:3, Licht: 0,195139,3,2,6,06,07,6,0,0,0,1,1,0
"POINT (9.685304723000058 52.394177324000054)",Unfall 195140 (2020) Kat:3, Licht: 0,195140,3,5,2,06,14,3,0,0,0,1,0,0
"POINT (9.611037172000067 52.429766985000072)",Unfall 195144 (2020) Kat:3, Licht: 0,195144,3,3,5,06,14,2,0,0,0,1,0,1
"POINT (9.728214361000028 52.374114252000027)",Unfall 195146 (2020) Kat:3, Licht: 0,195146,3,6,2,06,19,2,0,0,0,1,0,0
"POINT (9.740402262000032 52.448085507000030)",Unfall 195147 (2020) Kat:3, Licht: 0,195147,3,6,2,06,12,3,0,0,0,1,0,0
"POINT (9.835934861000055 52.424157476000062)",Unfall 195148 (2020) Kat:3, Licht: 0,195148,3,6,2,06,09,4,0,0,0,1,0,0
"POINT (9.736497655000051 52.383428712000068)",Unfall 195152 (2020) Kat:2, Licht: 0,195152,2,1,9,06,21,3,0,0,0,0,0,1
"POINT (9.462425797000037 52.507685994000042)",Unfall 195153 (2020) Kat:3, Licht: 0,195153,3,3,5,06,09,3,0,0,0,1,0,1
"POINT (9.740608970000039 52.383377710000048)",Unfall 195154 (2020) Kat:3, Licht: 0,195154,3,7,0,06,10,3,0,0,1,0,0,0
"POINT (9.852118235000035 52.560084949000043)",Unfall 195155 (2020) Kat:3, Licht: 0,195155,3,3,5,06,17,5,0,0,1,1,0,0
"POINT (9.767704559000038 52.410329277000073)",Unfall 195157 (2020) Kat:3, Licht: 0,195157,3,3,5,06,08,3,0,0,1,1,0,0
"POINT (9.711263122000048 52.444103356000028)",Unfall 195158 (2020) Kat:3, Licht: 0,195158,3,6,2,06,08,4,0,0,0,1,0,0
"POINT (9.686262537000062 52.361225799000067)",Unfall 195159 (2020) Kat:2, Licht: 0,195159,2,7,8,06,10,7,0,0,0,1,0,0
"POINT (9.763470511000037 52.368830923000075)",Unfall 195164 (2020) Kat:3, Licht: 2,195164,3,1,0,06,00,7,1,2,1,0,0,0
"POINT (9.674269010000046 52.412330337000071)",Unfall 195167 (2020) Kat:3, Licht: 0,195167,3,2,5,06,14,3,0,0,0,1,0,1
"POINT (9.722438021000073 52.372940779000032)",Unfall 195169 (2020) Kat:3, Licht: 0,195169,3,1,0,06,08,5,0,0,1,0,0,0
"POINT (9.668169834000025 52.415423605000058)",Unfall 195186 (2020) Kat:3, Licht: 0,195186,3,3,5,06,11,5,1,0,1,1,0,0
"POINT (9.691200041000059 52.384269772000039)",Unfall 195189 (2020) Kat:3, Licht: 0,195189,3,1,8,06,16,4,0,0,1,0,0,0
"POINT (9.694446726000024 52.353035132000059)",Unfall 195192 (2020) Kat:3, Licht: 0,195192,3,6,2,06,08,6,0,0,0,0,0,0
"POINT (9.781591150000054 52.417647176000060)",Unfall 195193 (2020) Kat:3, Licht: 0,195193,3,2,2,06,11,4,0,0,0,1,0,0
"POINT (9.752536046000046 52.392370472000039)",Unfall 195195 (2020) Kat:3, Licht: 0,195195,3,1,0,06,13,1,0,0,1,0,0,0
"POINT (9.756072120000056 52.415625629000033)",Unfall 195199 (2020) Kat:3, Licht: 0,195199,3,7,0,06,15,2,0,0,1,0,0,0
"POINT (10.066721013000063 52.398251924000078)",Unfall 195205 (2020) Kat:3, Licht: 0,195205,3,3,5,06,17,3,0,0,1,0,0,0
"POINT (9.747761957000023 52.395351453000046)",Unfall 195207 (2020) Kat:3, Licht: 0,195207,3,2,5,06,21,5,0,0,1,1,0,0
"POINT (9.707864744000062 52.372122218000072)",Unfall 195209 (2020) Kat:3, Licht: 0,195209,3,1,0,06,14,3,0,0,1,0,0,0
"POINT (9.717574611000032 52.332438055000068)",Unfall 195212 (2020) Kat:3, Licht: 0,195212,3,6,3,06,16,5,0,0,1,0,0,0
"POINT (9.738105163000057 52.381828226000039)",Unfall 195213 (2020) Kat:3, Licht: 0,195213,3,7,0,06,14,2,0,0,1,0,0,0
"POINT (9.809613902000024 52.398032407000073)",Unfall 195215 (2020) Kat:3, Licht: 0,195215,3,3,5,06,16,4,0,0,0,1,0,0
"POINT (9.731526236000036 52.553043852000030)",Unfall 195216 (2020) Kat:3, Licht: 2,195216,3,1,9,06,23,7,1,2,0,1,0,0
"POINT (9.756377538000038 52.413997018000032)",Unfall 195234 (2020) Kat:3, Licht: 2,195234,3,5,1,06,21,1,0,2,0,1,0,0
"POINT (9.709161322000057 52.400906314000053)",Unfall 195239 (2020) Kat:3, Licht: 0,195239,3,5,1,06,12,2,0,0,1,0,0,0
"POINT (9.840443807000042 52.394329656000082)",Unfall 195241 (2020) Kat:3, Licht: 0,195241,3,3,6,06,11,5,0,0,0,1,1,0
"POINT (9.733502789000056 52.369212847000028)",Unfall 195248 (2020) Kat:3, Licht: 0,195248,3,3,5,06,17,6,0,0,1,1,0,0
"POINT (9.465725137000050 52.504196718000060)",Unfall 195252 (2020) Kat:3, Licht: 0,195252,3,6,2,06,13,2,0,0,0,1,0,0
"POINT (9.973163789000068 52.380264884000042)",Unfall 195257 (2020) Kat:3, Licht: 0,195257,3,7,0,06,08,6,0,0,1,0,0,0
"POINT (9.809183281000060 52.391071024000041)",Unfall 195274 (2020) Kat:3, Licht: 1,195274,3,4,0,06,21,5,0,1,1,0,1,0
"POINT (9.756272468000077 52.342697106000060)",Unfall 195276 (2020) Kat:3, Licht: 0,195276,3,3,5,06,07,5,0,0,1,1,0,0
"POINT (9.734088096000050 52.391830723000055)",Unfall 195278 (2020) Kat:3, Licht: 0,195278,3,7,0,06,18,5,0,0,1,0,0,0
"POINT (9.706827233000070 52.407848031000071)",Unfall 195279 (2020) Kat:3, Licht: 0,195279,3,3,5,06,11,5,0,0,0,1,0,1
"POINT (9.839092247000053 52.490768670000080)",Unfall 195283 (2020) Kat:3, Licht: 0,195283,3,6,3,06,10,6,0,0,0,1,0,0
"POINT (9.861878165000064 52.491991684000027)",Unfall 195294 (2020) Kat:3, Licht: 0,195294,3,1,0,06,07,6,0,0,1,0,0,0
"POINT (9.753703219000045 52.450615785000082)",Unfall 195302 (2020) Kat:2, Licht: 0,195302,2,1,0,06,12,7,0,0,1,0,0,0
"POINT (9.748098462000030 52.376800375000073)",Unfall 195307 (2020) Kat:3, Licht: 2,195307,3,1,0,06,23,6,0,2,1,0,0,0
"POINT (9.658641846000023 52.429494209000040)",Unfall 195323 (2020) Kat:3, Licht: 0,195323,3,6,4,06,06,4,0,0,1,0,0,0
"POINT (9.738825929000029 52.355976085000066)",Unfall 195325 (2020) Kat:3, Licht: 0,195325,3,2,4,06,12,4,0,0,1,0,0,0
"POINT (9.751891785000055 52.385944200000040)",Unfall 195328 (2020) Kat:3, Licht: 0,195328,3,2,5,06,19,4,0,0,1,1,0,0
"POINT (9.457395305000034 52.503341548000037)",Unfall 195329 (2020) Kat:3, Licht: 0,195329,3,6,2,06,11,4,0,0,0,1,0,0
"POINT (9.850321236000070 52.496961010000064)",Unfall 195330 (2020) Kat:3, Licht: 0,195330,3,7,0,06,10,4,0,0,1,0,0,0
"POINT (9.786713694000071 52.389812117000076)",Unfall 195331 (2020) Kat:3, Licht: 0,195331,3,6,2,06,10,4,0,0,0,1,0,0
"POINT (9.716809167000065 52.381995852000045)",Unfall 195332 (2020) Kat:2, Licht: 0,195332,2,1,0,06,20,4,0,0,0,0,0,1
"POINT (9.747736453000073 52.358251718000076)",Unfall 195333 (2020) Kat:2, Licht: 0,195333,2,1,0,06,13,4,0,0,1,0,0,0
"POINT (9.796507361000067 52.318439219000027)",Unfall 195341 (2020) Kat:3, Licht: 0,195341,3,1,0,06,16,6,0,0,1,0,0,0
"POINT (9.819323103000045 52.356002627000066)",Unfall 195342 (2020) Kat:3, Licht: 0,195342,3,2,5,06,10,6,0,0,1,0,0,0
"POINT (9.715483245000030 52.382811531000073)",Unfall 195345 (2020) Kat:3, Licht: 0,195345,3,3,5,06,21,6,0,0,1,0,0,0
"POINT (9.757882258000052 52.337038245000031)",Unfall 195349 (2020) Kat:3, Licht: 0,195349,3,3,5,06,10,7,0,0,1,1,0,0
"POINT (9.719961730000023 52.367857305000030)",Unfall 195354 (2020) Kat:3, Licht: 0,195354,3,6,2,06,19,6,0,0,1,1,0,0
"POINT (9.660278648000030 52.241723371000035)",Unfall 195363 (2020) Kat:3, Licht: 0,195363,3,4,0,06,14,6,0,0,0,1,1,0
"POINT (9.606516344000056 52.316564341000060)",Unfall 195366 (2020) Kat:3, Licht: 0,195366,3,3,5,06,14,6,0,0,1,1,0,0
"POINT (9.466836348000072 52.304652608000026)",Unfall 195368 (2020) Kat:3, Licht: 0,195368,3,1,0,06,19,6,1,0,0,0,0,1
"POINT (9.728900138000029 52.479511857000034)",Unfall 195374 (2020) Kat:3, Licht: 0,195374,3,5,1,06,16,6,0,0,1,1,0,0
"POINT (9.907984796000051 52.512382346000038)",Unfall 195377 (2020) Kat:3, Licht: 0,195377,3,1,0,06,16,6,0,0,1,0,0,0
"POINT (9.614782526000056 52.603719397000077)",Unfall 195379 (2020) Kat:2, Licht: 2,195379,2,7,0,06,22,6,0,2,0,1,1,0
"POINT (9.825940149000076 52.377790901000026)",Unfall 195380 (2020) Kat:3, Licht: 0,195380,3,6,2,06,07,3,0,0,1,1,0,0
"POINT (9.738037851000058 52.381092914000078)",Unfall 195381 (2020) Kat:3, Licht: 0,195381,3,7,0,06,10,3,0,0,1,0,0,0
"POINT (9.753321447000076 52.390230338000038)",Unfall 195383 (2020) Kat:3, Licht: 2,195383,3,2,4,06,22,3,0,2,1,1,0,0
"POINT (9.781392158000074 52.408944662000067)",Unfall 195384 (2020) Kat:2, Licht: 0,195384,2,1,0,06,12,3,0,0,1,0,0,0
"POINT (9.414544162000027 52.330839100000048)",Unfall 195390 (2020) Kat:3, Licht: 0,195390,3,5,0,06,13,7,0,0,1,0,0,0
"POINT (9.734845852000035 52.362308972000051)",Unfall 195433 (2020) Kat:3, Licht: 0,195433,3,3,5,06,15,2,0,0,1,0,0,0
"POINT (9.738620244000060 52.390312193000057)",Unfall 195434 (2020) Kat:3, Licht: 0,195434,3,5,0,06,14,2,0,0,1,1,0,0
"POINT (9.448734167000055 52.417240851000031)",Unfall 195436 (2020) Kat:3, Licht: 0,195436,3,2,5,06,20,2,0,0,0,0,0,1
"POINT (9.556197724000072 52.269268038000064)",Unfall 195437 (2020) Kat:2, Licht: 0,195437,2,3,5,06,16,2,0,0,1,1,0,0
"POINT (9.602861257000029 52.441545390000044)",Unfall 195439 (2020) Kat:3, Licht: 0,195439,3,3,5,06,08,2,0,0,1,1,0,0
"POINT (9.741011698000023 52.398781316000054)",Unfall 195441 (2020) Kat:3, Licht: 0,195441,3,3,5,06,19,2,0,0,1,1,0,0
"POINT (9.678045763000057 52.395750055000065)",Unfall 195442 (2020) Kat:3, Licht: 0,195442,3,2,5,06,13,2,0,0,1,0,0,0
"POINT (9.742432534000045 52.376139751000039)",Unfall 195443 (2020) Kat:3, Licht: 0,195443,3,1,0,06,15,6,0,0,1,0,0,0
"POINT (9.755611998000063 52.343835153000043)",Unfall 195444 (2020) Kat:2, Licht: 2,195444,2,1,9,06,00,2,1,2,0,1,0,0
"POINT (9.736057573000039 52.384107503000052)",Unfall 195453 (2020) Kat:3, Licht: 0,195453,3,3,5,06,13,7,0,0,0,1,0,1
"POINT (9.707725650000043 52.373359947000040)",Unfall 195471 (2020) Kat:3, Licht: 0,195471,3,1,0,06,15,1,1,0,1,0,0,0
"POINT (9.805764290000070 52.413306607000038)",Unfall 195472 (2020) Kat:3, Licht: 0,195472,3,2,2,06,17,1,1,0,0,1,0,1
"POINT (9.570580357000040 52.397559687000069)",Unfall 195473 (2020) Kat:3, Licht: 0,195473,3,1,0,06,12,1,0,0,1,0,0,0
"POINT (9.707224610000026 52.433535203000076)",Unfall 195474 (2020) Kat:3, Licht: 0,195474,3,2,6,06,16,1,1,0,0,1,1,0
"POINT (9.799620273000073 52.376593436000064)",Unfall 195497 (2020) Kat:3, Licht: 0,195497,3,2,5,06,14,7,0,0,1,1,0,0
"POINT (9.830925083000068 52.424596806000068)",Unfall 195498 (2020) Kat:3, Licht: 0,195498,3,3,5,06,13,6,0,0,0,1,0,0
"POINT (9.785521938000045 52.330125379000037)",Unfall 195499 (2020) Kat:3, Licht: 0,195499,3,7,0,06,07,7,0,0,1,0,0,0
"POINT (9.747208325000031 52.385317483000051)",Unfall 195501 (2020) Kat:3, Licht: 2,195501,3,7,8,06,00,7,0,2,1,0,0,0
"POINT (9.735225854000021 52.309789423000041)",Unfall 195502 (2020) Kat:3, Licht: 0,195502,3,6,6,06,11,6,0,0,1,0,1,0
"POINT (9.732786433000058 52.344883022000033)",Unfall 195503 (2020) Kat:3, Licht: 0,195503,3,3,5,06,13,7,0,0,1,0,0,0
"POINT (9.762876989000063 52.369642566000039)",Unfall 195509 (2020) Kat:3, Licht: 0,195509,3,6,3,06,08,3,0,0,1,0,0,0
"POINT (9.771853206000060 52.338740652000070)",Unfall 195516 (2020) Kat:3, Licht: 0,195516,3,3,5,06,08,4,0,0,1,1,0,0
"POINT (9.811444379000022 52.359729422000044)",Unfall 195518 (2020) Kat:3, Licht: 0,195518,3,7,1,06,14,6,0,0,0,1,0,0
"POINT (9.775336667000033 52.400297734000048)",Unfall 195526 (2020) Kat:3, Licht: 0,195526,3,3,5,06,16,4,0,0,1,1,0,0
"POINT (9.746430937000071 52.270994551000058)",Unfall 195528 (2020) Kat:2, Licht: 0,195528,2,1,0,06,18,6,0,0,1,0,0,0
"POINT (9.753780505000066 52.390486222000050)",Unfall 195534 (2020) Kat:3, Licht: 0,195534,3,6,2,06,20,3,0,0,0,1,0,0
"POINT (9.720691505000048 52.391053673000044)",Unfall 195536 (2020) Kat:3, Licht: 0,195536,3,7,0,06,09,2,0,0,0,0,1,0
"POINT (9.716032955000060 52.378072104000069)",Unfall 195538 (2020) Kat:3, Licht: 0,195538,3,2,4,06,18,2,0,0,1,1,0,0
"POINT (9.706674983000028 52.373719338000058)",Unfall 195540 (2020) Kat:3, Licht: 0,195540,3,6,4,06,21,2,0,0,1,0,0,0
"POINT (9.781018472000028 52.398303935000058)",Unfall 195546 (2020) Kat:3, Licht: 0,195546,3,7,0,06,20,2,0,0,0,1,0,1
"POINT (9.465075605000038 52.308321298000067)",Unfall 195550 (2020) Kat:3, Licht: 0,195550,3,3,5,06,14,2,0,0,1,1,0,0
"POINT (9.745487023000067 52.367369236000059)",Unfall 195552 (2020) Kat:3, Licht: 0,195552,3,3,5,06,20,3,0,0,1,1,0,0
"POINT (9.764924080000071 52.338847808000082)",Unfall 195553 (2020) Kat:3, Licht: 1,195553,3,3,5,06,21,5,0,1,1,1,0,0
"POINT (9.580303326000035 52.420808380000040)",Unfall 195556 (2020) Kat:3, Licht: 0,195556,3,2,2,06,13,2,0,0,0,1,0,0
"POINT (10.092087124000045 52.388218750000078)",Unfall 195561 (2020) Kat:3, Licht: 0,195561,3,1,0,06,16,2,0,0,1,0,0,0
"POINT (10.024409746000060 52.449716481000053)",Unfall 195563 (2020) Kat:3, Licht: 0,195563,3,7,0,06,07,2,0,0,1,0,0,0
"POINT (9.449550324000029 52.425886258000048)",Unfall 195564 (2020) Kat:3, Licht: 0,195564,3,4,6,06,13,4,0,0,0,1,1,0
"POINT (9.734946524000065 52.380275330000075)",Unfall 195566 (2020) Kat:3, Licht: 0,195566,3,2,3,06,16,5,0,0,1,1,0,0
"POINT (9.691147785000055 52.416831097000056)",Unfall 195568 (2020) Kat:3, Licht: 0,195568,3,7,0,06,14,4,0,0,1,0,0,0
"POINT (9.589701016000049 52.418799867000075)",Unfall 195575 (2020) Kat:2, Licht: 0,195575,2,3,5,06,08,4,0,0,0,1,0,1
"POINT (9.792485158000034 52.397526525000046)",Unfall 195577 (2020) Kat:3, Licht: 0,195577,3,6,2,06,14,6,0,0,0,1,0,1
"POINT (9.753420380000023 52.390374791000056)",Unfall 195580 (2020) Kat:3, Licht: 0,195580,3,2,5,06,10,6,0,0,0,1,0,0
"POINT (9.834606684000050 52.283690072000070)",Unfall 195590 (2020) Kat:3, Licht: 0,195590,3,3,5,06,09,5,0,0,0,1,0,0
"POINT (9.709748007000030 52.389903194000055)",Unfall 195601 (2020) Kat:3, Licht: 2,195601,3,5,0,06,00,3,0,2,0,1,1,0
"POINT (9.683577741000022 52.363727874000062)",Unfall 195602 (2020) Kat:3, Licht: 0,195602,3,7,6,06,13,3,0,0,0,1,1,0
"POINT (9.588839105000034 52.392753751000043)",Unfall 195603 (2020) Kat:3, Licht: 0,195603,3,3,5,06,16,5,0,0,1,1,0,0
"POINT (9.712275853000051 52.370868962000031)",Unfall 195609 (2020) Kat:3, Licht: 0,195609,3,6,2,06,13,3,0,0,0,1,0,1
"POINT (9.707939832000022 52.376428860000033)",Unfall 195613 (2020) Kat:3, Licht: 0,195613,3,7,0,06,13,3,0,0,1,0,0,0
"POINT (9.722594563000030 52.377306641000075)",Unfall 195618 (2020) Kat:3, Licht: 0,195618,3,7,0,06,12,4,0,0,0,1,0,0
"POINT (9.743594818000076 52.357224665000047)",Unfall 195620 (2020) Kat:3, Licht: 0,195620,3,4,0,06,15,6,0,0,0,0,1,0
"POINT (9.734961552000073 52.386405600000046)",Unfall 195622 (2020) Kat:3, Licht: 0,195622,3,3,5,06,13,3,0,0,0,1,0,1
"POINT (9.755053103000023 52.374442072000079)",Unfall 195629 (2020) Kat:3, Licht: 0,195629,3,6,6,06,15,4,0,0,0,1,1,0
"POINT (9.535548417000030 52.586334527000076)",Unfall 195631 (2020) Kat:3, Licht: 0,195631,3,7,1,06,15,6,0,0,1,0,0,0
"POINT (9.762845143000050 52.395402860000047)",Unfall 195633 (2020) Kat:3, Licht: 0,195633,3,2,2,06,07,3,0,0,0,1,0,0
"POINT (9.720409740000036 52.391446726000027)",Unfall 195637 (2020) Kat:3, Licht: 0,195637,3,7,0,06,16,1,0,0,1,0,0,0
"POINT (9.828537508000068 52.386037931000033)",Unfall 195640 (2020) Kat:3, Licht: 0,195640,3,3,5,06,15,1,0,0,0,1,0,1
"POINT (9.819226218000040 52.390610457000037)",Unfall 195642 (2020) Kat:3, Licht: 0,195642,3,6,2,06,17,3,0,0,0,1,0,0
"POINT (9.427757444000065 52.552254528000049)",Unfall 195644 (2020) Kat:2, Licht: 0,195644,2,3,5,06,18,1,0,0,1,1,0,0
"POINT (9.947981562000052 52.376416975000041)",Unfall 195650 (2020) Kat:3, Licht: 0,195650,3,1,0,06,11,1,0,0,1,0,0,0
"POINT (9.626751910000053 52.211437163000028)",Unfall 195653 (2020) Kat:3, Licht: 0,195653,3,3,5,06,15,3,0,0,0,1,0,0
"POINT (9.581485739000073 52.276518980000048)",Unfall 195655 (2020) Kat:3, Licht: 0,195655,3,3,5,06,15,3,0,0,0,1,0,0
"POINT (9.702802527000074 52.369317995000074)",Unfall 195656 (2020) Kat:3, Licht: 0,195656,3,3,5,06,14,5,0,0,0,1,0,0
"POINT (9.740623636000066 52.374036655000054)",Unfall 195657 (2020) Kat:3, Licht: 0,195657,3,6,3,06,15,5,0,0,0,1,0,0
"POINT (9.721036581000021 52.386831202000053)",Unfall 195660 (2020) Kat:3, Licht: 0,195660,3,1,0,06,19,1,0,0,1,0,0,0
"POINT (9.781418005000035 52.400305780000053)",Unfall 195668 (2020) Kat:3, Licht: 0,195668,3,6,2,06,15,4,0,0,0,1,0,1
"POINT (9.791173583000045 52.396893829000078)",Unfall 195670 (2020) Kat:3, Licht: 0,195670,3,6,2,06,10,6,0,0,0,1,0,0
"POINT (9.620208038000044 52.438982507000048)",Unfall 195672 (2020) Kat:2, Licht: 0,195672,2,7,0,06,15,3,0,0,1,0,0,0
"POINT (9.763505378000048 52.339269468000055)",Unfall 195680 (2020) Kat:2, Licht: 0,195680,2,2,5,06,16,4,0,0,1,1,0,0
"POINT (9.763013963000049 52.395128308000039)",Unfall 195682 (2020) Kat:3, Licht: 0,195682,3,2,5,06,18,6,0,0,1,1,0,0
"POINT (9.749069799000040 52.397664889000055)",Unfall 195696 (2020) Kat:2, Licht: 0,195696,2,4,6,06,16,3,0,0,1,0,1,0
"POINT (9.693310337000071 52.393417219000071)",Unfall 195706 (2020) Kat:3, Licht: 0,195706,3,3,5,06,16,3,0,0,1,1,0,0
"POINT (9.352760211000032 52.454233502000079)",Unfall 195707 (2020) Kat:2, Licht: 0,195707,2,6,4,06,13,5,0,0,1,0,0,0
"POINT (9.729970694000031 52.392282072000057)",Unfall 195721 (2020) Kat:3, Licht: 0,195721,3,6,3,06,10,4,0,0,1,0,0,0
"POINT (9.692008911000073 52.418858531000069)",Unfall 195723 (2020) Kat:3, Licht: 0,195723,3,3,5,06,11,6,0,0,1,1,0,0
"POINT (9.606231469000022 52.413528669000073)",Unfall 195732 (2020) Kat:3, Licht: 0,195732,3,3,5,06,18,4,0,0,1,1,0,0
"POINT (9.355777356000033 52.457042606000073)",Unfall 195734 (2020) Kat:3, Licht: 0,195734,3,6,4,06,18,6,0,0,1,0,0,0
"POINT (9.688407697000059 52.393397107000055)",Unfall 195739 (2020) Kat:3, Licht: 0,195739,3,3,5,06,18,7,0,0,1,1,0,0
"POINT (9.669367433000048 52.349664457000074)",Unfall 195741 (2020) Kat:3, Licht: 0,195741,3,3,5,06,12,7,0,0,1,1,0,0
"POINT (9.726083896000034 52.377198604000057)",Unfall 195744 (2020) Kat:3, Licht: 1,195744,3,1,4,06,20,5,0,1,1,0,0,0
"POINT (9.810661444000061 52.363077167000029)",Unfall 195750 (2020) Kat:3, Licht: 2,195750,3,6,2,06,23,7,0,2,1,0,0,0
"POINT (9.717988742000046 52.332033651000074)",Unfall 195753 (2020) Kat:2, Licht: 0,195753,2,1,8,06,08,3,0,0,1,0,0,0
"POINT (9.656969294000021 52.407171649000077)",Unfall 195755 (2020) Kat:3, Licht: 0,195755,3,3,0,06,14,3,0,0,1,1,0,0
"POINT (9.710891716000049 52.379970499000081)",Unfall 195756 (2020) Kat:3, Licht: 0,195756,3,6,4,06,21,5,0,0,1,0,0,0
"POINT (9.721391285000038 52.316128805000062)",Unfall 195758 (2020) Kat:3, Licht: 0,195758,3,6,2,06,13,7,0,0,0,1,0,0
"POINT (9.794144437000057 52.393247685000063)",Unfall 195763 (2020) Kat:3, Licht: 0,195763,3,6,3,07,12,1,0,0,0,1,0,0
"POINT (9.815217409000070 52.390150097000060)",Unfall 195766 (2020) Kat:3, Licht: 0,195766,3,6,2,07,11,7,0,0,0,1,0,0
"POINT (9.810859500000049 52.301280371000075)",Unfall 195767 (2020) Kat:3, Licht: 0,195767,3,2,0,06,15,2,0,0,1,0,0,0
"POINT (9.717206316000045 52.345293346000062)",Unfall 195768 (2020) Kat:3, Licht: 0,195768,3,6,2,07,19,7,0,0,1,0,0,1
"POINT (9.796864088000064 52.372835829000053)",Unfall 195769 (2020) Kat:3, Licht: 0,195769,3,1,0,06,17,2,0,0,1,0,0,0
"POINT (9.829506942000023 52.337023285000043)",Unfall 195771 (2020) Kat:3, Licht: 0,195771,3,3,0,07,06,7,0,0,0,1,0,1
"POINT (9.694094131000043 52.403439922000075)",Unfall 195772 (2020) Kat:3, Licht: 0,195772,3,3,5,06,09,2,0,0,1,1,0,0
"POINT (9.761962409000034 52.333065272000056)",Unfall 195773 (2020) Kat:3, Licht: 2,195773,3,6,6,07,03,7,0,2,0,1,1,0
"POINT (9.753474092000033 52.441532373000030)",Unfall 195774 (2020) Kat:3, Licht: 0,195774,3,3,5,07,09,7,0,0,1,1,0,0
"POINT (9.694237412000064 52.341688954000062)",Unfall 195779 (2020) Kat:3, Licht: 0,195779,3,1,0,06,11,2,0,0,0,0,0,1
"POINT (9.762719126000036 52.415985829000078)",Unfall 195782 (2020) Kat:3, Licht: 0,195782,3,2,5,06,11,2,0,0,0,1,0,0
"POINT (9.751891785000055 52.385944200000040)",Unfall 195787 (2020) Kat:3, Licht: 0,195787,3,3,5,06,17,2,0,0,1,1,0,0
"POINT (9.678298372000029 52.395914055000048)",Unfall 195788 (2020) Kat:3, Licht: 0,195788,3,1,0,07,16,1,1,0,0,0,0,1
"POINT (9.448487432000036 52.506869384000026)",Unfall 195789 (2020) Kat:2, Licht: 0,195789,2,7,0,07,17,2,1,0,0,0,0,1
"POINT (9.616610506000029 52.424134044000027)",Unfall 195791 (2020) Kat:3, Licht: 0,195791,3,2,5,06,09,2,0,0,1,1,0,0
"POINT (9.813121349000028 52.404585949000079)",Unfall 195793 (2020) Kat:3, Licht: 0,195793,3,1,0,06,19,2,0,0,1,0,0,0
"POINT (9.822738830000048 52.400371379000035)",Unfall 195794 (2020) Kat:3, Licht: 0,195794,3,6,2,07,18,2,1,0,0,1,0,0
"POINT (9.721594345000028 52.381752501000051)",Unfall 195796 (2020) Kat:3, Licht: 0,195796,3,3,5,06,16,2,0,0,1,1,0,0
"POINT (9.711732200000029 52.367088483000032)",Unfall 195802 (2020) Kat:3, Licht: 0,195802,3,7,0,06,15,2,0,0,1,0,0,0
"POINT (9.741297331000055 52.375537286000053)",Unfall 195803 (2020) Kat:3, Licht: 2,195803,3,1,0,07,00,1,1,2,0,0,0,0
"POINT (9.706921801000021 52.369984694000038)",Unfall 195806 (2020) Kat:3, Licht: 0,195806,3,2,5,06,10,2,0,0,1,1,0,0
"POINT (9.705763196000021 52.437715907000040)",Unfall 195808 (2020) Kat:3, Licht: 0,195808,3,3,5,07,13,6,0,0,1,0,0,0
"POINT (9.850039830000071 52.484045152000078)",Unfall 195809 (2020) Kat:3, Licht: 0,195809,3,3,5,07,16,6,0,0,0,1,0,0
"POINT (9.733014412000046 52.382721881000066)",Unfall 195811 (2020) Kat:3, Licht: 0,195811,3,7,0,07,18,6,0,0,1,0,0,0
"POINT (9.749949051000044 52.376402883000026)",Unfall 195814 (2020) Kat:3, Licht: 0,195814,3,2,0,07,12,6,0,0,0,0,0,0
"POINT (9.786813010000060 52.408170972000050)",Unfall 195815 (2020) Kat:3, Licht: 0,195815,3,3,5,07,11,6,0,0,1,0,0,0
"POINT (9.734554382000056 52.399231350000036)",Unfall 195816 (2020) Kat:3, Licht: 0,195816,3,1,8,07,07,6,0,0,0,1,0,0
"POINT (9.652328970000042 52.415360411000051)",Unfall 195818 (2020) Kat:3, Licht: 0,195818,3,2,5,07,07,6,0,0,1,1,0,0
"POINT (9.797989547000043 52.392154220000066)",Unfall 195833 (2020) Kat:3, Licht: 0,195833,3,6,2,07,16,2,1,0,0,1,0,0
"POINT (9.762027182000054 52.345892525000068)",Unfall 195844 (2020) Kat:3, Licht: 0,195844,3,3,5,07,13,2,0,0,1,1,0,0
"POINT (9.754406797000058 52.439793430000066)",Unfall 195857 (2020) Kat:3, Licht: 0,195857,3,7,0,07,12,2,1,0,1,0,0,0
"POINT (9.717991395000070 52.395638554000072)",Unfall 195862 (2020) Kat:3, Licht: 0,195862,3,3,5,07,13,5,0,0,1,1,0,0
"POINT (9.772657379000066 52.339049504000059)",Unfall 195864 (2020) Kat:3, Licht: 0,195864,3,4,6,07,08,5,1,0,0,1,1,0
"POINT (9.722572301000071 52.387112473000059)",Unfall 195867 (2020) Kat:3, Licht: 2,195867,3,6,4,07,23,5,1,2,1,1,0,0
"POINT (9.660887083000034 52.338365468000063)",Unfall 195899 (2020) Kat:3, Licht: 0,195899,3,6,2,07,13,2,1,0,1,1,0,0
"POINT (9.705903057000057 52.390779058000078)",Unfall 195902 (2020) Kat:3, Licht: 0,195902,3,1,0,07,08,4,1,0,1,0,0,0
"POINT (9.715151252000055 52.369150221000041)",Unfall 195903 (2020) Kat:3, Licht: 0,195903,3,3,5,07,12,4,1,0,0,1,0,1
"POINT (9.733678409000049 52.379814308000050)",Unfall 195904 (2020) Kat:3, Licht: 0,195904,3,3,5,07,11,2,0,0,1,1,0,0
"POINT (9.771781291000025 52.342960255000037)",Unfall 195905 (2020) Kat:3, Licht: 0,195905,3,6,2,07,15,4,1,0,0,1,0,0
"POINT (9.732715837000058 52.379250361000061)",Unfall 195907 (2020) Kat:3, Licht: 0,195907,3,7,0,07,18,4,1,0,1,0,0,0
"POINT (9.542055713000025 52.210003952000079)",Unfall 195908 (2020) Kat:3, Licht: 0,195908,3,7,0,07,20,4,1,0,1,0,0,0
"POINT (9.602726827000026 52.312764743000059)",Unfall 195909 (2020) Kat:3, Licht: 0,195909,3,7,0,07,09,4,1,0,1,0,0,0
"POINT (9.718164276000039 52.395596428000033)",Unfall 195911 (2020) Kat:3, Licht: 0,195911,3,3,5,06,14,1,0,0,1,1,0,0
"POINT (9.720308019000072 52.348634373000039)",Unfall 195921 (2020) Kat:3, Licht: 0,195921,3,7,0,06,16,1,0,0,1,0,0,0
"POINT (9.739675675000058 52.362415850000048)",Unfall 195926 (2020) Kat:2, Licht: 0,195926,2,7,0,06,13,1,0,0,0,1,0,1
"POINT (9.772163033000027 52.338929362000044)",Unfall 195949 (2020) Kat:3, Licht: 0,195949,3,6,2,06,14,3,0,0,0,1,0,0
"POINT (9.834286917000043 52.339465460000042)",Unfall 195951 (2020) Kat:3, Licht: 0,195951,3,4,6,06,16,3,0,0,0,0,1,1
"POINT (9.654261489000021 52.347148215000061)",Unfall 195952 (2020) Kat:3, Licht: 0,195952,3,3,5,06,17,3,0,0,1,1,0,0
"POINT (9.708394626000029 52.376269330000071)",Unfall 195954 (2020) Kat:3, Licht: 0,195954,3,7,1,07,21,2,1,0,0,1,0,0
"POINT (9.981193196000049 52.380311269000060)",Unfall 195955 (2020) Kat:3, Licht: 0,195955,3,7,1,06,10,3,0,0,1,1,0,0
"POINT (9.769034215000033 52.358479916000078)",Unfall 195957 (2020) Kat:2, Licht: 0,195957,2,2,5,06,07,3,0,0,1,0,0,0
"POINT (9.707835807000038 52.370299306000049)",Unfall 195967 (2020) Kat:2, Licht: 0,195967,2,6,3,07,14,2,1,0,1,0,0,0
"POINT (9.723997968000049 52.372933288000070)",Unfall 195992 (2020) Kat:3, Licht: 0,195992,3,3,5,06,13,7,0,0,1,1,0,0
"POINT (9.665351477000058 52.320133810000073)",Unfall 195993 (2020) Kat:3, Licht: 0,195993,3,2,5,07,09,2,0,0,1,1,0,0
"POINT (9.704338642000039 52.369661720000067)",Unfall 195995 (2020) Kat:3, Licht: 2,195995,3,6,4,06,22,7,0,2,1,0,0,0
"POINT (9.712903809000068 52.366829366000047)",Unfall 195999 (2020) Kat:3, Licht: 2,195999,3,1,0,06,02,7,0,2,1,0,0,0
"POINT (9.702773227000023 52.369368075000068)",Unfall 196004 (2020) Kat:3, Licht: 2,196004,3,3,5,06,00,7,0,2,0,1,0,0
"POINT (9.764442777000056 52.261720308000065)",Unfall 196005 (2020) Kat:3, Licht: 0,196005,3,6,2,07,19,2,0,0,0,1,0,0
"POINT (9.739914541000076 52.382995777000076)",Unfall 196007 (2020) Kat:3, Licht: 0,196007,3,3,5,06,16,7,0,0,1,1,0,0
"POINT (9.734682540000051 52.373547492000057)",Unfall 196014 (2020) Kat:3, Licht: 0,196014,3,4,6,06,12,7,0,0,1,0,1,0
"POINT (9.745804041000042 52.383106237000050)",Unfall 196016 (2020) Kat:3, Licht: 0,196016,3,5,5,07,12,2,1,0,1,1,0,0
"POINT (9.805433902000061 52.307118163000041)",Unfall 196024 (2020) Kat:3, Licht: 0,196024,3,3,5,06,10,7,0,0,1,1,0,0
"POINT (9.758240794000074 52.362944490000075)",Unfall 196026 (2020) Kat:3, Licht: 0,196026,3,7,0,07,17,3,0,0,1,0,0,0
"POINT (9.548045605000027 52.207429248000039)",Unfall 196034 (2020) Kat:3, Licht: 0,196034,3,7,0,07,10,7,0,0,1,0,0,0
"POINT (9.747087568000040 52.301224297000033)",Unfall 196037 (2020) Kat:3, Licht: 0,196037,3,7,0,07,16,6,0,0,1,0,0,0
"POINT (9.806231948000061 52.432697236000081)",Unfall 196039 (2020) Kat:3, Licht: 0,196039,3,6,2,07,20,2,0,0,0,1,0,0
"POINT (9.722599776000038 52.377311043000077)",Unfall 196040 (2020) Kat:3, Licht: 0,196040,3,6,3,07,10,1,0,0,0,1,0,1
"POINT (9.851749980000022 52.490060581000080)",Unfall 196049 (2020) Kat:3, Licht: 0,196049,3,2,4,07,10,2,0,0,1,1,0,0
"POINT (9.723471634000021 52.401181799000028)",Unfall 196076 (2020) Kat:3, Licht: 0,196076,3,7,0,07,17,3,0,0,1,0,0,0
"POINT (9.688477615000068 52.417977620000045)",Unfall 196085 (2020) Kat:3, Licht: 0,196085,3,2,2,07,13,4,1,0,0,1,0,0
"POINT (9.758421836000025 52.450970534000078)",Unfall 196087 (2020) Kat:3, Licht: 0,196087,3,7,0,07,12,6,1,0,1,0,0,0
"POINT (9.693291405000025 52.364715685000078)",Unfall 196088 (2020) Kat:3, Licht: 0,196088,3,6,2,07,08,4,0,0,0,1,0,0
"POINT (9.756229324000060 52.390566781000075)",Unfall 196090 (2020) Kat:3, Licht: 0,196090,3,3,5,07,07,4,1,0,0,1,0,0
"POINT (9.726488614000061 52.394704826000066)",Unfall 196091 (2020) Kat:3, Licht: 0,196091,3,3,5,07,10,3,0,0,1,1,0,0
"POINT (9.771777524000072 52.421208774000036)",Unfall 196092 (2020) Kat:3, Licht: 0,196092,3,5,1,07,13,6,0,0,1,1,0,0
"POINT (9.973387384000034 52.315365793000069)",Unfall 196093 (2020) Kat:3, Licht: 0,196093,3,2,5,07,17,4,1,0,1,1,0,0
"POINT (9.651453777000029 52.419565069000043)",Unfall 196094 (2020) Kat:3, Licht: 0,196094,3,2,2,07,07,2,0,0,0,1,0,0
"POINT (10.011508514000070 52.447322127000064)",Unfall 196098 (2020) Kat:3, Licht: 0,196098,3,7,0,07,11,4,0,0,0,0,0,0
"POINT (9.711232956000060 52.380575696000051)",Unfall 196102 (2020) Kat:3, Licht: 2,196102,3,7,9,07,21,2,0,2,1,0,0,0
"POINT (9.611918979000052 52.442609089000030)",Unfall 196104 (2020) Kat:3, Licht: 0,196104,3,5,1,07,11,2,0,0,0,1,0,0
"POINT (9.782544025000050 52.373276911000062)",Unfall 196117 (2020) Kat:2, Licht: 0,196117,2,3,5,07,09,5,1,0,1,0,0,0
"POINT (9.717206020000049 52.345284761000073)",Unfall 196121 (2020) Kat:3, Licht: 1,196121,3,3,5,07,21,5,1,1,1,1,0,0
"POINT (9.719313061000037 52.431590760000063)",Unfall 196127 (2020) Kat:3, Licht: 0,196127,3,7,3,07,15,3,0,0,0,1,0,0
"POINT (9.691939585000057 52.340238369000076)",Unfall 196128 (2020) Kat:3, Licht: 0,196128,3,1,0,07,18,6,1,0,1,0,0,0
"POINT (9.720793543000070 52.372222795000027)",Unfall 196130 (2020) Kat:3, Licht: 0,196130,3,1,0,07,11,5,1,0,1,0,0,0
"POINT (9.731745179000029 52.398562976000051)",Unfall 196139 (2020) Kat:3, Licht: 0,196139,3,2,5,07,10,7,0,0,1,1,0,0
"POINT (9.712432415000023 52.381842581000058)",Unfall 196141 (2020) Kat:3, Licht: 0,196141,3,7,0,07,19,3,0,0,1,0,0,0
"POINT (9.533654929000022 52.202024954000080)",Unfall 196142 (2020) Kat:2, Licht: 0,196142,2,1,9,07,07,6,1,0,0,1,0,0
"POINT (9.710427047000053 52.367312986000059)",Unfall 196144 (2020) Kat:3, Licht: 0,196144,3,1,0,07,15,2,0,0,1,0,0,0
"POINT (9.452198824000050 52.307270287000051)",Unfall 196146 (2020) Kat:3, Licht: 0,196146,3,3,5,07,19,1,0,0,0,1,0,0
"POINT (9.704467579000038 52.443054160000031)",Unfall 196157 (2020) Kat:3, Licht: 0,196157,3,2,5,07,06,2,0,0,0,1,0,0
"POINT (9.711652055000059 52.372012792000078)",Unfall 196163 (2020) Kat:3, Licht: 0,196163,3,1,0,07,14,5,0,0,1,0,0,0
"POINT (9.460627142000021 52.303020892000063)",Unfall 196175 (2020) Kat:3, Licht: 0,196175,3,7,6,07,18,5,1,0,0,1,1,0
"POINT (9.716803544000072 52.337250369000060)",Unfall 196182 (2020) Kat:3, Licht: 0,196182,3,2,6,07,12,3,0,0,0,1,1,0
"POINT (9.653181920000066 52.412846519000027)",Unfall 196185 (2020) Kat:3, Licht: 2,196185,3,1,0,07,22,3,1,2,1,0,0,0
"POINT (9.701365434000024 52.396088654000039)",Unfall 196188 (2020) Kat:3, Licht: 0,196188,3,2,5,07,15,5,1,0,1,0,0,0
"POINT (9.731237853000039 52.375080132000051)",Unfall 196193 (2020) Kat:3, Licht: 0,196193,3,1,0,07,19,7,0,0,0,0,0,0
"POINT (9.814521433000039 52.389955661000045)",Unfall 196194 (2020) Kat:3, Licht: 0,196194,3,7,6,07,16,3,1,0,1,0,1,0
"POINT (9.672376552000060 52.364418892000060)",Unfall 196196 (2020) Kat:3, Licht: 0,196196,3,4,6,07,15,6,0,0,0,1,1,0
"POINT (9.739914541000076 52.382995777000076)",Unfall 196197 (2020) Kat:3, Licht: 0,196197,3,5,0,07,08,3,0,0,1,1,0,0
"POINT (9.427728393000052 52.427227271000049)",Unfall 196198 (2020) Kat:3, Licht: 0,196198,3,2,6,07,12,2,0,0,0,1,1,0
"POINT (9.710978793000038 52.367368925000051)",Unfall 196200 (2020) Kat:3, Licht: 0,196200,3,1,0,07,13,6,1,0,1,0,0,0
"POINT (9.744666756000072 52.385178455000073)",Unfall 196201 (2020) Kat:3, Licht: 0,196201,3,1,0,07,18,3,0,0,0,0,0,0
"POINT (9.798732884000060 52.385322218000056)",Unfall 196206 (2020) Kat:3, Licht: 0,196206,3,3,5,07,15,3,0,0,1,1,0,0
"POINT (9.748389243000077 52.387247159000026)",Unfall 196209 (2020) Kat:3, Licht: 0,196209,3,7,0,07,16,3,0,0,1,0,0,0
"POINT (9.827763406000031 52.428170762000036)",Unfall 196210 (2020) Kat:3, Licht: 0,196210,3,7,8,07,11,2,0,0,0,0,0,0
"POINT (9.741735137000035 52.383980309000037)",Unfall 196228 (2020) Kat:3, Licht: 0,196228,3,3,5,07,11,5,1,0,1,1,0,0
"POINT (9.780631795000033 52.400079247000065)",Unfall 196230 (2020) Kat:3, Licht: 0,196230,3,1,0,07,08,5,1,0,1,0,0,0
"POINT (9.670374984000034 52.359198659000072)",Unfall 196236 (2020) Kat:3, Licht: 0,196236,3,4,6,07,13,3,0,0,0,1,1,0
"POINT (9.745447471000034 52.368089233000035)",Unfall 196237 (2020) Kat:3, Licht: 0,196237,3,3,5,07,17,6,0,0,0,1,0,1
"POINT (9.725498833000074 52.397837879000065)",Unfall 196248 (2020) Kat:3, Licht: 0,196248,3,6,2,07,13,7,0,0,0,1,0,0
"POINT (9.748371185000053 52.381726665000031)",Unfall 196250 (2020) Kat:2, Licht: 0,196250,2,1,0,07,09,3,0,0,1,0,0,0
"POINT (9.771875451000028 52.419893624000053)",Unfall 196251 (2020) Kat:3, Licht: 0,196251,3,3,5,07,14,6,1,0,1,1,0,0
"POINT (9.728291379000041 52.374274949000039)",Unfall 196253 (2020) Kat:3, Licht: 0,196253,3,2,5,07,11,2,0,0,1,1,0,0
"POINT (9.461311516000023 52.500221722000049)",Unfall 196254 (2020) Kat:3, Licht: 0,196254,3,2,2,07,16,1,0,0,1,0,0,0
"POINT (9.716369824000026 52.377570706000029)",Unfall 196261 (2020) Kat:2, Licht: 0,196261,2,3,5,07,11,2,0,0,1,1,0,0
"POINT (9.820775663000063 52.388307516000054)",Unfall 196263 (2020) Kat:3, Licht: 0,196263,3,3,5,07,06,6,0,0,0,1,0,0
"POINT (9.727791247000027 52.445246473000054)",Unfall 196265 (2020) Kat:3, Licht: 1,196265,3,3,0,07,20,2,0,1,1,1,0,0
"POINT (9.757812944000023 52.356895215000065)",Unfall 196287 (2020) Kat:3, Licht: 2,196287,3,3,5,07,22,3,1,2,0,1,0,0
"POINT (9.723198041000046 52.369039911000073)",Unfall 196288 (2020) Kat:3, Licht: 0,196288,3,3,5,07,10,6,0,0,1,1,0,0
"POINT (9.702116104000027 52.366578764000053)",Unfall 196297 (2020) Kat:3, Licht: 1,196297,3,7,1,07,21,5,0,1,1,1,0,0
"POINT (9.729095989000030 52.393705271000044)",Unfall 196301 (2020) Kat:3, Licht: 0,196301,3,7,0,07,14,4,0,0,1,0,0,0
"POINT (9.742265766000060 52.358949397000060)",Unfall 196302 (2020) Kat:3, Licht: 0,196302,3,2,0,07,07,4,0,0,0,1,0,1
"POINT (9.627464535000058 52.338611885000034)",Unfall 196304 (2020) Kat:3, Licht: 0,196304,3,3,5,07,20,4,0,0,1,1,0,0
"POINT (9.737640607000060 52.370214728000064)",Unfall 196305 (2020) Kat:3, Licht: 0,196305,3,7,0,07,12,4,0,0,1,0,0,0
"POINT (9.692513307000070 52.398599873000080)",Unfall 196307 (2020) Kat:2, Licht: 0,196307,2,1,0,07,20,5,0,0,1,0,0,0
"POINT (9.692378613000074 52.396650776000058)",Unfall 196339 (2020) Kat:3, Licht: 0,196339,3,1,0,07,09,3,0,0,0,0,0,0
"POINT (9.796636767000052 52.344467430000066)",Unfall 196340 (2020) Kat:3, Licht: 0,196340,3,3,5,07,17,3,0,0,1,1,0,0
"POINT (9.748784749000038 52.392600347000041)",Unfall 196341 (2020) Kat:3, Licht: 0,196341,3,3,5,07,12,3,0,0,1,1,0,0
"POINT (9.761326637000025 52.370723357000031)",Unfall 196342 (2020) Kat:3, Licht: 0,196342,3,3,5,07,07,5,0,0,1,1,0,0
"POINT (9.617395939000062 52.443270875000053)",Unfall 196344 (2020) Kat:3, Licht: 0,196344,3,3,5,07,17,3,0,0,0,0,0,1
"POINT (10.177070852000043 52.465124109000044)",Unfall 196345 (2020) Kat:3, Licht: 0,196345,3,6,2,07,10,3,0,0,0,1,0,0
"POINT (9.805173077000063 52.411955403000036)",Unfall 196346 (2020) Kat:3, Licht: 0,196346,3,7,0,07,13,5,0,0,1,0,1,0
"POINT (9.606827434000024 52.413514436000071)",Unfall 196347 (2020) Kat:2, Licht: 1,196347,2,7,0,07,20,5,0,1,1,0,0,0
"POINT (9.632207705000042 52.411299357000075)",Unfall 196348 (2020) Kat:3, Licht: 0,196348,3,6,3,07,15,3,0,0,0,0,0,0
"POINT (9.709200611000028 52.417869071000041)",Unfall 196349 (2020) Kat:3, Licht: 0,196349,3,6,4,07,17,5,0,0,1,0,0,0
"POINT (9.705762707000076 52.369993805000036)",Unfall 196350 (2020) Kat:3, Licht: 0,196350,3,3,5,07,14,3,0,0,1,1,0,0
"POINT (9.693197056000031 52.365350991000071)",Unfall 196352 (2020) Kat:3, Licht: 0,196352,3,2,5,07,09,5,0,0,1,0,0,0
"POINT (9.819903797000052 52.288022138000031)",Unfall 196386 (2020) Kat:3, Licht: 0,196386,3,5,1,07,18,2,0,0,1,1,0,0
"POINT (9.671804291000058 52.375852861000055)",Unfall 196389 (2020) Kat:3, Licht: 0,196389,3,5,1,07,15,2,0,0,1,1,0,0
"POINT (9.356961882000064 52.453487364000068)",Unfall 196390 (2020) Kat:3, Licht: 0,196390,3,4,6,07,15,2,0,0,0,1,1,0
"POINT (9.813566447000028 52.306814010000039)",Unfall 196391 (2020) Kat:3, Licht: 0,196391,3,3,5,07,15,2,0,0,1,1,0,0
"POINT (9.695487188000072 52.365547292000031)",Unfall 196397 (2020) Kat:2, Licht: 0,196397,2,3,5,07,13,5,0,0,1,1,0,0
"POINT (9.717368661000023 52.354405150000048)",Unfall 196401 (2020) Kat:2, Licht: 0,196401,2,3,5,07,16,5,0,0,1,1,0,0
"POINT (9.364851139000052 52.450108012000044)",Unfall 196426 (2020) Kat:2, Licht: 0,196426,2,6,3,07,11,1,0,0,1,0,0,0
"POINT (9.773119590000022 52.501964490000034)",Unfall 196427 (2020) Kat:3, Licht: 0,196427,3,7,0,07,19,1,0,0,1,0,0,0
"POINT (9.725286075000042 52.343093307000061)",Unfall 196429 (2020) Kat:2, Licht: 0,196429,2,3,5,07,19,1,0,0,1,0,0,0
"POINT (9.748184064000043 52.420085498000049)",Unfall 196453 (2020) Kat:3, Licht: 0,196453,3,3,5,07,13,5,0,0,0,1,0,0
"POINT (9.749069956000028 52.350693701000068)",Unfall 196466 (2020) Kat:3, Licht: 0,196466,3,7,0,07,20,7,0,0,1,0,0,0
"POINT (9.596187979000035 52.312889775000031)",Unfall 196468 (2020) Kat:3, Licht: 0,196468,3,7,4,07,10,7,0,0,1,1,0,0
"POINT (9.676730421000059 52.340808179000078)",Unfall 196469 (2020) Kat:3, Licht: 0,196469,3,6,6,07,14,7,0,0,1,0,1,0
"POINT (9.608100974000024 52.416236411000057)",Unfall 196471 (2020) Kat:3, Licht: 0,196471,3,3,5,07,19,7,0,0,1,1,0,0
"POINT (9.717715902000066 52.379831522000075)",Unfall 196473 (2020) Kat:3, Licht: 0,196473,3,3,5,07,15,7,0,0,1,1,0,0
"POINT (10.010697412000070 52.452483238000070)",Unfall 196502 (2020) Kat:3, Licht: 0,196502,3,6,6,07,09,5,0,0,0,1,1,0
"POINT (9.665666765000026 52.415460497000026)",Unfall 196509 (2020) Kat:3, Licht: 0,196509,3,6,3,07,14,4,0,0,0,1,0,0
"POINT (9.717268747000048 52.332750986000065)",Unfall 196512 (2020) Kat:3, Licht: 0,196512,3,6,2,07,15,4,0,0,0,1,0,0
"POINT (9.747797444000071 52.352371436000055)",Unfall 196516 (2020) Kat:3, Licht: 0,196516,3,1,0,07,08,4,1,0,1,0,0,0
"POINT (9.899688249000064 52.349997393000081)",Unfall 196519 (2020) Kat:3, Licht: 0,196519,3,4,6,07,17,4,0,0,0,1,1,0
"POINT (9.687450915000056 52.460370081000065)",Unfall 196523 (2020) Kat:3, Licht: 0,196523,3,6,2,07,13,4,0,0,1,0,0,0
"POINT (9.754508033000036 52.368065455000078)",Unfall 196526 (2020) Kat:3, Licht: 0,196526,3,6,3,07,19,6,0,0,1,1,0,0
"POINT (9.724338705000037 52.368472044000043)",Unfall 196527 (2020) Kat:3, Licht: 0,196527,3,7,1,07,08,6,0,0,0,1,0,0
"POINT (9.603177674000051 52.419611349000036)",Unfall 196528 (2020) Kat:2, Licht: 1,196528,2,3,5,07,22,4,0,1,1,1,0,0
"POINT (9.684177685000066 52.366276222000067)",Unfall 196529 (2020) Kat:3, Licht: 0,196529,3,3,5,07,20,6,0,0,0,1,0,0
"POINT (9.708371989000057 52.367066425000075)",Unfall 196530 (2020) Kat:3, Licht: 0,196530,3,6,2,07,13,6,0,0,0,1,0,0
"POINT (9.834381613000062 52.337373707000040)",Unfall 196532 (2020) Kat:3, Licht: 0,196532,3,7,0,07,20,6,0,0,0,0,1,1
"POINT (9.830424736000055 52.333496326000045)",Unfall 196534 (2020) Kat:3, Licht: 1,196534,3,5,1,07,21,6,0,1,1,1,0,0
"POINT (9.670461191000072 52.340924568000048)",Unfall 196536 (2020) Kat:3, Licht: 0,196536,3,2,4,07,18,6,0,0,1,0,0,0
"POINT (10.132851597000069 52.374758077000081)",Unfall 196537 (2020) Kat:3, Licht: 0,196537,3,3,5,07,08,6,0,0,0,1,0,0
"POINT (9.759400037000034 52.433742919000053)",Unfall 196540 (2020) Kat:3, Licht: 0,196540,3,1,0,07,19,6,0,0,1,0,0,0
"POINT (9.750579854000023 52.264910705000034)",Unfall 196541 (2020) Kat:2, Licht: 0,196541,2,3,5,07,19,6,0,0,1,1,0,0
"POINT (9.726446925000062 52.397934280000072)",Unfall 196543 (2020) Kat:2, Licht: 0,196543,2,5,1,07,08,6,0,0,1,1,0,0
"POINT (9.712716862000036 52.360739225000032)",Unfall 196546 (2020) Kat:3, Licht: 0,196546,3,3,5,07,07,6,0,0,1,1,0,0
"POINT (9.700731431000065 52.391465930000038)",Unfall 196553 (2020) Kat:3, Licht: 0,196553,3,3,5,07,17,2,1,0,1,1,0,0
"POINT (9.597512856000037 52.418826786000068)",Unfall 196563 (2020) Kat:2, Licht: 0,196563,2,3,5,08,11,2,0,0,1,1,0,0
"POINT (9.750830689000054 52.375425318000055)",Unfall 196564 (2020) Kat:3, Licht: 0,196564,3,2,5,07,10,4,0,0,1,1,0,0
"POINT (9.566796771000043 52.420081028000027)",Unfall 196565 (2020) Kat:3, Licht: 2,196565,3,7,0,08,22,7,0,2,1,0,0,0
"POINT (9.793398820000050 52.332809553000061)",Unfall 196566 (2020) Kat:3, Licht: 0,196566,3,4,6,07,16,3,0,0,1,0,1,0
"POINT (9.721337554000058 52.390131153000027)",Unfall 196572 (2020) Kat:3, Licht: 0,196572,3,2,7,07,17,6,0,0,1,1,0,0
"POINT (9.809637208000027 52.305131752000079)",Unfall 196574 (2020) Kat:3, Licht: 0,196574,3,3,5,07,13,5,0,0,1,1,0,0
"POINT (9.832775197000046 52.386833508000052)",Unfall 196577 (2020) Kat:3, Licht: 0,196577,3,3,5,08,09,7,0,0,1,1,0,0
"POINT (9.431485827000074 52.505360978000056)",Unfall 196579 (2020) Kat:3, Licht: 1,196579,3,7,7,07,05,1,1,1,0,0,1,0
"POINT (9.823655509000048 52.368345915000077)",Unfall 196582 (2020) Kat:3, Licht: 0,196582,3,6,4,07,18,1,0,0,1,0,0,0
"POINT (9.953286176000063 52.385938805000080)",Unfall 196585 (2020) Kat:3, Licht: 0,196585,3,6,2,07,08,6,0,0,0,1,0,0
"POINT (9.614960903000053 52.220037693000052)",Unfall 196587 (2020) Kat:2, Licht: 0,196587,2,7,0,07,19,5,0,0,1,0,0,0
"POINT (9.731620946000021 52.375350889000060)",Unfall 196596 (2020) Kat:3, Licht: 0,196596,3,7,1,08,09,1,1,0,1,1,0,0
"POINT (9.795852533000073 52.375332063000030)",Unfall 196619 (2020) Kat:3, Licht: 0,196619,3,5,1,07,13,4,0,0,1,1,0,0
"POINT (9.821563008000055 52.284410421000075)",Unfall 196620 (2020) Kat:3, Licht: 0,196620,3,3,5,08,14,7,0,0,0,1,0,0
"POINT (9.728343814000027 52.377779160000046)",Unfall 196622 (2020) Kat:3, Licht: 0,196622,3,2,5,07,18,3,0,0,1,1,0,0
"POINT (9.734133092000036 52.369246940000039)",Unfall 196624 (2020) Kat:3, Licht: 0,196624,3,1,0,07,16,6,0,0,1,0,0,0
"POINT (9.767703577000077 52.410167482000077)",Unfall 196626 (2020) Kat:3, Licht: 0,196626,3,2,3,07,10,5,0,0,1,1,0,0
"POINT (9.707031577000066 52.370316760000037)",Unfall 196631 (2020) Kat:3, Licht: 0,196631,3,1,0,07,17,4,0,0,1,0,0,0
"POINT (9.678757062000045 52.431341586000030)",Unfall 196632 (2020) Kat:3, Licht: 0,196632,3,7,5,08,17,7,0,0,0,1,0,0
"POINT (9.750530807000075 52.375293117000069)",Unfall 196635 (2020) Kat:3, Licht: 0,196635,3,2,5,07,15,6,0,0,1,1,0,0
"POINT (9.806785045000027 52.307997635000049)",Unfall 196636 (2020) Kat:3, Licht: 0,196636,3,2,5,07,14,7,0,0,0,1,0,0
"POINT (9.717066991000024 52.344901779000054)",Unfall 196642 (2020) Kat:3, Licht: 0,196642,3,1,0,07,18,7,0,0,1,0,0,0
"POINT (9.742554503000065 52.386285186000066)",Unfall 196646 (2020) Kat:3, Licht: 2,196646,3,3,5,07,22,7,0,2,0,1,0,0
"POINT (9.458777433000023 52.505313101000070)",Unfall 196654 (2020) Kat:3, Licht: 0,196654,3,3,5,07,15,7,0,0,1,1,0,0
"POINT (9.736617458000069 52.374930779000067)",Unfall 196664 (2020) Kat:3, Licht: 2,196664,3,1,0,08,04,1,1,2,0,0,0,0
"POINT (10.023710202000075 52.318345620000059)",Unfall 196665 (2020) Kat:3, Licht: 0,196665,3,7,0,07,19,7,0,0,1,0,0,0
"POINT (9.821570703000077 52.284283856000059)",Unfall 196667 (2020) Kat:2, Licht: 2,196667,2,1,8,07,01,7,0,2,0,0,0,1
"POINT (9.780801844000052 52.398244839000029)",Unfall 196669 (2020) Kat:3, Licht: 0,196669,3,1,0,07,18,7,0,0,1,0,0,0
"POINT (9.734322883000061 52.376758747000054)",Unfall 196671 (2020) Kat:3, Licht: 0,196671,3,1,0,08,13,2,0,0,1,0,0,0
"POINT (9.713160021000022 52.371484496000051)",Unfall 196672 (2020) Kat:3, Licht: 0,196672,3,1,0,07,14,4,0,0,1,0,0,0
"POINT (9.773654713000042 52.409072320000064)",Unfall 196674 (2020) Kat:3, Licht: 2,196674,3,7,0,08,23,7,0,2,0,1,1,0
"POINT (9.767608529000029 52.400592959000051)",Unfall 196675 (2020) Kat:3, Licht: 0,196675,3,2,0,07,10,3,0,0,1,1,0,0
"POINT (9.568454743000075 52.272287893000055)",Unfall 196677 (2020) Kat:3, Licht: 0,196677,3,7,0,07,09,6,0,0,1,0,0,0
"POINT (9.807943521000027 52.373082777000036)",Unfall 196684 (2020) Kat:3, Licht: 0,196684,3,1,0,07,15,4,0,0,1,0,0,0
"POINT (9.732710876000056 52.379730839000047)",Unfall 196686 (2020) Kat:3, Licht: 0,196686,3,7,5,08,13,7,0,0,1,1,0,0
"POINT (9.750200742000061 52.388998995000065)",Unfall 196689 (2020) Kat:3, Licht: 0,196689,3,6,2,07,08,6,0,0,0,1,0,0
"POINT (9.782644598000047 52.516678316000082)",Unfall 196696 (2020) Kat:3, Licht: 0,196696,3,7,5,07,15,5,0,0,0,1,0,0
"POINT (9.742858897000076 52.379264936000027)",Unfall 196706 (2020) Kat:3, Licht: 0,196706,3,6,2,08,20,1,0,0,1,0,0,0
"POINT (9.789436539000064 52.317129466000040)",Unfall 196708 (2020) Kat:3, Licht: 0,196708,3,1,0,07,18,2,0,0,1,0,0,0
"POINT (9.756590798000048 52.420394305000059)",Unfall 196724 (2020) Kat:3, Licht: 0,196724,3,3,5,08,07,2,0,0,1,1,0,0
"POINT (9.694553083000074 52.331215459000077)",Unfall 196725 (2020) Kat:3, Licht: 0,196725,3,4,6,07,18,4,0,0,0,1,1,0
"POINT (9.813235644000031 52.352124263000064)",Unfall 196726 (2020) Kat:3, Licht: 0,196726,3,3,5,07,18,2,1,0,1,1,0,0
"POINT (9.724285908000070 52.385670770000047)",Unfall 196732 (2020) Kat:3, Licht: 0,196732,3,5,1,07,15,3,0,0,1,1,0,0
"POINT (9.719303872000069 52.396821039000031)",Unfall 196734 (2020) Kat:3, Licht: 0,196734,3,7,0,07,19,6,0,0,0,0,1,0
"POINT (9.719328504000032 52.345982172000049)",Unfall 196736 (2020) Kat:3, Licht: 0,196736,3,6,2,07,17,5,0,0,0,1,0,0
"POINT (9.791164424000044 52.375173688000075)",Unfall 196739 (2020) Kat:3, Licht: 0,196739,3,1,1,08,00,7,0,0,1,1,0,0
"POINT (9.982237778000069 52.381475661000081)",Unfall 196743 (2020) Kat:3, Licht: 0,196743,3,3,5,08,08,7,0,0,0,1,0,0
"POINT (9.741430403000038 52.371179259000030)",Unfall 196746 (2020) Kat:2, Licht: 0,196746,2,7,0,07,12,6,0,0,1,0,0,0
"POINT (9.361061265000046 52.460294599000065)",Unfall 196751 (2020) Kat:3, Licht: 0,196751,3,6,0,07,13,2,0,0,1,0,0,0
"POINT (9.988008785000034 52.405750051000041)",Unfall 196774 (2020) Kat:3, Licht: 0,196774,3,7,2,08,15,1,0,0,1,0,0,0
"POINT (9.725959808000027 52.397884595000050)",Unfall 196777 (2020) Kat:3, Licht: 0,196777,3,7,0,07,09,6,0,0,1,0,0,0
"POINT (9.652046438000070 52.369520952000073)",Unfall 196779 (2020) Kat:3, Licht: 0,196779,3,7,0,07,16,6,0,0,1,0,0,0
"POINT (9.670369775000040 52.367130802000077)",Unfall 196781 (2020) Kat:3, Licht: 0,196781,3,3,5,07,12,4,0,0,1,1,0,0
"POINT (9.720729517000052 52.346597960000054)",Unfall 196782 (2020) Kat:3, Licht: 0,196782,3,3,5,08,12,7,0,0,1,1,0,0
"POINT (9.730745983000077 52.378566426000077)",Unfall 196783 (2020) Kat:3, Licht: 0,196783,3,2,5,07,13,3,0,0,1,1,0,0
"POINT (9.595439885000076 52.399649808000049)",Unfall 196784 (2020) Kat:3, Licht: 2,196784,3,5,1,07,00,6,0,2,1,0,0,0
"POINT (9.793376865000028 52.332801896000035)",Unfall 196785 (2020) Kat:3, Licht: 0,196785,3,5,1,07,08,6,0,0,1,1,0,0
"POINT (9.725838759000055 52.312892972000043)",Unfall 196786 (2020) Kat:3, Licht: 0,196786,3,5,1,07,13,6,0,0,1,1,0,0
"POINT (9.798657482000067 52.405737135000038)",Unfall 196787 (2020) Kat:3, Licht: 0,196787,3,7,0,07,23,5,0,0,0,0,0,0
"POINT (9.545243275000075 52.342454409000027)",Unfall 196788 (2020) Kat:3, Licht: 0,196788,3,7,1,07,08,6,0,0,1,0,0,0
"POINT (9.689946682000027 52.385545640000032)",Unfall 196791 (2020) Kat:3, Licht: 0,196791,3,1,0,07,15,4,0,0,1,0,0,0
"POINT (9.684290133000047 52.441808583000068)",Unfall 196792 (2020) Kat:2, Licht: 0,196792,2,1,0,08,18,7,0,0,0,0,0,0
"POINT (9.745184173000041 52.438332205000052)",Unfall 196794 (2020) Kat:3, Licht: 0,196794,3,3,5,07,10,6,0,0,1,1,0,0
"POINT (9.700374642000043 52.368925111000067)",Unfall 196795 (2020) Kat:3, Licht: 0,196795,3,3,5,07,10,6,0,0,1,1,0,0
"POINT (10.013948754000069 52.443846899000050)",Unfall 196796 (2020) Kat:3, Licht: 0,196796,3,6,2,07,15,6,0,0,0,1,0,0
"POINT (9.723746620000043 52.386608645000081)",Unfall 196806 (2020) Kat:3, Licht: 2,196806,3,1,0,07,23,6,0,2,0,0,0,0
"POINT (9.455578888000048 52.417786931000080)",Unfall 196810 (2020) Kat:3, Licht: 0,196810,3,2,5,07,10,2,0,0,0,1,0,0
"POINT (9.698102107000068 52.326850966000052)",Unfall 196811 (2020) Kat:3, Licht: 0,196811,3,3,5,08,18,1,0,0,1,1,0,0
"POINT (9.853865020000058 52.498248309000076)",Unfall 196813 (2020) Kat:3, Licht: 0,196813,3,3,5,07,10,2,0,0,1,1,0,0
"POINT (9.720010323000054 52.397037447000059)",Unfall 196815 (2020) Kat:3, Licht: 0,196815,3,3,5,07,09,6,0,0,1,1,0,0
"POINT (9.731692194000061 52.442366851000031)",Unfall 196818 (2020) Kat:3, Licht: 0,196818,3,7,1,08,11,2,0,0,0,1,1,0
"POINT (9.747134183000071 52.385210276000066)",Unfall 196821 (2020) Kat:3, Licht: 0,196821,3,6,4,08,19,2,0,0,1,0,0,0
"POINT (9.762799845000075 52.412976941000068)",Unfall 196822 (2020) Kat:3, Licht: 0,196822,3,2,5,08,15,2,0,0,0,1,0,0
"POINT (9.748839044000022 52.389003538000054)",Unfall 196823 (2020) Kat:3, Licht: 0,196823,3,5,1,08,18,3,0,0,1,1,0,0
"POINT (9.715006646000063 52.401224067000044)",Unfall 196843 (2020) Kat:3, Licht: 0,196843,3,7,0,08,18,1,0,0,1,0,0,0
"POINT (9.740357767000035 52.361469888000045)",Unfall 196844 (2020) Kat:3, Licht: 0,196844,3,5,6,08,18,1,0,0,0,1,1,0
"POINT (9.726526085000046 52.361782214000073)",Unfall 196845 (2020) Kat:3, Licht: 0,196845,3,1,0,08,09,1,0,0,1,0,0,0
"POINT (10.010247612000057 52.444039111000052)",Unfall 196847 (2020) Kat:3, Licht: 0,196847,3,1,0,08,13,1,0,0,1,0,0,0
"POINT (9.771617543000048 52.372857209000074)",Unfall 196851 (2020) Kat:3, Licht: 0,196851,3,7,0,08,09,1,0,0,1,0,0,0
"POINT (9.820310590000076 52.285489628000050)",Unfall 196860 (2020) Kat:3, Licht: 0,196860,3,7,0,08,17,3,0,0,1,0,0,0
"POINT (9.751152996000030 52.441699408000034)",Unfall 196865 (2020) Kat:3, Licht: 0,196865,3,1,0,08,12,3,0,0,0,0,0,0
"POINT (9.720308491000026 52.362033242000052)",Unfall 196866 (2020) Kat:2, Licht: 0,196866,2,1,9,08,18,3,0,0,1,0,0,0
"POINT (9.705889150000076 52.390771191000056)",Unfall 196868 (2020) Kat:3, Licht: 0,196868,3,3,5,08,11,3,0,0,1,1,0,0
"POINT (9.725000217000059 52.344149020000032)",Unfall 196872 (2020) Kat:2, Licht: 0,196872,2,1,0,08,10,3,0,0,1,0,0,0
"POINT (9.827398789000029 52.329784431000064)",Unfall 196878 (2020) Kat:3, Licht: 0,196878,3,1,0,08,09,3,0,0,1,0,0,0
"POINT (9.716897052000036 52.376909472000079)",Unfall 196879 (2020) Kat:3, Licht: 0,196879,3,3,5,08,16,3,0,0,1,1,0,0
"POINT (9.510347398000022 52.280374111000071)",Unfall 196881 (2020) Kat:3, Licht: 0,196881,3,6,3,08,13,3,0,0,1,1,0,0
"POINT (9.681919978000053 52.459955917000059)",Unfall 196883 (2020) Kat:3, Licht: 0,196883,3,1,0,08,10,3,0,0,1,0,0,0
"POINT (9.836822091000045 52.423726013000078)",Unfall 196885 (2020) Kat:3, Licht: 0,196885,3,6,2,08,15,3,0,0,0,1,0,0
"POINT (9.721916608000072 52.373067252000055)",Unfall 196886 (2020) Kat:3, Licht: 0,196886,3,5,5,08,15,7,0,0,1,1,0,0
"POINT (10.193577460000029 52.458878878000064)",Unfall 196887 (2020) Kat:3, Licht: 0,196887,3,3,5,08,18,3,0,0,0,1,0,0
"POINT (9.781068431000051 52.400414124000065)",Unfall 196888 (2020) Kat:3, Licht: 0,196888,3,6,2,08,15,7,0,0,0,1,0,0
"POINT (9.740954114000033 52.404663890000052)",Unfall 196890 (2020) Kat:3, Licht: 0,196890,3,3,5,08,12,7,0,0,0,1,0,0
"POINT (9.589610696000023 52.418716110000048)",Unfall 196891 (2020) Kat:3, Licht: 0,196891,3,2,2,08,13,7,0,0,0,1,0,0
"POINT (9.694587974000058 52.337672072000032)",Unfall 196893 (2020) Kat:3, Licht: 0,196893,3,7,0,08,11,7,0,0,1,0,0,0
"POINT (10.002295612000069 52.452529338000033)",Unfall 196894 (2020) Kat:3, Licht: 0,196894,3,3,5,08,08,3,0,0,1,0,0,0
"POINT (9.753731371000072 52.381984372000034)",Unfall 196896 (2020) Kat:3, Licht: 0,196896,3,2,5,08,20,3,0,0,0,1,0,0
"POINT (9.779823965000048 52.342029733000061)",Unfall 196905 (2020) Kat:3, Licht: 0,196905,3,3,5,08,17,3,0,0,1,0,0,0
"POINT (9.668681678000041 52.386012784000059)",Unfall 196922 (2020) Kat:3, Licht: 0,196922,3,4,6,08,15,3,0,0,0,1,1,0
"POINT (9.700710917000038 52.409622674000047)",Unfall 196927 (2020) Kat:3, Licht: 0,196927,3,7,0,08,16,6,0,0,1,0,0,0
"POINT (9.724445676000073 52.385382852000077)",Unfall 196930 (2020) Kat:3, Licht: 1,196930,3,7,0,08,21,6,0,1,1,0,0,0
"POINT (9.746562473000040 52.375266647000046)",Unfall 196932 (2020) Kat:3, Licht: 0,196932,3,7,2,08,14,6,0,0,0,1,0,1
"POINT (9.733814868000025 52.361758722000047)",Unfall 196935 (2020) Kat:3, Licht: 2,196935,3,1,0,08,22,6,0,2,1,0,0,0
"POINT (9.684912888000042 52.364947425000082)",Unfall 196937 (2020) Kat:3, Licht: 0,196937,3,3,5,08,15,6,0,0,1,1,0,0
"POINT (9.843197823000025 52.413747361000048)",Unfall 196938 (2020) Kat:3, Licht: 0,196938,3,6,4,08,17,3,0,0,1,0,0,0
"POINT (9.713206759000059 52.371469934000061)",Unfall 196940 (2020) Kat:3, Licht: 0,196940,3,1,0,08,15,6,0,0,1,0,0,0
"POINT (9.708974714000021 52.365690620000066)",Unfall 196942 (2020) Kat:3, Licht: 0,196942,3,2,5,08,10,6,0,0,1,1,0,0
"POINT (9.595834734000050 52.421083783000029)",Unfall 196944 (2020) Kat:3, Licht: 0,196944,3,3,5,08,14,6,0,0,1,1,0,0
"POINT (9.728611387000058 52.374237133000065)",Unfall 196946 (2020) Kat:2, Licht: 0,196946,2,1,0,08,11,6,0,0,1,0,0,0
"POINT (9.729596695000055 52.374677438000049)",Unfall 196948 (2020) Kat:2, Licht: 2,196948,2,1,0,08,21,6,0,2,1,0,0,0
"POINT (9.746151706000035 52.386327952000045)",Unfall 196949 (2020) Kat:2, Licht: 0,196949,2,7,0,08,10,6,0,0,1,0,0,0
"POINT (9.754740377000076 52.443460695000056)",Unfall 196965 (2020) Kat:3, Licht: 0,196965,3,7,6,08,07,4,0,0,0,0,1,0
"POINT (9.685358355000062 52.344298042000048)",Unfall 196968 (2020) Kat:3, Licht: 0,196968,3,7,0,08,20,3,0,0,1,0,0,0
"POINT (9.743996620000075 52.371384476000060)",Unfall 196978 (2020) Kat:3, Licht: 0,196978,3,1,0,08,19,2,0,0,0,0,0,0
"POINT (9.680608425000060 52.553891457000077)",Unfall 196982 (2020) Kat:3, Licht: 0,196982,3,6,4,08,19,3,0,0,1,0,0,0
"POINT (9.738910611000051 52.377010124000037)",Unfall 196990 (2020) Kat:3, Licht: 0,196990,3,1,8,08,17,2,0,0,1,0,0,0
"POINT (9.782548568000038 52.373287255000037)",Unfall 196994 (2020) Kat:2, Licht: 0,196994,2,2,5,08,14,3,0,0,1,0,0,0
"POINT (9.725331672000039 52.343091357000048)",Unfall 197008 (2020) Kat:3, Licht: 0,197008,3,3,5,08,11,5,0,0,1,0,0,0
"POINT (9.796430254000029 52.412282181000080)",Unfall 197010 (2020) Kat:3, Licht: 0,197010,3,3,5,08,16,5,0,0,0,1,0,0
"POINT (9.771535064000034 52.400513482000065)",Unfall 197012 (2020) Kat:3, Licht: 0,197012,3,3,0,08,12,5,0,0,1,1,0,0
"POINT (9.737540276000061 52.427751218000026)",Unfall 197014 (2020) Kat:3, Licht: 0,197014,3,3,5,08,15,5,0,0,0,1,0,0
"POINT (9.668756759000075 52.447063835000051)",Unfall 197016 (2020) Kat:3, Licht: 0,197016,3,7,0,08,19,5,0,0,1,0,0,0
"POINT (10.031842047000055 52.531218772000045)",Unfall 197017 (2020) Kat:3, Licht: 0,197017,3,1,9,08,10,5,0,0,0,0,0,1
"POINT (9.722908219000033 52.375789633000068)",Unfall 197018 (2020) Kat:2, Licht: 0,197018,2,3,5,08,16,5,0,0,1,0,0,0
"POINT (9.794155004000061 52.375149102000080)",Unfall 197020 (2020) Kat:3, Licht: 0,197020,3,2,4,08,10,5,0,0,1,1,0,0
"POINT (9.719651454000029 52.367321208000078)",Unfall 197021 (2020) Kat:3, Licht: 0,197021,3,2,6,08,10,5,0,0,0,1,1,0
"POINT (9.733674998000026 52.379847066000082)",Unfall 197022 (2020) Kat:3, Licht: 0,197022,3,3,5,08,07,5,0,0,1,0,0,0
"POINT (9.751242109000032 52.372427029000050)",Unfall 197034 (2020) Kat:3, Licht: 0,197034,3,2,5,08,16,2,0,0,1,1,0,0
"POINT (9.677763771000059 52.345895951000045)",Unfall 197037 (2020) Kat:3, Licht: 0,197037,3,3,5,08,09,2,0,0,1,1,0,0
"POINT (9.741442695000046 52.371435394000059)",Unfall 197040 (2020) Kat:3, Licht: 0,197040,3,1,0,08,07,3,0,0,1,0,0,0
"POINT (9.562441512000021 52.421412543000031)",Unfall 197046 (2020) Kat:3, Licht: 2,197046,3,7,0,08,22,2,0,2,1,0,0,0
"POINT (9.732578401000069 52.378643957000065)",Unfall 197050 (2020) Kat:3, Licht: 0,197050,3,1,0,08,07,3,0,0,1,0,0,0
"POINT (9.549840218000043 52.211370825000074)",Unfall 197055 (2020) Kat:2, Licht: 2,197055,2,7,0,08,21,3,0,2,1,0,0,0
"POINT (9.806439025000032 52.389160259000050)",Unfall 197060 (2020) Kat:3, Licht: 2,197060,3,6,2,08,21,2,0,2,0,1,0,0
"POINT (9.520563388000028 52.287397225000063)",Unfall 197066 (2020) Kat:3, Licht: 0,197066,3,1,6,08,19,2,0,0,0,1,1,0
"POINT (9.982136196000056 52.381488585000056)",Unfall 197068 (2020) Kat:3, Licht: 0,197068,3,6,2,08,16,2,0,0,0,1,0,0
"POINT (9.805956797000022 52.302089598000066)",Unfall 197069 (2020) Kat:3, Licht: 0,197069,3,3,5,08,17,4,0,0,0,1,0,0
"POINT (9.975207420000061 52.374330964000080)",Unfall 197070 (2020) Kat:3, Licht: 0,197070,3,2,3,08,09,2,0,0,1,0,0,0
"POINT (9.803148005000026 52.380521149000060)",Unfall 197071 (2020) Kat:3, Licht: 0,197071,3,3,5,08,06,4,0,0,1,0,0,0
"POINT (9.721787568000025 52.400635589000046)",Unfall 197073 (2020) Kat:3, Licht: 0,197073,3,3,5,08,15,4,0,0,1,0,0,0
"POINT (9.750475312000049 52.375687107000033)",Unfall 197074 (2020) Kat:3, Licht: 0,197074,3,6,2,08,21,4,0,0,0,1,0,0
"POINT (9.752795076000041 52.377503074000060)",Unfall 197075 (2020) Kat:3, Licht: 0,197075,3,6,2,08,19,4,0,0,0,1,0,0
"POINT (9.779111791000048 52.414192545000049)",Unfall 197076 (2020) Kat:2, Licht: 0,197076,2,7,6,08,11,2,0,0,1,0,1,0
"POINT (9.951638891000073 52.319536700000072)",Unfall 197077 (2020) Kat:3, Licht: 0,197077,3,7,0,08,19,4,0,0,1,0,0,0
"POINT (9.531828564000023 52.460919845000035)",Unfall 197078 (2020) Kat:2, Licht: 0,197078,2,3,5,08,21,2,0,0,1,1,0,0
"POINT (9.708853011000031 52.366030681000041)",Unfall 197079 (2020) Kat:3, Licht: 0,197079,3,2,5,08,10,4,0,0,1,1,0,0
"POINT (9.780998324000052 52.398298531000080)",Unfall 197081 (2020) Kat:3, Licht: 0,197081,3,3,5,08,14,4,0,0,1,1,0,0
"POINT (9.730094967000071 52.398303000000055)",Unfall 197082 (2020) Kat:3, Licht: 0,197082,3,2,2,08,14,4,0,0,0,1,0,1
"POINT (9.681492473000048 52.416080580000028)",Unfall 197083 (2020) Kat:3, Licht: 0,197083,3,2,5,08,08,4,0,0,1,0,0,0
"POINT (9.695032416000061 52.406539843000076)",Unfall 197088 (2020) Kat:3, Licht: 0,197088,3,6,4,08,20,2,0,0,1,0,0,0
"POINT (9.513676462000035 52.427773610000031)",Unfall 197090 (2020) Kat:2, Licht: 0,197090,2,7,0,08,10,2,0,0,1,0,0,0
"POINT (9.596153248000064 52.313016217000040)",Unfall 197094 (2020) Kat:3, Licht: 0,197094,3,3,5,08,19,3,0,0,1,1,0,0
"POINT (9.713636810000025 52.357324696000035)",Unfall 197098 (2020) Kat:3, Licht: 0,197098,3,1,0,08,15,2,0,0,0,0,0,1
"POINT (9.706643860000042 52.423586194000052)",Unfall 197101 (2020) Kat:3, Licht: 0,197101,3,7,8,08,07,6,0,0,1,0,0,0
"POINT (9.752428326000029 52.362927136000053)",Unfall 197102 (2020) Kat:3, Licht: 0,197102,3,1,0,08,12,3,0,0,1,0,0,0
"POINT (9.764036051000062 52.368499146000033)",Unfall 197103 (2020) Kat:3, Licht: 0,197103,3,6,2,08,17,1,1,0,0,1,0,0
"POINT (9.766290358000049 52.382099719000053)",Unfall 197104 (2020) Kat:3, Licht: 0,197104,3,6,2,08,15,2,0,0,0,1,0,1
"POINT (9.707283754000059 52.375762329000054)",Unfall 197108 (2020) Kat:3, Licht: 0,197108,3,5,2,08,15,1,0,0,1,1,0,0
"POINT (9.761737853000057 52.394885488000057)",Unfall 197110 (2020) Kat:3, Licht: 2,197110,3,5,1,08,04,1,0,2,1,1,0,0
"POINT (9.429944910000074 52.421073925000030)",Unfall 197113 (2020) Kat:3, Licht: 0,197113,3,7,8,08,09,1,0,0,1,0,0,0
"POINT (9.461034215000041 52.511008710000056)",Unfall 197120 (2020) Kat:3, Licht: 0,197120,3,2,5,08,19,1,0,0,0,1,0,0
"POINT (10.117616517000044 52.476662742000030)",Unfall 197123 (2020) Kat:3, Licht: 0,197123,3,1,0,08,17,1,1,0,1,0,0,0
"POINT (9.725418268000055 52.343087655000033)",Unfall 197125 (2020) Kat:3, Licht: 0,197125,3,6,3,08,16,5,0,0,1,0,0,0
"POINT (9.736227712000073 52.384009442000036)",Unfall 197128 (2020) Kat:3, Licht: 2,197128,3,1,8,08,03,1,0,2,0,1,0,0
"POINT (9.751039116000072 52.387618733000068)",Unfall 197129 (2020) Kat:3, Licht: 0,197129,3,4,6,08,11,2,0,0,1,1,1,0
"POINT (9.725089949000051 52.384188012000038)",Unfall 197130 (2020) Kat:3, Licht: 0,197130,3,5,1,08,15,5,0,0,1,1,0,0
"POINT (9.739966466000055 52.372822192000058)",Unfall 197139 (2020) Kat:3, Licht: 0,197139,3,7,4,08,15,5,0,0,1,0,0,0
"POINT (9.525387410000064 52.512550702000055)",Unfall 197140 (2020) Kat:3, Licht: 0,197140,3,6,0,08,18,4,0,0,1,1,0,0
"POINT (9.761778209000056 52.341999990000033)",Unfall 197144 (2020) Kat:3, Licht: 0,197144,3,3,5,08,17,5,0,0,1,1,0,0
"POINT (9.461238563000052 52.504638668000041)",Unfall 197145 (2020) Kat:3, Licht: 0,197145,3,3,5,08,10,5,0,0,1,0,0,0
"POINT (9.607641806000061 52.424492070000042)",Unfall 197146 (2020) Kat:3, Licht: 0,197146,3,7,8,08,16,5,0,0,0,1,0,0
"POINT (9.973575025000059 52.376045039000076)",Unfall 197149 (2020) Kat:3, Licht: 0,197149,3,6,6,08,19,5,0,0,0,1,1,0
"POINT (9.727581263000047 52.438419007000050)",Unfall 197151 (2020) Kat:3, Licht: 0,197151,3,6,2,08,11,6,0,0,0,1,0,0
"POINT (9.475463113000046 52.432031983000059)",Unfall 197152 (2020) Kat:2, Licht: 0,197152,2,7,0,08,15,3,0,0,1,0,0,0
"POINT (9.727609414000028 52.436733438000033)",Unfall 197156 (2020) Kat:3, Licht: 0,197156,3,3,0,08,13,5,0,0,0,1,0,1
"POINT (9.775549421000051 52.396611647000043)",Unfall 197158 (2020) Kat:3, Licht: 0,197158,3,3,5,08,14,5,0,0,1,1,0,0
"POINT (10.195299540000065 52.461359013000049)",Unfall 197170 (2020) Kat:3, Licht: 0,197170,3,2,3,08,12,6,0,0,1,1,0,0
"POINT (9.821414533000052 52.388401017000035)",Unfall 197171 (2020) Kat:3, Licht: 0,197171,3,1,0,08,10,5,0,0,1,0,0,0
"POINT (9.714444452000066 52.342756319000046)",Unfall 197181 (2020) Kat:3, Licht: 0,197181,3,5,1,08,20,4,0,0,1,1,0,0
"POINT (9.705130658000030 52.409869151000066)",Unfall 197192 (2020) Kat:3, Licht: 0,197192,3,3,5,08,12,4,0,0,0,1,0,0
"POINT (9.683594995000021 52.394626204000076)",Unfall 197193 (2020) Kat:3, Licht: 0,197193,3,3,0,08,19,6,1,0,1,1,0,0
"POINT (9.727206538000075 52.373908833000030)",Unfall 197206 (2020) Kat:3, Licht: 0,197206,3,5,3,08,17,6,0,0,1,1,0,0
"POINT (9.761948986000050 52.374702670000033)",Unfall 197207 (2020) Kat:3, Licht: 0,197207,3,1,0,08,16,3,0,0,1,0,0,0
"POINT (9.804595367000047 52.330537197000069)",Unfall 197217 (2020) Kat:3, Licht: 0,197217,3,2,5,08,13,5,0,0,1,1,0,0
"POINT (9.726142512000024 52.354038565000053)",Unfall 197232 (2020) Kat:3, Licht: 0,197232,3,5,1,08,19,7,0,0,0,1,0,0
"POINT (9.813297122000051 52.422472398000082)",Unfall 197235 (2020) Kat:3, Licht: 0,197235,3,2,0,08,17,7,0,0,0,1,0,1
"POINT (9.939959789000056 52.348808225000028)",Unfall 197241 (2020) Kat:3, Licht: 0,197241,3,3,5,08,09,7,0,0,0,1,0,0
"POINT (9.589963841000042 52.434157964000065)",Unfall 197245 (2020) Kat:2, Licht: 0,197245,2,7,0,08,17,7,0,0,1,0,0,0
"POINT (9.436463309000033 52.574400887000081)",Unfall 197250 (2020) Kat:3, Licht: 0,197250,3,1,8,08,15,7,0,0,0,0,0,1
"POINT (9.461401954000053 52.506724445000032)",Unfall 197253 (2020) Kat:3, Licht: 0,197253,3,3,5,08,16,4,0,0,1,1,0,0
"POINT (9.747705475000032 52.375704726000038)",Unfall 197255 (2020) Kat:2, Licht: 0,197255,2,3,5,08,13,7,0,0,1,1,0,0
"POINT (9.747888299000067 52.388121497000043)",Unfall 197259 (2020) Kat:3, Licht: 0,197259,3,4,6,08,12,5,0,0,1,0,1,0
"POINT (9.670554718000062 52.382494780000059)",Unfall 197265 (2020) Kat:3, Licht: 0,197265,3,5,1,08,12,6,0,0,0,1,1,0
"POINT (9.705255920000070 52.374211635000052)",Unfall 197266 (2020) Kat:3, Licht: 2,197266,3,1,0,08,22,3,0,2,1,0,0,0
"POINT (9.712891026000023 52.371573802000057)",Unfall 197267 (2020) Kat:3, Licht: 2,197267,3,7,0,08,00,7,1,2,0,0,0,0
"POINT (9.720727439000029 52.373357318000046)",Unfall 197282 (2020) Kat:3, Licht: 0,197282,3,1,0,08,10,3,0,0,1,0,0,0
"POINT (9.785069423000039 52.391942349000033)",Unfall 197284 (2020) Kat:3, Licht: 0,197284,3,5,1,08,13,6,0,0,0,1,1,0
"POINT (9.733304231000034 52.375553441000079)",Unfall 197306 (2020) Kat:3, Licht: 0,197306,3,2,4,08,13,2,1,0,1,1,0,0
"POINT (9.771894114000077 52.417467577000082)",Unfall 197307 (2020) Kat:3, Licht: 2,197307,3,6,2,08,21,4,0,2,0,1,0,0
"POINT (9.712307522000060 52.366959698000073)",Unfall 197318 (2020) Kat:3, Licht: 2,197318,3,1,0,08,22,6,1,2,1,0,0,0
"POINT (9.721967947000053 52.376775337000026)",Unfall 197319 (2020) Kat:3, Licht: 0,197319,3,6,4,08,18,3,0,0,1,0,0,0
"POINT (9.679692218000071 52.394970156000056)",Unfall 197328 (2020) Kat:3, Licht: 1,197328,3,2,5,08,21,5,0,1,1,1,0,0
"POINT (9.726443156000073 52.381535901000063)",Unfall 197357 (2020) Kat:3, Licht: 0,197357,3,5,0,08,10,4,0,0,1,1,0,0
"POINT (9.727714648000074 52.369000152000069)",Unfall 197359 (2020) Kat:3, Licht: 0,197359,3,3,5,08,12,4,0,0,1,1,0,0
"POINT (9.740511720000029 52.377569245000075)",Unfall 197360 (2020) Kat:3, Licht: 0,197360,3,1,0,08,18,4,0,0,1,0,0,0
"POINT (9.613429907000068 52.315717953000046)",Unfall 197364 (2020) Kat:3, Licht: 0,197364,3,7,0,08,15,4,0,0,1,0,0,0
"POINT (9.728330591000031 52.377840944000070)",Unfall 197366 (2020) Kat:3, Licht: 0,197366,3,3,5,08,13,2,1,0,0,1,0,0
"POINT (9.756869819000031 52.395998137000049)",Unfall 197367 (2020) Kat:3, Licht: 0,197367,3,1,0,08,14,5,1,0,0,0,0,1
"POINT (9.606829549000054 52.413514883000062)",Unfall 197368 (2020) Kat:3, Licht: 1,197368,3,7,0,08,21,4,0,1,1,0,0,0
"POINT (9.821094623000022 52.347951957000078)",Unfall 197369 (2020) Kat:3, Licht: 0,197369,3,1,0,08,16,2,1,0,0,0,0,1
"POINT (9.813762794000070 52.347329081000055)",Unfall 197371 (2020) Kat:3, Licht: 0,197371,3,6,4,08,12,6,0,0,0,1,0,0
"POINT (9.740078607000044 52.366997536000042)",Unfall 197372 (2020) Kat:3, Licht: 0,197372,3,2,5,08,14,3,0,0,1,0,0,0
"POINT (9.754654931000061 52.360733949000064)",Unfall 197373 (2020) Kat:3, Licht: 0,197373,3,4,6,08,15,6,0,0,1,0,1,0
"POINT (9.714532793000046 52.403382484000076)",Unfall 197374 (2020) Kat:3, Licht: 1,197374,3,5,1,08,20,6,0,1,0,1,0,1
"POINT (9.698677078000060 52.439147361000039)",Unfall 197375 (2020) Kat:3, Licht: 0,197375,3,3,5,08,10,4,0,0,0,1,0,0
"POINT (9.430064402000028 52.420130463000078)",Unfall 197376 (2020) Kat:3, Licht: 0,197376,3,7,8,08,10,1,0,0,1,0,0,0
"POINT (9.689238793000072 52.332457407000049)",Unfall 197384 (2020) Kat:3, Licht: 0,197384,3,5,1,08,18,4,1,0,0,1,0,0
"POINT (9.724397850000059 52.345922688000030)",Unfall 197387 (2020) Kat:3, Licht: 2,197387,3,1,0,08,21,3,1,2,0,0,0,1
"POINT (9.757598786000074 52.363772760000074)",Unfall 197389 (2020) Kat:3, Licht: 0,197389,3,7,0,08,09,6,0,0,1,0,0,0
"POINT (9.859292427000071 52.392663988000038)",Unfall 197391 (2020) Kat:3, Licht: 0,197391,3,5,1,08,07,2,0,0,1,1,0,0
"POINT (9.766357515000038 52.382128506000072)",Unfall 197392 (2020) Kat:3, Licht: 0,197392,3,2,5,08,14,5,0,0,1,1,0,0
"POINT (9.799418603000049 52.314868086000047)",Unfall 197396 (2020) Kat:3, Licht: 0,197396,3,3,5,08,16,7,0,0,0,1,0,0
"POINT (9.790149994000046 52.215173897000057)",Unfall 197397 (2020) Kat:3, Licht: 2,197397,3,5,1,08,21,3,1,2,0,1,0,0
"POINT (10.011169207000023 52.448693695000031)",Unfall 197427 (2020) Kat:3, Licht: 0,197427,3,1,0,08,18,1,0,0,1,0,0,0
"POINT (9.642243086000065 52.414662210000074)",Unfall 197429 (2020) Kat:3, Licht: 0,197429,3,1,0,08,14,1,0,0,1,0,0,0
"POINT (9.821315730000038 52.350976993000074)",Unfall 197433 (2020) Kat:3, Licht: 0,197433,3,6,4,08,15,1,0,0,1,0,1,0
"POINT (9.909422695000046 52.516153603000078)",Unfall 197435 (2020) Kat:3, Licht: 2,197435,3,1,1,08,01,4,1,2,1,1,0,0
"POINT (9.457209909000028 52.304964819000077)",Unfall 197436 (2020) Kat:3, Licht: 0,197436,3,7,6,08,18,1,0,0,0,1,1,0
"POINT (9.800713133000045 52.405663263000065)",Unfall 197438 (2020) Kat:3, Licht: 1,197438,3,7,0,08,20,3,1,1,1,0,0,0
"POINT (9.735144859000059 52.376101447000053)",Unfall 197439 (2020) Kat:3, Licht: 0,197439,3,7,0,08,14,1,0,0,1,0,0,0
"POINT (9.806668719000072 52.483597018000069)",Unfall 197445 (2020) Kat:3, Licht: 0,197445,3,1,0,08,08,6,1,0,0,0,0,1
"POINT (9.762221818000057 52.392741255000033)",Unfall 197446 (2020) Kat:2, Licht: 0,197446,2,3,5,08,16,5,0,0,1,1,0,0
"POINT (9.704081559000031 52.371796205000066)",Unfall 197450 (2020) Kat:3, Licht: 2,197450,3,1,8,08,01,7,0,2,1,1,0,0
"POINT (9.848236826000061 52.393452221000075)",Unfall 197451 (2020) Kat:3, Licht: 0,197451,3,5,1,08,16,3,0,0,1,1,0,0
"POINT (9.604529388000060 52.446715439000059)",Unfall 197457 (2020) Kat:3, Licht: 2,197457,3,7,8,08,03,2,0,2,0,1,0,0
"POINT (9.719937177000077 52.367895690000068)",Unfall 197469 (2020) Kat:3, Licht: 2,197469,3,1,0,08,23,2,1,2,1,0,0,0
"POINT (9.805134201000044 52.411075408000045)",Unfall 197473 (2020) Kat:3, Licht: 0,197473,3,3,5,08,18,2,0,0,1,1,0,0
"POINT (9.741727724000043 52.398598960000072)",Unfall 197483 (2020) Kat:3, Licht: 0,197483,3,3,5,08,13,2,0,0,1,1,0,0
"POINT (9.781567777000021 52.414128526000070)",Unfall 197484 (2020) Kat:3, Licht: 0,197484,3,3,5,08,17,6,0,0,0,0,0,0
"POINT (9.677414920000047 52.371987644000058)",Unfall 197486 (2020) Kat:3, Licht: 0,197486,3,6,2,08,13,5,0,0,0,1,0,0
"POINT (9.653845659000069 52.321777696000026)",Unfall 197497 (2020) Kat:3, Licht: 0,197497,3,7,9,08,15,6,0,0,0,1,0,0
"POINT (9.857452585000033 52.392767218000074)",Unfall 197500 (2020) Kat:3, Licht: 0,197500,3,6,3,08,18,2,0,0,0,1,0,1
"POINT (9.763393894000046 52.374960272000067)",Unfall 197505 (2020) Kat:3, Licht: 0,197505,3,3,5,08,13,4,0,0,0,1,0,0
"POINT (9.759076331000074 52.329205931000047)",Unfall 197508 (2020) Kat:3, Licht: 0,197508,3,3,5,08,13,3,0,0,1,0,0,0
"POINT (9.736772664000057 52.371298461000038)",Unfall 197513 (2020) Kat:3, Licht: 0,197513,3,6,3,08,16,2,0,0,1,1,0,0
"POINT (9.919751876000021 52.377493392000076)",Unfall 197516 (2020) Kat:3, Licht: 2,197516,3,1,0,08,22,2,1,2,1,0,0,0
"POINT (9.723642102000042 52.348106994000034)",Unfall 197529 (2020) Kat:2, Licht: 2,197529,2,4,6,08,22,2,1,2,0,1,1,0
"POINT (9.864665014000025 52.485660063000068)",Unfall 197539 (2020) Kat:3, Licht: 0,197539,3,6,2,08,16,1,0,0,1,0,0,0
"POINT (9.694593191000024 52.382026191000080)",Unfall 197542 (2020) Kat:3, Licht: 0,197542,3,7,0,08,12,2,0,0,1,0,0,0
"POINT (9.683311235000076 52.393694680000067)",Unfall 197545 (2020) Kat:3, Licht: 0,197545,3,7,0,08,18,7,0,0,1,0,0,0
"POINT (9.641338853000036 52.396005967000065)",Unfall 197547 (2020) Kat:3, Licht: 0,197547,3,2,6,08,10,4,1,0,0,1,1,0
"POINT (9.683131660000072 52.413480086000050)",Unfall 197548 (2020) Kat:3, Licht: 0,197548,3,7,0,08,17,7,0,0,1,0,0,0
"POINT (9.857757050000032 52.392843121000055)",Unfall 197550 (2020) Kat:2, Licht: 0,197550,2,1,0,08,10,3,0,0,1,0,0,0
"POINT (9.717119115000060 52.343349320000073)",Unfall 197551 (2020) Kat:3, Licht: 0,197551,3,2,3,08,11,7,0,0,1,1,0,0
"POINT (9.732252828000071 52.391644730000053)",Unfall 197555 (2020) Kat:3, Licht: 0,197555,3,7,0,08,19,7,0,0,1,1,0,0
"POINT (9.754636783000024 52.438012515000082)",Unfall 197556 (2020) Kat:3, Licht: 0,197556,3,6,2,08,15,6,0,0,0,1,0,0
"POINT (9.764964101000032 52.452375964000055)",Unfall 197557 (2020) Kat:3, Licht: 1,197557,3,5,1,08,20,5,0,1,1,1,0,0
"POINT (9.722695276000025 52.383534020000070)",Unfall 197560 (2020) Kat:3, Licht: 0,197560,3,7,6,08,16,7,0,0,0,1,1,0
"POINT (9.748858616000064 52.365554503000055)",Unfall 197561 (2020) Kat:3, Licht: 2,197561,3,5,1,08,05,7,0,2,0,1,0,0
"POINT (9.757327570000030 52.364286176000064)",Unfall 197562 (2020) Kat:2, Licht: 1,197562,2,3,5,08,19,3,1,1,1,1,0,0
"POINT (9.734953893000068 52.380279290000033)",Unfall 197563 (2020) Kat:3, Licht: 0,197563,3,2,5,08,17,7,0,0,1,1,0,0
"POINT (9.740686496000024 52.377699608000057)",Unfall 197568 (2020) Kat:2, Licht: 0,197568,2,7,0,08,06,7,0,0,0,0,0,0
"POINT (9.587021991000029 52.416265426000052)",Unfall 197570 (2020) Kat:3, Licht: 0,197570,3,2,6,08,11,2,0,0,0,1,1,0
"POINT (9.721224453000048 52.390294498000060)",Unfall 197583 (2020) Kat:3, Licht: 0,197583,3,7,0,08,12,2,0,0,1,0,0,0
"POINT (9.772013936000064 52.364919316000055)",Unfall 197591 (2020) Kat:3, Licht: 0,197591,3,2,5,08,13,1,0,0,1,1,0,0
"POINT (9.564004440000076 52.196277597000062)",Unfall 197592 (2020) Kat:2, Licht: 0,197592,2,2,5,08,14,1,0,0,1,1,0,0
"POINT (9.758359330000076 52.372854445000030)",Unfall 197596 (2020) Kat:3, Licht: 0,197596,3,1,0,08,17,6,0,0,1,0,0,0
"POINT (9.655230266000046 52.419729564000079)",Unfall 197599 (2020) Kat:3, Licht: 0,197599,3,3,5,08,13,4,0,0,1,0,0,0
"POINT (9.675815273000069 52.365495679000048)",Unfall 197609 (2020) Kat:2, Licht: 2,197609,2,3,5,08,21,6,0,2,1,1,0,0
"POINT (9.691643699000053 52.329911776000074)",Unfall 197610 (2020) Kat:3, Licht: 0,197610,3,2,5,08,07,5,0,0,0,1,0,1
"POINT (9.763440260000039 52.400811261000058)",Unfall 197615 (2020) Kat:3, Licht: 0,197615,3,3,5,08,12,3,0,0,0,1,0,1
"POINT (9.822222668000052 52.316433169000049)",Unfall 197619 (2020) Kat:3, Licht: 0,197619,3,1,0,08,09,3,0,0,1,0,0,0
"POINT (9.750267095000027 52.389134434000027)",Unfall 197623 (2020) Kat:3, Licht: 0,197623,3,7,9,08,15,2,0,0,1,1,1,0
"POINT (9.757475949000025 52.392393393000077)",Unfall 197648 (2020) Kat:3, Licht: 0,197648,3,5,1,08,08,6,0,0,1,1,0,0
"POINT (9.766135538000071 52.382033353000054)",Unfall 197653 (2020) Kat:3, Licht: 0,197653,3,7,0,09,10,3,0,0,0,1,0,0
"POINT (9.834637663000024 52.339643775000070)",Unfall 197654 (2020) Kat:3, Licht: 0,197654,3,2,5,09,12,2,0,0,1,1,0,0
"POINT (9.582759176000025 52.416035289000035)",Unfall 197655 (2020) Kat:3, Licht: 0,197655,3,1,0,09,18,2,0,0,0,0,0,1
"POINT (9.776911475000077 52.404175185000042)",Unfall 197657 (2020) Kat:3, Licht: 1,197657,3,1,8,09,19,2,0,1,0,1,0,0
"POINT (9.692561103000060 52.398585682000032)",Unfall 197659 (2020) Kat:3, Licht: 0,197659,3,6,2,09,18,2,0,0,1,0,0,0
"POINT (9.761094889000049 52.365886275000037)",Unfall 197660 (2020) Kat:2, Licht: 0,197660,2,3,5,09,17,2,0,0,1,1,0,0
"POINT (9.817556005000029 52.399791048000054)",Unfall 197662 (2020) Kat:3, Licht: 0,197662,3,3,5,09,08,2,0,0,0,1,0,0
"POINT (9.712321351000071 52.366956603000062)",Unfall 197663 (2020) Kat:3, Licht: 2,197663,3,1,0,09,01,2,1,2,1,1,0,0
"POINT (9.734313955000062 52.374252038000066)",Unfall 197669 (2020) Kat:3, Licht: 0,197669,3,6,2,09,18,4,0,0,1,1,0,0
"POINT (9.689466005000043 52.364208953000059)",Unfall 197673 (2020) Kat:3, Licht: 0,197673,3,2,2,09,10,4,0,0,0,1,0,0
"POINT (9.762926993000065 52.407951151000077)",Unfall 197678 (2020) Kat:3, Licht: 0,197678,3,3,5,09,15,4,0,0,1,0,0,0
"POINT (9.753296565000028 52.359720598000081)",Unfall 197680 (2020) Kat:3, Licht: 2,197680,3,7,0,09,19,4,0,2,1,0,0,0
"POINT (9.754330255000070 52.410322907000079)",Unfall 197684 (2020) Kat:3, Licht: 0,197684,3,2,2,09,16,4,0,0,0,1,0,1
"POINT (9.737721900000054 52.394510941000078)",Unfall 197694 (2020) Kat:3, Licht: 0,197694,3,3,5,09,14,1,0,0,1,0,0,0
"POINT (9.850111977000040 52.484060100000079)",Unfall 197695 (2020) Kat:3, Licht: 0,197695,3,3,5,09,10,1,0,0,0,1,0,0
"POINT (9.850868620000028 52.412954826000032)",Unfall 197696 (2020) Kat:3, Licht: 0,197696,3,1,0,09,13,1,0,0,0,0,0,1
"POINT (9.770892614000047 52.400570539000057)",Unfall 197697 (2020) Kat:3, Licht: 0,197697,3,6,6,09,11,1,0,0,1,0,1,0
"POINT (9.976170239000055 52.376992575000031)",Unfall 197700 (2020) Kat:3, Licht: 0,197700,3,4,6,09,16,3,0,0,0,1,1,0
"POINT (9.719780204000074 52.359466872000041)",Unfall 197731 (2020) Kat:3, Licht: 0,197731,3,1,1,09,10,7,1,0,1,1,0,0
"POINT (9.739425418000053 52.380797250000057)",Unfall 197732 (2020) Kat:3, Licht: 0,197732,3,1,0,09,14,7,1,0,0,0,0,1
"POINT (9.619716033000032 52.441053897000074)",Unfall 197733 (2020) Kat:3, Licht: 0,197733,3,7,1,09,16,7,1,0,0,1,0,1
"POINT (9.739812778000044 52.372997757000064)",Unfall 197737 (2020) Kat:3, Licht: 0,197737,3,5,1,09,18,7,1,0,1,1,0,0
"POINT (9.736861993000048 52.376716230000056)",Unfall 197741 (2020) Kat:3, Licht: 0,197741,3,6,3,09,14,7,0,0,0,1,0,0
"POINT (9.722128948000034 52.376868985000044)",Unfall 197787 (2020) Kat:3, Licht: 2,197787,3,3,5,09,21,6,0,2,0,1,0,1
"POINT (9.756413945000077 52.390669470000034)",Unfall 197788 (2020) Kat:3, Licht: 0,197788,3,3,5,09,11,6,1,0,0,0,0,1
"POINT (9.479847191000033 52.499542568000038)",Unfall 197792 (2020) Kat:3, Licht: 0,197792,3,7,1,09,19,6,0,0,1,1,0,0
"POINT (9.593348122000066 52.446434415000056)",Unfall 197794 (2020) Kat:3, Licht: 0,197794,3,2,4,09,15,6,0,0,0,1,0,0
"POINT (9.978635122000071 52.382849975000056)",Unfall 197796 (2020) Kat:3, Licht: 0,197796,3,3,5,09,13,6,0,0,1,0,0,0
"POINT (9.856133702000022 52.435192370000038)",Unfall 197797 (2020) Kat:3, Licht: 0,197797,3,3,5,09,07,6,1,0,1,1,0,0
"POINT (9.740189562000069 52.375841247000039)",Unfall 197798 (2020) Kat:3, Licht: 0,197798,3,7,0,09,13,6,0,0,1,0,0,0
"POINT (9.693087900000023 52.366262402000075)",Unfall 197803 (2020) Kat:3, Licht: 1,197803,3,1,0,09,18,3,0,1,1,0,0,0
"POINT (9.760235619000071 52.356361021000055)",Unfall 197822 (2020) Kat:3, Licht: 0,197822,3,2,3,09,08,3,0,0,1,1,0,0
"POINT (9.773308062000069 52.365418243000079)",Unfall 197826 (2020) Kat:3, Licht: 0,197826,3,2,3,09,09,3,0,0,1,1,0,0
"POINT (9.729798240000037 52.392530288000046)",Unfall 197829 (2020) Kat:3, Licht: 0,197829,3,2,2,09,17,3,0,0,0,1,0,0
"POINT (9.730484394000030 52.391251550000050)",Unfall 197833 (2020) Kat:3, Licht: 0,197833,3,6,2,09,13,3,0,0,0,1,0,0
"POINT (9.859650575000046 52.396290210000075)",Unfall 197838 (2020) Kat:3, Licht: 2,197838,3,3,5,09,05,3,1,2,1,1,0,0
"POINT (9.822492600000032 52.400345802000061)",Unfall 197847 (2020) Kat:3, Licht: 1,197847,3,2,4,09,19,5,1,1,1,1,0,0
"POINT (9.723445096000035 52.371396721000053)",Unfall 197848 (2020) Kat:3, Licht: 0,197848,3,3,5,09,16,5,1,0,1,1,0,0
"POINT (9.741271606000055 52.395746204000034)",Unfall 197849 (2020) Kat:3, Licht: 1,197849,3,5,1,09,05,5,0,1,1,1,0,0
"POINT (9.788926879000030 52.359013650000065)",Unfall 197850 (2020) Kat:3, Licht: 0,197850,3,6,2,09,07,3,0,0,0,1,0,1
"POINT (9.458071007000058 52.503438500000073)",Unfall 197852 (2020) Kat:3, Licht: 0,197852,3,7,0,09,16,5,1,0,1,0,0,0
"POINT (9.704654357000038 52.376924308000071)",Unfall 197853 (2020) Kat:3, Licht: 0,197853,3,7,6,09,16,5,1,0,0,1,1,0
"POINT (9.740696609000054 52.404633871000044)",Unfall 197854 (2020) Kat:3, Licht: 0,197854,3,3,5,09,16,5,1,0,1,1,0,0
"POINT (9.353379343000029 52.449071134000064)",Unfall 197855 (2020) Kat:3, Licht: 0,197855,3,7,6,09,19,3,0,0,0,1,1,0
"POINT (9.820507768000027 52.351787032000061)",Unfall 197856 (2020) Kat:3, Licht: 0,197856,3,2,5,09,10,5,0,0,1,1,0,0
"POINT (9.466838904000042 52.497054625000033)",Unfall 197857 (2020) Kat:3, Licht: 0,197857,3,7,0,09,12,3,0,0,0,1,0,0
"POINT (9.762784977000024 52.363529284000037)",Unfall 197859 (2020) Kat:3, Licht: 1,197859,3,1,1,09,20,3,0,1,1,1,0,0
"POINT (9.750848263000023 52.375594937000074)",Unfall 197862 (2020) Kat:3, Licht: 0,197862,3,2,5,09,17,3,0,0,1,1,0,0
"POINT (9.746271520000050 52.354291443000079)",Unfall 197866 (2020) Kat:3, Licht: 0,197866,3,2,5,09,16,3,0,0,1,0,0,0
"POINT (9.813370509000038 52.389675179000051)",Unfall 197898 (2020) Kat:3, Licht: 0,197898,3,4,6,09,13,3,0,0,0,1,1,0
"POINT (9.749865793000026 52.372492753000074)",Unfall 197900 (2020) Kat:3, Licht: 0,197900,3,7,0,09,16,5,0,0,1,0,0,0
"POINT (9.592352082000048 52.388377561000027)",Unfall 197904 (2020) Kat:3, Licht: 0,197904,3,3,5,09,07,5,0,0,1,1,0,0
"POINT (9.680994136000038 52.349685115000057)",Unfall 197905 (2020) Kat:3, Licht: 0,197905,3,5,1,09,11,7,0,0,1,1,0,0
"POINT (9.971077453000021 52.370989528000052)",Unfall 197906 (2020) Kat:3, Licht: 0,197906,3,5,0,09,08,5,1,0,1,1,0,0
"POINT (9.729101116000038 52.424315732000082)",Unfall 197909 (2020) Kat:3, Licht: 2,197909,3,4,6,09,22,5,0,2,1,0,1,0
"POINT (9.765807606000067 52.382693327000027)",Unfall 197915 (2020) Kat:3, Licht: 0,197915,3,5,1,09,13,5,0,0,0,1,0,0
"POINT (9.809653242000024 52.307430997000040)",Unfall 197918 (2020) Kat:3, Licht: 0,197918,3,7,6,09,12,5,0,0,0,1,1,0
"POINT (9.747241020000047 52.387464139000031)",Unfall 197923 (2020) Kat:3, Licht: 0,197923,3,5,1,09,08,5,0,0,1,1,0,0
"POINT (9.599086724000074 52.413969529000042)",Unfall 197925 (2020) Kat:3, Licht: 0,197925,3,7,0,09,15,6,0,0,1,0,0,0
"POINT (9.770240647000037 52.383816675000048)",Unfall 197926 (2020) Kat:2, Licht: 0,197926,2,7,3,09,19,2,0,0,1,0,0,0
"POINT (9.756464748000042 52.341364633000069)",Unfall 197930 (2020) Kat:3, Licht: 2,197930,3,3,5,09,05,6,0,2,1,1,0,0
"POINT (9.785224177000032 52.314715196000066)",Unfall 197931 (2020) Kat:3, Licht: 0,197931,3,6,2,09,18,2,0,0,1,1,0,0
"POINT (9.749631335000061 52.385692921000043)",Unfall 197945 (2020) Kat:3, Licht: 0,197945,3,2,5,09,12,3,0,0,0,1,0,1
"POINT (9.764414102000046 52.333910046000028)",Unfall 197955 (2020) Kat:3, Licht: 0,197955,3,7,0,09,15,7,0,0,1,0,0,0
"POINT (9.751126171000067 52.379262650000044)",Unfall 197979 (2020) Kat:3, Licht: 0,197979,3,1,0,09,13,6,0,0,1,0,0,0
"POINT (9.431441429000074 52.416851402000077)",Unfall 197980 (2020) Kat:3, Licht: 1,197980,3,3,5,09,20,2,0,1,0,1,0,1
"POINT (9.812819848000061 52.380153683000060)",Unfall 197983 (2020) Kat:3, Licht: 2,197983,3,2,5,09,21,3,0,2,0,1,0,1
"POINT (9.724402599000030 52.385461701000054)",Unfall 197994 (2020) Kat:3, Licht: 0,197994,3,7,1,09,15,6,0,0,1,1,0,0
"POINT (9.820572333000030 52.402109555000038)",Unfall 197995 (2020) Kat:3, Licht: 0,197995,3,3,5,09,19,2,0,0,1,1,0,0
"POINT (9.851692097000068 52.490329665000047)",Unfall 197997 (2020) Kat:3, Licht: 0,197997,3,5,4,09,15,3,0,0,1,1,0,0
"POINT (9.705643718000033 52.402124998000033)",Unfall 198010 (2020) Kat:3, Licht: 0,198010,3,4,6,09,12,7,0,0,1,0,1,0
"POINT (9.791173583000045 52.396893829000078)",Unfall 198020 (2020) Kat:3, Licht: 0,198020,3,6,2,09,18,6,0,0,0,1,0,0
"POINT (10.005591658000071 52.446296486000051)",Unfall 198021 (2020) Kat:3, Licht: 0,198021,3,3,5,09,13,7,0,0,0,1,0,0
"POINT (9.778523768000071 52.401786634000075)",Unfall 198033 (2020) Kat:3, Licht: 2,198033,3,7,0,09,05,6,0,2,0,1,1,0
"POINT (9.740725939000072 52.448416532000067)",Unfall 198034 (2020) Kat:3, Licht: 0,198034,3,6,2,09,13,2,0,0,0,1,0,0
"POINT (9.739596238000047 52.381181402000038)",Unfall 198037 (2020) Kat:3, Licht: 0,198037,3,3,5,09,14,3,0,0,1,1,0,0
"POINT (9.747427040000048 52.352859766000051)",Unfall 198048 (2020) Kat:3, Licht: 0,198048,3,7,0,09,08,6,0,0,1,0,0,0
"POINT (9.785962069000050 52.397980683000071)",Unfall 198049 (2020) Kat:3, Licht: 0,198049,3,1,0,09,14,2,0,0,1,0,0,0
"POINT (9.693289592000042 52.392359150000061)",Unfall 198062 (2020) Kat:3, Licht: 0,198062,3,2,5,09,16,4,0,0,1,1,0,0
"POINT (9.712234646000070 52.381643638000071)",Unfall 198063 (2020) Kat:3, Licht: 0,198063,3,6,3,09,15,7,0,0,1,0,0,0
"POINT (9.731164619000026 52.407204022000030)",Unfall 198064 (2020) Kat:3, Licht: 0,198064,3,3,5,09,18,4,0,0,1,0,0,0
"POINT (9.724298300000044 52.385648568000079)",Unfall 198067 (2020) Kat:3, Licht: 0,198067,3,7,5,09,08,4,0,0,1,1,0,0
"POINT (9.750550991000068 52.375301667000031)",Unfall 198071 (2020) Kat:3, Licht: 0,198071,3,6,2,09,12,4,0,0,0,1,0,0
"POINT (9.592457309000054 52.393740875000049)",Unfall 198075 (2020) Kat:3, Licht: 0,198075,3,3,5,09,18,4,0,0,0,1,0,0
"POINT (9.737544622000030 52.444085673000075)",Unfall 198078 (2020) Kat:3, Licht: 0,198078,3,7,1,09,14,4,0,0,1,1,0,0
"POINT (9.656992558000070 52.415538766000054)",Unfall 198081 (2020) Kat:2, Licht: 2,198081,2,1,9,09,22,1,0,2,0,0,0,1
"POINT (9.413670114000070 52.550395823000031)",Unfall 198084 (2020) Kat:2, Licht: 0,198084,2,1,0,09,17,4,1,0,1,1,0,0
"POINT (9.743428463000043 52.389653936000059)",Unfall 198087 (2020) Kat:3, Licht: 0,198087,3,3,5,09,14,4,0,0,1,1,0,0
"POINT (9.733810386000073 52.384690844000033)",Unfall 198088 (2020) Kat:3, Licht: 0,198088,3,3,5,09,08,6,0,0,0,1,0,0
"POINT (9.787067368000066 52.410129347000066)",Unfall 198089 (2020) Kat:3, Licht: 0,198089,3,2,4,09,18,2,0,0,1,1,0,0
"POINT (9.719707144000040 52.368282897000029)",Unfall 198090 (2020) Kat:3, Licht: 0,198090,3,2,5,09,10,4,0,0,1,1,0,0
"POINT (9.713823361000038 52.371126238000045)",Unfall 198102 (2020) Kat:2, Licht: 2,198102,2,7,0,09,23,6,0,2,1,0,0,0
"POINT (9.694345696000028 52.403838372000052)",Unfall 198103 (2020) Kat:2, Licht: 2,198103,2,5,1,09,22,2,0,2,0,1,0,0
"POINT (9.732638787000042 52.549123966000082)",Unfall 198105 (2020) Kat:3, Licht: 0,198105,3,7,0,09,12,3,0,0,0,1,0,0
"POINT (9.758121950000032 52.267785976000027)",Unfall 198113 (2020) Kat:3, Licht: 0,198113,3,5,1,09,18,7,0,0,1,1,0,0
"POINT (9.771395068000061 52.354096654000045)",Unfall 198116 (2020) Kat:3, Licht: 0,198116,3,6,4,09,18,7,0,0,1,0,0,0
"POINT (9.719799953000063 52.375116968000043)",Unfall 198125 (2020) Kat:3, Licht: 0,198125,3,2,5,09,16,6,0,0,1,1,0,0
"POINT (9.746118362000061 52.383454918000041)",Unfall 198136 (2020) Kat:3, Licht: 0,198136,3,1,0,09,10,6,0,0,1,0,0,0
"POINT (9.764677340000048 52.265243622000071)",Unfall 198137 (2020) Kat:3, Licht: 2,198137,3,3,5,09,20,2,0,2,1,1,0,0
"POINT (9.724574241000028 52.369854754000073)",Unfall 198140 (2020) Kat:3, Licht: 0,198140,3,7,0,09,10,3,0,0,1,0,0,0
"POINT (9.918349986000067 52.272948313000029)",Unfall 198149 (2020) Kat:3, Licht: 0,198149,3,6,4,09,11,5,0,0,0,0,0,0
"POINT (9.755820583000059 52.371567797000068)",Unfall 198150 (2020) Kat:3, Licht: 0,198150,3,5,1,09,12,6,0,0,1,1,0,0
"POINT (9.829963875000033 52.284529293000048)",Unfall 198151 (2020) Kat:3, Licht: 0,198151,3,7,0,09,14,2,0,0,1,0,0,0
"POINT (9.809666440000058 52.404902676000063)",Unfall 198153 (2020) Kat:3, Licht: 1,198153,3,6,6,09,19,1,0,1,1,0,1,0
"POINT (9.693725317000030 52.392327842000043)",Unfall 198162 (2020) Kat:3, Licht: 0,198162,3,4,6,09,17,5,0,0,0,1,1,0
"POINT (9.739911069000073 52.366597275000061)",Unfall 198166 (2020) Kat:2, Licht: 0,198166,2,2,5,09,14,5,0,0,0,1,0,1
"POINT (9.800845135000031 52.304076840000050)",Unfall 198167 (2020) Kat:3, Licht: 0,198167,3,1,0,09,14,2,0,0,1,0,0,0
"POINT (9.616007684000067 52.418862126000079)",Unfall 198168 (2020) Kat:3, Licht: 0,198168,3,2,5,09,13,5,0,0,1,1,0,0
"POINT (9.791275218000067 52.319991396000034)",Unfall 198169 (2020) Kat:3, Licht: 0,198169,3,3,5,09,10,2,0,0,0,1,0,0
"POINT (9.753336816000058 52.376615957000070)",Unfall 198170 (2020) Kat:3, Licht: 0,198170,3,3,0,09,11,3,0,0,0,1,0,0
"POINT (9.753408224000054 52.382282432000068)",Unfall 198171 (2020) Kat:3, Licht: 1,198171,3,6,2,09,19,2,0,1,0,1,0,1
"POINT (9.729272554000033 52.393060044000038)",Unfall 198172 (2020) Kat:3, Licht: 0,198172,3,3,0,09,14,5,0,0,0,1,0,1
"POINT (9.726361666000059 52.440257059000032)",Unfall 198173 (2020) Kat:3, Licht: 0,198173,3,1,0,09,09,2,0,0,1,0,0,0
"POINT (10.009470094000051 52.452453198000057)",Unfall 198174 (2020) Kat:3, Licht: 0,198174,3,2,5,09,17,2,0,0,1,1,0,0
"POINT (9.690682256000059 52.346085743000060)",Unfall 198175 (2020) Kat:3, Licht: 0,198175,3,2,6,09,13,2,0,0,0,1,1,0
"POINT (9.738532471000042 52.436899394000079)",Unfall 198178 (2020) Kat:3, Licht: 0,198178,3,3,5,09,16,3,0,0,1,1,0,0
"POINT (9.726581368000041 52.352882155000032)",Unfall 198192 (2020) Kat:3, Licht: 0,198192,3,3,5,09,14,3,0,0,0,1,0,0
"POINT (9.695588275000034 52.408367150000061)",Unfall 198212 (2020) Kat:3, Licht: 0,198212,3,3,0,09,13,1,0,0,1,1,0,0
"POINT (9.737647779000042 52.381784197000059)",Unfall 198213 (2020) Kat:3, Licht: 2,198213,3,6,2,09,20,1,0,2,0,1,0,1
"POINT (9.750966402000074 52.348367216000042)",Unfall 198215 (2020) Kat:3, Licht: 0,198215,3,6,2,09,14,1,0,0,1,0,0,0
"POINT (9.739305751000075 52.376840192000031)",Unfall 198217 (2020) Kat:3, Licht: 0,198217,3,7,0,09,18,1,0,0,1,0,0,0
"POINT (9.669891104000044 52.344944236000060)",Unfall 198218 (2020) Kat:3, Licht: 0,198218,3,2,6,09,17,3,0,0,0,1,1,0
"POINT (9.784525731000031 52.389805419000027)",Unfall 198219 (2020) Kat:2, Licht: 0,198219,2,1,7,09,13,1,0,0,0,0,0,1
"POINT (9.710921623000047 52.374561946000028)",Unfall 198223 (2020) Kat:3, Licht: 0,198223,3,3,5,09,08,3,0,0,0,1,0,0
"POINT (9.760397733000048 52.410556141000029)",Unfall 198230 (2020) Kat:3, Licht: 0,198230,3,3,5,09,07,3,0,0,1,1,0,0
"POINT (9.651900210000065 52.417121451000071)",Unfall 198261 (2020) Kat:3, Licht: 2,198261,3,3,5,09,21,3,0,2,1,1,0,0
"POINT (9.717546765000066 52.351115701000026)",Unfall 198262 (2020) Kat:3, Licht: 0,198262,3,2,5,09,16,7,0,0,1,1,0,0
"POINT (9.643921818000024 52.401687154000058)",Unfall 198265 (2020) Kat:3, Licht: 0,198265,3,5,0,09,13,7,0,0,1,1,0,0
"POINT (9.749645445000056 52.364087869000059)",Unfall 198267 (2020) Kat:3, Licht: 2,198267,3,7,0,09,20,7,0,2,1,0,0,0
"POINT (9.749457957000061 52.341768783000077)",Unfall 198273 (2020) Kat:3, Licht: 0,198273,3,1,7,09,17,3,0,0,1,0,0,0
"POINT (9.977190087000054 52.372624263000034)",Unfall 198281 (2020) Kat:3, Licht: 0,198281,3,2,5,09,13,3,0,0,1,0,0,0
"POINT (9.606881293000072 52.436014918000069)",Unfall 198285 (2020) Kat:3, Licht: 0,198285,3,3,5,09,12,3,0,0,0,1,0,0
"POINT (9.743614435000040 52.374791146000064)",Unfall 198313 (2020) Kat:3, Licht: 0,198313,3,1,0,09,13,3,0,0,0,0,0,0
"POINT (9.799000519000060 52.376527094000039)",Unfall 198322 (2020) Kat:3, Licht: 0,198322,3,2,3,09,15,4,0,0,1,1,0,0
"POINT (9.721229909000044 52.383359263000045)",Unfall 198324 (2020) Kat:3, Licht: 0,198324,3,3,0,09,15,4,0,0,1,1,0,0
"POINT (9.511787848000040 52.403110492000053)",Unfall 198326 (2020) Kat:3, Licht: 0,198326,3,1,1,09,15,3,0,0,0,1,0,0
"POINT (9.855124857000021 52.365472002000047)",Unfall 198328 (2020) Kat:3, Licht: 0,198328,3,5,1,09,08,4,0,0,0,1,0,0
"POINT (9.765344342000049 52.373596570000075)",Unfall 198331 (2020) Kat:3, Licht: 1,198331,3,7,9,09,19,4,0,1,1,1,0,0
"POINT (9.720776173000047 52.390100178000068)",Unfall 198332 (2020) Kat:3, Licht: 0,198332,3,5,0,09,09,6,0,0,1,1,0,0
"POINT (9.726119358000062 52.377209467000057)",Unfall 198333 (2020) Kat:3, Licht: 0,198333,3,3,5,09,12,6,0,0,1,1,0,0
"POINT (9.770133986000076 52.372767878000047)",Unfall 198334 (2020) Kat:3, Licht: 0,198334,3,7,7,09,08,4,0,0,1,0,0,0
"POINT (9.719573295000032 52.368516413000066)",Unfall 198335 (2020) Kat:3, Licht: 0,198335,3,4,6,09,14,6,0,0,1,0,1,0
"POINT (9.617041642000061 52.417763397000044)",Unfall 198336 (2020) Kat:2, Licht: 0,198336,2,1,0,09,17,3,0,0,1,0,0,0
"POINT (9.357509377000042 52.456116741000073)",Unfall 198337 (2020) Kat:3, Licht: 0,198337,3,3,5,09,19,6,0,0,0,1,0,0
"POINT (9.728548990000036 52.549826696000082)",Unfall 198338 (2020) Kat:3, Licht: 0,198338,3,5,1,09,12,4,0,0,1,1,0,0
"POINT (9.760191670000040 52.259807541000043)",Unfall 198339 (2020) Kat:3, Licht: 0,198339,3,1,4,09,11,6,0,0,0,0,0,1
"POINT (9.859954347000041 52.490147195000077)",Unfall 198340 (2020) Kat:3, Licht: 0,198340,3,3,5,09,12,6,0,0,0,1,0,0
"POINT (9.734793380000042 52.399280932000067)",Unfall 198341 (2020) Kat:3, Licht: 0,198341,3,2,2,09,17,6,0,0,0,1,0,1
"POINT (9.670731976000070 52.368347456000038)",Unfall 198342 (2020) Kat:3, Licht: 0,198342,3,6,2,09,13,6,0,0,0,1,0,0
"POINT (9.732455849000075 52.379154523000068)",Unfall 198343 (2020) Kat:3, Licht: 0,198343,3,3,5,09,18,4,0,0,1,1,0,0
"POINT (9.765976619000071 52.359415277000039)",Unfall 198344 (2020) Kat:3, Licht: 0,198344,3,3,5,09,14,6,0,0,1,1,0,0
"POINT (9.994639344000063 52.413738980000062)",Unfall 198346 (2020) Kat:2, Licht: 0,198346,2,3,5,09,08,4,0,0,1,1,0,0
"POINT (9.834631767000076 52.339645665000035)",Unfall 198378 (2020) Kat:3, Licht: 0,198378,3,2,5,09,13,3,0,0,1,1,0,0
"POINT (9.715024416000063 52.412378037000053)",Unfall 198385 (2020) Kat:3, Licht: 0,198385,3,3,5,09,16,3,0,0,1,1,0,0
"POINT (9.656961369000044 52.318118168000069)",Unfall 198389 (2020) Kat:3, Licht: 0,198389,3,5,4,09,17,3,0,0,0,1,0,1
"POINT (9.704911308000021 52.374337610000055)",Unfall 198409 (2020) Kat:3, Licht: 0,198409,3,1,0,09,17,5,0,0,1,0,0,0
"POINT (9.783761181000045 52.326589127000034)",Unfall 198411 (2020) Kat:3, Licht: 0,198411,3,3,5,09,09,5,0,0,0,1,0,1
"POINT (9.733810386000073 52.384690844000033)",Unfall 198413 (2020) Kat:3, Licht: 0,198413,3,3,5,09,13,5,0,0,1,1,0,0
"POINT (9.438854333000052 52.423071845000038)",Unfall 198414 (2020) Kat:3, Licht: 0,198414,3,7,0,09,16,5,0,0,0,0,0,0
"POINT (9.726184406000073 52.388281196000037)",Unfall 198415 (2020) Kat:3, Licht: 0,198415,3,6,2,09,14,3,0,0,0,1,0,0
"POINT (10.090517542000043 52.487107282000068)",Unfall 198416 (2020) Kat:3, Licht: 0,198416,3,2,5,09,15,5,0,0,0,1,0,1
"POINT (9.855501807000053 52.392472817000055)",Unfall 198422 (2020) Kat:2, Licht: 2,198422,2,6,2,09,21,7,1,2,0,1,0,0
"POINT (9.791863205000027 52.375472106000075)",Unfall 198435 (2020) Kat:3, Licht: 0,198435,3,3,5,09,15,2,0,0,1,1,0,0
"POINT (9.734319115000062 52.376751140000067)",Unfall 198439 (2020) Kat:3, Licht: 1,198439,3,1,0,09,19,2,0,1,1,0,0,0
"POINT (9.733418182000037 52.384414847000073)",Unfall 198444 (2020) Kat:3, Licht: 2,198444,3,2,5,09,04,3,0,2,0,1,0,0
"POINT (9.733892501000071 52.378172468000059)",Unfall 198446 (2020) Kat:3, Licht: 1,198446,3,3,5,09,18,5,0,1,1,1,0,0
"POINT (9.750597299000049 52.369703509000033)",Unfall 198450 (2020) Kat:3, Licht: 0,198450,3,6,0,09,13,7,1,0,1,1,0,0
"POINT (10.199211359000060 52.464123170000050)",Unfall 198458 (2020) Kat:3, Licht: 0,198458,3,3,5,09,09,5,0,0,0,1,0,0
"POINT (9.838664890000075 52.341982684000072)",Unfall 198462 (2020) Kat:3, Licht: 0,198462,3,3,5,09,10,7,0,0,0,1,0,0
"POINT (9.809216543000048 52.305336204000071)",Unfall 198464 (2020) Kat:3, Licht: 0,198464,3,1,0,09,15,4,0,0,1,0,0,0
"POINT (9.728442280000024 52.541073692000055)",Unfall 198465 (2020) Kat:3, Licht: 0,198465,3,3,5,09,16,4,0,0,1,1,0,0
"POINT (9.746647122000070 52.381191865000062)",Unfall 198467 (2020) Kat:3, Licht: 0,198467,3,1,0,09,12,6,0,0,1,0,0,0
"POINT (9.705895321000071 52.372083268000040)",Unfall 198468 (2020) Kat:3, Licht: 2,198468,3,4,6,09,20,4,0,2,0,1,1,0
"POINT (9.795092974000056 52.375361139000063)",Unfall 198471 (2020) Kat:3, Licht: 0,198471,3,1,9,09,14,4,0,0,1,0,0,0
"POINT (9.678021078000029 52.395762581000042)",Unfall 198475 (2020) Kat:3, Licht: 0,198475,3,2,4,09,14,4,0,0,0,1,0,1
"POINT (9.747332575000030 52.378010100000040)",Unfall 198478 (2020) Kat:3, Licht: 1,198478,3,7,0,09,19,4,0,1,0,0,0,1
"POINT (9.470774708000022 52.309376368000073)",Unfall 198480 (2020) Kat:3, Licht: 0,198480,3,2,5,09,14,4,0,0,0,1,0,1
"POINT (9.600958116000072 52.463978022000049)",Unfall 198481 (2020) Kat:3, Licht: 0,198481,3,7,0,09,16,4,0,0,1,0,0,0
"POINT (9.732654520000040 52.375440013000059)",Unfall 198482 (2020) Kat:3, Licht: 0,198482,3,7,0,09,12,1,0,0,1,1,0,0
"POINT (9.767090739000025 52.563579788000027)",Unfall 198483 (2020) Kat:3, Licht: 0,198483,3,3,0,09,18,4,0,0,1,1,0,0
"POINT (9.794011852000040 52.403876242000081)",Unfall 198486 (2020) Kat:3, Licht: 1,198486,3,7,0,09,18,3,0,1,1,0,0,0
"POINT (9.457713365000075 52.511516283000049)",Unfall 198489 (2020) Kat:3, Licht: 0,198489,3,3,5,09,13,2,0,0,1,1,0,0
"POINT (9.744111683000028 52.452313283000080)",Unfall 198490 (2020) Kat:3, Licht: 0,198490,3,3,5,09,09,4,0,0,1,1,0,0
"POINT (9.747198652000066 52.317775448000077)",Unfall 198492 (2020) Kat:2, Licht: 0,198492,2,6,4,09,13,4,0,0,1,0,0,0
"POINT (9.778646333000040 52.400498248000076)",Unfall 198494 (2020) Kat:3, Licht: 0,198494,3,5,1,09,17,3,0,0,1,1,0,0
"POINT (9.763101668000047 52.405152180000073)",Unfall 198497 (2020) Kat:3, Licht: 0,198497,3,4,6,09,17,5,0,0,1,0,1,0
"POINT (9.859875108000040 52.391480820000027)",Unfall 198503 (2020) Kat:3, Licht: 1,198503,3,7,0,09,07,2,0,1,1,0,0,0
"POINT (9.754755670000066 52.360273932000041)",Unfall 198504 (2020) Kat:3, Licht: 2,198504,3,7,1,09,04,4,0,2,0,1,0,0
"POINT (9.722422506000044 52.372944542000027)",Unfall 198506 (2020) Kat:3, Licht: 2,198506,3,7,0,09,00,4,0,2,1,0,0,0
"POINT (9.720774643000027 52.390937694000058)",Unfall 198508 (2020) Kat:3, Licht: 2,198508,3,7,0,09,05,4,1,2,1,0,0,0
"POINT (9.747454046000030 52.378836248000027)",Unfall 198511 (2020) Kat:3, Licht: 2,198511,3,1,9,09,22,4,0,2,1,0,0,0
"POINT (9.693838161000031 52.400620774000060)",Unfall 198514 (2020) Kat:2, Licht: 0,198514,2,2,6,09,11,4,0,0,0,1,1,0
"POINT (9.690529355000024 52.335055311000076)",Unfall 198516 (2020) Kat:3, Licht: 2,198516,3,7,6,09,20,7,1,2,0,1,1,0
"POINT (9.699334928000042 52.391653030000043)",Unfall 198517 (2020) Kat:2, Licht: 0,198517,2,4,6,09,11,6,0,0,0,1,1,0
"POINT (9.803848513000048 52.391413465000028)",Unfall 198518 (2020) Kat:3, Licht: 0,198518,3,6,2,09,09,5,1,0,0,1,0,0
"POINT (9.752313582000056 52.377716611000039)",Unfall 198519 (2020) Kat:3, Licht: 0,198519,3,6,3,09,10,4,0,0,1,0,0,0
"POINT (9.700294206000024 52.375583230000075)",Unfall 198522 (2020) Kat:3, Licht: 0,198522,3,7,0,09,07,4,0,0,1,0,0,0
"POINT (9.773717858000055 52.400382035000064)",Unfall 198527 (2020) Kat:3, Licht: 0,198527,3,6,2,09,10,7,0,0,1,0,0,0
"POINT (9.693609484000035 52.391807010000036)",Unfall 198531 (2020) Kat:3, Licht: 0,198531,3,7,0,09,17,4,0,0,1,0,0,0
"POINT (9.683125713000038 52.393693444000064)",Unfall 198539 (2020) Kat:3, Licht: 2,198539,3,7,5,09,06,3,0,2,1,0,0,1
"POINT (9.670449222000059 52.358981914000026)",Unfall 198542 (2020) Kat:3, Licht: 0,198542,3,4,6,09,15,2,0,0,1,0,1,0
"POINT (9.717225224000060 52.345841992000032)",Unfall 198546 (2020) Kat:3, Licht: 0,198546,3,1,0,09,16,2,0,0,0,0,0,0
"POINT (9.774478350000038 52.371145098000056)",Unfall 198551 (2020) Kat:3, Licht: 0,198551,3,3,5,09,09,3,0,0,0,1,0,0
"POINT (9.768682596000076 52.356596010000032)",Unfall 198554 (2020) Kat:3, Licht: 2,198554,3,1,0,09,21,5,0,2,1,0,0,0
"POINT (9.724786603000041 52.396424491000062)",Unfall 198560 (2020) Kat:3, Licht: 0,198560,3,7,0,09,17,6,0,0,1,0,0,0
"POINT (10.202696999000068 52.463996075000068)",Unfall 198565 (2020) Kat:3, Licht: 0,198565,3,7,0,09,18,5,0,0,0,0,0,0
"POINT (9.762926993000065 52.407951151000077)",Unfall 198569 (2020) Kat:3, Licht: 2,198569,3,1,7,09,21,7,1,2,0,1,0,0
"POINT (9.626548781000054 52.221626578000041)",Unfall 198573 (2020) Kat:3, Licht: 0,198573,3,6,2,09,14,4,0,0,0,1,0,1
"POINT (9.732260811000060 52.327808717000039)",Unfall 198575 (2020) Kat:3, Licht: 0,198575,3,7,0,09,09,1,1,0,1,0,0,0
"POINT (9.731263780000063 52.376026541000044)",Unfall 198576 (2020) Kat:3, Licht: 0,198576,3,3,5,09,11,4,0,0,1,0,0,0
"POINT (9.719486044000064 52.362425625000071)",Unfall 198581 (2020) Kat:2, Licht: 2,198581,2,1,0,09,00,7,0,2,1,0,0,0
"POINT (9.975688290000051 52.378252299000053)",Unfall 198596 (2020) Kat:3, Licht: 0,198596,3,7,0,09,14,3,0,0,1,0,0,0
"POINT (9.762534426000059 52.340825917000075)",Unfall 198599 (2020) Kat:3, Licht: 0,198599,3,3,5,09,18,2,0,0,0,1,0,0
"POINT (9.708684299000026 52.370451458000048)",Unfall 198604 (2020) Kat:3, Licht: 0,198604,3,3,5,09,07,3,0,0,0,1,0,1
"POINT (9.744459754000047 52.374439374000076)",Unfall 198606 (2020) Kat:3, Licht: 0,198606,3,2,4,09,09,5,0,0,0,1,0,0
"POINT (9.792603811000049 52.413082871000029)",Unfall 198611 (2020) Kat:3, Licht: 0,198611,3,6,4,09,11,2,0,0,1,1,0,0
"POINT (9.658658427000034 52.429498996000063)",Unfall 198617 (2020) Kat:3, Licht: 2,198617,3,6,2,09,06,4,1,2,0,1,0,1
"POINT (9.773280192000073 52.375792591000049)",Unfall 198622 (2020) Kat:3, Licht: 1,198622,3,6,4,09,18,7,1,1,0,1,0,1
"POINT (9.711771197000076 52.360796641000036)",Unfall 198624 (2020) Kat:3, Licht: 2,198624,3,2,5,09,21,7,1,2,1,0,0,0
"POINT (10.013454542000034 52.443774752000081)",Unfall 198625 (2020) Kat:3, Licht: 0,198625,3,6,2,09,12,6,0,0,0,1,0,0
"POINT (9.790691093000021 52.349367865000033)",Unfall 198626 (2020) Kat:3, Licht: 0,198626,3,6,2,09,16,4,0,0,0,1,0,0
"POINT (9.726887295000040 52.352053413000078)",Unfall 198634 (2020) Kat:3, Licht: 0,198634,3,6,4,09,16,2,0,0,1,0,0,0
"POINT (9.728567911000027 52.394601465000051)",Unfall 198638 (2020) Kat:3, Licht: 2,198638,3,3,5,09,23,4,0,2,0,1,0,0
"POINT (9.735797829000035 52.362568287000045)",Unfall 198645 (2020) Kat:2, Licht: 0,198645,2,7,0,09,09,3,0,0,0,1,0,1
"POINT (9.600735962000044 52.437850507000064)",Unfall 198648 (2020) Kat:3, Licht: 0,198648,3,3,5,09,08,2,1,0,1,1,0,0
"POINT (9.826349862000029 52.289661700000067)",Unfall 198658 (2020) Kat:3, Licht: 0,198658,3,3,5,09,08,5,1,0,0,1,0,0
"POINT (9.726312126000039 52.388376897000057)",Unfall 198660 (2020) Kat:3, Licht: 2,198660,3,2,5,09,04,2,1,2,1,1,0,0
"POINT (9.783347291000041 52.323219561000030)",Unfall 198664 (2020) Kat:3, Licht: 0,198664,3,7,0,09,12,6,0,0,1,0,1,0
"POINT (9.733849435000025 52.369348010000067)",Unfall 198665 (2020) Kat:3, Licht: 0,198665,3,6,2,09,19,4,0,0,0,1,0,0
"POINT (9.668334656000070 52.343764007000061)",Unfall 198667 (2020) Kat:3, Licht: 1,198667,3,2,5,09,18,3,0,1,1,1,0,0
"POINT (9.619806377000032 52.441066534000072)",Unfall 198670 (2020) Kat:3, Licht: 1,198670,3,3,5,09,07,5,1,1,0,1,0,0
"POINT (9.722143986000049 52.376847195000039)",Unfall 198674 (2020) Kat:3, Licht: 0,198674,3,3,5,09,12,7,0,0,1,1,0,0
"POINT (9.429621083000029 52.415978588000030)",Unfall 198678 (2020) Kat:3, Licht: 0,198678,3,4,6,09,15,4,0,0,0,1,1,0
"POINT (9.751993536000043 52.372921605000045)",Unfall 198683 (2020) Kat:3, Licht: 0,198683,3,2,5,10,08,4,1,0,1,1,0,0
"POINT (9.713715828000034 52.385457550000069)",Unfall 198685 (2020) Kat:3, Licht: 0,198685,3,7,0,10,16,4,1,0,1,0,0,0
"POINT (9.743975009000053 52.390469728000028)",Unfall 198686 (2020) Kat:3, Licht: 0,198686,3,2,5,10,10,4,1,0,1,1,0,0
"POINT (9.743753220000031 52.357032025000080)",Unfall 198688 (2020) Kat:3, Licht: 2,198688,3,3,5,10,06,4,1,2,1,1,0,0
"POINT (9.744402818000026 52.370734147000064)",Unfall 198707 (2020) Kat:3, Licht: 0,198707,3,3,5,10,11,5,1,0,1,1,0,0
"POINT (9.720017356000028 52.397031807000076)",Unfall 198715 (2020) Kat:3, Licht: 0,198715,3,3,5,10,08,4,1,0,1,1,0,0
"POINT (9.744348167000055 52.374456381000073)",Unfall 198727 (2020) Kat:3, Licht: 2,198727,3,2,5,10,19,4,1,2,1,1,0,0
"POINT (9.705393384000047 52.367057918000057)",Unfall 198738 (2020) Kat:3, Licht: 0,198738,3,1,0,10,15,4,1,0,0,0,0,1
"POINT (9.753555232000053 52.369412127000032)",Unfall 198751 (2020) Kat:3, Licht: 0,198751,3,3,5,10,07,3,1,0,0,1,0,0
"POINT (9.716153495000071 52.399570491000077)",Unfall 198752 (2020) Kat:3, Licht: 0,198752,3,3,5,10,08,3,1,0,0,1,0,0
"POINT (9.673689733000060 52.365305012000078)",Unfall 198754 (2020) Kat:3, Licht: 0,198754,3,2,0,10,08,3,1,0,1,0,0,0
"POINT (9.740954114000033 52.404663890000052)",Unfall 198755 (2020) Kat:3, Licht: 0,198755,3,2,0,10,10,3,1,0,1,1,0,0
"POINT (9.727894533000040 52.389588157000048)",Unfall 198757 (2020) Kat:2, Licht: 0,198757,2,1,8,10,10,3,1,0,1,0,0,0
"POINT (9.782591496000066 52.398526172000061)",Unfall 198778 (2020) Kat:3, Licht: 0,198778,3,6,2,10,09,4,1,0,0,1,0,0
"POINT (9.758764052000061 52.341313648000039)",Unfall 198781 (2020) Kat:3, Licht: 1,198781,3,3,5,10,18,4,1,1,0,1,0,0
"POINT (9.741727724000043 52.398598960000072)",Unfall 198789 (2020) Kat:3, Licht: 0,198789,3,6,2,10,14,4,1,0,0,1,0,0
"POINT (9.701459093000040 52.408710437000082)",Unfall 198798 (2020) Kat:3, Licht: 2,198798,3,3,5,10,05,5,0,2,0,1,0,0
"POINT (9.736056546000043 52.368485157000066)",Unfall 198800 (2020) Kat:3, Licht: 0,198800,3,1,0,10,16,5,0,0,0,0,0,0
"POINT (9.688789674000077 52.363580980000052)",Unfall 198802 (2020) Kat:3, Licht: 0,198802,3,3,5,10,17,5,0,0,1,1,0,0
"POINT (9.679698195000071 52.416137290000052)",Unfall 198810 (2020) Kat:3, Licht: 0,198810,3,2,0,10,11,5,0,0,0,1,0,1
"POINT (9.812061371000027 52.299918660000060)",Unfall 198811 (2020) Kat:3, Licht: 0,198811,3,3,5,10,16,2,0,0,1,1,0,0
"POINT (9.739963265000029 52.369098468000061)",Unfall 198812 (2020) Kat:3, Licht: 0,198812,3,3,0,10,11,2,0,0,1,1,0,0
"POINT (9.744236705000049 52.373334870000065)",Unfall 198814 (2020) Kat:3, Licht: 0,198814,3,1,0,10,10,2,1,0,1,0,0,0
"POINT (9.862816312000064 52.370391920000031)",Unfall 198816 (2020) Kat:3, Licht: 0,198816,3,2,4,10,07,2,0,0,0,0,0,1
"POINT (9.719627953000043 52.366476138000053)",Unfall 198817 (2020) Kat:3, Licht: 2,198817,3,1,0,10,21,2,0,2,1,0,0,0
"POINT (9.740876733000050 52.410718324000072)",Unfall 198819 (2020) Kat:3, Licht: 0,198819,3,6,2,10,09,2,1,0,0,1,0,1
"POINT (9.749833308000063 52.389378482000041)",Unfall 198821 (2020) Kat:3, Licht: 0,198821,3,6,4,10,17,2,0,0,1,0,0,0
"POINT (9.483924638000076 52.310837292000031)",Unfall 198822 (2020) Kat:3, Licht: 0,198822,3,7,7,10,11,2,0,0,1,0,0,0
"POINT (9.753928072000065 52.386217900000076)",Unfall 198824 (2020) Kat:3, Licht: 2,198824,3,7,0,10,07,4,1,2,1,0,0,0
"POINT (9.610030068000071 52.417685429000073)",Unfall 198825 (2020) Kat:3, Licht: 0,198825,3,3,5,10,16,2,0,0,1,1,0,0
"POINT (10.013360455000054 52.443761786000039)",Unfall 198828 (2020) Kat:3, Licht: 0,198828,3,2,2,10,11,2,0,0,0,1,0,0
"POINT (9.663768834000052 52.379950278000081)",Unfall 198831 (2020) Kat:2, Licht: 0,198831,2,4,6,10,07,2,0,0,0,1,1,0
"POINT (9.759558892000030 52.364385869000046)",Unfall 198832 (2020) Kat:3, Licht: 0,198832,3,5,1,10,12,2,0,0,1,0,0,0
"POINT (9.475613726000063 52.293828080000026)",Unfall 198836 (2020) Kat:3, Licht: 0,198836,3,7,0,10,14,4,1,0,1,0,0,0
"POINT (9.488683164000065 52.308714923000082)",Unfall 198847 (2020) Kat:3, Licht: 2,198847,3,2,5,10,06,4,1,2,1,1,0,0
"POINT (9.752963502000057 52.388640282000040)",Unfall 198848 (2020) Kat:3, Licht: 0,198848,3,2,5,10,18,1,0,0,1,1,0,0
"POINT (10.144195614000068 52.463551720000055)",Unfall 198850 (2020) Kat:3, Licht: 0,198850,3,3,5,10,07,1,0,0,1,1,0,0
"POINT (9.740817027000048 52.376336127000059)",Unfall 198852 (2020) Kat:3, Licht: 2,198852,3,7,6,10,00,1,0,2,0,0,1,0
"POINT (9.744234225000071 52.373318496000081)",Unfall 198885 (2020) Kat:3, Licht: 1,198885,3,1,0,10,18,7,1,1,1,1,0,0
"POINT (9.823897936000037 52.383464712000034)",Unfall 198886 (2020) Kat:3, Licht: 0,198886,3,3,5,10,14,4,1,0,0,1,0,0
"POINT (9.462658140000031 52.494660974000055)",Unfall 198887 (2020) Kat:3, Licht: 2,198887,3,3,5,10,19,7,0,2,0,1,0,0
"POINT (9.757954386000051 52.373629712000081)",Unfall 198888 (2020) Kat:2, Licht: 0,198888,2,4,6,10,17,7,0,0,0,1,1,0
"POINT (9.968469997000057 52.367597339000042)",Unfall 198890 (2020) Kat:3, Licht: 1,198890,3,3,5,10,17,4,1,1,1,1,0,0
"POINT (9.706664254000032 52.390973697000049)",Unfall 198891 (2020) Kat:3, Licht: 2,198891,3,1,8,10,00,7,0,2,1,0,0,0
"POINT (9.750192099000060 52.449945788000036)",Unfall 198893 (2020) Kat:3, Licht: 0,198893,3,1,0,10,13,4,0,0,1,0,0,0
"POINT (9.723449362000054 52.342456395000056)",Unfall 198900 (2020) Kat:3, Licht: 2,198900,3,6,3,10,18,4,1,2,1,0,0,0
"POINT (9.734148028000050 52.381285623000053)",Unfall 198935 (2020) Kat:3, Licht: 1,198935,3,3,5,10,20,6,0,1,0,1,0,1
"POINT (9.750830689000054 52.375425318000055)",Unfall 198936 (2020) Kat:3, Licht: 0,198936,3,2,3,10,18,6,0,0,1,1,0,0
"POINT (9.461211743000035 52.422465890000069)",Unfall 198937 (2020) Kat:3, Licht: 1,198937,3,6,2,10,06,6,0,1,1,0,0,0
"POINT (9.720130846000075 52.354778526000075)",Unfall 198938 (2020) Kat:3, Licht: 0,198938,3,6,4,10,06,6,0,0,1,0,0,0
"POINT (9.800146255000072 52.406073092000042)",Unfall 198942 (2020) Kat:3, Licht: 0,198942,3,6,2,10,16,4,1,0,0,1,0,0
"POINT (9.652352303000043 52.415364364000027)",Unfall 198944 (2020) Kat:3, Licht: 0,198944,3,2,4,10,18,4,1,0,1,1,0,0
"POINT (9.656543814000031 52.407361124000033)",Unfall 198947 (2020) Kat:3, Licht: 0,198947,3,2,2,10,14,4,1,0,0,1,0,0
"POINT (9.741911827000024 52.382326713000054)",Unfall 198952 (2020) Kat:3, Licht: 0,198952,3,1,4,10,13,6,0,0,0,1,0,0
"POINT (9.738799284000038 52.381636345000061)",Unfall 198954 (2020) Kat:3, Licht: 2,198954,3,6,2,10,21,6,0,2,0,1,0,0
"POINT (9.692278560000034 52.398137499000029)",Unfall 198959 (2020) Kat:3, Licht: 0,198959,3,2,5,10,14,6,0,0,1,1,0,0
"POINT (9.749325354000064 52.390300911000054)",Unfall 198960 (2020) Kat:3, Licht: 0,198960,3,7,0,10,16,2,0,0,1,0,0,0
"POINT (9.692420726000023 52.396654517000059)",Unfall 198961 (2020) Kat:3, Licht: 0,198961,3,3,5,10,09,6,0,0,1,1,0,0
"POINT (9.783717960000047 52.313422023000044)",Unfall 198962 (2020) Kat:3, Licht: 0,198962,3,7,0,10,15,5,0,0,1,0,0,0
"POINT (9.823856189000026 52.383452767000051)",Unfall 198964 (2020) Kat:3, Licht: 0,198964,3,1,0,10,10,6,1,0,0,0,0,1
"POINT (9.787066431000028 52.410120388000053)",Unfall 198966 (2020) Kat:3, Licht: 0,198966,3,3,5,10,12,7,0,0,1,1,0,0
"POINT (9.587371628000028 52.416597046000049)",Unfall 198967 (2020) Kat:3, Licht: 0,198967,3,2,5,10,16,3,0,0,0,1,0,0
"POINT (9.756093208000038 52.377516862000050)",Unfall 198971 (2020) Kat:3, Licht: 0,198971,3,3,5,10,07,6,1,0,1,1,0,0
"POINT (9.457079277000048 52.503393023000058)",Unfall 198978 (2020) Kat:3, Licht: 0,198978,3,7,0,10,10,1,0,0,1,0,0,0
"POINT (9.750957792000065 52.388976818000060)",Unfall 198988 (2020) Kat:3, Licht: 2,198988,3,6,2,10,23,7,1,2,0,1,0,0
"POINT (9.717350915000054 52.349024190000080)",Unfall 198998 (2020) Kat:3, Licht: 0,198998,3,2,5,10,11,1,0,0,0,1,0,0
"POINT (9.743917031000024 52.386868594000077)",Unfall 199002 (2020) Kat:3, Licht: 2,199002,3,7,7,10,20,6,0,2,1,0,0,0
"POINT (9.752872172000025 52.366929826000046)",Unfall 199004 (2020) Kat:3, Licht: 0,199004,3,5,1,10,11,6,0,0,1,1,0,0
"POINT (9.709459887000037 52.372764615000051)",Unfall 199008 (2020) Kat:3, Licht: 0,199008,3,1,0,10,13,4,0,0,1,0,0,0
"POINT (9.772263605000035 52.395540810000057)",Unfall 199014 (2020) Kat:3, Licht: 2,199014,3,3,0,10,05,5,1,2,0,1,0,1
"POINT (9.949503032000052 52.347771003000048)",Unfall 199017 (2020) Kat:3, Licht: 2,199017,3,1,8,10,01,2,1,2,0,0,0,1
"POINT (9.784119641000075 52.375614310000060)",Unfall 199024 (2020) Kat:3, Licht: 2,199024,3,3,5,10,18,3,0,2,1,0,0,0
"POINT (9.979126287000042 52.327000001000044)",Unfall 199039 (2020) Kat:2, Licht: 2,199039,2,1,8,10,21,7,0,2,0,1,0,0
"POINT (9.784541296000043 52.372533010000041)",Unfall 199047 (2020) Kat:3, Licht: 0,199047,3,1,0,10,12,6,0,0,1,0,0,0
"POINT (9.745407152000041 52.378747336000060)",Unfall 199048 (2020) Kat:3, Licht: 2,199048,3,3,5,10,00,1,1,2,0,1,0,0
"POINT (9.813892401000032 52.398966740000049)",Unfall 199050 (2020) Kat:3, Licht: 0,199050,3,2,4,10,07,6,1,0,0,1,0,0
"POINT (9.753321447000076 52.390230338000038)",Unfall 199053 (2020) Kat:3, Licht: 2,199053,3,3,5,10,23,1,1,2,1,1,0,0
"POINT (9.774653104000038 52.403866906000076)",Unfall 199056 (2020) Kat:3, Licht: 0,199056,3,4,0,10,14,6,0,0,1,1,1,0
"POINT (9.791667462000021 52.375308765000057)",Unfall 199061 (2020) Kat:3, Licht: 0,199061,3,1,0,10,08,6,1,0,1,0,0,0
"POINT (9.826427477000038 52.297597338000060)",Unfall 199062 (2020) Kat:3, Licht: 0,199062,3,3,5,10,16,4,0,0,0,1,0,0
"POINT (10.014579410000067 52.443665137000039)",Unfall 199071 (2020) Kat:3, Licht: 1,199071,3,4,6,10,07,2,0,1,0,1,1,0
"POINT (9.710815863000050 52.373174350000056)",Unfall 199079 (2020) Kat:3, Licht: 2,199079,3,3,5,10,05,3,0,2,1,1,0,0
"POINT (9.721186869000064 52.390348476000042)",Unfall 199092 (2020) Kat:3, Licht: 2,199092,3,1,0,10,19,1,1,2,1,0,0,0
"POINT (9.758327564000069 52.359282345000054)",Unfall 199094 (2020) Kat:3, Licht: 0,199094,3,1,0,10,12,6,1,0,0,0,0,1
"POINT (9.718708174000028 52.365325460000065)",Unfall 199101 (2020) Kat:3, Licht: 0,199101,3,6,2,10,13,7,0,0,0,1,0,0
"POINT (9.732767812000077 52.380058775000066)",Unfall 199109 (2020) Kat:3, Licht: 0,199109,3,2,3,10,13,6,0,0,1,0,0,0
"POINT (9.686424242000044 52.340612515000032)",Unfall 199112 (2020) Kat:3, Licht: 0,199112,3,1,1,10,17,1,1,0,0,1,0,1
"POINT (9.832018514000026 52.423341029000028)",Unfall 199115 (2020) Kat:3, Licht: 1,199115,3,6,2,10,16,2,1,1,1,1,0,0
"POINT (9.739633335000065 52.381203451000033)",Unfall 199118 (2020) Kat:3, Licht: 0,199118,3,3,5,10,12,6,0,0,1,1,0,0
"POINT (9.749186931000054 52.398494001000074)",Unfall 199121 (2020) Kat:3, Licht: 0,199121,3,6,4,10,13,6,1,0,1,0,0,0
"POINT (9.686433165000040 52.442034986000067)",Unfall 199128 (2020) Kat:3, Licht: 0,199128,3,5,1,10,10,5,1,0,0,1,0,0
"POINT (9.743730308000068 52.384833418000028)",Unfall 199133 (2020) Kat:2, Licht: 0,199133,2,7,0,10,11,7,0,0,1,0,0,0
"POINT (9.710578440000063 52.367320995000057)",Unfall 199147 (2020) Kat:3, Licht: 0,199147,3,3,0,10,15,1,1,0,1,1,0,0
"POINT (10.174933329000055 52.406684142000074)",Unfall 199149 (2020) Kat:3, Licht: 0,199149,3,7,0,10,09,3,1,0,1,0,0,0
"POINT (9.569359239000050 52.274151785000072)",Unfall 199153 (2020) Kat:3, Licht: 0,199153,3,7,0,10,16,7,0,0,1,0,0,0
"POINT (9.750588642000025 52.357830081000031)",Unfall 199154 (2020) Kat:2, Licht: 0,199154,2,1,0,10,08,5,0,0,1,0,0,0
"POINT (9.698904025000047 52.391711063000059)",Unfall 199161 (2020) Kat:3, Licht: 1,199161,3,4,6,10,18,5,1,1,0,1,1,0
"POINT (9.619862162000061 52.441074337000032)",Unfall 199162 (2020) Kat:3, Licht: 2,199162,3,2,2,10,19,6,0,2,0,1,0,0
"POINT (9.728640485000028 52.548497079000072)",Unfall 199165 (2020) Kat:3, Licht: 0,199165,3,1,8,10,08,6,1,0,1,0,0,0
"POINT (9.720747100000040 52.390469810000070)",Unfall 199168 (2020) Kat:3, Licht: 1,199168,3,6,4,10,18,1,0,1,1,1,0,0
"POINT (9.741907662000074 52.375709240000049)",Unfall 199170 (2020) Kat:3, Licht: 1,199170,3,3,5,10,18,6,0,1,1,1,0,0
"POINT (9.618271207000021 52.405760630000032)",Unfall 199174 (2020) Kat:3, Licht: 2,199174,3,3,5,10,05,5,0,2,1,1,0,0
"POINT (9.856939211000054 52.503254518000062)",Unfall 199175 (2020) Kat:3, Licht: 0,199175,3,3,5,10,15,6,0,0,1,1,0,0
"POINT (9.953596916000038 52.384403086000077)",Unfall 199176 (2020) Kat:3, Licht: 2,199176,3,6,0,10,22,4,1,2,1,1,0,0
"POINT (9.694504081000048 52.340628280000033)",Unfall 199180 (2020) Kat:3, Licht: 2,199180,3,3,5,10,18,5,1,2,0,1,0,0
"POINT (9.736796144000039 52.376888189000056)",Unfall 199182 (2020) Kat:3, Licht: 1,199182,3,3,5,10,20,5,1,1,1,1,0,0
"POINT (9.856811688000050 52.494237403000056)",Unfall 199183 (2020) Kat:3, Licht: 0,199183,3,5,0,10,15,2,1,0,1,1,0,0
"POINT (9.835526498000036 52.392498394000029)",Unfall 199184 (2020) Kat:3, Licht: 1,199184,3,3,5,10,18,5,1,1,1,1,0,0
"POINT (9.659318690000021 52.384539483000026)",Unfall 199187 (2020) Kat:3, Licht: 0,199187,3,2,5,10,15,5,0,0,1,1,0,0
"POINT (9.808800749000056 52.370456438000076)",Unfall 199190 (2020) Kat:3, Licht: 0,199190,3,2,3,10,14,3,0,0,1,1,0,0
"POINT (9.748923943000023 52.377429767000081)",Unfall 199192 (2020) Kat:3, Licht: 0,199192,3,1,0,10,17,5,1,0,0,0,0,1
"POINT (9.748800595000034 52.376023444000054)",Unfall 199195 (2020) Kat:3, Licht: 0,199195,3,2,4,10,17,5,1,0,1,1,0,0
"POINT (9.745505561000073 52.385723606000056)",Unfall 199200 (2020) Kat:3, Licht: 0,199200,3,5,1,10,13,5,1,0,1,1,0,0
"POINT (9.752641489000041 52.395078617000081)",Unfall 199205 (2020) Kat:3, Licht: 0,199205,3,6,2,10,11,5,1,0,0,1,0,0
"POINT (9.746695649000060 52.392630250000082)",Unfall 199208 (2020) Kat:3, Licht: 0,199208,3,2,2,10,09,5,1,0,0,1,0,0
"POINT (9.662662687000022 52.444691187000046)",Unfall 199216 (2020) Kat:3, Licht: 2,199216,3,4,6,10,21,5,1,2,0,1,1,0
"POINT (9.857811051000056 52.432758134000039)",Unfall 199217 (2020) Kat:3, Licht: 0,199217,3,3,5,10,07,6,0,0,1,1,0,0
"POINT (9.738878857000032 52.438164310000047)",Unfall 199221 (2020) Kat:3, Licht: 0,199221,3,3,5,10,11,1,0,0,0,1,0,0
"POINT (10.026467964000062 52.441724514000043)",Unfall 199227 (2020) Kat:3, Licht: 2,199227,3,6,4,10,19,5,1,2,1,0,0,0
"POINT (9.378038508000032 52.457085871000061)",Unfall 199233 (2020) Kat:3, Licht: 0,199233,3,5,1,10,13,3,0,0,1,0,0,0
"POINT (9.757799616000057 52.359609001000081)",Unfall 199256 (2020) Kat:3, Licht: 1,199256,3,5,1,10,07,4,1,1,1,0,0,0
"POINT (9.727147872000046 52.563046208000060)",Unfall 199257 (2020) Kat:3, Licht: 0,199257,3,3,5,10,10,3,0,0,1,1,0,0
"POINT (9.655332983000051 52.419703039000069)",Unfall 199261 (2020) Kat:3, Licht: 2,199261,3,3,5,10,07,4,1,2,0,1,0,0
"POINT (9.727534416000026 52.382366004000062)",Unfall 199263 (2020) Kat:3, Licht: 0,199263,3,3,5,10,15,4,0,0,0,1,0,0
"POINT (9.713253496000050 52.371455372000071)",Unfall 199265 (2020) Kat:2, Licht: 0,199265,2,1,0,10,14,4,0,0,1,0,0,0
"POINT (9.732571205000056 52.378492927000082)",Unfall 199267 (2020) Kat:3, Licht: 0,199267,3,3,0,10,16,4,0,0,1,1,0,0
"POINT (9.652047055000026 52.413151473000028)",Unfall 199268 (2020) Kat:3, Licht: 0,199268,3,3,5,10,16,2,0,0,1,1,0,0
"POINT (9.715803916000027 52.344888574000038)",Unfall 199269 (2020) Kat:3, Licht: 0,199269,3,2,4,10,14,2,1,0,0,1,0,0
"POINT (9.731130323000059 52.378687901000035)",Unfall 199271 (2020) Kat:3, Licht: 0,199271,3,2,5,10,08,2,0,0,1,1,0,0
"POINT (9.716351184000075 52.372486624000032)",Unfall 199272 (2020) Kat:3, Licht: 0,199272,3,6,2,10,10,4,1,0,0,1,0,0
"POINT (9.744402252000043 52.370734137000056)",Unfall 199273 (2020) Kat:3, Licht: 0,199273,3,3,5,10,16,3,0,0,1,1,0,0
"POINT (9.781165969000028 52.399859462000052)",Unfall 199274 (2020) Kat:3, Licht: 0,199274,3,6,2,10,15,2,1,0,0,1,0,0
"POINT (9.739818136000054 52.382943149000027)",Unfall 199276 (2020) Kat:3, Licht: 0,199276,3,4,6,10,15,2,0,0,1,0,1,0
"POINT (9.739744764000022 52.381034308000039)",Unfall 199277 (2020) Kat:3, Licht: 0,199277,3,6,2,10,15,4,1,0,0,1,0,0
"POINT (9.737041073000057 52.404574700000069)",Unfall 199278 (2020) Kat:3, Licht: 0,199278,3,3,5,10,09,2,0,0,1,1,0,0
"POINT (9.448919593000028 52.417079488000070)",Unfall 199279 (2020) Kat:3, Licht: 0,199279,3,3,5,10,08,2,1,0,1,1,0,0
"POINT (9.744621637000023 52.395166225000082)",Unfall 199280 (2020) Kat:3, Licht: 2,199280,3,7,5,10,17,2,0,2,0,1,0,0
"POINT (9.759205056000042 52.339070659000072)",Unfall 199282 (2020) Kat:3, Licht: 0,199282,3,1,0,10,08,2,0,0,1,0,0,0
"POINT (9.741727724000043 52.398598960000072)",Unfall 199283 (2020) Kat:3, Licht: 0,199283,3,7,5,10,07,4,1,0,1,1,0,0
"POINT (9.730620291000037 52.374880886000028)",Unfall 199284 (2020) Kat:3, Licht: 0,199284,3,7,5,10,13,3,0,0,0,1,0,0
"POINT (9.811706263000076 52.348053904000039)",Unfall 199285 (2020) Kat:3, Licht: 1,199285,3,1,0,10,06,2,1,1,0,0,0,1
"POINT (9.772163992000060 52.395508881000069)",Unfall 199288 (2020) Kat:3, Licht: 0,199288,3,1,0,10,16,4,1,0,0,0,0,1
"POINT (9.690350120000062 52.374689325000077)",Unfall 199290 (2020) Kat:3, Licht: 0,199290,3,7,0,10,15,4,1,0,1,0,0,0
"POINT (9.769539900000041 52.383510359000070)",Unfall 199294 (2020) Kat:3, Licht: 2,199294,3,7,4,10,06,4,1,2,0,1,0,0
"POINT (9.689860262000025 52.391763827000034)",Unfall 199306 (2020) Kat:3, Licht: 0,199306,3,7,0,10,11,1,1,0,1,0,0,0
"POINT (9.738740101000076 52.369316740000045)",Unfall 199307 (2020) Kat:3, Licht: 0,199307,3,6,3,10,12,4,0,0,1,1,0,0
"POINT (9.641051583000035 52.398377234000066)",Unfall 199308 (2020) Kat:3, Licht: 0,199308,3,3,5,10,15,1,1,0,1,1,0,0
"POINT (9.557182197000032 52.213648323000029)",Unfall 199310 (2020) Kat:2, Licht: 0,199310,2,1,8,10,10,1,0,0,1,1,0,0
"POINT (9.706935246000057 52.402303145000076)",Unfall 199317 (2020) Kat:3, Licht: 2,199317,3,3,5,10,17,4,0,2,1,1,0,0
"POINT (9.714018937000049 52.361105600000030)",Unfall 199325 (2020) Kat:3, Licht: 0,199325,3,6,2,10,08,3,0,0,0,1,0,0
"POINT (9.819320833000063 52.403829201000065)",Unfall 199344 (2020) Kat:3, Licht: 2,199344,3,7,0,10,23,7,0,2,1,0,0,0
"POINT (9.731090031000065 52.361938644000077)",Unfall 199347 (2020) Kat:3, Licht: 0,199347,3,6,6,10,12,7,0,0,1,0,1,0
"POINT (9.728404099000045 52.374058786000035)",Unfall 199349 (2020) Kat:3, Licht: 0,199349,3,2,3,10,14,7,0,0,1,1,0,0
"POINT (9.781018472000028 52.398303935000058)",Unfall 199351 (2020) Kat:3, Licht: 0,199351,3,5,1,10,11,7,1,0,0,1,0,1
"POINT (9.417089717000067 52.444531098000027)",Unfall 199353 (2020) Kat:3, Licht: 0,199353,3,7,7,10,18,7,0,0,1,0,0,0
"POINT (9.713590884000041 52.281147989000033)",Unfall 199355 (2020) Kat:2, Licht: 0,199355,2,7,0,10,12,7,1,0,1,0,0,0
"POINT (9.741535735000070 52.371132831000068)",Unfall 199357 (2020) Kat:3, Licht: 2,199357,3,1,0,10,23,7,0,2,0,0,0,0
"POINT (9.730667922000066 52.374896558000046)",Unfall 199358 (2020) Kat:3, Licht: 2,199358,3,7,3,10,19,7,0,2,0,1,0,0
"POINT (9.738370601000042 52.376990499000044)",Unfall 199360 (2020) Kat:2, Licht: 0,199360,2,5,0,10,16,7,0,0,1,0,0,0
"POINT (9.747250404000056 52.373738164000031)",Unfall 199362 (2020) Kat:3, Licht: 2,199362,3,2,5,10,21,3,1,2,0,1,0,0
"POINT (9.611826305000022 52.407598187000076)",Unfall 199378 (2020) Kat:3, Licht: 2,199378,3,7,0,10,20,4,0,2,1,0,0,0
"POINT (9.695684700000072 52.408682046000081)",Unfall 199405 (2020) Kat:3, Licht: 1,199405,3,6,2,10,17,6,1,1,0,1,0,0
"POINT (9.690055448000067 52.392637259000026)",Unfall 199407 (2020) Kat:3, Licht: 0,199407,3,3,5,10,15,6,1,0,1,1,0,0
"POINT (9.709252470000024 52.341218658000059)",Unfall 199409 (2020) Kat:3, Licht: 0,199409,3,7,0,10,16,6,1,0,1,1,0,0
"POINT (9.731319749000022 52.375106488000029)",Unfall 199411 (2020) Kat:2, Licht: 0,199411,2,7,0,10,13,6,1,0,0,0,0,0
"POINT (9.694085269000027 52.365333517000067)",Unfall 199413 (2020) Kat:3, Licht: 0,199413,3,6,2,10,11,6,1,0,0,1,0,0
"POINT (9.830346367000061 52.424880712000061)",Unfall 199415 (2020) Kat:3, Licht: 0,199415,3,3,5,10,13,6,1,0,1,1,0,0
"POINT (9.377785254000060 52.457994747000043)",Unfall 199417 (2020) Kat:3, Licht: 0,199417,3,2,0,10,16,6,1,0,0,1,0,1
"POINT (9.442940512000064 52.424015482000073)",Unfall 199418 (2020) Kat:3, Licht: 2,199418,3,2,6,10,06,6,1,2,0,0,1,0
"POINT (9.654665725000029 52.317851673000064)",Unfall 199420 (2020) Kat:3, Licht: 0,199420,3,2,5,10,09,6,0,0,1,1,0,0
"POINT (9.729904966000049 52.434958513000026)",Unfall 199422 (2020) Kat:3, Licht: 2,199422,3,5,1,10,21,6,1,2,1,1,0,0
"POINT (9.741178169000023 52.448863437000057)",Unfall 199424 (2020) Kat:3, Licht: 0,199424,3,5,1,10,16,6,1,0,0,1,0,0
"POINT (9.764543858000025 52.395558480000034)",Unfall 199425 (2020) Kat:3, Licht: 0,199425,3,4,6,10,11,6,1,0,1,0,1,0
"POINT (9.621417241000074 52.406232850000038)",Unfall 199426 (2020) Kat:3, Licht: 0,199426,3,1,0,10,09,6,1,0,1,0,0,0
"POINT (9.791342763000046 52.404271657000038)",Unfall 199428 (2020) Kat:3, Licht: 0,199428,3,2,5,10,10,6,0,0,1,1,0,0
"POINT (9.701189237000051 52.375280067000062)",Unfall 199432 (2020) Kat:3, Licht: 2,199432,3,4,6,10,19,4,0,2,0,1,1,0
"POINT (9.732784454000068 52.374508731000049)",Unfall 199436 (2020) Kat:3, Licht: 0,199436,3,4,0,10,12,3,0,0,0,1,1,0
"POINT (9.803453712000021 52.481455979000032)",Unfall 199472 (2020) Kat:2, Licht: 2,199472,2,1,0,10,06,2,1,2,1,0,0,0
"POINT (9.836228796000057 52.338502404000053)",Unfall 199474 (2020) Kat:3, Licht: 0,199474,3,3,5,10,16,4,0,0,1,1,0,0
"POINT (9.751223331000062 52.368342747000042)",Unfall 199486 (2020) Kat:3, Licht: 0,199486,3,3,5,10,11,5,0,0,1,0,0,0
"POINT (9.748546545000068 52.411003324000035)",Unfall 199487 (2020) Kat:3, Licht: 0,199487,3,6,3,10,15,4,0,0,1,0,0,0
"POINT (9.663842231000047 52.385415305000038)",Unfall 199488 (2020) Kat:3, Licht: 0,199488,3,2,5,10,11,5,0,0,1,1,0,0
"POINT (9.795021941000073 52.411703710000040)",Unfall 199490 (2020) Kat:3, Licht: 0,199490,3,3,5,10,15,5,0,0,1,1,0,0
"POINT (9.739448155000048 52.394392944000060)",Unfall 199491 (2020) Kat:3, Licht: 0,199491,3,7,0,10,15,5,0,0,1,0,0,0
"POINT (9.768952927000044 52.362905025000032)",Unfall 199492 (2020) Kat:3, Licht: 2,199492,3,7,0,10,05,5,1,2,1,0,0,0
"POINT (9.790314253000076 52.395880061000071)",Unfall 199499 (2020) Kat:3, Licht: 2,199499,3,2,4,10,18,3,0,2,1,1,0,0
"POINT (9.746563764000030 52.386935791000042)",Unfall 199501 (2020) Kat:3, Licht: 0,199501,3,2,6,10,11,3,0,0,0,1,1,0
"POINT (9.645611190000068 52.399387615000080)",Unfall 199509 (2020) Kat:3, Licht: 0,199509,3,5,2,11,16,4,0,0,0,1,0,0
"POINT (9.754299083000035 52.368614246000050)",Unfall 199510 (2020) Kat:3, Licht: 0,199510,3,3,5,10,14,6,1,0,1,1,0,0
"POINT (9.787411288000044 52.332822294000039)",Unfall 199512 (2020) Kat:3, Licht: 0,199512,3,1,8,11,14,3,0,0,0,0,0,1
"POINT (9.707208250000065 52.404811169000027)",Unfall 199513 (2020) Kat:3, Licht: 0,199513,3,7,2,10,14,6,1,0,0,1,0,1
"POINT (9.744103816000063 52.372532061000072)",Unfall 199520 (2020) Kat:3, Licht: 0,199520,3,3,5,10,15,6,1,0,1,1,0,0
"POINT (9.727280324000049 52.323165329000062)",Unfall 199526 (2020) Kat:3, Licht: 1,199526,3,3,5,11,08,6,1,1,1,1,0,0
"POINT (9.759859995000056 52.341795297000033)",Unfall 199532 (2020) Kat:3, Licht: 1,199532,3,1,0,10,17,6,1,1,0,0,0,1
"POINT (9.766831756000045 52.566552839000053)",Unfall 199540 (2020) Kat:3, Licht: 0,199540,3,7,0,11,15,3,0,0,0,0,0,0
"POINT (9.381454403000021 52.460016769000049)",Unfall 199541 (2020) Kat:3, Licht: 0,199541,3,3,5,10,12,6,1,0,0,1,0,0
"POINT (9.454572673000030 52.503506102000074)",Unfall 199547 (2020) Kat:2, Licht: 0,199547,2,7,0,10,13,6,1,0,1,0,0,0
"POINT (9.715368247000072 52.345018860000039)",Unfall 199548 (2020) Kat:3, Licht: 2,199548,3,4,6,11,18,7,0,2,0,1,1,0
"POINT (9.773940361000030 52.415690277000067)",Unfall 199550 (2020) Kat:3, Licht: 0,199550,3,7,2,11,10,5,0,0,0,1,0,0
"POINT (9.683689075000075 52.345192660000066)",Unfall 199551 (2020) Kat:3, Licht: 0,199551,3,5,1,11,14,4,0,0,1,1,0,0
"POINT (9.758919308000031 52.338563324000063)",Unfall 199552 (2020) Kat:3, Licht: 2,199552,3,1,0,10,18,6,1,2,1,0,0,0
"POINT (9.735838227000045 52.420938816000046)",Unfall 199555 (2020) Kat:3, Licht: 2,199555,3,6,2,10,17,6,1,2,0,1,0,0
"POINT (9.663291915000059 52.403167681000070)",Unfall 199560 (2020) Kat:3, Licht: 0,199560,3,1,0,11,14,5,0,0,1,0,0,0
"POINT (9.596347424000044 52.391803158000073)",Unfall 199561 (2020) Kat:2, Licht: 2,199561,2,5,0,10,20,7,0,2,0,1,0,0
"POINT (9.610188473000051 52.416116948000081)",Unfall 199562 (2020) Kat:2, Licht: 2,199562,2,3,5,11,20,4,0,2,0,1,0,0
"POINT (9.800996059000056 52.404839165000055)",Unfall 199563 (2020) Kat:3, Licht: 0,199563,3,2,5,10,15,6,1,0,1,1,0,0
"POINT (9.669279366000069 52.356701986000076)",Unfall 199583 (2020) Kat:2, Licht: 0,199583,2,1,0,11,08,6,1,0,1,0,0,0
"POINT (9.755011541000044 52.367279565000047)",Unfall 199597 (2020) Kat:3, Licht: 0,199597,3,3,5,11,14,2,0,0,1,0,0,0
"POINT (9.739250917000049 52.374392845000045)",Unfall 199601 (2020) Kat:3, Licht: 0,199601,3,7,0,11,13,2,0,0,0,0,1,0
"POINT (9.756202429000041 52.390634976000058)",Unfall 199602 (2020) Kat:3, Licht: 0,199602,3,3,5,11,09,5,0,0,1,1,0,0
"POINT (9.768140009000035 52.400034009000080)",Unfall 199603 (2020) Kat:3, Licht: 0,199603,3,2,2,11,08,4,0,0,0,1,0,0
"POINT (9.720495486000061 52.368671844000062)",Unfall 199605 (2020) Kat:3, Licht: 0,199605,3,5,0,11,10,2,1,0,1,1,0,0
"POINT (9.745554782000056 52.393619314000034)",Unfall 199609 (2020) Kat:3, Licht: 0,199609,3,1,0,11,16,2,1,0,1,0,0,0
"POINT (9.719772909000028 52.366126025000028)",Unfall 199616 (2020) Kat:3, Licht: 0,199616,3,1,0,11,16,4,0,0,1,0,0,0
"POINT (9.794774426000060 52.273974937000048)",Unfall 199619 (2020) Kat:3, Licht: 0,199619,3,7,0,11,16,2,0,0,1,0,0,0
"POINT (9.751891785000055 52.385944200000040)",Unfall 199622 (2020) Kat:3, Licht: 0,199622,3,6,2,11,08,6,0,0,0,1,0,0
"POINT (9.532516102000045 52.201942477000046)",Unfall 199628 (2020) Kat:3, Licht: 0,199628,3,1,8,11,07,2,1,0,0,1,0,0
"POINT (9.457417138000039 52.503338281000026)",Unfall 199631 (2020) Kat:3, Licht: 0,199631,3,7,8,11,09,2,0,0,0,1,0,0
"POINT (9.720015103000037 52.364701611000044)",Unfall 199635 (2020) Kat:2, Licht: 2,199635,2,1,0,11,21,2,1,2,1,0,0,0
"POINT (9.721283387000028 52.354724055000077)",Unfall 199636 (2020) Kat:3, Licht: 1,199636,3,2,5,11,07,6,1,1,1,1,0,0
"POINT (9.741619230000026 52.378429520000054)",Unfall 199641 (2020) Kat:3, Licht: 0,199641,3,4,6,11,15,2,0,0,0,1,1,0
"POINT (9.746444460000021 52.354101480000054)",Unfall 199645 (2020) Kat:3, Licht: 0,199645,3,6,4,11,11,2,0,0,1,0,0,0
"POINT (10.005637377000028 52.446247976000052)",Unfall 199661 (2020) Kat:3, Licht: 0,199661,3,3,5,11,14,7,0,0,0,1,0,0
"POINT (9.711119999000061 52.367225518000055)",Unfall 199663 (2020) Kat:3, Licht: 2,199663,3,1,0,11,17,5,0,2,1,0,0,0
"POINT (9.613852053000073 52.419583206000027)",Unfall 199676 (2020) Kat:3, Licht: 0,199676,3,5,1,11,08,5,0,0,0,1,0,0
"POINT (9.699609538000061 52.355976760000033)",Unfall 199677 (2020) Kat:3, Licht: 2,199677,3,6,2,10,18,7,0,2,0,1,0,0
"POINT (9.974501223000061 52.377817522000043)",Unfall 199678 (2020) Kat:3, Licht: 2,199678,3,4,6,11,18,4,0,2,0,1,1,0
"POINT (9.677777928000069 52.416009766000059)",Unfall 199697 (2020) Kat:3, Licht: 0,199697,3,3,5,10,14,5,0,0,0,1,0,0
"POINT (9.465784395000071 52.504204838000078)",Unfall 199698 (2020) Kat:3, Licht: 0,199698,3,6,2,11,15,6,0,0,0,1,0,0
"POINT (9.746460858000035 52.395308409000052)",Unfall 199704 (2020) Kat:3, Licht: 2,199704,3,3,5,10,19,5,1,2,0,1,0,1
"POINT (9.557658311000068 52.212270481000076)",Unfall 199715 (2020) Kat:3, Licht: 0,199715,3,3,5,10,15,5,0,0,0,1,0,0
"POINT (9.820593621000057 52.359428478000041)",Unfall 199716 (2020) Kat:3, Licht: 0,199716,3,1,0,11,11,7,0,0,1,0,0,0
"POINT (9.816929243000061 52.356669017000058)",Unfall 199719 (2020) Kat:3, Licht: 0,199719,3,7,2,11,12,5,0,0,1,1,0,0
"POINT (9.707163250000065 52.401818778000063)",Unfall 199720 (2020) Kat:3, Licht: 2,199720,3,5,1,11,19,4,0,2,0,1,0,0
"POINT (9.852744560000076 52.491345783000043)",Unfall 199721 (2020) Kat:3, Licht: 0,199721,3,5,0,10,07,5,0,0,1,1,0,0
"POINT (9.717399770000043 52.350805798000067)",Unfall 199724 (2020) Kat:2, Licht: 2,199724,2,3,5,10,22,5,1,2,1,1,0,0
"POINT (9.703047724000044 52.341274945000066)",Unfall 199731 (2020) Kat:2, Licht: 0,199731,2,2,5,11,10,4,0,0,1,1,0,0
"POINT (9.713382374000048 52.371415219000028)",Unfall 199733 (2020) Kat:3, Licht: 0,199733,3,1,0,11,14,1,0,0,1,0,0,0
"POINT (9.692351784000039 52.397182132000069)",Unfall 199745 (2020) Kat:3, Licht: 0,199745,3,6,0,11,15,1,0,0,1,1,0,0
"POINT (9.777543897000044 52.336592669000026)",Unfall 199749 (2020) Kat:3, Licht: 0,199749,3,1,0,11,10,1,1,0,1,0,0,0
"POINT (9.739979341000037 52.369046498000046)",Unfall 199751 (2020) Kat:3, Licht: 0,199751,3,2,6,11,13,6,0,0,0,0,1,0
"POINT (9.699172385000054 52.355701332000081)",Unfall 199755 (2020) Kat:2, Licht: 0,199755,2,6,0,11,11,1,0,0,1,0,0,0
"POINT (9.581539719000034 52.394957479000027)",Unfall 199772 (2020) Kat:3, Licht: 0,199772,3,7,0,11,08,5,0,0,0,1,0,0
"POINT (9.740478011000050 52.374121856000045)",Unfall 199774 (2020) Kat:3, Licht: 0,199774,3,2,0,11,08,5,0,0,1,0,1,0
"POINT (9.743566355000041 52.357261044000040)",Unfall 199781 (2020) Kat:3, Licht: 0,199781,3,2,5,11,13,3,0,0,1,0,0,0
"POINT (9.729845120000050 52.398189175000027)",Unfall 199782 (2020) Kat:3, Licht: 0,199782,3,2,4,11,13,3,0,0,1,1,0,0
"POINT (9.462102413000025 52.503949708000050)",Unfall 199790 (2020) Kat:3, Licht: 2,199790,3,2,5,11,19,4,0,2,0,1,0,0
"POINT (9.713317701000051 52.371435368000050)",Unfall 199795 (2020) Kat:3, Licht: 0,199795,3,1,0,11,09,3,1,0,1,0,0,0
"POINT (9.652276392000033 52.415351503000068)",Unfall 199796 (2020) Kat:3, Licht: 0,199796,3,2,2,11,08,4,0,0,0,1,0,0
"POINT (9.851920966000023 52.437140214000067)",Unfall 199816 (2020) Kat:3, Licht: 0,199816,3,3,5,11,10,7,1,0,0,1,0,0
"POINT (9.771760325000059 52.406619627000055)",Unfall 199818 (2020) Kat:3, Licht: 1,199818,3,6,4,11,16,4,0,1,1,1,0,0
"POINT (9.809449506000021 52.369228012000065)",Unfall 199820 (2020) Kat:3, Licht: 0,199820,3,3,5,11,12,6,0,0,0,1,0,1
"POINT (9.805707927000071 52.301213563000033)",Unfall 199823 (2020) Kat:3, Licht: 2,199823,3,1,1,11,17,7,0,2,0,1,0,0
"POINT (9.772909125000069 52.361309012000049)",Unfall 199835 (2020) Kat:3, Licht: 0,199835,3,3,5,11,11,6,0,0,0,1,0,0
"POINT (9.573082677000059 52.440098178000028)",Unfall 199836 (2020) Kat:3, Licht: 0,199836,3,3,5,11,15,3,1,0,1,1,0,0
"POINT (9.819210620000035 52.400025395000057)",Unfall 199840 (2020) Kat:3, Licht: 0,199840,3,6,2,11,08,5,0,0,0,1,0,0
"POINT (9.669710465000037 52.399839263000047)",Unfall 199841 (2020) Kat:3, Licht: 1,199841,3,6,3,11,16,2,0,1,0,1,0,0
"POINT (9.717196433000026 52.345006547000082)",Unfall 199857 (2020) Kat:3, Licht: 0,199857,3,3,5,11,07,3,0,0,1,1,0,0
"POINT (9.613703997000073 52.315984168000057)",Unfall 199863 (2020) Kat:3, Licht: 0,199863,3,3,5,11,14,3,0,0,0,1,0,0
"POINT (9.610743765000052 52.411003465000078)",Unfall 199875 (2020) Kat:3, Licht: 2,199875,3,7,3,11,17,7,1,2,0,1,0,1
"POINT (9.782389960000046 52.372891172000038)",Unfall 199887 (2020) Kat:3, Licht: 0,199887,3,7,0,11,14,7,1,0,1,0,0,0
"POINT (9.799019701000077 52.376385837000043)",Unfall 199889 (2020) Kat:3, Licht: 0,199889,3,6,2,11,07,4,0,0,0,1,0,0
"POINT (9.669467830000031 52.354832593000026)",Unfall 199890 (2020) Kat:3, Licht: 0,199890,3,5,1,11,10,6,0,0,1,1,0,0
"POINT (9.855628961000036 52.392330544000060)",Unfall 199892 (2020) Kat:3, Licht: 0,199892,3,2,6,11,10,5,0,0,0,1,1,0
"POINT (9.716866351000022 52.386186248000058)",Unfall 199893 (2020) Kat:3, Licht: 2,199893,3,1,0,11,21,5,0,2,1,0,0,0
"POINT (9.701362065000069 52.396061823000082)",Unfall 199894 (2020) Kat:3, Licht: 2,199894,3,7,0,11,05,2,1,2,1,0,0,0
"POINT (9.769269896000026 52.353328773000044)",Unfall 199906 (2020) Kat:3, Licht: 0,199906,3,1,0,11,13,3,1,0,1,0,0,0
"POINT (9.783146630000033 52.398438456000065)",Unfall 199916 (2020) Kat:3, Licht: 0,199916,3,3,5,11,11,1,0,0,1,1,0,0
"POINT (9.925915159000056 52.509452761000034)",Unfall 199930 (2020) Kat:3, Licht: 0,199930,3,2,3,11,14,7,1,0,1,1,0,0
"POINT (9.729989304000071 52.378390897000031)",Unfall 199932 (2020) Kat:3, Licht: 0,199932,3,3,5,11,12,4,0,0,0,1,0,0
"POINT (9.712072548000037 52.399858744000028)",Unfall 199947 (2020) Kat:3, Licht: 0,199947,3,7,0,11,15,4,0,0,1,0,0,0
"POINT (9.717575641000053 52.369995331000041)",Unfall 199949 (2020) Kat:3, Licht: 2,199949,3,1,1,11,19,6,1,2,0,1,0,1
"POINT (9.748932439000043 52.390292900000077)",Unfall 199950 (2020) Kat:3, Licht: 0,199950,3,5,1,11,14,3,1,0,0,1,1,0
"POINT (9.815506109000069 52.380435047000049)",Unfall 199954 (2020) Kat:3, Licht: 0,199954,3,7,6,11,16,2,0,0,0,1,1,0
"POINT (9.747609372000056 52.395112025000060)",Unfall 199961 (2020) Kat:2, Licht: 2,199961,2,2,6,11,06,3,1,2,0,0,1,0
"POINT (9.708424883000021 52.448346418000028)",Unfall 199970 (2020) Kat:3, Licht: 0,199970,3,7,0,11,14,2,0,0,0,1,0,0
"POINT (9.805583169000045 52.307011694000039)",Unfall 199976 (2020) Kat:3, Licht: 0,199976,3,7,0,11,10,2,0,0,0,1,0,0
"POINT (9.669387796000024 52.356333602000063)",Unfall 199985 (2020) Kat:2, Licht: 0,199985,2,1,9,11,19,7,1,0,1,0,0,0
"POINT (9.680389695000031 52.395759229000078)",Unfall 199989 (2020) Kat:3, Licht: 0,199989,3,3,5,11,10,7,1,0,1,1,0,0
"POINT (9.675495609000052 52.433317114000033)",Unfall 200002 (2020) Kat:3, Licht: 0,200002,3,1,0,11,10,3,1,0,0,0,0,1
"POINT (9.768340786000067 52.265285143000028)",Unfall 200004 (2020) Kat:2, Licht: 0,200004,2,4,6,11,16,4,0,0,0,1,1,0
"POINT (9.717447925000045 52.373053723000055)",Unfall 200005 (2020) Kat:3, Licht: 0,200005,3,6,2,11,11,6,0,0,0,1,0,0
"POINT (9.747121720000052 52.373764144000063)",Unfall 200007 (2020) Kat:3, Licht: 0,200007,3,2,2,11,08,5,0,0,0,1,0,0
"POINT (9.814715813000021 52.361969478000049)",Unfall 200008 (2020) Kat:3, Licht: 0,200008,3,3,0,11,12,2,0,0,1,0,1,0
"POINT (9.852726068000038 52.366727361000073)",Unfall 200027 (2020) Kat:3, Licht: 0,200027,3,1,0,11,12,1,0,0,1,0,0,0
"POINT (9.614439651000055 52.448260367000046)",Unfall 200042 (2020) Kat:3, Licht: 0,200042,3,3,5,11,13,7,0,0,0,1,0,0
"POINT (9.723463504000051 52.349698449000073)",Unfall 200043 (2020) Kat:3, Licht: 0,200043,3,7,0,11,16,4,0,0,1,0,0,0
"POINT (9.813058846000047 52.359579434000068)",Unfall 200053 (2020) Kat:3, Licht: 0,200053,3,3,5,11,11,7,0,0,1,1,0,0
"POINT (9.771877311000026 52.344556897000075)",Unfall 200054 (2020) Kat:3, Licht: 1,200054,3,7,0,11,16,4,0,1,1,0,0,0
"POINT (9.741231448000065 52.411356048000073)",Unfall 200055 (2020) Kat:3, Licht: 2,200055,3,6,2,11,16,4,0,2,0,1,0,0
"POINT (9.775552626000035 52.329091841000036)",Unfall 200057 (2020) Kat:3, Licht: 0,200057,3,3,5,11,07,6,1,0,1,0,0,0
"POINT (9.744437663000042 52.377830377000066)",Unfall 200058 (2020) Kat:3, Licht: 0,200058,3,7,2,11,13,3,0,0,0,1,0,0
"POINT (9.813947446000043 52.363298053000051)",Unfall 200074 (2020) Kat:3, Licht: 0,200074,3,2,5,11,13,1,0,0,0,1,0,0
"POINT (9.794406979000030 52.346732172000031)",Unfall 200076 (2020) Kat:3, Licht: 2,200076,3,1,0,11,18,1,0,2,1,0,0,0
"POINT (9.735733115000073 52.384258817000045)",Unfall 200079 (2020) Kat:3, Licht: 2,200079,3,6,2,11,18,6,0,2,0,1,0,1
"POINT (9.615797992000069 52.418766297000047)",Unfall 200081 (2020) Kat:3, Licht: 2,200081,3,2,5,11,22,6,0,2,0,1,0,0
"POINT (9.806825046000029 52.412127249000036)",Unfall 200087 (2020) Kat:3, Licht: 0,200087,3,3,5,11,14,7,0,0,1,1,0,0
"POINT (9.741231400000061 52.393652727000074)",Unfall 200099 (2020) Kat:3, Licht: 2,200099,3,2,5,11,20,2,1,2,0,1,0,1
"POINT (9.754740467000033 52.434814588000052)",Unfall 200102 (2020) Kat:3, Licht: 2,200102,3,3,5,11,05,3,0,2,0,1,0,0
"POINT (9.709421724000038 52.343903111000031)",Unfall 200103 (2020) Kat:3, Licht: 0,200103,3,3,5,11,12,7,0,0,1,1,0,0
"POINT (9.775323815000036 52.400342331000047)",Unfall 200108 (2020) Kat:3, Licht: 0,200108,3,2,5,11,12,7,0,0,1,0,0,0
"POINT (9.730630868000048 52.391375092000033)",Unfall 200113 (2020) Kat:3, Licht: 1,200113,3,2,6,11,17,5,0,1,0,1,1,0
"POINT (9.700724959000070 52.375463943000057)",Unfall 200115 (2020) Kat:3, Licht: 0,200115,3,5,1,11,11,7,0,0,0,1,0,0
"POINT (9.696952522000061 52.341679002000035)",Unfall 200133 (2020) Kat:3, Licht: 0,200133,3,6,2,11,10,6,1,0,0,1,0,0
"POINT (9.756702498000038 52.353990406000037)",Unfall 200138 (2020) Kat:3, Licht: 0,200138,3,7,0,11,10,2,0,0,0,1,0,1
"POINT (9.712703337000050 52.375208953000026)",Unfall 200139 (2020) Kat:2, Licht: 0,200139,2,1,7,11,10,7,0,0,1,0,0,0
"POINT (9.685374553000031 52.411207242000046)",Unfall 200154 (2020) Kat:3, Licht: 0,200154,3,3,5,11,12,3,0,0,1,1,0,0
"POINT (9.691939585000057 52.340238369000076)",Unfall 200159 (2020) Kat:2, Licht: 2,200159,2,6,6,11,18,5,1,2,1,0,1,0
"POINT (9.708326987000021 52.373153820000027)",Unfall 200167 (2020) Kat:3, Licht: 2,200167,3,1,0,11,17,5,1,2,1,0,0,0
"POINT (9.741015873000038 52.398752806000061)",Unfall 200170 (2020) Kat:2, Licht: 0,200170,2,3,5,11,12,5,1,0,1,1,0,0
"POINT (9.692425536000030 52.398129877000031)",Unfall 200172 (2020) Kat:3, Licht: 2,200172,3,2,5,11,06,6,0,2,1,1,0,0
"POINT (9.729658117000042 52.396888401000069)",Unfall 200175 (2020) Kat:3, Licht: 0,200175,3,1,0,11,12,6,1,0,1,0,0,0
"POINT (9.756250353000041 52.390601983000067)",Unfall 200181 (2020) Kat:3, Licht: 2,200181,3,6,2,11,17,6,0,2,0,1,0,0
"POINT (9.741676640000037 52.380239255000049)",Unfall 200202 (2020) Kat:3, Licht: 2,200202,3,3,5,11,19,2,1,2,1,1,0,0
"POINT (9.436905293000052 52.425355336000052)",Unfall 200205 (2020) Kat:3, Licht: 1,200205,3,7,2,11,07,3,0,1,1,0,0,0
"POINT (9.807093147000046 52.308326265000062)",Unfall 200221 (2020) Kat:3, Licht: 0,200221,3,6,2,11,14,4,0,0,0,1,0,0
"POINT (9.815218983000023 52.305416842000056)",Unfall 200222 (2020) Kat:3, Licht: 1,200222,3,3,5,11,07,2,0,1,1,1,0,0
"POINT (9.435033309000062 52.424103813000045)",Unfall 200223 (2020) Kat:3, Licht: 2,200223,3,4,6,11,17,1,0,2,0,1,1,0
"POINT (9.710851051000077 52.359438971000031)",Unfall 200228 (2020) Kat:3, Licht: 1,200228,3,2,5,11,15,2,0,1,0,1,0,0
"POINT (9.710812173000022 52.382707775000029)",Unfall 200235 (2020) Kat:3, Licht: 1,200235,3,7,0,11,16,2,0,1,1,0,0,0
"POINT (9.690861921000021 52.346130764000065)",Unfall 200237 (2020) Kat:3, Licht: 0,200237,3,6,2,11,10,6,1,0,0,1,0,0
"POINT (9.734035747000064 52.415714942000079)",Unfall 200240 (2020) Kat:3, Licht: 0,200240,3,3,5,11,14,2,0,0,0,1,0,0
"POINT (9.757285800000034 52.354292269000041)",Unfall 200242 (2020) Kat:3, Licht: 0,200242,3,2,5,11,15,2,0,0,1,1,0,0
"POINT (9.514784493000036 52.283430054000064)",Unfall 200243 (2020) Kat:3, Licht: 2,200243,3,1,0,11,18,7,1,2,0,1,0,0
"POINT (9.726378988000022 52.324086294000040)",Unfall 200247 (2020) Kat:3, Licht: 0,200247,3,5,1,11,10,6,1,0,1,1,0,0
"POINT (9.758764052000061 52.341313648000039)",Unfall 200250 (2020) Kat:3, Licht: 0,200250,3,3,5,11,08,2,0,0,1,1,0,0
"POINT (9.746389145000023 52.392961269000068)",Unfall 200252 (2020) Kat:2, Licht: 0,200252,2,4,6,11,09,2,0,0,0,1,1,0
"POINT (9.826368518000038 52.297619647000033)",Unfall 200259 (2020) Kat:3, Licht: 0,200259,3,6,2,11,14,4,0,0,0,1,0,0
"POINT (9.968285935000040 52.379690823000033)",Unfall 200260 (2020) Kat:3, Licht: 0,200260,3,1,0,11,13,2,0,0,1,0,0,0
"POINT (9.809063399000024 52.388805841000078)",Unfall 200262 (2020) Kat:3, Licht: 2,200262,3,2,4,11,21,4,0,2,0,1,0,0
"POINT (9.750782093000055 52.376681861000066)",Unfall 200263 (2020) Kat:3, Licht: 2,200263,3,6,3,11,16,2,0,2,1,0,0,0
"POINT (9.733617664000065 52.375595550000071)",Unfall 200267 (2020) Kat:3, Licht: 1,200267,3,2,5,11,16,5,1,1,1,1,0,0
"POINT (9.746192647000044 52.386298040000042)",Unfall 200268 (2020) Kat:3, Licht: 0,200268,3,1,0,11,12,2,0,0,0,0,0,0
"POINT (9.740898026000025 52.374940351000077)",Unfall 200271 (2020) Kat:3, Licht: 0,200271,3,4,6,11,14,4,0,0,1,0,1,0
"POINT (9.782626585000060 52.335421084000075)",Unfall 200286 (2020) Kat:3, Licht: 0,200286,3,1,9,11,08,6,1,0,0,1,0,0
"POINT (9.774722297000039 52.371422025000072)",Unfall 200288 (2020) Kat:3, Licht: 1,200288,3,2,2,11,07,5,1,1,0,1,1,0
"POINT (9.667511500000046 52.445763315000079)",Unfall 200290 (2020) Kat:2, Licht: 0,200290,2,7,0,11,10,5,0,0,1,0,0,0
"POINT (10.026239760000067 52.461224953000055)",Unfall 200291 (2020) Kat:3, Licht: 2,200291,3,2,3,11,06,2,0,2,1,1,0,0
"POINT (9.749477196000044 52.376804900000081)",Unfall 200293 (2020) Kat:3, Licht: 0,200293,3,6,2,11,14,5,1,0,0,1,0,0
"POINT (9.723613527000055 52.387286250000045)",Unfall 200298 (2020) Kat:3, Licht: 0,200298,3,2,5,11,15,5,0,0,1,1,0,0
"POINT (9.801036912000029 52.305435538000040)",Unfall 200300 (2020) Kat:3, Licht: 0,200300,3,7,5,11,10,5,0,0,0,1,0,0
"POINT (9.782813976000057 52.516846453000028)",Unfall 200303 (2020) Kat:3, Licht: 0,200303,3,2,4,11,13,4,0,0,1,1,0,0
"POINT (9.751371158000040 52.398143593000043)",Unfall 200307 (2020) Kat:3, Licht: 0,200307,3,3,5,11,13,3,0,0,1,0,0,0
"POINT (9.756384347000051 52.390652961000058)",Unfall 200308 (2020) Kat:3, Licht: 2,200308,3,1,0,11,07,5,1,2,0,0,0,1
"POINT (9.733044807000056 52.307384318000061)",Unfall 200309 (2020) Kat:3, Licht: 0,200309,3,3,5,11,14,4,0,0,1,1,0,0
"POINT (9.688960225000074 52.377145397000049)",Unfall 200319 (2020) Kat:2, Licht: 0,200319,2,1,0,11,14,5,1,0,1,0,0,0
"POINT (9.427839338000069 52.429011857000035)",Unfall 200332 (2020) Kat:3, Licht: 0,200332,3,3,5,12,09,6,0,0,0,1,0,0
"POINT (9.836938027000031 52.421195072000046)",Unfall 200333 (2020) Kat:3, Licht: 2,200333,3,2,5,12,15,5,1,2,0,1,0,0
"POINT (9.735095738000041 52.391481067000029)",Unfall 200346 (2020) Kat:3, Licht: 0,200346,3,7,1,12,11,2,1,0,0,0,0,1
"POINT (9.713434398000061 52.369904146000067)",Unfall 200357 (2020) Kat:3, Licht: 0,200357,3,4,6,12,12,6,0,0,1,0,1,0
"POINT (9.770760887000051 52.375894697000035)",Unfall 200359 (2020) Kat:3, Licht: 2,200359,3,1,0,12,07,2,1,2,1,0,0,0
"POINT (9.434561779000035 52.417265400000076)",Unfall 200375 (2020) Kat:3, Licht: 2,200375,3,3,5,12,20,4,1,2,0,1,0,0
"POINT (9.811840872000062 52.305471577000048)",Unfall 200380 (2020) Kat:3, Licht: 0,200380,3,7,0,12,12,4,0,0,1,0,0,0
"POINT (9.733566663000033 52.392884132000063)",Unfall 200382 (2020) Kat:3, Licht: 2,200382,3,3,5,12,20,4,0,2,1,0,0,0
"POINT (9.750027489000047 52.269217786000070)",Unfall 200384 (2020) Kat:3, Licht: 2,200384,3,3,5,12,07,4,0,2,1,1,0,0
"POINT (9.610901449000039 52.414686149000033)",Unfall 200385 (2020) Kat:3, Licht: 0,200385,3,2,2,12,15,5,1,0,0,1,0,0
"POINT (9.728874668000060 52.558500218000063)",Unfall 200389 (2020) Kat:3, Licht: 0,200389,3,3,5,12,15,4,1,0,1,1,0,0
"POINT (9.742465487000061 52.438567538000029)",Unfall 200391 (2020) Kat:3, Licht: 2,200391,3,7,2,12,06,4,0,2,1,1,0,0
"POINT (9.835852313000032 52.335831760000076)",Unfall 200394 (2020) Kat:3, Licht: 2,200394,3,3,5,12,20,6,0,2,0,1,0,1
"POINT (9.752606539000055 52.394451015000072)",Unfall 200396 (2020) Kat:3, Licht: 0,200396,3,4,6,12,12,6,0,0,0,1,1,0
"POINT (9.819330724000054 52.383770217000063)",Unfall 200401 (2020) Kat:3, Licht: 0,200401,3,1,0,12,12,4,1,0,1,0,0,0
"POINT (9.790330089000065 52.395888230000082)",Unfall 200403 (2020) Kat:3, Licht: 0,200403,3,7,0,12,13,4,1,0,1,0,0,0
"POINT (9.805272690000038 52.411193846000060)",Unfall 200407 (2020) Kat:2, Licht: 2,200407,2,2,6,12,20,3,1,2,0,1,1,0
"POINT (9.741009480000059 52.398796466000078)",Unfall 200409 (2020) Kat:3, Licht: 2,200409,3,3,5,12,06,4,0,2,1,1,0,0
"POINT (9.437171926000076 52.422348318000047)",Unfall 200411 (2020) Kat:3, Licht: 2,200411,3,7,9,12,07,2,1,2,1,0,0,0
"POINT (9.754302612000060 52.368614457000035)",Unfall 200422 (2020) Kat:3, Licht: 2,200422,3,3,5,12,19,5,0,2,1,1,0,0
"POINT (9.733336139000073 52.392238864000035)",Unfall 200423 (2020) Kat:3, Licht: 1,200423,3,3,5,12,08,5,1,1,0,1,0,0
"POINT (9.729715511000052 52.392556178000063)",Unfall 200437 (2020) Kat:3, Licht: 2,200437,3,5,0,12,17,5,0,2,1,1,0,0
"POINT (9.776636315000076 52.332859066000026)",Unfall 200452 (2020) Kat:3, Licht: 2,200452,3,4,6,12,07,2,1,2,0,1,1,0
"POINT (9.736787351000032 52.376911237000058)",Unfall 200454 (2020) Kat:3, Licht: 0,200454,3,2,2,12,10,5,1,0,1,0,0,0
"POINT (9.430528509000055 52.419540714000050)",Unfall 200464 (2020) Kat:2, Licht: 2,200464,2,3,5,12,07,6,1,2,1,1,0,0
"POINT (9.843264193000039 52.413725814000031)",Unfall 200466 (2020) Kat:2, Licht: 2,200466,2,1,0,12,17,2,1,2,1,0,0,0
"POINT (9.741671633000067 52.375621410000065)",Unfall 200468 (2020) Kat:3, Licht: 0,200468,3,3,5,12,09,5,1,0,1,1,0,0
"POINT (9.764775498000063 52.418709808000074)",Unfall 200478 (2020) Kat:3, Licht: 0,200478,3,6,2,12,11,5,0,0,0,1,0,0
"POINT (9.723776813000029 52.342501014000050)",Unfall 200482 (2020) Kat:3, Licht: 0,200482,3,6,6,12,15,4,0,0,1,0,1,0
"POINT (9.719246805000068 52.374438535000081)",Unfall 200488 (2020) Kat:2, Licht: 0,200488,2,4,6,12,15,6,0,0,1,0,1,0
"POINT (9.819043613000076 52.390562808000027)",Unfall 200489 (2020) Kat:3, Licht: 0,200489,3,3,5,12,13,5,1,0,1,1,0,0
"POINT (9.761335755000062 52.379964564000034)",Unfall 200494 (2020) Kat:3, Licht: 0,200494,3,3,5,12,08,5,1,0,1,1,0,0
"POINT (9.669698802000028 52.413653192000027)",Unfall 200503 (2020) Kat:3, Licht: 0,200503,3,5,1,12,15,6,0,0,0,1,0,0
"POINT (9.438736472000073 52.424055506000059)",Unfall 200505 (2020) Kat:3, Licht: 2,200505,3,3,5,12,17,2,0,2,1,1,0,0
"POINT (9.709312420000060 52.375952049000034)",Unfall 200514 (2020) Kat:3, Licht: 2,200514,3,3,5,12,07,6,1,2,1,1,0,0
"POINT (10.019761303000053 52.436397064000062)",Unfall 200516 (2020) Kat:3, Licht: 1,200516,3,2,5,12,07,3,0,1,1,1,0,0
"POINT (9.781392158000074 52.408944662000067)",Unfall 200519 (2020) Kat:3, Licht: 1,200519,3,2,6,12,07,5,1,1,0,1,1,0
"POINT (9.740175514000043 52.401774364000062)",Unfall 200522 (2020) Kat:3, Licht: 1,200522,3,3,5,12,07,5,1,1,1,1,0,0
"POINT (9.689133651000077 52.377151030000050)",Unfall 200530 (2020) Kat:3, Licht: 2,200530,3,3,5,12,18,5,0,2,1,1,0,0
"POINT (9.782297236000034 52.372667005000039)",Unfall 200531 (2020) Kat:3, Licht: 1,200531,3,3,5,12,07,5,1,1,1,1,0,0
"POINT (9.750633092000044 52.375509985000065)",Unfall 200535 (2020) Kat:3, Licht: 0,200535,3,6,2,12,12,3,1,0,0,1,0,0
"POINT (9.738056601000039 52.440907816000049)",Unfall 200537 (2020) Kat:3, Licht: 0,200537,3,3,5,12,11,3,1,0,1,1,0,0
"POINT (9.466006481000022 52.637612427000079)",Unfall 200539 (2020) Kat:1, Licht: 1,200539,1,1,9,12,07,3,1,1,0,1,0,0
"POINT (9.722184881000032 52.417270076000079)",Unfall 200541 (2020) Kat:2, Licht: 2,200541,2,3,5,12,06,3,1,2,1,0,0,0
"POINT (9.713288433000059 52.371444487000076)",Unfall 200542 (2020) Kat:2, Licht: 0,200542,2,1,0,12,13,5,1,0,1,0,0,0
"POINT (9.723655520000023 52.386763502000065)",Unfall 200546 (2020) Kat:3, Licht: 2,200546,3,7,0,12,00,3,1,2,1,0,0,0
"POINT (9.762658875000057 52.415880967000078)",Unfall 200548 (2020) Kat:3, Licht: 0,200548,3,3,5,12,14,3,1,0,1,1,0,0
"POINT (9.833649959000070 52.347069265000073)",Unfall 200551 (2020) Kat:3, Licht: 1,200551,3,6,4,12,16,1,1,1,0,1,0,0
"POINT (9.775418957000056 52.363372295000033)",Unfall 200557 (2020) Kat:3, Licht: 2,200557,3,2,5,12,07,2,1,2,1,1,0,0
"POINT (9.801080325000044 52.305210393000038)",Unfall 200559 (2020) Kat:3, Licht: 0,200559,3,3,5,12,11,7,1,0,0,1,0,0
"POINT (9.736937288000036 52.404601200000059)",Unfall 200565 (2020) Kat:3, Licht: 2,200565,3,2,4,12,17,6,0,2,0,1,0,0
"POINT (10.110062191000054 52.356921939000074)",Unfall 200567 (2020) Kat:3, Licht: 0,200567,3,7,0,12,15,2,1,0,1,0,1,0
"POINT (9.713271119000069 52.371449882000036)",Unfall 200578 (2020) Kat:3, Licht: 0,200578,3,1,0,12,13,5,1,0,1,0,0,0
"POINT (9.718318286000056 52.331534263000037)",Unfall 200585 (2020) Kat:3, Licht: 0,200585,3,2,4,12,10,2,0,0,1,1,0,0
"POINT (9.825316336000071 52.353020116000039)",Unfall 200588 (2020) Kat:3, Licht: 0,200588,3,1,0,12,14,2,1,0,1,0,0,0
"POINT (9.656018695000057 52.171174701000041)",Unfall 200590 (2020) Kat:3, Licht: 0,200590,3,7,9,12,14,2,1,0,0,1,0,0
"POINT (9.792339105000053 52.379974790000063)",Unfall 200592 (2020) Kat:3, Licht: 0,200592,3,7,0,12,16,7,1,0,1,0,0,0
"POINT (9.916481265000073 52.377283467000041)",Unfall 200594 (2020) Kat:3, Licht: 0,200594,3,1,0,12,13,7,1,0,1,0,0,0
"POINT (9.738812887000051 52.437551010000050)",Unfall 200595 (2020) Kat:3, Licht: 2,200595,3,1,9,12,02,7,0,2,0,1,0,0
"POINT (10.007289317000073 52.447179492000032)",Unfall 200596 (2020) Kat:3, Licht: 0,200596,3,6,2,12,11,7,1,0,1,1,0,0
"POINT (9.669958298000040 52.361889568000038)",Unfall 200597 (2020) Kat:3, Licht: 2,200597,3,1,0,12,17,7,0,2,1,0,0,0
"POINT (9.467534786000044 52.505173282000044)",Unfall 200598 (2020) Kat:3, Licht: 0,200598,3,7,1,12,12,2,1,0,0,1,0,0
"POINT (9.732178059000034 52.547794825000040)",Unfall 200600 (2020) Kat:3, Licht: 2,200600,3,3,5,12,18,2,1,2,0,1,0,0
"POINT (9.720498460000044 52.373414354000033)",Unfall 200603 (2020) Kat:3, Licht: 0,200603,3,1,0,12,12,3,1,0,1,0,0,0
"POINT (9.711000425000066 52.445751114000075)",Unfall 200606 (2020) Kat:3, Licht: 2,200606,3,6,2,12,06,2,1,2,0,1,0,0
"POINT (9.804865479000057 52.409470204000058)",Unfall 200609 (2020) Kat:2, Licht: 2,200609,2,2,5,12,18,2,1,2,0,1,0,1
"POINT (9.371809925000036 52.453925845000072)",Unfall 200638 (2020) Kat:3, Licht: 0,200638,3,3,5,12,14,6,0,0,1,1,0,0
"POINT (9.467271824000022 52.304497336000054)",Unfall 200640 (2020) Kat:3, Licht: 0,200640,3,7,0,12,10,6,0,0,0,1,0,0
"POINT (9.733512626000049 52.545712286000082)",Unfall 200642 (2020) Kat:3, Licht: 0,200642,3,2,3,12,09,6,1,0,1,1,0,0
"POINT (9.735691617000043 52.384974394000039)",Unfall 200644 (2020) Kat:3, Licht: 0,200644,3,3,5,12,11,6,0,0,0,1,0,0
"POINT (9.794111874000066 52.393800985000041)",Unfall 200658 (2020) Kat:3, Licht: 2,200658,3,6,2,12,16,3,1,2,0,1,0,0
"POINT (9.808633732000033 52.385733533000064)",Unfall 200671 (2020) Kat:3, Licht: 1,200671,3,3,5,12,07,5,1,1,1,1,0,0
"POINT (9.822923739000032 52.383185982000043)",Unfall 200674 (2020) Kat:3, Licht: 1,200674,3,2,4,12,15,5,0,1,1,1,0,0
"POINT (9.685071356000037 52.358257989000037)",Unfall 200675 (2020) Kat:3, Licht: 2,200675,3,7,0,12,07,5,0,2,1,0,1,0
"POINT (9.741727724000043 52.398598960000072)",Unfall 200676 (2020) Kat:3, Licht: 0,200676,3,3,0,12,15,5,1,0,1,1,0,0
"POINT (9.745228789000066 52.382443675000047)",Unfall 200679 (2020) Kat:3, Licht: 0,200679,3,4,6,12,14,5,1,0,0,1,1,0
"POINT (9.612194538000040 52.419840455000042)",Unfall 200680 (2020) Kat:3, Licht: 0,200680,3,2,3,12,14,5,0,0,1,0,0,0
"POINT (9.731201677000058 52.398442341000077)",Unfall 200682 (2020) Kat:3, Licht: 0,200682,3,7,0,12,14,1,1,0,1,0,0,0
"POINT (9.702796665000051 52.369328014000075)",Unfall 200683 (2020) Kat:3, Licht: 2,200683,3,3,0,12,21,5,0,2,0,1,0,0
"POINT (9.727526269000066 52.382375186000047)",Unfall 200691 (2020) Kat:3, Licht: 0,200691,3,3,5,12,14,1,1,0,1,1,0,0
"POINT (9.763543713000047 52.368942513000036)",Unfall 200704 (2020) Kat:3, Licht: 0,200704,3,2,5,12,14,4,1,0,1,1,0,0
"POINT (9.688967202000072 52.363745447000042)",Unfall 200706 (2020) Kat:3, Licht: 0,200706,3,1,0,12,13,4,0,0,1,0,0,0
"POINT (9.656168023000021 52.243975550000073)",Unfall 200708 (2020) Kat:3, Licht: 0,200708,3,6,4,12,12,4,1,0,0,1,0,0
"POINT (9.710360721000029 52.367306517000031)",Unfall 200709 (2020) Kat:2, Licht: 0,200709,2,1,0,12,13,4,1,0,1,0,0,0
"POINT (9.691939585000057 52.340238369000076)",Unfall 200710 (2020) Kat:3, Licht: 0,200710,3,7,0,12,14,2,1,0,1,0,1,0
"POINT (9.680303469000023 52.396004334000054)",Unfall 200711 (2020) Kat:3, Licht: 0,200711,3,3,5,12,09,3,1,0,1,1,0,0
"POINT (9.693722014000059 52.365278122000063)",Unfall 200715 (2020) Kat:3, Licht: 0,200715,3,4,6,12,12,1,0,0,0,1,1,0
"POINT (9.727476633000038 52.438908232000074)",Unfall 200717 (2020) Kat:3, Licht: 1,200717,3,2,4,12,17,7,0,1,0,1,0,0
"POINT (9.743610002000025 52.389951171000064)",Unfall 200721 (2020) Kat:2, Licht: 1,200721,2,5,1,12,16,7,0,1,1,1,0,0
"POINT (9.775988804000065 52.269177718000037)",Unfall 200728 (2020) Kat:3, Licht: 2,200728,3,3,5,12,19,1,0,2,0,1,0,0
"POINT (9.725761024000065 52.369461581000053)",Unfall 200730 (2020) Kat:3, Licht: 0,200730,3,4,6,12,12,2,0,0,0,1,1,0
"POINT (9.792922060000024 52.432341631000043)",Unfall 200732 (2020) Kat:3, Licht: 0,200732,3,3,5,12,12,2,0,0,1,1,0,0
"POINT (9.602149926000038 52.435537786000054)",Unfall 200750 (2020) Kat:3, Licht: 2,200750,3,7,0,12,18,2,1,2,1,0,0,0
"POINT (9.654628277000029 52.410003987000039)",Unfall 200758 (2020) Kat:3, Licht: 2,200758,3,4,6,12,16,3,1,2,0,1,1,0
"POINT (9.750374440000030 52.375226882000049)",Unfall 200760 (2020) Kat:3, Licht: 2,200760,3,1,0,12,20,3,1,2,0,0,0,1
"POINT (9.740153632000045 52.375812373000031)",Unfall 200761 (2020) Kat:3, Licht: 0,200761,3,1,0,12,12,3,0,0,1,0,0,0
"POINT (9.747914917000060 52.352216560000045)",Unfall 200763 (2020) Kat:3, Licht: 2,200763,3,1,4,12,16,3,1,2,0,1,0,0
"POINT (10.092134817000044 52.388186535000045)",Unfall 200764 (2020) Kat:3, Licht: 2,200764,3,3,5,12,06,3,1,2,1,1,0,0
"POINT (9.753511401000026 52.441530001000046)",Unfall 200767 (2020) Kat:3, Licht: 2,200767,3,3,5,12,16,3,1,2,1,1,0,0
"POINT (10.009357122000040 52.455022811000049)",Unfall 200768 (2020) Kat:3, Licht: 0,200768,3,7,0,12,10,3,1,0,1,0,0,0
"POINT (9.728567911000027 52.394601465000051)",Unfall 200770 (2020) Kat:3, Licht: 2,200770,3,2,6,12,18,3,1,2,0,1,1,0
"POINT (9.804245999000045 52.391227772000036)",Unfall 200772 (2020) Kat:3, Licht: 2,200772,3,2,6,12,16,3,1,2,0,1,1,0
"POINT (9.813452170000062 52.389695079000035)",Unfall 200773 (2020) Kat:3, Licht: 2,200773,3,4,6,12,16,3,1,2,0,1,1,0
"POINT (9.678357910000045 52.435701609000034)",Unfall 200774 (2020) Kat:3, Licht: 0,200774,3,3,5,12,15,2,0,0,1,1,0,0
"POINT (9.765415298000050 52.418198155000027)",Unfall 200776 (2020) Kat:3, Licht: 0,200776,3,4,6,12,13,3,1,0,0,1,1,0
"POINT (9.763845838000066 52.360323532000052)",Unfall 200815 (2020) Kat:3, Licht: 2,200815,3,5,1,12,17,3,1,2,0,1,0,0
"POINT (9.760398354000074 52.410421304000067)",Unfall 200832 (2020) Kat:3, Licht: 2,200832,3,2,6,12,21,2,1,2,0,1,1,0
"POINT (9.690651363000029 52.375540339000054)",Unfall 200834 (2020) Kat:3, Licht: 2,200834,3,7,6,12,18,2,1,2,0,1,1,0
"POINT (9.714258812000026 52.371772007000061)",Unfall 200865 (2020) Kat:3, Licht: 2,200865,3,6,2,12,18,2,1,2,0,1,0,0
"POINT (9.754162361000056 52.445411503000059)",Unfall 200868 (2020) Kat:3, Licht: 0,200868,3,3,5,12,12,2,0,0,1,1,0,0
"POINT (9.609304066000050 52.344724196000072)",Unfall 200898 (2020) Kat:2, Licht: 2,200898,2,5,0,12,18,1,1,2,1,1,0,0
"POINT (9.617411952000055 52.443276007000065)",Unfall 200936 (2020) Kat:3, Licht: 2,200936,3,3,5,12,18,5,1,2,0,1,0,0
"POINT (9.702122068000051 52.328900230000045)",Unfall 200938 (2020) Kat:3, Licht: 0,200938,3,3,5,12,11,6,0,0,0,1,0,0
"POINT (9.737446593000072 52.450237646000062)",Unfall 200946 (2020) Kat:3, Licht: 0,200946,3,2,6,12,13,6,0,0,0,1,1,0
"POINT (9.943090078000068 52.442849025000044)",Unfall 200949 (2020) Kat:3, Licht: 2,200949,3,6,9,12,23,6,2,2,0,1,0,0
"POINT (9.774268299000028 52.372905568000078)",Unfall 200951 (2020) Kat:3, Licht: 0,200951,3,3,5,12,13,6,0,0,1,1,0,0
"POINT (9.749173983000048 52.370648906000042)",Unfall 200953 (2020) Kat:3, Licht: 2,200953,3,6,6,12,20,4,0,2,1,0,1,0
"POINT (9.686884391000035 52.326607401000047)",Unfall 200964 (2020) Kat:3, Licht: 0,200964,3,5,4,12,13,4,0,0,1,1,0,0
"POINT (9.843938683000033 52.357107154000062)",Unfall 200969 (2020) Kat:3, Licht: 0,200969,3,1,0,12,08,3,2,0,1,0,0,0
"POINT (9.763273616000049 52.395198123000057)",Unfall 200971 (2020) Kat:3, Licht: 0,200971,3,7,0,12,11,5,1,0,0,1,0,0
"POINT (9.797808383000074 52.344235508000054)",Unfall 200982 (2020) Kat:3, Licht: 0,200982,3,7,0,12,08,3,2,0,1,0,0,0
"POINT (9.854633853000053 52.358980371000030)",Unfall 200984 (2020) Kat:3, Licht: 2,200984,3,2,2,12,17,4,0,2,1,1,0,0
"POINT (9.684337341000060 52.364791565000075)",Unfall 200987 (2020) Kat:3, Licht: 0,200987,3,6,3,12,14,4,0,0,1,1,0,0
"POINT (9.746571308000057 52.383230987000047)",Unfall 200994 (2020) Kat:3, Licht: 0,200994,3,1,0,12,10,3,1,0,1,0,0,0
"POINT (9.829073608000044 52.320823949000044)",Unfall 201004 (2020) Kat:3, Licht: 0,201004,3,7,7,12,14,4,0,0,1,0,0,0
"POINT (9.462013290000073 52.503883176000045)",Unfall 201027 (2020) Kat:3, Licht: 2,201027,3,2,4,12,17,4,1,2,0,1,0,0
"POINT (9.652288221000049 52.417048852000050)",Unfall 201043 (2020) Kat:3, Licht: 0,201043,3,6,2,12,13,4,1,0,0,1,0,0
"POINT (9.554253369000037 52.207142701000066)",Unfall 201048 (2020) Kat:3, Licht: 0,201048,3,3,5,12,14,4,1,0,1,1,0,0
"POINT (9.727177674000075 52.445081452000068)",Unfall 201049 (2020) Kat:3, Licht: 0,201049,3,3,5,12,14,4,1,0,1,1,0,0
"POINT (9.593550797000034 52.421022135000044)",Unfall 201084 (2020) Kat:3, Licht: 2,201084,3,6,2,12,16,4,1,2,0,1,0,0
