WKT,Name,OBJECTID,UKATEGORIE,UTYP1,UART,UMONAT,USTUNDE,UWOCHENTAG,STRZUSTAND,ULICHTVERH,ISTRAD,ISTPKW,ISTFUSS,ISTKRAD
"POINT (9.809079205000046 52.379596181000068)",Unfall 8214 (2017) Kat:3,8214,3,3,5,01,21,1,1,,0,1,0,0
"POINT (10.038980090000052 52.377291179000053)",Unfall 8216 (2017) Kat:3,8216,3,6,3,01,23,1,0,,0,1,0,0
"POINT (9.880214309000053 52.399306074000037)",Unfall 8217 (2017) Kat:3,8217,3,6,2,01,17,1,0,,0,1,0,0
"POINT (9.409969930000045 52.333975175000035)",Unfall 8785 (2017) Kat:3,8785,3,3,5,01,18,5,0,,0,1,0,0
"POINT (9.524811043000057 52.328681922000044)",Unfall 8788 (2017) Kat:2,8788,2,1,8,01,11,5,0,,0,1,0,0
"POINT (9.456867686000066 52.499695911000060)",Unfall 8976 (2017) Kat:3,8976,3,3,5,01,10,4,1,,1,1,0,0
"POINT (9.784825870000077 52.566879390000054)",Unfall 8979 (2017) Kat:3,8979,3,7,7,01,19,4,0,,0,1,0,0
"POINT (9.670243301000028 52.176397714000075)",Unfall 8981 (2017) Kat:3,8981,3,7,0,01,15,4,1,,0,0,0,0
"POINT (9.781459315000063 52.425034258000039)",Unfall 8992 (2017) Kat:3,8992,3,2,6,01,17,4,1,,0,1,1,0
"POINT (9.624535698000045 52.425019660000032)",Unfall 9169 (2017) Kat:3,9169,3,6,3,01,18,3,1,,0,1,0,0
"POINT (9.814882888000057 52.303508643000043)",Unfall 9172 (2017) Kat:3,9172,3,6,3,01,17,3,1,,0,1,0,0
"POINT (9.580942703000062 52.460029889000054)",Unfall 9174 (2017) Kat:3,9174,3,7,9,01,08,3,1,,0,1,0,0
"POINT (9.810111804000030 52.306525113000077)",Unfall 9179 (2017) Kat:2,9179,2,4,0,01,17,3,1,,0,1,1,0
"POINT (9.746114821000049 52.251184987000045)",Unfall 9182 (2017) Kat:2,9182,2,7,8,01,10,3,1,,0,1,0,0
"POINT (9.596611031000066 52.423278811000046)",Unfall 9185 (2017) Kat:3,9185,3,7,8,01,05,3,1,,0,1,0,0
"POINT (9.732993919000023 52.616258964000053)",Unfall 9288 (2017) Kat:3,9288,3,6,8,01,06,2,1,,0,0,0,0
"POINT (9.764961613000025 52.370691901000043)",Unfall 9302 (2017) Kat:3,9302,3,6,2,01,10,2,1,,0,1,0,0
"POINT (9.976936247000026 52.372592525000073)",Unfall 9304 (2017) Kat:3,9304,3,3,5,01,14,2,1,,0,1,0,0
"POINT (10.173270494000064 52.402957933000039)",Unfall 9312 (2017) Kat:2,9312,2,1,8,01,20,2,2,,0,1,0,0
"POINT (9.519697406000034 52.414708167000072)",Unfall 9315 (2017) Kat:3,9315,3,6,3,01,21,2,1,,0,1,0,0
"POINT (9.563854187000061 52.364852677000044)",Unfall 9476 (2017) Kat:3,9476,3,6,2,01,17,5,0,,0,1,0,0
"POINT (9.588821029000030 52.397095907000050)",Unfall 9477 (2017) Kat:3,9477,3,3,5,01,17,5,0,,0,1,0,0
"POINT (9.529026966000060 52.354674028000034)",Unfall 9478 (2017) Kat:3,9478,3,1,9,01,05,5,0,,0,1,0,0
"POINT (10.125414191000061 52.371966161000046)",Unfall 9479 (2017) Kat:3,9479,3,2,4,01,17,5,1,,0,1,0,0
"POINT (10.170078454000077 52.417873364000059)",Unfall 9480 (2017) Kat:3,9480,3,1,8,01,04,5,2,,0,1,0,0
"POINT (9.763376734000076 52.343905498000026)",Unfall 9481 (2017) Kat:3,9481,3,3,5,01,16,5,0,,1,1,0,0
"POINT (9.819615783000074 52.306768353000052)",Unfall 9482 (2017) Kat:2,9482,2,3,5,01,13,5,0,,1,1,0,0
"POINT (9.814405623000027 52.429081589000077)",Unfall 9483 (2017) Kat:3,9483,3,6,3,01,13,5,0,,0,0,0,0
"POINT (9.756781300000057 52.370188096000049)",Unfall 9484 (2017) Kat:2,9484,2,3,5,01,08,5,1,,1,1,0,0
"POINT (9.673673942000050 52.439282781000031)",Unfall 9485 (2017) Kat:2,9485,2,3,5,01,07,5,1,,0,1,0,1
"POINT (9.883002640000029 52.431292887000041)",Unfall 9486 (2017) Kat:3,9486,3,1,8,01,03,5,1,,0,0,0,0
"POINT (9.785085933000062 52.320516022000049)",Unfall 9542 (2017) Kat:3,9542,3,4,6,01,09,4,0,,0,1,1,0
"POINT (9.861861068000053 52.369424589000062)",Unfall 9543 (2017) Kat:3,9543,3,6,2,01,09,4,0,,0,1,0,0
"POINT (9.732223720000036 52.383051973000079)",Unfall 9544 (2017) Kat:3,9544,3,2,5,01,18,4,1,,1,1,0,0
"POINT (9.607667767000066 52.217405996000082)",Unfall 9545 (2017) Kat:3,9545,3,1,9,01,16,4,1,,0,1,0,0
"POINT (9.674535288000072 52.515989109000031)",Unfall 9546 (2017) Kat:3,9546,3,2,0,01,14,4,1,,0,1,0,0
"POINT (9.912864978000073 52.358461490000082)",Unfall 9547 (2017) Kat:3,9547,3,6,2,01,15,4,1,,0,1,0,0
"POINT (9.651355902000034 52.419586627000058)",Unfall 9548 (2017) Kat:2,9548,2,2,5,01,17,4,1,,0,1,0,0
"POINT (9.735848291000025 52.399303380000049)",Unfall 9549 (2017) Kat:2,9549,2,7,9,01,21,4,0,,0,1,0,0
"POINT (9.734880288000056 52.391365271000041)",Unfall 9587 (2017) Kat:3,9587,3,6,2,01,14,3,0,,0,1,0,0
"POINT (9.431316831000061 52.435040183000069)",Unfall 9588 (2017) Kat:3,9588,3,3,5,01,14,3,0,,1,1,0,0
"POINT (9.649046089000024 52.396027348000075)",Unfall 9589 (2017) Kat:3,9589,3,3,5,01,05,3,0,,1,1,0,0
"POINT (10.019594698000049 52.436366110000051)",Unfall 9627 (2017) Kat:3,9627,3,2,4,01,13,2,1,,0,1,0,0
"POINT (9.726492447000055 52.375641440000038)",Unfall 9628 (2017) Kat:3,9628,3,2,2,01,18,2,1,,0,1,0,0
"POINT (9.797507453000037 52.416348926000069)",Unfall 9629 (2017) Kat:3,9629,3,3,5,01,18,2,1,,1,1,0,0
"POINT (9.838561179000067 52.409878380000066)",Unfall 9630 (2017) Kat:3,9630,3,6,2,01,17,2,1,,0,1,0,0
"POINT (9.756881036000038 52.341014320000056)",Unfall 9631 (2017) Kat:3,9631,3,6,3,01,11,2,0,,0,1,0,0
"POINT (9.705838256000050 52.412308631000030)",Unfall 9683 (2017) Kat:3,9683,3,1,8,01,18,7,2,,0,1,0,0
"POINT (9.416003426000032 52.452719403000060)",Unfall 9684 (2017) Kat:3,9684,3,1,8,01,18,7,2,,0,1,0,0
"POINT (9.908247412000037 52.357248133000041)",Unfall 9685 (2017) Kat:3,9685,3,6,2,01,15,7,0,,0,1,0,0
"POINT (9.698648476000074 52.310838054000044)",Unfall 9686 (2017) Kat:1,9686,1,1,8,01,19,7,2,,0,1,0,0
"POINT (10.118135066000036 52.363543123000056)",Unfall 9687 (2017) Kat:3,9687,3,1,2,01,17,7,2,,0,1,0,0
"POINT (9.583488970000076 52.211041009000041)",Unfall 9688 (2017) Kat:2,9688,2,1,8,01,16,7,2,,0,1,0,0
"POINT (9.793086501000062 52.313746104000074)",Unfall 9715 (2017) Kat:3,9715,3,3,5,01,18,6,0,,1,1,0,0
"POINT (9.793826845000069 52.394743602000062)",Unfall 9716 (2017) Kat:3,9716,3,2,3,01,12,6,2,,0,1,0,0
"POINT (9.722587216000022 52.378673975000027)",Unfall 9717 (2017) Kat:3,9717,3,2,0,01,05,6,0,,1,1,0,0
"POINT (9.793640061000076 52.553751418000047)",Unfall 9718 (2017) Kat:3,9718,3,6,3,01,17,6,1,,0,1,0,0
"POINT (9.829521000000057 52.409275698000044)",Unfall 9719 (2017) Kat:3,9719,3,1,9,01,10,6,2,,0,1,0,0
"POINT (9.843010291000041 52.410946104000061)",Unfall 9720 (2017) Kat:3,9720,3,6,2,01,10,6,2,,0,1,0,0
"POINT (9.594234852000056 52.423427971000081)",Unfall 9721 (2017) Kat:3,9721,3,6,2,01,00,6,0,,0,1,0,0
"POINT (9.662920488000054 52.316070677000027)",Unfall 9751 (2017) Kat:3,9751,3,6,2,01,14,7,0,,0,1,0,0
"POINT (9.666830290000064 52.339162448000081)",Unfall 9752 (2017) Kat:3,9752,3,2,6,01,10,7,1,,0,1,1,0
"POINT (9.970773565000059 52.387028350000037)",Unfall 9753 (2017) Kat:3,9753,3,3,5,01,12,7,1,,0,1,0,0
"POINT (9.856709063000039 52.470034695000038)",Unfall 9754 (2017) Kat:3,9754,3,1,3,01,15,7,2,,0,1,0,0
"POINT (9.777654102000042 52.519338167000058)",Unfall 9755 (2017) Kat:2,9755,2,1,8,01,16,7,2,,0,1,0,0
"POINT (9.785765488000038 52.429200015000049)",Unfall 9756 (2017) Kat:3,9756,3,6,8,01,10,7,1,,0,1,0,0
"POINT (9.455680129000029 52.507264295000027)",Unfall 9775 (2017) Kat:3,9775,3,3,5,01,08,6,0,,1,1,0,0
"POINT (9.577518298000030 52.458526504000076)",Unfall 9776 (2017) Kat:3,9776,3,2,4,01,10,6,0,,0,1,0,0
"POINT (9.987333274000037 52.408597846000077)",Unfall 9778 (2017) Kat:3,9778,3,3,5,01,10,6,1,,1,1,0,0
"POINT (9.995777714000042 52.491019334000043)",Unfall 9780 (2017) Kat:3,9780,3,6,2,01,15,6,0,,0,1,0,0
"POINT (9.725343039000052 52.380372942000065)",Unfall 9781 (2017) Kat:3,9781,3,3,5,01,20,6,0,,1,1,0,0
"POINT (9.522994908000044 52.195828385000027)",Unfall 9784 (2017) Kat:2,9784,2,1,9,01,06,6,0,,0,1,0,0
"POINT (9.820653237000045 52.408059634000040)",Unfall 9824 (2017) Kat:3,9824,3,2,2,01,17,5,0,,0,1,0,0
"POINT (9.729178126000022 52.491652160000058)",Unfall 9825 (2017) Kat:3,9825,3,2,5,01,07,5,0,,0,1,0,0
"POINT (9.401191737000033 52.329642073000059)",Unfall 9827 (2017) Kat:3,9827,3,6,2,01,16,5,0,,0,1,0,0
"POINT (9.733356770000057 52.417992746000039)",Unfall 9828 (2017) Kat:3,9828,3,7,0,01,12,5,0,,1,0,0,0
"POINT (9.886845516000051 52.426887740000041)",Unfall 9829 (2017) Kat:3,9829,3,1,8,01,09,5,0,,0,1,0,0
"POINT (9.520035443000040 52.414877217000026)",Unfall 9830 (2017) Kat:3,9830,3,6,2,01,07,5,0,,0,1,0,0
"POINT (9.736210085000039 52.399149111000042)",Unfall 9866 (2017) Kat:3,9866,3,6,2,01,06,4,0,,0,1,0,0
"POINT (9.646149923000053 52.404061637000041)",Unfall 9867 (2017) Kat:3,9867,3,4,6,01,11,4,0,,0,1,1,0
"POINT (9.788199857000052 52.454759161000027)",Unfall 9868 (2017) Kat:3,9868,3,6,2,01,17,4,0,,0,1,0,0
"POINT (9.726546945000052 52.234971529000063)",Unfall 9902 (2017) Kat:3,9902,3,1,8,01,16,3,1,,0,1,0,0
"POINT (9.957798610000054 52.318394938000040)",Unfall 9903 (2017) Kat:3,9903,3,3,5,01,05,3,0,,1,0,0,0
"POINT (10.206379464000065 52.473572143000069)",Unfall 9904 (2017) Kat:3,9904,3,2,4,01,08,3,2,,0,1,0,0
"POINT (9.841745467000067 52.395173068000076)",Unfall 9950 (2017) Kat:3,9950,3,3,5,01,17,2,0,,1,1,0,0
"POINT (9.928469887000063 52.346825752000029)",Unfall 9951 (2017) Kat:3,9951,3,6,2,01,17,2,0,,0,1,0,0
"POINT (9.644557268000028 52.304606868000064)",Unfall 9953 (2017) Kat:1,9953,1,7,4,01,16,2,1,,0,1,0,0
"POINT (9.739231829000062 52.368203014000073)",Unfall 9955 (2017) Kat:3,9955,3,7,1,01,17,6,0,,1,1,0,0
"POINT (9.660100224000075 52.387269926000045)",Unfall 9956 (2017) Kat:3,9956,3,7,9,01,06,2,1,,0,1,0,0
"POINT (9.756922636000070 52.370196586000077)",Unfall 9959 (2017) Kat:3,9959,3,6,2,01,17,6,1,,0,1,0,0
"POINT (9.735268919000021 52.394591565000042)",Unfall 9974 (2017) Kat:3,9974,3,2,5,01,06,6,1,,1,1,0,0
"POINT (9.445405983000057 52.423357650000071)",Unfall 9977 (2017) Kat:3,9977,3,2,0,01,19,6,0,,0,1,0,0
"POINT (9.632617644000050 52.330854546000069)",Unfall 9981 (2017) Kat:3,9981,3,6,2,01,13,6,1,,0,1,0,0
"POINT (9.526191327000049 52.466902715000060)",Unfall 9982 (2017) Kat:3,9982,3,1,8,01,02,6,2,,0,0,0,0
"POINT (9.827262954000048 52.346492809000040)",Unfall 9983 (2017) Kat:3,9983,3,7,0,01,16,6,1,,0,0,0,0
"POINT (9.468561104000060 52.504516193000029)",Unfall 9990 (2017) Kat:2,9990,2,2,5,01,17,1,1,,0,1,0,0
"POINT (9.899596577000068 52.390409806000036)",Unfall 9991 (2017) Kat:3,9991,3,6,2,01,17,1,0,,0,1,0,0
"POINT (9.515147334000062 52.286090133000073)",Unfall 9992 (2017) Kat:2,9992,2,7,4,01,16,1,0,,0,1,0,0
"POINT (9.869544691000044 52.311470557000064)",Unfall 9998 (2017) Kat:3,9998,3,1,8,01,04,6,2,,0,1,0,0
"POINT (9.696128907000059 52.380039855000064)",Unfall 10023 (2017) Kat:3,10023,3,1,0,01,01,1,1,,0,1,0,0
"POINT (9.855004480000048 52.541707585000040)",Unfall 10054 (2017) Kat:3,10054,3,1,8,01,21,1,0,,0,0,0,0
"POINT (9.802567420000059 52.434784433000061)",Unfall 10055 (2017) Kat:2,10055,2,2,5,01,11,1,0,,1,0,0,0
"POINT (9.791268797000043 52.315371982000045)",Unfall 10075 (2017) Kat:3,10075,3,2,5,01,14,7,0,,0,1,0,0
"POINT (9.830443921000040 52.339260908000028)",Unfall 10076 (2017) Kat:3,10076,3,3,5,01,08,7,1,,0,1,0,0
"POINT (9.988634270000034 52.462107723000031)",Unfall 10077 (2017) Kat:3,10077,3,2,2,01,13,7,0,,0,1,0,0
"POINT (9.851022448000038 52.477884251000035)",Unfall 10079 (2017) Kat:3,10079,3,6,9,01,16,7,0,,0,1,0,0
"POINT (9.798771124000041 52.345000453000068)",Unfall 10080 (2017) Kat:3,10080,3,1,9,01,19,7,1,,0,1,0,0
"POINT (9.782348192000029 52.371926523000070)",Unfall 10082 (2017) Kat:3,10082,3,7,5,01,15,7,1,,0,1,0,0
"POINT (9.738850255000045 52.437781153000060)",Unfall 10083 (2017) Kat:2,10083,2,2,6,01,09,7,0,,0,1,1,0
"POINT (9.414569350000022 52.428328342000043)",Unfall 10100 (2017) Kat:3,10100,3,6,2,01,13,7,0,,0,1,0,0
"POINT (9.409168613000077 52.546225179000032)",Unfall 10110 (2017) Kat:3,10110,3,7,1,01,07,7,0,,0,1,0,0
"POINT (9.764894029000061 52.342663740000035)",Unfall 10128 (2017) Kat:3,10128,3,2,2,01,11,6,0,,0,1,0,0
"POINT (9.587582280000049 52.415075042000069)",Unfall 10129 (2017) Kat:3,10129,3,3,5,01,15,6,0,,1,1,0,0
"POINT (9.644381899000052 52.423380868000038)",Unfall 10130 (2017) Kat:3,10130,3,6,2,01,14,6,0,,0,1,0,0
"POINT (9.820916583000042 52.426859169000068)",Unfall 10131 (2017) Kat:3,10131,3,6,2,01,08,6,0,,0,1,0,0
"POINT (9.408013320000066 52.333995499000082)",Unfall 10132 (2017) Kat:3,10132,3,1,8,01,04,6,1,,0,1,0,0
"POINT (9.607007725000074 52.311475832000042)",Unfall 10190 (2017) Kat:3,10190,3,3,5,01,20,5,1,,0,1,0,0
"POINT (9.457231028000024 52.503366132000053)",Unfall 10191 (2017) Kat:3,10191,3,3,5,01,17,5,0,,0,1,0,0
"POINT (9.772707654000044 52.580435860000080)",Unfall 10192 (2017) Kat:3,10192,3,3,5,01,16,5,0,,0,1,0,0
"POINT (10.067415308000022 52.369191846000035)",Unfall 10193 (2017) Kat:3,10193,3,6,3,01,23,5,0,,0,1,0,0
"POINT (9.697763366000061 52.376332042000058)",Unfall 10195 (2017) Kat:3,10195,3,6,2,01,16,5,0,,0,1,0,0
"POINT (9.690503548000038 52.346812275000048)",Unfall 10196 (2017) Kat:3,10196,3,6,2,01,06,5,1,,0,1,0,0
"POINT (9.776891981000063 52.426803812000060)",Unfall 10239 (2017) Kat:3,10239,3,6,2,01,11,4,0,,0,1,0,0
"POINT (9.786470699000063 52.389335121000045)",Unfall 10240 (2017) Kat:3,10240,3,6,2,01,07,4,1,,0,1,0,0
"POINT (9.723416835000023 52.379240856000081)",Unfall 10241 (2017) Kat:3,10241,3,6,2,01,18,4,0,,0,1,0,0
"POINT (9.673999999000046 52.377241596000033)",Unfall 10242 (2017) Kat:3,10242,3,2,5,01,09,4,0,,0,1,0,0
"POINT (9.803976884000065 52.537302077000049)",Unfall 10243 (2017) Kat:3,10243,3,6,2,01,02,4,0,,0,1,0,0
"POINT (9.662043501000028 52.171264894000046)",Unfall 10284 (2017) Kat:3,10284,3,3,5,01,14,3,1,,0,1,0,0
"POINT (9.630238349000024 52.263381261000063)",Unfall 10285 (2017) Kat:3,10285,3,2,5,01,13,3,1,,0,1,0,0
"POINT (9.643800761000023 52.335498884000060)",Unfall 10286 (2017) Kat:3,10286,3,6,3,01,07,3,1,,0,1,0,1
"POINT (9.663382440000021 52.343418997000072)",Unfall 10287 (2017) Kat:3,10287,3,4,6,01,07,3,1,,0,1,1,0
"POINT (9.474394419000021 52.500547507000078)",Unfall 10289 (2017) Kat:3,10289,3,6,2,01,07,3,0,,0,1,0,0
"POINT (9.782154699000046 52.570299337000051)",Unfall 10292 (2017) Kat:3,10292,3,6,2,01,03,3,0,,0,0,0,0
"POINT (9.557231455000022 52.323089029000073)",Unfall 10293 (2017) Kat:2,10293,2,6,4,01,16,3,0,,0,1,0,0
"POINT (9.723485071000027 52.377929599000026)",Unfall 10294 (2017) Kat:3,10294,3,2,5,01,10,3,0,,1,0,0,0
"POINT (9.690727069000047 52.331711496000082)",Unfall 10324 (2017) Kat:3,10324,3,6,2,01,08,2,1,,0,1,0,0
"POINT (9.839557529000047 52.410164170000030)",Unfall 10325 (2017) Kat:3,10325,3,1,8,01,17,2,0,,0,1,0,0
"POINT (9.793979870000044 52.313096221000080)",Unfall 10326 (2017) Kat:3,10326,3,5,1,01,13,2,1,,0,1,0,0
"POINT (9.626360764000026 52.408221411000056)",Unfall 10327 (2017) Kat:3,10327,3,6,0,01,07,2,1,,1,1,0,0
"POINT (9.719450373000029 52.367443436000030)",Unfall 10340 (2017) Kat:3,10340,3,1,0,01,19,6,0,,1,0,0,0
"POINT (9.733380697000030 52.417809228000067)",Unfall 10341 (2017) Kat:3,10341,3,3,5,02,07,4,1,,1,1,0,0
"POINT (9.697133554000061 52.341653932000042)",Unfall 10369 (2017) Kat:3,10369,3,2,5,02,17,3,0,,0,1,0,0
"POINT (9.714983892000021 52.398346521000065)",Unfall 10370 (2017) Kat:3,10370,3,4,6,02,17,3,0,,0,0,1,1
"POINT (9.656108599000049 52.171176142000036)",Unfall 10405 (2017) Kat:3,10405,3,3,5,02,14,2,1,,0,1,0,0
"POINT (9.745648608000067 52.209311684000056)",Unfall 10406 (2017) Kat:3,10406,3,2,5,02,09,2,1,,0,1,0,0
"POINT (9.740535708000039 52.299343733000057)",Unfall 10407 (2017) Kat:3,10407,3,6,2,02,08,2,1,,0,1,0,0
"POINT (9.738023695000038 52.368175961000077)",Unfall 10417 (2017) Kat:3,10417,3,6,2,02,16,4,1,,0,1,0,0
"POINT (9.509149906000062 52.408871128000044)",Unfall 10434 (2017) Kat:3,10434,3,6,2,02,18,1,0,,0,1,0,0
"POINT (9.783654027000068 52.359891546000028)",Unfall 10435 (2017) Kat:2,10435,2,1,8,02,13,1,1,,0,1,0,0
"POINT (9.699094258000059 52.347780898000053)",Unfall 10436 (2017) Kat:3,10436,3,1,9,02,04,1,0,,0,1,0,0
"POINT (9.630623994000075 52.330660991000059)",Unfall 10469 (2017) Kat:3,10469,3,2,5,02,09,7,1,,0,1,0,0
"POINT (9.371450853000056 52.503555111000026)",Unfall 10470 (2017) Kat:3,10470,3,1,9,02,05,7,2,,0,1,0,0
"POINT (9.590488628000060 52.438849935000064)",Unfall 10471 (2017) Kat:3,10471,3,6,2,02,14,7,0,,0,1,0,0
"POINT (10.094619736000027 52.395319042000040)",Unfall 10472 (2017) Kat:3,10472,3,1,8,02,07,7,2,,0,1,0,0
"POINT (10.198231252000028 52.417173714000057)",Unfall 10473 (2017) Kat:3,10473,3,1,8,02,05,7,2,,0,1,0,0
"POINT (9.701363890000039 52.415343544000052)",Unfall 10474 (2017) Kat:3,10474,3,3,5,02,11,7,0,,0,1,0,0
"POINT (9.784145658000057 52.359218442000042)",Unfall 10475 (2017) Kat:3,10475,3,6,2,02,10,7,1,,0,1,0,0
"POINT (9.689963531000046 52.682866750000073)",Unfall 10499 (2017) Kat:3,10499,3,6,8,02,09,6,0,,0,0,0,0
"POINT (9.591706187000057 52.400663984000062)",Unfall 10511 (2017) Kat:3,10511,3,3,5,02,15,6,1,,1,1,0,0
"POINT (9.720246598000074 52.324131256000044)",Unfall 10512 (2017) Kat:3,10512,3,3,5,02,13,6,1,,1,1,0,0
"POINT (9.618486445000031 52.428543582000032)",Unfall 10513 (2017) Kat:3,10513,3,6,2,02,13,6,1,,0,1,0,0
"POINT (9.782919846000027 52.323816645000079)",Unfall 10515 (2017) Kat:3,10515,3,4,6,02,16,6,1,,0,0,1,0
"POINT (9.734084353000071 52.386039215000039)",Unfall 10517 (2017) Kat:3,10517,3,6,2,02,13,6,1,,0,1,0,0
"POINT (9.786639587000025 52.389692502000059)",Unfall 10519 (2017) Kat:3,10519,3,6,2,02,10,6,0,,0,1,0,0
"POINT (9.656112640000060 52.171021027000052)",Unfall 10561 (2017) Kat:3,10561,3,6,2,02,18,5,0,,0,1,0,0
"POINT (9.606570594000061 52.217390439000042)",Unfall 10562 (2017) Kat:3,10562,3,6,2,02,07,5,1,,0,1,0,0
"POINT (9.646776330000023 52.397389576000080)",Unfall 10563 (2017) Kat:3,10563,3,2,2,02,09,5,1,,0,1,0,0
"POINT (9.447321571000032 52.529647835000048)",Unfall 10564 (2017) Kat:3,10564,3,6,2,02,17,5,0,,0,1,0,0
"POINT (9.892493544000047 52.465362321000043)",Unfall 10565 (2017) Kat:3,10565,3,3,5,02,15,5,0,,0,1,0,0
"POINT (9.725105244000076 52.377014092000081)",Unfall 10566 (2017) Kat:3,10566,3,1,8,02,02,5,0,,0,1,0,0
"POINT (9.700170565000065 52.372264893000079)",Unfall 10606 (2017) Kat:3,10606,3,6,2,02,07,4,0,,0,1,0,0
"POINT (9.663548053000056 52.239708231000066)",Unfall 10607 (2017) Kat:3,10607,3,2,5,02,07,4,1,,1,1,0,0
"POINT (9.677273662000061 52.300809288000039)",Unfall 10608 (2017) Kat:3,10608,3,3,5,02,07,4,1,,0,1,0,0
"POINT (9.662108849000049 52.341487988000040)",Unfall 10610 (2017) Kat:3,10610,3,2,5,02,16,4,0,,0,1,0,0
"POINT (10.116863625000065 52.357576192000067)",Unfall 10611 (2017) Kat:3,10611,3,3,5,02,10,4,0,,1,1,0,0
"POINT (10.049909367000055 52.374052984000059)",Unfall 10612 (2017) Kat:3,10612,3,6,2,02,15,4,0,,0,1,0,0
"POINT (9.722523273000036 52.362510637000071)",Unfall 10613 (2017) Kat:2,10613,2,3,5,02,10,4,0,,1,1,0,0
"POINT (9.921746741000050 52.394874495000067)",Unfall 10614 (2017) Kat:3,10614,3,6,2,02,08,4,0,,0,0,0,0
"POINT (9.832717577000040 52.421885307000082)",Unfall 10615 (2017) Kat:3,10615,3,6,3,02,07,4,1,,0,1,0,0
"POINT (9.641375652000022 52.414283846000046)",Unfall 10655 (2017) Kat:3,10655,3,2,5,01,21,3,0,,0,1,0,0
"POINT (9.626379352000072 52.330026873000065)",Unfall 10656 (2017) Kat:3,10656,3,3,2,01,16,3,1,,0,1,0,0
"POINT (10.198410611000043 52.455953891000036)",Unfall 10657 (2017) Kat:3,10657,3,1,9,01,03,3,2,,0,1,0,0
"POINT (9.959544018000031 52.440621564000082)",Unfall 10658 (2017) Kat:2,10658,2,1,8,01,12,3,0,,0,1,0,0
"POINT (9.482667292000031 52.302678802000059)",Unfall 10696 (2017) Kat:3,10696,3,2,2,01,18,2,1,,0,1,0,0
"POINT (9.731779125000060 52.210096983000028)",Unfall 10697 (2017) Kat:3,10697,3,1,8,01,06,2,1,,0,1,0,0
"POINT (9.643991207000056 52.414349207000043)",Unfall 10700 (2017) Kat:1,10700,1,1,8,01,00,2,1,,0,1,0,0
"POINT (10.069892569000046 52.368365851000078)",Unfall 10709 (2017) Kat:3,10709,3,6,2,02,15,7,0,,0,1,0,0
"POINT (10.115906704000054 52.363708694000081)",Unfall 10710 (2017) Kat:3,10710,3,6,3,02,11,7,0,,0,1,0,0
"POINT (9.775217193000060 52.330262268000070)",Unfall 10738 (2017) Kat:3,10738,3,1,0,02,18,6,1,,0,0,0,1
"POINT (9.793340012000044 52.393673146000026)",Unfall 10739 (2017) Kat:3,10739,3,2,3,02,13,6,0,,0,1,0,0
"POINT (9.426053280000076 52.429470234000064)",Unfall 10740 (2017) Kat:3,10740,3,6,2,02,12,6,1,,0,1,0,0
"POINT (9.709393954000063 52.169010655000079)",Unfall 10741 (2017) Kat:2,10741,2,3,5,02,09,6,1,,0,1,0,0
"POINT (9.823953612000025 52.292098648000035)",Unfall 10742 (2017) Kat:3,10742,3,2,6,02,18,6,1,,0,1,1,0
"POINT (9.790043521000030 52.559187717000043)",Unfall 10743 (2017) Kat:3,10743,3,1,8,02,12,6,1,,0,1,0,0
"POINT (9.667346324000050 52.377070328000059)",Unfall 10744 (2017) Kat:2,10744,2,3,5,02,17,6,1,,1,0,0,0
"POINT (9.486828399000046 52.395935754000050)",Unfall 10745 (2017) Kat:3,10745,3,6,2,02,16,6,1,,0,1,0,0
"POINT (9.719198592000055 52.421494118000055)",Unfall 10746 (2017) Kat:3,10746,3,2,2,02,12,6,1,,0,1,0,0
"POINT (9.644290382000065 52.423203386000068)",Unfall 10747 (2017) Kat:3,10747,3,6,2,02,13,6,1,,0,1,0,0
"POINT (9.804973403000076 52.457016354000075)",Unfall 10801 (2017) Kat:2,10801,2,3,5,02,19,5,0,,0,1,0,1
"POINT (9.758156969000027 52.452821053000036)",Unfall 10802 (2017) Kat:2,10802,2,6,2,02,18,5,0,,0,1,0,0
"POINT (9.734063623000054 52.387412842000060)",Unfall 10803 (2017) Kat:3,10803,3,2,6,02,18,5,0,,0,1,1,0
"POINT (9.740598513000066 52.607306276000031)",Unfall 10804 (2017) Kat:3,10804,3,6,2,02,18,5,0,,0,1,0,0
"POINT (9.762967379000031 52.427109500000029)",Unfall 10805 (2017) Kat:3,10805,3,6,2,02,14,5,0,,0,1,0,0
"POINT (9.733585306000066 52.369164073000036)",Unfall 10845 (2017) Kat:3,10845,3,3,5,02,20,4,0,,1,1,0,0
"POINT (9.670889227000032 52.382646277000049)",Unfall 10846 (2017) Kat:2,10846,2,2,6,02,14,4,0,,0,1,1,0
"POINT (9.638311775000034 52.416255606000050)",Unfall 10896 (2017) Kat:3,10896,3,6,2,02,14,3,0,,0,1,0,0
"POINT (9.323299810000037 52.405955293000034)",Unfall 10897 (2017) Kat:3,10897,3,1,8,02,20,3,0,,0,1,0,0
"POINT (9.721081163000065 52.324336803000051)",Unfall 10898 (2017) Kat:3,10898,3,6,2,02,08,3,1,,0,1,0,0
"POINT (9.457186915000023 52.505528076000076)",Unfall 10899 (2017) Kat:3,10899,3,6,2,02,12,3,0,,0,1,0,0
"POINT (9.729417481000041 52.489682901000037)",Unfall 10900 (2017) Kat:3,10900,3,2,5,02,19,3,0,,0,1,0,0
"POINT (9.731596781000064 52.432044297000061)",Unfall 10901 (2017) Kat:3,10901,3,6,2,02,13,3,0,,0,1,0,0
"POINT (9.858756429000039 52.485442726000031)",Unfall 10902 (2017) Kat:3,10902,3,3,5,02,19,3,1,,0,1,0,0
"POINT (9.836036542000045 52.489909239000042)",Unfall 10903 (2017) Kat:3,10903,3,2,5,02,08,3,0,,0,1,0,0
"POINT (9.766357698000036 52.552189461000069)",Unfall 10904 (2017) Kat:2,10904,2,3,5,02,16,3,0,,1,1,0,0
"POINT (9.844537202000026 52.414554666000072)",Unfall 10905 (2017) Kat:2,10905,2,6,2,02,10,3,0,,0,0,0,0
"POINT (9.734684028000061 52.410760936000031)",Unfall 10944 (2017) Kat:3,10944,3,6,2,02,10,2,0,,0,1,0,0
"POINT (9.765983363000032 52.279307831000040)",Unfall 10945 (2017) Kat:3,10945,3,2,2,02,13,2,0,,0,1,0,0
"POINT (9.739092045000064 52.303024664000077)",Unfall 10946 (2017) Kat:3,10946,3,6,2,02,10,2,0,,0,1,0,0
"POINT (9.791846708000037 52.271987131000060)",Unfall 10947 (2017) Kat:2,10947,2,7,4,02,10,2,0,,0,1,0,0
"POINT (9.675984556000060 52.438252294000051)",Unfall 10948 (2017) Kat:3,10948,3,6,2,02,09,2,0,,0,1,0,0
"POINT (9.752650460000041 52.427353068000059)",Unfall 10949 (2017) Kat:3,10949,3,6,2,02,06,2,0,,0,1,0,0
"POINT (9.893338770000071 52.367805973000031)",Unfall 10950 (2017) Kat:3,10950,3,6,2,02,06,2,0,,0,1,0,0
"POINT (9.699674741000024 52.416457104000074)",Unfall 10993 (2017) Kat:3,10993,3,6,2,02,15,1,0,,0,1,0,0
"POINT (9.733287157000063 52.384312613000077)",Unfall 10994 (2017) Kat:3,10994,3,1,9,02,08,1,0,,0,1,0,0
"POINT (9.693554829000050 52.420238777000066)",Unfall 11010 (2017) Kat:3,11010,3,5,1,02,12,3,0,,1,0,0,0
"POINT (9.442303425000034 52.416787680000027)",Unfall 11011 (2017) Kat:3,11011,3,2,4,02,09,3,1,,0,1,0,0
"POINT (9.736442931000056 52.209768699000051)",Unfall 11013 (2017) Kat:3,11013,3,1,4,02,07,3,1,,0,1,0,0
"POINT (10.114352707000023 52.349021545000028)",Unfall 11017 (2017) Kat:3,11017,3,2,2,02,14,3,0,,0,1,0,0
"POINT (9.801969051000071 52.432762464000064)",Unfall 11018 (2017) Kat:3,11018,3,3,5,02,16,3,0,,1,1,0,0
"POINT (9.708264430000043 52.420841525000071)",Unfall 11023 (2017) Kat:3,11023,3,6,2,02,14,7,0,,0,1,0,0
"POINT (9.527962786000046 52.196561436000081)",Unfall 11024 (2017) Kat:3,11024,3,1,9,02,01,7,0,,0,1,0,0
"POINT (9.454827850000072 52.477839589000041)",Unfall 11025 (2017) Kat:3,11025,3,1,8,02,23,7,0,,0,1,0,0
"POINT (9.552632334000066 52.440782798000043)",Unfall 11026 (2017) Kat:3,11026,3,2,4,02,17,7,0,,1,1,0,0
"POINT (10.116139486000066 52.363577134000082)",Unfall 11027 (2017) Kat:3,11027,3,6,2,02,16,3,0,,0,0,0,0
"POINT (9.777766112000052 52.372695505000081)",Unfall 11028 (2017) Kat:2,11028,2,6,2,02,16,7,0,,0,1,0,0
"POINT (9.819020282000054 52.515479379000055)",Unfall 11029 (2017) Kat:2,11029,2,7,8,02,08,3,0,,0,0,0,0
"POINT (9.473290659000043 52.386052666000069)",Unfall 11030 (2017) Kat:3,11030,3,6,2,02,15,7,0,,0,1,0,0
"POINT (9.640081290000069 52.415384121000045)",Unfall 11081 (2017) Kat:3,11081,3,6,9,02,22,6,0,,0,1,0,0
"POINT (9.595740434000049 52.144325848000051)",Unfall 11085 (2017) Kat:3,11085,3,1,8,02,10,6,0,,0,1,0,0
"POINT (9.481063663000043 52.503166351000061)",Unfall 11086 (2017) Kat:3,11086,3,1,9,02,13,6,0,,0,1,0,0
"POINT (9.740280673000029 52.368261244000053)",Unfall 11094 (2017) Kat:3,11094,3,2,4,02,16,2,0,,1,1,0,0
"POINT (9.942706755000074 52.450131061000036)",Unfall 11095 (2017) Kat:3,11095,3,6,2,02,18,6,0,,0,1,0,0
"POINT (9.898034500000051 52.277972929000043)",Unfall 11096 (2017) Kat:3,11096,3,6,2,02,08,2,1,,0,1,0,0
"POINT (9.765491793000024 52.341581558000030)",Unfall 11098 (2017) Kat:3,11098,3,2,5,02,07,2,1,,1,1,0,0
"POINT (9.555066332000024 52.314681105000034)",Unfall 11100 (2017) Kat:3,11100,3,1,9,02,21,2,1,,0,1,0,0
"POINT (9.464211639000041 52.338946719000035)",Unfall 11101 (2017) Kat:2,11101,2,1,8,02,12,2,1,,0,1,0,0
"POINT (9.920592601000067 52.437600320000058)",Unfall 11102 (2017) Kat:3,11102,3,6,2,02,13,2,1,,0,1,0,0
"POINT (9.406367786000033 52.334566493000068)",Unfall 11103 (2017) Kat:3,11103,3,1,4,02,11,2,1,,0,1,0,0
"POINT (9.797107133000054 52.347211196000046)",Unfall 11104 (2017) Kat:3,11104,3,6,2,02,12,2,1,,0,1,0,0
"POINT (9.722529625000050 52.358339183000055)",Unfall 11105 (2017) Kat:3,11105,3,4,6,02,07,2,0,,0,0,1,0
"POINT (9.790865205000046 52.430240664000053)",Unfall 11106 (2017) Kat:3,11106,3,6,2,02,06,2,0,,0,0,0,0
"POINT (9.756311685000071 52.370161001000042)",Unfall 11149 (2017) Kat:3,11149,3,6,2,02,12,5,0,,0,1,0,0
"POINT (9.753378073000022 52.310857517000045)",Unfall 11151 (2017) Kat:3,11151,3,3,5,02,11,5,0,,0,1,0,0
"POINT (9.823823311000069 52.292193020000070)",Unfall 11153 (2017) Kat:3,11153,3,2,5,02,19,5,0,,0,1,0,0
"POINT (9.651090674000045 52.306154568000068)",Unfall 11155 (2017) Kat:2,11155,2,6,8,02,12,5,0,,0,1,0,0
"POINT (9.466076838000049 52.454158833000065)",Unfall 11168 (2017) Kat:3,11168,3,1,8,02,14,1,1,,0,1,0,0
"POINT (9.644207946000051 52.414314024000078)",Unfall 11169 (2017) Kat:2,11169,2,1,8,02,02,1,0,,0,1,0,0
"POINT (9.771781567000062 52.342958313000054)",Unfall 11173 (2017) Kat:3,11173,3,6,2,02,18,7,0,,0,1,0,0
"POINT (9.652017902000068 52.415458281000042)",Unfall 11175 (2017) Kat:2,11175,2,3,5,02,23,7,0,,0,0,0,0
"POINT (9.687517591000074 52.296400390000031)",Unfall 11196 (2017) Kat:3,11196,3,1,8,03,06,4,1,,0,1,0,0
"POINT (9.967538448000028 52.324456665000071)",Unfall 11197 (2017) Kat:3,11197,3,6,2,03,17,4,1,,0,1,0,0
"POINT (9.881468362000021 52.433704174000070)",Unfall 11198 (2017) Kat:3,11198,3,1,8,03,11,4,0,,0,1,0,0
"POINT (9.635056013000053 52.418122752000045)",Unfall 11199 (2017) Kat:3,11199,3,6,2,03,11,4,1,,0,1,0,0
"POINT (9.591013485000076 52.399444892000076)",Unfall 11200 (2017) Kat:3,11200,3,6,4,03,09,4,1,,0,1,0,0
"POINT (9.458536291000030 52.388251455000045)",Unfall 11235 (2017) Kat:3,11235,3,3,5,02,17,3,1,,0,1,0,0
"POINT (9.472367317000021 52.388437535000037)",Unfall 11236 (2017) Kat:3,11236,3,3,5,02,20,3,1,,0,1,0,1
"POINT (9.756408481000051 52.206915048000042)",Unfall 11237 (2017) Kat:3,11237,3,6,2,02,08,3,0,,0,1,0,0
"POINT (10.125075663000075 52.372104296000032)",Unfall 11238 (2017) Kat:3,11238,3,3,5,02,16,3,0,,0,1,0,0
"POINT (9.725129191000065 52.433039479000058)",Unfall 11239 (2017) Kat:3,11239,3,6,3,02,03,3,0,,0,1,0,0
"POINT (9.899748047000060 52.586604734000048)",Unfall 11240 (2017) Kat:3,11240,3,2,5,02,09,3,0,,0,1,0,0
"POINT (10.059722975000057 52.395337982000058)",Unfall 11241 (2017) Kat:2,11241,2,4,6,02,17,3,0,,0,1,1,0
"POINT (9.770711893000055 52.342804795000063)",Unfall 11284 (2017) Kat:3,11284,3,6,3,02,18,2,0,,0,1,0,0
"POINT (9.632263662000071 52.330813482000053)",Unfall 11285 (2017) Kat:3,11285,3,6,4,02,11,2,0,,1,0,0,0
"POINT (9.639638972000057 52.332804847000034)",Unfall 11286 (2017) Kat:3,11286,3,6,2,02,13,2,0,,0,1,0,0
"POINT (10.246389621000048 52.477504968000062)",Unfall 11287 (2017) Kat:3,11287,3,1,8,02,14,2,0,,0,1,0,0
"POINT (10.011263805000056 52.481828875000076)",Unfall 11288 (2017) Kat:3,11288,3,7,8,02,18,2,0,,0,1,0,0
"POINT (9.603929130000040 52.458630136000068)",Unfall 11309 (2017) Kat:2,11309,2,5,1,02,20,1,0,,0,1,0,0
"POINT (9.770177052000065 52.336134872000059)",Unfall 11350 (2017) Kat:3,11350,3,7,6,02,14,7,1,,0,1,1,0
"POINT (9.428626370000075 52.564773643000080)",Unfall 11351 (2017) Kat:2,11351,2,1,8,02,07,7,2,,0,1,0,0
"POINT (9.515667502000042 52.472778294000079)",Unfall 11353 (2017) Kat:3,11353,3,7,8,02,21,7,1,,0,1,0,0
"POINT (9.931134059000044 52.339356597000062)",Unfall 11355 (2017) Kat:3,11355,3,2,6,02,19,7,0,,0,1,1,0
"POINT (9.970932360000063 52.372967301000074)",Unfall 11357 (2017) Kat:2,11357,2,2,6,02,18,7,1,,0,1,1,0
"POINT (10.248467433000030 52.430907069000057)",Unfall 11358 (2017) Kat:2,11358,2,1,9,02,20,7,1,,0,1,0,0
"POINT (9.908323465000024 52.513748079000038)",Unfall 11359 (2017) Kat:3,11359,3,2,5,02,12,7,0,,0,1,0,0
"POINT (10.150179438000066 52.463844892000054)",Unfall 11361 (2017) Kat:2,11361,2,1,9,02,04,7,2,,0,0,0,0
"POINT (9.640974903000029 52.173391967000043)",Unfall 11382 (2017) Kat:2,11382,2,3,5,03,14,1,0,,1,1,0,0
"POINT (9.523009459000036 52.328683417000036)",Unfall 11383 (2017) Kat:2,11383,2,1,8,03,09,1,1,,0,0,0,0
"POINT (9.406553501000076 52.411571117000051)",Unfall 11420 (2017) Kat:3,11420,3,1,8,02,08,6,1,,0,1,0,0
"POINT (9.675656303000039 52.438294236000047)",Unfall 11421 (2017) Kat:3,11421,3,3,5,02,06,6,1,,0,1,0,1
"POINT (9.734035533000053 52.387145257000043)",Unfall 11422 (2017) Kat:3,11422,3,3,5,02,23,6,0,,1,0,0,0
"POINT (9.809930541000028 52.333944930000030)",Unfall 11423 (2017) Kat:3,11423,3,6,2,02,18,6,1,,0,1,0,0
"POINT (9.706579443000067 52.419240264000052)",Unfall 11424 (2017) Kat:3,11424,3,6,2,02,14,6,0,,0,1,0,0
"POINT (9.723025236000069 52.358047566000039)",Unfall 11425 (2017) Kat:3,11425,3,6,2,03,11,7,0,,0,1,0,0
"POINT (9.768063254000026 52.581698331000041)",Unfall 11427 (2017) Kat:3,11427,3,6,2,02,11,6,0,,0,1,0,0
"POINT (9.480293424000024 52.377364686000078)",Unfall 11428 (2017) Kat:3,11428,3,2,4,03,12,7,0,,0,1,0,0
"POINT (9.401757725000039 52.333130197000060)",Unfall 11429 (2017) Kat:3,11429,3,7,5,03,14,7,0,,0,1,0,1
"POINT (9.978542145000063 52.415999556000031)",Unfall 11430 (2017) Kat:3,11430,3,3,5,03,13,7,0,,0,1,0,0
"POINT (9.967737502000034 52.471204867000040)",Unfall 11431 (2017) Kat:3,11431,3,3,5,03,17,7,0,,0,1,0,1
"POINT (9.733898481000040 52.413618207000070)",Unfall 11437 (2017) Kat:3,11437,3,3,5,02,05,6,1,,1,1,0,0
"POINT (9.467113227000027 52.333201021000036)",Unfall 11540 (2017) Kat:3,11540,3,1,8,02,14,5,1,,0,1,0,0
"POINT (9.599888445000033 52.435142116000065)",Unfall 11542 (2017) Kat:3,11542,3,3,5,02,20,5,1,,0,1,0,0
"POINT (9.728689230000043 52.540221059000032)",Unfall 11543 (2017) Kat:3,11543,3,7,7,02,19,5,1,,1,0,0,0
"POINT (9.664423362000036 52.475406992000046)",Unfall 11544 (2017) Kat:3,11544,3,1,8,02,18,5,1,,0,1,0,0
"POINT (9.830738560000043 52.298756467000032)",Unfall 11547 (2017) Kat:3,11547,3,1,9,02,23,5,1,,0,1,0,0
"POINT (10.114257135000059 52.347278468000070)",Unfall 11548 (2017) Kat:3,11548,3,7,4,02,16,5,1,,0,1,1,0
"POINT (9.728155523000055 52.578361070000028)",Unfall 11549 (2017) Kat:2,11549,2,3,5,02,09,5,1,,0,1,0,0
"POINT (9.638179912000055 52.416336352000030)",Unfall 11550 (2017) Kat:3,11550,3,6,2,02,06,5,1,,0,1,0,0
"POINT (9.444447435000029 52.368096033000029)",Unfall 11551 (2017) Kat:3,11551,3,6,2,02,08,5,1,,0,1,0,0
"POINT (9.733295188000056 52.482164625000053)",Unfall 11555 (2017) Kat:3,11555,3,3,5,03,10,6,0,,0,1,0,0
"POINT (9.734396505000063 52.474994362000075)",Unfall 11557 (2017) Kat:3,11557,3,2,2,03,15,6,0,,0,1,0,0
"POINT (9.858262137000054 52.387389251000059)",Unfall 11559 (2017) Kat:3,11559,3,3,5,03,13,6,0,,1,1,0,0
"POINT (9.827064826000026 52.342897666000056)",Unfall 11560 (2017) Kat:2,11560,2,3,5,03,08,6,0,,1,1,0,0
"POINT (9.632320748000041 52.411291540000036)",Unfall 11561 (2017) Kat:3,11561,3,3,5,03,07,6,1,,0,1,0,0
"POINT (9.764420240000050 52.584487680000052)",Unfall 11562 (2017) Kat:3,11562,3,6,2,03,10,6,0,,0,1,0,0
"POINT (9.874227156000075 52.424807009000062)",Unfall 11563 (2017) Kat:3,11563,3,1,3,03,07,6,1,,0,1,0,0
"POINT (9.696791663000056 52.380034331000047)",Unfall 11639 (2017) Kat:3,11639,3,6,2,03,10,5,1,,0,1,0,0
"POINT (9.696431151000070 52.379959374000066)",Unfall 11640 (2017) Kat:3,11640,3,6,2,03,20,5,1,,0,1,0,0
"POINT (9.712366898000028 52.403924367000059)",Unfall 11646 (2017) Kat:3,11646,3,7,0,03,19,5,1,,1,0,0,0
"POINT (9.664191555000059 52.384365363000029)",Unfall 11647 (2017) Kat:3,11647,3,4,6,02,16,4,1,,0,1,1,0
"POINT (9.750006013000075 52.360782485000072)",Unfall 11648 (2017) Kat:3,11648,3,6,3,02,22,4,1,,0,1,0,0
"POINT (9.439659477000021 52.417975373000047)",Unfall 11649 (2017) Kat:3,11649,3,3,5,03,10,5,1,,1,1,0,0
"POINT (9.762921942000048 52.344655373000080)",Unfall 11650 (2017) Kat:3,11650,3,4,6,02,15,4,1,,0,1,1,0
"POINT (9.793599497000059 52.274962562000042)",Unfall 11651 (2017) Kat:3,11651,3,7,1,03,07,5,1,,0,1,0,0
"POINT (9.716926978000060 52.287225949000060)",Unfall 11652 (2017) Kat:3,11652,3,7,2,02,17,4,1,,0,1,0,0
"POINT (9.646489581000026 52.399279694000029)",Unfall 11653 (2017) Kat:3,11653,3,2,2,03,14,5,1,,0,1,0,0
"POINT (9.605998265000039 52.314418239000076)",Unfall 11654 (2017) Kat:2,11654,2,1,0,02,13,4,1,,0,0,0,1
"POINT (10.048310618000073 52.464304616000049)",Unfall 11655 (2017) Kat:3,11655,3,6,4,03,15,5,1,,0,1,0,0
"POINT (9.779611434000060 52.195387548000042)",Unfall 11656 (2017) Kat:2,11656,2,4,6,03,16,5,1,,0,1,1,0
"POINT (9.752056246000052 52.528213198000060)",Unfall 11657 (2017) Kat:2,11657,2,2,5,03,15,5,1,,1,1,0,0
"POINT (9.416584392000061 52.331891287000076)",Unfall 11658 (2017) Kat:2,11658,2,1,9,03,22,5,1,,0,1,0,0
"POINT (9.781724913000062 52.424856977000047)",Unfall 11659 (2017) Kat:3,11659,3,2,5,03,05,5,1,,0,1,0,0
"POINT (9.978902165000022 52.375034310000046)",Unfall 11660 (2017) Kat:3,11660,3,1,8,02,16,4,1,,0,1,0,0
"POINT (9.466269262000026 52.454266992000044)",Unfall 11662 (2017) Kat:3,11662,3,1,8,02,15,4,1,,0,1,0,0
"POINT (9.720548255000040 52.338513097000032)",Unfall 11735 (2017) Kat:3,11735,3,6,2,03,14,2,0,,0,1,0,0
"POINT (9.697142414000041 52.374974899000051)",Unfall 11736 (2017) Kat:3,11736,3,3,5,03,13,2,0,,1,1,0,0
"POINT (9.708343299000035 52.422491954000066)",Unfall 11737 (2017) Kat:3,11737,3,6,2,03,13,2,0,,0,1,0,0
"POINT (9.733541453000044 52.384372341000073)",Unfall 11738 (2017) Kat:3,11738,3,6,2,03,16,2,0,,0,1,0,0
"POINT (9.794162594000056 52.350654259000066)",Unfall 11739 (2017) Kat:3,11739,3,6,2,03,08,2,0,,0,1,0,0
"POINT (9.726335511000059 52.516034989000048)",Unfall 11740 (2017) Kat:2,11740,2,7,8,03,13,2,0,,0,1,0,0
"POINT (9.732923923000044 52.423603456000080)",Unfall 11741 (2017) Kat:3,11741,3,3,5,03,13,2,0,,1,1,0,0
"POINT (9.664816578000057 52.384320276000039)",Unfall 11742 (2017) Kat:2,11742,2,7,6,03,10,2,0,,0,0,1,0
"POINT (9.815115943000023 52.402357766000080)",Unfall 11743 (2017) Kat:3,11743,3,6,3,03,10,2,0,,0,1,0,0
"POINT (9.452762179000047 52.426169959000049)",Unfall 11777 (2017) Kat:3,11777,3,6,0,03,15,1,1,,0,0,0,1
"POINT (9.442348141000025 52.416780490000065)",Unfall 11778 (2017) Kat:3,11778,3,3,5,03,19,1,0,,0,1,0,0
"POINT (9.731629457000054 52.369514632000062)",Unfall 11779 (2017) Kat:3,11779,3,6,2,03,17,1,0,,0,1,0,0
"POINT (9.970977189000053 52.339445862000048)",Unfall 11781 (2017) Kat:3,11781,3,1,9,03,12,1,0,,0,1,0,0
"POINT (9.700788396000064 52.371285825000029)",Unfall 11833 (2017) Kat:3,11833,3,3,0,03,16,7,0,,0,1,0,0
"POINT (9.792468880000058 52.314509895000072)",Unfall 11834 (2017) Kat:1,11834,1,3,5,03,15,7,0,,0,1,0,1
"POINT (9.798576488000037 52.431162185000062)",Unfall 11840 (2017) Kat:3,11840,3,7,9,03,00,7,0,,0,1,0,0
"POINT (9.697291947000053 52.341552372000081)",Unfall 11841 (2017) Kat:3,11841,3,2,2,03,07,2,1,,0,1,0,0
"POINT (9.827213297000071 52.345680581000067)",Unfall 11848 (2017) Kat:3,11848,3,6,4,03,06,2,1,,0,1,0,0
"POINT (9.333720546000052 52.534273356000028)",Unfall 11850 (2017) Kat:3,11850,3,6,2,03,06,2,1,,0,1,0,0
"POINT (10.120237889000066 52.466352892000032)",Unfall 11852 (2017) Kat:3,11852,3,7,8,03,06,2,1,,0,1,0,0
"POINT (9.690577829000063 52.377006441000049)",Unfall 11853 (2017) Kat:3,11853,3,2,5,03,12,2,1,,0,1,0,0
"POINT (9.734781680000026 52.407310468000048)",Unfall 11854 (2017) Kat:3,11854,3,3,5,03,13,2,1,,0,1,0,0
"POINT (9.617831610000053 52.428934457000082)",Unfall 11908 (2017) Kat:3,11908,3,6,2,03,21,1,1,,0,1,0,0
"POINT (9.585706518000052 52.435509169000056)",Unfall 11909 (2017) Kat:3,11909,3,2,2,03,09,1,1,,0,1,0,0
"POINT (9.685814619000041 52.374888847000079)",Unfall 11910 (2017) Kat:3,11910,3,6,8,03,20,1,1,,0,1,0,0
"POINT (9.877993210000057 52.436032369000031)",Unfall 11911 (2017) Kat:3,11911,3,1,9,03,14,1,1,,0,1,0,0
"POINT (9.789706194000075 52.354636890000052)",Unfall 11912 (2017) Kat:3,11912,3,1,9,03,10,1,1,,0,1,0,0
"POINT (9.624756096000056 52.277817659000050)",Unfall 11931 (2017) Kat:3,11931,3,6,2,03,12,6,0,,0,1,0,0
"POINT (9.419506581000064 52.449580652000066)",Unfall 11935 (2017) Kat:3,11935,3,7,4,03,17,6,0,,0,1,0,0
"POINT (9.426859993000051 52.429398467000055)",Unfall 11940 (2017) Kat:3,11940,3,6,2,03,13,7,0,,0,1,0,0
"POINT (10.115830229000039 52.356477385000062)",Unfall 11941 (2017) Kat:3,11941,3,3,5,03,14,7,0,,1,1,0,0
"POINT (10.019667587000072 52.436311923000062)",Unfall 11942 (2017) Kat:3,11942,3,2,5,03,13,7,0,,0,1,0,0
"POINT (9.724527135000074 52.487141892000068)",Unfall 11963 (2017) Kat:3,11963,3,6,3,03,19,7,0,,0,1,0,0
"POINT (9.830588975000069 52.417620226000054)",Unfall 11964 (2017) Kat:3,11964,3,3,5,03,16,7,0,,1,1,0,0
"POINT (9.720670719000054 52.337769728000069)",Unfall 12012 (2017) Kat:3,12012,3,1,9,03,23,5,1,,0,1,0,0
"POINT (9.763626888000033 52.343962694000027)",Unfall 12013 (2017) Kat:3,12013,3,3,5,03,20,5,0,,1,1,0,0
"POINT (9.388184595000041 52.538996143000077)",Unfall 12014 (2017) Kat:3,12014,3,2,5,03,20,5,1,,0,1,0,0
"POINT (9.690496917000075 52.442338514000028)",Unfall 12015 (2017) Kat:3,12015,3,2,5,03,05,5,0,,0,1,0,0
"POINT (9.718990264000070 52.393080655000063)",Unfall 12017 (2017) Kat:3,12017,3,1,0,03,13,5,1,,1,0,0,0
"POINT (9.715936352000028 52.359038029000033)",Unfall 12029 (2017) Kat:3,12029,3,4,6,03,10,6,1,,0,1,1,0
"POINT (9.454035505000036 52.426261068000031)",Unfall 12030 (2017) Kat:3,12030,3,2,5,03,13,6,0,,1,1,0,0
"POINT (9.745644701000060 52.209330682000029)",Unfall 12031 (2017) Kat:3,12031,3,2,5,03,13,6,0,,0,1,0,0
"POINT (9.818700643000057 52.516141983000068)",Unfall 12043 (2017) Kat:2,12043,2,7,8,03,15,6,0,,0,1,0,0
"POINT (9.733707717000073 52.385326949000046)",Unfall 12044 (2017) Kat:3,12044,3,6,2,03,16,6,0,,0,1,0,0
"POINT (9.735430338000072 52.393865519000030)",Unfall 12046 (2017) Kat:3,12046,3,6,2,03,19,6,0,,0,1,0,0
"POINT (9.608541181000021 52.343421480000075)",Unfall 12097 (2017) Kat:3,12097,3,2,5,03,15,4,1,,0,1,0,0
"POINT (9.599676068000065 52.435211739000067)",Unfall 12099 (2017) Kat:3,12099,3,3,5,03,14,4,1,,0,1,0,0
"POINT (10.017866498000046 52.437694644000032)",Unfall 12109 (2017) Kat:3,12109,3,4,6,03,15,4,1,,0,1,1,0
"POINT (9.573587270000076 52.431181018000075)",Unfall 12110 (2017) Kat:2,12110,2,1,9,03,21,4,1,,0,1,0,0
"POINT (9.832300816000043 52.386086841000065)",Unfall 12118 (2017) Kat:3,12118,3,7,6,03,16,5,0,,0,1,1,0
"POINT (9.728051993000065 52.336203272000034)",Unfall 12120 (2017) Kat:3,12120,3,6,2,03,15,5,0,,0,1,0,1
"POINT (9.736304345000065 52.306838493000043)",Unfall 12122 (2017) Kat:3,12122,3,3,5,03,11,5,0,,1,1,0,0
"POINT (9.663094414000057 52.315632347000076)",Unfall 12127 (2017) Kat:3,12127,3,6,2,03,12,5,0,,0,1,0,0
"POINT (9.462383863000071 52.513043430000039)",Unfall 12128 (2017) Kat:3,12128,3,6,2,03,08,5,0,,0,1,0,0
"POINT (9.539861933000054 52.459994597000048)",Unfall 12129 (2017) Kat:3,12129,3,1,8,03,00,5,0,,0,1,0,0
"POINT (9.851480071000026 52.472767964000070)",Unfall 12130 (2017) Kat:3,12130,3,6,4,03,15,5,0,,0,1,0,0
"POINT (9.731556679000050 52.429417501000046)",Unfall 12131 (2017) Kat:2,12131,2,1,9,03,16,5,0,,0,0,0,1
"POINT (9.404634093000027 52.331621408000046)",Unfall 12132 (2017) Kat:3,12132,3,6,2,03,15,5,0,,0,1,0,0
"POINT (10.012413752000043 52.384250393000059)",Unfall 12133 (2017) Kat:3,12133,3,6,2,03,16,5,0,,0,1,0,0
"POINT (9.778113911000048 52.371443951000060)",Unfall 12158 (2017) Kat:3,12158,3,2,5,03,17,3,0,,0,1,0,0
"POINT (9.688502083000060 52.244300524000039)",Unfall 12160 (2017) Kat:3,12160,3,1,9,03,08,3,1,,0,1,0,0
"POINT (9.630485217000057 52.330645493000077)",Unfall 12161 (2017) Kat:3,12161,3,6,2,03,16,3,0,,0,1,0,0
"POINT (9.735842386000059 52.399371977000044)",Unfall 12162 (2017) Kat:2,12162,2,2,5,03,11,3,0,,1,0,0,0
"POINT (9.623890824000057 52.425416570000039)",Unfall 12211 (2017) Kat:3,12211,3,6,2,03,19,4,0,,0,1,0,0
"POINT (9.713419309000074 52.361932520000039)",Unfall 12212 (2017) Kat:3,12212,3,6,2,03,13,4,0,,0,1,0,0
"POINT (9.749452305000034 52.369240530000070)",Unfall 12213 (2017) Kat:3,12213,3,6,2,03,12,4,0,,0,1,0,0
"POINT (9.515555774000063 52.411574294000047)",Unfall 12214 (2017) Kat:3,12214,3,3,5,03,15,4,0,,0,1,0,0
"POINT (9.636604666000039 52.331779510000047)",Unfall 12215 (2017) Kat:3,12215,3,6,2,03,14,4,0,,0,1,0,0
"POINT (9.735648977000039 52.467393968000067)",Unfall 12224 (2017) Kat:3,12224,3,2,2,03,16,4,0,,0,1,0,0
"POINT (9.783336142000053 52.525125014000082)",Unfall 12226 (2017) Kat:2,12226,2,6,2,03,11,4,0,,0,1,0,0
"POINT (9.714961585000026 52.361878248000039)",Unfall 12227 (2017) Kat:3,12227,3,6,2,03,13,2,0,,0,1,0,0
"POINT (9.705104957000060 52.430243305000033)",Unfall 12228 (2017) Kat:2,12228,2,7,0,03,01,4,0,,0,0,0,0
"POINT (9.810745135000047 52.382633807000047)",Unfall 12231 (2017) Kat:3,12231,3,2,2,03,20,2,1,,0,1,0,0
"POINT (9.775991706000070 52.371114347000059)",Unfall 12232 (2017) Kat:3,12232,3,6,2,03,18,2,1,,0,1,0,0
"POINT (9.856655834000037 52.388506662000054)",Unfall 12241 (2017) Kat:3,12241,3,2,2,03,10,2,1,,0,1,0,0
"POINT (9.799412237000070 52.409542989000045)",Unfall 12243 (2017) Kat:3,12243,3,3,5,03,11,2,0,,1,1,0,0
"POINT (9.419143375000033 52.429268443000069)",Unfall 12245 (2017) Kat:3,12245,3,3,5,03,15,2,0,,0,1,0,0
"POINT (9.647801666000021 52.396862401000078)",Unfall 12254 (2017) Kat:3,12254,3,2,2,03,18,2,1,,0,1,0,0
"POINT (9.609767614000077 52.431944133000059)",Unfall 12256 (2017) Kat:3,12256,3,2,2,03,07,2,1,,0,1,0,0
"POINT (9.722781637000026 52.337510306000070)",Unfall 12259 (2017) Kat:3,12259,3,7,2,03,13,2,0,,0,1,0,0
"POINT (9.759664886000053 52.335137022000026)",Unfall 12260 (2017) Kat:2,12260,2,3,5,03,11,2,0,,0,1,0,0
"POINT (9.806706908000024 52.336458918000062)",Unfall 12261 (2017) Kat:3,12261,3,6,2,03,07,2,1,,0,1,0,0
"POINT (9.771411144000069 52.334977861000027)",Unfall 12298 (2017) Kat:3,12298,3,2,5,03,19,3,0,,1,1,0,0
"POINT (9.430884209000055 52.571069484000077)",Unfall 12303 (2017) Kat:3,12303,3,4,6,03,08,3,0,,0,1,1,0
"POINT (9.797404023000070 52.476146745000051)",Unfall 12306 (2017) Kat:3,12306,3,4,6,03,07,3,0,,0,1,1,0
"POINT (10.094900871000050 52.485459225000056)",Unfall 12308 (2017) Kat:3,12308,3,2,3,03,14,3,0,,0,1,0,1
"POINT (9.702542156000050 52.430441662000078)",Unfall 12309 (2017) Kat:3,12309,3,7,8,03,16,3,0,,0,0,0,0
"POINT (9.743289999000069 52.368193609000059)",Unfall 12322 (2017) Kat:3,12322,3,2,5,03,17,1,0,,0,1,0,0
"POINT (9.787011459000041 52.372163662000048)",Unfall 12328 (2017) Kat:3,12328,3,2,3,03,16,3,0,,1,1,0,0
"POINT (9.660585532000027 52.171303542000032)",Unfall 12329 (2017) Kat:3,12329,3,6,2,03,07,3,0,,0,1,0,0
"POINT (9.607125944000075 52.307862044000046)",Unfall 12330 (2017) Kat:3,12330,3,2,6,03,09,3,0,,0,1,1,0
"POINT (9.669163657000070 52.346140008000077)",Unfall 12331 (2017) Kat:3,12331,3,6,2,03,18,3,0,,0,1,0,0
"POINT (9.584818028000029 52.584657222000033)",Unfall 12332 (2017) Kat:3,12332,3,3,5,03,16,3,0,,0,1,0,0
"POINT (9.473409548000063 52.505319482000061)",Unfall 12333 (2017) Kat:3,12333,3,6,4,03,07,3,0,,0,1,0,0
"POINT (9.431535995000047 52.319094955000082)",Unfall 12334 (2017) Kat:3,12334,3,3,5,03,19,3,0,,0,1,0,0
"POINT (9.409265751000021 52.334080552000046)",Unfall 12335 (2017) Kat:3,12335,3,6,2,03,15,3,0,,0,1,0,0
"POINT (9.585673430000043 52.440715042000079)",Unfall 12336 (2017) Kat:3,12336,3,6,3,03,14,3,0,,0,1,0,0
"POINT (9.857452422000051 52.497885970000027)",Unfall 12337 (2017) Kat:3,12337,3,3,5,03,08,3,0,,0,1,0,0
"POINT (10.024160698000060 52.432962362000069)",Unfall 12338 (2017) Kat:2,12338,2,2,4,03,17,3,0,,0,0,0,1
"POINT (9.719195455000033 52.348166290000052)",Unfall 12339 (2017) Kat:3,12339,3,6,2,03,16,3,0,,0,1,0,0
"POINT (9.670741967000026 52.441325853000080)",Unfall 12341 (2017) Kat:3,12341,3,2,5,03,13,3,0,,0,1,0,0
"POINT (9.504953784000065 52.406452213000080)",Unfall 12342 (2017) Kat:3,12342,3,6,2,03,10,3,0,,0,1,0,0
"POINT (9.944574244000023 52.333794475000047)",Unfall 12347 (2017) Kat:3,12347,3,3,5,04,20,2,0,,1,1,0,0
"POINT (9.907640633000028 52.357111956000040)",Unfall 12357 (2017) Kat:3,12357,3,6,2,04,09,2,1,,0,1,0,0
"POINT (9.859503632000042 52.459652620000043)",Unfall 12359 (2017) Kat:3,12359,3,6,2,04,22,2,0,,0,1,0,0
"POINT (9.730984807000027 52.382498864000070)",Unfall 12361 (2017) Kat:3,12361,3,6,2,04,08,2,0,,0,1,0,0
"POINT (9.449261974000024 52.504767513000047)",Unfall 12413 (2017) Kat:2,12413,2,4,6,03,19,2,0,,0,1,1,0
"POINT (9.693097028000068 52.381754182000066)",Unfall 12430 (2017) Kat:3,12430,3,6,2,03,09,2,0,,0,1,0,0
"POINT (9.684291154000050 52.347503331000041)",Unfall 12432 (2017) Kat:3,12432,3,6,2,03,07,2,0,,0,1,0,0
"POINT (9.811866952000059 52.409468948000040)",Unfall 12433 (2017) Kat:3,12433,3,2,5,03,17,2,0,,1,1,0,0
"POINT (9.796315177000054 52.275105823000047)",Unfall 12435 (2017) Kat:3,12435,3,2,2,03,16,2,0,,0,1,0,0
"POINT (9.637017182000022 52.331912494000051)",Unfall 12436 (2017) Kat:3,12436,3,6,2,03,16,2,0,,0,1,0,0
"POINT (9.457232412000053 52.503380016000051)",Unfall 12439 (2017) Kat:3,12439,3,3,5,04,12,1,0,,0,0,0,0
"POINT (9.891597353000066 52.364768531000038)",Unfall 12440 (2017) Kat:3,12440,3,1,3,04,04,1,1,,0,1,0,0
"POINT (9.629432417000032 52.549364146000073)",Unfall 12446 (2017) Kat:3,12446,3,3,5,03,10,2,0,,0,1,0,0
"POINT (9.846572561000073 52.430795830000079)",Unfall 12448 (2017) Kat:3,12448,3,2,5,03,14,2,0,,0,1,0,0
"POINT (10.097108546000072 52.482854322000037)",Unfall 12449 (2017) Kat:3,12449,3,2,4,03,09,2,0,,1,1,0,0
"POINT (9.847104462000061 52.434129539000082)",Unfall 12450 (2017) Kat:2,12450,2,4,6,03,16,2,0,,0,0,1,0
"POINT (9.808404930000052 52.408785863000048)",Unfall 12452 (2017) Kat:2,12452,2,4,6,03,16,2,0,,0,0,1,0
"POINT (9.698842720000073 52.347750226000073)",Unfall 12509 (2017) Kat:3,12509,3,2,5,04,20,7,1,,0,1,0,0
"POINT (9.696813325000051 52.380038001000059)",Unfall 12510 (2017) Kat:3,12510,3,6,2,04,19,7,0,,0,1,0,0
"POINT (9.441270135000025 52.311497050000071)",Unfall 12511 (2017) Kat:3,12511,3,2,2,04,15,7,0,,0,1,0,0
"POINT (9.734297532000028 52.387344932000076)",Unfall 12512 (2017) Kat:3,12512,3,4,6,04,18,7,0,,0,1,1,0
"POINT (9.816797722000047 52.284711702000038)",Unfall 12513 (2017) Kat:3,12513,3,1,8,04,15,7,0,,0,0,0,1
"POINT (9.891925260000051 52.429437794000080)",Unfall 12515 (2017) Kat:3,12515,3,6,3,04,16,7,0,,0,1,0,0
"POINT (9.787879887000031 52.454738389000056)",Unfall 12517 (2017) Kat:2,12517,2,2,0,04,13,7,0,,1,0,0,1
"POINT (9.827059314000053 52.354031151000072)",Unfall 12525 (2017) Kat:3,12525,3,6,2,03,13,1,0,,0,1,0,1
"POINT (9.750418265000064 52.595852519000061)",Unfall 12526 (2017) Kat:3,12526,3,6,2,04,12,7,0,,0,1,0,0
"POINT (9.971020834000058 52.389638742000045)",Unfall 12527 (2017) Kat:3,12527,3,6,2,04,10,7,0,,0,1,0,0
"POINT (9.968002601000023 52.389894962000028)",Unfall 12528 (2017) Kat:3,12528,3,6,0,04,09,7,0,,0,1,0,0
"POINT (9.890295539000022 52.363029824000080)",Unfall 12529 (2017) Kat:3,12529,3,6,3,04,08,7,0,,0,1,0,0
"POINT (9.825299754000071 52.504765561000056)",Unfall 12530 (2017) Kat:3,12530,3,7,8,04,01,7,0,,0,1,0,0
"POINT (9.678254417000062 52.435692069000027)",Unfall 12537 (2017) Kat:3,12537,3,2,2,03,20,1,0,,0,1,0,0
"POINT (9.424307859000066 52.350188587000048)",Unfall 12539 (2017) Kat:3,12539,3,6,2,03,13,1,0,,0,1,0,0
"POINT (9.627758612000037 52.394402328000069)",Unfall 12541 (2017) Kat:2,12541,2,3,5,03,13,1,0,,0,1,0,1
"POINT (9.945299275000025 52.333439639000062)",Unfall 12603 (2017) Kat:3,12603,3,4,6,03,16,7,0,,1,0,1,0
"POINT (10.056000144000052 52.392761067000038)",Unfall 12604 (2017) Kat:3,12604,3,7,9,03,12,7,0,,0,1,0,0
"POINT (9.971271256000023 52.369077197000081)",Unfall 12605 (2017) Kat:3,12605,3,5,4,03,09,7,0,,0,1,0,0
"POINT (9.697642125000073 52.377233340000032)",Unfall 12606 (2017) Kat:3,12606,3,6,2,03,23,7,0,,0,1,0,0
"POINT (9.878577891000077 52.399806473000069)",Unfall 12607 (2017) Kat:3,12607,3,1,9,03,05,7,0,,0,1,0,0
"POINT (9.537865716000056 52.340098319000049)",Unfall 12643 (2017) Kat:3,12643,3,7,9,03,13,6,0,,0,1,0,0
"POINT (9.915125520000061 52.512527620000071)",Unfall 12644 (2017) Kat:3,12644,3,2,4,03,15,6,0,,0,1,0,1
"POINT (9.796814552000058 52.347553801000061)",Unfall 12645 (2017) Kat:3,12645,3,6,2,03,15,6,0,,0,1,0,0
"POINT (9.699462936000032 52.347362229000055)",Unfall 12713 (2017) Kat:3,12713,3,3,5,03,15,6,0,,0,1,0,1
"POINT (9.708406376000028 52.365969120000045)",Unfall 12714 (2017) Kat:3,12714,3,7,5,03,23,6,0,,0,1,0,0
"POINT (9.820421411000041 52.293604456000082)",Unfall 12715 (2017) Kat:3,12715,3,2,5,03,08,6,0,,0,1,0,0
"POINT (9.777094414000032 52.269467625000061)",Unfall 12716 (2017) Kat:3,12716,3,6,2,03,13,6,0,,0,1,0,0
"POINT (9.619979202000025 52.354978343000028)",Unfall 12717 (2017) Kat:3,12717,3,2,2,03,08,6,0,,0,1,0,0
"POINT (9.525353431000042 52.461058812000033)",Unfall 12718 (2017) Kat:3,12718,3,2,5,03,16,6,0,,0,1,0,0
"POINT (9.715835257000038 52.458610421000060)",Unfall 12719 (2017) Kat:3,12719,3,2,5,03,19,6,0,,1,1,0,0
"POINT (9.710398221000048 52.431751432000056)",Unfall 12720 (2017) Kat:3,12720,3,2,5,03,15,6,0,,1,1,0,0
"POINT (9.843953098000043 52.360721865000073)",Unfall 12724 (2017) Kat:2,12724,2,7,0,03,23,6,0,,0,1,0,0
"POINT (9.811976652000055 52.305686685000069)",Unfall 12732 (2017) Kat:2,12732,2,1,0,03,09,5,1,,1,0,0,0
"POINT (9.626478204000023 52.268568524000045)",Unfall 12743 (2017) Kat:3,12743,3,6,2,03,09,5,1,,0,1,0,0
"POINT (9.510149271000046 52.290241984000033)",Unfall 12744 (2017) Kat:3,12744,3,2,5,03,16,5,0,,0,1,0,1
"POINT (10.113208799000063 52.352995051000050)",Unfall 12745 (2017) Kat:3,12745,3,2,5,03,13,5,0,,1,1,0,0
"POINT (9.977123522000056 52.372063292000064)",Unfall 12746 (2017) Kat:3,12746,3,1,0,03,15,5,0,,1,0,0,0
"POINT (9.797822506000046 52.455050144000040)",Unfall 12747 (2017) Kat:3,12747,3,5,2,03,18,5,0,,0,1,0,0
"POINT (9.988836989000049 52.462139898000032)",Unfall 12748 (2017) Kat:3,12748,3,3,5,03,16,5,0,,0,1,0,0
"POINT (9.701232415000050 52.379972138000028)",Unfall 12749 (2017) Kat:3,12749,3,6,2,03,19,5,0,,0,1,0,0
"POINT (9.696348981000028 52.379841687000066)",Unfall 12750 (2017) Kat:2,12750,2,2,5,03,23,5,0,,0,1,0,0
"POINT (9.764832687000023 52.342737794000072)",Unfall 12751 (2017) Kat:3,12751,3,2,4,03,16,5,0,,0,1,0,0
"POINT (9.731425324000043 52.433314743000039)",Unfall 12753 (2017) Kat:2,12753,2,4,6,03,14,5,0,,1,0,1,0
"POINT (9.860551600000065 52.384580471000049)",Unfall 12754 (2017) Kat:3,12754,3,5,1,03,12,5,0,,0,1,0,0
"POINT (9.732400693000045 52.383512399000040)",Unfall 12761 (2017) Kat:3,12761,3,6,2,03,12,5,0,,0,1,0,0
"POINT (9.456990488000031 52.500924002000033)",Unfall 12784 (2017) Kat:3,12784,3,3,5,03,15,5,0,,0,1,0,0
"POINT (10.184064906000060 52.465407997000057)",Unfall 12786 (2017) Kat:3,12786,3,2,2,03,17,5,0,,0,1,0,0
"POINT (9.763322028000061 52.336780082000075)",Unfall 12793 (2017) Kat:2,12793,2,4,6,03,08,5,0,,0,1,1,0
"POINT (9.451956908000057 52.372854500000074)",Unfall 12794 (2017) Kat:3,12794,3,6,2,03,08,5,0,,0,1,0,0
"POINT (9.435992811000062 52.330841187000033)",Unfall 12838 (2017) Kat:3,12838,3,2,2,03,18,4,0,,0,1,0,0
"POINT (9.915298598000049 52.478126758000030)",Unfall 12840 (2017) Kat:3,12840,3,5,2,03,16,4,0,,0,1,0,0
"POINT (9.879867281000031 52.508839457000079)",Unfall 12842 (2017) Kat:3,12842,3,3,5,03,15,4,1,,0,1,0,1
"POINT (9.724018336000029 52.377633129000060)",Unfall 12852 (2017) Kat:3,12852,3,3,5,03,18,4,0,,1,1,0,0
"POINT (9.608030791000033 52.289988198000060)",Unfall 12876 (2017) Kat:3,12876,3,3,5,03,12,4,0,,0,1,0,0
"POINT (9.758829366000043 52.370315785000059)",Unfall 12943 (2017) Kat:3,12943,3,3,0,03,16,3,0,,1,1,0,0
"POINT (9.730580035000060 52.209895326000037)",Unfall 12945 (2017) Kat:3,12945,3,6,4,03,07,3,1,,0,1,0,0
"POINT (9.707522061000077 52.279493686000080)",Unfall 12952 (2017) Kat:3,12952,3,2,5,03,17,3,0,,0,1,0,0
"POINT (9.635566198000049 52.396150882000029)",Unfall 12953 (2017) Kat:2,12953,2,1,0,03,17,3,0,,1,0,0,0
"POINT (9.715512613000044 52.366727224000044)",Unfall 12954 (2017) Kat:2,12954,2,4,6,03,10,3,0,,1,0,1,0
"POINT (9.791661719000047 52.315236604000063)",Unfall 12955 (2017) Kat:3,12955,3,4,6,03,07,3,1,,0,1,1,0
"POINT (9.650491373000023 52.424553230000072)",Unfall 12956 (2017) Kat:3,12956,3,6,2,03,07,3,0,,0,1,0,0
"POINT (9.649306003000049 52.424327619000053)",Unfall 12957 (2017) Kat:3,12957,3,6,2,03,07,3,0,,0,1,0,0
"POINT (9.551139134000039 52.362637854000070)",Unfall 12990 (2017) Kat:3,12990,3,6,2,04,07,5,0,,0,1,0,0
"POINT (9.615040063000038 52.405656713000042)",Unfall 12998 (2017) Kat:3,12998,3,6,2,04,16,5,0,,0,1,0,0
"POINT (9.609152827000060 52.439598734000072)",Unfall 13001 (2017) Kat:3,13001,3,3,5,04,06,5,0,,1,1,0,0
"POINT (9.728128114000072 52.578237353000077)",Unfall 13002 (2017) Kat:3,13002,3,6,2,04,16,5,0,,0,1,0,0
"POINT (9.987112764000074 52.298528107000038)",Unfall 13003 (2017) Kat:3,13003,3,7,8,04,05,5,0,,0,1,0,0
"POINT (9.892577023000058 52.465339495000080)",Unfall 13004 (2017) Kat:3,13004,3,3,5,04,07,5,0,,1,1,0,0
"POINT (9.710510938000027 52.431842086000074)",Unfall 13005 (2017) Kat:2,13005,2,6,2,04,18,5,0,,0,1,0,0
"POINT (9.491635600000052 52.337826431000053)",Unfall 13008 (2017) Kat:3,13008,3,5,1,04,12,7,0,,1,1,0,0
"POINT (9.570794420000027 52.446560677000036)",Unfall 13010 (2017) Kat:2,13010,2,3,5,04,17,5,0,,1,1,0,0
"POINT (9.482356607000043 52.392691879000040)",Unfall 13012 (2017) Kat:3,13012,3,6,2,04,13,5,0,,0,1,0,0
"POINT (9.719471814000031 52.345897472000047)",Unfall 13014 (2017) Kat:3,13014,3,6,2,04,07,5,0,,0,1,0,0
"POINT (9.735320456000068 52.394839729000068)",Unfall 13027 (2017) Kat:3,13027,3,2,3,04,17,2,0,,1,1,0,0
"POINT (9.766205011000068 52.340739899000027)",Unfall 13028 (2017) Kat:3,13028,3,3,0,04,16,2,0,,1,0,0,0
"POINT (9.867875329000071 52.403200490000074)",Unfall 13029 (2017) Kat:3,13029,3,7,1,04,01,2,0,,0,1,0,0
"POINT (9.762726274000045 52.344542453000031)",Unfall 13037 (2017) Kat:3,13037,3,3,5,04,11,1,0,,1,1,0,0
"POINT (9.799495193000041 52.409203764000040)",Unfall 13070 (2017) Kat:3,13070,3,2,5,04,11,2,0,,1,1,0,0
"POINT (9.721300377000034 52.338212344000056)",Unfall 13094 (2017) Kat:3,13094,3,6,2,04,15,4,0,,0,1,0,0
"POINT (9.709405290000063 52.169006859000035)",Unfall 13095 (2017) Kat:2,13095,2,3,5,04,19,4,0,,0,1,0,0
"POINT (9.623638191000055 52.421085637000033)",Unfall 13097 (2017) Kat:3,13097,3,6,2,04,08,4,0,,0,0,0,0
"POINT (9.698515524000072 52.213644409000040)",Unfall 13149 (2017) Kat:3,13149,3,3,5,04,15,1,0,,0,1,0,0
"POINT (9.825396880000028 52.307298934000073)",Unfall 13154 (2017) Kat:2,13154,2,6,2,04,22,1,0,,0,1,0,1
"POINT (9.662276514000041 52.385065434000069)",Unfall 13155 (2017) Kat:3,13155,3,2,6,04,18,1,0,,0,1,1,0
"POINT (9.712785501000042 52.298885608000035)",Unfall 13156 (2017) Kat:2,13156,2,3,5,04,14,1,0,,1,0,0,1
"POINT (9.817680999000061 52.428087236000067)",Unfall 13158 (2017) Kat:3,13158,3,6,3,04,05,1,0,,0,1,0,0
"POINT (9.696447497000065 52.379743316000031)",Unfall 13199 (2017) Kat:3,13199,3,6,2,04,15,3,1,,0,1,0,0
"POINT (9.833281482000075 52.386375380000061)",Unfall 13200 (2017) Kat:3,13200,3,4,6,04,15,2,0,,0,1,1,0
"POINT (9.437048623000067 52.330776257000082)",Unfall 13201 (2017) Kat:3,13201,3,1,8,04,15,3,0,,0,1,0,0
"POINT (9.729121151000072 52.536628769000060)",Unfall 13202 (2017) Kat:3,13202,3,1,9,04,11,3,1,,0,1,0,0
"POINT (9.617982196000071 52.428845808000062)",Unfall 13234 (2017) Kat:3,13234,3,6,2,04,09,6,0,,0,1,0,0
"POINT (9.733652001000053 52.427542754000058)",Unfall 13236 (2017) Kat:3,13236,3,6,2,04,17,6,0,,0,1,0,0
"POINT (9.721609495000052 52.378475879000064)",Unfall 13249 (2017) Kat:3,13249,3,6,2,04,16,7,0,,0,1,0,0
"POINT (9.467706858000042 52.423835353000072)",Unfall 13250 (2017) Kat:3,13250,3,2,5,04,11,7,1,,1,1,0,0
"POINT (9.968249989000071 52.315263383000058)",Unfall 13251 (2017) Kat:3,13251,3,7,0,04,16,7,0,,1,1,0,0
"POINT (9.736080374000039 52.400141751000035)",Unfall 13252 (2017) Kat:3,13252,3,6,4,04,13,7,0,,1,0,0,0
"POINT (9.711031712000022 52.405945952000081)",Unfall 13254 (2017) Kat:3,13254,3,6,2,04,11,7,1,,0,1,0,0
"POINT (9.833390585000075 52.386406139000030)",Unfall 13256 (2017) Kat:2,13256,2,2,5,04,08,7,1,,0,1,0,0
"POINT (9.548367580000047 52.398178502000064)",Unfall 13285 (2017) Kat:2,13285,2,1,0,04,01,1,0,,1,0,0,0
"POINT (9.723183976000030 52.377850811000030)",Unfall 13287 (2017) Kat:3,13287,3,2,5,04,18,2,1,,0,1,0,0
"POINT (9.677611652000053 52.479216418000078)",Unfall 13288 (2017) Kat:2,13288,2,2,2,04,14,2,0,,0,1,0,1
"POINT (9.709455214000059 52.168990140000062)",Unfall 13291 (2017) Kat:2,13291,2,3,5,04,15,2,1,,0,1,0,0
"POINT (9.714574784000035 52.360996297000042)",Unfall 13292 (2017) Kat:3,13292,3,2,0,04,07,2,1,,0,1,0,0
"POINT (9.699363581000057 52.347336074000054)",Unfall 13357 (2017) Kat:3,13357,3,2,5,04,16,1,0,,0,1,0,0
"POINT (9.427850151000030 52.561785113000042)",Unfall 13359 (2017) Kat:2,13359,2,1,8,04,05,1,0,,0,1,0,0
"POINT (9.738543758000049 52.303657388000033)",Unfall 13362 (2017) Kat:3,13362,3,3,5,04,07,6,0,,0,1,0,1
"POINT (9.509739484000022 52.409190661000082)",Unfall 13374 (2017) Kat:3,13374,3,7,2,04,18,6,0,,0,1,0,0
"POINT (9.745117286000038 52.367421335000074)",Unfall 13405 (2017) Kat:3,13405,3,6,2,04,19,1,0,,0,1,0,0
"POINT (9.529854362000037 52.445277285000031)",Unfall 13445 (2017) Kat:3,13445,3,3,5,04,12,7,0,,0,1,0,0
"POINT (9.842152568000074 52.564292939000040)",Unfall 13446 (2017) Kat:3,13446,3,3,5,04,22,7,0,,0,1,0,0
"POINT (9.474594908000029 52.387011596000036)",Unfall 13447 (2017) Kat:3,13447,3,6,2,04,04,7,0,,0,1,0,0
"POINT (9.695876601000066 52.430522560000043)",Unfall 13448 (2017) Kat:3,13448,3,6,3,04,10,7,1,,0,1,0,0
"POINT (9.731121533000021 52.383601568000074)",Unfall 13450 (2017) Kat:2,13450,2,3,5,04,04,7,1,,1,1,0,0
"POINT (9.758438201000047 52.566450890000056)",Unfall 13457 (2017) Kat:3,13457,3,6,2,04,15,5,0,,0,1,0,0
"POINT (9.798689503000048 52.455393558000026)",Unfall 13458 (2017) Kat:3,13458,3,2,2,04,17,5,0,,0,1,0,0
"POINT (9.859266946000048 52.487451893000070)",Unfall 13459 (2017) Kat:3,13459,3,3,5,04,08,5,0,,0,1,0,0
"POINT (9.891459322000060 52.312818772000071)",Unfall 13461 (2017) Kat:2,13461,2,3,5,04,16,5,0,,0,1,0,1
"POINT (9.899331719000031 52.386442286000033)",Unfall 13462 (2017) Kat:3,13462,3,6,2,04,20,5,0,,0,1,0,0
"POINT (9.743383665000067 52.368291941000052)",Unfall 13464 (2017) Kat:3,13464,3,3,5,04,11,5,0,,0,1,0,0
"POINT (9.460485128000073 52.377774769000041)",Unfall 13514 (2017) Kat:3,13514,3,7,2,04,12,6,0,,0,1,0,0
"POINT (9.760212120000062 52.587469120000037)",Unfall 13516 (2017) Kat:3,13516,3,6,2,04,09,6,0,,0,1,0,0
"POINT (9.696164098000054 52.380009319000067)",Unfall 13529 (2017) Kat:3,13529,3,1,9,04,02,7,1,,0,1,0,0
"POINT (9.614386932000059 52.438369929000032)",Unfall 13576 (2017) Kat:3,13576,3,6,2,04,18,4,1,,0,1,0,0
"POINT (9.813418171000023 52.365439750000064)",Unfall 13605 (2017) Kat:3,13605,3,6,2,04,21,5,1,,0,1,0,1
"POINT (9.768807568000057 52.338081361000036)",Unfall 13606 (2017) Kat:3,13606,3,2,2,04,17,5,0,,0,1,1,0
"POINT (9.947432996000032 52.391499309000039)",Unfall 13609 (2017) Kat:3,13609,3,6,2,04,22,5,0,,0,1,0,0
"POINT (9.818555568000022 52.427632872000061)",Unfall 13610 (2017) Kat:3,13610,3,6,2,04,21,5,0,,0,1,0,0
"POINT (9.720560206000073 52.458669903000043)",Unfall 13615 (2017) Kat:3,13615,3,2,5,04,15,5,0,,0,1,0,1
"POINT (9.755442447000064 52.370113842000080)",Unfall 13618 (2017) Kat:3,13618,3,1,0,04,16,5,0,,1,0,0,0
"POINT (9.732241725000051 52.369108410000081)",Unfall 13624 (2017) Kat:3,13624,3,6,2,04,13,5,0,,1,0,0,0
"POINT (9.731563259000041 52.369401744000072)",Unfall 13627 (2017) Kat:3,13627,3,2,5,04,11,5,0,,1,1,0,0
"POINT (9.631418987000075 52.420157938000045)",Unfall 13630 (2017) Kat:3,13630,3,6,2,04,08,5,1,,0,1,0,0
"POINT (9.751679013000057 52.358605123000075)",Unfall 13673 (2017) Kat:3,13673,3,6,3,04,16,3,0,,1,0,0,0
"POINT (9.862030333000064 52.381067388000076)",Unfall 13674 (2017) Kat:3,13674,3,2,4,04,06,3,0,,1,1,0,0
"POINT (9.717768807000027 52.395616944000039)",Unfall 13675 (2017) Kat:3,13675,3,3,5,04,16,3,0,,1,1,0,0
"POINT (9.724600098000053 52.242950369000027)",Unfall 13677 (2017) Kat:3,13677,3,6,2,04,11,3,0,,0,1,0,0
"POINT (9.604548681000040 52.335064233000026)",Unfall 13680 (2017) Kat:3,13680,3,2,5,04,19,3,0,,0,1,0,0
"POINT (9.908354539000072 52.357325287000037)",Unfall 13681 (2017) Kat:3,13681,3,6,2,04,08,3,0,,0,1,0,0
"POINT (9.797247338000034 52.475921213000049)",Unfall 13684 (2017) Kat:3,13684,3,4,6,04,16,3,0,,0,1,1,0
"POINT (9.731531895000046 52.369590197000036)",Unfall 13686 (2017) Kat:3,13686,3,2,2,04,09,2,0,,0,1,0,0
"POINT (9.841261622000047 52.423349673000075)",Unfall 13687 (2017) Kat:3,13687,3,6,2,04,15,3,0,,0,1,0,0
"POINT (9.719749962000037 52.367642847000070)",Unfall 13689 (2017) Kat:2,13689,2,1,8,04,10,3,0,,1,0,0,0
"POINT (9.761931928000024 52.370515217000047)",Unfall 13691 (2017) Kat:3,13691,3,2,5,04,10,3,0,,1,1,0,0
"POINT (9.668118038000046 52.343764563000036)",Unfall 13720 (2017) Kat:3,13720,3,3,5,04,04,4,0,,0,1,0,0
"POINT (9.574043089000043 52.421720447000041)",Unfall 13721 (2017) Kat:3,13721,3,3,5,04,12,4,0,,1,1,0,0
"POINT (9.907989552000061 52.357082475000027)",Unfall 13722 (2017) Kat:3,13722,3,6,2,04,15,4,0,,0,1,0,0
"POINT (9.801390647000062 52.480415655000058)",Unfall 13723 (2017) Kat:3,13723,3,3,5,04,11,4,0,,1,1,0,0
"POINT (9.731158941000047 52.618907601000046)",Unfall 13724 (2017) Kat:3,13724,3,7,2,04,14,5,0,,0,1,0,0
"POINT (10.077578301000074 52.478249556000037)",Unfall 13725 (2017) Kat:3,13725,3,1,8,04,06,4,1,,0,1,0,0
"POINT (9.746380391000059 52.211586443000044)",Unfall 13778 (2017) Kat:3,13778,3,6,2,04,17,5,0,,0,1,0,0
"POINT (9.718384326000034 52.346040843000026)",Unfall 13794 (2017) Kat:3,13794,3,6,2,04,18,3,0,,0,1,0,0
"POINT (9.766135674000054 52.340821216000052)",Unfall 13799 (2017) Kat:3,13799,3,3,5,04,20,3,0,,0,1,0,1
"POINT (9.629043018000061 52.264627980000057)",Unfall 13802 (2017) Kat:3,13802,3,3,5,04,12,3,0,,1,1,0,0
"POINT (9.854427956000052 52.549383092000028)",Unfall 13805 (2017) Kat:3,13805,3,7,8,04,00,3,0,,0,1,0,0
"POINT (9.722959423000077 52.378929318000075)",Unfall 13806 (2017) Kat:3,13806,3,3,5,04,19,3,0,,1,1,0,0
"POINT (9.847192989000064 52.274422827000080)",Unfall 13809 (2017) Kat:3,13809,3,6,2,04,11,3,0,,0,1,0,0
"POINT (9.855529422000075 52.491948359000048)",Unfall 13825 (2017) Kat:3,13825,3,3,5,05,16,5,1,,0,1,0,0
"POINT (9.881462988000067 52.433677569000054)",Unfall 13827 (2017) Kat:3,13827,3,1,8,05,18,5,1,,0,1,0,0
"POINT (9.827115985000035 52.344092846000080)",Unfall 13830 (2017) Kat:3,13830,3,3,5,05,17,5,1,,1,1,0,0
"POINT (10.029522237000037 52.429034408000064)",Unfall 13831 (2017) Kat:3,13831,3,6,2,05,08,2,0,,0,1,0,0
"POINT (9.978465452000023 52.375164159000065)",Unfall 13833 (2017) Kat:3,13833,3,2,2,05,15,3,1,,0,1,0,0
"POINT (10.043959908000033 52.307275446000062)",Unfall 13834 (2017) Kat:3,13834,3,3,5,05,12,3,1,,0,1,0,0
"POINT (9.790358075000029 52.558679979000033)",Unfall 13836 (2017) Kat:3,13836,3,1,7,05,20,3,1,,0,0,0,0
"POINT (9.682887390000076 52.373111028000039)",Unfall 13837 (2017) Kat:2,13837,2,1,8,05,19,3,1,,0,1,0,0
"POINT (9.311266251000063 52.504342650000069)",Unfall 13838 (2017) Kat:1,13838,1,1,8,05,06,3,0,,0,1,0,0
"POINT (9.721659528000032 52.483649205000063)",Unfall 13850 (2017) Kat:2,13850,2,6,2,05,15,7,0,,0,1,0,0
"POINT (9.964348523000069 52.315927728000077)",Unfall 13883 (2017) Kat:2,13883,2,6,2,05,13,1,0,,0,1,0,1
"POINT (9.718072627000026 52.367189155000062)",Unfall 13900 (2017) Kat:3,13900,3,1,0,05,05,2,0,,1,0,0,0
"POINT (9.590066908000040 52.211812651000059)",Unfall 13901 (2017) Kat:3,13901,3,1,9,05,16,2,0,,0,0,0,1
"POINT (9.663417014000061 52.315877655000065)",Unfall 13902 (2017) Kat:3,13902,3,2,5,05,12,2,0,,1,1,0,0
"POINT (10.051440327000023 52.306961697000077)",Unfall 13903 (2017) Kat:2,13903,2,3,5,05,17,2,0,,0,1,0,0
"POINT (9.701837320000038 52.430480240000065)",Unfall 13904 (2017) Kat:3,13904,3,6,2,05,15,2,0,,0,1,0,0
"POINT (9.401715578000051 52.333114115000058)",Unfall 13919 (2017) Kat:3,13919,3,6,2,05,17,6,0,,0,1,0,0
"POINT (9.804416532000062 52.408039567000060)",Unfall 13935 (2017) Kat:2,13935,2,3,5,05,12,1,0,,1,1,0,0
"POINT (9.470175723000068 52.383781137000028)",Unfall 13957 (2017) Kat:3,13957,3,6,2,05,12,7,0,,0,1,0,0
"POINT (9.713375457000041 52.422240199000044)",Unfall 13964 (2017) Kat:3,13964,3,1,9,04,22,1,0,,0,1,0,0
"POINT (9.720717593000074 52.316741520000051)",Unfall 13965 (2017) Kat:3,13965,3,1,0,04,15,1,0,,0,0,0,1
"POINT (9.606139209000048 52.642562828000052)",Unfall 13968 (2017) Kat:2,13968,2,1,8,04,17,1,0,,0,0,0,1
"POINT (9.824155351000059 52.285489028000029)",Unfall 13969 (2017) Kat:2,13969,2,2,5,04,09,1,0,,0,1,0,1
"POINT (9.575692537000066 52.391886782000029)",Unfall 13971 (2017) Kat:2,13971,2,1,9,04,06,1,0,,0,1,0,0
"POINT (9.600218860000041 52.575394095000036)",Unfall 13976 (2017) Kat:3,13976,3,5,1,05,11,2,1,,0,1,0,0
"POINT (9.781088390000036 52.281120284000053)",Unfall 14035 (2017) Kat:2,14035,2,6,4,05,12,1,0,,1,1,0,0
"POINT (9.725288437000074 52.459792918000062)",Unfall 14055 (2017) Kat:3,14055,3,2,5,05,22,3,0,,0,1,0,0
"POINT (9.745644701000060 52.209330682000029)",Unfall 14057 (2017) Kat:3,14057,3,2,4,05,08,6,1,,0,1,0,0
"POINT (9.552665005000051 52.440781072000050)",Unfall 14073 (2017) Kat:3,14073,3,2,2,05,18,7,0,,0,1,0,0
"POINT (9.603113377000057 52.462745880000057)",Unfall 14074 (2017) Kat:3,14074,3,6,2,04,13,7,0,,0,1,0,0
"POINT (9.728051993000065 52.336203272000034)",Unfall 14075 (2017) Kat:3,14075,3,6,0,04,22,7,0,,0,1,0,0
"POINT (9.787815207000051 52.318675271000075)",Unfall 14077 (2017) Kat:2,14077,2,6,2,04,12,7,0,,0,1,0,1
"POINT (9.551394613000070 52.322740216000057)",Unfall 14098 (2017) Kat:3,14098,3,2,5,05,16,7,0,,1,1,0,0
"POINT (9.457245870000065 52.505078836000052)",Unfall 14101 (2017) Kat:3,14101,3,6,2,05,08,7,0,,0,1,0,0
"POINT (9.868827390000035 52.434806132000062)",Unfall 14108 (2017) Kat:3,14108,3,2,5,05,10,7,0,,1,1,0,0
"POINT (9.396713107000039 52.596967837000079)",Unfall 14121 (2017) Kat:3,14121,3,6,2,05,12,2,0,,0,1,0,0
"POINT (9.503675049000037 52.405728783000029)",Unfall 14124 (2017) Kat:3,14124,3,7,0,05,14,7,0,,0,0,0,0
"POINT (9.626767601000040 52.270794108000075)",Unfall 14126 (2017) Kat:2,14126,2,1,8,05,01,7,0,,0,1,0,0
"POINT (9.691595126000038 52.332381035000026)",Unfall 14138 (2017) Kat:3,14138,3,2,6,05,07,3,0,,0,1,1,0
"POINT (9.811262244000034 52.333044173000076)",Unfall 14177 (2017) Kat:3,14177,3,3,0,05,16,2,0,,0,1,0,0
"POINT (9.433956535000050 52.422085892000041)",Unfall 14210 (2017) Kat:3,14210,3,2,2,05,09,3,0,,0,1,0,0
"POINT (9.379013362000023 52.403665286000034)",Unfall 14212 (2017) Kat:3,14212,3,1,8,05,09,6,1,,0,1,0,0
"POINT (9.434538860000032 52.442861765000032)",Unfall 14227 (2017) Kat:3,14227,3,6,2,05,07,4,0,,0,1,0,0
"POINT (9.661212738000074 52.239338119000081)",Unfall 14229 (2017) Kat:3,14229,3,5,3,05,20,4,0,,0,1,0,0
"POINT (10.169289347000074 52.465398086000050)",Unfall 14233 (2017) Kat:3,14233,3,1,9,05,13,1,0,,1,0,0,0
"POINT (9.909298719000049 52.314255040000035)",Unfall 14241 (2017) Kat:3,14241,3,1,8,05,13,4,0,,0,1,0,0
"POINT (9.571751062000033 52.422784180000065)",Unfall 14245 (2017) Kat:3,14245,3,6,2,05,14,4,0,,0,1,0,0
"POINT (9.862323552000021 52.371404461000054)",Unfall 14247 (2017) Kat:3,14247,3,2,2,05,15,2,1,,0,1,0,0
"POINT (9.434388906000038 52.421667042000081)",Unfall 14249 (2017) Kat:3,14249,3,6,2,05,15,5,1,,0,1,0,0
"POINT (9.846742157000051 52.275385487000051)",Unfall 14254 (2017) Kat:3,14254,3,6,2,04,08,6,0,,0,1,0,0
"POINT (9.833144986000036 52.386336897000035)",Unfall 14256 (2017) Kat:3,14256,3,5,1,04,14,6,0,,0,1,0,1
"POINT (9.457619648000048 52.434878357000059)",Unfall 14257 (2017) Kat:3,14257,3,6,2,04,12,6,0,,0,1,0,0
"POINT (9.472455906000050 52.388474372000076)",Unfall 14259 (2017) Kat:3,14259,3,2,4,04,13,6,0,,0,1,0,0
"POINT (9.640181217000077 52.396837371000061)",Unfall 14260 (2017) Kat:3,14260,3,3,5,04,14,6,0,,0,1,0,0
"POINT (9.730031242000052 52.314617223000027)",Unfall 14263 (2017) Kat:3,14263,3,6,2,04,09,6,0,,0,1,0,0
"POINT (9.574785136000060 52.282895562000078)",Unfall 14264 (2017) Kat:3,14264,3,3,5,04,22,6,0,,1,1,0,0
"POINT (9.930742537000072 52.345962727000028)",Unfall 14267 (2017) Kat:3,14267,3,2,4,04,07,6,0,,1,1,0,0
"POINT (9.692873033000069 52.374398961000054)",Unfall 14278 (2017) Kat:3,14278,3,6,0,05,10,6,1,,0,1,0,1
"POINT (9.449054962000048 52.423545720000050)",Unfall 14279 (2017) Kat:3,14279,3,6,3,05,16,6,0,,0,1,0,0
"POINT (9.669549548000020 52.346455982000066)",Unfall 14281 (2017) Kat:3,14281,3,3,5,05,15,6,0,,1,1,0,0
"POINT (9.728363342000023 52.374108655000043)",Unfall 14282 (2017) Kat:3,14282,3,2,5,05,09,5,0,,1,1,0,0
"POINT (9.456103965000068 52.506810603000076)",Unfall 14283 (2017) Kat:3,14283,3,6,2,05,13,6,0,,0,1,0,0
"POINT (9.945594502000063 52.333311598000080)",Unfall 14285 (2017) Kat:3,14285,3,2,2,05,08,6,0,,0,1,0,0
"POINT (9.718949037000073 52.439566751000029)",Unfall 14287 (2017) Kat:3,14287,3,6,2,05,10,6,0,,0,1,0,0
"POINT (9.801215580000076 52.341865611000060)",Unfall 14290 (2017) Kat:3,14290,3,1,8,05,18,6,1,,0,1,0,0
"POINT (9.673272966000070 52.358676473000060)",Unfall 14294 (2017) Kat:2,14294,2,3,5,05,10,3,0,,1,1,0,0
"POINT (9.859213412000031 52.487226175000046)",Unfall 14296 (2017) Kat:3,14296,3,3,5,05,10,6,0,,1,1,0,0
"POINT (9.786709484000028 52.389812502000041)",Unfall 14319 (2017) Kat:3,14319,3,6,2,05,17,3,0,,0,1,0,0
"POINT (9.829059365000035 52.423776663000069)",Unfall 14336 (2017) Kat:2,14336,2,6,0,05,15,7,0,,0,1,0,0
"POINT (9.996710654000026 52.377263263000032)",Unfall 14357 (2017) Kat:3,14357,3,3,5,05,18,2,0,,1,1,0,0
"POINT (9.732381336000060 52.383485425000060)",Unfall 14375 (2017) Kat:3,14375,3,6,2,05,08,6,0,,0,1,0,0
"POINT (9.732971169000052 52.420805398000027)",Unfall 14385 (2017) Kat:3,14385,3,3,5,05,09,6,1,,0,1,0,0
"POINT (9.640770650000036 52.414026711000076)",Unfall 14395 (2017) Kat:3,14395,3,3,5,04,20,5,0,,1,1,0,0
"POINT (9.732101435000061 52.369470593000074)",Unfall 14397 (2017) Kat:3,14397,3,6,3,04,15,5,0,,0,1,0,0
"POINT (9.610964763000027 52.431552185000044)",Unfall 14398 (2017) Kat:3,14398,3,2,5,04,12,5,0,,1,1,0,0
"POINT (9.736481556000058 52.557371577000026)",Unfall 14400 (2017) Kat:3,14400,3,3,5,04,08,5,0,,1,0,0,0
"POINT (9.732255201000044 52.383083464000038)",Unfall 14402 (2017) Kat:3,14402,3,6,2,04,09,5,0,,0,1,0,0
"POINT (9.735965428000043 52.397915583000042)",Unfall 14407 (2017) Kat:3,14407,3,1,1,05,02,1,0,,0,1,0,0
"POINT (9.824391320000075 52.299222182000051)",Unfall 14439 (2017) Kat:1,14439,1,6,4,05,13,3,0,,0,1,0,0
"POINT (9.610581814000057 52.392097978000038)",Unfall 14441 (2017) Kat:3,14441,3,6,6,05,17,6,0,,1,0,1,0
"POINT (9.812608684000054 52.329728342000067)",Unfall 14463 (2017) Kat:3,14463,3,1,9,05,14,1,0,,0,1,0,0
"POINT (9.777973604000067 52.371240145000058)",Unfall 14492 (2017) Kat:3,14492,3,6,2,05,12,5,0,,0,1,0,0
"POINT (9.405165014000033 52.407114808000074)",Unfall 14493 (2017) Kat:3,14493,3,6,2,05,15,5,0,,0,1,0,0
"POINT (9.763864726000065 52.178258670000048)",Unfall 14495 (2017) Kat:3,14495,3,1,9,05,02,5,0,,0,1,0,0
"POINT (9.463386287000049 52.535460897000064)",Unfall 14496 (2017) Kat:3,14496,3,1,0,05,18,5,1,,0,0,0,1
"POINT (9.833847573000071 52.500340490000042)",Unfall 14498 (2017) Kat:3,14498,3,2,2,05,15,5,0,,0,1,0,0
"POINT (9.801052992000052 52.557586062000041)",Unfall 14499 (2017) Kat:3,14499,3,3,5,05,18,5,0,,0,1,0,0
"POINT (10.095667732000038 52.455706892000080)",Unfall 14501 (2017) Kat:3,14501,3,6,2,05,11,5,0,,0,1,0,0
"POINT (9.830000688000041 52.297770503000038)",Unfall 14503 (2017) Kat:3,14503,3,1,8,05,21,5,1,,0,1,0,0
"POINT (9.404978133000043 52.334008908000044)",Unfall 14504 (2017) Kat:3,14504,3,7,1,05,11,2,0,,0,1,0,0
"POINT (9.586899650000021 52.440150816000028)",Unfall 14506 (2017) Kat:3,14506,3,2,5,05,07,5,0,,1,0,0,0
"POINT (9.522245978000058 52.302902957000072)",Unfall 14507 (2017) Kat:1,14507,1,1,4,05,18,5,1,,0,1,0,1
"POINT (9.806972142000063 52.277768927000068)",Unfall 14511 (2017) Kat:2,14511,2,3,5,05,16,5,0,,1,1,0,0
"POINT (9.895457992000047 52.373327018000055)",Unfall 14519 (2017) Kat:3,14519,3,7,3,05,16,6,0,,0,0,0,0
"POINT (9.734917061000033 52.392928901000062)",Unfall 14522 (2017) Kat:3,14522,3,4,6,05,15,6,0,,1,0,1,0
"POINT (9.730661405000035 52.468517340000062)",Unfall 14525 (2017) Kat:3,14525,3,3,5,04,19,4,0,,0,1,0,0
"POINT (9.711875146000068 52.441040310000062)",Unfall 14526 (2017) Kat:3,14526,3,6,2,04,14,4,0,,0,1,0,0
"POINT (9.755701170000066 52.340698121000059)",Unfall 14527 (2017) Kat:3,14527,3,6,2,05,16,5,0,,0,1,0,0
"POINT (9.732710122000071 52.369369279000068)",Unfall 14528 (2017) Kat:3,14528,3,6,2,04,19,4,0,,0,1,0,0
"POINT (9.748675181000067 52.597682413000030)",Unfall 14529 (2017) Kat:1,14529,1,6,2,05,12,5,0,,0,1,0,0
"POINT (9.789413890000049 52.317051308000032)",Unfall 14530 (2017) Kat:3,14530,3,2,5,04,17,4,0,,0,1,0,0
"POINT (9.629498904000059 52.420008776000032)",Unfall 14531 (2017) Kat:3,14531,3,6,2,05,09,5,0,,0,1,0,0
"POINT (9.767797084000051 52.427103256000066)",Unfall 14533 (2017) Kat:3,14533,3,6,2,05,08,5,0,,0,1,0,0
"POINT (9.826297245000035 52.289611958000080)",Unfall 14534 (2017) Kat:3,14534,3,2,5,05,07,5,0,,0,1,0,0
"POINT (10.123922913000058 52.372575924000046)",Unfall 14553 (2017) Kat:2,14553,2,3,5,05,09,6,0,,0,1,0,0
"POINT (9.850667447000035 52.322319614000037)",Unfall 14556 (2017) Kat:3,14556,3,1,0,05,10,6,1,,0,1,0,1
"POINT (9.858812717000035 52.407318460000056)",Unfall 14588 (2017) Kat:3,14588,3,6,2,05,02,2,0,,0,1,0,0
"POINT (9.515224529000022 52.411656665000066)",Unfall 14615 (2017) Kat:3,14615,3,6,2,05,09,3,0,,0,1,0,0
"POINT (9.464984176000030 52.398274014000037)",Unfall 14617 (2017) Kat:3,14617,3,2,5,05,18,6,0,,0,1,0,0
"POINT (9.476297438000074 52.388274730000035)",Unfall 14639 (2017) Kat:3,14639,3,6,2,05,15,1,0,,0,1,0,1
"POINT (9.515244773000063 52.400545034000061)",Unfall 14655 (2017) Kat:3,14655,3,3,5,05,14,5,1,,0,1,0,1
"POINT (9.730324834000044 52.382279025000059)",Unfall 14671 (2017) Kat:3,14671,3,3,5,05,15,6,0,,1,1,0,0
"POINT (9.722443501000043 52.378495644000054)",Unfall 14673 (2017) Kat:3,14673,3,6,2,04,16,3,1,,0,1,0,0
"POINT (9.406648009000037 52.411673897000071)",Unfall 14675 (2017) Kat:3,14675,3,1,9,04,08,3,1,,0,1,0,0
"POINT (9.648641416000032 52.296923441000047)",Unfall 14676 (2017) Kat:3,14676,3,6,3,04,05,3,1,,0,1,0,1
"POINT (9.768757273000063 52.370914689000074)",Unfall 14677 (2017) Kat:3,14677,3,6,2,05,16,4,0,,0,1,0,0
"POINT (9.465856143000053 52.332600278000029)",Unfall 14678 (2017) Kat:3,14678,3,6,3,04,08,3,1,,0,1,0,1
"POINT (9.538529604000075 52.460776496000051)",Unfall 14679 (2017) Kat:3,14679,3,1,0,05,15,4,0,,0,0,0,1
"POINT (9.970835272000045 52.338853934000042)",Unfall 14680 (2017) Kat:3,14680,3,7,9,04,12,3,1,,0,1,0,0
"POINT (9.587582786000041 52.415074343000072)",Unfall 14681 (2017) Kat:3,14681,3,3,5,05,16,4,0,,1,1,0,0
"POINT (9.744445016000043 52.452947891000065)",Unfall 14682 (2017) Kat:3,14682,3,2,6,04,12,3,0,,0,1,1,0
"POINT (9.729039552000074 52.582976259000077)",Unfall 14683 (2017) Kat:3,14683,3,7,6,05,11,4,0,,0,1,1,0
"POINT (9.807117777000030 52.372578616000055)",Unfall 14684 (2017) Kat:3,14684,3,6,2,05,22,4,0,,1,0,0,0
"POINT (9.733670549000067 52.384613884000032)",Unfall 14686 (2017) Kat:3,14686,3,2,5,05,16,4,0,,1,1,0,0
"POINT (9.890702555000075 52.363587305000067)",Unfall 14688 (2017) Kat:2,14688,2,3,2,05,14,4,0,,0,1,0,0
"POINT (9.722981293000032 52.453714190000028)",Unfall 14689 (2017) Kat:3,14689,3,1,8,04,06,3,1,,0,1,0,0
"POINT (9.812206314000036 52.429502284000080)",Unfall 14690 (2017) Kat:3,14690,3,6,3,05,10,4,0,,0,1,0,0
"POINT (9.742806834000021 52.368384456000058)",Unfall 14692 (2017) Kat:2,14692,2,3,5,05,10,4,0,,1,1,0,0
"POINT (9.996085874000073 52.445017696000036)",Unfall 14693 (2017) Kat:3,14693,3,7,9,04,09,3,0,,0,0,0,0
"POINT (9.707635033000031 52.420356005000031)",Unfall 14695 (2017) Kat:3,14695,3,3,5,05,01,4,0,,0,1,0,0
"POINT (9.826320010000075 52.341422301000080)",Unfall 14697 (2017) Kat:2,14697,2,3,5,04,08,3,1,,0,1,0,1
"POINT (9.757323765000024 52.504166017000045)",Unfall 14698 (2017) Kat:3,14698,3,6,2,04,05,3,1,,0,1,0,0
"POINT (9.782275667000022 52.362302108000051)",Unfall 14702 (2017) Kat:3,14702,3,6,2,04,08,3,0,,0,1,0,0
"POINT (9.715124479000053 52.361534343000073)",Unfall 14776 (2017) Kat:3,14776,3,6,3,05,14,4,0,,0,1,0,0
"POINT (9.763985477000063 52.343650997000054)",Unfall 14777 (2017) Kat:3,14777,3,2,3,05,14,4,0,,1,0,0,0
"POINT (9.733342253000046 52.420787392000079)",Unfall 14778 (2017) Kat:3,14778,3,2,5,05,17,4,0,,1,0,0,0
"POINT (9.446396932000027 52.416739170000028)",Unfall 14779 (2017) Kat:2,14779,2,2,4,05,17,4,0,,0,1,0,1
"POINT (9.380972139000050 52.432994022000059)",Unfall 14780 (2017) Kat:2,14780,2,6,6,05,01,4,0,,1,0,1,0
"POINT (9.551544090000050 52.322753851000073)",Unfall 14781 (2017) Kat:3,14781,3,3,5,05,18,4,0,,1,1,0,0
"POINT (9.471037183000021 52.504206206000049)",Unfall 14782 (2017) Kat:3,14782,3,3,5,05,11,4,0,,1,1,0,0
"POINT (9.505926900000077 52.554747510000027)",Unfall 14783 (2017) Kat:3,14783,3,6,2,05,16,4,0,,0,1,0,0
"POINT (9.957871170000033 52.420338110000046)",Unfall 14784 (2017) Kat:3,14784,3,5,1,05,16,4,0,,0,1,0,0
"POINT (9.945259834000069 52.333456759000057)",Unfall 14785 (2017) Kat:3,14785,3,2,2,05,08,4,0,,0,1,0,0
"POINT (9.897321391000048 52.409356692000074)",Unfall 14786 (2017) Kat:3,14786,3,6,2,05,19,4,0,,0,1,0,0
"POINT (9.829612309000027 52.399809487000027)",Unfall 14787 (2017) Kat:3,14787,3,2,6,05,17,4,0,,0,0,1,0
"POINT (9.829619555000022 52.399805347000040)",Unfall 14790 (2017) Kat:3,14790,3,2,5,05,09,4,0,,1,1,0,0
"POINT (9.715151223000021 52.321388225000078)",Unfall 14791 (2017) Kat:2,14791,2,2,5,05,07,4,0,,1,1,0,0
"POINT (9.723466451000036 52.377701929000068)",Unfall 14844 (2017) Kat:3,14844,3,2,5,05,16,3,0,,1,1,0,0
"POINT (9.786335992000034 52.372227742000064)",Unfall 14845 (2017) Kat:3,14845,3,2,3,05,16,3,0,,1,1,0,0
"POINT (9.513931823000064 52.411990508000031)",Unfall 14846 (2017) Kat:3,14846,3,6,3,05,07,3,0,,0,1,0,1
"POINT (9.506735253000045 52.428898205000053)",Unfall 14847 (2017) Kat:3,14847,3,6,4,05,07,3,0,,0,1,0,0
"POINT (9.698673551000070 52.347416105000036)",Unfall 14900 (2017) Kat:3,14900,3,3,5,05,20,2,0,,0,1,0,1
"POINT (9.718406576000064 52.378431995000028)",Unfall 14901 (2017) Kat:3,14901,3,6,2,05,09,2,0,,0,1,0,0
"POINT (9.683344032000036 52.373806572000035)",Unfall 14902 (2017) Kat:3,14902,3,3,5,05,10,2,0,,0,1,0,1
"POINT (9.499252769000066 52.424517247000040)",Unfall 14903 (2017) Kat:3,14903,3,6,4,05,15,2,0,,0,1,0,0
"POINT (9.692096497000023 52.218851395000058)",Unfall 14904 (2017) Kat:3,14904,3,6,2,05,07,2,0,,0,1,0,0
"POINT (9.740436242000044 52.301827336000031)",Unfall 14905 (2017) Kat:2,14905,2,3,5,05,11,2,0,,0,1,0,1
"POINT (9.973448573000042 52.393624897000052)",Unfall 14906 (2017) Kat:3,14906,3,6,4,05,16,2,0,,0,1,0,0
"POINT (9.858793808000030 52.433476333000044)",Unfall 14907 (2017) Kat:2,14907,2,4,6,05,13,2,0,,1,0,1,0
"POINT (9.823630585000046 52.463325502000032)",Unfall 14908 (2017) Kat:3,14908,3,2,3,05,06,2,0,,1,1,0,0
"POINT (10.077638157000024 52.518221465000067)",Unfall 14909 (2017) Kat:3,14909,3,6,0,05,18,2,0,,1,1,0,0
"POINT (9.427594561000035 52.545736176000048)",Unfall 14910 (2017) Kat:1,14910,1,3,5,05,10,2,0,,0,0,0,0
"POINT (9.756404660000044 52.370166162000032)",Unfall 14911 (2017) Kat:3,14911,3,2,5,05,10,2,0,,1,1,0,0
"POINT (9.498409551000066 52.402960104000044)",Unfall 14912 (2017) Kat:3,14912,3,6,2,05,14,2,0,,0,1,0,0
"POINT (9.470698033000076 52.301696024000080)",Unfall 14967 (2017) Kat:3,14967,3,1,0,05,21,1,1,,1,0,0,0
"POINT (9.498472331000073 52.402995738000072)",Unfall 14968 (2017) Kat:3,14968,3,6,2,05,12,1,0,,0,1,0,0
"POINT (9.677988691000053 52.360477248000052)",Unfall 15029 (2017) Kat:3,15029,3,2,2,05,08,4,0,,0,1,0,0
"POINT (9.694683072000032 52.419581245000074)",Unfall 15030 (2017) Kat:3,15030,3,2,5,05,20,4,0,,0,1,0,0
"POINT (9.463504750000027 52.525787463000029)",Unfall 15031 (2017) Kat:2,15031,2,6,3,05,16,4,0,,0,1,0,0
"POINT (9.651366138000071 52.419518777000064)",Unfall 15033 (2017) Kat:3,15033,3,2,5,05,13,4,0,,1,1,0,0
"POINT (9.831725633000076 52.385915676000081)",Unfall 15073 (2017) Kat:2,15073,2,7,0,05,12,3,0,,1,0,0,0
"POINT (9.733052795000049 52.422590762000027)",Unfall 15074 (2017) Kat:3,15074,3,4,6,05,07,3,0,,1,0,1,0
"POINT (9.459931429000051 52.306973346000063)",Unfall 15075 (2017) Kat:3,15075,3,3,5,05,15,3,0,,0,1,0,0
"POINT (9.759517069000026 52.452932732000079)",Unfall 15076 (2017) Kat:3,15076,3,2,5,05,16,3,0,,1,1,0,0
"POINT (9.855154780000021 52.491942963000042)",Unfall 15077 (2017) Kat:3,15077,3,7,0,05,18,3,0,,1,1,0,0
"POINT (10.024153578000039 52.432967703000031)",Unfall 15078 (2017) Kat:3,15078,3,3,5,05,11,3,0,,0,1,0,1
"POINT (9.757244932000049 52.426852678000046)",Unfall 15079 (2017) Kat:3,15079,3,7,6,05,10,3,0,,0,0,1,0
"POINT (9.707648129000063 52.379905898000061)",Unfall 15080 (2017) Kat:3,15080,3,6,2,05,15,3,0,,0,1,0,0
"POINT (9.773369766000030 52.370969505000062)",Unfall 15081 (2017) Kat:3,15081,3,6,2,05,14,3,0,,0,1,0,0
"POINT (9.847677408000038 52.436995185000058)",Unfall 15082 (2017) Kat:3,15082,3,3,5,05,12,3,0,,0,1,0,0
"POINT (9.783321819000037 52.323444389000031)",Unfall 15129 (2017) Kat:3,15129,3,1,8,05,16,2,0,,1,0,0,0
"POINT (9.395966667000039 52.457085047000078)",Unfall 15130 (2017) Kat:3,15130,3,7,4,05,14,2,0,,0,1,0,0
"POINT (9.467704230000038 52.423828635000064)",Unfall 15131 (2017) Kat:3,15131,3,2,3,05,16,2,0,,1,0,0,0
"POINT (9.450407078000069 52.426182882000035)",Unfall 15132 (2017) Kat:3,15132,3,7,0,05,13,2,0,,0,1,0,0
"POINT (9.463405174000059 52.430132735000029)",Unfall 15133 (2017) Kat:3,15133,3,3,5,05,08,2,0,,0,1,0,1
"POINT (9.684157658000061 52.214758449000044)",Unfall 15134 (2017) Kat:3,15134,3,3,5,05,05,2,0,,1,1,0,0
"POINT (9.629732997000076 52.263909030000036)",Unfall 15135 (2017) Kat:3,15135,3,6,2,05,16,2,0,,0,1,0,0
"POINT (10.011834358000044 52.480644372000029)",Unfall 15136 (2017) Kat:3,15136,3,2,2,05,15,2,0,,0,1,0,0
"POINT (9.723101981000070 52.377893332000042)",Unfall 15137 (2017) Kat:3,15137,3,2,0,05,19,2,0,,0,1,0,0
"POINT (9.649114592000046 52.424135710000030)",Unfall 15138 (2017) Kat:3,15138,3,6,3,05,15,2,0,,0,1,0,0
"POINT (9.646267375000036 52.423741584000027)",Unfall 15139 (2017) Kat:3,15139,3,6,2,05,07,2,0,,0,1,0,0
"POINT (9.894488370000033 52.397725513000069)",Unfall 15140 (2017) Kat:3,15140,3,6,2,05,08,2,0,,0,1,0,0
"POINT (9.892197484000064 52.293758274000027)",Unfall 15146 (2017) Kat:3,15146,3,6,2,05,14,2,0,,0,0,0,0
"POINT (9.408480709000060 52.461113327000078)",Unfall 15182 (2017) Kat:3,15182,3,1,8,05,07,1,0,,0,1,0,0
"POINT (9.507355600000039 52.477564332000043)",Unfall 15183 (2017) Kat:3,15183,3,7,0,05,03,1,0,,0,1,0,0
"POINT (9.631251139000028 52.505573294000044)",Unfall 15184 (2017) Kat:3,15184,3,3,5,05,10,1,0,,1,1,0,0
"POINT (9.945751072000064 52.289960752000070)",Unfall 15185 (2017) Kat:3,15185,3,1,8,05,22,1,0,,0,1,0,0
"POINT (9.857573410000043 52.387921646000052)",Unfall 15212 (2017) Kat:3,15212,3,6,2,05,11,7,0,,0,1,0,0
"POINT (9.726552225000035 52.234876861000032)",Unfall 15213 (2017) Kat:3,15213,3,6,3,05,17,7,0,,0,1,0,1
"POINT (9.973819907000063 52.385143057000050)",Unfall 15214 (2017) Kat:2,15214,2,1,8,05,14,7,0,,0,0,0,1
"POINT (9.942820616000063 52.442959735000045)",Unfall 15215 (2017) Kat:3,15215,3,6,2,05,10,7,0,,0,1,0,0
"POINT (9.900007163000055 52.398226704000081)",Unfall 15216 (2017) Kat:3,15216,3,6,0,05,18,7,0,,0,1,0,0
"POINT (9.832294575000049 52.422127896000063)",Unfall 15217 (2017) Kat:3,15217,3,6,8,05,17,7,0,,0,1,0,0
"POINT (9.750730972000042 52.595539985000073)",Unfall 15219 (2017) Kat:3,15219,3,6,2,05,09,7,0,,0,1,0,0
"POINT (9.404515020000076 52.331543929000077)",Unfall 15220 (2017) Kat:3,15220,3,6,2,05,09,7,0,,0,1,0,0
"POINT (9.877292374000035 52.352666315000079)",Unfall 15221 (2017) Kat:3,15221,3,7,3,05,03,7,0,,0,1,0,0
"POINT (9.613920468000060 52.316359408000039)",Unfall 15256 (2017) Kat:3,15256,3,2,2,05,12,6,0,,0,1,0,0
"POINT (9.601626951000071 52.325644050000051)",Unfall 15257 (2017) Kat:3,15257,3,2,2,05,08,6,0,,0,0,0,0
"POINT (9.858068896000077 52.482838779000076)",Unfall 15258 (2017) Kat:3,15258,3,2,2,05,12,6,1,,0,1,0,1
"POINT (9.694755567000073 52.419535759000041)",Unfall 15259 (2017) Kat:2,15259,2,3,5,05,11,6,1,,0,1,0,0
"POINT (9.753306998000028 52.369999533000055)",Unfall 15260 (2017) Kat:2,15260,2,3,5,05,08,6,0,,1,1,0,0
"POINT (9.697752353000055 52.377128287000062)",Unfall 15310 (2017) Kat:3,15310,3,6,2,05,19,5,1,,0,1,0,0
"POINT (9.762534930000072 52.342325981000045)",Unfall 15311 (2017) Kat:3,15311,3,6,2,05,14,5,0,,0,1,0,0
"POINT (9.383237701000041 52.457043029000033)",Unfall 15312 (2017) Kat:3,15312,3,2,2,05,15,5,0,,0,1,0,0
"POINT (9.592709211000056 52.405904446000079)",Unfall 15313 (2017) Kat:3,15313,3,6,4,05,11,5,0,,0,1,0,0
"POINT (9.626449174000072 52.268240810000066)",Unfall 15314 (2017) Kat:3,15314,3,2,5,05,12,5,0,,0,1,0,0
"POINT (9.941559732000030 52.498816622000049)",Unfall 15315 (2017) Kat:3,15315,3,3,5,05,14,5,0,,1,1,0,0
"POINT (9.877428374000033 52.582876911000028)",Unfall 15316 (2017) Kat:3,15316,3,7,8,05,03,5,0,,0,1,0,0
"POINT (10.012475759000040 52.449501952000048)",Unfall 15317 (2017) Kat:3,15317,3,6,2,05,17,5,1,,0,1,0,0
"POINT (9.724993256000062 52.376728015000026)",Unfall 15318 (2017) Kat:3,15318,3,7,5,05,10,5,0,,0,1,0,0
"POINT (9.784576100000038 52.321355233000077)",Unfall 15320 (2017) Kat:3,15320,3,1,8,05,09,4,0,,0,1,0,0
"POINT (9.726289665000024 52.380792761000066)",Unfall 15321 (2017) Kat:3,15321,3,7,0,05,10,4,0,,1,0,0,0
"POINT (9.678379183000061 52.230046088000051)",Unfall 15363 (2017) Kat:3,15363,3,1,8,05,22,3,0,,0,1,0,0
"POINT (9.646154054000022 52.403887599000029)",Unfall 15364 (2017) Kat:3,15364,3,2,5,05,08,3,1,,1,1,0,0
"POINT (9.747262620000072 52.323978640000064)",Unfall 15365 (2017) Kat:3,15365,3,3,5,05,16,3,1,,1,1,0,0
"POINT (9.667470844000036 52.340783641000030)",Unfall 15366 (2017) Kat:3,15366,3,2,5,05,10,3,0,,1,1,0,0
"POINT (9.665585494000027 52.339057807000074)",Unfall 15367 (2017) Kat:3,15367,3,3,5,05,08,3,0,,1,1,0,0
"POINT (9.629684994000058 52.330486164000035)",Unfall 15368 (2017) Kat:3,15368,3,7,9,05,02,3,0,,0,1,0,0
"POINT (9.731458798000062 52.433087852000028)",Unfall 15369 (2017) Kat:3,15369,3,5,3,05,16,3,1,,0,1,0,0
"POINT (9.753141647000064 52.369978446000061)",Unfall 15372 (2017) Kat:3,15372,3,2,5,05,17,4,0,,1,1,0,0
"POINT (9.697343644000057 52.341715923000038)",Unfall 15374 (2017) Kat:3,15374,3,3,5,05,16,3,1,,0,1,0,0
"POINT (10.096322506000035 52.364844928000082)",Unfall 15376 (2017) Kat:3,15376,3,6,2,05,15,3,0,,0,0,0,0
"POINT (9.814115919000074 52.429161792000059)",Unfall 15377 (2017) Kat:3,15377,3,6,2,05,13,3,0,,0,1,0,0
"POINT (9.694785376000027 52.419517466000059)",Unfall 15379 (2017) Kat:3,15379,3,2,5,05,09,3,0,,0,1,1,0
"POINT (9.838540705000071 52.418304870000043)",Unfall 15380 (2017) Kat:3,15380,3,6,2,05,05,3,0,,0,0,0,1
"POINT (9.715155857000070 52.366662042000030)",Unfall 15431 (2017) Kat:3,15431,3,5,3,05,08,2,0,,1,1,0,0
"POINT (9.663349831000062 52.376979709000068)",Unfall 15432 (2017) Kat:3,15432,3,2,5,05,07,2,0,,1,1,0,0
"POINT (9.827073779000045 52.342840455000044)",Unfall 15433 (2017) Kat:3,15433,3,6,2,05,15,2,0,,0,1,0,0
"POINT (9.764327899000023 52.342738104000034)",Unfall 15434 (2017) Kat:3,15434,3,6,2,05,15,2,0,,0,1,0,0
"POINT (9.353370651000034 52.407221706000030)",Unfall 15435 (2017) Kat:3,15435,3,1,8,05,15,2,0,,0,1,0,0
"POINT (9.654544392000048 52.239103285000056)",Unfall 15436 (2017) Kat:3,15436,3,7,1,05,08,2,0,,0,1,0,0
"POINT (9.646246348000034 52.401916613000026)",Unfall 15437 (2017) Kat:3,15437,3,3,5,05,17,2,0,,1,1,0,0
"POINT (9.767812710000044 52.296775480000065)",Unfall 15438 (2017) Kat:3,15438,3,3,5,05,19,2,0,,1,1,0,0
"POINT (9.722934076000058 52.325786251000068)",Unfall 15439 (2017) Kat:3,15439,3,2,2,05,10,2,0,,0,1,0,0
"POINT (9.457117638000057 52.505715502000044)",Unfall 15440 (2017) Kat:3,15440,3,3,5,05,10,2,0,,1,1,0,0
"POINT (9.732952987000033 52.438633300000049)",Unfall 15441 (2017) Kat:3,15441,3,3,5,05,11,2,0,,1,1,0,0
"POINT (9.788199857000052 52.454759161000027)",Unfall 15442 (2017) Kat:3,15442,3,3,5,05,07,2,0,,0,1,0,0
"POINT (10.012349191000055 52.448220678000041)",Unfall 15443 (2017) Kat:3,15443,3,6,3,05,18,2,0,,0,1,0,0
"POINT (9.835786425000038 52.420036719000052)",Unfall 15444 (2017) Kat:3,15444,3,6,2,05,00,2,0,,0,1,0,0
"POINT (9.479548192000038 52.390638798000055)",Unfall 15446 (2017) Kat:3,15446,3,6,2,05,08,2,0,,0,1,0,0
"POINT (9.733381623000071 52.427245680000055)",Unfall 15447 (2017) Kat:3,15447,3,3,5,05,07,2,0,,0,1,0,0
"POINT (9.795942574000037 52.351360156000055)",Unfall 15490 (2017) Kat:3,15490,3,1,4,05,15,1,0,,0,1,0,0
"POINT (9.733770320000076 52.417646400000081)",Unfall 15491 (2017) Kat:3,15491,3,6,2,05,13,4,0,,0,1,0,0
"POINT (9.762048038000046 52.205995155000039)",Unfall 15492 (2017) Kat:3,15492,3,2,3,05,10,1,0,,0,1,0,0
"POINT (9.720270651000021 52.391649781000069)",Unfall 15493 (2017) Kat:3,15493,3,2,6,05,12,4,0,,0,1,1,0
"POINT (9.645068345000027 52.397229903000039)",Unfall 15495 (2017) Kat:3,15495,3,6,4,05,18,1,0,,0,1,0,0
"POINT (9.450623098000051 52.467363962000036)",Unfall 15496 (2017) Kat:3,15496,3,1,0,05,12,1,1,,1,0,0,0
"POINT (9.611203356000033 52.432103395000070)",Unfall 15497 (2017) Kat:3,15497,3,3,5,05,14,1,0,,1,1,0,0
"POINT (9.499002825000048 52.425397382000028)",Unfall 15498 (2017) Kat:2,15498,2,1,8,05,21,1,0,,0,1,0,0
"POINT (10.047260997000024 52.374805419000040)",Unfall 15499 (2017) Kat:2,15499,2,7,8,05,17,1,0,,0,1,0,0
"POINT (9.595912132000024 52.386594759000047)",Unfall 15500 (2017) Kat:2,15500,2,6,2,05,12,1,0,,0,0,0,1
"POINT (10.192248764000055 52.444078640000043)",Unfall 15501 (2017) Kat:1,15501,1,1,8,05,11,1,0,,0,1,0,0
"POINT (9.712204978000045 52.429375565000043)",Unfall 15502 (2017) Kat:3,15502,3,6,2,05,15,1,0,,0,1,0,0
"POINT (9.514785026000027 52.283434052000075)",Unfall 15555 (2017) Kat:3,15555,3,2,2,05,12,7,0,,0,1,0,0
"POINT (9.977290356000026 52.374915308000027)",Unfall 15556 (2017) Kat:3,15556,3,1,8,05,17,7,0,,1,1,0,0
"POINT (9.526682013000027 52.512644827000031)",Unfall 15557 (2017) Kat:2,15557,2,1,0,05,23,7,0,,1,0,0,0
"POINT (9.733370984000032 52.420604291000075)",Unfall 15558 (2017) Kat:3,15558,3,2,2,05,16,7,0,,0,1,0,0
"POINT (9.746584576000032 52.600057872000036)",Unfall 15559 (2017) Kat:3,15559,3,6,2,05,09,7,0,,0,1,0,0
"POINT (9.788396774000034 52.455742231000045)",Unfall 15568 (2017) Kat:3,15568,3,6,2,05,15,4,0,,0,1,0,0
"POINT (9.844016682000074 52.273985537000044)",Unfall 15612 (2017) Kat:3,15612,3,2,5,05,18,6,0,,1,1,0,0
"POINT (9.781606436000061 52.424866774000066)",Unfall 15613 (2017) Kat:3,15613,3,6,2,05,06,6,0,,0,1,0,0
"POINT (9.729881576000025 52.382126030000052)",Unfall 15614 (2017) Kat:3,15614,3,6,2,05,16,6,0,,0,1,0,0
"POINT (9.725381646000074 52.322636021000051)",Unfall 15615 (2017) Kat:3,15615,3,2,5,05,19,6,0,,1,1,0,0
"POINT (9.732328802000041 52.311530603000051)",Unfall 15616 (2017) Kat:3,15616,3,6,2,05,12,6,0,,0,1,0,0
"POINT (9.604641104000052 52.279681275000030)",Unfall 15617 (2017) Kat:3,15617,3,1,8,05,08,6,0,,0,1,0,0
"POINT (9.295163008000031 52.492637733000038)",Unfall 15618 (2017) Kat:3,15618,3,3,5,05,16,6,0,,1,1,0,0
"POINT (9.483076162000032 52.293073887000048)",Unfall 15619 (2017) Kat:3,15619,3,6,2,05,07,6,0,,0,1,0,0
"POINT (10.004457751000075 52.498919085000068)",Unfall 15620 (2017) Kat:3,15620,3,6,2,05,20,6,0,,0,1,0,0
"POINT (9.828295962000027 52.360891081000034)",Unfall 15621 (2017) Kat:3,15621,3,6,4,05,17,6,0,,1,0,0,0
"POINT (9.733635800000059 52.369154852000065)",Unfall 15622 (2017) Kat:3,15622,3,3,5,05,12,6,0,,1,1,0,0
"POINT (9.822714927000050 52.406438996000077)",Unfall 15623 (2017) Kat:3,15623,3,2,5,05,11,6,0,,0,1,0,0
"POINT (10.061063570000044 52.449124463000032)",Unfall 15698 (2017) Kat:3,15698,3,3,5,05,14,5,0,,0,1,0,0
"POINT (9.776060961000042 52.553376994000075)",Unfall 15707 (2017) Kat:3,15707,3,3,5,06,16,4,1,,0,1,0,0
"POINT (9.739197081000043 52.368206993000058)",Unfall 15710 (2017) Kat:2,15710,2,2,3,06,17,4,0,,1,1,0,0
"POINT (9.964447648000032 52.456161539000050)",Unfall 15711 (2017) Kat:1,15711,1,6,4,06,06,4,0,,0,1,0,0
"POINT (9.734865001000060 52.391268017000073)",Unfall 15712 (2017) Kat:2,15712,2,4,6,06,07,4,0,,1,0,1,0
"POINT (9.714263744000050 52.361111652000034)",Unfall 15760 (2017) Kat:3,15760,3,2,5,06,16,3,0,,0,1,0,0
"POINT (9.488215342000046 52.556381282000075)",Unfall 15761 (2017) Kat:3,15761,3,3,5,06,17,3,0,,1,1,0,0
"POINT (9.968835636000051 52.331480523000039)",Unfall 15762 (2017) Kat:3,15762,3,3,5,06,13,3,0,,0,1,0,0
"POINT (9.970764643000052 52.314948275000063)",Unfall 15763 (2017) Kat:3,15763,3,7,6,06,12,3,0,,0,1,1,0
"POINT (9.925952026000061 52.509342681000078)",Unfall 15764 (2017) Kat:3,15764,3,2,5,06,13,3,0,,0,1,0,0
"POINT (9.735629553000024 52.403089751000039)",Unfall 15765 (2017) Kat:3,15765,3,4,6,06,16,3,0,,0,0,1,0
"POINT (9.633384392000039 52.421938125000054)",Unfall 15766 (2017) Kat:3,15766,3,6,2,06,14,3,0,,0,1,0,0
"POINT (9.408719560000066 52.427130807000026)",Unfall 15817 (2017) Kat:3,15817,3,6,2,06,18,2,0,,0,1,0,0
"POINT (9.769945404000055 52.173724094000079)",Unfall 15818 (2017) Kat:3,15818,3,6,8,06,12,2,0,,0,0,0,1
"POINT (9.579452846000038 52.443194979000054)",Unfall 15819 (2017) Kat:3,15819,3,6,4,06,22,2,0,,1,0,0,0
"POINT (9.595542032000026 52.148941675000060)",Unfall 15851 (2017) Kat:3,15851,3,1,0,06,17,1,0,,0,0,0,1
"POINT (9.727352339000049 52.489494140000033)",Unfall 15852 (2017) Kat:2,15852,2,6,3,06,18,1,0,,0,1,0,1
"POINT (9.772634139000047 52.520474242000034)",Unfall 15895 (2017) Kat:3,15895,3,6,2,06,13,7,0,,0,1,0,0
"POINT (9.809996308000052 52.530324566000047)",Unfall 15896 (2017) Kat:3,15896,3,6,2,06,15,7,0,,0,1,0,0
"POINT (9.714497703000063 52.361025442000027)",Unfall 15941 (2017) Kat:3,15941,3,2,5,06,19,6,1,,0,1,0,0
"POINT (9.719841631000065 52.367745952000064)",Unfall 15947 (2017) Kat:3,15947,3,1,0,06,21,6,0,,1,0,0,0
"POINT (9.436580459000027 52.419644707000032)",Unfall 15950 (2017) Kat:3,15950,3,3,5,06,16,6,1,,0,1,0,0
"POINT (9.613572387000033 52.392191558000036)",Unfall 15951 (2017) Kat:3,15951,3,3,5,06,07,6,0,,1,1,0,0
"POINT (9.584547982000061 52.460941371000047)",Unfall 15952 (2017) Kat:3,15952,3,1,4,06,18,6,1,,0,1,0,1
"POINT (9.964117355000042 52.365706365000051)",Unfall 15953 (2017) Kat:3,15953,3,2,5,06,15,6,1,,1,1,0,0
"POINT (10.136239182000054 52.416636619000030)",Unfall 15954 (2017) Kat:3,15954,3,7,4,06,18,6,0,,0,1,0,0
"POINT (9.412674456000048 52.333204189000071)",Unfall 15955 (2017) Kat:2,15955,2,1,8,06,15,6,1,,0,0,0,1
"POINT (9.465014329000042 52.380388286000027)",Unfall 15957 (2017) Kat:3,15957,3,6,2,06,16,6,1,,0,1,0,0
"POINT (9.697725342000069 52.376366476000044)",Unfall 15985 (2017) Kat:3,15985,3,6,2,06,15,6,0,,0,1,0,0
"POINT (9.697739734000038 52.376356170000065)",Unfall 15986 (2017) Kat:3,15986,3,6,2,06,11,6,0,,0,1,0,0
"POINT (9.791886755000064 52.335037427000032)",Unfall 15988 (2017) Kat:3,15988,3,3,5,06,16,6,0,,1,1,0,0
"POINT (9.727230528000064 52.387935336000055)",Unfall 15990 (2017) Kat:3,15990,3,3,5,06,12,6,0,,0,1,0,1
"POINT (9.800053457000047 52.406780654000045)",Unfall 15995 (2017) Kat:3,15995,3,4,6,06,09,6,0,,0,1,1,0
"POINT (9.670721872000058 52.238940966000030)",Unfall 15998 (2017) Kat:3,15998,3,2,0,06,14,6,0,,1,0,1,0
"POINT (9.555835395000031 52.204809421000050)",Unfall 16000 (2017) Kat:3,16000,3,3,5,06,11,6,0,,1,0,0,0
"POINT (9.679821956000069 52.309580211000082)",Unfall 16002 (2017) Kat:3,16002,3,3,5,06,12,6,0,,0,1,0,0
"POINT (9.909578878000048 52.314267073000053)",Unfall 16003 (2017) Kat:3,16003,3,7,9,06,16,6,0,,0,1,0,0
"POINT (9.741813780000030 52.437575128000049)",Unfall 16005 (2017) Kat:3,16005,3,2,4,06,12,6,0,,1,1,0,0
"POINT (10.133296100000052 52.459140038000044)",Unfall 16006 (2017) Kat:3,16006,3,3,5,06,15,6,0,,0,1,0,0
"POINT (9.603681071000040 52.190306068000041)",Unfall 16007 (2017) Kat:2,16007,2,7,7,06,18,6,0,,1,0,0,0
"POINT (9.582617299000049 52.640361412000061)",Unfall 16008 (2017) Kat:2,16008,2,6,2,06,20,6,0,,1,0,0,0
"POINT (9.718249861000061 52.394267579000029)",Unfall 16047 (2017) Kat:3,16047,3,1,0,06,07,5,1,,1,0,0,0
"POINT (9.635865999000032 52.196326839000051)",Unfall 16048 (2017) Kat:3,16048,3,2,5,06,13,5,0,,0,1,0,0
"POINT (9.784652964000031 52.519850449000046)",Unfall 16049 (2017) Kat:3,16049,3,3,5,06,16,5,0,,0,1,0,0
"POINT (9.744592853000029 52.453446930000041)",Unfall 16050 (2017) Kat:3,16050,3,4,6,06,12,5,0,,0,1,1,0
"POINT (9.799881484000025 52.407575134000069)",Unfall 16052 (2017) Kat:3,16052,3,1,0,06,10,5,1,,1,0,0,0
"POINT (9.726782768000021 52.375721164000026)",Unfall 16053 (2017) Kat:2,16053,2,3,5,06,09,5,1,,1,1,0,0
"POINT (9.750867131000064 52.369367893000060)",Unfall 16055 (2017) Kat:2,16055,2,2,5,06,16,5,0,,1,1,0,0
"POINT (9.664594299000044 52.384324302000039)",Unfall 16116 (2017) Kat:3,16116,3,6,3,06,08,5,0,,0,1,0,0
"POINT (9.832462067000051 52.280512063000060)",Unfall 16118 (2017) Kat:3,16118,3,3,5,06,11,5,0,,1,1,0,0
"POINT (9.733629521000069 52.384806488000038)",Unfall 16120 (2017) Kat:3,16120,3,3,5,06,22,5,0,,1,1,0,0
"POINT (9.736219289000076 52.399080096000034)",Unfall 16122 (2017) Kat:3,16122,3,6,6,06,05,5,0,,1,0,1,0
"POINT (9.427614899000048 52.430955038000036)",Unfall 16123 (2017) Kat:3,16123,3,4,6,06,09,5,0,,0,1,1,0
"POINT (9.617710357000021 52.535274240000035)",Unfall 16124 (2017) Kat:3,16124,3,6,3,06,12,5,0,,0,1,0,0
"POINT (9.908015680000062 52.357094116000042)",Unfall 16125 (2017) Kat:3,16125,3,6,2,06,06,5,0,,0,1,0,0
"POINT (9.715364060000070 52.440801123000028)",Unfall 16126 (2017) Kat:3,16126,3,6,2,06,16,5,0,,0,1,0,0
"POINT (9.853556177000030 52.565253094000070)",Unfall 16128 (2017) Kat:3,16128,3,3,0,06,18,5,0,,1,1,0,0
"POINT (10.260030321000045 52.478457901000070)",Unfall 16129 (2017) Kat:3,16129,3,2,3,06,06,5,0,,0,1,0,0
"POINT (9.720987617000048 52.341377148000049)",Unfall 16131 (2017) Kat:3,16131,3,6,2,06,15,5,0,,0,1,0,1
"POINT (9.805359172000067 52.408153283000047)",Unfall 16132 (2017) Kat:2,16132,2,3,5,06,14,5,0,,0,1,0,0
"POINT (9.734022788000061 52.387036143000046)",Unfall 16134 (2017) Kat:3,16134,3,6,4,06,08,5,0,,1,0,0,0
"POINT (9.667839622000031 52.427894740000056)",Unfall 16135 (2017) Kat:3,16135,3,6,2,06,06,5,0,,0,1,0,0
"POINT (9.779778934000035 52.327558827000075)",Unfall 16195 (2017) Kat:3,16195,3,6,2,06,11,5,0,,0,1,0,0
"POINT (9.646483190000026 52.399327334000077)",Unfall 16196 (2017) Kat:3,16196,3,3,5,06,15,5,0,,1,0,0,0
"POINT (9.591219912000042 52.373884641000075)",Unfall 16197 (2017) Kat:3,16197,3,1,9,06,20,5,1,,0,1,0,0
"POINT (9.629429395000045 52.549348410000050)",Unfall 16198 (2017) Kat:3,16198,3,2,5,06,15,5,0,,0,1,0,0
"POINT (9.971487211000067 52.369218036000063)",Unfall 16199 (2017) Kat:3,16199,3,2,3,06,07,5,0,,1,1,0,0
"POINT (9.835102766000034 52.361286047000078)",Unfall 16200 (2017) Kat:3,16200,3,1,0,06,23,5,1,,1,0,0,0
"POINT (9.781359356000053 52.425072429000068)",Unfall 16201 (2017) Kat:2,16201,2,6,3,06,19,5,0,,0,1,0,1
"POINT (9.729892108000058 52.383990087000029)",Unfall 16256 (2017) Kat:3,16256,3,2,4,06,18,4,0,,1,1,0,0
"POINT (9.734032159000037 52.412602377000042)",Unfall 16257 (2017) Kat:3,16257,3,6,2,06,12,4,0,,0,1,0,0
"POINT (9.707882917000063 52.409924847000070)",Unfall 16258 (2017) Kat:3,16258,3,6,2,06,14,4,0,,0,1,0,0
"POINT (9.593855321000035 52.333710362000033)",Unfall 16259 (2017) Kat:3,16259,3,6,2,06,10,4,0,,0,1,0,0
"POINT (9.956348648000073 52.319038400000068)",Unfall 16260 (2017) Kat:3,16260,3,6,2,06,16,4,0,,0,1,0,0
"POINT (9.945259834000069 52.333456759000057)",Unfall 16261 (2017) Kat:3,16261,3,2,2,06,13,4,0,,0,1,0,0
"POINT (9.752760183000021 52.452714061000052)",Unfall 16262 (2017) Kat:3,16262,3,7,0,06,07,4,0,,1,1,0,0
"POINT (9.810899281000047 52.458395643000074)",Unfall 16263 (2017) Kat:2,16263,2,3,5,06,19,4,0,,1,1,0,0
"POINT (9.786108283000033 52.372249511000064)",Unfall 16264 (2017) Kat:3,16264,3,6,2,06,17,4,0,,0,1,0,0
"POINT (9.479428684000027 52.334719121000035)",Unfall 16265 (2017) Kat:2,16265,2,1,9,06,15,4,0,,0,1,0,0
"POINT (9.807178524000051 52.336124916000074)",Unfall 16266 (2017) Kat:3,16266,3,3,3,06,15,4,0,,0,1,0,0
"POINT (9.728501322000057 52.454112883000050)",Unfall 16267 (2017) Kat:2,16267,2,4,6,06,14,4,0,,0,1,1,0
"POINT (9.654728360000036 52.425210744000026)",Unfall 16268 (2017) Kat:3,16268,3,6,2,06,10,4,0,,0,1,0,0
"POINT (9.599054489000025 52.423080342000048)",Unfall 16270 (2017) Kat:3,16270,3,6,2,06,08,4,0,,0,1,0,0
"POINT (9.719158876000051 52.347350901000027)",Unfall 16312 (2017) Kat:3,16312,3,3,2,06,14,3,0,,0,0,0,1
"POINT (9.786890566000068 52.319098315000076)",Unfall 16313 (2017) Kat:3,16313,3,6,6,06,17,3,0,,0,1,1,0
"POINT (9.530436504000022 52.364447155000050)",Unfall 16314 (2017) Kat:3,16314,3,7,9,06,13,3,0,,0,0,0,0
"POINT (9.455872260000035 52.481955835000065)",Unfall 16315 (2017) Kat:3,16315,3,6,4,06,13,3,0,,0,1,0,0
"POINT (9.351961304000042 52.500630107000063)",Unfall 16316 (2017) Kat:3,16316,3,1,8,06,20,3,0,,1,0,0,0
"POINT (9.605050233000043 52.453608564000035)",Unfall 16317 (2017) Kat:3,16317,3,2,2,06,16,3,0,,0,1,0,0
"POINT (9.772931669000059 52.520453994000036)",Unfall 16318 (2017) Kat:3,16318,3,6,2,06,17,3,0,,0,1,0,0
"POINT (10.014501261000021 52.382816408000053)",Unfall 16319 (2017) Kat:3,16319,3,3,5,06,17,3,0,,0,1,0,0
"POINT (9.828334240000061 52.416323210000030)",Unfall 16320 (2017) Kat:3,16320,3,7,0,06,16,3,0,,0,1,0,0
"POINT (9.884810247000075 52.398756140000046)",Unfall 16321 (2017) Kat:3,16321,3,6,2,06,08,3,0,,0,1,0,0
"POINT (9.708812175000048 52.429656724000040)",Unfall 16322 (2017) Kat:3,16322,3,6,2,06,11,3,0,,0,0,0,0
"POINT (9.740445284000032 52.368060635000063)",Unfall 16323 (2017) Kat:3,16323,3,4,6,06,08,3,0,,0,1,1,0
"POINT (9.714321613000038 52.362150755000073)",Unfall 16385 (2017) Kat:3,16385,3,2,5,06,21,2,0,,0,1,0,0
"POINT (9.861541133000060 52.382003632000078)",Unfall 16386 (2017) Kat:3,16386,3,2,2,06,08,2,0,,0,1,0,0
"POINT (9.793243567000047 52.415528215000052)",Unfall 16389 (2017) Kat:3,16389,3,2,5,06,07,2,0,,1,1,0,0
"POINT (9.429986461000055 52.426168440000026)",Unfall 16390 (2017) Kat:2,16390,2,2,5,06,16,2,0,,1,1,0,0
"POINT (9.416859299000066 52.427819756000076)",Unfall 16392 (2017) Kat:3,16392,3,2,5,06,15,2,0,,1,1,0,0
"POINT (9.562327395000068 52.449982792000071)",Unfall 16393 (2017) Kat:3,16393,3,6,2,06,19,2,0,,0,1,0,0
"POINT (9.963876798000058 52.312857739000037)",Unfall 16395 (2017) Kat:3,16395,3,3,5,06,13,2,0,,1,1,0,0
"POINT (9.911317972000063 52.355915781000078)",Unfall 16397 (2017) Kat:3,16397,3,6,2,06,08,2,0,,0,1,0,0
"POINT (9.956553681000059 52.301678509000055)",Unfall 16398 (2017) Kat:2,16398,2,1,8,06,11,2,0,,0,1,0,0
"POINT (9.764569552000069 52.343049881000070)",Unfall 16404 (2017) Kat:3,16404,3,6,2,06,08,2,0,,0,1,0,0
"POINT (9.297119416000044 52.496212004000029)",Unfall 16405 (2017) Kat:3,16405,3,6,4,06,15,2,0,,0,1,0,0
"POINT (9.878943177000053 52.509235309000076)",Unfall 16406 (2017) Kat:3,16406,3,5,1,06,09,2,0,,1,1,0,0
"POINT (10.032109539000032 52.379097829000045)",Unfall 16407 (2017) Kat:2,16407,2,6,2,06,19,2,0,,0,1,0,0
"POINT (9.712400399000046 52.403702059000068)",Unfall 16408 (2017) Kat:3,16408,3,3,5,06,17,2,0,,1,1,0,0
"POINT (10.173254360000044 52.432855715000073)",Unfall 16409 (2017) Kat:3,16409,3,3,5,06,21,2,0,,1,1,0,0
"POINT (9.811648039000033 52.305565356000045)",Unfall 16410 (2017) Kat:3,16410,3,7,0,06,12,2,0,,0,1,0,0
"POINT (9.652122801000076 52.415920364000044)",Unfall 16412 (2017) Kat:3,16412,3,3,5,06,12,2,0,,1,1,0,0
"POINT (9.731824591000077 52.430374117000042)",Unfall 16414 (2017) Kat:2,16414,2,5,0,06,11,2,0,,1,1,0,0
"POINT (9.850492459000066 52.411142045000076)",Unfall 16416 (2017) Kat:2,16416,2,6,2,06,09,2,0,,0,0,0,0
"POINT (9.464946595000072 52.407973801000026)",Unfall 16417 (2017) Kat:2,16417,2,2,5,06,05,2,0,,1,1,0,0
"POINT (9.898230622000028 52.397524856000075)",Unfall 16419 (2017) Kat:3,16419,3,6,3,06,06,2,0,,0,1,0,0
"POINT (9.740144215000044 52.368247237000048)",Unfall 16498 (2017) Kat:3,16498,3,6,2,06,11,1,0,,0,1,0,0
"POINT (9.422248723000053 52.331420956000045)",Unfall 16500 (2017) Kat:3,16500,3,7,9,06,13,1,0,,0,1,1,0
"POINT (9.823433413000032 52.506862557000034)",Unfall 16501 (2017) Kat:2,16501,2,6,3,06,21,1,0,,0,1,0,0
"POINT (9.726761714000077 52.544573392000075)",Unfall 16503 (2017) Kat:2,16503,2,3,5,06,19,1,0,,0,1,0,1
"POINT (9.581148973000040 52.417875161000040)",Unfall 16515 (2017) Kat:3,16515,3,6,2,06,19,1,1,,0,1,0,0
"POINT (9.973743492000040 52.372618268000053)",Unfall 16517 (2017) Kat:3,16517,3,3,5,06,10,1,0,,1,1,0,0
"POINT (9.848596784000051 52.427730951000058)",Unfall 16518 (2017) Kat:3,16518,3,6,2,06,18,1,0,,0,1,0,0
"POINT (9.733829621000041 52.384611167000060)",Unfall 16520 (2017) Kat:3,16520,3,3,5,06,21,1,0,,1,1,0,0
"POINT (9.567807398000070 52.190590185000076)",Unfall 16522 (2017) Kat:2,16522,2,1,8,06,13,1,0,,0,0,0,1
"POINT (9.477318934000039 52.387303964000068)",Unfall 16523 (2017) Kat:2,16523,2,2,5,06,13,1,0,,0,1,0,1
"POINT (9.970365843000025 52.315000541000074)",Unfall 16562 (2017) Kat:3,16562,3,3,5,06,09,7,0,,1,1,0,0
"POINT (9.422173818000033 52.429367128000081)",Unfall 16603 (2017) Kat:3,16603,3,2,5,06,15,7,0,,1,1,0,0
"POINT (9.417808821000051 52.576673757000037)",Unfall 16604 (2017) Kat:3,16604,3,7,0,06,15,7,0,,1,0,0,0
"POINT (9.541678825000076 52.339913859000035)",Unfall 16605 (2017) Kat:3,16605,3,1,9,06,03,7,0,,0,1,0,0
"POINT (9.960170983000069 52.317229258000054)",Unfall 16611 (2017) Kat:3,16611,3,6,2,06,18,7,0,,0,1,0,0
"POINT (9.805898779000074 52.482108415000027)",Unfall 16614 (2017) Kat:2,16614,2,3,5,06,20,7,0,,1,1,0,0
"POINT (9.655221826000059 52.350046362000057)",Unfall 16616 (2017) Kat:2,16616,2,1,8,06,18,7,0,,0,0,0,1
"POINT (9.456134121000048 52.375392280000028)",Unfall 16618 (2017) Kat:3,16618,3,7,2,06,13,7,0,,0,1,0,0
"POINT (9.782034425000063 52.424743211000077)",Unfall 16620 (2017) Kat:3,16620,3,6,2,06,07,7,0,,0,1,0,1
"POINT (9.492621782000072 52.399650404000056)",Unfall 16621 (2017) Kat:3,16621,3,6,3,06,03,7,0,,0,1,0,0
"POINT (9.734486553000068 52.614420414000051)",Unfall 16647 (2017) Kat:2,16647,2,6,2,06,11,6,0,,0,1,0,0
"POINT (9.847949688000028 52.360033386000055)",Unfall 16661 (2017) Kat:3,16661,3,3,5,06,08,6,0,,1,0,0,0
"POINT (9.763887725000075 52.551383020000060)",Unfall 16667 (2017) Kat:3,16667,3,3,5,06,21,6,0,,0,1,0,0
"POINT (9.970386860000076 52.388422524000077)",Unfall 16670 (2017) Kat:3,16670,3,6,2,06,15,6,0,,0,1,0,0
"POINT (9.734129137000025 52.438518689000034)",Unfall 16673 (2017) Kat:3,16673,3,2,5,06,15,6,0,,0,1,0,0
"POINT (9.734284415000047 52.387234162000027)",Unfall 16679 (2017) Kat:3,16679,3,1,0,06,16,6,0,,1,0,0,0
"POINT (9.639834230000076 52.422506051000028)",Unfall 16680 (2017) Kat:2,16680,2,6,2,06,15,6,0,,0,1,0,0
"POINT (9.715540898000029 52.366732318000061)",Unfall 16726 (2017) Kat:3,16726,3,5,1,06,17,2,0,,1,1,0,0
"POINT (9.790278162000050 52.559436163000044)",Unfall 16727 (2017) Kat:3,16727,3,7,3,06,13,2,0,,0,1,0,0
"POINT (9.839648747000069 52.417607163000071)",Unfall 16728 (2017) Kat:3,16728,3,6,2,06,12,2,0,,0,1,0,0
"POINT (9.969793059000040 52.389988848000030)",Unfall 16729 (2017) Kat:3,16729,3,6,2,06,12,2,0,,0,1,0,0
"POINT (9.582660021000038 52.353423872000064)",Unfall 16730 (2017) Kat:3,16730,3,1,9,06,07,2,1,,0,1,0,0
"POINT (9.799437382000065 52.409440168000060)",Unfall 16731 (2017) Kat:3,16731,3,3,5,06,09,2,0,,1,0,0,1
"POINT (9.822839662000035 52.308825614000057)",Unfall 16732 (2017) Kat:1,16732,1,1,8,06,08,2,1,,0,0,0,1
"POINT (9.715801769000052 52.243782860000067)",Unfall 16763 (2017) Kat:3,16763,3,3,5,06,17,1,1,,0,1,0,0
"POINT (9.761807742000030 52.260791402000052)",Unfall 16764 (2017) Kat:3,16764,3,6,2,06,17,1,1,,0,1,0,0
"POINT (9.588911470000028 52.395656600000052)",Unfall 16765 (2017) Kat:3,16765,3,3,5,06,22,1,1,,0,1,0,1
"POINT (9.768444427000077 52.338451959000054)",Unfall 16766 (2017) Kat:3,16766,3,6,0,06,18,1,1,,0,1,0,0
"POINT (9.730215378000025 52.371105886000066)",Unfall 16767 (2017) Kat:3,16767,3,7,3,06,12,1,1,,0,1,0,0
"POINT (9.813320815000054 52.322398745000044)",Unfall 16768 (2017) Kat:3,16768,3,1,9,06,13,1,1,,0,1,0,0
"POINT (9.746293410000021 52.188450212000077)",Unfall 16769 (2017) Kat:2,16769,2,6,8,06,11,1,0,,0,0,0,1
"POINT (9.732545713000036 52.383416086000068)",Unfall 16770 (2017) Kat:3,16770,3,3,5,06,06,1,0,,1,1,0,0
"POINT (9.730039420000026 52.318795180000052)",Unfall 16829 (2017) Kat:3,16829,3,6,4,06,18,7,0,,0,1,0,1
"POINT (9.801744724000059 52.431924744000071)",Unfall 16830 (2017) Kat:3,16830,3,4,6,06,14,7,0,,0,1,1,0
"POINT (9.615235736000045 52.530829876000041)",Unfall 16832 (2017) Kat:2,16832,2,1,4,06,09,7,0,,0,1,0,0
"POINT (9.629557979000026 52.421683739000059)",Unfall 16854 (2017) Kat:3,16854,3,1,9,07,10,7,1,,0,1,0,0
"POINT (9.655902799000046 52.406380995000063)",Unfall 16856 (2017) Kat:3,16856,3,1,8,07,00,7,1,,0,1,0,0
"POINT (9.815250054000046 52.363678945000061)",Unfall 16858 (2017) Kat:3,16858,3,3,5,07,08,7,1,,0,1,0,0
"POINT (9.733565087000045 52.384392761000072)",Unfall 16861 (2017) Kat:3,16861,3,6,2,07,12,7,1,,0,1,0,0
"POINT (9.811815631000059 52.409463752000079)",Unfall 16863 (2017) Kat:3,16863,3,1,9,07,11,7,1,,0,1,0,0
"POINT (9.757333040000049 52.319886720000056)",Unfall 16864 (2017) Kat:3,16864,3,3,5,07,18,7,1,,0,1,0,0
"POINT (9.725972645000070 52.603878809000037)",Unfall 16865 (2017) Kat:3,16865,3,6,2,07,11,7,1,,0,1,0,0
"POINT (10.133913220000068 52.459273402000065)",Unfall 16866 (2017) Kat:3,16866,3,6,2,07,12,7,1,,0,1,0,0
"POINT (9.798525826000059 52.351933192000047)",Unfall 16869 (2017) Kat:2,16869,2,6,4,07,18,7,1,,0,1,0,0
"POINT (9.780694103000030 52.326828123000041)",Unfall 16907 (2017) Kat:3,16907,3,7,0,06,17,6,0,,1,0,0,0
"POINT (9.590850864000061 52.423554867000064)",Unfall 16910 (2017) Kat:3,16910,3,6,3,06,15,6,0,,0,1,0,0
"POINT (9.721122026000046 52.361436512000068)",Unfall 16911 (2017) Kat:3,16911,3,2,5,06,12,6,0,,1,1,0,0
"POINT (9.555491378000056 52.275278728000046)",Unfall 16913 (2017) Kat:2,16913,2,2,2,06,09,6,0,,0,1,0,0
"POINT (9.804730740000025 52.337804445000074)",Unfall 16914 (2017) Kat:1,16914,1,1,8,06,01,6,1,,0,1,0,0
"POINT (9.722220638000067 52.362624626000070)",Unfall 16980 (2017) Kat:3,16980,3,2,5,06,22,6,1,,0,1,0,0
"POINT (9.748224165000067 52.363078174000066)",Unfall 16982 (2017) Kat:3,16982,3,4,6,06,14,6,0,,0,1,1,0
"POINT (9.739621169000031 52.319778445000054)",Unfall 16985 (2017) Kat:3,16985,3,6,2,06,18,6,0,,0,1,0,0
"POINT (9.444612197000026 52.474744182000052)",Unfall 16990 (2017) Kat:3,16990,3,6,2,06,19,6,1,,0,1,0,0
"POINT (9.446815403000073 52.504648110000062)",Unfall 16992 (2017) Kat:3,16992,3,2,2,06,07,6,1,,0,1,0,0
"POINT (9.461496930000067 52.311613467000029)",Unfall 16994 (2017) Kat:3,16994,3,1,8,06,22,6,1,,0,1,0,0
"POINT (9.965333717000021 52.390274865000038)",Unfall 16995 (2017) Kat:3,16995,3,1,9,06,11,6,1,,0,0,0,1
"POINT (9.611651367000036 52.301850801000057)",Unfall 16996 (2017) Kat:2,16996,2,1,9,06,05,6,1,,0,1,0,0
"POINT (9.698806338000054 52.347727868000050)",Unfall 17015 (2017) Kat:3,17015,3,2,5,06,17,5,0,,0,1,0,0
"POINT (9.388325719000022 52.432329266000067)",Unfall 17016 (2017) Kat:3,17016,3,3,5,06,14,5,0,,0,1,0,0
"POINT (9.582207057000062 52.397134155000060)",Unfall 17018 (2017) Kat:3,17018,3,6,4,06,20,5,0,,1,0,0,0
"POINT (9.894044387000065 52.443246428000066)",Unfall 17019 (2017) Kat:3,17019,3,2,2,06,17,5,0,,0,1,0,0
"POINT (9.752159867000046 52.547366063000027)",Unfall 17021 (2017) Kat:2,17021,2,6,4,06,18,5,0,,1,0,0,0
"POINT (9.645967862000020 52.423526939000055)",Unfall 17023 (2017) Kat:3,17023,3,6,2,06,18,5,0,,0,1,0,0
"POINT (9.556165589000045 52.203497242000026)",Unfall 17024 (2017) Kat:2,17024,2,6,2,06,14,5,0,,0,1,0,0
"POINT (9.837313614000038 52.396992668000053)",Unfall 17035 (2017) Kat:2,17035,2,2,5,06,06,5,0,,0,0,0,0
"POINT (9.727160935000029 52.366990602000044)",Unfall 17079 (2017) Kat:3,17079,3,1,0,06,15,5,1,,0,0,0,1
"POINT (9.795260409000036 52.415122747000055)",Unfall 17080 (2017) Kat:3,17080,3,3,5,06,06,5,0,,1,1,0,0
"POINT (9.608923087000051 52.217620466000028)",Unfall 17081 (2017) Kat:3,17081,3,7,9,06,19,5,1,,0,1,0,0
"POINT (9.489908127000035 52.487861622000082)",Unfall 17082 (2017) Kat:3,17082,3,1,8,06,15,5,1,,0,1,0,0
"POINT (9.735283357000071 52.394660313000031)",Unfall 17084 (2017) Kat:3,17084,3,4,6,06,19,5,1,,0,1,1,0
"POINT (9.826232223000034 52.354367159000049)",Unfall 17085 (2017) Kat:3,17085,3,6,2,06,19,5,1,,0,1,0,0
"POINT (9.747781668000073 52.363652969000043)",Unfall 17086 (2017) Kat:3,17086,3,2,5,06,17,5,1,,1,1,0,0
"POINT (9.746237451000070 52.427319877000059)",Unfall 17087 (2017) Kat:3,17087,3,6,3,06,13,5,1,,0,1,0,0
"POINT (9.676437197000041 52.355676947000063)",Unfall 17156 (2017) Kat:3,17156,3,2,3,06,09,4,0,,1,1,0,0
"POINT (9.724007384000061 52.377639188000046)",Unfall 17157 (2017) Kat:3,17157,3,2,3,06,17,4,0,,1,1,0,0
"POINT (9.495534305000035 52.338824270000032)",Unfall 17158 (2017) Kat:3,17158,3,2,2,06,17,4,1,,0,1,0,0
"POINT (9.481443244000047 52.301631223000072)",Unfall 17159 (2017) Kat:3,17159,3,3,5,06,16,4,1,,0,1,0,0
"POINT (9.459931386000051 52.306962804000079)",Unfall 17160 (2017) Kat:2,17160,2,2,4,06,11,4,1,,1,1,0,0
"POINT (9.862597025000071 52.372110167000073)",Unfall 17161 (2017) Kat:3,17161,3,6,3,06,17,4,0,,0,1,0,0
"POINT (9.590101240000024 52.439001480000059)",Unfall 17162 (2017) Kat:3,17162,3,6,2,06,19,4,1,,0,1,0,0
"POINT (9.608765196000036 52.443824045000042)",Unfall 17163 (2017) Kat:3,17163,3,2,2,06,16,4,1,,0,1,0,0
"POINT (9.781172754000068 52.324730614000032)",Unfall 17164 (2017) Kat:3,17164,3,3,5,06,22,4,0,,0,1,0,0
"POINT (9.642418582000062 52.441835335000064)",Unfall 17165 (2017) Kat:3,17165,3,6,2,06,16,4,1,,0,1,0,0
"POINT (9.789818070000024 52.421129518000043)",Unfall 17166 (2017) Kat:3,17166,3,3,5,06,08,4,0,,1,1,0,0
"POINT (9.719158557000071 52.347341034000067)",Unfall 17167 (2017) Kat:3,17167,3,6,3,06,08,4,0,,0,1,0,0
"POINT (9.568890889000045 52.399608562000026)",Unfall 17168 (2017) Kat:3,17168,3,3,5,06,13,4,0,,0,1,0,0
"POINT (9.456368190000035 52.484499827000036)",Unfall 17169 (2017) Kat:3,17169,3,3,5,06,16,4,0,,1,1,0,0
"POINT (9.642247019000024 52.414581487000078)",Unfall 17170 (2017) Kat:3,17170,3,3,5,06,08,4,0,,0,1,0,0
"POINT (9.449148348000051 52.522519786000032)",Unfall 17171 (2017) Kat:3,17171,3,2,2,06,15,4,0,,0,1,0,0
"POINT (9.617577896000057 52.597734300000070)",Unfall 17172 (2017) Kat:3,17172,3,7,9,06,15,4,0,,0,1,0,0
"POINT (9.609179943000072 52.442786800000079)",Unfall 17173 (2017) Kat:3,17173,3,3,5,06,11,4,0,,1,1,0,0
"POINT (9.965965556000072 52.315579847000038)",Unfall 17174 (2017) Kat:3,17174,3,2,5,06,09,4,0,,1,1,0,0
"POINT (9.717149858000028 52.346179430000063)",Unfall 17180 (2017) Kat:2,17180,2,3,5,06,23,4,0,,1,1,0,0
"POINT (9.995212491000075 52.388238662000049)",Unfall 17183 (2017) Kat:2,17183,2,5,1,06,15,4,0,,0,1,0,0
"POINT (10.070757627000035 52.368269286000043)",Unfall 17186 (2017) Kat:2,17186,2,6,2,06,10,4,0,,0,1,0,0
"POINT (9.511576569000056 52.410248729000045)",Unfall 17189 (2017) Kat:3,17189,3,6,2,06,08,4,0,,0,1,0,0
"POINT (9.690933527000027 52.376889383000048)",Unfall 17273 (2017) Kat:3,17273,3,7,0,06,17,3,0,,0,0,0,1
"POINT (9.453626982000060 52.446485139000060)",Unfall 17275 (2017) Kat:3,17275,3,1,9,06,20,3,1,,0,1,0,0
"POINT (9.573808234000069 52.282520128000044)",Unfall 17277 (2017) Kat:3,17277,3,3,5,06,17,3,0,,0,1,0,0
"POINT (9.822886987000061 52.426156305000063)",Unfall 17278 (2017) Kat:3,17278,3,6,3,06,10,3,0,,0,1,0,0
"POINT (9.782710328000064 52.372025971000028)",Unfall 17280 (2017) Kat:3,17280,3,3,5,06,19,3,0,,1,1,0,0
"POINT (9.628243025000074 52.212407879000068)",Unfall 17281 (2017) Kat:2,17281,2,2,4,06,16,3,0,,1,1,0,0
"POINT (9.722203983000043 52.378352025000027)",Unfall 17283 (2017) Kat:2,17283,2,7,0,06,09,3,0,,1,0,0,0
"POINT (9.756551101000071 52.334126528000070)",Unfall 17303 (2017) Kat:3,17303,3,2,3,06,16,3,0,,1,1,0,0
"POINT (9.665448965000053 52.334015572000055)",Unfall 17304 (2017) Kat:3,17304,3,2,5,06,12,3,0,,1,1,0,0
"POINT (9.991961469000046 52.375438134000035)",Unfall 17307 (2017) Kat:3,17307,3,6,6,06,18,3,0,,0,0,1,1
"POINT (10.265641921000054 52.478811209000071)",Unfall 17309 (2017) Kat:3,17309,3,6,2,06,16,3,0,,0,1,0,0
"POINT (9.507872556000052 52.340361661000031)",Unfall 17312 (2017) Kat:2,17312,2,6,4,06,15,3,0,,1,0,0,0
"POINT (9.670684350000045 52.245393474000082)",Unfall 17313 (2017) Kat:2,17313,2,6,4,06,16,3,0,,0,1,0,0
"POINT (10.057769701000041 52.467848443000037)",Unfall 17316 (2017) Kat:1,17316,1,6,2,06,13,3,0,,0,1,0,0
"POINT (9.764061968000021 52.508188962000077)",Unfall 17318 (2017) Kat:3,17318,3,6,3,06,14,3,0,,0,1,0,0
"POINT (9.660160879000046 52.426415132000045)",Unfall 17321 (2017) Kat:3,17321,3,6,3,06,14,3,0,,0,1,0,0
"POINT (9.466249960000027 52.454252899000039)",Unfall 17324 (2017) Kat:3,17324,3,1,8,07,09,2,1,,0,1,0,0
"POINT (9.727014892000057 52.366566165000052)",Unfall 17330 (2017) Kat:2,17330,2,3,5,07,18,2,0,,1,1,0,0
"POINT (9.629322310000021 52.421843826000043)",Unfall 17332 (2017) Kat:3,17332,3,1,8,07,06,2,1,,0,0,0,0
"POINT (9.732410133000030 52.492668374000061)",Unfall 17333 (2017) Kat:3,17333,3,1,9,07,13,2,1,,0,1,0,0
"POINT (9.730173979000028 52.368941946000064)",Unfall 17334 (2017) Kat:3,17334,3,3,0,07,08,2,0,,1,1,0,0
"POINT (9.831264469000075 52.422681550000050)",Unfall 17335 (2017) Kat:3,17335,3,6,2,07,09,2,1,,0,1,0,0
"POINT (9.737916869000060 52.368402727000046)",Unfall 17336 (2017) Kat:3,17336,3,4,6,07,07,2,1,,1,0,1,0
"POINT (9.761529300000063 52.345865529000037)",Unfall 17337 (2017) Kat:3,17337,3,6,3,07,10,2,0,,0,1,0,1
"POINT (9.887224827000068 52.297017364000055)",Unfall 17342 (2017) Kat:3,17342,3,1,8,07,10,2,1,,0,1,0,0
"POINT (9.663748802000043 52.323935730000073)",Unfall 17349 (2017) Kat:3,17349,3,6,6,07,18,2,0,,1,0,1,0
"POINT (9.472721364000051 52.299837740000044)",Unfall 17351 (2017) Kat:3,17351,3,6,4,07,11,2,0,,1,1,0,0
"POINT (9.611385076000033 52.433807453000043)",Unfall 17353 (2017) Kat:3,17353,3,6,2,07,20,2,0,,0,1,0,0
"POINT (9.820017205000056 52.406482806000042)",Unfall 17354 (2017) Kat:3,17354,3,6,2,07,18,2,0,,0,1,0,0
"POINT (9.777362214000050 52.328220057000067)",Unfall 17357 (2017) Kat:3,17357,3,3,5,07,16,2,0,,1,0,0,0
"POINT (9.735688714000048 52.400663433000034)",Unfall 17358 (2017) Kat:3,17358,3,6,2,07,15,2,0,,0,1,0,0
"POINT (9.804901582000070 52.317904280000050)",Unfall 17361 (2017) Kat:3,17361,3,6,2,07,10,2,0,,0,1,0,0
"POINT (9.761815120000051 52.345926433000045)",Unfall 17364 (2017) Kat:3,17364,3,7,3,07,10,2,0,,1,0,0,0
"POINT (9.733639038000035 52.368962052000029)",Unfall 17406 (2017) Kat:3,17406,3,6,2,07,18,1,0,,0,1,0,0
"POINT (9.745045186000027 52.367471324000064)",Unfall 17411 (2017) Kat:3,17411,3,7,0,07,13,1,0,,1,0,0,0
"POINT (9.759716581000021 52.335153089000073)",Unfall 17413 (2017) Kat:3,17413,3,2,2,07,17,1,0,,0,1,0,0
"POINT (9.623672048000060 52.167853981000064)",Unfall 17414 (2017) Kat:3,17414,3,1,8,07,12,1,0,,0,0,0,1
"POINT (9.740888856000026 52.299312644000054)",Unfall 17415 (2017) Kat:3,17415,3,1,8,07,17,1,0,,0,0,0,1
"POINT (9.698509177000062 52.345619969000040)",Unfall 17416 (2017) Kat:3,17416,3,2,2,07,13,1,0,,0,1,0,0
"POINT (9.714575325000055 52.361076432000061)",Unfall 17417 (2017) Kat:3,17417,3,2,5,07,13,1,0,,0,1,0,0
"POINT (9.774104588000057 52.371012026000074)",Unfall 17426 (2017) Kat:3,17426,3,6,2,07,18,1,0,,0,1,0,0
"POINT (9.724633556000072 52.243068965000077)",Unfall 17428 (2017) Kat:3,17428,3,2,5,07,14,1,0,,0,1,0,0
"POINT (9.461162492000028 52.468419512000082)",Unfall 17430 (2017) Kat:3,17430,3,3,5,07,17,1,0,,0,1,0,0
"POINT (9.412175702000070 52.505227157000036)",Unfall 17431 (2017) Kat:3,17431,3,6,4,07,12,1,0,,1,0,0,1
"POINT (9.918985487000043 52.341153583000050)",Unfall 17433 (2017) Kat:3,17433,3,1,4,07,13,1,0,,0,1,0,0
"POINT (9.732939002000023 52.421114067000076)",Unfall 17480 (2017) Kat:3,17480,3,6,2,07,20,7,0,,0,1,0,0
"POINT (9.698494738000022 52.347479502000056)",Unfall 17537 (2017) Kat:3,17537,3,6,2,07,10,7,0,,0,1,0,0
"POINT (9.744675282000060 52.369018640000036)",Unfall 17538 (2017) Kat:3,17538,3,4,6,07,09,7,0,,1,0,1,0
"POINT (9.724591235000048 52.602993405000063)",Unfall 17539 (2017) Kat:3,17539,3,6,2,07,13,7,0,,1,0,0,0
"POINT (9.718922043000021 52.333525095000027)",Unfall 17540 (2017) Kat:2,17540,2,6,2,07,22,7,0,,0,1,0,0
"POINT (9.714826609000056 52.398467249000078)",Unfall 17558 (2017) Kat:3,17558,3,6,2,07,18,6,0,,0,1,0,0
"POINT (9.593056432000026 52.406680734000076)",Unfall 17559 (2017) Kat:3,17559,3,7,4,07,09,6,0,,0,1,0,0
"POINT (9.724980457000072 52.454036742000028)",Unfall 17561 (2017) Kat:3,17561,3,3,5,07,21,6,1,,1,1,0,0
"POINT (9.932136113000070 52.441290394000077)",Unfall 17563 (2017) Kat:3,17563,3,1,9,07,21,6,1,,0,1,0,0
"POINT (9.778846400000077 52.553917840000054)",Unfall 17564 (2017) Kat:2,17564,2,1,8,07,21,6,1,,0,1,0,0
"POINT (10.104830700000036 52.364018986000076)",Unfall 17565 (2017) Kat:3,17565,3,6,2,07,14,6,0,,0,1,0,0
"POINT (9.734573449000038 52.438433015000044)",Unfall 17566 (2017) Kat:1,17566,1,3,5,07,06,6,0,,1,1,0,0
"POINT (9.720753963000050 52.339085145000070)",Unfall 17612 (2017) Kat:3,17612,3,6,3,07,14,6,0,,0,1,0,0
"POINT (9.611348512000063 52.433509892000075)",Unfall 17614 (2017) Kat:3,17614,3,6,2,07,11,6,0,,0,1,0,0
"POINT (9.876286012000037 52.435037172000079)",Unfall 17616 (2017) Kat:3,17616,3,2,5,07,12,6,0,,0,1,0,0
"POINT (9.726761118000070 52.375740574000076)",Unfall 17658 (2017) Kat:3,17658,3,3,5,07,14,5,0,,1,1,0,0
"POINT (9.786845448000065 52.335272434000046)",Unfall 17660 (2017) Kat:3,17660,3,3,5,07,05,5,0,,1,1,0,0
"POINT (9.785383600000046 52.200355076000051)",Unfall 17661 (2017) Kat:3,17661,3,3,5,07,07,5,0,,0,1,0,1
"POINT (9.667177605000063 52.429336588000069)",Unfall 17662 (2017) Kat:3,17662,3,6,2,07,22,5,0,,0,1,0,0
"POINT (9.651797308000027 52.424647428000071)",Unfall 17663 (2017) Kat:3,17663,3,6,3,07,17,5,0,,0,1,0,0
"POINT (9.858439516000033 52.306801949000032)",Unfall 17665 (2017) Kat:3,17665,3,1,2,07,10,5,0,,0,0,0,1
"POINT (9.806161808000070 52.371817500000077)",Unfall 17700 (2017) Kat:3,17700,3,1,9,07,02,5,0,,0,0,0,1
"POINT (9.800033684000027 52.352211810000028)",Unfall 17701 (2017) Kat:3,17701,3,7,7,07,01,5,0,,0,1,0,0
"POINT (9.461085552000043 52.402856880000058)",Unfall 17702 (2017) Kat:3,17702,3,3,5,07,16,5,0,,0,1,0,0
"POINT (9.527997738000067 52.196564406000050)",Unfall 17703 (2017) Kat:3,17703,3,7,5,07,16,5,0,,0,1,0,1
"POINT (9.399939867000057 52.536333572000046)",Unfall 17704 (2017) Kat:3,17704,3,6,2,07,20,5,0,,0,1,0,0
"POINT (9.929338753000025 52.345456078000041)",Unfall 17705 (2017) Kat:3,17705,3,3,5,07,15,5,0,,1,1,0,0
"POINT (9.745295089000024 52.452856357000030)",Unfall 17706 (2017) Kat:3,17706,3,6,2,07,21,5,0,,0,1,0,0
"POINT (9.796296090000055 52.395305850000057)",Unfall 17707 (2017) Kat:3,17707,3,6,2,07,15,5,0,,0,1,0,0
"POINT (9.735209219000069 52.405704205000063)",Unfall 17708 (2017) Kat:3,17708,3,1,0,07,17,5,0,,0,0,0,1
"POINT (9.685862742000040 52.379144312000051)",Unfall 17745 (2017) Kat:3,17745,3,7,0,07,10,4,0,,0,0,0,0
"POINT (9.791953948000071 52.315452643000071)",Unfall 17747 (2017) Kat:3,17747,3,1,4,07,19,4,0,,0,1,0,0
"POINT (9.799422205000042 52.409502233000069)",Unfall 17749 (2017) Kat:3,17749,3,3,5,07,11,4,0,,1,1,0,0
"POINT (9.359719338000048 52.454203419000066)",Unfall 17750 (2017) Kat:3,17750,3,3,5,07,16,4,0,,1,1,0,0
"POINT (9.556222434000063 52.203303829000049)",Unfall 17757 (2017) Kat:3,17757,3,7,0,07,16,4,0,,1,0,0,0
"POINT (9.493275867000023 52.595980013000030)",Unfall 17764 (2017) Kat:3,17764,3,6,4,07,08,4,0,,0,1,0,0
"POINT (9.462937803000045 52.314355824000074)",Unfall 17766 (2017) Kat:3,17766,3,2,5,07,15,4,0,,0,1,0,0
"POINT (9.743255606000048 52.368172940000079)",Unfall 17768 (2017) Kat:3,17768,3,7,0,07,17,4,0,,0,0,0,0
"POINT (9.899225321000074 52.402314014000069)",Unfall 17770 (2017) Kat:3,17770,3,6,3,07,10,4,0,,0,1,0,0
"POINT (9.720613448000051 52.421505322000030)",Unfall 17787 (2017) Kat:3,17787,3,6,2,07,17,4,1,,0,1,0,0
"POINT (9.735658982000075 52.395017669000026)",Unfall 17790 (2017) Kat:3,17790,3,6,2,07,11,4,1,,0,1,0,0
"POINT (9.735863089000077 52.296364062000066)",Unfall 17791 (2017) Kat:3,17791,3,3,5,07,14,4,1,,0,1,0,0
"POINT (9.462871551000035 52.342864696000049)",Unfall 17792 (2017) Kat:3,17792,3,1,8,07,20,4,1,,0,1,0,0
"POINT (9.490494325000043 52.389100299000063)",Unfall 17793 (2017) Kat:3,17793,3,1,4,07,07,4,1,,0,1,0,0
"POINT (9.618389011000033 52.428602816000080)",Unfall 17794 (2017) Kat:3,17794,3,6,2,07,21,4,1,,0,1,0,0
"POINT (9.928295204000051 52.344678780000038)",Unfall 17795 (2017) Kat:3,17795,3,2,2,07,12,4,1,,0,1,0,0
"POINT (9.886133955000048 52.510043967000058)",Unfall 17797 (2017) Kat:3,17797,3,7,9,07,19,4,1,,0,1,0,0
"POINT (9.405876726000031 52.332314144000065)",Unfall 17798 (2017) Kat:3,17798,3,1,9,07,23,4,1,,0,0,0,0
"POINT (9.734953809000047 52.393089173000078)",Unfall 17800 (2017) Kat:2,17800,2,6,8,07,18,4,1,,0,1,0,1
"POINT (9.764090500000066 52.343185281000046)",Unfall 17801 (2017) Kat:3,17801,3,6,3,07,02,4,0,,1,0,0,0
"POINT (9.651721015000021 52.417114158000061)",Unfall 17803 (2017) Kat:3,17803,3,3,5,07,14,4,1,,1,1,0,0
"POINT (9.748420911000039 52.362823629000047)",Unfall 17804 (2017) Kat:2,17804,2,4,6,07,15,4,1,,0,0,1,0
"POINT (9.777470118000053 52.553634657000032)",Unfall 17805 (2017) Kat:2,17805,2,2,2,07,13,4,1,,0,1,0,0
"POINT (9.733770851000031 52.417642577000038)",Unfall 17847 (2017) Kat:3,17847,3,3,5,07,20,3,0,,1,1,0,0
"POINT (9.812800592000031 52.409536990000049)",Unfall 17850 (2017) Kat:3,17850,3,6,2,07,11,3,0,,0,1,0,0
"POINT (9.440764179000041 52.330558288000077)",Unfall 17851 (2017) Kat:3,17851,3,6,2,07,15,3,0,,0,1,0,0
"POINT (9.609083254000041 52.405958722000037)",Unfall 17857 (2017) Kat:3,17857,3,3,5,07,17,3,0,,1,1,0,0
"POINT (9.995493050000050 52.444008500000052)",Unfall 17860 (2017) Kat:3,17860,3,2,5,07,17,3,0,,0,1,0,0
"POINT (10.143485484000053 52.361860496000077)",Unfall 17881 (2017) Kat:3,17881,3,6,2,07,16,3,0,,0,0,0,0
"POINT (9.478431194000052 52.296122736000029)",Unfall 17897 (2017) Kat:3,17897,3,7,4,07,16,3,0,,0,1,0,0
"POINT (9.898254206000047 52.493886436000082)",Unfall 17898 (2017) Kat:3,17898,3,4,0,07,11,3,0,,0,0,1,0
"POINT (9.598142057000075 52.178392182000039)",Unfall 17900 (2017) Kat:3,17900,3,2,5,07,15,3,0,,0,1,0,0
"POINT (9.702336521000063 52.430303635000030)",Unfall 17902 (2017) Kat:2,17902,2,6,3,07,14,3,0,,0,1,0,0
"POINT (9.826180020000038 52.425063115000057)",Unfall 17905 (2017) Kat:3,17905,3,6,2,07,08,3,0,,0,1,0,0
"POINT (9.461450761000037 52.402979366000068)",Unfall 17933 (2017) Kat:3,17933,3,2,2,07,18,2,0,,0,1,0,0
"POINT (9.699584631000050 52.214260480000064)",Unfall 17935 (2017) Kat:3,17935,3,3,0,07,15,2,0,,0,1,0,1
"POINT (9.583038533000035 52.346604318000061)",Unfall 17936 (2017) Kat:3,17936,3,7,8,07,04,2,0,,0,1,0,0
"POINT (9.479072764000023 52.384542026000076)",Unfall 17937 (2017) Kat:3,17937,3,1,8,07,03,2,0,,0,0,0,0
"POINT (9.944608265000056 52.333781094000074)",Unfall 17938 (2017) Kat:3,17938,3,3,5,07,08,2,0,,1,1,0,0
"POINT (9.723366465000026 52.440261228000054)",Unfall 17940 (2017) Kat:3,17940,3,3,5,07,18,2,0,,0,1,0,0
"POINT (9.721953898000038 52.449895604000062)",Unfall 17942 (2017) Kat:3,17942,3,7,8,07,06,2,0,,0,1,0,0
"POINT (9.566120716000057 52.448376143000075)",Unfall 17944 (2017) Kat:2,17944,2,7,8,07,16,2,0,,0,1,0,0
"POINT (9.703667708000069 52.169734703000074)",Unfall 17992 (2017) Kat:3,17992,3,1,8,07,17,1,0,,0,1,0,0
"POINT (9.421176431000049 52.331473963000064)",Unfall 17995 (2017) Kat:3,17995,3,6,2,07,13,1,1,,0,1,0,0
"POINT (9.952748861000032 52.390889247000075)",Unfall 17997 (2017) Kat:3,17997,3,6,2,07,00,1,0,,0,1,0,0
"POINT (9.695518440000058 52.361352827000076)",Unfall 18000 (2017) Kat:2,18000,2,6,6,07,18,1,0,,1,0,1,0
"POINT (9.637062595000032 52.378905438000061)",Unfall 18001 (2017) Kat:2,18001,2,1,8,07,16,1,1,,1,0,0,0
"POINT (9.696152542000050 52.380019346000040)",Unfall 18004 (2017) Kat:3,18004,3,1,0,07,15,1,1,,0,0,0,1
"POINT (9.829546358000073 52.299883611000041)",Unfall 18005 (2017) Kat:3,18005,3,3,5,07,17,2,0,,0,1,0,0
"POINT (9.406483382000033 52.411494863000030)",Unfall 18007 (2017) Kat:3,18007,3,1,8,07,14,2,1,,0,1,0,0
"POINT (9.685377561000053 52.360203792000050)",Unfall 18016 (2017) Kat:3,18016,3,2,5,08,16,4,0,,0,1,0,0
"POINT (9.686538427000073 52.378857408000044)",Unfall 18017 (2017) Kat:3,18017,3,3,5,08,16,4,0,,1,1,0,0
"POINT (9.603649092000069 52.333502810000027)",Unfall 18018 (2017) Kat:3,18018,3,2,5,08,08,4,0,,0,1,0,0
"POINT (9.668912890000058 52.344850945000076)",Unfall 18019 (2017) Kat:3,18019,3,6,2,08,11,4,0,,0,1,0,0
"POINT (9.619717501000025 52.421129014000030)",Unfall 18021 (2017) Kat:3,18021,3,6,2,08,17,5,0,,0,1,0,0
"POINT (9.604708535000043 52.408398214000044)",Unfall 18022 (2017) Kat:3,18022,3,3,5,08,16,4,0,,1,1,0,0
"POINT (9.609420344000057 52.464852299000029)",Unfall 18023 (2017) Kat:3,18023,3,7,7,08,13,4,0,,0,0,0,0
"POINT (9.810028553000052 52.559881224000037)",Unfall 18026 (2017) Kat:2,18026,2,6,2,08,17,4,0,,0,1,0,1
"POINT (9.831187130000046 52.385757707000039)",Unfall 18028 (2017) Kat:3,18028,3,7,2,07,09,4,1,,0,1,0,0
"POINT (9.793260606000047 52.415788602000077)",Unfall 18031 (2017) Kat:3,18031,3,6,2,07,15,4,0,,0,1,0,0
"POINT (9.406640943000070 52.411666213000046)",Unfall 18033 (2017) Kat:3,18033,3,1,4,07,07,4,1,,0,1,0,0
"POINT (9.466267051000045 52.454265378000059)",Unfall 18036 (2017) Kat:3,18036,3,1,8,07,09,4,1,,0,1,0,0
"POINT (9.792119360000072 52.211676694000062)",Unfall 18038 (2017) Kat:3,18038,3,6,2,07,16,4,0,,0,1,0,0
"POINT (10.009133069000029 52.381438288000027)",Unfall 18040 (2017) Kat:2,18040,2,3,5,07,09,4,1,,0,1,0,0
"POINT (9.858222428000033 52.491773043000080)",Unfall 18041 (2017) Kat:3,18041,3,2,6,07,10,4,1,,0,1,1,0
"POINT (9.899531887000023 52.389752049000037)",Unfall 18043 (2017) Kat:3,18043,3,6,3,07,16,4,0,,0,1,0,0
"POINT (9.625222637000036 52.420807521000029)",Unfall 18044 (2017) Kat:3,18044,3,6,2,07,15,4,0,,0,1,0,0
"POINT (9.732962466000060 52.420886426000038)",Unfall 18046 (2017) Kat:3,18046,3,6,2,07,12,4,0,,0,1,0,0
"POINT (9.462676670000064 52.304965754000079)",Unfall 18047 (2017) Kat:2,18047,2,7,6,07,12,4,0,,0,1,1,0
"POINT (9.732962085000054 52.420890134000047)",Unfall 18048 (2017) Kat:3,18048,3,7,0,07,13,4,0,,0,1,0,0
"POINT (9.772397041000033 52.333491025000058)",Unfall 18049 (2017) Kat:1,18049,1,4,6,08,21,4,0,,0,0,1,0
"POINT (9.722527662000061 52.378632652000078)",Unfall 18050 (2017) Kat:3,18050,3,6,2,07,11,4,0,,0,1,0,0
"POINT (9.761241353000060 52.346139827000059)",Unfall 18051 (2017) Kat:3,18051,3,4,6,08,16,4,0,,0,1,1,0
"POINT (9.734160499000041 52.368847883000058)",Unfall 18052 (2017) Kat:3,18052,3,3,5,07,06,4,1,,0,1,0,0
"POINT (9.753347304000045 52.452711406000049)",Unfall 18073 (2017) Kat:3,18073,3,4,6,08,17,5,0,,0,1,1,0
"POINT (9.501247286000023 52.284518865000052)",Unfall 18099 (2017) Kat:3,18099,3,6,2,08,16,5,0,,0,1,0,0
"POINT (9.707143299000052 52.410455414000069)",Unfall 18145 (2017) Kat:3,18145,3,2,2,07,08,3,1,,0,1,0,0
"POINT (9.492056336000076 52.415869784000051)",Unfall 18148 (2017) Kat:3,18148,3,6,2,07,16,3,1,,0,1,0,0
"POINT (9.531717424000021 52.305080057000055)",Unfall 18150 (2017) Kat:3,18150,3,1,9,07,14,3,1,,0,1,0,0
"POINT (9.958484779000060 52.372732154000062)",Unfall 18153 (2017) Kat:3,18153,3,6,2,07,15,3,1,,0,1,0,0
"POINT (9.798314903000062 52.454358839000065)",Unfall 18156 (2017) Kat:3,18156,3,3,5,07,10,3,1,,0,0,0,0
"POINT (9.722708689000058 52.378354458000047)",Unfall 18157 (2017) Kat:3,18157,3,6,2,07,08,3,1,,0,1,0,0
"POINT (9.667950113000075 52.427752759000043)",Unfall 18161 (2017) Kat:3,18161,3,6,2,07,17,3,1,,0,1,0,0
"POINT (9.722382417000063 52.462149301000068)",Unfall 18164 (2017) Kat:3,18164,3,1,8,07,17,3,1,,0,1,0,0
"POINT (9.633737426000039 52.421946237000043)",Unfall 18166 (2017) Kat:3,18166,3,6,2,07,14,3,1,,0,1,0,0
"POINT (9.698777366000059 52.421020718000079)",Unfall 18167 (2017) Kat:2,18167,2,4,6,08,16,5,0,,1,0,1,0
"POINT (9.733382500000062 52.417795403000071)",Unfall 18210 (2017) Kat:3,18210,3,2,5,08,06,5,1,,1,0,0,0
"POINT (9.774138757000060 52.371231288000047)",Unfall 18211 (2017) Kat:3,18211,3,3,5,08,17,5,0,,1,1,0,0
"POINT (9.733784352000043 52.414470760000029)",Unfall 18213 (2017) Kat:3,18213,3,2,5,08,09,3,0,,1,1,0,0
"POINT (9.431818992000046 52.422476725000081)",Unfall 18215 (2017) Kat:3,18215,3,3,5,08,10,3,0,,1,1,0,0
"POINT (9.646172052000054 52.403572962000055)",Unfall 18217 (2017) Kat:3,18217,3,3,5,08,18,3,0,,0,1,0,0
"POINT (9.515508910000051 52.472999508000044)",Unfall 18218 (2017) Kat:3,18218,3,6,3,08,17,3,0,,0,1,0,0
"POINT (9.726327304000051 52.380809454000030)",Unfall 18220 (2017) Kat:2,18220,2,3,5,08,20,3,0,,1,1,0,0
"POINT (9.666505345000076 52.384405833000073)",Unfall 18224 (2017) Kat:3,18224,3,3,5,08,21,3,0,,1,1,0,0
"POINT (9.745484858000054 52.369053462000068)",Unfall 18226 (2017) Kat:3,18226,3,6,2,08,12,5,0,,0,1,0,0
"POINT (9.650930292000055 52.421540276000030)",Unfall 18227 (2017) Kat:3,18227,3,6,2,08,13,3,1,,0,1,0,0
"POINT (9.662728119000065 52.384871435000036)",Unfall 18229 (2017) Kat:3,18229,3,6,4,08,17,5,0,,0,1,0,0
"POINT (9.799131258000045 52.410638951000067)",Unfall 18230 (2017) Kat:3,18230,3,6,3,08,14,3,0,,1,0,0,0
"POINT (9.743289999000069 52.368193609000059)",Unfall 18290 (2017) Kat:3,18290,3,3,5,07,16,2,1,,1,1,0,0
"POINT (9.863410700000031 52.379218205000029)",Unfall 18293 (2017) Kat:3,18293,3,2,2,07,17,2,1,,0,1,0,0
"POINT (9.847301926000057 52.490910392000046)",Unfall 18294 (2017) Kat:3,18294,3,6,6,08,16,5,0,,1,0,1,0
"POINT (9.944538865000027 52.333808389000069)",Unfall 18296 (2017) Kat:3,18296,3,3,5,07,16,2,1,,1,1,0,0
"POINT (9.723359320000043 52.441965827000047)",Unfall 18298 (2017) Kat:3,18298,3,1,0,07,16,2,1,,0,0,0,1
"POINT (9.841703217000031 52.423601899000062)",Unfall 18307 (2017) Kat:3,18307,3,3,5,07,17,2,1,,1,1,0,0
"POINT (9.733608644000071 52.416043836000028)",Unfall 18309 (2017) Kat:3,18309,3,6,2,07,09,3,0,,0,1,0,0
"POINT (9.714424300000076 52.362166180000031)",Unfall 18310 (2017) Kat:3,18310,3,1,3,07,16,2,1,,0,1,0,0
"POINT (9.615768307000053 52.421656298000073)",Unfall 18317 (2017) Kat:3,18317,3,6,3,07,12,2,1,,0,1,0,0
"POINT (9.375532264000071 52.455864429000030)",Unfall 18333 (2017) Kat:3,18333,3,6,2,07,20,3,0,,0,1,0,1
"POINT (9.756810818000076 52.284342821000052)",Unfall 18336 (2017) Kat:3,18336,3,7,8,07,14,3,0,,0,1,0,0
"POINT (9.669481090000033 52.142435488000046)",Unfall 18338 (2017) Kat:3,18338,3,6,0,07,11,3,0,,0,1,0,1
"POINT (9.725020426000071 52.380225216000042)",Unfall 18368 (2017) Kat:3,18368,3,4,6,08,13,5,0,,1,0,1,0
"POINT (9.418036073000053 52.424014888000045)",Unfall 18374 (2017) Kat:2,18374,2,7,6,07,23,3,0,,0,0,1,0
"POINT (9.869288802000028 52.360492201000056)",Unfall 18377 (2017) Kat:3,18377,3,2,5,07,16,3,0,,0,1,0,0
"POINT (9.758210121000047 52.256408294000039)",Unfall 18379 (2017) Kat:3,18379,3,3,5,07,14,2,0,,0,1,0,1
"POINT (9.788645646000077 52.335179290000042)",Unfall 18380 (2017) Kat:3,18380,3,7,9,07,11,3,0,,0,1,0,0
"POINT (9.588477118000071 52.437964636000061)",Unfall 18381 (2017) Kat:3,18381,3,2,5,07,17,2,0,,0,1,0,1
"POINT (9.723231341000030 52.454137233000040)",Unfall 18382 (2017) Kat:3,18382,3,2,5,07,11,2,0,,1,0,0,0
"POINT (9.840819449000037 52.416644528000063)",Unfall 18389 (2017) Kat:3,18389,3,6,2,07,14,2,0,,0,1,0,0
"POINT (9.735927498000024 52.398584839000080)",Unfall 18391 (2017) Kat:3,18391,3,6,2,07,12,2,0,,0,1,0,0
"POINT (9.729826690000039 52.372056139000051)",Unfall 18392 (2017) Kat:2,18392,2,5,1,07,09,2,0,,0,1,0,1
"POINT (9.734788333000040 52.407246855000039)",Unfall 18393 (2017) Kat:3,18393,3,3,5,07,11,2,0,,1,1,0,0
"POINT (9.835135353000055 52.420448090000036)",Unfall 18394 (2017) Kat:3,18394,3,6,2,07,08,2,0,,0,1,0,0
"POINT (10.013914134000061 52.419860285000027)",Unfall 18402 (2017) Kat:2,18402,2,1,8,07,13,1,0,,0,1,0,0
"POINT (9.795106360000034 52.550694663000058)",Unfall 18405 (2017) Kat:3,18405,3,6,2,07,12,1,0,,0,1,0,0
"POINT (9.825115723000067 52.285147093000035)",Unfall 18470 (2017) Kat:3,18470,3,3,5,07,14,1,0,,1,1,0,0
"POINT (9.699866539000027 52.416331185000047)",Unfall 18471 (2017) Kat:3,18471,3,3,5,07,17,1,0,,0,1,0,0
"POINT (9.520789149000052 52.410429748000070)",Unfall 18474 (2017) Kat:3,18474,3,6,2,07,18,1,0,,0,1,0,0
"POINT (9.611153177000062 52.431702214000040)",Unfall 18475 (2017) Kat:3,18475,3,2,2,07,17,1,0,,0,1,0,0
"POINT (9.872573655000053 52.310684594000065)",Unfall 18478 (2017) Kat:3,18478,3,3,5,07,14,1,0,,0,1,0,0
"POINT (9.709251748000042 52.408006837000073)",Unfall 18481 (2017) Kat:3,18481,3,6,9,07,09,1,0,,0,1,0,1
"POINT (9.463478466000026 52.525855831000058)",Unfall 18484 (2017) Kat:2,18484,2,7,9,07,05,1,0,,0,0,0,0
"POINT (9.735357656000076 52.404565644000058)",Unfall 18527 (2017) Kat:3,18527,3,3,5,07,14,7,0,,1,1,0,0
"POINT (10.048103364000042 52.535175002000074)",Unfall 18528 (2017) Kat:3,18528,3,6,3,07,15,7,0,,0,1,0,0
"POINT (9.927165218000027 52.477685418000078)",Unfall 18529 (2017) Kat:3,18529,3,7,8,07,21,7,0,,0,1,0,0
"POINT (9.896891390000064 52.431974912000044)",Unfall 18530 (2017) Kat:2,18530,2,1,8,07,12,7,1,,0,1,0,0
"POINT (9.732813627000041 52.492888312000048)",Unfall 18533 (2017) Kat:3,18533,3,1,9,07,10,7,1,,0,1,0,0
"POINT (9.426734480000050 52.429640027000062)",Unfall 18564 (2017) Kat:3,18564,3,3,5,07,15,7,0,,1,1,0,0
"POINT (9.491181299000061 52.416272241000058)",Unfall 18624 (2017) Kat:3,18624,3,6,2,07,05,6,0,,0,1,0,0
"POINT (9.972681434000037 52.369994664000046)",Unfall 18626 (2017) Kat:3,18626,3,7,6,07,10,6,0,,0,1,1,0
"POINT (9.846378755000046 52.426354759000048)",Unfall 18628 (2017) Kat:3,18628,3,2,3,07,13,6,0,,1,1,0,0
"POINT (9.694639210000048 52.337289321000071)",Unfall 18629 (2017) Kat:3,18629,3,7,8,07,17,6,0,,0,1,0,0
"POINT (9.712604358000021 52.366757121000035)",Unfall 18630 (2017) Kat:3,18630,3,4,6,07,08,6,0,,0,1,1,0
"POINT (9.708797484000058 52.346817633000057)",Unfall 18643 (2017) Kat:3,18643,3,6,3,07,12,6,0,,0,1,0,0
"POINT (9.744642581000051 52.369017255000074)",Unfall 18644 (2017) Kat:3,18644,3,6,2,07,12,6,0,,0,1,0,0
"POINT (9.726787942000044 52.544515018000027)",Unfall 18645 (2017) Kat:3,18645,3,3,5,07,11,6,0,,1,1,0,0
"POINT (10.249425986000062 52.487940513000069)",Unfall 18646 (2017) Kat:3,18646,3,6,1,07,13,6,0,,0,0,0,0
"POINT (9.808776352000052 52.409014409000065)",Unfall 18648 (2017) Kat:3,18648,3,4,0,07,16,6,0,,1,0,1,0
"POINT (9.833308584000065 52.419211362000055)",Unfall 18650 (2017) Kat:3,18650,3,2,5,07,14,6,0,,0,1,0,0
"POINT (9.501572577000047 52.404538496000043)",Unfall 18655 (2017) Kat:3,18655,3,6,2,07,15,6,0,,0,1,0,0
"POINT (9.629660757000067 52.420765993000032)",Unfall 18658 (2017) Kat:3,18658,3,6,3,07,13,6,0,,0,1,0,0
"POINT (9.774965549000058 52.371276578000050)",Unfall 18659 (2017) Kat:3,18659,3,2,5,08,17,5,0,,1,0,0,0
"POINT (9.734434770000064 52.412357352000072)",Unfall 18661 (2017) Kat:3,18661,3,2,5,07,13,6,0,,1,1,0,0
"POINT (9.826235187000066 52.362357083000063)",Unfall 18665 (2017) Kat:3,18665,3,7,0,07,11,6,0,,1,0,0,0
"POINT (9.556852457000048 52.421468830000038)",Unfall 18668 (2017) Kat:3,18668,3,6,2,07,09,6,0,,0,1,0,0
"POINT (10.022376342000030 52.381805516000043)",Unfall 18670 (2017) Kat:3,18670,3,7,7,07,06,6,0,,0,1,0,0
"POINT (9.723021173000063 52.358065170000032)",Unfall 18730 (2017) Kat:3,18730,3,6,2,07,15,5,0,,0,1,0,0
"POINT (9.793282956000041 52.313775505000081)",Unfall 18732 (2017) Kat:3,18732,3,6,2,07,10,5,0,,0,1,0,0
"POINT (9.727166981000039 52.439061122000055)",Unfall 18735 (2017) Kat:3,18735,3,3,5,07,14,5,0,,1,1,0,0
"POINT (9.899306868000053 52.387868528000070)",Unfall 18743 (2017) Kat:3,18743,3,6,3,07,03,5,0,,0,1,0,0
"POINT (9.685023025000021 52.379568375000076)",Unfall 18744 (2017) Kat:2,18744,2,3,0,07,16,5,0,,0,1,0,1
"POINT (9.782714786000042 52.324182698000072)",Unfall 18745 (2017) Kat:3,18745,3,6,2,07,15,5,0,,0,1,0,0
"POINT (9.489227545000063 52.397466324000050)",Unfall 18746 (2017) Kat:3,18746,3,6,2,07,16,5,0,,0,1,0,0
"POINT (9.722509660000071 52.358440805000043)",Unfall 18752 (2017) Kat:3,18752,3,6,2,08,16,5,0,,0,1,0,0
"POINT (9.718619421000028 52.346578068000042)",Unfall 18764 (2017) Kat:3,18764,3,6,2,07,16,5,0,,0,1,0,0
"POINT (9.765812616000062 52.343089439000039)",Unfall 18765 (2017) Kat:3,18765,3,6,2,07,13,5,0,,0,1,0,0
"POINT (9.747854233000055 52.363558709000074)",Unfall 18766 (2017) Kat:3,18766,3,4,6,07,18,5,1,,0,1,1,0
"POINT (9.503618503000041 52.405696792000072)",Unfall 18768 (2017) Kat:3,18768,3,6,2,07,16,5,0,,0,0,0,0
"POINT (9.791177128000072 52.315451264000046)",Unfall 18769 (2017) Kat:2,18769,2,1,0,07,14,5,1,,0,0,0,1
"POINT (9.735243644000036 52.393261458000040)",Unfall 18771 (2017) Kat:3,18771,3,6,2,07,13,5,1,,0,1,0,0
"POINT (9.815192915000068 52.522794504000046)",Unfall 18772 (2017) Kat:3,18772,3,6,3,07,10,5,1,,0,1,0,0
"POINT (9.723244503000046 52.454159585000070)",Unfall 18805 (2017) Kat:3,18805,3,6,2,08,07,5,1,,0,1,0,0
"POINT (9.812857331000032 52.305231747000050)",Unfall 18843 (2017) Kat:3,18843,3,3,5,07,15,4,0,,1,1,0,0
"POINT (9.799360621000062 52.312146934000054)",Unfall 18846 (2017) Kat:3,18846,3,6,2,07,12,4,0,,0,1,0,0
"POINT (9.964092740000069 52.310624871000073)",Unfall 18849 (2017) Kat:2,18849,2,3,5,07,09,4,0,,1,0,0,0
"POINT (9.850228087000062 52.411271096000064)",Unfall 18852 (2017) Kat:2,18852,2,6,2,07,07,4,0,,0,0,0,0
"POINT (9.783915853000053 52.359533143000078)",Unfall 18853 (2017) Kat:3,18853,3,6,2,08,15,5,0,,0,1,0,0
"POINT (9.826887422000027 52.298625341000047)",Unfall 18867 (2017) Kat:3,18867,3,2,5,08,10,5,1,,0,1,0,0
"POINT (9.745972264000045 52.210411847000046)",Unfall 18877 (2017) Kat:2,18877,2,7,0,08,14,6,1,,0,0,0,1
"POINT (9.977004413000032 52.375325117000045)",Unfall 18880 (2017) Kat:3,18880,3,6,2,08,17,3,0,,0,1,0,0
"POINT (9.819312342000046 52.405592832000082)",Unfall 18883 (2017) Kat:3,18883,3,7,8,08,22,7,0,,0,1,0,0
"POINT (9.620316936000052 52.354961288000027)",Unfall 18885 (2017) Kat:2,18885,2,1,8,08,18,7,0,,1,0,0,0
"POINT (9.412737134000054 52.333186440000077)",Unfall 18888 (2017) Kat:3,18888,3,3,5,08,14,7,1,,0,1,0,0
"POINT (9.899725031000060 52.400357171000053)",Unfall 18891 (2017) Kat:3,18891,3,6,2,08,15,7,0,,0,1,0,0
"POINT (9.654390064000040 52.408011677000047)",Unfall 18905 (2017) Kat:3,18905,3,6,2,08,22,4,0,,0,1,0,0
"POINT (9.714405685000031 52.361060235000082)",Unfall 18908 (2017) Kat:3,18908,3,2,5,08,14,2,0,,0,1,0,0
"POINT (9.722503377000066 52.378463231000069)",Unfall 18911 (2017) Kat:3,18911,3,6,2,08,09,2,0,,0,1,0,0
"POINT (9.754917102000036 52.370085385000039)",Unfall 18913 (2017) Kat:3,18913,3,6,2,08,17,5,1,,0,1,0,0
"POINT (9.845517701000063 52.389985916000057)",Unfall 18914 (2017) Kat:3,18914,3,3,5,08,17,2,0,,1,1,0,0
"POINT (9.794250532000035 52.394231469000033)",Unfall 18915 (2017) Kat:3,18915,3,2,3,08,06,5,0,,0,1,0,0
"POINT (9.793610075000061 52.415313329000071)",Unfall 18916 (2017) Kat:3,18916,3,6,2,08,17,2,0,,0,1,0,0
"POINT (9.491424573000074 52.416164809000065)",Unfall 18917 (2017) Kat:3,18917,3,6,2,08,13,5,0,,0,1,0,0
"POINT (9.456793784000070 52.490417080000043)",Unfall 18918 (2017) Kat:3,18918,3,6,3,08,07,5,0,,1,0,0,0
"POINT (9.492078640000045 52.290757655000050)",Unfall 18919 (2017) Kat:3,18919,3,7,0,08,20,5,0,,1,0,1,0
"POINT (9.960694565000040 52.302115772000036)",Unfall 18920 (2017) Kat:3,18920,3,6,2,08,13,5,0,,0,1,0,1
"POINT (9.790719569000032 52.454099943000074)",Unfall 18921 (2017) Kat:3,18921,3,2,2,08,11,5,0,,0,1,0,0
"POINT (9.967569901000047 52.471241787000054)",Unfall 18922 (2017) Kat:3,18922,3,3,5,08,10,5,0,,0,1,0,0
"POINT (10.013043592000031 52.445738357000039)",Unfall 18924 (2017) Kat:1,18924,1,3,6,08,18,5,1,,0,1,1,0
"POINT (9.722438182000076 52.337539868000079)",Unfall 18926 (2017) Kat:3,18926,3,6,2,08,15,5,1,,0,1,0,0
"POINT (9.685261247000028 52.360191052000062)",Unfall 18928 (2017) Kat:3,18928,3,2,5,08,11,5,0,,0,1,0,0
"POINT (9.745641044000024 52.209369142000071)",Unfall 18929 (2017) Kat:3,18929,3,3,5,08,22,2,0,,0,1,0,0
"POINT (9.654434669000068 52.350175086000036)",Unfall 18932 (2017) Kat:3,18932,3,1,8,08,15,2,0,,0,1,0,0
"POINT (9.733055098000023 52.319088477000037)",Unfall 18935 (2017) Kat:2,18935,2,3,0,08,18,2,0,,1,1,0,0
"POINT (9.731369111000049 52.432262199000036)",Unfall 18936 (2017) Kat:3,18936,3,2,5,08,14,5,0,,0,1,1,0
"POINT (9.852404259000025 52.389831946000072)",Unfall 18938 (2017) Kat:3,18938,3,2,5,08,15,2,0,,1,1,0,0
"POINT (9.735289375000036 52.394688966000047)",Unfall 18941 (2017) Kat:3,18941,3,6,2,08,16,2,0,,0,1,0,0
"POINT (9.798206471000071 52.419802942000047)",Unfall 18943 (2017) Kat:3,18943,3,3,5,08,09,2,0,,0,1,0,1
"POINT (9.670668293000063 52.358342297000036)",Unfall 18945 (2017) Kat:3,18945,3,3,5,08,07,7,0,,0,1,0,0
"POINT (9.719064982000077 52.378454811000040)",Unfall 18950 (2017) Kat:3,18950,3,6,2,08,15,6,1,,0,1,0,0
"POINT (9.707470108000052 52.424414747000071)",Unfall 18986 (2017) Kat:3,18986,3,2,5,08,07,4,0,,0,1,0,0
"POINT (9.646206274000065 52.402850617000070)",Unfall 19017 (2017) Kat:3,19017,3,6,2,08,19,3,1,,0,1,0,0
"POINT (9.698667229000023 52.347418389000040)",Unfall 19020 (2017) Kat:3,19020,3,1,0,08,17,6,1,,0,0,0,1
"POINT (9.646330497000065 52.400172538000049)",Unfall 19023 (2017) Kat:3,19023,3,6,2,08,19,3,1,,0,1,0,0
"POINT (9.698798929000077 52.347723315000053)",Unfall 19052 (2017) Kat:3,19052,3,2,5,08,08,4,0,,0,1,0,1
"POINT (9.782717384000023 52.324178059000076)",Unfall 19055 (2017) Kat:3,19055,3,7,9,08,15,4,0,,1,0,0,0
"POINT (9.789463915000056 52.421291397000061)",Unfall 19056 (2017) Kat:3,19056,3,1,8,08,10,4,0,,0,1,0,1
"POINT (9.716964528000062 52.356568448000075)",Unfall 19068 (2017) Kat:3,19068,3,6,2,08,20,6,1,,0,1,0,0
"POINT (9.714248989000055 52.398928782000041)",Unfall 19070 (2017) Kat:3,19070,3,3,5,08,12,3,0,,1,0,0,0
"POINT (9.952575524000054 52.325422298000035)",Unfall 19071 (2017) Kat:3,19071,3,2,2,08,07,4,0,,0,1,0,0
"POINT (9.768244418000052 52.337977484000078)",Unfall 19074 (2017) Kat:2,19074,2,4,0,08,08,4,0,,1,0,1,0
"POINT (9.827247853000074 52.351714138000034)",Unfall 19077 (2017) Kat:3,19077,3,7,6,08,13,4,0,,1,0,1,0
"POINT (9.881129586000043 52.355191859000058)",Unfall 19079 (2017) Kat:3,19079,3,6,2,08,14,4,0,,0,0,0,0
"POINT (9.850116359000026 52.355462232000036)",Unfall 19090 (2017) Kat:3,19090,3,6,2,08,07,6,1,,0,1,0,0
"POINT (9.641756786000030 52.414737107000064)",Unfall 19092 (2017) Kat:3,19092,3,6,2,08,09,6,1,,0,1,0,0
"POINT (9.697343644000057 52.341715923000038)",Unfall 19095 (2017) Kat:3,19095,3,2,5,08,18,3,1,,0,1,0,0
"POINT (9.426466722000043 52.429475586000081)",Unfall 19118 (2017) Kat:3,19118,3,2,5,08,02,4,0,,0,1,0,1
"POINT (9.968946554000070 52.331371345000036)",Unfall 19124 (2017) Kat:3,19124,3,1,0,08,18,5,0,,0,0,0,1
"POINT (9.667346324000050 52.377070328000059)",Unfall 19132 (2017) Kat:3,19132,3,6,4,08,18,4,0,,1,0,1,0
"POINT (9.835743232000027 52.278348723000079)",Unfall 19156 (2017) Kat:3,19156,3,5,1,08,15,6,1,,0,1,0,0
"POINT (9.446781037000051 52.416724418000058)",Unfall 19160 (2017) Kat:3,19160,3,2,2,08,15,3,0,,0,1,0,0
"POINT (9.500008971000057 52.426050104000069)",Unfall 19191 (2017) Kat:3,19191,3,6,4,08,08,3,0,,0,0,0,1
"POINT (9.980520510000076 52.458692625000026)",Unfall 19193 (2017) Kat:3,19193,3,6,4,08,12,3,0,,0,1,0,0
"POINT (10.072772015000055 52.367766495000069)",Unfall 19194 (2017) Kat:3,19194,3,6,3,08,17,3,0,,0,1,0,0
"POINT (9.753494356000033 52.452710740000043)",Unfall 19196 (2017) Kat:3,19196,3,7,4,08,16,3,0,,0,1,0,0
"POINT (9.797958232000042 52.413176190000058)",Unfall 19197 (2017) Kat:3,19197,3,2,5,08,09,3,0,,1,1,0,0
"POINT (9.621334776000026 52.406720776000043)",Unfall 19200 (2017) Kat:3,19200,3,3,5,08,08,3,0,,1,1,0,0
"POINT (9.815258341000060 52.402523345000077)",Unfall 19220 (2017) Kat:3,19220,3,6,2,08,05,6,1,,0,1,0,0
"POINT (9.733304451000038 52.438536749000036)",Unfall 19223 (2017) Kat:3,19223,3,6,2,08,17,3,0,,0,1,0,0
"POINT (9.733844772000055 52.469662660000040)",Unfall 19228 (2017) Kat:3,19228,3,3,5,08,16,3,0,,1,1,0,0
"POINT (9.612284274000047 52.298570566000080)",Unfall 19255 (2017) Kat:3,19255,3,1,8,08,06,5,1,,0,1,0,0
"POINT (9.705940453000039 52.412235706000047)",Unfall 19278 (2017) Kat:3,19278,3,6,2,08,08,6,1,,0,1,0,0
"POINT (9.578238860000056 52.284138544000029)",Unfall 19301 (2017) Kat:1,19301,1,2,5,08,10,5,1,,1,0,0,0
"POINT (9.809040825000068 52.379438189000041)",Unfall 19371 (2017) Kat:3,19371,3,3,5,08,17,2,0,,1,1,0,0
"POINT (9.707224759000042 52.424343815000043)",Unfall 19372 (2017) Kat:3,19372,3,3,5,08,17,2,0,,1,1,0,0
"POINT (9.591580727000064 52.211203529000045)",Unfall 19375 (2017) Kat:3,19375,3,3,5,08,07,2,0,,1,0,0,0
"POINT (9.497869771000069 52.282373592000056)",Unfall 19376 (2017) Kat:3,19376,3,3,5,08,06,2,0,,0,1,0,0
"POINT (9.611680136000075 52.436885725000081)",Unfall 19379 (2017) Kat:3,19379,3,2,5,08,14,2,0,,1,1,0,0
"POINT (9.976924708000070 52.372760169000060)",Unfall 19380 (2017) Kat:3,19380,3,6,2,08,19,2,0,,0,1,0,0
"POINT (9.718285670000057 52.475599221000039)",Unfall 19383 (2017) Kat:3,19383,3,5,1,08,07,2,0,,0,1,0,0
"POINT (9.740451552000025 52.368061152000053)",Unfall 19384 (2017) Kat:3,19384,3,6,3,08,16,1,0,,0,1,0,0
"POINT (9.853740212000048 52.558439890000045)",Unfall 19387 (2017) Kat:3,19387,3,6,2,08,09,2,0,,0,1,0,0
"POINT (9.717554685000039 52.396098357000028)",Unfall 19388 (2017) Kat:3,19388,3,7,0,08,10,1,0,,0,0,0,1
"POINT (9.757142235000060 52.319674542000030)",Unfall 19389 (2017) Kat:3,19389,3,1,0,08,18,2,0,,0,0,0,1
"POINT (9.801761968000051 52.432008726000049)",Unfall 19390 (2017) Kat:3,19390,3,3,5,08,15,1,0,,0,1,0,0
"POINT (9.863803121000046 52.324365142000033)",Unfall 19399 (2017) Kat:3,19399,3,6,2,08,13,2,0,,0,0,0,0
"POINT (9.456748923000021 52.498491777000027)",Unfall 19403 (2017) Kat:3,19403,3,6,2,08,18,1,0,,0,1,0,1
"POINT (9.744592297000054 52.453444767000065)",Unfall 19406 (2017) Kat:3,19406,3,6,2,08,15,1,0,,0,1,0,0
"POINT (9.715620235000074 52.378208886000039)",Unfall 19414 (2017) Kat:1,19414,1,6,0,08,12,2,0,,0,1,0,1
"POINT (9.869118626000045 52.312058210000032)",Unfall 19416 (2017) Kat:2,19416,2,6,2,08,12,2,0,,0,0,0,0
"POINT (9.680069917000026 52.391653777000045)",Unfall 19449 (2017) Kat:3,19449,3,6,3,08,05,7,1,,0,1,0,0
"POINT (9.728882511000052 52.372970866000060)",Unfall 19451 (2017) Kat:3,19451,3,2,5,08,17,7,0,,1,1,0,0
"POINT (9.827115985000035 52.344092846000080)",Unfall 19453 (2017) Kat:3,19453,3,3,5,08,14,7,0,,0,1,0,0
"POINT (9.737772941000060 52.464526841000065)",Unfall 19454 (2017) Kat:3,19454,3,2,5,08,10,5,1,,1,0,0,0
"POINT (9.941613902000029 52.498832164000078)",Unfall 19458 (2017) Kat:3,19458,3,3,5,08,17,7,0,,0,1,0,0
"POINT (9.482285158000025 52.392849994000073)",Unfall 19461 (2017) Kat:3,19461,3,6,2,08,17,7,0,,0,1,0,0
"POINT (9.722575136000046 52.378665593000051)",Unfall 19465 (2017) Kat:3,19465,3,1,0,08,11,7,0,,0,0,0,1
"POINT (9.685814619000041 52.374888847000079)",Unfall 19555 (2017) Kat:3,19555,3,3,0,08,22,6,1,,1,1,0,0
"POINT (9.834523540000021 52.337807541000075)",Unfall 19558 (2017) Kat:3,19558,3,7,0,08,07,6,0,,1,0,0,0
"POINT (9.682520667000063 52.326405719000036)",Unfall 19560 (2017) Kat:3,19560,3,3,5,08,18,1,0,,0,1,0,0
"POINT (9.842601458000047 52.354958393000061)",Unfall 19562 (2017) Kat:3,19562,3,6,2,08,09,6,1,,0,1,0,0
"POINT (9.573887488000025 52.282500172000027)",Unfall 19566 (2017) Kat:3,19566,3,2,5,08,13,6,1,,0,1,0,0
"POINT (9.578105101000062 52.366577827000071)",Unfall 19567 (2017) Kat:2,19567,2,7,0,08,13,1,0,,1,0,0,0
"POINT (9.287042741000050 52.488731849000033)",Unfall 19568 (2017) Kat:3,19568,3,1,8,08,12,6,1,,0,1,0,0
"POINT (9.820363588000021 52.512200347000032)",Unfall 19569 (2017) Kat:3,19569,3,1,8,08,11,1,0,,0,1,0,0
"POINT (9.511272470000051 52.290187241000069)",Unfall 19570 (2017) Kat:3,19570,3,1,4,08,19,6,1,,0,1,0,0
"POINT (9.611703411000065 52.436978338000074)",Unfall 19574 (2017) Kat:3,19574,3,2,6,08,11,6,1,,0,1,1,0
"POINT (9.534329241000023 52.461608712000043)",Unfall 19583 (2017) Kat:3,19583,3,3,5,08,12,6,1,,1,1,0,0
"POINT (9.899663468000028 52.396767395000040)",Unfall 19585 (2017) Kat:2,19585,2,3,0,08,23,6,1,,0,1,0,0
"POINT (9.757046681000077 52.186666266000032)",Unfall 19587 (2017) Kat:3,19587,3,1,8,08,19,6,1,,0,1,0,0
"POINT (9.809721082000067 52.306694818000040)",Unfall 19589 (2017) Kat:3,19589,3,7,0,08,14,6,1,,0,0,0,0
"POINT (9.833485764000045 52.398546722000049)",Unfall 19591 (2017) Kat:3,19591,3,2,2,08,12,6,0,,0,1,0,0
"POINT (9.719484339000076 52.345946552000044)",Unfall 19593 (2017) Kat:3,19593,3,6,2,08,13,6,1,,0,1,0,1
"POINT (9.724584787000026 52.427501768000070)",Unfall 19595 (2017) Kat:3,19595,3,6,2,08,14,6,0,,0,1,0,0
"POINT (9.820812662000037 52.426893226000061)",Unfall 19597 (2017) Kat:3,19597,3,6,2,08,10,6,1,,0,1,0,0
"POINT (9.652146284000025 52.415329461000056)",Unfall 19598 (2017) Kat:3,19598,3,2,4,08,07,6,0,,1,1,0,0
"POINT (10.054947511000023 52.372758143000055)",Unfall 19599 (2017) Kat:3,19599,3,7,9,08,04,6,0,,0,0,0,0
"POINT (9.572447687000022 52.623050059000036)",Unfall 19632 (2017) Kat:2,19632,2,6,2,08,11,5,1,,1,0,0,0
"POINT (9.646157013000050 52.403835876000073)",Unfall 19643 (2017) Kat:3,19643,3,2,5,08,16,6,0,,0,1,0,0
"POINT (9.628209862000063 52.394485942000074)",Unfall 19651 (2017) Kat:3,19651,3,4,6,08,13,6,0,,0,1,1,0
"POINT (9.596054562000063 52.394974738000030)",Unfall 19654 (2017) Kat:3,19654,3,5,1,08,15,6,0,,1,1,0,0
"POINT (9.827212256000053 52.345650133000049)",Unfall 19664 (2017) Kat:3,19664,3,7,5,08,12,7,0,,0,1,0,0
"POINT (9.564346561000036 52.339407807000043)",Unfall 19666 (2017) Kat:3,19666,3,6,9,08,05,6,0,,0,1,0,0
"POINT (9.692862838000053 52.266851484000028)",Unfall 19667 (2017) Kat:3,19667,3,1,9,08,13,7,1,,0,1,0,0
"POINT (9.706841665000070 52.314579494000043)",Unfall 19669 (2017) Kat:3,19669,3,7,8,08,16,7,0,,0,1,0,0
"POINT (9.510638742000026 52.376992198000039)",Unfall 19670 (2017) Kat:3,19670,3,7,8,08,10,7,1,,0,1,0,0
"POINT (9.974031141000069 52.394990506000056)",Unfall 19672 (2017) Kat:3,19672,3,1,8,08,01,7,1,,0,1,0,0
"POINT (9.956416322000052 52.457274907000055)",Unfall 19673 (2017) Kat:3,19673,3,1,9,08,13,7,1,,0,1,0,0
"POINT (9.782582023000032 52.380261682000082)",Unfall 19674 (2017) Kat:3,19674,3,1,8,08,08,7,1,,0,1,0,0
"POINT (10.022791118000043 52.381727448000049)",Unfall 19677 (2017) Kat:3,19677,3,6,2,08,19,7,0,,0,1,0,0
"POINT (9.715871156000048 52.346324362000075)",Unfall 19678 (2017) Kat:3,19678,3,6,2,08,08,4,0,,0,1,0,0
"POINT (9.640956600000038 52.173395750000054)",Unfall 19680 (2017) Kat:3,19680,3,2,2,08,17,7,1,,0,1,0,0
"POINT (10.012342227000033 52.479209124000079)",Unfall 19706 (2017) Kat:3,19706,3,3,5,08,07,6,0,,0,1,0,0
"POINT (10.018639189000055 52.437112580000075)",Unfall 19707 (2017) Kat:3,19707,3,2,3,08,07,6,0,,0,1,0,1
"POINT (9.730627799000047 52.313619429000028)",Unfall 19709 (2017) Kat:3,19709,3,6,4,08,22,6,1,,1,0,0,0
"POINT (9.827638473000036 52.360837951000065)",Unfall 19712 (2017) Kat:3,19712,3,7,0,08,12,3,0,,0,0,1,0
"POINT (9.732393836000028 52.383235472000081)",Unfall 19713 (2017) Kat:3,19713,3,2,4,08,21,7,0,,0,1,0,0
"POINT (9.811958097000058 52.337670439000078)",Unfall 19720 (2017) Kat:2,19720,2,1,8,08,20,6,0,,0,1,0,1
"POINT (9.716141937000032 52.428704933000063)",Unfall 19723 (2017) Kat:3,19723,3,6,2,08,15,6,0,,0,1,0,0
"POINT (9.617398269000034 52.405777505000060)",Unfall 19748 (2017) Kat:3,19748,3,3,5,08,09,7,0,,0,1,0,1
"POINT (9.745894258000021 52.534546419000037)",Unfall 19752 (2017) Kat:3,19752,3,1,9,08,13,7,1,,0,1,0,0
"POINT (9.930778150000037 52.345971302000066)",Unfall 19756 (2017) Kat:3,19756,3,3,5,08,11,7,1,,0,1,0,0
"POINT (10.059997221000060 52.395065122000062)",Unfall 19759 (2017) Kat:3,19759,3,1,0,08,09,7,0,,1,0,0,0
"POINT (9.841312125000059 52.491207453000072)",Unfall 19760 (2017) Kat:3,19760,3,2,4,08,15,7,1,,0,1,0,1
"POINT (9.712453255000071 52.362529260000031)",Unfall 19792 (2017) Kat:3,19792,3,6,2,08,14,2,0,,0,1,0,0
"POINT (9.714575134000029 52.293143498000063)",Unfall 19793 (2017) Kat:3,19793,3,7,7,08,17,2,0,,0,1,0,1
"POINT (9.472753796000063 52.505697733000034)",Unfall 19794 (2017) Kat:3,19794,3,6,2,08,16,2,0,,0,1,0,0
"POINT (9.463111083000058 52.513214398000059)",Unfall 19795 (2017) Kat:3,19795,3,6,2,08,12,2,0,,0,1,0,0
"POINT (9.586423978000028 52.416135091000058)",Unfall 19796 (2017) Kat:3,19796,3,5,1,08,07,2,0,,0,1,0,0
"POINT (9.903516582000066 52.354252679000069)",Unfall 19797 (2017) Kat:3,19797,3,3,5,08,15,2,0,,0,1,0,0
"POINT (9.674621055000046 52.441254548000074)",Unfall 19798 (2017) Kat:3,19798,3,6,2,08,15,2,0,,0,1,0,0
"POINT (9.942182905000038 52.392162922000068)",Unfall 19799 (2017) Kat:3,19799,3,6,2,08,16,2,0,,0,0,0,0
"POINT (10.078275384000051 52.366632429000049)",Unfall 19800 (2017) Kat:3,19800,3,6,3,08,14,2,0,,0,1,0,0
"POINT (9.781168198000046 52.522930026000040)",Unfall 19801 (2017) Kat:3,19801,3,7,8,08,10,2,0,,0,0,0,0
"POINT (9.477250941000023 52.387347861000080)",Unfall 19802 (2017) Kat:2,19802,2,2,5,08,07,2,0,,0,1,0,1
"POINT (9.691478678000067 52.332435601000043)",Unfall 19864 (2017) Kat:3,19864,3,6,2,08,17,5,0,,0,1,0,1
"POINT (9.639509154000052 52.396783025000047)",Unfall 19865 (2017) Kat:3,19865,3,2,3,08,14,5,0,,1,1,0,0
"POINT (9.640052443000059 52.294786663000082)",Unfall 19866 (2017) Kat:3,19866,3,6,2,08,11,5,0,,0,1,0,1
"POINT (10.054601942000033 52.448723480000069)",Unfall 19867 (2017) Kat:3,19867,3,3,5,08,07,5,1,,0,1,0,0
"POINT (9.624556528000028 52.279145631000063)",Unfall 19868 (2017) Kat:2,19868,2,1,8,08,21,5,0,,0,0,0,1
"POINT (9.836272193000070 52.387160373000029)",Unfall 19869 (2017) Kat:2,19869,2,2,5,08,16,5,0,,1,0,0,0
"POINT (9.818251070000031 52.409232271000064)",Unfall 19870 (2017) Kat:3,19870,3,4,6,08,15,5,0,,1,0,1,0
"POINT (9.710292860000038 52.407129050000037)",Unfall 19871 (2017) Kat:2,19871,2,4,6,08,12,5,0,,0,0,1,0
"POINT (9.725099000000057 52.377017857000055)",Unfall 19872 (2017) Kat:3,19872,3,2,5,08,09,5,0,,1,1,0,0
"POINT (9.399480673000028 52.536443374000044)",Unfall 19928 (2017) Kat:3,19928,3,2,5,08,15,1,1,,0,1,0,0
"POINT (9.847752033000063 52.392722541000069)",Unfall 19932 (2017) Kat:3,19932,3,3,0,08,12,4,0,,0,1,0,0
"POINT (9.431486672000062 52.422747566000055)",Unfall 19933 (2017) Kat:3,19933,3,6,6,08,17,4,0,,1,0,1,0
"POINT (9.357246670000052 52.453350305000072)",Unfall 19934 (2017) Kat:3,19934,3,3,5,08,10,4,0,,0,1,0,0
"POINT (9.603334371000074 52.393855340000073)",Unfall 19935 (2017) Kat:3,19935,3,3,0,08,19,4,0,,1,0,0,0
"POINT (9.741863701000057 52.459987404000060)",Unfall 19936 (2017) Kat:3,19936,3,2,3,08,10,4,0,,1,1,0,0
"POINT (9.735823251000056 52.401842519000070)",Unfall 19937 (2017) Kat:3,19937,3,6,2,08,12,4,0,,0,1,0,0
"POINT (9.773540448000063 52.577782017000061)",Unfall 19938 (2017) Kat:3,19938,3,6,2,08,11,4,0,,0,1,0,0
"POINT (9.564772310000024 52.323116872000071)",Unfall 19998 (2017) Kat:3,19998,3,6,2,08,15,3,0,,0,1,0,0
"POINT (9.758705937000059 52.427060896000057)",Unfall 19999 (2017) Kat:3,19999,3,6,2,08,18,3,0,,0,0,0,0
"POINT (9.793463401000054 52.371520768000039)",Unfall 20000 (2017) Kat:3,20000,3,7,0,08,14,3,0,,0,1,0,1
"POINT (9.839120461000050 52.417940304000069)",Unfall 20001 (2017) Kat:3,20001,3,6,2,08,15,3,0,,0,1,0,0
"POINT (9.793417260000069 52.415328259000034)",Unfall 20002 (2017) Kat:3,20002,3,2,5,08,12,3,0,,1,1,0,0
"POINT (9.686743248000028 52.429757795000057)",Unfall 20003 (2017) Kat:3,20003,3,6,2,08,08,3,0,,0,1,0,0
"POINT (9.690897069000073 52.421984393000059)",Unfall 20004 (2017) Kat:3,20004,3,2,5,08,06,3,0,,0,1,0,1
"POINT (9.883229612000037 52.299246746000051)",Unfall 20013 (2017) Kat:3,20013,3,6,3,08,07,3,0,,0,1,0,0
"POINT (9.471892120000064 52.504103566000026)",Unfall 20031 (2017) Kat:3,20031,3,1,0,08,17,1,0,,1,0,0,0
"POINT (9.294300344000021 52.490926882000053)",Unfall 20036 (2017) Kat:3,20036,3,3,5,08,15,5,0,,0,1,0,0
"POINT (9.763376053000059 52.547108325000067)",Unfall 20037 (2017) Kat:3,20037,3,7,0,08,12,5,0,,0,1,0,0
"POINT (9.963673527000026 52.313969868000072)",Unfall 20038 (2017) Kat:3,20038,3,3,5,08,16,5,0,,1,1,0,0
"POINT (9.997668045000069 52.452432768000051)",Unfall 20039 (2017) Kat:3,20039,3,3,5,08,13,5,0,,1,1,0,0
"POINT (10.009450544000060 52.486311321000073)",Unfall 20040 (2017) Kat:3,20040,3,3,5,08,13,5,0,,0,1,0,1
"POINT (9.441998068000032 52.366223308000031)",Unfall 20041 (2017) Kat:3,20041,3,6,2,08,14,5,0,,0,0,0,0
"POINT (9.714516595000021 52.361076788000048)",Unfall 20042 (2017) Kat:3,20042,3,2,5,08,11,5,1,,0,1,0,0
"POINT (9.827188268000043 52.349404186000072)",Unfall 20043 (2017) Kat:2,20043,2,3,5,08,11,5,1,,1,1,0,0
"POINT (9.793231422000076 52.415342648000035)",Unfall 20044 (2017) Kat:3,20044,3,2,5,08,07,5,0,,1,1,0,0
"POINT (9.762901311000064 52.344677660000059)",Unfall 20095 (2017) Kat:3,20095,3,1,0,08,15,4,0,,1,0,0,0
"POINT (9.475751181000021 52.297865630000047)",Unfall 20096 (2017) Kat:3,20096,3,2,5,08,12,4,0,,1,1,0,0
"POINT (9.620374981000055 52.439748905000044)",Unfall 20097 (2017) Kat:3,20097,3,2,5,08,18,4,0,,0,1,0,0
"POINT (9.631352790000051 52.505854174000035)",Unfall 20098 (2017) Kat:3,20098,3,3,5,08,15,4,0,,0,1,0,0
"POINT (9.667588148000050 52.341089891000081)",Unfall 20099 (2017) Kat:2,20099,2,4,6,08,13,4,0,,0,0,1,0
"POINT (9.754306709000048 52.355369707000079)",Unfall 20100 (2017) Kat:3,20100,3,2,0,08,08,4,0,,1,1,0,0
"POINT (9.796716588000038 52.415875431000075)",Unfall 20156 (2017) Kat:3,20156,3,6,0,08,15,3,0,,0,1,0,1
"POINT (9.602498923000042 52.394074723000074)",Unfall 20157 (2017) Kat:3,20157,3,1,0,08,17,3,0,,0,0,0,1
"POINT (9.757145071000025 52.319681947000049)",Unfall 20158 (2017) Kat:3,20158,3,3,5,08,18,3,0,,1,1,0,0
"POINT (9.478959768000038 52.367322026000068)",Unfall 20159 (2017) Kat:3,20159,3,2,5,08,18,3,0,,0,1,0,0
"POINT (9.466021774000069 52.304034554000054)",Unfall 20160 (2017) Kat:3,20160,3,2,2,08,10,3,0,,0,1,0,0
"POINT (9.907712341000035 52.355772033000051)",Unfall 20161 (2017) Kat:3,20161,3,3,5,08,16,3,0,,0,1,0,0
"POINT (9.786833977000072 52.390023877000033)",Unfall 20162 (2017) Kat:3,20162,3,6,2,08,21,3,0,,0,1,0,0
"POINT (9.862350277000076 52.371472653000069)",Unfall 20163 (2017) Kat:3,20163,3,1,0,08,07,3,0,,0,0,0,1
"POINT (9.738674494000065 52.609277257000031)",Unfall 20164 (2017) Kat:3,20164,3,7,8,08,00,3,0,,0,1,0,0
"POINT (9.827678936000041 52.354923702000065)",Unfall 20215 (2017) Kat:3,20215,3,6,2,08,19,2,0,,0,1,0,0
"POINT (9.794166090000033 52.394505085000048)",Unfall 20216 (2017) Kat:3,20216,3,2,3,08,09,2,0,,0,1,0,0
"POINT (9.378377963000048 52.456262220000042)",Unfall 20217 (2017) Kat:3,20217,3,6,2,08,15,2,0,,0,1,0,1
"POINT (9.400722911000059 52.424475750000056)",Unfall 20218 (2017) Kat:3,20218,3,2,5,08,15,2,0,,0,1,0,0
"POINT (9.465069663000065 52.515952051000056)",Unfall 20219 (2017) Kat:3,20219,3,6,2,08,14,2,0,,0,1,0,0
"POINT (10.021996010000066 52.384743442000058)",Unfall 20220 (2017) Kat:3,20220,3,2,2,08,17,2,0,,0,1,0,1
"POINT (9.842303575000074 52.424168702000031)",Unfall 20221 (2017) Kat:3,20221,3,1,9,08,11,2,0,,1,0,0,0
"POINT (9.573887426000056 52.282500250000055)",Unfall 20222 (2017) Kat:2,20222,2,3,5,08,14,2,0,,0,1,0,0
"POINT (9.830415665000032 52.361078330000055)",Unfall 20223 (2017) Kat:3,20223,3,7,0,08,10,2,0,,1,0,0,0
"POINT (9.356784993000076 52.447474784000065)",Unfall 20257 (2017) Kat:3,20257,3,1,9,08,00,1,1,,1,0,0,0
"POINT (9.742799230000060 52.427511216000028)",Unfall 20258 (2017) Kat:2,20258,2,1,8,08,15,1,0,,0,0,0,1
"POINT (9.437085581000076 52.467088158000081)",Unfall 20259 (2017) Kat:3,20259,3,1,8,08,01,1,1,,0,1,0,0
"POINT (9.691619799000023 52.430148147000068)",Unfall 20260 (2017) Kat:3,20260,3,7,2,08,01,1,1,,0,1,0,0
"POINT (9.733891364000044 52.368912332000036)",Unfall 20303 (2017) Kat:3,20303,3,2,5,08,15,7,0,,1,1,0,0
"POINT (9.737177113000030 52.427241141000081)",Unfall 20304 (2017) Kat:3,20304,3,6,2,08,12,7,0,,0,1,0,0
"POINT (9.424380390000067 52.429428530000052)",Unfall 20351 (2017) Kat:3,20351,3,3,5,08,10,6,0,,1,1,0,0
"POINT (9.472307227000044 52.388411692000034)",Unfall 20352 (2017) Kat:3,20352,3,2,5,08,07,6,0,,0,0,0,1
"POINT (9.464041628000075 52.399387725000054)",Unfall 20353 (2017) Kat:3,20353,3,6,2,08,07,6,0,,0,1,0,0
"POINT (9.645054878000053 52.397228671000050)",Unfall 20354 (2017) Kat:3,20354,3,4,6,08,14,6,0,,0,1,1,0
"POINT (9.740795887000047 52.461297708000075)",Unfall 20355 (2017) Kat:3,20355,3,6,0,08,12,6,0,,1,0,1,0
"POINT (9.642006323000032 52.414656399000080)",Unfall 20356 (2017) Kat:3,20356,3,6,2,08,19,6,0,,0,1,0,0
"POINT (9.832316053000056 52.418376702000046)",Unfall 20357 (2017) Kat:3,20357,3,6,2,08,16,6,0,,0,1,0,0
"POINT (9.826298312000063 52.289649036000071)",Unfall 20358 (2017) Kat:3,20358,3,2,5,08,09,6,0,,1,0,0,0
"POINT (9.833403572000066 52.419268250000073)",Unfall 20359 (2017) Kat:3,20359,3,3,5,08,08,6,0,,0,1,0,0
"POINT (9.653391741000064 52.409007470000063)",Unfall 20394 (2017) Kat:3,20394,3,6,2,09,17,4,1,,0,1,0,0
"POINT (9.641942209000035 52.414677073000064)",Unfall 20395 (2017) Kat:3,20395,3,6,2,09,13,4,0,,0,1,0,0
"POINT (9.647080464000055 52.413608007000050)",Unfall 20396 (2017) Kat:3,20396,3,3,5,09,06,4,1,,0,1,0,0
"POINT (9.456867686000066 52.499695911000060)",Unfall 20397 (2017) Kat:3,20397,3,3,5,09,11,4,1,,0,1,0,0
"POINT (9.605112047000034 52.453442473000052)",Unfall 20398 (2017) Kat:3,20398,3,3,5,09,16,4,0,,0,1,0,1
"POINT (9.610604755000054 52.466388075000054)",Unfall 20399 (2017) Kat:3,20399,3,5,1,09,04,4,1,,0,1,0,0
"POINT (9.998349515000029 52.451403375000041)",Unfall 20400 (2017) Kat:3,20400,3,1,8,09,13,4,1,,0,1,0,0
"POINT (9.928668524000045 52.394051658000080)",Unfall 20401 (2017) Kat:2,20401,2,7,8,09,18,4,0,,0,1,0,0
"POINT (9.802028158000042 52.432966467000028)",Unfall 20402 (2017) Kat:3,20402,3,2,2,09,14,4,1,,0,1,0,0
"POINT (9.866643456000077 52.309020247000035)",Unfall 20403 (2017) Kat:3,20403,3,7,7,09,06,4,1,,1,0,0,0
"POINT (9.444549688000052 52.381434404000061)",Unfall 20452 (2017) Kat:3,20452,3,1,8,09,13,3,0,,0,0,0,1
"POINT (9.474204387000043 52.389246237000066)",Unfall 20453 (2017) Kat:3,20453,3,6,2,09,07,3,0,,0,1,0,0
"POINT (9.739269494000041 52.302826287000073)",Unfall 20454 (2017) Kat:3,20454,3,6,2,09,08,3,0,,0,1,0,0
"POINT (9.669013705000054 52.345741949000058)",Unfall 20455 (2017) Kat:3,20455,3,3,5,09,07,3,0,,1,1,0,0
"POINT (9.978041555000061 52.316524245000039)",Unfall 20456 (2017) Kat:3,20456,3,3,5,09,09,3,0,,1,1,0,0
"POINT (9.717098014000044 52.346364730000062)",Unfall 20457 (2017) Kat:3,20457,3,2,5,09,15,3,0,,1,1,0,0
"POINT (9.740242814000055 52.301937457000065)",Unfall 20458 (2017) Kat:2,20458,2,2,5,09,09,3,0,,1,1,0,0
"POINT (9.628577729000028 52.422149309000076)",Unfall 20459 (2017) Kat:3,20459,3,6,2,09,09,3,0,,0,1,0,0
"POINT (9.940137973000049 52.392591893000031)",Unfall 20460 (2017) Kat:3,20460,3,7,2,09,02,3,0,,0,1,0,0
"POINT (9.711395641000024 52.405524137000043)",Unfall 20515 (2017) Kat:3,20515,3,6,2,09,17,2,0,,0,1,0,0
"POINT (9.732951780000064 52.420990102000076)",Unfall 20516 (2017) Kat:3,20516,3,6,2,09,12,2,0,,0,1,0,0
"POINT (9.652334283000073 52.390556994000065)",Unfall 20517 (2017) Kat:3,20517,3,6,3,09,22,2,0,,1,0,0,0
"POINT (9.503165995000074 52.572518162000051)",Unfall 20518 (2017) Kat:2,20518,2,1,9,09,10,2,0,,0,1,0,0
"POINT (9.581093835000047 52.388509124000052)",Unfall 20519 (2017) Kat:3,20519,3,7,9,09,19,2,0,,0,1,0,0
"POINT (9.790804304000062 52.280371389000038)",Unfall 20520 (2017) Kat:2,20520,2,6,4,09,16,2,0,,0,1,0,1
"POINT (9.968513514000051 52.367525333000060)",Unfall 20521 (2017) Kat:3,20521,3,3,5,09,15,2,0,,0,1,0,1
"POINT (9.777303577000055 52.371193040000037)",Unfall 20560 (2017) Kat:3,20560,3,6,2,09,14,1,0,,0,1,0,0
"POINT (9.762901311000064 52.344677660000059)",Unfall 20561 (2017) Kat:3,20561,3,3,5,09,18,1,0,,1,1,0,0
"POINT (9.650386313000070 52.205496587000027)",Unfall 20562 (2017) Kat:3,20562,3,2,0,09,14,1,0,,0,0,0,1
"POINT (9.480361453000057 52.553842408000037)",Unfall 20563 (2017) Kat:3,20563,3,1,8,09,19,1,0,,0,1,0,0
"POINT (9.738200282000037 52.580925332000049)",Unfall 20564 (2017) Kat:3,20564,3,5,1,09,12,1,0,,1,1,0,0
"POINT (9.944538865000027 52.333808389000069)",Unfall 20565 (2017) Kat:3,20565,3,3,5,09,14,1,0,,1,1,0,0
"POINT (9.755393414000025 52.590980340000044)",Unfall 20566 (2017) Kat:3,20566,3,6,2,09,12,1,0,,0,1,0,0
"POINT (9.654766509000069 52.407665239000039)",Unfall 20599 (2017) Kat:3,20599,3,6,2,09,20,7,1,,0,1,0,0
"POINT (9.691550895000034 52.332506872000067)",Unfall 20600 (2017) Kat:3,20600,3,6,2,09,15,7,1,,0,1,0,0
"POINT (9.570794420000027 52.446560677000036)",Unfall 20601 (2017) Kat:3,20601,3,2,5,09,12,7,0,,1,1,0,0
"POINT (9.744650681000053 52.454523514000073)",Unfall 20602 (2017) Kat:3,20602,3,5,1,09,10,7,0,,0,1,0,0
"POINT (9.744627222000077 52.454618491000076)",Unfall 20603 (2017) Kat:3,20603,3,6,8,09,11,7,0,,1,1,0,0
"POINT (9.646411064000063 52.401048275000051)",Unfall 20604 (2017) Kat:3,20604,3,1,0,09,18,7,1,,0,0,0,1
"POINT (9.737605295000037 52.368250439000064)",Unfall 20605 (2017) Kat:2,20605,2,4,6,09,15,7,0,,1,0,1,0
"POINT (9.749366373000044 52.596928714000057)",Unfall 20606 (2017) Kat:3,20606,3,6,2,09,12,7,0,,0,1,0,0
"POINT (9.700077745000044 52.416193067000052)",Unfall 20658 (2017) Kat:3,20658,3,6,2,09,15,6,0,,0,1,0,0
"POINT (9.750440273000038 52.221405140000059)",Unfall 20659 (2017) Kat:3,20659,3,6,4,09,08,6,0,,0,1,0,0
"POINT (9.514295162000053 52.396694486000058)",Unfall 20689 (2017) Kat:3,20689,3,1,8,09,17,5,1,,0,0,0,1
"POINT (9.924521434000042 52.366157678000036)",Unfall 20690 (2017) Kat:3,20690,3,3,5,09,06,5,1,,0,1,0,0
"POINT (9.710270376000040 52.431630559000041)",Unfall 20691 (2017) Kat:3,20691,3,6,2,09,14,5,1,,0,1,0,0
"POINT (9.833303574000070 52.338248151000073)",Unfall 20692 (2017) Kat:2,20692,2,4,6,09,15,5,1,,0,1,1,0
"POINT (9.800132450000035 52.343250779000073)",Unfall 20693 (2017) Kat:3,20693,3,6,2,09,13,5,1,,0,1,0,0
"POINT (9.643442002000029 52.334970336000026)",Unfall 20696 (2017) Kat:2,20696,2,3,5,09,14,5,1,,0,1,0,0
"POINT (9.698783543000047 52.347377046000076)",Unfall 20753 (2017) Kat:3,20753,3,2,5,08,12,5,0,,0,1,0,1
"POINT (9.720336075000034 52.391552622000063)",Unfall 20755 (2017) Kat:3,20755,3,1,0,08,17,5,0,,1,0,0,0
"POINT (9.722048239000060 52.326935581000043)",Unfall 20758 (2017) Kat:3,20758,3,2,2,08,09,5,1,,0,1,0,0
"POINT (9.778969157000063 52.573161392000031)",Unfall 20790 (2017) Kat:3,20790,3,6,2,09,10,4,1,,0,1,0,0
"POINT (9.789527756000041 52.316946386000041)",Unfall 20795 (2017) Kat:3,20795,3,6,2,09,15,4,0,,0,1,0,0
"POINT (9.827319978000048 52.358011852000061)",Unfall 20796 (2017) Kat:3,20796,3,3,5,09,12,4,1,,1,1,0,0
"POINT (9.600184567000042 52.319924818000061)",Unfall 20797 (2017) Kat:3,20797,3,6,6,09,11,4,1,,0,1,1,0
"POINT (9.477030836000040 52.387473472000067)",Unfall 20798 (2017) Kat:3,20798,3,6,4,09,14,4,0,,0,1,0,0
"POINT (9.478441532000034 52.386063551000063)",Unfall 20799 (2017) Kat:3,20799,3,6,2,09,16,4,0,,0,1,0,0
"POINT (9.672505791000049 52.441418985000041)",Unfall 20800 (2017) Kat:3,20800,3,2,2,09,13,4,0,,0,1,0,0
"POINT (9.791289396000025 52.315354166000077)",Unfall 20801 (2017) Kat:3,20801,3,2,5,09,16,4,0,,0,1,0,0
"POINT (9.511237296000047 52.290208581000059)",Unfall 20802 (2017) Kat:2,20802,2,7,0,09,13,4,1,,1,0,0,0
"POINT (9.840284572000030 52.488632354000060)",Unfall 20803 (2017) Kat:3,20803,3,6,2,09,08,4,1,,0,1,0,0
"POINT (9.730160955000031 52.368936526000027)",Unfall 20804 (2017) Kat:3,20804,3,3,5,09,08,4,1,,1,1,0,0
"POINT (9.652292329000034 52.409825635000061)",Unfall 20844 (2017) Kat:3,20844,3,6,2,09,18,3,1,,0,1,0,0
"POINT (9.653296533000059 52.409078763000082)",Unfall 20845 (2017) Kat:3,20845,3,6,2,09,17,3,1,,0,1,0,0
"POINT (9.649221908000072 52.414604762000067)",Unfall 20846 (2017) Kat:3,20846,3,6,2,09,17,3,1,,0,1,0,0
"POINT (9.723379612000031 52.368319077000081)",Unfall 20847 (2017) Kat:3,20847,3,6,3,09,11,3,0,,0,1,0,0
"POINT (9.708420340000032 52.426683486000059)",Unfall 20848 (2017) Kat:3,20848,3,6,2,09,13,3,0,,1,1,0,0
"POINT (9.736288966000075 52.398372836000078)",Unfall 20849 (2017) Kat:3,20849,3,6,3,09,07,3,0,,0,1,0,0
"POINT (9.802200536000044 52.407148262000078)",Unfall 20850 (2017) Kat:3,20850,3,3,5,09,12,3,0,,1,1,0,0
"POINT (9.456505069000059 52.495244671000080)",Unfall 20851 (2017) Kat:3,20851,3,3,5,09,12,3,0,,1,0,0,1
"POINT (9.463291653000056 52.513215191000029)",Unfall 20852 (2017) Kat:3,20852,3,6,2,09,05,3,0,,0,1,0,0
"POINT (9.482069317000025 52.293722238000043)",Unfall 20853 (2017) Kat:3,20853,3,7,7,09,22,3,0,,1,0,0,0
"POINT (9.505131384000038 52.289466739000034)",Unfall 20854 (2017) Kat:3,20854,3,6,2,09,17,3,1,,0,1,0,0
"POINT (9.936078574000021 52.347962455000072)",Unfall 20855 (2017) Kat:3,20855,3,7,0,09,08,3,0,,1,0,0,0
"POINT (9.733894427000053 52.438624107000066)",Unfall 20856 (2017) Kat:3,20856,3,2,5,09,14,3,0,,1,1,0,0
"POINT (10.207532158000049 52.476868171000035)",Unfall 20857 (2017) Kat:3,20857,3,2,4,09,05,3,0,,0,1,0,1
"POINT (9.700229551000064 52.422077517000048)",Unfall 20858 (2017) Kat:3,20858,3,3,5,09,17,3,1,,1,1,0,0
"POINT (9.823448822000046 52.384231286000045)",Unfall 20860 (2017) Kat:3,20860,3,2,5,09,11,3,0,,1,1,0,0
"POINT (9.726992655000061 52.366836995000028)",Unfall 20893 (2017) Kat:3,20893,3,2,4,09,10,2,0,,1,1,0,0
"POINT (9.826256386000068 52.414901783000062)",Unfall 20894 (2017) Kat:3,20894,3,6,2,09,17,2,0,,0,1,0,0
"POINT (9.456802571000026 52.448827909000045)",Unfall 20895 (2017) Kat:3,20895,3,6,0,09,22,2,0,,1,0,1,0
"POINT (10.130473141000039 52.398186816000077)",Unfall 20896 (2017) Kat:3,20896,3,3,5,09,08,2,1,,0,1,0,0
"POINT (10.013288157000034 52.450953257000037)",Unfall 20897 (2017) Kat:3,20897,3,2,4,09,10,2,0,,1,1,0,0
"POINT (9.736207071000024 52.399171698000032)",Unfall 20898 (2017) Kat:3,20898,3,3,5,09,20,2,0,,1,0,0,0
"POINT (9.355463518000022 52.452178171000071)",Unfall 20946 (2017) Kat:3,20946,3,3,5,09,16,1,0,,0,1,0,1
"POINT (9.621989597000038 52.211151507000068)",Unfall 20947 (2017) Kat:3,20947,3,6,0,09,10,1,0,,1,0,0,0
"POINT (9.609971758000029 52.344619142000056)",Unfall 20948 (2017) Kat:3,20948,3,2,5,09,19,1,0,,1,1,0,0
"POINT (9.611313132000021 52.431317577000073)",Unfall 20949 (2017) Kat:3,20949,3,6,2,09,15,1,0,,0,1,0,0
"POINT (9.734275417000049 52.388717728000074)",Unfall 20950 (2017) Kat:2,20950,2,4,6,09,11,1,0,,0,1,1,0
"POINT (9.714253127000063 52.361115201000075)",Unfall 20998 (2017) Kat:3,20998,3,2,5,09,13,7,0,,0,1,0,0
"POINT (9.786014453000064 52.319816855000056)",Unfall 20999 (2017) Kat:3,20999,3,2,3,09,11,7,1,,0,1,0,0
"POINT (9.608786645000066 52.443761231000053)",Unfall 21000 (2017) Kat:3,21000,3,3,5,09,11,7,1,,0,1,0,0
"POINT (9.720097867000050 52.458767806000026)",Unfall 21001 (2017) Kat:3,21001,3,6,2,09,03,7,1,,0,1,0,0
"POINT (9.763129878000029 52.344431946000043)",Unfall 21002 (2017) Kat:3,21002,3,2,5,09,17,7,0,,1,1,0,0
"POINT (9.902294648000066 52.398152687000049)",Unfall 21003 (2017) Kat:3,21003,3,1,9,09,19,7,1,,0,1,0,0
"POINT (9.682433043000060 52.429390321000028)",Unfall 21004 (2017) Kat:3,21004,3,7,2,09,11,7,1,,0,1,0,0
"POINT (9.677452711000058 52.393080688000055)",Unfall 21005 (2017) Kat:3,21005,3,1,8,09,06,7,1,,0,1,0,0
"POINT (9.816744771000060 52.520071907000045)",Unfall 21006 (2017) Kat:3,21006,3,7,8,09,03,7,1,,0,0,0,0
"POINT (9.646721713000034 52.397326584000041)",Unfall 21007 (2017) Kat:2,21007,2,1,5,09,01,7,1,,0,1,0,0
"POINT (9.697690183000077 52.664748935000034)",Unfall 21013 (2017) Kat:3,21013,3,6,2,09,11,6,0,,0,1,0,0
"POINT (9.446109570000033 52.440569454000070)",Unfall 21025 (2017) Kat:3,21025,3,6,2,09,16,6,1,,0,1,0,0
"POINT (9.756722612000033 52.254485492000072)",Unfall 21026 (2017) Kat:3,21026,3,3,5,09,17,6,0,,0,1,0,0
"POINT (9.569827249000070 52.595254839000063)",Unfall 21027 (2017) Kat:2,21027,2,3,5,09,15,6,1,,0,1,0,0
"POINT (9.429728694000062 52.567863214000056)",Unfall 21029 (2017) Kat:2,21029,2,3,5,09,11,6,0,,0,1,0,0
"POINT (9.456494948000056 52.495477419000053)",Unfall 21030 (2017) Kat:3,21030,3,2,4,09,09,6,0,,0,1,0,1
"POINT (9.472541808000074 52.506085689000031)",Unfall 21031 (2017) Kat:3,21031,3,6,2,09,17,6,0,,0,1,0,1
"POINT (10.019657223000024 52.384143065000046)",Unfall 21032 (2017) Kat:3,21032,3,2,4,09,10,6,0,,0,1,0,0
"POINT (9.844307566000055 52.274005404000036)",Unfall 21033 (2017) Kat:3,21033,3,2,5,09,19,6,0,,1,1,0,0
"POINT (9.843968512000060 52.360718174000056)",Unfall 21034 (2017) Kat:3,21034,3,3,5,09,07,6,0,,1,1,0,0
"POINT (9.655902799000046 52.406380995000063)",Unfall 21119 (2017) Kat:3,21119,3,6,2,09,14,6,1,,0,1,0,0
"POINT (9.696290669000064 52.379899489000081)",Unfall 21121 (2017) Kat:3,21121,3,3,5,09,05,6,1,,0,1,0,0
"POINT (9.771164766000027 52.370857324000042)",Unfall 21122 (2017) Kat:3,21122,3,6,2,09,18,6,1,,0,1,0,0
"POINT (9.859804984000050 52.385732624000070)",Unfall 21127 (2017) Kat:3,21127,3,3,5,09,09,6,1,,0,1,0,0
"POINT (9.801774878000060 52.432057545000077)",Unfall 21129 (2017) Kat:3,21129,3,6,2,09,12,6,1,,0,1,0,0
"POINT (9.562109112000030 52.399905092000040)",Unfall 21132 (2017) Kat:3,21132,3,5,1,09,12,6,1,,0,0,0,1
"POINT (9.723107604000063 52.325570712000058)",Unfall 21135 (2017) Kat:3,21135,3,6,2,09,21,6,1,,0,1,0,0
"POINT (10.014410523000038 52.287372674000039)",Unfall 21138 (2017) Kat:3,21138,3,1,4,09,07,6,1,,0,1,0,0
"POINT (9.648854206000067 52.424239462000060)",Unfall 21144 (2017) Kat:3,21144,3,6,2,09,08,6,1,,0,1,0,0
"POINT (9.697667864000039 52.377207005000059)",Unfall 21145 (2017) Kat:3,21145,3,6,2,09,18,6,1,,0,1,0,0
"POINT (9.696270717000061 52.379916802000082)",Unfall 21146 (2017) Kat:3,21146,3,2,5,09,19,6,1,,0,1,0,0
"POINT (9.847189517000061 52.274428744000033)",Unfall 21147 (2017) Kat:3,21147,3,6,2,09,18,6,1,,0,1,0,0
"POINT (9.524626680000040 52.416924093000034)",Unfall 21148 (2017) Kat:3,21148,3,6,3,09,19,6,1,,0,1,0,0
"POINT (9.654134004000071 52.425096447000044)",Unfall 21149 (2017) Kat:3,21149,3,6,3,09,18,6,1,,0,1,0,1
"POINT (9.786843456000042 52.390039818000048)",Unfall 21150 (2017) Kat:3,21150,3,6,2,09,16,6,1,,0,1,0,0
"POINT (9.651996364000070 52.424685214000078)",Unfall 21151 (2017) Kat:3,21151,3,6,2,09,14,6,1,,0,1,0,0
"POINT (9.756020617000047 52.370144840000080)",Unfall 21170 (2017) Kat:3,21170,3,7,2,09,06,5,0,,0,1,0,1
"POINT (9.805031885000062 52.408262926000077)",Unfall 21172 (2017) Kat:3,21172,3,3,5,09,18,5,1,,0,1,0,0
"POINT (9.422079073000077 52.429364530000043)",Unfall 21173 (2017) Kat:3,21173,3,2,2,09,18,5,1,,0,1,0,0
"POINT (9.456508703000054 52.495156549000058)",Unfall 21175 (2017) Kat:3,21175,3,3,5,09,17,5,1,,1,1,0,0
"POINT (9.521020967000027 52.301978200000065)",Unfall 21176 (2017) Kat:3,21176,3,1,8,09,22,5,1,,0,1,0,0
"POINT (9.751395327000068 52.520449734000067)",Unfall 21179 (2017) Kat:3,21179,3,2,4,09,16,5,1,,0,1,0,0
"POINT (9.976139588000024 52.372501749000037)",Unfall 21181 (2017) Kat:3,21181,3,3,5,09,19,5,1,,0,1,0,0
"POINT (9.960314419000042 52.440707849000034)",Unfall 21183 (2017) Kat:3,21183,3,1,8,09,15,5,1,,0,1,0,0
"POINT (10.012308451000024 52.449132140000074)",Unfall 21184 (2017) Kat:3,21184,3,1,4,09,13,5,1,,1,1,0,0
"POINT (9.714036119000070 52.611143972000036)",Unfall 21185 (2017) Kat:2,21185,2,2,5,09,20,5,1,,0,1,0,0
"POINT (9.785489994000045 52.335298566000063)",Unfall 21186 (2017) Kat:3,21186,3,6,2,09,14,5,0,,0,1,0,0
"POINT (9.709354177000023 52.314425856000071)",Unfall 21187 (2017) Kat:3,21187,3,2,5,09,10,5,0,,0,1,0,0
"POINT (9.735549630000037 52.438285609000047)",Unfall 21224 (2017) Kat:3,21224,3,6,2,09,08,6,0,,0,1,0,0
"POINT (9.891119647000039 52.397908864000044)",Unfall 21225 (2017) Kat:3,21225,3,6,2,09,21,6,0,,0,1,0,0
"POINT (9.696305453000036 52.379884828000058)",Unfall 21226 (2017) Kat:3,21226,3,3,5,09,19,6,0,,0,1,0,1
"POINT (9.825276627000051 52.504718224000044)",Unfall 21227 (2017) Kat:3,21227,3,1,8,09,17,6,0,,0,1,0,0
"POINT (9.890318305000051 52.294916998000076)",Unfall 21233 (2017) Kat:3,21233,3,1,9,09,12,6,0,,0,1,0,0
"POINT (9.646330359000046 52.400174403000051)",Unfall 21277 (2017) Kat:3,21277,3,2,3,09,07,5,0,,1,1,0,0
"POINT (9.539021079000065 52.461731701000076)",Unfall 21278 (2017) Kat:3,21278,3,3,5,09,17,5,0,,0,1,0,1
"POINT (9.639936627000054 52.443878833000042)",Unfall 21279 (2017) Kat:3,21279,3,2,2,09,05,5,0,,0,1,0,0
"POINT (9.728065096000023 52.588396652000029)",Unfall 21280 (2017) Kat:3,21280,3,3,5,09,13,5,0,,0,1,0,0
"POINT (9.973591201000033 52.370351095000046)",Unfall 21281 (2017) Kat:3,21281,3,3,5,09,08,5,0,,1,1,0,0
"POINT (9.731925871000044 52.475679914000068)",Unfall 21282 (2017) Kat:3,21282,3,6,2,09,13,5,0,,0,1,0,0
"POINT (9.366667382000060 52.545206686000029)",Unfall 21283 (2017) Kat:2,21283,2,6,0,09,21,5,0,,0,1,0,1
"POINT (9.745073585000057 52.367452769000067)",Unfall 21284 (2017) Kat:2,21284,2,4,6,09,14,5,0,,1,0,1,0
"POINT (10.040290889000062 52.376780965000080)",Unfall 21285 (2017) Kat:2,21285,2,7,8,09,13,5,0,,0,1,0,0
"POINT (9.647490578000031 52.413414024000076)",Unfall 21286 (2017) Kat:3,21286,3,6,2,09,12,5,0,,0,1,0,0
"POINT (9.663352984000028 52.315826222000055)",Unfall 21287 (2017) Kat:2,21287,2,3,5,09,11,5,0,,0,1,0,0
"POINT (9.989241319000030 52.460206426000070)",Unfall 21336 (2017) Kat:3,21336,3,1,8,09,17,4,0,,0,0,0,1
"POINT (9.648576620000029 52.412707829000055)",Unfall 21337 (2017) Kat:3,21337,3,1,0,09,12,4,0,,0,0,0,0
"POINT (9.790418587000033 52.349288165000075)",Unfall 21338 (2017) Kat:3,21338,3,6,3,09,11,4,0,,0,1,0,0
"POINT (9.815049989000045 52.303554232000067)",Unfall 21339 (2017) Kat:3,21339,3,3,5,09,09,4,0,,1,1,0,0
"POINT (9.762434381000048 52.370412591000047)",Unfall 21380 (2017) Kat:3,21380,3,2,5,09,07,3,1,,1,1,0,0
"POINT (9.454954336000071 52.517281074000039)",Unfall 21381 (2017) Kat:3,21381,3,6,2,09,06,3,0,,0,1,0,0
"POINT (9.969023572000026 52.315161496000030)",Unfall 21382 (2017) Kat:3,21382,3,6,2,09,14,3,0,,0,1,0,0
"POINT (9.806075538000073 52.318081988000074)",Unfall 21383 (2017) Kat:3,21383,3,6,2,09,09,3,0,,0,1,0,0
"POINT (9.807281322000051 52.335806189000039)",Unfall 21384 (2017) Kat:3,21384,3,6,2,09,08,3,0,,0,1,0,0
"POINT (10.129492668000069 52.363298801000042)",Unfall 21431 (2017) Kat:1,21431,1,6,2,09,13,3,0,,0,0,0,0
"POINT (9.667256634000069 52.377066432000049)",Unfall 21473 (2017) Kat:3,21473,3,2,2,09,08,2,1,,0,1,0,0
"POINT (9.766130122000050 52.340827720000050)",Unfall 21474 (2017) Kat:3,21474,3,2,0,09,15,2,1,,1,1,0,0
"POINT (9.427500396000028 52.430830999000079)",Unfall 21475 (2017) Kat:3,21475,3,6,2,09,16,2,1,,0,1,0,0
"POINT (9.570794420000027 52.446560677000036)",Unfall 21476 (2017) Kat:3,21476,3,3,5,09,08,2,0,,1,1,0,0
"POINT (9.566038862000028 52.296943299000077)",Unfall 21477 (2017) Kat:3,21477,3,1,4,09,16,2,1,,0,1,0,0
"POINT (10.090519408000034 52.487128776000077)",Unfall 21478 (2017) Kat:3,21478,3,3,5,09,08,2,1,,0,1,0,0
"POINT (9.648124545000030 52.414138057000059)",Unfall 21479 (2017) Kat:3,21479,3,6,2,09,22,2,1,,0,1,0,0
"POINT (9.928409965000071 52.344226122000066)",Unfall 21480 (2017) Kat:3,21480,3,3,5,09,19,2,1,,1,1,0,0
"POINT (9.847420235000072 52.360120393000045)",Unfall 21481 (2017) Kat:2,21481,2,2,5,09,12,2,0,,0,0,0,0
"POINT (9.796944001000043 52.347125832000074)",Unfall 21482 (2017) Kat:3,21482,3,6,3,09,06,2,1,,0,1,0,0
"POINT (9.866491744000030 52.577346269000031)",Unfall 21483 (2017) Kat:3,21483,3,6,3,09,15,2,0,,0,1,0,0
"POINT (9.731527700000072 52.369393651000053)",Unfall 21484 (2017) Kat:3,21484,3,2,5,09,07,2,1,,1,1,0,0
"POINT (9.726506325000059 52.365974173000041)",Unfall 21485 (2017) Kat:3,21485,3,3,5,09,06,2,1,,0,1,0,0
"POINT (9.797207602000071 52.346900142000038)",Unfall 21486 (2017) Kat:3,21486,3,6,9,09,06,2,1,,0,1,0,0
"POINT (9.814996255000040 52.363857818000042)",Unfall 21489 (2017) Kat:3,21489,3,7,1,09,19,2,1,,0,1,0,1
"POINT (9.599904549000030 52.617240931000026)",Unfall 21490 (2017) Kat:2,21490,2,1,8,09,21,2,1,,0,1,0,0
"POINT (9.661787020000077 52.401809961000026)",Unfall 21491 (2017) Kat:3,21491,3,1,9,09,16,2,1,,0,0,0,0
"POINT (9.712656520000053 52.429317019000052)",Unfall 21493 (2017) Kat:3,21493,3,6,2,09,14,2,0,,0,1,0,0
"POINT (9.845608602000027 52.411653131000037)",Unfall 21494 (2017) Kat:3,21494,3,6,2,09,07,2,0,,0,1,0,0
"POINT (9.928334241000073 52.320396922000043)",Unfall 21558 (2017) Kat:3,21558,3,1,9,09,14,1,1,,0,0,0,1
"POINT (9.710562004000053 52.431883156000026)",Unfall 21559 (2017) Kat:3,21559,3,6,2,09,19,1,1,,0,1,0,0
"POINT (9.953563385000052 52.491902894000077)",Unfall 21560 (2017) Kat:3,21560,3,1,8,09,17,1,1,,0,1,0,0
"POINT (10.080175562000022 52.517900124000050)",Unfall 21563 (2017) Kat:3,21563,3,1,8,09,03,1,0,,0,1,0,0
"POINT (9.792008218000035 52.557517601000029)",Unfall 21565 (2017) Kat:3,21565,3,1,9,09,16,1,1,,0,0,0,1
"POINT (9.721476295000059 52.361422285000060)",Unfall 21566 (2017) Kat:3,21566,3,6,2,09,17,1,1,,0,1,0,0
"POINT (9.810745135000047 52.382633807000047)",Unfall 21567 (2017) Kat:3,21567,3,1,8,09,01,1,0,,0,1,0,0
"POINT (9.721193526000036 52.361672081000052)",Unfall 21568 (2017) Kat:3,21568,3,6,2,09,17,1,1,,0,1,0,0
"POINT (9.456924890000039 52.500267967000070)",Unfall 21569 (2017) Kat:3,21569,3,6,2,09,17,1,1,,0,1,0,0
"POINT (9.464605669000036 52.350027386000079)",Unfall 21570 (2017) Kat:3,21570,3,2,2,09,17,1,1,,0,1,0,0
"POINT (9.781315237000058 52.364085880000061)",Unfall 21571 (2017) Kat:3,21571,3,1,8,09,13,1,1,,0,1,0,0
"POINT (10.027464712000040 52.461400280000078)",Unfall 21573 (2017) Kat:3,21573,3,6,2,09,17,1,0,,1,0,0,0
"POINT (9.786185692000061 52.356592883000076)",Unfall 21575 (2017) Kat:3,21575,3,6,2,09,18,1,0,,0,1,0,0
"POINT (9.856611123000050 52.358730382000033)",Unfall 21577 (2017) Kat:3,21577,3,1,0,09,10,1,0,,1,0,0,0
"POINT (9.734342998000045 52.368805823000059)",Unfall 21645 (2017) Kat:3,21645,3,3,5,09,23,7,0,,1,1,0,0
"POINT (9.751786766000066 52.452710338000031)",Unfall 21646 (2017) Kat:3,21646,3,6,2,09,11,7,0,,0,1,0,0
"POINT (9.827241723000043 52.346831197000029)",Unfall 21647 (2017) Kat:3,21647,3,5,1,09,10,7,0,,0,1,0,0
"POINT (9.756582687000048 52.254468247000034)",Unfall 21648 (2017) Kat:3,21648,3,2,5,09,14,7,0,,0,1,0,0
"POINT (9.512058785000022 52.389143057000069)",Unfall 21649 (2017) Kat:3,21649,3,1,8,09,12,7,0,,1,0,0,0
"POINT (9.915107860000035 52.444650707000051)",Unfall 21666 (2017) Kat:3,21666,3,1,0,09,15,7,0,,0,0,0,1
"POINT (9.807596401000069 52.559270919000028)",Unfall 21668 (2017) Kat:1,21668,1,4,6,09,19,7,0,,0,1,1,0
"POINT (9.598893878000069 52.211324287000082)",Unfall 21670 (2017) Kat:2,21670,2,1,9,09,07,7,1,,0,1,0,0
"POINT (9.726373397000032 52.388384996000070)",Unfall 21672 (2017) Kat:3,21672,3,3,5,09,05,7,0,,0,1,0,0
"POINT (9.614633116000050 52.392277284000045)",Unfall 21723 (2017) Kat:3,21723,3,3,5,09,15,6,0,,0,1,0,0
"POINT (9.588527673000044 52.438010040000052)",Unfall 21724 (2017) Kat:3,21724,3,2,2,09,12,6,0,,0,1,0,0
"POINT (9.707468678000055 52.424426679000078)",Unfall 21764 (2017) Kat:3,21764,3,2,5,10,18,2,0,,0,1,0,0
"POINT (9.634491682000032 52.265317163000077)",Unfall 21765 (2017) Kat:3,21765,3,1,9,10,13,2,1,,0,1,0,0
"POINT (9.449522382000055 52.504779455000062)",Unfall 21766 (2017) Kat:3,21766,3,2,2,10,07,2,1,,0,1,0,0
"POINT (9.894790867000040 52.415271239000049)",Unfall 21767 (2017) Kat:3,21767,3,6,9,10,18,2,0,,0,1,0,0
"POINT (9.733991119000052 52.415955593000035)",Unfall 21768 (2017) Kat:2,21768,2,1,6,10,14,2,0,,0,1,1,0
"POINT (9.687224777000040 52.425977482000064)",Unfall 21769 (2017) Kat:2,21769,2,2,2,10,11,2,1,,0,1,0,0
"POINT (10.119193058000064 52.363657443000079)",Unfall 21770 (2017) Kat:2,21770,2,6,2,10,10,2,1,,0,0,0,0
"POINT (9.655902799000046 52.406380995000063)",Unfall 21797 (2017) Kat:2,21797,2,1,8,10,06,1,1,,0,1,0,0
"POINT (9.290554455000063 52.489474580000035)",Unfall 21798 (2017) Kat:3,21798,3,3,5,10,13,1,0,,0,1,0,0
"POINT (9.881292978000033 52.311323978000075)",Unfall 21799 (2017) Kat:2,21799,2,1,8,10,14,1,0,,0,0,0,1
"POINT (9.791932893000023 52.556502127000044)",Unfall 21800 (2017) Kat:3,21800,3,6,2,10,11,1,0,,0,1,0,0
"POINT (9.817507892000037 52.301906640000027)",Unfall 21849 (2017) Kat:3,21849,3,4,6,10,06,2,0,,0,1,1,0
"POINT (9.775144532000070 52.371286076000047)",Unfall 21850 (2017) Kat:3,21850,3,6,2,10,16,2,0,,0,1,0,0
"POINT (9.768844050000041 52.338037245000066)",Unfall 21852 (2017) Kat:3,21852,3,7,0,10,10,2,0,,1,0,0,0
"POINT (9.528345199000057 52.196582258000035)",Unfall 21853 (2017) Kat:3,21853,3,6,2,10,17,2,0,,0,1,0,0
"POINT (9.700288033000049 52.477127186000075)",Unfall 21855 (2017) Kat:3,21855,3,3,5,10,16,2,0,,0,1,0,0
"POINT (9.824700522000057 52.339779077000060)",Unfall 21858 (2017) Kat:2,21858,2,1,0,10,15,2,0,,1,0,0,0
"POINT (9.775036492000027 52.577061362000052)",Unfall 21860 (2017) Kat:3,21860,3,6,2,10,09,2,0,,0,1,0,0
"POINT (9.614022189000025 52.421666253000069)",Unfall 21862 (2017) Kat:3,21862,3,7,0,10,04,2,0,,0,0,0,0
"POINT (9.745360643000026 52.601528289000044)",Unfall 21863 (2017) Kat:3,21863,3,7,2,10,07,2,0,,0,1,0,0
"POINT (9.735653433000039 52.402940895000029)",Unfall 21876 (2017) Kat:3,21876,3,5,6,09,11,7,1,,0,1,1,0
"POINT (9.548788991000038 52.641686284000059)",Unfall 21878 (2017) Kat:3,21878,3,1,8,09,04,7,1,,0,0,0,0
"POINT (9.594727137000064 52.382692218000045)",Unfall 21879 (2017) Kat:1,21879,1,1,8,09,20,7,1,,0,1,0,0
"POINT (9.822443603000068 52.407626117000063)",Unfall 21881 (2017) Kat:3,21881,3,6,0,09,19,7,1,,0,1,0,0
"POINT (9.723305842000059 52.454487168000071)",Unfall 21924 (2017) Kat:3,21924,3,6,3,10,20,1,0,,0,1,0,0
"POINT (9.722991656000033 52.436931785000070)",Unfall 21925 (2017) Kat:3,21925,3,1,8,10,08,1,1,,0,1,0,0
"POINT (9.870321961000059 52.310483753000028)",Unfall 21926 (2017) Kat:3,21926,3,3,5,10,16,1,0,,0,1,0,0
"POINT (9.776134329000058 52.329172770000071)",Unfall 21992 (2017) Kat:3,21992,3,6,2,09,14,6,0,,0,1,0,0
"POINT (9.721757819000061 52.421535991000042)",Unfall 21993 (2017) Kat:3,21993,3,6,2,09,14,6,0,,0,1,0,0
"POINT (9.780514767000057 52.269989102000068)",Unfall 21994 (2017) Kat:3,21994,3,6,2,09,18,6,0,,0,1,0,0
"POINT (9.642762707000031 52.342284640000059)",Unfall 21995 (2017) Kat:3,21995,3,1,8,09,20,6,0,,0,0,0,1
"POINT (9.667154870000047 52.339956407000045)",Unfall 21996 (2017) Kat:3,21996,3,3,5,09,13,6,0,,1,1,0,0
"POINT (9.611478747000035 52.434654281000064)",Unfall 21997 (2017) Kat:3,21997,3,2,5,09,09,6,1,,1,1,0,0
"POINT (9.655902799000046 52.406380995000063)",Unfall 21998 (2017) Kat:3,21998,3,6,2,10,17,7,1,,0,1,0,0
"POINT (9.734314086000040 52.475573308000037)",Unfall 21999 (2017) Kat:3,21999,3,2,0,09,07,6,0,,1,1,0,0
"POINT (9.930562174000045 52.496590679000064)",Unfall 22000 (2017) Kat:2,22000,2,7,0,09,16,6,0,,1,0,0,0
"POINT (9.753974726000024 52.370035557000051)",Unfall 22001 (2017) Kat:3,22001,3,6,2,10,17,7,0,,0,1,0,0
"POINT (9.717513182000062 52.367088188000082)",Unfall 22003 (2017) Kat:3,22003,3,3,0,09,13,6,0,,1,0,0,0
"POINT (9.733731412000054 52.545771752000064)",Unfall 22004 (2017) Kat:3,22004,3,2,5,10,18,7,1,,0,1,0,0
"POINT (9.786490668000056 52.356262567000044)",Unfall 22005 (2017) Kat:2,22005,2,6,4,10,19,7,1,,0,1,0,0
"POINT (9.827223761000028 52.345986504000052)",Unfall 22045 (2017) Kat:3,22045,3,1,0,10,12,6,1,,0,0,0,1
"POINT (9.643485615000031 52.335152791000041)",Unfall 22047 (2017) Kat:3,22047,3,6,2,10,14,6,1,,0,1,0,0
"POINT (9.568598628000075 52.303621934000034)",Unfall 22048 (2017) Kat:2,22048,2,1,8,10,15,6,1,,0,1,0,0
"POINT (9.472029069000030 52.301606473000049)",Unfall 22051 (2017) Kat:3,22051,3,2,2,10,13,6,1,,0,1,0,0
"POINT (9.898063331000060 52.479601876000061)",Unfall 22054 (2017) Kat:3,22054,3,6,2,10,07,6,1,,0,1,0,0
"POINT (9.874688460000073 52.279359404000047)",Unfall 22057 (2017) Kat:3,22057,3,1,9,10,15,6,1,,0,1,0,0
"POINT (9.797279701000036 52.414081464000049)",Unfall 22060 (2017) Kat:3,22060,3,1,0,10,13,6,1,,1,0,0,0
"POINT (9.973724997000034 52.389511336000055)",Unfall 22061 (2017) Kat:3,22061,3,6,2,10,14,6,0,,0,1,0,0
"POINT (9.529769568000063 52.198279306000074)",Unfall 22137 (2017) Kat:3,22137,3,6,3,09,17,5,1,,0,1,0,0
"POINT (9.645938888000046 52.411225962000060)",Unfall 22138 (2017) Kat:3,22138,3,1,0,09,17,5,1,,1,0,0,0
"POINT (9.572077494000041 52.284947058000057)",Unfall 22142 (2017) Kat:3,22142,3,4,6,09,13,5,0,,0,1,1,0
"POINT (9.446012284000062 52.504614210000057)",Unfall 22144 (2017) Kat:3,22144,3,6,2,09,15,5,1,,0,1,0,0
"POINT (10.054906235000033 52.448742235000054)",Unfall 22149 (2017) Kat:3,22149,3,3,0,09,15,5,1,,0,1,0,0
"POINT (9.646554236000043 52.398979921000034)",Unfall 22159 (2017) Kat:3,22159,3,6,2,10,15,5,1,,0,1,0,0
"POINT (9.549439999000072 52.358414529000072)",Unfall 22160 (2017) Kat:3,22160,3,7,7,10,13,5,1,,0,1,0,0
"POINT (10.125441355000021 52.371955076000063)",Unfall 22161 (2017) Kat:3,22161,3,2,4,10,07,5,1,,0,1,0,0
"POINT (9.778766209000025 52.376566940000032)",Unfall 22162 (2017) Kat:3,22162,3,7,7,10,13,5,1,,0,1,0,0
"POINT (9.496523167000021 52.413911199000040)",Unfall 22163 (2017) Kat:1,22163,1,6,2,10,23,5,0,,1,1,0,0
"POINT (9.779375533000064 52.521297508000032)",Unfall 22164 (2017) Kat:3,22164,3,7,7,10,13,5,0,,0,0,0,0
"POINT (9.785804440000050 52.335307513000032)",Unfall 22165 (2017) Kat:3,22165,3,3,5,09,18,5,1,,1,1,0,0
"POINT (9.786011301000031 52.319635717000040)",Unfall 22166 (2017) Kat:2,22166,2,7,5,09,18,5,1,,0,1,0,1
"POINT (9.745059701000059 52.367461841000079)",Unfall 22167 (2017) Kat:2,22167,2,7,0,09,15,5,0,,1,0,0,0
"POINT (9.729177261000075 52.536814722000031)",Unfall 22168 (2017) Kat:3,22168,3,1,8,09,10,5,1,,0,1,0,0
"POINT (9.786712447000070 52.389681642000028)",Unfall 22174 (2017) Kat:3,22174,3,7,7,10,14,5,1,,0,1,0,0
"POINT (9.785215951000055 52.335286673000041)",Unfall 22179 (2017) Kat:3,22179,3,2,5,10,10,5,1,,1,0,0,0
"POINT (9.713305502000026 52.400061390000076)",Unfall 22180 (2017) Kat:2,22180,2,2,6,10,10,5,1,,0,1,1,0
"POINT (9.729784601000063 52.384078409000040)",Unfall 22182 (2017) Kat:3,22182,3,2,2,10,09,5,1,,0,1,0,0
"POINT (9.709504232000029 52.346767022000051)",Unfall 22233 (2017) Kat:3,22233,3,6,2,09,16,4,0,,0,1,0,0
"POINT (9.872453277000034 52.310666997000055)",Unfall 22234 (2017) Kat:3,22234,3,3,5,09,07,4,1,,0,1,0,0
"POINT (9.745644701000060 52.209330682000029)",Unfall 22235 (2017) Kat:3,22235,3,2,4,09,09,4,0,,0,1,0,0
"POINT (9.613950189000036 52.316354186000069)",Unfall 22236 (2017) Kat:3,22236,3,3,5,09,07,4,1,,1,1,0,0
"POINT (9.726308639000024 52.545982952000031)",Unfall 22237 (2017) Kat:3,22237,3,2,5,09,12,4,0,,1,1,0,0
"POINT (9.733886339000037 52.478582359000029)",Unfall 22238 (2017) Kat:3,22238,3,6,2,09,17,4,0,,0,1,0,1
"POINT (9.732530470000029 52.424074724000036)",Unfall 22239 (2017) Kat:3,22239,3,6,2,09,07,4,1,,0,1,0,0
"POINT (10.109501266000052 52.363823435000029)",Unfall 22240 (2017) Kat:3,22240,3,6,2,09,15,4,0,,0,0,0,0
"POINT (9.697157008000033 52.341726605000076)",Unfall 22242 (2017) Kat:3,22242,3,2,5,09,16,4,0,,0,1,0,0
"POINT (9.791812728000025 52.393610608000074)",Unfall 22243 (2017) Kat:3,22243,3,6,2,09,15,4,0,,0,1,0,0
"POINT (10.103598994000038 52.455568714000037)",Unfall 22248 (2017) Kat:2,22248,2,7,9,09,12,4,1,,0,1,0,0
"POINT (9.680444253000076 52.371930216000067)",Unfall 22290 (2017) Kat:3,22290,3,2,5,10,10,4,0,,1,1,0,0
"POINT (9.882494395000038 52.359075897000082)",Unfall 22291 (2017) Kat:3,22291,3,6,8,10,05,4,1,,0,1,0,0
"POINT (9.473453368000037 52.389844045000075)",Unfall 22293 (2017) Kat:3,22293,3,7,2,10,15,4,0,,0,1,0,0
"POINT (9.695984304000035 52.379886692000071)",Unfall 22317 (2017) Kat:3,22317,3,6,2,09,12,3,1,,0,1,0,0
"POINT (9.635491841000032 52.197825636000061)",Unfall 22318 (2017) Kat:3,22318,3,1,8,09,22,3,1,,0,1,0,0
"POINT (9.629868088000023 52.484983122000074)",Unfall 22319 (2017) Kat:3,22319,3,1,8,09,21,3,1,,0,1,0,0
"POINT (10.044165009000039 52.305360737000058)",Unfall 22320 (2017) Kat:2,22320,2,3,5,09,06,3,1,,0,1,0,0
"POINT (10.024170113000025 52.432955300000060)",Unfall 22321 (2017) Kat:3,22321,3,2,4,09,20,3,1,,0,1,0,0
"POINT (9.711160457000062 52.405796731000066)",Unfall 22322 (2017) Kat:3,22322,3,3,5,09,11,3,0,,1,1,0,0
"POINT (9.687046218000035 52.558375074000082)",Unfall 22332 (2017) Kat:3,22332,3,6,3,10,16,3,0,,1,1,0,0
"POINT (9.731693572000040 52.484463122000079)",Unfall 22334 (2017) Kat:3,22334,3,1,0,10,17,3,1,,0,0,0,1
"POINT (9.996533493000072 52.445852133000074)",Unfall 22335 (2017) Kat:3,22335,3,3,5,10,16,3,0,,0,1,0,0
"POINT (9.679508941000051 52.391979096000057)",Unfall 22337 (2017) Kat:3,22337,3,1,8,10,22,3,1,,0,1,0,0
"POINT (9.740058346000069 52.368238329000064)",Unfall 22352 (2017) Kat:3,22352,3,2,6,10,18,2,0,,0,1,1,0
"POINT (9.744676442000070 52.369018689000029)",Unfall 22353 (2017) Kat:3,22353,3,6,4,10,17,2,0,,1,0,0,0
"POINT (9.750587941000049 52.360018845000070)",Unfall 22356 (2017) Kat:3,22356,3,6,3,10,19,2,0,,0,1,0,0
"POINT (9.827329036000037 52.355524422000030)",Unfall 22358 (2017) Kat:3,22358,3,3,5,10,08,2,0,,0,1,0,0
"POINT (9.757680820000076 52.242923564000080)",Unfall 22360 (2017) Kat:3,22360,3,3,5,10,19,2,0,,0,1,0,0
"POINT (9.638897463000035 52.396733600000061)",Unfall 22361 (2017) Kat:3,22361,3,6,2,10,19,2,0,,0,1,0,0
"POINT (9.627935472000047 52.265790682000045)",Unfall 22362 (2017) Kat:3,22362,3,6,3,10,07,2,0,,1,1,0,0
"POINT (9.457251038000038 52.504761896000048)",Unfall 22363 (2017) Kat:3,22363,3,6,3,10,13,2,0,,1,0,0,0
"POINT (9.608780772000046 52.443778431000055)",Unfall 22364 (2017) Kat:3,22364,3,2,6,10,16,2,0,,0,1,1,0
"POINT (9.733894475000056 52.438530028000059)",Unfall 22365 (2017) Kat:3,22365,3,2,5,10,09,2,0,,1,1,0,0
"POINT (9.837736966000023 52.421605920000047)",Unfall 22366 (2017) Kat:3,22366,3,6,1,10,16,2,0,,0,1,0,0
"POINT (9.852796904000059 52.565034031000039)",Unfall 22367 (2017) Kat:3,22367,3,6,2,10,16,2,0,,0,1,0,0
"POINT (9.561147952000056 52.421616122000046)",Unfall 22368 (2017) Kat:2,22368,2,6,4,10,14,2,0,,0,1,0,0
"POINT (9.521690666000040 52.272286413000074)",Unfall 22461 (2017) Kat:3,22461,3,1,0,10,16,7,1,,0,0,0,1
"POINT (9.454427306000071 52.475995351000051)",Unfall 22463 (2017) Kat:2,22463,2,1,8,10,10,7,0,,0,1,0,0
"POINT (9.880116134000048 52.353515770000058)",Unfall 22465 (2017) Kat:3,22465,3,1,9,10,08,7,0,,0,1,0,0
"POINT (9.838723575000074 52.421925131000080)",Unfall 22468 (2017) Kat:3,22468,3,6,2,10,15,7,1,,0,1,0,0
"POINT (9.676398045000042 52.393863488000079)",Unfall 22469 (2017) Kat:3,22469,3,1,8,10,17,7,1,,0,1,0,0
"POINT (9.640218734000030 52.415235536000068)",Unfall 22474 (2017) Kat:3,22474,3,6,2,10,16,1,0,,0,1,0,0
"POINT (9.747768318000055 52.216696530000036)",Unfall 22479 (2017) Kat:3,22479,3,6,2,10,13,1,0,,0,1,0,0
"POINT (9.555636385000071 52.204804900000056)",Unfall 22480 (2017) Kat:3,22480,3,3,5,10,15,1,0,,1,1,0,0
"POINT (9.556285874000025 52.203896175000068)",Unfall 22481 (2017) Kat:3,22481,3,6,0,10,17,1,0,,0,1,0,1
"POINT (9.663156525000034 52.315928309000071)",Unfall 22482 (2017) Kat:3,22482,3,6,3,10,13,1,0,,1,1,0,0
"POINT (9.436096079000038 52.539837443000067)",Unfall 22483 (2017) Kat:3,22483,3,7,8,10,01,1,0,,0,1,0,0
"POINT (9.717328938000037 52.608961158000056)",Unfall 22484 (2017) Kat:3,22484,3,2,4,10,16,1,0,,0,1,0,1
"POINT (9.972357962000046 52.380250240000066)",Unfall 22486 (2017) Kat:3,22486,3,6,2,10,12,1,0,,0,1,0,1
"POINT (9.872595010000055 52.310687804000054)",Unfall 22487 (2017) Kat:2,22487,2,3,5,10,17,1,0,,0,1,0,1
"POINT (9.838419473000045 52.417983571000036)",Unfall 22489 (2017) Kat:2,22489,2,1,9,10,18,1,0,,0,0,0,1
"POINT (9.633956758000068 52.354466968000054)",Unfall 22491 (2017) Kat:2,22491,2,7,1,10,14,1,0,,0,1,1,0
"POINT (9.727002063000043 52.366552644000080)",Unfall 22492 (2017) Kat:2,22492,2,6,2,10,14,1,0,,0,1,0,1
"POINT (9.545376570000030 52.310526369000058)",Unfall 22495 (2017) Kat:1,22495,1,6,4,10,09,1,1,,0,1,0,1
"POINT (9.716420555000070 52.357655152000063)",Unfall 22560 (2017) Kat:3,22560,3,3,5,10,12,6,1,,1,1,0,0
"POINT (9.719942068000023 52.330888529000049)",Unfall 22561 (2017) Kat:3,22561,3,6,2,10,14,6,1,,0,1,0,0
"POINT (9.868193804000043 52.309700857000053)",Unfall 22563 (2017) Kat:3,22563,3,3,5,10,18,6,1,,0,1,0,0
"POINT (9.834682407000059 52.337750120000067)",Unfall 22565 (2017) Kat:3,22565,3,2,6,10,07,6,0,,0,1,1,0
"POINT (9.761427481000055 52.260609296000041)",Unfall 22566 (2017) Kat:3,22566,3,2,5,10,17,6,1,,1,1,0,0
"POINT (9.459880894000037 52.306515236000052)",Unfall 22567 (2017) Kat:3,22567,3,3,5,10,11,6,1,,0,1,0,0
"POINT (10.014222822000022 52.287464590000070)",Unfall 22570 (2017) Kat:3,22570,3,1,2,10,11,6,1,,0,1,0,0
"POINT (9.733875000000069 52.469605685000033)",Unfall 22572 (2017) Kat:3,22572,3,2,5,10,16,6,1,,1,1,0,0
"POINT (9.899814272000072 52.390168822000078)",Unfall 22575 (2017) Kat:3,22575,3,6,2,10,16,6,1,,0,1,0,0
"POINT (9.810588620000033 52.333125547000066)",Unfall 22578 (2017) Kat:2,22578,2,1,9,10,16,6,1,,0,1,0,0
"POINT (9.801024009000059 52.396468970000058)",Unfall 22579 (2017) Kat:3,22579,3,6,2,10,16,6,0,,0,1,0,0
"POINT (9.885301446000028 52.279838265000080)",Unfall 22581 (2017) Kat:3,22581,3,7,6,10,05,6,0,,0,0,1,0
"POINT (9.712512522000054 52.403042182000036)",Unfall 22583 (2017) Kat:3,22583,3,2,4,10,14,7,0,,1,1,0,0
"POINT (9.793890756000053 52.393914004000067)",Unfall 22585 (2017) Kat:3,22585,3,6,2,10,16,7,0,,0,1,0,1
"POINT (9.455987276000030 52.505030766000061)",Unfall 22588 (2017) Kat:3,22588,3,6,3,10,13,7,0,,1,1,0,0
"POINT (9.690369756000052 52.444979852000074)",Unfall 22589 (2017) Kat:1,22589,1,1,9,10,09,7,0,,0,1,0,0
"POINT (9.723435627000072 52.363262701000053)",Unfall 22689 (2017) Kat:3,22689,3,6,2,10,07,5,1,,0,1,0,1
"POINT (9.646487871000034 52.399292442000046)",Unfall 22690 (2017) Kat:3,22690,3,2,5,10,06,5,1,,1,1,0,0
"POINT (9.501071535000051 52.289464302000056)",Unfall 22691 (2017) Kat:3,22691,3,5,1,10,07,5,0,,0,1,0,0
"POINT (10.114748313000064 52.355330186000060)",Unfall 22692 (2017) Kat:3,22692,3,3,5,10,16,5,0,,1,1,0,0
"POINT (9.731551794000040 52.438669220000065)",Unfall 22693 (2017) Kat:3,22693,3,3,5,10,11,5,0,,1,1,0,0
"POINT (9.827277374000062 52.310931962000041)",Unfall 22695 (2017) Kat:2,22695,2,3,5,10,16,5,0,,1,1,0,0
"POINT (9.632888269000034 52.419442701000037)",Unfall 22696 (2017) Kat:3,22696,3,1,0,10,11,5,0,,1,0,0,0
"POINT (9.713943269000026 52.366599315000030)",Unfall 22697 (2017) Kat:2,22697,2,5,0,10,08,5,0,,1,1,0,0
"POINT (9.733828483000025 52.385979185000053)",Unfall 22721 (2017) Kat:3,22721,3,6,2,10,19,6,0,,0,1,0,0
"POINT (9.737483274000056 52.305025748000048)",Unfall 22722 (2017) Kat:3,22722,3,2,2,10,14,6,0,,0,1,0,0
"POINT (9.747768441000062 52.324613823000050)",Unfall 22724 (2017) Kat:3,22724,3,6,4,10,16,6,0,,1,0,0,0
"POINT (9.891200232000074 52.294601303000036)",Unfall 22739 (2017) Kat:2,22739,2,6,3,10,05,6,0,,0,1,0,0
"POINT (9.820129759000054 52.362470775000077)",Unfall 22790 (2017) Kat:3,22790,3,1,0,10,13,4,0,,1,0,0,0
"POINT (9.646617064000054 52.398702622000030)",Unfall 22796 (2017) Kat:3,22796,3,6,2,10,08,5,1,,0,1,0,0
"POINT (9.456578757000045 52.496860316000038)",Unfall 22797 (2017) Kat:3,22797,3,5,0,10,11,5,0,,1,0,0,0
"POINT (10.115400821000037 52.356022131000032)",Unfall 22798 (2017) Kat:3,22798,3,5,1,10,06,5,1,,0,0,0,0
"POINT (9.860071306000066 52.433971914000040)",Unfall 22799 (2017) Kat:3,22799,3,3,5,10,10,5,0,,1,1,0,0
"POINT (9.735629377000066 52.396093447000055)",Unfall 22800 (2017) Kat:2,22800,2,3,5,10,06,5,1,,1,1,0,0
"POINT (10.113478333000046 52.393256026000074)",Unfall 22801 (2017) Kat:3,22801,3,7,9,10,10,4,0,,0,1,0,0
"POINT (9.765296861000024 52.341812135000055)",Unfall 22802 (2017) Kat:3,22802,3,4,6,10,22,5,0,,0,1,1,0
"POINT (9.678158229000076 52.365721129000065)",Unfall 22803 (2017) Kat:2,22803,2,2,6,10,19,5,0,,0,1,1,0
"POINT (9.750076238000077 52.327160320000075)",Unfall 22804 (2017) Kat:2,22804,2,3,5,10,17,5,0,,1,1,0,0
"POINT (9.761595693000061 52.342092063000052)",Unfall 22805 (2017) Kat:3,22805,3,6,2,10,15,5,0,,0,1,0,0
"POINT (10.203120285000068 52.463881331000039)",Unfall 22806 (2017) Kat:3,22806,3,6,2,10,18,4,0,,0,1,0,1
"POINT (9.964267216000053 52.472251902000039)",Unfall 22808 (2017) Kat:3,22808,3,6,4,10,11,4,0,,0,1,0,0
"POINT (9.970453113000076 52.314989251000043)",Unfall 22876 (2017) Kat:3,22876,3,3,5,10,18,3,0,,0,1,0,0
"POINT (9.888619464000044 52.584674548000066)",Unfall 22878 (2017) Kat:3,22878,3,6,3,10,13,3,0,,0,1,0,0
"POINT (9.738809514000025 52.368038677000072)",Unfall 22879 (2017) Kat:3,22879,3,3,5,10,15,3,0,,1,1,0,0
"POINT (9.504288230000043 52.406293623000067)",Unfall 22880 (2017) Kat:2,22880,2,6,2,10,15,3,0,,0,1,0,0
"POINT (9.646512772000051 52.423517345000050)",Unfall 22881 (2017) Kat:3,22881,3,6,3,10,13,3,0,,0,1,0,0
"POINT (9.712816253000028 52.401156963000062)",Unfall 22891 (2017) Kat:3,22891,3,6,2,10,08,4,1,,0,1,0,0
"POINT (9.574311867000063 52.282017558000064)",Unfall 22892 (2017) Kat:3,22892,3,2,2,10,13,4,0,,0,1,0,0
"POINT (9.487258152000038 52.564724700000056)",Unfall 22893 (2017) Kat:3,22893,3,6,2,10,12,4,0,,0,1,0,0
"POINT (9.461882177000064 52.312351946000035)",Unfall 22894 (2017) Kat:3,22894,3,2,2,10,18,4,0,,0,1,0,0
"POINT (9.738369697000053 52.437848985000073)",Unfall 22895 (2017) Kat:3,22895,3,4,6,10,20,4,0,,0,1,1,0
"POINT (9.915902248000066 52.395329836000030)",Unfall 22896 (2017) Kat:3,22896,3,6,2,10,14,4,0,,0,0,0,0
"POINT (9.872505123000053 52.310674505000065)",Unfall 22897 (2017) Kat:3,22897,3,2,5,10,12,4,0,,0,1,0,0
"POINT (9.717098014000044 52.346364730000062)",Unfall 22898 (2017) Kat:2,22898,2,2,5,10,09,4,1,,1,0,0,0
"POINT (9.585717140000043 52.392534347000037)",Unfall 22970 (2017) Kat:3,22970,3,7,2,10,18,3,0,,0,1,0,0
"POINT (9.590798700000050 52.396887054000047)",Unfall 22971 (2017) Kat:3,22971,3,2,4,10,16,3,1,,1,1,0,0
"POINT (9.573769511000023 52.272453897000048)",Unfall 22973 (2017) Kat:3,22973,3,1,0,10,14,3,1,,0,0,0,1
"POINT (9.611682018000067 52.301745000000039)",Unfall 22975 (2017) Kat:3,22975,3,1,8,10,16,3,1,,0,1,0,0
"POINT (9.490004983000063 52.388993510000034)",Unfall 22985 (2017) Kat:3,22985,3,6,4,10,17,3,0,,0,1,0,0
"POINT (10.119757290000052 52.360820320000073)",Unfall 22986 (2017) Kat:3,22986,3,6,2,10,08,3,1,,0,1,0,0
"POINT (9.857444832000056 52.497894492000057)",Unfall 22987 (2017) Kat:3,22987,3,3,5,10,15,1,1,,0,1,0,0
"POINT (9.670329707000064 52.347988854000050)",Unfall 22988 (2017) Kat:2,22988,2,7,0,10,08,3,1,,0,0,0,1
"POINT (9.885368822000032 52.360083342000053)",Unfall 22989 (2017) Kat:3,22989,3,1,9,10,15,1,1,,0,1,0,0
"POINT (9.807004716000051 52.336244688000079)",Unfall 22990 (2017) Kat:3,22990,3,1,8,10,10,3,1,,0,1,0,0
"POINT (9.723024621000036 52.358050234000075)",Unfall 22991 (2017) Kat:3,22991,3,6,2,10,16,3,1,,0,1,0,0
"POINT (9.733298446000049 52.427542644000027)",Unfall 22992 (2017) Kat:3,22992,3,6,2,10,15,1,1,,0,1,0,0
"POINT (9.418673772000034 52.426650037000059)",Unfall 23034 (2017) Kat:3,23034,3,7,0,11,09,5,0,,1,0,0,0
"POINT (9.831544531000077 52.399108283000032)",Unfall 23049 (2017) Kat:3,23049,3,6,2,10,13,2,0,,0,1,0,0
"POINT (9.667304168000044 52.340338995000081)",Unfall 23051 (2017) Kat:3,23051,3,3,5,10,16,2,0,,1,1,0,0
"POINT (9.728816062000021 52.317946082000049)",Unfall 23053 (2017) Kat:3,23053,3,6,2,10,12,2,0,,0,1,0,0
"POINT (9.623737741000070 52.425510146000079)",Unfall 23054 (2017) Kat:3,23054,3,6,2,10,15,2,1,,0,1,0,0
"POINT (9.579105531000039 52.418496880000077)",Unfall 23055 (2017) Kat:3,23055,3,2,2,10,15,2,0,,0,1,0,0
"POINT (9.863378318000059 52.373936171000082)",Unfall 23056 (2017) Kat:3,23056,3,2,6,10,08,2,0,,0,1,1,0
"POINT (9.552305171000057 52.362892169000077)",Unfall 23057 (2017) Kat:3,23057,3,1,0,11,13,3,1,,0,0,0,1
"POINT (9.562905683000054 52.459166321000055)",Unfall 23058 (2017) Kat:2,23058,2,4,6,10,08,2,1,,0,1,1,0
"POINT (9.856082026000024 52.408358137000050)",Unfall 23060 (2017) Kat:3,23060,3,6,3,11,12,3,0,,0,1,0,0
"POINT (9.840164981000044 52.488060819000054)",Unfall 23063 (2017) Kat:3,23063,3,6,2,11,10,3,0,,0,1,0,0
"POINT (9.567048799000077 52.421832217000031)",Unfall 23064 (2017) Kat:3,23064,3,6,2,11,07,3,0,,0,1,0,0
"POINT (9.970986845000027 52.372959855000033)",Unfall 23112 (2017) Kat:3,23112,3,2,5,11,08,6,1,,0,1,0,1
"POINT (9.722432402000038 52.378501653000058)",Unfall 23117 (2017) Kat:3,23117,3,2,5,10,02,1,1,,1,1,0,0
"POINT (9.775001858000053 52.371066605000067)",Unfall 23118 (2017) Kat:3,23118,3,6,2,10,18,1,1,,0,1,0,0
"POINT (9.745656475000033 52.209273426000038)",Unfall 23120 (2017) Kat:3,23120,3,3,5,10,13,1,0,,0,1,0,0
"POINT (9.849650307000047 52.270324457000072)",Unfall 23121 (2017) Kat:2,23121,2,4,6,10,20,1,1,,0,1,1,0
"POINT (9.759814034000044 52.587761081000053)",Unfall 23123 (2017) Kat:3,23123,3,6,2,10,15,1,1,,0,1,0,0
"POINT (9.632511965000049 52.419670393000047)",Unfall 23176 (2017) Kat:3,23176,3,6,3,10,08,2,1,,0,1,0,0
"POINT (9.730162320000034 52.368702821000056)",Unfall 23187 (2017) Kat:3,23187,3,3,5,11,16,2,0,,1,1,0,0
"POINT (9.725035893000040 52.376698936000082)",Unfall 23189 (2017) Kat:3,23189,3,3,5,11,08,2,0,,0,1,0,0
"POINT (9.827653321000071 52.360848386000043)",Unfall 23191 (2017) Kat:3,23191,3,4,6,11,12,2,0,,0,1,1,0
"POINT (9.734402064000051 52.412596002000043)",Unfall 23192 (2017) Kat:3,23192,3,2,3,11,10,2,0,,1,0,0,0
"POINT (9.728882511000052 52.372970866000060)",Unfall 23193 (2017) Kat:3,23193,3,2,4,10,17,2,1,,1,1,0,0
"POINT (9.449054962000048 52.423545720000050)",Unfall 23196 (2017) Kat:3,23196,3,6,4,10,21,2,1,,0,1,0,0
"POINT (9.780514767000057 52.269989102000068)",Unfall 23200 (2017) Kat:3,23200,3,2,2,10,16,2,1,,0,1,0,0
"POINT (9.802579547000050 52.434825249000028)",Unfall 23204 (2017) Kat:3,23204,3,2,5,11,17,2,0,,1,1,0,0
"POINT (9.480347231000053 52.294871118000060)",Unfall 23207 (2017) Kat:3,23207,3,6,2,11,13,2,0,,0,1,0,1
"POINT (10.125536318000059 52.371915590000071)",Unfall 23209 (2017) Kat:3,23209,3,2,4,11,18,2,1,,0,1,0,0
"POINT (9.720480011000063 52.337558629000057)",Unfall 23210 (2017) Kat:3,23210,3,6,2,10,19,7,1,,0,1,0,0
"POINT (9.783436819000031 52.323232445000031)",Unfall 23211 (2017) Kat:3,23211,3,2,5,10,08,7,0,,1,1,0,0
"POINT (9.903753678000044 52.444850736000035)",Unfall 23212 (2017) Kat:3,23212,3,3,5,11,08,2,0,,1,1,0,0
"POINT (9.464546873000074 52.403510185000073)",Unfall 23213 (2017) Kat:3,23213,3,1,8,11,10,2,0,,0,1,0,0
"POINT (9.732364471000039 52.383201949000068)",Unfall 23214 (2017) Kat:3,23214,3,6,2,10,19,7,1,,0,1,0,0
"POINT (9.709402390000037 52.169007831000044)",Unfall 23215 (2017) Kat:3,23215,3,3,0,10,15,7,0,,0,1,0,0
"POINT (9.834006626000075 52.418952520000062)",Unfall 23216 (2017) Kat:3,23216,3,6,2,11,09,2,0,,0,1,0,0
"POINT (9.452738249000049 52.512772343000051)",Unfall 23218 (2017) Kat:3,23218,3,3,5,10,11,7,0,,0,1,0,0
"POINT (9.655655837000040 52.579661567000073)",Unfall 23221 (2017) Kat:3,23221,3,7,9,10,00,7,0,,0,1,0,0
"POINT (9.692281520000051 52.420983341000067)",Unfall 23223 (2017) Kat:3,23223,3,3,5,10,22,7,1,,0,1,0,0
"POINT (10.190202554000052 52.464539396000077)",Unfall 23226 (2017) Kat:2,23226,2,4,6,10,09,7,0,,0,1,1,0
"POINT (9.476342520000060 52.498845981000045)",Unfall 23228 (2017) Kat:3,23228,3,6,2,10,14,2,1,,0,1,0,0
"POINT (9.488019787000042 52.291328545000056)",Unfall 23231 (2017) Kat:3,23231,3,2,5,10,07,2,0,,1,1,0,0
"POINT (9.678341116000070 52.440955422000059)",Unfall 23234 (2017) Kat:3,23234,3,6,4,10,18,2,1,,0,1,0,0
"POINT (9.725723708000032 52.525126200000045)",Unfall 23245 (2017) Kat:3,23245,3,2,4,11,18,6,1,,0,1,0,0
"POINT (9.406463173000077 52.411466835000056)",Unfall 23262 (2017) Kat:2,23262,2,1,8,10,20,2,1,,0,1,0,0
"POINT (9.782972217000065 52.361351231000071)",Unfall 23263 (2017) Kat:3,23263,3,1,8,10,18,2,1,,0,1,0,0
"POINT (9.734768851000069 52.407450806000043)",Unfall 23264 (2017) Kat:3,23264,3,4,6,10,16,2,1,,0,1,1,0
"POINT (9.815087726000058 52.303713443000049)",Unfall 23265 (2017) Kat:3,23265,3,2,5,10,07,2,1,,1,1,0,0
"POINT (9.735308842000052 52.402947400000073)",Unfall 23272 (2017) Kat:3,23272,3,6,3,11,13,6,1,,1,0,0,0
"POINT (9.696337968000023 52.379852602000028)",Unfall 23275 (2017) Kat:3,23275,3,2,5,11,22,1,0,,0,1,0,0
"POINT (10.071230233000051 52.368008032000034)",Unfall 23276 (2017) Kat:3,23276,3,1,8,11,15,1,1,,0,1,0,0
"POINT (9.935245786000053 52.336686327000052)",Unfall 23281 (2017) Kat:3,23281,3,2,2,11,14,4,0,,0,1,0,0
"POINT (9.762276444000065 52.336308357000064)",Unfall 23282 (2017) Kat:3,23282,3,3,5,10,08,2,0,,1,1,0,0
"POINT (9.789462366000066 52.357730149000076)",Unfall 23285 (2017) Kat:3,23285,3,6,2,10,09,2,1,,0,1,0,0
"POINT (9.727385264000077 52.381249322000031)",Unfall 23288 (2017) Kat:3,23288,3,6,2,11,11,5,0,,0,1,0,0
"POINT (9.733771797000031 52.384566095000082)",Unfall 23331 (2017) Kat:3,23331,3,6,2,10,14,2,1,,0,1,0,0
"POINT (9.799896786000033 52.407495538000035)",Unfall 23344 (2017) Kat:3,23344,3,7,0,11,10,6,1,,1,0,0,0
"POINT (9.763450639000041 52.343834398000070)",Unfall 23361 (2017) Kat:3,23361,3,3,5,11,13,7,0,,0,1,0,1
"POINT (9.732001067000056 52.311853834000033)",Unfall 23365 (2017) Kat:3,23365,3,2,3,11,13,7,0,,0,1,0,1
"POINT (9.651196830000060 52.415280089000078)",Unfall 23367 (2017) Kat:3,23367,3,7,0,10,17,6,1,,1,0,0,0
"POINT (9.431743808000022 52.318984357000033)",Unfall 23368 (2017) Kat:3,23368,3,6,2,11,13,7,0,,0,1,0,0
"POINT (9.722552398000062 52.357872223000072)",Unfall 23369 (2017) Kat:3,23369,3,4,6,10,12,6,0,,1,0,1,0
"POINT (9.936912903000064 52.444261627000060)",Unfall 23370 (2017) Kat:3,23370,3,7,8,11,12,7,0,,0,0,0,1
"POINT (9.657199497000022 52.318646554000054)",Unfall 23371 (2017) Kat:3,23371,3,3,5,10,07,6,0,,0,1,0,0
"POINT (9.759735425000031 52.370358939000027)",Unfall 23372 (2017) Kat:3,23372,3,2,2,10,21,6,0,,0,1,0,0
"POINT (9.786955120000073 52.390229978000036)",Unfall 23374 (2017) Kat:3,23374,3,6,2,10,18,6,1,,0,1,0,0
"POINT (9.685821562000058 52.374891766000076)",Unfall 23375 (2017) Kat:3,23375,3,3,5,10,14,6,0,,1,1,0,0
"POINT (9.863302340000075 52.329841504000058)",Unfall 23384 (2017) Kat:3,23384,3,6,9,11,11,7,0,,0,1,0,0
"POINT (9.727153889000022 52.387988735000079)",Unfall 23387 (2017) Kat:3,23387,3,3,5,11,12,7,0,,1,1,0,0
"POINT (9.970428829000070 52.387567433000072)",Unfall 23427 (2017) Kat:3,23427,3,3,5,11,17,4,0,,0,1,0,0
"POINT (9.728896909000071 52.372950117000073)",Unfall 23432 (2017) Kat:3,23432,3,6,2,11,15,6,1,,0,1,0,0
"POINT (9.726339346000032 52.380814795000049)",Unfall 23442 (2017) Kat:3,23442,3,3,5,11,19,4,0,,1,1,0,0
"POINT (9.608780869000043 52.392465871000070)",Unfall 23466 (2017) Kat:3,23466,3,3,5,11,14,6,0,,0,1,0,0
"POINT (9.784748049000029 52.199683333000053)",Unfall 23468 (2017) Kat:2,23468,2,4,6,11,14,6,0,,0,1,1,0
"POINT (9.776059016000033 52.269217947000072)",Unfall 23469 (2017) Kat:2,23469,2,1,8,11,02,5,0,,0,1,0,0
"POINT (10.060023270000045 52.395082617000071)",Unfall 23499 (2017) Kat:3,23499,3,6,2,11,06,6,1,,0,1,0,0
"POINT (9.870144352000068 52.310396157000071)",Unfall 23506 (2017) Kat:2,23506,2,6,3,11,08,4,0,,0,1,0,0
"POINT (9.465077412000028 52.318473502000074)",Unfall 23533 (2017) Kat:2,23533,2,6,6,10,19,5,0,,0,0,1,1
"POINT (9.961635725000065 52.484060754000041)",Unfall 23534 (2017) Kat:3,23534,3,6,4,10,16,5,0,,0,1,0,0
"POINT (10.009796132000076 52.463762293000059)",Unfall 23536 (2017) Kat:3,23536,3,6,3,10,20,5,0,,0,1,0,0
"POINT (9.722557308000035 52.358018866000066)",Unfall 23537 (2017) Kat:3,23537,3,4,6,10,15,5,0,,0,1,1,0
"POINT (9.551133492000076 52.362662366000052)",Unfall 23540 (2017) Kat:3,23540,3,2,5,10,07,5,1,,0,1,0,0
"POINT (9.889596826000059 52.295355463000078)",Unfall 23545 (2017) Kat:3,23545,3,6,2,10,18,5,0,,0,1,0,0
"POINT (9.720249517000070 52.337866806000079)",Unfall 23565 (2017) Kat:3,23565,3,6,2,11,17,4,0,,0,1,0,0
"POINT (9.661876183000061 52.401729038000042)",Unfall 23588 (2017) Kat:3,23588,3,7,0,11,14,5,1,,0,1,0,0
"POINT (9.450569876000031 52.428388728000073)",Unfall 23592 (2017) Kat:3,23592,3,3,0,11,16,5,1,,0,1,0,1
"POINT (9.780495013000063 52.270029564000026)",Unfall 23595 (2017) Kat:3,23595,3,6,2,11,14,5,1,,0,1,0,0
"POINT (9.670770489000063 52.238935943000058)",Unfall 23601 (2017) Kat:3,23601,3,3,5,11,15,5,0,,1,1,0,0
"POINT (9.567349982000053 52.574890338000046)",Unfall 23602 (2017) Kat:3,23602,3,1,8,11,07,5,1,,0,0,0,1
"POINT (9.454629406000038 52.508356893000041)",Unfall 23603 (2017) Kat:3,23603,3,2,5,11,17,5,1,,1,1,0,0
"POINT (9.463090090000037 52.314646780000032)",Unfall 23606 (2017) Kat:3,23606,3,2,2,11,11,5,0,,0,1,0,0
"POINT (9.638978419000068 52.415848423000057)",Unfall 23607 (2017) Kat:3,23607,3,6,2,11,06,5,0,,0,1,0,0
"POINT (9.886504857000034 52.437891734000061)",Unfall 23608 (2017) Kat:3,23608,3,6,2,11,08,5,0,,0,1,0,0
"POINT (9.823802155000067 52.292208342000038)",Unfall 23609 (2017) Kat:3,23609,3,2,5,11,17,5,0,,0,1,0,0
"POINT (9.963934774000052 52.316035490000047)",Unfall 23619 (2017) Kat:3,23619,3,2,5,11,12,4,0,,1,1,0,0
"POINT (10.105457286000046 52.389619206000077)",Unfall 23631 (2017) Kat:3,23631,3,2,4,11,17,4,0,,0,1,0,0
"POINT (9.697757350000074 52.376339850000079)",Unfall 23658 (2017) Kat:3,23658,3,6,2,10,15,4,0,,0,1,0,0
"POINT (9.756952381000076 52.370198609000056)",Unfall 23685 (2017) Kat:3,23685,3,7,0,10,15,4,0,,1,0,0,0
"POINT (9.773919956000043 52.428299247000041)",Unfall 23686 (2017) Kat:3,23686,3,6,2,10,16,4,0,,0,1,0,0
"POINT (9.806126593000045 52.408569205000049)",Unfall 23688 (2017) Kat:3,23688,3,6,2,10,16,4,1,,0,1,0,0
"POINT (9.719762393000053 52.210097880000035)",Unfall 23689 (2017) Kat:3,23689,3,7,8,10,18,4,1,,0,1,0,0
"POINT (9.911144593000074 52.357463980000034)",Unfall 23690 (2017) Kat:3,23690,3,2,4,10,07,4,1,,0,1,0,0
"POINT (9.860791000000063 52.493924789000062)",Unfall 23691 (2017) Kat:3,23691,3,4,6,10,11,4,0,,0,1,1,0
"POINT (9.853774339000040 52.390439068000035)",Unfall 23692 (2017) Kat:3,23692,3,2,6,10,08,4,1,,0,1,1,0
"POINT (9.517249330000027 52.413425146000066)",Unfall 23694 (2017) Kat:3,23694,3,6,2,10,15,4,0,,0,0,0,0
"POINT (9.642021435000061 52.414556895000032)",Unfall 23733 (2017) Kat:3,23733,3,6,2,11,10,4,1,,0,1,0,0
"POINT (9.721281841000064 52.361785155000064)",Unfall 23736 (2017) Kat:3,23736,3,6,2,11,20,4,1,,0,1,0,0
"POINT (9.793257772000061 52.415745281000056)",Unfall 23737 (2017) Kat:3,23737,3,6,2,11,19,4,1,,0,1,0,0
"POINT (9.452351818000068 52.412897908000048)",Unfall 23739 (2017) Kat:3,23739,3,1,0,11,07,4,1,,0,0,0,1
"POINT (9.474150724000026 52.542972565000071)",Unfall 23740 (2017) Kat:3,23740,3,7,0,11,19,4,1,,0,1,0,0
"POINT (9.975582355000029 52.372482616000070)",Unfall 23757 (2017) Kat:3,23757,3,6,2,11,19,4,1,,0,1,0,0
"POINT (9.730273419000071 52.454169152000077)",Unfall 23759 (2017) Kat:3,23759,3,5,1,11,05,4,1,,0,1,0,0
"POINT (9.734292233000076 52.387300184000026)",Unfall 23761 (2017) Kat:3,23761,3,2,5,11,22,4,1,,1,1,0,0
"POINT (9.470830180000064 52.391490303000069)",Unfall 23770 (2017) Kat:1,23770,1,4,6,11,17,4,0,,0,1,1,0
"POINT (9.804259322000064 52.407977044000063)",Unfall 23773 (2017) Kat:3,23773,3,3,5,11,13,4,0,,1,1,0,0
"POINT (9.430634502000032 52.543985682000027)",Unfall 23786 (2017) Kat:2,23786,2,6,8,11,16,5,1,,0,1,0,0
"POINT (9.746826585000065 52.364910370000075)",Unfall 23789 (2017) Kat:3,23789,3,6,2,10,18,3,1,,0,1,0,0
"POINT (9.862360604000060 52.371499003000054)",Unfall 23794 (2017) Kat:3,23794,3,4,6,11,16,6,1,,0,1,1,0
"POINT (9.835819018000052 52.354985193000061)",Unfall 23797 (2017) Kat:3,23797,3,6,3,10,19,3,1,,0,1,0,0
"POINT (9.458783385000061 52.305589610000027)",Unfall 23798 (2017) Kat:3,23798,3,6,2,10,07,3,1,,0,1,0,0
"POINT (9.728419005000035 52.497575656000038)",Unfall 23799 (2017) Kat:3,23799,3,6,2,10,08,3,1,,0,1,0,0
"POINT (9.678245243000049 52.362758731000042)",Unfall 23800 (2017) Kat:3,23800,3,4,6,10,19,3,1,,0,1,1,0
"POINT (9.793280277000065 52.393671197000060)",Unfall 23801 (2017) Kat:3,23801,3,2,3,10,19,3,1,,0,1,0,0
"POINT (9.517502806000039 52.413766921000047)",Unfall 23802 (2017) Kat:3,23802,3,7,7,10,21,3,1,,0,1,0,0
"POINT (9.730170915000031 52.368705924000039)",Unfall 23804 (2017) Kat:3,23804,3,3,5,11,13,5,0,,1,1,0,0
"POINT (9.756122967000067 52.352921963000028)",Unfall 23805 (2017) Kat:3,23805,3,2,0,10,12,3,1,,1,0,0,1
"POINT (9.863734209000029 52.331888588000027)",Unfall 23806 (2017) Kat:3,23806,3,6,3,10,08,3,0,,0,1,0,0
"POINT (10.117491953000069 52.363686130000076)",Unfall 23810 (2017) Kat:3,23810,3,6,2,10,06,3,0,,0,1,0,0
"POINT (9.853243518000056 52.564532310000061)",Unfall 23844 (2017) Kat:3,23844,3,2,3,11,12,6,1,,1,1,0,0
"POINT (9.715016731000048 52.360576511000033)",Unfall 23860 (2017) Kat:3,23860,3,1,0,10,16,1,1,,0,0,0,1
"POINT (9.458022673000073 52.426520470000071)",Unfall 23863 (2017) Kat:3,23863,3,1,0,10,15,1,1,,0,1,0,0
"POINT (9.474239859000022 52.389281793000066)",Unfall 23888 (2017) Kat:3,23888,3,3,5,10,14,1,1,,0,1,0,0
"POINT (9.760067971000069 52.452979564000032)",Unfall 23889 (2017) Kat:3,23889,3,6,2,10,17,1,1,,0,1,0,0
"POINT (9.679780881000056 52.309543815000040)",Unfall 23906 (2017) Kat:3,23906,3,2,4,11,18,2,0,,1,1,0,0
"POINT (9.737262482000062 52.305355033000069)",Unfall 23913 (2017) Kat:3,23913,3,6,4,11,17,2,0,,1,0,0,0
"POINT (9.931057359000022 52.339492496000048)",Unfall 23914 (2017) Kat:3,23914,3,4,6,11,21,2,1,,0,1,1,0
"POINT (9.716503722000027 52.287041390000070)",Unfall 23915 (2017) Kat:3,23915,3,2,5,11,12,2,0,,0,1,0,0
"POINT (9.861360191000074 52.307151694000027)",Unfall 23917 (2017) Kat:3,23917,3,6,2,11,08,2,1,,0,1,0,0
"POINT (9.668129516000022 52.343893345000026)",Unfall 23932 (2017) Kat:3,23932,3,2,6,11,06,2,1,,0,1,1,0
"POINT (9.725160626000047 52.380289414000060)",Unfall 23963 (2017) Kat:3,23963,3,6,3,11,19,1,1,,0,1,0,0
"POINT (9.515483952000068 52.473013926000078)",Unfall 23965 (2017) Kat:3,23965,3,1,8,11,13,1,1,,0,1,0,0
"POINT (9.620281417000058 52.439757391000057)",Unfall 23967 (2017) Kat:3,23967,3,3,5,11,11,1,1,,0,1,0,0
"POINT (9.861832305000064 52.369129931000032)",Unfall 23970 (2017) Kat:3,23970,3,7,0,11,22,1,1,,1,0,0,0
"POINT (9.679615374000036 52.324947545000043)",Unfall 23973 (2017) Kat:3,23973,3,1,8,11,14,1,2,,0,1,0,0
"POINT (9.727109526000049 52.366943742000046)",Unfall 23975 (2017) Kat:3,23975,3,2,3,11,07,6,1,,1,1,0,0
"POINT (9.751184808000062 52.359239793000029)",Unfall 23977 (2017) Kat:3,23977,3,2,4,11,07,6,1,,0,1,0,0
"POINT (9.792750027000068 52.394356349000077)",Unfall 23980 (2017) Kat:3,23980,3,6,2,11,18,6,0,,0,1,0,0
"POINT (9.745639959000073 52.209380558000078)",Unfall 23982 (2017) Kat:3,23982,3,2,5,11,12,6,0,,0,1,0,0
"POINT (9.587363964000076 52.582583123000063)",Unfall 23987 (2017) Kat:3,23987,3,6,4,11,15,6,1,,0,1,0,0
"POINT (9.427792474000057 52.560756707000053)",Unfall 23988 (2017) Kat:3,23988,3,7,8,11,01,2,1,,0,1,0,0
"POINT (9.946254978000070 52.371389798000052)",Unfall 23989 (2017) Kat:3,23989,3,6,2,11,11,6,1,,0,1,0,0
"POINT (9.458910958000047 52.330933501000061)",Unfall 23991 (2017) Kat:3,23991,3,6,2,11,09,2,1,,0,1,0,0
"POINT (9.690453010000056 52.442328910000072)",Unfall 23992 (2017) Kat:3,23992,3,2,5,11,19,6,1,,0,1,0,0
"POINT (9.746669473000054 52.365142607000053)",Unfall 23993 (2017) Kat:3,23993,3,4,6,11,21,2,1,,0,1,1,0
"POINT (9.662566234000053 52.551724675000060)",Unfall 23994 (2017) Kat:3,23994,3,7,9,11,14,2,0,,0,1,0,0
"POINT (10.206841602000054 52.463496824000060)",Unfall 23995 (2017) Kat:3,23995,3,3,5,11,08,6,1,,0,1,0,0
"POINT (9.995910457000036 52.387993366000046)",Unfall 23996 (2017) Kat:3,23996,3,6,2,11,19,6,1,,0,1,0,0
"POINT (9.638552601000072 52.422261934000062)",Unfall 23997 (2017) Kat:3,23997,3,6,2,11,16,6,1,,0,1,0,0
"POINT (9.937121605000073 52.392807091000066)",Unfall 23999 (2017) Kat:3,23999,3,6,2,11,15,6,0,,0,1,0,0
"POINT (9.671599835000052 52.440578132000041)",Unfall 24008 (2017) Kat:3,24008,3,3,5,11,17,2,0,,1,1,0,0
"POINT (10.119458956000074 52.363653050000039)",Unfall 24010 (2017) Kat:3,24010,3,6,2,11,16,1,1,,0,1,0,0
"POINT (9.775994550000064 52.553365137000071)",Unfall 24011 (2017) Kat:2,24011,2,3,5,11,20,2,0,,0,1,0,0
"POINT (9.737104320000071 52.368336571000043)",Unfall 24014 (2017) Kat:3,24014,3,6,2,11,17,2,0,,0,1,0,0
"POINT (9.722979650000070 52.358222060000060)",Unfall 24015 (2017) Kat:3,24015,3,2,2,11,12,6,1,,0,1,0,0
"POINT (9.760059053000077 52.427185878000046)",Unfall 24018 (2017) Kat:3,24018,3,6,2,11,13,2,0,,0,1,0,0
"POINT (10.035141986000042 52.378380653000079)",Unfall 24031 (2017) Kat:3,24031,3,6,3,11,07,2,1,,0,1,0,0
"POINT (9.690426228000035 52.346860668000033)",Unfall 24036 (2017) Kat:3,24036,3,6,2,11,06,6,1,,0,1,0,0
"POINT (9.697593496000025 52.375288655000077)",Unfall 24058 (2017) Kat:3,24058,3,6,2,11,17,1,0,,0,1,0,0
"POINT (9.834468574000027 52.420449231000077)",Unfall 24060 (2017) Kat:3,24060,3,6,3,11,05,2,0,,0,1,0,0
"POINT (9.728277447000039 52.381590598000059)",Unfall 24061 (2017) Kat:3,24061,3,2,5,11,14,1,0,,1,1,0,0
"POINT (9.641605547000040 52.414786074000062)",Unfall 24071 (2017) Kat:3,24071,3,6,2,11,13,2,1,,0,0,0,1
"POINT (9.713334230000044 52.314771764000056)",Unfall 24080 (2017) Kat:3,24080,3,3,5,11,05,2,1,,1,1,0,0
"POINT (9.885173774000066 52.357883326000035)",Unfall 24088 (2017) Kat:3,24088,3,1,9,11,23,1,1,,0,0,0,1
"POINT (9.654499688000044 52.407815871000082)",Unfall 24089 (2017) Kat:3,24089,3,6,2,11,15,7,1,,0,1,0,0
"POINT (9.645797946000073 52.413918526000032)",Unfall 24090 (2017) Kat:3,24090,3,6,2,11,13,7,1,,0,1,0,0
"POINT (9.872484317000044 52.310671492000040)",Unfall 24092 (2017) Kat:3,24092,3,2,5,11,17,7,1,,0,1,0,0
"POINT (9.819213379000075 52.310446934000026)",Unfall 24093 (2017) Kat:3,24093,3,6,2,11,17,7,1,,0,1,0,0
"POINT (9.806769008000060 52.336412995000046)",Unfall 24096 (2017) Kat:3,24096,3,6,2,11,17,7,1,,0,1,0,0
"POINT (9.779945684000040 52.327371321000044)",Unfall 24098 (2017) Kat:3,24098,3,5,3,11,14,7,1,,0,1,0,0
"POINT (10.110848218000058 52.456994467000072)",Unfall 24168 (2017) Kat:3,24168,3,7,7,11,20,2,1,,0,1,0,0
"POINT (9.722203983000043 52.378352025000027)",Unfall 24170 (2017) Kat:3,24170,3,2,5,11,18,5,1,,1,1,0,0
"POINT (9.574526674000026 52.281732583000064)",Unfall 24171 (2017) Kat:3,24171,3,2,2,11,07,5,0,,0,1,0,0
"POINT (9.830099658000052 52.417114613000081)",Unfall 24172 (2017) Kat:3,24172,3,4,6,11,15,2,0,,0,1,1,0
"POINT (9.545923380000033 52.462047393000034)",Unfall 24173 (2017) Kat:3,24173,3,1,0,11,15,5,1,,1,0,0,0
"POINT (9.763720727000077 52.551324153000053)",Unfall 24175 (2017) Kat:3,24175,3,3,5,11,17,5,0,,1,1,0,0
"POINT (10.118626111000026 52.457379288000027)",Unfall 24190 (2017) Kat:3,24190,3,2,5,11,17,5,0,,0,1,0,0
"POINT (9.864574547000075 52.404481543000031)",Unfall 24193 (2017) Kat:3,24193,3,6,3,11,18,5,1,,0,1,0,0
"POINT (9.872470526000029 52.310669495000070)",Unfall 24196 (2017) Kat:3,24196,3,2,5,11,15,5,0,,0,1,0,0
"POINT (9.633705218000046 52.411264704000075)",Unfall 24199 (2017) Kat:3,24199,3,1,8,11,12,5,0,,0,1,0,0
"POINT (9.787018349000050 52.563912589000040)",Unfall 24201 (2017) Kat:3,24201,3,6,2,11,12,5,0,,0,1,0,0
"POINT (9.843530595000061 52.415332335000073)",Unfall 24202 (2017) Kat:3,24202,3,6,3,11,05,5,0,,0,1,0,0
"POINT (9.786931820000064 52.390189929000030)",Unfall 24204 (2017) Kat:3,24204,3,6,2,11,06,5,1,,0,1,0,0
"POINT (9.697731600000054 52.377145645000041)",Unfall 24274 (2017) Kat:3,24274,3,6,2,11,06,6,1,,0,1,0,0
"POINT (10.066015805000063 52.369580742000039)",Unfall 24275 (2017) Kat:2,24275,2,6,3,11,22,6,1,,0,1,0,0
"POINT (9.768782859000055 52.338111240000046)",Unfall 24277 (2017) Kat:3,24277,3,2,5,11,19,6,0,,0,1,0,0
"POINT (9.702515638000023 52.430443285000081)",Unfall 24278 (2017) Kat:3,24278,3,6,2,11,17,6,0,,0,1,0,0
"POINT (9.928161073000069 52.347789232000082)",Unfall 24279 (2017) Kat:2,24279,2,2,2,11,11,1,1,,0,1,0,0
"POINT (9.786859694000043 52.372178041000041)",Unfall 24281 (2017) Kat:3,24281,3,5,0,11,14,6,0,,0,1,0,0
"POINT (9.720264274000044 52.391659249000043)",Unfall 24282 (2017) Kat:2,24282,2,1,0,11,13,1,1,,1,0,0,0
"POINT (9.898185802000057 52.290044471000044)",Unfall 24294 (2017) Kat:3,24294,3,6,2,11,09,6,0,,0,0,0,0
"POINT (9.724275316000046 52.337055607000082)",Unfall 24343 (2017) Kat:3,24343,3,6,2,11,16,2,0,,0,1,0,0
"POINT (9.642638522000027 52.414627968000048)",Unfall 24345 (2017) Kat:3,24345,3,6,2,11,05,4,1,,0,1,0,0
"POINT (9.720318648000045 52.337999680000053)",Unfall 24363 (2017) Kat:3,24363,3,2,5,11,21,4,0,,0,1,0,0
"POINT (9.463246110000057 52.513216748000048)",Unfall 24366 (2017) Kat:3,24366,3,6,2,11,11,4,1,,0,1,0,0
"POINT (10.027490694000051 52.352376143000072)",Unfall 24369 (2017) Kat:3,24369,3,1,9,11,17,4,1,,0,1,0,0
"POINT (9.717039320000026 52.346365527000046)",Unfall 24370 (2017) Kat:3,24370,3,2,6,11,18,4,0,,0,1,1,0
"POINT (9.943741717000023 52.391967053000030)",Unfall 24372 (2017) Kat:3,24372,3,6,3,11,15,4,0,,0,1,0,0
"POINT (9.977286421000031 52.375110402000075)",Unfall 24393 (2017) Kat:3,24393,3,2,5,11,05,2,1,,1,1,0,0
"POINT (9.858972866000045 52.386794500000065)",Unfall 24402 (2017) Kat:3,24402,3,6,2,11,13,7,1,,0,1,0,0
"POINT (9.734630560000028 52.391656146000059)",Unfall 24405 (2017) Kat:3,24405,3,4,6,11,23,7,0,,0,1,1,0
"POINT (9.724195920000057 52.379756113000042)",Unfall 24422 (2017) Kat:2,24422,2,2,2,11,09,7,1,,0,1,0,0
"POINT (9.722097775000066 52.326870485000029)",Unfall 24486 (2017) Kat:3,24486,3,6,2,11,10,7,1,,0,1,0,0
"POINT (9.727540809000061 52.510739679000039)",Unfall 24487 (2017) Kat:3,24487,3,6,2,11,14,7,1,,0,1,0,0
"POINT (9.811643381000067 52.510289294000074)",Unfall 24488 (2017) Kat:3,24488,3,6,3,11,12,7,1,,0,1,0,0
"POINT (9.731693724000024 52.369431441000074)",Unfall 24499 (2017) Kat:3,24499,3,3,5,11,15,5,0,,1,1,0,0
"POINT (9.713928878000047 52.366602503000081)",Unfall 24500 (2017) Kat:3,24500,3,4,6,11,22,5,1,,0,1,1,0
"POINT (9.662334010000052 52.214226435000057)",Unfall 24502 (2017) Kat:2,24502,2,7,9,11,00,7,1,,0,1,0,0
"POINT (9.745944801000064 52.366436296000074)",Unfall 24504 (2017) Kat:3,24504,3,7,0,11,16,5,0,,1,0,0,0
"POINT (9.788191631000075 52.454777667000030)",Unfall 24507 (2017) Kat:3,24507,3,6,2,11,13,5,0,,0,1,0,0
"POINT (10.024239221000073 52.432906914000057)",Unfall 24510 (2017) Kat:3,24510,3,3,5,11,16,5,0,,0,1,0,1
"POINT (9.633172779000063 52.252340720000063)",Unfall 24512 (2017) Kat:3,24512,3,6,2,11,08,5,0,,0,1,0,0
"POINT (9.648197595000056 52.412832940000044)",Unfall 24534 (2017) Kat:3,24534,3,6,2,11,12,3,1,,0,1,0,0
"POINT (9.818802813000048 52.294892275000052)",Unfall 24535 (2017) Kat:3,24535,3,2,5,11,07,3,1,,0,1,0,0
"POINT (9.776447486000052 52.328803020000066)",Unfall 24537 (2017) Kat:3,24537,3,3,5,11,16,3,0,,1,1,0,0
"POINT (9.736269250000021 52.397667530000035)",Unfall 24538 (2017) Kat:3,24538,3,2,2,11,20,3,1,,0,1,0,0
"POINT (9.480854472000033 52.458465800000056)",Unfall 24539 (2017) Kat:3,24539,3,2,2,11,06,3,1,,0,1,0,1
"POINT (9.726380506000055 52.569285739000065)",Unfall 24541 (2017) Kat:3,24541,3,2,5,11,19,2,1,,0,1,0,0
"POINT (9.731746918000056 52.475669537000044)",Unfall 24574 (2017) Kat:3,24574,3,2,3,11,15,3,1,,0,1,0,1
"POINT (9.734776447000058 52.407364444000052)",Unfall 24579 (2017) Kat:3,24579,3,2,5,11,14,3,1,,1,1,0,0
"POINT (9.745279185000072 52.367041207000057)",Unfall 24581 (2017) Kat:2,24581,2,3,5,11,07,3,1,,1,1,0,0
"POINT (9.857818951000070 52.407777512000052)",Unfall 24584 (2017) Kat:2,24584,2,6,2,11,09,3,1,,0,1,0,0
"POINT (10.013047058000041 52.445538686000077)",Unfall 24601 (2017) Kat:3,24601,3,6,2,11,07,2,1,,0,1,0,0
"POINT (9.857575854000061 52.306753433000040)",Unfall 24650 (2017) Kat:3,24650,3,6,2,11,17,4,1,,0,1,0,0
"POINT (9.810242442000060 52.306195779000063)",Unfall 24653 (2017) Kat:3,24653,3,5,3,11,12,4,1,,0,1,0,0
"POINT (9.528073102000064 52.270837409000080)",Unfall 24655 (2017) Kat:3,24655,3,5,8,11,14,4,1,,0,1,0,0
"POINT (9.824739412000042 52.414038301000062)",Unfall 24658 (2017) Kat:1,24658,1,7,0,11,17,4,0,,0,0,1,0
"POINT (9.696321802000057 52.379868623000050)",Unfall 24661 (2017) Kat:3,24661,3,6,2,11,14,4,1,,0,1,0,0
"POINT (9.768493215000035 52.338131592000082)",Unfall 24662 (2017) Kat:3,24662,3,6,2,11,14,4,1,,0,1,0,1
"POINT (9.868229502000077 52.309713620000082)",Unfall 24664 (2017) Kat:3,24664,3,2,5,11,09,4,1,,0,1,0,0
"POINT (9.779105234000042 52.327706319000072)",Unfall 24693 (2017) Kat:3,24693,3,1,9,11,05,2,1,,0,0,0,1
"POINT (9.863744169000029 52.434246643000051)",Unfall 24756 (2017) Kat:3,24756,3,4,6,11,19,2,1,,0,1,1,0
"POINT (9.707363907000058 52.424368731000072)",Unfall 24760 (2017) Kat:3,24760,3,3,5,11,15,2,0,,0,1,0,0
"POINT (9.860773754000036 52.357550447000051)",Unfall 24788 (2017) Kat:3,24788,3,6,3,11,18,3,1,,0,1,0,0
"POINT (9.776080243000024 52.269225140000060)",Unfall 24789 (2017) Kat:3,24789,3,6,2,11,07,3,0,,0,1,0,0
"POINT (9.621928823000076 52.393048114000067)",Unfall 24790 (2017) Kat:3,24790,3,6,2,11,13,3,0,,0,1,0,0
"POINT (9.574641225000050 52.273650627000052)",Unfall 24791 (2017) Kat:2,24791,2,4,6,11,17,3,1,,0,1,1,0
"POINT (9.787702209000031 52.356623440000078)",Unfall 24798 (2017) Kat:3,24798,3,6,2,11,17,2,1,,0,1,0,0
"POINT (9.648888763000059 52.391367247000062)",Unfall 24800 (2017) Kat:3,24800,3,6,4,11,10,2,1,,0,1,0,0
"POINT (9.462290061000033 52.305053811000050)",Unfall 24801 (2017) Kat:2,24801,2,3,5,11,17,2,1,,1,1,0,0
"POINT (9.585390662000066 52.435243831000037)",Unfall 24803 (2017) Kat:3,24803,3,2,2,11,15,2,1,,0,1,0,0
"POINT (9.680613624000046 52.440776492000055)",Unfall 24804 (2017) Kat:3,24804,3,6,2,11,17,2,1,,0,1,0,0
"POINT (9.670784371000025 52.441330432000029)",Unfall 24806 (2017) Kat:3,24806,3,2,5,11,04,2,1,,0,1,0,0
"POINT (9.861757704000070 52.493992277000075)",Unfall 24807 (2017) Kat:3,24807,3,3,5,11,12,2,1,,0,1,0,0
"POINT (9.859954347000041 52.490147195000077)",Unfall 24810 (2017) Kat:3,24810,3,3,5,11,19,2,1,,0,1,0,0
"POINT (9.849116783000056 52.563984526000070)",Unfall 24812 (2017) Kat:3,24812,3,6,2,11,16,2,1,,0,1,0,0
"POINT (9.830656303000069 52.422788026000035)",Unfall 24814 (2017) Kat:3,24814,3,6,2,11,17,2,1,,0,1,0,0
"POINT (9.826364507000051 52.424794909000070)",Unfall 24817 (2017) Kat:3,24817,3,6,0,11,15,2,1,,0,1,0,0
"POINT (9.714654459000030 52.398601120000080)",Unfall 24820 (2017) Kat:2,24820,2,1,0,11,17,2,1,,0,0,0,1
"POINT (9.958515742000031 52.390389800000037)",Unfall 24823 (2017) Kat:3,24823,3,6,2,11,14,2,1,,0,1,0,0
"POINT (9.827193348000037 52.347252500000081)",Unfall 24825 (2017) Kat:2,24825,2,6,0,11,13,2,1,,0,1,0,0
"POINT (9.811000267000054 52.382684616000063)",Unfall 24828 (2017) Kat:3,24828,3,3,5,11,11,2,1,,0,1,0,0
"POINT (9.821512691000066 52.339196680000043)",Unfall 24832 (2017) Kat:3,24832,3,2,6,11,07,2,0,,0,1,1,0
"POINT (9.722203983000043 52.378352025000027)",Unfall 24893 (2017) Kat:3,24893,3,6,2,12,18,1,1,,0,1,0,0
"POINT (9.401371498000060 52.333002587000067)",Unfall 24894 (2017) Kat:3,24894,3,6,2,12,18,1,1,,0,1,0,0
"POINT (10.132728632000067 52.369767335000063)",Unfall 24895 (2017) Kat:3,24895,3,1,8,12,09,1,2,,0,1,1,0
"POINT (9.725201901000048 52.460981282000034)",Unfall 24896 (2017) Kat:3,24896,3,1,9,12,05,1,2,,0,0,0,0
"POINT (9.608721199000058 52.318571348000035)",Unfall 24943 (2017) Kat:3,24943,3,3,5,12,13,7,1,,1,1,0,0
"POINT (9.457010499000035 52.504886285000055)",Unfall 24944 (2017) Kat:3,24944,3,2,6,12,22,7,1,,0,1,1,0
"POINT (9.739914760000033 52.319807561000061)",Unfall 24945 (2017) Kat:2,24945,2,3,5,12,14,7,1,,0,1,0,1
"POINT (10.101392554000029 52.364359432000072)",Unfall 24946 (2017) Kat:3,24946,3,6,2,12,11,7,1,,0,1,0,0
"POINT (9.750590748000036 52.427241546000062)",Unfall 24947 (2017) Kat:2,24947,2,7,2,12,02,7,1,,0,1,0,0
"POINT (9.720205937000060 52.337783047000073)",Unfall 24972 (2017) Kat:3,24972,3,6,3,11,17,3,0,,0,1,0,0
"POINT (9.734878170000059 52.391352196000071)",Unfall 24976 (2017) Kat:3,24976,3,2,6,11,17,3,0,,0,1,1,0
"POINT (9.665285220000044 52.428080901000044)",Unfall 24977 (2017) Kat:3,24977,3,1,9,11,18,3,0,,0,1,0,0
"POINT (9.628758471000026 52.295029539000041)",Unfall 24979 (2017) Kat:1,24979,1,7,0,11,17,3,0,,0,1,0,0
"POINT (9.846643338000035 52.430657517000043)",Unfall 24980 (2017) Kat:3,24980,3,3,5,11,07,3,0,,1,0,0,0
"POINT (9.682591467000066 52.326471563000041)",Unfall 24995 (2017) Kat:3,24995,3,3,5,12,07,6,1,,0,1,0,0
"POINT (9.735552627000061 52.403539075000026)",Unfall 24996 (2017) Kat:3,24996,3,3,5,12,21,6,0,,1,1,0,0
"POINT (9.729862383000068 52.382119406000072)",Unfall 24997 (2017) Kat:3,24997,3,6,3,12,14,6,1,,0,1,0,0
"POINT (9.449126443000068 52.436236858000029)",Unfall 24998 (2017) Kat:3,24998,3,2,5,12,17,6,1,,1,1,0,0
"POINT (9.526451935000068 52.340679174000059)",Unfall 24999 (2017) Kat:3,24999,3,6,2,12,18,6,1,,0,1,0,0
"POINT (9.687199540000052 52.214796033000027)",Unfall 25000 (2017) Kat:2,25000,2,6,4,12,14,6,1,,0,0,0,0
"POINT (9.405604016000041 52.332252413000049)",Unfall 25001 (2017) Kat:3,25001,3,6,2,12,16,6,1,,0,1,0,0
"POINT (9.791828208000027 52.335039474000041)",Unfall 25002 (2017) Kat:3,25002,3,3,5,12,12,6,1,,1,1,0,0
"POINT (9.756794762000027 52.312838746000068)",Unfall 25059 (2017) Kat:2,25059,2,1,0,11,08,5,2,,1,0,0,0
"POINT (9.470255716000054 52.301434198000038)",Unfall 25060 (2017) Kat:3,25060,3,2,6,11,17,5,0,,0,1,1,0
"POINT (9.903312736000032 52.587224533000040)",Unfall 25061 (2017) Kat:3,25061,3,1,8,11,12,5,1,,0,1,0,0
"POINT (9.744798165000077 52.367440533000035)",Unfall 25062 (2017) Kat:3,25062,3,3,5,11,18,5,0,,1,1,0,0
"POINT (9.817595900000072 52.305247559000065)",Unfall 25063 (2017) Kat:3,25063,3,5,1,11,13,5,0,,1,1,0,0
"POINT (9.765958359000024 52.343102462000047)",Unfall 25064 (2017) Kat:3,25064,3,6,2,11,07,5,1,,0,1,0,0
"POINT (9.731113147000031 52.383602963000044)",Unfall 25110 (2017) Kat:3,25110,3,2,5,11,08,4,0,,1,1,0,0
"POINT (9.782666139000071 52.324269570000070)",Unfall 25111 (2017) Kat:3,25111,3,3,5,11,18,4,0,,1,1,0,0
"POINT (9.575455145000035 52.270132511000043)",Unfall 25112 (2017) Kat:2,25112,2,3,5,11,13,4,0,,0,1,0,0
"POINT (9.697702897000056 52.377171158000067)",Unfall 25147 (2017) Kat:3,25147,3,6,2,11,17,3,1,,0,1,0,0
"POINT (9.861791939000057 52.368611443000077)",Unfall 25149 (2017) Kat:3,25149,3,2,0,11,05,3,1,,0,0,0,1
"POINT (9.723785611000039 52.377535557000044)",Unfall 25172 (2017) Kat:3,25172,3,6,2,12,18,7,1,,0,1,0,0
"POINT (9.818975456000032 52.410335217000068)",Unfall 25173 (2017) Kat:3,25173,3,2,5,12,19,7,1,,1,1,0,0
"POINT (9.629887980000035 52.237631797000063)",Unfall 25174 (2017) Kat:3,25174,3,1,1,12,04,7,2,,0,1,0,0
"POINT (9.630769183000041 52.238399290000075)",Unfall 25175 (2017) Kat:3,25175,3,1,9,12,04,7,2,,0,0,0,0
"POINT (9.494102658000031 52.485328250000066)",Unfall 25176 (2017) Kat:3,25176,3,1,8,12,05,7,1,,0,1,0,0
"POINT (9.809862588000044 52.334001885000077)",Unfall 25177 (2017) Kat:3,25177,3,6,2,12,16,7,1,,0,1,0,0
"POINT (9.832135388000040 52.386037512000030)",Unfall 25178 (2017) Kat:2,25178,2,3,5,12,12,7,0,,1,1,0,0
"POINT (9.523189683000055 52.468483692000063)",Unfall 25179 (2017) Kat:2,25179,2,1,8,12,03,7,2,,0,1,0,0
"POINT (9.934509910000031 52.368928728000071)",Unfall 25230 (2017) Kat:2,25230,2,7,4,12,16,6,2,,0,1,0,0
"POINT (9.831453434000025 52.422369332000073)",Unfall 25231 (2017) Kat:3,25231,3,6,2,12,19,6,1,,0,1,0,0
"POINT (9.845767519000049 52.413522683000053)",Unfall 25232 (2017) Kat:3,25232,3,6,2,12,17,6,1,,0,0,0,0
"POINT (9.661387551000075 52.376960946000054)",Unfall 25233 (2017) Kat:3,25233,3,3,5,12,16,6,1,,0,1,0,0
"POINT (9.732598568000071 52.423292409000055)",Unfall 25234 (2017) Kat:3,25234,3,6,2,12,08,6,0,,0,1,0,0
"POINT (9.928905084000064 52.393851466000058)",Unfall 25235 (2017) Kat:3,25235,3,6,2,12,11,6,0,,0,0,0,0
"POINT (9.722399684000038 52.378519364000056)",Unfall 25236 (2017) Kat:3,25236,3,2,5,12,07,6,0,,1,1,0,0
"POINT (9.744004551000046 52.427347640000050)",Unfall 25237 (2017) Kat:3,25237,3,6,2,12,07,6,1,,0,1,0,0
"POINT (9.598646607000035 52.394605586000068)",Unfall 25310 (2017) Kat:3,25310,3,3,5,12,16,5,0,,1,1,0,0
"POINT (9.575210647000063 52.418998294000062)",Unfall 25311 (2017) Kat:3,25311,3,2,4,12,10,5,0,,0,1,0,0
"POINT (9.733894592000070 52.438624105000031)",Unfall 25312 (2017) Kat:3,25312,3,3,0,12,16,5,1,,1,0,0,0
"POINT (9.734080032000065 52.412240577000034)",Unfall 25313 (2017) Kat:2,25313,2,2,6,12,20,5,1,,0,1,1,0
"POINT (9.807536572000061 52.335878094000066)",Unfall 25314 (2017) Kat:3,25314,3,6,2,12,17,5,0,,0,1,0,0
"POINT (9.646809831000041 52.398010013000032)",Unfall 25315 (2017) Kat:2,25315,2,2,5,12,15,5,0,,0,1,0,1
"POINT (9.659534215000065 52.356692852000037)",Unfall 25316 (2017) Kat:2,25316,2,2,5,12,14,5,0,,1,1,0,0
"POINT (9.745627949000038 52.366904235000050)",Unfall 25349 (2017) Kat:3,25349,3,6,2,12,17,4,1,,0,1,0,0
"POINT (9.728794290000053 52.317986225000027)",Unfall 25350 (2017) Kat:3,25350,3,6,4,12,17,4,0,,0,1,0,1
"POINT (9.456431589000033 52.485670981000055)",Unfall 25351 (2017) Kat:3,25351,3,3,5,12,16,4,0,,0,1,0,0
"POINT (9.686873907000063 52.553970915000036)",Unfall 25352 (2017) Kat:3,25352,3,7,8,12,20,4,0,,0,1,0,0
"POINT (9.963875238000071 52.312866613000040)",Unfall 25353 (2017) Kat:3,25353,3,3,5,12,17,4,0,,1,1,0,0
"POINT (9.963944729000048 52.315204623000056)",Unfall 25354 (2017) Kat:3,25354,3,3,5,12,08,4,0,,1,1,0,0
"POINT (9.787670895000076 52.318769942000074)",Unfall 25355 (2017) Kat:2,25355,2,2,5,12,12,4,0,,0,1,0,1
"POINT (10.067838769000048 52.369074252000075)",Unfall 25356 (2017) Kat:3,25356,3,6,2,12,08,4,0,,0,1,0,0
"POINT (9.761901226000077 52.370419874000049)",Unfall 25395 (2017) Kat:3,25395,3,2,2,12,06,3,1,,0,1,0,0
"POINT (9.545216093000022 52.310414290000040)",Unfall 25396 (2017) Kat:3,25396,3,1,9,12,08,3,1,,0,0,0,0
"POINT (9.461270970000044 52.468370432000029)",Unfall 25397 (2017) Kat:3,25397,3,3,5,12,21,3,0,,0,1,0,0
"POINT (9.620320036000067 52.439757627000063)",Unfall 25398 (2017) Kat:3,25398,3,2,4,12,19,3,0,,0,1,0,0
"POINT (9.970884667000064 52.368824623000080)",Unfall 25399 (2017) Kat:3,25399,3,2,5,12,16,3,0,,1,1,0,0
"POINT (9.728769430000057 52.494992770000067)",Unfall 25400 (2017) Kat:3,25400,3,3,5,12,13,3,0,,0,1,0,0
"POINT (9.708457850000059 52.427018848000046)",Unfall 25401 (2017) Kat:3,25401,3,3,5,12,17,3,0,,1,1,0,0
"POINT (9.891455318000055 52.398042273000044)",Unfall 25402 (2017) Kat:3,25402,3,6,2,12,09,3,0,,0,1,0,0
"POINT (9.782211494000023 52.325076198000033)",Unfall 25445 (2017) Kat:3,25445,3,2,5,12,12,2,1,,0,1,0,0
"POINT (9.434107004000055 52.421955891000039)",Unfall 25446 (2017) Kat:3,25446,3,6,2,12,19,2,1,,0,1,0,0
"POINT (9.782838793000053 52.197178500000064)",Unfall 25447 (2017) Kat:3,25447,3,5,1,12,15,2,1,,0,1,0,0
"POINT (9.645945284000050 52.409770882000032)",Unfall 25448 (2017) Kat:3,25448,3,6,2,12,08,2,1,,0,1,0,0
"POINT (9.953040389000023 52.360172959000067)",Unfall 25449 (2017) Kat:3,25449,3,7,9,12,15,2,0,,0,1,0,0
"POINT (9.716073665000067 52.440748444000064)",Unfall 25450 (2017) Kat:3,25450,3,6,2,12,09,2,1,,0,0,0,0
"POINT (10.204247915000053 52.463775569000063)",Unfall 25451 (2017) Kat:2,25451,2,7,7,12,18,2,0,,1,0,0,0
"POINT (9.995838558000060 52.455169554000065)",Unfall 25452 (2017) Kat:3,25452,3,3,5,12,16,2,0,,0,1,0,0
"POINT (9.705219892000059 52.430232128000057)",Unfall 25453 (2017) Kat:3,25453,3,7,8,12,19,2,1,,0,1,0,0
"POINT (9.818780311000069 52.384697181000035)",Unfall 25454 (2017) Kat:3,25454,3,2,0,12,15,2,1,,1,0,0,0
"POINT (9.733760737000068 52.384557474000076)",Unfall 25455 (2017) Kat:2,25455,2,6,2,12,13,2,1,,0,1,0,0
"POINT (9.800988113000074 52.541423121000037)",Unfall 25456 (2017) Kat:3,25456,3,6,2,12,11,2,1,,0,1,0,0
"POINT (9.774822110000059 52.343246284000031)",Unfall 25457 (2017) Kat:3,25457,3,6,3,12,08,2,1,,0,1,0,0
"POINT (9.721520771000030 52.421529883000062)",Unfall 25458 (2017) Kat:3,25458,3,6,2,12,09,2,1,,0,1,0,0
"POINT (9.786767122000072 52.389911455000060)",Unfall 25459 (2017) Kat:3,25459,3,6,2,12,05,2,1,,0,1,0,0
"POINT (10.129288561000067 52.363312931000053)",Unfall 25473 (2017) Kat:3,25473,3,6,3,12,21,2,1,,0,1,0,0
"POINT (9.725212758000055 52.376949189000072)",Unfall 25519 (2017) Kat:3,25519,3,2,3,12,18,6,1,,1,1,0,0
"POINT (9.721467385000040 52.378488667000056)",Unfall 25520 (2017) Kat:3,25520,3,6,2,12,13,6,0,,0,1,0,0
"POINT (9.725517721000074 52.322461309000062)",Unfall 25521 (2017) Kat:3,25521,3,3,5,12,10,6,0,,1,1,0,0
"POINT (9.757136378000041 52.319659253000054)",Unfall 25522 (2017) Kat:3,25522,3,3,5,12,07,6,1,,0,1,0,0
"POINT (9.887375971000040 52.360165326000072)",Unfall 25523 (2017) Kat:2,25523,2,6,2,12,20,6,1,,0,1,0,0
"POINT (9.768638325000040 52.337960900000041)",Unfall 25524 (2017) Kat:2,25524,2,4,6,12,21,6,0,,0,0,1,0
"POINT (9.654161592000037 52.408343644000070)",Unfall 25585 (2017) Kat:3,25585,3,6,2,12,14,5,1,,0,1,0,0
"POINT (9.593691240000055 52.378628039000034)",Unfall 25586 (2017) Kat:3,25586,3,5,1,12,21,5,0,,0,1,0,0
"POINT (9.574811009000030 52.281198570000072)",Unfall 25587 (2017) Kat:3,25587,3,4,6,12,18,5,1,,0,1,1,0
"POINT (9.836092224000026 52.489922939000053)",Unfall 25588 (2017) Kat:2,25588,2,2,5,12,16,5,1,,0,1,0,0
"POINT (9.842454826000051 52.491476048000038)",Unfall 25589 (2017) Kat:3,25589,3,6,2,12,16,5,1,,0,1,0,0
"POINT (9.647932719000039 52.413159151000059)",Unfall 25590 (2017) Kat:3,25590,3,6,2,12,18,5,1,,0,1,0,0
"POINT (10.113553919000026 52.333034880000071)",Unfall 25591 (2017) Kat:2,25591,2,2,5,12,19,5,1,,0,1,0,0
"POINT (9.863846469000066 52.307790317000070)",Unfall 25592 (2017) Kat:3,25592,3,6,2,12,17,5,1,,0,1,0,0
"POINT (9.806717361000040 52.534046660000058)",Unfall 25593 (2017) Kat:3,25593,3,7,8,12,15,5,1,,0,0,0,0
"POINT (9.643167720000065 52.325024946000042)",Unfall 25594 (2017) Kat:2,25594,2,1,8,12,11,5,1,,0,1,0,0
"POINT (9.777258163000056 52.333070855000074)",Unfall 25595 (2017) Kat:2,25595,2,6,2,12,08,5,1,,0,1,0,0
"POINT (9.651637715000049 52.417687097000055)",Unfall 25643 (2017) Kat:3,25643,3,6,6,12,08,4,1,,0,1,1,0
"POINT (9.721666730000038 52.421533644000078)",Unfall 25645 (2017) Kat:3,25645,3,6,2,12,17,4,1,,0,1,0,0
"POINT (9.796704725000041 52.415079314000081)",Unfall 25646 (2017) Kat:3,25646,3,2,5,12,07,4,1,,1,1,0,0
"POINT (9.472706560000063 52.505738781000048)",Unfall 25647 (2017) Kat:3,25647,3,6,2,12,18,4,1,,0,1,0,0
"POINT (10.007843304000062 52.488408303000028)",Unfall 25648 (2017) Kat:3,25648,3,3,5,12,15,4,1,,0,1,0,0
"POINT (9.717554685000039 52.396098357000028)",Unfall 25649 (2017) Kat:2,25649,2,2,6,12,17,4,1,,0,1,1,0
"POINT (9.789597380000032 52.317085812000073)",Unfall 25650 (2017) Kat:3,25650,3,7,5,12,12,4,1,,0,1,0,0
"POINT (9.697109902000022 52.341572699000039)",Unfall 25651 (2017) Kat:2,25651,2,2,5,12,16,4,1,,1,1,0,0
"POINT (9.900627946000043 52.396918862000064)",Unfall 25652 (2017) Kat:3,25652,3,6,2,12,12,4,0,,0,0,0,0
"POINT (9.670811886000024 52.382678587000044)",Unfall 25653 (2017) Kat:2,25653,2,1,0,12,05,4,2,,1,0,0,0
"POINT (9.722980711000048 52.358218819000058)",Unfall 25703 (2017) Kat:3,25703,3,2,5,12,07,3,1,,1,1,0,0
"POINT (9.719632812000043 52.392383390000077)",Unfall 25704 (2017) Kat:3,25704,3,6,2,12,08,3,1,,0,0,0,0
"POINT (9.638685225000074 52.292086421000079)",Unfall 25706 (2017) Kat:3,25706,3,1,8,12,23,3,1,,0,1,0,0
"POINT (10.012927345000037 52.442914416000065)",Unfall 25708 (2017) Kat:3,25708,3,6,4,12,17,3,1,,0,1,0,0
"POINT (9.765364663000071 52.341731934000052)",Unfall 25709 (2017) Kat:3,25709,3,3,5,12,17,3,1,,1,1,0,0
"POINT (9.727322352000044 52.381225217000065)",Unfall 25710 (2017) Kat:3,25710,3,4,6,12,17,3,1,,0,1,1,0
"POINT (9.642583286000047 52.414642257000082)",Unfall 25778 (2017) Kat:3,25778,3,6,2,12,13,7,0,,0,1,0,0
"POINT (9.620033082000077 52.175891053000043)",Unfall 25779 (2017) Kat:3,25779,3,1,8,12,15,2,2,,0,0,0,0
"POINT (9.630007384000066 52.211499636000042)",Unfall 25780 (2017) Kat:3,25780,3,1,8,12,14,2,2,,0,1,0,0
"POINT (9.647450878000029 52.302349447000040)",Unfall 25782 (2017) Kat:3,25782,3,1,9,12,15,2,2,,0,1,0,0
"POINT (9.975901544000067 52.375969130000044)",Unfall 25783 (2017) Kat:3,25783,3,6,2,12,07,2,1,,0,1,0,0
"POINT (9.768897797000022 52.511754649000068)",Unfall 25784 (2017) Kat:3,25784,3,1,8,12,15,2,2,,0,0,0,0
"POINT (9.821702851000055 52.408557135000081)",Unfall 25785 (2017) Kat:3,25785,3,6,2,12,12,2,1,,0,1,0,0
"POINT (9.809064359000047 52.379532471000061)",Unfall 25786 (2017) Kat:2,25786,2,7,0,12,09,2,1,,1,0,0,0
"POINT (10.075186702000053 52.367260834000035)",Unfall 25787 (2017) Kat:3,25787,3,6,2,12,05,2,1,,0,0,0,0
"POINT (9.832552474000067 52.398843288000080)",Unfall 25829 (2017) Kat:3,25829,3,6,2,12,16,1,2,,0,1,0,0
"POINT (9.672453664000045 52.238795833000040)",Unfall 25830 (2017) Kat:3,25830,3,3,5,12,19,1,2,,0,1,0,0
"POINT (9.602020273000051 52.216845857000067)",Unfall 25831 (2017) Kat:3,25831,3,6,2,12,16,1,2,,0,1,0,0
"POINT (9.804429812000024 52.481610219000061)",Unfall 25832 (2017) Kat:3,25832,3,3,5,12,18,1,2,,0,1,0,0
"POINT (9.791389067000068 52.225601463000032)",Unfall 25833 (2017) Kat:2,25833,2,1,9,12,22,1,1,,0,1,0,0
"POINT (9.764900408000074 52.342656039000076)",Unfall 25847 (2017) Kat:3,25847,3,5,1,12,10,7,0,,0,1,0,0
"POINT (9.734892125000044 52.391438346000029)",Unfall 25849 (2017) Kat:3,25849,3,2,0,12,15,7,0,,0,1,0,0
"POINT (9.793471292000049 52.553664782000055)",Unfall 25852 (2017) Kat:1,25852,1,7,2,12,09,7,1,,0,1,0,0
"POINT (9.735834749000048 52.399472447000051)",Unfall 25897 (2017) Kat:3,25897,3,6,2,12,19,6,1,,0,1,0,0
"POINT (9.945507970000051 52.290388734000032)",Unfall 25898 (2017) Kat:3,25898,3,7,9,12,14,6,0,,0,1,0,0
"POINT (9.847303945000022 52.390494860000047)",Unfall 25899 (2017) Kat:3,25899,3,5,1,12,12,6,0,,1,0,0,0
"POINT (9.735697077000054 52.402656166000043)",Unfall 25940 (2017) Kat:3,25940,3,6,2,12,16,5,0,,0,1,0,0
"POINT (9.834626411000045 52.409661215000028)",Unfall 25941 (2017) Kat:3,25941,3,6,3,12,17,5,1,,0,1,0,0
"POINT (9.635106849000067 52.418091493000077)",Unfall 25964 (2017) Kat:3,25964,3,6,2,12,16,2,0,,0,1,0,0
"POINT (9.802271813000061 52.437477976000082)",Unfall 25966 (2017) Kat:3,25966,3,2,5,12,15,2,0,,1,1,0,0
"POINT (9.428261994000025 52.428273104000027)",Unfall 25969 (2017) Kat:3,25969,3,3,5,12,08,2,0,,1,1,0,0
"POINT (9.728462206000074 52.318598371000064)",Unfall 25971 (2017) Kat:3,25971,3,3,5,12,08,2,0,,0,1,0,0
"POINT (9.650905073000047 52.390953582000066)",Unfall 25973 (2017) Kat:3,25973,3,2,5,12,07,4,0,,1,1,0,0
"POINT (9.725048456000025 52.376689586000055)",Unfall 25974 (2017) Kat:3,25974,3,1,0,12,18,4,0,,0,1,0,0
"POINT (9.773473933000048 52.578093845000069)",Unfall 25975 (2017) Kat:2,25975,2,6,2,12,16,4,0,,0,1,0,0
"POINT (10.002266944000041 52.386644777000072)",Unfall 25976 (2017) Kat:3,25976,3,6,2,12,16,4,0,,0,1,0,0
"POINT (9.609272650000037 52.405867287000035)",Unfall 25982 (2017) Kat:3,25982,3,3,5,12,16,2,0,,0,1,0,0
"POINT (10.185278747000041 52.430936765000069)",Unfall 25983 (2017) Kat:3,25983,3,6,2,12,18,2,0,,0,1,0,0
"POINT (10.013088433000064 52.452401210000062)",Unfall 25984 (2017) Kat:3,25984,3,2,2,12,07,2,1,,0,1,0,0
"POINT (9.470592014000033 52.384304462000046)",Unfall 25992 (2017) Kat:3,25992,3,6,2,12,19,2,0,,0,1,0,0
"POINT (9.840935411000032 52.416571499000042)",Unfall 25993 (2017) Kat:3,25993,3,7,0,12,05,2,0,,0,1,0,0
"POINT (9.863541971000075 52.329768530000081)",Unfall 26016 (2017) Kat:3,26016,3,7,8,12,15,2,0,,0,1,0,0
"POINT (9.812772821000067 52.328509617000066)",Unfall 26017 (2017) Kat:3,26017,3,1,8,12,07,2,0,,0,1,0,0
"POINT (9.791871358000037 52.557245747000081)",Unfall 26018 (2017) Kat:3,26018,3,1,9,12,05,2,0,,0,1,0,0
"POINT (9.952299511000035 52.390924490000032)",Unfall 26044 (2017) Kat:3,26044,3,6,2,12,04,1,0,,0,1,0,0
"POINT (9.659534215000065 52.356692852000037)",Unfall 26060 (2017) Kat:3,26060,3,1,9,12,02,7,0,,0,1,0,0
"POINT (9.725706670000022 52.388842237000063)",Unfall 26061 (2017) Kat:3,26061,3,6,2,12,12,7,1,,0,1,0,0
"POINT (10.275885755000047 52.472551318000058)",Unfall 26062 (2017) Kat:2,26062,2,7,1,12,10,7,0,,0,0,1,0
"POINT (9.860822484000039 52.493728761000057)",Unfall 26098 (2017) Kat:3,26098,3,2,6,12,17,6,0,,0,1,1,0
"POINT (10.106894579000027 52.435682408000048)",Unfall 26099 (2017) Kat:2,26099,2,1,8,12,13,6,0,,0,1,0,0
"POINT (9.885158278000063 52.398715797000079)",Unfall 26100 (2017) Kat:3,26100,3,6,3,12,08,6,0,,0,1,0,0
"POINT (9.621883940000032 52.426492665000069)",Unfall 26141 (2017) Kat:3,26141,3,6,3,12,20,5,1,,0,1,0,0
"POINT (9.572986031000028 52.430696541000032)",Unfall 26142 (2017) Kat:3,26142,3,1,8,12,20,5,1,,0,1,0,0
"POINT (10.021387646000051 52.382097092000038)",Unfall 26143 (2017) Kat:3,26143,3,6,2,12,22,5,0,,0,1,0,0
"POINT (9.769958166000038 52.454128221000076)",Unfall 26144 (2017) Kat:2,26144,2,1,7,12,15,5,1,,0,1,0,0
"POINT (9.497896521000030 52.413510970000061)",Unfall 26198 (2017) Kat:3,26198,3,7,7,12,20,1,1,,0,1,0,0
"POINT (9.618448962000059 52.428716696000038)",Unfall 26199 (2017) Kat:3,26199,3,6,2,12,14,1,0,,0,1,0,0
"POINT (9.420058308000023 52.425130340000067)",Unfall 26213 (2017) Kat:3,26213,3,4,6,12,17,4,1,,0,1,1,0
"POINT (9.731952478000039 52.428859033000037)",Unfall 26214 (2017) Kat:3,26214,3,1,8,12,15,4,1,,0,1,0,0
"POINT (9.827290719000075 52.355609350000066)",Unfall 26215 (2017) Kat:3,26215,3,3,5,12,11,4,0,,1,1,0,0
"POINT (9.890186114000073 52.398007136000047)",Unfall 26216 (2017) Kat:3,26216,3,6,2,12,19,4,1,,0,1,0,0
"POINT (9.710996517000069 52.405986720000044)",Unfall 26217 (2017) Kat:3,26217,3,6,2,12,17,4,1,,0,0,0,0
"POINT (9.731058389000054 52.427256737000050)",Unfall 26218 (2017) Kat:3,26218,3,6,2,12,13,4,0,,0,0,0,0
"POINT (9.739849908000053 52.607853972000044)",Unfall 26219 (2017) Kat:3,26219,3,6,3,12,06,4,1,,0,1,0,0
"POINT (9.515404347000072 52.279743499000062)",Unfall 26268 (2017) Kat:3,26268,3,2,5,12,18,3,1,,0,1,0,0
"POINT (9.634432588000038 52.418506094000065)",Unfall 26269 (2017) Kat:2,26269,2,6,8,12,18,3,1,,0,1,0,0
"POINT (9.674805075000052 52.323693233000029)",Unfall 26270 (2017) Kat:2,26270,2,1,4,12,16,3,1,,0,1,0,0
"POINT (9.949444443000061 52.391249194000068)",Unfall 26271 (2017) Kat:3,26271,3,6,2,12,12,3,1,,0,1,0,0
"POINT (9.882162752000056 52.508768435000036)",Unfall 26461 (2017) Kat:3,26461,3,1,9,12,14,1,1,,0,1,0,0
"POINT (10.171283692000031 52.396971222000047)",Unfall 26463 (2017) Kat:3,26463,3,1,9,12,10,1,1,,0,1,0,0
"POINT (9.782246412000063 52.371983196000031)",Unfall 26464 (2017) Kat:3,26464,3,2,5,12,20,1,1,,0,1,0,0
"POINT (9.805242488000033 52.430785265000054)",Unfall 26476 (2017) Kat:3,26476,3,1,9,12,12,1,1,,0,1,0,0
"POINT (9.734279112000024 52.413510328000029)",Unfall 26639 (2017) Kat:3,26639,3,6,2,12,19,7,1,,0,1,0,0
"POINT (10.206157812000072 52.473556225000038)",Unfall 26666 (2017) Kat:3,26666,3,2,5,12,08,7,0,,0,1,0,0
"POINT (9.717788913000049 52.395559565000042)",Unfall 26671 (2017) Kat:2,26671,2,7,0,12,23,7,1,,0,0,0,0
"POINT (9.773903494000024 52.332090964000031)",Unfall 26674 (2017) Kat:2,26674,2,4,6,12,19,7,1,,0,0,1,0
"POINT (9.628916092000054 52.422119749000046)",Unfall 26682 (2017) Kat:3,26682,3,1,8,12,15,7,1,,0,1,0,0
"POINT (9.763214165000022 52.370591092000041)",Unfall 26701 (2017) Kat:3,26701,3,6,3,12,16,7,1,,0,1,0,0
"POINT (9.702787374000025 52.369343893000064)",Unfall 126880 (2017) Kat:3,126880,3,2,5,01,15,7,1,,0,1,0,0
"POINT (9.829527648000067 52.350744291000069)",Unfall 126881 (2017) Kat:2,126881,2,6,0,01,10,7,0,,1,1,0,0
"POINT (9.741819854000028 52.373122127000045)",Unfall 126897 (2017) Kat:3,126897,3,5,2,01,16,6,1,,0,1,0,0
"POINT (9.458607676000042 52.503172459000041)",Unfall 126898 (2017) Kat:3,126898,3,2,5,01,07,6,2,,0,1,0,0
"POINT (9.813965915000040 52.398983807000036)",Unfall 126899 (2017) Kat:3,126899,3,3,5,01,23,6,2,,0,1,0,0
"POINT (9.667420927000023 52.373142177000034)",Unfall 126922 (2017) Kat:3,126922,3,3,5,01,19,5,0,,1,1,0,0
"POINT (9.815313039000046 52.319342261000031)",Unfall 126923 (2017) Kat:3,126923,3,6,2,01,06,5,1,,0,1,0,0
"POINT (9.594844831000046 52.421000070000048)",Unfall 126924 (2017) Kat:3,126924,3,3,5,01,17,5,0,,0,1,0,0
"POINT (9.596409094000023 52.420918423000046)",Unfall 126925 (2017) Kat:3,126925,3,7,0,01,16,5,0,,0,0,0,0
"POINT (9.662251041000047 52.403698703000032)",Unfall 126926 (2017) Kat:3,126926,3,7,8,01,22,5,1,,0,1,0,0
"POINT (9.751896764000037 52.385933180000052)",Unfall 126947 (2017) Kat:3,126947,3,2,5,01,14,4,1,,1,0,0,0
"POINT (9.739655919000029 52.381216873000028)",Unfall 126948 (2017) Kat:3,126948,3,3,5,01,07,4,0,,1,1,0,0
"POINT (9.744935306000059 52.355736136000075)",Unfall 126949 (2017) Kat:3,126949,3,7,4,01,20,4,0,,0,1,0,0
"POINT (9.749280218000024 52.399133371000062)",Unfall 126950 (2017) Kat:2,126950,2,4,6,01,17,4,1,,0,1,1,0
"POINT (9.813813669000069 52.391437506000045)",Unfall 126951 (2017) Kat:2,126951,2,4,6,01,17,4,1,,0,1,1,0
"POINT (9.810370055000021 52.383693104000031)",Unfall 126973 (2017) Kat:3,126973,3,1,8,01,14,3,0,,0,1,0,0
"POINT (9.742016130000025 52.375807974000054)",Unfall 126974 (2017) Kat:3,126974,3,4,6,01,15,3,0,,1,0,1,0
"POINT (9.745310849000020 52.421247231000052)",Unfall 126975 (2017) Kat:3,126975,3,6,2,01,07,3,1,,0,1,0,0
"POINT (9.735873388000073 52.384200114000066)",Unfall 126976 (2017) Kat:2,126976,2,1,8,01,03,3,0,,0,1,0,0
"POINT (9.714445154000032 52.371476491000067)",Unfall 126992 (2017) Kat:2,126992,2,2,5,01,15,2,0,,0,1,0,0
"POINT (9.860129539000070 52.362755162000042)",Unfall 127010 (2017) Kat:3,127010,3,1,4,01,17,7,2,,0,1,0,0
"POINT (9.829053712000075 52.425514024000051)",Unfall 127011 (2017) Kat:3,127011,3,1,2,01,18,7,2,,0,1,0,0
"POINT (9.789712266000038 52.397059163000051)",Unfall 127012 (2017) Kat:3,127012,3,6,2,01,19,7,2,,0,1,0,0
"POINT (9.741264562000026 52.393748959000050)",Unfall 127013 (2017) Kat:3,127013,3,1,4,01,17,7,2,,0,1,0,0
"POINT (9.963533928000061 52.365295711000044)",Unfall 127014 (2017) Kat:3,127014,3,6,2,01,17,7,2,,0,1,0,0
"POINT (9.743937004000031 52.370935770000074)",Unfall 127015 (2017) Kat:3,127015,3,7,6,01,15,7,1,,0,1,1,0
"POINT (9.814562991000059 52.320730253000079)",Unfall 127016 (2017) Kat:3,127016,3,2,4,01,17,7,2,,0,1,0,0
"POINT (9.703484982000077 52.369499606000034)",Unfall 127017 (2017) Kat:2,127017,2,2,5,01,14,7,1,,0,1,0,0
"POINT (9.837458392000031 52.387389277000068)",Unfall 127032 (2017) Kat:3,127032,3,3,5,01,10,6,0,,1,1,0,0
"POINT (9.812310689000071 52.401032297000029)",Unfall 127033 (2017) Kat:3,127033,3,3,5,01,14,6,0,,0,1,0,0
"POINT (9.744149219000065 52.374525281000047)",Unfall 127034 (2017) Kat:3,127034,3,2,5,01,12,6,0,,1,1,0,0
"POINT (9.980840945000068 52.376622186000077)",Unfall 127035 (2017) Kat:3,127035,3,4,6,01,16,6,0,,0,1,1,0
"POINT (9.680116436000049 52.431396346000042)",Unfall 127036 (2017) Kat:3,127036,3,2,6,01,17,6,0,,0,1,1,0
"POINT (9.661171831000047 52.404279638000048)",Unfall 127037 (2017) Kat:2,127037,2,4,6,01,19,6,0,,0,1,1,0
"POINT (9.741113020000057 52.398252827000078)",Unfall 127038 (2017) Kat:3,127038,3,3,5,01,12,6,0,,1,1,0,0
"POINT (9.686820049000062 52.392592519000061)",Unfall 127039 (2017) Kat:2,127039,2,2,6,01,06,6,0,,0,1,1,0
"POINT (9.631827948000023 52.414515974000039)",Unfall 127040 (2017) Kat:3,127040,3,1,1,01,04,6,2,,0,1,0,0
"POINT (9.702833827000063 52.369264497000074)",Unfall 127060 (2017) Kat:3,127060,3,2,5,01,08,5,2,,1,1,0,0
"POINT (10.199185971000077 52.464030159000060)",Unfall 127061 (2017) Kat:3,127061,3,3,5,01,14,5,0,,1,1,0,0
"POINT (9.771378142000060 52.397587252000051)",Unfall 127062 (2017) Kat:3,127062,3,6,2,01,15,5,0,,0,1,0,0
"POINT (9.741529888000059 52.449254303000032)",Unfall 127063 (2017) Kat:2,127063,2,2,5,01,12,5,0,,0,1,0,1
"POINT (9.705939238000042 52.390799524000045)",Unfall 127075 (2017) Kat:3,127075,3,4,6,01,18,4,1,,0,1,1,0
"POINT (9.610992723000038 52.429766589000053)",Unfall 127076 (2017) Kat:3,127076,3,3,5,01,10,4,1,,1,1,0,0
"POINT (9.718907336000029 52.333233847000031)",Unfall 127077 (2017) Kat:2,127077,2,1,0,01,14,4,1,,0,0,0,0
"POINT (9.767642423000041 52.358011715000032)",Unfall 127093 (2017) Kat:3,127093,3,2,4,01,16,3,0,,1,1,0,0
"POINT (9.820790107000050 52.350861949000034)",Unfall 127094 (2017) Kat:3,127094,3,3,5,01,18,3,1,,0,1,0,0
"POINT (9.735695260000057 52.376832328000035)",Unfall 127095 (2017) Kat:3,127095,3,2,2,01,19,3,1,,0,1,0,0
"POINT (9.429557430000045 52.420797907000065)",Unfall 127108 (2017) Kat:3,127108,3,3,5,01,11,2,1,,1,1,0,0
"POINT (9.745632311000065 52.379021289000036)",Unfall 127109 (2017) Kat:2,127109,2,4,6,01,15,2,0,,0,1,1,0
"POINT (9.753258154000037 52.390195361000053)",Unfall 127110 (2017) Kat:3,127110,3,2,2,01,11,2,0,,0,1,0,0
"POINT (9.808328503000041 52.386361880000038)",Unfall 127133 (2017) Kat:3,127133,3,6,2,01,18,5,0,,0,1,0,0
"POINT (9.768340062000050 52.377945033000060)",Unfall 127134 (2017) Kat:3,127134,3,6,2,01,07,5,0,,0,1,0,0
"POINT (10.114951692000034 52.348500415000046)",Unfall 127135 (2017) Kat:3,127135,3,7,6,01,18,5,0,,0,1,1,0
"POINT (9.958731104000037 52.380621387000076)",Unfall 127136 (2017) Kat:3,127136,3,3,5,01,14,5,0,,1,1,0,0
"POINT (10.017731439000045 52.441769251000039)",Unfall 127137 (2017) Kat:3,127137,3,3,5,01,14,5,0,,1,1,0,0
"POINT (9.719886654000050 52.367978873000027)",Unfall 127159 (2017) Kat:3,127159,3,5,1,01,10,4,0,,0,1,0,0
"POINT (9.693272571000023 52.395670433000078)",Unfall 127160 (2017) Kat:2,127160,2,3,5,01,19,4,0,,1,1,0,0
"POINT (9.748682983000037 52.374616015000072)",Unfall 127161 (2017) Kat:3,127161,3,2,5,01,17,4,0,,1,1,0,0
"POINT (9.744254703000024 52.377662102000045)",Unfall 127181 (2017) Kat:3,127181,3,2,6,01,11,3,0,,0,1,1,0
"POINT (9.789033467000024 52.330485542000076)",Unfall 127182 (2017) Kat:3,127182,3,2,2,01,17,3,1,,0,1,0,0
"POINT (9.755850069000076 52.377727384000082)",Unfall 127202 (2017) Kat:3,127202,3,2,5,01,07,2,1,,1,1,0,0
"POINT (10.002090576000057 52.449054931000035)",Unfall 127203 (2017) Kat:3,127203,3,7,9,01,16,2,1,,0,1,0,0
"POINT (9.727887554000063 52.349426279000056)",Unfall 127211 (2017) Kat:3,127211,3,3,5,01,12,1,0,,0,1,0,0
"POINT (9.731753572000059 52.375431174000028)",Unfall 127220 (2017) Kat:3,127220,3,2,2,01,18,7,0,,0,1,0,0
"POINT (9.826738147000071 52.361081804000037)",Unfall 127221 (2017) Kat:3,127221,3,5,0,01,21,7,0,,0,1,0,0
"POINT (9.705242245000022 52.369828197000061)",Unfall 127240 (2017) Kat:3,127240,3,6,2,01,15,6,0,,0,1,0,0
"POINT (9.758286350000049 52.362885715000061)",Unfall 127241 (2017) Kat:3,127241,3,3,5,01,14,6,0,,1,1,0,0
"POINT (9.741246012000033 52.411359066000045)",Unfall 127242 (2017) Kat:3,127242,3,3,5,01,07,6,0,,1,1,0,0
"POINT (9.710240488000068 52.372555921000071)",Unfall 127243 (2017) Kat:3,127243,3,3,5,01,16,6,0,,1,0,0,0
"POINT (9.735173482000050 52.380400919000067)",Unfall 127244 (2017) Kat:3,127244,3,6,2,01,16,6,0,,0,1,0,0
"POINT (9.356011792000061 52.453576254000041)",Unfall 127245 (2017) Kat:3,127245,3,7,6,01,07,6,0,,0,1,1,0
"POINT (9.817240418000040 52.399718278000080)",Unfall 127246 (2017) Kat:3,127246,3,3,5,01,12,6,0,,0,1,0,0
"POINT (9.729658042000040 52.398259084000074)",Unfall 127269 (2017) Kat:3,127269,3,6,2,01,16,5,0,,0,1,0,0
"POINT (9.736336596000058 52.420962907000046)",Unfall 127270 (2017) Kat:3,127270,3,6,2,01,17,5,0,,0,1,0,0
"POINT (10.006462180000028 52.441823837000072)",Unfall 127271 (2017) Kat:3,127271,3,3,5,01,10,5,0,,1,1,0,0
"POINT (9.694509097000037 52.365400146000070)",Unfall 127272 (2017) Kat:3,127272,3,6,2,01,17,5,0,,0,1,0,0
"POINT (9.792983948000028 52.414576777000036)",Unfall 127273 (2017) Kat:3,127273,3,2,5,01,14,5,0,,1,1,0,0
"POINT (9.613612618000047 52.406821325000067)",Unfall 127302 (2017) Kat:3,127302,3,2,6,01,18,4,0,,0,1,1,0
"POINT (10.010633010000049 52.438949583000067)",Unfall 127303 (2017) Kat:3,127303,3,3,5,01,16,4,2,,1,1,0,0
"POINT (9.732577588000027 52.376621622000073)",Unfall 127304 (2017) Kat:2,127304,2,3,0,01,19,4,0,,1,0,0,0
"POINT (9.736742829000036 52.393109614000082)",Unfall 127305 (2017) Kat:3,127305,3,2,6,01,08,4,0,,0,1,1,0
"POINT (9.743434723000064 52.547442720000049)",Unfall 127330 (2017) Kat:3,127330,3,4,6,01,14,3,0,,0,1,1,0
"POINT (9.766156003000049 52.381616633000078)",Unfall 127331 (2017) Kat:3,127331,3,2,5,01,11,3,0,,1,0,0,0
"POINT (9.750713297000061 52.388300715000071)",Unfall 127332 (2017) Kat:2,127332,2,4,6,01,17,3,0,,0,1,1,0
"POINT (9.713578278000057 52.414663368000049)",Unfall 127353 (2017) Kat:3,127353,3,7,5,01,07,2,2,,0,0,0,0
"POINT (9.793038763000027 52.403226852000046)",Unfall 127354 (2017) Kat:3,127354,3,3,5,01,16,2,1,,1,1,0,0
"POINT (9.753321447000076 52.390230338000038)",Unfall 127355 (2017) Kat:3,127355,3,4,0,01,16,2,1,,0,1,1,0
"POINT (9.676670011000056 52.449027470000033)",Unfall 127356 (2017) Kat:3,127356,3,5,1,01,10,2,1,,0,1,0,0
"POINT (9.602439204000064 52.416968066000038)",Unfall 127357 (2017) Kat:2,127357,2,4,6,01,18,2,1,,0,1,1,0
"POINT (9.762630918000070 52.415986038000028)",Unfall 127358 (2017) Kat:3,127358,3,3,5,01,08,2,1,,1,1,0,0
"POINT (9.746307780000052 52.354362074000051)",Unfall 127374 (2017) Kat:3,127374,3,2,4,01,10,6,0,,0,1,0,0
"POINT (9.802336332000039 52.417860683000072)",Unfall 127379 (2017) Kat:3,127379,3,3,5,02,15,4,0,,1,1,0,0
"POINT (9.741851642000029 52.398640811000064)",Unfall 127380 (2017) Kat:3,127380,3,3,5,02,15,4,0,,1,1,0,0
"POINT (9.732779259000040 52.379275712000037)",Unfall 127381 (2017) Kat:3,127381,3,6,2,02,19,4,0,,0,1,0,0
"POINT (9.809523728000045 52.404112555000040)",Unfall 127382 (2017) Kat:3,127382,3,1,0,02,15,4,2,,1,0,0,0
"POINT (9.714478377000035 52.343700896000030)",Unfall 127400 (2017) Kat:3,127400,3,3,5,02,09,3,0,,0,1,0,0
"POINT (9.681586535000065 52.460376634000056)",Unfall 127401 (2017) Kat:3,127401,3,3,5,02,10,3,0,,0,1,0,0
"POINT (9.820105491000049 52.346901903000060)",Unfall 127402 (2017) Kat:2,127402,2,4,6,02,15,3,1,,0,1,1,0
"POINT (9.747577785000033 52.381402565000030)",Unfall 127427 (2017) Kat:3,127427,3,3,5,02,15,2,0,,1,1,0,0
"POINT (9.727542112000037 52.382357513000045)",Unfall 127428 (2017) Kat:3,127428,3,3,5,02,20,2,0,,1,1,0,0
"POINT (9.725570344000062 52.397936220000076)",Unfall 127429 (2017) Kat:3,127429,3,3,5,02,15,2,0,,1,1,0,0
"POINT (9.742029196000033 52.411339822000059)",Unfall 127438 (2017) Kat:3,127438,3,1,8,02,03,1,0,,0,1,0,0
"POINT (9.755603080000071 52.357027143000039)",Unfall 127446 (2017) Kat:3,127446,3,5,0,02,09,7,1,,1,1,0,0
"POINT (9.821480467000072 52.341781876000027)",Unfall 127447 (2017) Kat:3,127447,3,3,5,02,12,7,0,,0,1,0,0
"POINT (9.737948228000050 52.399071876000050)",Unfall 127448 (2017) Kat:3,127448,3,7,6,02,18,7,0,,0,1,1,0
"POINT (9.725382726000021 52.383281271000044)",Unfall 127449 (2017) Kat:3,127449,3,6,6,02,15,7,0,,0,1,1,0
"POINT (9.611749862000067 52.446961832000056)",Unfall 127471 (2017) Kat:3,127471,3,3,5,02,15,6,1,,1,1,0,0
"POINT (9.733712012000069 52.517252624000037)",Unfall 127472 (2017) Kat:3,127472,3,3,5,02,10,6,1,,0,1,0,0
"POINT (9.739899446000038 52.366529432000050)",Unfall 127473 (2017) Kat:3,127473,3,2,6,02,17,6,1,,0,1,1,0
"POINT (9.800292461000026 52.406129204000081)",Unfall 127474 (2017) Kat:2,127474,2,4,0,02,10,6,1,,0,1,1,0
"POINT (9.733330856000066 52.362173179000081)",Unfall 127503 (2017) Kat:3,127503,3,6,2,02,10,5,0,,0,1,0,0
"POINT (9.818172959000037 52.363745930000050)",Unfall 127504 (2017) Kat:3,127504,3,4,6,02,16,5,0,,0,1,1,0
"POINT (9.448581004000062 52.506880079000041)",Unfall 127505 (2017) Kat:3,127505,3,3,5,02,16,5,0,,1,1,0,0
"POINT (9.791885478000040 52.401851511000075)",Unfall 127506 (2017) Kat:3,127506,3,6,4,02,13,5,0,,0,1,0,0
"POINT (9.693325280000067 52.401071478000063)",Unfall 127524 (2017) Kat:2,127524,2,2,5,02,21,4,0,,1,1,0,0
"POINT (9.744042597000032 52.379374966000057)",Unfall 127525 (2017) Kat:3,127525,3,6,2,02,12,4,0,,0,1,0,0
"POINT (9.719741223000028 52.378237808000051)",Unfall 127540 (2017) Kat:3,127540,3,3,5,01,12,3,1,,1,1,0,0
"POINT (9.715883401000042 52.362192585000059)",Unfall 127541 (2017) Kat:3,127541,3,6,2,01,11,3,1,,0,1,0,0
"POINT (9.735507558000052 52.387067902000069)",Unfall 127542 (2017) Kat:3,127542,3,4,6,01,14,3,0,,0,1,1,0
"POINT (9.672783196000069 52.398275532000071)",Unfall 127561 (2017) Kat:3,127561,3,2,6,01,18,2,1,,0,1,1,0
"POINT (9.751224907000051 52.359187370000029)",Unfall 127562 (2017) Kat:3,127562,3,2,0,01,11,2,1,,1,0,0,0
"POINT (9.752242018000061 52.410360868000055)",Unfall 127563 (2017) Kat:3,127563,3,6,0,01,19,2,1,,0,1,0,0
"POINT (9.744019362000074 52.380737749000048)",Unfall 127564 (2017) Kat:3,127564,3,7,1,01,21,2,0,,0,1,0,0
"POINT (9.737927247000073 52.388829187000056)",Unfall 127565 (2017) Kat:3,127565,3,7,6,01,18,2,1,,0,1,1,0
"POINT (9.772194816000024 52.395518761000062)",Unfall 127566 (2017) Kat:3,127566,3,4,6,01,16,2,1,,0,1,1,0
"POINT (9.749916725000048 52.392591736000043)",Unfall 127567 (2017) Kat:3,127567,3,2,5,01,18,2,1,,1,1,0,0
"POINT (9.737707789000069 52.372479165000072)",Unfall 127568 (2017) Kat:2,127568,2,4,6,01,12,2,1,,0,1,1,0
"POINT (9.669461121000040 52.354834109000080)",Unfall 127569 (2017) Kat:1,127569,1,4,6,01,05,2,1,,0,1,1,0
"POINT (9.744210559000067 52.377448817000072)",Unfall 127582 (2017) Kat:3,127582,3,2,5,01,16,1,0,,0,1,0,1
"POINT (9.716841230000057 52.339154725000071)",Unfall 127597 (2017) Kat:3,127597,3,3,5,01,09,7,0,,1,1,0,0
"POINT (9.703096894000055 52.368731734000050)",Unfall 127598 (2017) Kat:3,127598,3,3,5,01,11,7,0,,1,1,0,0
"POINT (9.841622134000033 52.437587606000079)",Unfall 127599 (2017) Kat:3,127599,3,3,5,01,12,7,0,,1,1,0,0
"POINT (9.748596338000027 52.354672383000036)",Unfall 127615 (2017) Kat:3,127615,3,3,5,01,07,6,1,,0,1,0,0
"POINT (9.793029611000065 52.395337898000037)",Unfall 127616 (2017) Kat:3,127616,3,1,0,01,00,6,0,,1,0,0,0
"POINT (9.611133666000058 52.412329511000053)",Unfall 127617 (2017) Kat:3,127617,3,3,5,01,11,6,0,,0,1,0,0
"POINT (10.084625018000054 52.482360931000073)",Unfall 127618 (2017) Kat:3,127618,3,3,5,01,14,6,0,,1,1,0,0
"POINT (9.731059323000068 52.378663501000062)",Unfall 127619 (2017) Kat:3,127619,3,3,5,01,23,6,0,,0,1,0,0
"POINT (9.818542391000051 52.313347373000056)",Unfall 127620 (2017) Kat:3,127620,3,3,5,01,13,6,0,,0,1,0,0
"POINT (9.781802524000057 52.415594484000053)",Unfall 127622 (2017) Kat:3,127622,3,2,6,01,11,6,0,,0,0,1,0
"POINT (9.746880954000062 52.373818574000040)",Unfall 127623 (2017) Kat:2,127623,2,2,5,01,13,6,0,,1,1,0,0
"POINT (9.706953330000033 52.373624362000044)",Unfall 127644 (2017) Kat:3,127644,3,4,0,02,01,1,0,,0,1,1,0
"POINT (9.725012330000027 52.397789352000075)",Unfall 127645 (2017) Kat:3,127645,3,3,5,02,18,1,0,,0,1,0,0
"POINT (9.792241744000023 52.403017540000064)",Unfall 127646 (2017) Kat:3,127646,3,3,5,02,17,1,1,,1,1,0,0
"POINT (9.964801613000077 52.375231283000062)",Unfall 127647 (2017) Kat:3,127647,3,3,5,02,04,1,1,,1,0,0,0
"POINT (9.709496248000050 52.372752258000048)",Unfall 127658 (2017) Kat:3,127658,3,4,6,02,16,7,0,,1,0,1,0
"POINT (9.821375130000035 52.341848745000050)",Unfall 127659 (2017) Kat:3,127659,3,6,2,02,10,7,0,,0,1,0,0
"POINT (9.805569817000048 52.399547372000029)",Unfall 127660 (2017) Kat:3,127660,3,6,2,02,13,7,0,,0,1,0,0
"POINT (9.735788070000069 52.379109020000044)",Unfall 127661 (2017) Kat:3,127661,3,6,2,02,18,7,0,,0,1,0,0
"POINT (9.840142438000044 52.384355195000069)",Unfall 127662 (2017) Kat:3,127662,3,6,4,02,14,7,0,,1,1,0,0
"POINT (9.827697569000065 52.346177354000076)",Unfall 127689 (2017) Kat:3,127689,3,1,0,02,20,6,1,,1,0,0,0
"POINT (9.673335029000043 52.365273796000054)",Unfall 127718 (2017) Kat:3,127718,3,7,6,02,11,5,0,,0,1,1,0
"POINT (9.434855546000051 52.417180139000038)",Unfall 127719 (2017) Kat:3,127719,3,4,6,02,13,5,0,,0,1,1,0
"POINT (9.797852813000077 52.405212675000030)",Unfall 127720 (2017) Kat:3,127720,3,4,0,02,20,5,0,,0,0,1,0
"POINT (9.721283822000032 52.354724060000080)",Unfall 127747 (2017) Kat:3,127747,3,3,5,02,16,4,0,,1,1,0,0
"POINT (10.081467112000041 52.483295817000055)",Unfall 127748 (2017) Kat:3,127748,3,5,1,02,08,4,2,,0,1,0,0
"POINT (9.742849191000062 52.411322657000028)",Unfall 127749 (2017) Kat:3,127749,3,4,6,02,12,4,0,,0,1,1,0
"POINT (9.741446495000048 52.445074564000038)",Unfall 127750 (2017) Kat:2,127750,2,7,6,02,10,4,0,,0,0,1,0
"POINT (9.656564851000042 52.407445416000030)",Unfall 127771 (2017) Kat:3,127771,3,2,3,02,07,3,0,,0,1,0,0
"POINT (9.775295729000050 52.363561991000040)",Unfall 127772 (2017) Kat:3,127772,3,5,2,02,16,3,0,,0,1,0,0
"POINT (9.793051887000047 52.414493744000026)",Unfall 127773 (2017) Kat:3,127773,3,6,2,02,07,3,2,,0,1,0,0
"POINT (9.756249187000037 52.383087326000066)",Unfall 127774 (2017) Kat:3,127774,3,4,6,02,18,3,0,,0,1,1,0
"POINT (9.750591310000061 52.375554657000066)",Unfall 127775 (2017) Kat:3,127775,3,6,2,02,18,3,0,,0,1,0,0
"POINT (9.967545598000072 52.371758059000058)",Unfall 127776 (2017) Kat:3,127776,3,3,5,02,10,3,0,,1,1,0,0
"POINT (9.739345967000077 52.369236373000035)",Unfall 127777 (2017) Kat:2,127777,2,1,0,02,20,3,0,,0,0,0,1
"POINT (10.026141952000046 52.451156307000076)",Unfall 127778 (2017) Kat:2,127778,2,3,5,02,13,3,0,,0,1,0,1
"POINT (9.684174258000041 52.366313231000049)",Unfall 127779 (2017) Kat:2,127779,2,3,5,02,06,3,1,,1,0,0,0
"POINT (9.732669927000075 52.379462675000070)",Unfall 127801 (2017) Kat:3,127801,3,3,5,02,20,2,0,,0,1,0,0
"POINT (9.823937362000038 52.383416764000060)",Unfall 127802 (2017) Kat:3,127802,3,4,6,02,12,2,0,,0,0,1,0
"POINT (9.819134024000050 52.399898941000060)",Unfall 127825 (2017) Kat:3,127825,3,2,5,02,09,7,0,,1,1,0,0
"POINT (9.734375079000074 52.397928937000074)",Unfall 127826 (2017) Kat:3,127826,3,4,6,02,12,7,0,,0,1,1,0
"POINT (9.730631597000070 52.373790071000030)",Unfall 127827 (2017) Kat:3,127827,3,7,6,02,10,7,0,,0,1,1,0
"POINT (9.600766232000069 52.311848867000037)",Unfall 127828 (2017) Kat:3,127828,3,5,0,02,13,7,0,,1,1,0,0
"POINT (9.594884111000056 52.420872583000062)",Unfall 127829 (2017) Kat:3,127829,3,1,0,02,21,7,0,,0,1,0,0
"POINT (9.727964324000027 52.345422939000059)",Unfall 127846 (2017) Kat:3,127846,3,5,1,02,08,6,0,,1,1,0,0
"POINT (9.563257836000048 52.396756054000036)",Unfall 127847 (2017) Kat:3,127847,3,2,2,02,18,6,0,,0,1,0,0
"POINT (9.749079242000050 52.390141579000044)",Unfall 127848 (2017) Kat:3,127848,3,3,5,02,08,6,0,,1,1,0,0
"POINT (9.710863348000032 52.359414391000030)",Unfall 127860 (2017) Kat:3,127860,3,3,5,02,16,5,0,,0,1,0,0
"POINT (9.458607676000042 52.503172459000041)",Unfall 127861 (2017) Kat:3,127861,3,6,2,02,13,5,0,,0,1,0,0
"POINT (9.609715818000041 52.423964697000031)",Unfall 127862 (2017) Kat:3,127862,3,6,2,02,15,5,0,,0,1,0,0
"POINT (9.691771457000073 52.341679083000031)",Unfall 127863 (2017) Kat:2,127863,2,5,0,02,10,5,0,,1,1,0,0
"POINT (9.736548898000024 52.371116161000032)",Unfall 127881 (2017) Kat:3,127881,3,2,6,03,14,6,0,,0,1,1,0
"POINT (9.779626682000071 52.414190872000063)",Unfall 127882 (2017) Kat:3,127882,3,5,5,03,19,6,0,,0,1,0,0
"POINT (9.721733346000065 52.342245988000059)",Unfall 127903 (2017) Kat:3,127903,3,6,2,03,17,5,1,,0,1,0,0
"POINT (9.727309347000073 52.392054475000066)",Unfall 127904 (2017) Kat:3,127904,3,3,5,03,13,5,1,,0,1,0,0
"POINT (9.726051066000025 52.384941462000029)",Unfall 127905 (2017) Kat:3,127905,3,7,5,03,14,5,1,,1,1,0,0
"POINT (9.767285902000026 52.357979862000036)",Unfall 127925 (2017) Kat:3,127925,3,6,2,03,16,4,1,,0,1,0,0
"POINT (9.741704551000055 52.371164934000035)",Unfall 127926 (2017) Kat:3,127926,3,2,5,03,18,4,0,,1,1,0,0
"POINT (9.610770967000065 52.414661645000081)",Unfall 127927 (2017) Kat:3,127927,3,3,5,03,08,4,0,,1,1,0,0
"POINT (9.911676617000069 52.364929298000050)",Unfall 127928 (2017) Kat:3,127928,3,4,6,03,08,4,0,,0,0,1,1
"POINT (9.706729022000047 52.373700899000028)",Unfall 127929 (2017) Kat:2,127929,2,4,6,03,21,4,0,,1,0,1,0
"POINT (9.723095789000070 52.377719672000069)",Unfall 127952 (2017) Kat:3,127952,3,6,4,02,16,3,0,,1,0,0,0
"POINT (9.761733291000041 52.263346848000026)",Unfall 127953 (2017) Kat:3,127953,3,6,0,02,17,3,1,,0,1,0,0
"POINT (9.638450896000052 52.397286950000080)",Unfall 127954 (2017) Kat:3,127954,3,3,5,02,07,3,0,,1,1,0,0
"POINT (9.763094645000024 52.337027093000074)",Unfall 127955 (2017) Kat:3,127955,3,5,1,02,11,3,0,,1,1,0,0
"POINT (9.713186158000042 52.340053596000075)",Unfall 127956 (2017) Kat:3,127956,3,4,6,02,07,3,0,,0,1,1,0
"POINT (9.694849002000069 52.329189455000062)",Unfall 127982 (2017) Kat:3,127982,3,5,1,02,07,2,0,,0,1,0,0
"POINT (9.808844987000043 52.385967576000041)",Unfall 127983 (2017) Kat:3,127983,3,6,2,02,07,2,0,,0,1,0,0
"POINT (9.815302082000073 52.319362486000045)",Unfall 127984 (2017) Kat:3,127984,3,1,0,02,05,2,1,,0,0,0,1
"POINT (9.772527643000046 52.400448799000060)",Unfall 127985 (2017) Kat:3,127985,3,5,1,02,09,2,0,,1,1,0,0
"POINT (9.755601024000043 52.357036959000027)",Unfall 127986 (2017) Kat:3,127986,3,4,6,02,16,2,0,,0,1,1,0
"POINT (9.683500799000058 52.368007854000041)",Unfall 127987 (2017) Kat:3,127987,3,3,5,02,15,2,0,,1,0,0,0
"POINT (9.812726371000053 52.380298431000028)",Unfall 127988 (2017) Kat:3,127988,3,2,5,02,10,2,0,,1,0,0,0
"POINT (9.725523500000065 52.383966409000038)",Unfall 127997 (2017) Kat:3,127997,3,6,4,02,14,1,0,,1,1,0,0
"POINT (9.737593750000031 52.372447610000052)",Unfall 128005 (2017) Kat:3,128005,3,4,6,02,17,7,1,,0,1,1,0
"POINT (9.751792523000063 52.392465123000079)",Unfall 128023 (2017) Kat:3,128023,3,5,1,02,12,6,1,,1,1,0,0
"POINT (9.793719466000027 52.332827162000058)",Unfall 128024 (2017) Kat:3,128024,3,4,6,02,15,6,0,,1,0,1,0
"POINT (9.827605837000021 52.287766812000029)",Unfall 128025 (2017) Kat:3,128025,3,4,6,02,15,6,0,,0,1,1,0
"POINT (9.795890818000032 52.375285496000060)",Unfall 128026 (2017) Kat:3,128026,3,4,6,02,07,6,1,,0,1,1,0
"POINT (9.808575785000073 52.309036803000026)",Unfall 128052 (2017) Kat:3,128052,3,3,5,02,09,5,1,,1,1,0,0
"POINT (9.748893540000040 52.382822740000051)",Unfall 128053 (2017) Kat:3,128053,3,5,1,02,07,5,1,,1,1,0,0
"POINT (9.562901238000052 52.207973605000063)",Unfall 128054 (2017) Kat:3,128054,3,7,6,02,08,5,1,,0,1,1,0
"POINT (9.609795486000053 52.426186191000056)",Unfall 128055 (2017) Kat:3,128055,3,1,8,02,10,5,1,,0,1,0,0
"POINT (9.841649838000024 52.490687567000066)",Unfall 128056 (2017) Kat:3,128056,3,3,5,02,10,5,1,,0,1,0,0
"POINT (9.756970560000070 52.396013550000077)",Unfall 128057 (2017) Kat:3,128057,3,3,5,02,21,5,1,,1,1,0,0
"POINT (9.983036562000052 52.357927214000028)",Unfall 128080 (2017) Kat:3,128080,3,1,9,02,12,4,1,,0,1,0,0
"POINT (9.729936663000046 52.434285157000033)",Unfall 128081 (2017) Kat:3,128081,3,5,0,02,17,4,1,,0,0,0,1
"POINT (9.707311113000060 52.389388578000080)",Unfall 128082 (2017) Kat:3,128082,3,3,5,02,08,4,1,,0,1,0,0
"POINT (9.666051336000066 52.415383687000030)",Unfall 128105 (2017) Kat:3,128105,3,6,3,02,08,3,1,,0,1,0,0
"POINT (9.703054126000041 52.369417408000061)",Unfall 128106 (2017) Kat:3,128106,3,6,3,02,15,3,0,,0,1,0,0
"POINT (9.740993959000036 52.398856471000045)",Unfall 128107 (2017) Kat:3,128107,3,3,0,02,08,3,0,,1,1,0,0
"POINT (9.765981538000062 52.381969811000033)",Unfall 128108 (2017) Kat:2,128108,2,2,5,02,16,3,0,,1,1,0,0
"POINT (9.961830915000064 52.389583215000073)",Unfall 128109 (2017) Kat:3,128109,3,2,4,02,11,3,0,,0,1,0,0
"POINT (9.746303797000053 52.361194449000038)",Unfall 128110 (2017) Kat:3,128110,3,3,5,02,11,3,0,,1,1,0,0
"POINT (9.811862844000075 52.301755605000039)",Unfall 128136 (2017) Kat:3,128136,3,3,5,02,15,2,1,,1,1,0,0
"POINT (9.737220743000023 52.370648713000037)",Unfall 128137 (2017) Kat:3,128137,3,4,6,02,10,2,0,,0,1,1,0
"POINT (9.611156558000062 52.430460565000033)",Unfall 128138 (2017) Kat:3,128138,3,1,8,02,11,2,1,,0,1,0,0
"POINT (9.964898812000058 52.377000897000073)",Unfall 128139 (2017) Kat:3,128139,3,3,5,02,14,2,1,,1,1,0,0
"POINT (9.984515349000048 52.389078089000066)",Unfall 128140 (2017) Kat:3,128140,3,6,0,02,05,2,1,,1,1,0,0
"POINT (9.652172489000066 52.415489355000034)",Unfall 128141 (2017) Kat:3,128141,3,3,5,02,18,2,1,,0,1,0,0
"POINT (9.734637070000076 52.373541658000079)",Unfall 128142 (2017) Kat:3,128142,3,4,6,02,12,2,1,,0,1,1,0
"POINT (9.705858229000057 52.352554631000032)",Unfall 128143 (2017) Kat:3,128143,3,6,0,02,02,2,1,,1,1,0,0
"POINT (9.692825325000058 52.344460796000078)",Unfall 128160 (2017) Kat:3,128160,3,2,2,03,12,3,0,,0,1,0,0
"POINT (9.743588466000063 52.357232783000029)",Unfall 128161 (2017) Kat:3,128161,3,6,2,03,15,3,0,,0,1,0,0
"POINT (9.854209742000023 52.391305340000031)",Unfall 128162 (2017) Kat:3,128162,3,2,5,03,20,3,0,,1,1,0,0
"POINT (9.603245116000039 52.313971638000055)",Unfall 128163 (2017) Kat:3,128163,3,3,5,03,15,3,0,,1,1,0,0
"POINT (9.643272000000025 52.415222805000042)",Unfall 128180 (2017) Kat:3,128180,3,3,5,03,16,2,0,,0,1,0,0
"POINT (9.719733287000054 52.360442840000076)",Unfall 128181 (2017) Kat:3,128181,3,3,5,03,12,2,0,,1,0,0,0
"POINT (9.753108838000060 52.397785830000032)",Unfall 128182 (2017) Kat:3,128182,3,2,4,03,17,2,0,,0,1,0,0
"POINT (9.730119127000023 52.374905932000047)",Unfall 128183 (2017) Kat:3,128183,3,6,2,03,11,2,0,,0,1,0,0
"POINT (9.602171936000048 52.314373743000033)",Unfall 128184 (2017) Kat:3,128184,3,3,5,03,07,2,0,,0,1,0,0
"POINT (9.752537258000075 52.434521190000055)",Unfall 128185 (2017) Kat:3,128185,3,2,6,03,21,2,0,,0,1,1,0
"POINT (9.854259120000052 52.491834749000077)",Unfall 128186 (2017) Kat:3,128186,3,3,5,03,16,2,0,,1,1,0,0
"POINT (10.007572565000032 52.446633742000074)",Unfall 128187 (2017) Kat:3,128187,3,3,5,03,11,2,0,,1,1,0,0
"POINT (9.775180026000044 52.363688233000062)",Unfall 128188 (2017) Kat:3,128188,3,2,5,03,16,2,0,,1,1,0,0
"POINT (9.674418952000053 52.397579455000027)",Unfall 128189 (2017) Kat:3,128189,3,6,2,03,16,2,0,,0,1,0,0
"POINT (9.431475736000039 52.417784216000030)",Unfall 128190 (2017) Kat:2,128190,2,5,1,03,15,2,0,,1,1,0,0
"POINT (9.669546529000058 52.349593363000054)",Unfall 128221 (2017) Kat:3,128221,3,3,5,03,10,7,0,,1,0,0,1
"POINT (9.728428523000048 52.374319232000062)",Unfall 128222 (2017) Kat:3,128222,3,6,2,03,15,7,0,,0,1,0,0
"POINT (9.800944896000033 52.352561006000030)",Unfall 128223 (2017) Kat:2,128223,2,7,0,03,18,7,0,,1,0,0,0
"POINT (9.741450092000036 52.398640628000066)",Unfall 128224 (2017) Kat:3,128224,3,1,8,03,05,7,0,,0,1,0,0
"POINT (9.738296231000049 52.381962695000027)",Unfall 128244 (2017) Kat:3,128244,3,2,5,03,03,6,1,,1,1,0,0
"POINT (9.745268408000072 52.378596106000032)",Unfall 128245 (2017) Kat:3,128245,3,3,5,03,10,6,0,,0,1,0,0
"POINT (9.729600349000066 52.439740912000048)",Unfall 128246 (2017) Kat:3,128246,3,4,6,03,11,6,0,,0,1,1,0
"POINT (9.618565140000044 52.430515660000026)",Unfall 128247 (2017) Kat:2,128247,2,2,2,03,15,6,0,,0,1,0,1
"POINT (9.738654099000030 52.382306350000079)",Unfall 128248 (2017) Kat:3,128248,3,4,6,03,15,6,0,,0,1,1,0
"POINT (9.823462581000058 52.384210043000053)",Unfall 128263 (2017) Kat:3,128263,3,2,4,03,06,5,1,,0,1,0,0
"POINT (9.841289720000077 52.359111280000036)",Unfall 128264 (2017) Kat:3,128264,3,7,9,03,06,5,0,,0,1,0,0
"POINT (9.736760775000050 52.421053132000054)",Unfall 128265 (2017) Kat:3,128265,3,3,5,03,16,5,1,,1,1,0,0
"POINT (9.763568187000033 52.399964805000081)",Unfall 128266 (2017) Kat:3,128266,3,2,4,03,10,5,0,,0,1,0,0
"POINT (9.731826557000034 52.375412467000046)",Unfall 128267 (2017) Kat:3,128267,3,2,3,03,13,5,0,,1,0,0,0
"POINT (9.744470321000051 52.374437763000060)",Unfall 128268 (2017) Kat:3,128268,3,2,5,03,15,5,1,,0,1,0,0
"POINT (9.724589471000058 52.358361307000052)",Unfall 128269 (2017) Kat:3,128269,3,2,5,03,13,5,1,,1,1,0,0
"POINT (9.456713958000023 52.413306483000042)",Unfall 128297 (2017) Kat:3,128297,3,3,5,03,13,4,0,,0,1,0,0
"POINT (9.707459974000074 52.368745090000061)",Unfall 128298 (2017) Kat:3,128298,3,5,1,03,19,4,1,,1,1,0,0
"POINT (9.820594428000049 52.359402624000040)",Unfall 128299 (2017) Kat:3,128299,3,2,6,03,18,4,1,,0,1,1,0
"POINT (9.766948252000077 52.357880331000047)",Unfall 128300 (2017) Kat:2,128300,2,4,6,03,15,4,1,,0,1,1,0
"POINT (9.854046905000075 52.390752549000069)",Unfall 128317 (2017) Kat:3,128317,3,7,5,03,11,3,0,,1,0,0,0
"POINT (9.720019092000030 52.387895673000060)",Unfall 128318 (2017) Kat:3,128318,3,7,0,03,07,3,1,,1,0,0,0
"POINT (9.747870622000050 52.395242390000078)",Unfall 128319 (2017) Kat:3,128319,3,2,4,03,19,3,0,,1,1,0,0
"POINT (9.819184537000069 52.400023043000033)",Unfall 128320 (2017) Kat:2,128320,2,3,5,03,13,3,0,,1,1,0,0
"POINT (9.733730784000045 52.362123319000034)",Unfall 128321 (2017) Kat:3,128321,3,3,5,03,15,3,0,,1,1,0,0
"POINT (9.714459315000056 52.371448472000054)",Unfall 128342 (2017) Kat:3,128342,3,7,0,03,15,2,0,,0,1,0,0
"POINT (9.813884152000071 52.398964825000064)",Unfall 128343 (2017) Kat:3,128343,3,2,4,03,16,2,0,,0,1,0,0
"POINT (9.753772840000067 52.386412602000064)",Unfall 128344 (2017) Kat:3,128344,3,3,5,03,10,2,0,,1,1,0,0
"POINT (10.099816499000042 52.386232752000069)",Unfall 128345 (2017) Kat:3,128345,3,3,5,03,15,2,1,,0,1,0,1
"POINT (9.761920174000068 52.371159447000082)",Unfall 128346 (2017) Kat:3,128346,3,3,5,03,09,2,0,,1,1,0,0
"POINT (9.722347063000029 52.378288360000056)",Unfall 128356 (2017) Kat:3,128356,3,3,5,03,11,1,0,,0,1,0,0
"POINT (9.833340832000033 52.386703667000063)",Unfall 128357 (2017) Kat:3,128357,3,3,6,03,17,1,0,,0,1,1,0
"POINT (9.736456302000022 52.383477783000046)",Unfall 128358 (2017) Kat:2,128358,2,6,3,03,22,1,0,,0,1,0,0
"POINT (9.670160246000023 52.347683699000072)",Unfall 128377 (2017) Kat:3,128377,3,2,4,03,10,7,0,,0,1,0,0
"POINT (9.734929772000044 52.380153319000044)",Unfall 128378 (2017) Kat:3,128378,3,6,6,03,14,7,0,,1,0,1,0
"POINT (9.764350913000044 52.264591694000046)",Unfall 128379 (2017) Kat:3,128379,3,3,5,03,17,7,0,,1,1,0,0
"POINT (9.637672595000026 52.394332038000073)",Unfall 128380 (2017) Kat:3,128380,3,7,2,03,14,7,0,,0,1,0,0
"POINT (9.749930003000031 52.362205273000029)",Unfall 128381 (2017) Kat:2,128381,2,3,5,03,12,7,0,,1,1,0,0
"POINT (9.723041114000068 52.387170277000052)",Unfall 128408 (2017) Kat:3,128408,3,7,6,03,10,1,0,,0,1,1,0
"POINT (9.774445052000033 52.373134111000070)",Unfall 128409 (2017) Kat:3,128409,3,6,2,03,12,1,0,,0,1,0,0
"POINT (9.755211329000076 52.273905993000028)",Unfall 128410 (2017) Kat:3,128410,3,3,5,03,14,1,0,,1,1,0,0
"POINT (9.714408804000073 52.398794043000066)",Unfall 128427 (2017) Kat:3,128427,3,6,2,03,12,7,0,,0,1,0,0
"POINT (9.766494274000024 52.564295061000053)",Unfall 128428 (2017) Kat:3,128428,3,3,5,03,16,7,0,,1,1,0,0
"POINT (10.167304893000050 52.471082031000037)",Unfall 128429 (2017) Kat:3,128429,3,7,6,03,13,7,0,,0,1,1,0
"POINT (9.729430522000030 52.374629164000055)",Unfall 128430 (2017) Kat:3,128430,3,7,0,03,11,7,0,,0,1,0,1
"POINT (9.739340444000050 52.363850813000056)",Unfall 128459 (2017) Kat:3,128459,3,6,0,03,16,6,0,,0,1,0,1
"POINT (9.744731790000060 52.374656657000060)",Unfall 128460 (2017) Kat:3,128460,3,3,5,03,21,6,0,,1,1,0,0
"POINT (9.559841509000023 52.402191290000076)",Unfall 128461 (2017) Kat:3,128461,3,3,5,03,16,6,0,,1,1,0,0
"POINT (9.480576228000075 52.460907293000048)",Unfall 128462 (2017) Kat:3,128462,3,5,4,03,14,6,0,,1,0,0,1
"POINT (9.682534665000048 52.459672745000034)",Unfall 128463 (2017) Kat:3,128463,3,1,9,03,21,6,0,,0,0,0,1
"POINT (9.738990065000053 52.446461551000027)",Unfall 128464 (2017) Kat:3,128464,3,4,0,03,10,6,0,,1,0,1,0
"POINT (10.009447524000052 52.453457884000045)",Unfall 128465 (2017) Kat:3,128465,3,1,8,03,09,6,0,,1,0,0,0
"POINT (9.698763097000040 52.355319332000079)",Unfall 128466 (2017) Kat:2,128466,2,1,2,03,19,6,0,,0,1,0,1
"POINT (9.717218991000038 52.340875907000054)",Unfall 128467 (2017) Kat:2,128467,2,3,5,03,16,6,0,,1,1,0,0
"POINT (9.779069313000036 52.361883259000081)",Unfall 128468 (2017) Kat:3,128468,3,6,2,03,15,6,0,,0,1,0,0
"POINT (9.701777047000064 52.375185941000041)",Unfall 128469 (2017) Kat:2,128469,2,4,6,03,16,6,0,,0,1,1,0
"POINT (9.781291445000022 52.410210678000055)",Unfall 128470 (2017) Kat:3,128470,3,2,5,03,12,6,0,,1,1,0,0
"POINT (9.724201179000033 52.369916469000032)",Unfall 128494 (2017) Kat:3,128494,3,7,1,03,10,5,0,,0,1,0,0
"POINT (9.740990744000044 52.398864835000040)",Unfall 128495 (2017) Kat:3,128495,3,3,5,03,07,5,0,,1,1,0,0
"POINT (9.675397499000042 52.377258099000073)",Unfall 128515 (2017) Kat:3,128515,3,2,0,03,15,4,0,,0,1,1,0
"POINT (9.731624173000057 52.378051417000052)",Unfall 128516 (2017) Kat:3,128516,3,7,0,03,11,4,0,,0,1,0,1
"POINT (9.743047750000073 52.379181827000082)",Unfall 128517 (2017) Kat:1,128517,1,2,5,03,12,4,0,,1,0,0,0
"POINT (9.715841473000069 52.377375749000066)",Unfall 128540 (2017) Kat:3,128540,3,6,4,03,11,3,0,,1,1,0,0
"POINT (9.761584498000048 52.394813435000060)",Unfall 128541 (2017) Kat:3,128541,3,5,1,03,10,3,0,,1,1,0,0
"POINT (9.735310186000049 52.420923073000040)",Unfall 128542 (2017) Kat:3,128542,3,6,2,03,10,3,0,,0,1,0,0
"POINT (9.715459196000040 52.371968734000063)",Unfall 128543 (2017) Kat:3,128543,3,6,2,03,08,3,1,,0,1,0,0
"POINT (9.735323868000023 52.372143489000052)",Unfall 128544 (2017) Kat:3,128544,3,7,0,03,14,3,1,,0,1,0,0
"POINT (9.727792579000038 52.368333117000077)",Unfall 128568 (2017) Kat:3,128568,3,7,0,03,08,2,0,,1,1,0,0
"POINT (9.705280012000060 52.373417550000056)",Unfall 128569 (2017) Kat:3,128569,3,7,0,03,21,2,0,,1,0,0,0
"POINT (9.725335886000039 52.383504315000039)",Unfall 128570 (2017) Kat:3,128570,3,6,2,03,14,2,1,,0,1,0,0
"POINT (9.450215841000045 52.423039996000057)",Unfall 128571 (2017) Kat:3,128571,3,4,6,03,14,2,0,,0,1,1,0
"POINT (9.678754451000032 52.343250814000044)",Unfall 128572 (2017) Kat:3,128572,3,5,1,03,07,2,1,,1,1,0,0
"POINT (9.960644804000026 52.368893967000076)",Unfall 128573 (2017) Kat:3,128573,3,2,2,03,12,2,1,,0,1,0,0
"POINT (9.708898960000056 52.370486575000029)",Unfall 128574 (2017) Kat:3,128574,3,3,5,03,21,2,0,,0,1,0,0
"POINT (9.747341705000054 52.411309054000071)",Unfall 128587 (2017) Kat:3,128587,3,3,5,03,17,1,1,,1,1,0,0
"POINT (9.740665921000073 52.400221046000070)",Unfall 128588 (2017) Kat:3,128588,3,3,5,03,18,1,1,,0,1,0,0
"POINT (9.734919316000060 52.380260705000069)",Unfall 128589 (2017) Kat:2,128589,2,2,5,03,00,1,0,,0,1,0,0
"POINT (9.603529596000044 52.460752208000031)",Unfall 128590 (2017) Kat:3,128590,3,3,5,03,13,1,1,,0,1,0,0
"POINT (9.767531600000041 52.358156042000076)",Unfall 128591 (2017) Kat:3,128591,3,2,5,03,05,1,1,,1,1,0,0
"POINT (9.857572312000059 52.411023258000057)",Unfall 128600 (2017) Kat:3,128600,3,7,1,03,10,7,1,,0,1,1,0
"POINT (9.774670957000069 52.403776036000068)",Unfall 128601 (2017) Kat:3,128601,3,3,5,03,10,7,1,,0,1,0,0
"POINT (9.786881392000055 52.407035360000066)",Unfall 128602 (2017) Kat:2,128602,2,7,0,03,16,7,0,,0,1,0,0
"POINT (9.764035039000021 52.360278419000053)",Unfall 128616 (2017) Kat:3,128616,3,6,2,03,16,6,0,,0,1,0,0
"POINT (9.762497668000037 52.332641009000042)",Unfall 128617 (2017) Kat:3,128617,3,1,0,03,11,6,1,,1,0,0,0
"POINT (9.718511723000063 52.380987962000063)",Unfall 128618 (2017) Kat:2,128618,2,4,6,03,17,6,0,,0,1,1,0
"POINT (9.819461530000069 52.429298468000070)",Unfall 128638 (2017) Kat:3,128638,3,3,5,03,10,5,0,,1,0,0,0
"POINT (9.611061331000030 52.420201171000031)",Unfall 128639 (2017) Kat:3,128639,3,5,0,03,20,5,0,,1,0,0,0
"POINT (10.068153345000042 52.391686703000062)",Unfall 128640 (2017) Kat:3,128640,3,3,5,03,09,5,0,,1,0,0,0
"POINT (9.822078257000044 52.386349637000080)",Unfall 128641 (2017) Kat:3,128641,3,6,2,03,09,5,0,,0,1,0,0
"POINT (9.773048572000050 52.344881037000050)",Unfall 128642 (2017) Kat:3,128642,3,3,5,03,09,5,0,,1,1,0,0
"POINT (9.712355309000031 52.360758395000062)",Unfall 128643 (2017) Kat:3,128643,3,1,0,03,15,5,0,,1,0,0,0
"POINT (9.761333888000024 52.372598047000054)",Unfall 128663 (2017) Kat:3,128663,3,4,6,03,18,4,0,,0,1,1,0
"POINT (9.722000306000041 52.425929968000048)",Unfall 128664 (2017) Kat:3,128664,3,1,0,03,13,4,0,,0,0,0,1
"POINT (9.853587990000051 52.433349154000041)",Unfall 128665 (2017) Kat:3,128665,3,6,4,03,14,4,0,,1,0,0,0
"POINT (9.749517406000052 52.337289579000071)",Unfall 128666 (2017) Kat:2,128666,2,7,0,03,20,4,1,,1,0,0,0
"POINT (9.663668265000069 52.380122197000048)",Unfall 128667 (2017) Kat:2,128667,2,3,5,03,06,4,0,,1,1,0,0
"POINT (9.870350268000038 52.363347702000056)",Unfall 128679 (2017) Kat:3,128679,3,3,5,04,09,2,0,,0,1,0,0
"POINT (9.712165612000035 52.387378906000038)",Unfall 128680 (2017) Kat:3,128680,3,7,0,04,08,2,0,,1,0,0,0
"POINT (9.729263528000047 52.376489677000052)",Unfall 128681 (2017) Kat:3,128681,3,7,1,04,13,2,0,,1,1,0,0
"POINT (9.734822623000071 52.415796744000033)",Unfall 128682 (2017) Kat:3,128682,3,7,0,04,20,2,0,,1,0,0,0
"POINT (9.723365768000065 52.377755166000043)",Unfall 128683 (2017) Kat:3,128683,3,2,6,04,13,2,0,,0,1,1,0
"POINT (9.702564695000035 52.337551130000065)",Unfall 128709 (2017) Kat:3,128709,3,2,4,04,17,1,0,,0,1,0,1
"POINT (9.688747499000044 52.341890804000059)",Unfall 128710 (2017) Kat:3,128710,3,5,4,04,18,1,0,,1,1,0,0
"POINT (9.725269811000032 52.380508516000077)",Unfall 128711 (2017) Kat:3,128711,3,3,5,04,16,1,0,,1,1,0,0
"POINT (9.732671126000071 52.379498571000056)",Unfall 128712 (2017) Kat:3,128712,3,3,5,04,16,1,0,,0,1,0,0
"POINT (9.793659568000066 52.332900486000028)",Unfall 128713 (2017) Kat:3,128713,3,3,5,04,18,1,0,,0,1,0,0
"POINT (9.753912912000033 52.378769229000056)",Unfall 128714 (2017) Kat:2,128714,2,7,5,04,15,1,0,,0,1,0,1
"POINT (9.702124004000041 52.375095191000071)",Unfall 128728 (2017) Kat:3,128728,3,3,6,04,16,7,0,,0,1,1,0
"POINT (9.755908667000028 52.360610843000075)",Unfall 128729 (2017) Kat:3,128729,3,7,2,04,10,7,0,,1,0,0,0
"POINT (9.753905163000070 52.386246763000031)",Unfall 128730 (2017) Kat:3,128730,3,3,5,04,19,7,0,,1,1,0,0
"POINT (9.746942416000024 52.373802267000030)",Unfall 128731 (2017) Kat:3,128731,3,2,5,04,01,7,0,,1,1,0,0
"POINT (9.909909501000072 52.364700624000079)",Unfall 128732 (2017) Kat:3,128732,3,3,5,04,20,7,1,,1,1,0,0
"POINT (9.726151366000067 52.437935648000064)",Unfall 128733 (2017) Kat:3,128733,3,3,5,04,19,7,1,,1,1,0,0
"POINT (9.738652948000038 52.374420058000055)",Unfall 128734 (2017) Kat:3,128734,3,7,6,04,16,7,0,,0,1,1,0
"POINT (9.748197654000023 52.364863029000048)",Unfall 128735 (2017) Kat:3,128735,3,5,0,04,14,7,0,,1,1,0,0
"POINT (9.740264165000042 52.375901198000065)",Unfall 128736 (2017) Kat:3,128736,3,1,0,04,12,7,0,,1,0,0,0
"POINT (9.734333154000069 52.391697710000074)",Unfall 128737 (2017) Kat:2,128737,2,7,0,04,00,7,1,,1,0,0,0
"POINT (9.740060984000024 52.367485391000059)",Unfall 128738 (2017) Kat:3,128738,3,1,0,04,21,7,0,,1,0,0,0
"POINT (9.693527723000045 52.363407138000071)",Unfall 128765 (2017) Kat:3,128765,3,7,0,03,15,6,0,,1,1,0,0
"POINT (9.730675993000034 52.378544427000065)",Unfall 128766 (2017) Kat:3,128766,3,2,4,03,23,6,0,,0,1,0,0
"POINT (9.750844851000068 52.526163443000030)",Unfall 128767 (2017) Kat:3,128767,3,3,5,03,13,6,0,,1,1,0,0
"POINT (9.727881834000073 52.455702130000077)",Unfall 128768 (2017) Kat:3,128768,3,3,5,03,14,6,0,,0,1,0,0
"POINT (9.737594735000073 52.438718491000031)",Unfall 128769 (2017) Kat:3,128769,3,2,6,03,10,6,0,,0,1,1,0
"POINT (9.681577576000052 52.416224611000075)",Unfall 128770 (2017) Kat:3,128770,3,7,8,03,21,6,0,,0,1,0,0
"POINT (9.328479746000028 52.543251508000026)",Unfall 128771 (2017) Kat:2,128771,2,1,9,03,18,6,0,,0,0,0,1
"POINT (9.664464032000069 52.411805246000029)",Unfall 128772 (2017) Kat:3,128772,3,3,5,03,17,6,0,,0,1,0,0
"POINT (9.706972890000031 52.373375947000056)",Unfall 128804 (2017) Kat:3,128804,3,5,1,03,13,5,0,,0,1,0,0
"POINT (9.698076430000072 52.439246646000072)",Unfall 128805 (2017) Kat:3,128805,3,7,0,03,11,5,0,,1,0,0,0
"POINT (9.843755369000064 52.487241429000051)",Unfall 128806 (2017) Kat:3,128806,3,3,5,03,12,5,0,,0,1,0,0
"POINT (9.750834125000040 52.375287733000050)",Unfall 128807 (2017) Kat:3,128807,3,3,5,03,18,5,0,,0,1,0,0
"POINT (9.669079750000037 52.351620404000073)",Unfall 128808 (2017) Kat:2,128808,2,3,5,03,16,5,0,,1,1,0,0
"POINT (9.840337538000028 52.428949933000069)",Unfall 128809 (2017) Kat:3,128809,3,3,5,03,10,5,0,,0,1,0,1
"POINT (9.752087028000062 52.410493831000053)",Unfall 128810 (2017) Kat:3,128810,3,3,5,03,07,5,0,,1,1,0,0
"POINT (9.566352064000057 52.272527086000082)",Unfall 128833 (2017) Kat:3,128833,3,7,8,03,16,4,1,,0,0,0,0
"POINT (9.599097547000042 52.420375494000041)",Unfall 128834 (2017) Kat:3,128834,3,2,4,03,19,4,0,,0,1,0,0
"POINT (9.852089074000048 52.560109699000066)",Unfall 128835 (2017) Kat:3,128835,3,3,5,03,14,4,0,,0,1,0,0
"POINT (9.677922998000042 52.414995528000077)",Unfall 128836 (2017) Kat:3,128836,3,5,1,03,13,4,0,,1,1,0,0
"POINT (9.753185920000021 52.397905736000041)",Unfall 128837 (2017) Kat:2,128837,2,2,5,03,07,4,0,,1,1,0,0
"POINT (9.754040495000027 52.379564177000077)",Unfall 128838 (2017) Kat:3,128838,3,4,6,03,08,4,0,,0,1,1,0
"POINT (9.688420200000053 52.331944352000050)",Unfall 128873 (2017) Kat:3,128873,3,7,0,03,17,3,0,,1,0,0,0
"POINT (9.697094331000074 52.368279979000079)",Unfall 128874 (2017) Kat:3,128874,3,6,2,03,15,3,0,,0,1,0,0
"POINT (9.825640589000045 52.400000577000071)",Unfall 128875 (2017) Kat:3,128875,3,5,0,03,19,3,0,,0,1,0,0
"POINT (9.599469682000063 52.417151509000064)",Unfall 128876 (2017) Kat:3,128876,3,3,5,03,12,3,0,,1,1,0,0
"POINT (9.594884326000056 52.420881456000075)",Unfall 128877 (2017) Kat:3,128877,3,2,2,03,13,3,0,,0,1,0,0
"POINT (9.739595831000031 52.381118949000040)",Unfall 128878 (2017) Kat:3,128878,3,2,5,03,17,3,0,,1,1,0,0
"POINT (9.817589090000070 52.367838777000031)",Unfall 128879 (2017) Kat:2,128879,2,3,5,03,16,3,0,,1,0,0,0
"POINT (9.689532687000053 52.418244170000037)",Unfall 128880 (2017) Kat:3,128880,3,6,2,03,10,3,0,,0,1,0,0
"POINT (9.756327155000065 52.394482465000067)",Unfall 128915 (2017) Kat:3,128915,3,3,5,03,16,2,0,,0,1,0,1
"POINT (9.748860936000028 52.377515121000044)",Unfall 128916 (2017) Kat:3,128916,3,6,2,03,16,2,0,,0,1,0,0
"POINT (9.732729843000072 52.379840078000029)",Unfall 128917 (2017) Kat:3,128917,3,2,4,03,18,2,0,,1,1,0,0
"POINT (9.459020099000043 52.505287799000030)",Unfall 128918 (2017) Kat:3,128918,3,6,4,03,17,2,0,,1,1,0,0
"POINT (10.015001214000051 52.444033456000057)",Unfall 128919 (2017) Kat:3,128919,3,2,2,03,19,2,0,,0,1,0,0
"POINT (9.735044453000057 52.380327969000064)",Unfall 128920 (2017) Kat:2,128920,2,1,0,03,14,2,0,,0,0,0,0
"POINT (9.772335950000070 52.350620343000060)",Unfall 128921 (2017) Kat:2,128921,2,2,5,03,08,2,0,,1,1,0,0
"POINT (9.831085072000064 52.346261553000033)",Unfall 128922 (2017) Kat:2,128922,2,4,6,03,19,2,0,,0,1,1,0
"POINT (9.723730806000049 52.386638953000045)",Unfall 128944 (2017) Kat:3,128944,3,5,0,04,20,2,0,,1,1,0,0
"POINT (9.729216958000052 52.432595044000038)",Unfall 128946 (2017) Kat:3,128946,3,7,0,04,16,6,0,,1,0,0,0
"POINT (9.684515624000028 52.395956310000031)",Unfall 128962 (2017) Kat:3,128962,3,4,6,04,18,5,0,,0,1,1,0
"POINT (9.728294685000037 52.359006531000034)",Unfall 128963 (2017) Kat:3,128963,3,3,5,04,18,5,0,,1,1,0,0
"POINT (9.772156559000052 52.368423695000047)",Unfall 128964 (2017) Kat:3,128964,3,3,6,04,16,5,0,,0,1,1,0
"POINT (9.819010740000067 52.365395596000042)",Unfall 128965 (2017) Kat:3,128965,3,7,7,04,08,5,1,,1,0,0,0
"POINT (9.564336378000064 52.210190093000051)",Unfall 128966 (2017) Kat:3,128966,3,2,5,04,17,5,0,,1,1,0,0
"POINT (9.776899854000021 52.416449912000076)",Unfall 128967 (2017) Kat:3,128967,3,2,5,04,20,5,0,,0,1,0,0
"POINT (9.734113710000031 52.399123209000038)",Unfall 128968 (2017) Kat:3,128968,3,1,2,04,13,5,1,,0,1,0,1
"POINT (9.717651044000036 52.398284261000072)",Unfall 128969 (2017) Kat:2,128969,2,6,3,04,11,5,0,,1,1,0,0
"POINT (9.746261782000033 52.377684378000026)",Unfall 128970 (2017) Kat:3,128970,3,2,5,04,09,5,0,,1,0,0,0
"POINT (9.749786725000035 52.378029905000062)",Unfall 128971 (2017) Kat:3,128971,3,3,5,04,00,5,1,,0,1,0,0
"POINT (9.798737315000039 52.385315683000044)",Unfall 128990 (2017) Kat:3,128990,3,3,5,04,17,4,1,,1,1,0,0
"POINT (9.720545502000050 52.391255982000075)",Unfall 128991 (2017) Kat:3,128991,3,7,0,04,04,4,0,,1,0,0,0
"POINT (9.459602033000067 52.505792229000065)",Unfall 128992 (2017) Kat:3,128992,3,2,6,04,11,4,0,,0,1,1,0
"POINT (9.466991136000047 52.316524275000063)",Unfall 128993 (2017) Kat:3,128993,3,1,9,04,16,4,1,,0,1,0,0
"POINT (9.742922959000055 52.458290187000046)",Unfall 128994 (2017) Kat:3,128994,3,3,5,04,19,4,1,,0,1,0,0
"POINT (10.203599212000029 52.464603251000028)",Unfall 128995 (2017) Kat:3,128995,3,7,1,04,09,4,0,,0,1,0,0
"POINT (9.774401215000069 52.398277347000032)",Unfall 128996 (2017) Kat:3,128996,3,3,0,04,10,4,0,,1,0,0,0
"POINT (9.444073715000059 52.413752263000049)",Unfall 128997 (2017) Kat:3,128997,3,7,6,04,00,4,0,,1,0,1,0
"POINT (9.657107174000032 52.410125769000047)",Unfall 129013 (2017) Kat:3,129013,3,2,6,04,15,3,0,,1,0,1,0
"POINT (9.716927146000046 52.336252157000047)",Unfall 129014 (2017) Kat:3,129014,3,3,5,04,14,3,0,,1,1,0,0
"POINT (9.714887967000038 52.370855325000036)",Unfall 129015 (2017) Kat:3,129015,3,2,3,04,14,3,0,,0,1,0,0
"POINT (9.695801552000035 52.365597162000029)",Unfall 129016 (2017) Kat:3,129016,3,2,3,04,10,3,0,,0,1,0,1
"POINT (9.743810212000028 52.382359399000052)",Unfall 129017 (2017) Kat:3,129017,3,5,0,04,16,3,0,,1,1,0,0
"POINT (9.743802401000039 52.384880844000065)",Unfall 129018 (2017) Kat:3,129018,3,2,3,04,08,3,0,,1,1,0,0
"POINT (9.943824584000026 52.344294179000030)",Unfall 129019 (2017) Kat:2,129019,2,3,5,04,16,3,0,,1,1,0,0
"POINT (9.752219177000029 52.370752515000049)",Unfall 129020 (2017) Kat:2,129020,2,4,6,04,15,3,0,,1,0,1,0
"POINT (9.830975379000051 52.338272921000055)",Unfall 129021 (2017) Kat:3,129021,3,3,6,04,08,3,0,,0,1,1,0
"POINT (9.819611504000022 52.331337612000027)",Unfall 129047 (2017) Kat:3,129047,3,2,5,04,14,2,0,,0,1,0,0
"POINT (9.721400909000067 52.379250284000079)",Unfall 129048 (2017) Kat:3,129048,3,3,5,04,16,2,0,,0,1,0,1
"POINT (9.725227283000038 52.397810793000076)",Unfall 129049 (2017) Kat:3,129049,3,6,2,04,15,2,0,,0,1,0,0
"POINT (9.725425346000066 52.382844070000033)",Unfall 129050 (2017) Kat:3,129050,3,5,3,04,09,2,0,,1,1,0,0
"POINT (9.737364279000076 52.394535786000063)",Unfall 129074 (2017) Kat:3,129074,3,6,6,04,15,1,0,,1,0,1,0
"POINT (9.769362723000029 52.383432535000054)",Unfall 129075 (2017) Kat:3,129075,3,6,2,04,12,1,0,,0,1,0,0
"POINT (9.739424918000054 52.485117958000046)",Unfall 129076 (2017) Kat:3,129076,3,7,0,04,16,1,0,,1,0,0,0
"POINT (9.761752874000024 52.356415221000077)",Unfall 129077 (2017) Kat:2,129077,2,2,4,04,15,1,0,,1,1,0,0
"POINT (9.717060564000065 52.339873617000080)",Unfall 129088 (2017) Kat:3,129088,3,7,2,04,12,7,0,,0,1,0,0
"POINT (9.714408804000073 52.398794043000066)",Unfall 129089 (2017) Kat:3,129089,3,3,5,04,07,7,0,,1,1,0,0
"POINT (9.697174534000055 52.413732021000044)",Unfall 129090 (2017) Kat:3,129090,3,2,2,04,12,7,0,,0,1,0,0
"POINT (9.738545494000050 52.413846354000043)",Unfall 129091 (2017) Kat:3,129091,3,6,4,04,10,7,0,,0,1,0,0
"POINT (9.850588157000061 52.387911854000038)",Unfall 129092 (2017) Kat:2,129092,2,3,5,04,17,7,0,,1,1,0,0
"POINT (9.602803721000043 52.391944410000065)",Unfall 129093 (2017) Kat:2,129093,2,4,6,04,14,7,0,,0,0,1,1
"POINT (9.767616228000065 52.323366969000062)",Unfall 129113 (2017) Kat:3,129113,3,6,4,04,08,6,0,,0,1,0,0
"POINT (9.708610850000071 52.373056114000065)",Unfall 129114 (2017) Kat:3,129114,3,1,0,04,21,6,0,,1,0,0,0
"POINT (9.752145170000063 52.370865387000038)",Unfall 129139 (2017) Kat:3,129139,3,6,2,04,13,5,0,,0,1,0,0
"POINT (9.546984605000034 52.211632811000072)",Unfall 129140 (2017) Kat:3,129140,3,6,2,04,07,5,1,,1,1,0,0
"POINT (9.606679580000048 52.449394271000074)",Unfall 129141 (2017) Kat:3,129141,3,3,5,04,20,5,0,,0,1,0,0
"POINT (9.734867504000022 52.442431606000071)",Unfall 129163 (2017) Kat:3,129163,3,3,5,04,19,4,0,,1,1,0,0
"POINT (9.742816090000076 52.440044664000027)",Unfall 129164 (2017) Kat:3,129164,3,4,6,04,12,4,0,,0,1,1,0
"POINT (10.062971827000069 52.491191489000073)",Unfall 129165 (2017) Kat:3,129165,3,3,5,04,08,4,0,,1,1,0,0
"POINT (9.796537098000044 52.311090749000073)",Unfall 129187 (2017) Kat:3,129187,3,3,5,04,14,3,0,,1,1,0,0
"POINT (9.731954813000073 52.405463484000052)",Unfall 129188 (2017) Kat:3,129188,3,3,5,04,08,3,0,,0,0,0,1
"POINT (9.751594838000074 52.420960875000048)",Unfall 129189 (2017) Kat:3,129189,3,3,5,04,18,3,0,,1,1,0,0
"POINT (9.795978875000060 52.404652729000077)",Unfall 129190 (2017) Kat:3,129190,3,3,5,04,13,3,0,,1,1,0,0
"POINT (9.781525213000066 52.419794131000060)",Unfall 129191 (2017) Kat:3,129191,3,1,0,04,11,3,0,,1,0,0,0
"POINT (9.733439506000025 52.375266570000065)",Unfall 129192 (2017) Kat:3,129192,3,6,2,04,14,3,0,,0,1,0,0
"POINT (9.621889548000070 52.378755983000076)",Unfall 129193 (2017) Kat:3,129193,3,7,6,04,18,3,0,,0,1,1,0
"POINT (9.807571253000049 52.397436622000043)",Unfall 129194 (2017) Kat:3,129194,3,3,5,04,14,3,0,,1,1,0,0
"POINT (9.702982407000036 52.368963047000079)",Unfall 129195 (2017) Kat:3,129195,3,2,5,04,17,3,0,,0,1,0,1
"POINT (9.777882697000052 52.345994956000027)",Unfall 129196 (2017) Kat:2,129196,2,3,5,04,13,3,0,,1,1,0,0
"POINT (9.744461504000071 52.370735161000027)",Unfall 129197 (2017) Kat:3,129197,3,3,5,04,14,3,0,,1,1,0,0
"POINT (9.818627430000049 52.390454206000072)",Unfall 129218 (2017) Kat:3,129218,3,4,6,04,16,5,0,,0,1,1,0
"POINT (9.716098580000050 52.415430286000060)",Unfall 129234 (2017) Kat:3,129234,3,6,8,04,21,5,0,,0,1,0,1
"POINT (9.750869534000060 52.375575343000037)",Unfall 129261 (2017) Kat:3,129261,3,2,3,04,15,4,0,,1,1,0,0
"POINT (9.730828646000077 52.440807774000064)",Unfall 129262 (2017) Kat:3,129262,3,2,5,04,19,4,0,,0,1,0,1
"POINT (9.695768507000025 52.408958022000036)",Unfall 129263 (2017) Kat:2,129263,2,2,5,04,07,4,0,,1,1,0,0
"POINT (9.781445354000027 52.415623390000064)",Unfall 129264 (2017) Kat:3,129264,3,4,6,04,18,4,0,,0,1,1,0
"POINT (9.741222912000069 52.411354280000069)",Unfall 129304 (2017) Kat:3,129304,3,3,0,04,09,3,0,,0,1,0,0
"POINT (9.753360849000046 52.378361796000036)",Unfall 129305 (2017) Kat:3,129305,3,2,5,04,09,3,1,,0,1,0,0
"POINT (9.461213268000051 52.506724920000067)",Unfall 129306 (2017) Kat:3,129306,3,5,1,04,17,3,1,,1,1,0,0
"POINT (9.449194560000024 52.499181141000065)",Unfall 129307 (2017) Kat:3,129307,3,5,1,04,14,3,1,,1,0,0,0
"POINT (10.014600305000045 52.382702762000065)",Unfall 129308 (2017) Kat:3,129308,3,6,2,04,18,3,0,,0,1,0,0
"POINT (9.972434364000037 52.377201954000043)",Unfall 129309 (2017) Kat:3,129309,3,7,5,04,07,3,1,,0,1,0,0
"POINT (9.856811541000070 52.494102986000030)",Unfall 129310 (2017) Kat:3,129310,3,3,5,04,09,3,1,,0,1,0,0
"POINT (9.676052707000054 52.345353111000065)",Unfall 129329 (2017) Kat:3,129329,3,7,6,04,13,2,0,,0,1,1,0
"POINT (9.757569369000066 52.435296153000081)",Unfall 129330 (2017) Kat:3,129330,3,4,6,04,19,2,0,,0,1,1,0
"POINT (9.806529362000049 52.389031904000035)",Unfall 129331 (2017) Kat:3,129331,3,3,5,04,15,2,0,,0,1,0,0
"POINT (9.807540891000031 52.379670574000045)",Unfall 129332 (2017) Kat:3,129332,3,3,5,04,11,2,0,,1,0,0,0
"POINT (9.664771043000030 52.410053495000057)",Unfall 129349 (2017) Kat:3,129349,3,4,6,04,17,1,0,,0,1,1,0
"POINT (9.613669936000065 52.417318959000056)",Unfall 129367 (2017) Kat:3,129367,3,2,2,04,18,7,1,,0,1,0,0
"POINT (9.852072329000066 52.560123912000051)",Unfall 129368 (2017) Kat:3,129368,3,3,5,04,12,7,0,,0,1,0,0
"POINT (9.825342834000026 52.364246739000066)",Unfall 129369 (2017) Kat:3,129369,3,6,6,04,11,7,0,,1,0,1,0
"POINT (9.684343658000046 52.395946828000035)",Unfall 129388 (2017) Kat:3,129388,3,1,7,04,12,6,0,,0,1,0,0
"POINT (9.702955191000058 52.350395848000062)",Unfall 129389 (2017) Kat:3,129389,3,3,5,04,06,6,0,,1,0,0,0
"POINT (9.774437518000070 52.371603487000073)",Unfall 129390 (2017) Kat:3,129390,3,6,2,04,15,6,0,,0,1,0,0
"POINT (9.800646202000053 52.335231732000068)",Unfall 129391 (2017) Kat:3,129391,3,7,0,04,15,6,0,,0,0,0,0
"POINT (9.528260323000040 52.199986244000058)",Unfall 129392 (2017) Kat:2,129392,2,1,8,04,17,6,0,,0,1,0,0
"POINT (9.667702561000056 52.415466681000055)",Unfall 129393 (2017) Kat:3,129393,3,6,2,04,05,6,0,,0,1,0,1
"POINT (9.827389689000029 52.417418908000059)",Unfall 129420 (2017) Kat:3,129420,3,3,5,04,15,5,0,,0,1,0,0
"POINT (9.737433247000070 52.440098981000062)",Unfall 129421 (2017) Kat:3,129421,3,7,0,04,15,5,0,,1,0,0,0
"POINT (9.836073407000072 52.341694119000067)",Unfall 129422 (2017) Kat:3,129422,3,3,5,04,10,5,0,,1,0,0,0
"POINT (9.792821272000026 52.395831984000040)",Unfall 129423 (2017) Kat:3,129423,3,6,2,04,11,5,0,,0,1,0,0
"POINT (9.682292796000070 52.379915628000049)",Unfall 129440 (2017) Kat:3,129440,3,7,7,04,18,4,0,,1,0,0,0
"POINT (9.461948570000061 52.413239607000037)",Unfall 129441 (2017) Kat:3,129441,3,7,5,04,07,4,0,,0,1,0,0
"POINT (9.428969508000023 52.425695030000043)",Unfall 129442 (2017) Kat:3,129442,3,7,6,04,10,4,0,,0,1,1,0
"POINT (9.686800604000041 52.416550619000077)",Unfall 129456 (2017) Kat:3,129456,3,6,6,04,11,3,1,,0,1,1,0
"POINT (9.975389957000061 52.382363730000066)",Unfall 129457 (2017) Kat:3,129457,3,4,6,04,17,3,0,,0,1,1,0
"POINT (9.684927203000029 52.365058104000070)",Unfall 129458 (2017) Kat:3,129458,3,3,5,04,07,3,1,,1,1,0,0
"POINT (9.736759572000040 52.371288282000080)",Unfall 129459 (2017) Kat:3,129459,3,4,6,04,08,3,1,,0,1,1,0
"POINT (9.781537830000048 52.415614676000075)",Unfall 129460 (2017) Kat:3,129460,3,3,5,04,07,3,1,,0,1,0,0
"POINT (9.750966402000074 52.348367216000042)",Unfall 129480 (2017) Kat:3,129480,3,4,6,04,15,1,0,,1,0,1,0
"POINT (9.750909394000075 52.364181610000060)",Unfall 129481 (2017) Kat:3,129481,3,5,1,04,04,1,0,,1,1,0,0
"POINT (9.796351760000050 52.412097580000079)",Unfall 129482 (2017) Kat:3,129482,3,4,6,04,13,1,0,,0,1,1,0
"POINT (9.787192982000022 52.373172566000051)",Unfall 129483 (2017) Kat:3,129483,3,1,8,04,22,1,1,,0,1,0,0
"POINT (9.663718864000032 52.376098190000050)",Unfall 129490 (2017) Kat:3,129490,3,3,5,04,01,7,0,,0,1,0,0
"POINT (9.723081457000035 52.377708349000045)",Unfall 129491 (2017) Kat:3,129491,3,2,5,04,09,7,1,,0,1,0,0
"POINT (9.630722577000029 52.303196046000039)",Unfall 129492 (2017) Kat:3,129492,3,5,1,04,19,7,0,,0,1,0,0
"POINT (9.684645887000045 52.393389078000041)",Unfall 129531 (2017) Kat:3,129531,3,3,0,05,15,2,0,,0,1,0,1
"POINT (9.822538321000025 52.400352066000039)",Unfall 129532 (2017) Kat:3,129532,3,2,5,05,15,2,0,,1,1,0,0
"POINT (9.734889593000048 52.442410615000028)",Unfall 129533 (2017) Kat:3,129533,3,3,5,05,11,2,1,,0,1,0,0
"POINT (9.705755012000054 52.370010396000055)",Unfall 129534 (2017) Kat:3,129534,3,3,5,05,18,2,0,,1,1,0,0
"POINT (9.800847206000071 52.405748670000037)",Unfall 129535 (2017) Kat:3,129535,3,2,5,05,11,2,0,,1,1,0,0
"POINT (9.737853911000059 52.403516081000078)",Unfall 129553 (2017) Kat:3,129553,3,7,1,05,18,1,0,,0,1,0,0
"POINT (9.600582308000071 52.421215016000076)",Unfall 129554 (2017) Kat:3,129554,3,3,5,05,16,1,0,,1,1,0,0
"POINT (9.729661301000022 52.411412261000066)",Unfall 129555 (2017) Kat:2,129555,2,6,3,05,14,1,0,,1,1,0,0
"POINT (9.854393377000065 52.368906017000029)",Unfall 129574 (2017) Kat:3,129574,3,6,4,05,15,7,0,,1,0,0,0
"POINT (9.743622989000073 52.379378449000058)",Unfall 129575 (2017) Kat:3,129575,3,7,0,05,17,7,0,,0,0,1,0
"POINT (9.708801001000040 52.372990693000077)",Unfall 129576 (2017) Kat:3,129576,3,5,1,05,09,7,0,,1,0,0,0
"POINT (9.703029535000042 52.350433600000031)",Unfall 129606 (2017) Kat:3,129606,3,5,1,05,16,6,0,,0,1,0,0
"POINT (9.725307316000055 52.371388626000055)",Unfall 129607 (2017) Kat:3,129607,3,7,0,05,08,6,1,,1,0,0,0
"POINT (9.749283484000046 52.378625949000082)",Unfall 129608 (2017) Kat:3,129608,3,1,0,05,18,6,0,,1,0,0,0
"POINT (9.762691169000050 52.378544195000075)",Unfall 129609 (2017) Kat:3,129609,3,1,0,05,09,6,1,,1,0,0,0
"POINT (9.720406604000061 52.375493124000059)",Unfall 129628 (2017) Kat:3,129628,3,7,0,05,15,5,1,,0,0,0,1
"POINT (9.824470141000063 52.359030878000056)",Unfall 129629 (2017) Kat:3,129629,3,6,2,05,08,5,0,,0,1,0,0
"POINT (9.762237918000039 52.392750303000071)",Unfall 129630 (2017) Kat:3,129630,3,3,5,05,14,5,1,,1,1,0,0
"POINT (9.680509366000024 52.433695574000069)",Unfall 129631 (2017) Kat:3,129631,3,3,5,05,15,5,1,,0,1,0,0
"POINT (9.854549791000068 52.492161149000026)",Unfall 129632 (2017) Kat:3,129632,3,3,0,05,12,5,0,,0,1,0,0
"POINT (9.763205661000029 52.268793879000043)",Unfall 129633 (2017) Kat:2,129633,2,4,0,05,18,5,1,,0,0,1,0
"POINT (9.749551853000071 52.350057376000052)",Unfall 129634 (2017) Kat:3,129634,3,5,5,05,12,5,1,,0,1,0,1
"POINT (9.752481955000064 52.370403766000038)",Unfall 129666 (2017) Kat:3,129666,3,6,3,05,08,4,0,,0,1,0,0
"POINT (9.822026841000024 52.335205804000054)",Unfall 129667 (2017) Kat:3,129667,3,1,0,05,07,4,1,,1,0,0,0
"POINT (9.716835126000035 52.379064341000060)",Unfall 129668 (2017) Kat:3,129668,3,2,5,05,17,4,0,,1,0,0,0
"POINT (10.008440279000069 52.447948309000026)",Unfall 129669 (2017) Kat:3,129669,3,7,0,05,08,4,0,,0,0,0,1
"POINT (9.749207847000037 52.350509289000058)",Unfall 129695 (2017) Kat:3,129695,3,6,2,05,13,3,1,,0,1,0,0
"POINT (9.753238803000045 52.387081893000072)",Unfall 129696 (2017) Kat:3,129696,3,6,2,05,14,3,1,,0,1,0,0
"POINT (9.563536444000022 52.209495891000074)",Unfall 129697 (2017) Kat:3,129697,3,3,5,05,08,3,0,,1,1,0,0
"POINT (9.644163617000061 52.439015240000060)",Unfall 129698 (2017) Kat:3,129698,3,6,2,05,15,3,1,,0,1,0,0
"POINT (9.739597364000076 52.364863874000037)",Unfall 129737 (2017) Kat:3,129737,3,6,6,04,22,1,0,,1,0,1,0
"POINT (9.730877452000073 52.375073787000076)",Unfall 129738 (2017) Kat:3,129738,3,7,0,04,21,1,0,,1,0,0,0
"POINT (9.798489415000063 52.339572784000040)",Unfall 129739 (2017) Kat:2,129739,2,3,5,04,15,1,0,,1,1,0,0
"POINT (9.799435991000053 52.376537831000064)",Unfall 129761 (2017) Kat:3,129761,3,2,2,04,13,7,0,,0,1,0,0
"POINT (9.852864969000052 52.356797297000071)",Unfall 129762 (2017) Kat:3,129762,3,7,5,04,17,7,0,,1,1,0,0
"POINT (9.738803638000036 52.304342669000050)",Unfall 129763 (2017) Kat:3,129763,3,1,8,04,12,7,0,,0,1,0,0
"POINT (9.788354226000024 52.318965605000074)",Unfall 129764 (2017) Kat:3,129764,3,7,1,04,22,7,0,,0,1,0,0
"POINT (9.736230211000077 52.362689130000035)",Unfall 129765 (2017) Kat:3,129765,3,6,2,04,16,7,0,,1,0,0,0
"POINT (9.784953304000055 52.411235257000044)",Unfall 129780 (2017) Kat:3,129780,3,6,4,04,08,6,0,,1,0,0,0
"POINT (9.731735219000029 52.559596191000026)",Unfall 129781 (2017) Kat:3,129781,3,2,4,04,07,6,0,,1,0,0,0
"POINT (9.726308915000061 52.436594853000031)",Unfall 129795 (2017) Kat:3,129795,3,3,5,05,07,3,0,,1,1,0,0
"POINT (9.673273821000066 52.356121817000030)",Unfall 129807 (2017) Kat:3,129807,3,5,1,05,15,3,0,,1,1,0,0
"POINT (9.750618479000025 52.375524551000069)",Unfall 129808 (2017) Kat:3,129808,3,2,3,05,22,3,0,,1,1,0,0
"POINT (9.465945942000076 52.301924180000071)",Unfall 129809 (2017) Kat:3,129809,3,4,6,05,15,3,0,,0,1,1,0
"POINT (9.770425453000030 52.383905051000056)",Unfall 129810 (2017) Kat:3,129810,3,3,5,05,17,3,0,,1,1,0,0
"POINT (9.781394045000070 52.399535076000063)",Unfall 129811 (2017) Kat:3,129811,3,6,6,05,13,3,0,,1,0,1,0
"POINT (9.820948261000069 52.316318744000057)",Unfall 129844 (2017) Kat:3,129844,3,1,0,05,20,2,0,,0,0,0,1
"POINT (9.763966021000044 52.270855091000044)",Unfall 129845 (2017) Kat:3,129845,3,7,0,05,18,2,0,,1,0,0,0
"POINT (10.117758679000076 52.350770716000056)",Unfall 129846 (2017) Kat:3,129846,3,3,5,05,16,2,0,,1,1,0,0
"POINT (9.727476609000064 52.350851584000054)",Unfall 129847 (2017) Kat:3,129847,3,7,0,05,12,2,0,,1,1,0,0
"POINT (9.692615045000025 52.419011912000030)",Unfall 129848 (2017) Kat:3,129848,3,1,0,05,08,2,0,,1,0,0,0
"POINT (9.772236105000047 52.342947397000046)",Unfall 129864 (2017) Kat:3,129864,3,6,2,05,11,1,0,,0,1,0,0
"POINT (9.585767519000058 52.393585019000056)",Unfall 129865 (2017) Kat:3,129865,3,1,0,05,13,1,0,,1,0,0,0
"POINT (9.898495450000041 52.399557514000037)",Unfall 129866 (2017) Kat:3,129866,3,1,9,05,20,1,0,,0,1,0,0
"POINT (9.679572006000058 52.399281157000075)",Unfall 129867 (2017) Kat:3,129867,3,7,8,05,16,1,0,,0,1,0,0
"POINT (9.701396489000047 52.375286791000065)",Unfall 129886 (2017) Kat:3,129886,3,1,0,05,12,7,0,,1,0,0,0
"POINT (9.429590718000043 52.420822876000045)",Unfall 129887 (2017) Kat:3,129887,3,3,5,05,19,7,0,,0,1,0,0
"POINT (9.367816486000038 52.457220476000032)",Unfall 129888 (2017) Kat:3,129888,3,7,0,05,15,7,0,,1,0,0,0
"POINT (9.741383542000051 52.439224094000053)",Unfall 129889 (2017) Kat:3,129889,3,1,0,05,14,7,0,,1,0,0,0
"POINT (10.005580572000042 52.455348625000056)",Unfall 129890 (2017) Kat:3,129890,3,7,0,05,07,7,0,,1,1,0,0
"POINT (9.701279298000031 52.395939172000055)",Unfall 129891 (2017) Kat:2,129891,2,3,5,05,20,7,0,,0,1,0,0
"POINT (9.741014438000036 52.398762605000059)",Unfall 129892 (2017) Kat:3,129892,3,3,5,05,11,7,0,,1,1,0,0
"POINT (9.698696405000021 52.368581943000038)",Unfall 129927 (2017) Kat:3,129927,3,6,2,05,13,6,0,,0,1,0,0
"POINT (9.823318082000071 52.421619075000081)",Unfall 129928 (2017) Kat:3,129928,3,3,5,05,15,6,0,,0,0,1,1
"POINT (9.748344661000033 52.396269370000027)",Unfall 129929 (2017) Kat:3,129929,3,4,0,05,18,6,1,,1,0,1,0
"POINT (9.732459326000026 52.550538697000036)",Unfall 129930 (2017) Kat:3,129930,3,3,5,05,15,6,0,,1,1,0,0
"POINT (9.751417365000066 52.438074459000063)",Unfall 129931 (2017) Kat:3,129931,3,1,0,05,17,6,0,,1,0,0,0
"POINT (9.731989893000048 52.389642208000055)",Unfall 129932 (2017) Kat:2,129932,2,3,5,05,22,6,0,,0,1,0,0
"POINT (9.734284395000032 52.384886215000051)",Unfall 129933 (2017) Kat:3,129933,3,3,0,05,22,6,0,,1,1,0,0
"POINT (9.849923783000065 52.412044855000033)",Unfall 129934 (2017) Kat:3,129934,3,1,9,05,19,6,1,,0,1,0,0
"POINT (9.704215095000052 52.369662402000074)",Unfall 129935 (2017) Kat:3,129935,3,3,5,05,18,6,1,,1,1,0,0
"POINT (9.714372904000072 52.342279021000081)",Unfall 129936 (2017) Kat:3,129936,3,2,5,05,12,6,0,,0,1,0,0
"POINT (9.858774003000065 52.361185164000062)",Unfall 129963 (2017) Kat:3,129963,3,2,5,05,16,5,0,,1,1,0,0
"POINT (9.868416326000045 52.362972864000028)",Unfall 129964 (2017) Kat:3,129964,3,2,5,05,13,5,0,,0,1,0,0
"POINT (9.714408804000073 52.398794043000066)",Unfall 129965 (2017) Kat:3,129965,3,7,0,05,08,5,0,,1,0,0,0
"POINT (9.754087463000076 52.379371410000033)",Unfall 129966 (2017) Kat:3,129966,3,2,4,05,15,5,0,,1,1,0,0
"POINT (9.738324269000032 52.376470881000046)",Unfall 129967 (2017) Kat:3,129967,3,5,1,05,18,5,0,,0,1,0,0
"POINT (9.647183275000032 52.383859665000045)",Unfall 129968 (2017) Kat:3,129968,3,7,6,05,10,5,0,,0,1,1,0
"POINT (9.734697364000056 52.380558361000055)",Unfall 129969 (2017) Kat:3,129969,3,7,0,05,12,5,0,,1,0,0,0
"POINT (9.720959713000070 52.354720149000059)",Unfall 129970 (2017) Kat:2,129970,2,3,5,05,20,5,1,,1,0,0,0
"POINT (9.781607583000039 52.417089083000064)",Unfall 129971 (2017) Kat:3,129971,3,4,6,05,16,5,0,,0,1,1,0
"POINT (10.004299915000047 52.446084548000044)",Unfall 129972 (2017) Kat:2,129972,2,2,6,05,12,5,0,,0,1,1,0
"POINT (9.710824959000036 52.367292028000065)",Unfall 130000 (2017) Kat:3,130000,3,7,0,05,17,4,0,,1,0,0,0
"POINT (9.855981829000029 52.395624195000039)",Unfall 130001 (2017) Kat:3,130001,3,7,0,05,19,4,0,,0,1,0,0
"POINT (9.775786024000070 52.333825117000060)",Unfall 130002 (2017) Kat:3,130002,3,3,5,05,14,4,0,,1,1,0,0
"POINT (9.753321447000076 52.390230338000038)",Unfall 130003 (2017) Kat:3,130003,3,3,5,05,13,4,0,,1,1,0,0
"POINT (9.704951097000048 52.214606999000068)",Unfall 130004 (2017) Kat:3,130004,3,1,8,05,16,4,0,,1,0,0,0
"POINT (9.793214623000040 52.397025804000066)",Unfall 130005 (2017) Kat:3,130005,3,3,5,05,18,4,0,,0,1,0,0
"POINT (9.741408345000025 52.387568505000047)",Unfall 130006 (2017) Kat:3,130006,3,5,1,05,14,4,0,,1,1,0,0
"POINT (9.753571695000062 52.380248815000073)",Unfall 130007 (2017) Kat:3,130007,3,7,0,05,08,4,0,,1,0,0,0
"POINT (9.693891279000070 52.392314253000052)",Unfall 130008 (2017) Kat:3,130008,3,6,2,05,09,4,0,,0,1,0,0
"POINT (9.769043693000072 52.358444983000027)",Unfall 130009 (2017) Kat:3,130009,3,3,5,05,07,4,0,,1,1,0,0
"POINT (9.822691156000076 52.322986556000046)",Unfall 130038 (2017) Kat:3,130038,3,7,5,05,09,3,0,,1,1,0,0
"POINT (9.704347203000054 52.370838252000055)",Unfall 130040 (2017) Kat:3,130040,3,5,1,05,12,3,0,,0,1,0,1
"POINT (9.598408611000025 52.426545781000073)",Unfall 130042 (2017) Kat:3,130042,3,6,2,05,10,3,0,,0,1,0,0
"POINT (9.747558152000067 52.359453026000040)",Unfall 130067 (2017) Kat:3,130067,3,5,1,05,09,3,0,,1,1,0,0
"POINT (9.567984335000062 52.206953184000042)",Unfall 130068 (2017) Kat:3,130068,3,3,5,05,15,3,0,,0,1,0,0
"POINT (9.743704959000070 52.323137815000052)",Unfall 130069 (2017) Kat:3,130069,3,1,0,05,17,3,0,,1,0,0,0
"POINT (9.710842450000030 52.359456162000072)",Unfall 130070 (2017) Kat:3,130070,3,2,5,05,13,3,0,,0,1,0,1
"POINT (9.758006658000056 52.392874011000060)",Unfall 130071 (2017) Kat:3,130071,3,1,0,05,02,3,0,,1,0,0,0
"POINT (9.678159774000051 52.365695981000044)",Unfall 130105 (2017) Kat:3,130105,3,3,5,05,05,2,0,,0,1,0,0
"POINT (9.669495427000072 52.349673840000037)",Unfall 130106 (2017) Kat:2,130106,2,2,4,05,14,2,0,,0,1,0,0
"POINT (9.740185262000068 52.372572115000082)",Unfall 130107 (2017) Kat:3,130107,3,6,2,05,17,2,0,,0,1,0,0
"POINT (9.711699185000043 52.371996392000028)",Unfall 130108 (2017) Kat:3,130108,3,1,0,05,14,2,0,,1,0,0,0
"POINT (9.734682540000051 52.373547492000057)",Unfall 130109 (2017) Kat:3,130109,3,4,6,05,11,2,0,,1,0,1,0
"POINT (9.714774095000053 52.365349915000081)",Unfall 130110 (2017) Kat:3,130110,3,2,5,05,09,2,0,,1,1,0,0
"POINT (9.692992810000021 52.406377275000068)",Unfall 130136 (2017) Kat:3,130136,3,3,5,05,18,1,0,,1,1,0,0
"POINT (9.739480061000052 52.364253667000071)",Unfall 130137 (2017) Kat:3,130137,3,7,6,05,19,1,0,,1,0,1,0
"POINT (9.685071356000037 52.358257989000037)",Unfall 130138 (2017) Kat:3,130138,3,3,5,05,13,1,0,,0,1,0,0
"POINT (9.720358629000032 52.375524610000070)",Unfall 130139 (2017) Kat:2,130139,2,6,2,05,14,1,0,,0,1,0,0
"POINT (9.835737561000030 52.417975063000029)",Unfall 130140 (2017) Kat:3,130140,3,3,5,05,17,1,0,,0,1,0,1
"POINT (9.744606924000038 52.395163144000037)",Unfall 130141 (2017) Kat:3,130141,3,2,5,05,15,1,0,,1,1,0,0
"POINT (9.728738095000040 52.377984871000081)",Unfall 130142 (2017) Kat:3,130142,3,6,2,05,19,1,0,,0,1,0,0
"POINT (9.610701630000051 52.449386857000036)",Unfall 130143 (2017) Kat:3,130143,3,1,0,05,16,1,0,,0,0,0,1
"POINT (9.684696977000044 52.376285832000065)",Unfall 130144 (2017) Kat:3,130144,3,6,9,05,18,1,0,,1,1,0,0
"POINT (9.988109183000063 52.462555383000051)",Unfall 130145 (2017) Kat:3,130145,3,1,8,05,15,1,0,,0,0,0,1
"POINT (9.643917902000055 52.415110467000034)",Unfall 130160 (2017) Kat:3,130160,3,3,5,05,17,7,0,,1,0,0,0
"POINT (9.703550790000065 52.375601895000045)",Unfall 130161 (2017) Kat:3,130161,3,3,5,05,05,7,0,,1,1,0,0
"POINT (9.799315862000071 52.307625814000062)",Unfall 130162 (2017) Kat:3,130162,3,1,0,05,21,7,0,,1,0,0,0
"POINT (9.818942758000048 52.381452796000076)",Unfall 130163 (2017) Kat:3,130163,3,4,6,05,10,7,0,,0,0,1,1
"POINT (9.717214225000021 52.345581574000050)",Unfall 130164 (2017) Kat:3,130164,3,7,0,05,18,7,0,,1,0,0,0
"POINT (9.755929035000065 52.355596197000068)",Unfall 130165 (2017) Kat:3,130165,3,2,6,05,16,7,0,,0,1,1,0
"POINT (9.716930840000032 52.357974879000039)",Unfall 130166 (2017) Kat:3,130166,3,5,1,05,08,7,0,,1,1,0,0
"POINT (9.755107213000031 52.367136254000059)",Unfall 130197 (2017) Kat:3,130197,3,6,2,05,18,6,0,,0,1,0,0
"POINT (9.853544662000047 52.326862007000045)",Unfall 130198 (2017) Kat:3,130198,3,6,4,05,18,6,1,,1,0,1,0
"POINT (9.761540976000049 52.379781524000066)",Unfall 130199 (2017) Kat:3,130199,3,3,0,05,10,6,0,,0,1,0,0
"POINT (9.703051401000039 52.438746514000059)",Unfall 130200 (2017) Kat:3,130200,3,7,0,05,20,6,1,,0,1,1,0
"POINT (9.850728905000040 52.430767238000044)",Unfall 130201 (2017) Kat:3,130201,3,7,0,05,11,6,1,,0,1,0,0
"POINT (9.736610960000064 52.380328382000073)",Unfall 130202 (2017) Kat:2,130202,2,1,0,05,20,6,1,,0,1,0,0
"POINT (9.472448347000068 52.427046295000082)",Unfall 130203 (2017) Kat:2,130203,2,2,5,05,15,6,0,,0,1,0,1
"POINT (9.691059818000042 52.329221734000043)",Unfall 130204 (2017) Kat:3,130204,3,1,9,05,06,6,0,,1,1,0,0
"POINT (9.754586337000035 52.367942371000026)",Unfall 130231 (2017) Kat:3,130231,3,7,0,05,16,5,0,,1,0,1,0
"POINT (9.698400147000029 52.382030145000044)",Unfall 130232 (2017) Kat:3,130232,3,7,0,05,22,5,0,,1,0,0,0
"POINT (9.756571376000068 52.376465417000077)",Unfall 130233 (2017) Kat:3,130233,3,3,0,05,08,5,0,,1,1,0,0
"POINT (9.749786725000035 52.378029905000062)",Unfall 130234 (2017) Kat:3,130234,3,3,5,05,17,5,1,,0,1,1,0
"POINT (9.743721890000074 52.384972400000038)",Unfall 130235 (2017) Kat:3,130235,3,2,4,05,17,5,1,,1,1,0,0
"POINT (9.466004713000075 52.305941408000081)",Unfall 130236 (2017) Kat:3,130236,3,1,8,05,13,5,0,,1,0,0,0
"POINT (9.450730781000061 52.512468283000032)",Unfall 130237 (2017) Kat:1,130237,1,6,4,05,14,5,0,,1,0,0,0
"POINT (9.753900012000031 52.361583003000078)",Unfall 130238 (2017) Kat:3,130238,3,7,8,05,15,5,0,,1,1,0,0
"POINT (9.735702684000046 52.375873234000039)",Unfall 130239 (2017) Kat:3,130239,3,7,6,05,11,5,0,,0,1,1,0
"POINT (9.723817728000029 52.342506590000028)",Unfall 130240 (2017) Kat:3,130240,3,2,0,05,11,5,0,,1,0,0,0
"POINT (9.821818989000064 52.356350147000057)",Unfall 130241 (2017) Kat:3,130241,3,6,0,05,07,5,0,,0,0,0,0
"POINT (9.810553994000031 52.359839496000063)",Unfall 130242 (2017) Kat:3,130242,3,3,5,05,10,5,0,,1,1,0,0
"POINT (9.816589043000022 52.291322516000037)",Unfall 130243 (2017) Kat:3,130243,3,6,4,05,22,5,0,,0,1,0,0
"POINT (9.709447474000058 52.361021683000047)",Unfall 130244 (2017) Kat:3,130244,3,4,6,05,19,5,1,,0,1,1,0
"POINT (9.450234714000033 52.412265048000052)",Unfall 130272 (2017) Kat:3,130272,3,1,0,05,09,4,0,,1,0,0,0
"POINT (10.005167376000031 52.447911539000074)",Unfall 130273 (2017) Kat:2,130273,2,7,6,05,19,4,0,,0,1,1,0
"POINT (9.816136666000034 52.387203419000059)",Unfall 130274 (2017) Kat:3,130274,3,3,5,05,16,4,0,,0,1,0,0
"POINT (9.858912384000064 52.400205143000051)",Unfall 130275 (2017) Kat:3,130275,3,3,5,05,11,4,0,,1,1,0,0
"POINT (9.742263165000054 52.390099728000052)",Unfall 130276 (2017) Kat:3,130276,3,5,1,05,08,4,0,,1,1,0,0
"POINT (9.632349899000076 52.411289815000032)",Unfall 130313 (2017) Kat:3,130313,3,2,5,05,12,4,0,,0,1,0,0
"POINT (9.739726523000059 52.381258835000040)",Unfall 130314 (2017) Kat:3,130314,3,2,2,05,17,4,0,,0,1,0,0
"POINT (9.747361217000048 52.378482119000068)",Unfall 130315 (2017) Kat:3,130315,3,6,0,05,15,4,0,,0,1,0,0
"POINT (9.729416997000044 52.378811038000038)",Unfall 130316 (2017) Kat:3,130316,3,6,2,05,20,4,0,,0,1,0,1
"POINT (9.734836159000054 52.440156065000053)",Unfall 130317 (2017) Kat:3,130317,3,4,6,05,18,4,0,,0,1,1,0
"POINT (9.728988053000023 52.424889356000051)",Unfall 130318 (2017) Kat:3,130318,3,3,5,05,15,4,0,,1,1,0,0
"POINT (10.021027288000028 52.436865490000059)",Unfall 130319 (2017) Kat:3,130319,3,2,2,05,09,4,0,,0,1,0,0
"POINT (9.771372662000033 52.354090642000074)",Unfall 130320 (2017) Kat:3,130320,3,7,0,05,22,4,0,,1,0,0,0
"POINT (9.774213880000048 52.360757175000060)",Unfall 130321 (2017) Kat:3,130321,3,3,5,05,16,4,0,,1,1,0,0
"POINT (9.700805093000042 52.391455955000026)",Unfall 130322 (2017) Kat:3,130322,3,3,5,05,16,4,0,,1,0,0,0
"POINT (9.722020794000059 52.389140649000069)",Unfall 130323 (2017) Kat:3,130323,3,3,5,05,12,4,0,,1,1,0,0
"POINT (9.710620424000069 52.367318699000066)",Unfall 130324 (2017) Kat:3,130324,3,7,0,05,14,4,0,,1,0,0,0
"POINT (9.672918653000068 52.398465787000077)",Unfall 130325 (2017) Kat:3,130325,3,2,5,05,07,4,0,,1,1,0,0
"POINT (9.725019807000024 52.387441968000076)",Unfall 130326 (2017) Kat:3,130326,3,2,5,05,08,4,0,,1,1,0,0
"POINT (9.723980349000044 52.386214223000081)",Unfall 130327 (2017) Kat:3,130327,3,5,1,05,10,4,0,,1,1,0,0
"POINT (9.687435504000064 52.392575420000071)",Unfall 130360 (2017) Kat:3,130360,3,6,0,05,09,3,0,,1,0,0,0
"POINT (9.711379760000057 52.372982683000032)",Unfall 130361 (2017) Kat:3,130361,3,4,6,05,19,3,0,,1,0,1,0
"POINT (9.719540969000036 52.396925856000053)",Unfall 130362 (2017) Kat:3,130362,3,6,2,05,16,3,1,,0,1,0,0
"POINT (9.725343913000074 52.383319022000080)",Unfall 130363 (2017) Kat:3,130363,3,3,5,05,17,3,1,,1,1,0,0
"POINT (9.743629264000049 52.398208898000064)",Unfall 130364 (2017) Kat:3,130364,3,2,0,05,07,3,0,,1,0,0,1
"POINT (9.571926855000072 52.213113774000078)",Unfall 130365 (2017) Kat:3,130365,3,1,0,05,00,3,0,,1,0,0,0
"POINT (9.737592041000028 52.578665063000074)",Unfall 130366 (2017) Kat:3,130366,3,7,7,05,10,3,0,,1,0,0,0
"POINT (9.751755064000065 52.385926986000072)",Unfall 130367 (2017) Kat:3,130367,3,2,0,05,17,3,1,,1,1,0,0
"POINT (9.754000192000035 52.379733938000072)",Unfall 130368 (2017) Kat:2,130368,2,4,6,05,08,3,0,,0,1,1,0
"POINT (9.726992655000061 52.366836995000028)",Unfall 130398 (2017) Kat:3,130398,3,3,5,05,17,2,0,,1,1,0,0
"POINT (9.729723977000049 52.369554874000073)",Unfall 130399 (2017) Kat:3,130399,3,2,4,05,14,2,0,,1,1,0,0
"POINT (9.791069835000030 52.412421324000036)",Unfall 130400 (2017) Kat:3,130400,3,3,0,05,14,2,0,,1,1,0,0
"POINT (9.434600681000063 52.423220074000028)",Unfall 130401 (2017) Kat:3,130401,3,7,0,05,09,2,0,,1,0,0,0
"POINT (9.934770272000037 52.320386696000071)",Unfall 130402 (2017) Kat:3,130402,3,3,5,05,17,2,0,,1,1,0,0
"POINT (9.730535833000033 52.424098203000028)",Unfall 130403 (2017) Kat:3,130403,3,7,0,05,08,2,0,,0,1,1,0
"POINT (9.745764649000023 52.413251577000040)",Unfall 130404 (2017) Kat:3,130404,3,7,8,05,13,2,0,,0,1,0,0
"POINT (9.793237465000061 52.393642843000066)",Unfall 130405 (2017) Kat:2,130405,2,6,0,05,14,2,0,,0,1,0,1
"POINT (9.807446780000021 52.391258571000037)",Unfall 130423 (2017) Kat:3,130423,3,7,0,05,13,1,0,,1,0,0,0
"POINT (10.028896589000055 52.522363614000028)",Unfall 130424 (2017) Kat:3,130424,3,1,0,05,20,1,0,,1,0,0,0
"POINT (9.711938172000032 52.360668990000079)",Unfall 130445 (2017) Kat:3,130445,3,6,3,05,17,7,0,,0,1,0,1
"POINT (9.656406777000029 52.315816622000057)",Unfall 130446 (2017) Kat:3,130446,3,4,6,05,08,7,0,,0,1,1,0
"POINT (9.817739484000072 52.319823089000067)",Unfall 130475 (2017) Kat:3,130475,3,5,1,05,08,6,0,,0,1,0,0
"POINT (9.758337248000032 52.343272647000049)",Unfall 130476 (2017) Kat:3,130476,3,7,1,05,13,6,0,,0,1,0,0
"POINT (9.775798479000059 52.336063536000040)",Unfall 130477 (2017) Kat:3,130477,3,1,0,05,15,6,0,,1,0,0,0
"POINT (9.728929489000052 52.323573022000062)",Unfall 130478 (2017) Kat:3,130478,3,5,1,05,10,6,0,,0,1,0,0
"POINT (9.615703130000043 52.249366477000081)",Unfall 130479 (2017) Kat:3,130479,3,1,0,05,22,6,0,,1,0,0,0
"POINT (9.710722898000029 52.367309969000075)",Unfall 130480 (2017) Kat:3,130480,3,1,0,05,17,6,0,,1,0,0,0
"POINT (9.707002388000035 52.375456955000061)",Unfall 130504 (2017) Kat:3,130504,3,5,1,05,13,5,0,,1,1,0,0
"POINT (9.854535599000030 52.369467893000035)",Unfall 130505 (2017) Kat:3,130505,3,7,0,05,13,5,0,,1,0,0,0
"POINT (9.731756816000029 52.373296732000028)",Unfall 130506 (2017) Kat:3,130506,3,6,6,05,17,5,0,,1,0,1,0
"POINT (10.004059900000073 52.445837021000045)",Unfall 130507 (2017) Kat:3,130507,3,1,0,05,17,5,0,,0,0,0,1
"POINT (9.808982555000057 52.298344936000035)",Unfall 130508 (2017) Kat:3,130508,3,6,3,05,21,5,0,,1,0,0,0
"POINT (9.804379246000053 52.338379355000029)",Unfall 130509 (2017) Kat:3,130509,3,6,2,05,18,5,0,,0,1,0,0
"POINT (9.785672625000075 52.309500425000067)",Unfall 130510 (2017) Kat:2,130510,2,1,0,05,10,5,0,,1,0,0,0
"POINT (9.721812194000052 52.353326836000065)",Unfall 130535 (2017) Kat:3,130535,3,6,2,05,18,4,0,,0,1,0,1
"POINT (9.796359301000052 52.376615690000051)",Unfall 130536 (2017) Kat:3,130536,3,5,1,05,19,4,0,,1,1,0,0
"POINT (9.792487918000063 52.397556290000068)",Unfall 130537 (2017) Kat:3,130537,3,3,5,05,09,4,0,,1,1,0,0
"POINT (9.745236616000057 52.385365501000081)",Unfall 130538 (2017) Kat:3,130538,3,6,2,05,17,4,0,,1,1,0,0
"POINT (9.740628132000040 52.400152401000071)",Unfall 130539 (2017) Kat:3,130539,3,2,5,05,07,4,0,,0,1,0,0
"POINT (9.732186669000043 52.547574724000071)",Unfall 130540 (2017) Kat:3,130540,3,3,5,05,07,4,0,,1,1,0,0
"POINT (9.707190838000031 52.448378272000070)",Unfall 130541 (2017) Kat:3,130541,3,6,0,05,06,4,0,,0,0,0,1
"POINT (9.692362885000023 52.408833429000026)",Unfall 130542 (2017) Kat:2,130542,2,3,5,05,18,4,0,,0,1,0,0
"POINT (9.778297554000062 52.361632490000034)",Unfall 130543 (2017) Kat:3,130543,3,7,0,05,08,4,0,,1,0,0,0
"POINT (9.774466059000076 52.371296591000032)",Unfall 130558 (2017) Kat:3,130558,3,2,6,06,15,5,0,,0,1,1,0
"POINT (9.974798849000024 52.379212051000081)",Unfall 130559 (2017) Kat:3,130559,3,3,5,06,13,5,0,,1,1,0,0
"POINT (9.750535457000069 52.410596141000042)",Unfall 130560 (2017) Kat:3,130560,3,2,0,06,08,5,1,,0,0,0,1
"POINT (9.729740357000026 52.376407226000026)",Unfall 130561 (2017) Kat:3,130561,3,3,5,06,09,5,1,,1,0,0,0
"POINT (9.792488217000027 52.397559519000026)",Unfall 130562 (2017) Kat:3,130562,3,6,2,06,06,5,1,,0,1,0,0
"POINT (9.723855272000037 52.346996492000073)",Unfall 130590 (2017) Kat:3,130590,3,3,5,06,11,4,0,,1,1,0,0
"POINT (9.858837376000054 52.361348377000070)",Unfall 130591 (2017) Kat:3,130591,3,2,2,06,12,4,0,,0,1,0,0
"POINT (9.997343713000021 52.445896091000066)",Unfall 130592 (2017) Kat:2,130592,2,7,4,06,12,4,0,,0,1,0,0
"POINT (9.786559851000050 52.373084929000072)",Unfall 130629 (2017) Kat:3,130629,3,5,1,06,15,3,1,,0,1,0,0
"POINT (9.432892085000049 52.505622971000037)",Unfall 130630 (2017) Kat:3,130630,3,7,8,06,19,3,0,,0,0,0,1
"POINT (9.965740266000069 52.387389985000027)",Unfall 130631 (2017) Kat:3,130631,3,4,6,06,15,3,0,,0,1,1,0
"POINT (9.744692893000035 52.380751612000040)",Unfall 130632 (2017) Kat:3,130632,3,3,5,06,17,3,0,,1,1,0,0
"POINT (9.674298508000049 52.412143556000046)",Unfall 130633 (2017) Kat:3,130633,3,7,0,06,09,3,0,,0,1,0,0
"POINT (9.720181092000075 52.457205813000030)",Unfall 130634 (2017) Kat:3,130634,3,2,2,06,06,3,0,,0,1,0,1
"POINT (9.713269744000058 52.343784703000040)",Unfall 130657 (2017) Kat:3,130657,3,3,5,06,14,2,0,,0,1,0,0
"POINT (9.790331221000031 52.383234861000062)",Unfall 130658 (2017) Kat:3,130658,3,7,8,06,13,2,0,,1,0,0,0
"POINT (9.800399347000052 52.335122084000034)",Unfall 130659 (2017) Kat:3,130659,3,2,5,06,18,2,0,,1,1,0,0
"POINT (9.430323741000052 52.407024211000078)",Unfall 130660 (2017) Kat:2,130660,2,1,0,06,16,2,0,,0,0,0,1
"POINT (9.697273073000076 52.421979091000026)",Unfall 130661 (2017) Kat:3,130661,3,6,4,06,16,2,0,,1,0,0,0
"POINT (9.862201024000058 52.361714460000030)",Unfall 130662 (2017) Kat:2,130662,2,7,0,06,16,2,0,,1,0,0,0
"POINT (9.744246327000042 52.377422349000028)",Unfall 130663 (2017) Kat:3,130663,3,2,5,06,16,2,0,,1,1,0,0
"POINT (9.708728945000075 52.380186332000051)",Unfall 130664 (2017) Kat:2,130664,2,6,6,06,13,2,0,,1,0,1,0
"POINT (9.692413325000075 52.337069124000038)",Unfall 130679 (2017) Kat:3,130679,3,2,5,06,08,1,1,,0,1,0,0
"POINT (9.721199391000027 52.360749912000074)",Unfall 130700 (2017) Kat:3,130700,3,3,5,06,17,7,0,,1,1,0,0
"POINT (9.590287097000044 52.396304956000051)",Unfall 130701 (2017) Kat:3,130701,3,6,2,06,11,7,0,,1,1,0,0
"POINT (9.754607575000023 52.439809737000076)",Unfall 130702 (2017) Kat:3,130702,3,3,5,06,11,7,0,,1,1,0,0
"POINT (10.006745057000046 52.446971859000030)",Unfall 130703 (2017) Kat:3,130703,3,7,8,06,20,7,1,,0,1,0,0
"POINT (9.708813328000076 52.372986452000077)",Unfall 130704 (2017) Kat:3,130704,3,4,6,06,14,7,0,,0,0,1,0
"POINT (9.615696338000021 52.443888779000076)",Unfall 130730 (2017) Kat:3,130730,3,3,5,06,14,6,0,,1,1,0,0
"POINT (10.113127487000042 52.352298923000035)",Unfall 130731 (2017) Kat:3,130731,3,7,5,06,09,6,0,,0,1,0,0
"POINT (10.009837759000050 52.436855492000063)",Unfall 130732 (2017) Kat:3,130732,3,5,1,06,12,6,0,,1,1,0,0
"POINT (9.754036321000058 52.379581759000075)",Unfall 130733 (2017) Kat:3,130733,3,4,6,06,17,6,0,,0,1,1,0
"POINT (9.747116322000068 52.365289636000057)",Unfall 130734 (2017) Kat:3,130734,3,3,5,06,13,6,0,,1,1,0,0
"POINT (9.686333425000044 52.364780237000048)",Unfall 130735 (2017) Kat:2,130735,2,2,5,06,11,6,0,,1,1,0,0
"POINT (9.786325535000060 52.374937454000076)",Unfall 130736 (2017) Kat:3,130736,3,2,5,06,09,6,0,,1,0,0,0
"POINT (9.734211235000032 52.377612149000072)",Unfall 130737 (2017) Kat:2,130737,2,1,0,06,01,6,0,,1,1,0,0
"POINT (9.702257874000054 52.328906227000061)",Unfall 130775 (2017) Kat:3,130775,3,3,5,06,07,5,0,,1,1,0,0
"POINT (9.811970574000043 52.301680893000082)",Unfall 130776 (2017) Kat:3,130776,3,6,2,06,07,5,0,,0,1,0,1
"POINT (9.773424593000073 52.350707665000073)",Unfall 130777 (2017) Kat:3,130777,3,2,0,06,07,5,0,,1,1,0,0
"POINT (9.791582879000032 52.403249601000027)",Unfall 130778 (2017) Kat:3,130778,3,2,5,06,09,5,0,,1,1,0,0
"POINT (9.750423277000039 52.375247569000067)",Unfall 130779 (2017) Kat:3,130779,3,6,2,06,16,5,0,,0,1,0,0
"POINT (9.555649631000051 52.204272167000056)",Unfall 130780 (2017) Kat:3,130780,3,3,5,06,07,5,0,,1,1,0,0
"POINT (9.980691818000025 52.375394257000039)",Unfall 130781 (2017) Kat:3,130781,3,3,5,06,12,5,0,,1,1,0,0
"POINT (9.720690375000061 52.436280276000048)",Unfall 130782 (2017) Kat:3,130782,3,6,4,06,15,5,0,,1,0,0,0
"POINT (9.731672248000052 52.370955168000080)",Unfall 130783 (2017) Kat:3,130783,3,3,5,06,10,5,0,,1,0,0,0
"POINT (9.687435506000043 52.364778042000069)",Unfall 130784 (2017) Kat:2,130784,2,7,0,06,06,5,0,,0,1,0,1
"POINT (9.787293494000039 52.348639810000066)",Unfall 130816 (2017) Kat:3,130816,3,7,0,06,06,6,0,,1,0,1,0
"POINT (9.746862209000028 52.392661964000069)",Unfall 130817 (2017) Kat:3,130817,3,2,5,06,12,6,0,,1,1,0,0
"POINT (9.750549734000060 52.379827533000082)",Unfall 130818 (2017) Kat:3,130818,3,7,3,06,08,6,0,,1,1,0,0
"POINT (9.693285905000039 52.364746085000036)",Unfall 130819 (2017) Kat:3,130819,3,1,0,06,16,6,0,,1,0,0,0
"POINT (9.729861569000036 52.548914405000062)",Unfall 130820 (2017) Kat:3,130820,3,3,0,06,10,6,0,,1,1,0,0
"POINT (9.705186736000030 52.435998554000037)",Unfall 130821 (2017) Kat:3,130821,3,3,5,06,08,6,0,,1,0,0,0
"POINT (9.775043570000037 52.401773430000048)",Unfall 130822 (2017) Kat:3,130822,3,3,5,06,21,6,0,,0,1,0,0
"POINT (9.789955108000072 52.414586490000033)",Unfall 130823 (2017) Kat:3,130823,3,4,6,06,13,6,0,,0,1,1,0
"POINT (9.691937946000053 52.351938503000042)",Unfall 130824 (2017) Kat:3,130824,3,5,1,06,14,6,0,,0,1,0,0
"POINT (9.693576836000034 52.338106061000076)",Unfall 130857 (2017) Kat:3,130857,3,3,5,06,13,5,0,,0,1,0,0
"POINT (9.733496592000051 52.362187776000042)",Unfall 130858 (2017) Kat:3,130858,3,6,2,06,13,5,0,,0,1,0,0
"POINT (9.750966402000074 52.348367216000042)",Unfall 130859 (2017) Kat:3,130859,3,3,5,06,09,5,0,,0,1,0,1
"POINT (9.832173894000050 52.347173897000062)",Unfall 130860 (2017) Kat:3,130860,3,1,4,06,12,5,0,,1,1,0,0
"POINT (9.753610320000064 52.381459582000048)",Unfall 130861 (2017) Kat:3,130861,3,7,8,06,14,5,0,,0,1,0,0
"POINT (9.728469717000053 52.377910255000074)",Unfall 130862 (2017) Kat:3,130862,3,3,0,06,21,5,1,,0,1,0,0
"POINT (9.619952194000064 52.435800703000041)",Unfall 130863 (2017) Kat:3,130863,3,6,2,06,08,5,0,,0,1,0,0
"POINT (9.724431307000032 52.550329193000039)",Unfall 130864 (2017) Kat:3,130864,3,3,5,06,19,5,1,,1,1,0,0
"POINT (10.017777188000025 52.441796677000070)",Unfall 130865 (2017) Kat:3,130865,3,7,0,06,14,5,0,,0,0,0,1
"POINT (9.744634751000035 52.395168970000043)",Unfall 130866 (2017) Kat:3,130866,3,2,5,06,10,5,0,,1,1,0,0
"POINT (9.747875357000055 52.395241879000082)",Unfall 130867 (2017) Kat:3,130867,3,2,5,06,07,5,0,,1,1,0,0
"POINT (9.751836446000027 52.386049984000067)",Unfall 130868 (2017) Kat:2,130868,2,3,5,06,08,5,0,,1,0,0,0
"POINT (9.755464269000072 52.355605623000031)",Unfall 130898 (2017) Kat:3,130898,3,7,0,06,10,4,0,,0,1,0,0
"POINT (9.980170916000077 52.370718363000037)",Unfall 130899 (2017) Kat:3,130899,3,2,3,06,13,4,0,,1,0,0,0
"POINT (9.713811455000041 52.371269839000036)",Unfall 130900 (2017) Kat:3,130900,3,3,0,06,09,4,0,,1,0,0,1
"POINT (9.774674002000040 52.363897446000067)",Unfall 130901 (2017) Kat:3,130901,3,3,5,06,12,4,0,,1,1,0,0
"POINT (9.696192265000036 52.393376008000075)",Unfall 130902 (2017) Kat:3,130902,3,6,4,06,11,4,0,,1,0,0,0
"POINT (9.795782407000047 52.375545253000041)",Unfall 130930 (2017) Kat:3,130930,3,2,2,06,16,3,0,,0,1,0,0
"POINT (9.855629328000021 52.393185385000038)",Unfall 130931 (2017) Kat:3,130931,3,3,5,06,16,3,0,,1,1,0,0
"POINT (9.751873120000028 52.392647912000029)",Unfall 130932 (2017) Kat:3,130932,3,2,6,06,19,3,0,,1,0,1,0
"POINT (9.744888346000039 52.374708476000080)",Unfall 130933 (2017) Kat:3,130933,3,2,5,06,14,3,0,,1,1,0,0
"POINT (9.692694050000057 52.396664764000036)",Unfall 130934 (2017) Kat:3,130934,3,3,5,06,13,3,0,,1,1,0,0
"POINT (9.799007708000033 52.376516778000052)",Unfall 130935 (2017) Kat:3,130935,3,3,5,06,05,3,0,,1,0,0,0
"POINT (9.641714180000065 52.416179601000067)",Unfall 130959 (2017) Kat:3,130959,3,6,2,06,15,2,0,,0,1,0,0
"POINT (9.685277279000047 52.394693418000031)",Unfall 130960 (2017) Kat:3,130960,3,3,5,06,10,2,0,,1,1,0,0
"POINT (9.818990403000043 52.348068142000045)",Unfall 130961 (2017) Kat:3,130961,3,5,5,06,22,2,0,,0,1,0,0
"POINT (9.720769733000054 52.390120127000046)",Unfall 130962 (2017) Kat:3,130962,3,5,1,06,09,2,0,,1,1,0,0
"POINT (9.762298620000024 52.410288863000062)",Unfall 130963 (2017) Kat:3,130963,3,7,0,06,18,2,0,,1,0,0,0
"POINT (9.729144688000076 52.410785898000029)",Unfall 130964 (2017) Kat:3,130964,3,6,2,06,15,2,0,,1,0,0,0
"POINT (9.854318948000071 52.391485543000044)",Unfall 130987 (2017) Kat:3,130987,3,7,0,06,16,1,0,,1,0,0,0
"POINT (9.735161364000021 52.380394067000054)",Unfall 130988 (2017) Kat:3,130988,3,1,8,06,05,1,0,,0,1,0,0
"POINT (9.724377317000062 52.345981895000079)",Unfall 131005 (2017) Kat:3,131005,3,5,3,06,17,7,0,,0,1,0,0
"POINT (9.717073169000059 52.344901338000057)",Unfall 131006 (2017) Kat:3,131006,3,2,5,06,19,7,0,,1,1,0,0
"POINT (9.815265440000076 52.360804251000047)",Unfall 131007 (2017) Kat:3,131007,3,7,6,06,14,7,0,,0,1,1,0
"POINT (9.731981898000072 52.547648669000068)",Unfall 131008 (2017) Kat:3,131008,3,3,0,06,07,7,0,,1,1,0,0
"POINT (9.542697250000060 52.208601041000065)",Unfall 131009 (2017) Kat:2,131009,2,5,1,06,20,7,0,,0,0,0,1
"POINT (9.702377220000074 52.328911526000070)",Unfall 131036 (2017) Kat:3,131036,3,3,5,06,16,6,1,,1,1,0,0
"POINT (9.719974777000061 52.373540206000030)",Unfall 131037 (2017) Kat:3,131037,3,1,0,06,16,6,1,,1,0,0,0
"POINT (9.755694327000072 52.376340104000064)",Unfall 131038 (2017) Kat:3,131038,3,6,4,06,13,6,0,,1,1,0,0
"POINT (9.722225532000039 52.385736012000052)",Unfall 131039 (2017) Kat:2,131039,2,3,5,06,21,6,1,,0,1,0,1
"POINT (9.737307384000076 52.399156820000030)",Unfall 131040 (2017) Kat:3,131040,3,1,5,06,17,6,1,,0,1,0,1
"POINT (9.826626583000063 52.289614405000066)",Unfall 131041 (2017) Kat:2,131041,2,3,5,06,16,6,1,,0,1,0,0
"POINT (9.803438509000046 52.411177361000057)",Unfall 131042 (2017) Kat:3,131042,3,3,5,06,15,6,0,,1,1,0,0
"POINT (9.829195136000067 52.399504138000054)",Unfall 131043 (2017) Kat:3,131043,3,1,0,06,13,6,0,,0,0,0,1
"POINT (9.717101818000060 52.341777303000072)",Unfall 131075 (2017) Kat:3,131075,3,2,4,06,11,5,1,,0,1,0,0
"POINT (9.717268851000029 52.346362408000061)",Unfall 131076 (2017) Kat:3,131076,3,6,4,06,08,5,1,,0,1,0,1
"POINT (9.804233851000049 52.391233390000082)",Unfall 131077 (2017) Kat:3,131077,3,2,2,06,08,5,1,,1,1,0,0
"POINT (9.728515219000030 52.377923026000076)",Unfall 131086 (2017) Kat:3,131086,3,6,2,06,10,7,0,,0,1,0,0
"POINT (9.723420446000034 52.361149668000053)",Unfall 131105 (2017) Kat:3,131105,3,3,5,06,12,6,0,,1,1,0,0
"POINT (9.764787809000040 52.357262667000043)",Unfall 131106 (2017) Kat:3,131106,3,6,2,06,16,6,0,,0,1,0,0
"POINT (9.729790373000071 52.398316079000040)",Unfall 131107 (2017) Kat:3,131107,3,3,5,06,16,6,0,,0,1,0,0
"POINT (9.748816627000053 52.389006843000061)",Unfall 131108 (2017) Kat:3,131108,3,3,5,06,23,6,0,,1,1,0,0
"POINT (9.794177714000057 52.350816435000070)",Unfall 131109 (2017) Kat:3,131109,3,6,3,06,16,6,0,,0,1,0,1
"POINT (9.765603628000065 52.338245168000071)",Unfall 131110 (2017) Kat:3,131110,3,3,5,06,14,6,0,,1,1,0,0
"POINT (9.728392948000021 52.377888707000068)",Unfall 131111 (2017) Kat:3,131111,3,2,0,06,10,6,0,,0,1,0,1
"POINT (9.366195587000050 52.459208796000041)",Unfall 131137 (2017) Kat:3,131137,3,6,3,06,20,5,1,,1,0,0,0
"POINT (9.597870066000041 52.420644146000029)",Unfall 131138 (2017) Kat:3,131138,3,3,5,06,14,5,0,,0,1,0,0
"POINT (9.737771891000023 52.440404246000071)",Unfall 131139 (2017) Kat:3,131139,3,2,5,06,14,5,0,,1,1,0,0
"POINT (9.723384097000064 52.428339078000079)",Unfall 131140 (2017) Kat:3,131140,3,3,5,06,13,5,0,,1,1,0,0
"POINT (9.804566620000060 52.330585660000054)",Unfall 131141 (2017) Kat:3,131141,3,2,5,06,22,5,1,,0,1,0,0
"POINT (9.693830477000063 52.400951738000060)",Unfall 131142 (2017) Kat:3,131142,3,2,5,06,16,5,0,,0,1,0,1
"POINT (9.760713730000077 52.369331376000048)",Unfall 131143 (2017) Kat:2,131143,2,2,5,06,07,5,0,,1,1,0,0
"POINT (9.715901891000044 52.362216798000077)",Unfall 131175 (2017) Kat:3,131175,3,6,3,06,21,4,0,,0,1,0,0
"POINT (9.813459613000021 52.298586493000073)",Unfall 131176 (2017) Kat:3,131176,3,7,0,06,18,4,0,,1,0,0,0
"POINT (9.793360518000043 52.393607854000038)",Unfall 131177 (2017) Kat:3,131177,3,6,2,06,14,4,0,,0,1,0,0
"POINT (9.830946176000055 52.390034862000050)",Unfall 131178 (2017) Kat:3,131178,3,5,1,06,18,4,0,,1,0,0,0
"POINT (9.756527097000060 52.420408791000057)",Unfall 131179 (2017) Kat:3,131179,3,3,5,06,08,4,0,,1,1,0,0
"POINT (9.767381733000036 52.396358630000066)",Unfall 131180 (2017) Kat:3,131180,3,2,5,06,09,4,0,,1,1,0,0
"POINT (9.651250295000068 52.321095515000081)",Unfall 131181 (2017) Kat:3,131181,3,6,4,06,08,4,0,,1,1,0,0
"POINT (9.762393912000050 52.380484054000078)",Unfall 131182 (2017) Kat:3,131182,3,6,2,06,16,4,0,,0,1,0,0
"POINT (9.762456307000036 52.335623996000038)",Unfall 131183 (2017) Kat:3,131183,3,2,5,06,07,4,0,,1,1,0,0
"POINT (9.784069690000024 52.398296028000061)",Unfall 131184 (2017) Kat:3,131184,3,2,5,06,08,4,0,,0,1,0,0
"POINT (9.760661166000034 52.395920681000064)",Unfall 131185 (2017) Kat:3,131185,3,2,5,06,08,4,0,,1,1,0,0
"POINT (9.675401724000039 52.400314027000036)",Unfall 131228 (2017) Kat:3,131228,3,7,3,06,16,3,0,,1,1,0,0
"POINT (9.786873612000022 52.335215860000062)",Unfall 131229 (2017) Kat:3,131229,3,2,4,06,09,3,0,,1,1,0,0
"POINT (9.757555854000032 52.374199530000055)",Unfall 131230 (2017) Kat:3,131230,3,5,1,06,16,3,0,,1,1,0,0
"POINT (9.728347775000032 52.376645051000082)",Unfall 131231 (2017) Kat:3,131231,3,3,5,06,07,3,0,,1,1,0,0
"POINT (9.750765123000065 52.264921069000081)",Unfall 131232 (2017) Kat:3,131232,3,3,5,06,17,3,0,,1,1,0,0
"POINT (9.703110192000054 52.368704991000072)",Unfall 131233 (2017) Kat:3,131233,3,3,5,06,11,3,0,,1,1,0,0
"POINT (9.745079790000034 52.381525805000081)",Unfall 131234 (2017) Kat:3,131234,3,5,1,06,16,3,0,,1,1,0,0
"POINT (9.692424965000043 52.398117091000074)",Unfall 131272 (2017) Kat:3,131272,3,2,3,06,18,2,0,,1,1,0,0
"POINT (9.711824162000028 52.372831630000064)",Unfall 131273 (2017) Kat:3,131273,3,7,0,06,18,2,0,,1,0,0,0
"POINT (9.689729465000028 52.364666173000046)",Unfall 131274 (2017) Kat:3,131274,3,6,2,06,15,2,0,,0,1,0,0
"POINT (9.755850069000076 52.377727384000082)",Unfall 131275 (2017) Kat:3,131275,3,2,5,06,16,2,0,,0,1,0,1
"POINT (9.656017322000025 52.166690608000067)",Unfall 131276 (2017) Kat:3,131276,3,5,1,06,12,2,0,,0,1,0,0
"POINT (9.798570888000029 52.405462643000078)",Unfall 131277 (2017) Kat:2,131277,2,3,5,06,18,2,0,,1,0,0,0
"POINT (9.771372662000033 52.354090642000074)",Unfall 131278 (2017) Kat:3,131278,3,1,0,06,12,2,0,,1,0,0,0
"POINT (9.599342489000037 52.316713432000029)",Unfall 131279 (2017) Kat:2,131279,2,3,5,06,13,2,0,,0,1,0,1
"POINT (9.761590560000059 52.379733306000048)",Unfall 131280 (2017) Kat:3,131280,3,3,5,06,09,2,0,,0,1,0,0
"POINT (9.709421724000038 52.343903111000031)",Unfall 131281 (2017) Kat:3,131281,3,3,5,06,06,2,0,,0,1,0,0
"POINT (9.597374031000072 52.314323623000064)",Unfall 131303 (2017) Kat:2,131303,2,5,1,06,17,1,0,,1,1,0,0
"POINT (9.799545567000052 52.434591633000082)",Unfall 131304 (2017) Kat:3,131304,3,1,7,06,09,1,0,,0,1,0,0
"POINT (9.831000029000052 52.285804965000068)",Unfall 131318 (2017) Kat:3,131318,3,3,5,06,23,7,0,,0,1,0,0
"POINT (9.809697311000036 52.391437367000037)",Unfall 131319 (2017) Kat:3,131319,3,5,0,06,13,7,0,,1,1,0,0
"POINT (9.730496162000065 52.381199063000054)",Unfall 131320 (2017) Kat:3,131320,3,1,0,06,01,7,0,,1,0,0,0
"POINT (9.670132997000053 52.409188624000080)",Unfall 131321 (2017) Kat:3,131321,3,4,6,06,19,7,0,,0,1,1,0
"POINT (9.740629181000031 52.364802793000081)",Unfall 131322 (2017) Kat:3,131322,3,4,6,06,18,7,0,,1,0,1,0
"POINT (9.683484689000068 52.395387161000031)",Unfall 131348 (2017) Kat:3,131348,3,5,1,06,12,6,0,,1,1,0,0
"POINT (9.717395508000038 52.354410093000070)",Unfall 131349 (2017) Kat:3,131349,3,3,5,06,10,6,0,,1,1,0,0
"POINT (9.696656997000048 52.391513039000074)",Unfall 131351 (2017) Kat:3,131351,3,7,0,07,19,3,0,,0,0,0,1
"POINT (9.731938824000054 52.396669709000037)",Unfall 131352 (2017) Kat:3,131352,3,7,6,07,18,3,0,,1,0,1,0
"POINT (9.980263534000073 52.326147953000032)",Unfall 131353 (2017) Kat:2,131353,2,1,8,07,20,3,0,,0,0,0,1
"POINT (9.908107283000049 52.368635927000071)",Unfall 131354 (2017) Kat:3,131354,3,5,1,07,15,3,0,,1,1,0,0
"POINT (10.259734917000060 52.456573699000046)",Unfall 131355 (2017) Kat:3,131355,3,1,0,07,21,3,0,,1,0,0,0
"POINT (9.761296247000075 52.379999803000032)",Unfall 131356 (2017) Kat:3,131356,3,3,5,07,12,3,0,,0,1,0,0
"POINT (9.729687730000023 52.355525622000073)",Unfall 131357 (2017) Kat:3,131357,3,3,5,07,08,3,0,,1,1,0,0
"POINT (9.722295878000068 52.378252274000033)",Unfall 131380 (2017) Kat:3,131380,3,6,0,07,19,2,0,,0,1,0,1
"POINT (9.670597419000046 52.355425280000077)",Unfall 131381 (2017) Kat:3,131381,3,6,3,07,11,2,0,,1,1,0,0
"POINT (9.793361305000076 52.402613387000031)",Unfall 131382 (2017) Kat:3,131382,3,3,5,07,12,2,0,,0,1,0,0
"POINT (9.782557239000028 52.401150617000042)",Unfall 131383 (2017) Kat:3,131383,3,1,0,07,19,2,0,,1,0,0,0
"POINT (9.675720037000076 52.159751132000054)",Unfall 131384 (2017) Kat:3,131384,3,7,9,07,08,2,0,,0,1,0,0
"POINT (9.742515847000050 52.435680938000075)",Unfall 131385 (2017) Kat:3,131385,3,3,5,07,04,2,0,,1,1,0,0
"POINT (9.755472711000039 52.368684384000062)",Unfall 131386 (2017) Kat:2,131386,2,7,0,07,06,2,0,,1,0,0,0
"POINT (9.791270671000063 52.342604633000064)",Unfall 131387 (2017) Kat:3,131387,3,2,2,07,12,2,0,,1,0,0,0
"POINT (9.707708774000025 52.374192839000045)",Unfall 131388 (2017) Kat:2,131388,2,2,5,07,15,2,0,,1,1,0,0
"POINT (9.692422968000074 52.398072328000069)",Unfall 131389 (2017) Kat:3,131389,3,2,5,07,13,2,0,,1,1,0,0
"POINT (9.744343979000064 52.358811332000073)",Unfall 131408 (2017) Kat:3,131408,3,3,5,07,11,1,0,,0,1,0,0
"POINT (9.860351588000071 52.362946852000050)",Unfall 131409 (2017) Kat:3,131409,3,1,0,07,14,1,1,,0,0,0,1
"POINT (9.666224163000038 52.380157678000046)",Unfall 131410 (2017) Kat:3,131410,3,1,8,07,12,1,0,,0,0,0,1
"POINT (9.710889044000055 52.359363032000033)",Unfall 131424 (2017) Kat:3,131424,3,2,5,07,14,7,0,,0,1,0,0
"POINT (9.668103499000040 52.364792997000052)",Unfall 131425 (2017) Kat:2,131425,2,7,6,07,13,7,1,,0,1,1,0
"POINT (9.781058742000028 52.400205784000036)",Unfall 131426 (2017) Kat:3,131426,3,2,4,07,20,7,1,,0,1,0,0
"POINT (9.768656615000054 52.399144772000056)",Unfall 131427 (2017) Kat:3,131427,3,5,1,07,13,7,1,,0,1,0,0
"POINT (9.781061992000048 52.400298379000048)",Unfall 131428 (2017) Kat:3,131428,3,4,6,07,12,7,1,,0,1,1,0
"POINT (9.455438726000068 52.509740617000034)",Unfall 131429 (2017) Kat:3,131429,3,6,3,07,21,7,0,,1,1,0,0
"POINT (9.684515774000033 52.393330882000043)",Unfall 131456 (2017) Kat:3,131456,3,3,5,06,16,6,0,,1,1,0,0
"POINT (9.700733180000043 52.375461753000081)",Unfall 131457 (2017) Kat:3,131457,3,2,2,06,11,6,0,,0,1,0,0
"POINT (9.408916853000051 52.429095351000058)",Unfall 131458 (2017) Kat:3,131458,3,1,9,06,22,6,1,,0,1,0,0
"POINT (9.666849234000040 52.319393910000031)",Unfall 131459 (2017) Kat:3,131459,3,7,0,06,18,6,0,,0,1,1,0
"POINT (9.732761248000031 52.546702897000046)",Unfall 131460 (2017) Kat:3,131460,3,3,5,06,17,6,0,,1,1,0,0
"POINT (9.742833671000028 52.460254876000079)",Unfall 131461 (2017) Kat:3,131461,3,5,1,06,09,6,0,,0,1,0,0
"POINT (9.360621621000064 52.450365879000060)",Unfall 131462 (2017) Kat:3,131462,3,7,0,06,15,6,0,,1,0,0,0
"POINT (9.753017291000049 52.363099378000072)",Unfall 131490 (2017) Kat:3,131490,3,7,6,06,20,5,1,,0,1,1,0
"POINT (9.753633146000027 52.355369688000053)",Unfall 131491 (2017) Kat:3,131491,3,6,2,06,10,5,0,,0,1,0,0
"POINT (9.791835903000049 52.334967107000068)",Unfall 131492 (2017) Kat:3,131492,3,3,5,06,13,5,0,,1,1,0,0
"POINT (9.462347975000057 52.507679668000037)",Unfall 131493 (2017) Kat:3,131493,3,1,0,06,20,5,1,,0,0,0,1
"POINT (9.602455449000047 52.417032168000048)",Unfall 131494 (2017) Kat:3,131494,3,2,4,06,18,5,1,,0,1,0,0
"POINT (9.735804633000043 52.516782168000077)",Unfall 131495 (2017) Kat:3,131495,3,3,5,06,14,5,0,,1,1,0,0
"POINT (9.737482951000061 52.381689578000078)",Unfall 131496 (2017) Kat:3,131496,3,3,5,06,11,5,0,,1,0,0,0
"POINT (9.661029954000071 52.405571204000069)",Unfall 131520 (2017) Kat:3,131520,3,5,0,06,16,4,1,,0,1,0,0
"POINT (9.789917381000066 52.395668936000050)",Unfall 131521 (2017) Kat:3,131521,3,1,8,06,13,4,1,,0,1,0,0
"POINT (9.756383277000055 52.390653788000066)",Unfall 131522 (2017) Kat:3,131522,3,6,2,06,16,4,1,,0,1,0,0
"POINT (9.763153967000051 52.395164931000068)",Unfall 131523 (2017) Kat:3,131523,3,2,5,06,10,4,0,,1,0,0,0
"POINT (9.777818563000039 52.399197614000059)",Unfall 131524 (2017) Kat:3,131524,3,6,3,06,00,4,0,,1,1,0,0
"POINT (9.749227565000069 52.374707252000064)",Unfall 131525 (2017) Kat:3,131525,3,6,2,06,17,4,1,,0,1,0,0
"POINT (9.732794089000038 52.375588449000077)",Unfall 131526 (2017) Kat:3,131526,3,7,0,06,17,4,0,,1,1,0,0
"POINT (9.754906861000052 52.434792358000038)",Unfall 131527 (2017) Kat:3,131527,3,2,5,06,10,4,0,,0,1,0,0
"POINT (9.754194239000071 52.379501768000068)",Unfall 131528 (2017) Kat:2,131528,2,4,6,06,20,4,0,,1,0,1,0
"POINT (9.706891446000043 52.370129953000060)",Unfall 131529 (2017) Kat:3,131529,3,2,5,06,16,4,1,,0,1,0,0
"POINT (9.809092063000037 52.385602246000076)",Unfall 131530 (2017) Kat:3,131530,3,1,9,06,14,4,1,,0,1,0,0
"POINT (9.751673265000022 52.371162137000056)",Unfall 131531 (2017) Kat:3,131531,3,6,2,06,17,4,0,,0,1,0,0
"POINT (9.706244187000038 52.372692401000052)",Unfall 131560 (2017) Kat:3,131560,3,3,5,06,15,3,0,,1,1,0,0
"POINT (9.475762925000026 52.303718172000060)",Unfall 131561 (2017) Kat:3,131561,3,3,5,06,19,3,1,,0,1,0,0
"POINT (9.959071564000055 52.362315471000045)",Unfall 131562 (2017) Kat:2,131562,2,3,5,06,18,3,0,,1,1,0,0
"POINT (9.738968702000022 52.372108928000046)",Unfall 131563 (2017) Kat:2,131563,2,2,6,06,10,3,0,,0,1,1,0
"POINT (9.705032553000024 52.346220547000030)",Unfall 131597 (2017) Kat:3,131597,3,3,5,06,17,2,0,,1,0,0,0
"POINT (9.753356704000055 52.369698422000056)",Unfall 131598 (2017) Kat:3,131598,3,4,6,06,16,2,0,,0,1,1,0
"POINT (9.834459389000074 52.338216322000051)",Unfall 131599 (2017) Kat:3,131599,3,7,0,06,17,2,0,,1,0,0,0
"POINT (9.745280232000027 52.395250175000058)",Unfall 131600 (2017) Kat:3,131600,3,6,2,06,13,2,0,,0,1,0,0
"POINT (9.732264029000021 52.376664964000042)",Unfall 131601 (2017) Kat:3,131601,3,3,5,06,13,2,0,,1,1,0,0
"POINT (9.712736917000029 52.368968858000073)",Unfall 131613 (2017) Kat:3,131613,3,3,5,06,14,1,0,,1,1,0,0
"POINT (9.763035890000026 52.336700885000027)",Unfall 131614 (2017) Kat:3,131614,3,2,4,06,17,1,0,,1,1,0,0
"POINT (9.670543984000062 52.340435129000070)",Unfall 131615 (2017) Kat:3,131615,3,5,1,06,12,1,0,,1,1,0,0
"POINT (9.739329686000076 52.429919586000040)",Unfall 131616 (2017) Kat:3,131616,3,3,5,06,18,1,1,,0,1,0,0
"POINT (9.748038308000048 52.433891550000055)",Unfall 131617 (2017) Kat:3,131617,3,3,5,06,09,1,1,,0,1,0,0
"POINT (9.648965629000031 52.439467170000057)",Unfall 131618 (2017) Kat:3,131618,3,7,8,06,06,1,0,,0,1,0,0
"POINT (9.727751939000029 52.373966671000062)",Unfall 131619 (2017) Kat:3,131619,3,7,0,06,10,1,1,,1,1,0,0
"POINT (9.718140531000074 52.414661654000042)",Unfall 131624 (2017) Kat:3,131624,3,5,1,07,18,1,0,,1,0,0,0
"POINT (9.724426275000042 52.345840732000056)",Unfall 131631 (2017) Kat:3,131631,3,5,1,07,16,7,0,,0,1,0,0
"POINT (9.807526168000038 52.379123196000080)",Unfall 131632 (2017) Kat:3,131632,3,7,0,07,20,7,0,,1,0,0,0
"POINT (9.781576858000051 52.414983595000081)",Unfall 131633 (2017) Kat:3,131633,3,7,0,07,10,7,0,,0,0,0,0
"POINT (9.745680874000072 52.372873248000076)",Unfall 131649 (2017) Kat:3,131649,3,7,0,07,11,6,0,,0,1,0,0
"POINT (9.416493206000041 52.322515052000028)",Unfall 131650 (2017) Kat:3,131650,3,1,0,07,18,6,1,,0,0,0,1
"POINT (10.018681621000042 52.453821418000075)",Unfall 131651 (2017) Kat:3,131651,3,6,2,07,18,6,0,,1,0,0,0
"POINT (9.739072164000049 52.382535303000054)",Unfall 131652 (2017) Kat:3,131652,3,3,5,07,22,6,0,,0,1,0,0
"POINT (9.753300823000075 52.369771184000058)",Unfall 131674 (2017) Kat:3,131674,3,5,1,07,11,5,0,,0,1,0,0
"POINT (9.721950166000056 52.387160547000065)",Unfall 131675 (2017) Kat:3,131675,3,3,5,07,16,5,0,,1,1,0,0
"POINT (9.753669266000031 52.390423321000071)",Unfall 131676 (2017) Kat:3,131676,3,6,4,07,22,5,0,,0,1,0,0
"POINT (9.425165067000023 52.433292989000051)",Unfall 131677 (2017) Kat:3,131677,3,1,0,07,15,5,0,,1,0,0,0
"POINT (9.425051995000047 52.424492866000037)",Unfall 131678 (2017) Kat:3,131678,3,3,5,07,10,5,0,,0,1,0,1
"POINT (9.719922564000058 52.391638958000044)",Unfall 131679 (2017) Kat:3,131679,3,3,5,07,15,5,0,,1,1,0,0
"POINT (9.739190488000077 52.373783123000067)",Unfall 131680 (2017) Kat:3,131680,3,7,0,07,12,5,0,,1,0,0,0
"POINT (9.716775441000038 52.337246825000079)",Unfall 131696 (2017) Kat:3,131696,3,2,5,07,15,4,1,,1,1,0,0
"POINT (9.804182330000060 52.378956063000032)",Unfall 131697 (2017) Kat:3,131697,3,3,5,07,16,4,1,,0,1,0,0
"POINT (9.817886250000072 52.355589067000039)",Unfall 131698 (2017) Kat:3,131698,3,5,1,07,15,4,1,,0,1,0,0
"POINT (9.827987938000035 52.426975569000035)",Unfall 131699 (2017) Kat:3,131699,3,2,6,07,11,4,1,,0,1,1,0
"POINT (9.735286709000036 52.391464867000082)",Unfall 131700 (2017) Kat:3,131700,3,3,5,07,15,4,1,,0,1,0,1
"POINT (9.750585589000025 52.375893651000069)",Unfall 131701 (2017) Kat:3,131701,3,6,2,07,11,4,1,,0,1,0,0
"POINT (9.689730364000070 52.364706353000031)",Unfall 131702 (2017) Kat:2,131702,2,3,5,07,10,4,1,,1,1,0,0
"POINT (9.717901188000042 52.331285080000043)",Unfall 131713 (2017) Kat:3,131713,3,6,4,07,18,3,0,,0,1,0,0
"POINT (9.746237831000030 52.354328448000047)",Unfall 131714 (2017) Kat:3,131714,3,2,5,07,16,3,0,,1,1,0,0
"POINT (9.819377169000063 52.429289335000078)",Unfall 131715 (2017) Kat:3,131715,3,3,5,07,09,3,0,,1,1,0,0
"POINT (9.673603517000061 52.365297424000062)",Unfall 131742 (2017) Kat:3,131742,3,6,2,07,15,2,1,,0,1,0,0
"POINT (9.806982493000021 52.388744532000032)",Unfall 131743 (2017) Kat:3,131743,3,6,2,07,14,2,1,,0,1,0,0
"POINT (9.444865629000049 52.427888291000045)",Unfall 131744 (2017) Kat:3,131744,3,3,5,07,17,2,1,,0,1,0,0
"POINT (9.980879931000061 52.388018517000035)",Unfall 131745 (2017) Kat:3,131745,3,7,0,07,08,2,1,,1,0,0,0
"POINT (9.750216947000070 52.363847486000054)",Unfall 131746 (2017) Kat:3,131746,3,7,0,07,18,2,0,,1,0,0,0
"POINT (9.717619960000036 52.356480844000032)",Unfall 131747 (2017) Kat:2,131747,2,1,0,07,14,2,1,,1,0,0,0
"POINT (9.702073586000040 52.329055021000045)",Unfall 131768 (2017) Kat:3,131768,3,1,0,07,11,1,0,,1,0,0,0
"POINT (9.721082440000032 52.390488657000049)",Unfall 131769 (2017) Kat:3,131769,3,1,0,07,14,1,0,,1,0,0,0
"POINT (10.115628054000069 52.477289657000028)",Unfall 131770 (2017) Kat:3,131770,3,7,7,07,00,1,0,,1,0,0,0
"POINT (9.815857529000027 52.289251189000026)",Unfall 131771 (2017) Kat:2,131771,2,3,5,07,19,1,0,,0,1,0,0
"POINT (9.381437642000037 52.459558449000042)",Unfall 131772 (2017) Kat:2,131772,2,7,0,07,15,1,0,,0,0,0,1
"POINT (9.729677663000075 52.355539089000047)",Unfall 131773 (2017) Kat:2,131773,2,3,5,07,14,1,0,,1,1,0,0
"POINT (9.856190787000060 52.397438663000059)",Unfall 131783 (2017) Kat:3,131783,3,6,4,07,12,7,0,,0,1,0,1
"POINT (9.821679670000037 52.334996625000031)",Unfall 131784 (2017) Kat:3,131784,3,6,4,07,13,7,0,,1,0,0,0
"POINT (9.762944729000026 52.410286465000070)",Unfall 131785 (2017) Kat:3,131785,3,2,5,07,18,7,0,,1,1,0,0
"POINT (9.740381481000043 52.361436340000068)",Unfall 131814 (2017) Kat:3,131814,3,7,0,07,11,6,0,,1,0,0,0
"POINT (9.818387889000064 52.299988443000075)",Unfall 131815 (2017) Kat:3,131815,3,6,2,07,12,6,0,,0,1,0,0
"POINT (9.744502635000060 52.391081646000032)",Unfall 131816 (2017) Kat:3,131816,3,7,8,07,15,6,0,,0,1,0,0
"POINT (9.732148595000069 52.371114282000065)",Unfall 131817 (2017) Kat:3,131817,3,5,0,07,11,6,0,,1,1,0,0
"POINT (9.479189211000062 52.462702804000060)",Unfall 131818 (2017) Kat:3,131818,3,6,6,07,19,6,0,,0,1,1,0
"POINT (9.742125996000027 52.449995939000075)",Unfall 131819 (2017) Kat:3,131819,3,6,2,07,18,6,0,,0,1,0,0
"POINT (9.754745109000055 52.434839944000032)",Unfall 131820 (2017) Kat:3,131820,3,3,5,07,04,6,0,,0,1,0,1
"POINT (9.744031711000048 52.372240082000076)",Unfall 131821 (2017) Kat:3,131821,3,7,0,07,17,6,0,,1,0,0,0
"POINT (9.761129276000077 52.365849768000032)",Unfall 131845 (2017) Kat:3,131845,3,3,5,07,13,5,0,,1,1,0,0
"POINT (9.738339318000044 52.381663589000027)",Unfall 131846 (2017) Kat:3,131846,3,6,2,07,15,5,0,,0,1,0,0
"POINT (9.739997102000075 52.397572297000067)",Unfall 131869 (2017) Kat:3,131869,3,3,5,07,12,4,0,,1,1,0,0
"POINT (9.742215764000036 52.437550443000077)",Unfall 131870 (2017) Kat:3,131870,3,2,2,07,10,4,0,,0,1,0,0
"POINT (9.600609287000054 52.446544787000050)",Unfall 131871 (2017) Kat:2,131871,2,7,8,07,12,4,0,,0,1,0,0
"POINT (9.728385290000063 52.374305272000072)",Unfall 131901 (2017) Kat:3,131901,3,1,0,07,17,5,0,,1,0,0,0
"POINT (9.964530723000053 52.391366289000075)",Unfall 131902 (2017) Kat:3,131902,3,6,4,07,18,5,0,,0,1,0,0
"POINT (9.976157808000039 52.377064821000033)",Unfall 131903 (2017) Kat:3,131903,3,7,5,07,16,5,0,,1,1,0,0
"POINT (9.734779136000043 52.480662519000077)",Unfall 131904 (2017) Kat:2,131904,2,3,5,07,09,5,0,,1,1,0,0
"POINT (9.763852265000026 52.398023256000045)",Unfall 131905 (2017) Kat:3,131905,3,2,5,07,09,5,0,,1,0,0,0
"POINT (9.728312677000076 52.358974482000065)",Unfall 131906 (2017) Kat:3,131906,3,3,5,07,08,5,1,,1,0,0,0
"POINT (9.728214361000028 52.374114252000027)",Unfall 131935 (2017) Kat:3,131935,3,2,0,07,13,4,0,,1,1,0,0
"POINT (9.838146050000034 52.338564906000045)",Unfall 131936 (2017) Kat:3,131936,3,3,5,07,15,4,0,,1,1,0,0
"POINT (9.738699361000045 52.443636988000037)",Unfall 131937 (2017) Kat:3,131937,3,5,1,07,15,4,0,,0,0,0,0
"POINT (10.008876255000075 52.446824155000058)",Unfall 131938 (2017) Kat:3,131938,3,4,0,07,16,4,0,,0,1,1,0
"POINT (9.751710374000027 52.386290977000044)",Unfall 131939 (2017) Kat:2,131939,2,5,1,07,18,4,0,,0,1,0,1
"POINT (9.717278903000022 52.346812584000077)",Unfall 131963 (2017) Kat:3,131963,3,6,2,07,20,3,1,,0,1,0,0
"POINT (9.710506114000054 52.371242270000039)",Unfall 131964 (2017) Kat:3,131964,3,3,5,07,16,3,1,,0,1,0,0
"POINT (9.738592111000060 52.381371666000064)",Unfall 131965 (2017) Kat:3,131965,3,3,5,07,19,3,1,,1,1,0,0
"POINT (9.709519027000056 52.361308234000035)",Unfall 131966 (2017) Kat:3,131966,3,3,5,07,11,3,1,,0,1,0,0
"POINT (9.736798595000039 52.376881765000064)",Unfall 131989 (2017) Kat:3,131989,3,2,4,07,14,2,1,,1,1,0,0
"POINT (10.005372780000073 52.448136763000036)",Unfall 131990 (2017) Kat:3,131990,3,7,6,07,09,2,0,,0,1,1,0
"POINT (9.735696921000056 52.376828102000047)",Unfall 131991 (2017) Kat:3,131991,3,1,0,07,10,2,1,,1,0,0,0
"POINT (9.847449867000023 52.272145801000079)",Unfall 132014 (2017) Kat:3,132014,3,1,9,07,02,1,0,,1,0,0,0
"POINT (9.363721745000021 52.460369369000034)",Unfall 132015 (2017) Kat:2,132015,2,7,0,07,14,1,0,,1,0,0,0
"POINT (9.742482863000021 52.358665476000056)",Unfall 132016 (2017) Kat:3,132016,3,2,5,07,16,1,0,,1,1,0,0
"POINT (9.728539845000057 52.394649961000027)",Unfall 132017 (2017) Kat:3,132017,3,3,5,07,03,1,0,,0,1,0,0
"POINT (9.716401750000046 52.382241540000052)",Unfall 132028 (2017) Kat:3,132028,3,3,5,07,12,7,1,,1,0,0,1
"POINT (9.741152328000055 52.378045099000076)",Unfall 132029 (2017) Kat:3,132029,3,6,6,07,01,7,0,,0,0,1,1
"POINT (9.600012885000069 52.440154395000036)",Unfall 132030 (2017) Kat:3,132030,3,3,5,07,17,7,0,,0,1,0,0
"POINT (9.698686058000021 52.439099729000077)",Unfall 132031 (2017) Kat:3,132031,3,3,5,07,01,7,0,,1,1,0,0
"POINT (9.733676740000021 52.379817410000044)",Unfall 132032 (2017) Kat:3,132032,3,3,5,07,17,7,0,,1,1,0,0
"POINT (9.683424123000066 52.413005461000068)",Unfall 132033 (2017) Kat:3,132033,3,5,1,07,15,7,0,,1,1,0,0
"POINT (9.766174719000048 52.381968455000049)",Unfall 132055 (2017) Kat:3,132055,3,6,4,07,15,6,0,,1,1,0,0
"POINT (9.593866304000073 52.399297751000063)",Unfall 132056 (2017) Kat:3,132056,3,5,1,07,18,6,0,,1,1,0,0
"POINT (9.462347975000057 52.507679668000037)",Unfall 132057 (2017) Kat:3,132057,3,3,5,07,11,6,0,,1,1,0,0
"POINT (9.733851121000043 52.369117780000067)",Unfall 132058 (2017) Kat:3,132058,3,1,0,07,15,6,0,,0,0,0,1
"POINT (9.757510735000039 52.361072200000081)",Unfall 132075 (2017) Kat:3,132075,3,4,6,07,22,5,0,,1,1,1,0
"POINT (9.769819271000074 52.365718132000040)",Unfall 132076 (2017) Kat:3,132076,3,6,2,07,12,5,1,,0,1,0,0
"POINT (9.746140977000039 52.395299335000061)",Unfall 132077 (2017) Kat:3,132077,3,4,6,07,16,5,0,,0,1,1,0
"POINT (9.382803871000021 52.457931877000078)",Unfall 132078 (2017) Kat:3,132078,3,7,7,07,17,5,0,,1,0,1,0
"POINT (9.747204556000042 52.324033163000081)",Unfall 132079 (2017) Kat:3,132079,3,3,5,07,10,5,1,,0,1,0,1
"POINT (9.658843725000054 52.406161767000071)",Unfall 132080 (2017) Kat:2,132080,2,3,5,07,16,5,0,,1,0,0,0
"POINT (9.722111282000071 52.417124863000026)",Unfall 132081 (2017) Kat:3,132081,3,7,0,07,08,5,0,,1,0,0,0
"POINT (9.738434520000055 52.363337028000046)",Unfall 132103 (2017) Kat:3,132103,3,3,5,07,12,4,0,,1,1,0,0
"POINT (9.831580081000027 52.284241873000042)",Unfall 132104 (2017) Kat:3,132104,3,5,1,07,07,4,0,,1,1,0,0
"POINT (9.765952403000028 52.341901659000030)",Unfall 132105 (2017) Kat:3,132105,3,4,6,07,06,4,0,,1,0,1,0
"POINT (9.744714273000056 52.387324545000070)",Unfall 132106 (2017) Kat:3,132106,3,5,1,07,16,4,0,,1,1,0,0
"POINT (9.730217820000064 52.380063904000053)",Unfall 132107 (2017) Kat:3,132107,3,4,6,07,15,4,0,,1,0,1,0
"POINT (9.732091221000076 52.344787126000028)",Unfall 132133 (2017) Kat:3,132133,3,5,1,07,20,3,0,,1,1,0,0
"POINT (9.782765844000039 52.373677169000075)",Unfall 132134 (2017) Kat:3,132134,3,1,0,07,22,3,0,,1,0,0,0
"POINT (9.761342560000060 52.379958496000029)",Unfall 132135 (2017) Kat:3,132135,3,3,5,07,18,3,0,,1,1,0,0
"POINT (9.628039698000066 52.431834436000031)",Unfall 132136 (2017) Kat:3,132136,3,5,3,07,13,3,0,,0,1,0,0
"POINT (9.782554345000051 52.373297617000048)",Unfall 132137 (2017) Kat:3,132137,3,3,5,07,19,3,0,,1,0,0,0
"POINT (9.693913571000053 52.399614100000065)",Unfall 132138 (2017) Kat:3,132138,3,2,6,07,17,3,0,,0,1,1,0
"POINT (9.617253255000037 52.417545032000078)",Unfall 132139 (2017) Kat:2,132139,2,6,2,07,16,3,0,,0,1,0,0
"POINT (9.799889658000041 52.376668126000027)",Unfall 132140 (2017) Kat:3,132140,3,2,5,07,17,3,0,,1,1,0,0
"POINT (9.690025920000039 52.392559798000036)",Unfall 132157 (2017) Kat:3,132157,3,3,5,07,09,2,1,,0,1,0,0
"POINT (9.606571865000035 52.410072915000057)",Unfall 132158 (2017) Kat:3,132158,3,5,1,07,17,2,0,,0,1,1,0
"POINT (9.947607474000051 52.380524585000046)",Unfall 132159 (2017) Kat:3,132159,3,6,4,07,17,2,0,,0,1,0,0
"POINT (9.768697564000036 52.356573729000047)",Unfall 132160 (2017) Kat:3,132160,3,2,5,07,13,2,0,,0,1,0,1
"POINT (9.693890721000059 52.400949012000069)",Unfall 132161 (2017) Kat:2,132161,2,2,4,07,13,2,0,,0,1,0,1
"POINT (9.729830694000043 52.410953042000074)",Unfall 132162 (2017) Kat:2,132162,2,1,0,07,22,2,0,,1,0,0,0
"POINT (10.015169272000037 52.436497614000075)",Unfall 132173 (2017) Kat:3,132173,3,2,0,07,07,5,0,,1,1,0,0
"POINT (9.737475542000027 52.381685324000046)",Unfall 132180 (2017) Kat:3,132180,3,3,5,07,10,6,0,,1,1,0,0
"POINT (9.692443255000057 52.398246495000080)",Unfall 132190 (2017) Kat:3,132190,3,6,2,08,12,7,1,,0,1,0,0
"POINT (9.772329263000074 52.350618664000081)",Unfall 132191 (2017) Kat:3,132191,3,2,6,08,19,7,0,,0,1,1,0
"POINT (9.771219431000077 52.330902310000056)",Unfall 132192 (2017) Kat:3,132192,3,7,1,08,02,7,0,,1,1,0,0
"POINT (9.596126189000074 52.310634393000043)",Unfall 132193 (2017) Kat:3,132193,3,7,0,08,13,7,1,,1,0,0,0
"POINT (9.624923587000069 52.430741727000054)",Unfall 132194 (2017) Kat:3,132194,3,6,2,08,16,7,1,,0,1,0,0
"POINT (9.806204414000035 52.431736206000039)",Unfall 132195 (2017) Kat:3,132195,3,5,4,08,12,7,1,,0,1,0,0
"POINT (9.733889326000053 52.362221976000058)",Unfall 132196 (2017) Kat:2,132196,2,1,0,08,10,7,1,,1,0,0,0
"POINT (9.615368522000040 52.419022739000070)",Unfall 132216 (2017) Kat:3,132216,3,5,1,08,14,6,0,,0,0,0,1
"POINT (9.719810063000068 52.375114754000037)",Unfall 132217 (2017) Kat:3,132217,3,3,5,08,08,6,0,,1,1,0,0
"POINT (9.697693073000039 52.376389584000037)",Unfall 132218 (2017) Kat:3,132218,3,6,2,08,14,6,0,,0,1,0,0
"POINT (9.753864769000074 52.386297390000038)",Unfall 132219 (2017) Kat:3,132219,3,6,2,08,19,6,0,,0,1,0,0
"POINT (9.688759075000064 52.363551759000075)",Unfall 132220 (2017) Kat:3,132220,3,2,5,08,14,6,0,,0,1,0,1
"POINT (9.746564489000036 52.381175338000048)",Unfall 132221 (2017) Kat:3,132221,3,3,0,08,12,6,0,,1,0,0,1
"POINT (9.768054575000065 52.378810725000051)",Unfall 132251 (2017) Kat:3,132251,3,6,2,08,16,5,0,,0,1,0,0
"POINT (9.743017253000062 52.396651025000040)",Unfall 132252 (2017) Kat:3,132252,3,2,4,08,08,5,1,,0,1,0,0
"POINT (9.736797211000067 52.371050368000056)",Unfall 132253 (2017) Kat:3,132253,3,1,2,08,19,5,0,,0,1,0,0
"POINT (9.735044453000057 52.380327969000064)",Unfall 132254 (2017) Kat:3,132254,3,2,3,08,18,5,0,,1,1,0,0
"POINT (9.748939514000028 52.376069367000071)",Unfall 132255 (2017) Kat:3,132255,3,5,1,08,15,5,0,,1,1,0,0
"POINT (9.685297382000044 52.396682562000080)",Unfall 132277 (2017) Kat:3,132277,3,1,8,08,02,4,0,,0,1,0,0
"POINT (9.749772407000023 52.376470969000081)",Unfall 132278 (2017) Kat:3,132278,3,2,2,08,19,4,0,,1,1,0,0
"POINT (9.378732301000071 52.455036780000057)",Unfall 132279 (2017) Kat:3,132279,3,3,5,08,14,4,0,,1,0,0,0
"POINT (9.732498557000042 52.327546710000036)",Unfall 132280 (2017) Kat:3,132280,3,3,0,08,18,4,0,,1,1,0,0
"POINT (9.667972713000040 52.339121295000041)",Unfall 132281 (2017) Kat:3,132281,3,1,0,08,13,4,0,,1,0,0,0
"POINT (9.765373438000040 52.418147603000079)",Unfall 132282 (2017) Kat:3,132282,3,7,8,08,14,4,0,,0,1,0,0
"POINT (9.770012016000067 52.383715492000078)",Unfall 132283 (2017) Kat:3,132283,3,1,0,08,13,4,0,,1,0,0,0
"POINT (9.754778882000039 52.389563812000063)",Unfall 132284 (2017) Kat:3,132284,3,2,5,08,13,4,0,,1,0,0,0
"POINT (9.696120043000065 52.341832205000060)",Unfall 132317 (2017) Kat:3,132317,3,1,0,08,13,3,0,,1,0,0,0
"POINT (9.762055343000043 52.370859006000046)",Unfall 132318 (2017) Kat:3,132318,3,3,5,08,20,3,0,,1,1,0,0
"POINT (9.732618900000034 52.388674516000037)",Unfall 132319 (2017) Kat:3,132319,3,6,2,08,18,3,1,,0,1,0,0
"POINT (9.599112263000052 52.420402819000060)",Unfall 132320 (2017) Kat:3,132320,3,3,5,08,12,3,1,,1,1,0,0
"POINT (9.973869414000035 52.375748715000043)",Unfall 132321 (2017) Kat:3,132321,3,7,0,08,15,3,0,,1,0,0,0
"POINT (9.802942504000043 52.401451678000058)",Unfall 132322 (2017) Kat:3,132322,3,3,5,08,22,3,0,,0,1,0,0
"POINT (9.830357536000065 52.424875395000072)",Unfall 132323 (2017) Kat:3,132323,3,3,5,08,12,3,0,,1,1,0,0
"POINT (9.672744735000038 52.398357741000041)",Unfall 132324 (2017) Kat:3,132324,3,2,5,08,09,3,0,,0,1,0,0
"POINT (9.798743482000077 52.385306588000049)",Unfall 132349 (2017) Kat:3,132349,3,3,5,07,06,2,0,,1,1,0,0
"POINT (9.460452519000057 52.502571218000071)",Unfall 132374 (2017) Kat:3,132374,3,1,0,07,21,1,0,,1,0,0,0
"POINT (9.733013640000024 52.375732331000052)",Unfall 132375 (2017) Kat:3,132375,3,6,6,07,12,1,0,,1,0,1,0
"POINT (9.743594438000059 52.357225150000033)",Unfall 132394 (2017) Kat:3,132394,3,5,1,07,10,7,0,,0,1,0,0
"POINT (9.964158877000045 52.368918389000044)",Unfall 132395 (2017) Kat:3,132395,3,5,1,07,14,7,0,,0,1,0,0
"POINT (9.690061612000022 52.392653430000053)",Unfall 132396 (2017) Kat:3,132396,3,7,0,07,23,7,0,,1,0,0,0
"POINT (9.699947123000072 52.367129853000051)",Unfall 132397 (2017) Kat:3,132397,3,2,6,07,17,7,0,,0,1,1,0
"POINT (9.774454394000031 52.398290981000059)",Unfall 132398 (2017) Kat:3,132398,3,1,0,07,10,7,0,,1,0,0,0
"POINT (9.655600468000046 52.412226013000065)",Unfall 132415 (2017) Kat:3,132415,3,6,0,07,13,6,0,,0,1,0,0
"POINT (9.729452066000022 52.375877880000075)",Unfall 132416 (2017) Kat:3,132416,3,5,3,07,12,6,0,,1,1,0,0
"POINT (9.461688339000034 52.506746389000057)",Unfall 132417 (2017) Kat:3,132417,3,3,5,07,09,6,0,,1,1,0,0
"POINT (9.963661387000059 52.314020499000037)",Unfall 132418 (2017) Kat:3,132418,3,3,5,07,10,6,0,,0,1,0,0
"POINT (9.667848196000023 52.441134080000040)",Unfall 132419 (2017) Kat:3,132419,3,6,2,07,16,6,0,,0,1,0,0
"POINT (9.570123568000042 52.440486201000056)",Unfall 132423 (2017) Kat:2,132423,2,5,4,07,12,6,0,,0,1,0,1
"POINT (9.777686754000058 52.397317272000066)",Unfall 132437 (2017) Kat:3,132437,3,4,6,08,14,7,1,,0,1,1,0
"POINT (9.700917510000068 52.349368286000072)",Unfall 132438 (2017) Kat:3,132438,3,7,0,08,12,7,1,,0,1,0,0
"POINT (9.755934780000075 52.343302306000055)",Unfall 132448 (2017) Kat:3,132448,3,7,7,08,23,6,1,,1,0,0,0
"POINT (9.764079593000076 52.395360608000033)",Unfall 132449 (2017) Kat:3,132449,3,2,6,08,14,6,1,,0,1,1,0
"POINT (9.748758068000029 52.385604419000060)",Unfall 132450 (2017) Kat:3,132450,3,6,2,08,11,6,1,,0,1,0,0
"POINT (9.553369901000053 52.212328402000026)",Unfall 132451 (2017) Kat:3,132451,3,4,6,08,13,6,1,,0,1,1,0
"POINT (9.707342051000069 52.433441403000074)",Unfall 132452 (2017) Kat:3,132452,3,7,0,08,20,6,1,,0,0,0,1
"POINT (10.016307632000064 52.442660911000075)",Unfall 132453 (2017) Kat:3,132453,3,5,1,08,07,6,1,,1,1,0,0
"POINT (9.792052922000039 52.401203309000039)",Unfall 132454 (2017) Kat:3,132454,3,1,0,08,16,6,1,,1,0,0,0
"POINT (9.769497552000075 52.355452776000050)",Unfall 132455 (2017) Kat:3,132455,3,5,0,08,15,6,1,,1,0,0,0
"POINT (9.817277842000067 52.393666473000053)",Unfall 132456 (2017) Kat:3,132456,3,5,1,08,06,6,1,,0,1,0,1
"POINT (9.702923129000055 52.374981045000027)",Unfall 132494 (2017) Kat:3,132494,3,1,0,08,10,5,1,,0,0,0,1
"POINT (9.814754396000069 52.377024430000063)",Unfall 132495 (2017) Kat:2,132495,2,7,0,08,13,5,0,,0,1,1,0
"POINT (9.730689287000075 52.391297177000069)",Unfall 132496 (2017) Kat:3,132496,3,3,5,08,07,5,1,,0,1,0,0
"POINT (9.750483723000059 52.415935620000027)",Unfall 132497 (2017) Kat:3,132497,3,6,6,08,07,5,1,,1,0,1,0
"POINT (9.749786725000035 52.378029905000062)",Unfall 132498 (2017) Kat:3,132498,3,3,5,08,09,5,1,,1,0,0,0
"POINT (9.599103479000064 52.315454423000062)",Unfall 132499 (2017) Kat:3,132499,3,4,6,08,12,5,0,,0,1,1,0
"POINT (9.465250410000067 52.299618492000036)",Unfall 132500 (2017) Kat:3,132500,3,7,1,08,18,5,0,,0,1,0,0
"POINT (9.595421744000021 52.426758779000068)",Unfall 132501 (2017) Kat:3,132501,3,4,6,08,13,5,1,,0,0,1,0
"POINT (9.745366424000054 52.378697058000057)",Unfall 132502 (2017) Kat:3,132502,3,2,5,08,14,5,0,,1,1,0,0
"POINT (9.674053961000027 52.413911634000044)",Unfall 132503 (2017) Kat:2,132503,2,3,5,08,13,5,0,,0,1,0,0
"POINT (9.741959560000055 52.373732446000076)",Unfall 132504 (2017) Kat:2,132504,2,3,5,08,12,5,0,,1,1,0,0
"POINT (9.735874532000025 52.383938754000042)",Unfall 132505 (2017) Kat:2,132505,2,6,2,08,08,5,1,,0,1,0,0
"POINT (9.727906714000028 52.349375836000036)",Unfall 132547 (2017) Kat:3,132547,3,3,5,08,13,4,0,,1,0,0,0
"POINT (9.719866865000029 52.375102312000081)",Unfall 132548 (2017) Kat:3,132548,3,3,5,08,16,4,0,,0,1,0,1
"POINT (9.608837119000043 52.408024939000029)",Unfall 132549 (2017) Kat:3,132549,3,1,5,08,17,4,0,,1,1,0,0
"POINT (9.743503586000031 52.428389986000070)",Unfall 132550 (2017) Kat:3,132550,3,5,1,08,16,4,0,,0,1,0,0
"POINT (9.756612924000024 52.468658898000058)",Unfall 132551 (2017) Kat:3,132551,3,1,9,08,07,4,0,,0,0,0,0
"POINT (10.008605832000057 52.449735174000068)",Unfall 132552 (2017) Kat:3,132552,3,5,5,08,16,4,0,,0,1,0,1
"POINT (9.690544692000060 52.346240836000050)",Unfall 132553 (2017) Kat:3,132553,3,3,5,08,16,4,0,,0,1,0,0
"POINT (9.820574750000048 52.359518540000067)",Unfall 132554 (2017) Kat:3,132554,3,2,5,08,16,4,0,,0,1,0,0
"POINT (9.803082697000036 52.396578792000071)",Unfall 132555 (2017) Kat:3,132555,3,3,5,08,11,4,0,,1,1,0,0
"POINT (9.746375257000068 52.354177497000080)",Unfall 132556 (2017) Kat:3,132556,3,6,4,08,07,4,0,,1,0,0,0
"POINT (9.753626923000070 52.414747220000038)",Unfall 132589 (2017) Kat:3,132589,3,3,5,08,07,3,0,,0,1,0,0
"POINT (9.738046316000066 52.382133585000076)",Unfall 132590 (2017) Kat:3,132590,3,2,2,08,15,3,0,,0,1,0,0
"POINT (9.741540577000023 52.373817926000072)",Unfall 132591 (2017) Kat:3,132591,3,6,3,08,08,3,0,,1,1,0,0
"POINT (9.460312779000049 52.494393448000039)",Unfall 132592 (2017) Kat:3,132592,3,4,6,08,13,3,0,,0,1,1,0
"POINT (9.450380660000064 52.507460494000043)",Unfall 132593 (2017) Kat:3,132593,3,3,5,08,07,3,0,,1,1,0,0
"POINT (9.746467618000054 52.367566564000072)",Unfall 132625 (2017) Kat:3,132625,3,7,1,08,09,2,0,,1,1,0,0
"POINT (9.742424578000055 52.386425651000081)",Unfall 132626 (2017) Kat:3,132626,3,6,6,08,07,2,0,,1,0,1,0
"POINT (9.754175902000043 52.389938691000054)",Unfall 132627 (2017) Kat:2,132627,2,7,0,08,20,2,0,,1,0,0,0
"POINT (9.756577935000053 52.339327155000035)",Unfall 132628 (2017) Kat:2,132628,2,2,5,08,17,2,0,,1,1,0,0
"POINT (9.719972378000023 52.397120485000073)",Unfall 132629 (2017) Kat:2,132629,2,7,0,08,16,2,0,,0,0,0,0
"POINT (9.734653303000073 52.420892216000027)",Unfall 132630 (2017) Kat:3,132630,3,3,5,08,11,2,0,,0,1,0,0
"POINT (9.749932980000040 52.376298816000030)",Unfall 132631 (2017) Kat:3,132631,3,4,6,08,13,2,0,,0,1,1,0
"POINT (9.815622887000075 52.396197088000065)",Unfall 132632 (2017) Kat:2,132632,2,4,6,08,13,2,0,,0,1,1,0
"POINT (9.692288147000056 52.396642739000072)",Unfall 132633 (2017) Kat:3,132633,3,2,5,08,10,2,0,,1,1,0,0
"POINT (9.691676562000055 52.330192618000069)",Unfall 132657 (2017) Kat:3,132657,3,1,0,08,17,1,0,,1,0,0,0
"POINT (9.661408086000051 52.376034415000049)",Unfall 132658 (2017) Kat:3,132658,3,7,0,08,12,1,0,,1,1,0,0
"POINT (9.752486800000042 52.359619526000074)",Unfall 132659 (2017) Kat:3,132659,3,1,0,08,18,1,0,,1,0,0,0
"POINT (9.744192319000035 52.377604337000037)",Unfall 132660 (2017) Kat:3,132660,3,7,0,08,19,1,0,,0,0,1,0
"POINT (9.653865498000073 52.343422846000067)",Unfall 132661 (2017) Kat:2,132661,2,1,0,08,13,1,0,,1,0,0,0
"POINT (9.750830686000029 52.375425317000065)",Unfall 132662 (2017) Kat:3,132662,3,3,0,08,05,1,0,,1,0,0,0
"POINT (9.588027155000077 52.417226628000037)",Unfall 132683 (2017) Kat:3,132683,3,3,5,08,22,7,0,,0,1,0,0
"POINT (9.610012551000068 52.416260704000081)",Unfall 132684 (2017) Kat:2,132684,2,3,5,08,11,7,0,,1,1,0,0
"POINT (10.014601552000045 52.382701330000032)",Unfall 132685 (2017) Kat:3,132685,3,6,2,08,18,7,0,,0,1,0,0
"POINT (9.743013180000048 52.440105773000028)",Unfall 132686 (2017) Kat:3,132686,3,3,5,08,15,7,0,,1,1,0,0
"POINT (9.719912502000057 52.367935360000047)",Unfall 132693 (2017) Kat:3,132693,3,7,5,08,09,7,0,,0,1,0,0
"POINT (9.828724197000042 52.346167265000076)",Unfall 132694 (2017) Kat:3,132694,3,2,4,08,09,7,0,,0,1,0,0
"POINT (9.720412693000071 52.397409503000063)",Unfall 132695 (2017) Kat:3,132695,3,3,5,08,19,7,0,,0,1,0,0
"POINT (9.744511334000038 52.395143130000065)",Unfall 132696 (2017) Kat:3,132696,3,6,2,08,19,7,0,,0,1,0,0
"POINT (9.654572920000021 52.407802687000071)",Unfall 132712 (2017) Kat:3,132712,3,2,2,08,21,6,1,,0,1,0,0
"POINT (9.690272045000029 52.346872361000067)",Unfall 132713 (2017) Kat:3,132713,3,6,2,08,09,6,0,,0,1,0,0
"POINT (9.782673214000056 52.343504348000067)",Unfall 132714 (2017) Kat:3,132714,3,1,0,08,07,6,0,,1,0,0,0
"POINT (9.773470402000044 52.410235864000072)",Unfall 132715 (2017) Kat:3,132715,3,3,5,08,10,6,1,,0,1,0,0
"POINT (9.448929376000024 52.417073065000068)",Unfall 132716 (2017) Kat:3,132716,3,3,5,08,17,6,0,,1,1,0,0
"POINT (9.465834757000039 52.426371335000056)",Unfall 132717 (2017) Kat:3,132717,3,1,0,08,10,6,1,,1,0,0,0
"POINT (9.610179126000048 52.416154864000077)",Unfall 132718 (2017) Kat:3,132718,3,1,0,08,13,6,1,,0,0,0,1
"POINT (10.017737888000056 52.435845528000073)",Unfall 132719 (2017) Kat:3,132719,3,2,5,08,17,6,1,,1,1,0,0
"POINT (9.834774818000028 52.338526194000053)",Unfall 132720 (2017) Kat:3,132720,3,1,0,08,17,6,1,,1,0,0,0
"POINT (9.741367386000036 52.369056331000081)",Unfall 132721 (2017) Kat:3,132721,3,1,0,08,13,6,1,,1,0,0,0
"POINT (9.799655301000030 52.412093434000042)",Unfall 132722 (2017) Kat:3,132722,3,5,1,08,14,6,0,,0,1,0,0
"POINT (9.744691780000039 52.357375345000037)",Unfall 132762 (2017) Kat:3,132762,3,4,6,08,14,5,0,,0,1,1,0
"POINT (9.787243129000046 52.330588850000026)",Unfall 132763 (2017) Kat:3,132763,3,2,5,08,15,5,1,,1,1,0,0
"POINT (9.744572590000075 52.385158562000072)",Unfall 132764 (2017) Kat:3,132764,3,6,2,08,14,5,0,,0,1,0,0
"POINT (9.741321015000040 52.371397136000041)",Unfall 132765 (2017) Kat:3,132765,3,2,3,08,12,5,0,,1,1,0,0
"POINT (9.558435386000042 52.209658282000078)",Unfall 132766 (2017) Kat:3,132766,3,2,6,08,15,5,0,,0,1,1,0
"POINT (9.595418276000032 52.426688893000062)",Unfall 132767 (2017) Kat:3,132767,3,4,6,08,15,5,0,,1,0,1,0
"POINT (9.610539577000054 52.416271226000049)",Unfall 132768 (2017) Kat:3,132768,3,6,2,08,21,5,1,,0,1,0,0
"POINT (9.961707928000067 52.389396764000026)",Unfall 132769 (2017) Kat:3,132769,3,6,2,08,05,5,0,,0,1,0,1
"POINT (9.857947521000028 52.491835851000076)",Unfall 132770 (2017) Kat:3,132770,3,1,0,08,20,5,1,,0,0,0,1
"POINT (10.004110456000035 52.445879717000082)",Unfall 132771 (2017) Kat:3,132771,3,3,5,08,20,5,1,,1,1,0,0
"POINT (9.739405164000061 52.373618471000043)",Unfall 132772 (2017) Kat:3,132772,3,3,5,08,17,5,0,,1,1,0,0
"POINT (9.765314458000034 52.378114080000046)",Unfall 132773 (2017) Kat:3,132773,3,3,5,08,14,5,0,,0,1,0,0
"POINT (9.741423405000035 52.360055080000052)",Unfall 132774 (2017) Kat:3,132774,3,6,6,08,07,5,0,,1,0,1,0
"POINT (9.755836041000066 52.342631677000043)",Unfall 132808 (2017) Kat:3,132808,3,3,5,08,11,4,0,,1,1,0,0
"POINT (9.737400980000075 52.372054553000055)",Unfall 132809 (2017) Kat:3,132809,3,5,1,08,11,4,0,,1,1,0,0
"POINT (9.964844597000024 52.364752269000064)",Unfall 132810 (2017) Kat:3,132810,3,2,2,08,11,4,0,,0,1,0,0
"POINT (9.735630636000053 52.440531554000074)",Unfall 132811 (2017) Kat:3,132811,3,5,1,08,11,4,0,,0,1,0,1
"POINT (10.001105262000067 52.445816365000042)",Unfall 132812 (2017) Kat:3,132812,3,6,4,08,15,4,0,,1,0,0,0
"POINT (9.739636612000027 52.373196434000079)",Unfall 132813 (2017) Kat:3,132813,3,6,4,08,13,4,0,,1,0,0,0
"POINT (9.549326071000053 52.211273764000055)",Unfall 132814 (2017) Kat:3,132814,3,7,0,08,08,4,0,,0,1,0,0
"POINT (9.663700510000069 52.410582379000061)",Unfall 132815 (2017) Kat:2,132815,2,4,6,08,23,4,0,,0,0,1,0
"POINT (9.736092666000047 52.378870122000080)",Unfall 132816 (2017) Kat:3,132816,3,3,5,08,16,4,0,,1,1,0,0
"POINT (9.719677662000038 52.367514916000061)",Unfall 132848 (2017) Kat:3,132848,3,6,3,08,16,3,0,,0,1,0,0
"POINT (9.719661496000072 52.366934751000031)",Unfall 132849 (2017) Kat:3,132849,3,5,1,08,18,3,0,,1,1,0,0
"POINT (9.819223177000026 52.400026936000074)",Unfall 132850 (2017) Kat:3,132850,3,6,2,08,09,3,0,,0,1,0,0
"POINT (9.790042546000052 52.410347148000028)",Unfall 132851 (2017) Kat:3,132851,3,1,0,08,22,3,1,,0,0,0,1
"POINT (9.767954763000034 52.265088468000044)",Unfall 132852 (2017) Kat:3,132852,3,3,5,08,10,3,0,,1,1,0,0
"POINT (9.737090580000029 52.370462519000057)",Unfall 132853 (2017) Kat:3,132853,3,7,1,08,23,3,0,,1,1,0,0
"POINT (9.717195336000032 52.344961200000057)",Unfall 132854 (2017) Kat:3,132854,3,4,6,08,21,3,1,,0,1,1,0
"POINT (9.815635443000076 52.396177932000057)",Unfall 132855 (2017) Kat:3,132855,3,7,4,08,15,3,0,,0,1,0,0
"POINT (9.813433464000070 52.377380618000075)",Unfall 132856 (2017) Kat:3,132856,3,7,0,08,07,3,0,,1,0,0,0
"POINT (9.728037983000036 52.372796945000061)",Unfall 132857 (2017) Kat:3,132857,3,3,5,08,07,3,0,,0,1,0,0
"POINT (9.694213814000023 52.352936177000061)",Unfall 132896 (2017) Kat:3,132896,3,2,5,08,17,2,0,,0,1,0,0
"POINT (9.753745413000047 52.340328840000041)",Unfall 132897 (2017) Kat:3,132897,3,6,2,08,15,2,0,,0,1,0,0
"POINT (9.653875164000056 52.317860069000062)",Unfall 132898 (2017) Kat:3,132898,3,5,1,08,09,2,0,,1,1,0,0
"POINT (9.937896549000072 52.343397230000051)",Unfall 132899 (2017) Kat:3,132899,3,3,0,08,16,2,0,,0,0,0,0
"POINT (10.012897474000056 52.437395781000077)",Unfall 132900 (2017) Kat:3,132900,3,3,5,08,07,2,0,,1,0,0,1
"POINT (9.871461074000024 52.373923331000071)",Unfall 132901 (2017) Kat:2,132901,2,3,5,08,16,2,0,,0,0,0,1
"POINT (9.753702665000049 52.430550510000046)",Unfall 132902 (2017) Kat:2,132902,2,3,5,08,14,2,0,,1,0,0,0
"POINT (9.855206491000047 52.482160655000030)",Unfall 132927 (2017) Kat:3,132927,3,6,9,08,11,1,0,,0,1,0,0
"POINT (9.832171557000038 52.347346224000034)",Unfall 132928 (2017) Kat:3,132928,3,1,0,08,21,1,0,,1,0,0,0
"POINT (9.755335912000021 52.351214431000074)",Unfall 132929 (2017) Kat:2,132929,2,7,0,08,19,1,0,,1,0,0,0
"POINT (9.730994898000063 52.394971921000035)",Unfall 132930 (2017) Kat:3,132930,3,2,5,08,12,1,0,,0,1,0,0
"POINT (9.723188876000052 52.375050887000043)",Unfall 132931 (2017) Kat:3,132931,3,5,1,08,03,1,0,,1,1,0,0
"POINT (9.477378573000067 52.305758935000028)",Unfall 132943 (2017) Kat:3,132943,3,3,5,08,14,7,0,,0,1,0,0
"POINT (9.793029611000065 52.395337898000037)",Unfall 132962 (2017) Kat:3,132962,3,6,2,08,19,1,0,,0,1,0,1
"POINT (9.319793671000070 52.490410204000057)",Unfall 132963 (2017) Kat:3,132963,3,7,0,08,15,1,0,,1,0,0,0
"POINT (9.847840828000074 52.430887015000053)",Unfall 132964 (2017) Kat:3,132964,3,3,5,08,14,1,0,,0,1,0,0
"POINT (9.717132133000064 52.343875388000072)",Unfall 132965 (2017) Kat:3,132965,3,6,2,08,13,1,0,,0,1,0,0
"POINT (9.743536665000022 52.377798313000028)",Unfall 132966 (2017) Kat:2,132966,2,7,1,08,11,1,0,,1,1,0,0
"POINT (9.763778066000043 52.368743788000074)",Unfall 132985 (2017) Kat:3,132985,3,3,5,08,00,7,0,,1,0,0,1
"POINT (9.613858063000066 52.404904202000068)",Unfall 132986 (2017) Kat:3,132986,3,4,6,08,12,7,0,,0,1,1,0
"POINT (9.748584406000077 52.523443318000034)",Unfall 132987 (2017) Kat:2,132987,2,4,6,08,16,7,0,,0,1,1,0
"POINT (9.785954547000074 52.334916161000081)",Unfall 132988 (2017) Kat:3,132988,3,7,0,08,16,7,0,,1,0,0,0
"POINT (9.745581081000069 52.378919572000029)",Unfall 132989 (2017) Kat:3,132989,3,4,6,08,14,7,0,,0,1,1,0
"POINT (9.724294075000046 52.387423316000081)",Unfall 133013 (2017) Kat:3,133013,3,7,5,08,10,6,0,,0,1,0,0
"POINT (9.741288908000058 52.411358012000051)",Unfall 133014 (2017) Kat:3,133014,3,4,6,08,07,6,0,,0,1,1,0
"POINT (9.555681504000063 52.205609542000047)",Unfall 133015 (2017) Kat:3,133015,3,3,5,08,17,6,0,,1,1,0,0
"POINT (9.539138750000063 52.216060255000059)",Unfall 133016 (2017) Kat:3,133016,3,5,0,08,09,6,0,,1,0,0,0
"POINT (9.472166437000055 52.300134249000052)",Unfall 133017 (2017) Kat:3,133017,3,3,5,08,17,6,0,,1,0,0,0
"POINT (9.980906276000042 52.376616281000054)",Unfall 133018 (2017) Kat:3,133018,3,3,5,08,18,6,0,,1,1,0,0
"POINT (9.971529322000038 52.362568336000038)",Unfall 133019 (2017) Kat:3,133019,3,5,1,08,16,6,0,,1,1,0,0
"POINT (9.734532285000057 52.442499337000072)",Unfall 133020 (2017) Kat:3,133020,3,5,1,08,18,6,0,,1,1,0,0
"POINT (9.810013367000067 52.397327801000074)",Unfall 133021 (2017) Kat:3,133021,3,7,9,08,10,6,0,,0,1,0,0
"POINT (9.771219431000077 52.330902310000056)",Unfall 133047 (2017) Kat:3,133047,3,3,5,08,10,5,1,,1,1,0,0
"POINT (9.739726523000059 52.381258835000040)",Unfall 133048 (2017) Kat:3,133048,3,2,3,08,17,5,0,,1,1,0,0
"POINT (9.744553776000032 52.377205755000034)",Unfall 133049 (2017) Kat:3,133049,3,2,5,08,16,5,0,,1,1,0,0
"POINT (9.622181091000073 52.432019578000052)",Unfall 133050 (2017) Kat:3,133050,3,3,5,08,12,5,0,,0,1,0,1
"POINT (9.575309623000067 52.432181298000046)",Unfall 133051 (2017) Kat:3,133051,3,1,0,08,10,5,1,,0,0,0,1
"POINT (9.967547153000055 52.371747329000073)",Unfall 133052 (2017) Kat:3,133052,3,3,5,08,08,5,1,,0,1,0,0
"POINT (9.750634711000032 52.375337130000048)",Unfall 133053 (2017) Kat:2,133053,2,3,5,08,13,5,0,,1,1,0,0
"POINT (9.731826557000034 52.375412467000046)",Unfall 133054 (2017) Kat:3,133054,3,7,0,08,06,5,1,,1,0,0,0
"POINT (9.732618900000034 52.388674516000037)",Unfall 133089 (2017) Kat:3,133089,3,2,4,08,16,4,0,,1,1,0,0
"POINT (9.819404599000052 52.429337655000040)",Unfall 133090 (2017) Kat:3,133090,3,3,5,08,16,4,0,,1,0,0,0
"POINT (9.739618564000068 52.381194672000049)",Unfall 133091 (2017) Kat:3,133091,3,3,5,08,05,4,0,,1,1,0,0
"POINT (9.711038804000054 52.367242982000050)",Unfall 133092 (2017) Kat:3,133092,3,7,0,08,17,4,0,,1,0,0,0
"POINT (9.756560798000066 52.339551294000046)",Unfall 133093 (2017) Kat:3,133093,3,6,4,08,15,4,0,,1,0,0,0
"POINT (9.761973216000058 52.356620467000027)",Unfall 133094 (2017) Kat:2,133094,2,4,6,08,13,4,0,,0,1,1,0
"POINT (9.748828102000061 52.396802836000063)",Unfall 133095 (2017) Kat:3,133095,3,2,5,08,13,4,0,,1,1,0,0
"POINT (9.739202484000032 52.370459399000026)",Unfall 133096 (2017) Kat:3,133096,3,5,1,08,13,4,0,,1,1,0,0
"POINT (9.678178702000025 52.395503274000077)",Unfall 133123 (2017) Kat:3,133123,3,5,1,08,07,3,0,,0,1,0,0
"POINT (9.798599298000056 52.376300897000078)",Unfall 133124 (2017) Kat:3,133124,3,3,0,08,09,3,0,,1,0,0,0
"POINT (9.745254168000031 52.384637929000064)",Unfall 133125 (2017) Kat:2,133125,2,3,5,08,13,3,0,,1,1,0,0
"POINT (9.781453007000039 52.400104766000027)",Unfall 133126 (2017) Kat:2,133126,2,2,5,08,09,3,0,,1,1,0,0
"POINT (9.719592455000054 52.366417962000071)",Unfall 133160 (2017) Kat:3,133160,3,7,0,08,08,2,0,,0,0,0,0
"POINT (9.751525172000072 52.367577410000081)",Unfall 133161 (2017) Kat:3,133161,3,6,6,08,16,2,0,,0,1,1,0
"POINT (9.821738097000036 52.346107339000071)",Unfall 133162 (2017) Kat:3,133162,3,6,3,08,19,2,0,,1,1,0,0
"POINT (9.751301891000026 52.438738142000034)",Unfall 133187 (2017) Kat:3,133187,3,1,0,08,17,1,1,,1,0,0,0
"POINT (9.736080042000026 52.436665027000060)",Unfall 133188 (2017) Kat:2,133188,2,7,0,08,11,1,0,,1,0,0,0
"POINT (9.741793845000075 52.372918894000065)",Unfall 133189 (2017) Kat:3,133189,3,1,0,08,00,1,0,,1,0,0,0
"POINT (9.690441354000029 52.443701133000047)",Unfall 133206 (2017) Kat:3,133206,3,6,4,09,19,2,0,,0,0,0,0
"POINT (9.874746484000070 52.511133146000077)",Unfall 133207 (2017) Kat:3,133207,3,3,5,09,08,2,0,,0,1,0,0
"POINT (9.761705453000047 52.356507385000043)",Unfall 133208 (2017) Kat:3,133208,3,3,5,09,07,2,0,,1,1,0,0
"POINT (9.618412466000052 52.404749788000061)",Unfall 133212 (2017) Kat:3,133212,3,3,5,09,18,2,0,,1,1,0,0
"POINT (9.716958802000022 52.335557153000082)",Unfall 133213 (2017) Kat:3,133213,3,1,0,09,14,2,0,,1,0,0,0
"POINT (9.759200718000045 52.361691719000078)",Unfall 133214 (2017) Kat:3,133214,3,2,0,09,14,2,0,,1,1,0,0
"POINT (9.758093281000072 52.396211639000057)",Unfall 133215 (2017) Kat:3,133215,3,6,2,09,10,2,0,,0,1,0,0
"POINT (9.734943124000040 52.380273502000080)",Unfall 133216 (2017) Kat:3,133216,3,7,0,09,19,2,0,,0,1,0,0
"POINT (9.734028222000063 52.376624993000064)",Unfall 133217 (2017) Kat:3,133217,3,1,0,09,18,2,0,,1,0,0,0
"POINT (9.738781196000048 52.371287104000032)",Unfall 133218 (2017) Kat:3,133218,3,2,6,09,15,2,0,,0,1,1,0
"POINT (9.734608207000065 52.362284363000072)",Unfall 133242 (2017) Kat:3,133242,3,2,5,09,12,1,0,,1,0,0,0
"POINT (9.717411636000065 52.416101172000026)",Unfall 133243 (2017) Kat:3,133243,3,3,5,09,13,1,0,,1,1,0,0
"POINT (10.014267533000066 52.483066269000062)",Unfall 133244 (2017) Kat:3,133244,3,6,4,09,11,1,0,,1,0,0,0
"POINT (9.710226468000030 52.442872517000069)",Unfall 133245 (2017) Kat:2,133245,2,1,0,09,16,1,0,,1,0,0,0
"POINT (9.708974344000069 52.367185788000029)",Unfall 133246 (2017) Kat:3,133246,3,7,0,09,13,1,0,,1,0,0,0
"POINT (9.819413727000040 52.429353776000028)",Unfall 133263 (2017) Kat:3,133263,3,3,5,09,11,7,0,,0,1,0,0
"POINT (9.746101170000031 52.400135426000077)",Unfall 133264 (2017) Kat:3,133264,3,5,0,09,16,7,0,,0,1,0,1
"POINT (9.431726357000059 52.422399616000064)",Unfall 133265 (2017) Kat:3,133265,3,4,6,09,12,7,0,,0,1,1,0
"POINT (9.744221264000032 52.543630340000050)",Unfall 133266 (2017) Kat:3,133266,3,1,0,09,22,7,0,,1,0,0,0
"POINT (9.714857374000076 52.371038712000029)",Unfall 133267 (2017) Kat:2,133267,2,4,6,09,23,7,0,,0,1,1,0
"POINT (9.750595271000066 52.375320424000051)",Unfall 133268 (2017) Kat:3,133268,3,2,5,09,18,7,0,,1,1,0,0
"POINT (9.700352599000041 52.408354030000055)",Unfall 133269 (2017) Kat:3,133269,3,1,0,09,11,7,0,,1,0,0,0
"POINT (9.741527096000027 52.432876688000079)",Unfall 133270 (2017) Kat:2,133270,2,7,0,09,13,7,0,,1,0,0,0
"POINT (9.653697298000054 52.411973642000078)",Unfall 133290 (2017) Kat:3,133290,3,2,5,09,07,6,0,,1,1,0,0
"POINT (9.694162525000024 52.352783510000052)",Unfall 133291 (2017) Kat:3,133291,3,6,2,09,16,6,0,,0,1,0,0
"POINT (9.764972606000072 52.359931272000040)",Unfall 133292 (2017) Kat:3,133292,3,6,4,09,23,6,0,,1,0,0,0
"POINT (9.733873023000058 52.394808561000048)",Unfall 133293 (2017) Kat:3,133293,3,2,6,09,13,6,0,,0,1,1,0
"POINT (9.534798907000038 52.307171418000053)",Unfall 133294 (2017) Kat:3,133294,3,3,5,09,15,6,0,,1,1,0,0
"POINT (9.722003060000077 52.378747362000070)",Unfall 133295 (2017) Kat:3,133295,3,3,5,09,19,6,0,,1,1,0,0
"POINT (9.706637553000064 52.410273949000043)",Unfall 133296 (2017) Kat:2,133296,2,2,5,09,16,6,0,,0,1,0,0
"POINT (9.684330714000055 52.393417716000044)",Unfall 133297 (2017) Kat:3,133297,3,2,2,09,12,6,0,,1,0,0,0
"POINT (9.743586235000066 52.325176254000041)",Unfall 133332 (2017) Kat:3,133332,3,7,0,08,22,5,0,,0,0,0,0
"POINT (9.460420996000039 52.513301785000067)",Unfall 133333 (2017) Kat:3,133333,3,2,5,08,16,5,0,,1,1,0,0
"POINT (9.456502571000044 52.507422698000028)",Unfall 133334 (2017) Kat:3,133334,3,1,0,08,16,5,1,,0,0,0,1
"POINT (9.611198718000026 52.315287097000066)",Unfall 133335 (2017) Kat:3,133335,3,4,6,08,17,5,0,,0,0,1,0
"POINT (9.733994435000057 52.375439007000068)",Unfall 133336 (2017) Kat:3,133336,3,5,1,08,13,5,0,,1,1,0,0
"POINT (9.766051990000051 52.393943580000041)",Unfall 133337 (2017) Kat:3,133337,3,1,0,08,10,5,1,,0,0,0,1
"POINT (9.724537044000044 52.358484490000080)",Unfall 133376 (2017) Kat:3,133376,3,2,5,08,21,4,0,,0,1,0,0
"POINT (9.725522177000073 52.382322426000030)",Unfall 133377 (2017) Kat:3,133377,3,3,5,08,13,4,0,,1,0,0,1
"POINT (9.738081268000030 52.454327598000077)",Unfall 133378 (2017) Kat:3,133378,3,5,4,08,17,4,0,,1,1,0,0
"POINT (10.030794311000022 52.453212017000055)",Unfall 133379 (2017) Kat:3,133379,3,6,0,08,07,4,0,,1,1,0,0
"POINT (9.706272386000023 52.367166221000048)",Unfall 133380 (2017) Kat:3,133380,3,1,0,08,14,4,0,,1,0,0,0
"POINT (9.799019701000077 52.376385837000043)",Unfall 133381 (2017) Kat:3,133381,3,3,5,08,07,4,0,,1,1,0,0
"POINT (9.694026263000069 52.352728890000037)",Unfall 133424 (2017) Kat:3,133424,3,6,2,08,14,3,0,,0,1,0,0
"POINT (9.727155083000071 52.351350327000034)",Unfall 133425 (2017) Kat:3,133425,3,6,4,08,07,3,0,,1,1,0,0
"POINT (9.714273488000060 52.371512102000054)",Unfall 133426 (2017) Kat:3,133426,3,2,3,08,13,3,0,,1,1,0,0
"POINT (9.779613755000071 52.401898929000026)",Unfall 133427 (2017) Kat:3,133427,3,2,5,08,18,3,0,,1,0,0,0
"POINT (9.588141758000063 52.446701047000033)",Unfall 133428 (2017) Kat:3,133428,3,2,5,08,10,3,0,,1,1,0,0
"POINT (9.739905658000055 52.379337818000067)",Unfall 133429 (2017) Kat:3,133429,3,2,0,08,17,3,0,,0,1,0,1
"POINT (9.736278873000060 52.414325011000074)",Unfall 133430 (2017) Kat:3,133430,3,4,6,08,14,3,0,,1,0,1,0
"POINT (9.751879663000068 52.372964954000054)",Unfall 133431 (2017) Kat:3,133431,3,3,5,08,07,3,0,,1,1,0,0
"POINT (9.749438271000031 52.354787396000063)",Unfall 133464 (2017) Kat:3,133464,3,6,2,08,18,2,0,,0,1,0,0
"POINT (9.773135886000034 52.395824503000028)",Unfall 133465 (2017) Kat:3,133465,3,6,2,08,13,2,0,,0,1,0,0
"POINT (9.542104149000068 52.209905233000029)",Unfall 133466 (2017) Kat:3,133466,3,3,5,08,08,2,0,,0,1,0,0
"POINT (9.838599304000070 52.494060412000067)",Unfall 133467 (2017) Kat:3,133467,3,2,4,08,06,2,0,,1,1,0,0
"POINT (9.755047382000043 52.367225878000056)",Unfall 133468 (2017) Kat:2,133468,2,1,0,08,14,2,0,,0,0,1,0
"POINT (9.723623196000062 52.368494636000037)",Unfall 133469 (2017) Kat:3,133469,3,1,0,08,18,2,0,,1,0,0,0
"POINT (9.728457259000038 52.372877956000082)",Unfall 133470 (2017) Kat:3,133470,3,4,6,08,11,2,0,,0,1,1,0
"POINT (9.761559962000035 52.379789218000042)",Unfall 133471 (2017) Kat:3,133471,3,3,5,08,07,2,0,,0,1,0,0
"POINT (9.821557069000050 52.339329200000066)",Unfall 133491 (2017) Kat:3,133491,3,6,2,09,13,3,1,,0,1,0,0
"POINT (9.758445861000041 52.410302241000068)",Unfall 133492 (2017) Kat:3,133492,3,1,1,09,17,3,1,,0,1,0,0
"POINT (9.604105654000023 52.311064998000063)",Unfall 133493 (2017) Kat:3,133493,3,3,5,09,14,3,1,,0,1,0,0
"POINT (9.663857830000040 52.342258194000067)",Unfall 133494 (2017) Kat:3,133494,3,7,1,09,07,3,0,,1,1,0,0
"POINT (9.745030723000070 52.547473687000036)",Unfall 133495 (2017) Kat:3,133495,3,3,5,09,18,3,0,,1,1,0,0
"POINT (9.717937627000026 52.332081806000076)",Unfall 133496 (2017) Kat:2,133496,2,6,3,09,19,3,1,,1,1,0,0
"POINT (9.787061717000029 52.401663505000045)",Unfall 133520 (2017) Kat:3,133520,3,3,5,09,07,2,0,,1,1,0,0
"POINT (9.727035048000062 52.375835492000078)",Unfall 133521 (2017) Kat:3,133521,3,2,2,09,15,2,0,,0,1,0,0
"POINT (9.741511688000060 52.375598734000050)",Unfall 133522 (2017) Kat:3,133522,3,3,5,09,11,2,0,,1,1,0,0
"POINT (9.723032093000029 52.369625805000055)",Unfall 133523 (2017) Kat:3,133523,3,6,6,09,15,2,0,,0,0,1,0
"POINT (9.742852332000041 52.411322599000073)",Unfall 133524 (2017) Kat:3,133524,3,7,6,09,13,2,0,,1,0,1,0
"POINT (9.722092141000076 52.352482019000036)",Unfall 133544 (2017) Kat:3,133544,3,2,3,09,17,1,0,,1,1,0,0
"POINT (9.752995391000070 52.390043948000027)",Unfall 133545 (2017) Kat:3,133545,3,3,6,09,08,1,0,,0,1,1,0
"POINT (9.736734069000022 52.412468169000078)",Unfall 133559 (2017) Kat:3,133559,3,2,4,09,20,7,1,,0,1,0,0
"POINT (9.428133344000059 52.421776682000029)",Unfall 133560 (2017) Kat:3,133560,3,3,5,09,13,7,1,,1,1,0,0
"POINT (9.618732376000025 52.442400412000040)",Unfall 133561 (2017) Kat:3,133561,3,1,8,09,18,7,1,,0,1,0,0
"POINT (9.828819099000043 52.427637780000055)",Unfall 133562 (2017) Kat:2,133562,2,2,5,09,20,7,1,,0,1,0,1
"POINT (9.724824875000024 52.345041296000034)",Unfall 133563 (2017) Kat:3,133563,3,3,5,09,19,7,1,,1,1,0,0
"POINT (9.733054139000046 52.392099216000076)",Unfall 133564 (2017) Kat:3,133564,3,6,0,09,12,7,1,,1,1,0,0
"POINT (9.712702725000042 52.342221517000041)",Unfall 133596 (2017) Kat:3,133596,3,2,5,09,13,6,1,,1,1,0,0
"POINT (9.701309389000073 52.374931525000079)",Unfall 133597 (2017) Kat:3,133597,3,6,2,09,18,6,1,,0,1,0,1
"POINT (9.776604449000047 52.332897341000034)",Unfall 133598 (2017) Kat:3,133598,3,4,6,09,22,6,1,,0,1,1,0
"POINT (9.735453624000058 52.396181727000055)",Unfall 133599 (2017) Kat:3,133599,3,6,2,09,17,6,1,,0,1,0,0
"POINT (9.593916243000024 52.421039897000071)",Unfall 133600 (2017) Kat:3,133600,3,3,5,09,17,6,1,,0,1,0,0
"POINT (9.845372317000056 52.485787320000043)",Unfall 133601 (2017) Kat:3,133601,3,3,5,09,17,6,1,,0,1,0,0
"POINT (9.728334370000027 52.377823288000059)",Unfall 133602 (2017) Kat:3,133602,3,2,5,09,15,6,1,,0,1,0,1
"POINT (9.748681117000047 52.351210840000078)",Unfall 133603 (2017) Kat:3,133603,3,7,4,09,13,6,0,,0,1,0,0
"POINT (9.707768495000039 52.373345262000043)",Unfall 133604 (2017) Kat:2,133604,2,1,0,09,11,6,1,,1,0,0,0
"POINT (9.693315692000056 52.393362509000042)",Unfall 133629 (2017) Kat:3,133629,3,3,5,09,17,5,1,,0,1,0,0
"POINT (9.792661852000038 52.396943515000032)",Unfall 133630 (2017) Kat:3,133630,3,2,5,09,15,5,0,,1,1,0,0
"POINT (9.733972368000025 52.375443606000033)",Unfall 133631 (2017) Kat:3,133631,3,5,1,09,15,5,1,,0,1,0,1
"POINT (9.745159038000054 52.547568373000047)",Unfall 133632 (2017) Kat:3,133632,3,4,6,09,14,5,0,,0,1,1,0
"POINT (9.978587789000073 52.383122079000032)",Unfall 133633 (2017) Kat:3,133633,3,7,5,09,17,5,1,,1,1,0,0
"POINT (9.864128000000051 52.485774082000034)",Unfall 133634 (2017) Kat:3,133634,3,3,5,09,14,5,1,,1,1,0,0
"POINT (9.690732929000035 52.439902903000075)",Unfall 133635 (2017) Kat:2,133635,2,1,0,09,17,5,0,,1,0,0,0
"POINT (9.737892659000067 52.384735815000056)",Unfall 133636 (2017) Kat:3,133636,3,4,6,09,13,5,1,,1,0,1,0
"POINT (9.730867846000024 52.376115038000080)",Unfall 133670 (2017) Kat:3,133670,3,4,0,09,08,4,1,,1,0,1,0
"POINT (9.722103899000047 52.423086115000046)",Unfall 133671 (2017) Kat:3,133671,3,1,4,09,13,4,1,,0,1,0,0
"POINT (9.733691923000038 52.399079987000050)",Unfall 133672 (2017) Kat:3,133672,3,3,5,09,13,4,1,,1,1,0,0
"POINT (9.758086577000029 52.336829171000034)",Unfall 133673 (2017) Kat:3,133673,3,5,1,09,12,4,0,,0,1,0,0
"POINT (9.702083086000073 52.328898504000051)",Unfall 133710 (2017) Kat:3,133710,3,3,0,09,23,3,0,,0,1,0,1
"POINT (9.823261150000064 52.302750285000059)",Unfall 133711 (2017) Kat:3,133711,3,1,1,09,11,3,0,,1,1,0,0
"POINT (9.753540274000045 52.376706062000039)",Unfall 133712 (2017) Kat:3,133712,3,6,2,09,08,3,0,,1,1,0,0
"POINT (9.573006779000025 52.273188158000039)",Unfall 133713 (2017) Kat:3,133713,3,4,6,09,12,3,0,,0,1,1,0
"POINT (9.743271525000068 52.548278905000075)",Unfall 133714 (2017) Kat:3,133714,3,7,0,09,16,3,0,,1,0,0,0
"POINT (9.791590168000028 52.384756082000081)",Unfall 133715 (2017) Kat:3,133715,3,3,5,09,19,3,0,,1,0,0,0
"POINT (9.817493186000036 52.301958127000034)",Unfall 133716 (2017) Kat:2,133716,2,6,4,09,07,3,0,,1,0,0,0
"POINT (9.758068627000057 52.340305715000056)",Unfall 133717 (2017) Kat:3,133717,3,6,0,09,06,3,0,,1,1,0,0
"POINT (9.429613434000032 52.577807866000057)",Unfall 133747 (2017) Kat:3,133747,3,3,5,09,17,5,0,,1,1,0,0
"POINT (9.719360311000060 52.366047591000040)",Unfall 133748 (2017) Kat:3,133748,3,7,5,09,12,5,0,,1,0,0,0
"POINT (9.442027425000049 52.426265563000072)",Unfall 133780 (2017) Kat:3,133780,3,7,0,09,12,4,0,,1,0,0,0
"POINT (9.761771551000038 52.366482093000059)",Unfall 133781 (2017) Kat:2,133781,2,3,5,09,07,4,0,,1,1,0,0
"POINT (9.723387273000071 52.370791918000066)",Unfall 133803 (2017) Kat:3,133803,3,5,1,09,19,3,0,,1,1,0,0
"POINT (9.847000972000046 52.386864089000028)",Unfall 133804 (2017) Kat:3,133804,3,5,6,09,03,3,1,,0,1,1,0
"POINT (9.729232794000041 52.393472217000067)",Unfall 133805 (2017) Kat:3,133805,3,3,5,09,07,3,0,,0,1,0,0
"POINT (9.693410357000062 52.381424755000069)",Unfall 133806 (2017) Kat:3,133806,3,7,0,09,07,3,1,,1,0,0,0
"POINT (9.740516889000048 52.374091864000036)",Unfall 133807 (2017) Kat:3,133807,3,3,0,09,08,3,0,,1,1,0,0
"POINT (9.479280233000054 52.429084602000046)",Unfall 133808 (2017) Kat:3,133808,3,5,1,09,06,3,0,,0,1,0,0
"POINT (9.821280736000063 52.340575256000079)",Unfall 133809 (2017) Kat:3,133809,3,2,5,09,19,3,0,,1,1,0,0
"POINT (9.729094615000065 52.393707610000035)",Unfall 133810 (2017) Kat:3,133810,3,7,0,09,17,3,0,,0,1,0,0
"POINT (9.717057326000031 52.339767011000049)",Unfall 133837 (2017) Kat:3,133837,3,6,0,09,16,2,1,,0,1,0,1
"POINT (9.739727137000045 52.365563427000041)",Unfall 133838 (2017) Kat:3,133838,3,1,0,09,18,2,1,,1,0,0,0
"POINT (9.739832656000033 52.369171812000047)",Unfall 133839 (2017) Kat:3,133839,3,2,2,09,20,2,1,,0,1,0,0
"POINT (9.737480691000030 52.441003333000026)",Unfall 133840 (2017) Kat:3,133840,3,3,5,09,12,2,0,,1,1,0,0
"POINT (9.988121066000076 52.458690934000060)",Unfall 133841 (2017) Kat:3,133841,3,2,3,09,10,2,0,,1,1,0,0
"POINT (9.707302790000028 52.369326341000033)",Unfall 133842 (2017) Kat:3,133842,3,2,5,09,14,2,1,,1,1,0,0
"POINT (9.810796460000063 52.301265630000046)",Unfall 133843 (2017) Kat:2,133843,2,2,6,09,18,2,1,,0,1,1,0
"POINT (9.671735033000061 52.415647405000072)",Unfall 133844 (2017) Kat:2,133844,2,3,5,09,18,2,1,,1,1,0,0
"POINT (9.751060420000044 52.392692404000059)",Unfall 133845 (2017) Kat:3,133845,3,2,2,09,11,2,1,,1,1,0,0
"POINT (9.714329919000022 52.361014945000079)",Unfall 133886 (2017) Kat:3,133886,3,2,5,09,13,7,0,,0,1,0,0
"POINT (9.818535475000033 52.323467835000031)",Unfall 133887 (2017) Kat:3,133887,3,4,6,09,23,7,0,,0,1,1,0
"POINT (9.765111585000057 52.360626995000075)",Unfall 133888 (2017) Kat:2,133888,2,3,5,09,09,7,0,,1,1,0,0
"POINT (9.741852855000047 52.391115478000074)",Unfall 133919 (2017) Kat:3,133919,3,3,5,09,16,6,1,,0,1,0,0
"POINT (9.449607717000049 52.417267053000046)",Unfall 133920 (2017) Kat:3,133920,3,3,5,09,12,6,0,,0,1,0,0
"POINT (9.967405212000074 52.312624196000058)",Unfall 133921 (2017) Kat:3,133921,3,5,0,09,09,6,0,,1,1,0,0
"POINT (9.728755196000066 52.440919613000062)",Unfall 133922 (2017) Kat:3,133922,3,1,0,09,15,6,1,,0,1,0,1
"POINT (9.738221583000041 52.445471919000056)",Unfall 133923 (2017) Kat:3,133923,3,3,0,09,07,6,0,,1,1,0,0
"POINT (9.753645339000059 52.381976399000052)",Unfall 133924 (2017) Kat:3,133924,3,4,6,09,16,6,0,,0,1,1,0
"POINT (9.767804635000061 52.413447880000035)",Unfall 133925 (2017) Kat:3,133925,3,1,0,09,19,6,1,,1,0,0,0
"POINT (9.713695712000060 52.370282928000051)",Unfall 133926 (2017) Kat:3,133926,3,3,5,09,16,6,0,,1,0,0,0
"POINT (9.731210642000065 52.398420370000053)",Unfall 133927 (2017) Kat:3,133927,3,2,5,09,14,6,0,,1,1,0,0
"POINT (9.729983218000029 52.392264049000062)",Unfall 133928 (2017) Kat:3,133928,3,7,0,09,12,6,0,,0,1,0,0
"POINT (9.738844984000025 52.363298972000052)",Unfall 133950 (2017) Kat:3,133950,3,2,5,09,17,5,0,,1,0,0,0
"POINT (9.709405126000036 52.413440258000037)",Unfall 133951 (2017) Kat:3,133951,3,5,1,09,14,5,0,,1,1,0,0
"POINT (9.667830310000056 52.378686381000080)",Unfall 133952 (2017) Kat:3,133952,3,7,0,09,15,5,0,,1,0,0,0
"POINT (9.850505998000074 52.413153668000064)",Unfall 133953 (2017) Kat:3,133953,3,1,8,09,13,5,1,,0,1,0,0
"POINT (9.838688543000046 52.344887936000077)",Unfall 133993 (2017) Kat:3,133993,3,7,6,09,13,4,1,,0,1,1,0
"POINT (9.717062543000054 52.354348788000038)",Unfall 133994 (2017) Kat:3,133994,3,3,5,09,16,4,0,,1,1,0,0
"POINT (9.814818233000040 52.305603335000058)",Unfall 133995 (2017) Kat:3,133995,3,4,0,09,07,4,1,,0,1,1,0
"POINT (9.771910209000055 52.417412110000043)",Unfall 133996 (2017) Kat:3,133996,3,3,0,09,18,4,0,,0,1,0,0
"POINT (9.768589978000023 52.410265885000058)",Unfall 133997 (2017) Kat:3,133997,3,6,2,09,08,4,1,,0,1,0,0
"POINT (9.729663353000035 52.311855974000082)",Unfall 133998 (2017) Kat:3,133998,3,1,0,09,16,4,1,,1,0,0,0
"POINT (9.738715250000041 52.446064671000045)",Unfall 133999 (2017) Kat:3,133999,3,3,5,09,07,4,1,,1,0,0,0
"POINT (9.698284343000069 52.414962319000040)",Unfall 134000 (2017) Kat:3,134000,3,7,0,09,16,4,0,,0,1,0,0
"POINT (9.829583533000061 52.284175895000033)",Unfall 134031 (2017) Kat:3,134031,3,1,0,09,10,6,0,,1,0,0,0
"POINT (9.744920619000027 52.363711544000068)",Unfall 134032 (2017) Kat:2,134032,2,1,3,09,12,6,0,,1,0,0,0
"POINT (9.760701193000045 52.395959552000079)",Unfall 134033 (2017) Kat:3,134033,3,2,5,09,16,6,0,,1,1,0,0
"POINT (9.462151102000064 52.504850047000048)",Unfall 134034 (2017) Kat:3,134034,3,6,2,09,10,6,0,,0,1,0,0
"POINT (9.604562915000031 52.426719990000038)",Unfall 134035 (2017) Kat:3,134035,3,7,1,09,15,6,0,,0,1,0,0
"POINT (9.731550365000032 52.437412300000062)",Unfall 134036 (2017) Kat:3,134036,3,3,5,09,18,6,0,,1,1,0,0
"POINT (10.009575799000061 52.449778201000072)",Unfall 134037 (2017) Kat:3,134037,3,3,5,09,18,6,0,,0,1,0,0
"POINT (9.692336974000057 52.398134469000070)",Unfall 134038 (2017) Kat:2,134038,2,3,5,09,18,6,0,,1,1,0,0
"POINT (9.608390505000045 52.436860636000063)",Unfall 134039 (2017) Kat:1,134039,1,7,6,09,18,6,0,,0,1,1,0
"POINT (9.756073347000040 52.377534060000073)",Unfall 134040 (2017) Kat:3,134040,3,2,5,09,15,6,0,,0,1,0,0
"POINT (9.764346769000042 52.261632871000074)",Unfall 134041 (2017) Kat:2,134041,2,6,2,09,11,6,0,,0,1,0,0
"POINT (9.722507476000033 52.351345344000038)",Unfall 134042 (2017) Kat:3,134042,3,5,1,09,08,6,0,,1,1,0,0
"POINT (9.741231352000057 52.395149955000079)",Unfall 134078 (2017) Kat:3,134078,3,1,0,09,18,5,1,,1,1,0,0
"POINT (9.601227886000061 52.315180169000030)",Unfall 134079 (2017) Kat:3,134079,3,4,0,09,13,5,0,,0,0,1,0
"POINT (9.740276618000053 52.421036450000031)",Unfall 134080 (2017) Kat:3,134080,3,3,5,09,17,5,1,,0,1,0,1
"POINT (9.773530331000075 52.335458692000032)",Unfall 134081 (2017) Kat:3,134081,3,3,0,09,15,5,0,,0,1,0,1
"POINT (9.739480061000052 52.364253667000071)",Unfall 134106 (2017) Kat:3,134106,3,5,1,09,17,4,0,,1,1,0,0
"POINT (9.734818840000060 52.380353018000051)",Unfall 134107 (2017) Kat:3,134107,3,2,3,09,17,4,0,,1,0,0,0
"POINT (10.010258346000057 52.447768665000069)",Unfall 134108 (2017) Kat:3,134108,3,1,0,09,18,4,1,,1,0,0,0
"POINT (9.756858842000042 52.364723593000065)",Unfall 134109 (2017) Kat:3,134109,3,7,6,09,13,4,0,,1,0,1,0
"POINT (9.751794864000033 52.373354227000050)",Unfall 134110 (2017) Kat:3,134110,3,6,4,09,08,4,0,,1,0,0,0
"POINT (9.716108516000077 52.399612295000054)",Unfall 134132 (2017) Kat:3,134132,3,3,5,09,13,3,0,,0,1,0,0
"POINT (9.686267626000074 52.377205361000051)",Unfall 134133 (2017) Kat:3,134133,3,3,5,09,15,3,0,,1,1,0,0
"POINT (9.716755548000037 52.372858072000042)",Unfall 134134 (2017) Kat:3,134134,3,6,3,09,15,3,0,,0,1,0,0
"POINT (9.687357679000058 52.377080923000051)",Unfall 134135 (2017) Kat:3,134135,3,1,0,09,15,3,0,,1,0,0,0
"POINT (9.746711647000041 52.384476707000033)",Unfall 134136 (2017) Kat:3,134136,3,7,0,09,14,3,0,,1,0,0,0
"POINT (9.804450498000051 52.306803095000078)",Unfall 134137 (2017) Kat:3,134137,3,7,0,09,14,3,0,,1,0,0,0
"POINT (9.733931125000026 52.402568289000044)",Unfall 134138 (2017) Kat:3,134138,3,1,0,09,13,3,0,,1,0,0,0
"POINT (9.748351185000047 52.378375108000057)",Unfall 134139 (2017) Kat:3,134139,3,6,6,09,12,3,0,,1,0,1,0
"POINT (9.672786060000021 52.398274044000061)",Unfall 134161 (2017) Kat:3,134161,3,7,3,09,18,2,1,,0,1,0,1
"POINT (9.750966402000074 52.348367216000042)",Unfall 134162 (2017) Kat:3,134162,3,3,5,09,18,2,1,,1,1,0,0
"POINT (9.732071516000076 52.396302375000062)",Unfall 134163 (2017) Kat:3,134163,3,3,5,09,16,2,0,,0,1,0,0
"POINT (9.789712266000038 52.397059163000051)",Unfall 134164 (2017) Kat:3,134164,3,2,4,09,13,2,1,,1,1,0,0
"POINT (9.668355875000032 52.346541537000064)",Unfall 134165 (2017) Kat:3,134165,3,7,5,09,17,2,1,,1,1,0,0
"POINT (9.960179388000029 52.317947567000033)",Unfall 134166 (2017) Kat:3,134166,3,7,0,09,07,2,1,,0,1,1,0
"POINT (10.013788432000069 52.452310517000058)",Unfall 134167 (2017) Kat:3,134167,3,1,0,09,15,2,0,,1,0,0,0
"POINT (9.753288769000051 52.392185190000077)",Unfall 134168 (2017) Kat:3,134168,3,2,0,09,08,2,1,,1,1,0,0
"POINT (9.677833186000044 52.395857599000067)",Unfall 134193 (2017) Kat:3,134193,3,1,0,09,19,1,1,,0,0,0,1
"POINT (9.718835000000070 52.374101025000073)",Unfall 134194 (2017) Kat:3,134194,3,2,2,09,18,1,1,,1,1,0,0
"POINT (9.552205868000044 52.214726125000027)",Unfall 134195 (2017) Kat:3,134195,3,3,5,09,13,1,1,,0,1,0,0
"POINT (9.458339155000033 52.503200298000081)",Unfall 134196 (2017) Kat:3,134196,3,6,2,09,17,1,1,,0,1,0,0
"POINT (9.823489017000043 52.384169231000044)",Unfall 134197 (2017) Kat:3,134197,3,2,5,09,14,1,1,,0,1,0,0
"POINT (9.738587152000036 52.447653501000048)",Unfall 134198 (2017) Kat:2,134198,2,7,0,09,14,1,1,,1,0,0,0
"POINT (9.752888495000036 52.377609252000070)",Unfall 134199 (2017) Kat:3,134199,3,6,2,09,12,1,1,,0,1,0,0
"POINT (9.799854312000036 52.335864762000028)",Unfall 134217 (2017) Kat:3,134217,3,6,2,09,18,7,0,,0,1,0,0
"POINT (9.462653363000072 52.300298978000058)",Unfall 134218 (2017) Kat:3,134218,3,5,1,09,15,7,0,,1,1,0,0
"POINT (9.731700416000024 52.406022177000068)",Unfall 134219 (2017) Kat:3,134219,3,3,5,09,16,7,0,,0,1,0,0
"POINT (9.656012557000054 52.408693640000081)",Unfall 134254 (2017) Kat:3,134254,3,3,5,09,08,6,0,,1,1,0,0
"POINT (9.721844295000039 52.389402715000074)",Unfall 134255 (2017) Kat:3,134255,3,6,3,09,12,6,0,,1,1,0,0
"POINT (9.804576702000077 52.419577443000037)",Unfall 134256 (2017) Kat:3,134256,3,6,2,09,08,6,0,,0,1,0,0
"POINT (9.459247019000031 52.505264137000040)",Unfall 134257 (2017) Kat:3,134257,3,7,6,09,10,6,0,,0,1,1,0
"POINT (9.672298720000072 52.365084641000067)",Unfall 134258 (2017) Kat:3,134258,3,3,5,09,18,6,0,,1,1,0,0
"POINT (9.704073867000034 52.369611950000035)",Unfall 134259 (2017) Kat:2,134259,2,2,0,09,16,6,0,,1,0,0,1
"POINT (9.787560174000021 52.330820110000047)",Unfall 134260 (2017) Kat:3,134260,3,3,5,09,13,6,0,,0,1,0,0
"POINT (9.770301179000057 52.348964032000026)",Unfall 134285 (2017) Kat:3,134285,3,3,5,09,12,5,0,,0,1,0,0
"POINT (9.749677281000061 52.395048351000071)",Unfall 134286 (2017) Kat:3,134286,3,6,2,09,16,5,0,,0,1,0,0
"POINT (9.635905898000033 52.400793096000029)",Unfall 134287 (2017) Kat:3,134287,3,3,5,09,08,5,0,,1,1,0,0
"POINT (9.730991127000038 52.378642496000055)",Unfall 134292 (2017) Kat:3,134292,3,2,5,10,13,4,0,,1,1,0,0
"POINT (9.712935076000065 52.371558037000057)",Unfall 134321 (2017) Kat:3,134321,3,1,0,10,11,3,1,,1,0,0,0
"POINT (9.755820400000062 52.365635853000072)",Unfall 134322 (2017) Kat:3,134322,3,6,4,10,07,3,1,,0,1,0,0
"POINT (9.721068156000058 52.387580177000075)",Unfall 134323 (2017) Kat:3,134323,3,3,5,10,16,3,1,,1,1,0,0
"POINT (9.753133246000061 52.382752020000055)",Unfall 134324 (2017) Kat:3,134324,3,3,5,10,12,3,1,,1,1,0,0
"POINT (9.461644145000037 52.300422327000035)",Unfall 134325 (2017) Kat:3,134325,3,7,0,10,09,3,0,,0,0,0,0
"POINT (9.971203583000033 52.364825860000053)",Unfall 134326 (2017) Kat:3,134326,3,2,5,10,18,3,1,,0,1,0,0
"POINT (9.818874387000051 52.325726987000053)",Unfall 134327 (2017) Kat:3,134327,3,1,4,10,14,3,1,,0,1,0,0
"POINT (9.735429419000070 52.384488574000045)",Unfall 134328 (2017) Kat:3,134328,3,3,5,10,09,3,1,,1,1,0,0
"POINT (9.809635844000070 52.307416238000030)",Unfall 134355 (2017) Kat:3,134355,3,7,6,10,13,2,0,,0,1,1,0
"POINT (9.681466543000056 52.436499696000055)",Unfall 134356 (2017) Kat:3,134356,3,7,0,10,17,2,1,,1,0,1,0
"POINT (9.901232839000045 52.495517267000082)",Unfall 134357 (2017) Kat:3,134357,3,3,5,10,12,2,0,,1,0,0,0
"POINT (9.684376249000025 52.365941888000066)",Unfall 134369 (2017) Kat:3,134369,3,1,0,10,22,1,0,,1,0,0,0
"POINT (9.529724727000030 52.200827351000044)",Unfall 134370 (2017) Kat:3,134370,3,7,3,10,16,1,1,,1,0,0,1
"POINT (9.699352523000073 52.366139481000062)",Unfall 134371 (2017) Kat:3,134371,3,6,3,10,22,1,0,,0,1,0,0
"POINT (9.744577674000027 52.395157020000056)",Unfall 134383 (2017) Kat:2,134383,2,3,5,10,20,7,1,,1,1,0,0
"POINT (9.595109016000038 52.420995015000074)",Unfall 134384 (2017) Kat:3,134384,3,3,5,10,13,7,1,,1,1,0,0
"POINT (9.820576227000061 52.286069064000060)",Unfall 134404 (2017) Kat:3,134404,3,2,4,10,06,6,1,,0,1,0,1
"POINT (9.736236924000025 52.414568408000036)",Unfall 134405 (2017) Kat:3,134405,3,6,2,10,08,6,0,,0,1,0,0
"POINT (9.741847420000056 52.387062159000038)",Unfall 134406 (2017) Kat:3,134406,3,6,2,10,12,6,1,,0,1,0,0
"POINT (9.419635222000068 52.333317237000074)",Unfall 134407 (2017) Kat:3,134407,3,3,5,10,16,6,1,,0,1,0,0
"POINT (9.710676592000027 52.448157445000049)",Unfall 134408 (2017) Kat:3,134408,3,6,2,10,15,6,1,,0,1,0,0
"POINT (10.081761543000027 52.483292780000056)",Unfall 134409 (2017) Kat:3,134409,3,7,5,10,16,6,1,,0,1,0,1
"POINT (9.677953291000051 52.395615787000054)",Unfall 134439 (2017) Kat:3,134439,3,2,4,10,16,5,1,,0,1,0,0
"POINT (9.652009884000051 52.413282894000076)",Unfall 134440 (2017) Kat:3,134440,3,6,4,10,13,5,1,,0,1,0,0
"POINT (9.747644025000056 52.373914202000037)",Unfall 134441 (2017) Kat:3,134441,3,6,2,10,11,5,0,,1,1,0,0
"POINT (9.734945767000056 52.380125744000054)",Unfall 134442 (2017) Kat:3,134442,3,6,2,10,20,5,1,,0,1,0,0
"POINT (10.170187544000044 52.465399103000038)",Unfall 134443 (2017) Kat:3,134443,3,3,5,10,16,5,1,,1,1,0,0
"POINT (9.790314381000030 52.408243978000030)",Unfall 134444 (2017) Kat:3,134444,3,2,2,10,12,5,1,,0,1,0,0
"POINT (9.711455071000046 52.442787526000075)",Unfall 134445 (2017) Kat:2,134445,2,2,6,10,05,5,1,,0,1,1,0
"POINT (9.719693057000029 52.386670316000050)",Unfall 134446 (2017) Kat:2,134446,2,7,7,10,11,5,1,,1,0,0,0
"POINT (9.555631954000035 52.207068265000032)",Unfall 134463 (2017) Kat:3,134463,3,4,6,10,10,4,0,,0,1,1,0
"POINT (9.601180018000036 52.315177012000049)",Unfall 134464 (2017) Kat:3,134464,3,4,6,10,16,4,0,,0,1,1,0
"POINT (9.732259833000057 52.417740352000067)",Unfall 134465 (2017) Kat:3,134465,3,1,0,10,15,4,0,,1,0,0,0
"POINT (9.739783853000063 52.445183731000043)",Unfall 134466 (2017) Kat:2,134466,2,3,5,10,11,4,0,,1,0,0,0
"POINT (9.738482145000035 52.390116690000070)",Unfall 134467 (2017) Kat:3,134467,3,6,2,10,10,4,0,,0,1,0,0
"POINT (9.706854319000058 52.407815569000036)",Unfall 134468 (2017) Kat:3,134468,3,3,5,10,06,4,1,,0,1,0,0
"POINT (9.802348996000035 52.398445732000027)",Unfall 134481 (2017) Kat:3,134481,3,1,0,10,18,3,1,,0,0,0,1
"POINT (9.988112249000039 52.462554947000058)",Unfall 134482 (2017) Kat:2,134482,2,1,8,10,13,3,0,,0,0,0,1
"POINT (9.742563692000033 52.386274495000066)",Unfall 134483 (2017) Kat:3,134483,3,3,5,10,12,3,0,,0,1,0,0
"POINT (9.724128775000054 52.363737601000082)",Unfall 134498 (2017) Kat:3,134498,3,7,0,10,16,2,0,,0,0,0,1
"POINT (9.771801560000029 52.370857762000071)",Unfall 134499 (2017) Kat:3,134499,3,3,5,10,06,2,1,,0,1,0,0
"POINT (9.836912986000073 52.421182829000031)",Unfall 134500 (2017) Kat:3,134500,3,2,5,10,10,2,1,,0,1,0,0
"POINT (9.676419001000056 52.416064671000072)",Unfall 134531 (2017) Kat:3,134531,3,7,0,10,05,1,1,,1,0,0,0
"POINT (9.690642545000060 52.346127105000051)",Unfall 134532 (2017) Kat:3,134532,3,2,5,10,13,1,0,,1,1,0,0
"POINT (9.478939010000033 52.305407677000062)",Unfall 134533 (2017) Kat:3,134533,3,3,5,10,16,1,0,,1,0,0,0
"POINT (9.743824510000025 52.380704973000036)",Unfall 134555 (2017) Kat:3,134555,3,3,0,09,19,7,0,,1,1,0,0
"POINT (9.707436879000056 52.364332420000039)",Unfall 134556 (2017) Kat:3,134556,3,1,0,09,17,7,0,,1,0,0,0
"POINT (9.729113020000057 52.370512563000034)",Unfall 134557 (2017) Kat:3,134557,3,1,0,09,13,7,1,,0,0,0,1
"POINT (9.694095120000043 52.409161577000077)",Unfall 134577 (2017) Kat:3,134577,3,3,5,10,15,5,0,,1,1,0,0
"POINT (9.745652144000076 52.367378812000027)",Unfall 134578 (2017) Kat:3,134578,3,3,5,10,17,5,0,,1,1,0,0
"POINT (9.681139257000041 52.409495361000040)",Unfall 134602 (2017) Kat:2,134602,2,1,0,10,05,5,1,,1,0,0,0
"POINT (9.722522665000042 52.377245937000055)",Unfall 134603 (2017) Kat:3,134603,3,6,2,10,08,5,0,,0,1,0,0
"POINT (9.739633793000053 52.381203724000045)",Unfall 134604 (2017) Kat:3,134604,3,2,5,10,07,5,0,,1,1,0,0
"POINT (9.462423423000075 52.507663549000029)",Unfall 134605 (2017) Kat:3,134605,3,3,5,10,06,5,1,,0,1,0,0
"POINT (9.769038954000052 52.358462449000058)",Unfall 134606 (2017) Kat:2,134606,2,3,5,10,18,5,0,,1,0,0,1
"POINT (9.756150265000031 52.342667381000069)",Unfall 134607 (2017) Kat:3,134607,3,2,5,10,16,5,0,,1,1,0,0
"POINT (9.711318993000077 52.358503670000061)",Unfall 134608 (2017) Kat:3,134608,3,3,5,10,13,5,0,,0,0,0,1
"POINT (9.817610921000039 52.392812122000066)",Unfall 134609 (2017) Kat:3,134609,3,3,5,10,08,5,0,,1,1,0,0
"POINT (9.664064933000077 52.402769097000032)",Unfall 134610 (2017) Kat:3,134610,3,3,5,10,06,5,1,,0,1,0,1
"POINT (9.716315464000047 52.365889704000040)",Unfall 134611 (2017) Kat:3,134611,3,1,9,10,07,5,0,,1,0,0,0
"POINT (9.668494048000071 52.359050543000080)",Unfall 134644 (2017) Kat:3,134644,3,7,2,10,16,4,0,,0,1,0,0
"POINT (9.448675741000045 52.308178236000060)",Unfall 134645 (2017) Kat:3,134645,3,3,5,10,15,4,0,,1,1,0,0
"POINT (9.471420253000076 52.295933230000060)",Unfall 134646 (2017) Kat:3,134646,3,7,7,10,07,4,0,,1,0,0,0
"POINT (9.736792775000026 52.382886614000029)",Unfall 134647 (2017) Kat:3,134647,3,6,4,10,21,4,0,,1,0,0,0
"POINT (9.722385117000044 52.385090935000051)",Unfall 134648 (2017) Kat:3,134648,3,2,5,10,17,4,0,,1,0,0,0
"POINT (9.708033923000073 52.367159537000077)",Unfall 134649 (2017) Kat:2,134649,2,2,6,10,16,4,0,,0,1,1,0
"POINT (9.678318235000063 52.409968456000058)",Unfall 134679 (2017) Kat:3,134679,3,5,1,10,16,3,0,,1,1,0,0
"POINT (9.814331965000065 52.387717831000032)",Unfall 134680 (2017) Kat:3,134680,3,3,5,10,15,3,0,,1,1,0,0
"POINT (9.792052149000028 52.434091557000045)",Unfall 134681 (2017) Kat:3,134681,3,5,0,10,19,3,0,,0,1,0,0
"POINT (9.764418705000026 52.399190187000045)",Unfall 134682 (2017) Kat:3,134682,3,5,1,10,14,3,0,,1,1,0,0
"POINT (9.420118859000070 52.425115174000041)",Unfall 134683 (2017) Kat:3,134683,3,3,5,10,14,3,0,,1,1,0,0
"POINT (9.764471481000044 52.261740102000033)",Unfall 134684 (2017) Kat:3,134684,3,7,0,10,15,3,0,,1,0,0,0
"POINT (9.977686758000061 52.376160869000046)",Unfall 134685 (2017) Kat:3,134685,3,3,0,10,19,3,0,,1,0,0,0
"POINT (9.975971399000059 52.378302285000075)",Unfall 134686 (2017) Kat:3,134686,3,3,5,10,19,3,0,,1,1,0,0
"POINT (9.803575497000054 52.359901827000044)",Unfall 134687 (2017) Kat:3,134687,3,7,6,10,16,3,0,,0,1,1,0
"POINT (9.736532005000072 52.371288283000069)",Unfall 134688 (2017) Kat:3,134688,3,6,4,10,16,3,0,,1,0,0,0
"POINT (9.793046600000025 52.403212538000048)",Unfall 134689 (2017) Kat:3,134689,3,3,5,10,09,3,0,,1,1,0,0
"POINT (9.776698041000032 52.332798501000070)",Unfall 134712 (2017) Kat:3,134712,3,2,4,10,20,2,0,,1,1,0,0
"POINT (9.750668380000036 52.375351392000027)",Unfall 134713 (2017) Kat:3,134713,3,2,3,10,16,2,0,,1,1,0,0
"POINT (9.562751790000050 52.399808971000027)",Unfall 134714 (2017) Kat:3,134714,3,1,4,10,12,2,0,,1,1,0,0
"POINT (9.702234451000038 52.458974599000044)",Unfall 134715 (2017) Kat:3,134715,3,2,5,10,12,2,0,,0,1,0,0
"POINT (9.713774641000043 52.381714629000044)",Unfall 134735 (2017) Kat:3,134735,3,4,6,10,15,1,0,,0,1,1,0
"POINT (9.744678854000028 52.382238917000052)",Unfall 134736 (2017) Kat:3,134736,3,5,1,10,15,1,0,,1,1,0,0
"POINT (9.736520018000022 52.371092546000057)",Unfall 134737 (2017) Kat:3,134737,3,1,0,10,17,1,0,,1,1,0,0
"POINT (9.739507577000040 52.427752393000048)",Unfall 134738 (2017) Kat:3,134738,3,2,5,10,15,1,0,,0,1,0,1
"POINT (9.773788531000037 52.407715357000029)",Unfall 134739 (2017) Kat:1,134739,1,1,5,10,14,1,0,,1,0,0,0
"POINT (9.728601231000027 52.394545058000062)",Unfall 134757 (2017) Kat:3,134757,3,2,4,10,13,7,0,,0,1,0,1
"POINT (9.590284262000068 52.396300825000026)",Unfall 134758 (2017) Kat:3,134758,3,2,4,10,13,7,0,,1,1,0,0
"POINT (9.745281416000069 52.392008329000078)",Unfall 134759 (2017) Kat:3,134759,3,4,6,10,07,7,0,,1,0,1,0
"POINT (9.826529046000076 52.297589583000047)",Unfall 134785 (2017) Kat:3,134785,3,3,5,10,13,6,0,,0,1,0,0
"POINT (9.769441087000075 52.398098338000068)",Unfall 134786 (2017) Kat:3,134786,3,2,3,10,14,6,0,,1,1,0,0
"POINT (9.850242125000023 52.484007544000065)",Unfall 134787 (2017) Kat:3,134787,3,7,0,10,15,6,0,,0,0,1,1
"POINT (9.632072649000065 52.396181459000047)",Unfall 134788 (2017) Kat:1,134788,1,7,6,10,13,6,0,,0,0,1,0
"POINT (9.668630157000052 52.414811475000079)",Unfall 134789 (2017) Kat:3,134789,3,2,5,10,07,6,0,,1,1,0,0
"POINT (9.725384023000061 52.343089119000069)",Unfall 134809 (2017) Kat:3,134809,3,2,5,10,16,5,0,,1,1,0,0
"POINT (9.740134371000067 52.368142912000053)",Unfall 134810 (2017) Kat:3,134810,3,2,4,10,08,5,1,,1,1,0,0
"POINT (9.754188644000067 52.410229246000029)",Unfall 134815 (2017) Kat:2,134815,2,2,5,10,07,5,1,,1,1,0,0
"POINT (9.709544606000065 52.338236940000058)",Unfall 134826 (2017) Kat:3,134826,3,6,4,10,15,6,0,,1,1,0,0
"POINT (9.708313873000066 52.367104837000056)",Unfall 134827 (2017) Kat:3,134827,3,2,3,10,07,6,0,,1,1,0,0
"POINT (9.724714955000025 52.384890375000055)",Unfall 134836 (2017) Kat:3,134836,3,5,1,10,09,6,0,,1,1,0,0
"POINT (9.732473110000058 52.379161013000044)",Unfall 134837 (2017) Kat:3,134837,3,3,5,10,19,6,1,,0,1,0,1
"POINT (9.448898552000060 52.417093302000069)",Unfall 134838 (2017) Kat:3,134838,3,3,5,10,14,6,0,,1,1,0,0
"POINT (9.989346209000075 52.446676432000061)",Unfall 134839 (2017) Kat:3,134839,3,6,2,10,16,6,1,,0,1,0,0
"POINT (9.788363446000062 52.331077354000058)",Unfall 134840 (2017) Kat:2,134840,2,2,6,10,15,6,0,,0,1,1,0
"POINT (9.555123625000022 52.208695245000058)",Unfall 134841 (2017) Kat:2,134841,2,7,6,10,09,6,0,,0,0,1,0
"POINT (9.792178555000021 52.357240826000066)",Unfall 134842 (2017) Kat:3,134842,3,4,6,10,07,6,1,,0,1,1,0
"POINT (9.692462841000065 52.396658259000048)",Unfall 134871 (2017) Kat:3,134871,3,6,3,10,19,5,0,,0,1,0,0
"POINT (9.806678071000022 52.307922484000073)",Unfall 134872 (2017) Kat:3,134872,3,3,5,10,17,5,0,,0,1,0,0
"POINT (9.839073243000030 52.354297817000031)",Unfall 134873 (2017) Kat:3,134873,3,7,0,10,14,5,0,,0,1,1,0
"POINT (9.756557698000052 52.420401831000049)",Unfall 134874 (2017) Kat:3,134874,3,3,5,10,06,5,1,,0,1,0,1
"POINT (9.745006307000040 52.387564336000082)",Unfall 134875 (2017) Kat:3,134875,3,6,2,10,19,5,0,,0,1,0,1
"POINT (9.726848500000074 52.423177535000036)",Unfall 134876 (2017) Kat:3,134876,3,4,6,10,17,5,0,,0,1,1,0
"POINT (9.753927906000058 52.439632567000046)",Unfall 134877 (2017) Kat:3,134877,3,7,0,10,12,5,0,,1,0,0,0
"POINT (9.803741196000033 52.336172801000032)",Unfall 134878 (2017) Kat:2,134878,2,3,5,10,17,5,0,,1,1,0,0
"POINT (9.616866825000045 52.426740692000067)",Unfall 134879 (2017) Kat:2,134879,2,3,5,10,15,5,0,,0,1,0,1
"POINT (9.852065017000030 52.560130116000039)",Unfall 134880 (2017) Kat:2,134880,2,3,5,10,16,5,0,,0,1,0,0
"POINT (9.814096636000045 52.307214096000052)",Unfall 134881 (2017) Kat:3,134881,3,7,6,10,07,5,0,,0,1,1,0
"POINT (9.819292949000044 52.340407902000038)",Unfall 134909 (2017) Kat:3,134909,3,1,0,10,11,4,0,,0,1,0,0
"POINT (9.791369096000040 52.404160734000072)",Unfall 134910 (2017) Kat:3,134910,3,7,0,10,06,4,1,,0,1,0,0
"POINT (9.604545423000047 52.409894074000078)",Unfall 134911 (2017) Kat:3,134911,3,3,5,10,14,4,0,,0,1,0,0
"POINT (9.708739251000054 52.367168372000037)",Unfall 134912 (2017) Kat:3,134912,3,7,0,10,23,4,1,,1,0,0,0
"POINT (9.713189412000077 52.384499352000034)",Unfall 134913 (2017) Kat:3,134913,3,7,0,10,15,4,0,,0,1,0,1
"POINT (9.788146858000062 52.314752321000071)",Unfall 134953 (2017) Kat:3,134953,3,6,0,10,15,3,0,,0,1,0,0
"POINT (9.764287860000025 52.265053404000071)",Unfall 134954 (2017) Kat:3,134954,3,6,2,10,11,3,0,,0,1,0,0
"POINT (9.561478611000041 52.218833285000073)",Unfall 134955 (2017) Kat:3,134955,3,3,5,10,14,3,0,,1,1,0,0
"POINT (10.007226478000064 52.302581242000031)",Unfall 134956 (2017) Kat:3,134956,3,3,5,10,13,3,1,,0,0,0,1
"POINT (9.735203852000041 52.439807491000067)",Unfall 134957 (2017) Kat:3,134957,3,5,0,10,16,3,0,,1,1,0,0
"POINT (10.004221716000075 52.446001361000071)",Unfall 134958 (2017) Kat:3,134958,3,3,5,10,18,3,1,,1,1,0,0
"POINT (9.554855422000060 52.209112732000051)",Unfall 134959 (2017) Kat:2,134959,2,4,6,10,11,3,0,,0,1,1,0
"POINT (9.677945078000050 52.416066117000071)",Unfall 134979 (2017) Kat:3,134979,3,6,3,10,07,2,1,,0,1,0,0
"POINT (9.812343640000051 52.309182237000073)",Unfall 134980 (2017) Kat:3,134980,3,4,6,10,15,2,1,,0,1,1,0
"POINT (9.597787235000055 52.420611845000053)",Unfall 134981 (2017) Kat:3,134981,3,2,5,10,07,2,0,,1,1,0,0
"POINT (9.964892261000045 52.376994252000031)",Unfall 134982 (2017) Kat:2,134982,2,3,5,10,13,2,1,,0,1,0,1
"POINT (9.739450746000046 52.376262093000037)",Unfall 135012 (2017) Kat:3,135012,3,7,6,10,15,1,0,,0,1,1,0
"POINT (9.581588566000050 52.417715013000077)",Unfall 135013 (2017) Kat:3,135013,3,3,5,10,15,1,1,,1,1,0,0
"POINT (9.739480061000052 52.364253667000071)",Unfall 135030 (2017) Kat:3,135030,3,1,0,10,13,7,1,,1,0,0,0
"POINT (9.771593830000029 52.400484352000035)",Unfall 135031 (2017) Kat:3,135031,3,3,5,10,09,7,0,,0,1,0,0
"POINT (9.762435207000067 52.264027686000077)",Unfall 135032 (2017) Kat:2,135032,2,6,2,10,22,7,1,,1,1,0,0
"POINT (9.606744894000030 52.306139474000076)",Unfall 135033 (2017) Kat:3,135033,3,7,6,10,08,7,0,,0,1,1,0
"POINT (9.593921508000051 52.421101095000040)",Unfall 135034 (2017) Kat:3,135034,3,3,5,10,14,7,1,,1,1,0,0
"POINT (9.659362707000071 52.408965361000071)",Unfall 135035 (2017) Kat:3,135035,3,2,5,10,14,7,1,,1,1,0,0
"POINT (9.751242109000032 52.372427029000050)",Unfall 135061 (2017) Kat:3,135061,3,2,3,10,11,6,1,,1,1,0,0
"POINT (9.827323818000025 52.361146848000033)",Unfall 135062 (2017) Kat:3,135062,3,3,5,10,15,6,1,,1,1,0,0
"POINT (9.805852180000045 52.413306255000066)",Unfall 135063 (2017) Kat:3,135063,3,2,4,10,15,6,1,,1,1,0,0
"POINT (9.570617390000052 52.287916605000078)",Unfall 135064 (2017) Kat:3,135064,3,1,0,10,22,6,1,,1,0,0,0
"POINT (9.754758824000021 52.446742997000058)",Unfall 135065 (2017) Kat:2,135065,2,3,5,10,17,6,1,,1,1,0,0
"POINT (10.012280639000039 52.448237358000029)",Unfall 135066 (2017) Kat:3,135066,3,6,2,10,11,6,1,,0,1,0,0
"POINT (9.742950526000072 52.394762469000057)",Unfall 135067 (2017) Kat:2,135067,2,3,0,10,19,6,1,,1,1,0,0
"POINT (9.747849621000057 52.389214568000057)",Unfall 135068 (2017) Kat:3,135068,3,2,5,10,14,6,1,,1,1,0,0
"POINT (9.744345967000072 52.377746608000052)",Unfall 135076 (2017) Kat:3,135076,3,6,0,11,09,3,0,,0,0,0,0
"POINT (9.728499825000029 52.436827192000067)",Unfall 135077 (2017) Kat:3,135077,3,5,1,11,15,3,0,,1,1,0,0
"POINT (9.724858396000059 52.441678592000073)",Unfall 135078 (2017) Kat:3,135078,3,4,6,11,08,3,0,,0,1,1,0
"POINT (9.777889607000077 52.411267616000032)",Unfall 135079 (2017) Kat:3,135079,3,4,6,11,14,3,0,,0,1,1,0
"POINT (9.742366119000053 52.358818155000051)",Unfall 135090 (2017) Kat:3,135090,3,5,2,11,09,3,0,,0,1,0,0
"POINT (9.709888083000067 52.372619103000034)",Unfall 135091 (2017) Kat:3,135091,3,7,0,11,21,3,0,,1,0,0,0
"POINT (9.723249897000073 52.372390513000028)",Unfall 135111 (2017) Kat:3,135111,3,6,2,11,16,2,0,,1,1,0,0
"POINT (9.747656917000029 52.395265212000027)",Unfall 135112 (2017) Kat:3,135112,3,2,3,11,06,2,0,,1,1,0,0
"POINT (9.462193046000039 52.503890263000073)",Unfall 135113 (2017) Kat:3,135113,3,6,2,11,08,2,0,,0,1,0,0
"POINT (9.761625208000055 52.566479164000043)",Unfall 135114 (2017) Kat:3,135114,3,6,4,11,19,2,0,,1,1,0,0
"POINT (10.196215245000076 52.461333695000064)",Unfall 135115 (2017) Kat:3,135115,3,3,5,11,19,2,0,,1,1,0,0
"POINT (9.718489804000058 52.381001459000061)",Unfall 135116 (2017) Kat:2,135116,2,4,6,11,16,2,0,,0,1,1,0
"POINT (9.725060161000044 52.387357647000044)",Unfall 135117 (2017) Kat:3,135117,3,1,0,11,15,2,0,,1,0,0,0
"POINT (9.712249414000041 52.368634666000048)",Unfall 135118 (2017) Kat:3,135118,3,2,5,11,12,2,0,,1,0,0,0
"POINT (9.705104930000061 52.407288047000065)",Unfall 135119 (2017) Kat:3,135119,3,3,5,11,11,2,0,,0,1,0,0
"POINT (9.760573065000074 52.364184795000028)",Unfall 135120 (2017) Kat:3,135120,3,7,0,11,08,2,0,,1,1,0,0
"POINT (9.746701524000059 52.370057718000055)",Unfall 135121 (2017) Kat:3,135121,3,3,5,11,07,2,1,,1,1,0,0
"POINT (9.677625621000061 52.395962632000078)",Unfall 135122 (2017) Kat:3,135122,3,3,5,11,07,2,0,,1,1,0,0
"POINT (9.722308906000023 52.385157175000074)",Unfall 135137 (2017) Kat:2,135137,2,3,5,11,14,1,1,,1,1,0,0
"POINT (9.725025671000026 52.384318687000075)",Unfall 135138 (2017) Kat:3,135138,3,5,1,11,00,1,0,,1,1,0,0
"POINT (9.792477222000059 52.397440909000068)",Unfall 135152 (2017) Kat:3,135152,3,6,2,11,13,7,0,,0,1,0,0
"POINT (9.964389093000023 52.371684378000054)",Unfall 135153 (2017) Kat:3,135153,3,4,6,11,19,7,0,,0,1,1,0
"POINT (9.702853408000067 52.369231026000080)",Unfall 135154 (2017) Kat:3,135154,3,2,5,11,00,7,0,,1,1,0,0
"POINT (9.791275218000067 52.319991396000034)",Unfall 135178 (2017) Kat:3,135178,3,2,5,11,17,6,0,,0,1,0,0
"POINT (9.728743817000066 52.396732577000080)",Unfall 135179 (2017) Kat:3,135179,3,1,0,11,19,6,0,,1,0,0,0
"POINT (9.747668202000057 52.395264050000037)",Unfall 135180 (2017) Kat:3,135180,3,3,5,11,20,6,1,,0,1,0,0
"POINT (9.431885310000041 52.412373104000039)",Unfall 135181 (2017) Kat:3,135181,3,3,5,11,10,6,0,,1,0,0,0
"POINT (9.895831969000028 52.445472458000040)",Unfall 135182 (2017) Kat:3,135182,3,3,5,11,07,6,0,,1,1,0,0
"POINT (10.020609916000069 52.436661378000053)",Unfall 135183 (2017) Kat:3,135183,3,3,5,11,13,6,0,,0,1,0,1
"POINT (10.007017340000061 52.452463912000042)",Unfall 135184 (2017) Kat:3,135184,3,3,0,11,14,6,0,,0,1,0,1
"POINT (9.726181360000055 52.377229319000037)",Unfall 135185 (2017) Kat:3,135185,3,7,5,11,12,6,0,,1,1,0,0
"POINT (9.806758758000058 52.388697227000080)",Unfall 135186 (2017) Kat:3,135186,3,2,3,11,07,6,0,,1,0,0,0
"POINT (9.734061014000076 52.368708314000060)",Unfall 135216 (2017) Kat:3,135216,3,2,5,11,17,5,0,,1,1,0,0
"POINT (9.770316282000067 52.358907959000078)",Unfall 135217 (2017) Kat:3,135217,3,3,5,11,09,5,0,,0,1,0,1
"POINT (9.746406496000077 52.395265919000053)",Unfall 135218 (2017) Kat:3,135218,3,3,0,11,06,5,1,,0,1,0,0
"POINT (9.354730108000069 52.454179877000058)",Unfall 135219 (2017) Kat:3,135219,3,5,1,11,12,5,1,,0,1,0,1
"POINT (9.603192585000045 52.314006468000059)",Unfall 135220 (2017) Kat:3,135220,3,7,0,11,11,5,0,,0,1,0,1
"POINT (9.713112109000065 52.372386695000046)",Unfall 135221 (2017) Kat:3,135221,3,2,5,11,19,5,0,,0,1,0,1
"POINT (9.740050295000060 52.366998807000073)",Unfall 135222 (2017) Kat:2,135222,2,3,5,11,09,5,0,,1,1,0,0
"POINT (9.790537956000037 52.407477156000027)",Unfall 135254 (2017) Kat:3,135254,3,7,0,11,22,4,1,,1,0,0,0
"POINT (9.448684769000067 52.423674420000054)",Unfall 135255 (2017) Kat:3,135255,3,1,8,11,07,4,0,,0,1,1,0
"POINT (9.732725090000031 52.478239360000032)",Unfall 135256 (2017) Kat:3,135256,3,4,6,11,07,4,1,,0,1,1,0
"POINT (9.847011505000069 52.490789113000062)",Unfall 135257 (2017) Kat:3,135257,3,3,5,11,14,4,0,,1,0,0,0
"POINT (9.749496059000023 52.378384625000081)",Unfall 135293 (2017) Kat:3,135293,3,7,6,10,07,2,0,,0,0,1,0
"POINT (9.467130744000031 52.508139947000075)",Unfall 135294 (2017) Kat:3,135294,3,3,5,10,12,2,0,,0,1,0,0
"POINT (9.973233900000025 52.376391049000063)",Unfall 135295 (2017) Kat:3,135295,3,4,6,10,10,2,0,,0,1,1,0
"POINT (9.737472065000077 52.443926310000052)",Unfall 135296 (2017) Kat:3,135296,3,3,5,10,14,2,0,,0,1,0,0
"POINT (9.689880275000064 52.342351658000041)",Unfall 135297 (2017) Kat:3,135297,3,4,6,10,18,2,0,,0,1,1,0
"POINT (9.696815438000044 52.341691110000056)",Unfall 135314 (2017) Kat:3,135314,3,6,2,10,15,1,1,,0,1,0,0
"POINT (9.681661793000046 52.359679081000081)",Unfall 135315 (2017) Kat:3,135315,3,3,5,10,20,1,1,,0,1,0,0
"POINT (9.730964853000046 52.394954304000066)",Unfall 135316 (2017) Kat:3,135316,3,3,5,10,10,1,1,,0,1,0,0
"POINT (9.425906767000072 52.429469153000070)",Unfall 135317 (2017) Kat:3,135317,3,3,5,10,15,1,1,,0,1,0,0
"POINT (9.980956718000073 52.388349738000045)",Unfall 135318 (2017) Kat:3,135318,3,1,9,10,16,1,1,,0,1,0,0
"POINT (9.739979618000064 52.366991391000056)",Unfall 135335 (2017) Kat:3,135335,3,3,5,10,14,7,0,,0,1,0,0
"POINT (9.739883038000073 52.382979133000049)",Unfall 135336 (2017) Kat:3,135336,3,5,1,10,15,7,0,,1,1,0,0
"POINT (9.720201097000029 52.391559506000078)",Unfall 135358 (2017) Kat:3,135358,3,6,2,11,09,4,1,,0,1,1,0
"POINT (9.486511164000035 52.289188949000049)",Unfall 135359 (2017) Kat:3,135359,3,3,0,11,11,4,0,,1,1,0,0
"POINT (9.733717832000025 52.545766478000075)",Unfall 135360 (2017) Kat:3,135360,3,2,5,11,15,4,1,,0,1,0,1
"POINT (9.734221308000031 52.384397092000029)",Unfall 135361 (2017) Kat:3,135361,3,7,6,11,23,4,0,,0,1,1,0
"POINT (9.804266751000057 52.391218402000050)",Unfall 135362 (2017) Kat:2,135362,2,2,5,11,18,4,0,,1,1,0,0
"POINT (9.794261174000042 52.393532994000054)",Unfall 135363 (2017) Kat:3,135363,3,3,5,11,15,4,0,,1,1,0,0
"POINT (9.849455402000046 52.387682281000082)",Unfall 135364 (2017) Kat:3,135364,3,5,2,11,05,4,1,,0,1,0,0
"POINT (9.727611232000072 52.436897498000064)",Unfall 135365 (2017) Kat:2,135365,2,2,6,11,07,4,1,,0,0,1,0
"POINT (9.667687856000043 52.415551531000062)",Unfall 135390 (2017) Kat:3,135390,3,2,0,11,13,3,0,,0,1,0,1
"POINT (9.809722921000059 52.384281355000041)",Unfall 135391 (2017) Kat:3,135391,3,2,4,11,09,3,0,,0,1,0,0
"POINT (9.754316723000045 52.368366168000080)",Unfall 135392 (2017) Kat:3,135392,3,2,4,11,17,3,0,,1,1,0,0
"POINT (9.819780950000052 52.326879552000037)",Unfall 135393 (2017) Kat:3,135393,3,5,1,11,10,3,1,,0,1,0,0
"POINT (9.455780363000031 52.507297819000030)",Unfall 135394 (2017) Kat:3,135394,3,3,5,11,16,3,1,,1,1,0,0
"POINT (9.756929879000040 52.524260275000074)",Unfall 135395 (2017) Kat:3,135395,3,3,5,11,17,3,0,,1,1,0,0
"POINT (9.908659937000039 52.366626943000028)",Unfall 135396 (2017) Kat:3,135396,3,3,5,11,11,3,0,,0,1,0,0
"POINT (9.741109457000050 52.448787076000031)",Unfall 135397 (2017) Kat:3,135397,3,4,6,11,19,3,1,,1,0,1,0
"POINT (9.734101703000022 52.454200938000042)",Unfall 135398 (2017) Kat:3,135398,3,2,5,11,06,3,0,,1,1,0,0
"POINT (9.741070219000051 52.373926399000027)",Unfall 135399 (2017) Kat:2,135399,2,5,1,11,19,3,1,,1,1,0,0
"POINT (9.821423676000052 52.345171605000075)",Unfall 135400 (2017) Kat:2,135400,2,7,0,11,07,3,1,,0,0,0,1
"POINT (9.717196101000070 52.344979722000062)",Unfall 135434 (2017) Kat:3,135434,3,4,6,11,17,2,0,,0,1,1,0
"POINT (9.808671246000074 52.379564616000039)",Unfall 135435 (2017) Kat:3,135435,3,3,0,11,10,2,0,,1,0,0,0
"POINT (9.792814380000039 52.414161729000057)",Unfall 135436 (2017) Kat:3,135436,3,6,2,11,07,2,1,,0,1,0,0
"POINT (9.733006878000026 52.381435682000074)",Unfall 135437 (2017) Kat:3,135437,3,7,0,11,20,2,0,,1,0,0,0
"POINT (9.734934054000064 52.380268627000078)",Unfall 135438 (2017) Kat:3,135438,3,2,5,11,18,2,0,,1,1,0,0
"POINT (9.706455057000028 52.390101678000065)",Unfall 135439 (2017) Kat:1,135439,1,4,6,11,19,2,0,,0,0,1,0
"POINT (9.743462231000024 52.396758865000038)",Unfall 135440 (2017) Kat:3,135440,3,5,1,11,18,2,0,,1,1,0,0
"POINT (9.710868550000043 52.359403993000058)",Unfall 135441 (2017) Kat:3,135441,3,2,5,11,15,2,0,,0,1,0,0
"POINT (9.585545833000026 52.208677078000051)",Unfall 135442 (2017) Kat:1,135442,1,7,0,11,13,2,1,,0,1,0,0
"POINT (9.807122525000068 52.394889090000049)",Unfall 135443 (2017) Kat:3,135443,3,7,0,11,09,2,1,,0,0,0,0
"POINT (9.733543791000045 52.387475180000081)",Unfall 135444 (2017) Kat:3,135444,3,4,6,11,15,2,0,,0,1,1,0
"POINT (9.720629974000076 52.337785178000047)",Unfall 135459 (2017) Kat:3,135459,3,6,2,11,14,1,1,,0,1,0,0
"POINT (9.702967364000074 52.374875140000029)",Unfall 135477 (2017) Kat:3,135477,3,7,0,11,11,7,1,,0,1,0,1
"POINT (9.737993543000073 52.382169730000044)",Unfall 135478 (2017) Kat:3,135478,3,2,4,11,16,7,0,,1,1,0,0
"POINT (9.753373430000067 52.378358054000046)",Unfall 135479 (2017) Kat:3,135479,3,2,5,11,12,7,1,,0,1,0,0
"POINT (9.423660617000053 52.428501606000054)",Unfall 135480 (2017) Kat:3,135480,3,1,4,11,18,7,1,,0,1,0,0
"POINT (9.599681300000043 52.312384990000055)",Unfall 135481 (2017) Kat:3,135481,3,7,6,11,21,7,1,,0,1,1,0
"POINT (9.814051466000024 52.380566782000074)",Unfall 135482 (2017) Kat:3,135482,3,4,6,11,18,7,1,,0,1,1,0
"POINT (9.734501663000060 52.367830852000054)",Unfall 135483 (2017) Kat:3,135483,3,5,2,11,14,7,1,,0,1,0,1
"POINT (9.686158603000024 52.417394830000035)",Unfall 135513 (2017) Kat:3,135513,3,6,2,11,14,6,1,,0,1,0,0
"POINT (9.747422698000037 52.352856784000039)",Unfall 135514 (2017) Kat:3,135514,3,4,0,11,18,6,1,,0,0,1,1
"POINT (9.749841081000056 52.349678627000060)",Unfall 135515 (2017) Kat:3,135515,3,5,2,11,07,6,1,,0,1,0,0
"POINT (9.827154443000040 52.353390187000059)",Unfall 135516 (2017) Kat:3,135516,3,3,5,11,10,6,1,,0,1,0,0
"POINT (9.749803727000028 52.378035343000079)",Unfall 135517 (2017) Kat:3,135517,3,1,0,11,08,6,1,,1,0,0,0
"POINT (9.744003103000068 52.390502244000061)",Unfall 135518 (2017) Kat:3,135518,3,3,5,11,05,6,1,,0,1,0,0
"POINT (9.734948792000068 52.380276549000030)",Unfall 135519 (2017) Kat:3,135519,3,2,4,11,08,6,1,,0,1,0,0
"POINT (9.597465532000058 52.419350781000048)",Unfall 135520 (2017) Kat:3,135520,3,6,2,11,11,6,0,,0,1,0,0
"POINT (10.088161940000077 52.391254114000049)",Unfall 135521 (2017) Kat:3,135521,3,5,1,11,06,6,1,,1,1,0,0
"POINT (9.754776781000032 52.434809736000034)",Unfall 135522 (2017) Kat:3,135522,3,3,5,11,14,6,1,,0,1,0,0
"POINT (9.862370513000030 52.491098615000055)",Unfall 135523 (2017) Kat:3,135523,3,6,6,11,17,6,0,,0,1,1,0
"POINT (9.855363347000036 52.366829102000054)",Unfall 135524 (2017) Kat:3,135524,3,4,6,11,08,6,1,,0,1,1,0
"POINT (9.655607834000023 52.408955537000054)",Unfall 135525 (2017) Kat:3,135525,3,3,5,11,07,6,1,,0,1,0,1
"POINT (9.558069906000071 52.210675802000026)",Unfall 135557 (2017) Kat:3,135557,3,3,5,11,10,5,0,,0,1,0,0
"POINT (9.724895202000027 52.477787037000041)",Unfall 135558 (2017) Kat:3,135558,3,7,0,11,19,5,0,,0,1,0,0
"POINT (9.744023343000038 52.369686956000066)",Unfall 135559 (2017) Kat:3,135559,3,3,5,11,17,5,0,,1,1,0,0
"POINT (9.667464864000067 52.386282209000058)",Unfall 135560 (2017) Kat:3,135560,3,3,5,11,16,5,0,,1,1,0,0
"POINT (9.671585288000074 52.355757667000034)",Unfall 135561 (2017) Kat:2,135561,2,2,6,11,08,5,0,,0,1,1,0
"POINT (9.694080771000074 52.352750740000033)",Unfall 135577 (2017) Kat:3,135577,3,6,2,11,11,4,0,,0,1,0,0
"POINT (9.662956479000059 52.344271256000070)",Unfall 135578 (2017) Kat:3,135578,3,4,6,11,13,4,0,,0,1,1,0
"POINT (9.611140423000052 52.429767904000073)",Unfall 135579 (2017) Kat:3,135579,3,3,5,11,17,4,0,,0,1,0,0
"POINT (9.817048533000047 52.381446839000034)",Unfall 135580 (2017) Kat:3,135580,3,2,6,11,17,4,0,,0,1,1,0
"POINT (9.617306940000049 52.443242358000077)",Unfall 135602 (2017) Kat:3,135602,3,3,5,11,17,6,1,,1,1,0,0
"POINT (9.728611777000026 52.394527202000063)",Unfall 135604 (2017) Kat:2,135604,2,2,6,11,19,6,0,,0,1,1,0
"POINT (9.771058727000025 52.375666552000041)",Unfall 135605 (2017) Kat:3,135605,3,7,0,11,18,6,0,,1,0,0,0
"POINT (9.807814722000046 52.296670523000046)",Unfall 135606 (2017) Kat:2,135606,2,4,6,11,09,6,1,,0,1,1,0
"POINT (9.694437403000052 52.352743256000053)",Unfall 135626 (2017) Kat:3,135626,3,6,2,11,17,5,0,,0,1,0,0
"POINT (9.718679686000030 52.365546012000038)",Unfall 135627 (2017) Kat:3,135627,3,2,6,11,16,5,0,,0,1,1,0
"POINT (9.737527366000052 52.370339340000044)",Unfall 135628 (2017) Kat:3,135628,3,5,1,11,12,5,0,,1,1,0,0
"POINT (9.757161555000039 52.375032365000038)",Unfall 135629 (2017) Kat:3,135629,3,5,1,11,17,5,0,,1,1,0,0
"POINT (9.736840848000043 52.376771408000081)",Unfall 135630 (2017) Kat:3,135630,3,2,0,11,15,5,0,,1,1,0,0
"POINT (9.422313581000026 52.421755498000039)",Unfall 135659 (2017) Kat:3,135659,3,7,1,11,14,4,0,,1,0,0,0
"POINT (9.459597273000043 52.505781248000062)",Unfall 135660 (2017) Kat:3,135660,3,2,4,11,10,4,0,,1,1,0,0
"POINT (9.965974904000063 52.364412644000026)",Unfall 135661 (2017) Kat:3,135661,3,3,5,11,17,4,0,,1,1,0,0
"POINT (9.735695627000041 52.427968530000044)",Unfall 135662 (2017) Kat:3,135662,3,1,0,11,15,4,1,,1,0,0,0
"POINT (9.707085705000054 52.373501289000046)",Unfall 135663 (2017) Kat:3,135663,3,3,5,11,16,4,0,,1,1,0,0
"POINT (9.735449222000057 52.387071161000051)",Unfall 135664 (2017) Kat:3,135664,3,4,6,11,07,4,0,,0,1,1,0
"POINT (9.739500749000058 52.364343720000079)",Unfall 135691 (2017) Kat:3,135691,3,7,7,11,07,3,1,,1,0,1,0
"POINT (9.758807956000055 52.362458090000075)",Unfall 135692 (2017) Kat:3,135692,3,3,5,11,07,3,1,,1,1,0,0
"POINT (9.819580645000031 52.331343505000063)",Unfall 135693 (2017) Kat:3,135693,3,2,4,11,13,3,1,,0,1,0,0
"POINT (9.790270823000071 52.410393259000045)",Unfall 135694 (2017) Kat:3,135694,3,7,8,11,18,3,1,,0,1,0,0
"POINT (9.763262282000028 52.401576056000067)",Unfall 135695 (2017) Kat:3,135695,3,7,5,11,12,3,0,,1,1,0,0
"POINT (9.741846163000048 52.373696043000052)",Unfall 135696 (2017) Kat:2,135696,2,7,0,11,16,3,1,,0,0,0,0
"POINT (9.736810060000039 52.371037970000032)",Unfall 135697 (2017) Kat:3,135697,3,2,3,11,07,3,1,,1,0,0,0
"POINT (9.552232559000061 52.214782364000030)",Unfall 135698 (2017) Kat:3,135698,3,3,5,11,08,3,1,,0,1,0,0
"POINT (9.822508961000040 52.326639160000070)",Unfall 135699 (2017) Kat:3,135699,3,3,5,11,17,3,1,,1,1,0,0
"POINT (9.804308021000054 52.391499782000039)",Unfall 135700 (2017) Kat:3,135700,3,2,5,11,15,3,1,,1,1,0,0
"POINT (9.670112138000036 52.355259084000068)",Unfall 135745 (2017) Kat:3,135745,3,4,6,11,17,2,1,,0,1,1,0
"POINT (9.804992438000056 52.409516776000032)",Unfall 135746 (2017) Kat:3,135746,3,6,2,11,16,2,1,,0,1,0,0
"POINT (9.761318758000073 52.380058002000055)",Unfall 135747 (2017) Kat:3,135747,3,3,5,11,19,2,1,,1,1,0,0
"POINT (9.734848734000025 52.376695094000070)",Unfall 135748 (2017) Kat:3,135748,3,7,6,11,12,2,1,,1,0,1,0
"POINT (9.381333683000037 52.460033830000043)",Unfall 135749 (2017) Kat:2,135749,2,1,8,11,19,2,1,,1,0,1,0
"POINT (9.592917648000025 52.398459718000026)",Unfall 135750 (2017) Kat:3,135750,3,2,4,11,08,2,1,,1,1,0,0
"POINT (9.776086552000038 52.552930572000037)",Unfall 135751 (2017) Kat:3,135751,3,2,5,11,07,2,1,,0,1,0,0
"POINT (9.717421017000049 52.381642302000046)",Unfall 135752 (2017) Kat:3,135752,3,3,5,11,18,2,1,,1,1,0,0
"POINT (9.769739918000028 52.358628369000030)",Unfall 135753 (2017) Kat:3,135753,3,3,0,11,11,2,1,,0,1,0,1
"POINT (9.740996372000041 52.398850195000080)",Unfall 135754 (2017) Kat:3,135754,3,3,5,11,08,2,1,,1,1,0,0
"POINT (9.806706173000066 52.417870341000082)",Unfall 135775 (2017) Kat:3,135775,3,4,6,11,13,1,1,,0,1,1,0
"POINT (9.830861465000055 52.334803510000029)",Unfall 135776 (2017) Kat:2,135776,2,4,6,11,17,1,1,,1,0,1,0
"POINT (9.674444504000064 52.357203602000027)",Unfall 135777 (2017) Kat:2,135777,2,2,6,11,12,1,1,,0,1,1,0
"POINT (9.739950941000075 52.369138311000029)",Unfall 135789 (2017) Kat:3,135789,3,3,5,11,00,7,0,,1,1,0,0
"POINT (9.741539674000023 52.438672304000079)",Unfall 135790 (2017) Kat:3,135790,3,2,4,11,13,7,0,,1,1,0,0
"POINT (10.004359324000063 52.447770842000068)",Unfall 135791 (2017) Kat:3,135791,3,1,0,11,11,7,0,,1,0,0,0
"POINT (9.761612190000051 52.379712272000063)",Unfall 135792 (2017) Kat:3,135792,3,3,0,11,13,7,0,,0,1,0,0
"POINT (9.798700764000046 52.308419244000049)",Unfall 135816 (2017) Kat:3,135816,3,3,5,11,07,6,1,,1,1,0,0
"POINT (9.741594068000040 52.403891211000030)",Unfall 135817 (2017) Kat:3,135817,3,3,0,11,07,6,1,,1,1,0,0
"POINT (9.527457294000044 52.461334507000061)",Unfall 135818 (2017) Kat:3,135818,3,6,2,11,19,6,0,,0,1,0,0
"POINT (9.797212413000068 52.321912667000049)",Unfall 135819 (2017) Kat:3,135819,3,4,6,11,18,6,0,,0,1,1,0
"POINT (9.745759213000042 52.367379469000070)",Unfall 135820 (2017) Kat:3,135820,3,4,6,11,16,6,0,,0,1,1,0
"POINT (9.678233524000063 52.416341095000064)",Unfall 135851 (2017) Kat:3,135851,3,3,5,11,19,5,0,,1,1,0,0
"POINT (9.805906951000054 52.384878084000036)",Unfall 135852 (2017) Kat:3,135852,3,7,2,11,14,5,0,,0,1,0,0
"POINT (9.859401140000045 52.362265475000072)",Unfall 135853 (2017) Kat:3,135853,3,6,2,11,17,5,0,,0,1,0,0
"POINT (9.355703496000047 52.453504356000053)",Unfall 135854 (2017) Kat:3,135854,3,1,6,11,12,5,0,,0,0,1,0
"POINT (9.854329548000067 52.491880511000033)",Unfall 135855 (2017) Kat:3,135855,3,4,6,11,16,5,0,,0,1,1,0
"POINT (9.797737217000076 52.317967670000030)",Unfall 135856 (2017) Kat:3,135856,3,3,5,11,18,5,0,,0,1,0,0
"POINT (9.729116087000023 52.378086837000069)",Unfall 135857 (2017) Kat:3,135857,3,3,5,11,18,5,0,,0,1,0,1
"POINT (9.736158029000023 52.384148607000043)",Unfall 135858 (2017) Kat:3,135858,3,2,5,11,16,5,0,,1,1,0,0
"POINT (9.809892975000025 52.384403735000035)",Unfall 135859 (2017) Kat:3,135859,3,3,5,11,17,5,0,,0,1,0,0
"POINT (9.755018477000021 52.430850777000046)",Unfall 135870 (2017) Kat:3,135870,3,1,4,12,20,2,1,,0,1,0,0
"POINT (9.743820423000045 52.371109807000039)",Unfall 135871 (2017) Kat:3,135871,3,2,4,12,22,2,1,,1,1,0,0
"POINT (9.850960914000041 52.412644995000051)",Unfall 135873 (2017) Kat:3,135873,3,1,8,12,12,2,1,,0,1,0,0
"POINT (9.745051886000056 52.381805068000062)",Unfall 135880 (2017) Kat:3,135880,3,5,1,12,01,1,1,,1,1,0,0
"POINT (9.781450629000062 52.411389905000078)",Unfall 135881 (2017) Kat:3,135881,3,4,6,12,14,1,1,,0,1,1,0
"POINT (9.743081645000075 52.379665199000044)",Unfall 135882 (2017) Kat:2,135882,2,4,6,12,03,1,1,,0,1,1,0
"POINT (9.725580202000060 52.397845994000079)",Unfall 135895 (2017) Kat:3,135895,3,3,5,12,02,7,1,,0,1,0,0
"POINT (9.737205256000038 52.371671912000068)",Unfall 135896 (2017) Kat:3,135896,3,5,1,12,19,7,0,,1,1,0,0
"POINT (9.780177093000077 52.328436362000048)",Unfall 135930 (2017) Kat:3,135930,3,2,6,12,18,6,0,,0,1,1,0
"POINT (9.731847554000069 52.405699044000073)",Unfall 135931 (2017) Kat:3,135931,3,7,0,12,11,6,1,,1,0,0,0
"POINT (9.548400766000043 52.208076841000036)",Unfall 135932 (2017) Kat:3,135932,3,1,0,12,05,6,1,,1,0,0,0
"POINT (9.904265894000048 52.376328450000074)",Unfall 135933 (2017) Kat:3,135933,3,2,5,12,07,6,0,,1,1,0,0
"POINT (9.981873274000066 52.380236972000034)",Unfall 135934 (2017) Kat:3,135934,3,2,5,12,07,6,0,,1,1,0,0
"POINT (9.728275320000023 52.430003055000043)",Unfall 135935 (2017) Kat:3,135935,3,3,5,12,13,6,1,,0,1,0,1
"POINT (9.773426344000029 52.398010124000052)",Unfall 135936 (2017) Kat:3,135936,3,6,2,12,15,6,1,,0,1,0,0
"POINT (9.723507925000035 52.387012349000031)",Unfall 135937 (2017) Kat:1,135937,1,4,6,12,09,6,0,,0,0,1,0
"POINT (9.755637320000062 52.392638489000035)",Unfall 135972 (2017) Kat:3,135972,3,3,5,11,18,5,0,,0,1,0,1
"POINT (9.974530413000025 52.401580798000055)",Unfall 135973 (2017) Kat:3,135973,3,5,0,11,19,5,0,,1,1,0,0
"POINT (9.738480369000058 52.438592417000052)",Unfall 135974 (2017) Kat:3,135974,3,6,2,11,19,5,0,,0,1,0,0
"POINT (10.000238079000042 52.455327674000046)",Unfall 135975 (2017) Kat:3,135975,3,4,0,11,16,5,1,,1,0,1,0
"POINT (10.005390705000025 52.447950423000066)",Unfall 135976 (2017) Kat:3,135976,3,3,5,11,07,5,1,,1,0,0,0
"POINT (9.567191507000075 52.287704226000074)",Unfall 135977 (2017) Kat:2,135977,2,4,6,11,18,5,1,,0,1,1,0
"POINT (9.752052626000022 52.371482571000058)",Unfall 135978 (2017) Kat:3,135978,3,4,6,11,08,5,0,,0,0,1,0
"POINT (9.707104901000037 52.373522617000049)",Unfall 135979 (2017) Kat:3,135979,3,3,0,11,07,5,1,,0,1,0,0
"POINT (9.853997398000047 52.390592091000030)",Unfall 136007 (2017) Kat:3,136007,3,3,5,11,12,4,0,,1,0,0,0
"POINT (9.725297164000040 52.546899770000039)",Unfall 136042 (2017) Kat:3,136042,3,7,5,11,07,3,1,,0,1,1,0
"POINT (9.827012021000030 52.298597296000082)",Unfall 136072 (2017) Kat:3,136072,3,2,2,11,16,2,1,,0,1,0,0
"POINT (9.755947499000058 52.355684871000051)",Unfall 136073 (2017) Kat:3,136073,3,2,4,11,19,2,1,,1,1,0,0
"POINT (9.743611698000052 52.379399312000032)",Unfall 136074 (2017) Kat:3,136074,3,2,4,11,13,2,1,,1,0,0,0
"POINT (9.749687585000061 52.391612126000041)",Unfall 136075 (2017) Kat:3,136075,3,5,0,11,08,2,0,,1,1,0,0
"POINT (9.610972196000034 52.414582691000078)",Unfall 136076 (2017) Kat:3,136076,3,2,2,11,15,2,1,,0,1,0,0
"POINT (9.716808854000021 52.362161630000060)",Unfall 136077 (2017) Kat:2,136077,2,4,6,11,17,2,1,,0,1,1,0
"POINT (9.700381052000068 52.326586998000039)",Unfall 136096 (2017) Kat:3,136096,3,3,5,11,11,1,0,,1,1,0,0
"POINT (9.738305536000041 52.440861338000047)",Unfall 136097 (2017) Kat:3,136097,3,6,2,11,18,1,0,,0,1,0,0
"POINT (9.728557033000072 52.394620263000036)",Unfall 136098 (2017) Kat:3,136098,3,3,5,11,22,1,1,,0,1,0,0
"POINT (9.809406654000043 52.403985180000063)",Unfall 136114 (2017) Kat:3,136114,3,2,5,11,07,7,1,,1,1,0,0
"POINT (9.768126940000059 52.265176189000044)",Unfall 136115 (2017) Kat:3,136115,3,6,2,11,15,7,1,,0,1,0,0
"POINT (9.590621779000060 52.441287502000080)",Unfall 136116 (2017) Kat:3,136116,3,1,8,11,17,7,0,,0,1,0,0
"POINT (9.811925713000051 52.305536535000044)",Unfall 136117 (2017) Kat:2,136117,2,2,5,11,15,7,1,,0,1,0,0
"POINT (9.788386369000023 52.331084696000062)",Unfall 136138 (2017) Kat:3,136138,3,2,6,11,07,6,1,,0,1,1,0
"POINT (9.784749295000040 52.325866191000046)",Unfall 136139 (2017) Kat:3,136139,3,3,5,11,09,6,1,,0,1,0,0
"POINT (9.657034967000072 52.407144917000039)",Unfall 136161 (2017) Kat:3,136161,3,2,5,12,14,4,1,,0,1,0,0
"POINT (9.707723243000032 52.344025572000078)",Unfall 136162 (2017) Kat:3,136162,3,5,1,12,08,4,0,,1,1,0,0
"POINT (9.728506355000036 52.394707826000058)",Unfall 136163 (2017) Kat:3,136163,3,4,6,12,16,4,1,,0,1,1,0
"POINT (9.755928050000023 52.390400903000057)",Unfall 136164 (2017) Kat:3,136164,3,6,2,12,07,4,1,,0,1,0,0
"POINT (9.589641818000075 52.418868802000077)",Unfall 136165 (2017) Kat:3,136165,3,3,0,12,14,4,0,,1,1,0,0
"POINT (10.026426015000027 52.442252507000035)",Unfall 136166 (2017) Kat:3,136166,3,3,5,12,07,4,0,,1,1,0,0
"POINT (9.744237384000030 52.373326528000064)",Unfall 136167 (2017) Kat:3,136167,3,7,0,12,13,4,1,,1,0,0,0
"POINT (9.838055919000055 52.338539920000073)",Unfall 136168 (2017) Kat:3,136168,3,1,0,12,10,4,2,,1,0,0,0
"POINT (9.718219087000023 52.396344931000044)",Unfall 136169 (2017) Kat:3,136169,3,4,6,12,07,4,2,,0,0,1,0
"POINT (9.669743315000062 52.355209825000031)",Unfall 136201 (2017) Kat:3,136201,3,4,6,12,16,3,1,,0,1,1,0
"POINT (9.906269184000053 52.293621668000071)",Unfall 136202 (2017) Kat:3,136202,3,7,6,12,14,3,1,,0,1,1,0
"POINT (9.737575776000028 52.453580419000048)",Unfall 136203 (2017) Kat:3,136203,3,2,5,12,16,3,1,,1,1,0,0
"POINT (9.688411466000048 52.417961834000039)",Unfall 136204 (2017) Kat:2,136204,2,3,5,12,06,3,1,,1,1,0,0
"POINT (9.690410648000068 52.346165961000054)",Unfall 136228 (2017) Kat:3,136228,3,2,5,12,07,2,1,,1,0,0,0
"POINT (9.744164957000066 52.390410060000079)",Unfall 136229 (2017) Kat:3,136229,3,6,2,12,15,2,2,,0,1,0,0
"POINT (9.741204947000028 52.360346972000059)",Unfall 136264 (2017) Kat:3,136264,3,7,8,12,23,7,1,,0,1,0,0
"POINT (9.728309775000071 52.358979651000027)",Unfall 136265 (2017) Kat:3,136265,3,3,5,12,19,7,1,,1,1,0,0
"POINT (9.613902525000071 52.436076798000045)",Unfall 136266 (2017) Kat:3,136266,3,3,5,12,13,7,1,,0,1,0,0
"POINT (9.530038193000053 52.460435695000058)",Unfall 136267 (2017) Kat:3,136267,3,3,5,12,08,7,1,,1,1,0,0
"POINT (9.792302043000063 52.318309289000069)",Unfall 136268 (2017) Kat:3,136268,3,4,6,12,18,7,1,,0,1,1,0
"POINT (10.168535296000073 52.460895708000066)",Unfall 136269 (2017) Kat:3,136269,3,1,8,12,12,7,1,,0,0,0,0
"POINT (9.714485190000062 52.366276267000046)",Unfall 136270 (2017) Kat:2,136270,2,3,0,12,14,7,1,,0,1,0,1
"POINT (9.683863328000030 52.411548989000039)",Unfall 136298 (2017) Kat:3,136298,3,3,5,12,08,6,0,,1,0,0,0
"POINT (9.708185994000075 52.367201522000073)",Unfall 136299 (2017) Kat:3,136299,3,3,5,12,21,6,0,,1,1,0,0
"POINT (9.462123851000058 52.413264149000042)",Unfall 136300 (2017) Kat:3,136300,3,2,4,12,05,6,1,,0,1,0,0
"POINT (9.726121799000055 52.326368359000071)",Unfall 136301 (2017) Kat:3,136301,3,4,6,12,13,6,0,,0,1,1,0
"POINT (9.599313214000063 52.316714341000079)",Unfall 136302 (2017) Kat:3,136302,3,3,5,12,16,6,0,,0,1,0,0
"POINT (9.725495623000029 52.325280905000056)",Unfall 136303 (2017) Kat:3,136303,3,3,5,12,15,6,1,,1,1,0,0
"POINT (9.724870173000056 52.345045776000063)",Unfall 136332 (2017) Kat:3,136332,3,6,2,12,11,5,0,,1,1,0,0
"POINT (9.792134961000045 52.357268089000058)",Unfall 136333 (2017) Kat:3,136333,3,4,6,12,20,5,1,,0,1,1,0
"POINT (9.721957662000023 52.386954195000044)",Unfall 136334 (2017) Kat:3,136334,3,2,6,12,11,5,0,,0,1,1,0
"POINT (9.465040705000035 52.302026149000028)",Unfall 136335 (2017) Kat:3,136335,3,6,3,12,17,5,1,,0,1,0,0
"POINT (9.666722648000075 52.400947434000045)",Unfall 136365 (2017) Kat:3,136365,3,1,0,12,10,4,0,,1,0,0,1
"POINT (9.723454945000071 52.337229832000048)",Unfall 136366 (2017) Kat:3,136366,3,6,3,12,21,4,0,,0,1,0,0
"POINT (9.702797545000067 52.369372346000034)",Unfall 136367 (2017) Kat:3,136367,3,3,5,12,12,4,0,,0,1,0,0
"POINT (9.774442515000033 52.371549754000057)",Unfall 136368 (2017) Kat:3,136368,3,5,5,12,17,4,0,,1,1,0,0
"POINT (10.006420589000072 52.446370775000048)",Unfall 136369 (2017) Kat:3,136369,3,3,5,12,13,4,0,,1,1,0,0
"POINT (9.793452117000072 52.332828128000074)",Unfall 136370 (2017) Kat:3,136370,3,4,6,12,16,4,0,,0,1,1,0
"POINT (9.614113739000061 52.419511086000057)",Unfall 136394 (2017) Kat:2,136394,2,5,1,12,10,3,1,,0,1,0,0
"POINT (9.724231360000033 52.363650610000036)",Unfall 136395 (2017) Kat:3,136395,3,6,2,12,08,3,0,,0,0,0,1
"POINT (9.736054783000043 52.375351175000048)",Unfall 136396 (2017) Kat:3,136396,3,6,6,12,19,3,1,,1,0,1,0
"POINT (9.781056938000063 52.400084486000026)",Unfall 136397 (2017) Kat:3,136397,3,2,0,12,18,3,0,,0,1,0,0
"POINT (9.700816778000046 52.391454398000064)",Unfall 136398 (2017) Kat:2,136398,2,4,6,12,17,3,0,,0,0,1,0
"POINT (9.711279886000057 52.370948557000077)",Unfall 136399 (2017) Kat:3,136399,3,1,0,12,11,3,1,,0,0,0,1
"POINT (9.714327517000072 52.408921732000067)",Unfall 136433 (2017) Kat:3,136433,3,7,0,12,16,4,0,,1,0,0,0
"POINT (9.726639167000030 52.388627069000052)",Unfall 136434 (2017) Kat:3,136434,3,1,0,12,17,4,0,,1,0,0,0
"POINT (9.739455004000035 52.380820097000026)",Unfall 136435 (2017) Kat:3,136435,3,2,5,12,15,4,0,,1,0,0,0
"POINT (9.762760216000061 52.410190059000058)",Unfall 136440 (2017) Kat:3,136440,3,2,2,12,19,3,0,,0,1,0,0
"POINT (9.707861989000037 52.364768298000058)",Unfall 136446 (2017) Kat:3,136446,3,1,0,12,15,2,0,,1,0,0,0
"POINT (9.801678885000058 52.408861780000052)",Unfall 136447 (2017) Kat:3,136447,3,1,0,12,01,2,0,,1,0,0,0
"POINT (9.735382989000073 52.372268614000063)",Unfall 136452 (2017) Kat:3,136452,3,1,9,12,07,1,0,,0,1,0,0
"POINT (9.734821703000023 52.380347555000071)",Unfall 136458 (2017) Kat:3,136458,3,7,0,12,23,7,0,,0,1,0,0
"POINT (9.714622665000036 52.365569844000049)",Unfall 136459 (2017) Kat:3,136459,3,4,6,12,12,7,1,,0,1,1,0
"POINT (9.744007137000040 52.390459636000060)",Unfall 136474 (2017) Kat:3,136474,3,3,5,12,23,6,0,,0,1,0,0
"POINT (9.742240588000072 52.381335026000045)",Unfall 136504 (2017) Kat:3,136504,3,2,2,12,13,5,1,,1,1,0,0
"POINT (10.177743439000039 52.409108834000051)",Unfall 136505 (2017) Kat:3,136505,3,5,1,12,20,5,0,,0,1,0,0
"POINT (9.979048990000024 52.327114122000069)",Unfall 136506 (2017) Kat:3,136506,3,1,9,12,23,5,1,,0,1,0,0
"POINT (9.740609622000022 52.374426550000067)",Unfall 136507 (2017) Kat:2,136507,2,5,1,12,20,5,0,,1,1,0,0
"POINT (9.725677457000074 52.397810180000079)",Unfall 136508 (2017) Kat:3,136508,3,2,5,12,07,5,1,,1,0,0,0
"POINT (9.706791574000022 52.407890501000054)",Unfall 136540 (2017) Kat:3,136540,3,3,5,12,16,4,1,,0,1,0,0
"POINT (9.474820727000065 52.424283031000073)",Unfall 136541 (2017) Kat:2,136541,2,7,8,12,11,4,1,,0,1,0,0
"POINT (9.743566168000029 52.357261283000071)",Unfall 136542 (2017) Kat:2,136542,2,6,3,12,13,4,1,,0,1,0,0
"POINT (9.771892211000022 52.417474135000077)",Unfall 136543 (2017) Kat:2,136543,2,3,5,12,14,4,0,,1,1,0,0
"POINT (9.737638971000024 52.450406668000028)",Unfall 136544 (2017) Kat:2,136544,2,3,5,12,12,4,1,,1,1,0,0
"POINT (9.753364641000076 52.365130218000047)",Unfall 136545 (2017) Kat:2,136545,2,4,6,12,11,4,1,,0,1,1,0
"POINT (9.722537533000036 52.362364532000072)",Unfall 136569 (2017) Kat:3,136569,3,1,3,12,09,3,1,,1,0,0,0
"POINT (9.782582803000025 52.373348670000041)",Unfall 136570 (2017) Kat:3,136570,3,3,5,12,16,3,1,,1,1,0,0
"POINT (9.738065088000042 52.381858472000033)",Unfall 136571 (2017) Kat:3,136571,3,2,2,12,16,3,1,,1,1,0,0
"POINT (10.003701843000044 52.449016203000042)",Unfall 136572 (2017) Kat:3,136572,3,4,6,12,15,3,1,,0,1,1,0
"POINT (9.749780505000047 52.393565147000061)",Unfall 136573 (2017) Kat:3,136573,3,5,1,12,07,3,1,,1,1,0,0
"POINT (9.720106384000076 52.392024622000065)",Unfall 136606 (2017) Kat:3,136606,3,7,0,12,10,2,0,,0,0,0,0
"POINT (9.716477470000029 52.362235966000071)",Unfall 136607 (2017) Kat:2,136607,2,4,6,12,16,2,0,,0,0,1,0
"POINT (9.823577435000061 52.356241667000063)",Unfall 136608 (2017) Kat:3,136608,3,6,2,12,07,2,0,,0,1,0,0
"POINT (9.961815122000076 52.389556218000052)",Unfall 136621 (2017) Kat:3,136621,3,3,5,12,00,1,1,,0,1,0,0
"POINT (9.722366070000021 52.388265159000071)",Unfall 136622 (2017) Kat:3,136622,3,3,5,12,16,1,0,,1,1,0,0
"POINT (9.796648670000025 52.404929427000070)",Unfall 136623 (2017) Kat:3,136623,3,7,8,12,15,1,0,,0,1,0,0
"POINT (9.781212286000027 52.403848317000040)",Unfall 136644 (2017) Kat:3,136644,3,3,5,12,12,7,0,,1,1,0,0
"POINT (9.732570680000038 52.376845968000055)",Unfall 136661 (2017) Kat:3,136661,3,7,0,12,21,6,0,,1,0,0,0
"POINT (9.734139886000037 52.374586877000070)",Unfall 136662 (2017) Kat:3,136662,3,7,6,12,14,6,0,,0,1,1,0
"POINT (9.732796727000050 52.398795514000028)",Unfall 136663 (2017) Kat:3,136663,3,5,1,12,18,6,1,,0,1,0,1
"POINT (9.695321237000030 52.407503065000071)",Unfall 136664 (2017) Kat:3,136664,3,1,0,12,14,6,0,,1,0,0,0
"POINT (9.806321179000065 52.417214208000075)",Unfall 136665 (2017) Kat:3,136665,3,3,5,12,16,6,0,,1,1,0,0
"POINT (9.780784250000068 52.328474867000068)",Unfall 136666 (2017) Kat:2,136666,2,3,0,12,14,6,0,,1,1,0,0
"POINT (9.749243485000022 52.390211228000055)",Unfall 136667 (2017) Kat:3,136667,3,2,5,12,10,6,1,,1,1,0,0
"POINT (9.721455383000034 52.376336746000050)",Unfall 136690 (2017) Kat:3,136690,3,5,1,12,09,5,1,,0,1,0,1
"POINT (9.833056561000035 52.390009035000048)",Unfall 136691 (2017) Kat:3,136691,3,7,0,12,10,5,1,,1,0,0,0
"POINT (9.793036069000038 52.403231772000026)",Unfall 136692 (2017) Kat:3,136692,3,2,2,12,18,5,0,,0,1,0,0
"POINT (9.751438832000076 52.374251021000077)",Unfall 136693 (2017) Kat:3,136693,3,6,3,12,09,5,1,,0,1,0,0
"POINT (9.439957597000046 52.498769802000027)",Unfall 136694 (2017) Kat:3,136694,3,7,0,12,09,5,1,,1,0,0,0
"POINT (9.740686254000025 52.485493155000029)",Unfall 136927 (2017) Kat:2,136927,2,1,8,12,14,1,1,,0,1,0,0
"POINT (9.567894492000050 52.210703518000059)",Unfall 136938 (2017) Kat:3,136938,3,6,2,12,15,7,1,,0,1,0,0
"POINT (9.805409799000074 52.412339667000026)",Unfall 136939 (2017) Kat:2,136939,2,2,5,12,10,7,1,,1,1,0,0
"POINT (9.733730600000058 52.362124115000029)",Unfall 136955 (2017) Kat:3,136955,3,3,5,12,17,6,0,,0,1,0,1
"POINT (9.837259259000064 52.396916555000075)",Unfall 136956 (2017) Kat:3,136956,3,3,5,12,12,6,0,,1,1,0,0
"POINT (9.908059515000048 52.443957817000069)",Unfall 136970 (2017) Kat:3,136970,3,3,5,12,12,5,0,,0,1,0,0
"POINT (9.737721749000059 52.372481073000074)",Unfall 136971 (2017) Kat:2,136971,2,4,6,12,13,5,0,,0,1,1,0
"POINT (9.703082599000027 52.350460548000058)",Unfall 136972 (2017) Kat:3,136972,3,3,0,12,07,5,0,,0,1,0,1
