WKT,Name,OBJECTID,UKATEGORIE,UTYP1,UART,UMONAT,USTUNDE,UWOCHENTAG,STRZUSTAND,ULICHTVERH,ISTRAD,ISTPKW,ISTFUSS,ISTKRAD
"POINT (9.651241171000040 52.420272059000098)",Unfall 7704 (2022) Kat:3, Licht: 1,7704,3,6,2,01,15,3,,1,0,1,0,0
"POINT (9.457034174000061 52.501283151000102)",Unfall 7724 (2022) Kat:3, Licht: 0,7724,3,3,5,01,12,6,,0,0,1,0,0
"POINT (9.863606109000051 52.473528872000003)",Unfall 7731 (2022) Kat:3, Licht: 2,7731,3,1,4,01,19,5,,2,0,1,0,0
"POINT (9.574224201000050 52.282128092000100)",Unfall 7733 (2022) Kat:3, Licht: 2,7733,3,6,2,01,08,3,,2,0,1,0,0
"POINT (9.735625964000061 52.396082032000002)",Unfall 7741 (2022) Kat:2, Licht: 2,7741,2,3,5,01,19,5,,2,1,1,0,0
"POINT (9.862489974000029 52.421697648000098)",Unfall 7750 (2022) Kat:3, Licht: 0,7750,3,6,2,01,13,7,,0,0,1,0,0
"POINT (9.819529493000060 52.310298027999998)",Unfall 7759 (2022) Kat:3, Licht: 2,7759,3,6,2,01,17,3,,2,0,1,0,0
"POINT (10.013260521000101 52.443625723000103)",Unfall 7760 (2022) Kat:3, Licht: 0,7760,3,3,5,01,12,4,,0,1,1,0,0
"POINT (9.734201756000060 52.438588642000099)",Unfall 7773 (2022) Kat:3, Licht: 0,7773,3,2,3,01,14,6,,0,1,1,0,0
"POINT (9.563376193000069 52.421897711000000)",Unfall 7783 (2022) Kat:2, Licht: 2,7783,2,6,2,01,22,2,,2,0,1,0,0
"POINT (9.826687492000080 52.362247802000098)",Unfall 7784 (2022) Kat:3, Licht: 0,7784,3,1,0,01,09,3,,0,0,0,0,1
"POINT (9.523201882000020 52.461256157000001)",Unfall 7789 (2022) Kat:3, Licht: 0,7789,3,1,0,01,11,6,,0,0,0,0,1
"POINT (9.588093627000029 52.184423320000100)",Unfall 7810 (2022) Kat:3, Licht: 2,7810,3,7,8,01,06,2,,2,0,1,0,0
"POINT (9.789847441000060 52.556288705999997)",Unfall 7813 (2022) Kat:3, Licht: 0,7813,3,6,2,01,14,6,,0,0,1,0,0
"POINT (9.901396772000060 52.396837721000097)",Unfall 7834 (2022) Kat:3, Licht: 0,7834,3,6,2,01,13,6,,0,0,1,0,0
"POINT (9.815313039000049 52.319342261000003)",Unfall 7844 (2022) Kat:3, Licht: 0,7844,3,6,2,02,16,6,,0,0,1,0,0
"POINT (9.670964109000071 52.377152158999998)",Unfall 7863 (2022) Kat:3, Licht: 1,7863,3,3,5,01,07,5,,1,1,1,0,0
"POINT (9.726263143000040 52.388449948000101)",Unfall 7868 (2022) Kat:3, Licht: 1,7868,3,6,2,01,15,5,,1,0,1,0,0
"POINT (9.743306642000050 52.368208137000103)",Unfall 7871 (2022) Kat:3, Licht: 2,7871,3,6,2,01,16,5,,2,0,1,0,0
"POINT (9.774439857000059 52.343111728000103)",Unfall 7880 (2022) Kat:3, Licht: 0,7880,3,6,2,01,16,6,,0,0,1,0,0
"POINT (9.624429970000049 52.280768481999999)",Unfall 7881 (2022) Kat:3, Licht: 2,7881,3,1,8,01,21,4,,2,0,1,0,0
"POINT (9.785447486000070 52.200324131000102)",Unfall 7904 (2022) Kat:3, Licht: 2,7904,3,3,5,01,07,4,,2,0,1,0,0
"POINT (9.935575604000061 52.369155197000097)",Unfall 7909 (2022) Kat:2, Licht: 2,7909,2,7,8,01,05,2,,2,0,1,0,0
"POINT (9.663075951000049 52.384734647000101)",Unfall 7910 (2022) Kat:3, Licht: 0,7910,3,6,2,01,14,6,,0,0,1,0,0
"POINT (9.506284664000081 52.289513599000003)",Unfall 7913 (2022) Kat:3, Licht: 0,7913,3,6,2,01,12,3,,0,0,1,0,0
"POINT (9.565557839000061 52.599793327000000)",Unfall 7929 (2022) Kat:3, Licht: 0,7929,3,6,2,01,12,2,,0,0,1,0,0
"POINT (9.586659066000040 52.436349929000102)",Unfall 7932 (2022) Kat:3, Licht: 0,7932,3,6,2,02,16,6,,0,0,1,0,0
"POINT (9.701051872000050 52.371106437999998)",Unfall 7951 (2022) Kat:3, Licht: 1,7951,3,6,2,01,07,5,,1,0,1,0,0
"POINT (9.775426490000029 52.371303744999999)",Unfall 7952 (2022) Kat:3, Licht: 2,7952,3,1,9,01,06,1,,2,0,1,0,0
"POINT (9.720129558000050 52.344256911000102)",Unfall 7963 (2022) Kat:3, Licht: 2,7963,3,6,2,01,17,2,,2,0,1,0,0
"POINT (9.866424397000060 52.341333674000097)",Unfall 7967 (2022) Kat:2, Licht: 2,7967,2,5,1,01,01,6,,2,0,1,0,0
"POINT (9.749164033000060 52.361865258000101)",Unfall 7976 (2022) Kat:3, Licht: 0,7976,3,6,2,01,11,2,,0,0,1,0,0
"POINT (9.797173190000020 52.414278815000003)",Unfall 8010 (2022) Kat:3, Licht: 2,8010,3,2,4,01,17,2,,2,1,1,0,0
"POINT (9.665783374000060 52.357710541000102)",Unfall 8053 (2022) Kat:3, Licht: 2,8053,3,3,5,01,17,6,,2,0,1,0,0
"POINT (9.802321684000050 52.340764529000097)",Unfall 8062 (2022) Kat:3, Licht: 0,8062,3,6,2,01,12,2,,0,0,1,0,0
"POINT (9.661387089000071 52.376961152000000)",Unfall 8065 (2022) Kat:3, Licht: 2,8065,3,3,5,02,19,6,,2,0,1,0,0
"POINT (9.600118142000040 52.288033138000102)",Unfall 8071 (2022) Kat:3, Licht: 2,8071,3,1,9,01,23,6,,2,0,1,0,0
"POINT (9.681335428000070 52.380864186000103)",Unfall 8077 (2022) Kat:3, Licht: 2,8077,3,7,0,01,17,4,,2,0,1,0,0
"POINT (9.650168897000070 52.393480298999997)",Unfall 8094 (2022) Kat:3, Licht: 0,8094,3,2,4,01,16,2,,0,0,1,0,0
"POINT (9.794545283000049 52.274091987000098)",Unfall 8106 (2022) Kat:3, Licht: 0,8106,3,6,2,02,16,5,,0,0,1,0,0
"POINT (9.863630867000040 52.330239474999999)",Unfall 8145 (2022) Kat:1, Licht: 0,8145,1,6,2,02,15,3,,0,0,1,0,0
"POINT (9.462779722000050 52.346113862999999)",Unfall 8151 (2022) Kat:2, Licht: 2,8151,2,1,9,02,22,6,,2,0,1,0,0
"POINT (10.133859740000000 52.459257854000001)",Unfall 8166 (2022) Kat:3, Licht: 2,8166,3,3,5,01,17,3,,2,0,1,0,0
"POINT (9.613534932000050 52.392190351000103)",Unfall 8183 (2022) Kat:2, Licht: 0,8183,2,3,5,01,12,2,,0,0,1,0,0
"POINT (9.855928589000030 52.388908048000097)",Unfall 8195 (2022) Kat:3, Licht: 2,8195,3,3,5,01,17,3,,2,1,1,0,0
"POINT (9.630096771000071 52.501563540000099)",Unfall 8209 (2022) Kat:3, Licht: 2,8209,3,3,5,02,06,3,,2,1,1,0,0
"POINT (9.781180524000041 52.324732589000099)",Unfall 8210 (2022) Kat:3, Licht: 2,8210,3,3,5,02,16,4,,2,0,1,0,0
"POINT (9.719366979000030 52.346575582000099)",Unfall 8212 (2022) Kat:3, Licht: 2,8212,3,2,2,01,06,2,,2,0,1,0,0
"POINT (10.183834434000101 52.465356796000002)",Unfall 8213 (2022) Kat:3, Licht: 0,8213,3,1,8,01,11,7,,0,0,1,0,0
"POINT (9.607675707000061 52.446783955999997)",Unfall 8223 (2022) Kat:3, Licht: 2,8223,3,2,5,01,17,5,,2,0,1,0,0
"POINT (9.456287737000030 52.426382717000102)",Unfall 8225 (2022) Kat:3, Licht: 2,8225,3,6,2,02,05,2,,2,0,1,0,0
"POINT (9.725023126000050 52.521559781000100)",Unfall 8239 (2022) Kat:3, Licht: 2,8239,3,1,8,01,21,5,,2,0,1,0,0
"POINT (9.643554026000061 52.438696949000096)",Unfall 8248 (2022) Kat:3, Licht: 1,8248,3,3,5,01,07,3,,1,0,1,0,0
"POINT (9.608404139000070 52.444787411999997)",Unfall 8249 (2022) Kat:2, Licht: 2,8249,2,5,1,01,20,4,,2,0,1,0,0
"POINT (9.784836811000050 52.320805215000100)",Unfall 8255 (2022) Kat:3, Licht: 0,8255,3,2,5,01,13,4,,0,0,1,0,0
"POINT (9.672799918000070 52.348796432000000)",Unfall 8274 (2022) Kat:3, Licht: 2,8274,3,1,8,01,20,2,,2,0,1,0,0
"POINT (9.833692194000040 52.398465768999998)",Unfall 8278 (2022) Kat:3, Licht: 0,8278,3,3,5,01,15,5,,0,1,1,0,0
"POINT (10.145420081000101 52.361788418000103)",Unfall 8297 (2022) Kat:2, Licht: 2,8297,2,7,9,01,02,6,,2,0,0,0,0
"POINT (9.786429901000080 52.389002718000000)",Unfall 8306 (2022) Kat:3, Licht: 1,8306,3,6,2,01,16,3,,1,0,1,0,0
"POINT (9.822494158000040 52.309002292999999)",Unfall 8308 (2022) Kat:3, Licht: 2,8308,3,1,9,01,16,2,,2,0,1,0,0
"POINT (9.722519213000060 52.378455273999997)",Unfall 8317 (2022) Kat:3, Licht: 2,8317,3,6,2,01,17,2,,2,0,1,0,0
"POINT (9.943637020000040 52.391988794000000)",Unfall 8326 (2022) Kat:3, Licht: 0,8326,3,6,8,01,15,1,,0,0,1,0,0
"POINT (9.738511207000039 52.437827374000101)",Unfall 8327 (2022) Kat:3, Licht: 0,8327,3,6,2,01,10,7,,0,0,1,0,0
"POINT (9.709404684000051 52.169006011000100)",Unfall 8342 (2022) Kat:3, Licht: 0,8342,3,3,5,01,12,6,,0,0,1,0,0
"POINT (9.999593839000060 52.387256724000103)",Unfall 8348 (2022) Kat:2, Licht: 0,8348,2,7,6,01,10,2,,0,0,0,1,0
"POINT (9.734087082000030 52.412242680000098)",Unfall 8350 (2022) Kat:3, Licht: 0,8350,3,3,5,02,09,6,,0,0,1,0,0
"POINT (9.695549590000040 52.419928856000098)",Unfall 8355 (2022) Kat:3, Licht: 2,8355,3,4,6,01,16,4,,2,0,1,1,0
"POINT (9.696884146000061 52.378999538000102)",Unfall 8363 (2022) Kat:3, Licht: 0,8363,3,6,2,01,14,7,,0,0,1,0,0
"POINT (10.014737274000000 52.383705706000100)",Unfall 8364 (2022) Kat:2, Licht: 1,8364,2,6,2,01,08,6,,1,0,1,0,0
"POINT (9.668766076000050 52.312776022000001)",Unfall 8369 (2022) Kat:3, Licht: 2,8369,3,2,5,01,18,3,,2,0,1,0,0
"POINT (9.766457453000040 52.572240467000000)",Unfall 8379 (2022) Kat:3, Licht: 0,8379,3,7,0,01,10,5,,0,1,0,0,0
"POINT (9.864683901000030 52.404637654000098)",Unfall 8391 (2022) Kat:3, Licht: 0,8391,3,6,2,01,13,6,,0,0,1,0,0
"POINT (9.728627931000061 52.381707970999997)",Unfall 8401 (2022) Kat:3, Licht: 0,8401,3,6,3,01,10,3,,0,0,1,0,0
"POINT (9.532669971000081 52.465319833000102)",Unfall 8427 (2022) Kat:3, Licht: 2,8427,3,2,4,02,07,3,,2,0,1,0,0
"POINT (9.579822693000040 52.334852349000101)",Unfall 8428 (2022) Kat:3, Licht: 2,8428,3,7,9,02,17,4,,2,0,1,0,0
"POINT (9.725730503000021 52.546917612000101)",Unfall 8465 (2022) Kat:3, Licht: 0,8465,3,2,5,01,15,2,,0,1,1,0,0
"POINT (9.469095506000031 52.504500346999997)",Unfall 8489 (2022) Kat:3, Licht: 0,8489,3,6,2,01,16,2,,0,0,1,0,0
"POINT (9.849240734000031 52.479544932000103)",Unfall 8501 (2022) Kat:3, Licht: 0,8501,3,6,3,02,16,5,,0,0,1,0,0
"POINT (9.872485246000050 52.310670758000100)",Unfall 8504 (2022) Kat:3, Licht: 2,8504,3,2,4,01,07,3,,2,0,1,0,0
"POINT (9.697768614000040 52.377118981000102)",Unfall 8508 (2022) Kat:3, Licht: 2,8508,3,6,2,01,06,2,,2,0,1,0,0
"POINT (9.624899566000069 52.279267735000097)",Unfall 8512 (2022) Kat:3, Licht: 2,8512,3,7,9,01,04,5,,2,0,0,0,0
"POINT (9.779781102000070 52.366402642000097)",Unfall 8521 (2022) Kat:3, Licht: 2,8521,3,6,2,01,21,2,,2,0,1,0,0
"POINT (9.718868315000069 52.333469133999998)",Unfall 8522 (2022) Kat:3, Licht: 2,8522,3,3,5,01,18,1,,2,0,1,0,0
"POINT (9.617852692000040 52.428918988000099)",Unfall 8528 (2022) Kat:3, Licht: 0,8528,3,6,3,01,15,4,,0,0,1,0,0
"POINT (9.472585734000059 52.505878917000103)",Unfall 8536 (2022) Kat:3, Licht: 2,8536,3,3,5,01,07,4,,2,0,1,0,0
"POINT (9.865002134000060 52.363187812000000)",Unfall 8538 (2022) Kat:3, Licht: 2,8538,3,1,9,01,02,7,,2,0,1,0,0
"POINT (9.885443878000050 52.429018305000099)",Unfall 8539 (2022) Kat:3, Licht: 2,8539,3,1,9,01,19,3,,2,0,1,0,0
"POINT (9.733848714000031 52.545817313999997)",Unfall 8576 (2022) Kat:2, Licht: 0,8576,2,1,0,01,11,5,,0,1,0,0,0
"POINT (9.585015069000059 52.285680331999998)",Unfall 8577 (2022) Kat:2, Licht: 2,8577,2,7,0,01,22,7,,2,1,0,0,0
"POINT (9.476290856000050 52.503735617000103)",Unfall 8578 (2022) Kat:3, Licht: 0,8578,3,2,2,01,14,6,,0,0,1,0,0
"POINT (9.605181017000060 52.637197626999999)",Unfall 8583 (2022) Kat:3, Licht: 0,8583,3,6,4,01,10,6,,0,0,1,0,0
"POINT (9.725740617000040 52.546895955000103)",Unfall 8603 (2022) Kat:3, Licht: 2,8603,3,2,5,01,18,5,,2,0,1,0,0
"POINT (9.794902510000041 52.350167332000098)",Unfall 8640 (2022) Kat:3, Licht: 1,8640,3,1,9,01,07,2,,1,0,1,0,0
"POINT (9.846726603000040 52.413168134999999)",Unfall 8647 (2022) Kat:3, Licht: 2,8647,3,3,5,01,06,3,,2,0,1,0,0
"POINT (9.518999576000059 52.341077681000101)",Unfall 8657 (2022) Kat:2, Licht: 0,8657,2,7,8,02,12,3,,0,0,1,0,0
"POINT (9.734119105000049 52.369071241000000)",Unfall 8658 (2022) Kat:3, Licht: 2,8658,3,3,5,02,22,3,,2,1,1,0,0
"POINT (9.474255122000050 52.420582782000103)",Unfall 8668 (2022) Kat:2, Licht: 0,8668,2,7,0,01,12,4,,0,0,1,0,0
"POINT (9.732030936000060 52.427105048000001)",Unfall 8680 (2022) Kat:3, Licht: 0,8680,3,6,2,01,08,2,,0,0,1,0,0
"POINT (9.713010998000071 52.362282821000100)",Unfall 8689 (2022) Kat:3, Licht: 1,8689,3,6,2,01,08,2,,1,0,1,0,0
"POINT (9.515235646000059 52.280160802000097)",Unfall 8695 (2022) Kat:3, Licht: 2,8695,3,3,5,01,06,7,,2,0,1,0,0
"POINT (9.728946592000060 52.372879617000102)",Unfall 8702 (2022) Kat:3, Licht: 2,8702,3,3,5,01,17,3,,2,1,1,0,0
"POINT (9.727489428000069 52.374798988000101)",Unfall 8703 (2022) Kat:3, Licht: 0,8703,3,6,2,02,14,6,,0,0,1,0,0
"POINT (9.734337625000020 52.468780040000098)",Unfall 8706 (2022) Kat:2, Licht: 0,8706,2,3,5,01,12,6,,0,0,1,0,1
"POINT (9.722341324000070 52.378490683000102)",Unfall 8712 (2022) Kat:3, Licht: 2,8712,3,2,5,01,19,5,,2,0,1,0,0
"POINT (9.872474015000019 52.310668964000101)",Unfall 8728 (2022) Kat:3, Licht: 2,8728,3,2,4,01,17,5,,2,0,1,0,0
"POINT (9.722525612000030 52.358331464000102)",Unfall 8735 (2022) Kat:3, Licht: 0,8735,3,1,0,01,16,2,,0,1,0,0,0
"POINT (9.921494314000030 52.351126596000000)",Unfall 8739 (2022) Kat:3, Licht: 0,8739,3,6,2,01,15,6,,0,0,1,0,0
"POINT (9.781259992000059 52.428166315000098)",Unfall 8742 (2022) Kat:3, Licht: 2,8742,3,6,2,01,05,6,,2,0,1,0,0
"POINT (10.008868581000099 52.514975860000000)",Unfall 8745 (2022) Kat:3, Licht: 2,8745,3,6,2,02,07,3,,2,0,1,0,0
"POINT (9.976935283000049 52.372617112999997)",Unfall 8770 (2022) Kat:3, Licht: 0,8770,3,1,0,01,12,7,,0,0,0,0,1
"POINT (9.431224939000060 52.423156875000103)",Unfall 8780 (2022) Kat:3, Licht: 0,8780,3,2,4,01,16,2,,0,1,1,0,0
"POINT (9.726730235000050 52.375765742000098)",Unfall 8781 (2022) Kat:3, Licht: 2,8781,3,3,5,01,17,3,,2,1,1,0,0
"POINT (10.034668797000100 52.469001169000101)",Unfall 8792 (2022) Kat:2, Licht: 0,8792,2,1,4,01,14,5,,0,0,1,0,0
"POINT (9.331616554000050 52.529433370000000)",Unfall 8794 (2022) Kat:3, Licht: 2,8794,3,1,8,01,06,3,,2,0,0,0,0
"POINT (9.433868261000040 52.422091867000098)",Unfall 8807 (2022) Kat:3, Licht: 0,8807,3,3,5,02,14,3,,0,1,1,0,0
"POINT (9.847301839000069 52.274185115000101)",Unfall 8815 (2022) Kat:2, Licht: 0,8815,2,3,5,01,13,5,,0,0,1,0,0
"POINT (9.959168026000039 52.317731351000099)",Unfall 8819 (2022) Kat:3, Licht: 2,8819,3,6,4,02,22,7,,2,0,1,0,0
"POINT (9.779194636000060 52.371334741000098)",Unfall 8827 (2022) Kat:3, Licht: 0,8827,3,6,3,01,12,6,,0,0,1,0,0
"POINT (9.621648807000041 52.325904335000097)",Unfall 8879 (2022) Kat:1, Licht: 2,8879,1,1,9,01,23,3,,2,0,1,0,0
"POINT (10.080956007000101 52.517984331000001)",Unfall 8890 (2022) Kat:2, Licht: 2,8890,2,1,8,01,21,7,,2,0,0,0,0
"POINT (9.690453010000059 52.442328910000100)",Unfall 8896 (2022) Kat:3, Licht: 2,8896,3,7,7,02,06,4,,2,1,0,0,0
"POINT (9.901705156000050 52.353452912000101)",Unfall 8899 (2022) Kat:3, Licht: 0,8899,3,6,4,01,15,1,,0,0,1,0,0
"POINT (9.398608973000020 52.594871790000099)",Unfall 8906 (2022) Kat:2, Licht: 0,8906,2,6,4,01,15,4,,0,0,1,0,0
"POINT (9.866970593000080 52.361710951000099)",Unfall 8907 (2022) Kat:3, Licht: 0,8907,3,6,4,01,14,4,,0,0,1,0,0
"POINT (9.878592819000060 52.435228490999997)",Unfall 8911 (2022) Kat:3, Licht: 2,8911,3,3,5,02,07,2,,2,0,1,0,0
"POINT (9.647833786000040 52.302857710000097)",Unfall 8937 (2022) Kat:3, Licht: 2,8937,3,7,1,01,07,4,,2,0,1,0,0
"POINT (9.785487366000041 52.200723844999999)",Unfall 8938 (2022) Kat:3, Licht: 2,8938,3,1,9,01,17,1,,2,0,1,0,0
"POINT (10.118847724000000 52.363330218000002)",Unfall 8983 (2022) Kat:2, Licht: 2,8983,2,7,9,02,18,3,,2,0,1,0,0
"POINT (9.665538222000070 52.332791583000102)",Unfall 8992 (2022) Kat:3, Licht: 2,8992,3,1,8,01,06,6,,2,0,1,0,0
"POINT (9.597930971000039 52.394693793999998)",Unfall 9011 (2022) Kat:3, Licht: 2,9011,3,7,0,01,23,7,,2,0,0,0,0
"POINT (9.427530597000040 52.428749387000003)",Unfall 9017 (2022) Kat:2, Licht: 0,9017,2,3,5,01,10,5,,0,1,1,0,0
"POINT (9.519677618000060 52.414702518000098)",Unfall 9028 (2022) Kat:3, Licht: 2,9028,3,6,3,01,21,6,,2,0,1,0,0
"POINT (9.789335239000019 52.317122368000099)",Unfall 9033 (2022) Kat:3, Licht: 0,9033,3,6,2,01,15,3,,0,0,1,0,0
"POINT (10.183497392000000 52.465281919000098)",Unfall 9038 (2022) Kat:3, Licht: 2,9038,3,2,2,01,18,5,,2,0,1,0,0
"POINT (9.733196913000031 52.419157751999997)",Unfall 9051 (2022) Kat:3, Licht: 2,9051,3,3,5,01,18,5,,2,0,1,0,0
"POINT (9.732192720000061 52.383021558000102)",Unfall 9075 (2022) Kat:3, Licht: 1,9075,3,6,2,01,16,7,,1,0,1,0,0
"POINT (10.114352429000100 52.349016103000103)",Unfall 9081 (2022) Kat:2, Licht: 2,9081,2,1,0,01,20,2,,2,1,0,0,0
"POINT (9.744142394000050 52.367962208000101)",Unfall 9100 (2022) Kat:3, Licht: 0,9100,3,6,2,01,09,5,,0,0,1,0,0
"POINT (9.634566736000069 52.247044188000103)",Unfall 9105 (2022) Kat:3, Licht: 0,9105,3,3,3,01,16,5,,0,0,1,0,0
"POINT (9.733757223000049 52.384550868000098)",Unfall 9117 (2022) Kat:3, Licht: 0,9117,3,6,2,01,14,6,,0,0,1,0,0
"POINT (9.885606466000070 52.360101831000101)",Unfall 9121 (2022) Kat:3, Licht: 2,9121,3,1,9,02,20,3,,2,0,1,0,0
"POINT (9.731752673000070 52.336252684000002)",Unfall 9123 (2022) Kat:3, Licht: 0,9123,3,7,0,01,12,2,,0,0,0,0,1
"POINT (9.728615517000041 52.381703930000100)",Unfall 9124 (2022) Kat:3, Licht: 2,9124,3,5,1,01,16,4,,2,0,1,0,0
"POINT (9.341395727000080 52.554796457000101)",Unfall 9133 (2022) Kat:3, Licht: 2,9133,3,1,9,01,06,5,,2,0,1,0,0
"POINT (10.116403641000000 52.363573541999997)",Unfall 9164 (2022) Kat:3, Licht: 0,9164,3,6,2,01,07,4,,0,0,1,0,0
"POINT (9.678043551000030 52.170837825000000)",Unfall 9179 (2022) Kat:2, Licht: 1,9179,2,6,6,01,17,2,,1,0,1,1,0
"POINT (9.912880287000061 52.339371397000001)",Unfall 9215 (2022) Kat:3, Licht: 0,9215,3,1,8,01,15,1,,0,0,1,0,0
"POINT (9.795821257000060 52.415085847999997)",Unfall 9237 (2022) Kat:3, Licht: 0,9237,3,7,0,01,15,5,,0,1,0,0,0
"POINT (9.841291713000031 52.491184438000097)",Unfall 9238 (2022) Kat:3, Licht: 0,9238,3,2,4,01,16,2,,0,0,1,0,0
"POINT (9.751208523000059 52.359209356000100)",Unfall 9251 (2022) Kat:3, Licht: 0,9251,3,2,5,01,13,1,,0,0,1,0,0
"POINT (9.634772468000049 52.418424538000103)",Unfall 9252 (2022) Kat:3, Licht: 2,9252,3,6,3,01,23,7,,2,0,1,0,0
"POINT (9.545060683000029 52.310343939000099)",Unfall 9255 (2022) Kat:3, Licht: 0,9255,3,1,8,02,15,5,,0,0,1,0,0
"POINT (9.945419369000041 52.333388033000098)",Unfall 9267 (2022) Kat:3, Licht: 0,9267,3,6,2,01,08,2,,0,0,1,0,0
"POINT (9.743386509000061 52.368305060000097)",Unfall 9278 (2022) Kat:3, Licht: 0,9278,3,6,2,02,15,5,,0,0,1,0,0
"POINT (9.800119344000050 52.406528995000002)",Unfall 9289 (2022) Kat:3, Licht: 0,9289,3,4,6,01,12,5,,0,0,1,1,0
"POINT (9.606102621000050 52.315531125000099)",Unfall 9291 (2022) Kat:3, Licht: 2,9291,3,2,6,01,18,7,,2,0,1,1,0
"POINT (9.697764207000031 52.377123144000102)",Unfall 9297 (2022) Kat:3, Licht: 0,9297,3,6,2,01,10,7,,0,0,1,0,0
"POINT (9.800536131000060 52.274771579000102)",Unfall 9307 (2022) Kat:3, Licht: 0,9307,3,6,4,01,11,6,,0,0,1,0,0
"POINT (9.465251772000039 52.411176826000002)",Unfall 9332 (2022) Kat:3, Licht: 0,9332,3,3,5,01,12,2,,0,0,0,0,0
"POINT (9.648801041000070 52.349899796999999)",Unfall 9355 (2022) Kat:3, Licht: 0,9355,3,6,3,01,09,6,,0,0,1,0,0
"POINT (9.699236715000040 52.347225885999997)",Unfall 9364 (2022) Kat:2, Licht: 2,9364,2,1,9,01,21,2,,2,0,1,0,0
"POINT (9.573495336000059 52.640860046999997)",Unfall 9365 (2022) Kat:2, Licht: 0,9365,2,2,2,01,11,6,,0,0,1,0,0
"POINT (9.662456362000061 52.384983959000103)",Unfall 9371 (2022) Kat:3, Licht: 0,9371,3,7,0,01,09,5,,0,1,0,0,0
"POINT (9.871960187000070 52.502359679000101)",Unfall 9373 (2022) Kat:3, Licht: 2,9373,3,1,9,02,23,2,,2,0,1,0,0
"POINT (9.765922214000060 52.341093458000003)",Unfall 9375 (2022) Kat:2, Licht: 1,9375,2,4,6,01,08,4,,1,0,0,1,0
"POINT (9.572422104000051 52.446002183000097)",Unfall 9378 (2022) Kat:3, Licht: 1,9378,3,6,2,01,16,5,,1,0,1,0,0
"POINT (9.431255786000071 52.543528211000101)",Unfall 9383 (2022) Kat:2, Licht: 2,9383,2,2,3,02,06,3,,2,1,1,0,0
"POINT (9.771781291000019 52.342960258000097)",Unfall 9390 (2022) Kat:3, Licht: 0,9390,3,6,2,01,12,2,,0,0,1,0,0
"POINT (9.781834303000039 52.424893606000097)",Unfall 9394 (2022) Kat:3, Licht: 0,9394,3,3,5,01,11,4,,0,0,1,0,0
"POINT (9.765583397000061 52.341843023000102)",Unfall 9395 (2022) Kat:3, Licht: 2,9395,3,3,5,01,17,4,,2,1,1,0,0
"POINT (9.611336702000070 52.431429142000098)",Unfall 9399 (2022) Kat:3, Licht: 1,9399,3,6,2,02,07,2,,1,0,1,0,0
"POINT (9.401668457000030 52.454353899000097)",Unfall 9421 (2022) Kat:3, Licht: 2,9421,3,2,4,01,05,3,,2,0,1,0,0
"POINT (9.780293397000040 52.571887013999998)",Unfall 9422 (2022) Kat:3, Licht: 0,9422,3,3,5,01,13,2,,0,0,1,0,0
"POINT (9.757477777000080 52.370234339000000)",Unfall 9447 (2022) Kat:3, Licht: 0,9447,3,6,2,02,09,2,,0,0,1,0,0
"POINT (9.707069277000070 52.410540092000097)",Unfall 9455 (2022) Kat:2, Licht: 0,9455,2,7,9,01,14,2,,0,0,1,0,0
"POINT (9.575438897000030 52.270154978999997)",Unfall 9477 (2022) Kat:3, Licht: 0,9477,3,3,5,01,14,5,,0,0,1,0,0
"POINT (9.794843302000061 52.394837612000103)",Unfall 9478 (2022) Kat:3, Licht: 0,9478,3,6,2,01,15,1,,0,0,1,0,0
"POINT (9.515775489000021 52.294654997000102)",Unfall 9486 (2022) Kat:3, Licht: 0,9486,3,7,0,01,15,6,,0,0,1,0,0
"POINT (9.716488801000031 52.346249617000097)",Unfall 9510 (2022) Kat:3, Licht: 0,9510,3,6,2,01,11,3,,0,0,1,0,0
"POINT (9.612249774000080 52.259522292000000)",Unfall 9528 (2022) Kat:3, Licht: 1,9528,3,7,8,01,16,5,,1,0,1,0,0
"POINT (9.727964298000069 52.500980173000102)",Unfall 9542 (2022) Kat:2, Licht: 2,9542,2,6,4,02,19,6,,2,0,1,0,0
"POINT (9.731875741000071 52.369456752000097)",Unfall 9567 (2022) Kat:3, Licht: 0,9567,3,6,3,01,11,3,,0,0,1,0,0
"POINT (9.589430812000050 52.397022327000101)",Unfall 9585 (2022) Kat:2, Licht: 2,9585,2,2,6,01,06,4,,2,0,1,1,0
"POINT (9.743377583000040 52.368279422000100)",Unfall 9587 (2022) Kat:3, Licht: 0,9587,3,3,5,01,13,1,,0,0,1,0,0
"POINT (9.645460199000070 52.423281490000100)",Unfall 9596 (2022) Kat:3, Licht: 0,9596,3,3,5,02,14,2,,0,0,1,0,0
"POINT (9.538828739000049 52.461668756999998)",Unfall 9618 (2022) Kat:2, Licht: 0,9618,2,3,5,02,14,4,,0,0,1,0,0
"POINT (9.540822712000020 52.309045533000102)",Unfall 9620 (2022) Kat:3, Licht: 0,9620,3,6,2,02,11,5,,0,1,1,0,0
"POINT (9.649929193000050 52.394033971000098)",Unfall 9630 (2022) Kat:3, Licht: 2,9630,3,3,5,03,05,6,,2,0,1,0,0
"POINT (9.452422625000050 52.445183899000000)",Unfall 9646 (2022) Kat:2, Licht: 0,9646,2,1,4,02,16,2,,0,0,1,0,0
"POINT (9.798055177000039 52.412998762000001)",Unfall 9648 (2022) Kat:3, Licht: 0,9648,3,4,6,02,15,4,,0,0,1,1,0
"POINT (9.783512584000050 52.323263508000103)",Unfall 9649 (2022) Kat:3, Licht: 0,9649,3,2,5,03,16,6,,0,1,0,0,0
"POINT (9.775022211000019 52.371280721000097)",Unfall 9652 (2022) Kat:3, Licht: 0,9652,3,6,2,02,14,6,,0,0,1,0,0
"POINT (9.696389239000039 52.420321770000001)",Unfall 9658 (2022) Kat:2, Licht: 2,9658,2,1,8,02,04,6,,2,0,1,0,0
"POINT (9.617124658000019 52.377936904000101)",Unfall 9671 (2022) Kat:3, Licht: 0,9671,3,4,6,03,09,4,,0,0,1,1,0
"POINT (9.607524554000070 52.392782812000100)",Unfall 9672 (2022) Kat:3, Licht: 0,9672,3,6,6,03,15,7,,0,1,0,1,0
"POINT (9.780639504000019 52.269981631000100)",Unfall 9709 (2022) Kat:3, Licht: 0,9709,3,6,2,02,10,5,,0,0,1,0,0
"POINT (9.808546677000040 52.337124373999998)",Unfall 9713 (2022) Kat:3, Licht: 0,9713,3,6,2,02,13,1,,0,0,1,0,0
"POINT (9.728530699000030 52.373477518000101)",Unfall 9714 (2022) Kat:3, Licht: 0,9714,3,2,2,02,11,4,,0,0,1,0,0
"POINT (9.901463327000039 52.396998244000002)",Unfall 9722 (2022) Kat:3, Licht: 0,9722,3,6,2,02,10,4,,0,0,0,0,0
"POINT (9.815132301000061 52.484190910000102)",Unfall 9724 (2022) Kat:3, Licht: 0,9724,3,2,3,03,14,5,,0,0,1,0,0
"POINT (9.713241657000030 52.400155154000103)",Unfall 9734 (2022) Kat:3, Licht: 2,9734,3,3,5,02,19,5,,2,1,1,0,0
"POINT (9.457070922000071 52.505740393000103)",Unfall 9743 (2022) Kat:3, Licht: 0,9743,3,3,5,03,17,4,,0,1,1,0,0
"POINT (9.965941041000059 52.315604318000098)",Unfall 9745 (2022) Kat:2, Licht: 1,9745,2,2,6,02,17,5,,1,0,1,1,0
"POINT (9.467265493000070 52.422697082000099)",Unfall 9749 (2022) Kat:3, Licht: 0,9749,3,3,5,02,08,4,,0,0,1,0,0
"POINT (9.643723268000031 52.335533071999997)",Unfall 9750 (2022) Kat:3, Licht: 0,9750,3,6,2,02,14,2,,0,0,1,0,0
"POINT (9.797305053000059 52.414045839000003)",Unfall 9752 (2022) Kat:3, Licht: 0,9752,3,1,0,02,09,7,,0,0,0,0,1
"POINT (9.593494910000061 52.411565290000098)",Unfall 9753 (2022) Kat:3, Licht: 1,9753,3,7,8,02,07,5,,1,1,0,0,0
"POINT (9.722598090000080 52.378412922000102)",Unfall 9766 (2022) Kat:3, Licht: 0,9766,3,6,2,03,14,2,,0,0,1,0,0
"POINT (9.829278610000070 52.360915519000102)",Unfall 9769 (2022) Kat:3, Licht: 2,9769,3,7,1,03,20,4,,2,0,1,0,0
"POINT (9.665057963000040 52.338980783000103)",Unfall 9780 (2022) Kat:3, Licht: 0,9780,3,2,6,03,13,6,,0,0,1,1,0
"POINT (9.618053934000050 52.421442252000098)",Unfall 9784 (2022) Kat:3, Licht: 0,9784,3,7,1,03,08,2,,0,0,0,0,0
"POINT (9.727004156000021 52.489258945000103)",Unfall 9788 (2022) Kat:3, Licht: 0,9788,3,3,5,03,12,7,,0,0,1,0,0
"POINT (10.024155986000000 52.381539308000100)",Unfall 9803 (2022) Kat:3, Licht: 0,9803,3,6,3,03,15,4,,0,0,1,0,0
"POINT (9.461389665000070 52.451046227000099)",Unfall 9815 (2022) Kat:2, Licht: 0,9815,2,1,9,02,13,7,,0,0,1,0,0
"POINT (9.997725014000030 52.452347230000001)",Unfall 9817 (2022) Kat:2, Licht: 0,9817,2,1,1,03,12,4,,0,0,1,0,1
"POINT (9.487267090000049 52.564707537000103)",Unfall 9820 (2022) Kat:3, Licht: 2,9820,3,5,1,02,18,4,,2,0,1,0,0
"POINT (9.575786403000050 52.418910701000101)",Unfall 9827 (2022) Kat:3, Licht: 0,9827,3,6,2,02,13,1,,0,0,1,0,0
"POINT (10.083029966000000 52.366106903000102)",Unfall 9829 (2022) Kat:3, Licht: 0,9829,3,6,2,02,15,4,,0,0,0,0,0
"POINT (9.515716935000061 52.278609937000098)",Unfall 9832 (2022) Kat:3, Licht: 0,9832,3,6,2,02,07,5,,0,0,1,0,0
"POINT (9.718868315000069 52.333469133999998)",Unfall 9849 (2022) Kat:2, Licht: 2,9849,2,3,5,02,06,6,,2,0,1,0,0
"POINT (9.697133554000059 52.341653932000000)",Unfall 9851 (2022) Kat:3, Licht: 0,9851,3,2,5,03,11,2,,0,1,1,0,0
"POINT (9.859187065000070 52.491570031999998)",Unfall 9856 (2022) Kat:3, Licht: 0,9856,3,2,5,03,11,5,,0,1,1,0,0
"POINT (9.823951199000019 52.339579699000097)",Unfall 9859 (2022) Kat:3, Licht: 0,9859,3,6,2,03,12,4,,0,0,1,0,0
"POINT (9.534658953000079 52.424564046000100)",Unfall 9860 (2022) Kat:2, Licht: 0,9860,2,6,4,02,16,6,,0,0,1,0,0
"POINT (9.803958028000070 52.338616277000000)",Unfall 9863 (2022) Kat:3, Licht: 2,9863,3,6,2,02,18,5,,2,0,1,0,0
"POINT (9.801911160000030 52.406819050000102)",Unfall 9877 (2022) Kat:3, Licht: 0,9877,3,6,2,02,16,2,,0,0,1,0,1
"POINT (9.640259867000051 52.294913549000100)",Unfall 9880 (2022) Kat:3, Licht: 0,9880,3,1,8,03,10,5,,0,1,0,0,0
"POINT (9.764223248000061 52.261546992000000)",Unfall 9890 (2022) Kat:3, Licht: 0,9890,3,6,2,02,08,2,,0,0,1,0,0
"POINT (9.733922159000031 52.438529389000102)",Unfall 9891 (2022) Kat:3, Licht: 0,9891,3,2,2,02,11,7,,0,0,1,0,0
"POINT (9.739417586000060 52.485600361000103)",Unfall 9897 (2022) Kat:3, Licht: 0,9897,3,3,0,02,16,3,,0,0,1,0,0
"POINT (9.800073136000041 52.406701976000100)",Unfall 9907 (2022) Kat:3, Licht: 0,9907,3,6,6,03,09,4,,0,1,0,1,0
"POINT (9.764929025000070 52.342623102000097)",Unfall 9908 (2022) Kat:3, Licht: 2,9908,3,6,6,03,22,6,,2,0,1,0,0
"POINT (9.352330637000019 52.412472219999998)",Unfall 9919 (2022) Kat:3, Licht: 0,9919,3,3,5,03,14,3,,0,0,1,0,0
"POINT (9.590555184000040 52.423714029000102)",Unfall 9931 (2022) Kat:3, Licht: 0,9931,3,7,8,02,11,5,,0,0,0,0,0
"POINT (9.743617701000060 52.457244801999998)",Unfall 9938 (2022) Kat:3, Licht: 0,9938,3,5,1,02,15,7,,0,0,1,0,0
"POINT (9.748278244000060 52.339309718000003)",Unfall 9941 (2022) Kat:3, Licht: 2,9941,3,6,2,02,06,5,,2,0,1,0,0
"POINT (9.888666558000070 52.295912552000097)",Unfall 9944 (2022) Kat:3, Licht: 0,9944,3,6,2,02,12,2,,0,0,0,0,0
"POINT (9.746806340000029 52.365006611000098)",Unfall 9945 (2022) Kat:3, Licht: 0,9945,3,2,3,02,09,4,,0,1,1,0,0
"POINT (9.666852680000030 52.339208065000001)",Unfall 9952 (2022) Kat:3, Licht: 2,9952,3,2,6,03,19,7,,2,0,1,1,0
"POINT (9.640282006000060 52.444109991000097)",Unfall 9955 (2022) Kat:3, Licht: 0,9955,3,3,5,02,15,6,,0,0,1,0,0
"POINT (9.802034832000061 52.274632213000103)",Unfall 9961 (2022) Kat:3, Licht: 0,9961,3,6,8,03,07,5,,0,0,1,0,0
"POINT (9.467274613000029 52.332869612000103)",Unfall 9966 (2022) Kat:3, Licht: 0,9966,3,3,5,02,09,3,,0,0,1,0,0
"POINT (9.791552194000079 52.454243387000098)",Unfall 9992 (2022) Kat:3, Licht: 0,9992,3,4,6,03,17,5,,0,0,1,1,0
"POINT (9.457890525000041 52.305822673000101)",Unfall 9994 (2022) Kat:3, Licht: 2,9994,3,5,1,02,03,2,,2,0,1,0,0
"POINT (9.439094227000060 52.504467231000000)",Unfall 9997 (2022) Kat:2, Licht: 2,9997,2,7,0,02,18,2,,2,1,0,0,0
"POINT (9.928528414000031 52.367576163000102)",Unfall 10005 (2022) Kat:3, Licht: 2,10005,3,1,8,02,20,7,,2,0,1,0,0
"POINT (9.845881102000019 52.445963994000103)",Unfall 10014 (2022) Kat:3, Licht: 0,10014,3,6,4,03,17,3,,0,0,0,0,0
"POINT (10.085794134000000 52.365973903000103)",Unfall 10018 (2022) Kat:2, Licht: 1,10018,2,6,2,03,05,4,,1,0,1,0,0
"POINT (9.716266147000059 52.428688766000100)",Unfall 10019 (2022) Kat:3, Licht: 0,10019,3,6,2,03,08,3,,0,0,1,0,0
"POINT (9.898208242000070 52.455644587999998)",Unfall 10031 (2022) Kat:3, Licht: 0,10031,3,3,5,03,11,7,,0,0,1,0,0
"POINT (9.467339900000070 52.332879243000001)",Unfall 10037 (2022) Kat:3, Licht: 0,10037,3,3,5,03,13,4,,0,0,1,0,0
"POINT (9.441039340000030 52.423278535000101)",Unfall 10100 (2022) Kat:3, Licht: 0,10100,3,6,2,02,16,7,,0,0,1,0,0
"POINT (9.740229005000060 52.301955731000099)",Unfall 10102 (2022) Kat:3, Licht: 0,10102,3,2,5,02,16,1,,0,1,1,0,0
"POINT (9.794761202000069 52.350216365000101)",Unfall 10106 (2022) Kat:3, Licht: 2,10106,3,6,2,02,19,4,,2,0,1,0,0
"POINT (9.859713060000050 52.406907034000000)",Unfall 10107 (2022) Kat:2, Licht: 0,10107,2,6,2,02,08,2,,0,0,1,0,0
"POINT (9.473388245000020 52.505329621000001)",Unfall 10109 (2022) Kat:3, Licht: 0,10109,3,6,4,02,15,7,,0,0,1,0,0
"POINT (9.842740779000049 52.485700644000097)",Unfall 10110 (2022) Kat:3, Licht: 0,10110,3,6,3,02,16,5,,0,0,1,0,0
"POINT (9.495502000000039 52.419949834000100)",Unfall 10117 (2022) Kat:3, Licht: 0,10117,3,3,5,02,08,2,,0,0,1,0,0
"POINT (9.496390735000031 52.401578959000098)",Unfall 10126 (2022) Kat:3, Licht: 0,10126,3,6,2,02,13,6,,0,0,1,0,0
"POINT (9.601110918000071 52.434852822000003)",Unfall 10127 (2022) Kat:3, Licht: 0,10127,3,6,2,03,15,4,,0,0,1,0,0
"POINT (9.776777601000051 52.332906278000102)",Unfall 10138 (2022) Kat:3, Licht: 2,10138,3,6,2,02,20,5,,2,0,1,0,0
"POINT (9.404294820000080 52.426469578000102)",Unfall 10143 (2022) Kat:3, Licht: 2,10143,3,2,2,02,05,6,,2,0,1,0,0
"POINT (9.551143509000040 52.362584744000102)",Unfall 10171 (2022) Kat:3, Licht: 1,10171,3,6,2,02,07,4,,1,0,1,0,0
"POINT (9.686973697000040 52.391928948999997)",Unfall 10172 (2022) Kat:3, Licht: 0,10172,3,6,2,02,16,4,,0,0,1,0,0
"POINT (9.745743183000060 52.209474098999998)",Unfall 10185 (2022) Kat:3, Licht: 0,10185,3,2,5,02,14,3,,0,0,1,0,0
"POINT (9.661383968000051 52.386231510000101)",Unfall 10190 (2022) Kat:3, Licht: 1,10190,3,6,4,02,17,3,,1,1,0,0,0
"POINT (9.698740299000059 52.442456958999998)",Unfall 10197 (2022) Kat:1, Licht: 0,10197,1,7,0,03,15,5,,0,0,1,0,0
"POINT (9.766336979000069 52.306886806000101)",Unfall 10207 (2022) Kat:3, Licht: 1,10207,3,1,9,03,18,6,,1,0,0,0,1
"POINT (9.838662569000061 52.335090360999999)",Unfall 10209 (2022) Kat:3, Licht: 0,10209,3,5,1,02,17,6,,0,0,1,0,0
"POINT (9.731190926000069 52.370456133000097)",Unfall 10212 (2022) Kat:3, Licht: 0,10212,3,6,3,03,15,1,,0,0,1,0,0
"POINT (9.609853536000060 52.422063489999999)",Unfall 10220 (2022) Kat:3, Licht: 0,10220,3,6,2,03,13,6,,0,0,1,0,1
"POINT (9.971028982000060 52.386877628000001)",Unfall 10221 (2022) Kat:3, Licht: 2,10221,3,2,4,02,18,2,,2,1,1,0,0
"POINT (9.611665960000041 52.436519250000103)",Unfall 10226 (2022) Kat:3, Licht: 0,10226,3,6,2,03,12,7,,0,0,1,0,0
"POINT (9.732770125000060 52.369087385999997)",Unfall 10243 (2022) Kat:3, Licht: 0,10243,3,2,3,03,08,4,,0,0,1,0,0
"POINT (10.202217798000000 52.463257824000003)",Unfall 10261 (2022) Kat:3, Licht: 2,10261,3,7,0,03,19,2,,2,0,1,0,0
"POINT (9.749513240000059 52.339539233000004)",Unfall 10265 (2022) Kat:3, Licht: 0,10265,3,6,2,02,17,5,,0,0,1,0,0
"POINT (9.881390656000059 52.435601251999998)",Unfall 10266 (2022) Kat:3, Licht: 0,10266,3,6,2,03,06,5,,0,0,1,0,0
"POINT (9.762410143000070 52.336427966000002)",Unfall 10273 (2022) Kat:3, Licht: 2,10273,3,1,0,02,22,5,,2,1,0,0,0
"POINT (9.833706633000080 52.398459896000098)",Unfall 10290 (2022) Kat:2, Licht: 1,10290,2,6,2,02,17,2,,1,0,1,0,0
"POINT (9.814574951000051 52.351111545000002)",Unfall 10291 (2022) Kat:3, Licht: 0,10291,3,6,3,03,10,5,,0,0,1,0,0
"POINT (10.007510763000001 52.415541202000000)",Unfall 10293 (2022) Kat:2, Licht: 0,10293,2,1,8,02,16,5,,0,0,1,0,0
"POINT (10.069075579000099 52.450100773000003)",Unfall 10296 (2022) Kat:3, Licht: 0,10296,3,6,2,02,15,4,,0,0,1,0,0
"POINT (9.780663491000039 52.270009614999999)",Unfall 10299 (2022) Kat:3, Licht: 0,10299,3,6,2,03,13,1,,0,0,1,0,0
"POINT (9.657794039000070 52.356976412000101)",Unfall 10300 (2022) Kat:2, Licht: 2,10300,2,7,0,03,18,7,,2,1,0,0,0
"POINT (9.865095408000061 52.447056350000103)",Unfall 10301 (2022) Kat:3, Licht: 0,10301,3,6,2,02,08,1,,0,0,1,0,0
"POINT (9.539544329000019 52.422787767999999)",Unfall 10311 (2022) Kat:3, Licht: 0,10311,3,3,5,03,14,7,,0,1,1,0,0
"POINT (9.429575970000030 52.427079906000102)",Unfall 10313 (2022) Kat:3, Licht: 0,10313,3,7,6,02,11,6,,0,0,1,1,0
"POINT (9.743021396000071 52.547430227000099)",Unfall 10315 (2022) Kat:3, Licht: 0,10315,3,7,0,03,18,3,,0,1,1,0,0
"POINT (9.467957684000050 52.424476248000097)",Unfall 10317 (2022) Kat:3, Licht: 2,10317,3,3,5,03,20,4,,2,0,1,0,0
"POINT (9.558170286000060 52.197182618000099)",Unfall 10319 (2022) Kat:3, Licht: 2,10319,3,2,5,02,19,5,,2,0,1,0,0
"POINT (9.466609381000071 52.332755653000000)",Unfall 10326 (2022) Kat:3, Licht: 0,10326,3,6,2,02,11,7,,0,0,1,0,0
"POINT (9.506132915000020 52.407340206000100)",Unfall 10333 (2022) Kat:3, Licht: 0,10333,3,7,7,03,16,1,,0,0,1,0,0
"POINT (9.635491463000051 52.245232780999999)",Unfall 10337 (2022) Kat:3, Licht: 0,10337,3,2,5,02,10,1,,0,0,1,0,0
"POINT (9.606150198000019 52.313940231000103)",Unfall 10340 (2022) Kat:3, Licht: 0,10340,3,6,2,03,10,2,,0,1,0,0,0
"POINT (9.688951300000040 52.553661468000001)",Unfall 10344 (2022) Kat:3, Licht: 2,10344,3,1,8,03,19,7,,2,0,1,0,0
"POINT (9.686325989000069 52.375014825999997)",Unfall 10357 (2022) Kat:3, Licht: 2,10357,3,6,6,03,18,2,,2,0,0,1,0
"POINT (9.467707634000019 52.423837333999998)",Unfall 10361 (2022) Kat:3, Licht: 0,10361,3,3,5,03,15,4,,0,0,1,0,0
"POINT (9.964746356000029 52.315843977999997)",Unfall 10363 (2022) Kat:3, Licht: 0,10363,3,6,2,02,14,7,,0,0,1,0,0
"POINT (9.891773287000030 52.429365185999998)",Unfall 10372 (2022) Kat:3, Licht: 0,10372,3,1,8,03,09,3,,0,0,0,0,0
"POINT (9.639780908000031 52.422495695000102)",Unfall 10376 (2022) Kat:3, Licht: 0,10376,3,6,2,03,15,4,,0,0,1,0,0
"POINT (9.796350838000020 52.395322212000103)",Unfall 10386 (2022) Kat:3, Licht: 0,10386,3,6,2,02,16,2,,0,0,1,0,0
"POINT (9.975871502000070 52.411317236000102)",Unfall 10397 (2022) Kat:3, Licht: 0,10397,3,6,3,02,12,2,,0,0,1,0,1
"POINT (9.855301607000060 52.537564785000001)",Unfall 10399 (2022) Kat:3, Licht: 0,10399,3,6,2,03,09,6,,0,0,1,0,0
"POINT (9.456889483000049 52.499778858000099)",Unfall 10402 (2022) Kat:2, Licht: 0,10402,2,7,0,02,16,4,,0,1,0,0,0
"POINT (9.439385929000030 52.328906915000097)",Unfall 10405 (2022) Kat:3, Licht: 2,10405,3,7,0,02,19,5,,2,1,0,1,0
"POINT (9.464478638000060 52.349772057999999)",Unfall 10407 (2022) Kat:3, Licht: 0,10407,3,1,0,03,14,7,,0,0,0,0,1
"POINT (9.903905455000030 52.397185063999999)",Unfall 10408 (2022) Kat:3, Licht: 2,10408,3,1,8,02,05,1,,2,0,0,0,0
"POINT (9.611257796000070 52.392048693000000)",Unfall 10421 (2022) Kat:3, Licht: 2,10421,3,2,4,02,18,6,,2,1,1,0,0
"POINT (9.734085049000040 52.387497923000097)",Unfall 10432 (2022) Kat:3, Licht: 2,10432,3,4,6,02,19,2,,2,0,1,1,0
"POINT (9.747781668000069 52.363652969000000)",Unfall 10451 (2022) Kat:3, Licht: 2,10451,3,3,5,02,21,2,,2,1,1,0,0
"POINT (9.474242384000039 52.504021431000098)",Unfall 10482 (2022) Kat:3, Licht: 0,10482,3,4,6,03,14,6,,0,0,1,1,0
"POINT (9.752801164000060 52.357145515000099)",Unfall 10491 (2022) Kat:3, Licht: 0,10491,3,2,3,03,12,2,,0,0,1,0,0
"POINT (9.627276490000041 52.423254203000099)",Unfall 10493 (2022) Kat:3, Licht: 0,10493,3,6,2,03,09,3,,0,0,1,0,0
"POINT (9.615667762000040 52.429957367000000)",Unfall 10500 (2022) Kat:3, Licht: 2,10500,3,6,2,02,05,4,,2,0,1,0,0
"POINT (9.911099939000049 52.357438549999998)",Unfall 10504 (2022) Kat:3, Licht: 0,10504,3,2,4,02,09,6,,0,0,1,0,0
"POINT (9.727238959000029 52.366798701999997)",Unfall 10510 (2022) Kat:3, Licht: 0,10510,3,6,3,03,08,5,,0,0,1,0,0
"POINT (9.733438027000030 52.417356332000097)",Unfall 10511 (2022) Kat:3, Licht: 0,10511,3,2,5,03,13,7,,0,1,1,0,0
"POINT (9.782972559000029 52.324199927999999)",Unfall 10513 (2022) Kat:3, Licht: 2,10513,3,6,3,02,20,1,,2,0,1,0,0
"POINT (9.846924926000041 52.390475869000099)",Unfall 10523 (2022) Kat:3, Licht: 0,10523,3,7,0,03,12,7,,0,1,0,0,0
"POINT (9.774067253000061 52.577220998000001)",Unfall 10531 (2022) Kat:3, Licht: 2,10531,3,1,8,02,21,1,,2,0,1,0,0
"POINT (9.630802529000050 52.293428087999999)",Unfall 10538 (2022) Kat:3, Licht: 2,10538,3,3,5,02,06,3,,2,1,1,0,0
"POINT (9.717127504000080 52.346366177999997)",Unfall 10540 (2022) Kat:3, Licht: 2,10540,3,3,5,02,18,4,,2,0,1,0,0
"POINT (9.725131592000031 52.364820152999997)",Unfall 10553 (2022) Kat:3, Licht: 0,10553,3,2,5,03,10,3,,0,1,1,0,0
"POINT (9.789281433000040 52.317172456999998)",Unfall 10563 (2022) Kat:3, Licht: 0,10563,3,6,2,03,06,2,,0,0,1,0,0
"POINT (9.745013107000030 52.369034961000096)",Unfall 10564 (2022) Kat:3, Licht: 2,10564,3,1,0,02,18,2,,2,1,0,0,0
"POINT (9.829926965000030 52.299241827000102)",Unfall 10566 (2022) Kat:3, Licht: 0,10566,3,1,3,02,08,4,,0,0,1,0,0
"POINT (9.593296181000030 52.579245530999998)",Unfall 10571 (2022) Kat:3, Licht: 0,10571,3,2,5,02,14,5,,0,0,1,1,0
"POINT (9.582319940000049 52.390069934000103)",Unfall 10575 (2022) Kat:3, Licht: 1,10575,3,3,5,02,06,6,,1,0,1,0,0
"POINT (9.858904114000040 52.463596945000099)",Unfall 10577 (2022) Kat:2, Licht: 2,10577,2,1,8,03,22,7,,2,0,1,0,0
"POINT (9.624932905000041 52.424643007000000)",Unfall 10588 (2022) Kat:3, Licht: 0,10588,3,6,2,03,13,6,,0,0,1,0,0
"POINT (9.718872944000051 52.333431871000101)",Unfall 10591 (2022) Kat:3, Licht: 0,10591,3,6,2,03,16,4,,0,0,1,0,0
"POINT (9.804180617000039 52.337024106999998)",Unfall 10596 (2022) Kat:3, Licht: 0,10596,3,6,2,02,15,5,,0,0,1,0,0
"POINT (9.738841696000071 52.368033158000102)",Unfall 10600 (2022) Kat:3, Licht: 0,10600,3,3,5,02,14,4,,0,1,1,0,0
"POINT (9.815237209000029 52.303582430000098)",Unfall 10601 (2022) Kat:3, Licht: 0,10601,3,2,5,02,13,2,,0,0,1,0,0
"POINT (9.804094303000060 52.336948777000003)",Unfall 10604 (2022) Kat:3, Licht: 0,10604,3,6,2,02,08,5,,0,0,1,0,0
"POINT (9.608097347000070 52.290469266999999)",Unfall 10629 (2022) Kat:3, Licht: 0,10629,3,7,2,02,16,2,,0,0,1,0,0
"POINT (9.885918990000050 52.425671602000101)",Unfall 10641 (2022) Kat:3, Licht: 2,10641,3,1,8,02,23,7,,2,0,1,0,0
"POINT (9.805851859000031 52.512898645000099)",Unfall 10647 (2022) Kat:3, Licht: 2,10647,3,7,0,02,20,6,,2,0,1,1,0
"POINT (9.794854200000030 52.551153180000000)",Unfall 10652 (2022) Kat:3, Licht: 0,10652,3,6,2,03,09,3,,0,0,1,0,0
"POINT (9.739183999000030 52.427660381000102)",Unfall 10668 (2022) Kat:3, Licht: 1,10668,3,6,2,02,06,5,,1,0,0,0,0
"POINT (9.782026400000060 52.325406160999997)",Unfall 10684 (2022) Kat:3, Licht: 0,10684,3,6,2,02,15,3,,0,0,1,0,0
"POINT (9.768635325000050 52.337984725000098)",Unfall 10685 (2022) Kat:3, Licht: 1,10685,3,7,0,02,17,5,,1,0,1,0,0
"POINT (9.612194620000031 52.431042625000003)",Unfall 10691 (2022) Kat:3, Licht: 0,10691,3,6,3,03,17,5,,0,0,1,0,0
"POINT (9.852123559000059 52.321144005000100)",Unfall 10695 (2022) Kat:3, Licht: 0,10695,3,1,8,02,17,2,,0,0,1,0,0
"POINT (9.558801218000040 52.400673181999998)",Unfall 10697 (2022) Kat:3, Licht: 0,10697,3,4,6,03,17,6,,0,0,1,1,0
"POINT (9.730903309000039 52.370368108999998)",Unfall 10700 (2022) Kat:3, Licht: 0,10700,3,1,0,02,11,4,,0,1,0,0,0
"POINT (9.690512576000060 52.346807265000102)",Unfall 10703 (2022) Kat:2, Licht: 0,10703,2,3,5,02,08,6,,0,1,1,0,0
"POINT (9.431985423000070 52.422424327999998)",Unfall 10704 (2022) Kat:3, Licht: 2,10704,3,1,8,03,23,4,,2,0,1,0,0
"POINT (10.021988328000100 52.382166480000102)",Unfall 10713 (2022) Kat:3, Licht: 2,10713,3,6,2,03,21,6,,2,0,1,0,0
"POINT (9.808926519000069 52.408869854000002)",Unfall 10721 (2022) Kat:3, Licht: 0,10721,3,3,5,02,12,6,,0,1,1,0,0
"POINT (9.427668173000029 52.431012750000001)",Unfall 10724 (2022) Kat:3, Licht: 0,10724,3,3,0,03,08,7,,0,1,1,0,0
"POINT (9.564465958000030 52.323172995999997)",Unfall 10733 (2022) Kat:3, Licht: 2,10733,3,2,5,03,19,5,,2,0,1,0,0
"POINT (9.733962653000050 52.384870356000100)",Unfall 10745 (2022) Kat:3, Licht: 2,10745,3,1,8,02,05,7,,2,0,1,0,0
"POINT (9.726769542000060 52.366618113000101)",Unfall 10754 (2022) Kat:2, Licht: 0,10754,2,3,5,03,17,4,,0,1,1,0,0
"POINT (9.761368515000070 52.370478015000103)",Unfall 10763 (2022) Kat:3, Licht: 0,10763,3,3,5,02,13,3,,0,0,1,0,0
"POINT (9.702979941000020 52.414293959000098)",Unfall 10779 (2022) Kat:2, Licht: 2,10779,2,4,6,02,18,4,,2,0,0,1,0
"POINT (9.634524963000050 52.395730506000099)",Unfall 10781 (2022) Kat:3, Licht: 0,10781,3,7,8,03,07,6,,0,0,1,0,0
"POINT (9.668690326000050 52.344909868000101)",Unfall 10796 (2022) Kat:3, Licht: 0,10796,3,7,0,02,07,2,,0,1,0,0,0
"POINT (9.726807846000041 52.381015914000002)",Unfall 10798 (2022) Kat:3, Licht: 0,10798,3,1,6,02,13,4,,0,0,1,1,0
"POINT (9.434668533000041 52.421402317999998)",Unfall 10799 (2022) Kat:3, Licht: 0,10799,3,2,3,03,15,6,,0,1,1,0,0
"POINT (9.712043701000029 52.314482495000000)",Unfall 10805 (2022) Kat:3, Licht: 0,10805,3,3,5,03,11,7,,0,1,1,0,0
"POINT (9.474111936000041 52.386661777000000)",Unfall 10809 (2022) Kat:3, Licht: 0,10809,3,6,2,03,16,5,,0,0,1,0,0
"POINT (9.839239671000030 52.490709418000101)",Unfall 10844 (2022) Kat:3, Licht: 0,10844,3,2,5,03,13,5,,0,0,1,0,0
"POINT (9.855959637000071 52.533139071999997)",Unfall 10845 (2022) Kat:3, Licht: 2,10845,3,7,0,03,21,1,,2,0,1,0,0
"POINT (9.401523685000029 52.454378831000000)",Unfall 10846 (2022) Kat:2, Licht: 1,10846,2,2,4,02,07,2,,1,0,1,0,0
"POINT (9.580156403000050 52.418216391999998)",Unfall 10847 (2022) Kat:3, Licht: 0,10847,3,5,1,02,15,7,,0,0,1,0,0
"POINT (9.737430336000051 52.337361086000001)",Unfall 10850 (2022) Kat:2, Licht: 0,10850,2,6,3,03,12,5,,0,0,1,0,1
"POINT (9.540615305000070 52.308966630999997)",Unfall 10854 (2022) Kat:3, Licht: 0,10854,3,1,9,02,15,6,,0,0,1,0,0
"POINT (9.721303882000029 52.361812467000000)",Unfall 10864 (2022) Kat:3, Licht: 0,10864,3,6,2,02,16,6,,0,0,1,0,0
"POINT (9.697048874000069 52.374949517000097)",Unfall 10867 (2022) Kat:3, Licht: 0,10867,3,6,3,02,14,4,,0,0,1,0,0
"POINT (9.504710922000070 52.368006632000103)",Unfall 10869 (2022) Kat:3, Licht: 0,10869,3,6,2,03,15,5,,0,1,1,0,0
"POINT (9.660505180000030 52.319373124999998)",Unfall 10872 (2022) Kat:3, Licht: 2,10872,3,5,1,02,20,1,,2,1,0,0,0
"POINT (9.733524497000079 52.416672577000000)",Unfall 10882 (2022) Kat:3, Licht: 2,10882,3,1,3,03,20,7,,2,0,1,0,0
"POINT (9.740471235000030 52.427337442000102)",Unfall 10885 (2022) Kat:3, Licht: 0,10885,3,1,8,03,13,4,,0,0,1,0,0
"POINT (9.731064912000020 52.420735946000001)",Unfall 10889 (2022) Kat:3, Licht: 0,10889,3,2,5,02,15,5,,0,0,1,0,0
"POINT (9.448707254000061 52.439208751000102)",Unfall 10905 (2022) Kat:2, Licht: 0,10905,2,3,5,02,14,7,,0,0,1,0,0
"POINT (9.451281899000040 52.430145939000099)",Unfall 10907 (2022) Kat:3, Licht: 0,10907,3,6,4,02,12,1,,0,0,1,0,1
"POINT (9.784816062000059 52.358308456000003)",Unfall 10926 (2022) Kat:3, Licht: 0,10926,3,6,2,03,07,3,,0,0,1,0,0
"POINT (9.735044359000030 52.393507303000000)",Unfall 10931 (2022) Kat:3, Licht: 0,10931,3,6,2,03,17,1,,0,0,1,0,1
"POINT (9.838426209000030 52.387467865000097)",Unfall 10945 (2022) Kat:2, Licht: 0,10945,2,4,2,03,12,3,,0,0,1,1,0
"POINT (9.746629373000079 52.365097265000003)",Unfall 10949 (2022) Kat:3, Licht: 2,10949,3,1,0,03,23,4,,2,0,0,0,0
"POINT (9.837313614000040 52.396992668000102)",Unfall 10952 (2022) Kat:3, Licht: 0,10952,3,2,5,03,14,4,,0,0,1,0,1
"POINT (9.738795526000050 52.463398230999999)",Unfall 10959 (2022) Kat:3, Licht: 2,10959,3,5,1,02,19,2,,2,0,1,0,0
"POINT (9.456139636000049 52.426320702000098)",Unfall 10969 (2022) Kat:3, Licht: 2,10969,3,6,2,02,05,2,,2,0,1,0,0
"POINT (9.837409780000030 52.490229876000100)",Unfall 10971 (2022) Kat:3, Licht: 2,10971,3,1,0,03,23,6,,2,1,0,0,0
"POINT (9.650475017000080 52.411291479000099)",Unfall 10979 (2022) Kat:3, Licht: 0,10979,3,6,2,03,12,4,,0,0,1,0,0
"POINT (9.669035521000071 52.358137761000101)",Unfall 10986 (2022) Kat:2, Licht: 2,10986,2,3,5,03,00,4,,2,1,1,0,0
"POINT (9.627689914000030 52.394389936000003)",Unfall 10994 (2022) Kat:3, Licht: 2,10994,3,3,5,02,19,6,,2,0,1,0,0
"POINT (9.646159837000029 52.403764105000100)",Unfall 10999 (2022) Kat:3, Licht: 0,10999,3,6,2,02,12,5,,0,0,1,0,0
"POINT (9.356781588000050 52.447444193000102)",Unfall 11005 (2022) Kat:3, Licht: 0,11005,3,3,5,02,11,2,,0,0,1,0,0
"POINT (9.750847969000059 52.369364494000102)",Unfall 11013 (2022) Kat:3, Licht: 0,11013,3,3,5,02,12,6,,0,1,1,0,0
"POINT (9.459760015000031 52.305507564000003)",Unfall 11030 (2022) Kat:3, Licht: 0,11030,3,3,5,05,14,2,,0,0,1,0,0
"POINT (9.722155081000039 52.450768718000099)",Unfall 11033 (2022) Kat:3, Licht: 1,11033,3,1,8,04,07,6,,1,0,0,0,0
"POINT (9.837149732000061 52.276887516000002)",Unfall 11037 (2022) Kat:3, Licht: 0,11037,3,3,0,04,12,5,,0,1,1,0,0
"POINT (9.779514062000031 52.327501396999999)",Unfall 11043 (2022) Kat:3, Licht: 0,11043,3,2,2,03,18,4,,0,0,1,0,1
"POINT (9.762214587000070 52.345460887999998)",Unfall 11056 (2022) Kat:3, Licht: 0,11056,3,5,1,05,13,2,,0,0,1,0,0
"POINT (9.477272776000060 52.387335401000001)",Unfall 11065 (2022) Kat:3, Licht: 0,11065,3,2,4,04,16,7,,0,0,1,0,0
"POINT (9.801094199000030 52.429464050000000)",Unfall 11069 (2022) Kat:3, Licht: 0,11069,3,2,5,05,09,6,,0,1,1,0,0
"POINT (9.719327429000030 52.392692243000099)",Unfall 11072 (2022) Kat:3, Licht: 2,11072,3,1,0,04,04,1,,2,0,0,0,0
"POINT (9.736325329000071 52.427360775000103)",Unfall 11080 (2022) Kat:3, Licht: 0,11080,3,1,8,04,07,1,,0,0,1,0,0
"POINT (9.734039375000069 52.412556161000097)",Unfall 11099 (2022) Kat:3, Licht: 2,11099,3,6,2,04,22,2,,2,0,1,0,0
"POINT (9.828002269000020 52.458306561000001)",Unfall 11104 (2022) Kat:3, Licht: 0,11104,3,3,5,03,10,5,,0,0,1,0,0
"POINT (9.731634344000041 52.545441718000099)",Unfall 11106 (2022) Kat:3, Licht: 0,11106,3,4,6,03,10,7,,0,0,1,1,0
"POINT (9.736198389000039 52.399229385000098)",Unfall 11107 (2022) Kat:2, Licht: 0,11107,2,2,6,05,14,7,,0,0,1,1,0
"POINT (9.745974477000059 52.369069750000101)",Unfall 11115 (2022) Kat:3, Licht: 0,11115,3,7,1,04,17,3,,0,1,1,0,0
"POINT (9.785327386000059 52.386758813000000)",Unfall 11117 (2022) Kat:3, Licht: 0,11117,3,6,2,04,15,6,,0,0,1,0,0
"POINT (9.622372244000079 52.426199068000102)",Unfall 11130 (2022) Kat:3, Licht: 0,11130,3,3,5,05,09,6,,0,1,0,0,0
"POINT (9.733892757000040 52.438529561000102)",Unfall 11140 (2022) Kat:3, Licht: 0,11140,3,2,2,04,08,5,,0,0,1,0,0
"POINT (9.800717889000049 52.396483060999998)",Unfall 11150 (2022) Kat:3, Licht: 0,11150,3,6,3,03,15,6,,0,0,1,0,0
"POINT (9.743289999000069 52.368193609000102)",Unfall 11158 (2022) Kat:3, Licht: 0,11158,3,2,5,05,13,2,,0,1,0,0,0
"POINT (9.856505176000040 52.531337290000103)",Unfall 11159 (2022) Kat:3, Licht: 2,11159,3,1,0,05,22,6,,2,1,0,0,0
"POINT (9.905127824000029 52.283859491000001)",Unfall 11161 (2022) Kat:3, Licht: 0,11161,3,6,2,03,11,2,,0,0,1,0,0
"POINT (9.751152743000031 52.359283484000102)",Unfall 11182 (2022) Kat:2, Licht: 0,11182,2,2,5,05,12,1,,0,0,1,0,1
"POINT (9.420038243000020 52.425177414000103)",Unfall 11184 (2022) Kat:3, Licht: 0,11184,3,3,5,05,18,3,,0,1,1,0,0
"POINT (10.044010463000101 52.307261402999998)",Unfall 11196 (2022) Kat:3, Licht: 0,11196,3,3,5,05,17,4,,0,1,1,0,0
"POINT (9.791973697000060 52.352374302999998)",Unfall 11198 (2022) Kat:3, Licht: 0,11198,3,1,8,04,16,7,,0,0,1,0,0
"POINT (9.732301556000040 52.383370151000101)",Unfall 11205 (2022) Kat:3, Licht: 0,11205,3,2,0,05,20,4,,0,1,1,0,0
"POINT (9.728448432000050 52.368009432000100)",Unfall 11209 (2022) Kat:3, Licht: 0,11209,3,3,0,03,11,4,,0,1,1,0,0
"POINT (9.798119033000029 52.418820988999997)",Unfall 11212 (2022) Kat:3, Licht: 0,11212,3,6,4,05,06,5,,0,0,1,0,0
"POINT (9.617073786000050 52.429351378000000)",Unfall 11217 (2022) Kat:3, Licht: 0,11217,3,6,2,04,07,4,,0,0,1,0,0
"POINT (10.115319450000101 52.355935858000102)",Unfall 11224 (2022) Kat:3, Licht: 0,11224,3,3,5,04,15,6,,0,0,1,0,0
"POINT (9.853599629000030 52.409363122999999)",Unfall 11227 (2022) Kat:3, Licht: 1,11227,3,1,8,04,19,7,,1,0,1,0,0
"POINT (9.721510809000049 52.361510965000001)",Unfall 11229 (2022) Kat:3, Licht: 0,11229,3,7,0,05,08,4,,0,1,0,0,0
"POINT (9.566220039000029 52.440884558000100)",Unfall 11242 (2022) Kat:3, Licht: 0,11242,3,3,5,04,18,5,,0,1,1,0,0
"POINT (9.629863813000039 52.484972515000003)",Unfall 11248 (2022) Kat:3, Licht: 0,11248,3,1,8,05,14,5,,0,0,0,0,1
"POINT (9.685667439000040 52.374828231999999)",Unfall 11249 (2022) Kat:2, Licht: 0,11249,2,1,8,04,16,2,,0,0,0,0,0
"POINT (9.705684116000040 52.430181203000103)",Unfall 11251 (2022) Kat:3, Licht: 0,11251,3,7,3,05,13,2,,0,0,1,0,0
"POINT (9.665446289000039 52.333967815999998)",Unfall 11255 (2022) Kat:3, Licht: 0,11255,3,3,5,05,16,6,,0,1,0,0,0
"POINT (9.744816050000050 52.602180734999997)",Unfall 11282 (2022) Kat:2, Licht: 0,11282,2,6,3,04,10,7,,0,0,1,0,0
"POINT (9.489521508000051 52.490514525999998)",Unfall 11291 (2022) Kat:3, Licht: 0,11291,3,2,4,04,15,2,,0,0,1,0,0
"POINT (9.714371113000031 52.362146213000102)",Unfall 11309 (2022) Kat:3, Licht: 2,11309,3,2,5,04,23,7,,2,0,1,0,0
"POINT (9.757652170000030 52.589426370000098)",Unfall 11312 (2022) Kat:3, Licht: 0,11312,3,6,2,05,12,7,,0,0,1,0,0
"POINT (9.747249268000081 52.323960391000099)",Unfall 11330 (2022) Kat:3, Licht: 0,11330,3,3,5,04,13,2,,0,1,1,0,0
"POINT (9.713820728000030 52.366626455000102)",Unfall 11332 (2022) Kat:3, Licht: 2,11332,3,1,0,04,00,5,,2,1,0,0,0
"POINT (9.856682197000049 52.477274501000103)",Unfall 11339 (2022) Kat:3, Licht: 2,11339,3,1,8,04,19,2,,2,0,1,0,0
"POINT (9.733716302000060 52.438530592000099)",Unfall 11346 (2022) Kat:3, Licht: 0,11346,3,6,2,04,19,5,,0,0,1,0,0
"POINT (9.622217924000040 52.426292348000104)",Unfall 11362 (2022) Kat:3, Licht: 0,11362,3,6,2,05,17,4,,0,0,1,0,0
"POINT (9.683995553000051 52.308228016000001)",Unfall 11371 (2022) Kat:3, Licht: 0,11371,3,7,9,05,07,5,,0,0,1,0,0
"POINT (10.047750493000001 52.483601548000102)",Unfall 11376 (2022) Kat:3, Licht: 1,11376,3,3,5,05,19,3,,1,0,1,0,1
"POINT (9.757871510000030 52.522600271999998)",Unfall 11382 (2022) Kat:2, Licht: 0,11382,2,6,4,05,17,2,,0,1,0,0,0
"POINT (9.591143183000041 52.399608331000103)",Unfall 11384 (2022) Kat:2, Licht: 0,11384,2,3,5,05,16,4,,0,0,1,0,1
"POINT (9.747266581000080 52.323983683999998)",Unfall 11398 (2022) Kat:3, Licht: 0,11398,3,3,5,03,09,4,,0,1,1,0,0
"POINT (9.832506201000060 52.386148085000102)",Unfall 11421 (2022) Kat:3, Licht: 0,11421,3,3,5,05,07,4,,0,1,1,0,0
"POINT (9.756198824000020 52.234730227000099)",Unfall 11434 (2022) Kat:3, Licht: 2,11434,3,1,9,04,02,3,,2,0,0,0,0
"POINT (9.438830019000020 52.423145044000101)",Unfall 11439 (2022) Kat:3, Licht: 0,11439,3,2,4,05,11,2,,0,0,1,0,0
"POINT (9.814384429000031 52.523739615000103)",Unfall 11442 (2022) Kat:3, Licht: 0,11442,3,1,8,04,07,7,,0,0,1,0,0
"POINT (9.959104714000031 52.317762351000098)",Unfall 11451 (2022) Kat:3, Licht: 0,11451,3,3,5,05,13,5,,0,1,1,0,0
"POINT (9.349064014000019 52.499144960000102)",Unfall 11454 (2022) Kat:3, Licht: 0,11454,3,3,5,04,16,2,,0,0,1,0,1
"POINT (9.628512641000039 52.284183984000002)",Unfall 11458 (2022) Kat:3, Licht: 0,11458,3,3,0,04,14,4,,0,0,1,0,0
"POINT (9.823741617000049 52.384182131000003)",Unfall 11463 (2022) Kat:3, Licht: 0,11463,3,2,5,04,07,2,,0,1,1,0,0
"POINT (9.627625001000069 52.175258498000098)",Unfall 11464 (2022) Kat:3, Licht: 0,11464,3,1,0,05,11,1,,0,1,0,0,0
"POINT (9.638690524000030 52.391212750000101)",Unfall 11467 (2022) Kat:3, Licht: 0,11467,3,7,8,05,16,3,,0,0,1,0,0
"POINT (9.820919737000050 52.408145603999998)",Unfall 11488 (2022) Kat:3, Licht: 0,11488,3,6,2,05,07,4,,0,0,1,0,0
"POINT (9.611138588000070 52.392056740000001)",Unfall 11520 (2022) Kat:3, Licht: 0,11520,3,3,5,04,11,3,,0,1,1,0,0
"POINT (10.207557649000000 52.476940362000100)",Unfall 11521 (2022) Kat:3, Licht: 2,11521,3,2,4,04,05,2,,2,0,1,0,1
"POINT (9.631211430000061 52.420625480000098)",Unfall 11522 (2022) Kat:3, Licht: 0,11522,3,6,3,04,11,5,,0,0,1,0,0
"POINT (9.400839769000070 52.332824674999998)",Unfall 11526 (2022) Kat:3, Licht: 0,11526,3,6,2,05,18,6,,0,0,1,0,0
"POINT (9.804109751000061 52.337016351999999)",Unfall 11531 (2022) Kat:3, Licht: 0,11531,3,7,0,04,11,5,,0,1,0,0,0
"POINT (9.707937928000041 52.420784281000103)",Unfall 11534 (2022) Kat:3, Licht: 2,11534,3,6,2,05,20,6,,2,0,1,0,0
"POINT (9.506854735000051 52.477853217000103)",Unfall 11535 (2022) Kat:3, Licht: 0,11535,3,7,8,05,14,3,,0,0,1,0,0
"POINT (10.102137102000000 52.364415720000103)",Unfall 11542 (2022) Kat:1, Licht: 0,11542,1,1,8,05,05,1,,0,0,1,0,0
"POINT (9.735218363000060 52.394346204999998)",Unfall 11547 (2022) Kat:2, Licht: 0,11547,2,6,6,04,18,7,,0,1,0,1,0
"POINT (9.486151243000050 52.626544516000102)",Unfall 11550 (2022) Kat:3, Licht: 0,11550,3,3,5,04,16,7,,0,0,1,0,0
"POINT (9.741067291000039 52.300856357000001)",Unfall 11577 (2022) Kat:3, Licht: 0,11577,3,7,6,05,15,6,,0,0,0,1,0
"POINT (9.729199354000061 52.475313297000099)",Unfall 11584 (2022) Kat:3, Licht: 0,11584,3,2,5,03,07,4,,0,0,1,0,1
"POINT (9.457942247000060 52.406515473000098)",Unfall 11585 (2022) Kat:3, Licht: 0,11585,3,6,2,05,11,4,,0,0,1,0,0
"POINT (9.426932761000050 52.429293698000002)",Unfall 11590 (2022) Kat:3, Licht: 0,11590,3,6,2,04,14,4,,0,0,1,0,0
"POINT (9.889693153000049 52.423190425000001)",Unfall 11595 (2022) Kat:2, Licht: 0,11595,2,1,8,04,19,2,,0,0,1,0,0
"POINT (9.973585624000069 52.384000544000102)",Unfall 11599 (2022) Kat:3, Licht: 0,11599,3,6,4,05,14,3,,0,1,0,0,0
"POINT (9.778096900000040 52.327784751000102)",Unfall 11607 (2022) Kat:3, Licht: 1,11607,3,2,5,05,20,1,,1,1,0,0,0
"POINT (9.721466742000080 52.355190217000001)",Unfall 11610 (2022) Kat:3, Licht: 0,11610,3,1,8,05,06,6,,0,0,0,0,0
"POINT (9.779737746000020 52.327563655000098)",Unfall 11621 (2022) Kat:3, Licht: 0,11621,3,1,0,04,10,1,,0,0,0,0,0
"POINT (9.734265907000060 52.387104738000097)",Unfall 11627 (2022) Kat:3, Licht: 0,11627,3,2,5,05,13,5,,0,1,1,0,0
"POINT (9.663565288000029 52.315989205999998)",Unfall 11628 (2022) Kat:3, Licht: 0,11628,3,6,4,04,17,3,,0,1,0,0,0
"POINT (9.727435729000041 52.374856588000100)",Unfall 11636 (2022) Kat:3, Licht: 0,11636,3,6,2,05,19,3,,0,0,1,0,0
"POINT (9.964165234000060 52.315973075000002)",Unfall 11640 (2022) Kat:3, Licht: 0,11640,3,2,2,04,15,2,,0,0,1,0,0
"POINT (9.725284711000031 52.563533427000003)",Unfall 11647 (2022) Kat:3, Licht: 0,11647,3,3,5,03,08,7,,0,1,1,0,0
"POINT (9.536413737000030 52.423887033000000)",Unfall 11657 (2022) Kat:3, Licht: 2,11657,3,1,0,04,21,3,,2,1,0,0,0
"POINT (9.609790737000029 52.392208961000101)",Unfall 11659 (2022) Kat:3, Licht: 0,11659,3,7,0,04,17,6,,0,1,0,0,0
"POINT (9.604062884000029 52.457669346000003)",Unfall 11660 (2022) Kat:3, Licht: 2,11660,3,5,1,04,21,3,,2,0,1,0,0
"POINT (9.642116232000030 52.422637270000102)",Unfall 11669 (2022) Kat:3, Licht: 0,11669,3,6,2,05,15,3,,0,0,1,0,0
"POINT (9.860768508000040 52.453833076000102)",Unfall 11680 (2022) Kat:2, Licht: 0,11680,2,6,3,03,14,7,,0,0,1,0,0
"POINT (9.720234711000050 52.391689126000102)",Unfall 11681 (2022) Kat:3, Licht: 0,11681,3,2,3,05,15,7,,0,1,1,0,0
"POINT (10.012782405000101 52.467051927999997)",Unfall 11687 (2022) Kat:3, Licht: 0,11687,3,1,0,04,16,2,,0,1,0,0,0
"POINT (9.408003898000061 52.574663919999999)",Unfall 11691 (2022) Kat:3, Licht: 0,11691,3,1,9,03,06,1,,0,0,1,0,0
"POINT (9.747878613000070 52.363527561000097)",Unfall 11692 (2022) Kat:3, Licht: 0,11692,3,4,6,05,16,7,,0,1,0,1,0
"POINT (9.629651647000060 52.421631379000097)",Unfall 11693 (2022) Kat:3, Licht: 0,11693,3,3,5,05,10,5,,0,0,1,0,0
"POINT (10.071794831000000 52.367992792000102)",Unfall 11716 (2022) Kat:3, Licht: 0,11716,3,6,3,04,16,2,,0,0,1,0,0
"POINT (9.735967084000039 52.400885792000103)",Unfall 11720 (2022) Kat:2, Licht: 0,11720,2,6,4,03,13,5,,0,1,0,0,0
"POINT (10.028713949000100 52.344538018999998)",Unfall 11727 (2022) Kat:2, Licht: 2,11727,2,1,8,04,22,7,,2,0,1,0,0
"POINT (9.605959810000060 52.406792222000000)",Unfall 11730 (2022) Kat:3, Licht: 0,11730,3,6,0,05,16,2,,0,1,0,0,0
"POINT (9.741767608000030 52.605882176000101)",Unfall 11731 (2022) Kat:3, Licht: 0,11731,3,6,2,05,15,6,,0,0,1,0,0
"POINT (9.520333375000060 52.557123705999999)",Unfall 11732 (2022) Kat:2, Licht: 0,11732,2,6,4,05,17,4,,0,0,1,0,0
"POINT (9.816669372000041 52.284616989000000)",Unfall 11734 (2022) Kat:3, Licht: 0,11734,3,1,9,04,17,7,,0,0,1,0,0
"POINT (9.570165734000060 52.457868122000001)",Unfall 11741 (2022) Kat:3, Licht: 0,11741,3,7,0,05,09,4,,0,1,0,0,0
"POINT (9.732474053000031 52.369531806000097)",Unfall 11744 (2022) Kat:3, Licht: 0,11744,3,6,2,04,07,4,,0,0,1,0,0
"POINT (9.657148397000070 52.405575934000098)",Unfall 11746 (2022) Kat:3, Licht: 1,11746,3,6,2,03,05,6,,1,0,1,0,0
"POINT (9.750080829000069 52.369281613000098)",Unfall 11747 (2022) Kat:2, Licht: 0,11747,2,4,6,05,11,6,,0,1,0,1,0
"POINT (9.860436801000050 52.517479222000098)",Unfall 11761 (2022) Kat:3, Licht: 0,11761,3,3,5,04,17,2,,0,0,1,0,0
"POINT (9.734073953000060 52.385984309000001)",Unfall 11765 (2022) Kat:3, Licht: 0,11765,3,6,2,05,16,4,,0,0,1,0,0
"POINT (9.799685411000040 52.408439573000102)",Unfall 11766 (2022) Kat:3, Licht: 0,11766,3,2,5,03,09,7,,0,1,0,0,1
"POINT (9.735857300000021 52.296361161999997)",Unfall 11772 (2022) Kat:3, Licht: 0,11772,3,3,5,05,06,5,,0,1,1,0,0
"POINT (9.858907882000040 52.407274974000103)",Unfall 11779 (2022) Kat:3, Licht: 2,11779,3,7,8,04,01,3,,2,0,0,0,0
"POINT (10.115382415999999 52.356002617000101)",Unfall 11781 (2022) Kat:3, Licht: 0,11781,3,2,2,05,11,7,,0,0,1,0,0
"POINT (9.872016886000040 52.424326970000003)",Unfall 11783 (2022) Kat:3, Licht: 0,11783,3,6,2,05,14,5,,0,0,1,0,0
"POINT (9.869087648000059 52.360620300000100)",Unfall 11784 (2022) Kat:3, Licht: 0,11784,3,6,2,04,12,2,,0,0,1,0,0
"POINT (9.999190651000051 52.363226382000100)",Unfall 11796 (2022) Kat:3, Licht: 0,11796,3,1,8,05,16,4,,0,0,0,0,1
"POINT (9.602057195000040 52.158088057000001)",Unfall 11798 (2022) Kat:2, Licht: 0,11798,2,3,5,04,13,1,,0,0,1,0,1
"POINT (9.456876027000019 52.499639742000099)",Unfall 11801 (2022) Kat:3, Licht: 0,11801,3,6,0,04,16,5,,0,0,0,0,0
"POINT (9.448531365000060 52.525276881000103)",Unfall 11803 (2022) Kat:3, Licht: 1,11803,3,2,2,04,18,4,,1,0,1,0,0
"POINT (9.506434767000030 52.340542453000097)",Unfall 11808 (2022) Kat:3, Licht: 1,11808,3,1,8,05,21,1,,1,0,1,0,0
"POINT (9.356759994000070 52.447265299000001)",Unfall 11815 (2022) Kat:2, Licht: 0,11815,2,6,2,04,15,3,,0,0,1,0,1
"POINT (9.757603951000020 52.534862384000100)",Unfall 11826 (2022) Kat:3, Licht: 0,11826,3,3,5,04,12,2,,0,0,1,0,0
"POINT (9.827102118000029 52.299642273000103)",Unfall 11838 (2022) Kat:3, Licht: 0,11838,3,6,2,04,17,4,,0,0,1,0,1
"POINT (9.721295560000041 52.360767445000100)",Unfall 11845 (2022) Kat:3, Licht: 2,11845,3,2,3,03,22,4,,2,0,1,0,0
"POINT (9.828380301000040 52.306926515999997)",Unfall 11849 (2022) Kat:3, Licht: 1,11849,3,7,0,04,05,3,,1,0,1,0,0
"POINT (9.838033180000020 52.418624008999998)",Unfall 11855 (2022) Kat:3, Licht: 0,11855,3,6,3,05,07,6,,0,0,1,0,0
"POINT (9.815125585000031 52.303297458000003)",Unfall 11861 (2022) Kat:3, Licht: 0,11861,3,2,5,04,08,4,,0,1,1,0,0
"POINT (9.776165815000070 52.575948998000101)",Unfall 11874 (2022) Kat:3, Licht: 0,11874,3,6,2,04,08,4,,0,0,1,0,0
"POINT (9.520153827000060 52.406931681000103)",Unfall 11881 (2022) Kat:3, Licht: 0,11881,3,6,4,05,13,3,,0,0,1,0,0
"POINT (9.819511855000030 52.310306842999999)",Unfall 11907 (2022) Kat:3, Licht: 0,11907,3,1,8,04,08,6,,0,0,1,0,0
"POINT (9.733379371000069 52.417818403000098)",Unfall 11916 (2022) Kat:3, Licht: 0,11916,3,3,5,04,13,5,,0,1,1,0,0
"POINT (9.628557374000019 52.292483410999999)",Unfall 11928 (2022) Kat:3, Licht: 0,11928,3,2,5,04,16,4,,0,0,1,0,0
"POINT (9.735595508000070 52.403298785000104)",Unfall 11935 (2022) Kat:3, Licht: 0,11935,3,3,0,03,15,4,,0,1,1,0,0
"POINT (10.180316092000099 52.465004553000000)",Unfall 11944 (2022) Kat:3, Licht: 0,11944,3,6,2,03,13,2,,0,0,0,0,0
"POINT (9.413165090000060 52.333048062000003)",Unfall 11948 (2022) Kat:3, Licht: 0,11948,3,6,2,03,15,2,,0,0,1,0,0
"POINT (9.743318658000019 52.369040978999998)",Unfall 11953 (2022) Kat:2, Licht: 0,11953,2,7,3,04,11,7,,0,1,0,0,0
"POINT (9.480440045000019 52.301055565000098)",Unfall 11958 (2022) Kat:2, Licht: 0,11958,2,3,5,03,09,7,,0,0,1,0,0
"POINT (9.723395081000040 52.628581967000102)",Unfall 11959 (2022) Kat:3, Licht: 0,11959,3,6,2,05,12,7,,0,0,1,0,0
"POINT (9.974039702000031 52.372582179000098)",Unfall 11961 (2022) Kat:3, Licht: 0,11961,3,7,6,05,11,7,,0,0,1,1,0
"POINT (9.614591041000040 52.392273973000002)",Unfall 11971 (2022) Kat:3, Licht: 0,11971,3,2,4,05,08,7,,0,1,1,0,0
"POINT (9.454153077000059 52.447055575000000)",Unfall 11977 (2022) Kat:3, Licht: 0,11977,3,6,2,04,13,6,,0,0,1,0,0
"POINT (9.584851817000070 52.389978227000000)",Unfall 11992 (2022) Kat:3, Licht: 0,11992,3,6,2,04,08,6,,0,0,1,0,0
"POINT (9.840887048000070 52.387819506000000)",Unfall 12005 (2022) Kat:3, Licht: 0,12005,3,4,6,05,19,5,,0,0,1,1,0
"POINT (9.691455245000039 52.430134652000000)",Unfall 12010 (2022) Kat:3, Licht: 0,12010,3,6,3,04,15,7,,0,0,1,0,0
"POINT (9.667917370000049 52.342015615999998)",Unfall 12026 (2022) Kat:3, Licht: 0,12026,3,3,5,04,09,4,,0,0,1,0,0
"POINT (9.724983919000071 52.317914028000096)",Unfall 12041 (2022) Kat:3, Licht: 0,12041,3,7,0,05,17,2,,0,1,0,0,0
"POINT (10.028016407000100 52.520551399000098)",Unfall 12048 (2022) Kat:3, Licht: 0,12048,3,1,9,04,17,3,,0,0,1,0,0
"POINT (9.629760493000051 52.421065305000099)",Unfall 12061 (2022) Kat:3, Licht: 0,12061,3,6,2,05,16,6,,0,0,1,0,0
"POINT (9.413092458000049 52.333071932000102)",Unfall 12066 (2022) Kat:2, Licht: 0,12066,2,6,3,04,08,6,,0,1,0,0,0
"POINT (9.699451232000060 52.347352043999997)",Unfall 12067 (2022) Kat:3, Licht: 2,12067,3,2,5,05,01,1,,2,0,1,0,0
"POINT (9.865339305000081 52.338425513000097)",Unfall 12072 (2022) Kat:3, Licht: 0,12072,3,6,2,03,12,2,,0,0,0,0,0
"POINT (9.853501325000019 52.491582205000000)",Unfall 12078 (2022) Kat:3, Licht: 0,12078,3,7,6,04,15,4,,0,0,1,1,0
"POINT (9.871637695000061 52.278660095000099)",Unfall 12083 (2022) Kat:2, Licht: 0,12083,2,7,0,05,09,7,,0,0,1,0,0
"POINT (9.811216463000051 52.528745940000100)",Unfall 12089 (2022) Kat:3, Licht: 0,12089,3,6,2,04,12,2,,0,0,1,0,0
"POINT (9.637252375000060 52.551496043000000)",Unfall 12104 (2022) Kat:2, Licht: 2,12104,2,1,9,04,03,1,,2,0,1,0,0
"POINT (9.773778506000040 52.370993876000099)",Unfall 12112 (2022) Kat:3, Licht: 0,12112,3,6,2,04,16,5,,0,0,1,0,0
"POINT (9.735133852000050 52.403873716000099)",Unfall 12117 (2022) Kat:3, Licht: 0,12117,3,6,2,04,10,6,,0,0,1,0,0
"POINT (9.711361662000060 52.441122260000000)",Unfall 12122 (2022) Kat:2, Licht: 2,12122,2,4,6,04,05,5,,2,0,1,1,0
"POINT (9.732304037000061 52.383139959000097)",Unfall 12124 (2022) Kat:3, Licht: 1,12124,3,6,3,03,18,5,,1,1,0,0,0
"POINT (9.933177415000049 52.393308788000098)",Unfall 12126 (2022) Kat:3, Licht: 0,12126,3,6,2,05,19,3,,0,0,1,0,0
"POINT (9.743166602000031 52.604177896000103)",Unfall 12130 (2022) Kat:3, Licht: 0,12130,3,6,2,04,10,7,,0,0,1,0,0
"POINT (9.611168888000069 52.431820989000101)",Unfall 12137 (2022) Kat:3, Licht: 0,12137,3,6,2,04,14,7,,0,0,1,0,0
"POINT (9.963276297000050 52.441038747000100)",Unfall 12151 (2022) Kat:3, Licht: 2,12151,3,5,1,03,19,7,,2,0,1,0,0
"POINT (9.642332377000059 52.414705751000000)",Unfall 12155 (2022) Kat:3, Licht: 2,12155,3,3,5,04,20,2,,2,0,1,0,0
"POINT (9.643336678000029 52.334900236000102)",Unfall 12166 (2022) Kat:3, Licht: 0,12166,3,6,9,04,14,7,,0,0,0,0,1
"POINT (9.800645776000071 52.544362431000103)",Unfall 12167 (2022) Kat:3, Licht: 2,12167,3,1,8,05,02,1,,2,0,1,0,0
"POINT (9.771410247000061 52.427091893000103)",Unfall 12173 (2022) Kat:3, Licht: 0,12173,3,6,9,04,17,1,,0,0,1,0,0
"POINT (9.810460782000060 52.318370824000098)",Unfall 12176 (2022) Kat:3, Licht: 0,12176,3,2,4,04,11,4,,0,0,1,0,0
"POINT (9.677159397000031 52.359206401999998)",Unfall 12187 (2022) Kat:3, Licht: 0,12187,3,3,5,05,18,6,,0,1,1,0,0
"POINT (9.571012445000060 52.446571517999999)",Unfall 12198 (2022) Kat:3, Licht: 0,12198,3,7,9,03,16,2,,0,0,1,0,0
"POINT (9.431892501000050 52.422453582000102)",Unfall 12201 (2022) Kat:3, Licht: 2,12201,3,3,5,04,22,2,,2,1,1,0,0
"POINT (9.727238959000029 52.366798701999997)",Unfall 12206 (2022) Kat:3, Licht: 0,12206,3,3,5,03,10,5,,0,0,1,0,0
"POINT (9.555458468000040 52.440595517000098)",Unfall 12208 (2022) Kat:3, Licht: 0,12208,3,6,2,03,10,7,,0,0,1,0,0
"POINT (9.675761272000051 52.192101684000100)",Unfall 12215 (2022) Kat:2, Licht: 0,12215,2,1,8,04,13,2,,0,0,0,0,1
"POINT (9.717934702000040 52.440610267000103)",Unfall 12216 (2022) Kat:3, Licht: 0,12216,3,6,2,04,14,3,,0,0,1,0,0
"POINT (9.641570880000071 52.414798400000102)",Unfall 12218 (2022) Kat:3, Licht: 0,12218,3,6,2,04,17,6,,0,0,1,0,0
"POINT (9.973419902000050 52.383844983000103)",Unfall 12219 (2022) Kat:3, Licht: 0,12219,3,1,8,04,07,3,,0,0,1,0,0
"POINT (9.845046208000040 52.360464716000102)",Unfall 12232 (2022) Kat:3, Licht: 0,12232,3,2,5,03,15,3,,0,0,0,0,0
"POINT (9.726766279000060 52.375735156000097)",Unfall 12235 (2022) Kat:3, Licht: 0,12235,3,3,5,05,16,5,,0,1,1,0,0
"POINT (9.731796611000050 52.382916682000001)",Unfall 12239 (2022) Kat:3, Licht: 0,12239,3,6,3,04,18,5,,0,0,1,0,1
"POINT (9.466288242000079 52.454280850000004)",Unfall 12251 (2022) Kat:3, Licht: 1,12251,3,1,8,03,18,6,,1,0,0,0,1
"POINT (9.714673806000061 52.361088397000103)",Unfall 12259 (2022) Kat:3, Licht: 0,12259,3,6,3,05,10,2,,0,0,1,0,0
"POINT (9.848495557000041 52.427746749000100)",Unfall 12262 (2022) Kat:3, Licht: 0,12262,3,6,2,03,17,2,,0,0,1,0,0
"POINT (9.784772259000020 52.320880713000101)",Unfall 12270 (2022) Kat:3, Licht: 0,12270,3,6,2,05,18,4,,0,0,1,0,0
"POINT (9.723967380000030 52.391096957999999)",Unfall 12277 (2022) Kat:3, Licht: 0,12277,3,2,3,05,13,5,,0,1,1,0,0
"POINT (9.513359841000071 52.391602585999998)",Unfall 12301 (2022) Kat:3, Licht: 0,12301,3,3,5,05,15,5,,0,1,1,0,0
"POINT (9.727121379000041 52.381148211000003)",Unfall 12314 (2022) Kat:3, Licht: 0,12314,3,3,5,05,08,2,,0,1,1,0,0
"POINT (9.618445249000050 52.361475890000101)",Unfall 12317 (2022) Kat:3, Licht: 0,12317,3,1,8,04,13,4,,0,0,1,0,0
"POINT (9.650122699000059 52.414741702000100)",Unfall 12318 (2022) Kat:3, Licht: 1,12318,3,6,3,04,05,6,,1,0,1,0,1
"POINT (9.584760351000060 52.390713699000102)",Unfall 12319 (2022) Kat:3, Licht: 0,12319,3,6,4,04,09,7,,0,0,1,0,0
"POINT (9.574439242000039 52.420597719000099)",Unfall 12325 (2022) Kat:3, Licht: 0,12325,3,3,5,03,18,1,,0,0,1,0,0
"POINT (9.997237369000061 52.453071210000097)",Unfall 12330 (2022) Kat:3, Licht: 0,12330,3,1,0,04,09,7,,0,1,0,0,0
"POINT (9.995384594000029 52.443820975000101)",Unfall 12344 (2022) Kat:3, Licht: 0,12344,3,2,3,04,16,3,,0,1,1,0,0
"POINT (9.728016805000040 52.374194271000100)",Unfall 12353 (2022) Kat:3, Licht: 0,12353,3,3,5,05,07,2,,0,0,1,0,0
"POINT (9.664864334000070 52.239731032000101)",Unfall 12390 (2022) Kat:3, Licht: 0,12390,3,3,5,03,11,2,,0,1,1,0,0
"POINT (9.656051316000060 52.238946385000098)",Unfall 12393 (2022) Kat:3, Licht: 0,12393,3,2,4,04,18,1,,0,0,1,0,0
"POINT (9.784316115000021 52.383178905000101)",Unfall 12394 (2022) Kat:3, Licht: 0,12394,3,6,2,04,15,4,,0,0,1,0,0
"POINT (9.730779549000030 52.485742378000097)",Unfall 12421 (2022) Kat:3, Licht: 0,12421,3,7,8,05,07,4,,0,0,1,0,0
"POINT (9.764463666000040 52.342764932000101)",Unfall 12424 (2022) Kat:3, Licht: 0,12424,3,2,5,04,13,2,,0,0,1,0,0
"POINT (9.751213046000030 52.359203551000100)",Unfall 12429 (2022) Kat:3, Licht: 0,12429,3,2,5,03,17,4,,0,1,1,0,0
"POINT (9.644954561000080 52.431552050999997)",Unfall 12434 (2022) Kat:3, Licht: 0,12434,3,6,4,04,16,6,,0,1,0,0,0
"POINT (9.666753222000070 52.339111361999997)",Unfall 12447 (2022) Kat:3, Licht: 2,12447,3,1,8,04,22,5,,2,0,1,0,0
"POINT (9.852022913000040 52.429630342999999)",Unfall 12455 (2022) Kat:3, Licht: 0,12455,3,3,0,04,12,3,,0,1,0,0,0
"POINT (9.833256095000021 52.418909151000001)",Unfall 12460 (2022) Kat:3, Licht: 0,12460,3,6,2,05,12,6,,0,0,1,0,0
"POINT (9.774795317000040 52.332276999999998)",Unfall 12463 (2022) Kat:3, Licht: 2,12463,3,7,8,04,01,1,,2,1,0,0,0
"POINT (9.727190745000030 52.387963055000100)",Unfall 12467 (2022) Kat:3, Licht: 2,12467,3,2,5,03,19,6,,2,0,1,0,0
"POINT (9.564126427000080 52.323118233000102)",Unfall 12469 (2022) Kat:3, Licht: 0,12469,3,6,2,05,16,3,,0,0,1,0,0
"POINT (9.889865139000049 52.422946500000101)",Unfall 12476 (2022) Kat:3, Licht: 0,12476,3,6,2,04,12,6,,0,0,0,0,0
"POINT (9.415664240000069 52.428478317000000)",Unfall 12477 (2022) Kat:3, Licht: 0,12477,3,1,1,05,10,3,,0,0,1,0,0
"POINT (9.758964508000080 52.370320362000001)",Unfall 12485 (2022) Kat:3, Licht: 0,12485,3,3,5,05,08,6,,0,1,1,0,0
"POINT (9.586744146000060 52.416143150000003)",Unfall 12489 (2022) Kat:3, Licht: 0,12489,3,6,2,04,12,3,,0,0,1,0,0
"POINT (9.968902707000041 52.315200406000002)",Unfall 12498 (2022) Kat:3, Licht: 0,12498,3,2,4,05,17,1,,0,0,1,0,0
"POINT (9.717505928000040 52.355667564000001)",Unfall 12505 (2022) Kat:3, Licht: 0,12505,3,3,5,04,15,3,,0,0,1,0,0
"POINT (9.760225341000019 52.347308990999998)",Unfall 12508 (2022) Kat:2, Licht: 2,12508,2,1,8,05,03,1,,2,0,1,0,0
"POINT (9.715111738000081 52.361092796000001)",Unfall 12522 (2022) Kat:3, Licht: 0,12522,3,6,2,05,17,4,,0,0,1,0,0
"POINT (9.723539526000019 52.377899187000097)",Unfall 12526 (2022) Kat:3, Licht: 0,12526,3,2,5,03,15,4,,0,1,0,0,0
"POINT (9.621501888000070 52.392946592999998)",Unfall 12534 (2022) Kat:3, Licht: 0,12534,3,3,0,04,11,7,,0,1,1,0,0
"POINT (9.803622380000039 52.481312957999997)",Unfall 12535 (2022) Kat:3, Licht: 0,12535,3,2,4,04,07,3,,0,1,1,0,0
"POINT (9.722400209000060 52.317309229000003)",Unfall 12538 (2022) Kat:3, Licht: 0,12538,3,6,4,05,13,5,,0,1,0,0,0
"POINT (9.457024069000060 52.501176515000097)",Unfall 12547 (2022) Kat:2, Licht: 0,12547,2,4,6,05,12,7,,0,0,1,1,0
"POINT (9.674327253000060 52.395066615000097)",Unfall 12560 (2022) Kat:3, Licht: 0,12560,3,6,2,04,14,4,,0,0,1,0,0
"POINT (9.702516298000029 52.430292309000002)",Unfall 12561 (2022) Kat:3, Licht: 2,12561,3,6,2,03,20,7,,2,0,1,0,0
"POINT (10.031252052000101 52.386442232000000)",Unfall 12571 (2022) Kat:3, Licht: 0,12571,3,6,2,05,17,3,,0,0,1,0,0
"POINT (9.697733158000061 52.377152479000102)",Unfall 12573 (2022) Kat:3, Licht: 0,12573,3,6,2,04,19,3,,0,0,1,0,0
"POINT (9.589669474000059 52.439030625999997)",Unfall 12584 (2022) Kat:3, Licht: 2,12584,3,3,5,04,00,2,,2,0,1,0,0
"POINT (9.459769472000060 52.305589263000101)",Unfall 12601 (2022) Kat:3, Licht: 2,12601,3,2,2,04,21,6,,2,0,1,0,0
"POINT (9.807126988000050 52.307660541000097)",Unfall 12605 (2022) Kat:3, Licht: 0,12605,3,7,1,05,15,1,,0,0,1,0,0
"POINT (9.817980595000050 52.351586887000103)",Unfall 12621 (2022) Kat:3, Licht: 1,12621,3,6,3,03,17,5,,1,0,1,0,0
"POINT (9.766531678000041 52.290168493000103)",Unfall 12637 (2022) Kat:3, Licht: 0,12637,3,7,0,03,09,2,,0,1,0,0,0
"POINT (9.711782947000071 52.405064479000004)",Unfall 12640 (2022) Kat:3, Licht: 0,12640,3,3,5,05,14,3,,0,1,1,0,0
"POINT (9.744565607000030 52.453350581999999)",Unfall 12643 (2022) Kat:3, Licht: 0,12643,3,6,2,04,16,7,,0,0,1,0,1
"POINT (9.590423508000070 52.438741575000101)",Unfall 12680 (2022) Kat:3, Licht: 0,12680,3,6,2,05,12,5,,0,0,0,0,1
"POINT (9.974916945000070 52.401607946000098)",Unfall 12681 (2022) Kat:3, Licht: 0,12681,3,3,5,03,08,4,,0,0,1,0,0
"POINT (9.680297480000039 52.371920967000101)",Unfall 12682 (2022) Kat:3, Licht: 0,12682,3,6,2,05,08,4,,0,0,1,0,0
"POINT (9.937676443000040 52.392742159000100)",Unfall 12687 (2022) Kat:3, Licht: 0,12687,3,6,2,04,12,4,,0,0,0,0,0
"POINT (9.761357585000040 52.335652021000001)",Unfall 12690 (2022) Kat:3, Licht: 0,12690,3,3,5,04,14,6,,0,1,1,0,0
"POINT (9.677817626000040 52.359328446000099)",Unfall 12692 (2022) Kat:3, Licht: 2,12692,3,3,5,04,19,2,,2,0,1,1,0
"POINT (9.613543523000031 52.568428560000001)",Unfall 12693 (2022) Kat:1, Licht: 2,12693,1,1,8,05,00,1,,2,0,1,0,0
"POINT (9.744772400000040 52.367455776000000)",Unfall 12694 (2022) Kat:3, Licht: 0,12694,3,3,5,05,08,2,,0,1,1,0,0
"POINT (9.456463076000031 52.485671555000103)",Unfall 12696 (2022) Kat:3, Licht: 0,12696,3,7,0,05,20,3,,0,0,1,0,1
"POINT (9.894275669000020 52.460396834000100)",Unfall 12703 (2022) Kat:3, Licht: 2,12703,3,1,9,04,01,7,,2,0,1,0,0
"POINT (9.958094016000080 52.318272885000098)",Unfall 12707 (2022) Kat:2, Licht: 0,12707,2,4,6,05,12,6,,0,0,1,1,0
"POINT (9.730126854000050 52.368690018999999)",Unfall 12709 (2022) Kat:2, Licht: 0,12709,2,3,5,03,13,3,,0,1,1,0,0
"POINT (9.961658500000061 52.455874671000103)",Unfall 12711 (2022) Kat:2, Licht: 1,12711,2,1,8,04,20,3,,1,0,0,0,1
"POINT (9.544569125000070 52.441298630000098)",Unfall 12723 (2022) Kat:3, Licht: 0,12723,3,5,1,05,10,6,,0,1,1,0,0
"POINT (9.730634807000060 52.475538394000097)",Unfall 12730 (2022) Kat:3, Licht: 0,12730,3,5,1,03,16,2,,0,1,1,0,0
"POINT (9.698625703000060 52.347726751000003)",Unfall 12733 (2022) Kat:3, Licht: 0,12733,3,3,5,05,16,3,,0,1,1,0,0
"POINT (9.839464978000020 52.273404707000097)",Unfall 12734 (2022) Kat:3, Licht: 0,12734,3,7,0,03,16,1,,0,1,0,0,0
"POINT (9.846580942000060 52.393191772000101)",Unfall 12742 (2022) Kat:3, Licht: 0,12742,3,5,5,03,12,5,,0,1,1,0,0
"POINT (9.425179900000050 52.504123838000098)",Unfall 12745 (2022) Kat:3, Licht: 0,12745,3,1,0,05,10,7,,0,1,0,0,0
"POINT (9.793862227000030 52.394736318000099)",Unfall 12751 (2022) Kat:3, Licht: 0,12751,3,6,2,04,11,2,,0,0,1,0,1
"POINT (9.495119389000021 52.280763692999997)",Unfall 12752 (2022) Kat:3, Licht: 0,12752,3,2,2,04,18,3,,0,1,1,0,0
"POINT (9.434518718000049 52.421546241999998)",Unfall 12766 (2022) Kat:3, Licht: 0,12766,3,2,5,05,13,6,,0,0,1,0,1
"POINT (9.899254211000031 52.348952675000099)",Unfall 12791 (2022) Kat:3, Licht: 1,12791,3,1,9,04,20,7,,1,1,0,0,0
"POINT (10.139719758000100 52.460914478000099)",Unfall 12811 (2022) Kat:3, Licht: 0,12811,3,6,2,04,16,4,,0,0,1,0,0
"POINT (10.199200389000101 52.464078364999999)",Unfall 12814 (2022) Kat:3, Licht: 0,12814,3,3,5,04,11,6,,0,1,1,0,0
"POINT (9.733429284000071 52.384282250000098)",Unfall 12818 (2022) Kat:3, Licht: 0,12818,3,6,0,05,15,2,,0,1,0,0,0
"POINT (10.026863118000101 52.316664081000098)",Unfall 12821 (2022) Kat:3, Licht: 0,12821,3,3,5,03,07,5,,0,1,1,0,0
"POINT (9.805814002000030 52.408496919000100)",Unfall 12823 (2022) Kat:3, Licht: 0,12823,3,3,5,05,16,3,,0,1,0,0,0
"POINT (9.585167598000060 52.389936622000100)",Unfall 12830 (2022) Kat:3, Licht: 0,12830,3,6,2,05,17,2,,0,0,1,0,0
"POINT (9.734106839000050 52.412124237999997)",Unfall 12831 (2022) Kat:3, Licht: 0,12831,3,3,5,05,09,6,,0,1,1,0,0
"POINT (9.451363620000050 52.517249278000101)",Unfall 12841 (2022) Kat:3, Licht: 0,12841,3,2,2,05,16,4,,0,0,1,0,0
"POINT (10.201896743000100 52.462647452000098)",Unfall 12847 (2022) Kat:3, Licht: 0,12847,3,7,8,05,11,6,,0,1,0,0,0
"POINT (9.717404017000041 52.396145908000101)",Unfall 12858 (2022) Kat:3, Licht: 0,12858,3,6,2,03,10,1,,0,0,1,0,0
"POINT (9.703344603000060 52.416143413999997)",Unfall 12866 (2022) Kat:3, Licht: 0,12866,3,2,2,04,15,7,,0,0,1,0,0
"POINT (10.084954618999999 52.365924097000097)",Unfall 12876 (2022) Kat:2, Licht: 2,12876,2,1,8,04,23,3,,2,0,1,0,0
"POINT (9.603651810000031 52.460128320000102)",Unfall 12895 (2022) Kat:3, Licht: 0,12895,3,7,1,05,13,2,,0,0,1,0,0
"POINT (9.505009682000040 52.556076261999998)",Unfall 12897 (2022) Kat:3, Licht: 0,12897,3,6,2,05,10,4,,0,0,1,0,0
"POINT (9.599971043000039 52.394438052000098)",Unfall 12902 (2022) Kat:3, Licht: 0,12902,3,2,0,04,08,5,,0,1,1,0,0
"POINT (9.745758777000050 52.209364737000001)",Unfall 12904 (2022) Kat:3, Licht: 0,12904,3,3,5,04,15,4,,0,1,1,0,0
"POINT (9.587007944000050 52.211696559000103)",Unfall 12908 (2022) Kat:3, Licht: 0,12908,3,1,9,04,13,1,,0,0,0,0,1
"POINT (9.631788267000051 52.378667982000103)",Unfall 12909 (2022) Kat:3, Licht: 0,12909,3,1,9,05,11,1,,0,1,0,0,0
"POINT (9.681227257000049 52.391416520000099)",Unfall 12915 (2022) Kat:3, Licht: 0,12915,3,6,2,04,15,3,,0,0,1,0,0
"POINT (10.066311561000100 52.449537751999998)",Unfall 12932 (2022) Kat:2, Licht: 0,12932,2,1,8,04,17,7,,0,0,1,0,0
"POINT (9.690453010000059 52.442328910000100)",Unfall 12939 (2022) Kat:3, Licht: 0,12939,3,7,0,05,06,5,,0,0,0,0,1
"POINT (9.356228733000020 52.450973127000097)",Unfall 12941 (2022) Kat:3, Licht: 0,12941,3,7,0,04,20,4,,0,1,0,0,0
"POINT (9.441317243000070 52.311489711000000)",Unfall 12961 (2022) Kat:3, Licht: 0,12961,3,2,2,04,15,4,,0,0,1,0,0
"POINT (9.862783340000020 52.379928732000103)",Unfall 12978 (2022) Kat:3, Licht: 0,12978,3,2,4,03,16,2,,0,0,1,0,0
"POINT (9.768276233000050 52.291073501000000)",Unfall 12998 (2022) Kat:3, Licht: 0,12998,3,6,2,05,16,4,,0,1,1,0,0
"POINT (9.654479453000020 52.319025568000001)",Unfall 13002 (2022) Kat:3, Licht: 0,13002,3,3,5,04,07,6,,0,1,1,0,0
"POINT (9.800809380000031 52.406586450000098)",Unfall 13010 (2022) Kat:3, Licht: 0,13010,3,6,0,05,14,2,,0,0,1,0,0
"POINT (9.640203504000061 52.294887078999999)",Unfall 13024 (2022) Kat:3, Licht: 0,13024,3,3,5,04,14,3,,0,1,1,0,0
"POINT (9.553920588000040 52.421758908000101)",Unfall 13034 (2022) Kat:3, Licht: 2,13034,3,7,2,05,22,1,,2,0,1,0,0
"POINT (9.451313292000069 52.307572415999999)",Unfall 13036 (2022) Kat:3, Licht: 0,13036,3,2,2,03,16,4,,0,0,1,0,0
"POINT (9.512900418000070 52.410994326999997)",Unfall 13037 (2022) Kat:3, Licht: 0,13037,3,6,2,03,10,6,,0,0,1,0,0
"POINT (9.675968233000050 52.381747259000100)",Unfall 13041 (2022) Kat:3, Licht: 0,13041,3,7,7,04,10,3,,0,1,0,0,0
"POINT (9.745756692000040 52.209378033000100)",Unfall 13046 (2022) Kat:3, Licht: 0,13046,3,2,4,05,19,1,,0,0,1,0,0
"POINT (10.014452873000000 52.420392769999999)",Unfall 13069 (2022) Kat:3, Licht: 0,13069,3,7,6,04,12,7,,0,0,1,1,0
"POINT (9.959327835000069 52.317653104999998)",Unfall 13073 (2022) Kat:3, Licht: 0,13073,3,2,4,05,17,5,,0,1,1,0,0
"POINT (9.611470329000040 52.434681511000100)",Unfall 13078 (2022) Kat:2, Licht: 0,13078,2,4,6,04,11,6,,0,0,1,1,0
"POINT (9.442084939000040 52.366290829000000)",Unfall 13095 (2022) Kat:3, Licht: 0,13095,3,6,2,04,12,4,,0,0,0,0,0
"POINT (9.651676538000061 52.417413615000001)",Unfall 13105 (2022) Kat:2, Licht: 0,13105,2,3,5,03,17,5,,0,1,1,0,0
"POINT (9.401221695000061 52.424724727000097)",Unfall 13106 (2022) Kat:3, Licht: 0,13106,3,6,2,03,11,7,,0,0,1,0,0
"POINT (9.663772276000030 52.276717122999997)",Unfall 13111 (2022) Kat:3, Licht: 0,13111,3,7,0,04,17,7,,0,1,0,0,0
"POINT (9.743512009000030 52.457489539000100)",Unfall 13112 (2022) Kat:2, Licht: 0,13112,2,6,3,05,21,1,,0,0,1,0,0
"POINT (9.974792869000050 52.389763633000001)",Unfall 13122 (2022) Kat:3, Licht: 0,13122,3,7,2,04,15,6,,0,0,1,0,0
"POINT (9.605040724000050 52.393408812000096)",Unfall 13132 (2022) Kat:3, Licht: 0,13132,3,3,5,04,11,5,,0,1,1,0,0
"POINT (9.797398687000049 52.346676059000103)",Unfall 13137 (2022) Kat:3, Licht: 0,13137,3,6,3,04,13,6,,0,0,1,0,0
"POINT (9.714840566000021 52.361130489000097)",Unfall 13140 (2022) Kat:3, Licht: 0,13140,3,2,5,05,14,1,,0,0,1,0,0
"POINT (9.666848364000030 52.339201545999998)",Unfall 13142 (2022) Kat:3, Licht: 0,13142,3,2,6,04,08,6,,0,0,1,1,0
"POINT (9.697287028000060 52.341536937999997)",Unfall 13150 (2022) Kat:3, Licht: 0,13150,3,6,2,05,17,6,,0,0,1,0,0
"POINT (9.452741736000061 52.512684760000099)",Unfall 13152 (2022) Kat:3, Licht: 0,13152,3,2,5,03,15,3,,0,0,1,0,0
"POINT (9.388657692000040 52.539030151000098)",Unfall 13154 (2022) Kat:3, Licht: 0,13154,3,1,9,04,19,3,,0,0,1,0,0
"POINT (9.728283278000051 52.374197817000002)",Unfall 13156 (2022) Kat:3, Licht: 0,13156,3,2,4,04,19,5,,0,1,1,0,0
"POINT (9.806544290000030 52.307994466000103)",Unfall 13162 (2022) Kat:3, Licht: 0,13162,3,6,2,05,10,4,,0,0,1,0,0
"POINT (9.821496019000049 52.426838058999998)",Unfall 13169 (2022) Kat:3, Licht: 1,13169,3,6,2,05,05,3,,1,0,1,0,0
"POINT (9.735137087000060 52.393954362000002)",Unfall 13179 (2022) Kat:3, Licht: 0,13179,3,4,6,03,15,2,,0,1,0,1,0
"POINT (9.736206108000030 52.399163767000097)",Unfall 13210 (2022) Kat:3, Licht: 0,13210,3,2,2,05,18,4,,0,0,1,0,0
"POINT (9.535503630000051 52.474109419999998)",Unfall 13212 (2022) Kat:2, Licht: 0,13212,2,7,8,05,07,6,,0,0,1,0,0
"POINT (9.510109456000070 52.475981871999998)",Unfall 13214 (2022) Kat:3, Licht: 2,13214,3,7,2,04,00,1,,2,0,1,0,0
"POINT (9.871997015000030 52.308224834999997)",Unfall 13219 (2022) Kat:1, Licht: 0,13219,1,6,2,03,17,3,,0,0,0,0,0
"POINT (9.815372512000071 52.522088664000101)",Unfall 13222 (2022) Kat:3, Licht: 0,13222,3,1,7,04,13,5,,0,0,1,0,0
"POINT (9.630106622000030 52.226444281000099)",Unfall 13224 (2022) Kat:2, Licht: 0,13224,2,1,9,04,18,4,,0,0,0,0,1
"POINT (9.836796436000039 52.418716043000103)",Unfall 13229 (2022) Kat:3, Licht: 0,13229,3,1,9,04,16,2,,0,0,1,0,0
"POINT (9.868662283000051 52.344229718000101)",Unfall 13233 (2022) Kat:3, Licht: 0,13233,3,6,2,05,07,3,,0,0,0,0,0
"POINT (10.249609434000000 52.487835433999997)",Unfall 13240 (2022) Kat:3, Licht: 0,13240,3,6,2,04,11,7,,0,0,1,0,0
"POINT (9.711509778000050 52.421725698000003)",Unfall 13250 (2022) Kat:3, Licht: 0,13250,3,3,5,04,16,4,,0,1,1,0,0
"POINT (9.468963542000040 52.504512300999998)",Unfall 13260 (2022) Kat:3, Licht: 0,13260,3,3,5,05,19,6,,0,1,1,0,0
"POINT (9.740593101000060 52.427522789000101)",Unfall 13264 (2022) Kat:3, Licht: 0,13264,3,6,2,04,15,6,,0,0,1,0,0
"POINT (9.544912405000050 52.421245564000102)",Unfall 13279 (2022) Kat:2, Licht: 2,13279,2,6,8,04,20,7,,2,0,1,0,0
"POINT (9.739040180000069 52.368226047000100)",Unfall 13280 (2022) Kat:3, Licht: 2,13280,3,1,8,03,22,7,,2,1,0,0,0
"POINT (9.745919421000050 52.366475829000102)",Unfall 13294 (2022) Kat:3, Licht: 0,13294,3,3,5,03,17,6,,0,1,1,0,0
"POINT (9.762818979000031 52.344438584999999)",Unfall 13299 (2022) Kat:3, Licht: 0,13299,3,3,5,04,08,4,,0,1,1,0,0
"POINT (9.420793157000050 52.444995673000101)",Unfall 13318 (2022) Kat:3, Licht: 0,13318,3,5,4,05,09,7,,0,1,1,0,0
"POINT (9.690886282000060 52.384201086000097)",Unfall 13320 (2022) Kat:3, Licht: 0,13320,3,6,2,05,12,7,,0,0,1,0,0
"POINT (9.736126673000060 52.399750045000097)",Unfall 13324 (2022) Kat:3, Licht: 0,13324,3,6,2,05,13,4,,0,0,1,0,0
"POINT (9.575164868000060 52.419191136000101)",Unfall 13325 (2022) Kat:3, Licht: 0,13325,3,6,2,04,13,2,,0,0,1,0,0
"POINT (9.488465007000061 52.308817700000098)",Unfall 13329 (2022) Kat:3, Licht: 2,13329,3,3,5,03,21,1,,2,0,1,0,0
"POINT (9.769541806000060 52.580693116000099)",Unfall 13333 (2022) Kat:3, Licht: 0,13333,3,6,3,03,10,1,,0,0,1,0,0
"POINT (9.764831476000040 52.342739362000003)",Unfall 13358 (2022) Kat:3, Licht: 0,13358,3,2,5,05,10,3,,0,0,1,0,0
"POINT (9.753376554000059 52.452711272999998)",Unfall 13368 (2022) Kat:3, Licht: 0,13368,3,6,2,05,17,2,,0,0,1,0,0
"POINT (9.712579550000040 52.402028491000102)",Unfall 13369 (2022) Kat:3, Licht: 0,13369,3,3,5,05,14,6,,0,1,0,0,0
"POINT (9.803341712000080 52.310720860000103)",Unfall 13372 (2022) Kat:3, Licht: 0,13372,3,3,5,04,15,7,,0,0,1,0,0
"POINT (10.100351847000100 52.364586211000102)",Unfall 13379 (2022) Kat:2, Licht: 0,13379,2,6,2,05,08,4,,0,0,0,0,0
"POINT (9.663098337000060 52.171213974000104)",Unfall 13382 (2022) Kat:3, Licht: 0,13382,3,2,2,04,16,4,,0,0,1,0,0
"POINT (9.675813073000031 52.394137235000102)",Unfall 13384 (2022) Kat:3, Licht: 0,13384,3,6,2,03,14,5,,0,0,1,0,0
"POINT (9.904177905000040 52.275624329999999)",Unfall 13410 (2022) Kat:3, Licht: 0,13410,3,6,2,05,15,5,,0,0,1,0,0
"POINT (9.813491476000021 52.318993910000103)",Unfall 13414 (2022) Kat:3, Licht: 0,13414,3,6,4,04,08,3,,0,0,1,0,0
"POINT (9.417437460000031 52.427483820000099)",Unfall 13419 (2022) Kat:2, Licht: 0,13419,2,7,0,05,11,7,,0,1,0,0,0
"POINT (9.833610122000040 52.300535940000003)",Unfall 13421 (2022) Kat:3, Licht: 0,13421,3,1,0,05,19,5,,0,0,0,0,1
"POINT (10.139909671000099 52.460967907000096)",Unfall 13423 (2022) Kat:3, Licht: 0,13423,3,7,4,05,16,2,,0,0,1,0,0
"POINT (9.925360817000071 52.349215002999998)",Unfall 13432 (2022) Kat:3, Licht: 0,13432,3,6,2,05,15,2,,0,0,1,0,0
"POINT (9.686109469000030 52.429856433000097)",Unfall 13434 (2022) Kat:3, Licht: 0,13434,3,6,2,05,17,4,,0,0,1,0,0
"POINT (9.649075388000030 52.395961491000001)",Unfall 13437 (2022) Kat:3, Licht: 0,13437,3,6,2,04,07,3,,0,0,1,0,0
"POINT (9.728781123000029 52.494747648000001)",Unfall 13439 (2022) Kat:3, Licht: 0,13439,3,6,2,04,12,5,,0,0,1,0,1
"POINT (9.976934526000040 52.372636423000102)",Unfall 13441 (2022) Kat:3, Licht: 2,13441,3,3,5,04,20,4,,2,0,1,0,0
"POINT (9.717952895000050 52.346398520999998)",Unfall 13446 (2022) Kat:3, Licht: 1,13446,3,6,0,05,21,1,,1,0,1,0,0
"POINT (10.182758948000100 52.425436972999996)",Unfall 13449 (2022) Kat:3, Licht: 0,13449,3,1,8,04,08,3,,0,0,1,0,0
"POINT (9.941645392000050 52.498846263000097)",Unfall 13452 (2022) Kat:2, Licht: 0,13452,2,3,5,04,14,3,,0,0,1,0,0
"POINT (9.517125648000050 52.512379029000002)",Unfall 13455 (2022) Kat:3, Licht: 2,13455,3,1,8,04,03,6,,2,0,1,0,0
"POINT (9.655560977000050 52.406610233999999)",Unfall 13456 (2022) Kat:3, Licht: 2,13456,3,6,2,05,22,5,,2,0,1,0,0
"POINT (9.926071114000020 52.394372616000098)",Unfall 13458 (2022) Kat:3, Licht: 0,13458,3,6,2,05,15,2,,0,0,1,0,0
"POINT (9.403036812000041 52.426882444000100)",Unfall 13461 (2022) Kat:3, Licht: 0,13461,3,2,5,05,10,3,,0,0,1,0,0
"POINT (9.290047990000060 52.489462308000000)",Unfall 13462 (2022) Kat:3, Licht: 0,13462,3,1,8,05,17,6,,0,1,0,0,0
"POINT (10.207562973000099 52.476956950000002)",Unfall 13468 (2022) Kat:3, Licht: 0,13468,3,3,5,05,12,5,,0,0,1,0,0
"POINT (9.924676620000071 52.366227113000001)",Unfall 13472 (2022) Kat:3, Licht: 0,13472,3,2,5,04,15,5,,0,1,1,0,0
"POINT (9.461085552000039 52.402856880000101)",Unfall 13474 (2022) Kat:3, Licht: 1,13474,3,2,5,04,07,4,,1,1,1,0,0
"POINT (9.714553002000059 52.361004056000098)",Unfall 13480 (2022) Kat:3, Licht: 2,13480,3,6,2,04,05,5,,2,0,1,0,0
"POINT (9.932942768000030 52.393338886999999)",Unfall 13483 (2022) Kat:3, Licht: 0,13483,3,7,0,05,19,3,,0,0,1,0,0
"POINT (9.787486764000050 52.347903795000001)",Unfall 13491 (2022) Kat:3, Licht: 0,13491,3,6,2,05,17,6,,0,0,1,0,0
"POINT (9.872664576000030 52.348507488000102)",Unfall 13502 (2022) Kat:3, Licht: 2,13502,3,7,7,04,02,7,,2,0,1,0,0
"POINT (9.861744772000071 52.451734311999999)",Unfall 13523 (2022) Kat:3, Licht: 0,13523,3,1,8,04,15,7,,0,0,1,0,0
"POINT (9.759125206000020 52.276646272000100)",Unfall 13535 (2022) Kat:3, Licht: 0,13535,3,6,0,04,17,2,,0,1,0,0,0
"POINT (9.867646329000021 52.361377765000000)",Unfall 13536 (2022) Kat:3, Licht: 0,13536,3,7,4,04,14,3,,0,0,1,0,0
"POINT (9.815939760000051 52.409421854000101)",Unfall 13554 (2022) Kat:3, Licht: 0,13554,3,4,6,05,19,2,,0,0,1,1,0
"POINT (9.722472659000060 52.378480270000097)",Unfall 13559 (2022) Kat:3, Licht: 1,13559,3,2,5,04,20,3,,1,1,1,0,0
"POINT (9.824408307000059 52.504895175999998)",Unfall 13560 (2022) Kat:3, Licht: 2,13560,3,7,7,04,22,1,,2,0,1,0,0
"POINT (9.860584996000060 52.357493769000001)",Unfall 13561 (2022) Kat:3, Licht: 2,13561,3,6,3,04,21,5,,2,0,1,0,0
"POINT (9.794111558000051 52.394161537999999)",Unfall 13571 (2022) Kat:3, Licht: 0,13571,3,1,0,03,13,4,,0,0,0,0,1
"POINT (9.590319935000020 52.438969231999998)",Unfall 13603 (2022) Kat:3, Licht: 0,13603,3,6,2,04,14,4,,0,0,1,0,0
"POINT (9.613692537000080 52.430668611999998)",Unfall 13607 (2022) Kat:3, Licht: 0,13607,3,6,2,04,17,5,,0,0,1,0,0
"POINT (9.740936964000070 52.337941869000097)",Unfall 13609 (2022) Kat:3, Licht: 0,13609,3,6,2,03,13,6,,0,0,1,0,0
"POINT (9.646098250000019 52.405807707000100)",Unfall 13613 (2022) Kat:3, Licht: 0,13613,3,3,5,04,15,3,,0,1,1,0,0
"POINT (9.734000939000049 52.386968547999999)",Unfall 13617 (2022) Kat:3, Licht: 2,13617,3,7,0,03,19,2,,2,0,0,0,1
"POINT (9.763449172000040 52.343832843000001)",Unfall 13621 (2022) Kat:3, Licht: 0,13621,3,3,5,03,19,2,,0,1,1,0,0
"POINT (9.711202526000021 52.421622249000102)",Unfall 13644 (2022) Kat:3, Licht: 0,13644,3,6,2,05,07,5,,0,0,1,0,0
"POINT (9.795508004000061 52.312600164999999)",Unfall 13665 (2022) Kat:3, Licht: 0,13665,3,3,5,04,17,4,,0,1,1,0,0
"POINT (9.701101888000039 52.216069443999999)",Unfall 13674 (2022) Kat:3, Licht: 0,13674,3,3,5,05,15,3,,0,0,1,0,0
"POINT (9.515447404000041 52.412439730000102)",Unfall 13679 (2022) Kat:2, Licht: 2,13679,2,6,3,04,21,5,,2,0,1,0,0
"POINT (9.454401357000050 52.475079241000103)",Unfall 13681 (2022) Kat:3, Licht: 0,13681,3,6,4,05,13,2,,0,1,0,0,0
"POINT (9.860435140000050 52.517416836000102)",Unfall 13683 (2022) Kat:3, Licht: 0,13683,3,2,5,05,07,2,,0,0,1,0,0
"POINT (9.589349954000060 52.286789482000103)",Unfall 13689 (2022) Kat:2, Licht: 0,13689,2,7,8,04,13,2,,0,0,1,0,0
"POINT (9.720530982000071 52.391485623999998)",Unfall 13696 (2022) Kat:3, Licht: 0,13696,3,1,0,04,13,1,,0,0,0,0,1
"POINT (9.819228823000060 52.427589609999998)",Unfall 13706 (2022) Kat:3, Licht: 0,13706,3,6,2,04,12,6,,0,0,1,0,0
"POINT (9.655064558000049 52.407021420000000)",Unfall 13722 (2022) Kat:3, Licht: 0,13722,3,6,2,03,10,7,,0,0,1,0,0
"POINT (9.647749749000070 52.413272777000003)",Unfall 13723 (2022) Kat:3, Licht: 0,13723,3,6,0,05,08,7,,0,0,0,0,1
"POINT (9.697717684000050 52.377167099000097)",Unfall 13726 (2022) Kat:3, Licht: 0,13726,3,6,2,03,08,5,,0,0,1,0,0
"POINT (9.755986360000071 52.340758564000097)",Unfall 13734 (2022) Kat:2, Licht: 0,13734,2,7,2,03,16,1,,0,0,1,0,1
"POINT (9.762394686000050 52.345251658000102)",Unfall 13740 (2022) Kat:3, Licht: 0,13740,3,3,5,04,13,6,,0,1,1,0,0
"POINT (9.668139783000070 52.343932037999998)",Unfall 13748 (2022) Kat:3, Licht: 0,13748,3,4,6,05,06,5,,0,1,0,1,0
"POINT (9.644929244000020 52.397215555999999)",Unfall 13752 (2022) Kat:3, Licht: 0,13752,3,6,2,04,13,5,,0,0,1,0,0
"POINT (9.707347460000051 52.420020923999999)",Unfall 13755 (2022) Kat:3, Licht: 0,13755,3,6,2,03,17,7,,0,0,1,0,0
"POINT (9.637489395000051 52.189253970999999)",Unfall 13757 (2022) Kat:3, Licht: 0,13757,3,1,8,04,09,6,,0,0,1,0,0
"POINT (9.761882697000029 52.345846454000103)",Unfall 13760 (2022) Kat:3, Licht: 0,13760,3,7,3,05,08,1,,0,0,1,0,0
"POINT (9.497108958000069 52.274448313999997)",Unfall 13764 (2022) Kat:3, Licht: 0,13764,3,1,8,03,11,5,,0,0,0,0,1
"POINT (9.790107130000020 52.519350949000099)",Unfall 13766 (2022) Kat:3, Licht: 0,13766,3,3,5,05,16,1,,0,1,0,0,0
"POINT (10.076737650000000 52.366858278999999)",Unfall 13775 (2022) Kat:3, Licht: 0,13775,3,6,2,06,16,4,,0,0,0,0,0
"POINT (9.444304128000059 52.381094509000000)",Unfall 13785 (2022) Kat:3, Licht: 0,13785,3,1,8,06,15,2,,0,0,1,0,0
"POINT (9.624082644000049 52.458823649000102)",Unfall 13795 (2022) Kat:3, Licht: 2,13795,3,7,0,06,22,5,,2,0,0,0,1
"POINT (9.514783083000051 52.412064618999999)",Unfall 13804 (2022) Kat:3, Licht: 0,13804,3,6,2,07,18,1,,0,0,1,0,0
"POINT (9.970966794000050 52.386970314999999)",Unfall 13808 (2022) Kat:3, Licht: 0,13808,3,3,5,06,08,3,,0,0,1,0,0
"POINT (9.607858262000040 52.388282574000101)",Unfall 13814 (2022) Kat:2, Licht: 0,13814,2,1,8,07,12,5,,0,0,0,0,0
"POINT (9.762900729000020 52.344355294000103)",Unfall 13815 (2022) Kat:3, Licht: 0,13815,3,7,0,05,16,5,,0,1,0,0,0
"POINT (9.835489481000019 52.490989625000097)",Unfall 13856 (2022) Kat:3, Licht: 0,13856,3,1,9,07,17,5,,0,0,1,0,0
"POINT (9.743439624000080 52.368146633000002)",Unfall 13861 (2022) Kat:3, Licht: 1,13861,3,2,5,06,21,4,,1,0,1,0,0
"POINT (9.633882143000051 52.490933886000100)",Unfall 13866 (2022) Kat:3, Licht: 2,13866,3,7,0,07,23,7,,2,0,0,0,0
"POINT (9.718324801000049 52.346046952999998)",Unfall 13868 (2022) Kat:3, Licht: 0,13868,3,6,3,05,15,2,,0,0,1,0,1
"POINT (9.742911294000070 52.368442397000102)",Unfall 13871 (2022) Kat:3, Licht: 0,13871,3,3,5,07,07,3,,0,1,1,0,0
"POINT (9.738923106000071 52.337570602000000)",Unfall 13874 (2022) Kat:3, Licht: 0,13874,3,6,2,06,17,6,,0,0,1,0,0
"POINT (9.463041208000050 52.314592188000098)",Unfall 13890 (2022) Kat:3, Licht: 0,13890,3,3,5,07,15,4,,0,1,1,0,0
"POINT (9.514817070000049 52.300345657000001)",Unfall 13899 (2022) Kat:3, Licht: 0,13899,3,3,5,06,13,7,,0,0,1,0,0
"POINT (9.724716504000069 52.376919337000103)",Unfall 13924 (2022) Kat:3, Licht: 0,13924,3,4,6,06,19,7,,0,0,0,1,0
"POINT (9.750808615000039 52.369357514999997)",Unfall 13938 (2022) Kat:3, Licht: 0,13938,3,7,0,06,15,6,,0,0,1,0,1
"POINT (9.775252333000029 52.576681785000098)",Unfall 13940 (2022) Kat:3, Licht: 0,13940,3,6,2,06,11,1,,0,0,1,0,0
"POINT (9.747839892000060 52.216819112000103)",Unfall 13942 (2022) Kat:3, Licht: 0,13942,3,6,2,07,19,7,,0,0,1,0,0
"POINT (9.801610999000051 52.431333119999998)",Unfall 13946 (2022) Kat:3, Licht: 0,13946,3,4,6,05,15,2,,0,0,1,1,0
"POINT (9.405612035000050 52.332238883999999)",Unfall 13947 (2022) Kat:3, Licht: 0,13947,3,6,2,08,16,5,,0,0,1,0,0
"POINT (9.719417482000040 52.392600953000098)",Unfall 13952 (2022) Kat:3, Licht: 1,13952,3,1,0,07,06,1,,1,1,0,0,0
"POINT (9.784736954000040 52.372329337000103)",Unfall 13959 (2022) Kat:3, Licht: 0,13959,3,7,2,06,11,1,,0,0,1,0,0
"POINT (9.794196437000039 52.216926618000102)",Unfall 13967 (2022) Kat:3, Licht: 0,13967,3,6,4,06,18,5,,0,0,1,0,0
"POINT (9.858644875000040 52.465529951000100)",Unfall 13968 (2022) Kat:2, Licht: 0,13968,2,7,9,07,11,3,,0,0,0,0,1
"POINT (9.911073710000039 52.357425235999997)",Unfall 13980 (2022) Kat:3, Licht: 0,13980,3,1,8,06,12,6,,0,0,0,0,1
"POINT (9.797640189000051 52.413664451000002)",Unfall 13985 (2022) Kat:3, Licht: 1,13985,3,1,0,08,20,3,,1,1,0,0,0
"POINT (9.514796311000049 52.283577391999998)",Unfall 13986 (2022) Kat:3, Licht: 0,13986,3,4,6,06,16,3,,0,0,1,1,0
"POINT (9.694882057000029 52.419460776000101)",Unfall 13988 (2022) Kat:3, Licht: 0,13988,3,3,5,05,07,4,,0,1,0,0,0
"POINT (9.646385411000040 52.400742364000102)",Unfall 14007 (2022) Kat:3, Licht: 0,14007,3,7,4,08,16,6,,0,0,1,0,0
"POINT (9.870288370000029 52.310527362000101)",Unfall 14017 (2022) Kat:3, Licht: 0,14017,3,6,3,06,13,3,,0,0,1,0,0
"POINT (9.761906639000070 52.345818640000097)",Unfall 14019 (2022) Kat:3, Licht: 0,14019,3,6,3,07,20,1,,0,0,1,0,0
"POINT (9.601998890000059 52.598827121000099)",Unfall 14044 (2022) Kat:3, Licht: 2,14044,3,7,7,07,22,1,,2,0,0,0,1
"POINT (10.001857063999999 52.386725961000103)",Unfall 14056 (2022) Kat:3, Licht: 0,14056,3,6,2,07,14,7,,0,0,1,0,0
"POINT (9.756712563000059 52.334271140000098)",Unfall 14057 (2022) Kat:2, Licht: 0,14057,2,2,5,05,20,2,,0,1,0,0,0
"POINT (9.679264579000060 52.433428730999999)",Unfall 14064 (2022) Kat:3, Licht: 0,14064,3,6,2,08,13,5,,0,0,1,0,0
"POINT (9.727949512000070 52.427718134000003)",Unfall 14075 (2022) Kat:3, Licht: 2,14075,3,1,8,08,21,2,,2,0,1,0,0
"POINT (9.830537362000030 52.385556166000100)",Unfall 14092 (2022) Kat:3, Licht: 0,14092,3,2,5,07,13,6,,0,1,1,0,0
"POINT (10.053257367000100 52.513563556000101)",Unfall 14096 (2022) Kat:2, Licht: 2,14096,2,1,9,07,23,4,,2,0,0,0,1
"POINT (9.745558817000070 52.523406430000101)",Unfall 14105 (2022) Kat:3, Licht: 0,14105,3,6,2,07,10,5,,0,0,1,0,0
"POINT (9.797550108000051 52.476401191000001)",Unfall 14110 (2022) Kat:3, Licht: 0,14110,3,7,8,06,14,5,,0,0,1,0,0
"POINT (9.925881870000071 52.343003022000097)",Unfall 14111 (2022) Kat:2, Licht: 0,14111,2,7,9,06,10,2,,0,0,1,0,0
"POINT (9.977094254000059 52.372686013000099)",Unfall 14119 (2022) Kat:3, Licht: 0,14119,3,1,8,07,19,6,,0,1,1,0,0
"POINT (9.761943750000061 52.345775527999997)",Unfall 14124 (2022) Kat:3, Licht: 0,14124,3,7,0,06,10,7,,0,0,1,0,0
"POINT (9.623934664000050 52.425389446000104)",Unfall 14125 (2022) Kat:3, Licht: 0,14125,3,6,2,08,09,6,,0,0,1,0,0
"POINT (9.790028357000040 52.519368642000103)",Unfall 14128 (2022) Kat:3, Licht: 0,14128,3,2,4,06,16,5,,0,0,1,0,0
"POINT (9.608634677000049 52.318682414000101)",Unfall 14136 (2022) Kat:2, Licht: 0,14136,2,3,5,05,16,2,,0,1,1,0,0
"POINT (9.491685191000039 52.337864789999998)",Unfall 14161 (2022) Kat:3, Licht: 0,14161,3,4,6,06,15,6,,0,0,1,1,0
"POINT (9.832093669000070 52.300173503000103)",Unfall 14170 (2022) Kat:3, Licht: 0,14170,3,1,3,07,07,5,,0,0,1,0,0
"POINT (9.837632589000069 52.418651122000000)",Unfall 14172 (2022) Kat:3, Licht: 2,14172,3,7,9,05,04,1,,2,0,1,0,0
"POINT (9.721395993000041 52.337746895000102)",Unfall 14176 (2022) Kat:3, Licht: 0,14176,3,6,3,05,11,7,,0,0,1,0,0
"POINT (9.578802402000060 52.188781841999997)",Unfall 14181 (2022) Kat:3, Licht: 0,14181,3,7,8,07,12,5,,0,0,1,0,0
"POINT (9.629572349000060 52.421683311999999)",Unfall 14197 (2022) Kat:3, Licht: 1,14197,3,6,3,07,21,2,,1,0,1,0,0
"POINT (9.889459142000019 52.358695920999999)",Unfall 14203 (2022) Kat:3, Licht: 0,14203,3,6,2,06,17,4,,0,0,1,0,0
"POINT (9.456781578000060 52.426465091000097)",Unfall 14204 (2022) Kat:3, Licht: 0,14204,3,1,8,07,14,2,,0,0,0,0,0
"POINT (10.056367834000101 52.406987221000101)",Unfall 14210 (2022) Kat:3, Licht: 0,14210,3,7,8,08,08,2,,0,0,1,0,0
"POINT (9.730335898000019 52.209835038999998)",Unfall 14223 (2022) Kat:2, Licht: 0,14223,2,7,9,06,21,3,,0,0,1,0,0
"POINT (9.766246608000070 52.552178942000097)",Unfall 14226 (2022) Kat:3, Licht: 0,14226,3,3,5,06,17,2,,0,1,1,0,0
"POINT (9.725481267000021 52.376776564000103)",Unfall 14232 (2022) Kat:2, Licht: 0,14232,2,6,9,06,16,3,,0,0,0,0,1
"POINT (9.734268940000049 52.387122542000000)",Unfall 14248 (2022) Kat:3, Licht: 0,14248,3,2,5,06,15,3,,0,1,0,0,0
"POINT (9.858614265000030 52.387093038000003)",Unfall 14251 (2022) Kat:3, Licht: 0,14251,3,2,5,06,12,1,,0,1,0,0,0
"POINT (9.578707397000070 52.458966511000000)",Unfall 14253 (2022) Kat:3, Licht: 0,14253,3,7,6,06,12,4,,0,1,0,1,0
"POINT (9.601647505000070 52.325612520000000)",Unfall 14258 (2022) Kat:2, Licht: 0,14258,2,3,5,08,12,4,,0,0,1,0,1
"POINT (10.082025368000100 52.366330241000099)",Unfall 14259 (2022) Kat:1, Licht: 2,14259,1,1,0,08,04,2,,2,0,0,0,0
"POINT (9.617539331000049 52.356537135000103)",Unfall 14269 (2022) Kat:3, Licht: 0,14269,3,7,4,06,13,5,,0,0,1,0,0
"POINT (9.868193804000040 52.309700857000102)",Unfall 14274 (2022) Kat:3, Licht: 0,14274,3,3,5,07,15,6,,0,0,1,0,0
"POINT (9.991861592000021 52.459237223000102)",Unfall 14275 (2022) Kat:2, Licht: 0,14275,2,7,0,06,17,2,,0,1,0,0,0
"POINT (9.706777389000020 52.218319524999998)",Unfall 14292 (2022) Kat:3, Licht: 0,14292,3,5,0,08,17,1,,0,0,0,0,1
"POINT (9.475046086000081 52.387345183000001)",Unfall 14309 (2022) Kat:3, Licht: 0,14309,3,1,9,08,18,3,,0,0,1,0,0
"POINT (9.852529938000030 52.429925029000103)",Unfall 14312 (2022) Kat:3, Licht: 0,14312,3,3,5,06,14,5,,0,0,0,0,0
"POINT (9.748105277000040 52.369178034000100)",Unfall 14318 (2022) Kat:2, Licht: 0,14318,2,3,5,07,18,2,,0,1,1,0,0
"POINT (9.847483777000040 52.472185756000002)",Unfall 14321 (2022) Kat:3, Licht: 0,14321,3,5,0,08,17,5,,0,0,1,0,0
"POINT (9.778706684000040 52.369042176000100)",Unfall 14328 (2022) Kat:3, Licht: 0,14328,3,6,2,06,13,6,,0,0,1,0,0
"POINT (9.719520072000019 52.351248484000102)",Unfall 14329 (2022) Kat:3, Licht: 2,14329,3,1,0,05,22,6,,2,1,0,0,0
"POINT (9.450563424000050 52.467367035999999)",Unfall 14331 (2022) Kat:3, Licht: 0,14331,3,1,0,06,14,2,,0,1,0,0,0
"POINT (9.730728164000030 52.370912441000002)",Unfall 14334 (2022) Kat:3, Licht: 0,14334,3,4,6,07,19,7,,0,1,0,1,0
"POINT (9.650762656000040 52.390986066000004)",Unfall 14354 (2022) Kat:3, Licht: 0,14354,3,4,6,07,11,5,,0,0,1,1,0
"POINT (9.652393313000060 52.390538628999998)",Unfall 14355 (2022) Kat:3, Licht: 0,14355,3,3,0,07,14,6,,0,1,1,0,0
"POINT (9.936394187000079 52.445522583000098)",Unfall 14361 (2022) Kat:3, Licht: 0,14361,3,2,5,07,15,4,,0,0,1,0,0
"POINT (9.730344612000071 52.318827075999998)",Unfall 14381 (2022) Kat:3, Licht: 0,14381,3,3,5,05,16,3,,0,1,1,0,0
"POINT (9.833131646000030 52.338306807000002)",Unfall 14382 (2022) Kat:2, Licht: 0,14382,2,3,5,08,18,6,,0,1,0,0,0
"POINT (9.560280607000040 52.422661957000102)",Unfall 14385 (2022) Kat:3, Licht: 0,14385,3,6,6,06,17,4,,0,1,0,1,0
"POINT (9.615377474000070 52.383632499000001)",Unfall 14388 (2022) Kat:3, Licht: 0,14388,3,7,0,07,17,3,,0,1,0,0,0
"POINT (9.847104510000070 52.274514774000103)",Unfall 14396 (2022) Kat:3, Licht: 0,14396,3,6,1,06,19,2,,0,0,1,0,0
"POINT (9.664551987000040 52.426473741999999)",Unfall 14398 (2022) Kat:3, Licht: 0,14398,3,7,3,06,19,7,,0,0,1,0,1
"POINT (9.724118227000080 52.368000515000098)",Unfall 14401 (2022) Kat:3, Licht: 0,14401,3,7,0,07,13,3,,0,0,0,0,0
"POINT (9.799302991000051 52.312171895000098)",Unfall 14408 (2022) Kat:2, Licht: 0,14408,2,3,5,08,13,6,,0,1,0,0,0
"POINT (9.731281558000029 52.382640432000102)",Unfall 14412 (2022) Kat:3, Licht: 0,14412,3,6,0,06,14,2,,0,0,1,0,1
"POINT (9.718825288000060 52.333511074000100)",Unfall 14422 (2022) Kat:3, Licht: 2,14422,3,3,5,07,22,1,,2,0,1,0,0
"POINT (9.648722752000030 52.508325192000001)",Unfall 14425 (2022) Kat:3, Licht: 0,14425,3,1,8,05,19,5,,0,1,0,0,0
"POINT (9.818810948000021 52.288828572000099)",Unfall 14443 (2022) Kat:3, Licht: 0,14443,3,3,5,08,18,7,,0,0,1,0,0
"POINT (9.579536134000019 52.334936453000097)",Unfall 14455 (2022) Kat:3, Licht: 0,14455,3,6,8,07,06,7,,0,0,1,0,0
"POINT (9.897415295000030 52.409101421000102)",Unfall 14459 (2022) Kat:3, Licht: 0,14459,3,6,2,08,15,3,,0,0,1,0,0
"POINT (9.963280576000050 52.365365854000103)",Unfall 14466 (2022) Kat:3, Licht: 0,14466,3,3,5,06,08,6,,0,0,1,0,0
"POINT (9.871862500000081 52.359940877000000)",Unfall 14467 (2022) Kat:2, Licht: 2,14467,2,6,2,05,22,6,,2,0,1,0,0
"POINT (9.716117032000060 52.397464474000103)",Unfall 14472 (2022) Kat:3, Licht: 2,14472,3,1,0,07,03,7,,2,0,0,0,0
"POINT (9.639270809000040 52.422398043999998)",Unfall 14475 (2022) Kat:1, Licht: 0,14475,1,6,3,07,08,7,,0,0,1,0,0
"POINT (9.488151243000059 52.308758572000002)",Unfall 14479 (2022) Kat:3, Licht: 0,14479,3,3,5,06,09,4,,0,0,0,0,1
"POINT (9.648384121000049 52.412849815000101)",Unfall 14480 (2022) Kat:3, Licht: 0,14480,3,3,5,07,12,3,,0,0,1,0,0
"POINT (9.743540289000070 52.453001661000002)",Unfall 14483 (2022) Kat:3, Licht: 0,14483,3,2,4,06,12,6,,0,0,1,0,1
"POINT (9.737951514000031 52.522677095000098)",Unfall 14499 (2022) Kat:3, Licht: 0,14499,3,6,4,07,11,4,,0,0,1,0,0
"POINT (9.760562323000039 52.587215110999999)",Unfall 14501 (2022) Kat:3, Licht: 0,14501,3,6,2,08,08,7,,0,0,1,0,0
"POINT (10.060099424000001 52.395149053000097)",Unfall 14507 (2022) Kat:2, Licht: 0,14507,2,3,5,06,08,5,,0,0,1,0,0
"POINT (9.650638298000050 52.391020187000002)",Unfall 14515 (2022) Kat:3, Licht: 0,14515,3,1,0,06,17,2,,0,1,0,0,0
"POINT (9.526603212000049 52.447898948000002)",Unfall 14524 (2022) Kat:3, Licht: 0,14524,3,6,0,06,17,6,,0,0,1,0,1
"POINT (9.826340614000060 52.502119782000101)",Unfall 14534 (2022) Kat:3, Licht: 0,14534,3,7,8,07,09,1,,0,0,1,0,0
"POINT (9.785770185000050 52.372324634999998)",Unfall 14535 (2022) Kat:3, Licht: 0,14535,3,6,2,05,15,2,,0,0,1,0,0
"POINT (9.634185276000039 52.419103237999998)",Unfall 14536 (2022) Kat:3, Licht: 0,14536,3,1,0,07,15,5,,0,0,0,0,1
"POINT (9.592699829000029 52.405864340999997)",Unfall 14538 (2022) Kat:3, Licht: 0,14538,3,3,5,07,15,3,,0,1,0,0,0
"POINT (9.714311736000070 52.362152971000100)",Unfall 14540 (2022) Kat:3, Licht: 0,14540,3,2,3,08,18,6,,0,0,1,0,0
"POINT (9.679011876000059 52.359474419999998)",Unfall 14556 (2022) Kat:3, Licht: 0,14556,3,4,6,06,19,3,,0,0,1,1,0
"POINT (9.964277954000069 52.315944631000001)",Unfall 14567 (2022) Kat:3, Licht: 0,14567,3,3,5,07,07,6,,0,0,1,0,0
"POINT (9.888168333000070 52.466060466999998)",Unfall 14570 (2022) Kat:2, Licht: 0,14570,2,4,6,07,18,6,,0,0,1,1,0
"POINT (9.707579007000049 52.409950917000103)",Unfall 14582 (2022) Kat:3, Licht: 0,14582,3,6,2,07,14,2,,0,0,1,0,0
"POINT (9.438883083000061 52.423153427000003)",Unfall 14588 (2022) Kat:3, Licht: 0,14588,3,2,5,07,19,6,,0,0,1,0,0
"POINT (10.006308807000000 52.315641546000101)",Unfall 14592 (2022) Kat:3, Licht: 0,14592,3,6,4,07,14,1,,0,0,1,0,0
"POINT (9.768893209000050 52.338081465000101)",Unfall 14632 (2022) Kat:3, Licht: 0,14632,3,3,0,06,11,3,,0,0,1,0,1
"POINT (9.564302291000050 52.367129802000100)",Unfall 14639 (2022) Kat:3, Licht: 0,14639,3,5,4,06,16,4,,0,0,1,0,0
"POINT (9.722101088000040 52.362538364999999)",Unfall 14645 (2022) Kat:3, Licht: 0,14645,3,3,5,07,14,2,,0,1,1,0,0
"POINT (9.781504522000031 52.424905705000100)",Unfall 14661 (2022) Kat:3, Licht: 0,14661,3,6,2,07,19,5,,0,0,1,0,1
"POINT (9.585344968000070 52.435207268000099)",Unfall 14664 (2022) Kat:3, Licht: 0,14664,3,3,5,07,15,3,,0,0,1,0,0
"POINT (9.743394976000049 52.368329377000101)",Unfall 14667 (2022) Kat:3, Licht: 0,14667,3,3,0,06,13,7,,0,1,1,0,0
"POINT (9.622549762000061 52.421107391000099)",Unfall 14673 (2022) Kat:3, Licht: 0,14673,3,6,2,05,12,2,,0,0,1,0,0
"POINT (9.838696783000049 52.417811837999999)",Unfall 14674 (2022) Kat:2, Licht: 0,14674,2,3,3,07,17,5,,0,0,1,0,0
"POINT (9.401326326000060 52.536010939000100)",Unfall 14676 (2022) Kat:3, Licht: 0,14676,3,6,2,07,17,2,,0,0,1,0,0
"POINT (9.496727626000050 52.281612032000098)",Unfall 14684 (2022) Kat:3, Licht: 0,14684,3,6,2,06,18,4,,0,0,0,0,1
"POINT (9.663706536000060 52.384480906000100)",Unfall 14685 (2022) Kat:3, Licht: 0,14685,3,6,2,06,21,4,,0,0,1,0,1
"POINT (9.667346324000050 52.377070328000102)",Unfall 14696 (2022) Kat:3, Licht: 0,14696,3,3,5,07,12,4,,0,1,1,0,0
"POINT (9.548384691000020 52.421396394000098)",Unfall 14702 (2022) Kat:3, Licht: 0,14702,3,1,2,06,20,1,,0,0,1,0,0
"POINT (9.646151446000029 52.403997466000099)",Unfall 14710 (2022) Kat:3, Licht: 0,14710,3,7,9,06,06,7,,0,0,1,0,0
"POINT (9.805296872000040 52.317980816999999)",Unfall 14716 (2022) Kat:3, Licht: 0,14716,3,2,4,08,10,4,,0,1,1,0,0
"POINT (9.827098717000069 52.342711577000003)",Unfall 14725 (2022) Kat:3, Licht: 0,14725,3,3,0,06,09,2,,0,1,0,0,0
"POINT (9.817570855000040 52.408929267000097)",Unfall 14727 (2022) Kat:3, Licht: 0,14727,3,7,0,06,18,7,,0,1,0,0,0
"POINT (9.479498343000049 52.295425541999997)",Unfall 14741 (2022) Kat:3, Licht: 0,14741,3,7,7,08,16,2,,0,1,0,1,0
"POINT (9.756701893000070 52.254503543000098)",Unfall 14745 (2022) Kat:3, Licht: 0,14745,3,2,4,05,12,4,,0,0,1,0,0
"POINT (9.691265552000059 52.360860705999997)",Unfall 14755 (2022) Kat:2, Licht: 2,14755,2,7,0,06,22,2,,2,0,0,0,0
"POINT (9.575922457000051 52.458160663999998)",Unfall 14759 (2022) Kat:3, Licht: 0,14759,3,6,2,07,15,4,,0,0,1,0,0
"POINT (9.976931449000061 52.372714893000101)",Unfall 14762 (2022) Kat:3, Licht: 0,14762,3,6,2,05,13,3,,0,0,1,0,0
"POINT (9.492428721000071 52.279573913000000)",Unfall 14780 (2022) Kat:2, Licht: 0,14780,2,1,4,06,16,4,,0,1,1,0,0
"POINT (9.779824437000061 52.593340682000097)",Unfall 14788 (2022) Kat:3, Licht: 0,14788,3,3,5,06,11,7,,0,0,1,0,0
"POINT (9.688278222000060 52.378390750999998)",Unfall 14791 (2022) Kat:3, Licht: 0,14791,3,1,0,06,20,2,,0,1,0,0,0
"POINT (9.791280749000070 52.470025400000097)",Unfall 14794 (2022) Kat:3, Licht: 0,14794,3,3,5,06,11,1,,0,1,1,0,0
"POINT (9.726749168000030 52.375749676000098)",Unfall 14801 (2022) Kat:3, Licht: 0,14801,3,3,5,05,16,2,,0,1,1,0,0
"POINT (9.848798673000029 52.329504235999998)",Unfall 14802 (2022) Kat:3, Licht: 0,14802,3,3,5,08,15,5,,0,1,1,0,0
"POINT (9.595948227000060 52.436522989000103)",Unfall 14819 (2022) Kat:3, Licht: 0,14819,3,6,2,06,16,3,,0,0,1,0,0
"POINT (9.578879488000039 52.459055071000101)",Unfall 14836 (2022) Kat:3, Licht: 0,14836,3,7,0,06,07,5,,0,1,0,0,0
"POINT (9.785791480000061 52.335307144000097)",Unfall 14856 (2022) Kat:3, Licht: 0,14856,3,3,5,06,17,5,,0,1,1,0,0
"POINT (9.611435323000020 52.302323727000001)",Unfall 14866 (2022) Kat:3, Licht: 1,14866,3,7,8,06,04,6,,1,0,1,0,0
"POINT (9.857672692000049 52.358606737000102)",Unfall 14868 (2022) Kat:3, Licht: 0,14868,3,7,0,08,17,2,,0,1,0,0,0
"POINT (9.827539597000049 52.360188604000001)",Unfall 14871 (2022) Kat:3, Licht: 0,14871,3,2,5,06,09,4,,0,1,1,0,0
"POINT (9.601656196000020 52.325646064000097)",Unfall 14872 (2022) Kat:3, Licht: 1,14872,3,3,5,06,21,4,,1,0,1,0,0
"POINT (9.586455795000060 52.416146948000097)",Unfall 14875 (2022) Kat:3, Licht: 0,14875,3,3,5,07,05,4,,0,1,1,0,0
"POINT (9.748644868000040 52.597715558000097)",Unfall 14878 (2022) Kat:3, Licht: 0,14878,3,6,2,08,10,2,,0,0,1,0,0
"POINT (9.589883365000050 52.439089954000103)",Unfall 14889 (2022) Kat:2, Licht: 0,14889,2,3,5,06,11,7,,0,0,1,0,0
"POINT (9.863104629000080 52.373323479000099)",Unfall 14912 (2022) Kat:3, Licht: 0,14912,3,3,5,06,09,5,,0,0,1,0,0
"POINT (9.488945273000070 52.417258483000097)",Unfall 14915 (2022) Kat:2, Licht: 0,14915,2,1,2,06,14,7,,0,0,1,0,0
"POINT (9.585789186000060 52.435591641000002)",Unfall 14930 (2022) Kat:3, Licht: 0,14930,3,6,8,06,17,6,,0,0,0,0,0
"POINT (9.853931759000030 52.491726966000002)",Unfall 14935 (2022) Kat:3, Licht: 0,14935,3,3,5,07,10,2,,0,1,1,0,0
"POINT (9.588118744000040 52.413895062000101)",Unfall 14947 (2022) Kat:3, Licht: 0,14947,3,6,2,07,10,3,,0,0,1,0,0
"POINT (9.845626917000059 52.425916497000102)",Unfall 14962 (2022) Kat:3, Licht: 0,14962,3,6,2,08,18,6,,0,0,1,0,1
"POINT (9.723620069000050 52.363402577000002)",Unfall 14970 (2022) Kat:3, Licht: 0,14970,3,6,3,06,13,5,,0,0,1,0,0
"POINT (9.685004070000049 52.379578092000003)",Unfall 14972 (2022) Kat:3, Licht: 0,14972,3,2,5,07,16,5,,0,1,1,0,0
"POINT (9.805814002000030 52.408496919000100)",Unfall 14976 (2022) Kat:3, Licht: 0,14976,3,6,2,08,13,3,,0,0,1,0,0
"POINT (9.568215688000070 52.598031099000103)",Unfall 15004 (2022) Kat:3, Licht: 2,15004,3,7,0,07,02,1,,2,1,0,0,0
"POINT (9.397614779000040 52.455575737000103)",Unfall 15014 (2022) Kat:3, Licht: 0,15014,3,1,9,08,18,3,,0,0,1,0,0
"POINT (9.730660606000070 52.370987245000002)",Unfall 15015 (2022) Kat:3, Licht: 0,15015,3,5,1,08,16,1,,0,0,1,0,0
"POINT (9.855968362000061 52.388877233000102)",Unfall 15020 (2022) Kat:3, Licht: 0,15020,3,3,5,06,05,5,,0,0,1,0,0
"POINT (9.797589874000041 52.476470963000097)",Unfall 15023 (2022) Kat:2, Licht: 0,15023,2,3,5,07,07,6,,0,1,1,0,0
"POINT (9.800105794000050 52.406575347000100)",Unfall 15027 (2022) Kat:3, Licht: 0,15027,3,7,0,06,20,3,,0,1,0,0,0
"POINT (9.743400445000081 52.368278328000002)",Unfall 15030 (2022) Kat:3, Licht: 0,15030,3,2,5,07,14,7,,0,1,1,0,0
"POINT (9.989559764000029 52.297528026000101)",Unfall 15066 (2022) Kat:3, Licht: 0,15066,3,3,5,06,19,4,,0,1,1,0,0
"POINT (10.111178796000001 52.363651877000102)",Unfall 15072 (2022) Kat:3, Licht: 0,15072,3,7,8,06,21,5,,0,0,0,0,0
"POINT (9.727026959000060 52.366577755000002)",Unfall 15077 (2022) Kat:3, Licht: 0,15077,3,3,5,07,08,6,,0,1,1,0,0
"POINT (9.716800580000040 52.421891094000003)",Unfall 15083 (2022) Kat:3, Licht: 0,15083,3,6,2,07,14,4,,0,0,1,0,0
"POINT (9.745739869000030 52.209537703000102)",Unfall 15087 (2022) Kat:3, Licht: 0,15087,3,6,2,08,15,4,,0,0,1,0,0
"POINT (9.975540662000070 52.410495472999997)",Unfall 15094 (2022) Kat:2, Licht: 0,15094,2,1,8,07,10,6,,0,0,1,0,0
"POINT (9.854639597000070 52.416934845000100)",Unfall 15100 (2022) Kat:3, Licht: 0,15100,3,6,2,06,15,7,,0,0,1,0,0
"POINT (9.732956229000020 52.423308354000000)",Unfall 15103 (2022) Kat:3, Licht: 0,15103,3,6,2,07,12,2,,0,0,1,0,0
"POINT (9.722721048000039 52.629053046000102)",Unfall 15107 (2022) Kat:3, Licht: 0,15107,3,6,2,06,18,5,,0,0,1,0,0
"POINT (9.586950843000070 52.415958418999999)",Unfall 15116 (2022) Kat:3, Licht: 0,15116,3,7,5,06,08,5,,0,1,1,0,0
"POINT (9.827249253000049 52.346767370000101)",Unfall 15117 (2022) Kat:3, Licht: 0,15117,3,7,5,06,08,6,,0,1,0,0,1
"POINT (9.652141117000040 52.271649068999999)",Unfall 15121 (2022) Kat:3, Licht: 0,15121,3,6,0,07,12,7,,0,0,1,0,0
"POINT (9.635851805000071 52.485567360000097)",Unfall 15132 (2022) Kat:3, Licht: 0,15132,3,2,3,06,16,6,,0,0,1,0,1
"POINT (9.769950785000050 52.336805145000000)",Unfall 15140 (2022) Kat:3, Licht: 0,15140,3,6,2,06,18,3,,0,0,1,0,0
"POINT (10.182263250000100 52.424085742999999)",Unfall 15143 (2022) Kat:3, Licht: 0,15143,3,1,8,05,16,2,,0,0,1,0,0
"POINT (9.455931577000060 52.482263374000098)",Unfall 15150 (2022) Kat:3, Licht: 0,15150,3,3,5,08,14,5,,0,1,1,0,0
"POINT (9.714900110000031 52.366614626000100)",Unfall 15155 (2022) Kat:3, Licht: 2,15155,3,7,0,06,22,4,,2,1,0,0,0
"POINT (9.761797109000041 52.370415694000002)",Unfall 15162 (2022) Kat:3, Licht: 0,15162,3,1,0,05,05,7,,0,0,0,0,1
"POINT (9.776426461000030 52.575739904000002)",Unfall 15164 (2022) Kat:3, Licht: 0,15164,3,6,2,07,12,4,,0,0,0,0,0
"POINT (9.771842688000049 52.255801249999998)",Unfall 15166 (2022) Kat:3, Licht: 0,15166,3,7,0,07,13,7,,0,1,0,0,0
"POINT (9.671279168000069 52.435708269000003)",Unfall 15167 (2022) Kat:3, Licht: 0,15167,3,6,2,07,15,5,,0,0,1,0,0
"POINT (9.511814075000069 52.172489896000101)",Unfall 15172 (2022) Kat:3, Licht: 0,15172,3,2,2,06,13,4,,0,0,1,0,0
"POINT (9.622771568000079 52.460632061000098)",Unfall 15180 (2022) Kat:2, Licht: 0,15180,2,1,8,05,21,1,,0,0,0,0,1
"POINT (9.885341800000051 52.426652068000102)",Unfall 15184 (2022) Kat:3, Licht: 0,15184,3,7,8,05,17,3,,0,0,1,0,0
"POINT (9.913940465000049 52.395691155000101)",Unfall 15191 (2022) Kat:3, Licht: 0,15191,3,6,3,07,13,3,,0,0,1,0,0
"POINT (9.425051008000031 52.429448831000101)",Unfall 15199 (2022) Kat:3, Licht: 0,15199,3,2,2,06,17,2,,0,0,1,0,0
"POINT (9.829763075000070 52.423233633000102)",Unfall 15205 (2022) Kat:3, Licht: 0,15205,3,6,2,05,11,3,,0,0,1,0,0
"POINT (9.972077341000039 52.391153605000099)",Unfall 15213 (2022) Kat:3, Licht: 0,15213,3,7,0,06,16,3,,0,0,0,0,1
"POINT (9.753989675000071 52.592476025000103)",Unfall 15217 (2022) Kat:3, Licht: 0,15217,3,6,2,07,12,6,,0,0,1,0,0
"POINT (9.631760767000060 52.394631130999997)",Unfall 15225 (2022) Kat:3, Licht: 0,15225,3,1,9,06,18,1,,0,0,1,0,0
"POINT (9.740200703000029 52.461909957000003)",Unfall 15236 (2022) Kat:3, Licht: 0,15236,3,2,4,07,08,4,,0,1,1,0,0
"POINT (9.646552074000059 52.423527342000099)",Unfall 15238 (2022) Kat:3, Licht: 0,15238,3,7,8,07,20,2,,0,0,1,0,0
"POINT (9.836103778000050 52.489925781000103)",Unfall 15245 (2022) Kat:3, Licht: 0,15245,3,2,4,07,16,2,,0,0,1,0,0
"POINT (10.195241000000101 52.464267805000098)",Unfall 15250 (2022) Kat:3, Licht: 0,15250,3,2,5,07,19,7,,0,1,1,0,0
"POINT (9.758609619000030 52.588674144999999)",Unfall 15263 (2022) Kat:3, Licht: 0,15263,3,6,2,06,09,7,,0,0,1,0,0
"POINT (9.786475459000030 52.528485612000097)",Unfall 15266 (2022) Kat:3, Licht: 0,15266,3,7,2,06,19,6,,0,0,1,0,0
"POINT (9.742940461000050 52.368458574999998)",Unfall 15279 (2022) Kat:3, Licht: 0,15279,3,3,5,07,16,3,,0,1,0,0,0
"POINT (9.735314730000029 52.394832441000098)",Unfall 15283 (2022) Kat:3, Licht: 0,15283,3,2,2,07,18,1,,0,0,1,0,0
"POINT (9.648906229000030 52.424095438999998)",Unfall 15287 (2022) Kat:2, Licht: 0,15287,2,6,0,06,07,5,,0,0,1,0,0
"POINT (9.744139701000050 52.547456359000101)",Unfall 15291 (2022) Kat:3, Licht: 0,15291,3,2,3,06,17,3,,0,1,1,0,0
"POINT (9.464183793000069 52.316923338999999)",Unfall 15298 (2022) Kat:3, Licht: 0,15298,3,1,8,07,12,4,,0,0,0,0,1
"POINT (9.797620626000031 52.413686134000002)",Unfall 15311 (2022) Kat:3, Licht: 2,15311,3,7,0,07,23,7,,2,1,0,0,0
"POINT (9.465892323000050 52.380882374000102)",Unfall 15313 (2022) Kat:3, Licht: 0,15313,3,1,9,06,20,2,,0,0,1,0,0
"POINT (9.745800985000070 52.209201192000101)",Unfall 15316 (2022) Kat:3, Licht: 0,15316,3,6,2,08,10,3,,0,0,1,0,0
"POINT (9.561416819000041 52.421929573000099)",Unfall 15323 (2022) Kat:3, Licht: 2,15323,3,6,3,06,22,6,,2,0,1,0,0
"POINT (9.695615571000079 52.210136595999998)",Unfall 15326 (2022) Kat:2, Licht: 2,15326,2,3,5,06,21,2,,2,0,1,0,0
"POINT (9.811943741000050 52.305421215000102)",Unfall 15329 (2022) Kat:3, Licht: 0,15329,3,2,5,07,12,7,,0,1,1,0,0
"POINT (9.775832873000070 52.323370280000098)",Unfall 15332 (2022) Kat:3, Licht: 0,15332,3,3,5,07,14,7,,0,1,1,0,0
"POINT (9.927630076000071 52.320196805000101)",Unfall 15335 (2022) Kat:2, Licht: 0,15335,2,3,5,07,15,5,,0,0,1,0,0
"POINT (9.479918989000049 52.527784996000001)",Unfall 15336 (2022) Kat:3, Licht: 0,15336,3,1,8,06,20,4,,0,0,1,0,0
"POINT (9.688712491000050 52.553694990000103)",Unfall 15339 (2022) Kat:3, Licht: 2,15339,3,7,7,08,01,6,,2,1,0,1,0
"POINT (9.450089108000039 52.522596384000103)",Unfall 15354 (2022) Kat:2, Licht: 0,15354,2,1,8,06,04,3,,0,0,1,0,0
"POINT (9.514339525000031 52.396856341000003)",Unfall 15365 (2022) Kat:3, Licht: 0,15365,3,1,0,07,10,6,,0,0,0,0,1
"POINT (9.734965997000071 52.368700583000098)",Unfall 15366 (2022) Kat:3, Licht: 0,15366,3,7,5,06,10,2,,0,0,0,0,1
"POINT (10.169013678000100 52.465405259000100)",Unfall 15373 (2022) Kat:3, Licht: 0,15373,3,3,5,07,19,2,,0,0,1,0,0
"POINT (9.459760917000040 52.305515356999997)",Unfall 15376 (2022) Kat:3, Licht: 0,15376,3,2,0,08,14,4,,0,0,0,0,1
"POINT (9.974254956000040 52.389486356000099)",Unfall 15378 (2022) Kat:2, Licht: 0,15378,2,6,2,06,17,4,,0,0,0,0,0
"POINT (9.833248329000069 52.305611024000001)",Unfall 15382 (2022) Kat:3, Licht: 2,15382,3,7,8,07,04,4,,2,0,0,0,0
"POINT (9.846052006000040 52.390242217000001)",Unfall 15385 (2022) Kat:2, Licht: 0,15385,2,1,0,07,17,6,,0,0,0,0,0
"POINT (9.726343239000069 52.388400208000100)",Unfall 15388 (2022) Kat:3, Licht: 0,15388,3,6,0,06,11,2,,0,1,0,0,0
"POINT (9.655644911000021 52.389292081000100)",Unfall 15396 (2022) Kat:2, Licht: 2,15396,2,1,9,07,03,6,,2,0,1,0,0
"POINT (9.972841913000019 52.389662224000098)",Unfall 15401 (2022) Kat:3, Licht: 0,15401,3,6,2,08,14,6,,0,0,1,0,0
"POINT (9.913786524000050 52.478333787000103)",Unfall 15406 (2022) Kat:3, Licht: 0,15406,3,6,2,06,15,1,,0,1,0,0,0
"POINT (9.745242888000060 52.367074710000097)",Unfall 15425 (2022) Kat:3, Licht: 2,15425,3,3,5,08,01,1,,2,0,1,0,0
"POINT (9.698330610000029 52.347524360000101)",Unfall 15430 (2022) Kat:2, Licht: 0,15430,2,7,0,06,07,3,,0,0,1,0,0
"POINT (10.032033538000100 52.523541254000101)",Unfall 15436 (2022) Kat:3, Licht: 0,15436,3,1,4,07,13,3,,0,0,1,0,0
"POINT (9.626020202000060 52.275126960000101)",Unfall 15443 (2022) Kat:3, Licht: 0,15443,3,6,3,07,11,2,,0,0,1,0,1
"POINT (9.816985608000040 52.519142688999999)",Unfall 15457 (2022) Kat:3, Licht: 0,15457,3,6,3,05,07,5,,0,0,1,0,0
"POINT (9.745153543000070 52.535381248000100)",Unfall 15458 (2022) Kat:3, Licht: 0,15458,3,7,9,07,15,1,,0,1,0,0,0
"POINT (9.823329038000050 52.339478958000001)",Unfall 15468 (2022) Kat:2, Licht: 0,15468,2,7,0,05,14,2,,0,0,0,1,0
"POINT (9.721200297000051 52.361676272000103)",Unfall 15469 (2022) Kat:3, Licht: 0,15469,3,6,0,08,14,5,,0,0,1,0,1
"POINT (9.726147663000059 52.546024411000097)",Unfall 15505 (2022) Kat:3, Licht: 0,15505,3,3,5,07,19,2,,0,0,1,0,1
"POINT (9.686523690000060 52.375018791999999)",Unfall 15519 (2022) Kat:3, Licht: 0,15519,3,1,4,06,19,2,,0,0,1,0,0
"POINT (9.644311795000020 52.423210203000103)",Unfall 15520 (2022) Kat:3, Licht: 0,15520,3,6,3,06,16,4,,0,0,1,0,0
"POINT (9.822596851000069 52.384406532000099)",Unfall 15527 (2022) Kat:3, Licht: 0,15527,3,6,6,05,16,2,,0,0,1,1,0
"POINT (9.712291737000040 52.314529079000103)",Unfall 15528 (2022) Kat:3, Licht: 0,15528,3,3,3,07,15,5,,0,1,1,0,0
"POINT (9.733842202000060 52.469667180999998)",Unfall 15530 (2022) Kat:3, Licht: 0,15530,3,3,5,07,08,3,,0,1,1,0,0
"POINT (9.516682048000060 52.274045117000099)",Unfall 15538 (2022) Kat:2, Licht: 0,15538,2,1,0,06,17,4,,0,1,0,0,0
"POINT (9.980334468000020 52.389389032000103)",Unfall 15544 (2022) Kat:3, Licht: 0,15544,3,7,9,08,12,4,,0,0,1,0,0
"POINT (9.646935383000031 52.413663188999998)",Unfall 15545 (2022) Kat:3, Licht: 0,15545,3,6,2,08,17,2,,0,0,1,0,0
"POINT (9.855984194000030 52.388864967000103)",Unfall 15548 (2022) Kat:3, Licht: 0,15548,3,3,5,07,15,2,,0,0,1,0,0
"POINT (9.976977208000051 52.374010026000100)",Unfall 15550 (2022) Kat:3, Licht: 0,15550,3,6,2,05,15,4,,0,0,1,0,0
"POINT (9.463587543000070 52.535294114000102)",Unfall 15558 (2022) Kat:3, Licht: 0,15558,3,3,5,06,12,7,,0,0,1,0,0
"POINT (9.795927593000039 52.348388270999997)",Unfall 15561 (2022) Kat:3, Licht: 0,15561,3,3,5,07,15,6,,0,0,1,0,0
"POINT (9.754253493000020 52.370049404000000)",Unfall 15562 (2022) Kat:3, Licht: 0,15562,3,6,2,07,14,1,,0,0,1,0,0
"POINT (9.765526602000021 52.430290367000097)",Unfall 15563 (2022) Kat:3, Licht: 0,15563,3,2,5,06,17,7,,0,1,1,0,0
"POINT (9.607022378000069 52.311484543000098)",Unfall 15583 (2022) Kat:3, Licht: 0,15583,3,2,2,07,15,1,,0,0,1,0,0
"POINT (9.563808703000060 52.364681429000001)",Unfall 15598 (2022) Kat:2, Licht: 0,15598,2,2,5,06,08,6,,0,0,1,0,1
"POINT (9.557759486000069 52.323126435000098)",Unfall 15607 (2022) Kat:3, Licht: 0,15607,3,2,2,05,07,2,,0,0,1,0,0
"POINT (9.663772276000030 52.276717122999997)",Unfall 15613 (2022) Kat:2, Licht: 0,15613,2,3,5,07,14,1,,0,1,0,0,0
"POINT (9.843060799000060 52.485672033000100)",Unfall 15623 (2022) Kat:3, Licht: 0,15623,3,7,2,06,05,3,,0,0,1,0,0
"POINT (9.697181289000071 52.374985448000103)",Unfall 15629 (2022) Kat:3, Licht: 0,15629,3,3,5,07,16,3,,0,1,0,0,0
"POINT (9.866887273000030 52.423157559000103)",Unfall 15635 (2022) Kat:3, Licht: 0,15635,3,7,9,08,13,1,,0,0,1,0,0
"POINT (9.611465531000020 52.434697030999999)",Unfall 15636 (2022) Kat:3, Licht: 0,15636,3,3,5,07,08,2,,0,1,1,0,0
"POINT (9.411398207000049 52.427666338999998)",Unfall 15641 (2022) Kat:3, Licht: 0,15641,3,3,5,06,17,6,,0,1,1,0,0
"POINT (9.571929096000080 52.446100263000098)",Unfall 15649 (2022) Kat:3, Licht: 0,15649,3,6,2,05,17,4,,0,0,1,0,0
"POINT (9.875049829000030 52.400674555000101)",Unfall 15650 (2022) Kat:3, Licht: 0,15650,3,6,3,07,18,7,,0,0,1,0,0
"POINT (9.817140325000031 52.519335258000098)",Unfall 15651 (2022) Kat:3, Licht: 1,15651,3,1,8,07,05,5,,1,0,1,0,0
"POINT (9.729296097000031 52.372941199000103)",Unfall 15659 (2022) Kat:3, Licht: 0,15659,3,3,5,06,13,5,,0,1,0,0,0
"POINT (9.405122878000039 52.331958984000003)",Unfall 15662 (2022) Kat:3, Licht: 0,15662,3,6,3,07,07,7,,0,0,1,0,0
"POINT (9.698721152000079 52.421010547000002)",Unfall 15664 (2022) Kat:3, Licht: 0,15664,3,3,5,07,07,5,,0,1,1,0,0
"POINT (9.763724702000051 52.551316032000003)",Unfall 15680 (2022) Kat:3, Licht: 0,15680,3,3,5,08,08,4,,0,1,1,0,0
"POINT (9.554288015000051 52.461721412000003)",Unfall 15687 (2022) Kat:3, Licht: 0,15687,3,3,5,05,18,3,,0,1,1,0,0
"POINT (10.062553656000000 52.394667307000098)",Unfall 15696 (2022) Kat:3, Licht: 0,15696,3,3,5,07,11,6,,0,0,1,0,0
"POINT (9.711819779000050 52.346601729000000)",Unfall 15699 (2022) Kat:3, Licht: 0,15699,3,6,2,07,18,1,,0,0,1,0,0
"POINT (9.779396333000021 52.371347989000100)",Unfall 15711 (2022) Kat:3, Licht: 0,15711,3,7,0,06,16,5,,0,1,0,0,0
"POINT (9.749186720000070 52.361836091000001)",Unfall 15720 (2022) Kat:3, Licht: 0,15720,3,6,2,08,14,6,,0,0,1,0,0
"POINT (9.646842797000030 52.413697458999998)",Unfall 15732 (2022) Kat:3, Licht: 2,15732,3,6,3,05,22,1,,2,0,1,0,0
"POINT (9.753349112000020 52.287507326000103)",Unfall 15748 (2022) Kat:2, Licht: 0,15748,2,7,9,06,15,7,,0,0,1,0,0
"POINT (9.710488479000050 52.406569071000000)",Unfall 15749 (2022) Kat:3, Licht: 0,15749,3,6,2,07,17,6,,0,0,1,0,0
"POINT (9.739646947000040 52.462513334999997)",Unfall 15753 (2022) Kat:3, Licht: 0,15753,3,6,0,06,16,7,,0,1,0,0,0
"POINT (9.945453202000071 52.333373514000101)",Unfall 15770 (2022) Kat:3, Licht: 0,15770,3,6,2,06,15,2,,0,0,1,0,0
"POINT (9.750502214000051 52.427243513000100)",Unfall 15775 (2022) Kat:3, Licht: 0,15775,3,6,2,07,06,3,,0,0,1,0,0
"POINT (9.747878613000070 52.363527561000097)",Unfall 15782 (2022) Kat:3, Licht: 0,15782,3,2,0,06,11,7,,0,1,1,0,0
"POINT (9.722288613000050 52.359070865000000)",Unfall 15801 (2022) Kat:3, Licht: 0,15801,3,6,2,06,16,6,,0,0,1,0,0
"POINT (9.790355216000020 52.371821526000097)",Unfall 15803 (2022) Kat:2, Licht: 0,15803,2,7,0,07,18,3,,0,1,1,0,1
"POINT (9.706294053000020 52.423998363000102)",Unfall 15806 (2022) Kat:3, Licht: 1,15806,3,3,5,06,05,1,,1,0,1,0,0
"POINT (9.469003370000051 52.353723011000099)",Unfall 15810 (2022) Kat:3, Licht: 2,15810,3,7,0,07,02,1,,2,1,0,0,0
"POINT (9.933038929000080 52.451090920000098)",Unfall 15821 (2022) Kat:3, Licht: 2,15821,3,1,9,08,02,1,,2,0,1,0,0
"POINT (9.632557817000080 52.411277511000002)",Unfall 15827 (2022) Kat:3, Licht: 0,15827,3,6,2,06,15,6,,0,0,1,0,0
"POINT (9.730435971000080 52.491548167000097)",Unfall 15828 (2022) Kat:3, Licht: 0,15828,3,6,9,07,11,5,,0,0,1,0,0
"POINT (9.775159126000061 52.427819683999999)",Unfall 15829 (2022) Kat:3, Licht: 0,15829,3,6,2,07,16,6,,0,0,1,0,0
"POINT (9.632249952000050 52.411129074000002)",Unfall 15834 (2022) Kat:3, Licht: 2,15834,3,2,5,06,22,3,,2,0,1,0,0
"POINT (9.730829333000029 52.370804147999998)",Unfall 15842 (2022) Kat:3, Licht: 0,15842,3,6,2,08,16,7,,0,0,1,0,1
"POINT (10.032066160999999 52.523602610000097)",Unfall 15850 (2022) Kat:3, Licht: 0,15850,3,6,2,07,11,7,,0,0,1,0,0
"POINT (9.503168597000069 52.480104924000003)",Unfall 15857 (2022) Kat:3, Licht: 2,15857,3,1,9,08,22,4,,2,0,1,0,0
"POINT (9.636255863000031 52.331671700000101)",Unfall 15859 (2022) Kat:2, Licht: 0,15859,2,3,5,06,12,1,,0,1,1,0,0
"POINT (9.506958605000021 52.289529465999998)",Unfall 15867 (2022) Kat:3, Licht: 0,15867,3,5,2,08,10,2,,0,0,1,0,0
"POINT (9.764323320000070 52.427089815000002)",Unfall 15888 (2022) Kat:3, Licht: 0,15888,3,6,3,07,14,4,,0,0,1,0,0
"POINT (9.800484780000030 52.352151521000103)",Unfall 15906 (2022) Kat:3, Licht: 0,15906,3,6,2,07,16,1,,0,0,1,0,0
"POINT (9.725151360000041 52.376983187000100)",Unfall 15913 (2022) Kat:3, Licht: 0,15913,3,2,0,06,08,4,,0,1,1,0,0
"POINT (9.635967697000069 52.331580928000101)",Unfall 15914 (2022) Kat:3, Licht: 0,15914,3,3,5,08,16,7,,0,0,1,0,0
"POINT (9.574605414000080 52.422867662000002)",Unfall 15920 (2022) Kat:3, Licht: 0,15920,3,6,2,06,09,5,,0,0,1,0,0
"POINT (9.793862227000030 52.394736318000099)",Unfall 15922 (2022) Kat:3, Licht: 0,15922,3,2,0,06,11,5,,0,0,1,0,1
"POINT (9.826381814000060 52.339830976000002)",Unfall 15930 (2022) Kat:3, Licht: 0,15930,3,1,8,08,15,3,,0,0,1,0,0
"POINT (9.828960098000040 52.306391957000102)",Unfall 15936 (2022) Kat:3, Licht: 2,15936,3,6,2,06,21,6,,2,0,1,0,0
"POINT (9.779811704000050 52.572660910000103)",Unfall 15972 (2022) Kat:3, Licht: 0,15972,3,6,2,06,15,5,,0,0,1,0,0
"POINT (9.479425632000069 52.295473051999998)",Unfall 16001 (2022) Kat:3, Licht: 0,16001,3,2,2,06,11,4,,0,0,1,0,0
"POINT (9.725229778000029 52.376938295000102)",Unfall 16002 (2022) Kat:3, Licht: 0,16002,3,3,5,07,10,3,,0,1,1,0,0
"POINT (9.845581549000030 52.495745765000002)",Unfall 16004 (2022) Kat:3, Licht: 0,16004,3,6,2,08,17,6,,0,0,1,0,0
"POINT (9.648731202000020 52.213239209000101)",Unfall 16021 (2022) Kat:3, Licht: 0,16021,3,6,4,07,16,4,,0,0,1,0,0
"POINT (9.976936850000071 52.372580659000100)",Unfall 16024 (2022) Kat:3, Licht: 0,16024,3,3,5,07,08,5,,0,0,1,0,0
"POINT (9.788637088000030 52.454474447000102)",Unfall 16042 (2022) Kat:3, Licht: 0,16042,3,7,0,08,15,6,,0,0,0,0,1
"POINT (9.825835209000051 52.425205096000099)",Unfall 16043 (2022) Kat:3, Licht: 0,16043,3,6,2,08,05,4,,0,0,1,0,0
"POINT (9.614637955000029 52.279574064000002)",Unfall 16046 (2022) Kat:3, Licht: 0,16046,3,4,6,06,13,4,,0,0,1,1,0
"POINT (9.809344567000039 52.332441645000102)",Unfall 16047 (2022) Kat:3, Licht: 0,16047,3,6,2,07,15,2,,0,0,1,0,0
"POINT (9.837276774000030 52.397007655000003)",Unfall 16058 (2022) Kat:3, Licht: 0,16058,3,3,5,07,12,1,,0,1,1,0,0
"POINT (9.709164225000050 52.420935939000103)",Unfall 16061 (2022) Kat:3, Licht: 0,16061,3,6,2,07,14,3,,0,0,1,0,1
"POINT (9.793152424000031 52.393667022999999)",Unfall 16068 (2022) Kat:3, Licht: 0,16068,3,2,3,08,19,6,,0,0,1,0,0
"POINT (9.792987242000040 52.212924575000002)",Unfall 16084 (2022) Kat:3, Licht: 0,16084,3,5,0,07,20,5,,0,1,1,0,0
"POINT (9.589425895000030 52.397004475000102)",Unfall 16100 (2022) Kat:2, Licht: 0,16100,2,2,5,07,09,4,,0,1,1,0,0
"POINT (9.725359794000040 52.376860160000000)",Unfall 16109 (2022) Kat:3, Licht: 0,16109,3,2,3,06,08,5,,0,1,0,0,0
"POINT (10.208951289000000 52.480061286000101)",Unfall 16119 (2022) Kat:3, Licht: 0,16119,3,2,3,08,13,3,,0,0,1,0,0
"POINT (9.444527544000040 52.474657819000100)",Unfall 16126 (2022) Kat:3, Licht: 0,16126,3,3,5,06,17,6,,0,1,1,0,0
"POINT (9.477046638000051 52.549128732000000)",Unfall 16127 (2022) Kat:3, Licht: 2,16127,3,1,8,05,03,6,,2,0,1,0,0
"POINT (10.099905718000100 52.477406528000103)",Unfall 16130 (2022) Kat:2, Licht: 0,16130,2,3,5,06,19,4,,0,1,1,0,0
"POINT (9.747444773000041 52.427462134000102)",Unfall 16132 (2022) Kat:3, Licht: 0,16132,3,7,9,07,16,7,,0,0,1,0,0
"POINT (10.069131069999999 52.450113371000000)",Unfall 16135 (2022) Kat:3, Licht: 0,16135,3,2,2,07,12,7,,0,0,1,0,0
"POINT (9.459930349000050 52.306964224000097)",Unfall 16142 (2022) Kat:3, Licht: 2,16142,3,3,5,08,21,6,,2,1,1,0,0
"POINT (10.028607329000099 52.343659885000100)",Unfall 16143 (2022) Kat:3, Licht: 0,16143,3,2,5,06,12,6,,0,0,1,0,0
"POINT (9.634088341000050 52.421923458999999)",Unfall 16148 (2022) Kat:3, Licht: 0,16148,3,6,2,06,07,4,,0,0,1,0,0
"POINT (9.624549327000070 52.450457605000103)",Unfall 16149 (2022) Kat:3, Licht: 0,16149,3,3,0,06,10,4,,0,1,1,0,0
"POINT (9.720108192000049 52.391863978000103)",Unfall 16154 (2022) Kat:3, Licht: 2,16154,3,7,0,05,00,1,,2,0,0,0,0
"POINT (9.771828817000030 52.427275978000097)",Unfall 16159 (2022) Kat:3, Licht: 0,16159,3,6,2,05,08,4,,0,0,1,0,0
"POINT (9.974920429000059 52.401621871000003)",Unfall 16166 (2022) Kat:3, Licht: 0,16166,3,3,5,06,15,3,,0,0,1,0,0
"POINT (9.783879860000070 52.321920136000102)",Unfall 16169 (2022) Kat:3, Licht: 0,16169,3,6,2,06,16,2,,0,0,1,0,0
"POINT (9.721227854000061 52.360905102000103)",Unfall 16181 (2022) Kat:3, Licht: 0,16181,3,6,2,07,16,2,,0,0,1,0,0
"POINT (9.846567478000050 52.274178967000097)",Unfall 16188 (2022) Kat:3, Licht: 0,16188,3,3,5,05,16,2,,0,1,1,0,0
"POINT (9.837822153000049 52.276138179999997)",Unfall 16193 (2022) Kat:3, Licht: 0,16193,3,6,6,08,15,6,,0,1,1,1,0
"POINT (9.911213642000060 52.357501497999998)",Unfall 16196 (2022) Kat:3, Licht: 0,16196,3,2,4,08,05,2,,0,0,1,0,0
"POINT (9.805025967000059 52.370398857000097)",Unfall 16202 (2022) Kat:3, Licht: 0,16202,3,3,5,06,07,6,,0,1,1,0,0
"POINT (9.495502000000039 52.419949834000100)",Unfall 16203 (2022) Kat:3, Licht: 0,16203,3,3,5,07,17,5,,0,0,1,0,0
"POINT (9.648335382000029 52.412726747000100)",Unfall 16207 (2022) Kat:3, Licht: 0,16207,3,3,5,05,12,7,,0,0,1,0,0
"POINT (9.757126562000050 52.319633629000101)",Unfall 16211 (2022) Kat:3, Licht: 0,16211,3,3,5,07,09,7,,0,0,1,0,0
"POINT (9.893915926000030 52.472150794000100)",Unfall 16212 (2022) Kat:3, Licht: 0,16212,3,3,5,07,09,5,,0,0,1,0,0
"POINT (9.611461792000060 52.434709124000101)",Unfall 16217 (2022) Kat:3, Licht: 0,16217,3,2,5,06,17,4,,0,1,1,0,0
"POINT (9.855657307000060 52.389280597000003)",Unfall 16219 (2022) Kat:3, Licht: 0,16219,3,7,0,07,10,6,,0,0,1,1,0
"POINT (9.726818203000050 52.366670499000101)",Unfall 16221 (2022) Kat:2, Licht: 0,16221,2,3,5,06,06,2,,0,0,1,0,0
"POINT (9.793177135000059 52.351257033000103)",Unfall 16222 (2022) Kat:3, Licht: 0,16222,3,1,0,07,07,6,,0,0,0,0,1
"POINT (9.332338589000070 52.531577837999997)",Unfall 16225 (2022) Kat:3, Licht: 0,16225,3,2,5,05,13,1,,0,0,1,0,0
"POINT (9.879597056000019 52.425506380000101)",Unfall 16228 (2022) Kat:3, Licht: 0,16228,3,6,2,07,17,2,,0,0,1,0,0
"POINT (9.727066911000071 52.439100665000097)",Unfall 16233 (2022) Kat:3, Licht: 0,16233,3,3,5,06,12,4,,0,1,1,0,0
"POINT (10.171727732000001 52.396355463000098)",Unfall 16244 (2022) Kat:3, Licht: 0,16244,3,7,8,06,12,2,,0,0,1,0,0
"POINT (9.457998434000050 52.330718450000099)",Unfall 16254 (2022) Kat:3, Licht: 0,16254,3,1,8,07,11,4,,0,0,1,0,0
"POINT (9.734529756000031 52.390955959000102)",Unfall 16256 (2022) Kat:3, Licht: 0,16256,3,6,6,06,09,7,,0,1,1,1,0
"POINT (9.669570427000050 52.214614600000097)",Unfall 16268 (2022) Kat:2, Licht: 0,16268,2,7,9,06,15,3,,0,0,1,0,0
"POINT (9.751046832000039 52.595224297000101)",Unfall 16280 (2022) Kat:3, Licht: 0,16280,3,6,2,08,10,1,,0,0,1,0,0
"POINT (9.691307936000040 52.332153765999998)",Unfall 16306 (2022) Kat:3, Licht: 0,16306,3,6,2,07,14,7,,0,0,1,0,0
"POINT (9.948953787000050 52.391472764000099)",Unfall 16316 (2022) Kat:3, Licht: 0,16316,3,6,3,07,16,5,,0,0,1,0,0
"POINT (9.827181287000030 52.354896402000101)",Unfall 16317 (2022) Kat:3, Licht: 0,16317,3,6,2,06,13,6,,0,0,1,0,0
"POINT (9.697658721000041 52.377112717999999)",Unfall 16328 (2022) Kat:3, Licht: 0,16328,3,6,2,05,16,2,,0,0,1,0,0
"POINT (9.857485429000061 52.507015029000101)",Unfall 16330 (2022) Kat:3, Licht: 0,16330,3,6,2,06,12,4,,0,1,1,0,0
"POINT (9.746498356000069 52.196001093000099)",Unfall 16331 (2022) Kat:3, Licht: 0,16331,3,6,2,07,15,2,,0,0,1,0,0
"POINT (9.855943391000039 52.388896580000100)",Unfall 16336 (2022) Kat:3, Licht: 0,16336,3,6,2,08,09,2,,0,0,1,0,0
"POINT (9.889192313000020 52.398109677000001)",Unfall 16340 (2022) Kat:1, Licht: 0,16340,1,6,2,06,19,4,,0,0,0,0,0
"POINT (9.626717911000069 52.273325731000099)",Unfall 16343 (2022) Kat:3, Licht: 0,16343,3,7,8,07,06,4,,0,0,1,0,0
"POINT (9.703354951000049 52.414042023000000)",Unfall 16351 (2022) Kat:3, Licht: 0,16351,3,6,2,05,17,4,,0,0,1,0,0
"POINT (9.589956104000070 52.438920279000101)",Unfall 16359 (2022) Kat:3, Licht: 2,16359,3,6,2,06,22,7,,2,0,1,0,0
"POINT (9.745784894000050 52.209259066000101)",Unfall 16365 (2022) Kat:3, Licht: 0,16365,3,1,8,06,13,7,,0,0,0,0,1
"POINT (9.749880878000059 52.369270636000103)",Unfall 16371 (2022) Kat:3, Licht: 0,16371,3,2,5,08,10,4,,0,1,0,0,0
"POINT (9.708805777000070 52.366043419999997)",Unfall 16381 (2022) Kat:3, Licht: 0,16381,3,2,5,07,12,1,,0,1,1,0,0
"POINT (9.407587500000030 52.534511475999999)",Unfall 16382 (2022) Kat:2, Licht: 1,16382,2,6,3,06,04,7,,1,0,1,0,0
"POINT (10.127611623000099 52.371050660000002)",Unfall 16390 (2022) Kat:3, Licht: 0,16390,3,3,5,07,06,4,,0,0,1,0,0
"POINT (9.679184296000070 52.433615517000099)",Unfall 16391 (2022) Kat:2, Licht: 0,16391,2,2,5,06,08,5,,0,0,1,0,0
"POINT (9.610495145000071 52.431590864999997)",Unfall 16393 (2022) Kat:3, Licht: 0,16393,3,6,3,08,11,6,,0,0,0,0,0
"POINT (10.123922913000101 52.372575924000003)",Unfall 16412 (2022) Kat:3, Licht: 0,16412,3,3,5,06,08,6,,0,0,1,0,0
"POINT (9.722380514000060 52.358847024000099)",Unfall 16414 (2022) Kat:3, Licht: 0,16414,3,6,2,07,19,3,,0,0,1,0,0
"POINT (9.742845583000079 52.368405949000099)",Unfall 16421 (2022) Kat:3, Licht: 2,16421,3,3,5,07,01,1,,2,0,1,0,0
"POINT (9.745285065000081 52.367279966000098)",Unfall 16425 (2022) Kat:3, Licht: 0,16425,3,3,5,06,07,5,,0,1,1,0,0
"POINT (9.816880481000060 52.363017296000102)",Unfall 16431 (2022) Kat:3, Licht: 0,16431,3,6,2,08,11,3,,0,0,1,0,1
"POINT (9.723631858000029 52.377612058000103)",Unfall 16440 (2022) Kat:3, Licht: 0,16440,3,6,3,06,09,4,,0,0,1,0,1
"POINT (9.611256317000031 52.392048793000100)",Unfall 16443 (2022) Kat:3, Licht: 0,16443,3,3,5,05,14,3,,0,1,1,0,0
"POINT (9.858428245000029 52.407288349000098)",Unfall 16449 (2022) Kat:3, Licht: 0,16449,3,1,9,08,08,6,,0,0,1,0,0
"POINT (9.853614742000049 52.560123819000097)",Unfall 16452 (2022) Kat:3, Licht: 0,16452,3,2,2,06,15,6,,0,0,1,0,0
"POINT (9.975668842000060 52.401879069000103)",Unfall 16465 (2022) Kat:3, Licht: 0,16465,3,5,1,07,11,5,,0,1,1,0,0
"POINT (9.352422573000069 52.442375628999997)",Unfall 16471 (2022) Kat:2, Licht: 0,16471,2,1,9,07,13,4,,0,0,1,0,0
"POINT (9.733531215000029 52.416619452000099)",Unfall 16480 (2022) Kat:3, Licht: 0,16480,3,3,5,07,14,1,,0,1,1,0,0
"POINT (9.913474448000040 52.512817171999998)",Unfall 16486 (2022) Kat:3, Licht: 0,16486,3,2,2,08,10,7,,0,0,1,0,1
"POINT (9.749319391000030 52.273357202000099)",Unfall 16496 (2022) Kat:3, Licht: 0,16496,3,3,5,06,18,6,,0,1,1,0,0
"POINT (9.735581314000060 52.403390451000099)",Unfall 16497 (2022) Kat:3, Licht: 0,16497,3,6,2,07,19,5,,0,0,1,0,0
"POINT (9.801766683000039 52.432025854000102)",Unfall 16518 (2022) Kat:3, Licht: 0,16518,3,2,5,05,14,2,,0,1,1,0,0
"POINT (9.575186720000030 52.279858845000000)",Unfall 16533 (2022) Kat:3, Licht: 0,16533,3,3,5,07,11,4,,0,1,1,0,0
"POINT (9.793466930000021 52.553676182000103)",Unfall 16536 (2022) Kat:3, Licht: 0,16536,3,6,2,08,14,2,,0,0,1,0,0
"POINT (9.522992128000061 52.328681201000101)",Unfall 16537 (2022) Kat:3, Licht: 0,16537,3,6,2,06,16,3,,0,0,1,0,0
"POINT (9.820340609000031 52.362456217999998)",Unfall 16544 (2022) Kat:3, Licht: 0,16544,3,7,7,07,10,4,,0,1,0,0,0
"POINT (9.697281318000019 52.380054791000099)",Unfall 16556 (2022) Kat:3, Licht: 0,16556,3,6,2,05,16,1,,0,0,1,0,0
"POINT (9.673694738000050 52.312762136000103)",Unfall 16561 (2022) Kat:3, Licht: 0,16561,3,2,2,08,15,4,,0,0,1,0,0
"POINT (9.746591074000040 52.365391608000003)",Unfall 16566 (2022) Kat:3, Licht: 0,16566,3,2,5,07,10,5,,0,0,1,0,0
"POINT (9.740204290000070 52.368253404000001)",Unfall 16572 (2022) Kat:3, Licht: 0,16572,3,3,5,06,15,5,,0,1,1,0,0
"POINT (9.699057698000050 52.375686485000102)",Unfall 16573 (2022) Kat:3, Licht: 2,16573,3,3,5,06,02,1,,2,0,1,0,0
"POINT (9.776797413000050 52.332912898000103)",Unfall 16588 (2022) Kat:3, Licht: 0,16588,3,6,2,06,09,2,,0,0,1,0,0
"POINT (9.762770986000019 52.344493624000101)",Unfall 16589 (2022) Kat:3, Licht: 0,16589,3,2,2,06,10,5,,0,0,1,0,0
"POINT (9.424405661000041 52.379924211999999)",Unfall 16590 (2022) Kat:3, Licht: 0,16590,3,1,9,06,12,6,,0,0,1,0,0
"POINT (9.677513942000081 52.369606675000099)",Unfall 16592 (2022) Kat:3, Licht: 0,16592,3,3,0,06,10,1,,0,1,0,0,0
"POINT (9.758145719000030 52.589037265999998)",Unfall 16595 (2022) Kat:3, Licht: 0,16595,3,6,2,07,11,2,,0,0,1,0,0
"POINT (9.823175752000051 52.339454140999997)",Unfall 16605 (2022) Kat:3, Licht: 0,16605,3,3,5,06,18,6,,0,1,1,0,0
"POINT (9.690536063000019 52.346794230999997)",Unfall 16614 (2022) Kat:3, Licht: 0,16614,3,6,2,07,19,7,,0,0,1,0,0
"POINT (9.667924789000040 52.343762873999999)",Unfall 16636 (2022) Kat:3, Licht: 0,16636,3,3,5,05,14,7,,0,1,1,0,0
"POINT (9.497486229000060 52.311415909000097)",Unfall 16641 (2022) Kat:3, Licht: 0,16641,3,1,9,07,15,5,,0,0,1,0,0
"POINT (9.692931910000031 52.374403141000101)",Unfall 16658 (2022) Kat:3, Licht: 0,16658,3,7,0,05,13,3,,0,1,0,0,0
"POINT (9.570984874000031 52.210053229000003)",Unfall 16662 (2022) Kat:3, Licht: 0,16662,3,6,3,06,09,4,,0,0,1,0,0
"POINT (9.723044003000039 52.459734976000000)",Unfall 16664 (2022) Kat:2, Licht: 0,16664,2,6,2,07,18,2,,0,0,1,0,0
"POINT (9.768800942000039 52.338181683000101)",Unfall 16669 (2022) Kat:3, Licht: 0,16669,3,2,5,07,18,7,,0,1,1,0,0
"POINT (9.690875968000061 52.384217546000102)",Unfall 16671 (2022) Kat:1, Licht: 0,16671,1,7,8,08,09,2,,0,0,1,0,0
"POINT (9.712920232000039 52.550116478000099)",Unfall 16672 (2022) Kat:3, Licht: 0,16672,3,6,4,06,16,2,,0,0,1,0,0
"POINT (9.684495940000030 52.347504678000099)",Unfall 16676 (2022) Kat:3, Licht: 0,16676,3,6,2,07,15,2,,0,0,1,0,0
"POINT (9.613785824000050 52.316381831999998)",Unfall 16681 (2022) Kat:3, Licht: 0,16681,3,2,5,06,07,6,,0,0,1,0,0
"POINT (9.677092093000059 52.301556341000001)",Unfall 16694 (2022) Kat:3, Licht: 0,16694,3,1,0,06,10,1,,0,1,0,0,0
"POINT (9.729944055000029 52.368617917000101)",Unfall 16701 (2022) Kat:3, Licht: 2,16701,3,1,0,07,03,7,,2,0,0,0,0
"POINT (9.584136095000080 52.416828674999998)",Unfall 16704 (2022) Kat:3, Licht: 0,16704,3,6,2,07,14,5,,0,0,1,0,0
"POINT (9.729054949000041 52.583089689000097)",Unfall 16705 (2022) Kat:3, Licht: 0,16705,3,2,2,06,07,4,,0,0,1,0,0
"POINT (9.762226111000070 52.370416054000003)",Unfall 16706 (2022) Kat:3, Licht: 0,16706,3,2,2,07,15,2,,0,0,1,0,0
"POINT (9.858782821000030 52.496447998000100)",Unfall 16709 (2022) Kat:3, Licht: 0,16709,3,6,4,06,11,6,,0,1,0,0,0
"POINT (9.680679234000021 52.359617456000102)",Unfall 16713 (2022) Kat:3, Licht: 0,16713,3,7,7,06,09,4,,0,1,0,0,0
"POINT (9.613576330000059 52.290431479000098)",Unfall 16724 (2022) Kat:2, Licht: 2,16724,2,7,9,07,03,1,,2,0,1,0,0
"POINT (10.017972895000099 52.383710485000101)",Unfall 16736 (2022) Kat:3, Licht: 0,16736,3,3,5,07,16,6,,0,0,1,0,0
"POINT (9.831943607000030 52.398999708000098)",Unfall 16737 (2022) Kat:3, Licht: 0,16737,3,7,0,06,20,2,,0,1,0,0,0
"POINT (9.355797890000080 52.445305093999998)",Unfall 16739 (2022) Kat:3, Licht: 0,16739,3,6,2,07,17,1,,0,0,1,0,0
"POINT (9.629549108000051 52.263125318999997)",Unfall 16748 (2022) Kat:3, Licht: 0,16748,3,3,5,07,13,1,,0,1,1,0,0
"POINT (9.716754149000050 52.436146104000002)",Unfall 16751 (2022) Kat:3, Licht: 0,16751,3,6,2,07,16,5,,0,0,1,0,0
"POINT (9.726811350000050 52.375694452000097)",Unfall 16756 (2022) Kat:3, Licht: 0,16756,3,2,1,08,15,1,,0,0,1,0,0
"POINT (9.551088310000070 52.340212530000002)",Unfall 16767 (2022) Kat:3, Licht: 0,16767,3,3,5,07,06,4,,0,1,0,0,0
"POINT (9.735204654000031 52.405792427000101)",Unfall 16768 (2022) Kat:3, Licht: 0,16768,3,3,5,06,13,4,,0,1,1,0,0
"POINT (9.448644949000030 52.439101580000099)",Unfall 16769 (2022) Kat:3, Licht: 0,16769,3,3,5,08,11,7,,0,0,1,0,0
"POINT (9.733239367000071 52.482189891000097)",Unfall 16775 (2022) Kat:3, Licht: 0,16775,3,3,5,06,08,5,,0,0,1,0,0
"POINT (9.734346389000050 52.438469498000103)",Unfall 16792 (2022) Kat:3, Licht: 0,16792,3,6,2,06,16,6,,0,0,1,0,0
"POINT (9.596132379000039 52.144601368000103)",Unfall 16802 (2022) Kat:3, Licht: 0,16802,3,1,8,07,16,1,,0,0,0,0,1
"POINT (10.006726944000000 52.385584263000098)",Unfall 16804 (2022) Kat:3, Licht: 0,16804,3,6,3,07,19,5,,0,0,1,0,0
"POINT (9.630501077000080 52.420920461999998)",Unfall 16810 (2022) Kat:3, Licht: 0,16810,3,6,3,08,17,5,,0,0,1,0,0
"POINT (9.452079503000050 52.388669215999997)",Unfall 16811 (2022) Kat:3, Licht: 0,16811,3,1,0,08,09,2,,0,0,0,0,1
"POINT (9.415769658000039 52.428629602000100)",Unfall 16819 (2022) Kat:3, Licht: 0,16819,3,2,0,07,12,6,,0,1,1,0,0
"POINT (9.554370060000050 52.401619177999997)",Unfall 16824 (2022) Kat:2, Licht: 1,16824,2,3,5,07,21,4,,1,0,1,0,0
"POINT (9.700026090000049 52.416224747999998)",Unfall 16826 (2022) Kat:3, Licht: 0,16826,3,3,5,07,10,7,,0,1,1,0,0
"POINT (9.645009318000060 52.431468426999999)",Unfall 16840 (2022) Kat:3, Licht: 0,16840,3,2,2,05,17,1,,0,0,1,0,1
"POINT (9.725244798000061 52.563584597999998)",Unfall 16844 (2022) Kat:2, Licht: 0,16844,2,3,5,05,15,3,,0,1,1,0,0
"POINT (9.665065205000079 52.339006974000000)",Unfall 16851 (2022) Kat:3, Licht: 0,16851,3,3,5,07,14,3,,0,1,1,0,0
"POINT (9.733996781000030 52.368885167000002)",Unfall 16865 (2022) Kat:3, Licht: 0,16865,3,2,5,07,18,3,,0,1,1,0,0
"POINT (9.731663430000030 52.431554597999998)",Unfall 16866 (2022) Kat:3, Licht: 0,16866,3,1,0,05,15,3,,0,1,0,0,0
"POINT (9.593311351000070 52.395847897000102)",Unfall 16867 (2022) Kat:2, Licht: 0,16867,2,4,6,07,16,6,,0,0,1,1,0
"POINT (9.726775731000030 52.544542190000101)",Unfall 16878 (2022) Kat:3, Licht: 1,16878,3,3,5,07,22,6,,1,1,1,0,0
"POINT (9.442264815000041 52.416794632000098)",Unfall 16883 (2022) Kat:3, Licht: 0,16883,3,2,5,06,14,3,,0,1,0,0,0
"POINT (9.571561753000029 52.325584789000096)",Unfall 16895 (2022) Kat:2, Licht: 0,16895,2,1,8,08,18,1,,0,0,1,0,0
"POINT (9.395481677000021 52.430355996000102)",Unfall 16914 (2022) Kat:3, Licht: 0,16914,3,7,0,06,08,2,,0,1,0,0,0
"POINT (9.859868923000020 52.385637025999998)",Unfall 16917 (2022) Kat:3, Licht: 0,16917,3,3,5,06,07,5,,0,0,1,0,1
"POINT (9.729395484000070 52.489851326000100)",Unfall 16921 (2022) Kat:3, Licht: 0,16921,3,6,3,07,15,2,,0,0,1,0,0
"POINT (9.785070635000070 52.385930931000097)",Unfall 16930 (2022) Kat:3, Licht: 0,16930,3,6,3,06,20,3,,0,0,1,0,0
"POINT (9.741340809000061 52.522994584000102)",Unfall 16931 (2022) Kat:3, Licht: 0,16931,3,6,6,06,07,6,,0,0,0,1,0
"POINT (9.726626736000069 52.570597548000102)",Unfall 16934 (2022) Kat:3, Licht: 0,16934,3,6,3,07,07,6,,0,1,0,0,0
"POINT (9.734251422000060 52.413750688999997)",Unfall 16944 (2022) Kat:3, Licht: 0,16944,3,3,5,07,12,3,,0,1,1,0,0
"POINT (9.521296427000040 52.415477766000002)",Unfall 16946 (2022) Kat:3, Licht: 0,16946,3,6,2,07,11,5,,0,0,1,0,0
"POINT (9.740230830000030 52.368256127999999)",Unfall 16947 (2022) Kat:3, Licht: 0,16947,3,3,5,07,08,1,,0,0,1,0,0
"POINT (9.456582667000021 52.485673734000002)",Unfall 16951 (2022) Kat:3, Licht: 0,16951,3,3,5,06,08,5,,0,0,1,0,0
"POINT (9.734757993000070 52.390237307000099)",Unfall 16954 (2022) Kat:3, Licht: 0,16954,3,6,2,06,14,7,,0,0,1,0,1
"POINT (9.870037003000050 52.359874812000001)",Unfall 16961 (2022) Kat:3, Licht: 2,16961,3,6,2,06,22,5,,2,0,1,0,0
"POINT (9.765886010000029 52.341477713000103)",Unfall 16968 (2022) Kat:3, Licht: 0,16968,3,6,2,07,13,2,,0,0,1,0,0
"POINT (10.090246326999999 52.453734892999996)",Unfall 16969 (2022) Kat:2, Licht: 0,16969,2,1,8,06,20,2,,0,0,1,0,0
"POINT (9.748767480000030 52.339400641000097)",Unfall 16975 (2022) Kat:3, Licht: 0,16975,3,6,2,07,15,7,,0,0,1,0,0
"POINT (9.609203868000071 52.442727611000102)",Unfall 16988 (2022) Kat:3, Licht: 0,16988,3,2,5,06,12,6,,0,1,1,0,0
"POINT (9.465554880000070 52.414899464000001)",Unfall 16989 (2022) Kat:3, Licht: 0,16989,3,6,2,05,12,6,,0,0,1,0,0
"POINT (9.838453853000029 52.498232219000002)",Unfall 16991 (2022) Kat:3, Licht: 0,16991,3,2,4,06,11,2,,0,0,1,0,0
"POINT (9.966521594000030 52.373375972000098)",Unfall 16994 (2022) Kat:3, Licht: 2,16994,3,6,3,07,03,7,,2,1,1,0,0
"POINT (9.718419132000070 52.393931410999997)",Unfall 17004 (2022) Kat:3, Licht: 0,17004,3,7,0,08,19,6,,0,0,0,1,0
"POINT (9.722503577000049 52.358458464000101)",Unfall 17013 (2022) Kat:3, Licht: 0,17013,3,6,2,06,15,6,,0,0,1,0,0
"POINT (9.971279315000061 52.369081666000099)",Unfall 17014 (2022) Kat:3, Licht: 0,17014,3,6,4,07,08,5,,0,0,1,0,0
"POINT (9.746261925000059 52.369079752000097)",Unfall 17017 (2022) Kat:3, Licht: 0,17017,3,3,5,08,17,4,,0,0,1,0,0
"POINT (9.709184669000020 52.408085643000000)",Unfall 17018 (2022) Kat:3, Licht: 0,17018,3,1,0,08,09,2,,0,1,0,0,0
"POINT (9.610533865000040 52.421998975000101)",Unfall 17020 (2022) Kat:3, Licht: 0,17020,3,7,3,06,08,3,,0,0,1,0,0
"POINT (9.686793968000069 52.392400748000099)",Unfall 17023 (2022) Kat:3, Licht: 0,17023,3,6,9,07,12,7,,0,0,1,0,0
"POINT (9.743306642000050 52.368208137000103)",Unfall 17024 (2022) Kat:3, Licht: 0,17024,3,2,5,07,15,5,,0,1,1,0,0
"POINT (9.706380045000060 52.365601099000102)",Unfall 17027 (2022) Kat:3, Licht: 2,17027,3,1,8,06,00,1,,2,0,1,0,1
"POINT (9.665264136000079 52.336498777000003)",Unfall 17032 (2022) Kat:3, Licht: 0,17032,3,3,5,06,10,5,,0,0,1,0,0
"POINT (9.934206332000031 52.368868142000103)",Unfall 17043 (2022) Kat:3, Licht: 0,17043,3,6,2,08,14,4,,0,0,1,0,0
"POINT (9.718303708000059 52.394157432999997)",Unfall 17061 (2022) Kat:3, Licht: 0,17061,3,6,2,07,14,3,,0,0,1,0,0
"POINT (9.740781816000039 52.247245587000101)",Unfall 17064 (2022) Kat:2, Licht: 0,17064,2,6,4,07,13,6,,0,0,1,0,0
"POINT (9.962913168000060 52.482493955000102)",Unfall 17069 (2022) Kat:3, Licht: 0,17069,3,7,8,08,09,6,,0,0,1,0,0
"POINT (9.638394714000070 52.396692788999999)",Unfall 17071 (2022) Kat:3, Licht: 0,17071,3,6,2,06,09,2,,0,0,1,0,0
"POINT (9.686589518000060 52.375014586000098)",Unfall 17072 (2022) Kat:3, Licht: 2,17072,3,7,0,06,00,6,,2,1,0,0,0
"POINT (9.537449373000070 52.402232460000100)",Unfall 17076 (2022) Kat:3, Licht: 2,17076,3,6,4,07,03,7,,2,0,1,0,0
"POINT (9.836258950000060 52.489962262000098)",Unfall 17082 (2022) Kat:3, Licht: 0,17082,3,2,5,08,07,5,,0,1,1,0,0
"POINT (9.715710450000071 52.397783822000100)",Unfall 17093 (2022) Kat:3, Licht: 2,17093,3,7,1,08,02,1,,2,0,1,0,0
"POINT (9.668969448000039 52.344958966000000)",Unfall 17104 (2022) Kat:3, Licht: 0,17104,3,2,5,07,11,3,,0,0,1,0,0
"POINT (9.797788259000070 52.539768676000101)",Unfall 17106 (2022) Kat:3, Licht: 0,17106,3,6,2,08,11,7,,0,0,1,0,0
"POINT (9.983172338000029 52.459444681000001)",Unfall 17111 (2022) Kat:3, Licht: 0,17111,3,6,2,07,15,2,,0,0,1,0,0
"POINT (9.737733227000041 52.368225914999996)",Unfall 17115 (2022) Kat:3, Licht: 0,17115,3,6,4,06,16,5,,0,1,0,0,0
"POINT (9.732395349000059 52.383504226000099)",Unfall 17121 (2022) Kat:3, Licht: 0,17121,3,6,2,08,08,3,,0,0,1,0,0
"POINT (9.734084560000040 52.415157259000097)",Unfall 17130 (2022) Kat:3, Licht: 0,17130,3,6,2,07,11,3,,0,0,1,0,0
"POINT (9.722308157000040 52.378456760000098)",Unfall 17137 (2022) Kat:3, Licht: 2,17137,3,6,3,07,23,7,,2,0,1,0,0
"POINT (9.784489136000049 52.358652862000000)",Unfall 17145 (2022) Kat:2, Licht: 0,17145,2,6,2,06,14,6,,0,0,0,0,1
"POINT (9.451960750000071 52.504881120000100)",Unfall 17162 (2022) Kat:3, Licht: 0,17162,3,4,6,07,16,4,,0,1,0,1,0
"POINT (9.629231879000031 52.421906286000102)",Unfall 17178 (2022) Kat:3, Licht: 0,17178,3,6,2,07,16,5,,0,0,1,0,1
"POINT (9.853886688000051 52.565387043000001)",Unfall 17179 (2022) Kat:3, Licht: 0,17179,3,1,0,06,15,6,,0,0,0,0,1
"POINT (9.760917365000070 52.273813148999999)",Unfall 17181 (2022) Kat:3, Licht: 0,17181,3,3,5,07,16,3,,0,1,1,0,0
"POINT (9.419406068000059 52.465463302000003)",Unfall 17183 (2022) Kat:2, Licht: 0,17183,2,3,5,06,15,4,,0,0,1,0,0
"POINT (9.837313614000040 52.396992668000102)",Unfall 17185 (2022) Kat:3, Licht: 0,17185,3,2,5,07,10,7,,0,1,1,0,0
"POINT (9.819301008000020 52.384751794000103)",Unfall 17190 (2022) Kat:3, Licht: 0,17190,3,7,9,05,12,2,,0,0,1,0,0
"POINT (9.608035051000060 52.289993604000102)",Unfall 17192 (2022) Kat:3, Licht: 0,17192,3,3,5,06,10,4,,0,0,1,0,0
"POINT (9.886422786000031 52.312304161999997)",Unfall 17193 (2022) Kat:2, Licht: 0,17193,2,7,9,07,17,3,,0,0,1,0,0
"POINT (9.701776665000070 52.276880101000103)",Unfall 17195 (2022) Kat:3, Licht: 0,17195,3,2,5,08,12,6,,0,0,1,0,0
"POINT (9.734880961000041 52.391369427000001)",Unfall 17211 (2022) Kat:3, Licht: 0,17211,3,4,6,07,20,2,,0,0,1,1,0
"POINT (9.697731006000030 52.377154513000100)",Unfall 17213 (2022) Kat:3, Licht: 0,17213,3,6,2,05,16,4,,0,0,1,0,0
"POINT (9.625245695000050 52.393937503000103)",Unfall 17220 (2022) Kat:3, Licht: 0,17220,3,5,2,06,18,3,,0,0,1,0,1
"POINT (9.727387094000051 52.574665513000099)",Unfall 17225 (2022) Kat:3, Licht: 0,17225,3,7,8,07,20,1,,0,0,0,0,0
"POINT (9.590900180000061 52.399324903000000)",Unfall 17227 (2022) Kat:3, Licht: 0,17227,3,6,8,05,13,1,,0,1,0,0,0
"POINT (9.740218549000080 52.368254867000097)",Unfall 17231 (2022) Kat:3, Licht: 0,17231,3,2,5,05,16,3,,0,1,1,0,0
"POINT (9.665577500000040 52.357681566000103)",Unfall 17233 (2022) Kat:3, Licht: 0,17233,3,3,5,08,13,4,,0,0,1,0,0
"POINT (9.484458327000031 52.303923655000098)",Unfall 17241 (2022) Kat:3, Licht: 0,17241,3,3,5,07,10,6,,0,0,1,0,0
"POINT (9.757896825000049 52.350166828000098)",Unfall 17256 (2022) Kat:3, Licht: 0,17256,3,5,1,06,19,7,,0,1,0,0,0
"POINT (9.420289353000040 52.448206644999999)",Unfall 17260 (2022) Kat:3, Licht: 0,17260,3,7,0,06,07,6,,0,0,0,0,1
"POINT (9.747114178000061 52.364524330000101)",Unfall 17267 (2022) Kat:3, Licht: 0,17267,3,2,5,07,17,4,,0,1,1,0,0
"POINT (9.723867243000029 52.555145485000097)",Unfall 17274 (2022) Kat:3, Licht: 0,17274,3,7,0,05,10,5,,0,1,0,0,0
"POINT (9.748446730000071 52.452713561000103)",Unfall 17286 (2022) Kat:3, Licht: 0,17286,3,7,0,06,18,3,,0,1,0,0,0
"POINT (9.823069016000030 52.285638972000100)",Unfall 17292 (2022) Kat:3, Licht: 0,17292,3,3,5,07,14,3,,0,1,1,0,0
"POINT (9.975395470000020 52.360121409000001)",Unfall 17310 (2022) Kat:3, Licht: 0,17310,3,6,2,06,16,3,,0,0,1,0,0
"POINT (9.735079998000060 52.407234852000002)",Unfall 17312 (2022) Kat:3, Licht: 0,17312,3,6,3,05,13,4,,0,0,1,0,0
"POINT (10.023297513999999 52.355040952000103)",Unfall 17328 (2022) Kat:3, Licht: 0,17328,3,2,2,06,18,4,,0,0,1,0,1
"POINT (9.591171604000071 52.396774288000103)",Unfall 17333 (2022) Kat:3, Licht: 0,17333,3,6,3,08,16,5,,0,1,1,0,0
"POINT (9.609250689000021 52.405877990000100)",Unfall 17337 (2022) Kat:3, Licht: 0,17337,3,2,5,06,18,4,,0,0,1,0,1
"POINT (9.580733675000030 52.418015712000098)",Unfall 17338 (2022) Kat:3, Licht: 0,17338,3,6,2,06,11,4,,0,0,1,0,0
"POINT (9.692987647000050 52.430233182999999)",Unfall 17354 (2022) Kat:3, Licht: 0,17354,3,6,2,06,17,5,,0,0,1,0,0
"POINT (10.127110239000000 52.363436971000098)",Unfall 17355 (2022) Kat:3, Licht: 0,17355,3,7,8,06,17,1,,0,0,0,0,0
"POINT (9.650195964000030 52.393418115000003)",Unfall 17359 (2022) Kat:3, Licht: 0,17359,3,6,4,07,05,6,,0,1,0,0,0
"POINT (9.738872523000049 52.609397403999999)",Unfall 17379 (2022) Kat:3, Licht: 0,17379,3,6,2,06,11,1,,0,0,1,0,0
"POINT (9.577284273000030 52.423261608000097)",Unfall 17381 (2022) Kat:3, Licht: 0,17381,3,1,9,06,06,7,,0,0,1,0,0
"POINT (9.606356116000031 52.313169861000098)",Unfall 17383 (2022) Kat:2, Licht: 0,17383,2,7,0,07,10,2,,0,1,0,0,0
"POINT (9.723536109000070 52.377901094999999)",Unfall 17388 (2022) Kat:3, Licht: 0,17388,3,3,5,07,10,4,,0,1,1,0,0
"POINT (9.743289999000069 52.368193609000102)",Unfall 17394 (2022) Kat:3, Licht: 0,17394,3,2,5,06,10,2,,0,1,1,0,0
"POINT (9.433141034000069 52.422159196000102)",Unfall 17395 (2022) Kat:3, Licht: 0,17395,3,3,5,06,19,5,,0,0,1,0,0
"POINT (9.736082055000050 52.400067585000002)",Unfall 17400 (2022) Kat:3, Licht: 0,17400,3,3,5,07,20,7,,0,1,1,0,0
"POINT (10.012332039000100 52.448273045000100)",Unfall 17407 (2022) Kat:3, Licht: 0,17407,3,1,0,06,10,7,,0,1,0,0,0
"POINT (9.963797406000030 52.316072747000099)",Unfall 17412 (2022) Kat:3, Licht: 0,17412,3,2,0,06,20,7,,0,1,0,0,1
"POINT (9.496794602000019 52.538274398000098)",Unfall 17418 (2022) Kat:3, Licht: 0,17418,3,3,5,08,15,4,,0,0,1,0,0
"POINT (9.928467690000049 52.346816791999998)",Unfall 17427 (2022) Kat:3, Licht: 0,17427,3,3,1,06,12,2,,0,0,1,0,0
"POINT (9.799410626000050 52.409539721999998)",Unfall 17438 (2022) Kat:3, Licht: 0,17438,3,2,5,06,07,5,,0,1,1,0,0
"POINT (9.750080829000069 52.369281613000098)",Unfall 17439 (2022) Kat:3, Licht: 0,17439,3,6,0,06,18,7,,0,1,0,0,0
"POINT (9.732111272000051 52.383372139000102)",Unfall 17443 (2022) Kat:3, Licht: 0,17443,3,2,3,06,12,6,,0,1,1,0,0
"POINT (10.032097093000100 52.523295621000003)",Unfall 17461 (2022) Kat:3, Licht: 0,17461,3,6,2,08,16,1,,0,0,1,0,0
"POINT (9.466290755000051 52.320829947999997)",Unfall 17467 (2022) Kat:3, Licht: 0,17467,3,7,8,07,15,1,,0,0,1,0,0
"POINT (9.724296611000060 52.377472501000099)",Unfall 17473 (2022) Kat:3, Licht: 0,17473,3,1,0,06,14,4,,0,1,0,0,0
"POINT (10.000553260000100 52.461943254000097)",Unfall 17477 (2022) Kat:3, Licht: 0,17477,3,7,4,08,06,3,,0,0,1,0,0
"POINT (9.558988096000061 52.400619505000101)",Unfall 17478 (2022) Kat:3, Licht: 0,17478,3,3,5,08,06,1,,0,0,1,0,0
"POINT (9.734255101000031 52.387041286000098)",Unfall 17483 (2022) Kat:3, Licht: 0,17483,3,6,2,06,20,5,,0,0,1,0,0
"POINT (9.696379806000040 52.420317356000098)",Unfall 17492 (2022) Kat:3, Licht: 0,17492,3,6,6,07,16,4,,0,1,0,1,0
"POINT (9.611460272000039 52.345861362000100)",Unfall 17498 (2022) Kat:3, Licht: 0,17498,3,7,8,06,15,1,,0,0,1,0,0
"POINT (9.713488033000029 52.346482274000003)",Unfall 17499 (2022) Kat:3, Licht: 0,17499,3,6,1,08,13,7,,0,0,1,0,0
"POINT (9.718322326000020 52.346047231999997)",Unfall 17507 (2022) Kat:3, Licht: 0,17507,3,6,2,07,13,7,,0,0,1,0,0
"POINT (9.869399953000030 52.360399754000099)",Unfall 17511 (2022) Kat:3, Licht: 0,17511,3,3,5,07,07,2,,0,0,1,0,0
"POINT (9.976936247000030 52.372592525000101)",Unfall 17516 (2022) Kat:3, Licht: 1,17516,3,3,5,08,20,2,,1,0,1,0,0
"POINT (9.630236580000030 52.263344099999998)",Unfall 17519 (2022) Kat:3, Licht: 0,17519,3,7,0,06,12,4,,0,0,0,0,1
"POINT (9.419553689000050 52.429282822000097)",Unfall 17525 (2022) Kat:3, Licht: 0,17525,3,2,5,08,11,2,,0,1,1,0,0
"POINT (9.800053751000060 52.406790143000102)",Unfall 17527 (2022) Kat:3, Licht: 0,17527,3,4,0,07,16,1,,0,0,0,1,0
"POINT (10.128128014000000 52.363255337000098)",Unfall 17528 (2022) Kat:3, Licht: 2,17528,3,7,8,06,01,1,,2,0,1,0,0
"POINT (9.743250830000020 52.368177480000000)",Unfall 17529 (2022) Kat:2, Licht: 0,17529,2,2,0,06,08,4,,0,1,1,0,0
"POINT (9.731585326000070 52.369548813000101)",Unfall 17532 (2022) Kat:3, Licht: 0,17532,3,6,2,07,05,6,,0,0,1,0,1
"POINT (9.794093807000021 52.552912155000101)",Unfall 17542 (2022) Kat:3, Licht: 0,17542,3,6,2,07,13,6,,0,0,1,0,0
"POINT (9.676964108000050 52.357068164000097)",Unfall 17543 (2022) Kat:3, Licht: 2,17543,3,2,5,07,21,1,,2,0,1,0,0
"POINT (9.707516142000030 52.410023692000003)",Unfall 17548 (2022) Kat:3, Licht: 0,17548,3,2,5,05,17,2,,0,1,0,0,0
"POINT (9.733685357000070 52.369145608000103)",Unfall 17549 (2022) Kat:3, Licht: 0,17549,3,6,2,08,14,5,,0,0,1,0,0
"POINT (9.728345256000070 52.292695676000100)",Unfall 17558 (2022) Kat:3, Licht: 0,17558,3,2,5,08,16,1,,0,0,1,0,0
"POINT (9.827218008000051 52.350950333000100)",Unfall 17559 (2022) Kat:3, Licht: 0,17559,3,3,5,06,12,5,,0,1,1,0,0
"POINT (9.490300671000060 52.316310516999998)",Unfall 17575 (2022) Kat:3, Licht: 0,17575,3,1,8,08,06,3,,0,0,1,0,0
"POINT (9.727250189000070 52.318391933999997)",Unfall 17581 (2022) Kat:3, Licht: 0,17581,3,1,8,06,05,1,,0,1,0,0,0
"POINT (9.722520343000040 52.362505212000002)",Unfall 17588 (2022) Kat:3, Licht: 0,17588,3,3,5,08,16,3,,0,1,0,0,0
"POINT (9.497108958000069 52.274448313999997)",Unfall 17595 (2022) Kat:3, Licht: 0,17595,3,1,8,06,15,6,,0,0,0,0,1
"POINT (9.628437219000030 52.295864141999999)",Unfall 17597 (2022) Kat:3, Licht: 0,17597,3,1,9,07,12,3,,0,0,0,0,1
"POINT (9.450751196000059 52.467358075000000)",Unfall 17598 (2022) Kat:3, Licht: 0,17598,3,1,0,06,14,2,,0,1,0,0,0
"POINT (9.775634244000059 52.269759432999997)",Unfall 17600 (2022) Kat:3, Licht: 2,17600,3,1,0,06,02,7,,2,0,0,0,1
"POINT (10.206502107000100 52.473578948000103)",Unfall 17605 (2022) Kat:3, Licht: 0,17605,3,2,4,07,18,1,,0,0,1,0,0
"POINT (9.723665768000050 52.379397375000103)",Unfall 17606 (2022) Kat:3, Licht: 0,17606,3,7,0,05,09,2,,0,0,1,0,0
"POINT (9.446115381000030 52.330194636999998)",Unfall 17613 (2022) Kat:1, Licht: 0,17613,1,1,1,08,19,5,,0,0,1,0,0
"POINT (9.750059261000050 52.369280429000099)",Unfall 17620 (2022) Kat:3, Licht: 0,17620,3,3,5,06,07,6,,0,1,1,0,0
"POINT (9.767077900000061 52.339753632000097)",Unfall 17621 (2022) Kat:3, Licht: 0,17621,3,5,3,07,18,5,,0,1,1,0,0
"POINT (9.696061074000060 52.380087734000000)",Unfall 17625 (2022) Kat:3, Licht: 0,17625,3,1,9,05,06,7,,0,0,1,0,0
"POINT (9.456937725000049 52.500274601999998)",Unfall 17635 (2022) Kat:3, Licht: 0,17635,3,2,5,06,13,4,,0,1,1,0,0
"POINT (9.904258799000051 52.273666435000102)",Unfall 17649 (2022) Kat:1, Licht: 2,17649,1,1,8,07,22,3,,2,0,1,0,0
"POINT (9.721094861000040 52.337746828000000)",Unfall 17663 (2022) Kat:3, Licht: 0,17663,3,6,3,08,17,6,,0,0,1,0,0
"POINT (9.872464067000070 52.310667375999998)",Unfall 17666 (2022) Kat:3, Licht: 0,17666,3,2,4,08,15,2,,0,0,1,0,0
"POINT (9.770174091000060 52.427028546000003)",Unfall 17671 (2022) Kat:3, Licht: 0,17671,3,6,3,06,08,5,,0,0,1,0,0
"POINT (9.833319790000081 52.338242618000002)",Unfall 17681 (2022) Kat:3, Licht: 0,17681,3,7,0,05,06,4,,0,1,0,0,0
"POINT (9.550691790000030 52.328046933000103)",Unfall 17696 (2022) Kat:3, Licht: 0,17696,3,5,1,05,14,1,,0,1,1,0,0
"POINT (9.910906216000059 52.436178360000000)",Unfall 17699 (2022) Kat:3, Licht: 0,17699,3,6,2,07,17,2,,0,0,1,0,0
"POINT (9.657927193000029 52.167049458000101)",Unfall 17700 (2022) Kat:3, Licht: 0,17700,3,3,5,05,12,3,,0,0,1,0,1
"POINT (10.018640254999999 52.519364804000098)",Unfall 17705 (2022) Kat:3, Licht: 0,17705,3,3,0,06,09,4,,0,1,1,0,0
"POINT (9.646897975000060 52.413553024000102)",Unfall 17726 (2022) Kat:3, Licht: 0,17726,3,6,2,08,16,6,,0,0,1,0,1
"POINT (9.798218690000059 52.412700100999999)",Unfall 17728 (2022) Kat:3, Licht: 0,17728,3,2,5,06,07,6,,0,1,1,0,0
"POINT (9.735245801000080 52.394478487000100)",Unfall 17737 (2022) Kat:2, Licht: 0,17737,2,4,6,05,18,2,,0,0,1,1,0
"POINT (9.829177421000050 52.416803781000098)",Unfall 17741 (2022) Kat:3, Licht: 0,17741,3,3,5,07,18,3,,0,0,1,0,0
"POINT (9.740860714000060 52.299962385000100)",Unfall 17743 (2022) Kat:3, Licht: 0,17743,3,7,0,07,10,5,,0,1,0,0,0
"POINT (9.645990315000059 52.408331884000098)",Unfall 17744 (2022) Kat:1, Licht: 2,17744,1,6,6,05,22,5,,2,0,1,1,0
"POINT (9.839463852000049 52.490419551000102)",Unfall 17748 (2022) Kat:3, Licht: 0,17748,3,6,2,08,18,1,,0,0,1,0,0
"POINT (9.734021774000039 52.387087659000002)",Unfall 17749 (2022) Kat:3, Licht: 0,17749,3,2,5,06,13,5,,0,1,1,0,0
"POINT (9.727407200000069 52.438995471000098)",Unfall 17763 (2022) Kat:3, Licht: 0,17763,3,2,5,06,11,7,,0,1,1,0,0
"POINT (9.719071474000030 52.353154200000098)",Unfall 17768 (2022) Kat:3, Licht: 0,17768,3,1,9,06,18,5,,0,0,1,0,0
"POINT (9.903827612000040 52.444848667000002)",Unfall 17778 (2022) Kat:3, Licht: 0,17778,3,3,5,08,15,3,,0,1,1,0,0
"POINT (9.514255651000040 52.576012210999998)",Unfall 17785 (2022) Kat:3, Licht: 0,17785,3,6,2,06,14,6,,0,0,0,0,1
"POINT (9.719622426000059 52.367756899000000)",Unfall 17786 (2022) Kat:3, Licht: 0,17786,3,6,2,05,14,6,,0,1,0,0,0
"POINT (9.709120994000051 52.614468380000098)",Unfall 17788 (2022) Kat:2, Licht: 2,17788,2,1,8,06,00,2,,2,0,1,0,0
"POINT (9.574057642000071 52.421679472999998)",Unfall 17789 (2022) Kat:3, Licht: 0,17789,3,3,5,06,11,4,,0,1,1,0,0
"POINT (9.923810221000050 52.383330428000100)",Unfall 17791 (2022) Kat:2, Licht: 0,17791,2,3,5,07,19,7,,0,1,1,0,0
"POINT (9.726890492000051 52.381051319999997)",Unfall 17792 (2022) Kat:3, Licht: 0,17792,3,6,2,06,17,5,,0,0,1,0,0
"POINT (9.663491061000061 52.323577229000101)",Unfall 17794 (2022) Kat:3, Licht: 0,17794,3,1,6,07,18,7,,0,1,0,1,0
"POINT (9.792239963000039 52.557599252999999)",Unfall 17798 (2022) Kat:3, Licht: 2,17798,3,7,9,06,22,4,,2,0,1,0,0
"POINT (9.734146546000030 52.387920303999998)",Unfall 17801 (2022) Kat:3, Licht: 0,17801,3,6,3,08,15,6,,0,0,0,0,1
"POINT (9.491863839000080 52.294250456000000)",Unfall 17802 (2022) Kat:3, Licht: 0,17802,3,5,1,06,08,6,,0,0,1,0,0
"POINT (9.697750983000050 52.376348116000003)",Unfall 17815 (2022) Kat:3, Licht: 0,17815,3,6,2,05,12,7,,0,0,1,0,0
"POINT (9.803714349000071 52.407546726000099)",Unfall 17818 (2022) Kat:3, Licht: 0,17818,3,3,5,05,07,4,,0,1,1,0,0
"POINT (9.729872162000049 52.371996223000103)",Unfall 17825 (2022) Kat:3, Licht: 0,17825,3,6,4,06,15,3,,0,1,0,0,0
"POINT (9.964225135000049 52.315956867000097)",Unfall 17827 (2022) Kat:3, Licht: 0,17827,3,3,5,07,12,6,,0,0,1,0,0
"POINT (10.066195912000101 52.394980595000000)",Unfall 17829 (2022) Kat:3, Licht: 0,17829,3,1,0,07,20,6,,0,1,0,0,0
"POINT (9.700176676000069 52.372266488000001)",Unfall 17833 (2022) Kat:3, Licht: 0,17833,3,6,2,07,18,4,,0,0,1,0,0
"POINT (9.717667114000051 52.395903353999998)",Unfall 17835 (2022) Kat:3, Licht: 0,17835,3,1,0,07,14,2,,0,0,0,0,1
"POINT (9.552980260000030 52.203239068000101)",Unfall 17838 (2022) Kat:2, Licht: 0,17838,2,1,8,08,05,4,,0,0,1,0,0
"POINT (9.614064746000050 52.392231639999999)",Unfall 17840 (2022) Kat:3, Licht: 0,17840,3,2,5,06,14,4,,0,0,1,0,0
"POINT (9.714755504000040 52.366586637000097)",Unfall 17842 (2022) Kat:2, Licht: 0,17842,2,2,3,07,10,3,,0,1,0,0,0
"POINT (9.429760754000030 52.426753365000103)",Unfall 17843 (2022) Kat:3, Licht: 0,17843,3,6,2,07,15,4,,0,0,1,0,0
"POINT (9.725000065000071 52.367644571000000)",Unfall 17856 (2022) Kat:3, Licht: 0,17856,3,5,1,05,20,3,,0,0,1,0,0
"POINT (9.936088600000060 52.443922584000099)",Unfall 17862 (2022) Kat:3, Licht: 0,17862,3,1,8,08,08,6,,0,0,1,0,0
"POINT (9.710059814000029 52.346727343000097)",Unfall 17869 (2022) Kat:3, Licht: 0,17869,3,6,2,07,09,7,,0,0,1,0,0
"POINT (9.792943595000050 52.217287747000100)",Unfall 17873 (2022) Kat:2, Licht: 0,17873,2,2,5,06,10,3,,0,1,1,0,0
"POINT (9.735665626000070 52.400832926000099)",Unfall 17887 (2022) Kat:3, Licht: 0,17887,3,6,2,08,13,3,,0,0,1,0,0
"POINT (9.662664577000040 52.341832796000098)",Unfall 17893 (2022) Kat:3, Licht: 0,17893,3,2,5,08,19,6,,0,1,1,0,0
"POINT (9.734199193000050 52.615139540000001)",Unfall 17901 (2022) Kat:3, Licht: 0,17901,3,6,2,08,15,2,,0,0,1,0,0
"POINT (9.859436669000051 52.491502926000102)",Unfall 17921 (2022) Kat:3, Licht: 0,17921,3,3,5,09,08,1,,0,1,1,0,0
"POINT (9.738294800000061 52.427362322000100)",Unfall 17924 (2022) Kat:3, Licht: 2,17924,3,6,9,09,05,5,,2,0,1,0,0
"POINT (9.734176744000020 52.438592552000003)",Unfall 17931 (2022) Kat:3, Licht: 0,17931,3,7,0,08,17,2,,0,0,0,1,0
"POINT (9.614803919000050 52.405645641000000)",Unfall 17933 (2022) Kat:3, Licht: 0,17933,3,4,6,08,12,4,,0,0,1,1,0
"POINT (9.593191740000069 52.287546503999998)",Unfall 17935 (2022) Kat:1, Licht: 0,17935,1,1,9,08,17,3,,0,0,0,0,1
"POINT (9.572384934000070 52.210550016000099)",Unfall 17938 (2022) Kat:3, Licht: 0,17938,3,1,9,08,16,2,,0,0,1,0,0
"POINT (9.799042095000059 52.311973910000098)",Unfall 17963 (2022) Kat:2, Licht: 0,17963,2,7,2,09,12,5,,0,0,1,0,0
"POINT (9.686687467000070 52.329728193000101)",Unfall 17965 (2022) Kat:3, Licht: 0,17965,3,7,8,09,10,2,,0,0,1,0,0
"POINT (9.716044750000041 52.447004547000098)",Unfall 17967 (2022) Kat:3, Licht: 0,17967,3,1,8,08,11,4,,0,0,1,0,0
"POINT (9.734321926000060 52.387546147000101)",Unfall 17968 (2022) Kat:3, Licht: 2,17968,3,7,0,09,01,4,,2,0,0,0,0
"POINT (9.607676028000069 52.432647158000101)",Unfall 17971 (2022) Kat:3, Licht: 2,17971,3,7,0,09,00,1,,2,1,0,0,0
"POINT (9.743182854000050 52.368483191999999)",Unfall 17972 (2022) Kat:3, Licht: 0,17972,3,4,6,08,09,3,,0,0,0,1,0
"POINT (9.606236039000070 52.433037232000103)",Unfall 17984 (2022) Kat:3, Licht: 0,17984,3,2,4,08,14,4,,0,1,1,0,0
"POINT (9.725035031000060 52.317925186000103)",Unfall 17986 (2022) Kat:3, Licht: 0,17986,3,1,0,08,11,3,,0,1,0,0,0
"POINT (9.829350977000050 52.360921494000102)",Unfall 17987 (2022) Kat:2, Licht: 0,17987,2,7,0,08,12,6,,0,1,0,0,0
"POINT (9.793367541000070 52.313530317000101)",Unfall 17998 (2022) Kat:3, Licht: 0,17998,3,7,0,09,16,3,,0,1,0,0,0
"POINT (9.731295001000030 52.382571958000000)",Unfall 18006 (2022) Kat:3, Licht: 0,18006,3,6,2,08,17,2,,0,0,1,0,0
"POINT (9.472072538000081 52.301596224000001)",Unfall 18010 (2022) Kat:2, Licht: 2,18010,2,1,1,08,00,1,,2,1,1,0,0
"POINT (9.836172768000040 52.489942220000003)",Unfall 18012 (2022) Kat:3, Licht: 0,18012,3,3,5,08,07,3,,0,0,1,0,0
"POINT (9.777747449000060 52.371416354000097)",Unfall 18023 (2022) Kat:3, Licht: 0,18023,3,2,5,09,10,5,,0,0,1,0,0
"POINT (9.735829085000031 52.401790318000103)",Unfall 18027 (2022) Kat:3, Licht: 0,18027,3,6,2,09,11,2,,0,0,1,0,0
"POINT (9.771781291000019 52.342960258000097)",Unfall 18031 (2022) Kat:3, Licht: 0,18031,3,6,2,09,18,5,,0,0,1,0,0
"POINT (9.735642083000069 52.402998017000101)",Unfall 18033 (2022) Kat:3, Licht: 0,18033,3,6,3,08,10,1,,0,0,1,0,1
"POINT (9.829692914000081 52.360958993000096)",Unfall 18034 (2022) Kat:3, Licht: 0,18034,3,7,1,09,15,2,,0,1,1,0,0
"POINT (9.668100178000030 52.343764407000002)",Unfall 18037 (2022) Kat:3, Licht: 0,18037,3,3,5,09,06,4,,0,0,0,0,0
"POINT (9.859669433000020 52.457942949000000)",Unfall 18054 (2022) Kat:3, Licht: 0,18054,3,6,3,08,10,2,,0,0,1,0,0
"POINT (9.816807798000070 52.285389490999997)",Unfall 18056 (2022) Kat:3, Licht: 0,18056,3,6,2,08,17,6,,0,0,1,0,0
"POINT (9.756731116000029 52.334279613000000)",Unfall 18060 (2022) Kat:2, Licht: 0,18060,2,6,6,09,18,5,,0,1,0,1,0
"POINT (9.743385271000021 52.603911494999998)",Unfall 18062 (2022) Kat:3, Licht: 0,18062,3,6,2,08,11,1,,0,0,1,0,0
"POINT (9.668782613000079 52.397354823000100)",Unfall 18078 (2022) Kat:3, Licht: 0,18078,3,6,2,08,13,6,,0,0,1,0,0
"POINT (9.719806167000060 52.337109302999998)",Unfall 18089 (2022) Kat:2, Licht: 2,18089,2,6,9,08,22,3,,2,0,1,0,1
"POINT (9.792985298000080 52.393719331000099)",Unfall 18091 (2022) Kat:3, Licht: 0,18091,3,2,3,08,14,7,,0,0,1,0,0
"POINT (9.903163277000029 52.493391762000002)",Unfall 18094 (2022) Kat:1, Licht: 0,18094,1,1,8,09,16,2,,0,0,1,0,0
"POINT (9.646106773000040 52.405472817000003)",Unfall 18097 (2022) Kat:3, Licht: 0,18097,3,6,2,09,14,5,,0,0,1,0,0
"POINT (9.827184436000040 52.347486566000001)",Unfall 18117 (2022) Kat:3, Licht: 0,18117,3,6,4,08,11,4,,0,1,0,0,0
"POINT (9.841396988000040 52.487152207000101)",Unfall 18121 (2022) Kat:3, Licht: 0,18121,3,6,2,08,11,5,,0,0,1,0,0
"POINT (9.734294989000031 52.411058380999997)",Unfall 18123 (2022) Kat:3, Licht: 0,18123,3,3,5,09,15,5,,0,1,1,0,0
"POINT (9.647284142000050 52.423937526000003)",Unfall 18124 (2022) Kat:3, Licht: 0,18124,3,1,0,08,17,1,,0,0,0,0,1
"POINT (9.824779809000059 52.308076732000103)",Unfall 18126 (2022) Kat:3, Licht: 0,18126,3,6,2,08,08,3,,0,0,1,0,0
"POINT (9.813909516000020 52.365040539000098)",Unfall 18148 (2022) Kat:3, Licht: 0,18148,3,5,0,08,17,2,,0,1,0,0,0
"POINT (9.856034907000041 52.358812903999997)",Unfall 18150 (2022) Kat:3, Licht: 1,18150,3,5,1,09,19,7,,1,1,1,0,0
"POINT (9.730976482000070 52.382497935000103)",Unfall 18152 (2022) Kat:3, Licht: 0,18152,3,6,0,09,16,2,,0,1,0,0,0
"POINT (9.798998730000051 52.411033412000101)",Unfall 18156 (2022) Kat:3, Licht: 0,18156,3,5,1,08,13,3,,0,0,1,0,0
"POINT (9.735151061000071 52.438345402000003)",Unfall 18157 (2022) Kat:3, Licht: 0,18157,3,3,5,08,13,7,,0,1,1,0,0
"POINT (9.841974723000019 52.416187876000002)",Unfall 18158 (2022) Kat:3, Licht: 0,18158,3,3,5,08,18,5,,0,0,1,0,0
"POINT (9.733400448000051 52.437376893000099)",Unfall 18159 (2022) Kat:3, Licht: 1,18159,3,4,6,08,20,2,,1,0,1,1,0
"POINT (9.626704372000059 52.423495572000000)",Unfall 18164 (2022) Kat:3, Licht: 0,18164,3,6,2,09,13,5,,0,0,1,0,0
"POINT (10.077862247000001 52.366818963000100)",Unfall 18166 (2022) Kat:3, Licht: 2,18166,3,6,8,08,21,1,,2,0,1,0,0
"POINT (9.722503356000059 52.378615787000101)",Unfall 18169 (2022) Kat:3, Licht: 0,18169,3,2,5,08,10,4,,0,1,0,0,0
"POINT (9.974053156000020 52.403936655999999)",Unfall 18171 (2022) Kat:3, Licht: 0,18171,3,7,9,08,12,6,,0,0,1,0,0
"POINT (9.837129395000030 52.276910354000101)",Unfall 18178 (2022) Kat:3, Licht: 0,18178,3,7,0,09,11,6,,0,1,0,0,0
"POINT (9.751768775000070 52.594518691000097)",Unfall 18189 (2022) Kat:3, Licht: 0,18189,3,6,2,08,15,5,,0,0,1,0,0
"POINT (10.105454487999999 52.389624634000000)",Unfall 18196 (2022) Kat:2, Licht: 0,18196,2,2,4,08,19,4,,0,0,1,0,0
"POINT (9.643789961000040 52.434713966000103)",Unfall 18202 (2022) Kat:3, Licht: 0,18202,3,2,5,08,07,4,,0,0,1,0,1
"POINT (9.761525909000060 52.370488358000003)",Unfall 18204 (2022) Kat:3, Licht: 0,18204,3,6,2,08,14,3,,0,0,1,0,0
"POINT (10.171053827000000 52.397289974000003)",Unfall 18210 (2022) Kat:2, Licht: 0,18210,2,1,8,09,15,5,,0,0,0,0,1
"POINT (9.746081371000059 52.369072866000103)",Unfall 18216 (2022) Kat:3, Licht: 0,18216,3,6,2,09,09,3,,0,0,1,0,0
"POINT (9.748169106000031 52.598235771000098)",Unfall 18244 (2022) Kat:3, Licht: 0,18244,3,6,2,09,15,6,,0,0,1,0,0
"POINT (9.951728553000070 52.319385308000101)",Unfall 18245 (2022) Kat:3, Licht: 2,18245,3,7,0,08,01,1,,2,1,0,0,0
"POINT (10.034414272999999 52.378594731000099)",Unfall 18250 (2022) Kat:3, Licht: 0,18250,3,6,3,09,11,7,,0,0,1,0,0
"POINT (9.723468691000051 52.377699315000001)",Unfall 18264 (2022) Kat:3, Licht: 0,18264,3,6,2,09,14,2,,0,0,1,0,0
"POINT (9.762839790000040 52.344417382000103)",Unfall 18265 (2022) Kat:3, Licht: 0,18265,3,3,5,08,06,4,,0,1,1,0,0
"POINT (9.761324425000049 52.370475188999997)",Unfall 18267 (2022) Kat:3, Licht: 0,18267,3,7,5,09,17,5,,0,1,1,0,0
"POINT (9.662446295000050 52.357162447000100)",Unfall 18271 (2022) Kat:3, Licht: 0,18271,3,3,5,08,08,4,,0,0,1,0,1
"POINT (9.972640318000060 52.382485504000002)",Unfall 18273 (2022) Kat:2, Licht: 0,18273,2,3,5,08,16,3,,0,0,1,0,0
"POINT (9.603581090000031 52.460500476999997)",Unfall 18279 (2022) Kat:3, Licht: 0,18279,3,2,4,09,13,5,,0,1,1,0,0
"POINT (9.486912593000060 52.305849436000102)",Unfall 18281 (2022) Kat:2, Licht: 0,18281,2,1,9,08,15,1,,0,0,1,0,0
"POINT (9.801126201000050 52.370747942000001)",Unfall 18282 (2022) Kat:3, Licht: 1,18282,3,7,8,09,17,1,,1,0,1,0,0
"POINT (9.582530634000021 52.397125535000001)",Unfall 18295 (2022) Kat:3, Licht: 0,18295,3,7,6,09,16,6,,0,0,0,1,0
"POINT (9.499767662000069 52.571381539000100)",Unfall 18300 (2022) Kat:3, Licht: 0,18300,3,6,2,08,15,4,,0,0,1,0,0
"POINT (9.798254578000069 52.431147938999999)",Unfall 18302 (2022) Kat:3, Licht: 2,18302,3,6,3,09,23,7,,2,0,1,0,0
"POINT (9.491644594000039 52.416048975000102)",Unfall 18311 (2022) Kat:3, Licht: 0,18311,3,6,4,08,09,5,,0,0,1,0,0
"POINT (9.456597541000059 52.494091771999997)",Unfall 18313 (2022) Kat:3, Licht: 0,18313,3,3,5,09,13,2,,0,1,1,0,0
"POINT (9.556208430000030 52.421601990000099)",Unfall 18315 (2022) Kat:3, Licht: 0,18315,3,6,2,09,14,6,,0,0,1,0,0
"POINT (9.800331161000029 52.406145559000002)",Unfall 18326 (2022) Kat:2, Licht: 0,18326,2,3,5,08,07,3,,0,0,1,0,0
"POINT (9.575826452000060 52.431952861000099)",Unfall 18337 (2022) Kat:3, Licht: 2,18337,3,7,0,08,21,7,,2,1,0,0,0
"POINT (9.803368555000080 52.274898518999997)",Unfall 18339 (2022) Kat:3, Licht: 0,18339,3,6,2,09,18,4,,0,1,0,0,0
"POINT (9.712483084000040 52.314572982000101)",Unfall 18345 (2022) Kat:2, Licht: 0,18345,2,1,0,09,15,5,,0,1,0,0,0
"POINT (9.726782768000019 52.375721163999998)",Unfall 18359 (2022) Kat:3, Licht: 0,18359,3,2,5,08,13,2,,0,1,1,0,0
"POINT (9.456927950000020 52.487492519000099)",Unfall 18369 (2022) Kat:3, Licht: 0,18369,3,6,4,09,17,7,,0,1,0,0,0
"POINT (9.448387903000031 52.436861982000003)",Unfall 18377 (2022) Kat:3, Licht: 2,18377,3,1,8,08,22,5,,2,0,0,0,1
"POINT (9.755958581000071 52.352783056000099)",Unfall 18381 (2022) Kat:3, Licht: 0,18381,3,6,2,09,14,6,,0,0,1,0,0
"POINT (9.751362457000029 52.369475454000103)",Unfall 18382 (2022) Kat:3, Licht: 0,18382,3,6,0,09,16,5,,0,1,0,1,0
"POINT (9.483101559000030 52.419066753000003)",Unfall 18389 (2022) Kat:3, Licht: 1,18389,3,6,3,08,20,6,,1,0,1,0,0
"POINT (10.031198307000100 52.427783630000100)",Unfall 18390 (2022) Kat:3, Licht: 0,18390,3,2,0,08,07,4,,0,0,1,0,0
"POINT (9.763278377000059 52.585033394000000)",Unfall 18406 (2022) Kat:3, Licht: 0,18406,3,6,3,09,09,3,,0,0,1,0,0
"POINT (9.891889101000061 52.429420518000001)",Unfall 18423 (2022) Kat:2, Licht: 0,18423,2,1,8,08,20,2,,0,0,1,0,0
"POINT (9.760956843000031 52.346941399000102)",Unfall 18424 (2022) Kat:3, Licht: 0,18424,3,3,5,08,12,6,,0,1,0,0,0
"POINT (9.836764933000040 52.490079925000003)",Unfall 18435 (2022) Kat:3, Licht: 0,18435,3,1,9,09,10,2,,0,1,0,0,0
"POINT (9.546464427000050 52.340309662999999)",Unfall 18437 (2022) Kat:3, Licht: 0,18437,3,6,2,08,06,5,,0,0,1,0,0
"POINT (9.724919993000070 52.380175868999999)",Unfall 18470 (2022) Kat:3, Licht: 0,18470,3,7,0,08,18,2,,0,0,0,0,0
"POINT (9.396100893000041 52.422205179999999)",Unfall 18488 (2022) Kat:3, Licht: 0,18488,3,7,8,08,07,3,,0,0,1,0,0
"POINT (9.714560088000040 52.362108128000003)",Unfall 18495 (2022) Kat:3, Licht: 0,18495,3,2,3,09,09,5,,0,0,1,0,0
"POINT (10.141731641000000 52.378697037000101)",Unfall 18498 (2022) Kat:3, Licht: 0,18498,3,1,8,08,13,3,,0,0,1,0,0
"POINT (9.611269989000050 52.299199797000000)",Unfall 18509 (2022) Kat:3, Licht: 0,18509,3,6,4,08,19,3,,0,1,0,0,0
"POINT (9.697766462000059 52.377121014000103)",Unfall 18515 (2022) Kat:3, Licht: 0,18515,3,6,2,09,10,6,,0,0,1,0,0
"POINT (9.644111376000071 52.423171593000099)",Unfall 18516 (2022) Kat:3, Licht: 0,18516,3,6,2,09,13,5,,0,0,1,0,0
"POINT (9.792041134000041 52.555767711999998)",Unfall 18519 (2022) Kat:3, Licht: 0,18519,3,6,2,09,18,1,,0,0,1,0,0
"POINT (9.666781964000050 52.239315535000102)",Unfall 18524 (2022) Kat:3, Licht: 0,18524,3,2,5,08,12,4,,0,0,1,0,0
"POINT (9.575340123000050 52.418966484000102)",Unfall 18526 (2022) Kat:3, Licht: 1,18526,3,7,0,08,07,3,,1,1,0,0,0
"POINT (9.456099400000030 52.375406097999999)",Unfall 18534 (2022) Kat:2, Licht: 0,18534,2,1,8,08,07,3,,0,0,1,0,0
"POINT (9.702282186000049 52.430305515999997)",Unfall 18539 (2022) Kat:3, Licht: 0,18539,3,6,2,09,09,7,,0,0,1,0,0
"POINT (9.839344063000061 52.422473350000097)",Unfall 18563 (2022) Kat:3, Licht: 0,18563,3,2,5,09,18,5,,0,1,1,0,0
"POINT (9.758117884000059 52.427228395000000)",Unfall 18574 (2022) Kat:3, Licht: 0,18574,3,6,2,08,15,2,,0,0,0,0,0
"POINT (9.744643797000039 52.209189745000103)",Unfall 18575 (2022) Kat:3, Licht: 2,18575,3,1,8,08,21,6,,2,0,1,0,0
"POINT (9.588378962000039 52.397094111000101)",Unfall 18583 (2022) Kat:3, Licht: 0,18583,3,7,1,08,15,1,,0,0,1,0,0
"POINT (9.721178399000051 52.337805907000103)",Unfall 18591 (2022) Kat:3, Licht: 2,18591,3,2,3,08,22,3,,2,0,1,0,1
"POINT (9.715630966000051 52.346328331999999)",Unfall 18626 (2022) Kat:3, Licht: 0,18626,3,6,2,08,15,6,,0,0,1,0,0
"POINT (9.730179866000070 52.368943690000002)",Unfall 18632 (2022) Kat:3, Licht: 0,18632,3,3,5,09,16,6,,0,1,1,0,0
"POINT (9.970105261000070 52.368331052000002)",Unfall 18643 (2022) Kat:3, Licht: 0,18643,3,3,5,08,09,2,,0,1,1,0,0
"POINT (9.735308236000041 52.394793544000002)",Unfall 18645 (2022) Kat:3, Licht: 0,18645,3,2,3,09,16,4,,0,1,1,0,0
"POINT (9.722459111000029 52.378487544000102)",Unfall 18648 (2022) Kat:3, Licht: 0,18648,3,2,5,08,17,6,,0,0,1,0,0
"POINT (9.742624141000020 52.368330174000100)",Unfall 18664 (2022) Kat:3, Licht: 0,18664,3,3,5,09,18,6,,0,1,0,0,1
"POINT (9.443826418000070 52.367630611000003)",Unfall 18667 (2022) Kat:3, Licht: 0,18667,3,6,2,08,13,6,,0,0,1,0,0
"POINT (9.855513540000061 52.306619400999999)",Unfall 18672 (2022) Kat:3, Licht: 0,18672,3,2,2,09,08,7,,0,0,1,0,0
"POINT (10.165247294000000 52.437805205000103)",Unfall 18678 (2022) Kat:3, Licht: 0,18678,3,1,8,08,14,3,,0,0,1,0,0
"POINT (9.768217956000059 52.338731977000101)",Unfall 18682 (2022) Kat:3, Licht: 0,18682,3,7,8,08,09,2,,0,1,0,0,0
"POINT (9.424409724000039 52.429429416000097)",Unfall 18683 (2022) Kat:3, Licht: 0,18683,3,2,5,09,17,2,,0,1,1,0,0
"POINT (9.676143572000059 52.581165811000098)",Unfall 18689 (2022) Kat:2, Licht: 0,18689,2,1,9,09,17,2,,0,0,1,0,0
"POINT (9.514176173000070 52.411928461000102)",Unfall 18690 (2022) Kat:3, Licht: 0,18690,3,6,2,08,11,7,,0,0,1,0,0
"POINT (9.687365669000030 52.378624776999999)",Unfall 18722 (2022) Kat:3, Licht: 0,18722,3,6,4,09,15,2,,0,1,0,0,0
"POINT (9.721498175000020 52.362004292999998)",Unfall 18724 (2022) Kat:3, Licht: 0,18724,3,3,5,08,16,4,,0,1,0,0,0
"POINT (9.738610384000030 52.609354883000002)",Unfall 18725 (2022) Kat:2, Licht: 0,18725,2,6,2,09,13,4,,0,0,1,0,1
"POINT (9.813592204000029 52.317357627000000)",Unfall 18726 (2022) Kat:3, Licht: 0,18726,3,6,3,08,12,3,,0,0,1,0,0
"POINT (9.694821817000051 52.419496657000103)",Unfall 18728 (2022) Kat:3, Licht: 0,18728,3,3,5,08,16,5,,0,1,1,0,0
"POINT (9.734236222000050 52.388478973000097)",Unfall 18736 (2022) Kat:3, Licht: 0,18736,3,6,2,08,11,7,,0,0,1,0,0
"POINT (9.761949958000059 52.345433500000098)",Unfall 18747 (2022) Kat:3, Licht: 0,18747,3,7,5,08,19,7,,0,0,1,0,0
"POINT (9.938904868000069 52.335570280000098)",Unfall 18752 (2022) Kat:3, Licht: 0,18752,3,6,2,09,15,6,,0,0,1,0,0
"POINT (9.708698898000019 52.428545053999997)",Unfall 18758 (2022) Kat:3, Licht: 1,18758,3,7,0,08,19,4,,1,1,0,0,0
"POINT (9.727558927000080 52.508498885999998)",Unfall 18759 (2022) Kat:3, Licht: 0,18759,3,6,2,09,15,3,,0,0,1,0,0
"POINT (9.457175583000041 52.502777501000097)",Unfall 18761 (2022) Kat:3, Licht: 0,18761,3,6,2,08,13,4,,0,0,1,0,0
"POINT (10.005747005000000 52.385987151000101)",Unfall 18777 (2022) Kat:3, Licht: 0,18777,3,6,2,08,17,2,,0,0,1,0,0
"POINT (9.774389579000060 52.371244855000000)",Unfall 18783 (2022) Kat:3, Licht: 0,18783,3,7,3,08,13,3,,0,0,1,0,0
"POINT (9.717298804000050 52.396241531999998)",Unfall 18791 (2022) Kat:3, Licht: 0,18791,3,6,2,08,08,4,,0,0,1,0,0
"POINT (9.639711130000020 52.396799344999998)",Unfall 18795 (2022) Kat:2, Licht: 0,18795,2,7,6,08,12,5,,0,0,1,1,0
"POINT (9.801068027000040 52.429376910000002)",Unfall 18799 (2022) Kat:3, Licht: 0,18799,3,3,5,09,09,5,,0,1,1,0,0
"POINT (9.546035267000040 52.421302187000002)",Unfall 18806 (2022) Kat:3, Licht: 2,18806,3,6,2,08,23,2,,2,0,1,0,0
"POINT (9.591741117000030 52.211147423000099)",Unfall 18816 (2022) Kat:3, Licht: 0,18816,3,3,5,08,13,1,,0,0,1,0,0
"POINT (9.710520128000040 52.431840529000098)",Unfall 18817 (2022) Kat:3, Licht: 0,18817,3,6,2,08,17,6,,0,0,1,0,0
"POINT (9.783421590000049 52.243933540000100)",Unfall 18838 (2022) Kat:3, Licht: 2,18838,3,7,0,08,20,1,,2,0,1,0,0
"POINT (9.629811747000080 52.484796549000102)",Unfall 18847 (2022) Kat:3, Licht: 1,18847,3,1,9,08,20,2,,1,0,1,0,0
"POINT (9.713415170000079 52.361929455000102)",Unfall 18856 (2022) Kat:3, Licht: 0,18856,3,6,2,08,09,4,,0,0,1,0,0
"POINT (9.426682115000061 52.504065008000097)",Unfall 18860 (2022) Kat:3, Licht: 0,18860,3,6,4,09,15,2,,0,1,0,0,0
"POINT (9.745043977000019 52.209242688000103)",Unfall 18861 (2022) Kat:3, Licht: 0,18861,3,6,2,08,11,7,,0,0,1,0,0
"POINT (9.756146052000080 52.352891762000098)",Unfall 18866 (2022) Kat:3, Licht: 2,18866,3,3,5,08,22,5,,2,0,1,0,0
"POINT (9.536594497000070 52.485108071000099)",Unfall 18867 (2022) Kat:3, Licht: 0,18867,3,6,0,09,14,1,,0,1,1,0,0
"POINT (9.672072711000061 52.250996614000002)",Unfall 18870 (2022) Kat:3, Licht: 0,18870,3,6,4,09,16,5,,0,1,0,0,0
"POINT (9.628059751000020 52.408732297000000)",Unfall 18875 (2022) Kat:3, Licht: 0,18875,3,3,5,09,11,3,,0,1,1,0,0
"POINT (9.793309564000030 52.393672152000100)",Unfall 18883 (2022) Kat:3, Licht: 0,18883,3,2,5,08,11,2,,0,0,1,0,0
"POINT (9.528661990000050 52.418492950000001)",Unfall 18889 (2022) Kat:3, Licht: 0,18889,3,6,3,08,06,3,,0,0,1,0,0
"POINT (9.677522311000081 52.305958042999997)",Unfall 18891 (2022) Kat:3, Licht: 0,18891,3,2,5,08,16,4,,0,1,1,0,0
"POINT (9.855502203000070 52.534878736000103)",Unfall 18893 (2022) Kat:2, Licht: 0,18893,2,1,0,09,14,7,,0,1,0,0,0
"POINT (9.732947304000049 52.421033532000102)",Unfall 18904 (2022) Kat:3, Licht: 0,18904,3,6,2,09,11,2,,0,0,1,0,0
"POINT (9.941535865000050 52.413310912999997)",Unfall 18907 (2022) Kat:3, Licht: 0,18907,3,5,1,09,16,5,,0,0,1,0,0
"POINT (9.735150814000059 52.406322144999997)",Unfall 18914 (2022) Kat:3, Licht: 0,18914,3,3,5,08,14,6,,0,1,1,0,0
"POINT (9.778821882000051 52.195371194000103)",Unfall 18920 (2022) Kat:2, Licht: 0,18920,2,7,0,09,18,6,,0,1,0,0,0
"POINT (9.387814671000060 52.457672493000103)",Unfall 18927 (2022) Kat:3, Licht: 0,18927,3,2,5,09,11,4,,0,0,1,0,0
"POINT (9.665654222000059 52.339067085000103)",Unfall 18930 (2022) Kat:3, Licht: 1,18930,3,2,5,09,20,1,,1,0,1,0,0
"POINT (9.991789951000040 52.368325139000000)",Unfall 18931 (2022) Kat:3, Licht: 0,18931,3,2,2,08,10,3,,0,0,1,0,0
"POINT (9.439992383000060 52.417797719000099)",Unfall 18938 (2022) Kat:3, Licht: 0,18938,3,1,0,08,15,6,,0,0,0,0,1
"POINT (9.734551667000060 52.411612124000001)",Unfall 18957 (2022) Kat:3, Licht: 0,18957,3,2,5,08,12,2,,0,1,1,0,0
"POINT (10.001906544000100 52.497139312000101)",Unfall 18959 (2022) Kat:3, Licht: 2,18959,3,1,9,09,04,7,,2,0,1,0,0
"POINT (9.897129062000030 52.378221400000001)",Unfall 18965 (2022) Kat:3, Licht: 0,18965,3,6,3,08,17,3,,0,0,1,0,0
"POINT (9.820477015000050 52.293577276000100)",Unfall 18968 (2022) Kat:3, Licht: 0,18968,3,2,5,08,08,5,,0,0,1,0,0
"POINT (9.775007667000070 52.323356351000001)",Unfall 18975 (2022) Kat:3, Licht: 0,18975,3,1,0,08,10,1,,0,1,0,0,0
"POINT (10.227404968000000 52.476079092000099)",Unfall 18977 (2022) Kat:3, Licht: 0,18977,3,2,2,08,15,7,,0,0,1,0,0
"POINT (9.778508336000071 52.371476375000000)",Unfall 18978 (2022) Kat:3, Licht: 2,18978,3,2,5,08,00,4,,2,0,1,0,0
"POINT (9.573659469000059 52.282777763000098)",Unfall 18979 (2022) Kat:3, Licht: 0,18979,3,6,2,09,09,3,,0,0,1,0,0
"POINT (9.927626620000069 52.320192421000101)",Unfall 18981 (2022) Kat:2, Licht: 0,18981,2,3,5,08,14,4,,0,1,1,0,0
"POINT (9.832878867000030 52.386255945000102)",Unfall 18983 (2022) Kat:2, Licht: 0,18983,2,6,6,08,15,3,,0,1,0,1,0
"POINT (9.765541407000059 52.583731587000003)",Unfall 19001 (2022) Kat:3, Licht: 0,19001,3,6,2,08,11,1,,0,0,1,0,0
"POINT (9.694639618000050 52.419608736000001)",Unfall 19003 (2022) Kat:3, Licht: 1,19003,3,6,2,08,05,3,,1,0,1,0,0
"POINT (9.799474668000069 52.409282953000101)",Unfall 19013 (2022) Kat:3, Licht: 0,19013,3,7,0,09,12,7,,0,1,0,0,0
"POINT (9.650601127000069 52.411080966000000)",Unfall 19018 (2022) Kat:2, Licht: 0,19018,2,6,3,08,14,6,,0,0,1,0,1
"POINT (9.838101700000040 52.387425825999998)",Unfall 19025 (2022) Kat:3, Licht: 0,19025,3,4,6,08,15,4,,0,1,0,1,0
"POINT (9.827288053000069 52.355671970000103)",Unfall 19026 (2022) Kat:3, Licht: 0,19026,3,3,0,08,07,2,,0,0,0,0,0
"POINT (9.706831327000030 52.365678447000100)",Unfall 19028 (2022) Kat:3, Licht: 0,19028,3,1,0,09,13,7,,0,1,0,0,0
"POINT (9.795789888000060 52.415086712000097)",Unfall 19030 (2022) Kat:3, Licht: 0,19030,3,7,5,09,09,2,,0,0,1,0,0
"POINT (9.632986268000019 52.636050510000103)",Unfall 19041 (2022) Kat:3, Licht: 0,19041,3,1,9,09,15,6,,0,0,1,0,0
"POINT (9.768689200000040 52.370716682000101)",Unfall 19042 (2022) Kat:3, Licht: 0,19042,3,6,2,09,18,5,,0,0,1,0,0
"POINT (9.507970928000081 52.340353558000103)",Unfall 19047 (2022) Kat:3, Licht: 0,19047,3,1,0,08,19,4,,0,1,0,0,0
"POINT (9.618575506000070 52.428491005000097)",Unfall 19061 (2022) Kat:3, Licht: 0,19061,3,6,4,08,15,3,,0,1,0,0,0
"POINT (9.498628909000050 52.403061235999999)",Unfall 19079 (2022) Kat:3, Licht: 1,19079,3,6,2,09,05,5,,1,0,1,0,0
"POINT (9.794609935000040 52.274139816999998)",Unfall 19081 (2022) Kat:3, Licht: 0,19081,3,2,2,09,14,2,,0,0,1,0,0
"POINT (9.734778556000039 52.407352161000098)",Unfall 19085 (2022) Kat:3, Licht: 0,19085,3,2,6,08,17,3,,0,0,1,1,0
"POINT (9.612339740000040 52.346459519000099)",Unfall 19087 (2022) Kat:3, Licht: 0,19087,3,1,8,08,12,5,,0,0,0,0,1
"POINT (9.631906868000041 52.394671539999997)",Unfall 19088 (2022) Kat:3, Licht: 0,19088,3,7,0,09,12,1,,0,1,0,0,0
"POINT (9.669113891000050 52.358147578999997)",Unfall 19090 (2022) Kat:3, Licht: 0,19090,3,3,5,09,13,6,,0,1,1,0,0
"POINT (9.743164899000019 52.368276426000101)",Unfall 19093 (2022) Kat:3, Licht: 0,19093,3,3,5,08,09,1,,0,1,1,0,0
"POINT (9.713482093000041 52.361813664000103)",Unfall 19104 (2022) Kat:2, Licht: 0,19104,2,1,9,08,19,3,,0,0,0,0,1
"POINT (9.576196072000069 52.269092489999998)",Unfall 19118 (2022) Kat:2, Licht: 0,19118,2,7,9,08,09,4,,0,0,0,0,0
"POINT (10.080801455000000 52.517916297000099)",Unfall 19128 (2022) Kat:3, Licht: 0,19128,3,1,8,08,15,3,,0,0,0,0,1
"POINT (9.756017190000019 52.590725020999997)",Unfall 19131 (2022) Kat:3, Licht: 0,19131,3,6,2,09,11,7,,0,0,1,0,0
"POINT (9.515870168000051 52.412677857000098)",Unfall 19132 (2022) Kat:3, Licht: 0,19132,3,6,2,08,13,4,,0,0,1,0,0
"POINT (9.950301338000029 52.330881744000102)",Unfall 19133 (2022) Kat:3, Licht: 0,19133,3,1,8,09,13,7,,0,0,0,0,1
"POINT (9.860434326000069 52.517520613000002)",Unfall 19145 (2022) Kat:3, Licht: 0,19145,3,3,5,08,14,4,,0,0,1,0,0
"POINT (9.637269645000060 52.305076513000103)",Unfall 19152 (2022) Kat:1, Licht: 0,19152,1,6,4,09,19,4,,0,0,1,0,0
"POINT (9.531720126000041 52.461720407000001)",Unfall 19158 (2022) Kat:3, Licht: 0,19158,3,3,5,09,07,5,,0,0,1,0,0
"POINT (9.881403649000051 52.435572896000103)",Unfall 19174 (2022) Kat:3, Licht: 0,19174,3,6,2,09,16,6,,0,0,1,0,0
"POINT (9.843144407000070 52.491650444000101)",Unfall 19176 (2022) Kat:2, Licht: 0,19176,2,3,5,08,19,6,,0,0,1,0,1
"POINT (9.428279401000051 52.545793586000102)",Unfall 19190 (2022) Kat:2, Licht: 0,19190,2,4,6,09,16,6,,0,0,0,1,0
"POINT (9.712955851000061 52.366817996000101)",Unfall 19192 (2022) Kat:3, Licht: 2,19192,3,7,0,08,02,6,,2,0,0,0,0
"POINT (9.793224527000060 52.393669377000002)",Unfall 19195 (2022) Kat:3, Licht: 0,19195,3,2,5,08,17,4,,0,0,1,0,0
"POINT (9.615132797000060 52.388789820000099)",Unfall 19218 (2022) Kat:3, Licht: 0,19218,3,6,2,09,15,4,,0,0,1,0,0
"POINT (9.776986622000040 52.575985189999997)",Unfall 19235 (2022) Kat:3, Licht: 1,19235,3,7,0,08,19,2,,1,0,1,0,1
"POINT (9.577727276000079 52.423298745000103)",Unfall 19242 (2022) Kat:3, Licht: 0,19242,3,6,2,08,14,3,,0,0,1,0,0
"POINT (9.877972947000050 52.493581880000100)",Unfall 19246 (2022) Kat:2, Licht: 0,19246,2,1,9,09,14,7,,0,0,1,0,0
"POINT (9.913227049000060 52.358690578999997)",Unfall 19253 (2022) Kat:1, Licht: 2,19253,1,4,6,08,02,3,,2,0,1,1,0
"POINT (9.714921825000030 52.360735406000103)",Unfall 19264 (2022) Kat:2, Licht: 0,19264,2,6,0,08,17,7,,0,0,1,0,1
"POINT (9.381597696000030 52.505229145999998)",Unfall 19273 (2022) Kat:3, Licht: 2,19273,3,1,9,08,02,7,,2,0,1,0,0
"POINT (9.646131381000030 52.404617696999999)",Unfall 19275 (2022) Kat:3, Licht: 1,19275,3,7,0,08,05,2,,1,1,0,0,0
"POINT (9.772485043000071 52.578583064000000)",Unfall 19278 (2022) Kat:3, Licht: 0,19278,3,6,2,09,13,6,,0,0,1,0,0
"POINT (10.060494415000100 52.395033410000103)",Unfall 19283 (2022) Kat:3, Licht: 0,19283,3,3,5,08,10,7,,0,1,1,0,0
"POINT (10.056306396000000 52.403364865000100)",Unfall 19306 (2022) Kat:2, Licht: 0,19306,2,1,9,08,07,1,,0,0,1,0,0
"POINT (9.749830783000050 52.361008040999998)",Unfall 19307 (2022) Kat:3, Licht: 0,19307,3,6,4,08,14,6,,0,0,1,0,1
"POINT (9.733953388000030 52.545857972000100)",Unfall 19308 (2022) Kat:3, Licht: 1,19308,3,7,0,08,20,3,,1,1,0,0,0
"POINT (9.457031451000031 52.501254416000101)",Unfall 19316 (2022) Kat:3, Licht: 0,19316,3,2,5,08,10,4,,0,1,1,0,0
"POINT (9.978659229000071 52.389503803000103)",Unfall 19317 (2022) Kat:3, Licht: 0,19317,3,6,2,09,10,4,,0,0,1,0,0
"POINT (9.924559888000029 52.366178083000101)",Unfall 19324 (2022) Kat:3, Licht: 0,19324,3,3,5,09,14,6,,0,0,1,0,0
"POINT (9.502108298000049 52.427027006000102)",Unfall 19327 (2022) Kat:3, Licht: 0,19327,3,6,4,08,10,1,,0,0,1,0,0
"POINT (9.824935551000070 52.425870168000102)",Unfall 19329 (2022) Kat:2, Licht: 0,19329,2,1,9,08,14,7,,0,0,0,0,1
"POINT (9.647137624000040 52.413583803000101)",Unfall 19335 (2022) Kat:3, Licht: 0,19335,3,3,5,08,12,3,,0,0,1,0,1
"POINT (9.465060106000070 52.398181721000100)",Unfall 19342 (2022) Kat:3, Licht: 0,19342,3,3,5,08,15,6,,0,0,1,0,0
"POINT (9.941578883000030 52.413334179000103)",Unfall 19343 (2022) Kat:3, Licht: 0,19343,3,7,0,08,16,3,,0,1,0,0,0
"POINT (9.474285410000050 52.389255919999997)",Unfall 19356 (2022) Kat:3, Licht: 0,19356,3,3,0,10,12,1,,0,0,1,0,0
"POINT (9.648909911000031 52.412460023999998)",Unfall 19368 (2022) Kat:3, Licht: 0,19368,3,6,2,09,09,4,,0,0,1,0,0
"POINT (9.880038088000051 52.508811342999998)",Unfall 19376 (2022) Kat:3, Licht: 2,19376,3,2,2,10,21,1,,2,0,1,0,0
"POINT (10.014059790999999 52.472018766000097)",Unfall 19389 (2022) Kat:3, Licht: 1,19389,3,1,8,09,19,5,,1,0,0,0,1
"POINT (9.410603629000040 52.415974955000102)",Unfall 19393 (2022) Kat:3, Licht: 1,19393,3,2,2,10,18,5,,1,0,1,0,0
"POINT (9.843286931000019 52.410781118999999)",Unfall 19398 (2022) Kat:3, Licht: 2,19398,3,6,2,11,17,5,,2,0,1,0,1
"POINT (9.597579663000030 52.388646176000101)",Unfall 19404 (2022) Kat:3, Licht: 1,19404,3,4,6,09,06,4,,1,0,1,1,0
"POINT (9.976942412000030 52.372471337000000)",Unfall 19414 (2022) Kat:3, Licht: 0,19414,3,1,0,09,09,4,,0,0,0,0,1
"POINT (9.805382113000061 52.408160219000102)",Unfall 19424 (2022) Kat:3, Licht: 2,19424,3,3,5,10,00,4,,2,0,1,0,0
"POINT (9.841183709000060 52.282317701000103)",Unfall 19448 (2022) Kat:3, Licht: 0,19448,3,6,2,09,15,6,,0,0,1,0,0
"POINT (9.678832202000020 52.553960046000000)",Unfall 19450 (2022) Kat:3, Licht: 0,19450,3,3,5,10,16,3,,0,1,1,0,0
"POINT (9.856084140000061 52.499332036000098)",Unfall 19462 (2022) Kat:3, Licht: 0,19462,3,3,5,10,17,7,,0,1,1,0,0
"POINT (9.848164051000030 52.494593086000101)",Unfall 19477 (2022) Kat:3, Licht: 0,19477,3,3,5,10,10,7,,0,0,1,0,0
"POINT (9.730590846000039 52.619615635999999)",Unfall 19483 (2022) Kat:3, Licht: 0,19483,3,6,2,10,10,2,,0,0,1,0,0
"POINT (9.848503787000030 52.413048379000003)",Unfall 19487 (2022) Kat:3, Licht: 0,19487,3,6,2,09,15,2,,0,0,1,0,0
"POINT (9.497158330000049 52.483572362000103)",Unfall 19492 (2022) Kat:2, Licht: 0,19492,2,6,2,10,15,6,,0,0,1,0,0
"POINT (9.726951897000051 52.375563098000001)",Unfall 19503 (2022) Kat:3, Licht: 0,19503,3,6,3,09,12,5,,0,0,1,0,0
"POINT (9.743669861000059 52.547447771000101)",Unfall 19504 (2022) Kat:3, Licht: 2,19504,3,4,6,11,17,2,,2,0,1,1,0
"POINT (9.898218053000051 52.303249634000103)",Unfall 19510 (2022) Kat:3, Licht: 2,19510,3,1,9,09,06,3,,2,0,1,0,0
"POINT (9.459205444000080 52.305470812000102)",Unfall 19517 (2022) Kat:3, Licht: 1,19517,3,6,2,10,18,5,,1,0,1,0,0
"POINT (9.669062084000069 52.432123337000100)",Unfall 19528 (2022) Kat:3, Licht: 1,19528,3,6,2,10,17,2,,1,0,1,0,0
"POINT (9.727662446000069 52.420591333000097)",Unfall 19561 (2022) Kat:3, Licht: 2,19561,3,5,5,09,19,5,,2,0,1,0,0
"POINT (9.809052254000051 52.430385759000004)",Unfall 19566 (2022) Kat:3, Licht: 0,19566,3,6,2,09,12,6,,0,0,1,0,0
"POINT (9.513495125000080 52.411332698000102)",Unfall 19574 (2022) Kat:3, Licht: 0,19574,3,6,2,10,15,6,,0,0,1,0,0
"POINT (9.827404372000050 52.355417811000102)",Unfall 19576 (2022) Kat:3, Licht: 0,19576,3,3,5,09,09,3,,0,1,1,0,0
"POINT (9.671865801000020 52.171185814000097)",Unfall 19598 (2022) Kat:3, Licht: 0,19598,3,2,2,09,12,3,,0,0,1,0,0
"POINT (9.435770267000070 52.420372006000001)",Unfall 19610 (2022) Kat:3, Licht: 0,19610,3,7,3,09,12,7,,0,0,1,0,0
"POINT (9.861957179000060 52.370218723000100)",Unfall 19614 (2022) Kat:3, Licht: 0,19614,3,3,5,10,15,2,,0,1,0,0,0
"POINT (9.597154980000029 52.409100129000102)",Unfall 19621 (2022) Kat:3, Licht: 0,19621,3,2,5,10,14,2,,0,0,1,0,1
"POINT (10.178360882000000 52.465082822000099)",Unfall 19622 (2022) Kat:2, Licht: 0,19622,2,7,0,10,14,4,,0,1,0,0,0
"POINT (9.453049409000069 52.510743246000096)",Unfall 19626 (2022) Kat:3, Licht: 0,19626,3,3,5,10,16,4,,0,1,1,0,0
"POINT (9.584468608000069 52.390178882999997)",Unfall 19638 (2022) Kat:2, Licht: 0,19638,2,7,1,10,13,6,,0,0,1,0,0
"POINT (9.859636448000060 52.460267411000103)",Unfall 19654 (2022) Kat:3, Licht: 2,19654,3,6,2,09,20,6,,2,0,1,0,0
"POINT (9.712635561000070 52.401646841000101)",Unfall 19661 (2022) Kat:3, Licht: 0,19661,3,5,1,10,16,1,,0,0,1,0,0
"POINT (9.722448391000061 52.378493300000102)",Unfall 19663 (2022) Kat:3, Licht: 2,19663,3,2,5,11,18,4,,2,0,1,0,0
"POINT (9.686424295000050 52.375021099999998)",Unfall 19665 (2022) Kat:3, Licht: 2,19665,3,1,9,10,22,6,,2,0,1,0,0
"POINT (9.727933612000070 52.374290667000103)",Unfall 19680 (2022) Kat:3, Licht: 0,19680,3,6,2,11,16,6,,0,0,1,0,0
"POINT (9.650180760000071 52.393453045000101)",Unfall 19682 (2022) Kat:2, Licht: 0,19682,2,2,5,10,17,4,,0,1,0,0,0
"POINT (9.647024590000060 52.397253991000099)",Unfall 19693 (2022) Kat:3, Licht: 1,19693,3,2,6,10,06,5,,1,0,1,1,0
"POINT (9.698404989000039 52.347500507000099)",Unfall 19695 (2022) Kat:3, Licht: 2,19695,3,6,2,09,19,3,,2,0,1,0,0
"POINT (9.741922519000070 52.437449888000103)",Unfall 19697 (2022) Kat:3, Licht: 0,19697,3,3,5,09,08,6,,0,1,1,0,0
"POINT (9.779151440000019 52.269859541000102)",Unfall 19698 (2022) Kat:3, Licht: 0,19698,3,6,2,09,15,3,,0,0,1,0,0
"POINT (9.798697016000061 52.431164470000098)",Unfall 19699 (2022) Kat:3, Licht: 0,19699,3,6,2,10,17,2,,0,0,1,0,0
"POINT (9.840316434000041 52.283151653000097)",Unfall 19700 (2022) Kat:2, Licht: 2,19700,2,6,2,11,06,5,,2,0,1,0,0
"POINT (9.732194301000050 52.383023240000099)",Unfall 19702 (2022) Kat:3, Licht: 0,19702,3,6,2,10,12,7,,0,0,1,0,0
"POINT (9.832618019000050 52.386180449000101)",Unfall 19707 (2022) Kat:3, Licht: 0,19707,3,2,5,10,08,4,,0,1,1,0,0
"POINT (9.449097882000050 52.522776475000100)",Unfall 19708 (2022) Kat:3, Licht: 0,19708,3,2,2,09,18,7,,0,0,1,0,0
"POINT (9.640011143000040 52.332965859000097)",Unfall 19710 (2022) Kat:3, Licht: 2,19710,3,3,5,11,19,3,,2,0,1,0,0
"POINT (10.059590681000000 52.536164053999997)",Unfall 19721 (2022) Kat:2, Licht: 1,19721,2,1,4,09,19,2,,1,0,1,0,0
"POINT (10.196820754999999 52.464192238000102)",Unfall 19725 (2022) Kat:3, Licht: 0,19725,3,3,5,10,11,5,,0,1,1,0,0
"POINT (9.690253214000050 52.374774936999998)",Unfall 19731 (2022) Kat:3, Licht: 0,19731,3,2,5,09,15,6,,0,1,0,0,0
"POINT (10.092627853000099 52.482996620000101)",Unfall 19732 (2022) Kat:3, Licht: 2,19732,3,4,6,10,06,6,,2,0,1,1,0
"POINT (9.695126834000060 52.374566780000102)",Unfall 19735 (2022) Kat:3, Licht: 1,19735,3,4,6,10,08,2,,1,0,1,1,0
"POINT (9.887543303000029 52.426558989000100)",Unfall 19754 (2022) Kat:3, Licht: 0,19754,3,1,9,09,12,4,,0,0,1,0,0
"POINT (9.850932969000040 52.412540868000100)",Unfall 19756 (2022) Kat:3, Licht: 2,19756,3,1,9,09,18,7,,2,0,1,0,0
"POINT (10.013882691999999 52.441118250999999)",Unfall 19772 (2022) Kat:3, Licht: 0,19772,3,2,5,11,13,2,,0,1,1,0,0
"POINT (9.883158425000030 52.299523579000002)",Unfall 19776 (2022) Kat:3, Licht: 0,19776,3,6,2,10,12,5,,0,0,1,0,0
"POINT (9.702526321000050 52.422688213000100)",Unfall 19777 (2022) Kat:3, Licht: 0,19777,3,5,1,10,15,1,,0,0,1,0,1
"POINT (9.709135829000051 52.379578500000001)",Unfall 19784 (2022) Kat:3, Licht: 2,19784,3,6,2,11,20,5,,2,0,1,0,0
"POINT (10.031989356000100 52.379282578000101)",Unfall 19785 (2022) Kat:2, Licht: 2,19785,2,6,2,10,00,5,,2,0,0,0,0
"POINT (9.758826737000049 52.370312644000101)",Unfall 19786 (2022) Kat:3, Licht: 0,19786,3,6,2,10,14,7,,0,0,1,0,0
"POINT (9.730190321000070 52.368948259000000)",Unfall 19795 (2022) Kat:3, Licht: 0,19795,3,3,5,11,14,3,,0,1,1,0,0
"POINT (9.723434951000060 52.337243454000003)",Unfall 19802 (2022) Kat:3, Licht: 0,19802,3,1,8,10,11,7,,0,0,1,0,0
"POINT (9.564566869000030 52.323117924000002)",Unfall 19806 (2022) Kat:3, Licht: 0,19806,3,2,5,10,17,7,,0,0,1,0,0
"POINT (9.726782768000019 52.375721163999998)",Unfall 19808 (2022) Kat:3, Licht: 0,19808,3,2,5,09,15,5,,0,1,1,0,0
"POINT (9.727931648000039 52.374592268000100)",Unfall 19812 (2022) Kat:3, Licht: 0,19812,3,6,2,09,12,3,,0,0,1,0,0
"POINT (9.697777631000060 52.377110462000097)",Unfall 19824 (2022) Kat:3, Licht: 0,19824,3,6,2,10,15,4,,0,0,1,0,0
"POINT (9.731779410000060 52.434748245999998)",Unfall 19833 (2022) Kat:3, Licht: 0,19833,3,2,5,10,15,4,,0,1,1,0,0
"POINT (9.603469643000039 52.216991245000003)",Unfall 19835 (2022) Kat:3, Licht: 1,19835,3,6,8,09,18,3,,1,0,1,0,0
"POINT (9.621352879000030 52.421000067000101)",Unfall 19837 (2022) Kat:3, Licht: 0,19837,3,6,2,09,10,3,,0,0,0,0,0
"POINT (9.890458371000021 52.440838415000002)",Unfall 19839 (2022) Kat:3, Licht: 0,19839,3,1,0,09,13,2,,0,0,0,0,1
"POINT (9.856494686000079 52.531371987999997)",Unfall 19849 (2022) Kat:3, Licht: 0,19849,3,1,8,09,09,6,,0,0,1,0,0
"POINT (9.653651519000050 52.171136691000100)",Unfall 19861 (2022) Kat:2, Licht: 0,19861,2,4,6,09,10,5,,0,0,1,1,0
"POINT (10.048647734999999 52.309498263000101)",Unfall 19868 (2022) Kat:2, Licht: 0,19868,2,3,0,10,16,3,,0,1,0,0,0
"POINT (9.846593247000040 52.274180935000103)",Unfall 19875 (2022) Kat:3, Licht: 0,19875,3,3,5,09,11,7,,0,1,1,0,0
"POINT (9.628363642000069 52.292408592000100)",Unfall 19877 (2022) Kat:3, Licht: 0,19877,3,3,5,10,13,3,,0,1,1,0,0
"POINT (9.482183000000020 52.392773331999997)",Unfall 19880 (2022) Kat:3, Licht: 0,19880,3,6,2,10,09,1,,0,0,1,0,0
"POINT (9.713433096000070 52.361899813000001)",Unfall 19898 (2022) Kat:2, Licht: 2,19898,2,6,2,09,05,7,,2,0,1,0,0
"POINT (9.928420459000050 52.347340531000000)",Unfall 19914 (2022) Kat:3, Licht: 0,19914,3,2,2,10,08,2,,0,0,1,0,0
"POINT (9.684655661000020 52.374393189999999)",Unfall 19918 (2022) Kat:3, Licht: 0,19918,3,3,5,09,14,4,,0,1,1,0,0
"POINT (9.797706582000050 52.430955815000097)",Unfall 19919 (2022) Kat:3, Licht: 0,19919,3,6,2,10,14,4,,0,0,1,0,0
"POINT (9.376322505000079 52.455975055000103)",Unfall 19922 (2022) Kat:3, Licht: 2,19922,3,6,3,10,22,1,,2,0,0,0,1
"POINT (9.736471092000039 52.611967968999998)",Unfall 19929 (2022) Kat:3, Licht: 0,19929,3,6,2,10,13,6,,0,0,1,0,0
"POINT (9.508599092000050 52.408546786999999)",Unfall 19961 (2022) Kat:3, Licht: 0,19961,3,6,2,10,08,3,,0,0,1,0,0
"POINT (9.734574471000030 52.614312083000101)",Unfall 19964 (2022) Kat:2, Licht: 0,19964,2,6,2,09,15,6,,0,0,1,0,0
"POINT (9.467903804000059 52.394850497999997)",Unfall 19974 (2022) Kat:3, Licht: 2,19974,3,1,8,10,20,1,,2,0,1,0,0
"POINT (9.875974615000080 52.304725598000097)",Unfall 20012 (2022) Kat:3, Licht: 0,20012,3,7,7,10,08,5,,0,0,0,0,0
"POINT (9.803043527000060 52.339639025000103)",Unfall 20014 (2022) Kat:3, Licht: 2,20014,3,1,8,09,23,3,,2,0,1,0,0
"POINT (9.711922572000050 52.405243777000102)",Unfall 20016 (2022) Kat:3, Licht: 2,20016,3,2,6,09,19,7,,2,0,0,1,0
"POINT (9.745034540000059 52.369035824000001)",Unfall 20021 (2022) Kat:3, Licht: 0,20021,3,2,6,10,11,5,,0,0,1,1,0
"POINT (9.747429064000070 52.216154093000100)",Unfall 20024 (2022) Kat:3, Licht: 0,20024,3,2,2,09,09,2,,0,0,1,0,0
"POINT (9.808398759000060 52.337253853999997)",Unfall 20028 (2022) Kat:3, Licht: 1,20028,3,1,8,09,18,7,,1,0,1,0,0
"POINT (9.788966363000039 52.371957835000003)",Unfall 20030 (2022) Kat:2, Licht: 0,20030,2,4,6,11,13,7,,0,0,1,1,0
"POINT (9.729180658000081 52.491635615000099)",Unfall 20035 (2022) Kat:3, Licht: 0,20035,3,2,4,10,13,2,,0,0,1,0,0
"POINT (9.455607224000060 52.507353190000103)",Unfall 20040 (2022) Kat:3, Licht: 2,20040,3,1,0,10,19,2,,2,1,0,0,0
"POINT (9.712014627000030 52.405138153999999)",Unfall 20066 (2022) Kat:3, Licht: 0,20066,3,2,5,09,15,5,,0,0,1,0,1
"POINT (9.587767082000029 52.414802569000102)",Unfall 20081 (2022) Kat:3, Licht: 0,20081,3,6,2,09,18,3,,0,0,1,0,0
"POINT (9.789733196000039 52.317034452000001)",Unfall 20082 (2022) Kat:3, Licht: 0,20082,3,6,2,10,12,2,,0,0,1,0,0
"POINT (9.712153502000040 52.314497362000097)",Unfall 20091 (2022) Kat:3, Licht: 2,20091,3,7,0,09,01,7,,2,1,0,0,0
"POINT (9.681054826000040 52.275787578000099)",Unfall 20104 (2022) Kat:2, Licht: 0,20104,2,6,4,09,16,2,,0,0,1,0,0
"POINT (9.889006266000020 52.424687661000100)",Unfall 20118 (2022) Kat:3, Licht: 2,20118,3,6,2,10,19,1,,2,0,1,0,0
"POINT (10.130459471000099 52.398144905999999)",Unfall 20123 (2022) Kat:3, Licht: 0,20123,3,3,5,09,11,1,,0,1,0,0,0
"POINT (9.899676664000030 52.396462272000100)",Unfall 20130 (2022) Kat:3, Licht: 2,20130,3,5,0,09,23,5,,2,0,0,0,0
"POINT (9.786653780000050 52.389373436000000)",Unfall 20131 (2022) Kat:3, Licht: 0,20131,3,6,3,10,11,4,,0,0,1,0,0
"POINT (9.780691672000049 52.324512427999998)",Unfall 20133 (2022) Kat:3, Licht: 0,20133,3,1,0,09,11,3,,0,1,0,0,0
"POINT (9.582281973000020 52.389978867000103)",Unfall 20137 (2022) Kat:3, Licht: 0,20137,3,2,2,09,19,2,,0,0,1,0,0
"POINT (9.697649135000059 52.341558100999997)",Unfall 20145 (2022) Kat:3, Licht: 0,20145,3,2,2,10,08,4,,0,0,1,0,0
"POINT (9.636048085000031 52.331605772000003)",Unfall 20146 (2022) Kat:3, Licht: 0,20146,3,3,5,09,15,7,,0,0,1,0,0
"POINT (9.844886267000049 52.303136868000102)",Unfall 20149 (2022) Kat:3, Licht: 0,20149,3,6,3,10,13,2,,0,0,1,0,1
"POINT (9.680421452000081 52.431326834000103)",Unfall 20152 (2022) Kat:3, Licht: 0,20152,3,2,4,10,17,6,,0,1,1,0,0
"POINT (9.663777394000020 52.384452393000103)",Unfall 20153 (2022) Kat:3, Licht: 0,20153,3,2,6,10,07,2,,0,0,1,1,0
"POINT (9.668118038000051 52.343764563000001)",Unfall 20166 (2022) Kat:3, Licht: 2,20166,3,2,5,10,18,6,,2,0,1,0,0
"POINT (9.787038908000060 52.389919939999999)",Unfall 20172 (2022) Kat:3, Licht: 1,20172,3,6,2,11,06,6,,1,0,1,0,0
"POINT (9.646190847000071 52.411574159000097)",Unfall 20174 (2022) Kat:2, Licht: 0,20174,2,3,5,10,13,1,,0,1,1,0,0
"POINT (9.818032542000029 52.405298919000103)",Unfall 20181 (2022) Kat:2, Licht: 2,20181,2,6,3,11,06,6,,2,0,1,0,0
"POINT (10.085644292000000 52.453084255000100)",Unfall 20192 (2022) Kat:3, Licht: 0,20192,3,6,2,09,14,6,,0,0,1,0,0
"POINT (9.982151402000060 52.427205258000100)",Unfall 20195 (2022) Kat:1, Licht: 2,20195,1,1,8,10,20,3,,2,0,1,0,0
"POINT (9.626371881000070 52.408225794000003)",Unfall 20198 (2022) Kat:3, Licht: 0,20198,3,4,6,10,15,1,,0,0,1,1,0
"POINT (9.653223808000060 52.319116307000101)",Unfall 20202 (2022) Kat:3, Licht: 1,20202,3,3,5,09,18,3,,1,1,1,0,0
"POINT (9.731509191000040 52.438671073000101)",Unfall 20217 (2022) Kat:3, Licht: 0,20217,3,3,5,10,12,7,,0,1,1,0,0
"POINT (9.501598066000041 52.333557733000099)",Unfall 20219 (2022) Kat:3, Licht: 0,20219,3,5,4,09,12,5,,0,0,1,0,0
"POINT (9.860150089000060 52.490134671000099)",Unfall 20223 (2022) Kat:3, Licht: 0,20223,3,7,0,10,16,5,,0,1,0,0,0
"POINT (9.682503028000040 52.372417601999999)",Unfall 20236 (2022) Kat:3, Licht: 0,20236,3,1,8,10,13,6,,0,0,0,0,1
"POINT (9.706649812000020 52.429927339000102)",Unfall 20237 (2022) Kat:3, Licht: 0,20237,3,6,3,11,12,7,,0,0,1,0,0
"POINT (9.902875054000051 52.513990191000097)",Unfall 20242 (2022) Kat:2, Licht: 2,20242,2,1,8,10,22,2,,2,0,1,0,0
"POINT (9.734319793000051 52.413229823000101)",Unfall 20244 (2022) Kat:3, Licht: 0,20244,3,6,2,10,09,3,,0,0,1,0,0
"POINT (10.118593910000101 52.457377700000102)",Unfall 20253 (2022) Kat:2, Licht: 0,20253,2,7,0,10,18,3,,0,0,1,0,1
"POINT (9.720749541000030 52.368155693000098)",Unfall 20264 (2022) Kat:3, Licht: 0,20264,3,6,6,09,18,4,,0,0,0,1,1
"POINT (9.511808550000071 52.429802569000103)",Unfall 20270 (2022) Kat:3, Licht: 1,20270,3,3,5,10,06,2,,1,1,1,0,0
"POINT (10.019640727000001 52.384138828000097)",Unfall 20279 (2022) Kat:3, Licht: 1,20279,3,2,4,09,06,5,,1,0,1,0,0
"POINT (9.978476218000029 52.389516460999999)",Unfall 20283 (2022) Kat:3, Licht: 2,20283,3,7,8,10,06,6,,2,0,0,0,0
"POINT (10.013630152000101 52.441484813000002)",Unfall 20310 (2022) Kat:3, Licht: 0,20310,3,6,3,10,15,7,,0,1,1,0,0
"POINT (9.647708425000079 52.412429336999999)",Unfall 20318 (2022) Kat:3, Licht: 0,20318,3,6,2,09,08,3,,0,0,1,0,1
"POINT (9.766004795000070 52.341334316000001)",Unfall 20324 (2022) Kat:3, Licht: 0,20324,3,6,2,09,14,2,,0,0,1,0,0
"POINT (9.799728774000069 52.425149456000000)",Unfall 20327 (2022) Kat:2, Licht: 0,20327,2,7,0,10,11,4,,0,1,0,0,0
"POINT (9.619075183000060 52.406037658999999)",Unfall 20333 (2022) Kat:3, Licht: 2,20333,3,7,0,09,20,5,,2,0,0,0,0
"POINT (9.859907245000040 52.495188745000100)",Unfall 20337 (2022) Kat:3, Licht: 0,20337,3,3,5,10,12,4,,0,1,1,0,0
"POINT (9.672423235000050 52.238783909000098)",Unfall 20347 (2022) Kat:3, Licht: 0,20347,3,3,5,10,12,7,,0,0,1,0,0
"POINT (9.777709017000060 52.574328426000100)",Unfall 20353 (2022) Kat:3, Licht: 0,20353,3,6,2,10,10,6,,0,0,1,0,0
"POINT (9.417980169000030 52.423956707999999)",Unfall 20357 (2022) Kat:3, Licht: 0,20357,3,7,9,09,11,4,,0,0,1,0,0
"POINT (9.661587025000070 52.385900473000000)",Unfall 20367 (2022) Kat:3, Licht: 2,20367,3,7,0,11,20,4,,2,1,0,0,0
"POINT (9.646967465000049 52.413651315000003)",Unfall 20382 (2022) Kat:3, Licht: 0,20382,3,6,2,11,12,5,,0,0,1,0,0
"POINT (9.717479839000021 52.346362775000003)",Unfall 20386 (2022) Kat:3, Licht: 0,20386,3,6,2,10,12,3,,0,0,1,0,0
"POINT (9.574465709000039 52.420521440000101)",Unfall 20394 (2022) Kat:3, Licht: 2,20394,3,6,2,11,07,2,,2,0,1,0,0
"POINT (9.434777671000059 52.421297471000102)",Unfall 20405 (2022) Kat:2, Licht: 0,20405,2,6,2,10,14,2,,0,0,1,0,0
"POINT (9.724857297000030 52.459810861999998)",Unfall 20408 (2022) Kat:3, Licht: 0,20408,3,7,2,10,11,7,,0,0,1,0,0
"POINT (9.714317694000041 52.398870786000003)",Unfall 20416 (2022) Kat:3, Licht: 2,20416,3,1,0,10,23,7,,2,1,0,0,0
"POINT (9.945894987000029 52.333159610999999)",Unfall 20417 (2022) Kat:3, Licht: 0,20417,3,6,2,09,10,3,,0,0,1,0,0
"POINT (9.728035465000060 52.336140245000102)",Unfall 20430 (2022) Kat:3, Licht: 0,20430,3,6,3,09,13,5,,0,0,1,0,0
"POINT (9.627429189000051 52.420964949000101)",Unfall 20436 (2022) Kat:3, Licht: 2,20436,3,6,2,10,21,1,,2,0,1,0,0
"POINT (9.480897072000060 52.391834355000100)",Unfall 20447 (2022) Kat:3, Licht: 0,20447,3,6,2,10,14,1,,0,0,1,0,0
"POINT (10.023624367000000 52.316924186000101)",Unfall 20449 (2022) Kat:3, Licht: 0,20449,3,7,0,10,17,3,,0,1,0,0,0
"POINT (9.746737048000060 52.427313658999999)",Unfall 20460 (2022) Kat:3, Licht: 0,20460,3,6,2,09,07,4,,0,0,1,0,1
"POINT (9.829792910000039 52.339517783000097)",Unfall 20463 (2022) Kat:3, Licht: 0,20463,3,1,0,09,10,3,,0,1,0,0,0
"POINT (10.218081292000001 52.445857410000002)",Unfall 20464 (2022) Kat:3, Licht: 1,20464,3,7,9,10,07,4,,1,0,1,0,0
"POINT (9.647720066000030 52.423799823000103)",Unfall 20471 (2022) Kat:3, Licht: 0,20471,3,6,2,10,06,3,,0,0,1,0,0
"POINT (9.855708360000049 52.431709138000002)",Unfall 20493 (2022) Kat:3, Licht: 0,20493,3,2,4,10,08,3,,0,1,1,0,0
"POINT (10.198506187000000 52.417075338000103)",Unfall 20497 (2022) Kat:3, Licht: 2,20497,3,7,0,10,01,1,,2,1,0,0,0
"POINT (9.669278237000070 52.345773260000001)",Unfall 20508 (2022) Kat:3, Licht: 0,20508,3,3,5,10,17,3,,0,1,1,0,0
"POINT (9.971509820000049 52.341537305000003)",Unfall 20525 (2022) Kat:3, Licht: 0,20525,3,1,8,11,07,2,,0,0,1,0,0
"POINT (9.747269044000060 52.323986998000102)",Unfall 20531 (2022) Kat:3, Licht: 0,20531,3,3,5,09,08,2,,0,1,1,0,0
"POINT (9.446163313000060 52.416736327000102)",Unfall 20543 (2022) Kat:3, Licht: 0,20543,3,4,6,09,11,4,,0,0,1,1,0
"POINT (9.973063936000070 52.315311303999998)",Unfall 20554 (2022) Kat:3, Licht: 0,20554,3,3,5,10,17,4,,0,0,1,0,0
"POINT (9.698486304000030 52.347474431000101)",Unfall 20555 (2022) Kat:3, Licht: 0,20555,3,6,2,10,08,6,,0,0,1,0,0
"POINT (9.705952626000061 52.412220873000102)",Unfall 20570 (2022) Kat:3, Licht: 1,20570,3,6,2,11,16,6,,1,0,1,0,0
"POINT (9.702395840000070 52.430449291000102)",Unfall 20573 (2022) Kat:2, Licht: 2,20573,2,7,8,10,20,2,,2,0,0,0,0
"POINT (9.936623261000021 52.445607134000099)",Unfall 20583 (2022) Kat:3, Licht: 2,20583,3,1,9,09,00,3,,2,0,1,0,0
"POINT (9.669456784000030 52.346223602000101)",Unfall 20587 (2022) Kat:3, Licht: 0,20587,3,6,3,11,15,4,,0,0,1,0,0
"POINT (9.488151243000059 52.308758572000002)",Unfall 20588 (2022) Kat:3, Licht: 0,20588,3,3,5,10,15,4,,0,0,1,0,1
"POINT (9.868960219000030 52.312276688000097)",Unfall 20593 (2022) Kat:2, Licht: 0,20593,2,3,5,09,13,6,,0,0,1,0,0
"POINT (9.480145882000039 52.391074246000102)",Unfall 20599 (2022) Kat:3, Licht: 0,20599,3,6,2,10,16,6,,0,0,0,0,0
"POINT (9.474153885000019 52.503893231000099)",Unfall 20612 (2022) Kat:3, Licht: 0,20612,3,6,2,09,18,6,,0,0,1,0,0
"POINT (9.487567513000039 52.270398826000097)",Unfall 20637 (2022) Kat:3, Licht: 0,20637,3,6,3,09,17,5,,0,0,1,0,1
"POINT (9.643181602000030 52.325133409000003)",Unfall 20638 (2022) Kat:3, Licht: 2,20638,3,6,9,10,21,7,,2,0,1,0,0
"POINT (9.618307790000070 52.428801923999998)",Unfall 20647 (2022) Kat:3, Licht: 1,20647,3,2,4,09,19,2,,1,0,1,0,0
"POINT (9.714482172000031 52.361030426000099)",Unfall 20661 (2022) Kat:3, Licht: 1,20661,3,6,3,10,18,2,,1,0,1,0,0
"POINT (9.697463189000080 52.377246125000099)",Unfall 20669 (2022) Kat:3, Licht: 0,20669,3,6,2,10,16,4,,0,0,1,0,0
"POINT (9.734992564000040 52.393259313999998)",Unfall 20703 (2022) Kat:3, Licht: 0,20703,3,2,5,10,16,3,,0,0,1,0,0
"POINT (10.032020122000100 52.523176277000097)",Unfall 20704 (2022) Kat:3, Licht: 0,20704,3,6,2,09,14,5,,0,0,1,0,0
"POINT (9.707451990000040 52.420142762000097)",Unfall 20705 (2022) Kat:3, Licht: 1,20705,3,7,0,10,05,5,,1,1,0,0,0
"POINT (9.697759801000069 52.377127307000102)",Unfall 20712 (2022) Kat:3, Licht: 2,20712,3,6,2,11,20,5,,2,0,1,0,0
"POINT (9.840397537000060 52.410265866000003)",Unfall 20719 (2022) Kat:3, Licht: 0,20719,3,6,2,10,07,4,,0,0,1,0,0
"POINT (9.357373711000040 52.453428135000102)",Unfall 20726 (2022) Kat:2, Licht: 0,20726,2,7,0,10,11,4,,0,1,0,0,0
"POINT (9.879502443000041 52.311460499000098)",Unfall 20729 (2022) Kat:3, Licht: 1,20729,3,1,9,09,17,1,,1,0,1,0,0
"POINT (9.720952373000051 52.339986333000098)",Unfall 20733 (2022) Kat:3, Licht: 0,20733,3,6,2,09,14,6,,0,0,1,0,0
"POINT (9.799098906000040 52.410753075999999)",Unfall 20738 (2022) Kat:3, Licht: 0,20738,3,3,5,10,14,5,,0,1,1,0,0
"POINT (9.409132275000051 52.461619128999999)",Unfall 20743 (2022) Kat:3, Licht: 2,20743,3,7,8,09,01,3,,2,0,0,0,1
"POINT (9.800281661000041 52.396368772000102)",Unfall 20752 (2022) Kat:3, Licht: 0,20752,3,6,2,10,15,4,,0,0,1,0,0
"POINT (9.755906091000041 52.352877906000103)",Unfall 20755 (2022) Kat:3, Licht: 0,20755,3,3,5,11,11,3,,0,1,1,0,0
"POINT (9.907680518000060 52.355756916000097)",Unfall 20757 (2022) Kat:3, Licht: 0,20757,3,3,5,09,16,5,,0,0,1,0,0
"POINT (9.735837316000071 52.399509587000097)",Unfall 20760 (2022) Kat:3, Licht: 2,20760,3,6,2,09,20,5,,2,0,1,0,0
"POINT (9.723363666000070 52.440456091999998)",Unfall 20770 (2022) Kat:3, Licht: 2,20770,3,1,0,10,06,5,,2,0,0,0,1
"POINT (9.833008412000030 52.398726152999998)",Unfall 20780 (2022) Kat:3, Licht: 0,20780,3,3,5,10,11,2,,0,1,1,0,0
"POINT (9.449682088000030 52.426191650000099)",Unfall 20788 (2022) Kat:3, Licht: 0,20788,3,3,5,10,18,1,,0,0,1,0,0
"POINT (9.753224689000040 52.369993632000003)",Unfall 20790 (2022) Kat:3, Licht: 0,20790,3,3,5,09,16,3,,0,0,1,0,0
"POINT (9.797045823000079 52.347282249000003)",Unfall 20791 (2022) Kat:3, Licht: 0,20791,3,1,0,09,14,5,,0,0,1,0,0
"POINT (9.652211835000060 52.415860231000103)",Unfall 20795 (2022) Kat:3, Licht: 0,20795,3,3,0,10,15,6,,0,1,1,0,0
"POINT (9.802591090000019 52.317499516000098)",Unfall 20799 (2022) Kat:3, Licht: 0,20799,3,2,2,09,08,6,,0,0,1,0,0
"POINT (9.722107755000019 52.421544267999998)",Unfall 20816 (2022) Kat:3, Licht: 0,20816,3,2,3,09,11,7,,0,1,1,0,0
"POINT (9.587655645000041 52.184781014000102)",Unfall 20825 (2022) Kat:3, Licht: 0,20825,3,1,8,10,11,5,,0,0,1,0,0
"POINT (9.388130027000051 52.432347958000001)",Unfall 20827 (2022) Kat:3, Licht: 0,20827,3,2,4,09,14,3,,0,0,1,0,0
"POINT (9.719787887000050 52.421486238999996)",Unfall 20840 (2022) Kat:3, Licht: 0,20840,3,6,2,09,18,7,,0,0,1,0,0
"POINT (9.650312718000070 52.424366233999997)",Unfall 20843 (2022) Kat:3, Licht: 1,20843,3,6,3,11,06,3,,1,0,1,0,0
"POINT (9.359837694000021 52.454187202000099)",Unfall 20853 (2022) Kat:2, Licht: 0,20853,2,6,2,09,16,3,,0,0,1,1,0
"POINT (9.742721337000029 52.538257789000099)",Unfall 20863 (2022) Kat:3, Licht: 2,20863,3,6,4,09,20,6,,2,0,1,0,0
"POINT (10.027865404000099 52.523299160000100)",Unfall 20864 (2022) Kat:3, Licht: 0,20864,3,3,5,10,14,6,,0,0,1,0,1
"POINT (9.833131532000040 52.421427913999999)",Unfall 20880 (2022) Kat:3, Licht: 0,20880,3,6,3,09,07,4,,0,0,0,0,0
"POINT (9.611012925000070 52.421953163000097)",Unfall 20881 (2022) Kat:3, Licht: 0,20881,3,6,2,10,14,4,,0,0,1,0,0
"POINT (9.800003818000050 52.336158523999998)",Unfall 20882 (2022) Kat:3, Licht: 0,20882,3,6,2,10,10,7,,0,0,1,0,0
"POINT (9.771867763000049 52.370885573000102)",Unfall 20892 (2022) Kat:3, Licht: 2,20892,3,3,5,09,02,1,,2,0,1,0,0
"POINT (9.832777195000061 52.338420879000097)",Unfall 20909 (2022) Kat:3, Licht: 0,20909,3,3,5,10,14,5,,0,1,1,0,0
"POINT (9.735842898000040 52.399466556000000)",Unfall 20919 (2022) Kat:3, Licht: 0,20919,3,6,2,09,13,4,,0,0,1,0,0
"POINT (9.652385120000080 52.409756072000100)",Unfall 20933 (2022) Kat:3, Licht: 2,20933,3,6,2,10,18,7,,2,0,1,0,1
"POINT (9.811790229000049 52.527970396999997)",Unfall 20945 (2022) Kat:3, Licht: 2,20945,3,7,8,09,02,6,,2,0,0,0,0
"POINT (9.734402756000071 52.412597780000098)",Unfall 20949 (2022) Kat:3, Licht: 2,20949,3,6,2,11,17,5,,2,0,1,0,0
"POINT (9.897522565000029 52.444227238000103)",Unfall 20952 (2022) Kat:3, Licht: 0,20952,3,1,0,10,09,1,,0,1,0,0,0
"POINT (9.865562761000040 52.339871600999999)",Unfall 20953 (2022) Kat:2, Licht: 0,20953,2,7,7,09,13,2,,0,0,0,0,1
"POINT (9.675249496000051 52.428825894000099)",Unfall 20955 (2022) Kat:3, Licht: 0,20955,3,6,3,09,17,4,,0,0,1,0,0
"POINT (9.734291903000040 52.475714401000097)",Unfall 20956 (2022) Kat:3, Licht: 1,20956,3,2,2,10,22,4,,1,0,1,0,0
"POINT (9.665451115000049 52.333917006000000)",Unfall 20959 (2022) Kat:3, Licht: 0,20959,3,6,2,11,13,7,,0,0,1,0,0
"POINT (9.607018029000070 52.311493509000101)",Unfall 20964 (2022) Kat:2, Licht: 1,20964,2,3,5,10,05,2,,1,0,1,0,1
"POINT (9.803512396000031 52.397162937000097)",Unfall 20966 (2022) Kat:3, Licht: 0,20966,3,6,2,10,09,4,,0,0,1,0,1
"POINT (9.829463346000070 52.399894608000103)",Unfall 20993 (2022) Kat:3, Licht: 0,20993,3,6,2,09,18,5,,0,0,1,0,0
"POINT (9.862065949000050 52.381001716000100)",Unfall 20997 (2022) Kat:3, Licht: 0,20997,3,2,3,10,08,3,,0,0,1,0,0
"POINT (9.513270625000080 52.412151762000100)",Unfall 21003 (2022) Kat:3, Licht: 0,21003,3,3,5,10,17,5,,0,1,1,0,0
"POINT (9.730899635000069 52.370730992000098)",Unfall 21008 (2022) Kat:3, Licht: 2,21008,3,3,5,09,23,7,,2,1,1,0,0
"POINT (9.838899097000020 52.275580554000001)",Unfall 21010 (2022) Kat:3, Licht: 0,21010,3,3,5,10,10,3,,0,1,1,0,0
"POINT (9.785926997000050 52.565435772999997)",Unfall 21017 (2022) Kat:3, Licht: 0,21017,3,6,2,09,10,5,,0,0,1,0,0
"POINT (9.634109909000070 52.333603104000098)",Unfall 21026 (2022) Kat:3, Licht: 0,21026,3,6,3,09,18,5,,0,0,1,0,1
"POINT (9.566945416000070 52.422204096000002)",Unfall 21029 (2022) Kat:3, Licht: 2,21029,3,6,2,11,20,4,,2,0,1,0,0
"POINT (9.628948212000070 52.210734812000098)",Unfall 21041 (2022) Kat:3, Licht: 0,21041,3,3,5,09,15,7,,0,0,1,0,0
"POINT (9.970890556000031 52.387083941000100)",Unfall 21044 (2022) Kat:3, Licht: 0,21044,3,6,3,11,13,5,,0,0,1,0,0
"POINT (9.745062646000060 52.601528162000101)",Unfall 21064 (2022) Kat:3, Licht: 0,21064,3,6,2,09,18,6,,0,0,0,0,0
"POINT (9.697788517000051 52.376304369000103)",Unfall 21065 (2022) Kat:3, Licht: 0,21065,3,6,1,11,15,2,,0,0,1,0,0
"POINT (9.768414040000041 52.338025652000098)",Unfall 21072 (2022) Kat:3, Licht: 0,21072,3,2,5,09,16,2,,0,1,1,0,0
"POINT (9.720703689000061 52.337691278000101)",Unfall 21082 (2022) Kat:3, Licht: 2,21082,3,1,0,10,05,6,,2,0,0,0,1
"POINT (9.965101779000070 52.373259292999997)",Unfall 21088 (2022) Kat:3, Licht: 1,21088,3,7,0,10,18,1,,1,1,0,0,0
"POINT (9.596022623000071 52.436583736999999)",Unfall 21093 (2022) Kat:3, Licht: 0,21093,3,3,5,10,14,4,,0,1,0,0,0
"POINT (9.928813993000061 52.402819627000000)",Unfall 21112 (2022) Kat:3, Licht: 1,21112,3,7,7,09,19,5,,1,0,0,0,1
"POINT (9.491949616000060 52.399054440999997)",Unfall 21124 (2022) Kat:3, Licht: 0,21124,3,6,2,10,11,6,,0,0,1,0,0
"POINT (9.745755595000050 52.209385032000100)",Unfall 21141 (2022) Kat:3, Licht: 0,21141,3,2,5,10,14,7,,0,0,1,0,0
"POINT (9.677747829000049 52.359092996000101)",Unfall 21144 (2022) Kat:3, Licht: 2,21144,3,6,2,10,05,4,,2,0,1,0,0
"POINT (9.756411762000029 52.427267299000100)",Unfall 21149 (2022) Kat:2, Licht: 0,21149,2,6,2,09,15,2,,0,0,0,0,0
"POINT (9.827780606000029 52.360928015000098)",Unfall 21163 (2022) Kat:3, Licht: 0,21163,3,2,6,10,12,2,,0,0,1,1,0
"POINT (10.116878168000000 52.357592351999998)",Unfall 21164 (2022) Kat:3, Licht: 2,21164,3,3,5,09,05,5,,2,1,1,0,0
"POINT (9.973130639000029 52.372694949000000)",Unfall 21171 (2022) Kat:3, Licht: 0,21171,3,7,0,10,08,4,,0,1,0,0,0
"POINT (9.723250400000040 52.378062080000099)",Unfall 21176 (2022) Kat:3, Licht: 0,21176,3,7,0,10,16,6,,0,0,0,0,1
"POINT (9.578759191000071 52.423431116000103)",Unfall 21185 (2022) Kat:3, Licht: 0,21185,3,7,8,10,13,5,,0,0,1,0,0
"POINT (9.541461431000069 52.422623310000098)",Unfall 21187 (2022) Kat:3, Licht: 2,21187,3,1,8,09,06,2,,2,0,1,0,0
"POINT (9.768614083000051 52.171007359000001)",Unfall 21194 (2022) Kat:3, Licht: 2,21194,3,1,9,10,23,2,,2,0,1,0,0
"POINT (9.969880073000070 52.334813699999998)",Unfall 21197 (2022) Kat:3, Licht: 2,21197,3,6,2,10,06,6,,2,0,1,0,0
"POINT (9.721246849000069 52.368248784000102)",Unfall 21201 (2022) Kat:3, Licht: 2,21201,3,6,2,10,21,6,,2,0,1,0,0
"POINT (9.533301257000060 52.461577229000099)",Unfall 21207 (2022) Kat:3, Licht: 2,21207,3,1,9,10,02,1,,2,0,1,0,0
"POINT (9.570796190000070 52.446658108000101)",Unfall 21220 (2022) Kat:3, Licht: 0,21220,3,2,3,09,17,4,,0,1,0,0,0
"POINT (9.803920835000040 52.336993187000097)",Unfall 21226 (2022) Kat:2, Licht: 2,21226,2,4,6,11,19,6,,2,0,1,1,0
"POINT (9.428321434000051 52.428234074000002)",Unfall 21231 (2022) Kat:3, Licht: 0,21231,3,6,4,09,15,5,,0,1,0,0,0
"POINT (9.885028499000040 52.429477962000099)",Unfall 21233 (2022) Kat:3, Licht: 0,21233,3,1,9,09,09,1,,0,0,0,0,1
"POINT (9.611652392000050 52.436379730000098)",Unfall 21236 (2022) Kat:3, Licht: 0,21236,3,7,6,09,16,6,,0,0,1,1,0
"POINT (10.082919859000100 52.487274388000102)",Unfall 21239 (2022) Kat:3, Licht: 2,21239,3,3,5,10,19,3,,2,1,1,0,0
"POINT (9.977092321000040 52.374654796000101)",Unfall 21247 (2022) Kat:2, Licht: 0,21247,2,1,0,09,17,3,,0,1,0,0,0
"POINT (9.726775731000030 52.544542190000101)",Unfall 21254 (2022) Kat:3, Licht: 0,21254,3,3,5,10,08,3,,0,1,1,0,0
"POINT (9.733577576000069 52.369165485000103)",Unfall 21256 (2022) Kat:3, Licht: 0,21256,3,3,5,10,12,4,,0,1,1,0,0
"POINT (9.521803159000060 52.351264598000100)",Unfall 21257 (2022) Kat:3, Licht: 2,21257,3,1,9,09,01,7,,2,0,1,0,0
"POINT (9.821797858000020 52.339239493000001)",Unfall 21268 (2022) Kat:3, Licht: 2,21268,3,3,5,10,04,5,,2,0,1,0,1
"POINT (9.863663310000049 52.332849683000099)",Unfall 21281 (2022) Kat:3, Licht: 0,21281,3,6,3,10,12,6,,0,0,1,0,0
"POINT (9.420842764000041 52.444729969999997)",Unfall 21286 (2022) Kat:2, Licht: 0,21286,2,3,5,10,18,6,,0,1,1,0,0
"POINT (10.026832527000099 52.316666568000102)",Unfall 21288 (2022) Kat:3, Licht: 0,21288,3,3,5,09,18,4,,0,1,1,0,0
"POINT (9.575286349000070 52.418973205000000)",Unfall 21291 (2022) Kat:3, Licht: 2,21291,3,2,5,10,22,2,,2,0,1,0,0
"POINT (9.650168897000070 52.393480298999997)",Unfall 21297 (2022) Kat:3, Licht: 2,21297,3,2,4,10,19,3,,2,0,0,0,0
"POINT (9.722421781000040 52.378507587999998)",Unfall 21299 (2022) Kat:3, Licht: 0,21299,3,2,5,10,11,3,,0,1,1,0,0
"POINT (9.778512259000021 52.327703925999998)",Unfall 21303 (2022) Kat:3, Licht: 0,21303,3,7,0,10,08,1,,0,1,0,0,0
"POINT (9.751408378000059 52.594862941000002)",Unfall 21307 (2022) Kat:3, Licht: 0,21307,3,6,2,10,10,7,,0,0,1,0,0
"POINT (9.468803717000069 52.463197899000100)",Unfall 21308 (2022) Kat:3, Licht: 0,21308,3,7,8,09,09,3,,0,0,1,0,0
"POINT (9.552084494000040 52.592772525000001)",Unfall 21331 (2022) Kat:3, Licht: 2,21331,3,6,4,11,18,2,,2,1,0,0,0
"POINT (9.631714888000030 52.420161875000097)",Unfall 21340 (2022) Kat:3, Licht: 0,21340,3,6,2,10,13,1,,0,0,1,0,0
"POINT (9.611024076000040 52.431531657999997)",Unfall 21360 (2022) Kat:3, Licht: 0,21360,3,2,5,10,09,7,,0,0,1,0,0
"POINT (9.863329307000070 52.373823547000001)",Unfall 21365 (2022) Kat:3, Licht: 0,21365,3,7,0,09,14,3,,0,0,0,0,1
"POINT (9.734061657000041 52.387337238000001)",Unfall 21366 (2022) Kat:3, Licht: 1,21366,3,6,2,09,19,3,,1,0,1,0,0
"POINT (10.060980648999999 52.371036029999999)",Unfall 21371 (2022) Kat:3, Licht: 2,21371,3,6,3,11,01,5,,2,0,1,0,0
"POINT (9.727649429000049 52.438950932000097)",Unfall 21373 (2022) Kat:3, Licht: 0,21373,3,2,5,10,10,7,,0,1,1,0,0
"POINT (9.723437497000081 52.377715996000099)",Unfall 21375 (2022) Kat:3, Licht: 0,21375,3,3,5,09,15,2,,0,1,1,0,0
"POINT (9.432543162000060 52.422258530000100)",Unfall 21388 (2022) Kat:3, Licht: 0,21388,3,5,0,10,15,4,,0,1,0,0,0
"POINT (9.583823022000050 52.397118861000102)",Unfall 21390 (2022) Kat:3, Licht: 0,21390,3,7,0,09,17,3,,0,0,0,0,0
"POINT (9.463005435000071 52.400616759999998)",Unfall 21392 (2022) Kat:3, Licht: 0,21392,3,5,4,09,11,3,,0,0,1,0,0
"POINT (9.781245740000029 52.326359796000098)",Unfall 21399 (2022) Kat:3, Licht: 0,21399,3,6,2,10,15,7,,0,0,1,0,0
"POINT (9.469895234000029 52.421363231999997)",Unfall 21404 (2022) Kat:3, Licht: 2,21404,3,1,8,09,21,6,,2,0,1,0,0
"POINT (9.796604926000040 52.347797514000000)",Unfall 21420 (2022) Kat:3, Licht: 0,21420,3,6,2,11,07,4,,0,0,1,0,0
"POINT (9.412243974000029 52.333353283000100)",Unfall 21432 (2022) Kat:3, Licht: 2,21432,3,6,3,09,23,1,,2,0,1,0,0
"POINT (9.897910868000050 52.380630846000003)",Unfall 21437 (2022) Kat:3, Licht: 1,21437,3,6,2,10,05,1,,1,0,1,0,0
"POINT (9.697837078000020 52.377065135000102)",Unfall 21438 (2022) Kat:3, Licht: 0,21438,3,6,2,10,12,1,,0,0,1,0,0
"POINT (9.648909911000031 52.412460023999998)",Unfall 21461 (2022) Kat:3, Licht: 2,21461,3,1,9,10,21,7,,2,0,1,0,0
"POINT (9.781456978000049 52.326384108000099)",Unfall 21473 (2022) Kat:3, Licht: 2,21473,3,1,0,10,18,6,,2,0,0,0,0
"POINT (9.726921284000071 52.381064512000101)",Unfall 21479 (2022) Kat:3, Licht: 0,21479,3,6,2,10,15,2,,0,0,1,0,0
"POINT (9.457192315000039 52.505481367000101)",Unfall 21494 (2022) Kat:3, Licht: 2,21494,3,5,1,11,22,5,,2,0,1,0,1
"POINT (9.563585433000069 52.394896156000101)",Unfall 21515 (2022) Kat:2, Licht: 0,21515,2,2,5,09,11,6,,0,0,1,0,1
"POINT (9.697660093000019 52.377221509000002)",Unfall 21521 (2022) Kat:3, Licht: 0,21521,3,6,2,10,11,3,,0,0,1,0,0
"POINT (9.449996388000050 52.504792770000101)",Unfall 21582 (2022) Kat:3, Licht: 0,21582,3,6,2,09,15,2,,0,0,1,0,0
"POINT (9.725211480000040 52.459883134000101)",Unfall 21585 (2022) Kat:3, Licht: 0,21585,3,3,5,10,12,4,,0,0,1,0,0
"POINT (10.198840597000100 52.456792331000003)",Unfall 21598 (2022) Kat:2, Licht: 0,21598,2,1,0,10,17,2,,0,0,0,0,0
"POINT (9.442689195000071 52.504539345000097)",Unfall 21599 (2022) Kat:3, Licht: 0,21599,3,2,5,10,17,4,,0,0,1,0,1
"POINT (9.965913907000070 52.315609310000099)",Unfall 21606 (2022) Kat:3, Licht: 0,21606,3,4,6,10,10,6,,0,0,1,1,0
"POINT (9.757771258000050 52.370253507000001)",Unfall 21624 (2022) Kat:3, Licht: 0,21624,3,5,0,09,14,5,,0,0,1,0,0
"POINT (9.773322093000051 52.343025795000102)",Unfall 21626 (2022) Kat:3, Licht: 1,21626,3,6,2,09,18,1,,1,0,1,0,0
"POINT (9.760728297000069 52.370359123000100)",Unfall 21635 (2022) Kat:3, Licht: 0,21635,3,6,2,09,14,3,,0,0,1,0,0
"POINT (10.273777842000101 52.473791762000097)",Unfall 21639 (2022) Kat:3, Licht: 1,21639,3,6,2,10,19,2,,1,0,1,0,0
"POINT (9.412416919000069 52.333295729000000)",Unfall 21643 (2022) Kat:3, Licht: 2,21643,3,6,2,10,20,2,,2,0,1,0,0
"POINT (9.743604958000050 52.368069583000100)",Unfall 21657 (2022) Kat:3, Licht: 0,21657,3,2,3,09,16,6,,0,1,1,0,0
"POINT (10.016232140000101 52.452539666000099)",Unfall 21663 (2022) Kat:3, Licht: 0,21663,3,3,5,11,10,1,,0,0,1,0,0
"POINT (9.796359244000030 52.312300587999999)",Unfall 21664 (2022) Kat:3, Licht: 2,21664,3,6,1,10,20,1,,2,0,1,0,0
"POINT (9.762966760000040 52.370578025000000)",Unfall 21668 (2022) Kat:3, Licht: 0,21668,3,6,2,09,12,3,,0,0,1,0,0
"POINT (9.667912829000040 52.341998050000001)",Unfall 21672 (2022) Kat:3, Licht: 0,21672,3,3,5,10,18,7,,0,0,1,0,0
"POINT (9.693725737000021 52.420142759999997)",Unfall 21678 (2022) Kat:3, Licht: 0,21678,3,1,8,09,09,1,,0,0,1,0,0
"POINT (9.738876586000060 52.437778397000002)",Unfall 21689 (2022) Kat:3, Licht: 0,21689,3,3,5,10,14,5,,0,1,1,0,0
"POINT (9.351590480000031 52.394582718000002)",Unfall 21690 (2022) Kat:3, Licht: 0,21690,3,6,0,09,12,6,,0,1,0,0,0
"POINT (9.462710633000031 52.331952420000100)",Unfall 21692 (2022) Kat:3, Licht: 0,21692,3,7,0,09,10,2,,0,0,1,0,0
"POINT (9.627945059000069 52.422225118000000)",Unfall 21698 (2022) Kat:3, Licht: 0,21698,3,6,2,09,14,2,,0,0,1,0,0
"POINT (10.101661275000000 52.364333762000101)",Unfall 21701 (2022) Kat:3, Licht: 0,21701,3,6,3,10,16,4,,0,0,1,0,0
"POINT (9.713423568000049 52.361915568000001)",Unfall 21705 (2022) Kat:3, Licht: 0,21705,3,6,2,10,14,2,,0,0,0,0,0
"POINT (9.628460843000029 52.292447246999998)",Unfall 21712 (2022) Kat:3, Licht: 0,21712,3,3,5,10,16,6,,0,0,1,0,0
"POINT (9.722606463000030 52.378408426000099)",Unfall 21718 (2022) Kat:3, Licht: 2,21718,3,6,2,10,20,1,,2,0,1,0,1
"POINT (9.799875901000060 52.407603985999998)",Unfall 21719 (2022) Kat:3, Licht: 2,21719,3,7,0,11,19,4,,2,1,0,0,0
"POINT (9.723442278000050 52.377713440000001)",Unfall 21721 (2022) Kat:2, Licht: 0,21721,2,3,5,10,16,6,,0,1,1,0,0
"POINT (9.539008660000039 52.461727637000102)",Unfall 21731 (2022) Kat:3, Licht: 0,21731,3,3,5,10,13,6,,0,0,1,0,0
"POINT (9.750713034000061 52.595557913999997)",Unfall 21733 (2022) Kat:3, Licht: 0,21733,3,6,2,10,12,7,,0,0,1,0,0
"POINT (9.761901108000069 52.345825066000003)",Unfall 21736 (2022) Kat:3, Licht: 2,21736,3,3,0,11,05,6,,2,0,1,0,1
"POINT (9.837929653000060 52.276004813999997)",Unfall 21745 (2022) Kat:3, Licht: 0,21745,3,7,2,11,14,3,,0,0,1,0,0
"POINT (9.721295560000041 52.360767445000100)",Unfall 21746 (2022) Kat:3, Licht: 0,21746,3,2,5,10,15,3,,0,1,1,0,0
"POINT (9.466143561000020 52.418601856000102)",Unfall 21756 (2022) Kat:2, Licht: 2,21756,2,2,2,09,19,6,,2,0,1,0,1
"POINT (9.813790639000050 52.317625300000003)",Unfall 21771 (2022) Kat:3, Licht: 0,21771,3,1,0,10,08,3,,0,0,0,0,1
"POINT (9.719316482000069 52.421486856000101)",Unfall 21776 (2022) Kat:3, Licht: 0,21776,3,6,2,10,09,4,,0,0,1,0,0
"POINT (9.780964788000061 52.364663829999998)",Unfall 21796 (2022) Kat:3, Licht: 0,21796,3,6,2,09,07,5,,0,0,1,0,0
"POINT (9.806994142000059 52.336221344000101)",Unfall 21803 (2022) Kat:3, Licht: 0,21803,3,6,2,10,08,4,,0,0,1,0,0
"POINT (9.620497482000079 52.211066829000103)",Unfall 21812 (2022) Kat:3, Licht: 0,21812,3,7,0,10,11,4,,0,1,0,0,0
"POINT (9.732003922000050 52.617842523000000)",Unfall 21813 (2022) Kat:3, Licht: 2,21813,3,7,9,10,01,7,,2,0,1,0,0
"POINT (9.430045373000040 52.425861032999997)",Unfall 21829 (2022) Kat:2, Licht: 0,21829,2,6,6,11,14,7,,0,1,0,1,0
"POINT (9.621781126000030 52.426556359000102)",Unfall 21832 (2022) Kat:2, Licht: 0,21832,2,2,3,09,18,5,,0,0,1,0,1
"POINT (9.783604948000059 52.372323145999999)",Unfall 21841 (2022) Kat:3, Licht: 0,21841,3,6,3,09,16,5,,0,0,1,0,1
"POINT (9.789466931000049 52.317001382999997)",Unfall 21859 (2022) Kat:2, Licht: 0,21859,2,7,0,11,12,6,,0,0,1,0,0
"POINT (9.946755472000060 52.288192410000100)",Unfall 21872 (2022) Kat:1, Licht: 2,21872,1,1,9,10,02,7,,2,0,1,0,0
"POINT (9.451910934000070 52.372828358000000)",Unfall 21874 (2022) Kat:3, Licht: 0,21874,3,6,2,09,14,5,,0,0,1,0,0
"POINT (9.542269707000059 52.462265836000000)",Unfall 21880 (2022) Kat:2, Licht: 0,21880,2,3,5,09,13,3,,0,1,1,0,0
"POINT (9.804964921000019 52.337831902000097)",Unfall 21884 (2022) Kat:3, Licht: 0,21884,3,1,8,10,18,7,,0,0,1,0,0
"POINT (9.919517674000080 52.395107901000102)",Unfall 21893 (2022) Kat:3, Licht: 2,21893,3,6,2,11,18,3,,2,0,1,0,0
"POINT (9.568592795000029 52.303628306000100)",Unfall 21901 (2022) Kat:3, Licht: 0,21901,3,1,8,09,15,3,,0,0,1,0,0
"POINT (10.130453060000001 52.398125250000099)",Unfall 21911 (2022) Kat:3, Licht: 2,21911,3,3,5,10,20,3,,2,0,1,0,0
"POINT (9.668964730000029 52.344949356000001)",Unfall 21914 (2022) Kat:3, Licht: 1,21914,3,3,5,09,18,6,,1,0,1,0,0
"POINT (9.466085366000071 52.427716089000100)",Unfall 21918 (2022) Kat:3, Licht: 0,21918,3,5,4,10,12,1,,0,0,1,0,0
"POINT (9.627184115000031 52.423179793000003)",Unfall 21919 (2022) Kat:3, Licht: 0,21919,3,2,6,09,08,4,,0,0,1,1,0
"POINT (10.014929239000001 52.451836718999999)",Unfall 21920 (2022) Kat:3, Licht: 0,21920,3,6,8,10,13,6,,0,1,0,1,0
"POINT (9.452138387000049 52.435614469000001)",Unfall 21932 (2022) Kat:3, Licht: 0,21932,3,6,4,10,15,7,,0,1,0,0,0
"POINT (9.410066046000050 52.333958934000101)",Unfall 21937 (2022) Kat:2, Licht: 1,21937,2,3,5,10,19,1,,1,0,1,0,0
"POINT (9.818011481000040 52.409029412999999)",Unfall 21940 (2022) Kat:3, Licht: 0,21940,3,2,5,09,09,1,,0,0,1,0,0
"POINT (9.587598526000020 52.439863961000100)",Unfall 21956 (2022) Kat:3, Licht: 0,21956,3,6,2,11,09,4,,0,0,1,0,0
"POINT (9.577896441000060 52.423527939000103)",Unfall 21965 (2022) Kat:2, Licht: 2,21965,2,1,9,12,02,1,,2,0,1,0,0
"POINT (9.863378052000030 52.373935498999998)",Unfall 21969 (2022) Kat:3, Licht: 0,21969,3,6,2,11,14,6,,0,0,1,0,0
"POINT (9.775295072000061 52.330375783000100)",Unfall 21971 (2022) Kat:3, Licht: 0,21971,3,2,5,12,11,6,,0,0,1,0,0
"POINT (9.460655080000040 52.309977568000100)",Unfall 21981 (2022) Kat:3, Licht: 1,21981,3,2,2,11,07,5,,1,0,1,0,0
"POINT (9.839265283000030 52.417849003000100)",Unfall 21984 (2022) Kat:3, Licht: 0,21984,3,6,3,12,13,4,,0,0,1,0,0
"POINT (9.779708232000081 52.425593171999999)",Unfall 21987 (2022) Kat:3, Licht: 0,21987,3,7,9,11,10,2,,0,0,1,0,0
"POINT (9.623953537000030 52.291084638000001)",Unfall 22024 (2022) Kat:3, Licht: 0,22024,3,1,8,11,14,6,,0,0,1,0,0
"POINT (9.627911735000049 52.394429172999999)",Unfall 22027 (2022) Kat:3, Licht: 1,22027,3,2,2,11,17,3,,1,0,1,0,0
"POINT (9.583000125000069 52.397126479000100)",Unfall 22038 (2022) Kat:3, Licht: 2,22038,3,6,4,12,07,5,,2,1,0,0,0
"POINT (9.782984090000070 52.259742717999998)",Unfall 22054 (2022) Kat:2, Licht: 0,22054,2,1,8,12,13,2,,0,0,1,0,0
"POINT (9.649057877000081 52.395999285000102)",Unfall 22061 (2022) Kat:2, Licht: 0,22061,2,6,4,11,13,6,,0,0,1,0,0
"POINT (9.732352308000030 52.435298908999997)",Unfall 22063 (2022) Kat:3, Licht: 0,22063,3,6,2,12,15,6,,0,0,1,0,0
"POINT (9.575291895000021 52.418972512000003)",Unfall 22084 (2022) Kat:3, Licht: 0,22084,3,2,5,12,13,6,,0,0,1,0,0
"POINT (9.679348817000060 52.433232742000001)",Unfall 22105 (2022) Kat:3, Licht: 2,22105,3,6,2,11,16,2,,2,0,1,0,0
"POINT (9.689127953000019 52.378087903999997)",Unfall 22107 (2022) Kat:3, Licht: 2,22107,3,1,0,12,18,6,,2,1,0,0,0
"POINT (9.355429044000060 52.452096418000103)",Unfall 22111 (2022) Kat:3, Licht: 1,22111,3,1,0,12,15,2,,1,1,0,0,0
"POINT (9.600373123000050 52.394383120000001)",Unfall 22112 (2022) Kat:3, Licht: 1,22112,3,5,0,11,07,6,,1,1,1,0,0
"POINT (9.730081824000020 52.382195148999998)",Unfall 22115 (2022) Kat:3, Licht: 2,22115,3,2,5,12,19,7,,2,0,1,0,0
"POINT (9.486815379000060 52.560524061000102)",Unfall 22131 (2022) Kat:3, Licht: 0,22131,3,3,5,12,14,3,,0,0,1,0,0
"POINT (9.836435517000041 52.499320112000099)",Unfall 22150 (2022) Kat:3, Licht: 0,22150,3,1,8,11,13,3,,0,1,0,0,0
"POINT (9.733470157000060 52.384482071000001)",Unfall 22153 (2022) Kat:3, Licht: 2,22153,3,6,2,11,17,4,,2,0,1,0,0
"POINT (9.732012494000060 52.429474042999999)",Unfall 22162 (2022) Kat:3, Licht: 2,22162,3,2,5,12,06,5,,2,0,0,0,0
"POINT (9.773149761000070 52.333116598000103)",Unfall 22172 (2022) Kat:3, Licht: 2,22172,3,3,5,12,19,6,,2,1,1,0,0
"POINT (9.767963758000059 52.298287414000100)",Unfall 22179 (2022) Kat:3, Licht: 0,22179,3,1,0,11,15,3,,0,1,0,0,0
"POINT (9.724997111000050 52.521669420000102)",Unfall 22186 (2022) Kat:3, Licht: 0,22186,3,3,5,12,11,6,,0,0,1,0,0
"POINT (9.554793381000019 52.421409899000103)",Unfall 22190 (2022) Kat:3, Licht: 0,22190,3,6,2,12,12,5,,0,0,1,0,0
"POINT (9.748882068000061 52.362229438999996)",Unfall 22191 (2022) Kat:3, Licht: 0,22191,3,6,3,11,08,3,,0,1,0,0,0
"POINT (9.800165488000060 52.406378489000097)",Unfall 22202 (2022) Kat:3, Licht: 0,22202,3,6,0,12,11,5,,0,1,1,0,0
"POINT (9.941655756000049 52.498850384999997)",Unfall 22207 (2022) Kat:3, Licht: 1,22207,3,3,5,12,16,6,,1,0,1,0,0
"POINT (9.734205240000049 52.369056168000000)",Unfall 22212 (2022) Kat:3, Licht: 2,22212,3,2,5,11,17,6,,2,1,1,0,0
"POINT (9.782554516000060 52.372056493999999)",Unfall 22220 (2022) Kat:3, Licht: 2,22220,3,2,5,12,23,3,,2,1,0,0,0
"POINT (9.627310563000041 52.423230689000000)",Unfall 22231 (2022) Kat:3, Licht: 0,22231,3,6,2,12,13,6,,0,0,1,0,0
"POINT (10.169065775000000 52.415538395000098)",Unfall 22245 (2022) Kat:3, Licht: 2,22245,3,7,8,12,06,3,,2,0,1,0,0
"POINT (9.730384694000071 52.383781892999998)",Unfall 22260 (2022) Kat:2, Licht: 0,22260,2,3,0,11,12,3,,0,0,1,0,1
"POINT (9.983838103000039 52.444599654000100)",Unfall 22261 (2022) Kat:3, Licht: 2,22261,3,7,6,11,18,5,,2,0,1,1,0
"POINT (9.691580992000070 52.376750866000101)",Unfall 22276 (2022) Kat:2, Licht: 2,22276,2,4,6,11,17,3,,2,1,0,1,0
"POINT (9.730199181000049 52.368952132000103)",Unfall 22284 (2022) Kat:3, Licht: 2,22284,3,3,5,12,18,1,,2,1,1,0,0
"POINT (9.764371746000050 52.342871662000100)",Unfall 22289 (2022) Kat:3, Licht: 0,22289,3,2,5,12,09,6,,0,0,1,0,0
"POINT (9.676322326000051 52.393920509000097)",Unfall 22309 (2022) Kat:3, Licht: 0,22309,3,6,2,12,15,7,,0,0,1,0,0
"POINT (9.724180837000061 52.379741213999999)",Unfall 22327 (2022) Kat:3, Licht: 2,22327,3,6,2,11,00,1,,2,0,1,0,0
"POINT (9.815441336000051 52.303414657000097)",Unfall 22338 (2022) Kat:3, Licht: 0,22338,3,4,6,11,07,6,,0,0,0,1,0
"POINT (9.600133531000040 52.319824568999998)",Unfall 22340 (2022) Kat:3, Licht: 2,22340,3,6,2,12,17,4,,2,0,1,0,0
"POINT (9.522213455000040 52.406203327000100)",Unfall 22355 (2022) Kat:3, Licht: 0,22355,3,2,2,11,12,2,,0,0,1,0,0
"POINT (9.821058501000040 52.297557794000099)",Unfall 22359 (2022) Kat:2, Licht: 2,22359,2,6,2,11,06,4,,2,0,1,0,0
"POINT (9.735658621000031 52.396197049000101)",Unfall 22361 (2022) Kat:3, Licht: 2,22361,3,3,5,11,05,4,,2,1,1,0,0
"POINT (9.650726594000050 52.390995960000097)",Unfall 22386 (2022) Kat:2, Licht: 2,22386,2,2,6,11,17,5,,2,0,1,1,0
"POINT (9.924559888000029 52.366178083000101)",Unfall 22389 (2022) Kat:3, Licht: 2,22389,3,2,5,12,17,4,,2,0,1,0,0
"POINT (9.885057466000029 52.466977032999999)",Unfall 22390 (2022) Kat:3, Licht: 0,22390,3,7,0,12,14,3,,0,0,1,0,0
"POINT (9.933397842000030 52.337289533000003)",Unfall 22392 (2022) Kat:3, Licht: 0,22392,3,6,2,11,13,2,,0,0,1,0,0
"POINT (9.936375955000070 52.445531428999999)",Unfall 22398 (2022) Kat:2, Licht: 2,22398,2,2,4,12,16,6,,2,0,1,0,0
"POINT (9.728372211000019 52.374096634000097)",Unfall 22414 (2022) Kat:3, Licht: 0,22414,3,2,5,12,13,2,,0,1,1,0,0
"POINT (9.730306569000049 52.382272721000000)",Unfall 22417 (2022) Kat:3, Licht: 1,22417,3,2,3,12,16,5,,1,1,1,0,0
"POINT (9.720208619000060 52.391725186000002)",Unfall 22418 (2022) Kat:3, Licht: 0,22418,3,6,2,12,16,5,,0,1,0,0,0
"POINT (9.814909642000030 52.303484298999997)",Unfall 22440 (2022) Kat:3, Licht: 0,22440,3,6,2,11,16,3,,0,0,1,0,0
"POINT (9.827878514000080 52.360974419999998)",Unfall 22448 (2022) Kat:3, Licht: 1,22448,3,2,3,12,16,2,,1,1,1,0,0
"POINT (9.512667114000070 52.412294822000000)",Unfall 22460 (2022) Kat:3, Licht: 2,22460,3,7,2,11,17,4,,2,0,1,0,0
"POINT (9.892573145000030 52.429752420000099)",Unfall 22461 (2022) Kat:2, Licht: 2,22461,2,6,2,11,06,6,,2,0,1,0,1
"POINT (9.690575687000029 52.430229799000102)",Unfall 22465 (2022) Kat:3, Licht: 0,22465,3,6,2,11,13,3,,0,0,0,0,0
"POINT (9.456603735000041 52.485771200000002)",Unfall 22469 (2022) Kat:3, Licht: 0,22469,3,1,0,12,09,3,,0,0,0,0,1
"POINT (9.626636982000040 52.267380948000003)",Unfall 22476 (2022) Kat:3, Licht: 2,22476,3,1,8,12,18,5,,2,0,1,0,0
"POINT (9.650043124000041 52.423938834000097)",Unfall 22505 (2022) Kat:3, Licht: 2,22505,3,6,4,12,16,5,,2,1,0,0,0
"POINT (9.726939438000040 52.381072289000002)",Unfall 22513 (2022) Kat:3, Licht: 0,22513,3,3,5,12,10,4,,0,1,1,0,0
"POINT (9.837038128000071 52.490801353999998)",Unfall 22522 (2022) Kat:3, Licht: 0,22522,3,3,0,12,13,6,,0,0,1,0,0
"POINT (9.484082922000029 52.456132147000098)",Unfall 22527 (2022) Kat:2, Licht: 0,22527,2,1,0,11,15,6,,0,0,0,0,1
"POINT (9.718866096000060 52.333486997000101)",Unfall 22537 (2022) Kat:3, Licht: 2,22537,3,3,5,12,19,3,,2,0,1,0,0
"POINT (9.972973547000040 52.315285735000003)",Unfall 22556 (2022) Kat:3, Licht: 0,22556,3,3,5,11,15,3,,0,0,1,0,1
"POINT (9.722534785000050 52.378446912000101)",Unfall 22564 (2022) Kat:3, Licht: 2,22564,3,6,2,12,19,2,,2,0,1,0,0
"POINT (9.735262767000050 52.394560279000103)",Unfall 22567 (2022) Kat:3, Licht: 2,22567,3,6,2,11,16,6,,2,0,1,0,0
"POINT (9.544738355000050 52.462130656000099)",Unfall 22568 (2022) Kat:3, Licht: 1,22568,3,3,5,12,16,5,,1,0,1,0,0
"POINT (9.875098269000031 52.437895322000003)",Unfall 22578 (2022) Kat:3, Licht: 0,22578,3,1,9,11,11,5,,0,0,1,0,0
"POINT (9.779609711000029 52.366628398000003)",Unfall 22584 (2022) Kat:3, Licht: 0,22584,3,6,2,12,14,2,,0,0,1,0,0
"POINT (9.466997094000019 52.395913282999999)",Unfall 22593 (2022) Kat:3, Licht: 0,22593,3,6,2,11,10,3,,0,0,1,0,0
"POINT (9.815394592000080 52.313060839999999)",Unfall 22597 (2022) Kat:2, Licht: 2,22597,2,1,8,12,19,3,,2,0,1,0,0
"POINT (9.884815715000061 52.358858632000100)",Unfall 22610 (2022) Kat:3, Licht: 0,22610,3,6,3,11,08,4,,0,0,1,0,0
"POINT (9.826144608000050 52.362370908000102)",Unfall 22632 (2022) Kat:3, Licht: 2,22632,3,3,5,12,06,5,,2,0,1,0,0
"POINT (9.646890214000051 52.397289928000099)",Unfall 22637 (2022) Kat:3, Licht: 2,22637,3,2,6,11,17,5,,2,0,1,1,0
"POINT (9.493685090000040 52.415072684999998)",Unfall 22640 (2022) Kat:3, Licht: 2,22640,3,6,2,12,19,4,,2,0,1,0,0
"POINT (9.725050357000040 52.376684863000001)",Unfall 22662 (2022) Kat:2, Licht: 2,22662,2,2,6,12,06,3,,2,0,1,1,0
"POINT (9.697207792000031 52.378204451999999)",Unfall 22730 (2022) Kat:3, Licht: 0,22730,3,6,2,12,13,5,,0,0,1,0,0
"POINT (9.629758920000031 52.208931292000003)",Unfall 22736 (2022) Kat:3, Licht: 0,22736,3,3,5,12,14,5,,0,0,1,0,0
"POINT (9.881379237000029 52.435626173000102)",Unfall 22746 (2022) Kat:3, Licht: 2,22746,3,6,2,11,06,6,,2,0,1,0,0
"POINT (9.676670927000030 52.356915220000097)",Unfall 22748 (2022) Kat:2, Licht: 0,22748,2,2,5,12,13,4,,0,1,1,0,0
"POINT (9.708814212000050 52.366044989000002)",Unfall 22771 (2022) Kat:3, Licht: 2,22771,3,2,6,12,17,1,,2,0,1,1,0
"POINT (9.976930406000060 52.372741499000000)",Unfall 22782 (2022) Kat:3, Licht: 0,22782,3,6,2,12,10,4,,0,0,1,0,0
"POINT (9.646757284000049 52.413607734999999)",Unfall 22786 (2022) Kat:3, Licht: 0,22786,3,6,2,12,14,3,,0,0,1,0,0
"POINT (9.752986608000070 52.319275554999997)",Unfall 22814 (2022) Kat:3, Licht: 2,22814,3,6,0,12,17,3,,2,1,0,0,0
"POINT (9.636897328000030 52.416978436000100)",Unfall 22820 (2022) Kat:3, Licht: 0,22820,3,6,2,12,14,6,,0,0,1,0,0
"POINT (9.480955610000020 52.503497717000101)",Unfall 22824 (2022) Kat:3, Licht: 1,22824,3,3,5,12,15,6,,1,1,1,0,0
"POINT (9.782906159000049 52.324315065000100)",Unfall 22833 (2022) Kat:3, Licht: 2,22833,3,4,6,12,19,4,,2,0,1,1,0
"POINT (9.711815531000070 52.441138846000101)",Unfall 22836 (2022) Kat:3, Licht: 0,22836,3,3,5,12,12,2,,0,0,1,0,0
"POINT (9.722767900000060 52.358645703000001)",Unfall 22846 (2022) Kat:3, Licht: 0,22846,3,7,0,11,12,7,,0,1,0,0,0
"POINT (9.767474269000051 52.339298916000097)",Unfall 22848 (2022) Kat:3, Licht: 2,22848,3,1,0,11,17,3,,2,0,0,0,1
"POINT (9.971075617000050 52.339710261000100)",Unfall 22864 (2022) Kat:3, Licht: 0,22864,3,6,2,12,12,6,,0,0,1,0,0
"POINT (9.950527162000069 52.330178748000002)",Unfall 22869 (2022) Kat:2, Licht: 0,22869,2,6,4,11,15,6,,0,0,1,0,0
"POINT (9.599102409000070 52.435411731000002)",Unfall 22886 (2022) Kat:3, Licht: 0,22886,3,6,2,11,14,2,,0,0,1,0,0
"POINT (9.736396033000061 52.438153391000100)",Unfall 22900 (2022) Kat:3, Licht: 2,22900,3,3,5,11,18,7,,2,1,1,0,0
"POINT (9.609175082000039 52.439634523000102)",Unfall 22903 (2022) Kat:3, Licht: 2,22903,3,2,6,12,20,7,,2,0,1,1,0
"POINT (9.701005402000019 52.371138403000003)",Unfall 22907 (2022) Kat:3, Licht: 2,22907,3,6,2,12,07,6,,2,0,1,0,0
"POINT (9.719540693000059 52.367493897000003)",Unfall 22908 (2022) Kat:3, Licht: 2,22908,3,2,5,11,06,5,,2,1,1,0,0
"POINT (9.827113091000060 52.343838709000103)",Unfall 22914 (2022) Kat:3, Licht: 0,22914,3,4,6,11,15,7,,0,0,1,1,0
"POINT (9.493981844000070 52.338657687000101)",Unfall 22922 (2022) Kat:3, Licht: 0,22922,3,7,0,11,10,4,,0,0,1,0,0
"POINT (9.730081824000020 52.382195148999998)",Unfall 22933 (2022) Kat:3, Licht: 0,22933,3,6,2,12,10,2,,0,0,1,0,0
"POINT (9.858412020000060 52.491735050999999)",Unfall 22957 (2022) Kat:3, Licht: 0,22957,3,3,5,11,10,7,,0,0,1,0,0
"POINT (9.691268094000071 52.332266705000102)",Unfall 22968 (2022) Kat:3, Licht: 2,22968,3,3,5,11,19,3,,2,0,1,0,0
"POINT (9.721127362000059 52.361249624999999)",Unfall 22990 (2022) Kat:3, Licht: 2,22990,3,3,5,11,16,6,,2,1,1,0,0
"POINT (9.463367256000030 52.400189517000101)",Unfall 22993 (2022) Kat:3, Licht: 0,22993,3,6,2,11,10,3,,0,0,1,0,0
"POINT (9.633739410000031 52.421941511999997)",Unfall 22996 (2022) Kat:3, Licht: 2,22996,3,6,2,11,06,4,,2,0,1,0,0
"POINT (9.455488322000059 52.374871674000097)",Unfall 22999 (2022) Kat:3, Licht: 0,22999,3,6,2,12,13,3,,0,0,1,0,0
"POINT (9.713544357000050 52.476334653999999)",Unfall 23000 (2022) Kat:3, Licht: 0,23000,3,3,5,12,13,2,,0,0,1,0,0
"POINT (9.730088371000020 52.382197408000103)",Unfall 23003 (2022) Kat:3, Licht: 0,23003,3,7,0,11,15,7,,0,1,0,0,0
"POINT (9.763142900000050 52.344418991000097)",Unfall 23028 (2022) Kat:3, Licht: 0,23028,3,2,6,11,11,6,,0,0,0,1,0
"POINT (9.977090408000040 52.373649608000100)",Unfall 23054 (2022) Kat:3, Licht: 0,23054,3,6,4,11,13,5,,0,1,0,0,0
"POINT (9.638936863000030 52.413417880000097)",Unfall 23059 (2022) Kat:3, Licht: 2,23059,3,6,2,12,07,4,,2,0,1,0,0
"POINT (9.714789469000040 52.366593529000099)",Unfall 23067 (2022) Kat:3, Licht: 2,23067,3,2,4,12,17,3,,2,1,1,0,0
"POINT (9.959703498000071 52.390276106999998)",Unfall 23071 (2022) Kat:3, Licht: 1,23071,3,7,3,12,07,5,,1,0,1,0,0
"POINT (9.740473952000061 52.607458001000097)",Unfall 23075 (2022) Kat:3, Licht: 2,23075,3,6,2,11,22,3,,2,0,1,0,0
"POINT (9.625988878000040 52.280914906000099)",Unfall 23079 (2022) Kat:3, Licht: 0,23079,3,6,2,11,10,5,,0,0,1,0,0
"POINT (9.833490786000031 52.386432890999998)",Unfall 23091 (2022) Kat:3, Licht: 0,23091,3,3,5,12,09,6,,0,1,1,0,0
"POINT (9.788080858000059 52.454753976000099)",Unfall 23098 (2022) Kat:3, Licht: 2,23098,3,3,5,12,07,4,,2,0,1,0,0
"POINT (9.694955500000050 52.380644998999998)",Unfall 23112 (2022) Kat:3, Licht: 1,23112,3,6,2,12,08,5,,1,0,1,0,0
"POINT (9.841751854000050 52.395170210000103)",Unfall 23115 (2022) Kat:3, Licht: 0,23115,3,4,6,11,12,2,,0,0,1,1,0
"POINT (9.765920055000040 52.341095932000002)",Unfall 23129 (2022) Kat:2, Licht: 1,23129,2,7,0,12,15,3,,1,0,0,0,0
"POINT (9.404061873000050 52.426171984000099)",Unfall 23136 (2022) Kat:3, Licht: 0,23136,3,7,0,12,13,5,,0,0,0,0,1
"POINT (9.572006051000070 52.285060347000098)",Unfall 23143 (2022) Kat:3, Licht: 0,23143,3,4,6,11,14,4,,0,0,1,1,0
"POINT (9.887890543000029 52.466143230999997)",Unfall 23169 (2022) Kat:3, Licht: 1,23169,3,1,1,11,16,3,,1,0,1,0,0
"POINT (9.988528114000079 52.462090873000101)",Unfall 23182 (2022) Kat:3, Licht: 0,23182,3,2,2,12,11,7,,0,0,1,0,0
"POINT (9.430039975000060 52.425915633999999)",Unfall 23201 (2022) Kat:3, Licht: 2,23201,3,4,6,12,21,5,,2,0,1,1,0
"POINT (9.710365620000060 52.406711868000102)",Unfall 23206 (2022) Kat:3, Licht: 2,23206,3,3,5,12,22,6,,2,1,1,0,0
"POINT (9.743320548000041 52.368220276000002)",Unfall 23211 (2022) Kat:3, Licht: 2,23211,3,2,5,11,16,4,,2,1,1,0,0
"POINT (9.764380929000030 52.342861685000102)",Unfall 23215 (2022) Kat:2, Licht: 2,23215,2,2,5,11,18,3,,2,0,1,0,1
"POINT (9.677589202000039 52.371667322000100)",Unfall 23220 (2022) Kat:3, Licht: 0,23220,3,7,8,11,13,1,,0,0,1,0,0
"POINT (9.457079278000039 52.505728621999999)",Unfall 23221 (2022) Kat:3, Licht: 1,23221,3,3,5,11,15,4,,1,1,1,0,0
"POINT (9.938893419000070 52.499889956000104)",Unfall 23223 (2022) Kat:3, Licht: 0,23223,3,5,0,12,09,1,,0,0,1,0,0
"POINT (9.677801784000049 52.324462652000101)",Unfall 23233 (2022) Kat:3, Licht: 2,23233,3,7,8,12,03,6,,2,0,0,0,0
"POINT (10.114322547000000 52.348429999000103)",Unfall 23265 (2022) Kat:3, Licht: 2,23265,3,3,5,12,17,5,,2,1,1,0,0
"POINT (9.743610111000070 52.368982496999998)",Unfall 23274 (2022) Kat:3, Licht: 1,23274,3,3,5,12,06,4,,1,0,1,0,0
"POINT (9.485252933000030 52.395013792999997)",Unfall 23276 (2022) Kat:3, Licht: 2,23276,3,6,3,12,16,6,,2,0,1,0,0
"POINT (9.764202907000030 52.426932884000102)",Unfall 23279 (2022) Kat:3, Licht: 2,23279,3,6,3,12,19,4,,2,0,1,0,0
"POINT (9.726359303000040 52.365794239000103)",Unfall 23281 (2022) Kat:3, Licht: 0,23281,3,6,2,12,08,2,,0,0,1,0,0
"POINT (9.632486690000061 52.446655076000098)",Unfall 23284 (2022) Kat:3, Licht: 2,23284,3,1,8,12,17,1,,2,0,1,0,0
"POINT (9.824880187000080 52.299263198000098)",Unfall 23286 (2022) Kat:3, Licht: 2,23286,3,6,2,12,18,7,,2,0,1,0,0
"POINT (9.800203849000070 52.406276035000097)",Unfall 23290 (2022) Kat:3, Licht: 2,23290,3,2,5,12,19,6,,2,1,1,0,0
"POINT (10.054769095999999 52.372830430000100)",Unfall 23291 (2022) Kat:3, Licht: 2,23291,3,7,8,12,19,5,,2,0,1,0,0
"POINT (9.735804475000069 52.399762717999998)",Unfall 23300 (2022) Kat:3, Licht: 0,23300,3,6,2,12,15,5,,0,0,1,0,1
"POINT (9.578724724000040 52.385432809000100)",Unfall 23303 (2022) Kat:3, Licht: 2,23303,3,7,7,12,22,3,,2,0,1,0,0
"POINT (9.676443961000070 52.355699748000099)",Unfall 23307 (2022) Kat:3, Licht: 0,23307,3,2,2,12,14,1,,0,0,1,0,0
"POINT (9.477135500000029 52.387413742000000)",Unfall 23324 (2022) Kat:3, Licht: 2,23324,3,6,4,11,17,2,,2,0,1,0,0
"POINT (9.450979360000080 52.329592785000003)",Unfall 23334 (2022) Kat:3, Licht: 0,23334,3,2,5,12,13,6,,0,0,1,0,0
"POINT (10.068913760999999 52.474949516999999)",Unfall 23347 (2022) Kat:2, Licht: 0,23347,2,1,0,11,09,1,,0,1,0,0,0
"POINT (9.740076952000040 52.368242006999999)",Unfall 23355 (2022) Kat:3, Licht: 2,23355,3,2,5,12,17,6,,2,1,1,0,0
"POINT (9.604751043000020 52.422547223999999)",Unfall 23377 (2022) Kat:3, Licht: 0,23377,3,6,2,12,09,6,,0,0,0,0,0
"POINT (9.892513354000069 52.494115738000097)",Unfall 23383 (2022) Kat:3, Licht: 0,23383,3,6,2,12,09,5,,0,1,1,0,0
"POINT (9.792293875000039 52.335023192000101)",Unfall 23391 (2022) Kat:3, Licht: 0,23391,3,6,2,12,14,3,,0,0,1,0,0
"POINT (9.431642355000060 52.422569152999998)",Unfall 23406 (2022) Kat:3, Licht: 2,23406,3,2,6,12,07,2,,2,0,1,1,0
"POINT (9.822845587000071 52.308826492000001)",Unfall 23415 (2022) Kat:3, Licht: 0,23415,3,6,3,12,08,5,,0,0,1,0,0
"POINT (9.610742536000030 52.297179104000101)",Unfall 23423 (2022) Kat:2, Licht: 2,23423,2,6,4,12,17,5,,2,0,1,0,0
"POINT (9.412741256000061 52.332957675999999)",Unfall 23439 (2022) Kat:3, Licht: 2,23439,3,6,2,11,18,6,,2,0,1,0,0
"POINT (9.712302463000070 52.378405632000103)",Unfall 23457 (2022) Kat:3, Licht: 2,23457,3,6,2,12,04,6,,2,0,1,0,0
"POINT (9.741389465000051 52.515894023999998)",Unfall 23475 (2022) Kat:2, Licht: 2,23475,2,1,8,12,17,7,,2,0,1,0,0
"POINT (9.881821495000050 52.356007298000101)",Unfall 23479 (2022) Kat:3, Licht: 2,23479,3,6,3,12,19,6,,2,0,1,0,0
"POINT (9.646784946000031 52.397444604000000)",Unfall 23488 (2022) Kat:3, Licht: 2,23488,3,6,2,11,06,3,,2,0,1,0,0
"POINT (9.490101989000040 52.313331876000099)",Unfall 23493 (2022) Kat:3, Licht: 1,23493,3,1,8,12,16,3,,1,0,1,0,0
"POINT (9.572924425000050 52.625687239000101)",Unfall 23500 (2022) Kat:3, Licht: 0,23500,3,3,5,12,14,7,,0,0,1,0,0
"POINT (9.792803205000039 52.371626035000098)",Unfall 23536 (2022) Kat:3, Licht: 2,23536,3,7,0,12,16,3,,2,1,0,0,0
"POINT (9.722472659000060 52.378480270000097)",Unfall 23542 (2022) Kat:3, Licht: 0,23542,3,2,3,11,14,7,,0,1,1,0,0
"POINT (9.963991197000039 52.316020186999999)",Unfall 23543 (2022) Kat:3, Licht: 2,23543,3,2,6,12,19,5,,2,0,1,1,0
"POINT (9.543760541000040 52.421021763000098)",Unfall 23544 (2022) Kat:3, Licht: 2,23544,3,1,8,12,20,7,,2,0,1,0,0
"POINT (9.923986394000050 52.294600284000097)",Unfall 23546 (2022) Kat:2, Licht: 0,23546,2,1,9,11,08,1,,0,0,1,0,0
"POINT (9.811389228000049 52.382777261999998)",Unfall 23549 (2022) Kat:3, Licht: 0,23549,3,6,2,11,10,4,,0,0,1,0,0
"POINT (9.911183522000041 52.357484571000001)",Unfall 23551 (2022) Kat:3, Licht: 2,23551,3,2,4,11,19,4,,2,0,1,0,0
"POINT (9.887281877000021 52.428890317000103)",Unfall 23563 (2022) Kat:3, Licht: 2,23563,3,7,8,11,05,6,,2,0,1,0,0
"POINT (9.797189691000030 52.347283535000003)",Unfall 23565 (2022) Kat:3, Licht: 0,23565,3,6,2,12,12,4,,0,0,1,0,0
"POINT (9.585352215000061 52.397114276000103)",Unfall 23580 (2022) Kat:3, Licht: 1,23580,3,7,8,11,18,2,,1,1,0,0,0
"POINT (9.514179435000070 52.411721905000000)",Unfall 23595 (2022) Kat:3, Licht: 0,23595,3,6,2,11,09,3,,0,0,1,0,0
"POINT (9.744562842000050 52.453339321000001)",Unfall 23605 (2022) Kat:3, Licht: 2,23605,3,3,5,11,19,2,,2,0,1,0,0
"POINT (9.781715069000031 52.363427041000101)",Unfall 23611 (2022) Kat:3, Licht: 2,23611,3,6,2,11,16,3,,2,0,1,0,0
"POINT (9.749340531000030 52.547586764000101)",Unfall 23615 (2022) Kat:3, Licht: 2,23615,3,3,5,12,16,4,,2,0,1,0,0
"POINT (9.493567696000071 52.415126810000103)",Unfall 23630 (2022) Kat:3, Licht: 0,23630,3,6,2,12,15,7,,0,0,1,0,0
"POINT (9.821232625000050 52.384652311000103)",Unfall 23636 (2022) Kat:3, Licht: 1,23636,3,4,6,11,07,2,,1,0,1,1,0
"POINT (9.496766114000019 52.311266910000001)",Unfall 23658 (2022) Kat:3, Licht: 2,23658,3,1,9,11,05,3,,2,0,1,0,0
"POINT (9.613947357000029 52.316356925000001)",Unfall 23664 (2022) Kat:3, Licht: 2,23664,3,3,5,11,17,4,,2,1,1,0,0
"POINT (9.598648027000021 52.319619924000101)",Unfall 23677 (2022) Kat:3, Licht: 0,23677,3,6,2,11,13,4,,0,0,1,0,0
"POINT (10.054128106000100 52.388184457000101)",Unfall 23685 (2022) Kat:3, Licht: 0,23685,3,6,4,12,10,2,,0,0,1,0,0
"POINT (9.611330599000039 52.392048031000101)",Unfall 23698 (2022) Kat:3, Licht: 2,23698,3,2,5,12,16,5,,2,0,1,0,0
"POINT (9.471926229000079 52.301607038000000)",Unfall 23699 (2022) Kat:3, Licht: 0,23699,3,3,5,11,10,3,,0,0,1,0,0
"POINT (9.718174411000060 52.315939812000103)",Unfall 23724 (2022) Kat:3, Licht: 0,23724,3,6,2,11,15,3,,0,0,1,0,0
"POINT (9.726382789000070 52.365822809000100)",Unfall 23735 (2022) Kat:3, Licht: 0,23735,3,6,2,12,14,5,,0,0,1,0,0
"POINT (10.201990136000100 52.463943416000099)",Unfall 23743 (2022) Kat:3, Licht: 0,23743,3,4,6,12,10,4,,0,0,0,1,0
"POINT (9.689892862000020 52.374799275000001)",Unfall 23746 (2022) Kat:3, Licht: 0,23746,3,6,2,11,14,1,,0,0,1,0,0
"POINT (9.677229978000071 52.359214855000097)",Unfall 23748 (2022) Kat:3, Licht: 2,23748,3,2,5,12,07,2,,2,1,1,0,0
"POINT (9.718644559000040 52.393562436000103)",Unfall 23757 (2022) Kat:3, Licht: 0,23757,3,7,0,12,15,5,,0,1,0,0,0
"POINT (9.587110894000030 52.586494722000097)",Unfall 23758 (2022) Kat:3, Licht: 1,23758,3,3,5,11,07,6,,1,0,1,0,0
"POINT (9.732396244000030 52.383505506000098)",Unfall 23780 (2022) Kat:2, Licht: 0,23780,2,6,2,11,12,5,,0,0,1,0,0
"POINT (10.054305379000001 52.388576383999997)",Unfall 23787 (2022) Kat:2, Licht: 0,23787,2,6,4,11,11,3,,0,0,1,0,0
"POINT (9.654205748000040 52.338486695000000)",Unfall 23791 (2022) Kat:3, Licht: 0,23791,3,7,9,11,15,1,,0,0,1,0,0
"POINT (9.813182081000040 52.324569225000097)",Unfall 23793 (2022) Kat:3, Licht: 2,23793,3,5,2,12,19,2,,2,0,1,0,0
"POINT (9.789832326000070 52.349155834000001)",Unfall 23795 (2022) Kat:3, Licht: 0,23795,3,6,3,12,14,1,,0,0,1,0,0
"POINT (9.868774422000060 52.402820899000098)",Unfall 23836 (2022) Kat:3, Licht: 2,23836,3,7,8,11,22,1,,2,0,0,0,0
"POINT (9.429995081000071 52.426127719000100)",Unfall 23841 (2022) Kat:3, Licht: 0,23841,3,6,2,12,11,6,,0,0,1,0,0
"POINT (9.652084612000071 52.474315420000003)",Unfall 23847 (2022) Kat:2, Licht: 2,23847,2,1,8,11,19,6,,2,0,1,0,0
"POINT (9.728419965000059 52.367988528000097)",Unfall 23856 (2022) Kat:3, Licht: 0,23856,3,3,5,12,10,4,,0,1,1,0,0
"POINT (9.807164363000030 52.408600431000103)",Unfall 23864 (2022) Kat:2, Licht: 0,23864,2,4,6,11,11,2,,0,0,1,1,0
"POINT (9.735164347000021 52.406178486000002)",Unfall 23892 (2022) Kat:3, Licht: 0,23892,3,7,0,11,12,7,,0,1,0,0,0
"POINT (9.729727923000040 52.368746172999998)",Unfall 23897 (2022) Kat:3, Licht: 0,23897,3,6,2,12,14,6,,0,0,1,0,1
"POINT (9.735510211000079 52.394241695000098)",Unfall 23898 (2022) Kat:3, Licht: 0,23898,3,5,1,12,14,6,,0,1,1,1,0
"POINT (9.890068747000040 52.423019598000103)",Unfall 23907 (2022) Kat:3, Licht: 2,23907,3,6,2,11,17,3,,2,0,1,0,0
"POINT (9.445848773000019 52.385575758000101)",Unfall 23929 (2022) Kat:3, Licht: 0,23929,3,1,4,11,14,5,,0,0,1,0,0
"POINT (9.452553400000060 52.412666895000001)",Unfall 23933 (2022) Kat:3, Licht: 2,23933,3,3,5,12,17,4,,2,1,0,0,0
"POINT (9.854233988000029 52.359085049999997)",Unfall 23934 (2022) Kat:3, Licht: 2,23934,3,7,6,12,06,3,,2,0,1,1,0
"POINT (9.704228337000069 52.430323725000100)",Unfall 23935 (2022) Kat:3, Licht: 0,23935,3,6,2,12,16,2,,0,0,0,0,0
"POINT (9.632349898000029 52.411289815000004)",Unfall 23952 (2022) Kat:3, Licht: 2,23952,3,3,5,11,22,3,,2,0,1,0,0
"POINT (9.725770014000030 52.546833012000000)",Unfall 23956 (2022) Kat:2, Licht: 2,23956,2,2,6,12,18,3,,2,0,1,1,0
"POINT (9.698486304000030 52.347474431000101)",Unfall 23980 (2022) Kat:2, Licht: 2,23980,2,7,2,12,07,2,,2,0,1,0,0
"POINT (9.728342450000071 52.374131955999999)",Unfall 24007 (2022) Kat:3, Licht: 0,24007,3,6,2,11,08,6,,0,1,1,0,0
"POINT (9.783384470000041 52.360674878000097)",Unfall 24012 (2022) Kat:3, Licht: 2,24012,3,7,2,11,23,2,,2,0,1,0,0
"POINT (9.866075319000061 52.493529698000003)",Unfall 24017 (2022) Kat:3, Licht: 0,24017,3,6,3,12,10,4,,0,1,0,0,0
"POINT (9.615467036000039 52.421527488999999)",Unfall 24018 (2022) Kat:3, Licht: 2,24018,3,7,8,11,06,3,,2,0,1,0,0
"POINT (9.433858160000060 52.422091637999998)",Unfall 24023 (2022) Kat:2, Licht: 0,24023,2,4,6,12,12,3,,0,0,1,1,0
"POINT (9.698814769000020 52.347730728999998)",Unfall 24029 (2022) Kat:3, Licht: 0,24029,3,2,5,12,09,7,,0,0,1,0,0
"POINT (9.530633180000050 52.461625128999998)",Unfall 24042 (2022) Kat:3, Licht: 0,24042,3,6,2,11,09,6,,0,0,1,0,0
"POINT (9.850826974000030 52.391448935000000)",Unfall 24043 (2022) Kat:2, Licht: 0,24043,2,7,0,12,10,4,,0,1,0,0,0
"POINT (9.703326305000081 52.416100166000000)",Unfall 24044 (2022) Kat:3, Licht: 0,24044,3,3,5,12,12,6,,0,1,1,0,0
"POINT (9.769329875000039 52.272577863999999)",Unfall 24050 (2022) Kat:3, Licht: 0,24050,3,1,8,11,13,3,,0,0,1,0,0
"POINT (9.809058176000059 52.408891318000002)",Unfall 24081 (2022) Kat:3, Licht: 2,24081,3,7,6,12,17,3,,2,0,1,1,0
"POINT (9.735622901000060 52.394813566000003)",Unfall 24084 (2022) Kat:3, Licht: 0,24084,3,7,6,11,13,1,,0,0,1,1,0
"POINT (9.750449213000021 52.369308134999997)",Unfall 24087 (2022) Kat:3, Licht: 2,24087,3,6,2,12,18,1,,2,0,1,0,0
"POINT (10.009133048000001 52.381438281999998)",Unfall 24088 (2022) Kat:3, Licht: 2,24088,3,6,2,11,06,6,,2,0,1,0,0
"POINT (9.855303731000051 52.389799167000000)",Unfall 24099 (2022) Kat:3, Licht: 2,24099,3,2,2,12,21,4,,2,0,1,0,0
"POINT (9.880326456000031 52.354680815999998)",Unfall 24106 (2022) Kat:3, Licht: 2,24106,3,6,3,12,20,2,,2,0,1,0,0
"POINT (9.545963767000050 52.340327641000002)",Unfall 24107 (2022) Kat:2, Licht: 1,24107,2,2,4,12,16,2,,1,0,1,0,0
"POINT (9.831116115000039 52.399228338999997)",Unfall 24120 (2022) Kat:2, Licht: 1,24120,2,4,6,11,17,4,,1,0,1,1,0
"POINT (9.840578919000050 52.361643484000098)",Unfall 24136 (2022) Kat:3, Licht: 0,24136,3,2,5,11,12,6,,0,1,0,0,0
"POINT (9.628438781000060 52.292438474000100)",Unfall 24143 (2022) Kat:3, Licht: 0,24143,3,3,5,11,16,3,,0,0,1,0,0
"POINT (10.178694827000101 52.415578582000101)",Unfall 24151 (2022) Kat:2, Licht: 2,24151,2,1,9,12,17,3,,2,0,1,0,0
"POINT (9.808459711000070 52.337256396000001)",Unfall 24155 (2022) Kat:3, Licht: 2,24155,3,2,2,12,06,2,,2,0,1,0,0
"POINT (9.688898731000050 52.430091990000101)",Unfall 24165 (2022) Kat:3, Licht: 0,24165,3,6,3,11,14,6,,0,0,1,0,0
"POINT (9.762818979000031 52.344438584999999)",Unfall 24171 (2022) Kat:3, Licht: 2,24171,3,3,0,12,18,3,,2,1,1,0,0
"POINT (9.734314895000070 52.413267136999998)",Unfall 24175 (2022) Kat:3, Licht: 2,24175,3,4,0,12,16,3,,2,0,1,1,0
"POINT (9.732559031000051 52.435957860000002)",Unfall 24184 (2022) Kat:3, Licht: 2,24184,3,2,3,12,06,6,,2,0,1,0,0
"POINT (9.781621386000040 52.424972369000002)",Unfall 24215 (2022) Kat:3, Licht: 0,24215,3,2,5,12,08,2,,0,1,1,0,0
"POINT (9.480517776000060 52.391557384000102)",Unfall 24218 (2022) Kat:3, Licht: 2,24218,3,1,3,12,18,5,,2,0,1,0,0
"POINT (10.103682846000000 52.486281255999998)",Unfall 24231 (2022) Kat:3, Licht: 0,24231,3,7,0,11,12,3,,0,0,0,0,1
"POINT (9.764380929000030 52.342861685000102)",Unfall 24242 (2022) Kat:3, Licht: 1,24242,3,2,4,12,16,5,,1,0,1,0,0
"POINT (9.744442675000069 52.338592818999999)",Unfall 24248 (2022) Kat:3, Licht: 0,24248,3,6,3,11,14,4,,0,0,1,0,0
"POINT (9.607298269000070 52.317403957000103)",Unfall 24259 (2022) Kat:3, Licht: 0,24259,3,2,2,11,11,3,,0,0,1,0,0
"POINT (9.773097186000030 52.427358661000000)",Unfall 24266 (2022) Kat:3, Licht: 2,24266,3,6,3,12,22,6,,2,0,1,0,0
"POINT (9.797873887000041 52.413319047000101)",Unfall 24283 (2022) Kat:3, Licht: 1,24283,3,2,3,12,15,2,,1,1,1,0,0
"POINT (9.750785625000050 52.524115575000103)",Unfall 24284 (2022) Kat:3, Licht: 0,24284,3,2,5,11,10,6,,0,1,1,0,0
"POINT (9.827184368000079 52.354968290000002)",Unfall 24288 (2022) Kat:3, Licht: 0,24288,3,7,0,12,08,6,,0,0,0,0,0
"POINT (10.018406163000099 52.437285443000100)",Unfall 24306 (2022) Kat:3, Licht: 1,24306,3,6,2,12,16,5,,1,0,1,0,0
"POINT (9.830588976000060 52.417620227000000)",Unfall 24316 (2022) Kat:3, Licht: 2,24316,3,4,6,11,16,4,,2,0,1,1,0
"POINT (9.735000115000050 52.404979011000101)",Unfall 24337 (2022) Kat:3, Licht: 0,24337,3,6,2,11,07,2,,0,0,1,0,0
"POINT (9.727947665000039 52.374274384000003)",Unfall 24343 (2022) Kat:3, Licht: 0,24343,3,6,2,11,10,5,,0,0,1,0,0
"POINT (9.847530164000030 52.274083671000000)",Unfall 24352 (2022) Kat:2, Licht: 2,24352,2,4,6,12,22,1,,2,0,1,1,0
"POINT (9.651764395000040 52.415645471000097)",Unfall 24373 (2022) Kat:3, Licht: 0,24373,3,3,5,11,13,3,,0,1,1,0,0
"POINT (9.734885709000030 52.391398738000099)",Unfall 24374 (2022) Kat:2, Licht: 2,24374,2,7,0,11,19,5,,2,0,0,0,1
"POINT (9.998396521000069 52.451196100000097)",Unfall 24382 (2022) Kat:3, Licht: 2,24382,3,3,5,11,17,3,,2,1,1,0,0
"POINT (9.396970106000030 52.422633353999998)",Unfall 24391 (2022) Kat:2, Licht: 0,24391,2,7,0,11,08,7,,0,0,0,0,0
"POINT (10.040769029000000 52.376796522000099)",Unfall 24393 (2022) Kat:3, Licht: 2,24393,3,6,2,12,17,5,,2,0,1,0,0
"POINT (9.644742585000071 52.423143250000102)",Unfall 24397 (2022) Kat:3, Licht: 0,24397,3,6,2,11,08,3,,0,0,1,0,0
"POINT (9.488118829000030 52.291325192000002)",Unfall 24402 (2022) Kat:3, Licht: 2,24402,3,2,4,12,07,3,,2,0,0,0,0
"POINT (9.700206672000039 52.347526570000099)",Unfall 24407 (2022) Kat:3, Licht: 0,24407,3,6,2,11,14,6,,0,0,1,0,0
"POINT (9.726388156000040 52.380836112000097)",Unfall 24415 (2022) Kat:3, Licht: 0,24415,3,3,5,11,11,6,,0,1,1,0,0
"POINT (9.798122310000050 52.346031792000097)",Unfall 24417 (2022) Kat:3, Licht: 0,24417,3,6,2,12,13,4,,0,0,1,0,0
"POINT (9.692814207000030 52.218531884000100)",Unfall 24422 (2022) Kat:3, Licht: 2,24422,3,1,8,12,16,3,,2,0,1,0,0
"POINT (9.691944441000031 52.333045189000103)",Unfall 24430 (2022) Kat:3, Licht: 2,24430,3,7,8,12,06,7,,2,0,1,0,0
"POINT (9.815766681000071 52.521831276000100)",Unfall 24443 (2022) Kat:3, Licht: 2,24443,3,6,0,11,16,3,,2,0,0,0,0
"POINT (10.094576727000099 52.486994595000098)",Unfall 24449 (2022) Kat:3, Licht: 0,24449,3,3,5,12,11,3,,0,0,1,0,0
"POINT (9.467257650000020 52.537298818000103)",Unfall 24453 (2022) Kat:3, Licht: 0,24453,3,2,4,11,11,6,,0,0,1,0,1
"POINT (9.847280921000049 52.274220651000100)",Unfall 24457 (2022) Kat:3, Licht: 0,24457,3,1,2,11,09,1,,0,0,1,0,0
"POINT (9.869170917000080 52.360362531000099)",Unfall 24464 (2022) Kat:3, Licht: 2,24464,3,6,2,11,18,3,,2,0,1,0,0
"POINT (9.554207507000060 52.421548123999997)",Unfall 24467 (2022) Kat:3, Licht: 0,24467,3,7,9,12,08,7,,0,0,1,0,0
"POINT (9.743435911000059 52.547443688000001)",Unfall 24469 (2022) Kat:3, Licht: 0,24469,3,4,6,12,09,3,,0,0,1,1,0
"POINT (9.582915926000060 52.423631829999998)",Unfall 24471 (2022) Kat:3, Licht: 0,24471,3,6,2,12,11,2,,0,0,1,0,0
"POINT (9.415169584000070 52.327826655000102)",Unfall 24478 (2022) Kat:3, Licht: 0,24478,3,3,5,11,15,5,,0,1,1,0,0
"POINT (9.745753603000029 52.209397729999999)",Unfall 24480 (2022) Kat:3, Licht: 0,24480,3,3,5,12,11,5,,0,0,1,0,0
"POINT (9.727269224000050 52.438933763000101)",Unfall 24482 (2022) Kat:3, Licht: 0,24482,3,3,5,12,14,5,,0,1,1,0,0
"POINT (10.081242587000100 52.452497003000097)",Unfall 24490 (2022) Kat:1, Licht: 2,24490,1,7,8,12,04,4,,2,0,0,0,0
"POINT (9.736171003000040 52.399434558000102)",Unfall 24492 (2022) Kat:3, Licht: 1,24492,3,2,3,12,08,2,,1,1,0,0,0
"POINT (9.786716047000031 52.564369649000099)",Unfall 24502 (2022) Kat:3, Licht: 0,24502,3,6,2,11,12,5,,0,0,1,0,0
"POINT (10.020887718999999 52.382655577999998)",Unfall 24524 (2022) Kat:3, Licht: 0,24524,3,7,8,12,15,5,,0,0,1,0,0
"POINT (9.585457884000050 52.435302831000101)",Unfall 24530 (2022) Kat:3, Licht: 0,24530,3,2,2,12,12,5,,0,0,1,0,0
"POINT (9.798682668000030 52.345366597000101)",Unfall 24542 (2022) Kat:3, Licht: 0,24542,3,6,2,12,13,4,,0,0,1,0,0
"POINT (9.751932914000070 52.358272532999997)",Unfall 24546 (2022) Kat:3, Licht: 0,24546,3,2,3,11,11,4,,0,0,1,0,0
"POINT (10.184006957000101 52.465395124000104)",Unfall 24557 (2022) Kat:3, Licht: 0,24557,3,2,4,11,15,2,,0,0,1,0,0
"POINT (9.847262869000080 52.426880883000102)",Unfall 24561 (2022) Kat:3, Licht: 0,24561,3,2,3,11,12,4,,0,1,1,0,0
"POINT (9.581023695000059 52.188341778999998)",Unfall 24580 (2022) Kat:3, Licht: 2,24580,3,6,4,11,05,5,,2,0,0,0,0
"POINT (9.829508174000070 52.399868992000101)",Unfall 24587 (2022) Kat:3, Licht: 0,24587,3,6,2,12,10,4,,0,0,1,0,0
"POINT (9.842678251000050 52.415844941000003)",Unfall 24600 (2022) Kat:3, Licht: 0,24600,3,6,3,12,10,7,,0,0,1,0,0
"POINT (9.787574029000041 52.372162945000099)",Unfall 24624 (2022) Kat:3, Licht: 0,24624,3,3,5,12,12,6,,0,0,1,0,0
"POINT (9.651719011000070 52.417127648000097)",Unfall 24629 (2022) Kat:3, Licht: 2,24629,3,3,5,12,21,5,,2,1,1,0,0
"POINT (9.898710436000041 52.432861831000103)",Unfall 24630 (2022) Kat:3, Licht: 2,24630,3,1,8,11,07,6,,2,0,1,0,0
"POINT (9.817523568000070 52.301675885000101)",Unfall 24633 (2022) Kat:2, Licht: 1,24633,2,4,6,11,06,3,,1,0,1,1,0
"POINT (9.766359287000061 52.340911871000102)",Unfall 24643 (2022) Kat:3, Licht: 2,24643,3,1,8,11,23,7,,2,0,1,0,0
"POINT (10.012815860000000 52.447145995000000)",Unfall 24646 (2022) Kat:3, Licht: 0,24646,3,3,5,11,12,5,,0,1,1,0,0
"POINT (9.513625995000041 52.411407158000003)",Unfall 24675 (2022) Kat:3, Licht: 0,24675,3,6,2,11,14,3,,0,0,1,0,0
"POINT (9.744192434000070 52.452962903000099)",Unfall 24679 (2022) Kat:3, Licht: 0,24679,3,2,6,11,13,5,,0,0,1,1,0
"POINT (9.742195097000041 52.378759645999999)",Unfall 153963 (2022) Kat:3, Licht: 0,153963,3,7,0,01,11,3,,0,0,0,1,0
"POINT (9.609927692000040 52.426579907000097)",Unfall 153966 (2022) Kat:3, Licht: 0,153966,3,4,6,01,08,4,,0,0,1,1,0
"POINT (9.716433614000040 52.388605798000100)",Unfall 153977 (2022) Kat:2, Licht: 2,153977,2,2,6,01,20,7,,2,0,1,1,0
"POINT (9.823670464000029 52.359845163000003)",Unfall 154003 (2022) Kat:3, Licht: 0,154003,3,3,0,02,08,5,,0,1,1,1,0
"POINT (9.797452396000040 52.318643872999999)",Unfall 154016 (2022) Kat:3, Licht: 2,154016,3,3,5,01,19,2,,2,0,1,0,0
"POINT (9.850557098000021 52.396589678000097)",Unfall 154033 (2022) Kat:3, Licht: 0,154033,3,6,2,01,08,4,,0,1,1,0,0
"POINT (9.753708211000060 52.439752376000101)",Unfall 154035 (2022) Kat:3, Licht: 0,154035,3,3,5,02,12,7,,0,1,1,0,0
"POINT (9.932463568000060 52.344812365999999)",Unfall 154054 (2022) Kat:3, Licht: 2,154054,3,3,6,01,19,2,,2,0,1,1,0
"POINT (9.740734122000051 52.410157718999997)",Unfall 154055 (2022) Kat:3, Licht: 0,154055,3,5,1,02,09,5,,0,0,1,0,0
"POINT (9.602132065000029 52.437925918000097)",Unfall 154066 (2022) Kat:3, Licht: 0,154066,3,3,5,02,13,3,,0,0,1,0,0
"POINT (9.777498898000029 52.334310623000100)",Unfall 154072 (2022) Kat:3, Licht: 1,154072,3,1,0,01,07,5,,1,1,0,0,0
"POINT (9.781422291000069 52.420071819999997)",Unfall 154074 (2022) Kat:3, Licht: 2,154074,3,3,5,01,19,2,,2,1,1,0,0
"POINT (9.771853670000040 52.350757778000101)",Unfall 154081 (2022) Kat:3, Licht: 2,154081,3,3,5,02,17,5,,2,0,1,0,0
"POINT (9.625158359000070 52.503707831000000)",Unfall 154092 (2022) Kat:3, Licht: 2,154092,3,3,5,01,18,6,,2,0,1,0,0
"POINT (9.458814907000029 52.514475298999997)",Unfall 154093 (2022) Kat:3, Licht: 0,154093,3,6,4,01,08,2,,0,1,1,0,0
"POINT (9.732745157000069 52.392613035000103)",Unfall 154096 (2022) Kat:3, Licht: 0,154096,3,6,6,01,13,3,,0,0,1,1,0
"POINT (9.730641953000029 52.391360307000099)",Unfall 154104 (2022) Kat:3, Licht: 2,154104,3,2,6,01,06,6,,2,0,1,1,0
"POINT (9.775934105000029 52.416630265999999)",Unfall 154109 (2022) Kat:3, Licht: 2,154109,3,6,2,02,17,5,,2,0,1,0,0
"POINT (9.781746463000051 52.398552172999999)",Unfall 154119 (2022) Kat:3, Licht: 1,154119,3,6,2,01,07,5,,1,0,1,0,0
"POINT (9.725278460000030 52.394845728000099)",Unfall 154131 (2022) Kat:3, Licht: 2,154131,3,3,5,01,01,7,,2,1,1,0,0
"POINT (9.762591741000049 52.410287746000101)",Unfall 154135 (2022) Kat:3, Licht: 2,154135,3,6,2,01,20,3,,2,0,1,0,0
"POINT (9.665482812000050 52.370095822000103)",Unfall 154142 (2022) Kat:3, Licht: 0,154142,3,1,0,01,15,5,,0,1,0,0,0
"POINT (10.009335960000000 52.455489317999998)",Unfall 154153 (2022) Kat:3, Licht: 1,154153,3,3,5,01,07,4,,1,1,1,0,0
"POINT (9.967366858000050 52.372741205000104)",Unfall 154156 (2022) Kat:2, Licht: 0,154156,2,7,0,01,08,5,,0,1,0,0,0
"POINT (9.717406938000069 52.373032359000000)",Unfall 154165 (2022) Kat:3, Licht: 0,154165,3,6,2,02,15,2,,0,0,1,0,0
"POINT (9.715998021000081 52.378212065000099)",Unfall 154175 (2022) Kat:3, Licht: 0,154175,3,6,4,01,10,2,,0,1,1,0,0
"POINT (9.730544224000029 52.391264873000097)",Unfall 154185 (2022) Kat:3, Licht: 2,154185,3,2,6,01,06,2,,2,0,1,1,0
"POINT (9.960578999000059 52.369033467000101)",Unfall 154189 (2022) Kat:3, Licht: 1,154189,3,2,2,01,16,3,,1,0,1,0,0
"POINT (9.815278128000051 52.331814372000103)",Unfall 154201 (2022) Kat:3, Licht: 2,154201,3,6,2,01,18,2,,2,0,1,0,0
"POINT (9.799021787000070 52.398046247000103)",Unfall 154202 (2022) Kat:3, Licht: 2,154202,3,5,1,02,20,4,,2,0,1,0,0
"POINT (9.773419475000029 52.410264857000101)",Unfall 154213 (2022) Kat:3, Licht: 2,154213,3,2,5,01,20,2,,2,0,1,0,0
"POINT (9.663043372000059 52.388589436000103)",Unfall 154215 (2022) Kat:3, Licht: 0,154215,3,3,5,01,13,2,,0,0,1,0,0
"POINT (9.751338602000031 52.372373503000098)",Unfall 154230 (2022) Kat:3, Licht: 1,154230,3,2,3,02,16,5,,1,1,1,0,0
"POINT (9.461886347000069 52.301855325000098)",Unfall 154231 (2022) Kat:3, Licht: 0,154231,3,7,6,01,09,3,,0,0,1,1,0
"POINT (9.739322193000019 52.362840020000100)",Unfall 154265 (2022) Kat:3, Licht: 1,154265,3,6,2,01,07,5,,1,0,1,0,0
"POINT (9.819320802000050 52.356015726000102)",Unfall 154281 (2022) Kat:3, Licht: 0,154281,3,3,5,01,14,6,,0,0,1,0,0
"POINT (9.730919051000059 52.374977528999999)",Unfall 154286 (2022) Kat:3, Licht: 2,154286,3,6,2,02,19,5,,2,0,1,0,0
"POINT (9.856156876000060 52.397216952000100)",Unfall 154296 (2022) Kat:2, Licht: 2,154296,2,3,5,01,16,6,,2,1,1,0,0
"POINT (9.694392765000030 52.404147618000103)",Unfall 154325 (2022) Kat:3, Licht: 0,154325,3,6,2,01,15,4,,0,0,1,0,0
"POINT (9.751743247000039 52.386199531000003)",Unfall 154326 (2022) Kat:3, Licht: 2,154326,3,7,5,02,18,2,,2,0,1,0,0
"POINT (9.724363876000041 52.385531079000003)",Unfall 154334 (2022) Kat:3, Licht: 2,154334,3,5,1,01,16,2,,2,1,0,0,0
"POINT (9.761691554000040 52.360367136000001)",Unfall 154339 (2022) Kat:3, Licht: 0,154339,3,6,2,01,14,6,,0,0,1,0,0
"POINT (9.712442309000039 52.366929526000000)",Unfall 154340 (2022) Kat:3, Licht: 1,154340,3,5,1,01,16,5,,1,1,1,0,0
"POINT (9.773341984000069 52.350848411000101)",Unfall 154348 (2022) Kat:3, Licht: 0,154348,3,7,0,01,12,1,,0,0,0,0,0
"POINT (9.734459353000030 52.375186472000102)",Unfall 154356 (2022) Kat:3, Licht: 2,154356,3,7,6,01,18,2,,2,0,1,1,0
"POINT (9.741619456000020 52.380200281999997)",Unfall 154362 (2022) Kat:3, Licht: 2,154362,3,3,5,01,19,4,,2,1,1,0,0
"POINT (9.756498628000029 52.390716704000099)",Unfall 154377 (2022) Kat:3, Licht: 2,154377,3,6,2,01,18,3,,2,0,1,0,0
"POINT (9.975393556000030 52.374215591000102)",Unfall 154381 (2022) Kat:3, Licht: 0,154381,3,6,3,02,08,3,,0,1,1,0,0
"POINT (9.747629811000021 52.413212784000102)",Unfall 154401 (2022) Kat:3, Licht: 0,154401,3,1,1,01,09,5,,0,0,1,0,0
"POINT (9.722294375000050 52.351632236999997)",Unfall 154407 (2022) Kat:3, Licht: 1,154407,3,3,5,02,07,5,,1,1,1,0,0
"POINT (9.490835601000070 52.307852230000002)",Unfall 154410 (2022) Kat:3, Licht: 1,154410,3,3,5,02,17,2,,1,0,1,0,0
"POINT (9.694162985000050 52.352782904000001)",Unfall 154426 (2022) Kat:3, Licht: 0,154426,3,6,2,01,14,5,,0,0,1,0,0
"POINT (9.849713356000050 52.366768185000097)",Unfall 154429 (2022) Kat:2, Licht: 0,154429,2,3,5,01,11,2,,0,1,0,0,0
"POINT (9.632429088000039 52.417436277000000)",Unfall 154430 (2022) Kat:3, Licht: 0,154430,3,7,6,02,10,3,,0,0,1,1,0
"POINT (9.764283603000020 52.355345002000000)",Unfall 154439 (2022) Kat:3, Licht: 1,154439,3,1,0,01,08,5,,1,1,0,0,0
"POINT (9.728397286000069 52.394576976000103)",Unfall 154445 (2022) Kat:3, Licht: 2,154445,3,2,6,01,23,2,,2,0,1,1,0
"POINT (9.588908504000070 52.418060796000098)",Unfall 154448 (2022) Kat:2, Licht: 0,154448,2,6,3,01,15,3,,0,1,0,0,0
"POINT (9.738577317000020 52.381374178000002)",Unfall 154453 (2022) Kat:3, Licht: 2,154453,3,2,5,01,22,4,,2,0,1,0,0
"POINT (9.724718982000070 52.368401139000099)",Unfall 154465 (2022) Kat:2, Licht: 2,154465,2,2,4,01,07,4,,2,1,1,0,0
"POINT (9.736252925000031 52.384205270000102)",Unfall 154469 (2022) Kat:3, Licht: 0,154469,3,1,0,01,10,3,,0,0,0,0,0
"POINT (9.777517661000051 52.362520871000100)",Unfall 154477 (2022) Kat:3, Licht: 2,154477,3,6,2,01,20,4,,2,0,1,0,0
"POINT (9.771724577000040 52.397538902000100)",Unfall 154484 (2022) Kat:2, Licht: 0,154484,2,2,6,02,15,1,,0,0,1,1,0
"POINT (9.828756321000069 52.427589597000100)",Unfall 154488 (2022) Kat:3, Licht: 1,154488,3,2,5,01,16,2,,1,0,1,0,1
"POINT (9.740495253000059 52.374108556000103)",Unfall 154491 (2022) Kat:3, Licht: 2,154491,3,3,5,01,18,4,,2,0,1,0,0
"POINT (9.788886022000041 52.359026163000102)",Unfall 154492 (2022) Kat:3, Licht: 0,154492,3,7,7,01,13,4,,0,1,0,0,0
"POINT (9.709842279000039 52.348730635000003)",Unfall 154516 (2022) Kat:3, Licht: 2,154516,3,1,0,01,06,3,,2,1,0,0,0
"POINT (9.754579908000039 52.438001727000000)",Unfall 154521 (2022) Kat:3, Licht: 0,154521,3,3,5,01,14,1,,0,1,1,0,0
"POINT (9.674427403000040 52.409947365000100)",Unfall 154522 (2022) Kat:3, Licht: 0,154522,3,3,5,01,10,2,,0,1,0,0,1
"POINT (9.711674378000049 52.372005025000099)",Unfall 154528 (2022) Kat:3, Licht: 0,154528,3,1,0,02,13,5,,0,1,0,0,0
"POINT (9.696243785000039 52.341906429000097)",Unfall 154535 (2022) Kat:3, Licht: 2,154535,3,1,0,01,21,6,,2,0,0,0,0
"POINT (9.812594595000061 52.299452590999998)",Unfall 154546 (2022) Kat:3, Licht: 0,154546,3,1,0,01,08,5,,0,1,0,0,0
"POINT (9.773341984000069 52.350848411000101)",Unfall 154554 (2022) Kat:2, Licht: 2,154554,2,1,0,01,06,3,,2,1,0,0,0
"POINT (9.761133012000069 52.365850776999999)",Unfall 154558 (2022) Kat:3, Licht: 2,154558,3,7,0,02,20,3,,2,1,0,0,0
"POINT (9.703284354000060 52.369461329000004)",Unfall 154561 (2022) Kat:3, Licht: 1,154561,3,7,2,01,22,7,,1,0,1,0,0
"POINT (9.759410682000070 52.395949923000003)",Unfall 154564 (2022) Kat:3, Licht: 2,154564,3,2,6,01,07,5,,2,0,0,1,0
"POINT (9.729697192000060 52.374707071000003)",Unfall 154566 (2022) Kat:3, Licht: 2,154566,3,1,0,01,16,1,,2,0,0,0,0
"POINT (9.765664764000061 52.338247107000001)",Unfall 154577 (2022) Kat:3, Licht: 1,154577,3,4,6,01,16,5,,1,0,1,1,0
"POINT (9.748777685000050 52.389012585000003)",Unfall 154584 (2022) Kat:3, Licht: 0,154584,3,5,1,01,09,3,,0,1,1,0,0
"POINT (9.811570740000040 52.410642322999998)",Unfall 154594 (2022) Kat:3, Licht: 2,154594,3,7,0,01,06,7,,2,0,0,0,0
"POINT (9.614364407000039 52.419432520999997)",Unfall 154606 (2022) Kat:3, Licht: 0,154606,3,3,5,02,13,6,,0,0,1,0,0
"POINT (9.656023395000030 52.412255999000102)",Unfall 154627 (2022) Kat:3, Licht: 0,154627,3,3,0,02,13,6,,0,1,0,0,0
"POINT (9.714861166000050 52.329312100000003)",Unfall 154634 (2022) Kat:3, Licht: 0,154634,3,5,1,01,08,4,,0,1,1,0,0
"POINT (9.747314149000029 52.411260802000101)",Unfall 154638 (2022) Kat:3, Licht: 2,154638,3,3,5,02,06,2,,2,0,1,0,0
"POINT (9.566338481000059 52.401086558000003)",Unfall 154639 (2022) Kat:3, Licht: 0,154639,3,5,1,01,10,7,,0,0,1,0,0
"POINT (9.735205576000061 52.440069648000097)",Unfall 154640 (2022) Kat:3, Licht: 2,154640,3,3,5,01,17,3,,2,1,1,0,0
"POINT (9.641921256000050 52.416072405000101)",Unfall 154643 (2022) Kat:3, Licht: 0,154643,3,5,1,01,13,7,,0,0,1,0,0
"POINT (9.693282704000071 52.364765542999997)",Unfall 154647 (2022) Kat:3, Licht: 2,154647,3,7,0,01,03,1,,2,0,0,0,0
"POINT (9.692694377000070 52.396664766000100)",Unfall 154654 (2022) Kat:3, Licht: 1,154654,3,2,6,01,07,5,,1,0,1,1,0
"POINT (9.749053056000040 52.377795271000103)",Unfall 154661 (2022) Kat:3, Licht: 1,154661,3,3,5,01,16,3,,1,1,1,0,0
"POINT (10.007175991000100 52.446455156000098)",Unfall 154664 (2022) Kat:2, Licht: 0,154664,2,7,6,01,10,4,,0,0,1,1,0
"POINT (9.740997632000070 52.393614506000098)",Unfall 154666 (2022) Kat:3, Licht: 2,154666,3,1,9,01,00,6,,2,0,1,0,0
"POINT (9.718713502000069 52.378725533000100)",Unfall 154670 (2022) Kat:3, Licht: 0,154670,3,1,0,01,12,6,,0,1,0,0,0
"POINT (9.739666121000029 52.376923026000000)",Unfall 154679 (2022) Kat:3, Licht: 0,154679,3,1,0,01,14,5,,0,1,0,0,0
"POINT (9.750055597000030 52.373557415999997)",Unfall 154695 (2022) Kat:3, Licht: 2,154695,3,3,6,02,17,2,,2,0,1,1,0
"POINT (10.074598300000000 52.483865250000100)",Unfall 154704 (2022) Kat:3, Licht: 0,154704,3,4,6,01,14,2,,0,0,1,1,0
"POINT (9.732381241000040 52.438538390000097)",Unfall 154705 (2022) Kat:3, Licht: 0,154705,3,3,5,01,16,3,,0,1,1,0,0
"POINT (9.857457029000050 52.489482271999996)",Unfall 154714 (2022) Kat:3, Licht: 0,154714,3,5,1,02,11,3,,0,0,1,0,0
"POINT (9.725124078000020 52.387601538000098)",Unfall 154723 (2022) Kat:3, Licht: 2,154723,3,2,6,01,19,5,,2,0,1,1,0
"POINT (9.717182829000020 52.344729538000102)",Unfall 154730 (2022) Kat:3, Licht: 0,154730,3,6,2,01,07,6,,0,0,1,0,0
"POINT (9.604312749000030 52.446709888999997)",Unfall 154735 (2022) Kat:3, Licht: 2,154735,3,6,4,01,07,5,,2,0,1,0,0
"POINT (9.755578573000040 52.392646493000001)",Unfall 154757 (2022) Kat:3, Licht: 1,154757,3,1,0,01,08,3,,1,0,0,0,0
"POINT (9.819371335000030 52.429323694000097)",Unfall 154762 (2022) Kat:3, Licht: 0,154762,3,3,5,01,12,4,,0,1,1,0,0
"POINT (9.738073647000020 52.375858328000000)",Unfall 154766 (2022) Kat:3, Licht: 0,154766,3,5,3,02,15,4,,0,1,1,0,0
"POINT (9.737231579000021 52.370761226000099)",Unfall 154780 (2022) Kat:3, Licht: 2,154780,3,3,5,01,17,3,,2,1,1,0,0
"POINT (9.797328278000069 52.333160251000002)",Unfall 154792 (2022) Kat:3, Licht: 1,154792,3,5,1,01,07,7,,1,0,1,0,0
"POINT (9.733674997000040 52.375841149000102)",Unfall 154817 (2022) Kat:3, Licht: 2,154817,3,1,2,02,18,1,,2,0,0,0,0
"POINT (9.599623477000019 52.279293699999997)",Unfall 154824 (2022) Kat:3, Licht: 0,154824,3,7,0,02,15,6,,0,1,0,0,0
"POINT (9.735268254000060 52.399318371000000)",Unfall 154829 (2022) Kat:3, Licht: 2,154829,3,6,2,01,07,2,,2,0,1,0,0
"POINT (9.759889199000041 52.365736528000099)",Unfall 154832 (2022) Kat:3, Licht: 2,154832,3,2,6,01,17,3,,2,0,1,1,0
"POINT (9.763024249000070 52.340041289000098)",Unfall 154834 (2022) Kat:3, Licht: 0,154834,3,5,1,01,11,2,,0,1,1,0,0
"POINT (9.964078662000080 52.364906589999997)",Unfall 154852 (2022) Kat:2, Licht: 2,154852,2,2,5,01,18,4,,2,0,1,0,1
"POINT (9.732064664000060 52.396320538000097)",Unfall 154853 (2022) Kat:3, Licht: 0,154853,3,7,0,01,10,4,,0,1,1,0,0
"POINT (9.770826007000039 52.359487066000000)",Unfall 154898 (2022) Kat:3, Licht: 0,154898,3,3,5,01,11,5,,0,1,1,0,0
"POINT (9.736974860000030 52.404591828999997)",Unfall 154909 (2022) Kat:3, Licht: 2,154909,3,2,3,01,17,4,,2,1,0,0,0
"POINT (9.782548568000040 52.373287255000001)",Unfall 154912 (2022) Kat:3, Licht: 0,154912,3,1,0,01,07,5,,0,1,0,0,0
"POINT (9.913032209000050 52.358731865000003)",Unfall 154916 (2022) Kat:3, Licht: 2,154916,3,6,2,01,07,2,,2,0,1,0,0
"POINT (9.728814201000031 52.347639921000102)",Unfall 154919 (2022) Kat:3, Licht: 2,154919,3,3,5,01,17,3,,2,0,1,0,0
"POINT (9.610455088000039 52.410948727000097)",Unfall 154922 (2022) Kat:3, Licht: 2,154922,3,5,1,01,07,4,,2,0,1,0,0
"POINT (9.797463760000030 52.405082542000102)",Unfall 154923 (2022) Kat:3, Licht: 2,154923,3,6,2,02,17,2,,2,0,1,0,0
"POINT (9.709140843000061 52.448212517999998)",Unfall 154936 (2022) Kat:3, Licht: 0,154936,3,3,5,02,15,6,,0,1,1,0,0
"POINT (9.837458393000080 52.387389273000103)",Unfall 154946 (2022) Kat:3, Licht: 2,154946,3,3,5,01,07,2,,2,1,1,0,0
"POINT (9.752618728000069 52.395001377000000)",Unfall 154948 (2022) Kat:3, Licht: 0,154948,3,3,5,01,12,3,,0,0,1,0,0
"POINT (9.831139214000070 52.361688098999998)",Unfall 154962 (2022) Kat:3, Licht: 0,154962,3,7,9,01,08,6,,0,0,1,0,0
"POINT (9.733723755000030 52.399734590999998)",Unfall 154968 (2022) Kat:3, Licht: 2,154968,3,3,5,01,16,5,,2,1,1,0,0
"POINT (9.696434251000030 52.411167041000098)",Unfall 154978 (2022) Kat:3, Licht: 0,154978,3,3,5,01,11,4,,0,0,1,0,1
"POINT (9.759387485000049 52.410299151000103)",Unfall 154985 (2022) Kat:2, Licht: 2,154985,2,5,1,01,16,5,,2,0,1,0,0
"POINT (9.727992673000070 52.371071354000001)",Unfall 154988 (2022) Kat:3, Licht: 0,154988,3,4,6,02,08,5,,0,0,1,1,0
"POINT (9.746977392000080 52.406337964000002)",Unfall 154998 (2022) Kat:3, Licht: 0,154998,3,7,0,01,09,5,,0,1,0,0,0
"POINT (9.766058755000071 52.382000726000101)",Unfall 154999 (2022) Kat:3, Licht: 2,154999,3,1,8,01,07,2,,2,0,1,0,0
"POINT (9.726044339000049 52.385011996000102)",Unfall 155011 (2022) Kat:3, Licht: 0,155011,3,3,5,02,13,4,,0,1,1,0,0
"POINT (9.429934610000030 52.421066625000002)",Unfall 155022 (2022) Kat:3, Licht: 0,155022,3,7,8,01,17,2,,0,1,0,0,0
"POINT (9.727592521000080 52.394593989000001)",Unfall 155031 (2022) Kat:3, Licht: 0,155031,3,3,5,02,13,3,,0,0,1,0,0
"POINT (9.781668576000071 52.400375521000100)",Unfall 155035 (2022) Kat:3, Licht: 1,155035,3,4,0,01,16,7,,1,0,1,1,0
"POINT (9.438001367000030 52.424058844000101)",Unfall 155037 (2022) Kat:3, Licht: 0,155037,3,7,0,01,14,5,,0,0,1,1,0
"POINT (9.444380650000030 52.509810766999998)",Unfall 155050 (2022) Kat:3, Licht: 0,155050,3,7,0,01,09,5,,0,1,0,0,0
"POINT (9.553716763000070 52.208378564999997)",Unfall 155056 (2022) Kat:3, Licht: 2,155056,3,4,6,01,17,4,,2,0,1,1,0
"POINT (9.731986045000040 52.405065358000101)",Unfall 155057 (2022) Kat:3, Licht: 0,155057,3,3,5,02,10,5,,0,1,1,0,0
"POINT (9.736724290000041 52.412568299999997)",Unfall 155062 (2022) Kat:3, Licht: 2,155062,3,3,5,01,07,2,,2,1,1,0,0
"POINT (9.738903153000020 52.363498989000000)",Unfall 155070 (2022) Kat:3, Licht: 1,155070,3,3,5,01,07,4,,1,1,0,0,0
"POINT (9.666228195000031 52.415480334000101)",Unfall 155082 (2022) Kat:3, Licht: 1,155082,3,6,3,01,16,3,,1,0,1,0,0
"POINT (9.663490418000039 52.410617447000000)",Unfall 155114 (2022) Kat:3, Licht: 2,155114,3,4,6,02,18,2,,2,0,1,1,0
"POINT (9.799071093000070 52.376425826000101)",Unfall 155119 (2022) Kat:3, Licht: 2,155119,3,3,5,01,18,7,,2,0,1,0,0
"POINT (9.466368526000050 52.316580797000000)",Unfall 155138 (2022) Kat:3, Licht: 0,155138,3,2,5,03,11,5,,0,0,1,0,0
"POINT (9.657147487000030 52.407092294000101)",Unfall 155142 (2022) Kat:3, Licht: 0,155142,3,7,8,02,15,7,,0,0,0,0,1
"POINT (9.759872690000069 52.361661181000002)",Unfall 155145 (2022) Kat:3, Licht: 1,155145,3,1,0,03,19,3,,1,1,0,0,0
"POINT (9.772680350000030 52.413823462000003)",Unfall 155148 (2022) Kat:3, Licht: 0,155148,3,3,5,03,13,6,,0,1,1,0,0
"POINT (9.732280974000050 52.376618982000103)",Unfall 155156 (2022) Kat:3, Licht: 0,155156,3,2,6,03,08,5,,0,0,1,1,0
"POINT (9.591694947000059 52.312687493000098)",Unfall 155158 (2022) Kat:3, Licht: 0,155158,3,7,0,02,15,7,,0,1,0,0,0
"POINT (9.745559816000020 52.393621010000103)",Unfall 155161 (2022) Kat:3, Licht: 0,155161,3,2,3,02,10,4,,0,1,1,0,0
"POINT (9.744144600000030 52.377497627000103)",Unfall 155164 (2022) Kat:3, Licht: 2,155164,3,3,5,02,03,1,,2,0,1,0,0
"POINT (9.757296248000049 52.361141351000100)",Unfall 155173 (2022) Kat:3, Licht: 0,155173,3,3,5,03,15,3,,0,1,1,0,0
"POINT (9.745687721000021 52.372791829000100)",Unfall 155175 (2022) Kat:3, Licht: 1,155175,3,2,5,02,07,6,,1,0,1,0,0
"POINT (9.799666000000061 52.307257332000098)",Unfall 155176 (2022) Kat:3, Licht: 0,155176,3,7,0,03,16,5,,0,0,0,0,0
"POINT (9.738844268000040 52.345289921000102)",Unfall 155179 (2022) Kat:1, Licht: 0,155179,1,6,6,02,13,6,,0,1,0,1,0
"POINT (9.670530845000030 52.355404761000003)",Unfall 155183 (2022) Kat:3, Licht: 2,155183,3,4,0,02,20,4,,2,1,0,1,0
"POINT (9.765081788000030 52.263897669000102)",Unfall 155186 (2022) Kat:3, Licht: 0,155186,3,4,6,02,13,2,,0,0,0,1,0
"POINT (10.003296244000101 52.448298818000097)",Unfall 155191 (2022) Kat:3, Licht: 0,155191,3,4,6,03,17,7,,0,0,1,1,0
"POINT (9.788584239000039 52.330998018000102)",Unfall 155194 (2022) Kat:3, Licht: 0,155194,3,2,6,02,16,7,,0,0,1,1,0
"POINT (9.600163681000030 52.392592198999999)",Unfall 155196 (2022) Kat:3, Licht: 0,155196,3,3,5,03,06,6,,0,0,1,0,0
"POINT (9.699580989000030 52.419776538000100)",Unfall 155198 (2022) Kat:3, Licht: 0,155198,3,3,5,02,16,2,,0,0,1,0,0
"POINT (9.810506814000060 52.308068266000099)",Unfall 155199 (2022) Kat:3, Licht: 0,155199,3,7,0,03,18,4,,0,0,0,0,0
"POINT (9.719433606000051 52.362921569000001)",Unfall 155201 (2022) Kat:3, Licht: 0,155201,3,7,0,03,11,1,,0,0,1,0,0
"POINT (9.737536830000071 52.438720726000000)",Unfall 155203 (2022) Kat:3, Licht: 0,155203,3,4,6,03,19,2,,0,0,1,1,0
"POINT (9.909225920000040 52.515525792000098)",Unfall 155206 (2022) Kat:3, Licht: 0,155206,3,1,0,02,13,7,,0,1,0,0,0
"POINT (9.457363047000060 52.484396795000102)",Unfall 155217 (2022) Kat:3, Licht: 0,155217,3,3,5,03,12,2,,0,0,1,0,0
"POINT (9.717196432000041 52.345006547000096)",Unfall 155219 (2022) Kat:3, Licht: 0,155219,3,4,6,03,16,3,,0,0,1,1,0
"POINT (9.735752534000030 52.370530510000002)",Unfall 155226 (2022) Kat:3, Licht: 0,155226,3,5,1,03,12,1,,0,1,1,0,0
"POINT (9.747466532000031 52.395276461999998)",Unfall 155239 (2022) Kat:3, Licht: 0,155239,3,7,0,03,14,1,,0,1,0,0,0
"POINT (9.716482079000061 52.382191648999999)",Unfall 155246 (2022) Kat:3, Licht: 2,155246,3,7,0,03,20,5,,2,1,0,0,0
"POINT (9.580750574000040 52.393718948000100)",Unfall 155259 (2022) Kat:3, Licht: 2,155259,3,5,1,02,23,7,,2,0,1,0,0
"POINT (9.975210479000051 52.383763850999998)",Unfall 155264 (2022) Kat:3, Licht: 0,155264,3,4,6,03,17,6,,0,0,1,1,0
"POINT (9.682872531000040 52.366140463000100)",Unfall 155272 (2022) Kat:3, Licht: 0,155272,3,6,2,02,14,4,,0,1,1,0,0
"POINT (9.841826670000049 52.272316297000003)",Unfall 155275 (2022) Kat:3, Licht: 0,155275,3,7,8,03,14,7,,0,1,0,0,0
"POINT (9.753340455000060 52.370511247000103)",Unfall 155280 (2022) Kat:3, Licht: 0,155280,3,1,0,03,13,2,,0,0,1,0,0
"POINT (9.756700645000020 52.367661464999998)",Unfall 155286 (2022) Kat:3, Licht: 0,155286,3,1,0,02,13,6,,0,1,0,0,0
"POINT (9.868570239000061 52.359587929000000)",Unfall 155288 (2022) Kat:3, Licht: 2,155288,3,1,9,03,19,4,,2,0,1,0,0
"POINT (9.724973933000060 52.325400582999997)",Unfall 155293 (2022) Kat:3, Licht: 0,155293,3,5,0,02,14,5,,0,0,1,0,1
"POINT (9.790722462000080 52.328784097000003)",Unfall 155294 (2022) Kat:3, Licht: 0,155294,3,4,6,03,17,5,,0,0,1,1,0
"POINT (10.209957000999999 52.467210938999997)",Unfall 155298 (2022) Kat:3, Licht: 2,155298,3,1,8,02,23,7,,2,0,0,0,1
"POINT (9.655230266000050 52.419729564000100)",Unfall 155304 (2022) Kat:3, Licht: 0,155304,3,2,5,03,07,4,,0,1,0,0,0
"POINT (9.759117533000049 52.361527947000098)",Unfall 155305 (2022) Kat:3, Licht: 0,155305,3,4,6,02,16,4,,0,0,1,1,0
"POINT (9.691850639000050 52.331362353000003)",Unfall 155307 (2022) Kat:2, Licht: 2,155307,2,2,6,02,18,5,,2,0,1,1,0
"POINT (9.753656218000060 52.362189149000102)",Unfall 155319 (2022) Kat:3, Licht: 0,155319,3,2,3,02,13,5,,0,1,0,0,0
"POINT (9.816914547000071 52.304600584000099)",Unfall 155320 (2022) Kat:3, Licht: 0,155320,3,3,5,03,12,1,,0,1,1,0,0
"POINT (9.736099010000030 52.420947732999998)",Unfall 155333 (2022) Kat:3, Licht: 1,155333,3,3,5,02,17,4,,1,0,1,0,0
"POINT (9.825921759000041 52.362900267999997)",Unfall 155334 (2022) Kat:3, Licht: 0,155334,3,1,0,03,08,6,,0,1,0,0,0
"POINT (9.748326699000071 52.382673727000103)",Unfall 155340 (2022) Kat:3, Licht: 0,155340,3,7,5,02,17,5,,0,1,1,0,0
"POINT (9.693190102000070 52.365409051000000)",Unfall 155344 (2022) Kat:3, Licht: 0,155344,3,3,5,03,13,5,,0,0,1,0,1
"POINT (9.504627664000051 52.296870028999997)",Unfall 155345 (2022) Kat:1, Licht: 0,155345,1,6,4,02,16,6,,0,0,1,0,0
"POINT (9.717263849000060 52.341767257000100)",Unfall 155347 (2022) Kat:3, Licht: 0,155347,3,2,5,03,14,2,,0,1,1,0,0
"POINT (9.753441686000031 52.376558021999998)",Unfall 155353 (2022) Kat:3, Licht: 0,155353,3,3,5,02,07,3,,0,1,0,0,0
"POINT (9.733715550000060 52.399707486000104)",Unfall 155359 (2022) Kat:3, Licht: 2,155359,3,3,5,03,19,5,,2,1,1,0,0
"POINT (9.741018742000049 52.398733206000003)",Unfall 155370 (2022) Kat:3, Licht: 0,155370,3,3,5,03,13,3,,0,1,0,0,0
"POINT (9.676023481000071 52.377269996999999)",Unfall 155378 (2022) Kat:3, Licht: 2,155378,3,7,8,02,04,3,,2,0,0,0,0
"POINT (9.792196080000050 52.371987060000002)",Unfall 155379 (2022) Kat:3, Licht: 0,155379,3,3,5,03,11,5,,0,1,1,0,0
"POINT (9.387744969000041 52.456925006000098)",Unfall 155385 (2022) Kat:3, Licht: 0,155385,3,6,4,03,12,3,,0,1,0,0,0
"POINT (9.763739709000051 52.399218101000002)",Unfall 155387 (2022) Kat:3, Licht: 0,155387,3,3,5,02,15,2,,0,1,1,0,0
"POINT (9.743919810000021 52.392286473000098)",Unfall 155389 (2022) Kat:3, Licht: 0,155389,3,5,0,03,08,4,,0,0,0,0,0
"POINT (9.795535322000029 52.375479620000100)",Unfall 155391 (2022) Kat:3, Licht: 0,155391,3,4,6,02,08,6,,0,1,0,1,0
"POINT (9.739370085000081 52.376191050999999)",Unfall 155394 (2022) Kat:3, Licht: 0,155394,3,2,4,03,12,5,,0,1,0,0,0
"POINT (9.592832285000039 52.415493703000003)",Unfall 155400 (2022) Kat:3, Licht: 0,155400,3,2,2,03,15,6,,0,1,1,0,0
"POINT (9.786344064000049 52.370517784000100)",Unfall 155410 (2022) Kat:3, Licht: 0,155410,3,7,5,03,13,2,,0,0,1,0,1
"POINT (9.829712787000060 52.322821961999999)",Unfall 155412 (2022) Kat:2, Licht: 2,155412,2,7,0,03,21,3,,2,1,0,0,0
"POINT (9.903083835000070 52.493391401000103)",Unfall 155416 (2022) Kat:3, Licht: 2,155416,3,1,9,03,19,5,,2,0,1,0,0
"POINT (9.844610079000059 52.486349281999999)",Unfall 155417 (2022) Kat:3, Licht: 0,155417,3,7,1,02,08,1,,0,0,1,0,0
"POINT (9.625351587000070 52.426588203000101)",Unfall 155418 (2022) Kat:3, Licht: 0,155418,3,1,0,02,12,4,,0,1,0,0,0
"POINT (9.755808342000019 52.366124920000097)",Unfall 155421 (2022) Kat:3, Licht: 2,155421,3,7,0,03,01,7,,2,0,0,0,0
"POINT (9.593344155000070 52.421025004999997)",Unfall 155423 (2022) Kat:3, Licht: 0,155423,3,4,6,03,12,2,,0,0,1,1,0
"POINT (9.813031303000059 52.389628938000001)",Unfall 155425 (2022) Kat:3, Licht: 0,155425,3,6,2,02,08,3,,0,0,1,0,0
"POINT (9.602471814000070 52.417478679000098)",Unfall 155426 (2022) Kat:2, Licht: 0,155426,2,6,4,02,07,5,,0,1,0,0,0
"POINT (9.702351270000070 52.414715491000003)",Unfall 155436 (2022) Kat:3, Licht: 0,155436,3,1,0,03,16,1,,0,0,0,0,1
"POINT (9.763826455000070 52.360328172999999)",Unfall 155440 (2022) Kat:2, Licht: 0,155440,2,7,0,03,08,6,,0,0,0,0,0
"POINT (9.669770868000059 52.338095072000002)",Unfall 155447 (2022) Kat:3, Licht: 0,155447,3,5,1,03,08,4,,0,1,1,0,0
"POINT (9.747756241000049 52.436673094000099)",Unfall 155453 (2022) Kat:3, Licht: 0,155453,3,3,5,03,16,2,,0,1,1,0,0
"POINT (9.691966684000020 52.344936015000002)",Unfall 155455 (2022) Kat:3, Licht: 2,155455,3,7,8,03,20,2,,2,1,0,0,0
"POINT (9.775289362000020 52.338843179000001)",Unfall 155458 (2022) Kat:3, Licht: 0,155458,3,2,3,02,16,4,,0,1,1,0,0
"POINT (9.738298154000059 52.382113779000100)",Unfall 155463 (2022) Kat:3, Licht: 1,155463,3,2,5,02,07,4,,1,1,1,0,0
"POINT (9.797986898000030 52.309250953999999)",Unfall 155471 (2022) Kat:3, Licht: 0,155471,3,7,0,03,11,4,,0,1,0,0,0
"POINT (9.764112350000060 52.397202698000100)",Unfall 155473 (2022) Kat:3, Licht: 0,155473,3,2,5,03,10,5,,0,0,1,0,0
"POINT (9.801319970000071 52.408781601999998)",Unfall 155475 (2022) Kat:3, Licht: 0,155475,3,2,4,03,12,7,,0,1,1,0,0
"POINT (9.774457123000049 52.371392668000098)",Unfall 155478 (2022) Kat:3, Licht: 0,155478,3,7,2,02,12,4,,0,0,1,0,0
"POINT (9.748031154000049 52.385528602000100)",Unfall 155480 (2022) Kat:3, Licht: 0,155480,3,2,5,03,17,2,,0,1,1,0,0
"POINT (9.663220762000041 52.364713490000000)",Unfall 155494 (2022) Kat:3, Licht: 0,155494,3,4,0,03,15,5,,0,0,0,1,0
"POINT (9.777914083000040 52.361282102000096)",Unfall 155497 (2022) Kat:3, Licht: 0,155497,3,7,6,03,12,5,,0,0,1,1,0
"POINT (9.737312897000040 52.546528351000099)",Unfall 155501 (2022) Kat:3, Licht: 0,155501,3,2,2,03,09,3,,0,0,1,0,0
"POINT (9.752374010000040 52.384976138000098)",Unfall 155502 (2022) Kat:3, Licht: 2,155502,3,5,1,03,22,7,,2,0,1,0,0
"POINT (9.814035222000030 52.331897669000099)",Unfall 155506 (2022) Kat:3, Licht: 2,155506,3,6,2,02,07,5,,2,0,1,0,0
"POINT (9.663885347000081 52.382896686999999)",Unfall 155507 (2022) Kat:3, Licht: 0,155507,3,2,5,03,10,5,,0,1,1,0,0
"POINT (9.733108359000029 52.381959406000099)",Unfall 155511 (2022) Kat:3, Licht: 0,155511,3,7,0,02,16,6,,0,0,0,0,0
"POINT (9.713300389000040 52.371440762000098)",Unfall 155513 (2022) Kat:3, Licht: 0,155513,3,7,0,03,16,2,,0,1,0,0,0
"POINT (9.548982729000040 52.208037660999999)",Unfall 155518 (2022) Kat:3, Licht: 2,155518,3,2,6,02,21,3,,2,0,1,1,0
"POINT (9.727407664000051 52.439055791000001)",Unfall 155520 (2022) Kat:3, Licht: 2,155520,3,2,6,02,19,5,,2,0,1,1,0
"POINT (10.010209414000000 52.448024226000001)",Unfall 155522 (2022) Kat:3, Licht: 0,155522,3,2,6,03,13,3,,0,0,1,1,0
"POINT (10.205442025000000 52.470777673999997)",Unfall 155526 (2022) Kat:2, Licht: 0,155526,2,3,0,03,12,2,,0,0,1,0,1
"POINT (9.736031837000040 52.416072991000100)",Unfall 155531 (2022) Kat:3, Licht: 2,155531,3,3,5,03,05,6,,2,0,1,0,1
"POINT (9.763208128000031 52.395179956000000)",Unfall 155533 (2022) Kat:3, Licht: 0,155533,3,2,4,02,10,4,,0,1,1,0,0
"POINT (9.961946411000040 52.389758540999999)",Unfall 155536 (2022) Kat:3, Licht: 0,155536,3,6,2,03,16,7,,0,0,1,0,0
"POINT (9.595968973000030 52.425639922000101)",Unfall 155538 (2022) Kat:3, Licht: 0,155538,3,3,5,03,10,4,,0,1,1,0,0
"POINT (9.738288294000030 52.381971238000098)",Unfall 155546 (2022) Kat:3, Licht: 0,155546,3,6,3,02,11,2,,0,1,0,0,0
"POINT (9.697564551000029 52.419725925000101)",Unfall 155554 (2022) Kat:3, Licht: 0,155554,3,2,5,03,15,4,,0,0,1,0,0
"POINT (9.430434592000040 52.419374941000100)",Unfall 155555 (2022) Kat:3, Licht: 0,155555,3,2,5,02,16,5,,0,1,1,0,0
"POINT (9.781419199000030 52.423393488999999)",Unfall 155556 (2022) Kat:3, Licht: 0,155556,3,1,7,03,13,7,,0,1,0,0,0
"POINT (9.525109866000040 52.517671037000099)",Unfall 155558 (2022) Kat:3, Licht: 0,155558,3,1,8,03,17,2,,0,0,1,0,0
"POINT (9.457599044000061 52.511492551000103)",Unfall 155571 (2022) Kat:3, Licht: 0,155571,3,3,0,03,13,7,,0,0,1,0,1
"POINT (9.765286766000029 52.263651310999997)",Unfall 155581 (2022) Kat:3, Licht: 2,155581,3,2,6,02,18,4,,2,0,1,1,0
"POINT (9.426644678000059 52.422765969000103)",Unfall 155582 (2022) Kat:3, Licht: 0,155582,3,3,5,03,12,6,,0,1,1,0,0
"POINT (9.595340924000030 52.425591299000097)",Unfall 155589 (2022) Kat:2, Licht: 0,155589,2,7,0,02,16,5,,0,1,0,0,0
"POINT (9.719572478000030 52.374728839000099)",Unfall 155592 (2022) Kat:3, Licht: 0,155592,3,6,0,03,14,5,,0,1,0,0,0
"POINT (9.733934510000040 52.469656880000102)",Unfall 155610 (2022) Kat:3, Licht: 0,155610,3,2,4,02,10,4,,0,1,1,0,0
"POINT (9.821560656000029 52.340579996000002)",Unfall 155613 (2022) Kat:3, Licht: 0,155613,3,3,5,03,17,5,,0,1,1,0,0
"POINT (10.112801992000101 52.344881262999998)",Unfall 155623 (2022) Kat:2, Licht: 2,155623,2,1,0,03,21,3,,2,1,0,0,0
"POINT (9.781565436000051 52.414158600000100)",Unfall 155627 (2022) Kat:3, Licht: 0,155627,3,2,5,03,11,2,,0,1,0,0,1
"POINT (9.721608069000069 52.379955291999998)",Unfall 155628 (2022) Kat:3, Licht: 0,155628,3,5,3,03,13,6,,0,1,1,0,0
"POINT (9.767794185000071 52.358130154000001)",Unfall 155637 (2022) Kat:3, Licht: 0,155637,3,6,2,03,16,3,,0,0,1,0,0
"POINT (9.856598674000050 52.434094717000100)",Unfall 155639 (2022) Kat:3, Licht: 0,155639,3,1,0,02,17,5,,0,1,0,0,0
"POINT (9.781429241000071 52.410158269000100)",Unfall 155640 (2022) Kat:3, Licht: 2,155640,3,2,5,03,19,5,,2,1,1,0,0
"POINT (9.777568515000040 52.362716642000102)",Unfall 155656 (2022) Kat:3, Licht: 2,155656,3,7,8,03,18,2,,2,0,1,0,0
"POINT (9.802411760000041 52.398405918000002)",Unfall 155661 (2022) Kat:3, Licht: 0,155661,3,2,5,02,17,4,,0,1,1,0,0
"POINT (9.727503030000040 52.550838980999998)",Unfall 155666 (2022) Kat:3, Licht: 0,155666,3,7,0,03,09,6,,0,1,0,0,0
"POINT (9.726582240000029 52.377360242000101)",Unfall 155681 (2022) Kat:3, Licht: 0,155681,3,6,2,03,15,1,,0,0,1,0,0
"POINT (9.735113930000070 52.380302290000003)",Unfall 155683 (2022) Kat:3, Licht: 2,155683,3,1,8,02,20,3,,2,0,1,0,0
"POINT (9.723522012000050 52.372022590000000)",Unfall 155684 (2022) Kat:3, Licht: 2,155684,3,6,0,02,21,5,,2,0,1,0,0
"POINT (10.207324456000000 52.466240370000001)",Unfall 155685 (2022) Kat:3, Licht: 0,155685,3,5,1,03,16,3,,0,0,1,0,0
"POINT (9.734885338000030 52.442402425000097)",Unfall 155687 (2022) Kat:3, Licht: 0,155687,3,3,5,02,08,4,,0,1,1,0,0
"POINT (9.751663546000030 52.371943687000098)",Unfall 155695 (2022) Kat:3, Licht: 0,155695,3,7,0,03,16,2,,0,1,0,0,0
"POINT (9.580726508000049 52.395025809000103)",Unfall 155698 (2022) Kat:3, Licht: 0,155698,3,5,1,02,17,4,,0,0,1,0,0
"POINT (9.709432915000040 52.341839031000099)",Unfall 155702 (2022) Kat:3, Licht: 0,155702,3,4,6,03,11,7,,0,0,1,1,0
"POINT (9.725188225000069 52.373279359000001)",Unfall 155706 (2022) Kat:3, Licht: 1,155706,3,4,6,03,18,3,,1,1,0,1,0
"POINT (9.716098040000080 52.399622878999999)",Unfall 155711 (2022) Kat:3, Licht: 0,155711,3,3,5,02,17,5,,0,0,1,0,0
"POINT (9.738639804000060 52.374433360000097)",Unfall 155715 (2022) Kat:3, Licht: 0,155715,3,1,6,03,17,2,,0,1,0,1,0
"POINT (9.742554445000049 52.450455220000002)",Unfall 155716 (2022) Kat:2, Licht: 0,155716,2,4,6,03,13,3,,0,0,1,1,0
"POINT (9.774659880000060 52.371863171000001)",Unfall 155723 (2022) Kat:3, Licht: 0,155723,3,6,2,03,11,1,,0,0,1,0,0
"POINT (9.746434871000080 52.324266459000100)",Unfall 155724 (2022) Kat:2, Licht: 0,155724,2,3,5,02,12,6,,0,1,1,0,0
"POINT (9.581555593000081 52.276455036000101)",Unfall 155730 (2022) Kat:3, Licht: 0,155730,3,3,5,03,13,4,,0,1,1,0,0
"POINT (9.771395068000061 52.354096654000003)",Unfall 155731 (2022) Kat:2, Licht: 0,155731,2,7,0,03,17,3,,0,1,0,0,0
"POINT (9.734561311000050 52.384660413000098)",Unfall 155734 (2022) Kat:3, Licht: 0,155734,3,1,0,02,16,1,,0,1,0,0,0
"POINT (9.748833778000060 52.378511086000103)",Unfall 155735 (2022) Kat:3, Licht: 0,155735,3,6,4,02,10,5,,0,1,0,0,0
"POINT (9.747426515000029 52.365196571000098)",Unfall 155736 (2022) Kat:3, Licht: 2,155736,3,2,5,03,19,6,,2,1,1,0,0
"POINT (9.956497053000019 52.319086212999999)",Unfall 155741 (2022) Kat:3, Licht: 0,155741,3,2,3,03,13,4,,0,0,1,0,0
"POINT (9.671165394000070 52.355573362000001)",Unfall 155746 (2022) Kat:3, Licht: 0,155746,3,5,0,03,13,4,,0,1,1,0,0
"POINT (9.783228526000070 52.374477921999997)",Unfall 155753 (2022) Kat:3, Licht: 0,155753,3,7,1,03,17,7,,0,1,1,0,0
"POINT (9.976728231000040 52.376791752000003)",Unfall 155758 (2022) Kat:3, Licht: 0,155758,3,7,1,03,07,5,,0,0,1,0,0
"POINT (10.022013139000000 52.374231191000000)",Unfall 155761 (2022) Kat:3, Licht: 2,155761,3,6,4,03,06,5,,2,0,1,0,0
"POINT (9.742733926000030 52.450655187999999)",Unfall 155762 (2022) Kat:3, Licht: 0,155762,3,4,6,02,17,7,,0,0,1,1,0
"POINT (9.749768562000041 52.410755086000101)",Unfall 155766 (2022) Kat:3, Licht: 2,155766,3,5,1,02,18,7,,2,0,1,0,0
"POINT (9.777010147000061 52.398980654000098)",Unfall 155768 (2022) Kat:3, Licht: 0,155768,3,6,3,03,07,6,,0,1,1,0,0
"POINT (9.856065276000040 52.363287137999997)",Unfall 155772 (2022) Kat:3, Licht: 0,155772,3,7,6,02,10,5,,0,0,1,1,0
"POINT (9.741630225000049 52.370959143000100)",Unfall 155774 (2022) Kat:3, Licht: 0,155774,3,5,3,02,12,6,,0,1,1,0,0
"POINT (9.745775670000061 52.381364896000001)",Unfall 155775 (2022) Kat:3, Licht: 2,155775,3,5,1,03,05,1,,2,0,1,0,0
"POINT (9.610455623000060 52.416236167000100)",Unfall 155787 (2022) Kat:3, Licht: 0,155787,3,3,5,03,07,7,,0,1,1,0,0
"POINT (9.712741776000030 52.382153775000099)",Unfall 155793 (2022) Kat:3, Licht: 2,155793,3,3,5,02,18,6,,2,1,1,0,0
"POINT (9.616920488000060 52.417883216000099)",Unfall 155798 (2022) Kat:3, Licht: 2,155798,3,7,0,03,19,7,,2,0,0,0,0
"POINT (9.661941903000070 52.384856555000098)",Unfall 155802 (2022) Kat:3, Licht: 0,155802,3,7,0,03,08,6,,0,1,0,0,0
"POINT (9.622225483000021 52.413325826000097)",Unfall 155808 (2022) Kat:3, Licht: 0,155808,3,5,1,02,14,3,,0,0,1,0,0
"POINT (9.753262488000081 52.392027374000101)",Unfall 155812 (2022) Kat:3, Licht: 2,155812,3,1,0,03,22,3,,2,1,0,0,0
"POINT (9.735240683000031 52.399316769000102)",Unfall 155813 (2022) Kat:3, Licht: 0,155813,3,2,2,02,16,7,,0,0,1,0,1
"POINT (9.454022277000041 52.416471150000099)",Unfall 155815 (2022) Kat:3, Licht: 0,155815,3,3,5,03,17,6,,0,0,1,0,0
"POINT (9.721955225000039 52.376764394000098)",Unfall 155825 (2022) Kat:3, Licht: 2,155825,3,3,5,02,00,7,,2,0,1,0,0
"POINT (9.798536535000039 52.377192858000100)",Unfall 155826 (2022) Kat:3, Licht: 0,155826,3,3,5,03,07,3,,0,1,1,0,0
"POINT (9.732913144000070 52.376725681000003)",Unfall 155836 (2022) Kat:2, Licht: 0,155836,2,4,6,03,11,2,,0,0,0,1,0
"POINT (9.742865629000050 52.375160134000097)",Unfall 155838 (2022) Kat:3, Licht: 0,155838,3,6,2,03,16,3,,0,0,1,0,0
"POINT (9.735913421000021 52.441031268000103)",Unfall 155841 (2022) Kat:3, Licht: 0,155841,3,6,4,03,08,4,,0,1,0,0,0
"POINT (9.972153463000041 52.377487936000101)",Unfall 155842 (2022) Kat:3, Licht: 0,155842,3,6,3,02,11,4,,0,1,1,0,0
"POINT (9.757888936000031 52.330033149000002)",Unfall 155844 (2022) Kat:3, Licht: 0,155844,3,7,0,02,16,7,,0,1,0,0,0
"POINT (9.802646750000060 52.400843899999998)",Unfall 155857 (2022) Kat:3, Licht: 0,155857,3,7,6,03,13,2,,0,1,0,0,0
"POINT (9.853558131000060 52.434398102999999)",Unfall 155868 (2022) Kat:3, Licht: 0,155868,3,4,6,03,09,7,,0,0,1,1,0
"POINT (9.756813025000040 52.356676938000099)",Unfall 155870 (2022) Kat:3, Licht: 0,155870,3,3,5,03,07,2,,0,1,1,0,0
"POINT (9.702114382000049 52.375097675000099)",Unfall 155878 (2022) Kat:3, Licht: 1,155878,3,4,6,02,17,4,,1,0,1,1,0
"POINT (9.741588448000069 52.359836814000097)",Unfall 155884 (2022) Kat:3, Licht: 0,155884,3,3,0,03,08,3,,0,1,1,0,0
"POINT (9.805287957000081 52.412376373000001)",Unfall 155886 (2022) Kat:3, Licht: 0,155886,3,2,2,02,08,6,,0,0,1,0,0
"POINT (9.781213383000020 52.403912296000001)",Unfall 155889 (2022) Kat:3, Licht: 0,155889,3,3,5,03,07,5,,0,1,1,0,0
"POINT (9.740976236000050 52.440577707999999)",Unfall 155894 (2022) Kat:3, Licht: 0,155894,3,3,5,02,15,2,,0,1,1,0,0
"POINT (9.750975073000060 52.370950139999998)",Unfall 155897 (2022) Kat:3, Licht: 0,155897,3,5,1,03,07,2,,0,0,1,0,0
"POINT (9.850888032000061 52.415204506000102)",Unfall 155899 (2022) Kat:3, Licht: 0,155899,3,6,4,03,13,4,,0,0,0,0,0
"POINT (9.684091436000070 52.366250363000098)",Unfall 155903 (2022) Kat:3, Licht: 2,155903,3,1,4,02,23,6,,2,0,1,0,0
"POINT (9.772228346000080 52.395529508000003)",Unfall 155904 (2022) Kat:3, Licht: 0,155904,3,4,6,03,16,2,,0,0,1,1,0
"POINT (9.843680695000049 52.487225633000001)",Unfall 155905 (2022) Kat:3, Licht: 0,155905,3,2,3,03,14,4,,0,0,1,0,0
"POINT (9.458094555000059 52.507744172999999)",Unfall 155909 (2022) Kat:3, Licht: 0,155909,3,3,5,03,14,3,,0,1,1,0,0
"POINT (9.724577541000031 52.374738004000100)",Unfall 155911 (2022) Kat:3, Licht: 0,155911,3,7,8,02,14,5,,0,1,0,0,0
"POINT (9.619940277000071 52.435898258000101)",Unfall 155914 (2022) Kat:3, Licht: 0,155914,3,3,5,02,15,5,,0,0,1,0,0
"POINT (9.982399454000070 52.381456843000102)",Unfall 155921 (2022) Kat:3, Licht: 0,155921,3,3,5,02,13,4,,0,1,1,0,0
"POINT (9.781526283000060 52.410209101000099)",Unfall 155925 (2022) Kat:2, Licht: 2,155925,2,2,6,02,04,5,,2,0,0,1,0
"POINT (9.853072853000070 52.434379152000098)",Unfall 155930 (2022) Kat:3, Licht: 0,155930,3,7,0,02,08,2,,0,0,0,0,0
"POINT (9.757387208000070 52.450326344000104)",Unfall 155934 (2022) Kat:3, Licht: 0,155934,3,3,5,02,11,4,,0,1,1,0,0
"POINT (9.747559163000060 52.385483170000001)",Unfall 155939 (2022) Kat:3, Licht: 2,155939,3,7,2,02,02,5,,2,0,1,0,0
"POINT (9.753351611000030 52.376707379000003)",Unfall 155941 (2022) Kat:3, Licht: 0,155941,3,2,5,03,13,3,,0,1,1,0,0
"POINT (9.749397229000071 52.374792943999999)",Unfall 155944 (2022) Kat:3, Licht: 0,155944,3,6,3,03,13,5,,0,0,1,0,0
"POINT (9.692691109000069 52.396664741000102)",Unfall 155945 (2022) Kat:3, Licht: 0,155945,3,2,5,03,11,2,,0,1,0,0,0
"POINT (9.789911386000030 52.410144109000001)",Unfall 155952 (2022) Kat:3, Licht: 1,155952,3,6,2,02,19,1,,1,0,1,0,0
"POINT (9.724710560000061 52.369953897000102)",Unfall 155959 (2022) Kat:3, Licht: 0,155959,3,7,4,03,17,3,,0,1,1,0,0
"POINT (9.662037114000039 52.408509841000097)",Unfall 155966 (2022) Kat:3, Licht: 0,155966,3,2,5,02,12,7,,0,1,1,0,0
"POINT (9.712528038000070 52.360795414999998)",Unfall 155968 (2022) Kat:3, Licht: 0,155968,3,6,2,03,14,2,,0,0,1,0,0
"POINT (9.734162529000059 52.420864569999999)",Unfall 155969 (2022) Kat:3, Licht: 0,155969,3,6,2,03,13,3,,0,0,1,0,0
"POINT (10.008817825000101 52.446336688000002)",Unfall 155971 (2022) Kat:3, Licht: 1,155971,3,3,5,02,07,4,,1,1,1,0,0
"POINT (9.720679066000059 52.436270047000100)",Unfall 155973 (2022) Kat:3, Licht: 0,155973,3,3,5,03,14,4,,0,1,0,0,0
"POINT (9.673609394000040 52.396244495000097)",Unfall 155983 (2022) Kat:2, Licht: 0,155983,2,6,2,03,15,3,,0,1,0,0,0
"POINT (9.723113635000059 52.381775523000002)",Unfall 155991 (2022) Kat:3, Licht: 2,155991,3,5,1,03,02,7,,2,1,1,0,0
"POINT (9.603233716000030 52.420353871000003)",Unfall 156001 (2022) Kat:3, Licht: 2,156001,3,5,1,03,19,6,,2,1,1,0,0
"POINT (9.824953618000050 52.293881010000099)",Unfall 156007 (2022) Kat:3, Licht: 0,156007,3,7,0,02,12,2,,0,0,0,0,1
"POINT (9.590233493000030 52.428211193000003)",Unfall 156008 (2022) Kat:3, Licht: 0,156008,3,3,5,03,13,3,,0,1,1,0,0
"POINT (9.721882460000071 52.417057063000101)",Unfall 156010 (2022) Kat:3, Licht: 2,156010,3,1,0,02,18,3,,2,1,0,0,0
"POINT (9.371662486000050 52.454334234000001)",Unfall 156012 (2022) Kat:3, Licht: 0,156012,3,7,0,03,17,5,,0,1,0,0,0
"POINT (9.766322585000070 52.340955032000103)",Unfall 156014 (2022) Kat:3, Licht: 0,156014,3,4,6,03,07,5,,0,0,1,1,0
"POINT (9.687452393000060 52.392577598000102)",Unfall 156027 (2022) Kat:3, Licht: 0,156027,3,6,2,03,16,7,,0,0,1,0,0
"POINT (9.591570681000061 52.415836640000101)",Unfall 156029 (2022) Kat:3, Licht: 0,156029,3,2,2,03,16,2,,0,0,1,0,0
"POINT (9.752125915000020 52.385474192000103)",Unfall 156031 (2022) Kat:3, Licht: 0,156031,3,6,3,03,10,3,,0,0,1,0,0
"POINT (9.713352794000061 52.371424435000101)",Unfall 156034 (2022) Kat:3, Licht: 0,156034,3,4,6,03,10,2,,0,1,0,1,0
"POINT (9.598160812000060 52.420570161999997)",Unfall 156040 (2022) Kat:3, Licht: 0,156040,3,2,5,03,07,7,,0,1,1,0,0
"POINT (9.528971735000029 52.200434791000099)",Unfall 156044 (2022) Kat:2, Licht: 2,156044,2,1,8,02,21,3,,2,0,1,0,0
"POINT (9.755015469000060 52.436046814000100)",Unfall 156047 (2022) Kat:3, Licht: 0,156047,3,2,6,02,14,4,,0,0,1,1,0
"POINT (9.960318350000019 52.369765946000001)",Unfall 156050 (2022) Kat:3, Licht: 0,156050,3,7,8,03,07,7,,0,0,0,0,0
"POINT (9.759556783000050 52.335267284000103)",Unfall 156056 (2022) Kat:3, Licht: 2,156056,3,6,2,02,17,3,,2,0,1,0,0
"POINT (9.969871192000030 52.317175638999998)",Unfall 156058 (2022) Kat:3, Licht: 0,156058,3,7,7,03,07,5,,0,0,0,0,0
"POINT (9.766750680000030 52.382297039999997)",Unfall 156059 (2022) Kat:3, Licht: 2,156059,3,2,4,02,06,3,,2,0,1,0,0
"POINT (9.819369545000029 52.429275926000102)",Unfall 156068 (2022) Kat:3, Licht: 2,156068,3,2,0,02,19,2,,2,1,0,0,0
"POINT (9.552204037000021 52.214729134999999)",Unfall 156074 (2022) Kat:2, Licht: 2,156074,2,3,5,03,20,2,,2,1,1,0,0
"POINT (9.539566654000049 52.207238783000001)",Unfall 156076 (2022) Kat:3, Licht: 0,156076,3,1,0,03,17,2,,0,1,0,0,0
"POINT (9.760854052000070 52.343955675000103)",Unfall 156077 (2022) Kat:3, Licht: 2,156077,3,7,1,02,02,7,,2,0,1,0,0
"POINT (9.819019082000070 52.391282103999998)",Unfall 156084 (2022) Kat:2, Licht: 2,156084,2,1,0,03,18,6,,2,1,0,0,0
"POINT (9.459393505000040 52.505370954999997)",Unfall 156111 (2022) Kat:3, Licht: 0,156111,3,7,6,02,10,2,,0,0,1,1,0
"POINT (9.756362149000040 52.390640580000102)",Unfall 156113 (2022) Kat:3, Licht: 0,156113,3,6,0,03,15,5,,0,0,1,0,1
"POINT (9.735313288000039 52.380422772000003)",Unfall 156117 (2022) Kat:3, Licht: 0,156117,3,7,7,02,10,4,,0,1,0,0,0
"POINT (9.738930803000070 52.363222442999998)",Unfall 156119 (2022) Kat:3, Licht: 0,156119,3,6,2,03,17,6,,0,0,1,0,0
"POINT (9.800327171000051 52.335223874000100)",Unfall 156120 (2022) Kat:3, Licht: 0,156120,3,3,5,02,12,6,,0,1,1,0,0
"POINT (10.006321395000001 52.441870908000098)",Unfall 156122 (2022) Kat:3, Licht: 0,156122,3,1,0,03,17,4,,0,0,0,0,0
"POINT (9.750428616000020 52.366058746000100)",Unfall 156125 (2022) Kat:2, Licht: 0,156125,2,4,6,03,15,3,,0,0,1,1,0
"POINT (9.756108110000071 52.365697283000003)",Unfall 156126 (2022) Kat:3, Licht: 0,156126,3,3,5,02,07,3,,0,0,1,0,0
"POINT (9.757219903000021 52.364261548000101)",Unfall 156131 (2022) Kat:3, Licht: 2,156131,3,3,5,03,23,6,,2,0,1,0,0
"POINT (9.754963574000040 52.367351413999998)",Unfall 156133 (2022) Kat:3, Licht: 0,156133,3,2,4,02,08,2,,0,1,1,0,0
"POINT (9.811242971000070 52.484945547999999)",Unfall 156139 (2022) Kat:3, Licht: 1,156139,3,3,5,02,17,4,,1,0,1,0,0
"POINT (9.757863486000080 52.363431268000099)",Unfall 156145 (2022) Kat:3, Licht: 0,156145,3,1,0,03,07,5,,0,1,0,0,0
"POINT (9.758508496000051 52.362602860000003)",Unfall 156148 (2022) Kat:3, Licht: 0,156148,3,7,0,03,17,4,,0,0,0,0,0
"POINT (9.734879803000069 52.380239465000002)",Unfall 156154 (2022) Kat:3, Licht: 2,156154,3,2,4,02,19,4,,2,0,1,0,0
"POINT (9.964865515000040 52.376958551000001)",Unfall 156159 (2022) Kat:3, Licht: 0,156159,3,3,5,03,15,4,,0,1,1,0,0
"POINT (9.723104351000069 52.369825308000003)",Unfall 156161 (2022) Kat:3, Licht: 1,156161,3,2,0,02,17,5,,1,1,0,0,0
"POINT (9.742013084000060 52.397654891000101)",Unfall 156164 (2022) Kat:3, Licht: 0,156164,3,3,5,03,12,5,,0,1,1,0,0
"POINT (9.754705925000049 52.432969069000102)",Unfall 156175 (2022) Kat:3, Licht: 0,156175,3,5,2,05,10,4,,0,0,1,0,0
"POINT (9.760235619000071 52.356361021000097)",Unfall 156177 (2022) Kat:3, Licht: 2,156177,3,3,5,03,21,3,,2,0,1,0,0
"POINT (9.979656363000061 52.376130900000099)",Unfall 156178 (2022) Kat:3, Licht: 0,156178,3,7,0,04,12,6,,0,1,0,0,0
"POINT (9.749747741000020 52.376504916000002)",Unfall 156181 (2022) Kat:3, Licht: 2,156181,3,6,2,04,21,3,,2,0,1,0,1
"POINT (9.746509609000039 52.375249042000100)",Unfall 156186 (2022) Kat:3, Licht: 0,156186,3,5,0,04,16,5,,0,0,1,0,0
"POINT (9.462398162000060 52.507686561000099)",Unfall 156207 (2022) Kat:3, Licht: 0,156207,3,3,0,04,18,4,,0,1,1,0,0
"POINT (9.693767840000019 52.392324541999997)",Unfall 156208 (2022) Kat:3, Licht: 0,156208,3,3,5,03,13,7,,0,1,0,0,0
"POINT (9.752242795000029 52.393458828000099)",Unfall 156209 (2022) Kat:3, Licht: 0,156209,3,2,5,04,13,4,,0,1,1,0,0
"POINT (9.808027869000060 52.379635125999997)",Unfall 156210 (2022) Kat:3, Licht: 0,156210,3,6,3,04,15,6,,0,0,1,0,0
"POINT (9.693105581000051 52.401123548000001)",Unfall 156212 (2022) Kat:3, Licht: 0,156212,3,1,0,05,09,1,,0,0,0,0,0
"POINT (9.502342114000040 52.434176642000097)",Unfall 156214 (2022) Kat:2, Licht: 0,156214,2,7,0,05,19,4,,0,1,0,0,0
"POINT (9.792979885000021 52.333628709000003)",Unfall 156218 (2022) Kat:3, Licht: 2,156218,3,3,5,03,18,5,,2,0,1,0,0
"POINT (9.738080336000049 52.381846963999998)",Unfall 156223 (2022) Kat:3, Licht: 0,156223,3,2,4,04,09,5,,0,1,1,0,0
"POINT (9.806709739000040 52.417741133000000)",Unfall 156224 (2022) Kat:3, Licht: 0,156224,3,5,0,03,18,2,,0,1,1,0,0
"POINT (9.852006414000069 52.560133862000001)",Unfall 156232 (2022) Kat:3, Licht: 0,156232,3,3,5,04,08,4,,0,0,1,0,0
"POINT (9.796321654000050 52.392432753000001)",Unfall 156239 (2022) Kat:3, Licht: 0,156239,3,6,3,05,18,3,,0,0,1,0,0
"POINT (9.723419176000050 52.385266499000103)",Unfall 156248 (2022) Kat:3, Licht: 0,156248,3,5,1,04,07,5,,0,0,1,0,0
"POINT (9.702908348000051 52.374965114000098)",Unfall 156253 (2022) Kat:3, Licht: 0,156253,3,3,5,04,20,7,,0,1,1,0,0
"POINT (9.854131640000050 52.391037703000102)",Unfall 156257 (2022) Kat:2, Licht: 0,156257,2,7,0,04,11,6,,0,1,0,0,0
"POINT (9.716953981000071 52.372797953000003)",Unfall 156262 (2022) Kat:3, Licht: 2,156262,3,1,0,04,03,7,,2,1,0,0,0
"POINT (9.689911190000030 52.392571078000103)",Unfall 156268 (2022) Kat:3, Licht: 0,156268,3,6,3,04,12,6,,0,0,1,0,0
"POINT (9.454654605000030 52.499443348000099)",Unfall 156270 (2022) Kat:3, Licht: 0,156270,3,7,0,04,19,4,,0,1,0,0,0
"POINT (9.747930083000030 52.374058173999998)",Unfall 156271 (2022) Kat:3, Licht: 0,156271,3,6,2,03,08,2,,0,0,1,0,0
"POINT (9.458376492000070 52.503195050000002)",Unfall 156272 (2022) Kat:3, Licht: 0,156272,3,2,4,04,14,5,,0,0,1,0,0
"POINT (9.663768446000059 52.382895879000003)",Unfall 156278 (2022) Kat:3, Licht: 0,156278,3,3,5,04,18,3,,0,1,1,0,0
"POINT (9.696896853000061 52.341511736000001)",Unfall 156285 (2022) Kat:3, Licht: 0,156285,3,6,2,05,16,2,,0,0,1,0,0
"POINT (9.712696689000040 52.360831883000102)",Unfall 156305 (2022) Kat:3, Licht: 0,156305,3,3,5,03,11,4,,0,1,1,0,0
"POINT (9.746485149000019 52.320334287999998)",Unfall 156308 (2022) Kat:3, Licht: 0,156308,3,7,6,03,16,7,,0,0,1,1,0
"POINT (9.835083279000060 52.334832026000100)",Unfall 156310 (2022) Kat:3, Licht: 0,156310,3,3,5,04,13,5,,0,0,1,0,0
"POINT (9.720977399000050 52.373295057000099)",Unfall 156311 (2022) Kat:3, Licht: 0,156311,3,1,0,04,17,7,,0,1,0,0,0
"POINT (9.720561485000079 52.391235046000098)",Unfall 156312 (2022) Kat:3, Licht: 0,156312,3,1,0,04,16,1,,0,1,0,0,0
"POINT (9.444544421000050 52.422570944000000)",Unfall 156314 (2022) Kat:3, Licht: 0,156314,3,7,0,05,15,3,,0,1,0,0,0
"POINT (9.812550408000050 52.364622738999998)",Unfall 156316 (2022) Kat:3, Licht: 0,156316,3,5,1,03,15,3,,0,1,1,0,0
"POINT (9.777474049000030 52.196037955000101)",Unfall 156323 (2022) Kat:3, Licht: 2,156323,3,5,1,04,11,1,,2,1,1,0,0
"POINT (9.743606010000059 52.357210352999999)",Unfall 156333 (2022) Kat:3, Licht: 0,156333,3,3,5,04,11,7,,0,1,0,0,0
"POINT (9.683050014000059 52.346754496000102)",Unfall 156339 (2022) Kat:2, Licht: 0,156339,2,3,5,03,14,6,,0,1,1,0,0
"POINT (9.717878100000060 52.363524171000101)",Unfall 156340 (2022) Kat:3, Licht: 0,156340,3,5,1,04,11,2,,0,1,1,0,0
"POINT (9.732500424000021 52.389964401999997)",Unfall 156352 (2022) Kat:3, Licht: 0,156352,3,1,1,04,19,5,,0,1,1,0,0
"POINT (9.756506746000071 52.364902592000099)",Unfall 156357 (2022) Kat:3, Licht: 0,156357,3,3,5,04,17,6,,0,1,1,0,0
"POINT (9.728324482000060 52.377869490000101)",Unfall 156366 (2022) Kat:3, Licht: 1,156366,3,7,0,04,19,5,,1,1,0,0,0
"POINT (9.451305840000030 52.422815979000099)",Unfall 156383 (2022) Kat:2, Licht: 0,156383,2,2,0,03,22,4,,0,0,1,1,0
"POINT (9.462051077000069 52.496970693000002)",Unfall 156386 (2022) Kat:3, Licht: 0,156386,3,1,0,04,19,4,,0,1,0,0,0
"POINT (9.414095088000071 52.430639738000103)",Unfall 156391 (2022) Kat:3, Licht: 0,156391,3,7,0,05,12,4,,0,1,0,0,0
"POINT (10.183450435000100 52.407532384000000)",Unfall 156392 (2022) Kat:3, Licht: 0,156392,3,7,0,04,13,7,,0,0,1,1,0
"POINT (9.778772560000050 52.399575433000102)",Unfall 156395 (2022) Kat:3, Licht: 0,156395,3,5,1,03,17,5,,0,1,1,0,0
"POINT (9.737660770000049 52.387778445999999)",Unfall 156396 (2022) Kat:3, Licht: 0,156396,3,3,5,03,06,6,,0,1,1,0,0
"POINT (9.711025592000061 52.372229711999999)",Unfall 156398 (2022) Kat:3, Licht: 0,156398,3,4,6,04,13,4,,0,1,0,1,0
"POINT (9.701921842000051 52.326574188999999)",Unfall 156401 (2022) Kat:3, Licht: 0,156401,3,6,4,04,11,2,,0,0,1,0,0
"POINT (9.615834027000060 52.418769785999999)",Unfall 156402 (2022) Kat:3, Licht: 2,156402,3,2,4,04,20,4,,2,0,1,0,0
"POINT (9.601127284000031 52.417127852000100)",Unfall 156405 (2022) Kat:3, Licht: 0,156405,3,3,5,04,17,2,,0,1,1,0,0
"POINT (9.994728100000030 52.453807097000002)",Unfall 156407 (2022) Kat:3, Licht: 0,156407,3,1,8,04,15,5,,0,1,0,0,0
"POINT (9.708380216000020 52.367061917999997)",Unfall 156409 (2022) Kat:3, Licht: 0,156409,3,3,5,03,13,5,,0,1,1,0,0
"POINT (9.763182601000040 52.403954964000000)",Unfall 156415 (2022) Kat:3, Licht: 0,156415,3,3,5,05,19,2,,0,1,0,0,0
"POINT (9.608976752000050 52.430601459999998)",Unfall 156422 (2022) Kat:3, Licht: 0,156422,3,7,0,04,19,4,,0,1,0,0,0
"POINT (9.557120507000040 52.207892498000000)",Unfall 156423 (2022) Kat:3, Licht: 0,156423,3,3,5,03,12,7,,0,1,1,0,0
"POINT (9.969404414000049 52.384410789000100)",Unfall 156424 (2022) Kat:3, Licht: 0,156424,3,3,5,04,07,4,,0,1,1,0,0
"POINT (9.693319608000021 52.394299852000103)",Unfall 156425 (2022) Kat:3, Licht: 2,156425,3,5,1,04,22,5,,2,0,1,0,0
"POINT (9.685368984000039 52.394728145000002)",Unfall 156433 (2022) Kat:3, Licht: 0,156433,3,3,5,04,14,2,,0,0,1,0,0
"POINT (9.729836284000040 52.398214954000103)",Unfall 156434 (2022) Kat:3, Licht: 0,156434,3,3,5,03,09,4,,0,1,1,0,0
"POINT (9.724041649000069 52.347102442999997)",Unfall 156437 (2022) Kat:2, Licht: 0,156437,2,2,6,03,12,7,,0,0,1,1,0
"POINT (9.694294216000060 52.365365381000103)",Unfall 156445 (2022) Kat:3, Licht: 0,156445,3,2,5,03,16,5,,0,1,1,0,0
"POINT (9.737225844000021 52.384523225000102)",Unfall 156448 (2022) Kat:3, Licht: 0,156448,3,3,5,04,09,7,,0,0,1,0,0
"POINT (9.798736567000050 52.385316785999997)",Unfall 156451 (2022) Kat:3, Licht: 0,156451,3,3,5,04,15,2,,0,1,1,0,0
"POINT (9.701066327000040 52.366326217000100)",Unfall 156455 (2022) Kat:3, Licht: 0,156455,3,2,4,04,16,1,,0,0,1,0,1
"POINT (9.753285883000050 52.380133891000099)",Unfall 156456 (2022) Kat:3, Licht: 0,156456,3,3,0,05,07,3,,0,1,1,0,0
"POINT (9.705781192000069 52.437649475000100)",Unfall 156459 (2022) Kat:3, Licht: 0,156459,3,5,1,04,17,6,,0,0,1,0,0
"POINT (9.736758688000069 52.376981249000004)",Unfall 156484 (2022) Kat:3, Licht: 0,156484,3,2,6,04,11,3,,0,0,1,1,0
"POINT (9.751365098000059 52.356251572000097)",Unfall 156489 (2022) Kat:2, Licht: 0,156489,2,4,6,03,17,2,,0,1,0,1,0
"POINT (9.434524761000031 52.420890317999998)",Unfall 156495 (2022) Kat:3, Licht: 0,156495,3,3,5,04,14,3,,0,1,0,0,0
"POINT (9.728993378000039 52.440900918000096)",Unfall 156500 (2022) Kat:3, Licht: 0,156500,3,4,6,03,15,2,,0,1,0,1,0
"POINT (9.388098780000060 52.410537114000100)",Unfall 156502 (2022) Kat:3, Licht: 0,156502,3,7,2,04,15,2,,0,1,0,0,0
"POINT (9.864357476000070 52.491540884000102)",Unfall 156507 (2022) Kat:3, Licht: 0,156507,3,5,1,04,14,1,,0,1,1,0,0
"POINT (10.011623999999999 52.447344209000100)",Unfall 156508 (2022) Kat:3, Licht: 0,156508,3,6,3,04,14,4,,0,1,0,0,0
"POINT (9.656596796000031 52.407471246999997)",Unfall 156513 (2022) Kat:3, Licht: 2,156513,3,2,5,04,20,3,,2,0,1,0,0
"POINT (9.839364067000080 52.426249572000103)",Unfall 156516 (2022) Kat:2, Licht: 0,156516,2,1,0,04,17,2,,0,1,0,0,0
"POINT (9.756576780000049 52.330968746000103)",Unfall 156519 (2022) Kat:3, Licht: 0,156519,3,3,5,04,11,4,,0,1,0,0,0
"POINT (9.764437404000031 52.395527241000103)",Unfall 156524 (2022) Kat:3, Licht: 2,156524,3,1,0,04,05,1,,2,0,0,0,0
"POINT (9.792534397000050 52.396692023000099)",Unfall 156526 (2022) Kat:3, Licht: 0,156526,3,3,5,05,17,3,,0,1,1,0,0
"POINT (9.853994240000080 52.362968115999998)",Unfall 156528 (2022) Kat:3, Licht: 1,156528,3,3,5,03,07,3,,1,1,0,0,0
"POINT (9.736750156000030 52.393172323000002)",Unfall 156530 (2022) Kat:3, Licht: 0,156530,3,3,5,04,13,1,,0,0,1,0,0
"POINT (9.708249061000060 52.215031109000101)",Unfall 156532 (2022) Kat:3, Licht: 0,156532,3,6,8,04,16,3,,0,1,1,0,0
"POINT (9.908590106000080 52.373193335000103)",Unfall 156533 (2022) Kat:3, Licht: 0,156533,3,7,0,04,17,4,,0,1,0,0,0
"POINT (9.734886641000060 52.442404934000102)",Unfall 156543 (2022) Kat:3, Licht: 0,156543,3,3,5,03,13,5,,0,0,1,0,1
"POINT (9.791587498000069 52.403229918000100)",Unfall 156546 (2022) Kat:3, Licht: 0,156546,3,2,5,04,14,4,,0,1,1,0,0
"POINT (9.716007327000060 52.378289705000000)",Unfall 156547 (2022) Kat:3, Licht: 2,156547,3,1,0,04,22,6,,2,1,0,0,0
"POINT (9.803300645000039 52.403573098000003)",Unfall 156551 (2022) Kat:3, Licht: 0,156551,3,7,0,05,16,4,,0,1,0,0,0
"POINT (9.692607459000040 52.396530124999998)",Unfall 156564 (2022) Kat:2, Licht: 0,156564,2,2,2,05,13,2,,0,1,0,0,0
"POINT (9.722414782000040 52.377153120999999)",Unfall 156567 (2022) Kat:2, Licht: 0,156567,2,2,5,05,17,4,,0,0,1,0,1
"POINT (9.814203902000029 52.331739441000103)",Unfall 156568 (2022) Kat:3, Licht: 0,156568,3,6,2,04,14,2,,0,0,1,0,0
"POINT (9.730136595000030 52.392043289000100)",Unfall 156573 (2022) Kat:3, Licht: 1,156573,3,3,5,04,19,4,,1,1,1,0,0
"POINT (9.704622960000050 52.374432847999998)",Unfall 156575 (2022) Kat:3, Licht: 0,156575,3,1,0,05,15,1,,0,1,0,0,0
"POINT (9.878965419000050 52.438667324000100)",Unfall 156584 (2022) Kat:3, Licht: 0,156584,3,3,5,04,17,3,,0,0,1,0,0
"POINT (9.738896784000080 52.363252778000103)",Unfall 156587 (2022) Kat:3, Licht: 0,156587,3,2,5,04,08,2,,0,1,1,0,0
"POINT (9.977491196000070 52.318193110999999)",Unfall 156588 (2022) Kat:3, Licht: 2,156588,3,1,9,04,20,5,,2,0,1,0,0
"POINT (9.800369220000050 52.335166882000102)",Unfall 156589 (2022) Kat:3, Licht: 1,156589,3,2,5,03,20,2,,1,1,1,0,0
"POINT (9.735828909000080 52.384214143000101)",Unfall 156599 (2022) Kat:2, Licht: 0,156599,2,7,8,03,15,1,,0,0,0,0,1
"POINT (9.585044461000050 52.278187767000098)",Unfall 156603 (2022) Kat:2, Licht: 0,156603,2,7,9,04,11,2,,0,0,0,0,0
"POINT (9.735542722000050 52.375169809000099)",Unfall 156607 (2022) Kat:3, Licht: 0,156607,3,3,5,04,08,6,,0,1,0,0,0
"POINT (9.669430997000060 52.351657553000102)",Unfall 156608 (2022) Kat:3, Licht: 0,156608,3,2,4,03,16,5,,0,1,1,0,0
"POINT (9.945665912000040 52.334672335000100)",Unfall 156621 (2022) Kat:3, Licht: 0,156621,3,7,6,04,10,4,,0,0,0,0,0
"POINT (9.772904049000029 52.335282789000097)",Unfall 156622 (2022) Kat:3, Licht: 0,156622,3,3,5,03,14,5,,0,0,1,0,1
"POINT (9.710540836000060 52.367319006000102)",Unfall 156625 (2022) Kat:3, Licht: 0,156625,3,1,0,04,18,5,,0,0,0,0,1
"POINT (9.654752239000061 52.317850156000098)",Unfall 156628 (2022) Kat:3, Licht: 0,156628,3,3,5,04,17,3,,0,0,1,0,0
"POINT (9.701732240000069 52.390572946000098)",Unfall 156629 (2022) Kat:3, Licht: 0,156629,3,7,0,04,17,5,,0,1,0,0,0
"POINT (9.770222718000070 52.533102079000102)",Unfall 156636 (2022) Kat:3, Licht: 0,156636,3,3,5,04,07,3,,0,0,1,0,0
"POINT (10.013360455000100 52.443761786000003)",Unfall 156647 (2022) Kat:2, Licht: 0,156647,2,3,5,04,15,2,,0,0,1,0,1
"POINT (9.738520798000019 52.402012038000102)",Unfall 156650 (2022) Kat:3, Licht: 0,156650,3,3,5,04,10,4,,0,0,1,0,0
"POINT (9.783559927000059 52.400848723000102)",Unfall 156657 (2022) Kat:3, Licht: 0,156657,3,7,0,03,18,3,,0,1,0,0,0
"POINT (9.763161724000041 52.268868666000103)",Unfall 156659 (2022) Kat:3, Licht: 0,156659,3,3,5,03,16,5,,0,1,0,0,0
"POINT (9.720443678000040 52.391399382000003)",Unfall 156663 (2022) Kat:3, Licht: 0,156663,3,3,5,04,12,3,,0,1,1,0,0
"POINT (9.732672355000030 52.379372325000098)",Unfall 156667 (2022) Kat:3, Licht: 0,156667,3,2,5,04,19,2,,0,1,1,0,0
"POINT (9.732383368000059 52.376732708000098)",Unfall 156671 (2022) Kat:3, Licht: 2,156671,3,1,0,04,01,6,,2,0,0,0,0
"POINT (9.863081430000021 52.361108033999997)",Unfall 156678 (2022) Kat:3, Licht: 0,156678,3,7,0,04,18,5,,0,1,0,0,0
"POINT (9.734122268000020 52.369530336000103)",Unfall 156682 (2022) Kat:3, Licht: 0,156682,3,6,3,04,18,7,,0,0,1,0,1
"POINT (9.763328145000060 52.401578852999997)",Unfall 156691 (2022) Kat:3, Licht: 0,156691,3,3,0,05,16,2,,0,0,1,1,0
"POINT (9.689538194000020 52.326647993999998)",Unfall 156701 (2022) Kat:3, Licht: 0,156701,3,3,5,04,17,6,,0,1,1,0,0
"POINT (9.809645549000040 52.404961034999999)",Unfall 156702 (2022) Kat:2, Licht: 2,156702,2,6,4,04,01,6,,2,0,1,0,0
"POINT (10.025812223999999 52.444724907000101)",Unfall 156703 (2022) Kat:3, Licht: 0,156703,3,3,5,04,16,7,,0,0,1,0,1
"POINT (9.821526554000060 52.339688735999999)",Unfall 156715 (2022) Kat:3, Licht: 2,156715,3,7,1,03,21,2,,2,0,1,0,0
"POINT (9.831555839000030 52.333162757000103)",Unfall 156720 (2022) Kat:3, Licht: 0,156720,3,3,5,04,18,4,,0,0,1,0,1
"POINT (9.739516608000031 52.380953499999997)",Unfall 156721 (2022) Kat:3, Licht: 0,156721,3,6,2,04,12,3,,0,0,1,0,0
"POINT (9.966458257000060 52.315446392000098)",Unfall 156723 (2022) Kat:3, Licht: 0,156723,3,7,0,04,17,7,,0,1,0,0,0
"POINT (9.961885257000059 52.389667692000003)",Unfall 156727 (2022) Kat:3, Licht: 0,156727,3,2,5,04,08,7,,0,0,1,0,0
"POINT (9.724402460000020 52.345909398000103)",Unfall 156728 (2022) Kat:3, Licht: 0,156728,3,7,4,05,20,2,,0,1,1,0,0
"POINT (9.642866935000029 52.415524767000100)",Unfall 156738 (2022) Kat:3, Licht: 2,156738,3,6,2,04,22,2,,2,0,1,0,0
"POINT (9.710238391000081 52.372553668000101)",Unfall 156740 (2022) Kat:3, Licht: 0,156740,3,3,5,05,10,3,,0,1,1,0,0
"POINT (9.493692840000049 52.282245469000003)",Unfall 156742 (2022) Kat:3, Licht: 0,156742,3,5,1,03,07,3,,0,1,1,0,0
"POINT (9.690237186000051 52.443390342999997)",Unfall 156747 (2022) Kat:3, Licht: 0,156747,3,3,5,04,15,3,,0,0,1,0,0
"POINT (9.769501356000029 52.410261755000100)",Unfall 156750 (2022) Kat:3, Licht: 2,156750,3,1,0,04,21,4,,2,0,1,0,0
"POINT (9.689839019000029 52.343685784999998)",Unfall 156756 (2022) Kat:3, Licht: 0,156756,3,7,7,05,10,3,,0,0,1,0,0
"POINT (9.692336973000071 52.398134470000102)",Unfall 156762 (2022) Kat:3, Licht: 0,156762,3,3,5,04,16,3,,0,1,1,0,0
"POINT (9.410942607000040 52.431854138000098)",Unfall 156763 (2022) Kat:3, Licht: 0,156763,3,7,8,04,15,4,,0,1,0,0,0
"POINT (9.604539709000051 52.409919354000102)",Unfall 156765 (2022) Kat:3, Licht: 0,156765,3,3,5,04,19,1,,0,0,1,0,0
"POINT (9.763424250000069 52.395526770000103)",Unfall 156767 (2022) Kat:3, Licht: 2,156767,3,2,5,03,23,2,,2,1,1,0,0
"POINT (9.808440278000029 52.389604479000099)",Unfall 156769 (2022) Kat:3, Licht: 0,156769,3,5,4,04,17,7,,0,0,1,0,1
"POINT (9.816368811000070 52.463323741000103)",Unfall 156773 (2022) Kat:3, Licht: 0,156773,3,6,6,04,15,3,,0,1,0,1,0
"POINT (9.698961481000030 52.335163124000097)",Unfall 156779 (2022) Kat:3, Licht: 0,156779,3,7,8,05,16,2,,0,0,1,0,0
"POINT (9.748454954000071 52.375907002000098)",Unfall 156782 (2022) Kat:3, Licht: 0,156782,3,3,5,05,09,4,,0,1,0,0,0
"POINT (9.718247632000040 52.341871896999997)",Unfall 156784 (2022) Kat:3, Licht: 0,156784,3,7,0,03,17,4,,0,0,0,0,0
"POINT (9.799777967000070 52.335968234000099)",Unfall 156789 (2022) Kat:2, Licht: 2,156789,2,1,0,04,21,5,,2,1,0,0,0
"POINT (9.962175313000049 52.366751625000099)",Unfall 156800 (2022) Kat:3, Licht: 0,156800,3,3,5,04,15,3,,0,0,1,0,0
"POINT (9.669885229000039 52.370411308000001)",Unfall 156814 (2022) Kat:3, Licht: 0,156814,3,3,5,04,08,4,,0,1,1,0,0
"POINT (9.791100843000040 52.420806053000000)",Unfall 156815 (2022) Kat:3, Licht: 0,156815,3,4,6,03,08,6,,0,0,1,1,0
"POINT (9.958377940000050 52.318128710000103)",Unfall 156825 (2022) Kat:3, Licht: 0,156825,3,6,2,04,18,5,,0,0,1,0,0
"POINT (9.752353938000059 52.384632879999998)",Unfall 156832 (2022) Kat:3, Licht: 0,156832,3,1,0,04,14,6,,0,1,0,0,0
"POINT (9.737838131000050 52.382030547000099)",Unfall 156836 (2022) Kat:2, Licht: 0,156836,2,3,5,05,19,4,,0,1,1,0,0
"POINT (9.716814217000040 52.372888628000098)",Unfall 156841 (2022) Kat:3, Licht: 0,156841,3,6,4,03,14,6,,0,1,0,0,0
"POINT (9.698687708000019 52.448610246000001)",Unfall 156842 (2022) Kat:3, Licht: 0,156842,3,2,4,04,08,3,,0,0,1,0,0
"POINT (9.807538618000020 52.308641803999997)",Unfall 156863 (2022) Kat:2, Licht: 0,156863,2,7,6,04,10,2,,0,0,0,1,0
"POINT (9.687587777000029 52.353832283000003)",Unfall 156868 (2022) Kat:3, Licht: 0,156868,3,2,4,03,14,6,,0,1,1,0,0
"POINT (9.724214248000070 52.346451254000002)",Unfall 156870 (2022) Kat:3, Licht: 0,156870,3,3,5,04,19,5,,0,1,1,0,0
"POINT (9.715622640000049 52.372074230000102)",Unfall 156871 (2022) Kat:3, Licht: 0,156871,3,6,6,04,12,7,,0,1,0,1,0
"POINT (9.738128351000061 52.376865607000099)",Unfall 156873 (2022) Kat:3, Licht: 0,156873,3,1,0,05,10,4,,0,1,0,0,0
"POINT (9.743699746000059 52.357090551000098)",Unfall 156877 (2022) Kat:3, Licht: 0,156877,3,3,0,03,07,5,,0,1,0,0,0
"POINT (9.729929102000030 52.378435093000100)",Unfall 156882 (2022) Kat:3, Licht: 0,156882,3,3,5,04,14,5,,0,0,1,0,0
"POINT (9.850333653000060 52.362431631000000)",Unfall 156885 (2022) Kat:3, Licht: 0,156885,3,4,6,05,15,4,,0,1,0,1,0
"POINT (9.738628308000051 52.406801768000001)",Unfall 156886 (2022) Kat:3, Licht: 2,156886,3,3,5,04,21,7,,2,0,1,0,0
"POINT (9.655201585000039 52.355625098000097)",Unfall 156896 (2022) Kat:3, Licht: 0,156896,3,3,5,03,17,2,,0,0,1,0,0
"POINT (9.723260597000030 52.349783582000001)",Unfall 156899 (2022) Kat:3, Licht: 0,156899,3,2,5,05,15,3,,0,1,1,0,0
"POINT (9.763840536000030 52.399213955999997)",Unfall 156900 (2022) Kat:3, Licht: 0,156900,3,3,5,04,14,5,,0,1,1,0,0
"POINT (9.751305263000059 52.387065352000000)",Unfall 156907 (2022) Kat:3, Licht: 0,156907,3,3,5,05,14,2,,0,1,1,0,0
"POINT (9.800963080000029 52.403938318000002)",Unfall 156908 (2022) Kat:3, Licht: 0,156908,3,7,0,04,16,3,,0,1,0,0,0
"POINT (9.449810327000019 52.428424051000000)",Unfall 156910 (2022) Kat:3, Licht: 0,156910,3,5,1,03,14,6,,0,0,1,0,0
"POINT (9.750714543000070 52.388298552000002)",Unfall 156915 (2022) Kat:3, Licht: 0,156915,3,3,5,03,13,6,,0,1,1,0,0
"POINT (9.748479685000060 52.385576898000103)",Unfall 156916 (2022) Kat:3, Licht: 0,156916,3,7,0,04,15,4,,0,1,0,0,0
"POINT (9.463715227000019 52.302764025999998)",Unfall 156917 (2022) Kat:3, Licht: 0,156917,3,3,5,04,11,6,,0,1,1,0,0
"POINT (9.823897937000030 52.383464711000002)",Unfall 156923 (2022) Kat:3, Licht: 0,156923,3,3,5,04,18,7,,0,0,1,0,0
"POINT (9.739616210000070 52.373212164999998)",Unfall 156926 (2022) Kat:3, Licht: 0,156926,3,1,0,03,18,5,,0,0,0,0,0
"POINT (9.761527082000040 52.379793915999997)",Unfall 156945 (2022) Kat:3, Licht: 0,156945,3,3,5,05,19,2,,0,1,1,0,0
"POINT (9.689468202000061 52.349588693000001)",Unfall 156958 (2022) Kat:3, Licht: 0,156958,3,6,2,04,17,3,,0,0,1,0,0
"POINT (9.728611387000059 52.374237133000101)",Unfall 156963 (2022) Kat:3, Licht: 0,156963,3,2,0,04,17,7,,0,0,1,0,0
"POINT (9.724760086000060 52.363235338999999)",Unfall 156967 (2022) Kat:3, Licht: 0,156967,3,5,1,04,19,6,,0,1,1,0,0
"POINT (9.620102628000041 52.221040602000102)",Unfall 156975 (2022) Kat:3, Licht: 0,156975,3,7,0,04,15,6,,0,0,1,0,1
"POINT (9.724552622000029 52.381323128000098)",Unfall 156982 (2022) Kat:3, Licht: 0,156982,3,1,0,04,10,2,,0,1,0,0,0
"POINT (9.768353863000071 52.335947545000103)",Unfall 156990 (2022) Kat:3, Licht: 0,156990,3,3,5,03,13,5,,0,0,1,0,0
"POINT (9.756312727000021 52.342539623000100)",Unfall 156991 (2022) Kat:3, Licht: 0,156991,3,3,5,04,13,7,,0,1,1,0,0
"POINT (9.710243104000030 52.341948275999997)",Unfall 156993 (2022) Kat:3, Licht: 0,156993,3,4,6,04,07,4,,0,1,0,1,0
"POINT (9.813909516000020 52.365040539000098)",Unfall 157000 (2022) Kat:3, Licht: 0,157000,3,7,0,03,08,4,,0,1,0,0,0
"POINT (9.750614678000030 52.375530656000102)",Unfall 157011 (2022) Kat:3, Licht: 0,157011,3,6,2,04,16,5,,0,0,1,0,0
"POINT (9.461386575000059 52.506759262000102)",Unfall 157015 (2022) Kat:3, Licht: 0,157015,3,3,5,05,16,4,,0,1,1,0,0
"POINT (9.660894569000050 52.412748315000002)",Unfall 157016 (2022) Kat:3, Licht: 2,157016,3,5,1,04,23,2,,2,0,1,0,0
"POINT (9.752295676000070 52.374826525000103)",Unfall 157017 (2022) Kat:3, Licht: 0,157017,3,5,0,03,10,4,,0,1,1,0,0
"POINT (9.724392640000080 52.358418576000098)",Unfall 157023 (2022) Kat:3, Licht: 0,157023,3,6,2,05,16,1,,0,0,1,0,0
"POINT (9.692925193000059 52.342031159999998)",Unfall 157025 (2022) Kat:3, Licht: 0,157025,3,3,0,04,16,2,,0,0,0,0,0
"POINT (9.720868841000030 52.387571616000102)",Unfall 157033 (2022) Kat:3, Licht: 0,157033,3,3,5,04,19,3,,0,1,0,0,0
"POINT (9.786835647000030 52.310563105000000)",Unfall 157035 (2022) Kat:3, Licht: 0,157035,3,6,3,03,08,5,,0,1,0,0,0
"POINT (9.798953472000051 52.405902761999997)",Unfall 157038 (2022) Kat:2, Licht: 0,157038,2,7,0,03,12,2,,0,1,0,0,0
"POINT (9.581723867000051 52.422117098999998)",Unfall 157040 (2022) Kat:3, Licht: 1,157040,3,1,8,04,20,7,,1,0,0,0,1
"POINT (9.763756658000030 52.398671552000103)",Unfall 157049 (2022) Kat:2, Licht: 0,157049,2,6,4,04,18,4,,0,1,0,0,0
"POINT (9.735331840000070 52.366318777000103)",Unfall 157050 (2022) Kat:3, Licht: 0,157050,3,1,0,04,12,6,,0,1,0,0,0
"POINT (9.746766417000060 52.360661925000002)",Unfall 157053 (2022) Kat:3, Licht: 0,157053,3,7,2,04,10,1,,0,1,1,0,0
"POINT (9.857397897000061 52.497886864000101)",Unfall 157055 (2022) Kat:3, Licht: 2,157055,3,3,5,04,04,6,,2,0,1,0,0
"POINT (9.742888956000060 52.374030795000103)",Unfall 157058 (2022) Kat:3, Licht: 0,157058,3,7,2,03,16,5,,0,0,1,0,1
"POINT (9.710578440000059 52.367320995000100)",Unfall 157059 (2022) Kat:3, Licht: 0,157059,3,1,0,03,12,7,,0,1,0,0,0
"POINT (9.706374408000039 52.371027247000001)",Unfall 157063 (2022) Kat:2, Licht: 2,157063,2,1,0,04,22,7,,2,1,0,0,0
"POINT (9.731076192000049 52.378669299000101)",Unfall 157065 (2022) Kat:3, Licht: 0,157065,3,2,5,04,14,5,,0,1,1,0,0
"POINT (9.747105395000061 52.364536162000000)",Unfall 157085 (2022) Kat:3, Licht: 0,157085,3,7,0,04,08,3,,0,0,1,0,0
"POINT (9.781514615000050 52.400128789000100)",Unfall 157091 (2022) Kat:3, Licht: 2,157091,3,7,4,04,22,7,,2,0,1,0,0
"POINT (9.658720130000059 52.335430341000098)",Unfall 157097 (2022) Kat:3, Licht: 0,157097,3,7,9,03,13,4,,0,1,0,0,0
"POINT (9.694422060000020 52.419466448000001)",Unfall 157106 (2022) Kat:3, Licht: 2,157106,3,2,5,03,22,3,,2,0,1,0,0
"POINT (9.442589750000019 52.471732852999999)",Unfall 157108 (2022) Kat:3, Licht: 0,157108,3,3,5,03,16,5,,0,1,1,0,0
"POINT (9.754316723000040 52.368366168000101)",Unfall 157111 (2022) Kat:3, Licht: 0,157111,3,7,0,05,14,1,,0,1,1,0,0
"POINT (9.773108070000029 52.411387890000100)",Unfall 157112 (2022) Kat:3, Licht: 0,157112,3,3,5,04,11,7,,0,1,1,0,0
"POINT (9.706320118000059 52.346130865000099)",Unfall 157119 (2022) Kat:3, Licht: 0,157119,3,4,6,04,07,5,,0,1,0,1,0
"POINT (9.742558204000030 52.439224291000102)",Unfall 157121 (2022) Kat:2, Licht: 0,157121,2,4,6,04,14,6,,0,0,1,1,0
"POINT (10.025409457000000 52.445740753999999)",Unfall 157131 (2022) Kat:2, Licht: 2,157131,2,3,5,05,21,4,,2,1,1,0,0
"POINT (9.732636241000019 52.388604620000102)",Unfall 157134 (2022) Kat:3, Licht: 0,157134,3,7,1,04,14,7,,0,0,1,0,1
"POINT (9.733699685000030 52.376693756000101)",Unfall 157137 (2022) Kat:2, Licht: 1,157137,2,7,0,04,19,4,,1,1,0,0,0
"POINT (9.597400296000050 52.419439863000001)",Unfall 157141 (2022) Kat:3, Licht: 0,157141,3,2,2,04,13,3,,0,1,1,0,0
"POINT (9.934559318000030 52.319809219000000)",Unfall 157144 (2022) Kat:3, Licht: 0,157144,3,6,4,03,18,3,,0,1,0,0,0
"POINT (9.764228399000050 52.265782697000098)",Unfall 157146 (2022) Kat:3, Licht: 0,157146,3,5,1,04,19,1,,0,0,1,0,1
"POINT (9.778489149000050 52.505420848000000)",Unfall 157149 (2022) Kat:3, Licht: 0,157149,3,3,0,04,13,4,,0,1,1,0,0
"POINT (9.595484809000030 52.398547122000103)",Unfall 157150 (2022) Kat:3, Licht: 2,157150,3,5,1,03,03,7,,2,0,1,0,0
"POINT (9.734713376000061 52.380227828999999)",Unfall 157154 (2022) Kat:3, Licht: 2,157154,3,1,0,04,04,1,,2,1,0,0,0
"POINT (9.827718143000030 52.340814999000003)",Unfall 157171 (2022) Kat:3, Licht: 0,157171,3,4,6,03,12,5,,0,1,0,1,0
"POINT (9.737102097000051 52.375955459000103)",Unfall 157173 (2022) Kat:3, Licht: 0,157173,3,3,5,04,17,4,,0,0,1,0,0
"POINT (9.719790747000051 52.360114340000102)",Unfall 157178 (2022) Kat:3, Licht: 0,157178,3,5,3,03,17,5,,0,1,1,0,0
"POINT (9.729515266000019 52.559708770999997)",Unfall 157181 (2022) Kat:2, Licht: 0,157181,2,7,0,04,13,6,,0,1,0,0,0
"POINT (9.772863973000030 52.361326840000103)",Unfall 157185 (2022) Kat:3, Licht: 0,157185,3,1,0,04,10,7,,0,0,0,0,1
"POINT (9.739531778000069 52.376379065999998)",Unfall 157187 (2022) Kat:3, Licht: 0,157187,3,7,3,04,11,2,,0,0,1,0,0
"POINT (9.820744909000039 52.350804865999997)",Unfall 157190 (2022) Kat:3, Licht: 0,157190,3,3,5,03,12,3,,0,0,1,0,0
"POINT (9.750590411000079 52.376273503000000)",Unfall 157195 (2022) Kat:2, Licht: 0,157195,2,1,0,04,10,3,,0,0,0,0,0
"POINT (9.528503510000061 52.200164573000102)",Unfall 157197 (2022) Kat:3, Licht: 0,157197,3,1,4,04,07,6,,0,0,1,0,0
"POINT (9.827985859000020 52.384679394999999)",Unfall 157210 (2022) Kat:3, Licht: 0,157210,3,4,6,04,16,6,,0,0,1,1,0
"POINT (9.596430092000050 52.417689283000101)",Unfall 157219 (2022) Kat:3, Licht: 0,157219,3,7,0,04,14,3,,0,0,0,0,0
"POINT (9.753670205000050 52.381135950999997)",Unfall 157225 (2022) Kat:3, Licht: 0,157225,3,6,2,05,19,2,,0,0,1,0,0
"POINT (9.744899281000070 52.384847442000101)",Unfall 157227 (2022) Kat:3, Licht: 2,157227,3,7,0,03,20,6,,2,1,0,0,0
"POINT (9.737315990000070 52.371841297000103)",Unfall 157228 (2022) Kat:3, Licht: 0,157228,3,2,5,05,13,4,,0,1,1,0,0
"POINT (9.463981789000060 52.424657140000100)",Unfall 157235 (2022) Kat:3, Licht: 0,157235,3,7,0,04,15,4,,0,1,0,0,0
"POINT (9.744290421000070 52.373694794000102)",Unfall 157245 (2022) Kat:3, Licht: 0,157245,3,7,0,04,07,4,,0,1,0,0,0
"POINT (9.655259770000040 52.420076123999998)",Unfall 157249 (2022) Kat:2, Licht: 2,157249,2,2,4,04,05,5,,2,0,0,0,1
"POINT (9.741391874000040 52.378234612000000)",Unfall 157258 (2022) Kat:3, Licht: 0,157258,3,1,0,03,17,4,,0,0,0,0,0
"POINT (9.595850138000060 52.425625442000097)",Unfall 157268 (2022) Kat:3, Licht: 0,157268,3,2,2,04,11,6,,0,0,1,0,0
"POINT (9.720977399000050 52.373295057000099)",Unfall 157270 (2022) Kat:3, Licht: 0,157270,3,7,0,04,10,3,,0,1,0,0,0
"POINT (9.617147309000069 52.424092713000100)",Unfall 157278 (2022) Kat:3, Licht: 0,157278,3,2,5,05,15,5,,0,1,1,0,0
"POINT (9.612326338000059 52.405148425000000)",Unfall 157288 (2022) Kat:3, Licht: 0,157288,3,7,0,05,17,3,,0,1,0,0,0
"POINT (9.595094962000079 52.411223618000101)",Unfall 157290 (2022) Kat:3, Licht: 0,157290,3,1,0,05,16,4,,0,1,0,0,0
"POINT (9.821869259000040 52.357771782000000)",Unfall 157294 (2022) Kat:3, Licht: 0,157294,3,7,0,05,17,6,,0,1,0,0,0
"POINT (9.754308900000069 52.368614833000002)",Unfall 157295 (2022) Kat:3, Licht: 1,157295,3,3,0,05,21,7,,1,1,1,0,0
"POINT (9.737541807000071 52.443917537000097)",Unfall 157297 (2022) Kat:3, Licht: 0,157297,3,3,5,05,15,2,,0,0,1,0,0
"POINT (9.728291817000070 52.358995151999999)",Unfall 157300 (2022) Kat:3, Licht: 0,157300,3,3,5,05,20,6,,0,1,1,0,0
"POINT (9.570909205000021 52.213056833000103)",Unfall 157301 (2022) Kat:2, Licht: 0,157301,2,1,8,05,15,7,,0,1,0,0,0
"POINT (9.818113998000060 52.336073542000101)",Unfall 157302 (2022) Kat:2, Licht: 0,157302,2,7,0,05,16,3,,0,1,0,0,0
"POINT (9.860411079000070 52.373000094000098)",Unfall 157305 (2022) Kat:3, Licht: 0,157305,3,4,0,05,16,6,,0,0,1,1,0
"POINT (9.743570119000029 52.369477343000000)",Unfall 157312 (2022) Kat:3, Licht: 0,157312,3,4,6,05,14,2,,0,1,0,1,0
"POINT (9.722237371000061 52.421479660999999)",Unfall 157315 (2022) Kat:3, Licht: 0,157315,3,3,5,05,11,4,,0,1,0,0,0
"POINT (9.719830150000060 52.365543205000101)",Unfall 157316 (2022) Kat:3, Licht: 0,157316,3,7,0,05,17,5,,0,1,1,0,0
"POINT (9.751346052000031 52.439755392000102)",Unfall 157318 (2022) Kat:3, Licht: 0,157318,3,3,5,05,13,7,,0,0,1,0,0
"POINT (9.806697541000061 52.389158420999998)",Unfall 157319 (2022) Kat:3, Licht: 0,157319,3,3,5,05,15,2,,0,0,1,0,1
"POINT (9.718013301000040 52.373562888999999)",Unfall 157322 (2022) Kat:3, Licht: 2,157322,3,1,0,05,23,7,,2,1,0,0,0
"POINT (9.733567350000040 52.437842844000002)",Unfall 157324 (2022) Kat:3, Licht: 0,157324,3,1,0,05,12,3,,0,1,0,0,0
"POINT (9.781213383000020 52.403912296000001)",Unfall 157330 (2022) Kat:3, Licht: 0,157330,3,3,5,05,07,6,,0,1,1,0,0
"POINT (9.618301225000041 52.430624289999997)",Unfall 157335 (2022) Kat:3, Licht: 0,157335,3,3,5,06,18,6,,0,0,1,0,0
"POINT (9.734014445000071 52.367147879000100)",Unfall 157342 (2022) Kat:3, Licht: 0,157342,3,1,7,05,19,6,,0,1,0,0,0
"POINT (9.778739718000050 52.266218846000100)",Unfall 157344 (2022) Kat:3, Licht: 0,157344,3,1,0,05,07,2,,0,1,0,0,0
"POINT (9.737731997000029 52.355989173000097)",Unfall 157345 (2022) Kat:3, Licht: 0,157345,3,3,5,05,19,2,,0,1,1,0,0
"POINT (9.744343863000040 52.370727110000097)",Unfall 157349 (2022) Kat:2, Licht: 0,157349,2,3,5,05,10,7,,0,1,1,0,0
"POINT (9.652176993000070 52.415221471000102)",Unfall 157350 (2022) Kat:3, Licht: 0,157350,3,2,2,05,06,3,,0,0,1,0,0
"POINT (9.789457369000051 52.335077912000003)",Unfall 157353 (2022) Kat:3, Licht: 0,157353,3,3,5,05,16,5,,0,1,1,0,0
"POINT (9.482570401000030 52.464360802000002)",Unfall 157356 (2022) Kat:3, Licht: 0,157356,3,7,0,05,18,3,,0,1,0,0,0
"POINT (9.792594510000070 52.396424992999997)",Unfall 157363 (2022) Kat:3, Licht: 0,157363,3,6,2,05,08,5,,0,0,1,0,0
"POINT (9.534474108000040 52.404105399999999)",Unfall 157368 (2022) Kat:3, Licht: 2,157368,3,1,0,05,00,5,,2,1,0,0,0
"POINT (9.751891785000049 52.385944199999997)",Unfall 157371 (2022) Kat:3, Licht: 0,157371,3,5,0,05,14,3,,0,1,1,0,0
"POINT (9.731160194000040 52.398435585000101)",Unfall 157372 (2022) Kat:3, Licht: 0,157372,3,3,0,05,07,4,,0,0,0,0,1
"POINT (9.798313441000060 52.308328736000099)",Unfall 157384 (2022) Kat:3, Licht: 0,157384,3,7,0,05,12,5,,0,1,0,0,0
"POINT (9.707891324000061 52.373303163999999)",Unfall 157388 (2022) Kat:2, Licht: 1,157388,2,1,0,05,05,5,,1,1,0,0,0
"POINT (9.429509978000061 52.413225744000002)",Unfall 157389 (2022) Kat:2, Licht: 0,157389,2,3,0,05,13,5,,0,1,0,0,0
"POINT (9.748026802000030 52.354595163000099)",Unfall 157391 (2022) Kat:3, Licht: 0,157391,3,6,4,05,07,5,,0,1,0,0,0
"POINT (9.737131961000051 52.484419518000003)",Unfall 157402 (2022) Kat:3, Licht: 0,157402,3,6,6,05,16,3,,0,0,1,1,0
"POINT (9.700875940000060 52.409596110999999)",Unfall 157403 (2022) Kat:3, Licht: 0,157403,3,3,5,05,13,3,,0,1,1,0,0
"POINT (9.564904325000040 52.420656232000098)",Unfall 157405 (2022) Kat:3, Licht: 0,157405,3,3,5,05,18,5,,0,0,1,0,0
"POINT (9.437074872000039 52.424063041000103)",Unfall 157410 (2022) Kat:3, Licht: 0,157410,3,3,5,06,08,5,,0,1,0,0,0
"POINT (9.738060182000030 52.381862175999998)",Unfall 157414 (2022) Kat:3, Licht: 0,157414,3,2,3,05,09,4,,0,1,1,0,0
"POINT (9.755780891000031 52.390925183000000)",Unfall 157421 (2022) Kat:3, Licht: 0,157421,3,2,5,06,13,4,,0,1,1,0,0
"POINT (9.817489709000030 52.301179709000102)",Unfall 157425 (2022) Kat:3, Licht: 0,157425,3,3,5,05,19,2,,0,1,1,0,0
"POINT (9.626361052000050 52.394617934999999)",Unfall 157428 (2022) Kat:3, Licht: 0,157428,3,5,1,06,07,6,,0,1,1,0,0
"POINT (9.701346900000029 52.371901661999999)",Unfall 157430 (2022) Kat:3, Licht: 0,157430,3,3,5,05,11,1,,0,1,0,0,0
"POINT (9.774726644000051 52.197372421000097)",Unfall 157432 (2022) Kat:3, Licht: 0,157432,3,7,5,05,15,4,,0,1,1,0,0
"POINT (9.728562135000059 52.390087777000097)",Unfall 157434 (2022) Kat:3, Licht: 0,157434,3,7,0,05,11,6,,0,0,1,0,0
"POINT (9.744218844000050 52.374476091000098)",Unfall 157438 (2022) Kat:3, Licht: 0,157438,3,7,0,06,15,5,,0,1,0,0,0
"POINT (9.620224698000071 52.438998663000099)",Unfall 157440 (2022) Kat:3, Licht: 0,157440,3,3,5,05,15,2,,0,0,1,0,0
"POINT (9.728932656000040 52.383879874999998)",Unfall 157444 (2022) Kat:3, Licht: 0,157444,3,3,5,05,18,5,,0,1,1,0,0
"POINT (9.738614691000070 52.371626151000001)",Unfall 157450 (2022) Kat:3, Licht: 0,157450,3,5,1,05,20,6,,0,1,1,0,0
"POINT (10.205302490000101 52.464546256000098)",Unfall 157451 (2022) Kat:3, Licht: 2,157451,3,1,8,05,00,1,,2,1,0,0,0
"POINT (9.383884071000070 52.471118388000001)",Unfall 157461 (2022) Kat:3, Licht: 0,157461,3,2,5,05,14,2,,0,1,0,0,0
"POINT (9.725367859000070 52.562710865000000)",Unfall 157465 (2022) Kat:3, Licht: 0,157465,3,3,5,05,07,6,,0,1,1,0,0
"POINT (9.732715837000059 52.379250361000103)",Unfall 157467 (2022) Kat:3, Licht: 1,157467,3,4,6,05,21,4,,1,1,0,1,0
"POINT (9.684809881000040 52.393437351000003)",Unfall 157469 (2022) Kat:3, Licht: 0,157469,3,3,5,05,15,6,,0,0,1,0,0
"POINT (9.730558044000080 52.396116495000101)",Unfall 157474 (2022) Kat:2, Licht: 0,157474,2,3,5,05,11,6,,0,1,1,0,0
"POINT (9.890011542000019 52.441064487000098)",Unfall 157475 (2022) Kat:3, Licht: 0,157475,3,1,0,05,17,7,,0,0,0,0,1
"POINT (9.806364568000051 52.417224316000002)",Unfall 157478 (2022) Kat:2, Licht: 0,157478,2,3,5,05,20,2,,0,1,1,0,0
"POINT (9.813651973000050 52.410688154000098)",Unfall 157480 (2022) Kat:3, Licht: 0,157480,3,3,5,06,19,6,,0,1,1,0,0
"POINT (9.728772428000070 52.342296448000099)",Unfall 157481 (2022) Kat:3, Licht: 0,157481,3,7,8,05,11,6,,0,0,0,0,0
"POINT (9.429597000000060 52.420788665000003)",Unfall 157485 (2022) Kat:2, Licht: 0,157485,2,3,5,05,14,6,,0,0,1,0,0
"POINT (9.552229911000040 52.214781365000100)",Unfall 157489 (2022) Kat:2, Licht: 0,157489,2,3,5,05,16,3,,0,0,1,0,1
"POINT (9.744521323000070 52.385095208000102)",Unfall 157493 (2022) Kat:3, Licht: 0,157493,3,3,5,05,08,3,,0,1,1,0,0
"POINT (9.840248736000040 52.436739635000002)",Unfall 157494 (2022) Kat:3, Licht: 0,157494,3,6,2,05,12,4,,0,0,1,0,0
"POINT (9.674353991000030 52.411721977000099)",Unfall 157496 (2022) Kat:2, Licht: 0,157496,2,1,0,05,17,5,,0,1,0,0,0
"POINT (9.792898383000020 52.394722219000101)",Unfall 157508 (2022) Kat:3, Licht: 0,157508,3,6,2,05,11,4,,0,0,1,0,0
"POINT (9.835056362000049 52.433728971999997)",Unfall 157514 (2022) Kat:2, Licht: 0,157514,2,3,5,05,07,6,,0,0,1,0,1
"POINT (9.553384566000030 52.207081281999997)",Unfall 157516 (2022) Kat:3, Licht: 0,157516,3,3,5,05,12,2,,0,0,1,0,0
"POINT (9.779513452000060 52.191739638999998)",Unfall 157520 (2022) Kat:3, Licht: 0,157520,3,1,8,05,12,7,,0,1,0,0,0
"POINT (9.763852215000041 52.397997674000102)",Unfall 157524 (2022) Kat:3, Licht: 0,157524,3,3,5,05,13,5,,0,1,1,0,0
"POINT (9.663768498000019 52.380111810000102)",Unfall 157532 (2022) Kat:2, Licht: 0,157532,2,3,5,05,06,3,,0,0,1,0,1
"POINT (9.691846899000041 52.331362448000000)",Unfall 157533 (2022) Kat:3, Licht: 0,157533,3,3,5,05,18,4,,0,1,1,0,0
"POINT (9.747712699000029 52.526459263000000)",Unfall 157537 (2022) Kat:3, Licht: 0,157537,3,7,0,05,07,2,,0,1,0,0,0
"POINT (9.748693659000031 52.374604261000101)",Unfall 157544 (2022) Kat:3, Licht: 0,157544,3,2,5,05,12,2,,0,1,0,0,0
"POINT (9.845995360000069 52.390471085999998)",Unfall 157545 (2022) Kat:3, Licht: 0,157545,3,5,1,05,20,3,,0,1,1,0,0
"POINT (9.758768260000069 52.360812959999997)",Unfall 157546 (2022) Kat:3, Licht: 0,157546,3,3,5,05,08,4,,0,1,1,0,0
"POINT (9.689663879000021 52.345666356000002)",Unfall 157556 (2022) Kat:3, Licht: 0,157556,3,3,5,05,06,3,,0,1,1,0,0
"POINT (10.025656413000000 52.444956959000102)",Unfall 157562 (2022) Kat:3, Licht: 0,157562,3,6,2,05,07,4,,0,0,1,0,0
"POINT (9.692488777000049 52.398607156000097)",Unfall 157564 (2022) Kat:3, Licht: 0,157564,3,6,4,05,06,6,,0,1,0,0,0
"POINT (9.786507801000029 52.373069800000103)",Unfall 157565 (2022) Kat:3, Licht: 0,157565,3,4,6,05,07,2,,0,0,1,1,0
"POINT (9.441547047000030 52.426293968000003)",Unfall 157568 (2022) Kat:3, Licht: 0,157568,3,7,0,06,13,6,,0,1,0,0,0
"POINT (9.706603512000070 52.415591119000098)",Unfall 157572 (2022) Kat:3, Licht: 0,157572,3,3,5,05,16,5,,0,1,1,0,0
"POINT (9.482449208000050 52.304462332000099)",Unfall 157573 (2022) Kat:3, Licht: 2,157573,3,1,0,05,22,5,,2,1,1,0,0
"POINT (9.552633420000060 52.211886399999997)",Unfall 157574 (2022) Kat:3, Licht: 0,157574,3,1,0,05,14,6,,0,1,0,0,0
"POINT (9.693486445000079 52.392196538000100)",Unfall 157578 (2022) Kat:3, Licht: 0,157578,3,2,5,06,16,5,,0,1,0,0,0
"POINT (10.049149870000100 52.307266513000101)",Unfall 157579 (2022) Kat:3, Licht: 0,157579,3,3,5,05,05,6,,0,0,1,0,1
"POINT (9.710927211000071 52.341952212000102)",Unfall 157580 (2022) Kat:3, Licht: 0,157580,3,2,3,05,16,2,,0,1,1,0,0
"POINT (9.787431547000040 52.330439490000103)",Unfall 157584 (2022) Kat:3, Licht: 0,157584,3,6,6,05,07,5,,0,0,1,1,0
"POINT (9.756590798000049 52.420394305000102)",Unfall 157588 (2022) Kat:3, Licht: 0,157588,3,4,6,06,06,4,,0,0,1,1,0
"POINT (9.725455864000031 52.562706538999997)",Unfall 157593 (2022) Kat:2, Licht: 0,157593,2,3,5,05,09,3,,0,1,1,0,0
"POINT (9.746368853000041 52.354370356000103)",Unfall 157597 (2022) Kat:3, Licht: 0,157597,3,2,4,05,19,1,,0,0,1,0,0
"POINT (9.728949319000041 52.347624460000098)",Unfall 157598 (2022) Kat:3, Licht: 0,157598,3,7,0,06,12,4,,0,1,0,0,0
"POINT (9.732474324000069 52.379161469000103)",Unfall 157599 (2022) Kat:3, Licht: 0,157599,3,6,2,05,17,4,,0,0,1,0,0
"POINT (9.824933480000031 52.420347320000097)",Unfall 157602 (2022) Kat:3, Licht: 0,157602,3,7,1,06,12,5,,0,0,0,0,0
"POINT (9.726639713000051 52.370568519000102)",Unfall 157606 (2022) Kat:3, Licht: 0,157606,3,7,0,05,18,3,,0,1,1,0,0
"POINT (9.651129551000050 52.318243419000098)",Unfall 157607 (2022) Kat:3, Licht: 0,157607,3,2,5,05,17,4,,0,1,1,0,0
"POINT (9.730183903000070 52.368581929000101)",Unfall 157611 (2022) Kat:3, Licht: 0,157611,3,3,5,05,18,4,,0,1,1,0,0
"POINT (9.780891151000050 52.314156134000001)",Unfall 157612 (2022) Kat:3, Licht: 0,157612,3,6,0,05,17,6,,0,1,1,0,0
"POINT (9.743037571000061 52.376611595000000)",Unfall 157613 (2022) Kat:3, Licht: 0,157613,3,7,0,05,19,6,,0,1,0,0,0
"POINT (10.166835444000100 52.433878022000002)",Unfall 157617 (2022) Kat:3, Licht: 0,157617,3,7,8,06,13,6,,0,1,0,0,0
"POINT (9.741982643000030 52.375590529000100)",Unfall 157620 (2022) Kat:3, Licht: 0,157620,3,1,0,05,14,3,,0,1,0,0,0
"POINT (9.690973412000060 52.371705629000097)",Unfall 157621 (2022) Kat:3, Licht: 0,157621,3,7,0,05,11,3,,0,0,1,0,1
"POINT (9.638729487000029 52.267315195000002)",Unfall 157626 (2022) Kat:3, Licht: 0,157626,3,5,1,05,12,1,,0,0,1,0,1
"POINT (9.689032307000049 52.345774984000101)",Unfall 157642 (2022) Kat:3, Licht: 0,157642,3,3,5,05,09,2,,0,1,1,0,0
"POINT (9.974711708000029 52.380304113000101)",Unfall 157643 (2022) Kat:3, Licht: 0,157643,3,3,5,05,18,3,,0,1,1,0,0
"POINT (9.669628346000019 52.349686906999999)",Unfall 157647 (2022) Kat:3, Licht: 2,157647,3,2,5,05,01,1,,2,0,1,0,1
"POINT (9.855480930000059 52.492565837000001)",Unfall 157649 (2022) Kat:3, Licht: 0,157649,3,7,0,05,20,5,,0,1,0,0,0
"POINT (9.595480274000071 52.431233790000100)",Unfall 157650 (2022) Kat:3, Licht: 0,157650,3,6,2,05,07,6,,0,0,1,0,0
"POINT (9.732637129000070 52.388601449000099)",Unfall 157678 (2022) Kat:3, Licht: 0,157678,3,6,2,05,15,5,,0,0,1,0,1
"POINT (9.744349624000050 52.374120708000099)",Unfall 157697 (2022) Kat:3, Licht: 0,157697,3,1,0,05,09,1,,0,1,0,0,0
"POINT (9.721406542000070 52.390233367000100)",Unfall 157703 (2022) Kat:3, Licht: 0,157703,3,2,5,05,11,1,,0,1,1,0,0
"POINT (9.718626361000080 52.373811408000101)",Unfall 157709 (2022) Kat:3, Licht: 0,157709,3,3,5,05,19,1,,0,1,1,0,0
"POINT (9.749806569000040 52.388366260000097)",Unfall 157710 (2022) Kat:3, Licht: 0,157710,3,7,6,05,16,3,,0,0,0,1,0
"POINT (9.671701884000070 52.355473154000002)",Unfall 157716 (2022) Kat:3, Licht: 0,157716,3,7,6,05,13,5,,0,0,1,1,0
"POINT (9.750577128000030 52.375572810000101)",Unfall 157718 (2022) Kat:3, Licht: 0,157718,3,6,2,05,14,5,,0,0,1,0,0
"POINT (9.745941732000061 52.388112995000000)",Unfall 157720 (2022) Kat:2, Licht: 0,157720,2,1,0,05,20,7,,0,1,0,0,0
"POINT (9.832914838000020 52.277046534000100)",Unfall 157724 (2022) Kat:3, Licht: 0,157724,3,5,1,05,09,6,,0,0,1,0,0
"POINT (9.684031276000040 52.378363663000101)",Unfall 157734 (2022) Kat:3, Licht: 0,157734,3,7,0,05,07,6,,0,1,0,0,0
"POINT (9.722514730000061 52.417265559000001)",Unfall 157738 (2022) Kat:3, Licht: 0,157738,3,7,0,05,07,3,,0,1,0,0,0
"POINT (9.815783536000030 52.425845192000097)",Unfall 157739 (2022) Kat:3, Licht: 0,157739,3,2,5,05,15,6,,0,1,1,0,0
"POINT (9.677903966000031 52.365670051999999)",Unfall 157744 (2022) Kat:3, Licht: 0,157744,3,6,2,05,16,4,,0,0,1,0,0
"POINT (9.728365053000060 52.377739793000003)",Unfall 157748 (2022) Kat:3, Licht: 0,157748,3,2,5,05,06,6,,0,1,1,0,0
"POINT (10.190965471000000 52.463458146999997)",Unfall 157750 (2022) Kat:3, Licht: 0,157750,3,7,0,05,16,2,,0,1,0,0,0
"POINT (9.741011956000021 52.398779544000000)",Unfall 157756 (2022) Kat:3, Licht: 0,157756,3,2,0,05,09,3,,0,1,1,0,0
"POINT (9.807445483000039 52.309530948000003)",Unfall 157770 (2022) Kat:3, Licht: 0,157770,3,3,5,05,17,5,,0,0,1,0,0
"POINT (9.597633381000040 52.420432634000100)",Unfall 157772 (2022) Kat:3, Licht: 0,157772,3,3,5,05,07,2,,0,1,1,0,0
"POINT (9.714994737000040 52.392842486000099)",Unfall 157783 (2022) Kat:3, Licht: 0,157783,3,2,4,05,06,4,,0,1,1,0,0
"POINT (9.759348466000059 52.361597123000102)",Unfall 157789 (2022) Kat:3, Licht: 0,157789,3,2,4,06,09,6,,0,1,0,0,0
"POINT (9.712233271000059 52.357074455000003)",Unfall 157791 (2022) Kat:2, Licht: 0,157791,2,3,5,05,12,7,,0,1,1,0,0
"POINT (9.707745813000029 52.377400669000103)",Unfall 157799 (2022) Kat:3, Licht: 0,157799,3,4,6,06,18,5,,0,1,0,1,0
"POINT (9.743254204000040 52.357660008000003)",Unfall 157803 (2022) Kat:2, Licht: 0,157803,2,6,2,05,13,7,,0,0,1,0,0
"POINT (9.680640360000041 52.435646529000103)",Unfall 157804 (2022) Kat:3, Licht: 0,157804,3,7,0,05,13,3,,0,1,0,0,0
"POINT (9.700355252000071 52.375562459999998)",Unfall 157805 (2022) Kat:3, Licht: 0,157805,3,2,3,05,18,3,,0,1,1,0,0
"POINT (9.832626048000069 52.346621998000003)",Unfall 157807 (2022) Kat:3, Licht: 0,157807,3,4,6,05,09,5,,0,0,1,1,0
"POINT (9.799011412000031 52.402752727000099)",Unfall 157814 (2022) Kat:3, Licht: 0,157814,3,7,1,05,15,2,,0,0,1,0,1
"POINT (9.656401947000059 52.380539499000101)",Unfall 157819 (2022) Kat:3, Licht: 0,157819,3,7,0,05,17,7,,0,1,0,0,0
"POINT (9.675815476000031 52.241254632999997)",Unfall 157823 (2022) Kat:2, Licht: 0,157823,2,7,6,05,17,5,,0,0,1,1,0
"POINT (9.559544527000069 52.601321675000101)",Unfall 157826 (2022) Kat:1, Licht: 0,157826,1,7,6,05,08,3,,0,0,0,1,0
"POINT (9.688153412000080 52.433653372000002)",Unfall 157832 (2022) Kat:3, Licht: 1,157832,3,2,4,05,20,6,,1,1,1,0,0
"POINT (9.823343733000060 52.401943942000102)",Unfall 157846 (2022) Kat:3, Licht: 0,157846,3,3,5,05,20,1,,0,0,1,0,0
"POINT (9.673333996000050 52.375477121000102)",Unfall 157856 (2022) Kat:3, Licht: 0,157856,3,3,5,05,13,7,,0,1,1,0,0
"POINT (10.086147524000101 52.480905966000101)",Unfall 157862 (2022) Kat:3, Licht: 0,157862,3,3,5,05,06,2,,0,0,1,0,0
"POINT (9.727609414000030 52.436733437999997)",Unfall 157865 (2022) Kat:3, Licht: 0,157865,3,3,0,06,17,6,,0,1,1,0,0
"POINT (9.742956333000050 52.400204940000002)",Unfall 157875 (2022) Kat:3, Licht: 2,157875,3,7,1,05,03,6,,2,0,1,0,0
"POINT (9.740440789000051 52.361356746000098)",Unfall 157883 (2022) Kat:3, Licht: 0,157883,3,2,1,05,16,1,,0,0,1,0,1
"POINT (9.457250484000040 52.498359805000099)",Unfall 157885 (2022) Kat:3, Licht: 0,157885,3,3,5,05,18,4,,0,1,1,0,0
"POINT (9.480730535000021 52.300866962999997)",Unfall 157887 (2022) Kat:3, Licht: 2,157887,3,7,0,05,23,6,,2,1,0,0,0
"POINT (9.703573151000059 52.379476080000103)",Unfall 157890 (2022) Kat:3, Licht: 0,157890,3,4,6,05,19,3,,0,1,0,1,0
"POINT (9.692306670000050 52.398136041000001)",Unfall 157903 (2022) Kat:3, Licht: 0,157903,3,3,5,05,14,6,,0,1,1,0,0
"POINT (9.737445048000041 52.443872851999998)",Unfall 157909 (2022) Kat:3, Licht: 0,157909,3,2,4,05,09,7,,0,1,1,0,0
"POINT (9.732926626000051 52.398827703999999)",Unfall 157919 (2022) Kat:3, Licht: 0,157919,3,5,3,05,09,6,,0,0,1,0,0
"POINT (9.749783144000050 52.376348239999999)",Unfall 157921 (2022) Kat:3, Licht: 2,157921,3,4,6,05,23,3,,2,1,0,1,0
"POINT (9.795317574000020 52.372412655000097)",Unfall 157924 (2022) Kat:3, Licht: 0,157924,3,2,4,05,08,6,,0,1,1,0,0
"POINT (9.728815220000060 52.394182786000002)",Unfall 157930 (2022) Kat:3, Licht: 0,157930,3,2,2,05,17,6,,0,0,1,0,1
"POINT (9.490808209000020 52.307827107999998)",Unfall 157931 (2022) Kat:2, Licht: 0,157931,2,3,5,05,16,2,,0,1,1,0,0
"POINT (9.665644954000070 52.401573151000001)",Unfall 157933 (2022) Kat:3, Licht: 0,157933,3,3,5,05,14,4,,0,1,1,0,0
"POINT (10.004414189000000 52.445972187000102)",Unfall 157937 (2022) Kat:3, Licht: 0,157937,3,7,0,05,20,1,,0,0,0,0,1
"POINT (9.719049126000071 52.374272076000103)",Unfall 157941 (2022) Kat:2, Licht: 0,157941,2,6,0,05,14,6,,0,1,0,0,0
"POINT (9.700579431000049 52.376346714000100)",Unfall 157944 (2022) Kat:3, Licht: 0,157944,3,4,6,05,20,3,,0,0,1,1,0
"POINT (9.804896810000059 52.302062829000100)",Unfall 157947 (2022) Kat:3, Licht: 2,157947,3,1,8,05,23,2,,2,0,0,0,1
"POINT (9.738951001000030 52.437620942000102)",Unfall 157951 (2022) Kat:3, Licht: 0,157951,3,3,5,05,10,5,,0,1,1,0,0
"POINT (9.652457017000071 52.317815966000097)",Unfall 157956 (2022) Kat:3, Licht: 0,157956,3,3,5,06,15,4,,0,1,1,0,0
"POINT (9.663344099000030 52.380116214000097)",Unfall 157961 (2022) Kat:3, Licht: 0,157961,3,6,2,05,08,3,,0,0,1,0,0
"POINT (9.740792700000039 52.374764290000002)",Unfall 157963 (2022) Kat:3, Licht: 0,157963,3,1,0,05,07,4,,0,1,0,0,0
"POINT (9.766889587000041 52.380770475000098)",Unfall 157979 (2022) Kat:3, Licht: 0,157979,3,6,2,05,08,5,,0,0,1,0,0
"POINT (9.727881124000019 52.349443103000098)",Unfall 157981 (2022) Kat:3, Licht: 2,157981,3,3,5,05,22,1,,2,0,1,0,0
"POINT (9.722891549000050 52.320866674000101)",Unfall 157986 (2022) Kat:2, Licht: 0,157986,2,2,5,05,06,2,,0,1,1,0,0
"POINT (9.702103938000050 52.398885249999999)",Unfall 157991 (2022) Kat:3, Licht: 0,157991,3,7,0,05,14,7,,0,1,0,0,0
"POINT (9.753467100000019 52.381959879000100)",Unfall 157993 (2022) Kat:3, Licht: 0,157993,3,7,0,05,12,2,,0,1,0,0,0
"POINT (9.710744300000041 52.371161992000097)",Unfall 157994 (2022) Kat:3, Licht: 0,157994,3,5,1,06,17,5,,0,1,1,0,0
"POINT (9.662312148000071 52.384986138999999)",Unfall 157998 (2022) Kat:3, Licht: 0,157998,3,3,5,05,17,3,,0,1,1,0,0
"POINT (9.731410528000030 52.375452831000104)",Unfall 157999 (2022) Kat:3, Licht: 0,157999,3,7,0,05,08,4,,0,0,0,1,0
"POINT (9.739996737000070 52.379306660000097)",Unfall 158004 (2022) Kat:3, Licht: 2,158004,3,7,0,05,22,2,,2,1,0,0,0
"POINT (9.794812119000030 52.346853383000102)",Unfall 158006 (2022) Kat:2, Licht: 0,158006,2,3,5,05,12,5,,0,1,1,0,0
"POINT (9.781429511000059 52.410167115000000)",Unfall 158007 (2022) Kat:3, Licht: 0,158007,3,2,3,05,18,7,,0,1,1,0,0
"POINT (9.759008153000019 52.370180974000000)",Unfall 158009 (2022) Kat:3, Licht: 0,158009,3,3,5,05,08,3,,0,1,1,0,0
"POINT (9.780979975000040 52.401778563999997)",Unfall 158011 (2022) Kat:3, Licht: 0,158011,3,3,5,05,16,4,,0,1,1,0,0
"POINT (9.864160759000070 52.485762502000100)",Unfall 158015 (2022) Kat:3, Licht: 0,158015,3,3,5,05,07,4,,0,1,1,0,0
"POINT (9.746644526000070 52.392685462000003)",Unfall 158023 (2022) Kat:3, Licht: 0,158023,3,2,5,05,14,7,,0,1,0,0,0
"POINT (9.730241623000040 52.361798763000102)",Unfall 158026 (2022) Kat:3, Licht: 0,158026,3,1,0,05,16,5,,0,0,0,0,1
"POINT (9.742622613000041 52.378234224000003)",Unfall 158027 (2022) Kat:3, Licht: 2,158027,3,5,1,05,01,6,,2,0,1,0,0
"POINT (9.732117516000070 52.376097598999998)",Unfall 158042 (2022) Kat:3, Licht: 0,158042,3,6,4,06,10,4,,0,1,0,0,0
"POINT (9.704666682000040 52.436057276000000)",Unfall 158043 (2022) Kat:3, Licht: 0,158043,3,5,0,05,11,5,,0,1,1,0,0
"POINT (9.754233092000050 52.368610302000000)",Unfall 158044 (2022) Kat:3, Licht: 2,158044,3,7,0,05,03,7,,2,0,0,0,0
"POINT (9.820354437000050 52.284419374999999)",Unfall 158050 (2022) Kat:3, Licht: 0,158050,3,7,0,05,20,1,,0,1,0,0,0
"POINT (9.594831826000069 52.417312133999999)",Unfall 158063 (2022) Kat:3, Licht: 0,158063,3,6,3,05,15,4,,0,1,1,0,0
"POINT (9.721558588000050 52.354217387000098)",Unfall 158067 (2022) Kat:3, Licht: 0,158067,3,2,3,05,13,4,,0,1,1,0,0
"POINT (9.709651545000041 52.376157734000103)",Unfall 158070 (2022) Kat:3, Licht: 0,158070,3,1,0,05,15,1,,0,1,0,0,0
"POINT (9.804182330000060 52.378956062999997)",Unfall 158071 (2022) Kat:3, Licht: 0,158071,3,3,5,05,15,2,,0,0,1,0,0
"POINT (9.689174566000080 52.402059518999998)",Unfall 158072 (2022) Kat:3, Licht: 0,158072,3,3,5,05,18,3,,0,1,1,0,0
"POINT (9.610786381000031 52.420022743000096)",Unfall 158073 (2022) Kat:3, Licht: 0,158073,3,5,1,06,14,6,,0,0,1,0,0
"POINT (9.757416572000070 52.440566764000003)",Unfall 158075 (2022) Kat:2, Licht: 0,158075,2,7,0,05,09,7,,0,1,0,0,0
"POINT (9.691907388000059 52.331360910999997)",Unfall 158076 (2022) Kat:3, Licht: 0,158076,3,3,5,05,16,3,,0,1,1,0,0
"POINT (9.791642795000030 52.402907964000100)",Unfall 158078 (2022) Kat:3, Licht: 0,158078,3,2,5,05,15,5,,0,0,1,0,0
"POINT (9.744092095000040 52.369676321999997)",Unfall 158092 (2022) Kat:3, Licht: 0,158092,3,2,5,05,06,2,,0,1,1,0,0
"POINT (9.793142332000061 52.403379559000001)",Unfall 158103 (2022) Kat:3, Licht: 2,158103,3,7,8,05,23,4,,2,0,0,0,1
"POINT (9.781561988000020 52.414015614999997)",Unfall 158115 (2022) Kat:3, Licht: 0,158115,3,6,6,05,07,5,,0,1,0,1,0
"POINT (9.768061351000030 52.418130439999999)",Unfall 158121 (2022) Kat:3, Licht: 0,158121,3,2,5,05,17,6,,0,1,1,0,0
"POINT (9.469806314000040 52.302261903999998)",Unfall 158124 (2022) Kat:3, Licht: 0,158124,3,7,6,05,06,3,,0,0,1,1,0
"POINT (9.705803696000030 52.390722852000103)",Unfall 158132 (2022) Kat:3, Licht: 0,158132,3,3,5,05,13,5,,0,1,1,0,0
"POINT (9.555613808000031 52.214791484999999)",Unfall 158133 (2022) Kat:3, Licht: 0,158133,3,2,0,05,10,7,,0,0,1,0,1
"POINT (9.722959090000071 52.350006127000000)",Unfall 158137 (2022) Kat:3, Licht: 0,158137,3,6,3,05,15,5,,0,1,1,0,0
"POINT (9.666327478000030 52.374778219000099)",Unfall 158138 (2022) Kat:3, Licht: 0,158138,3,4,6,05,06,6,,0,1,0,1,0
"POINT (9.773424837000050 52.361851221999999)",Unfall 158145 (2022) Kat:3, Licht: 0,158145,3,6,2,05,09,7,,0,0,1,0,0
"POINT (9.806773289000031 52.388675208000102)",Unfall 158148 (2022) Kat:2, Licht: 0,158148,2,2,5,05,08,6,,0,1,1,0,0
"POINT (9.761805971000060 52.272640114000097)",Unfall 158156 (2022) Kat:2, Licht: 2,158156,2,7,0,05,21,1,,2,0,0,0,0
"POINT (9.995730650000040 52.450470725999999)",Unfall 158158 (2022) Kat:3, Licht: 0,158158,3,3,5,05,09,5,,0,0,1,0,0
"POINT (9.737273389000050 52.381554258000101)",Unfall 158166 (2022) Kat:3, Licht: 0,158166,3,2,5,05,13,2,,0,1,1,0,0
"POINT (9.729815619000020 52.398275231000099)",Unfall 158179 (2022) Kat:3, Licht: 0,158179,3,3,5,05,15,3,,0,0,1,0,0
"POINT (9.589408625000029 52.394087254000098)",Unfall 158186 (2022) Kat:3, Licht: 0,158186,3,3,5,05,12,6,,0,1,1,0,0
"POINT (9.752963502000060 52.388640281999997)",Unfall 158191 (2022) Kat:3, Licht: 0,158191,3,6,2,06,17,6,,0,0,1,0,0
"POINT (9.670503530000079 52.340909609000100)",Unfall 158193 (2022) Kat:3, Licht: 0,158193,3,1,9,05,15,7,,0,1,0,0,0
"POINT (9.585291964000019 52.422368798000001)",Unfall 158196 (2022) Kat:3, Licht: 0,158196,3,3,5,05,18,5,,0,0,1,0,0
"POINT (9.762779252000030 52.409860455000100)",Unfall 158197 (2022) Kat:3, Licht: 0,158197,3,4,0,05,15,5,,0,1,0,1,0
"POINT (9.733556837000039 52.373847019000003)",Unfall 158199 (2022) Kat:3, Licht: 1,158199,3,7,0,05,19,1,,1,0,0,0,0
"POINT (9.791186990000030 52.374452341999998)",Unfall 158203 (2022) Kat:3, Licht: 0,158203,3,3,5,05,13,2,,0,0,1,0,0
"POINT (9.683542548000050 52.411520014000097)",Unfall 158208 (2022) Kat:3, Licht: 0,158208,3,5,1,05,09,3,,0,1,1,0,0
"POINT (9.811489285000050 52.410953863000003)",Unfall 158209 (2022) Kat:3, Licht: 0,158209,3,3,5,05,16,4,,0,1,1,0,0
"POINT (9.735152104000059 52.369991466999998)",Unfall 158211 (2022) Kat:3, Licht: 0,158211,3,2,6,05,12,6,,0,0,1,1,0
"POINT (9.748784749000039 52.392600346999998)",Unfall 158213 (2022) Kat:3, Licht: 0,158213,3,3,5,05,18,1,,0,1,0,0,0
"POINT (9.749228431000059 52.400760698000099)",Unfall 158222 (2022) Kat:3, Licht: 0,158222,3,6,4,05,09,5,,0,1,0,0,0
"POINT (9.733863815000060 52.380989251000102)",Unfall 158224 (2022) Kat:3, Licht: 0,158224,3,3,5,05,16,2,,0,1,1,0,0
"POINT (9.569497292000049 52.269062030000001)",Unfall 158225 (2022) Kat:3, Licht: 0,158225,3,5,1,06,13,5,,0,0,1,1,0
"POINT (9.849980681000030 52.431245109000002)",Unfall 158231 (2022) Kat:2, Licht: 0,158231,2,1,8,05,16,4,,0,1,0,0,0
"POINT (9.751891706000039 52.389333047999997)",Unfall 158233 (2022) Kat:2, Licht: 0,158233,2,7,8,05,11,1,,0,1,0,0,0
"POINT (9.738420283000041 52.372006044999999)",Unfall 158237 (2022) Kat:3, Licht: 0,158237,3,3,5,05,18,6,,0,0,0,0,1
"POINT (9.737644486000020 52.381782305999998)",Unfall 158240 (2022) Kat:3, Licht: 0,158240,3,6,2,05,10,3,,0,0,1,0,0
"POINT (9.610756220000040 52.315217738999998)",Unfall 158246 (2022) Kat:3, Licht: 0,158246,3,5,3,05,13,5,,0,1,1,0,0
"POINT (9.754844278000061 52.389804173000101)",Unfall 158250 (2022) Kat:3, Licht: 0,158250,3,7,0,05,17,7,,0,1,0,0,0
"POINT (9.728866259000030 52.376580635000003)",Unfall 158253 (2022) Kat:3, Licht: 0,158253,3,5,1,06,14,5,,0,0,1,0,0
"POINT (9.735586403000070 52.376754126999998)",Unfall 158260 (2022) Kat:3, Licht: 0,158260,3,1,0,05,13,7,,0,1,0,0,0
"POINT (9.431268499000049 52.418232893000003)",Unfall 158266 (2022) Kat:3, Licht: 0,158266,3,3,5,06,16,5,,0,0,1,0,1
"POINT (9.762675197000020 52.401539030999999)",Unfall 158270 (2022) Kat:3, Licht: 0,158270,3,5,1,05,17,4,,0,1,1,0,0
"POINT (9.366149744000040 52.460537799000100)",Unfall 158274 (2022) Kat:3, Licht: 0,158274,3,2,4,05,20,7,,0,1,1,0,0
"POINT (9.755679233000020 52.392632283000097)",Unfall 158275 (2022) Kat:3, Licht: 0,158275,3,3,5,05,09,2,,0,1,1,0,0
"POINT (9.612065702000050 52.442594928000098)",Unfall 158280 (2022) Kat:3, Licht: 2,158280,3,5,1,05,23,3,,2,1,1,0,0
"POINT (10.013728522000100 52.441349553000101)",Unfall 158287 (2022) Kat:3, Licht: 0,158287,3,1,0,05,15,6,,0,1,0,0,0
"POINT (9.671660002000070 52.355572998000099)",Unfall 158289 (2022) Kat:3, Licht: 0,158289,3,6,2,05,18,2,,0,1,1,0,0
"POINT (9.563502610000061 52.212619682000103)",Unfall 158296 (2022) Kat:3, Licht: 0,158296,3,3,0,05,08,5,,0,0,1,0,0
"POINT (9.693899036000060 52.401000895999999)",Unfall 158315 (2022) Kat:3, Licht: 0,158315,3,2,5,05,14,1,,0,0,1,0,0
"POINT (9.730131725000041 52.369026642999998)",Unfall 158317 (2022) Kat:3, Licht: 0,158317,3,3,5,05,14,3,,0,1,1,0,0
"POINT (9.744074806000070 52.383694128999998)",Unfall 158321 (2022) Kat:3, Licht: 2,158321,3,5,1,05,03,1,,2,0,1,0,0
"POINT (9.740634488000071 52.361100223000101)",Unfall 158327 (2022) Kat:3, Licht: 1,158327,3,7,3,05,20,3,,1,0,1,0,1
"POINT (9.740429656000060 52.361371490000103)",Unfall 158335 (2022) Kat:3, Licht: 0,158335,3,7,0,05,16,1,,0,0,0,0,1
"POINT (9.774643884000060 52.371976221000097)",Unfall 158342 (2022) Kat:3, Licht: 0,158342,3,6,2,05,13,3,,0,0,1,0,0
"POINT (9.696853885000049 52.365755679000102)",Unfall 158350 (2022) Kat:3, Licht: 0,158350,3,6,2,05,13,5,,0,1,0,0,0
"POINT (9.742081400000069 52.375542392000099)",Unfall 158354 (2022) Kat:3, Licht: 0,158354,3,7,0,06,17,4,,0,0,0,0,0
"POINT (9.706840753000050 52.407831929000103)",Unfall 158368 (2022) Kat:3, Licht: 0,158368,3,3,5,05,08,2,,0,0,1,0,0
"POINT (9.732786120000069 52.379278454000001)",Unfall 158371 (2022) Kat:3, Licht: 1,158371,3,6,3,06,20,6,,1,0,1,0,0
"POINT (9.755920028000050 52.365967470000001)",Unfall 158372 (2022) Kat:3, Licht: 0,158372,3,5,1,05,12,6,,0,1,1,0,0
"POINT (9.713218560000030 52.371466258000098)",Unfall 158373 (2022) Kat:3, Licht: 0,158373,3,7,0,05,19,1,,0,1,0,0,0
"POINT (9.656659858000070 52.407309447000003)",Unfall 158374 (2022) Kat:3, Licht: 0,158374,3,3,5,05,17,3,,0,1,1,0,0
"POINT (9.473669165000050 52.427103875000100)",Unfall 158375 (2022) Kat:3, Licht: 0,158375,3,6,2,05,13,4,,0,1,0,1,0
"POINT (9.761130545000070 52.365875016000103)",Unfall 158384 (2022) Kat:3, Licht: 0,158384,3,3,5,05,08,2,,0,1,1,0,0
"POINT (9.694805403000030 52.327241217999998)",Unfall 158387 (2022) Kat:3, Licht: 0,158387,3,3,5,05,16,5,,0,1,1,0,0
"POINT (9.438820562000050 52.423983286000102)",Unfall 158393 (2022) Kat:3, Licht: 0,158393,3,3,5,05,18,5,,0,1,1,0,0
"POINT (9.717578717000039 52.368479471000100)",Unfall 158401 (2022) Kat:3, Licht: 0,158401,3,3,5,06,12,7,,0,1,1,0,0
"POINT (9.590521078000050 52.419556276000002)",Unfall 158409 (2022) Kat:2, Licht: 0,158409,2,2,2,06,14,7,,0,0,1,0,1
"POINT (9.483981159000050 52.304077106000101)",Unfall 158418 (2022) Kat:3, Licht: 0,158418,3,6,4,06,18,3,,0,1,1,0,0
"POINT (9.603659536000070 52.426136486000097)",Unfall 158419 (2022) Kat:3, Licht: 0,158419,3,2,4,06,16,4,,0,1,1,0,0
"POINT (9.603989815000030 52.311081809000001)",Unfall 158421 (2022) Kat:3, Licht: 0,158421,3,3,5,06,16,7,,0,1,0,0,0
"POINT (9.694742529000051 52.342544396000100)",Unfall 158422 (2022) Kat:3, Licht: 0,158422,3,6,2,06,08,4,,0,0,1,0,0
"POINT (9.699170734000059 52.403700601000097)",Unfall 158428 (2022) Kat:3, Licht: 0,158428,3,4,6,06,12,1,,0,1,0,1,0
"POINT (9.751239109000039 52.372416823000002)",Unfall 158430 (2022) Kat:3, Licht: 0,158430,3,1,0,06,19,5,,0,1,0,0,0
"POINT (9.736108627000020 52.362657302000102)",Unfall 158435 (2022) Kat:3, Licht: 0,158435,3,3,0,06,19,4,,0,1,0,0,0
"POINT (9.855096787000040 52.503088945000101)",Unfall 158438 (2022) Kat:3, Licht: 0,158438,3,7,1,06,18,2,,0,0,1,0,0
"POINT (9.590467241000059 52.419506615000003)",Unfall 158447 (2022) Kat:2, Licht: 0,158447,2,3,5,06,11,3,,0,0,1,0,0
"POINT (9.844412528000021 52.436860953000100)",Unfall 158454 (2022) Kat:2, Licht: 0,158454,2,3,5,06,07,4,,0,1,1,0,0
"POINT (9.744570966000030 52.395001944000100)",Unfall 158458 (2022) Kat:3, Licht: 0,158458,3,6,2,06,16,6,,0,0,1,0,1
"POINT (9.749248258000019 52.389855545000003)",Unfall 158463 (2022) Kat:3, Licht: 0,158463,3,3,5,06,19,2,,0,1,1,0,0
"POINT (9.762024246000070 52.346686783000102)",Unfall 158464 (2022) Kat:3, Licht: 0,158464,3,3,5,06,14,2,,0,0,1,0,0
"POINT (9.741454164000061 52.366120821999999)",Unfall 158467 (2022) Kat:3, Licht: 0,158467,3,7,0,06,16,4,,0,1,0,0,0
"POINT (9.964107774000070 52.315160095000103)",Unfall 158468 (2022) Kat:2, Licht: 0,158468,2,3,5,06,16,5,,0,1,1,0,0
"POINT (9.741830036000071 52.296159054999997)",Unfall 158470 (2022) Kat:3, Licht: 0,158470,3,7,6,06,12,4,,0,0,1,1,0
"POINT (9.906010740000060 52.363948687000097)",Unfall 158489 (2022) Kat:3, Licht: 2,158489,3,1,9,06,03,5,,2,0,1,0,0
"POINT (9.758628322000050 52.362450438000103)",Unfall 158492 (2022) Kat:3, Licht: 0,158492,3,6,4,06,16,6,,0,1,0,0,0
"POINT (9.973398203000039 52.376224989000001)",Unfall 158498 (2022) Kat:3, Licht: 0,158498,3,4,6,06,14,2,,0,1,0,1,0
"POINT (9.739051080000021 52.379665596999999)",Unfall 158505 (2022) Kat:3, Licht: 0,158505,3,3,5,06,18,6,,0,0,1,0,1
"POINT (9.597615259000071 52.418250995000101)",Unfall 158510 (2022) Kat:3, Licht: 0,158510,3,6,3,06,18,2,,0,1,0,0,0
"POINT (9.713310355000029 52.335088739000099)",Unfall 158512 (2022) Kat:3, Licht: 0,158512,3,1,0,06,12,5,,0,1,0,0,0
"POINT (9.717272270000020 52.346515730000100)",Unfall 158513 (2022) Kat:3, Licht: 0,158513,3,2,5,06,10,4,,0,1,1,0,0
"POINT (9.732715837000059 52.379250361000103)",Unfall 158533 (2022) Kat:3, Licht: 0,158533,3,2,2,06,14,7,,0,1,1,0,0
"POINT (9.661536462000070 52.377695887000101)",Unfall 158534 (2022) Kat:3, Licht: 0,158534,3,6,6,06,14,3,,0,0,1,1,0
"POINT (9.733737490000070 52.362094243999998)",Unfall 158537 (2022) Kat:3, Licht: 0,158537,3,3,5,06,16,5,,0,1,1,0,0
"POINT (10.012458441000000 52.443664301000098)",Unfall 158540 (2022) Kat:2, Licht: 0,158540,2,7,8,06,10,3,,0,0,1,0,0
"POINT (9.802173708000050 52.411503287000102)",Unfall 158541 (2022) Kat:3, Licht: 0,158541,3,7,6,06,18,6,,0,0,0,1,0
"POINT (9.639950445000069 52.298299240000098)",Unfall 158544 (2022) Kat:3, Licht: 0,158544,3,1,0,06,07,6,,0,1,0,0,0
"POINT (9.781408862000029 52.407648319000003)",Unfall 158545 (2022) Kat:3, Licht: 0,158545,3,3,5,06,18,2,,0,0,1,0,0
"POINT (9.750483723000061 52.415935619999999)",Unfall 158549 (2022) Kat:3, Licht: 0,158549,3,6,3,06,15,2,,0,1,0,0,0
"POINT (9.821083605000069 52.374284691000099)",Unfall 158556 (2022) Kat:3, Licht: 0,158556,3,7,8,06,16,7,,0,1,1,0,0
"POINT (9.854631610000069 52.491894819999999)",Unfall 158562 (2022) Kat:2, Licht: 0,158562,2,1,1,06,15,3,,0,1,1,0,0
"POINT (9.714500375000060 52.343708122000102)",Unfall 158571 (2022) Kat:2, Licht: 0,158571,2,3,5,07,19,6,,0,1,1,0,0
"POINT (9.740779604000069 52.463497768000103)",Unfall 158573 (2022) Kat:3, Licht: 0,158573,3,7,0,06,09,3,,0,1,0,0,0
"POINT (9.678099731000030 52.416160185000102)",Unfall 158586 (2022) Kat:3, Licht: 0,158586,3,6,2,06,14,3,,0,0,1,0,0
"POINT (9.778097566000040 52.414196435000100)",Unfall 158606 (2022) Kat:3, Licht: 0,158606,3,6,1,06,17,4,,0,0,1,0,0
"POINT (9.737138846000050 52.443266962999999)",Unfall 158610 (2022) Kat:3, Licht: 0,158610,3,7,0,06,13,7,,0,1,0,0,0
"POINT (9.756578043000051 52.339405858000099)",Unfall 158612 (2022) Kat:3, Licht: 0,158612,3,6,4,06,17,7,,0,1,0,0,0
"POINT (9.723700569000069 52.348094142999997)",Unfall 158622 (2022) Kat:3, Licht: 0,158622,3,4,0,06,08,4,,0,0,0,1,0
"POINT (9.670539111000039 52.399425016000102)",Unfall 158628 (2022) Kat:3, Licht: 0,158628,3,3,5,06,20,2,,0,1,1,0,0
"POINT (9.740948729000021 52.388088306999997)",Unfall 158633 (2022) Kat:3, Licht: 0,158633,3,5,1,06,15,4,,0,0,1,0,0
"POINT (9.731233062000060 52.394957603000101)",Unfall 158641 (2022) Kat:3, Licht: 0,158641,3,5,1,06,18,1,,0,0,1,0,0
"POINT (9.712268470000030 52.370867904000100)",Unfall 158643 (2022) Kat:3, Licht: 0,158643,3,6,3,06,19,5,,0,0,1,0,1
"POINT (9.725889071000040 52.383994131000101)",Unfall 158649 (2022) Kat:3, Licht: 0,158649,3,6,9,06,18,2,,0,1,1,0,0
"POINT (9.914673097000049 52.377183555000002)",Unfall 158650 (2022) Kat:3, Licht: 0,158650,3,7,0,06,18,7,,0,0,0,0,0
"POINT (9.731953403000031 52.375803183000102)",Unfall 158652 (2022) Kat:3, Licht: 0,158652,3,6,0,06,18,4,,0,0,1,0,0
"POINT (9.723201170000040 52.371094036999999)",Unfall 158655 (2022) Kat:3, Licht: 0,158655,3,3,5,06,10,4,,0,0,1,0,0
"POINT (9.799630256000061 52.542993760999998)",Unfall 158657 (2022) Kat:3, Licht: 0,158657,3,6,2,06,13,4,,0,0,0,0,0
"POINT (9.856347897000029 52.372536163000099)",Unfall 158664 (2022) Kat:2, Licht: 0,158664,2,1,0,07,10,6,,0,1,0,0,0
"POINT (9.712327780000070 52.371774950000002)",Unfall 158666 (2022) Kat:3, Licht: 0,158666,3,4,6,06,11,3,,0,1,0,1,0
"POINT (9.781166228000069 52.198977295000098)",Unfall 158671 (2022) Kat:3, Licht: 0,158671,3,5,1,06,20,4,,0,0,1,0,0
"POINT (9.947178893000061 52.378839776000099)",Unfall 158693 (2022) Kat:3, Licht: 0,158693,3,6,4,06,07,6,,0,1,0,0,0
"POINT (9.735032891000060 52.380011748000101)",Unfall 158697 (2022) Kat:3, Licht: 0,158697,3,6,2,06,09,2,,0,0,1,0,0
"POINT (9.726425101000070 52.370017307000097)",Unfall 158702 (2022) Kat:1, Licht: 0,158702,1,5,1,06,18,5,,0,1,1,0,0
"POINT (9.738635954000070 52.609892412000100)",Unfall 158706 (2022) Kat:3, Licht: 0,158706,3,6,2,06,12,1,,0,0,1,0,0
"POINT (9.718317873000050 52.381094246000004)",Unfall 158709 (2022) Kat:3, Licht: 0,158709,3,4,6,06,13,6,,0,0,1,1,0
"POINT (9.733901761000030 52.444922367000103)",Unfall 158712 (2022) Kat:3, Licht: 0,158712,3,1,1,06,10,3,,0,1,1,0,0
"POINT (9.733595161000039 52.301732323000103)",Unfall 158720 (2022) Kat:3, Licht: 0,158720,3,2,5,06,18,4,,0,0,1,0,0
"POINT (9.802256666000060 52.416099981999999)",Unfall 158723 (2022) Kat:3, Licht: 2,158723,3,6,0,06,22,7,,2,1,0,1,0
"POINT (9.716356105000051 52.377587910999999)",Unfall 158725 (2022) Kat:3, Licht: 0,158725,3,2,5,06,20,5,,0,1,0,0,0
"POINT (9.591123330000070 52.396995608000097)",Unfall 158726 (2022) Kat:3, Licht: 0,158726,3,4,6,06,11,6,,0,1,0,1,0
"POINT (9.759491790000030 52.335332174000001)",Unfall 158731 (2022) Kat:3, Licht: 1,158731,3,7,8,06,22,7,,1,1,0,0,0
"POINT (9.673290358000029 52.355079169000099)",Unfall 158734 (2022) Kat:3, Licht: 0,158734,3,5,1,06,18,3,,0,0,1,0,0
"POINT (9.462036128000021 52.497036112000004)",Unfall 158736 (2022) Kat:3, Licht: 0,158736,3,3,5,06,16,3,,0,1,1,0,0
"POINT (9.723787697000031 52.308511300000099)",Unfall 158737 (2022) Kat:3, Licht: 0,158737,3,3,5,07,09,6,,0,1,1,0,0
"POINT (9.715367118000071 52.392751964000098)",Unfall 158745 (2022) Kat:3, Licht: 0,158745,3,6,3,06,11,1,,0,0,1,0,0
"POINT (9.718799172000050 52.373752475000103)",Unfall 158754 (2022) Kat:3, Licht: 0,158754,3,7,0,06,18,7,,0,1,0,0,0
"POINT (9.725445468000030 52.322520975000003)",Unfall 158761 (2022) Kat:3, Licht: 0,158761,3,3,5,06,12,5,,0,0,1,0,0
"POINT (9.728672825000050 52.553771219000097)",Unfall 158762 (2022) Kat:3, Licht: 0,158762,3,7,0,06,14,5,,0,1,0,0,0
"POINT (9.724792303000070 52.345040116000099)",Unfall 158765 (2022) Kat:3, Licht: 0,158765,3,2,5,06,17,5,,0,0,1,0,0
"POINT (9.404083007000050 52.427701820999999)",Unfall 158770 (2022) Kat:2, Licht: 0,158770,2,1,8,06,19,5,,0,0,0,0,1
"POINT (9.664707670000039 52.411981276000098)",Unfall 158771 (2022) Kat:2, Licht: 0,158771,2,1,0,06,18,4,,0,0,0,0,1
"POINT (9.671187713000050 52.402654931000001)",Unfall 158782 (2022) Kat:3, Licht: 0,158782,3,3,5,06,05,3,,0,1,1,0,0
"POINT (9.762787873000040 52.413705419000102)",Unfall 158800 (2022) Kat:3, Licht: 0,158800,3,2,5,06,17,7,,0,0,1,0,1
"POINT (9.737957240000069 52.381939871999997)",Unfall 158807 (2022) Kat:3, Licht: 0,158807,3,3,5,06,08,4,,0,0,1,0,0
"POINT (9.659793529000069 52.317060012000098)",Unfall 158809 (2022) Kat:3, Licht: 0,158809,3,5,3,06,10,6,,0,0,1,0,0
"POINT (9.968184894000050 52.383595023000098)",Unfall 158815 (2022) Kat:3, Licht: 0,158815,3,3,5,06,20,2,,0,1,1,0,0
"POINT (9.737412518000040 52.590458071000100)",Unfall 158822 (2022) Kat:3, Licht: 0,158822,3,3,5,06,14,1,,0,0,1,0,1
"POINT (9.656017597000069 52.408691518000097)",Unfall 158827 (2022) Kat:3, Licht: 0,158827,3,2,5,06,07,4,,0,1,1,0,0
"POINT (9.787235420000060 52.349845975000100)",Unfall 158832 (2022) Kat:3, Licht: 0,158832,3,3,5,06,14,6,,0,1,1,0,0
"POINT (9.690184145000050 52.394689153000101)",Unfall 158836 (2022) Kat:3, Licht: 0,158836,3,3,5,06,08,4,,0,1,1,0,0
"POINT (9.666705952000029 52.447199599000001)",Unfall 158847 (2022) Kat:3, Licht: 0,158847,3,7,6,06,16,2,,0,0,0,1,0
"POINT (9.779262923000029 52.412998705000099)",Unfall 158848 (2022) Kat:3, Licht: 0,158848,3,2,5,06,18,7,,0,1,1,0,0
"POINT (9.762832955000020 52.356754345000098)",Unfall 158851 (2022) Kat:3, Licht: 0,158851,3,2,5,06,09,5,,0,1,1,0,0
"POINT (9.730541516000070 52.396164323999997)",Unfall 158854 (2022) Kat:2, Licht: 0,158854,2,3,5,06,11,6,,0,0,1,0,0
"POINT (9.978635345000040 52.380337960000098)",Unfall 158856 (2022) Kat:2, Licht: 0,158856,2,3,5,06,12,3,,0,0,1,0,0
"POINT (9.760551961000029 52.369476867000103)",Unfall 158863 (2022) Kat:3, Licht: 2,158863,3,1,0,06,00,4,,2,1,0,0,0
"POINT (9.731059323000069 52.378663501000098)",Unfall 158866 (2022) Kat:3, Licht: 0,158866,3,2,5,06,19,4,,0,1,1,0,0
"POINT (9.746306555000050 52.381123748000000)",Unfall 158868 (2022) Kat:3, Licht: 0,158868,3,5,1,06,20,1,,0,1,1,0,0
"POINT (9.720482919000061 52.373418223999998)",Unfall 158870 (2022) Kat:3, Licht: 0,158870,3,6,6,06,17,1,,0,0,0,1,1
"POINT (9.756354750000069 52.390636453000099)",Unfall 158872 (2022) Kat:3, Licht: 0,158872,3,6,2,06,12,7,,0,1,1,0,0
"POINT (9.736446242000060 52.387012378000101)",Unfall 158877 (2022) Kat:3, Licht: 0,158877,3,5,1,06,08,4,,0,1,0,0,0
"POINT (9.295760822000030 52.484305734000003)",Unfall 158879 (2022) Kat:3, Licht: 0,158879,3,7,0,06,08,7,,0,1,0,0,0
"POINT (9.781018472000030 52.398303935000101)",Unfall 158880 (2022) Kat:3, Licht: 0,158880,3,3,5,06,14,4,,0,1,0,0,0
"POINT (9.702303251000050 52.391259355000003)",Unfall 158887 (2022) Kat:3, Licht: 0,158887,3,6,2,06,12,1,,0,0,1,0,0
"POINT (9.814015050000020 52.331899186000001)",Unfall 158896 (2022) Kat:3, Licht: 0,158896,3,6,2,06,08,2,,0,1,1,0,0
"POINT (9.655232912000031 52.316556796000000)",Unfall 158900 (2022) Kat:3, Licht: 0,158900,3,3,0,06,16,5,,0,1,1,0,0
"POINT (9.596835091000059 52.416392639000001)",Unfall 158910 (2022) Kat:3, Licht: 0,158910,3,2,5,06,12,2,,0,1,1,0,0
"POINT (9.610184834000050 52.416131706000002)",Unfall 158914 (2022) Kat:3, Licht: 0,158914,3,3,5,06,10,5,,0,0,1,0,0
"POINT (9.715845781000040 52.458535255000101)",Unfall 158915 (2022) Kat:3, Licht: 0,158915,3,3,5,06,08,6,,0,1,1,0,0
"POINT (9.821321042000021 52.283277510000097)",Unfall 158919 (2022) Kat:3, Licht: 0,158919,3,7,0,06,18,7,,0,1,0,0,0
"POINT (9.737789081000070 52.374769070000099)",Unfall 158920 (2022) Kat:3, Licht: 0,158920,3,4,6,06,17,2,,0,0,0,1,0
"POINT (9.561615378000059 52.215098673000099)",Unfall 158941 (2022) Kat:3, Licht: 1,158941,3,5,1,06,21,4,,1,0,1,0,0
"POINT (9.818135478000039 52.350514107999999)",Unfall 158943 (2022) Kat:3, Licht: 0,158943,3,7,0,06,11,7,,0,1,0,0,0
"POINT (9.658536269000020 52.406191728000103)",Unfall 158944 (2022) Kat:3, Licht: 0,158944,3,2,5,06,12,3,,0,1,1,0,0
"POINT (9.985538579000041 52.322589217000001)",Unfall 158946 (2022) Kat:3, Licht: 0,158946,3,3,5,06,16,4,,0,0,1,0,0
"POINT (9.431077809000040 52.422573983000099)",Unfall 158949 (2022) Kat:3, Licht: 0,158949,3,6,4,07,15,6,,0,0,1,0,0
"POINT (9.359165717000050 52.456450608000097)",Unfall 158950 (2022) Kat:3, Licht: 0,158950,3,7,0,06,20,3,,0,1,0,0,0
"POINT (9.718985016000030 52.374221184000099)",Unfall 158956 (2022) Kat:3, Licht: 0,158956,3,1,0,06,21,2,,0,0,0,0,0
"POINT (9.734927223000060 52.380191786000097)",Unfall 158962 (2022) Kat:3, Licht: 0,158962,3,3,0,06,11,5,,0,1,0,0,0
"POINT (9.754450635000071 52.389481993000103)",Unfall 158965 (2022) Kat:3, Licht: 0,158965,3,2,0,06,17,5,,0,1,0,0,0
"POINT (9.385312278000070 52.469510206999999)",Unfall 158966 (2022) Kat:3, Licht: 0,158966,3,7,0,06,17,4,,0,1,0,0,0
"POINT (9.457986515000069 52.504835880000002)",Unfall 158968 (2022) Kat:3, Licht: 0,158968,3,7,0,06,13,1,,0,1,0,0,0
"POINT (9.471277355000041 52.296002205000001)",Unfall 158974 (2022) Kat:3, Licht: 0,158974,3,7,7,06,17,3,,0,1,0,0,0
"POINT (9.701440561000030 52.396686731000003)",Unfall 158975 (2022) Kat:2, Licht: 0,158975,2,6,4,06,10,4,,0,1,0,0,0
"POINT (9.715985274000049 52.362325990999999)",Unfall 158976 (2022) Kat:3, Licht: 0,158976,3,2,5,06,09,7,,0,0,1,0,1
"POINT (9.547336063000049 52.206985578999998)",Unfall 158978 (2022) Kat:3, Licht: 0,158978,3,3,5,06,14,7,,0,1,1,0,0
"POINT (9.781262861000069 52.404834229000102)",Unfall 158982 (2022) Kat:3, Licht: 0,158982,3,3,5,07,13,6,,0,1,1,0,0
"POINT (9.371809925000040 52.453925845000100)",Unfall 158986 (2022) Kat:3, Licht: 0,158986,3,4,6,06,08,4,,0,0,1,1,0
"POINT (9.749736116000070 52.388723552999998)",Unfall 159013 (2022) Kat:3, Licht: 0,159013,3,6,6,06,13,7,,0,0,0,1,0
"POINT (9.703969395000060 52.366933013000100)",Unfall 159021 (2022) Kat:3, Licht: 1,159021,3,3,5,06,21,7,,1,0,1,0,0
"POINT (9.752444979000069 52.340440204000103)",Unfall 159025 (2022) Kat:3, Licht: 0,159025,3,6,0,06,18,3,,0,0,0,0,0
"POINT (9.753536410000040 52.265088259999999)",Unfall 159028 (2022) Kat:3, Licht: 0,159028,3,3,5,06,18,3,,0,0,1,0,0
"POINT (9.709195164000050 52.413381164000000)",Unfall 159030 (2022) Kat:3, Licht: 0,159030,3,3,5,06,06,3,,0,0,1,0,1
"POINT (9.988488878000060 52.378592136000101)",Unfall 159033 (2022) Kat:3, Licht: 0,159033,3,6,0,06,17,7,,0,1,1,0,0
"POINT (9.791661405000070 52.402819808000103)",Unfall 159048 (2022) Kat:3, Licht: 0,159048,3,2,3,06,10,7,,0,1,0,0,0
"POINT (9.803584658000030 52.306551638000002)",Unfall 159053 (2022) Kat:3, Licht: 0,159053,3,3,5,06,14,5,,0,1,1,0,0
"POINT (9.728525489000051 52.394595375999998)",Unfall 159057 (2022) Kat:3, Licht: 0,159057,3,3,5,06,07,6,,0,0,1,0,0
"POINT (9.719676495000041 52.366555688000098)",Unfall 159058 (2022) Kat:3, Licht: 0,159058,3,7,0,06,14,7,,0,0,0,0,0
"POINT (9.462044562000070 52.500171803000100)",Unfall 159059 (2022) Kat:2, Licht: 0,159059,2,7,0,06,17,4,,0,1,0,0,0
"POINT (9.717931447000071 52.392007472000003)",Unfall 159062 (2022) Kat:3, Licht: 0,159062,3,2,5,06,16,7,,0,1,1,0,0
"POINT (9.739417051000030 52.376849927000102)",Unfall 159064 (2022) Kat:3, Licht: 0,159064,3,6,0,06,16,4,,0,1,0,0,0
"POINT (9.590825098000041 52.398447419000000)",Unfall 159065 (2022) Kat:3, Licht: 0,159065,3,5,1,06,13,5,,0,0,1,0,0
"POINT (9.738734531000031 52.437793266000000)",Unfall 159067 (2022) Kat:3, Licht: 0,159067,3,6,3,06,10,4,,0,1,0,0,0
"POINT (9.703861927000050 52.215429205000099)",Unfall 159068 (2022) Kat:3, Licht: 0,159068,3,1,8,06,15,7,,0,1,0,0,0
"POINT (9.620197672000071 52.434702309999999)",Unfall 159069 (2022) Kat:3, Licht: 0,159069,3,7,8,06,14,6,,0,0,1,0,0
"POINT (9.689350465000080 52.348839947000002)",Unfall 159074 (2022) Kat:3, Licht: 0,159074,3,6,2,06,14,2,,0,0,1,0,0
"POINT (9.783351982000060 52.323216413000097)",Unfall 159079 (2022) Kat:3, Licht: 0,159079,3,3,5,06,18,4,,0,0,1,0,0
"POINT (9.830701338000040 52.359464465000002)",Unfall 159081 (2022) Kat:3, Licht: 0,159081,3,3,5,06,10,6,,0,1,0,0,0
"POINT (9.546521861000031 52.213591284000103)",Unfall 159082 (2022) Kat:3, Licht: 0,159082,3,3,5,06,08,4,,0,1,1,0,0
"POINT (9.765580507000040 52.383175747000102)",Unfall 159084 (2022) Kat:3, Licht: 0,159084,3,5,1,06,09,1,,0,0,1,0,0
"POINT (9.740013656000031 52.447679684000001)",Unfall 159087 (2022) Kat:3, Licht: 0,159087,3,7,0,06,17,2,,0,1,0,0,0
"POINT (9.667470327000050 52.386301236000101)",Unfall 159099 (2022) Kat:3, Licht: 0,159099,3,3,5,06,11,4,,0,0,1,0,0
"POINT (9.804068388000079 52.474111127000100)",Unfall 159100 (2022) Kat:3, Licht: 0,159100,3,7,7,06,12,5,,0,1,0,0,0
"POINT (9.807756954000070 52.387208346000101)",Unfall 159101 (2022) Kat:3, Licht: 1,159101,3,7,7,07,22,6,,1,1,0,0,0
"POINT (9.706275176000080 52.374740138000000)",Unfall 159109 (2022) Kat:3, Licht: 0,159109,3,3,0,06,08,2,,0,1,0,0,0
"POINT (9.743960522000069 52.371128179999999)",Unfall 159116 (2022) Kat:3, Licht: 0,159116,3,2,2,06,14,6,,0,0,1,0,0
"POINT (9.609065505000050 52.406914280000102)",Unfall 159118 (2022) Kat:3, Licht: 0,159118,3,5,1,06,15,5,,0,1,1,0,0
"POINT (9.698440999000070 52.368533804999998)",Unfall 159119 (2022) Kat:3, Licht: 2,159119,3,7,0,06,01,1,,2,1,0,0,0
"POINT (9.690296548000051 52.350758504000098)",Unfall 159120 (2022) Kat:2, Licht: 0,159120,2,1,0,06,20,1,,0,1,0,0,0
"POINT (9.804191635000050 52.391252914000098)",Unfall 159122 (2022) Kat:3, Licht: 0,159122,3,4,6,06,13,3,,0,0,0,1,0
"POINT (9.771334039000070 52.338723780000102)",Unfall 159124 (2022) Kat:3, Licht: 0,159124,3,3,5,06,10,6,,0,1,1,0,0
"POINT (9.742760885000051 52.369721009000003)",Unfall 159129 (2022) Kat:2, Licht: 2,159129,2,1,0,06,23,4,,2,0,0,0,0
"POINT (9.458755382000049 52.303125636000097)",Unfall 159132 (2022) Kat:3, Licht: 0,159132,3,3,0,06,07,4,,0,1,1,0,0
"POINT (9.669467830000031 52.354832594000101)",Unfall 159144 (2022) Kat:3, Licht: 0,159144,3,6,6,06,13,4,,0,1,0,1,0
"POINT (9.753578315000031 52.441657286000101)",Unfall 159148 (2022) Kat:3, Licht: 0,159148,3,6,0,06,13,3,,0,1,0,0,0
"POINT (9.798208528000030 52.316814149999999)",Unfall 159150 (2022) Kat:3, Licht: 0,159150,3,6,2,06,13,4,,0,0,0,0,1
"POINT (9.729133515000060 52.390504013000097)",Unfall 159153 (2022) Kat:3, Licht: 0,159153,3,7,0,06,19,3,,0,1,0,0,0
"POINT (9.610927456000070 52.413102482000099)",Unfall 159154 (2022) Kat:3, Licht: 0,159154,3,3,5,06,11,3,,0,1,1,0,0
"POINT (9.762870872000059 52.410286720999999)",Unfall 159156 (2022) Kat:3, Licht: 0,159156,3,2,3,06,08,6,,0,1,0,0,0
"POINT (9.431273545000071 52.414435306000001)",Unfall 159169 (2022) Kat:3, Licht: 0,159169,3,5,5,06,17,4,,0,1,1,0,0
"POINT (9.717998810000040 52.341845432000099)",Unfall 159171 (2022) Kat:3, Licht: 0,159171,3,6,4,06,18,7,,0,1,0,0,0
"POINT (9.714326360000030 52.371315709999998)",Unfall 159176 (2022) Kat:3, Licht: 0,159176,3,6,2,06,13,5,,0,0,1,0,0
"POINT (9.738202218000030 52.382027650000097)",Unfall 159179 (2022) Kat:3, Licht: 2,159179,3,3,5,06,23,7,,2,0,1,0,0
"POINT (9.704505675000060 52.369692495000002)",Unfall 159184 (2022) Kat:3, Licht: 0,159184,3,2,5,07,10,6,,0,1,1,0,0
"POINT (10.206912285000000 52.464141386999998)",Unfall 159186 (2022) Kat:3, Licht: 0,159186,3,3,5,06,12,7,,0,1,0,0,0
"POINT (9.543881652000040 52.207642348000000)",Unfall 159190 (2022) Kat:3, Licht: 0,159190,3,5,1,06,08,3,,0,1,1,0,0
"POINT (9.670153400000061 52.399825285000098)",Unfall 159194 (2022) Kat:3, Licht: 2,159194,3,7,0,06,22,1,,2,0,0,0,0
"POINT (9.665272588000050 52.338307257000103)",Unfall 159195 (2022) Kat:3, Licht: 0,159195,3,2,6,06,08,3,,0,0,1,1,0
"POINT (9.819781460000060 52.389834569000101)",Unfall 159201 (2022) Kat:3, Licht: 0,159201,3,2,2,07,09,6,,0,0,1,0,1
"POINT (9.580930281000059 52.452597120000100)",Unfall 159203 (2022) Kat:3, Licht: 0,159203,3,3,5,06,18,3,,0,1,0,0,0
"POINT (9.733810386000069 52.384690843999998)",Unfall 159204 (2022) Kat:3, Licht: 0,159204,3,2,3,06,08,6,,0,1,0,0,0
"POINT (9.762248856000040 52.357723235999998)",Unfall 159205 (2022) Kat:3, Licht: 0,159205,3,3,5,06,08,6,,0,1,1,0,0
"POINT (9.693749954000049 52.406172420000097)",Unfall 159213 (2022) Kat:3, Licht: 0,159213,3,5,1,06,16,5,,0,0,1,0,0
"POINT (9.761542687000031 52.273559511000002)",Unfall 159218 (2022) Kat:3, Licht: 0,159218,3,7,0,06,16,4,,0,1,0,0,0
"POINT (9.734093193000041 52.547897165999998)",Unfall 159220 (2022) Kat:3, Licht: 0,159220,3,2,5,06,08,7,,0,1,1,0,0
"POINT (9.691453354000030 52.345491166000002)",Unfall 159225 (2022) Kat:3, Licht: 0,159225,3,6,2,06,08,5,,0,0,1,0,1
"POINT (9.748922120000030 52.378535642000003)",Unfall 159227 (2022) Kat:3, Licht: 2,159227,3,1,0,06,23,4,,2,1,0,0,0
"POINT (9.737447717000070 52.381669352000102)",Unfall 159235 (2022) Kat:3, Licht: 2,159235,3,6,2,07,21,6,,2,0,1,0,0
"POINT (9.717065708000060 52.369078138000098)",Unfall 159241 (2022) Kat:3, Licht: 0,159241,3,5,1,06,15,4,,0,0,1,0,1
"POINT (9.825672760000030 52.400055573000003)",Unfall 159250 (2022) Kat:3, Licht: 2,159250,3,6,2,06,22,4,,2,0,1,1,0
"POINT (9.727754023000051 52.360356943000099)",Unfall 159252 (2022) Kat:3, Licht: 0,159252,3,7,0,06,19,6,,0,1,0,0,0
"POINT (9.744229855000070 52.373308479000102)",Unfall 159258 (2022) Kat:3, Licht: 0,159258,3,7,0,06,08,1,,0,0,0,0,0
"POINT (9.768276011000070 52.264526801999999)",Unfall 159263 (2022) Kat:3, Licht: 0,159263,3,4,6,06,11,5,,0,0,1,1,0
"POINT (9.681608802000030 52.416286950000000)",Unfall 159266 (2022) Kat:3, Licht: 2,159266,3,6,2,06,22,2,,2,0,1,0,1
"POINT (9.792197136000031 52.396706403000103)",Unfall 159270 (2022) Kat:3, Licht: 0,159270,3,6,2,06,16,5,,0,0,1,0,0
"POINT (10.197037614000100 52.459932600000101)",Unfall 159274 (2022) Kat:3, Licht: 0,159274,3,3,0,06,07,6,,0,1,1,0,0
"POINT (9.825058806000071 52.293617392999998)",Unfall 159291 (2022) Kat:3, Licht: 0,159291,3,3,5,06,13,2,,0,1,1,0,0
"POINT (9.753510039000050 52.441530088000000)",Unfall 159292 (2022) Kat:3, Licht: 0,159292,3,3,5,06,16,7,,0,1,1,0,0
"POINT (9.751268981000070 52.372153101000002)",Unfall 159300 (2022) Kat:3, Licht: 0,159300,3,6,3,06,16,7,,0,0,1,0,0
"POINT (9.800714698000039 52.405749688000100)",Unfall 159303 (2022) Kat:3, Licht: 0,159303,3,3,5,06,09,4,,0,1,1,0,0
"POINT (9.694301875000059 52.392283102000100)",Unfall 159305 (2022) Kat:3, Licht: 0,159305,3,6,4,06,18,3,,0,1,0,0,0
"POINT (9.717149661000059 52.339765731000099)",Unfall 159306 (2022) Kat:3, Licht: 0,159306,3,2,3,06,18,3,,0,1,1,0,0
"POINT (9.756129596000051 52.342662353999998)",Unfall 159317 (2022) Kat:3, Licht: 0,159317,3,2,5,06,13,4,,0,1,1,0,0
"POINT (9.738158617000069 52.434978409000102)",Unfall 159319 (2022) Kat:2, Licht: 0,159319,2,3,5,07,17,6,,0,0,1,0,0
"POINT (9.710096055000070 52.367280703000098)",Unfall 159330 (2022) Kat:3, Licht: 0,159330,3,1,0,06,12,3,,0,1,0,0,0
"POINT (9.734885579000039 52.384566097000103)",Unfall 159335 (2022) Kat:3, Licht: 0,159335,3,6,4,06,20,4,,0,1,0,0,0
"POINT (9.717309034000040 52.381698980000102)",Unfall 159339 (2022) Kat:3, Licht: 0,159339,3,4,6,06,11,2,,0,0,1,1,0
"POINT (9.874816257000081 52.509875271000098)",Unfall 159342 (2022) Kat:3, Licht: 0,159342,3,7,7,06,17,4,,0,1,0,0,0
"POINT (9.725425124000029 52.382846350000101)",Unfall 159344 (2022) Kat:3, Licht: 0,159344,3,5,1,06,16,3,,0,1,1,0,0
"POINT (9.697318671000060 52.413652161000101)",Unfall 159349 (2022) Kat:3, Licht: 0,159349,3,2,3,06,17,3,,0,1,1,0,0
"POINT (9.805298493000070 52.412396948999998)",Unfall 159353 (2022) Kat:3, Licht: 0,159353,3,2,5,06,19,3,,0,1,1,0,0
"POINT (9.802384869000040 52.415979607000097)",Unfall 159354 (2022) Kat:3, Licht: 0,159354,3,3,5,06,18,4,,0,1,0,0,0
"POINT (9.745044817000061 52.387599441000098)",Unfall 159373 (2022) Kat:3, Licht: 0,159373,3,3,5,06,19,2,,0,1,1,0,0
"POINT (9.965770147000059 52.381140151000103)",Unfall 159379 (2022) Kat:3, Licht: 0,159379,3,2,0,06,16,5,,0,1,1,0,0
"POINT (9.742070035000040 52.369025362999999)",Unfall 159382 (2022) Kat:3, Licht: 0,159382,3,5,5,06,18,5,,0,1,1,0,0
"POINT (9.742273856000050 52.437767816000097)",Unfall 159385 (2022) Kat:3, Licht: 0,159385,3,2,2,06,13,2,,0,0,1,0,0
"POINT (9.708810752000030 52.334805748000100)",Unfall 159387 (2022) Kat:3, Licht: 0,159387,3,6,3,06,17,5,,0,1,0,0,0
"POINT (9.717651840000030 52.381495383000100)",Unfall 159388 (2022) Kat:3, Licht: 0,159388,3,6,2,06,11,4,,0,0,1,0,1
"POINT (9.791335280000061 52.369434161000100)",Unfall 159391 (2022) Kat:3, Licht: 1,159391,3,1,0,06,21,4,,1,1,0,0,0
"POINT (9.970756734000080 52.374789008999997)",Unfall 159392 (2022) Kat:3, Licht: 0,159392,3,3,5,06,16,7,,0,1,1,0,0
"POINT (9.653080044000030 52.412926926000097)",Unfall 159399 (2022) Kat:3, Licht: 0,159399,3,1,0,06,11,3,,0,1,0,0,0
"POINT (9.801078079000041 52.305208666000098)",Unfall 159403 (2022) Kat:2, Licht: 0,159403,2,3,5,06,17,5,,0,1,1,0,0
"POINT (9.751484127000030 52.357416905999997)",Unfall 159404 (2022) Kat:3, Licht: 0,159404,3,3,5,06,09,6,,0,1,1,0,0
"POINT (9.433127220000070 52.318190188000102)",Unfall 159405 (2022) Kat:3, Licht: 0,159405,3,6,2,06,13,6,,0,0,1,0,0
"POINT (9.740044357000039 52.366612718000098)",Unfall 159417 (2022) Kat:3, Licht: 0,159417,3,3,5,06,16,7,,0,1,1,0,0
"POINT (9.803111207000031 52.396498752000099)",Unfall 159418 (2022) Kat:3, Licht: 0,159418,3,3,5,06,15,2,,0,1,1,0,0
"POINT (9.741629897000051 52.371819619000100)",Unfall 159422 (2022) Kat:3, Licht: 0,159422,3,5,4,06,17,5,,0,0,1,0,1
"POINT (10.011387974000099 52.514890483999999)",Unfall 159423 (2022) Kat:2, Licht: 0,159423,2,7,7,06,15,3,,0,1,0,0,0
"POINT (9.808915315000039 52.386203387000101)",Unfall 159424 (2022) Kat:3, Licht: 0,159424,3,3,5,06,17,4,,0,1,1,0,0
"POINT (9.709168339000030 52.359983869000096)",Unfall 159426 (2022) Kat:3, Licht: 0,159426,3,7,0,07,10,3,,0,0,0,0,1
"POINT (9.755981417000040 52.360497622000103)",Unfall 159427 (2022) Kat:3, Licht: 0,159427,3,7,0,07,12,5,,0,1,0,0,0
"POINT (9.759426966000040 52.451014342000100)",Unfall 159428 (2022) Kat:3, Licht: 0,159428,3,3,5,07,17,1,,0,1,1,0,0
"POINT (9.752061180000061 52.410421460000101)",Unfall 159441 (2022) Kat:3, Licht: 0,159441,3,3,5,07,17,3,,0,0,1,0,0
"POINT (9.937627950000040 52.544739675000102)",Unfall 159444 (2022) Kat:3, Licht: 0,159444,3,1,8,07,16,1,,0,1,0,0,0
"POINT (9.495358137000039 52.305674864000103)",Unfall 159457 (2022) Kat:3, Licht: 0,159457,3,2,2,07,11,7,,0,0,1,0,0
"POINT (9.713541257000029 52.371163101000000)",Unfall 159462 (2022) Kat:3, Licht: 2,159462,3,7,0,07,22,2,,2,1,0,0,0
"POINT (9.789145078000050 52.376379555000000)",Unfall 159465 (2022) Kat:3, Licht: 0,159465,3,3,5,07,10,4,,0,1,1,0,0
"POINT (9.742532038000039 52.375322739000097)",Unfall 159470 (2022) Kat:3, Licht: 0,159470,3,7,0,07,18,4,,0,1,0,0,0
"POINT (9.734186734000049 52.376679916999997)",Unfall 159472 (2022) Kat:3, Licht: 0,159472,3,1,0,07,15,1,,0,1,0,0,0
"POINT (9.719183694000041 52.352421326000098)",Unfall 159473 (2022) Kat:2, Licht: 0,159473,2,1,7,07,17,2,,0,1,0,0,0
"POINT (9.734874392000050 52.432198146000097)",Unfall 159493 (2022) Kat:3, Licht: 0,159493,3,6,3,07,12,2,,0,1,0,0,0
"POINT (9.792380185000070 52.399911854999999)",Unfall 159495 (2022) Kat:3, Licht: 2,159495,3,1,0,07,23,6,,2,0,0,0,1
"POINT (9.739974590000029 52.362011852000101)",Unfall 159511 (2022) Kat:3, Licht: 1,159511,3,2,5,07,21,4,,1,1,1,0,0
"POINT (9.736895559000059 52.404611064000100)",Unfall 159512 (2022) Kat:2, Licht: 0,159512,2,3,5,07,06,5,,0,0,1,0,0
"POINT (9.707391910000069 52.372150739000098)",Unfall 159513 (2022) Kat:3, Licht: 1,159513,3,7,0,07,22,7,,1,0,0,0,0
"POINT (10.010046660000100 52.482708370000097)",Unfall 159514 (2022) Kat:3, Licht: 0,159514,3,3,5,07,18,6,,0,0,1,0,0
"POINT (9.693716398000049 52.400978776999999)",Unfall 159522 (2022) Kat:3, Licht: 0,159522,3,2,5,07,07,5,,0,1,1,0,0
"POINT (9.854813122000049 52.388931387000099)",Unfall 159523 (2022) Kat:3, Licht: 2,159523,3,6,4,07,22,3,,2,0,1,0,0
"POINT (9.751354108000040 52.391392903000103)",Unfall 159525 (2022) Kat:3, Licht: 0,159525,3,6,4,07,12,4,,0,1,0,0,0
"POINT (9.815937640000071 52.318211414000103)",Unfall 159527 (2022) Kat:3, Licht: 0,159527,3,7,0,07,08,6,,0,0,1,0,0
"POINT (9.747017253000021 52.387248138000103)",Unfall 159534 (2022) Kat:3, Licht: 0,159534,3,3,5,07,17,3,,0,1,0,0,0
"POINT (9.740636480000029 52.380754547000002)",Unfall 159538 (2022) Kat:3, Licht: 0,159538,3,6,4,07,17,1,,0,1,0,0,0
"POINT (9.734591661000019 52.362283181000102)",Unfall 159541 (2022) Kat:3, Licht: 0,159541,3,3,5,08,14,2,,0,1,0,0,0
"POINT (9.659232177000041 52.167557889000101)",Unfall 159549 (2022) Kat:3, Licht: 0,159549,3,4,6,07,07,3,,0,1,0,1,0
"POINT (9.780729028000049 52.328518012000103)",Unfall 159557 (2022) Kat:3, Licht: 0,159557,3,3,5,07,13,4,,0,1,1,0,0
"POINT (9.732296157000061 52.441471655000001)",Unfall 159559 (2022) Kat:3, Licht: 0,159559,3,2,5,07,09,2,,0,1,1,0,0
"POINT (9.757033819000069 52.420294556999998)",Unfall 159563 (2022) Kat:3, Licht: 0,159563,3,3,5,07,14,6,,0,1,1,0,0
"POINT (9.781369861000030 52.328733838000097)",Unfall 159566 (2022) Kat:3, Licht: 2,159566,3,4,6,07,23,3,,2,0,1,1,0
"POINT (9.811548707000039 52.401869454000099)",Unfall 159574 (2022) Kat:3, Licht: 0,159574,3,6,4,07,15,4,,0,1,0,0,0
"POINT (9.591748467000061 52.392307109000100)",Unfall 159580 (2022) Kat:3, Licht: 0,159580,3,5,1,07,17,7,,0,1,1,0,0
"POINT (9.536521666000059 52.202235286000104)",Unfall 159582 (2022) Kat:3, Licht: 0,159582,3,6,4,07,08,5,,0,0,1,0,0
"POINT (9.363821372000070 52.456448723999998)",Unfall 159583 (2022) Kat:3, Licht: 0,159583,3,5,1,07,17,3,,0,0,1,0,0
"POINT (9.730319018000049 52.304411154000000)",Unfall 159596 (2022) Kat:3, Licht: 2,159596,3,1,0,07,23,7,,2,1,0,0,0
"POINT (9.732632581000081 52.397738176000097)",Unfall 159599 (2022) Kat:3, Licht: 0,159599,3,7,0,07,10,3,,0,0,1,0,0
"POINT (9.684954301000060 52.365038900000101)",Unfall 159601 (2022) Kat:3, Licht: 0,159601,3,3,5,07,11,7,,0,0,1,0,1
"POINT (9.750576476000051 52.375312462000103)",Unfall 159602 (2022) Kat:3, Licht: 0,159602,3,6,2,07,17,1,,0,0,1,0,0
"POINT (9.820138776000020 52.353104072000100)",Unfall 159605 (2022) Kat:3, Licht: 0,159605,3,6,6,07,19,6,,0,0,0,1,0
"POINT (9.761173414000041 52.332832302000000)",Unfall 159616 (2022) Kat:3, Licht: 0,159616,3,3,5,07,18,2,,0,1,0,0,0
"POINT (9.855071380000030 52.392179384000002)",Unfall 159619 (2022) Kat:3, Licht: 0,159619,3,3,5,07,12,4,,0,0,1,0,0
"POINT (9.689431794000029 52.348128924999997)",Unfall 159622 (2022) Kat:3, Licht: 0,159622,3,7,7,07,21,4,,0,1,0,0,0
"POINT (10.012191972000000 52.443382057000100)",Unfall 159627 (2022) Kat:3, Licht: 0,159627,3,1,0,07,11,2,,0,0,0,0,1
"POINT (9.725655252000021 52.362523371000101)",Unfall 159629 (2022) Kat:3, Licht: 2,159629,3,7,1,07,20,6,,2,0,1,1,0
"POINT (9.724140917000060 52.347031317000102)",Unfall 159631 (2022) Kat:3, Licht: 0,159631,3,2,5,07,14,5,,0,1,1,0,0
"POINT (9.744776750000030 52.391417210000000)",Unfall 159645 (2022) Kat:3, Licht: 1,159645,3,4,6,08,21,4,,1,1,0,1,0
"POINT (9.854491294000070 52.391731462000102)",Unfall 159654 (2022) Kat:3, Licht: 0,159654,3,7,0,08,15,3,,0,0,0,0,0
"POINT (9.854355634000060 52.433561525000101)",Unfall 159657 (2022) Kat:3, Licht: 0,159657,3,3,5,07,12,3,,0,1,0,0,0
"POINT (9.806303468000070 52.378382565000003)",Unfall 159661 (2022) Kat:3, Licht: 0,159661,3,6,2,07,15,2,,0,0,1,0,0
"POINT (9.610683386000060 52.449397668000103)",Unfall 159665 (2022) Kat:3, Licht: 0,159665,3,1,8,07,15,7,,0,0,0,0,1
"POINT (9.790070404000060 52.346612516000100)",Unfall 159669 (2022) Kat:3, Licht: 0,159669,3,3,5,07,07,2,,0,0,0,0,0
"POINT (9.984045524000070 52.465718815000102)",Unfall 159673 (2022) Kat:2, Licht: 0,159673,2,1,8,07,18,7,,0,0,0,0,0
"POINT (9.614976644000020 52.404955814000097)",Unfall 159674 (2022) Kat:3, Licht: 0,159674,3,7,5,07,13,6,,0,0,1,0,0
"POINT (9.794242568000071 52.373438536000002)",Unfall 159676 (2022) Kat:3, Licht: 0,159676,3,2,3,07,12,4,,0,1,0,0,0
"POINT (9.754231818000051 52.480315910000101)",Unfall 159693 (2022) Kat:3, Licht: 0,159693,3,3,5,07,13,2,,0,0,1,0,0
"POINT (9.567992956000070 52.208313099000101)",Unfall 159696 (2022) Kat:3, Licht: 0,159696,3,6,4,07,12,5,,0,0,1,0,0
"POINT (9.726662050000069 52.384029620000000)",Unfall 159698 (2022) Kat:3, Licht: 0,159698,3,7,0,08,16,4,,0,1,1,0,0
"POINT (9.672730880000071 52.398348851000002)",Unfall 159702 (2022) Kat:3, Licht: 0,159702,3,2,5,07,13,3,,0,0,1,0,0
"POINT (9.431445576000041 52.417809656000003)",Unfall 159704 (2022) Kat:3, Licht: 0,159704,3,7,0,07,07,6,,0,1,0,0,0
"POINT (9.719834113000051 52.436592619000102)",Unfall 159710 (2022) Kat:3, Licht: 0,159710,3,3,5,07,06,5,,0,0,1,0,0
"POINT (10.114711041000000 52.488697758999997)",Unfall 159715 (2022) Kat:3, Licht: 0,159715,3,6,2,07,14,1,,0,1,1,0,0
"POINT (9.733711553000029 52.362206708000002)",Unfall 159727 (2022) Kat:3, Licht: 2,159727,3,6,6,07,00,7,,2,0,1,1,0
"POINT (9.434533071000031 52.415771935000102)",Unfall 159739 (2022) Kat:3, Licht: 0,159739,3,3,5,07,20,6,,0,1,1,0,0
"POINT (9.752091895000040 52.410507457999998)",Unfall 159746 (2022) Kat:3, Licht: 0,159746,3,3,5,07,14,2,,0,1,1,0,0
"POINT (9.729477099000061 52.393099306000103)",Unfall 159750 (2022) Kat:3, Licht: 0,159750,3,7,0,07,12,3,,0,1,1,0,0
"POINT (9.726957610000060 52.351868326999998)",Unfall 159753 (2022) Kat:3, Licht: 2,159753,3,7,9,07,23,6,,2,1,0,0,0
"POINT (9.705859834000020 52.407524584000001)",Unfall 159756 (2022) Kat:3, Licht: 0,159756,3,1,0,08,11,3,,0,1,0,0,0
"POINT (9.738816454000069 52.363324410000097)",Unfall 159762 (2022) Kat:3, Licht: 0,159762,3,7,7,07,19,1,,0,1,0,0,0
"POINT (9.727620893000051 52.437769566999997)",Unfall 159763 (2022) Kat:3, Licht: 0,159763,3,1,0,07,18,1,,0,1,0,0,0
"POINT (9.737778643000070 52.373130795000101)",Unfall 159770 (2022) Kat:3, Licht: 0,159770,3,6,6,07,18,2,,0,1,0,1,0
"POINT (9.752556552000041 52.373862037000002)",Unfall 159773 (2022) Kat:3, Licht: 0,159773,3,6,4,07,18,6,,0,1,0,0,0
"POINT (9.738471130000050 52.376950847000003)",Unfall 159787 (2022) Kat:3, Licht: 0,159787,3,6,6,07,20,6,,0,0,0,1,0
"POINT (9.712791706000081 52.368797583999999)",Unfall 159792 (2022) Kat:3, Licht: 0,159792,3,5,1,08,18,3,,0,0,0,0,1
"POINT (9.429943870000050 52.420310076000099)",Unfall 159794 (2022) Kat:3, Licht: 0,159794,3,6,2,07,09,3,,0,1,1,0,0
"POINT (9.736126517000059 52.374233007000001)",Unfall 159807 (2022) Kat:3, Licht: 0,159807,3,6,0,07,16,3,,0,0,0,1,0
"POINT (9.754831112000030 52.367373606999998)",Unfall 159810 (2022) Kat:3, Licht: 0,159810,3,2,5,07,13,1,,0,0,1,0,0
"POINT (9.740065835000051 52.366998109000100)",Unfall 159813 (2022) Kat:3, Licht: 0,159813,3,2,3,08,07,2,,0,1,1,0,0
"POINT (9.739626286000030 52.376899891000100)",Unfall 159832 (2022) Kat:3, Licht: 0,159832,3,2,6,07,09,6,,0,1,0,1,0
"POINT (9.729428398000040 52.369489862000101)",Unfall 159833 (2022) Kat:3, Licht: 0,159833,3,5,1,07,16,6,,0,1,1,0,0
"POINT (9.743666855000070 52.369751892000103)",Unfall 159848 (2022) Kat:3, Licht: 0,159848,3,7,0,07,18,4,,0,0,0,0,0
"POINT (9.381399970000070 52.457382687000099)",Unfall 159850 (2022) Kat:2, Licht: 0,159850,2,1,0,07,15,2,,0,1,0,0,0
"POINT (9.854197021000060 52.391261749000101)",Unfall 159857 (2022) Kat:3, Licht: 0,159857,3,5,1,07,12,4,,0,0,1,1,0
"POINT (9.749297770000060 52.389912295999999)",Unfall 159858 (2022) Kat:3, Licht: 0,159858,3,6,3,07,08,6,,0,1,0,0,0
"POINT (9.974823719000030 52.307630586000101)",Unfall 159866 (2022) Kat:3, Licht: 0,159866,3,3,5,07,13,7,,0,1,1,0,0
"POINT (9.719480732000020 52.391747892000097)",Unfall 159868 (2022) Kat:3, Licht: 0,159868,3,6,4,07,18,4,,0,1,1,0,0
"POINT (9.773493930000029 52.364410807000098)",Unfall 159869 (2022) Kat:3, Licht: 0,159869,3,3,5,07,18,3,,0,1,1,0,0
"POINT (9.750128319000050 52.434239795000103)",Unfall 159873 (2022) Kat:3, Licht: 0,159873,3,7,1,07,19,2,,0,0,1,0,0
"POINT (9.458146793000029 52.507683698999998)",Unfall 159887 (2022) Kat:3, Licht: 0,159887,3,6,2,07,15,5,,0,0,1,0,0
"POINT (9.782219559000049 52.340874624000001)",Unfall 159888 (2022) Kat:3, Licht: 0,159888,3,7,0,07,08,2,,0,1,0,0,0
"POINT (9.610302557000070 52.423876857000003)",Unfall 159889 (2022) Kat:3, Licht: 0,159889,3,2,5,07,12,3,,0,0,1,0,0
"POINT (9.822923739000030 52.383185982000001)",Unfall 159895 (2022) Kat:3, Licht: 0,159895,3,3,0,07,11,4,,0,1,1,0,0
"POINT (9.832513843000070 52.337038991999997)",Unfall 159897 (2022) Kat:3, Licht: 0,159897,3,7,0,07,19,1,,0,1,0,0,0
"POINT (10.007518443000000 52.446732017000002)",Unfall 159899 (2022) Kat:3, Licht: 0,159899,3,4,6,07,13,2,,0,0,1,1,0
"POINT (9.628386582000079 52.378060013000002)",Unfall 159905 (2022) Kat:3, Licht: 0,159905,3,5,4,07,19,6,,0,1,1,0,0
"POINT (9.590289838000050 52.396310191000097)",Unfall 159912 (2022) Kat:3, Licht: 0,159912,3,7,6,07,09,3,,0,0,1,1,0
"POINT (9.751872750000080 52.434511643000100)",Unfall 159917 (2022) Kat:3, Licht: 0,159917,3,3,5,07,11,7,,0,0,1,0,0
"POINT (9.551581309000030 52.214538407000099)",Unfall 159922 (2022) Kat:3, Licht: 0,159922,3,3,5,07,09,2,,0,0,1,0,1
"POINT (9.765570325000059 52.397302715000102)",Unfall 159923 (2022) Kat:3, Licht: 0,159923,3,1,0,08,09,3,,0,1,0,0,0
"POINT (9.762867740000051 52.419233853999998)",Unfall 159927 (2022) Kat:3, Licht: 0,159927,3,7,0,07,08,3,,0,1,0,0,0
"POINT (9.730195491000069 52.373170119000100)",Unfall 159928 (2022) Kat:3, Licht: 0,159928,3,7,0,07,11,4,,0,1,0,0,0
"POINT (9.690453384000021 52.395110493000097)",Unfall 159935 (2022) Kat:3, Licht: 0,159935,3,6,4,07,17,5,,0,1,1,0,0
"POINT (9.731715913000070 52.367023790000097)",Unfall 159941 (2022) Kat:3, Licht: 1,159941,3,6,0,07,23,4,,1,1,1,0,0
"POINT (9.616671886000059 52.410166742999998)",Unfall 159951 (2022) Kat:3, Licht: 2,159951,3,7,1,07,21,6,,2,0,1,0,1
"POINT (9.708207828000070 52.367156348000002)",Unfall 159957 (2022) Kat:3, Licht: 0,159957,3,7,0,07,13,6,,0,1,0,0,0
"POINT (9.806950239000059 52.414044574000101)",Unfall 159959 (2022) Kat:3, Licht: 0,159959,3,7,0,07,10,3,,0,0,0,0,0
"POINT (9.496858895000059 52.284518833000000)",Unfall 159962 (2022) Kat:3, Licht: 0,159962,3,7,0,07,07,5,,0,1,0,0,0
"POINT (9.746598927000040 52.353926541000099)",Unfall 159963 (2022) Kat:3, Licht: 0,159963,3,6,3,07,15,3,,0,0,1,0,1
"POINT (9.719891798000051 52.358681611000101)",Unfall 159967 (2022) Kat:3, Licht: 0,159967,3,1,0,07,19,7,,0,1,0,0,0
"POINT (9.668040132000041 52.355837429000097)",Unfall 159969 (2022) Kat:3, Licht: 0,159969,3,7,0,07,17,5,,0,0,0,0,0
"POINT (9.595508133000070 52.427961885999999)",Unfall 159977 (2022) Kat:3, Licht: 0,159977,3,2,5,07,07,6,,0,0,1,0,1
"POINT (9.716898670000029 52.372768872000101)",Unfall 159981 (2022) Kat:3, Licht: 0,159981,3,1,0,07,05,7,,0,1,0,0,0
"POINT (10.022988681000101 52.536463499000000)",Unfall 159982 (2022) Kat:3, Licht: 0,159982,3,1,0,07,17,7,,0,1,0,0,0
"POINT (9.747794155000070 52.378230371000001)",Unfall 159985 (2022) Kat:3, Licht: 0,159985,3,3,5,07,13,5,,0,1,1,0,0
"POINT (9.811439458000050 52.293727410000002)",Unfall 159990 (2022) Kat:3, Licht: 0,159990,3,5,3,07,10,6,,0,1,1,0,0
"POINT (9.694635213000030 52.352978057000001)",Unfall 159993 (2022) Kat:3, Licht: 0,159993,3,2,5,07,13,3,,0,1,1,0,0
"POINT (9.726604685000041 52.382048320000102)",Unfall 159996 (2022) Kat:3, Licht: 0,159996,3,7,1,07,15,1,,0,1,1,0,0
"POINT (9.817514236000020 52.393310812999999)",Unfall 160003 (2022) Kat:3, Licht: 0,160003,3,6,0,07,17,6,,0,1,1,0,0
"POINT (9.746842577000050 52.387079522000100)",Unfall 160007 (2022) Kat:3, Licht: 0,160007,3,2,6,07,17,2,,0,1,0,1,0
"POINT (9.591953630000029 52.312695357000102)",Unfall 160011 (2022) Kat:3, Licht: 0,160011,3,3,5,07,13,3,,0,1,1,0,0
"POINT (9.666024957000049 52.381692835000102)",Unfall 160013 (2022) Kat:3, Licht: 2,160013,3,7,0,07,00,4,,2,0,0,0,1
"POINT (9.789911512000060 52.410144482000099)",Unfall 160018 (2022) Kat:3, Licht: 0,160018,3,2,3,07,18,5,,0,1,0,0,0
"POINT (10.007843304000099 52.488408303000000)",Unfall 160019 (2022) Kat:3, Licht: 0,160019,3,6,2,08,15,2,,0,0,1,0,0
"POINT (9.734889238000051 52.380316154000099)",Unfall 160020 (2022) Kat:3, Licht: 2,160020,3,3,5,07,23,4,,2,0,1,0,0
"POINT (9.724994125000020 52.387493075000101)",Unfall 160027 (2022) Kat:3, Licht: 0,160027,3,3,5,07,18,7,,0,0,1,0,0
"POINT (9.658828286000070 52.406156551999999)",Unfall 160028 (2022) Kat:2, Licht: 0,160028,2,3,5,07,19,4,,0,1,0,0,0
"POINT (9.729326566000051 52.390691691000001)",Unfall 160029 (2022) Kat:3, Licht: 0,160029,3,3,0,07,18,3,,0,0,1,0,0
"POINT (10.013360455000100 52.443761786000003)",Unfall 160032 (2022) Kat:3, Licht: 0,160032,3,7,0,07,16,2,,0,1,0,0,0
"POINT (9.707742748000040 52.367164876000103)",Unfall 160034 (2022) Kat:2, Licht: 0,160034,2,1,9,07,17,6,,0,1,0,0,0
"POINT (9.768178509000050 52.345402195000098)",Unfall 160042 (2022) Kat:2, Licht: 0,160042,2,2,4,07,14,2,,0,0,1,0,1
"POINT (9.785807242000031 52.398041826000103)",Unfall 160045 (2022) Kat:3, Licht: 0,160045,3,3,5,08,14,2,,0,0,1,0,0
"POINT (9.661784326000030 52.415312921000101)",Unfall 160054 (2022) Kat:3, Licht: 0,160054,3,6,2,07,21,6,,0,0,1,0,0
"POINT (9.717195490000050 52.344979182000003)",Unfall 160058 (2022) Kat:3, Licht: 0,160058,3,3,5,07,12,7,,0,1,1,0,0
"POINT (9.750744170000081 52.388247112000002)",Unfall 160062 (2022) Kat:3, Licht: 0,160062,3,3,5,07,18,3,,0,1,1,0,0
"POINT (9.753711002000051 52.380292047000097)",Unfall 160070 (2022) Kat:3, Licht: 0,160070,3,3,5,07,13,4,,0,1,1,0,0
"POINT (9.967326002000050 52.374958562000103)",Unfall 160078 (2022) Kat:3, Licht: 0,160078,3,7,1,07,14,3,,0,0,1,0,0
"POINT (9.542736568000070 52.212961279000098)",Unfall 160080 (2022) Kat:3, Licht: 0,160080,3,2,3,07,10,7,,0,1,1,0,0
"POINT (9.802683406000030 52.387941742000102)",Unfall 160087 (2022) Kat:3, Licht: 0,160087,3,3,5,07,16,3,,0,1,1,0,0
"POINT (9.610021759000061 52.426757545999997)",Unfall 160094 (2022) Kat:3, Licht: 0,160094,3,1,0,07,16,7,,0,0,0,0,1
"POINT (9.725344270000051 52.383952818000097)",Unfall 160099 (2022) Kat:3, Licht: 0,160099,3,2,5,07,10,2,,0,1,1,0,0
"POINT (9.721917088000049 52.389287844000101)",Unfall 160103 (2022) Kat:3, Licht: 0,160103,3,7,3,07,11,7,,0,0,1,0,0
"POINT (9.716985765000061 52.386179135000098)",Unfall 160110 (2022) Kat:2, Licht: 0,160110,2,1,0,07,19,2,,0,0,0,0,1
"POINT (9.414154727000041 52.430567506999999)",Unfall 160124 (2022) Kat:2, Licht: 0,160124,2,7,0,07,20,7,,0,1,0,0,0
"POINT (9.718204803000051 52.360579035999997)",Unfall 160128 (2022) Kat:3, Licht: 0,160128,3,1,0,07,20,4,,0,0,0,0,0
"POINT (9.790908802000050 52.401080643000100)",Unfall 160132 (2022) Kat:2, Licht: 2,160132,2,7,1,07,01,1,,2,0,1,0,1
"POINT (9.746218875000070 52.378634763999997)",Unfall 160134 (2022) Kat:3, Licht: 0,160134,3,1,0,07,18,6,,0,1,0,0,0
"POINT (9.725696562000049 52.476385012000001)",Unfall 160140 (2022) Kat:3, Licht: 0,160140,3,7,0,07,10,1,,0,1,0,0,0
"POINT (9.601124672000029 52.417091313000100)",Unfall 160141 (2022) Kat:3, Licht: 0,160141,3,3,5,07,18,7,,0,0,1,0,0
"POINT (9.741556446000059 52.438670365000100)",Unfall 160146 (2022) Kat:3, Licht: 0,160146,3,2,2,07,21,1,,0,1,1,0,0
"POINT (9.743251850000039 52.390694132000100)",Unfall 160150 (2022) Kat:3, Licht: 0,160150,3,7,0,07,13,5,,0,1,0,0,0
"POINT (9.732190643000020 52.448602236000099)",Unfall 160151 (2022) Kat:3, Licht: 0,160151,3,3,0,07,18,7,,0,1,0,0,0
"POINT (9.798265552000030 52.316672564000001)",Unfall 160153 (2022) Kat:3, Licht: 2,160153,3,4,6,07,00,7,,2,0,1,1,0
"POINT (9.720055332000070 52.364671230000098)",Unfall 160156 (2022) Kat:3, Licht: 2,160156,3,7,0,07,00,7,,2,1,0,0,0
"POINT (9.728127828000030 52.374215618999997)",Unfall 160175 (2022) Kat:3, Licht: 2,160175,3,2,5,07,04,1,,2,0,1,0,0
"POINT (9.783760592000020 52.410197164000103)",Unfall 160179 (2022) Kat:3, Licht: 0,160179,3,6,2,07,07,6,,0,0,1,0,0
"POINT (9.685612670000070 52.375147405000099)",Unfall 160183 (2022) Kat:3, Licht: 0,160183,3,3,5,08,18,3,,0,0,1,0,0
"POINT (9.761723513000049 52.356472279000101)",Unfall 160186 (2022) Kat:3, Licht: 0,160186,3,3,5,07,15,3,,0,1,1,0,0
"POINT (9.736907278000050 52.442803429000001)",Unfall 160191 (2022) Kat:3, Licht: 0,160191,3,6,3,07,13,7,,0,1,0,0,0
"POINT (9.747555846000070 52.389363902000099)",Unfall 160192 (2022) Kat:3, Licht: 0,160192,3,1,0,07,12,5,,0,1,0,0,0
"POINT (9.662975422000050 52.382896852000002)",Unfall 160198 (2022) Kat:3, Licht: 2,160198,3,5,1,07,23,4,,2,0,1,0,0
"POINT (9.742117891000021 52.378472668000001)",Unfall 160200 (2022) Kat:3, Licht: 0,160200,3,7,6,07,10,7,,0,0,1,1,0
"POINT (9.596578408000029 52.314068556000102)",Unfall 160206 (2022) Kat:2, Licht: 0,160206,2,5,0,07,12,7,,0,1,1,0,0
"POINT (9.725172805000060 52.383935694000101)",Unfall 160210 (2022) Kat:3, Licht: 0,160210,3,3,0,07,15,5,,0,0,1,0,1
"POINT (9.836222093000060 52.338494125000103)",Unfall 160217 (2022) Kat:3, Licht: 0,160217,3,3,5,07,20,3,,0,1,1,0,0
"POINT (9.718383503000039 52.381053478000098)",Unfall 160224 (2022) Kat:3, Licht: 0,160224,3,3,5,07,08,4,,0,1,1,0,0
"POINT (9.746645147000040 52.392684792000097)",Unfall 160227 (2022) Kat:3, Licht: 0,160227,3,2,3,07,18,7,,0,1,1,0,0
"POINT (9.825642905000050 52.302231839000100)",Unfall 160230 (2022) Kat:3, Licht: 0,160230,3,7,8,08,14,2,,0,0,1,0,0
"POINT (9.720409149000030 52.397383103999999)",Unfall 160233 (2022) Kat:3, Licht: 0,160233,3,3,5,07,07,2,,0,0,1,0,0
"POINT (9.450991074000060 52.507931587000002)",Unfall 160236 (2022) Kat:3, Licht: 0,160236,3,3,5,07,13,7,,0,0,1,0,0
"POINT (9.772696871000051 52.361393872000100)",Unfall 160244 (2022) Kat:3, Licht: 1,160244,3,2,5,07,21,4,,1,1,1,0,0
"POINT (9.707968408000060 52.376417735000103)",Unfall 160253 (2022) Kat:3, Licht: 0,160253,3,3,5,07,07,3,,0,1,1,0,0
"POINT (9.804135113000029 52.420867860999998)",Unfall 160257 (2022) Kat:3, Licht: 0,160257,3,6,0,07,18,1,,0,0,0,1,0
"POINT (9.799218167000051 52.307615953000003)",Unfall 160264 (2022) Kat:3, Licht: 0,160264,3,2,5,07,14,4,,0,1,1,0,0
"POINT (9.744441657000040 52.395147723999997)",Unfall 160268 (2022) Kat:3, Licht: 0,160268,3,2,5,07,19,3,,0,0,1,0,0
"POINT (9.414050635000020 52.430693575000099)",Unfall 160270 (2022) Kat:3, Licht: 0,160270,3,7,0,07,12,7,,0,1,0,0,0
"POINT (9.734766100000060 52.373199485000001)",Unfall 160271 (2022) Kat:3, Licht: 0,160271,3,7,3,07,16,6,,0,1,1,0,0
"POINT (9.606259389000060 52.431761639000101)",Unfall 160272 (2022) Kat:3, Licht: 0,160272,3,7,0,08,17,3,,0,1,0,0,0
"POINT (9.859400235000070 52.487423093000103)",Unfall 160275 (2022) Kat:3, Licht: 0,160275,3,3,5,07,16,3,,0,0,1,0,0
"POINT (9.752800180000071 52.370141613999998)",Unfall 160278 (2022) Kat:3, Licht: 0,160278,3,6,0,07,18,1,,0,0,1,0,0
"POINT (9.742958889000020 52.379295806000101)",Unfall 160291 (2022) Kat:3, Licht: 0,160291,3,2,6,07,14,4,,0,0,1,1,0
"POINT (9.733634957000049 52.399003231000101)",Unfall 160292 (2022) Kat:3, Licht: 0,160292,3,3,5,07,17,6,,0,0,1,0,1
"POINT (10.202730870000000 52.464046720000098)",Unfall 160296 (2022) Kat:3, Licht: 0,160296,3,4,6,08,16,3,,0,0,1,1,0
"POINT (9.719854875000070 52.368032261000103)",Unfall 160311 (2022) Kat:3, Licht: 0,160311,3,2,5,07,12,6,,0,1,1,0,0
"POINT (9.745806825000050 52.321901031000003)",Unfall 160324 (2022) Kat:3, Licht: 0,160324,3,7,0,07,09,2,,0,0,1,0,0
"POINT (9.742649414000031 52.369840207000003)",Unfall 160332 (2022) Kat:3, Licht: 0,160332,3,6,6,07,16,4,,0,0,0,1,0
"POINT (9.466002191000030 52.316721492000099)",Unfall 160336 (2022) Kat:3, Licht: 0,160336,3,6,2,07,18,5,,0,0,1,0,0
"POINT (9.696098000000060 52.328958356999998)",Unfall 160342 (2022) Kat:2, Licht: 0,160342,2,1,0,07,14,6,,0,0,0,0,0
"POINT (9.721883482000070 52.378825998000103)",Unfall 160350 (2022) Kat:3, Licht: 0,160350,3,1,0,07,16,5,,0,0,1,0,0
"POINT (9.697450627000020 52.391915545000103)",Unfall 160359 (2022) Kat:3, Licht: 2,160359,3,2,5,07,01,2,,2,0,0,0,0
"POINT (9.791881116000070 52.402701250000099)",Unfall 160363 (2022) Kat:3, Licht: 0,160363,3,6,3,07,17,6,,0,0,1,0,0
"POINT (9.790463294000061 52.328698851000098)",Unfall 160365 (2022) Kat:3, Licht: 0,160365,3,3,5,07,12,4,,0,0,1,0,0
"POINT (9.675883051000030 52.396806300000001)",Unfall 160366 (2022) Kat:3, Licht: 0,160366,3,6,4,07,14,3,,0,1,0,0,0
"POINT (9.598058356000021 52.420597800000102)",Unfall 160375 (2022) Kat:2, Licht: 0,160375,2,2,2,07,14,7,,0,0,1,0,1
"POINT (9.721901105000031 52.382448065000098)",Unfall 160389 (2022) Kat:3, Licht: 2,160389,3,7,0,07,00,6,,2,1,0,0,0
"POINT (9.855261665000061 52.437047536000101)",Unfall 160396 (2022) Kat:3, Licht: 0,160396,3,5,0,07,13,3,,0,1,1,0,0
"POINT (9.835586598000081 52.351692220000103)",Unfall 160398 (2022) Kat:2, Licht: 0,160398,2,3,5,07,14,1,,0,1,1,0,0
"POINT (9.607472356000070 52.311545355000099)",Unfall 160399 (2022) Kat:3, Licht: 2,160399,3,1,0,07,01,1,,2,1,0,0,0
"POINT (9.738342702000070 52.435970656999999)",Unfall 160410 (2022) Kat:2, Licht: 0,160410,2,1,0,07,18,7,,0,1,0,0,0
"POINT (9.829018052000039 52.332688202999996)",Unfall 160413 (2022) Kat:3, Licht: 0,160413,3,1,0,07,15,7,,0,1,0,0,0
"POINT (9.760295382000040 52.375458977999998)",Unfall 160421 (2022) Kat:3, Licht: 0,160421,3,3,5,07,13,4,,0,1,1,0,0
"POINT (9.712871240000030 52.372467771000103)",Unfall 160425 (2022) Kat:3, Licht: 1,160425,3,2,4,07,21,3,,1,1,1,0,0
"POINT (9.764847496000071 52.379571865999999)",Unfall 160426 (2022) Kat:3, Licht: 1,160426,3,3,5,07,05,2,,1,0,1,0,0
"POINT (9.978930731000050 52.376222517000002)",Unfall 160433 (2022) Kat:3, Licht: 0,160433,3,7,0,07,16,5,,0,1,0,0,0
"POINT (9.775108882000040 52.334602163000099)",Unfall 160436 (2022) Kat:3, Licht: 2,160436,3,7,8,07,01,4,,2,0,1,0,0
"POINT (9.414041717000030 52.430704376000101)",Unfall 160437 (2022) Kat:3, Licht: 0,160437,3,7,7,07,11,6,,0,1,0,0,0
"POINT (9.727127217000030 52.370140603000003)",Unfall 160442 (2022) Kat:3, Licht: 0,160442,3,3,5,07,08,7,,0,1,1,0,0
"POINT (9.487104277000070 52.304582818000000)",Unfall 160446 (2022) Kat:3, Licht: 0,160446,3,3,5,07,07,3,,0,0,1,0,0
"POINT (9.753510039000050 52.441530088000000)",Unfall 160451 (2022) Kat:3, Licht: 0,160451,3,3,5,07,10,5,,0,1,1,0,0
"POINT (9.774460116000061 52.371360482999997)",Unfall 160467 (2022) Kat:3, Licht: 0,160467,3,7,0,07,09,6,,0,1,0,0,0
"POINT (9.677762377000020 52.395713022000102)",Unfall 160469 (2022) Kat:3, Licht: 0,160469,3,6,2,07,17,4,,0,0,1,0,0
"POINT (9.701342879000039 52.365622384000098)",Unfall 160477 (2022) Kat:3, Licht: 0,160477,3,7,0,07,18,7,,0,0,1,1,0
"POINT (9.740794712000019 52.411707302000103)",Unfall 160480 (2022) Kat:3, Licht: 0,160480,3,7,1,07,09,5,,0,1,1,0,0
"POINT (9.748801977000030 52.390427375999998)",Unfall 160490 (2022) Kat:2, Licht: 0,160490,2,6,4,07,16,2,,0,1,0,0,0
"POINT (9.441704762000031 52.420224208000000)",Unfall 160491 (2022) Kat:2, Licht: 0,160491,2,7,5,07,08,5,,0,1,1,0,0
"POINT (9.606677443000020 52.311444779000098)",Unfall 160501 (2022) Kat:3, Licht: 0,160501,3,6,4,09,13,6,,0,1,0,0,0
"POINT (9.705420827000070 52.376442213000097)",Unfall 160510 (2022) Kat:2, Licht: 0,160510,2,5,3,09,15,5,,0,1,1,0,0
"POINT (9.808716954000030 52.386160372000099)",Unfall 160515 (2022) Kat:3, Licht: 0,160515,3,6,2,08,16,4,,0,0,1,0,0
"POINT (9.763014495000050 52.342367609000100)",Unfall 160516 (2022) Kat:3, Licht: 0,160516,3,3,5,09,16,7,,0,0,1,0,1
"POINT (9.468127596000040 52.305924648000001)",Unfall 160525 (2022) Kat:3, Licht: 0,160525,3,3,5,08,16,5,,0,1,0,0,0
"POINT (9.780190508000031 52.343337237000100)",Unfall 160528 (2022) Kat:3, Licht: 0,160528,3,5,0,08,17,1,,0,1,0,0,0
"POINT (9.961826439000051 52.389579175000101)",Unfall 160535 (2022) Kat:2, Licht: 0,160535,2,2,5,08,08,5,,0,0,1,0,0
"POINT (9.702071468000041 52.366572042000001)",Unfall 160536 (2022) Kat:3, Licht: 0,160536,3,2,2,08,16,4,,0,1,1,0,0
"POINT (9.739960862000030 52.377158677000097)",Unfall 160542 (2022) Kat:2, Licht: 0,160542,2,7,0,08,16,7,,0,1,0,0,0
"POINT (9.780968608000020 52.401778496000098)",Unfall 160544 (2022) Kat:3, Licht: 0,160544,3,2,5,08,06,3,,0,0,1,0,0
"POINT (9.737203567000050 52.384516069000000)",Unfall 160553 (2022) Kat:2, Licht: 0,160553,2,3,5,08,12,4,,0,1,1,0,0
"POINT (9.806707567000050 52.414028288000097)",Unfall 160554 (2022) Kat:3, Licht: 0,160554,3,2,2,09,13,7,,0,0,1,0,0
"POINT (9.764254325000021 52.333258307000101)",Unfall 160561 (2022) Kat:3, Licht: 0,160561,3,6,4,09,18,5,,0,1,1,0,0
"POINT (9.643616001000050 52.316804118000100)",Unfall 160563 (2022) Kat:3, Licht: 1,160563,3,3,5,08,19,2,,1,1,0,0,0
"POINT (9.739917377000040 52.366634091999998)",Unfall 160564 (2022) Kat:3, Licht: 0,160564,3,1,9,08,13,6,,0,0,1,0,0
"POINT (9.765324013000050 52.378164648999999)",Unfall 160568 (2022) Kat:3, Licht: 0,160568,3,3,5,08,12,2,,0,0,1,0,0
"POINT (9.701630973000020 52.408708071000000)",Unfall 160570 (2022) Kat:3, Licht: 0,160570,3,3,5,08,15,2,,0,1,1,0,0
"POINT (9.714396769000070 52.342331500000100)",Unfall 160578 (2022) Kat:2, Licht: 0,160578,2,2,5,08,11,7,,0,1,1,0,0
"POINT (9.827157106000071 52.342386938000097)",Unfall 160583 (2022) Kat:3, Licht: 0,160583,3,3,5,08,07,5,,0,1,0,0,1
"POINT (9.669981697000029 52.361483681999999)",Unfall 160584 (2022) Kat:2, Licht: 0,160584,2,4,6,08,11,4,,0,0,1,1,0
"POINT (9.447920802000059 52.369171121000100)",Unfall 160596 (2022) Kat:2, Licht: 1,160596,2,6,3,08,05,5,,1,1,1,0,0
"POINT (9.771828259000070 52.338773224000100)",Unfall 160598 (2022) Kat:3, Licht: 0,160598,3,2,4,09,18,5,,0,1,1,0,0
"POINT (9.614646788000069 52.446581082000101)",Unfall 160604 (2022) Kat:2, Licht: 0,160604,2,4,6,08,07,4,,0,0,1,1,0
"POINT (9.496384027000030 52.358059267000002)",Unfall 160608 (2022) Kat:3, Licht: 0,160608,3,7,1,08,08,4,,0,0,1,0,0
"POINT (9.655829977000050 52.408718639000000)",Unfall 160623 (2022) Kat:3, Licht: 1,160623,3,7,0,08,06,6,,1,0,1,0,0
"POINT (9.693893015000070 52.361324903000103)",Unfall 160635 (2022) Kat:3, Licht: 0,160635,3,7,0,09,11,1,,0,0,0,0,0
"POINT (9.688216335000050 52.378105701000003)",Unfall 160639 (2022) Kat:3, Licht: 0,160639,3,5,1,08,07,7,,0,1,1,0,0
"POINT (9.807023125000059 52.302844509000103)",Unfall 160650 (2022) Kat:3, Licht: 0,160650,3,3,5,09,14,5,,0,1,1,0,0
"POINT (9.829737010000031 52.333651421000098)",Unfall 160652 (2022) Kat:3, Licht: 0,160652,3,7,0,08,13,4,,0,1,0,0,0
"POINT (9.740956242000040 52.410991848000002)",Unfall 160659 (2022) Kat:3, Licht: 0,160659,3,7,0,08,18,2,,0,1,0,0,0
"POINT (9.739978813000050 52.383031077000098)",Unfall 160662 (2022) Kat:3, Licht: 0,160662,3,3,0,08,05,4,,0,0,1,0,0
"POINT (9.773814643000041 52.350027700000098)",Unfall 160666 (2022) Kat:3, Licht: 0,160666,3,6,3,09,13,6,,0,1,0,0,0
"POINT (9.730172752000041 52.368593716000099)",Unfall 160667 (2022) Kat:3, Licht: 0,160667,3,3,5,08,20,7,,0,1,1,0,0
"POINT (9.803479236000040 52.481434336000099)",Unfall 160669 (2022) Kat:2, Licht: 0,160669,2,7,0,08,17,1,,0,1,0,0,0
"POINT (9.466454005000060 52.316633046000000)",Unfall 160674 (2022) Kat:3, Licht: 0,160674,3,3,5,09,10,5,,0,0,1,0,0
"POINT (9.864970416000061 52.497124354999997)",Unfall 160678 (2022) Kat:3, Licht: 0,160678,3,7,0,08,17,7,,0,1,0,0,0
"POINT (9.603751272000070 52.424087104000101)",Unfall 160679 (2022) Kat:3, Licht: 0,160679,3,7,7,08,10,4,,0,1,0,0,0
"POINT (9.827854448000039 52.426869822000100)",Unfall 160680 (2022) Kat:3, Licht: 0,160680,3,2,4,09,10,7,,0,0,1,0,0
"POINT (9.549347100000031 52.208222713000097)",Unfall 160683 (2022) Kat:3, Licht: 0,160683,3,3,5,08,14,5,,0,1,1,0,0
"POINT (9.790356957000030 52.377604718999997)",Unfall 160692 (2022) Kat:3, Licht: 0,160692,3,1,0,08,09,7,,0,0,0,0,0
"POINT (9.732173511000040 52.404984872999997)",Unfall 160694 (2022) Kat:3, Licht: 0,160694,3,3,5,08,18,6,,0,1,1,0,0
"POINT (9.755338122000071 52.390076088999997)",Unfall 160696 (2022) Kat:3, Licht: 0,160696,3,6,3,08,19,3,,0,1,0,0,0
"POINT (9.729235700000061 52.374355993999998)",Unfall 160702 (2022) Kat:3, Licht: 1,160702,3,2,5,08,20,4,,1,1,1,0,0
"POINT (10.006323410000000 52.488406613999999)",Unfall 160704 (2022) Kat:3, Licht: 0,160704,3,7,1,08,17,5,,0,0,1,0,0
"POINT (9.708530298000030 52.438735424000100)",Unfall 160706 (2022) Kat:3, Licht: 0,160706,3,3,5,08,08,4,,0,1,1,0,0
"POINT (9.809508248000039 52.305203468000101)",Unfall 160709 (2022) Kat:3, Licht: 0,160709,3,2,6,08,12,2,,0,0,1,1,0
"POINT (9.792105878000029 52.329239696999998)",Unfall 160720 (2022) Kat:3, Licht: 0,160720,3,6,3,08,17,3,,0,1,1,0,0
"POINT (9.772340062000071 52.397843454000103)",Unfall 160725 (2022) Kat:3, Licht: 0,160725,3,6,2,08,13,5,,0,0,1,0,0
"POINT (9.714554153000050 52.371521630000103)",Unfall 160726 (2022) Kat:3, Licht: 0,160726,3,6,3,08,18,7,,0,0,1,0,0
"POINT (9.762058186000051 52.392712962000097)",Unfall 160727 (2022) Kat:3, Licht: 0,160727,3,2,5,09,08,5,,0,0,1,0,1
"POINT (9.834081897000029 52.347418443000002)",Unfall 160738 (2022) Kat:3, Licht: 0,160738,3,5,1,08,18,4,,0,1,1,0,0
"POINT (9.597463142000040 52.418826938000102)",Unfall 160746 (2022) Kat:3, Licht: 0,160746,3,3,5,08,17,2,,0,1,1,0,0
"POINT (9.655157596000040 52.348366759999998)",Unfall 160750 (2022) Kat:3, Licht: 0,160750,3,3,5,08,14,4,,0,0,1,0,0
"POINT (9.718276776000041 52.396626640000100)",Unfall 160759 (2022) Kat:3, Licht: 2,160759,3,7,0,09,23,6,,2,0,1,0,0
"POINT (9.746304407000030 52.381123318000000)",Unfall 160777 (2022) Kat:3, Licht: 0,160777,3,5,1,08,14,5,,0,1,1,0,0
"POINT (9.816986792000019 52.407793138999999)",Unfall 160780 (2022) Kat:3, Licht: 0,160780,3,3,5,08,15,3,,0,1,1,0,0
"POINT (9.567459050000020 52.215417420999998)",Unfall 160782 (2022) Kat:3, Licht: 0,160782,3,3,5,08,17,2,,0,0,1,0,0
"POINT (9.732715837000059 52.379250361000103)",Unfall 160784 (2022) Kat:3, Licht: 0,160784,3,5,1,08,14,4,,0,1,1,0,0
"POINT (9.728595359000050 52.394554997999997)",Unfall 160786 (2022) Kat:3, Licht: 0,160786,3,6,2,08,19,2,,0,0,1,0,0
"POINT (9.451463371000051 52.499360866000103)",Unfall 160787 (2022) Kat:2, Licht: 0,160787,2,3,5,08,10,2,,0,1,1,0,0
"POINT (10.082707813000100 52.484024171000002)",Unfall 160794 (2022) Kat:2, Licht: 0,160794,2,1,0,08,11,1,,0,1,0,0,0
"POINT (9.738207641000029 52.374588502000101)",Unfall 160802 (2022) Kat:3, Licht: 2,160802,3,7,0,09,04,1,,2,0,0,0,0
"POINT (9.735468909000080 52.303154603999999)",Unfall 160808 (2022) Kat:3, Licht: 0,160808,3,3,5,08,11,3,,0,1,0,0,0
"POINT (9.751239109000039 52.372416823000002)",Unfall 160809 (2022) Kat:3, Licht: 0,160809,3,7,0,08,20,1,,0,1,0,0,0
"POINT (9.704120657000029 52.374571603000000)",Unfall 160811 (2022) Kat:3, Licht: 2,160811,3,7,0,08,01,6,,2,1,0,0,0
"POINT (9.512633534000029 52.405520516000102)",Unfall 160815 (2022) Kat:2, Licht: 0,160815,2,3,5,08,20,6,,0,1,1,0,0
"POINT (9.781460547000050 52.421767444000103)",Unfall 160824 (2022) Kat:2, Licht: 0,160824,2,1,0,08,07,3,,0,1,0,0,0
"POINT (9.727534416000029 52.382366004000097)",Unfall 160830 (2022) Kat:3, Licht: 2,160830,3,3,5,08,21,6,,2,0,1,0,0
"POINT (9.660950125000060 52.404419599999997)",Unfall 160831 (2022) Kat:3, Licht: 0,160831,3,6,3,09,18,5,,0,1,1,0,0
"POINT (9.711568474000050 52.370858801000097)",Unfall 160832 (2022) Kat:3, Licht: 0,160832,3,6,2,08,08,2,,0,0,1,0,0
"POINT (9.851746515000061 52.431397816000100)",Unfall 160834 (2022) Kat:2, Licht: 2,160834,2,4,6,08,23,2,,2,0,1,1,0
"POINT (9.984309284000060 52.454662818000003)",Unfall 160836 (2022) Kat:3, Licht: 0,160836,3,7,8,08,16,4,,0,1,0,0,0
"POINT (9.751808282000070 52.421057888000099)",Unfall 160837 (2022) Kat:2, Licht: 2,160837,2,4,6,09,23,7,,2,0,1,1,0
"POINT (9.765562792000029 52.418561265999998)",Unfall 160838 (2022) Kat:3, Licht: 2,160838,3,6,3,08,21,2,,2,0,1,0,0
"POINT (9.828169430000059 52.427906260999997)",Unfall 160839 (2022) Kat:3, Licht: 0,160839,3,7,4,08,15,2,,0,0,1,0,0
"POINT (9.704733592000030 52.374397601000098)",Unfall 160842 (2022) Kat:2, Licht: 2,160842,2,7,0,08,23,6,,2,1,0,0,0
"POINT (9.740082298000059 52.366997370000000)",Unfall 160859 (2022) Kat:3, Licht: 0,160859,3,2,5,08,12,3,,0,1,0,1,0
"POINT (9.683459019000050 52.395778162000099)",Unfall 160868 (2022) Kat:3, Licht: 0,160868,3,2,5,08,14,6,,0,1,1,0,0
"POINT (9.716707260000019 52.362185169999997)",Unfall 160869 (2022) Kat:3, Licht: 0,160869,3,2,2,08,18,2,,0,0,1,0,0
"POINT (9.692231799000069 52.351951882999998)",Unfall 160880 (2022) Kat:3, Licht: 0,160880,3,3,5,08,09,5,,0,1,0,0,0
"POINT (9.792687708000070 52.396947320999999)",Unfall 160883 (2022) Kat:3, Licht: 2,160883,3,2,2,08,21,4,,2,1,1,0,0
"POINT (9.784374574000029 52.326140352000003)",Unfall 160888 (2022) Kat:3, Licht: 2,160888,3,6,0,08,22,6,,2,0,1,0,0
"POINT (9.736488803000039 52.371309646999997)",Unfall 160895 (2022) Kat:3, Licht: 2,160895,3,1,0,08,05,1,,2,0,0,0,0
"POINT (9.830178355000040 52.334231172000003)",Unfall 160907 (2022) Kat:3, Licht: 0,160907,3,6,0,08,18,2,,0,0,1,0,0
"POINT (9.740026209000060 52.367310175000100)",Unfall 160908 (2022) Kat:3, Licht: 2,160908,3,7,0,08,22,7,,2,1,0,0,0
"POINT (9.700348222000059 52.326618386000099)",Unfall 160911 (2022) Kat:3, Licht: 0,160911,3,3,5,08,19,3,,0,1,0,0,0
"POINT (9.733031990000031 52.437867224999998)",Unfall 160923 (2022) Kat:3, Licht: 0,160923,3,5,4,08,19,2,,0,1,1,0,0
"POINT (9.819880567000039 52.357727551000004)",Unfall 160934 (2022) Kat:3, Licht: 2,160934,3,7,0,08,22,3,,2,1,0,0,0
"POINT (9.739229214000030 52.383768086000003)",Unfall 160935 (2022) Kat:3, Licht: 2,160935,3,5,1,08,22,3,,2,1,1,0,0
"POINT (9.712705841000060 52.366872331000103)",Unfall 160937 (2022) Kat:3, Licht: 0,160937,3,1,0,08,13,6,,0,1,0,0,0
"POINT (9.714155475000039 52.342207452000103)",Unfall 160945 (2022) Kat:3, Licht: 0,160945,3,3,5,09,10,6,,0,1,1,0,0
"POINT (9.694443199000030 52.404420342999998)",Unfall 160954 (2022) Kat:3, Licht: 0,160954,3,3,5,08,09,7,,0,1,1,0,0
"POINT (9.984600013000030 52.368993279000101)",Unfall 160963 (2022) Kat:3, Licht: 0,160963,3,4,6,08,14,3,,0,0,1,1,0
"POINT (9.710443404000049 52.360253720999999)",Unfall 160970 (2022) Kat:3, Licht: 0,160970,3,6,2,08,10,5,,0,0,1,0,0
"POINT (9.666500308000019 52.384821784000103)",Unfall 160974 (2022) Kat:3, Licht: 0,160974,3,1,0,08,17,2,,0,1,0,0,0
"POINT (9.751106414000050 52.375265980000101)",Unfall 160984 (2022) Kat:3, Licht: 0,160984,3,6,2,08,13,3,,0,0,1,0,0
"POINT (9.731719894000040 52.344770887999999)",Unfall 160988 (2022) Kat:3, Licht: 0,160988,3,7,0,08,15,3,,0,1,0,0,0
"POINT (9.750073582000031 52.450577353000000)",Unfall 160991 (2022) Kat:2, Licht: 0,160991,2,3,5,08,17,6,,0,0,1,0,0
"POINT (9.590540534000070 52.419530141000102)",Unfall 160997 (2022) Kat:3, Licht: 0,160997,3,2,5,08,11,4,,0,0,1,0,1
"POINT (9.820775663000060 52.388307516000097)",Unfall 160998 (2022) Kat:3, Licht: 0,160998,3,3,5,09,09,7,,0,1,1,0,0
"POINT (9.713347282000029 52.371426151999998)",Unfall 161001 (2022) Kat:3, Licht: 1,161001,3,7,0,08,22,4,,1,1,0,0,0
"POINT (9.526977681000060 52.409219753000102)",Unfall 161007 (2022) Kat:3, Licht: 0,161007,3,6,3,08,15,1,,0,0,1,0,0
"POINT (9.775680083000051 52.396703383000002)",Unfall 161010 (2022) Kat:3, Licht: 0,161010,3,1,0,08,10,2,,0,0,0,0,1
"POINT (9.730925715000071 52.395068027999997)",Unfall 161014 (2022) Kat:2, Licht: 0,161014,2,5,0,08,17,2,,0,1,0,0,0
"POINT (9.750605110000039 52.375541397000099)",Unfall 161017 (2022) Kat:3, Licht: 0,161017,3,6,2,08,17,2,,0,0,1,0,0
"POINT (9.706087705000069 52.403292682000000)",Unfall 161018 (2022) Kat:3, Licht: 0,161018,3,3,5,08,14,4,,0,1,1,0,0
"POINT (9.970895279000050 52.373112191000097)",Unfall 161021 (2022) Kat:3, Licht: 0,161021,3,7,8,08,10,5,,0,0,1,0,0
"POINT (9.739877344000041 52.377085216000097)",Unfall 161025 (2022) Kat:3, Licht: 1,161025,3,1,0,08,05,7,,1,0,0,0,0
"POINT (9.800593331000069 52.335214952000101)",Unfall 161031 (2022) Kat:3, Licht: 1,161031,3,3,5,08,05,4,,1,1,1,0,0
"POINT (9.736715256000020 52.420968802000097)",Unfall 161044 (2022) Kat:3, Licht: 0,161044,3,6,2,09,18,5,,0,0,1,0,0
"POINT (9.789783013000029 52.410253978000100)",Unfall 161049 (2022) Kat:3, Licht: 0,161049,3,3,5,08,06,5,,0,0,1,0,0
"POINT (9.769117806000050 52.358429194000102)",Unfall 161050 (2022) Kat:3, Licht: 0,161050,3,7,0,08,08,4,,0,1,0,0,0
"POINT (9.675146749000019 52.397210551000100)",Unfall 161057 (2022) Kat:3, Licht: 0,161057,3,6,4,08,17,5,,0,1,0,0,0
"POINT (9.739602256000071 52.391826569999999)",Unfall 161061 (2022) Kat:3, Licht: 0,161061,3,1,0,08,18,1,,0,0,0,0,1
"POINT (9.688666780000061 52.401172600000102)",Unfall 161071 (2022) Kat:3, Licht: 0,161071,3,7,0,08,13,7,,0,1,0,0,0
"POINT (9.733097462000050 52.344937530999999)",Unfall 161072 (2022) Kat:3, Licht: 0,161072,3,7,7,09,13,5,,0,1,0,0,0
"POINT (9.718199313000071 52.374730342000099)",Unfall 161076 (2022) Kat:3, Licht: 0,161076,3,7,0,08,18,1,,0,1,0,0,0
"POINT (9.714484027000029 52.371235699000103)",Unfall 161082 (2022) Kat:3, Licht: 0,161082,3,6,2,08,12,3,,0,0,1,0,0
"POINT (9.704967380000030 52.374316856000100)",Unfall 161091 (2022) Kat:3, Licht: 0,161091,3,7,0,08,20,3,,0,1,0,0,0
"POINT (9.793394237000030 52.332807955000099)",Unfall 161093 (2022) Kat:3, Licht: 0,161093,3,1,0,08,18,6,,0,0,0,0,0
"POINT (9.704811882000060 52.374456336000001)",Unfall 161100 (2022) Kat:3, Licht: 0,161100,3,5,0,08,14,5,,0,1,1,0,0
"POINT (9.810368822000040 52.301165632999997)",Unfall 161106 (2022) Kat:3, Licht: 0,161106,3,4,6,08,17,4,,0,0,1,1,0
"POINT (9.757698575000060 52.343101395000097)",Unfall 161112 (2022) Kat:3, Licht: 0,161112,3,5,0,09,16,6,,0,0,1,0,1
"POINT (9.351947380000070 52.390540745000102)",Unfall 161113 (2022) Kat:3, Licht: 0,161113,3,7,0,08,12,1,,0,1,0,0,0
"POINT (9.712249995000040 52.317290534000101)",Unfall 161124 (2022) Kat:3, Licht: 0,161124,3,6,4,08,17,7,,0,1,1,0,0
"POINT (9.720184611000040 52.354723214000003)",Unfall 161125 (2022) Kat:3, Licht: 1,161125,3,1,0,08,22,4,,1,1,0,0,0
"POINT (9.599622286000059 52.317744708000099)",Unfall 161130 (2022) Kat:3, Licht: 0,161130,3,6,2,08,10,6,,0,0,1,0,0
"POINT (9.693820083000050 52.361749961000001)",Unfall 161131 (2022) Kat:3, Licht: 0,161131,3,5,1,08,17,6,,0,1,1,0,0
"POINT (9.470351653000019 52.504453648999998)",Unfall 161134 (2022) Kat:3, Licht: 0,161134,3,6,2,08,18,5,,0,0,1,0,0
"POINT (9.663683150000050 52.380121039000102)",Unfall 161144 (2022) Kat:3, Licht: 1,161144,3,3,5,08,21,5,,1,0,1,0,0
"POINT (9.735665128000051 52.384284186999999)",Unfall 161145 (2022) Kat:2, Licht: 2,161145,2,1,8,08,22,6,,2,0,0,0,1
"POINT (10.011397907000100 52.439866010999999)",Unfall 161146 (2022) Kat:3, Licht: 0,161146,3,3,5,08,17,2,,0,0,1,0,1
"POINT (9.742816692000080 52.440130773000099)",Unfall 161160 (2022) Kat:3, Licht: 0,161160,3,7,4,08,13,1,,0,0,1,0,0
"POINT (9.733281670000050 52.326946063999998)",Unfall 161161 (2022) Kat:3, Licht: 0,161161,3,5,4,09,18,6,,0,1,0,0,0
"POINT (9.287653586000030 52.487837282000001)",Unfall 161168 (2022) Kat:3, Licht: 0,161168,3,2,4,08,13,3,,0,1,1,0,0
"POINT (9.737303367000040 52.375696212000001)",Unfall 161175 (2022) Kat:3, Licht: 0,161175,3,7,6,08,15,4,,0,0,0,1,0
"POINT (9.602611681000040 52.413637399999999)",Unfall 161192 (2022) Kat:3, Licht: 2,161192,3,4,6,08,01,1,,2,0,1,1,0
"POINT (9.764019579000029 52.261705835000001)",Unfall 161195 (2022) Kat:3, Licht: 0,161195,3,7,0,08,13,4,,0,0,1,1,0
"POINT (9.735061791000019 52.380271064000098)",Unfall 161199 (2022) Kat:3, Licht: 0,161199,3,2,5,09,11,6,,0,1,1,0,0
"POINT (9.353654883000051 52.453599962000098)",Unfall 161200 (2022) Kat:3, Licht: 0,161200,3,3,5,08,15,3,,0,1,0,0,0
"POINT (9.690462205000070 52.350733677999997)",Unfall 161218 (2022) Kat:3, Licht: 0,161218,3,1,9,08,14,7,,0,0,1,0,0
"POINT (9.690419562000050 52.443525269000098)",Unfall 161219 (2022) Kat:3, Licht: 0,161219,3,1,5,09,14,5,,0,1,0,0,0
"POINT (9.721113031000071 52.370508046000097)",Unfall 161220 (2022) Kat:3, Licht: 0,161220,3,3,5,08,11,3,,0,1,1,0,0
"POINT (9.678603737000060 52.431261887000097)",Unfall 161223 (2022) Kat:2, Licht: 2,161223,2,1,1,08,22,7,,2,0,1,0,0
"POINT (9.727898720000040 52.382485090000003)",Unfall 161224 (2022) Kat:3, Licht: 0,161224,3,5,1,08,11,4,,0,0,1,0,0
"POINT (9.782769632000051 52.334478315000098)",Unfall 161225 (2022) Kat:3, Licht: 2,161225,3,1,0,09,03,7,,2,0,0,0,0
"POINT (9.888980172000061 52.351382604999998)",Unfall 161227 (2022) Kat:3, Licht: 0,161227,3,3,5,08,12,2,,0,1,1,0,0
"POINT (9.731378910000050 52.367577081000000)",Unfall 161231 (2022) Kat:3, Licht: 2,161231,3,1,0,08,01,5,,2,0,0,0,0
"POINT (10.016221543000000 52.440857731000101)",Unfall 161244 (2022) Kat:3, Licht: 0,161244,3,7,0,08,17,3,,0,1,0,0,0
"POINT (9.778681879000031 52.265385512000101)",Unfall 161247 (2022) Kat:3, Licht: 0,161247,3,6,0,08,17,3,,0,1,1,0,0
"POINT (9.651241171000040 52.420272059000098)",Unfall 161248 (2022) Kat:3, Licht: 0,161248,3,7,0,08,11,1,,0,1,0,0,0
"POINT (9.753037652000049 52.377778781000103)",Unfall 161249 (2022) Kat:3, Licht: 0,161249,3,2,5,08,16,3,,0,0,1,0,1
"POINT (9.697077732000031 52.393217037000099)",Unfall 161251 (2022) Kat:3, Licht: 0,161251,3,6,4,09,12,7,,0,1,0,0,0
"POINT (9.597782852000019 52.417526375000101)",Unfall 161256 (2022) Kat:3, Licht: 0,161256,3,7,0,09,10,5,,0,1,0,0,0
"POINT (9.722085977000059 52.382516342000002)",Unfall 161262 (2022) Kat:3, Licht: 1,161262,3,1,1,08,19,4,,1,1,1,0,0
"POINT (9.748927772000060 52.373409097000000)",Unfall 161266 (2022) Kat:3, Licht: 0,161266,3,5,1,08,18,4,,0,1,0,0,0
"POINT (9.749069858000039 52.377800643999997)",Unfall 161274 (2022) Kat:3, Licht: 0,161274,3,3,5,08,14,2,,0,1,0,0,0
"POINT (9.678184544000031 52.343644738000101)",Unfall 161277 (2022) Kat:3, Licht: 0,161277,3,3,5,09,17,7,,0,1,1,0,0
"POINT (9.717173801000060 52.344577333000103)",Unfall 161278 (2022) Kat:3, Licht: 0,161278,3,3,5,08,11,2,,0,1,1,0,0
"POINT (9.806314384000069 52.417213172000103)",Unfall 161279 (2022) Kat:3, Licht: 0,161279,3,3,5,08,16,2,,0,1,1,0,0
"POINT (9.725730372000040 52.397759684000100)",Unfall 161282 (2022) Kat:3, Licht: 0,161282,3,2,5,08,20,6,,0,1,1,0,0
"POINT (9.637751824000080 52.433042651000100)",Unfall 161284 (2022) Kat:3, Licht: 0,161284,3,7,1,08,14,5,,0,0,0,0,1
"POINT (9.718192046000070 52.379692005999999)",Unfall 161288 (2022) Kat:3, Licht: 0,161288,3,5,0,08,15,7,,0,1,1,0,0
"POINT (9.850472682000030 52.388502281999997)",Unfall 161293 (2022) Kat:3, Licht: 0,161293,3,1,0,08,14,5,,0,0,0,0,0
"POINT (9.792483998000019 52.320422438999998)",Unfall 161296 (2022) Kat:3, Licht: 0,161296,3,6,0,08,13,4,,0,1,1,0,0
"POINT (9.779026821000061 52.399484592000100)",Unfall 161297 (2022) Kat:3, Licht: 0,161297,3,6,2,08,16,3,,0,0,1,0,0
"POINT (9.737715872000020 52.372932706000000)",Unfall 161308 (2022) Kat:3, Licht: 0,161308,3,7,6,08,14,5,,0,0,0,1,0
"POINT (9.745384050000039 52.378718818000003)",Unfall 161319 (2022) Kat:3, Licht: 2,161319,3,2,5,08,21,4,,2,1,1,0,0
"POINT (9.561716259000040 52.396886972000097)",Unfall 161324 (2022) Kat:3, Licht: 0,161324,3,7,0,08,15,1,,0,0,1,0,0
"POINT (9.705396614000049 52.367058354999998)",Unfall 161335 (2022) Kat:3, Licht: 2,161335,3,1,0,08,21,5,,2,0,0,0,1
"POINT (9.519723054000050 52.411267164999998)",Unfall 161337 (2022) Kat:3, Licht: 0,161337,3,7,0,08,15,1,,0,0,1,0,0
"POINT (9.742266802000071 52.438004481000100)",Unfall 161339 (2022) Kat:3, Licht: 0,161339,3,7,0,08,06,1,,0,1,0,0,0
"POINT (9.706909301000049 52.376801651999997)",Unfall 161340 (2022) Kat:3, Licht: 0,161340,3,1,0,08,18,1,,0,0,0,0,0
"POINT (9.743697750000020 52.369176600999999)",Unfall 161342 (2022) Kat:3, Licht: 0,161342,3,4,6,08,17,3,,0,1,0,1,0
"POINT (9.745407405000041 52.379064469000099)",Unfall 161351 (2022) Kat:3, Licht: 0,161351,3,3,5,08,16,3,,0,1,0,0,0
"POINT (9.740233760000020 52.372515190999998)",Unfall 161354 (2022) Kat:3, Licht: 0,161354,3,6,0,08,18,6,,0,0,0,1,0
"POINT (9.729615442000069 52.346079963000101)",Unfall 161356 (2022) Kat:3, Licht: 2,161356,3,5,1,08,22,3,,2,1,1,0,0
"POINT (9.998464871000071 52.451271767000001)",Unfall 161359 (2022) Kat:3, Licht: 0,161359,3,2,5,08,09,5,,0,0,1,0,0
"POINT (9.692973299000069 52.392378337000103)",Unfall 161361 (2022) Kat:3, Licht: 0,161361,3,2,4,08,19,2,,0,1,1,0,0
"POINT (9.749728758000060 52.349825054000100)",Unfall 161369 (2022) Kat:3, Licht: 0,161369,3,6,2,08,17,2,,0,0,1,0,0
"POINT (9.795495499000030 52.375659343000102)",Unfall 161375 (2022) Kat:3, Licht: 0,161375,3,3,5,08,14,3,,0,1,1,0,0
"POINT (9.979107765000039 52.327024250000100)",Unfall 161378 (2022) Kat:3, Licht: 2,161378,3,1,8,08,00,1,,2,0,1,0,0
"POINT (9.762058806000031 52.379277950000102)",Unfall 161390 (2022) Kat:3, Licht: 0,161390,3,3,5,08,10,6,,0,0,1,0,0
"POINT (9.727713376000050 52.376847249000001)",Unfall 161394 (2022) Kat:3, Licht: 0,161394,3,1,0,08,15,2,,0,0,0,0,0
"POINT (9.744751384000040 52.367471833000103)",Unfall 161395 (2022) Kat:3, Licht: 0,161395,3,3,5,08,18,4,,0,1,1,0,0
"POINT (9.760551961000029 52.369476867000103)",Unfall 161398 (2022) Kat:3, Licht: 0,161398,3,6,4,08,13,6,,0,1,0,0,0
"POINT (9.762735997000050 52.344420206999999)",Unfall 161404 (2022) Kat:3, Licht: 0,161404,3,3,5,08,17,2,,0,1,1,0,0
"POINT (9.751163953000059 52.387350707000103)",Unfall 161408 (2022) Kat:3, Licht: 0,161408,3,2,6,08,11,3,,0,0,0,1,0
"POINT (9.611022965000069 52.312559553000000)",Unfall 161409 (2022) Kat:2, Licht: 0,161409,2,1,0,08,19,3,,0,0,0,0,1
"POINT (9.815634057000070 52.307550171000102)",Unfall 161417 (2022) Kat:3, Licht: 2,161417,3,7,0,08,21,3,,2,0,0,0,0
"POINT (9.734971429000041 52.297733850000000)",Unfall 161422 (2022) Kat:3, Licht: 0,161422,3,7,7,08,11,2,,0,1,0,0,0
"POINT (9.723985226000019 52.394134488000098)",Unfall 161426 (2022) Kat:3, Licht: 0,161426,3,6,3,08,06,4,,0,0,1,0,1
"POINT (9.699348761000071 52.440007271000098)",Unfall 161430 (2022) Kat:3, Licht: 2,161430,3,7,0,08,02,7,,2,0,1,0,0
"POINT (9.719056283000040 52.374277758000098)",Unfall 161444 (2022) Kat:3, Licht: 2,161444,3,1,0,08,01,5,,2,0,0,0,0
"POINT (9.425759047000041 52.575316009000097)",Unfall 161445 (2022) Kat:3, Licht: 0,161445,3,1,0,08,11,4,,0,1,0,0,0
"POINT (9.755821790000031 52.342635347000098)",Unfall 161457 (2022) Kat:3, Licht: 0,161457,3,2,4,08,19,1,,0,1,0,0,0
"POINT (9.739956298000040 52.369120989000102)",Unfall 161461 (2022) Kat:3, Licht: 2,161461,3,3,5,08,23,5,,2,0,1,0,0
"POINT (9.762257004000050 52.411435852000103)",Unfall 161467 (2022) Kat:3, Licht: 0,161467,3,3,5,09,07,6,,0,1,1,0,0
"POINT (9.804756617000070 52.396799930999997)",Unfall 161478 (2022) Kat:3, Licht: 0,161478,3,3,5,08,09,4,,0,1,1,0,0
"POINT (9.725633277000041 52.397851287999998)",Unfall 161479 (2022) Kat:3, Licht: 0,161479,3,2,0,08,07,4,,0,0,1,0,1
"POINT (9.800304940000050 52.335120406999998)",Unfall 161481 (2022) Kat:3, Licht: 0,161481,3,3,5,08,10,7,,0,0,1,0,0
"POINT (9.781091307000050 52.403912677000100)",Unfall 161489 (2022) Kat:3, Licht: 0,161489,3,3,5,08,13,6,,0,1,1,0,0
"POINT (9.777456839000020 52.399100967999999)",Unfall 161490 (2022) Kat:3, Licht: 0,161490,3,3,3,09,11,5,,0,1,1,0,0
"POINT (9.730629742000080 52.306761033999997)",Unfall 161492 (2022) Kat:2, Licht: 0,161492,2,3,5,08,14,4,,0,1,1,0,0
"POINT (9.785018534000070 52.391877244000099)",Unfall 161493 (2022) Kat:2, Licht: 0,161493,2,7,0,08,16,7,,0,1,0,0,0
"POINT (9.713401529000070 52.384314955000001)",Unfall 161498 (2022) Kat:3, Licht: 0,161498,3,6,6,08,14,2,,0,1,0,1,0
"POINT (9.747783981000049 52.375616535000098)",Unfall 161499 (2022) Kat:3, Licht: 2,161499,3,3,5,08,22,2,,2,0,1,0,0
"POINT (9.857481963000049 52.365997290000102)",Unfall 161502 (2022) Kat:3, Licht: 0,161502,3,3,5,08,20,4,,0,1,0,0,0
"POINT (9.763328145000060 52.401578852999997)",Unfall 161507 (2022) Kat:3, Licht: 2,161507,3,1,0,08,01,1,,2,1,0,0,0
"POINT (9.768630599000060 52.331941606000001)",Unfall 161511 (2022) Kat:3, Licht: 0,161511,3,1,0,08,18,5,,0,1,0,0,0
"POINT (10.106961627000000 52.494064848999997)",Unfall 161514 (2022) Kat:2, Licht: 0,161514,2,7,9,08,14,4,,0,1,0,0,0
"POINT (9.739242307000040 52.363731119000100)",Unfall 161538 (2022) Kat:3, Licht: 0,161538,3,4,6,08,16,6,,0,1,0,1,0
"POINT (9.602853140000040 52.416853981000003)",Unfall 161545 (2022) Kat:3, Licht: 2,161545,3,7,0,08,22,5,,2,1,0,0,0
"POINT (9.664181090000060 52.356236581000097)",Unfall 161546 (2022) Kat:2, Licht: 0,161546,2,3,5,08,09,4,,0,1,1,0,0
"POINT (9.741800280000060 52.378584730000100)",Unfall 161548 (2022) Kat:3, Licht: 2,161548,3,2,5,08,23,2,,2,0,1,0,0
"POINT (9.704847395000060 52.443018967000100)",Unfall 161550 (2022) Kat:3, Licht: 1,161550,3,2,3,08,05,4,,1,0,1,0,0
"POINT (9.462439281000060 52.508275511000100)",Unfall 161555 (2022) Kat:3, Licht: 2,161555,3,6,4,08,23,1,,2,0,1,0,0
"POINT (9.732465352000080 52.302719409000098)",Unfall 161556 (2022) Kat:3, Licht: 0,161556,3,3,5,09,15,6,,0,1,1,0,0
"POINT (10.010987219000100 52.447790268000098)",Unfall 161569 (2022) Kat:3, Licht: 0,161569,3,7,6,08,19,2,,0,0,1,1,0
"POINT (9.731956041000050 52.377127389000101)",Unfall 161570 (2022) Kat:3, Licht: 0,161570,3,7,0,08,13,7,,0,1,0,0,0
"POINT (9.742146002000030 52.369021627999999)",Unfall 161573 (2022) Kat:3, Licht: 0,161573,3,3,5,08,13,3,,0,1,0,0,0
"POINT (9.739163970000050 52.389663859999999)",Unfall 161575 (2022) Kat:3, Licht: 0,161575,3,2,4,08,17,6,,0,1,1,0,0
"POINT (9.469412754000070 52.426486406000002)",Unfall 161576 (2022) Kat:3, Licht: 0,161576,3,7,0,08,14,6,,0,1,0,0,0
"POINT (9.717110688000050 52.341850563000001)",Unfall 161582 (2022) Kat:3, Licht: 0,161582,3,7,0,08,09,3,,0,0,0,0,0
"POINT (9.709716076000060 52.360208061999998)",Unfall 161599 (2022) Kat:3, Licht: 0,161599,3,6,2,09,18,5,,0,0,1,0,0
"POINT (9.750290176000020 52.376513423000098)",Unfall 161605 (2022) Kat:3, Licht: 0,161605,3,2,5,09,13,6,,0,1,1,0,0
"POINT (9.781461926000080 52.399438530000097)",Unfall 161621 (2022) Kat:3, Licht: 0,161621,3,2,5,09,16,6,,0,0,1,0,0
"POINT (9.542088969000080 52.209938704000102)",Unfall 161628 (2022) Kat:3, Licht: 0,161628,3,3,5,09,17,5,,0,0,1,0,0
"POINT (9.762782389000050 52.339982386000003)",Unfall 161638 (2022) Kat:3, Licht: 0,161638,3,2,5,09,16,6,,0,1,1,0,0
"POINT (9.732601082000031 52.379119973000101)",Unfall 161644 (2022) Kat:3, Licht: 0,161644,3,3,5,09,12,5,,0,0,1,0,0
"POINT (9.781596960000060 52.415641277000098)",Unfall 161645 (2022) Kat:3, Licht: 2,161645,3,2,5,09,20,5,,2,0,0,0,1
"POINT (9.695850021000069 52.409228423999998)",Unfall 161648 (2022) Kat:3, Licht: 0,161648,3,6,2,09,15,3,,0,0,1,0,1
"POINT (9.979131089000081 52.380349748000100)",Unfall 161653 (2022) Kat:2, Licht: 0,161653,2,2,3,09,14,6,,0,0,1,0,0
"POINT (9.738364319000031 52.382149575000000)",Unfall 161655 (2022) Kat:3, Licht: 0,161655,3,6,6,09,11,5,,0,1,0,1,0
"POINT (9.733727033000040 52.362139583999998)",Unfall 161665 (2022) Kat:3, Licht: 0,161665,3,3,5,09,17,5,,0,1,1,0,0
"POINT (9.732565098000070 52.374451069000003)",Unfall 161678 (2022) Kat:3, Licht: 0,161678,3,4,6,10,15,7,,0,0,1,1,0
"POINT (9.761009625000041 52.335998840000101)",Unfall 161679 (2022) Kat:3, Licht: 0,161679,3,1,0,10,14,4,,0,1,0,0,0
"POINT (9.745228678000050 52.380895356000103)",Unfall 161687 (2022) Kat:3, Licht: 0,161687,3,7,0,10,17,3,,0,0,1,0,1
"POINT (9.590549105000040 52.415621360999999)",Unfall 161688 (2022) Kat:3, Licht: 1,161688,3,7,1,09,19,5,,1,0,1,0,1
"POINT (9.746939795000060 52.403953671000103)",Unfall 161693 (2022) Kat:3, Licht: 2,161693,3,5,1,09,23,6,,2,0,1,0,0
"POINT (9.831214383000029 52.361216835999997)",Unfall 161695 (2022) Kat:3, Licht: 0,161695,3,7,0,09,15,3,,0,1,0,0,0
"POINT (9.791174382000071 52.404980927000103)",Unfall 161696 (2022) Kat:3, Licht: 0,161696,3,6,4,09,14,2,,0,1,0,0,0
"POINT (9.757273620000030 52.415196609000098)",Unfall 161699 (2022) Kat:2, Licht: 0,161699,2,7,0,09,10,4,,0,0,0,0,0
"POINT (9.696166188000060 52.336426204000098)",Unfall 161700 (2022) Kat:3, Licht: 0,161700,3,3,5,09,15,6,,0,1,1,0,0
"POINT (9.804146201000041 52.391420246999999)",Unfall 161701 (2022) Kat:3, Licht: 0,161701,3,6,2,09,15,5,,0,0,1,0,0
"POINT (9.804743171000039 52.330508158000001)",Unfall 161706 (2022) Kat:3, Licht: 0,161706,3,7,9,09,16,7,,0,0,1,0,0
"POINT (9.759979665000060 52.364294254000100)",Unfall 161718 (2022) Kat:3, Licht: 0,161718,3,5,1,09,08,2,,0,1,1,0,0
"POINT (9.750180076000049 52.267776136000101)",Unfall 161728 (2022) Kat:3, Licht: 0,161728,3,4,6,10,15,4,,0,0,1,1,0
"POINT (9.643732590000070 52.415131731000002)",Unfall 161729 (2022) Kat:3, Licht: 0,161729,3,6,2,09,10,5,,0,0,1,0,0
"POINT (9.745401076000061 52.378739836000101)",Unfall 161730 (2022) Kat:3, Licht: 0,161730,3,2,3,09,12,6,,0,1,1,0,0
"POINT (9.472678945000039 52.426809868000099)",Unfall 161732 (2022) Kat:3, Licht: 0,161732,3,7,0,10,12,4,,0,1,0,0,0
"POINT (9.429693884000070 52.420895999000003)",Unfall 161737 (2022) Kat:3, Licht: 0,161737,3,4,6,10,15,3,,0,0,1,1,0
"POINT (9.687634903000060 52.380278173000100)",Unfall 161740 (2022) Kat:3, Licht: 0,161740,3,3,5,09,11,6,,0,0,1,0,0
"POINT (9.770150847000020 52.533110886000003)",Unfall 161743 (2022) Kat:3, Licht: 0,161743,3,3,5,09,13,4,,0,1,1,0,0
"POINT (9.961826891000040 52.389579871000102)",Unfall 161760 (2022) Kat:3, Licht: 0,161760,3,3,5,09,15,2,,0,0,1,0,0
"POINT (9.606874050000039 52.436859652000102)",Unfall 161770 (2022) Kat:3, Licht: 0,161770,3,7,2,09,12,4,,0,0,1,0,0
"POINT (9.714529554000020 52.403401508000101)",Unfall 161772 (2022) Kat:3, Licht: 0,161772,3,7,0,09,13,6,,0,0,0,0,1
"POINT (9.756448182000041 52.341531240000101)",Unfall 161774 (2022) Kat:2, Licht: 2,161774,2,6,2,09,19,5,,2,1,0,0,0
"POINT (9.749135633000041 52.377188187000101)",Unfall 161778 (2022) Kat:3, Licht: 1,161778,3,6,3,10,18,4,,1,0,1,0,0
"POINT (9.462302123000031 52.506764793000102)",Unfall 161780 (2022) Kat:3, Licht: 0,161780,3,2,2,09,09,6,,0,0,1,0,1
"POINT (9.413389509000069 52.325333258999997)",Unfall 161781 (2022) Kat:3, Licht: 0,161781,3,5,1,09,13,5,,0,0,1,1,0
"POINT (9.713111482000039 52.448270473999997)",Unfall 161786 (2022) Kat:3, Licht: 0,161786,3,2,5,10,13,3,,0,1,0,0,0
"POINT (9.980126421000019 52.376126878999997)",Unfall 161787 (2022) Kat:3, Licht: 0,161787,3,5,5,09,16,5,,0,0,1,0,0
"POINT (9.695240689000061 52.337646898999999)",Unfall 161793 (2022) Kat:3, Licht: 0,161793,3,6,2,09,07,4,,0,0,1,0,0
"POINT (9.764708307000030 52.261970227000099)",Unfall 161796 (2022) Kat:3, Licht: 0,161796,3,6,2,09,11,7,,0,0,1,0,0
"POINT (9.739268567000069 52.380676118000103)",Unfall 161798 (2022) Kat:3, Licht: 0,161798,3,1,0,09,17,6,,0,1,0,0,0
"POINT (9.824609927000040 52.322480733000098)",Unfall 161815 (2022) Kat:2, Licht: 0,161815,2,1,0,09,09,6,,0,1,0,0,0
"POINT (9.781694620000049 52.400382770000100)",Unfall 161822 (2022) Kat:3, Licht: 2,161822,3,2,2,09,20,6,,2,0,1,0,0
"POINT (9.791678398000039 52.421194233999998)",Unfall 161824 (2022) Kat:3, Licht: 0,161824,3,3,5,09,12,1,,0,1,1,0,0
"POINT (9.568442543000060 52.444003155000097)",Unfall 161838 (2022) Kat:3, Licht: 0,161838,3,1,0,09,09,3,,0,1,0,0,0
"POINT (9.454745535000029 52.306656547999999)",Unfall 161849 (2022) Kat:3, Licht: 2,161849,3,1,0,10,19,4,,2,1,0,0,0
"POINT (9.640054513000051 52.443853292000000)",Unfall 161850 (2022) Kat:3, Licht: 0,161850,3,6,2,09,17,6,,0,0,1,0,0
"POINT (9.611243461000070 52.429768658999997)",Unfall 161860 (2022) Kat:3, Licht: 0,161860,3,2,5,09,16,6,,0,0,1,0,0
"POINT (9.723527644000059 52.314133828000102)",Unfall 161868 (2022) Kat:3, Licht: 0,161868,3,2,5,09,13,5,,0,0,1,0,1
"POINT (10.019465543000001 52.448750346000097)",Unfall 161872 (2022) Kat:3, Licht: 0,161872,3,6,4,09,12,2,,0,1,0,0,0
"POINT (9.699295260000040 52.368697041000097)",Unfall 161875 (2022) Kat:3, Licht: 0,161875,3,6,2,09,15,4,,0,0,1,0,0
"POINT (9.720421567000070 52.391430226000097)",Unfall 161877 (2022) Kat:3, Licht: 0,161877,3,7,0,09,12,4,,0,1,0,0,0
"POINT (9.976245191000030 52.373339706000102)",Unfall 161879 (2022) Kat:3, Licht: 0,161879,3,1,0,09,17,3,,0,1,0,0,0
"POINT (9.808799124000069 52.386036674000103)",Unfall 161880 (2022) Kat:2, Licht: 1,161880,2,3,0,10,18,7,,1,0,1,0,0
"POINT (10.203362569999999 52.464885383000102)",Unfall 161895 (2022) Kat:3, Licht: 0,161895,3,4,6,09,15,2,,0,0,1,1,0
"POINT (9.757396926000069 52.450322040000103)",Unfall 161898 (2022) Kat:3, Licht: 0,161898,3,3,5,09,13,6,,0,1,1,0,0
"POINT (9.706306536000060 52.372635796000097)",Unfall 161900 (2022) Kat:3, Licht: 0,161900,3,3,0,09,18,3,,0,1,1,0,0
"POINT (9.808259224000039 52.411900479000103)",Unfall 161904 (2022) Kat:3, Licht: 1,161904,3,3,5,09,06,5,,1,0,1,0,0
"POINT (9.751602748000041 52.420996223000003)",Unfall 161907 (2022) Kat:3, Licht: 0,161907,3,2,5,09,17,2,,0,1,1,0,0
"POINT (9.805437380000059 52.307115682000102)",Unfall 161909 (2022) Kat:3, Licht: 0,161909,3,3,5,09,08,3,,0,1,1,0,0
"POINT (9.694330082000020 52.403735782000098)",Unfall 161916 (2022) Kat:3, Licht: 0,161916,3,6,2,09,12,7,,0,0,1,0,0
"POINT (9.661141779000049 52.410184342000001)",Unfall 161919 (2022) Kat:3, Licht: 1,161919,3,5,1,09,21,4,,1,1,1,1,0
"POINT (9.740413824000029 52.383270224000100)",Unfall 161926 (2022) Kat:3, Licht: 1,161926,3,2,2,09,18,3,,1,0,1,0,0
"POINT (9.685656949000080 52.392986387000100)",Unfall 161928 (2022) Kat:3, Licht: 0,161928,3,1,0,10,16,7,,0,0,0,0,1
"POINT (9.745057106000051 52.420065880999999)",Unfall 161937 (2022) Kat:3, Licht: 0,161937,3,5,1,09,18,6,,0,0,1,0,0
"POINT (9.800992650000071 52.403480538000103)",Unfall 161939 (2022) Kat:3, Licht: 0,161939,3,6,4,09,11,5,,0,1,0,0,0
"POINT (10.096808016000100 52.392390677999998)",Unfall 161943 (2022) Kat:3, Licht: 0,161943,3,5,1,09,12,5,,0,0,1,0,1
"POINT (9.693703726000020 52.400981780000102)",Unfall 161944 (2022) Kat:3, Licht: 0,161944,3,3,5,09,08,4,,0,1,1,0,0
"POINT (9.748921657000039 52.431895212000001)",Unfall 161946 (2022) Kat:3, Licht: 0,161946,3,3,0,09,11,1,,0,0,1,0,1
"POINT (9.669864108000070 52.370561656000099)",Unfall 161965 (2022) Kat:2, Licht: 0,161965,2,7,0,09,17,1,,0,1,0,0,0
"POINT (9.700499060000030 52.371880789999999)",Unfall 161966 (2022) Kat:3, Licht: 1,161966,3,7,7,09,16,5,,1,1,0,0,0
"POINT (9.612422599000070 52.446785846000097)",Unfall 161968 (2022) Kat:3, Licht: 0,161968,3,3,5,09,17,2,,0,1,1,0,0
"POINT (9.732320549000059 52.432265833000002)",Unfall 161980 (2022) Kat:3, Licht: 2,161980,3,6,2,09,22,6,,2,0,1,0,0
"POINT (10.007433756000101 52.435453449000100)",Unfall 161983 (2022) Kat:2, Licht: 2,161983,2,3,5,09,06,3,,2,1,1,0,0
"POINT (9.737575435000050 52.399121268999998)",Unfall 161991 (2022) Kat:3, Licht: 0,161991,3,2,5,09,13,4,,0,1,1,0,0
"POINT (9.704556642000060 52.404967657999997)",Unfall 161993 (2022) Kat:3, Licht: 0,161993,3,5,1,09,17,7,,0,0,1,0,0
"POINT (9.652395957000071 52.414839651000101)",Unfall 162009 (2022) Kat:2, Licht: 2,162009,2,3,5,09,06,6,,2,0,1,0,1
"POINT (9.535042775000020 52.209000852000003)",Unfall 162010 (2022) Kat:3, Licht: 0,162010,3,5,0,10,18,2,,0,1,0,0,0
"POINT (9.605258501000041 52.437919983000000)",Unfall 162011 (2022) Kat:3, Licht: 1,162011,3,2,5,09,18,5,,1,1,1,0,0
"POINT (9.781364692000070 52.410210386000102)",Unfall 162014 (2022) Kat:3, Licht: 0,162014,3,2,3,09,07,2,,0,1,1,0,0
"POINT (9.808702111000059 52.298648952000100)",Unfall 162028 (2022) Kat:3, Licht: 1,162028,3,7,9,09,06,1,,1,0,0,0,0
"POINT (9.736554445000021 52.447860071999997)",Unfall 162031 (2022) Kat:3, Licht: 0,162031,3,6,2,09,08,4,,0,1,0,0,0
"POINT (9.739353736000060 52.394399258000099)",Unfall 162041 (2022) Kat:3, Licht: 0,162041,3,4,6,09,16,5,,0,1,0,1,0
"POINT (9.721874893000059 52.431853034000000)",Unfall 162057 (2022) Kat:3, Licht: 0,162057,3,6,2,09,16,2,,0,0,1,0,0
"POINT (9.718219191000060 52.360421703999997)",Unfall 162059 (2022) Kat:3, Licht: 0,162059,3,5,1,09,09,2,,0,1,1,0,0
"POINT (9.859782726000050 52.492241674000098)",Unfall 162062 (2022) Kat:3, Licht: 0,162062,3,3,5,09,14,4,,0,1,1,0,0
"POINT (9.532643731000061 52.201952339000101)",Unfall 162071 (2022) Kat:1, Licht: 2,162071,1,1,8,09,21,1,,2,0,1,0,0
"POINT (9.549347100000031 52.208222713000097)",Unfall 162089 (2022) Kat:3, Licht: 0,162089,3,3,5,10,09,7,,0,1,1,0,0
"POINT (9.674345109000059 52.399520785000000)",Unfall 162090 (2022) Kat:3, Licht: 0,162090,3,3,5,10,16,4,,0,0,1,0,0
"POINT (9.569210621000019 52.272637093000100)",Unfall 162098 (2022) Kat:3, Licht: 0,162098,3,3,5,09,11,5,,0,1,1,0,0
"POINT (9.698707303000051 52.368583997000002)",Unfall 162102 (2022) Kat:3, Licht: 0,162102,3,3,5,09,14,6,,0,1,1,0,0
"POINT (9.702046387000051 52.334034312000000)",Unfall 162104 (2022) Kat:3, Licht: 0,162104,3,3,5,09,08,3,,0,1,1,0,0
"POINT (9.798375331000051 52.334503805000097)",Unfall 162105 (2022) Kat:3, Licht: 2,162105,3,6,2,09,21,2,,2,0,1,0,0
"POINT (9.692261128000039 52.344366810000103)",Unfall 162107 (2022) Kat:3, Licht: 0,162107,3,4,6,10,14,1,,0,0,1,1,0
"POINT (9.721641541000050 52.350354643999999)",Unfall 162108 (2022) Kat:2, Licht: 0,162108,2,4,6,09,17,4,,0,0,1,1,0
"POINT (9.426488010000069 52.426511662000102)",Unfall 162110 (2022) Kat:3, Licht: 0,162110,3,7,0,09,15,5,,0,0,1,1,0
"POINT (9.673762537000069 52.415735253000001)",Unfall 162116 (2022) Kat:3, Licht: 0,162116,3,3,5,09,15,7,,0,1,1,0,0
"POINT (9.588072669000040 52.417275588999999)",Unfall 162142 (2022) Kat:3, Licht: 0,162142,3,2,3,10,17,4,,0,0,1,0,0
"POINT (9.738764870000070 52.377084316999998)",Unfall 162153 (2022) Kat:3, Licht: 0,162153,3,6,0,09,11,4,,0,1,0,0,0
"POINT (9.732623776000031 52.371534251000099)",Unfall 162154 (2022) Kat:3, Licht: 0,162154,3,2,3,09,16,3,,0,1,0,0,0
"POINT (9.696922206000069 52.461552875999999)",Unfall 162156 (2022) Kat:3, Licht: 2,162156,3,3,5,09,21,1,,2,0,1,0,0
"POINT (9.687542959000041 52.341295809000002)",Unfall 162159 (2022) Kat:3, Licht: 0,162159,3,3,5,09,07,6,,0,1,1,0,0
"POINT (9.723496900000040 52.348555740000101)",Unfall 162163 (2022) Kat:3, Licht: 0,162163,3,1,0,09,16,5,,0,1,0,0,0
"POINT (9.824024140000059 52.384073661000102)",Unfall 162176 (2022) Kat:3, Licht: 0,162176,3,6,2,09,17,5,,0,1,1,0,0
"POINT (9.835408898000029 52.382352648000101)",Unfall 162205 (2022) Kat:3, Licht: 0,162205,3,3,5,09,08,7,,0,1,1,0,0
"POINT (9.752842405000020 52.370110571000097)",Unfall 162207 (2022) Kat:3, Licht: 0,162207,3,2,3,09,16,6,,0,1,1,0,0
"POINT (9.803167113000031 52.396508985000096)",Unfall 162208 (2022) Kat:3, Licht: 0,162208,3,3,5,09,08,5,,0,1,1,0,0
"POINT (9.709266285000069 52.360314748000100)",Unfall 162210 (2022) Kat:3, Licht: 2,162210,3,2,4,09,20,4,,2,1,1,0,0
"POINT (9.971180190000039 52.385310750000002)",Unfall 162216 (2022) Kat:3, Licht: 0,162216,3,6,3,09,18,4,,0,1,1,0,0
"POINT (9.828894839000039 52.284738019000002)",Unfall 162219 (2022) Kat:3, Licht: 0,162219,3,7,0,09,07,2,,0,1,0,0,0
"POINT (9.719607198000061 52.362009269000097)",Unfall 162227 (2022) Kat:3, Licht: 0,162227,3,3,5,09,07,2,,0,0,1,0,0
"POINT (9.592022587000031 52.415693961999999)",Unfall 162239 (2022) Kat:3, Licht: 0,162239,3,6,2,09,15,5,,0,0,1,0,0
"POINT (9.736781293000041 52.376924092000102)",Unfall 162240 (2022) Kat:2, Licht: 0,162240,2,2,0,09,10,4,,0,1,1,0,0
"POINT (9.756435087000060 52.341662944000099)",Unfall 162247 (2022) Kat:3, Licht: 2,162247,3,6,2,10,23,4,,2,0,1,0,0
"POINT (9.756443351000030 52.341579832000001)",Unfall 162263 (2022) Kat:3, Licht: 2,162263,3,1,7,09,20,3,,2,0,1,0,0
"POINT (9.775639821000031 52.268988804000102)",Unfall 162277 (2022) Kat:3, Licht: 0,162277,3,6,2,09,08,5,,0,0,1,0,0
"POINT (9.742783069000041 52.388137323000102)",Unfall 162286 (2022) Kat:3, Licht: 0,162286,3,1,0,09,12,4,,0,1,0,0,0
"POINT (9.819825878000071 52.357601166000102)",Unfall 162288 (2022) Kat:3, Licht: 1,162288,3,3,5,09,06,3,,1,1,0,0,1
"POINT (9.730298603000049 52.440651128000098)",Unfall 162299 (2022) Kat:3, Licht: 0,162299,3,2,5,10,16,2,,0,1,1,0,0
"POINT (9.754691924000040 52.433129893000100)",Unfall 162300 (2022) Kat:3, Licht: 0,162300,3,2,4,09,14,5,,0,1,1,0,0
"POINT (9.840498446000030 52.341479704999998)",Unfall 162304 (2022) Kat:3, Licht: 0,162304,3,3,5,09,16,6,,0,1,1,0,0
"POINT (9.752115972000070 52.377994774999998)",Unfall 162306 (2022) Kat:3, Licht: 0,162306,3,3,5,09,08,3,,0,1,1,0,0
"POINT (9.743846687000030 52.323152200999999)",Unfall 162307 (2022) Kat:3, Licht: 0,162307,3,7,0,09,13,2,,0,1,0,0,0
"POINT (9.744798382000059 52.389213865000002)",Unfall 162310 (2022) Kat:3, Licht: 0,162310,3,4,0,09,07,4,,0,1,0,1,0
"POINT (9.750530807000080 52.375293118000101)",Unfall 162312 (2022) Kat:3, Licht: 0,162312,3,3,5,09,15,5,,0,1,1,0,0
"POINT (9.731685743000069 52.364863006000100)",Unfall 162316 (2022) Kat:3, Licht: 0,162316,3,6,3,09,13,5,,0,1,0,1,0
"POINT (9.666098391000050 52.353498393999999)",Unfall 162320 (2022) Kat:3, Licht: 2,162320,3,7,8,09,21,3,,2,1,0,0,0
"POINT (9.734813400000061 52.380363807000002)",Unfall 162321 (2022) Kat:3, Licht: 2,162321,3,2,4,09,21,2,,2,1,1,0,0
"POINT (9.769341582000040 52.331850212000099)",Unfall 162323 (2022) Kat:3, Licht: 0,162323,3,1,1,10,15,1,,0,0,1,0,0
"POINT (9.751491808000029 52.270907905000101)",Unfall 162324 (2022) Kat:3, Licht: 1,162324,3,7,0,09,06,4,,1,0,1,0,0
"POINT (9.804882499000030 52.409959291000099)",Unfall 162327 (2022) Kat:3, Licht: 0,162327,3,3,5,09,13,7,,0,1,1,0,0
"POINT (9.758299905000060 52.373147928000002)",Unfall 162332 (2022) Kat:3, Licht: 2,162332,3,7,0,09,23,7,,2,1,0,0,0
"POINT (9.810059756000040 52.297339438999998)",Unfall 162333 (2022) Kat:3, Licht: 0,162333,3,1,0,09,10,7,,0,1,0,0,0
"POINT (9.719457843000040 52.390623163999997)",Unfall 162339 (2022) Kat:3, Licht: 0,162339,3,3,5,09,12,3,,0,0,1,0,0
"POINT (9.740574812000030 52.398720404000102)",Unfall 162340 (2022) Kat:3, Licht: 2,162340,3,2,2,10,19,7,,2,0,1,0,0
"POINT (9.758540372000031 52.451289298000098)",Unfall 162342 (2022) Kat:3, Licht: 0,162342,3,2,5,10,14,4,,0,1,1,0,0
"POINT (9.965764776000070 52.368390761999997)",Unfall 162345 (2022) Kat:3, Licht: 0,162345,3,6,1,09,15,5,,0,0,1,0,0
"POINT (9.702103938000050 52.398885249999999)",Unfall 162347 (2022) Kat:3, Licht: 2,162347,3,1,0,10,22,4,,2,1,0,0,0
"POINT (9.719746709000050 52.367133881000001)",Unfall 162359 (2022) Kat:3, Licht: 0,162359,3,7,0,09,08,3,,0,1,0,0,0
"POINT (9.726788712000030 52.403050723000000)",Unfall 162363 (2022) Kat:3, Licht: 1,162363,3,1,0,09,18,4,,1,1,0,0,0
"POINT (10.004116729000000 52.445862650999999)",Unfall 162365 (2022) Kat:3, Licht: 0,162365,3,3,0,09,12,5,,0,1,1,0,0
"POINT (9.752500231000059 52.377270142000000)",Unfall 162375 (2022) Kat:3, Licht: 0,162375,3,3,5,09,08,3,,0,1,0,0,0
"POINT (9.741874810000070 52.373551546000002)",Unfall 162376 (2022) Kat:3, Licht: 0,162376,3,6,3,09,13,2,,0,1,1,0,0
"POINT (9.752246978000070 52.410941661999999)",Unfall 162380 (2022) Kat:3, Licht: 0,162380,3,3,0,09,08,5,,0,0,1,0,1
"POINT (9.725569588000040 52.397946408999999)",Unfall 162382 (2022) Kat:3, Licht: 0,162382,3,2,4,09,14,2,,0,1,1,0,0
"POINT (9.716088371000071 52.362325332000097)",Unfall 162393 (2022) Kat:3, Licht: 0,162393,3,2,2,09,07,5,,0,0,1,0,1
"POINT (9.754094171000080 52.360085298999998)",Unfall 162394 (2022) Kat:3, Licht: 0,162394,3,4,6,09,08,6,,0,1,1,1,0
"POINT (9.692735830000061 52.365127544000103)",Unfall 162395 (2022) Kat:3, Licht: 0,162395,3,3,5,09,07,5,,0,0,1,0,0
"POINT (9.728946349000070 52.378042807000000)",Unfall 162399 (2022) Kat:3, Licht: 0,162399,3,6,2,09,15,2,,0,0,1,0,0
"POINT (9.713317854000019 52.361015584000000)",Unfall 162400 (2022) Kat:2, Licht: 0,162400,2,6,3,10,10,3,,0,0,1,0,0
"POINT (9.702429898000050 52.375015989000097)",Unfall 162406 (2022) Kat:3, Licht: 2,162406,3,2,5,09,21,5,,2,1,1,0,0
"POINT (9.812863238000030 52.386145341000002)",Unfall 162407 (2022) Kat:3, Licht: 0,162407,3,3,5,09,12,4,,0,0,1,0,0
"POINT (9.731178068000080 52.378704310000003)",Unfall 162411 (2022) Kat:3, Licht: 2,162411,3,6,2,10,02,2,,2,0,1,0,0
"POINT (9.737556409000041 52.401552896000098)",Unfall 162422 (2022) Kat:3, Licht: 0,162422,3,3,5,09,14,6,,0,0,1,0,0
"POINT (9.814011791000040 52.331899431000103)",Unfall 162425 (2022) Kat:3, Licht: 0,162425,3,2,0,09,13,3,,0,0,0,0,1
"POINT (9.742896867000070 52.384432615000001)",Unfall 162427 (2022) Kat:3, Licht: 0,162427,3,2,4,09,13,6,,0,1,1,0,0
"POINT (9.737841219000069 52.382028196000100)",Unfall 162429 (2022) Kat:3, Licht: 0,162429,3,7,0,09,18,5,,0,0,0,0,0
"POINT (9.699157072000050 52.368670416999997)",Unfall 162441 (2022) Kat:3, Licht: 0,162441,3,3,5,09,16,5,,0,1,1,0,0
"POINT (9.673577625000060 52.397862504999999)",Unfall 162447 (2022) Kat:3, Licht: 0,162447,3,3,5,09,17,1,,0,0,1,0,0
"POINT (9.739755032000060 52.376984903000100)",Unfall 162451 (2022) Kat:3, Licht: 2,162451,3,7,0,09,23,6,,2,1,0,0,0
"POINT (9.728801877000020 52.426722294999998)",Unfall 162455 (2022) Kat:3, Licht: 0,162455,3,1,0,09,18,3,,0,0,0,0,0
"POINT (9.741688459000040 52.372200208999999)",Unfall 162456 (2022) Kat:3, Licht: 0,162456,3,4,0,09,17,7,,0,1,0,1,0
"POINT (9.465484212000041 52.305589170000097)",Unfall 162462 (2022) Kat:3, Licht: 0,162462,3,3,5,09,09,3,,0,1,1,0,0
"POINT (9.787168088000040 52.412439038999999)",Unfall 162476 (2022) Kat:3, Licht: 2,162476,3,3,5,09,20,2,,2,1,1,0,0
"POINT (9.740751161000050 52.398700699000102)",Unfall 162490 (2022) Kat:2, Licht: 0,162490,2,3,5,09,08,4,,0,1,1,0,0
"POINT (9.751152515000060 52.387375264000099)",Unfall 162493 (2022) Kat:3, Licht: 0,162493,3,6,0,09,15,3,,0,1,0,0,0
"POINT (9.733237251000050 52.376714053999997)",Unfall 162511 (2022) Kat:3, Licht: 2,162511,3,6,2,09,20,6,,2,0,1,0,0
"POINT (9.731558345000050 52.438715717000001)",Unfall 162516 (2022) Kat:3, Licht: 1,162516,3,3,5,10,18,3,,1,1,1,0,0
"POINT (9.699338668000051 52.415922584000000)",Unfall 162517 (2022) Kat:3, Licht: 0,162517,3,2,0,09,15,5,,0,1,1,0,0
"POINT (9.757421895000050 52.374420121000099)",Unfall 162523 (2022) Kat:3, Licht: 0,162523,3,1,0,09,07,3,,0,1,1,0,0
"POINT (9.781022341000041 52.399997621000097)",Unfall 162525 (2022) Kat:3, Licht: 2,162525,3,2,5,09,21,1,,2,0,1,0,0
"POINT (9.456708826000069 52.413234080000102)",Unfall 162526 (2022) Kat:3, Licht: 0,162526,3,3,5,10,15,1,,0,0,1,0,0
"POINT (10.003643813000100 52.445233471000101)",Unfall 162527 (2022) Kat:3, Licht: 0,162527,3,3,5,09,13,4,,0,1,1,0,0
"POINT (9.744227095000040 52.377436580000101)",Unfall 162529 (2022) Kat:3, Licht: 0,162529,3,7,0,09,14,5,,0,1,0,0,0
"POINT (9.549344703000029 52.208225234000103)",Unfall 162543 (2022) Kat:3, Licht: 0,162543,3,3,5,10,17,4,,0,1,0,0,0
"POINT (9.770750973000080 52.384060637000097)",Unfall 162550 (2022) Kat:3, Licht: 2,162550,3,7,0,09,05,1,,2,0,0,0,0
"POINT (9.807593930000049 52.309451451000001)",Unfall 162554 (2022) Kat:3, Licht: 0,162554,3,2,4,09,12,5,,0,0,1,0,1
"POINT (9.736562441000050 52.371256492000001)",Unfall 162561 (2022) Kat:3, Licht: 2,162561,3,2,2,09,20,7,,2,0,1,0,0
"POINT (9.756584565000029 52.340725096000000)",Unfall 162565 (2022) Kat:3, Licht: 0,162565,3,2,5,09,12,6,,0,1,1,0,0
"POINT (9.749008463000051 52.439789388000101)",Unfall 162567 (2022) Kat:3, Licht: 1,162567,3,4,0,09,08,5,,1,0,1,1,0
"POINT (9.682564882000070 52.433679900000101)",Unfall 162574 (2022) Kat:3, Licht: 0,162574,3,7,4,09,13,2,,0,0,1,0,0
"POINT (9.756430070000020 52.342733490999997)",Unfall 162576 (2022) Kat:3, Licht: 0,162576,3,3,5,10,14,1,,0,1,1,0,0
"POINT (9.435748082000030 52.426203010999998)",Unfall 162578 (2022) Kat:3, Licht: 0,162578,3,7,7,09,16,6,,0,1,0,0,0
"POINT (9.461257053000050 52.510222216999999)",Unfall 162581 (2022) Kat:3, Licht: 0,162581,3,6,4,09,07,5,,0,0,1,0,1
"POINT (9.641746754000049 52.416163018000098)",Unfall 162582 (2022) Kat:3, Licht: 0,162582,3,4,6,09,14,3,,0,0,1,1,0
"POINT (9.780750209000081 52.328501303000102)",Unfall 162583 (2022) Kat:3, Licht: 0,162583,3,2,5,09,07,2,,0,1,1,0,0
"POINT (9.821385891000030 52.341675490000100)",Unfall 162588 (2022) Kat:3, Licht: 2,162588,3,7,0,09,05,4,,2,1,0,0,0
"POINT (9.820128469000050 52.284682932000102)",Unfall 162591 (2022) Kat:2, Licht: 0,162591,2,1,0,10,17,7,,0,1,0,0,0
"POINT (9.671122531000041 52.402710497000001)",Unfall 162603 (2022) Kat:3, Licht: 2,162603,3,3,5,09,21,6,,2,1,1,0,0
"POINT (10.012555515000001 52.447514972000100)",Unfall 162606 (2022) Kat:2, Licht: 0,162606,2,2,5,09,18,4,,0,1,1,0,0
"POINT (9.727750615000049 52.373966295999999)",Unfall 162610 (2022) Kat:3, Licht: 2,162610,3,6,2,10,21,1,,2,0,1,0,0
"POINT (9.739106651000039 52.391902842000000)",Unfall 162618 (2022) Kat:3, Licht: 0,162618,3,6,0,10,08,4,,0,0,1,0,0
"POINT (9.733979022000030 52.456112701999999)",Unfall 162637 (2022) Kat:3, Licht: 1,162637,3,3,5,10,18,5,,1,0,0,0,1
"POINT (9.756539431000020 52.340075517999999)",Unfall 162638 (2022) Kat:3, Licht: 0,162638,3,2,5,11,13,4,,0,1,1,0,0
"POINT (9.683106825000040 52.346616577000098)",Unfall 162643 (2022) Kat:3, Licht: 2,162643,3,5,1,10,20,7,,2,1,1,0,0
"POINT (9.585523727000069 52.435171224999998)",Unfall 162647 (2022) Kat:3, Licht: 0,162647,3,2,2,10,15,6,,0,0,1,0,0
"POINT (9.756557639000050 52.420401261000102)",Unfall 162653 (2022) Kat:3, Licht: 0,162653,3,3,0,11,15,6,,0,1,1,0,0
"POINT (9.789919661000059 52.376117260999997)",Unfall 162655 (2022) Kat:3, Licht: 1,162655,3,7,0,10,06,3,,1,1,0,0,0
"POINT (9.700661281000070 52.387452503000098)",Unfall 162673 (2022) Kat:3, Licht: 2,162673,3,7,8,11,17,7,,2,0,0,0,0
"POINT (9.719746329000030 52.367240792000104)",Unfall 162674 (2022) Kat:3, Licht: 0,162674,3,4,6,10,13,6,,0,0,1,1,0
"POINT (9.744760942000029 52.420058782000098)",Unfall 162679 (2022) Kat:3, Licht: 0,162679,3,5,4,10,13,3,,0,0,1,0,0
"POINT (9.672236289000070 52.354123886000103)",Unfall 162692 (2022) Kat:3, Licht: 0,162692,3,3,0,10,09,3,,0,1,1,0,0
"POINT (10.014293952999999 52.443807302000003)",Unfall 162697 (2022) Kat:3, Licht: 2,162697,3,2,3,10,18,5,,2,1,1,0,0
"POINT (9.595245713000050 52.411087487000003)",Unfall 162709 (2022) Kat:3, Licht: 0,162709,3,5,1,10,14,1,,0,1,1,0,0
"POINT (9.733832598000051 52.394776305999997)",Unfall 162710 (2022) Kat:3, Licht: 1,162710,3,2,5,10,07,5,,1,0,1,0,1
"POINT (9.757265615000049 52.366051640000101)",Unfall 162723 (2022) Kat:3, Licht: 0,162723,3,3,5,10,15,6,,0,1,1,0,0
"POINT (9.787076207000039 52.410246966000003)",Unfall 162725 (2022) Kat:3, Licht: 0,162725,3,3,5,10,08,5,,0,1,1,0,0
"POINT (9.606175175000031 52.419871194999999)",Unfall 162730 (2022) Kat:3, Licht: 0,162730,3,7,0,10,14,3,,0,0,1,0,0
"POINT (9.746224445000051 52.452810233999998)",Unfall 162735 (2022) Kat:3, Licht: 2,162735,3,7,0,10,20,6,,2,1,0,0,0
"POINT (9.761542739000051 52.342212823000096)",Unfall 162736 (2022) Kat:3, Licht: 2,162736,3,6,3,10,18,2,,2,0,1,0,0
"POINT (9.616919770000040 52.426799664000001)",Unfall 162745 (2022) Kat:3, Licht: 1,162745,3,3,5,11,16,6,,1,0,1,0,0
"POINT (9.724970479000040 52.344246858000098)",Unfall 162746 (2022) Kat:3, Licht: 0,162746,3,4,6,11,15,3,,0,0,1,1,0
"POINT (9.721382818000050 52.379248608000097)",Unfall 162750 (2022) Kat:3, Licht: 2,162750,3,2,4,10,18,2,,2,1,1,0,0
"POINT (9.728177443000050 52.340663964999997)",Unfall 162754 (2022) Kat:3, Licht: 0,162754,3,3,5,11,14,5,,0,1,1,0,0
"POINT (9.764195463000020 52.381228471999997)",Unfall 162764 (2022) Kat:3, Licht: 0,162764,3,7,0,10,17,3,,0,1,0,0,0
"POINT (9.808322567000060 52.385810295000098)",Unfall 162765 (2022) Kat:3, Licht: 2,162765,3,6,2,10,20,1,,2,0,1,0,0
"POINT (9.791790372000040 52.402371201000101)",Unfall 162773 (2022) Kat:3, Licht: 0,162773,3,1,0,10,12,6,,0,1,0,0,0
"POINT (9.756819791000050 52.367677957000097)",Unfall 162776 (2022) Kat:3, Licht: 0,162776,3,3,5,10,15,1,,0,1,1,0,0
"POINT (9.777603861000051 52.331843951000103)",Unfall 162781 (2022) Kat:3, Licht: 2,162781,3,3,5,10,19,6,,2,0,1,0,0
"POINT (9.747889718000071 52.395240330000000)",Unfall 162795 (2022) Kat:3, Licht: 0,162795,3,3,5,10,13,5,,0,1,1,0,0
"POINT (9.691325775000051 52.409784235000103)",Unfall 162797 (2022) Kat:3, Licht: 0,162797,3,5,1,10,10,7,,0,1,1,0,0
"POINT (9.548238612000031 52.458137807000099)",Unfall 162798 (2022) Kat:3, Licht: 0,162798,3,1,6,10,15,7,,0,0,0,1,1
"POINT (9.762774164000060 52.409948557000099)",Unfall 162804 (2022) Kat:3, Licht: 0,162804,3,6,2,11,12,7,,0,0,1,0,0
"POINT (9.820996694000030 52.419158752999998)",Unfall 162807 (2022) Kat:3, Licht: 0,162807,3,3,5,10,10,7,,0,1,0,0,0
"POINT (9.686917909000041 52.377087574000001)",Unfall 162824 (2022) Kat:3, Licht: 1,162824,3,7,0,10,17,3,,1,1,0,0,0
"POINT (9.431466233000039 52.418000714000101)",Unfall 162833 (2022) Kat:3, Licht: 0,162833,3,3,5,11,07,3,,0,0,1,0,0
"POINT (9.783678429000080 52.398354425999997)",Unfall 162838 (2022) Kat:3, Licht: 0,162838,3,5,3,10,13,6,,0,0,1,0,0
"POINT (9.758905817000031 52.364750547000000)",Unfall 162849 (2022) Kat:3, Licht: 0,162849,3,2,6,11,13,7,,0,1,0,1,0
"POINT (9.824757571000021 52.360553350000004)",Unfall 162852 (2022) Kat:3, Licht: 2,162852,3,5,1,10,19,4,,2,0,1,0,0
"POINT (9.710846905000039 52.373207772000100)",Unfall 162867 (2022) Kat:3, Licht: 0,162867,3,3,5,11,09,5,,0,0,1,0,0
"POINT (9.724158642000081 52.346606479000101)",Unfall 162876 (2022) Kat:3, Licht: 1,162876,3,5,3,11,18,3,,1,1,1,0,0
"POINT (9.973771758000050 52.373334632000102)",Unfall 162880 (2022) Kat:3, Licht: 0,162880,3,3,5,10,12,6,,0,1,0,0,0
"POINT (9.717958679000050 52.381313145000000)",Unfall 162881 (2022) Kat:1, Licht: 0,162881,1,6,4,11,14,6,,0,1,0,0,0
"POINT (9.755691267000030 52.374164769000103)",Unfall 162895 (2022) Kat:2, Licht: 0,162895,2,4,6,10,08,4,,0,1,0,1,0
"POINT (9.713872398000030 52.342241702000102)",Unfall 162897 (2022) Kat:2, Licht: 0,162897,2,1,0,10,16,7,,0,1,0,0,0
"POINT (9.780097315000029 52.399751636000097)",Unfall 162900 (2022) Kat:3, Licht: 2,162900,3,2,5,10,06,6,,2,0,1,0,0
"POINT (9.708341598000059 52.394430145999998)",Unfall 162902 (2022) Kat:3, Licht: 1,162902,3,7,0,10,07,4,,1,1,0,0,0
"POINT (9.726490953000051 52.394714821000001)",Unfall 162914 (2022) Kat:3, Licht: 1,162914,3,3,5,10,20,2,,1,1,1,0,0
"POINT (9.704319442000040 52.369658183000098)",Unfall 162921 (2022) Kat:3, Licht: 1,162921,3,3,5,10,16,7,,1,0,1,0,0
"POINT (9.781911455000060 52.328916236000097)",Unfall 162925 (2022) Kat:3, Licht: 1,162925,3,4,6,11,16,5,,1,1,0,1,0
"POINT (9.623962729000031 52.425615814000103)",Unfall 162930 (2022) Kat:3, Licht: 0,162930,3,1,0,10,14,2,,0,1,0,0,0
"POINT (9.775027461000040 52.369054743000000)",Unfall 162934 (2022) Kat:3, Licht: 2,162934,3,1,0,11,19,4,,2,1,0,0,0
"POINT (9.684621064000050 52.393382086000003)",Unfall 162935 (2022) Kat:3, Licht: 0,162935,3,7,0,11,09,7,,0,1,1,0,0
"POINT (9.455240203000070 52.300947115000000)",Unfall 162936 (2022) Kat:3, Licht: 0,162936,3,7,8,10,11,6,,0,0,0,0,0
"POINT (9.792488958000041 52.396997556000002)",Unfall 162946 (2022) Kat:3, Licht: 0,162946,3,2,5,10,13,4,,0,1,1,0,0
"POINT (9.748989725000060 52.378554435000098)",Unfall 162949 (2022) Kat:3, Licht: 0,162949,3,7,0,11,15,7,,0,1,0,1,0
"POINT (9.732714956000050 52.441873438000101)",Unfall 162952 (2022) Kat:3, Licht: 0,162952,3,1,0,10,17,1,,0,0,0,0,0
"POINT (9.717197375000071 52.345033912000098)",Unfall 162959 (2022) Kat:3, Licht: 0,162959,3,3,5,11,10,6,,0,1,1,0,0
"POINT (9.740759985000070 52.360934022000002)",Unfall 162960 (2022) Kat:3, Licht: 0,162960,3,1,0,11,12,3,,0,1,0,0,0
"POINT (9.437913014000060 52.424059243999999)",Unfall 162961 (2022) Kat:3, Licht: 0,162961,3,4,6,10,13,3,,0,0,1,1,0
"POINT (9.723487051000060 52.355034470000099)",Unfall 162970 (2022) Kat:3, Licht: 0,162970,3,3,5,11,09,2,,0,1,1,0,0
"POINT (9.738878857000030 52.438164309999998)",Unfall 162976 (2022) Kat:3, Licht: 0,162976,3,3,5,10,08,1,,0,0,1,0,0
"POINT (9.599010275000071 52.315043248000102)",Unfall 162982 (2022) Kat:3, Licht: 0,162982,3,2,4,10,09,2,,0,1,1,0,0
"POINT (9.705591898000019 52.438718043000101)",Unfall 162989 (2022) Kat:3, Licht: 0,162989,3,6,3,10,15,3,,0,1,1,0,0
"POINT (10.024540747000099 52.445590358000103)",Unfall 163000 (2022) Kat:3, Licht: 0,163000,3,7,0,10,10,5,,0,1,0,0,0
"POINT (9.742816893000050 52.440130741000097)",Unfall 163007 (2022) Kat:3, Licht: 0,163007,3,7,0,10,14,3,,0,1,0,0,0
"POINT (9.730900683000071 52.392812112000101)",Unfall 163010 (2022) Kat:3, Licht: 0,163010,3,3,5,11,16,3,,0,1,0,0,0
"POINT (9.463080866000039 52.504561950000003)",Unfall 163014 (2022) Kat:3, Licht: 1,163014,3,7,0,10,18,6,,1,1,0,0,0
"POINT (9.738105399000061 52.381828048000003)",Unfall 163021 (2022) Kat:3, Licht: 2,163021,3,3,5,10,18,5,,2,1,1,0,0
"POINT (9.816695692000049 52.392589239000102)",Unfall 163028 (2022) Kat:3, Licht: 2,163028,3,7,0,10,01,7,,2,1,0,0,0
"POINT (9.739843978000071 52.447499786999998)",Unfall 163035 (2022) Kat:3, Licht: 0,163035,3,3,5,11,17,7,,0,1,0,0,0
"POINT (9.456070135000060 52.499583731000001)",Unfall 163036 (2022) Kat:3, Licht: 0,163036,3,3,5,10,09,6,,0,1,1,0,0
"POINT (9.672922109000069 52.359713184000000)",Unfall 163043 (2022) Kat:3, Licht: 2,163043,3,3,5,10,22,6,,2,0,1,0,1
"POINT (9.695237606000029 52.337684222000100)",Unfall 163053 (2022) Kat:3, Licht: 0,163053,3,3,5,10,17,2,,0,1,1,0,0
"POINT (9.747421480000069 52.387565752999997)",Unfall 163054 (2022) Kat:3, Licht: 0,163054,3,3,5,11,10,5,,0,1,1,0,0
"POINT (9.720757625000029 52.375730881999999)",Unfall 163056 (2022) Kat:3, Licht: 0,163056,3,6,2,10,12,1,,0,0,1,0,0
"POINT (10.028319821000000 52.458679679000099)",Unfall 163057 (2022) Kat:3, Licht: 0,163057,3,1,8,10,10,4,,0,1,0,0,0
"POINT (9.717211635000069 52.345447744000097)",Unfall 163059 (2022) Kat:3, Licht: 0,163059,3,2,5,10,12,7,,0,1,0,0,0
"POINT (9.761380750000059 52.273802275000001)",Unfall 163061 (2022) Kat:3, Licht: 2,163061,3,1,9,11,20,7,,2,0,1,0,0
"POINT (9.596680494000051 52.417262323000003)",Unfall 163064 (2022) Kat:3, Licht: 2,163064,3,7,1,10,22,4,,2,0,1,0,0
"POINT (9.750641895000060 52.383919102000000)",Unfall 163067 (2022) Kat:3, Licht: 0,163067,3,1,0,10,16,3,,0,1,0,0,0
"POINT (9.815640516000030 52.406123428000100)",Unfall 163068 (2022) Kat:3, Licht: 0,163068,3,1,0,11,16,5,,0,1,0,0,0
"POINT (9.715250652000069 52.386572635999997)",Unfall 163070 (2022) Kat:3, Licht: 0,163070,3,2,3,10,09,2,,0,1,1,0,0
"POINT (9.732468829000030 52.374157789000002)",Unfall 163073 (2022) Kat:3, Licht: 0,163073,3,7,0,10,15,5,,0,1,0,0,0
"POINT (9.691083866000040 52.394474613000099)",Unfall 163074 (2022) Kat:3, Licht: 0,163074,3,7,0,11,13,4,,0,1,0,0,0
"POINT (9.858042547000030 52.473517913000101)",Unfall 163083 (2022) Kat:3, Licht: 0,163083,3,3,5,11,13,7,,0,1,1,0,0
"POINT (10.019227818999999 52.439661954000002)",Unfall 163085 (2022) Kat:3, Licht: 2,163085,3,1,0,10,19,3,,2,1,0,0,0
"POINT (9.599579210000060 52.312344834999998)",Unfall 163088 (2022) Kat:3, Licht: 0,163088,3,7,1,11,09,3,,0,0,1,0,0
"POINT (9.705835097000030 52.390740614000002)",Unfall 163090 (2022) Kat:3, Licht: 2,163090,3,3,5,10,18,2,,2,1,1,0,0
"POINT (9.876957007000041 52.280792932000097)",Unfall 163093 (2022) Kat:3, Licht: 2,163093,3,3,5,10,19,3,,2,1,1,0,0
"POINT (9.781443380000040 52.400109804000103)",Unfall 163099 (2022) Kat:3, Licht: 0,163099,3,2,2,10,15,5,,0,0,1,0,0
"POINT (10.003800302000100 52.450556316000103)",Unfall 163101 (2022) Kat:3, Licht: 2,163101,3,7,9,11,21,5,,2,0,1,0,0
"POINT (9.549441390000030 52.214126510000000)",Unfall 163113 (2022) Kat:3, Licht: 0,163113,3,2,2,11,14,3,,0,0,1,0,0
"POINT (9.841549997000071 52.414699793000104)",Unfall 163115 (2022) Kat:3, Licht: 0,163115,3,1,6,10,17,3,,0,0,1,1,0
"POINT (9.456697027000081 52.413072536000101)",Unfall 163131 (2022) Kat:3, Licht: 0,163131,3,6,2,10,08,3,,0,0,1,0,0
"POINT (9.765999517000070 52.365598648999999)",Unfall 163132 (2022) Kat:3, Licht: 0,163132,3,5,1,10,11,5,,0,1,1,0,0
"POINT (9.713358928000050 52.371422524000103)",Unfall 163136 (2022) Kat:3, Licht: 0,163136,3,1,0,10,08,2,,0,1,0,0,0
"POINT (9.705742284000049 52.329071878000001)",Unfall 163137 (2022) Kat:3, Licht: 0,163137,3,7,0,11,13,6,,0,1,0,0,0
"POINT (9.744079975000030 52.372581977999999)",Unfall 163145 (2022) Kat:3, Licht: 1,163145,3,7,0,10,20,5,,1,1,0,0,0
"POINT (9.727985637000071 52.340587263000003)",Unfall 163153 (2022) Kat:3, Licht: 2,163153,3,5,0,10,20,7,,2,1,1,0,0
"POINT (9.458132036000050 52.515391223000101)",Unfall 163157 (2022) Kat:3, Licht: 0,163157,3,5,1,10,12,4,,0,1,1,0,0
"POINT (9.520643449000030 52.463624801000002)",Unfall 163159 (2022) Kat:3, Licht: 0,163159,3,1,0,10,17,7,,0,1,0,0,0
"POINT (9.771444587000079 52.338751665000103)",Unfall 163161 (2022) Kat:3, Licht: 1,163161,3,4,6,11,16,3,,1,0,1,1,0
"POINT (9.765735052000030 52.395902045000099)",Unfall 163163 (2022) Kat:3, Licht: 0,163163,3,3,5,10,17,3,,0,0,1,0,1
"POINT (9.987673235000051 52.462695308999997)",Unfall 163164 (2022) Kat:3, Licht: 0,163164,3,1,4,10,15,6,,0,0,1,0,0
"POINT (9.726319533000041 52.417433032000098)",Unfall 163168 (2022) Kat:2, Licht: 2,163168,2,1,9,10,02,6,,2,0,0,0,0
"POINT (9.750880439000071 52.376829585000102)",Unfall 163170 (2022) Kat:3, Licht: 0,163170,3,2,5,10,09,6,,0,1,0,0,0
"POINT (9.618160262000060 52.429022525999997)",Unfall 163177 (2022) Kat:3, Licht: 2,163177,3,6,2,10,22,5,,2,0,1,0,0
"POINT (9.870701793000020 52.366728371000100)",Unfall 163180 (2022) Kat:3, Licht: 2,163180,3,6,8,10,21,5,,2,0,1,0,0
"POINT (9.689837685000040 52.431649655999998)",Unfall 163181 (2022) Kat:3, Licht: 0,163181,3,3,5,11,11,5,,0,1,1,0,0
"POINT (9.692349860000039 52.344521610000101)",Unfall 163183 (2022) Kat:3, Licht: 0,163183,3,1,0,10,13,1,,0,1,0,0,0
"POINT (9.707211012000069 52.369301595000103)",Unfall 163188 (2022) Kat:3, Licht: 0,163188,3,3,5,11,10,5,,0,1,0,0,0
"POINT (9.820424432000040 52.358969442999999)",Unfall 163194 (2022) Kat:3, Licht: 0,163194,3,7,0,10,14,5,,0,1,0,0,0
"POINT (9.720228566000060 52.354723029000098)",Unfall 163195 (2022) Kat:3, Licht: 0,163195,3,3,5,10,10,5,,0,1,1,0,0
"POINT (9.357436424000070 52.456127375999998)",Unfall 163199 (2022) Kat:3, Licht: 0,163199,3,3,5,10,15,3,,0,0,1,0,0
"POINT (9.598269873000049 52.393572963000103)",Unfall 163200 (2022) Kat:3, Licht: 0,163200,3,2,6,10,13,1,,0,0,1,1,0
"POINT (9.714734234000050 52.392933809000098)",Unfall 163201 (2022) Kat:2, Licht: 2,163201,2,4,6,11,19,4,,2,0,1,1,0
"POINT (9.730593355000050 52.391425124000101)",Unfall 163207 (2022) Kat:3, Licht: 0,163207,3,6,0,11,10,7,,0,0,1,0,0
"POINT (9.750573130000021 52.375311044999997)",Unfall 163215 (2022) Kat:3, Licht: 1,163215,3,3,5,10,17,3,,1,0,1,0,0
"POINT (9.753302282000050 52.382820518000102)",Unfall 163217 (2022) Kat:3, Licht: 0,163217,3,3,5,11,11,6,,0,0,1,0,0
"POINT (9.708607303000059 52.388385411000101)",Unfall 163224 (2022) Kat:3, Licht: 0,163224,3,3,5,10,16,2,,0,1,1,0,0
"POINT (9.692522146000041 52.398395839999999)",Unfall 163229 (2022) Kat:3, Licht: 0,163229,3,6,2,10,16,2,,0,0,1,0,0
"POINT (9.741573379000039 52.383908900999998)",Unfall 163236 (2022) Kat:3, Licht: 0,163236,3,7,0,10,09,2,,0,0,1,0,0
"POINT (9.656351826000050 52.407445026000097)",Unfall 163238 (2022) Kat:2, Licht: 0,163238,2,3,5,11,07,4,,0,1,1,0,0
"POINT (9.766610575000071 52.418359479999999)",Unfall 163245 (2022) Kat:3, Licht: 0,163245,3,6,2,10,07,3,,0,0,1,0,0
"POINT (9.739658708000039 52.376918719999999)",Unfall 163251 (2022) Kat:3, Licht: 2,163251,3,2,6,11,22,6,,2,0,0,1,0
"POINT (9.744840247000070 52.374690466000096)",Unfall 163254 (2022) Kat:2, Licht: 0,163254,2,6,3,10,18,4,,0,1,1,0,0
"POINT (9.585216821000071 52.422370204000103)",Unfall 163265 (2022) Kat:3, Licht: 0,163265,3,3,5,11,09,6,,0,0,1,0,0
"POINT (9.425264231000030 52.424220252000097)",Unfall 163268 (2022) Kat:3, Licht: 0,163268,3,3,5,11,13,3,,0,1,1,0,0
"POINT (9.862792243000060 52.490436003000099)",Unfall 163271 (2022) Kat:3, Licht: 0,163271,3,7,0,10,11,1,,0,0,1,0,0
"POINT (9.776503449000071 52.362931455000101)",Unfall 163276 (2022) Kat:3, Licht: 0,163276,3,7,0,10,07,3,,0,1,0,0,0
"POINT (9.602258948000040 52.441867956000102)",Unfall 163279 (2022) Kat:3, Licht: 0,163279,3,3,5,10,09,2,,0,1,1,0,0
"POINT (9.739529694000050 52.376865478000099)",Unfall 163281 (2022) Kat:3, Licht: 0,163281,3,7,0,10,11,5,,0,0,1,0,0
"POINT (9.744048100000040 52.379760588000103)",Unfall 163284 (2022) Kat:3, Licht: 0,163284,3,7,0,11,15,1,,0,1,0,0,0
"POINT (9.717103831000030 52.341888197000102)",Unfall 163285 (2022) Kat:3, Licht: 2,163285,3,3,5,10,18,7,,2,1,0,0,0
"POINT (9.690638265000080 52.346134630999998)",Unfall 163287 (2022) Kat:3, Licht: 0,163287,3,2,4,10,15,4,,0,0,1,0,0
"POINT (9.764638358000070 52.394542365000099)",Unfall 163290 (2022) Kat:3, Licht: 0,163290,3,3,5,10,16,3,,0,1,1,0,0
"POINT (9.699805646000071 52.334381517000097)",Unfall 163294 (2022) Kat:3, Licht: 0,163294,3,4,6,10,16,3,,0,0,1,1,0
"POINT (9.735490026000040 52.372186306000103)",Unfall 163303 (2022) Kat:3, Licht: 0,163303,3,4,6,11,14,5,,0,0,1,1,0
"POINT (9.792483760000041 52.397511461000100)",Unfall 163307 (2022) Kat:1, Licht: 0,163307,1,3,5,10,09,2,,0,1,1,0,0
"POINT (9.809118629000070 52.332193436000097)",Unfall 163309 (2022) Kat:3, Licht: 0,163309,3,6,2,10,17,5,,0,0,1,0,1
"POINT (9.732040560000030 52.547678298000100)",Unfall 163311 (2022) Kat:3, Licht: 2,163311,3,2,4,11,17,5,,2,1,1,0,0
"POINT (9.828885585000020 52.347062483000101)",Unfall 163322 (2022) Kat:3, Licht: 0,163322,3,7,1,10,17,5,,0,0,1,1,0
"POINT (9.792256419000070 52.403025094000000)",Unfall 163328 (2022) Kat:3, Licht: 0,163328,3,3,5,10,13,2,,0,1,1,0,0
"POINT (9.780260566000040 52.401774257000099)",Unfall 163330 (2022) Kat:3, Licht: 2,163330,3,5,1,10,02,4,,2,1,1,0,0
"POINT (9.751903426000069 52.372936129999999)",Unfall 163337 (2022) Kat:3, Licht: 0,163337,3,3,5,11,08,4,,0,1,1,0,0
"POINT (9.750853213000029 52.388017863000101)",Unfall 163353 (2022) Kat:2, Licht: 0,163353,2,7,0,10,17,5,,0,0,0,0,0
"POINT (9.792919299000060 52.394776469000099)",Unfall 163362 (2022) Kat:3, Licht: 1,163362,3,6,2,10,19,1,,1,0,1,0,0
"POINT (9.714280629000029 52.404794831000103)",Unfall 163363 (2022) Kat:3, Licht: 0,163363,3,5,1,10,11,4,,0,0,1,0,0
"POINT (9.762683789000050 52.368622143000003)",Unfall 163376 (2022) Kat:3, Licht: 0,163376,3,3,5,10,15,6,,0,1,1,0,0
"POINT (9.747783725000030 52.391508242999997)",Unfall 163381 (2022) Kat:3, Licht: 0,163381,3,4,6,11,08,4,,0,1,0,1,0
"POINT (9.474301926000070 52.427042499999999)",Unfall 163382 (2022) Kat:3, Licht: 0,163382,3,6,2,11,15,1,,0,1,0,0,0
"POINT (9.448540597000029 52.510288387000102)",Unfall 163388 (2022) Kat:3, Licht: 0,163388,3,3,5,10,15,3,,0,1,1,0,0
"POINT (9.763469362000020 52.339327246000003)",Unfall 163390 (2022) Kat:3, Licht: 2,163390,3,2,2,11,17,6,,2,1,1,0,0
"POINT (9.760919655000070 52.339527396000101)",Unfall 163391 (2022) Kat:3, Licht: 1,163391,3,5,1,11,07,3,,1,1,1,0,0
"POINT (9.766805871000029 52.418321836000104)",Unfall 163394 (2022) Kat:2, Licht: 0,163394,2,6,4,10,09,6,,0,1,0,0,0
"POINT (9.703109810000059 52.341233011999996)",Unfall 163396 (2022) Kat:3, Licht: 0,163396,3,7,7,10,07,6,,0,1,0,0,0
"POINT (9.825428946000050 52.295437021000097)",Unfall 163398 (2022) Kat:3, Licht: 0,163398,3,3,5,10,15,3,,0,0,1,0,0
"POINT (9.593915562000060 52.421084315000002)",Unfall 163408 (2022) Kat:3, Licht: 1,163408,3,3,5,11,16,5,,1,1,1,0,0
"POINT (9.744228694000070 52.388921887999999)",Unfall 163412 (2022) Kat:3, Licht: 0,163412,3,5,0,10,10,1,,0,1,1,0,0
"POINT (9.555665585000041 52.205538772000097)",Unfall 163414 (2022) Kat:3, Licht: 0,163414,3,6,2,10,09,2,,0,0,1,0,1
"POINT (9.554258668000051 52.207130614000100)",Unfall 163416 (2022) Kat:3, Licht: 0,163416,3,3,5,10,16,4,,0,0,1,0,0
"POINT (9.552156154000039 52.214818096000002)",Unfall 163422 (2022) Kat:2, Licht: 0,163422,2,3,5,10,11,5,,0,0,1,0,0
"POINT (9.722565487000050 52.387111632000000)",Unfall 163429 (2022) Kat:3, Licht: 0,163429,3,5,1,11,16,6,,0,1,1,0,0
"POINT (9.790568552000019 52.354212000000103)",Unfall 163431 (2022) Kat:3, Licht: 0,163431,3,7,9,11,13,3,,0,0,1,0,0
"POINT (9.706744579000031 52.433526454999999)",Unfall 163434 (2022) Kat:3, Licht: 0,163434,3,1,0,10,12,2,,0,1,0,0,0
"POINT (9.763414219000030 52.402101901999998)",Unfall 163437 (2022) Kat:3, Licht: 1,163437,3,1,0,11,16,5,,1,1,0,0,0
"POINT (9.802875871000030 52.416830902000100)",Unfall 163438 (2022) Kat:3, Licht: 0,163438,3,3,0,10,11,3,,0,0,1,0,1
"POINT (9.748499104000080 52.361798401999998)",Unfall 163442 (2022) Kat:3, Licht: 0,163442,3,3,5,10,10,4,,0,1,1,0,0
"POINT (9.763334513000069 52.356501959000099)",Unfall 163459 (2022) Kat:3, Licht: 2,163459,3,7,0,10,04,1,,2,1,0,0,0
"POINT (9.691062560000031 52.335970336000102)",Unfall 163463 (2022) Kat:2, Licht: 0,163463,2,4,0,10,09,1,,0,1,0,1,0
"POINT (9.929352783000070 52.346812552000102)",Unfall 163473 (2022) Kat:3, Licht: 0,163473,3,4,6,10,10,3,,0,0,1,1,0
"POINT (9.717269067000069 52.346372108000097)",Unfall 163475 (2022) Kat:3, Licht: 0,163475,3,2,5,10,16,6,,0,0,1,0,0
"POINT (9.726567755000080 52.322871360000100)",Unfall 163485 (2022) Kat:3, Licht: 0,163485,3,6,2,10,14,5,,0,0,1,0,0
"POINT (9.730801000000040 52.408017734000097)",Unfall 163492 (2022) Kat:3, Licht: 0,163492,3,5,1,11,06,5,,0,0,1,0,0
"POINT (9.469320289000050 52.426483282000000)",Unfall 163498 (2022) Kat:3, Licht: 0,163498,3,6,2,11,14,4,,0,1,0,0,0
"POINT (9.712603441000059 52.384984885000101)",Unfall 163499 (2022) Kat:3, Licht: 0,163499,3,3,5,11,10,7,,0,1,1,0,0
"POINT (9.616886355000080 52.357093909000099)",Unfall 163508 (2022) Kat:3, Licht: 0,163508,3,7,0,11,15,3,,0,1,0,0,0
"POINT (9.463650633000039 52.314442667000002)",Unfall 163523 (2022) Kat:2, Licht: 0,163523,2,7,0,10,12,5,,0,1,0,0,0
"POINT (9.751302381000070 52.433482276000099)",Unfall 163524 (2022) Kat:3, Licht: 0,163524,3,5,0,10,12,6,,0,1,1,0,0
"POINT (9.798990346000039 52.392248434000102)",Unfall 163526 (2022) Kat:3, Licht: 2,163526,3,6,2,10,19,6,,2,0,1,0,0
"POINT (9.746320755000060 52.354363833999997)",Unfall 163529 (2022) Kat:3, Licht: 0,163529,3,1,0,10,08,6,,0,1,0,0,0
"POINT (9.739233778000029 52.453054191000000)",Unfall 163539 (2022) Kat:3, Licht: 0,163539,3,6,3,10,16,2,,0,1,1,0,0
"POINT (9.663696877000060 52.380121234000100)",Unfall 163550 (2022) Kat:3, Licht: 0,163550,3,3,5,10,16,4,,0,1,1,0,0
"POINT (9.664361974000030 52.411840455000103)",Unfall 163565 (2022) Kat:3, Licht: 0,163565,3,3,5,11,12,5,,0,1,1,0,0
"POINT (9.751790378000070 52.373576705000097)",Unfall 163568 (2022) Kat:2, Licht: 0,163568,2,1,0,10,17,5,,0,1,0,0,0
"POINT (9.980808868000050 52.375823349000001)",Unfall 163575 (2022) Kat:3, Licht: 2,163575,3,6,0,10,18,2,,2,0,1,1,0
"POINT (9.773588400000049 52.335475004000003)",Unfall 163578 (2022) Kat:3, Licht: 0,163578,3,6,3,10,16,3,,0,1,0,0,0
"POINT (9.755262408000020 52.344335768000100)",Unfall 163587 (2022) Kat:3, Licht: 0,163587,3,6,0,11,09,5,,0,1,0,0,0
"POINT (9.663845257000050 52.366877681000098)",Unfall 163603 (2022) Kat:3, Licht: 0,163603,3,6,2,10,14,3,,0,1,1,0,0
"POINT (9.952307612000030 52.359686803999999)",Unfall 163613 (2022) Kat:3, Licht: 2,163613,3,7,2,10,18,3,,2,0,1,0,0
"POINT (9.753803835000040 52.351891147000103)",Unfall 163622 (2022) Kat:3, Licht: 0,163622,3,3,5,11,09,5,,0,1,0,0,0
"POINT (9.705917760000030 52.372033189000000)",Unfall 163627 (2022) Kat:3, Licht: 0,163627,3,3,5,11,11,4,,0,1,0,0,0
"POINT (9.738991956000060 52.303149323000099)",Unfall 163628 (2022) Kat:3, Licht: 0,163628,3,3,5,10,08,2,,0,1,1,0,0
"POINT (10.017360851999999 52.438078787999999)",Unfall 163649 (2022) Kat:3, Licht: 0,163649,3,6,2,10,12,6,,0,0,1,0,0
"POINT (9.727735598000040 52.361288363000000)",Unfall 163652 (2022) Kat:2, Licht: 0,163652,2,1,0,10,17,1,,0,0,0,0,1
"POINT (9.692172530000050 52.397252666999997)",Unfall 163655 (2022) Kat:3, Licht: 0,163655,3,3,5,10,16,7,,0,1,0,0,1
"POINT (10.001996091000001 52.313040418000099)",Unfall 163664 (2022) Kat:3, Licht: 0,163664,3,7,0,11,10,6,,0,1,0,0,0
"POINT (10.010124335000100 52.482756424000101)",Unfall 163667 (2022) Kat:3, Licht: 0,163667,3,1,0,11,13,2,,0,0,0,0,0
"POINT (9.716086890000041 52.388052854000101)",Unfall 163671 (2022) Kat:3, Licht: 0,163671,3,5,1,10,15,5,,0,0,1,0,0
"POINT (9.754349628000060 52.375622812000103)",Unfall 163687 (2022) Kat:3, Licht: 0,163687,3,5,1,11,07,3,,0,1,1,0,0
"POINT (9.686695479000040 52.417527559000099)",Unfall 163689 (2022) Kat:3, Licht: 0,163689,3,6,0,10,08,2,,0,0,1,0,0
"POINT (9.717132416000030 52.342721967999999)",Unfall 163696 (2022) Kat:3, Licht: 2,163696,3,7,6,10,00,1,,2,1,0,1,0
"POINT (9.677780066000031 52.415995391000102)",Unfall 163698 (2022) Kat:3, Licht: 2,163698,3,2,5,10,04,5,,2,1,1,0,0
"POINT (9.775266426000030 52.363533215000103)",Unfall 163706 (2022) Kat:3, Licht: 0,163706,3,2,5,12,10,6,,0,0,0,0,0
"POINT (9.815606070000060 52.319401840000097)",Unfall 163707 (2022) Kat:3, Licht: 2,163707,3,6,2,11,17,2,,2,0,1,0,0
"POINT (9.701338875000030 52.395879330000099)",Unfall 163720 (2022) Kat:3, Licht: 2,163720,3,3,5,12,23,3,,2,0,1,0,0
"POINT (9.446517353000051 52.423983577000101)",Unfall 163730 (2022) Kat:3, Licht: 2,163730,3,2,4,12,17,6,,2,1,1,0,0
"POINT (9.791083217000050 52.405364933000001)",Unfall 163731 (2022) Kat:3, Licht: 2,163731,3,6,2,11,17,3,,2,0,1,0,0
"POINT (9.676641050000059 52.377290246000001)",Unfall 163739 (2022) Kat:3, Licht: 1,163739,3,6,2,12,07,2,,1,0,1,0,0
"POINT (9.797113826000039 52.375903128000097)",Unfall 163740 (2022) Kat:3, Licht: 0,163740,3,1,0,11,09,6,,0,1,0,0,0
"POINT (9.761425857000059 52.273734654000101)",Unfall 163743 (2022) Kat:2, Licht: 0,163743,2,3,0,12,14,3,,0,0,0,0,0
"POINT (9.706811740000029 52.407822839000097)",Unfall 163746 (2022) Kat:3, Licht: 0,163746,3,3,5,11,11,4,,0,0,1,0,0
"POINT (9.667035502000029 52.372991616000000)",Unfall 163749 (2022) Kat:3, Licht: 0,163749,3,7,0,11,09,2,,0,0,0,0,0
"POINT (9.726198958000049 52.403696967000002)",Unfall 163754 (2022) Kat:3, Licht: 0,163754,3,1,0,11,12,4,,0,1,0,0,0
"POINT (9.734881917000051 52.380312394999997)",Unfall 163767 (2022) Kat:3, Licht: 1,163767,3,2,2,11,16,6,,1,0,1,0,0
"POINT (9.762753396000051 52.410685045000001)",Unfall 163775 (2022) Kat:3, Licht: 1,163775,3,6,2,11,16,5,,1,0,1,0,0
"POINT (9.733950823000040 52.309540895000097)",Unfall 163783 (2022) Kat:3, Licht: 2,163783,3,3,5,11,18,3,,2,1,1,0,0
"POINT (9.745954994000041 52.362183432999998)",Unfall 163788 (2022) Kat:3, Licht: 0,163788,3,4,0,12,13,6,,0,0,0,1,0
"POINT (9.768600054000050 52.394395531000001)",Unfall 163793 (2022) Kat:3, Licht: 0,163793,3,7,5,11,09,6,,0,0,1,0,0
"POINT (9.767704559000039 52.410329160000103)",Unfall 163795 (2022) Kat:3, Licht: 0,163795,3,2,4,12,08,3,,0,0,1,0,0
"POINT (9.792506763000061 52.396840484999998)",Unfall 163798 (2022) Kat:3, Licht: 2,163798,3,3,5,11,18,4,,2,0,1,0,0
"POINT (9.795492483000031 52.375468145000099)",Unfall 163799 (2022) Kat:3, Licht: 2,163799,3,4,6,12,07,3,,2,0,1,1,0
"POINT (9.597365028000070 52.397073116999998)",Unfall 163802 (2022) Kat:3, Licht: 0,163802,3,2,5,12,14,3,,0,1,1,0,0
"POINT (9.784771434000049 52.325854704999998)",Unfall 163803 (2022) Kat:3, Licht: 0,163803,3,3,5,12,14,5,,0,0,1,0,0
"POINT (9.737217936000039 52.370045969000003)",Unfall 163808 (2022) Kat:3, Licht: 2,163808,3,5,1,11,20,4,,2,0,1,0,0
"POINT (9.622841753000049 52.431512530000099)",Unfall 163810 (2022) Kat:3, Licht: 2,163810,3,6,2,11,19,1,,2,0,1,0,0
"POINT (9.975996703000019 52.378718022999998)",Unfall 163812 (2022) Kat:3, Licht: 0,163812,3,5,0,12,12,5,,0,1,1,0,0
"POINT (9.761075673000050 52.363556144000000)",Unfall 163815 (2022) Kat:3, Licht: 0,163815,3,7,0,12,13,1,,0,1,0,0,0
"POINT (9.609342830000060 52.446910103999997)",Unfall 163821 (2022) Kat:3, Licht: 2,163821,3,3,5,11,21,3,,2,1,1,0,0
"POINT (9.552341176000031 52.209291651999997)",Unfall 163824 (2022) Kat:3, Licht: 0,163824,3,7,0,12,10,6,,0,0,1,0,1
"POINT (9.808630154000070 52.404027356000000)",Unfall 163825 (2022) Kat:3, Licht: 1,163825,3,2,3,11,07,3,,1,0,1,0,1
"POINT (9.747098245000069 52.324065257000001)",Unfall 163835 (2022) Kat:3, Licht: 2,163835,3,6,2,12,17,2,,2,0,1,0,0
"POINT (10.024062204000099 52.437777898000000)",Unfall 163851 (2022) Kat:3, Licht: 0,163851,3,7,9,11,07,7,,0,0,1,0,0
"POINT (9.754689361000031 52.446583382000000)",Unfall 163854 (2022) Kat:3, Licht: 0,163854,3,6,2,11,10,2,,0,0,1,0,0
"POINT (9.758710666000070 52.365978349999999)",Unfall 163855 (2022) Kat:3, Licht: 2,163855,3,3,5,11,06,6,,2,1,1,0,0
"POINT (9.759005478000059 52.361947944000100)",Unfall 163864 (2022) Kat:3, Licht: 2,163864,3,1,0,12,21,1,,2,1,0,0,0
"POINT (9.671455878000071 52.365092945000100)",Unfall 163871 (2022) Kat:2, Licht: 2,163871,2,4,6,12,18,3,,2,0,1,1,0
"POINT (9.729274703000041 52.390715441000097)",Unfall 163878 (2022) Kat:3, Licht: 0,163878,3,3,5,12,09,6,,0,1,1,0,0
"POINT (9.462144070000020 52.504991570000101)",Unfall 163880 (2022) Kat:3, Licht: 0,163880,3,6,1,12,15,6,,0,1,1,0,0
"POINT (9.713788255000050 52.343746978000098)",Unfall 163882 (2022) Kat:3, Licht: 0,163882,3,7,0,11,12,4,,0,0,0,0,0
"POINT (10.113953048999999 52.354287338000098)",Unfall 163883 (2022) Kat:3, Licht: 2,163883,3,1,8,12,23,3,,2,0,1,0,0
"POINT (9.705098722000059 52.374268244000099)",Unfall 163886 (2022) Kat:3, Licht: 1,163886,3,7,0,11,07,5,,1,1,0,0,0
"POINT (9.729947376000039 52.543899458000098)",Unfall 163889 (2022) Kat:3, Licht: 0,163889,3,7,0,11,11,1,,0,1,0,0,0
"POINT (9.465086419000039 52.504117500000099)",Unfall 163896 (2022) Kat:3, Licht: 0,163896,3,6,2,11,12,6,,0,0,1,0,0
"POINT (9.766027189000059 52.381987643999999)",Unfall 163907 (2022) Kat:3, Licht: 2,163907,3,2,5,11,07,6,,2,1,1,0,0
"POINT (9.730082865000041 52.549049206000099)",Unfall 163914 (2022) Kat:3, Licht: 0,163914,3,5,2,12,10,4,,0,0,1,0,0
"POINT (9.731203158000030 52.378712931999999)",Unfall 163921 (2022) Kat:3, Licht: 0,163921,3,2,5,11,14,4,,0,1,1,0,0
"POINT (9.853617484000040 52.363772677999997)",Unfall 163929 (2022) Kat:3, Licht: 2,163929,3,7,0,11,07,3,,2,1,0,0,0
"POINT (9.662546833000020 52.345426252000003)",Unfall 163936 (2022) Kat:3, Licht: 0,163936,3,3,5,12,16,3,,0,0,1,0,0
"POINT (9.727130316000061 52.439898878000101)",Unfall 163938 (2022) Kat:2, Licht: 0,163938,2,7,0,11,10,7,,0,1,0,0,0
"POINT (9.721159836000030 52.390387300999997)",Unfall 163941 (2022) Kat:2, Licht: 2,163941,2,6,6,12,19,4,,2,1,0,1,0
"POINT (9.739458230000031 52.380822588999997)",Unfall 163947 (2022) Kat:3, Licht: 2,163947,3,2,5,12,18,3,,2,1,1,0,0
"POINT (9.689452151000070 52.349547524000101)",Unfall 163948 (2022) Kat:3, Licht: 2,163948,3,1,8,11,03,4,,2,0,1,0,0
"POINT (9.759206322000070 52.361684369000002)",Unfall 163949 (2022) Kat:2, Licht: 1,163949,2,2,6,12,16,1,,1,0,1,1,0
"POINT (9.747654370000021 52.439830086000001)",Unfall 163950 (2022) Kat:3, Licht: 0,163950,3,3,5,11,08,3,,0,1,1,0,0
"POINT (9.641194099000071 52.397447796999998)",Unfall 163958 (2022) Kat:3, Licht: 0,163958,3,7,6,12,15,7,,0,0,1,1,0
"POINT (9.750878581000050 52.375558802999997)",Unfall 163969 (2022) Kat:3, Licht: 0,163969,3,2,5,11,15,6,,0,1,1,0,0
"POINT (9.462160750000070 52.506740505000003)",Unfall 163972 (2022) Kat:3, Licht: 2,163972,3,2,6,11,20,7,,2,0,1,1,0
"POINT (9.747297999000070 52.385447145000100)",Unfall 163973 (2022) Kat:3, Licht: 1,163973,3,3,1,11,15,4,,1,1,0,0,0
"POINT (9.728177575000069 52.559244939999999)",Unfall 163976 (2022) Kat:3, Licht: 0,163976,3,2,0,11,13,2,,0,1,1,0,0
"POINT (9.965983162000040 52.312719917000003)",Unfall 163977 (2022) Kat:3, Licht: 0,163977,3,3,5,12,10,3,,0,1,1,0,0
"POINT (9.597402880000059 52.419346737000097)",Unfall 163979 (2022) Kat:3, Licht: 0,163979,3,4,6,12,12,6,,0,0,1,1,0
"POINT (9.736948919000040 52.376486854000099)",Unfall 163990 (2022) Kat:3, Licht: 2,163990,3,6,2,11,20,2,,2,0,1,0,0
"POINT (9.765232234000051 52.367023949000000)",Unfall 163992 (2022) Kat:3, Licht: 2,163992,3,5,1,11,19,5,,2,0,1,0,0
"POINT (9.600229018000050 52.421313484000102)",Unfall 163993 (2022) Kat:3, Licht: 1,163993,3,2,5,12,16,5,,1,0,1,1,0
"POINT (9.742452784000021 52.542554373000002)",Unfall 163995 (2022) Kat:3, Licht: 0,163995,3,7,0,11,10,7,,0,1,0,0,0
"POINT (9.744813345000070 52.372304225000100)",Unfall 163997 (2022) Kat:3, Licht: 2,163997,3,4,6,12,17,7,,2,0,1,1,0
"POINT (9.763153967000051 52.395164931000103)",Unfall 163998 (2022) Kat:3, Licht: 2,163998,3,6,2,12,19,2,,2,1,1,0,0
"POINT (10.005409068000100 52.447657303000000)",Unfall 164002 (2022) Kat:3, Licht: 0,164002,3,3,5,12,15,2,,0,1,0,0,0
"POINT (9.736363792000081 52.395355702000103)",Unfall 164004 (2022) Kat:3, Licht: 0,164004,3,2,5,11,15,5,,0,1,1,0,0
"POINT (9.725042533000019 52.426242473000102)",Unfall 164008 (2022) Kat:3, Licht: 0,164008,3,7,0,11,09,4,,0,1,1,0,0
"POINT (9.757548366000041 52.366070211000100)",Unfall 164011 (2022) Kat:3, Licht: 1,164011,3,5,4,12,16,6,,1,1,1,0,0
"POINT (9.758749762000040 52.364545540999998)",Unfall 164015 (2022) Kat:3, Licht: 0,164015,3,6,4,11,16,4,,0,1,1,0,0
"POINT (9.709765248000050 52.372660844999999)",Unfall 164021 (2022) Kat:3, Licht: 0,164021,3,6,3,12,14,6,,0,1,0,0,0
"POINT (9.736436009000039 52.377797106999999)",Unfall 164026 (2022) Kat:3, Licht: 2,164026,3,4,6,11,06,4,,2,0,0,1,1
"POINT (9.816887034000050 52.319631721000100)",Unfall 164030 (2022) Kat:3, Licht: 2,164030,3,3,5,12,20,3,,2,0,1,0,0
"POINT (9.723709994000050 52.368491894999998)",Unfall 164038 (2022) Kat:3, Licht: 0,164038,3,5,1,11,14,4,,0,1,1,0,0
"POINT (9.806935809000040 52.388817496999998)",Unfall 164044 (2022) Kat:3, Licht: 0,164044,3,6,2,11,10,3,,0,0,1,0,1
"POINT (9.834029298000081 52.356315273000099)",Unfall 164048 (2022) Kat:3, Licht: 2,164048,3,7,0,12,16,4,,2,1,0,0,0
"POINT (9.730949173000059 52.395001132000097)",Unfall 164050 (2022) Kat:3, Licht: 1,164050,3,3,5,11,07,5,,1,1,1,0,0
"POINT (9.715161736000031 52.371783827000101)",Unfall 164060 (2022) Kat:3, Licht: 2,164060,3,3,0,11,18,5,,2,0,1,0,0
"POINT (9.614247071000021 52.419469869000103)",Unfall 164061 (2022) Kat:3, Licht: 2,164061,3,3,5,12,22,3,,2,0,1,0,0
"POINT (9.733508556000061 52.299920974000003)",Unfall 164063 (2022) Kat:3, Licht: 0,164063,3,4,6,12,15,4,,0,1,0,1,0
"POINT (9.713399843000049 52.371409776000100)",Unfall 164064 (2022) Kat:3, Licht: 0,164064,3,1,0,11,11,3,,0,1,0,0,0
"POINT (9.806290162000041 52.417207793000003)",Unfall 164071 (2022) Kat:3, Licht: 1,164071,3,2,0,11,06,5,,1,1,1,0,0
"POINT (9.731881757000050 52.377484106000097)",Unfall 164072 (2022) Kat:3, Licht: 2,164072,3,5,1,12,23,7,,2,0,1,0,0
"POINT (9.497546553000060 52.282016867999999)",Unfall 164075 (2022) Kat:3, Licht: 0,164075,3,2,5,11,13,7,,0,0,1,0,0
"POINT (9.594488338000080 52.421006589000100)",Unfall 164085 (2022) Kat:3, Licht: 0,164085,3,3,6,11,12,6,,0,0,1,1,0
"POINT (9.676281572000050 52.365537310999997)",Unfall 164089 (2022) Kat:3, Licht: 0,164089,3,5,1,11,12,6,,0,0,1,0,0
"POINT (9.741066797000030 52.411286332000003)",Unfall 164094 (2022) Kat:3, Licht: 0,164094,3,4,6,12,15,2,,0,0,1,1,0
"POINT (9.756627409000030 52.340734202000100)",Unfall 164096 (2022) Kat:2, Licht: 0,164096,2,2,5,12,09,6,,0,1,1,0,0
"POINT (9.487557123000039 52.290725376000097)",Unfall 164100 (2022) Kat:3, Licht: 0,164100,3,3,5,11,12,5,,0,0,1,0,0
"POINT (9.754102005000050 52.379340539000097)",Unfall 164101 (2022) Kat:3, Licht: 2,164101,3,2,6,12,07,3,,2,0,1,1,0
"POINT (9.805435754000030 52.317822476000103)",Unfall 164107 (2022) Kat:3, Licht: 2,164107,3,6,2,12,17,5,,2,0,1,0,0
"POINT (9.606824842000041 52.416503612000000)",Unfall 164109 (2022) Kat:3, Licht: 1,164109,3,6,4,12,08,6,,1,1,0,0,0
"POINT (9.855390658000029 52.436807186000102)",Unfall 164115 (2022) Kat:3, Licht: 1,164115,3,3,0,12,07,6,,1,1,0,0,0
"POINT (9.765725611000050 52.333090727000098)",Unfall 164118 (2022) Kat:3, Licht: 2,164118,3,7,0,12,22,7,,2,1,0,0,0
"POINT (9.717074475000061 52.337220969999997)",Unfall 164119 (2022) Kat:3, Licht: 2,164119,3,2,2,12,16,6,,2,0,1,0,0
"POINT (9.739720219000050 52.365527145999998)",Unfall 164125 (2022) Kat:3, Licht: 2,164125,3,6,4,11,22,2,,2,1,0,1,0
"POINT (9.761129273000050 52.365887513000096)",Unfall 164127 (2022) Kat:3, Licht: 0,164127,3,3,5,12,08,6,,0,1,1,0,0
"POINT (9.847603539000030 52.362848717000098)",Unfall 164131 (2022) Kat:3, Licht: 0,164131,3,7,0,11,15,7,,0,1,0,0,0
"POINT (9.814969631000050 52.307823056000103)",Unfall 164147 (2022) Kat:3, Licht: 2,164147,3,1,0,12,21,6,,2,0,0,0,1
"POINT (9.774118948000019 52.398198020999999)",Unfall 164151 (2022) Kat:3, Licht: 2,164151,3,6,3,11,17,5,,2,1,0,0,0
"POINT (9.764383362000050 52.261666701000102)",Unfall 164155 (2022) Kat:2, Licht: 1,164155,2,3,5,11,16,3,,1,1,1,0,0
"POINT (9.726835760000030 52.385144734999997)",Unfall 164158 (2022) Kat:3, Licht: 1,164158,3,5,1,11,16,2,,1,1,1,0,0
"POINT (9.697304349000040 52.413662764999998)",Unfall 164160 (2022) Kat:3, Licht: 2,164160,3,2,5,12,17,3,,2,1,1,0,0
"POINT (9.756352557000071 52.390635229000097)",Unfall 164162 (2022) Kat:2, Licht: 0,164162,2,3,5,11,15,7,,0,0,1,1,0
"POINT (10.012286444000001 52.447465944999998)",Unfall 164165 (2022) Kat:3, Licht: 2,164165,3,1,0,12,19,4,,2,1,0,0,0
"POINT (9.663489083000060 52.410615538000101)",Unfall 164169 (2022) Kat:3, Licht: 2,164169,3,2,5,12,17,2,,2,1,1,0,0
"POINT (9.753465456000070 52.378278201999997)",Unfall 164171 (2022) Kat:3, Licht: 0,164171,3,7,0,12,15,3,,0,0,1,0,1
"POINT (9.738249590000070 52.447729536000097)",Unfall 164173 (2022) Kat:3, Licht: 0,164173,3,3,5,12,13,2,,0,1,1,0,0
"POINT (9.754820215000050 52.361905806000003)",Unfall 164174 (2022) Kat:3, Licht: 2,164174,3,2,5,11,19,3,,2,1,1,0,0
"POINT (9.421826509000031 52.331536730000003)",Unfall 164181 (2022) Kat:3, Licht: 2,164181,3,2,4,12,07,2,,2,1,1,0,0
"POINT (9.820898124000051 52.350838367999998)",Unfall 164184 (2022) Kat:3, Licht: 0,164184,3,3,5,12,08,2,,0,1,1,0,0
"POINT (9.704663517000030 52.374419926000002)",Unfall 164195 (2022) Kat:3, Licht: 2,164195,3,1,0,12,16,7,,2,1,0,0,0
"POINT (9.808644746000031 52.309197445999999)",Unfall 164199 (2022) Kat:3, Licht: 2,164199,3,7,0,12,17,6,,2,0,1,0,0
"POINT (9.719622793000040 52.366793913999999)",Unfall 164208 (2022) Kat:3, Licht: 0,164208,3,7,0,11,14,6,,0,1,0,0,0
"POINT (9.736727151000030 52.412541463000103)",Unfall 164214 (2022) Kat:3, Licht: 2,164214,3,3,5,11,18,2,,2,1,1,0,0
"POINT (9.720737924000050 52.346598949000096)",Unfall 164221 (2022) Kat:2, Licht: 0,164221,2,3,5,11,13,7,,0,1,1,0,0
"POINT (9.739334397000050 52.376902766999997)",Unfall 164224 (2022) Kat:3, Licht: 2,164224,3,2,6,12,19,2,,2,1,0,1,0
"POINT (9.782263928000081 52.329127222000103)",Unfall 164234 (2022) Kat:3, Licht: 2,164234,3,2,3,12,18,6,,2,1,1,0,0
"POINT (9.600721169000050 52.437816900000001)",Unfall 164239 (2022) Kat:2, Licht: 0,164239,2,3,5,11,12,2,,0,1,1,0,0
"POINT (9.812285941000029 52.400979710000101)",Unfall 164246 (2022) Kat:3, Licht: 2,164246,3,3,5,12,16,7,,2,0,1,0,0
"POINT (9.763829685000079 52.398147005000098)",Unfall 164258 (2022) Kat:3, Licht: 2,164258,3,1,0,11,17,6,,2,1,0,0,0
"POINT (9.785552361000040 52.408634925000101)",Unfall 164261 (2022) Kat:3, Licht: 0,164261,3,3,0,11,09,7,,0,1,0,1,0
"POINT (9.830030402000030 52.421063065000098)",Unfall 164264 (2022) Kat:3, Licht: 0,164264,3,3,5,12,11,3,,0,0,1,0,0
"POINT (9.990518652000050 52.412311150999997)",Unfall 164266 (2022) Kat:3, Licht: 1,164266,3,1,0,11,08,2,,1,1,0,0,0
"POINT (9.745115914000049 52.461695506000098)",Unfall 164268 (2022) Kat:3, Licht: 0,164268,3,6,3,11,08,5,,0,1,1,0,0
"POINT (9.613995407000060 52.408664768000101)",Unfall 164276 (2022) Kat:3, Licht: 2,164276,3,7,0,12,17,7,,2,1,0,0,0
"POINT (9.689589229000029 52.349127127000003)",Unfall 164277 (2022) Kat:3, Licht: 2,164277,3,6,2,11,18,3,,2,0,1,0,0
"POINT (9.450705689000070 52.418263154000002)",Unfall 164287 (2022) Kat:3, Licht: 0,164287,3,3,5,12,15,6,,0,1,0,0,0
"POINT (9.770804955000070 52.287200675000101)",Unfall 164293 (2022) Kat:3, Licht: 2,164293,3,5,1,12,17,6,,2,0,1,0,0
"POINT (9.593331570000030 52.446434244000002)",Unfall 164297 (2022) Kat:3, Licht: 0,164297,3,3,5,11,12,1,,0,0,1,0,0
"POINT (9.739472647000071 52.380833723000102)",Unfall 164305 (2022) Kat:3, Licht: 0,164305,3,2,4,11,12,6,,0,1,1,0,0
"POINT (9.744225667000020 52.373284339000101)",Unfall 164312 (2022) Kat:3, Licht: 0,164312,3,7,2,11,13,7,,0,1,1,0,0
"POINT (9.821389359000021 52.346099230999997)",Unfall 164317 (2022) Kat:3, Licht: 2,164317,3,6,2,11,17,6,,2,0,1,0,0
"POINT (9.822746594000019 52.400372185000002)",Unfall 164321 (2022) Kat:3, Licht: 2,164321,3,5,1,11,16,6,,2,0,1,0,0
"POINT (9.739975118000070 52.366965555000000)",Unfall 164329 (2022) Kat:2, Licht: 2,164329,2,4,6,11,17,4,,2,0,1,1,0
"POINT (9.777409988000040 52.410226104000103)",Unfall 164331 (2022) Kat:3, Licht: 0,164331,3,6,2,11,16,3,,0,0,1,0,0
"POINT (9.786936996000071 52.393864395999998)",Unfall 164333 (2022) Kat:3, Licht: 2,164333,3,3,5,12,17,3,,2,1,1,0,0
"POINT (9.576279449000030 52.275064246000099)",Unfall 164340 (2022) Kat:2, Licht: 1,164340,2,7,6,11,16,3,,1,0,1,1,0
"POINT (9.737514681000050 52.372308330000102)",Unfall 164346 (2022) Kat:3, Licht: 2,164346,3,7,4,11,18,2,,2,1,1,0,0
"POINT (9.463670960000060 52.303742061999998)",Unfall 164347 (2022) Kat:3, Licht: 0,164347,3,3,5,11,13,7,,0,1,1,0,0
"POINT (9.678225014000081 52.395652919000000)",Unfall 164355 (2022) Kat:3, Licht: 2,164355,3,4,6,11,19,1,,2,0,1,1,0
"POINT (9.855986604000069 52.395676421000097)",Unfall 164356 (2022) Kat:3, Licht: 0,164356,3,1,0,11,09,6,,0,1,0,0,0
"POINT (9.733765831000030 52.379729720000100)",Unfall 164358 (2022) Kat:3, Licht: 2,164358,3,7,3,12,20,5,,2,0,1,0,0
"POINT (9.738187423000060 52.434952956000103)",Unfall 164359 (2022) Kat:3, Licht: 0,164359,3,3,5,12,12,7,,0,1,1,0,0
"POINT (9.699039339000020 52.347887550999999)",Unfall 164374 (2022) Kat:3, Licht: 2,164374,3,6,2,12,17,4,,2,0,1,0,0
"POINT (9.744018999000049 52.372035449000101)",Unfall 164377 (2022) Kat:3, Licht: 0,164377,3,7,0,11,11,6,,0,1,0,0,0
"POINT (9.720274821000030 52.394508368000103)",Unfall 164384 (2022) Kat:3, Licht: 2,164384,3,1,0,11,17,3,,2,1,0,0,0
"POINT (9.709480930000041 52.343900738999999)",Unfall 164389 (2022) Kat:3, Licht: 1,164389,3,3,5,11,16,3,,1,0,1,0,0
"POINT (9.448995699000021 52.421842995000098)",Unfall 164390 (2022) Kat:3, Licht: 2,164390,3,6,0,12,22,6,,2,0,1,1,0
"POINT (9.694115557000030 52.352763679000098)",Unfall 164392 (2022) Kat:3, Licht: 1,164392,3,6,2,12,08,5,,1,0,1,0,0
"POINT (9.779822044000070 52.361800633000001)",Unfall 164396 (2022) Kat:3, Licht: 0,164396,3,6,4,12,09,3,,0,0,1,0,0
"POINT (9.677762945000040 52.416055079000003)",Unfall 164398 (2022) Kat:3, Licht: 0,164398,3,3,5,11,09,7,,0,0,1,0,0
"POINT (9.754491485000070 52.345347152000002)",Unfall 164407 (2022) Kat:3, Licht: 2,164407,3,7,0,12,21,3,,2,1,0,0,0
"POINT (9.666372593000061 52.414484971000000)",Unfall 164412 (2022) Kat:3, Licht: 2,164412,3,7,0,12,21,3,,2,0,0,1,0
"POINT (9.732017407000059 52.389605698000103)",Unfall 164417 (2022) Kat:3, Licht: 1,164417,3,6,2,12,15,6,,1,0,1,0,0
"POINT (9.670635526000069 52.358437967000000)",Unfall 164420 (2022) Kat:3, Licht: 0,164420,3,2,3,11,14,2,,0,1,1,0,0
"POINT (9.766281095000069 52.418422988000003)",Unfall 164428 (2022) Kat:3, Licht: 0,164428,3,3,5,11,10,6,,0,1,1,0,0
"POINT (9.756646139000051 52.340738182999999)",Unfall 164436 (2022) Kat:3, Licht: 2,164436,3,2,6,11,07,2,,2,0,1,1,0
"POINT (9.739446188000040 52.380994599000097)",Unfall 164443 (2022) Kat:3, Licht: 2,164443,3,7,0,11,21,7,,2,0,0,0,0
"POINT (9.733733430000029 52.362111846000097)",Unfall 164445 (2022) Kat:3, Licht: 2,164445,3,4,6,12,21,7,,2,0,1,1,0
"POINT (9.621884141000070 52.439737332000000)",Unfall 164463 (2022) Kat:3, Licht: 1,164463,3,7,8,12,15,5,,1,1,0,0,0
"POINT (9.749190105000030 52.390188590999998)",Unfall 164471 (2022) Kat:3, Licht: 0,164471,3,3,5,11,15,2,,0,1,1,0,0
"POINT (9.710843680000041 52.372292156000100)",Unfall 164479 (2022) Kat:2, Licht: 0,164479,2,1,0,12,08,3,,0,1,0,0,0
"POINT (9.684175197000060 52.366303090000002)",Unfall 164483 (2022) Kat:3, Licht: 2,164483,3,3,5,12,16,3,,2,0,1,0,0
"POINT (9.744434147000050 52.452916607000098)",Unfall 164489 (2022) Kat:3, Licht: 0,164489,3,2,5,12,12,4,,0,0,1,0,0
"POINT (9.712653612000050 52.375228736000103)",Unfall 164492 (2022) Kat:3, Licht: 0,164492,3,7,6,11,13,4,,0,0,1,1,0
"POINT (9.364253429000030 52.456591103999997)",Unfall 164494 (2022) Kat:3, Licht: 0,164494,3,5,1,11,13,1,,0,0,1,0,0
"POINT (9.699551567000070 52.391624007000097)",Unfall 164498 (2022) Kat:3, Licht: 0,164498,3,4,6,11,09,3,,0,0,1,1,0
"POINT (9.724993384000070 52.397718484999999)",Unfall 164500 (2022) Kat:3, Licht: 2,164500,3,3,5,12,19,3,,2,1,1,0,0
"POINT (9.708849048000051 52.370480083000103)",Unfall 164513 (2022) Kat:3, Licht: 0,164513,3,4,6,11,16,2,,0,1,0,1,0
"POINT (9.736754364000030 52.412476933999997)",Unfall 164519 (2022) Kat:3, Licht: 2,164519,3,2,5,12,05,5,,2,0,1,0,0
"POINT (9.739692873000021 52.381228640000103)",Unfall 164530 (2022) Kat:3, Licht: 2,164530,3,3,5,12,20,4,,2,1,1,0,0
"POINT (9.458852413000050 52.499925470999997)",Unfall 164531 (2022) Kat:3, Licht: 2,164531,3,3,5,11,16,3,,2,0,1,0,0
"POINT (10.102469620000001 52.378840783000001)",Unfall 164533 (2022) Kat:3, Licht: 2,164533,3,7,0,12,05,2,,2,1,0,0,0
"POINT (9.731949037000049 52.375797345000102)",Unfall 164536 (2022) Kat:2, Licht: 2,164536,2,7,6,12,23,3,,2,0,0,1,0
"POINT (9.815825781000060 52.395887854000101)",Unfall 164539 (2022) Kat:3, Licht: 2,164539,3,2,2,11,16,4,,2,0,1,0,0
"POINT (9.717197361000050 52.345033510000100)",Unfall 164542 (2022) Kat:3, Licht: 2,164542,3,4,6,11,18,6,,2,0,0,1,0
"POINT (9.692248257000070 52.398139070000099)",Unfall 164548 (2022) Kat:3, Licht: 0,164548,3,2,6,12,11,4,,0,0,1,1,0
"POINT (9.740270174000051 52.412305809000003)",Unfall 164552 (2022) Kat:3, Licht: 0,164552,3,2,3,12,12,2,,0,1,1,0,0
"POINT (9.728327156000031 52.376705291000100)",Unfall 164555 (2022) Kat:3, Licht: 1,164555,3,1,0,11,07,4,,1,0,0,0,0
"POINT (9.458354059000040 52.498508887000099)",Unfall 164558 (2022) Kat:3, Licht: 1,164558,3,3,5,11,07,5,,1,1,1,0,0
"POINT (9.721045551000030 52.361692483000098)",Unfall 164563 (2022) Kat:3, Licht: 0,164563,3,1,0,12,14,7,,0,1,0,0,0
"POINT (9.668951308000031 52.343780841000097)",Unfall 164572 (2022) Kat:3, Licht: 0,164572,3,5,5,11,15,2,,0,0,1,0,0
"POINT (9.820259470000050 52.402912223000001)",Unfall 164573 (2022) Kat:3, Licht: 2,164573,3,5,1,11,00,1,,2,0,1,0,0
"POINT (9.665149396000061 52.446034530000098)",Unfall 164574 (2022) Kat:3, Licht: 0,164574,3,7,1,12,14,6,,0,0,1,0,0
"POINT (9.465259746000070 52.504137348000000)",Unfall 164578 (2022) Kat:2, Licht: 2,164578,2,1,0,11,17,7,,2,0,0,0,1
"POINT (9.651276186000080 52.312942020000001)",Unfall 164587 (2022) Kat:3, Licht: 1,164587,3,7,0,12,15,6,,1,0,1,0,0
"POINT (9.770483883000050 52.353505433000102)",Unfall 164591 (2022) Kat:3, Licht: 0,164591,3,3,0,11,10,1,,0,1,1,0,0
"POINT (9.820107918000080 52.353213128000000)",Unfall 164594 (2022) Kat:3, Licht: 2,164594,3,7,0,11,17,7,,2,0,0,0,1
"POINT (9.785803381000051 52.398033112000100)",Unfall 164604 (2022) Kat:3, Licht: 0,164604,3,3,5,12,08,4,,0,0,1,0,0
"POINT (9.781476233000030 52.411874999000098)",Unfall 164609 (2022) Kat:2, Licht: 0,164609,2,4,6,11,12,4,,0,0,1,1,0
"POINT (9.834059834000071 52.339175590000103)",Unfall 164614 (2022) Kat:3, Licht: 2,164614,3,4,6,12,07,4,,2,0,1,1,0
"POINT (9.526078734000070 52.510849248000099)",Unfall 164616 (2022) Kat:3, Licht: 0,164616,3,2,5,12,12,4,,0,0,1,0,0
"POINT (9.740599956000040 52.364784995000001)",Unfall 164617 (2022) Kat:3, Licht: 0,164617,3,3,0,11,09,3,,0,1,1,0,0
"POINT (9.742740949000050 52.378178317000000)",Unfall 164627 (2022) Kat:3, Licht: 1,164627,3,4,6,11,00,7,,1,0,1,1,0
"POINT (9.701066338000031 52.366326190000102)",Unfall 164630 (2022) Kat:3, Licht: 0,164630,3,3,5,12,14,4,,0,1,1,0,0
"POINT (9.988787535000030 52.462221841000002)",Unfall 164635 (2022) Kat:3, Licht: 0,164635,3,7,0,11,11,7,,0,1,0,0,0
"POINT (9.734087598000031 52.381271605000101)",Unfall 164636 (2022) Kat:3, Licht: 2,164636,3,3,5,12,17,3,,2,0,1,0,0
"POINT (9.593915905000070 52.421102294000001)",Unfall 164638 (2022) Kat:3, Licht: 0,164638,3,3,5,12,12,2,,0,1,1,0,0
"POINT (9.821585251000039 52.394146735000000)",Unfall 164639 (2022) Kat:3, Licht: 0,164639,3,1,0,11,09,3,,0,0,0,0,0
"POINT (9.773279007000040 52.335388090999999)",Unfall 164644 (2022) Kat:3, Licht: 0,164644,3,7,0,11,12,4,,0,1,0,0,0
"POINT (9.728222709000020 52.389837362000002)",Unfall 164645 (2022) Kat:3, Licht: 0,164645,3,7,0,12,09,7,,0,0,0,0,0
"POINT (9.669537809000079 52.397241534999999)",Unfall 164651 (2022) Kat:3, Licht: 2,164651,3,1,0,12,07,2,,2,1,0,0,0
"POINT (9.719525235000051 52.330696062000101)",Unfall 164655 (2022) Kat:3, Licht: 0,164655,3,7,0,12,11,2,,0,1,0,0,0
"POINT (9.704257956000051 52.341372773000003)",Unfall 164666 (2022) Kat:2, Licht: 0,164666,2,2,0,12,14,2,,0,0,1,0,0
"POINT (10.202696999000100 52.463996075000097)",Unfall 164667 (2022) Kat:3, Licht: 0,164667,3,3,5,12,13,6,,0,1,1,0,0
"POINT (10.012660921000100 52.449917605000103)",Unfall 164671 (2022) Kat:3, Licht: 2,164671,3,2,3,12,05,6,,2,1,0,0,0
"POINT (9.841853503000040 52.301422361999997)",Unfall 164674 (2022) Kat:3, Licht: 2,164674,3,3,5,12,07,3,,2,1,1,0,0
"POINT (9.705874136000030 52.373997363999997)",Unfall 164688 (2022) Kat:3, Licht: 0,164688,3,1,0,11,10,4,,0,1,0,0,0
"POINT (9.756017687000050 52.366858562000097)",Unfall 164689 (2022) Kat:3, Licht: 2,164689,3,1,0,12,16,1,,2,1,0,0,0
"POINT (9.755122021000030 52.391387741000102)",Unfall 164691 (2022) Kat:3, Licht: 0,164691,3,6,3,11,08,5,,0,0,1,0,0
"POINT (9.734196596000061 52.374363303999999)",Unfall 164693 (2022) Kat:2, Licht: 2,164693,2,1,0,12,18,5,,2,1,0,0,0
"POINT (9.744359007000069 52.452735404000101)",Unfall 164705 (2022) Kat:3, Licht: 0,164705,3,2,6,11,15,2,,0,0,0,1,0
"POINT (9.734876097000040 52.385320053000001)",Unfall 164723 (2022) Kat:2, Licht: 0,164723,2,1,9,11,08,6,,0,1,0,0,0
"POINT (9.795787787000050 52.321474444000003)",Unfall 164726 (2022) Kat:3, Licht: 0,164726,3,6,2,11,14,7,,0,0,1,0,0
"POINT (9.705196686000020 52.409828910999998)",Unfall 164727 (2022) Kat:3, Licht: 0,164727,3,3,5,11,09,4,,0,0,1,0,0
"POINT (9.765386287000069 52.378117702000097)",Unfall 164731 (2022) Kat:3, Licht: 0,164731,3,3,5,12,12,3,,0,0,1,0,0
"POINT (9.705265993000070 52.409707435000001)",Unfall 164737 (2022) Kat:3, Licht: 0,164737,3,3,5,12,11,2,,0,1,1,0,0
"POINT (9.732313844000030 52.379101136000003)",Unfall 164738 (2022) Kat:3, Licht: 2,164738,3,6,2,11,19,1,,2,0,1,0,0
"POINT (9.762794764000031 52.414415664000003)",Unfall 164743 (2022) Kat:3, Licht: 2,164743,3,6,4,11,23,5,,2,0,1,0,0
"POINT (9.773253735000029 52.397960368000000)",Unfall 164747 (2022) Kat:3, Licht: 2,164747,3,6,2,12,17,4,,2,0,1,0,0
"POINT (9.745560711000049 52.378884802000101)",Unfall 164754 (2022) Kat:3, Licht: 0,164754,3,7,0,11,09,2,,0,1,0,0,0
"POINT (9.745411689000040 52.413254213000101)",Unfall 164761 (2022) Kat:3, Licht: 0,164761,3,1,0,11,15,6,,0,1,0,0,0
"POINT (9.763560091000040 52.368972293000098)",Unfall 164784 (2022) Kat:3, Licht: 2,164784,3,2,5,11,17,3,,2,1,1,0,0
"POINT (9.740143979000040 52.369142463000102)",Unfall 164790 (2022) Kat:3, Licht: 2,164790,3,6,0,12,19,6,,2,1,1,0,0
"POINT (9.602602036000061 52.416885400000098)",Unfall 164794 (2022) Kat:3, Licht: 2,164794,3,2,5,11,08,7,,2,1,0,0,0
"POINT (9.702999968000031 52.368937695000099)",Unfall 164798 (2022) Kat:3, Licht: 2,164798,3,6,3,11,18,3,,2,1,1,0,0
"POINT (9.732487643000070 52.379166477000098)",Unfall 164801 (2022) Kat:3, Licht: 2,164801,3,3,5,12,18,6,,2,1,1,0,0
"POINT (9.744055129000060 52.379032582999997)",Unfall 164804 (2022) Kat:3, Licht: 0,164804,3,7,0,11,14,3,,0,1,0,0,0
"POINT (9.593539294000040 52.415324987000098)",Unfall 164805 (2022) Kat:3, Licht: 0,164805,3,7,2,12,13,7,,0,0,1,0,0
"POINT (9.733485843000039 52.322488434000000)",Unfall 164809 (2022) Kat:3, Licht: 0,164809,3,3,5,12,15,6,,0,1,1,0,0
"POINT (9.727010831000030 52.375822868000100)",Unfall 164810 (2022) Kat:3, Licht: 2,164810,3,3,5,11,19,2,,2,1,1,0,0
"POINT (9.596223476000031 52.308244629999997)",Unfall 164812 (2022) Kat:3, Licht: 0,164812,3,5,1,12,14,4,,0,0,1,0,0
"POINT (9.716378946000081 52.370417977999999)",Unfall 164813 (2022) Kat:3, Licht: 0,164813,3,5,1,11,10,2,,0,0,1,0,0
"POINT (9.769083193000030 52.377757537999997)",Unfall 164818 (2022) Kat:3, Licht: 2,164818,3,6,2,11,19,7,,2,0,1,0,0
"POINT (9.794999168000061 52.318173989000101)",Unfall 164822 (2022) Kat:3, Licht: 0,164822,3,3,5,11,12,6,,0,0,1,0,1
"POINT (9.687567879000030 52.379597812999997)",Unfall 164839 (2022) Kat:3, Licht: 0,164839,3,1,8,12,08,2,,0,0,1,0,0
"POINT (9.734803634000061 52.380132975000002)",Unfall 164853 (2022) Kat:3, Licht: 0,164853,3,6,2,12,12,5,,0,0,1,0,0
"POINT (9.442669359000041 52.426256608000102)",Unfall 164864 (2022) Kat:3, Licht: 2,164864,3,7,8,12,21,5,,2,1,0,0,0
"POINT (9.763013378000039 52.360522823000103)",Unfall 164909 (2022) Kat:3, Licht: 2,164909,3,6,3,12,19,3,,2,1,1,0,0
"POINT (9.725005584000030 52.387468153999997)",Unfall 164926 (2022) Kat:3, Licht: 2,164926,3,3,5,12,20,6,,2,1,1,0,0
"POINT (9.733457873000081 52.398959349999998)",Unfall 164996 (2022) Kat:3, Licht: 2,164996,3,4,0,12,18,3,,2,0,0,1,0
"POINT (10.067061375000000 52.395140503999997)",Unfall 165044 (2022) Kat:3, Licht: 0,165044,3,2,2,12,12,6,,0,1,0,0,0
"POINT (9.834626021000080 52.339891947000098)",Unfall 165178 (2022) Kat:3, Licht: 0,165178,3,5,1,12,10,4,,0,0,1,0,1
"POINT (9.739239706000030 52.379592650000099)",Unfall 165309 (2022) Kat:3, Licht: 0,165309,3,7,0,12,12,7,,0,0,1,0,0
"POINT (9.736931383000069 52.370352074000003)",Unfall 165410 (2022) Kat:3, Licht: 2,165410,3,7,0,12,23,6,,2,1,0,0,0
"POINT (9.727343618000081 52.377598360000000)",Unfall 165421 (2022) Kat:3, Licht: 2,165421,3,7,0,12,17,4,,2,1,1,0,0
"POINT (9.962129841000030 52.375154739000003)",Unfall 165482 (2022) Kat:3, Licht: 2,165482,3,5,1,12,21,5,,2,1,1,0,0
"POINT (9.765340702000060 52.263822956000098)",Unfall 165500 (2022) Kat:3, Licht: 0,165500,3,6,2,12,11,7,,0,0,1,0,0
"POINT (9.670640692000060 52.358422883000102)",Unfall 165964 (2022) Kat:3, Licht: 0,165964,3,7,0,12,11,6,,0,1,0,0,0
"POINT (9.733822220000039 52.399050089000099)",Unfall 166004 (2022) Kat:3, Licht: 1,166004,3,2,5,12,07,5,,1,1,1,0,0
"POINT (9.766196343000050 52.381972685000100)",Unfall 166080 (2022) Kat:3, Licht: 2,166080,3,2,5,12,22,7,,2,0,1,0,0
