WKT,Name,OBJECTID,UKATEGORIE,UTYP1,UART,UMONAT,USTUNDE,UWOCHENTAG,STRZUSTAND,ULICHTVERH,ISTRAD,ISTPKW,ISTFUSS,ISTKRAD
"POINT (9.641972638000027 52.414667221000059)",Unfall 79231 (2019) Kat:3, Licht: 0,79231,3,6,2,06,14,4,0,0,0,1,0,0
"POINT (9.742416997000021 52.368080546000044)",Unfall 79232 (2019) Kat:3, Licht: 0,79232,3,6,3,06,16,4,0,0,0,1,0,0
"POINT (9.661384156000054 52.376961136000034)",Unfall 79233 (2019) Kat:3, Licht: 0,79233,3,3,5,06,17,4,0,0,1,1,0,0
"POINT (9.694943900000055 52.374534510000046)",Unfall 79234 (2019) Kat:3, Licht: 0,79234,3,7,0,06,13,4,0,0,0,0,0,1
"POINT (9.826728071000048 52.299606788000062)",Unfall 79235 (2019) Kat:3, Licht: 0,79235,3,7,0,06,08,4,0,0,0,1,0,0
"POINT (9.861861068000053 52.369424589000062)",Unfall 79236 (2019) Kat:3, Licht: 0,79236,3,6,2,06,17,4,0,0,0,1,0,1
"POINT (9.721495247000064 52.421528845000068)",Unfall 79237 (2019) Kat:3, Licht: 0,79237,3,6,2,06,07,4,0,0,0,1,0,0
"POINT (9.793294993000075 52.416314036000074)",Unfall 79238 (2019) Kat:3, Licht: 0,79238,3,3,5,06,16,4,0,0,0,1,0,0
"POINT (9.760433620000072 52.259564477000026)",Unfall 79239 (2019) Kat:3, Licht: 0,79239,3,2,5,06,17,4,0,0,1,1,0,0
"POINT (9.762252848000060 52.260923484000045)",Unfall 79240 (2019) Kat:3, Licht: 0,79240,3,7,1,06,13,4,0,0,0,1,0,1
"POINT (9.624748023000052 52.452076093000073)",Unfall 79241 (2019) Kat:3, Licht: 0,79241,3,5,1,06,07,4,0,0,1,1,0,0
"POINT (9.811386307000021 52.367129713000054)",Unfall 79242 (2019) Kat:2, Licht: 0,79242,2,2,4,06,14,4,0,0,1,1,0,0
"POINT (9.833092581000074 52.386319029000049)",Unfall 79243 (2019) Kat:3, Licht: 0,79243,3,7,6,06,11,4,0,0,0,1,1,0
"POINT (9.725478662000057 52.380433200000027)",Unfall 79244 (2019) Kat:3, Licht: 0,79244,3,6,2,06,09,4,0,0,0,1,0,0
"POINT (9.734410209000032 52.412541001000079)",Unfall 79245 (2019) Kat:3, Licht: 0,79245,3,3,5,06,07,4,0,0,1,0,0,0
"POINT (9.997536906000050 52.387559077000049)",Unfall 79246 (2019) Kat:3, Licht: 1,79246,3,5,1,06,04,4,0,1,0,0,0,0
"POINT (9.644421647000058 52.414279457000077)",Unfall 79299 (2019) Kat:3, Licht: 0,79299,3,6,2,06,17,3,0,0,0,1,0,0
"POINT (9.814881609000054 52.303887794000048)",Unfall 79300 (2019) Kat:3, Licht: 0,79300,3,7,0,06,12,3,0,0,1,0,0,0
"POINT (9.730344612000067 52.318827076000048)",Unfall 79301 (2019) Kat:3, Licht: 0,79301,3,3,5,06,15,3,0,0,1,1,0,0
"POINT (9.976931788000059 52.372706249000032)",Unfall 79302 (2019) Kat:3, Licht: 0,79302,3,6,2,06,14,3,0,0,0,1,0,0
"POINT (9.732377264000036 52.483523179000031)",Unfall 79303 (2019) Kat:3, Licht: 0,79303,3,1,0,06,18,3,0,0,1,0,0,0
"POINT (9.722325081000065 52.378298141000073)",Unfall 79304 (2019) Kat:3, Licht: 2,79304,3,3,5,06,22,3,0,2,1,1,0,0
"POINT (9.711177229000043 52.421613732000026)",Unfall 79305 (2019) Kat:3, Licht: 0,79305,3,3,5,06,11,3,0,0,0,1,0,1
"POINT (9.681270043000041 52.359699713000055)",Unfall 79306 (2019) Kat:2, Licht: 0,79306,2,3,5,06,09,3,0,0,1,0,0,0
"POINT (9.645314090000056 52.397249550000026)",Unfall 79356 (2019) Kat:3, Licht: 0,79356,3,6,2,06,13,2,0,0,0,1,0,0
"POINT (10.121108079000066 52.366837728000064)",Unfall 79357 (2019) Kat:3, Licht: 0,79357,3,6,4,06,08,2,0,0,1,0,0,0
"POINT (9.950510075000068 52.372092511000062)",Unfall 79358 (2019) Kat:3, Licht: 0,79358,3,6,2,06,08,2,0,0,0,1,0,0
"POINT (10.101716424000074 52.466662735000057)",Unfall 79359 (2019) Kat:3, Licht: 2,79359,3,7,9,06,03,2,0,2,0,1,0,0
"POINT (9.634891900000071 52.420703608000053)",Unfall 79360 (2019) Kat:3, Licht: 2,79360,3,6,2,06,22,2,0,2,0,1,0,0
"POINT (9.580707931000063 52.397141133000048)",Unfall 79361 (2019) Kat:3, Licht: 0,79361,3,7,8,06,17,2,0,0,1,1,0,0
"POINT (9.724045060000037 52.363724527000045)",Unfall 79362 (2019) Kat:3, Licht: 0,79362,3,2,5,06,16,2,0,0,1,1,0,0
"POINT (9.855263807000029 52.408735907000050)",Unfall 79363 (2019) Kat:3, Licht: 0,79363,3,3,0,06,13,2,0,0,0,1,0,0
"POINT (9.697773122000058 52.377114721000055)",Unfall 79419 (2019) Kat:3, Licht: 0,79419,3,6,2,06,18,1,0,0,0,1,0,0
"POINT (9.811290709000048 52.367229269000063)",Unfall 79420 (2019) Kat:3, Licht: 0,79420,3,2,4,06,16,1,0,0,1,1,0,0
"POINT (10.017170506000070 52.383135351000078)",Unfall 79421 (2019) Kat:3, Licht: 0,79421,3,6,9,06,18,1,0,0,0,1,0,0
"POINT (9.304508528000042 52.493851189000054)",Unfall 79422 (2019) Kat:3, Licht: 0,79422,3,1,8,06,16,1,0,0,0,1,0,0
"POINT (9.618675609000036 52.316463130000045)",Unfall 79423 (2019) Kat:2, Licht: 0,79423,2,1,9,06,08,1,0,0,1,0,0,0
"POINT (9.697729702000061 52.376360656000031)",Unfall 79469 (2019) Kat:3, Licht: 0,79469,3,6,1,06,10,7,0,0,0,1,0,0
"POINT (9.547506380000073 52.403036666000048)",Unfall 79470 (2019) Kat:3, Licht: 0,79470,3,7,8,06,15,7,0,0,0,1,0,0
"POINT (9.792804401000069 52.534715677000065)",Unfall 79471 (2019) Kat:3, Licht: 0,79471,3,6,2,06,11,7,0,0,0,1,0,0
"POINT (9.738050426000029 52.610396002000073)",Unfall 79496 (2019) Kat:1, Licht: 0,79496,1,6,2,06,06,3,0,0,0,0,0,0
"POINT (9.735543501000052 52.403578588000073)",Unfall 79502 (2019) Kat:3, Licht: 0,79502,3,2,3,06,18,3,1,0,1,1,0,0
"POINT (9.740275146000045 52.302193261000070)",Unfall 79503 (2019) Kat:3, Licht: 0,79503,3,6,2,06,18,3,0,0,0,1,0,0
"POINT (9.553246969000043 52.453479282000046)",Unfall 79504 (2019) Kat:3, Licht: 0,79504,3,1,8,06,21,3,0,0,0,1,0,0
"POINT (9.757994446000055 52.522596496000062)",Unfall 79505 (2019) Kat:3, Licht: 0,79505,3,3,5,06,13,3,0,0,1,0,0,0
"POINT (9.744560995000029 52.536052053000049)",Unfall 79506 (2019) Kat:3, Licht: 0,79506,3,3,5,06,17,3,0,0,1,1,0,0
"POINT (9.733018972000025 52.471672224000031)",Unfall 79507 (2019) Kat:3, Licht: 0,79507,3,3,5,06,17,3,0,0,1,1,0,0
"POINT (9.727945691000059 52.427431759000058)",Unfall 79508 (2019) Kat:3, Licht: 0,79508,3,6,2,06,19,3,0,0,0,1,0,0
"POINT (9.778750450000075 52.427792587000056)",Unfall 79509 (2019) Kat:3, Licht: 0,79509,3,7,9,06,17,3,0,0,0,1,0,0
"POINT (9.585855568000056 52.392798088000063)",Unfall 79562 (2019) Kat:3, Licht: 0,79562,3,1,0,06,17,2,0,0,0,0,0,1
"POINT (9.585643654000023 52.392380156000058)",Unfall 79563 (2019) Kat:3, Licht: 0,79563,3,2,0,06,09,2,0,0,0,1,0,1
"POINT (9.608837503000075 52.443633933000058)",Unfall 79564 (2019) Kat:3, Licht: 2,79564,3,7,0,06,01,2,0,2,0,1,0,0
"POINT (9.728132472000027 52.578257219000079)",Unfall 79565 (2019) Kat:3, Licht: 0,79565,3,7,0,06,16,2,0,0,0,1,0,1
"POINT (9.862125898000045 52.370847989000026)",Unfall 79566 (2019) Kat:3, Licht: 0,79566,3,2,6,06,12,2,0,0,0,1,1,0
"POINT (9.679422818000035 52.429315067000061)",Unfall 79567 (2019) Kat:3, Licht: 0,79567,3,6,2,06,13,2,0,0,0,1,0,0
"POINT (9.691275148000045 52.332128435000072)",Unfall 79568 (2019) Kat:3, Licht: 0,79568,3,6,2,06,11,2,0,0,0,1,0,0
"POINT (9.973250270000051 52.385653064000053)",Unfall 79608 (2019) Kat:3, Licht: 0,79608,3,1,8,06,15,1,0,0,0,0,0,1
"POINT (9.877282192000052 52.435091967000062)",Unfall 79609 (2019) Kat:3, Licht: 0,79609,3,1,3,06,18,1,0,0,1,0,0,0
"POINT (9.838406364000036 52.421750181000050)",Unfall 79610 (2019) Kat:3, Licht: 0,79610,3,6,2,06,14,1,0,0,0,1,0,0
"POINT (9.883817381000029 52.430474435000065)",Unfall 79611 (2019) Kat:3, Licht: 0,79611,3,6,9,06,12,1,0,0,0,1,0,0
"POINT (9.641972638000027 52.414667221000059)",Unfall 79642 (2019) Kat:3, Licht: 0,79642,3,7,0,06,08,7,0,0,0,1,0,0
"POINT (9.459780774000024 52.433774557000049)",Unfall 79643 (2019) Kat:3, Licht: 0,79643,3,6,2,06,18,7,0,0,0,1,0,0
"POINT (9.733181514000023 52.319100896000066)",Unfall 79644 (2019) Kat:3, Licht: 0,79644,3,2,5,06,14,7,0,0,1,1,0,0
"POINT (9.448747754000067 52.308225682000057)",Unfall 79645 (2019) Kat:3, Licht: 0,79645,3,3,5,06,08,7,0,0,1,0,0,0
"POINT (9.741064552000069 52.368097729000056)",Unfall 79646 (2019) Kat:2, Licht: 0,79646,2,6,2,06,18,7,0,0,0,1,0,0
"POINT (9.760030912000048 52.347964003000072)",Unfall 79647 (2019) Kat:3, Licht: 0,79647,3,3,5,06,18,7,0,0,1,1,0,0
"POINT (9.649054048000039 52.412351818000047)",Unfall 79648 (2019) Kat:3, Licht: 0,79648,3,6,2,06,17,7,0,0,0,1,0,0
"POINT (10.074871876000032 52.451436697000076)",Unfall 79649 (2019) Kat:2, Licht: 1,79649,2,1,9,06,06,7,1,1,0,1,0,0
"POINT (9.790328949000070 52.558726993000050)",Unfall 79650 (2019) Kat:3, Licht: 0,79650,3,6,2,06,10,7,0,0,0,1,0,0
"POINT (9.701468133000049 52.370653232000052)",Unfall 79700 (2019) Kat:3, Licht: 2,79700,3,1,9,06,23,6,1,2,0,1,0,0
"POINT (9.681115607000038 52.359678212000063)",Unfall 79701 (2019) Kat:3, Licht: 0,79701,3,2,2,06,12,6,0,0,0,1,0,0
"POINT (9.736173504000021 52.399416726000027)",Unfall 79702 (2019) Kat:3, Licht: 0,79702,3,2,0,06,15,6,0,0,0,0,0,1
"POINT (9.749309354000047 52.273356646000082)",Unfall 79703 (2019) Kat:3, Licht: 0,79703,3,2,4,06,10,6,0,0,0,1,0,1
"POINT (9.607360197000048 52.289811378000081)",Unfall 79704 (2019) Kat:3, Licht: 0,79704,3,7,0,06,19,6,0,0,0,0,0,1
"POINT (9.548588013000028 52.340087076000032)",Unfall 79705 (2019) Kat:3, Licht: 0,79705,3,6,4,06,15,6,0,0,1,0,0,0
"POINT (10.022096395000062 52.456680983000069)",Unfall 79706 (2019) Kat:3, Licht: 0,79706,3,6,2,06,17,6,0,0,0,1,0,0
"POINT (9.820890044000066 52.407934589000035)",Unfall 79707 (2019) Kat:3, Licht: 0,79707,3,2,5,06,12,6,0,0,0,1,0,0
"POINT (9.886367031000077 52.427453649000029)",Unfall 79708 (2019) Kat:3, Licht: 0,79708,3,6,9,06,19,6,0,0,0,1,0,0
"POINT (9.893750335000050 52.417228521000027)",Unfall 79709 (2019) Kat:3, Licht: 0,79709,3,6,3,06,19,6,0,0,0,1,0,0
"POINT (9.708313320000059 52.425925526000071)",Unfall 79710 (2019) Kat:2, Licht: 0,79710,2,3,5,06,16,6,0,0,1,1,0,0
"POINT (9.897247081000046 52.313933792000057)",Unfall 79711 (2019) Kat:2, Licht: 0,79711,2,7,5,06,15,6,0,0,1,1,0,0
"POINT (9.961161862000040 52.390211874000045)",Unfall 79712 (2019) Kat:2, Licht: 0,79712,2,6,2,06,15,6,0,0,0,1,0,0
"POINT (9.774103863000050 52.343059331000063)",Unfall 79713 (2019) Kat:3, Licht: 0,79713,3,6,3,06,07,6,0,0,0,1,0,0
"POINT (9.771209255000031 52.579525830000080)",Unfall 79714 (2019) Kat:3, Licht: 0,79714,3,6,2,06,12,6,0,0,0,1,0,1
"POINT (9.889381261000040 52.295484556000076)",Unfall 79715 (2019) Kat:3, Licht: 0,79715,3,6,0,06,13,6,0,0,0,1,0,0
"POINT (9.568606127000066 52.303666295000028)",Unfall 79748 (2019) Kat:3, Licht: 0,79748,3,1,8,06,14,4,1,0,0,1,0,0
"POINT (9.467139717000066 52.381700497000054)",Unfall 79750 (2019) Kat:3, Licht: 0,79750,3,6,2,06,11,4,0,0,0,1,0,0
"POINT (9.857390036000027 52.407976257000030)",Unfall 79753 (2019) Kat:3, Licht: 0,79753,3,6,2,06,09,4,0,0,0,0,0,0
"POINT (9.420063565000021 52.425118010000062)",Unfall 79763 (2019) Kat:3, Licht: 0,79763,3,3,5,06,18,5,0,0,1,1,0,0
"POINT (9.463607607000029 52.535337224000045)",Unfall 79765 (2019) Kat:3, Licht: 0,79765,3,3,5,06,06,5,1,0,0,1,0,0
"POINT (9.754828003000057 52.436255099000050)",Unfall 79766 (2019) Kat:3, Licht: 0,79766,3,3,5,06,14,5,0,0,1,0,0,0
"POINT (9.827122594000059 52.342276679000065)",Unfall 79768 (2019) Kat:3, Licht: 0,79768,3,3,5,06,17,5,0,0,1,0,0,0
"POINT (9.856574307000074 52.388545374000046)",Unfall 79770 (2019) Kat:3, Licht: 0,79770,3,3,5,06,14,5,0,0,1,1,0,0
"POINT (9.718222480000065 52.394347425000035)",Unfall 79773 (2019) Kat:3, Licht: 2,79773,3,1,0,06,00,5,0,2,1,0,0,0
"POINT (9.740056046000063 52.302058103000036)",Unfall 79852 (2019) Kat:3, Licht: 0,79852,3,6,2,06,17,1,0,0,0,1,0,0
"POINT (9.884472430000074 52.426677692000055)",Unfall 79853 (2019) Kat:3, Licht: 0,79853,3,3,0,06,15,1,0,0,0,1,0,1
"POINT (9.426734480000050 52.429640027000062)",Unfall 79881 (2019) Kat:3, Licht: 0,79881,3,6,2,06,14,7,0,0,0,1,0,0
"POINT (9.580012971000031 52.440321721000032)",Unfall 79882 (2019) Kat:3, Licht: 0,79882,3,3,5,06,10,7,0,0,1,1,0,0
"POINT (9.725207007000051 52.563350191000040)",Unfall 79883 (2019) Kat:3, Licht: 0,79883,3,6,2,06,10,7,0,0,0,1,0,0
"POINT (9.968551846000025 52.373260329000061)",Unfall 79884 (2019) Kat:3, Licht: 2,79884,3,5,1,06,02,7,0,2,0,1,0,0
"POINT (10.032943655000054 52.379001304000042)",Unfall 79885 (2019) Kat:3, Licht: 0,79885,3,6,2,06,16,7,0,0,0,1,0,0
"POINT (9.799493712000071 52.409206600000061)",Unfall 79886 (2019) Kat:3, Licht: 0,79886,3,4,0,06,10,7,0,0,1,0,1,0
"POINT (9.719236502000058 52.349560325000027)",Unfall 79945 (2019) Kat:3, Licht: 0,79945,3,6,2,06,15,6,0,0,0,1,0,0
"POINT (9.844803434000028 52.389582959000052)",Unfall 79946 (2019) Kat:3, Licht: 0,79946,3,7,0,06,05,6,0,0,1,0,0,0
"POINT (9.736032712000053 52.400418736000063)",Unfall 79947 (2019) Kat:3, Licht: 0,79947,3,2,3,06,18,6,0,0,1,1,0,0
"POINT (9.732278124000061 52.383112397000048)",Unfall 79948 (2019) Kat:3, Licht: 0,79948,3,6,2,06,11,6,0,0,0,1,0,0
"POINT (9.778779519000068 52.269788408000068)",Unfall 79949 (2019) Kat:3, Licht: 0,79949,3,6,2,06,16,6,0,0,0,1,0,0
"POINT (9.632910886000047 52.253285105000032)",Unfall 79950 (2019) Kat:3, Licht: 2,79950,3,7,8,06,04,6,0,2,0,0,0,0
"POINT (9.746734154000023 52.547529237000049)",Unfall 79951 (2019) Kat:3, Licht: 0,79951,3,6,4,06,18,6,0,0,1,0,0,0
"POINT (9.841378371000076 52.416516290000061)",Unfall 79952 (2019) Kat:3, Licht: 0,79952,3,6,2,06,20,6,0,0,0,1,0,0
"POINT (9.789814335000074 52.354666522000059)",Unfall 79953 (2019) Kat:3, Licht: 0,79953,3,1,9,06,18,6,0,0,0,0,0,1
"POINT (9.777896645000055 52.372026393000056)",Unfall 79954 (2019) Kat:3, Licht: 0,79954,3,6,2,06,15,6,0,0,0,1,0,0
"POINT (10.119048413000030 52.363230234000071)",Unfall 79955 (2019) Kat:3, Licht: 0,79955,3,1,9,06,16,6,0,0,0,0,0,1
"POINT (9.652534703000072 52.409766918000059)",Unfall 80053 (2019) Kat:3, Licht: 0,80053,3,6,2,06,17,3,0,0,0,1,0,0
"POINT (9.782125481000037 52.424702503000049)",Unfall 80056 (2019) Kat:3, Licht: 0,80056,3,3,5,06,17,3,0,0,1,1,0,0
"POINT (9.665544333000071 52.332906843000046)",Unfall 80058 (2019) Kat:3, Licht: 0,80058,3,3,5,06,15,3,0,0,1,1,0,0
"POINT (9.792838450000033 52.518526962000067)",Unfall 80059 (2019) Kat:3, Licht: 0,80059,3,2,2,06,17,3,0,0,0,1,0,0
"POINT (9.969705147000070 52.469831995000050)",Unfall 80061 (2019) Kat:3, Licht: 0,80061,3,3,5,06,16,3,0,0,1,1,0,0
"POINT (9.726808768000069 52.513911002000043)",Unfall 80062 (2019) Kat:2, Licht: 0,80062,2,7,9,06,17,3,0,0,0,1,0,0
"POINT (9.736587249000024 52.611823461000029)",Unfall 80063 (2019) Kat:3, Licht: 0,80063,3,6,2,06,19,5,0,0,0,1,0,0
"POINT (9.830190459000050 52.385442321000028)",Unfall 80064 (2019) Kat:3, Licht: 0,80064,3,7,8,06,11,3,0,0,1,0,0,0
"POINT (9.781151733000058 52.324722993000080)",Unfall 80066 (2019) Kat:3, Licht: 0,80066,3,3,5,06,12,3,0,0,0,1,0,0
"POINT (9.651355958000067 52.419585636000079)",Unfall 80067 (2019) Kat:3, Licht: 0,80067,3,2,5,06,06,3,0,0,0,1,0,0
"POINT (9.699924887000066 52.347597210000060)",Unfall 80069 (2019) Kat:3, Licht: 0,80069,3,6,2,06,09,5,0,0,0,0,0,0
"POINT (9.816760093000028 52.285029287000043)",Unfall 80072 (2019) Kat:3, Licht: 0,80072,3,6,2,06,16,5,0,0,0,1,0,0
"POINT (9.489456778000033 52.490569128000061)",Unfall 80074 (2019) Kat:3, Licht: 0,80074,3,3,5,06,19,5,0,0,0,1,0,0
"POINT (9.510149271000046 52.290241984000033)",Unfall 80076 (2019) Kat:3, Licht: 0,80076,3,2,5,06,20,5,0,0,1,1,0,0
"POINT (9.814275527000063 52.460259562000033)",Unfall 80079 (2019) Kat:3, Licht: 0,80079,3,6,2,06,09,5,0,0,0,1,0,0
"POINT (9.794068385000060 52.536001026000065)",Unfall 80081 (2019) Kat:3, Licht: 0,80081,3,6,2,06,14,5,0,0,0,1,0,0
"POINT (9.898934859000065 52.397256179000067)",Unfall 80083 (2019) Kat:3, Licht: 0,80083,3,6,2,06,12,5,0,0,0,1,0,0
"POINT (9.555662957000038 52.204696400000046)",Unfall 80086 (2019) Kat:2, Licht: 0,80086,2,1,0,06,11,5,0,0,0,0,0,1
"POINT (9.760533462000069 52.587235839000073)",Unfall 80088 (2019) Kat:3, Licht: 0,80088,3,6,2,06,10,5,0,0,0,1,0,0
"POINT (9.813152147000039 52.429417739000030)",Unfall 80091 (2019) Kat:3, Licht: 0,80091,3,6,2,06,08,5,0,0,0,0,0,0
"POINT (9.637813801000050 52.416428766000081)",Unfall 80162 (2019) Kat:3, Licht: 0,80162,3,6,2,06,08,2,0,0,0,1,0,0
"POINT (9.839541687000065 52.272578841000040)",Unfall 80164 (2019) Kat:3, Licht: 0,80164,3,5,0,06,15,2,0,0,1,1,0,0
"POINT (9.865464148000058 52.362740583000061)",Unfall 80165 (2019) Kat:3, Licht: 0,80165,3,6,2,06,07,2,0,0,0,1,0,0
"POINT (9.719317804000070 52.421486775000062)",Unfall 80167 (2019) Kat:3, Licht: 0,80167,3,2,5,06,14,2,0,0,0,1,0,1
"POINT (9.733904983000059 52.309598675000075)",Unfall 80168 (2019) Kat:3, Licht: 0,80168,3,2,4,06,12,2,0,0,0,1,0,0
"POINT (9.611168837000037 52.431484132000037)",Unfall 80170 (2019) Kat:3, Licht: 0,80170,3,6,2,06,16,2,0,0,0,1,0,0
"POINT (9.845656660000032 52.564478318000056)",Unfall 80172 (2019) Kat:3, Licht: 0,80172,3,2,2,06,14,2,0,0,0,1,0,0
"POINT (9.773430867000059 52.370974174000082)",Unfall 80173 (2019) Kat:3, Licht: 0,80173,3,6,2,06,13,2,0,0,0,1,0,0
"POINT (9.779083331000038 52.573329283000078)",Unfall 80176 (2019) Kat:3, Licht: 0,80176,3,6,2,06,11,2,0,0,0,1,0,0
"POINT (9.719211613000027 52.348449329000061)",Unfall 80183 (2019) Kat:3, Licht: 0,80183,3,6,3,06,10,4,0,0,0,1,0,0
"POINT (9.661622345000069 52.376962449000075)",Unfall 80185 (2019) Kat:3, Licht: 2,80185,3,1,7,06,23,4,0,2,0,1,0,0
"POINT (9.688864062000050 52.378190388000064)",Unfall 80188 (2019) Kat:3, Licht: 0,80188,3,6,4,06,08,4,0,0,1,0,0,0
"POINT (9.471143986000072 52.391262930000039)",Unfall 80191 (2019) Kat:3, Licht: 0,80191,3,1,8,06,12,4,0,0,0,1,0,0
"POINT (9.699706085000059 52.214337549000049)",Unfall 80193 (2019) Kat:3, Licht: 0,80193,3,6,2,06,14,4,1,0,0,1,0,0
"POINT (9.739304219000076 52.302791749000050)",Unfall 80196 (2019) Kat:3, Licht: 0,80196,3,7,4,06,18,4,1,0,0,1,0,1
"POINT (9.459743449000030 52.305364381000061)",Unfall 80197 (2019) Kat:3, Licht: 0,80197,3,2,5,06,11,4,0,0,1,0,0,1
"POINT (9.967389019000052 52.315379900000039)",Unfall 80199 (2019) Kat:3, Licht: 0,80199,3,2,4,06,18,4,1,0,1,1,0,0
"POINT (10.108237931000076 52.381431244000055)",Unfall 80202 (2019) Kat:3, Licht: 0,80202,3,3,5,06,08,4,0,0,0,1,0,1
"POINT (9.730474165000032 52.420711317000041)",Unfall 80204 (2019) Kat:3, Licht: 0,80204,3,7,8,06,19,4,0,0,0,1,0,0
"POINT (9.719464606000031 52.336489634000031)",Unfall 80206 (2019) Kat:2, Licht: 0,80206,2,1,9,06,18,4,1,0,0,0,0,0
"POINT (9.608043010000074 52.289989251000065)",Unfall 80207 (2019) Kat:3, Licht: 0,80207,3,3,5,06,08,2,0,0,0,1,0,0
"POINT (9.452037692000033 52.515756194000062)",Unfall 80208 (2019) Kat:3, Licht: 0,80208,3,6,2,06,10,2,0,0,0,1,0,0
"POINT (9.872485246000053 52.310670758000072)",Unfall 80209 (2019) Kat:3, Licht: 0,80209,3,2,4,06,07,2,0,0,0,1,0,0
"POINT (9.720352292000030 52.458719507000069)",Unfall 80210 (2019) Kat:3, Licht: 0,80210,3,2,5,06,05,2,0,0,0,1,0,1
"POINT (10.145387378000066 52.462508030000038)",Unfall 80211 (2019) Kat:3, Licht: 0,80211,3,7,9,06,14,2,0,0,0,1,0,0
"POINT (9.733455470000024 52.384444522000081)",Unfall 80212 (2019) Kat:3, Licht: 0,80212,3,6,4,06,08,2,0,0,1,0,0,0
"POINT (9.845103955000070 52.414191878000054)",Unfall 80213 (2019) Kat:3, Licht: 0,80213,3,6,3,06,17,2,0,0,0,1,0,0
"POINT (9.798841831000061 52.411455874000069)",Unfall 80214 (2019) Kat:2, Licht: 0,80214,2,2,3,06,13,2,0,0,1,0,0,0
"POINT (9.732374032000053 52.383473753000033)",Unfall 80261 (2019) Kat:3, Licht: 0,80261,3,2,2,06,19,1,0,0,0,1,0,0
"POINT (9.957140984000034 52.318767009000055)",Unfall 80262 (2019) Kat:3, Licht: 0,80262,3,7,7,06,07,1,0,0,1,0,0,0
"POINT (10.113770378000027 52.337402096000062)",Unfall 80263 (2019) Kat:3, Licht: 0,80263,3,7,9,06,04,1,0,0,0,1,0,0
"POINT (9.843844311000055 52.360752781000031)",Unfall 80342 (2019) Kat:3, Licht: 0,80342,3,6,2,06,19,7,0,0,0,1,0,0
"POINT (9.448059379000029 52.437801788000058)",Unfall 80343 (2019) Kat:3, Licht: 0,80343,3,6,8,06,15,7,0,0,0,1,0,1
"POINT (9.573514612000054 52.643072731000075)",Unfall 80345 (2019) Kat:3, Licht: 0,80345,3,3,5,06,20,7,0,0,0,1,0,0
"POINT (9.430271542000071 52.569363718000034)",Unfall 80347 (2019) Kat:3, Licht: 0,80347,3,7,0,06,17,7,0,0,0,1,0,0
"POINT (9.451703432000045 52.307470344000080)",Unfall 80349 (2019) Kat:3, Licht: 0,80349,3,5,2,06,18,7,0,0,0,1,0,0
"POINT (9.795977211000036 52.351783844000067)",Unfall 80350 (2019) Kat:2, Licht: 0,80350,2,1,9,06,15,7,0,0,0,0,0,1
"POINT (9.611154846000034 52.298898901000030)",Unfall 80352 (2019) Kat:2, Licht: 0,80352,2,2,2,06,13,7,0,0,0,1,0,0
"POINT (9.730638720000059 52.468492395000055)",Unfall 80354 (2019) Kat:2, Licht: 0,80354,2,2,5,06,12,7,0,0,0,1,0,1
"POINT (9.781838391000065 52.363223745000028)",Unfall 80355 (2019) Kat:2, Licht: 0,80355,2,6,3,06,13,7,0,0,0,1,0,1
"POINT (9.833506382000053 52.300515394000058)",Unfall 80358 (2019) Kat:1, Licht: 0,80358,1,6,4,06,11,7,0,0,0,1,0,0
"POINT (9.688254204000032 52.378397990000053)",Unfall 80389 (2019) Kat:3, Licht: 0,80389,3,6,3,06,16,4,0,0,1,1,0,0
"POINT (9.441028772000038 52.467209469000068)",Unfall 80392 (2019) Kat:3, Licht: 2,80392,3,7,8,06,23,4,0,2,0,0,0,1
"POINT (9.456503563000069 52.495281170000055)",Unfall 80395 (2019) Kat:3, Licht: 0,80395,3,3,5,06,09,4,0,0,0,1,0,0
"POINT (9.577865643000052 52.458637923000026)",Unfall 80398 (2019) Kat:3, Licht: 0,80398,3,7,0,06,09,4,0,0,1,0,0,0
"POINT (10.261245944000052 52.481090117000065)",Unfall 80400 (2019) Kat:3, Licht: 0,80400,3,6,2,06,17,4,0,0,0,1,0,0
"POINT (10.012263310000037 52.448950317000026)",Unfall 80402 (2019) Kat:3, Licht: 0,80402,3,5,1,06,09,4,0,0,0,1,0,0
"POINT (9.827953571000023 52.500076892000038)",Unfall 80403 (2019) Kat:3, Licht: 0,80403,3,6,2,06,14,4,0,0,0,1,0,0
"POINT (9.895295997000062 52.373566308000079)",Unfall 80406 (2019) Kat:3, Licht: 0,80406,3,7,0,06,13,4,0,0,0,1,0,0
"POINT (9.801381515000060 52.430422955000040)",Unfall 80407 (2019) Kat:3, Licht: 0,80407,3,3,5,06,08,4,0,0,1,1,0,0
"POINT (9.745270981000033 52.367047240000034)",Unfall 80410 (2019) Kat:3, Licht: 2,80410,3,7,0,06,00,4,0,2,1,0,0,0
"POINT (9.712028340000074 52.441028959000050)",Unfall 80442 (2019) Kat:3, Licht: 0,80442,3,2,5,06,17,6,0,0,1,1,0,0
"POINT (9.728416343000049 52.374044255000058)",Unfall 80444 (2019) Kat:3, Licht: 0,80444,3,6,2,06,15,6,0,0,0,1,0,0
"POINT (9.621370756000033 52.420998772000075)",Unfall 80445 (2019) Kat:3, Licht: 0,80445,3,6,2,06,15,6,0,0,0,1,0,0
"POINT (9.638043133000053 52.422211726000057)",Unfall 80447 (2019) Kat:3, Licht: 0,80447,3,6,2,06,15,6,0,0,0,1,0,0
"POINT (9.796684390000053 52.316364249000060)",Unfall 80449 (2019) Kat:3, Licht: 0,80449,3,7,0,06,11,6,0,0,0,1,0,0
"POINT (9.675397499000042 52.377258099000073)",Unfall 80532 (2019) Kat:3, Licht: 0,80532,3,7,0,06,12,3,0,0,0,0,0,1
"POINT (9.808602631000042 52.337264256000026)",Unfall 80535 (2019) Kat:3, Licht: 0,80535,3,2,5,06,07,3,0,0,0,1,0,0
"POINT (9.733382500000062 52.417795403000071)",Unfall 80537 (2019) Kat:3, Licht: 0,80537,3,3,5,06,12,3,0,0,1,1,0,0
"POINT (9.830099654000037 52.417114610000056)",Unfall 80539 (2019) Kat:3, Licht: 2,80539,3,7,7,06,23,3,0,2,1,0,0,0
"POINT (9.570050248000030 52.452434814000071)",Unfall 80541 (2019) Kat:3, Licht: 0,80541,3,3,0,06,07,5,0,0,1,1,0,0
"POINT (9.747985821000043 52.217055325000047)",Unfall 80542 (2019) Kat:3, Licht: 0,80542,3,6,2,06,18,3,0,0,0,1,0,0
"POINT (9.740456627000071 52.607479105000039)",Unfall 80543 (2019) Kat:3, Licht: 2,80543,3,1,9,06,00,5,1,2,0,1,0,0
"POINT (9.387937091000026 52.539055095000037)",Unfall 80544 (2019) Kat:3, Licht: 0,80544,3,6,2,06,08,3,0,0,0,1,0,0
"POINT (9.786542537000059 52.389503930000046)",Unfall 80545 (2019) Kat:3, Licht: 0,80545,3,6,2,06,07,5,0,0,0,1,0,0
"POINT (9.871445387000051 52.356979107000029)",Unfall 80546 (2019) Kat:3, Licht: 0,80546,3,1,8,06,16,3,0,0,0,0,0,1
"POINT (9.779824437000059 52.593340682000076)",Unfall 80547 (2019) Kat:2, Licht: 0,80547,2,3,5,06,15,5,0,0,0,1,0,0
"POINT (9.813712837000026 52.304416851000042)",Unfall 80549 (2019) Kat:3, Licht: 0,80549,3,6,2,06,10,3,0,0,0,1,0,0
"POINT (9.572928702000070 52.625710898000079)",Unfall 80551 (2019) Kat:1, Licht: 0,80551,1,2,5,06,05,3,0,0,0,0,0,1
"POINT (9.695660057000055 52.374786276000066)",Unfall 80640 (2019) Kat:3, Licht: 2,80640,3,1,0,06,23,4,1,2,0,0,0,1
"POINT (9.817526171000054 52.300974028000041)",Unfall 80643 (2019) Kat:3, Licht: 0,80643,3,2,5,06,16,4,0,0,1,1,0,0
"POINT (9.776858583000035 52.332933338000032)",Unfall 80644 (2019) Kat:3, Licht: 0,80644,3,2,5,06,14,4,0,0,0,1,0,0
"POINT (9.558170286000063 52.197182618000056)",Unfall 80647 (2019) Kat:3, Licht: 0,80647,3,3,5,06,09,4,0,0,1,1,0,0
"POINT (9.574870812000029 52.457940611000026)",Unfall 80649 (2019) Kat:3, Licht: 0,80649,3,3,5,06,10,4,0,0,1,1,0,0
"POINT (9.726903672000049 52.572078221000027)",Unfall 80650 (2019) Kat:3, Licht: 0,80650,3,6,2,06,12,4,0,0,0,1,0,0
"POINT (9.899946618000058 52.392269308000039)",Unfall 80652 (2019) Kat:3, Licht: 0,80652,3,6,2,06,12,4,0,0,0,1,0,0
"POINT (9.715839832000029 52.458709355000053)",Unfall 80653 (2019) Kat:3, Licht: 0,80653,3,2,5,06,14,4,0,0,0,1,0,0
"POINT (9.823872388000041 52.505733316000033)",Unfall 80655 (2019) Kat:3, Licht: 0,80655,3,6,2,06,09,4,0,0,0,1,0,0
"POINT (9.837030939000044 52.421240495000063)",Unfall 80657 (2019) Kat:3, Licht: 0,80657,3,6,2,06,14,4,0,0,0,1,0,0
"POINT (9.598818704000053 52.216325211000026)",Unfall 80658 (2019) Kat:2, Licht: 0,80658,2,6,2,06,09,4,0,0,0,1,0,0
"POINT (9.668665674000067 52.428050438000071)",Unfall 80661 (2019) Kat:3, Licht: 2,80661,3,6,2,06,23,4,0,2,0,1,0,0
"POINT (9.647675201000027 52.413312145000077)",Unfall 80662 (2019) Kat:3, Licht: 0,80662,3,6,2,06,05,2,0,0,0,1,0,0
"POINT (9.757986329000062 52.370265558000028)",Unfall 80665 (2019) Kat:3, Licht: 0,80665,3,6,2,06,16,2,0,0,0,1,0,0
"POINT (9.838946894000060 52.354990353000062)",Unfall 80667 (2019) Kat:3, Licht: 0,80667,3,6,2,06,09,2,0,0,0,1,0,0
"POINT (9.588677498000038 52.439434349000067)",Unfall 80670 (2019) Kat:3, Licht: 0,80670,3,2,5,07,07,2,0,0,1,0,0,0
"POINT (9.922437434000074 52.368939183000066)",Unfall 80672 (2019) Kat:1, Licht: 0,80672,1,3,5,07,16,2,0,0,1,1,0,0
"POINT (9.728475877000051 52.318573167000068)",Unfall 80675 (2019) Kat:2, Licht: 0,80675,2,2,5,07,16,2,0,0,0,1,0,1
"POINT (9.786064559000067 52.319605016000082)",Unfall 80677 (2019) Kat:3, Licht: 0,80677,3,7,5,07,13,2,0,0,0,1,0,0
"POINT (9.826352206000024 52.502104933000055)",Unfall 80680 (2019) Kat:3, Licht: 0,80680,3,3,3,07,11,2,0,0,0,1,0,0
"POINT (9.688661017000072 52.378269241000055)",Unfall 80726 (2019) Kat:3, Licht: 0,80726,3,4,6,07,14,7,0,0,0,1,1,0
"POINT (9.839776131000065 52.417130541000063)",Unfall 80727 (2019) Kat:3, Licht: 0,80727,3,6,2,07,12,7,0,0,0,1,0,0
"POINT (9.589518993000070 52.438876171000061)",Unfall 80742 (2019) Kat:3, Licht: 0,80742,3,6,3,07,18,1,0,0,0,1,0,0
"POINT (9.641722298000047 52.333738873000073)",Unfall 80765 (2019) Kat:2, Licht: 0,80765,2,7,8,07,18,1,0,0,0,1,0,0
"POINT (9.564601259000028 52.323219166000058)",Unfall 80786 (2019) Kat:3, Licht: 0,80786,3,2,5,06,13,1,0,0,0,1,0,0
"POINT (9.723531717000071 52.456793961000074)",Unfall 80789 (2019) Kat:2, Licht: 0,80789,2,2,2,06,18,1,0,0,0,1,0,0
"POINT (9.726893281000059 52.381052515000079)",Unfall 80791 (2019) Kat:3, Licht: 1,80791,3,6,2,06,21,1,0,1,0,1,0,1
"POINT (9.477359430000035 52.388948674000062)",Unfall 80793 (2019) Kat:3, Licht: 2,80793,3,1,3,06,21,1,0,2,0,1,0,0
"POINT (10.075822150000022 52.367010514000071)",Unfall 80794 (2019) Kat:3, Licht: 0,80794,3,6,3,06,14,1,0,0,0,1,0,0
"POINT (9.719742734000022 52.367639360000055)",Unfall 80797 (2019) Kat:2, Licht: 0,80797,2,7,0,06,12,1,0,0,1,0,0,0
"POINT (9.824714201000063 52.339712477000035)",Unfall 80799 (2019) Kat:3, Licht: 0,80799,3,3,0,06,09,1,0,0,0,1,0,1
"POINT (9.782294825000065 52.325100371000076)",Unfall 80802 (2019) Kat:3, Licht: 0,80802,3,2,2,07,11,6,0,0,0,1,0,0
"POINT (9.668896232000066 52.344833802000039)",Unfall 80803 (2019) Kat:3, Licht: 0,80803,3,6,2,07,12,6,0,0,0,1,0,0
"POINT (9.473859148000031 52.562649292000060)",Unfall 80804 (2019) Kat:3, Licht: 0,80804,3,1,8,07,19,6,0,0,0,1,0,1
"POINT (9.732974580000075 52.471379548000073)",Unfall 80805 (2019) Kat:3, Licht: 0,80805,3,6,2,07,13,6,0,0,0,1,0,0
"POINT (9.729174929000067 52.491681041000049)",Unfall 80806 (2019) Kat:3, Licht: 0,80806,3,3,5,07,08,6,0,0,0,1,0,0
"POINT (9.716859317000058 52.436393126000041)",Unfall 80807 (2019) Kat:2, Licht: 0,80807,2,6,2,07,15,6,0,0,0,1,0,1
"POINT (9.832527457000026 52.422046458000068)",Unfall 80809 (2019) Kat:3, Licht: 0,80809,3,3,0,07,18,6,0,0,0,1,0,0
"POINT (9.726558101000023 52.375593323000032)",Unfall 80810 (2019) Kat:3, Licht: 0,80810,3,3,5,07,16,6,0,0,0,1,0,0
"POINT (9.729086763000055 52.373219291000055)",Unfall 80812 (2019) Kat:3, Licht: 0,80812,3,7,8,07,13,6,0,0,1,0,0,0
"POINT (10.075036164000039 52.367288986000062)",Unfall 80813 (2019) Kat:3, Licht: 0,80813,3,6,2,07,14,6,0,0,0,1,0,0
"POINT (9.644919317000074 52.423177296000063)",Unfall 80815 (2019) Kat:3, Licht: 0,80815,3,6,2,07,12,6,0,0,0,0,0,0
"POINT (9.563048140000035 52.421651690000033)",Unfall 80817 (2019) Kat:3, Licht: 2,80817,3,7,6,07,03,6,0,2,0,1,1,0
"POINT (9.504160075000073 52.339699347000078)",Unfall 80904 (2019) Kat:3, Licht: 0,80904,3,3,5,07,15,5,0,0,0,1,0,1
"POINT (9.418557630000066 52.426749998000048)",Unfall 80905 (2019) Kat:3, Licht: 0,80905,3,6,2,06,16,7,0,0,0,1,0,0
"POINT (9.586131606000038 52.389804289000040)",Unfall 80906 (2019) Kat:3, Licht: 0,80906,3,6,2,06,11,7,0,0,0,1,0,0
"POINT (9.780444476000071 52.590783574000056)",Unfall 80907 (2019) Kat:3, Licht: 0,80907,3,6,4,07,17,5,0,0,0,1,0,0
"POINT (9.451715167000032 52.413810808000051)",Unfall 80908 (2019) Kat:2, Licht: 0,80908,2,6,0,07,19,5,0,0,1,0,1,0
"POINT (9.725715851000075 52.546926089000067)",Unfall 80909 (2019) Kat:3, Licht: 0,80909,3,2,4,06,11,7,0,0,0,1,0,0
"POINT (9.732968764000077 52.420825323000031)",Unfall 80910 (2019) Kat:2, Licht: 0,80910,2,2,0,07,16,5,0,0,1,1,0,0
"POINT (9.829664623000042 52.467094402000043)",Unfall 80911 (2019) Kat:3, Licht: 0,80911,3,3,5,06,18,7,0,0,1,1,0,0
"POINT (9.782692938000025 52.428416811000034)",Unfall 80912 (2019) Kat:3, Licht: 0,80912,3,6,3,07,14,5,0,0,0,1,0,0
"POINT (9.833807633000049 52.398418815000070)",Unfall 80913 (2019) Kat:3, Licht: 0,80913,3,3,5,07,11,5,0,0,1,1,0,0
"POINT (10.264214573000061 52.478607354000076)",Unfall 80914 (2019) Kat:3, Licht: 0,80914,3,2,2,06,10,7,0,0,0,1,0,0
"POINT (10.009594285000048 52.482988473000034)",Unfall 80915 (2019) Kat:3, Licht: 0,80915,3,2,2,06,12,7,0,0,0,1,0,0
"POINT (9.717565216000025 52.396080092000034)",Unfall 80916 (2019) Kat:3, Licht: 0,80916,3,2,2,07,06,5,0,0,1,1,0,0
"POINT (9.584999269000036 52.397119617000044)",Unfall 81001 (2019) Kat:3, Licht: 0,81001,3,6,2,07,07,4,0,0,0,1,0,0
"POINT (9.766560044000073 52.290144774000055)",Unfall 81004 (2019) Kat:3, Licht: 0,81004,3,3,5,07,18,4,0,0,0,1,0,0
"POINT (9.506983635000040 52.553682490000028)",Unfall 81006 (2019) Kat:3, Licht: 0,81006,3,1,0,07,16,4,0,0,1,0,0,0
"POINT (9.711994686000026 52.596899345000054)",Unfall 81007 (2019) Kat:3, Licht: 0,81007,3,3,5,07,16,4,0,0,1,1,0,0
"POINT (10.025045038000030 52.316777958000046)",Unfall 81009 (2019) Kat:3, Licht: 0,81009,3,3,5,07,14,4,0,0,1,1,0,0
"POINT (9.954309325000054 52.321665144000065)",Unfall 81011 (2019) Kat:3, Licht: 0,81011,3,4,6,07,10,4,0,0,0,1,1,0
"POINT (9.844411169000068 52.414177708000068)",Unfall 81014 (2019) Kat:3, Licht: 0,81014,3,6,2,07,17,4,0,0,0,1,0,0
"POINT (9.889087609000058 52.424548962000074)",Unfall 81015 (2019) Kat:3, Licht: 0,81015,3,7,6,07,18,4,0,0,0,1,1,0
"POINT (9.856443030000037 52.418039730000032)",Unfall 81017 (2019) Kat:3, Licht: 0,81017,3,6,2,07,16,4,0,0,0,1,0,0
"POINT (9.888956387000064 52.424772710000070)",Unfall 81019 (2019) Kat:3, Licht: 0,81019,3,7,0,07,12,4,0,0,0,0,0,0
"POINT (9.734361313000022 52.387874619000058)",Unfall 81020 (2019) Kat:3, Licht: 0,81020,3,6,2,06,13,6,0,0,0,1,0,0
"POINT (9.469949200000031 52.356225665000068)",Unfall 81021 (2019) Kat:3, Licht: 0,81021,3,6,2,06,09,6,0,0,0,1,0,0
"POINT (9.581379381000033 52.432735978000039)",Unfall 81022 (2019) Kat:3, Licht: 0,81022,3,1,8,07,06,4,0,0,0,0,0,0
"POINT (9.629381125000066 52.421808661000057)",Unfall 81023 (2019) Kat:2, Licht: 0,81023,2,6,3,07,06,4,0,0,0,0,0,1
"POINT (10.133489021000059 52.459179053000071)",Unfall 81024 (2019) Kat:3, Licht: 0,81024,3,6,2,06,17,6,0,0,0,1,0,0
"POINT (10.207566852000070 52.476965648000032)",Unfall 81026 (2019) Kat:3, Licht: 0,81026,3,3,5,06,15,6,0,0,0,1,0,0
"POINT (9.745790526000064 52.209339470000032)",Unfall 81029 (2019) Kat:3, Licht: 0,81029,3,2,5,06,18,6,0,0,0,1,0,1
"POINT (9.870377493000035 52.442236721000029)",Unfall 81030 (2019) Kat:3, Licht: 0,81030,3,6,3,06,15,6,0,0,0,1,0,0
"POINT (10.006359637000060 52.380663346000063)",Unfall 81032 (2019) Kat:2, Licht: 0,81032,2,2,5,06,12,6,0,0,0,1,0,1
"POINT (9.899676663000037 52.391425069000036)",Unfall 81035 (2019) Kat:2, Licht: 0,81035,2,1,3,06,06,6,0,0,0,1,0,0
"POINT (9.724395625000057 52.427813516000072)",Unfall 81037 (2019) Kat:3, Licht: 0,81037,3,1,3,06,07,6,0,0,0,1,0,0
"POINT (9.722994598000071 52.378200024000080)",Unfall 81117 (2019) Kat:3, Licht: 0,81117,3,6,2,07,15,3,0,0,0,1,0,0
"POINT (9.733939782000050 52.416332617000080)",Unfall 81118 (2019) Kat:3, Licht: 0,81118,3,2,5,07,14,3,0,0,1,1,0,0
"POINT (9.909846911000045 52.292988420000029)",Unfall 81120 (2019) Kat:3, Licht: 0,81120,3,3,5,07,09,3,0,0,0,1,0,1
"POINT (9.723230818000047 52.452620467000031)",Unfall 81124 (2019) Kat:3, Licht: 0,81124,3,3,5,07,14,3,0,0,0,1,0,0
"POINT (9.725288780000028 52.459837574000062)",Unfall 81126 (2019) Kat:3, Licht: 0,81126,3,2,5,07,07,3,0,0,0,1,0,0
"POINT (9.732318896000038 52.383394938000038)",Unfall 81127 (2019) Kat:3, Licht: 0,81127,3,2,5,07,07,3,0,0,1,0,0,0
"POINT (9.589304540000057 52.439313822000031)",Unfall 81164 (2019) Kat:3, Licht: 0,81164,3,6,2,07,19,1,0,0,0,1,0,0
"POINT (9.690543489000049 52.374737927000069)",Unfall 81183 (2019) Kat:3, Licht: 0,81183,3,2,6,06,14,5,0,0,0,0,1,0
"POINT (9.724783176000074 52.380101936000074)",Unfall 81186 (2019) Kat:3, Licht: 0,81186,3,6,2,06,15,5,0,0,0,1,0,0
"POINT (9.592704907000041 52.405886048000070)",Unfall 81188 (2019) Kat:3, Licht: 1,81188,3,3,0,06,05,5,0,1,1,0,0,1
"POINT (9.726809335000041 52.544467413000064)",Unfall 81191 (2019) Kat:3, Licht: 0,81191,3,6,2,06,14,5,0,0,0,1,0,1
"POINT (9.759112953000056 52.452899551000030)",Unfall 81193 (2019) Kat:3, Licht: 0,81193,3,6,2,06,17,5,0,0,0,1,0,0
"POINT (9.791128553000021 52.558243451000067)",Unfall 81196 (2019) Kat:3, Licht: 0,81196,3,6,2,06,13,5,0,0,0,1,0,0
"POINT (9.605347467000058 52.376350260000038)",Unfall 81197 (2019) Kat:1, Licht: 0,81197,1,6,4,06,11,5,0,0,0,1,0,0
"POINT (10.072355664000042 52.367861906000030)",Unfall 81199 (2019) Kat:3, Licht: 0,81199,3,6,2,06,09,5,0,0,0,1,0,0
"POINT (9.379835389000050 52.412139796000076)",Unfall 81214 (2019) Kat:3, Licht: 0,81214,3,1,0,07,07,2,0,0,1,0,0,0
"POINT (9.665065205000076 52.339006974000029)",Unfall 81215 (2019) Kat:3, Licht: 0,81215,3,3,5,07,18,2,0,0,1,1,0,0
"POINT (9.740819953000028 52.301575412000034)",Unfall 81217 (2019) Kat:3, Licht: 0,81217,3,2,2,07,17,2,0,0,0,1,0,1
"POINT (9.570794416000069 52.446560679000072)",Unfall 81235 (2019) Kat:3, Licht: 0,81235,3,6,2,07,19,4,0,0,0,1,0,0
"POINT (9.646777840000027 52.398148103000040)",Unfall 81244 (2019) Kat:2, Licht: 0,81244,2,7,0,07,16,5,0,0,1,0,0,0
"POINT (9.555792778000068 52.204300771000078)",Unfall 81266 (2019) Kat:3, Licht: 0,81266,3,3,5,07,12,7,0,0,0,1,0,0
"POINT (9.791943951000064 52.335035427000037)",Unfall 81269 (2019) Kat:2, Licht: 0,81269,2,3,5,07,17,7,0,0,1,1,0,0
"POINT (9.756959797000036 52.589707359000045)",Unfall 81270 (2019) Kat:2, Licht: 0,81270,2,6,3,07,15,7,0,0,0,1,0,1
"POINT (9.774259844000028 52.371237178000058)",Unfall 81274 (2019) Kat:3, Licht: 0,81274,3,3,5,07,07,7,1,0,0,1,0,0
"POINT (9.501842804000034 52.334767267000075)",Unfall 81285 (2019) Kat:3, Licht: 0,81285,3,3,5,07,16,3,0,0,0,1,0,0
"POINT (9.996538387000044 52.445861817000036)",Unfall 81294 (2019) Kat:3, Licht: 0,81294,3,3,5,07,11,7,0,0,0,1,0,0
"POINT (9.441264987000068 52.311491277000073)",Unfall 81324 (2019) Kat:3, Licht: 0,81324,3,2,2,07,16,6,0,0,0,1,0,0
"POINT (9.741043201000025 52.300998506000042)",Unfall 81348 (2019) Kat:3, Licht: 0,81348,3,4,6,07,14,4,0,0,0,1,1,0
"POINT (9.817826800000034 52.517952572000070)",Unfall 81350 (2019) Kat:3, Licht: 2,81350,3,7,8,07,03,6,1,2,0,0,0,0
"POINT (9.466559909000068 52.334299567000073)",Unfall 81355 (2019) Kat:3, Licht: 0,81355,3,6,2,07,16,5,0,0,0,1,0,0
"POINT (9.734101957000064 52.415009859000065)",Unfall 81368 (2019) Kat:3, Licht: 1,81368,3,6,2,07,20,6,1,1,0,1,0,0
"POINT (9.726038196000047 52.546252996000078)",Unfall 81372 (2019) Kat:3, Licht: 0,81372,3,6,2,07,17,6,1,0,0,1,0,0
"POINT (10.136140536000028 52.416765515000066)",Unfall 81373 (2019) Kat:3, Licht: 0,81373,3,6,8,07,17,6,1,0,0,1,0,0
"POINT (9.801056316000029 52.429342305000034)",Unfall 81375 (2019) Kat:2, Licht: 0,81375,2,3,5,07,16,6,0,0,1,1,0,0
"POINT (9.701256588000035 52.415411919000064)",Unfall 81376 (2019) Kat:3, Licht: 0,81376,3,6,2,07,12,5,0,0,0,1,0,0
"POINT (9.639879774000065 52.422356300000047)",Unfall 81379 (2019) Kat:3, Licht: 0,81379,3,6,2,07,13,6,0,0,0,1,0,0
"POINT (9.827314461000071 52.354166896000038)",Unfall 81390 (2019) Kat:3, Licht: 0,81390,3,7,0,07,09,3,1,0,0,1,0,0
"POINT (9.678550830000063 52.392415411000059)",Unfall 81407 (2019) Kat:3, Licht: 0,81407,3,1,8,07,07,1,1,0,0,1,0,0
"POINT (9.822332887000073 52.407475456000043)",Unfall 81414 (2019) Kat:3, Licht: 0,81414,3,6,0,07,18,3,0,0,0,1,0,0
"POINT (9.670321591000061 52.347545970000056)",Unfall 81424 (2019) Kat:2, Licht: 0,81424,2,3,5,07,17,6,0,0,1,1,0,0
"POINT (9.737222104000068 52.368527339000082)",Unfall 81431 (2019) Kat:3, Licht: 0,81431,3,6,2,07,09,5,0,0,0,1,0,0
"POINT (9.631310321000058 52.505731121000053)",Unfall 81449 (2019) Kat:2, Licht: 0,81449,2,3,5,07,19,4,0,0,1,1,0,0
"POINT (9.564762793000057 52.422745702000043)",Unfall 81458 (2019) Kat:3, Licht: 0,81458,3,7,0,07,18,5,0,0,1,0,0,0
"POINT (9.847368388000064 52.274216504000037)",Unfall 81462 (2019) Kat:3, Licht: 0,81462,3,1,0,07,08,5,1,0,0,0,0,1
"POINT (9.474359426000035 52.389200056000050)",Unfall 81464 (2019) Kat:3, Licht: 0,81464,3,3,5,07,14,5,0,0,0,1,0,0
"POINT (9.441423354000051 52.330614197000045)",Unfall 81467 (2019) Kat:3, Licht: 0,81467,3,6,2,07,13,5,0,0,0,1,0,0
"POINT (9.487969136000061 52.291340766000076)",Unfall 81469 (2019) Kat:3, Licht: 0,81469,3,2,5,07,09,5,0,0,1,1,0,0
"POINT (9.904393658000060 52.297712159000071)",Unfall 81470 (2019) Kat:3, Licht: 0,81470,3,1,9,07,11,5,0,0,0,1,0,0
"POINT (9.827126932000056 52.415630190000059)",Unfall 81474 (2019) Kat:2, Licht: 0,81474,2,4,6,07,07,5,0,0,0,0,1,0
"POINT (9.651911096000049 52.377109260000054)",Unfall 81498 (2019) Kat:3, Licht: 0,81498,3,3,5,07,17,3,0,0,1,1,0,0
"POINT (9.585060669000029 52.391188633000070)",Unfall 81508 (2019) Kat:3, Licht: 2,81508,3,1,8,07,23,7,1,2,0,1,0,0
"POINT (9.789575368000044 52.233556324000062)",Unfall 81529 (2019) Kat:3, Licht: 0,81529,3,6,4,07,16,4,0,0,1,0,0,0
"POINT (9.830253652000067 52.306103155000073)",Unfall 81531 (2019) Kat:3, Licht: 0,81531,3,7,9,07,14,6,0,0,0,1,0,0
"POINT (9.577895006000063 52.284080006000067)",Unfall 81538 (2019) Kat:3, Licht: 0,81538,3,7,8,07,14,6,0,0,0,1,0,0
"POINT (9.816706351000050 52.338447282000061)",Unfall 81562 (2019) Kat:3, Licht: 0,81562,3,3,5,07,18,4,0,0,1,1,0,0
"POINT (9.606335891000072 52.450472205000040)",Unfall 81563 (2019) Kat:3, Licht: 0,81563,3,2,5,07,18,4,0,0,0,1,0,1
"POINT (9.731965068000022 52.369465261000073)",Unfall 81564 (2019) Kat:3, Licht: 0,81564,3,3,5,07,13,5,0,0,0,1,0,0
"POINT (9.873741821000067 52.359983418000070)",Unfall 81567 (2019) Kat:3, Licht: 0,81567,3,3,5,07,15,4,0,0,0,1,0,0
"POINT (9.817714900000055 52.300017106000041)",Unfall 81568 (2019) Kat:3, Licht: 0,81568,3,7,0,07,12,4,0,0,1,0,0,0
"POINT (9.836896820000050 52.421174926000049)",Unfall 81572 (2019) Kat:3, Licht: 0,81572,3,2,5,07,11,5,0,0,0,1,0,0
"POINT (9.727481990000058 52.623121317000027)",Unfall 81611 (2019) Kat:3, Licht: 0,81611,3,6,2,07,19,1,0,0,0,1,0,0
"POINT (9.754305444000067 52.355369354000061)",Unfall 81626 (2019) Kat:3, Licht: 0,81626,3,2,5,07,14,2,0,0,1,0,0,0
"POINT (9.653098182000065 52.171132646000046)",Unfall 81632 (2019) Kat:3, Licht: 0,81632,3,7,5,07,15,2,0,0,1,1,0,0
"POINT (9.641141694000055 52.443238753000060)",Unfall 81633 (2019) Kat:3, Licht: 0,81633,3,6,2,07,17,2,0,0,0,1,0,0
"POINT (9.510120477000044 52.290221949000056)",Unfall 81638 (2019) Kat:2, Licht: 0,81638,2,2,5,07,20,2,0,0,0,1,0,1
"POINT (9.782694295000056 52.324564664000036)",Unfall 81640 (2019) Kat:3, Licht: 0,81640,3,7,0,07,11,2,0,0,1,0,0,0
"POINT (9.553092380000066 52.453539757000044)",Unfall 81659 (2019) Kat:3, Licht: 0,81659,3,7,8,07,10,3,0,0,0,1,0,0
"POINT (9.727576949000024 52.374978917000078)",Unfall 81669 (2019) Kat:3, Licht: 0,81669,3,1,0,07,11,3,1,0,1,0,0,0
"POINT (9.722203983000043 52.378352025000027)",Unfall 81672 (2019) Kat:3, Licht: 0,81672,3,1,0,07,06,3,1,0,0,0,0,1
"POINT (9.832060162000062 52.292609015000039)",Unfall 81674 (2019) Kat:3, Licht: 0,81674,3,6,3,07,16,3,0,0,0,1,0,0
"POINT (9.710361461000048 52.431714315000079)",Unfall 81675 (2019) Kat:3, Licht: 1,81675,3,3,5,07,20,6,0,1,1,1,0,0
"POINT (9.524367531000053 52.416818223000064)",Unfall 81678 (2019) Kat:3, Licht: 0,81678,3,6,2,07,09,3,0,0,0,1,0,0
"POINT (9.836063846000059 52.489915957000051)",Unfall 81714 (2019) Kat:3, Licht: 0,81714,3,3,5,07,06,4,0,0,0,1,0,0
"POINT (9.486194033000061 52.305151651000074)",Unfall 81724 (2019) Kat:3, Licht: 0,81724,3,3,5,07,10,5,0,0,1,1,0,0
"POINT (9.735129558000040 52.613628103000053)",Unfall 81760 (2019) Kat:3, Licht: 0,81760,3,6,2,07,13,1,0,0,0,1,0,0
"POINT (9.697130003000041 52.378054015000032)",Unfall 81776 (2019) Kat:3, Licht: 0,81776,3,6,2,07,19,1,0,0,0,1,0,0
"POINT (9.453894903000048 52.504964228000063)",Unfall 81777 (2019) Kat:3, Licht: 0,81777,3,6,6,07,14,1,0,0,1,0,1,0
"POINT (9.741987295000058 52.208955472000071)",Unfall 81780 (2019) Kat:2, Licht: 0,81780,2,1,8,07,19,1,0,0,0,0,0,1
"POINT (9.754259057000070 52.355435336000028)",Unfall 81781 (2019) Kat:2, Licht: 0,81781,2,3,5,07,15,1,0,0,1,1,0,0
"POINT (9.728983324000069 52.372827151000081)",Unfall 81783 (2019) Kat:3, Licht: 0,81783,3,1,0,07,12,1,0,0,1,0,0,0
"POINT (9.827356533000057 52.355474415000060)",Unfall 81785 (2019) Kat:3, Licht: 0,81785,3,3,5,07,07,3,1,0,0,1,0,1
"POINT (9.769323930000041 52.337117656000032)",Unfall 81792 (2019) Kat:3, Licht: 0,81792,3,6,6,07,14,2,0,0,1,1,1,0
"POINT (9.437275795000062 52.442920332000028)",Unfall 81798 (2019) Kat:3, Licht: 0,81798,3,6,2,07,17,6,0,0,0,1,0,0
"POINT (9.702402822000067 52.414681667000082)",Unfall 81805 (2019) Kat:3, Licht: 0,81805,3,3,5,07,16,2,0,0,1,1,0,0
"POINT (9.699706085000059 52.214337549000049)",Unfall 81807 (2019) Kat:3, Licht: 0,81807,3,3,5,07,12,2,0,0,0,1,0,0
"POINT (9.499368513000036 52.423824007000064)",Unfall 81809 (2019) Kat:1, Licht: 0,81809,1,1,8,07,09,1,0,0,0,1,0,0
"POINT (9.732548065000060 52.423838709000051)",Unfall 81811 (2019) Kat:3, Licht: 0,81811,3,6,3,07,09,2,0,0,0,1,0,0
"POINT (9.733990488000075 52.386918781000077)",Unfall 81815 (2019) Kat:3, Licht: 0,81815,3,7,9,07,14,2,0,0,1,0,0,0
"POINT (9.572288404000062 52.422832584000048)",Unfall 81818 (2019) Kat:3, Licht: 0,81818,3,6,2,07,13,2,0,0,0,1,0,0
"POINT (9.730213768000056 52.368958507000059)",Unfall 81823 (2019) Kat:3, Licht: 0,81823,3,3,5,07,08,2,0,0,1,1,0,0
"POINT (9.765913710000064 52.341372315000058)",Unfall 81826 (2019) Kat:3, Licht: 0,81826,3,7,0,07,06,2,0,0,0,0,0,1
"POINT (9.748107181000023 52.452715841000042)",Unfall 81837 (2019) Kat:2, Licht: 0,81837,2,7,7,07,16,6,0,0,1,0,0,0
"POINT (9.784006738000073 52.372369796000044)",Unfall 81843 (2019) Kat:3, Licht: 0,81843,3,6,2,07,13,5,0,0,0,1,0,0
"POINT (9.717292078000071 52.346163487000069)",Unfall 81845 (2019) Kat:3, Licht: 0,81845,3,6,2,08,19,1,0,0,0,1,0,0
"POINT (9.877575311000044 52.425315157000057)",Unfall 81846 (2019) Kat:3, Licht: 1,81846,3,6,0,07,05,2,0,1,0,1,0,0
"POINT (9.867541909000067 52.498777997000047)",Unfall 81848 (2019) Kat:2, Licht: 0,81848,2,7,0,08,15,1,0,0,1,0,0,0
"POINT (9.820907159000058 52.407924770000079)",Unfall 81849 (2019) Kat:3, Licht: 0,81849,3,2,5,08,19,1,0,0,0,1,0,0
"POINT (9.740188051000075 52.368251737000037)",Unfall 81850 (2019) Kat:2, Licht: 2,81850,2,3,5,08,01,1,0,2,1,1,0,0
"POINT (9.361319178000031 52.453924443000062)",Unfall 81900 (2019) Kat:3, Licht: 0,81900,3,6,4,07,14,1,0,0,0,1,0,1
"POINT (9.848586359000024 52.491032991000054)",Unfall 81901 (2019) Kat:3, Licht: 0,81901,3,1,0,07,19,1,1,0,0,0,0,1
"POINT (9.654101985000068 52.408411228000034)",Unfall 81905 (2019) Kat:3, Licht: 0,81905,3,6,2,07,18,1,0,0,0,1,0,0
"POINT (9.779042304000029 52.573366930000077)",Unfall 81909 (2019) Kat:3, Licht: 0,81909,3,6,2,07,18,1,0,0,0,1,0,1
"POINT (9.730348501000037 52.209837872000037)",Unfall 81910 (2019) Kat:2, Licht: 0,81910,2,6,9,07,16,1,0,0,0,1,0,0
"POINT (9.736761284000068 52.368608361000042)",Unfall 81912 (2019) Kat:3, Licht: 0,81912,3,1,0,07,10,1,0,0,1,0,0,0
"POINT (9.624842096000066 52.424829362000082)",Unfall 81939 (2019) Kat:3, Licht: 0,81939,3,6,2,08,12,7,0,0,0,1,0,0
"POINT (9.689956231000053 52.272981640000069)",Unfall 81941 (2019) Kat:2, Licht: 2,81941,2,1,9,08,03,7,0,2,0,1,0,0
"POINT (9.864649270000029 52.447622052000042)",Unfall 81942 (2019) Kat:3, Licht: 2,81942,3,1,8,08,01,7,0,2,0,1,0,0
"POINT (9.448169715000063 52.423423154000034)",Unfall 82027 (2019) Kat:3, Licht: 0,82027,3,6,2,07,18,7,0,0,0,1,0,0
"POINT (9.517019535000031 52.173707853000053)",Unfall 82028 (2019) Kat:3, Licht: 0,82028,3,6,3,07,14,7,0,0,0,1,0,0
"POINT (9.717874404000042 52.608595406000063)",Unfall 82029 (2019) Kat:3, Licht: 0,82029,3,6,2,07,13,7,0,0,0,1,0,0
"POINT (9.959524757000054 52.456079114000033)",Unfall 82036 (2019) Kat:2, Licht: 0,82036,2,1,9,07,16,7,0,0,0,0,0,1
"POINT (9.823515145000044 52.384220151000079)",Unfall 82037 (2019) Kat:3, Licht: 0,82037,3,2,5,07,15,7,0,0,0,1,0,0
"POINT (9.714887702000056 52.366612371000031)",Unfall 82059 (2019) Kat:3, Licht: 0,82059,3,2,5,08,12,6,0,0,1,1,0,0
"POINT (9.453039034000028 52.510818876000030)",Unfall 82064 (2019) Kat:3, Licht: 0,82064,3,3,0,08,09,6,0,0,1,1,0,0
"POINT (9.705269374000068 52.412755826000080)",Unfall 82066 (2019) Kat:3, Licht: 2,82066,3,1,8,08,20,6,1,2,0,1,0,0
"POINT (9.641879383000060 52.414697411000077)",Unfall 82070 (2019) Kat:3, Licht: 2,82070,3,6,2,08,21,6,1,2,0,1,0,0
"POINT (9.724593004000042 52.380003417000069)",Unfall 82074 (2019) Kat:3, Licht: 0,82074,3,6,2,08,19,6,1,0,0,1,0,0
"POINT (9.789895756000021 52.349068505000048)",Unfall 82076 (2019) Kat:3, Licht: 0,82076,3,6,2,08,17,6,0,0,0,1,0,0
"POINT (9.760861042000045 52.347053828000071)",Unfall 82077 (2019) Kat:2, Licht: 0,82077,2,1,0,08,16,6,1,0,1,0,0,0
"POINT (9.736280432000058 52.397817772000053)",Unfall 82080 (2019) Kat:3, Licht: 0,82080,3,6,2,08,11,6,0,0,0,0,0,1
"POINT (9.798340675000077 52.412467277000076)",Unfall 82081 (2019) Kat:3, Licht: 0,82081,3,7,0,08,07,6,0,0,1,0,0,0
"POINT (9.714251165000064 52.362236179000035)",Unfall 82104 (2019) Kat:3, Licht: 0,82104,3,2,5,08,16,5,0,0,0,1,0,0
"POINT (9.760914084000035 52.346991577000040)",Unfall 82108 (2019) Kat:3, Licht: 0,82108,3,3,5,08,17,5,0,0,1,0,0,0
"POINT (9.733822777000057 52.385991876000048)",Unfall 82111 (2019) Kat:3, Licht: 0,82111,3,6,2,08,16,5,0,0,0,1,0,0
"POINT (9.630639008000060 52.330662226000072)",Unfall 82116 (2019) Kat:3, Licht: 0,82116,3,6,2,08,17,5,0,0,0,1,0,0
"POINT (9.732257911000033 52.311608812000031)",Unfall 82119 (2019) Kat:3, Licht: 0,82119,3,6,2,08,13,5,0,0,0,1,0,0
"POINT (9.550601089000054 52.440906166000048)",Unfall 82121 (2019) Kat:3, Licht: 0,82121,3,3,5,08,07,5,0,0,1,1,0,0
"POINT (9.973551147000023 52.383939646000044)",Unfall 82123 (2019) Kat:3, Licht: 0,82123,3,6,2,08,14,5,0,0,0,1,0,0
"POINT (9.854265880000071 52.390407101000051)",Unfall 82128 (2019) Kat:2, Licht: 0,82128,2,1,0,08,11,5,0,0,0,0,0,1
"POINT (9.746716381000056 52.365079524000066)",Unfall 82156 (2019) Kat:3, Licht: 0,82156,3,6,2,07,13,6,0,0,0,1,0,0
"POINT (9.495473296000057 52.419959777000031)",Unfall 82161 (2019) Kat:3, Licht: 0,82161,3,2,4,07,13,6,0,0,1,1,0,0
"POINT (9.724280726000075 52.602830489000041)",Unfall 82163 (2019) Kat:3, Licht: 0,82163,3,3,5,07,19,6,0,0,0,1,0,0
"POINT (9.564474839000070 52.422156277000056)",Unfall 82175 (2019) Kat:3, Licht: 0,82175,3,6,2,07,07,6,0,0,0,1,0,0
"POINT (9.731598823000070 52.369409839000070)",Unfall 82187 (2019) Kat:3, Licht: 0,82187,3,2,5,08,17,5,0,0,1,1,0,0
"POINT (9.646078694000039 52.406272922000028)",Unfall 82192 (2019) Kat:3, Licht: 0,82192,3,6,2,08,13,5,0,0,0,1,0,0
"POINT (9.517121046000057 52.346422715000074)",Unfall 82193 (2019) Kat:3, Licht: 0,82193,3,1,0,08,19,5,0,0,1,0,0,0
"POINT (9.795163185000035 52.557242811000037)",Unfall 82199 (2019) Kat:3, Licht: 0,82199,3,3,5,08,18,5,0,0,1,1,0,0
"POINT (9.837934874000041 52.421490137000035)",Unfall 82200 (2019) Kat:3, Licht: 0,82200,3,6,3,08,09,5,0,0,0,1,0,0
"POINT (9.673484822000035 52.428644551000048)",Unfall 82206 (2019) Kat:2, Licht: 0,82206,2,7,7,08,19,5,0,0,0,1,0,0
"POINT (9.832047058000057 52.409386608000034)",Unfall 82208 (2019) Kat:3, Licht: 0,82208,3,6,2,08,16,5,0,0,0,1,0,0
"POINT (9.754403315000047 52.370057523000071)",Unfall 82209 (2019) Kat:3, Licht: 0,82209,3,6,3,08,11,5,0,0,0,1,0,1
"POINT (9.576036490000035 52.189225315000044)",Unfall 82232 (2019) Kat:3, Licht: 0,82232,3,2,2,08,10,4,0,0,0,1,0,1
"POINT (9.455163205000076 52.507787788000030)",Unfall 82236 (2019) Kat:3, Licht: 0,82236,3,2,2,08,15,4,0,0,1,0,0,0
"POINT (9.732992242000023 52.471279812000034)",Unfall 82240 (2019) Kat:3, Licht: 0,82240,3,6,2,08,16,4,0,0,0,1,0,0
"POINT (9.791164688000038 52.557041841000057)",Unfall 82243 (2019) Kat:3, Licht: 2,82243,3,6,2,08,21,4,1,2,0,1,0,0
"POINT (9.434175501000027 52.422093436000068)",Unfall 82245 (2019) Kat:3, Licht: 0,82245,3,3,5,07,16,5,0,0,0,1,0,0
"POINT (9.723510206000071 52.325060089000033)",Unfall 82246 (2019) Kat:3, Licht: 0,82246,3,6,2,07,09,5,0,0,0,1,0,0
"POINT (9.665243996000072 52.336282311000048)",Unfall 82247 (2019) Kat:3, Licht: 0,82247,3,6,2,07,09,5,0,0,0,1,0,0
"POINT (9.728149530000053 52.533413508000081)",Unfall 82248 (2019) Kat:2, Licht: 0,82248,2,7,0,08,18,4,0,0,0,1,0,0
"POINT (9.778121225000064 52.373292590000062)",Unfall 82251 (2019) Kat:3, Licht: 0,82251,3,6,2,08,16,4,0,0,0,1,0,0
"POINT (9.395539369000062 52.601401584000030)",Unfall 82252 (2019) Kat:3, Licht: 0,82252,3,1,9,07,09,5,0,0,0,1,0,0
"POINT (9.594670269000062 52.423554146000072)",Unfall 82253 (2019) Kat:3, Licht: 0,82253,3,6,2,08,10,4,0,0,0,0,0,0
"POINT (9.483045500000060 52.293090881000069)",Unfall 82254 (2019) Kat:3, Licht: 0,82254,3,7,0,07,06,5,0,0,0,0,0,0
"POINT (10.125403236000068 52.371970630000078)",Unfall 82255 (2019) Kat:3, Licht: 0,82255,3,2,4,07,15,5,0,0,0,1,0,0
"POINT (9.696385850000070 52.379804833000037)",Unfall 82260 (2019) Kat:2, Licht: 2,82260,2,2,5,07,23,5,0,2,0,1,0,0
"POINT (9.806587368000066 52.336336053000082)",Unfall 82262 (2019) Kat:3, Licht: 0,82262,3,7,9,07,15,5,0,0,0,1,0,1
"POINT (9.677979602000050 52.360428313000057)",Unfall 82266 (2019) Kat:2, Licht: 0,82266,2,3,5,07,16,5,0,0,0,1,0,1
"POINT (9.570051475000071 52.453360411000062)",Unfall 82272 (2019) Kat:2, Licht: 0,82272,2,2,5,07,13,5,0,0,0,0,0,1
"POINT (9.863520983000058 52.329201930000067)",Unfall 82274 (2019) Kat:3, Licht: 0,82274,3,6,9,07,13,5,0,0,0,1,0,0
"POINT (9.790369806000058 52.429982551000080)",Unfall 82275 (2019) Kat:3, Licht: 0,82275,3,6,2,07,13,5,0,0,0,1,0,0
"POINT (9.696226252000031 52.379648099000065)",Unfall 82323 (2019) Kat:3, Licht: 0,82323,3,7,5,07,19,4,0,0,0,1,0,0
"POINT (9.762170603000072 52.370417332000045)",Unfall 82324 (2019) Kat:3, Licht: 0,82324,3,2,5,07,12,4,0,0,1,1,0,0
"POINT (9.720477719000030 52.391490719000046)",Unfall 82326 (2019) Kat:3, Licht: 0,82326,3,1,0,07,10,4,0,0,1,0,0,0
"POINT (10.027018002000034 52.453581505000045)",Unfall 82331 (2019) Kat:3, Licht: 0,82331,3,6,2,07,13,4,0,0,0,1,0,0
"POINT (9.870748421000030 52.309618396000076)",Unfall 82332 (2019) Kat:2, Licht: 0,82332,2,6,9,07,15,4,0,0,0,1,0,0
"POINT (9.856006719000050 52.388847515000066)",Unfall 82340 (2019) Kat:3, Licht: 0,82340,3,3,5,08,15,3,0,0,0,1,0,0
"POINT (9.727530057000024 52.386969373000056)",Unfall 82341 (2019) Kat:3, Licht: 0,82341,3,1,8,08,10,3,1,0,0,1,0,1
"POINT (9.823899194000035 52.413801949000060)",Unfall 82344 (2019) Kat:3, Licht: 0,82344,3,2,5,08,17,3,0,0,0,1,0,0
"POINT (9.632099790000041 52.410698496000066)",Unfall 82345 (2019) Kat:3, Licht: 0,82345,3,1,8,07,06,4,1,0,0,1,0,0
"POINT (9.734065628000053 52.309396185000026)",Unfall 82347 (2019) Kat:2, Licht: 0,82347,2,6,4,08,09,3,0,0,1,0,0,0
"POINT (9.726766502000032 52.544562733000078)",Unfall 82351 (2019) Kat:3, Licht: 0,82351,3,3,5,08,15,3,0,0,0,1,0,0
"POINT (9.763347240000030 52.343932005000056)",Unfall 82385 (2019) Kat:3, Licht: 0,82385,3,2,5,07,11,4,0,0,1,1,0,0
"POINT (9.735608712000044 52.403213512000036)",Unfall 82386 (2019) Kat:3, Licht: 0,82386,3,6,2,07,17,4,0,0,0,1,0,0
"POINT (9.729681260000064 52.384168854000052)",Unfall 82387 (2019) Kat:3, Licht: 0,82387,3,5,1,07,13,4,0,0,1,1,0,0
"POINT (9.411406974000045 52.427668074000053)",Unfall 82391 (2019) Kat:3, Licht: 0,82391,3,3,5,07,10,4,0,0,1,1,0,0
"POINT (9.592733669000040 52.396117654000079)",Unfall 82393 (2019) Kat:3, Licht: 0,82393,3,5,0,07,15,4,0,0,1,1,0,0
"POINT (9.690301858000055 52.377251493000074)",Unfall 82394 (2019) Kat:3, Licht: 0,82394,3,7,0,07,17,4,0,0,1,0,0,0
"POINT (9.931084198000065 52.393577880000066)",Unfall 82398 (2019) Kat:3, Licht: 0,82398,3,6,3,07,13,4,0,0,0,1,0,0
"POINT (9.753102041000034 52.369971860000078)",Unfall 82404 (2019) Kat:3, Licht: 0,82404,3,3,5,07,06,4,0,0,1,0,0,0
"POINT (9.744707277000032 52.367498707000038)",Unfall 82441 (2019) Kat:3, Licht: 0,82441,3,2,3,07,12,3,0,0,1,1,0,0
"POINT (9.663401596000028 52.315863525000054)",Unfall 82443 (2019) Kat:3, Licht: 0,82443,3,3,5,07,21,3,0,0,0,1,0,0
"POINT (9.725533709000047 52.322440301000029)",Unfall 82448 (2019) Kat:3, Licht: 2,82448,3,1,0,07,22,3,0,2,1,0,0,0
"POINT (9.532918054000049 52.560457218000067)",Unfall 82449 (2019) Kat:3, Licht: 0,82449,3,1,9,07,06,3,0,0,0,1,0,0
"POINT (9.466157814000042 52.320551459000058)",Unfall 82455 (2019) Kat:3, Licht: 0,82455,3,6,2,07,14,3,0,0,0,1,0,0
"POINT (9.725203863000047 52.563329220000071)",Unfall 82457 (2019) Kat:3, Licht: 0,82457,3,3,5,07,12,3,0,0,1,1,0,0
"POINT (9.760177540000029 52.587241287000040)",Unfall 82458 (2019) Kat:3, Licht: 0,82458,3,6,2,07,09,3,0,0,0,1,0,0
"POINT (9.708910838000065 52.366066181000065)",Unfall 82461 (2019) Kat:3, Licht: 0,82461,3,2,6,07,10,3,0,0,0,1,1,0
"POINT (9.734119105000048 52.369071241000029)",Unfall 82464 (2019) Kat:3, Licht: 0,82464,3,7,2,08,07,2,0,0,0,1,0,0
"POINT (9.732285728000022 52.383120484000074)",Unfall 82468 (2019) Kat:3, Licht: 0,82468,3,2,5,08,18,2,1,0,0,1,0,0
"POINT (9.486184303000073 52.305143245000068)",Unfall 82479 (2019) Kat:3, Licht: 0,82479,3,3,5,08,14,2,0,0,1,1,0,0
"POINT (9.913172338000038 52.272604109000042)",Unfall 82480 (2019) Kat:3, Licht: 0,82480,3,7,2,07,16,3,0,0,0,1,0,0
"POINT (9.954424829000061 52.372408866000058)",Unfall 82484 (2019) Kat:3, Licht: 2,82484,3,7,7,08,22,2,0,2,1,0,0,0
"POINT (9.811086267000064 52.333047264000072)",Unfall 82487 (2019) Kat:2, Licht: 0,82487,2,1,9,08,15,2,0,0,0,1,0,1
"POINT (9.749843862000034 52.369268604000069)",Unfall 82489 (2019) Kat:3, Licht: 0,82489,3,2,2,08,09,2,0,0,0,1,0,0
"POINT (9.697858448000034 52.347579106000069)",Unfall 82514 (2019) Kat:3, Licht: 0,82514,3,6,2,07,15,3,0,0,0,1,0,0
"POINT (9.698840364000034 52.375443792000056)",Unfall 82520 (2019) Kat:3, Licht: 0,82520,3,5,2,07,13,3,0,0,0,0,0,0
"POINT (9.735789915000055 52.399853408000070)",Unfall 82521 (2019) Kat:3, Licht: 0,82521,3,6,2,07,14,3,0,0,0,1,0,0
"POINT (9.839295536000066 52.490696650000075)",Unfall 82522 (2019) Kat:2, Licht: 0,82522,2,2,5,07,19,3,0,0,1,1,0,0
"POINT (9.774408328000050 52.371245964000082)",Unfall 82527 (2019) Kat:3, Licht: 0,82527,3,6,3,07,10,3,0,0,0,1,0,0
"POINT (9.427736894000077 52.431088446000047)",Unfall 82591 (2019) Kat:3, Licht: 0,82591,3,2,2,07,15,2,0,0,0,1,0,0
"POINT (9.837442960000033 52.387340009000070)",Unfall 82596 (2019) Kat:3, Licht: 0,82596,3,3,5,07,14,2,0,0,1,1,0,0
"POINT (9.604831785000044 52.454173120000064)",Unfall 82619 (2019) Kat:3, Licht: 2,82619,3,7,0,08,03,4,0,2,1,0,0,0
"POINT (9.920200662000070 52.591788590000078)",Unfall 82620 (2019) Kat:3, Licht: 0,82620,3,7,8,08,20,4,0,0,1,0,0,0
"POINT (9.991620186000034 52.459111490000055)",Unfall 82622 (2019) Kat:3, Licht: 0,82622,3,7,8,08,16,4,0,0,1,1,0,0
"POINT (10.056262271000037 52.408168482000065)",Unfall 82623 (2019) Kat:3, Licht: 0,82623,3,7,8,08,07,4,0,0,0,0,0,0
"POINT (9.733642487000054 52.384455306000064)",Unfall 82624 (2019) Kat:2, Licht: 2,82624,2,1,0,08,01,4,0,2,1,0,0,0
"POINT (9.763449292000075 52.343832852000048)",Unfall 82648 (2019) Kat:3, Licht: 0,82648,3,2,5,08,18,6,1,0,1,1,0,0
"POINT (9.755677879000075 52.370126644000038)",Unfall 82676 (2019) Kat:3, Licht: 0,82676,3,5,1,08,17,3,0,0,0,0,0,0
"POINT (9.702186241000049 52.414820483000028)",Unfall 82677 (2019) Kat:3, Licht: 0,82677,3,6,2,08,08,3,0,0,0,1,0,0
"POINT (9.294314229000065 52.490953569000055)",Unfall 82678 (2019) Kat:3, Licht: 0,82678,3,3,5,08,11,3,0,0,1,1,0,0
"POINT (9.450740177000057 52.467358210000043)",Unfall 82679 (2019) Kat:3, Licht: 0,82679,3,7,0,08,15,3,1,0,1,0,0,0
"POINT (9.909982259000060 52.396104928000057)",Unfall 82680 (2019) Kat:3, Licht: 0,82680,3,6,3,08,17,3,0,0,0,1,0,0
"POINT (9.699234415000035 52.347224102000041)",Unfall 82681 (2019) Kat:3, Licht: 2,82681,3,7,9,08,03,3,0,2,0,1,0,0
"POINT (9.727214060000051 52.367038302000026)",Unfall 82728 (2019) Kat:3, Licht: 2,82728,3,7,0,08,20,2,1,2,0,0,0,1
"POINT (9.768015156000047 52.174625934000062)",Unfall 82729 (2019) Kat:3, Licht: 0,82729,3,1,8,08,16,2,0,0,0,0,0,1
"POINT (10.115295259000050 52.355910210000047)",Unfall 82730 (2019) Kat:3, Licht: 0,82730,3,7,0,08,19,2,0,0,1,0,0,0
"POINT (9.732584409000026 52.471026407000068)",Unfall 82731 (2019) Kat:3, Licht: 0,82731,3,2,4,08,11,2,0,0,0,1,0,0
"POINT (9.717952259000072 52.315768270000035)",Unfall 82732 (2019) Kat:2, Licht: 0,82732,2,1,0,08,18,2,0,0,1,0,0,0
"POINT (9.528839294000022 52.498383130000036)",Unfall 82734 (2019) Kat:2, Licht: 0,82734,2,3,5,08,07,2,0,0,0,1,0,1
"POINT (9.866495241000052 52.304535195000028)",Unfall 82735 (2019) Kat:3, Licht: 1,82735,3,7,8,08,07,2,0,1,0,1,0,0
"POINT (9.945292479000045 52.333442589000072)",Unfall 82781 (2019) Kat:3, Licht: 0,82781,3,4,0,08,16,1,0,0,0,1,1,1
"POINT (10.133711402000074 52.459371476000058)",Unfall 82782 (2019) Kat:3, Licht: 2,82782,3,6,2,08,04,1,0,2,0,1,0,0
"POINT (9.726296180000077 52.366093694000028)",Unfall 82783 (2019) Kat:3, Licht: 2,82783,3,6,3,08,04,1,0,2,0,1,0,1
"POINT (9.793294993000075 52.416314036000074)",Unfall 82784 (2019) Kat:3, Licht: 0,82784,3,3,5,08,09,1,0,0,1,1,0,0
"POINT (9.696410791000062 52.379950695000048)",Unfall 82823 (2019) Kat:3, Licht: 0,82823,3,6,2,08,15,7,0,0,0,1,0,0
"POINT (9.752668844000027 52.357318288000045)",Unfall 82824 (2019) Kat:3, Licht: 2,82824,3,5,1,08,02,7,0,2,1,1,0,0
"POINT (9.703365156000075 52.422928935000073)",Unfall 82825 (2019) Kat:3, Licht: 0,82825,3,6,2,08,12,7,0,0,0,1,0,0
"POINT (9.736282772000038 52.398364713000035)",Unfall 82826 (2019) Kat:3, Licht: 0,82826,3,6,3,08,10,7,0,0,0,1,0,1
"POINT (9.728299012000036 52.381598455000073)",Unfall 82827 (2019) Kat:3, Licht: 2,82827,3,3,5,08,22,7,0,2,1,1,0,0
"POINT (9.776372474000027 52.575783214000069)",Unfall 82828 (2019) Kat:3, Licht: 0,82828,3,6,2,08,10,7,0,0,0,1,0,0
"POINT (10.072788844000058 52.367762692000042)",Unfall 82829 (2019) Kat:3, Licht: 0,82829,3,7,2,08,06,6,0,0,0,1,0,0
"POINT (9.952944927000033 52.390873869000075)",Unfall 82830 (2019) Kat:3, Licht: 0,82830,3,1,9,08,06,7,0,0,0,1,0,0
"POINT (9.714315148000026 52.361094467000044)",Unfall 82842 (2019) Kat:3, Licht: 0,82842,3,2,5,08,13,6,0,0,0,1,0,0
"POINT (9.726853846000040 52.375654735000069)",Unfall 82912 (2019) Kat:3, Licht: 0,82912,3,3,5,08,19,2,0,0,1,0,0,0
"POINT (9.578377054000043 52.366687623000075)",Unfall 82913 (2019) Kat:2, Licht: 0,82913,2,2,5,08,15,2,0,0,1,0,0,0
"POINT (9.728448432000050 52.368009432000065)",Unfall 82914 (2019) Kat:3, Licht: 0,82914,3,3,5,08,14,2,0,0,1,1,0,0
"POINT (9.743315680000023 52.547440423000069)",Unfall 82915 (2019) Kat:3, Licht: 0,82915,3,3,5,08,14,2,0,0,1,1,0,0
"POINT (9.791814897000052 52.556180451000046)",Unfall 82916 (2019) Kat:3, Licht: 0,82916,3,6,3,08,13,2,0,0,0,1,0,0
"POINT (9.733143517000030 52.384042729000043)",Unfall 82917 (2019) Kat:3, Licht: 0,82917,3,6,3,08,07,2,0,0,1,0,0,0
"POINT (9.603461885000058 52.333525613000063)",Unfall 82941 (2019) Kat:3, Licht: 0,82941,3,6,2,08,17,3,0,0,0,1,0,0
"POINT (10.197768985000039 52.464163909000035)",Unfall 82952 (2019) Kat:2, Licht: 0,82952,2,7,0,08,10,3,0,0,0,1,0,0
"POINT (9.623206577000076 52.330003157000078)",Unfall 82956 (2019) Kat:2, Licht: 0,82956,2,6,2,08,07,3,0,0,0,1,0,0
"POINT (9.754932516000054 52.287077535000037)",Unfall 82969 (2019) Kat:3, Licht: 1,82969,3,1,8,08,06,1,0,1,0,1,0,0
"POINT (9.725806281000075 52.546737263000068)",Unfall 82970 (2019) Kat:3, Licht: 0,82970,3,2,5,08,16,1,1,0,1,1,0,0
"POINT (9.945259835000059 52.333456759000057)",Unfall 82971 (2019) Kat:3, Licht: 0,82971,3,6,2,08,17,1,1,0,0,1,0,0
"POINT (10.027878124000040 52.316448182000045)",Unfall 82972 (2019) Kat:3, Licht: 0,82972,3,1,9,08,14,1,1,0,0,1,0,0
"POINT (10.012393164000059 52.479061921000039)",Unfall 82973 (2019) Kat:3, Licht: 2,82973,3,1,8,08,22,1,0,2,0,1,0,0
"POINT (9.872501398000054 52.310673337000026)",Unfall 82974 (2019) Kat:3, Licht: 0,82974,3,2,5,08,16,1,1,0,0,1,0,0
"POINT (9.605545194000058 52.601677667000047)",Unfall 82975 (2019) Kat:2, Licht: 0,82975,2,1,8,08,15,1,1,0,0,0,0,1
"POINT (9.653787861000069 52.408710743000029)",Unfall 82976 (2019) Kat:3, Licht: 0,82976,3,6,2,08,11,1,1,0,0,1,0,0
"POINT (9.761109236000038 52.346260372000074)",Unfall 83012 (2019) Kat:3, Licht: 0,83012,3,6,2,08,14,7,0,0,0,1,0,0
"POINT (9.447326880000048 52.529666757000030)",Unfall 83013 (2019) Kat:3, Licht: 2,83013,3,3,5,08,01,7,0,2,0,0,0,1
"POINT (9.733327353000050 52.472113782000065)",Unfall 83014 (2019) Kat:3, Licht: 0,83014,3,2,5,08,18,7,0,0,0,1,0,0
"POINT (9.648648746000049 52.412656084000048)",Unfall 83056 (2019) Kat:3, Licht: 0,83056,3,6,2,08,14,6,0,0,0,1,0,0
"POINT (9.813337806000050 52.337888888000066)",Unfall 83057 (2019) Kat:3, Licht: 0,83057,3,3,5,08,17,6,0,0,1,1,0,0
"POINT (9.732301239000037 52.383136983000043)",Unfall 83058 (2019) Kat:3, Licht: 0,83058,3,3,5,08,08,6,0,0,1,1,0,0
"POINT (9.454591446000052 52.484688018000043)",Unfall 83059 (2019) Kat:3, Licht: 2,83059,3,7,0,08,21,6,0,2,1,0,0,0
"POINT (9.912917172000050 52.358493847000034)",Unfall 83060 (2019) Kat:3, Licht: 0,83060,3,7,2,08,15,6,0,0,0,1,0,0
"POINT (9.788303577000022 52.463851404000081)",Unfall 83061 (2019) Kat:3, Licht: 0,83061,3,3,5,08,15,6,0,0,1,1,0,0
"POINT (10.055191545000071 52.495103721000078)",Unfall 83062 (2019) Kat:3, Licht: 0,83062,3,6,2,08,18,6,0,0,0,0,0,1
"POINT (9.740592339000045 52.607313797000074)",Unfall 83063 (2019) Kat:3, Licht: 0,83063,3,6,2,08,14,6,0,0,0,1,0,0
"POINT (9.743065767000076 52.368278750000059)",Unfall 83064 (2019) Kat:2, Licht: 0,83064,2,7,0,08,08,6,1,0,1,0,0,0
"POINT (9.724803127000030 52.626459172000068)",Unfall 83125 (2019) Kat:3, Licht: 0,83125,3,1,9,08,11,5,0,0,0,1,0,0
"POINT (9.865267290000077 52.496946401000059)",Unfall 83133 (2019) Kat:3, Licht: 0,83133,3,3,5,08,09,3,0,0,1,1,0,0
"POINT (9.442159662000051 52.504543275000060)",Unfall 83140 (2019) Kat:3, Licht: 0,83140,3,6,2,08,11,5,0,0,0,1,0,0
"POINT (9.761803399000030 52.536600891000035)",Unfall 83141 (2019) Kat:3, Licht: 0,83141,3,1,4,08,17,5,1,0,0,1,0,0
"POINT (9.973770989000059 52.405907044000060)",Unfall 83142 (2019) Kat:3, Licht: 0,83142,3,2,2,08,17,5,1,0,0,1,0,0
"POINT (9.721786519000034 52.428131933000031)",Unfall 83143 (2019) Kat:3, Licht: 0,83143,3,6,2,08,18,5,1,0,0,1,0,1
"POINT (9.746197560000041 52.369076252000070)",Unfall 83144 (2019) Kat:3, Licht: 0,83144,3,3,5,08,15,5,0,0,0,1,0,1
"POINT (9.840120445000025 52.361726020000049)",Unfall 83145 (2019) Kat:3, Licht: 0,83145,3,1,9,08,09,5,1,0,0,1,0,0
"POINT (9.677325153000027 52.441036168000039)",Unfall 83146 (2019) Kat:2, Licht: 0,83146,2,2,2,08,12,5,1,0,0,1,0,0
"POINT (9.697617296000033 52.376426893000030)",Unfall 83190 (2019) Kat:3, Licht: 0,83190,3,6,2,08,16,3,0,0,0,1,0,0
"POINT (9.735232510000060 52.394414411000071)",Unfall 83193 (2019) Kat:3, Licht: 0,83193,3,5,1,08,19,3,0,0,0,1,0,0
"POINT (9.847533641000041 52.438901570000041)",Unfall 83229 (2019) Kat:3, Licht: 0,83229,3,6,4,08,13,7,0,0,0,1,0,0
"POINT (9.740586763000067 52.607320589000039)",Unfall 83230 (2019) Kat:2, Licht: 0,83230,2,6,2,08,14,7,0,0,0,1,0,0
"POINT (9.463257691000024 52.465916276000030)",Unfall 83231 (2019) Kat:2, Licht: 0,83231,2,7,8,08,11,7,0,0,0,1,0,0
"POINT (9.680531550000069 52.347605312000042)",Unfall 83299 (2019) Kat:3, Licht: 0,83299,3,6,2,08,15,6,0,0,0,1,0,0
"POINT (9.746967117000054 52.215388521000079)",Unfall 83300 (2019) Kat:3, Licht: 0,83300,3,6,2,08,15,6,0,0,0,1,0,0
"POINT (9.763557759000037 52.205737633000069)",Unfall 83301 (2019) Kat:3, Licht: 0,83301,3,6,2,08,07,6,0,0,0,1,0,0
"POINT (9.705653493000057 52.412419711000041)",Unfall 83302 (2019) Kat:2, Licht: 2,83302,2,7,0,08,22,6,0,2,0,1,0,0
"POINT (9.440678942000034 52.330548835000059)",Unfall 83303 (2019) Kat:2, Licht: 0,83303,2,3,5,08,18,6,0,0,0,1,0,1
"POINT (9.606106141000055 52.314034547000063)",Unfall 83304 (2019) Kat:2, Licht: 0,83304,2,4,6,08,18,6,0,0,0,1,1,0
"POINT (9.689631852000048 52.429998637000040)",Unfall 83305 (2019) Kat:3, Licht: 0,83305,3,6,2,08,14,6,0,0,0,1,0,0
"POINT (9.722493979000035 52.358513809000044)",Unfall 83357 (2019) Kat:3, Licht: 0,83357,3,6,2,08,07,3,0,0,0,1,0,0
"POINT (9.747135473000071 52.364495647000069)",Unfall 83358 (2019) Kat:3, Licht: 0,83358,3,6,3,08,16,3,0,0,0,1,0,1
"POINT (9.719509455000036 52.392507716000068)",Unfall 83360 (2019) Kat:3, Licht: 0,83360,3,6,4,08,09,3,0,0,1,0,0,0
"POINT (9.403642333000050 52.453982634000056)",Unfall 83362 (2019) Kat:3, Licht: 0,83362,3,7,0,08,14,3,0,0,1,0,0,0
"POINT (9.780514767000057 52.269989102000068)",Unfall 83363 (2019) Kat:3, Licht: 0,83363,3,6,2,08,17,3,0,0,0,1,0,0
"POINT (9.647060272000033 52.282461465000040)",Unfall 83365 (2019) Kat:3, Licht: 0,83365,3,7,0,08,07,3,0,0,1,0,0,0
"POINT (9.502512462000027 52.427650472000039)",Unfall 83368 (2019) Kat:3, Licht: 0,83368,3,3,5,08,18,3,0,0,0,1,0,0
"POINT (9.747168137000074 52.364451640000027)",Unfall 83370 (2019) Kat:3, Licht: 0,83370,3,2,6,08,10,3,0,0,0,1,1,0
"POINT (9.759830756000042 52.370365504000063)",Unfall 83411 (2019) Kat:3, Licht: 0,83411,3,6,2,08,16,5,0,0,0,1,0,0
"POINT (9.734382664000066 52.389333929000031)",Unfall 83414 (2019) Kat:3, Licht: 0,83414,3,6,2,08,16,5,0,0,0,1,0,0
"POINT (9.510113160000060 52.290216857000075)",Unfall 83416 (2019) Kat:3, Licht: 0,83416,3,2,5,08,19,5,0,0,1,1,0,0
"POINT (9.884311339000021 52.436728008000046)",Unfall 83417 (2019) Kat:3, Licht: 1,83417,3,6,4,08,05,5,0,1,1,0,0,0
"POINT (9.823451570000032 52.462814192000053)",Unfall 83420 (2019) Kat:3, Licht: 0,83420,3,1,1,08,16,5,0,0,0,1,0,0
"POINT (9.817214621000062 52.561683467000080)",Unfall 83421 (2019) Kat:3, Licht: 0,83421,3,6,3,08,18,5,0,0,0,1,0,1
"POINT (9.857574577000037 52.481605438000031)",Unfall 83425 (2019) Kat:3, Licht: 0,83425,3,3,5,08,17,5,0,0,0,1,0,1
"POINT (9.780217783000069 52.428165000000035)",Unfall 83427 (2019) Kat:3, Licht: 0,83427,3,6,2,08,13,5,0,0,0,1,0,0
"POINT (9.667636651000066 52.357962152000027)",Unfall 83447 (2019) Kat:3, Licht: 0,83447,3,2,0,08,17,2,0,0,0,1,0,1
"POINT (9.701094962000070 52.371078584000031)",Unfall 83449 (2019) Kat:3, Licht: 0,83449,3,6,2,08,12,2,0,0,0,1,0,0
"POINT (9.746032895000042 52.365997408000055)",Unfall 83451 (2019) Kat:3, Licht: 0,83451,3,6,2,08,16,2,0,0,0,1,0,0
"POINT (9.448473698000043 52.525346532000071)",Unfall 83452 (2019) Kat:3, Licht: 0,83452,3,2,5,08,17,2,0,0,0,1,0,0
"POINT (9.452855135000050 52.307158789000027)",Unfall 83454 (2019) Kat:3, Licht: 0,83454,3,2,5,08,18,2,0,0,1,1,0,0
"POINT (9.611700226000039 52.436853424000049)",Unfall 83457 (2019) Kat:3, Licht: 0,83457,3,6,2,08,16,2,0,0,0,1,0,0
"POINT (10.014426505000074 52.382797198000048)",Unfall 83458 (2019) Kat:3, Licht: 0,83458,3,3,5,08,17,2,0,0,0,1,0,0
"POINT (10.017910195000070 52.383694381000055)",Unfall 83459 (2019) Kat:3, Licht: 0,83459,3,2,4,08,14,2,0,0,0,1,0,1
"POINT (9.619265652000024 52.406094366000048)",Unfall 83463 (2019) Kat:3, Licht: 0,83463,3,2,2,08,14,2,0,0,0,1,0,0
"POINT (9.753902483000047 52.547598991000029)",Unfall 83464 (2019) Kat:2, Licht: 0,83464,2,1,8,08,11,2,0,0,0,1,0,0
"POINT (9.612804395000069 52.421781220000071)",Unfall 83465 (2019) Kat:2, Licht: 0,83465,2,6,2,08,09,2,0,0,0,1,0,0
"POINT (9.697788596000066 52.377100102000043)",Unfall 83533 (2019) Kat:3, Licht: 0,83533,3,6,2,08,16,4,0,0,0,1,0,0
"POINT (9.550400912000043 52.592761046000078)",Unfall 83534 (2019) Kat:3, Licht: 2,83534,3,7,7,08,06,4,0,2,0,1,0,0
"POINT (9.474030359000039 52.503902451000044)",Unfall 83538 (2019) Kat:3, Licht: 0,83538,3,3,5,08,13,4,0,0,1,1,0,0
"POINT (9.836908926000035 52.421180844000048)",Unfall 83539 (2019) Kat:3, Licht: 0,83539,3,2,5,08,14,4,0,0,0,1,0,0
"POINT (9.684101112000064 52.380035356000064)",Unfall 83541 (2019) Kat:3, Licht: 0,83541,3,3,5,08,10,4,0,0,0,1,0,0
"POINT (9.668977249000022 52.358130461000030)",Unfall 83548 (2019) Kat:3, Licht: 0,83548,3,1,0,08,09,1,0,0,1,0,0,0
"POINT (9.609442069000068 52.392299056000070)",Unfall 83549 (2019) Kat:3, Licht: 0,83549,3,2,2,08,15,1,0,0,0,1,0,1
"POINT (10.032016458000044 52.523318015000029)",Unfall 83550 (2019) Kat:3, Licht: 0,83550,3,6,2,08,14,1,0,0,0,1,0,0
"POINT (9.697770970000022 52.377116755000031)",Unfall 83620 (2019) Kat:3, Licht: 0,83620,3,6,2,09,14,1,0,0,0,1,0,0
"POINT (9.549695013000076 52.592699475000074)",Unfall 83621 (2019) Kat:3, Licht: 2,83621,3,7,8,09,05,1,0,2,0,1,0,0
"POINT (9.432865251000067 52.359215005000067)",Unfall 83622 (2019) Kat:3, Licht: 2,83622,3,6,2,09,02,1,0,2,0,1,0,0
"POINT (9.768767751000041 52.338129510000044)",Unfall 83623 (2019) Kat:3, Licht: 0,83623,3,2,5,09,15,1,1,0,0,1,0,0
"POINT (9.448401856000032 52.467441779000069)",Unfall 83676 (2019) Kat:3, Licht: 2,83676,3,1,9,08,23,7,0,2,1,0,0,0
"POINT (9.843612171000075 52.471442291000074)",Unfall 83678 (2019) Kat:2, Licht: 0,83678,2,2,5,08,19,7,0,0,0,1,0,1
"POINT (9.752295376000063 52.427203649000035)",Unfall 83681 (2019) Kat:3, Licht: 2,83681,3,6,3,08,00,7,0,2,0,1,0,0
"POINT (9.845581164000066 52.277003765000075)",Unfall 83726 (2019) Kat:3, Licht: 0,83726,3,1,8,09,06,4,0,0,0,1,0,0
"POINT (9.726016631000050 52.596396493000043)",Unfall 83727 (2019) Kat:3, Licht: 0,83727,3,6,2,09,09,4,0,0,0,1,0,0
"POINT (9.876861125000062 52.506291459000067)",Unfall 83729 (2019) Kat:2, Licht: 0,83729,2,2,5,09,16,4,0,0,0,1,0,1
"POINT (9.754944646000070 52.311777571000050)",Unfall 83730 (2019) Kat:3, Licht: 0,83730,3,2,5,09,16,4,0,0,0,1,0,1
"POINT (9.833669718000067 52.386483840000039)",Unfall 83734 (2019) Kat:3, Licht: 0,83734,3,2,5,09,16,4,0,0,0,1,0,1
"POINT (9.889558270000066 52.362150086000042)",Unfall 83735 (2019) Kat:3, Licht: 0,83735,3,6,2,09,15,4,0,0,0,1,0,0
"POINT (9.894949808000035 52.414946875000055)",Unfall 83737 (2019) Kat:1, Licht: 2,83737,1,7,2,09,01,4,0,2,0,0,0,0
"POINT (9.719572729000049 52.346354074000033)",Unfall 83770 (2019) Kat:3, Licht: 0,83770,3,1,0,08,09,6,0,0,0,0,0,1
"POINT (9.601361834000045 52.324594571000034)",Unfall 83772 (2019) Kat:3, Licht: 0,83772,3,6,3,08,16,6,0,0,1,0,0,0
"POINT (9.536610002000032 52.485783145000028)",Unfall 83774 (2019) Kat:3, Licht: 0,83774,3,6,2,08,17,6,0,0,1,0,0,0
"POINT (9.575217397000074 52.418981824000070)",Unfall 83777 (2019) Kat:3, Licht: 0,83777,3,2,4,08,18,6,0,0,0,1,0,0
"POINT (9.734852253000042 52.392636398000036)",Unfall 83778 (2019) Kat:3, Licht: 0,83778,3,5,0,08,17,6,0,0,0,1,0,1
"POINT (9.736041426000043 52.612502492000033)",Unfall 83861 (2019) Kat:3, Licht: 0,83861,3,6,2,08,17,5,0,0,0,1,0,0
"POINT (9.722601611000073 52.378411032000031)",Unfall 83863 (2019) Kat:3, Licht: 0,83863,3,6,2,09,14,3,0,0,0,1,0,0
"POINT (9.569503798000028 52.379755084000067)",Unfall 83867 (2019) Kat:3, Licht: 0,83867,3,3,5,09,08,3,0,0,1,1,0,0
"POINT (9.610762723000050 52.431618740000033)",Unfall 83868 (2019) Kat:3, Licht: 0,83868,3,3,5,09,18,3,0,0,0,1,0,0
"POINT (9.753639463000070 52.524561421000044)",Unfall 83870 (2019) Kat:3, Licht: 0,83870,3,7,6,09,11,3,0,0,0,1,1,0
"POINT (9.965937790000055 52.315584014000081)",Unfall 83873 (2019) Kat:3, Licht: 0,83873,3,3,5,09,16,3,0,0,1,1,0,0
"POINT (9.786401339000065 52.388951447000068)",Unfall 83875 (2019) Kat:3, Licht: 0,83875,3,6,2,09,08,3,0,0,0,1,0,0
"POINT (10.011367582000048 52.384781801000031)",Unfall 83876 (2019) Kat:3, Licht: 2,83876,3,6,2,09,03,3,0,2,0,1,0,0
"POINT (9.847402720000048 52.274263086000076)",Unfall 83878 (2019) Kat:3, Licht: 2,83878,3,3,5,08,04,5,1,2,0,1,0,0
"POINT (9.814269041000046 52.338036364000061)",Unfall 83881 (2019) Kat:3, Licht: 0,83881,3,6,2,08,12,5,0,0,0,1,0,1
"POINT (9.735875940000028 52.401487680000059)",Unfall 83882 (2019) Kat:3, Licht: 0,83882,3,6,2,08,10,5,1,0,0,1,0,0
"POINT (9.627149341000063 52.394292421000046)",Unfall 83883 (2019) Kat:3, Licht: 0,83883,3,2,4,08,16,5,0,0,1,1,0,0
"POINT (9.293779891000042 52.489983727000038)",Unfall 83885 (2019) Kat:3, Licht: 0,83885,3,1,8,08,07,5,1,0,0,1,0,0
"POINT (9.526387246000070 52.466721020000080)",Unfall 83887 (2019) Kat:3, Licht: 0,83887,3,1,9,08,07,5,1,0,0,1,0,0
"POINT (9.651467512000068 52.415394045000028)",Unfall 83888 (2019) Kat:3, Licht: 0,83888,3,3,5,08,15,5,0,0,1,1,0,0
"POINT (9.675685178000038 52.352982502000032)",Unfall 83890 (2019) Kat:3, Licht: 0,83890,3,6,0,08,14,5,0,0,0,1,0,0
"POINT (9.830196747000059 52.385444408000069)",Unfall 83892 (2019) Kat:3, Licht: 0,83892,3,3,5,08,10,5,1,0,1,1,0,0
"POINT (9.585084605000077 52.423542934000068)",Unfall 83894 (2019) Kat:3, Licht: 0,83894,3,6,2,08,09,5,1,0,0,1,0,0
"POINT (9.827940535000039 52.384733537000045)",Unfall 83895 (2019) Kat:3, Licht: 0,83895,3,3,5,08,08,5,1,0,1,1,0,0
"POINT (9.886068531000035 52.359046991000071)",Unfall 83897 (2019) Kat:3, Licht: 0,83897,3,1,3,08,07,5,1,0,0,1,0,0
"POINT (9.717220089000023 52.636285975000078)",Unfall 83981 (2019) Kat:3, Licht: 2,83981,3,6,3,09,21,2,0,2,0,1,0,0
"POINT (9.737145876000056 52.611497130000032)",Unfall 83984 (2019) Kat:2, Licht: 0,83984,2,6,2,09,17,2,0,0,0,0,0,0
"POINT (9.642494882000051 52.414665127000035)",Unfall 83989 (2019) Kat:3, Licht: 0,83989,3,6,2,08,12,4,0,0,0,1,0,0
"POINT (9.720557682000049 52.337599226000066)",Unfall 83991 (2019) Kat:3, Licht: 0,83991,3,6,2,08,19,4,1,0,0,1,0,0
"POINT (9.676822736000077 52.301115207000066)",Unfall 83994 (2019) Kat:3, Licht: 0,83994,3,7,0,08,17,4,1,0,1,0,1,0
"POINT (9.637223100000028 52.305077383000082)",Unfall 83995 (2019) Kat:3, Licht: 0,83995,3,1,8,08,09,4,0,0,0,0,0,1
"POINT (9.469967830000030 52.356299212000067)",Unfall 83996 (2019) Kat:3, Licht: 0,83996,3,3,5,08,10,4,0,0,0,1,0,0
"POINT (9.733550198000046 52.384378439000045)",Unfall 83999 (2019) Kat:2, Licht: 0,83999,2,6,4,08,19,4,0,0,1,0,0,0
"POINT (9.734615367000060 52.389329680000060)",Unfall 84001 (2019) Kat:3, Licht: 0,84001,3,5,1,08,18,4,0,0,1,1,0,0
"POINT (9.727995591000024 52.374219051000068)",Unfall 84002 (2019) Kat:3, Licht: 0,84002,3,2,5,08,16,4,0,0,1,1,0,0
"POINT (9.717038954000032 52.346193087000074)",Unfall 84003 (2019) Kat:3, Licht: 0,84003,3,2,2,09,13,2,0,0,0,1,0,0
"POINT (9.733611901000074 52.384567702000027)",Unfall 84004 (2019) Kat:3, Licht: 0,84004,3,3,0,08,14,4,0,0,1,0,0,0
"POINT (9.704990982000027 52.212166671000034)",Unfall 84005 (2019) Kat:3, Licht: 0,84005,3,2,2,09,13,2,0,0,0,1,0,0
"POINT (9.516276936000054 52.402876996000032)",Unfall 84016 (2019) Kat:3, Licht: 0,84016,3,1,7,09,12,2,0,0,0,0,0,0
"POINT (9.958983086000046 52.317821902000048)",Unfall 84018 (2019) Kat:3, Licht: 0,84018,3,3,5,09,13,2,0,0,1,1,0,0
"POINT (9.676005662000023 52.478932701000076)",Unfall 84021 (2019) Kat:3, Licht: 0,84021,3,1,8,09,17,2,0,0,0,1,0,0
"POINT (9.716298930000050 52.458678358000043)",Unfall 84023 (2019) Kat:3, Licht: 0,84023,3,2,3,09,13,2,0,0,0,1,0,0
"POINT (9.839878824000039 52.422559835000072)",Unfall 84024 (2019) Kat:3, Licht: 0,84024,3,7,1,09,18,2,0,0,0,1,0,0
"POINT (10.069101526000054 52.450075056000060)",Unfall 84028 (2019) Kat:3, Licht: 0,84028,3,2,2,09,12,2,0,0,0,1,0,0
"POINT (9.911438545000067 52.395793708000042)",Unfall 84029 (2019) Kat:2, Licht: 2,84029,2,6,3,09,23,2,0,2,0,1,0,0
"POINT (9.736173504000021 52.399416726000027)",Unfall 84031 (2019) Kat:3, Licht: 0,84031,3,2,5,09,07,2,0,0,1,1,0,0
"POINT (9.574035331000061 52.421742292000033)",Unfall 84094 (2019) Kat:3, Licht: 0,84094,3,3,5,09,13,1,0,0,1,1,0,0
"POINT (9.903636058000075 52.396241345000078)",Unfall 84097 (2019) Kat:3, Licht: 2,84097,3,6,3,09,01,1,0,2,0,1,0,0
"POINT (9.648123391000070 52.412651101000051)",Unfall 84133 (2019) Kat:3, Licht: 0,84133,3,6,2,09,11,6,1,0,0,1,0,1
"POINT (9.713696307000021 52.346471632000032)",Unfall 84136 (2019) Kat:3, Licht: 0,84136,3,6,2,09,10,6,1,0,0,1,0,0
"POINT (9.771145802000035 52.334952559000044)",Unfall 84138 (2019) Kat:3, Licht: 0,84138,3,6,2,09,13,6,0,0,0,1,0,0
"POINT (9.439941650000037 52.417824703000065)",Unfall 84139 (2019) Kat:3, Licht: 0,84139,3,3,5,09,12,6,0,0,1,1,0,0
"POINT (9.359918663000030 52.454170949000058)",Unfall 84141 (2019) Kat:3, Licht: 0,84141,3,4,6,09,11,6,0,0,0,1,1,0
"POINT (9.663355517000070 52.343386551000037)",Unfall 84142 (2019) Kat:3, Licht: 0,84142,3,1,0,09,11,6,1,0,0,0,0,1
"POINT (9.881054974000051 52.435653031000072)",Unfall 84145 (2019) Kat:3, Licht: 2,84145,3,7,0,09,21,6,0,2,0,0,0,1
"POINT (9.893282014000022 52.585488429000065)",Unfall 84146 (2019) Kat:2, Licht: 0,84146,2,2,5,09,15,6,0,0,0,1,0,1
"POINT (9.667346324000050 52.377070328000059)",Unfall 84147 (2019) Kat:2, Licht: 0,84147,2,3,5,09,15,6,0,0,1,1,0,0
"POINT (9.792458347000036 52.555911883000078)",Unfall 84150 (2019) Kat:3, Licht: 0,84150,3,6,2,09,12,6,0,0,0,1,0,0
"POINT (9.630275276000077 52.421507742000074)",Unfall 84152 (2019) Kat:3, Licht: 0,84152,3,6,2,09,11,6,1,0,0,1,0,0
"POINT (9.635817452000026 52.331766756000036)",Unfall 84175 (2019) Kat:3, Licht: 0,84175,3,3,5,09,08,7,1,0,1,1,0,0
"POINT (9.729125387000067 52.492087946000026)",Unfall 84182 (2019) Kat:3, Licht: 0,84182,3,7,0,09,13,7,1,0,1,0,0,0
"POINT (9.717705946000024 52.367123104000029)",Unfall 84186 (2019) Kat:3, Licht: 2,84186,3,7,0,09,23,7,1,2,1,0,0,0
"POINT (9.628471684000033 52.422429416000057)",Unfall 84187 (2019) Kat:3, Licht: 0,84187,3,6,2,09,10,7,1,0,0,1,0,0
"POINT (9.736491096000066 52.240668156000027)",Unfall 84238 (2019) Kat:3, Licht: 1,84238,3,3,5,09,06,5,0,1,0,1,0,0
"POINT (9.311410059000025 52.504408222000052)",Unfall 84239 (2019) Kat:3, Licht: 0,84239,3,1,8,09,14,5,0,0,0,0,0,0
"POINT (9.457251722000024 52.504745655000079)",Unfall 84241 (2019) Kat:3, Licht: 0,84241,3,7,0,09,10,5,0,0,1,0,0,0
"POINT (9.534379757000068 52.441759037000054)",Unfall 84242 (2019) Kat:3, Licht: 1,84242,3,2,2,09,07,5,1,1,0,1,0,1
"POINT (9.779969112000060 52.250095735000059)",Unfall 84245 (2019) Kat:1, Licht: 0,84245,1,1,8,09,15,5,0,0,0,1,0,0
"POINT (9.819854124000074 52.406402400000047)",Unfall 84246 (2019) Kat:3, Licht: 0,84246,3,6,2,09,16,5,0,0,0,1,0,0
"POINT (9.735859288000029 52.399202240000079)",Unfall 84247 (2019) Kat:2, Licht: 0,84247,2,2,0,09,14,5,0,0,1,1,0,0
"POINT (9.662085919000049 52.401542187000075)",Unfall 84297 (2019) Kat:3, Licht: 0,84297,3,6,2,09,13,6,0,0,0,1,0,0
"POINT (9.671280365000030 52.348459169000080)",Unfall 84298 (2019) Kat:3, Licht: 0,84298,3,6,2,09,18,6,0,0,0,1,0,0
"POINT (9.765893065000057 52.341104371000029)",Unfall 84301 (2019) Kat:3, Licht: 0,84301,3,6,4,09,17,6,0,0,1,0,0,0
"POINT (9.793694718000040 52.394770805000064)",Unfall 84302 (2019) Kat:3, Licht: 0,84302,3,2,3,09,14,6,0,0,0,1,0,0
"POINT (9.823532182000065 52.413588085000072)",Unfall 84303 (2019) Kat:3, Licht: 0,84303,3,6,4,09,11,6,0,0,0,1,0,0
"POINT (9.720310811000047 52.337470190000033)",Unfall 84305 (2019) Kat:2, Licht: 2,84305,2,1,9,09,21,6,0,2,0,0,0,1
"POINT (9.545827101000043 52.337298317000034)",Unfall 84307 (2019) Kat:1, Licht: 0,84307,1,6,9,09,18,6,0,0,0,1,0,0
"POINT (9.827239525000039 52.346849321000036)",Unfall 84308 (2019) Kat:2, Licht: 0,84308,2,1,8,09,17,6,0,0,1,0,0,0
"POINT (9.778551843000059 52.371292518000075)",Unfall 84311 (2019) Kat:3, Licht: 0,84311,3,2,5,09,11,6,0,0,0,1,0,0
"POINT (9.768766715000027 52.427131392000035)",Unfall 84312 (2019) Kat:2, Licht: 0,84312,2,6,2,09,07,6,0,0,0,1,0,1
"POINT (9.741472603000034 52.427361679000057)",Unfall 84317 (2019) Kat:3, Licht: 0,84317,3,6,2,09,08,6,0,0,0,1,0,0
"POINT (9.698715910000033 52.347400799000070)",Unfall 84328 (2019) Kat:3, Licht: 0,84328,3,3,5,09,12,4,0,0,0,1,0,0
"POINT (9.774055359000045 52.331904023000050)",Unfall 84331 (2019) Kat:3, Licht: 2,84331,3,6,2,09,20,4,1,2,0,1,0,0
"POINT (9.683229729000061 52.241861850000078)",Unfall 84332 (2019) Kat:3, Licht: 0,84332,3,1,9,09,18,4,0,0,0,1,0,0
"POINT (9.632662705000030 52.330860867000069)",Unfall 84333 (2019) Kat:3, Licht: 0,84333,3,6,2,09,13,4,0,0,0,1,0,0
"POINT (9.412675138000054 52.333209796000062)",Unfall 84336 (2019) Kat:3, Licht: 0,84336,3,2,2,09,12,4,0,0,0,1,0,0
"POINT (10.125457004000054 52.371948690000067)",Unfall 84338 (2019) Kat:2, Licht: 1,84338,2,3,5,09,06,4,0,1,1,1,0,0
"POINT (9.825007527000025 52.285204261000047)",Unfall 84339 (2019) Kat:2, Licht: 2,84339,2,3,5,09,20,4,1,2,1,1,0,0
"POINT (9.807287406000057 52.336049884000033)",Unfall 84341 (2019) Kat:2, Licht: 1,84341,2,1,9,09,19,4,1,1,0,1,0,0
"POINT (10.116696461000060 52.363569560000030)",Unfall 84343 (2019) Kat:3, Licht: 2,84343,3,1,9,09,20,4,1,2,0,1,0,0
"POINT (9.786741560000053 52.564355060000082)",Unfall 84344 (2019) Kat:3, Licht: 0,84344,3,6,2,09,16,4,0,0,0,1,0,0
"POINT (9.762433633000057 52.344880498000066)",Unfall 84445 (2019) Kat:3, Licht: 0,84445,3,3,5,09,16,3,0,0,1,1,0,0
"POINT (9.734267424000052 52.387113640000052)",Unfall 84446 (2019) Kat:3, Licht: 0,84446,3,2,5,09,07,3,0,0,1,1,0,0
"POINT (9.798540224000021 52.416794348000053)",Unfall 84449 (2019) Kat:3, Licht: 2,84449,3,1,0,09,00,3,1,2,0,1,0,0
"POINT (9.770751522000069 52.256489832000057)",Unfall 84451 (2019) Kat:3, Licht: 0,84451,3,2,4,09,12,3,0,0,0,1,0,0
"POINT (9.629329001000031 52.394642127000054)",Unfall 84452 (2019) Kat:3, Licht: 0,84452,3,3,5,09,09,3,0,0,0,1,0,0
"POINT (9.677550404000044 52.300634126000034)",Unfall 84455 (2019) Kat:3, Licht: 0,84455,3,7,9,09,11,3,0,0,0,1,0,0
"POINT (9.969018982000023 52.331244026000036)",Unfall 84457 (2019) Kat:3, Licht: 0,84457,3,6,2,09,17,3,0,0,0,1,0,0
"POINT (9.847111884000071 52.427009307000048)",Unfall 84458 (2019) Kat:3, Licht: 2,84458,3,6,3,09,06,3,0,2,1,1,0,0
"POINT (9.722207841000056 52.368433412000059)",Unfall 84460 (2019) Kat:3, Licht: 2,84460,3,1,0,09,19,3,0,2,1,0,0,0
"POINT (9.573931947000062 52.631230817000073)",Unfall 84461 (2019) Kat:2, Licht: 0,84461,2,6,2,09,07,3,0,0,0,1,0,0
"POINT (9.714525549000030 52.361014914000066)",Unfall 84464 (2019) Kat:3, Licht: 0,84464,3,2,5,09,10,3,0,0,0,1,0,0
"POINT (9.692521707000026 52.296403092000048)",Unfall 84473 (2019) Kat:3, Licht: 0,84473,3,3,5,09,07,5,0,0,0,1,0,0
"POINT (9.523299532000067 52.460829207000074)",Unfall 84475 (2019) Kat:3, Licht: 0,84475,3,6,4,09,17,5,0,0,0,1,0,0
"POINT (9.724733308000054 52.549214763000066)",Unfall 84476 (2019) Kat:3, Licht: 0,84476,3,6,2,09,14,5,0,0,0,1,0,0
"POINT (9.746371273000023 52.320488897000075)",Unfall 84478 (2019) Kat:3, Licht: 0,84478,3,1,0,09,12,7,0,0,1,0,0,0
"POINT (10.100151290000042 52.364477993000037)",Unfall 84479 (2019) Kat:3, Licht: 0,84479,3,6,2,09,16,5,0,0,0,1,0,0
"POINT (10.265489352000031 52.478616390000070)",Unfall 84482 (2019) Kat:2, Licht: 0,84482,2,1,0,09,10,5,0,0,0,0,0,1
"POINT (9.836037888000021 52.387116326000069)",Unfall 84484 (2019) Kat:3, Licht: 0,84484,3,6,4,09,07,5,0,0,1,0,0,0
"POINT (9.287519480000071 52.488858395000079)",Unfall 84491 (2019) Kat:3, Licht: 0,84491,3,2,2,09,11,7,0,0,0,1,0,0
"POINT (9.347924518000070 52.533937654000056)",Unfall 84499 (2019) Kat:3, Licht: 0,84499,3,7,2,09,11,7,0,0,0,1,0,0
"POINT (9.732977732000052 52.482701667000072)",Unfall 84506 (2019) Kat:3, Licht: 0,84506,3,3,5,09,17,7,0,0,1,1,0,0
"POINT (9.724391166000032 52.337026003000062)",Unfall 84511 (2019) Kat:3, Licht: 0,84511,3,6,2,09,15,7,0,0,0,1,0,0
"POINT (9.830883492000055 52.417790722000063)",Unfall 84546 (2019) Kat:3, Licht: 1,84546,3,6,3,09,19,2,1,1,0,1,0,0
"POINT (9.731781327000022 52.382749235000063)",Unfall 84547 (2019) Kat:3, Licht: 2,84547,3,6,8,09,20,2,1,2,0,1,0,0
"POINT (9.444169605000070 52.442777181000054)",Unfall 84549 (2019) Kat:3, Licht: 0,84549,3,7,9,09,12,2,0,0,0,1,0,0
"POINT (9.429576476000023 52.427079213000070)",Unfall 84551 (2019) Kat:3, Licht: 0,84551,3,5,1,09,07,2,0,0,0,1,0,0
"POINT (9.780507058000069 52.270004894000067)",Unfall 84552 (2019) Kat:3, Licht: 0,84552,3,6,2,09,08,2,1,0,0,1,0,0
"POINT (10.001941803000022 52.462197394000043)",Unfall 84554 (2019) Kat:3, Licht: 0,84554,3,6,0,09,10,2,1,0,0,1,0,0
"POINT (9.470826738000028 52.359000024000068)",Unfall 84557 (2019) Kat:2, Licht: 2,84557,2,1,4,09,22,2,0,2,0,1,0,0
"POINT (9.814400781000074 52.364455713000041)",Unfall 84558 (2019) Kat:3, Licht: 0,84558,3,7,0,09,15,2,0,0,0,1,0,0
"POINT (9.846924926000042 52.390475869000056)",Unfall 84586 (2019) Kat:3, Licht: 0,84586,3,3,5,09,07,3,0,0,1,1,0,0
"POINT (9.694675798000048 52.419585847000064)",Unfall 84588 (2019) Kat:3, Licht: 0,84588,3,3,5,09,15,3,0,0,0,1,0,0
"POINT (9.734350914000061 52.387787891000073)",Unfall 84589 (2019) Kat:3, Licht: 0,84589,3,6,2,09,12,3,0,0,0,1,0,0
"POINT (9.780507058000069 52.270004894000067)",Unfall 84592 (2019) Kat:3, Licht: 0,84592,3,6,2,09,16,3,0,0,0,1,0,0
"POINT (9.794848088000038 52.215794699000071)",Unfall 84595 (2019) Kat:3, Licht: 0,84595,3,1,0,09,12,3,1,0,0,0,0,1
"POINT (9.662934475000043 52.342430743000079)",Unfall 84596 (2019) Kat:3, Licht: 0,84596,3,2,4,09,11,3,0,0,0,1,0,1
"POINT (9.474269399000036 52.503884610000057)",Unfall 84598 (2019) Kat:3, Licht: 0,84598,3,3,5,09,12,3,0,0,0,1,0,0
"POINT (9.967547680000052 52.315358429000071)",Unfall 84600 (2019) Kat:3, Licht: 0,84600,3,4,6,09,10,3,0,0,1,0,1,0
"POINT (9.789035413000022 52.560795652000081)",Unfall 84604 (2019) Kat:3, Licht: 0,84604,3,6,2,09,09,3,0,0,0,1,0,0
"POINT (9.768568642000048 52.338047801000073)",Unfall 84605 (2019) Kat:3, Licht: 0,84605,3,2,5,09,08,3,0,0,0,1,0,0
"POINT (9.609103232000052 52.318640986000048)",Unfall 84606 (2019) Kat:2, Licht: 0,84606,2,3,5,09,09,3,0,0,1,1,0,0
"POINT (9.767101894000064 52.343048110000041)",Unfall 84632 (2019) Kat:3, Licht: 2,84632,3,6,4,09,03,5,0,2,0,1,0,0
"POINT (10.143743152000070 52.361833913000055)",Unfall 84639 (2019) Kat:3, Licht: 0,84639,3,6,2,09,12,3,0,0,0,0,0,0
"POINT (9.924473511000031 52.366132249000032)",Unfall 84674 (2019) Kat:2, Licht: 0,84674,2,3,5,09,16,4,1,0,0,1,0,0
"POINT (9.952375557000039 52.492645018000076)",Unfall 84683 (2019) Kat:3, Licht: 0,84683,3,6,2,09,08,4,1,0,0,1,0,0
"POINT (9.847715841000024 52.392739015000075)",Unfall 84694 (2019) Kat:3, Licht: 0,84694,3,2,6,09,11,4,0,0,0,1,1,0
"POINT (9.766137897000021 52.341061952000075)",Unfall 84697 (2019) Kat:3, Licht: 0,84697,3,7,0,09,14,4,0,0,0,0,0,0
"POINT (9.775667968000050 52.427441126000076)",Unfall 84701 (2019) Kat:3, Licht: 0,84701,3,6,2,09,14,4,0,0,0,1,0,0
"POINT (9.439958726000043 52.417815620000056)",Unfall 84702 (2019) Kat:3, Licht: 0,84702,3,2,4,09,12,4,0,0,1,1,0,0
"POINT (9.656289465000043 52.357418159000076)",Unfall 84707 (2019) Kat:3, Licht: 0,84707,3,4,6,09,17,4,0,0,0,1,1,0
"POINT (9.763349584000025 52.426939594000032)",Unfall 84708 (2019) Kat:3, Licht: 0,84708,3,6,2,09,16,4,0,0,0,1,0,0
"POINT (9.786021615000038 52.319636388000049)",Unfall 84710 (2019) Kat:3, Licht: 0,84710,3,2,0,09,13,4,0,0,0,1,0,0
"POINT (9.775188892000074 52.427537695000069)",Unfall 84714 (2019) Kat:3, Licht: 0,84714,3,6,2,09,13,4,0,0,0,1,0,0
"POINT (9.740403112000024 52.368055830000060)",Unfall 84720 (2019) Kat:3, Licht: 1,84720,3,7,0,09,19,2,0,1,1,1,0,0
"POINT (9.431300800000031 52.435020962000067)",Unfall 84722 (2019) Kat:3, Licht: 0,84722,3,3,5,09,11,2,0,0,0,1,0,0
"POINT (9.467798502000051 52.323716450000063)",Unfall 84725 (2019) Kat:3, Licht: 0,84725,3,7,4,09,18,2,0,0,0,1,0,0
"POINT (9.678044768000063 52.240264215000082)",Unfall 84728 (2019) Kat:2, Licht: 0,84728,2,1,9,09,16,2,0,0,0,1,0,0
"POINT (9.798026097000047 52.540007355000057)",Unfall 84730 (2019) Kat:3, Licht: 0,84730,3,6,2,09,14,2,0,0,0,1,0,0
"POINT (9.431850744000030 52.422466729000064)",Unfall 84731 (2019) Kat:3, Licht: 0,84731,3,3,5,09,11,2,0,0,1,1,0,0
"POINT (9.670855021000023 52.358365835000029)",Unfall 84735 (2019) Kat:3, Licht: 0,84735,3,2,5,09,11,2,1,0,1,1,0,0
"POINT (9.736205015000053 52.397255666000035)",Unfall 84736 (2019) Kat:3, Licht: 0,84736,3,6,2,09,08,2,0,0,0,1,0,1
"POINT (9.857062063000058 52.388303892000067)",Unfall 84737 (2019) Kat:3, Licht: 0,84737,3,4,6,09,07,2,0,0,0,1,1,0
"POINT (9.849603083000034 52.391947733000052)",Unfall 84740 (2019) Kat:3, Licht: 0,84740,3,3,5,09,17,2,0,0,1,1,0,0
"POINT (9.759710503000065 52.335151494000058)",Unfall 84777 (2019) Kat:3, Licht: 0,84777,3,2,4,09,07,4,1,0,0,1,0,0
"POINT (9.575683506000075 52.391891871000041)",Unfall 84806 (2019) Kat:2, Licht: 2,84806,2,1,9,09,22,4,1,2,0,1,0,0
"POINT (9.689148355000043 52.348594655000056)",Unfall 84814 (2019) Kat:3, Licht: 0,84814,3,3,5,09,18,3,0,0,1,1,0,0
"POINT (9.734320735000040 52.387536212000043)",Unfall 84816 (2019) Kat:3, Licht: 0,84816,3,6,3,09,18,3,0,0,0,1,0,0
"POINT (9.720440589000077 52.391494271000056)",Unfall 84819 (2019) Kat:3, Licht: 0,84819,3,6,4,09,13,3,1,0,0,1,0,0
"POINT (9.469530132000045 52.354550403000076)",Unfall 84823 (2019) Kat:3, Licht: 0,84823,3,2,2,09,13,3,1,0,0,1,0,0
"POINT (10.194237306000048 52.447896681000032)",Unfall 84824 (2019) Kat:2, Licht: 0,84824,2,7,0,09,15,3,0,0,0,0,0,1
"POINT (9.522143206000067 52.195624720000069)",Unfall 84829 (2019) Kat:2, Licht: 0,84829,2,2,5,09,15,3,0,0,0,1,0,0
"POINT (9.823664980000046 52.413428904000057)",Unfall 84830 (2019) Kat:3, Licht: 0,84830,3,7,2,09,11,3,0,0,0,1,0,0
"POINT (9.477272776000064 52.387335401000030)",Unfall 84831 (2019) Kat:3, Licht: 0,84831,3,3,5,09,14,1,0,0,0,0,0,1
"POINT (9.720080368000026 52.428193015000033)",Unfall 84832 (2019) Kat:3, Licht: 0,84832,3,6,2,09,08,3,0,0,0,1,0,0
"POINT (9.745641896000052 52.209360184000047)",Unfall 84834 (2019) Kat:3, Licht: 0,84834,3,2,5,09,14,1,0,0,0,1,0,1
"POINT (9.446983034000027 52.467461015000026)",Unfall 84835 (2019) Kat:3, Licht: 0,84835,3,6,2,09,12,1,0,0,1,0,0,0
"POINT (9.521073597000054 52.458014411000079)",Unfall 84836 (2019) Kat:2, Licht: 0,84836,2,1,0,09,15,1,0,0,1,0,0,0
"POINT (9.743315680000023 52.547440423000069)",Unfall 84904 (2019) Kat:3, Licht: 0,84904,3,6,2,09,11,4,1,0,0,1,0,1
"POINT (9.300832025000034 52.499911497000028)",Unfall 84929 (2019) Kat:3, Licht: 0,84929,3,1,8,09,09,2,1,0,0,1,0,0
"POINT (9.846702886000060 52.275257826000029)",Unfall 84933 (2019) Kat:3, Licht: 0,84933,3,6,2,09,16,4,1,0,0,1,0,0
"POINT (9.504474652000056 52.367920269000081)",Unfall 84934 (2019) Kat:3, Licht: 0,84934,3,3,5,09,10,2,1,0,0,0,0,1
"POINT (9.626557634000051 52.448481346000051)",Unfall 84935 (2019) Kat:3, Licht: 2,84935,3,6,2,09,05,2,1,2,0,1,0,0
"POINT (9.924152523000032 52.349755190000053)",Unfall 84937 (2019) Kat:3, Licht: 0,84937,3,6,2,09,07,2,1,0,0,1,0,0
"POINT (9.780618654000023 52.365021618000071)",Unfall 84941 (2019) Kat:2, Licht: 0,84941,2,1,8,09,17,2,0,0,0,1,0,0
"POINT (9.730084007000073 52.382195902000035)",Unfall 84943 (2019) Kat:3, Licht: 0,84943,3,6,2,09,16,2,0,0,0,1,0,0
"POINT (9.425168524000071 52.350929657000052)",Unfall 84946 (2019) Kat:3, Licht: 0,84946,3,6,2,09,15,2,0,0,0,0,0,0
"POINT (9.701269673000070 52.347375534000037)",Unfall 84949 (2019) Kat:3, Licht: 0,84949,3,1,8,09,13,2,1,0,0,1,0,0
"POINT (9.805762806000075 52.336955324000030)",Unfall 84950 (2019) Kat:3, Licht: 0,84950,3,1,0,09,10,2,1,0,0,0,0,1
"POINT (9.774374846000058 52.577386917000069)",Unfall 84952 (2019) Kat:3, Licht: 0,84952,3,6,3,09,10,2,1,0,0,0,0,0
"POINT (9.817294014000026 52.428031638000050)",Unfall 84955 (2019) Kat:3, Licht: 0,84955,3,6,9,09,10,2,1,0,0,1,0,0
"POINT (9.523709326000073 52.468181742000070)",Unfall 84959 (2019) Kat:2, Licht: 1,84959,2,6,2,09,07,2,1,1,0,1,0,1
"POINT (9.786384939000072 52.389168577000078)",Unfall 84960 (2019) Kat:3, Licht: 0,84960,3,3,0,09,06,2,1,0,0,1,0,0
"POINT (9.720475657000065 52.337556353000082)",Unfall 84963 (2019) Kat:3, Licht: 0,84963,3,1,9,09,18,7,0,0,0,0,0,1
"POINT (9.429986461000055 52.426168440000026)",Unfall 84967 (2019) Kat:3, Licht: 0,84967,3,6,2,09,14,7,0,0,0,1,0,0
"POINT (9.472490721000042 52.264379238000060)",Unfall 84969 (2019) Kat:3, Licht: 0,84969,3,2,0,09,16,7,0,0,1,1,0,0
"POINT (9.755413317000034 52.435964963000060)",Unfall 84970 (2019) Kat:3, Licht: 0,84970,3,2,5,09,10,7,0,0,1,1,0,0
"POINT (9.596937856000068 52.388713571000039)",Unfall 84973 (2019) Kat:2, Licht: 0,84973,2,6,3,09,15,7,0,0,0,1,0,1
"POINT (9.794197416000031 52.312967597000068)",Unfall 84976 (2019) Kat:3, Licht: 0,84976,3,3,5,09,11,7,0,0,1,0,0,0
"POINT (9.696431151000070 52.379959374000066)",Unfall 85041 (2019) Kat:3, Licht: 0,85041,3,6,2,09,16,4,0,0,0,1,0,0
"POINT (9.750544006000041 52.360076407000065)",Unfall 85062 (2019) Kat:3, Licht: 0,85062,3,3,5,09,08,4,1,0,0,1,0,1
"POINT (9.823256423000032 52.563198850000049)",Unfall 85070 (2019) Kat:3, Licht: 0,85070,3,2,4,09,15,4,0,0,0,1,0,0
"POINT (9.659641668000063 52.356710982000038)",Unfall 85091 (2019) Kat:3, Licht: 0,85091,3,2,5,09,16,6,0,0,0,1,0,0
"POINT (9.439958726000043 52.417815620000056)",Unfall 85092 (2019) Kat:3, Licht: 0,85092,3,2,4,09,13,6,0,0,1,1,0,0
"POINT (9.445967651000046 52.330284467000070)",Unfall 85093 (2019) Kat:3, Licht: 0,85093,3,7,5,09,15,6,0,0,0,1,0,0
"POINT (10.041399387000070 52.307943983000030)",Unfall 85097 (2019) Kat:3, Licht: 0,85097,3,6,2,09,17,6,0,0,0,1,0,1
"POINT (9.714304501000072 52.362153269000032)",Unfall 85098 (2019) Kat:3, Licht: 0,85098,3,2,5,09,14,1,0,0,0,1,0,0
"POINT (9.872543651000058 52.310680084000069)",Unfall 85099 (2019) Kat:3, Licht: 0,85099,3,2,4,09,09,6,0,0,0,1,0,0
"POINT (9.806880251000052 52.457453272000066)",Unfall 85100 (2019) Kat:3, Licht: 0,85100,3,3,5,09,11,6,0,0,1,1,0,0
"POINT (9.793053100000066 52.371560736000049)",Unfall 85102 (2019) Kat:3, Licht: 0,85102,3,7,0,09,13,1,0,0,0,0,0,0
"POINT (9.635831177000057 52.485623267000051)",Unfall 85103 (2019) Kat:3, Licht: 0,85103,3,1,0,09,11,6,0,0,0,0,0,1
"POINT (9.594139986000073 52.411326802000076)",Unfall 85105 (2019) Kat:3, Licht: 0,85105,3,6,2,09,11,1,0,0,0,1,0,0
"POINT (9.831670791000022 52.455248115000074)",Unfall 85106 (2019) Kat:3, Licht: 0,85106,3,1,8,09,18,1,0,0,1,0,0,0
"POINT (9.785219994000045 52.566379171000051)",Unfall 85107 (2019) Kat:3, Licht: 0,85107,3,6,2,09,09,6,0,0,0,1,0,0
"POINT (9.791137501000037 52.349459476000050)",Unfall 85109 (2019) Kat:3, Licht: 0,85109,3,1,9,09,17,1,0,0,0,0,0,1
"POINT (9.516351199000042 52.340940605000071)",Unfall 85181 (2019) Kat:3, Licht: 0,85181,3,3,5,09,07,4,1,0,0,1,0,0
"POINT (9.821490107000045 52.339192589000049)",Unfall 85205 (2019) Kat:2, Licht: 0,85205,2,3,5,09,14,4,0,0,0,1,0,0
"POINT (9.904288496000049 52.274448670000027)",Unfall 85212 (2019) Kat:3, Licht: 0,85212,3,3,5,09,16,5,0,0,0,1,0,0
"POINT (9.722565930000030 52.378430190000074)",Unfall 85215 (2019) Kat:3, Licht: 0,85215,3,6,2,09,16,5,0,0,0,1,0,0
"POINT (9.860356179000064 52.276133122000033)",Unfall 85217 (2019) Kat:3, Licht: 0,85217,3,7,0,09,13,5,0,0,1,0,0,0
"POINT (9.510115817000042 52.409408414000040)",Unfall 85218 (2019) Kat:3, Licht: 0,85218,3,6,2,09,14,5,0,0,0,1,0,0
"POINT (9.751163361000067 52.359267794000061)",Unfall 85219 (2019) Kat:3, Licht: 2,85219,3,2,4,09,20,7,0,2,0,1,0,1
"POINT (9.627375556000061 52.423051500000042)",Unfall 85222 (2019) Kat:3, Licht: 0,85222,3,6,2,09,09,2,1,0,0,0,0,0
"POINT (9.670452016000070 52.312782158000061)",Unfall 85230 (2019) Kat:3, Licht: 0,85230,3,6,2,10,17,3,0,0,0,1,0,0
"POINT (9.965984779000053 52.315576962000080)",Unfall 85233 (2019) Kat:2, Licht: 1,85233,2,3,5,09,19,7,1,1,0,1,0,0
"POINT (9.609229525000046 52.441139539000062)",Unfall 85247 (2019) Kat:3, Licht: 1,85247,3,3,5,09,18,1,1,1,1,1,0,0
"POINT (9.809822588000031 52.334029727000029)",Unfall 85251 (2019) Kat:3, Licht: 0,85251,3,6,2,10,10,3,1,0,0,1,0,0
"POINT (9.845998225000074 52.426379495000049)",Unfall 85258 (2019) Kat:3, Licht: 0,85258,3,6,3,10,11,3,1,0,0,1,0,0
"POINT (9.827916423000033 52.384725964000040)",Unfall 85305 (2019) Kat:3, Licht: 0,85305,3,3,5,09,07,6,1,0,1,1,0,0
"POINT (9.643549643000029 52.439077631000032)",Unfall 85307 (2019) Kat:3, Licht: 0,85307,3,6,2,10,17,2,0,0,0,1,0,0
"POINT (9.743518266000024 52.368257828000026)",Unfall 85308 (2019) Kat:3, Licht: 0,85308,3,6,2,10,14,2,0,0,0,1,0,0
"POINT (9.611536774000058 52.435729901000059)",Unfall 85309 (2019) Kat:2, Licht: 0,85309,2,7,6,10,12,2,0,0,0,1,1,0
"POINT (9.733872507000058 52.413812519000032)",Unfall 85310 (2019) Kat:3, Licht: 0,85310,3,6,2,10,09,3,1,0,0,1,0,0
"POINT (9.719659183000033 52.445854003000079)",Unfall 85311 (2019) Kat:3, Licht: 2,85311,3,6,3,09,03,6,1,2,0,1,0,0
"POINT (9.862107711000022 52.370799079000051)",Unfall 85312 (2019) Kat:3, Licht: 0,85312,3,3,5,10,07,2,0,0,1,1,0,0
"POINT (9.951040544000023 52.359034416000043)",Unfall 85313 (2019) Kat:3, Licht: 0,85313,3,6,4,09,11,7,1,0,1,0,0,0
"POINT (10.146803630000022 52.462907524000059)",Unfall 85317 (2019) Kat:3, Licht: 0,85317,3,6,4,09,07,6,1,0,0,1,0,0
"POINT (9.768864230000077 52.581153784000037)",Unfall 85319 (2019) Kat:3, Licht: 2,85319,3,6,2,09,21,6,0,2,0,1,0,0
"POINT (9.773970467000027 52.332015924000075)",Unfall 85326 (2019) Kat:3, Licht: 0,85326,3,7,0,09,16,6,0,0,0,1,0,0
"POINT (9.657160917000056 52.311249314000065)",Unfall 85331 (2019) Kat:3, Licht: 1,85331,3,6,2,09,07,2,1,1,0,1,0,0
"POINT (9.724066922000077 52.363740529000040)",Unfall 85335 (2019) Kat:3, Licht: 1,85335,3,3,5,09,19,6,0,1,1,1,0,0
"POINT (9.397694898000054 52.595858208000038)",Unfall 85340 (2019) Kat:3, Licht: 0,85340,3,1,8,10,13,3,0,0,0,1,0,0
"POINT (9.892921246000071 52.366967801000044)",Unfall 85341 (2019) Kat:3, Licht: 0,85341,3,7,2,09,18,6,0,0,0,1,0,0
"POINT (9.757928753000044 52.588943159000053)",Unfall 85343 (2019) Kat:3, Licht: 0,85343,3,6,2,09,13,7,0,0,0,1,0,0
"POINT (9.773978735000071 52.332006660000047)",Unfall 85347 (2019) Kat:3, Licht: 0,85347,3,2,5,09,12,6,0,0,1,1,0,0
"POINT (9.633411570000021 52.421743918000061)",Unfall 85349 (2019) Kat:3, Licht: 0,85349,3,1,9,09,10,6,1,0,0,1,0,0
"POINT (9.732773201000043 52.436274682000032)",Unfall 85359 (2019) Kat:2, Licht: 0,85359,2,2,5,09,14,2,0,0,0,1,0,0
"POINT (9.759550922000074 52.335104385000079)",Unfall 85371 (2019) Kat:3, Licht: 0,85371,3,6,2,10,13,3,1,0,0,1,0,0
"POINT (9.630791445000057 52.420095376000063)",Unfall 85398 (2019) Kat:3, Licht: 2,85398,3,1,0,09,04,1,0,2,0,1,0,0
"POINT (9.820242217000043 52.406592362000026)",Unfall 85403 (2019) Kat:3, Licht: 1,85403,3,3,5,10,06,3,1,1,0,1,0,0
"POINT (9.728076542000054 52.588358563000043)",Unfall 85446 (2019) Kat:3, Licht: 0,85446,3,3,5,10,12,7,0,0,0,1,0,0
"POINT (9.538221707000048 52.461706050000032)",Unfall 85450 (2019) Kat:1, Licht: 0,85450,1,1,8,10,13,7,0,0,0,1,0,0
"POINT (9.795664271000021 52.537843710000061)",Unfall 85453 (2019) Kat:3, Licht: 2,85453,3,5,1,10,04,7,0,2,0,1,0,0
"POINT (9.967906154000048 52.367264073000058)",Unfall 85477 (2019) Kat:3, Licht: 1,85477,3,2,5,09,07,2,1,1,1,1,0,0
"POINT (9.655224051000062 52.407044517000031)",Unfall 85487 (2019) Kat:1, Licht: 2,85487,1,1,9,10,02,7,1,2,0,1,0,0
"POINT (9.725288713000055 52.459828873000049)",Unfall 85489 (2019) Kat:3, Licht: 0,85489,3,2,4,10,13,3,1,0,0,0,0,0
"POINT (9.406400751000035 52.411380261000033)",Unfall 85501 (2019) Kat:3, Licht: 0,85501,3,1,8,10,12,3,1,0,0,1,0,0
"POINT (10.053325258000029 52.535790838000082)",Unfall 85506 (2019) Kat:3, Licht: 0,85506,3,6,3,09,11,7,1,0,0,1,0,0
"POINT (9.730511128000046 52.370772098000032)",Unfall 85517 (2019) Kat:2, Licht: 0,85517,2,3,5,09,08,2,1,0,1,1,0,0
"POINT (9.465980324000043 52.304046113000027)",Unfall 85525 (2019) Kat:3, Licht: 2,85525,3,2,5,09,18,1,1,2,0,1,0,0
"POINT (9.733331981000049 52.420866360000048)",Unfall 85544 (2019) Kat:3, Licht: 0,85544,3,2,2,10,16,6,0,0,0,1,0,0
"POINT (9.719365760000073 52.316309207000074)",Unfall 85546 (2019) Kat:3, Licht: 1,85546,3,7,0,10,19,6,0,1,1,0,0,0
"POINT (9.573680632000048 52.440115692000063)",Unfall 85552 (2019) Kat:3, Licht: 0,85552,3,4,6,10,10,6,1,0,0,1,1,0
"POINT (9.853792087000045 52.390436997000052)",Unfall 85558 (2019) Kat:3, Licht: 0,85558,3,2,2,10,17,6,0,0,0,1,0,0
"POINT (9.801768715000037 52.432033238000031)",Unfall 85560 (2019) Kat:3, Licht: 0,85560,3,2,5,10,16,6,0,0,1,1,0,0
"POINT (9.726403866000055 52.375706400000070)",Unfall 85578 (2019) Kat:3, Licht: 0,85578,3,6,2,10,14,6,1,0,0,1,0,0
"POINT (9.597348128000022 52.287833888000080)",Unfall 85583 (2019) Kat:3, Licht: 0,85583,3,1,8,10,13,6,1,0,0,0,0,0
"POINT (10.261547774000064 52.450917169000036)",Unfall 85584 (2019) Kat:3, Licht: 2,85584,3,2,2,10,20,6,1,2,0,1,0,0
"POINT (9.712173934000077 52.346576448000064)",Unfall 85592 (2019) Kat:3, Licht: 0,85592,3,6,2,10,14,6,1,0,0,1,0,0
"POINT (9.717289970000024 52.421789656000044)",Unfall 85622 (2019) Kat:3, Licht: 2,85622,3,2,5,10,06,3,1,2,1,0,0,0
"POINT (9.745642513000064 52.209353692000036)",Unfall 85628 (2019) Kat:3, Licht: 0,85628,3,2,4,09,11,7,0,0,0,1,0,0
"POINT (9.747746654000025 52.499513312000033)",Unfall 85639 (2019) Kat:3, Licht: 0,85639,3,7,0,09,15,2,0,0,0,0,0,0
"POINT (9.655267462000040 52.406999711000026)",Unfall 85651 (2019) Kat:3, Licht: 0,85651,3,1,3,09,07,2,1,0,0,1,0,0
"POINT (10.145090182000047 52.361822455000038)",Unfall 85654 (2019) Kat:3, Licht: 2,85654,3,7,7,10,02,6,1,2,0,1,0,0
"POINT (9.564596182000059 52.323117747000026)",Unfall 85663 (2019) Kat:3, Licht: 0,85663,3,2,2,10,15,3,1,0,0,1,0,0
"POINT (9.697884941000041 52.377038005000031)",Unfall 85666 (2019) Kat:3, Licht: 0,85666,3,6,2,10,09,5,0,0,0,1,0,0
"POINT (9.744499480000059 52.602202831000056)",Unfall 85668 (2019) Kat:3, Licht: 0,85668,3,6,2,09,17,7,1,0,0,1,0,0
"POINT (9.687628725000025 52.348370232000036)",Unfall 85669 (2019) Kat:3, Licht: 1,85669,3,1,0,10,18,5,1,1,0,1,0,0
"POINT (9.733981188000030 52.384934390000069)",Unfall 85674 (2019) Kat:3, Licht: 0,85674,3,3,5,10,13,5,0,0,1,1,0,0
"POINT (9.733380358000034 52.417811149000045)",Unfall 85693 (2019) Kat:3, Licht: 2,85693,3,2,5,10,06,3,1,2,1,1,0,0
"POINT (9.759841806000054 52.370366073000071)",Unfall 85703 (2019) Kat:3, Licht: 0,85703,3,6,2,10,17,5,1,0,0,1,0,0
"POINT (9.650661340000056 52.391143636000038)",Unfall 85704 (2019) Kat:3, Licht: 0,85704,3,7,0,10,09,5,0,0,1,0,0,0
"POINT (9.643113693000032 52.325303961000031)",Unfall 85705 (2019) Kat:3, Licht: 2,85705,3,1,9,10,20,5,1,2,0,1,0,0
"POINT (9.573537782000074 52.423214903000030)",Unfall 85706 (2019) Kat:2, Licht: 0,85706,2,6,2,10,15,3,0,0,0,1,0,0
"POINT (9.568639498000039 52.303828776000046)",Unfall 85710 (2019) Kat:3, Licht: 0,85710,3,1,9,10,17,5,1,0,0,1,0,0
"POINT (9.724276618000033 52.602844634000064)",Unfall 85713 (2019) Kat:3, Licht: 0,85713,3,3,5,10,19,5,1,0,0,1,0,0
"POINT (9.912028039000063 52.436453372000074)",Unfall 85714 (2019) Kat:3, Licht: 0,85714,3,1,8,10,15,5,1,0,0,1,0,0
"POINT (9.687081095000053 52.392545765000079)",Unfall 85718 (2019) Kat:3, Licht: 2,85718,3,3,5,10,06,5,1,2,1,1,0,0
"POINT (9.725337898000021 52.626161509000042)",Unfall 85754 (2019) Kat:3, Licht: 0,85754,3,6,2,09,11,5,0,0,0,0,0,0
"POINT (9.811682679000057 52.331912129000045)",Unfall 85774 (2019) Kat:3, Licht: 2,85774,3,1,8,10,20,4,1,2,0,1,0,0
"POINT (9.642704084000059 52.414611008000065)",Unfall 85778 (2019) Kat:3, Licht: 2,85778,3,6,2,10,18,4,1,2,0,1,0,0
"POINT (9.792760001000033 52.393638334000059)",Unfall 85781 (2019) Kat:3, Licht: 0,85781,3,7,3,10,14,4,0,0,0,1,0,0
"POINT (9.431725082000071 52.466813640000055)",Unfall 85787 (2019) Kat:3, Licht: 0,85787,3,7,5,10,11,3,1,0,0,1,0,0
"POINT (9.534240344000068 52.469118396000056)",Unfall 85816 (2019) Kat:3, Licht: 0,85816,3,2,2,09,15,2,1,0,0,1,0,0
"POINT (9.653246875000036 52.409115948000078)",Unfall 85821 (2019) Kat:3, Licht: 2,85821,3,6,2,09,05,5,1,2,0,1,0,0
"POINT (9.480406777000042 52.301046664000069)",Unfall 85828 (2019) Kat:3, Licht: 0,85828,3,3,5,10,12,3,1,0,0,1,0,0
"POINT (9.723519057000033 52.377672381000082)",Unfall 85829 (2019) Kat:3, Licht: 2,85829,3,3,5,09,19,5,1,2,1,1,0,0
"POINT (9.734276350000073 52.387166053000044)",Unfall 85838 (2019) Kat:3, Licht: 2,85838,3,3,5,09,20,5,0,2,0,1,0,0
"POINT (9.729856695000024 52.384020112000030)",Unfall 85841 (2019) Kat:3, Licht: 0,85841,3,2,5,09,07,5,1,0,1,0,0,0
"POINT (9.723517533000063 52.440231073000064)",Unfall 85845 (2019) Kat:3, Licht: 0,85845,3,7,0,09,12,7,1,0,1,0,0,0
"POINT (9.600626544000022 52.409430713000063)",Unfall 85850 (2019) Kat:3, Licht: 2,85850,3,2,2,09,18,5,1,2,0,1,0,0
"POINT (9.769771684000034 52.580536824000035)",Unfall 85856 (2019) Kat:3, Licht: 0,85856,3,6,2,09,06,2,0,0,0,1,0,0
"POINT (9.822075366000036 52.309211788000027)",Unfall 85861 (2019) Kat:3, Licht: 2,85861,3,1,9,09,20,5,1,2,0,1,0,0
"POINT (9.611033857000052 52.422107059000041)",Unfall 85869 (2019) Kat:3, Licht: 0,85869,3,6,2,09,18,5,1,0,0,1,0,0
"POINT (9.845467529000075 52.483448591000069)",Unfall 85878 (2019) Kat:3, Licht: 0,85878,3,6,2,09,18,5,1,0,0,1,0,0
"POINT (9.799423691000072 52.335989295000047)",Unfall 85893 (2019) Kat:3, Licht: 0,85893,3,6,2,10,15,4,1,0,0,1,0,0
"POINT (9.735592688000054 52.394663322000042)",Unfall 85896 (2019) Kat:3, Licht: 0,85896,3,2,4,10,06,4,1,0,1,1,0,0
"POINT (9.497447350000073 52.311395710000056)",Unfall 85898 (2019) Kat:3, Licht: 0,85898,3,7,4,10,14,4,1,0,0,1,0,0
"POINT (9.587613786000077 52.415031596000063)",Unfall 85904 (2019) Kat:3, Licht: 0,85904,3,2,5,10,14,4,1,0,1,1,0,0
"POINT (9.746794320000049 52.523538449000057)",Unfall 85905 (2019) Kat:3, Licht: 0,85905,3,6,2,10,11,4,1,0,0,1,0,0
"POINT (9.680316230000074 52.431426475000080)",Unfall 85906 (2019) Kat:3, Licht: 0,85906,3,3,5,10,15,4,1,0,1,1,0,0
"POINT (9.701830132000055 52.347334935000049)",Unfall 85910 (2019) Kat:3, Licht: 0,85910,3,1,8,10,11,3,1,0,0,1,0,0
"POINT (9.859245472000055 52.487361350000072)",Unfall 85911 (2019) Kat:3, Licht: 0,85911,3,7,0,10,11,4,0,0,1,1,0,0
"POINT (9.701327711000033 52.347371512000052)",Unfall 85913 (2019) Kat:3, Licht: 0,85913,3,1,3,10,08,3,1,0,0,1,0,0
"POINT (9.845778453000037 52.413751833000049)",Unfall 85914 (2019) Kat:2, Licht: 0,85914,2,6,2,10,12,4,1,0,0,1,0,0
"POINT (9.766469158000064 52.583076743000049)",Unfall 85915 (2019) Kat:3, Licht: 0,85915,3,6,2,10,12,4,1,0,0,1,0,0
"POINT (9.677819340000042 52.359348718000035)",Unfall 85918 (2019) Kat:3, Licht: 0,85918,3,3,5,10,11,3,1,0,0,1,0,0
"POINT (9.542673252000043 52.590684403000068)",Unfall 85921 (2019) Kat:3, Licht: 0,85921,3,1,8,10,14,3,1,0,0,1,0,0
"POINT (9.679192799000077 52.433595733000061)",Unfall 85943 (2019) Kat:3, Licht: 0,85943,3,2,6,10,08,3,1,0,0,1,1,0
"POINT (9.813573389000055 52.318446514000073)",Unfall 85946 (2019) Kat:3, Licht: 2,85946,3,6,3,10,19,3,0,2,0,1,0,0
"POINT (9.730425341000057 52.491408403000037)",Unfall 85950 (2019) Kat:3, Licht: 0,85950,3,6,2,10,14,3,0,0,0,1,0,0
"POINT (9.891333484000029 52.312787611000033)",Unfall 85955 (2019) Kat:1, Licht: 0,85955,1,6,4,10,09,3,1,0,0,1,0,0
"POINT (9.831948583000042 52.300026503000026)",Unfall 85965 (2019) Kat:3, Licht: 0,85965,3,1,9,09,12,7,1,0,0,0,0,1
"POINT (9.991493909000042 52.371254379000050)",Unfall 85976 (2019) Kat:3, Licht: 2,85976,3,7,0,09,06,2,1,2,0,0,0,0
"POINT (9.472434608000071 52.501686996000046)",Unfall 86057 (2019) Kat:3, Licht: 0,86057,3,5,1,10,09,4,0,0,0,1,0,0
"POINT (9.721134294000024 52.361162479000029)",Unfall 86064 (2019) Kat:3, Licht: 0,86064,3,6,2,10,14,4,0,0,0,1,0,0
"POINT (9.694013693000045 52.361178068000072)",Unfall 86068 (2019) Kat:3, Licht: 0,86068,3,2,5,10,13,4,0,0,1,1,0,0
"POINT (9.759473810000031 52.335081769000055)",Unfall 86071 (2019) Kat:3, Licht: 1,86071,3,2,5,10,07,4,0,1,1,1,0,0
"POINT (9.872639836000076 52.310694837000028)",Unfall 86073 (2019) Kat:3, Licht: 2,86073,3,2,4,10,06,4,1,2,0,1,0,0
"POINT (9.722885900000051 52.442045844000063)",Unfall 86079 (2019) Kat:3, Licht: 0,86079,3,7,0,10,10,4,1,0,0,1,0,1
"POINT (9.871931551000046 52.512354549000065)",Unfall 86081 (2019) Kat:3, Licht: 2,86081,3,5,1,10,00,4,0,2,0,1,0,0
"POINT (9.631722072000059 52.420157324000058)",Unfall 86086 (2019) Kat:3, Licht: 0,86086,3,6,2,10,16,6,0,0,0,1,0,0
"POINT (9.516601480000077 52.341002244000038)",Unfall 86088 (2019) Kat:2, Licht: 0,86088,2,2,5,10,13,6,0,0,0,1,0,0
"POINT (9.734040879000077 52.412544843000035)",Unfall 86089 (2019) Kat:3, Licht: 0,86089,3,6,2,10,16,4,0,0,0,1,0,0
"POINT (9.405124938000029 52.334030279000046)",Unfall 86091 (2019) Kat:3, Licht: 0,86091,3,6,3,10,13,6,0,0,0,1,0,0
"POINT (9.610793325000032 52.569685404000040)",Unfall 86094 (2019) Kat:3, Licht: 1,86094,3,5,1,10,06,4,1,1,0,1,0,0
"POINT (9.611327065000069 52.405485862000035)",Unfall 86095 (2019) Kat:3, Licht: 0,86095,3,7,0,10,16,6,0,0,1,0,0,0
"POINT (9.768629617000045 52.520741816000054)",Unfall 86096 (2019) Kat:3, Licht: 0,86096,3,7,2,10,14,6,0,0,0,1,0,0
"POINT (9.786261444000047 52.565032967000036)",Unfall 86097 (2019) Kat:3, Licht: 0,86097,3,6,2,10,11,4,0,0,0,0,0,0
"POINT (10.048657214000059 52.308643590000031)",Unfall 86099 (2019) Kat:3, Licht: 1,86099,3,3,5,10,06,6,1,1,0,1,0,0
"POINT (9.745638257000053 52.209398461000035)",Unfall 86100 (2019) Kat:2, Licht: 0,86100,2,2,5,10,08,4,0,0,0,1,0,0
"POINT (9.762347210000030 52.370413807000034)",Unfall 86101 (2019) Kat:3, Licht: 2,86101,3,6,2,10,18,3,0,2,0,1,0,0
"POINT (9.465130374000069 52.456754449000073)",Unfall 86102 (2019) Kat:3, Licht: 0,86102,3,3,5,10,13,3,0,0,0,1,0,0
"POINT (9.750139951000051 52.452712179000059)",Unfall 86103 (2019) Kat:3, Licht: 0,86103,3,3,5,10,14,6,0,0,1,1,0,0
"POINT (9.790625217000070 52.558696078000082)",Unfall 86104 (2019) Kat:2, Licht: 2,86104,2,6,2,10,05,4,0,2,0,0,0,0
"POINT (9.385204673000033 52.457114369000067)",Unfall 86105 (2019) Kat:3, Licht: 0,86105,3,3,5,10,08,3,0,0,0,1,0,0
"POINT (9.732515091000039 52.424303663000046)",Unfall 86106 (2019) Kat:3, Licht: 0,86106,3,6,2,10,10,6,0,0,0,1,0,0
"POINT (9.990240093000068 52.372345120000034)",Unfall 86107 (2019) Kat:2, Licht: 0,86107,2,2,5,10,15,4,0,0,0,0,0,1
"POINT (9.837904017000028 52.421473119000041)",Unfall 86108 (2019) Kat:3, Licht: 0,86108,3,6,2,10,15,6,0,0,0,1,0,0
"POINT (9.992803627000058 52.388448938000067)",Unfall 86109 (2019) Kat:3, Licht: 2,86109,3,6,3,10,06,4,0,2,0,1,0,0
"POINT (9.703648192000060 52.313123347000044)",Unfall 86110 (2019) Kat:3, Licht: 0,86110,3,6,2,10,15,3,0,0,0,1,0,0
"POINT (9.659940532000064 52.340732758000058)",Unfall 86112 (2019) Kat:3, Licht: 0,86112,3,7,5,10,06,3,0,0,0,1,0,0
"POINT (9.727465509000069 52.590628542000047)",Unfall 86113 (2019) Kat:3, Licht: 0,86113,3,6,2,10,10,3,0,0,0,1,0,0
"POINT (9.637046124000051 52.446240597000042)",Unfall 86114 (2019) Kat:2, Licht: 2,86114,2,1,9,10,21,6,0,2,0,1,0,0
"POINT (9.685608896000076 52.360230622000074)",Unfall 86115 (2019) Kat:3, Licht: 0,86115,3,4,6,10,14,6,0,0,1,0,1,0
"POINT (9.584466226000075 52.423524105000070)",Unfall 86116 (2019) Kat:3, Licht: 2,86116,3,6,2,10,06,4,0,2,0,1,0,0
"POINT (9.872646357000065 52.310695837000026)",Unfall 86118 (2019) Kat:3, Licht: 0,86118,3,3,5,10,14,3,0,0,0,1,0,0
"POINT (9.730993686000033 52.383626089000074)",Unfall 86119 (2019) Kat:2, Licht: 0,86119,2,2,5,10,09,6,1,0,1,1,0,0
"POINT (9.853212971000062 52.565109711000048)",Unfall 86121 (2019) Kat:2, Licht: 2,86121,2,2,4,10,18,3,0,2,0,1,0,0
"POINT (9.678155792000041 52.365749782000080)",Unfall 86122 (2019) Kat:3, Licht: 2,86122,3,2,5,10,20,3,0,2,1,1,0,0
"POINT (9.783241609000072 52.345724081000071)",Unfall 86131 (2019) Kat:2, Licht: 2,86131,2,6,2,10,18,3,0,2,0,1,0,0
"POINT (10.064635309000039 52.369979772000079)",Unfall 86133 (2019) Kat:3, Licht: 2,86133,3,6,9,10,20,3,0,2,0,1,0,0
"POINT (9.720780680000075 52.368021536000072)",Unfall 86134 (2019) Kat:3, Licht: 0,86134,3,4,6,10,13,3,0,0,1,0,1,0
"POINT (10.027584343000058 52.523219610000069)",Unfall 86135 (2019) Kat:3, Licht: 2,86135,3,7,0,10,18,4,0,2,1,0,0,0
"POINT (9.612909980000040 52.430818910000028)",Unfall 86140 (2019) Kat:2, Licht: 0,86140,2,6,3,10,10,3,0,0,0,1,0,0
"POINT (9.800064817000077 52.406739813000058)",Unfall 86143 (2019) Kat:3, Licht: 1,86143,3,1,0,10,06,3,0,1,1,0,0,0
"POINT (9.735744991000047 52.400206333000028)",Unfall 86215 (2019) Kat:3, Licht: 1,86215,3,6,2,10,17,4,0,1,0,1,0,0
"POINT (9.653246875000036 52.409115948000078)",Unfall 86249 (2019) Kat:3, Licht: 0,86249,3,6,2,10,14,5,0,0,0,1,0,0
"POINT (9.701072162000060 52.371093322000036)",Unfall 86252 (2019) Kat:3, Licht: 0,86252,3,6,2,10,12,5,0,0,0,1,0,0
"POINT (9.861366601000043 52.406151385000044)",Unfall 86255 (2019) Kat:3, Licht: 2,86255,3,6,2,10,17,4,0,2,0,1,0,0
"POINT (9.570794416000069 52.446560679000072)",Unfall 86256 (2019) Kat:3, Licht: 0,86256,3,3,5,10,13,5,0,0,0,1,0,0
"POINT (9.958382472000039 52.473979594000070)",Unfall 86257 (2019) Kat:3, Licht: 0,86257,3,1,8,10,08,5,1,0,0,1,0,0
"POINT (9.809992509000040 52.334113884000033)",Unfall 86260 (2019) Kat:3, Licht: 2,86260,3,6,2,10,21,5,1,2,0,1,0,0
"POINT (9.809092006000071 52.379645636000078)",Unfall 86263 (2019) Kat:3, Licht: 0,86263,3,6,2,10,12,2,0,0,0,1,0,0
"POINT (9.838636328000064 52.361660692000044)",Unfall 86266 (2019) Kat:3, Licht: 0,86266,3,5,0,10,10,2,0,0,0,1,0,0
"POINT (9.566709189000051 52.323105011000052)",Unfall 86267 (2019) Kat:3, Licht: 0,86267,3,6,2,10,15,2,0,0,0,1,0,0
"POINT (9.557044731000076 52.460976467000080)",Unfall 86272 (2019) Kat:3, Licht: 0,86272,3,5,4,10,09,2,0,0,0,1,0,0
"POINT (9.924559888000033 52.366178083000079)",Unfall 86273 (2019) Kat:3, Licht: 0,86273,3,6,4,10,08,2,0,0,0,1,0,0
"POINT (9.731788113000050 52.429555492000077)",Unfall 86276 (2019) Kat:3, Licht: 2,86276,3,2,3,10,19,2,1,2,0,1,0,0
"POINT (9.717824860000064 52.395456980000063)",Unfall 86278 (2019) Kat:3, Licht: 0,86278,3,6,2,10,16,3,0,0,0,1,0,0
"POINT (9.639947277000033 52.178584364000073)",Unfall 86280 (2019) Kat:3, Licht: 0,86280,3,1,4,10,10,3,0,0,0,1,0,0
"POINT (9.731346471000052 52.432426524000050)",Unfall 86281 (2019) Kat:3, Licht: 0,86281,3,7,0,10,09,2,1,0,1,0,0,0
"POINT (9.718112871000074 52.367196454000066)",Unfall 86283 (2019) Kat:3, Licht: 1,86283,3,7,0,10,16,2,1,1,1,0,0,0
"POINT (9.672879351000063 52.377210682000054)",Unfall 86284 (2019) Kat:2, Licht: 0,86284,2,4,6,10,15,2,0,0,0,1,1,0
"POINT (9.967774396000039 52.471258712000065)",Unfall 86287 (2019) Kat:3, Licht: 0,86287,3,2,2,10,15,3,0,0,0,1,0,1
"POINT (9.697199692000027 52.420627174000060)",Unfall 86289 (2019) Kat:3, Licht: 0,86289,3,2,0,10,15,3,0,0,0,1,0,1
"POINT (9.786042276000046 52.565335500000060)",Unfall 86290 (2019) Kat:3, Licht: 1,86290,3,6,2,10,16,2,0,1,0,1,0,0
"POINT (9.651719012000058 52.417127640000047)",Unfall 86292 (2019) Kat:3, Licht: 1,86292,3,3,5,10,18,3,0,1,0,1,0,1
"POINT (9.847436235000032 52.412758756000073)",Unfall 86293 (2019) Kat:3, Licht: 0,86293,3,6,2,10,14,2,0,0,0,1,0,0
"POINT (9.976786210000057 52.370169825000062)",Unfall 86294 (2019) Kat:3, Licht: 1,86294,3,6,2,10,08,2,0,1,0,1,0,0
"POINT (9.626177005000045 52.408167312000046)",Unfall 86297 (2019) Kat:2, Licht: 0,86297,2,7,0,10,17,3,1,0,1,0,0,0
"POINT (9.718212035000022 52.394371857000067)",Unfall 86298 (2019) Kat:3, Licht: 0,86298,3,2,5,10,07,2,0,0,1,0,0,1
"POINT (9.786625080000022 52.389658937000036)",Unfall 86300 (2019) Kat:3, Licht: 0,86300,3,6,2,10,15,3,0,0,0,1,0,0
"POINT (9.476319297000032 52.388290513000072)",Unfall 86304 (2019) Kat:3, Licht: 0,86304,3,6,2,10,09,3,0,0,0,1,0,0
"POINT (9.667588148000050 52.341089891000081)",Unfall 86355 (2019) Kat:3, Licht: 0,86355,3,6,2,10,12,1,0,0,0,1,0,0
"POINT (9.941598285000055 52.498827530000028)",Unfall 86356 (2019) Kat:3, Licht: 2,86356,3,3,5,10,21,1,0,2,0,1,0,0
"POINT (9.687129038000023 52.426089354000055)",Unfall 86364 (2019) Kat:3, Licht: 2,86364,3,7,0,10,20,1,0,2,1,0,0,0
"POINT (9.840870287000030 52.269906203000062)",Unfall 86365 (2019) Kat:2, Licht: 2,86365,2,2,0,10,17,1,0,2,1,1,0,0
"POINT (9.678272744000026 52.363873517000059)",Unfall 86396 (2019) Kat:3, Licht: 0,86396,3,3,5,10,11,4,0,0,0,1,0,0
"POINT (9.824393620000024 52.404655939000065)",Unfall 86404 (2019) Kat:3, Licht: 0,86404,3,6,2,10,15,4,0,0,0,1,0,0
"POINT (9.624761672000034 52.217001579000055)",Unfall 86407 (2019) Kat:3, Licht: 2,86407,3,7,0,10,00,4,1,2,0,1,0,0
"POINT (9.466148843000042 52.304012296000053)",Unfall 86409 (2019) Kat:3, Licht: 2,86409,3,4,6,10,20,4,0,2,0,1,1,0
"POINT (10.014411813000038 52.287318973000026)",Unfall 86414 (2019) Kat:3, Licht: 0,86414,3,1,4,10,08,4,1,0,0,1,0,0
"POINT (9.831744269000069 52.488811843000065)",Unfall 86415 (2019) Kat:3, Licht: 2,86415,3,7,0,10,19,4,0,2,0,1,0,0
"POINT (9.735131668000065 52.406571441000040)",Unfall 86417 (2019) Kat:3, Licht: 2,86417,3,6,2,10,20,4,0,2,0,1,0,0
"POINT (9.801769613000033 52.432036500000038)",Unfall 86420 (2019) Kat:3, Licht: 0,86420,3,3,5,10,12,4,0,0,0,1,0,0
"POINT (9.802363585000023 52.539640347000045)",Unfall 86423 (2019) Kat:3, Licht: 0,86423,3,6,2,10,10,4,0,0,0,0,0,0
"POINT (9.734637659000043 52.411053134000042)",Unfall 86426 (2019) Kat:3, Licht: 2,86426,3,7,7,10,01,4,1,2,1,0,0,0
"POINT (9.864206134000028 52.404853636000041)",Unfall 86427 (2019) Kat:2, Licht: 2,86427,2,6,9,10,00,4,1,2,0,1,0,0
"POINT (9.806889642000044 52.308071094000070)",Unfall 86471 (2019) Kat:3, Licht: 0,86471,3,6,2,10,14,7,0,0,0,1,0,0
"POINT (9.733444401000043 52.384435806000056)",Unfall 86474 (2019) Kat:3, Licht: 0,86474,3,3,5,10,14,7,0,0,0,0,0,1
"POINT (9.623046510000052 52.421041951000063)",Unfall 86479 (2019) Kat:3, Licht: 0,86479,3,6,2,10,13,7,0,0,0,1,0,0
"POINT (9.793862227000034 52.394736318000071)",Unfall 86502 (2019) Kat:3, Licht: 0,86502,3,6,2,10,13,2,0,0,0,1,0,0
"POINT (9.388277877000064 52.432334227000069)",Unfall 86507 (2019) Kat:3, Licht: 0,86507,3,2,2,10,08,2,1,0,0,1,0,0
"POINT (9.428182303000028 52.545883557000082)",Unfall 86510 (2019) Kat:3, Licht: 2,86510,3,1,4,10,07,2,1,2,0,0,0,0
"POINT (9.618246959000032 52.428837645000044)",Unfall 86514 (2019) Kat:3, Licht: 1,86514,3,2,4,10,06,2,1,1,0,1,0,0
"POINT (9.973776540000074 52.405927268000028)",Unfall 86516 (2019) Kat:3, Licht: 0,86516,3,2,2,10,07,2,1,0,0,1,0,0
"POINT (9.731667656000070 52.434210899000050)",Unfall 86520 (2019) Kat:3, Licht: 0,86520,3,6,2,10,14,2,0,0,0,1,0,0
"POINT (9.651596241000050 52.415477001000056)",Unfall 86522 (2019) Kat:3, Licht: 0,86522,3,2,6,10,14,2,0,0,0,1,1,0
"POINT (9.791306207000048 52.556976630000065)",Unfall 86528 (2019) Kat:3, Licht: 0,86528,3,6,2,10,09,2,1,0,0,1,0,0
"POINT (10.064807661000032 52.469507598000064)",Unfall 86529 (2019) Kat:1, Licht: 0,86529,1,1,8,10,08,2,1,0,0,1,0,0
"POINT (9.724098508000054 52.363763651000056)",Unfall 86533 (2019) Kat:3, Licht: 2,86533,3,3,5,10,06,2,1,2,1,1,0,0
"POINT (9.828268907000052 52.416286035000041)",Unfall 86559 (2019) Kat:3, Licht: 0,86559,3,2,4,10,16,3,0,0,0,1,0,0
"POINT (9.775670675000072 52.270925999000042)",Unfall 86561 (2019) Kat:3, Licht: 0,86561,3,2,2,10,12,3,0,0,0,1,0,0
"POINT (10.114366520000033 52.349292490000039)",Unfall 86567 (2019) Kat:3, Licht: 0,86567,3,3,5,10,08,3,0,0,1,1,0,0
"POINT (9.782653091000043 52.324291187000028)",Unfall 86568 (2019) Kat:2, Licht: 0,86568,2,3,5,10,15,3,0,0,1,1,0,0
"POINT (9.713553461000061 52.429200458000082)",Unfall 86571 (2019) Kat:3, Licht: 0,86571,3,6,2,10,10,3,0,0,0,1,0,0
"POINT (9.709123186000056 52.408157874000040)",Unfall 86587 (2019) Kat:3, Licht: 0,86587,3,6,2,10,15,6,0,0,0,1,0,0
"POINT (9.735211193000055 52.405729796000060)",Unfall 86592 (2019) Kat:3, Licht: 0,86592,3,3,0,10,09,6,0,0,1,1,0,0
"POINT (9.745641662000026 52.209362646000045)",Unfall 86594 (2019) Kat:3, Licht: 0,86594,3,2,5,10,16,6,0,0,0,1,0,0
"POINT (9.756768120000061 52.312762650000082)",Unfall 86600 (2019) Kat:3, Licht: 2,86600,3,1,8,10,23,6,0,2,0,1,0,0
"POINT (9.463229304000038 52.513211923000028)",Unfall 86602 (2019) Kat:3, Licht: 1,86602,3,6,2,10,07,6,1,1,0,1,0,0
"POINT (9.973709295000049 52.385092136000026)",Unfall 86603 (2019) Kat:3, Licht: 2,86603,3,6,4,10,21,6,0,2,1,0,0,0
"POINT (9.723316279000073 52.440837550000026)",Unfall 86608 (2019) Kat:3, Licht: 0,86608,3,6,2,10,15,6,0,0,0,1,0,0
"POINT (9.860720858000036 52.384137960000032)",Unfall 86611 (2019) Kat:3, Licht: 2,86611,3,6,2,10,19,6,0,2,0,1,0,0
"POINT (9.620675371000061 52.439701225000078)",Unfall 86612 (2019) Kat:2, Licht: 1,86612,2,6,3,10,19,6,0,1,1,0,0,0
"POINT (9.722559904000036 52.378433426000072)",Unfall 86615 (2019) Kat:3, Licht: 0,86615,3,6,2,10,17,6,0,0,0,1,0,1
"POINT (9.677354891000050 52.358830528000055)",Unfall 86617 (2019) Kat:3, Licht: 2,86617,3,6,3,10,18,1,1,2,0,1,0,0
"POINT (9.757370467000044 52.370227041000078)",Unfall 86619 (2019) Kat:3, Licht: 2,86619,3,2,6,10,20,1,1,2,0,1,1,0
"POINT (9.735306203000050 52.394781365000028)",Unfall 86620 (2019) Kat:3, Licht: 0,86620,3,3,5,10,15,6,0,0,1,1,0,0
"POINT (9.734343758000023 52.413047249000044)",Unfall 86622 (2019) Kat:3, Licht: 0,86622,3,6,2,10,12,6,0,0,0,1,0,0
"POINT (9.774600114000066 52.371041537000053)",Unfall 86626 (2019) Kat:3, Licht: 0,86626,3,6,2,10,16,1,1,0,0,1,0,0
"POINT (10.145240514000022 52.364230467000027)",Unfall 86628 (2019) Kat:3, Licht: 0,86628,3,1,9,10,10,1,1,0,0,1,0,0
"POINT (9.870593205000034 52.442052324000031)",Unfall 86630 (2019) Kat:3, Licht: 0,86630,3,1,9,10,10,1,1,0,0,1,0,0
"POINT (9.781643647000067 52.363341928000068)",Unfall 86631 (2019) Kat:3, Licht: 2,86631,3,6,2,10,06,6,0,2,0,1,0,0
"POINT (9.650686221000058 52.391201878000061)",Unfall 86701 (2019) Kat:3, Licht: 0,86701,3,1,4,10,18,2,0,0,0,1,0,1
"POINT (9.470243166000046 52.301446471000077)",Unfall 86704 (2019) Kat:3, Licht: 0,86704,3,2,2,10,17,2,0,0,0,1,0,0
"POINT (9.426654565000035 52.321107251000058)",Unfall 86709 (2019) Kat:2, Licht: 1,86709,2,7,0,10,07,2,1,1,1,0,0,0
"POINT (10.106244522000054 52.440089376000060)",Unfall 86710 (2019) Kat:3, Licht: 2,86710,3,7,7,10,05,2,0,2,0,1,0,0
"POINT (9.755559291000054 52.427286728000070)",Unfall 86715 (2019) Kat:2, Licht: 0,86715,2,6,2,10,09,2,0,0,0,0,0,0
"POINT (9.778864643000077 52.573260486000038)",Unfall 86727 (2019) Kat:3, Licht: 1,86727,3,6,2,10,19,7,1,1,0,1,0,0
"POINT (9.628833957000040 52.422029662000057)",Unfall 86733 (2019) Kat:3, Licht: 2,86733,3,1,9,10,23,7,1,2,0,1,0,0
"POINT (9.743397191000042 52.368336061000036)",Unfall 86742 (2019) Kat:3, Licht: 1,86742,3,3,5,10,17,7,0,1,0,1,0,0
"POINT (9.804009313000051 52.338763133000043)",Unfall 86744 (2019) Kat:3, Licht: 2,86744,3,6,3,10,18,7,1,2,0,1,0,0
"POINT (9.696143096000071 52.380021561000035)",Unfall 86748 (2019) Kat:3, Licht: 0,86748,3,3,5,10,09,7,0,0,0,1,0,0
"POINT (9.653246875000036 52.409115948000078)",Unfall 86749 (2019) Kat:3, Licht: 0,86749,3,6,2,10,08,4,0,0,0,1,0,0
"POINT (9.765573494000023 52.341854978000072)",Unfall 86753 (2019) Kat:3, Licht: 2,86753,3,4,0,10,18,4,0,2,0,1,1,0
"POINT (9.403014362000022 52.426893977000077)",Unfall 86762 (2019) Kat:3, Licht: 0,86762,3,6,2,10,15,4,0,0,0,1,0,0
"POINT (9.763973574000033 52.343304292000028)",Unfall 86789 (2019) Kat:3, Licht: 0,86789,3,6,2,10,15,5,0,0,0,1,0,0
"POINT (9.534411134000038 52.326882293000040)",Unfall 86791 (2019) Kat:3, Licht: 0,86791,3,2,5,10,16,5,0,0,0,1,0,1
"POINT (9.573678678000022 52.423460514000055)",Unfall 86792 (2019) Kat:3, Licht: 1,86792,3,3,5,10,08,5,0,1,1,1,0,0
"POINT (9.719007634000036 52.633685298000046)",Unfall 86794 (2019) Kat:3, Licht: 0,86794,3,6,2,10,10,1,0,0,0,1,0,0
"POINT (9.687329519000059 52.221195197000043)",Unfall 86796 (2019) Kat:1, Licht: 2,86796,1,1,8,10,19,5,0,2,0,1,0,0
"POINT (9.470384531000036 52.421264502000042)",Unfall 86799 (2019) Kat:2, Licht: 1,86799,2,6,4,10,18,5,0,1,0,1,0,0
"POINT (9.786662912000054 52.528492774000028)",Unfall 86800 (2019) Kat:3, Licht: 0,86800,3,6,2,10,11,5,0,0,0,0,0,0
"POINT (9.801265446000059 52.370734371000026)",Unfall 86803 (2019) Kat:3, Licht: 2,86803,3,3,5,10,06,5,0,2,0,1,0,0
"POINT (9.648571357000037 52.412714180000080)",Unfall 86813 (2019) Kat:3, Licht: 0,86813,3,6,2,10,12,1,1,0,0,1,0,0
"POINT (9.726718221000056 52.375775938000061)",Unfall 86815 (2019) Kat:3, Licht: 0,86815,3,3,5,10,16,1,0,0,1,1,0,0
"POINT (9.741062884000030 52.300401677000082)",Unfall 86818 (2019) Kat:3, Licht: 2,86818,3,3,5,10,18,4,0,2,1,1,0,0
"POINT (10.115539259000059 52.428346863000058)",Unfall 86819 (2019) Kat:3, Licht: 0,86819,3,1,8,10,09,1,0,0,0,1,0,0
"POINT (9.897913788000039 52.407578245000082)",Unfall 86823 (2019) Kat:3, Licht: 0,86823,3,6,3,10,12,1,1,0,0,1,0,0
"POINT (9.741060967000067 52.427363809000042)",Unfall 86824 (2019) Kat:2, Licht: 2,86824,2,7,8,10,03,1,0,2,0,1,0,0
"POINT (9.740472773000022 52.607099715000061)",Unfall 86855 (2019) Kat:3, Licht: 0,86855,3,6,2,11,11,1,0,0,0,1,0,0
"POINT (9.717745117000050 52.367130145000033)",Unfall 86858 (2019) Kat:2, Licht: 2,86858,2,1,0,11,20,5,1,2,1,0,0,0
"POINT (9.740334233000056 52.301893446000065)",Unfall 86860 (2019) Kat:2, Licht: 0,86860,2,2,6,11,09,3,0,0,0,1,1,0
"POINT (9.973441044000026 52.378299645000027)",Unfall 86907 (2019) Kat:3, Licht: 2,86907,3,2,2,11,18,6,1,2,0,1,0,0
"POINT (9.695530298000051 52.419919828000047)",Unfall 86952 (2019) Kat:3, Licht: 0,86952,3,2,5,11,14,3,0,0,1,1,0,0
"POINT (9.819323580000059 52.410710093000034)",Unfall 86953 (2019) Kat:3, Licht: 0,86953,3,7,0,11,11,3,0,0,0,0,0,0
"POINT (9.703493793000064 52.282455911000056)",Unfall 86957 (2019) Kat:3, Licht: 0,86957,3,3,5,11,15,3,1,0,0,1,0,0
"POINT (9.470197449000068 52.301476283000056)",Unfall 86961 (2019) Kat:3, Licht: 2,86961,3,2,2,11,18,3,1,2,0,1,0,0
"POINT (9.816684900000041 52.284675142000026)",Unfall 86963 (2019) Kat:3, Licht: 2,86963,3,6,2,11,17,2,1,2,0,1,0,0
"POINT (9.431030293000049 52.319401397000036)",Unfall 86965 (2019) Kat:3, Licht: 0,86965,3,2,2,11,08,3,0,0,0,1,0,0
"POINT (9.585754797000050 52.440602468000066)",Unfall 86967 (2019) Kat:3, Licht: 1,86967,3,6,4,11,15,3,0,1,1,0,0,0
"POINT (9.850350989000049 52.323309149000067)",Unfall 86968 (2019) Kat:3, Licht: 0,86968,3,1,8,11,11,2,1,0,0,1,0,0
"POINT (9.600288605000060 52.394394667000029)",Unfall 86970 (2019) Kat:3, Licht: 2,86970,3,4,6,11,16,2,1,2,0,1,1,0
"POINT (9.646225339000068 52.402365280000026)",Unfall 86971 (2019) Kat:3, Licht: 0,86971,3,7,0,11,15,2,1,0,1,0,0,0
"POINT (9.862398503000065 52.405679793000047)",Unfall 86972 (2019) Kat:2, Licht: 0,86972,2,6,2,11,08,2,0,0,0,0,0,0
"POINT (9.727911805000076 52.577251354000055)",Unfall 86973 (2019) Kat:3, Licht: 2,86973,3,3,5,11,17,3,1,2,1,0,0,0
"POINT (9.978074628000059 52.316532476000077)",Unfall 86974 (2019) Kat:3, Licht: 0,86974,3,3,5,11,09,3,0,0,0,1,0,0
"POINT (9.575510710000060 52.270055670000033)",Unfall 86976 (2019) Kat:3, Licht: 0,86976,3,3,5,11,13,2,1,0,1,1,0,0
"POINT (9.971661972000049 52.386190479000049)",Unfall 86977 (2019) Kat:3, Licht: 0,86977,3,1,0,11,12,3,1,0,1,0,0,0
"POINT (9.401379550000058 52.333004856000059)",Unfall 86978 (2019) Kat:3, Licht: 2,86978,3,3,5,11,17,2,1,2,0,1,0,1
"POINT (9.963137174000053 52.365308772000049)",Unfall 86979 (2019) Kat:3, Licht: 0,86979,3,6,2,11,07,2,0,0,0,1,0,0
"POINT (9.729172042000073 52.491703939000047)",Unfall 86981 (2019) Kat:3, Licht: 2,86981,3,6,4,11,18,3,1,2,0,1,0,0
"POINT (9.836201081000070 52.489948804000051)",Unfall 86982 (2019) Kat:3, Licht: 0,86982,3,2,5,11,09,3,1,0,0,1,0,0
"POINT (9.456919108000022 52.500210144000050)",Unfall 86983 (2019) Kat:3, Licht: 2,86983,3,4,6,11,18,5,1,2,1,0,1,0
"POINT (9.826443582000024 52.424954588000048)",Unfall 86984 (2019) Kat:3, Licht: 2,86984,3,6,2,11,17,3,1,2,0,1,0,0
"POINT (9.735556990000021 52.403512189000082)",Unfall 86985 (2019) Kat:3, Licht: 0,86985,3,3,5,11,13,3,1,0,1,1,0,0
"POINT (9.701081396000063 52.363636392000046)",Unfall 86987 (2019) Kat:3, Licht: 0,86987,3,4,6,11,10,3,0,0,1,0,1,0
"POINT (9.734779550000042 52.407329571000048)",Unfall 86988 (2019) Kat:2, Licht: 2,86988,2,3,5,11,18,2,1,2,0,1,0,1
"POINT (9.500450498000021 52.403905517000055)",Unfall 86989 (2019) Kat:3, Licht: 0,86989,3,6,2,11,08,3,0,0,0,0,0,0
"POINT (9.760658741000043 52.347283112000071)",Unfall 86990 (2019) Kat:2, Licht: 2,86990,2,1,0,11,17,2,1,2,1,0,0,0
"POINT (9.740453863000028 52.368275946000040)",Unfall 86991 (2019) Kat:3, Licht: 0,86991,3,2,0,11,11,2,1,0,1,0,0,0
"POINT (9.756727688000069 52.312687191000066)",Unfall 86996 (2019) Kat:2, Licht: 1,86996,2,6,4,11,07,2,1,1,0,1,0,1
"POINT (9.886292126000058 52.360178034000057)",Unfall 86999 (2019) Kat:3, Licht: 2,86999,3,1,8,11,05,2,1,2,0,1,0,0
"POINT (9.578166604000046 52.284126243000060)",Unfall 87001 (2019) Kat:3, Licht: 0,87001,3,6,2,11,10,7,1,0,0,1,0,0
"POINT (9.936008116000039 52.443873580000059)",Unfall 87026 (2019) Kat:3, Licht: 2,87026,3,6,8,11,17,5,1,2,0,1,0,0
"POINT (9.966037611000047 52.315569034000077)",Unfall 87040 (2019) Kat:3, Licht: 0,87040,3,7,5,11,10,3,0,0,1,1,0,0
"POINT (9.633439989000067 52.256694101000051)",Unfall 87075 (2019) Kat:3, Licht: 1,87075,3,6,2,11,07,4,1,1,0,1,0,0
"POINT (9.920549322000056 52.511523195000052)",Unfall 87080 (2019) Kat:3, Licht: 0,87080,3,1,9,11,14,6,0,0,0,1,0,0
"POINT (9.734474965000061 52.614434692000032)",Unfall 87103 (2019) Kat:3, Licht: 0,87103,3,6,2,11,10,2,1,0,0,1,0,0
"POINT (9.678158675000077 52.365710831000058)",Unfall 87104 (2019) Kat:3, Licht: 2,87104,3,2,5,11,17,1,1,2,1,1,0,0
"POINT (9.650177491000022 52.239320292000059)",Unfall 87110 (2019) Kat:3, Licht: 2,87110,3,1,8,11,06,1,1,2,0,1,0,0
"POINT (9.911190256000054 52.357486778000066)",Unfall 87116 (2019) Kat:2, Licht: 0,87116,2,2,4,11,08,4,1,0,0,1,0,0
"POINT (9.718884673000048 52.346761882000067)",Unfall 87128 (2019) Kat:3, Licht: 0,87128,3,6,2,11,13,2,0,0,0,1,0,0
"POINT (9.714487899000062 52.366563264000035)",Unfall 87129 (2019) Kat:3, Licht: 0,87129,3,6,3,11,12,2,0,0,0,1,0,1
"POINT (9.753759528000046 52.253845219000027)",Unfall 87133 (2019) Kat:3, Licht: 0,87133,3,6,4,11,10,2,0,0,0,1,0,0
"POINT (9.732614350000063 52.319045423000034)",Unfall 87137 (2019) Kat:3, Licht: 0,87137,3,1,0,11,12,2,0,0,1,0,0,0
"POINT (9.688614238000071 52.441812485000071)",Unfall 87142 (2019) Kat:3, Licht: 2,87142,3,6,2,11,05,2,1,2,0,1,0,0
"POINT (9.855134507000059 52.539838248000081)",Unfall 87144 (2019) Kat:3, Licht: 0,87144,3,3,5,11,11,2,1,0,0,1,0,0
"POINT (9.837294060000033 52.419088766000073)",Unfall 87148 (2019) Kat:3, Licht: 2,87148,3,5,2,11,19,2,1,2,0,1,0,0
"POINT (9.941996173000064 52.392350170000043)",Unfall 87152 (2019) Kat:3, Licht: 0,87152,3,6,2,11,16,2,0,0,0,0,0,0
"POINT (9.651497473000063 52.424748691000048)",Unfall 87154 (2019) Kat:3, Licht: 0,87154,3,6,2,11,16,2,0,0,0,1,0,0
"POINT (9.813127383000051 52.365732744000070)",Unfall 87156 (2019) Kat:2, Licht: 2,87156,2,7,6,11,20,4,1,2,0,0,1,0
"POINT (9.693885896000040 52.308797077000065)",Unfall 87159 (2019) Kat:3, Licht: 2,87159,3,1,8,11,06,2,1,2,0,1,0,0
"POINT (9.735084184000073 52.392575843000031)",Unfall 87160 (2019) Kat:3, Licht: 0,87160,3,5,2,11,14,2,1,0,0,1,0,0
"POINT (9.726938627000038 52.375575500000082)",Unfall 87161 (2019) Kat:3, Licht: 0,87161,3,4,0,11,11,2,0,0,1,0,1,0
"POINT (9.765049705000024 52.583821874000080)",Unfall 87163 (2019) Kat:3, Licht: 0,87163,3,6,2,11,06,2,0,0,0,1,0,0
"POINT (9.655830508000065 52.406426082000053)",Unfall 87172 (2019) Kat:3, Licht: 0,87172,3,1,8,11,10,7,1,0,0,1,0,0
"POINT (9.813330135000058 52.318966330000080)",Unfall 87175 (2019) Kat:3, Licht: 2,87175,3,6,2,11,18,7,0,2,0,1,0,0
"POINT (9.465993798000056 52.304042356000082)",Unfall 87176 (2019) Kat:3, Licht: 1,87176,3,3,5,11,16,7,0,1,0,1,0,0
"POINT (9.962841453000067 52.482695503000059)",Unfall 87179 (2019) Kat:3, Licht: 0,87179,3,1,8,11,09,7,1,0,0,1,0,0
"POINT (9.828604673000029 52.409055852000051)",Unfall 87181 (2019) Kat:3, Licht: 2,87181,3,6,2,11,17,7,0,2,0,1,0,0
"POINT (9.522769048000043 52.303022551000026)",Unfall 87187 (2019) Kat:3, Licht: 0,87187,3,1,9,11,12,5,1,0,0,1,0,0
"POINT (9.891787321000038 52.294240384000034)",Unfall 87191 (2019) Kat:3, Licht: 0,87191,3,6,2,11,08,2,1,0,0,1,0,0
"POINT (9.989509529000031 52.374491426000077)",Unfall 87194 (2019) Kat:3, Licht: 2,87194,3,2,4,11,06,5,1,2,1,1,0,0
"POINT (9.735433714000067 52.393902657000069)",Unfall 87196 (2019) Kat:2, Licht: 2,87196,2,4,6,11,19,5,0,2,0,0,1,0
"POINT (9.474346134000030 52.389209064000056)",Unfall 87200 (2019) Kat:2, Licht: 2,87200,2,3,5,11,17,5,0,2,0,1,0,0
"POINT (9.732965608000029 52.436241015000064)",Unfall 87202 (2019) Kat:3, Licht: 2,87202,3,2,5,11,18,5,1,2,0,1,0,0
"POINT (9.827115850000041 52.344080952000070)",Unfall 87204 (2019) Kat:3, Licht: 2,87204,3,7,0,11,18,4,1,2,0,1,0,0
"POINT (9.786348578000059 52.564912374000073)",Unfall 87219 (2019) Kat:3, Licht: 2,87219,3,6,2,11,19,1,0,2,0,1,0,0
"POINT (9.574411766000026 52.423015469000063)",Unfall 87225 (2019) Kat:3, Licht: 2,87225,3,6,2,11,17,3,1,2,0,1,0,0
"POINT (9.712972273000048 52.285705468000060)",Unfall 87293 (2019) Kat:3, Licht: 0,87293,3,7,0,11,10,6,0,0,1,0,0,0
"POINT (9.666664366000020 52.276564362000045)",Unfall 87299 (2019) Kat:3, Licht: 1,87299,3,6,2,11,17,1,0,1,0,1,0,0
"POINT (9.966058966000048 52.471697800000072)",Unfall 87300 (2019) Kat:3, Licht: 0,87300,3,3,5,11,13,1,0,0,0,1,0,0
"POINT (10.037919666000050 52.377592406000076)",Unfall 87305 (2019) Kat:3, Licht: 2,87305,3,6,2,11,16,1,0,2,0,1,0,0
"POINT (9.802030694000052 52.432975197000076)",Unfall 87320 (2019) Kat:3, Licht: 0,87320,3,3,5,11,12,4,0,0,0,1,0,0
"POINT (9.782752156000072 52.361517331000073)",Unfall 87334 (2019) Kat:3, Licht: 0,87334,3,1,9,11,09,4,1,0,0,1,0,0
"POINT (9.855665308000027 52.389266559000077)",Unfall 87340 (2019) Kat:2, Licht: 0,87340,2,4,6,11,10,6,0,0,0,1,1,0
"POINT (9.492197044000022 52.415795629000058)",Unfall 87352 (2019) Kat:3, Licht: 2,87352,3,6,2,11,19,6,0,2,0,1,0,0
"POINT (9.439799460000074 52.504460594000079)",Unfall 87356 (2019) Kat:3, Licht: 2,87356,3,3,5,11,18,6,0,2,1,1,0,0
"POINT (9.577387653000073 52.432119102000058)",Unfall 87357 (2019) Kat:3, Licht: 2,87357,3,6,2,11,18,6,0,2,0,1,0,0
"POINT (9.747105227000077 52.547541841000054)",Unfall 87362 (2019) Kat:3, Licht: 0,87362,3,2,5,11,10,6,0,0,1,1,0,0
"POINT (9.876412634000076 52.435039460000041)",Unfall 87369 (2019) Kat:3, Licht: 1,87369,3,3,5,11,16,6,0,1,0,1,0,0
"POINT (9.513559188000045 52.411385214000063)",Unfall 87370 (2019) Kat:3, Licht: 0,87370,3,6,2,11,10,4,1,0,0,0,0,0
"POINT (10.213006740000026 52.489212398000063)",Unfall 87371 (2019) Kat:3, Licht: 1,87371,3,7,7,11,07,6,0,1,0,1,0,0
"POINT (9.931891425000060 52.393634898000073)",Unfall 87372 (2019) Kat:3, Licht: 0,87372,3,6,2,11,15,6,0,0,0,1,0,0
"POINT (9.771904412000026 52.371097781000060)",Unfall 87373 (2019) Kat:3, Licht: 0,87373,3,6,2,11,12,2,0,0,0,1,0,1
"POINT (9.675410327000066 52.377100380000059)",Unfall 87380 (2019) Kat:3, Licht: 2,87380,3,2,5,11,06,6,0,2,1,1,0,0
"POINT (9.631752742000060 52.261372752000057)",Unfall 87389 (2019) Kat:3, Licht: 1,87389,3,6,2,11,07,5,1,1,0,1,0,0
"POINT (9.486459465000053 52.291683459000069)",Unfall 87391 (2019) Kat:3, Licht: 2,87391,3,2,2,11,19,3,1,2,0,1,0,0
"POINT (9.648405903000025 52.412835234000056)",Unfall 87401 (2019) Kat:3, Licht: 0,87401,3,6,2,11,11,7,1,0,0,1,0,0
"POINT (9.735605246000034 52.394725771000026)",Unfall 87407 (2019) Kat:3, Licht: 2,87407,3,2,4,11,01,7,1,2,1,1,0,0
"POINT (9.672453666000024 52.238795832000051)",Unfall 87411 (2019) Kat:3, Licht: 2,87411,3,3,5,11,17,7,1,2,0,1,0,0
"POINT (9.719515054000055 52.392502040000068)",Unfall 87412 (2019) Kat:3, Licht: 0,87412,3,1,0,11,12,7,1,0,0,0,0,1
"POINT (9.418396123000036 52.452054762000046)",Unfall 87418 (2019) Kat:3, Licht: 2,87418,3,1,9,11,20,7,1,2,0,1,0,0
"POINT (9.584504220000042 52.390258787000050)",Unfall 87419 (2019) Kat:3, Licht: 0,87419,3,6,2,11,12,7,0,0,0,1,0,0
"POINT (9.755553936000069 52.353647024000054)",Unfall 87420 (2019) Kat:3, Licht: 2,87420,3,2,5,11,19,4,0,2,1,1,0,0
"POINT (9.745814710000047 52.366332630000045)",Unfall 87422 (2019) Kat:3, Licht: 0,87422,3,1,8,11,10,7,1,0,0,1,0,0
"POINT (9.475773979000053 52.420349977000058)",Unfall 87423 (2019) Kat:3, Licht: 0,87423,3,7,4,11,09,4,0,0,0,1,0,0
"POINT (9.768560437000076 52.338058034000028)",Unfall 87428 (2019) Kat:2, Licht: 2,87428,2,3,5,11,02,7,1,2,0,1,0,0
"POINT (9.477044698000043 52.334324949000063)",Unfall 87430 (2019) Kat:3, Licht: 0,87430,3,6,2,11,15,4,0,0,0,1,0,0
"POINT (9.747531507000076 52.437211538000042)",Unfall 87432 (2019) Kat:3, Licht: 0,87432,3,6,2,11,08,4,0,0,0,1,0,0
"POINT (9.788488281000070 52.464676624000049)",Unfall 87436 (2019) Kat:3, Licht: 2,87436,3,5,1,11,17,4,0,2,1,1,0,0
"POINT (9.740943293000044 52.427364418000082)",Unfall 87439 (2019) Kat:3, Licht: 2,87439,3,6,3,11,01,1,0,2,0,1,0,0
"POINT (9.850670167000033 52.359660636000058)",Unfall 87442 (2019) Kat:3, Licht: 2,87442,3,2,5,11,17,4,0,2,0,1,0,0
"POINT (9.733480215000043 52.369183545000055)",Unfall 87443 (2019) Kat:3, Licht: 2,87443,3,3,5,11,17,5,1,2,1,1,0,0
"POINT (9.807839924000064 52.559332030000064)",Unfall 87513 (2019) Kat:3, Licht: 0,87513,3,2,2,11,13,6,0,0,0,1,0,0
"POINT (9.638783426000032 52.415823863000071)",Unfall 87542 (2019) Kat:3, Licht: 0,87542,3,6,2,11,14,5,0,0,0,1,0,0
"POINT (9.648295997000048 52.412756132000027)",Unfall 87543 (2019) Kat:3, Licht: 0,87543,3,3,5,11,09,5,0,0,0,1,0,0
"POINT (9.697775274000037 52.377112688000068)",Unfall 87549 (2019) Kat:3, Licht: 0,87549,3,6,2,11,15,5,0,0,0,1,0,0
"POINT (9.823532182000065 52.413588085000072)",Unfall 87556 (2019) Kat:3, Licht: 2,87556,3,6,2,11,16,5,0,2,0,1,0,0
"POINT (9.621218192000072 52.315779123000027)",Unfall 87558 (2019) Kat:3, Licht: 0,87558,3,6,2,11,11,5,0,0,0,1,0,0
"POINT (9.535936849000052 52.475807529000065)",Unfall 87566 (2019) Kat:3, Licht: 0,87566,3,2,3,11,15,5,0,0,0,1,0,0
"POINT (9.725109517000021 52.562699800000075)",Unfall 87568 (2019) Kat:3, Licht: 0,87568,3,2,5,11,10,5,0,0,0,1,0,1
"POINT (9.798434596000050 52.420714991000068)",Unfall 87575 (2019) Kat:3, Licht: 0,87575,3,7,0,11,13,5,0,0,0,1,1,0
"POINT (9.895883947000073 52.375267120000046)",Unfall 87579 (2019) Kat:3, Licht: 0,87579,3,6,2,11,09,5,0,0,0,1,0,0
"POINT (9.720174159000067 52.391772810000077)",Unfall 87630 (2019) Kat:3, Licht: 0,87630,3,2,5,11,08,6,0,0,1,1,0,0
"POINT (9.398967764000076 52.536428926000042)",Unfall 87634 (2019) Kat:2, Licht: 2,87634,2,1,8,11,05,7,1,2,0,1,0,0
"POINT (9.763073011000074 52.261177490000080)",Unfall 87635 (2019) Kat:3, Licht: 0,87635,3,3,5,11,08,6,0,0,1,1,0,0
"POINT (9.462938501000053 52.341724558000067)",Unfall 87641 (2019) Kat:3, Licht: 2,87641,3,1,9,11,23,6,1,2,0,1,0,0
"POINT (9.723001203000024 52.454015640000080)",Unfall 87642 (2019) Kat:3, Licht: 0,87642,3,3,5,11,09,6,0,0,0,1,0,0
"POINT (9.861683678000077 52.381726804000039)",Unfall 87645 (2019) Kat:3, Licht: 2,87645,3,4,6,11,17,6,1,2,0,1,1,0
"POINT (9.757082034000064 52.370207426000036)",Unfall 87651 (2019) Kat:3, Licht: 2,87651,3,6,2,11,16,6,1,2,0,1,0,0
"POINT (9.828285986000026 52.416295753000043)",Unfall 87652 (2019) Kat:3, Licht: 0,87652,3,7,4,11,14,6,1,0,0,1,0,0
"POINT (9.774588993000066 52.331221423000045)",Unfall 87658 (2019) Kat:3, Licht: 0,87658,3,6,2,11,14,6,1,0,0,1,0,0
"POINT (9.725537795000037 52.364904109000065)",Unfall 87659 (2019) Kat:3, Licht: 0,87659,3,3,5,11,08,3,1,0,1,1,0,0
"POINT (9.716117032000057 52.397464474000060)",Unfall 87663 (2019) Kat:3, Licht: 0,87663,3,6,2,11,12,6,0,0,0,1,0,0
"POINT (9.734034988000076 52.415577273000054)",Unfall 87665 (2019) Kat:3, Licht: 2,87665,3,4,6,11,21,3,0,2,0,1,1,0
"POINT (9.872576833000039 52.310685173000081)",Unfall 87670 (2019) Kat:2, Licht: 0,87670,2,2,4,11,08,3,1,0,0,1,0,0
"POINT (9.730684572000030 52.468543466000028)",Unfall 87671 (2019) Kat:3, Licht: 2,87671,3,3,5,11,16,3,0,2,0,1,0,1
"POINT (9.695372256000042 52.374698158000058)",Unfall 87675 (2019) Kat:3, Licht: 2,87675,3,3,5,11,20,3,1,2,0,1,0,0
"POINT (9.499259329000040 52.425618769000039)",Unfall 87678 (2019) Kat:3, Licht: 0,87678,3,6,2,11,14,1,0,0,0,1,0,1
"POINT (9.872543651000058 52.310680084000069)",Unfall 87681 (2019) Kat:3, Licht: 2,87681,3,2,5,11,17,3,0,2,0,1,0,0
"POINT (9.969171898000070 52.331856603000062)",Unfall 87682 (2019) Kat:3, Licht: 0,87682,3,1,9,11,15,5,0,0,0,1,0,0
"POINT (9.675963210000077 52.438116594000064)",Unfall 87684 (2019) Kat:3, Licht: 2,87684,3,3,5,11,17,3,1,2,0,1,0,0
"POINT (9.733891419000031 52.416692790000070)",Unfall 87685 (2019) Kat:3, Licht: 0,87685,3,2,5,11,13,3,0,0,1,1,0,0
"POINT (9.806984383000042 52.336258699000041)",Unfall 87690 (2019) Kat:3, Licht: 1,87690,3,6,2,11,07,3,1,1,0,1,0,0
"POINT (9.776636315000076 52.332859066000026)",Unfall 87697 (2019) Kat:3, Licht: 2,87697,3,2,5,11,06,3,1,2,1,1,0,0
"POINT (9.634706054000048 52.418331503000047)",Unfall 87735 (2019) Kat:3, Licht: 0,87735,3,6,2,11,13,6,0,0,0,1,0,0
"POINT (9.899439196000060 52.387161536000065)",Unfall 87744 (2019) Kat:3, Licht: 0,87744,3,6,0,11,12,3,0,0,0,1,0,0
"POINT (9.429986461000055 52.426168440000026)",Unfall 87786 (2019) Kat:3, Licht: 2,87786,3,3,5,10,17,5,0,2,0,1,0,0
"POINT (9.848661574000062 52.390278947000070)",Unfall 87788 (2019) Kat:3, Licht: 0,87788,3,7,0,10,15,5,0,0,1,0,0,0
"POINT (9.587834191000070 52.184612961000028)",Unfall 87790 (2019) Kat:3, Licht: 0,87790,3,6,4,11,07,4,0,0,0,0,0,0
"POINT (9.650942848000057 52.424641953000048)",Unfall 87792 (2019) Kat:2, Licht: 0,87792,2,6,3,10,12,5,0,0,0,1,0,0
"POINT (9.740388597000049 52.368054911000058)",Unfall 87793 (2019) Kat:3, Licht: 2,87793,3,4,6,10,03,5,0,2,0,1,1,0
"POINT (9.442694745000040 52.310234601000047)",Unfall 87795 (2019) Kat:3, Licht: 2,87795,3,1,8,11,05,4,1,2,0,1,0,0
"POINT (9.560379335000050 52.440810167000052)",Unfall 87798 (2019) Kat:3, Licht: 2,87798,3,6,4,11,06,4,0,2,1,0,0,0
"POINT (9.729179924000050 52.491641432000051)",Unfall 87799 (2019) Kat:3, Licht: 2,87799,3,2,5,11,05,4,0,2,0,1,0,0
"POINT (9.838055047000069 52.418610259000047)",Unfall 87830 (2019) Kat:3, Licht: 2,87830,3,6,2,11,18,2,0,2,0,1,0,0
"POINT (9.724344975000065 52.627029971000070)",Unfall 87842 (2019) Kat:3, Licht: 0,87842,3,6,2,11,12,1,0,0,0,1,0,0
"POINT (9.372340401000031 52.434207545000049)",Unfall 87846 (2019) Kat:3, Licht: 2,87846,3,3,5,11,17,5,1,2,0,1,0,0
"POINT (9.707870886000023 52.420688966000057)",Unfall 87848 (2019) Kat:3, Licht: 0,87848,3,6,2,11,10,3,0,0,0,1,0,0
"POINT (9.640974908000032 52.173391966000054)",Unfall 87863 (2019) Kat:3, Licht: 1,87863,3,3,5,11,07,5,1,1,1,1,0,0
"POINT (9.833160179000061 52.419121696000047)",Unfall 87888 (2019) Kat:3, Licht: 1,87888,3,6,2,11,07,4,0,1,0,1,0,0
"POINT (9.463173278000056 52.513210037000079)",Unfall 87889 (2019) Kat:3, Licht: 0,87889,3,3,0,11,15,4,1,0,0,1,0,0
"POINT (9.470377079000059 52.357898964000071)",Unfall 87890 (2019) Kat:3, Licht: 2,87890,3,7,4,11,07,4,0,2,0,1,0,0
"POINT (9.732582686000058 52.471023785000057)",Unfall 87891 (2019) Kat:3, Licht: 0,87891,3,2,5,11,08,4,0,0,0,1,0,0
"POINT (9.886478152000052 52.279922434000071)",Unfall 87892 (2019) Kat:3, Licht: 0,87892,3,4,6,11,15,4,0,0,0,1,1,0
"POINT (9.721239288000049 52.361727538000082)",Unfall 87893 (2019) Kat:3, Licht: 2,87893,3,4,6,11,17,4,1,2,0,1,1,0
"POINT (9.642666533000067 52.414620722000052)",Unfall 87894 (2019) Kat:3, Licht: 0,87894,3,6,2,11,12,4,1,0,0,1,0,0
"POINT (9.771319810000023 52.579447759000061)",Unfall 87895 (2019) Kat:3, Licht: 0,87895,3,6,2,11,09,4,0,0,0,0,0,0
"POINT (9.687111647000052 52.391010066000035)",Unfall 87931 (2019) Kat:3, Licht: 2,87931,3,6,3,11,18,3,0,2,0,1,0,0
"POINT (9.799176100000068 52.423259763000033)",Unfall 87932 (2019) Kat:3, Licht: 2,87932,3,7,9,11,22,3,0,2,0,1,0,0
"POINT (10.006072557000039 52.315660078000064)",Unfall 87933 (2019) Kat:3, Licht: 2,87933,3,7,6,11,17,3,0,2,0,1,1,0
"POINT (9.835139809000054 52.409590317000038)",Unfall 87934 (2019) Kat:3, Licht: 2,87934,3,6,0,11,18,3,0,2,0,1,0,0
"POINT (9.792683608000061 52.430545189000043)",Unfall 87935 (2019) Kat:3, Licht: 2,87935,3,6,3,11,16,3,0,2,0,0,0,0
"POINT (9.816718328000036 52.404179777000081)",Unfall 87936 (2019) Kat:3, Licht: 2,87936,3,6,2,11,17,3,1,2,0,1,0,0
"POINT (9.784275698000045 52.567565034000040)",Unfall 87937 (2019) Kat:3, Licht: 0,87937,3,6,2,11,13,3,0,0,0,1,0,0
"POINT (9.797343115000047 52.346740750000038)",Unfall 87938 (2019) Kat:3, Licht: 0,87938,3,6,3,11,12,3,0,0,0,1,0,0
"POINT (9.878028504000042 52.399930008000069)",Unfall 87939 (2019) Kat:3, Licht: 0,87939,3,6,2,11,08,3,0,0,0,1,0,0
"POINT (9.651437579000060 52.415376176000052)",Unfall 87940 (2019) Kat:2, Licht: 2,87940,2,1,0,11,05,3,1,2,1,0,0,0
"POINT (9.744648771000072 52.367534355000032)",Unfall 87982 (2019) Kat:3, Licht: 0,87982,3,2,3,11,15,2,0,0,1,0,0,0
"POINT (9.588818219000075 52.397088475000032)",Unfall 87983 (2019) Kat:3, Licht: 0,87983,3,3,5,11,11,2,0,0,1,1,0,0
"POINT (9.890197071000046 52.398005042000079)",Unfall 87984 (2019) Kat:3, Licht: 2,87984,3,6,2,11,07,2,0,2,0,1,0,0
"POINT (9.732554426000036 52.423749021000049)",Unfall 87986 (2019) Kat:3, Licht: 0,87986,3,4,6,11,07,2,0,0,0,0,1,0
"POINT (9.605318386000022 52.393336950000048)",Unfall 88036 (2019) Kat:3, Licht: 2,88036,3,5,1,11,23,7,0,2,1,1,0,0
"POINT (9.729690111000025 52.487791062000042)",Unfall 88037 (2019) Kat:1, Licht: 2,88037,1,1,8,11,22,7,0,2,0,1,0,0
"POINT (9.780501528000059 52.270016221000049)",Unfall 88043 (2019) Kat:3, Licht: 0,88043,3,6,2,11,13,5,0,0,0,1,0,0
"POINT (9.691322392000075 52.332309819000045)",Unfall 88089 (2019) Kat:3, Licht: 0,88089,3,2,6,11,13,6,0,0,0,1,1,0
"POINT (9.723230950000072 52.377826451000033)",Unfall 88090 (2019) Kat:3, Licht: 0,88090,3,6,2,11,08,6,0,0,0,1,0,0
"POINT (9.763449292000075 52.343832852000048)",Unfall 88091 (2019) Kat:3, Licht: 0,88091,3,6,2,11,13,6,1,0,0,1,0,0
"POINT (9.860494779000021 52.494550852000032)",Unfall 88092 (2019) Kat:3, Licht: 0,88092,3,2,2,11,12,6,0,0,0,1,0,0
"POINT (9.730492479000077 52.370791357000030)",Unfall 88093 (2019) Kat:3, Licht: 1,88093,3,3,5,11,08,6,0,1,1,1,0,0
"POINT (9.584235021000040 52.397123573000044)",Unfall 88094 (2019) Kat:2, Licht: 0,88094,2,1,0,11,08,6,1,0,1,0,0,0
"POINT (9.775994550000064 52.553365137000071)",Unfall 88140 (2019) Kat:3, Licht: 0,88140,3,3,5,12,12,3,1,0,0,1,0,0
"POINT (9.757528597000032 52.434837092000066)",Unfall 88141 (2019) Kat:3, Licht: 2,88141,3,6,2,12,16,3,0,2,0,1,0,0
"POINT (9.762242785000069 52.370415670000057)",Unfall 88142 (2019) Kat:2, Licht: 2,88142,2,2,0,12,19,3,0,2,1,0,0,0
"POINT (9.703085178000038 52.169759045000035)",Unfall 88143 (2019) Kat:2, Licht: 0,88143,2,1,8,12,15,3,0,0,0,1,0,0
"POINT (9.618258832000038 52.405823829000042)",Unfall 88208 (2019) Kat:3, Licht: 2,88208,3,3,5,12,06,2,1,2,1,1,0,0
"POINT (9.743908171000044 52.338564564000080)",Unfall 88210 (2019) Kat:3, Licht: 0,88210,3,6,2,12,14,2,0,0,0,1,0,0
"POINT (9.630229457000041 52.263390548000075)",Unfall 88212 (2019) Kat:3, Licht: 0,88212,3,2,5,12,07,2,1,0,0,1,0,1
"POINT (10.014467308000064 52.440393051000058)",Unfall 88213 (2019) Kat:3, Licht: 0,88213,3,5,1,12,10,2,1,0,0,1,0,0
"POINT (10.024171483000032 52.432954271000028)",Unfall 88214 (2019) Kat:2, Licht: 2,88214,2,3,5,12,18,2,0,2,0,1,0,0
"POINT (9.833131216000027 52.338306954000075)",Unfall 88215 (2019) Kat:3, Licht: 0,88215,3,6,2,12,09,2,1,0,0,1,0,0
"POINT (9.554834899000070 52.525487981000026)",Unfall 88251 (2019) Kat:3, Licht: 2,88251,3,5,1,12,07,1,1,2,0,1,0,0
"POINT (9.959103695000067 52.317762849000076)",Unfall 88252 (2019) Kat:3, Licht: 0,88252,3,2,4,12,14,1,0,0,0,1,0,0
"POINT (9.491571911000051 52.398854947000075)",Unfall 88254 (2019) Kat:3, Licht: 2,88254,3,6,2,12,17,1,0,2,0,1,0,0
"POINT (9.486815275000026 52.560554796000076)",Unfall 88263 (2019) Kat:3, Licht: 0,88263,3,3,5,12,08,3,1,0,0,1,0,0
"POINT (9.973521192000021 52.385326133000035)",Unfall 88310 (2019) Kat:3, Licht: 2,88310,3,6,2,11,16,7,0,2,0,1,0,0
"POINT (10.013042770000027 52.445711923000033)",Unfall 88311 (2019) Kat:3, Licht: 0,88311,3,2,5,11,11,7,1,0,1,1,0,0
"POINT (9.690992794000067 52.383839522000073)",Unfall 88363 (2019) Kat:3, Licht: 2,88363,3,1,9,11,18,6,1,2,0,1,0,0
"POINT (9.820118841000067 52.362472670000045)",Unfall 88364 (2019) Kat:3, Licht: 0,88364,3,3,5,11,07,6,0,0,1,1,0,0
"POINT (9.393522800000028 52.420939741000041)",Unfall 88365 (2019) Kat:3, Licht: 2,88365,3,6,2,11,17,6,1,2,0,1,0,1
"POINT (9.665247757000032 52.336245233000056)",Unfall 88366 (2019) Kat:3, Licht: 0,88366,3,4,6,11,12,6,0,0,0,1,1,0
"POINT (9.477938901000073 52.301154435000058)",Unfall 88367 (2019) Kat:3, Licht: 0,88367,3,4,6,11,13,6,0,0,0,1,1,0
"POINT (9.590041600000063 52.438893780000058)",Unfall 88368 (2019) Kat:3, Licht: 0,88368,3,6,2,11,12,6,0,0,0,1,0,0
"POINT (9.721216430000027 52.606374806000076)",Unfall 88369 (2019) Kat:3, Licht: 2,88369,3,5,2,11,18,6,1,2,0,1,0,0
"POINT (9.670829570000024 52.428277933000061)",Unfall 88370 (2019) Kat:3, Licht: 2,88370,3,6,2,11,16,6,1,2,0,1,0,0
"POINT (9.510160752000047 52.409435027000029)",Unfall 88371 (2019) Kat:3, Licht: 1,88371,3,6,2,11,17,6,1,1,0,1,0,0
"POINT (9.775369071000057 52.576323797000043)",Unfall 88372 (2019) Kat:3, Licht: 0,88372,3,6,2,11,12,6,1,0,0,1,0,0
"POINT (9.827272847000074 52.361764866000044)",Unfall 88373 (2019) Kat:2, Licht: 0,88373,2,7,0,11,08,6,0,0,0,0,1,0
"POINT (9.758647547000066 52.427216312000041)",Unfall 88374 (2019) Kat:3, Licht: 0,88374,3,6,2,11,08,6,0,0,0,1,0,0
"POINT (9.971112616000028 52.389941968000073)",Unfall 88375 (2019) Kat:3, Licht: 2,88375,3,6,2,11,05,6,1,2,0,1,0,0
"POINT (9.670349574000056 52.396825538000030)",Unfall 88376 (2019) Kat:3, Licht: 2,88376,3,1,9,11,02,6,1,2,0,1,0,0
"POINT (9.646210782000026 52.402676163000081)",Unfall 88429 (2019) Kat:3, Licht: 2,88429,3,2,2,11,18,5,1,2,0,1,0,0
"POINT (9.818479824000065 52.310819678000030)",Unfall 88430 (2019) Kat:3, Licht: 2,88430,3,1,3,11,21,5,1,2,0,1,0,0
"POINT (9.634689364000053 52.420317352000041)",Unfall 88431 (2019) Kat:3, Licht: 2,88431,3,6,2,11,20,5,1,2,0,1,0,0
"POINT (9.711528549000036 52.421732018000057)",Unfall 88432 (2019) Kat:3, Licht: 2,88432,3,3,5,11,18,5,1,2,1,1,0,0
"POINT (9.824507257000050 52.426105531000076)",Unfall 88433 (2019) Kat:3, Licht: 0,88433,3,7,0,11,11,5,0,0,0,1,0,0
"POINT (9.597229205000076 52.423228908000056)",Unfall 88434 (2019) Kat:3, Licht: 1,88434,3,6,2,11,07,5,0,1,0,1,0,0
"POINT (9.657866935000072 52.238958435000029)",Unfall 88512 (2019) Kat:3, Licht: 2,88512,3,3,5,12,17,1,1,2,0,1,0,0
"POINT (9.392537511000057 52.538102996000077)",Unfall 88513 (2019) Kat:3, Licht: 2,88513,3,1,8,12,03,1,0,2,0,1,0,0
"POINT (9.631563868000058 52.420123625000031)",Unfall 88515 (2019) Kat:3, Licht: 2,88515,3,6,2,12,17,1,1,2,0,1,0,0
"POINT (9.698649504000059 52.347730041000034)",Unfall 88565 (2019) Kat:3, Licht: 0,88565,3,2,5,12,13,4,0,0,0,1,0,0
"POINT (9.745817827000053 52.208998273000077)",Unfall 88566 (2019) Kat:3, Licht: 1,88566,3,6,2,12,07,4,0,1,0,1,0,0
"POINT (9.461351335000074 52.468311682000035)",Unfall 88567 (2019) Kat:3, Licht: 1,88567,3,6,2,12,07,4,1,1,0,1,0,0
"POINT (9.480867235000062 52.495811360000062)",Unfall 88568 (2019) Kat:3, Licht: 2,88568,3,6,3,12,19,4,0,2,0,1,0,0
"POINT (9.543080434000046 52.561748360000081)",Unfall 88569 (2019) Kat:3, Licht: 0,88569,3,1,8,12,15,4,0,0,0,1,0,0
"POINT (9.476215866000075 52.297566864000032)",Unfall 88570 (2019) Kat:3, Licht: 0,88570,3,3,5,12,14,4,0,0,1,1,0,0
"POINT (9.799014850000049 52.345001270000068)",Unfall 88575 (2019) Kat:3, Licht: 2,88575,3,6,2,12,17,7,1,2,0,1,0,0
"POINT (9.789470448000031 52.316998160000026)",Unfall 88576 (2019) Kat:3, Licht: 0,88576,3,4,6,12,11,7,1,0,0,1,1,0
"POINT (9.790824112000053 52.557912065000039)",Unfall 88577 (2019) Kat:3, Licht: 0,88577,3,6,2,12,10,7,1,0,0,1,0,0
"POINT (9.444681056000036 52.474816028000077)",Unfall 88621 (2019) Kat:3, Licht: 0,88621,3,7,0,12,08,6,1,0,1,0,0,0
"POINT (9.585734832000071 52.440610447000040)",Unfall 88623 (2019) Kat:3, Licht: 2,88623,3,6,3,12,20,6,1,2,0,1,0,0
"POINT (9.772226568000065 52.204268825000042)",Unfall 88626 (2019) Kat:1, Licht: 0,88626,1,1,9,12,10,6,1,0,0,1,0,0
"POINT (9.858118791000038 52.387500714000055)",Unfall 88715 (2019) Kat:3, Licht: 2,88715,3,5,0,12,19,3,0,2,0,1,0,1
"POINT (9.764608049000060 52.343003187000079)",Unfall 88717 (2019) Kat:3, Licht: 0,88717,3,6,2,12,14,3,0,0,0,1,0,0
"POINT (9.456682176000072 52.497834847000036)",Unfall 88718 (2019) Kat:3, Licht: 2,88718,3,6,4,12,18,3,0,2,0,1,0,0
"POINT (9.607584300000042 52.446943600000054)",Unfall 88720 (2019) Kat:3, Licht: 0,88720,3,6,2,12,08,3,1,0,0,1,0,1
"POINT (9.765256719000035 52.342896603000042)",Unfall 88723 (2019) Kat:3, Licht: 2,88723,3,6,2,12,19,3,0,2,0,1,0,0
"POINT (9.733958507000068 52.368895890000033)",Unfall 88725 (2019) Kat:3, Licht: 2,88725,3,2,0,12,17,3,0,2,0,1,0,0
"POINT (9.605987944000049 52.314444658000070)",Unfall 88727 (2019) Kat:2, Licht: 0,88727,2,3,5,12,13,3,0,0,1,1,0,0
"POINT (9.655036218000021 52.407263176000072)",Unfall 88728 (2019) Kat:3, Licht: 1,88728,3,6,3,12,15,5,0,1,0,1,0,0
"POINT (9.958714865000047 52.390508969000052)",Unfall 88729 (2019) Kat:3, Licht: 0,88729,3,6,3,12,07,3,0,0,0,1,0,0
"POINT (9.642676073000075 52.414618254000061)",Unfall 88730 (2019) Kat:3, Licht: 0,88730,3,5,1,12,10,5,2,0,0,1,0,0
"POINT (9.702242997000042 52.414784375000067)",Unfall 88733 (2019) Kat:3, Licht: 2,88733,3,2,6,12,19,5,0,2,0,1,1,0
"POINT (9.662684813000055 52.300443446000031)",Unfall 88735 (2019) Kat:3, Licht: 0,88735,3,7,0,12,11,5,0,0,0,0,0,0
"POINT (9.545978510000055 52.340327724000076)",Unfall 88737 (2019) Kat:3, Licht: 0,88737,3,3,5,12,08,5,1,0,0,1,0,0
"POINT (9.609374040000034 52.437959729000056)",Unfall 88739 (2019) Kat:3, Licht: 2,88739,3,2,6,12,17,5,1,2,0,1,1,0
"POINT (9.823918928000069 52.413813773000072)",Unfall 88741 (2019) Kat:3, Licht: 2,88741,3,2,5,12,16,5,0,2,1,0,0,0
"POINT (9.736169746000030 52.399443474000066)",Unfall 88743 (2019) Kat:3, Licht: 0,88743,3,3,5,12,11,5,0,0,1,1,0,0
"POINT (9.723688764000031 52.440196893000063)",Unfall 88799 (2019) Kat:3, Licht: 0,88799,3,6,2,12,11,4,0,0,0,1,0,0
"POINT (9.854681666000033 52.359018264000042)",Unfall 88802 (2019) Kat:2, Licht: 2,88802,2,2,5,12,19,4,0,2,0,1,0,1
"POINT (9.560998775000030 52.421863287000065)",Unfall 88804 (2019) Kat:3, Licht: 0,88804,3,6,2,12,15,4,0,0,0,1,0,0
"POINT (9.821307234000074 52.510782365000068)",Unfall 88806 (2019) Kat:3, Licht: 0,88806,3,6,2,12,12,4,0,0,0,1,0,0
"POINT (9.842993315000058 52.267503628000043)",Unfall 88823 (2019) Kat:3, Licht: 2,88823,3,2,2,12,19,2,1,2,0,1,0,0
"POINT (9.487908759000050 52.620032134000041)",Unfall 88825 (2019) Kat:3, Licht: 0,88825,3,1,4,12,13,2,1,0,0,1,0,0
"POINT (9.742173350000030 52.437536342000044)",Unfall 88828 (2019) Kat:3, Licht: 0,88828,3,3,5,12,11,2,1,0,0,1,0,0
"POINT (9.846585504000075 52.430758542000035)",Unfall 88830 (2019) Kat:3, Licht: 2,88830,3,4,6,12,19,2,1,2,0,0,1,0
"POINT (9.860804641000073 52.493839858000058)",Unfall 88831 (2019) Kat:3, Licht: 2,88831,3,2,5,12,18,2,1,2,0,1,0,0
"POINT (9.735273364000022 52.394611365000060)",Unfall 88833 (2019) Kat:3, Licht: 2,88833,3,6,2,12,16,2,1,2,0,1,0,0
"POINT (9.785364015000027 52.357425081000031)",Unfall 88835 (2019) Kat:3, Licht: 0,88835,3,6,2,12,11,2,1,0,0,1,0,0
"POINT (10.052839455000026 52.448618167000063)",Unfall 88837 (2019) Kat:2, Licht: 2,88837,2,7,5,12,20,3,0,2,0,1,0,0
"POINT (9.735267410000063 52.393341633000034)",Unfall 88838 (2019) Kat:3, Licht: 2,88838,3,6,2,12,19,3,0,2,0,1,0,0
"POINT (9.630313895000029 52.263278844000070)",Unfall 88839 (2019) Kat:3, Licht: 0,88839,3,3,5,12,10,3,0,0,0,1,0,0
"POINT (9.864873119000038 52.308157248000043)",Unfall 88875 (2019) Kat:3, Licht: 2,88875,3,3,5,12,17,2,0,2,0,1,0,0
"POINT (9.791410669000072 52.315345720000039)",Unfall 88876 (2019) Kat:3, Licht: 0,88876,3,6,2,12,09,2,0,0,0,1,0,0
"POINT (9.573500305000039 52.641493061000062)",Unfall 88877 (2019) Kat:3, Licht: 0,88877,3,2,2,12,08,2,0,0,0,1,0,0
"POINT (9.514611629000058 52.281833243000051)",Unfall 88878 (2019) Kat:3, Licht: 2,88878,3,3,5,12,17,2,0,2,0,1,0,0
"POINT (9.459933891000048 52.306996778000041)",Unfall 88879 (2019) Kat:3, Licht: 0,88879,3,6,2,12,13,2,0,0,0,1,0,0
"POINT (9.733927388000041 52.561068726000030)",Unfall 88880 (2019) Kat:3, Licht: 2,88880,3,1,0,12,20,2,0,2,1,0,0,0
"POINT (9.734783706000030 52.407284123000068)",Unfall 88882 (2019) Kat:3, Licht: 1,88882,3,2,5,12,16,2,0,1,1,1,0,0
"POINT (9.671611181000060 52.428557335000050)",Unfall 88883 (2019) Kat:3, Licht: 0,88883,3,6,2,12,13,2,0,0,0,0,0,0
"POINT (9.827006334000032 52.354060201000038)",Unfall 88884 (2019) Kat:3, Licht: 2,88884,3,4,6,12,07,2,0,2,0,1,1,0
"POINT (9.978346740000063 52.474174417000029)",Unfall 88912 (2019) Kat:3, Licht: 2,88912,3,1,8,12,02,1,1,2,0,1,0,0
"POINT (9.728218331000051 52.373921965000079)",Unfall 88913 (2019) Kat:2, Licht: 2,88913,2,6,2,12,17,1,0,2,0,1,0,0
"POINT (9.783394936000036 52.323307915000044)",Unfall 88914 (2019) Kat:3, Licht: 1,88914,3,7,5,12,15,1,0,1,0,1,0,0
"POINT (9.736283465000042 52.398351248000040)",Unfall 88951 (2019) Kat:3, Licht: 0,88951,3,6,2,12,12,7,1,0,0,1,0,0
"POINT (9.842589173000022 52.415755416000081)",Unfall 88952 (2019) Kat:3, Licht: 2,88952,3,6,2,12,22,7,1,2,0,1,0,0
"POINT (9.836728671000060 52.419444272000078)",Unfall 88953 (2019) Kat:3, Licht: 1,88953,3,6,8,12,16,7,1,1,0,1,0,0
"POINT (9.763599305000071 52.343687099000078)",Unfall 88954 (2019) Kat:3, Licht: 2,88954,3,1,0,12,01,7,1,2,0,0,0,0
"POINT (9.669535289000066 52.347708875000080)",Unfall 88995 (2019) Kat:3, Licht: 2,88995,3,5,1,12,01,5,0,2,0,0,0,0
"POINT (9.766078380000067 52.279435864000050)",Unfall 88997 (2019) Kat:3, Licht: 2,88997,3,6,2,12,17,5,0,2,0,1,0,0
"POINT (9.698631999000043 52.379962254000077)",Unfall 88999 (2019) Kat:3, Licht: 0,88999,3,6,2,12,14,5,0,0,0,1,0,0
"POINT (9.431766350000032 52.330973665000045)",Unfall 89001 (2019) Kat:2, Licht: 0,89001,2,4,6,12,10,5,0,0,0,1,1,0
"POINT (9.906221189000064 52.396620636000080)",Unfall 89003 (2019) Kat:3, Licht: 0,89003,3,6,3,12,10,5,0,0,0,0,0,0
"POINT (9.738841696000065 52.368033158000060)",Unfall 89005 (2019) Kat:3, Licht: 0,89005,3,3,5,12,09,5,0,0,1,1,0,0
"POINT (9.733597102000033 52.416098436000027)",Unfall 89007 (2019) Kat:3, Licht: 2,89007,3,3,5,12,06,5,0,2,1,1,0,0
"POINT (9.640884336000056 52.396894436000082)",Unfall 89026 (2019) Kat:3, Licht: 2,89026,3,6,2,12,17,6,1,2,0,1,0,0
"POINT (9.721341032000055 52.327862810000056)",Unfall 89027 (2019) Kat:3, Licht: 2,89027,3,6,2,12,18,6,1,2,0,1,0,0
"POINT (9.720812842000044 52.316970523000066)",Unfall 89029 (2019) Kat:3, Licht: 0,89029,3,2,5,12,09,6,1,0,1,1,0,0
"POINT (9.395266542000059 52.537450744000068)",Unfall 89031 (2019) Kat:3, Licht: 0,89031,3,6,2,12,09,6,1,0,0,1,0,0
"POINT (9.572465159000046 52.426237820000040)",Unfall 89032 (2019) Kat:3, Licht: 2,89032,3,1,8,12,04,6,0,2,0,1,0,0
"POINT (9.613415255000064 52.568432614000073)",Unfall 89034 (2019) Kat:3, Licht: 0,89034,3,2,2,12,13,6,1,0,0,1,0,0
"POINT (9.729178307000041 52.491654252000046)",Unfall 89036 (2019) Kat:3, Licht: 2,89036,3,2,5,12,07,6,0,2,0,1,0,0
"POINT (10.129353175000062 52.394810874000029)",Unfall 89037 (2019) Kat:3, Licht: 2,89037,3,1,9,12,07,6,2,2,0,1,0,0
"POINT (9.732205924000027 52.383253121000052)",Unfall 89042 (2019) Kat:3, Licht: 2,89042,3,3,5,12,05,6,0,2,0,1,0,0
"POINT (9.714646905000052 52.361081607000074)",Unfall 89096 (2019) Kat:3, Licht: 0,89096,3,6,2,12,13,4,0,0,0,1,0,0
"POINT (9.726793657000030 52.375710987000048)",Unfall 89098 (2019) Kat:3, Licht: 2,89098,3,2,5,12,17,4,0,2,1,1,0,0
"POINT (9.697715170000038 52.376369219000026)",Unfall 89101 (2019) Kat:3, Licht: 2,89101,3,6,2,12,17,4,0,2,0,1,0,0
"POINT (9.729317502000072 52.385514362000038)",Unfall 89103 (2019) Kat:3, Licht: 2,89103,3,2,2,12,19,4,0,2,0,1,0,0
"POINT (9.721436555000025 52.421527367000067)",Unfall 89105 (2019) Kat:3, Licht: 0,89105,3,3,5,12,12,4,0,0,0,1,0,0
"POINT (9.793862227000034 52.394736318000071)",Unfall 89108 (2019) Kat:3, Licht: 0,89108,3,2,3,12,11,4,0,0,0,1,0,0
"POINT (9.551848123000070 52.402037538000059)",Unfall 89110 (2019) Kat:3, Licht: 0,89110,3,2,2,12,13,4,0,0,0,1,0,0
"POINT (9.659442828000067 52.276730354000051)",Unfall 89114 (2019) Kat:3, Licht: 2,89114,3,3,5,12,17,4,0,2,0,1,0,0
"POINT (9.881381379000061 52.435628898000061)",Unfall 89118 (2019) Kat:3, Licht: 0,89118,3,6,2,12,12,4,0,0,0,1,0,0
"POINT (10.031448490000059 52.379284223000070)",Unfall 89121 (2019) Kat:3, Licht: 2,89121,3,7,8,12,01,4,1,2,0,1,0,0
"POINT (9.720515587000023 52.343030088000035)",Unfall 89139 (2019) Kat:3, Licht: 2,89139,3,6,2,12,17,5,0,2,0,1,0,0
"POINT (9.623362037000049 52.274359598000046)",Unfall 89141 (2019) Kat:3, Licht: 0,89141,3,5,1,12,13,5,0,0,1,1,0,0
"POINT (9.975193044000037 52.376516277000064)",Unfall 89142 (2019) Kat:3, Licht: 0,89142,3,6,2,12,09,5,1,0,0,1,0,0
"POINT (9.715956831000028 52.346318589000077)",Unfall 89144 (2019) Kat:3, Licht: 2,89144,3,6,2,12,19,5,1,2,0,1,0,0
"POINT (9.732413579000024 52.383258857000044)",Unfall 89146 (2019) Kat:3, Licht: 0,89146,3,2,5,12,09,5,0,0,0,1,0,0
"POINT (10.177286472000048 52.358331961000033)",Unfall 89176 (2019) Kat:3, Licht: 2,89176,3,6,2,12,06,5,0,2,0,1,0,0
"POINT (9.733451775000049 52.417247619000079)",Unfall 89245 (2019) Kat:3, Licht: 2,89245,3,3,5,12,18,4,1,2,1,1,0,0
"POINT (9.800450258000069 52.427631945000030)",Unfall 89246 (2019) Kat:3, Licht: 0,89246,3,2,3,12,13,4,1,0,0,1,0,0
"POINT (9.475755354000057 52.511641043000054)",Unfall 89248 (2019) Kat:3, Licht: 2,89248,3,3,5,12,16,4,1,2,0,1,0,0
"POINT (9.587799471000039 52.414750025000046)",Unfall 89249 (2019) Kat:3, Licht: 2,89249,3,2,4,12,18,4,0,2,1,1,0,0
"POINT (9.611752516000024 52.436999323000066)",Unfall 89251 (2019) Kat:3, Licht: 0,89251,3,3,5,12,12,4,1,0,1,1,0,0
"POINT (10.116891073000033 52.357606691000058)",Unfall 89253 (2019) Kat:3, Licht: 2,89253,3,3,5,12,06,4,1,2,1,1,0,0
"POINT (9.741896014000076 52.459940961000029)",Unfall 89254 (2019) Kat:3, Licht: 2,89254,3,2,6,12,17,4,1,2,0,1,1,0
"POINT (9.857445561000077 52.497893675000057)",Unfall 89256 (2019) Kat:3, Licht: 2,89256,3,3,5,12,17,4,1,2,0,1,0,0
"POINT (10.067018145000077 52.473486988000047)",Unfall 89259 (2019) Kat:3, Licht: 2,89259,3,1,8,12,16,4,1,2,0,1,0,0
"POINT (9.673741928000027 52.358736011000076)",Unfall 89260 (2019) Kat:3, Licht: 0,89260,3,3,0,12,12,3,0,0,1,1,0,0
"POINT (9.720567061000054 52.338312688000030)",Unfall 89261 (2019) Kat:2, Licht: 0,89261,2,1,8,12,13,4,1,0,0,1,0,0
"POINT (9.728012251000052 52.374199651000026)",Unfall 89262 (2019) Kat:2, Licht: 0,89262,2,2,5,12,12,4,1,0,1,1,0,0
"POINT (9.757135257000073 52.319656328000065)",Unfall 89263 (2019) Kat:3, Licht: 0,89263,3,3,5,12,08,3,0,0,1,1,0,0
"POINT (9.974930401000052 52.401690564000035)",Unfall 89265 (2019) Kat:3, Licht: 0,89265,3,3,5,12,08,3,0,0,0,1,0,0
"POINT (9.797437799000022 52.346827978000078)",Unfall 89266 (2019) Kat:2, Licht: 0,89266,2,3,2,12,08,4,1,0,0,1,0,0
"POINT (9.867298035000033 52.309336733000066)",Unfall 89273 (2019) Kat:3, Licht: 0,89273,3,1,8,01,14,7,1,0,0,1,0,0
"POINT (9.730632968000066 52.468486072000076)",Unfall 89274 (2019) Kat:3, Licht: 2,89274,3,3,5,01,20,7,1,2,0,1,0,0
"POINT (9.853693498000041 52.559041874000059)",Unfall 89276 (2019) Kat:3, Licht: 0,89276,3,2,5,01,11,7,1,0,1,1,0,0
"POINT (9.490932765000025 52.290930022000055)",Unfall 89278 (2019) Kat:1, Licht: 2,89278,1,7,6,01,17,7,1,2,0,0,1,0
"POINT (9.462715040000035 52.345841131000043)",Unfall 89280 (2019) Kat:2, Licht: 0,89280,2,1,8,01,12,7,1,0,0,1,0,0
"POINT (9.734276038000076 52.369043779000037)",Unfall 89299 (2019) Kat:3, Licht: 2,89299,3,6,2,12,16,3,1,2,0,1,0,0
"POINT (9.914416776000053 52.269563776000041)",Unfall 89307 (2019) Kat:2, Licht: 2,89307,2,6,2,12,20,3,1,2,0,1,0,0
"POINT (9.665638069000067 52.298742876000063)",Unfall 89334 (2019) Kat:3, Licht: 2,89334,3,7,9,01,18,6,1,2,0,1,0,0
"POINT (9.464715292000051 52.514216664000060)",Unfall 89335 (2019) Kat:3, Licht: 0,89335,3,3,5,01,13,6,1,0,0,1,0,1
"POINT (9.589501500000040 52.439104996000026)",Unfall 89337 (2019) Kat:3, Licht: 2,89337,3,6,2,01,16,6,1,2,0,1,0,0
"POINT (10.022857377000037 52.455935527000065)",Unfall 89339 (2019) Kat:3, Licht: 2,89339,3,2,2,01,16,6,1,2,0,1,0,0
"POINT (9.751991917000055 52.339999373000069)",Unfall 89385 (2019) Kat:3, Licht: 2,89385,3,6,2,01,17,5,0,2,0,1,0,0
"POINT (9.468860959000040 52.426559068000074)",Unfall 89387 (2019) Kat:3, Licht: 2,89387,3,2,6,01,17,5,0,2,0,1,1,0
"POINT (9.753299346000063 52.288895129000082)",Unfall 89389 (2019) Kat:3, Licht: 0,89389,3,6,4,01,09,5,0,0,0,1,0,0
"POINT (9.835802234000028 52.489851591000047)",Unfall 89391 (2019) Kat:3, Licht: 0,89391,3,6,2,01,14,5,0,0,0,1,0,0
"POINT (9.638754081000059 52.415852861000076)",Unfall 89393 (2019) Kat:3, Licht: 2,89393,3,6,2,01,18,5,0,2,0,1,0,0
"POINT (9.956501551000031 52.390687211000056)",Unfall 89395 (2019) Kat:3, Licht: 2,89395,3,6,2,01,17,5,0,2,0,1,0,0
"POINT (9.652464604000045 52.358507596000038)",Unfall 89396 (2019) Kat:3, Licht: 0,89396,3,1,8,12,09,2,1,0,0,1,0,0
"POINT (9.611587196000073 52.302007539000044)",Unfall 89399 (2019) Kat:3, Licht: 2,89399,3,1,9,12,05,2,1,2,0,0,0,0
"POINT (9.479643758000066 52.295331544000078)",Unfall 89401 (2019) Kat:3, Licht: 0,89401,3,7,6,12,11,2,0,0,0,1,1,0
"POINT (9.965222777000065 52.315725711000027)",Unfall 89403 (2019) Kat:3, Licht: 2,89403,3,2,5,12,18,2,0,2,0,1,1,0
"POINT (9.961354703000040 52.440825421000056)",Unfall 89405 (2019) Kat:3, Licht: 0,89405,3,7,8,12,09,2,0,0,0,1,0,0
"POINT (9.772697913000059 52.342906120000066)",Unfall 89407 (2019) Kat:3, Licht: 2,89407,3,6,3,12,07,2,1,2,0,1,0,0
"POINT (9.778231112000071 52.327876536000076)",Unfall 89465 (2019) Kat:3, Licht: 0,89465,3,6,2,01,14,4,0,0,0,1,0,0
"POINT (9.733364504000065 52.417927704000078)",Unfall 89467 (2019) Kat:3, Licht: 2,89467,3,6,3,01,22,4,0,2,0,1,0,0
"POINT (9.636586596000029 52.577596863000053)",Unfall 89470 (2019) Kat:3, Licht: 2,89470,3,1,8,01,07,4,2,2,0,1,0,0
"POINT (9.966907098000036 52.373405492000074)",Unfall 89472 (2019) Kat:3, Licht: 0,89472,3,1,8,01,13,4,1,0,0,1,0,1
"POINT (9.956527821000066 52.390550869000037)",Unfall 89473 (2019) Kat:3, Licht: 2,89473,3,6,3,01,18,4,0,2,0,1,0,0
"POINT (9.827225777000024 52.346962640000072)",Unfall 89474 (2019) Kat:3, Licht: 0,89474,3,3,5,01,12,4,0,0,1,1,0,0
"POINT (9.697301239000069 52.375324737000028)",Unfall 89475 (2019) Kat:2, Licht: 0,89475,2,6,2,01,13,4,0,0,0,1,0,0
"POINT (9.690572975000066 52.374732734000077)",Unfall 89476 (2019) Kat:3, Licht: 0,89476,3,2,5,01,12,4,0,0,1,1,0,0
"POINT (10.142464900000050 52.379011757000058)",Unfall 89477 (2019) Kat:2, Licht: 0,89477,2,1,9,01,08,4,2,0,0,1,0,0
"POINT (9.441019722000021 52.330586379000067)",Unfall 89485 (2019) Kat:3, Licht: 2,89485,3,2,5,12,17,1,1,2,1,1,0,0
"POINT (9.963430886000026 52.365426055000057)",Unfall 89487 (2019) Kat:3, Licht: 2,89487,3,2,4,12,21,1,1,2,0,1,0,0
"POINT (9.749797387000058 52.427259175000074)",Unfall 89490 (2019) Kat:3, Licht: 0,89490,3,7,2,12,09,1,0,0,0,1,0,0
"POINT (9.725477066000053 52.322513265000055)",Unfall 89534 (2019) Kat:3, Licht: 2,89534,3,2,6,01,20,3,1,2,0,1,1,0
"POINT (9.872086345000071 52.502459174000080)",Unfall 89536 (2019) Kat:3, Licht: 2,89536,3,1,9,01,22,3,2,2,0,1,0,0
"POINT (9.792298306000021 52.276940594000052)",Unfall 89537 (2019) Kat:3, Licht: 0,89537,3,7,8,12,13,7,0,0,0,1,0,0
"POINT (9.754180353000038 52.288078624000036)",Unfall 89540 (2019) Kat:3, Licht: 2,89540,3,7,9,12,05,7,0,2,0,1,0,0
"POINT (9.621043259000032 52.315900338000063)",Unfall 89542 (2019) Kat:3, Licht: 0,89542,3,2,5,12,09,7,0,0,0,1,0,0
"POINT (9.741560918000062 52.427361221000069)",Unfall 89546 (2019) Kat:3, Licht: 2,89546,3,6,3,12,18,7,0,2,0,1,0,0
"POINT (9.851688695000064 52.321487882000042)",Unfall 89548 (2019) Kat:2, Licht: 2,89548,2,1,8,12,08,7,1,2,0,1,0,0
"POINT (9.650134743000024 52.393559929000048)",Unfall 89619 (2019) Kat:3, Licht: 2,89619,3,6,3,12,21,2,0,2,0,1,0,0
"POINT (9.611362281000027 52.392048909000039)",Unfall 89620 (2019) Kat:3, Licht: 0,89620,3,2,5,12,15,2,0,0,1,1,0,0
"POINT (9.663259145000041 52.323239730000068)",Unfall 89622 (2019) Kat:3, Licht: 0,89622,3,6,2,12,09,2,0,0,0,1,0,0
"POINT (9.605469320000054 52.407322364000038)",Unfall 89624 (2019) Kat:3, Licht: 2,89624,3,6,4,12,17,2,0,2,0,1,0,0
"POINT (9.648391906000029 52.412684146000061)",Unfall 89646 (2019) Kat:3, Licht: 0,89646,3,6,2,12,14,6,0,0,0,1,0,0
"POINT (9.765664431000062 52.341725967000059)",Unfall 89648 (2019) Kat:3, Licht: 2,89648,3,4,6,12,18,6,0,2,0,1,1,0
"POINT (9.714550009000050 52.361080578000042)",Unfall 89649 (2019) Kat:3, Licht: 2,89649,3,2,3,12,17,1,0,2,0,1,0,0
"POINT (9.698955515000023 52.347772091000081)",Unfall 89650 (2019) Kat:2, Licht: 0,89650,2,3,5,12,12,1,0,0,0,1,0,0
"POINT (9.971665325000060 52.369338029000062)",Unfall 89651 (2019) Kat:3, Licht: 0,89651,3,2,5,12,14,6,0,0,1,1,0,0
"POINT (9.600571371000058 52.422936623000055)",Unfall 89653 (2019) Kat:3, Licht: 2,89653,3,6,2,12,22,6,0,2,0,1,0,0
"POINT (9.720171954000023 52.367899464000061)",Unfall 89655 (2019) Kat:3, Licht: 2,89655,3,6,4,12,20,6,1,2,1,0,1,0
"POINT (9.950415581000073 52.391134592000071)",Unfall 89658 (2019) Kat:3, Licht: 1,89658,3,6,2,12,15,6,0,1,0,1,0,0
"POINT (10.019399589000045 52.382604619000062)",Unfall 89660 (2019) Kat:3, Licht: 0,89660,3,6,2,12,14,6,0,0,0,1,0,0
"POINT (9.958122601000071 52.440462415000070)",Unfall 89663 (2019) Kat:2, Licht: 2,89663,2,7,8,12,05,6,0,2,0,1,0,0
"POINT (9.759222036000040 52.278022606000036)",Unfall 89666 (2019) Kat:3, Licht: 1,89666,3,1,9,12,16,7,1,1,0,1,0,0
"POINT (9.410027482000032 52.333965873000068)",Unfall 89667 (2019) Kat:3, Licht: 0,89667,3,2,5,12,11,7,1,0,0,1,0,0
"POINT (10.096031147000076 52.364872906000073)",Unfall 89669 (2019) Kat:3, Licht: 0,89669,3,6,2,12,11,7,0,0,0,1,0,0
"POINT (9.726763005000066 52.375737935000075)",Unfall 89708 (2019) Kat:3, Licht: 2,89708,3,3,5,12,22,6,0,2,1,0,0,0
"POINT (9.451975064000067 52.504885039000044)",Unfall 89709 (2019) Kat:3, Licht: 1,89709,3,2,6,12,16,6,0,1,0,1,1,0
"POINT (9.723610015000077 52.440113470000028)",Unfall 89711 (2019) Kat:3, Licht: 2,89711,3,6,2,12,18,6,1,2,0,1,0,0
"POINT (9.754059152000025 52.427164408000067)",Unfall 89713 (2019) Kat:3, Licht: 2,89713,3,6,3,12,21,6,0,2,0,1,0,0
"POINT (9.675950692000072 52.394034940000040)",Unfall 89774 (2019) Kat:3, Licht: 2,89774,3,6,2,12,20,4,1,2,0,1,0,0
"POINT (9.627231607000056 52.423285174000057)",Unfall 89776 (2019) Kat:3, Licht: 0,89776,3,6,2,12,15,4,1,0,0,1,0,0
"POINT (9.577992070000050 52.188911177000080)",Unfall 89778 (2019) Kat:3, Licht: 0,89778,3,1,8,12,14,4,1,0,0,0,0,0
"POINT (9.677988607000032 52.392597310000042)",Unfall 89779 (2019) Kat:3, Licht: 2,89779,3,1,9,12,18,4,1,2,0,1,0,0
"POINT (9.677273924000076 52.347760110000081)",Unfall 89831 (2019) Kat:3, Licht: 2,89831,3,6,3,01,17,5,1,2,0,1,0,0
"POINT (9.885996051000063 52.428404701000034)",Unfall 89832 (2019) Kat:3, Licht: 0,89832,3,1,8,01,11,7,1,0,0,1,0,0
"POINT (9.719028587000025 52.378454477000048)",Unfall 89834 (2019) Kat:3, Licht: 0,89834,3,6,2,01,15,5,1,0,0,1,0,0
"POINT (9.740415972000051 52.368056645000081)",Unfall 89836 (2019) Kat:3, Licht: 0,89836,3,2,2,01,11,5,0,0,0,1,0,0
"POINT (9.434104813000033 52.421970081000040)",Unfall 89839 (2019) Kat:3, Licht: 2,89839,3,1,1,01,20,5,1,2,0,1,0,0
"POINT (9.514237585000046 52.288670857000056)",Unfall 89841 (2019) Kat:3, Licht: 0,89841,3,5,6,01,15,6,1,0,0,1,1,0
"POINT (9.637052713000060 52.331924533000063)",Unfall 89842 (2019) Kat:3, Licht: 0,89842,3,6,2,01,10,5,0,0,0,1,0,0
"POINT (9.573141227000065 52.430856926000047)",Unfall 89845 (2019) Kat:3, Licht: 1,89845,3,7,9,01,15,5,1,1,0,1,0,0
"POINT (10.032027159000052 52.523336909000079)",Unfall 89848 (2019) Kat:3, Licht: 2,89848,3,6,2,01,06,5,1,2,0,1,0,0
"POINT (9.896818577000033 52.410009719000072)",Unfall 89853 (2019) Kat:1, Licht: 2,89853,1,4,6,01,21,5,1,2,0,1,1,0
"POINT (9.754305444000067 52.355369354000061)",Unfall 89856 (2019) Kat:3, Licht: 2,89856,3,2,5,01,16,5,1,2,1,1,0,0
"POINT (9.694010717000026 52.361177720000057)",Unfall 89858 (2019) Kat:3, Licht: 0,89858,3,1,0,01,15,5,1,0,1,0,0,0
"POINT (9.971110389000046 52.389634403000059)",Unfall 89863 (2019) Kat:3, Licht: 0,89863,3,6,2,01,15,5,1,0,0,0,0,0
"POINT (9.646492043000023 52.399268566000046)",Unfall 89865 (2019) Kat:2, Licht: 2,89865,2,3,5,01,06,5,1,2,0,1,0,1
"POINT (9.697542711000040 52.377383557000030)",Unfall 89902 (2019) Kat:3, Licht: 0,89902,3,6,2,01,14,6,1,0,0,1,0,0
"POINT (9.292343491000054 52.489496587000076)",Unfall 89904 (2019) Kat:3, Licht: 0,89904,3,1,8,01,12,6,1,0,0,1,0,0
"POINT (9.463684660000070 52.348069704000068)",Unfall 89906 (2019) Kat:3, Licht: 2,89906,3,1,9,01,20,6,1,2,0,1,0,0
"POINT (9.462789373000021 52.344434244000070)",Unfall 89908 (2019) Kat:3, Licht: 0,89908,3,1,9,01,10,6,1,0,0,1,0,0
"POINT (9.623690884000041 52.425537681000037)",Unfall 89910 (2019) Kat:3, Licht: 2,89910,3,3,5,01,23,6,1,2,0,1,0,0
"POINT (9.915581565000025 52.334918909000066)",Unfall 89962 (2019) Kat:2, Licht: 2,89962,2,1,8,01,20,6,0,2,0,1,0,0
"POINT (9.735430630000053 52.613617923000049)",Unfall 89981 (2019) Kat:3, Licht: 2,89981,3,7,9,01,17,5,0,2,0,1,0,0
"POINT (9.577459067000063 52.458513791000030)",Unfall 89988 (2019) Kat:3, Licht: 0,89988,3,2,3,01,11,5,0,0,0,1,0,1
"POINT (9.859548950000033 52.491395892000071)",Unfall 89989 (2019) Kat:3, Licht: 0,89989,3,6,2,01,12,5,0,0,0,1,0,0
"POINT (9.830612669000061 52.409388294000053)",Unfall 89991 (2019) Kat:3, Licht: 0,89991,3,6,2,01,08,5,0,0,0,1,0,0
"POINT (9.803286412000034 52.397112235000066)",Unfall 89995 (2019) Kat:3, Licht: 0,89995,3,6,2,01,08,5,0,0,0,1,0,0
"POINT (9.815237209000031 52.303582430000063)",Unfall 89996 (2019) Kat:3, Licht: 1,89996,3,2,5,01,16,4,0,1,0,1,0,0
"POINT (9.481912979000072 52.392366892000041)",Unfall 89997 (2019) Kat:3, Licht: 1,89997,3,6,2,01,07,5,0,1,0,1,0,0
"POINT (9.774312750000036 52.371024152000075)",Unfall 89999 (2019) Kat:3, Licht: 2,89999,3,6,3,01,18,4,0,2,0,1,0,0
"POINT (9.429229215000021 52.427498539000055)",Unfall 90001 (2019) Kat:3, Licht: 2,90001,3,3,5,01,18,4,0,2,1,1,0,0
"POINT (9.641264653000064 52.396924766000041)",Unfall 90004 (2019) Kat:3, Licht: 1,90004,3,3,5,01,19,4,0,1,0,1,0,0
"POINT (9.977003027000023 52.370269935000067)",Unfall 90006 (2019) Kat:3, Licht: 2,90006,3,5,1,01,07,4,1,2,0,1,0,0
"POINT (9.701789653000049 52.212607015000060)",Unfall 90008 (2019) Kat:2, Licht: 2,90008,2,4,6,01,19,4,1,2,0,1,1,0
"POINT (9.759552833000043 52.505573911000056)",Unfall 90011 (2019) Kat:3, Licht: 2,90011,3,6,2,01,18,4,0,2,0,1,0,0
"POINT (9.839833359000068 52.488537567000037)",Unfall 90013 (2019) Kat:1, Licht: 0,90013,1,1,9,01,15,4,0,0,0,0,0,0
"POINT (9.575524482000049 52.431902427000068)",Unfall 90016 (2019) Kat:2, Licht: 0,90016,2,3,5,01,10,4,0,0,0,1,0,0
"POINT (9.733833936000053 52.438529905000053)",Unfall 90019 (2019) Kat:3, Licht: 2,90019,3,4,6,01,07,4,1,2,0,1,1,0
"POINT (9.872802067000066 52.310719719000076)",Unfall 90072 (2019) Kat:3, Licht: 2,90072,3,3,5,01,17,4,1,2,0,1,0,0
"POINT (9.780514767000057 52.269989102000068)",Unfall 90074 (2019) Kat:3, Licht: 0,90074,3,6,2,01,12,4,0,0,0,1,0,0
"POINT (9.729177181000068 52.491663182000082)",Unfall 90076 (2019) Kat:3, Licht: 2,90076,3,2,5,01,18,4,0,2,0,1,0,0
"POINT (9.767893046000040 52.323313054000039)",Unfall 90078 (2019) Kat:3, Licht: 2,90078,3,7,4,01,20,4,0,2,0,1,0,0
"POINT (9.727092475000063 52.381137136000063)",Unfall 90080 (2019) Kat:3, Licht: 2,90080,3,2,5,01,18,4,0,2,1,1,0,0
"POINT (9.462918918000071 52.423807099000044)",Unfall 90081 (2019) Kat:3, Licht: 0,90081,3,6,2,01,10,6,1,0,0,1,0,0
"POINT (9.988518738000039 52.374146740000072)",Unfall 90110 (2019) Kat:1, Licht: 2,90110,1,2,6,01,07,6,2,2,0,0,1,0
"POINT (9.607753020000075 52.392725176000056)",Unfall 90135 (2019) Kat:3, Licht: 2,90135,3,6,4,01,07,3,1,2,1,0,0,0
"POINT (10.000098123000043 52.494920449000062)",Unfall 90138 (2019) Kat:3, Licht: 2,90138,3,6,2,01,18,3,1,2,0,1,0,0
"POINT (9.626379352000072 52.330026873000065)",Unfall 90140 (2019) Kat:2, Licht: 2,90140,2,2,5,01,21,3,1,2,0,1,0,0
"POINT (9.635851805000073 52.485567360000061)",Unfall 90141 (2019) Kat:2, Licht: 0,90141,2,1,8,01,15,3,1,0,0,1,0,0
"POINT (9.398332858000060 52.429419075000055)",Unfall 90150 (2019) Kat:3, Licht: 2,90150,3,1,9,01,22,3,1,2,0,1,0,0
"POINT (9.470249749000061 52.301442179000048)",Unfall 90153 (2019) Kat:3, Licht: 2,90153,3,2,6,01,18,3,1,2,0,1,1,0
"POINT (9.941578053000058 52.498821806000080)",Unfall 90155 (2019) Kat:3, Licht: 2,90155,3,3,5,01,07,3,1,2,0,1,0,0
"POINT (9.733373317000030 52.420550926000033)",Unfall 90158 (2019) Kat:3, Licht: 2,90158,3,6,2,01,20,3,1,2,0,1,0,0
"POINT (9.735193830000071 52.403463585000054)",Unfall 90160 (2019) Kat:2, Licht: 0,90160,2,2,5,01,15,3,1,0,0,1,0,0
"POINT (9.832298664000064 52.386086775000081)",Unfall 90162 (2019) Kat:3, Licht: 2,90162,3,4,6,01,07,3,1,2,0,1,1,0
"POINT (9.778641490000041 52.376199795000048)",Unfall 90163 (2019) Kat:1, Licht: 0,90163,1,1,8,01,08,3,1,0,0,1,0,0
"POINT (9.800402405000057 52.342911027000071)",Unfall 90165 (2019) Kat:2, Licht: 0,90165,2,1,9,01,09,3,1,0,0,1,0,0
"POINT (9.789694270000041 52.466833341000040)",Unfall 90200 (2019) Kat:3, Licht: 0,90200,3,3,5,01,13,6,0,0,1,1,0,0
"POINT (9.701144295000063 52.370766606000075)",Unfall 90263 (2019) Kat:3, Licht: 2,90263,3,6,2,01,07,2,1,2,0,1,0,0
"POINT (9.613554578000048 52.392191881000031)",Unfall 90265 (2019) Kat:3, Licht: 0,90265,3,3,5,01,14,2,0,0,1,1,0,0
"POINT (9.974729232000072 52.402525969000067)",Unfall 90267 (2019) Kat:3, Licht: 2,90267,3,4,6,01,17,2,1,2,0,1,1,0
"POINT (9.870170373000065 52.434919895000064)",Unfall 90270 (2019) Kat:3, Licht: 0,90270,3,3,5,01,12,2,1,0,0,1,0,0
"POINT (9.670523124000056 52.396662229000071)",Unfall 90273 (2019) Kat:3, Licht: 0,90273,3,7,3,01,14,2,1,0,0,1,0,0
"POINT (9.755887971000050 52.340741150000042)",Unfall 90289 (2019) Kat:3, Licht: 1,90289,3,6,3,01,16,2,1,1,0,1,0,0
"POINT (9.801000152000029 52.193542360000038)",Unfall 90291 (2019) Kat:3, Licht: 2,90291,3,1,4,01,19,2,1,2,0,1,0,0
"POINT (9.728447959000050 52.318624630000045)",Unfall 90293 (2019) Kat:3, Licht: 2,90293,3,3,5,01,17,2,1,2,0,1,0,0
"POINT (9.624582151000027 52.291112180000027)",Unfall 90294 (2019) Kat:3, Licht: 0,90294,3,1,9,01,08,2,1,0,0,1,0,0
"POINT (9.676063427000031 52.438053293000053)",Unfall 90296 (2019) Kat:3, Licht: 2,90296,3,3,0,01,02,2,1,2,0,1,0,1
"POINT (9.903928613000062 52.444843059000050)",Unfall 90298 (2019) Kat:3, Licht: 2,90298,3,4,6,01,17,2,1,2,0,1,1,0
"POINT (9.965965106000056 52.471726844000045)",Unfall 90299 (2019) Kat:3, Licht: 2,90299,3,2,5,01,17,2,1,2,0,1,0,0
"POINT (9.735892328000034 52.397383328000046)",Unfall 90305 (2019) Kat:3, Licht: 0,90305,3,3,5,01,11,2,1,0,0,1,0,0
"POINT (9.613563819000035 52.392192601000033)",Unfall 90326 (2019) Kat:2, Licht: 1,90326,2,2,5,01,18,6,0,1,0,1,0,0
"POINT (9.420470579000039 52.429314950000048)",Unfall 90335 (2019) Kat:3, Licht: 0,90335,3,2,5,01,13,6,1,0,1,1,0,0
"POINT (9.407459081000070 52.333444632000067)",Unfall 90354 (2019) Kat:3, Licht: 2,90354,3,6,0,01,22,1,1,2,0,1,0,0
"POINT (9.837421198000072 52.387336670000082)",Unfall 90366 (2019) Kat:3, Licht: 2,90366,3,6,2,01,18,1,1,2,0,1,0,1
"POINT (9.451886334000051 52.424105178000048)",Unfall 90371 (2019) Kat:3, Licht: 0,90371,3,6,2,01,09,1,1,0,0,1,0,0
"POINT (9.452832045000037 52.512145120000071)",Unfall 90374 (2019) Kat:3, Licht: 2,90374,3,7,0,01,20,1,1,2,0,1,0,0
"POINT (10.132108892000076 52.501669769000046)",Unfall 90376 (2019) Kat:3, Licht: 2,90376,3,7,8,01,19,1,1,2,0,1,0,0
"POINT (9.490089923000028 52.313228488000050)",Unfall 90379 (2019) Kat:3, Licht: 1,90379,3,1,8,01,16,1,1,1,0,1,0,0
"POINT (9.734605875000057 52.409215889000052)",Unfall 90408 (2019) Kat:3, Licht: 1,90408,3,6,2,01,16,2,0,1,0,1,0,0
"POINT (9.720565436000072 52.329143605000070)",Unfall 90414 (2019) Kat:3, Licht: 1,90414,3,6,2,01,16,1,1,1,0,1,0,0
"POINT (9.875701690000028 52.437856743000054)",Unfall 90426 (2019) Kat:3, Licht: 0,90426,3,6,2,01,08,2,1,0,0,1,0,0
"POINT (9.476481929000045 52.301268229000073)",Unfall 90431 (2019) Kat:3, Licht: 0,90431,3,2,5,01,13,2,0,0,0,1,0,0
"POINT (9.438857598000027 52.423061160000032)",Unfall 90437 (2019) Kat:3, Licht: 0,90437,3,3,5,02,12,1,1,0,0,1,0,0
"POINT (9.799352240000076 52.274949475000028)",Unfall 90439 (2019) Kat:3, Licht: 2,90439,3,3,0,02,17,1,0,2,1,1,0,0
"POINT (9.914471386000059 52.395635644000038)",Unfall 90443 (2019) Kat:3, Licht: 0,90443,3,6,3,01,11,6,0,0,0,1,0,0
"POINT (9.630275969000024 52.263335794000056)",Unfall 90449 (2019) Kat:2, Licht: 0,90449,2,3,5,01,11,5,0,0,0,1,0,0
"POINT (9.740983699000026 52.461096400000031)",Unfall 90454 (2019) Kat:2, Licht: 0,90454,2,7,0,01,11,4,0,0,0,1,0,0
"POINT (9.511000359000036 52.412648064000052)",Unfall 90461 (2019) Kat:3, Licht: 0,90461,3,6,2,01,08,4,0,0,0,1,0,0
"POINT (9.379731013000026 52.417674882000028)",Unfall 90486 (2019) Kat:3, Licht: 0,90486,3,5,1,02,10,7,1,0,0,1,0,0
"POINT (9.834775613000033 52.563897823000048)",Unfall 90487 (2019) Kat:3, Licht: 0,90487,3,2,2,01,09,3,0,0,0,1,0,0
"POINT (9.691345492000039 52.219190904000072)",Unfall 90488 (2019) Kat:3, Licht: 2,90488,3,1,8,02,20,7,2,2,0,1,0,0
"POINT (10.113211500000034 52.352880482000046)",Unfall 90491 (2019) Kat:3, Licht: 2,90491,3,2,4,02,21,7,1,2,1,1,0,0
"POINT (10.013114702000053 52.443613552000045)",Unfall 90493 (2019) Kat:3, Licht: 0,90493,3,2,2,02,14,7,1,0,0,1,0,0
"POINT (9.563360527000043 52.339660098000081)",Unfall 90495 (2019) Kat:2, Licht: 2,90495,2,1,8,02,21,7,1,2,0,1,0,0
"POINT (9.720261088000029 52.470689360000051)",Unfall 90498 (2019) Kat:3, Licht: 0,90498,3,6,2,02,14,7,1,0,0,1,0,0
"POINT (9.696290669000064 52.379899489000081)",Unfall 90500 (2019) Kat:2, Licht: 0,90500,2,6,2,02,08,7,1,0,0,1,0,0
"POINT (9.404280315000051 52.426470640000048)",Unfall 90519 (2019) Kat:3, Licht: 2,90519,3,2,5,01,19,2,0,2,0,1,0,0
"POINT (9.861743976000071 52.381613453000057)",Unfall 90524 (2019) Kat:2, Licht: 0,90524,2,1,0,01,11,1,0,0,1,0,0,0
"POINT (10.135909297000069 52.368369234000056)",Unfall 90547 (2019) Kat:3, Licht: 0,90547,3,3,5,01,13,2,0,0,0,1,0,0
"POINT (9.646579515000042 52.413794908000057)",Unfall 90555 (2019) Kat:3, Licht: 2,90555,3,3,5,02,20,6,0,2,0,1,0,0
"POINT (9.722203983000043 52.378352025000027)",Unfall 90557 (2019) Kat:3, Licht: 2,90557,3,6,2,02,18,6,0,2,0,1,0,0
"POINT (9.737656380000033 52.368239274000075)",Unfall 90560 (2019) Kat:3, Licht: 1,90560,3,6,2,02,16,6,1,1,0,1,0,0
"POINT (10.171432732000028 52.406346672000041)",Unfall 90566 (2019) Kat:3, Licht: 0,90566,3,6,2,01,14,7,0,0,0,1,0,0
"POINT (9.736342222000076 52.546564809000074)",Unfall 90573 (2019) Kat:3, Licht: 1,90573,3,2,5,01,07,5,0,1,0,1,0,0
"POINT (9.599423863000027 52.435301470000070)",Unfall 90578 (2019) Kat:3, Licht: 0,90578,3,6,2,01,13,4,0,0,0,1,0,1
"POINT (9.650216398000055 52.393373983000060)",Unfall 90605 (2019) Kat:2, Licht: 2,90605,2,4,6,01,06,4,0,2,0,1,1,0
"POINT (9.683795001000021 52.327759299000036)",Unfall 90610 (2019) Kat:3, Licht: 2,90610,3,6,2,01,07,3,1,2,0,1,0,0
"POINT (9.735115847000031 52.392762814000037)",Unfall 90621 (2019) Kat:3, Licht: 0,90621,3,6,2,01,12,5,0,0,0,1,0,0
"POINT (9.612728670000024 52.646345070000052)",Unfall 90623 (2019) Kat:3, Licht: 0,90623,3,6,4,01,16,5,0,0,0,1,0,0
"POINT (9.643531734000021 52.439180080000028)",Unfall 90625 (2019) Kat:3, Licht: 0,90625,3,6,2,01,09,5,0,0,0,1,0,0
"POINT (9.838842979000049 52.422201894000068)",Unfall 90628 (2019) Kat:3, Licht: 2,90628,3,7,0,01,22,5,1,2,0,1,0,0
"POINT (9.661294764000047 52.402265693000061)",Unfall 90630 (2019) Kat:2, Licht: 1,90630,2,6,3,01,16,5,0,1,0,1,0,0
"POINT (9.827178263000064 52.344761208000079)",Unfall 90632 (2019) Kat:3, Licht: 0,90632,3,4,6,01,13,5,0,0,0,1,1,0
"POINT (9.855400711000073 52.536159875000067)",Unfall 90635 (2019) Kat:3, Licht: 0,90635,3,7,8,01,12,5,0,0,0,1,0,0
"POINT (9.848147986000072 52.272963239000035)",Unfall 90637 (2019) Kat:3, Licht: 2,90637,3,6,2,01,07,5,1,2,0,1,0,0
"POINT (9.735041797000065 52.493893118000074)",Unfall 90638 (2019) Kat:3, Licht: 0,90638,3,6,2,01,08,3,1,0,0,1,0,0
"POINT (9.761381256000050 52.370396656000082)",Unfall 90644 (2019) Kat:3, Licht: 2,90644,3,2,2,01,18,2,0,2,0,1,0,0
"POINT (9.732124678000048 52.383366555000066)",Unfall 90665 (2019) Kat:3, Licht: 0,90665,3,6,0,01,08,2,0,0,0,1,0,0
"POINT (9.464376788000038 52.423080431000074)",Unfall 90668 (2019) Kat:3, Licht: 0,90668,3,7,4,01,15,4,0,0,0,1,0,0
"POINT (9.478659032000053 52.295974076000050)",Unfall 90672 (2019) Kat:3, Licht: 2,90672,3,5,1,01,18,2,0,2,0,1,0,0
"POINT (9.773995916000047 52.331983647000072)",Unfall 90686 (2019) Kat:3, Licht: 2,90686,3,7,3,01,19,6,0,2,0,1,0,0
"POINT (9.663460652000026 52.315909254000076)",Unfall 90694 (2019) Kat:2, Licht: 2,90694,2,2,6,01,05,5,0,2,0,1,1,0
"POINT (9.924406781000073 52.366254139000034)",Unfall 90701 (2019) Kat:3, Licht: 2,90701,3,2,2,01,17,4,0,2,0,1,0,0
"POINT (9.743755911000051 52.456903333000071)",Unfall 90717 (2019) Kat:3, Licht: 0,90717,3,6,2,01,16,4,1,0,0,1,0,0
"POINT (9.833589852000046 52.386461650000058)",Unfall 90731 (2019) Kat:3, Licht: 2,90731,3,2,4,02,18,5,0,2,1,1,0,0
"POINT (9.465777017000050 52.304102808000039)",Unfall 90734 (2019) Kat:3, Licht: 2,90734,3,6,2,02,17,5,0,2,0,1,0,0
"POINT (9.630672565000054 52.559000578000052)",Unfall 90738 (2019) Kat:2, Licht: 0,90738,2,2,4,02,12,5,1,0,0,1,0,0
"POINT (9.858636715000046 52.491690025000082)",Unfall 90741 (2019) Kat:3, Licht: 0,90741,3,3,0,02,11,5,0,0,0,1,0,0
"POINT (9.668117339000048 52.343738814000062)",Unfall 90745 (2019) Kat:3, Licht: 2,90745,3,3,5,01,22,3,2,2,0,1,0,0
"POINT (9.632913096000038 52.247017488000040)",Unfall 90746 (2019) Kat:3, Licht: 1,90746,3,3,5,02,17,5,0,1,0,1,0,0
"POINT (9.863529506000077 52.326862584000082)",Unfall 90749 (2019) Kat:3, Licht: 0,90749,3,6,3,02,13,5,0,0,0,1,0,0
"POINT (9.567622327000038 52.422097899000050)",Unfall 90751 (2019) Kat:3, Licht: 2,90751,3,7,1,02,04,5,0,2,0,1,0,0
"POINT (9.734972957000025 52.391919036000047)",Unfall 90791 (2019) Kat:3, Licht: 0,90791,3,4,6,01,11,2,0,0,0,1,1,0
"POINT (9.882068757000070 52.583535701000073)",Unfall 90799 (2019) Kat:3, Licht: 2,90799,3,7,2,01,18,1,1,2,0,1,0,0
"POINT (10.117698607000023 52.358459892000042)",Unfall 90832 (2019) Kat:3, Licht: 1,90832,3,2,5,01,07,2,0,1,0,1,1,0
"POINT (9.677569929000072 52.358578878000060)",Unfall 90837 (2019) Kat:3, Licht: 0,90837,3,6,2,02,12,4,0,0,0,1,0,0
"POINT (9.767189064000036 52.290543546000038)",Unfall 90840 (2019) Kat:3, Licht: 0,90840,3,1,4,02,15,4,0,0,0,1,0,1
"POINT (9.607847704000051 52.446241764000035)",Unfall 90845 (2019) Kat:3, Licht: 0,90845,3,5,1,02,12,4,0,0,0,1,0,1
"POINT (9.601548848000050 52.434601392000047)",Unfall 90848 (2019) Kat:3, Licht: 0,90848,3,6,3,02,10,4,1,0,0,1,0,0
"POINT (9.806786580000050 52.307855782000047)",Unfall 90852 (2019) Kat:3, Licht: 2,90852,3,2,6,02,21,4,0,2,0,1,1,0
"POINT (9.675398516000030 52.377375658000062)",Unfall 90857 (2019) Kat:2, Licht: 0,90857,2,3,5,02,12,4,0,0,0,0,0,0
"POINT (9.764257466000061 52.342995833000032)",Unfall 90866 (2019) Kat:3, Licht: 2,90866,3,3,5,01,17,3,0,2,1,1,0,0
"POINT (9.512896919000070 52.412240638000071)",Unfall 90869 (2019) Kat:3, Licht: 0,90869,3,6,2,01,12,3,1,0,0,1,0,0
"POINT (9.514796247000049 52.411766857000032)",Unfall 90872 (2019) Kat:3, Licht: 0,90872,3,6,2,01,09,3,0,0,0,1,0,0
"POINT (9.727627602000041 52.542627463000031)",Unfall 90873 (2019) Kat:3, Licht: 0,90873,3,6,2,01,16,3,0,0,0,1,0,0
"POINT (9.757135601000073 52.319657225000071)",Unfall 90874 (2019) Kat:3, Licht: 0,90874,3,3,5,01,13,4,0,0,0,1,0,0
"POINT (9.965960220000056 52.315580648000036)",Unfall 90876 (2019) Kat:3, Licht: 1,90876,3,3,5,01,17,3,0,1,1,1,0,0
"POINT (9.976931788000059 52.372706253000047)",Unfall 90879 (2019) Kat:3, Licht: 0,90879,3,6,2,01,10,3,1,0,0,1,0,0
"POINT (9.592840467000031 52.423643211000069)",Unfall 90881 (2019) Kat:3, Licht: 0,90881,3,6,2,01,12,3,0,0,0,1,0,0
"POINT (9.627174266000054 52.423324743000080)",Unfall 90884 (2019) Kat:3, Licht: 0,90884,3,6,2,01,10,3,1,0,0,0,0,0
"POINT (9.687734149000050 52.244111029000067)",Unfall 90888 (2019) Kat:2, Licht: 2,90888,2,1,9,01,00,3,2,2,0,1,0,0
"POINT (9.607128772000067 52.307950621000032)",Unfall 90908 (2019) Kat:2, Licht: 2,90908,2,2,6,01,18,3,0,2,0,1,1,0
"POINT (9.944628544000068 52.497108201000060)",Unfall 90911 (2019) Kat:2, Licht: 2,90911,2,4,6,01,06,4,0,2,0,1,1,0
"POINT (9.655902092000076 52.406380739000042)",Unfall 90918 (2019) Kat:3, Licht: 2,90918,3,6,3,01,05,3,0,2,0,1,0,0
"POINT (9.737051692000023 52.209702215000050)",Unfall 90955 (2019) Kat:3, Licht: 0,90955,3,6,4,01,15,2,0,0,0,1,0,0
"POINT (9.733363510000061 52.420623950000049)",Unfall 90965 (2019) Kat:3, Licht: 2,90965,3,6,2,02,06,3,0,2,0,1,0,0
"POINT (10.114323391000028 52.348446549000073)",Unfall 90968 (2019) Kat:3, Licht: 0,90968,3,2,2,02,15,3,0,0,0,1,0,0
"POINT (9.852086999000051 52.389872163000064)",Unfall 90972 (2019) Kat:3, Licht: 0,90972,3,5,1,02,15,3,1,0,1,1,0,0
"POINT (9.722528654000030 52.378633340000079)",Unfall 90976 (2019) Kat:3, Licht: 0,90976,3,6,2,02,08,3,0,0,0,1,0,0
"POINT (9.725473989000022 52.364843125000050)",Unfall 90982 (2019) Kat:3, Licht: 0,90982,3,1,0,01,14,2,1,0,0,0,0,1
"POINT (9.697277013000075 52.375011922000056)",Unfall 90986 (2019) Kat:3, Licht: 2,90986,3,4,6,01,22,2,0,2,1,0,1,0
"POINT (9.771360914000070 52.370868202000054)",Unfall 90989 (2019) Kat:3, Licht: 0,90989,3,6,2,01,15,2,1,0,0,1,0,0
"POINT (9.821607341000060 52.339210976000061)",Unfall 90992 (2019) Kat:3, Licht: 2,90992,3,2,4,01,21,2,1,2,0,1,0,0
"POINT (9.735031922000076 52.407852315000071)",Unfall 90995 (2019) Kat:3, Licht: 2,90995,3,1,0,01,17,2,1,2,1,0,0,0
"POINT (9.897084814000039 52.409291186000075)",Unfall 90996 (2019) Kat:3, Licht: 0,90996,3,6,9,01,12,2,0,0,0,1,0,0
"POINT (9.291960086000074 52.489504296000064)",Unfall 90998 (2019) Kat:3, Licht: 2,90998,3,1,8,01,23,2,1,2,0,1,0,0
"POINT (9.977130240000065 52.370709149000049)",Unfall 90999 (2019) Kat:3, Licht: 0,90999,3,1,0,01,13,2,0,0,1,0,0,0
"POINT (9.793357670000034 52.393675965000057)",Unfall 91000 (2019) Kat:3, Licht: 0,91000,3,2,3,01,11,4,0,0,0,1,0,0
"POINT (10.010046660000057 52.482708370000068)",Unfall 91002 (2019) Kat:3, Licht: 0,91002,3,3,5,01,10,2,0,0,1,1,0,0
"POINT (9.878891497000041 52.434709444000077)",Unfall 91005 (2019) Kat:3, Licht: 2,91005,3,7,8,01,18,2,1,2,0,1,0,0
"POINT (9.676801167000065 52.357044617000042)",Unfall 91014 (2019) Kat:3, Licht: 0,91014,3,7,0,01,09,1,2,0,1,0,0,0
"POINT (9.952651808000042 52.325240122000082)",Unfall 91033 (2019) Kat:3, Licht: 2,91033,3,3,5,01,17,5,0,2,0,1,0,0
"POINT (9.525911324000049 52.454097606000062)",Unfall 91040 (2019) Kat:3, Licht: 2,91040,3,1,9,01,01,4,0,2,0,1,0,0
"POINT (10.142971756000065 52.379168226000047)",Unfall 91067 (2019) Kat:3, Licht: 0,91067,3,1,8,01,10,1,1,0,0,1,0,0
"POINT (9.727558547000058 52.590242347000071)",Unfall 91069 (2019) Kat:2, Licht: 0,91069,2,6,4,01,15,1,1,0,0,1,0,0
"POINT (9.778359508000051 52.371464367000044)",Unfall 91081 (2019) Kat:3, Licht: 2,91081,3,2,5,01,23,3,0,2,0,1,0,0
"POINT (9.889384734000032 52.361957282000049)",Unfall 91082 (2019) Kat:3, Licht: 0,91082,3,7,2,02,15,2,0,0,0,1,0,0
"POINT (9.735091943000043 52.427542947000063)",Unfall 91085 (2019) Kat:3, Licht: 0,91085,3,7,0,02,14,2,0,0,0,1,0,0
"POINT (9.728347386000053 52.374126098000033)",Unfall 91087 (2019) Kat:3, Licht: 2,91087,3,3,5,02,00,2,0,2,0,1,0,0
"POINT (9.721469431000060 52.361394917000041)",Unfall 91105 (2019) Kat:3, Licht: 0,91105,3,6,2,02,14,4,0,0,0,1,0,0
"POINT (9.799801338000066 52.407931932000054)",Unfall 91108 (2019) Kat:3, Licht: 2,91108,3,2,5,02,18,4,0,2,1,1,0,0
"POINT (9.722457141000064 52.378583719000062)",Unfall 91111 (2019) Kat:3, Licht: 0,91111,3,6,2,02,15,4,0,0,0,1,0,0
"POINT (9.451434650000067 52.423996529000078)",Unfall 91113 (2019) Kat:3, Licht: 0,91113,3,6,2,02,16,4,0,0,0,1,0,0
"POINT (9.646059360000038 52.406724531000066)",Unfall 91116 (2019) Kat:3, Licht: 0,91116,3,6,2,02,13,4,0,0,0,1,0,0
"POINT (9.589456081000037 52.397107047000077)",Unfall 91119 (2019) Kat:3, Licht: 0,91119,3,2,4,02,14,4,0,0,1,1,0,0
"POINT (9.574794618000055 52.281241306000027)",Unfall 91122 (2019) Kat:3, Licht: 0,91122,3,3,5,02,11,4,0,0,0,1,0,1
"POINT (9.534803580000073 52.271028721000050)",Unfall 91126 (2019) Kat:3, Licht: 0,91126,3,2,2,02,16,4,0,0,0,0,0,1
"POINT (9.620053656000039 52.427710474000037)",Unfall 91127 (2019) Kat:3, Licht: 0,91127,3,6,2,02,13,4,0,0,0,1,0,0
"POINT (9.966219729000045 52.315541704000054)",Unfall 91130 (2019) Kat:3, Licht: 0,91130,3,2,2,02,11,4,0,0,0,1,0,0
"POINT (9.892771880000055 52.350872684000080)",Unfall 91134 (2019) Kat:3, Licht: 0,91134,3,1,9,02,12,4,0,0,0,1,0,0
"POINT (9.680309423000040 52.431436746000031)",Unfall 91137 (2019) Kat:3, Licht: 0,91137,3,3,5,02,09,4,0,0,0,1,0,0
"POINT (9.535893027000043 52.420061783000051)",Unfall 91140 (2019) Kat:1, Licht: 0,91140,1,6,2,02,14,4,0,0,0,0,0,0
"POINT (9.779775761000053 52.366409677000036)",Unfall 91144 (2019) Kat:3, Licht: 0,91144,3,6,2,02,16,4,0,0,0,1,0,0
"POINT (9.899691127000040 52.391703569000072)",Unfall 91159 (2019) Kat:3, Licht: 0,91159,3,7,8,02,09,4,0,0,0,1,0,0
"POINT (10.260583700000041 52.453416169000036)",Unfall 91162 (2019) Kat:2, Licht: 0,91162,2,1,9,02,07,4,1,0,0,0,0,1
"POINT (9.586423978000028 52.416135091000058)",Unfall 91207 (2019) Kat:3, Licht: 1,91207,3,3,5,02,07,3,0,1,1,1,0,0
"POINT (9.589802649000035 52.438986021000062)",Unfall 91212 (2019) Kat:3, Licht: 2,91212,3,3,5,02,00,3,0,2,0,1,0,0
"POINT (9.545705473000055 52.311287466000067)",Unfall 91215 (2019) Kat:2, Licht: 2,91215,2,1,8,02,20,3,1,2,0,1,0,0
"POINT (9.854820301000075 52.390223004000063)",Unfall 91231 (2019) Kat:3, Licht: 2,91231,3,2,5,02,20,5,0,2,1,0,0,0
"POINT (9.505465501000060 52.289482232000069)",Unfall 91234 (2019) Kat:3, Licht: 0,91234,3,5,4,02,12,5,0,0,0,1,0,0
"POINT (9.760902781000027 52.260061154000027)",Unfall 91237 (2019) Kat:2, Licht: 0,91237,2,4,6,02,14,5,0,0,0,1,1,0
"POINT (9.730908616000022 52.370721646000050)",Unfall 91239 (2019) Kat:3, Licht: 0,91239,3,3,5,02,11,5,0,0,1,1,0,0
"POINT (9.831462648000070 52.293493698000077)",Unfall 91287 (2019) Kat:3, Licht: 0,91287,3,6,2,02,16,3,0,0,0,1,0,0
"POINT (9.551429314000075 52.322742661000063)",Unfall 91290 (2019) Kat:3, Licht: 0,91290,3,2,5,02,16,3,0,0,1,1,0,0
"POINT (10.091887768000049 52.487093118000075)",Unfall 91291 (2019) Kat:3, Licht: 0,91291,3,3,5,02,16,3,0,0,1,0,0,0
"POINT (9.817966348000027 52.362863733000040)",Unfall 91294 (2019) Kat:3, Licht: 0,91294,3,3,5,02,14,3,0,0,1,1,0,0
"POINT (9.491426340000032 52.293862224000065)",Unfall 91365 (2019) Kat:3, Licht: 1,91365,3,7,0,02,19,4,0,1,1,0,0,0
"POINT (10.013150463000045 52.451167813000040)",Unfall 91368 (2019) Kat:3, Licht: 0,91368,3,4,6,02,07,4,1,0,0,1,1,0
"POINT (9.674100532000068 52.358781699000076)",Unfall 91372 (2019) Kat:2, Licht: 1,91372,2,3,5,02,07,4,1,1,1,1,0,0
"POINT (9.733439749000070 52.417342714000029)",Unfall 91396 (2019) Kat:3, Licht: 0,91396,3,3,5,02,15,2,0,0,0,1,0,0
"POINT (9.427571936000049 52.428719598000043)",Unfall 91401 (2019) Kat:3, Licht: 0,91401,3,6,2,02,12,2,0,0,0,1,0,0
"POINT (9.574572659000069 52.281657125000038)",Unfall 91404 (2019) Kat:3, Licht: 0,91404,3,3,5,02,12,2,0,0,1,1,0,0
"POINT (9.456728601000066 52.498285726000063)",Unfall 91407 (2019) Kat:3, Licht: 0,91407,3,2,3,02,13,2,0,0,1,1,0,0
"POINT (9.551177855000049 52.461683806000053)",Unfall 91411 (2019) Kat:3, Licht: 1,91411,3,2,4,02,17,2,0,1,0,1,0,0
"POINT (9.710398221000048 52.431751432000056)",Unfall 91413 (2019) Kat:2, Licht: 0,91413,2,2,5,02,14,2,0,0,1,1,0,0
"POINT (9.822382487000027 52.407493610000074)",Unfall 91418 (2019) Kat:3, Licht: 0,91418,3,6,2,02,16,2,0,0,0,1,0,0
"POINT (10.038809781000054 52.377339558000074)",Unfall 91421 (2019) Kat:1, Licht: 0,91421,1,6,2,02,12,2,0,0,0,1,0,0
"POINT (10.028938096000047 52.380138743000032)",Unfall 91423 (2019) Kat:3, Licht: 0,91423,3,6,3,02,11,2,0,0,0,0,0,0
"POINT (9.771781291000025 52.342960254000047)",Unfall 91424 (2019) Kat:3, Licht: 0,91424,3,6,2,02,14,2,0,0,0,1,0,0
"POINT (9.860895639000034 52.406366614000035)",Unfall 91426 (2019) Kat:3, Licht: 0,91426,3,6,2,02,09,2,0,0,0,0,0,0
"POINT (9.775321801000075 52.343343119000053)",Unfall 91427 (2019) Kat:3, Licht: 0,91427,3,6,2,02,08,2,0,0,0,1,0,0
"POINT (9.454106410000065 52.388552546000028)",Unfall 91428 (2019) Kat:3, Licht: 0,91428,3,4,6,02,07,2,0,0,0,1,1,0
"POINT (9.606321144000049 52.316257685000039)",Unfall 91430 (2019) Kat:3, Licht: 2,91430,3,4,6,02,19,2,0,2,0,1,1,0
"POINT (9.509232851000036 52.316725003000045)",Unfall 91432 (2019) Kat:3, Licht: 0,91432,3,2,2,02,15,2,0,0,0,1,0,0
"POINT (9.731218476000038 52.433584994000057)",Unfall 91434 (2019) Kat:3, Licht: 0,91434,3,4,6,02,16,2,0,0,0,1,1,0
"POINT (9.792347350000057 52.371629458000029)",Unfall 91436 (2019) Kat:3, Licht: 0,91436,3,2,5,02,16,2,0,0,0,1,0,1
"POINT (9.762524997000071 52.345106064000049)",Unfall 91440 (2019) Kat:3, Licht: 0,91440,3,5,1,02,08,3,0,0,0,1,0,0
"POINT (9.429551577000041 52.355642121000074)",Unfall 91441 (2019) Kat:2, Licht: 0,91441,2,6,2,02,13,2,0,0,0,0,0,0
"POINT (9.561243843000057 52.194392058000062)",Unfall 91442 (2019) Kat:3, Licht: 0,91442,3,3,5,02,15,3,0,0,1,1,0,0
"POINT (9.715486428000077 52.346350440000037)",Unfall 91443 (2019) Kat:3, Licht: 2,91443,3,6,2,02,06,2,0,2,0,1,0,0
"POINT (9.758470264000039 52.349425340000039)",Unfall 91444 (2019) Kat:3, Licht: 0,91444,3,6,6,02,09,3,0,0,1,0,1,0
"POINT (9.735868759000027 52.401534058000038)",Unfall 91446 (2019) Kat:3, Licht: 2,91446,3,6,2,02,18,2,0,2,0,1,0,0
"POINT (9.817884146000040 52.297465139000053)",Unfall 91454 (2019) Kat:2, Licht: 2,91454,2,4,6,02,03,2,0,2,0,1,1,0
"POINT (9.448681774000022 52.439164810000079)",Unfall 91523 (2019) Kat:3, Licht: 0,91523,3,3,5,02,12,2,0,0,0,1,0,0
"POINT (9.818631612000047 52.427607010000031)",Unfall 91527 (2019) Kat:3, Licht: 0,91527,3,6,3,02,12,2,0,0,0,1,0,0
"POINT (9.787777991000041 52.429622658000028)",Unfall 91532 (2019) Kat:3, Licht: 1,91532,3,7,1,02,07,2,1,1,0,0,0,0
"POINT (9.654674130000046 52.407820635000064)",Unfall 91542 (2019) Kat:3, Licht: 2,91542,3,6,2,02,18,1,0,2,0,1,0,0
"POINT (9.600158945000032 52.319711962000042)",Unfall 91544 (2019) Kat:3, Licht: 0,91544,3,3,5,02,15,1,0,0,1,1,0,0
"POINT (9.502569406000021 52.541840347000061)",Unfall 91547 (2019) Kat:3, Licht: 0,91547,3,1,8,02,16,1,0,0,0,0,0,1
"POINT (9.575209492000056 52.418996870000058)",Unfall 91552 (2019) Kat:3, Licht: 2,91552,3,3,5,02,19,1,0,2,0,1,0,0
"POINT (10.135797023000066 52.368427315000076)",Unfall 91555 (2019) Kat:3, Licht: 0,91555,3,7,0,02,12,1,0,0,1,0,0,0
"POINT (9.734047363000059 52.387239047000037)",Unfall 91557 (2019) Kat:3, Licht: 0,91557,3,3,5,02,10,1,0,0,0,1,0,0
"POINT (9.849585540000021 52.326631008000049)",Unfall 91569 (2019) Kat:3, Licht: 0,91569,3,3,5,02,14,1,0,0,0,1,0,0
"POINT (9.735201851000056 52.405819266000037)",Unfall 91574 (2019) Kat:3, Licht: 2,91574,3,3,5,02,18,1,0,2,1,1,0,0
"POINT (9.398394640000049 52.423334833000069)",Unfall 91577 (2019) Kat:3, Licht: 2,91577,3,6,3,02,18,1,0,2,1,0,0,0
"POINT (9.846884723000073 52.472101503000033)",Unfall 91579 (2019) Kat:3, Licht: 0,91579,3,6,4,02,17,1,0,0,0,1,0,0
"POINT (9.529562939000073 52.608416310000052)",Unfall 91634 (2019) Kat:3, Licht: 2,91634,3,7,9,02,00,1,0,2,0,1,0,0
"POINT (9.710847085000069 52.219811830000026)",Unfall 91637 (2019) Kat:3, Licht: 0,91637,3,3,5,02,13,1,1,0,0,1,0,0
"POINT (9.451239521000048 52.423955692000050)",Unfall 91644 (2019) Kat:3, Licht: 0,91644,3,6,2,02,16,7,0,0,0,1,0,0
"POINT (9.456261247000043 52.306258625000055)",Unfall 91647 (2019) Kat:3, Licht: 2,91647,3,2,5,02,20,7,0,2,0,1,0,0
"POINT (9.764561465000043 52.343056072000081)",Unfall 91690 (2019) Kat:3, Licht: 0,91690,3,2,5,02,12,7,0,0,1,1,0,0
"POINT (9.466021774000069 52.304034554000054)",Unfall 91695 (2019) Kat:3, Licht: 0,91695,3,6,2,02,17,7,0,0,0,1,0,0
"POINT (9.613985271000047 52.430488649000040)",Unfall 91698 (2019) Kat:3, Licht: 0,91698,3,6,2,02,13,7,0,0,0,1,0,0
"POINT (9.931062236000059 52.339483855000026)",Unfall 91701 (2019) Kat:3, Licht: 0,91701,3,7,0,02,14,7,0,0,1,0,0,0
"POINT (9.735098059000052 52.404137630000037)",Unfall 91704 (2019) Kat:3, Licht: 0,91704,3,4,6,02,13,7,1,0,0,1,1,0
"POINT (9.504003191000038 52.479492545000028)",Unfall 91705 (2019) Kat:1, Licht: 0,91705,1,7,0,02,16,7,0,0,0,1,0,0
"POINT (9.781587155000068 52.554474705000075)",Unfall 91707 (2019) Kat:3, Licht: 0,91707,3,6,8,02,16,7,1,0,0,1,0,0
"POINT (9.737634870000022 52.464779789000033)",Unfall 91710 (2019) Kat:3, Licht: 1,91710,3,6,2,02,17,7,0,1,0,1,0,0
"POINT (9.703327130000048 52.422915848000059)",Unfall 91712 (2019) Kat:3, Licht: 0,91712,3,5,1,02,12,7,0,0,0,1,0,0
"POINT (10.041177267000023 52.376666999000065)",Unfall 91715 (2019) Kat:3, Licht: 1,91715,3,6,2,02,07,7,0,1,0,1,0,0
"POINT (9.450465866000059 52.428131239000038)",Unfall 91730 (2019) Kat:3, Licht: 2,91730,3,6,2,02,07,6,1,2,0,1,0,0
"POINT (9.780501527000070 52.270016223000027)",Unfall 91733 (2019) Kat:3, Licht: 0,91733,3,2,2,02,16,6,0,0,0,1,0,0
"POINT (9.997828755000057 52.506572839000057)",Unfall 91736 (2019) Kat:3, Licht: 0,91736,3,7,8,02,16,6,0,0,0,1,0,0
"POINT (10.134529063000059 52.362896242000033)",Unfall 91745 (2019) Kat:2, Licht: 0,91745,2,6,3,02,16,7,0,0,0,1,0,0
"POINT (9.808683277000057 52.306882932000065)",Unfall 91811 (2019) Kat:3, Licht: 0,91811,3,4,6,02,13,5,0,0,0,1,1,0
"POINT (9.699936025000056 52.416285313000060)",Unfall 91813 (2019) Kat:3, Licht: 0,91813,3,6,4,02,12,5,1,0,0,1,0,0
"POINT (9.799801338000066 52.407931932000054)",Unfall 91817 (2019) Kat:3, Licht: 0,91817,3,5,0,02,12,5,0,0,1,0,0,0
"POINT (9.455698781000024 52.507245648000037)",Unfall 91821 (2019) Kat:3, Licht: 0,91821,3,3,5,02,14,5,0,0,1,1,0,0
"POINT (9.733887861000028 52.309620256000073)",Unfall 91824 (2019) Kat:2, Licht: 0,91824,2,3,5,02,17,5,1,0,1,1,0,0
"POINT (9.786735186000044 52.389849268000034)",Unfall 91828 (2019) Kat:2, Licht: 0,91828,2,6,2,02,16,5,0,0,0,1,0,0
"POINT (9.756826144000058 52.313390580000032)",Unfall 91831 (2019) Kat:2, Licht: 1,91831,2,7,9,02,14,5,0,1,0,1,0,0
"POINT (9.733929476000071 52.438299348000044)",Unfall 91834 (2019) Kat:2, Licht: 0,91834,2,2,6,02,12,5,0,0,0,1,1,0
"POINT (9.719327602000021 52.349322812000082)",Unfall 91835 (2019) Kat:3, Licht: 0,91835,3,3,5,02,08,5,0,0,0,1,0,0
"POINT (9.771781291000025 52.342960254000047)",Unfall 91845 (2019) Kat:3, Licht: 2,91845,3,6,3,02,06,6,0,2,0,1,0,0
"POINT (9.499788519000049 52.283628775000068)",Unfall 91849 (2019) Kat:3, Licht: 0,91849,3,5,1,02,11,6,0,0,1,0,0,0
"POINT (9.495411567000076 52.276844100000062)",Unfall 91852 (2019) Kat:3, Licht: 0,91852,3,1,0,02,11,6,0,0,1,0,0,0
"POINT (9.614057768000066 52.430556060000072)",Unfall 91855 (2019) Kat:3, Licht: 0,91855,3,6,2,02,12,6,0,0,0,1,0,0
"POINT (9.844232984000030 52.425303828000040)",Unfall 91858 (2019) Kat:3, Licht: 2,91858,3,6,2,02,17,6,0,2,0,1,0,0
"POINT (9.782435563000036 52.362239285000044)",Unfall 91863 (2019) Kat:3, Licht: 0,91863,3,6,2,02,07,6,1,0,0,1,0,0
"POINT (9.774600114000066 52.371041537000053)",Unfall 91876 (2019) Kat:3, Licht: 0,91876,3,6,2,02,13,6,0,0,0,1,0,0
"POINT (9.763449292000075 52.343832852000048)",Unfall 91882 (2019) Kat:3, Licht: 0,91882,3,6,0,02,12,6,0,0,0,1,0,0
"POINT (9.703296850000072 52.416030551000063)",Unfall 91887 (2019) Kat:3, Licht: 0,91887,3,6,2,02,14,6,0,0,0,1,0,0
"POINT (9.729305492000037 52.318716166000058)",Unfall 91890 (2019) Kat:3, Licht: 0,91890,3,6,2,02,14,6,0,0,0,1,0,0
"POINT (9.551201177000053 52.340220365000050)",Unfall 91895 (2019) Kat:3, Licht: 0,91895,3,3,5,02,16,6,0,0,1,1,0,0
"POINT (9.589449017000050 52.439125973000046)",Unfall 91899 (2019) Kat:3, Licht: 0,91899,3,6,2,02,15,6,0,0,0,1,0,0
"POINT (9.711502604000032 52.441112555000075)",Unfall 91905 (2019) Kat:3, Licht: 0,91905,3,2,2,02,10,6,0,0,0,1,0,0
"POINT (9.836118497000030 52.489929403000076)",Unfall 91912 (2019) Kat:3, Licht: 2,91912,3,3,5,02,18,6,0,2,1,1,0,0
"POINT (9.531575673000077 52.419135487000062)",Unfall 91916 (2019) Kat:3, Licht: 2,91916,3,6,2,02,20,6,0,2,0,1,0,0
"POINT (9.562805613000023 52.364510348000067)",Unfall 91918 (2019) Kat:3, Licht: 0,91918,3,6,2,02,15,6,0,0,0,1,0,0
"POINT (9.514005846000032 52.411586710000051)",Unfall 91923 (2019) Kat:3, Licht: 0,91923,3,6,2,02,11,6,0,0,0,0,0,0
"POINT (9.697729697000057 52.376360659000056)",Unfall 91924 (2019) Kat:3, Licht: 0,91924,3,6,2,02,07,4,0,0,0,1,0,0
"POINT (9.942152640000074 52.392166782000061)",Unfall 91926 (2019) Kat:3, Licht: 2,91926,3,6,3,02,19,6,0,2,0,1,0,0
"POINT (9.444169063000061 52.416717420000055)",Unfall 91929 (2019) Kat:3, Licht: 2,91929,3,2,6,02,18,4,0,2,0,1,1,0
"POINT (9.598334466000040 52.216177250000044)",Unfall 91932 (2019) Kat:3, Licht: 0,91932,3,3,5,02,12,4,0,0,0,0,0,0
"POINT (9.734362242000032 52.475240185000075)",Unfall 91965 (2019) Kat:3, Licht: 0,91965,3,6,2,03,15,5,1,0,0,1,0,0
"POINT (9.813536142000032 52.317444836000050)",Unfall 91970 (2019) Kat:3, Licht: 0,91970,3,6,2,03,16,7,1,0,0,1,0,0
"POINT (9.849585540000021 52.326631008000049)",Unfall 91980 (2019) Kat:3, Licht: 0,91980,3,3,5,03,08,6,0,0,0,1,0,0
"POINT (9.611882054000034 52.437054678000038)",Unfall 91983 (2019) Kat:3, Licht: 2,91983,3,4,6,03,06,5,1,2,0,1,1,0
"POINT (9.654986967000070 52.407514365000054)",Unfall 91992 (2019) Kat:3, Licht: 2,91992,3,1,8,03,01,1,0,2,0,1,0,0
"POINT (9.778808034000065 52.367735326000059)",Unfall 91994 (2019) Kat:3, Licht: 2,91994,3,1,9,03,19,2,1,2,0,1,0,0
"POINT (9.774600114000066 52.371041537000053)",Unfall 92006 (2019) Kat:3, Licht: 0,92006,3,6,2,03,16,4,0,0,0,1,0,0
"POINT (9.733418185000062 52.384414849000052)",Unfall 92009 (2019) Kat:3, Licht: 0,92009,3,6,2,03,08,4,0,0,0,1,0,0
"POINT (9.738657699000044 52.209526806000042)",Unfall 92012 (2019) Kat:3, Licht: 0,92012,3,1,8,03,16,4,0,0,0,1,0,0
"POINT (9.770768286000021 52.520576068000082)",Unfall 92015 (2019) Kat:3, Licht: 0,92015,3,7,7,03,10,4,0,0,0,1,0,0
"POINT (9.990509558000042 52.368588170000066)",Unfall 92018 (2019) Kat:3, Licht: 0,92018,3,2,4,03,06,4,1,0,0,1,0,0
"POINT (9.925855766000041 52.509420821000049)",Unfall 92020 (2019) Kat:3, Licht: 0,92020,3,2,4,03,16,4,1,0,0,1,0,0
"POINT (9.857333131000075 52.505253561000075)",Unfall 92023 (2019) Kat:3, Licht: 0,92023,3,3,5,03,15,4,0,0,0,1,0,0
"POINT (9.722532742000055 52.358290359000080)",Unfall 92026 (2019) Kat:3, Licht: 2,92026,3,6,2,03,18,4,1,2,0,1,0,0
"POINT (9.735456051000028 52.395462197000029)",Unfall 92027 (2019) Kat:3, Licht: 2,92027,3,6,3,03,20,4,1,2,0,1,0,0
"POINT (9.771431140000061 52.370872184000063)",Unfall 92038 (2019) Kat:3, Licht: 0,92038,3,6,2,03,16,5,0,0,0,1,0,0
"POINT (9.728541529000040 52.318452148000063)",Unfall 92040 (2019) Kat:3, Licht: 0,92040,3,1,1,03,09,5,0,0,0,1,0,0
"POINT (9.457251014000065 52.504762468000081)",Unfall 92043 (2019) Kat:3, Licht: 0,92043,3,2,5,03,08,5,0,0,1,1,0,0
"POINT (9.451042854000036 52.329659633000063)",Unfall 92044 (2019) Kat:3, Licht: 2,92044,3,2,5,03,18,5,0,2,0,1,0,1
"POINT (9.589709465000055 52.439155928000048)",Unfall 92046 (2019) Kat:3, Licht: 0,92046,3,2,4,03,14,5,0,0,0,1,0,0
"POINT (9.966434389000028 52.315509490000068)",Unfall 92049 (2019) Kat:3, Licht: 0,92049,3,2,5,03,16,5,0,0,1,0,0,0
"POINT (9.969231113000035 52.367875066000067)",Unfall 92052 (2019) Kat:3, Licht: 0,92052,3,2,5,03,12,5,0,0,0,1,0,0
"POINT (9.973950381000066 52.394550727000080)",Unfall 92055 (2019) Kat:3, Licht: 0,92055,3,7,0,03,09,5,0,0,1,0,0,0
"POINT (9.722222819000024 52.359200486000077)",Unfall 92058 (2019) Kat:2, Licht: 0,92058,2,2,5,03,15,5,0,0,1,1,0,0
"POINT (9.642516730000068 52.397022280000044)",Unfall 92067 (2019) Kat:3, Licht: 2,92067,3,5,5,03,18,4,1,2,0,1,0,0
"POINT (9.500541774000055 52.403957456000057)",Unfall 92094 (2019) Kat:3, Licht: 0,92094,3,6,2,03,15,5,1,0,0,1,0,0
"POINT (9.811823322000066 52.305480112000055)",Unfall 92134 (2019) Kat:3, Licht: 2,92134,3,2,2,03,21,4,0,2,0,1,0,0
"POINT (9.431547816000034 52.422665766000080)",Unfall 92136 (2019) Kat:3, Licht: 0,92136,3,3,5,03,17,4,0,0,1,0,0,0
"POINT (9.674662038000065 52.349718328000051)",Unfall 92138 (2019) Kat:3, Licht: 2,92138,3,1,9,03,20,7,1,2,0,1,0,0
"POINT (9.388592558000028 52.539045714000054)",Unfall 92139 (2019) Kat:3, Licht: 0,92139,3,6,2,03,13,4,0,0,0,1,0,0
"POINT (9.539075629000024 52.461749552000072)",Unfall 92142 (2019) Kat:3, Licht: 0,92142,3,3,5,03,13,4,0,0,0,1,0,0
"POINT (9.712874402000068 52.441066667000030)",Unfall 92145 (2019) Kat:3, Licht: 0,92145,3,6,2,03,12,4,0,0,0,1,0,0
"POINT (9.884961615000066 52.437019678000070)",Unfall 92148 (2019) Kat:3, Licht: 0,92148,3,6,2,03,15,4,0,0,0,1,0,0
"POINT (10.012466939000035 52.447872046000043)",Unfall 92151 (2019) Kat:3, Licht: 0,92151,3,2,5,03,09,4,0,0,1,1,0,0
"POINT (9.696459208000022 52.379727624000054)",Unfall 92153 (2019) Kat:3, Licht: 2,92153,3,6,2,03,20,4,1,2,0,1,0,1
"POINT (9.735956096000052 52.400963985000033)",Unfall 92156 (2019) Kat:3, Licht: 0,92156,3,6,2,03,13,4,0,0,0,1,0,0
"POINT (9.630803797000056 52.293388606000065)",Unfall 92159 (2019) Kat:2, Licht: 0,92159,2,3,5,03,11,4,0,0,1,0,0,0
"POINT (9.714483635000022 52.361030762000041)",Unfall 92168 (2019) Kat:3, Licht: 0,92168,3,2,2,03,14,3,0,0,0,1,0,0
"POINT (9.842806225000061 52.424454284000035)",Unfall 92171 (2019) Kat:3, Licht: 0,92171,3,2,5,03,16,3,0,0,1,1,0,0
"POINT (9.642288574000077 52.414572115000055)",Unfall 92174 (2019) Kat:3, Licht: 0,92174,3,3,5,03,08,3,0,0,0,1,0,0
"POINT (9.455584549000037 52.425952395000081)",Unfall 92199 (2019) Kat:3, Licht: 0,92199,3,6,2,03,13,4,0,0,0,1,0,0
"POINT (10.024299766000070 52.521905136000044)",Unfall 92201 (2019) Kat:3, Licht: 0,92201,3,7,1,03,11,6,1,0,0,1,0,0
"POINT (10.012632450000069 52.447486291000075)",Unfall 92204 (2019) Kat:3, Licht: 1,92204,3,2,6,03,19,5,1,1,0,1,1,0
"POINT (9.641568282000037 52.414936142000045)",Unfall 92277 (2019) Kat:3, Licht: 0,92277,3,6,2,03,07,3,1,0,0,1,0,0
"POINT (9.569018436000022 52.399503220000042)",Unfall 92279 (2019) Kat:3, Licht: 0,92279,3,2,2,03,10,3,0,0,0,1,0,0
"POINT (9.650729461000026 52.391303094000079)",Unfall 92282 (2019) Kat:3, Licht: 2,92282,3,2,5,03,05,3,0,2,0,1,0,0
"POINT (9.727809252000043 52.502324557000065)",Unfall 92284 (2019) Kat:3, Licht: 0,92284,3,6,2,03,11,3,0,0,0,1,0,0
"POINT (9.829996607000055 52.299178775000030)",Unfall 92286 (2019) Kat:3, Licht: 0,92286,3,1,8,03,08,3,1,0,0,1,0,0
"POINT (9.589408318000039 52.211737344000028)",Unfall 92291 (2019) Kat:3, Licht: 0,92291,3,1,7,03,13,2,1,0,0,1,0,0
"POINT (9.730739031000042 52.318863892000081)",Unfall 92293 (2019) Kat:3, Licht: 2,92293,3,2,2,03,23,2,1,2,0,1,0,0
"POINT (9.611016131000042 52.431414798000048)",Unfall 92294 (2019) Kat:3, Licht: 0,92294,3,3,5,03,11,2,1,0,0,1,0,0
"POINT (9.575160742000037 52.431815407000045)",Unfall 92296 (2019) Kat:3, Licht: 2,92296,3,6,2,03,18,2,1,2,0,1,0,0
"POINT (10.172447306000038 52.419405574000052)",Unfall 92299 (2019) Kat:3, Licht: 0,92299,3,2,2,03,13,2,0,0,0,1,0,0
"POINT (9.626379813000028 52.423710190000065)",Unfall 92302 (2019) Kat:3, Licht: 2,92302,3,6,2,03,18,2,0,2,0,1,0,0
"POINT (9.467323014000044 52.381815714000027)",Unfall 92303 (2019) Kat:3, Licht: 0,92303,3,6,9,03,16,2,0,0,0,1,0,0
"POINT (9.857666256000073 52.387854520000076)",Unfall 92306 (2019) Kat:2, Licht: 0,92306,2,6,2,03,14,2,1,0,0,1,0,0
"POINT (9.777856713000062 52.373384692000059)",Unfall 92309 (2019) Kat:3, Licht: 0,92309,3,3,5,03,06,2,0,0,0,1,0,0
"POINT (9.719221518000040 52.353830359000028)",Unfall 92319 (2019) Kat:3, Licht: 0,92319,3,1,8,03,13,5,0,0,0,0,0,1
"POINT (9.310195727000064 52.503938177000066)",Unfall 92324 (2019) Kat:3, Licht: 0,92324,3,1,8,03,14,7,1,0,0,1,0,0
"POINT (9.682779064000044 52.372728860000052)",Unfall 92334 (2019) Kat:3, Licht: 0,92334,3,1,4,03,16,6,0,0,0,1,0,0
"POINT (9.614406505000034 52.387835354000060)",Unfall 92337 (2019) Kat:3, Licht: 1,92337,3,6,8,03,06,5,1,1,0,0,0,1
"POINT (9.929155776000073 52.403466801000036)",Unfall 92386 (2019) Kat:3, Licht: 0,92386,3,1,9,03,14,2,1,0,0,1,0,0
"POINT (9.728642595000054 52.368150080000078)",Unfall 92389 (2019) Kat:3, Licht: 2,92389,3,1,8,03,03,1,0,2,0,1,0,0
"POINT (9.672475062000046 52.441414986000041)",Unfall 92390 (2019) Kat:3, Licht: 0,92390,3,2,2,03,13,2,1,0,0,1,0,0
"POINT (9.458454863000043 52.388254864000032)",Unfall 92393 (2019) Kat:3, Licht: 2,92393,3,3,5,03,00,1,1,2,0,1,0,0
"POINT (9.606719568000074 52.217312759000038)",Unfall 92394 (2019) Kat:3, Licht: 0,92394,3,1,8,03,15,2,1,0,0,1,0,0
"POINT (9.452004215000045 52.388629451000043)",Unfall 92398 (2019) Kat:3, Licht: 2,92398,3,1,8,03,00,1,1,2,0,1,0,0
"POINT (10.051299627000049 52.373657523000077)",Unfall 92399 (2019) Kat:3, Licht: 0,92399,3,6,3,03,10,2,1,0,0,1,0,0
"POINT (9.714315148000026 52.361094467000044)",Unfall 92402 (2019) Kat:2, Licht: 0,92402,2,1,8,03,07,2,1,0,0,1,0,0
"POINT (9.624965389000067 52.279474437000033)",Unfall 92405 (2019) Kat:3, Licht: 0,92405,3,7,3,03,13,1,1,0,0,1,0,0
"POINT (9.678011210000022 52.429063013000075)",Unfall 92408 (2019) Kat:3, Licht: 0,92408,3,7,9,03,14,1,1,0,0,1,0,0
"POINT (9.731682720000038 52.382706229000064)",Unfall 92409 (2019) Kat:3, Licht: 1,92409,3,3,5,03,06,2,1,1,1,1,0,0
"POINT (9.589086279000071 52.320939746000079)",Unfall 92412 (2019) Kat:2, Licht: 1,92412,2,1,9,03,06,1,0,1,0,1,0,0
"POINT (9.656443529000057 52.349958479000065)",Unfall 92425 (2019) Kat:3, Licht: 0,92425,3,6,2,03,17,2,1,0,0,1,0,0
"POINT (9.486153714000068 52.305116819000034)",Unfall 92431 (2019) Kat:3, Licht: 0,92431,3,3,5,03,14,2,1,0,0,1,0,0
"POINT (9.693974047000040 52.361173432000044)",Unfall 92434 (2019) Kat:3, Licht: 0,92434,3,2,5,03,16,5,1,0,1,0,0,0
"POINT (9.467360335000024 52.332678898000040)",Unfall 92435 (2019) Kat:3, Licht: 0,92435,3,6,2,03,07,2,1,0,0,1,0,0
"POINT (9.507573455000056 52.289543114000026)",Unfall 92437 (2019) Kat:3, Licht: 2,92437,3,5,2,03,22,4,1,2,0,1,0,0
"POINT (9.964241029000050 52.315952566000078)",Unfall 92438 (2019) Kat:3, Licht: 2,92438,3,2,4,03,19,2,0,2,1,1,0,0
"POINT (10.136227294000037 52.416680230000054)",Unfall 92442 (2019) Kat:3, Licht: 0,92442,3,1,9,03,14,2,1,0,0,1,0,0
"POINT (9.824144590000060 52.308256808000067)",Unfall 92445 (2019) Kat:3, Licht: 1,92445,3,3,5,03,17,2,1,1,0,1,0,0
"POINT (9.778559692000044 52.376051562000043)",Unfall 92447 (2019) Kat:3, Licht: 0,92447,3,6,2,03,15,2,1,0,0,1,0,0
"POINT (9.430602003000047 52.356769347000068)",Unfall 92451 (2019) Kat:3, Licht: 0,92451,3,7,8,03,14,2,0,0,0,1,0,0
"POINT (9.709173087000067 52.408099250000078)",Unfall 92455 (2019) Kat:3, Licht: 0,92455,3,3,5,03,12,2,1,0,1,0,0,0
"POINT (9.863270411000030 52.327864703000046)",Unfall 92458 (2019) Kat:3, Licht: 0,92458,3,6,2,03,07,2,0,0,0,1,0,0
"POINT (9.705541631000074 52.423749445000055)",Unfall 92495 (2019) Kat:3, Licht: 0,92495,3,3,5,03,12,7,0,0,0,1,0,1
"POINT (9.729132867000033 52.381872352000073)",Unfall 92527 (2019) Kat:3, Licht: 0,92527,3,5,3,03,17,7,1,0,0,1,0,1
"POINT (9.738943053000071 52.437771440000063)",Unfall 92531 (2019) Kat:3, Licht: 0,92531,3,3,5,03,13,1,0,0,1,1,0,0
"POINT (9.801036063000026 52.429288063000058)",Unfall 92539 (2019) Kat:2, Licht: 2,92539,2,4,6,03,19,1,0,2,0,0,1,0
"POINT (9.800709119000032 52.515520678000030)",Unfall 92540 (2019) Kat:3, Licht: 0,92540,3,2,2,03,14,6,0,0,0,1,0,0
"POINT (9.748051770000075 52.437208252000062)",Unfall 92544 (2019) Kat:3, Licht: 0,92544,3,7,4,03,16,5,1,0,0,1,0,0
"POINT (9.844760710000060 52.389558856000065)",Unfall 92551 (2019) Kat:3, Licht: 2,92551,3,2,5,03,19,3,0,2,0,1,0,1
"POINT (9.733984840000062 52.384947007000051)",Unfall 92606 (2019) Kat:3, Licht: 0,92606,3,3,5,03,14,4,0,0,1,1,0,0
"POINT (9.768463118000057 52.338164676000076)",Unfall 92648 (2019) Kat:3, Licht: 1,92648,3,6,2,03,17,7,1,1,0,1,0,0
"POINT (9.735771995000050 52.402159000000040)",Unfall 92654 (2019) Kat:3, Licht: 2,92654,3,6,2,03,00,7,0,2,0,1,0,0
"POINT (9.847153484000046 52.274490134000075)",Unfall 92674 (2019) Kat:3, Licht: 0,92674,3,5,1,03,13,7,1,0,0,1,0,0
"POINT (9.633158524000066 52.259131582000066)",Unfall 92677 (2019) Kat:1, Licht: 0,92677,1,6,4,03,15,7,1,0,0,1,0,0
"POINT (9.630253614000026 52.263365319000059)",Unfall 92678 (2019) Kat:3, Licht: 1,92678,3,2,2,03,07,6,1,1,0,1,0,0
"POINT (9.760457775000077 52.587035797000055)",Unfall 92681 (2019) Kat:2, Licht: 1,92681,2,7,3,03,05,7,0,1,0,1,0,0
"POINT (9.472763929000053 52.505176008000035)",Unfall 92682 (2019) Kat:3, Licht: 2,92682,3,6,2,03,21,6,0,2,0,1,0,0
"POINT (9.629898004000040 52.485018298000057)",Unfall 92689 (2019) Kat:3, Licht: 0,92689,3,1,8,03,11,6,1,0,0,1,0,0
"POINT (9.976936247000026 52.372592525000073)",Unfall 92692 (2019) Kat:3, Licht: 1,92692,3,3,5,03,06,6,1,1,0,1,0,0
"POINT (9.838957403000052 52.447817531000055)",Unfall 92696 (2019) Kat:3, Licht: 1,92696,3,3,0,03,07,6,1,1,1,1,0,0
"POINT (9.840847927000027 52.317226477000077)",Unfall 92699 (2019) Kat:3, Licht: 2,92699,3,1,9,03,23,6,0,2,0,1,0,0
"POINT (9.844724516000042 52.411114304000080)",Unfall 92703 (2019) Kat:2, Licht: 0,92703,2,1,8,03,08,6,1,0,0,1,0,0
"POINT (9.735825547000047 52.399573479000026)",Unfall 92709 (2019) Kat:3, Licht: 0,92709,3,6,2,03,10,6,1,0,0,1,0,0
"POINT (9.737647649000053 52.427236075000053)",Unfall 92713 (2019) Kat:3, Licht: 0,92713,3,6,2,03,09,6,1,0,0,0,0,0
"POINT (9.733046429000069 52.369271645000026)",Unfall 92717 (2019) Kat:3, Licht: 0,92717,3,6,2,03,15,3,0,0,0,1,0,0
"POINT (9.477352568000072 52.362986180000064)",Unfall 92727 (2019) Kat:3, Licht: 0,92727,3,5,1,03,13,2,1,0,0,1,0,0
"POINT (9.668119853000064 52.343784922000054)",Unfall 92764 (2019) Kat:3, Licht: 1,92764,3,3,5,03,18,7,1,1,0,1,0,0
"POINT (9.740500946000054 52.368278124000028)",Unfall 92780 (2019) Kat:3, Licht: 0,92780,3,6,2,03,15,5,1,0,0,1,0,0
"POINT (9.723423402000037 52.454417435000039)",Unfall 92794 (2019) Kat:3, Licht: 2,92794,3,6,2,03,18,1,2,2,0,1,0,0
"POINT (9.681314436000037 52.359705894000058)",Unfall 92826 (2019) Kat:3, Licht: 2,92826,3,3,5,03,20,6,0,2,1,1,0,0
"POINT (9.732911849000061 52.421377503000031)",Unfall 92830 (2019) Kat:3, Licht: 0,92830,3,6,2,03,14,6,0,0,0,1,0,0
"POINT (9.672502192000025 52.382304149000049)",Unfall 92831 (2019) Kat:2, Licht: 0,92831,2,3,5,03,14,6,0,0,0,1,0,0
"POINT (9.679033998000023 52.433963214000073)",Unfall 92834 (2019) Kat:3, Licht: 0,92834,3,6,2,03,09,6,0,0,0,1,0,0
"POINT (9.487043986000060 52.396086437000065)",Unfall 92835 (2019) Kat:3, Licht: 0,92835,3,6,2,03,08,5,1,0,0,1,0,0
"POINT (10.024919911000040 52.460645819000035)",Unfall 92840 (2019) Kat:3, Licht: 0,92840,3,1,0,03,11,6,1,0,0,0,0,1
"POINT (10.003225072000021 52.462489322000067)",Unfall 92844 (2019) Kat:3, Licht: 2,92844,3,6,4,03,06,6,1,2,0,1,0,0
"POINT (9.901695299000039 52.300386729000081)",Unfall 92848 (2019) Kat:3, Licht: 0,92848,3,7,4,03,14,6,0,0,0,1,0,0
"POINT (9.714673531000074 52.429054526000073)",Unfall 92852 (2019) Kat:3, Licht: 0,92852,3,6,2,03,15,6,0,0,0,1,0,0
"POINT (9.633437397000023 52.421887631000061)",Unfall 92860 (2019) Kat:3, Licht: 0,92860,3,6,2,03,15,6,0,0,0,1,0,0
"POINT (9.780500542000027 52.270018241000059)",Unfall 92863 (2019) Kat:3, Licht: 0,92863,3,2,2,02,12,5,0,0,0,1,0,0
"POINT (9.744905418000030 52.547471252000037)",Unfall 92866 (2019) Kat:3, Licht: 0,92866,3,3,5,02,14,5,0,0,0,1,0,1
"POINT (9.572133397000073 52.284874622000075)",Unfall 92867 (2019) Kat:2, Licht: 0,92867,2,5,5,03,12,6,0,0,1,1,0,0
"POINT (9.857709286000045 52.481417771000054)",Unfall 92870 (2019) Kat:3, Licht: 0,92870,3,5,1,02,16,5,0,0,0,1,0,0
"POINT (9.836874990000069 52.421164254000075)",Unfall 92871 (2019) Kat:3, Licht: 0,92871,3,2,5,03,07,6,0,0,0,1,0,0
"POINT (9.887898324000048 52.427561206000064)",Unfall 92873 (2019) Kat:3, Licht: 0,92873,3,6,9,02,13,5,0,0,0,1,0,0
"POINT (9.726794747000042 52.489067801000033)",Unfall 92876 (2019) Kat:3, Licht: 0,92876,3,6,2,02,11,5,0,0,0,1,0,0
"POINT (9.731473253000047 52.428505897000036)",Unfall 92877 (2019) Kat:3, Licht: 0,92877,3,6,2,03,08,6,0,0,0,1,0,0
"POINT (9.646827659000053 52.397655287000077)",Unfall 92878 (2019) Kat:3, Licht: 0,92878,3,6,2,03,07,6,0,0,0,1,0,0
"POINT (9.475120043000061 52.462013239000044)",Unfall 92880 (2019) Kat:3, Licht: 0,92880,3,1,8,03,11,6,1,0,0,1,0,0
"POINT (10.120022944000027 52.361244748000047)",Unfall 92884 (2019) Kat:3, Licht: 0,92884,3,7,4,03,15,6,1,0,0,1,0,0
"POINT (9.900687466000022 52.444778119000034)",Unfall 92887 (2019) Kat:3, Licht: 0,92887,3,5,3,03,15,6,0,0,0,1,0,0
"POINT (9.725018466000051 52.376707769000063)",Unfall 92890 (2019) Kat:3, Licht: 0,92890,3,2,3,03,11,5,0,0,1,0,0,0
"POINT (9.713712932000021 52.399487852000050)",Unfall 92891 (2019) Kat:3, Licht: 0,92891,3,7,0,03,13,6,1,0,0,0,0,1
"POINT (9.619833716000073 52.219011034000061)",Unfall 92893 (2019) Kat:3, Licht: 0,92893,3,6,2,03,11,4,0,0,0,1,0,0
"POINT (9.811818116000040 52.305482644000051)",Unfall 92894 (2019) Kat:2, Licht: 0,92894,2,7,0,03,13,6,1,0,1,0,0,0
"POINT (9.772037882000063 52.371105681000074)",Unfall 92935 (2019) Kat:3, Licht: 0,92935,3,3,5,03,10,3,0,0,1,1,0,0
"POINT (9.838338637000049 52.275483528000052)",Unfall 92950 (2019) Kat:3, Licht: 0,92950,3,2,6,03,18,1,0,0,0,1,1,0
"POINT (9.723419614000022 52.604344595000043)",Unfall 92951 (2019) Kat:3, Licht: 0,92951,3,2,8,03,15,1,0,0,0,1,0,0
"POINT (9.722407671000042 52.378549393000071)",Unfall 92952 (2019) Kat:3, Licht: 2,92952,3,2,5,03,22,1,0,2,0,1,0,0
"POINT (9.721192029000065 52.361665401000039)",Unfall 92953 (2019) Kat:3, Licht: 0,92953,3,2,5,03,13,1,0,0,0,1,0,0
"POINT (9.720449593000069 52.338280930000053)",Unfall 92954 (2019) Kat:3, Licht: 2,92954,3,6,2,03,01,1,0,2,0,1,0,0
"POINT (9.735286667000025 52.405071560000067)",Unfall 92992 (2019) Kat:3, Licht: 2,92992,3,6,2,03,19,7,0,2,0,1,0,0
"POINT (9.780833313000073 52.195610351000028)",Unfall 92993 (2019) Kat:3, Licht: 0,92993,3,3,5,03,08,7,0,0,1,1,0,0
"POINT (9.514686107000046 52.281557329000066)",Unfall 92994 (2019) Kat:3, Licht: 0,92994,3,3,5,03,11,7,0,0,0,1,0,0
"POINT (9.682310514000051 52.478976923000062)",Unfall 92995 (2019) Kat:3, Licht: 0,92995,3,2,5,03,13,7,0,0,0,1,0,0
"POINT (9.799931620000052 52.407345590000034)",Unfall 92996 (2019) Kat:3, Licht: 2,92996,3,7,0,03,19,7,0,2,1,0,0,0
"POINT (9.725456207000036 52.239000391000047)",Unfall 92997 (2019) Kat:2, Licht: 0,92997,2,3,5,03,11,7,0,0,0,1,0,1
"POINT (9.745432293000022 52.369051852000041)",Unfall 93046 (2019) Kat:3, Licht: 0,93046,3,6,3,03,16,6,0,0,0,1,0,0
"POINT (9.732690732000037 52.422598148000077)",Unfall 93047 (2019) Kat:3, Licht: 0,93047,3,6,3,03,10,6,0,0,0,1,0,0
"POINT (9.637528188000033 52.391068089000044)",Unfall 93048 (2019) Kat:3, Licht: 0,93048,3,7,0,03,10,6,0,0,1,0,0,0
"POINT (9.617362028000059 52.429203189000077)",Unfall 93049 (2019) Kat:3, Licht: 0,93049,3,6,2,03,14,6,0,0,0,1,0,0
"POINT (9.743200558000069 52.547438891000070)",Unfall 93050 (2019) Kat:3, Licht: 0,93050,3,3,5,03,09,6,0,0,1,1,0,0
"POINT (9.942176990000064 52.320320466000055)",Unfall 93051 (2019) Kat:3, Licht: 0,93051,3,2,0,03,07,6,0,0,0,1,0,0
"POINT (9.733165617000054 52.427792840000052)",Unfall 93052 (2019) Kat:3, Licht: 2,93052,3,1,8,03,20,6,0,2,0,0,0,1
"POINT (9.745533856000066 52.427485922000074)",Unfall 93053 (2019) Kat:3, Licht: 0,93053,3,6,2,03,16,6,0,0,0,1,0,0
"POINT (9.539094348000049 52.558502156000031)",Unfall 93054 (2019) Kat:1, Licht: 2,93054,1,1,9,03,01,6,0,2,0,1,0,0
"POINT (9.827238890000047 52.358470473000068)",Unfall 93092 (2019) Kat:3, Licht: 0,93092,3,2,5,03,12,5,0,0,1,1,0,0
"POINT (9.755176357000039 52.273990312000080)",Unfall 93093 (2019) Kat:3, Licht: 0,93093,3,3,5,03,12,5,0,0,1,1,0,0
"POINT (9.904176633000077 52.493579581000063)",Unfall 93094 (2019) Kat:3, Licht: 0,93094,3,7,0,03,12,5,0,0,1,0,0,0
"POINT (9.824698871000066 52.425663150000048)",Unfall 93095 (2019) Kat:3, Licht: 2,93095,3,6,3,03,21,5,0,2,0,1,0,0
"POINT (9.735269690000052 52.394593653000072)",Unfall 93096 (2019) Kat:3, Licht: 0,93096,3,2,5,03,16,5,0,0,1,1,0,0
"POINT (9.743321352000066 52.368220978000068)",Unfall 93097 (2019) Kat:3, Licht: 0,93097,3,2,5,03,09,5,0,0,1,1,0,0
"POINT (9.862818461000074 52.372647111000049)",Unfall 93098 (2019) Kat:3, Licht: 0,93098,3,3,5,03,07,5,0,0,0,1,0,0
"POINT (9.791750108000031 52.371687253000061)",Unfall 93148 (2019) Kat:3, Licht: 0,93148,3,7,6,03,09,4,0,0,0,1,1,0
"POINT (9.771429632000036 52.370872098000063)",Unfall 93150 (2019) Kat:3, Licht: 0,93150,3,6,2,03,14,4,0,0,0,1,0,0
"POINT (9.482433335000053 52.302492922000056)",Unfall 93151 (2019) Kat:3, Licht: 0,93151,3,5,1,03,13,4,0,0,0,1,0,0
"POINT (9.920693378000067 52.363953368000068)",Unfall 93152 (2019) Kat:2, Licht: 2,93152,2,6,9,03,04,4,0,2,0,1,0,0
"POINT (9.734663175000037 52.391796950000071)",Unfall 93153 (2019) Kat:3, Licht: 0,93153,3,6,2,03,14,4,0,0,0,1,0,0
"POINT (9.892676392000055 52.366998549000073)",Unfall 93154 (2019) Kat:3, Licht: 0,93154,3,6,3,03,12,4,0,0,0,1,0,0
"POINT (9.659915805000026 52.356757237000068)",Unfall 93155 (2019) Kat:3, Licht: 0,93155,3,1,4,03,07,4,0,0,0,1,0,0
"POINT (9.756553101000066 52.254460848000065)",Unfall 93173 (2019) Kat:3, Licht: 0,93173,3,2,2,03,07,2,0,0,0,1,0,0
"POINT (9.574647551000055 52.419957390000036)",Unfall 93177 (2019) Kat:3, Licht: 0,93177,3,5,2,03,07,2,1,0,0,1,0,0
"POINT (9.582618527000022 52.397132494000061)",Unfall 93184 (2019) Kat:3, Licht: 0,93184,3,3,5,03,14,2,1,0,0,1,0,1
"POINT (9.771220725000035 52.334858836000080)",Unfall 93195 (2019) Kat:3, Licht: 0,93195,3,2,2,03,07,3,1,0,0,1,0,0
"POINT (9.456682795000063 52.497840857000028)",Unfall 93196 (2019) Kat:3, Licht: 0,93196,3,6,2,03,12,3,0,0,0,1,0,0
"POINT (9.860665658000073 52.494308837000062)",Unfall 93197 (2019) Kat:3, Licht: 0,93197,3,2,2,03,08,3,0,0,0,1,0,0
"POINT (10.126342082000065 52.464285238000059)",Unfall 93198 (2019) Kat:3, Licht: 0,93198,3,7,8,03,16,3,0,0,0,1,0,0
"POINT (9.726327303000062 52.380809454000030)",Unfall 93199 (2019) Kat:3, Licht: 0,93199,3,2,5,03,08,3,0,0,1,1,0,0
"POINT (10.031891701000063 52.523097742000061)",Unfall 93200 (2019) Kat:2, Licht: 0,93200,2,7,2,03,07,3,0,0,0,1,0,0
"POINT (9.735875650000025 52.401489551000054)",Unfall 93245 (2019) Kat:3, Licht: 0,93245,3,6,2,04,12,2,0,0,0,1,0,0
"POINT (9.708845788000076 52.366050863000055)",Unfall 93261 (2019) Kat:3, Licht: 0,93261,3,2,4,04,10,7,0,0,0,1,0,0
"POINT (9.787723212000060 52.318736480000041)",Unfall 93262 (2019) Kat:3, Licht: 0,93262,3,7,0,04,16,7,0,0,0,1,1,0
"POINT (9.409943361000046 52.333844808000038)",Unfall 93263 (2019) Kat:3, Licht: 0,93263,3,2,2,04,13,7,0,0,0,1,0,0
"POINT (9.641972638000027 52.414667221000059)",Unfall 93302 (2019) Kat:3, Licht: 0,93302,3,6,2,04,13,6,0,0,0,1,0,0
"POINT (9.809769424000024 52.306676394000078)",Unfall 93303 (2019) Kat:3, Licht: 0,93303,3,5,1,04,10,6,0,0,0,1,0,0
"POINT (9.740088357000047 52.302038979000031)",Unfall 93304 (2019) Kat:3, Licht: 0,93304,3,2,5,04,15,6,0,0,0,1,0,0
"POINT (9.837135221000040 52.276903811000068)",Unfall 93305 (2019) Kat:3, Licht: 2,93305,3,7,0,04,00,6,0,2,1,0,0,0
"POINT (9.478454374000023 52.389841931000035)",Unfall 93306 (2019) Kat:3, Licht: 0,93306,3,6,2,04,17,6,0,0,0,1,0,0
"POINT (9.805359513000042 52.408364857000038)",Unfall 93307 (2019) Kat:3, Licht: 0,93307,3,2,5,04,11,6,0,0,0,1,0,0
"POINT (9.640597745000036 52.422652061000065)",Unfall 93308 (2019) Kat:3, Licht: 0,93308,3,6,2,04,13,6,0,0,0,0,0,0
"POINT (9.788945706000050 52.357378657000027)",Unfall 93326 (2019) Kat:3, Licht: 0,93326,3,6,2,04,14,1,0,0,0,1,0,0
"POINT (9.801592232000076 52.317340348000073)",Unfall 93353 (2019) Kat:3, Licht: 0,93353,3,7,0,04,10,5,0,0,0,0,0,0
"POINT (9.799859972000036 52.479784020000068)",Unfall 93354 (2019) Kat:3, Licht: 0,93354,3,3,5,04,17,5,0,0,1,0,0,0
"POINT (10.024198997000042 52.432933629000047)",Unfall 93355 (2019) Kat:3, Licht: 0,93355,3,2,4,04,07,5,1,0,0,1,0,0
"POINT (9.774638619000029 52.343140130000052)",Unfall 93358 (2019) Kat:3, Licht: 0,93358,3,6,3,04,12,5,0,0,0,1,0,0
"POINT (9.749107568000056 52.361937852000040)",Unfall 93404 (2019) Kat:3, Licht: 0,93404,3,2,5,04,15,4,0,0,0,1,0,1
"POINT (9.743164899000021 52.368276426000079)",Unfall 93405 (2019) Kat:3, Licht: 0,93405,3,3,5,04,18,4,0,0,0,1,0,0
"POINT (9.820110153000030 52.362473315000045)",Unfall 93444 (2019) Kat:3, Licht: 0,93444,3,2,3,04,19,3,0,0,1,1,0,0
"POINT (9.796711987000037 52.415061298000069)",Unfall 93445 (2019) Kat:3, Licht: 2,93445,3,3,5,04,20,3,1,2,0,1,0,0
"POINT (9.727253550000057 52.381198854000047)",Unfall 93446 (2019) Kat:3, Licht: 0,93446,3,6,2,04,17,3,0,0,0,1,0,0
"POINT (9.439290032000031 52.418172642000059)",Unfall 93447 (2019) Kat:3, Licht: 0,93447,3,7,6,04,12,3,0,0,0,1,1,0
"POINT (9.794585385000062 52.274121655000044)",Unfall 93448 (2019) Kat:3, Licht: 0,93448,3,6,2,04,11,3,0,0,0,1,0,0
"POINT (9.628962092000052 52.210701931000074)",Unfall 93449 (2019) Kat:3, Licht: 0,93449,3,2,4,04,14,3,0,0,0,1,0,0
"POINT (9.433681069000045 52.504252089000033)",Unfall 93450 (2019) Kat:3, Licht: 0,93450,3,2,5,04,18,3,0,0,0,1,0,0
"POINT (9.473162678000051 52.333750546000033)",Unfall 93451 (2019) Kat:3, Licht: 0,93451,3,6,2,04,15,3,0,0,0,1,0,0
"POINT (9.574876524000047 52.444900056000051)",Unfall 93452 (2019) Kat:3, Licht: 0,93452,3,6,3,04,11,3,0,0,0,1,0,0
"POINT (10.128931242000021 52.392193164000048)",Unfall 93453 (2019) Kat:2, Licht: 2,93453,2,1,8,04,21,3,1,2,0,1,0,0
"POINT (9.606148342000040 52.211032049000039)",Unfall 93454 (2019) Kat:2, Licht: 0,93454,2,6,4,04,14,3,0,0,0,0,0,0
"POINT (9.451728456000069 52.372722829000054)",Unfall 93455 (2019) Kat:3, Licht: 0,93455,3,6,2,04,10,3,0,0,0,1,0,0
"POINT (9.451700263000021 52.372706525000069)",Unfall 93456 (2019) Kat:3, Licht: 0,93456,3,6,2,04,09,3,0,0,0,1,0,0
"POINT (9.721197275000066 52.361672299000077)",Unfall 93457 (2019) Kat:3, Licht: 0,93457,3,2,5,04,08,3,0,0,1,1,0,0
"POINT (9.680383123000070 52.479184190000069)",Unfall 93458 (2019) Kat:3, Licht: 0,93458,3,6,3,04,07,2,0,0,0,1,0,0
"POINT (9.518189038000060 52.346328146000076)",Unfall 93523 (2019) Kat:3, Licht: 0,93523,3,1,8,04,11,1,0,0,1,0,0,0
"POINT (9.442043544000057 52.380855652000037)",Unfall 93525 (2019) Kat:2, Licht: 0,93525,2,1,8,04,15,1,0,0,0,1,0,0
"POINT (9.721272662000047 52.338232156000061)",Unfall 93541 (2019) Kat:3, Licht: 0,93541,3,2,2,04,15,2,0,0,0,1,0,0
"POINT (9.793284041000050 52.393671319000077)",Unfall 93542 (2019) Kat:3, Licht: 0,93542,3,2,3,04,16,2,0,0,0,1,0,0
"POINT (9.684240766000073 52.258372243000053)",Unfall 93544 (2019) Kat:3, Licht: 0,93544,3,3,5,04,17,2,0,0,0,1,0,0
"POINT (9.763115842000048 52.344445911000037)",Unfall 93545 (2019) Kat:3, Licht: 0,93545,3,7,1,04,08,1,0,0,0,1,0,1
"POINT (9.416800731000024 52.326131620000069)",Unfall 93546 (2019) Kat:3, Licht: 0,93546,3,2,2,04,12,2,0,0,0,1,0,0
"POINT (9.390384597000036 52.458441313000037)",Unfall 93556 (2019) Kat:2, Licht: 2,93556,2,1,8,04,01,1,0,2,0,1,0,0
"POINT (9.814057825000077 52.317796569000052)",Unfall 93557 (2019) Kat:3, Licht: 0,93557,3,1,8,04,19,1,1,0,0,1,0,0
"POINT (9.512302690000070 52.322860256000070)",Unfall 93586 (2019) Kat:3, Licht: 2,93586,3,1,9,04,01,7,1,2,0,1,0,0
"POINT (9.911230288000070 52.357509330000028)",Unfall 93587 (2019) Kat:2, Licht: 1,93587,2,2,0,04,19,7,0,1,0,1,0,1
"POINT (9.746419285000059 52.369088309000063)",Unfall 93588 (2019) Kat:3, Licht: 0,93588,3,1,0,04,11,7,1,0,1,0,0,0
"POINT (9.735961674000066 52.584083854000028)",Unfall 93621 (2019) Kat:3, Licht: 0,93621,3,3,5,04,07,6,0,0,0,1,0,0
"POINT (10.014060678000021 52.471842127000059)",Unfall 93622 (2019) Kat:3, Licht: 0,93622,3,2,0,04,17,6,1,0,0,1,0,0
"POINT (9.779396333000022 52.371347989000071)",Unfall 93623 (2019) Kat:3, Licht: 0,93623,3,1,0,04,15,6,0,0,1,0,0,0
"POINT (9.827201333000062 52.348477154000079)",Unfall 93644 (2019) Kat:3, Licht: 0,93644,3,1,7,04,13,5,0,0,1,0,0,0
"POINT (9.448700559000031 52.416457247000039)",Unfall 93649 (2019) Kat:3, Licht: 0,93649,3,4,6,04,13,2,0,0,0,1,1,0
"POINT (9.793208087000039 52.197071891000064)",Unfall 93650 (2019) Kat:3, Licht: 0,93650,3,6,4,04,17,2,0,0,0,1,0,0
"POINT (9.649057877000075 52.395999285000073)",Unfall 93651 (2019) Kat:3, Licht: 0,93651,3,3,5,04,18,2,0,0,1,1,0,0
"POINT (9.913180434000026 52.358661444000063)",Unfall 93652 (2019) Kat:3, Licht: 0,93652,3,6,2,04,10,2,0,0,0,1,0,0
"POINT (9.732866157000046 52.424360131000071)",Unfall 93653 (2019) Kat:3, Licht: 0,93653,3,6,4,04,17,2,0,0,1,0,0,0
"POINT (9.899561144000074 52.444642545000079)",Unfall 93654 (2019) Kat:3, Licht: 0,93654,3,7,2,04,11,2,0,0,0,1,0,0
"POINT (9.467348459000050 52.332705319000070)",Unfall 93655 (2019) Kat:3, Licht: 0,93655,3,7,1,04,14,5,0,0,0,1,0,0
"POINT (9.734515386000055 52.468574395000076)",Unfall 93656 (2019) Kat:3, Licht: 0,93656,3,6,2,04,17,5,0,0,0,1,0,0
"POINT (10.008454260000065 52.385394851000058)",Unfall 93657 (2019) Kat:3, Licht: 0,93657,3,6,3,04,17,5,0,0,0,1,0,0
"POINT (9.719602487000032 52.367602501000079)",Unfall 93658 (2019) Kat:3, Licht: 0,93658,3,2,0,04,14,5,0,0,0,1,0,0
"POINT (9.730416473000048 52.370881629000053)",Unfall 93659 (2019) Kat:3, Licht: 0,93659,3,4,6,04,11,5,0,0,1,0,1,0
"POINT (9.845752759000050 52.354985188000057)",Unfall 93668 (2019) Kat:3, Licht: 0,93668,3,7,0,04,17,2,0,0,0,1,0,0
"POINT (9.838365211000053 52.275449481000066)",Unfall 93669 (2019) Kat:3, Licht: 0,93669,3,2,0,04,17,2,0,0,0,1,0,1
"POINT (9.833151495000038 52.421271014000069)",Unfall 93670 (2019) Kat:3, Licht: 0,93670,3,6,3,04,06,2,0,0,0,1,0,0
"POINT (9.693788452000035 52.376182619000076)",Unfall 93694 (2019) Kat:3, Licht: 0,93694,3,6,2,04,12,4,0,0,0,1,0,0
"POINT (9.748564869000063 52.523772333000068)",Unfall 93695 (2019) Kat:3, Licht: 0,93695,3,3,5,04,07,4,0,0,1,1,0,0
"POINT (9.740251994000062 52.301942124000050)",Unfall 93697 (2019) Kat:3, Licht: 0,93697,3,2,5,04,19,4,0,0,1,1,0,0
"POINT (9.545018820000053 52.421100376000027)",Unfall 93698 (2019) Kat:3, Licht: 0,93698,3,1,2,04,18,4,0,0,0,1,0,0
"POINT (9.765678924000042 52.341354339000077)",Unfall 93780 (2019) Kat:3, Licht: 0,93780,3,1,7,04,17,3,0,0,1,0,0,0
"POINT (9.734972957000025 52.391919036000047)",Unfall 93781 (2019) Kat:3, Licht: 0,93781,3,6,2,04,14,3,0,0,0,1,0,0
"POINT (9.608510373000058 52.343477386000075)",Unfall 93783 (2019) Kat:3, Licht: 0,93783,3,3,5,04,16,3,0,0,1,1,0,0
"POINT (9.465684721000059 52.319634493000081)",Unfall 93785 (2019) Kat:3, Licht: 0,93785,3,6,4,04,19,3,0,0,0,1,0,0
"POINT (9.734944190000022 52.514154669000050)",Unfall 93787 (2019) Kat:3, Licht: 0,93787,3,2,2,04,13,3,0,0,0,1,0,0
"POINT (9.732398779000050 52.435709228000064)",Unfall 93788 (2019) Kat:3, Licht: 0,93788,3,7,0,04,17,3,0,0,1,0,0,0
"POINT (10.035667451000052 52.523437774000058)",Unfall 93790 (2019) Kat:2, Licht: 0,93790,2,7,8,04,13,3,0,0,0,1,0,0
"POINT (9.675882694000052 52.353696359000082)",Unfall 93791 (2019) Kat:3, Licht: 1,93791,3,7,0,04,19,3,0,1,1,0,0,0
"POINT (9.804101439000021 52.336926439000081)",Unfall 93794 (2019) Kat:3, Licht: 0,93794,3,6,2,04,16,3,0,0,0,1,0,0
"POINT (9.607288495000034 52.310983897000028)",Unfall 93796 (2019) Kat:3, Licht: 0,93796,3,6,6,04,13,3,0,0,1,0,1,0
"POINT (9.987706901000024 52.409484527000075)",Unfall 93798 (2019) Kat:3, Licht: 0,93798,3,2,3,04,17,3,0,0,0,1,0,1
"POINT (9.571489267000061 52.422763439000050)",Unfall 93800 (2019) Kat:3, Licht: 0,93800,3,6,2,04,14,3,0,0,0,1,0,0
"POINT (9.714315148000026 52.361094467000044)",Unfall 93878 (2019) Kat:3, Licht: 0,93878,3,2,5,04,16,2,0,0,0,1,0,0
"POINT (9.828150887000049 52.283224879000045)",Unfall 93880 (2019) Kat:3, Licht: 0,93880,3,3,5,04,15,2,0,0,1,1,0,0
"POINT (9.826699689000066 52.487459841000032)",Unfall 93882 (2019) Kat:3, Licht: 0,93882,3,6,2,04,17,2,0,0,0,1,0,0
"POINT (9.715665145000060 52.397818925000081)",Unfall 93884 (2019) Kat:3, Licht: 0,93884,3,5,1,04,18,2,0,0,0,1,0,1
"POINT (9.792257807000055 52.353002575000062)",Unfall 93885 (2019) Kat:3, Licht: 0,93885,3,6,2,04,10,2,0,0,0,1,0,0
"POINT (9.897524578000059 52.290515717000062)",Unfall 93904 (2019) Kat:3, Licht: 0,93904,3,6,3,04,15,2,0,0,0,1,0,0
"POINT (10.046580313000050 52.480820397000059)",Unfall 93943 (2019) Kat:3, Licht: 0,93943,3,7,0,04,15,1,0,0,1,0,0,0
"POINT (9.808259176000036 52.408931139000060)",Unfall 93982 (2019) Kat:3, Licht: 0,93982,3,7,0,04,14,7,0,0,0,0,0,0
"POINT (9.611770751000051 52.392068415000040)",Unfall 93983 (2019) Kat:3, Licht: 0,93983,3,6,8,04,14,7,0,0,0,0,0,1
"POINT (9.608231943000021 52.305619074000049)",Unfall 93984 (2019) Kat:3, Licht: 0,93984,3,3,5,04,09,7,0,0,0,1,0,0
"POINT (9.513721322000038 52.289206151000030)",Unfall 93985 (2019) Kat:3, Licht: 0,93985,3,6,2,04,10,7,0,0,0,1,0,0
"POINT (9.619243764000032 52.439717132000055)",Unfall 93986 (2019) Kat:3, Licht: 0,93986,3,4,6,04,14,7,0,0,0,1,1,0
"POINT (9.972325269000066 52.369781362000026)",Unfall 93987 (2019) Kat:3, Licht: 0,93987,3,2,5,04,10,7,0,0,1,1,0,0
"POINT (9.842180586000040 52.423874550000050)",Unfall 93988 (2019) Kat:3, Licht: 0,93988,3,6,2,04,14,7,0,0,0,1,0,0
"POINT (10.202795094000066 52.463895667000031)",Unfall 93989 (2019) Kat:3, Licht: 0,93989,3,3,5,04,12,7,0,0,0,1,0,1
"POINT (10.155547969000054 52.448919025000066)",Unfall 93990 (2019) Kat:3, Licht: 1,93990,3,7,7,04,05,7,0,1,0,0,0,1
"POINT (9.802504840000040 52.311344150000082)",Unfall 93991 (2019) Kat:3, Licht: 0,93991,3,5,1,04,13,7,0,0,0,1,0,1
"POINT (9.741419091000068 52.606306723000046)",Unfall 93992 (2019) Kat:2, Licht: 0,93992,2,6,2,04,10,7,0,0,0,1,0,0
"POINT (9.904755253000076 52.284527995000076)",Unfall 94001 (2019) Kat:3, Licht: 0,94001,3,7,9,04,19,7,0,0,0,1,0,0
"POINT (9.642410593000022 52.414539184000034)",Unfall 94015 (2019) Kat:3, Licht: 0,94015,3,6,2,04,09,5,0,0,0,1,0,0
"POINT (9.539164778000043 52.361713016000067)",Unfall 94017 (2019) Kat:3, Licht: 0,94017,3,7,7,04,16,5,0,0,0,0,1,1
"POINT (9.481520138000064 52.301690206000046)",Unfall 94019 (2019) Kat:3, Licht: 0,94019,3,2,5,04,09,5,0,0,0,0,0,0
"POINT (9.534196471000030 52.461493089000044)",Unfall 94021 (2019) Kat:3, Licht: 1,94021,3,2,4,04,06,5,1,1,0,1,0,0
"POINT (10.012638755000069 52.447474594000028)",Unfall 94023 (2019) Kat:2, Licht: 0,94023,2,2,5,04,08,5,0,0,1,1,0,0
"POINT (9.815103253000075 52.363783112000078)",Unfall 94025 (2019) Kat:3, Licht: 0,94025,3,6,3,04,18,5,0,0,1,0,0,0
"POINT (9.712014627000031 52.405138154000042)",Unfall 94027 (2019) Kat:3, Licht: 0,94027,3,2,5,04,07,5,0,0,1,1,0,0
"POINT (9.472466686000075 52.388479611000037)",Unfall 94092 (2019) Kat:3, Licht: 0,94092,3,3,5,04,12,6,0,0,0,1,0,1
"POINT (9.819175547000043 52.485285779000037)",Unfall 94094 (2019) Kat:3, Licht: 0,94094,3,7,3,04,17,6,0,0,1,1,0,0
"POINT (9.759302689000037 52.493669189000059)",Unfall 94098 (2019) Kat:2, Licht: 2,94098,2,7,8,04,23,6,0,2,0,1,0,0
"POINT (9.827497510000057 52.360008995000044)",Unfall 94135 (2019) Kat:3, Licht: 0,94135,3,2,2,04,16,4,0,0,0,1,0,0
"POINT (9.805452966000075 52.408181708000029)",Unfall 94137 (2019) Kat:3, Licht: 0,94137,3,2,3,04,16,4,0,0,1,1,0,0
"POINT (9.757206161000056 52.319765725000082)",Unfall 94138 (2019) Kat:3, Licht: 0,94138,3,6,2,04,16,4,0,0,0,1,0,0
"POINT (9.522052711000072 52.302794066000047)",Unfall 94140 (2019) Kat:3, Licht: 0,94140,3,1,8,04,18,4,0,0,0,0,0,1
"POINT (10.045337583000048 52.533982594000065)",Unfall 94142 (2019) Kat:3, Licht: 0,94142,3,7,9,04,18,4,0,0,0,1,0,0
"POINT (9.646783540000058 52.413597525000057)",Unfall 94144 (2019) Kat:3, Licht: 0,94144,3,6,3,04,14,4,0,0,0,1,0,1
"POINT (9.803582380000023 52.310477354000056)",Unfall 94146 (2019) Kat:3, Licht: 0,94146,3,6,3,04,12,4,0,0,1,0,0,0
"POINT (9.765014108000059 52.584087192000027)",Unfall 94149 (2019) Kat:3, Licht: 0,94149,3,6,2,04,09,4,0,0,0,1,0,0
"POINT (9.629225000000076 52.421910813000068)",Unfall 94152 (2019) Kat:3, Licht: 0,94152,3,6,2,04,07,4,1,0,0,1,0,1
"POINT (9.437408659000028 52.362634665000030)",Unfall 94154 (2019) Kat:3, Licht: 2,94154,3,6,2,04,00,4,0,2,0,1,0,0
"POINT (9.785455887000069 52.320121800000038)",Unfall 94222 (2019) Kat:3, Licht: 0,94222,3,3,5,04,13,5,0,0,1,1,0,0
"POINT (9.441865147000044 52.416897746000075)",Unfall 94225 (2019) Kat:2, Licht: 0,94225,2,3,5,04,19,5,0,0,1,1,0,0
"POINT (9.651789466000025 52.171180656000047)",Unfall 94227 (2019) Kat:3, Licht: 0,94227,3,2,2,04,16,5,0,0,0,1,0,0
"POINT (9.695717049000052 52.170064371000080)",Unfall 94230 (2019) Kat:3, Licht: 0,94230,3,6,2,04,09,5,0,0,0,1,0,0
"POINT (9.456865970000024 52.499678519000042)",Unfall 94233 (2019) Kat:3, Licht: 0,94233,3,3,5,04,13,5,0,0,0,1,0,0
"POINT (10.044457344000023 52.302232737000054)",Unfall 94235 (2019) Kat:3, Licht: 0,94235,3,2,3,04,14,5,0,0,0,0,0,1
"POINT (9.401218686000050 52.329471714000078)",Unfall 94242 (2019) Kat:3, Licht: 0,94242,3,6,2,04,14,5,0,0,0,1,0,0
"POINT (9.782672392000052 52.324256874000071)",Unfall 94244 (2019) Kat:3, Licht: 0,94244,3,3,5,04,10,5,0,0,1,1,0,0
"POINT (9.745289462000073 52.601613567000072)",Unfall 94246 (2019) Kat:3, Licht: 0,94246,3,6,2,04,10,5,0,0,0,1,0,0
"POINT (9.743377583000040 52.368279422000057)",Unfall 94249 (2019) Kat:3, Licht: 0,94249,3,6,4,04,07,5,0,0,1,0,0,0
"POINT (9.753609351000023 52.370014485000070)",Unfall 94260 (2019) Kat:3, Licht: 1,94260,3,4,0,04,06,3,0,1,1,0,1,0
"POINT (9.746223909000037 52.185798165000051)",Unfall 94262 (2019) Kat:3, Licht: 0,94262,3,6,2,04,13,3,0,0,0,1,0,0
"POINT (9.848226198000077 52.564596606000066)",Unfall 94264 (2019) Kat:2, Licht: 0,94264,2,7,9,04,07,3,0,0,0,1,0,0
"POINT (9.995170866000024 52.456119371000057)",Unfall 94266 (2019) Kat:3, Licht: 0,94266,3,4,6,04,10,3,0,0,0,1,1,0
"POINT (9.961763151000071 52.455878523000081)",Unfall 94267 (2019) Kat:2, Licht: 0,94267,2,6,4,04,07,3,0,0,0,1,0,0
"POINT (9.758275957000024 52.243608495000046)",Unfall 94334 (2019) Kat:3, Licht: 0,94334,3,7,7,04,13,2,0,0,0,0,0,1
"POINT (9.694684607000056 52.208986435000043)",Unfall 94335 (2019) Kat:3, Licht: 1,94335,3,7,7,04,04,2,0,1,0,1,0,0
"POINT (9.603088791000062 52.462810107000053)",Unfall 94336 (2019) Kat:3, Licht: 0,94336,3,3,5,04,17,2,0,0,0,1,0,1
"POINT (9.961678064000068 52.389622611000050)",Unfall 94337 (2019) Kat:3, Licht: 2,94337,3,1,0,04,22,2,0,2,0,1,0,0
"POINT (9.677553793000072 52.371754788000032)",Unfall 94338 (2019) Kat:3, Licht: 0,94338,3,2,5,04,12,2,0,0,0,1,0,0
"POINT (9.503582470000026 52.285372173000042)",Unfall 94352 (2019) Kat:3, Licht: 0,94352,3,3,5,04,17,4,0,0,0,1,0,1
"POINT (9.466653834000056 52.332749947000082)",Unfall 94354 (2019) Kat:2, Licht: 0,94354,2,6,3,04,13,4,0,0,0,1,0,1
"POINT (9.570073188000038 52.446844884000029)",Unfall 94356 (2019) Kat:3, Licht: 1,94356,3,6,2,04,05,4,0,1,0,1,0,0
"POINT (9.694921819000058 52.419437093000056)",Unfall 94358 (2019) Kat:2, Licht: 0,94358,2,7,0,04,20,4,0,0,1,0,0,0
"POINT (9.863119099000073 52.373355686000082)",Unfall 94380 (2019) Kat:3, Licht: 2,94380,3,1,0,05,21,5,1,2,0,0,0,1
"POINT (9.727990039000076 52.374225515000035)",Unfall 94381 (2019) Kat:3, Licht: 2,94381,3,3,5,05,20,5,1,2,1,1,0,0
"POINT (9.801785733000031 52.432095060000051)",Unfall 94383 (2019) Kat:3, Licht: 0,94383,3,2,0,05,16,5,1,0,0,1,0,1
"POINT (9.781466867000063 52.326153174000069)",Unfall 94387 (2019) Kat:3, Licht: 0,94387,3,3,5,05,09,5,0,0,1,1,0,0
"POINT (9.425233699000046 52.429454362000058)",Unfall 94414 (2019) Kat:3, Licht: 0,94414,3,6,2,05,07,4,0,0,0,1,0,0
"POINT (9.594033638000042 52.320341702000064)",Unfall 94416 (2019) Kat:3, Licht: 0,94416,3,3,5,05,10,4,0,0,1,1,0,0
"POINT (9.448473698000043 52.525346532000071)",Unfall 94420 (2019) Kat:3, Licht: 0,94420,3,3,5,05,18,4,1,0,0,1,0,0
"POINT (9.425492647000056 52.351477746000057)",Unfall 94422 (2019) Kat:3, Licht: 0,94422,3,6,2,05,15,4,0,0,0,1,0,0
"POINT (9.730327228000022 52.370987625000055)",Unfall 94424 (2019) Kat:3, Licht: 0,94424,3,1,0,05,16,4,0,0,0,0,0,1
"POINT (9.839873171000022 52.417465624000044)",Unfall 94426 (2019) Kat:3, Licht: 0,94426,3,6,2,05,13,4,0,0,0,1,0,0
"POINT (9.794932773000028 52.215642388000049)",Unfall 94428 (2019) Kat:2, Licht: 0,94428,2,1,0,05,13,4,1,0,0,0,0,1
"POINT (9.599955510000029 52.423150466000038)",Unfall 94430 (2019) Kat:3, Licht: 0,94430,3,6,2,05,10,4,0,0,0,1,0,0
"POINT (9.830041943000026 52.423096864000058)",Unfall 94443 (2019) Kat:2, Licht: 2,94443,2,7,0,05,21,4,0,2,0,1,0,0
"POINT (9.719961730000023 52.367857305000030)",Unfall 94501 (2019) Kat:3, Licht: 0,94501,3,1,0,05,08,3,1,0,0,0,0,1
"POINT (9.763449292000075 52.343832852000048)",Unfall 94503 (2019) Kat:3, Licht: 0,94503,3,2,5,05,08,3,0,0,1,0,0,0
"POINT (9.600723170000038 52.322164601000054)",Unfall 94505 (2019) Kat:3, Licht: 0,94505,3,2,3,05,14,3,0,0,0,1,0,0
"POINT (9.558016174000045 52.323135958000080)",Unfall 94507 (2019) Kat:3, Licht: 0,94507,3,7,7,05,10,3,0,0,1,0,0,0
"POINT (9.588142094000034 52.437666840000077)",Unfall 94509 (2019) Kat:3, Licht: 0,94509,3,6,2,05,06,3,1,0,0,1,0,0
"POINT (10.050506606000056 52.413389723000080)",Unfall 94511 (2019) Kat:3, Licht: 0,94511,3,7,0,05,06,3,0,0,0,1,0,0
"POINT (10.113145870000039 52.363744402000066)",Unfall 94514 (2019) Kat:3, Licht: 0,94514,3,6,2,05,08,3,0,0,0,1,0,0
"POINT (9.806471733000024 52.372118027000056)",Unfall 94523 (2019) Kat:3, Licht: 0,94523,3,6,2,04,14,3,0,0,0,1,0,0
"POINT (9.740923656000064 52.299833468000031)",Unfall 94524 (2019) Kat:3, Licht: 0,94524,3,2,4,04,07,3,0,0,1,1,0,0
"POINT (9.466374730000041 52.454354813000066)",Unfall 94526 (2019) Kat:3, Licht: 0,94526,3,1,9,04,16,3,0,0,0,0,0,1
"POINT (9.735020473000077 52.393392145000064)",Unfall 94527 (2019) Kat:3, Licht: 0,94527,3,1,0,04,16,3,0,0,0,0,0,1
"POINT (9.899505681000051 52.398738594000065)",Unfall 94529 (2019) Kat:3, Licht: 0,94529,3,6,3,04,13,3,0,0,0,1,0,0
"POINT (9.735687228000074 52.400660109000057)",Unfall 94599 (2019) Kat:3, Licht: 0,94599,3,6,3,04,17,2,0,0,0,1,0,0
"POINT (9.847152892000054 52.434218317000045)",Unfall 94601 (2019) Kat:3, Licht: 0,94601,3,3,5,04,09,2,0,0,0,1,0,0
"POINT (9.646599825000067 52.423805735000030)",Unfall 94603 (2019) Kat:3, Licht: 0,94603,3,6,2,04,10,2,0,0,0,1,0,0
"POINT (9.743289999000069 52.368193609000059)",Unfall 94604 (2019) Kat:3, Licht: 0,94604,3,2,5,05,14,2,0,0,1,1,0,0
"POINT (9.728871801000025 52.427403883000068)",Unfall 94605 (2019) Kat:3, Licht: 0,94605,3,6,3,04,06,2,0,0,0,1,0,0
"POINT (9.735161925000057 52.406201683000063)",Unfall 94606 (2019) Kat:3, Licht: 0,94606,3,6,2,05,10,2,0,0,0,0,0,0
"POINT (10.028446292000069 52.429845202000081)",Unfall 94607 (2019) Kat:1, Licht: 0,94607,1,6,3,04,18,2,0,0,1,0,0,0
"POINT (9.481290304000027 52.419441923000079)",Unfall 94608 (2019) Kat:3, Licht: 0,94608,3,3,5,05,17,2,0,0,0,1,0,0
"POINT (10.096394635000024 52.455984117000071)",Unfall 94609 (2019) Kat:2, Licht: 0,94609,2,6,4,04,13,2,1,0,0,1,0,0
"POINT (9.624815425000065 52.393830937000075)",Unfall 94610 (2019) Kat:3, Licht: 0,94610,3,5,1,04,15,2,0,0,1,1,0,0
"POINT (9.755823369000041 52.233339737000051)",Unfall 94611 (2019) Kat:3, Licht: 0,94611,3,7,8,05,13,2,0,0,0,1,0,0
"POINT (9.476685479000025 52.301252699000031)",Unfall 94613 (2019) Kat:3, Licht: 0,94613,3,5,1,05,14,2,0,0,1,1,0,0
"POINT (9.628213181000035 52.422239367000032)",Unfall 94615 (2019) Kat:3, Licht: 0,94615,3,6,2,05,19,2,1,0,0,1,0,0
"POINT (9.560487662000071 52.323073464000061)",Unfall 94617 (2019) Kat:2, Licht: 0,94617,2,1,8,05,16,2,0,0,0,1,0,0
"POINT (9.862291202000051 52.371292518000075)",Unfall 94619 (2019) Kat:2, Licht: 0,94619,2,4,6,05,16,2,0,0,0,0,1,0
"POINT (9.737726525000028 52.453495595000049)",Unfall 94621 (2019) Kat:2, Licht: 0,94621,2,7,0,05,09,2,0,0,0,0,0,0
"POINT (9.611505758000021 52.421905864000053)",Unfall 94624 (2019) Kat:2, Licht: 0,94624,2,6,2,05,06,2,0,0,0,1,0,0
"POINT (9.419523456000036 52.429281763000063)",Unfall 94655 (2019) Kat:3, Licht: 0,94655,3,2,4,04,12,1,1,0,0,1,0,0
"POINT (9.465159919000030 52.456690149000053)",Unfall 94657 (2019) Kat:2, Licht: 0,94657,2,7,9,04,15,1,0,0,1,0,0,0
"POINT (9.960523699000021 52.302096289000076)",Unfall 94687 (2019) Kat:3, Licht: 0,94687,3,3,5,05,08,1,0,0,0,1,0,0
"POINT (9.781959369000049 52.362264984000035)",Unfall 94688 (2019) Kat:3, Licht: 0,94688,3,1,8,05,05,1,0,0,0,1,0,0
"POINT (9.697106521000023 52.341554126000062)",Unfall 94690 (2019) Kat:3, Licht: 2,94690,3,6,2,05,00,1,0,2,0,1,0,0
"POINT (9.655315915000074 52.406958506000080)",Unfall 94723 (2019) Kat:3, Licht: 0,94723,3,6,2,04,13,7,0,0,0,1,0,0
"POINT (9.810304288000054 52.368257277000055)",Unfall 94724 (2019) Kat:3, Licht: 0,94724,3,7,7,04,10,7,0,0,1,0,0,0
"POINT (9.731651072000034 52.420760378000068)",Unfall 94726 (2019) Kat:3, Licht: 2,94726,3,7,3,04,20,7,1,2,0,1,0,0
"POINT (9.800602967000032 52.406503331000067)",Unfall 94728 (2019) Kat:3, Licht: 0,94728,3,6,2,04,11,7,0,0,0,1,0,0
"POINT (9.500119104000021 52.571502015000078)",Unfall 94730 (2019) Kat:3, Licht: 0,94730,3,3,5,04,10,7,0,0,0,1,0,0
"POINT (9.398890520000066 52.536447022000061)",Unfall 94732 (2019) Kat:3, Licht: 0,94732,3,6,2,04,10,7,0,0,0,1,0,0
"POINT (9.733332622000035 52.420860687000072)",Unfall 94734 (2019) Kat:3, Licht: 2,94734,3,2,5,04,20,7,1,2,0,1,0,0
"POINT (9.634702241000070 52.420344263000061)",Unfall 94736 (2019) Kat:3, Licht: 2,94736,3,6,3,04,21,7,1,2,0,1,0,0
"POINT (9.799849403000053 52.425559504000034)",Unfall 94737 (2019) Kat:3, Licht: 0,94737,3,2,5,04,14,7,0,0,0,1,0,0
"POINT (9.742753622000066 52.368359982000072)",Unfall 94747 (2019) Kat:3, Licht: 2,94747,3,6,3,05,22,7,0,2,0,1,0,0
"POINT (9.734394306000070 52.427834329000063)",Unfall 94749 (2019) Kat:3, Licht: 0,94749,3,1,9,05,20,7,1,0,0,1,0,0
"POINT (9.731640867000067 52.369505793000030)",Unfall 94752 (2019) Kat:3, Licht: 0,94752,3,2,5,05,14,7,0,0,1,1,0,0
"POINT (9.848760981000055 52.412189865000073)",Unfall 94754 (2019) Kat:3, Licht: 0,94754,3,6,3,05,13,7,0,0,0,1,0,0
"POINT (9.644634926000038 52.423272452000049)",Unfall 94756 (2019) Kat:3, Licht: 0,94756,3,6,2,05,11,7,0,0,0,1,0,0
"POINT (9.663344076000044 52.343376256000056)",Unfall 94817 (2019) Kat:3, Licht: 0,94817,3,6,3,05,15,6,0,0,0,1,0,1
"POINT (9.730817946000059 52.370455239000080)",Unfall 94818 (2019) Kat:3, Licht: 0,94818,3,6,2,04,18,6,1,0,0,1,0,0
"POINT (9.859954347000041 52.490147195000077)",Unfall 94819 (2019) Kat:3, Licht: 0,94819,3,3,5,05,12,6,0,0,1,0,0,0
"POINT (9.708777470000030 52.366038154000080)",Unfall 94820 (2019) Kat:3, Licht: 0,94820,3,2,2,04,16,6,1,0,1,1,0,0
"POINT (9.992061766000063 52.458931094000036)",Unfall 94821 (2019) Kat:3, Licht: 0,94821,3,6,2,05,14,6,0,0,0,1,0,0
"POINT (9.466435215000047 52.454442084000050)",Unfall 94822 (2019) Kat:3, Licht: 0,94822,3,1,8,04,14,6,1,0,0,1,0,0
"POINT (9.469044003000022 52.504489688000035)",Unfall 94823 (2019) Kat:3, Licht: 1,94823,3,3,5,04,16,6,1,1,1,1,0,0
"POINT (9.613568665000059 52.421707858000048)",Unfall 94824 (2019) Kat:2, Licht: 0,94824,2,7,3,05,16,6,0,0,0,0,0,0
"POINT (9.512286968000069 52.289182767000057)",Unfall 94825 (2019) Kat:3, Licht: 0,94825,3,1,8,04,17,6,1,0,0,1,0,0
"POINT (9.556948709000039 52.340655042000037)",Unfall 94826 (2019) Kat:3, Licht: 0,94826,3,1,4,05,08,6,0,0,0,1,0,0
"POINT (9.504553266000073 52.340007830000047)",Unfall 94827 (2019) Kat:3, Licht: 0,94827,3,1,8,04,15,6,1,0,0,1,0,0
"POINT (9.401835035000033 52.333159698000031)",Unfall 94828 (2019) Kat:3, Licht: 0,94828,3,7,5,04,14,6,0,0,0,1,0,0
"POINT (9.579185263000056 52.329159376000064)",Unfall 94830 (2019) Kat:3, Licht: 2,94830,3,6,8,04,21,6,1,2,0,1,0,0
"POINT (9.644206394000037 52.414317000000040)",Unfall 94832 (2019) Kat:3, Licht: 0,94832,3,6,2,04,15,6,0,0,0,1,0,0
"POINT (9.776053335000029 52.269215284000040)",Unfall 94929 (2019) Kat:3, Licht: 0,94929,3,3,5,05,14,3,0,0,0,1,0,0
"POINT (9.743126356000062 52.368607927000028)",Unfall 94931 (2019) Kat:3, Licht: 0,94931,3,6,2,05,14,3,0,0,0,1,0,0
"POINT (9.631497820000050 52.421198154000081)",Unfall 94933 (2019) Kat:3, Licht: 0,94933,3,6,3,05,13,3,0,0,0,1,0,0
"POINT (9.646760231000030 52.397322692000046)",Unfall 94935 (2019) Kat:2, Licht: 0,94935,2,2,0,05,11,3,0,0,0,1,0,0
"POINT (9.696119462000070 52.338815060000059)",Unfall 94951 (2019) Kat:3, Licht: 0,94951,3,6,2,05,15,2,0,0,0,1,0,0
"POINT (9.756240518000027 52.352768176000041)",Unfall 94953 (2019) Kat:3, Licht: 0,94953,3,6,2,05,13,2,0,0,1,0,0,0
"POINT (9.450720349000051 52.481014769000069)",Unfall 94955 (2019) Kat:3, Licht: 0,94955,3,3,5,05,16,3,1,0,1,1,0,0
"POINT (9.457021173000044 52.501226615000064)",Unfall 94956 (2019) Kat:3, Licht: 0,94956,3,2,5,05,09,2,0,0,1,1,0,0
"POINT (9.891008806000059 52.421660434000046)",Unfall 94958 (2019) Kat:3, Licht: 0,94958,3,7,8,05,08,2,0,0,0,0,0,0
"POINT (9.870558844000072 52.310187604000077)",Unfall 94959 (2019) Kat:3, Licht: 0,94959,3,3,5,05,06,2,0,0,0,1,0,0
"POINT (9.790970900000048 52.558121030000052)",Unfall 94961 (2019) Kat:3, Licht: 1,94961,3,6,3,05,04,2,0,1,0,1,0,0
"POINT (9.456662094000023 52.306151372000045)",Unfall 94965 (2019) Kat:3, Licht: 0,94965,3,2,2,05,14,3,1,0,0,1,0,0
"POINT (9.813139197000055 52.325718324000036)",Unfall 94984 (2019) Kat:3, Licht: 0,94984,3,3,5,05,14,3,1,0,0,1,0,0
"POINT (9.682585115000052 52.326465655000050)",Unfall 95011 (2019) Kat:3, Licht: 0,95011,3,3,5,05,16,3,1,0,0,1,0,0
"POINT (9.688277766000056 52.378390889000059)",Unfall 95062 (2019) Kat:3, Licht: 0,95062,3,1,0,05,18,1,0,0,1,0,0,0
"POINT (9.471882029000028 52.504104739000070)",Unfall 95064 (2019) Kat:3, Licht: 2,95064,3,1,8,05,01,1,0,2,1,0,0,0
"POINT (9.918035757000041 52.352875112000049)",Unfall 95065 (2019) Kat:3, Licht: 2,95065,3,7,2,05,22,1,0,2,0,1,0,0
"POINT (9.747995995000053 52.437209243000041)",Unfall 95067 (2019) Kat:3, Licht: 0,95067,3,7,0,05,10,1,0,0,1,0,0,0
"POINT (9.651690696000060 52.417318291000072)",Unfall 95071 (2019) Kat:3, Licht: 0,95071,3,3,5,05,13,3,1,0,1,1,0,0
"POINT (9.648614235000025 52.412681992000046)",Unfall 95074 (2019) Kat:3, Licht: 0,95074,3,6,2,05,15,2,0,0,0,1,0,0
"POINT (9.844277831000056 52.389241987000048)",Unfall 95077 (2019) Kat:3, Licht: 0,95077,3,3,5,05,17,2,0,0,0,1,0,1
"POINT (9.783431332000021 52.323242559000050)",Unfall 95080 (2019) Kat:3, Licht: 0,95080,3,3,5,05,08,2,0,0,1,0,0,0
"POINT (9.631736830000023 52.394628801000067)",Unfall 95082 (2019) Kat:3, Licht: 0,95082,3,2,5,05,11,2,0,0,1,1,0,0
"POINT (9.448091941000030 52.524959071000069)",Unfall 95084 (2019) Kat:3, Licht: 0,95084,3,1,8,05,06,2,0,0,0,0,0,1
"POINT (9.477333459000022 52.387294073000078)",Unfall 95087 (2019) Kat:3, Licht: 0,95087,3,2,5,05,14,2,0,0,0,1,0,0
"POINT (9.475554985000031 52.361316762000058)",Unfall 95089 (2019) Kat:3, Licht: 0,95089,3,1,0,05,16,2,0,0,1,0,0,0
"POINT (9.837484498000038 52.387345867000079)",Unfall 95091 (2019) Kat:3, Licht: 0,95091,3,3,5,05,07,2,0,0,1,1,0,0
"POINT (10.099799613000073 52.484639044000062)",Unfall 95099 (2019) Kat:3, Licht: 2,95099,3,1,9,05,02,3,1,2,0,1,0,0
"POINT (9.697198995000065 52.378225750000070)",Unfall 95138 (2019) Kat:3, Licht: 0,95138,3,6,2,05,14,7,0,0,0,1,0,0
"POINT (9.685874654000031 52.198540449000063)",Unfall 95140 (2019) Kat:3, Licht: 0,95140,3,2,0,05,10,7,0,0,0,1,0,0
"POINT (9.629035278000060 52.264635981000026)",Unfall 95142 (2019) Kat:3, Licht: 0,95142,3,2,5,05,15,7,0,0,1,1,0,0
"POINT (10.094806295000069 52.483049227000038)",Unfall 95145 (2019) Kat:3, Licht: 0,95145,3,5,4,05,15,7,0,0,0,1,0,0
"POINT (10.265529384000047 52.478784696000048)",Unfall 95146 (2019) Kat:3, Licht: 0,95146,3,6,2,05,13,7,0,0,0,1,0,0
"POINT (9.722977831000037 52.325728543000082)",Unfall 95148 (2019) Kat:2, Licht: 0,95148,2,6,2,05,17,7,0,0,0,1,0,0
"POINT (9.734831514000064 52.368946571000038)",Unfall 95149 (2019) Kat:3, Licht: 0,95149,3,5,1,05,17,1,0,0,0,1,0,0
"POINT (9.722379861000036 52.378530096000077)",Unfall 95150 (2019) Kat:2, Licht: 0,95150,2,2,5,05,13,7,0,0,0,1,0,0
"POINT (9.563855833000048 52.364716790000045)",Unfall 95151 (2019) Kat:3, Licht: 0,95151,3,6,2,05,11,1,0,0,0,0,0,1
"POINT (9.762714088000053 52.344558874000029)",Unfall 95152 (2019) Kat:3, Licht: 0,95152,3,4,6,05,12,7,0,0,1,0,1,0
"POINT (9.843194538000034 52.415129401000058)",Unfall 95154 (2019) Kat:3, Licht: 2,95154,3,6,3,05,00,7,0,2,0,1,0,0
"POINT (9.432980361000034 52.422180694000076)",Unfall 95218 (2019) Kat:3, Licht: 0,95218,3,6,3,05,14,6,0,0,0,1,0,1
"POINT (9.671486528000060 52.171235302000071)",Unfall 95220 (2019) Kat:3, Licht: 0,95220,3,2,5,05,13,6,0,0,0,1,0,1
"POINT (9.453254737000066 52.509825823000028)",Unfall 95221 (2019) Kat:2, Licht: 0,95221,2,3,5,05,19,6,0,0,1,1,0,0
"POINT (9.721306652000067 52.360748109000042)",Unfall 95223 (2019) Kat:3, Licht: 0,95223,3,3,5,05,11,7,0,0,1,1,0,0
"POINT (9.710398221000048 52.431751432000056)",Unfall 95224 (2019) Kat:3, Licht: 0,95224,3,6,2,05,19,6,0,0,1,1,0,0
"POINT (9.762226110000029 52.370416054000032)",Unfall 95226 (2019) Kat:3, Licht: 2,95226,3,6,3,05,21,7,0,2,0,1,0,1
"POINT (9.730443473000037 52.318836014000055)",Unfall 95229 (2019) Kat:3, Licht: 0,95229,3,3,5,05,14,7,1,0,0,1,0,0
"POINT (9.728465485000072 52.580011988000081)",Unfall 95231 (2019) Kat:3, Licht: 0,95231,3,3,5,05,14,7,0,0,1,1,0,0
"POINT (9.837749732000077 52.421388024000066)",Unfall 95233 (2019) Kat:3, Licht: 0,95233,3,6,2,05,14,7,0,0,0,1,0,0
"POINT (9.891282164000074 52.397868385000038)",Unfall 95236 (2019) Kat:3, Licht: 2,95236,3,1,8,05,04,7,0,2,0,1,0,0
"POINT (9.402995250000060 52.330576225000073)",Unfall 95238 (2019) Kat:3, Licht: 2,95238,3,7,8,05,02,7,0,2,0,1,0,0
"POINT (9.427062744000068 52.430356041000039)",Unfall 95299 (2019) Kat:3, Licht: 0,95299,3,7,0,05,08,5,0,0,0,0,0,0
"POINT (9.449789354000075 52.426458560000071)",Unfall 95300 (2019) Kat:3, Licht: 0,95300,3,3,5,05,08,5,0,0,1,0,0,0
"POINT (9.643013472000064 52.325826600000028)",Unfall 95302 (2019) Kat:3, Licht: 0,95302,3,1,9,05,19,5,1,0,0,1,0,0
"POINT (9.428860082000028 52.320174799000029)",Unfall 95304 (2019) Kat:3, Licht: 0,95304,3,2,2,05,09,5,0,0,0,1,0,0
"POINT (9.765998219000039 52.552117787000043)",Unfall 95305 (2019) Kat:3, Licht: 0,95305,3,6,2,05,16,5,1,0,0,1,0,0
"POINT (9.857202422000057 52.491977905000056)",Unfall 95308 (2019) Kat:3, Licht: 0,95308,3,3,5,05,09,5,1,0,1,0,0,0
"POINT (10.248876423000070 52.430832963000057)",Unfall 95309 (2019) Kat:3, Licht: 0,95309,3,1,8,05,12,5,1,0,0,0,0,1
"POINT (9.885600454000041 52.429218650000053)",Unfall 95312 (2019) Kat:3, Licht: 0,95312,3,1,8,05,16,5,1,0,0,1,0,0
"POINT (9.719971783000062 52.442248648000032)",Unfall 95314 (2019) Kat:2, Licht: 0,95314,2,1,9,05,18,5,1,0,0,1,0,0
"POINT (9.795410116000028 52.415117621000036)",Unfall 95315 (2019) Kat:2, Licht: 0,95315,2,6,2,05,11,5,1,0,0,1,0,0
"POINT (9.734907416000056 52.391531996000026)",Unfall 95334 (2019) Kat:3, Licht: 0,95334,3,2,5,05,16,6,0,0,0,1,0,0
"POINT (9.436630724000054 52.330800166000074)",Unfall 95337 (2019) Kat:3, Licht: 0,95337,3,1,8,05,14,6,0,0,0,1,0,0
"POINT (9.502884553000058 52.289422350000052)",Unfall 95340 (2019) Kat:3, Licht: 0,95340,3,6,2,05,08,6,1,0,0,1,0,0
"POINT (9.533649488000037 52.467526989000078)",Unfall 95342 (2019) Kat:3, Licht: 0,95342,3,7,4,05,12,6,0,0,0,1,0,0
"POINT (9.610276235000072 52.405457796000064)",Unfall 95344 (2019) Kat:3, Licht: 0,95344,3,5,1,05,10,6,1,0,0,1,0,1
"POINT (9.791280637000057 52.556603760000030)",Unfall 95347 (2019) Kat:3, Licht: 0,95347,3,6,2,05,07,6,0,0,0,1,0,0
"POINT (9.973482768000054 52.393681042000026)",Unfall 95349 (2019) Kat:3, Licht: 0,95349,3,6,1,05,16,6,0,0,0,1,0,0
"POINT (10.020888171000024 52.520382784000049)",Unfall 95351 (2019) Kat:3, Licht: 0,95351,3,3,5,05,16,6,0,0,0,1,0,1
"POINT (9.740187488000061 52.368251679000082)",Unfall 95354 (2019) Kat:3, Licht: 0,95354,3,2,5,05,17,6,0,0,1,1,0,0
"POINT (9.793859002000033 52.393884502000049)",Unfall 95356 (2019) Kat:3, Licht: 0,95356,3,6,2,05,13,6,0,0,0,1,0,0
"POINT (9.697776032000036 52.376318921000063)",Unfall 95359 (2019) Kat:3, Licht: 0,95359,3,6,2,05,14,6,0,0,0,1,0,0
"POINT (9.712518412000065 52.402979294000033)",Unfall 95431 (2019) Kat:3, Licht: 0,95431,3,6,2,05,17,4,0,0,0,1,0,0
"POINT (9.973970490000056 52.394590707000077)",Unfall 95433 (2019) Kat:2, Licht: 0,95433,2,7,5,05,13,4,0,0,0,1,0,0
"POINT (9.756364250000047 52.370163965000074)",Unfall 95435 (2019) Kat:3, Licht: 0,95435,3,3,5,05,19,4,0,0,1,0,0,0
"POINT (9.839451945000064 52.409988049000049)",Unfall 95438 (2019) Kat:3, Licht: 0,95438,3,7,2,05,17,4,0,0,0,1,0,0
"POINT (9.707935189000068 52.420780386000047)",Unfall 95448 (2019) Kat:3, Licht: 0,95448,3,7,2,05,06,5,1,0,0,1,0,0
"POINT (9.619089221000024 52.369350177000058)",Unfall 95462 (2019) Kat:3, Licht: 0,95462,3,6,0,05,17,5,0,0,0,1,0,0
"POINT (9.725483273000066 52.322505268000043)",Unfall 95464 (2019) Kat:3, Licht: 0,95464,3,7,0,05,15,5,0,0,1,0,0,0
"POINT (9.495471269000063 52.419957668000052)",Unfall 95468 (2019) Kat:3, Licht: 0,95468,3,3,5,05,16,5,0,0,0,1,0,1
"POINT (9.782271811000044 52.524047439000071)",Unfall 95470 (2019) Kat:3, Licht: 0,95470,3,6,3,05,16,5,0,0,0,1,0,0
"POINT (9.730908553000063 52.370721711000044)",Unfall 95473 (2019) Kat:3, Licht: 0,95473,3,2,5,05,14,5,0,0,1,1,0,0
"POINT (9.780761748000032 52.326963059000036)",Unfall 95475 (2019) Kat:3, Licht: 0,95475,3,6,0,05,07,5,1,0,0,0,0,1
"POINT (9.391924628000027 52.506881846000056)",Unfall 95486 (2019) Kat:2, Licht: 0,95486,2,7,0,05,07,3,0,0,1,0,0,0
"POINT (9.626766792000069 52.423454296000045)",Unfall 95488 (2019) Kat:3, Licht: 0,95488,3,6,2,05,09,6,1,0,0,1,0,0
"POINT (9.710738915000036 52.406615132000070)",Unfall 95500 (2019) Kat:3, Licht: 0,95500,3,3,5,05,18,2,0,0,1,1,0,0
"POINT (9.416069765000032 52.532479720000026)",Unfall 95501 (2019) Kat:3, Licht: 0,95501,3,7,8,05,13,1,0,0,0,0,0,0
"POINT (9.514956909000034 52.284742776000030)",Unfall 95503 (2019) Kat:3, Licht: 0,95503,3,4,6,05,13,1,0,0,0,1,1,0
"POINT (9.967108870000061 52.366930498000045)",Unfall 95506 (2019) Kat:3, Licht: 0,95506,3,3,5,05,17,1,0,0,0,1,0,1
"POINT (9.897096442000077 52.351618462000033)",Unfall 95508 (2019) Kat:3, Licht: 0,95508,3,3,5,05,13,1,0,0,1,1,0,0
"POINT (9.615664981000066 52.429958375000069)",Unfall 95510 (2019) Kat:2, Licht: 2,95510,2,3,5,05,23,1,0,2,0,1,0,0
"POINT (9.610987567000052 52.431543822000037)",Unfall 95511 (2019) Kat:3, Licht: 0,95511,3,7,0,05,17,1,0,0,1,0,0,0
"POINT (9.787139355000022 52.563720847000070)",Unfall 95516 (2019) Kat:3, Licht: 0,95516,3,6,2,05,16,1,0,0,0,1,0,0
"POINT (9.734159286000022 52.369064210000033)",Unfall 95518 (2019) Kat:2, Licht: 0,95518,2,2,5,05,08,1,0,0,1,0,0,0
"POINT (9.751203076000024 52.520333141000037)",Unfall 95534 (2019) Kat:2, Licht: 0,95534,2,3,5,05,10,3,0,0,0,1,0,1
"POINT (9.745641044000024 52.209369142000071)",Unfall 95542 (2019) Kat:3, Licht: 0,95542,3,2,4,05,19,4,0,0,0,1,0,0
"POINT (9.420752340000036 52.331495717000053)",Unfall 95563 (2019) Kat:3, Licht: 0,95563,3,7,0,05,17,4,0,0,0,0,0,1
"POINT (9.761910134000061 52.370420658000057)",Unfall 95587 (2019) Kat:3, Licht: 0,95587,3,6,2,05,17,7,0,0,0,1,0,0
"POINT (9.811351818000048 52.367165630000045)",Unfall 95593 (2019) Kat:3, Licht: 0,95593,3,2,5,05,15,6,0,0,0,1,0,0
"POINT (9.800010720000046 52.352209194000068)",Unfall 95605 (2019) Kat:3, Licht: 0,95605,3,6,2,05,16,2,0,0,0,1,0,0
"POINT (9.548748050000029 52.565795765000075)",Unfall 95613 (2019) Kat:3, Licht: 0,95613,3,7,9,05,14,3,0,0,0,1,0,0
"POINT (9.466685703000053 52.332756090000032)",Unfall 95645 (2019) Kat:3, Licht: 0,95645,3,6,2,05,07,4,0,0,0,0,0,1
"POINT (9.728001611000025 52.374212041000078)",Unfall 95652 (2019) Kat:3, Licht: 0,95652,3,6,4,05,21,4,0,0,1,0,0,0
"POINT (9.768403941000031 52.338492335000069)",Unfall 95668 (2019) Kat:3, Licht: 0,95668,3,2,5,05,08,4,0,0,1,1,0,0
"POINT (9.762831864000077 52.344425446000059)",Unfall 95683 (2019) Kat:3, Licht: 0,95683,3,3,5,05,20,5,0,0,1,1,0,0
"POINT (9.457260380000037 52.504540210000073)",Unfall 95698 (2019) Kat:3, Licht: 0,95698,3,3,5,05,09,6,1,0,0,1,0,0
"POINT (9.622240624000028 52.393129478000048)",Unfall 95700 (2019) Kat:3, Licht: 0,95700,3,3,5,05,18,6,1,0,1,1,0,0
"POINT (9.457221436000054 52.503264286000046)",Unfall 95701 (2019) Kat:3, Licht: 0,95701,3,2,5,05,10,6,0,0,1,1,0,0
"POINT (9.460035244000039 52.307961381000041)",Unfall 95705 (2019) Kat:2, Licht: 0,95705,2,3,5,05,13,6,0,0,1,1,0,0
"POINT (9.604666272000031 52.408426989000077)",Unfall 95706 (2019) Kat:3, Licht: 0,95706,3,3,5,05,18,6,1,0,1,1,0,0
"POINT (10.020766759000026 52.435499463000042)",Unfall 95708 (2019) Kat:3, Licht: 0,95708,3,6,2,05,16,6,0,0,0,1,0,0
"POINT (9.786787924000066 52.389940430000081)",Unfall 95709 (2019) Kat:3, Licht: 0,95709,3,6,2,05,16,6,0,0,0,1,0,0
"POINT (9.858402929000022 52.306799870000077)",Unfall 95713 (2019) Kat:3, Licht: 0,95713,3,1,0,05,21,6,1,0,0,0,0,1
"POINT (9.834390470000074 52.419835027000033)",Unfall 95714 (2019) Kat:2, Licht: 0,95714,2,6,3,05,17,6,0,0,0,1,0,1
"POINT (9.732571599000039 52.423506869000050)",Unfall 95716 (2019) Kat:3, Licht: 0,95716,3,7,0,05,09,6,0,0,0,1,0,0
"POINT (9.813326292000056 52.318965601000059)",Unfall 95718 (2019) Kat:2, Licht: 0,95718,2,2,4,05,14,2,0,0,0,1,0,0
"POINT (9.941546280000068 52.477401270000030)",Unfall 95744 (2019) Kat:2, Licht: 0,95744,2,1,8,05,07,2,1,0,0,1,0,0
"POINT (9.729954206000059 52.489896239000075)",Unfall 95752 (2019) Kat:3, Licht: 0,95752,3,3,5,05,13,3,0,0,1,1,0,0
"POINT (9.829626802000064 52.299891925000054)",Unfall 95760 (2019) Kat:3, Licht: 0,95760,3,6,2,05,16,4,0,0,0,1,0,0
"POINT (9.682569148000027 52.326450806000082)",Unfall 95782 (2019) Kat:3, Licht: 0,95782,3,3,5,05,19,4,0,0,0,1,0,0
"POINT (9.868655571000033 52.312089853000032)",Unfall 95805 (2019) Kat:2, Licht: 0,95805,2,1,9,05,16,6,0,0,0,0,0,1
"POINT (9.672176094000065 52.396091551000040)",Unfall 95813 (2019) Kat:3, Licht: 0,95813,3,2,2,05,19,6,0,0,0,1,0,1
"POINT (9.885276060000024 52.508843541000033)",Unfall 95825 (2019) Kat:3, Licht: 0,95825,3,3,5,05,07,2,1,0,0,1,0,0
"POINT (9.750673939000023 52.359906772000045)",Unfall 95834 (2019) Kat:3, Licht: 0,95834,3,6,2,05,16,3,0,0,0,1,0,0
"POINT (9.654383838000058 52.408013399000026)",Unfall 95840 (2019) Kat:3, Licht: 0,95840,3,6,3,05,09,5,0,0,0,1,0,0
"POINT (9.724273546000063 52.377485704000037)",Unfall 95841 (2019) Kat:3, Licht: 0,95841,3,6,4,05,12,5,0,0,1,0,0,0
"POINT (9.463445200000024 52.531360906000032)",Unfall 95843 (2019) Kat:3, Licht: 0,95843,3,2,2,05,09,5,0,0,0,1,0,0
"POINT (9.564954648000025 52.440978840000071)",Unfall 95844 (2019) Kat:3, Licht: 0,95844,3,6,3,05,16,5,0,0,1,1,0,0
"POINT (9.923831344000064 52.366724301000033)",Unfall 95848 (2019) Kat:3, Licht: 0,95848,3,6,2,05,18,5,0,0,0,1,0,1
"POINT (9.642116577000024 52.414770820000058)",Unfall 95849 (2019) Kat:3, Licht: 2,95849,3,2,6,05,22,5,0,2,0,1,1,0
"POINT (9.849320826000053 52.327860003000069)",Unfall 95851 (2019) Kat:3, Licht: 0,95851,3,5,0,05,17,5,0,0,1,0,0,0
"POINT (9.859818489000077 52.385714048000068)",Unfall 95853 (2019) Kat:3, Licht: 0,95853,3,3,5,05,17,5,0,0,1,1,0,0
"POINT (9.768643844000053 52.337954017000072)",Unfall 95855 (2019) Kat:3, Licht: 0,95855,3,3,5,05,18,5,0,0,1,0,0,0
"POINT (9.773804692000056 52.331949797000050)",Unfall 95856 (2019) Kat:3, Licht: 0,95856,3,2,5,05,14,5,0,0,1,1,0,0
"POINT (9.788250978000065 52.562052881000056)",Unfall 95858 (2019) Kat:3, Licht: 0,95858,3,6,3,05,14,3,0,0,0,1,0,0
"POINT (9.730845991000024 52.370786815000031)",Unfall 95859 (2019) Kat:3, Licht: 0,95859,3,3,5,05,12,5,0,0,1,0,0,0
"POINT (9.712698316000058 52.401797991000080)",Unfall 95860 (2019) Kat:3, Licht: 0,95860,3,2,5,05,10,5,0,0,1,1,0,0
"POINT (9.825090823000039 52.308010292000063)",Unfall 95864 (2019) Kat:3, Licht: 0,95864,3,6,2,05,07,5,0,0,0,1,0,0
"POINT (9.666029258000037 52.170978419000051)",Unfall 95865 (2019) Kat:3, Licht: 0,95865,3,7,3,05,07,4,0,0,0,1,0,0
"POINT (9.654665718000047 52.407836399000075)",Unfall 95872 (2019) Kat:3, Licht: 0,95872,3,2,5,05,08,4,0,0,0,1,0,0
"POINT (9.825367945000039 52.504933327000060)",Unfall 95888 (2019) Kat:2, Licht: 0,95888,2,7,0,05,13,4,1,0,0,0,0,0
"POINT (9.774600114000066 52.371041537000053)",Unfall 95902 (2019) Kat:3, Licht: 0,95902,3,2,3,05,13,5,0,0,0,0,0,0
"POINT (9.797341454000048 52.371130284000060)",Unfall 95918 (2019) Kat:3, Licht: 0,95918,3,7,7,05,12,6,0,0,0,1,0,0
"POINT (9.767834920000041 52.343097614000044)",Unfall 95938 (2019) Kat:3, Licht: 0,95938,3,6,2,05,16,2,0,0,0,1,0,0
"POINT (9.804740999000046 52.481715912000027)",Unfall 95970 (2019) Kat:3, Licht: 0,95970,3,6,2,05,14,3,0,0,0,1,0,0
"POINT (9.745917956000028 52.366477977000045)",Unfall 95976 (2019) Kat:3, Licht: 0,95976,3,2,5,05,08,4,1,0,1,1,0,0
"POINT (9.431364635000023 52.435097502000076)",Unfall 95977 (2019) Kat:3, Licht: 0,95977,3,6,2,05,17,4,0,0,0,1,0,0
"POINT (9.662682679000056 52.384892894000075)",Unfall 95978 (2019) Kat:3, Licht: 0,95978,3,6,2,05,13,4,0,0,0,1,0,0
"POINT (9.635498438000070 52.245217144000037)",Unfall 95979 (2019) Kat:3, Licht: 0,95979,3,2,5,05,17,4,0,0,0,1,0,0
"POINT (9.593333888000075 52.437727021000057)",Unfall 95983 (2019) Kat:3, Licht: 0,95983,3,3,5,05,12,4,0,0,1,1,0,0
"POINT (9.980881844000066 52.374694081000030)",Unfall 95986 (2019) Kat:3, Licht: 0,95986,3,2,6,05,16,4,0,0,0,1,1,0
"POINT (9.970351972000060 52.315002336000077)",Unfall 95988 (2019) Kat:3, Licht: 0,95988,3,3,5,05,17,4,0,0,1,1,0,0
"POINT (10.032262457000058 52.523490844000037)",Unfall 96009 (2019) Kat:3, Licht: 0,96009,3,6,2,05,12,4,0,0,0,1,0,0
"POINT (9.849355714000069 52.564038464000078)",Unfall 96010 (2019) Kat:3, Licht: 0,96010,3,6,4,05,17,4,0,0,0,1,0,0
"POINT (9.764130965000049 52.343518160000031)",Unfall 96012 (2019) Kat:3, Licht: 0,96012,3,2,5,05,18,4,0,0,1,0,0,0
"POINT (9.827926048000052 52.384728987000074)",Unfall 96018 (2019) Kat:3, Licht: 0,96018,3,3,5,05,08,4,1,0,0,1,0,0
"POINT (9.644339338000066 52.423371006000082)",Unfall 96021 (2019) Kat:3, Licht: 0,96021,3,6,3,05,13,5,0,0,0,1,0,0
"POINT (9.508557669000027 52.367586478000078)",Unfall 96044 (2019) Kat:3, Licht: 0,96044,3,7,2,05,20,6,0,0,0,1,0,0
"POINT (9.602384731000029 52.435561636000045)",Unfall 222487 (2019) Kat:3, Licht: 0,222487,3,5,1,05,15,5,1,0,0,1,0,0
"POINT (9.752051084000073 52.367114093000055)",Unfall 222489 (2019) Kat:3, Licht: 2,222489,3,6,4,01,21,3,0,2,1,1,0,0
"POINT (9.818983967000065 52.325626089000082)",Unfall 222732 (2019) Kat:2, Licht: 0,222732,2,1,8,06,05,7,0,0,0,1,0,0
"POINT (9.670815552000022 52.397819741000035)",Unfall 222760 (2019) Kat:3, Licht: 0,222760,3,3,5,06,12,6,0,0,0,1,0,1
"POINT (9.716957445000048 52.336970468000061)",Unfall 222761 (2019) Kat:3, Licht: 2,222761,3,1,7,06,21,6,1,2,0,0,0,1
"POINT (9.710506114000054 52.371242270000039)",Unfall 222762 (2019) Kat:3, Licht: 0,222762,3,3,5,06,16,6,0,0,1,1,0,0
"POINT (9.770513305000065 52.353442538000081)",Unfall 222763 (2019) Kat:3, Licht: 0,222763,3,6,2,06,14,6,0,0,0,1,0,1
"POINT (9.749517406000052 52.337289579000071)",Unfall 222764 (2019) Kat:3, Licht: 0,222764,3,6,2,06,17,6,0,0,1,0,0,0
"POINT (9.450989962000051 52.435539836000032)",Unfall 222765 (2019) Kat:3, Licht: 0,222765,3,3,5,06,06,6,0,0,1,1,0,0
"POINT (9.648119665000024 52.171927514000060)",Unfall 222766 (2019) Kat:3, Licht: 0,222766,3,6,3,06,14,6,0,0,1,1,0,0
"POINT (9.595550230000072 52.420975134000059)",Unfall 222767 (2019) Kat:3, Licht: 0,222767,3,2,2,06,14,6,0,0,0,1,0,0
"POINT (9.754168146000041 52.439062293000063)",Unfall 222768 (2019) Kat:3, Licht: 0,222768,3,6,2,06,13,6,0,0,0,1,0,0
"POINT (9.850155060000077 52.484251216000075)",Unfall 222769 (2019) Kat:3, Licht: 0,222769,3,3,5,06,16,6,0,0,1,1,0,0
"POINT (9.700757845000055 52.391462391000061)",Unfall 222770 (2019) Kat:1, Licht: 0,222770,1,3,5,06,15,6,0,0,1,0,0,0
"POINT (9.662934938000035 52.409778988000028)",Unfall 222771 (2019) Kat:2, Licht: 0,222771,2,4,6,06,13,6,0,0,0,1,1,0
"POINT (9.670446024000057 52.367118258000062)",Unfall 222772 (2019) Kat:2, Licht: 0,222772,2,3,5,06,10,6,0,0,1,1,0,0
"POINT (9.743457593000073 52.379549833000056)",Unfall 222773 (2019) Kat:3, Licht: 0,222773,3,2,5,06,07,6,0,0,1,1,0,0
"POINT (9.727464822000059 52.361181381000051)",Unfall 222801 (2019) Kat:3, Licht: 0,222801,3,3,5,06,08,5,0,0,0,1,0,0
"POINT (9.771870790000037 52.350763726000082)",Unfall 222802 (2019) Kat:3, Licht: 0,222802,3,3,5,06,17,5,0,0,0,1,0,0
"POINT (9.733763082000053 52.384396600000059)",Unfall 222803 (2019) Kat:3, Licht: 0,222803,3,2,5,06,16,5,0,0,1,0,0,0
"POINT (9.795012320000069 52.409135899000034)",Unfall 222804 (2019) Kat:3, Licht: 0,222804,3,6,6,06,07,5,0,0,1,0,1,0
"POINT (9.824222093000060 52.503876683000044)",Unfall 222805 (2019) Kat:2, Licht: 0,222805,2,1,9,06,06,5,0,0,0,1,0,0
"POINT (9.712900335000029 52.384857510000074)",Unfall 222806 (2019) Kat:2, Licht: 0,222806,2,2,5,06,17,5,0,0,1,1,0,0
"POINT (9.752750077000030 52.377358668000056)",Unfall 222839 (2019) Kat:3, Licht: 0,222839,3,4,6,06,13,4,0,0,1,0,1,0
"POINT (9.999864919000061 52.446866835000037)",Unfall 222840 (2019) Kat:3, Licht: 0,222840,3,3,5,06,07,4,0,0,1,1,0,0
"POINT (9.718696372000068 52.373854566000034)",Unfall 222841 (2019) Kat:3, Licht: 0,222841,3,2,5,06,20,4,0,0,1,1,0,0
"POINT (9.742627332000041 52.369864451000069)",Unfall 222842 (2019) Kat:3, Licht: 0,222842,3,7,0,06,16,4,0,0,1,0,0,0
"POINT (9.703159065000023 52.378185039000073)",Unfall 222843 (2019) Kat:3, Licht: 0,222843,3,7,0,06,13,4,0,0,1,0,0,0
"POINT (9.776487531000043 52.403890366000041)",Unfall 222844 (2019) Kat:3, Licht: 0,222844,3,4,6,06,07,4,0,0,0,1,1,0
"POINT (9.728567911000027 52.394601465000051)",Unfall 222845 (2019) Kat:3, Licht: 2,222845,3,7,0,06,00,4,0,2,1,0,0,0
"POINT (9.851147295000033 52.362539447000074)",Unfall 222883 (2019) Kat:3, Licht: 0,222883,3,5,0,06,06,3,0,0,1,1,0,0
"POINT (9.781349740000053 52.410210446000065)",Unfall 222884 (2019) Kat:3, Licht: 2,222884,3,3,0,06,22,3,0,2,1,0,0,0
"POINT (9.464520873000026 52.296592089000058)",Unfall 222885 (2019) Kat:3, Licht: 0,222885,3,7,0,06,16,3,0,0,0,1,1,0
"POINT (9.858270826000023 52.493746238000028)",Unfall 222886 (2019) Kat:3, Licht: 0,222886,3,3,5,06,17,3,0,0,1,1,0,0
"POINT (9.709435043000042 52.341839318000041)",Unfall 222887 (2019) Kat:2, Licht: 0,222887,2,4,6,06,16,3,0,0,0,0,1,0
"POINT (9.753998403000026 52.394607664000034)",Unfall 222888 (2019) Kat:3, Licht: 1,222888,3,1,9,06,04,3,0,1,1,1,0,0
"POINT (9.735230945000069 52.365689319000069)",Unfall 222916 (2019) Kat:3, Licht: 0,222916,3,6,4,06,16,2,0,0,1,0,0,0
"POINT (9.699318488000074 52.375722372000041)",Unfall 222917 (2019) Kat:3, Licht: 0,222917,3,1,0,06,17,2,1,0,1,0,0,0
"POINT (9.809796710000057 52.305032966000056)",Unfall 222918 (2019) Kat:3, Licht: 0,222918,3,4,6,06,19,2,1,0,0,1,1,0
"POINT (9.752326401000062 52.411164007000082)",Unfall 222919 (2019) Kat:3, Licht: 0,222919,3,6,6,06,18,2,1,0,0,1,1,0
"POINT (9.911488709000025 52.367199148000054)",Unfall 222920 (2019) Kat:3, Licht: 0,222920,3,3,5,06,16,2,0,0,0,1,0,1
"POINT (9.737062900000069 52.387426289000075)",Unfall 222921 (2019) Kat:3, Licht: 0,222921,3,5,1,06,11,2,0,0,1,1,0,0
"POINT (9.712820811000029 52.371598931000051)",Unfall 222946 (2019) Kat:3, Licht: 0,222946,3,6,3,06,19,1,0,0,1,0,0,0
"POINT (9.806837407000046 52.312973119000048)",Unfall 222947 (2019) Kat:3, Licht: 0,222947,3,6,0,06,11,1,0,0,1,1,0,0
"POINT (9.729427494000049 52.393090391000044)",Unfall 222948 (2019) Kat:3, Licht: 0,222948,3,3,5,06,14,1,0,0,0,1,0,0
"POINT (9.602423607000048 52.416986096000073)",Unfall 222949 (2019) Kat:3, Licht: 0,222949,3,2,4,06,17,1,0,0,0,1,0,0
"POINT (10.003780282000037 52.447167213000057)",Unfall 222950 (2019) Kat:3, Licht: 0,222950,3,1,0,06,20,1,0,0,1,0,0,0
"POINT (9.709132751000027 52.359975260000056)",Unfall 222951 (2019) Kat:3, Licht: 2,222951,3,6,2,06,22,1,0,2,0,1,0,1
"POINT (9.718692000000033 52.331384678000063)",Unfall 222952 (2019) Kat:3, Licht: 0,222952,3,6,2,06,14,1,0,0,0,1,0,0
"POINT (9.725573779000058 52.397902198000054)",Unfall 222970 (2019) Kat:3, Licht: 0,222970,3,2,4,06,11,7,0,0,0,1,0,0
"POINT (9.805971784000064 52.431912798000042)",Unfall 222971 (2019) Kat:3, Licht: 0,222971,3,6,4,06,09,7,0,0,0,1,0,0
"POINT (9.352120074000027 52.452266152000050)",Unfall 222972 (2019) Kat:3, Licht: 0,222972,3,1,0,06,15,7,0,0,1,0,0,0
"POINT (9.702242821000027 52.438734102000069)",Unfall 222973 (2019) Kat:3, Licht: 0,222973,3,1,8,06,12,7,0,0,0,0,0,1
"POINT (9.759766946000070 52.526954691000071)",Unfall 222974 (2019) Kat:2, Licht: 0,222974,2,1,1,06,13,7,0,0,1,1,0,0
"POINT (9.555708254000024 52.207306659000039)",Unfall 222975 (2019) Kat:2, Licht: 0,222975,2,7,0,06,15,7,0,0,1,0,0,0
"POINT (9.762787421000041 52.413731431000031)",Unfall 222976 (2019) Kat:3, Licht: 0,222976,3,3,5,06,10,7,0,0,1,1,0,0
"POINT (9.656619166000041 52.407491519000075)",Unfall 222994 (2019) Kat:3, Licht: 2,222994,3,2,0,06,00,1,0,2,0,1,0,0
"POINT (9.719785604000037 52.391673041000047)",Unfall 222995 (2019) Kat:3, Licht: 0,222995,3,6,2,06,20,1,0,0,0,1,0,0
"POINT (9.593332309000061 52.446434252000074)",Unfall 222996 (2019) Kat:3, Licht: 2,222996,3,2,4,06,02,1,0,2,0,1,0,0
"POINT (10.203006600000037 52.468445255000063)",Unfall 222997 (2019) Kat:2, Licht: 0,222997,2,3,5,06,09,1,0,0,0,1,0,1
"POINT (9.722760618000052 52.358250569000063)",Unfall 223019 (2019) Kat:3, Licht: 0,223019,3,7,0,06,06,7,0,0,0,0,0,0
"POINT (9.818183628000043 52.392291299000078)",Unfall 223020 (2019) Kat:3, Licht: 0,223020,3,7,4,06,13,7,0,0,0,1,0,0
"POINT (9.758794515000034 52.362226679000059)",Unfall 223021 (2019) Kat:2, Licht: 0,223021,2,7,0,06,16,7,0,0,1,0,0,0
"POINT (9.701964299000053 52.398653492000051)",Unfall 223022 (2019) Kat:3, Licht: 0,223022,3,2,4,06,16,7,0,0,1,1,0,0
"POINT (9.765494640000043 52.375320966000061)",Unfall 223023 (2019) Kat:3, Licht: 2,223023,3,1,9,06,04,7,1,2,0,1,0,0
"POINT (9.710262078000028 52.372491798000055)",Unfall 223024 (2019) Kat:2, Licht: 2,223024,2,7,0,06,02,7,0,2,1,0,0,0
"POINT (9.745235797000021 52.392226362000031)",Unfall 223025 (2019) Kat:3, Licht: 0,223025,3,7,0,06,19,7,0,0,1,0,0,0
"POINT (9.809268481000061 52.308422149000080)",Unfall 223026 (2019) Kat:3, Licht: 0,223026,3,3,5,06,13,7,0,0,0,1,0,0
"POINT (9.821224643000051 52.344001686000070)",Unfall 223056 (2019) Kat:3, Licht: 0,223056,3,3,5,06,06,6,0,0,1,1,0,0
"POINT (9.750274572000024 52.384707565000042)",Unfall 223057 (2019) Kat:3, Licht: 0,223057,3,5,1,06,07,6,0,0,1,1,0,0
"POINT (9.807719685000052 52.413244542000029)",Unfall 223058 (2019) Kat:3, Licht: 0,223058,3,6,2,06,07,6,0,0,1,1,0,0
"POINT (9.614693880000061 52.417959525000072)",Unfall 223083 (2019) Kat:3, Licht: 0,223083,3,2,5,06,10,5,0,0,0,1,0,0
"POINT (9.733733553000036 52.362111311000035)",Unfall 223084 (2019) Kat:3, Licht: 0,223084,3,6,4,06,18,5,0,0,1,0,0,0
"POINT (9.730177016000027 52.368989029000033)",Unfall 223085 (2019) Kat:3, Licht: 0,223085,3,3,5,06,13,5,0,0,1,1,0,0
"POINT (9.703230535000046 52.368455251000057)",Unfall 223086 (2019) Kat:3, Licht: 0,223086,3,6,2,06,07,5,0,0,0,1,0,0
"POINT (9.730341476000035 52.391201742000078)",Unfall 223087 (2019) Kat:3, Licht: 0,223087,3,1,0,06,15,5,0,0,1,0,0,0
"POINT (9.741548601000034 52.380215120000059)",Unfall 223088 (2019) Kat:3, Licht: 0,223088,3,3,0,06,20,5,0,0,1,1,0,0
"POINT (9.731199742000058 52.380241876000071)",Unfall 223089 (2019) Kat:3, Licht: 0,223089,3,5,1,06,14,5,0,0,1,1,0,0
"POINT (9.468966731000023 52.426471337000066)",Unfall 223090 (2019) Kat:3, Licht: 0,223090,3,2,4,06,18,5,0,0,0,1,0,0
"POINT (9.595834051000054 52.420984892000035)",Unfall 223091 (2019) Kat:3, Licht: 0,223091,3,3,5,06,08,5,0,0,0,1,0,0
"POINT (9.983001735000073 52.383881391000045)",Unfall 223092 (2019) Kat:2, Licht: 0,223092,2,7,0,06,15,5,0,0,1,0,0,0
"POINT (9.723954491000029 52.437365013000033)",Unfall 223093 (2019) Kat:3, Licht: 0,223093,3,5,1,06,14,5,0,0,0,1,0,0
"POINT (9.715295259000072 52.458555976000071)",Unfall 223094 (2019) Kat:3, Licht: 0,223094,3,6,2,06,15,5,0,0,0,1,0,0
"POINT (9.754188460000023 52.410236347000080)",Unfall 223095 (2019) Kat:3, Licht: 0,223095,3,2,5,06,18,5,0,0,1,1,0,0
"POINT (9.741596153000046 52.383918942000037)",Unfall 223096 (2019) Kat:3, Licht: 2,223096,3,3,5,06,22,5,0,2,1,1,0,0
"POINT (9.696935684000039 52.412812466000048)",Unfall 223097 (2019) Kat:3, Licht: 0,223097,3,6,2,06,15,5,0,0,0,1,0,0
"POINT (9.724900645000048 52.387681095000062)",Unfall 223098 (2019) Kat:3, Licht: 0,223098,3,2,5,06,09,5,0,0,1,1,0,0
"POINT (9.692472109000050 52.398320133000027)",Unfall 223139 (2019) Kat:3, Licht: 1,223139,3,6,4,06,05,4,1,1,0,1,0,0
"POINT (9.713388197000029 52.371413404000066)",Unfall 223140 (2019) Kat:3, Licht: 0,223140,3,7,0,06,15,4,1,0,1,0,0,0
"POINT (9.753904984000030 52.386246760000063)",Unfall 223141 (2019) Kat:3, Licht: 0,223141,3,2,4,06,19,4,1,0,1,1,0,0
"POINT (9.762844194000024 52.376025410000068)",Unfall 223142 (2019) Kat:3, Licht: 0,223142,3,7,0,06,16,4,1,0,0,1,0,0
"POINT (9.740998783000066 52.398843924000062)",Unfall 223143 (2019) Kat:3, Licht: 0,223143,3,3,5,06,14,4,1,0,1,1,0,0
"POINT (9.765581613000052 52.375336720000064)",Unfall 223144 (2019) Kat:3, Licht: 0,223144,3,2,2,06,13,4,1,0,0,1,0,0
"POINT (9.802035121000074 52.482252364000033)",Unfall 223145 (2019) Kat:3, Licht: 0,223145,3,1,0,06,19,4,0,0,1,0,0,0
"POINT (9.819400038000026 52.429329599000027)",Unfall 223146 (2019) Kat:3, Licht: 0,223146,3,2,5,06,18,4,1,0,1,1,0,0
"POINT (9.746354870000062 52.354199890000075)",Unfall 223147 (2019) Kat:3, Licht: 0,223147,3,6,2,06,14,4,1,0,0,1,0,0
"POINT (9.780472876000033 52.361535445000072)",Unfall 223148 (2019) Kat:3, Licht: 0,223148,3,1,8,06,12,4,1,0,0,1,0,0
"POINT (9.749053879000030 52.377795534000029)",Unfall 223149 (2019) Kat:3, Licht: 0,223149,3,3,5,06,08,4,0,0,1,1,0,0
"POINT (9.703764853000052 52.399571922000064)",Unfall 223170 (2019) Kat:3, Licht: 0,223170,3,3,5,06,15,3,0,0,1,1,0,0
"POINT (9.730560179000065 52.374861107000072)",Unfall 223171 (2019) Kat:3, Licht: 0,223171,3,6,2,06,16,3,0,0,0,1,0,0
"POINT (9.741824742000063 52.373160322000047)",Unfall 223172 (2019) Kat:3, Licht: 0,223172,3,1,0,06,10,3,0,0,0,0,0,1
"POINT (9.427672828000027 52.427224013000057)",Unfall 223173 (2019) Kat:3, Licht: 0,223173,3,2,4,06,07,3,1,0,1,1,0,0
"POINT (9.640848013000039 52.313337910000030)",Unfall 223174 (2019) Kat:3, Licht: 0,223174,3,7,1,06,16,3,0,0,0,1,1,0
"POINT (9.718625408000037 52.374052786000050)",Unfall 223175 (2019) Kat:3, Licht: 0,223175,3,3,5,06,20,3,0,0,1,1,0,0
"POINT (9.738096809000069 52.381834531000038)",Unfall 223196 (2019) Kat:3, Licht: 0,223196,3,2,4,06,14,2,0,0,1,1,0,0
"POINT (10.001368048000074 52.444470678000073)",Unfall 223197 (2019) Kat:3, Licht: 0,223197,3,1,0,06,11,2,0,0,1,0,0,0
"POINT (9.669942003000074 52.353741254000056)",Unfall 223216 (2019) Kat:3, Licht: 0,223216,3,7,0,06,17,1,0,0,0,0,0,1
"POINT (9.784987821000073 52.372655011000063)",Unfall 223230 (2019) Kat:2, Licht: 0,223230,2,3,0,06,07,7,0,0,1,1,0,0
"POINT (9.707371141000067 52.380631846000028)",Unfall 223231 (2019) Kat:3, Licht: 0,223231,3,7,0,06,14,7,0,0,1,0,0,0
"POINT (9.743403266000030 52.379363208000029)",Unfall 223232 (2019) Kat:3, Licht: 1,223232,3,2,4,06,21,7,0,1,0,1,0,0
"POINT (9.742311701000062 52.376048372000071)",Unfall 223233 (2019) Kat:3, Licht: 0,223233,3,2,5,06,12,7,0,0,1,1,0,0
"POINT (9.738264741000023 52.374576462000050)",Unfall 223234 (2019) Kat:3, Licht: 0,223234,3,1,6,06,20,7,0,0,1,0,1,0
"POINT (9.679945229000055 52.395181794000052)",Unfall 223235 (2019) Kat:2, Licht: 0,223235,2,1,9,06,18,7,0,0,0,0,0,0
"POINT (9.707605458000046 52.376543203000040)",Unfall 223238 (2019) Kat:3, Licht: 0,223238,3,5,3,06,14,2,0,0,1,1,0,0
"POINT (9.811949114000072 52.301671265000039)",Unfall 223239 (2019) Kat:3, Licht: 0,223239,3,1,0,06,14,2,0,0,1,0,0,0
"POINT (9.713425993000044 52.384293688000071)",Unfall 223240 (2019) Kat:3, Licht: 0,223240,3,6,2,06,16,2,0,0,0,1,0,0
"POINT (9.764301890000070 52.261600226000041)",Unfall 223241 (2019) Kat:3, Licht: 0,223241,3,2,5,06,10,2,0,0,1,1,0,0
"POINT (9.739937363000024 52.440579419000073)",Unfall 223242 (2019) Kat:3, Licht: 0,223242,3,7,2,06,14,2,0,0,0,1,0,0
"POINT (10.004300234000027 52.445775304000051)",Unfall 223246 (2019) Kat:3, Licht: 0,223246,3,1,0,06,20,2,1,0,0,0,0,1
"POINT (9.817382771000041 52.393508972000063)",Unfall 223249 (2019) Kat:3, Licht: 0,223249,3,3,5,06,19,2,0,0,1,1,0,0
"POINT (9.749803727000028 52.378035343000079)",Unfall 223269 (2019) Kat:3, Licht: 0,223269,3,3,5,06,13,1,0,0,0,1,0,0
"POINT (9.742954278000070 52.369514208000055)",Unfall 223270 (2019) Kat:3, Licht: 0,223270,3,1,0,06,19,1,0,0,1,0,0,0
"POINT (10.002250514000025 52.313611763000040)",Unfall 223271 (2019) Kat:3, Licht: 0,223271,3,5,1,06,11,1,0,0,0,1,0,0
"POINT (9.637852044000056 52.395224483000050)",Unfall 223272 (2019) Kat:1, Licht: 0,223272,1,7,0,06,11,1,0,0,1,0,0,0
"POINT (9.721604674000048 52.342233772000043)",Unfall 223273 (2019) Kat:3, Licht: 0,223273,3,3,5,06,13,1,0,0,1,1,0,0
"POINT (9.739338215000032 52.344133742000054)",Unfall 223274 (2019) Kat:2, Licht: 0,223274,2,3,5,06,09,1,0,0,1,0,0,0
"POINT (9.762136228000031 52.353063158000055)",Unfall 223275 (2019) Kat:2, Licht: 2,223275,2,7,0,06,01,1,0,2,1,0,0,0
"POINT (9.691901863000055 52.341015175000052)",Unfall 223299 (2019) Kat:3, Licht: 0,223299,3,5,1,06,15,7,0,0,1,1,0,0
"POINT (9.705933423000033 52.371997421000060)",Unfall 223300 (2019) Kat:3, Licht: 0,223300,3,7,1,06,18,7,0,0,0,1,1,0
"POINT (9.791066290000060 52.328164353000034)",Unfall 223301 (2019) Kat:3, Licht: 0,223301,3,6,2,06,11,7,0,0,0,1,0,0
"POINT (9.719409815000063 52.408967479000069)",Unfall 223302 (2019) Kat:3, Licht: 0,223302,3,5,1,06,18,7,0,0,0,1,0,0
"POINT (9.734140281000066 52.374608418000037)",Unfall 223303 (2019) Kat:3, Licht: 0,223303,3,4,6,06,16,7,0,0,0,0,1,0
"POINT (9.717393613000070 52.400258694000058)",Unfall 223304 (2019) Kat:3, Licht: 0,223304,3,3,5,06,20,7,0,0,1,1,0,0
"POINT (9.977684464000049 52.376475793000054)",Unfall 223305 (2019) Kat:2, Licht: 0,223305,2,7,6,06,11,7,0,0,0,0,1,0
"POINT (9.765860695000072 52.340737396000065)",Unfall 223338 (2019) Kat:3, Licht: 0,223338,3,7,6,06,16,6,0,0,1,0,1,0
"POINT (9.791823734000047 52.402093913000044)",Unfall 223339 (2019) Kat:3, Licht: 0,223339,3,3,5,06,11,6,0,0,1,1,0,0
"POINT (9.743873519000033 52.379420947000028)",Unfall 223340 (2019) Kat:2, Licht: 0,223340,2,3,5,06,19,6,0,0,1,0,0,1
"POINT (9.718066712000052 52.452850387000069)",Unfall 223341 (2019) Kat:3, Licht: 0,223341,3,1,9,06,18,6,0,0,0,0,0,0
"POINT (9.724375991000045 52.345985718000065)",Unfall 223342 (2019) Kat:3, Licht: 0,223342,3,2,2,06,18,6,0,0,0,1,0,1
"POINT (9.750690094000049 52.394949641000039)",Unfall 223343 (2019) Kat:3, Licht: 0,223343,3,6,2,06,19,6,0,0,0,1,0,0
"POINT (9.742001741000024 52.375788206000038)",Unfall 223344 (2019) Kat:2, Licht: 2,223344,2,1,0,06,23,6,0,2,0,0,0,1
"POINT (9.818027197000049 52.314281724000068)",Unfall 223345 (2019) Kat:3, Licht: 0,223345,3,7,0,06,21,6,0,0,1,0,0,0
"POINT (9.662734994000061 52.385974776000069)",Unfall 223346 (2019) Kat:2, Licht: 0,223346,2,4,6,06,19,6,0,0,0,1,1,0
"POINT (9.816229374000045 52.317690041000048)",Unfall 223347 (2019) Kat:3, Licht: 0,223347,3,4,6,06,15,6,0,0,0,1,1,0
"POINT (9.708596783000075 52.373060954000039)",Unfall 223383 (2019) Kat:3, Licht: 2,223383,3,7,0,06,23,5,1,2,1,0,0,0
"POINT (9.741824381000072 52.398631604000059)",Unfall 223384 (2019) Kat:3, Licht: 0,223384,3,2,4,06,13,5,0,0,1,1,0,0
"POINT (9.710382053000046 52.367308598000079)",Unfall 223385 (2019) Kat:3, Licht: 0,223385,3,7,0,06,10,5,0,0,1,0,0,0
"POINT (9.746283492000032 52.413190397000051)",Unfall 223386 (2019) Kat:2, Licht: 0,223386,2,3,5,06,21,5,1,0,1,1,0,0
"POINT (9.725234143000023 52.397811477000062)",Unfall 223387 (2019) Kat:3, Licht: 0,223387,3,6,2,06,14,5,0,0,0,1,0,0
"POINT (9.817668874000049 52.346987042000080)",Unfall 223420 (2019) Kat:3, Licht: 0,223420,3,3,5,06,16,4,0,0,1,1,0,0
"POINT (9.772631858000068 52.339101287000062)",Unfall 223421 (2019) Kat:3, Licht: 0,223421,3,3,5,06,16,4,1,0,1,1,0,0
"POINT (9.738892139000029 52.382655569000065)",Unfall 223422 (2019) Kat:3, Licht: 0,223422,3,3,5,06,08,4,0,0,1,1,0,0
"POINT (9.463428571000065 52.503969391000055)",Unfall 223423 (2019) Kat:3, Licht: 0,223423,3,6,2,06,12,4,0,0,0,1,0,0
"POINT (9.463270666000028 52.509644637000065)",Unfall 223424 (2019) Kat:3, Licht: 0,223424,3,7,0,06,17,4,0,0,0,1,0,1
"POINT (9.796482851000064 52.333964890000061)",Unfall 223444 (2019) Kat:3, Licht: 0,223444,3,2,4,06,18,3,0,0,1,1,0,0
"POINT (9.566372226000055 52.400764971000058)",Unfall 223445 (2019) Kat:3, Licht: 0,223445,3,2,6,06,15,3,0,0,1,0,1,0
"POINT (10.065532800000028 52.483463969000070)",Unfall 223446 (2019) Kat:3, Licht: 0,223446,3,3,5,06,20,3,0,0,1,1,0,0
"POINT (9.751985409000042 52.415340167000068)",Unfall 223447 (2019) Kat:3, Licht: 0,223447,3,6,4,06,18,3,0,0,1,0,0,0
"POINT (9.708859390000043 52.366012856000054)",Unfall 223474 (2019) Kat:3, Licht: 0,223474,3,2,0,06,13,2,0,0,1,0,0,0
"POINT (9.746168926000053 52.385380981000026)",Unfall 223475 (2019) Kat:3, Licht: 0,223475,3,5,0,06,18,2,0,0,1,1,0,0
"POINT (9.740096803000029 52.375766707000082)",Unfall 223476 (2019) Kat:3, Licht: 0,223476,3,6,6,06,12,2,0,0,1,0,1,0
"POINT (9.464564373000030 52.413256858000068)",Unfall 223477 (2019) Kat:3, Licht: 0,223477,3,6,2,06,07,2,0,0,0,1,0,0
"POINT (9.859014201000036 52.430473835000043)",Unfall 223478 (2019) Kat:3, Licht: 0,223478,3,6,3,06,11,2,0,0,1,0,0,0
"POINT (9.793038293000052 52.403226464000056)",Unfall 223479 (2019) Kat:3, Licht: 0,223479,3,6,3,06,13,2,0,0,0,1,0,0
"POINT (9.734746784000038 52.380178216000047)",Unfall 223480 (2019) Kat:3, Licht: 0,223480,3,2,6,06,10,2,0,0,0,1,1,0
"POINT (9.747691695000071 52.264278271000080)",Unfall 223500 (2019) Kat:3, Licht: 0,223500,3,5,1,06,10,1,0,0,1,1,0,0
"POINT (9.733097462000046 52.344937531000028)",Unfall 223501 (2019) Kat:3, Licht: 0,223501,3,2,5,06,15,1,0,0,1,1,0,0
"POINT (9.778839394000045 52.362200713000050)",Unfall 223502 (2019) Kat:3, Licht: 0,223502,3,3,5,06,12,1,0,0,1,1,0,0
"POINT (9.660082890000069 52.403729027000054)",Unfall 223528 (2019) Kat:3, Licht: 0,223528,3,3,5,06,18,7,0,0,1,0,0,0
"POINT (9.696857523000062 52.336642845000029)",Unfall 223529 (2019) Kat:3, Licht: 0,223529,3,7,0,06,20,7,0,0,1,0,0,0
"POINT (9.746505889000048 52.381163617000027)",Unfall 223530 (2019) Kat:3, Licht: 0,223530,3,7,1,06,05,7,0,0,0,1,1,0
"POINT (9.777527330000055 52.504828097000029)",Unfall 223531 (2019) Kat:3, Licht: 0,223531,3,3,5,06,10,7,0,0,0,1,0,0
"POINT (9.732518597000023 52.374438849000057)",Unfall 223532 (2019) Kat:3, Licht: 2,223532,3,4,6,06,01,7,0,2,0,1,1,0
"POINT (9.719234566000068 52.414284375000079)",Unfall 223577 (2019) Kat:3, Licht: 1,223577,3,6,4,06,22,6,0,1,1,0,0,0
"POINT (9.719961845000057 52.397076324000068)",Unfall 223578 (2019) Kat:3, Licht: 0,223578,3,6,2,06,10,6,0,0,0,1,0,0
"POINT (9.486615353000047 52.289463472000079)",Unfall 223579 (2019) Kat:3, Licht: 0,223579,3,1,0,06,09,6,0,0,1,0,0,0
"POINT (9.594468297000049 52.411238205000075)",Unfall 223580 (2019) Kat:3, Licht: 0,223580,3,3,5,06,17,6,0,0,1,0,0,1
"POINT (10.120342690000030 52.361069658000076)",Unfall 223581 (2019) Kat:2, Licht: 0,223581,2,7,0,06,11,6,0,0,1,0,0,0
"POINT (9.796749475000070 52.374364876000072)",Unfall 223582 (2019) Kat:3, Licht: 0,223582,3,1,9,06,20,6,0,0,1,1,0,0
"POINT (9.689353515000050 52.348598888000026)",Unfall 223583 (2019) Kat:3, Licht: 0,223583,3,3,5,06,17,6,0,0,0,1,0,0
"POINT (9.796802315000036 52.374053413000070)",Unfall 223584 (2019) Kat:2, Licht: 0,223584,2,1,1,06,19,6,0,0,1,1,0,0
"POINT (9.747379380000041 52.406156924000072)",Unfall 223585 (2019) Kat:3, Licht: 0,223585,3,1,9,06,12,6,0,0,1,0,0,0
"POINT (9.705897898000046 52.390776139000081)",Unfall 223586 (2019) Kat:3, Licht: 0,223586,3,4,6,06,11,6,0,0,0,1,1,0
"POINT (9.742027191000034 52.386110489000032)",Unfall 223587 (2019) Kat:3, Licht: 1,223587,3,5,1,06,04,6,0,1,1,1,0,0
"POINT (9.668159875000072 52.415493244000061)",Unfall 223635 (2019) Kat:3, Licht: 0,223635,3,1,0,06,11,5,0,0,1,0,0,0
"POINT (9.723043046000043 52.369721631000061)",Unfall 223636 (2019) Kat:3, Licht: 0,223636,3,2,4,06,09,5,0,0,1,1,0,0
"POINT (9.714641300000039 52.371727462000081)",Unfall 223637 (2019) Kat:3, Licht: 0,223637,3,3,5,06,12,5,0,0,1,1,0,0
"POINT (9.815239169000051 52.359744100000057)",Unfall 223638 (2019) Kat:3, Licht: 0,223638,3,2,6,06,12,5,0,0,0,0,1,0
"POINT (9.761551984000050 52.379770819000044)",Unfall 223639 (2019) Kat:3, Licht: 0,223639,3,3,5,06,20,5,0,0,0,1,0,1
"POINT (9.478032113000040 52.291816766000068)",Unfall 223640 (2019) Kat:2, Licht: 0,223640,2,3,5,06,09,5,0,0,1,0,0,0
"POINT (9.738095816000055 52.442668387000026)",Unfall 223641 (2019) Kat:3, Licht: 0,223641,3,3,5,06,08,5,0,0,1,1,0,0
"POINT (9.741450140000040 52.360019992000048)",Unfall 223642 (2019) Kat:3, Licht: 2,223642,3,2,3,06,22,5,0,2,1,0,0,0
"POINT (9.426773284000035 52.429941704000044)",Unfall 223643 (2019) Kat:2, Licht: 2,223643,2,6,4,06,22,5,0,2,1,0,0,0
"POINT (9.805014018000065 52.316321614000060)",Unfall 223644 (2019) Kat:3, Licht: 0,223644,3,6,0,06,14,5,0,0,0,0,0,1
"POINT (9.694730237000044 52.405518845000074)",Unfall 223645 (2019) Kat:2, Licht: 0,223645,2,3,5,06,07,5,0,0,0,1,0,1
"POINT (9.702948897000056 52.366704615000060)",Unfall 223687 (2019) Kat:3, Licht: 0,223687,3,5,2,06,08,4,0,0,1,1,0,0
"POINT (9.736853093000036 52.404710490000070)",Unfall 223688 (2019) Kat:3, Licht: 0,223688,3,2,6,06,19,4,0,0,0,1,1,0
"POINT (9.454992456000070 52.297087813000076)",Unfall 223689 (2019) Kat:3, Licht: 2,223689,3,7,1,06,00,4,0,2,0,1,0,0
"POINT (9.757463363000056 52.450292617000059)",Unfall 223690 (2019) Kat:3, Licht: 0,223690,3,3,5,06,21,4,0,0,1,1,0,0
"POINT (9.741730951000022 52.474374589000035)",Unfall 223691 (2019) Kat:3, Licht: 0,223691,3,2,5,06,19,4,0,0,1,1,0,0
"POINT (9.770012654000027 52.397226755000077)",Unfall 223692 (2019) Kat:3, Licht: 0,223692,3,1,0,06,20,4,0,0,1,0,0,0
"POINT (9.690550066000071 52.342617859000029)",Unfall 223693 (2019) Kat:3, Licht: 0,223693,3,6,2,06,16,4,0,0,0,1,0,0
"POINT (9.757179775000054 52.388821678000056)",Unfall 223694 (2019) Kat:3, Licht: 0,223694,3,3,5,06,16,4,0,0,1,1,0,0
"POINT (9.719832557000075 52.374960669000075)",Unfall 223731 (2019) Kat:3, Licht: 0,223731,3,7,0,06,07,3,0,0,1,0,0,0
"POINT (9.754358713000045 52.399790224000071)",Unfall 223732 (2019) Kat:3, Licht: 0,223732,3,3,5,06,11,3,0,0,1,0,0,0
"POINT (9.738088341000037 52.442620826000052)",Unfall 223733 (2019) Kat:3, Licht: 0,223733,3,4,6,06,15,3,0,0,0,1,1,0
"POINT (9.739428311000040 52.364081267000074)",Unfall 223734 (2019) Kat:3, Licht: 0,223734,3,6,6,06,20,3,0,0,1,0,1,0
"POINT (9.693757719000075 52.362113422000050)",Unfall 223735 (2019) Kat:2, Licht: 0,223735,2,3,5,06,17,3,0,0,1,0,0,0
"POINT (9.747370983000053 52.373771229000056)",Unfall 223736 (2019) Kat:3, Licht: 0,223736,3,2,2,06,14,3,0,0,0,1,0,0
"POINT (9.781466908000027 52.424479648000045)",Unfall 223737 (2019) Kat:3, Licht: 0,223737,3,7,0,06,14,3,0,0,1,0,0,0
"POINT (9.781062222000060 52.400280618000068)",Unfall 223738 (2019) Kat:3, Licht: 0,223738,3,2,5,06,16,3,0,0,1,1,0,0
"POINT (9.685304098000074 52.394600299000047)",Unfall 223739 (2019) Kat:3, Licht: 0,223739,3,3,0,06,07,3,0,0,0,1,0,1
"POINT (9.702946729000075 52.369398546000070)",Unfall 223775 (2019) Kat:3, Licht: 0,223775,3,3,5,07,20,2,0,0,1,0,0,0
"POINT (9.710509156000057 52.379570885000078)",Unfall 223776 (2019) Kat:3, Licht: 0,223776,3,3,5,07,18,2,0,0,1,0,0,0
"POINT (9.734482142000047 52.384683136000035)",Unfall 223777 (2019) Kat:3, Licht: 0,223777,3,6,2,07,14,2,0,0,0,1,0,0
"POINT (9.777959933000034 52.400480345000062)",Unfall 223778 (2019) Kat:3, Licht: 0,223778,3,2,4,07,13,2,0,0,1,1,0,0
"POINT (9.737397330000022 52.447851639000078)",Unfall 223779 (2019) Kat:3, Licht: 0,223779,3,4,6,07,16,2,0,0,1,0,1,0
"POINT (10.019343814000024 52.450428061000082)",Unfall 223780 (2019) Kat:3, Licht: 0,223780,3,1,0,07,18,2,0,0,1,0,0,0
"POINT (9.781112718000031 52.361275359000047)",Unfall 223781 (2019) Kat:2, Licht: 2,223781,2,3,5,07,22,2,0,2,0,1,0,1
"POINT (9.733673364000026 52.379837337000026)",Unfall 223782 (2019) Kat:3, Licht: 0,223782,3,3,5,07,17,2,0,0,1,1,0,0
"POINT (9.737263250000069 52.375378523000052)",Unfall 223783 (2019) Kat:3, Licht: 0,223783,3,7,6,07,13,2,0,0,1,0,1,0
"POINT (9.828554963000045 52.282012130000055)",Unfall 223784 (2019) Kat:3, Licht: 0,223784,3,3,5,07,11,2,0,0,1,1,0,0
"POINT (9.777108612000063 52.411164826000061)",Unfall 223795 (2019) Kat:3, Licht: 0,223795,3,3,5,07,17,1,0,0,1,1,0,0
"POINT (9.464144260000069 52.308404305000067)",Unfall 223796 (2019) Kat:3, Licht: 0,223796,3,7,6,07,19,1,0,0,0,0,1,0
"POINT (9.690795788000060 52.346208250000075)",Unfall 223797 (2019) Kat:3, Licht: 1,223797,3,3,5,07,21,1,0,1,0,1,0,0
"POINT (9.711749143000077 52.374269279000032)",Unfall 223813 (2019) Kat:3, Licht: 0,223813,3,1,0,07,18,7,1,0,1,0,0,0
"POINT (9.937264164000055 52.341964419000078)",Unfall 223814 (2019) Kat:3, Licht: 0,223814,3,5,1,07,12,7,0,0,0,1,0,0
"POINT (9.696787616000052 52.341701838000063)",Unfall 223815 (2019) Kat:3, Licht: 1,223815,3,1,0,07,21,7,1,1,0,0,0,1
"POINT (9.683908159000055 52.351290476000031)",Unfall 223816 (2019) Kat:3, Licht: 0,223816,3,1,0,07,14,7,0,0,1,0,0,0
"POINT (9.714834977000066 52.354491248000045)",Unfall 223834 (2019) Kat:3, Licht: 0,223834,3,2,2,07,17,6,0,0,0,1,0,0
"POINT (9.738625415000058 52.394447612000079)",Unfall 223835 (2019) Kat:3, Licht: 0,223835,3,6,3,07,06,6,0,0,0,1,0,1
"POINT (9.754456704000063 52.389750843000058)",Unfall 223836 (2019) Kat:3, Licht: 0,223836,3,5,1,07,07,6,0,0,1,1,0,0
"POINT (9.714055500000029 52.342219549000049)",Unfall 223858 (2019) Kat:3, Licht: 0,223858,3,6,3,07,11,5,0,0,1,0,0,0
"POINT (9.721884961000058 52.376703954000050)",Unfall 223859 (2019) Kat:3, Licht: 0,223859,3,7,6,07,08,5,0,0,1,0,1,0
"POINT (9.352864953000051 52.454216377000080)",Unfall 223860 (2019) Kat:3, Licht: 0,223860,3,6,3,07,15,5,0,0,1,0,0,0
"POINT (9.563538703000063 52.212605734000078)",Unfall 223861 (2019) Kat:3, Licht: 2,223861,3,3,5,07,21,5,0,2,0,1,0,0
"POINT (9.547436996000045 52.219312792000039)",Unfall 223862 (2019) Kat:3, Licht: 0,223862,3,5,1,07,13,5,0,0,0,1,0,0
"POINT (9.721455587000037 52.354546445000040)",Unfall 223863 (2019) Kat:3, Licht: 0,223863,3,2,5,07,12,5,0,0,1,1,0,0
"POINT (9.746360389000074 52.354369208000037)",Unfall 223864 (2019) Kat:3, Licht: 0,223864,3,2,5,07,10,5,0,0,1,1,0,0
"POINT (9.772595909000074 52.349940732000050)",Unfall 223865 (2019) Kat:2, Licht: 0,223865,2,7,0,07,11,5,0,0,1,0,0,0
"POINT (9.691731215000061 52.406743499000072)",Unfall 223901 (2019) Kat:3, Licht: 0,223901,3,3,5,07,17,4,0,0,0,1,0,0
"POINT (9.754631524000047 52.356842605000054)",Unfall 223902 (2019) Kat:3, Licht: 0,223902,3,3,5,07,12,4,0,0,0,1,0,0
"POINT (9.722471984000038 52.387100103000080)",Unfall 223903 (2019) Kat:3, Licht: 0,223903,3,4,6,07,11,4,0,0,1,0,1,0
"POINT (9.463026813000056 52.499232977000077)",Unfall 223904 (2019) Kat:3, Licht: 0,223904,3,3,1,07,10,4,0,0,1,1,0,0
"POINT (9.804853426000022 52.409468713000081)",Unfall 223905 (2019) Kat:3, Licht: 0,223905,3,3,5,07,15,4,0,0,1,1,0,0
"POINT (9.660342508000042 52.404854063000073)",Unfall 223951 (2019) Kat:3, Licht: 0,223951,3,6,4,07,15,3,0,0,1,0,0,0
"POINT (9.693606106000061 52.343147069000054)",Unfall 223952 (2019) Kat:3, Licht: 0,223952,3,2,3,07,12,3,0,0,0,1,0,0
"POINT (9.712059725000074 52.344740368000032)",Unfall 223953 (2019) Kat:3, Licht: 0,223953,3,6,4,07,19,3,0,0,1,1,0,0
"POINT (9.728328591000036 52.374148404000039)",Unfall 223954 (2019) Kat:3, Licht: 0,223954,3,6,2,07,16,3,0,0,0,1,0,0
"POINT (9.809751049000056 52.398076193000065)",Unfall 223955 (2019) Kat:3, Licht: 0,223955,3,5,1,07,08,3,0,0,1,1,0,0
"POINT (9.704622540000059 52.395247914000038)",Unfall 223956 (2019) Kat:3, Licht: 0,223956,3,3,5,07,07,3,0,0,1,1,0,0
"POINT (9.732533044000036 52.379183545000046)",Unfall 223957 (2019) Kat:3, Licht: 0,223957,3,7,6,07,10,3,0,0,1,0,1,0
"POINT (9.599561114000039 52.279303082000069)",Unfall 223958 (2019) Kat:3, Licht: 0,223958,3,6,4,07,13,3,0,0,1,0,0,0
"POINT (9.756702993000033 52.364949167000077)",Unfall 223959 (2019) Kat:3, Licht: 0,223959,3,2,2,07,16,3,0,0,0,1,0,0
"POINT (9.720058050000034 52.359797607000075)",Unfall 223960 (2019) Kat:3, Licht: 0,223960,3,4,6,07,16,3,0,0,1,0,1,0
"POINT (9.735663606000060 52.384914014000060)",Unfall 223961 (2019) Kat:3, Licht: 0,223961,3,7,0,07,15,3,0,0,1,1,0,0
"POINT (9.774194601000033 52.335645291000048)",Unfall 223962 (2019) Kat:3, Licht: 0,223962,3,3,5,07,12,3,0,0,0,1,0,0
"POINT (9.658573442000034 52.429474457000026)",Unfall 223995 (2019) Kat:3, Licht: 0,223995,3,5,1,07,17,2,0,0,0,1,0,0
"POINT (9.651405257000022 52.419564045000072)",Unfall 223996 (2019) Kat:3, Licht: 0,223996,3,1,2,07,14,2,0,0,0,1,0,0
"POINT (9.677880736000077 52.421684672000026)",Unfall 223997 (2019) Kat:3, Licht: 0,223997,3,7,1,07,05,2,0,0,0,1,0,0
"POINT (9.718216028000029 52.374712692000060)",Unfall 223998 (2019) Kat:3, Licht: 0,223998,3,1,0,07,15,2,0,0,1,0,0,0
"POINT (9.742239839000035 52.438002416000074)",Unfall 223999 (2019) Kat:3, Licht: 0,223999,3,7,5,07,18,2,0,0,0,1,0,0
"POINT (9.852596356000049 52.431506202000037)",Unfall 224000 (2019) Kat:2, Licht: 0,224000,2,7,0,07,12,2,0,0,1,0,0,0
"POINT (9.716075524000075 52.386411738000049)",Unfall 224001 (2019) Kat:3, Licht: 0,224001,3,7,0,07,19,2,0,0,1,0,0,0
"POINT (9.715107616000068 52.342014345000052)",Unfall 224002 (2019) Kat:2, Licht: 0,224002,2,6,0,07,15,2,0,0,1,0,0,0
"POINT (9.677913531000058 52.395569117000036)",Unfall 224003 (2019) Kat:3, Licht: 0,224003,3,2,6,07,16,2,0,0,0,1,1,0
"POINT (9.722528706000048 52.351824611000040)",Unfall 224004 (2019) Kat:3, Licht: 0,224004,3,2,0,07,13,2,0,0,0,1,0,0
"POINT (9.752999444000068 52.390041110000027)",Unfall 224005 (2019) Kat:3, Licht: 0,224005,3,3,5,07,10,2,0,0,1,1,0,0
"POINT (9.744364447000066 52.380177807000052)",Unfall 224026 (2019) Kat:3, Licht: 2,224026,3,7,0,07,02,7,0,2,1,1,0,0
"POINT (9.756674039000075 52.360128500000030)",Unfall 224048 (2019) Kat:3, Licht: 0,224048,3,4,6,07,20,6,0,0,1,0,1,0
"POINT (9.754585848000033 52.361779659000035)",Unfall 224049 (2019) Kat:3, Licht: 0,224049,3,6,3,07,13,6,0,0,1,0,0,0
"POINT (9.458576455000070 52.503043706000028)",Unfall 224050 (2019) Kat:3, Licht: 0,224050,3,6,3,07,14,6,0,0,1,1,0,0
"POINT (10.019098197000062 52.439745308000056)",Unfall 224051 (2019) Kat:3, Licht: 0,224051,3,3,5,07,16,6,0,0,0,1,0,0
"POINT (9.767703936000032 52.410230282000043)",Unfall 224052 (2019) Kat:3, Licht: 0,224052,3,2,5,07,10,6,0,0,0,1,0,0
"POINT (9.771836614000051 52.338762388000077)",Unfall 224071 (2019) Kat:3, Licht: 1,224071,3,3,5,07,21,5,0,1,1,1,0,0
"POINT (9.761563562000049 52.342004175000056)",Unfall 224072 (2019) Kat:3, Licht: 0,224072,3,6,3,07,13,5,0,0,0,1,0,0
"POINT (9.733810386000073 52.384690844000033)",Unfall 224073 (2019) Kat:3, Licht: 0,224073,3,2,2,07,16,5,0,0,1,1,0,0
"POINT (9.764757949000057 52.395767317000036)",Unfall 224074 (2019) Kat:3, Licht: 0,224074,3,6,3,07,18,5,0,0,1,1,0,0
"POINT (9.791310158000044 52.404409003000069)",Unfall 224075 (2019) Kat:3, Licht: 0,224075,3,3,5,07,15,5,0,0,1,1,0,0
"POINT (9.676856096000051 52.396190153000077)",Unfall 224100 (2019) Kat:3, Licht: 2,224100,3,6,3,07,03,4,0,2,0,1,0,0
"POINT (9.660150465000072 52.317911784000046)",Unfall 224101 (2019) Kat:3, Licht: 0,224101,3,5,1,07,15,4,0,0,0,1,0,0
"POINT (10.085104650000062 52.392255419000037)",Unfall 224102 (2019) Kat:3, Licht: 0,224102,3,7,6,07,15,4,0,0,0,0,1,0
"POINT (9.702891722000061 52.391174082000077)",Unfall 224103 (2019) Kat:3, Licht: 2,224103,3,2,5,07,23,4,0,2,1,1,0,0
"POINT (9.682130484000027 52.394169648000059)",Unfall 224116 (2019) Kat:3, Licht: 0,224116,3,5,1,07,13,3,0,0,0,1,0,0
"POINT (9.674427027000036 52.409980368000049)",Unfall 224117 (2019) Kat:3, Licht: 0,224117,3,3,5,07,11,3,1,0,1,1,0,0
"POINT (9.804406849000031 52.391300817000058)",Unfall 224118 (2019) Kat:3, Licht: 0,224118,3,3,5,07,07,3,1,0,1,1,0,0
"POINT (9.735510473000034 52.377302990000032)",Unfall 224119 (2019) Kat:3, Licht: 0,224119,3,5,1,07,15,3,0,0,0,1,0,0
"POINT (9.703476192000039 52.375577126000053)",Unfall 224120 (2019) Kat:3, Licht: 0,224120,3,3,5,07,17,3,0,0,1,0,0,0
"POINT (9.752630908000072 52.396673021000026)",Unfall 224121 (2019) Kat:3, Licht: 0,224121,3,1,8,07,15,3,0,0,0,1,0,1
"POINT (9.740024065000057 52.375576932000058)",Unfall 224122 (2019) Kat:3, Licht: 0,224122,3,7,0,07,10,3,0,0,1,0,0,0
"POINT (9.738091145000055 52.381838806000076)",Unfall 224123 (2019) Kat:3, Licht: 0,224123,3,2,5,07,09,3,1,0,1,1,0,0
"POINT (9.760509429000024 52.360011031000056)",Unfall 224124 (2019) Kat:3, Licht: 2,224124,3,3,5,07,04,3,0,2,0,1,0,0
"POINT (9.713094379000040 52.372387746000072)",Unfall 224138 (2019) Kat:3, Licht: 0,224138,3,6,3,07,15,2,0,0,1,1,0,0
"POINT (9.658113842000034 52.316680268000027)",Unfall 224139 (2019) Kat:3, Licht: 0,224139,3,1,8,07,08,2,0,0,1,0,0,0
"POINT (9.660067298000058 52.406756168000072)",Unfall 224140 (2019) Kat:3, Licht: 0,224140,3,4,6,07,16,2,0,0,0,1,1,0
"POINT (9.710832247000042 52.446888685000033)",Unfall 224141 (2019) Kat:3, Licht: 2,224141,3,7,0,07,04,2,0,2,0,0,0,1
"POINT (9.726990243000046 52.344424503000027)",Unfall 224158 (2019) Kat:3, Licht: 0,224158,3,3,5,07,18,1,0,0,0,1,0,1
"POINT (9.477511761000073 52.305706136000026)",Unfall 224159 (2019) Kat:3, Licht: 2,224159,3,1,8,07,04,1,0,2,0,1,0,0
"POINT (9.736502357000063 52.442105855000079)",Unfall 224160 (2019) Kat:3, Licht: 2,224160,3,5,1,07,01,1,0,2,0,1,0,0
"POINT (9.744701089000046 52.395182859000045)",Unfall 224161 (2019) Kat:3, Licht: 0,224161,3,6,2,07,17,1,0,0,0,1,0,0
"POINT (9.736751580000032 52.377004980000038)",Unfall 224172 (2019) Kat:3, Licht: 0,224172,3,6,3,07,15,7,0,0,1,1,0,0
"POINT (9.765148444000033 52.263735937000035)",Unfall 224173 (2019) Kat:3, Licht: 2,224173,3,3,5,07,22,7,0,2,0,1,0,0
"POINT (9.564821055000039 52.276624198000036)",Unfall 224174 (2019) Kat:3, Licht: 0,224174,3,3,5,07,08,7,1,0,0,1,0,0
"POINT (9.599973398000032 52.413697865000074)",Unfall 224175 (2019) Kat:3, Licht: 2,224175,3,5,1,07,01,7,0,2,0,1,0,0
"POINT (9.673177471000031 52.398231395000039)",Unfall 224176 (2019) Kat:3, Licht: 2,224176,3,7,1,07,23,7,0,2,1,1,0,0
"POINT (9.742058021000048 52.380366265000077)",Unfall 224177 (2019) Kat:3, Licht: 0,224177,3,4,6,07,15,7,0,0,1,0,1,0
"POINT (9.832544643000063 52.425792183000056)",Unfall 224190 (2019) Kat:3, Licht: 0,224190,3,2,2,07,19,6,1,0,0,1,0,0
"POINT (9.719943121000028 52.346505415000081)",Unfall 224212 (2019) Kat:3, Licht: 2,224212,3,7,0,07,23,5,1,2,0,0,0,1
"POINT (9.725137881000023 52.355157787000053)",Unfall 224213 (2019) Kat:3, Licht: 2,224213,3,3,5,07,23,5,1,2,1,0,0,1
"POINT (9.751242109000032 52.372427029000050)",Unfall 224214 (2019) Kat:3, Licht: 0,224214,3,6,2,07,18,5,1,0,0,1,0,0
"POINT (9.964090266000028 52.368292002000032)",Unfall 224215 (2019) Kat:3, Licht: 0,224215,3,3,5,07,14,5,0,0,0,1,0,0
"POINT (9.748799536000036 52.351050247000046)",Unfall 224239 (2019) Kat:3, Licht: 0,224239,3,6,2,07,08,4,0,0,0,1,0,0
"POINT (9.729721559000041 52.417614833000073)",Unfall 224240 (2019) Kat:3, Licht: 0,224240,3,2,2,07,07,4,0,0,0,1,0,0
"POINT (9.780359414000031 52.414189192000038)",Unfall 224241 (2019) Kat:3, Licht: 0,224241,3,5,5,07,12,4,0,0,0,1,0,0
"POINT (9.853780759000074 52.489372387000060)",Unfall 224242 (2019) Kat:2, Licht: 0,224242,2,7,0,07,15,4,0,0,1,0,0,0
"POINT (9.720811289000039 52.373336431000041)",Unfall 224243 (2019) Kat:3, Licht: 0,224243,3,6,6,07,20,4,0,0,1,0,1,0
"POINT (9.721338129000060 52.383247082000082)",Unfall 224244 (2019) Kat:3, Licht: 0,224244,3,3,5,07,16,4,0,0,0,1,0,0
"POINT (9.743176403000064 52.366423198000064)",Unfall 224245 (2019) Kat:3, Licht: 0,224245,3,5,1,07,12,4,0,0,1,0,0,0
"POINT (9.723003123000069 52.377646464000065)",Unfall 224274 (2019) Kat:3, Licht: 0,224274,3,1,0,07,17,3,0,0,1,0,0,0
"POINT (9.723919862000059 52.372939263000035)",Unfall 224275 (2019) Kat:3, Licht: 0,224275,3,5,1,07,17,3,0,0,1,1,0,0
"POINT (9.760392284000034 52.367879746000028)",Unfall 224276 (2019) Kat:3, Licht: 0,224276,3,5,1,07,14,3,0,0,1,1,0,0
"POINT (9.787380652000024 52.348621332000050)",Unfall 224277 (2019) Kat:3, Licht: 0,224277,3,7,0,07,07,3,1,0,1,0,0,0
"POINT (9.609386520000044 52.442749823000042)",Unfall 224278 (2019) Kat:3, Licht: 0,224278,3,3,5,07,08,3,0,0,1,1,0,0
"POINT (9.593450025000038 52.414830054000049)",Unfall 224279 (2019) Kat:3, Licht: 0,224279,3,3,5,07,07,3,0,0,0,1,0,0
"POINT (9.759675529000049 52.452878414000054)",Unfall 224280 (2019) Kat:3, Licht: 0,224280,3,2,5,07,13,3,1,0,1,1,0,0
"POINT (9.746247021000045 52.381111840000074)",Unfall 224281 (2019) Kat:3, Licht: 0,224281,3,5,1,07,17,3,0,0,1,1,0,0
"POINT (9.806638166000028 52.389237506000029)",Unfall 224282 (2019) Kat:3, Licht: 0,224282,3,7,0,07,12,3,0,0,0,1,0,1
"POINT (9.670645657000023 52.355435267000075)",Unfall 224283 (2019) Kat:3, Licht: 0,224283,3,5,1,07,05,3,0,0,1,1,0,0
"POINT (9.719572891000041 52.349261881000075)",Unfall 224298 (2019) Kat:3, Licht: 2,224298,3,3,5,07,23,7,1,2,0,1,0,0
"POINT (9.711465485000076 52.442641144000049)",Unfall 224300 (2019) Kat:2, Licht: 0,224300,2,7,0,07,18,7,1,0,0,1,0,0
"POINT (9.705356601000062 52.438721434000058)",Unfall 224301 (2019) Kat:3, Licht: 0,224301,3,3,5,07,15,7,0,0,0,1,0,0
"POINT (9.701459837000073 52.362064795000038)",Unfall 224302 (2019) Kat:3, Licht: 2,224302,3,1,0,07,01,7,0,2,1,0,0,0
"POINT (10.012390770000025 52.448121522000065)",Unfall 224309 (2019) Kat:3, Licht: 2,224309,3,3,5,07,04,1,1,2,1,1,0,0
"POINT (9.753338112000051 52.384631667000065)",Unfall 224311 (2019) Kat:3, Licht: 0,224311,3,7,5,07,18,7,1,0,0,1,0,0
"POINT (9.699132615000053 52.371907765000060)",Unfall 224319 (2019) Kat:2, Licht: 0,224319,2,7,0,07,13,1,0,0,1,0,0,0
"POINT (9.353548275000037 52.454121208000061)",Unfall 224337 (2019) Kat:3, Licht: 1,224337,3,2,5,07,21,3,0,1,1,0,0,0
"POINT (9.852485158000036 52.391365982000082)",Unfall 224356 (2019) Kat:3, Licht: 0,224356,3,7,0,07,08,2,0,0,1,0,0,0
"POINT (9.754357027000026 52.399755750000054)",Unfall 224357 (2019) Kat:3, Licht: 0,224357,3,3,5,07,17,2,0,0,1,1,0,0
"POINT (9.749407921000056 52.390402387000051)",Unfall 224358 (2019) Kat:3, Licht: 0,224358,3,3,5,07,13,2,1,0,1,1,0,0
"POINT (9.734845405000044 52.380304402000036)",Unfall 224359 (2019) Kat:3, Licht: 2,224359,3,3,5,07,00,2,1,2,0,1,0,0
"POINT (9.704517848000023 52.374466337000058)",Unfall 224382 (2019) Kat:3, Licht: 0,224382,3,1,0,07,16,1,0,0,1,0,0,0
"POINT (9.702736922000042 52.369361281000067)",Unfall 224383 (2019) Kat:3, Licht: 1,224383,3,3,5,07,04,1,0,1,0,1,0,0
"POINT (9.713640370000064 52.384107325000059)",Unfall 224384 (2019) Kat:3, Licht: 0,224384,3,5,1,07,17,1,0,0,1,1,0,0
"POINT (9.805128287000059 52.410994625000058)",Unfall 224385 (2019) Kat:2, Licht: 0,224385,2,2,5,07,18,1,0,0,1,1,0,0
"POINT (9.734858290000034 52.380280077000066)",Unfall 224386 (2019) Kat:3, Licht: 1,224386,3,2,5,07,04,1,0,1,0,1,0,0
"POINT (9.721710482000049 52.376554435000060)",Unfall 224400 (2019) Kat:3, Licht: 0,224400,3,5,1,07,19,7,0,0,1,1,0,0
"POINT (9.667397354000059 52.373132893000047)",Unfall 224401 (2019) Kat:3, Licht: 0,224401,3,2,3,07,14,7,0,0,1,1,0,0
"POINT (9.754631524000047 52.356842605000054)",Unfall 224402 (2019) Kat:3, Licht: 0,224402,3,2,6,07,13,7,0,0,0,1,1,0
"POINT (9.592455510000036 52.393733259000044)",Unfall 224403 (2019) Kat:3, Licht: 0,224403,3,3,5,07,12,7,0,0,0,1,0,0
"POINT (9.588144576000047 52.421271303000026)",Unfall 224404 (2019) Kat:3, Licht: 2,224404,3,3,5,07,22,7,0,2,1,1,0,0
"POINT (9.736769154000058 52.439350470000079)",Unfall 224405 (2019) Kat:3, Licht: 2,224405,3,5,1,07,01,7,0,2,0,1,0,1
"POINT (9.431720004000056 52.422394327000063)",Unfall 224425 (2019) Kat:3, Licht: 0,224425,3,3,5,07,13,6,0,0,1,1,0,0
"POINT (9.953494996000075 52.323074756000040)",Unfall 224426 (2019) Kat:3, Licht: 0,224426,3,7,0,07,14,6,0,0,0,0,0,1
"POINT (10.019315850000055 52.444703592000053)",Unfall 224427 (2019) Kat:3, Licht: 0,224427,3,2,5,07,18,6,0,0,0,1,0,0
"POINT (9.740515187000028 52.374093178000066)",Unfall 224428 (2019) Kat:2, Licht: 0,224428,2,3,5,07,17,6,0,0,1,1,0,0
"POINT (9.738561504000074 52.371312293000074)",Unfall 224429 (2019) Kat:3, Licht: 0,224429,3,1,0,07,11,6,0,0,1,0,0,0
"POINT (9.831369396000071 52.282536214000061)",Unfall 224463 (2019) Kat:3, Licht: 0,224463,3,3,5,07,10,5,0,0,0,1,0,0
"POINT (9.729210816000034 52.390744696000070)",Unfall 224464 (2019) Kat:3, Licht: 0,224464,3,3,5,07,15,5,0,0,1,1,0,0
"POINT (9.788499975000036 52.331094144000076)",Unfall 224482 (2019) Kat:3, Licht: 0,224482,3,2,3,07,18,4,0,0,1,1,0,0
"POINT (9.720886337000025 52.383928027000081)",Unfall 224483 (2019) Kat:3, Licht: 0,224483,3,2,5,07,17,4,0,0,1,0,0,0
"POINT (9.708587451000028 52.428020905000039)",Unfall 224484 (2019) Kat:3, Licht: 0,224484,3,6,2,07,15,4,0,0,0,1,0,0
"POINT (9.733009834000029 52.382727377000037)",Unfall 224485 (2019) Kat:3, Licht: 2,224485,3,2,5,07,21,4,0,2,0,1,0,1
"POINT (9.743219150000073 52.369215115000031)",Unfall 224486 (2019) Kat:3, Licht: 0,224486,3,4,0,07,09,4,0,0,0,1,1,1
"POINT (9.591773148000073 52.397379570000055)",Unfall 224487 (2019) Kat:3, Licht: 0,224487,3,5,1,07,12,4,0,0,1,1,0,0
"POINT (10.005767601000059 52.378390153000055)",Unfall 224488 (2019) Kat:3, Licht: 0,224488,3,5,1,07,06,4,0,0,0,0,0,0
"POINT (9.947100030000058 52.504685610000081)",Unfall 224489 (2019) Kat:3, Licht: 0,224489,3,6,3,07,10,4,0,0,1,0,0,0
"POINT (9.762754610000059 52.410287123000046)",Unfall 224490 (2019) Kat:3, Licht: 0,224490,3,7,0,07,17,4,0,0,0,1,0,0
"POINT (9.427301046000025 52.430615039000031)",Unfall 224504 (2019) Kat:3, Licht: 0,224504,3,6,2,07,16,3,0,0,0,1,0,0
"POINT (9.614686555000048 52.446550180000031)",Unfall 224505 (2019) Kat:3, Licht: 0,224505,3,3,5,07,15,3,0,0,0,1,0,0
"POINT (9.608344885000065 52.449371509000059)",Unfall 224506 (2019) Kat:3, Licht: 0,224506,3,3,5,07,15,3,0,0,0,1,0,0
"POINT (9.991367867000065 52.437546402000066)",Unfall 224507 (2019) Kat:3, Licht: 0,224507,3,3,5,07,18,3,0,0,1,1,0,0
"POINT (9.638991568000051 52.296605312000054)",Unfall 224523 (2019) Kat:3, Licht: 0,224523,3,3,0,07,14,2,0,0,1,1,0,0
"POINT (9.662375729000075 52.339032570000029)",Unfall 224524 (2019) Kat:3, Licht: 0,224524,3,5,1,07,14,2,0,0,1,1,0,0
"POINT (9.598469613000077 52.426561155000059)",Unfall 224525 (2019) Kat:3, Licht: 0,224525,3,3,5,07,17,2,0,0,0,1,0,0
"POINT (9.765990497000075 52.396095693000063)",Unfall 224526 (2019) Kat:3, Licht: 0,224526,3,6,0,07,13,2,0,0,0,1,0,0
"POINT (9.702238691000048 52.375015128000030)",Unfall 224527 (2019) Kat:2, Licht: 0,224527,2,1,0,07,11,2,0,0,1,0,0,0
"POINT (9.767572283000050 52.400644250000028)",Unfall 224528 (2019) Kat:3, Licht: 0,224528,3,3,5,07,08,2,0,0,1,0,0,0
"POINT (9.730134714000030 52.391894885000056)",Unfall 224542 (2019) Kat:3, Licht: 0,224542,3,3,5,07,10,7,0,0,1,1,0,0
"POINT (9.733810386000073 52.384690844000033)",Unfall 224545 (2019) Kat:3, Licht: 0,224545,3,1,9,07,17,7,1,0,0,1,0,0
"POINT (9.692401198000027 52.382882378000033)",Unfall 224546 (2019) Kat:3, Licht: 2,224546,3,1,0,07,22,1,0,2,1,0,0,0
"POINT (9.734158002000072 52.384722211000053)",Unfall 224547 (2019) Kat:3, Licht: 1,224547,3,6,2,07,20,7,1,1,0,1,0,0
"POINT (9.686985289000063 52.407949355000028)",Unfall 224557 (2019) Kat:3, Licht: 2,224557,3,6,2,08,01,6,0,2,0,1,0,0
"POINT (9.727330175000077 52.439507218000074)",Unfall 224558 (2019) Kat:3, Licht: 0,224558,3,3,5,08,12,6,0,0,1,1,0,0
"POINT (9.737974399000052 52.382182842000077)",Unfall 224559 (2019) Kat:3, Licht: 2,224559,3,2,5,08,22,6,0,2,1,1,0,0
"POINT (9.801039481000032 52.305178929000078)",Unfall 224560 (2019) Kat:3, Licht: 0,224560,3,3,5,08,16,6,0,0,1,1,0,0
"POINT (9.632197529000052 52.411114700000041)",Unfall 224561 (2019) Kat:3, Licht: 0,224561,3,3,5,08,12,6,0,0,0,1,0,0
"POINT (9.742912536000063 52.384402848000036)",Unfall 224562 (2019) Kat:2, Licht: 0,224562,2,2,5,08,11,6,0,0,1,1,0,0
"POINT (9.792457284000022 52.399544966000065)",Unfall 224563 (2019) Kat:3, Licht: 0,224563,3,4,6,08,09,6,0,0,0,1,1,0
"POINT (9.697064844000067 52.413231153000027)",Unfall 224564 (2019) Kat:3, Licht: 0,224564,3,3,5,08,08,6,0,0,1,0,0,0
"POINT (9.757285800000034 52.354292269000041)",Unfall 224590 (2019) Kat:3, Licht: 0,224590,3,3,5,08,18,5,0,0,1,1,0,0
"POINT (9.781065924000075 52.400360215000035)",Unfall 224591 (2019) Kat:3, Licht: 0,224591,3,6,2,08,18,5,0,0,0,1,0,0
"POINT (9.727998157000059 52.455708679000054)",Unfall 224592 (2019) Kat:3, Licht: 0,224592,3,3,5,08,16,5,0,0,1,0,0,0
"POINT (9.750982002000058 52.375430499000061)",Unfall 224593 (2019) Kat:3, Licht: 0,224593,3,2,5,08,17,5,0,0,0,1,0,0
"POINT (9.781394671000044 52.400096822000080)",Unfall 224594 (2019) Kat:3, Licht: 0,224594,3,4,6,08,15,5,0,0,0,0,1,0
"POINT (9.660310418000051 52.406355493000035)",Unfall 224623 (2019) Kat:3, Licht: 0,224623,3,6,4,08,17,4,0,0,1,1,0,0
"POINT (9.716722477000076 52.389305490000027)",Unfall 224624 (2019) Kat:3, Licht: 0,224624,3,3,5,08,18,4,0,0,1,0,0,0
"POINT (9.747047689000056 52.394065282000042)",Unfall 224625 (2019) Kat:3, Licht: 0,224625,3,3,5,08,07,4,0,0,1,1,0,0
"POINT (9.744126470000026 52.369671005000043)",Unfall 224626 (2019) Kat:3, Licht: 0,224626,3,2,3,08,07,4,0,0,1,1,0,0
"POINT (9.737194892000048 52.375764112000070)",Unfall 224627 (2019) Kat:3, Licht: 0,224627,3,2,6,08,13,4,0,0,0,1,1,0
"POINT (9.607783978000043 52.314734480000027)",Unfall 224628 (2019) Kat:3, Licht: 2,224628,3,6,6,08,22,4,0,2,1,0,1,0
"POINT (9.966089285000066 52.313367737000078)",Unfall 224629 (2019) Kat:3, Licht: 0,224629,3,7,0,08,17,4,0,0,1,0,0,0
"POINT (9.773052204000067 52.350769348000028)",Unfall 224630 (2019) Kat:2, Licht: 0,224630,2,3,5,08,14,4,0,0,1,0,0,0
"POINT (9.723110198000029 52.371496057000058)",Unfall 224653 (2019) Kat:3, Licht: 0,224653,3,7,0,08,20,3,0,0,1,0,0,0
"POINT (9.767436127000053 52.358252970000080)",Unfall 224654 (2019) Kat:3, Licht: 0,224654,3,6,2,08,10,3,1,0,0,1,0,0
"POINT (9.833024984000076 52.420075118000057)",Unfall 224655 (2019) Kat:3, Licht: 1,224655,3,7,5,08,20,3,0,1,1,1,0,0
"POINT (9.737630983000031 52.381774555000050)",Unfall 224656 (2019) Kat:3, Licht: 1,224656,3,6,0,08,20,3,0,1,0,1,0,1
"POINT (9.662547257000028 52.345426691000057)",Unfall 224657 (2019) Kat:3, Licht: 0,224657,3,3,0,08,14,3,0,0,0,1,0,1
"POINT (9.736150662000057 52.378436057000044)",Unfall 224658 (2019) Kat:3, Licht: 0,224658,3,7,0,08,18,3,0,0,1,0,0,0
"POINT (9.727949158000058 52.374148191000074)",Unfall 224659 (2019) Kat:3, Licht: 0,224659,3,7,0,08,13,3,0,0,0,1,0,0
"POINT (9.707131558000071 52.341555257000039)",Unfall 224660 (2019) Kat:3, Licht: 0,224660,3,3,5,08,15,3,0,0,0,1,0,0
"POINT (9.760607364000066 52.369110672000033)",Unfall 224677 (2019) Kat:3, Licht: 0,224677,3,1,0,08,18,2,1,0,1,0,0,0
"POINT (9.771478945000069 52.265352520000079)",Unfall 224678 (2019) Kat:3, Licht: 0,224678,3,7,7,08,10,2,0,0,1,0,0,0
"POINT (9.461203614000056 52.505155499000068)",Unfall 224679 (2019) Kat:3, Licht: 0,224679,3,7,6,08,09,2,0,0,0,1,1,0
"POINT (9.961834641000053 52.389591800000062)",Unfall 224680 (2019) Kat:3, Licht: 0,224680,3,3,5,08,17,2,0,0,0,1,0,0
"POINT (9.753954262000036 52.386185163000050)",Unfall 224681 (2019) Kat:2, Licht: 0,224681,2,3,0,08,17,2,0,0,1,0,0,0
"POINT (9.718875739000055 52.361980145000075)",Unfall 224682 (2019) Kat:3, Licht: 0,224682,3,4,6,08,17,2,0,0,0,0,1,1
"POINT (9.695087568000076 52.407504909000068)",Unfall 224693 (2019) Kat:3, Licht: 0,224693,3,3,5,08,11,1,0,0,1,1,0,0
"POINT (9.732803711000031 52.391018460000055)",Unfall 224712 (2019) Kat:3, Licht: 2,224712,3,6,2,08,22,7,0,2,1,1,0,0
"POINT (9.730759748000025 52.391206826000030)",Unfall 224713 (2019) Kat:3, Licht: 0,224713,3,1,8,08,11,7,0,0,1,0,0,0
"POINT (9.806444992000024 52.399525563000054)",Unfall 224714 (2019) Kat:3, Licht: 2,224714,3,1,8,08,22,7,0,2,1,0,0,0
"POINT (9.293870319000064 52.484879023000076)",Unfall 224715 (2019) Kat:3, Licht: 0,224715,3,4,0,08,09,7,1,0,1,0,1,0
"POINT (9.740064912000037 52.366998151000075)",Unfall 224716 (2019) Kat:2, Licht: 0,224716,2,1,0,08,19,7,1,0,1,0,0,0
"POINT (9.712976912000045 52.360894928000050)",Unfall 224743 (2019) Kat:3, Licht: 0,224743,3,6,3,08,18,6,0,0,0,1,0,1
"POINT (9.746958452000058 52.353477521000059)",Unfall 224744 (2019) Kat:3, Licht: 2,224744,3,7,6,08,23,6,0,2,0,1,1,0
"POINT (9.784460035000052 52.360263870000040)",Unfall 224745 (2019) Kat:3, Licht: 2,224745,3,7,0,08,21,6,1,2,1,0,0,0
"POINT (9.751333618000047 52.372384913000076)",Unfall 224746 (2019) Kat:3, Licht: 0,224746,3,2,5,08,07,6,0,0,1,1,0,0
"POINT (9.854355613000053 52.391546044000052)",Unfall 224747 (2019) Kat:3, Licht: 0,224747,3,7,0,08,19,6,1,0,0,0,1,0
"POINT (9.458940529000074 52.513732603000051)",Unfall 224748 (2019) Kat:3, Licht: 0,224748,3,3,5,08,20,6,0,0,1,1,0,0
"POINT (9.979648106000070 52.371090074000051)",Unfall 224749 (2019) Kat:2, Licht: 0,224749,2,4,6,08,14,6,0,0,0,1,1,0
"POINT (9.614411833000077 52.419549749000055)",Unfall 224750 (2019) Kat:3, Licht: 0,224750,3,3,5,08,10,6,0,0,1,1,0,0
"POINT (9.736254959000064 52.362699212000052)",Unfall 224770 (2019) Kat:3, Licht: 2,224770,3,4,6,08,00,5,0,2,0,1,1,0
"POINT (9.750764064000066 52.375815483000054)",Unfall 224771 (2019) Kat:3, Licht: 0,224771,3,2,3,08,20,5,0,0,1,1,0,0
"POINT (9.734843965000039 52.380307121000044)",Unfall 224772 (2019) Kat:3, Licht: 0,224772,3,2,5,08,20,5,0,0,0,1,0,0
"POINT (9.739327000000060 52.376179985000078)",Unfall 224773 (2019) Kat:3, Licht: 0,224773,3,7,0,08,07,5,0,0,1,0,1,0
"POINT (9.720195744000023 52.456996658000037)",Unfall 224774 (2019) Kat:3, Licht: 0,224774,3,3,5,08,14,5,0,0,0,1,0,0
"POINT (9.856810834000044 52.493589308000026)",Unfall 224775 (2019) Kat:3, Licht: 0,224775,3,5,5,08,17,5,0,0,1,1,0,0
"POINT (9.754476634000071 52.389467888000070)",Unfall 224776 (2019) Kat:3, Licht: 0,224776,3,2,0,08,09,5,0,0,1,1,0,0
"POINT (9.704784486000051 52.351834919000055)",Unfall 224793 (2019) Kat:3, Licht: 1,224793,3,2,5,07,05,4,1,1,1,1,0,0
"POINT (9.566012192000073 52.396119862000035)",Unfall 224794 (2019) Kat:3, Licht: 0,224794,3,3,5,07,11,4,0,0,0,1,0,0
"POINT (9.616361637000068 52.426792448000072)",Unfall 224795 (2019) Kat:3, Licht: 1,224795,3,6,2,07,20,4,0,1,0,1,0,1
"POINT (9.690241425000068 52.374308411000072)",Unfall 224796 (2019) Kat:2, Licht: 0,224796,2,7,2,07,18,4,0,0,0,1,0,1
"POINT (9.825381345000039 52.288496176000081)",Unfall 224816 (2019) Kat:3, Licht: 2,224816,3,1,4,08,20,7,1,2,0,1,0,0
"POINT (9.826579037000045 52.391638983000064)",Unfall 224817 (2019) Kat:3, Licht: 2,224817,3,5,1,08,00,7,0,2,0,1,0,0
"POINT (9.718366737000054 52.331558905000065)",Unfall 224849 (2019) Kat:3, Licht: 1,224849,3,2,5,08,20,6,0,1,1,1,0,0
"POINT (9.704582054000071 52.369706566000048)",Unfall 224850 (2019) Kat:3, Licht: 0,224850,3,1,0,08,08,6,1,0,0,0,0,1
"POINT (9.754971261000037 52.363089411000033)",Unfall 224851 (2019) Kat:3, Licht: 0,224851,3,5,2,08,15,6,0,0,1,1,0,0
"POINT (9.764287017000072 52.395889122000028)",Unfall 224852 (2019) Kat:3, Licht: 0,224852,3,4,0,08,14,6,0,0,0,0,1,0
"POINT (9.763819687000023 52.398213270000042)",Unfall 224853 (2019) Kat:3, Licht: 0,224853,3,2,3,08,12,6,0,0,1,1,0,0
"POINT (9.553507412000045 52.212036333000071)",Unfall 224854 (2019) Kat:3, Licht: 0,224854,3,3,5,08,19,6,0,0,0,1,0,0
"POINT (9.998101384000051 52.386974434000081)",Unfall 224855 (2019) Kat:3, Licht: 0,224855,3,1,8,08,18,6,0,0,0,0,0,1
"POINT (9.967550160000030 52.371726577000061)",Unfall 224856 (2019) Kat:3, Licht: 0,224856,3,3,5,08,11,6,0,0,1,1,0,0
"POINT (9.793592476000072 52.394845079000049)",Unfall 224857 (2019) Kat:3, Licht: 0,224857,3,2,5,08,18,6,0,0,0,1,0,0
"POINT (9.743752375000042 52.384937732000026)",Unfall 224858 (2019) Kat:3, Licht: 0,224858,3,2,5,08,07,6,1,0,1,1,0,0
"POINT (9.750966402000074 52.348367216000042)",Unfall 224859 (2019) Kat:2, Licht: 0,224859,2,2,5,08,07,6,1,0,1,1,0,0
"POINT (9.717208805000041 52.333002606000036)",Unfall 224889 (2019) Kat:3, Licht: 0,224889,3,6,2,08,06,5,0,0,0,1,0,0
"POINT (9.704504753000038 52.374470509000048)",Unfall 224890 (2019) Kat:3, Licht: 0,224890,3,1,0,08,19,5,1,0,1,0,0,0
"POINT (9.669770600000049 52.355188742000053)",Unfall 224891 (2019) Kat:3, Licht: 0,224891,3,2,5,08,11,5,1,0,1,1,0,0
"POINT (9.754711325000073 52.360261286000082)",Unfall 224892 (2019) Kat:3, Licht: 0,224892,3,3,5,08,10,5,1,0,1,1,0,0
"POINT (9.832834704000049 52.391453045000048)",Unfall 224893 (2019) Kat:3, Licht: 0,224893,3,3,5,08,12,5,1,0,1,1,0,0
"POINT (9.729202763000046 52.394112619000055)",Unfall 224894 (2019) Kat:3, Licht: 0,224894,3,1,8,08,18,5,1,0,0,0,0,0
"POINT (9.713189412000077 52.384499352000034)",Unfall 224895 (2019) Kat:3, Licht: 0,224895,3,1,0,08,11,5,1,0,1,0,0,0
"POINT (9.551836261000062 52.210422851000033)",Unfall 224896 (2019) Kat:3, Licht: 0,224896,3,5,1,08,12,5,0,0,1,1,0,0
"POINT (9.698897807000037 52.441685798000037)",Unfall 224897 (2019) Kat:3, Licht: 1,224897,3,3,5,08,17,5,1,1,0,1,0,0
"POINT (9.742202339000073 52.437999545000082)",Unfall 224898 (2019) Kat:3, Licht: 0,224898,3,6,2,08,13,5,0,0,0,1,0,0
"POINT (10.007633417000022 52.449691597000026)",Unfall 224899 (2019) Kat:3, Licht: 0,224899,3,2,2,08,08,5,1,0,0,1,0,0
"POINT (9.815178497000034 52.385740918000067)",Unfall 224900 (2019) Kat:3, Licht: 0,224900,3,7,0,08,07,5,1,0,0,0,0,1
"POINT (9.754915915000026 52.360400804000051)",Unfall 224901 (2019) Kat:1, Licht: 0,224901,1,2,5,08,09,5,1,0,1,1,0,0
"POINT (9.815236945000038 52.359690436000051)",Unfall 224938 (2019) Kat:3, Licht: 0,224938,3,2,2,08,15,4,0,0,0,1,0,0
"POINT (9.761737853000057 52.394885488000057)",Unfall 224939 (2019) Kat:3, Licht: 0,224939,3,6,2,08,18,4,0,0,0,1,0,0
"POINT (9.733426132000034 52.375638923000054)",Unfall 224940 (2019) Kat:2, Licht: 0,224940,2,6,6,08,18,4,0,0,0,0,1,0
"POINT (9.807748936000053 52.380407608000041)",Unfall 224941 (2019) Kat:3, Licht: 0,224941,3,4,6,08,11,4,0,0,0,1,1,0
"POINT (9.674461007000048 52.408246045000055)",Unfall 224966 (2019) Kat:3, Licht: 0,224966,3,3,5,08,17,3,0,0,0,1,0,0
"POINT (9.720748804000039 52.390973740000049)",Unfall 224967 (2019) Kat:3, Licht: 1,224967,3,6,6,08,06,3,0,1,1,0,1,0
"POINT (9.619978254000046 52.435947289000069)",Unfall 224968 (2019) Kat:3, Licht: 0,224968,3,3,5,08,09,3,1,0,0,1,0,1
"POINT (10.005060616000037 52.317671127000040)",Unfall 224969 (2019) Kat:3, Licht: 0,224969,3,7,5,08,12,3,0,0,1,1,0,0
"POINT (9.783030437000036 52.326387431000057)",Unfall 224970 (2019) Kat:3, Licht: 0,224970,3,3,5,08,14,3,0,0,0,1,0,1
"POINT (9.706770768000069 52.359521253000082)",Unfall 224971 (2019) Kat:3, Licht: 0,224971,3,6,3,08,16,3,0,0,0,1,0,0
"POINT (9.653584552000041 52.411978527000031)",Unfall 224992 (2019) Kat:3, Licht: 2,224992,3,3,0,08,21,2,1,2,0,0,0,1
"POINT (9.712762395000027 52.342044258000044)",Unfall 224993 (2019) Kat:3, Licht: 0,224993,3,5,1,08,07,2,0,0,0,1,0,0
"POINT (9.646312088000059 52.399275355000043)",Unfall 224994 (2019) Kat:3, Licht: 0,224994,3,7,0,08,13,2,0,0,1,0,0,0
"POINT (9.741307187000075 52.439694434000046)",Unfall 224995 (2019) Kat:3, Licht: 1,224995,3,7,0,08,20,2,1,1,1,0,0,0
"POINT (9.710628569000050 52.448282905000042)",Unfall 224996 (2019) Kat:3, Licht: 0,224996,3,3,5,08,14,2,0,0,0,1,0,1
"POINT (9.775318952000021 52.400360476000060)",Unfall 224997 (2019) Kat:3, Licht: 0,224997,3,3,5,08,19,2,1,0,1,1,0,0
"POINT (9.815694724000025 52.292153128000052)",Unfall 224998 (2019) Kat:3, Licht: 0,224998,3,2,2,08,14,2,0,0,0,1,0,0
"POINT (9.711454783000022 52.358566091000057)",Unfall 225021 (2019) Kat:3, Licht: 0,225021,3,1,0,08,13,1,0,0,1,0,0,0
"POINT (9.732528662000050 52.362206085000082)",Unfall 225022 (2019) Kat:3, Licht: 2,225022,3,2,5,08,03,1,0,2,1,1,0,0
"POINT (9.750966402000074 52.348367216000042)",Unfall 225023 (2019) Kat:2, Licht: 0,225023,2,7,0,08,19,1,0,0,1,0,0,0
"POINT (9.735185088000037 52.470452014000045)",Unfall 225024 (2019) Kat:3, Licht: 2,225024,3,7,0,08,00,1,0,2,1,0,0,0
"POINT (9.694337097000073 52.403781872000081)",Unfall 225025 (2019) Kat:3, Licht: 0,225025,3,1,0,08,18,1,0,0,1,0,0,0
"POINT (9.730646212000067 52.376169304000030)",Unfall 225026 (2019) Kat:3, Licht: 0,225026,3,2,5,08,20,1,0,0,1,1,0,0
"POINT (9.718464401000063 52.374423813000078)",Unfall 225045 (2019) Kat:3, Licht: 0,225045,3,7,0,08,19,7,0,0,1,0,0,0
"POINT (9.820120669000062 52.333022331000052)",Unfall 225046 (2019) Kat:3, Licht: 0,225046,3,6,2,08,12,7,0,0,0,1,0,0
"POINT (9.763420861000043 52.338656461000028)",Unfall 225047 (2019) Kat:3, Licht: 0,225047,3,4,6,08,11,7,0,0,1,0,1,0
"POINT (9.734305830000039 52.376724323000076)",Unfall 225048 (2019) Kat:3, Licht: 0,225048,3,2,5,08,15,7,0,0,1,1,0,0
"POINT (9.740139519000024 52.370767692000072)",Unfall 225049 (2019) Kat:3, Licht: 0,225049,3,3,5,08,14,7,0,0,0,1,0,0
"POINT (9.654224675000023 52.447699207000028)",Unfall 225050 (2019) Kat:3, Licht: 2,225050,3,1,0,08,22,7,0,2,1,0,0,0
"POINT (9.781597608000027 52.415651057000048)",Unfall 225051 (2019) Kat:3, Licht: 0,225051,3,1,0,08,17,7,0,0,0,0,0,1
"POINT (9.765614667000023 52.418601112000033)",Unfall 225052 (2019) Kat:3, Licht: 0,225052,3,2,5,08,08,7,0,0,0,1,0,0
"POINT (9.453961239000023 52.416417672000080)",Unfall 225061 (2019) Kat:3, Licht: 2,225061,3,3,5,08,22,1,0,2,0,1,0,0
"POINT (9.570308667000063 52.272926955000059)",Unfall 225062 (2019) Kat:3, Licht: 0,225062,3,2,5,08,09,1,0,0,1,1,0,0
"POINT (10.178113664000023 52.463764193000031)",Unfall 225063 (2019) Kat:3, Licht: 2,225063,3,5,1,08,00,1,0,2,1,1,0,0
"POINT (9.754518110000049 52.345312223000064)",Unfall 225064 (2019) Kat:3, Licht: 0,225064,3,6,3,08,17,1,0,0,1,0,0,0
"POINT (9.747336286000063 52.400101803000041)",Unfall 225065 (2019) Kat:3, Licht: 0,225065,3,6,3,08,14,1,0,0,1,0,0,0
"POINT (9.807205701000044 52.294834954000066)",Unfall 225081 (2019) Kat:3, Licht: 0,225081,3,1,0,08,11,1,0,0,1,0,0,0
"POINT (9.730564121000043 52.374862405000044)",Unfall 225093 (2019) Kat:3, Licht: 2,225093,3,6,2,08,23,7,0,2,0,1,0,0
"POINT (9.581347462000053 52.448460229000034)",Unfall 225094 (2019) Kat:3, Licht: 0,225094,3,7,8,08,20,7,0,0,0,1,0,0
"POINT (9.964715485000056 52.375575949000051)",Unfall 225095 (2019) Kat:3, Licht: 0,225095,3,7,1,08,12,7,0,0,1,1,0,0
"POINT (10.024207123000053 52.437830626000050)",Unfall 225096 (2019) Kat:3, Licht: 0,225096,3,6,2,08,10,7,0,0,0,1,0,0
"POINT (9.745176142000048 52.480464190000077)",Unfall 225097 (2019) Kat:3, Licht: 0,225097,3,2,5,08,20,7,0,0,0,1,0,0
"POINT (9.744980080000062 52.381242824000026)",Unfall 225098 (2019) Kat:3, Licht: 0,225098,3,5,1,08,19,7,0,0,0,1,0,1
"POINT (9.712507136000056 52.373556376000067)",Unfall 225099 (2019) Kat:2, Licht: 0,225099,2,5,1,08,13,7,0,0,1,1,0,0
"POINT (9.763204952000024 52.401571340000032)",Unfall 225100 (2019) Kat:3, Licht: 0,225100,3,3,5,08,10,7,0,0,1,1,0,0
"POINT (9.721803407000039 52.372241934000044)",Unfall 225136 (2019) Kat:3, Licht: 0,225136,3,5,1,08,08,6,0,0,1,1,0,0
"POINT (9.664047515000050 52.382897806000074)",Unfall 225137 (2019) Kat:3, Licht: 0,225137,3,5,3,08,12,6,0,0,0,1,0,1
"POINT (9.764190685000074 52.417462801000056)",Unfall 225138 (2019) Kat:3, Licht: 0,225138,3,3,5,08,10,6,0,0,0,1,0,0
"POINT (9.627976367000031 52.395214983000074)",Unfall 225139 (2019) Kat:3, Licht: 0,225139,3,6,4,08,13,6,0,0,0,1,0,0
"POINT (9.722888916000045 52.427381081000078)",Unfall 225140 (2019) Kat:3, Licht: 2,225140,3,1,0,08,23,6,0,2,1,0,0,0
"POINT (9.662207877000071 52.448612277000052)",Unfall 225141 (2019) Kat:3, Licht: 0,225141,3,2,4,08,14,6,0,0,1,1,0,0
"POINT (9.820140206000076 52.284668694000061)",Unfall 225142 (2019) Kat:3, Licht: 0,225142,3,7,0,08,17,6,0,0,1,0,0,0
"POINT (9.825255833000028 52.379049155000075)",Unfall 225143 (2019) Kat:3, Licht: 0,225143,3,2,5,08,12,6,0,0,0,1,0,0
"POINT (9.656464462000031 52.316414728000041)",Unfall 225144 (2019) Kat:2, Licht: 0,225144,2,7,0,08,08,6,0,0,0,0,0,0
"POINT (9.713788477000037 52.393153982000058)",Unfall 225145 (2019) Kat:3, Licht: 2,225145,3,6,4,08,05,6,0,2,1,0,0,0
"POINT (9.706245441000021 52.372691964000069)",Unfall 225175 (2019) Kat:3, Licht: 0,225175,3,3,5,08,16,5,0,0,1,1,0,0
"POINT (9.773495639000032 52.365194008000060)",Unfall 225176 (2019) Kat:3, Licht: 0,225176,3,7,0,08,14,5,0,0,0,0,0,1
"POINT (9.789015966000022 52.330405356000028)",Unfall 225177 (2019) Kat:3, Licht: 0,225177,3,2,5,08,19,5,0,0,1,1,0,0
"POINT (9.773343531000023 52.350849559000039)",Unfall 225178 (2019) Kat:2, Licht: 0,225178,2,1,9,08,13,5,0,0,1,0,0,0
"POINT (9.733836287000031 52.394806740000035)",Unfall 225179 (2019) Kat:3, Licht: 0,225179,3,6,4,08,16,5,0,0,1,0,0,0
"POINT (9.675237405000075 52.345017878000078)",Unfall 225180 (2019) Kat:3, Licht: 0,225180,3,5,1,08,09,5,0,0,1,0,0,0
"POINT (9.961837774000060 52.389596621000067)",Unfall 225181 (2019) Kat:2, Licht: 0,225181,2,3,5,08,12,5,0,0,0,1,0,0
"POINT (9.756064971000058 52.368721969000035)",Unfall 225182 (2019) Kat:3, Licht: 0,225182,3,4,6,08,06,5,0,0,1,0,1,0
"POINT (9.705849820000026 52.372183217000043)",Unfall 225183 (2019) Kat:2, Licht: 0,225183,2,3,5,08,12,5,0,0,1,1,0,0
"POINT (9.670073367000043 52.355239616000063)",Unfall 225184 (2019) Kat:3, Licht: 0,225184,3,4,6,08,09,5,0,0,0,1,1,0
"POINT (9.788304385000060 52.397395807000066)",Unfall 225215 (2019) Kat:3, Licht: 0,225215,3,6,2,08,09,4,0,0,0,1,0,0
"POINT (9.753880247000041 52.264577119000080)",Unfall 225216 (2019) Kat:3, Licht: 0,225216,3,6,2,08,08,4,0,0,1,1,0,0
"POINT (9.609478059000026 52.446844716000044)",Unfall 225217 (2019) Kat:3, Licht: 0,225217,3,3,5,08,16,4,0,0,0,1,0,1
"POINT (9.766445356000077 52.564208716000053)",Unfall 225218 (2019) Kat:3, Licht: 0,225218,3,3,0,08,08,4,0,0,1,1,0,0
"POINT (9.674503941000069 52.435871910000060)",Unfall 225219 (2019) Kat:3, Licht: 0,225219,3,6,2,08,18,4,0,0,1,0,0,0
"POINT (9.799669336000022 52.398105635000036)",Unfall 225220 (2019) Kat:3, Licht: 0,225220,3,1,8,08,19,4,0,0,0,1,0,0
"POINT (9.738775083000064 52.394437776000075)",Unfall 225221 (2019) Kat:2, Licht: 0,225221,2,2,6,08,15,4,0,0,0,1,1,0
"POINT (9.787148259000048 52.443833720000043)",Unfall 225222 (2019) Kat:3, Licht: 0,225222,3,7,0,08,10,4,0,0,1,0,0,0
"POINT (9.705068247000042 52.374279523000041)",Unfall 225223 (2019) Kat:3, Licht: 2,225223,3,1,0,08,00,4,1,2,1,0,0,0
"POINT (9.750565957000049 52.375921563000077)",Unfall 225255 (2019) Kat:3, Licht: 0,225255,3,2,2,08,17,3,0,0,0,1,0,1
"POINT (9.842025694000029 52.489743109000074)",Unfall 225256 (2019) Kat:3, Licht: 0,225256,3,3,5,08,10,3,0,0,1,1,0,0
"POINT (10.021176537000031 52.436832936000030)",Unfall 225257 (2019) Kat:3, Licht: 0,225257,3,3,5,08,09,3,0,0,0,1,0,1
"POINT (9.820038011000065 52.389319525000076)",Unfall 225258 (2019) Kat:3, Licht: 0,225258,3,3,5,08,17,3,0,0,0,1,0,1
"POINT (9.724721804000069 52.344976389000067)",Unfall 225259 (2019) Kat:2, Licht: 0,225259,2,2,5,08,16,3,0,0,0,1,0,1
"POINT (9.724386420000030 52.363528634000033)",Unfall 225284 (2019) Kat:3, Licht: 0,225284,3,6,2,08,17,2,0,0,0,1,0,0
"POINT (9.971343887000046 52.315019063000079)",Unfall 225285 (2019) Kat:3, Licht: 0,225285,3,3,5,08,15,2,0,0,0,1,0,1
"POINT (9.739419980000037 52.453262764000044)",Unfall 225286 (2019) Kat:3, Licht: 0,225286,3,2,5,08,14,2,0,0,1,1,0,0
"POINT (10.199297334000050 52.465796765000050)",Unfall 225287 (2019) Kat:3, Licht: 0,225287,3,3,5,08,17,2,0,0,1,1,0,0
"POINT (9.743791868000074 52.411303551000060)",Unfall 225288 (2019) Kat:3, Licht: 0,225288,3,4,0,08,18,2,0,0,0,1,1,0
"POINT (9.750300885000058 52.388757233000035)",Unfall 225289 (2019) Kat:3, Licht: 0,225289,3,2,3,08,12,2,0,0,1,0,0,0
"POINT (9.694335021000029 52.339283244000057)",Unfall 225290 (2019) Kat:3, Licht: 0,225290,3,3,5,08,10,2,0,0,1,1,0,0
"POINT (9.763788020000050 52.363506162000078)",Unfall 225312 (2019) Kat:3, Licht: 2,225312,3,1,8,08,02,1,0,2,0,1,0,0
"POINT (9.740887167000039 52.399148506000074)",Unfall 225313 (2019) Kat:3, Licht: 0,225313,3,1,0,08,16,1,1,0,0,0,0,1
"POINT (9.757069115000036 52.370411955000066)",Unfall 225314 (2019) Kat:2, Licht: 0,225314,2,3,5,08,13,1,1,0,1,1,0,0
"POINT (9.961840163000034 52.389600299000051)",Unfall 225315 (2019) Kat:2, Licht: 2,225315,2,3,5,08,01,1,0,2,0,1,0,0
"POINT (9.691675144000044 52.329650336000043)",Unfall 225350 (2019) Kat:3, Licht: 0,225350,3,1,0,09,15,2,0,0,1,0,0,0
"POINT (9.748955049000074 52.350845205000041)",Unfall 225351 (2019) Kat:3, Licht: 0,225351,3,6,2,09,15,2,0,0,0,1,0,0
"POINT (9.750839558000052 52.375997566000080)",Unfall 225352 (2019) Kat:3, Licht: 0,225352,3,6,0,09,17,2,0,0,0,1,0,0
"POINT (9.754316723000045 52.368366168000080)",Unfall 225353 (2019) Kat:3, Licht: 0,225353,3,2,5,09,07,2,1,0,1,1,0,0
"POINT (9.763150611000071 52.410285753000039)",Unfall 225354 (2019) Kat:3, Licht: 0,225354,3,6,2,09,07,2,0,0,0,1,0,0
"POINT (9.791913327000032 52.402989558000058)",Unfall 225355 (2019) Kat:3, Licht: 0,225355,3,6,2,09,09,2,0,0,0,1,0,0
"POINT (9.464417038000022 52.504038913000045)",Unfall 225356 (2019) Kat:3, Licht: 0,225356,3,6,2,09,15,2,0,0,0,1,0,0
"POINT (9.763330513000028 52.369210038000062)",Unfall 225357 (2019) Kat:3, Licht: 0,225357,3,6,2,09,14,2,0,0,0,1,0,0
"POINT (9.798732884000060 52.385322218000056)",Unfall 225358 (2019) Kat:2, Licht: 0,225358,2,3,5,09,12,2,0,0,1,0,0,0
"POINT (9.724142228000062 52.346650165000028)",Unfall 225374 (2019) Kat:3, Licht: 0,225374,3,7,0,09,17,1,0,0,1,0,0,0
"POINT (9.684499892000076 52.396034126000075)",Unfall 225388 (2019) Kat:3, Licht: 2,225388,3,2,4,08,21,7,0,2,0,1,0,1
"POINT (9.694391876000054 52.376382726000031)",Unfall 225389 (2019) Kat:3, Licht: 0,225389,3,1,0,08,12,7,0,0,1,0,0,0
"POINT (9.734769774000029 52.373184186000060)",Unfall 225390 (2019) Kat:3, Licht: 2,225390,3,5,1,08,20,7,0,2,1,1,0,0
"POINT (9.747105976000057 52.373767323000038)",Unfall 225391 (2019) Kat:3, Licht: 0,225391,3,1,0,08,11,7,0,0,1,0,0,0
"POINT (9.908739035000053 52.495597398000029)",Unfall 225392 (2019) Kat:3, Licht: 0,225392,3,7,0,08,16,7,0,0,0,0,0,1
"POINT (9.817553233000069 52.381059633000064)",Unfall 225393 (2019) Kat:2, Licht: 0,225393,2,3,5,08,18,7,0,0,1,1,0,0
"POINT (9.721327980000069 52.390211693000026)",Unfall 225394 (2019) Kat:2, Licht: 0,225394,2,7,0,08,14,7,0,0,0,1,0,0
"POINT (9.728243430000021 52.370630969000047)",Unfall 225416 (2019) Kat:3, Licht: 0,225416,3,2,5,08,18,6,0,0,1,1,0,0
"POINT (9.806785045000027 52.307997635000049)",Unfall 225417 (2019) Kat:3, Licht: 0,225417,3,6,4,08,10,6,0,0,1,0,1,0
"POINT (9.706169761000069 52.403318813000055)",Unfall 225418 (2019) Kat:3, Licht: 0,225418,3,3,6,08,06,6,0,0,0,0,1,0
"POINT (9.805092726000055 52.421318021000047)",Unfall 225419 (2019) Kat:3, Licht: 0,225419,3,5,1,08,16,6,0,0,1,1,0,0
"POINT (9.429869197000073 52.420421351000073)",Unfall 225420 (2019) Kat:3, Licht: 0,225420,3,3,5,08,09,6,0,0,1,1,0,0
"POINT (9.664740733000031 52.236494874000073)",Unfall 225421 (2019) Kat:3, Licht: 0,225421,3,3,5,08,19,6,0,0,1,1,0,0
"POINT (9.980096989000060 52.376127131000032)",Unfall 225422 (2019) Kat:3, Licht: 1,225422,3,6,6,08,20,6,0,1,1,0,1,0
"POINT (9.669696016000046 52.354372640000065)",Unfall 225423 (2019) Kat:3, Licht: 0,225423,3,7,6,08,12,6,0,0,0,0,1,0
"POINT (9.712718470000027 52.384890155000051)",Unfall 225424 (2019) Kat:3, Licht: 0,225424,3,3,5,08,13,6,0,0,1,0,0,0
"POINT (9.804800646000047 52.378044788000068)",Unfall 225456 (2019) Kat:2, Licht: 0,225456,2,3,5,08,08,5,1,0,0,1,0,0
"POINT (9.713685367000039 52.403399524000065)",Unfall 225457 (2019) Kat:3, Licht: 2,225457,3,5,1,08,21,5,0,2,0,1,0,1
"POINT (9.791824334000069 52.402524858000049)",Unfall 225458 (2019) Kat:3, Licht: 0,225458,3,6,3,08,07,5,0,0,0,1,0,0
"POINT (10.010239005000074 52.448208700000066)",Unfall 225459 (2019) Kat:3, Licht: 0,225459,3,3,5,08,18,5,0,0,1,1,0,0
"POINT (9.690412317000039 52.443466794000074)",Unfall 225460 (2019) Kat:2, Licht: 0,225460,2,3,5,08,12,5,0,0,0,1,0,0
"POINT (9.719398791000060 52.396863001000042)",Unfall 225461 (2019) Kat:3, Licht: 0,225461,3,3,5,08,07,5,1,0,0,1,0,0
"POINT (9.750299039000026 52.370512002000055)",Unfall 225485 (2019) Kat:3, Licht: 0,225485,3,7,6,08,14,4,0,0,0,0,1,0
"POINT (9.748527544000069 52.385580763000064)",Unfall 225486 (2019) Kat:3, Licht: 0,225486,3,1,0,08,06,4,0,0,1,0,0,0
"POINT (9.974049984000033 52.383698239000068)",Unfall 225487 (2019) Kat:2, Licht: 2,225487,2,2,5,08,21,4,0,2,0,1,0,0
"POINT (9.991058501000055 52.410356363000062)",Unfall 225488 (2019) Kat:3, Licht: 0,225488,3,3,5,08,16,4,0,0,1,1,0,0
"POINT (9.767468236000070 52.338699127000041)",Unfall 225515 (2019) Kat:3, Licht: 0,225515,3,7,0,08,14,3,0,0,0,0,0,1
"POINT (9.734108673000037 52.403454011000065)",Unfall 225516 (2019) Kat:3, Licht: 0,225516,3,6,2,08,15,3,0,0,0,1,0,0
"POINT (9.734889479000060 52.380222784000068)",Unfall 225517 (2019) Kat:3, Licht: 0,225517,3,6,3,08,19,3,0,0,0,1,0,0
"POINT (9.970777911000027 52.374517465000054)",Unfall 225518 (2019) Kat:3, Licht: 0,225518,3,6,3,08,10,3,0,0,1,1,0,0
"POINT (9.718161486000042 52.452259875000038)",Unfall 225519 (2019) Kat:3, Licht: 0,225519,3,6,2,08,16,3,0,0,0,1,0,1
"POINT (10.020231594000052 52.440355899000053)",Unfall 225520 (2019) Kat:3, Licht: 0,225520,3,3,5,08,08,3,0,0,1,1,0,0
"POINT (9.728802305000045 52.373086507000039)",Unfall 225521 (2019) Kat:3, Licht: 1,225521,3,1,0,08,20,3,0,1,0,0,0,0
"POINT (9.983531265000067 52.466170182000042)",Unfall 225522 (2019) Kat:3, Licht: 0,225522,3,2,2,08,16,3,0,0,1,1,0,0
"POINT (9.782174484000052 52.328986692000058)",Unfall 225523 (2019) Kat:3, Licht: 0,225523,3,1,0,08,15,3,0,0,1,0,0,0
"POINT (9.695583071000044 52.408841318000043)",Unfall 225524 (2019) Kat:3, Licht: 0,225524,3,2,5,08,13,3,0,0,1,1,0,0
"POINT (9.596424027000069 52.460152629000049)",Unfall 225525 (2019) Kat:2, Licht: 0,225525,2,6,8,08,07,3,0,0,1,0,0,0
"POINT (9.744545446000075 52.385084853000080)",Unfall 225526 (2019) Kat:3, Licht: 0,225526,3,3,5,08,07,3,0,0,1,1,0,0
"POINT (9.719132811000065 52.365761121000048)",Unfall 225556 (2019) Kat:3, Licht: 0,225556,3,5,1,08,18,2,0,0,1,1,0,0
"POINT (9.857572313000048 52.411023258000057)",Unfall 225557 (2019) Kat:3, Licht: 0,225557,3,7,0,08,13,2,0,0,0,1,1,0
"POINT (9.839389644000050 52.422499696000045)",Unfall 225558 (2019) Kat:3, Licht: 0,225558,3,2,2,08,16,2,0,0,0,1,0,0
"POINT (9.819414406000021 52.356099509000046)",Unfall 225559 (2019) Kat:1, Licht: 0,225559,1,3,5,08,10,2,0,0,1,1,0,0
"POINT (9.739641079000023 52.381208054000069)",Unfall 225560 (2019) Kat:3, Licht: 0,225560,3,3,5,08,09,2,0,0,1,1,0,0
"POINT (9.701458710000054 52.395903760000067)",Unfall 225605 (2019) Kat:3, Licht: 0,225605,3,6,2,09,13,3,0,0,0,1,0,0
"POINT (9.748865841000054 52.365556324000067)",Unfall 225606 (2019) Kat:3, Licht: 0,225606,3,5,1,09,07,3,0,0,1,1,0,0
"POINT (9.762600242000076 52.415881552000030)",Unfall 225607 (2019) Kat:3, Licht: 0,225607,3,3,5,09,09,3,0,0,1,0,0,0
"POINT (9.602659147000054 52.305991777000031)",Unfall 225608 (2019) Kat:3, Licht: 0,225608,3,5,0,09,07,3,0,0,1,1,0,0
"POINT (9.744724615000052 52.449246960000039)",Unfall 225609 (2019) Kat:3, Licht: 0,225609,3,3,5,09,10,3,0,0,1,1,0,0
"POINT (9.829623376000029 52.425234868000075)",Unfall 225610 (2019) Kat:2, Licht: 0,225610,2,4,0,09,11,3,0,0,0,1,1,0
"POINT (9.736865628000032 52.383375435000062)",Unfall 225611 (2019) Kat:3, Licht: 0,225611,3,6,3,09,11,3,0,0,0,1,0,0
"POINT (9.700289058000067 52.341630106000082)",Unfall 225645 (2019) Kat:3, Licht: 0,225645,3,3,5,09,12,2,1,0,1,1,0,0
"POINT (9.720285612000055 52.387783880000029)",Unfall 225646 (2019) Kat:3, Licht: 0,225646,3,5,1,09,15,2,0,0,1,1,0,0
"POINT (9.802728578000028 52.397504351000066)",Unfall 225647 (2019) Kat:3, Licht: 0,225647,3,7,7,09,07,2,0,0,0,0,0,1
"POINT (9.590715990000035 52.439956083000027)",Unfall 225648 (2019) Kat:3, Licht: 0,225648,3,3,5,09,16,2,0,0,1,1,0,0
"POINT (9.976785461000077 52.376792786000067)",Unfall 225649 (2019) Kat:3, Licht: 0,225649,3,7,1,09,16,2,0,0,0,1,0,0
"POINT (9.738013972000033 52.382155738000051)",Unfall 225650 (2019) Kat:3, Licht: 0,225650,3,2,5,09,08,2,0,0,1,0,0,0
"POINT (9.658533705000025 52.406193631000065)",Unfall 225675 (2019) Kat:3, Licht: 2,225675,3,6,2,09,00,1,1,2,0,1,0,0
"POINT (9.739768596000033 52.365780871000027)",Unfall 225676 (2019) Kat:3, Licht: 0,225676,3,6,0,09,13,1,0,0,0,1,0,1
"POINT (9.476467018000051 52.423411120000026)",Unfall 225677 (2019) Kat:3, Licht: 0,225677,3,3,5,09,15,1,0,0,1,1,0,0
"POINT (9.745859792000033 52.378982271000041)",Unfall 225678 (2019) Kat:2, Licht: 0,225678,2,3,5,09,18,1,0,0,1,1,0,0
"POINT (9.722591838000028 52.377304340000080)",Unfall 225703 (2019) Kat:3, Licht: 0,225703,3,5,3,09,17,7,0,0,0,1,0,0
"POINT (9.800540455000032 52.335198170000069)",Unfall 225704 (2019) Kat:3, Licht: 0,225704,3,3,5,09,13,7,1,0,1,1,0,0
"POINT (9.761893935000046 52.263118750000046)",Unfall 225705 (2019) Kat:3, Licht: 0,225705,3,5,0,09,08,7,1,0,1,1,0,0
"POINT (9.860529330000077 52.475427797000066)",Unfall 225706 (2019) Kat:2, Licht: 0,225706,2,7,0,09,18,7,0,0,1,0,0,0
"POINT (9.464546585000051 52.492928611000082)",Unfall 225707 (2019) Kat:2, Licht: 2,225707,2,5,1,09,03,7,0,2,1,1,0,0
"POINT (9.724152382000057 52.347032653000042)",Unfall 225733 (2019) Kat:3, Licht: 0,225733,3,4,6,09,11,6,0,0,0,1,1,0
"POINT (9.809121321000021 52.369906123000078)",Unfall 225734 (2019) Kat:3, Licht: 0,225734,3,7,1,09,09,6,0,0,0,1,0,0
"POINT (9.842170690000046 52.387885300000050)",Unfall 225735 (2019) Kat:3, Licht: 0,225735,3,3,5,09,07,6,0,0,1,1,0,0
"POINT (9.698546907000036 52.412220304000073)",Unfall 225736 (2019) Kat:3, Licht: 0,225736,3,3,5,09,13,6,0,0,0,1,0,0
"POINT (9.736022512000034 52.416053424000040)",Unfall 225737 (2019) Kat:3, Licht: 0,225737,3,3,5,09,13,6,0,0,0,1,0,0
"POINT (9.736053231000028 52.416230303000077)",Unfall 225738 (2019) Kat:3, Licht: 0,225738,3,3,5,09,12,6,0,0,0,1,0,0
"POINT (9.749850086000038 52.392588278000062)",Unfall 225739 (2019) Kat:3, Licht: 0,225739,3,6,1,09,16,6,0,0,1,1,0,0
"POINT (9.610752364000064 52.414654786000028)",Unfall 225740 (2019) Kat:3, Licht: 0,225740,3,3,5,09,07,6,0,0,1,1,0,0
"POINT (9.718459060000043 52.453845364000074)",Unfall 225741 (2019) Kat:3, Licht: 0,225741,3,6,3,09,07,6,0,0,1,0,0,0
"POINT (9.733674555000050 52.362203450000038)",Unfall 225742 (2019) Kat:3, Licht: 0,225742,3,7,6,09,18,6,0,0,0,1,0,0
"POINT (9.765159488000052 52.393792357000052)",Unfall 225743 (2019) Kat:3, Licht: 0,225743,3,2,2,09,17,6,0,0,0,1,0,0
"POINT (9.743563182000059 52.372613274000059)",Unfall 225744 (2019) Kat:3, Licht: 0,225744,3,4,6,09,17,6,0,0,1,0,1,0
"POINT (9.750937717000056 52.410522027000070)",Unfall 225745 (2019) Kat:3, Licht: 0,225745,3,2,5,09,13,6,0,0,1,1,0,0
"POINT (9.701195589000065 52.392105880000031)",Unfall 225781 (2019) Kat:3, Licht: 0,225781,3,6,2,09,19,5,1,0,1,1,0,0
"POINT (9.739836535000052 52.383082375000072)",Unfall 225782 (2019) Kat:3, Licht: 0,225782,3,3,5,09,10,5,0,0,1,1,0,0
"POINT (9.726616510000042 52.424781020000069)",Unfall 225783 (2019) Kat:3, Licht: 0,225783,3,5,1,09,13,5,0,0,1,1,0,0
"POINT (10.007878696000034 52.440591927000071)",Unfall 225784 (2019) Kat:3, Licht: 0,225784,3,3,5,09,15,5,1,0,1,1,0,0
"POINT (9.726396679000061 52.388441177000061)",Unfall 225785 (2019) Kat:3, Licht: 0,225785,3,2,5,09,18,5,0,0,1,1,0,0
"POINT (9.673698511000055 52.356232286000079)",Unfall 225786 (2019) Kat:3, Licht: 0,225786,3,1,0,09,17,5,1,0,1,0,0,0
"POINT (9.686867859000074 52.392589644000054)",Unfall 225804 (2019) Kat:3, Licht: 0,225804,3,2,5,09,12,4,0,0,0,1,0,0
"POINT (9.721558123000023 52.360054918000060)",Unfall 225805 (2019) Kat:3, Licht: 0,225805,3,7,0,09,14,4,0,0,1,1,0,0
"POINT (9.724737717000039 52.358516034000047)",Unfall 225806 (2019) Kat:3, Licht: 0,225806,3,6,2,09,12,4,0,0,0,1,0,0
"POINT (9.723341085000072 52.377930710000044)",Unfall 225807 (2019) Kat:2, Licht: 0,225807,2,6,4,09,17,4,0,0,1,0,0,0
"POINT (9.741921275000038 52.375720666000063)",Unfall 225808 (2019) Kat:3, Licht: 1,225808,3,3,5,09,20,4,1,1,1,1,0,0
"POINT (9.734158789000048 52.374675506000074)",Unfall 225809 (2019) Kat:3, Licht: 0,225809,3,5,1,09,11,4,0,0,1,1,0,0
"POINT (9.619908427000041 52.435950446000049)",Unfall 225810 (2019) Kat:3, Licht: 0,225810,3,2,5,09,14,4,0,0,0,1,0,1
"POINT (9.741935292000051 52.375732432000063)",Unfall 225811 (2019) Kat:3, Licht: 2,225811,3,3,5,09,21,4,1,2,1,0,0,0
"POINT (9.790004004000025 52.397015453000051)",Unfall 225812 (2019) Kat:3, Licht: 0,225812,3,6,3,09,13,4,0,0,1,0,0,0
"POINT (9.719526190000067 52.362049910000053)",Unfall 225841 (2019) Kat:3, Licht: 0,225841,3,4,6,09,08,3,0,0,1,0,1,0
"POINT (9.667764013000067 52.358088394000049)",Unfall 225842 (2019) Kat:3, Licht: 0,225842,3,1,0,09,12,3,0,0,1,0,0,0
"POINT (9.776695148000044 52.332801340000060)",Unfall 225843 (2019) Kat:3, Licht: 2,225843,3,3,5,09,04,3,1,2,1,1,0,0
"POINT (9.602680995000071 52.394026565000047)",Unfall 225844 (2019) Kat:3, Licht: 0,225844,3,3,5,09,19,3,0,0,1,1,0,0
"POINT (9.746384461000048 52.383807775000037)",Unfall 225845 (2019) Kat:2, Licht: 2,225845,2,7,9,09,23,3,0,2,0,0,0,0
"POINT (9.723418279000043 52.377726274000054)",Unfall 225846 (2019) Kat:3, Licht: 0,225846,3,2,5,09,16,3,0,0,1,1,0,0
"POINT (9.725784350000026 52.397866698000030)",Unfall 225847 (2019) Kat:3, Licht: 0,225847,3,1,0,09,08,3,0,0,0,0,0,1
"POINT (9.924046615000066 52.378059496000049)",Unfall 225850 (2019) Kat:3, Licht: 0,225850,3,3,5,09,10,5,0,0,1,1,0,0
"POINT (9.700009822000027 52.436090525000054)",Unfall 225851 (2019) Kat:3, Licht: 0,225851,3,3,5,09,07,5,0,0,1,0,0,1
"POINT (9.717102167000064 52.344899268000063)",Unfall 225852 (2019) Kat:3, Licht: 0,225852,3,2,5,09,18,5,0,0,1,1,0,0
"POINT (9.730560179000065 52.374861107000072)",Unfall 225853 (2019) Kat:2, Licht: 0,225853,2,7,0,09,16,5,0,0,0,0,0,0
"POINT (9.838092984000070 52.493804124000064)",Unfall 225854 (2019) Kat:3, Licht: 0,225854,3,3,5,09,12,5,0,0,1,1,0,0
"POINT (9.735225905000050 52.370214056000066)",Unfall 225855 (2019) Kat:3, Licht: 0,225855,3,6,3,09,10,5,0,0,1,0,0,0
"POINT (9.812154162000070 52.401250685000036)",Unfall 225859 (2019) Kat:3, Licht: 0,225859,3,6,2,09,07,5,0,0,0,1,0,0
"POINT (9.739914541000076 52.382995777000076)",Unfall 225862 (2019) Kat:3, Licht: 0,225862,3,2,5,09,11,5,0,0,1,1,0,0
"POINT (9.739495219000048 52.376618426000050)",Unfall 225863 (2019) Kat:3, Licht: 2,225863,3,2,5,09,22,5,0,2,1,1,0,0
"POINT (9.552249737000068 52.214788847000079)",Unfall 225864 (2019) Kat:3, Licht: 0,225864,3,3,5,09,09,5,0,0,0,1,0,0
"POINT (9.825829952000049 52.285185993000027)",Unfall 225891 (2019) Kat:3, Licht: 0,225891,3,5,1,09,14,4,0,0,1,1,0,0
"POINT (9.785348067000030 52.373404794000066)",Unfall 225892 (2019) Kat:3, Licht: 0,225892,3,6,6,09,10,4,0,0,1,0,1,0
"POINT (9.733277935000047 52.392239200000063)",Unfall 225893 (2019) Kat:3, Licht: 0,225893,3,3,5,09,08,4,0,0,1,1,0,0
"POINT (9.695247011000049 52.442460745000062)",Unfall 225894 (2019) Kat:3, Licht: 0,225894,3,7,0,09,16,4,0,0,1,0,0,0
"POINT (9.813903041000060 52.398834848000035)",Unfall 225895 (2019) Kat:3, Licht: 0,225895,3,2,5,09,14,4,0,0,1,1,0,0
"POINT (9.734916436000049 52.370122350000031)",Unfall 225896 (2019) Kat:3, Licht: 0,225896,3,2,5,09,08,4,0,0,1,1,0,0
"POINT (9.750124536000044 52.376082230000065)",Unfall 225897 (2019) Kat:2, Licht: 0,225897,2,7,6,09,10,4,0,0,0,0,1,0
"POINT (9.763759635000042 52.398649855000031)",Unfall 225919 (2019) Kat:3, Licht: 0,225919,3,2,4,09,17,3,1,0,1,1,0,0
"POINT (9.732271954000055 52.376580969000031)",Unfall 225920 (2019) Kat:3, Licht: 0,225920,3,2,0,09,16,3,0,0,1,1,0,0
"POINT (9.606666837000034 52.439809309000054)",Unfall 225921 (2019) Kat:3, Licht: 0,225921,3,3,5,09,09,3,0,0,1,1,0,0
"POINT (9.968250825000041 52.374957826000070)",Unfall 225922 (2019) Kat:3, Licht: 0,225922,3,5,3,09,18,3,1,0,0,1,0,1
"POINT (9.724950311000043 52.384449474000064)",Unfall 225923 (2019) Kat:3, Licht: 0,225923,3,5,1,09,17,3,0,0,1,1,0,0
"POINT (9.809497115000056 52.332203004000064)",Unfall 225924 (2019) Kat:3, Licht: 0,225924,3,1,8,09,15,3,0,0,0,1,0,0
"POINT (9.723653717000047 52.387294345000043)",Unfall 225946 (2019) Kat:3, Licht: 0,225946,3,2,6,09,07,2,1,0,0,1,1,0
"POINT (9.750644823000073 52.375496816000066)",Unfall 225947 (2019) Kat:3, Licht: 0,225947,3,3,5,09,08,2,1,0,1,1,0,0
"POINT (9.731693451000069 52.375811253000052)",Unfall 225948 (2019) Kat:3, Licht: 0,225948,3,7,6,09,13,2,0,0,0,0,1,0
"POINT (9.578463993000071 52.276327025000057)",Unfall 225949 (2019) Kat:3, Licht: 0,225949,3,3,5,09,09,2,1,0,1,1,0,0
"POINT (9.465276962000075 52.314255710000054)",Unfall 225950 (2019) Kat:3, Licht: 0,225950,3,3,5,09,18,2,0,0,1,1,0,0
"POINT (10.010748084000056 52.439000598000064)",Unfall 225951 (2019) Kat:3, Licht: 0,225951,3,3,5,09,07,2,1,0,1,1,0,0
"POINT (9.715486401000021 52.335374867000041)",Unfall 225979 (2019) Kat:3, Licht: 0,225979,3,5,1,09,13,1,0,0,1,1,0,0
"POINT (9.706394250000074 52.372639986000081)",Unfall 225980 (2019) Kat:3, Licht: 2,225980,3,3,5,09,01,1,0,2,1,1,0,0
"POINT (9.758039433000022 52.370789988000070)",Unfall 225981 (2019) Kat:3, Licht: 0,225981,3,5,1,09,14,1,0,0,0,1,0,0
"POINT (9.882658437000032 52.507808357000044)",Unfall 225982 (2019) Kat:3, Licht: 2,225982,3,3,5,09,01,1,0,2,0,1,0,0
"POINT (10.160847334000039 52.436571958000059)",Unfall 225983 (2019) Kat:3, Licht: 0,225983,3,7,7,09,15,1,0,0,0,1,0,0
"POINT (9.429589636000060 52.420822108000038)",Unfall 225984 (2019) Kat:3, Licht: 0,225984,3,3,5,09,15,1,0,0,0,1,0,0
"POINT (9.741959112000075 52.394515754000054)",Unfall 226001 (2019) Kat:3, Licht: 0,226001,3,4,6,09,14,7,0,0,1,0,1,0
"POINT (9.496604372000036 52.292962623000051)",Unfall 226002 (2019) Kat:3, Licht: 0,226002,3,2,2,09,15,7,0,0,1,1,0,0
"POINT (9.992947723000043 52.446901353000044)",Unfall 226003 (2019) Kat:3, Licht: 2,226003,3,1,0,09,20,7,0,2,1,0,0,0
"POINT (9.456712646000028 52.413286380000045)",Unfall 226004 (2019) Kat:3, Licht: 0,226004,3,3,5,09,10,7,0,0,0,1,0,0
"POINT (9.664845756000034 52.409629356000039)",Unfall 226005 (2019) Kat:3, Licht: 0,226005,3,7,5,09,08,7,0,0,0,1,0,1
"POINT (9.819502447000048 52.429285080000056)",Unfall 226033 (2019) Kat:3, Licht: 0,226033,3,1,0,09,17,6,0,0,1,0,0,0
"POINT (9.738377097000068 52.372060217000069)",Unfall 226034 (2019) Kat:3, Licht: 0,226034,3,2,4,09,12,6,1,0,1,1,0,0
"POINT (9.667577143000074 52.341062000000079)",Unfall 226035 (2019) Kat:3, Licht: 0,226035,3,4,6,09,15,6,0,0,0,1,1,0
"POINT (9.724281672000075 52.602827231000049)",Unfall 226036 (2019) Kat:3, Licht: 1,226036,3,3,5,09,19,6,0,1,0,1,0,0
"POINT (9.733333906000041 52.450615143000050)",Unfall 226037 (2019) Kat:3, Licht: 0,226037,3,3,5,09,10,6,1,0,1,1,0,0
"POINT (9.851995192000061 52.429459183000063)",Unfall 226038 (2019) Kat:3, Licht: 0,226038,3,3,5,09,19,6,0,0,1,1,0,0
"POINT (9.743163828000036 52.375007151000034)",Unfall 226039 (2019) Kat:2, Licht: 0,226039,2,1,0,09,18,6,0,0,0,0,0,0
"POINT (9.739888335000046 52.383024870000042)",Unfall 226040 (2019) Kat:3, Licht: 0,226040,3,2,5,09,10,6,1,0,0,1,0,1
"POINT (9.816787025000053 52.378530115000046)",Unfall 226069 (2019) Kat:3, Licht: 0,226069,3,2,5,09,15,5,0,0,1,1,0,1
"POINT (9.752447557000039 52.366780338000069)",Unfall 226070 (2019) Kat:3, Licht: 0,226070,3,3,0,09,08,5,1,0,0,0,0,1
"POINT (9.756743662000076 52.340033392000066)",Unfall 226071 (2019) Kat:3, Licht: 0,226071,3,1,0,09,10,5,1,0,0,0,0,1
"POINT (9.765298483000038 52.417950600000040)",Unfall 226072 (2019) Kat:3, Licht: 0,226072,3,3,5,09,16,5,0,0,0,1,0,0
"POINT (9.719794433000061 52.374926686000038)",Unfall 226073 (2019) Kat:3, Licht: 2,226073,3,7,7,09,22,5,0,2,1,0,0,0
"POINT (9.602642185000036 52.435478232000037)",Unfall 226074 (2019) Kat:2, Licht: 0,226074,2,7,2,09,16,5,0,0,1,1,0,0
"POINT (9.712122849000025 52.360708572000078)",Unfall 226103 (2019) Kat:3, Licht: 0,226103,3,6,2,09,17,4,1,0,0,1,0,0
"POINT (9.718084280000028 52.351215478000029)",Unfall 226104 (2019) Kat:3, Licht: 0,226104,3,4,6,09,17,4,0,0,0,1,1,0
"POINT (9.709561725000071 52.360176420000073)",Unfall 226105 (2019) Kat:3, Licht: 0,226105,3,6,2,09,15,4,0,0,0,1,0,0
"POINT (9.789369043000022 52.330102376000070)",Unfall 226106 (2019) Kat:3, Licht: 1,226106,3,3,5,09,18,4,1,1,0,1,0,0
"POINT (9.597978669000042 52.420619296000041)",Unfall 226107 (2019) Kat:3, Licht: 0,226107,3,3,5,09,12,4,0,0,1,1,0,0
"POINT (9.849599682000076 52.436980507000044)",Unfall 226108 (2019) Kat:3, Licht: 0,226108,3,3,5,09,07,4,0,0,1,1,0,0
"POINT (9.737693374000060 52.399106169000049)",Unfall 226109 (2019) Kat:2, Licht: 0,226109,2,4,6,09,08,4,0,0,0,1,1,0
"POINT (9.821150583000076 52.342962848000070)",Unfall 226150 (2019) Kat:3, Licht: 0,226150,3,3,5,09,14,5,0,0,1,1,0,0
"POINT (9.763615139000024 52.395292861000030)",Unfall 226151 (2019) Kat:3, Licht: 0,226151,3,6,2,09,17,5,0,0,1,1,0,0
"POINT (9.436865526000076 52.424160007000069)",Unfall 226152 (2019) Kat:3, Licht: 1,226152,3,7,0,09,19,5,1,1,1,0,0,0
"POINT (9.591931721000037 52.417924383000070)",Unfall 226153 (2019) Kat:3, Licht: 0,226153,3,5,1,09,17,5,1,0,1,1,0,0
"POINT (9.738472889000036 52.390021687000058)",Unfall 226154 (2019) Kat:3, Licht: 2,226154,3,2,4,09,20,5,1,2,0,1,0,1
"POINT (9.756886076000058 52.365003700000045)",Unfall 226155 (2019) Kat:3, Licht: 0,226155,3,2,5,09,15,5,0,0,1,1,0,0
"POINT (9.738575267000044 52.355983875000049)",Unfall 226156 (2019) Kat:3, Licht: 0,226156,3,7,6,09,11,5,0,0,0,0,1,0
"POINT (9.550965372000064 52.209219513000050)",Unfall 226157 (2019) Kat:2, Licht: 0,226157,2,1,0,09,13,5,0,0,0,0,0,1
"POINT (9.741430411000067 52.378267649000065)",Unfall 226158 (2019) Kat:3, Licht: 2,226158,3,1,0,09,19,5,1,2,1,0,0,0
"POINT (9.717226773000050 52.345886930000063)",Unfall 226193 (2019) Kat:3, Licht: 0,226193,3,2,5,09,16,4,0,0,1,1,0,0
"POINT (9.700757086000067 52.368993852000074)",Unfall 226194 (2019) Kat:3, Licht: 0,226194,3,6,2,09,07,4,1,0,0,1,0,0
"POINT (9.756634151000071 52.338835575000076)",Unfall 226195 (2019) Kat:3, Licht: 2,226195,3,6,4,09,19,4,1,2,1,0,0,0
"POINT (9.591202082000052 52.418656649000070)",Unfall 226196 (2019) Kat:2, Licht: 0,226196,2,3,5,09,09,4,1,0,1,1,0,0
"POINT (9.742297385000029 52.437956473000042)",Unfall 226197 (2019) Kat:3, Licht: 0,226197,3,6,2,09,11,4,1,0,0,1,0,0
"POINT (9.799484553000070 52.479803897000068)",Unfall 226198 (2019) Kat:3, Licht: 0,226198,3,3,5,09,10,4,1,0,1,1,0,0
"POINT (9.710514515000057 52.367317613000068)",Unfall 226199 (2019) Kat:3, Licht: 0,226199,3,7,0,09,13,4,1,0,0,0,0,0
"POINT (9.669924996000077 52.362193718000071)",Unfall 226200 (2019) Kat:3, Licht: 1,226200,3,6,4,09,07,4,1,1,0,1,0,0
"POINT (9.693669923000073 52.400989792000075)",Unfall 226232 (2019) Kat:3, Licht: 1,226232,3,3,5,09,07,3,1,1,1,1,0,0
"POINT (9.675397499000042 52.377258099000073)",Unfall 226233 (2019) Kat:3, Licht: 1,226233,3,6,2,09,19,3,0,1,0,1,0,0
"POINT (9.792844358000025 52.376677483000037)",Unfall 226234 (2019) Kat:3, Licht: 0,226234,3,3,5,09,08,3,0,0,0,1,0,0
"POINT (9.755850069000076 52.377727384000082)",Unfall 226235 (2019) Kat:3, Licht: 0,226235,3,2,5,09,08,3,0,0,1,1,0,0
"POINT (9.731059323000068 52.378663501000062)",Unfall 226236 (2019) Kat:3, Licht: 1,226236,3,2,4,09,07,3,1,1,1,1,0,0
"POINT (9.893050752000022 52.350766737000072)",Unfall 226237 (2019) Kat:3, Licht: 0,226237,3,3,5,09,17,3,0,0,1,1,0,0
"POINT (10.024698108000052 52.447810107000066)",Unfall 226238 (2019) Kat:3, Licht: 0,226238,3,6,0,09,13,3,0,0,0,0,0,1
"POINT (9.686751674000050 52.349662689000070)",Unfall 226239 (2019) Kat:3, Licht: 0,226239,3,2,5,09,18,3,0,0,0,1,0,1
"POINT (9.710765955000056 52.367305563000059)",Unfall 226240 (2019) Kat:3, Licht: 0,226240,3,1,0,09,14,3,0,0,1,0,0,0
"POINT (9.660041176000050 52.406608270000049)",Unfall 226241 (2019) Kat:3, Licht: 0,226241,3,2,5,09,09,3,0,0,0,1,0,0
"POINT (9.716153131000056 52.399620046000052)",Unfall 226242 (2019) Kat:3, Licht: 0,226242,3,3,5,09,07,3,0,0,0,1,0,0
"POINT (9.774997727000027 52.368793773000050)",Unfall 226279 (2019) Kat:3, Licht: 0,226279,3,3,5,09,15,2,0,0,1,1,0,0
"POINT (9.765042978000054 52.417853814000068)",Unfall 226280 (2019) Kat:3, Licht: 0,226280,3,4,0,09,13,2,1,0,0,1,1,0
"POINT (9.750001378000036 52.376221108000038)",Unfall 226281 (2019) Kat:3, Licht: 0,226281,3,6,2,09,14,2,1,0,0,1,0,0
"POINT (9.735119268000062 52.391476832000080)",Unfall 226282 (2019) Kat:3, Licht: 0,226282,3,7,2,09,14,2,0,0,1,1,0,0
"POINT (9.738359256000024 52.369452280000075)",Unfall 226283 (2019) Kat:3, Licht: 0,226283,3,5,1,09,14,2,1,0,1,1,0,0
"POINT (9.729537184000037 52.378205986000069)",Unfall 226284 (2019) Kat:3, Licht: 0,226284,3,6,3,09,10,2,1,0,0,1,0,0
"POINT (9.701053002000037 52.366360130000032)",Unfall 226285 (2019) Kat:3, Licht: 0,226285,3,3,5,09,12,2,0,0,0,1,0,0
"POINT (9.803016212000046 52.401484312000036)",Unfall 226306 (2019) Kat:3, Licht: 0,226306,3,3,5,09,15,1,0,0,1,1,0,0
"POINT (9.350579086000039 52.452700697000068)",Unfall 226307 (2019) Kat:3, Licht: 0,226307,3,4,6,09,17,1,0,0,1,0,1,0
"POINT (9.705535229000077 52.438255143000049)",Unfall 226308 (2019) Kat:3, Licht: 2,226308,3,7,7,09,02,1,0,2,1,0,0,0
"POINT (9.721451344000059 52.381006336000041)",Unfall 226309 (2019) Kat:3, Licht: 2,226309,3,7,0,09,21,1,0,2,1,0,0,0
"POINT (9.742544655000074 52.358584662000055)",Unfall 226310 (2019) Kat:2, Licht: 2,226310,2,1,8,09,22,1,0,2,0,0,0,0
"POINT (9.765598860000068 52.343070339000064)",Unfall 226311 (2019) Kat:2, Licht: 1,226311,2,4,6,09,07,1,0,1,0,1,1,0
"POINT (9.705490599000029 52.374130361000027)",Unfall 226332 (2019) Kat:3, Licht: 0,226332,3,1,0,09,17,7,0,0,1,0,0,0
"POINT (9.813498892000041 52.311114670000052)",Unfall 226333 (2019) Kat:3, Licht: 0,226333,3,1,0,09,12,7,0,0,1,0,0,0
"POINT (9.734990111000059 52.374412280000058)",Unfall 226334 (2019) Kat:3, Licht: 2,226334,3,1,0,09,05,7,0,2,0,0,0,0
"POINT (9.880299015000048 52.350332597000033)",Unfall 226335 (2019) Kat:2, Licht: 2,226335,2,7,0,09,21,7,0,2,1,0,0,0
"POINT (9.736616881000032 52.442329084000050)",Unfall 226336 (2019) Kat:3, Licht: 0,226336,3,7,0,09,18,7,0,0,1,0,0,0
"POINT (9.723166980000030 52.369826577000026)",Unfall 226355 (2019) Kat:3, Licht: 0,226355,3,5,2,09,13,6,0,0,1,1,0,0
"POINT (9.973398203000045 52.376224989000036)",Unfall 226356 (2019) Kat:3, Licht: 0,226356,3,7,6,09,15,6,0,0,1,0,1,0
"POINT (9.753884653000057 52.395358822000048)",Unfall 226357 (2019) Kat:2, Licht: 2,226357,2,1,0,09,21,6,0,2,0,0,0,1
"POINT (9.718820373000028 52.390699676000054)",Unfall 226358 (2019) Kat:3, Licht: 0,226358,3,3,5,09,16,6,0,0,1,0,0,0
"POINT (9.720417478000059 52.375458878000074)",Unfall 226359 (2019) Kat:3, Licht: 0,226359,3,2,5,09,11,6,0,0,1,0,0,0
"POINT (9.739685596000072 52.381234511000059)",Unfall 226405 (2019) Kat:3, Licht: 0,226405,3,3,5,10,11,2,0,0,1,1,0,0
"POINT (9.446193683000047 52.422276835000048)",Unfall 226406 (2019) Kat:3, Licht: 0,226406,3,3,0,10,08,2,0,0,0,1,0,0
"POINT (9.732486426000037 52.379166019000081)",Unfall 226421 (2019) Kat:3, Licht: 2,226421,3,3,5,10,06,1,0,2,0,1,0,0
"POINT (9.690639389000069 52.418522204000055)",Unfall 226436 (2019) Kat:3, Licht: 0,226436,3,6,2,10,11,7,0,0,0,1,0,0
"POINT (9.744512137000072 52.395143298000050)",Unfall 226437 (2019) Kat:3, Licht: 2,226437,3,3,0,10,22,7,0,2,0,1,0,0
"POINT (9.961836579000021 52.389594783000064)",Unfall 226438 (2019) Kat:3, Licht: 0,226438,3,3,5,10,10,7,1,0,0,1,0,0
"POINT (9.791754343000036 52.402941608000049)",Unfall 226457 (2019) Kat:3, Licht: 2,226457,3,2,5,10,22,6,1,2,0,1,0,0
"POINT (9.964026551000075 52.391291833000082)",Unfall 226479 (2019) Kat:3, Licht: 1,226479,3,6,4,10,19,5,1,1,0,1,0,0
"POINT (9.674030330000051 52.413884408000058)",Unfall 226504 (2019) Kat:3, Licht: 0,226504,3,3,5,10,08,4,1,0,0,1,0,0
"POINT (9.692556336000052 52.396608914000069)",Unfall 226505 (2019) Kat:3, Licht: 2,226505,3,3,5,10,06,4,1,2,0,1,0,0
"POINT (10.009524497000029 52.436168065000061)",Unfall 226506 (2019) Kat:3, Licht: 0,226506,3,6,2,10,12,4,0,0,1,0,0,0
"POINT (9.736561492000021 52.371129124000049)",Unfall 226507 (2019) Kat:2, Licht: 0,226507,2,4,0,10,09,4,0,0,0,1,1,0
"POINT (9.683594522000021 52.394576032000032)",Unfall 226537 (2019) Kat:3, Licht: 0,226537,3,7,6,10,15,3,0,0,0,1,1,0
"POINT (9.731731894000063 52.336318026000072)",Unfall 226538 (2019) Kat:3, Licht: 2,226538,3,7,7,10,01,3,0,2,0,1,0,0
"POINT (9.728283428000054 52.376792217000059)",Unfall 226539 (2019) Kat:3, Licht: 0,226539,3,3,5,10,08,3,1,0,1,1,0,0
"POINT (9.819903510000074 52.389286957000081)",Unfall 226540 (2019) Kat:3, Licht: 1,226540,3,3,5,10,08,3,1,1,1,1,0,0
"POINT (9.763885402000028 52.397261473000071)",Unfall 226541 (2019) Kat:3, Licht: 0,226541,3,3,5,10,08,3,1,0,1,1,0,0
"POINT (9.759378303000062 52.361606527000049)",Unfall 226576 (2019) Kat:3, Licht: 0,226576,3,3,5,09,18,2,0,0,0,1,0,0
"POINT (9.791319262000059 52.403029702000026)",Unfall 226577 (2019) Kat:3, Licht: 0,226577,3,7,0,09,12,2,1,0,0,0,0,0
"POINT (9.754501390000030 52.389614136000034)",Unfall 226578 (2019) Kat:3, Licht: 0,226578,3,6,2,09,17,2,0,0,0,1,0,0
"POINT (9.614722460000053 52.417979186000082)",Unfall 226579 (2019) Kat:3, Licht: 0,226579,3,6,2,09,09,2,1,0,0,1,0,0
"POINT (10.021625805000042 52.436976683000069)",Unfall 226580 (2019) Kat:3, Licht: 0,226580,3,4,6,09,09,2,1,0,0,0,1,0
"POINT (9.802562222000063 52.377390590000061)",Unfall 226581 (2019) Kat:2, Licht: 0,226581,2,3,5,09,10,2,1,0,1,1,0,0
"POINT (9.779810937000036 52.400990739000065)",Unfall 226582 (2019) Kat:2, Licht: 0,226582,2,1,0,09,08,2,1,0,1,0,0,0
"POINT (9.695933123000032 52.409504093000066)",Unfall 226599 (2019) Kat:3, Licht: 2,226599,3,1,8,09,01,1,0,2,0,1,0,0
"POINT (9.553050167000038 52.207039701000042)",Unfall 226600 (2019) Kat:3, Licht: 0,226600,3,1,0,09,08,1,1,0,0,0,0,1
"POINT (9.714270103000047 52.371756247000064)",Unfall 226616 (2019) Kat:3, Licht: 0,226616,3,3,5,09,17,7,0,0,0,1,0,0
"POINT (9.706050987000026 52.367142263000062)",Unfall 226617 (2019) Kat:3, Licht: 0,226617,3,5,0,09,12,7,1,0,1,1,0,0
"POINT (9.760235619000071 52.356361021000055)",Unfall 226618 (2019) Kat:3, Licht: 0,226618,3,3,5,09,18,7,1,0,0,1,0,0
"POINT (9.723846226000035 52.383720627000059)",Unfall 226619 (2019) Kat:3, Licht: 2,226619,3,6,4,09,02,7,0,2,1,1,0,0
"POINT (9.982025567000051 52.467033054000069)",Unfall 226620 (2019) Kat:3, Licht: 0,226620,3,3,5,09,17,7,1,0,1,1,0,0
"POINT (9.723721120000050 52.338825252000049)",Unfall 226653 (2019) Kat:3, Licht: 0,226653,3,1,0,09,18,6,1,0,1,0,0,0
"POINT (9.834606684000050 52.283690072000070)",Unfall 226654 (2019) Kat:3, Licht: 0,226654,3,6,4,09,12,6,0,0,0,1,0,0
"POINT (9.774668974000065 52.403786436000075)",Unfall 226655 (2019) Kat:3, Licht: 0,226655,3,3,5,09,14,6,0,0,1,1,0,0
"POINT (9.778213017000041 52.401952908000055)",Unfall 226656 (2019) Kat:3, Licht: 0,226656,3,2,3,09,08,6,1,0,1,1,0,0
"POINT (9.726443144000029 52.377314254000055)",Unfall 226657 (2019) Kat:3, Licht: 0,226657,3,2,6,09,14,6,0,0,1,0,1,0
"POINT (9.456309883000074 52.394816045000027)",Unfall 226658 (2019) Kat:3, Licht: 2,226658,3,5,1,09,20,6,0,2,1,1,0,0
"POINT (9.979327604000048 52.378784587000041)",Unfall 226659 (2019) Kat:3, Licht: 0,226659,3,7,0,09,13,6,0,0,0,1,1,0
"POINT (9.740973158000031 52.449900963000061)",Unfall 226660 (2019) Kat:3, Licht: 0,226660,3,7,2,09,12,6,0,0,0,1,0,0
"POINT (9.720125676000066 52.436338532000036)",Unfall 226661 (2019) Kat:3, Licht: 0,226661,3,1,0,09,09,6,0,0,1,0,0,0
"POINT (9.739299157000062 52.370598413000039)",Unfall 226662 (2019) Kat:3, Licht: 0,226662,3,4,6,09,16,6,0,0,0,1,1,0
"POINT (9.851405243000045 52.362554905000081)",Unfall 226663 (2019) Kat:3, Licht: 0,226663,3,3,5,09,13,6,0,0,1,1,0,0
"POINT (9.731367010000042 52.376002677000031)",Unfall 226664 (2019) Kat:3, Licht: 0,226664,3,4,6,09,10,6,1,0,1,0,1,0
"POINT (9.735773618000053 52.383850894000034)",Unfall 226665 (2019) Kat:3, Licht: 0,226665,3,7,0,09,08,6,1,0,1,0,0,0
"POINT (9.720830711000076 52.389406780000058)",Unfall 226672 (2019) Kat:3, Licht: 0,226672,3,5,1,10,15,3,0,0,1,1,0,0
"POINT (9.911813928000072 52.360395901000061)",Unfall 226673 (2019) Kat:3, Licht: 0,226673,3,2,0,10,17,3,0,0,1,1,0,0
"POINT (9.734905787000059 52.380194669000048)",Unfall 226680 (2019) Kat:3, Licht: 0,226680,3,2,5,10,16,3,0,0,0,1,0,0
"POINT (9.746862204000024 52.392661963000080)",Unfall 226682 (2019) Kat:3, Licht: 2,226682,3,2,6,10,06,3,1,2,0,1,1,0
"POINT (9.445667985000057 52.421700644000055)",Unfall 226683 (2019) Kat:3, Licht: 2,226683,3,7,4,10,07,3,1,2,1,1,0,0
"POINT (9.758625793000022 52.359469962000048)",Unfall 226694 (2019) Kat:3, Licht: 1,226694,3,6,4,10,07,5,0,1,1,0,0,0
"POINT (9.819064541000046 52.429391324000051)",Unfall 226695 (2019) Kat:3, Licht: 0,226695,3,6,2,10,15,5,0,0,0,1,0,0
"POINT (9.964950600000066 52.315034824000065)",Unfall 226696 (2019) Kat:3, Licht: 0,226696,3,3,5,10,12,5,0,0,0,1,0,0
"POINT (9.710241926000037 52.372557467000036)",Unfall 226697 (2019) Kat:3, Licht: 2,226697,3,3,5,10,22,5,1,2,1,0,0,0
"POINT (9.726914663000059 52.375777742000082)",Unfall 226719 (2019) Kat:3, Licht: 0,226719,3,3,5,10,13,4,0,0,0,1,0,0
"POINT (9.769796267000061 52.342973174000065)",Unfall 226720 (2019) Kat:3, Licht: 0,226720,3,5,1,10,16,4,0,0,0,1,0,0
"POINT (9.781018472000028 52.398303935000058)",Unfall 226721 (2019) Kat:3, Licht: 0,226721,3,6,0,10,13,4,0,0,0,1,0,0
"POINT (9.775454127000046 52.396580581000080)",Unfall 226722 (2019) Kat:3, Licht: 0,226722,3,6,2,10,10,4,1,0,0,1,0,0
"POINT (9.727762090000056 52.580348281000056)",Unfall 226723 (2019) Kat:3, Licht: 0,226723,3,4,6,10,08,4,1,0,0,1,1,0
"POINT (9.751584296000033 52.372452210000063)",Unfall 226724 (2019) Kat:3, Licht: 0,226724,3,4,6,10,15,4,0,0,0,1,1,0
"POINT (9.692499444000021 52.396709413000053)",Unfall 226753 (2019) Kat:3, Licht: 0,226753,3,2,2,10,12,3,0,0,0,1,0,0
"POINT (9.600255088000040 52.415610575000073)",Unfall 226754 (2019) Kat:3, Licht: 0,226754,3,7,0,10,13,3,0,0,1,0,1,0
"POINT (9.972866727000053 52.361017507000042)",Unfall 226755 (2019) Kat:3, Licht: 0,226755,3,1,4,10,08,3,0,0,0,1,0,0
"POINT (10.012477380000064 52.449909128000058)",Unfall 226756 (2019) Kat:3, Licht: 0,226756,3,2,3,10,12,3,0,0,1,1,0,0
"POINT (9.769104865000031 52.358422756000039)",Unfall 226757 (2019) Kat:3, Licht: 0,226757,3,3,5,10,15,3,0,0,1,0,0,1
"POINT (10.065549862000069 52.483499528000038)",Unfall 226758 (2019) Kat:2, Licht: 0,226758,2,3,5,10,15,3,0,0,1,1,0,0
"POINT (9.747179131000053 52.385468485000047)",Unfall 226759 (2019) Kat:3, Licht: 0,226759,3,6,2,10,14,3,0,0,0,1,0,0
"POINT (9.744268586000032 52.452578426000059)",Unfall 226783 (2019) Kat:3, Licht: 0,226783,3,3,5,10,15,2,0,0,1,1,0,0
"POINT (9.738781532000076 52.376039886000058)",Unfall 226784 (2019) Kat:3, Licht: 0,226784,3,7,6,10,15,2,0,0,0,1,1,0
"POINT (9.670338402000027 52.409122174000061)",Unfall 226785 (2019) Kat:2, Licht: 0,226785,2,3,5,10,11,2,0,0,1,1,0,0
"POINT (9.739623359000063 52.376873615000079)",Unfall 226786 (2019) Kat:3, Licht: 0,226786,3,6,3,10,08,2,0,0,1,0,0,0
"POINT (9.710410653000054 52.367311387000029)",Unfall 226787 (2019) Kat:3, Licht: 2,226787,3,1,0,10,05,2,1,2,1,0,0,0
"POINT (9.666648375000023 52.381877533000079)",Unfall 226801 (2019) Kat:3, Licht: 2,226801,3,5,1,10,19,1,0,2,1,1,0,0
"POINT (9.742887025000073 52.378108870000062)",Unfall 226802 (2019) Kat:3, Licht: 2,226802,3,4,6,10,01,1,0,2,0,1,1,0
"POINT (9.936989583000070 52.296287229000029)",Unfall 226803 (2019) Kat:2, Licht: 0,226803,2,2,2,10,14,1,0,0,1,0,0,0
"POINT (9.741907662000074 52.375709240000049)",Unfall 226804 (2019) Kat:3, Licht: 0,226804,3,3,5,10,09,1,0,0,1,1,0,0
"POINT (9.713247518000060 52.371457235000037)",Unfall 226818 (2019) Kat:3, Licht: 2,226818,3,4,6,10,23,7,0,2,0,1,1,0
"POINT (9.745140863000074 52.360869887000035)",Unfall 226819 (2019) Kat:3, Licht: 2,226819,3,7,0,10,18,7,0,2,1,1,0,0
"POINT (9.730259202000070 52.396981253000035)",Unfall 226820 (2019) Kat:3, Licht: 0,226820,3,2,5,10,12,7,0,0,1,0,0,0
"POINT (9.791592411000067 52.403208977000077)",Unfall 226821 (2019) Kat:3, Licht: 2,226821,3,6,2,10,05,7,0,2,0,1,0,0
"POINT (9.733851592000065 52.398776405000035)",Unfall 226840 (2019) Kat:3, Licht: 0,226840,3,5,1,10,16,6,0,0,1,1,0,0
"POINT (9.736057152000058 52.416158699000050)",Unfall 226841 (2019) Kat:3, Licht: 1,226841,3,3,5,10,18,6,0,1,0,1,0,0
"POINT (9.741149637000035 52.383675509000057)",Unfall 226842 (2019) Kat:3, Licht: 0,226842,3,6,2,10,16,6,0,0,1,1,0,0
"POINT (9.458607676000042 52.503172459000041)",Unfall 226843 (2019) Kat:3, Licht: 0,226843,3,2,4,10,09,6,1,0,0,1,0,0
"POINT (9.597596104000047 52.434907603000056)",Unfall 226844 (2019) Kat:3, Licht: 2,226844,3,7,2,10,22,6,0,2,0,1,0,0
"POINT (9.666477652000026 52.401544003000026)",Unfall 226845 (2019) Kat:3, Licht: 2,226845,3,5,1,10,20,6,0,2,0,1,0,1
"POINT (9.733727033000037 52.362139584000033)",Unfall 226846 (2019) Kat:3, Licht: 0,226846,3,3,5,10,15,6,0,0,1,1,0,0
"POINT (9.753216562000034 52.383114151000029)",Unfall 226847 (2019) Kat:3, Licht: 0,226847,3,5,1,10,08,6,1,0,0,1,0,1
"POINT (9.729239933000031 52.390731363000043)",Unfall 226848 (2019) Kat:3, Licht: 2,226848,3,2,5,10,06,6,1,2,1,1,0,0
"POINT (9.746130018000031 52.361901060000037)",Unfall 226849 (2019) Kat:3, Licht: 0,226849,3,6,2,10,08,6,1,0,1,1,0,0
"POINT (9.726149875000033 52.354019064000056)",Unfall 226850 (2019) Kat:3, Licht: 2,226850,3,1,8,10,02,6,1,2,0,1,0,0
"POINT (9.753419922000035 52.378344226000081)",Unfall 226872 (2019) Kat:3, Licht: 0,226872,3,2,4,10,17,5,1,0,0,1,0,0
"POINT (9.750839558000052 52.375997566000080)",Unfall 226873 (2019) Kat:3, Licht: 0,226873,3,6,2,10,11,5,0,0,0,1,0,0
"POINT (9.738008013000069 52.382159819000037)",Unfall 226874 (2019) Kat:3, Licht: 2,226874,3,2,2,10,19,5,0,2,0,1,0,0
"POINT (9.740242387000023 52.372347353000066)",Unfall 226875 (2019) Kat:3, Licht: 0,226875,3,3,5,10,16,5,0,0,1,0,0,0
"POINT (9.763015125000038 52.395209123000029)",Unfall 226876 (2019) Kat:2, Licht: 2,226876,2,2,5,10,06,5,1,2,0,1,0,0
"POINT (9.728665477000050 52.426730638000038)",Unfall 226894 (2019) Kat:2, Licht: 0,226894,2,1,0,10,18,4,1,0,1,0,0,0
"POINT (9.762534426000059 52.340825917000075)",Unfall 226895 (2019) Kat:3, Licht: 1,226895,3,3,5,10,18,4,1,1,0,1,0,0
"POINT (9.789771597000026 52.410251149000032)",Unfall 226919 (2019) Kat:3, Licht: 0,226919,3,2,5,10,12,3,1,0,1,1,0,0
"POINT (9.727768617000038 52.341777966000052)",Unfall 226931 (2019) Kat:3, Licht: 0,226931,3,7,0,10,13,6,0,0,1,0,0,0
"POINT (9.706050678000054 52.390826048000065)",Unfall 226936 (2019) Kat:3, Licht: 0,226936,3,4,6,10,16,6,0,0,0,1,1,0
"POINT (9.726361388000044 52.319573266000077)",Unfall 226940 (2019) Kat:3, Licht: 0,226940,3,3,5,10,09,6,0,0,0,1,0,0
"POINT (9.496626116000073 52.292912299000079)",Unfall 226941 (2019) Kat:3, Licht: 0,226941,3,3,5,10,17,6,0,0,1,1,0,0
"POINT (9.912576087000048 52.359351004000075)",Unfall 226942 (2019) Kat:3, Licht: 0,226942,3,2,2,10,14,6,0,0,0,1,0,0
"POINT (10.195273744000076 52.464256739000064)",Unfall 226943 (2019) Kat:3, Licht: 0,226943,3,3,5,10,17,6,0,0,1,1,0,0
"POINT (9.735287525000047 52.374366984000062)",Unfall 226944 (2019) Kat:3, Licht: 2,226944,3,7,0,10,21,6,0,2,1,0,0,0
"POINT (9.731611704000045 52.412303905000044)",Unfall 226945 (2019) Kat:2, Licht: 0,226945,2,3,5,10,14,6,0,0,0,1,0,1
"POINT (9.815118429000052 52.363719317000061)",Unfall 226975 (2019) Kat:3, Licht: 0,226975,3,3,5,10,12,5,0,0,0,1,0,0
"POINT (9.742705503000025 52.413223554000069)",Unfall 226976 (2019) Kat:3, Licht: 2,226976,3,2,0,10,06,5,0,2,1,1,0,0
"POINT (9.736596731000077 52.381149442000037)",Unfall 226977 (2019) Kat:3, Licht: 1,226977,3,4,6,10,19,5,1,1,1,0,1,0
"POINT (9.740870248000022 52.448448959000075)",Unfall 226978 (2019) Kat:3, Licht: 0,226978,3,2,5,10,16,5,0,0,1,1,0,0
"POINT (9.745816644000058 52.378878523000026)",Unfall 226979 (2019) Kat:2, Licht: 0,226979,2,3,5,10,09,5,0,0,1,1,0,0
"POINT (9.707423576000053 52.389413643000069)",Unfall 227009 (2019) Kat:3, Licht: 0,227009,3,3,5,10,12,4,0,0,1,1,0,0
"POINT (9.460675693000042 52.309811025000045)",Unfall 227010 (2019) Kat:3, Licht: 0,227010,3,3,5,10,15,4,0,0,1,1,0,0
"POINT (9.734196409000049 52.432229745000029)",Unfall 227011 (2019) Kat:3, Licht: 0,227011,3,7,0,10,10,4,0,0,1,1,0,0
"POINT (9.743778295000027 52.369013184000039)",Unfall 227012 (2019) Kat:3, Licht: 2,227012,3,3,5,10,19,4,0,2,1,0,0,0
"POINT (9.681140046000053 52.409494577000032)",Unfall 227044 (2019) Kat:3, Licht: 0,227044,3,3,5,10,13,3,1,0,1,0,0,0
"POINT (9.710933001000058 52.341935000000035)",Unfall 227045 (2019) Kat:3, Licht: 2,227045,3,2,5,10,19,3,0,2,1,1,0,0
"POINT (9.854243339000050 52.391360779000081)",Unfall 227046 (2019) Kat:3, Licht: 0,227046,3,3,5,10,15,3,0,0,0,1,0,0
"POINT (9.762517417000026 52.340852326000061)",Unfall 227047 (2019) Kat:3, Licht: 0,227047,3,3,5,10,15,3,0,0,0,1,0,1
"POINT (9.757983014000047 52.388730044000056)",Unfall 227048 (2019) Kat:2, Licht: 2,227048,2,5,1,10,22,3,0,2,0,1,0,0
"POINT (9.613506441000027 52.417212111000026)",Unfall 227049 (2019) Kat:3, Licht: 2,227049,3,6,4,10,06,3,0,2,0,1,0,0
"POINT (9.842276971000047 52.488802897000028)",Unfall 227050 (2019) Kat:3, Licht: 0,227050,3,6,6,10,13,3,0,0,1,0,1,0
"POINT (9.804972689000067 52.399504000000036)",Unfall 227051 (2019) Kat:3, Licht: 2,227051,3,4,6,10,20,3,0,2,0,1,1,0
"POINT (9.689727624000057 52.364740975000075)",Unfall 227052 (2019) Kat:2, Licht: 0,227052,2,2,5,10,14,3,0,0,1,1,0,0
"POINT (9.739993564000031 52.361985015000073)",Unfall 227087 (2019) Kat:3, Licht: 0,227087,3,6,2,10,07,2,1,0,0,1,0,0
"POINT (9.761824952000040 52.272506572000054)",Unfall 227088 (2019) Kat:3, Licht: 1,227088,3,6,2,10,07,2,1,1,0,1,0,0
"POINT (9.738470668000048 52.363348725000037)",Unfall 227089 (2019) Kat:3, Licht: 0,227089,3,2,5,10,14,2,0,0,1,1,0,0
"POINT (9.790362103000064 52.402558716000044)",Unfall 227107 (2019) Kat:3, Licht: 2,227107,3,6,3,10,22,1,1,2,0,1,0,0
"POINT (9.879781301000037 52.441325041000027)",Unfall 227108 (2019) Kat:3, Licht: 2,227108,3,3,5,10,23,1,1,2,0,1,0,0
"POINT (9.799147879000032 52.402755704000072)",Unfall 227109 (2019) Kat:3, Licht: 2,227109,3,3,5,10,19,1,1,2,1,1,0,0
"POINT (9.833821289000071 52.387332159000039)",Unfall 227125 (2019) Kat:3, Licht: 0,227125,3,3,5,10,12,7,0,0,1,1,0,0
"POINT (9.717681111000047 52.390863275000072)",Unfall 227126 (2019) Kat:3, Licht: 2,227126,3,7,0,10,00,7,0,2,0,0,0,0
"POINT (9.746586328000035 52.478841296000041)",Unfall 227127 (2019) Kat:3, Licht: 0,227127,3,6,4,10,09,7,0,0,1,0,0,0
"POINT (9.724510340000052 52.385264133000078)",Unfall 227128 (2019) Kat:3, Licht: 0,227128,3,7,6,10,12,7,0,0,1,0,1,0
"POINT (9.718777050000028 52.373821078000049)",Unfall 227129 (2019) Kat:2, Licht: 2,227129,2,1,0,10,01,7,0,2,0,0,0,0
"POINT (9.740565064000066 52.361474577000081)",Unfall 227154 (2019) Kat:3, Licht: 1,227154,3,2,4,10,07,6,1,1,1,1,0,0
"POINT (9.821297573000038 52.343006862000038)",Unfall 227155 (2019) Kat:3, Licht: 1,227155,3,3,5,10,17,6,0,1,0,1,0,0
"POINT (9.425377484000023 52.423932702000059)",Unfall 227156 (2019) Kat:3, Licht: 0,227156,3,4,6,10,12,6,0,0,0,1,1,0
"POINT (9.665362271000049 52.345009607000065)",Unfall 227157 (2019) Kat:3, Licht: 0,227157,3,7,8,10,13,6,0,0,0,1,0,0
"POINT (9.755463017000068 52.344058981000046)",Unfall 227158 (2019) Kat:3, Licht: 0,227158,3,5,1,10,15,6,0,0,0,1,0,0
"POINT (9.691804427000022 52.329641855000034)",Unfall 227159 (2019) Kat:2, Licht: 0,227159,2,2,5,10,12,6,0,0,1,1,0,0
"POINT (10.128881648000061 52.371152790000053)",Unfall 227186 (2019) Kat:2, Licht: 0,227186,2,4,6,11,13,1,0,0,0,1,1,0
"POINT (9.689749759000051 52.343400173000077)",Unfall 227206 (2019) Kat:2, Licht: 0,227206,2,1,0,11,10,7,1,0,1,0,0,0
"POINT (9.734091552000052 52.381358975000069)",Unfall 227207 (2019) Kat:3, Licht: 0,227207,3,6,2,11,11,7,1,0,0,1,0,0
"POINT (9.739461461000076 52.380825084000037)",Unfall 227234 (2019) Kat:3, Licht: 0,227234,3,2,4,11,13,6,0,0,1,1,0,0
"POINT (9.544834799000057 52.205658103000076)",Unfall 227235 (2019) Kat:3, Licht: 0,227235,3,3,5,11,11,6,0,0,0,1,0,0
"POINT (9.453949988000034 52.300397096000040)",Unfall 227236 (2019) Kat:3, Licht: 0,227236,3,7,6,11,11,6,1,0,1,0,1,0
"POINT (9.726623835000055 52.425678240000082)",Unfall 227237 (2019) Kat:3, Licht: 0,227237,3,1,7,11,07,6,0,0,0,1,0,0
"POINT (9.732936086000052 52.438690687000076)",Unfall 227238 (2019) Kat:3, Licht: 0,227238,3,4,6,11,11,6,0,0,0,1,1,0
"POINT (9.762978905000068 52.269217851000064)",Unfall 227239 (2019) Kat:2, Licht: 2,227239,2,4,6,11,19,6,1,2,0,1,1,0
"POINT (9.716859880000072 52.372748478000062)",Unfall 227240 (2019) Kat:3, Licht: 2,227240,3,6,2,11,18,6,1,2,0,1,0,0
"POINT (9.721515694000061 52.380362122000065)",Unfall 227261 (2019) Kat:3, Licht: 2,227261,3,5,1,10,04,5,0,2,0,1,0,0
"POINT (9.750161380000066 52.396248868000043)",Unfall 227262 (2019) Kat:3, Licht: 0,227262,3,1,1,10,12,5,0,0,0,1,0,0
"POINT (9.732285766000075 52.363586088000034)",Unfall 227263 (2019) Kat:2, Licht: 2,227263,2,4,6,10,05,5,0,2,0,1,1,0
"POINT (9.718875610000055 52.374135698000032)",Unfall 227264 (2019) Kat:2, Licht: 2,227264,2,7,0,10,01,5,0,2,1,0,0,0
"POINT (9.776753046000067 52.416477330000077)",Unfall 227289 (2019) Kat:3, Licht: 2,227289,3,7,0,10,18,4,0,2,0,0,1,0
"POINT (9.805225894000046 52.408461548000048)",Unfall 227290 (2019) Kat:3, Licht: 0,227290,3,2,3,10,15,4,0,0,1,1,0,0
"POINT (9.458184920000065 52.384589834000053)",Unfall 227291 (2019) Kat:3, Licht: 0,227291,3,5,1,10,08,4,0,0,0,1,0,0
"POINT (9.791195828000070 52.374440069000059)",Unfall 227292 (2019) Kat:3, Licht: 0,227292,3,3,5,10,15,4,0,0,1,0,0,0
"POINT (9.761298994000072 52.379997353000078)",Unfall 227293 (2019) Kat:3, Licht: 0,227293,3,3,5,10,16,4,0,0,0,1,0,0
"POINT (9.735847076000027 52.380779802000063)",Unfall 227294 (2019) Kat:3, Licht: 0,227294,3,6,2,10,14,4,0,0,0,1,0,0
"POINT (9.707918666000069 52.376436097000067)",Unfall 227295 (2019) Kat:3, Licht: 1,227295,3,3,5,10,07,4,0,1,1,1,0,0
"POINT (9.709210522000035 52.375987131000045)",Unfall 227322 (2019) Kat:3, Licht: 0,227322,3,6,2,10,14,3,0,0,1,1,0,0
"POINT (9.708117652000055 52.377811942000051)",Unfall 227323 (2019) Kat:3, Licht: 0,227323,3,6,0,10,12,3,0,0,1,1,0,0
"POINT (9.763425080000047 52.374964850000026)",Unfall 227324 (2019) Kat:3, Licht: 0,227324,3,2,4,10,12,3,0,0,1,1,0,0
"POINT (9.557600479000030 52.212266686000078)",Unfall 227325 (2019) Kat:3, Licht: 0,227325,3,3,5,10,14,3,0,0,0,1,0,0
"POINT (9.976013306000027 52.378436167000075)",Unfall 227326 (2019) Kat:3, Licht: 0,227326,3,3,5,10,14,3,0,0,1,0,0,0
"POINT (9.805384627000024 52.412344244000053)",Unfall 227327 (2019) Kat:3, Licht: 0,227327,3,2,5,10,12,3,0,0,1,1,0,0
"POINT (9.685840665000058 52.404097812000032)",Unfall 227328 (2019) Kat:3, Licht: 0,227328,3,7,0,10,09,3,0,0,1,0,0,0
"POINT (9.697431419000054 52.413561089000041)",Unfall 227367 (2019) Kat:3, Licht: 0,227367,3,6,2,10,14,2,0,0,0,1,0,0
"POINT (9.640367120000065 52.398100798000030)",Unfall 227368 (2019) Kat:3, Licht: 1,227368,3,7,0,10,16,2,1,1,1,1,0,0
"POINT (9.724559431000046 52.455343023000069)",Unfall 227369 (2019) Kat:3, Licht: 2,227369,3,2,5,10,19,2,0,2,1,0,0,0
"POINT (9.798547904000031 52.392137188000049)",Unfall 227370 (2019) Kat:3, Licht: 2,227370,3,2,5,10,18,2,0,2,1,1,0,0
"POINT (9.749082157000032 52.377804578000053)",Unfall 227371 (2019) Kat:3, Licht: 0,227371,3,3,5,10,08,2,0,0,1,1,0,0
"POINT (9.708491382000034 52.367150009000056)",Unfall 227394 (2019) Kat:3, Licht: 2,227394,3,3,5,10,18,1,0,2,1,1,0,0
"POINT (9.836345546000075 52.423874422000040)",Unfall 227395 (2019) Kat:3, Licht: 0,227395,3,1,8,10,15,1,0,0,0,0,0,1
"POINT (9.726498809000077 52.394784518000051)",Unfall 227420 (2019) Kat:3, Licht: 0,227420,3,3,5,10,14,7,0,0,1,1,0,0
"POINT (9.446700748000069 52.426216421000049)",Unfall 227421 (2019) Kat:3, Licht: 0,227421,3,6,3,10,14,7,0,0,1,1,0,0
"POINT (10.088062886000046 52.483212394000077)",Unfall 227422 (2019) Kat:3, Licht: 2,227422,3,1,8,10,22,7,0,2,1,0,0,0
"POINT (9.748891674000049 52.389208773000064)",Unfall 227423 (2019) Kat:3, Licht: 2,227423,3,7,0,10,01,7,0,2,1,0,0,0
"POINT (9.722354531000065 52.385100584000043)",Unfall 227444 (2019) Kat:3, Licht: 0,227444,3,2,5,11,12,1,0,0,1,1,0,0
"POINT (9.734349411000039 52.374208749000047)",Unfall 227445 (2019) Kat:3, Licht: 2,227445,3,4,6,11,01,1,0,2,0,1,1,0
"POINT (9.603415028000029 52.571881399000063)",Unfall 227446 (2019) Kat:3, Licht: 0,227446,3,3,5,11,10,1,0,0,0,1,0,0
"POINT (9.736044831000072 52.416100252000035)",Unfall 227447 (2019) Kat:3, Licht: 0,227447,3,3,5,11,11,1,0,0,1,1,0,0
"POINT (9.695662411000058 52.408824275000029)",Unfall 227466 (2019) Kat:3, Licht: 2,227466,3,2,4,11,17,7,0,2,0,1,0,1
"POINT (9.824883186000022 52.293634820000079)",Unfall 227467 (2019) Kat:3, Licht: 1,227467,3,3,5,11,07,7,1,1,0,1,0,0
"POINT (9.769967145000067 52.338390747000062)",Unfall 227468 (2019) Kat:3, Licht: 0,227468,3,7,0,11,15,7,1,0,0,0,0,1
"POINT (9.725534050000022 52.382297495000046)",Unfall 227502 (2019) Kat:3, Licht: 2,227502,3,5,1,11,17,6,0,2,1,0,0,0
"POINT (9.437703521000060 52.416342903000043)",Unfall 227503 (2019) Kat:3, Licht: 2,227503,3,7,1,11,20,6,0,2,0,1,0,0
"POINT (9.456712646000028 52.413286380000045)",Unfall 227504 (2019) Kat:3, Licht: 0,227504,3,3,5,11,12,6,0,0,0,1,0,0
"POINT (10.015173836000031 52.436688690000040)",Unfall 227505 (2019) Kat:3, Licht: 0,227505,3,3,5,11,13,6,0,0,1,1,0,0
"POINT (10.014262057000053 52.443819152000060)",Unfall 227506 (2019) Kat:3, Licht: 0,227506,3,6,2,11,08,6,0,0,0,1,0,0
"POINT (9.781451703000073 52.407649108000044)",Unfall 227507 (2019) Kat:3, Licht: 2,227507,3,3,5,11,06,6,1,2,1,1,0,0
"POINT (9.704582019000043 52.374445892000040)",Unfall 227539 (2019) Kat:3, Licht: 1,227539,3,1,0,11,16,5,1,1,1,0,0,0
"POINT (9.795575160000055 52.375549839000030)",Unfall 227540 (2019) Kat:3, Licht: 0,227540,3,3,5,11,15,5,0,0,1,1,0,0
"POINT (9.753566617000047 52.369447412000056)",Unfall 227541 (2019) Kat:3, Licht: 0,227541,3,6,2,11,15,5,1,0,0,1,0,0
"POINT (9.742298243000050 52.370225755000035)",Unfall 227542 (2019) Kat:3, Licht: 0,227542,3,7,0,11,13,5,0,0,1,0,0,0
"POINT (9.993676366000045 52.459742507000044)",Unfall 227543 (2019) Kat:3, Licht: 0,227543,3,3,5,11,14,5,0,0,1,1,0,0
"POINT (9.734243678000041 52.384921213000041)",Unfall 227544 (2019) Kat:2, Licht: 2,227544,2,3,5,11,22,5,0,2,1,1,0,0
"POINT (9.751544666000029 52.389186926000036)",Unfall 227545 (2019) Kat:3, Licht: 2,227545,3,2,5,11,18,5,1,2,1,1,0,0
"POINT (9.741334155000061 52.393653779000033)",Unfall 227546 (2019) Kat:3, Licht: 2,227546,3,7,0,11,18,5,1,2,0,0,0,1
"POINT (9.736738875000071 52.375525585000048)",Unfall 227547 (2019) Kat:3, Licht: 0,227547,3,7,6,11,13,5,0,0,1,0,1,0
"POINT (9.745117731000050 52.413256409000041)",Unfall 227548 (2019) Kat:3, Licht: 0,227548,3,7,0,11,07,5,1,0,1,0,0,0
"POINT (9.725818494000066 52.370001510000066)",Unfall 227582 (2019) Kat:3, Licht: 0,227582,3,7,6,11,12,4,0,0,0,1,1,0
"POINT (9.771781291000025 52.342960254000047)",Unfall 227583 (2019) Kat:3, Licht: 1,227583,3,6,3,11,07,4,1,1,0,1,0,0
"POINT (9.722020811000050 52.386998223000035)",Unfall 227584 (2019) Kat:3, Licht: 0,227584,3,3,5,11,12,4,1,0,1,1,0,0
"POINT (9.734204905000070 52.384720096000081)",Unfall 227585 (2019) Kat:3, Licht: 0,227585,3,1,0,11,08,4,1,0,0,0,0,1
"POINT (9.749331820000066 52.378686880000032)",Unfall 227586 (2019) Kat:3, Licht: 0,227586,3,6,4,11,09,4,1,0,1,1,0,0
"POINT (9.663740212000050 52.382016864000036)",Unfall 227587 (2019) Kat:3, Licht: 0,227587,3,7,0,11,11,4,1,0,1,0,0,0
"POINT (9.656554285000027 52.407436872000062)",Unfall 227588 (2019) Kat:3, Licht: 0,227588,3,2,5,11,08,4,1,0,0,0,0,0
"POINT (9.713352109000027 52.372295316000077)",Unfall 227617 (2019) Kat:3, Licht: 1,227617,3,5,1,11,16,3,1,1,0,1,0,0
"POINT (9.819013461000054 52.320063701000038)",Unfall 227618 (2019) Kat:3, Licht: 2,227618,3,2,3,11,19,3,1,2,1,1,0,0
"POINT (9.719192560000067 52.416276447000030)",Unfall 227619 (2019) Kat:3, Licht: 2,227619,3,6,3,11,18,3,0,2,1,0,0,0
"POINT (9.726814691000072 52.382120079000060)",Unfall 227620 (2019) Kat:3, Licht: 0,227620,3,7,6,11,10,3,0,0,0,0,1,0
"POINT (9.466449321000027 52.316633994000028)",Unfall 227621 (2019) Kat:3, Licht: 0,227621,3,3,5,11,16,3,1,0,0,1,0,0
"POINT (9.684178405000068 52.366268452000043)",Unfall 227622 (2019) Kat:3, Licht: 0,227622,3,3,5,11,16,3,1,0,0,0,0,0
"POINT (9.778507057000070 52.399323716000026)",Unfall 227623 (2019) Kat:3, Licht: 0,227623,3,6,2,11,14,3,1,0,0,1,0,0
"POINT (9.788879018000046 52.359028308000063)",Unfall 227660 (2019) Kat:3, Licht: 0,227660,3,6,2,11,08,2,1,0,0,1,0,0
"POINT (9.723322686000074 52.381779155000061)",Unfall 227661 (2019) Kat:3, Licht: 2,227661,3,5,1,11,18,2,0,2,1,1,0,0
"POINT (9.729802092000057 52.376352176000069)",Unfall 227662 (2019) Kat:3, Licht: 0,227662,3,3,5,11,08,2,1,0,1,1,0,0
"POINT (9.771429918000024 52.397601180000038)",Unfall 227663 (2019) Kat:3, Licht: 2,227663,3,2,5,11,20,2,0,2,0,0,0,0
"POINT (9.739501482000037 52.380855991000033)",Unfall 227664 (2019) Kat:3, Licht: 0,227664,3,2,5,11,09,2,1,0,1,0,0,0
"POINT (9.740954114000033 52.404663890000052)",Unfall 227665 (2019) Kat:3, Licht: 0,227665,3,6,2,11,08,2,1,0,0,1,0,0
"POINT (9.955837020000047 52.331614811000065)",Unfall 227693 (2019) Kat:2, Licht: 2,227693,2,6,6,11,18,1,1,2,0,1,1,0
"POINT (9.663738744000057 52.382215365000036)",Unfall 227698 (2019) Kat:3, Licht: 0,227698,3,3,5,11,09,3,1,0,0,1,0,0
"POINT (9.736801975000049 52.381268828000032)",Unfall 227703 (2019) Kat:3, Licht: 2,227703,3,5,3,11,18,3,0,2,1,0,0,0
"POINT (9.791639355000029 52.402932745000044)",Unfall 227704 (2019) Kat:3, Licht: 2,227704,3,2,5,11,18,3,0,2,0,1,0,0
"POINT (9.783445184000073 52.338355566000075)",Unfall 227705 (2019) Kat:2, Licht: 2,227705,2,4,6,11,07,3,1,2,0,1,1,0
"POINT (9.708840935000069 52.366063068000074)",Unfall 227743 (2019) Kat:3, Licht: 0,227743,3,2,6,11,14,2,1,0,0,1,1,0
"POINT (9.692375443000060 52.365075320000074)",Unfall 227744 (2019) Kat:3, Licht: 0,227744,3,5,5,11,10,2,1,0,1,1,0,0
"POINT (9.719669670000030 52.366764350000039)",Unfall 227745 (2019) Kat:3, Licht: 0,227745,3,6,2,11,08,2,1,0,0,1,0,0
"POINT (9.592894695000041 52.398243385000058)",Unfall 227746 (2019) Kat:3, Licht: 0,227746,3,1,0,11,08,2,1,0,0,0,0,1
"POINT (9.706857384000045 52.407811871000035)",Unfall 227747 (2019) Kat:3, Licht: 1,227747,3,3,5,11,16,2,1,1,0,1,0,0
"POINT (9.797992637000050 52.392268733000037)",Unfall 227748 (2019) Kat:2, Licht: 2,227748,2,2,6,11,17,2,1,2,0,1,1,0
"POINT (9.728469687000029 52.372883741000066)",Unfall 227749 (2019) Kat:2, Licht: 0,227749,2,2,0,11,14,2,1,0,1,1,0,0
"POINT (9.724513749000039 52.372939442000074)",Unfall 227750 (2019) Kat:3, Licht: 0,227750,3,4,0,11,14,2,1,0,0,0,1,0
"POINT (9.763545172000022 52.400116168000068)",Unfall 227751 (2019) Kat:3, Licht: 0,227751,3,2,5,11,13,2,1,0,1,1,0,0
"POINT (9.714232545000073 52.366398284000070)",Unfall 227764 (2019) Kat:3, Licht: 2,227764,3,2,4,11,18,1,1,2,1,1,0,0
"POINT (9.773280192000073 52.375792591000049)",Unfall 227765 (2019) Kat:3, Licht: 0,227765,3,6,2,11,13,1,0,0,0,1,0,0
"POINT (9.431762826000067 52.422429972000032)",Unfall 227766 (2019) Kat:3, Licht: 2,227766,3,3,5,11,18,1,1,2,1,1,0,0
"POINT (9.746979775000057 52.270829416000026)",Unfall 227767 (2019) Kat:3, Licht: 0,227767,3,7,8,11,10,1,1,0,0,1,0,0
"POINT (9.693527649000032 52.333277784000074)",Unfall 227768 (2019) Kat:3, Licht: 0,227768,3,7,0,11,14,1,1,0,0,0,0,1
"POINT (9.752461039000025 52.357589621000045)",Unfall 227784 (2019) Kat:3, Licht: 1,227784,3,6,2,11,08,7,1,1,0,1,0,0
"POINT (9.759251105000033 52.361625594000031)",Unfall 227785 (2019) Kat:3, Licht: 0,227785,3,2,2,11,11,7,1,0,0,1,0,0
"POINT (9.789489850000052 52.394569679000028)",Unfall 227786 (2019) Kat:3, Licht: 2,227786,3,7,0,11,20,7,0,2,0,1,0,0
"POINT (9.983907296000041 52.323921523000081)",Unfall 227787 (2019) Kat:3, Licht: 0,227787,3,3,5,11,13,7,1,0,0,1,0,0
"POINT (9.701341221000064 52.395897208000065)",Unfall 227788 (2019) Kat:3, Licht: 0,227788,3,3,5,11,12,7,1,0,0,1,0,0
"POINT (9.754312378000066 52.402592059000028)",Unfall 227789 (2019) Kat:3, Licht: 2,227789,3,7,0,11,07,7,1,2,1,0,0,0
"POINT (9.695766675000073 52.408951944000080)",Unfall 227811 (2019) Kat:3, Licht: 2,227811,3,1,1,11,19,6,0,2,0,1,0,0
"POINT (9.748487343000022 52.388721692000047)",Unfall 227812 (2019) Kat:3, Licht: 0,227812,3,5,1,11,16,6,0,0,1,1,0,0
"POINT (9.722872578000022 52.375807066000050)",Unfall 227813 (2019) Kat:3, Licht: 0,227813,3,2,0,11,13,6,0,0,1,1,0,0
"POINT (9.743900164000024 52.386744644000032)",Unfall 227814 (2019) Kat:3, Licht: 1,227814,3,3,5,11,08,6,0,1,1,1,0,0
"POINT (9.746669428000075 52.383007363000047)",Unfall 227815 (2019) Kat:3, Licht: 1,227815,3,7,0,11,07,6,0,1,1,0,0,0
"POINT (9.705973167000025 52.372268324000061)",Unfall 227855 (2019) Kat:3, Licht: 0,227855,3,7,0,11,15,5,1,0,1,0,0,0
"POINT (9.755436255000063 52.360472114000061)",Unfall 227856 (2019) Kat:3, Licht: 0,227856,3,5,0,11,11,5,0,0,1,1,0,0
"POINT (9.738833714000066 52.388081800000066)",Unfall 227857 (2019) Kat:3, Licht: 0,227857,3,2,2,11,15,5,0,0,1,1,0,0
"POINT (9.597462515000075 52.419392681000033)",Unfall 227858 (2019) Kat:3, Licht: 0,227858,3,3,5,11,16,5,0,0,0,1,0,0
"POINT (9.733146910000073 52.382562826000026)",Unfall 227859 (2019) Kat:2, Licht: 2,227859,2,3,5,11,20,5,0,2,1,1,0,0
"POINT (9.729488045000039 52.346542445000068)",Unfall 227860 (2019) Kat:2, Licht: 0,227860,2,3,5,11,14,5,0,0,1,0,0,0
"POINT (9.740762957000072 52.398699381000029)",Unfall 227861 (2019) Kat:2, Licht: 0,227861,2,3,5,11,10,5,0,0,1,1,0,0
"POINT (9.841201200000057 52.341252893000046)",Unfall 227882 (2019) Kat:3, Licht: 0,227882,3,3,5,11,08,4,1,0,0,1,0,0
"POINT (9.759176897000032 52.361545395000064)",Unfall 227883 (2019) Kat:3, Licht: 0,227883,3,3,5,11,09,4,0,0,1,1,0,0
"POINT (9.805735937000065 52.318269391000058)",Unfall 227907 (2019) Kat:3, Licht: 2,227907,3,6,3,11,18,3,0,2,0,1,0,0
"POINT (9.750520948000030 52.375288941000065)",Unfall 227908 (2019) Kat:3, Licht: 0,227908,3,2,5,11,07,3,0,0,1,1,0,0
"POINT (9.806587368000066 52.336336053000082)",Unfall 227909 (2019) Kat:3, Licht: 2,227909,3,6,2,11,17,3,0,2,0,1,0,0
"POINT (9.766289129000029 52.381778948000033)",Unfall 227910 (2019) Kat:3, Licht: 0,227910,3,6,2,11,13,3,0,0,0,1,0,1
"POINT (9.732189440000070 52.369699641000068)",Unfall 227911 (2019) Kat:3, Licht: 0,227911,3,3,0,11,12,3,0,0,1,0,0,0
"POINT (9.714360638000073 52.342254109000066)",Unfall 227912 (2019) Kat:2, Licht: 0,227912,2,2,5,11,09,3,0,0,0,1,0,0
"POINT (9.680734916000063 52.416100674000063)",Unfall 227936 (2019) Kat:3, Licht: 0,227936,3,3,5,11,07,2,1,0,0,1,0,0
"POINT (9.689004836000038 52.345846358000074)",Unfall 227937 (2019) Kat:3, Licht: 2,227937,3,3,5,11,17,2,0,2,1,1,0,0
"POINT (9.714709410000069 52.365338684000051)",Unfall 227938 (2019) Kat:3, Licht: 0,227938,3,7,2,11,09,2,0,0,1,1,0,0
"POINT (9.755951697000057 52.360529263000046)",Unfall 227939 (2019) Kat:3, Licht: 0,227939,3,2,4,11,07,2,1,0,1,1,0,0
"POINT (9.733256371000039 52.417789219000042)",Unfall 227940 (2019) Kat:3, Licht: 0,227940,3,3,5,11,16,2,0,0,1,1,0,0
"POINT (9.781057440000041 52.400118261000046)",Unfall 227984 (2019) Kat:3, Licht: 0,227984,3,6,3,11,11,5,1,0,0,1,0,0
"POINT (9.746494440000049 52.373326390000045)",Unfall 227985 (2019) Kat:3, Licht: 0,227985,3,7,0,11,08,5,1,0,1,1,0,0
"POINT (9.462240729000030 52.305006625000033)",Unfall 227986 (2019) Kat:3, Licht: 2,227986,3,1,0,11,16,5,1,2,0,0,0,1
"POINT (9.796038666000072 52.311554338000064)",Unfall 227987 (2019) Kat:3, Licht: 2,227987,3,2,5,11,17,5,0,2,0,1,0,0
"POINT (9.757818170000064 52.411308354000028)",Unfall 227988 (2019) Kat:3, Licht: 0,227988,3,7,0,11,14,5,1,0,0,1,0,0
"POINT (9.741697861000034 52.380253719000052)",Unfall 227989 (2019) Kat:3, Licht: 0,227989,3,3,5,11,07,5,0,0,1,1,0,0
"POINT (9.722169568000027 52.359213453000052)",Unfall 228021 (2019) Kat:3, Licht: 2,228021,3,3,5,11,21,4,0,2,0,1,0,0
"POINT (9.750867992000053 52.375871549000067)",Unfall 228022 (2019) Kat:3, Licht: 0,228022,3,1,0,11,15,4,1,0,1,0,0,0
"POINT (9.553507412000045 52.212036333000071)",Unfall 228023 (2019) Kat:3, Licht: 2,228023,3,2,5,11,17,4,1,2,1,1,0,0
"POINT (9.589662301000033 52.418860461000065)",Unfall 228024 (2019) Kat:3, Licht: 0,228024,3,2,5,11,16,4,0,0,1,1,0,0
"POINT (9.883969684000022 52.437877486000048)",Unfall 228025 (2019) Kat:3, Licht: 2,228025,3,4,6,11,17,4,1,2,0,1,1,0
"POINT (9.729095989000030 52.393705271000044)",Unfall 228026 (2019) Kat:3, Licht: 0,228026,3,4,6,11,15,4,0,0,0,1,1,0
"POINT (9.751867949000030 52.370840540000074)",Unfall 228046 (2019) Kat:3, Licht: 1,228046,3,6,2,11,15,3,0,1,0,1,0,0
"POINT (9.741457063000041 52.378290498000069)",Unfall 228047 (2019) Kat:3, Licht: 0,228047,3,6,4,11,13,3,0,0,1,0,0,0
"POINT (9.444030065000050 52.424005427000054)",Unfall 228048 (2019) Kat:3, Licht: 0,228048,3,3,5,11,13,3,0,0,1,1,0,0
"POINT (9.742752930000052 52.376391120000051)",Unfall 228049 (2019) Kat:3, Licht: 2,228049,3,7,0,11,17,3,0,2,0,0,1,0
"POINT (9.443707242000073 52.424008001000061)",Unfall 228050 (2019) Kat:2, Licht: 0,228050,2,3,5,11,13,3,0,0,1,1,0,0
"POINT (9.721047050000038 52.375985498000034)",Unfall 228069 (2019) Kat:3, Licht: 0,228069,3,4,0,11,07,2,0,0,1,0,1,0
"POINT (9.855912899000032 52.363307891000034)",Unfall 228070 (2019) Kat:3, Licht: 0,228070,3,3,5,11,13,2,1,0,1,1,0,0
"POINT (9.548622116000047 52.215612626000052)",Unfall 228071 (2019) Kat:3, Licht: 2,228071,3,2,5,11,05,2,1,2,1,1,0,0
"POINT (10.025719716000026 52.444756043000041)",Unfall 228072 (2019) Kat:3, Licht: 0,228072,3,3,5,11,15,2,0,0,0,1,0,0
"POINT (9.794272305000050 52.414226935000045)",Unfall 228073 (2019) Kat:3, Licht: 0,228073,3,3,5,11,10,2,0,0,1,0,0,0
"POINT (9.717195518000040 52.344979987000045)",Unfall 228074 (2019) Kat:3, Licht: 0,228074,3,3,5,11,08,2,0,0,1,1,0,0
"POINT (9.855541202000040 52.361340877000032)",Unfall 228085 (2019) Kat:3, Licht: 2,228085,3,5,1,11,17,1,0,2,1,1,0,0
"POINT (9.673762625000052 52.365311426000062)",Unfall 228098 (2019) Kat:3, Licht: 0,228098,3,3,0,11,14,7,0,0,0,1,0,0
"POINT (9.475762629000030 52.303708678000078)",Unfall 228099 (2019) Kat:3, Licht: 0,228099,3,3,5,11,14,7,0,0,0,1,0,0
"POINT (9.985086997000053 52.369445219000056)",Unfall 228100 (2019) Kat:3, Licht: 1,228100,3,7,0,11,16,7,0,1,1,0,0,0
"POINT (9.778868784000053 52.361956603000067)",Unfall 228101 (2019) Kat:3, Licht: 0,228101,3,6,4,11,11,7,0,0,0,1,0,0
"POINT (9.829050675000076 52.399503044000028)",Unfall 228133 (2019) Kat:3, Licht: 0,228133,3,3,6,11,08,6,0,0,0,1,1,0
"POINT (9.724169067000048 52.379733357000077)",Unfall 228134 (2019) Kat:3, Licht: 2,228134,3,3,5,11,19,6,0,2,1,1,0,0
"POINT (9.737711269000045 52.382127125000068)",Unfall 228135 (2019) Kat:3, Licht: 0,228135,3,6,2,11,12,6,0,0,0,1,0,0
"POINT (9.558246105000023 52.210051650000082)",Unfall 228136 (2019) Kat:3, Licht: 0,228136,3,2,6,11,12,6,0,0,0,1,1,0
"POINT (9.606011050000063 52.315499372000033)",Unfall 228137 (2019) Kat:3, Licht: 2,228137,3,3,5,11,16,6,0,2,1,1,0,0
"POINT (9.737592323000058 52.450411233000068)",Unfall 228138 (2019) Kat:3, Licht: 0,228138,3,3,5,11,07,6,0,0,1,1,0,0
"POINT (9.790183093000053 52.410368770000048)",Unfall 228139 (2019) Kat:3, Licht: 2,228139,3,2,4,11,17,6,0,2,1,1,0,0
"POINT (9.760610223000072 52.395871207000027)",Unfall 228167 (2019) Kat:3, Licht: 0,228167,3,3,5,11,15,5,1,0,1,1,0,0
"POINT (9.428943695000044 52.421287369000027)",Unfall 228168 (2019) Kat:3, Licht: 0,228168,3,7,0,11,15,5,0,0,0,0,1,0
"POINT (9.796835316000056 52.372733980000078)",Unfall 228169 (2019) Kat:3, Licht: 2,228169,3,7,0,11,17,5,1,2,1,0,0,0
"POINT (9.756223445000046 52.390620508000040)",Unfall 228170 (2019) Kat:3, Licht: 0,228170,3,3,5,11,12,5,1,0,0,1,0,0
"POINT (9.724412368000060 52.358465917000046)",Unfall 228202 (2019) Kat:3, Licht: 0,228202,3,6,2,11,08,4,0,0,0,1,0,0
"POINT (9.744717549000029 52.384954730000061)",Unfall 228203 (2019) Kat:3, Licht: 2,228203,3,5,1,11,21,4,0,2,1,1,0,0
"POINT (9.742031651000048 52.397739028000046)",Unfall 228204 (2019) Kat:3, Licht: 2,228204,3,5,1,11,19,4,0,2,0,1,0,0
"POINT (9.433947190000026 52.499140319000048)",Unfall 228205 (2019) Kat:3, Licht: 0,228205,3,5,1,11,12,4,0,0,1,1,0,0
"POINT (9.721636202000070 52.376491048000048)",Unfall 228206 (2019) Kat:3, Licht: 2,228206,3,1,9,11,18,4,0,2,1,0,0,0
"POINT (9.752068598000051 52.410442229000068)",Unfall 228207 (2019) Kat:3, Licht: 1,228207,3,3,5,11,16,4,0,1,0,1,0,0
"POINT (9.653645554000036 52.411965818000056)",Unfall 228208 (2019) Kat:3, Licht: 0,228208,3,3,5,11,10,4,0,0,0,1,0,0
"POINT (9.756813025000042 52.356676938000078)",Unfall 228227 (2019) Kat:3, Licht: 2,228227,3,3,5,12,19,2,1,2,0,1,0,0
"POINT (9.748626450000074 52.377645320000056)",Unfall 228228 (2019) Kat:3, Licht: 2,228228,3,2,5,12,19,2,1,2,1,1,0,0
"POINT (9.775546219000034 52.403836574000081)",Unfall 228229 (2019) Kat:3, Licht: 2,228229,3,4,6,12,18,2,1,2,1,0,1,0
"POINT (9.674346001000060 52.365363702000082)",Unfall 228230 (2019) Kat:3, Licht: 2,228230,3,6,2,12,18,2,1,2,0,1,0,0
"POINT (9.735492758000021 52.376746064000031)",Unfall 228258 (2019) Kat:3, Licht: 2,228258,3,1,1,12,18,7,1,2,0,1,0,0
"POINT (9.765639853000039 52.417873284000052)",Unfall 228259 (2019) Kat:3, Licht: 2,228259,3,7,6,12,18,7,1,2,0,1,1,0
"POINT (9.747293637000041 52.385473423000064)",Unfall 228282 (2019) Kat:3, Licht: 0,228282,3,4,6,12,14,6,1,0,1,0,1,0
"POINT (9.970716822000043 52.375220905000049)",Unfall 228283 (2019) Kat:3, Licht: 2,228283,3,4,6,12,22,6,1,2,0,1,1,0
"POINT (9.805415839000034 52.307131046000052)",Unfall 228284 (2019) Kat:3, Licht: 2,228284,3,2,6,12,17,6,1,2,0,1,1,0
"POINT (9.714209696000069 52.413431497000033)",Unfall 228285 (2019) Kat:3, Licht: 0,228285,3,5,0,12,12,6,1,0,1,1,0,0
"POINT (9.733617664000065 52.375595550000071)",Unfall 228286 (2019) Kat:2, Licht: 0,228286,2,2,6,12,09,6,1,0,0,1,1,0
"POINT (9.670441983000046 52.367118923000078)",Unfall 228322 (2019) Kat:3, Licht: 1,228322,3,3,5,12,16,5,0,1,1,1,0,0
"POINT (9.730012892000048 52.376806954000074)",Unfall 228323 (2019) Kat:3, Licht: 2,228323,3,5,1,12,18,5,0,2,1,1,0,0
"POINT (10.078095419000022 52.484679864000043)",Unfall 228324 (2019) Kat:3, Licht: 0,228324,3,5,1,12,10,5,2,0,0,1,0,0
"POINT (9.695596481000052 52.408838437000043)",Unfall 228325 (2019) Kat:2, Licht: 2,228325,2,2,5,12,17,5,0,2,1,1,0,0
"POINT (9.663912948000075 52.378019233000032)",Unfall 228354 (2019) Kat:3, Licht: 0,228354,3,2,5,12,11,4,0,0,1,1,0,0
"POINT (9.754307752000045 52.355440389000080)",Unfall 228355 (2019) Kat:3, Licht: 0,228355,3,6,0,12,15,4,0,0,0,1,0,0
"POINT (9.794785268000055 52.372224796000069)",Unfall 228356 (2019) Kat:2, Licht: 0,228356,2,7,0,12,11,4,0,0,1,1,0,0
"POINT (9.769790038000053 52.394747607000056)",Unfall 228357 (2019) Kat:3, Licht: 2,228357,3,3,5,12,07,4,0,2,1,1,0,0
"POINT (9.722569700000065 52.397539333000054)",Unfall 228358 (2019) Kat:2, Licht: 0,228358,2,4,6,12,07,4,0,0,0,1,1,0
"POINT (9.775401149000061 52.345010652000042)",Unfall 228385 (2019) Kat:3, Licht: 0,228385,3,3,5,12,12,3,0,0,0,1,0,0
"POINT (9.429544150000027 52.420844415000033)",Unfall 228386 (2019) Kat:3, Licht: 0,228386,3,3,5,12,13,3,0,0,0,1,0,0
"POINT (9.731493845000045 52.403143208000074)",Unfall 228387 (2019) Kat:3, Licht: 1,228387,3,7,5,12,16,3,0,1,1,1,0,0
"POINT (9.741006777000052 52.448672965000071)",Unfall 228388 (2019) Kat:3, Licht: 0,228388,3,7,0,12,09,3,1,0,0,0,0,1
"POINT (9.720270194000023 52.362031933000026)",Unfall 228413 (2019) Kat:3, Licht: 2,228413,3,7,7,12,18,2,1,2,1,0,1,0
"POINT (9.782293965000065 52.345345061000046)",Unfall 228414 (2019) Kat:3, Licht: 0,228414,3,6,2,12,08,2,0,0,0,1,0,0
"POINT (9.722149364000075 52.388949837000041)",Unfall 228415 (2019) Kat:3, Licht: 2,228415,3,2,6,12,18,2,1,2,0,1,1,0
"POINT (9.596761508000043 52.386309487000062)",Unfall 228416 (2019) Kat:3, Licht: 0,228416,3,3,5,12,14,2,1,0,1,1,0,0
"POINT (9.737521806000075 52.443920053000056)",Unfall 228435 (2019) Kat:3, Licht: 2,228435,3,3,5,12,20,1,0,2,0,1,0,0
"POINT (9.667956925000055 52.367058678000035)",Unfall 228457 (2019) Kat:3, Licht: 0,228457,3,1,9,11,15,7,0,0,0,0,0,0
"POINT (9.747984728000063 52.410345658000040)",Unfall 228458 (2019) Kat:2, Licht: 2,228458,2,6,6,11,18,7,0,2,1,0,1,0
"POINT (9.785128529000076 52.401124219000053)",Unfall 228459 (2019) Kat:3, Licht: 2,228459,3,1,9,11,17,7,0,2,0,1,0,0
"POINT (9.743967705000046 52.390459352000050)",Unfall 228460 (2019) Kat:3, Licht: 2,228460,3,3,5,11,02,7,0,2,0,1,0,0
"POINT (9.615671526000028 52.418632077000041)",Unfall 228487 (2019) Kat:3, Licht: 2,228487,3,6,2,11,19,6,1,2,0,1,0,0
"POINT (9.703302248000057 52.329808844000070)",Unfall 228488 (2019) Kat:3, Licht: 0,228488,3,5,1,11,16,6,1,0,1,1,0,0
"POINT (9.724213837000036 52.372850466000045)",Unfall 228489 (2019) Kat:3, Licht: 2,228489,3,7,0,11,18,6,0,2,0,0,0,0
"POINT (9.622734657000024 52.431465653000032)",Unfall 228490 (2019) Kat:3, Licht: 2,228490,3,1,8,11,19,6,1,2,0,1,0,0
"POINT (9.751229958000067 52.372341216000052)",Unfall 228491 (2019) Kat:3, Licht: 0,228491,3,2,5,11,15,6,0,0,1,1,0,0
"POINT (9.710883447000072 52.359374218000028)",Unfall 228492 (2019) Kat:3, Licht: 0,228492,3,2,5,11,14,6,0,0,0,1,0,0
"POINT (9.705060515000071 52.407339202000060)",Unfall 228493 (2019) Kat:3, Licht: 0,228493,3,3,5,11,13,6,0,0,0,1,0,0
"POINT (9.758166251000034 52.358470692000026)",Unfall 228494 (2019) Kat:2, Licht: 0,228494,2,7,0,11,10,6,0,0,1,0,0,0
"POINT (9.780791079000039 52.361405705000038)",Unfall 228495 (2019) Kat:3, Licht: 0,228495,3,6,2,11,09,6,0,0,0,1,0,0
"POINT (9.767764574000069 52.358121356000026)",Unfall 228502 (2019) Kat:3, Licht: 2,228502,3,2,2,12,16,4,0,2,1,1,0,0
"POINT (9.729767232000029 52.398353525000061)",Unfall 228506 (2019) Kat:3, Licht: 0,228506,3,3,5,12,13,4,0,0,1,1,0,0
"POINT (9.712618806000023 52.392404492000026)",Unfall 228507 (2019) Kat:3, Licht: 0,228507,3,5,3,12,13,4,0,0,0,1,0,0
"POINT (9.669041682000056 52.441198259000032)",Unfall 228508 (2019) Kat:3, Licht: 1,228508,3,6,2,12,07,4,1,1,0,1,0,0
"POINT (9.801097146000075 52.305223350000063)",Unfall 228509 (2019) Kat:2, Licht: 2,228509,2,2,5,12,17,4,0,2,0,1,0,1
"POINT (9.741293938000069 52.411358021000069)",Unfall 228510 (2019) Kat:3, Licht: 0,228510,3,3,5,12,11,4,0,0,1,1,0,0
"POINT (9.753726567000058 52.355383448000055)",Unfall 228511 (2019) Kat:3, Licht: 2,228511,3,7,0,12,07,4,1,2,0,0,0,0
"POINT (9.731967771000029 52.405435025000031)",Unfall 228537 (2019) Kat:3, Licht: 0,228537,3,3,5,12,16,3,2,0,0,1,0,0
"POINT (9.763270325000065 52.402257534000057)",Unfall 228538 (2019) Kat:3, Licht: 1,228538,3,6,2,12,07,3,0,1,0,1,0,0
"POINT (9.764022840000052 52.381157311000038)",Unfall 228539 (2019) Kat:3, Licht: 2,228539,3,6,2,12,17,3,0,2,0,1,0,0
"POINT (9.734501225000031 52.375400557000034)",Unfall 228540 (2019) Kat:3, Licht: 0,228540,3,6,6,12,13,3,0,0,1,0,1,0
"POINT (9.606860469000026 52.434088491000068)",Unfall 228541 (2019) Kat:3, Licht: 0,228541,3,3,5,12,09,3,0,0,1,1,0,0
"POINT (9.595448323000028 52.427279411000029)",Unfall 228542 (2019) Kat:3, Licht: 2,228542,3,3,5,12,17,3,0,2,0,1,0,0
"POINT (9.733830628000021 52.586215206000077)",Unfall 228543 (2019) Kat:3, Licht: 0,228543,3,7,0,12,11,3,0,0,1,0,0,0
"POINT (10.025884001000065 52.445829866000054)",Unfall 228544 (2019) Kat:3, Licht: 2,228544,3,5,2,12,19,3,0,2,0,1,0,0
"POINT (9.629702393000059 52.339444734000040)",Unfall 228545 (2019) Kat:2, Licht: 0,228545,2,7,0,12,10,3,0,0,1,0,0,0
"POINT (9.760790984000039 52.418599532000030)",Unfall 228546 (2019) Kat:3, Licht: 0,228546,3,4,6,12,15,3,0,0,0,1,1,0
"POINT (9.808951274000037 52.332180764000043)",Unfall 228547 (2019) Kat:3, Licht: 0,228547,3,6,3,12,12,3,0,0,0,1,0,0
"POINT (9.724243178000052 52.339064428000029)",Unfall 228577 (2019) Kat:3, Licht: 0,228577,3,5,0,12,08,2,0,0,1,1,0,0
"POINT (9.733958234000056 52.367180504000032)",Unfall 228578 (2019) Kat:3, Licht: 0,228578,3,1,0,12,11,2,1,0,1,0,0,0
"POINT (9.749803727000028 52.378035343000079)",Unfall 228579 (2019) Kat:3, Licht: 2,228579,3,3,5,12,17,2,0,2,0,1,0,0
"POINT (9.912113729000055 52.295391486000028)",Unfall 228580 (2019) Kat:2, Licht: 1,228580,2,7,0,12,16,2,0,1,1,0,1,0
"POINT (9.857966943000065 52.491831039000033)",Unfall 228581 (2019) Kat:3, Licht: 0,228581,3,7,6,12,09,2,0,0,0,1,1,0
"POINT (9.739692972000057 52.380994641000029)",Unfall 228591 (2019) Kat:3, Licht: 2,228591,3,7,2,12,04,1,0,2,0,1,0,0
"POINT (9.653381285000023 52.412448009000059)",Unfall 228609 (2019) Kat:3, Licht: 0,228609,3,6,2,12,12,7,1,0,0,1,0,0
"POINT (9.589388413000052 52.418965289000027)",Unfall 228610 (2019) Kat:3, Licht: 2,228610,3,4,6,12,21,7,1,2,0,0,1,0
"POINT (9.819091614000058 52.390575334000062)",Unfall 228611 (2019) Kat:3, Licht: 2,228611,3,3,5,12,20,7,1,2,1,1,0,0
"POINT (9.737736434000055 52.372483081000041)",Unfall 228612 (2019) Kat:3, Licht: 2,228612,3,4,6,12,01,7,1,2,0,1,1,0
"POINT (9.731842920000076 52.398584478000032)",Unfall 228632 (2019) Kat:3, Licht: 1,228632,3,4,6,12,07,6,1,1,1,0,1,0
"POINT (9.557577324000022 52.212281810000036)",Unfall 228633 (2019) Kat:3, Licht: 1,228633,3,3,5,12,07,6,0,1,0,1,0,0
"POINT (10.019581177000020 52.379647114000079)",Unfall 228634 (2019) Kat:3, Licht: 0,228634,3,3,5,12,12,6,1,0,0,1,0,0
"POINT (9.833771609000053 52.387380227000051)",Unfall 228635 (2019) Kat:3, Licht: 2,228635,3,2,5,12,16,6,0,2,1,1,0,0
"POINT (9.741329090000022 52.360180311000079)",Unfall 228636 (2019) Kat:3, Licht: 0,228636,3,5,5,12,13,6,0,0,0,1,0,0
"POINT (9.752296739000030 52.355071435000070)",Unfall 228637 (2019) Kat:3, Licht: 1,228637,3,4,6,12,07,6,0,1,0,1,1,0
"POINT (9.740049200000044 52.361906324000074)",Unfall 228670 (2019) Kat:3, Licht: 2,228670,3,4,6,12,20,5,1,2,0,1,1,0
"POINT (9.806710660000022 52.389136772000029)",Unfall 228671 (2019) Kat:3, Licht: 1,228671,3,6,3,12,16,5,1,1,0,1,0,0
"POINT (9.743392423000046 52.369152943000074)",Unfall 228672 (2019) Kat:3, Licht: 0,228672,3,2,5,12,13,5,0,0,0,1,0,0
"POINT (9.832626048000066 52.346621998000046)",Unfall 228697 (2019) Kat:3, Licht: 2,228697,3,5,1,12,18,4,1,2,1,1,0,0
"POINT (9.775275879000049 52.338897237000026)",Unfall 228698 (2019) Kat:3, Licht: 0,228698,3,2,5,12,09,4,1,0,1,1,0,0
"POINT (9.795021941000073 52.411703710000040)",Unfall 228699 (2019) Kat:3, Licht: 2,228699,3,6,2,12,18,4,1,2,0,1,0,0
"POINT (9.606594024000060 52.392177374000028)",Unfall 228700 (2019) Kat:3, Licht: 2,228700,3,2,6,12,17,4,1,2,0,1,1,0
"POINT (9.586402609000061 52.393234136000046)",Unfall 228701 (2019) Kat:3, Licht: 0,228701,3,4,6,12,15,4,1,0,0,1,1,0
"POINT (9.859035048000067 52.487545105000038)",Unfall 228702 (2019) Kat:3, Licht: 0,228702,3,2,5,12,11,4,1,0,1,1,0,0
"POINT (10.021486393000032 52.436932078000041)",Unfall 228703 (2019) Kat:3, Licht: 1,228703,3,6,2,12,07,4,1,1,0,1,0,0
"POINT (9.742047086000071 52.384118623000063)",Unfall 228704 (2019) Kat:3, Licht: 2,228704,3,4,6,12,21,4,1,2,0,1,1,0
"POINT (9.712784553000063 52.360851651000075)",Unfall 228705 (2019) Kat:2, Licht: 2,228705,2,4,6,12,19,4,1,2,0,1,1,0
"POINT (9.653271313000062 52.412678816000039)",Unfall 228706 (2019) Kat:3, Licht: 1,228706,3,4,6,12,17,4,1,1,0,1,1,0
"POINT (9.728310787000055 52.358977849000041)",Unfall 228707 (2019) Kat:2, Licht: 0,228707,2,3,5,12,13,4,1,0,1,1,0,0
"POINT (9.737757855000041 52.382091660000071)",Unfall 228708 (2019) Kat:3, Licht: 0,228708,3,6,2,12,11,4,1,0,0,1,0,0
"POINT (9.775625458000036 52.363505051000061)",Unfall 228709 (2019) Kat:3, Licht: 0,228709,3,6,2,12,09,4,1,0,0,1,0,0
"POINT (9.438823804000037 52.424045233000072)",Unfall 228743 (2019) Kat:3, Licht: 0,228743,3,2,5,12,09,3,0,0,1,1,0,0
"POINT (9.440568512000027 52.512844825000059)",Unfall 228744 (2019) Kat:3, Licht: 0,228744,3,7,0,12,08,3,2,0,1,0,0,0
"POINT (9.946508267000070 52.336173879000057)",Unfall 228745 (2019) Kat:3, Licht: 0,228745,3,3,5,12,12,3,1,0,1,1,0,0
"POINT (10.006876505000037 52.446448238000073)",Unfall 228746 (2019) Kat:3, Licht: 0,228746,3,6,2,12,14,3,0,0,0,1,0,0
"POINT (9.727839235000033 52.372771086000057)",Unfall 228747 (2019) Kat:3, Licht: 2,228747,3,1,0,12,07,3,1,2,1,0,0,0
"POINT (9.714613044000032 52.367201377000072)",Unfall 228780 (2019) Kat:3, Licht: 2,228780,3,4,0,01,19,6,0,2,0,1,1,0
"POINT (9.719676431000039 52.367505815000072)",Unfall 228781 (2019) Kat:3, Licht: 0,228781,3,7,0,01,10,6,1,0,1,0,0,0
"POINT (9.730689287000075 52.391297177000069)",Unfall 228782 (2019) Kat:3, Licht: 2,228782,3,3,5,01,22,6,1,2,0,1,0,0
"POINT (9.809335979000025 52.398023169000055)",Unfall 228783 (2019) Kat:2, Licht: 0,228783,2,4,6,01,13,6,1,0,0,1,1,0
"POINT (9.653996132000032 52.410951610000041)",Unfall 228784 (2019) Kat:3, Licht: 0,228784,3,3,5,01,10,6,1,0,0,1,0,0
"POINT (9.966959072000066 52.311218483000061)",Unfall 228798 (2019) Kat:3, Licht: 0,228798,3,3,5,01,14,5,0,0,1,1,0,0
"POINT (9.754758350000031 52.434906862000048)",Unfall 228799 (2019) Kat:3, Licht: 2,228799,3,2,5,01,17,5,0,2,1,1,0,0
"POINT (9.790005152000049 52.410296405000054)",Unfall 228800 (2019) Kat:3, Licht: 2,228800,3,2,5,01,17,5,0,2,0,1,0,0
"POINT (9.771080570000038 52.397318840000082)",Unfall 228801 (2019) Kat:2, Licht: 1,228801,2,4,6,01,16,5,0,1,0,1,1,0
"POINT (9.748766757000055 52.396816299000079)",Unfall 228802 (2019) Kat:3, Licht: 0,228802,3,3,5,01,15,5,0,0,1,1,0,0
"POINT (9.449375127000053 52.504896748000078)",Unfall 228819 (2019) Kat:3, Licht: 0,228819,3,4,6,01,10,4,0,0,0,1,1,0
"POINT (9.789840847000050 52.410268325000061)",Unfall 228827 (2019) Kat:3, Licht: 2,228827,3,7,0,01,19,3,1,2,1,0,0,0
"POINT (9.693374823000056 52.329460234000067)",Unfall 228840 (2019) Kat:3, Licht: 0,228840,3,6,3,12,12,3,0,0,1,1,0,0
"POINT (9.615743220000070 52.412044648000062)",Unfall 228841 (2019) Kat:3, Licht: 0,228841,3,7,0,12,09,3,1,0,1,0,0,0
"POINT (9.692091604000041 52.336762946000079)",Unfall 228842 (2019) Kat:3, Licht: 0,228842,3,5,2,12,12,3,0,0,0,1,0,1
"POINT (9.787835959000063 52.397533060000058)",Unfall 228843 (2019) Kat:3, Licht: 2,228843,3,4,6,12,04,3,0,2,0,1,1,0
"POINT (9.551042346000031 52.217147951000072)",Unfall 228854 (2019) Kat:3, Licht: 1,228854,3,2,4,12,16,2,0,1,0,1,0,0
"POINT (9.596034262000046 52.425647877000074)",Unfall 228855 (2019) Kat:3, Licht: 1,228855,3,3,5,12,16,2,0,1,0,1,0,1
"POINT (9.722562944000060 52.351747994000050)",Unfall 228856 (2019) Kat:3, Licht: 2,228856,3,4,6,12,19,2,0,2,0,1,1,0
"POINT (9.757933597000033 52.336990085000082)",Unfall 228863 (2019) Kat:3, Licht: 0,228863,3,2,5,12,11,1,1,0,0,1,0,0
"POINT (9.771825841000066 52.338776500000051)",Unfall 228864 (2019) Kat:2, Licht: 0,228864,2,2,5,12,15,1,0,0,1,1,0,0
"POINT (9.786190883000074 52.344518966000066)",Unfall 228876 (2019) Kat:3, Licht: 0,228876,3,7,8,12,13,7,1,0,1,0,0,0
"POINT (9.755049374000066 52.374976855000057)",Unfall 228877 (2019) Kat:3, Licht: 2,228877,3,5,1,12,00,7,0,2,1,1,0,0
"POINT (9.859532945000069 52.368081689000064)",Unfall 228878 (2019) Kat:3, Licht: 2,228878,3,7,9,12,19,7,0,2,1,0,0,0
"POINT (9.722007147000056 52.378050705000078)",Unfall 228893 (2019) Kat:3, Licht: 0,228893,3,5,0,12,11,6,0,0,1,1,0,0
"POINT (9.702792020000061 52.369335954000064)",Unfall 228905 (2019) Kat:3, Licht: 0,228905,3,3,5,12,14,4,1,0,0,1,0,0
"POINT (9.878467463000050 52.512222309000038)",Unfall 228906 (2019) Kat:3, Licht: 0,228906,3,7,0,12,14,4,0,0,0,0,0,0
"POINT (9.747387076000052 52.394763293000040)",Unfall 228907 (2019) Kat:3, Licht: 2,228907,3,1,0,12,21,4,1,2,1,0,0,0
"POINT (9.702053864000050 52.334230968000043)",Unfall 228916 (2019) Kat:3, Licht: 0,228916,3,7,0,12,12,3,1,0,1,0,0,0
"POINT (9.748922818000040 52.384487327000045)",Unfall 228917 (2019) Kat:3, Licht: 0,228917,3,5,1,12,13,3,1,0,1,1,0,0
"POINT (9.743681419000041 52.377135427000042)",Unfall 228918 (2019) Kat:3, Licht: 0,228918,3,2,4,12,11,3,0,0,0,1,0,0
"POINT (9.806074424000030 52.298341329000039)",Unfall 228919 (2019) Kat:3, Licht: 2,228919,3,2,5,12,23,3,1,2,0,1,0,0
"POINT (9.838854564000030 52.422737237000035)",Unfall 228935 (2019) Kat:3, Licht: 2,228935,3,1,0,12,17,2,1,2,1,0,0,0
"POINT (9.734747564000031 52.380178575000059)",Unfall 228946 (2019) Kat:3, Licht: 2,228946,3,6,2,12,18,1,0,2,0,1,0,0
"POINT (9.736884319000069 52.404613721000032)",Unfall 228947 (2019) Kat:2, Licht: 2,228947,2,3,5,12,16,1,0,2,0,1,0,1
"POINT (9.795698584000036 52.321542178000072)",Unfall 228948 (2019) Kat:3, Licht: 0,228948,3,3,5,12,14,1,0,0,0,1,0,0
"POINT (9.674895256000070 52.400600666000059)",Unfall 228962 (2019) Kat:3, Licht: 1,228962,3,6,6,12,16,7,0,1,0,1,1,0
"POINT (9.693555456000070 52.365252722000037)",Unfall 228963 (2019) Kat:3, Licht: 0,228963,3,2,5,12,14,7,0,0,1,1,0,0
"POINT (9.719774267000048 52.366112199000042)",Unfall 228964 (2019) Kat:3, Licht: 0,228964,3,4,6,12,11,7,0,0,0,1,1,0
"POINT (9.791500871000039 52.412382295000043)",Unfall 228965 (2019) Kat:3, Licht: 0,228965,3,2,5,12,11,7,0,0,0,1,0,0
"POINT (9.753422770000043 52.382202742000061)",Unfall 228966 (2019) Kat:3, Licht: 0,228966,3,3,0,12,08,7,0,0,0,1,0,0
"POINT (10.013360455000054 52.443761786000039)",Unfall 228967 (2019) Kat:3, Licht: 0,228967,3,3,0,12,16,7,0,0,1,1,0,0
"POINT (9.740374443000064 52.377467710000076)",Unfall 228968 (2019) Kat:3, Licht: 0,228968,3,4,6,12,14,7,0,0,1,0,1,0
"POINT (9.675436240000067 52.363278758000035)",Unfall 228969 (2019) Kat:2, Licht: 0,228969,2,7,6,12,13,7,0,0,0,1,1,0
"POINT (9.760618065000074 52.395878823000032)",Unfall 228970 (2019) Kat:3, Licht: 2,228970,3,1,9,12,02,7,1,2,0,1,0,0
"POINT (9.707371665000039 52.359685166000077)",Unfall 228999 (2019) Kat:3, Licht: 0,228999,3,3,5,12,13,6,0,0,0,1,0,0
"POINT (9.752486800000042 52.359619526000074)",Unfall 229000 (2019) Kat:3, Licht: 0,229000,3,3,5,12,09,6,0,0,1,0,0,0
"POINT (9.655992675000050 52.311492567000073)",Unfall 229001 (2019) Kat:3, Licht: 2,229001,3,3,5,12,17,6,1,2,1,1,0,0
"POINT (9.597819143000038 52.417645783000069)",Unfall 229002 (2019) Kat:3, Licht: 2,229002,3,2,5,12,19,6,1,2,1,1,0,0
"POINT (9.676013293000040 52.374467706000075)",Unfall 229022 (2019) Kat:3, Licht: 2,229022,3,6,4,12,18,5,0,2,0,1,0,0
"POINT (9.761130293000065 52.363483959000064)",Unfall 229023 (2019) Kat:3, Licht: 0,229023,3,3,5,12,15,5,1,0,0,1,0,0
"POINT (9.745004544000040 52.357663262000074)",Unfall 229024 (2019) Kat:3, Licht: 0,229024,3,6,2,12,11,5,0,0,0,1,0,0
"POINT (9.771781291000025 52.342960254000047)",Unfall 229025 (2019) Kat:3, Licht: 0,229025,3,6,2,12,15,5,0,0,0,1,0,0
"POINT (9.731525771000065 52.406405718000030)",Unfall 229026 (2019) Kat:3, Licht: 2,229026,3,6,1,12,17,5,0,2,0,1,0,1
"POINT (9.780113482000047 52.399755935000030)",Unfall 229027 (2019) Kat:3, Licht: 0,229027,3,3,5,12,09,5,1,0,0,1,0,0
"POINT (9.597737565000045 52.315638762000049)",Unfall 229028 (2019) Kat:3, Licht: 2,229028,3,7,1,12,22,5,0,2,0,1,0,0
"POINT (9.445816794000052 52.504583861000071)",Unfall 229029 (2019) Kat:3, Licht: 1,229029,3,3,5,12,18,5,0,1,0,1,0,0
"POINT (9.743495352000025 52.451460415000042)",Unfall 229030 (2019) Kat:3, Licht: 0,229030,3,3,5,12,13,5,0,0,1,1,0,0
"POINT (9.809078427000031 52.332190392000030)",Unfall 229031 (2019) Kat:3, Licht: 2,229031,3,7,0,12,18,5,0,2,0,1,0,0
"POINT (9.760379073000024 52.337200962000054)",Unfall 229032 (2019) Kat:2, Licht: 0,229032,2,3,5,12,14,5,0,0,1,1,0,0
"POINT (9.694420796000031 52.352773311000078)",Unfall 229033 (2019) Kat:3, Licht: 0,229033,3,7,0,12,11,5,0,0,1,0,0,0
"POINT (9.591078811000045 52.442471140000066)",Unfall 229061 (2019) Kat:3, Licht: 1,229061,3,2,2,01,08,2,0,1,0,1,0,0
"POINT (9.677302245000021 52.395947370000044)",Unfall 229076 (2019) Kat:3, Licht: 2,229076,3,3,5,01,20,1,1,2,1,1,0,0
"POINT (9.571798122000075 52.455739859000062)",Unfall 229088 (2019) Kat:3, Licht: 2,229088,3,7,6,01,03,7,0,2,0,1,1,0
"POINT (9.678698752000059 52.431487569000069)",Unfall 229089 (2019) Kat:2, Licht: 0,229089,2,7,0,01,13,7,0,0,1,0,0,0
"POINT (9.701054671000065 52.366355883000040)",Unfall 229090 (2019) Kat:3, Licht: 0,229090,3,3,5,01,10,7,1,0,1,1,0,0
"POINT (9.706916773000046 52.371624348000068)",Unfall 229113 (2019) Kat:3, Licht: 2,229113,3,2,0,01,22,6,0,2,1,0,0,0
"POINT (9.716073428000073 52.362328716000036)",Unfall 229114 (2019) Kat:3, Licht: 0,229114,3,2,2,01,11,6,1,0,0,1,0,0
"POINT (9.803252750000070 52.378717841000082)",Unfall 229115 (2019) Kat:3, Licht: 0,229115,3,7,0,01,09,6,1,0,1,1,0,0
"POINT (9.807829332000040 52.331977825000081)",Unfall 229116 (2019) Kat:3, Licht: 0,229116,3,1,4,01,13,6,1,0,0,1,0,0
"POINT (9.721383199000059 52.379244995000079)",Unfall 229117 (2019) Kat:3, Licht: 0,229117,3,3,5,01,13,6,1,0,1,1,0,0
"POINT (9.913231993000068 52.514391629000045)",Unfall 229118 (2019) Kat:3, Licht: 0,229118,3,3,5,01,14,6,1,0,0,1,0,0
"POINT (9.838827797000022 52.422618335000038)",Unfall 229119 (2019) Kat:3, Licht: 0,229119,3,6,2,01,13,6,1,0,0,1,0,0
"POINT (9.762411709000048 52.342426238000030)",Unfall 229120 (2019) Kat:3, Licht: 2,229120,3,2,2,01,21,6,1,2,0,1,0,0
"POINT (9.790055755000026 52.410325216000047)",Unfall 229121 (2019) Kat:3, Licht: 0,229121,3,3,5,01,12,6,1,0,0,1,0,0
"POINT (9.737060990000032 52.381419490000042)",Unfall 229122 (2019) Kat:3, Licht: 1,229122,3,1,0,01,07,6,1,1,1,0,0,0
"POINT (9.810073660000057 52.386509344000046)",Unfall 229146 (2019) Kat:3, Licht: 0,229146,3,3,5,01,14,5,0,0,0,1,0,0
"POINT (9.734257558000024 52.377341447000049)",Unfall 229147 (2019) Kat:3, Licht: 0,229147,3,7,0,01,08,5,0,0,1,0,1,0
"POINT (9.598139034000042 52.312769407000076)",Unfall 229148 (2019) Kat:3, Licht: 2,229148,3,1,1,01,17,5,0,2,1,1,0,0
"POINT (9.716114812000058 52.380634096000051)",Unfall 229149 (2019) Kat:3, Licht: 0,229149,3,5,0,01,10,5,0,0,1,1,0,0
"POINT (9.695848391000027 52.439507599000081)",Unfall 229172 (2019) Kat:3, Licht: 2,229172,3,2,2,01,18,4,0,2,0,1,0,0
"POINT (9.724916649000022 52.425592651000045)",Unfall 229173 (2019) Kat:3, Licht: 0,229173,3,4,6,01,14,4,0,0,0,1,1,0
"POINT (9.748581149000074 52.373498416000075)",Unfall 229203 (2019) Kat:3, Licht: 2,229203,3,5,0,01,17,3,1,2,1,1,0,0
"POINT (9.469538883000041 52.305995893000045)",Unfall 229204 (2019) Kat:3, Licht: 2,229204,3,1,7,01,18,3,1,2,0,0,0,1
"POINT (9.732028044000060 52.440690091000079)",Unfall 229205 (2019) Kat:3, Licht: 0,229205,3,4,6,01,10,3,1,0,0,0,1,0
"POINT (9.595569316000024 52.430647683000075)",Unfall 229206 (2019) Kat:2, Licht: 2,229206,2,4,6,01,17,3,1,2,0,1,1,0
"POINT (9.706506672000046 52.367166487000077)",Unfall 229207 (2019) Kat:2, Licht: 2,229207,2,6,3,01,17,3,1,2,1,1,0,0
"POINT (9.614619459000039 52.417910294000080)",Unfall 229246 (2019) Kat:3, Licht: 0,229246,3,6,2,01,11,2,1,0,0,1,0,0
"POINT (9.798577321000039 52.392136948000029)",Unfall 229247 (2019) Kat:3, Licht: 1,229247,3,2,5,01,18,2,1,1,1,1,0,0
"POINT (9.718272421000052 52.397959309000044)",Unfall 229248 (2019) Kat:3, Licht: 0,229248,3,3,5,01,14,2,1,0,1,1,0,0
"POINT (9.731046663000029 52.324224897000079)",Unfall 229249 (2019) Kat:3, Licht: 2,229249,3,1,0,01,19,2,1,2,0,0,0,1
"POINT (9.587654365000049 52.416865211000072)",Unfall 229250 (2019) Kat:3, Licht: 0,229250,3,2,3,01,09,2,1,0,1,1,0,0
"POINT (9.710939249000035 52.342041823000045)",Unfall 229251 (2019) Kat:3, Licht: 2,229251,3,4,6,01,16,2,1,2,0,1,1,0
"POINT (9.725244051000061 52.397812465000072)",Unfall 229252 (2019) Kat:2, Licht: 1,229252,2,6,2,01,16,2,1,1,0,1,0,0
"POINT (9.698976163000054 52.368635563000055)",Unfall 229253 (2019) Kat:3, Licht: 1,229253,3,6,8,01,07,2,1,1,0,1,0,0
"POINT (9.470081131000029 52.305963398000074)",Unfall 229272 (2019) Kat:3, Licht: 2,229272,3,2,6,01,17,1,1,2,0,1,1,0
"POINT (9.743387869000060 52.389681669000026)",Unfall 229288 (2019) Kat:3, Licht: 0,229288,3,7,0,01,15,2,1,0,1,0,0,0
"POINT (9.683370074000038 52.393831905000070)",Unfall 229290 (2019) Kat:3, Licht: 0,229290,3,4,6,01,09,7,1,0,0,1,1,0
"POINT (9.717725722000068 52.369937781000033)",Unfall 229291 (2019) Kat:3, Licht: 2,229291,3,7,0,01,03,7,1,2,1,0,0,0
"POINT (9.609234266000044 52.437940551000054)",Unfall 229305 (2019) Kat:3, Licht: 2,229305,3,4,6,01,17,2,0,2,0,1,1,0
"POINT (9.707926354000051 52.403965455000048)",Unfall 229310 (2019) Kat:3, Licht: 0,229310,3,2,2,01,11,2,0,0,0,1,0,0
"POINT (9.727497226000025 52.377733557000056)",Unfall 229316 (2019) Kat:3, Licht: 0,229316,3,2,5,01,14,5,0,0,1,0,0,1
"POINT (9.818489127000021 52.391833811000026)",Unfall 229317 (2019) Kat:3, Licht: 1,229317,3,2,5,01,08,5,0,1,1,0,0,0
"POINT (9.767149901000039 52.343665876000046)",Unfall 229331 (2019) Kat:3, Licht: 1,229331,3,2,5,01,08,4,0,1,1,1,0,0
"POINT (9.735665582000024 52.399329055000067)",Unfall 229332 (2019) Kat:3, Licht: 1,229332,3,4,6,01,06,4,0,1,0,1,1,0
"POINT (9.780825146000041 52.399945183000057)",Unfall 229333 (2019) Kat:3, Licht: 2,229333,3,2,2,01,18,4,0,2,0,1,0,0
"POINT (9.742739467000035 52.379475218000039)",Unfall 229334 (2019) Kat:3, Licht: 2,229334,3,6,2,01,07,4,0,2,0,1,0,0
"POINT (9.595708344000059 52.427270316000033)",Unfall 229335 (2019) Kat:3, Licht: 2,229335,3,6,2,01,16,4,0,2,0,1,0,0
"POINT (9.725085250000063 52.451713322000046)",Unfall 229336 (2019) Kat:3, Licht: 0,229336,3,6,6,01,14,4,0,0,0,1,1,0
"POINT (9.680637717000025 52.394461443000068)",Unfall 229337 (2019) Kat:1, Licht: 0,229337,1,1,0,01,12,4,0,0,1,0,0,0
"POINT (9.695617707000054 52.408833878000053)",Unfall 229358 (2019) Kat:3, Licht: 0,229358,3,2,2,01,10,3,0,0,0,1,0,0
"POINT (9.693266524000023 52.367558398000028)",Unfall 229359 (2019) Kat:3, Licht: 0,229359,3,2,5,01,11,3,0,0,1,0,0,0
"POINT (9.781792436000046 52.424851394000029)",Unfall 229360 (2019) Kat:3, Licht: 0,229360,3,7,0,01,14,3,0,0,0,0,0,0
"POINT (9.736055733000057 52.416275218000067)",Unfall 229361 (2019) Kat:3, Licht: 0,229361,3,3,5,01,08,3,0,0,0,1,0,0
"POINT (9.821562858000050 52.302357521000033)",Unfall 229390 (2019) Kat:3, Licht: 0,229390,3,3,5,01,09,2,2,0,1,1,0,0
"POINT (9.861676951000050 52.368581424000070)",Unfall 229391 (2019) Kat:3, Licht: 0,229391,3,6,2,01,09,2,0,0,0,1,0,0
"POINT (9.753292338000051 52.390213232000065)",Unfall 229392 (2019) Kat:3, Licht: 2,229392,3,2,4,01,18,2,1,2,0,1,0,0
"POINT (9.426668751000022 52.425178615000050)",Unfall 229393 (2019) Kat:3, Licht: 0,229393,3,7,6,01,16,2,0,0,0,1,1,0
"POINT (9.558849275000057 52.400539348000052)",Unfall 229394 (2019) Kat:3, Licht: 0,229394,3,6,2,01,08,2,1,0,1,1,0,0
"POINT (9.961847664000061 52.389611844000058)",Unfall 229408 (2019) Kat:3, Licht: 0,229408,3,3,5,01,14,1,1,0,0,1,0,0
"POINT (9.780968919000031 52.400179162000029)",Unfall 229423 (2019) Kat:3, Licht: 0,229423,3,2,4,01,14,7,0,0,1,1,0,0
"POINT (9.743107185000042 52.379178077000063)",Unfall 229424 (2019) Kat:3, Licht: 2,229424,3,2,2,01,17,7,0,2,1,1,0,0
"POINT (10.009104768000043 52.444923317000075)",Unfall 229425 (2019) Kat:3, Licht: 2,229425,3,2,5,01,19,7,0,2,1,1,0,0
"POINT (9.710905443000058 52.359330256000078)",Unfall 229452 (2019) Kat:3, Licht: 0,229452,3,3,5,01,13,6,0,0,1,1,0,0
"POINT (9.694314125000062 52.338949912000032)",Unfall 229453 (2019) Kat:3, Licht: 0,229453,3,3,5,01,11,6,1,0,0,1,0,0
"POINT (9.743626009000025 52.369032430000061)",Unfall 229454 (2019) Kat:3, Licht: 2,229454,3,6,2,01,17,6,0,2,0,1,0,0
"POINT (9.729695739000022 52.355514907000043)",Unfall 229455 (2019) Kat:3, Licht: 0,229455,3,3,5,01,10,6,1,0,1,0,0,0
"POINT (9.808722753000041 52.379560752000032)",Unfall 229456 (2019) Kat:3, Licht: 0,229456,3,4,6,01,11,6,0,0,0,0,1,0
"POINT (9.755887784000038 52.355780367000079)",Unfall 229457 (2019) Kat:3, Licht: 0,229457,3,2,2,01,12,6,1,0,1,1,0,0
"POINT (9.782430187000045 52.340505835000044)",Unfall 229458 (2019) Kat:3, Licht: 0,229458,3,7,0,01,16,6,0,0,1,0,0,0
"POINT (9.840726867000058 52.413231759000041)",Unfall 229459 (2019) Kat:3, Licht: 0,229459,3,1,0,01,14,6,2,0,1,0,0,0
"POINT (9.731392523000068 52.375062433000039)",Unfall 229460 (2019) Kat:3, Licht: 0,229460,3,2,5,01,12,6,1,0,1,1,0,0
"POINT (9.490849214000036 52.307864715000051)",Unfall 229461 (2019) Kat:3, Licht: 0,229461,3,3,5,01,14,6,1,0,0,1,0,0
"POINT (9.573097125000061 52.440015488000029)",Unfall 229462 (2019) Kat:3, Licht: 2,229462,3,4,6,01,18,6,1,2,0,1,1,0
"POINT (9.707685367000067 52.442863185000078)",Unfall 229463 (2019) Kat:3, Licht: 0,229463,3,2,2,01,10,6,2,0,0,1,0,0
"POINT (9.738145866000025 52.453323223000041)",Unfall 229464 (2019) Kat:3, Licht: 1,229464,3,6,4,01,08,6,2,1,1,0,0,0
"POINT (9.748902532000045 52.396786500000076)",Unfall 229465 (2019) Kat:2, Licht: 0,229465,2,7,0,01,09,6,2,0,1,0,0,0
"POINT (9.761355403000039 52.342166342000041)",Unfall 229499 (2019) Kat:3, Licht: 0,229499,3,6,3,01,13,5,0,0,0,1,0,0
"POINT (9.728214361000028 52.374114252000027)",Unfall 229500 (2019) Kat:3, Licht: 2,229500,3,2,5,01,17,5,1,2,0,1,0,0
"POINT (9.798005698000054 52.392268352000031)",Unfall 229501 (2019) Kat:3, Licht: 2,229501,3,2,6,01,18,5,1,2,0,1,1,0
"POINT (9.778365682000072 52.330945367000027)",Unfall 229502 (2019) Kat:3, Licht: 1,229502,3,2,6,01,07,5,1,1,0,1,1,0
"POINT (9.859075383000061 52.487532064000050)",Unfall 229534 (2019) Kat:2, Licht: 1,229534,2,2,6,01,16,4,0,1,0,1,1,0
"POINT (9.683862745000056 52.411548012000026)",Unfall 229535 (2019) Kat:3, Licht: 0,229535,3,3,5,01,10,4,0,0,1,1,0,0
"POINT (9.731222565000053 52.378719529000080)",Unfall 229563 (2019) Kat:3, Licht: 2,229563,3,7,1,01,19,3,1,2,0,1,0,0
"POINT (9.961829574000035 52.389584000000070)",Unfall 229564 (2019) Kat:3, Licht: 1,229564,3,3,5,01,07,3,1,1,0,1,0,0
"POINT (9.727643819000036 52.368354187000079)",Unfall 229608 (2019) Kat:3, Licht: 0,229608,3,7,0,02,16,2,0,0,1,1,0,0
"POINT (9.767480907000049 52.399075609000079)",Unfall 229609 (2019) Kat:3, Licht: 0,229609,3,4,6,02,09,2,2,0,1,1,1,0
"POINT (9.744417702000021 52.395174098000041)",Unfall 229611 (2019) Kat:3, Licht: 0,229611,3,2,0,02,11,2,0,0,0,1,0,0
"POINT (9.828558459000021 52.421818314000063)",Unfall 229612 (2019) Kat:3, Licht: 0,229612,3,1,0,02,08,2,2,0,0,0,0,1
"POINT (9.804545234000045 52.330621716000053)",Unfall 229635 (2019) Kat:3, Licht: 0,229635,3,6,2,02,11,1,0,0,0,1,0,0
"POINT (9.766200316000038 52.381926057000044)",Unfall 229636 (2019) Kat:3, Licht: 2,229636,3,2,5,02,18,1,1,2,1,1,0,0
"POINT (9.702647685000045 52.373989394000034)",Unfall 229648 (2019) Kat:3, Licht: 2,229648,3,3,5,02,22,7,1,2,0,1,0,1
"POINT (9.730459283000073 52.391245958000070)",Unfall 229649 (2019) Kat:3, Licht: 2,229649,3,2,6,02,21,7,1,2,0,1,1,0
"POINT (9.718441770000027 52.381026219000034)",Unfall 229650 (2019) Kat:3, Licht: 2,229650,3,6,2,02,17,7,1,2,0,1,0,0
"POINT (9.703030258000069 52.373026401000061)",Unfall 229668 (2019) Kat:3, Licht: 2,229668,3,3,5,02,20,6,1,2,1,1,0,0
"POINT (9.752720648000036 52.394762262000029)",Unfall 229669 (2019) Kat:3, Licht: 2,229669,3,1,0,02,18,6,2,2,1,0,0,0
"POINT (10.026433672000053 52.442235917000062)",Unfall 229670 (2019) Kat:2, Licht: 0,229670,2,4,6,02,16,6,0,0,0,1,1,0
"POINT (9.701638459000037 52.375222668000049)",Unfall 229671 (2019) Kat:2, Licht: 0,229671,2,7,0,02,15,6,0,0,1,0,0,0
"POINT (9.781636637000077 52.415606322000031)",Unfall 229672 (2019) Kat:3, Licht: 2,229672,3,3,5,02,06,6,0,2,0,1,0,0
"POINT (9.743199341000036 52.475656137000044)",Unfall 229689 (2019) Kat:3, Licht: 0,229689,3,3,5,01,12,5,0,0,0,0,0,0
"POINT (9.824935891000052 52.360619962000044)",Unfall 229709 (2019) Kat:3, Licht: 0,229709,3,6,2,01,11,4,0,0,0,1,0,0
"POINT (9.716373199000032 52.388617512000053)",Unfall 229711 (2019) Kat:3, Licht: 0,229711,3,3,5,01,10,4,0,0,1,1,0,0
"POINT (9.806681569000034 52.416721054000050)",Unfall 229712 (2019) Kat:3, Licht: 0,229712,3,3,0,01,11,4,0,0,1,0,0,0
"POINT (10.010189036000043 52.515495530000067)",Unfall 229713 (2019) Kat:3, Licht: 0,229713,3,3,5,01,09,4,1,0,1,1,0,0
"POINT (9.755220339000061 52.358402201000047)",Unfall 229714 (2019) Kat:3, Licht: 0,229714,3,3,5,01,12,4,0,0,1,1,0,0
"POINT (9.752396256000054 52.432514968000078)",Unfall 229733 (2019) Kat:3, Licht: 1,229733,3,5,1,01,07,3,0,1,1,1,0,0
"POINT (9.771721068000034 52.417412883000054)",Unfall 229734 (2019) Kat:3, Licht: 2,229734,3,6,2,01,19,3,1,2,0,1,0,0
"POINT (9.668174933000046 52.415387945000077)",Unfall 229735 (2019) Kat:3, Licht: 0,229735,3,3,5,01,12,3,0,0,1,1,0,0
"POINT (9.720884098000056 52.373274339000034)",Unfall 229736 (2019) Kat:3, Licht: 0,229736,3,3,0,01,11,3,1,0,1,0,0,1
"POINT (9.667376704000048 52.373124760000053)",Unfall 229764 (2019) Kat:3, Licht: 1,229764,3,3,5,01,17,2,1,1,1,1,0,0
"POINT (9.710815863000050 52.373174350000056)",Unfall 229765 (2019) Kat:3, Licht: 0,229765,3,2,3,01,12,2,1,0,1,1,0,0
"POINT (9.552381456000035 52.214414446000035)",Unfall 229766 (2019) Kat:3, Licht: 2,229766,3,3,5,01,18,2,2,2,0,1,0,1
"POINT (9.740340351000043 52.448021029000074)",Unfall 229767 (2019) Kat:3, Licht: 0,229767,3,2,2,01,15,2,1,0,0,1,0,0
"POINT (10.026437782000073 52.442227010000067)",Unfall 229768 (2019) Kat:2, Licht: 2,229768,2,4,6,01,17,2,1,2,0,1,1,0
"POINT (9.779743990000043 52.414190603000065)",Unfall 229769 (2019) Kat:3, Licht: 2,229769,3,4,6,01,19,2,1,2,1,0,1,0
"POINT (9.754199441000026 52.395428418000051)",Unfall 229770 (2019) Kat:2, Licht: 2,229770,2,2,6,01,19,2,1,2,0,1,1,0
"POINT (9.703218466000067 52.406714209000029)",Unfall 229771 (2019) Kat:3, Licht: 2,229771,3,2,5,01,17,2,1,2,1,1,0,0
"POINT (9.458043926000073 52.503849702000082)",Unfall 229784 (2019) Kat:3, Licht: 2,229784,3,7,6,01,05,1,1,2,0,1,1,0
"POINT (9.743735737000066 52.357100884000033)",Unfall 229801 (2019) Kat:3, Licht: 2,229801,3,2,5,01,07,7,1,2,0,1,0,0
"POINT (9.965560401000062 52.310487880000039)",Unfall 229802 (2019) Kat:2, Licht: 0,229802,2,1,0,01,08,7,2,0,1,0,0,0
"POINT (9.646246348000034 52.401916613000026)",Unfall 229824 (2019) Kat:3, Licht: 2,229824,3,3,5,01,06,6,0,2,1,1,0,0
"POINT (9.745114733000037 52.547475317000078)",Unfall 229825 (2019) Kat:3, Licht: 0,229825,3,4,6,01,11,6,0,0,0,1,1,0
"POINT (9.784667838000075 52.353420091000032)",Unfall 229835 (2019) Kat:3, Licht: 0,229835,3,6,0,02,13,7,0,0,1,0,1,0
"POINT (9.713855662000071 52.383928419000028)",Unfall 229836 (2019) Kat:3, Licht: 2,229836,3,1,8,02,18,7,0,2,0,1,0,0
"POINT (9.733238617000040 52.442756711000072)",Unfall 229837 (2019) Kat:3, Licht: 0,229837,3,2,4,02,11,7,0,0,1,1,0,0
"POINT (9.762108501000057 52.482473083000059)",Unfall 229838 (2019) Kat:2, Licht: 2,229838,2,6,6,02,18,7,0,2,0,1,1,0
"POINT (9.697813954000026 52.396511449000059)",Unfall 229840 (2019) Kat:2, Licht: 0,229840,2,2,5,02,14,7,0,0,0,1,0,0
"POINT (9.689599558000055 52.349180377000039)",Unfall 229873 (2019) Kat:3, Licht: 0,229873,3,6,2,02,12,6,0,0,0,1,0,0
"POINT (9.727917128000058 52.361360924000053)",Unfall 229874 (2019) Kat:3, Licht: 2,229874,3,4,6,02,18,6,0,2,0,1,1,0
"POINT (9.732715837000058 52.379250361000061)",Unfall 229875 (2019) Kat:3, Licht: 0,229875,3,6,2,02,15,6,0,0,0,1,0,0
"POINT (9.465041001000031 52.308372137000049)",Unfall 229876 (2019) Kat:3, Licht: 2,229876,3,3,5,02,19,6,0,2,1,1,0,0
"POINT (9.617332358000056 52.443250503000058)",Unfall 229877 (2019) Kat:3, Licht: 0,229877,3,3,5,02,11,6,0,0,1,1,0,0
"POINT (9.763271918000044 52.402108381000062)",Unfall 229878 (2019) Kat:3, Licht: 2,229878,3,3,5,02,19,6,0,2,0,1,0,1
"POINT (9.758082889000036 52.396124384000075)",Unfall 229879 (2019) Kat:3, Licht: 1,229879,3,2,5,02,18,6,0,1,1,1,0,0
"POINT (9.820831473000055 52.388318575000028)",Unfall 229880 (2019) Kat:3, Licht: 0,229880,3,1,2,02,15,6,0,0,0,1,0,1
"POINT (9.758542386000045 52.359556521000059)",Unfall 229881 (2019) Kat:3, Licht: 0,229881,3,2,5,02,12,6,0,0,1,1,0,0
"POINT (9.761920174000068 52.371159447000082)",Unfall 229882 (2019) Kat:3, Licht: 0,229882,3,6,3,02,07,6,0,0,1,1,0,0
"POINT (9.744998601000077 52.357670924000047)",Unfall 229905 (2019) Kat:3, Licht: 0,229905,3,3,5,02,10,1,0,0,1,1,0,0
"POINT (9.732424573000060 52.441565927000056)",Unfall 229913 (2019) Kat:3, Licht: 2,229913,3,7,0,02,18,5,0,2,1,0,0,0
"POINT (9.617408233000049 52.443274815000052)",Unfall 229914 (2019) Kat:2, Licht: 2,229914,2,2,5,02,18,5,0,2,0,1,0,1
"POINT (9.726363730000060 52.388415917000032)",Unfall 229915 (2019) Kat:3, Licht: 0,229915,3,2,5,02,15,5,0,0,1,1,0,0
"POINT (9.699943573000041 52.375592827000048)",Unfall 229934 (2019) Kat:3, Licht: 0,229934,3,6,3,02,09,4,1,0,0,1,0,0
"POINT (9.818345157000067 52.427835168000058)",Unfall 229935 (2019) Kat:3, Licht: 0,229935,3,6,4,02,14,4,0,0,0,1,0,0
"POINT (9.768909325000038 52.377949112000067)",Unfall 229936 (2019) Kat:3, Licht: 2,229936,3,3,5,02,18,4,0,2,1,1,0,0
"POINT (9.539047314000072 52.208475462000081)",Unfall 229937 (2019) Kat:3, Licht: 0,229937,3,5,1,02,10,4,1,0,0,1,0,0
"POINT (9.593961884000066 52.421016216000055)",Unfall 229938 (2019) Kat:3, Licht: 0,229938,3,3,5,02,15,4,0,0,0,1,0,0
"POINT (9.760028458000022 52.393801433000078)",Unfall 229939 (2019) Kat:3, Licht: 0,229939,3,2,5,02,16,4,0,0,0,1,0,0
"POINT (9.973751567000022 52.375865373000067)",Unfall 229940 (2019) Kat:3, Licht: 1,229940,3,7,0,02,07,4,0,1,1,0,0,0
"POINT (9.827910208000048 52.331376083000066)",Unfall 229975 (2019) Kat:3, Licht: 0,229975,3,3,5,02,08,3,0,0,1,1,0,0
"POINT (9.745653858000026 52.378735488000075)",Unfall 229977 (2019) Kat:3, Licht: 2,229977,3,2,5,02,18,3,0,2,1,1,0,0
"POINT (9.754194885000061 52.368330952000065)",Unfall 229978 (2019) Kat:2, Licht: 0,229978,2,2,5,02,14,3,0,0,1,1,0,0
"POINT (9.628147481000042 52.332678970000075)",Unfall 229979 (2019) Kat:2, Licht: 0,229979,2,7,6,02,13,3,0,0,0,1,1,0
"POINT (9.791801378000059 52.402955794000036)",Unfall 229980 (2019) Kat:2, Licht: 2,229980,2,2,4,02,07,3,0,2,1,1,0,0
"POINT (9.713764944000047 52.361092174000078)",Unfall 229998 (2019) Kat:3, Licht: 0,229998,3,6,2,02,08,2,1,0,0,1,0,0
"POINT (9.736274076000029 52.547525214000075)",Unfall 229999 (2019) Kat:3, Licht: 0,229999,3,3,0,02,15,2,1,0,1,0,1,0
"POINT (9.975822868000023 52.382179162000057)",Unfall 230022 (2019) Kat:3, Licht: 0,230022,3,3,5,02,13,7,0,0,0,1,0,0
"POINT (9.738042486000040 52.369862122000029)",Unfall 230040 (2019) Kat:3, Licht: 0,230040,3,2,5,02,14,6,0,0,1,1,0,0
"POINT (9.755489418000025 52.371683001000065)",Unfall 230042 (2019) Kat:3, Licht: 0,230042,3,5,1,02,09,6,0,0,1,1,0,0
"POINT (9.767102334000072 52.264670401000046)",Unfall 230066 (2019) Kat:3, Licht: 0,230066,3,2,2,02,12,5,0,0,0,1,0,0
"POINT (9.803704000000039 52.431944927000075)",Unfall 230067 (2019) Kat:3, Licht: 0,230067,3,3,5,02,16,5,0,0,0,1,0,0
"POINT (9.713300316000073 52.371440785000061)",Unfall 230068 (2019) Kat:3, Licht: 0,230068,3,3,0,02,12,5,0,0,1,0,0,0
"POINT (9.807513586000027 52.397802073000037)",Unfall 230095 (2019) Kat:3, Licht: 0,230095,3,3,5,02,15,4,0,0,1,1,0,0
"POINT (9.736334451000062 52.375846609000064)",Unfall 230096 (2019) Kat:3, Licht: 1,230096,3,7,5,02,17,4,0,1,1,1,0,0
"POINT (9.724996548000036 52.313695428000074)",Unfall 230097 (2019) Kat:3, Licht: 0,230097,3,3,5,02,13,4,0,0,0,1,0,0
"POINT (9.753718516000049 52.440520415000037)",Unfall 230098 (2019) Kat:3, Licht: 2,230098,3,6,2,02,17,4,0,2,0,1,0,0
"POINT (9.609799621000036 52.426231849000033)",Unfall 230100 (2019) Kat:3, Licht: 0,230100,3,1,8,02,14,4,0,0,0,1,0,0
"POINT (9.800293499000077 52.376779232000047)",Unfall 230103 (2019) Kat:3, Licht: 0,230103,3,4,6,02,09,1,0,0,0,1,1,0
"POINT (9.723623196000062 52.368494636000037)",Unfall 230126 (2019) Kat:3, Licht: 2,230126,3,7,0,02,18,4,0,2,1,0,0,0
"POINT (9.743626009000025 52.369032430000061)",Unfall 230127 (2019) Kat:3, Licht: 0,230127,3,6,2,02,11,4,0,0,0,1,0,0
"POINT (9.692792309000026 52.367462544000034)",Unfall 230128 (2019) Kat:3, Licht: 0,230128,3,2,5,02,16,4,0,0,1,0,0,0
"POINT (9.834318963000044 52.351699545000031)",Unfall 230129 (2019) Kat:3, Licht: 0,230129,3,3,5,02,07,4,0,0,1,1,0,0
"POINT (9.737665895000021 52.412441913000066)",Unfall 230131 (2019) Kat:3, Licht: 0,230131,3,6,4,02,15,4,0,0,0,1,0,0
"POINT (9.449812324000050 52.417373129000055)",Unfall 230132 (2019) Kat:3, Licht: 0,230132,3,5,1,02,18,4,0,0,0,1,0,0
"POINT (9.980819601000064 52.375864142000069)",Unfall 230133 (2019) Kat:3, Licht: 0,230133,3,3,5,02,12,4,0,0,0,1,0,0
"POINT (9.734070217000067 52.429018453000026)",Unfall 230134 (2019) Kat:3, Licht: 0,230134,3,3,5,02,10,4,0,0,1,1,0,0
"POINT (10.008802088000039 52.446335059000035)",Unfall 230135 (2019) Kat:3, Licht: 2,230135,3,3,5,02,19,4,0,2,1,1,0,0
"POINT (9.774362443000030 52.398264901000061)",Unfall 230136 (2019) Kat:3, Licht: 0,230136,3,2,5,02,15,4,0,0,0,1,0,0
"POINT (9.974994586000037 52.374619149000068)",Unfall 230162 (2019) Kat:3, Licht: 0,230162,3,5,0,02,09,5,0,0,1,1,0,0
"POINT (9.673630059000061 52.365299760000028)",Unfall 230167 (2019) Kat:3, Licht: 0,230167,3,3,5,02,17,3,0,0,1,1,0,0
"POINT (9.738387004000060 52.373265291000052)",Unfall 230168 (2019) Kat:3, Licht: 1,230168,3,6,6,02,17,3,0,1,1,0,1,0
"POINT (9.422456318000059 52.421834210000043)",Unfall 230169 (2019) Kat:3, Licht: 0,230169,3,7,6,02,09,3,0,0,0,1,1,0
"POINT (9.601979436000022 52.413650078000046)",Unfall 230170 (2019) Kat:3, Licht: 0,230170,3,7,1,02,11,3,0,0,0,1,0,0
"POINT (9.753430012000024 52.381595281000045)",Unfall 230171 (2019) Kat:3, Licht: 2,230171,3,3,5,02,20,3,0,2,1,1,0,0
"POINT (9.714250231000051 52.371783984000047)",Unfall 230172 (2019) Kat:3, Licht: 0,230172,3,2,5,02,17,3,0,0,1,0,0,0
"POINT (9.888898426000026 52.453628169000069)",Unfall 230175 (2019) Kat:3, Licht: 0,230175,3,4,6,02,12,5,0,0,0,1,1,0
"POINT (9.701253131000044 52.395225515000050)",Unfall 230200 (2019) Kat:3, Licht: 0,230200,3,6,0,02,07,2,0,0,1,1,0,0
"POINT (9.695195968000064 52.365502886000058)",Unfall 230201 (2019) Kat:3, Licht: 0,230201,3,2,5,02,16,2,0,0,1,1,0,0
"POINT (9.715191779000065 52.361978364000038)",Unfall 230202 (2019) Kat:3, Licht: 0,230202,3,6,2,02,10,2,0,0,0,1,0,0
"POINT (9.689399658000070 52.364147267000078)",Unfall 230203 (2019) Kat:3, Licht: 2,230203,3,5,1,02,05,2,0,2,0,1,0,0
"POINT (9.756445738000025 52.390687203000027)",Unfall 230204 (2019) Kat:3, Licht: 0,230204,3,6,2,02,14,2,0,0,0,1,0,0
"POINT (9.658384138000031 52.342837580000037)",Unfall 230205 (2019) Kat:3, Licht: 0,230205,3,7,1,02,08,2,0,0,0,1,0,1
"POINT (9.661027067000021 52.353859138000075)",Unfall 230207 (2019) Kat:2, Licht: 0,230207,2,7,0,02,12,2,0,0,1,0,0,0
"POINT (9.741008696000051 52.398801818000038)",Unfall 230208 (2019) Kat:3, Licht: 0,230208,3,3,5,02,15,2,0,0,1,1,0,0
"POINT (9.741078352000045 52.377990728000043)",Unfall 230209 (2019) Kat:3, Licht: 0,230209,3,7,0,02,08,2,0,0,0,1,1,0
"POINT (9.578210169000045 52.418507297000076)",Unfall 230210 (2019) Kat:2, Licht: 0,230210,2,4,6,02,08,2,0,0,0,1,1,0
"POINT (10.013518146000024 52.443783518000032)",Unfall 230215 (2019) Kat:3, Licht: 0,230215,3,3,0,02,15,5,0,0,1,0,0,0
"POINT (9.615623362000065 52.404968626000027)",Unfall 230220 (2019) Kat:2, Licht: 0,230220,2,5,1,02,14,5,0,0,0,1,0,1
"POINT (9.694113694000066 52.403438684000037)",Unfall 230229 (2019) Kat:3, Licht: 0,230229,3,3,5,02,16,1,0,0,0,1,0,0
"POINT (9.752659758000050 52.394596176000050)",Unfall 230230 (2019) Kat:3, Licht: 0,230230,3,1,0,02,14,1,0,0,0,0,0,1
"POINT (9.765236625000057 52.378130192000071)",Unfall 230231 (2019) Kat:3, Licht: 0,230231,3,3,5,02,12,1,0,0,0,1,0,0
"POINT (9.621405049000032 52.435956288000057)",Unfall 230232 (2019) Kat:3, Licht: 0,230232,3,6,2,02,14,1,0,0,1,0,0,0
"POINT (9.735627733000058 52.433887912000046)",Unfall 230233 (2019) Kat:3, Licht: 2,230233,3,7,6,02,00,1,0,2,0,1,1,0
"POINT (9.426720222000029 52.422887855000056)",Unfall 230262 (2019) Kat:3, Licht: 0,230262,3,6,2,02,17,6,0,0,0,1,0,0
"POINT (9.734198666000054 52.429459336000036)",Unfall 230263 (2019) Kat:3, Licht: 0,230263,3,5,1,02,11,6,0,0,1,0,0,0
"POINT (9.491893373000039 52.307319754000048)",Unfall 230264 (2019) Kat:3, Licht: 0,230264,3,7,0,02,16,6,0,0,0,0,0,1
"POINT (9.749053055000047 52.377795271000082)",Unfall 230265 (2019) Kat:3, Licht: 0,230265,3,3,5,02,13,6,0,0,1,1,0,0
"POINT (9.724110962000054 52.372431183000060)",Unfall 230272 (2019) Kat:3, Licht: 0,230272,3,3,5,02,07,5,0,0,1,1,0,0
"POINT (9.597926113000028 52.420644986000070)",Unfall 230289 (2019) Kat:3, Licht: 0,230289,3,3,5,02,15,5,0,0,1,1,0,0
"POINT (9.692511399000068 52.329583863000039)",Unfall 230290 (2019) Kat:3, Licht: 0,230290,3,7,6,02,12,5,0,0,0,1,1,0
"POINT (9.703260749000037 52.406727071000034)",Unfall 230308 (2019) Kat:3, Licht: 2,230308,3,3,5,02,05,4,0,2,1,1,0,0
"POINT (9.721745454000029 52.353619897000044)",Unfall 230324 (2019) Kat:3, Licht: 0,230324,3,6,6,02,14,3,0,0,1,0,1,0
"POINT (9.663870666000037 52.381574455000077)",Unfall 230326 (2019) Kat:3, Licht: 1,230326,3,3,5,02,07,3,0,1,1,1,0,0
"POINT (9.737182452000070 52.392070969000031)",Unfall 230327 (2019) Kat:3, Licht: 0,230327,3,5,5,02,15,3,0,0,1,1,0,0
"POINT (9.732299582000053 52.324692705000075)",Unfall 230328 (2019) Kat:3, Licht: 1,230328,3,1,0,02,17,3,0,1,1,0,0,0
"POINT (10.191321453000057 52.460683069000027)",Unfall 230329 (2019) Kat:3, Licht: 0,230329,3,3,5,02,09,3,0,0,0,1,0,0
"POINT (9.759991987000035 52.365862318000040)",Unfall 230359 (2019) Kat:3, Licht: 0,230359,3,3,5,02,15,2,0,0,1,1,0,0
"POINT (9.460790407000047 52.302875043000029)",Unfall 230361 (2019) Kat:3, Licht: 0,230361,3,7,6,02,11,2,0,0,0,1,1,0
"POINT (9.600753643000076 52.437890670000058)",Unfall 230362 (2019) Kat:3, Licht: 0,230362,3,3,5,02,17,2,0,0,1,1,0,0
"POINT (9.711455027000056 52.442788307000058)",Unfall 230363 (2019) Kat:3, Licht: 2,230363,3,2,6,02,07,2,0,2,0,1,1,0
"POINT (9.740709938000066 52.398705305000078)",Unfall 230364 (2019) Kat:2, Licht: 2,230364,2,4,6,02,18,2,0,2,1,0,1,0
"POINT (9.753423165000072 52.382200574000080)",Unfall 230365 (2019) Kat:3, Licht: 0,230365,3,7,0,02,16,2,0,0,0,0,0,1
"POINT (9.755473325000025 52.391313843000034)",Unfall 230366 (2019) Kat:3, Licht: 0,230366,3,2,5,02,10,2,0,0,1,1,0,0
"POINT (9.817845820000059 52.290366986000038)",Unfall 230367 (2019) Kat:2, Licht: 0,230367,2,2,5,02,08,2,0,0,1,1,0,0
"POINT (9.716293353000026 52.399694238000052)",Unfall 230368 (2019) Kat:3, Licht: 2,230368,3,2,6,02,06,2,0,2,0,1,1,0
"POINT (9.743442749000053 52.338407849000077)",Unfall 230374 (2019) Kat:3, Licht: 0,230374,3,7,0,03,12,2,0,0,0,1,0,0
"POINT (9.923250943000028 52.366604152000036)",Unfall 230375 (2019) Kat:3, Licht: 0,230375,3,6,2,03,07,2,1,0,0,1,0,0
"POINT (9.819344913000066 52.321876135000082)",Unfall 230376 (2019) Kat:3, Licht: 2,230376,3,7,0,03,20,2,1,2,0,1,0,0
"POINT (9.716700630000048 52.362186672000064)",Unfall 230378 (2019) Kat:3, Licht: 0,230378,3,4,6,03,14,2,1,0,0,1,1,0
"POINT (9.564198996000073 52.201661750000028)",Unfall 230400 (2019) Kat:3, Licht: 0,230400,3,2,2,03,12,1,1,0,0,1,0,0
"POINT (9.567380481000043 52.215481723000039)",Unfall 230401 (2019) Kat:3, Licht: 0,230401,3,2,2,03,12,1,1,0,0,1,0,0
"POINT (9.808444888000054 52.386144173000048)",Unfall 230420 (2019) Kat:3, Licht: 0,230420,3,3,5,03,07,7,1,0,0,1,0,0
"POINT (9.733091760000036 52.393401989000040)",Unfall 230421 (2019) Kat:3, Licht: 1,230421,3,7,1,03,17,7,1,1,1,1,0,0
"POINT (9.738453528000036 52.381862948000048)",Unfall 230423 (2019) Kat:3, Licht: 2,230423,3,6,2,03,19,7,1,2,0,1,0,0
"POINT (9.714065245000029 52.342218369000079)",Unfall 230424 (2019) Kat:3, Licht: 0,230424,3,4,6,03,07,7,1,0,0,1,1,0
"POINT (9.727565337000044 52.361136154000064)",Unfall 230454 (2019) Kat:3, Licht: 0,230454,3,2,5,03,11,6,0,0,1,1,0,0
"POINT (9.787030191000042 52.398511851000080)",Unfall 230455 (2019) Kat:3, Licht: 1,230455,3,5,1,03,18,6,1,1,0,1,0,0
"POINT (9.855242628000042 52.488808466000080)",Unfall 230456 (2019) Kat:3, Licht: 0,230456,3,3,5,03,13,6,0,0,1,0,0,0
"POINT (9.747729280000044 52.373651296000048)",Unfall 230458 (2019) Kat:3, Licht: 2,230458,3,7,0,03,21,6,1,2,1,0,0,0
"POINT (9.800009402000057 52.406266023000057)",Unfall 230459 (2019) Kat:2, Licht: 0,230459,2,4,6,03,17,6,0,0,0,1,1,0
"POINT (9.745286184000065 52.378613123000036)",Unfall 230460 (2019) Kat:2, Licht: 0,230460,2,2,0,03,12,6,0,0,0,1,1,0
"POINT (9.761220021000042 52.370827572000053)",Unfall 230461 (2019) Kat:3, Licht: 0,230461,3,5,1,03,07,6,1,0,1,1,0,0
"POINT (9.793565943000033 52.332867835000059)",Unfall 230462 (2019) Kat:3, Licht: 2,230462,3,4,6,03,06,6,0,2,0,1,1,0
"POINT (9.668658585000060 52.414812357000073)",Unfall 230484 (2019) Kat:3, Licht: 0,230484,3,3,5,03,09,3,0,0,1,1,0,0
"POINT (9.664231691000055 52.409651815000075)",Unfall 230488 (2019) Kat:3, Licht: 0,230488,3,7,0,03,17,5,0,0,0,0,1,0
"POINT (9.674358471000062 52.408316934000027)",Unfall 230489 (2019) Kat:3, Licht: 0,230489,3,3,5,03,16,5,1,0,0,1,0,1
"POINT (9.555618910000021 52.207066447000045)",Unfall 230490 (2019) Kat:3, Licht: 0,230490,3,3,5,03,07,5,0,0,1,1,0,0
"POINT (9.757615727000029 52.391967404000070)",Unfall 230491 (2019) Kat:2, Licht: 2,230491,2,7,0,03,19,5,1,2,1,0,0,0
"POINT (9.714437858000053 52.343007693000061)",Unfall 230518 (2019) Kat:3, Licht: 0,230518,3,5,1,03,11,4,0,0,0,1,0,0
"POINT (9.736056022000071 52.416169018000062)",Unfall 230519 (2019) Kat:3, Licht: 0,230519,3,3,5,03,14,4,0,0,0,1,0,0
"POINT (9.754316723000045 52.368366168000080)",Unfall 230558 (2019) Kat:3, Licht: 0,230558,3,2,0,03,17,3,0,0,0,0,0,1
"POINT (9.731403571000044 52.393944731000033)",Unfall 230560 (2019) Kat:3, Licht: 0,230560,3,4,6,03,16,3,0,0,0,1,1,0
"POINT (9.737281746000065 52.441041840000082)",Unfall 230561 (2019) Kat:2, Licht: 0,230561,2,7,0,03,13,3,0,0,1,0,0,0
"POINT (9.763257355000064 52.402769878000072)",Unfall 230563 (2019) Kat:3, Licht: 0,230563,3,4,6,03,10,3,0,0,0,1,1,0
"POINT (9.723499661000062 52.387263317000077)",Unfall 230564 (2019) Kat:3, Licht: 0,230564,3,2,6,03,09,3,0,0,0,1,1,0
"POINT (9.681233068000040 52.348355883000067)",Unfall 230590 (2019) Kat:3, Licht: 0,230590,3,7,0,03,15,2,1,0,1,0,0,0
"POINT (9.703679830000056 52.373007099000063)",Unfall 230592 (2019) Kat:3, Licht: 0,230592,3,7,1,03,07,2,0,0,1,1,0,0
"POINT (9.972863459000052 52.467559421000033)",Unfall 230593 (2019) Kat:3, Licht: 0,230593,3,7,0,03,16,2,0,0,1,1,0,0
"POINT (9.458206702000041 52.505429309000078)",Unfall 230594 (2019) Kat:3, Licht: 0,230594,3,3,5,03,09,2,0,0,1,1,0,0
"POINT (9.781431211000040 52.410652760000062)",Unfall 230599 (2019) Kat:3, Licht: 0,230599,3,3,5,03,16,3,0,0,0,1,0,0
"POINT (9.739533388000041 52.447375428000043)",Unfall 230608 (2019) Kat:3, Licht: 0,230608,3,3,5,03,13,1,1,0,1,1,0,0
"POINT (9.719961730000023 52.367857305000030)",Unfall 230609 (2019) Kat:3, Licht: 2,230609,3,3,5,03,20,1,0,2,1,1,0,0
"POINT (9.657166719000031 52.409000427000080)",Unfall 230624 (2019) Kat:3, Licht: 0,230624,3,7,0,03,14,7,0,0,0,0,0,1
"POINT (9.721275744000025 52.376183450000042)",Unfall 230625 (2019) Kat:3, Licht: 0,230625,3,5,0,03,10,7,0,0,0,1,0,1
"POINT (9.714244851000046 52.371791492000057)",Unfall 230645 (2019) Kat:3, Licht: 0,230645,3,2,5,03,15,6,0,0,1,1,0,0
"POINT (9.753321447000076 52.390230338000038)",Unfall 230646 (2019) Kat:3, Licht: 2,230646,3,2,3,03,19,6,0,2,1,1,0,0
"POINT (9.603007144000060 52.415578454000070)",Unfall 230647 (2019) Kat:3, Licht: 0,230647,3,3,5,03,08,6,0,0,0,1,0,0
"POINT (9.686002045000066 52.413609831000031)",Unfall 230652 (2019) Kat:3, Licht: 0,230652,3,3,5,03,16,6,0,0,1,1,0,0
"POINT (9.693792407000046 52.400335055000028)",Unfall 230653 (2019) Kat:3, Licht: 0,230653,3,3,5,03,11,6,0,0,1,1,0,0
"POINT (9.811394697000026 52.348156064000079)",Unfall 230654 (2019) Kat:3, Licht: 1,230654,3,4,6,03,17,6,0,1,0,1,1,0
"POINT (9.756489820000070 52.340633238000066)",Unfall 230656 (2019) Kat:3, Licht: 0,230656,3,6,2,03,13,6,0,0,0,1,0,0
"POINT (9.644943938000040 52.439084377000029)",Unfall 230657 (2019) Kat:3, Licht: 0,230657,3,6,2,03,15,6,0,0,0,1,0,1
"POINT (9.717742606000059 52.379885283000078)",Unfall 230658 (2019) Kat:2, Licht: 0,230658,2,3,5,03,15,6,0,0,1,1,0,0
"POINT (9.748744507000026 52.393653775000075)",Unfall 230659 (2019) Kat:3, Licht: 0,230659,3,6,4,03,14,6,0,0,1,1,0,0
"POINT (9.750585415000046 52.375316249000036)",Unfall 230660 (2019) Kat:3, Licht: 0,230660,3,2,5,03,09,6,0,0,1,0,0,0
"POINT (9.501371281000047 52.286049532000050)",Unfall 230692 (2019) Kat:3, Licht: 0,230692,3,6,4,03,15,5,0,0,1,1,0,0
"POINT (9.822875188000069 52.391305481000074)",Unfall 230693 (2019) Kat:3, Licht: 0,230693,3,3,5,03,16,5,0,0,0,1,0,0
"POINT (9.791627470000037 52.403018354000039)",Unfall 230694 (2019) Kat:3, Licht: 0,230694,3,6,2,03,12,5,0,0,0,1,0,0
"POINT (9.715592999000023 52.372055554000042)",Unfall 230716 (2019) Kat:3, Licht: 0,230716,3,7,8,03,15,4,0,0,1,0,0,0
"POINT (9.752598837000051 52.395029598000065)",Unfall 230717 (2019) Kat:3, Licht: 0,230717,3,3,5,03,16,4,0,0,0,1,0,0
"POINT (9.722655798000062 52.377358342000036)",Unfall 230731 (2019) Kat:3, Licht: 0,230731,3,6,3,03,10,7,0,0,1,0,0,0
"POINT (9.733248453000044 52.417788831000053)",Unfall 230735 (2019) Kat:3, Licht: 0,230735,3,3,5,03,15,7,0,0,1,1,0,0
"POINT (9.703068612000038 52.368794064000042)",Unfall 230742 (2019) Kat:3, Licht: 2,230742,3,1,7,03,23,3,0,2,0,1,0,0
"POINT (9.733742055000050 52.398952138000027)",Unfall 230743 (2019) Kat:3, Licht: 2,230743,3,2,4,03,19,3,0,2,1,0,0,1
"POINT (9.735783820000052 52.378832933000069)",Unfall 230744 (2019) Kat:3, Licht: 0,230744,3,2,0,03,11,7,0,0,1,0,0,0
"POINT (9.641020780000076 52.398253582000052)",Unfall 230745 (2019) Kat:3, Licht: 0,230745,3,3,5,03,07,3,0,0,1,1,0,0
"POINT (9.730882401000031 52.425253142000031)",Unfall 230746 (2019) Kat:3, Licht: 0,230746,3,6,3,03,15,3,0,0,1,1,0,0
"POINT (9.734672729000067 52.362290007000070)",Unfall 230747 (2019) Kat:3, Licht: 0,230747,3,7,3,03,08,3,0,0,1,0,0,0
"POINT (9.693303224000033 52.348993054000061)",Unfall 230783 (2019) Kat:3, Licht: 0,230783,3,3,5,03,11,2,1,0,0,1,0,0
"POINT (9.795361700000058 52.312400900000057)",Unfall 230784 (2019) Kat:3, Licht: 1,230784,3,6,2,03,18,2,1,1,0,1,0,0
"POINT (9.820937592000064 52.388339603000077)",Unfall 230785 (2019) Kat:3, Licht: 0,230785,3,3,5,03,07,2,0,0,1,1,0,0
"POINT (9.754419618000043 52.389498820000028)",Unfall 230786 (2019) Kat:3, Licht: 0,230786,3,2,2,03,08,2,1,0,0,1,0,0
"POINT (9.733693277000043 52.375919454000041)",Unfall 230787 (2019) Kat:3, Licht: 2,230787,3,6,6,03,20,2,0,2,1,0,1,0
"POINT (9.752967112000022 52.264859630000046)",Unfall 230788 (2019) Kat:3, Licht: 2,230788,3,4,0,03,19,2,0,2,0,1,1,0
"POINT (9.749264942000025 52.389946740000028)",Unfall 230789 (2019) Kat:2, Licht: 2,230789,2,4,6,03,20,2,1,2,0,1,1,0
"POINT (9.732667373000027 52.379386303000047)",Unfall 230790 (2019) Kat:2, Licht: 0,230790,2,2,5,03,08,2,0,0,1,0,0,0
"POINT (9.751809744000070 52.392507954000052)",Unfall 230792 (2019) Kat:3, Licht: 0,230792,3,2,5,03,14,2,0,0,1,1,0,0
"POINT (9.692195253000023 52.365049208000073)",Unfall 230806 (2019) Kat:3, Licht: 0,230806,3,7,7,03,17,1,0,0,1,0,1,0
"POINT (9.735816911000029 52.383963214000062)",Unfall 230807 (2019) Kat:3, Licht: 0,230807,3,3,5,03,16,1,1,0,0,1,0,0
"POINT (9.746118842000044 52.357786079000050)",Unfall 230808 (2019) Kat:3, Licht: 0,230808,3,5,1,03,12,1,1,0,0,1,0,0
"POINT (9.757281033000027 52.366083048000064)",Unfall 230838 (2019) Kat:3, Licht: 0,230838,3,6,4,03,14,6,1,0,0,1,0,0
"POINT (9.765478548000033 52.418321407000064)",Unfall 230839 (2019) Kat:3, Licht: 0,230839,3,6,2,03,13,6,1,0,0,1,0,0
"POINT (9.792543469000066 52.396643279000045)",Unfall 230841 (2019) Kat:3, Licht: 0,230841,3,6,2,03,11,6,1,0,0,1,0,0
"POINT (9.683132359000069 52.346718509000027)",Unfall 230842 (2019) Kat:3, Licht: 0,230842,3,3,5,03,16,6,0,0,1,1,0,0
"POINT (9.754865071000040 52.363632109000037)",Unfall 230875 (2019) Kat:2, Licht: 2,230875,2,3,0,03,21,5,1,2,0,0,0,1
"POINT (9.720758502000024 52.390960212000039)",Unfall 230876 (2019) Kat:3, Licht: 2,230876,3,7,6,03,06,5,1,2,0,0,1,0
"POINT (9.791668339000069 52.402786972000058)",Unfall 230902 (2019) Kat:3, Licht: 0,230902,3,2,5,03,16,4,1,0,1,1,0,0
"POINT (9.749241008000070 52.390210177000029)",Unfall 230903 (2019) Kat:3, Licht: 2,230903,3,2,6,03,19,4,1,2,0,1,1,0
"POINT (9.684471827000039 52.350733589000072)",Unfall 230948 (2019) Kat:3, Licht: 0,230948,3,2,5,04,18,2,0,0,0,1,0,1
"POINT (9.704081285000029 52.366873057000078)",Unfall 230949 (2019) Kat:3, Licht: 1,230949,3,2,5,04,20,2,0,1,1,1,0,0
"POINT (9.701805172000036 52.375178488000074)",Unfall 230950 (2019) Kat:3, Licht: 0,230950,3,4,6,04,19,2,0,0,0,1,1,0
"POINT (9.707752877000075 52.374241076000033)",Unfall 230951 (2019) Kat:3, Licht: 0,230951,3,7,0,04,15,2,0,0,1,0,0,0
"POINT (9.785851611000055 52.398141992000035)",Unfall 230952 (2019) Kat:3, Licht: 0,230952,3,6,2,04,16,2,0,0,0,1,0,0
"POINT (9.430839117000062 52.426246786000036)",Unfall 230953 (2019) Kat:2, Licht: 0,230953,2,1,0,04,09,2,0,0,1,0,0,0
"POINT (10.026338788000032 52.439970704000075)",Unfall 230955 (2019) Kat:3, Licht: 0,230955,3,3,5,04,13,2,0,0,1,1,0,0
"POINT (10.017307222000056 52.487567036000030)",Unfall 230956 (2019) Kat:2, Licht: 0,230956,2,3,5,04,07,2,0,0,1,1,0,0
"POINT (10.015126105000036 52.435505868000064)",Unfall 230957 (2019) Kat:3, Licht: 0,230957,3,3,5,04,07,2,0,0,1,1,0,0
"POINT (9.746702491000065 52.370060650000028)",Unfall 230958 (2019) Kat:3, Licht: 0,230958,3,3,5,04,09,2,0,0,0,1,0,1
"POINT (9.465709188000062 52.301912547000029)",Unfall 230986 (2019) Kat:3, Licht: 0,230986,3,5,1,03,13,1,0,0,1,1,0,0
"POINT (9.731807652000043 52.375974255000074)",Unfall 230987 (2019) Kat:3, Licht: 2,230987,3,6,2,03,21,1,0,2,0,1,0,0
"POINT (9.730196799000055 52.368568297000081)",Unfall 231011 (2019) Kat:3, Licht: 0,231011,3,3,5,03,13,7,0,0,1,1,0,0
"POINT (9.810092000000054 52.379477488000077)",Unfall 231012 (2019) Kat:3, Licht: 1,231012,3,6,3,03,05,7,0,1,1,1,0,0
"POINT (9.815265885000031 52.360799196000073)",Unfall 231014 (2019) Kat:3, Licht: 0,231014,3,7,9,03,12,7,0,0,0,1,0,0
"POINT (9.725064897000038 52.387339153000028)",Unfall 231015 (2019) Kat:3, Licht: 0,231015,3,6,2,03,14,7,0,0,0,1,0,0
"POINT (9.753203288000066 52.390160901000058)",Unfall 231016 (2019) Kat:3, Licht: 0,231016,3,6,2,03,18,7,0,0,0,1,0,0
"POINT (9.725467744000071 52.339582390000032)",Unfall 231017 (2019) Kat:3, Licht: 2,231017,3,5,1,03,21,7,0,2,1,1,0,0
"POINT (9.670584783000038 52.399591605000069)",Unfall 231022 (2019) Kat:3, Licht: 0,231022,3,7,5,04,18,3,0,0,0,1,0,0
"POINT (9.719844288000047 52.368050037000046)",Unfall 231033 (2019) Kat:3, Licht: 0,231033,3,2,3,04,17,3,0,0,1,1,0,0
"POINT (9.857986723000067 52.392891714000029)",Unfall 231040 (2019) Kat:3, Licht: 0,231040,3,5,1,04,15,3,0,0,1,1,0,0
"POINT (9.705920557000070 52.390788957000041)",Unfall 231043 (2019) Kat:3, Licht: 0,231043,3,2,3,04,16,3,0,0,1,1,0,0
"POINT (9.670354092000025 52.399716531000081)",Unfall 231046 (2019) Kat:3, Licht: 0,231046,3,6,2,03,15,6,0,0,0,1,0,0
"POINT (9.782832482000060 52.422701569000026)",Unfall 231047 (2019) Kat:3, Licht: 0,231047,3,5,1,03,15,6,0,0,0,1,0,0
"POINT (9.656649478000077 52.339527624000027)",Unfall 231048 (2019) Kat:3, Licht: 0,231048,3,6,2,04,16,3,0,0,0,1,0,0
"POINT (9.792777990000047 52.395921061000081)",Unfall 231049 (2019) Kat:3, Licht: 0,231049,3,6,2,03,09,6,0,0,0,1,0,0
"POINT (9.763882772000045 52.397261075000074)",Unfall 231050 (2019) Kat:3, Licht: 0,231050,3,2,0,03,13,6,0,0,0,0,1,0
"POINT (9.747567635000053 52.390274865000038)",Unfall 231051 (2019) Kat:3, Licht: 0,231051,3,6,2,03,16,6,0,0,0,1,0,0
"POINT (9.449677595000026 52.426181238000026)",Unfall 231052 (2019) Kat:3, Licht: 0,231052,3,2,4,03,08,6,0,0,1,1,0,0
"POINT (9.595834299000046 52.421020786000042)",Unfall 231053 (2019) Kat:3, Licht: 0,231053,3,3,5,03,13,6,0,0,0,1,0,0
"POINT (9.743463190000057 52.379239612000049)",Unfall 231054 (2019) Kat:3, Licht: 2,231054,3,4,6,03,21,6,0,2,0,0,1,1
"POINT (9.599099123000030 52.420378420000077)",Unfall 231055 (2019) Kat:3, Licht: 0,231055,3,2,4,03,07,6,0,0,0,1,0,0
"POINT (9.713639472000068 52.381771399000058)",Unfall 231056 (2019) Kat:2, Licht: 2,231056,2,1,0,04,19,3,1,2,1,0,0,0
"POINT (9.735870923000050 52.378844672000071)",Unfall 231069 (2019) Kat:3, Licht: 0,231069,3,2,6,04,12,3,0,0,0,1,1,0
"POINT (9.741705234000051 52.380258744000059)",Unfall 231078 (2019) Kat:3, Licht: 2,231078,3,3,5,04,05,3,0,2,1,1,0,0
"POINT (9.686820049000062 52.392592519000061)",Unfall 231089 (2019) Kat:3, Licht: 0,231089,3,2,5,03,07,5,1,0,1,1,0,0
"POINT (9.813080149000030 52.379768584000033)",Unfall 231090 (2019) Kat:3, Licht: 0,231090,3,2,5,03,18,5,0,0,1,1,0,0
"POINT (9.720862399000055 52.346613597000044)",Unfall 231091 (2019) Kat:2, Licht: 0,231091,2,3,5,03,08,5,0,0,1,1,0,0
"POINT (9.735340720000067 52.394712534000064)",Unfall 231111 (2019) Kat:3, Licht: 2,231111,3,2,0,03,21,4,1,2,0,1,0,1
"POINT (9.730661684000040 52.374894506000032)",Unfall 231112 (2019) Kat:3, Licht: 0,231112,3,7,5,03,10,4,0,0,0,1,0,0
"POINT (9.752682030000074 52.370228478000058)",Unfall 231113 (2019) Kat:3, Licht: 0,231113,3,6,2,03,16,4,0,0,0,1,0,0
"POINT (9.724115860000040 52.372941134000030)",Unfall 231134 (2019) Kat:3, Licht: 0,231134,3,6,2,03,16,3,0,0,0,1,0,0
"POINT (9.764105094000058 52.368437076000077)",Unfall 231135 (2019) Kat:3, Licht: 0,231135,3,6,2,03,16,3,0,0,0,1,0,0
"POINT (9.745484866000027 52.363003344000049)",Unfall 231137 (2019) Kat:3, Licht: 0,231137,3,5,1,03,06,3,1,0,0,1,0,0
"POINT (9.820775663000063 52.388307516000054)",Unfall 231138 (2019) Kat:3, Licht: 0,231138,3,5,1,03,11,3,0,0,0,1,0,0
"POINT (9.446724396000036 52.501218805000065)",Unfall 231139 (2019) Kat:2, Licht: 0,231139,2,5,1,03,08,3,1,0,1,1,0,0
"POINT (9.979430056000069 52.319373665000057)",Unfall 231140 (2019) Kat:3, Licht: 0,231140,3,3,5,03,09,3,1,0,0,1,0,0
"POINT (9.996359484000038 52.509230041000080)",Unfall 231141 (2019) Kat:3, Licht: 0,231141,3,3,5,03,07,3,0,0,1,1,0,0
"POINT (9.661135255000033 52.404302294000047)",Unfall 231142 (2019) Kat:3, Licht: 0,231142,3,3,5,03,15,3,0,0,0,1,0,0
"POINT (9.761565136000058 52.379758029000072)",Unfall 231143 (2019) Kat:3, Licht: 0,231143,3,3,5,03,07,3,0,0,0,1,0,0
"POINT (9.734076896000033 52.368979376000027)",Unfall 231160 (2019) Kat:3, Licht: 0,231160,3,2,4,03,14,2,0,0,1,1,0,0
"POINT (9.819435220000059 52.356101651000074)",Unfall 231161 (2019) Kat:3, Licht: 0,231161,3,3,5,03,11,2,1,0,1,1,0,0
"POINT (9.733704341000021 52.399061913000082)",Unfall 231162 (2019) Kat:3, Licht: 2,231162,3,2,4,03,19,2,1,2,0,1,0,0
"POINT (9.731484700000067 52.406495913000072)",Unfall 231163 (2019) Kat:3, Licht: 0,231163,3,3,5,03,11,2,1,0,0,1,0,0
"POINT (9.734526088000052 52.387133355000060)",Unfall 231164 (2019) Kat:3, Licht: 0,231164,3,2,6,03,11,2,1,0,0,1,1,0
"POINT (9.730198712000060 52.374855773000036)",Unfall 231165 (2019) Kat:3, Licht: 0,231165,3,2,0,03,11,2,1,0,0,1,0,0
"POINT (9.727172997000025 52.375907410000082)",Unfall 231166 (2019) Kat:3, Licht: 0,231166,3,7,0,03,13,2,1,0,1,0,0,0
"POINT (9.969730992000052 52.383614137000052)",Unfall 231167 (2019) Kat:3, Licht: 0,231167,3,3,5,03,07,2,1,0,1,1,0,0
"POINT (9.677824191000070 52.416546433000065)",Unfall 231168 (2019) Kat:3, Licht: 0,231168,3,7,6,03,13,2,0,0,0,1,1,0
"POINT (9.818979079000030 52.389063113000077)",Unfall 231195 (2019) Kat:3, Licht: 2,231195,3,7,5,03,19,1,0,2,1,1,0,0
"POINT (9.546084811000071 52.211782116000052)",Unfall 231196 (2019) Kat:3, Licht: 0,231196,3,1,9,03,16,1,0,0,0,1,0,0
"POINT (9.741183290000038 52.394296163000035)",Unfall 231197 (2019) Kat:3, Licht: 1,231197,3,3,5,03,05,1,0,1,0,1,0,0
"POINT (9.979532295000070 52.378459642000053)",Unfall 231216 (2019) Kat:2, Licht: 0,231216,2,1,0,04,17,6,0,0,1,0,0,0
"POINT (9.717046002000075 52.342815852000058)",Unfall 231238 (2019) Kat:3, Licht: 0,231238,3,2,2,04,10,2,0,0,1,0,0,0
"POINT (9.712732186000039 52.382144129000039)",Unfall 231240 (2019) Kat:3, Licht: 0,231240,3,3,5,04,09,5,0,0,1,1,0,0
"POINT (10.013599918000068 52.441304992000028)",Unfall 231241 (2019) Kat:3, Licht: 0,231241,3,3,5,04,18,5,0,0,1,1,0,0
"POINT (9.753426232000038 52.359550834000061)",Unfall 231242 (2019) Kat:2, Licht: 0,231242,2,7,0,04,17,5,0,0,1,0,0,0
"POINT (9.623762298000031 52.412186658000053)",Unfall 231244 (2019) Kat:2, Licht: 0,231244,2,3,5,04,11,5,0,0,1,1,0,0
"POINT (9.780916397000055 52.404568510000047)",Unfall 231245 (2019) Kat:2, Licht: 0,231245,2,1,0,04,10,5,0,0,1,0,0,0
"POINT (9.751717089000067 52.385922205000043)",Unfall 231246 (2019) Kat:3, Licht: 0,231246,3,1,0,04,08,5,0,0,1,0,0,0
"POINT (9.743233176000047 52.293084863000047)",Unfall 231261 (2019) Kat:3, Licht: 0,231261,3,3,5,04,18,4,0,0,1,1,0,0
"POINT (9.421075272000053 52.332694417000027)",Unfall 231262 (2019) Kat:3, Licht: 0,231262,3,6,6,04,11,4,0,0,1,0,1,0
"POINT (10.211293269000066 52.465268963000028)",Unfall 231264 (2019) Kat:3, Licht: 0,231264,3,7,0,04,17,4,0,0,1,0,0,0
"POINT (9.740162582000039 52.375819567000065)",Unfall 231265 (2019) Kat:2, Licht: 0,231265,2,4,6,04,18,4,0,0,1,0,1,0
"POINT (9.763135561000070 52.407700669000064)",Unfall 231280 (2019) Kat:3, Licht: 0,231280,3,2,5,04,13,1,0,0,1,1,0,0
"POINT (9.749091983000028 52.377807720000078)",Unfall 231287 (2019) Kat:3, Licht: 1,231287,3,2,3,04,20,1,1,1,1,1,0,0
"POINT (9.728167920000033 52.340681826000036)",Unfall 231298 (2019) Kat:3, Licht: 0,231298,3,2,5,04,17,3,0,0,0,1,0,0
"POINT (9.747999085000060 52.358941049000066)",Unfall 231299 (2019) Kat:2, Licht: 0,231299,2,5,1,04,09,3,0,0,1,0,0,0
"POINT (9.723597707000067 52.342476609000073)",Unfall 231328 (2019) Kat:3, Licht: 0,231328,3,2,2,04,14,2,0,0,0,1,0,0
"POINT (9.667326364000076 52.376191877000053)",Unfall 231329 (2019) Kat:3, Licht: 0,231329,3,3,5,04,08,2,0,0,0,1,0,0
"POINT (9.797555386000056 52.309927969000057)",Unfall 231330 (2019) Kat:3, Licht: 0,231330,3,3,5,04,15,2,0,0,1,1,0,0
"POINT (9.450640727000064 52.469484911000052)",Unfall 231331 (2019) Kat:3, Licht: 0,231331,3,6,3,04,18,2,0,0,1,1,0,0
"POINT (9.465584342000057 52.297850791000030)",Unfall 231332 (2019) Kat:3, Licht: 0,231332,3,7,0,04,14,2,0,0,1,0,0,0
"POINT (9.719522294000058 52.368605391000074)",Unfall 231333 (2019) Kat:3, Licht: 2,231333,3,4,6,04,23,2,0,2,1,0,1,0
"POINT (9.781106084000044 52.400218961000064)",Unfall 231334 (2019) Kat:3, Licht: 0,231334,3,3,5,04,12,2,0,0,0,1,0,0
"POINT (9.727330022000047 52.439597313000036)",Unfall 231336 (2019) Kat:2, Licht: 0,231336,2,3,6,04,13,2,0,0,0,1,1,0
"POINT (9.694027687000073 52.392304379000052)",Unfall 231337 (2019) Kat:2, Licht: 0,231337,2,7,0,04,07,2,0,0,1,0,0,0
"POINT (9.746351390000029 52.420086234000053)",Unfall 231338 (2019) Kat:3, Licht: 0,231338,3,5,1,04,07,2,0,0,1,1,0,0
"POINT (9.976170556000056 52.376989683000033)",Unfall 231355 (2019) Kat:2, Licht: 0,231355,2,7,6,04,12,2,0,0,0,1,1,0
"POINT (9.833408504000033 52.335448345000032)",Unfall 231366 (2019) Kat:3, Licht: 0,231366,3,3,5,04,16,1,0,0,0,1,0,0
"POINT (9.464736703000028 52.350435574000073)",Unfall 231368 (2019) Kat:3, Licht: 0,231368,3,3,5,04,16,1,0,0,1,1,0,0
"POINT (9.781284168000070 52.407047854000041)",Unfall 231369 (2019) Kat:2, Licht: 0,231369,2,7,0,04,10,1,0,0,1,0,0,0
"POINT (9.774005668000029 52.374066094000057)",Unfall 231387 (2019) Kat:3, Licht: 0,231387,3,5,3,04,16,7,0,0,0,1,0,0
"POINT (9.743804457000067 52.379495518000056)",Unfall 231388 (2019) Kat:3, Licht: 0,231388,3,6,2,04,09,7,0,0,0,1,0,0
"POINT (9.466420102000029 52.316680180000048)",Unfall 231389 (2019) Kat:3, Licht: 0,231389,3,3,0,04,14,7,0,0,0,1,0,0
"POINT (9.705260810000027 52.375089907000074)",Unfall 231390 (2019) Kat:3, Licht: 0,231390,3,5,1,04,15,7,0,0,1,1,0,0
"POINT (9.459445249000055 52.494307754000033)",Unfall 231411 (2019) Kat:3, Licht: 0,231411,3,4,6,04,12,6,0,0,0,1,1,0
"POINT (9.593914879000067 52.421048479000035)",Unfall 231412 (2019) Kat:3, Licht: 0,231412,3,3,5,04,16,6,0,0,0,1,0,0
"POINT (9.692654171000072 52.343971616000033)",Unfall 231413 (2019) Kat:3, Licht: 0,231413,3,4,0,04,14,6,0,0,0,0,1,0
"POINT (9.707966031000069 52.418217927000057)",Unfall 231426 (2019) Kat:3, Licht: 0,231426,3,6,4,04,07,2,0,0,1,0,0,0
"POINT (9.716582270000060 52.362213477000068)",Unfall 231429 (2019) Kat:3, Licht: 0,231429,3,3,5,04,14,7,1,0,1,1,0,0
"POINT (9.699686187000054 52.355902661000073)",Unfall 231431 (2019) Kat:3, Licht: 0,231431,3,6,2,04,13,5,0,0,0,1,0,0
"POINT (9.722185971000044 52.397498687000052)",Unfall 231432 (2019) Kat:3, Licht: 0,231432,3,6,2,04,07,5,1,0,0,1,0,0
"POINT (9.759675039000058 52.452876377000052)",Unfall 231433 (2019) Kat:3, Licht: 0,231433,3,6,2,04,17,5,0,0,0,1,0,0
"POINT (9.663612719000071 52.409736818000056)",Unfall 231434 (2019) Kat:3, Licht: 0,231434,3,4,6,04,13,5,0,0,0,1,1,0
"POINT (9.787850999000057 52.334366439000064)",Unfall 231435 (2019) Kat:2, Licht: 0,231435,2,4,6,04,15,5,0,0,0,1,1,0
"POINT (9.732151402000056 52.374342329000058)",Unfall 231436 (2019) Kat:3, Licht: 0,231436,3,2,6,04,11,5,0,0,0,1,1,0
"POINT (9.707749110000066 52.374208480000050)",Unfall 231437 (2019) Kat:3, Licht: 1,231437,3,3,5,04,19,7,0,1,1,1,0,0
"POINT (9.758272004000048 52.362857016000078)",Unfall 231438 (2019) Kat:3, Licht: 0,231438,3,3,5,04,09,5,0,0,0,1,0,0
"POINT (9.854271300000050 52.391406918000030)",Unfall 231440 (2019) Kat:3, Licht: 0,231440,3,7,0,04,10,7,1,0,1,0,0,0
"POINT (9.729272636000076 52.393060060000039)",Unfall 231451 (2019) Kat:3, Licht: 0,231451,3,3,5,04,17,7,0,0,1,1,0,0
"POINT (9.704552883000076 52.374455175000037)",Unfall 231467 (2019) Kat:3, Licht: 0,231467,3,5,0,04,17,4,0,0,1,1,0,0
"POINT (9.806266825000023 52.414060355000061)",Unfall 231468 (2019) Kat:3, Licht: 0,231468,3,4,6,04,08,4,0,0,0,1,1,0
"POINT (9.754910236000058 52.437528210000039)",Unfall 231469 (2019) Kat:3, Licht: 0,231469,3,3,5,04,08,4,0,0,1,1,0,0
"POINT (9.596655137000028 52.395405770000082)",Unfall 231470 (2019) Kat:3, Licht: 0,231470,3,7,0,04,15,4,0,0,1,0,0,0
"POINT (9.821560660000046 52.340579996000031)",Unfall 231471 (2019) Kat:3, Licht: 0,231471,3,3,5,04,12,4,0,0,0,1,0,0
"POINT (9.804866720000064 52.306976003000045)",Unfall 231472 (2019) Kat:3, Licht: 0,231472,3,7,0,04,11,4,0,0,0,1,0,0
"POINT (9.743504310000049 52.379226939000034)",Unfall 231474 (2019) Kat:2, Licht: 0,231474,2,3,5,04,09,4,1,0,1,1,0,0
"POINT (9.807722281000054 52.379617503000077)",Unfall 231492 (2019) Kat:3, Licht: 0,231492,3,7,4,04,16,4,0,0,0,1,0,0
"POINT (9.819383346000052 52.356096312000034)",Unfall 231493 (2019) Kat:3, Licht: 0,231493,3,2,5,04,18,4,0,0,0,1,0,0
"POINT (9.704916955000044 52.415200099000060)",Unfall 231494 (2019) Kat:3, Licht: 0,231494,3,2,4,04,11,4,0,0,0,1,0,1
"POINT (9.793404731000067 52.402475000000038)",Unfall 231495 (2019) Kat:3, Licht: 0,231495,3,5,1,04,09,4,0,0,1,1,0,0
"POINT (9.766323936000049 52.382114112000068)",Unfall 231496 (2019) Kat:3, Licht: 0,231496,3,2,5,04,15,4,0,0,1,1,0,0
"POINT (9.729034330000047 52.339045854000062)",Unfall 231497 (2019) Kat:3, Licht: 0,231497,3,3,5,04,18,4,0,0,1,1,0,0
"POINT (9.743515945000070 52.366110219000063)",Unfall 231498 (2019) Kat:3, Licht: 0,231498,3,3,5,04,15,4,0,0,1,1,0,0
"POINT (9.775549423000030 52.396611648000032)",Unfall 231499 (2019) Kat:3, Licht: 0,231499,3,3,5,04,14,4,0,0,1,1,0,0
"POINT (9.673129526000025 52.356084374000034)",Unfall 231523 (2019) Kat:3, Licht: 0,231523,3,4,6,04,11,3,0,0,0,1,1,0
"POINT (9.705380127000069 52.372957319000079)",Unfall 231524 (2019) Kat:3, Licht: 0,231524,3,7,6,04,07,3,0,0,0,1,1,0
"POINT (9.789801033000060 52.376178337000056)",Unfall 231525 (2019) Kat:3, Licht: 0,231525,3,4,6,04,12,3,0,0,0,1,1,0
"POINT (9.763464280000051 52.368828883000049)",Unfall 231526 (2019) Kat:3, Licht: 0,231526,3,2,5,04,10,3,0,0,1,0,0,0
"POINT (9.729928029000064 52.378435880000040)",Unfall 231527 (2019) Kat:3, Licht: 0,231527,3,3,5,04,08,3,0,0,1,1,0,0
"POINT (9.733609205000050 52.369244610000067)",Unfall 231528 (2019) Kat:2, Licht: 0,231528,2,3,5,04,08,3,0,0,1,1,0,0
"POINT (9.712481873000058 52.414323452000076)",Unfall 231529 (2019) Kat:3, Licht: 0,231529,3,7,0,04,17,3,0,0,0,0,0,0
"POINT (9.721456035000074 52.376119271000050)",Unfall 231530 (2019) Kat:3, Licht: 0,231530,3,2,0,04,10,3,0,0,0,1,1,0
"POINT (9.678731976000051 52.377553532000036)",Unfall 231531 (2019) Kat:2, Licht: 0,231531,2,1,0,04,07,3,0,0,0,0,0,1
"POINT (9.815239190000057 52.359744604000070)",Unfall 231559 (2019) Kat:3, Licht: 0,231559,3,3,5,04,13,2,0,0,0,1,0,0
"POINT (9.706648293000058 52.370457197000064)",Unfall 231578 (2019) Kat:3, Licht: 0,231578,3,1,0,04,18,1,0,0,1,0,0,0
"POINT (9.764902666000069 52.381142334000060)",Unfall 231579 (2019) Kat:3, Licht: 0,231579,3,7,0,04,14,1,0,0,1,0,0,0
"POINT (9.737064324000073 52.402807120000034)",Unfall 231580 (2019) Kat:3, Licht: 0,231580,3,1,1,04,17,1,0,0,1,1,0,0
"POINT (9.729924761000063 52.344540603000041)",Unfall 231591 (2019) Kat:3, Licht: 0,231591,3,3,5,04,11,7,0,0,0,1,0,1
"POINT (9.823667978000060 52.360146317000044)",Unfall 231592 (2019) Kat:3, Licht: 0,231592,3,3,5,04,11,7,0,0,1,1,0,0
"POINT (9.749864721000051 52.376375206000034)",Unfall 231593 (2019) Kat:3, Licht: 0,231593,3,2,5,04,13,7,0,0,0,1,0,0
"POINT (9.669966615000021 52.339487421000058)",Unfall 231594 (2019) Kat:3, Licht: 2,231594,3,1,0,04,02,7,0,2,0,0,0,1
"POINT (9.460012751000022 52.306962632000079)",Unfall 231595 (2019) Kat:3, Licht: 0,231595,3,3,5,04,17,7,0,0,1,1,0,0
"POINT (9.669091706000074 52.357297396000035)",Unfall 231596 (2019) Kat:3, Licht: 0,231596,3,5,1,04,17,7,0,0,1,1,0,0
"POINT (9.707124148000048 52.367167187000064)",Unfall 231597 (2019) Kat:3, Licht: 2,231597,3,1,0,04,00,7,0,2,1,0,0,0
"POINT (9.353754882000033 52.452210868000066)",Unfall 231609 (2019) Kat:3, Licht: 0,231609,3,2,4,04,18,6,0,0,1,1,0,0
"POINT (10.097145481000041 52.387820453000074)",Unfall 231610 (2019) Kat:3, Licht: 0,231610,3,2,2,04,08,6,0,0,0,1,0,0
"POINT (9.768148426000039 52.378650201000028)",Unfall 231611 (2019) Kat:3, Licht: 0,231611,3,4,6,04,17,6,0,0,0,1,1,0
"POINT (9.707483069000034 52.433333194000056)",Unfall 231612 (2019) Kat:2, Licht: 0,231612,2,5,1,04,11,6,0,0,0,1,0,0
"POINT (9.745811278000076 52.381086557000060)",Unfall 231613 (2019) Kat:3, Licht: 2,231613,3,3,5,04,02,6,0,2,1,1,0,0
"POINT (9.686792223000055 52.392594210000027)",Unfall 231637 (2019) Kat:3, Licht: 0,231637,3,2,5,04,16,5,0,0,1,1,0,0
"POINT (9.652136281000026 52.414574197000036)",Unfall 231638 (2019) Kat:3, Licht: 0,231638,3,2,6,04,12,5,0,0,0,1,1,0
"POINT (9.732210922000036 52.393458763000069)",Unfall 231639 (2019) Kat:3, Licht: 0,231639,3,5,1,04,17,5,0,0,1,0,0,0
"POINT (9.975090627000043 52.378466843000069)",Unfall 231640 (2019) Kat:3, Licht: 2,231640,3,7,0,04,22,5,0,2,1,0,0,0
"POINT (9.726600346000055 52.403065322000032)",Unfall 231641 (2019) Kat:2, Licht: 0,231641,2,7,0,04,17,5,0,0,1,0,1,0
"POINT (9.720850832000053 52.373227689000032)",Unfall 231642 (2019) Kat:2, Licht: 0,231642,2,3,5,04,12,5,0,0,1,1,0,0
"POINT (9.774662525000053 52.371844475000046)",Unfall 231666 (2019) Kat:3, Licht: 0,231666,3,6,2,04,18,4,0,0,0,1,0,0
"POINT (9.731596205000074 52.375471091000065)",Unfall 231667 (2019) Kat:3, Licht: 0,231667,3,7,5,04,17,4,0,0,1,1,0,0
"POINT (9.549725308000063 52.208165668000049)",Unfall 231668 (2019) Kat:3, Licht: 0,231668,3,7,0,04,12,4,0,0,1,0,0,0
"POINT (10.012588236000056 52.447520934000067)",Unfall 231669 (2019) Kat:3, Licht: 0,231669,3,2,4,04,13,4,0,0,0,1,0,0
"POINT (9.669619270000055 52.381752101000075)",Unfall 231670 (2019) Kat:3, Licht: 0,231670,3,3,5,04,18,4,0,0,1,1,0,0
"POINT (9.670350393000035 52.367133991000060)",Unfall 231671 (2019) Kat:3, Licht: 0,231671,3,7,9,04,13,4,0,0,0,0,0,0
"POINT (9.735489046000055 52.396169173000033)",Unfall 231702 (2019) Kat:3, Licht: 0,231702,3,3,5,04,11,3,0,0,1,1,0,0
"POINT (9.738112287000035 52.381822849000059)",Unfall 231703 (2019) Kat:3, Licht: 0,231703,3,2,5,04,09,3,0,0,1,1,0,0
"POINT (9.727061602000049 52.326069715000074)",Unfall 231704 (2019) Kat:3, Licht: 0,231704,3,1,7,04,09,3,0,0,0,1,1,0
"POINT (9.730621436000035 52.374881263000077)",Unfall 231706 (2019) Kat:2, Licht: 2,231706,2,7,5,04,20,3,0,2,0,1,0,0
"POINT (9.826368600000023 52.297619634000057)",Unfall 231707 (2019) Kat:3, Licht: 0,231707,3,3,5,04,13,3,0,0,0,1,1,0
"POINT (9.946461617000068 52.383732948000045)",Unfall 231709 (2019) Kat:3, Licht: 0,231709,3,7,8,04,15,3,0,0,0,1,0,0
"POINT (9.468943319000061 52.426470546000076)",Unfall 231732 (2019) Kat:3, Licht: 0,231732,3,2,3,04,17,2,0,0,1,1,0,0
"POINT (9.461210309000023 52.500316178000048)",Unfall 231733 (2019) Kat:3, Licht: 0,231733,3,3,5,04,09,2,0,0,1,1,0,0
"POINT (9.606171408000023 52.419772748000071)",Unfall 231734 (2019) Kat:3, Licht: 0,231734,3,2,4,04,14,2,0,0,0,1,0,1
"POINT (9.662741416000074 52.339010987000052)",Unfall 231756 (2019) Kat:3, Licht: 0,231756,3,3,5,05,17,5,0,0,0,1,0,0
"POINT (10.111783531000071 52.352334029000076)",Unfall 231757 (2019) Kat:3, Licht: 0,231757,3,7,0,05,16,5,1,0,1,0,0,0
"POINT (9.764042433000043 52.397196871000062)",Unfall 231758 (2019) Kat:3, Licht: 0,231758,3,3,5,05,15,5,0,0,0,1,0,0
"POINT (9.671062014000029 52.416206314000078)",Unfall 231759 (2019) Kat:3, Licht: 0,231759,3,3,5,05,15,5,0,0,0,1,0,1
"POINT (9.656401767000034 52.380530451000027)",Unfall 231776 (2019) Kat:3, Licht: 0,231776,3,4,0,05,13,4,0,0,1,0,1,0
"POINT (9.617008903000055 52.430336682000075)",Unfall 231777 (2019) Kat:3, Licht: 0,231777,3,7,1,05,17,4,0,0,0,1,0,0
"POINT (9.907654993000051 52.370084760000054)",Unfall 231778 (2019) Kat:2, Licht: 0,231778,2,1,8,05,15,4,0,0,1,0,0,0
"POINT (9.814218699000037 52.350089211000068)",Unfall 231779 (2019) Kat:3, Licht: 0,231779,3,1,0,05,20,4,0,0,1,0,0,0
"POINT (9.599848544000054 52.313012549000064)",Unfall 231780 (2019) Kat:2, Licht: 0,231780,2,7,6,05,10,4,0,0,0,1,1,0
"POINT (9.640301617000034 52.266842746000066)",Unfall 231781 (2019) Kat:2, Licht: 0,231781,2,7,6,05,08,4,0,0,0,1,1,0
"POINT (9.707408837000060 52.389404907000028)",Unfall 231809 (2019) Kat:3, Licht: 0,231809,3,3,5,04,12,3,0,0,1,1,0,0
"POINT (9.725277150000068 52.394534684000064)",Unfall 231810 (2019) Kat:3, Licht: 0,231810,3,7,6,04,10,3,0,0,0,0,1,1
"POINT (9.781091220000064 52.403912678000040)",Unfall 231811 (2019) Kat:3, Licht: 0,231811,3,2,5,04,15,3,0,0,1,1,0,0
"POINT (9.742138313000055 52.438603112000067)",Unfall 231812 (2019) Kat:3, Licht: 0,231812,3,2,5,04,16,3,0,0,1,1,0,0
"POINT (9.859403658000076 52.487421882000035)",Unfall 231813 (2019) Kat:3, Licht: 0,231813,3,3,5,04,15,3,0,0,1,1,0,0
"POINT (9.824802812000030 52.281154433000040)",Unfall 231814 (2019) Kat:3, Licht: 0,231814,3,3,6,04,18,3,0,0,0,1,1,0
"POINT (9.792167714000073 52.556070376000037)",Unfall 231815 (2019) Kat:2, Licht: 0,231815,2,3,5,04,15,3,0,0,0,1,0,0
"POINT (9.737122631000034 52.399177179000048)",Unfall 231816 (2019) Kat:3, Licht: 0,231816,3,7,0,04,11,3,0,0,0,0,0,0
"POINT (9.739696899000023 52.364206255000056)",Unfall 231817 (2019) Kat:3, Licht: 0,231817,3,3,0,04,08,3,0,0,1,1,0,0
"POINT (9.766114828000070 52.340799529000037)",Unfall 231850 (2019) Kat:3, Licht: 0,231850,3,3,5,04,10,2,0,0,0,1,0,0
"POINT (9.752551785000037 52.386013580000053)",Unfall 231851 (2019) Kat:3, Licht: 1,231851,3,6,2,04,19,2,0,1,0,1,0,0
"POINT (9.793663283000058 52.458013296000047)",Unfall 231852 (2019) Kat:3, Licht: 0,231852,3,3,5,04,07,2,0,0,0,1,0,0
"POINT (10.022426950000067 52.437233010000057)",Unfall 231853 (2019) Kat:3, Licht: 0,231853,3,1,0,04,14,2,1,0,0,0,0,1
"POINT (9.703037947000041 52.391029365000065)",Unfall 231874 (2019) Kat:2, Licht: 0,231874,2,2,5,04,18,1,0,0,0,0,0,1
"POINT (9.685511626000050 52.396052456000064)",Unfall 231875 (2019) Kat:3, Licht: 0,231875,3,3,0,04,13,1,1,0,0,1,0,1
"POINT (9.746542699000031 52.361261122000030)",Unfall 231895 (2019) Kat:3, Licht: 0,231895,3,3,5,04,18,7,1,0,1,1,0,0
"POINT (9.671663592000073 52.355705344000057)",Unfall 231896 (2019) Kat:3, Licht: 0,231896,3,2,5,04,10,7,0,0,0,1,0,1
"POINT (9.740607080000075 52.374043605000054)",Unfall 231897 (2019) Kat:2, Licht: 2,231897,2,5,1,04,00,7,1,2,1,1,0,0
"POINT (9.830135221000035 52.340172726000048)",Unfall 231928 (2019) Kat:3, Licht: 0,231928,3,3,0,04,07,6,0,0,1,1,0,0
"POINT (9.737505056000032 52.394526347000067)",Unfall 231929 (2019) Kat:3, Licht: 0,231929,3,6,2,04,15,6,0,0,0,1,0,0
"POINT (9.746335754000029 52.373963228000036)",Unfall 231931 (2019) Kat:3, Licht: 2,231931,3,6,2,04,22,6,1,2,0,1,0,0
"POINT (9.635388102000036 52.398366553000074)",Unfall 231932 (2019) Kat:2, Licht: 0,231932,2,3,5,04,13,6,0,0,1,1,0,0
"POINT (9.459264371000074 52.502258619000031)",Unfall 231933 (2019) Kat:3, Licht: 0,231933,3,3,5,04,07,6,0,0,1,1,0,0
"POINT (9.775685863000035 52.396696140000074)",Unfall 231934 (2019) Kat:3, Licht: 0,231934,3,2,5,04,13,6,0,0,0,1,0,1
"POINT (9.818479778000040 52.319962908000036)",Unfall 231935 (2019) Kat:3, Licht: 0,231935,3,7,0,04,13,6,0,0,0,1,0,0
"POINT (9.769345241000053 52.376996871000074)",Unfall 231936 (2019) Kat:3, Licht: 0,231936,3,6,3,04,09,6,0,0,0,1,0,1
"POINT (9.734689492000030 52.370817378000027)",Unfall 231977 (2019) Kat:3, Licht: 0,231977,3,7,0,04,08,5,0,0,0,1,0,0
"POINT (9.720252115000051 52.391541907000033)",Unfall 231978 (2019) Kat:3, Licht: 0,231978,3,1,0,04,13,5,0,0,1,0,0,0
"POINT (9.710975873000052 52.392003623000051)",Unfall 231979 (2019) Kat:3, Licht: 0,231979,3,3,5,04,13,5,0,0,1,1,0,0
"POINT (9.771920506000072 52.417313553000042)",Unfall 231980 (2019) Kat:3, Licht: 1,231980,3,3,5,04,05,5,0,1,1,1,0,0
"POINT (9.739477493000038 52.380837465000070)",Unfall 231981 (2019) Kat:3, Licht: 0,231981,3,2,5,04,10,5,0,0,1,1,0,0
"POINT (9.743569121000064 52.377782785000079)",Unfall 231982 (2019) Kat:3, Licht: 0,231982,3,5,1,04,16,5,0,0,0,1,0,0
"POINT (9.668793672000049 52.338633910000055)",Unfall 231983 (2019) Kat:3, Licht: 2,231983,3,7,6,04,22,5,0,2,0,1,1,0
"POINT (10.202696999000068 52.463996075000068)",Unfall 231984 (2019) Kat:3, Licht: 0,231984,3,3,5,04,10,5,0,0,0,1,0,1
"POINT (9.707051454000066 52.373590881000041)",Unfall 231985 (2019) Kat:2, Licht: 0,231985,2,2,5,04,18,5,0,0,1,0,0,0
"POINT (9.736730299000044 52.412511928000072)",Unfall 231986 (2019) Kat:3, Licht: 0,231986,3,3,5,04,15,5,0,0,0,1,0,1
"POINT (9.961816755000029 52.389564270000051)",Unfall 231987 (2019) Kat:3, Licht: 0,231987,3,3,5,04,10,5,0,0,0,1,0,0
"POINT (9.788685351000027 52.331184921000045)",Unfall 231988 (2019) Kat:3, Licht: 0,231988,3,2,6,04,08,5,0,0,0,1,1,0
"POINT (9.735977270000035 52.370930486000077)",Unfall 231994 (2019) Kat:3, Licht: 0,231994,3,7,6,05,18,7,0,0,0,1,1,0
"POINT (9.717396960000031 52.350841134000063)",Unfall 232015 (2019) Kat:3, Licht: 0,232015,3,6,2,05,13,6,0,0,0,1,0,0
"POINT (9.702365202000067 52.375032776000069)",Unfall 232016 (2019) Kat:3, Licht: 0,232016,3,5,0,05,14,6,0,0,1,1,0,0
"POINT (9.751242109000032 52.372427029000050)",Unfall 232017 (2019) Kat:3, Licht: 0,232017,3,2,2,05,11,6,0,0,1,1,0,0
"POINT (9.781565584000077 52.418455442000038)",Unfall 232018 (2019) Kat:3, Licht: 0,232018,3,3,5,05,11,6,1,0,1,1,0,0
"POINT (9.479830335000031 52.425167904000034)",Unfall 232019 (2019) Kat:3, Licht: 0,232019,3,1,8,05,10,6,1,0,0,1,0,0
"POINT (9.708495581000022 52.388403818000029)",Unfall 232020 (2019) Kat:2, Licht: 0,232020,2,4,6,05,19,6,0,0,0,0,1,0
"POINT (9.432656813000051 52.426953164000054)",Unfall 232039 (2019) Kat:3, Licht: 1,232039,3,7,0,05,21,7,0,1,1,0,0,0
"POINT (9.803717446000064 52.394522739000081)",Unfall 232050 (2019) Kat:3, Licht: 0,232050,3,2,5,05,07,5,0,0,1,1,0,0
"POINT (9.737986574000047 52.419074078000051)",Unfall 232051 (2019) Kat:3, Licht: 0,232051,3,3,0,05,10,5,0,0,1,0,0,0
"POINT (9.828821675000029 52.427640294000071)",Unfall 232052 (2019) Kat:3, Licht: 0,232052,3,2,5,05,18,5,0,0,0,1,0,0
"POINT (9.913638968000043 52.515473606000057)",Unfall 232053 (2019) Kat:3, Licht: 0,232053,3,6,4,05,07,5,1,0,0,1,0,1
"POINT (9.748272114000031 52.390973534000068)",Unfall 232054 (2019) Kat:3, Licht: 2,232054,3,2,5,05,23,5,0,2,0,1,0,0
"POINT (9.760866283000041 52.416386622000061)",Unfall 232055 (2019) Kat:3, Licht: 0,232055,3,3,6,05,14,5,0,0,0,1,1,0
"POINT (9.731023639000057 52.378463946000068)",Unfall 232056 (2019) Kat:3, Licht: 0,232056,3,2,2,05,14,5,0,0,0,1,0,0
"POINT (9.753580228000033 52.441581891000055)",Unfall 232057 (2019) Kat:2, Licht: 0,232057,2,3,5,05,12,5,0,0,1,1,0,0
"POINT (9.753959980000047 52.363375097000073)",Unfall 232058 (2019) Kat:3, Licht: 0,232058,3,1,0,05,08,5,1,0,1,0,0,0
"POINT (9.719700091000050 52.439100298000028)",Unfall 232059 (2019) Kat:2, Licht: 0,232059,2,1,0,05,08,5,1,0,0,0,0,1
"POINT (9.732599023000034 52.379076755000028)",Unfall 232066 (2019) Kat:3, Licht: 0,232066,3,7,0,05,16,7,0,0,1,0,0,0
"POINT (9.716794365000055 52.354303331000040)",Unfall 232086 (2019) Kat:3, Licht: 0,232086,3,3,5,05,13,4,1,0,1,1,0,0
"POINT (9.739337313000021 52.382680663000031)",Unfall 232087 (2019) Kat:3, Licht: 0,232087,3,5,1,05,12,4,0,0,0,1,0,0
"POINT (9.702633792000029 52.337488887000063)",Unfall 232112 (2019) Kat:3, Licht: 0,232112,3,2,5,05,16,3,0,0,1,1,0,0
"POINT (9.717305252000074 52.368521986000076)",Unfall 232113 (2019) Kat:3, Licht: 0,232113,3,7,2,05,12,3,0,0,0,1,0,0
"POINT (9.455648979000046 52.304622996000035)",Unfall 232114 (2019) Kat:3, Licht: 0,232114,3,7,0,05,13,3,0,0,0,1,0,0
"POINT (10.011893321000059 52.440118192000057)",Unfall 232115 (2019) Kat:3, Licht: 0,232115,3,1,8,05,09,3,0,0,1,0,0,0
"POINT (9.696484151000050 52.372232816000064)",Unfall 232116 (2019) Kat:2, Licht: 0,232116,2,7,0,05,16,3,0,0,0,1,0,0
"POINT (9.802776701000028 52.401589420000050)",Unfall 232117 (2019) Kat:2, Licht: 0,232117,2,4,6,05,16,3,0,0,0,1,1,0
"POINT (9.746646099000031 52.383978319000050)",Unfall 232118 (2019) Kat:3, Licht: 0,232118,3,2,5,05,13,3,0,0,1,0,0,0
"POINT (9.755926715000044 52.377661020000062)",Unfall 232119 (2019) Kat:3, Licht: 0,232119,3,6,2,05,15,3,0,0,1,0,0,0
"POINT (9.819260199000041 52.390619325000046)",Unfall 232120 (2019) Kat:3, Licht: 0,232120,3,3,5,05,14,7,1,0,0,1,0,0
"POINT (9.705439320000039 52.372955586000046)",Unfall 232121 (2019) Kat:3, Licht: 0,232121,3,2,5,05,14,3,0,0,0,1,0,1
"POINT (9.746404686000062 52.392944485000044)",Unfall 232122 (2019) Kat:3, Licht: 0,232122,3,5,1,05,14,3,0,0,0,1,0,0
"POINT (9.699090143000035 52.419503164000048)",Unfall 232123 (2019) Kat:3, Licht: 0,232123,3,1,0,05,11,3,0,0,0,1,0,0
"POINT (9.825283368000044 52.339739474000055)",Unfall 232157 (2019) Kat:3, Licht: 0,232157,3,6,2,05,18,2,1,0,0,1,0,0
"POINT (9.722409650000031 52.387092417000076)",Unfall 232158 (2019) Kat:3, Licht: 0,232158,3,4,6,05,10,2,0,0,1,0,1,0
"POINT (9.728813381000066 52.558475297000030)",Unfall 232159 (2019) Kat:3, Licht: 0,232159,3,3,5,05,19,2,0,0,1,1,0,0
"POINT (9.731009183000026 52.378648057000078)",Unfall 232172 (2019) Kat:3, Licht: 0,232172,3,2,5,05,11,1,0,0,1,1,0,0
"POINT (9.693298212000059 52.365210643000069)",Unfall 232198 (2019) Kat:2, Licht: 2,232198,2,3,0,05,00,7,0,2,0,1,0,0
"POINT (9.719537290000062 52.387271101000067)",Unfall 232199 (2019) Kat:3, Licht: 0,232199,3,5,1,05,11,7,0,0,1,1,0,0
"POINT (9.821549850000054 52.339414258000033)",Unfall 232227 (2019) Kat:3, Licht: 0,232227,3,3,5,05,07,6,0,0,1,0,0,0
"POINT (9.765534670000022 52.418432256000074)",Unfall 232228 (2019) Kat:3, Licht: 0,232228,3,7,8,05,14,6,0,0,0,1,0,0
"POINT (9.976119479000033 52.377454321000073)",Unfall 232229 (2019) Kat:3, Licht: 0,232229,3,7,0,05,17,6,0,0,1,0,1,0
"POINT (9.747361415000057 52.365231921000031)",Unfall 232230 (2019) Kat:2, Licht: 0,232230,2,7,0,05,13,6,0,0,1,0,0,0
"POINT (9.729462542000022 52.421737419000067)",Unfall 232231 (2019) Kat:3, Licht: 0,232231,3,3,5,05,12,6,0,0,1,1,0,0
"POINT (9.794274477000045 52.393517862000067)",Unfall 232232 (2019) Kat:3, Licht: 0,232232,3,3,5,05,11,6,0,0,1,0,0,1
"POINT (9.509360059000073 52.281827100000044)",Unfall 232254 (2019) Kat:2, Licht: 0,232254,2,3,0,05,12,1,0,0,1,1,0,0
"POINT (9.732405292000067 52.379135516000076)",Unfall 232255 (2019) Kat:3, Licht: 0,232255,3,3,5,05,14,1,0,0,1,1,0,0
"POINT (9.720201111000051 52.375769567000077)",Unfall 232285 (2019) Kat:3, Licht: 0,232285,3,7,0,05,19,7,0,0,1,0,1,0
"POINT (9.726278742000034 52.388351882000052)",Unfall 232287 (2019) Kat:3, Licht: 0,232287,3,2,5,05,17,7,0,0,1,0,0,0
"POINT (10.008927670000048 52.446010040000033)",Unfall 232288 (2019) Kat:2, Licht: 0,232288,2,3,0,05,11,7,0,0,1,0,0,0
"POINT (9.663377534000063 52.410741861000076)",Unfall 232311 (2019) Kat:3, Licht: 0,232311,3,2,5,05,14,6,0,0,1,0,0,0
"POINT (9.834448738000049 52.393945242000029)",Unfall 232312 (2019) Kat:3, Licht: 0,232312,3,6,6,05,09,6,0,0,0,1,0,0
"POINT (9.762903567000024 52.408484980000026)",Unfall 232313 (2019) Kat:3, Licht: 0,232313,3,5,6,05,08,6,0,0,0,1,1,0
"POINT (9.738911794000046 52.382445765000057)",Unfall 232314 (2019) Kat:3, Licht: 0,232314,3,6,2,05,14,6,0,0,0,1,0,0
"POINT (9.745818264000036 52.378957441000068)",Unfall 232315 (2019) Kat:3, Licht: 0,232315,3,3,5,05,06,6,1,0,1,1,0,0
"POINT (9.744151416000022 52.448358221000035)",Unfall 232316 (2019) Kat:3, Licht: 0,232316,3,6,3,05,07,6,0,0,1,0,0,0
"POINT (9.705913599000041 52.390785021000056)",Unfall 232317 (2019) Kat:3, Licht: 0,232317,3,2,5,05,13,6,0,0,1,1,0,0
"POINT (9.667990177000036 52.409623773000078)",Unfall 232353 (2019) Kat:3, Licht: 0,232353,3,6,2,05,16,5,1,0,0,1,0,0
"POINT (9.641604474000076 52.416235450000045)",Unfall 232354 (2019) Kat:3, Licht: 0,232354,3,6,2,05,16,5,1,0,0,1,0,0
"POINT (9.658779636000077 52.406142013000078)",Unfall 232355 (2019) Kat:3, Licht: 0,232355,3,7,0,05,13,5,1,0,1,0,0,0
"POINT (9.719844288000047 52.368050037000046)",Unfall 232356 (2019) Kat:3, Licht: 0,232356,3,2,5,05,13,5,1,0,1,1,0,0
"POINT (9.757312350000063 52.376616298000044)",Unfall 232357 (2019) Kat:3, Licht: 0,232357,3,3,5,05,10,5,1,0,0,1,1,0
"POINT (9.599962642000037 52.446601264000037)",Unfall 232358 (2019) Kat:3, Licht: 0,232358,3,1,0,05,15,5,1,0,1,0,0,0
"POINT (9.736080195000056 52.416207385000064)",Unfall 232359 (2019) Kat:2, Licht: 0,232359,2,3,5,05,16,5,1,0,0,1,0,0
"POINT (9.674023275000025 52.413931609000031)",Unfall 232360 (2019) Kat:2, Licht: 0,232360,2,3,5,05,13,5,1,0,0,1,0,1
"POINT (9.677536295000039 52.396008716000040)",Unfall 232403 (2019) Kat:3, Licht: 0,232403,3,3,5,05,15,4,0,0,1,1,0,0
"POINT (9.717073170000049 52.344901338000057)",Unfall 232404 (2019) Kat:3, Licht: 0,232404,3,3,5,05,06,4,0,0,1,1,0,0
"POINT (9.609849641000039 52.434029688000066)",Unfall 232405 (2019) Kat:3, Licht: 0,232405,3,5,4,05,15,4,0,0,1,1,0,0
"POINT (9.952502663000075 52.321383742000080)",Unfall 232406 (2019) Kat:3, Licht: 0,232406,3,3,5,05,17,4,0,0,0,1,0,0
"POINT (9.730956518000028 52.378631835000078)",Unfall 232407 (2019) Kat:3, Licht: 0,232407,3,2,5,05,19,4,0,0,1,1,0,0
"POINT (9.718533093000076 52.373725736000040)",Unfall 232408 (2019) Kat:3, Licht: 0,232408,3,6,2,05,14,4,0,0,0,1,0,1
"POINT (9.695172438000043 52.337428757000055)",Unfall 232409 (2019) Kat:3, Licht: 0,232409,3,6,2,05,11,4,0,0,0,1,0,0
"POINT (9.739092857000060 52.432536956000035)",Unfall 232410 (2019) Kat:2, Licht: 0,232410,2,7,0,05,10,4,0,0,1,0,0,0
"POINT (9.721445128000028 52.355060536000053)",Unfall 232434 (2019) Kat:3, Licht: 0,232434,3,6,2,05,15,3,0,0,0,1,0,0
"POINT (9.718800486000021 52.374076437000042)",Unfall 232435 (2019) Kat:3, Licht: 0,232435,3,7,0,05,13,3,0,0,1,0,0,0
"POINT (9.711820766000074 52.370894404000069)",Unfall 232436 (2019) Kat:3, Licht: 1,232436,3,7,6,05,21,3,0,1,1,0,1,0
"POINT (9.691555118000053 52.375339484000051)",Unfall 232437 (2019) Kat:3, Licht: 0,232437,3,1,0,05,14,3,0,0,1,0,0,0
"POINT (9.761288082000021 52.367107197000053)",Unfall 232438 (2019) Kat:3, Licht: 1,232438,3,7,3,05,21,3,0,1,1,1,0,0
"POINT (9.741671937000035 52.380236051000054)",Unfall 232439 (2019) Kat:3, Licht: 0,232439,3,3,5,05,10,3,0,0,1,1,0,0
"POINT (9.615641337000056 52.427243667000027)",Unfall 232440 (2019) Kat:2, Licht: 0,232440,2,5,0,05,15,3,0,0,0,1,0,1
"POINT (9.799314518000074 52.314784604000067)",Unfall 232442 (2019) Kat:3, Licht: 0,232442,3,1,0,05,12,3,0,0,1,0,0,0
"POINT (9.748310139000068 52.378273015000048)",Unfall 232443 (2019) Kat:3, Licht: 0,232443,3,6,4,05,10,3,0,0,1,0,0,0
"POINT (9.478655645000060 52.429522333000079)",Unfall 232460 (2019) Kat:3, Licht: 0,232460,3,6,3,05,12,2,0,0,1,0,0,0
"POINT (9.703912224000021 52.374626463000027)",Unfall 232468 (2019) Kat:3, Licht: 0,232468,3,5,1,05,19,2,0,0,1,1,0,0
"POINT (9.772929840000074 52.397871236000071)",Unfall 232474 (2019) Kat:3, Licht: 0,232474,3,6,2,05,17,2,0,0,0,1,0,0
"POINT (9.734987636000028 52.370084780000070)",Unfall 232476 (2019) Kat:3, Licht: 0,232476,3,5,3,05,18,2,0,0,1,1,0,0
"POINT (10.016492490000076 52.455797263000079)",Unfall 232477 (2019) Kat:3, Licht: 0,232477,3,3,5,05,07,2,0,0,1,1,0,0
"POINT (9.820038491000048 52.300210637000077)",Unfall 232479 (2019) Kat:3, Licht: 0,232479,3,2,5,05,16,2,0,0,1,1,0,0
"POINT (9.701248348000036 52.395135447000030)",Unfall 232496 (2019) Kat:3, Licht: 0,232496,3,6,2,05,14,1,0,0,1,1,0,0
"POINT (9.710443404000046 52.360253721000049)",Unfall 232497 (2019) Kat:3, Licht: 0,232497,3,1,9,05,14,1,0,0,0,1,0,0
"POINT (9.728030417000070 52.374178499000038)",Unfall 232498 (2019) Kat:3, Licht: 0,232498,3,3,5,05,16,1,0,0,1,1,0,0
"POINT (9.774486434000039 52.372943870000029)",Unfall 232499 (2019) Kat:3, Licht: 0,232499,3,3,5,05,15,1,0,0,1,1,0,0
"POINT (9.756767371000024 52.420354405000069)",Unfall 232500 (2019) Kat:2, Licht: 0,232500,2,3,5,05,14,1,0,0,1,1,0,0
"POINT (9.728162889000032 52.340658145000077)",Unfall 232547 (2019) Kat:3, Licht: 0,232547,3,3,5,05,18,2,0,0,1,1,0,0
"POINT (9.705827334000048 52.372230254000044)",Unfall 232548 (2019) Kat:3, Licht: 2,232548,3,2,4,05,22,2,0,2,1,1,0,0
"POINT (9.661437175000060 52.373579263000067)",Unfall 232549 (2019) Kat:3, Licht: 0,232549,3,7,1,05,07,2,1,0,1,1,0,0
"POINT (9.839451412000074 52.272494833000053)",Unfall 232550 (2019) Kat:3, Licht: 0,232550,3,3,5,05,18,2,0,0,1,1,0,0
"POINT (9.809017593000021 52.332185786000082)",Unfall 232551 (2019) Kat:3, Licht: 0,232551,3,6,2,05,08,2,0,0,0,1,0,0
"POINT (9.724459876000026 52.381754706000038)",Unfall 232552 (2019) Kat:3, Licht: 1,232552,3,5,1,05,20,2,0,1,1,1,0,0
"POINT (9.528064498000049 52.576207265000050)",Unfall 232553 (2019) Kat:2, Licht: 0,232553,2,1,0,05,14,2,0,0,1,0,0,0
"POINT (10.002118238000037 52.448304845000052)",Unfall 232555 (2019) Kat:3, Licht: 0,232555,3,3,5,05,15,2,0,0,1,1,0,0
"POINT (9.702804479000065 52.369373563000067)",Unfall 232556 (2019) Kat:2, Licht: 0,232556,2,2,5,05,09,2,1,0,0,0,0,1
"POINT (9.738106389000052 52.381827301000044)",Unfall 232567 (2019) Kat:3, Licht: 0,232567,3,2,5,05,16,3,0,0,1,1,0,0
"POINT (9.772408135000035 52.350636567000038)",Unfall 232573 (2019) Kat:3, Licht: 0,232573,3,3,5,05,16,1,0,0,1,0,0,0
"POINT (9.697325782000064 52.341717518000053)",Unfall 232574 (2019) Kat:3, Licht: 0,232574,3,2,5,05,18,1,0,0,0,1,0,0
"POINT (9.728362395000033 52.377880131000040)",Unfall 232575 (2019) Kat:3, Licht: 0,232575,3,6,2,05,20,1,0,0,0,1,0,0
"POINT (9.603092683000057 52.316666473000055)",Unfall 232576 (2019) Kat:2, Licht: 0,232576,2,1,0,05,13,1,0,0,1,0,0,0
"POINT (9.753433611000048 52.390340849000040)",Unfall 232577 (2019) Kat:3, Licht: 2,232577,3,2,5,05,01,1,0,2,0,1,0,0
"POINT (9.749193769000044 52.350530453000033)",Unfall 232598 (2019) Kat:3, Licht: 0,232598,3,6,0,05,21,7,0,0,1,0,0,0
"POINT (9.741525039000067 52.380224996000038)",Unfall 232600 (2019) Kat:3, Licht: 0,232600,3,3,5,05,15,7,0,0,1,1,0,0
"POINT (9.745036589000051 52.381959705000043)",Unfall 232601 (2019) Kat:3, Licht: 0,232601,3,1,0,05,14,7,0,0,1,0,0,0
"POINT (9.744548333000068 52.385081181000032)",Unfall 232602 (2019) Kat:3, Licht: 0,232602,3,2,5,05,14,7,0,0,1,1,0,0
"POINT (9.751878391000048 52.392555174000051)",Unfall 232603 (2019) Kat:3, Licht: 0,232603,3,3,5,05,13,7,0,0,1,1,0,0
"POINT (9.702895664000039 52.374951443000043)",Unfall 232604 (2019) Kat:3, Licht: 0,232604,3,2,5,05,09,7,0,0,1,1,0,0
"POINT (9.764902666000069 52.381142334000060)",Unfall 232620 (2019) Kat:3, Licht: 0,232620,3,3,0,05,10,3,0,0,0,1,0,0
"POINT (9.718160493000028 52.386254283000028)",Unfall 232642 (2019) Kat:3, Licht: 0,232642,3,7,1,05,17,6,0,0,1,1,0,0
"POINT (9.791627470000037 52.403018354000039)",Unfall 232643 (2019) Kat:3, Licht: 0,232643,3,6,2,05,18,6,1,0,0,1,0,0
"POINT (9.791022757000064 52.400000180000063)",Unfall 232644 (2019) Kat:3, Licht: 0,232644,3,1,0,05,15,6,0,0,1,0,0,0
"POINT (9.786020389000044 52.393205552000040)",Unfall 232645 (2019) Kat:3, Licht: 0,232645,3,2,5,05,12,6,0,0,0,1,0,0
"POINT (9.677860539000051 52.345810330000063)",Unfall 232646 (2019) Kat:3, Licht: 0,232646,3,3,5,05,06,6,0,0,1,1,0,0
"POINT (9.609358895000071 52.446854656000028)",Unfall 232647 (2019) Kat:3, Licht: 0,232647,3,3,5,05,15,6,0,0,1,1,0,0
"POINT (9.981886938000059 52.379783648000057)",Unfall 232648 (2019) Kat:3, Licht: 1,232648,3,7,6,05,04,6,0,1,0,1,1,0
"POINT (9.756087790000038 52.448982641000043)",Unfall 232649 (2019) Kat:3, Licht: 0,232649,3,6,4,05,20,6,0,0,0,1,0,0
"POINT (9.766571803000034 52.357772766000039)",Unfall 232650 (2019) Kat:2, Licht: 0,232650,2,4,0,05,09,6,0,0,0,1,1,0
"POINT (9.790647654000054 52.328758686000072)",Unfall 232677 (2019) Kat:3, Licht: 0,232677,3,2,2,05,10,3,0,0,0,1,0,0
"POINT (9.705032553000024 52.346220547000030)",Unfall 232680 (2019) Kat:3, Licht: 0,232680,3,7,0,05,15,5,0,0,1,0,0,0
"POINT (9.717232995000074 52.346067489000063)",Unfall 232681 (2019) Kat:3, Licht: 0,232681,3,6,2,05,10,5,0,0,0,1,0,0
"POINT (9.799149678000049 52.384706031000064)",Unfall 232682 (2019) Kat:3, Licht: 0,232682,3,7,7,05,08,5,0,0,1,1,0,0
"POINT (9.823360387000037 52.402285685000038)",Unfall 232683 (2019) Kat:3, Licht: 0,232683,3,4,6,05,18,5,0,0,0,1,1,0
"POINT (9.753298753000024 52.382832608000058)",Unfall 232684 (2019) Kat:3, Licht: 0,232684,3,3,5,05,15,5,0,0,0,1,0,1
"POINT (9.961875934000034 52.389653841000040)",Unfall 232685 (2019) Kat:3, Licht: 1,232685,3,3,5,05,20,5,0,1,0,1,0,0
"POINT (9.960281359000021 52.331926880000026)",Unfall 232686 (2019) Kat:2, Licht: 0,232686,2,7,0,05,13,5,0,0,0,0,0,1
"POINT (9.695892785000069 52.439430447000063)",Unfall 232687 (2019) Kat:3, Licht: 0,232687,3,3,5,05,10,5,0,0,0,1,0,0
"POINT (9.735160600000029 52.376717465000070)",Unfall 232688 (2019) Kat:3, Licht: 0,232688,3,2,2,05,16,5,0,0,0,1,0,0
"POINT (9.664209086000028 52.409654727000031)",Unfall 232689 (2019) Kat:3, Licht: 0,232689,3,5,1,05,14,5,0,0,1,1,0,0
"POINT (9.722367513000052 52.385096821000047)",Unfall 232690 (2019) Kat:3, Licht: 0,232690,3,4,6,05,13,5,0,0,1,0,1,0
"POINT (9.702898701000038 52.399766362000037)",Unfall 232691 (2019) Kat:3, Licht: 0,232691,3,6,2,05,12,5,0,0,0,1,0,0
"POINT (9.654406290000054 52.410057176000066)",Unfall 232692 (2019) Kat:3, Licht: 0,232692,3,3,5,05,09,5,0,0,1,1,0,0
"POINT (9.744691815000067 52.395180918000051)",Unfall 232693 (2019) Kat:3, Licht: 0,232693,3,2,5,05,06,5,0,0,1,1,0,0
"POINT (9.693458848000034 52.392283431000067)",Unfall 232716 (2019) Kat:3, Licht: 0,232716,3,6,0,05,18,4,0,0,1,1,0,0
"POINT (9.714512610000043 52.383421126000030)",Unfall 232718 (2019) Kat:3, Licht: 0,232718,3,6,6,05,08,4,1,0,1,0,1,0
"POINT (9.763341371000024 52.374904608000065)",Unfall 232719 (2019) Kat:3, Licht: 0,232719,3,2,5,05,08,4,1,0,1,1,0,0
"POINT (9.731696831000022 52.423417635000078)",Unfall 232720 (2019) Kat:3, Licht: 0,232720,3,3,5,05,18,4,0,0,0,1,0,0
"POINT (10.015571873000056 52.443088450000062)",Unfall 232721 (2019) Kat:3, Licht: 0,232721,3,7,6,05,11,4,0,0,1,0,1,0
"POINT (9.765280667000070 52.263681994000081)",Unfall 232722 (2019) Kat:2, Licht: 0,232722,2,2,6,05,12,4,0,0,0,1,1,0
"POINT (9.721396876000028 52.387650639000071)",Unfall 232723 (2019) Kat:3, Licht: 0,232723,3,4,6,05,10,4,0,0,0,0,1,0
"POINT (9.683389403000035 52.393826658000080)",Unfall 232724 (2019) Kat:3, Licht: 0,232724,3,4,6,05,08,4,0,0,0,1,1,0
"POINT (9.745849901000042 52.354747270000075)",Unfall 232725 (2019) Kat:2, Licht: 0,232725,2,6,2,05,08,4,1,0,0,1,0,1
"POINT (9.703774130000056 52.374662808000039)",Unfall 232730 (2019) Kat:2, Licht: 0,232730,2,7,0,05,19,3,0,0,1,0,0,0
"POINT (9.762367910000023 52.357931335000046)",Unfall 232753 (2019) Kat:3, Licht: 0,232753,3,3,0,05,08,3,1,0,1,1,0,0
"POINT (9.722041781000030 52.417104123000058)",Unfall 232754 (2019) Kat:3, Licht: 0,232754,3,7,0,05,12,3,1,0,1,0,0,0
"POINT (9.545506592000038 52.215673624000033)",Unfall 232755 (2019) Kat:3, Licht: 0,232755,3,2,5,05,13,3,1,0,1,1,0,0
"POINT (9.600743511000076 52.437867655000048)",Unfall 232756 (2019) Kat:3, Licht: 0,232756,3,3,5,05,16,3,1,0,0,1,0,0
"POINT (9.611783364000075 52.446885549000058)",Unfall 232757 (2019) Kat:3, Licht: 0,232757,3,2,2,05,12,3,1,0,0,1,0,0
"POINT (9.750233794000053 52.392609261000075)",Unfall 232758 (2019) Kat:2, Licht: 0,232758,2,2,6,05,17,3,1,0,0,1,1,0
"POINT (9.712855759000036 52.359639820000041)",Unfall 232759 (2019) Kat:3, Licht: 0,232759,3,3,5,05,13,3,1,0,0,1,0,0
"POINT (9.602097059000073 52.438026452000031)",Unfall 232760 (2019) Kat:2, Licht: 0,232760,2,3,5,05,13,3,1,0,1,1,0,0
"POINT (9.850893566000025 52.412467572000082)",Unfall 232761 (2019) Kat:3, Licht: 0,232761,3,1,9,05,11,3,1,0,0,1,0,0
"POINT (9.632244960000037 52.411111017000053)",Unfall 232951 (2019) Kat:3, Licht: 1,232951,3,3,5,05,22,6,0,1,0,1,0,0
"POINT (9.733810386000073 52.384690844000033)",Unfall 232952 (2019) Kat:3, Licht: 0,232952,3,3,5,05,16,6,0,0,0,1,0,1
"POINT (9.736503736000032 52.377654500000062)",Unfall 232953 (2019) Kat:3, Licht: 0,232953,3,5,1,05,12,6,0,0,1,1,0,0
"POINT (9.597465532000058 52.419350781000048)",Unfall 232954 (2019) Kat:3, Licht: 0,232954,3,3,5,05,13,6,0,0,1,1,0,0
"POINT (9.747405594000043 52.518261976000076)",Unfall 232956 (2019) Kat:3, Licht: 0,232956,3,3,5,05,09,6,1,0,0,1,0,0
"POINT (9.891038637000065 52.466102673000080)",Unfall 232957 (2019) Kat:3, Licht: 0,232957,3,7,0,05,13,6,0,0,0,1,0,0
"POINT (9.696425461000047 52.411137872000040)",Unfall 232958 (2019) Kat:3, Licht: 0,232958,3,3,5,05,14,6,0,0,1,0,0,0
"POINT (9.718042802000070 52.368418708000036)",Unfall 232983 (2019) Kat:2, Licht: 0,232983,2,7,0,05,19,5,0,0,1,0,0,0
"POINT (9.710950886000035 52.382647126000052)",Unfall 232984 (2019) Kat:3, Licht: 0,232984,3,1,6,05,18,5,0,0,1,0,1,0
"POINT (9.750454184000034 52.375710823000077)",Unfall 233021 (2019) Kat:3, Licht: 0,233021,3,6,2,05,07,4,0,0,0,1,0,0
"POINT (9.740782574000036 52.374747365000076)",Unfall 233022 (2019) Kat:3, Licht: 0,233022,3,4,6,05,18,4,0,0,1,0,1,0
"POINT (9.748648398000057 52.264793956000062)",Unfall 233023 (2019) Kat:3, Licht: 0,233023,3,6,2,05,07,4,0,0,1,1,0,0
"POINT (9.711188801000048 52.216017846000057)",Unfall 233024 (2019) Kat:3, Licht: 0,233024,3,7,0,05,16,4,0,0,1,0,0,0
"POINT (9.483651982000026 52.311256328000070)",Unfall 233025 (2019) Kat:3, Licht: 0,233025,3,3,5,05,17,4,0,0,1,1,0,0
"POINT (9.982237773000065 52.381475662000071)",Unfall 233026 (2019) Kat:3, Licht: 0,233026,3,3,5,05,07,4,0,0,1,1,0,0
