{
  "type": "FeatureCollection",
  "features": [
    {
      "type": "Feature",
      "geometry": { "type": "Point", "coordinates": [9.456867686000066, 52.499695911000060] },
      "properties": {
        "id": "8976",
        "name": "Unfall 8976 (2017) Kat:3",
        "year": 2017,
        "ulichtverh": "",
        "strasse": "",
        "ukategorie": "3",
        "utyp1": "3",
        "uart": "5",
        "umonat": "01",
        "ustunde": "10",
        "uwochentag": "4",
        "strzustand": "1",
        "istrad": "1",
        "istpkw": "1",
        "istfuss": "0",
        "istkrad": "0"
      }
    }
,
    {
      "type": "Feature",
      "geometry": { "type": "Point", "coordinates": [9.763376734000076, 52.343905498000026] },
      "properties": {
        "id": "9481",
        "name": "Unfall 9481 (2017) Kat:3",
        "year": 2017,
        "ulichtverh": "",
        "strasse": "",
        "ukategorie": "3",
        "utyp1": "3",
        "uart": "5",
        "umonat": "01",
        "ustunde": "16",
        "uwochentag": "5",
        "strzustand": "0",
        "istrad": "1",
        "istpkw": "1",
        "istfuss": "0",
        "istkrad": "0"
      }
    }
,
    {
      "type": "Feature",
      "geometry": { "type": "Point", "coordinates": [9.819615783000074, 52.306768353000052] },
      "properties": {
        "id": "9482",
        "name": "Unfall 9482 (2017) Kat:2",
        "year": 2017,
        "ulichtverh": "",
        "strasse": "",
        "ukategorie": "2",
        "utyp1": "3",
        "uart": "5",
        "umonat": "01",
        "ustunde": "13",
        "uwochentag": "5",
        "strzustand": "0",
        "istrad": "1",
        "istpkw": "1",
        "istfuss": "0",
        "istkrad": "0"
      }
    }
,
    {
      "type": "Feature",
      "geometry": { "type": "Point", "coordinates": [9.756781300000057, 52.370188096000049] },
      "properties": {
        "id": "9484",
        "name": "Unfall 9484 (2017) Kat:2",
        "year": 2017,
        "ulichtverh": "",
        "strasse": "",
        "ukategorie": "2",
        "utyp1": "3",
        "uart": "5",
        "umonat": "01",
        "ustunde": "08",
        "uwochentag": "5",
        "strzustand": "1",
        "istrad": "1",
        "istpkw": "1",
        "istfuss": "0",
        "istkrad": "0"
      }
    }
,
    {
      "type": "Feature",
      "geometry": { "type": "Point", "coordinates": [9.732223720000036, 52.383051973000079] },
      "properties": {
        "id": "9544",
        "name": "Unfall 9544 (2017) Kat:3",
        "year": 2017,
        "ulichtverh": "",
        "strasse": "",
        "ukategorie": "3",
        "utyp1": "2",
        "uart": "5",
        "umonat": "01",
        "ustunde": "18",
        "uwochentag": "4",
        "strzustand": "1",
        "istrad": "1",
        "istpkw": "1",
        "istfuss": "0",
        "istkrad": "0"
      }
    }
,
    {
      "type": "Feature",
      "geometry": { "type": "Point", "coordinates": [9.431316831000061, 52.435040183000069] },
      "properties": {
        "id": "9588",
        "name": "Unfall 9588 (2017) Kat:3",
        "year": 2017,
        "ulichtverh": "",
        "strasse": "",
        "ukategorie": "3",
        "utyp1": "3",
        "uart": "5",
        "umonat": "01",
        "ustunde": "14",
        "uwochentag": "3",
        "strzustand": "0",
        "istrad": "1",
        "istpkw": "1",
        "istfuss": "0",
        "istkrad": "0"
      }
    }
,
    {
      "type": "Feature",
      "geometry": { "type": "Point", "coordinates": [9.649046089000024, 52.396027348000075] },
      "properties": {
        "id": "9589",
        "name": "Unfall 9589 (2017) Kat:3",
        "year": 2017,
        "ulichtverh": "",
        "strasse": "",
        "ukategorie": "3",
        "utyp1": "3",
        "uart": "5",
        "umonat": "01",
        "ustunde": "05",
        "uwochentag": "3",
        "strzustand": "0",
        "istrad": "1",
        "istpkw": "1",
        "istfuss": "0",
        "istkrad": "0"
      }
    }
,
    {
      "type": "Feature",
      "geometry": { "type": "Point", "coordinates": [9.797507453000037, 52.416348926000069] },
      "properties": {
        "id": "9629",
        "name": "Unfall 9629 (2017) Kat:3",
        "year": 2017,
        "ulichtverh": "",
        "strasse": "",
        "ukategorie": "3",
        "utyp1": "3",
        "uart": "5",
        "umonat": "01",
        "ustunde": "18",
        "uwochentag": "2",
        "strzustand": "1",
        "istrad": "1",
        "istpkw": "1",
        "istfuss": "0",
        "istkrad": "0"
      }
    }
,
    {
      "type": "Feature",
      "geometry": { "type": "Point", "coordinates": [9.793086501000062, 52.313746104000074] },
      "properties": {
        "id": "9715",
        "name": "Unfall 9715 (2017) Kat:3",
        "year": 2017,
        "ulichtverh": "",
        "strasse": "",
        "ukategorie": "3",
        "utyp1": "3",
        "uart": "5",
        "umonat": "01",
        "ustunde": "18",
        "uwochentag": "6",
        "strzustand": "0",
        "istrad": "1",
        "istpkw": "1",
        "istfuss": "0",
        "istkrad": "0"
      }
    }
,
    {
      "type": "Feature",
      "geometry": { "type": "Point", "coordinates": [9.722587216000022, 52.378673975000027] },
      "properties": {
        "id": "9717",
        "name": "Unfall 9717 (2017) Kat:3",
        "year": 2017,
        "ulichtverh": "",
        "strasse": "",
        "ukategorie": "3",
        "utyp1": "2",
        "uart": "0",
        "umonat": "01",
        "ustunde": "05",
        "uwochentag": "6",
        "strzustand": "0",
        "istrad": "1",
        "istpkw": "1",
        "istfuss": "0",
        "istkrad": "0"
      }
    }
,
    {
      "type": "Feature",
      "geometry": { "type": "Point", "coordinates": [9.455680129000029, 52.507264295000027] },
      "properties": {
        "id": "9775",
        "name": "Unfall 9775 (2017) Kat:3",
        "year": 2017,
        "ulichtverh": "",
        "strasse": "",
        "ukategorie": "3",
        "utyp1": "3",
        "uart": "5",
        "umonat": "01",
        "ustunde": "08",
        "uwochentag": "6",
        "strzustand": "0",
        "istrad": "1",
        "istpkw": "1",
        "istfuss": "0",
        "istkrad": "0"
      }
    }
,
    {
      "type": "Feature",
      "geometry": { "type": "Point", "coordinates": [9.987333274000037, 52.408597846000077] },
      "properties": {
        "id": "9778",
        "name": "Unfall 9778 (2017) Kat:3",
        "year": 2017,
        "ulichtverh": "",
        "strasse": "",
        "ukategorie": "3",
        "utyp1": "3",
        "uart": "5",
        "umonat": "01",
        "ustunde": "10",
        "uwochentag": "6",
        "strzustand": "1",
        "istrad": "1",
        "istpkw": "1",
        "istfuss": "0",
        "istkrad": "0"
      }
    }
,
    {
      "type": "Feature",
      "geometry": { "type": "Point", "coordinates": [9.725343039000052, 52.380372942000065] },
      "properties": {
        "id": "9781",
        "name": "Unfall 9781 (2017) Kat:3",
        "year": 2017,
        "ulichtverh": "",
        "strasse": "",
        "ukategorie": "3",
        "utyp1": "3",
        "uart": "5",
        "umonat": "01",
        "ustunde": "20",
        "uwochentag": "6",
        "strzustand": "0",
        "istrad": "1",
        "istpkw": "1",
        "istfuss": "0",
        "istkrad": "0"
      }
    }
,
    {
      "type": "Feature",
      "geometry": { "type": "Point", "coordinates": [9.733356770000057, 52.417992746000039] },
      "properties": {
        "id": "9828",
        "name": "Unfall 9828 (2017) Kat:3",
        "year": 2017,
        "ulichtverh": "",
        "strasse": "",
        "ukategorie": "3",
        "utyp1": "7",
        "uart": "0",
        "umonat": "01",
        "ustunde": "12",
        "uwochentag": "5",
        "strzustand": "0",
        "istrad": "1",
        "istpkw": "0",
        "istfuss": "0",
        "istkrad": "0"
      }
    }
,
    {
      "type": "Feature",
      "geometry": { "type": "Point", "coordinates": [9.957798610000054, 52.318394938000040] },
      "properties": {
        "id": "9903",
        "name": "Unfall 9903 (2017) Kat:3",
        "year": 2017,
        "ulichtverh": "",
        "strasse": "",
        "ukategorie": "3",
        "utyp1": "3",
        "uart": "5",
        "umonat": "01",
        "ustunde": "05",
        "uwochentag": "3",
        "strzustand": "0",
        "istrad": "1",
        "istpkw": "0",
        "istfuss": "0",
        "istkrad": "0"
      }
    }
,
    {
      "type": "Feature",
      "geometry": { "type": "Point", "coordinates": [9.841745467000067, 52.395173068000076] },
      "properties": {
        "id": "9950",
        "name": "Unfall 9950 (2017) Kat:3",
        "year": 2017,
        "ulichtverh": "",
        "strasse": "",
        "ukategorie": "3",
        "utyp1": "3",
        "uart": "5",
        "umonat": "01",
        "ustunde": "17",
        "uwochentag": "2",
        "strzustand": "0",
        "istrad": "1",
        "istpkw": "1",
        "istfuss": "0",
        "istkrad": "0"
      }
    }
,
    {
      "type": "Feature",
      "geometry": { "type": "Point", "coordinates": [9.739231829000062, 52.368203014000073] },
      "properties": {
        "id": "9955",
        "name": "Unfall 9955 (2017) Kat:3",
        "year": 2017,
        "ulichtverh": "",
        "strasse": "",
        "ukategorie": "3",
        "utyp1": "7",
        "uart": "1",
        "umonat": "01",
        "ustunde": "17",
        "uwochentag": "6",
        "strzustand": "0",
        "istrad": "1",
        "istpkw": "1",
        "istfuss": "0",
        "istkrad": "0"
      }
    }
,
    {
      "type": "Feature",
      "geometry": { "type": "Point", "coordinates": [9.735268919000021, 52.394591565000042] },
      "properties": {
        "id": "9974",
        "name": "Unfall 9974 (2017) Kat:3",
        "year": 2017,
        "ulichtverh": "",
        "strasse": "",
        "ukategorie": "3",
        "utyp1": "2",
        "uart": "5",
        "umonat": "01",
        "ustunde": "06",
        "uwochentag": "6",
        "strzustand": "1",
        "istrad": "1",
        "istpkw": "1",
        "istfuss": "0",
        "istkrad": "0"
      }
    }
,
    {
      "type": "Feature",
      "geometry": { "type": "Point", "coordinates": [9.802567420000059, 52.434784433000061] },
      "properties": {
        "id": "10055",
        "name": "Unfall 10055 (2017) Kat:2",
        "year": 2017,
        "ulichtverh": "",
        "strasse": "",
        "ukategorie": "2",
        "utyp1": "2",
        "uart": "5",
        "umonat": "01",
        "ustunde": "11",
        "uwochentag": "1",
        "strzustand": "0",
        "istrad": "1",
        "istpkw": "0",
        "istfuss": "0",
        "istkrad": "0"
      }
    }
,
    {
      "type": "Feature",
      "geometry": { "type": "Point", "coordinates": [9.587582280000049, 52.415075042000069] },
      "properties": {
        "id": "10129",
        "name": "Unfall 10129 (2017) Kat:3",
        "year": 2017,
        "ulichtverh": "",
        "strasse": "",
        "ukategorie": "3",
        "utyp1": "3",
        "uart": "5",
        "umonat": "01",
        "ustunde": "15",
        "uwochentag": "6",
        "strzustand": "0",
        "istrad": "1",
        "istpkw": "1",
        "istfuss": "0",
        "istkrad": "0"
      }
    }
,
    {
      "type": "Feature",
      "geometry": { "type": "Point", "coordinates": [9.723485071000027, 52.377929599000026] },
      "properties": {
        "id": "10294",
        "name": "Unfall 10294 (2017) Kat:3",
        "year": 2017,
        "ulichtverh": "",
        "strasse": "",
        "ukategorie": "3",
        "utyp1": "2",
        "uart": "5",
        "umonat": "01",
        "ustunde": "10",
        "uwochentag": "3",
        "strzustand": "0",
        "istrad": "1",
        "istpkw": "0",
        "istfuss": "0",
        "istkrad": "0"
      }
    }
,
    {
      "type": "Feature",
      "geometry": { "type": "Point", "coordinates": [9.626360764000026, 52.408221411000056] },
      "properties": {
        "id": "10327",
        "name": "Unfall 10327 (2017) Kat:3",
        "year": 2017,
        "ulichtverh": "",
        "strasse": "",
        "ukategorie": "3",
        "utyp1": "6",
        "uart": "0",
        "umonat": "01",
        "ustunde": "07",
        "uwochentag": "2",
        "strzustand": "1",
        "istrad": "1",
        "istpkw": "1",
        "istfuss": "0",
        "istkrad": "0"
      }
    }
,
    {
      "type": "Feature",
      "geometry": { "type": "Point", "coordinates": [9.719450373000029, 52.367443436000030] },
      "properties": {
        "id": "10340",
        "name": "Unfall 10340 (2017) Kat:3",
        "year": 2017,
        "ulichtverh": "",
        "strasse": "",
        "ukategorie": "3",
        "utyp1": "1",
        "uart": "0",
        "umonat": "01",
        "ustunde": "19",
        "uwochentag": "6",
        "strzustand": "0",
        "istrad": "1",
        "istpkw": "0",
        "istfuss": "0",
        "istkrad": "0"
      }
    }
,
    {
      "type": "Feature",
      "geometry": { "type": "Point", "coordinates": [9.733380697000030, 52.417809228000067] },
      "properties": {
        "id": "10341",
        "name": "Unfall 10341 (2017) Kat:3",
        "year": 2017,
        "ulichtverh": "",
        "strasse": "",
        "ukategorie": "3",
        "utyp1": "3",
        "uart": "5",
        "umonat": "02",
        "ustunde": "07",
        "uwochentag": "4",
        "strzustand": "1",
        "istrad": "1",
        "istpkw": "1",
        "istfuss": "0",
        "istkrad": "0"
      }
    }
,
    {
      "type": "Feature",
      "geometry": { "type": "Point", "coordinates": [9.591706187000057, 52.400663984000062] },
      "properties": {
        "id": "10511",
        "name": "Unfall 10511 (2017) Kat:3",
        "year": 2017,
        "ulichtverh": "",
        "strasse": "",
        "ukategorie": "3",
        "utyp1": "3",
        "uart": "5",
        "umonat": "02",
        "ustunde": "15",
        "uwochentag": "6",
        "strzustand": "1",
        "istrad": "1",
        "istpkw": "1",
        "istfuss": "0",
        "istkrad": "0"
      }
    }
,
    {
      "type": "Feature",
      "geometry": { "type": "Point", "coordinates": [9.720246598000074, 52.324131256000044] },
      "properties": {
        "id": "10512",
        "name": "Unfall 10512 (2017) Kat:3",
        "year": 2017,
        "ulichtverh": "",
        "strasse": "",
        "ukategorie": "3",
        "utyp1": "3",
        "uart": "5",
        "umonat": "02",
        "ustunde": "13",
        "uwochentag": "6",
        "strzustand": "1",
        "istrad": "1",
        "istpkw": "1",
        "istfuss": "0",
        "istkrad": "0"
      }
    }
,
    {
      "type": "Feature",
      "geometry": { "type": "Point", "coordinates": [9.663548053000056, 52.239708231000066] },
      "properties": {
        "id": "10607",
        "name": "Unfall 10607 (2017) Kat:3",
        "year": 2017,
        "ulichtverh": "",
        "strasse": "",
        "ukategorie": "3",
        "utyp1": "2",
        "uart": "5",
        "umonat": "02",
        "ustunde": "07",
        "uwochentag": "4",
        "strzustand": "1",
        "istrad": "1",
        "istpkw": "1",
        "istfuss": "0",
        "istkrad": "0"
      }
    }
,
    {
      "type": "Feature",
      "geometry": { "type": "Point", "coordinates": [10.116863625000065, 52.357576192000067] },
      "properties": {
        "id": "10611",
        "name": "Unfall 10611 (2017) Kat:3",
        "year": 2017,
        "ulichtverh": "",
        "strasse": "",
        "ukategorie": "3",
        "utyp1": "3",
        "uart": "5",
        "umonat": "02",
        "ustunde": "10",
        "uwochentag": "4",
        "strzustand": "0",
        "istrad": "1",
        "istpkw": "1",
        "istfuss": "0",
        "istkrad": "0"
      }
    }
,
    {
      "type": "Feature",
      "geometry": { "type": "Point", "coordinates": [9.722523273000036, 52.362510637000071] },
      "properties": {
        "id": "10613",
        "name": "Unfall 10613 (2017) Kat:2",
        "year": 2017,
        "ulichtverh": "",
        "strasse": "",
        "ukategorie": "2",
        "utyp1": "3",
        "uart": "5",
        "umonat": "02",
        "ustunde": "10",
        "uwochentag": "4",
        "strzustand": "0",
        "istrad": "1",
        "istpkw": "1",
        "istfuss": "0",
        "istkrad": "0"
      }
    }
,
    {
      "type": "Feature",
      "geometry": { "type": "Point", "coordinates": [9.667346324000050, 52.377070328000059] },
      "properties": {
        "id": "10744",
        "name": "Unfall 10744 (2017) Kat:2",
        "year": 2017,
        "ulichtverh": "",
        "strasse": "",
        "ukategorie": "2",
        "utyp1": "3",
        "uart": "5",
        "umonat": "02",
        "ustunde": "17",
        "uwochentag": "6",
        "strzustand": "1",
        "istrad": "1",
        "istpkw": "0",
        "istfuss": "0",
        "istkrad": "0"
      }
    }
,
    {
      "type": "Feature",
      "geometry": { "type": "Point", "coordinates": [9.733585306000066, 52.369164073000036] },
      "properties": {
        "id": "10845",
        "name": "Unfall 10845 (2017) Kat:3",
        "year": 2017,
        "ulichtverh": "",
        "strasse": "",
        "ukategorie": "3",
        "utyp1": "3",
        "uart": "5",
        "umonat": "02",
        "ustunde": "20",
        "uwochentag": "4",
        "strzustand": "0",
        "istrad": "1",
        "istpkw": "1",
        "istfuss": "0",
        "istkrad": "0"
      }
    }
,
    {
      "type": "Feature",
      "geometry": { "type": "Point", "coordinates": [9.766357698000036, 52.552189461000069] },
      "properties": {
        "id": "10904",
        "name": "Unfall 10904 (2017) Kat:2",
        "year": 2017,
        "ulichtverh": "",
        "strasse": "",
        "ukategorie": "2",
        "utyp1": "3",
        "uart": "5",
        "umonat": "02",
        "ustunde": "16",
        "uwochentag": "3",
        "strzustand": "0",
        "istrad": "1",
        "istpkw": "1",
        "istfuss": "0",
        "istkrad": "0"
      }
    }
,
    {
      "type": "Feature",
      "geometry": { "type": "Point", "coordinates": [9.693554829000050, 52.420238777000066] },
      "properties": {
        "id": "11010",
        "name": "Unfall 11010 (2017) Kat:3",
        "year": 2017,
        "ulichtverh": "",
        "strasse": "",
        "ukategorie": "3",
        "utyp1": "5",
        "uart": "1",
        "umonat": "02",
        "ustunde": "12",
        "uwochentag": "3",
        "strzustand": "0",
        "istrad": "1",
        "istpkw": "0",
        "istfuss": "0",
        "istkrad": "0"
      }
    }
,
    {
      "type": "Feature",
      "geometry": { "type": "Point", "coordinates": [9.801969051000071, 52.432762464000064] },
      "properties": {
        "id": "11018",
        "name": "Unfall 11018 (2017) Kat:3",
        "year": 2017,
        "ulichtverh": "",
        "strasse": "",
        "ukategorie": "3",
        "utyp1": "3",
        "uart": "5",
        "umonat": "02",
        "ustunde": "16",
        "uwochentag": "3",
        "strzustand": "0",
        "istrad": "1",
        "istpkw": "1",
        "istfuss": "0",
        "istkrad": "0"
      }
    }
,
    {
      "type": "Feature",
      "geometry": { "type": "Point", "coordinates": [9.552632334000066, 52.440782798000043] },
      "properties": {
        "id": "11026",
        "name": "Unfall 11026 (2017) Kat:3",
        "year": 2017,
        "ulichtverh": "",
        "strasse": "",
        "ukategorie": "3",
        "utyp1": "2",
        "uart": "4",
        "umonat": "02",
        "ustunde": "17",
        "uwochentag": "7",
        "strzustand": "0",
        "istrad": "1",
        "istpkw": "1",
        "istfuss": "0",
        "istkrad": "0"
      }
    }
,
    {
      "type": "Feature",
      "geometry": { "type": "Point", "coordinates": [9.740280673000029, 52.368261244000053] },
      "properties": {
        "id": "11094",
        "name": "Unfall 11094 (2017) Kat:3",
        "year": 2017,
        "ulichtverh": "",
        "strasse": "",
        "ukategorie": "3",
        "utyp1": "2",
        "uart": "4",
        "umonat": "02",
        "ustunde": "16",
        "uwochentag": "2",
        "strzustand": "0",
        "istrad": "1",
        "istpkw": "1",
        "istfuss": "0",
        "istkrad": "0"
      }
    }
,
    {
      "type": "Feature",
      "geometry": { "type": "Point", "coordinates": [9.765491793000024, 52.341581558000030] },
      "properties": {
        "id": "11098",
        "name": "Unfall 11098 (2017) Kat:3",
        "year": 2017,
        "ulichtverh": "",
        "strasse": "",
        "ukategorie": "3",
        "utyp1": "2",
        "uart": "5",
        "umonat": "02",
        "ustunde": "07",
        "uwochentag": "2",
        "strzustand": "1",
        "istrad": "1",
        "istpkw": "1",
        "istfuss": "0",
        "istkrad": "0"
      }
    }
,
    {
      "type": "Feature",
      "geometry": { "type": "Point", "coordinates": [9.632263662000071, 52.330813482000053] },
      "properties": {
        "id": "11285",
        "name": "Unfall 11285 (2017) Kat:3",
        "year": 2017,
        "ulichtverh": "",
        "strasse": "",
        "ukategorie": "3",
        "utyp1": "6",
        "uart": "4",
        "umonat": "02",
        "ustunde": "11",
        "uwochentag": "2",
        "strzustand": "0",
        "istrad": "1",
        "istpkw": "0",
        "istfuss": "0",
        "istkrad": "0"
      }
    }
,
    {
      "type": "Feature",
      "geometry": { "type": "Point", "coordinates": [9.640974903000029, 52.173391967000043] },
      "properties": {
        "id": "11382",
        "name": "Unfall 11382 (2017) Kat:2",
        "year": 2017,
        "ulichtverh": "",
        "strasse": "",
        "ukategorie": "2",
        "utyp1": "3",
        "uart": "5",
        "umonat": "03",
        "ustunde": "14",
        "uwochentag": "1",
        "strzustand": "0",
        "istrad": "1",
        "istpkw": "1",
        "istfuss": "0",
        "istkrad": "0"
      }
    }
,
    {
      "type": "Feature",
      "geometry": { "type": "Point", "coordinates": [9.734035533000053, 52.387145257000043] },
      "properties": {
        "id": "11422",
        "name": "Unfall 11422 (2017) Kat:3",
        "year": 2017,
        "ulichtverh": "",
        "strasse": "",
        "ukategorie": "3",
        "utyp1": "3",
        "uart": "5",
        "umonat": "02",
        "ustunde": "23",
        "uwochentag": "6",
        "strzustand": "0",
        "istrad": "1",
        "istpkw": "0",
        "istfuss": "0",
        "istkrad": "0"
      }
    }
,
    {
      "type": "Feature",
      "geometry": { "type": "Point", "coordinates": [9.733898481000040, 52.413618207000070] },
      "properties": {
        "id": "11437",
        "name": "Unfall 11437 (2017) Kat:3",
        "year": 2017,
        "ulichtverh": "",
        "strasse": "",
        "ukategorie": "3",
        "utyp1": "3",
        "uart": "5",
        "umonat": "02",
        "ustunde": "05",
        "uwochentag": "6",
        "strzustand": "1",
        "istrad": "1",
        "istpkw": "1",
        "istfuss": "0",
        "istkrad": "0"
      }
    }
,
    {
      "type": "Feature",
      "geometry": { "type": "Point", "coordinates": [9.728689230000043, 52.540221059000032] },
      "properties": {
        "id": "11543",
        "name": "Unfall 11543 (2017) Kat:3",
        "year": 2017,
        "ulichtverh": "",
        "strasse": "",
        "ukategorie": "3",
        "utyp1": "7",
        "uart": "7",
        "umonat": "02",
        "ustunde": "19",
        "uwochentag": "5",
        "strzustand": "1",
        "istrad": "1",
        "istpkw": "0",
        "istfuss": "0",
        "istkrad": "0"
      }
    }
,
    {
      "type": "Feature",
      "geometry": { "type": "Point", "coordinates": [9.858262137000054, 52.387389251000059] },
      "properties": {
        "id": "11559",
        "name": "Unfall 11559 (2017) Kat:3",
        "year": 2017,
        "ulichtverh": "",
        "strasse": "",
        "ukategorie": "3",
        "utyp1": "3",
        "uart": "5",
        "umonat": "03",
        "ustunde": "13",
        "uwochentag": "6",
        "strzustand": "0",
        "istrad": "1",
        "istpkw": "1",
        "istfuss": "0",
        "istkrad": "0"
      }
    }
,
    {
      "type": "Feature",
      "geometry": { "type": "Point", "coordinates": [9.827064826000026, 52.342897666000056] },
      "properties": {
        "id": "11560",
        "name": "Unfall 11560 (2017) Kat:2",
        "year": 2017,
        "ulichtverh": "",
        "strasse": "",
        "ukategorie": "2",
        "utyp1": "3",
        "uart": "5",
        "umonat": "03",
        "ustunde": "08",
        "uwochentag": "6",
        "strzustand": "0",
        "istrad": "1",
        "istpkw": "1",
        "istfuss": "0",
        "istkrad": "0"
      }
    }
,
    {
      "type": "Feature",
      "geometry": { "type": "Point", "coordinates": [9.712366898000028, 52.403924367000059] },
      "properties": {
        "id": "11646",
        "name": "Unfall 11646 (2017) Kat:3",
        "year": 2017,
        "ulichtverh": "",
        "strasse": "",
        "ukategorie": "3",
        "utyp1": "7",
        "uart": "0",
        "umonat": "03",
        "ustunde": "19",
        "uwochentag": "5",
        "strzustand": "1",
        "istrad": "1",
        "istpkw": "0",
        "istfuss": "0",
        "istkrad": "0"
      }
    }
,
    {
      "type": "Feature",
      "geometry": { "type": "Point", "coordinates": [9.439659477000021, 52.417975373000047] },
      "properties": {
        "id": "11649",
        "name": "Unfall 11649 (2017) Kat:3",
        "year": 2017,
        "ulichtverh": "",
        "strasse": "",
        "ukategorie": "3",
        "utyp1": "3",
        "uart": "5",
        "umonat": "03",
        "ustunde": "10",
        "uwochentag": "5",
        "strzustand": "1",
        "istrad": "1",
        "istpkw": "1",
        "istfuss": "0",
        "istkrad": "0"
      }
    }
,
    {
      "type": "Feature",
      "geometry": { "type": "Point", "coordinates": [9.752056246000052, 52.528213198000060] },
      "properties": {
        "id": "11657",
        "name": "Unfall 11657 (2017) Kat:2",
        "year": 2017,
        "ulichtverh": "",
        "strasse": "",
        "ukategorie": "2",
        "utyp1": "2",
        "uart": "5",
        "umonat": "03",
        "ustunde": "15",
        "uwochentag": "5",
        "strzustand": "1",
        "istrad": "1",
        "istpkw": "1",
        "istfuss": "0",
        "istkrad": "0"
      }
    }
,
    {
      "type": "Feature",
      "geometry": { "type": "Point", "coordinates": [9.697142414000041, 52.374974899000051] },
      "properties": {
        "id": "11736",
        "name": "Unfall 11736 (2017) Kat:3",
        "year": 2017,
        "ulichtverh": "",
        "strasse": "",
        "ukategorie": "3",
        "utyp1": "3",
        "uart": "5",
        "umonat": "03",
        "ustunde": "13",
        "uwochentag": "2",
        "strzustand": "0",
        "istrad": "1",
        "istpkw": "1",
        "istfuss": "0",
        "istkrad": "0"
      }
    }
,
    {
      "type": "Feature",
      "geometry": { "type": "Point", "coordinates": [9.732923923000044, 52.423603456000080] },
      "properties": {
        "id": "11741",
        "name": "Unfall 11741 (2017) Kat:3",
        "year": 2017,
        "ulichtverh": "",
        "strasse": "",
        "ukategorie": "3",
        "utyp1": "3",
        "uart": "5",
        "umonat": "03",
        "ustunde": "13",
        "uwochentag": "2",
        "strzustand": "0",
        "istrad": "1",
        "istpkw": "1",
        "istfuss": "0",
        "istkrad": "0"
      }
    }
,
    {
      "type": "Feature",
      "geometry": { "type": "Point", "coordinates": [10.115830229000039, 52.356477385000062] },
      "properties": {
        "id": "11941",
        "name": "Unfall 11941 (2017) Kat:3",
        "year": 2017,
        "ulichtverh": "",
        "strasse": "",
        "ukategorie": "3",
        "utyp1": "3",
        "uart": "5",
        "umonat": "03",
        "ustunde": "14",
        "uwochentag": "7",
        "strzustand": "0",
        "istrad": "1",
        "istpkw": "1",
        "istfuss": "0",
        "istkrad": "0"
      }
    }
,
    {
      "type": "Feature",
      "geometry": { "type": "Point", "coordinates": [9.830588975000069, 52.417620226000054] },
      "properties": {
        "id": "11964",
        "name": "Unfall 11964 (2017) Kat:3",
        "year": 2017,
        "ulichtverh": "",
        "strasse": "",
        "ukategorie": "3",
        "utyp1": "3",
        "uart": "5",
        "umonat": "03",
        "ustunde": "16",
        "uwochentag": "7",
        "strzustand": "0",
        "istrad": "1",
        "istpkw": "1",
        "istfuss": "0",
        "istkrad": "0"
      }
    }
,
    {
      "type": "Feature",
      "geometry": { "type": "Point", "coordinates": [9.763626888000033, 52.343962694000027] },
      "properties": {
        "id": "12013",
        "name": "Unfall 12013 (2017) Kat:3",
        "year": 2017,
        "ulichtverh": "",
        "strasse": "",
        "ukategorie": "3",
        "utyp1": "3",
        "uart": "5",
        "umonat": "03",
        "ustunde": "20",
        "uwochentag": "5",
        "strzustand": "0",
        "istrad": "1",
        "istpkw": "1",
        "istfuss": "0",
        "istkrad": "0"
      }
    }
,
    {
      "type": "Feature",
      "geometry": { "type": "Point", "coordinates": [9.718990264000070, 52.393080655000063] },
      "properties": {
        "id": "12017",
        "name": "Unfall 12017 (2017) Kat:3",
        "year": 2017,
        "ulichtverh": "",
        "strasse": "",
        "ukategorie": "3",
        "utyp1": "1",
        "uart": "0",
        "umonat": "03",
        "ustunde": "13",
        "uwochentag": "5",
        "strzustand": "1",
        "istrad": "1",
        "istpkw": "0",
        "istfuss": "0",
        "istkrad": "0"
      }
    }
,
    {
      "type": "Feature",
      "geometry": { "type": "Point", "coordinates": [9.454035505000036, 52.426261068000031] },
      "properties": {
        "id": "12030",
        "name": "Unfall 12030 (2017) Kat:3",
        "year": 2017,
        "ulichtverh": "",
        "strasse": "",
        "ukategorie": "3",
        "utyp1": "2",
        "uart": "5",
        "umonat": "03",
        "ustunde": "13",
        "uwochentag": "6",
        "strzustand": "0",
        "istrad": "1",
        "istpkw": "1",
        "istfuss": "0",
        "istkrad": "0"
      }
    }
,
    {
      "type": "Feature",
      "geometry": { "type": "Point", "coordinates": [9.736304345000065, 52.306838493000043] },
      "properties": {
        "id": "12122",
        "name": "Unfall 12122 (2017) Kat:3",
        "year": 2017,
        "ulichtverh": "",
        "strasse": "",
        "ukategorie": "3",
        "utyp1": "3",
        "uart": "5",
        "umonat": "03",
        "ustunde": "11",
        "uwochentag": "5",
        "strzustand": "0",
        "istrad": "1",
        "istpkw": "1",
        "istfuss": "0",
        "istkrad": "0"
      }
    }
,
    {
      "type": "Feature",
      "geometry": { "type": "Point", "coordinates": [9.735842386000059, 52.399371977000044] },
      "properties": {
        "id": "12162",
        "name": "Unfall 12162 (2017) Kat:2",
        "year": 2017,
        "ulichtverh": "",
        "strasse": "",
        "ukategorie": "2",
        "utyp1": "2",
        "uart": "5",
        "umonat": "03",
        "ustunde": "11",
        "uwochentag": "3",
        "strzustand": "0",
        "istrad": "1",
        "istpkw": "0",
        "istfuss": "0",
        "istkrad": "0"
      }
    }
,
    {
      "type": "Feature",
      "geometry": { "type": "Point", "coordinates": [9.799412237000070, 52.409542989000045] },
      "properties": {
        "id": "12243",
        "name": "Unfall 12243 (2017) Kat:3",
        "year": 2017,
        "ulichtverh": "",
        "strasse": "",
        "ukategorie": "3",
        "utyp1": "3",
        "uart": "5",
        "umonat": "03",
        "ustunde": "11",
        "uwochentag": "2",
        "strzustand": "0",
        "istrad": "1",
        "istpkw": "1",
        "istfuss": "0",
        "istkrad": "0"
      }
    }
,
    {
      "type": "Feature",
      "geometry": { "type": "Point", "coordinates": [9.771411144000069, 52.334977861000027] },
      "properties": {
        "id": "12298",
        "name": "Unfall 12298 (2017) Kat:3",
        "year": 2017,
        "ulichtverh": "",
        "strasse": "",
        "ukategorie": "3",
        "utyp1": "2",
        "uart": "5",
        "umonat": "03",
        "ustunde": "19",
        "uwochentag": "3",
        "strzustand": "0",
        "istrad": "1",
        "istpkw": "1",
        "istfuss": "0",
        "istkrad": "0"
      }
    }
,
    {
      "type": "Feature",
      "geometry": { "type": "Point", "coordinates": [9.787011459000041, 52.372163662000048] },
      "properties": {
        "id": "12328",
        "name": "Unfall 12328 (2017) Kat:3",
        "year": 2017,
        "ulichtverh": "",
        "strasse": "",
        "ukategorie": "3",
        "utyp1": "2",
        "uart": "3",
        "umonat": "03",
        "ustunde": "16",
        "uwochentag": "3",
        "strzustand": "0",
        "istrad": "1",
        "istpkw": "1",
        "istfuss": "0",
        "istkrad": "0"
      }
    }
,
    {
      "type": "Feature",
      "geometry": { "type": "Point", "coordinates": [9.944574244000023, 52.333794475000047] },
      "properties": {
        "id": "12347",
        "name": "Unfall 12347 (2017) Kat:3",
        "year": 2017,
        "ulichtverh": "",
        "strasse": "",
        "ukategorie": "3",
        "utyp1": "3",
        "uart": "5",
        "umonat": "04",
        "ustunde": "20",
        "uwochentag": "2",
        "strzustand": "0",
        "istrad": "1",
        "istpkw": "1",
        "istfuss": "0",
        "istkrad": "0"
      }
    }
,
    {
      "type": "Feature",
      "geometry": { "type": "Point", "coordinates": [9.811866952000059, 52.409468948000040] },
      "properties": {
        "id": "12433",
        "name": "Unfall 12433 (2017) Kat:3",
        "year": 2017,
        "ulichtverh": "",
        "strasse": "",
        "ukategorie": "3",
        "utyp1": "2",
        "uart": "5",
        "umonat": "03",
        "ustunde": "17",
        "uwochentag": "2",
        "strzustand": "0",
        "istrad": "1",
        "istpkw": "1",
        "istfuss": "0",
        "istkrad": "0"
      }
    }
,
    {
      "type": "Feature",
      "geometry": { "type": "Point", "coordinates": [10.097108546000072, 52.482854322000037] },
      "properties": {
        "id": "12449",
        "name": "Unfall 12449 (2017) Kat:3",
        "year": 2017,
        "ulichtverh": "",
        "strasse": "",
        "ukategorie": "3",
        "utyp1": "2",
        "uart": "4",
        "umonat": "03",
        "ustunde": "09",
        "uwochentag": "2",
        "strzustand": "0",
        "istrad": "1",
        "istpkw": "1",
        "istfuss": "0",
        "istkrad": "0"
      }
    }
,
    {
      "type": "Feature",
      "geometry": { "type": "Point", "coordinates": [9.787879887000031, 52.454738389000056] },
      "properties": {
        "id": "12517",
        "name": "Unfall 12517 (2017) Kat:2",
        "year": 2017,
        "ulichtverh": "",
        "strasse": "",
        "ukategorie": "2",
        "utyp1": "2",
        "uart": "0",
        "umonat": "04",
        "ustunde": "13",
        "uwochentag": "7",
        "strzustand": "0",
        "istrad": "1",
        "istpkw": "0",
        "istfuss": "0",
        "istkrad": "1"
      }
    }
,
    {
      "type": "Feature",
      "geometry": { "type": "Point", "coordinates": [9.945299275000025, 52.333439639000062] },
      "properties": {
        "id": "12603",
        "name": "Unfall 12603 (2017) Kat:3",
        "year": 2017,
        "ulichtverh": "",
        "strasse": "",
        "ukategorie": "3",
        "utyp1": "4",
        "uart": "6",
        "umonat": "03",
        "ustunde": "16",
        "uwochentag": "7",
        "strzustand": "0",
        "istrad": "1",
        "istpkw": "0",
        "istfuss": "1",
        "istkrad": "0"
      }
    }
,
    {
      "type": "Feature",
      "geometry": { "type": "Point", "coordinates": [9.715835257000038, 52.458610421000060] },
      "properties": {
        "id": "12719",
        "name": "Unfall 12719 (2017) Kat:3",
        "year": 2017,
        "ulichtverh": "",
        "strasse": "",
        "ukategorie": "3",
        "utyp1": "2",
        "uart": "5",
        "umonat": "03",
        "ustunde": "19",
        "uwochentag": "6",
        "strzustand": "0",
        "istrad": "1",
        "istpkw": "1",
        "istfuss": "0",
        "istkrad": "0"
      }
    }
,
    {
      "type": "Feature",
      "geometry": { "type": "Point", "coordinates": [9.710398221000048, 52.431751432000056] },
      "properties": {
        "id": "12720",
        "name": "Unfall 12720 (2017) Kat:3",
        "year": 2017,
        "ulichtverh": "",
        "strasse": "",
        "ukategorie": "3",
        "utyp1": "2",
        "uart": "5",
        "umonat": "03",
        "ustunde": "15",
        "uwochentag": "6",
        "strzustand": "0",
        "istrad": "1",
        "istpkw": "1",
        "istfuss": "0",
        "istkrad": "0"
      }
    }
,
    {
      "type": "Feature",
      "geometry": { "type": "Point", "coordinates": [9.811976652000055, 52.305686685000069] },
      "properties": {
        "id": "12732",
        "name": "Unfall 12732 (2017) Kat:2",
        "year": 2017,
        "ulichtverh": "",
        "strasse": "",
        "ukategorie": "2",
        "utyp1": "1",
        "uart": "0",
        "umonat": "03",
        "ustunde": "09",
        "uwochentag": "5",
        "strzustand": "1",
        "istrad": "1",
        "istpkw": "0",
        "istfuss": "0",
        "istkrad": "0"
      }
    }
,
    {
      "type": "Feature",
      "geometry": { "type": "Point", "coordinates": [10.113208799000063, 52.352995051000050] },
      "properties": {
        "id": "12745",
        "name": "Unfall 12745 (2017) Kat:3",
        "year": 2017,
        "ulichtverh": "",
        "strasse": "",
        "ukategorie": "3",
        "utyp1": "2",
        "uart": "5",
        "umonat": "03",
        "ustunde": "13",
        "uwochentag": "5",
        "strzustand": "0",
        "istrad": "1",
        "istpkw": "1",
        "istfuss": "0",
        "istkrad": "0"
      }
    }
,
    {
      "type": "Feature",
      "geometry": { "type": "Point", "coordinates": [9.977123522000056, 52.372063292000064] },
      "properties": {
        "id": "12746",
        "name": "Unfall 12746 (2017) Kat:3",
        "year": 2017,
        "ulichtverh": "",
        "strasse": "",
        "ukategorie": "3",
        "utyp1": "1",
        "uart": "0",
        "umonat": "03",
        "ustunde": "15",
        "uwochentag": "5",
        "strzustand": "0",
        "istrad": "1",
        "istpkw": "0",
        "istfuss": "0",
        "istkrad": "0"
      }
    }
,
    {
      "type": "Feature",
      "geometry": { "type": "Point", "coordinates": [9.731425324000043, 52.433314743000039] },
      "properties": {
        "id": "12753",
        "name": "Unfall 12753 (2017) Kat:2",
        "year": 2017,
        "ulichtverh": "",
        "strasse": "",
        "ukategorie": "2",
        "utyp1": "4",
        "uart": "6",
        "umonat": "03",
        "ustunde": "14",
        "uwochentag": "5",
        "strzustand": "0",
        "istrad": "1",
        "istpkw": "0",
        "istfuss": "1",
        "istkrad": "0"
      }
    }
,
    {
      "type": "Feature",
      "geometry": { "type": "Point", "coordinates": [9.724018336000029, 52.377633129000060] },
      "properties": {
        "id": "12852",
        "name": "Unfall 12852 (2017) Kat:3",
        "year": 2017,
        "ulichtverh": "",
        "strasse": "",
        "ukategorie": "3",
        "utyp1": "3",
        "uart": "5",
        "umonat": "03",
        "ustunde": "18",
        "uwochentag": "4",
        "strzustand": "0",
        "istrad": "1",
        "istpkw": "1",
        "istfuss": "0",
        "istkrad": "0"
      }
    }
,
    {
      "type": "Feature",
      "geometry": { "type": "Point", "coordinates": [9.758829366000043, 52.370315785000059] },
      "properties": {
        "id": "12943",
        "name": "Unfall 12943 (2017) Kat:3",
        "year": 2017,
        "ulichtverh": "",
        "strasse": "",
        "ukategorie": "3",
        "utyp1": "3",
        "uart": "0",
        "umonat": "03",
        "ustunde": "16",
        "uwochentag": "3",
        "strzustand": "0",
        "istrad": "1",
        "istpkw": "1",
        "istfuss": "0",
        "istkrad": "0"
      }
    }
,
    {
      "type": "Feature",
      "geometry": { "type": "Point", "coordinates": [9.635566198000049, 52.396150882000029] },
      "properties": {
        "id": "12953",
        "name": "Unfall 12953 (2017) Kat:2",
        "year": 2017,
        "ulichtverh": "",
        "strasse": "",
        "ukategorie": "2",
        "utyp1": "1",
        "uart": "0",
        "umonat": "03",
        "ustunde": "17",
        "uwochentag": "3",
        "strzustand": "0",
        "istrad": "1",
        "istpkw": "0",
        "istfuss": "0",
        "istkrad": "0"
      }
    }
,
    {
      "type": "Feature",
      "geometry": { "type": "Point", "coordinates": [9.715512613000044, 52.366727224000044] },
      "properties": {
        "id": "12954",
        "name": "Unfall 12954 (2017) Kat:2",
        "year": 2017,
        "ulichtverh": "",
        "strasse": "",
        "ukategorie": "2",
        "utyp1": "4",
        "uart": "6",
        "umonat": "03",
        "ustunde": "10",
        "uwochentag": "3",
        "strzustand": "0",
        "istrad": "1",
        "istpkw": "0",
        "istfuss": "1",
        "istkrad": "0"
      }
    }
,
    {
      "type": "Feature",
      "geometry": { "type": "Point", "coordinates": [9.609152827000060, 52.439598734000072] },
      "properties": {
        "id": "13001",
        "name": "Unfall 13001 (2017) Kat:3",
        "year": 2017,
        "ulichtverh": "",
        "strasse": "",
        "ukategorie": "3",
        "utyp1": "3",
        "uart": "5",
        "umonat": "04",
        "ustunde": "06",
        "uwochentag": "5",
        "strzustand": "0",
        "istrad": "1",
        "istpkw": "1",
        "istfuss": "0",
        "istkrad": "0"
      }
    }
,
    {
      "type": "Feature",
      "geometry": { "type": "Point", "coordinates": [9.892577023000058, 52.465339495000080] },
      "properties": {
        "id": "13004",
        "name": "Unfall 13004 (2017) Kat:3",
        "year": 2017,
        "ulichtverh": "",
        "strasse": "",
        "ukategorie": "3",
        "utyp1": "3",
        "uart": "5",
        "umonat": "04",
        "ustunde": "07",
        "uwochentag": "5",
        "strzustand": "0",
        "istrad": "1",
        "istpkw": "1",
        "istfuss": "0",
        "istkrad": "0"
      }
    }
,
    {
      "type": "Feature",
      "geometry": { "type": "Point", "coordinates": [9.491635600000052, 52.337826431000053] },
      "properties": {
        "id": "13008",
        "name": "Unfall 13008 (2017) Kat:3",
        "year": 2017,
        "ulichtverh": "",
        "strasse": "",
        "ukategorie": "3",
        "utyp1": "5",
        "uart": "1",
        "umonat": "04",
        "ustunde": "12",
        "uwochentag": "7",
        "strzustand": "0",
        "istrad": "1",
        "istpkw": "1",
        "istfuss": "0",
        "istkrad": "0"
      }
    }
,
    {
      "type": "Feature",
      "geometry": { "type": "Point", "coordinates": [9.570794420000027, 52.446560677000036] },
      "properties": {
        "id": "13010",
        "name": "Unfall 13010 (2017) Kat:2",
        "year": 2017,
        "ulichtverh": "",
        "strasse": "",
        "ukategorie": "2",
        "utyp1": "3",
        "uart": "5",
        "umonat": "04",
        "ustunde": "17",
        "uwochentag": "5",
        "strzustand": "0",
        "istrad": "1",
        "istpkw": "1",
        "istfuss": "0",
        "istkrad": "0"
      }
    }
,
    {
      "type": "Feature",
      "geometry": { "type": "Point", "coordinates": [9.735320456000068, 52.394839729000068] },
      "properties": {
        "id": "13027",
        "name": "Unfall 13027 (2017) Kat:3",
        "year": 2017,
        "ulichtverh": "",
        "strasse": "",
        "ukategorie": "3",
        "utyp1": "2",
        "uart": "3",
        "umonat": "04",
        "ustunde": "17",
        "uwochentag": "2",
        "strzustand": "0",
        "istrad": "1",
        "istpkw": "1",
        "istfuss": "0",
        "istkrad": "0"
      }
    }
,
    {
      "type": "Feature",
      "geometry": { "type": "Point", "coordinates": [9.766205011000068, 52.340739899000027] },
      "properties": {
        "id": "13028",
        "name": "Unfall 13028 (2017) Kat:3",
        "year": 2017,
        "ulichtverh": "",
        "strasse": "",
        "ukategorie": "3",
        "utyp1": "3",
        "uart": "0",
        "umonat": "04",
        "ustunde": "16",
        "uwochentag": "2",
        "strzustand": "0",
        "istrad": "1",
        "istpkw": "0",
        "istfuss": "0",
        "istkrad": "0"
      }
    }
,
    {
      "type": "Feature",
      "geometry": { "type": "Point", "coordinates": [9.762726274000045, 52.344542453000031] },
      "properties": {
        "id": "13037",
        "name": "Unfall 13037 (2017) Kat:3",
        "year": 2017,
        "ulichtverh": "",
        "strasse": "",
        "ukategorie": "3",
        "utyp1": "3",
        "uart": "5",
        "umonat": "04",
        "ustunde": "11",
        "uwochentag": "1",
        "strzustand": "0",
        "istrad": "1",
        "istpkw": "1",
        "istfuss": "0",
        "istkrad": "0"
      }
    }
,
    {
      "type": "Feature",
      "geometry": { "type": "Point", "coordinates": [9.799495193000041, 52.409203764000040] },
      "properties": {
        "id": "13070",
        "name": "Unfall 13070 (2017) Kat:3",
        "year": 2017,
        "ulichtverh": "",
        "strasse": "",
        "ukategorie": "3",
        "utyp1": "2",
        "uart": "5",
        "umonat": "04",
        "ustunde": "11",
        "uwochentag": "2",
        "strzustand": "0",
        "istrad": "1",
        "istpkw": "1",
        "istfuss": "0",
        "istkrad": "0"
      }
    }
,
    {
      "type": "Feature",
      "geometry": { "type": "Point", "coordinates": [9.712785501000042, 52.298885608000035] },
      "properties": {
        "id": "13156",
        "name": "Unfall 13156 (2017) Kat:2",
        "year": 2017,
        "ulichtverh": "",
        "strasse": "",
        "ukategorie": "2",
        "utyp1": "3",
        "uart": "5",
        "umonat": "04",
        "ustunde": "14",
        "uwochentag": "1",
        "strzustand": "0",
        "istrad": "1",
        "istpkw": "0",
        "istfuss": "0",
        "istkrad": "1"
      }
    }
,
    {
      "type": "Feature",
      "geometry": { "type": "Point", "coordinates": [9.467706858000042, 52.423835353000072] },
      "properties": {
        "id": "13250",
        "name": "Unfall 13250 (2017) Kat:3",
        "year": 2017,
        "ulichtverh": "",
        "strasse": "",
        "ukategorie": "3",
        "utyp1": "2",
        "uart": "5",
        "umonat": "04",
        "ustunde": "11",
        "uwochentag": "7",
        "strzustand": "1",
        "istrad": "1",
        "istpkw": "1",
        "istfuss": "0",
        "istkrad": "0"
      }
    }
,
    {
      "type": "Feature",
      "geometry": { "type": "Point", "coordinates": [9.968249989000071, 52.315263383000058] },
      "properties": {
        "id": "13251",
        "name": "Unfall 13251 (2017) Kat:3",
        "year": 2017,
        "ulichtverh": "",
        "strasse": "",
        "ukategorie": "3",
        "utyp1": "7",
        "uart": "0",
        "umonat": "04",
        "ustunde": "16",
        "uwochentag": "7",
        "strzustand": "0",
        "istrad": "1",
        "istpkw": "1",
        "istfuss": "0",
        "istkrad": "0"
      }
    }
,
    {
      "type": "Feature",
      "geometry": { "type": "Point", "coordinates": [9.736080374000039, 52.400141751000035] },
      "properties": {
        "id": "13252",
        "name": "Unfall 13252 (2017) Kat:3",
        "year": 2017,
        "ulichtverh": "",
        "strasse": "",
        "ukategorie": "3",
        "utyp1": "6",
        "uart": "4",
        "umonat": "04",
        "ustunde": "13",
        "uwochentag": "7",
        "strzustand": "0",
        "istrad": "1",
        "istpkw": "0",
        "istfuss": "0",
        "istkrad": "0"
      }
    }
,
    {
      "type": "Feature",
      "geometry": { "type": "Point", "coordinates": [9.548367580000047, 52.398178502000064] },
      "properties": {
        "id": "13285",
        "name": "Unfall 13285 (2017) Kat:2",
        "year": 2017,
        "ulichtverh": "",
        "strasse": "",
        "ukategorie": "2",
        "utyp1": "1",
        "uart": "0",
        "umonat": "04",
        "ustunde": "01",
        "uwochentag": "1",
        "strzustand": "0",
        "istrad": "1",
        "istpkw": "0",
        "istfuss": "0",
        "istkrad": "0"
      }
    }
,
    {
      "type": "Feature",
      "geometry": { "type": "Point", "coordinates": [9.731121533000021, 52.383601568000074] },
      "properties": {
        "id": "13450",
        "name": "Unfall 13450 (2017) Kat:2",
        "year": 2017,
        "ulichtverh": "",
        "strasse": "",
        "ukategorie": "2",
        "utyp1": "3",
        "uart": "5",
        "umonat": "04",
        "ustunde": "04",
        "uwochentag": "7",
        "strzustand": "1",
        "istrad": "1",
        "istpkw": "1",
        "istfuss": "0",
        "istkrad": "0"
      }
    }
,
    {
      "type": "Feature",
      "geometry": { "type": "Point", "coordinates": [9.755442447000064, 52.370113842000080] },
      "properties": {
        "id": "13618",
        "name": "Unfall 13618 (2017) Kat:3",
        "year": 2017,
        "ulichtverh": "",
        "strasse": "",
        "ukategorie": "3",
        "utyp1": "1",
        "uart": "0",
        "umonat": "04",
        "ustunde": "16",
        "uwochentag": "5",
        "strzustand": "0",
        "istrad": "1",
        "istpkw": "0",
        "istfuss": "0",
        "istkrad": "0"
      }
    }
,
    {
      "type": "Feature",
      "geometry": { "type": "Point", "coordinates": [9.732241725000051, 52.369108410000081] },
      "properties": {
        "id": "13624",
        "name": "Unfall 13624 (2017) Kat:3",
        "year": 2017,
        "ulichtverh": "",
        "strasse": "",
        "ukategorie": "3",
        "utyp1": "6",
        "uart": "2",
        "umonat": "04",
        "ustunde": "13",
        "uwochentag": "5",
        "strzustand": "0",
        "istrad": "1",
        "istpkw": "0",
        "istfuss": "0",
        "istkrad": "0"
      }
    }
,
    {
      "type": "Feature",
      "geometry": { "type": "Point", "coordinates": [9.731563259000041, 52.369401744000072] },
      "properties": {
        "id": "13627",
        "name": "Unfall 13627 (2017) Kat:3",
        "year": 2017,
        "ulichtverh": "",
        "strasse": "",
        "ukategorie": "3",
        "utyp1": "2",
        "uart": "5",
        "umonat": "04",
        "ustunde": "11",
        "uwochentag": "5",
        "strzustand": "0",
        "istrad": "1",
        "istpkw": "1",
        "istfuss": "0",
        "istkrad": "0"
      }
    }
,
    {
      "type": "Feature",
      "geometry": { "type": "Point", "coordinates": [9.751679013000057, 52.358605123000075] },
      "properties": {
        "id": "13673",
        "name": "Unfall 13673 (2017) Kat:3",
        "year": 2017,
        "ulichtverh": "",
        "strasse": "",
        "ukategorie": "3",
        "utyp1": "6",
        "uart": "3",
        "umonat": "04",
        "ustunde": "16",
        "uwochentag": "3",
        "strzustand": "0",
        "istrad": "1",
        "istpkw": "0",
        "istfuss": "0",
        "istkrad": "0"
      }
    }
,
    {
      "type": "Feature",
      "geometry": { "type": "Point", "coordinates": [9.862030333000064, 52.381067388000076] },
      "properties": {
        "id": "13674",
        "name": "Unfall 13674 (2017) Kat:3",
        "year": 2017,
        "ulichtverh": "",
        "strasse": "",
        "ukategorie": "3",
        "utyp1": "2",
        "uart": "4",
        "umonat": "04",
        "ustunde": "06",
        "uwochentag": "3",
        "strzustand": "0",
        "istrad": "1",
        "istpkw": "1",
        "istfuss": "0",
        "istkrad": "0"
      }
    }
,
    {
      "type": "Feature",
      "geometry": { "type": "Point", "coordinates": [9.717768807000027, 52.395616944000039] },
      "properties": {
        "id": "13675",
        "name": "Unfall 13675 (2017) Kat:3",
        "year": 2017,
        "ulichtverh": "",
        "strasse": "",
        "ukategorie": "3",
        "utyp1": "3",
        "uart": "5",
        "umonat": "04",
        "ustunde": "16",
        "uwochentag": "3",
        "strzustand": "0",
        "istrad": "1",
        "istpkw": "1",
        "istfuss": "0",
        "istkrad": "0"
      }
    }
,
    {
      "type": "Feature",
      "geometry": { "type": "Point", "coordinates": [9.719749962000037, 52.367642847000070] },
      "properties": {
        "id": "13689",
        "name": "Unfall 13689 (2017) Kat:2",
        "year": 2017,
        "ulichtverh": "",
        "strasse": "",
        "ukategorie": "2",
        "utyp1": "1",
        "uart": "8",
        "umonat": "04",
        "ustunde": "10",
        "uwochentag": "3",
        "strzustand": "0",
        "istrad": "1",
        "istpkw": "0",
        "istfuss": "0",
        "istkrad": "0"
      }
    }
,
    {
      "type": "Feature",
      "geometry": { "type": "Point", "coordinates": [9.761931928000024, 52.370515217000047] },
      "properties": {
        "id": "13691",
        "name": "Unfall 13691 (2017) Kat:3",
        "year": 2017,
        "ulichtverh": "",
        "strasse": "",
        "ukategorie": "3",
        "utyp1": "2",
        "uart": "5",
        "umonat": "04",
        "ustunde": "10",
        "uwochentag": "3",
        "strzustand": "0",
        "istrad": "1",
        "istpkw": "1",
        "istfuss": "0",
        "istkrad": "0"
      }
    }
,
    {
      "type": "Feature",
      "geometry": { "type": "Point", "coordinates": [9.574043089000043, 52.421720447000041] },
      "properties": {
        "id": "13721",
        "name": "Unfall 13721 (2017) Kat:3",
        "year": 2017,
        "ulichtverh": "",
        "strasse": "",
        "ukategorie": "3",
        "utyp1": "3",
        "uart": "5",
        "umonat": "04",
        "ustunde": "12",
        "uwochentag": "4",
        "strzustand": "0",
        "istrad": "1",
        "istpkw": "1",
        "istfuss": "0",
        "istkrad": "0"
      }
    }
,
    {
      "type": "Feature",
      "geometry": { "type": "Point", "coordinates": [9.801390647000062, 52.480415655000058] },
      "properties": {
        "id": "13723",
        "name": "Unfall 13723 (2017) Kat:3",
        "year": 2017,
        "ulichtverh": "",
        "strasse": "",
        "ukategorie": "3",
        "utyp1": "3",
        "uart": "5",
        "umonat": "04",
        "ustunde": "11",
        "uwochentag": "4",
        "strzustand": "0",
        "istrad": "1",
        "istpkw": "1",
        "istfuss": "0",
        "istkrad": "0"
      }
    }
,
    {
      "type": "Feature",
      "geometry": { "type": "Point", "coordinates": [9.629043018000061, 52.264627980000057] },
      "properties": {
        "id": "13802",
        "name": "Unfall 13802 (2017) Kat:3",
        "year": 2017,
        "ulichtverh": "",
        "strasse": "",
        "ukategorie": "3",
        "utyp1": "3",
        "uart": "5",
        "umonat": "04",
        "ustunde": "12",
        "uwochentag": "3",
        "strzustand": "0",
        "istrad": "1",
        "istpkw": "1",
        "istfuss": "0",
        "istkrad": "0"
      }
    }
,
    {
      "type": "Feature",
      "geometry": { "type": "Point", "coordinates": [9.722959423000077, 52.378929318000075] },
      "properties": {
        "id": "13806",
        "name": "Unfall 13806 (2017) Kat:3",
        "year": 2017,
        "ulichtverh": "",
        "strasse": "",
        "ukategorie": "3",
        "utyp1": "3",
        "uart": "5",
        "umonat": "04",
        "ustunde": "19",
        "uwochentag": "3",
        "strzustand": "0",
        "istrad": "1",
        "istpkw": "1",
        "istfuss": "0",
        "istkrad": "0"
      }
    }
,
    {
      "type": "Feature",
      "geometry": { "type": "Point", "coordinates": [9.827115985000035, 52.344092846000080] },
      "properties": {
        "id": "13830",
        "name": "Unfall 13830 (2017) Kat:3",
        "year": 2017,
        "ulichtverh": "",
        "strasse": "",
        "ukategorie": "3",
        "utyp1": "3",
        "uart": "5",
        "umonat": "05",
        "ustunde": "17",
        "uwochentag": "5",
        "strzustand": "1",
        "istrad": "1",
        "istpkw": "1",
        "istfuss": "0",
        "istkrad": "0"
      }
    }
,
    {
      "type": "Feature",
      "geometry": { "type": "Point", "coordinates": [9.718072627000026, 52.367189155000062] },
      "properties": {
        "id": "13900",
        "name": "Unfall 13900 (2017) Kat:3",
        "year": 2017,
        "ulichtverh": "",
        "strasse": "",
        "ukategorie": "3",
        "utyp1": "1",
        "uart": "0",
        "umonat": "05",
        "ustunde": "05",
        "uwochentag": "2",
        "strzustand": "0",
        "istrad": "1",
        "istpkw": "0",
        "istfuss": "0",
        "istkrad": "0"
      }
    }
,
    {
      "type": "Feature",
      "geometry": { "type": "Point", "coordinates": [9.663417014000061, 52.315877655000065] },
      "properties": {
        "id": "13902",
        "name": "Unfall 13902 (2017) Kat:3",
        "year": 2017,
        "ulichtverh": "",
        "strasse": "",
        "ukategorie": "3",
        "utyp1": "2",
        "uart": "5",
        "umonat": "05",
        "ustunde": "12",
        "uwochentag": "2",
        "strzustand": "0",
        "istrad": "1",
        "istpkw": "1",
        "istfuss": "0",
        "istkrad": "0"
      }
    }
,
    {
      "type": "Feature",
      "geometry": { "type": "Point", "coordinates": [9.804416532000062, 52.408039567000060] },
      "properties": {
        "id": "13935",
        "name": "Unfall 13935 (2017) Kat:2",
        "year": 2017,
        "ulichtverh": "",
        "strasse": "",
        "ukategorie": "2",
        "utyp1": "3",
        "uart": "5",
        "umonat": "05",
        "ustunde": "12",
        "uwochentag": "1",
        "strzustand": "0",
        "istrad": "1",
        "istpkw": "1",
        "istfuss": "0",
        "istkrad": "0"
      }
    }
,
    {
      "type": "Feature",
      "geometry": { "type": "Point", "coordinates": [9.781088390000036, 52.281120284000053] },
      "properties": {
        "id": "14035",
        "name": "Unfall 14035 (2017) Kat:2",
        "year": 2017,
        "ulichtverh": "",
        "strasse": "",
        "ukategorie": "2",
        "utyp1": "6",
        "uart": "4",
        "umonat": "05",
        "ustunde": "12",
        "uwochentag": "1",
        "strzustand": "0",
        "istrad": "1",
        "istpkw": "1",
        "istfuss": "0",
        "istkrad": "0"
      }
    }
,
    {
      "type": "Feature",
      "geometry": { "type": "Point", "coordinates": [9.551394613000070, 52.322740216000057] },
      "properties": {
        "id": "14098",
        "name": "Unfall 14098 (2017) Kat:3",
        "year": 2017,
        "ulichtverh": "",
        "strasse": "",
        "ukategorie": "3",
        "utyp1": "2",
        "uart": "5",
        "umonat": "05",
        "ustunde": "16",
        "uwochentag": "7",
        "strzustand": "0",
        "istrad": "1",
        "istpkw": "1",
        "istfuss": "0",
        "istkrad": "0"
      }
    }
,
    {
      "type": "Feature",
      "geometry": { "type": "Point", "coordinates": [9.868827390000035, 52.434806132000062] },
      "properties": {
        "id": "14108",
        "name": "Unfall 14108 (2017) Kat:3",
        "year": 2017,
        "ulichtverh": "",
        "strasse": "",
        "ukategorie": "3",
        "utyp1": "2",
        "uart": "5",
        "umonat": "05",
        "ustunde": "10",
        "uwochentag": "7",
        "strzustand": "0",
        "istrad": "1",
        "istpkw": "1",
        "istfuss": "0",
        "istkrad": "0"
      }
    }
,
    {
      "type": "Feature",
      "geometry": { "type": "Point", "coordinates": [10.169289347000074, 52.465398086000050] },
      "properties": {
        "id": "14233",
        "name": "Unfall 14233 (2017) Kat:3",
        "year": 2017,
        "ulichtverh": "",
        "strasse": "",
        "ukategorie": "3",
        "utyp1": "1",
        "uart": "9",
        "umonat": "05",
        "ustunde": "13",
        "uwochentag": "1",
        "strzustand": "0",
        "istrad": "1",
        "istpkw": "0",
        "istfuss": "0",
        "istkrad": "0"
      }
    }
,
    {
      "type": "Feature",
      "geometry": { "type": "Point", "coordinates": [9.574785136000060, 52.282895562000078] },
      "properties": {
        "id": "14264",
        "name": "Unfall 14264 (2017) Kat:3",
        "year": 2017,
        "ulichtverh": "",
        "strasse": "",
        "ukategorie": "3",
        "utyp1": "3",
        "uart": "5",
        "umonat": "04",
        "ustunde": "22",
        "uwochentag": "6",
        "strzustand": "0",
        "istrad": "1",
        "istpkw": "1",
        "istfuss": "0",
        "istkrad": "0"
      }
    }
,
    {
      "type": "Feature",
      "geometry": { "type": "Point", "coordinates": [9.930742537000072, 52.345962727000028] },
      "properties": {
        "id": "14267",
        "name": "Unfall 14267 (2017) Kat:3",
        "year": 2017,
        "ulichtverh": "",
        "strasse": "",
        "ukategorie": "3",
        "utyp1": "2",
        "uart": "4",
        "umonat": "04",
        "ustunde": "07",
        "uwochentag": "6",
        "strzustand": "0",
        "istrad": "1",
        "istpkw": "1",
        "istfuss": "0",
        "istkrad": "0"
      }
    }
,
    {
      "type": "Feature",
      "geometry": { "type": "Point", "coordinates": [9.669549548000020, 52.346455982000066] },
      "properties": {
        "id": "14281",
        "name": "Unfall 14281 (2017) Kat:3",
        "year": 2017,
        "ulichtverh": "",
        "strasse": "",
        "ukategorie": "3",
        "utyp1": "3",
        "uart": "5",
        "umonat": "05",
        "ustunde": "15",
        "uwochentag": "6",
        "strzustand": "0",
        "istrad": "1",
        "istpkw": "1",
        "istfuss": "0",
        "istkrad": "0"
      }
    }
,
    {
      "type": "Feature",
      "geometry": { "type": "Point", "coordinates": [9.728363342000023, 52.374108655000043] },
      "properties": {
        "id": "14282",
        "name": "Unfall 14282 (2017) Kat:3",
        "year": 2017,
        "ulichtverh": "",
        "strasse": "",
        "ukategorie": "3",
        "utyp1": "2",
        "uart": "5",
        "umonat": "05",
        "ustunde": "09",
        "uwochentag": "5",
        "strzustand": "0",
        "istrad": "1",
        "istpkw": "1",
        "istfuss": "0",
        "istkrad": "0"
      }
    }
,
    {
      "type": "Feature",
      "geometry": { "type": "Point", "coordinates": [9.673272966000070, 52.358676473000060] },
      "properties": {
        "id": "14294",
        "name": "Unfall 14294 (2017) Kat:2",
        "year": 2017,
        "ulichtverh": "",
        "strasse": "",
        "ukategorie": "2",
        "utyp1": "3",
        "uart": "5",
        "umonat": "05",
        "ustunde": "10",
        "uwochentag": "3",
        "strzustand": "0",
        "istrad": "1",
        "istpkw": "1",
        "istfuss": "0",
        "istkrad": "0"
      }
    }
,
    {
      "type": "Feature",
      "geometry": { "type": "Point", "coordinates": [9.859213412000031, 52.487226175000046] },
      "properties": {
        "id": "14296",
        "name": "Unfall 14296 (2017) Kat:3",
        "year": 2017,
        "ulichtverh": "",
        "strasse": "",
        "ukategorie": "3",
        "utyp1": "3",
        "uart": "5",
        "umonat": "05",
        "ustunde": "10",
        "uwochentag": "6",
        "strzustand": "0",
        "istrad": "1",
        "istpkw": "1",
        "istfuss": "0",
        "istkrad": "0"
      }
    }
,
    {
      "type": "Feature",
      "geometry": { "type": "Point", "coordinates": [9.996710654000026, 52.377263263000032] },
      "properties": {
        "id": "14357",
        "name": "Unfall 14357 (2017) Kat:3",
        "year": 2017,
        "ulichtverh": "",
        "strasse": "",
        "ukategorie": "3",
        "utyp1": "3",
        "uart": "5",
        "umonat": "05",
        "ustunde": "18",
        "uwochentag": "2",
        "strzustand": "0",
        "istrad": "1",
        "istpkw": "1",
        "istfuss": "0",
        "istkrad": "0"
      }
    }
,
    {
      "type": "Feature",
      "geometry": { "type": "Point", "coordinates": [9.640770650000036, 52.414026711000076] },
      "properties": {
        "id": "14395",
        "name": "Unfall 14395 (2017) Kat:3",
        "year": 2017,
        "ulichtverh": "",
        "strasse": "",
        "ukategorie": "3",
        "utyp1": "3",
        "uart": "5",
        "umonat": "04",
        "ustunde": "20",
        "uwochentag": "5",
        "strzustand": "0",
        "istrad": "1",
        "istpkw": "1",
        "istfuss": "0",
        "istkrad": "0"
      }
    }
,
    {
      "type": "Feature",
      "geometry": { "type": "Point", "coordinates": [9.610964763000027, 52.431552185000044] },
      "properties": {
        "id": "14398",
        "name": "Unfall 14398 (2017) Kat:3",
        "year": 2017,
        "ulichtverh": "",
        "strasse": "",
        "ukategorie": "3",
        "utyp1": "2",
        "uart": "5",
        "umonat": "04",
        "ustunde": "12",
        "uwochentag": "5",
        "strzustand": "0",
        "istrad": "1",
        "istpkw": "1",
        "istfuss": "0",
        "istkrad": "0"
      }
    }
,
    {
      "type": "Feature",
      "geometry": { "type": "Point", "coordinates": [9.736481556000058, 52.557371577000026] },
      "properties": {
        "id": "14400",
        "name": "Unfall 14400 (2017) Kat:3",
        "year": 2017,
        "ulichtverh": "",
        "strasse": "",
        "ukategorie": "3",
        "utyp1": "3",
        "uart": "5",
        "umonat": "04",
        "ustunde": "08",
        "uwochentag": "5",
        "strzustand": "0",
        "istrad": "1",
        "istpkw": "0",
        "istfuss": "0",
        "istkrad": "0"
      }
    }
,
    {
      "type": "Feature",
      "geometry": { "type": "Point", "coordinates": [9.610581814000057, 52.392097978000038] },
      "properties": {
        "id": "14441",
        "name": "Unfall 14441 (2017) Kat:3",
        "year": 2017,
        "ulichtverh": "",
        "strasse": "",
        "ukategorie": "3",
        "utyp1": "6",
        "uart": "6",
        "umonat": "05",
        "ustunde": "17",
        "uwochentag": "6",
        "strzustand": "0",
        "istrad": "1",
        "istpkw": "0",
        "istfuss": "1",
        "istkrad": "0"
      }
    }
,
    {
      "type": "Feature",
      "geometry": { "type": "Point", "coordinates": [9.586899650000021, 52.440150816000028] },
      "properties": {
        "id": "14506",
        "name": "Unfall 14506 (2017) Kat:3",
        "year": 2017,
        "ulichtverh": "",
        "strasse": "",
        "ukategorie": "3",
        "utyp1": "2",
        "uart": "5",
        "umonat": "05",
        "ustunde": "07",
        "uwochentag": "5",
        "strzustand": "0",
        "istrad": "1",
        "istpkw": "0",
        "istfuss": "0",
        "istkrad": "0"
      }
    }
,
    {
      "type": "Feature",
      "geometry": { "type": "Point", "coordinates": [9.806972142000063, 52.277768927000068] },
      "properties": {
        "id": "14511",
        "name": "Unfall 14511 (2017) Kat:2",
        "year": 2017,
        "ulichtverh": "",
        "strasse": "",
        "ukategorie": "2",
        "utyp1": "3",
        "uart": "5",
        "umonat": "05",
        "ustunde": "16",
        "uwochentag": "5",
        "strzustand": "0",
        "istrad": "1",
        "istpkw": "1",
        "istfuss": "0",
        "istkrad": "0"
      }
    }
,
    {
      "type": "Feature",
      "geometry": { "type": "Point", "coordinates": [9.734917061000033, 52.392928901000062] },
      "properties": {
        "id": "14522",
        "name": "Unfall 14522 (2017) Kat:3",
        "year": 2017,
        "ulichtverh": "",
        "strasse": "",
        "ukategorie": "3",
        "utyp1": "4",
        "uart": "6",
        "umonat": "05",
        "ustunde": "15",
        "uwochentag": "6",
        "strzustand": "0",
        "istrad": "1",
        "istpkw": "0",
        "istfuss": "1",
        "istkrad": "0"
      }
    }
,
    {
      "type": "Feature",
      "geometry": { "type": "Point", "coordinates": [9.730324834000044, 52.382279025000059] },
      "properties": {
        "id": "14671",
        "name": "Unfall 14671 (2017) Kat:3",
        "year": 2017,
        "ulichtverh": "",
        "strasse": "",
        "ukategorie": "3",
        "utyp1": "3",
        "uart": "5",
        "umonat": "05",
        "ustunde": "15",
        "uwochentag": "6",
        "strzustand": "0",
        "istrad": "1",
        "istpkw": "1",
        "istfuss": "0",
        "istkrad": "0"
      }
    }
,
    {
      "type": "Feature",
      "geometry": { "type": "Point", "coordinates": [9.587582786000041, 52.415074343000072] },
      "properties": {
        "id": "14681",
        "name": "Unfall 14681 (2017) Kat:3",
        "year": 2017,
        "ulichtverh": "",
        "strasse": "",
        "ukategorie": "3",
        "utyp1": "3",
        "uart": "5",
        "umonat": "05",
        "ustunde": "16",
        "uwochentag": "4",
        "strzustand": "0",
        "istrad": "1",
        "istpkw": "1",
        "istfuss": "0",
        "istkrad": "0"
      }
    }
,
    {
      "type": "Feature",
      "geometry": { "type": "Point", "coordinates": [9.807117777000030, 52.372578616000055] },
      "properties": {
        "id": "14684",
        "name": "Unfall 14684 (2017) Kat:3",
        "year": 2017,
        "ulichtverh": "",
        "strasse": "",
        "ukategorie": "3",
        "utyp1": "6",
        "uart": "2",
        "umonat": "05",
        "ustunde": "22",
        "uwochentag": "4",
        "strzustand": "0",
        "istrad": "1",
        "istpkw": "0",
        "istfuss": "0",
        "istkrad": "0"
      }
    }
,
    {
      "type": "Feature",
      "geometry": { "type": "Point", "coordinates": [9.733670549000067, 52.384613884000032] },
      "properties": {
        "id": "14686",
        "name": "Unfall 14686 (2017) Kat:3",
        "year": 2017,
        "ulichtverh": "",
        "strasse": "",
        "ukategorie": "3",
        "utyp1": "2",
        "uart": "5",
        "umonat": "05",
        "ustunde": "16",
        "uwochentag": "4",
        "strzustand": "0",
        "istrad": "1",
        "istpkw": "1",
        "istfuss": "0",
        "istkrad": "0"
      }
    }
,
    {
      "type": "Feature",
      "geometry": { "type": "Point", "coordinates": [9.742806834000021, 52.368384456000058] },
      "properties": {
        "id": "14692",
        "name": "Unfall 14692 (2017) Kat:2",
        "year": 2017,
        "ulichtverh": "",
        "strasse": "",
        "ukategorie": "2",
        "utyp1": "3",
        "uart": "5",
        "umonat": "05",
        "ustunde": "10",
        "uwochentag": "4",
        "strzustand": "0",
        "istrad": "1",
        "istpkw": "1",
        "istfuss": "0",
        "istkrad": "0"
      }
    }
,
    {
      "type": "Feature",
      "geometry": { "type": "Point", "coordinates": [9.763985477000063, 52.343650997000054] },
      "properties": {
        "id": "14777",
        "name": "Unfall 14777 (2017) Kat:3",
        "year": 2017,
        "ulichtverh": "",
        "strasse": "",
        "ukategorie": "3",
        "utyp1": "2",
        "uart": "3",
        "umonat": "05",
        "ustunde": "14",
        "uwochentag": "4",
        "strzustand": "0",
        "istrad": "1",
        "istpkw": "0",
        "istfuss": "0",
        "istkrad": "0"
      }
    }
,
    {
      "type": "Feature",
      "geometry": { "type": "Point", "coordinates": [9.733342253000046, 52.420787392000079] },
      "properties": {
        "id": "14778",
        "name": "Unfall 14778 (2017) Kat:3",
        "year": 2017,
        "ulichtverh": "",
        "strasse": "",
        "ukategorie": "3",
        "utyp1": "2",
        "uart": "5",
        "umonat": "05",
        "ustunde": "17",
        "uwochentag": "4",
        "strzustand": "0",
        "istrad": "1",
        "istpkw": "0",
        "istfuss": "0",
        "istkrad": "0"
      }
    }
,
    {
      "type": "Feature",
      "geometry": { "type": "Point", "coordinates": [9.380972139000050, 52.432994022000059] },
      "properties": {
        "id": "14780",
        "name": "Unfall 14780 (2017) Kat:2",
        "year": 2017,
        "ulichtverh": "",
        "strasse": "",
        "ukategorie": "2",
        "utyp1": "6",
        "uart": "6",
        "umonat": "05",
        "ustunde": "01",
        "uwochentag": "4",
        "strzustand": "0",
        "istrad": "1",
        "istpkw": "0",
        "istfuss": "1",
        "istkrad": "0"
      }
    }
,
    {
      "type": "Feature",
      "geometry": { "type": "Point", "coordinates": [9.551544090000050, 52.322753851000073] },
      "properties": {
        "id": "14781",
        "name": "Unfall 14781 (2017) Kat:3",
        "year": 2017,
        "ulichtverh": "",
        "strasse": "",
        "ukategorie": "3",
        "utyp1": "3",
        "uart": "5",
        "umonat": "05",
        "ustunde": "18",
        "uwochentag": "4",
        "strzustand": "0",
        "istrad": "1",
        "istpkw": "1",
        "istfuss": "0",
        "istkrad": "0"
      }
    }
,
    {
      "type": "Feature",
      "geometry": { "type": "Point", "coordinates": [9.471037183000021, 52.504206206000049] },
      "properties": {
        "id": "14782",
        "name": "Unfall 14782 (2017) Kat:3",
        "year": 2017,
        "ulichtverh": "",
        "strasse": "",
        "ukategorie": "3",
        "utyp1": "3",
        "uart": "5",
        "umonat": "05",
        "ustunde": "11",
        "uwochentag": "4",
        "strzustand": "0",
        "istrad": "1",
        "istpkw": "1",
        "istfuss": "0",
        "istkrad": "0"
      }
    }
,
    {
      "type": "Feature",
      "geometry": { "type": "Point", "coordinates": [9.829619555000022, 52.399805347000040] },
      "properties": {
        "id": "14790",
        "name": "Unfall 14790 (2017) Kat:3",
        "year": 2017,
        "ulichtverh": "",
        "strasse": "",
        "ukategorie": "3",
        "utyp1": "2",
        "uart": "5",
        "umonat": "05",
        "ustunde": "09",
        "uwochentag": "4",
        "strzustand": "0",
        "istrad": "1",
        "istpkw": "1",
        "istfuss": "0",
        "istkrad": "0"
      }
    }
,
    {
      "type": "Feature",
      "geometry": { "type": "Point", "coordinates": [9.715151223000021, 52.321388225000078] },
      "properties": {
        "id": "14791",
        "name": "Unfall 14791 (2017) Kat:2",
        "year": 2017,
        "ulichtverh": "",
        "strasse": "",
        "ukategorie": "2",
        "utyp1": "2",
        "uart": "5",
        "umonat": "05",
        "ustunde": "07",
        "uwochentag": "4",
        "strzustand": "0",
        "istrad": "1",
        "istpkw": "1",
        "istfuss": "0",
        "istkrad": "0"
      }
    }
,
    {
      "type": "Feature",
      "geometry": { "type": "Point", "coordinates": [9.723466451000036, 52.377701929000068] },
      "properties": {
        "id": "14844",
        "name": "Unfall 14844 (2017) Kat:3",
        "year": 2017,
        "ulichtverh": "",
        "strasse": "",
        "ukategorie": "3",
        "utyp1": "2",
        "uart": "5",
        "umonat": "05",
        "ustunde": "16",
        "uwochentag": "3",
        "strzustand": "0",
        "istrad": "1",
        "istpkw": "1",
        "istfuss": "0",
        "istkrad": "0"
      }
    }
,
    {
      "type": "Feature",
      "geometry": { "type": "Point", "coordinates": [9.786335992000034, 52.372227742000064] },
      "properties": {
        "id": "14845",
        "name": "Unfall 14845 (2017) Kat:3",
        "year": 2017,
        "ulichtverh": "",
        "strasse": "",
        "ukategorie": "3",
        "utyp1": "2",
        "uart": "3",
        "umonat": "05",
        "ustunde": "16",
        "uwochentag": "3",
        "strzustand": "0",
        "istrad": "1",
        "istpkw": "1",
        "istfuss": "0",
        "istkrad": "0"
      }
    }
,
    {
      "type": "Feature",
      "geometry": { "type": "Point", "coordinates": [9.858793808000030, 52.433476333000044] },
      "properties": {
        "id": "14907",
        "name": "Unfall 14907 (2017) Kat:2",
        "year": 2017,
        "ulichtverh": "",
        "strasse": "",
        "ukategorie": "2",
        "utyp1": "4",
        "uart": "6",
        "umonat": "05",
        "ustunde": "13",
        "uwochentag": "2",
        "strzustand": "0",
        "istrad": "1",
        "istpkw": "0",
        "istfuss": "1",
        "istkrad": "0"
      }
    }
,
    {
      "type": "Feature",
      "geometry": { "type": "Point", "coordinates": [9.823630585000046, 52.463325502000032] },
      "properties": {
        "id": "14908",
        "name": "Unfall 14908 (2017) Kat:3",
        "year": 2017,
        "ulichtverh": "",
        "strasse": "",
        "ukategorie": "3",
        "utyp1": "2",
        "uart": "3",
        "umonat": "05",
        "ustunde": "06",
        "uwochentag": "2",
        "strzustand": "0",
        "istrad": "1",
        "istpkw": "1",
        "istfuss": "0",
        "istkrad": "0"
      }
    }
,
    {
      "type": "Feature",
      "geometry": { "type": "Point", "coordinates": [10.077638157000024, 52.518221465000067] },
      "properties": {
        "id": "14909",
        "name": "Unfall 14909 (2017) Kat:3",
        "year": 2017,
        "ulichtverh": "",
        "strasse": "",
        "ukategorie": "3",
        "utyp1": "6",
        "uart": "0",
        "umonat": "05",
        "ustunde": "18",
        "uwochentag": "2",
        "strzustand": "0",
        "istrad": "1",
        "istpkw": "1",
        "istfuss": "0",
        "istkrad": "0"
      }
    }
,
    {
      "type": "Feature",
      "geometry": { "type": "Point", "coordinates": [9.756404660000044, 52.370166162000032] },
      "properties": {
        "id": "14911",
        "name": "Unfall 14911 (2017) Kat:3",
        "year": 2017,
        "ulichtverh": "",
        "strasse": "",
        "ukategorie": "3",
        "utyp1": "2",
        "uart": "5",
        "umonat": "05",
        "ustunde": "10",
        "uwochentag": "2",
        "strzustand": "0",
        "istrad": "1",
        "istpkw": "1",
        "istfuss": "0",
        "istkrad": "0"
      }
    }
,
    {
      "type": "Feature",
      "geometry": { "type": "Point", "coordinates": [9.470698033000076, 52.301696024000080] },
      "properties": {
        "id": "14967",
        "name": "Unfall 14967 (2017) Kat:3",
        "year": 2017,
        "ulichtverh": "",
        "strasse": "",
        "ukategorie": "3",
        "utyp1": "1",
        "uart": "0",
        "umonat": "05",
        "ustunde": "21",
        "uwochentag": "1",
        "strzustand": "1",
        "istrad": "1",
        "istpkw": "0",
        "istfuss": "0",
        "istkrad": "0"
      }
    }
,
    {
      "type": "Feature",
      "geometry": { "type": "Point", "coordinates": [9.651366138000071, 52.419518777000064] },
      "properties": {
        "id": "15033",
        "name": "Unfall 15033 (2017) Kat:3",
        "year": 2017,
        "ulichtverh": "",
        "strasse": "",
        "ukategorie": "3",
        "utyp1": "2",
        "uart": "5",
        "umonat": "05",
        "ustunde": "13",
        "uwochentag": "4",
        "strzustand": "0",
        "istrad": "1",
        "istpkw": "1",
        "istfuss": "0",
        "istkrad": "0"
      }
    }
,
    {
      "type": "Feature",
      "geometry": { "type": "Point", "coordinates": [9.831725633000076, 52.385915676000081] },
      "properties": {
        "id": "15073",
        "name": "Unfall 15073 (2017) Kat:2",
        "year": 2017,
        "ulichtverh": "",
        "strasse": "",
        "ukategorie": "2",
        "utyp1": "7",
        "uart": "0",
        "umonat": "05",
        "ustunde": "12",
        "uwochentag": "3",
        "strzustand": "0",
        "istrad": "1",
        "istpkw": "0",
        "istfuss": "0",
        "istkrad": "0"
      }
    }
,
    {
      "type": "Feature",
      "geometry": { "type": "Point", "coordinates": [9.733052795000049, 52.422590762000027] },
      "properties": {
        "id": "15074",
        "name": "Unfall 15074 (2017) Kat:3",
        "year": 2017,
        "ulichtverh": "",
        "strasse": "",
        "ukategorie": "3",
        "utyp1": "4",
        "uart": "6",
        "umonat": "05",
        "ustunde": "07",
        "uwochentag": "3",
        "strzustand": "0",
        "istrad": "1",
        "istpkw": "0",
        "istfuss": "1",
        "istkrad": "0"
      }
    }
,
    {
      "type": "Feature",
      "geometry": { "type": "Point", "coordinates": [9.759517069000026, 52.452932732000079] },
      "properties": {
        "id": "15076",
        "name": "Unfall 15076 (2017) Kat:3",
        "year": 2017,
        "ulichtverh": "",
        "strasse": "",
        "ukategorie": "3",
        "utyp1": "2",
        "uart": "5",
        "umonat": "05",
        "ustunde": "16",
        "uwochentag": "3",
        "strzustand": "0",
        "istrad": "1",
        "istpkw": "1",
        "istfuss": "0",
        "istkrad": "0"
      }
    }
,
    {
      "type": "Feature",
      "geometry": { "type": "Point", "coordinates": [9.855154780000021, 52.491942963000042] },
      "properties": {
        "id": "15077",
        "name": "Unfall 15077 (2017) Kat:3",
        "year": 2017,
        "ulichtverh": "",
        "strasse": "",
        "ukategorie": "3",
        "utyp1": "7",
        "uart": "0",
        "umonat": "05",
        "ustunde": "18",
        "uwochentag": "3",
        "strzustand": "0",
        "istrad": "1",
        "istpkw": "1",
        "istfuss": "0",
        "istkrad": "0"
      }
    }
,
    {
      "type": "Feature",
      "geometry": { "type": "Point", "coordinates": [9.783321819000037, 52.323444389000031] },
      "properties": {
        "id": "15129",
        "name": "Unfall 15129 (2017) Kat:3",
        "year": 2017,
        "ulichtverh": "",
        "strasse": "",
        "ukategorie": "3",
        "utyp1": "1",
        "uart": "8",
        "umonat": "05",
        "ustunde": "16",
        "uwochentag": "2",
        "strzustand": "0",
        "istrad": "1",
        "istpkw": "0",
        "istfuss": "0",
        "istkrad": "0"
      }
    }
,
    {
      "type": "Feature",
      "geometry": { "type": "Point", "coordinates": [9.467704230000038, 52.423828635000064] },
      "properties": {
        "id": "15131",
        "name": "Unfall 15131 (2017) Kat:3",
        "year": 2017,
        "ulichtverh": "",
        "strasse": "",
        "ukategorie": "3",
        "utyp1": "2",
        "uart": "3",
        "umonat": "05",
        "ustunde": "16",
        "uwochentag": "2",
        "strzustand": "0",
        "istrad": "1",
        "istpkw": "0",
        "istfuss": "0",
        "istkrad": "0"
      }
    }
,
    {
      "type": "Feature",
      "geometry": { "type": "Point", "coordinates": [9.684157658000061, 52.214758449000044] },
      "properties": {
        "id": "15134",
        "name": "Unfall 15134 (2017) Kat:3",
        "year": 2017,
        "ulichtverh": "",
        "strasse": "",
        "ukategorie": "3",
        "utyp1": "3",
        "uart": "5",
        "umonat": "05",
        "ustunde": "05",
        "uwochentag": "2",
        "strzustand": "0",
        "istrad": "1",
        "istpkw": "1",
        "istfuss": "0",
        "istkrad": "0"
      }
    }
,
    {
      "type": "Feature",
      "geometry": { "type": "Point", "coordinates": [9.631251139000028, 52.505573294000044] },
      "properties": {
        "id": "15184",
        "name": "Unfall 15184 (2017) Kat:3",
        "year": 2017,
        "ulichtverh": "",
        "strasse": "",
        "ukategorie": "3",
        "utyp1": "3",
        "uart": "5",
        "umonat": "05",
        "ustunde": "10",
        "uwochentag": "1",
        "strzustand": "0",
        "istrad": "1",
        "istpkw": "1",
        "istfuss": "0",
        "istkrad": "0"
      }
    }
,
    {
      "type": "Feature",
      "geometry": { "type": "Point", "coordinates": [9.753306998000028, 52.369999533000055] },
      "properties": {
        "id": "15260",
        "name": "Unfall 15260 (2017) Kat:2",
        "year": 2017,
        "ulichtverh": "",
        "strasse": "",
        "ukategorie": "2",
        "utyp1": "3",
        "uart": "5",
        "umonat": "05",
        "ustunde": "08",
        "uwochentag": "6",
        "strzustand": "0",
        "istrad": "1",
        "istpkw": "1",
        "istfuss": "0",
        "istkrad": "0"
      }
    }
,
    {
      "type": "Feature",
      "geometry": { "type": "Point", "coordinates": [9.941559732000030, 52.498816622000049] },
      "properties": {
        "id": "15315",
        "name": "Unfall 15315 (2017) Kat:3",
        "year": 2017,
        "ulichtverh": "",
        "strasse": "",
        "ukategorie": "3",
        "utyp1": "3",
        "uart": "5",
        "umonat": "05",
        "ustunde": "14",
        "uwochentag": "5",
        "strzustand": "0",
        "istrad": "1",
        "istpkw": "1",
        "istfuss": "0",
        "istkrad": "0"
      }
    }
,
    {
      "type": "Feature",
      "geometry": { "type": "Point", "coordinates": [9.726289665000024, 52.380792761000066] },
      "properties": {
        "id": "15321",
        "name": "Unfall 15321 (2017) Kat:3",
        "year": 2017,
        "ulichtverh": "",
        "strasse": "",
        "ukategorie": "3",
        "utyp1": "7",
        "uart": "0",
        "umonat": "05",
        "ustunde": "10",
        "uwochentag": "4",
        "strzustand": "0",
        "istrad": "1",
        "istpkw": "0",
        "istfuss": "0",
        "istkrad": "0"
      }
    }
,
    {
      "type": "Feature",
      "geometry": { "type": "Point", "coordinates": [9.646154054000022, 52.403887599000029] },
      "properties": {
        "id": "15364",
        "name": "Unfall 15364 (2017) Kat:3",
        "year": 2017,
        "ulichtverh": "",
        "strasse": "",
        "ukategorie": "3",
        "utyp1": "2",
        "uart": "5",
        "umonat": "05",
        "ustunde": "08",
        "uwochentag": "3",
        "strzustand": "1",
        "istrad": "1",
        "istpkw": "1",
        "istfuss": "0",
        "istkrad": "0"
      }
    }
,
    {
      "type": "Feature",
      "geometry": { "type": "Point", "coordinates": [9.747262620000072, 52.323978640000064] },
      "properties": {
        "id": "15365",
        "name": "Unfall 15365 (2017) Kat:3",
        "year": 2017,
        "ulichtverh": "",
        "strasse": "",
        "ukategorie": "3",
        "utyp1": "3",
        "uart": "5",
        "umonat": "05",
        "ustunde": "16",
        "uwochentag": "3",
        "strzustand": "1",
        "istrad": "1",
        "istpkw": "1",
        "istfuss": "0",
        "istkrad": "0"
      }
    }
,
    {
      "type": "Feature",
      "geometry": { "type": "Point", "coordinates": [9.667470844000036, 52.340783641000030] },
      "properties": {
        "id": "15366",
        "name": "Unfall 15366 (2017) Kat:3",
        "year": 2017,
        "ulichtverh": "",
        "strasse": "",
        "ukategorie": "3",
        "utyp1": "2",
        "uart": "5",
        "umonat": "05",
        "ustunde": "10",
        "uwochentag": "3",
        "strzustand": "0",
        "istrad": "1",
        "istpkw": "1",
        "istfuss": "0",
        "istkrad": "0"
      }
    }
,
    {
      "type": "Feature",
      "geometry": { "type": "Point", "coordinates": [9.665585494000027, 52.339057807000074] },
      "properties": {
        "id": "15367",
        "name": "Unfall 15367 (2017) Kat:3",
        "year": 2017,
        "ulichtverh": "",
        "strasse": "",
        "ukategorie": "3",
        "utyp1": "3",
        "uart": "5",
        "umonat": "05",
        "ustunde": "08",
        "uwochentag": "3",
        "strzustand": "0",
        "istrad": "1",
        "istpkw": "1",
        "istfuss": "0",
        "istkrad": "0"
      }
    }
,
    {
      "type": "Feature",
      "geometry": { "type": "Point", "coordinates": [9.753141647000064, 52.369978446000061] },
      "properties": {
        "id": "15372",
        "name": "Unfall 15372 (2017) Kat:3",
        "year": 2017,
        "ulichtverh": "",
        "strasse": "",
        "ukategorie": "3",
        "utyp1": "2",
        "uart": "5",
        "umonat": "05",
        "ustunde": "17",
        "uwochentag": "4",
        "strzustand": "0",
        "istrad": "1",
        "istpkw": "1",
        "istfuss": "0",
        "istkrad": "0"
      }
    }
,
    {
      "type": "Feature",
      "geometry": { "type": "Point", "coordinates": [9.715155857000070, 52.366662042000030] },
      "properties": {
        "id": "15431",
        "name": "Unfall 15431 (2017) Kat:3",
        "year": 2017,
        "ulichtverh": "",
        "strasse": "",
        "ukategorie": "3",
        "utyp1": "5",
        "uart": "3",
        "umonat": "05",
        "ustunde": "08",
        "uwochentag": "2",
        "strzustand": "0",
        "istrad": "1",
        "istpkw": "1",
        "istfuss": "0",
        "istkrad": "0"
      }
    }
,
    {
      "type": "Feature",
      "geometry": { "type": "Point", "coordinates": [9.663349831000062, 52.376979709000068] },
      "properties": {
        "id": "15432",
        "name": "Unfall 15432 (2017) Kat:3",
        "year": 2017,
        "ulichtverh": "",
        "strasse": "",
        "ukategorie": "3",
        "utyp1": "2",
        "uart": "5",
        "umonat": "05",
        "ustunde": "07",
        "uwochentag": "2",
        "strzustand": "0",
        "istrad": "1",
        "istpkw": "1",
        "istfuss": "0",
        "istkrad": "0"
      }
    }
,
    {
      "type": "Feature",
      "geometry": { "type": "Point", "coordinates": [9.646246348000034, 52.401916613000026] },
      "properties": {
        "id": "15437",
        "name": "Unfall 15437 (2017) Kat:3",
        "year": 2017,
        "ulichtverh": "",
        "strasse": "",
        "ukategorie": "3",
        "utyp1": "3",
        "uart": "5",
        "umonat": "05",
        "ustunde": "17",
        "uwochentag": "2",
        "strzustand": "0",
        "istrad": "1",
        "istpkw": "1",
        "istfuss": "0",
        "istkrad": "0"
      }
    }
,
    {
      "type": "Feature",
      "geometry": { "type": "Point", "coordinates": [9.767812710000044, 52.296775480000065] },
      "properties": {
        "id": "15438",
        "name": "Unfall 15438 (2017) Kat:3",
        "year": 2017,
        "ulichtverh": "",
        "strasse": "",
        "ukategorie": "3",
        "utyp1": "3",
        "uart": "5",
        "umonat": "05",
        "ustunde": "19",
        "uwochentag": "2",
        "strzustand": "0",
        "istrad": "1",
        "istpkw": "1",
        "istfuss": "0",
        "istkrad": "0"
      }
    }
,
    {
      "type": "Feature",
      "geometry": { "type": "Point", "coordinates": [9.457117638000057, 52.505715502000044] },
      "properties": {
        "id": "15440",
        "name": "Unfall 15440 (2017) Kat:3",
        "year": 2017,
        "ulichtverh": "",
        "strasse": "",
        "ukategorie": "3",
        "utyp1": "3",
        "uart": "5",
        "umonat": "05",
        "ustunde": "10",
        "uwochentag": "2",
        "strzustand": "0",
        "istrad": "1",
        "istpkw": "1",
        "istfuss": "0",
        "istkrad": "0"
      }
    }
,
    {
      "type": "Feature",
      "geometry": { "type": "Point", "coordinates": [9.732952987000033, 52.438633300000049] },
      "properties": {
        "id": "15441",
        "name": "Unfall 15441 (2017) Kat:3",
        "year": 2017,
        "ulichtverh": "",
        "strasse": "",
        "ukategorie": "3",
        "utyp1": "3",
        "uart": "5",
        "umonat": "05",
        "ustunde": "11",
        "uwochentag": "2",
        "strzustand": "0",
        "istrad": "1",
        "istpkw": "1",
        "istfuss": "0",
        "istkrad": "0"
      }
    }
,
    {
      "type": "Feature",
      "geometry": { "type": "Point", "coordinates": [9.450623098000051, 52.467363962000036] },
      "properties": {
        "id": "15496",
        "name": "Unfall 15496 (2017) Kat:3",
        "year": 2017,
        "ulichtverh": "",
        "strasse": "",
        "ukategorie": "3",
        "utyp1": "1",
        "uart": "0",
        "umonat": "05",
        "ustunde": "12",
        "uwochentag": "1",
        "strzustand": "1",
        "istrad": "1",
        "istpkw": "0",
        "istfuss": "0",
        "istkrad": "0"
      }
    }
,
    {
      "type": "Feature",
      "geometry": { "type": "Point", "coordinates": [9.611203356000033, 52.432103395000070] },
      "properties": {
        "id": "15497",
        "name": "Unfall 15497 (2017) Kat:3",
        "year": 2017,
        "ulichtverh": "",
        "strasse": "",
        "ukategorie": "3",
        "utyp1": "3",
        "uart": "5",
        "umonat": "05",
        "ustunde": "14",
        "uwochentag": "1",
        "strzustand": "0",
        "istrad": "1",
        "istpkw": "1",
        "istfuss": "0",
        "istkrad": "0"
      }
    }
,
    {
      "type": "Feature",
      "geometry": { "type": "Point", "coordinates": [9.977290356000026, 52.374915308000027] },
      "properties": {
        "id": "15556",
        "name": "Unfall 15556 (2017) Kat:3",
        "year": 2017,
        "ulichtverh": "",
        "strasse": "",
        "ukategorie": "3",
        "utyp1": "1",
        "uart": "8",
        "umonat": "05",
        "ustunde": "17",
        "uwochentag": "7",
        "strzustand": "0",
        "istrad": "1",
        "istpkw": "1",
        "istfuss": "0",
        "istkrad": "0"
      }
    }
,
    {
      "type": "Feature",
      "geometry": { "type": "Point", "coordinates": [9.526682013000027, 52.512644827000031] },
      "properties": {
        "id": "15557",
        "name": "Unfall 15557 (2017) Kat:2",
        "year": 2017,
        "ulichtverh": "",
        "strasse": "",
        "ukategorie": "2",
        "utyp1": "1",
        "uart": "0",
        "umonat": "05",
        "ustunde": "23",
        "uwochentag": "7",
        "strzustand": "0",
        "istrad": "1",
        "istpkw": "0",
        "istfuss": "0",
        "istkrad": "0"
      }
    }
,
    {
      "type": "Feature",
      "geometry": { "type": "Point", "coordinates": [9.844016682000074, 52.273985537000044] },
      "properties": {
        "id": "15612",
        "name": "Unfall 15612 (2017) Kat:3",
        "year": 2017,
        "ulichtverh": "",
        "strasse": "",
        "ukategorie": "3",
        "utyp1": "2",
        "uart": "5",
        "umonat": "05",
        "ustunde": "18",
        "uwochentag": "6",
        "strzustand": "0",
        "istrad": "1",
        "istpkw": "1",
        "istfuss": "0",
        "istkrad": "0"
      }
    }
,
    {
      "type": "Feature",
      "geometry": { "type": "Point", "coordinates": [9.725381646000074, 52.322636021000051] },
      "properties": {
        "id": "15615",
        "name": "Unfall 15615 (2017) Kat:3",
        "year": 2017,
        "ulichtverh": "",
        "strasse": "",
        "ukategorie": "3",
        "utyp1": "2",
        "uart": "5",
        "umonat": "05",
        "ustunde": "19",
        "uwochentag": "6",
        "strzustand": "0",
        "istrad": "1",
        "istpkw": "1",
        "istfuss": "0",
        "istkrad": "0"
      }
    }
,
    {
      "type": "Feature",
      "geometry": { "type": "Point", "coordinates": [9.295163008000031, 52.492637733000038] },
      "properties": {
        "id": "15618",
        "name": "Unfall 15618 (2017) Kat:3",
        "year": 2017,
        "ulichtverh": "",
        "strasse": "",
        "ukategorie": "3",
        "utyp1": "3",
        "uart": "5",
        "umonat": "05",
        "ustunde": "16",
        "uwochentag": "6",
        "strzustand": "0",
        "istrad": "1",
        "istpkw": "1",
        "istfuss": "0",
        "istkrad": "0"
      }
    }
,
    {
      "type": "Feature",
      "geometry": { "type": "Point", "coordinates": [9.828295962000027, 52.360891081000034] },
      "properties": {
        "id": "15621",
        "name": "Unfall 15621 (2017) Kat:3",
        "year": 2017,
        "ulichtverh": "",
        "strasse": "",
        "ukategorie": "3",
        "utyp1": "6",
        "uart": "4",
        "umonat": "05",
        "ustunde": "17",
        "uwochentag": "6",
        "strzustand": "0",
        "istrad": "1",
        "istpkw": "0",
        "istfuss": "0",
        "istkrad": "0"
      }
    }
,
    {
      "type": "Feature",
      "geometry": { "type": "Point", "coordinates": [9.733635800000059, 52.369154852000065] },
      "properties": {
        "id": "15622",
        "name": "Unfall 15622 (2017) Kat:3",
        "year": 2017,
        "ulichtverh": "",
        "strasse": "",
        "ukategorie": "3",
        "utyp1": "3",
        "uart": "5",
        "umonat": "05",
        "ustunde": "12",
        "uwochentag": "6",
        "strzustand": "0",
        "istrad": "1",
        "istpkw": "1",
        "istfuss": "0",
        "istkrad": "0"
      }
    }
,
    {
      "type": "Feature",
      "geometry": { "type": "Point", "coordinates": [9.739197081000043, 52.368206993000058] },
      "properties": {
        "id": "15710",
        "name": "Unfall 15710 (2017) Kat:2",
        "year": 2017,
        "ulichtverh": "",
        "strasse": "",
        "ukategorie": "2",
        "utyp1": "2",
        "uart": "3",
        "umonat": "06",
        "ustunde": "17",
        "uwochentag": "4",
        "strzustand": "0",
        "istrad": "1",
        "istpkw": "1",
        "istfuss": "0",
        "istkrad": "0"
      }
    }
,
    {
      "type": "Feature",
      "geometry": { "type": "Point", "coordinates": [9.734865001000060, 52.391268017000073] },
      "properties": {
        "id": "15712",
        "name": "Unfall 15712 (2017) Kat:2",
        "year": 2017,
        "ulichtverh": "",
        "strasse": "",
        "ukategorie": "2",
        "utyp1": "4",
        "uart": "6",
        "umonat": "06",
        "ustunde": "07",
        "uwochentag": "4",
        "strzustand": "0",
        "istrad": "1",
        "istpkw": "0",
        "istfuss": "1",
        "istkrad": "0"
      }
    }
,
    {
      "type": "Feature",
      "geometry": { "type": "Point", "coordinates": [9.488215342000046, 52.556381282000075] },
      "properties": {
        "id": "15761",
        "name": "Unfall 15761 (2017) Kat:3",
        "year": 2017,
        "ulichtverh": "",
        "strasse": "",
        "ukategorie": "3",
        "utyp1": "3",
        "uart": "5",
        "umonat": "06",
        "ustunde": "17",
        "uwochentag": "3",
        "strzustand": "0",
        "istrad": "1",
        "istpkw": "1",
        "istfuss": "0",
        "istkrad": "0"
      }
    }
,
    {
      "type": "Feature",
      "geometry": { "type": "Point", "coordinates": [9.579452846000038, 52.443194979000054] },
      "properties": {
        "id": "15819",
        "name": "Unfall 15819 (2017) Kat:3",
        "year": 2017,
        "ulichtverh": "",
        "strasse": "",
        "ukategorie": "3",
        "utyp1": "6",
        "uart": "4",
        "umonat": "06",
        "ustunde": "22",
        "uwochentag": "2",
        "strzustand": "0",
        "istrad": "1",
        "istpkw": "0",
        "istfuss": "0",
        "istkrad": "0"
      }
    }
,
    {
      "type": "Feature",
      "geometry": { "type": "Point", "coordinates": [9.719841631000065, 52.367745952000064] },
      "properties": {
        "id": "15947",
        "name": "Unfall 15947 (2017) Kat:3",
        "year": 2017,
        "ulichtverh": "",
        "strasse": "",
        "ukategorie": "3",
        "utyp1": "1",
        "uart": "0",
        "umonat": "06",
        "ustunde": "21",
        "uwochentag": "6",
        "strzustand": "0",
        "istrad": "1",
        "istpkw": "0",
        "istfuss": "0",
        "istkrad": "0"
      }
    }
,
    {
      "type": "Feature",
      "geometry": { "type": "Point", "coordinates": [9.613572387000033, 52.392191558000036] },
      "properties": {
        "id": "15951",
        "name": "Unfall 15951 (2017) Kat:3",
        "year": 2017,
        "ulichtverh": "",
        "strasse": "",
        "ukategorie": "3",
        "utyp1": "3",
        "uart": "5",
        "umonat": "06",
        "ustunde": "07",
        "uwochentag": "6",
        "strzustand": "0",
        "istrad": "1",
        "istpkw": "1",
        "istfuss": "0",
        "istkrad": "0"
      }
    }
,
    {
      "type": "Feature",
      "geometry": { "type": "Point", "coordinates": [9.964117355000042, 52.365706365000051] },
      "properties": {
        "id": "15953",
        "name": "Unfall 15953 (2017) Kat:3",
        "year": 2017,
        "ulichtverh": "",
        "strasse": "",
        "ukategorie": "3",
        "utyp1": "2",
        "uart": "5",
        "umonat": "06",
        "ustunde": "15",
        "uwochentag": "6",
        "strzustand": "1",
        "istrad": "1",
        "istpkw": "1",
        "istfuss": "0",
        "istkrad": "0"
      }
    }
,
    {
      "type": "Feature",
      "geometry": { "type": "Point", "coordinates": [9.791886755000064, 52.335037427000032] },
      "properties": {
        "id": "15988",
        "name": "Unfall 15988 (2017) Kat:3",
        "year": 2017,
        "ulichtverh": "",
        "strasse": "",
        "ukategorie": "3",
        "utyp1": "3",
        "uart": "5",
        "umonat": "06",
        "ustunde": "16",
        "uwochentag": "6",
        "strzustand": "0",
        "istrad": "1",
        "istpkw": "1",
        "istfuss": "0",
        "istkrad": "0"
      }
    }
,
    {
      "type": "Feature",
      "geometry": { "type": "Point", "coordinates": [9.670721872000058, 52.238940966000030] },
      "properties": {
        "id": "15998",
        "name": "Unfall 15998 (2017) Kat:3",
        "year": 2017,
        "ulichtverh": "",
        "strasse": "",
        "ukategorie": "3",
        "utyp1": "2",
        "uart": "0",
        "umonat": "06",
        "ustunde": "14",
        "uwochentag": "6",
        "strzustand": "0",
        "istrad": "1",
        "istpkw": "0",
        "istfuss": "1",
        "istkrad": "0"
      }
    }
,
    {
      "type": "Feature",
      "geometry": { "type": "Point", "coordinates": [9.555835395000031, 52.204809421000050] },
      "properties": {
        "id": "16000",
        "name": "Unfall 16000 (2017) Kat:3",
        "year": 2017,
        "ulichtverh": "",
        "strasse": "",
        "ukategorie": "3",
        "utyp1": "3",
        "uart": "5",
        "umonat": "06",
        "ustunde": "11",
        "uwochentag": "6",
        "strzustand": "0",
        "istrad": "1",
        "istpkw": "0",
        "istfuss": "0",
        "istkrad": "0"
      }
    }
,
    {
      "type": "Feature",
      "geometry": { "type": "Point", "coordinates": [9.741813780000030, 52.437575128000049] },
      "properties": {
        "id": "16005",
        "name": "Unfall 16005 (2017) Kat:3",
        "year": 2017,
        "ulichtverh": "",
        "strasse": "",
        "ukategorie": "3",
        "utyp1": "2",
        "uart": "4",
        "umonat": "06",
        "ustunde": "12",
        "uwochentag": "6",
        "strzustand": "0",
        "istrad": "1",
        "istpkw": "1",
        "istfuss": "0",
        "istkrad": "0"
      }
    }
,
    {
      "type": "Feature",
      "geometry": { "type": "Point", "coordinates": [9.603681071000040, 52.190306068000041] },
      "properties": {
        "id": "16007",
        "name": "Unfall 16007 (2017) Kat:2",
        "year": 2017,
        "ulichtverh": "",
        "strasse": "",
        "ukategorie": "2",
        "utyp1": "7",
        "uart": "7",
        "umonat": "06",
        "ustunde": "18",
        "uwochentag": "6",
        "strzustand": "0",
        "istrad": "1",
        "istpkw": "0",
        "istfuss": "0",
        "istkrad": "0"
      }
    }
,
    {
      "type": "Feature",
      "geometry": { "type": "Point", "coordinates": [9.582617299000049, 52.640361412000061] },
      "properties": {
        "id": "16008",
        "name": "Unfall 16008 (2017) Kat:2",
        "year": 2017,
        "ulichtverh": "",
        "strasse": "",
        "ukategorie": "2",
        "utyp1": "6",
        "uart": "2",
        "umonat": "06",
        "ustunde": "20",
        "uwochentag": "6",
        "strzustand": "0",
        "istrad": "1",
        "istpkw": "0",
        "istfuss": "0",
        "istkrad": "0"
      }
    }
,
    {
      "type": "Feature",
      "geometry": { "type": "Point", "coordinates": [9.718249861000061, 52.394267579000029] },
      "properties": {
        "id": "16047",
        "name": "Unfall 16047 (2017) Kat:3",
        "year": 2017,
        "ulichtverh": "",
        "strasse": "",
        "ukategorie": "3",
        "utyp1": "1",
        "uart": "0",
        "umonat": "06",
        "ustunde": "07",
        "uwochentag": "5",
        "strzustand": "1",
        "istrad": "1",
        "istpkw": "0",
        "istfuss": "0",
        "istkrad": "0"
      }
    }
,
    {
      "type": "Feature",
      "geometry": { "type": "Point", "coordinates": [9.799881484000025, 52.407575134000069] },
      "properties": {
        "id": "16052",
        "name": "Unfall 16052 (2017) Kat:3",
        "year": 2017,
        "ulichtverh": "",
        "strasse": "",
        "ukategorie": "3",
        "utyp1": "1",
        "uart": "0",
        "umonat": "06",
        "ustunde": "10",
        "uwochentag": "5",
        "strzustand": "1",
        "istrad": "1",
        "istpkw": "0",
        "istfuss": "0",
        "istkrad": "0"
      }
    }
,
    {
      "type": "Feature",
      "geometry": { "type": "Point", "coordinates": [9.726782768000021, 52.375721164000026] },
      "properties": {
        "id": "16053",
        "name": "Unfall 16053 (2017) Kat:2",
        "year": 2017,
        "ulichtverh": "",
        "strasse": "",
        "ukategorie": "2",
        "utyp1": "3",
        "uart": "5",
        "umonat": "06",
        "ustunde": "09",
        "uwochentag": "5",
        "strzustand": "1",
        "istrad": "1",
        "istpkw": "1",
        "istfuss": "0",
        "istkrad": "0"
      }
    }
,
    {
      "type": "Feature",
      "geometry": { "type": "Point", "coordinates": [9.750867131000064, 52.369367893000060] },
      "properties": {
        "id": "16055",
        "name": "Unfall 16055 (2017) Kat:2",
        "year": 2017,
        "ulichtverh": "",
        "strasse": "",
        "ukategorie": "2",
        "utyp1": "2",
        "uart": "5",
        "umonat": "06",
        "ustunde": "16",
        "uwochentag": "5",
        "strzustand": "0",
        "istrad": "1",
        "istpkw": "1",
        "istfuss": "0",
        "istkrad": "0"
      }
    }
,
    {
      "type": "Feature",
      "geometry": { "type": "Point", "coordinates": [9.832462067000051, 52.280512063000060] },
      "properties": {
        "id": "16118",
        "name": "Unfall 16118 (2017) Kat:3",
        "year": 2017,
        "ulichtverh": "",
        "strasse": "",
        "ukategorie": "3",
        "utyp1": "3",
        "uart": "5",
        "umonat": "06",
        "ustunde": "11",
        "uwochentag": "5",
        "strzustand": "0",
        "istrad": "1",
        "istpkw": "1",
        "istfuss": "0",
        "istkrad": "0"
      }
    }
,
    {
      "type": "Feature",
      "geometry": { "type": "Point", "coordinates": [9.733629521000069, 52.384806488000038] },
      "properties": {
        "id": "16120",
        "name": "Unfall 16120 (2017) Kat:3",
        "year": 2017,
        "ulichtverh": "",
        "strasse": "",
        "ukategorie": "3",
        "utyp1": "3",
        "uart": "5",
        "umonat": "06",
        "ustunde": "22",
        "uwochentag": "5",
        "strzustand": "0",
        "istrad": "1",
        "istpkw": "1",
        "istfuss": "0",
        "istkrad": "0"
      }
    }
,
    {
      "type": "Feature",
      "geometry": { "type": "Point", "coordinates": [9.736219289000076, 52.399080096000034] },
      "properties": {
        "id": "16122",
        "name": "Unfall 16122 (2017) Kat:3",
        "year": 2017,
        "ulichtverh": "",
        "strasse": "",
        "ukategorie": "3",
        "utyp1": "6",
        "uart": "6",
        "umonat": "06",
        "ustunde": "05",
        "uwochentag": "5",
        "strzustand": "0",
        "istrad": "1",
        "istpkw": "0",
        "istfuss": "1",
        "istkrad": "0"
      }
    }
,
    {
      "type": "Feature",
      "geometry": { "type": "Point", "coordinates": [9.853556177000030, 52.565253094000070] },
      "properties": {
        "id": "16128",
        "name": "Unfall 16128 (2017) Kat:3",
        "year": 2017,
        "ulichtverh": "",
        "strasse": "",
        "ukategorie": "3",
        "utyp1": "3",
        "uart": "0",
        "umonat": "06",
        "ustunde": "18",
        "uwochentag": "5",
        "strzustand": "0",
        "istrad": "1",
        "istpkw": "1",
        "istfuss": "0",
        "istkrad": "0"
      }
    }
,
    {
      "type": "Feature",
      "geometry": { "type": "Point", "coordinates": [9.734022788000061, 52.387036143000046] },
      "properties": {
        "id": "16134",
        "name": "Unfall 16134 (2017) Kat:3",
        "year": 2017,
        "ulichtverh": "",
        "strasse": "",
        "ukategorie": "3",
        "utyp1": "6",
        "uart": "4",
        "umonat": "06",
        "ustunde": "08",
        "uwochentag": "5",
        "strzustand": "0",
        "istrad": "1",
        "istpkw": "0",
        "istfuss": "0",
        "istkrad": "0"
      }
    }
,
    {
      "type": "Feature",
      "geometry": { "type": "Point", "coordinates": [9.646483190000026, 52.399327334000077] },
      "properties": {
        "id": "16196",
        "name": "Unfall 16196 (2017) Kat:3",
        "year": 2017,
        "ulichtverh": "",
        "strasse": "",
        "ukategorie": "3",
        "utyp1": "3",
        "uart": "5",
        "umonat": "06",
        "ustunde": "15",
        "uwochentag": "5",
        "strzustand": "0",
        "istrad": "1",
        "istpkw": "0",
        "istfuss": "0",
        "istkrad": "0"
      }
    }
,
    {
      "type": "Feature",
      "geometry": { "type": "Point", "coordinates": [9.971487211000067, 52.369218036000063] },
      "properties": {
        "id": "16199",
        "name": "Unfall 16199 (2017) Kat:3",
        "year": 2017,
        "ulichtverh": "",
        "strasse": "",
        "ukategorie": "3",
        "utyp1": "2",
        "uart": "3",
        "umonat": "06",
        "ustunde": "07",
        "uwochentag": "5",
        "strzustand": "0",
        "istrad": "1",
        "istpkw": "1",
        "istfuss": "0",
        "istkrad": "0"
      }
    }
,
    {
      "type": "Feature",
      "geometry": { "type": "Point", "coordinates": [9.835102766000034, 52.361286047000078] },
      "properties": {
        "id": "16200",
        "name": "Unfall 16200 (2017) Kat:3",
        "year": 2017,
        "ulichtverh": "",
        "strasse": "",
        "ukategorie": "3",
        "utyp1": "1",
        "uart": "0",
        "umonat": "06",
        "ustunde": "23",
        "uwochentag": "5",
        "strzustand": "1",
        "istrad": "1",
        "istpkw": "0",
        "istfuss": "0",
        "istkrad": "0"
      }
    }
,
    {
      "type": "Feature",
      "geometry": { "type": "Point", "coordinates": [9.729892108000058, 52.383990087000029] },
      "properties": {
        "id": "16256",
        "name": "Unfall 16256 (2017) Kat:3",
        "year": 2017,
        "ulichtverh": "",
        "strasse": "",
        "ukategorie": "3",
        "utyp1": "2",
        "uart": "4",
        "umonat": "06",
        "ustunde": "18",
        "uwochentag": "4",
        "strzustand": "0",
        "istrad": "1",
        "istpkw": "1",
        "istfuss": "0",
        "istkrad": "0"
      }
    }
,
    {
      "type": "Feature",
      "geometry": { "type": "Point", "coordinates": [9.752760183000021, 52.452714061000052] },
      "properties": {
        "id": "16262",
        "name": "Unfall 16262 (2017) Kat:3",
        "year": 2017,
        "ulichtverh": "",
        "strasse": "",
        "ukategorie": "3",
        "utyp1": "7",
        "uart": "0",
        "umonat": "06",
        "ustunde": "07",
        "uwochentag": "4",
        "strzustand": "0",
        "istrad": "1",
        "istpkw": "1",
        "istfuss": "0",
        "istkrad": "0"
      }
    }
,
    {
      "type": "Feature",
      "geometry": { "type": "Point", "coordinates": [9.810899281000047, 52.458395643000074] },
      "properties": {
        "id": "16263",
        "name": "Unfall 16263 (2017) Kat:2",
        "year": 2017,
        "ulichtverh": "",
        "strasse": "",
        "ukategorie": "2",
        "utyp1": "3",
        "uart": "5",
        "umonat": "06",
        "ustunde": "19",
        "uwochentag": "4",
        "strzustand": "0",
        "istrad": "1",
        "istpkw": "1",
        "istfuss": "0",
        "istkrad": "0"
      }
    }
,
    {
      "type": "Feature",
      "geometry": { "type": "Point", "coordinates": [9.351961304000042, 52.500630107000063] },
      "properties": {
        "id": "16316",
        "name": "Unfall 16316 (2017) Kat:3",
        "year": 2017,
        "ulichtverh": "",
        "strasse": "",
        "ukategorie": "3",
        "utyp1": "1",
        "uart": "8",
        "umonat": "06",
        "ustunde": "20",
        "uwochentag": "3",
        "strzustand": "0",
        "istrad": "1",
        "istpkw": "0",
        "istfuss": "0",
        "istkrad": "0"
      }
    }
,
    {
      "type": "Feature",
      "geometry": { "type": "Point", "coordinates": [9.793243567000047, 52.415528215000052] },
      "properties": {
        "id": "16389",
        "name": "Unfall 16389 (2017) Kat:3",
        "year": 2017,
        "ulichtverh": "",
        "strasse": "",
        "ukategorie": "3",
        "utyp1": "2",
        "uart": "5",
        "umonat": "06",
        "ustunde": "07",
        "uwochentag": "2",
        "strzustand": "0",
        "istrad": "1",
        "istpkw": "1",
        "istfuss": "0",
        "istkrad": "0"
      }
    }
,
    {
      "type": "Feature",
      "geometry": { "type": "Point", "coordinates": [9.429986461000055, 52.426168440000026] },
      "properties": {
        "id": "16390",
        "name": "Unfall 16390 (2017) Kat:2",
        "year": 2017,
        "ulichtverh": "",
        "strasse": "",
        "ukategorie": "2",
        "utyp1": "2",
        "uart": "5",
        "umonat": "06",
        "ustunde": "16",
        "uwochentag": "2",
        "strzustand": "0",
        "istrad": "1",
        "istpkw": "1",
        "istfuss": "0",
        "istkrad": "0"
      }
    }
,
    {
      "type": "Feature",
      "geometry": { "type": "Point", "coordinates": [9.416859299000066, 52.427819756000076] },
      "properties": {
        "id": "16392",
        "name": "Unfall 16392 (2017) Kat:3",
        "year": 2017,
        "ulichtverh": "",
        "strasse": "",
        "ukategorie": "3",
        "utyp1": "2",
        "uart": "5",
        "umonat": "06",
        "ustunde": "15",
        "uwochentag": "2",
        "strzustand": "0",
        "istrad": "1",
        "istpkw": "1",
        "istfuss": "0",
        "istkrad": "0"
      }
    }
,
    {
      "type": "Feature",
      "geometry": { "type": "Point", "coordinates": [9.963876798000058, 52.312857739000037] },
      "properties": {
        "id": "16395",
        "name": "Unfall 16395 (2017) Kat:3",
        "year": 2017,
        "ulichtverh": "",
        "strasse": "",
        "ukategorie": "3",
        "utyp1": "3",
        "uart": "5",
        "umonat": "06",
        "ustunde": "13",
        "uwochentag": "2",
        "strzustand": "0",
        "istrad": "1",
        "istpkw": "1",
        "istfuss": "0",
        "istkrad": "0"
      }
    }
,
    {
      "type": "Feature",
      "geometry": { "type": "Point", "coordinates": [9.878943177000053, 52.509235309000076] },
      "properties": {
        "id": "16406",
        "name": "Unfall 16406 (2017) Kat:3",
        "year": 2017,
        "ulichtverh": "",
        "strasse": "",
        "ukategorie": "3",
        "utyp1": "5",
        "uart": "1",
        "umonat": "06",
        "ustunde": "09",
        "uwochentag": "2",
        "strzustand": "0",
        "istrad": "1",
        "istpkw": "1",
        "istfuss": "0",
        "istkrad": "0"
      }
    }
,
    {
      "type": "Feature",
      "geometry": { "type": "Point", "coordinates": [9.712400399000046, 52.403702059000068] },
      "properties": {
        "id": "16408",
        "name": "Unfall 16408 (2017) Kat:3",
        "year": 2017,
        "ulichtverh": "",
        "strasse": "",
        "ukategorie": "3",
        "utyp1": "3",
        "uart": "5",
        "umonat": "06",
        "ustunde": "17",
        "uwochentag": "2",
        "strzustand": "0",
        "istrad": "1",
        "istpkw": "1",
        "istfuss": "0",
        "istkrad": "0"
      }
    }
,
    {
      "type": "Feature",
      "geometry": { "type": "Point", "coordinates": [10.173254360000044, 52.432855715000073] },
      "properties": {
        "id": "16409",
        "name": "Unfall 16409 (2017) Kat:3",
        "year": 2017,
        "ulichtverh": "",
        "strasse": "",
        "ukategorie": "3",
        "utyp1": "3",
        "uart": "5",
        "umonat": "06",
        "ustunde": "21",
        "uwochentag": "2",
        "strzustand": "0",
        "istrad": "1",
        "istpkw": "1",
        "istfuss": "0",
        "istkrad": "0"
      }
    }
,
    {
      "type": "Feature",
      "geometry": { "type": "Point", "coordinates": [9.652122801000076, 52.415920364000044] },
      "properties": {
        "id": "16412",
        "name": "Unfall 16412 (2017) Kat:3",
        "year": 2017,
        "ulichtverh": "",
        "strasse": "",
        "ukategorie": "3",
        "utyp1": "3",
        "uart": "5",
        "umonat": "06",
        "ustunde": "12",
        "uwochentag": "2",
        "strzustand": "0",
        "istrad": "1",
        "istpkw": "1",
        "istfuss": "0",
        "istkrad": "0"
      }
    }
,
    {
      "type": "Feature",
      "geometry": { "type": "Point", "coordinates": [9.731824591000077, 52.430374117000042] },
      "properties": {
        "id": "16414",
        "name": "Unfall 16414 (2017) Kat:2",
        "year": 2017,
        "ulichtverh": "",
        "strasse": "",
        "ukategorie": "2",
        "utyp1": "5",
        "uart": "0",
        "umonat": "06",
        "ustunde": "11",
        "uwochentag": "2",
        "strzustand": "0",
        "istrad": "1",
        "istpkw": "1",
        "istfuss": "0",
        "istkrad": "0"
      }
    }
,
    {
      "type": "Feature",
      "geometry": { "type": "Point", "coordinates": [9.464946595000072, 52.407973801000026] },
      "properties": {
        "id": "16417",
        "name": "Unfall 16417 (2017) Kat:2",
        "year": 2017,
        "ulichtverh": "",
        "strasse": "",
        "ukategorie": "2",
        "utyp1": "2",
        "uart": "5",
        "umonat": "06",
        "ustunde": "05",
        "uwochentag": "2",
        "strzustand": "0",
        "istrad": "1",
        "istpkw": "1",
        "istfuss": "0",
        "istkrad": "0"
      }
    }
,
    {
      "type": "Feature",
      "geometry": { "type": "Point", "coordinates": [9.973743492000040, 52.372618268000053] },
      "properties": {
        "id": "16517",
        "name": "Unfall 16517 (2017) Kat:3",
        "year": 2017,
        "ulichtverh": "",
        "strasse": "",
        "ukategorie": "3",
        "utyp1": "3",
        "uart": "5",
        "umonat": "06",
        "ustunde": "10",
        "uwochentag": "1",
        "strzustand": "0",
        "istrad": "1",
        "istpkw": "1",
        "istfuss": "0",
        "istkrad": "0"
      }
    }
,
    {
      "type": "Feature",
      "geometry": { "type": "Point", "coordinates": [9.733829621000041, 52.384611167000060] },
      "properties": {
        "id": "16520",
        "name": "Unfall 16520 (2017) Kat:3",
        "year": 2017,
        "ulichtverh": "",
        "strasse": "",
        "ukategorie": "3",
        "utyp1": "3",
        "uart": "5",
        "umonat": "06",
        "ustunde": "21",
        "uwochentag": "1",
        "strzustand": "0",
        "istrad": "1",
        "istpkw": "1",
        "istfuss": "0",
        "istkrad": "0"
      }
    }
,
    {
      "type": "Feature",
      "geometry": { "type": "Point", "coordinates": [9.970365843000025, 52.315000541000074] },
      "properties": {
        "id": "16562",
        "name": "Unfall 16562 (2017) Kat:3",
        "year": 2017,
        "ulichtverh": "",
        "strasse": "",
        "ukategorie": "3",
        "utyp1": "3",
        "uart": "5",
        "umonat": "06",
        "ustunde": "09",
        "uwochentag": "7",
        "strzustand": "0",
        "istrad": "1",
        "istpkw": "1",
        "istfuss": "0",
        "istkrad": "0"
      }
    }
,
    {
      "type": "Feature",
      "geometry": { "type": "Point", "coordinates": [9.422173818000033, 52.429367128000081] },
      "properties": {
        "id": "16603",
        "name": "Unfall 16603 (2017) Kat:3",
        "year": 2017,
        "ulichtverh": "",
        "strasse": "",
        "ukategorie": "3",
        "utyp1": "2",
        "uart": "5",
        "umonat": "06",
        "ustunde": "15",
        "uwochentag": "7",
        "strzustand": "0",
        "istrad": "1",
        "istpkw": "1",
        "istfuss": "0",
        "istkrad": "0"
      }
    }
,
    {
      "type": "Feature",
      "geometry": { "type": "Point", "coordinates": [9.417808821000051, 52.576673757000037] },
      "properties": {
        "id": "16604",
        "name": "Unfall 16604 (2017) Kat:3",
        "year": 2017,
        "ulichtverh": "",
        "strasse": "",
        "ukategorie": "3",
        "utyp1": "7",
        "uart": "0",
        "umonat": "06",
        "ustunde": "15",
        "uwochentag": "7",
        "strzustand": "0",
        "istrad": "1",
        "istpkw": "0",
        "istfuss": "0",
        "istkrad": "0"
      }
    }
,
    {
      "type": "Feature",
      "geometry": { "type": "Point", "coordinates": [9.805898779000074, 52.482108415000027] },
      "properties": {
        "id": "16614",
        "name": "Unfall 16614 (2017) Kat:2",
        "year": 2017,
        "ulichtverh": "",
        "strasse": "",
        "ukategorie": "2",
        "utyp1": "3",
        "uart": "5",
        "umonat": "06",
        "ustunde": "20",
        "uwochentag": "7",
        "strzustand": "0",
        "istrad": "1",
        "istpkw": "1",
        "istfuss": "0",
        "istkrad": "0"
      }
    }
,
    {
      "type": "Feature",
      "geometry": { "type": "Point", "coordinates": [9.847949688000028, 52.360033386000055] },
      "properties": {
        "id": "16661",
        "name": "Unfall 16661 (2017) Kat:3",
        "year": 2017,
        "ulichtverh": "",
        "strasse": "",
        "ukategorie": "3",
        "utyp1": "3",
        "uart": "5",
        "umonat": "06",
        "ustunde": "08",
        "uwochentag": "6",
        "strzustand": "0",
        "istrad": "1",
        "istpkw": "0",
        "istfuss": "0",
        "istkrad": "0"
      }
    }
,
    {
      "type": "Feature",
      "geometry": { "type": "Point", "coordinates": [9.734284415000047, 52.387234162000027] },
      "properties": {
        "id": "16679",
        "name": "Unfall 16679 (2017) Kat:3",
        "year": 2017,
        "ulichtverh": "",
        "strasse": "",
        "ukategorie": "3",
        "utyp1": "1",
        "uart": "0",
        "umonat": "06",
        "ustunde": "16",
        "uwochentag": "6",
        "strzustand": "0",
        "istrad": "1",
        "istpkw": "0",
        "istfuss": "0",
        "istkrad": "0"
      }
    }
,
    {
      "type": "Feature",
      "geometry": { "type": "Point", "coordinates": [9.715540898000029, 52.366732318000061] },
      "properties": {
        "id": "16726",
        "name": "Unfall 16726 (2017) Kat:3",
        "year": 2017,
        "ulichtverh": "",
        "strasse": "",
        "ukategorie": "3",
        "utyp1": "5",
        "uart": "1",
        "umonat": "06",
        "ustunde": "17",
        "uwochentag": "2",
        "strzustand": "0",
        "istrad": "1",
        "istpkw": "1",
        "istfuss": "0",
        "istkrad": "0"
      }
    }
,
    {
      "type": "Feature",
      "geometry": { "type": "Point", "coordinates": [9.799437382000065, 52.409440168000060] },
      "properties": {
        "id": "16731",
        "name": "Unfall 16731 (2017) Kat:3",
        "year": 2017,
        "ulichtverh": "",
        "strasse": "",
        "ukategorie": "3",
        "utyp1": "3",
        "uart": "5",
        "umonat": "06",
        "ustunde": "09",
        "uwochentag": "2",
        "strzustand": "0",
        "istrad": "1",
        "istpkw": "0",
        "istfuss": "0",
        "istkrad": "1"
      }
    }
,
    {
      "type": "Feature",
      "geometry": { "type": "Point", "coordinates": [9.732545713000036, 52.383416086000068] },
      "properties": {
        "id": "16770",
        "name": "Unfall 16770 (2017) Kat:3",
        "year": 2017,
        "ulichtverh": "",
        "strasse": "",
        "ukategorie": "3",
        "utyp1": "3",
        "uart": "5",
        "umonat": "06",
        "ustunde": "06",
        "uwochentag": "1",
        "strzustand": "0",
        "istrad": "1",
        "istpkw": "1",
        "istfuss": "0",
        "istkrad": "0"
      }
    }
,
    {
      "type": "Feature",
      "geometry": { "type": "Point", "coordinates": [9.780694103000030, 52.326828123000041] },
      "properties": {
        "id": "16907",
        "name": "Unfall 16907 (2017) Kat:3",
        "year": 2017,
        "ulichtverh": "",
        "strasse": "",
        "ukategorie": "3",
        "utyp1": "7",
        "uart": "0",
        "umonat": "06",
        "ustunde": "17",
        "uwochentag": "6",
        "strzustand": "0",
        "istrad": "1",
        "istpkw": "0",
        "istfuss": "0",
        "istkrad": "0"
      }
    }
,
    {
      "type": "Feature",
      "geometry": { "type": "Point", "coordinates": [9.721122026000046, 52.361436512000068] },
      "properties": {
        "id": "16911",
        "name": "Unfall 16911 (2017) Kat:3",
        "year": 2017,
        "ulichtverh": "",
        "strasse": "",
        "ukategorie": "3",
        "utyp1": "2",
        "uart": "5",
        "umonat": "06",
        "ustunde": "12",
        "uwochentag": "6",
        "strzustand": "0",
        "istrad": "1",
        "istpkw": "1",
        "istfuss": "0",
        "istkrad": "0"
      }
    }
,
    {
      "type": "Feature",
      "geometry": { "type": "Point", "coordinates": [9.582207057000062, 52.397134155000060] },
      "properties": {
        "id": "17018",
        "name": "Unfall 17018 (2017) Kat:3",
        "year": 2017,
        "ulichtverh": "",
        "strasse": "",
        "ukategorie": "3",
        "utyp1": "6",
        "uart": "4",
        "umonat": "06",
        "ustunde": "20",
        "uwochentag": "5",
        "strzustand": "0",
        "istrad": "1",
        "istpkw": "0",
        "istfuss": "0",
        "istkrad": "0"
      }
    }
,
    {
      "type": "Feature",
      "geometry": { "type": "Point", "coordinates": [9.752159867000046, 52.547366063000027] },
      "properties": {
        "id": "17021",
        "name": "Unfall 17021 (2017) Kat:2",
        "year": 2017,
        "ulichtverh": "",
        "strasse": "",
        "ukategorie": "2",
        "utyp1": "6",
        "uart": "4",
        "umonat": "06",
        "ustunde": "18",
        "uwochentag": "5",
        "strzustand": "0",
        "istrad": "1",
        "istpkw": "0",
        "istfuss": "0",
        "istkrad": "0"
      }
    }
,
    {
      "type": "Feature",
      "geometry": { "type": "Point", "coordinates": [9.795260409000036, 52.415122747000055] },
      "properties": {
        "id": "17080",
        "name": "Unfall 17080 (2017) Kat:3",
        "year": 2017,
        "ulichtverh": "",
        "strasse": "",
        "ukategorie": "3",
        "utyp1": "3",
        "uart": "5",
        "umonat": "06",
        "ustunde": "06",
        "uwochentag": "5",
        "strzustand": "0",
        "istrad": "1",
        "istpkw": "1",
        "istfuss": "0",
        "istkrad": "0"
      }
    }
,
    {
      "type": "Feature",
      "geometry": { "type": "Point", "coordinates": [9.747781668000073, 52.363652969000043] },
      "properties": {
        "id": "17086",
        "name": "Unfall 17086 (2017) Kat:3",
        "year": 2017,
        "ulichtverh": "",
        "strasse": "",
        "ukategorie": "3",
        "utyp1": "2",
        "uart": "5",
        "umonat": "06",
        "ustunde": "17",
        "uwochentag": "5",
        "strzustand": "1",
        "istrad": "1",
        "istpkw": "1",
        "istfuss": "0",
        "istkrad": "0"
      }
    }
,
    {
      "type": "Feature",
      "geometry": { "type": "Point", "coordinates": [9.676437197000041, 52.355676947000063] },
      "properties": {
        "id": "17156",
        "name": "Unfall 17156 (2017) Kat:3",
        "year": 2017,
        "ulichtverh": "",
        "strasse": "",
        "ukategorie": "3",
        "utyp1": "2",
        "uart": "3",
        "umonat": "06",
        "ustunde": "09",
        "uwochentag": "4",
        "strzustand": "0",
        "istrad": "1",
        "istpkw": "1",
        "istfuss": "0",
        "istkrad": "0"
      }
    }
,
    {
      "type": "Feature",
      "geometry": { "type": "Point", "coordinates": [9.724007384000061, 52.377639188000046] },
      "properties": {
        "id": "17157",
        "name": "Unfall 17157 (2017) Kat:3",
        "year": 2017,
        "ulichtverh": "",
        "strasse": "",
        "ukategorie": "3",
        "utyp1": "2",
        "uart": "3",
        "umonat": "06",
        "ustunde": "17",
        "uwochentag": "4",
        "strzustand": "0",
        "istrad": "1",
        "istpkw": "1",
        "istfuss": "0",
        "istkrad": "0"
      }
    }
,
    {
      "type": "Feature",
      "geometry": { "type": "Point", "coordinates": [9.459931386000051, 52.306962804000079] },
      "properties": {
        "id": "17160",
        "name": "Unfall 17160 (2017) Kat:2",
        "year": 2017,
        "ulichtverh": "",
        "strasse": "",
        "ukategorie": "2",
        "utyp1": "2",
        "uart": "4",
        "umonat": "06",
        "ustunde": "11",
        "uwochentag": "4",
        "strzustand": "1",
        "istrad": "1",
        "istpkw": "1",
        "istfuss": "0",
        "istkrad": "0"
      }
    }
,
    {
      "type": "Feature",
      "geometry": { "type": "Point", "coordinates": [9.789818070000024, 52.421129518000043] },
      "properties": {
        "id": "17166",
        "name": "Unfall 17166 (2017) Kat:3",
        "year": 2017,
        "ulichtverh": "",
        "strasse": "",
        "ukategorie": "3",
        "utyp1": "3",
        "uart": "5",
        "umonat": "06",
        "ustunde": "08",
        "uwochentag": "4",
        "strzustand": "0",
        "istrad": "1",
        "istpkw": "1",
        "istfuss": "0",
        "istkrad": "0"
      }
    }
,
    {
      "type": "Feature",
      "geometry": { "type": "Point", "coordinates": [9.456368190000035, 52.484499827000036] },
      "properties": {
        "id": "17169",
        "name": "Unfall 17169 (2017) Kat:3",
        "year": 2017,
        "ulichtverh": "",
        "strasse": "",
        "ukategorie": "3",
        "utyp1": "3",
        "uart": "5",
        "umonat": "06",
        "ustunde": "16",
        "uwochentag": "4",
        "strzustand": "0",
        "istrad": "1",
        "istpkw": "1",
        "istfuss": "0",
        "istkrad": "0"
      }
    }
,
    {
      "type": "Feature",
      "geometry": { "type": "Point", "coordinates": [9.609179943000072, 52.442786800000079] },
      "properties": {
        "id": "17173",
        "name": "Unfall 17173 (2017) Kat:3",
        "year": 2017,
        "ulichtverh": "",
        "strasse": "",
        "ukategorie": "3",
        "utyp1": "3",
        "uart": "5",
        "umonat": "06",
        "ustunde": "11",
        "uwochentag": "4",
        "strzustand": "0",
        "istrad": "1",
        "istpkw": "1",
        "istfuss": "0",
        "istkrad": "0"
      }
    }
,
    {
      "type": "Feature",
      "geometry": { "type": "Point", "coordinates": [9.965965556000072, 52.315579847000038] },
      "properties": {
        "id": "17174",
        "name": "Unfall 17174 (2017) Kat:3",
        "year": 2017,
        "ulichtverh": "",
        "strasse": "",
        "ukategorie": "3",
        "utyp1": "2",
        "uart": "5",
        "umonat": "06",
        "ustunde": "09",
        "uwochentag": "4",
        "strzustand": "0",
        "istrad": "1",
        "istpkw": "1",
        "istfuss": "0",
        "istkrad": "0"
      }
    }
,
    {
      "type": "Feature",
      "geometry": { "type": "Point", "coordinates": [9.717149858000028, 52.346179430000063] },
      "properties": {
        "id": "17180",
        "name": "Unfall 17180 (2017) Kat:2",
        "year": 2017,
        "ulichtverh": "",
        "strasse": "",
        "ukategorie": "2",
        "utyp1": "3",
        "uart": "5",
        "umonat": "06",
        "ustunde": "23",
        "uwochentag": "4",
        "strzustand": "0",
        "istrad": "1",
        "istpkw": "1",
        "istfuss": "0",
        "istkrad": "0"
      }
    }
,
    {
      "type": "Feature",
      "geometry": { "type": "Point", "coordinates": [9.782710328000064, 52.372025971000028] },
      "properties": {
        "id": "17280",
        "name": "Unfall 17280 (2017) Kat:3",
        "year": 2017,
        "ulichtverh": "",
        "strasse": "",
        "ukategorie": "3",
        "utyp1": "3",
        "uart": "5",
        "umonat": "06",
        "ustunde": "19",
        "uwochentag": "3",
        "strzustand": "0",
        "istrad": "1",
        "istpkw": "1",
        "istfuss": "0",
        "istkrad": "0"
      }
    }
,
    {
      "type": "Feature",
      "geometry": { "type": "Point", "coordinates": [9.628243025000074, 52.212407879000068] },
      "properties": {
        "id": "17281",
        "name": "Unfall 17281 (2017) Kat:2",
        "year": 2017,
        "ulichtverh": "",
        "strasse": "",
        "ukategorie": "2",
        "utyp1": "2",
        "uart": "4",
        "umonat": "06",
        "ustunde": "16",
        "uwochentag": "3",
        "strzustand": "0",
        "istrad": "1",
        "istpkw": "1",
        "istfuss": "0",
        "istkrad": "0"
      }
    }
,
    {
      "type": "Feature",
      "geometry": { "type": "Point", "coordinates": [9.722203983000043, 52.378352025000027] },
      "properties": {
        "id": "17283",
        "name": "Unfall 17283 (2017) Kat:2",
        "year": 2017,
        "ulichtverh": "",
        "strasse": "",
        "ukategorie": "2",
        "utyp1": "7",
        "uart": "0",
        "umonat": "06",
        "ustunde": "09",
        "uwochentag": "3",
        "strzustand": "0",
        "istrad": "1",
        "istpkw": "0",
        "istfuss": "0",
        "istkrad": "0"
      }
    }
,
    {
      "type": "Feature",
      "geometry": { "type": "Point", "coordinates": [9.756551101000071, 52.334126528000070] },
      "properties": {
        "id": "17303",
        "name": "Unfall 17303 (2017) Kat:3",
        "year": 2017,
        "ulichtverh": "",
        "strasse": "",
        "ukategorie": "3",
        "utyp1": "2",
        "uart": "3",
        "umonat": "06",
        "ustunde": "16",
        "uwochentag": "3",
        "strzustand": "0",
        "istrad": "1",
        "istpkw": "1",
        "istfuss": "0",
        "istkrad": "0"
      }
    }
,
    {
      "type": "Feature",
      "geometry": { "type": "Point", "coordinates": [9.665448965000053, 52.334015572000055] },
      "properties": {
        "id": "17304",
        "name": "Unfall 17304 (2017) Kat:3",
        "year": 2017,
        "ulichtverh": "",
        "strasse": "",
        "ukategorie": "3",
        "utyp1": "2",
        "uart": "5",
        "umonat": "06",
        "ustunde": "12",
        "uwochentag": "3",
        "strzustand": "0",
        "istrad": "1",
        "istpkw": "1",
        "istfuss": "0",
        "istkrad": "0"
      }
    }
,
    {
      "type": "Feature",
      "geometry": { "type": "Point", "coordinates": [9.507872556000052, 52.340361661000031] },
      "properties": {
        "id": "17312",
        "name": "Unfall 17312 (2017) Kat:2",
        "year": 2017,
        "ulichtverh": "",
        "strasse": "",
        "ukategorie": "2",
        "utyp1": "6",
        "uart": "4",
        "umonat": "06",
        "ustunde": "15",
        "uwochentag": "3",
        "strzustand": "0",
        "istrad": "1",
        "istpkw": "0",
        "istfuss": "0",
        "istkrad": "0"
      }
    }
,
    {
      "type": "Feature",
      "geometry": { "type": "Point", "coordinates": [9.727014892000057, 52.366566165000052] },
      "properties": {
        "id": "17330",
        "name": "Unfall 17330 (2017) Kat:2",
        "year": 2017,
        "ulichtverh": "",
        "strasse": "",
        "ukategorie": "2",
        "utyp1": "3",
        "uart": "5",
        "umonat": "07",
        "ustunde": "18",
        "uwochentag": "2",
        "strzustand": "0",
        "istrad": "1",
        "istpkw": "1",
        "istfuss": "0",
        "istkrad": "0"
      }
    }
,
    {
      "type": "Feature",
      "geometry": { "type": "Point", "coordinates": [9.730173979000028, 52.368941946000064] },
      "properties": {
        "id": "17334",
        "name": "Unfall 17334 (2017) Kat:3",
        "year": 2017,
        "ulichtverh": "",
        "strasse": "",
        "ukategorie": "3",
        "utyp1": "3",
        "uart": "0",
        "umonat": "07",
        "ustunde": "08",
        "uwochentag": "2",
        "strzustand": "0",
        "istrad": "1",
        "istpkw": "1",
        "istfuss": "0",
        "istkrad": "0"
      }
    }
,
    {
      "type": "Feature",
      "geometry": { "type": "Point", "coordinates": [9.737916869000060, 52.368402727000046] },
      "properties": {
        "id": "17336",
        "name": "Unfall 17336 (2017) Kat:3",
        "year": 2017,
        "ulichtverh": "",
        "strasse": "",
        "ukategorie": "3",
        "utyp1": "4",
        "uart": "6",
        "umonat": "07",
        "ustunde": "07",
        "uwochentag": "2",
        "strzustand": "1",
        "istrad": "1",
        "istpkw": "0",
        "istfuss": "1",
        "istkrad": "0"
      }
    }
,
    {
      "type": "Feature",
      "geometry": { "type": "Point", "coordinates": [9.663748802000043, 52.323935730000073] },
      "properties": {
        "id": "17349",
        "name": "Unfall 17349 (2017) Kat:3",
        "year": 2017,
        "ulichtverh": "",
        "strasse": "",
        "ukategorie": "3",
        "utyp1": "6",
        "uart": "6",
        "umonat": "07",
        "ustunde": "18",
        "uwochentag": "2",
        "strzustand": "0",
        "istrad": "1",
        "istpkw": "0",
        "istfuss": "1",
        "istkrad": "0"
      }
    }
,
    {
      "type": "Feature",
      "geometry": { "type": "Point", "coordinates": [9.472721364000051, 52.299837740000044] },
      "properties": {
        "id": "17351",
        "name": "Unfall 17351 (2017) Kat:3",
        "year": 2017,
        "ulichtverh": "",
        "strasse": "",
        "ukategorie": "3",
        "utyp1": "6",
        "uart": "4",
        "umonat": "07",
        "ustunde": "11",
        "uwochentag": "2",
        "strzustand": "0",
        "istrad": "1",
        "istpkw": "1",
        "istfuss": "0",
        "istkrad": "0"
      }
    }
,
    {
      "type": "Feature",
      "geometry": { "type": "Point", "coordinates": [9.777362214000050, 52.328220057000067] },
      "properties": {
        "id": "17357",
        "name": "Unfall 17357 (2017) Kat:3",
        "year": 2017,
        "ulichtverh": "",
        "strasse": "",
        "ukategorie": "3",
        "utyp1": "3",
        "uart": "5",
        "umonat": "07",
        "ustunde": "16",
        "uwochentag": "2",
        "strzustand": "0",
        "istrad": "1",
        "istpkw": "0",
        "istfuss": "0",
        "istkrad": "0"
      }
    }
,
    {
      "type": "Feature",
      "geometry": { "type": "Point", "coordinates": [9.761815120000051, 52.345926433000045] },
      "properties": {
        "id": "17364",
        "name": "Unfall 17364 (2017) Kat:3",
        "year": 2017,
        "ulichtverh": "",
        "strasse": "",
        "ukategorie": "3",
        "utyp1": "7",
        "uart": "3",
        "umonat": "07",
        "ustunde": "10",
        "uwochentag": "2",
        "strzustand": "0",
        "istrad": "1",
        "istpkw": "0",
        "istfuss": "0",
        "istkrad": "0"
      }
    }
,
    {
      "type": "Feature",
      "geometry": { "type": "Point", "coordinates": [9.745045186000027, 52.367471324000064] },
      "properties": {
        "id": "17411",
        "name": "Unfall 17411 (2017) Kat:3",
        "year": 2017,
        "ulichtverh": "",
        "strasse": "",
        "ukategorie": "3",
        "utyp1": "7",
        "uart": "0",
        "umonat": "07",
        "ustunde": "13",
        "uwochentag": "1",
        "strzustand": "0",
        "istrad": "1",
        "istpkw": "0",
        "istfuss": "0",
        "istkrad": "0"
      }
    }
,
    {
      "type": "Feature",
      "geometry": { "type": "Point", "coordinates": [9.412175702000070, 52.505227157000036] },
      "properties": {
        "id": "17431",
        "name": "Unfall 17431 (2017) Kat:3",
        "year": 2017,
        "ulichtverh": "",
        "strasse": "",
        "ukategorie": "3",
        "utyp1": "6",
        "uart": "4",
        "umonat": "07",
        "ustunde": "12",
        "uwochentag": "1",
        "strzustand": "0",
        "istrad": "1",
        "istpkw": "0",
        "istfuss": "0",
        "istkrad": "1"
      }
    }
,
    {
      "type": "Feature",
      "geometry": { "type": "Point", "coordinates": [9.744675282000060, 52.369018640000036] },
      "properties": {
        "id": "17538",
        "name": "Unfall 17538 (2017) Kat:3",
        "year": 2017,
        "ulichtverh": "",
        "strasse": "",
        "ukategorie": "3",
        "utyp1": "4",
        "uart": "6",
        "umonat": "07",
        "ustunde": "09",
        "uwochentag": "7",
        "strzustand": "0",
        "istrad": "1",
        "istpkw": "0",
        "istfuss": "1",
        "istkrad": "0"
      }
    }
,
    {
      "type": "Feature",
      "geometry": { "type": "Point", "coordinates": [9.724591235000048, 52.602993405000063] },
      "properties": {
        "id": "17539",
        "name": "Unfall 17539 (2017) Kat:3",
        "year": 2017,
        "ulichtverh": "",
        "strasse": "",
        "ukategorie": "3",
        "utyp1": "6",
        "uart": "2",
        "umonat": "07",
        "ustunde": "13",
        "uwochentag": "7",
        "strzustand": "0",
        "istrad": "1",
        "istpkw": "0",
        "istfuss": "0",
        "istkrad": "0"
      }
    }
,
    {
      "type": "Feature",
      "geometry": { "type": "Point", "coordinates": [9.724980457000072, 52.454036742000028] },
      "properties": {
        "id": "17561",
        "name": "Unfall 17561 (2017) Kat:3",
        "year": 2017,
        "ulichtverh": "",
        "strasse": "",
        "ukategorie": "3",
        "utyp1": "3",
        "uart": "5",
        "umonat": "07",
        "ustunde": "21",
        "uwochentag": "6",
        "strzustand": "1",
        "istrad": "1",
        "istpkw": "1",
        "istfuss": "0",
        "istkrad": "0"
      }
    }
,
    {
      "type": "Feature",
      "geometry": { "type": "Point", "coordinates": [9.734573449000038, 52.438433015000044] },
      "properties": {
        "id": "17566",
        "name": "Unfall 17566 (2017) Kat:1",
        "year": 2017,
        "ulichtverh": "",
        "strasse": "",
        "ukategorie": "1",
        "utyp1": "3",
        "uart": "5",
        "umonat": "07",
        "ustunde": "06",
        "uwochentag": "6",
        "strzustand": "0",
        "istrad": "1",
        "istpkw": "1",
        "istfuss": "0",
        "istkrad": "0"
      }
    }
,
    {
      "type": "Feature",
      "geometry": { "type": "Point", "coordinates": [9.726761118000070, 52.375740574000076] },
      "properties": {
        "id": "17658",
        "name": "Unfall 17658 (2017) Kat:3",
        "year": 2017,
        "ulichtverh": "",
        "strasse": "",
        "ukategorie": "3",
        "utyp1": "3",
        "uart": "5",
        "umonat": "07",
        "ustunde": "14",
        "uwochentag": "5",
        "strzustand": "0",
        "istrad": "1",
        "istpkw": "1",
        "istfuss": "0",
        "istkrad": "0"
      }
    }
,
    {
      "type": "Feature",
      "geometry": { "type": "Point", "coordinates": [9.786845448000065, 52.335272434000046] },
      "properties": {
        "id": "17660",
        "name": "Unfall 17660 (2017) Kat:3",
        "year": 2017,
        "ulichtverh": "",
        "strasse": "",
        "ukategorie": "3",
        "utyp1": "3",
        "uart": "5",
        "umonat": "07",
        "ustunde": "05",
        "uwochentag": "5",
        "strzustand": "0",
        "istrad": "1",
        "istpkw": "1",
        "istfuss": "0",
        "istkrad": "0"
      }
    }
,
    {
      "type": "Feature",
      "geometry": { "type": "Point", "coordinates": [9.929338753000025, 52.345456078000041] },
      "properties": {
        "id": "17705",
        "name": "Unfall 17705 (2017) Kat:3",
        "year": 2017,
        "ulichtverh": "",
        "strasse": "",
        "ukategorie": "3",
        "utyp1": "3",
        "uart": "5",
        "umonat": "07",
        "ustunde": "15",
        "uwochentag": "5",
        "strzustand": "0",
        "istrad": "1",
        "istpkw": "1",
        "istfuss": "0",
        "istkrad": "0"
      }
    }
,
    {
      "type": "Feature",
      "geometry": { "type": "Point", "coordinates": [9.799422205000042, 52.409502233000069] },
      "properties": {
        "id": "17749",
        "name": "Unfall 17749 (2017) Kat:3",
        "year": 2017,
        "ulichtverh": "",
        "strasse": "",
        "ukategorie": "3",
        "utyp1": "3",
        "uart": "5",
        "umonat": "07",
        "ustunde": "11",
        "uwochentag": "4",
        "strzustand": "0",
        "istrad": "1",
        "istpkw": "1",
        "istfuss": "0",
        "istkrad": "0"
      }
    }
,
    {
      "type": "Feature",
      "geometry": { "type": "Point", "coordinates": [9.359719338000048, 52.454203419000066] },
      "properties": {
        "id": "17750",
        "name": "Unfall 17750 (2017) Kat:3",
        "year": 2017,
        "ulichtverh": "",
        "strasse": "",
        "ukategorie": "3",
        "utyp1": "3",
        "uart": "5",
        "umonat": "07",
        "ustunde": "16",
        "uwochentag": "4",
        "strzustand": "0",
        "istrad": "1",
        "istpkw": "1",
        "istfuss": "0",
        "istkrad": "0"
      }
    }
,
    {
      "type": "Feature",
      "geometry": { "type": "Point", "coordinates": [9.556222434000063, 52.203303829000049] },
      "properties": {
        "id": "17757",
        "name": "Unfall 17757 (2017) Kat:3",
        "year": 2017,
        "ulichtverh": "",
        "strasse": "",
        "ukategorie": "3",
        "utyp1": "7",
        "uart": "0",
        "umonat": "07",
        "ustunde": "16",
        "uwochentag": "4",
        "strzustand": "0",
        "istrad": "1",
        "istpkw": "0",
        "istfuss": "0",
        "istkrad": "0"
      }
    }
,
    {
      "type": "Feature",
      "geometry": { "type": "Point", "coordinates": [9.764090500000066, 52.343185281000046] },
      "properties": {
        "id": "17801",
        "name": "Unfall 17801 (2017) Kat:3",
        "year": 2017,
        "ulichtverh": "",
        "strasse": "",
        "ukategorie": "3",
        "utyp1": "6",
        "uart": "3",
        "umonat": "07",
        "ustunde": "02",
        "uwochentag": "4",
        "strzustand": "0",
        "istrad": "1",
        "istpkw": "0",
        "istfuss": "0",
        "istkrad": "0"
      }
    }
,
    {
      "type": "Feature",
      "geometry": { "type": "Point", "coordinates": [9.651721015000021, 52.417114158000061] },
      "properties": {
        "id": "17803",
        "name": "Unfall 17803 (2017) Kat:3",
        "year": 2017,
        "ulichtverh": "",
        "strasse": "",
        "ukategorie": "3",
        "utyp1": "3",
        "uart": "5",
        "umonat": "07",
        "ustunde": "14",
        "uwochentag": "4",
        "strzustand": "1",
        "istrad": "1",
        "istpkw": "1",
        "istfuss": "0",
        "istkrad": "0"
      }
    }
,
    {
      "type": "Feature",
      "geometry": { "type": "Point", "coordinates": [9.733770851000031, 52.417642577000038] },
      "properties": {
        "id": "17847",
        "name": "Unfall 17847 (2017) Kat:3",
        "year": 2017,
        "ulichtverh": "",
        "strasse": "",
        "ukategorie": "3",
        "utyp1": "3",
        "uart": "5",
        "umonat": "07",
        "ustunde": "20",
        "uwochentag": "3",
        "strzustand": "0",
        "istrad": "1",
        "istpkw": "1",
        "istfuss": "0",
        "istkrad": "0"
      }
    }
,
    {
      "type": "Feature",
      "geometry": { "type": "Point", "coordinates": [9.609083254000041, 52.405958722000037] },
      "properties": {
        "id": "17857",
        "name": "Unfall 17857 (2017) Kat:3",
        "year": 2017,
        "ulichtverh": "",
        "strasse": "",
        "ukategorie": "3",
        "utyp1": "3",
        "uart": "5",
        "umonat": "07",
        "ustunde": "17",
        "uwochentag": "3",
        "strzustand": "0",
        "istrad": "1",
        "istpkw": "1",
        "istfuss": "0",
        "istkrad": "0"
      }
    }
,
    {
      "type": "Feature",
      "geometry": { "type": "Point", "coordinates": [9.944608265000056, 52.333781094000074] },
      "properties": {
        "id": "17938",
        "name": "Unfall 17938 (2017) Kat:3",
        "year": 2017,
        "ulichtverh": "",
        "strasse": "",
        "ukategorie": "3",
        "utyp1": "3",
        "uart": "5",
        "umonat": "07",
        "ustunde": "08",
        "uwochentag": "2",
        "strzustand": "0",
        "istrad": "1",
        "istpkw": "1",
        "istfuss": "0",
        "istkrad": "0"
      }
    }
,
    {
      "type": "Feature",
      "geometry": { "type": "Point", "coordinates": [9.695518440000058, 52.361352827000076] },
      "properties": {
        "id": "18000",
        "name": "Unfall 18000 (2017) Kat:2",
        "year": 2017,
        "ulichtverh": "",
        "strasse": "",
        "ukategorie": "2",
        "utyp1": "6",
        "uart": "6",
        "umonat": "07",
        "ustunde": "18",
        "uwochentag": "1",
        "strzustand": "0",
        "istrad": "1",
        "istpkw": "0",
        "istfuss": "1",
        "istkrad": "0"
      }
    }
,
    {
      "type": "Feature",
      "geometry": { "type": "Point", "coordinates": [9.637062595000032, 52.378905438000061] },
      "properties": {
        "id": "18001",
        "name": "Unfall 18001 (2017) Kat:2",
        "year": 2017,
        "ulichtverh": "",
        "strasse": "",
        "ukategorie": "2",
        "utyp1": "1",
        "uart": "8",
        "umonat": "07",
        "ustunde": "16",
        "uwochentag": "1",
        "strzustand": "1",
        "istrad": "1",
        "istpkw": "0",
        "istfuss": "0",
        "istkrad": "0"
      }
    }
,
    {
      "type": "Feature",
      "geometry": { "type": "Point", "coordinates": [9.686538427000073, 52.378857408000044] },
      "properties": {
        "id": "18017",
        "name": "Unfall 18017 (2017) Kat:3",
        "year": 2017,
        "ulichtverh": "",
        "strasse": "",
        "ukategorie": "3",
        "utyp1": "3",
        "uart": "5",
        "umonat": "08",
        "ustunde": "16",
        "uwochentag": "4",
        "strzustand": "0",
        "istrad": "1",
        "istpkw": "1",
        "istfuss": "0",
        "istkrad": "0"
      }
    }
,
    {
      "type": "Feature",
      "geometry": { "type": "Point", "coordinates": [9.604708535000043, 52.408398214000044] },
      "properties": {
        "id": "18022",
        "name": "Unfall 18022 (2017) Kat:3",
        "year": 2017,
        "ulichtverh": "",
        "strasse": "",
        "ukategorie": "3",
        "utyp1": "3",
        "uart": "5",
        "umonat": "08",
        "ustunde": "16",
        "uwochentag": "4",
        "strzustand": "0",
        "istrad": "1",
        "istpkw": "1",
        "istfuss": "0",
        "istkrad": "0"
      }
    }
,
    {
      "type": "Feature",
      "geometry": { "type": "Point", "coordinates": [9.698777366000059, 52.421020718000079] },
      "properties": {
        "id": "18167",
        "name": "Unfall 18167 (2017) Kat:2",
        "year": 2017,
        "ulichtverh": "",
        "strasse": "",
        "ukategorie": "2",
        "utyp1": "4",
        "uart": "6",
        "umonat": "08",
        "ustunde": "16",
        "uwochentag": "5",
        "strzustand": "0",
        "istrad": "1",
        "istpkw": "0",
        "istfuss": "1",
        "istkrad": "0"
      }
    }
,
    {
      "type": "Feature",
      "geometry": { "type": "Point", "coordinates": [9.733382500000062, 52.417795403000071] },
      "properties": {
        "id": "18210",
        "name": "Unfall 18210 (2017) Kat:3",
        "year": 2017,
        "ulichtverh": "",
        "strasse": "",
        "ukategorie": "3",
        "utyp1": "2",
        "uart": "5",
        "umonat": "08",
        "ustunde": "06",
        "uwochentag": "5",
        "strzustand": "1",
        "istrad": "1",
        "istpkw": "0",
        "istfuss": "0",
        "istkrad": "0"
      }
    }
,
    {
      "type": "Feature",
      "geometry": { "type": "Point", "coordinates": [9.774138757000060, 52.371231288000047] },
      "properties": {
        "id": "18211",
        "name": "Unfall 18211 (2017) Kat:3",
        "year": 2017,
        "ulichtverh": "",
        "strasse": "",
        "ukategorie": "3",
        "utyp1": "3",
        "uart": "5",
        "umonat": "08",
        "ustunde": "17",
        "uwochentag": "5",
        "strzustand": "0",
        "istrad": "1",
        "istpkw": "1",
        "istfuss": "0",
        "istkrad": "0"
      }
    }
,
    {
      "type": "Feature",
      "geometry": { "type": "Point", "coordinates": [9.733784352000043, 52.414470760000029] },
      "properties": {
        "id": "18213",
        "name": "Unfall 18213 (2017) Kat:3",
        "year": 2017,
        "ulichtverh": "",
        "strasse": "",
        "ukategorie": "3",
        "utyp1": "2",
        "uart": "5",
        "umonat": "08",
        "ustunde": "09",
        "uwochentag": "3",
        "strzustand": "0",
        "istrad": "1",
        "istpkw": "1",
        "istfuss": "0",
        "istkrad": "0"
      }
    }
,
    {
      "type": "Feature",
      "geometry": { "type": "Point", "coordinates": [9.431818992000046, 52.422476725000081] },
      "properties": {
        "id": "18215",
        "name": "Unfall 18215 (2017) Kat:3",
        "year": 2017,
        "ulichtverh": "",
        "strasse": "",
        "ukategorie": "3",
        "utyp1": "3",
        "uart": "5",
        "umonat": "08",
        "ustunde": "10",
        "uwochentag": "3",
        "strzustand": "0",
        "istrad": "1",
        "istpkw": "1",
        "istfuss": "0",
        "istkrad": "0"
      }
    }
,
    {
      "type": "Feature",
      "geometry": { "type": "Point", "coordinates": [9.726327304000051, 52.380809454000030] },
      "properties": {
        "id": "18220",
        "name": "Unfall 18220 (2017) Kat:2",
        "year": 2017,
        "ulichtverh": "",
        "strasse": "",
        "ukategorie": "2",
        "utyp1": "3",
        "uart": "5",
        "umonat": "08",
        "ustunde": "20",
        "uwochentag": "3",
        "strzustand": "0",
        "istrad": "1",
        "istpkw": "1",
        "istfuss": "0",
        "istkrad": "0"
      }
    }
,
    {
      "type": "Feature",
      "geometry": { "type": "Point", "coordinates": [9.666505345000076, 52.384405833000073] },
      "properties": {
        "id": "18224",
        "name": "Unfall 18224 (2017) Kat:3",
        "year": 2017,
        "ulichtverh": "",
        "strasse": "",
        "ukategorie": "3",
        "utyp1": "3",
        "uart": "5",
        "umonat": "08",
        "ustunde": "21",
        "uwochentag": "3",
        "strzustand": "0",
        "istrad": "1",
        "istpkw": "1",
        "istfuss": "0",
        "istkrad": "0"
      }
    }
,
    {
      "type": "Feature",
      "geometry": { "type": "Point", "coordinates": [9.799131258000045, 52.410638951000067] },
      "properties": {
        "id": "18230",
        "name": "Unfall 18230 (2017) Kat:3",
        "year": 2017,
        "ulichtverh": "",
        "strasse": "",
        "ukategorie": "3",
        "utyp1": "6",
        "uart": "3",
        "umonat": "08",
        "ustunde": "14",
        "uwochentag": "3",
        "strzustand": "0",
        "istrad": "1",
        "istpkw": "0",
        "istfuss": "0",
        "istkrad": "0"
      }
    }
,
    {
      "type": "Feature",
      "geometry": { "type": "Point", "coordinates": [9.743289999000069, 52.368193609000059] },
      "properties": {
        "id": "18290",
        "name": "Unfall 18290 (2017) Kat:3",
        "year": 2017,
        "ulichtverh": "",
        "strasse": "",
        "ukategorie": "3",
        "utyp1": "3",
        "uart": "5",
        "umonat": "07",
        "ustunde": "16",
        "uwochentag": "2",
        "strzustand": "1",
        "istrad": "1",
        "istpkw": "1",
        "istfuss": "0",
        "istkrad": "0"
      }
    }
,
    {
      "type": "Feature",
      "geometry": { "type": "Point", "coordinates": [9.847301926000057, 52.490910392000046] },
      "properties": {
        "id": "18294",
        "name": "Unfall 18294 (2017) Kat:3",
        "year": 2017,
        "ulichtverh": "",
        "strasse": "",
        "ukategorie": "3",
        "utyp1": "6",
        "uart": "6",
        "umonat": "08",
        "ustunde": "16",
        "uwochentag": "5",
        "strzustand": "0",
        "istrad": "1",
        "istpkw": "0",
        "istfuss": "1",
        "istkrad": "0"
      }
    }
,
    {
      "type": "Feature",
      "geometry": { "type": "Point", "coordinates": [9.944538865000027, 52.333808389000069] },
      "properties": {
        "id": "18296",
        "name": "Unfall 18296 (2017) Kat:3",
        "year": 2017,
        "ulichtverh": "",
        "strasse": "",
        "ukategorie": "3",
        "utyp1": "3",
        "uart": "5",
        "umonat": "07",
        "ustunde": "16",
        "uwochentag": "2",
        "strzustand": "1",
        "istrad": "1",
        "istpkw": "1",
        "istfuss": "0",
        "istkrad": "0"
      }
    }
,
    {
      "type": "Feature",
      "geometry": { "type": "Point", "coordinates": [9.841703217000031, 52.423601899000062] },
      "properties": {
        "id": "18307",
        "name": "Unfall 18307 (2017) Kat:3",
        "year": 2017,
        "ulichtverh": "",
        "strasse": "",
        "ukategorie": "3",
        "utyp1": "3",
        "uart": "5",
        "umonat": "07",
        "ustunde": "17",
        "uwochentag": "2",
        "strzustand": "1",
        "istrad": "1",
        "istpkw": "1",
        "istfuss": "0",
        "istkrad": "0"
      }
    }
,
    {
      "type": "Feature",
      "geometry": { "type": "Point", "coordinates": [9.725020426000071, 52.380225216000042] },
      "properties": {
        "id": "18368",
        "name": "Unfall 18368 (2017) Kat:3",
        "year": 2017,
        "ulichtverh": "",
        "strasse": "",
        "ukategorie": "3",
        "utyp1": "4",
        "uart": "6",
        "umonat": "08",
        "ustunde": "13",
        "uwochentag": "5",
        "strzustand": "0",
        "istrad": "1",
        "istpkw": "0",
        "istfuss": "1",
        "istkrad": "0"
      }
    }
,
    {
      "type": "Feature",
      "geometry": { "type": "Point", "coordinates": [9.723231341000030, 52.454137233000040] },
      "properties": {
        "id": "18382",
        "name": "Unfall 18382 (2017) Kat:3",
        "year": 2017,
        "ulichtverh": "",
        "strasse": "",
        "ukategorie": "3",
        "utyp1": "2",
        "uart": "5",
        "umonat": "07",
        "ustunde": "11",
        "uwochentag": "2",
        "strzustand": "0",
        "istrad": "1",
        "istpkw": "0",
        "istfuss": "0",
        "istkrad": "0"
      }
    }
,
    {
      "type": "Feature",
      "geometry": { "type": "Point", "coordinates": [9.734788333000040, 52.407246855000039] },
      "properties": {
        "id": "18393",
        "name": "Unfall 18393 (2017) Kat:3",
        "year": 2017,
        "ulichtverh": "",
        "strasse": "",
        "ukategorie": "3",
        "utyp1": "3",
        "uart": "5",
        "umonat": "07",
        "ustunde": "11",
        "uwochentag": "2",
        "strzustand": "0",
        "istrad": "1",
        "istpkw": "1",
        "istfuss": "0",
        "istkrad": "0"
      }
    }
,
    {
      "type": "Feature",
      "geometry": { "type": "Point", "coordinates": [9.825115723000067, 52.285147093000035] },
      "properties": {
        "id": "18470",
        "name": "Unfall 18470 (2017) Kat:3",
        "year": 2017,
        "ulichtverh": "",
        "strasse": "",
        "ukategorie": "3",
        "utyp1": "3",
        "uart": "5",
        "umonat": "07",
        "ustunde": "14",
        "uwochentag": "1",
        "strzustand": "0",
        "istrad": "1",
        "istpkw": "1",
        "istfuss": "0",
        "istkrad": "0"
      }
    }
,
    {
      "type": "Feature",
      "geometry": { "type": "Point", "coordinates": [9.735357656000076, 52.404565644000058] },
      "properties": {
        "id": "18527",
        "name": "Unfall 18527 (2017) Kat:3",
        "year": 2017,
        "ulichtverh": "",
        "strasse": "",
        "ukategorie": "3",
        "utyp1": "3",
        "uart": "5",
        "umonat": "07",
        "ustunde": "14",
        "uwochentag": "7",
        "strzustand": "0",
        "istrad": "1",
        "istpkw": "1",
        "istfuss": "0",
        "istkrad": "0"
      }
    }
,
    {
      "type": "Feature",
      "geometry": { "type": "Point", "coordinates": [9.426734480000050, 52.429640027000062] },
      "properties": {
        "id": "18564",
        "name": "Unfall 18564 (2017) Kat:3",
        "year": 2017,
        "ulichtverh": "",
        "strasse": "",
        "ukategorie": "3",
        "utyp1": "3",
        "uart": "5",
        "umonat": "07",
        "ustunde": "15",
        "uwochentag": "7",
        "strzustand": "0",
        "istrad": "1",
        "istpkw": "1",
        "istfuss": "0",
        "istkrad": "0"
      }
    }
,
    {
      "type": "Feature",
      "geometry": { "type": "Point", "coordinates": [9.846378755000046, 52.426354759000048] },
      "properties": {
        "id": "18628",
        "name": "Unfall 18628 (2017) Kat:3",
        "year": 2017,
        "ulichtverh": "",
        "strasse": "",
        "ukategorie": "3",
        "utyp1": "2",
        "uart": "3",
        "umonat": "07",
        "ustunde": "13",
        "uwochentag": "6",
        "strzustand": "0",
        "istrad": "1",
        "istpkw": "1",
        "istfuss": "0",
        "istkrad": "0"
      }
    }
,
    {
      "type": "Feature",
      "geometry": { "type": "Point", "coordinates": [9.726787942000044, 52.544515018000027] },
      "properties": {
        "id": "18645",
        "name": "Unfall 18645 (2017) Kat:3",
        "year": 2017,
        "ulichtverh": "",
        "strasse": "",
        "ukategorie": "3",
        "utyp1": "3",
        "uart": "5",
        "umonat": "07",
        "ustunde": "11",
        "uwochentag": "6",
        "strzustand": "0",
        "istrad": "1",
        "istpkw": "1",
        "istfuss": "0",
        "istkrad": "0"
      }
    }
,
    {
      "type": "Feature",
      "geometry": { "type": "Point", "coordinates": [9.808776352000052, 52.409014409000065] },
      "properties": {
        "id": "18648",
        "name": "Unfall 18648 (2017) Kat:3",
        "year": 2017,
        "ulichtverh": "",
        "strasse": "",
        "ukategorie": "3",
        "utyp1": "4",
        "uart": "0",
        "umonat": "07",
        "ustunde": "16",
        "uwochentag": "6",
        "strzustand": "0",
        "istrad": "1",
        "istpkw": "0",
        "istfuss": "1",
        "istkrad": "0"
      }
    }
,
    {
      "type": "Feature",
      "geometry": { "type": "Point", "coordinates": [9.774965549000058, 52.371276578000050] },
      "properties": {
        "id": "18659",
        "name": "Unfall 18659 (2017) Kat:3",
        "year": 2017,
        "ulichtverh": "",
        "strasse": "",
        "ukategorie": "3",
        "utyp1": "2",
        "uart": "5",
        "umonat": "08",
        "ustunde": "17",
        "uwochentag": "5",
        "strzustand": "0",
        "istrad": "1",
        "istpkw": "0",
        "istfuss": "0",
        "istkrad": "0"
      }
    }
,
    {
      "type": "Feature",
      "geometry": { "type": "Point", "coordinates": [9.734434770000064, 52.412357352000072] },
      "properties": {
        "id": "18661",
        "name": "Unfall 18661 (2017) Kat:3",
        "year": 2017,
        "ulichtverh": "",
        "strasse": "",
        "ukategorie": "3",
        "utyp1": "2",
        "uart": "5",
        "umonat": "07",
        "ustunde": "13",
        "uwochentag": "6",
        "strzustand": "0",
        "istrad": "1",
        "istpkw": "1",
        "istfuss": "0",
        "istkrad": "0"
      }
    }
,
    {
      "type": "Feature",
      "geometry": { "type": "Point", "coordinates": [9.826235187000066, 52.362357083000063] },
      "properties": {
        "id": "18665",
        "name": "Unfall 18665 (2017) Kat:3",
        "year": 2017,
        "ulichtverh": "",
        "strasse": "",
        "ukategorie": "3",
        "utyp1": "7",
        "uart": "0",
        "umonat": "07",
        "ustunde": "11",
        "uwochentag": "6",
        "strzustand": "0",
        "istrad": "1",
        "istpkw": "0",
        "istfuss": "0",
        "istkrad": "0"
      }
    }
,
    {
      "type": "Feature",
      "geometry": { "type": "Point", "coordinates": [9.727166981000039, 52.439061122000055] },
      "properties": {
        "id": "18735",
        "name": "Unfall 18735 (2017) Kat:3",
        "year": 2017,
        "ulichtverh": "",
        "strasse": "",
        "ukategorie": "3",
        "utyp1": "3",
        "uart": "5",
        "umonat": "07",
        "ustunde": "14",
        "uwochentag": "5",
        "strzustand": "0",
        "istrad": "1",
        "istpkw": "1",
        "istfuss": "0",
        "istkrad": "0"
      }
    }
,
    {
      "type": "Feature",
      "geometry": { "type": "Point", "coordinates": [9.812857331000032, 52.305231747000050] },
      "properties": {
        "id": "18843",
        "name": "Unfall 18843 (2017) Kat:3",
        "year": 2017,
        "ulichtverh": "",
        "strasse": "",
        "ukategorie": "3",
        "utyp1": "3",
        "uart": "5",
        "umonat": "07",
        "ustunde": "15",
        "uwochentag": "4",
        "strzustand": "0",
        "istrad": "1",
        "istpkw": "1",
        "istfuss": "0",
        "istkrad": "0"
      }
    }
,
    {
      "type": "Feature",
      "geometry": { "type": "Point", "coordinates": [9.964092740000069, 52.310624871000073] },
      "properties": {
        "id": "18849",
        "name": "Unfall 18849 (2017) Kat:2",
        "year": 2017,
        "ulichtverh": "",
        "strasse": "",
        "ukategorie": "2",
        "utyp1": "3",
        "uart": "5",
        "umonat": "07",
        "ustunde": "09",
        "uwochentag": "4",
        "strzustand": "0",
        "istrad": "1",
        "istpkw": "0",
        "istfuss": "0",
        "istkrad": "0"
      }
    }
,
    {
      "type": "Feature",
      "geometry": { "type": "Point", "coordinates": [9.620316936000052, 52.354961288000027] },
      "properties": {
        "id": "18885",
        "name": "Unfall 18885 (2017) Kat:2",
        "year": 2017,
        "ulichtverh": "",
        "strasse": "",
        "ukategorie": "2",
        "utyp1": "1",
        "uart": "8",
        "umonat": "08",
        "ustunde": "18",
        "uwochentag": "7",
        "strzustand": "0",
        "istrad": "1",
        "istpkw": "0",
        "istfuss": "0",
        "istkrad": "0"
      }
    }
,
    {
      "type": "Feature",
      "geometry": { "type": "Point", "coordinates": [9.845517701000063, 52.389985916000057] },
      "properties": {
        "id": "18914",
        "name": "Unfall 18914 (2017) Kat:3",
        "year": 2017,
        "ulichtverh": "",
        "strasse": "",
        "ukategorie": "3",
        "utyp1": "3",
        "uart": "5",
        "umonat": "08",
        "ustunde": "17",
        "uwochentag": "2",
        "strzustand": "0",
        "istrad": "1",
        "istpkw": "1",
        "istfuss": "0",
        "istkrad": "0"
      }
    }
,
    {
      "type": "Feature",
      "geometry": { "type": "Point", "coordinates": [9.456793784000070, 52.490417080000043] },
      "properties": {
        "id": "18918",
        "name": "Unfall 18918 (2017) Kat:3",
        "year": 2017,
        "ulichtverh": "",
        "strasse": "",
        "ukategorie": "3",
        "utyp1": "6",
        "uart": "3",
        "umonat": "08",
        "ustunde": "07",
        "uwochentag": "5",
        "strzustand": "0",
        "istrad": "1",
        "istpkw": "0",
        "istfuss": "0",
        "istkrad": "0"
      }
    }
,
    {
      "type": "Feature",
      "geometry": { "type": "Point", "coordinates": [9.492078640000045, 52.290757655000050] },
      "properties": {
        "id": "18919",
        "name": "Unfall 18919 (2017) Kat:3",
        "year": 2017,
        "ulichtverh": "",
        "strasse": "",
        "ukategorie": "3",
        "utyp1": "7",
        "uart": "0",
        "umonat": "08",
        "ustunde": "20",
        "uwochentag": "5",
        "strzustand": "0",
        "istrad": "1",
        "istpkw": "0",
        "istfuss": "1",
        "istkrad": "0"
      }
    }
,
    {
      "type": "Feature",
      "geometry": { "type": "Point", "coordinates": [9.733055098000023, 52.319088477000037] },
      "properties": {
        "id": "18935",
        "name": "Unfall 18935 (2017) Kat:2",
        "year": 2017,
        "ulichtverh": "",
        "strasse": "",
        "ukategorie": "2",
        "utyp1": "3",
        "uart": "0",
        "umonat": "08",
        "ustunde": "18",
        "uwochentag": "2",
        "strzustand": "0",
        "istrad": "1",
        "istpkw": "1",
        "istfuss": "0",
        "istkrad": "0"
      }
    }
,
    {
      "type": "Feature",
      "geometry": { "type": "Point", "coordinates": [9.852404259000025, 52.389831946000072] },
      "properties": {
        "id": "18938",
        "name": "Unfall 18938 (2017) Kat:3",
        "year": 2017,
        "ulichtverh": "",
        "strasse": "",
        "ukategorie": "3",
        "utyp1": "2",
        "uart": "5",
        "umonat": "08",
        "ustunde": "15",
        "uwochentag": "2",
        "strzustand": "0",
        "istrad": "1",
        "istpkw": "1",
        "istfuss": "0",
        "istkrad": "0"
      }
    }
,
    {
      "type": "Feature",
      "geometry": { "type": "Point", "coordinates": [9.782717384000023, 52.324178059000076] },
      "properties": {
        "id": "19055",
        "name": "Unfall 19055 (2017) Kat:3",
        "year": 2017,
        "ulichtverh": "",
        "strasse": "",
        "ukategorie": "3",
        "utyp1": "7",
        "uart": "9",
        "umonat": "08",
        "ustunde": "15",
        "uwochentag": "4",
        "strzustand": "0",
        "istrad": "1",
        "istpkw": "0",
        "istfuss": "0",
        "istkrad": "0"
      }
    }
,
    {
      "type": "Feature",
      "geometry": { "type": "Point", "coordinates": [9.714248989000055, 52.398928782000041] },
      "properties": {
        "id": "19070",
        "name": "Unfall 19070 (2017) Kat:3",
        "year": 2017,
        "ulichtverh": "",
        "strasse": "",
        "ukategorie": "3",
        "utyp1": "3",
        "uart": "5",
        "umonat": "08",
        "ustunde": "12",
        "uwochentag": "3",
        "strzustand": "0",
        "istrad": "1",
        "istpkw": "0",
        "istfuss": "0",
        "istkrad": "0"
      }
    }
,
    {
      "type": "Feature",
      "geometry": { "type": "Point", "coordinates": [9.768244418000052, 52.337977484000078] },
      "properties": {
        "id": "19074",
        "name": "Unfall 19074 (2017) Kat:2",
        "year": 2017,
        "ulichtverh": "",
        "strasse": "",
        "ukategorie": "2",
        "utyp1": "4",
        "uart": "0",
        "umonat": "08",
        "ustunde": "08",
        "uwochentag": "4",
        "strzustand": "0",
        "istrad": "1",
        "istpkw": "0",
        "istfuss": "1",
        "istkrad": "0"
      }
    }
,
    {
      "type": "Feature",
      "geometry": { "type": "Point", "coordinates": [9.827247853000074, 52.351714138000034] },
      "properties": {
        "id": "19077",
        "name": "Unfall 19077 (2017) Kat:3",
        "year": 2017,
        "ulichtverh": "",
        "strasse": "",
        "ukategorie": "3",
        "utyp1": "7",
        "uart": "6",
        "umonat": "08",
        "ustunde": "13",
        "uwochentag": "4",
        "strzustand": "0",
        "istrad": "1",
        "istpkw": "0",
        "istfuss": "1",
        "istkrad": "0"
      }
    }
,
    {
      "type": "Feature",
      "geometry": { "type": "Point", "coordinates": [9.667346324000050, 52.377070328000059] },
      "properties": {
        "id": "19132",
        "name": "Unfall 19132 (2017) Kat:3",
        "year": 2017,
        "ulichtverh": "",
        "strasse": "",
        "ukategorie": "3",
        "utyp1": "6",
        "uart": "4",
        "umonat": "08",
        "ustunde": "18",
        "uwochentag": "4",
        "strzustand": "0",
        "istrad": "1",
        "istpkw": "0",
        "istfuss": "1",
        "istkrad": "0"
      }
    }
,
    {
      "type": "Feature",
      "geometry": { "type": "Point", "coordinates": [9.797958232000042, 52.413176190000058] },
      "properties": {
        "id": "19197",
        "name": "Unfall 19197 (2017) Kat:3",
        "year": 2017,
        "ulichtverh": "",
        "strasse": "",
        "ukategorie": "3",
        "utyp1": "2",
        "uart": "5",
        "umonat": "08",
        "ustunde": "09",
        "uwochentag": "3",
        "strzustand": "0",
        "istrad": "1",
        "istpkw": "1",
        "istfuss": "0",
        "istkrad": "0"
      }
    }
,
    {
      "type": "Feature",
      "geometry": { "type": "Point", "coordinates": [9.621334776000026, 52.406720776000043] },
      "properties": {
        "id": "19200",
        "name": "Unfall 19200 (2017) Kat:3",
        "year": 2017,
        "ulichtverh": "",
        "strasse": "",
        "ukategorie": "3",
        "utyp1": "3",
        "uart": "5",
        "umonat": "08",
        "ustunde": "08",
        "uwochentag": "3",
        "strzustand": "0",
        "istrad": "1",
        "istpkw": "1",
        "istfuss": "0",
        "istkrad": "0"
      }
    }
,
    {
      "type": "Feature",
      "geometry": { "type": "Point", "coordinates": [9.733844772000055, 52.469662660000040] },
      "properties": {
        "id": "19228",
        "name": "Unfall 19228 (2017) Kat:3",
        "year": 2017,
        "ulichtverh": "",
        "strasse": "",
        "ukategorie": "3",
        "utyp1": "3",
        "uart": "5",
        "umonat": "08",
        "ustunde": "16",
        "uwochentag": "3",
        "strzustand": "0",
        "istrad": "1",
        "istpkw": "1",
        "istfuss": "0",
        "istkrad": "0"
      }
    }
,
    {
      "type": "Feature",
      "geometry": { "type": "Point", "coordinates": [9.578238860000056, 52.284138544000029] },
      "properties": {
        "id": "19301",
        "name": "Unfall 19301 (2017) Kat:1",
        "year": 2017,
        "ulichtverh": "",
        "strasse": "",
        "ukategorie": "1",
        "utyp1": "2",
        "uart": "5",
        "umonat": "08",
        "ustunde": "10",
        "uwochentag": "5",
        "strzustand": "1",
        "istrad": "1",
        "istpkw": "0",
        "istfuss": "0",
        "istkrad": "0"
      }
    }
,
    {
      "type": "Feature",
      "geometry": { "type": "Point", "coordinates": [9.809040825000068, 52.379438189000041] },
      "properties": {
        "id": "19371",
        "name": "Unfall 19371 (2017) Kat:3",
        "year": 2017,
        "ulichtverh": "",
        "strasse": "",
        "ukategorie": "3",
        "utyp1": "3",
        "uart": "5",
        "umonat": "08",
        "ustunde": "17",
        "uwochentag": "2",
        "strzustand": "0",
        "istrad": "1",
        "istpkw": "1",
        "istfuss": "0",
        "istkrad": "0"
      }
    }
,
    {
      "type": "Feature",
      "geometry": { "type": "Point", "coordinates": [9.707224759000042, 52.424343815000043] },
      "properties": {
        "id": "19372",
        "name": "Unfall 19372 (2017) Kat:3",
        "year": 2017,
        "ulichtverh": "",
        "strasse": "",
        "ukategorie": "3",
        "utyp1": "3",
        "uart": "5",
        "umonat": "08",
        "ustunde": "17",
        "uwochentag": "2",
        "strzustand": "0",
        "istrad": "1",
        "istpkw": "1",
        "istfuss": "0",
        "istkrad": "0"
      }
    }
,
    {
      "type": "Feature",
      "geometry": { "type": "Point", "coordinates": [9.591580727000064, 52.211203529000045] },
      "properties": {
        "id": "19375",
        "name": "Unfall 19375 (2017) Kat:3",
        "year": 2017,
        "ulichtverh": "",
        "strasse": "",
        "ukategorie": "3",
        "utyp1": "3",
        "uart": "5",
        "umonat": "08",
        "ustunde": "07",
        "uwochentag": "2",
        "strzustand": "0",
        "istrad": "1",
        "istpkw": "0",
        "istfuss": "0",
        "istkrad": "0"
      }
    }
,
    {
      "type": "Feature",
      "geometry": { "type": "Point", "coordinates": [9.611680136000075, 52.436885725000081] },
      "properties": {
        "id": "19379",
        "name": "Unfall 19379 (2017) Kat:3",
        "year": 2017,
        "ulichtverh": "",
        "strasse": "",
        "ukategorie": "3",
        "utyp1": "2",
        "uart": "5",
        "umonat": "08",
        "ustunde": "14",
        "uwochentag": "2",
        "strzustand": "0",
        "istrad": "1",
        "istpkw": "1",
        "istfuss": "0",
        "istkrad": "0"
      }
    }
,
    {
      "type": "Feature",
      "geometry": { "type": "Point", "coordinates": [9.728882511000052, 52.372970866000060] },
      "properties": {
        "id": "19451",
        "name": "Unfall 19451 (2017) Kat:3",
        "year": 2017,
        "ulichtverh": "",
        "strasse": "",
        "ukategorie": "3",
        "utyp1": "2",
        "uart": "5",
        "umonat": "08",
        "ustunde": "17",
        "uwochentag": "7",
        "strzustand": "0",
        "istrad": "1",
        "istpkw": "1",
        "istfuss": "0",
        "istkrad": "0"
      }
    }
,
    {
      "type": "Feature",
      "geometry": { "type": "Point", "coordinates": [9.737772941000060, 52.464526841000065] },
      "properties": {
        "id": "19454",
        "name": "Unfall 19454 (2017) Kat:3",
        "year": 2017,
        "ulichtverh": "",
        "strasse": "",
        "ukategorie": "3",
        "utyp1": "2",
        "uart": "5",
        "umonat": "08",
        "ustunde": "10",
        "uwochentag": "5",
        "strzustand": "1",
        "istrad": "1",
        "istpkw": "0",
        "istfuss": "0",
        "istkrad": "0"
      }
    }
,
    {
      "type": "Feature",
      "geometry": { "type": "Point", "coordinates": [9.685814619000041, 52.374888847000079] },
      "properties": {
        "id": "19555",
        "name": "Unfall 19555 (2017) Kat:3",
        "year": 2017,
        "ulichtverh": "",
        "strasse": "",
        "ukategorie": "3",
        "utyp1": "3",
        "uart": "0",
        "umonat": "08",
        "ustunde": "22",
        "uwochentag": "6",
        "strzustand": "1",
        "istrad": "1",
        "istpkw": "1",
        "istfuss": "0",
        "istkrad": "0"
      }
    }
,
    {
      "type": "Feature",
      "geometry": { "type": "Point", "coordinates": [9.834523540000021, 52.337807541000075] },
      "properties": {
        "id": "19558",
        "name": "Unfall 19558 (2017) Kat:3",
        "year": 2017,
        "ulichtverh": "",
        "strasse": "",
        "ukategorie": "3",
        "utyp1": "7",
        "uart": "0",
        "umonat": "08",
        "ustunde": "07",
        "uwochentag": "6",
        "strzustand": "0",
        "istrad": "1",
        "istpkw": "0",
        "istfuss": "0",
        "istkrad": "0"
      }
    }
,
    {
      "type": "Feature",
      "geometry": { "type": "Point", "coordinates": [9.578105101000062, 52.366577827000071] },
      "properties": {
        "id": "19567",
        "name": "Unfall 19567 (2017) Kat:2",
        "year": 2017,
        "ulichtverh": "",
        "strasse": "",
        "ukategorie": "2",
        "utyp1": "7",
        "uart": "0",
        "umonat": "08",
        "ustunde": "13",
        "uwochentag": "1",
        "strzustand": "0",
        "istrad": "1",
        "istpkw": "0",
        "istfuss": "0",
        "istkrad": "0"
      }
    }
,
    {
      "type": "Feature",
      "geometry": { "type": "Point", "coordinates": [9.534329241000023, 52.461608712000043] },
      "properties": {
        "id": "19583",
        "name": "Unfall 19583 (2017) Kat:3",
        "year": 2017,
        "ulichtverh": "",
        "strasse": "",
        "ukategorie": "3",
        "utyp1": "3",
        "uart": "5",
        "umonat": "08",
        "ustunde": "12",
        "uwochentag": "6",
        "strzustand": "1",
        "istrad": "1",
        "istpkw": "1",
        "istfuss": "0",
        "istkrad": "0"
      }
    }
,
    {
      "type": "Feature",
      "geometry": { "type": "Point", "coordinates": [9.652146284000025, 52.415329461000056] },
      "properties": {
        "id": "19598",
        "name": "Unfall 19598 (2017) Kat:3",
        "year": 2017,
        "ulichtverh": "",
        "strasse": "",
        "ukategorie": "3",
        "utyp1": "2",
        "uart": "4",
        "umonat": "08",
        "ustunde": "07",
        "uwochentag": "6",
        "strzustand": "0",
        "istrad": "1",
        "istpkw": "1",
        "istfuss": "0",
        "istkrad": "0"
      }
    }
,
    {
      "type": "Feature",
      "geometry": { "type": "Point", "coordinates": [9.572447687000022, 52.623050059000036] },
      "properties": {
        "id": "19632",
        "name": "Unfall 19632 (2017) Kat:2",
        "year": 2017,
        "ulichtverh": "",
        "strasse": "",
        "ukategorie": "2",
        "utyp1": "6",
        "uart": "2",
        "umonat": "08",
        "ustunde": "11",
        "uwochentag": "5",
        "strzustand": "1",
        "istrad": "1",
        "istpkw": "0",
        "istfuss": "0",
        "istkrad": "0"
      }
    }
,
    {
      "type": "Feature",
      "geometry": { "type": "Point", "coordinates": [9.596054562000063, 52.394974738000030] },
      "properties": {
        "id": "19654",
        "name": "Unfall 19654 (2017) Kat:3",
        "year": 2017,
        "ulichtverh": "",
        "strasse": "",
        "ukategorie": "3",
        "utyp1": "5",
        "uart": "1",
        "umonat": "08",
        "ustunde": "15",
        "uwochentag": "6",
        "strzustand": "0",
        "istrad": "1",
        "istpkw": "1",
        "istfuss": "0",
        "istkrad": "0"
      }
    }
,
    {
      "type": "Feature",
      "geometry": { "type": "Point", "coordinates": [9.730627799000047, 52.313619429000028] },
      "properties": {
        "id": "19709",
        "name": "Unfall 19709 (2017) Kat:3",
        "year": 2017,
        "ulichtverh": "",
        "strasse": "",
        "ukategorie": "3",
        "utyp1": "6",
        "uart": "4",
        "umonat": "08",
        "ustunde": "22",
        "uwochentag": "6",
        "strzustand": "1",
        "istrad": "1",
        "istpkw": "0",
        "istfuss": "0",
        "istkrad": "0"
      }
    }
,
    {
      "type": "Feature",
      "geometry": { "type": "Point", "coordinates": [10.059997221000060, 52.395065122000062] },
      "properties": {
        "id": "19759",
        "name": "Unfall 19759 (2017) Kat:3",
        "year": 2017,
        "ulichtverh": "",
        "strasse": "",
        "ukategorie": "3",
        "utyp1": "1",
        "uart": "0",
        "umonat": "08",
        "ustunde": "09",
        "uwochentag": "7",
        "strzustand": "0",
        "istrad": "1",
        "istpkw": "0",
        "istfuss": "0",
        "istkrad": "0"
      }
    }
,
    {
      "type": "Feature",
      "geometry": { "type": "Point", "coordinates": [9.639509154000052, 52.396783025000047] },
      "properties": {
        "id": "19865",
        "name": "Unfall 19865 (2017) Kat:3",
        "year": 2017,
        "ulichtverh": "",
        "strasse": "",
        "ukategorie": "3",
        "utyp1": "2",
        "uart": "3",
        "umonat": "08",
        "ustunde": "14",
        "uwochentag": "5",
        "strzustand": "0",
        "istrad": "1",
        "istpkw": "1",
        "istfuss": "0",
        "istkrad": "0"
      }
    }
,
    {
      "type": "Feature",
      "geometry": { "type": "Point", "coordinates": [9.836272193000070, 52.387160373000029] },
      "properties": {
        "id": "19869",
        "name": "Unfall 19869 (2017) Kat:2",
        "year": 2017,
        "ulichtverh": "",
        "strasse": "",
        "ukategorie": "2",
        "utyp1": "2",
        "uart": "5",
        "umonat": "08",
        "ustunde": "16",
        "uwochentag": "5",
        "strzustand": "0",
        "istrad": "1",
        "istpkw": "0",
        "istfuss": "0",
        "istkrad": "0"
      }
    }
,
    {
      "type": "Feature",
      "geometry": { "type": "Point", "coordinates": [9.818251070000031, 52.409232271000064] },
      "properties": {
        "id": "19870",
        "name": "Unfall 19870 (2017) Kat:3",
        "year": 2017,
        "ulichtverh": "",
        "strasse": "",
        "ukategorie": "3",
        "utyp1": "4",
        "uart": "6",
        "umonat": "08",
        "ustunde": "15",
        "uwochentag": "5",
        "strzustand": "0",
        "istrad": "1",
        "istpkw": "0",
        "istfuss": "1",
        "istkrad": "0"
      }
    }
,
    {
      "type": "Feature",
      "geometry": { "type": "Point", "coordinates": [9.725099000000057, 52.377017857000055] },
      "properties": {
        "id": "19872",
        "name": "Unfall 19872 (2017) Kat:3",
        "year": 2017,
        "ulichtverh": "",
        "strasse": "",
        "ukategorie": "3",
        "utyp1": "2",
        "uart": "5",
        "umonat": "08",
        "ustunde": "09",
        "uwochentag": "5",
        "strzustand": "0",
        "istrad": "1",
        "istpkw": "1",
        "istfuss": "0",
        "istkrad": "0"
      }
    }
,
    {
      "type": "Feature",
      "geometry": { "type": "Point", "coordinates": [9.431486672000062, 52.422747566000055] },
      "properties": {
        "id": "19933",
        "name": "Unfall 19933 (2017) Kat:3",
        "year": 2017,
        "ulichtverh": "",
        "strasse": "",
        "ukategorie": "3",
        "utyp1": "6",
        "uart": "6",
        "umonat": "08",
        "ustunde": "17",
        "uwochentag": "4",
        "strzustand": "0",
        "istrad": "1",
        "istpkw": "0",
        "istfuss": "1",
        "istkrad": "0"
      }
    }
,
    {
      "type": "Feature",
      "geometry": { "type": "Point", "coordinates": [9.603334371000074, 52.393855340000073] },
      "properties": {
        "id": "19935",
        "name": "Unfall 19935 (2017) Kat:3",
        "year": 2017,
        "ulichtverh": "",
        "strasse": "",
        "ukategorie": "3",
        "utyp1": "3",
        "uart": "0",
        "umonat": "08",
        "ustunde": "19",
        "uwochentag": "4",
        "strzustand": "0",
        "istrad": "1",
        "istpkw": "0",
        "istfuss": "0",
        "istkrad": "0"
      }
    }
,
    {
      "type": "Feature",
      "geometry": { "type": "Point", "coordinates": [9.741863701000057, 52.459987404000060] },
      "properties": {
        "id": "19936",
        "name": "Unfall 19936 (2017) Kat:3",
        "year": 2017,
        "ulichtverh": "",
        "strasse": "",
        "ukategorie": "3",
        "utyp1": "2",
        "uart": "3",
        "umonat": "08",
        "ustunde": "10",
        "uwochentag": "4",
        "strzustand": "0",
        "istrad": "1",
        "istpkw": "1",
        "istfuss": "0",
        "istkrad": "0"
      }
    }
,
    {
      "type": "Feature",
      "geometry": { "type": "Point", "coordinates": [9.793417260000069, 52.415328259000034] },
      "properties": {
        "id": "20002",
        "name": "Unfall 20002 (2017) Kat:3",
        "year": 2017,
        "ulichtverh": "",
        "strasse": "",
        "ukategorie": "3",
        "utyp1": "2",
        "uart": "5",
        "umonat": "08",
        "ustunde": "12",
        "uwochentag": "3",
        "strzustand": "0",
        "istrad": "1",
        "istpkw": "1",
        "istfuss": "0",
        "istkrad": "0"
      }
    }
,
    {
      "type": "Feature",
      "geometry": { "type": "Point", "coordinates": [9.471892120000064, 52.504103566000026] },
      "properties": {
        "id": "20031",
        "name": "Unfall 20031 (2017) Kat:3",
        "year": 2017,
        "ulichtverh": "",
        "strasse": "",
        "ukategorie": "3",
        "utyp1": "1",
        "uart": "0",
        "umonat": "08",
        "ustunde": "17",
        "uwochentag": "1",
        "strzustand": "0",
        "istrad": "1",
        "istpkw": "0",
        "istfuss": "0",
        "istkrad": "0"
      }
    }
,
    {
      "type": "Feature",
      "geometry": { "type": "Point", "coordinates": [9.963673527000026, 52.313969868000072] },
      "properties": {
        "id": "20038",
        "name": "Unfall 20038 (2017) Kat:3",
        "year": 2017,
        "ulichtverh": "",
        "strasse": "",
        "ukategorie": "3",
        "utyp1": "3",
        "uart": "5",
        "umonat": "08",
        "ustunde": "16",
        "uwochentag": "5",
        "strzustand": "0",
        "istrad": "1",
        "istpkw": "1",
        "istfuss": "0",
        "istkrad": "0"
      }
    }
,
    {
      "type": "Feature",
      "geometry": { "type": "Point", "coordinates": [9.997668045000069, 52.452432768000051] },
      "properties": {
        "id": "20039",
        "name": "Unfall 20039 (2017) Kat:3",
        "year": 2017,
        "ulichtverh": "",
        "strasse": "",
        "ukategorie": "3",
        "utyp1": "3",
        "uart": "5",
        "umonat": "08",
        "ustunde": "13",
        "uwochentag": "5",
        "strzustand": "0",
        "istrad": "1",
        "istpkw": "1",
        "istfuss": "0",
        "istkrad": "0"
      }
    }
,
    {
      "type": "Feature",
      "geometry": { "type": "Point", "coordinates": [9.827188268000043, 52.349404186000072] },
      "properties": {
        "id": "20043",
        "name": "Unfall 20043 (2017) Kat:2",
        "year": 2017,
        "ulichtverh": "",
        "strasse": "",
        "ukategorie": "2",
        "utyp1": "3",
        "uart": "5",
        "umonat": "08",
        "ustunde": "11",
        "uwochentag": "5",
        "strzustand": "1",
        "istrad": "1",
        "istpkw": "1",
        "istfuss": "0",
        "istkrad": "0"
      }
    }
,
    {
      "type": "Feature",
      "geometry": { "type": "Point", "coordinates": [9.793231422000076, 52.415342648000035] },
      "properties": {
        "id": "20044",
        "name": "Unfall 20044 (2017) Kat:3",
        "year": 2017,
        "ulichtverh": "",
        "strasse": "",
        "ukategorie": "3",
        "utyp1": "2",
        "uart": "5",
        "umonat": "08",
        "ustunde": "07",
        "uwochentag": "5",
        "strzustand": "0",
        "istrad": "1",
        "istpkw": "1",
        "istfuss": "0",
        "istkrad": "0"
      }
    }
,
    {
      "type": "Feature",
      "geometry": { "type": "Point", "coordinates": [9.762901311000064, 52.344677660000059] },
      "properties": {
        "id": "20095",
        "name": "Unfall 20095 (2017) Kat:3",
        "year": 2017,
        "ulichtverh": "",
        "strasse": "",
        "ukategorie": "3",
        "utyp1": "1",
        "uart": "0",
        "umonat": "08",
        "ustunde": "15",
        "uwochentag": "4",
        "strzustand": "0",
        "istrad": "1",
        "istpkw": "0",
        "istfuss": "0",
        "istkrad": "0"
      }
    }
,
    {
      "type": "Feature",
      "geometry": { "type": "Point", "coordinates": [9.475751181000021, 52.297865630000047] },
      "properties": {
        "id": "20096",
        "name": "Unfall 20096 (2017) Kat:3",
        "year": 2017,
        "ulichtverh": "",
        "strasse": "",
        "ukategorie": "3",
        "utyp1": "2",
        "uart": "5",
        "umonat": "08",
        "ustunde": "12",
        "uwochentag": "4",
        "strzustand": "0",
        "istrad": "1",
        "istpkw": "1",
        "istfuss": "0",
        "istkrad": "0"
      }
    }
,
    {
      "type": "Feature",
      "geometry": { "type": "Point", "coordinates": [9.754306709000048, 52.355369707000079] },
      "properties": {
        "id": "20100",
        "name": "Unfall 20100 (2017) Kat:3",
        "year": 2017,
        "ulichtverh": "",
        "strasse": "",
        "ukategorie": "3",
        "utyp1": "2",
        "uart": "0",
        "umonat": "08",
        "ustunde": "08",
        "uwochentag": "4",
        "strzustand": "0",
        "istrad": "1",
        "istpkw": "1",
        "istfuss": "0",
        "istkrad": "0"
      }
    }
,
    {
      "type": "Feature",
      "geometry": { "type": "Point", "coordinates": [9.757145071000025, 52.319681947000049] },
      "properties": {
        "id": "20158",
        "name": "Unfall 20158 (2017) Kat:3",
        "year": 2017,
        "ulichtverh": "",
        "strasse": "",
        "ukategorie": "3",
        "utyp1": "3",
        "uart": "5",
        "umonat": "08",
        "ustunde": "18",
        "uwochentag": "3",
        "strzustand": "0",
        "istrad": "1",
        "istpkw": "1",
        "istfuss": "0",
        "istkrad": "0"
      }
    }
,
    {
      "type": "Feature",
      "geometry": { "type": "Point", "coordinates": [9.842303575000074, 52.424168702000031] },
      "properties": {
        "id": "20221",
        "name": "Unfall 20221 (2017) Kat:3",
        "year": 2017,
        "ulichtverh": "",
        "strasse": "",
        "ukategorie": "3",
        "utyp1": "1",
        "uart": "9",
        "umonat": "08",
        "ustunde": "11",
        "uwochentag": "2",
        "strzustand": "0",
        "istrad": "1",
        "istpkw": "0",
        "istfuss": "0",
        "istkrad": "0"
      }
    }
,
    {
      "type": "Feature",
      "geometry": { "type": "Point", "coordinates": [9.830415665000032, 52.361078330000055] },
      "properties": {
        "id": "20223",
        "name": "Unfall 20223 (2017) Kat:3",
        "year": 2017,
        "ulichtverh": "",
        "strasse": "",
        "ukategorie": "3",
        "utyp1": "7",
        "uart": "0",
        "umonat": "08",
        "ustunde": "10",
        "uwochentag": "2",
        "strzustand": "0",
        "istrad": "1",
        "istpkw": "0",
        "istfuss": "0",
        "istkrad": "0"
      }
    }
,
    {
      "type": "Feature",
      "geometry": { "type": "Point", "coordinates": [9.356784993000076, 52.447474784000065] },
      "properties": {
        "id": "20257",
        "name": "Unfall 20257 (2017) Kat:3",
        "year": 2017,
        "ulichtverh": "",
        "strasse": "",
        "ukategorie": "3",
        "utyp1": "1",
        "uart": "9",
        "umonat": "08",
        "ustunde": "00",
        "uwochentag": "1",
        "strzustand": "1",
        "istrad": "1",
        "istpkw": "0",
        "istfuss": "0",
        "istkrad": "0"
      }
    }
,
    {
      "type": "Feature",
      "geometry": { "type": "Point", "coordinates": [9.733891364000044, 52.368912332000036] },
      "properties": {
        "id": "20303",
        "name": "Unfall 20303 (2017) Kat:3",
        "year": 2017,
        "ulichtverh": "",
        "strasse": "",
        "ukategorie": "3",
        "utyp1": "2",
        "uart": "5",
        "umonat": "08",
        "ustunde": "15",
        "uwochentag": "7",
        "strzustand": "0",
        "istrad": "1",
        "istpkw": "1",
        "istfuss": "0",
        "istkrad": "0"
      }
    }
,
    {
      "type": "Feature",
      "geometry": { "type": "Point", "coordinates": [9.424380390000067, 52.429428530000052] },
      "properties": {
        "id": "20351",
        "name": "Unfall 20351 (2017) Kat:3",
        "year": 2017,
        "ulichtverh": "",
        "strasse": "",
        "ukategorie": "3",
        "utyp1": "3",
        "uart": "5",
        "umonat": "08",
        "ustunde": "10",
        "uwochentag": "6",
        "strzustand": "0",
        "istrad": "1",
        "istpkw": "1",
        "istfuss": "0",
        "istkrad": "0"
      }
    }
,
    {
      "type": "Feature",
      "geometry": { "type": "Point", "coordinates": [9.740795887000047, 52.461297708000075] },
      "properties": {
        "id": "20355",
        "name": "Unfall 20355 (2017) Kat:3",
        "year": 2017,
        "ulichtverh": "",
        "strasse": "",
        "ukategorie": "3",
        "utyp1": "6",
        "uart": "0",
        "umonat": "08",
        "ustunde": "12",
        "uwochentag": "6",
        "strzustand": "0",
        "istrad": "1",
        "istpkw": "0",
        "istfuss": "1",
        "istkrad": "0"
      }
    }
,
    {
      "type": "Feature",
      "geometry": { "type": "Point", "coordinates": [9.826298312000063, 52.289649036000071] },
      "properties": {
        "id": "20358",
        "name": "Unfall 20358 (2017) Kat:3",
        "year": 2017,
        "ulichtverh": "",
        "strasse": "",
        "ukategorie": "3",
        "utyp1": "2",
        "uart": "5",
        "umonat": "08",
        "ustunde": "09",
        "uwochentag": "6",
        "strzustand": "0",
        "istrad": "1",
        "istpkw": "0",
        "istfuss": "0",
        "istkrad": "0"
      }
    }
,
    {
      "type": "Feature",
      "geometry": { "type": "Point", "coordinates": [9.866643456000077, 52.309020247000035] },
      "properties": {
        "id": "20403",
        "name": "Unfall 20403 (2017) Kat:3",
        "year": 2017,
        "ulichtverh": "",
        "strasse": "",
        "ukategorie": "3",
        "utyp1": "7",
        "uart": "7",
        "umonat": "09",
        "ustunde": "06",
        "uwochentag": "4",
        "strzustand": "1",
        "istrad": "1",
        "istpkw": "0",
        "istfuss": "0",
        "istkrad": "0"
      }
    }
,
    {
      "type": "Feature",
      "geometry": { "type": "Point", "coordinates": [9.669013705000054, 52.345741949000058] },
      "properties": {
        "id": "20455",
        "name": "Unfall 20455 (2017) Kat:3",
        "year": 2017,
        "ulichtverh": "",
        "strasse": "",
        "ukategorie": "3",
        "utyp1": "3",
        "uart": "5",
        "umonat": "09",
        "ustunde": "07",
        "uwochentag": "3",
        "strzustand": "0",
        "istrad": "1",
        "istpkw": "1",
        "istfuss": "0",
        "istkrad": "0"
      }
    }
,
    {
      "type": "Feature",
      "geometry": { "type": "Point", "coordinates": [9.978041555000061, 52.316524245000039] },
      "properties": {
        "id": "20456",
        "name": "Unfall 20456 (2017) Kat:3",
        "year": 2017,
        "ulichtverh": "",
        "strasse": "",
        "ukategorie": "3",
        "utyp1": "3",
        "uart": "5",
        "umonat": "09",
        "ustunde": "09",
        "uwochentag": "3",
        "strzustand": "0",
        "istrad": "1",
        "istpkw": "1",
        "istfuss": "0",
        "istkrad": "0"
      }
    }
,
    {
      "type": "Feature",
      "geometry": { "type": "Point", "coordinates": [9.717098014000044, 52.346364730000062] },
      "properties": {
        "id": "20457",
        "name": "Unfall 20457 (2017) Kat:3",
        "year": 2017,
        "ulichtverh": "",
        "strasse": "",
        "ukategorie": "3",
        "utyp1": "2",
        "uart": "5",
        "umonat": "09",
        "ustunde": "15",
        "uwochentag": "3",
        "strzustand": "0",
        "istrad": "1",
        "istpkw": "1",
        "istfuss": "0",
        "istkrad": "0"
      }
    }
,
    {
      "type": "Feature",
      "geometry": { "type": "Point", "coordinates": [9.740242814000055, 52.301937457000065] },
      "properties": {
        "id": "20458",
        "name": "Unfall 20458 (2017) Kat:2",
        "year": 2017,
        "ulichtverh": "",
        "strasse": "",
        "ukategorie": "2",
        "utyp1": "2",
        "uart": "5",
        "umonat": "09",
        "ustunde": "09",
        "uwochentag": "3",
        "strzustand": "0",
        "istrad": "1",
        "istpkw": "1",
        "istfuss": "0",
        "istkrad": "0"
      }
    }
,
    {
      "type": "Feature",
      "geometry": { "type": "Point", "coordinates": [9.652334283000073, 52.390556994000065] },
      "properties": {
        "id": "20517",
        "name": "Unfall 20517 (2017) Kat:3",
        "year": 2017,
        "ulichtverh": "",
        "strasse": "",
        "ukategorie": "3",
        "utyp1": "6",
        "uart": "3",
        "umonat": "09",
        "ustunde": "22",
        "uwochentag": "2",
        "strzustand": "0",
        "istrad": "1",
        "istpkw": "0",
        "istfuss": "0",
        "istkrad": "0"
      }
    }
,
    {
      "type": "Feature",
      "geometry": { "type": "Point", "coordinates": [9.762901311000064, 52.344677660000059] },
      "properties": {
        "id": "20561",
        "name": "Unfall 20561 (2017) Kat:3",
        "year": 2017,
        "ulichtverh": "",
        "strasse": "",
        "ukategorie": "3",
        "utyp1": "3",
        "uart": "5",
        "umonat": "09",
        "ustunde": "18",
        "uwochentag": "1",
        "strzustand": "0",
        "istrad": "1",
        "istpkw": "1",
        "istfuss": "0",
        "istkrad": "0"
      }
    }
,
    {
      "type": "Feature",
      "geometry": { "type": "Point", "coordinates": [9.738200282000037, 52.580925332000049] },
      "properties": {
        "id": "20564",
        "name": "Unfall 20564 (2017) Kat:3",
        "year": 2017,
        "ulichtverh": "",
        "strasse": "",
        "ukategorie": "3",
        "utyp1": "5",
        "uart": "1",
        "umonat": "09",
        "ustunde": "12",
        "uwochentag": "1",
        "strzustand": "0",
        "istrad": "1",
        "istpkw": "1",
        "istfuss": "0",
        "istkrad": "0"
      }
    }
,
    {
      "type": "Feature",
      "geometry": { "type": "Point", "coordinates": [9.944538865000027, 52.333808389000069] },
      "properties": {
        "id": "20565",
        "name": "Unfall 20565 (2017) Kat:3",
        "year": 2017,
        "ulichtverh": "",
        "strasse": "",
        "ukategorie": "3",
        "utyp1": "3",
        "uart": "5",
        "umonat": "09",
        "ustunde": "14",
        "uwochentag": "1",
        "strzustand": "0",
        "istrad": "1",
        "istpkw": "1",
        "istfuss": "0",
        "istkrad": "0"
      }
    }
,
    {
      "type": "Feature",
      "geometry": { "type": "Point", "coordinates": [9.570794420000027, 52.446560677000036] },
      "properties": {
        "id": "20601",
        "name": "Unfall 20601 (2017) Kat:3",
        "year": 2017,
        "ulichtverh": "",
        "strasse": "",
        "ukategorie": "3",
        "utyp1": "2",
        "uart": "5",
        "umonat": "09",
        "ustunde": "12",
        "uwochentag": "7",
        "strzustand": "0",
        "istrad": "1",
        "istpkw": "1",
        "istfuss": "0",
        "istkrad": "0"
      }
    }
,
    {
      "type": "Feature",
      "geometry": { "type": "Point", "coordinates": [9.744627222000077, 52.454618491000076] },
      "properties": {
        "id": "20603",
        "name": "Unfall 20603 (2017) Kat:3",
        "year": 2017,
        "ulichtverh": "",
        "strasse": "",
        "ukategorie": "3",
        "utyp1": "6",
        "uart": "8",
        "umonat": "09",
        "ustunde": "11",
        "uwochentag": "7",
        "strzustand": "0",
        "istrad": "1",
        "istpkw": "1",
        "istfuss": "0",
        "istkrad": "0"
      }
    }
,
    {
      "type": "Feature",
      "geometry": { "type": "Point", "coordinates": [9.737605295000037, 52.368250439000064] },
      "properties": {
        "id": "20605",
        "name": "Unfall 20605 (2017) Kat:2",
        "year": 2017,
        "ulichtverh": "",
        "strasse": "",
        "ukategorie": "2",
        "utyp1": "4",
        "uart": "6",
        "umonat": "09",
        "ustunde": "15",
        "uwochentag": "7",
        "strzustand": "0",
        "istrad": "1",
        "istpkw": "0",
        "istfuss": "1",
        "istkrad": "0"
      }
    }
,
    {
      "type": "Feature",
      "geometry": { "type": "Point", "coordinates": [9.720336075000034, 52.391552622000063] },
      "properties": {
        "id": "20755",
        "name": "Unfall 20755 (2017) Kat:3",
        "year": 2017,
        "ulichtverh": "",
        "strasse": "",
        "ukategorie": "3",
        "utyp1": "1",
        "uart": "0",
        "umonat": "08",
        "ustunde": "17",
        "uwochentag": "5",
        "strzustand": "0",
        "istrad": "1",
        "istpkw": "0",
        "istfuss": "0",
        "istkrad": "0"
      }
    }
,
    {
      "type": "Feature",
      "geometry": { "type": "Point", "coordinates": [9.827319978000048, 52.358011852000061] },
      "properties": {
        "id": "20796",
        "name": "Unfall 20796 (2017) Kat:3",
        "year": 2017,
        "ulichtverh": "",
        "strasse": "",
        "ukategorie": "3",
        "utyp1": "3",
        "uart": "5",
        "umonat": "09",
        "ustunde": "12",
        "uwochentag": "4",
        "strzustand": "1",
        "istrad": "1",
        "istpkw": "1",
        "istfuss": "0",
        "istkrad": "0"
      }
    }
,
    {
      "type": "Feature",
      "geometry": { "type": "Point", "coordinates": [9.511237296000047, 52.290208581000059] },
      "properties": {
        "id": "20802",
        "name": "Unfall 20802 (2017) Kat:2",
        "year": 2017,
        "ulichtverh": "",
        "strasse": "",
        "ukategorie": "2",
        "utyp1": "7",
        "uart": "0",
        "umonat": "09",
        "ustunde": "13",
        "uwochentag": "4",
        "strzustand": "1",
        "istrad": "1",
        "istpkw": "0",
        "istfuss": "0",
        "istkrad": "0"
      }
    }
,
    {
      "type": "Feature",
      "geometry": { "type": "Point", "coordinates": [9.730160955000031, 52.368936526000027] },
      "properties": {
        "id": "20804",
        "name": "Unfall 20804 (2017) Kat:3",
        "year": 2017,
        "ulichtverh": "",
        "strasse": "",
        "ukategorie": "3",
        "utyp1": "3",
        "uart": "5",
        "umonat": "09",
        "ustunde": "08",
        "uwochentag": "4",
        "strzustand": "1",
        "istrad": "1",
        "istpkw": "1",
        "istfuss": "0",
        "istkrad": "0"
      }
    }
,
    {
      "type": "Feature",
      "geometry": { "type": "Point", "coordinates": [9.708420340000032, 52.426683486000059] },
      "properties": {
        "id": "20848",
        "name": "Unfall 20848 (2017) Kat:3",
        "year": 2017,
        "ulichtverh": "",
        "strasse": "",
        "ukategorie": "3",
        "utyp1": "6",
        "uart": "2",
        "umonat": "09",
        "ustunde": "13",
        "uwochentag": "3",
        "strzustand": "0",
        "istrad": "1",
        "istpkw": "1",
        "istfuss": "0",
        "istkrad": "0"
      }
    }
,
    {
      "type": "Feature",
      "geometry": { "type": "Point", "coordinates": [9.802200536000044, 52.407148262000078] },
      "properties": {
        "id": "20850",
        "name": "Unfall 20850 (2017) Kat:3",
        "year": 2017,
        "ulichtverh": "",
        "strasse": "",
        "ukategorie": "3",
        "utyp1": "3",
        "uart": "5",
        "umonat": "09",
        "ustunde": "12",
        "uwochentag": "3",
        "strzustand": "0",
        "istrad": "1",
        "istpkw": "1",
        "istfuss": "0",
        "istkrad": "0"
      }
    }
,
    {
      "type": "Feature",
      "geometry": { "type": "Point", "coordinates": [9.456505069000059, 52.495244671000080] },
      "properties": {
        "id": "20851",
        "name": "Unfall 20851 (2017) Kat:3",
        "year": 2017,
        "ulichtverh": "",
        "strasse": "",
        "ukategorie": "3",
        "utyp1": "3",
        "uart": "5",
        "umonat": "09",
        "ustunde": "12",
        "uwochentag": "3",
        "strzustand": "0",
        "istrad": "1",
        "istpkw": "0",
        "istfuss": "0",
        "istkrad": "1"
      }
    }
,
    {
      "type": "Feature",
      "geometry": { "type": "Point", "coordinates": [9.482069317000025, 52.293722238000043] },
      "properties": {
        "id": "20853",
        "name": "Unfall 20853 (2017) Kat:3",
        "year": 2017,
        "ulichtverh": "",
        "strasse": "",
        "ukategorie": "3",
        "utyp1": "7",
        "uart": "7",
        "umonat": "09",
        "ustunde": "22",
        "uwochentag": "3",
        "strzustand": "0",
        "istrad": "1",
        "istpkw": "0",
        "istfuss": "0",
        "istkrad": "0"
      }
    }
,
    {
      "type": "Feature",
      "geometry": { "type": "Point", "coordinates": [9.936078574000021, 52.347962455000072] },
      "properties": {
        "id": "20855",
        "name": "Unfall 20855 (2017) Kat:3",
        "year": 2017,
        "ulichtverh": "",
        "strasse": "",
        "ukategorie": "3",
        "utyp1": "7",
        "uart": "0",
        "umonat": "09",
        "ustunde": "08",
        "uwochentag": "3",
        "strzustand": "0",
        "istrad": "1",
        "istpkw": "0",
        "istfuss": "0",
        "istkrad": "0"
      }
    }
,
    {
      "type": "Feature",
      "geometry": { "type": "Point", "coordinates": [9.733894427000053, 52.438624107000066] },
      "properties": {
        "id": "20856",
        "name": "Unfall 20856 (2017) Kat:3",
        "year": 2017,
        "ulichtverh": "",
        "strasse": "",
        "ukategorie": "3",
        "utyp1": "2",
        "uart": "5",
        "umonat": "09",
        "ustunde": "14",
        "uwochentag": "3",
        "strzustand": "0",
        "istrad": "1",
        "istpkw": "1",
        "istfuss": "0",
        "istkrad": "0"
      }
    }
,
    {
      "type": "Feature",
      "geometry": { "type": "Point", "coordinates": [9.700229551000064, 52.422077517000048] },
      "properties": {
        "id": "20858",
        "name": "Unfall 20858 (2017) Kat:3",
        "year": 2017,
        "ulichtverh": "",
        "strasse": "",
        "ukategorie": "3",
        "utyp1": "3",
        "uart": "5",
        "umonat": "09",
        "ustunde": "17",
        "uwochentag": "3",
        "strzustand": "1",
        "istrad": "1",
        "istpkw": "1",
        "istfuss": "0",
        "istkrad": "0"
      }
    }
,
    {
      "type": "Feature",
      "geometry": { "type": "Point", "coordinates": [9.823448822000046, 52.384231286000045] },
      "properties": {
        "id": "20860",
        "name": "Unfall 20860 (2017) Kat:3",
        "year": 2017,
        "ulichtverh": "",
        "strasse": "",
        "ukategorie": "3",
        "utyp1": "2",
        "uart": "5",
        "umonat": "09",
        "ustunde": "11",
        "uwochentag": "3",
        "strzustand": "0",
        "istrad": "1",
        "istpkw": "1",
        "istfuss": "0",
        "istkrad": "0"
      }
    }
,
    {
      "type": "Feature",
      "geometry": { "type": "Point", "coordinates": [9.726992655000061, 52.366836995000028] },
      "properties": {
        "id": "20893",
        "name": "Unfall 20893 (2017) Kat:3",
        "year": 2017,
        "ulichtverh": "",
        "strasse": "",
        "ukategorie": "3",
        "utyp1": "2",
        "uart": "4",
        "umonat": "09",
        "ustunde": "10",
        "uwochentag": "2",
        "strzustand": "0",
        "istrad": "1",
        "istpkw": "1",
        "istfuss": "0",
        "istkrad": "0"
      }
    }
,
    {
      "type": "Feature",
      "geometry": { "type": "Point", "coordinates": [9.456802571000026, 52.448827909000045] },
      "properties": {
        "id": "20895",
        "name": "Unfall 20895 (2017) Kat:3",
        "year": 2017,
        "ulichtverh": "",
        "strasse": "",
        "ukategorie": "3",
        "utyp1": "6",
        "uart": "0",
        "umonat": "09",
        "ustunde": "22",
        "uwochentag": "2",
        "strzustand": "0",
        "istrad": "1",
        "istpkw": "0",
        "istfuss": "1",
        "istkrad": "0"
      }
    }
,
    {
      "type": "Feature",
      "geometry": { "type": "Point", "coordinates": [10.013288157000034, 52.450953257000037] },
      "properties": {
        "id": "20897",
        "name": "Unfall 20897 (2017) Kat:3",
        "year": 2017,
        "ulichtverh": "",
        "strasse": "",
        "ukategorie": "3",
        "utyp1": "2",
        "uart": "4",
        "umonat": "09",
        "ustunde": "10",
        "uwochentag": "2",
        "strzustand": "0",
        "istrad": "1",
        "istpkw": "1",
        "istfuss": "0",
        "istkrad": "0"
      }
    }
,
    {
      "type": "Feature",
      "geometry": { "type": "Point", "coordinates": [9.736207071000024, 52.399171698000032] },
      "properties": {
        "id": "20898",
        "name": "Unfall 20898 (2017) Kat:3",
        "year": 2017,
        "ulichtverh": "",
        "strasse": "",
        "ukategorie": "3",
        "utyp1": "3",
        "uart": "5",
        "umonat": "09",
        "ustunde": "20",
        "uwochentag": "2",
        "strzustand": "0",
        "istrad": "1",
        "istpkw": "0",
        "istfuss": "0",
        "istkrad": "0"
      }
    }
,
    {
      "type": "Feature",
      "geometry": { "type": "Point", "coordinates": [9.621989597000038, 52.211151507000068] },
      "properties": {
        "id": "20947",
        "name": "Unfall 20947 (2017) Kat:3",
        "year": 2017,
        "ulichtverh": "",
        "strasse": "",
        "ukategorie": "3",
        "utyp1": "6",
        "uart": "0",
        "umonat": "09",
        "ustunde": "10",
        "uwochentag": "1",
        "strzustand": "0",
        "istrad": "1",
        "istpkw": "0",
        "istfuss": "0",
        "istkrad": "0"
      }
    }
,
    {
      "type": "Feature",
      "geometry": { "type": "Point", "coordinates": [9.609971758000029, 52.344619142000056] },
      "properties": {
        "id": "20948",
        "name": "Unfall 20948 (2017) Kat:3",
        "year": 2017,
        "ulichtverh": "",
        "strasse": "",
        "ukategorie": "3",
        "utyp1": "2",
        "uart": "5",
        "umonat": "09",
        "ustunde": "19",
        "uwochentag": "1",
        "strzustand": "0",
        "istrad": "1",
        "istpkw": "1",
        "istfuss": "0",
        "istkrad": "0"
      }
    }
,
    {
      "type": "Feature",
      "geometry": { "type": "Point", "coordinates": [9.763129878000029, 52.344431946000043] },
      "properties": {
        "id": "21002",
        "name": "Unfall 21002 (2017) Kat:3",
        "year": 2017,
        "ulichtverh": "",
        "strasse": "",
        "ukategorie": "3",
        "utyp1": "2",
        "uart": "5",
        "umonat": "09",
        "ustunde": "17",
        "uwochentag": "7",
        "strzustand": "0",
        "istrad": "1",
        "istpkw": "1",
        "istfuss": "0",
        "istkrad": "0"
      }
    }
,
    {
      "type": "Feature",
      "geometry": { "type": "Point", "coordinates": [9.844307566000055, 52.274005404000036] },
      "properties": {
        "id": "21033",
        "name": "Unfall 21033 (2017) Kat:3",
        "year": 2017,
        "ulichtverh": "",
        "strasse": "",
        "ukategorie": "3",
        "utyp1": "2",
        "uart": "5",
        "umonat": "09",
        "ustunde": "19",
        "uwochentag": "6",
        "strzustand": "0",
        "istrad": "1",
        "istpkw": "1",
        "istfuss": "0",
        "istkrad": "0"
      }
    }
,
    {
      "type": "Feature",
      "geometry": { "type": "Point", "coordinates": [9.843968512000060, 52.360718174000056] },
      "properties": {
        "id": "21034",
        "name": "Unfall 21034 (2017) Kat:3",
        "year": 2017,
        "ulichtverh": "",
        "strasse": "",
        "ukategorie": "3",
        "utyp1": "3",
        "uart": "5",
        "umonat": "09",
        "ustunde": "07",
        "uwochentag": "6",
        "strzustand": "0",
        "istrad": "1",
        "istpkw": "1",
        "istfuss": "0",
        "istkrad": "0"
      }
    }
,
    {
      "type": "Feature",
      "geometry": { "type": "Point", "coordinates": [9.456508703000054, 52.495156549000058] },
      "properties": {
        "id": "21175",
        "name": "Unfall 21175 (2017) Kat:3",
        "year": 2017,
        "ulichtverh": "",
        "strasse": "",
        "ukategorie": "3",
        "utyp1": "3",
        "uart": "5",
        "umonat": "09",
        "ustunde": "17",
        "uwochentag": "5",
        "strzustand": "1",
        "istrad": "1",
        "istpkw": "1",
        "istfuss": "0",
        "istkrad": "0"
      }
    }
,
    {
      "type": "Feature",
      "geometry": { "type": "Point", "coordinates": [10.012308451000024, 52.449132140000074] },
      "properties": {
        "id": "21184",
        "name": "Unfall 21184 (2017) Kat:3",
        "year": 2017,
        "ulichtverh": "",
        "strasse": "",
        "ukategorie": "3",
        "utyp1": "1",
        "uart": "4",
        "umonat": "09",
        "ustunde": "13",
        "uwochentag": "5",
        "strzustand": "1",
        "istrad": "1",
        "istpkw": "1",
        "istfuss": "0",
        "istkrad": "0"
      }
    }
,
    {
      "type": "Feature",
      "geometry": { "type": "Point", "coordinates": [9.646330359000046, 52.400174403000051] },
      "properties": {
        "id": "21277",
        "name": "Unfall 21277 (2017) Kat:3",
        "year": 2017,
        "ulichtverh": "",
        "strasse": "",
        "ukategorie": "3",
        "utyp1": "2",
        "uart": "3",
        "umonat": "09",
        "ustunde": "07",
        "uwochentag": "5",
        "strzustand": "0",
        "istrad": "1",
        "istpkw": "1",
        "istfuss": "0",
        "istkrad": "0"
      }
    }
,
    {
      "type": "Feature",
      "geometry": { "type": "Point", "coordinates": [9.973591201000033, 52.370351095000046] },
      "properties": {
        "id": "21281",
        "name": "Unfall 21281 (2017) Kat:3",
        "year": 2017,
        "ulichtverh": "",
        "strasse": "",
        "ukategorie": "3",
        "utyp1": "3",
        "uart": "5",
        "umonat": "09",
        "ustunde": "08",
        "uwochentag": "5",
        "strzustand": "0",
        "istrad": "1",
        "istpkw": "1",
        "istfuss": "0",
        "istkrad": "0"
      }
    }
,
    {
      "type": "Feature",
      "geometry": { "type": "Point", "coordinates": [9.745073585000057, 52.367452769000067] },
      "properties": {
        "id": "21284",
        "name": "Unfall 21284 (2017) Kat:2",
        "year": 2017,
        "ulichtverh": "",
        "strasse": "",
        "ukategorie": "2",
        "utyp1": "4",
        "uart": "6",
        "umonat": "09",
        "ustunde": "14",
        "uwochentag": "5",
        "strzustand": "0",
        "istrad": "1",
        "istpkw": "0",
        "istfuss": "1",
        "istkrad": "0"
      }
    }
,
    {
      "type": "Feature",
      "geometry": { "type": "Point", "coordinates": [9.815049989000045, 52.303554232000067] },
      "properties": {
        "id": "21339",
        "name": "Unfall 21339 (2017) Kat:3",
        "year": 2017,
        "ulichtverh": "",
        "strasse": "",
        "ukategorie": "3",
        "utyp1": "3",
        "uart": "5",
        "umonat": "09",
        "ustunde": "09",
        "uwochentag": "4",
        "strzustand": "0",
        "istrad": "1",
        "istpkw": "1",
        "istfuss": "0",
        "istkrad": "0"
      }
    }
,
    {
      "type": "Feature",
      "geometry": { "type": "Point", "coordinates": [9.762434381000048, 52.370412591000047] },
      "properties": {
        "id": "21380",
        "name": "Unfall 21380 (2017) Kat:3",
        "year": 2017,
        "ulichtverh": "",
        "strasse": "",
        "ukategorie": "3",
        "utyp1": "2",
        "uart": "5",
        "umonat": "09",
        "ustunde": "07",
        "uwochentag": "3",
        "strzustand": "1",
        "istrad": "1",
        "istpkw": "1",
        "istfuss": "0",
        "istkrad": "0"
      }
    }
,
    {
      "type": "Feature",
      "geometry": { "type": "Point", "coordinates": [9.766130122000050, 52.340827720000050] },
      "properties": {
        "id": "21474",
        "name": "Unfall 21474 (2017) Kat:3",
        "year": 2017,
        "ulichtverh": "",
        "strasse": "",
        "ukategorie": "3",
        "utyp1": "2",
        "uart": "0",
        "umonat": "09",
        "ustunde": "15",
        "uwochentag": "2",
        "strzustand": "1",
        "istrad": "1",
        "istpkw": "1",
        "istfuss": "0",
        "istkrad": "0"
      }
    }
,
    {
      "type": "Feature",
      "geometry": { "type": "Point", "coordinates": [9.570794420000027, 52.446560677000036] },
      "properties": {
        "id": "21476",
        "name": "Unfall 21476 (2017) Kat:3",
        "year": 2017,
        "ulichtverh": "",
        "strasse": "",
        "ukategorie": "3",
        "utyp1": "3",
        "uart": "5",
        "umonat": "09",
        "ustunde": "08",
        "uwochentag": "2",
        "strzustand": "0",
        "istrad": "1",
        "istpkw": "1",
        "istfuss": "0",
        "istkrad": "0"
      }
    }
,
    {
      "type": "Feature",
      "geometry": { "type": "Point", "coordinates": [9.928409965000071, 52.344226122000066] },
      "properties": {
        "id": "21480",
        "name": "Unfall 21480 (2017) Kat:3",
        "year": 2017,
        "ulichtverh": "",
        "strasse": "",
        "ukategorie": "3",
        "utyp1": "3",
        "uart": "5",
        "umonat": "09",
        "ustunde": "19",
        "uwochentag": "2",
        "strzustand": "1",
        "istrad": "1",
        "istpkw": "1",
        "istfuss": "0",
        "istkrad": "0"
      }
    }
,
    {
      "type": "Feature",
      "geometry": { "type": "Point", "coordinates": [9.731527700000072, 52.369393651000053] },
      "properties": {
        "id": "21484",
        "name": "Unfall 21484 (2017) Kat:3",
        "year": 2017,
        "ulichtverh": "",
        "strasse": "",
        "ukategorie": "3",
        "utyp1": "2",
        "uart": "5",
        "umonat": "09",
        "ustunde": "07",
        "uwochentag": "2",
        "strzustand": "1",
        "istrad": "1",
        "istpkw": "1",
        "istfuss": "0",
        "istkrad": "0"
      }
    }
,
    {
      "type": "Feature",
      "geometry": { "type": "Point", "coordinates": [10.027464712000040, 52.461400280000078] },
      "properties": {
        "id": "21573",
        "name": "Unfall 21573 (2017) Kat:3",
        "year": 2017,
        "ulichtverh": "",
        "strasse": "",
        "ukategorie": "3",
        "utyp1": "6",
        "uart": "2",
        "umonat": "09",
        "ustunde": "17",
        "uwochentag": "1",
        "strzustand": "0",
        "istrad": "1",
        "istpkw": "0",
        "istfuss": "0",
        "istkrad": "0"
      }
    }
,
    {
      "type": "Feature",
      "geometry": { "type": "Point", "coordinates": [9.856611123000050, 52.358730382000033] },
      "properties": {
        "id": "21577",
        "name": "Unfall 21577 (2017) Kat:3",
        "year": 2017,
        "ulichtverh": "",
        "strasse": "",
        "ukategorie": "3",
        "utyp1": "1",
        "uart": "0",
        "umonat": "09",
        "ustunde": "10",
        "uwochentag": "1",
        "strzustand": "0",
        "istrad": "1",
        "istpkw": "0",
        "istfuss": "0",
        "istkrad": "0"
      }
    }
,
    {
      "type": "Feature",
      "geometry": { "type": "Point", "coordinates": [9.734342998000045, 52.368805823000059] },
      "properties": {
        "id": "21645",
        "name": "Unfall 21645 (2017) Kat:3",
        "year": 2017,
        "ulichtverh": "",
        "strasse": "",
        "ukategorie": "3",
        "utyp1": "3",
        "uart": "5",
        "umonat": "09",
        "ustunde": "23",
        "uwochentag": "7",
        "strzustand": "0",
        "istrad": "1",
        "istpkw": "1",
        "istfuss": "0",
        "istkrad": "0"
      }
    }
,
    {
      "type": "Feature",
      "geometry": { "type": "Point", "coordinates": [9.512058785000022, 52.389143057000069] },
      "properties": {
        "id": "21649",
        "name": "Unfall 21649 (2017) Kat:3",
        "year": 2017,
        "ulichtverh": "",
        "strasse": "",
        "ukategorie": "3",
        "utyp1": "1",
        "uart": "8",
        "umonat": "09",
        "ustunde": "12",
        "uwochentag": "7",
        "strzustand": "0",
        "istrad": "1",
        "istpkw": "0",
        "istfuss": "0",
        "istkrad": "0"
      }
    }
,
    {
      "type": "Feature",
      "geometry": { "type": "Point", "coordinates": [9.768844050000041, 52.338037245000066] },
      "properties": {
        "id": "21852",
        "name": "Unfall 21852 (2017) Kat:3",
        "year": 2017,
        "ulichtverh": "",
        "strasse": "",
        "ukategorie": "3",
        "utyp1": "7",
        "uart": "0",
        "umonat": "10",
        "ustunde": "10",
        "uwochentag": "2",
        "strzustand": "0",
        "istrad": "1",
        "istpkw": "0",
        "istfuss": "0",
        "istkrad": "0"
      }
    }
,
    {
      "type": "Feature",
      "geometry": { "type": "Point", "coordinates": [9.824700522000057, 52.339779077000060] },
      "properties": {
        "id": "21858",
        "name": "Unfall 21858 (2017) Kat:2",
        "year": 2017,
        "ulichtverh": "",
        "strasse": "",
        "ukategorie": "2",
        "utyp1": "1",
        "uart": "0",
        "umonat": "10",
        "ustunde": "15",
        "uwochentag": "2",
        "strzustand": "0",
        "istrad": "1",
        "istpkw": "0",
        "istfuss": "0",
        "istkrad": "0"
      }
    }
,
    {
      "type": "Feature",
      "geometry": { "type": "Point", "coordinates": [9.667154870000047, 52.339956407000045] },
      "properties": {
        "id": "21996",
        "name": "Unfall 21996 (2017) Kat:3",
        "year": 2017,
        "ulichtverh": "",
        "strasse": "",
        "ukategorie": "3",
        "utyp1": "3",
        "uart": "5",
        "umonat": "09",
        "ustunde": "13",
        "uwochentag": "6",
        "strzustand": "0",
        "istrad": "1",
        "istpkw": "1",
        "istfuss": "0",
        "istkrad": "0"
      }
    }
,
    {
      "type": "Feature",
      "geometry": { "type": "Point", "coordinates": [9.611478747000035, 52.434654281000064] },
      "properties": {
        "id": "21997",
        "name": "Unfall 21997 (2017) Kat:3",
        "year": 2017,
        "ulichtverh": "",
        "strasse": "",
        "ukategorie": "3",
        "utyp1": "2",
        "uart": "5",
        "umonat": "09",
        "ustunde": "09",
        "uwochentag": "6",
        "strzustand": "1",
        "istrad": "1",
        "istpkw": "1",
        "istfuss": "0",
        "istkrad": "0"
      }
    }
,
    {
      "type": "Feature",
      "geometry": { "type": "Point", "coordinates": [9.734314086000040, 52.475573308000037] },
      "properties": {
        "id": "21999",
        "name": "Unfall 21999 (2017) Kat:3",
        "year": 2017,
        "ulichtverh": "",
        "strasse": "",
        "ukategorie": "3",
        "utyp1": "2",
        "uart": "0",
        "umonat": "09",
        "ustunde": "07",
        "uwochentag": "6",
        "strzustand": "0",
        "istrad": "1",
        "istpkw": "1",
        "istfuss": "0",
        "istkrad": "0"
      }
    }
,
    {
      "type": "Feature",
      "geometry": { "type": "Point", "coordinates": [9.930562174000045, 52.496590679000064] },
      "properties": {
        "id": "22000",
        "name": "Unfall 22000 (2017) Kat:2",
        "year": 2017,
        "ulichtverh": "",
        "strasse": "",
        "ukategorie": "2",
        "utyp1": "7",
        "uart": "0",
        "umonat": "09",
        "ustunde": "16",
        "uwochentag": "6",
        "strzustand": "0",
        "istrad": "1",
        "istpkw": "0",
        "istfuss": "0",
        "istkrad": "0"
      }
    }
,
    {
      "type": "Feature",
      "geometry": { "type": "Point", "coordinates": [9.717513182000062, 52.367088188000082] },
      "properties": {
        "id": "22003",
        "name": "Unfall 22003 (2017) Kat:3",
        "year": 2017,
        "ulichtverh": "",
        "strasse": "",
        "ukategorie": "3",
        "utyp1": "3",
        "uart": "0",
        "umonat": "09",
        "ustunde": "13",
        "uwochentag": "6",
        "strzustand": "0",
        "istrad": "1",
        "istpkw": "0",
        "istfuss": "0",
        "istkrad": "0"
      }
    }
,
    {
      "type": "Feature",
      "geometry": { "type": "Point", "coordinates": [9.797279701000036, 52.414081464000049] },
      "properties": {
        "id": "22060",
        "name": "Unfall 22060 (2017) Kat:3",
        "year": 2017,
        "ulichtverh": "",
        "strasse": "",
        "ukategorie": "3",
        "utyp1": "1",
        "uart": "0",
        "umonat": "10",
        "ustunde": "13",
        "uwochentag": "6",
        "strzustand": "1",
        "istrad": "1",
        "istpkw": "0",
        "istfuss": "0",
        "istkrad": "0"
      }
    }
,
    {
      "type": "Feature",
      "geometry": { "type": "Point", "coordinates": [9.645938888000046, 52.411225962000060] },
      "properties": {
        "id": "22138",
        "name": "Unfall 22138 (2017) Kat:3",
        "year": 2017,
        "ulichtverh": "",
        "strasse": "",
        "ukategorie": "3",
        "utyp1": "1",
        "uart": "0",
        "umonat": "09",
        "ustunde": "17",
        "uwochentag": "5",
        "strzustand": "1",
        "istrad": "1",
        "istpkw": "0",
        "istfuss": "0",
        "istkrad": "0"
      }
    }
,
    {
      "type": "Feature",
      "geometry": { "type": "Point", "coordinates": [9.496523167000021, 52.413911199000040] },
      "properties": {
        "id": "22163",
        "name": "Unfall 22163 (2017) Kat:1",
        "year": 2017,
        "ulichtverh": "",
        "strasse": "",
        "ukategorie": "1",
        "utyp1": "6",
        "uart": "2",
        "umonat": "10",
        "ustunde": "23",
        "uwochentag": "5",
        "strzustand": "0",
        "istrad": "1",
        "istpkw": "1",
        "istfuss": "0",
        "istkrad": "0"
      }
    }
,
    {
      "type": "Feature",
      "geometry": { "type": "Point", "coordinates": [9.785804440000050, 52.335307513000032] },
      "properties": {
        "id": "22165",
        "name": "Unfall 22165 (2017) Kat:3",
        "year": 2017,
        "ulichtverh": "",
        "strasse": "",
        "ukategorie": "3",
        "utyp1": "3",
        "uart": "5",
        "umonat": "09",
        "ustunde": "18",
        "uwochentag": "5",
        "strzustand": "1",
        "istrad": "1",
        "istpkw": "1",
        "istfuss": "0",
        "istkrad": "0"
      }
    }
,
    {
      "type": "Feature",
      "geometry": { "type": "Point", "coordinates": [9.745059701000059, 52.367461841000079] },
      "properties": {
        "id": "22167",
        "name": "Unfall 22167 (2017) Kat:2",
        "year": 2017,
        "ulichtverh": "",
        "strasse": "",
        "ukategorie": "2",
        "utyp1": "7",
        "uart": "0",
        "umonat": "09",
        "ustunde": "15",
        "uwochentag": "5",
        "strzustand": "0",
        "istrad": "1",
        "istpkw": "0",
        "istfuss": "0",
        "istkrad": "0"
      }
    }
,
    {
      "type": "Feature",
      "geometry": { "type": "Point", "coordinates": [9.785215951000055, 52.335286673000041] },
      "properties": {
        "id": "22179",
        "name": "Unfall 22179 (2017) Kat:3",
        "year": 2017,
        "ulichtverh": "",
        "strasse": "",
        "ukategorie": "3",
        "utyp1": "2",
        "uart": "5",
        "umonat": "10",
        "ustunde": "10",
        "uwochentag": "5",
        "strzustand": "1",
        "istrad": "1",
        "istpkw": "0",
        "istfuss": "0",
        "istkrad": "0"
      }
    }
,
    {
      "type": "Feature",
      "geometry": { "type": "Point", "coordinates": [9.613950189000036, 52.316354186000069] },
      "properties": {
        "id": "22236",
        "name": "Unfall 22236 (2017) Kat:3",
        "year": 2017,
        "ulichtverh": "",
        "strasse": "",
        "ukategorie": "3",
        "utyp1": "3",
        "uart": "5",
        "umonat": "09",
        "ustunde": "07",
        "uwochentag": "4",
        "strzustand": "1",
        "istrad": "1",
        "istpkw": "1",
        "istfuss": "0",
        "istkrad": "0"
      }
    }
,
    {
      "type": "Feature",
      "geometry": { "type": "Point", "coordinates": [9.726308639000024, 52.545982952000031] },
      "properties": {
        "id": "22237",
        "name": "Unfall 22237 (2017) Kat:3",
        "year": 2017,
        "ulichtverh": "",
        "strasse": "",
        "ukategorie": "3",
        "utyp1": "2",
        "uart": "5",
        "umonat": "09",
        "ustunde": "12",
        "uwochentag": "4",
        "strzustand": "0",
        "istrad": "1",
        "istpkw": "1",
        "istfuss": "0",
        "istkrad": "0"
      }
    }
,
    {
      "type": "Feature",
      "geometry": { "type": "Point", "coordinates": [9.680444253000076, 52.371930216000067] },
      "properties": {
        "id": "22290",
        "name": "Unfall 22290 (2017) Kat:3",
        "year": 2017,
        "ulichtverh": "",
        "strasse": "",
        "ukategorie": "3",
        "utyp1": "2",
        "uart": "5",
        "umonat": "10",
        "ustunde": "10",
        "uwochentag": "4",
        "strzustand": "0",
        "istrad": "1",
        "istpkw": "1",
        "istfuss": "0",
        "istkrad": "0"
      }
    }
,
    {
      "type": "Feature",
      "geometry": { "type": "Point", "coordinates": [9.711160457000062, 52.405796731000066] },
      "properties": {
        "id": "22322",
        "name": "Unfall 22322 (2017) Kat:3",
        "year": 2017,
        "ulichtverh": "",
        "strasse": "",
        "ukategorie": "3",
        "utyp1": "3",
        "uart": "5",
        "umonat": "09",
        "ustunde": "11",
        "uwochentag": "3",
        "strzustand": "0",
        "istrad": "1",
        "istpkw": "1",
        "istfuss": "0",
        "istkrad": "0"
      }
    }
,
    {
      "type": "Feature",
      "geometry": { "type": "Point", "coordinates": [9.687046218000035, 52.558375074000082] },
      "properties": {
        "id": "22332",
        "name": "Unfall 22332 (2017) Kat:3",
        "year": 2017,
        "ulichtverh": "",
        "strasse": "",
        "ukategorie": "3",
        "utyp1": "6",
        "uart": "3",
        "umonat": "10",
        "ustunde": "16",
        "uwochentag": "3",
        "strzustand": "0",
        "istrad": "1",
        "istpkw": "1",
        "istfuss": "0",
        "istkrad": "0"
      }
    }
,
    {
      "type": "Feature",
      "geometry": { "type": "Point", "coordinates": [9.744676442000070, 52.369018689000029] },
      "properties": {
        "id": "22353",
        "name": "Unfall 22353 (2017) Kat:3",
        "year": 2017,
        "ulichtverh": "",
        "strasse": "",
        "ukategorie": "3",
        "utyp1": "6",
        "uart": "4",
        "umonat": "10",
        "ustunde": "17",
        "uwochentag": "2",
        "strzustand": "0",
        "istrad": "1",
        "istpkw": "0",
        "istfuss": "0",
        "istkrad": "0"
      }
    }
,
    {
      "type": "Feature",
      "geometry": { "type": "Point", "coordinates": [9.627935472000047, 52.265790682000045] },
      "properties": {
        "id": "22362",
        "name": "Unfall 22362 (2017) Kat:3",
        "year": 2017,
        "ulichtverh": "",
        "strasse": "",
        "ukategorie": "3",
        "utyp1": "6",
        "uart": "3",
        "umonat": "10",
        "ustunde": "07",
        "uwochentag": "2",
        "strzustand": "0",
        "istrad": "1",
        "istpkw": "1",
        "istfuss": "0",
        "istkrad": "0"
      }
    }
,
    {
      "type": "Feature",
      "geometry": { "type": "Point", "coordinates": [9.457251038000038, 52.504761896000048] },
      "properties": {
        "id": "22363",
        "name": "Unfall 22363 (2017) Kat:3",
        "year": 2017,
        "ulichtverh": "",
        "strasse": "",
        "ukategorie": "3",
        "utyp1": "6",
        "uart": "3",
        "umonat": "10",
        "ustunde": "13",
        "uwochentag": "2",
        "strzustand": "0",
        "istrad": "1",
        "istpkw": "0",
        "istfuss": "0",
        "istkrad": "0"
      }
    }
,
    {
      "type": "Feature",
      "geometry": { "type": "Point", "coordinates": [9.733894475000056, 52.438530028000059] },
      "properties": {
        "id": "22365",
        "name": "Unfall 22365 (2017) Kat:3",
        "year": 2017,
        "ulichtverh": "",
        "strasse": "",
        "ukategorie": "3",
        "utyp1": "2",
        "uart": "5",
        "umonat": "10",
        "ustunde": "09",
        "uwochentag": "2",
        "strzustand": "0",
        "istrad": "1",
        "istpkw": "1",
        "istfuss": "0",
        "istkrad": "0"
      }
    }
,
    {
      "type": "Feature",
      "geometry": { "type": "Point", "coordinates": [9.555636385000071, 52.204804900000056] },
      "properties": {
        "id": "22480",
        "name": "Unfall 22480 (2017) Kat:3",
        "year": 2017,
        "ulichtverh": "",
        "strasse": "",
        "ukategorie": "3",
        "utyp1": "3",
        "uart": "5",
        "umonat": "10",
        "ustunde": "15",
        "uwochentag": "1",
        "strzustand": "0",
        "istrad": "1",
        "istpkw": "1",
        "istfuss": "0",
        "istkrad": "0"
      }
    }
,
    {
      "type": "Feature",
      "geometry": { "type": "Point", "coordinates": [9.663156525000034, 52.315928309000071] },
      "properties": {
        "id": "22482",
        "name": "Unfall 22482 (2017) Kat:3",
        "year": 2017,
        "ulichtverh": "",
        "strasse": "",
        "ukategorie": "3",
        "utyp1": "6",
        "uart": "3",
        "umonat": "10",
        "ustunde": "13",
        "uwochentag": "1",
        "strzustand": "0",
        "istrad": "1",
        "istpkw": "1",
        "istfuss": "0",
        "istkrad": "0"
      }
    }
,
    {
      "type": "Feature",
      "geometry": { "type": "Point", "coordinates": [9.716420555000070, 52.357655152000063] },
      "properties": {
        "id": "22560",
        "name": "Unfall 22560 (2017) Kat:3",
        "year": 2017,
        "ulichtverh": "",
        "strasse": "",
        "ukategorie": "3",
        "utyp1": "3",
        "uart": "5",
        "umonat": "10",
        "ustunde": "12",
        "uwochentag": "6",
        "strzustand": "1",
        "istrad": "1",
        "istpkw": "1",
        "istfuss": "0",
        "istkrad": "0"
      }
    }
,
    {
      "type": "Feature",
      "geometry": { "type": "Point", "coordinates": [9.761427481000055, 52.260609296000041] },
      "properties": {
        "id": "22566",
        "name": "Unfall 22566 (2017) Kat:3",
        "year": 2017,
        "ulichtverh": "",
        "strasse": "",
        "ukategorie": "3",
        "utyp1": "2",
        "uart": "5",
        "umonat": "10",
        "ustunde": "17",
        "uwochentag": "6",
        "strzustand": "1",
        "istrad": "1",
        "istpkw": "1",
        "istfuss": "0",
        "istkrad": "0"
      }
    }
,
    {
      "type": "Feature",
      "geometry": { "type": "Point", "coordinates": [9.733875000000069, 52.469605685000033] },
      "properties": {
        "id": "22572",
        "name": "Unfall 22572 (2017) Kat:3",
        "year": 2017,
        "ulichtverh": "",
        "strasse": "",
        "ukategorie": "3",
        "utyp1": "2",
        "uart": "5",
        "umonat": "10",
        "ustunde": "16",
        "uwochentag": "6",
        "strzustand": "1",
        "istrad": "1",
        "istpkw": "1",
        "istfuss": "0",
        "istkrad": "0"
      }
    }
,
    {
      "type": "Feature",
      "geometry": { "type": "Point", "coordinates": [9.712512522000054, 52.403042182000036] },
      "properties": {
        "id": "22583",
        "name": "Unfall 22583 (2017) Kat:3",
        "year": 2017,
        "ulichtverh": "",
        "strasse": "",
        "ukategorie": "3",
        "utyp1": "2",
        "uart": "4",
        "umonat": "10",
        "ustunde": "14",
        "uwochentag": "7",
        "strzustand": "0",
        "istrad": "1",
        "istpkw": "1",
        "istfuss": "0",
        "istkrad": "0"
      }
    }
,
    {
      "type": "Feature",
      "geometry": { "type": "Point", "coordinates": [9.455987276000030, 52.505030766000061] },
      "properties": {
        "id": "22588",
        "name": "Unfall 22588 (2017) Kat:3",
        "year": 2017,
        "ulichtverh": "",
        "strasse": "",
        "ukategorie": "3",
        "utyp1": "6",
        "uart": "3",
        "umonat": "10",
        "ustunde": "13",
        "uwochentag": "7",
        "strzustand": "0",
        "istrad": "1",
        "istpkw": "1",
        "istfuss": "0",
        "istkrad": "0"
      }
    }
,
    {
      "type": "Feature",
      "geometry": { "type": "Point", "coordinates": [9.646487871000034, 52.399292442000046] },
      "properties": {
        "id": "22690",
        "name": "Unfall 22690 (2017) Kat:3",
        "year": 2017,
        "ulichtverh": "",
        "strasse": "",
        "ukategorie": "3",
        "utyp1": "2",
        "uart": "5",
        "umonat": "10",
        "ustunde": "06",
        "uwochentag": "5",
        "strzustand": "1",
        "istrad": "1",
        "istpkw": "1",
        "istfuss": "0",
        "istkrad": "0"
      }
    }
,
    {
      "type": "Feature",
      "geometry": { "type": "Point", "coordinates": [10.114748313000064, 52.355330186000060] },
      "properties": {
        "id": "22692",
        "name": "Unfall 22692 (2017) Kat:3",
        "year": 2017,
        "ulichtverh": "",
        "strasse": "",
        "ukategorie": "3",
        "utyp1": "3",
        "uart": "5",
        "umonat": "10",
        "ustunde": "16",
        "uwochentag": "5",
        "strzustand": "0",
        "istrad": "1",
        "istpkw": "1",
        "istfuss": "0",
        "istkrad": "0"
      }
    }
,
    {
      "type": "Feature",
      "geometry": { "type": "Point", "coordinates": [9.731551794000040, 52.438669220000065] },
      "properties": {
        "id": "22693",
        "name": "Unfall 22693 (2017) Kat:3",
        "year": 2017,
        "ulichtverh": "",
        "strasse": "",
        "ukategorie": "3",
        "utyp1": "3",
        "uart": "5",
        "umonat": "10",
        "ustunde": "11",
        "uwochentag": "5",
        "strzustand": "0",
        "istrad": "1",
        "istpkw": "1",
        "istfuss": "0",
        "istkrad": "0"
      }
    }
,
    {
      "type": "Feature",
      "geometry": { "type": "Point", "coordinates": [9.827277374000062, 52.310931962000041] },
      "properties": {
        "id": "22695",
        "name": "Unfall 22695 (2017) Kat:2",
        "year": 2017,
        "ulichtverh": "",
        "strasse": "",
        "ukategorie": "2",
        "utyp1": "3",
        "uart": "5",
        "umonat": "10",
        "ustunde": "16",
        "uwochentag": "5",
        "strzustand": "0",
        "istrad": "1",
        "istpkw": "1",
        "istfuss": "0",
        "istkrad": "0"
      }
    }
,
    {
      "type": "Feature",
      "geometry": { "type": "Point", "coordinates": [9.632888269000034, 52.419442701000037] },
      "properties": {
        "id": "22696",
        "name": "Unfall 22696 (2017) Kat:3",
        "year": 2017,
        "ulichtverh": "",
        "strasse": "",
        "ukategorie": "3",
        "utyp1": "1",
        "uart": "0",
        "umonat": "10",
        "ustunde": "11",
        "uwochentag": "5",
        "strzustand": "0",
        "istrad": "1",
        "istpkw": "0",
        "istfuss": "0",
        "istkrad": "0"
      }
    }
,
    {
      "type": "Feature",
      "geometry": { "type": "Point", "coordinates": [9.713943269000026, 52.366599315000030] },
      "properties": {
        "id": "22697",
        "name": "Unfall 22697 (2017) Kat:2",
        "year": 2017,
        "ulichtverh": "",
        "strasse": "",
        "ukategorie": "2",
        "utyp1": "5",
        "uart": "0",
        "umonat": "10",
        "ustunde": "08",
        "uwochentag": "5",
        "strzustand": "0",
        "istrad": "1",
        "istpkw": "1",
        "istfuss": "0",
        "istkrad": "0"
      }
    }
,
    {
      "type": "Feature",
      "geometry": { "type": "Point", "coordinates": [9.747768441000062, 52.324613823000050] },
      "properties": {
        "id": "22724",
        "name": "Unfall 22724 (2017) Kat:3",
        "year": 2017,
        "ulichtverh": "",
        "strasse": "",
        "ukategorie": "3",
        "utyp1": "6",
        "uart": "4",
        "umonat": "10",
        "ustunde": "16",
        "uwochentag": "6",
        "strzustand": "0",
        "istrad": "1",
        "istpkw": "0",
        "istfuss": "0",
        "istkrad": "0"
      }
    }
,
    {
      "type": "Feature",
      "geometry": { "type": "Point", "coordinates": [9.820129759000054, 52.362470775000077] },
      "properties": {
        "id": "22790",
        "name": "Unfall 22790 (2017) Kat:3",
        "year": 2017,
        "ulichtverh": "",
        "strasse": "",
        "ukategorie": "3",
        "utyp1": "1",
        "uart": "0",
        "umonat": "10",
        "ustunde": "13",
        "uwochentag": "4",
        "strzustand": "0",
        "istrad": "1",
        "istpkw": "0",
        "istfuss": "0",
        "istkrad": "0"
      }
    }
,
    {
      "type": "Feature",
      "geometry": { "type": "Point", "coordinates": [9.456578757000045, 52.496860316000038] },
      "properties": {
        "id": "22797",
        "name": "Unfall 22797 (2017) Kat:3",
        "year": 2017,
        "ulichtverh": "",
        "strasse": "",
        "ukategorie": "3",
        "utyp1": "5",
        "uart": "0",
        "umonat": "10",
        "ustunde": "11",
        "uwochentag": "5",
        "strzustand": "0",
        "istrad": "1",
        "istpkw": "0",
        "istfuss": "0",
        "istkrad": "0"
      }
    }
,
    {
      "type": "Feature",
      "geometry": { "type": "Point", "coordinates": [9.860071306000066, 52.433971914000040] },
      "properties": {
        "id": "22799",
        "name": "Unfall 22799 (2017) Kat:3",
        "year": 2017,
        "ulichtverh": "",
        "strasse": "",
        "ukategorie": "3",
        "utyp1": "3",
        "uart": "5",
        "umonat": "10",
        "ustunde": "10",
        "uwochentag": "5",
        "strzustand": "0",
        "istrad": "1",
        "istpkw": "1",
        "istfuss": "0",
        "istkrad": "0"
      }
    }
,
    {
      "type": "Feature",
      "geometry": { "type": "Point", "coordinates": [9.735629377000066, 52.396093447000055] },
      "properties": {
        "id": "22800",
        "name": "Unfall 22800 (2017) Kat:2",
        "year": 2017,
        "ulichtverh": "",
        "strasse": "",
        "ukategorie": "2",
        "utyp1": "3",
        "uart": "5",
        "umonat": "10",
        "ustunde": "06",
        "uwochentag": "5",
        "strzustand": "1",
        "istrad": "1",
        "istpkw": "1",
        "istfuss": "0",
        "istkrad": "0"
      }
    }
,
    {
      "type": "Feature",
      "geometry": { "type": "Point", "coordinates": [9.750076238000077, 52.327160320000075] },
      "properties": {
        "id": "22804",
        "name": "Unfall 22804 (2017) Kat:2",
        "year": 2017,
        "ulichtverh": "",
        "strasse": "",
        "ukategorie": "2",
        "utyp1": "3",
        "uart": "5",
        "umonat": "10",
        "ustunde": "17",
        "uwochentag": "5",
        "strzustand": "0",
        "istrad": "1",
        "istpkw": "1",
        "istfuss": "0",
        "istkrad": "0"
      }
    }
,
    {
      "type": "Feature",
      "geometry": { "type": "Point", "coordinates": [9.738809514000025, 52.368038677000072] },
      "properties": {
        "id": "22879",
        "name": "Unfall 22879 (2017) Kat:3",
        "year": 2017,
        "ulichtverh": "",
        "strasse": "",
        "ukategorie": "3",
        "utyp1": "3",
        "uart": "5",
        "umonat": "10",
        "ustunde": "15",
        "uwochentag": "3",
        "strzustand": "0",
        "istrad": "1",
        "istpkw": "1",
        "istfuss": "0",
        "istkrad": "0"
      }
    }
,
    {
      "type": "Feature",
      "geometry": { "type": "Point", "coordinates": [9.717098014000044, 52.346364730000062] },
      "properties": {
        "id": "22898",
        "name": "Unfall 22898 (2017) Kat:2",
        "year": 2017,
        "ulichtverh": "",
        "strasse": "",
        "ukategorie": "2",
        "utyp1": "2",
        "uart": "5",
        "umonat": "10",
        "ustunde": "09",
        "uwochentag": "4",
        "strzustand": "1",
        "istrad": "1",
        "istpkw": "0",
        "istfuss": "0",
        "istkrad": "0"
      }
    }
,
    {
      "type": "Feature",
      "geometry": { "type": "Point", "coordinates": [9.590798700000050, 52.396887054000047] },
      "properties": {
        "id": "22971",
        "name": "Unfall 22971 (2017) Kat:3",
        "year": 2017,
        "ulichtverh": "",
        "strasse": "",
        "ukategorie": "3",
        "utyp1": "2",
        "uart": "4",
        "umonat": "10",
        "ustunde": "16",
        "uwochentag": "3",
        "strzustand": "1",
        "istrad": "1",
        "istpkw": "1",
        "istfuss": "0",
        "istkrad": "0"
      }
    }
,
    {
      "type": "Feature",
      "geometry": { "type": "Point", "coordinates": [9.418673772000034, 52.426650037000059] },
      "properties": {
        "id": "23034",
        "name": "Unfall 23034 (2017) Kat:3",
        "year": 2017,
        "ulichtverh": "",
        "strasse": "",
        "ukategorie": "3",
        "utyp1": "7",
        "uart": "0",
        "umonat": "11",
        "ustunde": "09",
        "uwochentag": "5",
        "strzustand": "0",
        "istrad": "1",
        "istpkw": "0",
        "istfuss": "0",
        "istkrad": "0"
      }
    }
,
    {
      "type": "Feature",
      "geometry": { "type": "Point", "coordinates": [9.667304168000044, 52.340338995000081] },
      "properties": {
        "id": "23051",
        "name": "Unfall 23051 (2017) Kat:3",
        "year": 2017,
        "ulichtverh": "",
        "strasse": "",
        "ukategorie": "3",
        "utyp1": "3",
        "uart": "5",
        "umonat": "10",
        "ustunde": "16",
        "uwochentag": "2",
        "strzustand": "0",
        "istrad": "1",
        "istpkw": "1",
        "istfuss": "0",
        "istkrad": "0"
      }
    }
,
    {
      "type": "Feature",
      "geometry": { "type": "Point", "coordinates": [9.722432402000038, 52.378501653000058] },
      "properties": {
        "id": "23117",
        "name": "Unfall 23117 (2017) Kat:3",
        "year": 2017,
        "ulichtverh": "",
        "strasse": "",
        "ukategorie": "3",
        "utyp1": "2",
        "uart": "5",
        "umonat": "10",
        "ustunde": "02",
        "uwochentag": "1",
        "strzustand": "1",
        "istrad": "1",
        "istpkw": "1",
        "istfuss": "0",
        "istkrad": "0"
      }
    }
,
    {
      "type": "Feature",
      "geometry": { "type": "Point", "coordinates": [9.730162320000034, 52.368702821000056] },
      "properties": {
        "id": "23187",
        "name": "Unfall 23187 (2017) Kat:3",
        "year": 2017,
        "ulichtverh": "",
        "strasse": "",
        "ukategorie": "3",
        "utyp1": "3",
        "uart": "5",
        "umonat": "11",
        "ustunde": "16",
        "uwochentag": "2",
        "strzustand": "0",
        "istrad": "1",
        "istpkw": "1",
        "istfuss": "0",
        "istkrad": "0"
      }
    }
,
    {
      "type": "Feature",
      "geometry": { "type": "Point", "coordinates": [9.734402064000051, 52.412596002000043] },
      "properties": {
        "id": "23192",
        "name": "Unfall 23192 (2017) Kat:3",
        "year": 2017,
        "ulichtverh": "",
        "strasse": "",
        "ukategorie": "3",
        "utyp1": "2",
        "uart": "3",
        "umonat": "11",
        "ustunde": "10",
        "uwochentag": "2",
        "strzustand": "0",
        "istrad": "1",
        "istpkw": "0",
        "istfuss": "0",
        "istkrad": "0"
      }
    }
,
    {
      "type": "Feature",
      "geometry": { "type": "Point", "coordinates": [9.728882511000052, 52.372970866000060] },
      "properties": {
        "id": "23193",
        "name": "Unfall 23193 (2017) Kat:3",
        "year": 2017,
        "ulichtverh": "",
        "strasse": "",
        "ukategorie": "3",
        "utyp1": "2",
        "uart": "4",
        "umonat": "10",
        "ustunde": "17",
        "uwochentag": "2",
        "strzustand": "1",
        "istrad": "1",
        "istpkw": "1",
        "istfuss": "0",
        "istkrad": "0"
      }
    }
,
    {
      "type": "Feature",
      "geometry": { "type": "Point", "coordinates": [9.802579547000050, 52.434825249000028] },
      "properties": {
        "id": "23204",
        "name": "Unfall 23204 (2017) Kat:3",
        "year": 2017,
        "ulichtverh": "",
        "strasse": "",
        "ukategorie": "3",
        "utyp1": "2",
        "uart": "5",
        "umonat": "11",
        "ustunde": "17",
        "uwochentag": "2",
        "strzustand": "0",
        "istrad": "1",
        "istpkw": "1",
        "istfuss": "0",
        "istkrad": "0"
      }
    }
,
    {
      "type": "Feature",
      "geometry": { "type": "Point", "coordinates": [9.783436819000031, 52.323232445000031] },
      "properties": {
        "id": "23211",
        "name": "Unfall 23211 (2017) Kat:3",
        "year": 2017,
        "ulichtverh": "",
        "strasse": "",
        "ukategorie": "3",
        "utyp1": "2",
        "uart": "5",
        "umonat": "10",
        "ustunde": "08",
        "uwochentag": "7",
        "strzustand": "0",
        "istrad": "1",
        "istpkw": "1",
        "istfuss": "0",
        "istkrad": "0"
      }
    }
,
    {
      "type": "Feature",
      "geometry": { "type": "Point", "coordinates": [9.903753678000044, 52.444850736000035] },
      "properties": {
        "id": "23212",
        "name": "Unfall 23212 (2017) Kat:3",
        "year": 2017,
        "ulichtverh": "",
        "strasse": "",
        "ukategorie": "3",
        "utyp1": "3",
        "uart": "5",
        "umonat": "11",
        "ustunde": "08",
        "uwochentag": "2",
        "strzustand": "0",
        "istrad": "1",
        "istpkw": "1",
        "istfuss": "0",
        "istkrad": "0"
      }
    }
,
    {
      "type": "Feature",
      "geometry": { "type": "Point", "coordinates": [9.488019787000042, 52.291328545000056] },
      "properties": {
        "id": "23231",
        "name": "Unfall 23231 (2017) Kat:3",
        "year": 2017,
        "ulichtverh": "",
        "strasse": "",
        "ukategorie": "3",
        "utyp1": "2",
        "uart": "5",
        "umonat": "10",
        "ustunde": "07",
        "uwochentag": "2",
        "strzustand": "0",
        "istrad": "1",
        "istpkw": "1",
        "istfuss": "0",
        "istkrad": "0"
      }
    }
,
    {
      "type": "Feature",
      "geometry": { "type": "Point", "coordinates": [9.815087726000058, 52.303713443000049] },
      "properties": {
        "id": "23265",
        "name": "Unfall 23265 (2017) Kat:3",
        "year": 2017,
        "ulichtverh": "",
        "strasse": "",
        "ukategorie": "3",
        "utyp1": "2",
        "uart": "5",
        "umonat": "10",
        "ustunde": "07",
        "uwochentag": "2",
        "strzustand": "1",
        "istrad": "1",
        "istpkw": "1",
        "istfuss": "0",
        "istkrad": "0"
      }
    }
,
    {
      "type": "Feature",
      "geometry": { "type": "Point", "coordinates": [9.735308842000052, 52.402947400000073] },
      "properties": {
        "id": "23272",
        "name": "Unfall 23272 (2017) Kat:3",
        "year": 2017,
        "ulichtverh": "",
        "strasse": "",
        "ukategorie": "3",
        "utyp1": "6",
        "uart": "3",
        "umonat": "11",
        "ustunde": "13",
        "uwochentag": "6",
        "strzustand": "1",
        "istrad": "1",
        "istpkw": "0",
        "istfuss": "0",
        "istkrad": "0"
      }
    }
,
    {
      "type": "Feature",
      "geometry": { "type": "Point", "coordinates": [9.762276444000065, 52.336308357000064] },
      "properties": {
        "id": "23282",
        "name": "Unfall 23282 (2017) Kat:3",
        "year": 2017,
        "ulichtverh": "",
        "strasse": "",
        "ukategorie": "3",
        "utyp1": "3",
        "uart": "5",
        "umonat": "10",
        "ustunde": "08",
        "uwochentag": "2",
        "strzustand": "0",
        "istrad": "1",
        "istpkw": "1",
        "istfuss": "0",
        "istkrad": "0"
      }
    }
,
    {
      "type": "Feature",
      "geometry": { "type": "Point", "coordinates": [9.799896786000033, 52.407495538000035] },
      "properties": {
        "id": "23344",
        "name": "Unfall 23344 (2017) Kat:3",
        "year": 2017,
        "ulichtverh": "",
        "strasse": "",
        "ukategorie": "3",
        "utyp1": "7",
        "uart": "0",
        "umonat": "11",
        "ustunde": "10",
        "uwochentag": "6",
        "strzustand": "1",
        "istrad": "1",
        "istpkw": "0",
        "istfuss": "0",
        "istkrad": "0"
      }
    }
,
    {
      "type": "Feature",
      "geometry": { "type": "Point", "coordinates": [9.651196830000060, 52.415280089000078] },
      "properties": {
        "id": "23367",
        "name": "Unfall 23367 (2017) Kat:3",
        "year": 2017,
        "ulichtverh": "",
        "strasse": "",
        "ukategorie": "3",
        "utyp1": "7",
        "uart": "0",
        "umonat": "10",
        "ustunde": "17",
        "uwochentag": "6",
        "strzustand": "1",
        "istrad": "1",
        "istpkw": "0",
        "istfuss": "0",
        "istkrad": "0"
      }
    }
,
    {
      "type": "Feature",
      "geometry": { "type": "Point", "coordinates": [9.722552398000062, 52.357872223000072] },
      "properties": {
        "id": "23369",
        "name": "Unfall 23369 (2017) Kat:3",
        "year": 2017,
        "ulichtverh": "",
        "strasse": "",
        "ukategorie": "3",
        "utyp1": "4",
        "uart": "6",
        "umonat": "10",
        "ustunde": "12",
        "uwochentag": "6",
        "strzustand": "0",
        "istrad": "1",
        "istpkw": "0",
        "istfuss": "1",
        "istkrad": "0"
      }
    }
,
    {
      "type": "Feature",
      "geometry": { "type": "Point", "coordinates": [9.685821562000058, 52.374891766000076] },
      "properties": {
        "id": "23375",
        "name": "Unfall 23375 (2017) Kat:3",
        "year": 2017,
        "ulichtverh": "",
        "strasse": "",
        "ukategorie": "3",
        "utyp1": "3",
        "uart": "5",
        "umonat": "10",
        "ustunde": "14",
        "uwochentag": "6",
        "strzustand": "0",
        "istrad": "1",
        "istpkw": "1",
        "istfuss": "0",
        "istkrad": "0"
      }
    }
,
    {
      "type": "Feature",
      "geometry": { "type": "Point", "coordinates": [9.727153889000022, 52.387988735000079] },
      "properties": {
        "id": "23387",
        "name": "Unfall 23387 (2017) Kat:3",
        "year": 2017,
        "ulichtverh": "",
        "strasse": "",
        "ukategorie": "3",
        "utyp1": "3",
        "uart": "5",
        "umonat": "11",
        "ustunde": "12",
        "uwochentag": "7",
        "strzustand": "0",
        "istrad": "1",
        "istpkw": "1",
        "istfuss": "0",
        "istkrad": "0"
      }
    }
,
    {
      "type": "Feature",
      "geometry": { "type": "Point", "coordinates": [9.726339346000032, 52.380814795000049] },
      "properties": {
        "id": "23442",
        "name": "Unfall 23442 (2017) Kat:3",
        "year": 2017,
        "ulichtverh": "",
        "strasse": "",
        "ukategorie": "3",
        "utyp1": "3",
        "uart": "5",
        "umonat": "11",
        "ustunde": "19",
        "uwochentag": "4",
        "strzustand": "0",
        "istrad": "1",
        "istpkw": "1",
        "istfuss": "0",
        "istkrad": "0"
      }
    }
,
    {
      "type": "Feature",
      "geometry": { "type": "Point", "coordinates": [9.670770489000063, 52.238935943000058] },
      "properties": {
        "id": "23601",
        "name": "Unfall 23601 (2017) Kat:3",
        "year": 2017,
        "ulichtverh": "",
        "strasse": "",
        "ukategorie": "3",
        "utyp1": "3",
        "uart": "5",
        "umonat": "11",
        "ustunde": "15",
        "uwochentag": "5",
        "strzustand": "0",
        "istrad": "1",
        "istpkw": "1",
        "istfuss": "0",
        "istkrad": "0"
      }
    }
,
    {
      "type": "Feature",
      "geometry": { "type": "Point", "coordinates": [9.454629406000038, 52.508356893000041] },
      "properties": {
        "id": "23603",
        "name": "Unfall 23603 (2017) Kat:3",
        "year": 2017,
        "ulichtverh": "",
        "strasse": "",
        "ukategorie": "3",
        "utyp1": "2",
        "uart": "5",
        "umonat": "11",
        "ustunde": "17",
        "uwochentag": "5",
        "strzustand": "1",
        "istrad": "1",
        "istpkw": "1",
        "istfuss": "0",
        "istkrad": "0"
      }
    }
,
    {
      "type": "Feature",
      "geometry": { "type": "Point", "coordinates": [9.963934774000052, 52.316035490000047] },
      "properties": {
        "id": "23619",
        "name": "Unfall 23619 (2017) Kat:3",
        "year": 2017,
        "ulichtverh": "",
        "strasse": "",
        "ukategorie": "3",
        "utyp1": "2",
        "uart": "5",
        "umonat": "11",
        "ustunde": "12",
        "uwochentag": "4",
        "strzustand": "0",
        "istrad": "1",
        "istpkw": "1",
        "istfuss": "0",
        "istkrad": "0"
      }
    }
,
    {
      "type": "Feature",
      "geometry": { "type": "Point", "coordinates": [9.756952381000076, 52.370198609000056] },
      "properties": {
        "id": "23685",
        "name": "Unfall 23685 (2017) Kat:3",
        "year": 2017,
        "ulichtverh": "",
        "strasse": "",
        "ukategorie": "3",
        "utyp1": "7",
        "uart": "0",
        "umonat": "10",
        "ustunde": "15",
        "uwochentag": "4",
        "strzustand": "0",
        "istrad": "1",
        "istpkw": "0",
        "istfuss": "0",
        "istkrad": "0"
      }
    }
,
    {
      "type": "Feature",
      "geometry": { "type": "Point", "coordinates": [9.734292233000076, 52.387300184000026] },
      "properties": {
        "id": "23761",
        "name": "Unfall 23761 (2017) Kat:3",
        "year": 2017,
        "ulichtverh": "",
        "strasse": "",
        "ukategorie": "3",
        "utyp1": "2",
        "uart": "5",
        "umonat": "11",
        "ustunde": "22",
        "uwochentag": "4",
        "strzustand": "1",
        "istrad": "1",
        "istpkw": "1",
        "istfuss": "0",
        "istkrad": "0"
      }
    }
,
    {
      "type": "Feature",
      "geometry": { "type": "Point", "coordinates": [9.804259322000064, 52.407977044000063] },
      "properties": {
        "id": "23773",
        "name": "Unfall 23773 (2017) Kat:3",
        "year": 2017,
        "ulichtverh": "",
        "strasse": "",
        "ukategorie": "3",
        "utyp1": "3",
        "uart": "5",
        "umonat": "11",
        "ustunde": "13",
        "uwochentag": "4",
        "strzustand": "0",
        "istrad": "1",
        "istpkw": "1",
        "istfuss": "0",
        "istkrad": "0"
      }
    }
,
    {
      "type": "Feature",
      "geometry": { "type": "Point", "coordinates": [9.730170915000031, 52.368705924000039] },
      "properties": {
        "id": "23804",
        "name": "Unfall 23804 (2017) Kat:3",
        "year": 2017,
        "ulichtverh": "",
        "strasse": "",
        "ukategorie": "3",
        "utyp1": "3",
        "uart": "5",
        "umonat": "11",
        "ustunde": "13",
        "uwochentag": "5",
        "strzustand": "0",
        "istrad": "1",
        "istpkw": "1",
        "istfuss": "0",
        "istkrad": "0"
      }
    }
,
    {
      "type": "Feature",
      "geometry": { "type": "Point", "coordinates": [9.756122967000067, 52.352921963000028] },
      "properties": {
        "id": "23805",
        "name": "Unfall 23805 (2017) Kat:3",
        "year": 2017,
        "ulichtverh": "",
        "strasse": "",
        "ukategorie": "3",
        "utyp1": "2",
        "uart": "0",
        "umonat": "10",
        "ustunde": "12",
        "uwochentag": "3",
        "strzustand": "1",
        "istrad": "1",
        "istpkw": "0",
        "istfuss": "0",
        "istkrad": "1"
      }
    }
,
    {
      "type": "Feature",
      "geometry": { "type": "Point", "coordinates": [9.853243518000056, 52.564532310000061] },
      "properties": {
        "id": "23844",
        "name": "Unfall 23844 (2017) Kat:3",
        "year": 2017,
        "ulichtverh": "",
        "strasse": "",
        "ukategorie": "3",
        "utyp1": "2",
        "uart": "3",
        "umonat": "11",
        "ustunde": "12",
        "uwochentag": "6",
        "strzustand": "1",
        "istrad": "1",
        "istpkw": "1",
        "istfuss": "0",
        "istkrad": "0"
      }
    }
,
    {
      "type": "Feature",
      "geometry": { "type": "Point", "coordinates": [9.679780881000056, 52.309543815000040] },
      "properties": {
        "id": "23906",
        "name": "Unfall 23906 (2017) Kat:3",
        "year": 2017,
        "ulichtverh": "",
        "strasse": "",
        "ukategorie": "3",
        "utyp1": "2",
        "uart": "4",
        "umonat": "11",
        "ustunde": "18",
        "uwochentag": "2",
        "strzustand": "0",
        "istrad": "1",
        "istpkw": "1",
        "istfuss": "0",
        "istkrad": "0"
      }
    }
,
    {
      "type": "Feature",
      "geometry": { "type": "Point", "coordinates": [9.737262482000062, 52.305355033000069] },
      "properties": {
        "id": "23913",
        "name": "Unfall 23913 (2017) Kat:3",
        "year": 2017,
        "ulichtverh": "",
        "strasse": "",
        "ukategorie": "3",
        "utyp1": "6",
        "uart": "4",
        "umonat": "11",
        "ustunde": "17",
        "uwochentag": "2",
        "strzustand": "0",
        "istrad": "1",
        "istpkw": "0",
        "istfuss": "0",
        "istkrad": "0"
      }
    }
,
    {
      "type": "Feature",
      "geometry": { "type": "Point", "coordinates": [9.861832305000064, 52.369129931000032] },
      "properties": {
        "id": "23970",
        "name": "Unfall 23970 (2017) Kat:3",
        "year": 2017,
        "ulichtverh": "",
        "strasse": "",
        "ukategorie": "3",
        "utyp1": "7",
        "uart": "0",
        "umonat": "11",
        "ustunde": "22",
        "uwochentag": "1",
        "strzustand": "1",
        "istrad": "1",
        "istpkw": "0",
        "istfuss": "0",
        "istkrad": "0"
      }
    }
,
    {
      "type": "Feature",
      "geometry": { "type": "Point", "coordinates": [9.727109526000049, 52.366943742000046] },
      "properties": {
        "id": "23975",
        "name": "Unfall 23975 (2017) Kat:3",
        "year": 2017,
        "ulichtverh": "",
        "strasse": "",
        "ukategorie": "3",
        "utyp1": "2",
        "uart": "3",
        "umonat": "11",
        "ustunde": "07",
        "uwochentag": "6",
        "strzustand": "1",
        "istrad": "1",
        "istpkw": "1",
        "istfuss": "0",
        "istkrad": "0"
      }
    }
,
    {
      "type": "Feature",
      "geometry": { "type": "Point", "coordinates": [9.671599835000052, 52.440578132000041] },
      "properties": {
        "id": "24008",
        "name": "Unfall 24008 (2017) Kat:3",
        "year": 2017,
        "ulichtverh": "",
        "strasse": "",
        "ukategorie": "3",
        "utyp1": "3",
        "uart": "5",
        "umonat": "11",
        "ustunde": "17",
        "uwochentag": "2",
        "strzustand": "0",
        "istrad": "1",
        "istpkw": "1",
        "istfuss": "0",
        "istkrad": "0"
      }
    }
,
    {
      "type": "Feature",
      "geometry": { "type": "Point", "coordinates": [9.728277447000039, 52.381590598000059] },
      "properties": {
        "id": "24061",
        "name": "Unfall 24061 (2017) Kat:3",
        "year": 2017,
        "ulichtverh": "",
        "strasse": "",
        "ukategorie": "3",
        "utyp1": "2",
        "uart": "5",
        "umonat": "11",
        "ustunde": "14",
        "uwochentag": "1",
        "strzustand": "0",
        "istrad": "1",
        "istpkw": "1",
        "istfuss": "0",
        "istkrad": "0"
      }
    }
,
    {
      "type": "Feature",
      "geometry": { "type": "Point", "coordinates": [9.713334230000044, 52.314771764000056] },
      "properties": {
        "id": "24080",
        "name": "Unfall 24080 (2017) Kat:3",
        "year": 2017,
        "ulichtverh": "",
        "strasse": "",
        "ukategorie": "3",
        "utyp1": "3",
        "uart": "5",
        "umonat": "11",
        "ustunde": "05",
        "uwochentag": "2",
        "strzustand": "1",
        "istrad": "1",
        "istpkw": "1",
        "istfuss": "0",
        "istkrad": "0"
      }
    }
,
    {
      "type": "Feature",
      "geometry": { "type": "Point", "coordinates": [9.722203983000043, 52.378352025000027] },
      "properties": {
        "id": "24170",
        "name": "Unfall 24170 (2017) Kat:3",
        "year": 2017,
        "ulichtverh": "",
        "strasse": "",
        "ukategorie": "3",
        "utyp1": "2",
        "uart": "5",
        "umonat": "11",
        "ustunde": "18",
        "uwochentag": "5",
        "strzustand": "1",
        "istrad": "1",
        "istpkw": "1",
        "istfuss": "0",
        "istkrad": "0"
      }
    }
,
    {
      "type": "Feature",
      "geometry": { "type": "Point", "coordinates": [9.545923380000033, 52.462047393000034] },
      "properties": {
        "id": "24173",
        "name": "Unfall 24173 (2017) Kat:3",
        "year": 2017,
        "ulichtverh": "",
        "strasse": "",
        "ukategorie": "3",
        "utyp1": "1",
        "uart": "0",
        "umonat": "11",
        "ustunde": "15",
        "uwochentag": "5",
        "strzustand": "1",
        "istrad": "1",
        "istpkw": "0",
        "istfuss": "0",
        "istkrad": "0"
      }
    }
,
    {
      "type": "Feature",
      "geometry": { "type": "Point", "coordinates": [9.763720727000077, 52.551324153000053] },
      "properties": {
        "id": "24175",
        "name": "Unfall 24175 (2017) Kat:3",
        "year": 2017,
        "ulichtverh": "",
        "strasse": "",
        "ukategorie": "3",
        "utyp1": "3",
        "uart": "5",
        "umonat": "11",
        "ustunde": "17",
        "uwochentag": "5",
        "strzustand": "0",
        "istrad": "1",
        "istpkw": "1",
        "istfuss": "0",
        "istkrad": "0"
      }
    }
,
    {
      "type": "Feature",
      "geometry": { "type": "Point", "coordinates": [9.720264274000044, 52.391659249000043] },
      "properties": {
        "id": "24282",
        "name": "Unfall 24282 (2017) Kat:2",
        "year": 2017,
        "ulichtverh": "",
        "strasse": "",
        "ukategorie": "2",
        "utyp1": "1",
        "uart": "0",
        "umonat": "11",
        "ustunde": "13",
        "uwochentag": "1",
        "strzustand": "1",
        "istrad": "1",
        "istpkw": "0",
        "istfuss": "0",
        "istkrad": "0"
      }
    }
,
    {
      "type": "Feature",
      "geometry": { "type": "Point", "coordinates": [9.977286421000031, 52.375110402000075] },
      "properties": {
        "id": "24393",
        "name": "Unfall 24393 (2017) Kat:3",
        "year": 2017,
        "ulichtverh": "",
        "strasse": "",
        "ukategorie": "3",
        "utyp1": "2",
        "uart": "5",
        "umonat": "11",
        "ustunde": "05",
        "uwochentag": "2",
        "strzustand": "1",
        "istrad": "1",
        "istpkw": "1",
        "istfuss": "0",
        "istkrad": "0"
      }
    }
,
    {
      "type": "Feature",
      "geometry": { "type": "Point", "coordinates": [9.731693724000024, 52.369431441000074] },
      "properties": {
        "id": "24499",
        "name": "Unfall 24499 (2017) Kat:3",
        "year": 2017,
        "ulichtverh": "",
        "strasse": "",
        "ukategorie": "3",
        "utyp1": "3",
        "uart": "5",
        "umonat": "11",
        "ustunde": "15",
        "uwochentag": "5",
        "strzustand": "0",
        "istrad": "1",
        "istpkw": "1",
        "istfuss": "0",
        "istkrad": "0"
      }
    }
,
    {
      "type": "Feature",
      "geometry": { "type": "Point", "coordinates": [9.745944801000064, 52.366436296000074] },
      "properties": {
        "id": "24504",
        "name": "Unfall 24504 (2017) Kat:3",
        "year": 2017,
        "ulichtverh": "",
        "strasse": "",
        "ukategorie": "3",
        "utyp1": "7",
        "uart": "0",
        "umonat": "11",
        "ustunde": "16",
        "uwochentag": "5",
        "strzustand": "0",
        "istrad": "1",
        "istpkw": "0",
        "istfuss": "0",
        "istkrad": "0"
      }
    }
,
    {
      "type": "Feature",
      "geometry": { "type": "Point", "coordinates": [9.776447486000052, 52.328803020000066] },
      "properties": {
        "id": "24537",
        "name": "Unfall 24537 (2017) Kat:3",
        "year": 2017,
        "ulichtverh": "",
        "strasse": "",
        "ukategorie": "3",
        "utyp1": "3",
        "uart": "5",
        "umonat": "11",
        "ustunde": "16",
        "uwochentag": "3",
        "strzustand": "0",
        "istrad": "1",
        "istpkw": "1",
        "istfuss": "0",
        "istkrad": "0"
      }
    }
,
    {
      "type": "Feature",
      "geometry": { "type": "Point", "coordinates": [9.734776447000058, 52.407364444000052] },
      "properties": {
        "id": "24579",
        "name": "Unfall 24579 (2017) Kat:3",
        "year": 2017,
        "ulichtverh": "",
        "strasse": "",
        "ukategorie": "3",
        "utyp1": "2",
        "uart": "5",
        "umonat": "11",
        "ustunde": "14",
        "uwochentag": "3",
        "strzustand": "1",
        "istrad": "1",
        "istpkw": "1",
        "istfuss": "0",
        "istkrad": "0"
      }
    }
,
    {
      "type": "Feature",
      "geometry": { "type": "Point", "coordinates": [9.745279185000072, 52.367041207000057] },
      "properties": {
        "id": "24581",
        "name": "Unfall 24581 (2017) Kat:2",
        "year": 2017,
        "ulichtverh": "",
        "strasse": "",
        "ukategorie": "2",
        "utyp1": "3",
        "uart": "5",
        "umonat": "11",
        "ustunde": "07",
        "uwochentag": "3",
        "strzustand": "1",
        "istrad": "1",
        "istpkw": "1",
        "istfuss": "0",
        "istkrad": "0"
      }
    }
,
    {
      "type": "Feature",
      "geometry": { "type": "Point", "coordinates": [9.462290061000033, 52.305053811000050] },
      "properties": {
        "id": "24801",
        "name": "Unfall 24801 (2017) Kat:2",
        "year": 2017,
        "ulichtverh": "",
        "strasse": "",
        "ukategorie": "2",
        "utyp1": "3",
        "uart": "5",
        "umonat": "11",
        "ustunde": "17",
        "uwochentag": "2",
        "strzustand": "1",
        "istrad": "1",
        "istpkw": "1",
        "istfuss": "0",
        "istkrad": "0"
      }
    }
,
    {
      "type": "Feature",
      "geometry": { "type": "Point", "coordinates": [9.608721199000058, 52.318571348000035] },
      "properties": {
        "id": "24943",
        "name": "Unfall 24943 (2017) Kat:3",
        "year": 2017,
        "ulichtverh": "",
        "strasse": "",
        "ukategorie": "3",
        "utyp1": "3",
        "uart": "5",
        "umonat": "12",
        "ustunde": "13",
        "uwochentag": "7",
        "strzustand": "1",
        "istrad": "1",
        "istpkw": "1",
        "istfuss": "0",
        "istkrad": "0"
      }
    }
,
    {
      "type": "Feature",
      "geometry": { "type": "Point", "coordinates": [9.846643338000035, 52.430657517000043] },
      "properties": {
        "id": "24980",
        "name": "Unfall 24980 (2017) Kat:3",
        "year": 2017,
        "ulichtverh": "",
        "strasse": "",
        "ukategorie": "3",
        "utyp1": "3",
        "uart": "5",
        "umonat": "11",
        "ustunde": "07",
        "uwochentag": "3",
        "strzustand": "0",
        "istrad": "1",
        "istpkw": "0",
        "istfuss": "0",
        "istkrad": "0"
      }
    }
,
    {
      "type": "Feature",
      "geometry": { "type": "Point", "coordinates": [9.735552627000061, 52.403539075000026] },
      "properties": {
        "id": "24996",
        "name": "Unfall 24996 (2017) Kat:3",
        "year": 2017,
        "ulichtverh": "",
        "strasse": "",
        "ukategorie": "3",
        "utyp1": "3",
        "uart": "5",
        "umonat": "12",
        "ustunde": "21",
        "uwochentag": "6",
        "strzustand": "0",
        "istrad": "1",
        "istpkw": "1",
        "istfuss": "0",
        "istkrad": "0"
      }
    }
,
    {
      "type": "Feature",
      "geometry": { "type": "Point", "coordinates": [9.449126443000068, 52.436236858000029] },
      "properties": {
        "id": "24998",
        "name": "Unfall 24998 (2017) Kat:3",
        "year": 2017,
        "ulichtverh": "",
        "strasse": "",
        "ukategorie": "3",
        "utyp1": "2",
        "uart": "5",
        "umonat": "12",
        "ustunde": "17",
        "uwochentag": "6",
        "strzustand": "1",
        "istrad": "1",
        "istpkw": "1",
        "istfuss": "0",
        "istkrad": "0"
      }
    }
,
    {
      "type": "Feature",
      "geometry": { "type": "Point", "coordinates": [9.791828208000027, 52.335039474000041] },
      "properties": {
        "id": "25002",
        "name": "Unfall 25002 (2017) Kat:3",
        "year": 2017,
        "ulichtverh": "",
        "strasse": "",
        "ukategorie": "3",
        "utyp1": "3",
        "uart": "5",
        "umonat": "12",
        "ustunde": "12",
        "uwochentag": "6",
        "strzustand": "1",
        "istrad": "1",
        "istpkw": "1",
        "istfuss": "0",
        "istkrad": "0"
      }
    }
,
    {
      "type": "Feature",
      "geometry": { "type": "Point", "coordinates": [9.756794762000027, 52.312838746000068] },
      "properties": {
        "id": "25059",
        "name": "Unfall 25059 (2017) Kat:2",
        "year": 2017,
        "ulichtverh": "",
        "strasse": "",
        "ukategorie": "2",
        "utyp1": "1",
        "uart": "0",
        "umonat": "11",
        "ustunde": "08",
        "uwochentag": "5",
        "strzustand": "2",
        "istrad": "1",
        "istpkw": "0",
        "istfuss": "0",
        "istkrad": "0"
      }
    }
,
    {
      "type": "Feature",
      "geometry": { "type": "Point", "coordinates": [9.744798165000077, 52.367440533000035] },
      "properties": {
        "id": "25062",
        "name": "Unfall 25062 (2017) Kat:3",
        "year": 2017,
        "ulichtverh": "",
        "strasse": "",
        "ukategorie": "3",
        "utyp1": "3",
        "uart": "5",
        "umonat": "11",
        "ustunde": "18",
        "uwochentag": "5",
        "strzustand": "0",
        "istrad": "1",
        "istpkw": "1",
        "istfuss": "0",
        "istkrad": "0"
      }
    }
,
    {
      "type": "Feature",
      "geometry": { "type": "Point", "coordinates": [9.817595900000072, 52.305247559000065] },
      "properties": {
        "id": "25063",
        "name": "Unfall 25063 (2017) Kat:3",
        "year": 2017,
        "ulichtverh": "",
        "strasse": "",
        "ukategorie": "3",
        "utyp1": "5",
        "uart": "1",
        "umonat": "11",
        "ustunde": "13",
        "uwochentag": "5",
        "strzustand": "0",
        "istrad": "1",
        "istpkw": "1",
        "istfuss": "0",
        "istkrad": "0"
      }
    }
,
    {
      "type": "Feature",
      "geometry": { "type": "Point", "coordinates": [9.731113147000031, 52.383602963000044] },
      "properties": {
        "id": "25110",
        "name": "Unfall 25110 (2017) Kat:3",
        "year": 2017,
        "ulichtverh": "",
        "strasse": "",
        "ukategorie": "3",
        "utyp1": "2",
        "uart": "5",
        "umonat": "11",
        "ustunde": "08",
        "uwochentag": "4",
        "strzustand": "0",
        "istrad": "1",
        "istpkw": "1",
        "istfuss": "0",
        "istkrad": "0"
      }
    }
,
    {
      "type": "Feature",
      "geometry": { "type": "Point", "coordinates": [9.782666139000071, 52.324269570000070] },
      "properties": {
        "id": "25111",
        "name": "Unfall 25111 (2017) Kat:3",
        "year": 2017,
        "ulichtverh": "",
        "strasse": "",
        "ukategorie": "3",
        "utyp1": "3",
        "uart": "5",
        "umonat": "11",
        "ustunde": "18",
        "uwochentag": "4",
        "strzustand": "0",
        "istrad": "1",
        "istpkw": "1",
        "istfuss": "0",
        "istkrad": "0"
      }
    }
,
    {
      "type": "Feature",
      "geometry": { "type": "Point", "coordinates": [9.818975456000032, 52.410335217000068] },
      "properties": {
        "id": "25173",
        "name": "Unfall 25173 (2017) Kat:3",
        "year": 2017,
        "ulichtverh": "",
        "strasse": "",
        "ukategorie": "3",
        "utyp1": "2",
        "uart": "5",
        "umonat": "12",
        "ustunde": "19",
        "uwochentag": "7",
        "strzustand": "1",
        "istrad": "1",
        "istpkw": "1",
        "istfuss": "0",
        "istkrad": "0"
      }
    }
,
    {
      "type": "Feature",
      "geometry": { "type": "Point", "coordinates": [9.832135388000040, 52.386037512000030] },
      "properties": {
        "id": "25178",
        "name": "Unfall 25178 (2017) Kat:2",
        "year": 2017,
        "ulichtverh": "",
        "strasse": "",
        "ukategorie": "2",
        "utyp1": "3",
        "uart": "5",
        "umonat": "12",
        "ustunde": "12",
        "uwochentag": "7",
        "strzustand": "0",
        "istrad": "1",
        "istpkw": "1",
        "istfuss": "0",
        "istkrad": "0"
      }
    }
,
    {
      "type": "Feature",
      "geometry": { "type": "Point", "coordinates": [9.722399684000038, 52.378519364000056] },
      "properties": {
        "id": "25236",
        "name": "Unfall 25236 (2017) Kat:3",
        "year": 2017,
        "ulichtverh": "",
        "strasse": "",
        "ukategorie": "3",
        "utyp1": "2",
        "uart": "5",
        "umonat": "12",
        "ustunde": "07",
        "uwochentag": "6",
        "strzustand": "0",
        "istrad": "1",
        "istpkw": "1",
        "istfuss": "0",
        "istkrad": "0"
      }
    }
,
    {
      "type": "Feature",
      "geometry": { "type": "Point", "coordinates": [9.598646607000035, 52.394605586000068] },
      "properties": {
        "id": "25310",
        "name": "Unfall 25310 (2017) Kat:3",
        "year": 2017,
        "ulichtverh": "",
        "strasse": "",
        "ukategorie": "3",
        "utyp1": "3",
        "uart": "5",
        "umonat": "12",
        "ustunde": "16",
        "uwochentag": "5",
        "strzustand": "0",
        "istrad": "1",
        "istpkw": "1",
        "istfuss": "0",
        "istkrad": "0"
      }
    }
,
    {
      "type": "Feature",
      "geometry": { "type": "Point", "coordinates": [9.733894592000070, 52.438624105000031] },
      "properties": {
        "id": "25312",
        "name": "Unfall 25312 (2017) Kat:3",
        "year": 2017,
        "ulichtverh": "",
        "strasse": "",
        "ukategorie": "3",
        "utyp1": "3",
        "uart": "0",
        "umonat": "12",
        "ustunde": "16",
        "uwochentag": "5",
        "strzustand": "1",
        "istrad": "1",
        "istpkw": "0",
        "istfuss": "0",
        "istkrad": "0"
      }
    }
,
    {
      "type": "Feature",
      "geometry": { "type": "Point", "coordinates": [9.659534215000065, 52.356692852000037] },
      "properties": {
        "id": "25316",
        "name": "Unfall 25316 (2017) Kat:2",
        "year": 2017,
        "ulichtverh": "",
        "strasse": "",
        "ukategorie": "2",
        "utyp1": "2",
        "uart": "5",
        "umonat": "12",
        "ustunde": "14",
        "uwochentag": "5",
        "strzustand": "0",
        "istrad": "1",
        "istpkw": "1",
        "istfuss": "0",
        "istkrad": "0"
      }
    }
,
    {
      "type": "Feature",
      "geometry": { "type": "Point", "coordinates": [9.963875238000071, 52.312866613000040] },
      "properties": {
        "id": "25353",
        "name": "Unfall 25353 (2017) Kat:3",
        "year": 2017,
        "ulichtverh": "",
        "strasse": "",
        "ukategorie": "3",
        "utyp1": "3",
        "uart": "5",
        "umonat": "12",
        "ustunde": "17",
        "uwochentag": "4",
        "strzustand": "0",
        "istrad": "1",
        "istpkw": "1",
        "istfuss": "0",
        "istkrad": "0"
      }
    }
,
    {
      "type": "Feature",
      "geometry": { "type": "Point", "coordinates": [9.963944729000048, 52.315204623000056] },
      "properties": {
        "id": "25354",
        "name": "Unfall 25354 (2017) Kat:3",
        "year": 2017,
        "ulichtverh": "",
        "strasse": "",
        "ukategorie": "3",
        "utyp1": "3",
        "uart": "5",
        "umonat": "12",
        "ustunde": "08",
        "uwochentag": "4",
        "strzustand": "0",
        "istrad": "1",
        "istpkw": "1",
        "istfuss": "0",
        "istkrad": "0"
      }
    }
,
    {
      "type": "Feature",
      "geometry": { "type": "Point", "coordinates": [9.970884667000064, 52.368824623000080] },
      "properties": {
        "id": "25399",
        "name": "Unfall 25399 (2017) Kat:3",
        "year": 2017,
        "ulichtverh": "",
        "strasse": "",
        "ukategorie": "3",
        "utyp1": "2",
        "uart": "5",
        "umonat": "12",
        "ustunde": "16",
        "uwochentag": "3",
        "strzustand": "0",
        "istrad": "1",
        "istpkw": "1",
        "istfuss": "0",
        "istkrad": "0"
      }
    }
,
    {
      "type": "Feature",
      "geometry": { "type": "Point", "coordinates": [9.708457850000059, 52.427018848000046] },
      "properties": {
        "id": "25401",
        "name": "Unfall 25401 (2017) Kat:3",
        "year": 2017,
        "ulichtverh": "",
        "strasse": "",
        "ukategorie": "3",
        "utyp1": "3",
        "uart": "5",
        "umonat": "12",
        "ustunde": "17",
        "uwochentag": "3",
        "strzustand": "0",
        "istrad": "1",
        "istpkw": "1",
        "istfuss": "0",
        "istkrad": "0"
      }
    }
,
    {
      "type": "Feature",
      "geometry": { "type": "Point", "coordinates": [10.204247915000053, 52.463775569000063] },
      "properties": {
        "id": "25451",
        "name": "Unfall 25451 (2017) Kat:2",
        "year": 2017,
        "ulichtverh": "",
        "strasse": "",
        "ukategorie": "2",
        "utyp1": "7",
        "uart": "7",
        "umonat": "12",
        "ustunde": "18",
        "uwochentag": "2",
        "strzustand": "0",
        "istrad": "1",
        "istpkw": "0",
        "istfuss": "0",
        "istkrad": "0"
      }
    }
,
    {
      "type": "Feature",
      "geometry": { "type": "Point", "coordinates": [9.818780311000069, 52.384697181000035] },
      "properties": {
        "id": "25454",
        "name": "Unfall 25454 (2017) Kat:3",
        "year": 2017,
        "ulichtverh": "",
        "strasse": "",
        "ukategorie": "3",
        "utyp1": "2",
        "uart": "0",
        "umonat": "12",
        "ustunde": "15",
        "uwochentag": "2",
        "strzustand": "1",
        "istrad": "1",
        "istpkw": "0",
        "istfuss": "0",
        "istkrad": "0"
      }
    }
,
    {
      "type": "Feature",
      "geometry": { "type": "Point", "coordinates": [9.725212758000055, 52.376949189000072] },
      "properties": {
        "id": "25519",
        "name": "Unfall 25519 (2017) Kat:3",
        "year": 2017,
        "ulichtverh": "",
        "strasse": "",
        "ukategorie": "3",
        "utyp1": "2",
        "uart": "3",
        "umonat": "12",
        "ustunde": "18",
        "uwochentag": "6",
        "strzustand": "1",
        "istrad": "1",
        "istpkw": "1",
        "istfuss": "0",
        "istkrad": "0"
      }
    }
,
    {
      "type": "Feature",
      "geometry": { "type": "Point", "coordinates": [9.725517721000074, 52.322461309000062] },
      "properties": {
        "id": "25521",
        "name": "Unfall 25521 (2017) Kat:3",
        "year": 2017,
        "ulichtverh": "",
        "strasse": "",
        "ukategorie": "3",
        "utyp1": "3",
        "uart": "5",
        "umonat": "12",
        "ustunde": "10",
        "uwochentag": "6",
        "strzustand": "0",
        "istrad": "1",
        "istpkw": "1",
        "istfuss": "0",
        "istkrad": "0"
      }
    }
,
    {
      "type": "Feature",
      "geometry": { "type": "Point", "coordinates": [9.796704725000041, 52.415079314000081] },
      "properties": {
        "id": "25646",
        "name": "Unfall 25646 (2017) Kat:3",
        "year": 2017,
        "ulichtverh": "",
        "strasse": "",
        "ukategorie": "3",
        "utyp1": "2",
        "uart": "5",
        "umonat": "12",
        "ustunde": "07",
        "uwochentag": "4",
        "strzustand": "1",
        "istrad": "1",
        "istpkw": "1",
        "istfuss": "0",
        "istkrad": "0"
      }
    }
,
    {
      "type": "Feature",
      "geometry": { "type": "Point", "coordinates": [9.697109902000022, 52.341572699000039] },
      "properties": {
        "id": "25651",
        "name": "Unfall 25651 (2017) Kat:2",
        "year": 2017,
        "ulichtverh": "",
        "strasse": "",
        "ukategorie": "2",
        "utyp1": "2",
        "uart": "5",
        "umonat": "12",
        "ustunde": "16",
        "uwochentag": "4",
        "strzustand": "1",
        "istrad": "1",
        "istpkw": "1",
        "istfuss": "0",
        "istkrad": "0"
      }
    }
,
    {
      "type": "Feature",
      "geometry": { "type": "Point", "coordinates": [9.670811886000024, 52.382678587000044] },
      "properties": {
        "id": "25653",
        "name": "Unfall 25653 (2017) Kat:2",
        "year": 2017,
        "ulichtverh": "",
        "strasse": "",
        "ukategorie": "2",
        "utyp1": "1",
        "uart": "0",
        "umonat": "12",
        "ustunde": "05",
        "uwochentag": "4",
        "strzustand": "2",
        "istrad": "1",
        "istpkw": "0",
        "istfuss": "0",
        "istkrad": "0"
      }
    }
,
    {
      "type": "Feature",
      "geometry": { "type": "Point", "coordinates": [9.722980711000048, 52.358218819000058] },
      "properties": {
        "id": "25703",
        "name": "Unfall 25703 (2017) Kat:3",
        "year": 2017,
        "ulichtverh": "",
        "strasse": "",
        "ukategorie": "3",
        "utyp1": "2",
        "uart": "5",
        "umonat": "12",
        "ustunde": "07",
        "uwochentag": "3",
        "strzustand": "1",
        "istrad": "1",
        "istpkw": "1",
        "istfuss": "0",
        "istkrad": "0"
      }
    }
,
    {
      "type": "Feature",
      "geometry": { "type": "Point", "coordinates": [9.765364663000071, 52.341731934000052] },
      "properties": {
        "id": "25709",
        "name": "Unfall 25709 (2017) Kat:3",
        "year": 2017,
        "ulichtverh": "",
        "strasse": "",
        "ukategorie": "3",
        "utyp1": "3",
        "uart": "5",
        "umonat": "12",
        "ustunde": "17",
        "uwochentag": "3",
        "strzustand": "1",
        "istrad": "1",
        "istpkw": "1",
        "istfuss": "0",
        "istkrad": "0"
      }
    }
,
    {
      "type": "Feature",
      "geometry": { "type": "Point", "coordinates": [9.809064359000047, 52.379532471000061] },
      "properties": {
        "id": "25786",
        "name": "Unfall 25786 (2017) Kat:2",
        "year": 2017,
        "ulichtverh": "",
        "strasse": "",
        "ukategorie": "2",
        "utyp1": "7",
        "uart": "0",
        "umonat": "12",
        "ustunde": "09",
        "uwochentag": "2",
        "strzustand": "1",
        "istrad": "1",
        "istpkw": "0",
        "istfuss": "0",
        "istkrad": "0"
      }
    }
,
    {
      "type": "Feature",
      "geometry": { "type": "Point", "coordinates": [9.847303945000022, 52.390494860000047] },
      "properties": {
        "id": "25899",
        "name": "Unfall 25899 (2017) Kat:3",
        "year": 2017,
        "ulichtverh": "",
        "strasse": "",
        "ukategorie": "3",
        "utyp1": "5",
        "uart": "1",
        "umonat": "12",
        "ustunde": "12",
        "uwochentag": "6",
        "strzustand": "0",
        "istrad": "1",
        "istpkw": "0",
        "istfuss": "0",
        "istkrad": "0"
      }
    }
,
    {
      "type": "Feature",
      "geometry": { "type": "Point", "coordinates": [9.802271813000061, 52.437477976000082] },
      "properties": {
        "id": "25966",
        "name": "Unfall 25966 (2017) Kat:3",
        "year": 2017,
        "ulichtverh": "",
        "strasse": "",
        "ukategorie": "3",
        "utyp1": "2",
        "uart": "5",
        "umonat": "12",
        "ustunde": "15",
        "uwochentag": "2",
        "strzustand": "0",
        "istrad": "1",
        "istpkw": "1",
        "istfuss": "0",
        "istkrad": "0"
      }
    }
,
    {
      "type": "Feature",
      "geometry": { "type": "Point", "coordinates": [9.428261994000025, 52.428273104000027] },
      "properties": {
        "id": "25969",
        "name": "Unfall 25969 (2017) Kat:3",
        "year": 2017,
        "ulichtverh": "",
        "strasse": "",
        "ukategorie": "3",
        "utyp1": "3",
        "uart": "5",
        "umonat": "12",
        "ustunde": "08",
        "uwochentag": "2",
        "strzustand": "0",
        "istrad": "1",
        "istpkw": "1",
        "istfuss": "0",
        "istkrad": "0"
      }
    }
,
    {
      "type": "Feature",
      "geometry": { "type": "Point", "coordinates": [9.650905073000047, 52.390953582000066] },
      "properties": {
        "id": "25973",
        "name": "Unfall 25973 (2017) Kat:3",
        "year": 2017,
        "ulichtverh": "",
        "strasse": "",
        "ukategorie": "3",
        "utyp1": "2",
        "uart": "5",
        "umonat": "12",
        "ustunde": "07",
        "uwochentag": "4",
        "strzustand": "0",
        "istrad": "1",
        "istpkw": "1",
        "istfuss": "0",
        "istkrad": "0"
      }
    }
,
    {
      "type": "Feature",
      "geometry": { "type": "Point", "coordinates": [9.827290719000075, 52.355609350000066] },
      "properties": {
        "id": "26215",
        "name": "Unfall 26215 (2017) Kat:3",
        "year": 2017,
        "ulichtverh": "",
        "strasse": "",
        "ukategorie": "3",
        "utyp1": "3",
        "uart": "5",
        "umonat": "12",
        "ustunde": "11",
        "uwochentag": "4",
        "strzustand": "0",
        "istrad": "1",
        "istpkw": "1",
        "istfuss": "0",
        "istkrad": "0"
      }
    }
,
    {
      "type": "Feature",
      "geometry": { "type": "Point", "coordinates": [9.829527648000067, 52.350744291000069] },
      "properties": {
        "id": "126881",
        "name": "Unfall 126881 (2017) Kat:2",
        "year": 2017,
        "ulichtverh": "",
        "strasse": "",
        "ukategorie": "2",
        "utyp1": "6",
        "uart": "0",
        "umonat": "01",
        "ustunde": "10",
        "uwochentag": "7",
        "strzustand": "0",
        "istrad": "1",
        "istpkw": "1",
        "istfuss": "0",
        "istkrad": "0"
      }
    }
,
    {
      "type": "Feature",
      "geometry": { "type": "Point", "coordinates": [9.667420927000023, 52.373142177000034] },
      "properties": {
        "id": "126922",
        "name": "Unfall 126922 (2017) Kat:3",
        "year": 2017,
        "ulichtverh": "",
        "strasse": "",
        "ukategorie": "3",
        "utyp1": "3",
        "uart": "5",
        "umonat": "01",
        "ustunde": "19",
        "uwochentag": "5",
        "strzustand": "0",
        "istrad": "1",
        "istpkw": "1",
        "istfuss": "0",
        "istkrad": "0"
      }
    }
,
    {
      "type": "Feature",
      "geometry": { "type": "Point", "coordinates": [9.751896764000037, 52.385933180000052] },
      "properties": {
        "id": "126947",
        "name": "Unfall 126947 (2017) Kat:3",
        "year": 2017,
        "ulichtverh": "",
        "strasse": "",
        "ukategorie": "3",
        "utyp1": "2",
        "uart": "5",
        "umonat": "01",
        "ustunde": "14",
        "uwochentag": "4",
        "strzustand": "1",
        "istrad": "1",
        "istpkw": "0",
        "istfuss": "0",
        "istkrad": "0"
      }
    }
,
    {
      "type": "Feature",
      "geometry": { "type": "Point", "coordinates": [9.739655919000029, 52.381216873000028] },
      "properties": {
        "id": "126948",
        "name": "Unfall 126948 (2017) Kat:3",
        "year": 2017,
        "ulichtverh": "",
        "strasse": "",
        "ukategorie": "3",
        "utyp1": "3",
        "uart": "5",
        "umonat": "01",
        "ustunde": "07",
        "uwochentag": "4",
        "strzustand": "0",
        "istrad": "1",
        "istpkw": "1",
        "istfuss": "0",
        "istkrad": "0"
      }
    }
,
    {
      "type": "Feature",
      "geometry": { "type": "Point", "coordinates": [9.742016130000025, 52.375807974000054] },
      "properties": {
        "id": "126974",
        "name": "Unfall 126974 (2017) Kat:3",
        "year": 2017,
        "ulichtverh": "",
        "strasse": "",
        "ukategorie": "3",
        "utyp1": "4",
        "uart": "6",
        "umonat": "01",
        "ustunde": "15",
        "uwochentag": "3",
        "strzustand": "0",
        "istrad": "1",
        "istpkw": "0",
        "istfuss": "1",
        "istkrad": "0"
      }
    }
,
    {
      "type": "Feature",
      "geometry": { "type": "Point", "coordinates": [9.837458392000031, 52.387389277000068] },
      "properties": {
        "id": "127032",
        "name": "Unfall 127032 (2017) Kat:3",
        "year": 2017,
        "ulichtverh": "",
        "strasse": "",
        "ukategorie": "3",
        "utyp1": "3",
        "uart": "5",
        "umonat": "01",
        "ustunde": "10",
        "uwochentag": "6",
        "strzustand": "0",
        "istrad": "1",
        "istpkw": "1",
        "istfuss": "0",
        "istkrad": "0"
      }
    }
,
    {
      "type": "Feature",
      "geometry": { "type": "Point", "coordinates": [9.744149219000065, 52.374525281000047] },
      "properties": {
        "id": "127034",
        "name": "Unfall 127034 (2017) Kat:3",
        "year": 2017,
        "ulichtverh": "",
        "strasse": "",
        "ukategorie": "3",
        "utyp1": "2",
        "uart": "5",
        "umonat": "01",
        "ustunde": "12",
        "uwochentag": "6",
        "strzustand": "0",
        "istrad": "1",
        "istpkw": "1",
        "istfuss": "0",
        "istkrad": "0"
      }
    }
,
    {
      "type": "Feature",
      "geometry": { "type": "Point", "coordinates": [9.741113020000057, 52.398252827000078] },
      "properties": {
        "id": "127038",
        "name": "Unfall 127038 (2017) Kat:3",
        "year": 2017,
        "ulichtverh": "",
        "strasse": "",
        "ukategorie": "3",
        "utyp1": "3",
        "uart": "5",
        "umonat": "01",
        "ustunde": "12",
        "uwochentag": "6",
        "strzustand": "0",
        "istrad": "1",
        "istpkw": "1",
        "istfuss": "0",
        "istkrad": "0"
      }
    }
,
    {
      "type": "Feature",
      "geometry": { "type": "Point", "coordinates": [9.702833827000063, 52.369264497000074] },
      "properties": {
        "id": "127060",
        "name": "Unfall 127060 (2017) Kat:3",
        "year": 2017,
        "ulichtverh": "",
        "strasse": "",
        "ukategorie": "3",
        "utyp1": "2",
        "uart": "5",
        "umonat": "01",
        "ustunde": "08",
        "uwochentag": "5",
        "strzustand": "2",
        "istrad": "1",
        "istpkw": "1",
        "istfuss": "0",
        "istkrad": "0"
      }
    }
,
    {
      "type": "Feature",
      "geometry": { "type": "Point", "coordinates": [10.199185971000077, 52.464030159000060] },
      "properties": {
        "id": "127061",
        "name": "Unfall 127061 (2017) Kat:3",
        "year": 2017,
        "ulichtverh": "",
        "strasse": "",
        "ukategorie": "3",
        "utyp1": "3",
        "uart": "5",
        "umonat": "01",
        "ustunde": "14",
        "uwochentag": "5",
        "strzustand": "0",
        "istrad": "1",
        "istpkw": "1",
        "istfuss": "0",
        "istkrad": "0"
      }
    }
,
    {
      "type": "Feature",
      "geometry": { "type": "Point", "coordinates": [9.610992723000038, 52.429766589000053] },
      "properties": {
        "id": "127076",
        "name": "Unfall 127076 (2017) Kat:3",
        "year": 2017,
        "ulichtverh": "",
        "strasse": "",
        "ukategorie": "3",
        "utyp1": "3",
        "uart": "5",
        "umonat": "01",
        "ustunde": "10",
        "uwochentag": "4",
        "strzustand": "1",
        "istrad": "1",
        "istpkw": "1",
        "istfuss": "0",
        "istkrad": "0"
      }
    }
,
    {
      "type": "Feature",
      "geometry": { "type": "Point", "coordinates": [9.767642423000041, 52.358011715000032] },
      "properties": {
        "id": "127093",
        "name": "Unfall 127093 (2017) Kat:3",
        "year": 2017,
        "ulichtverh": "",
        "strasse": "",
        "ukategorie": "3",
        "utyp1": "2",
        "uart": "4",
        "umonat": "01",
        "ustunde": "16",
        "uwochentag": "3",
        "strzustand": "0",
        "istrad": "1",
        "istpkw": "1",
        "istfuss": "0",
        "istkrad": "0"
      }
    }
,
    {
      "type": "Feature",
      "geometry": { "type": "Point", "coordinates": [9.429557430000045, 52.420797907000065] },
      "properties": {
        "id": "127108",
        "name": "Unfall 127108 (2017) Kat:3",
        "year": 2017,
        "ulichtverh": "",
        "strasse": "",
        "ukategorie": "3",
        "utyp1": "3",
        "uart": "5",
        "umonat": "01",
        "ustunde": "11",
        "uwochentag": "2",
        "strzustand": "1",
        "istrad": "1",
        "istpkw": "1",
        "istfuss": "0",
        "istkrad": "0"
      }
    }
,
    {
      "type": "Feature",
      "geometry": { "type": "Point", "coordinates": [9.958731104000037, 52.380621387000076] },
      "properties": {
        "id": "127136",
        "name": "Unfall 127136 (2017) Kat:3",
        "year": 2017,
        "ulichtverh": "",
        "strasse": "",
        "ukategorie": "3",
        "utyp1": "3",
        "uart": "5",
        "umonat": "01",
        "ustunde": "14",
        "uwochentag": "5",
        "strzustand": "0",
        "istrad": "1",
        "istpkw": "1",
        "istfuss": "0",
        "istkrad": "0"
      }
    }
,
    {
      "type": "Feature",
      "geometry": { "type": "Point", "coordinates": [10.017731439000045, 52.441769251000039] },
      "properties": {
        "id": "127137",
        "name": "Unfall 127137 (2017) Kat:3",
        "year": 2017,
        "ulichtverh": "",
        "strasse": "",
        "ukategorie": "3",
        "utyp1": "3",
        "uart": "5",
        "umonat": "01",
        "ustunde": "14",
        "uwochentag": "5",
        "strzustand": "0",
        "istrad": "1",
        "istpkw": "1",
        "istfuss": "0",
        "istkrad": "0"
      }
    }
,
    {
      "type": "Feature",
      "geometry": { "type": "Point", "coordinates": [9.693272571000023, 52.395670433000078] },
      "properties": {
        "id": "127160",
        "name": "Unfall 127160 (2017) Kat:2",
        "year": 2017,
        "ulichtverh": "",
        "strasse": "",
        "ukategorie": "2",
        "utyp1": "3",
        "uart": "5",
        "umonat": "01",
        "ustunde": "19",
        "uwochentag": "4",
        "strzustand": "0",
        "istrad": "1",
        "istpkw": "1",
        "istfuss": "0",
        "istkrad": "0"
      }
    }
,
    {
      "type": "Feature",
      "geometry": { "type": "Point", "coordinates": [9.748682983000037, 52.374616015000072] },
      "properties": {
        "id": "127161",
        "name": "Unfall 127161 (2017) Kat:3",
        "year": 2017,
        "ulichtverh": "",
        "strasse": "",
        "ukategorie": "3",
        "utyp1": "2",
        "uart": "5",
        "umonat": "01",
        "ustunde": "17",
        "uwochentag": "4",
        "strzustand": "0",
        "istrad": "1",
        "istpkw": "1",
        "istfuss": "0",
        "istkrad": "0"
      }
    }
,
    {
      "type": "Feature",
      "geometry": { "type": "Point", "coordinates": [9.755850069000076, 52.377727384000082] },
      "properties": {
        "id": "127202",
        "name": "Unfall 127202 (2017) Kat:3",
        "year": 2017,
        "ulichtverh": "",
        "strasse": "",
        "ukategorie": "3",
        "utyp1": "2",
        "uart": "5",
        "umonat": "01",
        "ustunde": "07",
        "uwochentag": "2",
        "strzustand": "1",
        "istrad": "1",
        "istpkw": "1",
        "istfuss": "0",
        "istkrad": "0"
      }
    }
,
    {
      "type": "Feature",
      "geometry": { "type": "Point", "coordinates": [9.758286350000049, 52.362885715000061] },
      "properties": {
        "id": "127241",
        "name": "Unfall 127241 (2017) Kat:3",
        "year": 2017,
        "ulichtverh": "",
        "strasse": "",
        "ukategorie": "3",
        "utyp1": "3",
        "uart": "5",
        "umonat": "01",
        "ustunde": "14",
        "uwochentag": "6",
        "strzustand": "0",
        "istrad": "1",
        "istpkw": "1",
        "istfuss": "0",
        "istkrad": "0"
      }
    }
,
    {
      "type": "Feature",
      "geometry": { "type": "Point", "coordinates": [9.741246012000033, 52.411359066000045] },
      "properties": {
        "id": "127242",
        "name": "Unfall 127242 (2017) Kat:3",
        "year": 2017,
        "ulichtverh": "",
        "strasse": "",
        "ukategorie": "3",
        "utyp1": "3",
        "uart": "5",
        "umonat": "01",
        "ustunde": "07",
        "uwochentag": "6",
        "strzustand": "0",
        "istrad": "1",
        "istpkw": "1",
        "istfuss": "0",
        "istkrad": "0"
      }
    }
,
    {
      "type": "Feature",
      "geometry": { "type": "Point", "coordinates": [9.710240488000068, 52.372555921000071] },
      "properties": {
        "id": "127243",
        "name": "Unfall 127243 (2017) Kat:3",
        "year": 2017,
        "ulichtverh": "",
        "strasse": "",
        "ukategorie": "3",
        "utyp1": "3",
        "uart": "5",
        "umonat": "01",
        "ustunde": "16",
        "uwochentag": "6",
        "strzustand": "0",
        "istrad": "1",
        "istpkw": "0",
        "istfuss": "0",
        "istkrad": "0"
      }
    }
,
    {
      "type": "Feature",
      "geometry": { "type": "Point", "coordinates": [10.006462180000028, 52.441823837000072] },
      "properties": {
        "id": "127271",
        "name": "Unfall 127271 (2017) Kat:3",
        "year": 2017,
        "ulichtverh": "",
        "strasse": "",
        "ukategorie": "3",
        "utyp1": "3",
        "uart": "5",
        "umonat": "01",
        "ustunde": "10",
        "uwochentag": "5",
        "strzustand": "0",
        "istrad": "1",
        "istpkw": "1",
        "istfuss": "0",
        "istkrad": "0"
      }
    }
,
    {
      "type": "Feature",
      "geometry": { "type": "Point", "coordinates": [9.792983948000028, 52.414576777000036] },
      "properties": {
        "id": "127273",
        "name": "Unfall 127273 (2017) Kat:3",
        "year": 2017,
        "ulichtverh": "",
        "strasse": "",
        "ukategorie": "3",
        "utyp1": "2",
        "uart": "5",
        "umonat": "01",
        "ustunde": "14",
        "uwochentag": "5",
        "strzustand": "0",
        "istrad": "1",
        "istpkw": "1",
        "istfuss": "0",
        "istkrad": "0"
      }
    }
,
    {
      "type": "Feature",
      "geometry": { "type": "Point", "coordinates": [10.010633010000049, 52.438949583000067] },
      "properties": {
        "id": "127303",
        "name": "Unfall 127303 (2017) Kat:3",
        "year": 2017,
        "ulichtverh": "",
        "strasse": "",
        "ukategorie": "3",
        "utyp1": "3",
        "uart": "5",
        "umonat": "01",
        "ustunde": "16",
        "uwochentag": "4",
        "strzustand": "2",
        "istrad": "1",
        "istpkw": "1",
        "istfuss": "0",
        "istkrad": "0"
      }
    }
,
    {
      "type": "Feature",
      "geometry": { "type": "Point", "coordinates": [9.732577588000027, 52.376621622000073] },
      "properties": {
        "id": "127304",
        "name": "Unfall 127304 (2017) Kat:2",
        "year": 2017,
        "ulichtverh": "",
        "strasse": "",
        "ukategorie": "2",
        "utyp1": "3",
        "uart": "0",
        "umonat": "01",
        "ustunde": "19",
        "uwochentag": "4",
        "strzustand": "0",
        "istrad": "1",
        "istpkw": "0",
        "istfuss": "0",
        "istkrad": "0"
      }
    }
,
    {
      "type": "Feature",
      "geometry": { "type": "Point", "coordinates": [9.766156003000049, 52.381616633000078] },
      "properties": {
        "id": "127331",
        "name": "Unfall 127331 (2017) Kat:3",
        "year": 2017,
        "ulichtverh": "",
        "strasse": "",
        "ukategorie": "3",
        "utyp1": "2",
        "uart": "5",
        "umonat": "01",
        "ustunde": "11",
        "uwochentag": "3",
        "strzustand": "0",
        "istrad": "1",
        "istpkw": "0",
        "istfuss": "0",
        "istkrad": "0"
      }
    }
,
    {
      "type": "Feature",
      "geometry": { "type": "Point", "coordinates": [9.793038763000027, 52.403226852000046] },
      "properties": {
        "id": "127354",
        "name": "Unfall 127354 (2017) Kat:3",
        "year": 2017,
        "ulichtverh": "",
        "strasse": "",
        "ukategorie": "3",
        "utyp1": "3",
        "uart": "5",
        "umonat": "01",
        "ustunde": "16",
        "uwochentag": "2",
        "strzustand": "1",
        "istrad": "1",
        "istpkw": "1",
        "istfuss": "0",
        "istkrad": "0"
      }
    }
,
    {
      "type": "Feature",
      "geometry": { "type": "Point", "coordinates": [9.762630918000070, 52.415986038000028] },
      "properties": {
        "id": "127358",
        "name": "Unfall 127358 (2017) Kat:3",
        "year": 2017,
        "ulichtverh": "",
        "strasse": "",
        "ukategorie": "3",
        "utyp1": "3",
        "uart": "5",
        "umonat": "01",
        "ustunde": "08",
        "uwochentag": "2",
        "strzustand": "1",
        "istrad": "1",
        "istpkw": "1",
        "istfuss": "0",
        "istkrad": "0"
      }
    }
,
    {
      "type": "Feature",
      "geometry": { "type": "Point", "coordinates": [9.802336332000039, 52.417860683000072] },
      "properties": {
        "id": "127379",
        "name": "Unfall 127379 (2017) Kat:3",
        "year": 2017,
        "ulichtverh": "",
        "strasse": "",
        "ukategorie": "3",
        "utyp1": "3",
        "uart": "5",
        "umonat": "02",
        "ustunde": "15",
        "uwochentag": "4",
        "strzustand": "0",
        "istrad": "1",
        "istpkw": "1",
        "istfuss": "0",
        "istkrad": "0"
      }
    }
,
    {
      "type": "Feature",
      "geometry": { "type": "Point", "coordinates": [9.741851642000029, 52.398640811000064] },
      "properties": {
        "id": "127380",
        "name": "Unfall 127380 (2017) Kat:3",
        "year": 2017,
        "ulichtverh": "",
        "strasse": "",
        "ukategorie": "3",
        "utyp1": "3",
        "uart": "5",
        "umonat": "02",
        "ustunde": "15",
        "uwochentag": "4",
        "strzustand": "0",
        "istrad": "1",
        "istpkw": "1",
        "istfuss": "0",
        "istkrad": "0"
      }
    }
,
    {
      "type": "Feature",
      "geometry": { "type": "Point", "coordinates": [9.809523728000045, 52.404112555000040] },
      "properties": {
        "id": "127382",
        "name": "Unfall 127382 (2017) Kat:3",
        "year": 2017,
        "ulichtverh": "",
        "strasse": "",
        "ukategorie": "3",
        "utyp1": "1",
        "uart": "0",
        "umonat": "02",
        "ustunde": "15",
        "uwochentag": "4",
        "strzustand": "2",
        "istrad": "1",
        "istpkw": "0",
        "istfuss": "0",
        "istkrad": "0"
      }
    }
,
    {
      "type": "Feature",
      "geometry": { "type": "Point", "coordinates": [9.747577785000033, 52.381402565000030] },
      "properties": {
        "id": "127427",
        "name": "Unfall 127427 (2017) Kat:3",
        "year": 2017,
        "ulichtverh": "",
        "strasse": "",
        "ukategorie": "3",
        "utyp1": "3",
        "uart": "5",
        "umonat": "02",
        "ustunde": "15",
        "uwochentag": "2",
        "strzustand": "0",
        "istrad": "1",
        "istpkw": "1",
        "istfuss": "0",
        "istkrad": "0"
      }
    }
,
    {
      "type": "Feature",
      "geometry": { "type": "Point", "coordinates": [9.727542112000037, 52.382357513000045] },
      "properties": {
        "id": "127428",
        "name": "Unfall 127428 (2017) Kat:3",
        "year": 2017,
        "ulichtverh": "",
        "strasse": "",
        "ukategorie": "3",
        "utyp1": "3",
        "uart": "5",
        "umonat": "02",
        "ustunde": "20",
        "uwochentag": "2",
        "strzustand": "0",
        "istrad": "1",
        "istpkw": "1",
        "istfuss": "0",
        "istkrad": "0"
      }
    }
,
    {
      "type": "Feature",
      "geometry": { "type": "Point", "coordinates": [9.725570344000062, 52.397936220000076] },
      "properties": {
        "id": "127429",
        "name": "Unfall 127429 (2017) Kat:3",
        "year": 2017,
        "ulichtverh": "",
        "strasse": "",
        "ukategorie": "3",
        "utyp1": "3",
        "uart": "5",
        "umonat": "02",
        "ustunde": "15",
        "uwochentag": "2",
        "strzustand": "0",
        "istrad": "1",
        "istpkw": "1",
        "istfuss": "0",
        "istkrad": "0"
      }
    }
,
    {
      "type": "Feature",
      "geometry": { "type": "Point", "coordinates": [9.755603080000071, 52.357027143000039] },
      "properties": {
        "id": "127446",
        "name": "Unfall 127446 (2017) Kat:3",
        "year": 2017,
        "ulichtverh": "",
        "strasse": "",
        "ukategorie": "3",
        "utyp1": "5",
        "uart": "0",
        "umonat": "02",
        "ustunde": "09",
        "uwochentag": "7",
        "strzustand": "1",
        "istrad": "1",
        "istpkw": "1",
        "istfuss": "0",
        "istkrad": "0"
      }
    }
,
    {
      "type": "Feature",
      "geometry": { "type": "Point", "coordinates": [9.611749862000067, 52.446961832000056] },
      "properties": {
        "id": "127471",
        "name": "Unfall 127471 (2017) Kat:3",
        "year": 2017,
        "ulichtverh": "",
        "strasse": "",
        "ukategorie": "3",
        "utyp1": "3",
        "uart": "5",
        "umonat": "02",
        "ustunde": "15",
        "uwochentag": "6",
        "strzustand": "1",
        "istrad": "1",
        "istpkw": "1",
        "istfuss": "0",
        "istkrad": "0"
      }
    }
,
    {
      "type": "Feature",
      "geometry": { "type": "Point", "coordinates": [9.448581004000062, 52.506880079000041] },
      "properties": {
        "id": "127505",
        "name": "Unfall 127505 (2017) Kat:3",
        "year": 2017,
        "ulichtverh": "",
        "strasse": "",
        "ukategorie": "3",
        "utyp1": "3",
        "uart": "5",
        "umonat": "02",
        "ustunde": "16",
        "uwochentag": "5",
        "strzustand": "0",
        "istrad": "1",
        "istpkw": "1",
        "istfuss": "0",
        "istkrad": "0"
      }
    }
,
    {
      "type": "Feature",
      "geometry": { "type": "Point", "coordinates": [9.693325280000067, 52.401071478000063] },
      "properties": {
        "id": "127524",
        "name": "Unfall 127524 (2017) Kat:2",
        "year": 2017,
        "ulichtverh": "",
        "strasse": "",
        "ukategorie": "2",
        "utyp1": "2",
        "uart": "5",
        "umonat": "02",
        "ustunde": "21",
        "uwochentag": "4",
        "strzustand": "0",
        "istrad": "1",
        "istpkw": "1",
        "istfuss": "0",
        "istkrad": "0"
      }
    }
,
    {
      "type": "Feature",
      "geometry": { "type": "Point", "coordinates": [9.719741223000028, 52.378237808000051] },
      "properties": {
        "id": "127540",
        "name": "Unfall 127540 (2017) Kat:3",
        "year": 2017,
        "ulichtverh": "",
        "strasse": "",
        "ukategorie": "3",
        "utyp1": "3",
        "uart": "5",
        "umonat": "01",
        "ustunde": "12",
        "uwochentag": "3",
        "strzustand": "1",
        "istrad": "1",
        "istpkw": "1",
        "istfuss": "0",
        "istkrad": "0"
      }
    }
,
    {
      "type": "Feature",
      "geometry": { "type": "Point", "coordinates": [9.751224907000051, 52.359187370000029] },
      "properties": {
        "id": "127562",
        "name": "Unfall 127562 (2017) Kat:3",
        "year": 2017,
        "ulichtverh": "",
        "strasse": "",
        "ukategorie": "3",
        "utyp1": "2",
        "uart": "0",
        "umonat": "01",
        "ustunde": "11",
        "uwochentag": "2",
        "strzustand": "1",
        "istrad": "1",
        "istpkw": "0",
        "istfuss": "0",
        "istkrad": "0"
      }
    }
,
    {
      "type": "Feature",
      "geometry": { "type": "Point", "coordinates": [9.749916725000048, 52.392591736000043] },
      "properties": {
        "id": "127567",
        "name": "Unfall 127567 (2017) Kat:3",
        "year": 2017,
        "ulichtverh": "",
        "strasse": "",
        "ukategorie": "3",
        "utyp1": "2",
        "uart": "5",
        "umonat": "01",
        "ustunde": "18",
        "uwochentag": "2",
        "strzustand": "1",
        "istrad": "1",
        "istpkw": "1",
        "istfuss": "0",
        "istkrad": "0"
      }
    }
,
    {
      "type": "Feature",
      "geometry": { "type": "Point", "coordinates": [9.716841230000057, 52.339154725000071] },
      "properties": {
        "id": "127597",
        "name": "Unfall 127597 (2017) Kat:3",
        "year": 2017,
        "ulichtverh": "",
        "strasse": "",
        "ukategorie": "3",
        "utyp1": "3",
        "uart": "5",
        "umonat": "01",
        "ustunde": "09",
        "uwochentag": "7",
        "strzustand": "0",
        "istrad": "1",
        "istpkw": "1",
        "istfuss": "0",
        "istkrad": "0"
      }
    }
,
    {
      "type": "Feature",
      "geometry": { "type": "Point", "coordinates": [9.703096894000055, 52.368731734000050] },
      "properties": {
        "id": "127598",
        "name": "Unfall 127598 (2017) Kat:3",
        "year": 2017,
        "ulichtverh": "",
        "strasse": "",
        "ukategorie": "3",
        "utyp1": "3",
        "uart": "5",
        "umonat": "01",
        "ustunde": "11",
        "uwochentag": "7",
        "strzustand": "0",
        "istrad": "1",
        "istpkw": "1",
        "istfuss": "0",
        "istkrad": "0"
      }
    }
,
    {
      "type": "Feature",
      "geometry": { "type": "Point", "coordinates": [9.841622134000033, 52.437587606000079] },
      "properties": {
        "id": "127599",
        "name": "Unfall 127599 (2017) Kat:3",
        "year": 2017,
        "ulichtverh": "",
        "strasse": "",
        "ukategorie": "3",
        "utyp1": "3",
        "uart": "5",
        "umonat": "01",
        "ustunde": "12",
        "uwochentag": "7",
        "strzustand": "0",
        "istrad": "1",
        "istpkw": "1",
        "istfuss": "0",
        "istkrad": "0"
      }
    }
,
    {
      "type": "Feature",
      "geometry": { "type": "Point", "coordinates": [9.793029611000065, 52.395337898000037] },
      "properties": {
        "id": "127616",
        "name": "Unfall 127616 (2017) Kat:3",
        "year": 2017,
        "ulichtverh": "",
        "strasse": "",
        "ukategorie": "3",
        "utyp1": "1",
        "uart": "0",
        "umonat": "01",
        "ustunde": "00",
        "uwochentag": "6",
        "strzustand": "0",
        "istrad": "1",
        "istpkw": "0",
        "istfuss": "0",
        "istkrad": "0"
      }
    }
,
    {
      "type": "Feature",
      "geometry": { "type": "Point", "coordinates": [10.084625018000054, 52.482360931000073] },
      "properties": {
        "id": "127618",
        "name": "Unfall 127618 (2017) Kat:3",
        "year": 2017,
        "ulichtverh": "",
        "strasse": "",
        "ukategorie": "3",
        "utyp1": "3",
        "uart": "5",
        "umonat": "01",
        "ustunde": "14",
        "uwochentag": "6",
        "strzustand": "0",
        "istrad": "1",
        "istpkw": "1",
        "istfuss": "0",
        "istkrad": "0"
      }
    }
,
    {
      "type": "Feature",
      "geometry": { "type": "Point", "coordinates": [9.746880954000062, 52.373818574000040] },
      "properties": {
        "id": "127623",
        "name": "Unfall 127623 (2017) Kat:2",
        "year": 2017,
        "ulichtverh": "",
        "strasse": "",
        "ukategorie": "2",
        "utyp1": "2",
        "uart": "5",
        "umonat": "01",
        "ustunde": "13",
        "uwochentag": "6",
        "strzustand": "0",
        "istrad": "1",
        "istpkw": "1",
        "istfuss": "0",
        "istkrad": "0"
      }
    }
,
    {
      "type": "Feature",
      "geometry": { "type": "Point", "coordinates": [9.792241744000023, 52.403017540000064] },
      "properties": {
        "id": "127646",
        "name": "Unfall 127646 (2017) Kat:3",
        "year": 2017,
        "ulichtverh": "",
        "strasse": "",
        "ukategorie": "3",
        "utyp1": "3",
        "uart": "5",
        "umonat": "02",
        "ustunde": "17",
        "uwochentag": "1",
        "strzustand": "1",
        "istrad": "1",
        "istpkw": "1",
        "istfuss": "0",
        "istkrad": "0"
      }
    }
,
    {
      "type": "Feature",
      "geometry": { "type": "Point", "coordinates": [9.964801613000077, 52.375231283000062] },
      "properties": {
        "id": "127647",
        "name": "Unfall 127647 (2017) Kat:3",
        "year": 2017,
        "ulichtverh": "",
        "strasse": "",
        "ukategorie": "3",
        "utyp1": "3",
        "uart": "5",
        "umonat": "02",
        "ustunde": "04",
        "uwochentag": "1",
        "strzustand": "1",
        "istrad": "1",
        "istpkw": "0",
        "istfuss": "0",
        "istkrad": "0"
      }
    }
,
    {
      "type": "Feature",
      "geometry": { "type": "Point", "coordinates": [9.709496248000050, 52.372752258000048] },
      "properties": {
        "id": "127658",
        "name": "Unfall 127658 (2017) Kat:3",
        "year": 2017,
        "ulichtverh": "",
        "strasse": "",
        "ukategorie": "3",
        "utyp1": "4",
        "uart": "6",
        "umonat": "02",
        "ustunde": "16",
        "uwochentag": "7",
        "strzustand": "0",
        "istrad": "1",
        "istpkw": "0",
        "istfuss": "1",
        "istkrad": "0"
      }
    }
,
    {
      "type": "Feature",
      "geometry": { "type": "Point", "coordinates": [9.840142438000044, 52.384355195000069] },
      "properties": {
        "id": "127662",
        "name": "Unfall 127662 (2017) Kat:3",
        "year": 2017,
        "ulichtverh": "",
        "strasse": "",
        "ukategorie": "3",
        "utyp1": "6",
        "uart": "4",
        "umonat": "02",
        "ustunde": "14",
        "uwochentag": "7",
        "strzustand": "0",
        "istrad": "1",
        "istpkw": "1",
        "istfuss": "0",
        "istkrad": "0"
      }
    }
,
    {
      "type": "Feature",
      "geometry": { "type": "Point", "coordinates": [9.827697569000065, 52.346177354000076] },
      "properties": {
        "id": "127689",
        "name": "Unfall 127689 (2017) Kat:3",
        "year": 2017,
        "ulichtverh": "",
        "strasse": "",
        "ukategorie": "3",
        "utyp1": "1",
        "uart": "0",
        "umonat": "02",
        "ustunde": "20",
        "uwochentag": "6",
        "strzustand": "1",
        "istrad": "1",
        "istpkw": "0",
        "istfuss": "0",
        "istkrad": "0"
      }
    }
,
    {
      "type": "Feature",
      "geometry": { "type": "Point", "coordinates": [9.721283822000032, 52.354724060000080] },
      "properties": {
        "id": "127747",
        "name": "Unfall 127747 (2017) Kat:3",
        "year": 2017,
        "ulichtverh": "",
        "strasse": "",
        "ukategorie": "3",
        "utyp1": "3",
        "uart": "5",
        "umonat": "02",
        "ustunde": "16",
        "uwochentag": "4",
        "strzustand": "0",
        "istrad": "1",
        "istpkw": "1",
        "istfuss": "0",
        "istkrad": "0"
      }
    }
,
    {
      "type": "Feature",
      "geometry": { "type": "Point", "coordinates": [9.967545598000072, 52.371758059000058] },
      "properties": {
        "id": "127776",
        "name": "Unfall 127776 (2017) Kat:3",
        "year": 2017,
        "ulichtverh": "",
        "strasse": "",
        "ukategorie": "3",
        "utyp1": "3",
        "uart": "5",
        "umonat": "02",
        "ustunde": "10",
        "uwochentag": "3",
        "strzustand": "0",
        "istrad": "1",
        "istpkw": "1",
        "istfuss": "0",
        "istkrad": "0"
      }
    }
,
    {
      "type": "Feature",
      "geometry": { "type": "Point", "coordinates": [9.684174258000041, 52.366313231000049] },
      "properties": {
        "id": "127779",
        "name": "Unfall 127779 (2017) Kat:2",
        "year": 2017,
        "ulichtverh": "",
        "strasse": "",
        "ukategorie": "2",
        "utyp1": "3",
        "uart": "5",
        "umonat": "02",
        "ustunde": "06",
        "uwochentag": "3",
        "strzustand": "1",
        "istrad": "1",
        "istpkw": "0",
        "istfuss": "0",
        "istkrad": "0"
      }
    }
,
    {
      "type": "Feature",
      "geometry": { "type": "Point", "coordinates": [9.819134024000050, 52.399898941000060] },
      "properties": {
        "id": "127825",
        "name": "Unfall 127825 (2017) Kat:3",
        "year": 2017,
        "ulichtverh": "",
        "strasse": "",
        "ukategorie": "3",
        "utyp1": "2",
        "uart": "5",
        "umonat": "02",
        "ustunde": "09",
        "uwochentag": "7",
        "strzustand": "0",
        "istrad": "1",
        "istpkw": "1",
        "istfuss": "0",
        "istkrad": "0"
      }
    }
,
    {
      "type": "Feature",
      "geometry": { "type": "Point", "coordinates": [9.600766232000069, 52.311848867000037] },
      "properties": {
        "id": "127828",
        "name": "Unfall 127828 (2017) Kat:3",
        "year": 2017,
        "ulichtverh": "",
        "strasse": "",
        "ukategorie": "3",
        "utyp1": "5",
        "uart": "0",
        "umonat": "02",
        "ustunde": "13",
        "uwochentag": "7",
        "strzustand": "0",
        "istrad": "1",
        "istpkw": "1",
        "istfuss": "0",
        "istkrad": "0"
      }
    }
,
    {
      "type": "Feature",
      "geometry": { "type": "Point", "coordinates": [9.727964324000027, 52.345422939000059] },
      "properties": {
        "id": "127846",
        "name": "Unfall 127846 (2017) Kat:3",
        "year": 2017,
        "ulichtverh": "",
        "strasse": "",
        "ukategorie": "3",
        "utyp1": "5",
        "uart": "1",
        "umonat": "02",
        "ustunde": "08",
        "uwochentag": "6",
        "strzustand": "0",
        "istrad": "1",
        "istpkw": "1",
        "istfuss": "0",
        "istkrad": "0"
      }
    }
,
    {
      "type": "Feature",
      "geometry": { "type": "Point", "coordinates": [9.749079242000050, 52.390141579000044] },
      "properties": {
        "id": "127848",
        "name": "Unfall 127848 (2017) Kat:3",
        "year": 2017,
        "ulichtverh": "",
        "strasse": "",
        "ukategorie": "3",
        "utyp1": "3",
        "uart": "5",
        "umonat": "02",
        "ustunde": "08",
        "uwochentag": "6",
        "strzustand": "0",
        "istrad": "1",
        "istpkw": "1",
        "istfuss": "0",
        "istkrad": "0"
      }
    }
,
    {
      "type": "Feature",
      "geometry": { "type": "Point", "coordinates": [9.691771457000073, 52.341679083000031] },
      "properties": {
        "id": "127863",
        "name": "Unfall 127863 (2017) Kat:2",
        "year": 2017,
        "ulichtverh": "",
        "strasse": "",
        "ukategorie": "2",
        "utyp1": "5",
        "uart": "0",
        "umonat": "02",
        "ustunde": "10",
        "uwochentag": "5",
        "strzustand": "0",
        "istrad": "1",
        "istpkw": "1",
        "istfuss": "0",
        "istkrad": "0"
      }
    }
,
    {
      "type": "Feature",
      "geometry": { "type": "Point", "coordinates": [9.726051066000025, 52.384941462000029] },
      "properties": {
        "id": "127905",
        "name": "Unfall 127905 (2017) Kat:3",
        "year": 2017,
        "ulichtverh": "",
        "strasse": "",
        "ukategorie": "3",
        "utyp1": "7",
        "uart": "5",
        "umonat": "03",
        "ustunde": "14",
        "uwochentag": "5",
        "strzustand": "1",
        "istrad": "1",
        "istpkw": "1",
        "istfuss": "0",
        "istkrad": "0"
      }
    }
,
    {
      "type": "Feature",
      "geometry": { "type": "Point", "coordinates": [9.741704551000055, 52.371164934000035] },
      "properties": {
        "id": "127926",
        "name": "Unfall 127926 (2017) Kat:3",
        "year": 2017,
        "ulichtverh": "",
        "strasse": "",
        "ukategorie": "3",
        "utyp1": "2",
        "uart": "5",
        "umonat": "03",
        "ustunde": "18",
        "uwochentag": "4",
        "strzustand": "0",
        "istrad": "1",
        "istpkw": "1",
        "istfuss": "0",
        "istkrad": "0"
      }
    }
,
    {
      "type": "Feature",
      "geometry": { "type": "Point", "coordinates": [9.610770967000065, 52.414661645000081] },
      "properties": {
        "id": "127927",
        "name": "Unfall 127927 (2017) Kat:3",
        "year": 2017,
        "ulichtverh": "",
        "strasse": "",
        "ukategorie": "3",
        "utyp1": "3",
        "uart": "5",
        "umonat": "03",
        "ustunde": "08",
        "uwochentag": "4",
        "strzustand": "0",
        "istrad": "1",
        "istpkw": "1",
        "istfuss": "0",
        "istkrad": "0"
      }
    }
,
    {
      "type": "Feature",
      "geometry": { "type": "Point", "coordinates": [9.706729022000047, 52.373700899000028] },
      "properties": {
        "id": "127929",
        "name": "Unfall 127929 (2017) Kat:2",
        "year": 2017,
        "ulichtverh": "",
        "strasse": "",
        "ukategorie": "2",
        "utyp1": "4",
        "uart": "6",
        "umonat": "03",
        "ustunde": "21",
        "uwochentag": "4",
        "strzustand": "0",
        "istrad": "1",
        "istpkw": "0",
        "istfuss": "1",
        "istkrad": "0"
      }
    }
,
    {
      "type": "Feature",
      "geometry": { "type": "Point", "coordinates": [9.723095789000070, 52.377719672000069] },
      "properties": {
        "id": "127952",
        "name": "Unfall 127952 (2017) Kat:3",
        "year": 2017,
        "ulichtverh": "",
        "strasse": "",
        "ukategorie": "3",
        "utyp1": "6",
        "uart": "4",
        "umonat": "02",
        "ustunde": "16",
        "uwochentag": "3",
        "strzustand": "0",
        "istrad": "1",
        "istpkw": "0",
        "istfuss": "0",
        "istkrad": "0"
      }
    }
,
    {
      "type": "Feature",
      "geometry": { "type": "Point", "coordinates": [9.638450896000052, 52.397286950000080] },
      "properties": {
        "id": "127954",
        "name": "Unfall 127954 (2017) Kat:3",
        "year": 2017,
        "ulichtverh": "",
        "strasse": "",
        "ukategorie": "3",
        "utyp1": "3",
        "uart": "5",
        "umonat": "02",
        "ustunde": "07",
        "uwochentag": "3",
        "strzustand": "0",
        "istrad": "1",
        "istpkw": "1",
        "istfuss": "0",
        "istkrad": "0"
      }
    }
,
    {
      "type": "Feature",
      "geometry": { "type": "Point", "coordinates": [9.763094645000024, 52.337027093000074] },
      "properties": {
        "id": "127955",
        "name": "Unfall 127955 (2017) Kat:3",
        "year": 2017,
        "ulichtverh": "",
        "strasse": "",
        "ukategorie": "3",
        "utyp1": "5",
        "uart": "1",
        "umonat": "02",
        "ustunde": "11",
        "uwochentag": "3",
        "strzustand": "0",
        "istrad": "1",
        "istpkw": "1",
        "istfuss": "0",
        "istkrad": "0"
      }
    }
,
    {
      "type": "Feature",
      "geometry": { "type": "Point", "coordinates": [9.772527643000046, 52.400448799000060] },
      "properties": {
        "id": "127985",
        "name": "Unfall 127985 (2017) Kat:3",
        "year": 2017,
        "ulichtverh": "",
        "strasse": "",
        "ukategorie": "3",
        "utyp1": "5",
        "uart": "1",
        "umonat": "02",
        "ustunde": "09",
        "uwochentag": "2",
        "strzustand": "0",
        "istrad": "1",
        "istpkw": "1",
        "istfuss": "0",
        "istkrad": "0"
      }
    }
,
    {
      "type": "Feature",
      "geometry": { "type": "Point", "coordinates": [9.683500799000058, 52.368007854000041] },
      "properties": {
        "id": "127987",
        "name": "Unfall 127987 (2017) Kat:3",
        "year": 2017,
        "ulichtverh": "",
        "strasse": "",
        "ukategorie": "3",
        "utyp1": "3",
        "uart": "5",
        "umonat": "02",
        "ustunde": "15",
        "uwochentag": "2",
        "strzustand": "0",
        "istrad": "1",
        "istpkw": "0",
        "istfuss": "0",
        "istkrad": "0"
      }
    }
,
    {
      "type": "Feature",
      "geometry": { "type": "Point", "coordinates": [9.812726371000053, 52.380298431000028] },
      "properties": {
        "id": "127988",
        "name": "Unfall 127988 (2017) Kat:3",
        "year": 2017,
        "ulichtverh": "",
        "strasse": "",
        "ukategorie": "3",
        "utyp1": "2",
        "uart": "5",
        "umonat": "02",
        "ustunde": "10",
        "uwochentag": "2",
        "strzustand": "0",
        "istrad": "1",
        "istpkw": "0",
        "istfuss": "0",
        "istkrad": "0"
      }
    }
,
    {
      "type": "Feature",
      "geometry": { "type": "Point", "coordinates": [9.725523500000065, 52.383966409000038] },
      "properties": {
        "id": "127997",
        "name": "Unfall 127997 (2017) Kat:3",
        "year": 2017,
        "ulichtverh": "",
        "strasse": "",
        "ukategorie": "3",
        "utyp1": "6",
        "uart": "4",
        "umonat": "02",
        "ustunde": "14",
        "uwochentag": "1",
        "strzustand": "0",
        "istrad": "1",
        "istpkw": "1",
        "istfuss": "0",
        "istkrad": "0"
      }
    }
,
    {
      "type": "Feature",
      "geometry": { "type": "Point", "coordinates": [9.751792523000063, 52.392465123000079] },
      "properties": {
        "id": "128023",
        "name": "Unfall 128023 (2017) Kat:3",
        "year": 2017,
        "ulichtverh": "",
        "strasse": "",
        "ukategorie": "3",
        "utyp1": "5",
        "uart": "1",
        "umonat": "02",
        "ustunde": "12",
        "uwochentag": "6",
        "strzustand": "1",
        "istrad": "1",
        "istpkw": "1",
        "istfuss": "0",
        "istkrad": "0"
      }
    }
,
    {
      "type": "Feature",
      "geometry": { "type": "Point", "coordinates": [9.793719466000027, 52.332827162000058] },
      "properties": {
        "id": "128024",
        "name": "Unfall 128024 (2017) Kat:3",
        "year": 2017,
        "ulichtverh": "",
        "strasse": "",
        "ukategorie": "3",
        "utyp1": "4",
        "uart": "6",
        "umonat": "02",
        "ustunde": "15",
        "uwochentag": "6",
        "strzustand": "0",
        "istrad": "1",
        "istpkw": "0",
        "istfuss": "1",
        "istkrad": "0"
      }
    }
,
    {
      "type": "Feature",
      "geometry": { "type": "Point", "coordinates": [9.808575785000073, 52.309036803000026] },
      "properties": {
        "id": "128052",
        "name": "Unfall 128052 (2017) Kat:3",
        "year": 2017,
        "ulichtverh": "",
        "strasse": "",
        "ukategorie": "3",
        "utyp1": "3",
        "uart": "5",
        "umonat": "02",
        "ustunde": "09",
        "uwochentag": "5",
        "strzustand": "1",
        "istrad": "1",
        "istpkw": "1",
        "istfuss": "0",
        "istkrad": "0"
      }
    }
,
    {
      "type": "Feature",
      "geometry": { "type": "Point", "coordinates": [9.748893540000040, 52.382822740000051] },
      "properties": {
        "id": "128053",
        "name": "Unfall 128053 (2017) Kat:3",
        "year": 2017,
        "ulichtverh": "",
        "strasse": "",
        "ukategorie": "3",
        "utyp1": "5",
        "uart": "1",
        "umonat": "02",
        "ustunde": "07",
        "uwochentag": "5",
        "strzustand": "1",
        "istrad": "1",
        "istpkw": "1",
        "istfuss": "0",
        "istkrad": "0"
      }
    }
,
    {
      "type": "Feature",
      "geometry": { "type": "Point", "coordinates": [9.756970560000070, 52.396013550000077] },
      "properties": {
        "id": "128057",
        "name": "Unfall 128057 (2017) Kat:3",
        "year": 2017,
        "ulichtverh": "",
        "strasse": "",
        "ukategorie": "3",
        "utyp1": "3",
        "uart": "5",
        "umonat": "02",
        "ustunde": "21",
        "uwochentag": "5",
        "strzustand": "1",
        "istrad": "1",
        "istpkw": "1",
        "istfuss": "0",
        "istkrad": "0"
      }
    }
,
    {
      "type": "Feature",
      "geometry": { "type": "Point", "coordinates": [9.740993959000036, 52.398856471000045] },
      "properties": {
        "id": "128107",
        "name": "Unfall 128107 (2017) Kat:3",
        "year": 2017,
        "ulichtverh": "",
        "strasse": "",
        "ukategorie": "3",
        "utyp1": "3",
        "uart": "0",
        "umonat": "02",
        "ustunde": "08",
        "uwochentag": "3",
        "strzustand": "0",
        "istrad": "1",
        "istpkw": "1",
        "istfuss": "0",
        "istkrad": "0"
      }
    }
,
    {
      "type": "Feature",
      "geometry": { "type": "Point", "coordinates": [9.765981538000062, 52.381969811000033] },
      "properties": {
        "id": "128108",
        "name": "Unfall 128108 (2017) Kat:2",
        "year": 2017,
        "ulichtverh": "",
        "strasse": "",
        "ukategorie": "2",
        "utyp1": "2",
        "uart": "5",
        "umonat": "02",
        "ustunde": "16",
        "uwochentag": "3",
        "strzustand": "0",
        "istrad": "1",
        "istpkw": "1",
        "istfuss": "0",
        "istkrad": "0"
      }
    }
,
    {
      "type": "Feature",
      "geometry": { "type": "Point", "coordinates": [9.746303797000053, 52.361194449000038] },
      "properties": {
        "id": "128110",
        "name": "Unfall 128110 (2017) Kat:3",
        "year": 2017,
        "ulichtverh": "",
        "strasse": "",
        "ukategorie": "3",
        "utyp1": "3",
        "uart": "5",
        "umonat": "02",
        "ustunde": "11",
        "uwochentag": "3",
        "strzustand": "0",
        "istrad": "1",
        "istpkw": "1",
        "istfuss": "0",
        "istkrad": "0"
      }
    }
,
    {
      "type": "Feature",
      "geometry": { "type": "Point", "coordinates": [9.811862844000075, 52.301755605000039] },
      "properties": {
        "id": "128136",
        "name": "Unfall 128136 (2017) Kat:3",
        "year": 2017,
        "ulichtverh": "",
        "strasse": "",
        "ukategorie": "3",
        "utyp1": "3",
        "uart": "5",
        "umonat": "02",
        "ustunde": "15",
        "uwochentag": "2",
        "strzustand": "1",
        "istrad": "1",
        "istpkw": "1",
        "istfuss": "0",
        "istkrad": "0"
      }
    }
,
    {
      "type": "Feature",
      "geometry": { "type": "Point", "coordinates": [9.964898812000058, 52.377000897000073] },
      "properties": {
        "id": "128139",
        "name": "Unfall 128139 (2017) Kat:3",
        "year": 2017,
        "ulichtverh": "",
        "strasse": "",
        "ukategorie": "3",
        "utyp1": "3",
        "uart": "5",
        "umonat": "02",
        "ustunde": "14",
        "uwochentag": "2",
        "strzustand": "1",
        "istrad": "1",
        "istpkw": "1",
        "istfuss": "0",
        "istkrad": "0"
      }
    }
,
    {
      "type": "Feature",
      "geometry": { "type": "Point", "coordinates": [9.984515349000048, 52.389078089000066] },
      "properties": {
        "id": "128140",
        "name": "Unfall 128140 (2017) Kat:3",
        "year": 2017,
        "ulichtverh": "",
        "strasse": "",
        "ukategorie": "3",
        "utyp1": "6",
        "uart": "0",
        "umonat": "02",
        "ustunde": "05",
        "uwochentag": "2",
        "strzustand": "1",
        "istrad": "1",
        "istpkw": "1",
        "istfuss": "0",
        "istkrad": "0"
      }
    }
,
    {
      "type": "Feature",
      "geometry": { "type": "Point", "coordinates": [9.705858229000057, 52.352554631000032] },
      "properties": {
        "id": "128143",
        "name": "Unfall 128143 (2017) Kat:3",
        "year": 2017,
        "ulichtverh": "",
        "strasse": "",
        "ukategorie": "3",
        "utyp1": "6",
        "uart": "0",
        "umonat": "02",
        "ustunde": "02",
        "uwochentag": "2",
        "strzustand": "1",
        "istrad": "1",
        "istpkw": "1",
        "istfuss": "0",
        "istkrad": "0"
      }
    }
,
    {
      "type": "Feature",
      "geometry": { "type": "Point", "coordinates": [9.854209742000023, 52.391305340000031] },
      "properties": {
        "id": "128162",
        "name": "Unfall 128162 (2017) Kat:3",
        "year": 2017,
        "ulichtverh": "",
        "strasse": "",
        "ukategorie": "3",
        "utyp1": "2",
        "uart": "5",
        "umonat": "03",
        "ustunde": "20",
        "uwochentag": "3",
        "strzustand": "0",
        "istrad": "1",
        "istpkw": "1",
        "istfuss": "0",
        "istkrad": "0"
      }
    }
,
    {
      "type": "Feature",
      "geometry": { "type": "Point", "coordinates": [9.603245116000039, 52.313971638000055] },
      "properties": {
        "id": "128163",
        "name": "Unfall 128163 (2017) Kat:3",
        "year": 2017,
        "ulichtverh": "",
        "strasse": "",
        "ukategorie": "3",
        "utyp1": "3",
        "uart": "5",
        "umonat": "03",
        "ustunde": "15",
        "uwochentag": "3",
        "strzustand": "0",
        "istrad": "1",
        "istpkw": "1",
        "istfuss": "0",
        "istkrad": "0"
      }
    }
,
    {
      "type": "Feature",
      "geometry": { "type": "Point", "coordinates": [9.719733287000054, 52.360442840000076] },
      "properties": {
        "id": "128181",
        "name": "Unfall 128181 (2017) Kat:3",
        "year": 2017,
        "ulichtverh": "",
        "strasse": "",
        "ukategorie": "3",
        "utyp1": "3",
        "uart": "5",
        "umonat": "03",
        "ustunde": "12",
        "uwochentag": "2",
        "strzustand": "0",
        "istrad": "1",
        "istpkw": "0",
        "istfuss": "0",
        "istkrad": "0"
      }
    }
,
    {
      "type": "Feature",
      "geometry": { "type": "Point", "coordinates": [9.854259120000052, 52.491834749000077] },
      "properties": {
        "id": "128186",
        "name": "Unfall 128186 (2017) Kat:3",
        "year": 2017,
        "ulichtverh": "",
        "strasse": "",
        "ukategorie": "3",
        "utyp1": "3",
        "uart": "5",
        "umonat": "03",
        "ustunde": "16",
        "uwochentag": "2",
        "strzustand": "0",
        "istrad": "1",
        "istpkw": "1",
        "istfuss": "0",
        "istkrad": "0"
      }
    }
,
    {
      "type": "Feature",
      "geometry": { "type": "Point", "coordinates": [10.007572565000032, 52.446633742000074] },
      "properties": {
        "id": "128187",
        "name": "Unfall 128187 (2017) Kat:3",
        "year": 2017,
        "ulichtverh": "",
        "strasse": "",
        "ukategorie": "3",
        "utyp1": "3",
        "uart": "5",
        "umonat": "03",
        "ustunde": "11",
        "uwochentag": "2",
        "strzustand": "0",
        "istrad": "1",
        "istpkw": "1",
        "istfuss": "0",
        "istkrad": "0"
      }
    }
,
    {
      "type": "Feature",
      "geometry": { "type": "Point", "coordinates": [9.775180026000044, 52.363688233000062] },
      "properties": {
        "id": "128188",
        "name": "Unfall 128188 (2017) Kat:3",
        "year": 2017,
        "ulichtverh": "",
        "strasse": "",
        "ukategorie": "3",
        "utyp1": "2",
        "uart": "5",
        "umonat": "03",
        "ustunde": "16",
        "uwochentag": "2",
        "strzustand": "0",
        "istrad": "1",
        "istpkw": "1",
        "istfuss": "0",
        "istkrad": "0"
      }
    }
,
    {
      "type": "Feature",
      "geometry": { "type": "Point", "coordinates": [9.431475736000039, 52.417784216000030] },
      "properties": {
        "id": "128190",
        "name": "Unfall 128190 (2017) Kat:2",
        "year": 2017,
        "ulichtverh": "",
        "strasse": "",
        "ukategorie": "2",
        "utyp1": "5",
        "uart": "1",
        "umonat": "03",
        "ustunde": "15",
        "uwochentag": "2",
        "strzustand": "0",
        "istrad": "1",
        "istpkw": "1",
        "istfuss": "0",
        "istkrad": "0"
      }
    }
,
    {
      "type": "Feature",
      "geometry": { "type": "Point", "coordinates": [9.669546529000058, 52.349593363000054] },
      "properties": {
        "id": "128221",
        "name": "Unfall 128221 (2017) Kat:3",
        "year": 2017,
        "ulichtverh": "",
        "strasse": "",
        "ukategorie": "3",
        "utyp1": "3",
        "uart": "5",
        "umonat": "03",
        "ustunde": "10",
        "uwochentag": "7",
        "strzustand": "0",
        "istrad": "1",
        "istpkw": "0",
        "istfuss": "0",
        "istkrad": "1"
      }
    }
,
    {
      "type": "Feature",
      "geometry": { "type": "Point", "coordinates": [9.800944896000033, 52.352561006000030] },
      "properties": {
        "id": "128223",
        "name": "Unfall 128223 (2017) Kat:2",
        "year": 2017,
        "ulichtverh": "",
        "strasse": "",
        "ukategorie": "2",
        "utyp1": "7",
        "uart": "0",
        "umonat": "03",
        "ustunde": "18",
        "uwochentag": "7",
        "strzustand": "0",
        "istrad": "1",
        "istpkw": "0",
        "istfuss": "0",
        "istkrad": "0"
      }
    }
,
    {
      "type": "Feature",
      "geometry": { "type": "Point", "coordinates": [9.738296231000049, 52.381962695000027] },
      "properties": {
        "id": "128244",
        "name": "Unfall 128244 (2017) Kat:3",
        "year": 2017,
        "ulichtverh": "",
        "strasse": "",
        "ukategorie": "3",
        "utyp1": "2",
        "uart": "5",
        "umonat": "03",
        "ustunde": "03",
        "uwochentag": "6",
        "strzustand": "1",
        "istrad": "1",
        "istpkw": "1",
        "istfuss": "0",
        "istkrad": "0"
      }
    }
,
    {
      "type": "Feature",
      "geometry": { "type": "Point", "coordinates": [9.736760775000050, 52.421053132000054] },
      "properties": {
        "id": "128265",
        "name": "Unfall 128265 (2017) Kat:3",
        "year": 2017,
        "ulichtverh": "",
        "strasse": "",
        "ukategorie": "3",
        "utyp1": "3",
        "uart": "5",
        "umonat": "03",
        "ustunde": "16",
        "uwochentag": "5",
        "strzustand": "1",
        "istrad": "1",
        "istpkw": "1",
        "istfuss": "0",
        "istkrad": "0"
      }
    }
,
    {
      "type": "Feature",
      "geometry": { "type": "Point", "coordinates": [9.731826557000034, 52.375412467000046] },
      "properties": {
        "id": "128267",
        "name": "Unfall 128267 (2017) Kat:3",
        "year": 2017,
        "ulichtverh": "",
        "strasse": "",
        "ukategorie": "3",
        "utyp1": "2",
        "uart": "3",
        "umonat": "03",
        "ustunde": "13",
        "uwochentag": "5",
        "strzustand": "0",
        "istrad": "1",
        "istpkw": "0",
        "istfuss": "0",
        "istkrad": "0"
      }
    }
,
    {
      "type": "Feature",
      "geometry": { "type": "Point", "coordinates": [9.724589471000058, 52.358361307000052] },
      "properties": {
        "id": "128269",
        "name": "Unfall 128269 (2017) Kat:3",
        "year": 2017,
        "ulichtverh": "",
        "strasse": "",
        "ukategorie": "3",
        "utyp1": "2",
        "uart": "5",
        "umonat": "03",
        "ustunde": "13",
        "uwochentag": "5",
        "strzustand": "1",
        "istrad": "1",
        "istpkw": "1",
        "istfuss": "0",
        "istkrad": "0"
      }
    }
,
    {
      "type": "Feature",
      "geometry": { "type": "Point", "coordinates": [9.707459974000074, 52.368745090000061] },
      "properties": {
        "id": "128298",
        "name": "Unfall 128298 (2017) Kat:3",
        "year": 2017,
        "ulichtverh": "",
        "strasse": "",
        "ukategorie": "3",
        "utyp1": "5",
        "uart": "1",
        "umonat": "03",
        "ustunde": "19",
        "uwochentag": "4",
        "strzustand": "1",
        "istrad": "1",
        "istpkw": "1",
        "istfuss": "0",
        "istkrad": "0"
      }
    }
,
    {
      "type": "Feature",
      "geometry": { "type": "Point", "coordinates": [9.854046905000075, 52.390752549000069] },
      "properties": {
        "id": "128317",
        "name": "Unfall 128317 (2017) Kat:3",
        "year": 2017,
        "ulichtverh": "",
        "strasse": "",
        "ukategorie": "3",
        "utyp1": "7",
        "uart": "5",
        "umonat": "03",
        "ustunde": "11",
        "uwochentag": "3",
        "strzustand": "0",
        "istrad": "1",
        "istpkw": "0",
        "istfuss": "0",
        "istkrad": "0"
      }
    }
,
    {
      "type": "Feature",
      "geometry": { "type": "Point", "coordinates": [9.720019092000030, 52.387895673000060] },
      "properties": {
        "id": "128318",
        "name": "Unfall 128318 (2017) Kat:3",
        "year": 2017,
        "ulichtverh": "",
        "strasse": "",
        "ukategorie": "3",
        "utyp1": "7",
        "uart": "0",
        "umonat": "03",
        "ustunde": "07",
        "uwochentag": "3",
        "strzustand": "1",
        "istrad": "1",
        "istpkw": "0",
        "istfuss": "0",
        "istkrad": "0"
      }
    }
,
    {
      "type": "Feature",
      "geometry": { "type": "Point", "coordinates": [9.747870622000050, 52.395242390000078] },
      "properties": {
        "id": "128319",
        "name": "Unfall 128319 (2017) Kat:3",
        "year": 2017,
        "ulichtverh": "",
        "strasse": "",
        "ukategorie": "3",
        "utyp1": "2",
        "uart": "4",
        "umonat": "03",
        "ustunde": "19",
        "uwochentag": "3",
        "strzustand": "0",
        "istrad": "1",
        "istpkw": "1",
        "istfuss": "0",
        "istkrad": "0"
      }
    }
,
    {
      "type": "Feature",
      "geometry": { "type": "Point", "coordinates": [9.819184537000069, 52.400023043000033] },
      "properties": {
        "id": "128320",
        "name": "Unfall 128320 (2017) Kat:2",
        "year": 2017,
        "ulichtverh": "",
        "strasse": "",
        "ukategorie": "2",
        "utyp1": "3",
        "uart": "5",
        "umonat": "03",
        "ustunde": "13",
        "uwochentag": "3",
        "strzustand": "0",
        "istrad": "1",
        "istpkw": "1",
        "istfuss": "0",
        "istkrad": "0"
      }
    }
,
    {
      "type": "Feature",
      "geometry": { "type": "Point", "coordinates": [9.733730784000045, 52.362123319000034] },
      "properties": {
        "id": "128321",
        "name": "Unfall 128321 (2017) Kat:3",
        "year": 2017,
        "ulichtverh": "",
        "strasse": "",
        "ukategorie": "3",
        "utyp1": "3",
        "uart": "5",
        "umonat": "03",
        "ustunde": "15",
        "uwochentag": "3",
        "strzustand": "0",
        "istrad": "1",
        "istpkw": "1",
        "istfuss": "0",
        "istkrad": "0"
      }
    }
,
    {
      "type": "Feature",
      "geometry": { "type": "Point", "coordinates": [9.753772840000067, 52.386412602000064] },
      "properties": {
        "id": "128344",
        "name": "Unfall 128344 (2017) Kat:3",
        "year": 2017,
        "ulichtverh": "",
        "strasse": "",
        "ukategorie": "3",
        "utyp1": "3",
        "uart": "5",
        "umonat": "03",
        "ustunde": "10",
        "uwochentag": "2",
        "strzustand": "0",
        "istrad": "1",
        "istpkw": "1",
        "istfuss": "0",
        "istkrad": "0"
      }
    }
,
    {
      "type": "Feature",
      "geometry": { "type": "Point", "coordinates": [9.761920174000068, 52.371159447000082] },
      "properties": {
        "id": "128346",
        "name": "Unfall 128346 (2017) Kat:3",
        "year": 2017,
        "ulichtverh": "",
        "strasse": "",
        "ukategorie": "3",
        "utyp1": "3",
        "uart": "5",
        "umonat": "03",
        "ustunde": "09",
        "uwochentag": "2",
        "strzustand": "0",
        "istrad": "1",
        "istpkw": "1",
        "istfuss": "0",
        "istkrad": "0"
      }
    }
,
    {
      "type": "Feature",
      "geometry": { "type": "Point", "coordinates": [9.734929772000044, 52.380153319000044] },
      "properties": {
        "id": "128378",
        "name": "Unfall 128378 (2017) Kat:3",
        "year": 2017,
        "ulichtverh": "",
        "strasse": "",
        "ukategorie": "3",
        "utyp1": "6",
        "uart": "6",
        "umonat": "03",
        "ustunde": "14",
        "uwochentag": "7",
        "strzustand": "0",
        "istrad": "1",
        "istpkw": "0",
        "istfuss": "1",
        "istkrad": "0"
      }
    }
,
    {
      "type": "Feature",
      "geometry": { "type": "Point", "coordinates": [9.764350913000044, 52.264591694000046] },
      "properties": {
        "id": "128379",
        "name": "Unfall 128379 (2017) Kat:3",
        "year": 2017,
        "ulichtverh": "",
        "strasse": "",
        "ukategorie": "3",
        "utyp1": "3",
        "uart": "5",
        "umonat": "03",
        "ustunde": "17",
        "uwochentag": "7",
        "strzustand": "0",
        "istrad": "1",
        "istpkw": "1",
        "istfuss": "0",
        "istkrad": "0"
      }
    }
,
    {
      "type": "Feature",
      "geometry": { "type": "Point", "coordinates": [9.749930003000031, 52.362205273000029] },
      "properties": {
        "id": "128381",
        "name": "Unfall 128381 (2017) Kat:2",
        "year": 2017,
        "ulichtverh": "",
        "strasse": "",
        "ukategorie": "2",
        "utyp1": "3",
        "uart": "5",
        "umonat": "03",
        "ustunde": "12",
        "uwochentag": "7",
        "strzustand": "0",
        "istrad": "1",
        "istpkw": "1",
        "istfuss": "0",
        "istkrad": "0"
      }
    }
,
    {
      "type": "Feature",
      "geometry": { "type": "Point", "coordinates": [9.755211329000076, 52.273905993000028] },
      "properties": {
        "id": "128410",
        "name": "Unfall 128410 (2017) Kat:3",
        "year": 2017,
        "ulichtverh": "",
        "strasse": "",
        "ukategorie": "3",
        "utyp1": "3",
        "uart": "5",
        "umonat": "03",
        "ustunde": "14",
        "uwochentag": "1",
        "strzustand": "0",
        "istrad": "1",
        "istpkw": "1",
        "istfuss": "0",
        "istkrad": "0"
      }
    }
,
    {
      "type": "Feature",
      "geometry": { "type": "Point", "coordinates": [9.766494274000024, 52.564295061000053] },
      "properties": {
        "id": "128428",
        "name": "Unfall 128428 (2017) Kat:3",
        "year": 2017,
        "ulichtverh": "",
        "strasse": "",
        "ukategorie": "3",
        "utyp1": "3",
        "uart": "5",
        "umonat": "03",
        "ustunde": "16",
        "uwochentag": "7",
        "strzustand": "0",
        "istrad": "1",
        "istpkw": "1",
        "istfuss": "0",
        "istkrad": "0"
      }
    }
,
    {
      "type": "Feature",
      "geometry": { "type": "Point", "coordinates": [9.744731790000060, 52.374656657000060] },
      "properties": {
        "id": "128460",
        "name": "Unfall 128460 (2017) Kat:3",
        "year": 2017,
        "ulichtverh": "",
        "strasse": "",
        "ukategorie": "3",
        "utyp1": "3",
        "uart": "5",
        "umonat": "03",
        "ustunde": "21",
        "uwochentag": "6",
        "strzustand": "0",
        "istrad": "1",
        "istpkw": "1",
        "istfuss": "0",
        "istkrad": "0"
      }
    }
,
    {
      "type": "Feature",
      "geometry": { "type": "Point", "coordinates": [9.559841509000023, 52.402191290000076] },
      "properties": {
        "id": "128461",
        "name": "Unfall 128461 (2017) Kat:3",
        "year": 2017,
        "ulichtverh": "",
        "strasse": "",
        "ukategorie": "3",
        "utyp1": "3",
        "uart": "5",
        "umonat": "03",
        "ustunde": "16",
        "uwochentag": "6",
        "strzustand": "0",
        "istrad": "1",
        "istpkw": "1",
        "istfuss": "0",
        "istkrad": "0"
      }
    }
,
    {
      "type": "Feature",
      "geometry": { "type": "Point", "coordinates": [9.480576228000075, 52.460907293000048] },
      "properties": {
        "id": "128462",
        "name": "Unfall 128462 (2017) Kat:3",
        "year": 2017,
        "ulichtverh": "",
        "strasse": "",
        "ukategorie": "3",
        "utyp1": "5",
        "uart": "4",
        "umonat": "03",
        "ustunde": "14",
        "uwochentag": "6",
        "strzustand": "0",
        "istrad": "1",
        "istpkw": "0",
        "istfuss": "0",
        "istkrad": "1"
      }
    }
,
    {
      "type": "Feature",
      "geometry": { "type": "Point", "coordinates": [9.738990065000053, 52.446461551000027] },
      "properties": {
        "id": "128464",
        "name": "Unfall 128464 (2017) Kat:3",
        "year": 2017,
        "ulichtverh": "",
        "strasse": "",
        "ukategorie": "3",
        "utyp1": "4",
        "uart": "0",
        "umonat": "03",
        "ustunde": "10",
        "uwochentag": "6",
        "strzustand": "0",
        "istrad": "1",
        "istpkw": "0",
        "istfuss": "1",
        "istkrad": "0"
      }
    }
,
    {
      "type": "Feature",
      "geometry": { "type": "Point", "coordinates": [10.009447524000052, 52.453457884000045] },
      "properties": {
        "id": "128465",
        "name": "Unfall 128465 (2017) Kat:3",
        "year": 2017,
        "ulichtverh": "",
        "strasse": "",
        "ukategorie": "3",
        "utyp1": "1",
        "uart": "8",
        "umonat": "03",
        "ustunde": "09",
        "uwochentag": "6",
        "strzustand": "0",
        "istrad": "1",
        "istpkw": "0",
        "istfuss": "0",
        "istkrad": "0"
      }
    }
,
    {
      "type": "Feature",
      "geometry": { "type": "Point", "coordinates": [9.717218991000038, 52.340875907000054] },
      "properties": {
        "id": "128467",
        "name": "Unfall 128467 (2017) Kat:2",
        "year": 2017,
        "ulichtverh": "",
        "strasse": "",
        "ukategorie": "2",
        "utyp1": "3",
        "uart": "5",
        "umonat": "03",
        "ustunde": "16",
        "uwochentag": "6",
        "strzustand": "0",
        "istrad": "1",
        "istpkw": "1",
        "istfuss": "0",
        "istkrad": "0"
      }
    }
,
    {
      "type": "Feature",
      "geometry": { "type": "Point", "coordinates": [9.781291445000022, 52.410210678000055] },
      "properties": {
        "id": "128470",
        "name": "Unfall 128470 (2017) Kat:3",
        "year": 2017,
        "ulichtverh": "",
        "strasse": "",
        "ukategorie": "3",
        "utyp1": "2",
        "uart": "5",
        "umonat": "03",
        "ustunde": "12",
        "uwochentag": "6",
        "strzustand": "0",
        "istrad": "1",
        "istpkw": "1",
        "istfuss": "0",
        "istkrad": "0"
      }
    }
,
    {
      "type": "Feature",
      "geometry": { "type": "Point", "coordinates": [9.740990744000044, 52.398864835000040] },
      "properties": {
        "id": "128495",
        "name": "Unfall 128495 (2017) Kat:3",
        "year": 2017,
        "ulichtverh": "",
        "strasse": "",
        "ukategorie": "3",
        "utyp1": "3",
        "uart": "5",
        "umonat": "03",
        "ustunde": "07",
        "uwochentag": "5",
        "strzustand": "0",
        "istrad": "1",
        "istpkw": "1",
        "istfuss": "0",
        "istkrad": "0"
      }
    }
,
    {
      "type": "Feature",
      "geometry": { "type": "Point", "coordinates": [9.743047750000073, 52.379181827000082] },
      "properties": {
        "id": "128517",
        "name": "Unfall 128517 (2017) Kat:1",
        "year": 2017,
        "ulichtverh": "",
        "strasse": "",
        "ukategorie": "1",
        "utyp1": "2",
        "uart": "5",
        "umonat": "03",
        "ustunde": "12",
        "uwochentag": "4",
        "strzustand": "0",
        "istrad": "1",
        "istpkw": "0",
        "istfuss": "0",
        "istkrad": "0"
      }
    }
,
    {
      "type": "Feature",
      "geometry": { "type": "Point", "coordinates": [9.715841473000069, 52.377375749000066] },
      "properties": {
        "id": "128540",
        "name": "Unfall 128540 (2017) Kat:3",
        "year": 2017,
        "ulichtverh": "",
        "strasse": "",
        "ukategorie": "3",
        "utyp1": "6",
        "uart": "4",
        "umonat": "03",
        "ustunde": "11",
        "uwochentag": "3",
        "strzustand": "0",
        "istrad": "1",
        "istpkw": "1",
        "istfuss": "0",
        "istkrad": "0"
      }
    }
,
    {
      "type": "Feature",
      "geometry": { "type": "Point", "coordinates": [9.761584498000048, 52.394813435000060] },
      "properties": {
        "id": "128541",
        "name": "Unfall 128541 (2017) Kat:3",
        "year": 2017,
        "ulichtverh": "",
        "strasse": "",
        "ukategorie": "3",
        "utyp1": "5",
        "uart": "1",
        "umonat": "03",
        "ustunde": "10",
        "uwochentag": "3",
        "strzustand": "0",
        "istrad": "1",
        "istpkw": "1",
        "istfuss": "0",
        "istkrad": "0"
      }
    }
,
    {
      "type": "Feature",
      "geometry": { "type": "Point", "coordinates": [9.727792579000038, 52.368333117000077] },
      "properties": {
        "id": "128568",
        "name": "Unfall 128568 (2017) Kat:3",
        "year": 2017,
        "ulichtverh": "",
        "strasse": "",
        "ukategorie": "3",
        "utyp1": "7",
        "uart": "0",
        "umonat": "03",
        "ustunde": "08",
        "uwochentag": "2",
        "strzustand": "0",
        "istrad": "1",
        "istpkw": "1",
        "istfuss": "0",
        "istkrad": "0"
      }
    }
,
    {
      "type": "Feature",
      "geometry": { "type": "Point", "coordinates": [9.705280012000060, 52.373417550000056] },
      "properties": {
        "id": "128569",
        "name": "Unfall 128569 (2017) Kat:3",
        "year": 2017,
        "ulichtverh": "",
        "strasse": "",
        "ukategorie": "3",
        "utyp1": "7",
        "uart": "0",
        "umonat": "03",
        "ustunde": "21",
        "uwochentag": "2",
        "strzustand": "0",
        "istrad": "1",
        "istpkw": "0",
        "istfuss": "0",
        "istkrad": "0"
      }
    }
,
    {
      "type": "Feature",
      "geometry": { "type": "Point", "coordinates": [9.678754451000032, 52.343250814000044] },
      "properties": {
        "id": "128572",
        "name": "Unfall 128572 (2017) Kat:3",
        "year": 2017,
        "ulichtverh": "",
        "strasse": "",
        "ukategorie": "3",
        "utyp1": "5",
        "uart": "1",
        "umonat": "03",
        "ustunde": "07",
        "uwochentag": "2",
        "strzustand": "1",
        "istrad": "1",
        "istpkw": "1",
        "istfuss": "0",
        "istkrad": "0"
      }
    }
,
    {
      "type": "Feature",
      "geometry": { "type": "Point", "coordinates": [9.747341705000054, 52.411309054000071] },
      "properties": {
        "id": "128587",
        "name": "Unfall 128587 (2017) Kat:3",
        "year": 2017,
        "ulichtverh": "",
        "strasse": "",
        "ukategorie": "3",
        "utyp1": "3",
        "uart": "5",
        "umonat": "03",
        "ustunde": "17",
        "uwochentag": "1",
        "strzustand": "1",
        "istrad": "1",
        "istpkw": "1",
        "istfuss": "0",
        "istkrad": "0"
      }
    }
,
    {
      "type": "Feature",
      "geometry": { "type": "Point", "coordinates": [9.767531600000041, 52.358156042000076] },
      "properties": {
        "id": "128591",
        "name": "Unfall 128591 (2017) Kat:3",
        "year": 2017,
        "ulichtverh": "",
        "strasse": "",
        "ukategorie": "3",
        "utyp1": "2",
        "uart": "5",
        "umonat": "03",
        "ustunde": "05",
        "uwochentag": "1",
        "strzustand": "1",
        "istrad": "1",
        "istpkw": "1",
        "istfuss": "0",
        "istkrad": "0"
      }
    }
,
    {
      "type": "Feature",
      "geometry": { "type": "Point", "coordinates": [9.762497668000037, 52.332641009000042] },
      "properties": {
        "id": "128617",
        "name": "Unfall 128617 (2017) Kat:3",
        "year": 2017,
        "ulichtverh": "",
        "strasse": "",
        "ukategorie": "3",
        "utyp1": "1",
        "uart": "0",
        "umonat": "03",
        "ustunde": "11",
        "uwochentag": "6",
        "strzustand": "1",
        "istrad": "1",
        "istpkw": "0",
        "istfuss": "0",
        "istkrad": "0"
      }
    }
,
    {
      "type": "Feature",
      "geometry": { "type": "Point", "coordinates": [9.819461530000069, 52.429298468000070] },
      "properties": {
        "id": "128638",
        "name": "Unfall 128638 (2017) Kat:3",
        "year": 2017,
        "ulichtverh": "",
        "strasse": "",
        "ukategorie": "3",
        "utyp1": "3",
        "uart": "5",
        "umonat": "03",
        "ustunde": "10",
        "uwochentag": "5",
        "strzustand": "0",
        "istrad": "1",
        "istpkw": "0",
        "istfuss": "0",
        "istkrad": "0"
      }
    }
,
    {
      "type": "Feature",
      "geometry": { "type": "Point", "coordinates": [9.611061331000030, 52.420201171000031] },
      "properties": {
        "id": "128639",
        "name": "Unfall 128639 (2017) Kat:3",
        "year": 2017,
        "ulichtverh": "",
        "strasse": "",
        "ukategorie": "3",
        "utyp1": "5",
        "uart": "0",
        "umonat": "03",
        "ustunde": "20",
        "uwochentag": "5",
        "strzustand": "0",
        "istrad": "1",
        "istpkw": "0",
        "istfuss": "0",
        "istkrad": "0"
      }
    }
,
    {
      "type": "Feature",
      "geometry": { "type": "Point", "coordinates": [10.068153345000042, 52.391686703000062] },
      "properties": {
        "id": "128640",
        "name": "Unfall 128640 (2017) Kat:3",
        "year": 2017,
        "ulichtverh": "",
        "strasse": "",
        "ukategorie": "3",
        "utyp1": "3",
        "uart": "5",
        "umonat": "03",
        "ustunde": "09",
        "uwochentag": "5",
        "strzustand": "0",
        "istrad": "1",
        "istpkw": "0",
        "istfuss": "0",
        "istkrad": "0"
      }
    }
,
    {
      "type": "Feature",
      "geometry": { "type": "Point", "coordinates": [9.773048572000050, 52.344881037000050] },
      "properties": {
        "id": "128642",
        "name": "Unfall 128642 (2017) Kat:3",
        "year": 2017,
        "ulichtverh": "",
        "strasse": "",
        "ukategorie": "3",
        "utyp1": "3",
        "uart": "5",
        "umonat": "03",
        "ustunde": "09",
        "uwochentag": "5",
        "strzustand": "0",
        "istrad": "1",
        "istpkw": "1",
        "istfuss": "0",
        "istkrad": "0"
      }
    }
,
    {
      "type": "Feature",
      "geometry": { "type": "Point", "coordinates": [9.712355309000031, 52.360758395000062] },
      "properties": {
        "id": "128643",
        "name": "Unfall 128643 (2017) Kat:3",
        "year": 2017,
        "ulichtverh": "",
        "strasse": "",
        "ukategorie": "3",
        "utyp1": "1",
        "uart": "0",
        "umonat": "03",
        "ustunde": "15",
        "uwochentag": "5",
        "strzustand": "0",
        "istrad": "1",
        "istpkw": "0",
        "istfuss": "0",
        "istkrad": "0"
      }
    }
,
    {
      "type": "Feature",
      "geometry": { "type": "Point", "coordinates": [9.853587990000051, 52.433349154000041] },
      "properties": {
        "id": "128665",
        "name": "Unfall 128665 (2017) Kat:3",
        "year": 2017,
        "ulichtverh": "",
        "strasse": "",
        "ukategorie": "3",
        "utyp1": "6",
        "uart": "4",
        "umonat": "03",
        "ustunde": "14",
        "uwochentag": "4",
        "strzustand": "0",
        "istrad": "1",
        "istpkw": "0",
        "istfuss": "0",
        "istkrad": "0"
      }
    }
,
    {
      "type": "Feature",
      "geometry": { "type": "Point", "coordinates": [9.749517406000052, 52.337289579000071] },
      "properties": {
        "id": "128666",
        "name": "Unfall 128666 (2017) Kat:2",
        "year": 2017,
        "ulichtverh": "",
        "strasse": "",
        "ukategorie": "2",
        "utyp1": "7",
        "uart": "0",
        "umonat": "03",
        "ustunde": "20",
        "uwochentag": "4",
        "strzustand": "1",
        "istrad": "1",
        "istpkw": "0",
        "istfuss": "0",
        "istkrad": "0"
      }
    }
,
    {
      "type": "Feature",
      "geometry": { "type": "Point", "coordinates": [9.663668265000069, 52.380122197000048] },
      "properties": {
        "id": "128667",
        "name": "Unfall 128667 (2017) Kat:2",
        "year": 2017,
        "ulichtverh": "",
        "strasse": "",
        "ukategorie": "2",
        "utyp1": "3",
        "uart": "5",
        "umonat": "03",
        "ustunde": "06",
        "uwochentag": "4",
        "strzustand": "0",
        "istrad": "1",
        "istpkw": "1",
        "istfuss": "0",
        "istkrad": "0"
      }
    }
,
    {
      "type": "Feature",
      "geometry": { "type": "Point", "coordinates": [9.712165612000035, 52.387378906000038] },
      "properties": {
        "id": "128680",
        "name": "Unfall 128680 (2017) Kat:3",
        "year": 2017,
        "ulichtverh": "",
        "strasse": "",
        "ukategorie": "3",
        "utyp1": "7",
        "uart": "0",
        "umonat": "04",
        "ustunde": "08",
        "uwochentag": "2",
        "strzustand": "0",
        "istrad": "1",
        "istpkw": "0",
        "istfuss": "0",
        "istkrad": "0"
      }
    }
,
    {
      "type": "Feature",
      "geometry": { "type": "Point", "coordinates": [9.729263528000047, 52.376489677000052] },
      "properties": {
        "id": "128681",
        "name": "Unfall 128681 (2017) Kat:3",
        "year": 2017,
        "ulichtverh": "",
        "strasse": "",
        "ukategorie": "3",
        "utyp1": "7",
        "uart": "1",
        "umonat": "04",
        "ustunde": "13",
        "uwochentag": "2",
        "strzustand": "0",
        "istrad": "1",
        "istpkw": "1",
        "istfuss": "0",
        "istkrad": "0"
      }
    }
,
    {
      "type": "Feature",
      "geometry": { "type": "Point", "coordinates": [9.734822623000071, 52.415796744000033] },
      "properties": {
        "id": "128682",
        "name": "Unfall 128682 (2017) Kat:3",
        "year": 2017,
        "ulichtverh": "",
        "strasse": "",
        "ukategorie": "3",
        "utyp1": "7",
        "uart": "0",
        "umonat": "04",
        "ustunde": "20",
        "uwochentag": "2",
        "strzustand": "0",
        "istrad": "1",
        "istpkw": "0",
        "istfuss": "0",
        "istkrad": "0"
      }
    }
,
    {
      "type": "Feature",
      "geometry": { "type": "Point", "coordinates": [9.688747499000044, 52.341890804000059] },
      "properties": {
        "id": "128710",
        "name": "Unfall 128710 (2017) Kat:3",
        "year": 2017,
        "ulichtverh": "",
        "strasse": "",
        "ukategorie": "3",
        "utyp1": "5",
        "uart": "4",
        "umonat": "04",
        "ustunde": "18",
        "uwochentag": "1",
        "strzustand": "0",
        "istrad": "1",
        "istpkw": "1",
        "istfuss": "0",
        "istkrad": "0"
      }
    }
,
    {
      "type": "Feature",
      "geometry": { "type": "Point", "coordinates": [9.725269811000032, 52.380508516000077] },
      "properties": {
        "id": "128711",
        "name": "Unfall 128711 (2017) Kat:3",
        "year": 2017,
        "ulichtverh": "",
        "strasse": "",
        "ukategorie": "3",
        "utyp1": "3",
        "uart": "5",
        "umonat": "04",
        "ustunde": "16",
        "uwochentag": "1",
        "strzustand": "0",
        "istrad": "1",
        "istpkw": "1",
        "istfuss": "0",
        "istkrad": "0"
      }
    }
,
    {
      "type": "Feature",
      "geometry": { "type": "Point", "coordinates": [9.755908667000028, 52.360610843000075] },
      "properties": {
        "id": "128729",
        "name": "Unfall 128729 (2017) Kat:3",
        "year": 2017,
        "ulichtverh": "",
        "strasse": "",
        "ukategorie": "3",
        "utyp1": "7",
        "uart": "2",
        "umonat": "04",
        "ustunde": "10",
        "uwochentag": "7",
        "strzustand": "0",
        "istrad": "1",
        "istpkw": "0",
        "istfuss": "0",
        "istkrad": "0"
      }
    }
,
    {
      "type": "Feature",
      "geometry": { "type": "Point", "coordinates": [9.753905163000070, 52.386246763000031] },
      "properties": {
        "id": "128730",
        "name": "Unfall 128730 (2017) Kat:3",
        "year": 2017,
        "ulichtverh": "",
        "strasse": "",
        "ukategorie": "3",
        "utyp1": "3",
        "uart": "5",
        "umonat": "04",
        "ustunde": "19",
        "uwochentag": "7",
        "strzustand": "0",
        "istrad": "1",
        "istpkw": "1",
        "istfuss": "0",
        "istkrad": "0"
      }
    }
,
    {
      "type": "Feature",
      "geometry": { "type": "Point", "coordinates": [9.746942416000024, 52.373802267000030] },
      "properties": {
        "id": "128731",
        "name": "Unfall 128731 (2017) Kat:3",
        "year": 2017,
        "ulichtverh": "",
        "strasse": "",
        "ukategorie": "3",
        "utyp1": "2",
        "uart": "5",
        "umonat": "04",
        "ustunde": "01",
        "uwochentag": "7",
        "strzustand": "0",
        "istrad": "1",
        "istpkw": "1",
        "istfuss": "0",
        "istkrad": "0"
      }
    }
,
    {
      "type": "Feature",
      "geometry": { "type": "Point", "coordinates": [9.909909501000072, 52.364700624000079] },
      "properties": {
        "id": "128732",
        "name": "Unfall 128732 (2017) Kat:3",
        "year": 2017,
        "ulichtverh": "",
        "strasse": "",
        "ukategorie": "3",
        "utyp1": "3",
        "uart": "5",
        "umonat": "04",
        "ustunde": "20",
        "uwochentag": "7",
        "strzustand": "1",
        "istrad": "1",
        "istpkw": "1",
        "istfuss": "0",
        "istkrad": "0"
      }
    }
,
    {
      "type": "Feature",
      "geometry": { "type": "Point", "coordinates": [9.726151366000067, 52.437935648000064] },
      "properties": {
        "id": "128733",
        "name": "Unfall 128733 (2017) Kat:3",
        "year": 2017,
        "ulichtverh": "",
        "strasse": "",
        "ukategorie": "3",
        "utyp1": "3",
        "uart": "5",
        "umonat": "04",
        "ustunde": "19",
        "uwochentag": "7",
        "strzustand": "1",
        "istrad": "1",
        "istpkw": "1",
        "istfuss": "0",
        "istkrad": "0"
      }
    }
,
    {
      "type": "Feature",
      "geometry": { "type": "Point", "coordinates": [9.748197654000023, 52.364863029000048] },
      "properties": {
        "id": "128735",
        "name": "Unfall 128735 (2017) Kat:3",
        "year": 2017,
        "ulichtverh": "",
        "strasse": "",
        "ukategorie": "3",
        "utyp1": "5",
        "uart": "0",
        "umonat": "04",
        "ustunde": "14",
        "uwochentag": "7",
        "strzustand": "0",
        "istrad": "1",
        "istpkw": "1",
        "istfuss": "0",
        "istkrad": "0"
      }
    }
,
    {
      "type": "Feature",
      "geometry": { "type": "Point", "coordinates": [9.740264165000042, 52.375901198000065] },
      "properties": {
        "id": "128736",
        "name": "Unfall 128736 (2017) Kat:3",
        "year": 2017,
        "ulichtverh": "",
        "strasse": "",
        "ukategorie": "3",
        "utyp1": "1",
        "uart": "0",
        "umonat": "04",
        "ustunde": "12",
        "uwochentag": "7",
        "strzustand": "0",
        "istrad": "1",
        "istpkw": "0",
        "istfuss": "0",
        "istkrad": "0"
      }
    }
,
    {
      "type": "Feature",
      "geometry": { "type": "Point", "coordinates": [9.734333154000069, 52.391697710000074] },
      "properties": {
        "id": "128737",
        "name": "Unfall 128737 (2017) Kat:2",
        "year": 2017,
        "ulichtverh": "",
        "strasse": "",
        "ukategorie": "2",
        "utyp1": "7",
        "uart": "0",
        "umonat": "04",
        "ustunde": "00",
        "uwochentag": "7",
        "strzustand": "1",
        "istrad": "1",
        "istpkw": "0",
        "istfuss": "0",
        "istkrad": "0"
      }
    }
,
    {
      "type": "Feature",
      "geometry": { "type": "Point", "coordinates": [9.740060984000024, 52.367485391000059] },
      "properties": {
        "id": "128738",
        "name": "Unfall 128738 (2017) Kat:3",
        "year": 2017,
        "ulichtverh": "",
        "strasse": "",
        "ukategorie": "3",
        "utyp1": "1",
        "uart": "0",
        "umonat": "04",
        "ustunde": "21",
        "uwochentag": "7",
        "strzustand": "0",
        "istrad": "1",
        "istpkw": "0",
        "istfuss": "0",
        "istkrad": "0"
      }
    }
,
    {
      "type": "Feature",
      "geometry": { "type": "Point", "coordinates": [9.693527723000045, 52.363407138000071] },
      "properties": {
        "id": "128765",
        "name": "Unfall 128765 (2017) Kat:3",
        "year": 2017,
        "ulichtverh": "",
        "strasse": "",
        "ukategorie": "3",
        "utyp1": "7",
        "uart": "0",
        "umonat": "03",
        "ustunde": "15",
        "uwochentag": "6",
        "strzustand": "0",
        "istrad": "1",
        "istpkw": "1",
        "istfuss": "0",
        "istkrad": "0"
      }
    }
,
    {
      "type": "Feature",
      "geometry": { "type": "Point", "coordinates": [9.750844851000068, 52.526163443000030] },
      "properties": {
        "id": "128767",
        "name": "Unfall 128767 (2017) Kat:3",
        "year": 2017,
        "ulichtverh": "",
        "strasse": "",
        "ukategorie": "3",
        "utyp1": "3",
        "uart": "5",
        "umonat": "03",
        "ustunde": "13",
        "uwochentag": "6",
        "strzustand": "0",
        "istrad": "1",
        "istpkw": "1",
        "istfuss": "0",
        "istkrad": "0"
      }
    }
,
    {
      "type": "Feature",
      "geometry": { "type": "Point", "coordinates": [9.698076430000072, 52.439246646000072] },
      "properties": {
        "id": "128805",
        "name": "Unfall 128805 (2017) Kat:3",
        "year": 2017,
        "ulichtverh": "",
        "strasse": "",
        "ukategorie": "3",
        "utyp1": "7",
        "uart": "0",
        "umonat": "03",
        "ustunde": "11",
        "uwochentag": "5",
        "strzustand": "0",
        "istrad": "1",
        "istpkw": "0",
        "istfuss": "0",
        "istkrad": "0"
      }
    }
,
    {
      "type": "Feature",
      "geometry": { "type": "Point", "coordinates": [9.669079750000037, 52.351620404000073] },
      "properties": {
        "id": "128808",
        "name": "Unfall 128808 (2017) Kat:2",
        "year": 2017,
        "ulichtverh": "",
        "strasse": "",
        "ukategorie": "2",
        "utyp1": "3",
        "uart": "5",
        "umonat": "03",
        "ustunde": "16",
        "uwochentag": "5",
        "strzustand": "0",
        "istrad": "1",
        "istpkw": "1",
        "istfuss": "0",
        "istkrad": "0"
      }
    }
,
    {
      "type": "Feature",
      "geometry": { "type": "Point", "coordinates": [9.752087028000062, 52.410493831000053] },
      "properties": {
        "id": "128810",
        "name": "Unfall 128810 (2017) Kat:3",
        "year": 2017,
        "ulichtverh": "",
        "strasse": "",
        "ukategorie": "3",
        "utyp1": "3",
        "uart": "5",
        "umonat": "03",
        "ustunde": "07",
        "uwochentag": "5",
        "strzustand": "0",
        "istrad": "1",
        "istpkw": "1",
        "istfuss": "0",
        "istkrad": "0"
      }
    }
,
    {
      "type": "Feature",
      "geometry": { "type": "Point", "coordinates": [9.677922998000042, 52.414995528000077] },
      "properties": {
        "id": "128836",
        "name": "Unfall 128836 (2017) Kat:3",
        "year": 2017,
        "ulichtverh": "",
        "strasse": "",
        "ukategorie": "3",
        "utyp1": "5",
        "uart": "1",
        "umonat": "03",
        "ustunde": "13",
        "uwochentag": "4",
        "strzustand": "0",
        "istrad": "1",
        "istpkw": "1",
        "istfuss": "0",
        "istkrad": "0"
      }
    }
,
    {
      "type": "Feature",
      "geometry": { "type": "Point", "coordinates": [9.753185920000021, 52.397905736000041] },
      "properties": {
        "id": "128837",
        "name": "Unfall 128837 (2017) Kat:2",
        "year": 2017,
        "ulichtverh": "",
        "strasse": "",
        "ukategorie": "2",
        "utyp1": "2",
        "uart": "5",
        "umonat": "03",
        "ustunde": "07",
        "uwochentag": "4",
        "strzustand": "0",
        "istrad": "1",
        "istpkw": "1",
        "istfuss": "0",
        "istkrad": "0"
      }
    }
,
    {
      "type": "Feature",
      "geometry": { "type": "Point", "coordinates": [9.688420200000053, 52.331944352000050] },
      "properties": {
        "id": "128873",
        "name": "Unfall 128873 (2017) Kat:3",
        "year": 2017,
        "ulichtverh": "",
        "strasse": "",
        "ukategorie": "3",
        "utyp1": "7",
        "uart": "0",
        "umonat": "03",
        "ustunde": "17",
        "uwochentag": "3",
        "strzustand": "0",
        "istrad": "1",
        "istpkw": "0",
        "istfuss": "0",
        "istkrad": "0"
      }
    }
,
    {
      "type": "Feature",
      "geometry": { "type": "Point", "coordinates": [9.599469682000063, 52.417151509000064] },
      "properties": {
        "id": "128876",
        "name": "Unfall 128876 (2017) Kat:3",
        "year": 2017,
        "ulichtverh": "",
        "strasse": "",
        "ukategorie": "3",
        "utyp1": "3",
        "uart": "5",
        "umonat": "03",
        "ustunde": "12",
        "uwochentag": "3",
        "strzustand": "0",
        "istrad": "1",
        "istpkw": "1",
        "istfuss": "0",
        "istkrad": "0"
      }
    }
,
    {
      "type": "Feature",
      "geometry": { "type": "Point", "coordinates": [9.739595831000031, 52.381118949000040] },
      "properties": {
        "id": "128878",
        "name": "Unfall 128878 (2017) Kat:3",
        "year": 2017,
        "ulichtverh": "",
        "strasse": "",
        "ukategorie": "3",
        "utyp1": "2",
        "uart": "5",
        "umonat": "03",
        "ustunde": "17",
        "uwochentag": "3",
        "strzustand": "0",
        "istrad": "1",
        "istpkw": "1",
        "istfuss": "0",
        "istkrad": "0"
      }
    }
,
    {
      "type": "Feature",
      "geometry": { "type": "Point", "coordinates": [9.817589090000070, 52.367838777000031] },
      "properties": {
        "id": "128879",
        "name": "Unfall 128879 (2017) Kat:2",
        "year": 2017,
        "ulichtverh": "",
        "strasse": "",
        "ukategorie": "2",
        "utyp1": "3",
        "uart": "5",
        "umonat": "03",
        "ustunde": "16",
        "uwochentag": "3",
        "strzustand": "0",
        "istrad": "1",
        "istpkw": "0",
        "istfuss": "0",
        "istkrad": "0"
      }
    }
,
    {
      "type": "Feature",
      "geometry": { "type": "Point", "coordinates": [9.732729843000072, 52.379840078000029] },
      "properties": {
        "id": "128917",
        "name": "Unfall 128917 (2017) Kat:3",
        "year": 2017,
        "ulichtverh": "",
        "strasse": "",
        "ukategorie": "3",
        "utyp1": "2",
        "uart": "4",
        "umonat": "03",
        "ustunde": "18",
        "uwochentag": "2",
        "strzustand": "0",
        "istrad": "1",
        "istpkw": "1",
        "istfuss": "0",
        "istkrad": "0"
      }
    }
,
    {
      "type": "Feature",
      "geometry": { "type": "Point", "coordinates": [9.459020099000043, 52.505287799000030] },
      "properties": {
        "id": "128918",
        "name": "Unfall 128918 (2017) Kat:3",
        "year": 2017,
        "ulichtverh": "",
        "strasse": "",
        "ukategorie": "3",
        "utyp1": "6",
        "uart": "4",
        "umonat": "03",
        "ustunde": "17",
        "uwochentag": "2",
        "strzustand": "0",
        "istrad": "1",
        "istpkw": "1",
        "istfuss": "0",
        "istkrad": "0"
      }
    }
,
    {
      "type": "Feature",
      "geometry": { "type": "Point", "coordinates": [9.772335950000070, 52.350620343000060] },
      "properties": {
        "id": "128921",
        "name": "Unfall 128921 (2017) Kat:2",
        "year": 2017,
        "ulichtverh": "",
        "strasse": "",
        "ukategorie": "2",
        "utyp1": "2",
        "uart": "5",
        "umonat": "03",
        "ustunde": "08",
        "uwochentag": "2",
        "strzustand": "0",
        "istrad": "1",
        "istpkw": "1",
        "istfuss": "0",
        "istkrad": "0"
      }
    }
,
    {
      "type": "Feature",
      "geometry": { "type": "Point", "coordinates": [9.723730806000049, 52.386638953000045] },
      "properties": {
        "id": "128944",
        "name": "Unfall 128944 (2017) Kat:3",
        "year": 2017,
        "ulichtverh": "",
        "strasse": "",
        "ukategorie": "3",
        "utyp1": "5",
        "uart": "0",
        "umonat": "04",
        "ustunde": "20",
        "uwochentag": "2",
        "strzustand": "0",
        "istrad": "1",
        "istpkw": "1",
        "istfuss": "0",
        "istkrad": "0"
      }
    }
,
    {
      "type": "Feature",
      "geometry": { "type": "Point", "coordinates": [9.729216958000052, 52.432595044000038] },
      "properties": {
        "id": "128946",
        "name": "Unfall 128946 (2017) Kat:3",
        "year": 2017,
        "ulichtverh": "",
        "strasse": "",
        "ukategorie": "3",
        "utyp1": "7",
        "uart": "0",
        "umonat": "04",
        "ustunde": "16",
        "uwochentag": "6",
        "strzustand": "0",
        "istrad": "1",
        "istpkw": "0",
        "istfuss": "0",
        "istkrad": "0"
      }
    }
,
    {
      "type": "Feature",
      "geometry": { "type": "Point", "coordinates": [9.728294685000037, 52.359006531000034] },
      "properties": {
        "id": "128963",
        "name": "Unfall 128963 (2017) Kat:3",
        "year": 2017,
        "ulichtverh": "",
        "strasse": "",
        "ukategorie": "3",
        "utyp1": "3",
        "uart": "5",
        "umonat": "04",
        "ustunde": "18",
        "uwochentag": "5",
        "strzustand": "0",
        "istrad": "1",
        "istpkw": "1",
        "istfuss": "0",
        "istkrad": "0"
      }
    }
,
    {
      "type": "Feature",
      "geometry": { "type": "Point", "coordinates": [9.819010740000067, 52.365395596000042] },
      "properties": {
        "id": "128965",
        "name": "Unfall 128965 (2017) Kat:3",
        "year": 2017,
        "ulichtverh": "",
        "strasse": "",
        "ukategorie": "3",
        "utyp1": "7",
        "uart": "7",
        "umonat": "04",
        "ustunde": "08",
        "uwochentag": "5",
        "strzustand": "1",
        "istrad": "1",
        "istpkw": "0",
        "istfuss": "0",
        "istkrad": "0"
      }
    }
,
    {
      "type": "Feature",
      "geometry": { "type": "Point", "coordinates": [9.564336378000064, 52.210190093000051] },
      "properties": {
        "id": "128966",
        "name": "Unfall 128966 (2017) Kat:3",
        "year": 2017,
        "ulichtverh": "",
        "strasse": "",
        "ukategorie": "3",
        "utyp1": "2",
        "uart": "5",
        "umonat": "04",
        "ustunde": "17",
        "uwochentag": "5",
        "strzustand": "0",
        "istrad": "1",
        "istpkw": "1",
        "istfuss": "0",
        "istkrad": "0"
      }
    }
,
    {
      "type": "Feature",
      "geometry": { "type": "Point", "coordinates": [9.717651044000036, 52.398284261000072] },
      "properties": {
        "id": "128969",
        "name": "Unfall 128969 (2017) Kat:2",
        "year": 2017,
        "ulichtverh": "",
        "strasse": "",
        "ukategorie": "2",
        "utyp1": "6",
        "uart": "3",
        "umonat": "04",
        "ustunde": "11",
        "uwochentag": "5",
        "strzustand": "0",
        "istrad": "1",
        "istpkw": "1",
        "istfuss": "0",
        "istkrad": "0"
      }
    }
,
    {
      "type": "Feature",
      "geometry": { "type": "Point", "coordinates": [9.746261782000033, 52.377684378000026] },
      "properties": {
        "id": "128970",
        "name": "Unfall 128970 (2017) Kat:3",
        "year": 2017,
        "ulichtverh": "",
        "strasse": "",
        "ukategorie": "3",
        "utyp1": "2",
        "uart": "5",
        "umonat": "04",
        "ustunde": "09",
        "uwochentag": "5",
        "strzustand": "0",
        "istrad": "1",
        "istpkw": "0",
        "istfuss": "0",
        "istkrad": "0"
      }
    }
,
    {
      "type": "Feature",
      "geometry": { "type": "Point", "coordinates": [9.798737315000039, 52.385315683000044] },
      "properties": {
        "id": "128990",
        "name": "Unfall 128990 (2017) Kat:3",
        "year": 2017,
        "ulichtverh": "",
        "strasse": "",
        "ukategorie": "3",
        "utyp1": "3",
        "uart": "5",
        "umonat": "04",
        "ustunde": "17",
        "uwochentag": "4",
        "strzustand": "1",
        "istrad": "1",
        "istpkw": "1",
        "istfuss": "0",
        "istkrad": "0"
      }
    }
,
    {
      "type": "Feature",
      "geometry": { "type": "Point", "coordinates": [9.720545502000050, 52.391255982000075] },
      "properties": {
        "id": "128991",
        "name": "Unfall 128991 (2017) Kat:3",
        "year": 2017,
        "ulichtverh": "",
        "strasse": "",
        "ukategorie": "3",
        "utyp1": "7",
        "uart": "0",
        "umonat": "04",
        "ustunde": "04",
        "uwochentag": "4",
        "strzustand": "0",
        "istrad": "1",
        "istpkw": "0",
        "istfuss": "0",
        "istkrad": "0"
      }
    }
,
    {
      "type": "Feature",
      "geometry": { "type": "Point", "coordinates": [9.774401215000069, 52.398277347000032] },
      "properties": {
        "id": "128996",
        "name": "Unfall 128996 (2017) Kat:3",
        "year": 2017,
        "ulichtverh": "",
        "strasse": "",
        "ukategorie": "3",
        "utyp1": "3",
        "uart": "0",
        "umonat": "04",
        "ustunde": "10",
        "uwochentag": "4",
        "strzustand": "0",
        "istrad": "1",
        "istpkw": "0",
        "istfuss": "0",
        "istkrad": "0"
      }
    }
,
    {
      "type": "Feature",
      "geometry": { "type": "Point", "coordinates": [9.444073715000059, 52.413752263000049] },
      "properties": {
        "id": "128997",
        "name": "Unfall 128997 (2017) Kat:3",
        "year": 2017,
        "ulichtverh": "",
        "strasse": "",
        "ukategorie": "3",
        "utyp1": "7",
        "uart": "6",
        "umonat": "04",
        "ustunde": "00",
        "uwochentag": "4",
        "strzustand": "0",
        "istrad": "1",
        "istpkw": "0",
        "istfuss": "1",
        "istkrad": "0"
      }
    }
,
    {
      "type": "Feature",
      "geometry": { "type": "Point", "coordinates": [9.657107174000032, 52.410125769000047] },
      "properties": {
        "id": "129013",
        "name": "Unfall 129013 (2017) Kat:3",
        "year": 2017,
        "ulichtverh": "",
        "strasse": "",
        "ukategorie": "3",
        "utyp1": "2",
        "uart": "6",
        "umonat": "04",
        "ustunde": "15",
        "uwochentag": "3",
        "strzustand": "0",
        "istrad": "1",
        "istpkw": "0",
        "istfuss": "1",
        "istkrad": "0"
      }
    }
,
    {
      "type": "Feature",
      "geometry": { "type": "Point", "coordinates": [9.716927146000046, 52.336252157000047] },
      "properties": {
        "id": "129014",
        "name": "Unfall 129014 (2017) Kat:3",
        "year": 2017,
        "ulichtverh": "",
        "strasse": "",
        "ukategorie": "3",
        "utyp1": "3",
        "uart": "5",
        "umonat": "04",
        "ustunde": "14",
        "uwochentag": "3",
        "strzustand": "0",
        "istrad": "1",
        "istpkw": "1",
        "istfuss": "0",
        "istkrad": "0"
      }
    }
,
    {
      "type": "Feature",
      "geometry": { "type": "Point", "coordinates": [9.743810212000028, 52.382359399000052] },
      "properties": {
        "id": "129017",
        "name": "Unfall 129017 (2017) Kat:3",
        "year": 2017,
        "ulichtverh": "",
        "strasse": "",
        "ukategorie": "3",
        "utyp1": "5",
        "uart": "0",
        "umonat": "04",
        "ustunde": "16",
        "uwochentag": "3",
        "strzustand": "0",
        "istrad": "1",
        "istpkw": "1",
        "istfuss": "0",
        "istkrad": "0"
      }
    }
,
    {
      "type": "Feature",
      "geometry": { "type": "Point", "coordinates": [9.743802401000039, 52.384880844000065] },
      "properties": {
        "id": "129018",
        "name": "Unfall 129018 (2017) Kat:3",
        "year": 2017,
        "ulichtverh": "",
        "strasse": "",
        "ukategorie": "3",
        "utyp1": "2",
        "uart": "3",
        "umonat": "04",
        "ustunde": "08",
        "uwochentag": "3",
        "strzustand": "0",
        "istrad": "1",
        "istpkw": "1",
        "istfuss": "0",
        "istkrad": "0"
      }
    }
,
    {
      "type": "Feature",
      "geometry": { "type": "Point", "coordinates": [9.943824584000026, 52.344294179000030] },
      "properties": {
        "id": "129019",
        "name": "Unfall 129019 (2017) Kat:2",
        "year": 2017,
        "ulichtverh": "",
        "strasse": "",
        "ukategorie": "2",
        "utyp1": "3",
        "uart": "5",
        "umonat": "04",
        "ustunde": "16",
        "uwochentag": "3",
        "strzustand": "0",
        "istrad": "1",
        "istpkw": "1",
        "istfuss": "0",
        "istkrad": "0"
      }
    }
,
    {
      "type": "Feature",
      "geometry": { "type": "Point", "coordinates": [9.752219177000029, 52.370752515000049] },
      "properties": {
        "id": "129020",
        "name": "Unfall 129020 (2017) Kat:2",
        "year": 2017,
        "ulichtverh": "",
        "strasse": "",
        "ukategorie": "2",
        "utyp1": "4",
        "uart": "6",
        "umonat": "04",
        "ustunde": "15",
        "uwochentag": "3",
        "strzustand": "0",
        "istrad": "1",
        "istpkw": "0",
        "istfuss": "1",
        "istkrad": "0"
      }
    }
,
    {
      "type": "Feature",
      "geometry": { "type": "Point", "coordinates": [9.725425346000066, 52.382844070000033] },
      "properties": {
        "id": "129050",
        "name": "Unfall 129050 (2017) Kat:3",
        "year": 2017,
        "ulichtverh": "",
        "strasse": "",
        "ukategorie": "3",
        "utyp1": "5",
        "uart": "3",
        "umonat": "04",
        "ustunde": "09",
        "uwochentag": "2",
        "strzustand": "0",
        "istrad": "1",
        "istpkw": "1",
        "istfuss": "0",
        "istkrad": "0"
      }
    }
,
    {
      "type": "Feature",
      "geometry": { "type": "Point", "coordinates": [9.737364279000076, 52.394535786000063] },
      "properties": {
        "id": "129074",
        "name": "Unfall 129074 (2017) Kat:3",
        "year": 2017,
        "ulichtverh": "",
        "strasse": "",
        "ukategorie": "3",
        "utyp1": "6",
        "uart": "6",
        "umonat": "04",
        "ustunde": "15",
        "uwochentag": "1",
        "strzustand": "0",
        "istrad": "1",
        "istpkw": "0",
        "istfuss": "1",
        "istkrad": "0"
      }
    }
,
    {
      "type": "Feature",
      "geometry": { "type": "Point", "coordinates": [9.739424918000054, 52.485117958000046] },
      "properties": {
        "id": "129076",
        "name": "Unfall 129076 (2017) Kat:3",
        "year": 2017,
        "ulichtverh": "",
        "strasse": "",
        "ukategorie": "3",
        "utyp1": "7",
        "uart": "0",
        "umonat": "04",
        "ustunde": "16",
        "uwochentag": "1",
        "strzustand": "0",
        "istrad": "1",
        "istpkw": "0",
        "istfuss": "0",
        "istkrad": "0"
      }
    }
,
    {
      "type": "Feature",
      "geometry": { "type": "Point", "coordinates": [9.761752874000024, 52.356415221000077] },
      "properties": {
        "id": "129077",
        "name": "Unfall 129077 (2017) Kat:2",
        "year": 2017,
        "ulichtverh": "",
        "strasse": "",
        "ukategorie": "2",
        "utyp1": "2",
        "uart": "4",
        "umonat": "04",
        "ustunde": "15",
        "uwochentag": "1",
        "strzustand": "0",
        "istrad": "1",
        "istpkw": "1",
        "istfuss": "0",
        "istkrad": "0"
      }
    }
,
    {
      "type": "Feature",
      "geometry": { "type": "Point", "coordinates": [9.714408804000073, 52.398794043000066] },
      "properties": {
        "id": "129089",
        "name": "Unfall 129089 (2017) Kat:3",
        "year": 2017,
        "ulichtverh": "",
        "strasse": "",
        "ukategorie": "3",
        "utyp1": "3",
        "uart": "5",
        "umonat": "04",
        "ustunde": "07",
        "uwochentag": "7",
        "strzustand": "0",
        "istrad": "1",
        "istpkw": "1",
        "istfuss": "0",
        "istkrad": "0"
      }
    }
,
    {
      "type": "Feature",
      "geometry": { "type": "Point", "coordinates": [9.850588157000061, 52.387911854000038] },
      "properties": {
        "id": "129092",
        "name": "Unfall 129092 (2017) Kat:2",
        "year": 2017,
        "ulichtverh": "",
        "strasse": "",
        "ukategorie": "2",
        "utyp1": "3",
        "uart": "5",
        "umonat": "04",
        "ustunde": "17",
        "uwochentag": "7",
        "strzustand": "0",
        "istrad": "1",
        "istpkw": "1",
        "istfuss": "0",
        "istkrad": "0"
      }
    }
,
    {
      "type": "Feature",
      "geometry": { "type": "Point", "coordinates": [9.708610850000071, 52.373056114000065] },
      "properties": {
        "id": "129114",
        "name": "Unfall 129114 (2017) Kat:3",
        "year": 2017,
        "ulichtverh": "",
        "strasse": "",
        "ukategorie": "3",
        "utyp1": "1",
        "uart": "0",
        "umonat": "04",
        "ustunde": "21",
        "uwochentag": "6",
        "strzustand": "0",
        "istrad": "1",
        "istpkw": "0",
        "istfuss": "0",
        "istkrad": "0"
      }
    }
,
    {
      "type": "Feature",
      "geometry": { "type": "Point", "coordinates": [9.546984605000034, 52.211632811000072] },
      "properties": {
        "id": "129140",
        "name": "Unfall 129140 (2017) Kat:3",
        "year": 2017,
        "ulichtverh": "",
        "strasse": "",
        "ukategorie": "3",
        "utyp1": "6",
        "uart": "2",
        "umonat": "04",
        "ustunde": "07",
        "uwochentag": "5",
        "strzustand": "1",
        "istrad": "1",
        "istpkw": "1",
        "istfuss": "0",
        "istkrad": "0"
      }
    }
,
    {
      "type": "Feature",
      "geometry": { "type": "Point", "coordinates": [9.734867504000022, 52.442431606000071] },
      "properties": {
        "id": "129163",
        "name": "Unfall 129163 (2017) Kat:3",
        "year": 2017,
        "ulichtverh": "",
        "strasse": "",
        "ukategorie": "3",
        "utyp1": "3",
        "uart": "5",
        "umonat": "04",
        "ustunde": "19",
        "uwochentag": "4",
        "strzustand": "0",
        "istrad": "1",
        "istpkw": "1",
        "istfuss": "0",
        "istkrad": "0"
      }
    }
,
    {
      "type": "Feature",
      "geometry": { "type": "Point", "coordinates": [10.062971827000069, 52.491191489000073] },
      "properties": {
        "id": "129165",
        "name": "Unfall 129165 (2017) Kat:3",
        "year": 2017,
        "ulichtverh": "",
        "strasse": "",
        "ukategorie": "3",
        "utyp1": "3",
        "uart": "5",
        "umonat": "04",
        "ustunde": "08",
        "uwochentag": "4",
        "strzustand": "0",
        "istrad": "1",
        "istpkw": "1",
        "istfuss": "0",
        "istkrad": "0"
      }
    }
,
    {
      "type": "Feature",
      "geometry": { "type": "Point", "coordinates": [9.796537098000044, 52.311090749000073] },
      "properties": {
        "id": "129187",
        "name": "Unfall 129187 (2017) Kat:3",
        "year": 2017,
        "ulichtverh": "",
        "strasse": "",
        "ukategorie": "3",
        "utyp1": "3",
        "uart": "5",
        "umonat": "04",
        "ustunde": "14",
        "uwochentag": "3",
        "strzustand": "0",
        "istrad": "1",
        "istpkw": "1",
        "istfuss": "0",
        "istkrad": "0"
      }
    }
,
    {
      "type": "Feature",
      "geometry": { "type": "Point", "coordinates": [9.751594838000074, 52.420960875000048] },
      "properties": {
        "id": "129189",
        "name": "Unfall 129189 (2017) Kat:3",
        "year": 2017,
        "ulichtverh": "",
        "strasse": "",
        "ukategorie": "3",
        "utyp1": "3",
        "uart": "5",
        "umonat": "04",
        "ustunde": "18",
        "uwochentag": "3",
        "strzustand": "0",
        "istrad": "1",
        "istpkw": "1",
        "istfuss": "0",
        "istkrad": "0"
      }
    }
,
    {
      "type": "Feature",
      "geometry": { "type": "Point", "coordinates": [9.795978875000060, 52.404652729000077] },
      "properties": {
        "id": "129190",
        "name": "Unfall 129190 (2017) Kat:3",
        "year": 2017,
        "ulichtverh": "",
        "strasse": "",
        "ukategorie": "3",
        "utyp1": "3",
        "uart": "5",
        "umonat": "04",
        "ustunde": "13",
        "uwochentag": "3",
        "strzustand": "0",
        "istrad": "1",
        "istpkw": "1",
        "istfuss": "0",
        "istkrad": "0"
      }
    }
,
    {
      "type": "Feature",
      "geometry": { "type": "Point", "coordinates": [9.781525213000066, 52.419794131000060] },
      "properties": {
        "id": "129191",
        "name": "Unfall 129191 (2017) Kat:3",
        "year": 2017,
        "ulichtverh": "",
        "strasse": "",
        "ukategorie": "3",
        "utyp1": "1",
        "uart": "0",
        "umonat": "04",
        "ustunde": "11",
        "uwochentag": "3",
        "strzustand": "0",
        "istrad": "1",
        "istpkw": "0",
        "istfuss": "0",
        "istkrad": "0"
      }
    }
,
    {
      "type": "Feature",
      "geometry": { "type": "Point", "coordinates": [9.807571253000049, 52.397436622000043] },
      "properties": {
        "id": "129194",
        "name": "Unfall 129194 (2017) Kat:3",
        "year": 2017,
        "ulichtverh": "",
        "strasse": "",
        "ukategorie": "3",
        "utyp1": "3",
        "uart": "5",
        "umonat": "04",
        "ustunde": "14",
        "uwochentag": "3",
        "strzustand": "0",
        "istrad": "1",
        "istpkw": "1",
        "istfuss": "0",
        "istkrad": "0"
      }
    }
,
    {
      "type": "Feature",
      "geometry": { "type": "Point", "coordinates": [9.777882697000052, 52.345994956000027] },
      "properties": {
        "id": "129196",
        "name": "Unfall 129196 (2017) Kat:2",
        "year": 2017,
        "ulichtverh": "",
        "strasse": "",
        "ukategorie": "2",
        "utyp1": "3",
        "uart": "5",
        "umonat": "04",
        "ustunde": "13",
        "uwochentag": "3",
        "strzustand": "0",
        "istrad": "1",
        "istpkw": "1",
        "istfuss": "0",
        "istkrad": "0"
      }
    }
,
    {
      "type": "Feature",
      "geometry": { "type": "Point", "coordinates": [9.744461504000071, 52.370735161000027] },
      "properties": {
        "id": "129197",
        "name": "Unfall 129197 (2017) Kat:3",
        "year": 2017,
        "ulichtverh": "",
        "strasse": "",
        "ukategorie": "3",
        "utyp1": "3",
        "uart": "5",
        "umonat": "04",
        "ustunde": "14",
        "uwochentag": "3",
        "strzustand": "0",
        "istrad": "1",
        "istpkw": "1",
        "istfuss": "0",
        "istkrad": "0"
      }
    }
,
    {
      "type": "Feature",
      "geometry": { "type": "Point", "coordinates": [9.750869534000060, 52.375575343000037] },
      "properties": {
        "id": "129261",
        "name": "Unfall 129261 (2017) Kat:3",
        "year": 2017,
        "ulichtverh": "",
        "strasse": "",
        "ukategorie": "3",
        "utyp1": "2",
        "uart": "3",
        "umonat": "04",
        "ustunde": "15",
        "uwochentag": "4",
        "strzustand": "0",
        "istrad": "1",
        "istpkw": "1",
        "istfuss": "0",
        "istkrad": "0"
      }
    }
,
    {
      "type": "Feature",
      "geometry": { "type": "Point", "coordinates": [9.695768507000025, 52.408958022000036] },
      "properties": {
        "id": "129263",
        "name": "Unfall 129263 (2017) Kat:2",
        "year": 2017,
        "ulichtverh": "",
        "strasse": "",
        "ukategorie": "2",
        "utyp1": "2",
        "uart": "5",
        "umonat": "04",
        "ustunde": "07",
        "uwochentag": "4",
        "strzustand": "0",
        "istrad": "1",
        "istpkw": "1",
        "istfuss": "0",
        "istkrad": "0"
      }
    }
,
    {
      "type": "Feature",
      "geometry": { "type": "Point", "coordinates": [9.461213268000051, 52.506724920000067] },
      "properties": {
        "id": "129306",
        "name": "Unfall 129306 (2017) Kat:3",
        "year": 2017,
        "ulichtverh": "",
        "strasse": "",
        "ukategorie": "3",
        "utyp1": "5",
        "uart": "1",
        "umonat": "04",
        "ustunde": "17",
        "uwochentag": "3",
        "strzustand": "1",
        "istrad": "1",
        "istpkw": "1",
        "istfuss": "0",
        "istkrad": "0"
      }
    }
,
    {
      "type": "Feature",
      "geometry": { "type": "Point", "coordinates": [9.449194560000024, 52.499181141000065] },
      "properties": {
        "id": "129307",
        "name": "Unfall 129307 (2017) Kat:3",
        "year": 2017,
        "ulichtverh": "",
        "strasse": "",
        "ukategorie": "3",
        "utyp1": "5",
        "uart": "1",
        "umonat": "04",
        "ustunde": "14",
        "uwochentag": "3",
        "strzustand": "1",
        "istrad": "1",
        "istpkw": "0",
        "istfuss": "0",
        "istkrad": "0"
      }
    }
,
    {
      "type": "Feature",
      "geometry": { "type": "Point", "coordinates": [9.807540891000031, 52.379670574000045] },
      "properties": {
        "id": "129332",
        "name": "Unfall 129332 (2017) Kat:3",
        "year": 2017,
        "ulichtverh": "",
        "strasse": "",
        "ukategorie": "3",
        "utyp1": "3",
        "uart": "5",
        "umonat": "04",
        "ustunde": "11",
        "uwochentag": "2",
        "strzustand": "0",
        "istrad": "1",
        "istpkw": "0",
        "istfuss": "0",
        "istkrad": "0"
      }
    }
,
    {
      "type": "Feature",
      "geometry": { "type": "Point", "coordinates": [9.825342834000026, 52.364246739000066] },
      "properties": {
        "id": "129369",
        "name": "Unfall 129369 (2017) Kat:3",
        "year": 2017,
        "ulichtverh": "",
        "strasse": "",
        "ukategorie": "3",
        "utyp1": "6",
        "uart": "6",
        "umonat": "04",
        "ustunde": "11",
        "uwochentag": "7",
        "strzustand": "0",
        "istrad": "1",
        "istpkw": "0",
        "istfuss": "1",
        "istkrad": "0"
      }
    }
,
    {
      "type": "Feature",
      "geometry": { "type": "Point", "coordinates": [9.702955191000058, 52.350395848000062] },
      "properties": {
        "id": "129389",
        "name": "Unfall 129389 (2017) Kat:3",
        "year": 2017,
        "ulichtverh": "",
        "strasse": "",
        "ukategorie": "3",
        "utyp1": "3",
        "uart": "5",
        "umonat": "04",
        "ustunde": "06",
        "uwochentag": "6",
        "strzustand": "0",
        "istrad": "1",
        "istpkw": "0",
        "istfuss": "0",
        "istkrad": "0"
      }
    }
,
    {
      "type": "Feature",
      "geometry": { "type": "Point", "coordinates": [9.737433247000070, 52.440098981000062] },
      "properties": {
        "id": "129421",
        "name": "Unfall 129421 (2017) Kat:3",
        "year": 2017,
        "ulichtverh": "",
        "strasse": "",
        "ukategorie": "3",
        "utyp1": "7",
        "uart": "0",
        "umonat": "04",
        "ustunde": "15",
        "uwochentag": "5",
        "strzustand": "0",
        "istrad": "1",
        "istpkw": "0",
        "istfuss": "0",
        "istkrad": "0"
      }
    }
,
    {
      "type": "Feature",
      "geometry": { "type": "Point", "coordinates": [9.836073407000072, 52.341694119000067] },
      "properties": {
        "id": "129422",
        "name": "Unfall 129422 (2017) Kat:3",
        "year": 2017,
        "ulichtverh": "",
        "strasse": "",
        "ukategorie": "3",
        "utyp1": "3",
        "uart": "5",
        "umonat": "04",
        "ustunde": "10",
        "uwochentag": "5",
        "strzustand": "0",
        "istrad": "1",
        "istpkw": "0",
        "istfuss": "0",
        "istkrad": "0"
      }
    }
,
    {
      "type": "Feature",
      "geometry": { "type": "Point", "coordinates": [9.682292796000070, 52.379915628000049] },
      "properties": {
        "id": "129440",
        "name": "Unfall 129440 (2017) Kat:3",
        "year": 2017,
        "ulichtverh": "",
        "strasse": "",
        "ukategorie": "3",
        "utyp1": "7",
        "uart": "7",
        "umonat": "04",
        "ustunde": "18",
        "uwochentag": "4",
        "strzustand": "0",
        "istrad": "1",
        "istpkw": "0",
        "istfuss": "0",
        "istkrad": "0"
      }
    }
,
    {
      "type": "Feature",
      "geometry": { "type": "Point", "coordinates": [9.684927203000029, 52.365058104000070] },
      "properties": {
        "id": "129458",
        "name": "Unfall 129458 (2017) Kat:3",
        "year": 2017,
        "ulichtverh": "",
        "strasse": "",
        "ukategorie": "3",
        "utyp1": "3",
        "uart": "5",
        "umonat": "04",
        "ustunde": "07",
        "uwochentag": "3",
        "strzustand": "1",
        "istrad": "1",
        "istpkw": "1",
        "istfuss": "0",
        "istkrad": "0"
      }
    }
,
    {
      "type": "Feature",
      "geometry": { "type": "Point", "coordinates": [9.750966402000074, 52.348367216000042] },
      "properties": {
        "id": "129480",
        "name": "Unfall 129480 (2017) Kat:3",
        "year": 2017,
        "ulichtverh": "",
        "strasse": "",
        "ukategorie": "3",
        "utyp1": "4",
        "uart": "6",
        "umonat": "04",
        "ustunde": "15",
        "uwochentag": "1",
        "strzustand": "0",
        "istrad": "1",
        "istpkw": "0",
        "istfuss": "1",
        "istkrad": "0"
      }
    }
,
    {
      "type": "Feature",
      "geometry": { "type": "Point", "coordinates": [9.750909394000075, 52.364181610000060] },
      "properties": {
        "id": "129481",
        "name": "Unfall 129481 (2017) Kat:3",
        "year": 2017,
        "ulichtverh": "",
        "strasse": "",
        "ukategorie": "3",
        "utyp1": "5",
        "uart": "1",
        "umonat": "04",
        "ustunde": "04",
        "uwochentag": "1",
        "strzustand": "0",
        "istrad": "1",
        "istpkw": "1",
        "istfuss": "0",
        "istkrad": "0"
      }
    }
,
    {
      "type": "Feature",
      "geometry": { "type": "Point", "coordinates": [9.822538321000025, 52.400352066000039] },
      "properties": {
        "id": "129532",
        "name": "Unfall 129532 (2017) Kat:3",
        "year": 2017,
        "ulichtverh": "",
        "strasse": "",
        "ukategorie": "3",
        "utyp1": "2",
        "uart": "5",
        "umonat": "05",
        "ustunde": "15",
        "uwochentag": "2",
        "strzustand": "0",
        "istrad": "1",
        "istpkw": "1",
        "istfuss": "0",
        "istkrad": "0"
      }
    }
,
    {
      "type": "Feature",
      "geometry": { "type": "Point", "coordinates": [9.705755012000054, 52.370010396000055] },
      "properties": {
        "id": "129534",
        "name": "Unfall 129534 (2017) Kat:3",
        "year": 2017,
        "ulichtverh": "",
        "strasse": "",
        "ukategorie": "3",
        "utyp1": "3",
        "uart": "5",
        "umonat": "05",
        "ustunde": "18",
        "uwochentag": "2",
        "strzustand": "0",
        "istrad": "1",
        "istpkw": "1",
        "istfuss": "0",
        "istkrad": "0"
      }
    }
,
    {
      "type": "Feature",
      "geometry": { "type": "Point", "coordinates": [9.800847206000071, 52.405748670000037] },
      "properties": {
        "id": "129535",
        "name": "Unfall 129535 (2017) Kat:3",
        "year": 2017,
        "ulichtverh": "",
        "strasse": "",
        "ukategorie": "3",
        "utyp1": "2",
        "uart": "5",
        "umonat": "05",
        "ustunde": "11",
        "uwochentag": "2",
        "strzustand": "0",
        "istrad": "1",
        "istpkw": "1",
        "istfuss": "0",
        "istkrad": "0"
      }
    }
,
    {
      "type": "Feature",
      "geometry": { "type": "Point", "coordinates": [9.600582308000071, 52.421215016000076] },
      "properties": {
        "id": "129554",
        "name": "Unfall 129554 (2017) Kat:3",
        "year": 2017,
        "ulichtverh": "",
        "strasse": "",
        "ukategorie": "3",
        "utyp1": "3",
        "uart": "5",
        "umonat": "05",
        "ustunde": "16",
        "uwochentag": "1",
        "strzustand": "0",
        "istrad": "1",
        "istpkw": "1",
        "istfuss": "0",
        "istkrad": "0"
      }
    }
,
    {
      "type": "Feature",
      "geometry": { "type": "Point", "coordinates": [9.729661301000022, 52.411412261000066] },
      "properties": {
        "id": "129555",
        "name": "Unfall 129555 (2017) Kat:2",
        "year": 2017,
        "ulichtverh": "",
        "strasse": "",
        "ukategorie": "2",
        "utyp1": "6",
        "uart": "3",
        "umonat": "05",
        "ustunde": "14",
        "uwochentag": "1",
        "strzustand": "0",
        "istrad": "1",
        "istpkw": "1",
        "istfuss": "0",
        "istkrad": "0"
      }
    }
,
    {
      "type": "Feature",
      "geometry": { "type": "Point", "coordinates": [9.854393377000065, 52.368906017000029] },
      "properties": {
        "id": "129574",
        "name": "Unfall 129574 (2017) Kat:3",
        "year": 2017,
        "ulichtverh": "",
        "strasse": "",
        "ukategorie": "3",
        "utyp1": "6",
        "uart": "4",
        "umonat": "05",
        "ustunde": "15",
        "uwochentag": "7",
        "strzustand": "0",
        "istrad": "1",
        "istpkw": "0",
        "istfuss": "0",
        "istkrad": "0"
      }
    }
,
    {
      "type": "Feature",
      "geometry": { "type": "Point", "coordinates": [9.708801001000040, 52.372990693000077] },
      "properties": {
        "id": "129576",
        "name": "Unfall 129576 (2017) Kat:3",
        "year": 2017,
        "ulichtverh": "",
        "strasse": "",
        "ukategorie": "3",
        "utyp1": "5",
        "uart": "1",
        "umonat": "05",
        "ustunde": "09",
        "uwochentag": "7",
        "strzustand": "0",
        "istrad": "1",
        "istpkw": "0",
        "istfuss": "0",
        "istkrad": "0"
      }
    }
,
    {
      "type": "Feature",
      "geometry": { "type": "Point", "coordinates": [9.725307316000055, 52.371388626000055] },
      "properties": {
        "id": "129607",
        "name": "Unfall 129607 (2017) Kat:3",
        "year": 2017,
        "ulichtverh": "",
        "strasse": "",
        "ukategorie": "3",
        "utyp1": "7",
        "uart": "0",
        "umonat": "05",
        "ustunde": "08",
        "uwochentag": "6",
        "strzustand": "1",
        "istrad": "1",
        "istpkw": "0",
        "istfuss": "0",
        "istkrad": "0"
      }
    }
,
    {
      "type": "Feature",
      "geometry": { "type": "Point", "coordinates": [9.749283484000046, 52.378625949000082] },
      "properties": {
        "id": "129608",
        "name": "Unfall 129608 (2017) Kat:3",
        "year": 2017,
        "ulichtverh": "",
        "strasse": "",
        "ukategorie": "3",
        "utyp1": "1",
        "uart": "0",
        "umonat": "05",
        "ustunde": "18",
        "uwochentag": "6",
        "strzustand": "0",
        "istrad": "1",
        "istpkw": "0",
        "istfuss": "0",
        "istkrad": "0"
      }
    }
,
    {
      "type": "Feature",
      "geometry": { "type": "Point", "coordinates": [9.762691169000050, 52.378544195000075] },
      "properties": {
        "id": "129609",
        "name": "Unfall 129609 (2017) Kat:3",
        "year": 2017,
        "ulichtverh": "",
        "strasse": "",
        "ukategorie": "3",
        "utyp1": "1",
        "uart": "0",
        "umonat": "05",
        "ustunde": "09",
        "uwochentag": "6",
        "strzustand": "1",
        "istrad": "1",
        "istpkw": "0",
        "istfuss": "0",
        "istkrad": "0"
      }
    }
,
    {
      "type": "Feature",
      "geometry": { "type": "Point", "coordinates": [9.762237918000039, 52.392750303000071] },
      "properties": {
        "id": "129630",
        "name": "Unfall 129630 (2017) Kat:3",
        "year": 2017,
        "ulichtverh": "",
        "strasse": "",
        "ukategorie": "3",
        "utyp1": "3",
        "uart": "5",
        "umonat": "05",
        "ustunde": "14",
        "uwochentag": "5",
        "strzustand": "1",
        "istrad": "1",
        "istpkw": "1",
        "istfuss": "0",
        "istkrad": "0"
      }
    }
,
    {
      "type": "Feature",
      "geometry": { "type": "Point", "coordinates": [9.822026841000024, 52.335205804000054] },
      "properties": {
        "id": "129667",
        "name": "Unfall 129667 (2017) Kat:3",
        "year": 2017,
        "ulichtverh": "",
        "strasse": "",
        "ukategorie": "3",
        "utyp1": "1",
        "uart": "0",
        "umonat": "05",
        "ustunde": "07",
        "uwochentag": "4",
        "strzustand": "1",
        "istrad": "1",
        "istpkw": "0",
        "istfuss": "0",
        "istkrad": "0"
      }
    }
,
    {
      "type": "Feature",
      "geometry": { "type": "Point", "coordinates": [9.716835126000035, 52.379064341000060] },
      "properties": {
        "id": "129668",
        "name": "Unfall 129668 (2017) Kat:3",
        "year": 2017,
        "ulichtverh": "",
        "strasse": "",
        "ukategorie": "3",
        "utyp1": "2",
        "uart": "5",
        "umonat": "05",
        "ustunde": "17",
        "uwochentag": "4",
        "strzustand": "0",
        "istrad": "1",
        "istpkw": "0",
        "istfuss": "0",
        "istkrad": "0"
      }
    }
,
    {
      "type": "Feature",
      "geometry": { "type": "Point", "coordinates": [9.563536444000022, 52.209495891000074] },
      "properties": {
        "id": "129697",
        "name": "Unfall 129697 (2017) Kat:3",
        "year": 2017,
        "ulichtverh": "",
        "strasse": "",
        "ukategorie": "3",
        "utyp1": "3",
        "uart": "5",
        "umonat": "05",
        "ustunde": "08",
        "uwochentag": "3",
        "strzustand": "0",
        "istrad": "1",
        "istpkw": "1",
        "istfuss": "0",
        "istkrad": "0"
      }
    }
,
    {
      "type": "Feature",
      "geometry": { "type": "Point", "coordinates": [9.739597364000076, 52.364863874000037] },
      "properties": {
        "id": "129737",
        "name": "Unfall 129737 (2017) Kat:3",
        "year": 2017,
        "ulichtverh": "",
        "strasse": "",
        "ukategorie": "3",
        "utyp1": "6",
        "uart": "6",
        "umonat": "04",
        "ustunde": "22",
        "uwochentag": "1",
        "strzustand": "0",
        "istrad": "1",
        "istpkw": "0",
        "istfuss": "1",
        "istkrad": "0"
      }
    }
,
    {
      "type": "Feature",
      "geometry": { "type": "Point", "coordinates": [9.730877452000073, 52.375073787000076] },
      "properties": {
        "id": "129738",
        "name": "Unfall 129738 (2017) Kat:3",
        "year": 2017,
        "ulichtverh": "",
        "strasse": "",
        "ukategorie": "3",
        "utyp1": "7",
        "uart": "0",
        "umonat": "04",
        "ustunde": "21",
        "uwochentag": "1",
        "strzustand": "0",
        "istrad": "1",
        "istpkw": "0",
        "istfuss": "0",
        "istkrad": "0"
      }
    }
,
    {
      "type": "Feature",
      "geometry": { "type": "Point", "coordinates": [9.798489415000063, 52.339572784000040] },
      "properties": {
        "id": "129739",
        "name": "Unfall 129739 (2017) Kat:2",
        "year": 2017,
        "ulichtverh": "",
        "strasse": "",
        "ukategorie": "2",
        "utyp1": "3",
        "uart": "5",
        "umonat": "04",
        "ustunde": "15",
        "uwochentag": "1",
        "strzustand": "0",
        "istrad": "1",
        "istpkw": "1",
        "istfuss": "0",
        "istkrad": "0"
      }
    }
,
    {
      "type": "Feature",
      "geometry": { "type": "Point", "coordinates": [9.852864969000052, 52.356797297000071] },
      "properties": {
        "id": "129762",
        "name": "Unfall 129762 (2017) Kat:3",
        "year": 2017,
        "ulichtverh": "",
        "strasse": "",
        "ukategorie": "3",
        "utyp1": "7",
        "uart": "5",
        "umonat": "04",
        "ustunde": "17",
        "uwochentag": "7",
        "strzustand": "0",
        "istrad": "1",
        "istpkw": "1",
        "istfuss": "0",
        "istkrad": "0"
      }
    }
,
    {
      "type": "Feature",
      "geometry": { "type": "Point", "coordinates": [9.736230211000077, 52.362689130000035] },
      "properties": {
        "id": "129765",
        "name": "Unfall 129765 (2017) Kat:3",
        "year": 2017,
        "ulichtverh": "",
        "strasse": "",
        "ukategorie": "3",
        "utyp1": "6",
        "uart": "2",
        "umonat": "04",
        "ustunde": "16",
        "uwochentag": "7",
        "strzustand": "0",
        "istrad": "1",
        "istpkw": "0",
        "istfuss": "0",
        "istkrad": "0"
      }
    }
,
    {
      "type": "Feature",
      "geometry": { "type": "Point", "coordinates": [9.784953304000055, 52.411235257000044] },
      "properties": {
        "id": "129780",
        "name": "Unfall 129780 (2017) Kat:3",
        "year": 2017,
        "ulichtverh": "",
        "strasse": "",
        "ukategorie": "3",
        "utyp1": "6",
        "uart": "4",
        "umonat": "04",
        "ustunde": "08",
        "uwochentag": "6",
        "strzustand": "0",
        "istrad": "1",
        "istpkw": "0",
        "istfuss": "0",
        "istkrad": "0"
      }
    }
,
    {
      "type": "Feature",
      "geometry": { "type": "Point", "coordinates": [9.731735219000029, 52.559596191000026] },
      "properties": {
        "id": "129781",
        "name": "Unfall 129781 (2017) Kat:3",
        "year": 2017,
        "ulichtverh": "",
        "strasse": "",
        "ukategorie": "3",
        "utyp1": "2",
        "uart": "4",
        "umonat": "04",
        "ustunde": "07",
        "uwochentag": "6",
        "strzustand": "0",
        "istrad": "1",
        "istpkw": "0",
        "istfuss": "0",
        "istkrad": "0"
      }
    }
,
    {
      "type": "Feature",
      "geometry": { "type": "Point", "coordinates": [9.726308915000061, 52.436594853000031] },
      "properties": {
        "id": "129795",
        "name": "Unfall 129795 (2017) Kat:3",
        "year": 2017,
        "ulichtverh": "",
        "strasse": "",
        "ukategorie": "3",
        "utyp1": "3",
        "uart": "5",
        "umonat": "05",
        "ustunde": "07",
        "uwochentag": "3",
        "strzustand": "0",
        "istrad": "1",
        "istpkw": "1",
        "istfuss": "0",
        "istkrad": "0"
      }
    }
,
    {
      "type": "Feature",
      "geometry": { "type": "Point", "coordinates": [9.673273821000066, 52.356121817000030] },
      "properties": {
        "id": "129807",
        "name": "Unfall 129807 (2017) Kat:3",
        "year": 2017,
        "ulichtverh": "",
        "strasse": "",
        "ukategorie": "3",
        "utyp1": "5",
        "uart": "1",
        "umonat": "05",
        "ustunde": "15",
        "uwochentag": "3",
        "strzustand": "0",
        "istrad": "1",
        "istpkw": "1",
        "istfuss": "0",
        "istkrad": "0"
      }
    }
,
    {
      "type": "Feature",
      "geometry": { "type": "Point", "coordinates": [9.750618479000025, 52.375524551000069] },
      "properties": {
        "id": "129808",
        "name": "Unfall 129808 (2017) Kat:3",
        "year": 2017,
        "ulichtverh": "",
        "strasse": "",
        "ukategorie": "3",
        "utyp1": "2",
        "uart": "3",
        "umonat": "05",
        "ustunde": "22",
        "uwochentag": "3",
        "strzustand": "0",
        "istrad": "1",
        "istpkw": "1",
        "istfuss": "0",
        "istkrad": "0"
      }
    }
,
    {
      "type": "Feature",
      "geometry": { "type": "Point", "coordinates": [9.770425453000030, 52.383905051000056] },
      "properties": {
        "id": "129810",
        "name": "Unfall 129810 (2017) Kat:3",
        "year": 2017,
        "ulichtverh": "",
        "strasse": "",
        "ukategorie": "3",
        "utyp1": "3",
        "uart": "5",
        "umonat": "05",
        "ustunde": "17",
        "uwochentag": "3",
        "strzustand": "0",
        "istrad": "1",
        "istpkw": "1",
        "istfuss": "0",
        "istkrad": "0"
      }
    }
,
    {
      "type": "Feature",
      "geometry": { "type": "Point", "coordinates": [9.781394045000070, 52.399535076000063] },
      "properties": {
        "id": "129811",
        "name": "Unfall 129811 (2017) Kat:3",
        "year": 2017,
        "ulichtverh": "",
        "strasse": "",
        "ukategorie": "3",
        "utyp1": "6",
        "uart": "6",
        "umonat": "05",
        "ustunde": "13",
        "uwochentag": "3",
        "strzustand": "0",
        "istrad": "1",
        "istpkw": "0",
        "istfuss": "1",
        "istkrad": "0"
      }
    }
,
    {
      "type": "Feature",
      "geometry": { "type": "Point", "coordinates": [9.763966021000044, 52.270855091000044] },
      "properties": {
        "id": "129845",
        "name": "Unfall 129845 (2017) Kat:3",
        "year": 2017,
        "ulichtverh": "",
        "strasse": "",
        "ukategorie": "3",
        "utyp1": "7",
        "uart": "0",
        "umonat": "05",
        "ustunde": "18",
        "uwochentag": "2",
        "strzustand": "0",
        "istrad": "1",
        "istpkw": "0",
        "istfuss": "0",
        "istkrad": "0"
      }
    }
,
    {
      "type": "Feature",
      "geometry": { "type": "Point", "coordinates": [10.117758679000076, 52.350770716000056] },
      "properties": {
        "id": "129846",
        "name": "Unfall 129846 (2017) Kat:3",
        "year": 2017,
        "ulichtverh": "",
        "strasse": "",
        "ukategorie": "3",
        "utyp1": "3",
        "uart": "5",
        "umonat": "05",
        "ustunde": "16",
        "uwochentag": "2",
        "strzustand": "0",
        "istrad": "1",
        "istpkw": "1",
        "istfuss": "0",
        "istkrad": "0"
      }
    }
,
    {
      "type": "Feature",
      "geometry": { "type": "Point", "coordinates": [9.727476609000064, 52.350851584000054] },
      "properties": {
        "id": "129847",
        "name": "Unfall 129847 (2017) Kat:3",
        "year": 2017,
        "ulichtverh": "",
        "strasse": "",
        "ukategorie": "3",
        "utyp1": "7",
        "uart": "0",
        "umonat": "05",
        "ustunde": "12",
        "uwochentag": "2",
        "strzustand": "0",
        "istrad": "1",
        "istpkw": "1",
        "istfuss": "0",
        "istkrad": "0"
      }
    }
,
    {
      "type": "Feature",
      "geometry": { "type": "Point", "coordinates": [9.692615045000025, 52.419011912000030] },
      "properties": {
        "id": "129848",
        "name": "Unfall 129848 (2017) Kat:3",
        "year": 2017,
        "ulichtverh": "",
        "strasse": "",
        "ukategorie": "3",
        "utyp1": "1",
        "uart": "0",
        "umonat": "05",
        "ustunde": "08",
        "uwochentag": "2",
        "strzustand": "0",
        "istrad": "1",
        "istpkw": "0",
        "istfuss": "0",
        "istkrad": "0"
      }
    }
,
    {
      "type": "Feature",
      "geometry": { "type": "Point", "coordinates": [9.585767519000058, 52.393585019000056] },
      "properties": {
        "id": "129865",
        "name": "Unfall 129865 (2017) Kat:3",
        "year": 2017,
        "ulichtverh": "",
        "strasse": "",
        "ukategorie": "3",
        "utyp1": "1",
        "uart": "0",
        "umonat": "05",
        "ustunde": "13",
        "uwochentag": "1",
        "strzustand": "0",
        "istrad": "1",
        "istpkw": "0",
        "istfuss": "0",
        "istkrad": "0"
      }
    }
,
    {
      "type": "Feature",
      "geometry": { "type": "Point", "coordinates": [9.701396489000047, 52.375286791000065] },
      "properties": {
        "id": "129886",
        "name": "Unfall 129886 (2017) Kat:3",
        "year": 2017,
        "ulichtverh": "",
        "strasse": "",
        "ukategorie": "3",
        "utyp1": "1",
        "uart": "0",
        "umonat": "05",
        "ustunde": "12",
        "uwochentag": "7",
        "strzustand": "0",
        "istrad": "1",
        "istpkw": "0",
        "istfuss": "0",
        "istkrad": "0"
      }
    }
,
    {
      "type": "Feature",
      "geometry": { "type": "Point", "coordinates": [9.367816486000038, 52.457220476000032] },
      "properties": {
        "id": "129888",
        "name": "Unfall 129888 (2017) Kat:3",
        "year": 2017,
        "ulichtverh": "",
        "strasse": "",
        "ukategorie": "3",
        "utyp1": "7",
        "uart": "0",
        "umonat": "05",
        "ustunde": "15",
        "uwochentag": "7",
        "strzustand": "0",
        "istrad": "1",
        "istpkw": "0",
        "istfuss": "0",
        "istkrad": "0"
      }
    }
,
    {
      "type": "Feature",
      "geometry": { "type": "Point", "coordinates": [9.741383542000051, 52.439224094000053] },
      "properties": {
        "id": "129889",
        "name": "Unfall 129889 (2017) Kat:3",
        "year": 2017,
        "ulichtverh": "",
        "strasse": "",
        "ukategorie": "3",
        "utyp1": "1",
        "uart": "0",
        "umonat": "05",
        "ustunde": "14",
        "uwochentag": "7",
        "strzustand": "0",
        "istrad": "1",
        "istpkw": "0",
        "istfuss": "0",
        "istkrad": "0"
      }
    }
,
    {
      "type": "Feature",
      "geometry": { "type": "Point", "coordinates": [10.005580572000042, 52.455348625000056] },
      "properties": {
        "id": "129890",
        "name": "Unfall 129890 (2017) Kat:3",
        "year": 2017,
        "ulichtverh": "",
        "strasse": "",
        "ukategorie": "3",
        "utyp1": "7",
        "uart": "0",
        "umonat": "05",
        "ustunde": "07",
        "uwochentag": "7",
        "strzustand": "0",
        "istrad": "1",
        "istpkw": "1",
        "istfuss": "0",
        "istkrad": "0"
      }
    }
,
    {
      "type": "Feature",
      "geometry": { "type": "Point", "coordinates": [9.741014438000036, 52.398762605000059] },
      "properties": {
        "id": "129892",
        "name": "Unfall 129892 (2017) Kat:3",
        "year": 2017,
        "ulichtverh": "",
        "strasse": "",
        "ukategorie": "3",
        "utyp1": "3",
        "uart": "5",
        "umonat": "05",
        "ustunde": "11",
        "uwochentag": "7",
        "strzustand": "0",
        "istrad": "1",
        "istpkw": "1",
        "istfuss": "0",
        "istkrad": "0"
      }
    }
,
    {
      "type": "Feature",
      "geometry": { "type": "Point", "coordinates": [9.748344661000033, 52.396269370000027] },
      "properties": {
        "id": "129929",
        "name": "Unfall 129929 (2017) Kat:3",
        "year": 2017,
        "ulichtverh": "",
        "strasse": "",
        "ukategorie": "3",
        "utyp1": "4",
        "uart": "0",
        "umonat": "05",
        "ustunde": "18",
        "uwochentag": "6",
        "strzustand": "1",
        "istrad": "1",
        "istpkw": "0",
        "istfuss": "1",
        "istkrad": "0"
      }
    }
,
    {
      "type": "Feature",
      "geometry": { "type": "Point", "coordinates": [9.732459326000026, 52.550538697000036] },
      "properties": {
        "id": "129930",
        "name": "Unfall 129930 (2017) Kat:3",
        "year": 2017,
        "ulichtverh": "",
        "strasse": "",
        "ukategorie": "3",
        "utyp1": "3",
        "uart": "5",
        "umonat": "05",
        "ustunde": "15",
        "uwochentag": "6",
        "strzustand": "0",
        "istrad": "1",
        "istpkw": "1",
        "istfuss": "0",
        "istkrad": "0"
      }
    }
,
    {
      "type": "Feature",
      "geometry": { "type": "Point", "coordinates": [9.751417365000066, 52.438074459000063] },
      "properties": {
        "id": "129931",
        "name": "Unfall 129931 (2017) Kat:3",
        "year": 2017,
        "ulichtverh": "",
        "strasse": "",
        "ukategorie": "3",
        "utyp1": "1",
        "uart": "0",
        "umonat": "05",
        "ustunde": "17",
        "uwochentag": "6",
        "strzustand": "0",
        "istrad": "1",
        "istpkw": "0",
        "istfuss": "0",
        "istkrad": "0"
      }
    }
,
    {
      "type": "Feature",
      "geometry": { "type": "Point", "coordinates": [9.734284395000032, 52.384886215000051] },
      "properties": {
        "id": "129933",
        "name": "Unfall 129933 (2017) Kat:3",
        "year": 2017,
        "ulichtverh": "",
        "strasse": "",
        "ukategorie": "3",
        "utyp1": "3",
        "uart": "0",
        "umonat": "05",
        "ustunde": "22",
        "uwochentag": "6",
        "strzustand": "0",
        "istrad": "1",
        "istpkw": "1",
        "istfuss": "0",
        "istkrad": "0"
      }
    }
,
    {
      "type": "Feature",
      "geometry": { "type": "Point", "coordinates": [9.704215095000052, 52.369662402000074] },
      "properties": {
        "id": "129935",
        "name": "Unfall 129935 (2017) Kat:3",
        "year": 2017,
        "ulichtverh": "",
        "strasse": "",
        "ukategorie": "3",
        "utyp1": "3",
        "uart": "5",
        "umonat": "05",
        "ustunde": "18",
        "uwochentag": "6",
        "strzustand": "1",
        "istrad": "1",
        "istpkw": "1",
        "istfuss": "0",
        "istkrad": "0"
      }
    }
,
    {
      "type": "Feature",
      "geometry": { "type": "Point", "coordinates": [9.858774003000065, 52.361185164000062] },
      "properties": {
        "id": "129963",
        "name": "Unfall 129963 (2017) Kat:3",
        "year": 2017,
        "ulichtverh": "",
        "strasse": "",
        "ukategorie": "3",
        "utyp1": "2",
        "uart": "5",
        "umonat": "05",
        "ustunde": "16",
        "uwochentag": "5",
        "strzustand": "0",
        "istrad": "1",
        "istpkw": "1",
        "istfuss": "0",
        "istkrad": "0"
      }
    }
,
    {
      "type": "Feature",
      "geometry": { "type": "Point", "coordinates": [9.714408804000073, 52.398794043000066] },
      "properties": {
        "id": "129965",
        "name": "Unfall 129965 (2017) Kat:3",
        "year": 2017,
        "ulichtverh": "",
        "strasse": "",
        "ukategorie": "3",
        "utyp1": "7",
        "uart": "0",
        "umonat": "05",
        "ustunde": "08",
        "uwochentag": "5",
        "strzustand": "0",
        "istrad": "1",
        "istpkw": "0",
        "istfuss": "0",
        "istkrad": "0"
      }
    }
,
    {
      "type": "Feature",
      "geometry": { "type": "Point", "coordinates": [9.754087463000076, 52.379371410000033] },
      "properties": {
        "id": "129966",
        "name": "Unfall 129966 (2017) Kat:3",
        "year": 2017,
        "ulichtverh": "",
        "strasse": "",
        "ukategorie": "3",
        "utyp1": "2",
        "uart": "4",
        "umonat": "05",
        "ustunde": "15",
        "uwochentag": "5",
        "strzustand": "0",
        "istrad": "1",
        "istpkw": "1",
        "istfuss": "0",
        "istkrad": "0"
      }
    }
,
    {
      "type": "Feature",
      "geometry": { "type": "Point", "coordinates": [9.734697364000056, 52.380558361000055] },
      "properties": {
        "id": "129969",
        "name": "Unfall 129969 (2017) Kat:3",
        "year": 2017,
        "ulichtverh": "",
        "strasse": "",
        "ukategorie": "3",
        "utyp1": "7",
        "uart": "0",
        "umonat": "05",
        "ustunde": "12",
        "uwochentag": "5",
        "strzustand": "0",
        "istrad": "1",
        "istpkw": "0",
        "istfuss": "0",
        "istkrad": "0"
      }
    }
,
    {
      "type": "Feature",
      "geometry": { "type": "Point", "coordinates": [9.720959713000070, 52.354720149000059] },
      "properties": {
        "id": "129970",
        "name": "Unfall 129970 (2017) Kat:2",
        "year": 2017,
        "ulichtverh": "",
        "strasse": "",
        "ukategorie": "2",
        "utyp1": "3",
        "uart": "5",
        "umonat": "05",
        "ustunde": "20",
        "uwochentag": "5",
        "strzustand": "1",
        "istrad": "1",
        "istpkw": "0",
        "istfuss": "0",
        "istkrad": "0"
      }
    }
,
    {
      "type": "Feature",
      "geometry": { "type": "Point", "coordinates": [9.710824959000036, 52.367292028000065] },
      "properties": {
        "id": "130000",
        "name": "Unfall 130000 (2017) Kat:3",
        "year": 2017,
        "ulichtverh": "",
        "strasse": "",
        "ukategorie": "3",
        "utyp1": "7",
        "uart": "0",
        "umonat": "05",
        "ustunde": "17",
        "uwochentag": "4",
        "strzustand": "0",
        "istrad": "1",
        "istpkw": "0",
        "istfuss": "0",
        "istkrad": "0"
      }
    }
,
    {
      "type": "Feature",
      "geometry": { "type": "Point", "coordinates": [9.775786024000070, 52.333825117000060] },
      "properties": {
        "id": "130002",
        "name": "Unfall 130002 (2017) Kat:3",
        "year": 2017,
        "ulichtverh": "",
        "strasse": "",
        "ukategorie": "3",
        "utyp1": "3",
        "uart": "5",
        "umonat": "05",
        "ustunde": "14",
        "uwochentag": "4",
        "strzustand": "0",
        "istrad": "1",
        "istpkw": "1",
        "istfuss": "0",
        "istkrad": "0"
      }
    }
,
    {
      "type": "Feature",
      "geometry": { "type": "Point", "coordinates": [9.753321447000076, 52.390230338000038] },
      "properties": {
        "id": "130003",
        "name": "Unfall 130003 (2017) Kat:3",
        "year": 2017,
        "ulichtverh": "",
        "strasse": "",
        "ukategorie": "3",
        "utyp1": "3",
        "uart": "5",
        "umonat": "05",
        "ustunde": "13",
        "uwochentag": "4",
        "strzustand": "0",
        "istrad": "1",
        "istpkw": "1",
        "istfuss": "0",
        "istkrad": "0"
      }
    }
,
    {
      "type": "Feature",
      "geometry": { "type": "Point", "coordinates": [9.704951097000048, 52.214606999000068] },
      "properties": {
        "id": "130004",
        "name": "Unfall 130004 (2017) Kat:3",
        "year": 2017,
        "ulichtverh": "",
        "strasse": "",
        "ukategorie": "3",
        "utyp1": "1",
        "uart": "8",
        "umonat": "05",
        "ustunde": "16",
        "uwochentag": "4",
        "strzustand": "0",
        "istrad": "1",
        "istpkw": "0",
        "istfuss": "0",
        "istkrad": "0"
      }
    }
,
    {
      "type": "Feature",
      "geometry": { "type": "Point", "coordinates": [9.741408345000025, 52.387568505000047] },
      "properties": {
        "id": "130006",
        "name": "Unfall 130006 (2017) Kat:3",
        "year": 2017,
        "ulichtverh": "",
        "strasse": "",
        "ukategorie": "3",
        "utyp1": "5",
        "uart": "1",
        "umonat": "05",
        "ustunde": "14",
        "uwochentag": "4",
        "strzustand": "0",
        "istrad": "1",
        "istpkw": "1",
        "istfuss": "0",
        "istkrad": "0"
      }
    }
,
    {
      "type": "Feature",
      "geometry": { "type": "Point", "coordinates": [9.753571695000062, 52.380248815000073] },
      "properties": {
        "id": "130007",
        "name": "Unfall 130007 (2017) Kat:3",
        "year": 2017,
        "ulichtverh": "",
        "strasse": "",
        "ukategorie": "3",
        "utyp1": "7",
        "uart": "0",
        "umonat": "05",
        "ustunde": "08",
        "uwochentag": "4",
        "strzustand": "0",
        "istrad": "1",
        "istpkw": "0",
        "istfuss": "0",
        "istkrad": "0"
      }
    }
,
    {
      "type": "Feature",
      "geometry": { "type": "Point", "coordinates": [9.769043693000072, 52.358444983000027] },
      "properties": {
        "id": "130009",
        "name": "Unfall 130009 (2017) Kat:3",
        "year": 2017,
        "ulichtverh": "",
        "strasse": "",
        "ukategorie": "3",
        "utyp1": "3",
        "uart": "5",
        "umonat": "05",
        "ustunde": "07",
        "uwochentag": "4",
        "strzustand": "0",
        "istrad": "1",
        "istpkw": "1",
        "istfuss": "0",
        "istkrad": "0"
      }
    }
,
    {
      "type": "Feature",
      "geometry": { "type": "Point", "coordinates": [9.822691156000076, 52.322986556000046] },
      "properties": {
        "id": "130038",
        "name": "Unfall 130038 (2017) Kat:3",
        "year": 2017,
        "ulichtverh": "",
        "strasse": "",
        "ukategorie": "3",
        "utyp1": "7",
        "uart": "5",
        "umonat": "05",
        "ustunde": "09",
        "uwochentag": "3",
        "strzustand": "0",
        "istrad": "1",
        "istpkw": "1",
        "istfuss": "0",
        "istkrad": "0"
      }
    }
,
    {
      "type": "Feature",
      "geometry": { "type": "Point", "coordinates": [9.747558152000067, 52.359453026000040] },
      "properties": {
        "id": "130067",
        "name": "Unfall 130067 (2017) Kat:3",
        "year": 2017,
        "ulichtverh": "",
        "strasse": "",
        "ukategorie": "3",
        "utyp1": "5",
        "uart": "1",
        "umonat": "05",
        "ustunde": "09",
        "uwochentag": "3",
        "strzustand": "0",
        "istrad": "1",
        "istpkw": "1",
        "istfuss": "0",
        "istkrad": "0"
      }
    }
,
    {
      "type": "Feature",
      "geometry": { "type": "Point", "coordinates": [9.743704959000070, 52.323137815000052] },
      "properties": {
        "id": "130069",
        "name": "Unfall 130069 (2017) Kat:3",
        "year": 2017,
        "ulichtverh": "",
        "strasse": "",
        "ukategorie": "3",
        "utyp1": "1",
        "uart": "0",
        "umonat": "05",
        "ustunde": "17",
        "uwochentag": "3",
        "strzustand": "0",
        "istrad": "1",
        "istpkw": "0",
        "istfuss": "0",
        "istkrad": "0"
      }
    }
,
    {
      "type": "Feature",
      "geometry": { "type": "Point", "coordinates": [9.758006658000056, 52.392874011000060] },
      "properties": {
        "id": "130071",
        "name": "Unfall 130071 (2017) Kat:3",
        "year": 2017,
        "ulichtverh": "",
        "strasse": "",
        "ukategorie": "3",
        "utyp1": "1",
        "uart": "0",
        "umonat": "05",
        "ustunde": "02",
        "uwochentag": "3",
        "strzustand": "0",
        "istrad": "1",
        "istpkw": "0",
        "istfuss": "0",
        "istkrad": "0"
      }
    }
,
    {
      "type": "Feature",
      "geometry": { "type": "Point", "coordinates": [9.711699185000043, 52.371996392000028] },
      "properties": {
        "id": "130108",
        "name": "Unfall 130108 (2017) Kat:3",
        "year": 2017,
        "ulichtverh": "",
        "strasse": "",
        "ukategorie": "3",
        "utyp1": "1",
        "uart": "0",
        "umonat": "05",
        "ustunde": "14",
        "uwochentag": "2",
        "strzustand": "0",
        "istrad": "1",
        "istpkw": "0",
        "istfuss": "0",
        "istkrad": "0"
      }
    }
,
    {
      "type": "Feature",
      "geometry": { "type": "Point", "coordinates": [9.734682540000051, 52.373547492000057] },
      "properties": {
        "id": "130109",
        "name": "Unfall 130109 (2017) Kat:3",
        "year": 2017,
        "ulichtverh": "",
        "strasse": "",
        "ukategorie": "3",
        "utyp1": "4",
        "uart": "6",
        "umonat": "05",
        "ustunde": "11",
        "uwochentag": "2",
        "strzustand": "0",
        "istrad": "1",
        "istpkw": "0",
        "istfuss": "1",
        "istkrad": "0"
      }
    }
,
    {
      "type": "Feature",
      "geometry": { "type": "Point", "coordinates": [9.714774095000053, 52.365349915000081] },
      "properties": {
        "id": "130110",
        "name": "Unfall 130110 (2017) Kat:3",
        "year": 2017,
        "ulichtverh": "",
        "strasse": "",
        "ukategorie": "3",
        "utyp1": "2",
        "uart": "5",
        "umonat": "05",
        "ustunde": "09",
        "uwochentag": "2",
        "strzustand": "0",
        "istrad": "1",
        "istpkw": "1",
        "istfuss": "0",
        "istkrad": "0"
      }
    }
,
    {
      "type": "Feature",
      "geometry": { "type": "Point", "coordinates": [9.692992810000021, 52.406377275000068] },
      "properties": {
        "id": "130136",
        "name": "Unfall 130136 (2017) Kat:3",
        "year": 2017,
        "ulichtverh": "",
        "strasse": "",
        "ukategorie": "3",
        "utyp1": "3",
        "uart": "5",
        "umonat": "05",
        "ustunde": "18",
        "uwochentag": "1",
        "strzustand": "0",
        "istrad": "1",
        "istpkw": "1",
        "istfuss": "0",
        "istkrad": "0"
      }
    }
,
    {
      "type": "Feature",
      "geometry": { "type": "Point", "coordinates": [9.739480061000052, 52.364253667000071] },
      "properties": {
        "id": "130137",
        "name": "Unfall 130137 (2017) Kat:3",
        "year": 2017,
        "ulichtverh": "",
        "strasse": "",
        "ukategorie": "3",
        "utyp1": "7",
        "uart": "6",
        "umonat": "05",
        "ustunde": "19",
        "uwochentag": "1",
        "strzustand": "0",
        "istrad": "1",
        "istpkw": "0",
        "istfuss": "1",
        "istkrad": "0"
      }
    }
,
    {
      "type": "Feature",
      "geometry": { "type": "Point", "coordinates": [9.744606924000038, 52.395163144000037] },
      "properties": {
        "id": "130141",
        "name": "Unfall 130141 (2017) Kat:3",
        "year": 2017,
        "ulichtverh": "",
        "strasse": "",
        "ukategorie": "3",
        "utyp1": "2",
        "uart": "5",
        "umonat": "05",
        "ustunde": "15",
        "uwochentag": "1",
        "strzustand": "0",
        "istrad": "1",
        "istpkw": "1",
        "istfuss": "0",
        "istkrad": "0"
      }
    }
,
    {
      "type": "Feature",
      "geometry": { "type": "Point", "coordinates": [9.684696977000044, 52.376285832000065] },
      "properties": {
        "id": "130144",
        "name": "Unfall 130144 (2017) Kat:3",
        "year": 2017,
        "ulichtverh": "",
        "strasse": "",
        "ukategorie": "3",
        "utyp1": "6",
        "uart": "9",
        "umonat": "05",
        "ustunde": "18",
        "uwochentag": "1",
        "strzustand": "0",
        "istrad": "1",
        "istpkw": "1",
        "istfuss": "0",
        "istkrad": "0"
      }
    }
,
    {
      "type": "Feature",
      "geometry": { "type": "Point", "coordinates": [9.643917902000055, 52.415110467000034] },
      "properties": {
        "id": "130160",
        "name": "Unfall 130160 (2017) Kat:3",
        "year": 2017,
        "ulichtverh": "",
        "strasse": "",
        "ukategorie": "3",
        "utyp1": "3",
        "uart": "5",
        "umonat": "05",
        "ustunde": "17",
        "uwochentag": "7",
        "strzustand": "0",
        "istrad": "1",
        "istpkw": "0",
        "istfuss": "0",
        "istkrad": "0"
      }
    }
,
    {
      "type": "Feature",
      "geometry": { "type": "Point", "coordinates": [9.703550790000065, 52.375601895000045] },
      "properties": {
        "id": "130161",
        "name": "Unfall 130161 (2017) Kat:3",
        "year": 2017,
        "ulichtverh": "",
        "strasse": "",
        "ukategorie": "3",
        "utyp1": "3",
        "uart": "5",
        "umonat": "05",
        "ustunde": "05",
        "uwochentag": "7",
        "strzustand": "0",
        "istrad": "1",
        "istpkw": "1",
        "istfuss": "0",
        "istkrad": "0"
      }
    }
,
    {
      "type": "Feature",
      "geometry": { "type": "Point", "coordinates": [9.799315862000071, 52.307625814000062] },
      "properties": {
        "id": "130162",
        "name": "Unfall 130162 (2017) Kat:3",
        "year": 2017,
        "ulichtverh": "",
        "strasse": "",
        "ukategorie": "3",
        "utyp1": "1",
        "uart": "0",
        "umonat": "05",
        "ustunde": "21",
        "uwochentag": "7",
        "strzustand": "0",
        "istrad": "1",
        "istpkw": "0",
        "istfuss": "0",
        "istkrad": "0"
      }
    }
,
    {
      "type": "Feature",
      "geometry": { "type": "Point", "coordinates": [9.717214225000021, 52.345581574000050] },
      "properties": {
        "id": "130164",
        "name": "Unfall 130164 (2017) Kat:3",
        "year": 2017,
        "ulichtverh": "",
        "strasse": "",
        "ukategorie": "3",
        "utyp1": "7",
        "uart": "0",
        "umonat": "05",
        "ustunde": "18",
        "uwochentag": "7",
        "strzustand": "0",
        "istrad": "1",
        "istpkw": "0",
        "istfuss": "0",
        "istkrad": "0"
      }
    }
,
    {
      "type": "Feature",
      "geometry": { "type": "Point", "coordinates": [9.716930840000032, 52.357974879000039] },
      "properties": {
        "id": "130166",
        "name": "Unfall 130166 (2017) Kat:3",
        "year": 2017,
        "ulichtverh": "",
        "strasse": "",
        "ukategorie": "3",
        "utyp1": "5",
        "uart": "1",
        "umonat": "05",
        "ustunde": "08",
        "uwochentag": "7",
        "strzustand": "0",
        "istrad": "1",
        "istpkw": "1",
        "istfuss": "0",
        "istkrad": "0"
      }
    }
,
    {
      "type": "Feature",
      "geometry": { "type": "Point", "coordinates": [9.853544662000047, 52.326862007000045] },
      "properties": {
        "id": "130198",
        "name": "Unfall 130198 (2017) Kat:3",
        "year": 2017,
        "ulichtverh": "",
        "strasse": "",
        "ukategorie": "3",
        "utyp1": "6",
        "uart": "4",
        "umonat": "05",
        "ustunde": "18",
        "uwochentag": "6",
        "strzustand": "1",
        "istrad": "1",
        "istpkw": "0",
        "istfuss": "1",
        "istkrad": "0"
      }
    }
,
    {
      "type": "Feature",
      "geometry": { "type": "Point", "coordinates": [9.691059818000042, 52.329221734000043] },
      "properties": {
        "id": "130204",
        "name": "Unfall 130204 (2017) Kat:3",
        "year": 2017,
        "ulichtverh": "",
        "strasse": "",
        "ukategorie": "3",
        "utyp1": "1",
        "uart": "9",
        "umonat": "05",
        "ustunde": "06",
        "uwochentag": "6",
        "strzustand": "0",
        "istrad": "1",
        "istpkw": "1",
        "istfuss": "0",
        "istkrad": "0"
      }
    }
,
    {
      "type": "Feature",
      "geometry": { "type": "Point", "coordinates": [9.754586337000035, 52.367942371000026] },
      "properties": {
        "id": "130231",
        "name": "Unfall 130231 (2017) Kat:3",
        "year": 2017,
        "ulichtverh": "",
        "strasse": "",
        "ukategorie": "3",
        "utyp1": "7",
        "uart": "0",
        "umonat": "05",
        "ustunde": "16",
        "uwochentag": "5",
        "strzustand": "0",
        "istrad": "1",
        "istpkw": "0",
        "istfuss": "1",
        "istkrad": "0"
      }
    }
,
    {
      "type": "Feature",
      "geometry": { "type": "Point", "coordinates": [9.698400147000029, 52.382030145000044] },
      "properties": {
        "id": "130232",
        "name": "Unfall 130232 (2017) Kat:3",
        "year": 2017,
        "ulichtverh": "",
        "strasse": "",
        "ukategorie": "3",
        "utyp1": "7",
        "uart": "0",
        "umonat": "05",
        "ustunde": "22",
        "uwochentag": "5",
        "strzustand": "0",
        "istrad": "1",
        "istpkw": "0",
        "istfuss": "0",
        "istkrad": "0"
      }
    }
,
    {
      "type": "Feature",
      "geometry": { "type": "Point", "coordinates": [9.756571376000068, 52.376465417000077] },
      "properties": {
        "id": "130233",
        "name": "Unfall 130233 (2017) Kat:3",
        "year": 2017,
        "ulichtverh": "",
        "strasse": "",
        "ukategorie": "3",
        "utyp1": "3",
        "uart": "0",
        "umonat": "05",
        "ustunde": "08",
        "uwochentag": "5",
        "strzustand": "0",
        "istrad": "1",
        "istpkw": "1",
        "istfuss": "0",
        "istkrad": "0"
      }
    }
,
    {
      "type": "Feature",
      "geometry": { "type": "Point", "coordinates": [9.743721890000074, 52.384972400000038] },
      "properties": {
        "id": "130235",
        "name": "Unfall 130235 (2017) Kat:3",
        "year": 2017,
        "ulichtverh": "",
        "strasse": "",
        "ukategorie": "3",
        "utyp1": "2",
        "uart": "4",
        "umonat": "05",
        "ustunde": "17",
        "uwochentag": "5",
        "strzustand": "1",
        "istrad": "1",
        "istpkw": "1",
        "istfuss": "0",
        "istkrad": "0"
      }
    }
,
    {
      "type": "Feature",
      "geometry": { "type": "Point", "coordinates": [9.466004713000075, 52.305941408000081] },
      "properties": {
        "id": "130236",
        "name": "Unfall 130236 (2017) Kat:3",
        "year": 2017,
        "ulichtverh": "",
        "strasse": "",
        "ukategorie": "3",
        "utyp1": "1",
        "uart": "8",
        "umonat": "05",
        "ustunde": "13",
        "uwochentag": "5",
        "strzustand": "0",
        "istrad": "1",
        "istpkw": "0",
        "istfuss": "0",
        "istkrad": "0"
      }
    }
,
    {
      "type": "Feature",
      "geometry": { "type": "Point", "coordinates": [9.450730781000061, 52.512468283000032] },
      "properties": {
        "id": "130237",
        "name": "Unfall 130237 (2017) Kat:1",
        "year": 2017,
        "ulichtverh": "",
        "strasse": "",
        "ukategorie": "1",
        "utyp1": "6",
        "uart": "4",
        "umonat": "05",
        "ustunde": "14",
        "uwochentag": "5",
        "strzustand": "0",
        "istrad": "1",
        "istpkw": "0",
        "istfuss": "0",
        "istkrad": "0"
      }
    }
,
    {
      "type": "Feature",
      "geometry": { "type": "Point", "coordinates": [9.753900012000031, 52.361583003000078] },
      "properties": {
        "id": "130238",
        "name": "Unfall 130238 (2017) Kat:3",
        "year": 2017,
        "ulichtverh": "",
        "strasse": "",
        "ukategorie": "3",
        "utyp1": "7",
        "uart": "8",
        "umonat": "05",
        "ustunde": "15",
        "uwochentag": "5",
        "strzustand": "0",
        "istrad": "1",
        "istpkw": "1",
        "istfuss": "0",
        "istkrad": "0"
      }
    }
,
    {
      "type": "Feature",
      "geometry": { "type": "Point", "coordinates": [9.723817728000029, 52.342506590000028] },
      "properties": {
        "id": "130240",
        "name": "Unfall 130240 (2017) Kat:3",
        "year": 2017,
        "ulichtverh": "",
        "strasse": "",
        "ukategorie": "3",
        "utyp1": "2",
        "uart": "0",
        "umonat": "05",
        "ustunde": "11",
        "uwochentag": "5",
        "strzustand": "0",
        "istrad": "1",
        "istpkw": "0",
        "istfuss": "0",
        "istkrad": "0"
      }
    }
,
    {
      "type": "Feature",
      "geometry": { "type": "Point", "coordinates": [9.810553994000031, 52.359839496000063] },
      "properties": {
        "id": "130242",
        "name": "Unfall 130242 (2017) Kat:3",
        "year": 2017,
        "ulichtverh": "",
        "strasse": "",
        "ukategorie": "3",
        "utyp1": "3",
        "uart": "5",
        "umonat": "05",
        "ustunde": "10",
        "uwochentag": "5",
        "strzustand": "0",
        "istrad": "1",
        "istpkw": "1",
        "istfuss": "0",
        "istkrad": "0"
      }
    }
,
    {
      "type": "Feature",
      "geometry": { "type": "Point", "coordinates": [9.450234714000033, 52.412265048000052] },
      "properties": {
        "id": "130272",
        "name": "Unfall 130272 (2017) Kat:3",
        "year": 2017,
        "ulichtverh": "",
        "strasse": "",
        "ukategorie": "3",
        "utyp1": "1",
        "uart": "0",
        "umonat": "05",
        "ustunde": "09",
        "uwochentag": "4",
        "strzustand": "0",
        "istrad": "1",
        "istpkw": "0",
        "istfuss": "0",
        "istkrad": "0"
      }
    }
,
    {
      "type": "Feature",
      "geometry": { "type": "Point", "coordinates": [9.858912384000064, 52.400205143000051] },
      "properties": {
        "id": "130275",
        "name": "Unfall 130275 (2017) Kat:3",
        "year": 2017,
        "ulichtverh": "",
        "strasse": "",
        "ukategorie": "3",
        "utyp1": "3",
        "uart": "5",
        "umonat": "05",
        "ustunde": "11",
        "uwochentag": "4",
        "strzustand": "0",
        "istrad": "1",
        "istpkw": "1",
        "istfuss": "0",
        "istkrad": "0"
      }
    }
,
    {
      "type": "Feature",
      "geometry": { "type": "Point", "coordinates": [9.742263165000054, 52.390099728000052] },
      "properties": {
        "id": "130276",
        "name": "Unfall 130276 (2017) Kat:3",
        "year": 2017,
        "ulichtverh": "",
        "strasse": "",
        "ukategorie": "3",
        "utyp1": "5",
        "uart": "1",
        "umonat": "05",
        "ustunde": "08",
        "uwochentag": "4",
        "strzustand": "0",
        "istrad": "1",
        "istpkw": "1",
        "istfuss": "0",
        "istkrad": "0"
      }
    }
,
    {
      "type": "Feature",
      "geometry": { "type": "Point", "coordinates": [9.728988053000023, 52.424889356000051] },
      "properties": {
        "id": "130318",
        "name": "Unfall 130318 (2017) Kat:3",
        "year": 2017,
        "ulichtverh": "",
        "strasse": "",
        "ukategorie": "3",
        "utyp1": "3",
        "uart": "5",
        "umonat": "05",
        "ustunde": "15",
        "uwochentag": "4",
        "strzustand": "0",
        "istrad": "1",
        "istpkw": "1",
        "istfuss": "0",
        "istkrad": "0"
      }
    }
,
    {
      "type": "Feature",
      "geometry": { "type": "Point", "coordinates": [9.771372662000033, 52.354090642000074] },
      "properties": {
        "id": "130320",
        "name": "Unfall 130320 (2017) Kat:3",
        "year": 2017,
        "ulichtverh": "",
        "strasse": "",
        "ukategorie": "3",
        "utyp1": "7",
        "uart": "0",
        "umonat": "05",
        "ustunde": "22",
        "uwochentag": "4",
        "strzustand": "0",
        "istrad": "1",
        "istpkw": "0",
        "istfuss": "0",
        "istkrad": "0"
      }
    }
,
    {
      "type": "Feature",
      "geometry": { "type": "Point", "coordinates": [9.774213880000048, 52.360757175000060] },
      "properties": {
        "id": "130321",
        "name": "Unfall 130321 (2017) Kat:3",
        "year": 2017,
        "ulichtverh": "",
        "strasse": "",
        "ukategorie": "3",
        "utyp1": "3",
        "uart": "5",
        "umonat": "05",
        "ustunde": "16",
        "uwochentag": "4",
        "strzustand": "0",
        "istrad": "1",
        "istpkw": "1",
        "istfuss": "0",
        "istkrad": "0"
      }
    }
,
    {
      "type": "Feature",
      "geometry": { "type": "Point", "coordinates": [9.700805093000042, 52.391455955000026] },
      "properties": {
        "id": "130322",
        "name": "Unfall 130322 (2017) Kat:3",
        "year": 2017,
        "ulichtverh": "",
        "strasse": "",
        "ukategorie": "3",
        "utyp1": "3",
        "uart": "5",
        "umonat": "05",
        "ustunde": "16",
        "uwochentag": "4",
        "strzustand": "0",
        "istrad": "1",
        "istpkw": "0",
        "istfuss": "0",
        "istkrad": "0"
      }
    }
,
    {
      "type": "Feature",
      "geometry": { "type": "Point", "coordinates": [9.722020794000059, 52.389140649000069] },
      "properties": {
        "id": "130323",
        "name": "Unfall 130323 (2017) Kat:3",
        "year": 2017,
        "ulichtverh": "",
        "strasse": "",
        "ukategorie": "3",
        "utyp1": "3",
        "uart": "5",
        "umonat": "05",
        "ustunde": "12",
        "uwochentag": "4",
        "strzustand": "0",
        "istrad": "1",
        "istpkw": "1",
        "istfuss": "0",
        "istkrad": "0"
      }
    }
,
    {
      "type": "Feature",
      "geometry": { "type": "Point", "coordinates": [9.710620424000069, 52.367318699000066] },
      "properties": {
        "id": "130324",
        "name": "Unfall 130324 (2017) Kat:3",
        "year": 2017,
        "ulichtverh": "",
        "strasse": "",
        "ukategorie": "3",
        "utyp1": "7",
        "uart": "0",
        "umonat": "05",
        "ustunde": "14",
        "uwochentag": "4",
        "strzustand": "0",
        "istrad": "1",
        "istpkw": "0",
        "istfuss": "0",
        "istkrad": "0"
      }
    }
,
    {
      "type": "Feature",
      "geometry": { "type": "Point", "coordinates": [9.672918653000068, 52.398465787000077] },
      "properties": {
        "id": "130325",
        "name": "Unfall 130325 (2017) Kat:3",
        "year": 2017,
        "ulichtverh": "",
        "strasse": "",
        "ukategorie": "3",
        "utyp1": "2",
        "uart": "5",
        "umonat": "05",
        "ustunde": "07",
        "uwochentag": "4",
        "strzustand": "0",
        "istrad": "1",
        "istpkw": "1",
        "istfuss": "0",
        "istkrad": "0"
      }
    }
,
    {
      "type": "Feature",
      "geometry": { "type": "Point", "coordinates": [9.725019807000024, 52.387441968000076] },
      "properties": {
        "id": "130326",
        "name": "Unfall 130326 (2017) Kat:3",
        "year": 2017,
        "ulichtverh": "",
        "strasse": "",
        "ukategorie": "3",
        "utyp1": "2",
        "uart": "5",
        "umonat": "05",
        "ustunde": "08",
        "uwochentag": "4",
        "strzustand": "0",
        "istrad": "1",
        "istpkw": "1",
        "istfuss": "0",
        "istkrad": "0"
      }
    }
,
    {
      "type": "Feature",
      "geometry": { "type": "Point", "coordinates": [9.723980349000044, 52.386214223000081] },
      "properties": {
        "id": "130327",
        "name": "Unfall 130327 (2017) Kat:3",
        "year": 2017,
        "ulichtverh": "",
        "strasse": "",
        "ukategorie": "3",
        "utyp1": "5",
        "uart": "1",
        "umonat": "05",
        "ustunde": "10",
        "uwochentag": "4",
        "strzustand": "0",
        "istrad": "1",
        "istpkw": "1",
        "istfuss": "0",
        "istkrad": "0"
      }
    }
,
    {
      "type": "Feature",
      "geometry": { "type": "Point", "coordinates": [9.687435504000064, 52.392575420000071] },
      "properties": {
        "id": "130360",
        "name": "Unfall 130360 (2017) Kat:3",
        "year": 2017,
        "ulichtverh": "",
        "strasse": "",
        "ukategorie": "3",
        "utyp1": "6",
        "uart": "0",
        "umonat": "05",
        "ustunde": "09",
        "uwochentag": "3",
        "strzustand": "0",
        "istrad": "1",
        "istpkw": "0",
        "istfuss": "0",
        "istkrad": "0"
      }
    }
,
    {
      "type": "Feature",
      "geometry": { "type": "Point", "coordinates": [9.711379760000057, 52.372982683000032] },
      "properties": {
        "id": "130361",
        "name": "Unfall 130361 (2017) Kat:3",
        "year": 2017,
        "ulichtverh": "",
        "strasse": "",
        "ukategorie": "3",
        "utyp1": "4",
        "uart": "6",
        "umonat": "05",
        "ustunde": "19",
        "uwochentag": "3",
        "strzustand": "0",
        "istrad": "1",
        "istpkw": "0",
        "istfuss": "1",
        "istkrad": "0"
      }
    }
,
    {
      "type": "Feature",
      "geometry": { "type": "Point", "coordinates": [9.725343913000074, 52.383319022000080] },
      "properties": {
        "id": "130363",
        "name": "Unfall 130363 (2017) Kat:3",
        "year": 2017,
        "ulichtverh": "",
        "strasse": "",
        "ukategorie": "3",
        "utyp1": "3",
        "uart": "5",
        "umonat": "05",
        "ustunde": "17",
        "uwochentag": "3",
        "strzustand": "1",
        "istrad": "1",
        "istpkw": "1",
        "istfuss": "0",
        "istkrad": "0"
      }
    }
,
    {
      "type": "Feature",
      "geometry": { "type": "Point", "coordinates": [9.743629264000049, 52.398208898000064] },
      "properties": {
        "id": "130364",
        "name": "Unfall 130364 (2017) Kat:3",
        "year": 2017,
        "ulichtverh": "",
        "strasse": "",
        "ukategorie": "3",
        "utyp1": "2",
        "uart": "0",
        "umonat": "05",
        "ustunde": "07",
        "uwochentag": "3",
        "strzustand": "0",
        "istrad": "1",
        "istpkw": "0",
        "istfuss": "0",
        "istkrad": "1"
      }
    }
,
    {
      "type": "Feature",
      "geometry": { "type": "Point", "coordinates": [9.571926855000072, 52.213113774000078] },
      "properties": {
        "id": "130365",
        "name": "Unfall 130365 (2017) Kat:3",
        "year": 2017,
        "ulichtverh": "",
        "strasse": "",
        "ukategorie": "3",
        "utyp1": "1",
        "uart": "0",
        "umonat": "05",
        "ustunde": "00",
        "uwochentag": "3",
        "strzustand": "0",
        "istrad": "1",
        "istpkw": "0",
        "istfuss": "0",
        "istkrad": "0"
      }
    }
,
    {
      "type": "Feature",
      "geometry": { "type": "Point", "coordinates": [9.737592041000028, 52.578665063000074] },
      "properties": {
        "id": "130366",
        "name": "Unfall 130366 (2017) Kat:3",
        "year": 2017,
        "ulichtverh": "",
        "strasse": "",
        "ukategorie": "3",
        "utyp1": "7",
        "uart": "7",
        "umonat": "05",
        "ustunde": "10",
        "uwochentag": "3",
        "strzustand": "0",
        "istrad": "1",
        "istpkw": "0",
        "istfuss": "0",
        "istkrad": "0"
      }
    }
,
    {
      "type": "Feature",
      "geometry": { "type": "Point", "coordinates": [9.751755064000065, 52.385926986000072] },
      "properties": {
        "id": "130367",
        "name": "Unfall 130367 (2017) Kat:3",
        "year": 2017,
        "ulichtverh": "",
        "strasse": "",
        "ukategorie": "3",
        "utyp1": "2",
        "uart": "0",
        "umonat": "05",
        "ustunde": "17",
        "uwochentag": "3",
        "strzustand": "1",
        "istrad": "1",
        "istpkw": "1",
        "istfuss": "0",
        "istkrad": "0"
      }
    }
,
    {
      "type": "Feature",
      "geometry": { "type": "Point", "coordinates": [9.726992655000061, 52.366836995000028] },
      "properties": {
        "id": "130398",
        "name": "Unfall 130398 (2017) Kat:3",
        "year": 2017,
        "ulichtverh": "",
        "strasse": "",
        "ukategorie": "3",
        "utyp1": "3",
        "uart": "5",
        "umonat": "05",
        "ustunde": "17",
        "uwochentag": "2",
        "strzustand": "0",
        "istrad": "1",
        "istpkw": "1",
        "istfuss": "0",
        "istkrad": "0"
      }
    }
,
    {
      "type": "Feature",
      "geometry": { "type": "Point", "coordinates": [9.729723977000049, 52.369554874000073] },
      "properties": {
        "id": "130399",
        "name": "Unfall 130399 (2017) Kat:3",
        "year": 2017,
        "ulichtverh": "",
        "strasse": "",
        "ukategorie": "3",
        "utyp1": "2",
        "uart": "4",
        "umonat": "05",
        "ustunde": "14",
        "uwochentag": "2",
        "strzustand": "0",
        "istrad": "1",
        "istpkw": "1",
        "istfuss": "0",
        "istkrad": "0"
      }
    }
,
    {
      "type": "Feature",
      "geometry": { "type": "Point", "coordinates": [9.791069835000030, 52.412421324000036] },
      "properties": {
        "id": "130400",
        "name": "Unfall 130400 (2017) Kat:3",
        "year": 2017,
        "ulichtverh": "",
        "strasse": "",
        "ukategorie": "3",
        "utyp1": "3",
        "uart": "0",
        "umonat": "05",
        "ustunde": "14",
        "uwochentag": "2",
        "strzustand": "0",
        "istrad": "1",
        "istpkw": "1",
        "istfuss": "0",
        "istkrad": "0"
      }
    }
,
    {
      "type": "Feature",
      "geometry": { "type": "Point", "coordinates": [9.434600681000063, 52.423220074000028] },
      "properties": {
        "id": "130401",
        "name": "Unfall 130401 (2017) Kat:3",
        "year": 2017,
        "ulichtverh": "",
        "strasse": "",
        "ukategorie": "3",
        "utyp1": "7",
        "uart": "0",
        "umonat": "05",
        "ustunde": "09",
        "uwochentag": "2",
        "strzustand": "0",
        "istrad": "1",
        "istpkw": "0",
        "istfuss": "0",
        "istkrad": "0"
      }
    }
,
    {
      "type": "Feature",
      "geometry": { "type": "Point", "coordinates": [9.934770272000037, 52.320386696000071] },
      "properties": {
        "id": "130402",
        "name": "Unfall 130402 (2017) Kat:3",
        "year": 2017,
        "ulichtverh": "",
        "strasse": "",
        "ukategorie": "3",
        "utyp1": "3",
        "uart": "5",
        "umonat": "05",
        "ustunde": "17",
        "uwochentag": "2",
        "strzustand": "0",
        "istrad": "1",
        "istpkw": "1",
        "istfuss": "0",
        "istkrad": "0"
      }
    }
,
    {
      "type": "Feature",
      "geometry": { "type": "Point", "coordinates": [9.807446780000021, 52.391258571000037] },
      "properties": {
        "id": "130423",
        "name": "Unfall 130423 (2017) Kat:3",
        "year": 2017,
        "ulichtverh": "",
        "strasse": "",
        "ukategorie": "3",
        "utyp1": "7",
        "uart": "0",
        "umonat": "05",
        "ustunde": "13",
        "uwochentag": "1",
        "strzustand": "0",
        "istrad": "1",
        "istpkw": "0",
        "istfuss": "0",
        "istkrad": "0"
      }
    }
,
    {
      "type": "Feature",
      "geometry": { "type": "Point", "coordinates": [10.028896589000055, 52.522363614000028] },
      "properties": {
        "id": "130424",
        "name": "Unfall 130424 (2017) Kat:3",
        "year": 2017,
        "ulichtverh": "",
        "strasse": "",
        "ukategorie": "3",
        "utyp1": "1",
        "uart": "0",
        "umonat": "05",
        "ustunde": "20",
        "uwochentag": "1",
        "strzustand": "0",
        "istrad": "1",
        "istpkw": "0",
        "istfuss": "0",
        "istkrad": "0"
      }
    }
,
    {
      "type": "Feature",
      "geometry": { "type": "Point", "coordinates": [9.775798479000059, 52.336063536000040] },
      "properties": {
        "id": "130477",
        "name": "Unfall 130477 (2017) Kat:3",
        "year": 2017,
        "ulichtverh": "",
        "strasse": "",
        "ukategorie": "3",
        "utyp1": "1",
        "uart": "0",
        "umonat": "05",
        "ustunde": "15",
        "uwochentag": "6",
        "strzustand": "0",
        "istrad": "1",
        "istpkw": "0",
        "istfuss": "0",
        "istkrad": "0"
      }
    }
,
    {
      "type": "Feature",
      "geometry": { "type": "Point", "coordinates": [9.615703130000043, 52.249366477000081] },
      "properties": {
        "id": "130479",
        "name": "Unfall 130479 (2017) Kat:3",
        "year": 2017,
        "ulichtverh": "",
        "strasse": "",
        "ukategorie": "3",
        "utyp1": "1",
        "uart": "0",
        "umonat": "05",
        "ustunde": "22",
        "uwochentag": "6",
        "strzustand": "0",
        "istrad": "1",
        "istpkw": "0",
        "istfuss": "0",
        "istkrad": "0"
      }
    }
,
    {
      "type": "Feature",
      "geometry": { "type": "Point", "coordinates": [9.710722898000029, 52.367309969000075] },
      "properties": {
        "id": "130480",
        "name": "Unfall 130480 (2017) Kat:3",
        "year": 2017,
        "ulichtverh": "",
        "strasse": "",
        "ukategorie": "3",
        "utyp1": "1",
        "uart": "0",
        "umonat": "05",
        "ustunde": "17",
        "uwochentag": "6",
        "strzustand": "0",
        "istrad": "1",
        "istpkw": "0",
        "istfuss": "0",
        "istkrad": "0"
      }
    }
,
    {
      "type": "Feature",
      "geometry": { "type": "Point", "coordinates": [9.707002388000035, 52.375456955000061] },
      "properties": {
        "id": "130504",
        "name": "Unfall 130504 (2017) Kat:3",
        "year": 2017,
        "ulichtverh": "",
        "strasse": "",
        "ukategorie": "3",
        "utyp1": "5",
        "uart": "1",
        "umonat": "05",
        "ustunde": "13",
        "uwochentag": "5",
        "strzustand": "0",
        "istrad": "1",
        "istpkw": "1",
        "istfuss": "0",
        "istkrad": "0"
      }
    }
,
    {
      "type": "Feature",
      "geometry": { "type": "Point", "coordinates": [9.854535599000030, 52.369467893000035] },
      "properties": {
        "id": "130505",
        "name": "Unfall 130505 (2017) Kat:3",
        "year": 2017,
        "ulichtverh": "",
        "strasse": "",
        "ukategorie": "3",
        "utyp1": "7",
        "uart": "0",
        "umonat": "05",
        "ustunde": "13",
        "uwochentag": "5",
        "strzustand": "0",
        "istrad": "1",
        "istpkw": "0",
        "istfuss": "0",
        "istkrad": "0"
      }
    }
,
    {
      "type": "Feature",
      "geometry": { "type": "Point", "coordinates": [9.731756816000029, 52.373296732000028] },
      "properties": {
        "id": "130506",
        "name": "Unfall 130506 (2017) Kat:3",
        "year": 2017,
        "ulichtverh": "",
        "strasse": "",
        "ukategorie": "3",
        "utyp1": "6",
        "uart": "6",
        "umonat": "05",
        "ustunde": "17",
        "uwochentag": "5",
        "strzustand": "0",
        "istrad": "1",
        "istpkw": "0",
        "istfuss": "1",
        "istkrad": "0"
      }
    }
,
    {
      "type": "Feature",
      "geometry": { "type": "Point", "coordinates": [9.808982555000057, 52.298344936000035] },
      "properties": {
        "id": "130508",
        "name": "Unfall 130508 (2017) Kat:3",
        "year": 2017,
        "ulichtverh": "",
        "strasse": "",
        "ukategorie": "3",
        "utyp1": "6",
        "uart": "3",
        "umonat": "05",
        "ustunde": "21",
        "uwochentag": "5",
        "strzustand": "0",
        "istrad": "1",
        "istpkw": "0",
        "istfuss": "0",
        "istkrad": "0"
      }
    }
,
    {
      "type": "Feature",
      "geometry": { "type": "Point", "coordinates": [9.785672625000075, 52.309500425000067] },
      "properties": {
        "id": "130510",
        "name": "Unfall 130510 (2017) Kat:2",
        "year": 2017,
        "ulichtverh": "",
        "strasse": "",
        "ukategorie": "2",
        "utyp1": "1",
        "uart": "0",
        "umonat": "05",
        "ustunde": "10",
        "uwochentag": "5",
        "strzustand": "0",
        "istrad": "1",
        "istpkw": "0",
        "istfuss": "0",
        "istkrad": "0"
      }
    }
,
    {
      "type": "Feature",
      "geometry": { "type": "Point", "coordinates": [9.796359301000052, 52.376615690000051] },
      "properties": {
        "id": "130536",
        "name": "Unfall 130536 (2017) Kat:3",
        "year": 2017,
        "ulichtverh": "",
        "strasse": "",
        "ukategorie": "3",
        "utyp1": "5",
        "uart": "1",
        "umonat": "05",
        "ustunde": "19",
        "uwochentag": "4",
        "strzustand": "0",
        "istrad": "1",
        "istpkw": "1",
        "istfuss": "0",
        "istkrad": "0"
      }
    }
,
    {
      "type": "Feature",
      "geometry": { "type": "Point", "coordinates": [9.792487918000063, 52.397556290000068] },
      "properties": {
        "id": "130537",
        "name": "Unfall 130537 (2017) Kat:3",
        "year": 2017,
        "ulichtverh": "",
        "strasse": "",
        "ukategorie": "3",
        "utyp1": "3",
        "uart": "5",
        "umonat": "05",
        "ustunde": "09",
        "uwochentag": "4",
        "strzustand": "0",
        "istrad": "1",
        "istpkw": "1",
        "istfuss": "0",
        "istkrad": "0"
      }
    }
,
    {
      "type": "Feature",
      "geometry": { "type": "Point", "coordinates": [9.745236616000057, 52.385365501000081] },
      "properties": {
        "id": "130538",
        "name": "Unfall 130538 (2017) Kat:3",
        "year": 2017,
        "ulichtverh": "",
        "strasse": "",
        "ukategorie": "3",
        "utyp1": "6",
        "uart": "2",
        "umonat": "05",
        "ustunde": "17",
        "uwochentag": "4",
        "strzustand": "0",
        "istrad": "1",
        "istpkw": "1",
        "istfuss": "0",
        "istkrad": "0"
      }
    }
,
    {
      "type": "Feature",
      "geometry": { "type": "Point", "coordinates": [9.732186669000043, 52.547574724000071] },
      "properties": {
        "id": "130540",
        "name": "Unfall 130540 (2017) Kat:3",
        "year": 2017,
        "ulichtverh": "",
        "strasse": "",
        "ukategorie": "3",
        "utyp1": "3",
        "uart": "5",
        "umonat": "05",
        "ustunde": "07",
        "uwochentag": "4",
        "strzustand": "0",
        "istrad": "1",
        "istpkw": "1",
        "istfuss": "0",
        "istkrad": "0"
      }
    }
,
    {
      "type": "Feature",
      "geometry": { "type": "Point", "coordinates": [9.778297554000062, 52.361632490000034] },
      "properties": {
        "id": "130543",
        "name": "Unfall 130543 (2017) Kat:3",
        "year": 2017,
        "ulichtverh": "",
        "strasse": "",
        "ukategorie": "3",
        "utyp1": "7",
        "uart": "0",
        "umonat": "05",
        "ustunde": "08",
        "uwochentag": "4",
        "strzustand": "0",
        "istrad": "1",
        "istpkw": "0",
        "istfuss": "0",
        "istkrad": "0"
      }
    }
,
    {
      "type": "Feature",
      "geometry": { "type": "Point", "coordinates": [9.974798849000024, 52.379212051000081] },
      "properties": {
        "id": "130559",
        "name": "Unfall 130559 (2017) Kat:3",
        "year": 2017,
        "ulichtverh": "",
        "strasse": "",
        "ukategorie": "3",
        "utyp1": "3",
        "uart": "5",
        "umonat": "06",
        "ustunde": "13",
        "uwochentag": "5",
        "strzustand": "0",
        "istrad": "1",
        "istpkw": "1",
        "istfuss": "0",
        "istkrad": "0"
      }
    }
,
    {
      "type": "Feature",
      "geometry": { "type": "Point", "coordinates": [9.729740357000026, 52.376407226000026] },
      "properties": {
        "id": "130561",
        "name": "Unfall 130561 (2017) Kat:3",
        "year": 2017,
        "ulichtverh": "",
        "strasse": "",
        "ukategorie": "3",
        "utyp1": "3",
        "uart": "5",
        "umonat": "06",
        "ustunde": "09",
        "uwochentag": "5",
        "strzustand": "1",
        "istrad": "1",
        "istpkw": "0",
        "istfuss": "0",
        "istkrad": "0"
      }
    }
,
    {
      "type": "Feature",
      "geometry": { "type": "Point", "coordinates": [9.723855272000037, 52.346996492000073] },
      "properties": {
        "id": "130590",
        "name": "Unfall 130590 (2017) Kat:3",
        "year": 2017,
        "ulichtverh": "",
        "strasse": "",
        "ukategorie": "3",
        "utyp1": "3",
        "uart": "5",
        "umonat": "06",
        "ustunde": "11",
        "uwochentag": "4",
        "strzustand": "0",
        "istrad": "1",
        "istpkw": "1",
        "istfuss": "0",
        "istkrad": "0"
      }
    }
,
    {
      "type": "Feature",
      "geometry": { "type": "Point", "coordinates": [9.744692893000035, 52.380751612000040] },
      "properties": {
        "id": "130632",
        "name": "Unfall 130632 (2017) Kat:3",
        "year": 2017,
        "ulichtverh": "",
        "strasse": "",
        "ukategorie": "3",
        "utyp1": "3",
        "uart": "5",
        "umonat": "06",
        "ustunde": "17",
        "uwochentag": "3",
        "strzustand": "0",
        "istrad": "1",
        "istpkw": "1",
        "istfuss": "0",
        "istkrad": "0"
      }
    }
,
    {
      "type": "Feature",
      "geometry": { "type": "Point", "coordinates": [9.790331221000031, 52.383234861000062] },
      "properties": {
        "id": "130658",
        "name": "Unfall 130658 (2017) Kat:3",
        "year": 2017,
        "ulichtverh": "",
        "strasse": "",
        "ukategorie": "3",
        "utyp1": "7",
        "uart": "8",
        "umonat": "06",
        "ustunde": "13",
        "uwochentag": "2",
        "strzustand": "0",
        "istrad": "1",
        "istpkw": "0",
        "istfuss": "0",
        "istkrad": "0"
      }
    }
,
    {
      "type": "Feature",
      "geometry": { "type": "Point", "coordinates": [9.800399347000052, 52.335122084000034] },
      "properties": {
        "id": "130659",
        "name": "Unfall 130659 (2017) Kat:3",
        "year": 2017,
        "ulichtverh": "",
        "strasse": "",
        "ukategorie": "3",
        "utyp1": "2",
        "uart": "5",
        "umonat": "06",
        "ustunde": "18",
        "uwochentag": "2",
        "strzustand": "0",
        "istrad": "1",
        "istpkw": "1",
        "istfuss": "0",
        "istkrad": "0"
      }
    }
,
    {
      "type": "Feature",
      "geometry": { "type": "Point", "coordinates": [9.697273073000076, 52.421979091000026] },
      "properties": {
        "id": "130661",
        "name": "Unfall 130661 (2017) Kat:3",
        "year": 2017,
        "ulichtverh": "",
        "strasse": "",
        "ukategorie": "3",
        "utyp1": "6",
        "uart": "4",
        "umonat": "06",
        "ustunde": "16",
        "uwochentag": "2",
        "strzustand": "0",
        "istrad": "1",
        "istpkw": "0",
        "istfuss": "0",
        "istkrad": "0"
      }
    }
,
    {
      "type": "Feature",
      "geometry": { "type": "Point", "coordinates": [9.862201024000058, 52.361714460000030] },
      "properties": {
        "id": "130662",
        "name": "Unfall 130662 (2017) Kat:2",
        "year": 2017,
        "ulichtverh": "",
        "strasse": "",
        "ukategorie": "2",
        "utyp1": "7",
        "uart": "0",
        "umonat": "06",
        "ustunde": "16",
        "uwochentag": "2",
        "strzustand": "0",
        "istrad": "1",
        "istpkw": "0",
        "istfuss": "0",
        "istkrad": "0"
      }
    }
,
    {
      "type": "Feature",
      "geometry": { "type": "Point", "coordinates": [9.744246327000042, 52.377422349000028] },
      "properties": {
        "id": "130663",
        "name": "Unfall 130663 (2017) Kat:3",
        "year": 2017,
        "ulichtverh": "",
        "strasse": "",
        "ukategorie": "3",
        "utyp1": "2",
        "uart": "5",
        "umonat": "06",
        "ustunde": "16",
        "uwochentag": "2",
        "strzustand": "0",
        "istrad": "1",
        "istpkw": "1",
        "istfuss": "0",
        "istkrad": "0"
      }
    }
,
    {
      "type": "Feature",
      "geometry": { "type": "Point", "coordinates": [9.708728945000075, 52.380186332000051] },
      "properties": {
        "id": "130664",
        "name": "Unfall 130664 (2017) Kat:2",
        "year": 2017,
        "ulichtverh": "",
        "strasse": "",
        "ukategorie": "2",
        "utyp1": "6",
        "uart": "6",
        "umonat": "06",
        "ustunde": "13",
        "uwochentag": "2",
        "strzustand": "0",
        "istrad": "1",
        "istpkw": "0",
        "istfuss": "1",
        "istkrad": "0"
      }
    }
,
    {
      "type": "Feature",
      "geometry": { "type": "Point", "coordinates": [9.721199391000027, 52.360749912000074] },
      "properties": {
        "id": "130700",
        "name": "Unfall 130700 (2017) Kat:3",
        "year": 2017,
        "ulichtverh": "",
        "strasse": "",
        "ukategorie": "3",
        "utyp1": "3",
        "uart": "5",
        "umonat": "06",
        "ustunde": "17",
        "uwochentag": "7",
        "strzustand": "0",
        "istrad": "1",
        "istpkw": "1",
        "istfuss": "0",
        "istkrad": "0"
      }
    }
,
    {
      "type": "Feature",
      "geometry": { "type": "Point", "coordinates": [9.590287097000044, 52.396304956000051] },
      "properties": {
        "id": "130701",
        "name": "Unfall 130701 (2017) Kat:3",
        "year": 2017,
        "ulichtverh": "",
        "strasse": "",
        "ukategorie": "3",
        "utyp1": "6",
        "uart": "2",
        "umonat": "06",
        "ustunde": "11",
        "uwochentag": "7",
        "strzustand": "0",
        "istrad": "1",
        "istpkw": "1",
        "istfuss": "0",
        "istkrad": "0"
      }
    }
,
    {
      "type": "Feature",
      "geometry": { "type": "Point", "coordinates": [9.754607575000023, 52.439809737000076] },
      "properties": {
        "id": "130702",
        "name": "Unfall 130702 (2017) Kat:3",
        "year": 2017,
        "ulichtverh": "",
        "strasse": "",
        "ukategorie": "3",
        "utyp1": "3",
        "uart": "5",
        "umonat": "06",
        "ustunde": "11",
        "uwochentag": "7",
        "strzustand": "0",
        "istrad": "1",
        "istpkw": "1",
        "istfuss": "0",
        "istkrad": "0"
      }
    }
,
    {
      "type": "Feature",
      "geometry": { "type": "Point", "coordinates": [9.615696338000021, 52.443888779000076] },
      "properties": {
        "id": "130730",
        "name": "Unfall 130730 (2017) Kat:3",
        "year": 2017,
        "ulichtverh": "",
        "strasse": "",
        "ukategorie": "3",
        "utyp1": "3",
        "uart": "5",
        "umonat": "06",
        "ustunde": "14",
        "uwochentag": "6",
        "strzustand": "0",
        "istrad": "1",
        "istpkw": "1",
        "istfuss": "0",
        "istkrad": "0"
      }
    }
,
    {
      "type": "Feature",
      "geometry": { "type": "Point", "coordinates": [10.009837759000050, 52.436855492000063] },
      "properties": {
        "id": "130732",
        "name": "Unfall 130732 (2017) Kat:3",
        "year": 2017,
        "ulichtverh": "",
        "strasse": "",
        "ukategorie": "3",
        "utyp1": "5",
        "uart": "1",
        "umonat": "06",
        "ustunde": "12",
        "uwochentag": "6",
        "strzustand": "0",
        "istrad": "1",
        "istpkw": "1",
        "istfuss": "0",
        "istkrad": "0"
      }
    }
,
    {
      "type": "Feature",
      "geometry": { "type": "Point", "coordinates": [9.747116322000068, 52.365289636000057] },
      "properties": {
        "id": "130734",
        "name": "Unfall 130734 (2017) Kat:3",
        "year": 2017,
        "ulichtverh": "",
        "strasse": "",
        "ukategorie": "3",
        "utyp1": "3",
        "uart": "5",
        "umonat": "06",
        "ustunde": "13",
        "uwochentag": "6",
        "strzustand": "0",
        "istrad": "1",
        "istpkw": "1",
        "istfuss": "0",
        "istkrad": "0"
      }
    }
,
    {
      "type": "Feature",
      "geometry": { "type": "Point", "coordinates": [9.686333425000044, 52.364780237000048] },
      "properties": {
        "id": "130735",
        "name": "Unfall 130735 (2017) Kat:2",
        "year": 2017,
        "ulichtverh": "",
        "strasse": "",
        "ukategorie": "2",
        "utyp1": "2",
        "uart": "5",
        "umonat": "06",
        "ustunde": "11",
        "uwochentag": "6",
        "strzustand": "0",
        "istrad": "1",
        "istpkw": "1",
        "istfuss": "0",
        "istkrad": "0"
      }
    }
,
    {
      "type": "Feature",
      "geometry": { "type": "Point", "coordinates": [9.786325535000060, 52.374937454000076] },
      "properties": {
        "id": "130736",
        "name": "Unfall 130736 (2017) Kat:3",
        "year": 2017,
        "ulichtverh": "",
        "strasse": "",
        "ukategorie": "3",
        "utyp1": "2",
        "uart": "5",
        "umonat": "06",
        "ustunde": "09",
        "uwochentag": "6",
        "strzustand": "0",
        "istrad": "1",
        "istpkw": "0",
        "istfuss": "0",
        "istkrad": "0"
      }
    }
,
    {
      "type": "Feature",
      "geometry": { "type": "Point", "coordinates": [9.734211235000032, 52.377612149000072] },
      "properties": {
        "id": "130737",
        "name": "Unfall 130737 (2017) Kat:2",
        "year": 2017,
        "ulichtverh": "",
        "strasse": "",
        "ukategorie": "2",
        "utyp1": "1",
        "uart": "0",
        "umonat": "06",
        "ustunde": "01",
        "uwochentag": "6",
        "strzustand": "0",
        "istrad": "1",
        "istpkw": "1",
        "istfuss": "0",
        "istkrad": "0"
      }
    }
,
    {
      "type": "Feature",
      "geometry": { "type": "Point", "coordinates": [9.702257874000054, 52.328906227000061] },
      "properties": {
        "id": "130775",
        "name": "Unfall 130775 (2017) Kat:3",
        "year": 2017,
        "ulichtverh": "",
        "strasse": "",
        "ukategorie": "3",
        "utyp1": "3",
        "uart": "5",
        "umonat": "06",
        "ustunde": "07",
        "uwochentag": "5",
        "strzustand": "0",
        "istrad": "1",
        "istpkw": "1",
        "istfuss": "0",
        "istkrad": "0"
      }
    }
,
    {
      "type": "Feature",
      "geometry": { "type": "Point", "coordinates": [9.773424593000073, 52.350707665000073] },
      "properties": {
        "id": "130777",
        "name": "Unfall 130777 (2017) Kat:3",
        "year": 2017,
        "ulichtverh": "",
        "strasse": "",
        "ukategorie": "3",
        "utyp1": "2",
        "uart": "0",
        "umonat": "06",
        "ustunde": "07",
        "uwochentag": "5",
        "strzustand": "0",
        "istrad": "1",
        "istpkw": "1",
        "istfuss": "0",
        "istkrad": "0"
      }
    }
,
    {
      "type": "Feature",
      "geometry": { "type": "Point", "coordinates": [9.791582879000032, 52.403249601000027] },
      "properties": {
        "id": "130778",
        "name": "Unfall 130778 (2017) Kat:3",
        "year": 2017,
        "ulichtverh": "",
        "strasse": "",
        "ukategorie": "3",
        "utyp1": "2",
        "uart": "5",
        "umonat": "06",
        "ustunde": "09",
        "uwochentag": "5",
        "strzustand": "0",
        "istrad": "1",
        "istpkw": "1",
        "istfuss": "0",
        "istkrad": "0"
      }
    }
,
    {
      "type": "Feature",
      "geometry": { "type": "Point", "coordinates": [9.555649631000051, 52.204272167000056] },
      "properties": {
        "id": "130780",
        "name": "Unfall 130780 (2017) Kat:3",
        "year": 2017,
        "ulichtverh": "",
        "strasse": "",
        "ukategorie": "3",
        "utyp1": "3",
        "uart": "5",
        "umonat": "06",
        "ustunde": "07",
        "uwochentag": "5",
        "strzustand": "0",
        "istrad": "1",
        "istpkw": "1",
        "istfuss": "0",
        "istkrad": "0"
      }
    }
,
    {
      "type": "Feature",
      "geometry": { "type": "Point", "coordinates": [9.980691818000025, 52.375394257000039] },
      "properties": {
        "id": "130781",
        "name": "Unfall 130781 (2017) Kat:3",
        "year": 2017,
        "ulichtverh": "",
        "strasse": "",
        "ukategorie": "3",
        "utyp1": "3",
        "uart": "5",
        "umonat": "06",
        "ustunde": "12",
        "uwochentag": "5",
        "strzustand": "0",
        "istrad": "1",
        "istpkw": "1",
        "istfuss": "0",
        "istkrad": "0"
      }
    }
,
    {
      "type": "Feature",
      "geometry": { "type": "Point", "coordinates": [9.720690375000061, 52.436280276000048] },
      "properties": {
        "id": "130782",
        "name": "Unfall 130782 (2017) Kat:3",
        "year": 2017,
        "ulichtverh": "",
        "strasse": "",
        "ukategorie": "3",
        "utyp1": "6",
        "uart": "4",
        "umonat": "06",
        "ustunde": "15",
        "uwochentag": "5",
        "strzustand": "0",
        "istrad": "1",
        "istpkw": "0",
        "istfuss": "0",
        "istkrad": "0"
      }
    }
,
    {
      "type": "Feature",
      "geometry": { "type": "Point", "coordinates": [9.731672248000052, 52.370955168000080] },
      "properties": {
        "id": "130783",
        "name": "Unfall 130783 (2017) Kat:3",
        "year": 2017,
        "ulichtverh": "",
        "strasse": "",
        "ukategorie": "3",
        "utyp1": "3",
        "uart": "5",
        "umonat": "06",
        "ustunde": "10",
        "uwochentag": "5",
        "strzustand": "0",
        "istrad": "1",
        "istpkw": "0",
        "istfuss": "0",
        "istkrad": "0"
      }
    }
,
    {
      "type": "Feature",
      "geometry": { "type": "Point", "coordinates": [9.787293494000039, 52.348639810000066] },
      "properties": {
        "id": "130816",
        "name": "Unfall 130816 (2017) Kat:3",
        "year": 2017,
        "ulichtverh": "",
        "strasse": "",
        "ukategorie": "3",
        "utyp1": "7",
        "uart": "0",
        "umonat": "06",
        "ustunde": "06",
        "uwochentag": "6",
        "strzustand": "0",
        "istrad": "1",
        "istpkw": "0",
        "istfuss": "1",
        "istkrad": "0"
      }
    }
,
    {
      "type": "Feature",
      "geometry": { "type": "Point", "coordinates": [9.746862209000028, 52.392661964000069] },
      "properties": {
        "id": "130817",
        "name": "Unfall 130817 (2017) Kat:3",
        "year": 2017,
        "ulichtverh": "",
        "strasse": "",
        "ukategorie": "3",
        "utyp1": "2",
        "uart": "5",
        "umonat": "06",
        "ustunde": "12",
        "uwochentag": "6",
        "strzustand": "0",
        "istrad": "1",
        "istpkw": "1",
        "istfuss": "0",
        "istkrad": "0"
      }
    }
,
    {
      "type": "Feature",
      "geometry": { "type": "Point", "coordinates": [9.750549734000060, 52.379827533000082] },
      "properties": {
        "id": "130818",
        "name": "Unfall 130818 (2017) Kat:3",
        "year": 2017,
        "ulichtverh": "",
        "strasse": "",
        "ukategorie": "3",
        "utyp1": "7",
        "uart": "3",
        "umonat": "06",
        "ustunde": "08",
        "uwochentag": "6",
        "strzustand": "0",
        "istrad": "1",
        "istpkw": "1",
        "istfuss": "0",
        "istkrad": "0"
      }
    }
,
    {
      "type": "Feature",
      "geometry": { "type": "Point", "coordinates": [9.693285905000039, 52.364746085000036] },
      "properties": {
        "id": "130819",
        "name": "Unfall 130819 (2017) Kat:3",
        "year": 2017,
        "ulichtverh": "",
        "strasse": "",
        "ukategorie": "3",
        "utyp1": "1",
        "uart": "0",
        "umonat": "06",
        "ustunde": "16",
        "uwochentag": "6",
        "strzustand": "0",
        "istrad": "1",
        "istpkw": "0",
        "istfuss": "0",
        "istkrad": "0"
      }
    }
,
    {
      "type": "Feature",
      "geometry": { "type": "Point", "coordinates": [9.729861569000036, 52.548914405000062] },
      "properties": {
        "id": "130820",
        "name": "Unfall 130820 (2017) Kat:3",
        "year": 2017,
        "ulichtverh": "",
        "strasse": "",
        "ukategorie": "3",
        "utyp1": "3",
        "uart": "0",
        "umonat": "06",
        "ustunde": "10",
        "uwochentag": "6",
        "strzustand": "0",
        "istrad": "1",
        "istpkw": "1",
        "istfuss": "0",
        "istkrad": "0"
      }
    }
,
    {
      "type": "Feature",
      "geometry": { "type": "Point", "coordinates": [9.705186736000030, 52.435998554000037] },
      "properties": {
        "id": "130821",
        "name": "Unfall 130821 (2017) Kat:3",
        "year": 2017,
        "ulichtverh": "",
        "strasse": "",
        "ukategorie": "3",
        "utyp1": "3",
        "uart": "5",
        "umonat": "06",
        "ustunde": "08",
        "uwochentag": "6",
        "strzustand": "0",
        "istrad": "1",
        "istpkw": "0",
        "istfuss": "0",
        "istkrad": "0"
      }
    }
,
    {
      "type": "Feature",
      "geometry": { "type": "Point", "coordinates": [9.832173894000050, 52.347173897000062] },
      "properties": {
        "id": "130860",
        "name": "Unfall 130860 (2017) Kat:3",
        "year": 2017,
        "ulichtverh": "",
        "strasse": "",
        "ukategorie": "3",
        "utyp1": "1",
        "uart": "4",
        "umonat": "06",
        "ustunde": "12",
        "uwochentag": "5",
        "strzustand": "0",
        "istrad": "1",
        "istpkw": "1",
        "istfuss": "0",
        "istkrad": "0"
      }
    }
,
    {
      "type": "Feature",
      "geometry": { "type": "Point", "coordinates": [9.724431307000032, 52.550329193000039] },
      "properties": {
        "id": "130864",
        "name": "Unfall 130864 (2017) Kat:3",
        "year": 2017,
        "ulichtverh": "",
        "strasse": "",
        "ukategorie": "3",
        "utyp1": "3",
        "uart": "5",
        "umonat": "06",
        "ustunde": "19",
        "uwochentag": "5",
        "strzustand": "1",
        "istrad": "1",
        "istpkw": "1",
        "istfuss": "0",
        "istkrad": "0"
      }
    }
,
    {
      "type": "Feature",
      "geometry": { "type": "Point", "coordinates": [9.744634751000035, 52.395168970000043] },
      "properties": {
        "id": "130866",
        "name": "Unfall 130866 (2017) Kat:3",
        "year": 2017,
        "ulichtverh": "",
        "strasse": "",
        "ukategorie": "3",
        "utyp1": "2",
        "uart": "5",
        "umonat": "06",
        "ustunde": "10",
        "uwochentag": "5",
        "strzustand": "0",
        "istrad": "1",
        "istpkw": "1",
        "istfuss": "0",
        "istkrad": "0"
      }
    }
,
    {
      "type": "Feature",
      "geometry": { "type": "Point", "coordinates": [9.747875357000055, 52.395241879000082] },
      "properties": {
        "id": "130867",
        "name": "Unfall 130867 (2017) Kat:3",
        "year": 2017,
        "ulichtverh": "",
        "strasse": "",
        "ukategorie": "3",
        "utyp1": "2",
        "uart": "5",
        "umonat": "06",
        "ustunde": "07",
        "uwochentag": "5",
        "strzustand": "0",
        "istrad": "1",
        "istpkw": "1",
        "istfuss": "0",
        "istkrad": "0"
      }
    }
,
    {
      "type": "Feature",
      "geometry": { "type": "Point", "coordinates": [9.751836446000027, 52.386049984000067] },
      "properties": {
        "id": "130868",
        "name": "Unfall 130868 (2017) Kat:2",
        "year": 2017,
        "ulichtverh": "",
        "strasse": "",
        "ukategorie": "2",
        "utyp1": "3",
        "uart": "5",
        "umonat": "06",
        "ustunde": "08",
        "uwochentag": "5",
        "strzustand": "0",
        "istrad": "1",
        "istpkw": "0",
        "istfuss": "0",
        "istkrad": "0"
      }
    }
,
    {
      "type": "Feature",
      "geometry": { "type": "Point", "coordinates": [9.980170916000077, 52.370718363000037] },
      "properties": {
        "id": "130899",
        "name": "Unfall 130899 (2017) Kat:3",
        "year": 2017,
        "ulichtverh": "",
        "strasse": "",
        "ukategorie": "3",
        "utyp1": "2",
        "uart": "3",
        "umonat": "06",
        "ustunde": "13",
        "uwochentag": "4",
        "strzustand": "0",
        "istrad": "1",
        "istpkw": "0",
        "istfuss": "0",
        "istkrad": "0"
      }
    }
,
    {
      "type": "Feature",
      "geometry": { "type": "Point", "coordinates": [9.713811455000041, 52.371269839000036] },
      "properties": {
        "id": "130900",
        "name": "Unfall 130900 (2017) Kat:3",
        "year": 2017,
        "ulichtverh": "",
        "strasse": "",
        "ukategorie": "3",
        "utyp1": "3",
        "uart": "0",
        "umonat": "06",
        "ustunde": "09",
        "uwochentag": "4",
        "strzustand": "0",
        "istrad": "1",
        "istpkw": "0",
        "istfuss": "0",
        "istkrad": "1"
      }
    }
,
    {
      "type": "Feature",
      "geometry": { "type": "Point", "coordinates": [9.774674002000040, 52.363897446000067] },
      "properties": {
        "id": "130901",
        "name": "Unfall 130901 (2017) Kat:3",
        "year": 2017,
        "ulichtverh": "",
        "strasse": "",
        "ukategorie": "3",
        "utyp1": "3",
        "uart": "5",
        "umonat": "06",
        "ustunde": "12",
        "uwochentag": "4",
        "strzustand": "0",
        "istrad": "1",
        "istpkw": "1",
        "istfuss": "0",
        "istkrad": "0"
      }
    }
,
    {
      "type": "Feature",
      "geometry": { "type": "Point", "coordinates": [9.696192265000036, 52.393376008000075] },
      "properties": {
        "id": "130902",
        "name": "Unfall 130902 (2017) Kat:3",
        "year": 2017,
        "ulichtverh": "",
        "strasse": "",
        "ukategorie": "3",
        "utyp1": "6",
        "uart": "4",
        "umonat": "06",
        "ustunde": "11",
        "uwochentag": "4",
        "strzustand": "0",
        "istrad": "1",
        "istpkw": "0",
        "istfuss": "0",
        "istkrad": "0"
      }
    }
,
    {
      "type": "Feature",
      "geometry": { "type": "Point", "coordinates": [9.855629328000021, 52.393185385000038] },
      "properties": {
        "id": "130931",
        "name": "Unfall 130931 (2017) Kat:3",
        "year": 2017,
        "ulichtverh": "",
        "strasse": "",
        "ukategorie": "3",
        "utyp1": "3",
        "uart": "5",
        "umonat": "06",
        "ustunde": "16",
        "uwochentag": "3",
        "strzustand": "0",
        "istrad": "1",
        "istpkw": "1",
        "istfuss": "0",
        "istkrad": "0"
      }
    }
,
    {
      "type": "Feature",
      "geometry": { "type": "Point", "coordinates": [9.751873120000028, 52.392647912000029] },
      "properties": {
        "id": "130932",
        "name": "Unfall 130932 (2017) Kat:3",
        "year": 2017,
        "ulichtverh": "",
        "strasse": "",
        "ukategorie": "3",
        "utyp1": "2",
        "uart": "6",
        "umonat": "06",
        "ustunde": "19",
        "uwochentag": "3",
        "strzustand": "0",
        "istrad": "1",
        "istpkw": "0",
        "istfuss": "1",
        "istkrad": "0"
      }
    }
,
    {
      "type": "Feature",
      "geometry": { "type": "Point", "coordinates": [9.744888346000039, 52.374708476000080] },
      "properties": {
        "id": "130933",
        "name": "Unfall 130933 (2017) Kat:3",
        "year": 2017,
        "ulichtverh": "",
        "strasse": "",
        "ukategorie": "3",
        "utyp1": "2",
        "uart": "5",
        "umonat": "06",
        "ustunde": "14",
        "uwochentag": "3",
        "strzustand": "0",
        "istrad": "1",
        "istpkw": "1",
        "istfuss": "0",
        "istkrad": "0"
      }
    }
,
    {
      "type": "Feature",
      "geometry": { "type": "Point", "coordinates": [9.692694050000057, 52.396664764000036] },
      "properties": {
        "id": "130934",
        "name": "Unfall 130934 (2017) Kat:3",
        "year": 2017,
        "ulichtverh": "",
        "strasse": "",
        "ukategorie": "3",
        "utyp1": "3",
        "uart": "5",
        "umonat": "06",
        "ustunde": "13",
        "uwochentag": "3",
        "strzustand": "0",
        "istrad": "1",
        "istpkw": "1",
        "istfuss": "0",
        "istkrad": "0"
      }
    }
,
    {
      "type": "Feature",
      "geometry": { "type": "Point", "coordinates": [9.799007708000033, 52.376516778000052] },
      "properties": {
        "id": "130935",
        "name": "Unfall 130935 (2017) Kat:3",
        "year": 2017,
        "ulichtverh": "",
        "strasse": "",
        "ukategorie": "3",
        "utyp1": "3",
        "uart": "5",
        "umonat": "06",
        "ustunde": "05",
        "uwochentag": "3",
        "strzustand": "0",
        "istrad": "1",
        "istpkw": "0",
        "istfuss": "0",
        "istkrad": "0"
      }
    }
,
    {
      "type": "Feature",
      "geometry": { "type": "Point", "coordinates": [9.685277279000047, 52.394693418000031] },
      "properties": {
        "id": "130960",
        "name": "Unfall 130960 (2017) Kat:3",
        "year": 2017,
        "ulichtverh": "",
        "strasse": "",
        "ukategorie": "3",
        "utyp1": "3",
        "uart": "5",
        "umonat": "06",
        "ustunde": "10",
        "uwochentag": "2",
        "strzustand": "0",
        "istrad": "1",
        "istpkw": "1",
        "istfuss": "0",
        "istkrad": "0"
      }
    }
,
    {
      "type": "Feature",
      "geometry": { "type": "Point", "coordinates": [9.720769733000054, 52.390120127000046] },
      "properties": {
        "id": "130962",
        "name": "Unfall 130962 (2017) Kat:3",
        "year": 2017,
        "ulichtverh": "",
        "strasse": "",
        "ukategorie": "3",
        "utyp1": "5",
        "uart": "1",
        "umonat": "06",
        "ustunde": "09",
        "uwochentag": "2",
        "strzustand": "0",
        "istrad": "1",
        "istpkw": "1",
        "istfuss": "0",
        "istkrad": "0"
      }
    }
,
    {
      "type": "Feature",
      "geometry": { "type": "Point", "coordinates": [9.762298620000024, 52.410288863000062] },
      "properties": {
        "id": "130963",
        "name": "Unfall 130963 (2017) Kat:3",
        "year": 2017,
        "ulichtverh": "",
        "strasse": "",
        "ukategorie": "3",
        "utyp1": "7",
        "uart": "0",
        "umonat": "06",
        "ustunde": "18",
        "uwochentag": "2",
        "strzustand": "0",
        "istrad": "1",
        "istpkw": "0",
        "istfuss": "0",
        "istkrad": "0"
      }
    }
,
    {
      "type": "Feature",
      "geometry": { "type": "Point", "coordinates": [9.729144688000076, 52.410785898000029] },
      "properties": {
        "id": "130964",
        "name": "Unfall 130964 (2017) Kat:3",
        "year": 2017,
        "ulichtverh": "",
        "strasse": "",
        "ukategorie": "3",
        "utyp1": "6",
        "uart": "2",
        "umonat": "06",
        "ustunde": "15",
        "uwochentag": "2",
        "strzustand": "0",
        "istrad": "1",
        "istpkw": "0",
        "istfuss": "0",
        "istkrad": "0"
      }
    }
,
    {
      "type": "Feature",
      "geometry": { "type": "Point", "coordinates": [9.854318948000071, 52.391485543000044] },
      "properties": {
        "id": "130987",
        "name": "Unfall 130987 (2017) Kat:3",
        "year": 2017,
        "ulichtverh": "",
        "strasse": "",
        "ukategorie": "3",
        "utyp1": "7",
        "uart": "0",
        "umonat": "06",
        "ustunde": "16",
        "uwochentag": "1",
        "strzustand": "0",
        "istrad": "1",
        "istpkw": "0",
        "istfuss": "0",
        "istkrad": "0"
      }
    }
,
    {
      "type": "Feature",
      "geometry": { "type": "Point", "coordinates": [9.717073169000059, 52.344901338000057] },
      "properties": {
        "id": "131006",
        "name": "Unfall 131006 (2017) Kat:3",
        "year": 2017,
        "ulichtverh": "",
        "strasse": "",
        "ukategorie": "3",
        "utyp1": "2",
        "uart": "5",
        "umonat": "06",
        "ustunde": "19",
        "uwochentag": "7",
        "strzustand": "0",
        "istrad": "1",
        "istpkw": "1",
        "istfuss": "0",
        "istkrad": "0"
      }
    }
,
    {
      "type": "Feature",
      "geometry": { "type": "Point", "coordinates": [9.731981898000072, 52.547648669000068] },
      "properties": {
        "id": "131008",
        "name": "Unfall 131008 (2017) Kat:3",
        "year": 2017,
        "ulichtverh": "",
        "strasse": "",
        "ukategorie": "3",
        "utyp1": "3",
        "uart": "0",
        "umonat": "06",
        "ustunde": "07",
        "uwochentag": "7",
        "strzustand": "0",
        "istrad": "1",
        "istpkw": "1",
        "istfuss": "0",
        "istkrad": "0"
      }
    }
,
    {
      "type": "Feature",
      "geometry": { "type": "Point", "coordinates": [9.702377220000074, 52.328911526000070] },
      "properties": {
        "id": "131036",
        "name": "Unfall 131036 (2017) Kat:3",
        "year": 2017,
        "ulichtverh": "",
        "strasse": "",
        "ukategorie": "3",
        "utyp1": "3",
        "uart": "5",
        "umonat": "06",
        "ustunde": "16",
        "uwochentag": "6",
        "strzustand": "1",
        "istrad": "1",
        "istpkw": "1",
        "istfuss": "0",
        "istkrad": "0"
      }
    }
,
    {
      "type": "Feature",
      "geometry": { "type": "Point", "coordinates": [9.719974777000061, 52.373540206000030] },
      "properties": {
        "id": "131037",
        "name": "Unfall 131037 (2017) Kat:3",
        "year": 2017,
        "ulichtverh": "",
        "strasse": "",
        "ukategorie": "3",
        "utyp1": "1",
        "uart": "0",
        "umonat": "06",
        "ustunde": "16",
        "uwochentag": "6",
        "strzustand": "1",
        "istrad": "1",
        "istpkw": "0",
        "istfuss": "0",
        "istkrad": "0"
      }
    }
,
    {
      "type": "Feature",
      "geometry": { "type": "Point", "coordinates": [9.755694327000072, 52.376340104000064] },
      "properties": {
        "id": "131038",
        "name": "Unfall 131038 (2017) Kat:3",
        "year": 2017,
        "ulichtverh": "",
        "strasse": "",
        "ukategorie": "3",
        "utyp1": "6",
        "uart": "4",
        "umonat": "06",
        "ustunde": "13",
        "uwochentag": "6",
        "strzustand": "0",
        "istrad": "1",
        "istpkw": "1",
        "istfuss": "0",
        "istkrad": "0"
      }
    }
,
    {
      "type": "Feature",
      "geometry": { "type": "Point", "coordinates": [9.803438509000046, 52.411177361000057] },
      "properties": {
        "id": "131042",
        "name": "Unfall 131042 (2017) Kat:3",
        "year": 2017,
        "ulichtverh": "",
        "strasse": "",
        "ukategorie": "3",
        "utyp1": "3",
        "uart": "5",
        "umonat": "06",
        "ustunde": "15",
        "uwochentag": "6",
        "strzustand": "0",
        "istrad": "1",
        "istpkw": "1",
        "istfuss": "0",
        "istkrad": "0"
      }
    }
,
    {
      "type": "Feature",
      "geometry": { "type": "Point", "coordinates": [9.804233851000049, 52.391233390000082] },
      "properties": {
        "id": "131077",
        "name": "Unfall 131077 (2017) Kat:3",
        "year": 2017,
        "ulichtverh": "",
        "strasse": "",
        "ukategorie": "3",
        "utyp1": "2",
        "uart": "2",
        "umonat": "06",
        "ustunde": "08",
        "uwochentag": "5",
        "strzustand": "1",
        "istrad": "1",
        "istpkw": "1",
        "istfuss": "0",
        "istkrad": "0"
      }
    }
,
    {
      "type": "Feature",
      "geometry": { "type": "Point", "coordinates": [9.723420446000034, 52.361149668000053] },
      "properties": {
        "id": "131105",
        "name": "Unfall 131105 (2017) Kat:3",
        "year": 2017,
        "ulichtverh": "",
        "strasse": "",
        "ukategorie": "3",
        "utyp1": "3",
        "uart": "5",
        "umonat": "06",
        "ustunde": "12",
        "uwochentag": "6",
        "strzustand": "0",
        "istrad": "1",
        "istpkw": "1",
        "istfuss": "0",
        "istkrad": "0"
      }
    }
,
    {
      "type": "Feature",
      "geometry": { "type": "Point", "coordinates": [9.748816627000053, 52.389006843000061] },
      "properties": {
        "id": "131108",
        "name": "Unfall 131108 (2017) Kat:3",
        "year": 2017,
        "ulichtverh": "",
        "strasse": "",
        "ukategorie": "3",
        "utyp1": "3",
        "uart": "5",
        "umonat": "06",
        "ustunde": "23",
        "uwochentag": "6",
        "strzustand": "0",
        "istrad": "1",
        "istpkw": "1",
        "istfuss": "0",
        "istkrad": "0"
      }
    }
,
    {
      "type": "Feature",
      "geometry": { "type": "Point", "coordinates": [9.765603628000065, 52.338245168000071] },
      "properties": {
        "id": "131110",
        "name": "Unfall 131110 (2017) Kat:3",
        "year": 2017,
        "ulichtverh": "",
        "strasse": "",
        "ukategorie": "3",
        "utyp1": "3",
        "uart": "5",
        "umonat": "06",
        "ustunde": "14",
        "uwochentag": "6",
        "strzustand": "0",
        "istrad": "1",
        "istpkw": "1",
        "istfuss": "0",
        "istkrad": "0"
      }
    }
,
    {
      "type": "Feature",
      "geometry": { "type": "Point", "coordinates": [9.366195587000050, 52.459208796000041] },
      "properties": {
        "id": "131137",
        "name": "Unfall 131137 (2017) Kat:3",
        "year": 2017,
        "ulichtverh": "",
        "strasse": "",
        "ukategorie": "3",
        "utyp1": "6",
        "uart": "3",
        "umonat": "06",
        "ustunde": "20",
        "uwochentag": "5",
        "strzustand": "1",
        "istrad": "1",
        "istpkw": "0",
        "istfuss": "0",
        "istkrad": "0"
      }
    }
,
    {
      "type": "Feature",
      "geometry": { "type": "Point", "coordinates": [9.737771891000023, 52.440404246000071] },
      "properties": {
        "id": "131139",
        "name": "Unfall 131139 (2017) Kat:3",
        "year": 2017,
        "ulichtverh": "",
        "strasse": "",
        "ukategorie": "3",
        "utyp1": "2",
        "uart": "5",
        "umonat": "06",
        "ustunde": "14",
        "uwochentag": "5",
        "strzustand": "0",
        "istrad": "1",
        "istpkw": "1",
        "istfuss": "0",
        "istkrad": "0"
      }
    }
,
    {
      "type": "Feature",
      "geometry": { "type": "Point", "coordinates": [9.723384097000064, 52.428339078000079] },
      "properties": {
        "id": "131140",
        "name": "Unfall 131140 (2017) Kat:3",
        "year": 2017,
        "ulichtverh": "",
        "strasse": "",
        "ukategorie": "3",
        "utyp1": "3",
        "uart": "5",
        "umonat": "06",
        "ustunde": "13",
        "uwochentag": "5",
        "strzustand": "0",
        "istrad": "1",
        "istpkw": "1",
        "istfuss": "0",
        "istkrad": "0"
      }
    }
,
    {
      "type": "Feature",
      "geometry": { "type": "Point", "coordinates": [9.760713730000077, 52.369331376000048] },
      "properties": {
        "id": "131143",
        "name": "Unfall 131143 (2017) Kat:2",
        "year": 2017,
        "ulichtverh": "",
        "strasse": "",
        "ukategorie": "2",
        "utyp1": "2",
        "uart": "5",
        "umonat": "06",
        "ustunde": "07",
        "uwochentag": "5",
        "strzustand": "0",
        "istrad": "1",
        "istpkw": "1",
        "istfuss": "0",
        "istkrad": "0"
      }
    }
,
    {
      "type": "Feature",
      "geometry": { "type": "Point", "coordinates": [9.813459613000021, 52.298586493000073] },
      "properties": {
        "id": "131176",
        "name": "Unfall 131176 (2017) Kat:3",
        "year": 2017,
        "ulichtverh": "",
        "strasse": "",
        "ukategorie": "3",
        "utyp1": "7",
        "uart": "0",
        "umonat": "06",
        "ustunde": "18",
        "uwochentag": "4",
        "strzustand": "0",
        "istrad": "1",
        "istpkw": "0",
        "istfuss": "0",
        "istkrad": "0"
      }
    }
,
    {
      "type": "Feature",
      "geometry": { "type": "Point", "coordinates": [9.830946176000055, 52.390034862000050] },
      "properties": {
        "id": "131178",
        "name": "Unfall 131178 (2017) Kat:3",
        "year": 2017,
        "ulichtverh": "",
        "strasse": "",
        "ukategorie": "3",
        "utyp1": "5",
        "uart": "1",
        "umonat": "06",
        "ustunde": "18",
        "uwochentag": "4",
        "strzustand": "0",
        "istrad": "1",
        "istpkw": "0",
        "istfuss": "0",
        "istkrad": "0"
      }
    }
,
    {
      "type": "Feature",
      "geometry": { "type": "Point", "coordinates": [9.756527097000060, 52.420408791000057] },
      "properties": {
        "id": "131179",
        "name": "Unfall 131179 (2017) Kat:3",
        "year": 2017,
        "ulichtverh": "",
        "strasse": "",
        "ukategorie": "3",
        "utyp1": "3",
        "uart": "5",
        "umonat": "06",
        "ustunde": "08",
        "uwochentag": "4",
        "strzustand": "0",
        "istrad": "1",
        "istpkw": "1",
        "istfuss": "0",
        "istkrad": "0"
      }
    }
,
    {
      "type": "Feature",
      "geometry": { "type": "Point", "coordinates": [9.767381733000036, 52.396358630000066] },
      "properties": {
        "id": "131180",
        "name": "Unfall 131180 (2017) Kat:3",
        "year": 2017,
        "ulichtverh": "",
        "strasse": "",
        "ukategorie": "3",
        "utyp1": "2",
        "uart": "5",
        "umonat": "06",
        "ustunde": "09",
        "uwochentag": "4",
        "strzustand": "0",
        "istrad": "1",
        "istpkw": "1",
        "istfuss": "0",
        "istkrad": "0"
      }
    }
,
    {
      "type": "Feature",
      "geometry": { "type": "Point", "coordinates": [9.651250295000068, 52.321095515000081] },
      "properties": {
        "id": "131181",
        "name": "Unfall 131181 (2017) Kat:3",
        "year": 2017,
        "ulichtverh": "",
        "strasse": "",
        "ukategorie": "3",
        "utyp1": "6",
        "uart": "4",
        "umonat": "06",
        "ustunde": "08",
        "uwochentag": "4",
        "strzustand": "0",
        "istrad": "1",
        "istpkw": "1",
        "istfuss": "0",
        "istkrad": "0"
      }
    }
,
    {
      "type": "Feature",
      "geometry": { "type": "Point", "coordinates": [9.762456307000036, 52.335623996000038] },
      "properties": {
        "id": "131183",
        "name": "Unfall 131183 (2017) Kat:3",
        "year": 2017,
        "ulichtverh": "",
        "strasse": "",
        "ukategorie": "3",
        "utyp1": "2",
        "uart": "5",
        "umonat": "06",
        "ustunde": "07",
        "uwochentag": "4",
        "strzustand": "0",
        "istrad": "1",
        "istpkw": "1",
        "istfuss": "0",
        "istkrad": "0"
      }
    }
,
    {
      "type": "Feature",
      "geometry": { "type": "Point", "coordinates": [9.760661166000034, 52.395920681000064] },
      "properties": {
        "id": "131185",
        "name": "Unfall 131185 (2017) Kat:3",
        "year": 2017,
        "ulichtverh": "",
        "strasse": "",
        "ukategorie": "3",
        "utyp1": "2",
        "uart": "5",
        "umonat": "06",
        "ustunde": "08",
        "uwochentag": "4",
        "strzustand": "0",
        "istrad": "1",
        "istpkw": "1",
        "istfuss": "0",
        "istkrad": "0"
      }
    }
,
    {
      "type": "Feature",
      "geometry": { "type": "Point", "coordinates": [9.675401724000039, 52.400314027000036] },
      "properties": {
        "id": "131228",
        "name": "Unfall 131228 (2017) Kat:3",
        "year": 2017,
        "ulichtverh": "",
        "strasse": "",
        "ukategorie": "3",
        "utyp1": "7",
        "uart": "3",
        "umonat": "06",
        "ustunde": "16",
        "uwochentag": "3",
        "strzustand": "0",
        "istrad": "1",
        "istpkw": "1",
        "istfuss": "0",
        "istkrad": "0"
      }
    }
,
    {
      "type": "Feature",
      "geometry": { "type": "Point", "coordinates": [9.786873612000022, 52.335215860000062] },
      "properties": {
        "id": "131229",
        "name": "Unfall 131229 (2017) Kat:3",
        "year": 2017,
        "ulichtverh": "",
        "strasse": "",
        "ukategorie": "3",
        "utyp1": "2",
        "uart": "4",
        "umonat": "06",
        "ustunde": "09",
        "uwochentag": "3",
        "strzustand": "0",
        "istrad": "1",
        "istpkw": "1",
        "istfuss": "0",
        "istkrad": "0"
      }
    }
,
    {
      "type": "Feature",
      "geometry": { "type": "Point", "coordinates": [9.757555854000032, 52.374199530000055] },
      "properties": {
        "id": "131230",
        "name": "Unfall 131230 (2017) Kat:3",
        "year": 2017,
        "ulichtverh": "",
        "strasse": "",
        "ukategorie": "3",
        "utyp1": "5",
        "uart": "1",
        "umonat": "06",
        "ustunde": "16",
        "uwochentag": "3",
        "strzustand": "0",
        "istrad": "1",
        "istpkw": "1",
        "istfuss": "0",
        "istkrad": "0"
      }
    }
,
    {
      "type": "Feature",
      "geometry": { "type": "Point", "coordinates": [9.728347775000032, 52.376645051000082] },
      "properties": {
        "id": "131231",
        "name": "Unfall 131231 (2017) Kat:3",
        "year": 2017,
        "ulichtverh": "",
        "strasse": "",
        "ukategorie": "3",
        "utyp1": "3",
        "uart": "5",
        "umonat": "06",
        "ustunde": "07",
        "uwochentag": "3",
        "strzustand": "0",
        "istrad": "1",
        "istpkw": "1",
        "istfuss": "0",
        "istkrad": "0"
      }
    }
,
    {
      "type": "Feature",
      "geometry": { "type": "Point", "coordinates": [9.750765123000065, 52.264921069000081] },
      "properties": {
        "id": "131232",
        "name": "Unfall 131232 (2017) Kat:3",
        "year": 2017,
        "ulichtverh": "",
        "strasse": "",
        "ukategorie": "3",
        "utyp1": "3",
        "uart": "5",
        "umonat": "06",
        "ustunde": "17",
        "uwochentag": "3",
        "strzustand": "0",
        "istrad": "1",
        "istpkw": "1",
        "istfuss": "0",
        "istkrad": "0"
      }
    }
,
    {
      "type": "Feature",
      "geometry": { "type": "Point", "coordinates": [9.703110192000054, 52.368704991000072] },
      "properties": {
        "id": "131233",
        "name": "Unfall 131233 (2017) Kat:3",
        "year": 2017,
        "ulichtverh": "",
        "strasse": "",
        "ukategorie": "3",
        "utyp1": "3",
        "uart": "5",
        "umonat": "06",
        "ustunde": "11",
        "uwochentag": "3",
        "strzustand": "0",
        "istrad": "1",
        "istpkw": "1",
        "istfuss": "0",
        "istkrad": "0"
      }
    }
,
    {
      "type": "Feature",
      "geometry": { "type": "Point", "coordinates": [9.745079790000034, 52.381525805000081] },
      "properties": {
        "id": "131234",
        "name": "Unfall 131234 (2017) Kat:3",
        "year": 2017,
        "ulichtverh": "",
        "strasse": "",
        "ukategorie": "3",
        "utyp1": "5",
        "uart": "1",
        "umonat": "06",
        "ustunde": "16",
        "uwochentag": "3",
        "strzustand": "0",
        "istrad": "1",
        "istpkw": "1",
        "istfuss": "0",
        "istkrad": "0"
      }
    }
,
    {
      "type": "Feature",
      "geometry": { "type": "Point", "coordinates": [9.692424965000043, 52.398117091000074] },
      "properties": {
        "id": "131272",
        "name": "Unfall 131272 (2017) Kat:3",
        "year": 2017,
        "ulichtverh": "",
        "strasse": "",
        "ukategorie": "3",
        "utyp1": "2",
        "uart": "3",
        "umonat": "06",
        "ustunde": "18",
        "uwochentag": "2",
        "strzustand": "0",
        "istrad": "1",
        "istpkw": "1",
        "istfuss": "0",
        "istkrad": "0"
      }
    }
,
    {
      "type": "Feature",
      "geometry": { "type": "Point", "coordinates": [9.711824162000028, 52.372831630000064] },
      "properties": {
        "id": "131273",
        "name": "Unfall 131273 (2017) Kat:3",
        "year": 2017,
        "ulichtverh": "",
        "strasse": "",
        "ukategorie": "3",
        "utyp1": "7",
        "uart": "0",
        "umonat": "06",
        "ustunde": "18",
        "uwochentag": "2",
        "strzustand": "0",
        "istrad": "1",
        "istpkw": "0",
        "istfuss": "0",
        "istkrad": "0"
      }
    }
,
    {
      "type": "Feature",
      "geometry": { "type": "Point", "coordinates": [9.798570888000029, 52.405462643000078] },
      "properties": {
        "id": "131277",
        "name": "Unfall 131277 (2017) Kat:2",
        "year": 2017,
        "ulichtverh": "",
        "strasse": "",
        "ukategorie": "2",
        "utyp1": "3",
        "uart": "5",
        "umonat": "06",
        "ustunde": "18",
        "uwochentag": "2",
        "strzustand": "0",
        "istrad": "1",
        "istpkw": "0",
        "istfuss": "0",
        "istkrad": "0"
      }
    }
,
    {
      "type": "Feature",
      "geometry": { "type": "Point", "coordinates": [9.771372662000033, 52.354090642000074] },
      "properties": {
        "id": "131278",
        "name": "Unfall 131278 (2017) Kat:3",
        "year": 2017,
        "ulichtverh": "",
        "strasse": "",
        "ukategorie": "3",
        "utyp1": "1",
        "uart": "0",
        "umonat": "06",
        "ustunde": "12",
        "uwochentag": "2",
        "strzustand": "0",
        "istrad": "1",
        "istpkw": "0",
        "istfuss": "0",
        "istkrad": "0"
      }
    }
,
    {
      "type": "Feature",
      "geometry": { "type": "Point", "coordinates": [9.597374031000072, 52.314323623000064] },
      "properties": {
        "id": "131303",
        "name": "Unfall 131303 (2017) Kat:2",
        "year": 2017,
        "ulichtverh": "",
        "strasse": "",
        "ukategorie": "2",
        "utyp1": "5",
        "uart": "1",
        "umonat": "06",
        "ustunde": "17",
        "uwochentag": "1",
        "strzustand": "0",
        "istrad": "1",
        "istpkw": "1",
        "istfuss": "0",
        "istkrad": "0"
      }
    }
,
    {
      "type": "Feature",
      "geometry": { "type": "Point", "coordinates": [9.809697311000036, 52.391437367000037] },
      "properties": {
        "id": "131319",
        "name": "Unfall 131319 (2017) Kat:3",
        "year": 2017,
        "ulichtverh": "",
        "strasse": "",
        "ukategorie": "3",
        "utyp1": "5",
        "uart": "0",
        "umonat": "06",
        "ustunde": "13",
        "uwochentag": "7",
        "strzustand": "0",
        "istrad": "1",
        "istpkw": "1",
        "istfuss": "0",
        "istkrad": "0"
      }
    }
,
    {
      "type": "Feature",
      "geometry": { "type": "Point", "coordinates": [9.730496162000065, 52.381199063000054] },
      "properties": {
        "id": "131320",
        "name": "Unfall 131320 (2017) Kat:3",
        "year": 2017,
        "ulichtverh": "",
        "strasse": "",
        "ukategorie": "3",
        "utyp1": "1",
        "uart": "0",
        "umonat": "06",
        "ustunde": "01",
        "uwochentag": "7",
        "strzustand": "0",
        "istrad": "1",
        "istpkw": "0",
        "istfuss": "0",
        "istkrad": "0"
      }
    }
,
    {
      "type": "Feature",
      "geometry": { "type": "Point", "coordinates": [9.740629181000031, 52.364802793000081] },
      "properties": {
        "id": "131322",
        "name": "Unfall 131322 (2017) Kat:3",
        "year": 2017,
        "ulichtverh": "",
        "strasse": "",
        "ukategorie": "3",
        "utyp1": "4",
        "uart": "6",
        "umonat": "06",
        "ustunde": "18",
        "uwochentag": "7",
        "strzustand": "0",
        "istrad": "1",
        "istpkw": "0",
        "istfuss": "1",
        "istkrad": "0"
      }
    }
,
    {
      "type": "Feature",
      "geometry": { "type": "Point", "coordinates": [9.683484689000068, 52.395387161000031] },
      "properties": {
        "id": "131348",
        "name": "Unfall 131348 (2017) Kat:3",
        "year": 2017,
        "ulichtverh": "",
        "strasse": "",
        "ukategorie": "3",
        "utyp1": "5",
        "uart": "1",
        "umonat": "06",
        "ustunde": "12",
        "uwochentag": "6",
        "strzustand": "0",
        "istrad": "1",
        "istpkw": "1",
        "istfuss": "0",
        "istkrad": "0"
      }
    }
,
    {
      "type": "Feature",
      "geometry": { "type": "Point", "coordinates": [9.717395508000038, 52.354410093000070] },
      "properties": {
        "id": "131349",
        "name": "Unfall 131349 (2017) Kat:3",
        "year": 2017,
        "ulichtverh": "",
        "strasse": "",
        "ukategorie": "3",
        "utyp1": "3",
        "uart": "5",
        "umonat": "06",
        "ustunde": "10",
        "uwochentag": "6",
        "strzustand": "0",
        "istrad": "1",
        "istpkw": "1",
        "istfuss": "0",
        "istkrad": "0"
      }
    }
,
    {
      "type": "Feature",
      "geometry": { "type": "Point", "coordinates": [9.731938824000054, 52.396669709000037] },
      "properties": {
        "id": "131352",
        "name": "Unfall 131352 (2017) Kat:3",
        "year": 2017,
        "ulichtverh": "",
        "strasse": "",
        "ukategorie": "3",
        "utyp1": "7",
        "uart": "6",
        "umonat": "07",
        "ustunde": "18",
        "uwochentag": "3",
        "strzustand": "0",
        "istrad": "1",
        "istpkw": "0",
        "istfuss": "1",
        "istkrad": "0"
      }
    }
,
    {
      "type": "Feature",
      "geometry": { "type": "Point", "coordinates": [9.908107283000049, 52.368635927000071] },
      "properties": {
        "id": "131354",
        "name": "Unfall 131354 (2017) Kat:3",
        "year": 2017,
        "ulichtverh": "",
        "strasse": "",
        "ukategorie": "3",
        "utyp1": "5",
        "uart": "1",
        "umonat": "07",
        "ustunde": "15",
        "uwochentag": "3",
        "strzustand": "0",
        "istrad": "1",
        "istpkw": "1",
        "istfuss": "0",
        "istkrad": "0"
      }
    }
,
    {
      "type": "Feature",
      "geometry": { "type": "Point", "coordinates": [10.259734917000060, 52.456573699000046] },
      "properties": {
        "id": "131355",
        "name": "Unfall 131355 (2017) Kat:3",
        "year": 2017,
        "ulichtverh": "",
        "strasse": "",
        "ukategorie": "3",
        "utyp1": "1",
        "uart": "0",
        "umonat": "07",
        "ustunde": "21",
        "uwochentag": "3",
        "strzustand": "0",
        "istrad": "1",
        "istpkw": "0",
        "istfuss": "0",
        "istkrad": "0"
      }
    }
,
    {
      "type": "Feature",
      "geometry": { "type": "Point", "coordinates": [9.729687730000023, 52.355525622000073] },
      "properties": {
        "id": "131357",
        "name": "Unfall 131357 (2017) Kat:3",
        "year": 2017,
        "ulichtverh": "",
        "strasse": "",
        "ukategorie": "3",
        "utyp1": "3",
        "uart": "5",
        "umonat": "07",
        "ustunde": "08",
        "uwochentag": "3",
        "strzustand": "0",
        "istrad": "1",
        "istpkw": "1",
        "istfuss": "0",
        "istkrad": "0"
      }
    }
,
    {
      "type": "Feature",
      "geometry": { "type": "Point", "coordinates": [9.670597419000046, 52.355425280000077] },
      "properties": {
        "id": "131381",
        "name": "Unfall 131381 (2017) Kat:3",
        "year": 2017,
        "ulichtverh": "",
        "strasse": "",
        "ukategorie": "3",
        "utyp1": "6",
        "uart": "3",
        "umonat": "07",
        "ustunde": "11",
        "uwochentag": "2",
        "strzustand": "0",
        "istrad": "1",
        "istpkw": "1",
        "istfuss": "0",
        "istkrad": "0"
      }
    }
,
    {
      "type": "Feature",
      "geometry": { "type": "Point", "coordinates": [9.782557239000028, 52.401150617000042] },
      "properties": {
        "id": "131383",
        "name": "Unfall 131383 (2017) Kat:3",
        "year": 2017,
        "ulichtverh": "",
        "strasse": "",
        "ukategorie": "3",
        "utyp1": "1",
        "uart": "0",
        "umonat": "07",
        "ustunde": "19",
        "uwochentag": "2",
        "strzustand": "0",
        "istrad": "1",
        "istpkw": "0",
        "istfuss": "0",
        "istkrad": "0"
      }
    }
,
    {
      "type": "Feature",
      "geometry": { "type": "Point", "coordinates": [9.742515847000050, 52.435680938000075] },
      "properties": {
        "id": "131385",
        "name": "Unfall 131385 (2017) Kat:3",
        "year": 2017,
        "ulichtverh": "",
        "strasse": "",
        "ukategorie": "3",
        "utyp1": "3",
        "uart": "5",
        "umonat": "07",
        "ustunde": "04",
        "uwochentag": "2",
        "strzustand": "0",
        "istrad": "1",
        "istpkw": "1",
        "istfuss": "0",
        "istkrad": "0"
      }
    }
,
    {
      "type": "Feature",
      "geometry": { "type": "Point", "coordinates": [9.755472711000039, 52.368684384000062] },
      "properties": {
        "id": "131386",
        "name": "Unfall 131386 (2017) Kat:2",
        "year": 2017,
        "ulichtverh": "",
        "strasse": "",
        "ukategorie": "2",
        "utyp1": "7",
        "uart": "0",
        "umonat": "07",
        "ustunde": "06",
        "uwochentag": "2",
        "strzustand": "0",
        "istrad": "1",
        "istpkw": "0",
        "istfuss": "0",
        "istkrad": "0"
      }
    }
,
    {
      "type": "Feature",
      "geometry": { "type": "Point", "coordinates": [9.791270671000063, 52.342604633000064] },
      "properties": {
        "id": "131387",
        "name": "Unfall 131387 (2017) Kat:3",
        "year": 2017,
        "ulichtverh": "",
        "strasse": "",
        "ukategorie": "3",
        "utyp1": "2",
        "uart": "2",
        "umonat": "07",
        "ustunde": "12",
        "uwochentag": "2",
        "strzustand": "0",
        "istrad": "1",
        "istpkw": "0",
        "istfuss": "0",
        "istkrad": "0"
      }
    }
,
    {
      "type": "Feature",
      "geometry": { "type": "Point", "coordinates": [9.707708774000025, 52.374192839000045] },
      "properties": {
        "id": "131388",
        "name": "Unfall 131388 (2017) Kat:2",
        "year": 2017,
        "ulichtverh": "",
        "strasse": "",
        "ukategorie": "2",
        "utyp1": "2",
        "uart": "5",
        "umonat": "07",
        "ustunde": "15",
        "uwochentag": "2",
        "strzustand": "0",
        "istrad": "1",
        "istpkw": "1",
        "istfuss": "0",
        "istkrad": "0"
      }
    }
,
    {
      "type": "Feature",
      "geometry": { "type": "Point", "coordinates": [9.692422968000074, 52.398072328000069] },
      "properties": {
        "id": "131389",
        "name": "Unfall 131389 (2017) Kat:3",
        "year": 2017,
        "ulichtverh": "",
        "strasse": "",
        "ukategorie": "3",
        "utyp1": "2",
        "uart": "5",
        "umonat": "07",
        "ustunde": "13",
        "uwochentag": "2",
        "strzustand": "0",
        "istrad": "1",
        "istpkw": "1",
        "istfuss": "0",
        "istkrad": "0"
      }
    }
,
    {
      "type": "Feature",
      "geometry": { "type": "Point", "coordinates": [9.455438726000068, 52.509740617000034] },
      "properties": {
        "id": "131429",
        "name": "Unfall 131429 (2017) Kat:3",
        "year": 2017,
        "ulichtverh": "",
        "strasse": "",
        "ukategorie": "3",
        "utyp1": "6",
        "uart": "3",
        "umonat": "07",
        "ustunde": "21",
        "uwochentag": "7",
        "strzustand": "0",
        "istrad": "1",
        "istpkw": "1",
        "istfuss": "0",
        "istkrad": "0"
      }
    }
,
    {
      "type": "Feature",
      "geometry": { "type": "Point", "coordinates": [9.684515774000033, 52.393330882000043] },
      "properties": {
        "id": "131456",
        "name": "Unfall 131456 (2017) Kat:3",
        "year": 2017,
        "ulichtverh": "",
        "strasse": "",
        "ukategorie": "3",
        "utyp1": "3",
        "uart": "5",
        "umonat": "06",
        "ustunde": "16",
        "uwochentag": "6",
        "strzustand": "0",
        "istrad": "1",
        "istpkw": "1",
        "istfuss": "0",
        "istkrad": "0"
      }
    }
,
    {
      "type": "Feature",
      "geometry": { "type": "Point", "coordinates": [9.732761248000031, 52.546702897000046] },
      "properties": {
        "id": "131460",
        "name": "Unfall 131460 (2017) Kat:3",
        "year": 2017,
        "ulichtverh": "",
        "strasse": "",
        "ukategorie": "3",
        "utyp1": "3",
        "uart": "5",
        "umonat": "06",
        "ustunde": "17",
        "uwochentag": "6",
        "strzustand": "0",
        "istrad": "1",
        "istpkw": "1",
        "istfuss": "0",
        "istkrad": "0"
      }
    }
,
    {
      "type": "Feature",
      "geometry": { "type": "Point", "coordinates": [9.360621621000064, 52.450365879000060] },
      "properties": {
        "id": "131462",
        "name": "Unfall 131462 (2017) Kat:3",
        "year": 2017,
        "ulichtverh": "",
        "strasse": "",
        "ukategorie": "3",
        "utyp1": "7",
        "uart": "0",
        "umonat": "06",
        "ustunde": "15",
        "uwochentag": "6",
        "strzustand": "0",
        "istrad": "1",
        "istpkw": "0",
        "istfuss": "0",
        "istkrad": "0"
      }
    }
,
    {
      "type": "Feature",
      "geometry": { "type": "Point", "coordinates": [9.791835903000049, 52.334967107000068] },
      "properties": {
        "id": "131492",
        "name": "Unfall 131492 (2017) Kat:3",
        "year": 2017,
        "ulichtverh": "",
        "strasse": "",
        "ukategorie": "3",
        "utyp1": "3",
        "uart": "5",
        "umonat": "06",
        "ustunde": "13",
        "uwochentag": "5",
        "strzustand": "0",
        "istrad": "1",
        "istpkw": "1",
        "istfuss": "0",
        "istkrad": "0"
      }
    }
,
    {
      "type": "Feature",
      "geometry": { "type": "Point", "coordinates": [9.735804633000043, 52.516782168000077] },
      "properties": {
        "id": "131495",
        "name": "Unfall 131495 (2017) Kat:3",
        "year": 2017,
        "ulichtverh": "",
        "strasse": "",
        "ukategorie": "3",
        "utyp1": "3",
        "uart": "5",
        "umonat": "06",
        "ustunde": "14",
        "uwochentag": "5",
        "strzustand": "0",
        "istrad": "1",
        "istpkw": "1",
        "istfuss": "0",
        "istkrad": "0"
      }
    }
,
    {
      "type": "Feature",
      "geometry": { "type": "Point", "coordinates": [9.737482951000061, 52.381689578000078] },
      "properties": {
        "id": "131496",
        "name": "Unfall 131496 (2017) Kat:3",
        "year": 2017,
        "ulichtverh": "",
        "strasse": "",
        "ukategorie": "3",
        "utyp1": "3",
        "uart": "5",
        "umonat": "06",
        "ustunde": "11",
        "uwochentag": "5",
        "strzustand": "0",
        "istrad": "1",
        "istpkw": "0",
        "istfuss": "0",
        "istkrad": "0"
      }
    }
,
    {
      "type": "Feature",
      "geometry": { "type": "Point", "coordinates": [9.763153967000051, 52.395164931000068] },
      "properties": {
        "id": "131523",
        "name": "Unfall 131523 (2017) Kat:3",
        "year": 2017,
        "ulichtverh": "",
        "strasse": "",
        "ukategorie": "3",
        "utyp1": "2",
        "uart": "5",
        "umonat": "06",
        "ustunde": "10",
        "uwochentag": "4",
        "strzustand": "0",
        "istrad": "1",
        "istpkw": "0",
        "istfuss": "0",
        "istkrad": "0"
      }
    }
,
    {
      "type": "Feature",
      "geometry": { "type": "Point", "coordinates": [9.777818563000039, 52.399197614000059] },
      "properties": {
        "id": "131524",
        "name": "Unfall 131524 (2017) Kat:3",
        "year": 2017,
        "ulichtverh": "",
        "strasse": "",
        "ukategorie": "3",
        "utyp1": "6",
        "uart": "3",
        "umonat": "06",
        "ustunde": "00",
        "uwochentag": "4",
        "strzustand": "0",
        "istrad": "1",
        "istpkw": "1",
        "istfuss": "0",
        "istkrad": "0"
      }
    }
,
    {
      "type": "Feature",
      "geometry": { "type": "Point", "coordinates": [9.732794089000038, 52.375588449000077] },
      "properties": {
        "id": "131526",
        "name": "Unfall 131526 (2017) Kat:3",
        "year": 2017,
        "ulichtverh": "",
        "strasse": "",
        "ukategorie": "3",
        "utyp1": "7",
        "uart": "0",
        "umonat": "06",
        "ustunde": "17",
        "uwochentag": "4",
        "strzustand": "0",
        "istrad": "1",
        "istpkw": "1",
        "istfuss": "0",
        "istkrad": "0"
      }
    }
,
    {
      "type": "Feature",
      "geometry": { "type": "Point", "coordinates": [9.754194239000071, 52.379501768000068] },
      "properties": {
        "id": "131528",
        "name": "Unfall 131528 (2017) Kat:2",
        "year": 2017,
        "ulichtverh": "",
        "strasse": "",
        "ukategorie": "2",
        "utyp1": "4",
        "uart": "6",
        "umonat": "06",
        "ustunde": "20",
        "uwochentag": "4",
        "strzustand": "0",
        "istrad": "1",
        "istpkw": "0",
        "istfuss": "1",
        "istkrad": "0"
      }
    }
,
    {
      "type": "Feature",
      "geometry": { "type": "Point", "coordinates": [9.706244187000038, 52.372692401000052] },
      "properties": {
        "id": "131560",
        "name": "Unfall 131560 (2017) Kat:3",
        "year": 2017,
        "ulichtverh": "",
        "strasse": "",
        "ukategorie": "3",
        "utyp1": "3",
        "uart": "5",
        "umonat": "06",
        "ustunde": "15",
        "uwochentag": "3",
        "strzustand": "0",
        "istrad": "1",
        "istpkw": "1",
        "istfuss": "0",
        "istkrad": "0"
      }
    }
,
    {
      "type": "Feature",
      "geometry": { "type": "Point", "coordinates": [9.959071564000055, 52.362315471000045] },
      "properties": {
        "id": "131562",
        "name": "Unfall 131562 (2017) Kat:2",
        "year": 2017,
        "ulichtverh": "",
        "strasse": "",
        "ukategorie": "2",
        "utyp1": "3",
        "uart": "5",
        "umonat": "06",
        "ustunde": "18",
        "uwochentag": "3",
        "strzustand": "0",
        "istrad": "1",
        "istpkw": "1",
        "istfuss": "0",
        "istkrad": "0"
      }
    }
,
    {
      "type": "Feature",
      "geometry": { "type": "Point", "coordinates": [9.705032553000024, 52.346220547000030] },
      "properties": {
        "id": "131597",
        "name": "Unfall 131597 (2017) Kat:3",
        "year": 2017,
        "ulichtverh": "",
        "strasse": "",
        "ukategorie": "3",
        "utyp1": "3",
        "uart": "5",
        "umonat": "06",
        "ustunde": "17",
        "uwochentag": "2",
        "strzustand": "0",
        "istrad": "1",
        "istpkw": "0",
        "istfuss": "0",
        "istkrad": "0"
      }
    }
,
    {
      "type": "Feature",
      "geometry": { "type": "Point", "coordinates": [9.834459389000074, 52.338216322000051] },
      "properties": {
        "id": "131599",
        "name": "Unfall 131599 (2017) Kat:3",
        "year": 2017,
        "ulichtverh": "",
        "strasse": "",
        "ukategorie": "3",
        "utyp1": "7",
        "uart": "0",
        "umonat": "06",
        "ustunde": "17",
        "uwochentag": "2",
        "strzustand": "0",
        "istrad": "1",
        "istpkw": "0",
        "istfuss": "0",
        "istkrad": "0"
      }
    }
,
    {
      "type": "Feature",
      "geometry": { "type": "Point", "coordinates": [9.732264029000021, 52.376664964000042] },
      "properties": {
        "id": "131601",
        "name": "Unfall 131601 (2017) Kat:3",
        "year": 2017,
        "ulichtverh": "",
        "strasse": "",
        "ukategorie": "3",
        "utyp1": "3",
        "uart": "5",
        "umonat": "06",
        "ustunde": "13",
        "uwochentag": "2",
        "strzustand": "0",
        "istrad": "1",
        "istpkw": "1",
        "istfuss": "0",
        "istkrad": "0"
      }
    }
,
    {
      "type": "Feature",
      "geometry": { "type": "Point", "coordinates": [9.712736917000029, 52.368968858000073] },
      "properties": {
        "id": "131613",
        "name": "Unfall 131613 (2017) Kat:3",
        "year": 2017,
        "ulichtverh": "",
        "strasse": "",
        "ukategorie": "3",
        "utyp1": "3",
        "uart": "5",
        "umonat": "06",
        "ustunde": "14",
        "uwochentag": "1",
        "strzustand": "0",
        "istrad": "1",
        "istpkw": "1",
        "istfuss": "0",
        "istkrad": "0"
      }
    }
,
    {
      "type": "Feature",
      "geometry": { "type": "Point", "coordinates": [9.763035890000026, 52.336700885000027] },
      "properties": {
        "id": "131614",
        "name": "Unfall 131614 (2017) Kat:3",
        "year": 2017,
        "ulichtverh": "",
        "strasse": "",
        "ukategorie": "3",
        "utyp1": "2",
        "uart": "4",
        "umonat": "06",
        "ustunde": "17",
        "uwochentag": "1",
        "strzustand": "0",
        "istrad": "1",
        "istpkw": "1",
        "istfuss": "0",
        "istkrad": "0"
      }
    }
,
    {
      "type": "Feature",
      "geometry": { "type": "Point", "coordinates": [9.670543984000062, 52.340435129000070] },
      "properties": {
        "id": "131615",
        "name": "Unfall 131615 (2017) Kat:3",
        "year": 2017,
        "ulichtverh": "",
        "strasse": "",
        "ukategorie": "3",
        "utyp1": "5",
        "uart": "1",
        "umonat": "06",
        "ustunde": "12",
        "uwochentag": "1",
        "strzustand": "0",
        "istrad": "1",
        "istpkw": "1",
        "istfuss": "0",
        "istkrad": "0"
      }
    }
,
    {
      "type": "Feature",
      "geometry": { "type": "Point", "coordinates": [9.727751939000029, 52.373966671000062] },
      "properties": {
        "id": "131619",
        "name": "Unfall 131619 (2017) Kat:3",
        "year": 2017,
        "ulichtverh": "",
        "strasse": "",
        "ukategorie": "3",
        "utyp1": "7",
        "uart": "0",
        "umonat": "06",
        "ustunde": "10",
        "uwochentag": "1",
        "strzustand": "1",
        "istrad": "1",
        "istpkw": "1",
        "istfuss": "0",
        "istkrad": "0"
      }
    }
,
    {
      "type": "Feature",
      "geometry": { "type": "Point", "coordinates": [9.718140531000074, 52.414661654000042] },
      "properties": {
        "id": "131624",
        "name": "Unfall 131624 (2017) Kat:3",
        "year": 2017,
        "ulichtverh": "",
        "strasse": "",
        "ukategorie": "3",
        "utyp1": "5",
        "uart": "1",
        "umonat": "07",
        "ustunde": "18",
        "uwochentag": "1",
        "strzustand": "0",
        "istrad": "1",
        "istpkw": "0",
        "istfuss": "0",
        "istkrad": "0"
      }
    }
,
    {
      "type": "Feature",
      "geometry": { "type": "Point", "coordinates": [9.807526168000038, 52.379123196000080] },
      "properties": {
        "id": "131632",
        "name": "Unfall 131632 (2017) Kat:3",
        "year": 2017,
        "ulichtverh": "",
        "strasse": "",
        "ukategorie": "3",
        "utyp1": "7",
        "uart": "0",
        "umonat": "07",
        "ustunde": "20",
        "uwochentag": "7",
        "strzustand": "0",
        "istrad": "1",
        "istpkw": "0",
        "istfuss": "0",
        "istkrad": "0"
      }
    }
,
    {
      "type": "Feature",
      "geometry": { "type": "Point", "coordinates": [10.018681621000042, 52.453821418000075] },
      "properties": {
        "id": "131651",
        "name": "Unfall 131651 (2017) Kat:3",
        "year": 2017,
        "ulichtverh": "",
        "strasse": "",
        "ukategorie": "3",
        "utyp1": "6",
        "uart": "2",
        "umonat": "07",
        "ustunde": "18",
        "uwochentag": "6",
        "strzustand": "0",
        "istrad": "1",
        "istpkw": "0",
        "istfuss": "0",
        "istkrad": "0"
      }
    }
,
    {
      "type": "Feature",
      "geometry": { "type": "Point", "coordinates": [9.721950166000056, 52.387160547000065] },
      "properties": {
        "id": "131675",
        "name": "Unfall 131675 (2017) Kat:3",
        "year": 2017,
        "ulichtverh": "",
        "strasse": "",
        "ukategorie": "3",
        "utyp1": "3",
        "uart": "5",
        "umonat": "07",
        "ustunde": "16",
        "uwochentag": "5",
        "strzustand": "0",
        "istrad": "1",
        "istpkw": "1",
        "istfuss": "0",
        "istkrad": "0"
      }
    }
,
    {
      "type": "Feature",
      "geometry": { "type": "Point", "coordinates": [9.425165067000023, 52.433292989000051] },
      "properties": {
        "id": "131677",
        "name": "Unfall 131677 (2017) Kat:3",
        "year": 2017,
        "ulichtverh": "",
        "strasse": "",
        "ukategorie": "3",
        "utyp1": "1",
        "uart": "0",
        "umonat": "07",
        "ustunde": "15",
        "uwochentag": "5",
        "strzustand": "0",
        "istrad": "1",
        "istpkw": "0",
        "istfuss": "0",
        "istkrad": "0"
      }
    }
,
    {
      "type": "Feature",
      "geometry": { "type": "Point", "coordinates": [9.719922564000058, 52.391638958000044] },
      "properties": {
        "id": "131679",
        "name": "Unfall 131679 (2017) Kat:3",
        "year": 2017,
        "ulichtverh": "",
        "strasse": "",
        "ukategorie": "3",
        "utyp1": "3",
        "uart": "5",
        "umonat": "07",
        "ustunde": "15",
        "uwochentag": "5",
        "strzustand": "0",
        "istrad": "1",
        "istpkw": "1",
        "istfuss": "0",
        "istkrad": "0"
      }
    }
,
    {
      "type": "Feature",
      "geometry": { "type": "Point", "coordinates": [9.739190488000077, 52.373783123000067] },
      "properties": {
        "id": "131680",
        "name": "Unfall 131680 (2017) Kat:3",
        "year": 2017,
        "ulichtverh": "",
        "strasse": "",
        "ukategorie": "3",
        "utyp1": "7",
        "uart": "0",
        "umonat": "07",
        "ustunde": "12",
        "uwochentag": "5",
        "strzustand": "0",
        "istrad": "1",
        "istpkw": "0",
        "istfuss": "0",
        "istkrad": "0"
      }
    }
,
    {
      "type": "Feature",
      "geometry": { "type": "Point", "coordinates": [9.716775441000038, 52.337246825000079] },
      "properties": {
        "id": "131696",
        "name": "Unfall 131696 (2017) Kat:3",
        "year": 2017,
        "ulichtverh": "",
        "strasse": "",
        "ukategorie": "3",
        "utyp1": "2",
        "uart": "5",
        "umonat": "07",
        "ustunde": "15",
        "uwochentag": "4",
        "strzustand": "1",
        "istrad": "1",
        "istpkw": "1",
        "istfuss": "0",
        "istkrad": "0"
      }
    }
,
    {
      "type": "Feature",
      "geometry": { "type": "Point", "coordinates": [9.689730364000070, 52.364706353000031] },
      "properties": {
        "id": "131702",
        "name": "Unfall 131702 (2017) Kat:2",
        "year": 2017,
        "ulichtverh": "",
        "strasse": "",
        "ukategorie": "2",
        "utyp1": "3",
        "uart": "5",
        "umonat": "07",
        "ustunde": "10",
        "uwochentag": "4",
        "strzustand": "1",
        "istrad": "1",
        "istpkw": "1",
        "istfuss": "0",
        "istkrad": "0"
      }
    }
,
    {
      "type": "Feature",
      "geometry": { "type": "Point", "coordinates": [9.746237831000030, 52.354328448000047] },
      "properties": {
        "id": "131714",
        "name": "Unfall 131714 (2017) Kat:3",
        "year": 2017,
        "ulichtverh": "",
        "strasse": "",
        "ukategorie": "3",
        "utyp1": "2",
        "uart": "5",
        "umonat": "07",
        "ustunde": "16",
        "uwochentag": "3",
        "strzustand": "0",
        "istrad": "1",
        "istpkw": "1",
        "istfuss": "0",
        "istkrad": "0"
      }
    }
,
    {
      "type": "Feature",
      "geometry": { "type": "Point", "coordinates": [9.819377169000063, 52.429289335000078] },
      "properties": {
        "id": "131715",
        "name": "Unfall 131715 (2017) Kat:3",
        "year": 2017,
        "ulichtverh": "",
        "strasse": "",
        "ukategorie": "3",
        "utyp1": "3",
        "uart": "5",
        "umonat": "07",
        "ustunde": "09",
        "uwochentag": "3",
        "strzustand": "0",
        "istrad": "1",
        "istpkw": "1",
        "istfuss": "0",
        "istkrad": "0"
      }
    }
,
    {
      "type": "Feature",
      "geometry": { "type": "Point", "coordinates": [9.980879931000061, 52.388018517000035] },
      "properties": {
        "id": "131745",
        "name": "Unfall 131745 (2017) Kat:3",
        "year": 2017,
        "ulichtverh": "",
        "strasse": "",
        "ukategorie": "3",
        "utyp1": "7",
        "uart": "0",
        "umonat": "07",
        "ustunde": "08",
        "uwochentag": "2",
        "strzustand": "1",
        "istrad": "1",
        "istpkw": "0",
        "istfuss": "0",
        "istkrad": "0"
      }
    }
,
    {
      "type": "Feature",
      "geometry": { "type": "Point", "coordinates": [9.750216947000070, 52.363847486000054] },
      "properties": {
        "id": "131746",
        "name": "Unfall 131746 (2017) Kat:3",
        "year": 2017,
        "ulichtverh": "",
        "strasse": "",
        "ukategorie": "3",
        "utyp1": "7",
        "uart": "0",
        "umonat": "07",
        "ustunde": "18",
        "uwochentag": "2",
        "strzustand": "0",
        "istrad": "1",
        "istpkw": "0",
        "istfuss": "0",
        "istkrad": "0"
      }
    }
,
    {
      "type": "Feature",
      "geometry": { "type": "Point", "coordinates": [9.717619960000036, 52.356480844000032] },
      "properties": {
        "id": "131747",
        "name": "Unfall 131747 (2017) Kat:2",
        "year": 2017,
        "ulichtverh": "",
        "strasse": "",
        "ukategorie": "2",
        "utyp1": "1",
        "uart": "0",
        "umonat": "07",
        "ustunde": "14",
        "uwochentag": "2",
        "strzustand": "1",
        "istrad": "1",
        "istpkw": "0",
        "istfuss": "0",
        "istkrad": "0"
      }
    }
,
    {
      "type": "Feature",
      "geometry": { "type": "Point", "coordinates": [9.702073586000040, 52.329055021000045] },
      "properties": {
        "id": "131768",
        "name": "Unfall 131768 (2017) Kat:3",
        "year": 2017,
        "ulichtverh": "",
        "strasse": "",
        "ukategorie": "3",
        "utyp1": "1",
        "uart": "0",
        "umonat": "07",
        "ustunde": "11",
        "uwochentag": "1",
        "strzustand": "0",
        "istrad": "1",
        "istpkw": "0",
        "istfuss": "0",
        "istkrad": "0"
      }
    }
,
    {
      "type": "Feature",
      "geometry": { "type": "Point", "coordinates": [9.721082440000032, 52.390488657000049] },
      "properties": {
        "id": "131769",
        "name": "Unfall 131769 (2017) Kat:3",
        "year": 2017,
        "ulichtverh": "",
        "strasse": "",
        "ukategorie": "3",
        "utyp1": "1",
        "uart": "0",
        "umonat": "07",
        "ustunde": "14",
        "uwochentag": "1",
        "strzustand": "0",
        "istrad": "1",
        "istpkw": "0",
        "istfuss": "0",
        "istkrad": "0"
      }
    }
,
    {
      "type": "Feature",
      "geometry": { "type": "Point", "coordinates": [10.115628054000069, 52.477289657000028] },
      "properties": {
        "id": "131770",
        "name": "Unfall 131770 (2017) Kat:3",
        "year": 2017,
        "ulichtverh": "",
        "strasse": "",
        "ukategorie": "3",
        "utyp1": "7",
        "uart": "7",
        "umonat": "07",
        "ustunde": "00",
        "uwochentag": "1",
        "strzustand": "0",
        "istrad": "1",
        "istpkw": "0",
        "istfuss": "0",
        "istkrad": "0"
      }
    }
,
    {
      "type": "Feature",
      "geometry": { "type": "Point", "coordinates": [9.729677663000075, 52.355539089000047] },
      "properties": {
        "id": "131773",
        "name": "Unfall 131773 (2017) Kat:2",
        "year": 2017,
        "ulichtverh": "",
        "strasse": "",
        "ukategorie": "2",
        "utyp1": "3",
        "uart": "5",
        "umonat": "07",
        "ustunde": "14",
        "uwochentag": "1",
        "strzustand": "0",
        "istrad": "1",
        "istpkw": "1",
        "istfuss": "0",
        "istkrad": "0"
      }
    }
,
    {
      "type": "Feature",
      "geometry": { "type": "Point", "coordinates": [9.821679670000037, 52.334996625000031] },
      "properties": {
        "id": "131784",
        "name": "Unfall 131784 (2017) Kat:3",
        "year": 2017,
        "ulichtverh": "",
        "strasse": "",
        "ukategorie": "3",
        "utyp1": "6",
        "uart": "4",
        "umonat": "07",
        "ustunde": "13",
        "uwochentag": "7",
        "strzustand": "0",
        "istrad": "1",
        "istpkw": "0",
        "istfuss": "0",
        "istkrad": "0"
      }
    }
,
    {
      "type": "Feature",
      "geometry": { "type": "Point", "coordinates": [9.762944729000026, 52.410286465000070] },
      "properties": {
        "id": "131785",
        "name": "Unfall 131785 (2017) Kat:3",
        "year": 2017,
        "ulichtverh": "",
        "strasse": "",
        "ukategorie": "3",
        "utyp1": "2",
        "uart": "5",
        "umonat": "07",
        "ustunde": "18",
        "uwochentag": "7",
        "strzustand": "0",
        "istrad": "1",
        "istpkw": "1",
        "istfuss": "0",
        "istkrad": "0"
      }
    }
,
    {
      "type": "Feature",
      "geometry": { "type": "Point", "coordinates": [9.740381481000043, 52.361436340000068] },
      "properties": {
        "id": "131814",
        "name": "Unfall 131814 (2017) Kat:3",
        "year": 2017,
        "ulichtverh": "",
        "strasse": "",
        "ukategorie": "3",
        "utyp1": "7",
        "uart": "0",
        "umonat": "07",
        "ustunde": "11",
        "uwochentag": "6",
        "strzustand": "0",
        "istrad": "1",
        "istpkw": "0",
        "istfuss": "0",
        "istkrad": "0"
      }
    }
,
    {
      "type": "Feature",
      "geometry": { "type": "Point", "coordinates": [9.732148595000069, 52.371114282000065] },
      "properties": {
        "id": "131817",
        "name": "Unfall 131817 (2017) Kat:3",
        "year": 2017,
        "ulichtverh": "",
        "strasse": "",
        "ukategorie": "3",
        "utyp1": "5",
        "uart": "0",
        "umonat": "07",
        "ustunde": "11",
        "uwochentag": "6",
        "strzustand": "0",
        "istrad": "1",
        "istpkw": "1",
        "istfuss": "0",
        "istkrad": "0"
      }
    }
,
    {
      "type": "Feature",
      "geometry": { "type": "Point", "coordinates": [9.744031711000048, 52.372240082000076] },
      "properties": {
        "id": "131821",
        "name": "Unfall 131821 (2017) Kat:3",
        "year": 2017,
        "ulichtverh": "",
        "strasse": "",
        "ukategorie": "3",
        "utyp1": "7",
        "uart": "0",
        "umonat": "07",
        "ustunde": "17",
        "uwochentag": "6",
        "strzustand": "0",
        "istrad": "1",
        "istpkw": "0",
        "istfuss": "0",
        "istkrad": "0"
      }
    }
,
    {
      "type": "Feature",
      "geometry": { "type": "Point", "coordinates": [9.761129276000077, 52.365849768000032] },
      "properties": {
        "id": "131845",
        "name": "Unfall 131845 (2017) Kat:3",
        "year": 2017,
        "ulichtverh": "",
        "strasse": "",
        "ukategorie": "3",
        "utyp1": "3",
        "uart": "5",
        "umonat": "07",
        "ustunde": "13",
        "uwochentag": "5",
        "strzustand": "0",
        "istrad": "1",
        "istpkw": "1",
        "istfuss": "0",
        "istkrad": "0"
      }
    }
,
    {
      "type": "Feature",
      "geometry": { "type": "Point", "coordinates": [9.739997102000075, 52.397572297000067] },
      "properties": {
        "id": "131869",
        "name": "Unfall 131869 (2017) Kat:3",
        "year": 2017,
        "ulichtverh": "",
        "strasse": "",
        "ukategorie": "3",
        "utyp1": "3",
        "uart": "5",
        "umonat": "07",
        "ustunde": "12",
        "uwochentag": "4",
        "strzustand": "0",
        "istrad": "1",
        "istpkw": "1",
        "istfuss": "0",
        "istkrad": "0"
      }
    }
,
    {
      "type": "Feature",
      "geometry": { "type": "Point", "coordinates": [9.728385290000063, 52.374305272000072] },
      "properties": {
        "id": "131901",
        "name": "Unfall 131901 (2017) Kat:3",
        "year": 2017,
        "ulichtverh": "",
        "strasse": "",
        "ukategorie": "3",
        "utyp1": "1",
        "uart": "0",
        "umonat": "07",
        "ustunde": "17",
        "uwochentag": "5",
        "strzustand": "0",
        "istrad": "1",
        "istpkw": "0",
        "istfuss": "0",
        "istkrad": "0"
      }
    }
,
    {
      "type": "Feature",
      "geometry": { "type": "Point", "coordinates": [9.976157808000039, 52.377064821000033] },
      "properties": {
        "id": "131903",
        "name": "Unfall 131903 (2017) Kat:3",
        "year": 2017,
        "ulichtverh": "",
        "strasse": "",
        "ukategorie": "3",
        "utyp1": "7",
        "uart": "5",
        "umonat": "07",
        "ustunde": "16",
        "uwochentag": "5",
        "strzustand": "0",
        "istrad": "1",
        "istpkw": "1",
        "istfuss": "0",
        "istkrad": "0"
      }
    }
,
    {
      "type": "Feature",
      "geometry": { "type": "Point", "coordinates": [9.734779136000043, 52.480662519000077] },
      "properties": {
        "id": "131904",
        "name": "Unfall 131904 (2017) Kat:2",
        "year": 2017,
        "ulichtverh": "",
        "strasse": "",
        "ukategorie": "2",
        "utyp1": "3",
        "uart": "5",
        "umonat": "07",
        "ustunde": "09",
        "uwochentag": "5",
        "strzustand": "0",
        "istrad": "1",
        "istpkw": "1",
        "istfuss": "0",
        "istkrad": "0"
      }
    }
,
    {
      "type": "Feature",
      "geometry": { "type": "Point", "coordinates": [9.763852265000026, 52.398023256000045] },
      "properties": {
        "id": "131905",
        "name": "Unfall 131905 (2017) Kat:3",
        "year": 2017,
        "ulichtverh": "",
        "strasse": "",
        "ukategorie": "3",
        "utyp1": "2",
        "uart": "5",
        "umonat": "07",
        "ustunde": "09",
        "uwochentag": "5",
        "strzustand": "0",
        "istrad": "1",
        "istpkw": "0",
        "istfuss": "0",
        "istkrad": "0"
      }
    }
,
    {
      "type": "Feature",
      "geometry": { "type": "Point", "coordinates": [9.728312677000076, 52.358974482000065] },
      "properties": {
        "id": "131906",
        "name": "Unfall 131906 (2017) Kat:3",
        "year": 2017,
        "ulichtverh": "",
        "strasse": "",
        "ukategorie": "3",
        "utyp1": "3",
        "uart": "5",
        "umonat": "07",
        "ustunde": "08",
        "uwochentag": "5",
        "strzustand": "1",
        "istrad": "1",
        "istpkw": "0",
        "istfuss": "0",
        "istkrad": "0"
      }
    }
,
    {
      "type": "Feature",
      "geometry": { "type": "Point", "coordinates": [9.728214361000028, 52.374114252000027] },
      "properties": {
        "id": "131935",
        "name": "Unfall 131935 (2017) Kat:3",
        "year": 2017,
        "ulichtverh": "",
        "strasse": "",
        "ukategorie": "3",
        "utyp1": "2",
        "uart": "0",
        "umonat": "07",
        "ustunde": "13",
        "uwochentag": "4",
        "strzustand": "0",
        "istrad": "1",
        "istpkw": "1",
        "istfuss": "0",
        "istkrad": "0"
      }
    }
,
    {
      "type": "Feature",
      "geometry": { "type": "Point", "coordinates": [9.838146050000034, 52.338564906000045] },
      "properties": {
        "id": "131936",
        "name": "Unfall 131936 (2017) Kat:3",
        "year": 2017,
        "ulichtverh": "",
        "strasse": "",
        "ukategorie": "3",
        "utyp1": "3",
        "uart": "5",
        "umonat": "07",
        "ustunde": "15",
        "uwochentag": "4",
        "strzustand": "0",
        "istrad": "1",
        "istpkw": "1",
        "istfuss": "0",
        "istkrad": "0"
      }
    }
,
    {
      "type": "Feature",
      "geometry": { "type": "Point", "coordinates": [9.738592111000060, 52.381371666000064] },
      "properties": {
        "id": "131965",
        "name": "Unfall 131965 (2017) Kat:3",
        "year": 2017,
        "ulichtverh": "",
        "strasse": "",
        "ukategorie": "3",
        "utyp1": "3",
        "uart": "5",
        "umonat": "07",
        "ustunde": "19",
        "uwochentag": "3",
        "strzustand": "1",
        "istrad": "1",
        "istpkw": "1",
        "istfuss": "0",
        "istkrad": "0"
      }
    }
,
    {
      "type": "Feature",
      "geometry": { "type": "Point", "coordinates": [9.736798595000039, 52.376881765000064] },
      "properties": {
        "id": "131989",
        "name": "Unfall 131989 (2017) Kat:3",
        "year": 2017,
        "ulichtverh": "",
        "strasse": "",
        "ukategorie": "3",
        "utyp1": "2",
        "uart": "4",
        "umonat": "07",
        "ustunde": "14",
        "uwochentag": "2",
        "strzustand": "1",
        "istrad": "1",
        "istpkw": "1",
        "istfuss": "0",
        "istkrad": "0"
      }
    }
,
    {
      "type": "Feature",
      "geometry": { "type": "Point", "coordinates": [9.735696921000056, 52.376828102000047] },
      "properties": {
        "id": "131991",
        "name": "Unfall 131991 (2017) Kat:3",
        "year": 2017,
        "ulichtverh": "",
        "strasse": "",
        "ukategorie": "3",
        "utyp1": "1",
        "uart": "0",
        "umonat": "07",
        "ustunde": "10",
        "uwochentag": "2",
        "strzustand": "1",
        "istrad": "1",
        "istpkw": "0",
        "istfuss": "0",
        "istkrad": "0"
      }
    }
,
    {
      "type": "Feature",
      "geometry": { "type": "Point", "coordinates": [9.847449867000023, 52.272145801000079] },
      "properties": {
        "id": "132014",
        "name": "Unfall 132014 (2017) Kat:3",
        "year": 2017,
        "ulichtverh": "",
        "strasse": "",
        "ukategorie": "3",
        "utyp1": "1",
        "uart": "9",
        "umonat": "07",
        "ustunde": "02",
        "uwochentag": "1",
        "strzustand": "0",
        "istrad": "1",
        "istpkw": "0",
        "istfuss": "0",
        "istkrad": "0"
      }
    }
,
    {
      "type": "Feature",
      "geometry": { "type": "Point", "coordinates": [9.363721745000021, 52.460369369000034] },
      "properties": {
        "id": "132015",
        "name": "Unfall 132015 (2017) Kat:2",
        "year": 2017,
        "ulichtverh": "",
        "strasse": "",
        "ukategorie": "2",
        "utyp1": "7",
        "uart": "0",
        "umonat": "07",
        "ustunde": "14",
        "uwochentag": "1",
        "strzustand": "0",
        "istrad": "1",
        "istpkw": "0",
        "istfuss": "0",
        "istkrad": "0"
      }
    }
,
    {
      "type": "Feature",
      "geometry": { "type": "Point", "coordinates": [9.742482863000021, 52.358665476000056] },
      "properties": {
        "id": "132016",
        "name": "Unfall 132016 (2017) Kat:3",
        "year": 2017,
        "ulichtverh": "",
        "strasse": "",
        "ukategorie": "3",
        "utyp1": "2",
        "uart": "5",
        "umonat": "07",
        "ustunde": "16",
        "uwochentag": "1",
        "strzustand": "0",
        "istrad": "1",
        "istpkw": "1",
        "istfuss": "0",
        "istkrad": "0"
      }
    }
,
    {
      "type": "Feature",
      "geometry": { "type": "Point", "coordinates": [9.716401750000046, 52.382241540000052] },
      "properties": {
        "id": "132028",
        "name": "Unfall 132028 (2017) Kat:3",
        "year": 2017,
        "ulichtverh": "",
        "strasse": "",
        "ukategorie": "3",
        "utyp1": "3",
        "uart": "5",
        "umonat": "07",
        "ustunde": "12",
        "uwochentag": "7",
        "strzustand": "1",
        "istrad": "1",
        "istpkw": "0",
        "istfuss": "0",
        "istkrad": "1"
      }
    }
,
    {
      "type": "Feature",
      "geometry": { "type": "Point", "coordinates": [9.698686058000021, 52.439099729000077] },
      "properties": {
        "id": "132031",
        "name": "Unfall 132031 (2017) Kat:3",
        "year": 2017,
        "ulichtverh": "",
        "strasse": "",
        "ukategorie": "3",
        "utyp1": "3",
        "uart": "5",
        "umonat": "07",
        "ustunde": "01",
        "uwochentag": "7",
        "strzustand": "0",
        "istrad": "1",
        "istpkw": "1",
        "istfuss": "0",
        "istkrad": "0"
      }
    }
,
    {
      "type": "Feature",
      "geometry": { "type": "Point", "coordinates": [9.733676740000021, 52.379817410000044] },
      "properties": {
        "id": "132032",
        "name": "Unfall 132032 (2017) Kat:3",
        "year": 2017,
        "ulichtverh": "",
        "strasse": "",
        "ukategorie": "3",
        "utyp1": "3",
        "uart": "5",
        "umonat": "07",
        "ustunde": "17",
        "uwochentag": "7",
        "strzustand": "0",
        "istrad": "1",
        "istpkw": "1",
        "istfuss": "0",
        "istkrad": "0"
      }
    }
,
    {
      "type": "Feature",
      "geometry": { "type": "Point", "coordinates": [9.683424123000066, 52.413005461000068] },
      "properties": {
        "id": "132033",
        "name": "Unfall 132033 (2017) Kat:3",
        "year": 2017,
        "ulichtverh": "",
        "strasse": "",
        "ukategorie": "3",
        "utyp1": "5",
        "uart": "1",
        "umonat": "07",
        "ustunde": "15",
        "uwochentag": "7",
        "strzustand": "0",
        "istrad": "1",
        "istpkw": "1",
        "istfuss": "0",
        "istkrad": "0"
      }
    }
,
    {
      "type": "Feature",
      "geometry": { "type": "Point", "coordinates": [9.766174719000048, 52.381968455000049] },
      "properties": {
        "id": "132055",
        "name": "Unfall 132055 (2017) Kat:3",
        "year": 2017,
        "ulichtverh": "",
        "strasse": "",
        "ukategorie": "3",
        "utyp1": "6",
        "uart": "4",
        "umonat": "07",
        "ustunde": "15",
        "uwochentag": "6",
        "strzustand": "0",
        "istrad": "1",
        "istpkw": "1",
        "istfuss": "0",
        "istkrad": "0"
      }
    }
,
    {
      "type": "Feature",
      "geometry": { "type": "Point", "coordinates": [9.593866304000073, 52.399297751000063] },
      "properties": {
        "id": "132056",
        "name": "Unfall 132056 (2017) Kat:3",
        "year": 2017,
        "ulichtverh": "",
        "strasse": "",
        "ukategorie": "3",
        "utyp1": "5",
        "uart": "1",
        "umonat": "07",
        "ustunde": "18",
        "uwochentag": "6",
        "strzustand": "0",
        "istrad": "1",
        "istpkw": "1",
        "istfuss": "0",
        "istkrad": "0"
      }
    }
,
    {
      "type": "Feature",
      "geometry": { "type": "Point", "coordinates": [9.462347975000057, 52.507679668000037] },
      "properties": {
        "id": "132057",
        "name": "Unfall 132057 (2017) Kat:3",
        "year": 2017,
        "ulichtverh": "",
        "strasse": "",
        "ukategorie": "3",
        "utyp1": "3",
        "uart": "5",
        "umonat": "07",
        "ustunde": "11",
        "uwochentag": "6",
        "strzustand": "0",
        "istrad": "1",
        "istpkw": "1",
        "istfuss": "0",
        "istkrad": "0"
      }
    }
,
    {
      "type": "Feature",
      "geometry": { "type": "Point", "coordinates": [9.757510735000039, 52.361072200000081] },
      "properties": {
        "id": "132075",
        "name": "Unfall 132075 (2017) Kat:3",
        "year": 2017,
        "ulichtverh": "",
        "strasse": "",
        "ukategorie": "3",
        "utyp1": "4",
        "uart": "6",
        "umonat": "07",
        "ustunde": "22",
        "uwochentag": "5",
        "strzustand": "0",
        "istrad": "1",
        "istpkw": "1",
        "istfuss": "1",
        "istkrad": "0"
      }
    }
,
    {
      "type": "Feature",
      "geometry": { "type": "Point", "coordinates": [9.382803871000021, 52.457931877000078] },
      "properties": {
        "id": "132078",
        "name": "Unfall 132078 (2017) Kat:3",
        "year": 2017,
        "ulichtverh": "",
        "strasse": "",
        "ukategorie": "3",
        "utyp1": "7",
        "uart": "7",
        "umonat": "07",
        "ustunde": "17",
        "uwochentag": "5",
        "strzustand": "0",
        "istrad": "1",
        "istpkw": "0",
        "istfuss": "1",
        "istkrad": "0"
      }
    }
,
    {
      "type": "Feature",
      "geometry": { "type": "Point", "coordinates": [9.658843725000054, 52.406161767000071] },
      "properties": {
        "id": "132080",
        "name": "Unfall 132080 (2017) Kat:2",
        "year": 2017,
        "ulichtverh": "",
        "strasse": "",
        "ukategorie": "2",
        "utyp1": "3",
        "uart": "5",
        "umonat": "07",
        "ustunde": "16",
        "uwochentag": "5",
        "strzustand": "0",
        "istrad": "1",
        "istpkw": "0",
        "istfuss": "0",
        "istkrad": "0"
      }
    }
,
    {
      "type": "Feature",
      "geometry": { "type": "Point", "coordinates": [9.722111282000071, 52.417124863000026] },
      "properties": {
        "id": "132081",
        "name": "Unfall 132081 (2017) Kat:3",
        "year": 2017,
        "ulichtverh": "",
        "strasse": "",
        "ukategorie": "3",
        "utyp1": "7",
        "uart": "0",
        "umonat": "07",
        "ustunde": "08",
        "uwochentag": "5",
        "strzustand": "0",
        "istrad": "1",
        "istpkw": "0",
        "istfuss": "0",
        "istkrad": "0"
      }
    }
,
    {
      "type": "Feature",
      "geometry": { "type": "Point", "coordinates": [9.738434520000055, 52.363337028000046] },
      "properties": {
        "id": "132103",
        "name": "Unfall 132103 (2017) Kat:3",
        "year": 2017,
        "ulichtverh": "",
        "strasse": "",
        "ukategorie": "3",
        "utyp1": "3",
        "uart": "5",
        "umonat": "07",
        "ustunde": "12",
        "uwochentag": "4",
        "strzustand": "0",
        "istrad": "1",
        "istpkw": "1",
        "istfuss": "0",
        "istkrad": "0"
      }
    }
,
    {
      "type": "Feature",
      "geometry": { "type": "Point", "coordinates": [9.831580081000027, 52.284241873000042] },
      "properties": {
        "id": "132104",
        "name": "Unfall 132104 (2017) Kat:3",
        "year": 2017,
        "ulichtverh": "",
        "strasse": "",
        "ukategorie": "3",
        "utyp1": "5",
        "uart": "1",
        "umonat": "07",
        "ustunde": "07",
        "uwochentag": "4",
        "strzustand": "0",
        "istrad": "1",
        "istpkw": "1",
        "istfuss": "0",
        "istkrad": "0"
      }
    }
,
    {
      "type": "Feature",
      "geometry": { "type": "Point", "coordinates": [9.765952403000028, 52.341901659000030] },
      "properties": {
        "id": "132105",
        "name": "Unfall 132105 (2017) Kat:3",
        "year": 2017,
        "ulichtverh": "",
        "strasse": "",
        "ukategorie": "3",
        "utyp1": "4",
        "uart": "6",
        "umonat": "07",
        "ustunde": "06",
        "uwochentag": "4",
        "strzustand": "0",
        "istrad": "1",
        "istpkw": "0",
        "istfuss": "1",
        "istkrad": "0"
      }
    }
,
    {
      "type": "Feature",
      "geometry": { "type": "Point", "coordinates": [9.744714273000056, 52.387324545000070] },
      "properties": {
        "id": "132106",
        "name": "Unfall 132106 (2017) Kat:3",
        "year": 2017,
        "ulichtverh": "",
        "strasse": "",
        "ukategorie": "3",
        "utyp1": "5",
        "uart": "1",
        "umonat": "07",
        "ustunde": "16",
        "uwochentag": "4",
        "strzustand": "0",
        "istrad": "1",
        "istpkw": "1",
        "istfuss": "0",
        "istkrad": "0"
      }
    }
,
    {
      "type": "Feature",
      "geometry": { "type": "Point", "coordinates": [9.730217820000064, 52.380063904000053] },
      "properties": {
        "id": "132107",
        "name": "Unfall 132107 (2017) Kat:3",
        "year": 2017,
        "ulichtverh": "",
        "strasse": "",
        "ukategorie": "3",
        "utyp1": "4",
        "uart": "6",
        "umonat": "07",
        "ustunde": "15",
        "uwochentag": "4",
        "strzustand": "0",
        "istrad": "1",
        "istpkw": "0",
        "istfuss": "1",
        "istkrad": "0"
      }
    }
,
    {
      "type": "Feature",
      "geometry": { "type": "Point", "coordinates": [9.732091221000076, 52.344787126000028] },
      "properties": {
        "id": "132133",
        "name": "Unfall 132133 (2017) Kat:3",
        "year": 2017,
        "ulichtverh": "",
        "strasse": "",
        "ukategorie": "3",
        "utyp1": "5",
        "uart": "1",
        "umonat": "07",
        "ustunde": "20",
        "uwochentag": "3",
        "strzustand": "0",
        "istrad": "1",
        "istpkw": "1",
        "istfuss": "0",
        "istkrad": "0"
      }
    }
,
    {
      "type": "Feature",
      "geometry": { "type": "Point", "coordinates": [9.782765844000039, 52.373677169000075] },
      "properties": {
        "id": "132134",
        "name": "Unfall 132134 (2017) Kat:3",
        "year": 2017,
        "ulichtverh": "",
        "strasse": "",
        "ukategorie": "3",
        "utyp1": "1",
        "uart": "0",
        "umonat": "07",
        "ustunde": "22",
        "uwochentag": "3",
        "strzustand": "0",
        "istrad": "1",
        "istpkw": "0",
        "istfuss": "0",
        "istkrad": "0"
      }
    }
,
    {
      "type": "Feature",
      "geometry": { "type": "Point", "coordinates": [9.761342560000060, 52.379958496000029] },
      "properties": {
        "id": "132135",
        "name": "Unfall 132135 (2017) Kat:3",
        "year": 2017,
        "ulichtverh": "",
        "strasse": "",
        "ukategorie": "3",
        "utyp1": "3",
        "uart": "5",
        "umonat": "07",
        "ustunde": "18",
        "uwochentag": "3",
        "strzustand": "0",
        "istrad": "1",
        "istpkw": "1",
        "istfuss": "0",
        "istkrad": "0"
      }
    }
,
    {
      "type": "Feature",
      "geometry": { "type": "Point", "coordinates": [9.782554345000051, 52.373297617000048] },
      "properties": {
        "id": "132137",
        "name": "Unfall 132137 (2017) Kat:3",
        "year": 2017,
        "ulichtverh": "",
        "strasse": "",
        "ukategorie": "3",
        "utyp1": "3",
        "uart": "5",
        "umonat": "07",
        "ustunde": "19",
        "uwochentag": "3",
        "strzustand": "0",
        "istrad": "1",
        "istpkw": "0",
        "istfuss": "0",
        "istkrad": "0"
      }
    }
,
    {
      "type": "Feature",
      "geometry": { "type": "Point", "coordinates": [9.799889658000041, 52.376668126000027] },
      "properties": {
        "id": "132140",
        "name": "Unfall 132140 (2017) Kat:3",
        "year": 2017,
        "ulichtverh": "",
        "strasse": "",
        "ukategorie": "3",
        "utyp1": "2",
        "uart": "5",
        "umonat": "07",
        "ustunde": "17",
        "uwochentag": "3",
        "strzustand": "0",
        "istrad": "1",
        "istpkw": "1",
        "istfuss": "0",
        "istkrad": "0"
      }
    }
,
    {
      "type": "Feature",
      "geometry": { "type": "Point", "coordinates": [9.729830694000043, 52.410953042000074] },
      "properties": {
        "id": "132162",
        "name": "Unfall 132162 (2017) Kat:2",
        "year": 2017,
        "ulichtverh": "",
        "strasse": "",
        "ukategorie": "2",
        "utyp1": "1",
        "uart": "0",
        "umonat": "07",
        "ustunde": "22",
        "uwochentag": "2",
        "strzustand": "0",
        "istrad": "1",
        "istpkw": "0",
        "istfuss": "0",
        "istkrad": "0"
      }
    }
,
    {
      "type": "Feature",
      "geometry": { "type": "Point", "coordinates": [10.015169272000037, 52.436497614000075] },
      "properties": {
        "id": "132173",
        "name": "Unfall 132173 (2017) Kat:3",
        "year": 2017,
        "ulichtverh": "",
        "strasse": "",
        "ukategorie": "3",
        "utyp1": "2",
        "uart": "0",
        "umonat": "07",
        "ustunde": "07",
        "uwochentag": "5",
        "strzustand": "0",
        "istrad": "1",
        "istpkw": "1",
        "istfuss": "0",
        "istkrad": "0"
      }
    }
,
    {
      "type": "Feature",
      "geometry": { "type": "Point", "coordinates": [9.737475542000027, 52.381685324000046] },
      "properties": {
        "id": "132180",
        "name": "Unfall 132180 (2017) Kat:3",
        "year": 2017,
        "ulichtverh": "",
        "strasse": "",
        "ukategorie": "3",
        "utyp1": "3",
        "uart": "5",
        "umonat": "07",
        "ustunde": "10",
        "uwochentag": "6",
        "strzustand": "0",
        "istrad": "1",
        "istpkw": "1",
        "istfuss": "0",
        "istkrad": "0"
      }
    }
,
    {
      "type": "Feature",
      "geometry": { "type": "Point", "coordinates": [9.771219431000077, 52.330902310000056] },
      "properties": {
        "id": "132192",
        "name": "Unfall 132192 (2017) Kat:3",
        "year": 2017,
        "ulichtverh": "",
        "strasse": "",
        "ukategorie": "3",
        "utyp1": "7",
        "uart": "1",
        "umonat": "08",
        "ustunde": "02",
        "uwochentag": "7",
        "strzustand": "0",
        "istrad": "1",
        "istpkw": "1",
        "istfuss": "0",
        "istkrad": "0"
      }
    }
,
    {
      "type": "Feature",
      "geometry": { "type": "Point", "coordinates": [9.596126189000074, 52.310634393000043] },
      "properties": {
        "id": "132193",
        "name": "Unfall 132193 (2017) Kat:3",
        "year": 2017,
        "ulichtverh": "",
        "strasse": "",
        "ukategorie": "3",
        "utyp1": "7",
        "uart": "0",
        "umonat": "08",
        "ustunde": "13",
        "uwochentag": "7",
        "strzustand": "1",
        "istrad": "1",
        "istpkw": "0",
        "istfuss": "0",
        "istkrad": "0"
      }
    }
,
    {
      "type": "Feature",
      "geometry": { "type": "Point", "coordinates": [9.733889326000053, 52.362221976000058] },
      "properties": {
        "id": "132196",
        "name": "Unfall 132196 (2017) Kat:2",
        "year": 2017,
        "ulichtverh": "",
        "strasse": "",
        "ukategorie": "2",
        "utyp1": "1",
        "uart": "0",
        "umonat": "08",
        "ustunde": "10",
        "uwochentag": "7",
        "strzustand": "1",
        "istrad": "1",
        "istpkw": "0",
        "istfuss": "0",
        "istkrad": "0"
      }
    }
,
    {
      "type": "Feature",
      "geometry": { "type": "Point", "coordinates": [9.719810063000068, 52.375114754000037] },
      "properties": {
        "id": "132217",
        "name": "Unfall 132217 (2017) Kat:3",
        "year": 2017,
        "ulichtverh": "",
        "strasse": "",
        "ukategorie": "3",
        "utyp1": "3",
        "uart": "5",
        "umonat": "08",
        "ustunde": "08",
        "uwochentag": "6",
        "strzustand": "0",
        "istrad": "1",
        "istpkw": "1",
        "istfuss": "0",
        "istkrad": "0"
      }
    }
,
    {
      "type": "Feature",
      "geometry": { "type": "Point", "coordinates": [9.746564489000036, 52.381175338000048] },
      "properties": {
        "id": "132221",
        "name": "Unfall 132221 (2017) Kat:3",
        "year": 2017,
        "ulichtverh": "",
        "strasse": "",
        "ukategorie": "3",
        "utyp1": "3",
        "uart": "0",
        "umonat": "08",
        "ustunde": "12",
        "uwochentag": "6",
        "strzustand": "0",
        "istrad": "1",
        "istpkw": "0",
        "istfuss": "0",
        "istkrad": "1"
      }
    }
,
    {
      "type": "Feature",
      "geometry": { "type": "Point", "coordinates": [9.735044453000057, 52.380327969000064] },
      "properties": {
        "id": "132254",
        "name": "Unfall 132254 (2017) Kat:3",
        "year": 2017,
        "ulichtverh": "",
        "strasse": "",
        "ukategorie": "3",
        "utyp1": "2",
        "uart": "3",
        "umonat": "08",
        "ustunde": "18",
        "uwochentag": "5",
        "strzustand": "0",
        "istrad": "1",
        "istpkw": "1",
        "istfuss": "0",
        "istkrad": "0"
      }
    }
,
    {
      "type": "Feature",
      "geometry": { "type": "Point", "coordinates": [9.748939514000028, 52.376069367000071] },
      "properties": {
        "id": "132255",
        "name": "Unfall 132255 (2017) Kat:3",
        "year": 2017,
        "ulichtverh": "",
        "strasse": "",
        "ukategorie": "3",
        "utyp1": "5",
        "uart": "1",
        "umonat": "08",
        "ustunde": "15",
        "uwochentag": "5",
        "strzustand": "0",
        "istrad": "1",
        "istpkw": "1",
        "istfuss": "0",
        "istkrad": "0"
      }
    }
,
    {
      "type": "Feature",
      "geometry": { "type": "Point", "coordinates": [9.749772407000023, 52.376470969000081] },
      "properties": {
        "id": "132278",
        "name": "Unfall 132278 (2017) Kat:3",
        "year": 2017,
        "ulichtverh": "",
        "strasse": "",
        "ukategorie": "3",
        "utyp1": "2",
        "uart": "2",
        "umonat": "08",
        "ustunde": "19",
        "uwochentag": "4",
        "strzustand": "0",
        "istrad": "1",
        "istpkw": "1",
        "istfuss": "0",
        "istkrad": "0"
      }
    }
,
    {
      "type": "Feature",
      "geometry": { "type": "Point", "coordinates": [9.378732301000071, 52.455036780000057] },
      "properties": {
        "id": "132279",
        "name": "Unfall 132279 (2017) Kat:3",
        "year": 2017,
        "ulichtverh": "",
        "strasse": "",
        "ukategorie": "3",
        "utyp1": "3",
        "uart": "5",
        "umonat": "08",
        "ustunde": "14",
        "uwochentag": "4",
        "strzustand": "0",
        "istrad": "1",
        "istpkw": "0",
        "istfuss": "0",
        "istkrad": "0"
      }
    }
,
    {
      "type": "Feature",
      "geometry": { "type": "Point", "coordinates": [9.732498557000042, 52.327546710000036] },
      "properties": {
        "id": "132280",
        "name": "Unfall 132280 (2017) Kat:3",
        "year": 2017,
        "ulichtverh": "",
        "strasse": "",
        "ukategorie": "3",
        "utyp1": "3",
        "uart": "0",
        "umonat": "08",
        "ustunde": "18",
        "uwochentag": "4",
        "strzustand": "0",
        "istrad": "1",
        "istpkw": "1",
        "istfuss": "0",
        "istkrad": "0"
      }
    }
,
    {
      "type": "Feature",
      "geometry": { "type": "Point", "coordinates": [9.667972713000040, 52.339121295000041] },
      "properties": {
        "id": "132281",
        "name": "Unfall 132281 (2017) Kat:3",
        "year": 2017,
        "ulichtverh": "",
        "strasse": "",
        "ukategorie": "3",
        "utyp1": "1",
        "uart": "0",
        "umonat": "08",
        "ustunde": "13",
        "uwochentag": "4",
        "strzustand": "0",
        "istrad": "1",
        "istpkw": "0",
        "istfuss": "0",
        "istkrad": "0"
      }
    }
,
    {
      "type": "Feature",
      "geometry": { "type": "Point", "coordinates": [9.770012016000067, 52.383715492000078] },
      "properties": {
        "id": "132283",
        "name": "Unfall 132283 (2017) Kat:3",
        "year": 2017,
        "ulichtverh": "",
        "strasse": "",
        "ukategorie": "3",
        "utyp1": "1",
        "uart": "0",
        "umonat": "08",
        "ustunde": "13",
        "uwochentag": "4",
        "strzustand": "0",
        "istrad": "1",
        "istpkw": "0",
        "istfuss": "0",
        "istkrad": "0"
      }
    }
,
    {
      "type": "Feature",
      "geometry": { "type": "Point", "coordinates": [9.754778882000039, 52.389563812000063] },
      "properties": {
        "id": "132284",
        "name": "Unfall 132284 (2017) Kat:3",
        "year": 2017,
        "ulichtverh": "",
        "strasse": "",
        "ukategorie": "3",
        "utyp1": "2",
        "uart": "5",
        "umonat": "08",
        "ustunde": "13",
        "uwochentag": "4",
        "strzustand": "0",
        "istrad": "1",
        "istpkw": "0",
        "istfuss": "0",
        "istkrad": "0"
      }
    }
,
    {
      "type": "Feature",
      "geometry": { "type": "Point", "coordinates": [9.696120043000065, 52.341832205000060] },
      "properties": {
        "id": "132317",
        "name": "Unfall 132317 (2017) Kat:3",
        "year": 2017,
        "ulichtverh": "",
        "strasse": "",
        "ukategorie": "3",
        "utyp1": "1",
        "uart": "0",
        "umonat": "08",
        "ustunde": "13",
        "uwochentag": "3",
        "strzustand": "0",
        "istrad": "1",
        "istpkw": "0",
        "istfuss": "0",
        "istkrad": "0"
      }
    }
,
    {
      "type": "Feature",
      "geometry": { "type": "Point", "coordinates": [9.762055343000043, 52.370859006000046] },
      "properties": {
        "id": "132318",
        "name": "Unfall 132318 (2017) Kat:3",
        "year": 2017,
        "ulichtverh": "",
        "strasse": "",
        "ukategorie": "3",
        "utyp1": "3",
        "uart": "5",
        "umonat": "08",
        "ustunde": "20",
        "uwochentag": "3",
        "strzustand": "0",
        "istrad": "1",
        "istpkw": "1",
        "istfuss": "0",
        "istkrad": "0"
      }
    }
,
    {
      "type": "Feature",
      "geometry": { "type": "Point", "coordinates": [9.599112263000052, 52.420402819000060] },
      "properties": {
        "id": "132320",
        "name": "Unfall 132320 (2017) Kat:3",
        "year": 2017,
        "ulichtverh": "",
        "strasse": "",
        "ukategorie": "3",
        "utyp1": "3",
        "uart": "5",
        "umonat": "08",
        "ustunde": "12",
        "uwochentag": "3",
        "strzustand": "1",
        "istrad": "1",
        "istpkw": "1",
        "istfuss": "0",
        "istkrad": "0"
      }
    }
,
    {
      "type": "Feature",
      "geometry": { "type": "Point", "coordinates": [9.973869414000035, 52.375748715000043] },
      "properties": {
        "id": "132321",
        "name": "Unfall 132321 (2017) Kat:3",
        "year": 2017,
        "ulichtverh": "",
        "strasse": "",
        "ukategorie": "3",
        "utyp1": "7",
        "uart": "0",
        "umonat": "08",
        "ustunde": "15",
        "uwochentag": "3",
        "strzustand": "0",
        "istrad": "1",
        "istpkw": "0",
        "istfuss": "0",
        "istkrad": "0"
      }
    }
,
    {
      "type": "Feature",
      "geometry": { "type": "Point", "coordinates": [9.830357536000065, 52.424875395000072] },
      "properties": {
        "id": "132323",
        "name": "Unfall 132323 (2017) Kat:3",
        "year": 2017,
        "ulichtverh": "",
        "strasse": "",
        "ukategorie": "3",
        "utyp1": "3",
        "uart": "5",
        "umonat": "08",
        "ustunde": "12",
        "uwochentag": "3",
        "strzustand": "0",
        "istrad": "1",
        "istpkw": "1",
        "istfuss": "0",
        "istkrad": "0"
      }
    }
,
    {
      "type": "Feature",
      "geometry": { "type": "Point", "coordinates": [9.798743482000077, 52.385306588000049] },
      "properties": {
        "id": "132349",
        "name": "Unfall 132349 (2017) Kat:3",
        "year": 2017,
        "ulichtverh": "",
        "strasse": "",
        "ukategorie": "3",
        "utyp1": "3",
        "uart": "5",
        "umonat": "07",
        "ustunde": "06",
        "uwochentag": "2",
        "strzustand": "0",
        "istrad": "1",
        "istpkw": "1",
        "istfuss": "0",
        "istkrad": "0"
      }
    }
,
    {
      "type": "Feature",
      "geometry": { "type": "Point", "coordinates": [9.460452519000057, 52.502571218000071] },
      "properties": {
        "id": "132374",
        "name": "Unfall 132374 (2017) Kat:3",
        "year": 2017,
        "ulichtverh": "",
        "strasse": "",
        "ukategorie": "3",
        "utyp1": "1",
        "uart": "0",
        "umonat": "07",
        "ustunde": "21",
        "uwochentag": "1",
        "strzustand": "0",
        "istrad": "1",
        "istpkw": "0",
        "istfuss": "0",
        "istkrad": "0"
      }
    }
,
    {
      "type": "Feature",
      "geometry": { "type": "Point", "coordinates": [9.733013640000024, 52.375732331000052] },
      "properties": {
        "id": "132375",
        "name": "Unfall 132375 (2017) Kat:3",
        "year": 2017,
        "ulichtverh": "",
        "strasse": "",
        "ukategorie": "3",
        "utyp1": "6",
        "uart": "6",
        "umonat": "07",
        "ustunde": "12",
        "uwochentag": "1",
        "strzustand": "0",
        "istrad": "1",
        "istpkw": "0",
        "istfuss": "1",
        "istkrad": "0"
      }
    }
,
    {
      "type": "Feature",
      "geometry": { "type": "Point", "coordinates": [9.690061612000022, 52.392653430000053] },
      "properties": {
        "id": "132396",
        "name": "Unfall 132396 (2017) Kat:3",
        "year": 2017,
        "ulichtverh": "",
        "strasse": "",
        "ukategorie": "3",
        "utyp1": "7",
        "uart": "0",
        "umonat": "07",
        "ustunde": "23",
        "uwochentag": "7",
        "strzustand": "0",
        "istrad": "1",
        "istpkw": "0",
        "istfuss": "0",
        "istkrad": "0"
      }
    }
,
    {
      "type": "Feature",
      "geometry": { "type": "Point", "coordinates": [9.774454394000031, 52.398290981000059] },
      "properties": {
        "id": "132398",
        "name": "Unfall 132398 (2017) Kat:3",
        "year": 2017,
        "ulichtverh": "",
        "strasse": "",
        "ukategorie": "3",
        "utyp1": "1",
        "uart": "0",
        "umonat": "07",
        "ustunde": "10",
        "uwochentag": "7",
        "strzustand": "0",
        "istrad": "1",
        "istpkw": "0",
        "istfuss": "0",
        "istkrad": "0"
      }
    }
,
    {
      "type": "Feature",
      "geometry": { "type": "Point", "coordinates": [9.729452066000022, 52.375877880000075] },
      "properties": {
        "id": "132416",
        "name": "Unfall 132416 (2017) Kat:3",
        "year": 2017,
        "ulichtverh": "",
        "strasse": "",
        "ukategorie": "3",
        "utyp1": "5",
        "uart": "3",
        "umonat": "07",
        "ustunde": "12",
        "uwochentag": "6",
        "strzustand": "0",
        "istrad": "1",
        "istpkw": "1",
        "istfuss": "0",
        "istkrad": "0"
      }
    }
,
    {
      "type": "Feature",
      "geometry": { "type": "Point", "coordinates": [9.461688339000034, 52.506746389000057] },
      "properties": {
        "id": "132417",
        "name": "Unfall 132417 (2017) Kat:3",
        "year": 2017,
        "ulichtverh": "",
        "strasse": "",
        "ukategorie": "3",
        "utyp1": "3",
        "uart": "5",
        "umonat": "07",
        "ustunde": "09",
        "uwochentag": "6",
        "strzustand": "0",
        "istrad": "1",
        "istpkw": "1",
        "istfuss": "0",
        "istkrad": "0"
      }
    }
,
    {
      "type": "Feature",
      "geometry": { "type": "Point", "coordinates": [9.755934780000075, 52.343302306000055] },
      "properties": {
        "id": "132448",
        "name": "Unfall 132448 (2017) Kat:3",
        "year": 2017,
        "ulichtverh": "",
        "strasse": "",
        "ukategorie": "3",
        "utyp1": "7",
        "uart": "7",
        "umonat": "08",
        "ustunde": "23",
        "uwochentag": "6",
        "strzustand": "1",
        "istrad": "1",
        "istpkw": "0",
        "istfuss": "0",
        "istkrad": "0"
      }
    }
,
    {
      "type": "Feature",
      "geometry": { "type": "Point", "coordinates": [10.016307632000064, 52.442660911000075] },
      "properties": {
        "id": "132453",
        "name": "Unfall 132453 (2017) Kat:3",
        "year": 2017,
        "ulichtverh": "",
        "strasse": "",
        "ukategorie": "3",
        "utyp1": "5",
        "uart": "1",
        "umonat": "08",
        "ustunde": "07",
        "uwochentag": "6",
        "strzustand": "1",
        "istrad": "1",
        "istpkw": "1",
        "istfuss": "0",
        "istkrad": "0"
      }
    }
,
    {
      "type": "Feature",
      "geometry": { "type": "Point", "coordinates": [9.792052922000039, 52.401203309000039] },
      "properties": {
        "id": "132454",
        "name": "Unfall 132454 (2017) Kat:3",
        "year": 2017,
        "ulichtverh": "",
        "strasse": "",
        "ukategorie": "3",
        "utyp1": "1",
        "uart": "0",
        "umonat": "08",
        "ustunde": "16",
        "uwochentag": "6",
        "strzustand": "1",
        "istrad": "1",
        "istpkw": "0",
        "istfuss": "0",
        "istkrad": "0"
      }
    }
,
    {
      "type": "Feature",
      "geometry": { "type": "Point", "coordinates": [9.769497552000075, 52.355452776000050] },
      "properties": {
        "id": "132455",
        "name": "Unfall 132455 (2017) Kat:3",
        "year": 2017,
        "ulichtverh": "",
        "strasse": "",
        "ukategorie": "3",
        "utyp1": "5",
        "uart": "0",
        "umonat": "08",
        "ustunde": "15",
        "uwochentag": "6",
        "strzustand": "1",
        "istrad": "1",
        "istpkw": "0",
        "istfuss": "0",
        "istkrad": "0"
      }
    }
,
    {
      "type": "Feature",
      "geometry": { "type": "Point", "coordinates": [9.750483723000059, 52.415935620000027] },
      "properties": {
        "id": "132497",
        "name": "Unfall 132497 (2017) Kat:3",
        "year": 2017,
        "ulichtverh": "",
        "strasse": "",
        "ukategorie": "3",
        "utyp1": "6",
        "uart": "6",
        "umonat": "08",
        "ustunde": "07",
        "uwochentag": "5",
        "strzustand": "1",
        "istrad": "1",
        "istpkw": "0",
        "istfuss": "1",
        "istkrad": "0"
      }
    }
,
    {
      "type": "Feature",
      "geometry": { "type": "Point", "coordinates": [9.749786725000035, 52.378029905000062] },
      "properties": {
        "id": "132498",
        "name": "Unfall 132498 (2017) Kat:3",
        "year": 2017,
        "ulichtverh": "",
        "strasse": "",
        "ukategorie": "3",
        "utyp1": "3",
        "uart": "5",
        "umonat": "08",
        "ustunde": "09",
        "uwochentag": "5",
        "strzustand": "1",
        "istrad": "1",
        "istpkw": "0",
        "istfuss": "0",
        "istkrad": "0"
      }
    }
,
    {
      "type": "Feature",
      "geometry": { "type": "Point", "coordinates": [9.745366424000054, 52.378697058000057] },
      "properties": {
        "id": "132502",
        "name": "Unfall 132502 (2017) Kat:3",
        "year": 2017,
        "ulichtverh": "",
        "strasse": "",
        "ukategorie": "3",
        "utyp1": "2",
        "uart": "5",
        "umonat": "08",
        "ustunde": "14",
        "uwochentag": "5",
        "strzustand": "0",
        "istrad": "1",
        "istpkw": "1",
        "istfuss": "0",
        "istkrad": "0"
      }
    }
,
    {
      "type": "Feature",
      "geometry": { "type": "Point", "coordinates": [9.741959560000055, 52.373732446000076] },
      "properties": {
        "id": "132504",
        "name": "Unfall 132504 (2017) Kat:2",
        "year": 2017,
        "ulichtverh": "",
        "strasse": "",
        "ukategorie": "2",
        "utyp1": "3",
        "uart": "5",
        "umonat": "08",
        "ustunde": "12",
        "uwochentag": "5",
        "strzustand": "0",
        "istrad": "1",
        "istpkw": "1",
        "istfuss": "0",
        "istkrad": "0"
      }
    }
,
    {
      "type": "Feature",
      "geometry": { "type": "Point", "coordinates": [9.727906714000028, 52.349375836000036] },
      "properties": {
        "id": "132547",
        "name": "Unfall 132547 (2017) Kat:3",
        "year": 2017,
        "ulichtverh": "",
        "strasse": "",
        "ukategorie": "3",
        "utyp1": "3",
        "uart": "5",
        "umonat": "08",
        "ustunde": "13",
        "uwochentag": "4",
        "strzustand": "0",
        "istrad": "1",
        "istpkw": "0",
        "istfuss": "0",
        "istkrad": "0"
      }
    }
,
    {
      "type": "Feature",
      "geometry": { "type": "Point", "coordinates": [9.608837119000043, 52.408024939000029] },
      "properties": {
        "id": "132549",
        "name": "Unfall 132549 (2017) Kat:3",
        "year": 2017,
        "ulichtverh": "",
        "strasse": "",
        "ukategorie": "3",
        "utyp1": "1",
        "uart": "5",
        "umonat": "08",
        "ustunde": "17",
        "uwochentag": "4",
        "strzustand": "0",
        "istrad": "1",
        "istpkw": "1",
        "istfuss": "0",
        "istkrad": "0"
      }
    }
,
    {
      "type": "Feature",
      "geometry": { "type": "Point", "coordinates": [9.803082697000036, 52.396578792000071] },
      "properties": {
        "id": "132555",
        "name": "Unfall 132555 (2017) Kat:3",
        "year": 2017,
        "ulichtverh": "",
        "strasse": "",
        "ukategorie": "3",
        "utyp1": "3",
        "uart": "5",
        "umonat": "08",
        "ustunde": "11",
        "uwochentag": "4",
        "strzustand": "0",
        "istrad": "1",
        "istpkw": "1",
        "istfuss": "0",
        "istkrad": "0"
      }
    }
,
    {
      "type": "Feature",
      "geometry": { "type": "Point", "coordinates": [9.746375257000068, 52.354177497000080] },
      "properties": {
        "id": "132556",
        "name": "Unfall 132556 (2017) Kat:3",
        "year": 2017,
        "ulichtverh": "",
        "strasse": "",
        "ukategorie": "3",
        "utyp1": "6",
        "uart": "4",
        "umonat": "08",
        "ustunde": "07",
        "uwochentag": "4",
        "strzustand": "0",
        "istrad": "1",
        "istpkw": "0",
        "istfuss": "0",
        "istkrad": "0"
      }
    }
,
    {
      "type": "Feature",
      "geometry": { "type": "Point", "coordinates": [9.741540577000023, 52.373817926000072] },
      "properties": {
        "id": "132591",
        "name": "Unfall 132591 (2017) Kat:3",
        "year": 2017,
        "ulichtverh": "",
        "strasse": "",
        "ukategorie": "3",
        "utyp1": "6",
        "uart": "3",
        "umonat": "08",
        "ustunde": "08",
        "uwochentag": "3",
        "strzustand": "0",
        "istrad": "1",
        "istpkw": "1",
        "istfuss": "0",
        "istkrad": "0"
      }
    }
,
    {
      "type": "Feature",
      "geometry": { "type": "Point", "coordinates": [9.450380660000064, 52.507460494000043] },
      "properties": {
        "id": "132593",
        "name": "Unfall 132593 (2017) Kat:3",
        "year": 2017,
        "ulichtverh": "",
        "strasse": "",
        "ukategorie": "3",
        "utyp1": "3",
        "uart": "5",
        "umonat": "08",
        "ustunde": "07",
        "uwochentag": "3",
        "strzustand": "0",
        "istrad": "1",
        "istpkw": "1",
        "istfuss": "0",
        "istkrad": "0"
      }
    }
,
    {
      "type": "Feature",
      "geometry": { "type": "Point", "coordinates": [9.746467618000054, 52.367566564000072] },
      "properties": {
        "id": "132625",
        "name": "Unfall 132625 (2017) Kat:3",
        "year": 2017,
        "ulichtverh": "",
        "strasse": "",
        "ukategorie": "3",
        "utyp1": "7",
        "uart": "1",
        "umonat": "08",
        "ustunde": "09",
        "uwochentag": "2",
        "strzustand": "0",
        "istrad": "1",
        "istpkw": "1",
        "istfuss": "0",
        "istkrad": "0"
      }
    }
,
    {
      "type": "Feature",
      "geometry": { "type": "Point", "coordinates": [9.742424578000055, 52.386425651000081] },
      "properties": {
        "id": "132626",
        "name": "Unfall 132626 (2017) Kat:3",
        "year": 2017,
        "ulichtverh": "",
        "strasse": "",
        "ukategorie": "3",
        "utyp1": "6",
        "uart": "6",
        "umonat": "08",
        "ustunde": "07",
        "uwochentag": "2",
        "strzustand": "0",
        "istrad": "1",
        "istpkw": "0",
        "istfuss": "1",
        "istkrad": "0"
      }
    }
,
    {
      "type": "Feature",
      "geometry": { "type": "Point", "coordinates": [9.754175902000043, 52.389938691000054] },
      "properties": {
        "id": "132627",
        "name": "Unfall 132627 (2017) Kat:2",
        "year": 2017,
        "ulichtverh": "",
        "strasse": "",
        "ukategorie": "2",
        "utyp1": "7",
        "uart": "0",
        "umonat": "08",
        "ustunde": "20",
        "uwochentag": "2",
        "strzustand": "0",
        "istrad": "1",
        "istpkw": "0",
        "istfuss": "0",
        "istkrad": "0"
      }
    }
,
    {
      "type": "Feature",
      "geometry": { "type": "Point", "coordinates": [9.756577935000053, 52.339327155000035] },
      "properties": {
        "id": "132628",
        "name": "Unfall 132628 (2017) Kat:2",
        "year": 2017,
        "ulichtverh": "",
        "strasse": "",
        "ukategorie": "2",
        "utyp1": "2",
        "uart": "5",
        "umonat": "08",
        "ustunde": "17",
        "uwochentag": "2",
        "strzustand": "0",
        "istrad": "1",
        "istpkw": "1",
        "istfuss": "0",
        "istkrad": "0"
      }
    }
,
    {
      "type": "Feature",
      "geometry": { "type": "Point", "coordinates": [9.692288147000056, 52.396642739000072] },
      "properties": {
        "id": "132633",
        "name": "Unfall 132633 (2017) Kat:3",
        "year": 2017,
        "ulichtverh": "",
        "strasse": "",
        "ukategorie": "3",
        "utyp1": "2",
        "uart": "5",
        "umonat": "08",
        "ustunde": "10",
        "uwochentag": "2",
        "strzustand": "0",
        "istrad": "1",
        "istpkw": "1",
        "istfuss": "0",
        "istkrad": "0"
      }
    }
,
    {
      "type": "Feature",
      "geometry": { "type": "Point", "coordinates": [9.691676562000055, 52.330192618000069] },
      "properties": {
        "id": "132657",
        "name": "Unfall 132657 (2017) Kat:3",
        "year": 2017,
        "ulichtverh": "",
        "strasse": "",
        "ukategorie": "3",
        "utyp1": "1",
        "uart": "0",
        "umonat": "08",
        "ustunde": "17",
        "uwochentag": "1",
        "strzustand": "0",
        "istrad": "1",
        "istpkw": "0",
        "istfuss": "0",
        "istkrad": "0"
      }
    }
,
    {
      "type": "Feature",
      "geometry": { "type": "Point", "coordinates": [9.661408086000051, 52.376034415000049] },
      "properties": {
        "id": "132658",
        "name": "Unfall 132658 (2017) Kat:3",
        "year": 2017,
        "ulichtverh": "",
        "strasse": "",
        "ukategorie": "3",
        "utyp1": "7",
        "uart": "0",
        "umonat": "08",
        "ustunde": "12",
        "uwochentag": "1",
        "strzustand": "0",
        "istrad": "1",
        "istpkw": "1",
        "istfuss": "0",
        "istkrad": "0"
      }
    }
,
    {
      "type": "Feature",
      "geometry": { "type": "Point", "coordinates": [9.752486800000042, 52.359619526000074] },
      "properties": {
        "id": "132659",
        "name": "Unfall 132659 (2017) Kat:3",
        "year": 2017,
        "ulichtverh": "",
        "strasse": "",
        "ukategorie": "3",
        "utyp1": "1",
        "uart": "0",
        "umonat": "08",
        "ustunde": "18",
        "uwochentag": "1",
        "strzustand": "0",
        "istrad": "1",
        "istpkw": "0",
        "istfuss": "0",
        "istkrad": "0"
      }
    }
,
    {
      "type": "Feature",
      "geometry": { "type": "Point", "coordinates": [9.653865498000073, 52.343422846000067] },
      "properties": {
        "id": "132661",
        "name": "Unfall 132661 (2017) Kat:2",
        "year": 2017,
        "ulichtverh": "",
        "strasse": "",
        "ukategorie": "2",
        "utyp1": "1",
        "uart": "0",
        "umonat": "08",
        "ustunde": "13",
        "uwochentag": "1",
        "strzustand": "0",
        "istrad": "1",
        "istpkw": "0",
        "istfuss": "0",
        "istkrad": "0"
      }
    }
,
    {
      "type": "Feature",
      "geometry": { "type": "Point", "coordinates": [9.750830686000029, 52.375425317000065] },
      "properties": {
        "id": "132662",
        "name": "Unfall 132662 (2017) Kat:3",
        "year": 2017,
        "ulichtverh": "",
        "strasse": "",
        "ukategorie": "3",
        "utyp1": "3",
        "uart": "0",
        "umonat": "08",
        "ustunde": "05",
        "uwochentag": "1",
        "strzustand": "0",
        "istrad": "1",
        "istpkw": "0",
        "istfuss": "0",
        "istkrad": "0"
      }
    }
,
    {
      "type": "Feature",
      "geometry": { "type": "Point", "coordinates": [9.610012551000068, 52.416260704000081] },
      "properties": {
        "id": "132684",
        "name": "Unfall 132684 (2017) Kat:2",
        "year": 2017,
        "ulichtverh": "",
        "strasse": "",
        "ukategorie": "2",
        "utyp1": "3",
        "uart": "5",
        "umonat": "08",
        "ustunde": "11",
        "uwochentag": "7",
        "strzustand": "0",
        "istrad": "1",
        "istpkw": "1",
        "istfuss": "0",
        "istkrad": "0"
      }
    }
,
    {
      "type": "Feature",
      "geometry": { "type": "Point", "coordinates": [9.743013180000048, 52.440105773000028] },
      "properties": {
        "id": "132686",
        "name": "Unfall 132686 (2017) Kat:3",
        "year": 2017,
        "ulichtverh": "",
        "strasse": "",
        "ukategorie": "3",
        "utyp1": "3",
        "uart": "5",
        "umonat": "08",
        "ustunde": "15",
        "uwochentag": "7",
        "strzustand": "0",
        "istrad": "1",
        "istpkw": "1",
        "istfuss": "0",
        "istkrad": "0"
      }
    }
,
    {
      "type": "Feature",
      "geometry": { "type": "Point", "coordinates": [9.782673214000056, 52.343504348000067] },
      "properties": {
        "id": "132714",
        "name": "Unfall 132714 (2017) Kat:3",
        "year": 2017,
        "ulichtverh": "",
        "strasse": "",
        "ukategorie": "3",
        "utyp1": "1",
        "uart": "0",
        "umonat": "08",
        "ustunde": "07",
        "uwochentag": "6",
        "strzustand": "0",
        "istrad": "1",
        "istpkw": "0",
        "istfuss": "0",
        "istkrad": "0"
      }
    }
,
    {
      "type": "Feature",
      "geometry": { "type": "Point", "coordinates": [9.448929376000024, 52.417073065000068] },
      "properties": {
        "id": "132716",
        "name": "Unfall 132716 (2017) Kat:3",
        "year": 2017,
        "ulichtverh": "",
        "strasse": "",
        "ukategorie": "3",
        "utyp1": "3",
        "uart": "5",
        "umonat": "08",
        "ustunde": "17",
        "uwochentag": "6",
        "strzustand": "0",
        "istrad": "1",
        "istpkw": "1",
        "istfuss": "0",
        "istkrad": "0"
      }
    }
,
    {
      "type": "Feature",
      "geometry": { "type": "Point", "coordinates": [9.465834757000039, 52.426371335000056] },
      "properties": {
        "id": "132717",
        "name": "Unfall 132717 (2017) Kat:3",
        "year": 2017,
        "ulichtverh": "",
        "strasse": "",
        "ukategorie": "3",
        "utyp1": "1",
        "uart": "0",
        "umonat": "08",
        "ustunde": "10",
        "uwochentag": "6",
        "strzustand": "1",
        "istrad": "1",
        "istpkw": "0",
        "istfuss": "0",
        "istkrad": "0"
      }
    }
,
    {
      "type": "Feature",
      "geometry": { "type": "Point", "coordinates": [10.017737888000056, 52.435845528000073] },
      "properties": {
        "id": "132719",
        "name": "Unfall 132719 (2017) Kat:3",
        "year": 2017,
        "ulichtverh": "",
        "strasse": "",
        "ukategorie": "3",
        "utyp1": "2",
        "uart": "5",
        "umonat": "08",
        "ustunde": "17",
        "uwochentag": "6",
        "strzustand": "1",
        "istrad": "1",
        "istpkw": "1",
        "istfuss": "0",
        "istkrad": "0"
      }
    }
,
    {
      "type": "Feature",
      "geometry": { "type": "Point", "coordinates": [9.834774818000028, 52.338526194000053] },
      "properties": {
        "id": "132720",
        "name": "Unfall 132720 (2017) Kat:3",
        "year": 2017,
        "ulichtverh": "",
        "strasse": "",
        "ukategorie": "3",
        "utyp1": "1",
        "uart": "0",
        "umonat": "08",
        "ustunde": "17",
        "uwochentag": "6",
        "strzustand": "1",
        "istrad": "1",
        "istpkw": "0",
        "istfuss": "0",
        "istkrad": "0"
      }
    }
,
    {
      "type": "Feature",
      "geometry": { "type": "Point", "coordinates": [9.741367386000036, 52.369056331000081] },
      "properties": {
        "id": "132721",
        "name": "Unfall 132721 (2017) Kat:3",
        "year": 2017,
        "ulichtverh": "",
        "strasse": "",
        "ukategorie": "3",
        "utyp1": "1",
        "uart": "0",
        "umonat": "08",
        "ustunde": "13",
        "uwochentag": "6",
        "strzustand": "1",
        "istrad": "1",
        "istpkw": "0",
        "istfuss": "0",
        "istkrad": "0"
      }
    }
,
    {
      "type": "Feature",
      "geometry": { "type": "Point", "coordinates": [9.787243129000046, 52.330588850000026] },
      "properties": {
        "id": "132763",
        "name": "Unfall 132763 (2017) Kat:3",
        "year": 2017,
        "ulichtverh": "",
        "strasse": "",
        "ukategorie": "3",
        "utyp1": "2",
        "uart": "5",
        "umonat": "08",
        "ustunde": "15",
        "uwochentag": "5",
        "strzustand": "1",
        "istrad": "1",
        "istpkw": "1",
        "istfuss": "0",
        "istkrad": "0"
      }
    }
,
    {
      "type": "Feature",
      "geometry": { "type": "Point", "coordinates": [9.741321015000040, 52.371397136000041] },
      "properties": {
        "id": "132765",
        "name": "Unfall 132765 (2017) Kat:3",
        "year": 2017,
        "ulichtverh": "",
        "strasse": "",
        "ukategorie": "3",
        "utyp1": "2",
        "uart": "3",
        "umonat": "08",
        "ustunde": "12",
        "uwochentag": "5",
        "strzustand": "0",
        "istrad": "1",
        "istpkw": "1",
        "istfuss": "0",
        "istkrad": "0"
      }
    }
,
    {
      "type": "Feature",
      "geometry": { "type": "Point", "coordinates": [9.595418276000032, 52.426688893000062] },
      "properties": {
        "id": "132767",
        "name": "Unfall 132767 (2017) Kat:3",
        "year": 2017,
        "ulichtverh": "",
        "strasse": "",
        "ukategorie": "3",
        "utyp1": "4",
        "uart": "6",
        "umonat": "08",
        "ustunde": "15",
        "uwochentag": "5",
        "strzustand": "0",
        "istrad": "1",
        "istpkw": "0",
        "istfuss": "1",
        "istkrad": "0"
      }
    }
,
    {
      "type": "Feature",
      "geometry": { "type": "Point", "coordinates": [10.004110456000035, 52.445879717000082] },
      "properties": {
        "id": "132771",
        "name": "Unfall 132771 (2017) Kat:3",
        "year": 2017,
        "ulichtverh": "",
        "strasse": "",
        "ukategorie": "3",
        "utyp1": "3",
        "uart": "5",
        "umonat": "08",
        "ustunde": "20",
        "uwochentag": "5",
        "strzustand": "1",
        "istrad": "1",
        "istpkw": "1",
        "istfuss": "0",
        "istkrad": "0"
      }
    }
,
    {
      "type": "Feature",
      "geometry": { "type": "Point", "coordinates": [9.739405164000061, 52.373618471000043] },
      "properties": {
        "id": "132772",
        "name": "Unfall 132772 (2017) Kat:3",
        "year": 2017,
        "ulichtverh": "",
        "strasse": "",
        "ukategorie": "3",
        "utyp1": "3",
        "uart": "5",
        "umonat": "08",
        "ustunde": "17",
        "uwochentag": "5",
        "strzustand": "0",
        "istrad": "1",
        "istpkw": "1",
        "istfuss": "0",
        "istkrad": "0"
      }
    }
,
    {
      "type": "Feature",
      "geometry": { "type": "Point", "coordinates": [9.741423405000035, 52.360055080000052] },
      "properties": {
        "id": "132774",
        "name": "Unfall 132774 (2017) Kat:3",
        "year": 2017,
        "ulichtverh": "",
        "strasse": "",
        "ukategorie": "3",
        "utyp1": "6",
        "uart": "6",
        "umonat": "08",
        "ustunde": "07",
        "uwochentag": "5",
        "strzustand": "0",
        "istrad": "1",
        "istpkw": "0",
        "istfuss": "1",
        "istkrad": "0"
      }
    }
,
    {
      "type": "Feature",
      "geometry": { "type": "Point", "coordinates": [9.755836041000066, 52.342631677000043] },
      "properties": {
        "id": "132808",
        "name": "Unfall 132808 (2017) Kat:3",
        "year": 2017,
        "ulichtverh": "",
        "strasse": "",
        "ukategorie": "3",
        "utyp1": "3",
        "uart": "5",
        "umonat": "08",
        "ustunde": "11",
        "uwochentag": "4",
        "strzustand": "0",
        "istrad": "1",
        "istpkw": "1",
        "istfuss": "0",
        "istkrad": "0"
      }
    }
,
    {
      "type": "Feature",
      "geometry": { "type": "Point", "coordinates": [9.737400980000075, 52.372054553000055] },
      "properties": {
        "id": "132809",
        "name": "Unfall 132809 (2017) Kat:3",
        "year": 2017,
        "ulichtverh": "",
        "strasse": "",
        "ukategorie": "3",
        "utyp1": "5",
        "uart": "1",
        "umonat": "08",
        "ustunde": "11",
        "uwochentag": "4",
        "strzustand": "0",
        "istrad": "1",
        "istpkw": "1",
        "istfuss": "0",
        "istkrad": "0"
      }
    }
,
    {
      "type": "Feature",
      "geometry": { "type": "Point", "coordinates": [10.001105262000067, 52.445816365000042] },
      "properties": {
        "id": "132812",
        "name": "Unfall 132812 (2017) Kat:3",
        "year": 2017,
        "ulichtverh": "",
        "strasse": "",
        "ukategorie": "3",
        "utyp1": "6",
        "uart": "4",
        "umonat": "08",
        "ustunde": "15",
        "uwochentag": "4",
        "strzustand": "0",
        "istrad": "1",
        "istpkw": "0",
        "istfuss": "0",
        "istkrad": "0"
      }
    }
,
    {
      "type": "Feature",
      "geometry": { "type": "Point", "coordinates": [9.739636612000027, 52.373196434000079] },
      "properties": {
        "id": "132813",
        "name": "Unfall 132813 (2017) Kat:3",
        "year": 2017,
        "ulichtverh": "",
        "strasse": "",
        "ukategorie": "3",
        "utyp1": "6",
        "uart": "4",
        "umonat": "08",
        "ustunde": "13",
        "uwochentag": "4",
        "strzustand": "0",
        "istrad": "1",
        "istpkw": "0",
        "istfuss": "0",
        "istkrad": "0"
      }
    }
,
    {
      "type": "Feature",
      "geometry": { "type": "Point", "coordinates": [9.736092666000047, 52.378870122000080] },
      "properties": {
        "id": "132816",
        "name": "Unfall 132816 (2017) Kat:3",
        "year": 2017,
        "ulichtverh": "",
        "strasse": "",
        "ukategorie": "3",
        "utyp1": "3",
        "uart": "5",
        "umonat": "08",
        "ustunde": "16",
        "uwochentag": "4",
        "strzustand": "0",
        "istrad": "1",
        "istpkw": "1",
        "istfuss": "0",
        "istkrad": "0"
      }
    }
,
    {
      "type": "Feature",
      "geometry": { "type": "Point", "coordinates": [9.719661496000072, 52.366934751000031] },
      "properties": {
        "id": "132849",
        "name": "Unfall 132849 (2017) Kat:3",
        "year": 2017,
        "ulichtverh": "",
        "strasse": "",
        "ukategorie": "3",
        "utyp1": "5",
        "uart": "1",
        "umonat": "08",
        "ustunde": "18",
        "uwochentag": "3",
        "strzustand": "0",
        "istrad": "1",
        "istpkw": "1",
        "istfuss": "0",
        "istkrad": "0"
      }
    }
,
    {
      "type": "Feature",
      "geometry": { "type": "Point", "coordinates": [9.767954763000034, 52.265088468000044] },
      "properties": {
        "id": "132852",
        "name": "Unfall 132852 (2017) Kat:3",
        "year": 2017,
        "ulichtverh": "",
        "strasse": "",
        "ukategorie": "3",
        "utyp1": "3",
        "uart": "5",
        "umonat": "08",
        "ustunde": "10",
        "uwochentag": "3",
        "strzustand": "0",
        "istrad": "1",
        "istpkw": "1",
        "istfuss": "0",
        "istkrad": "0"
      }
    }
,
    {
      "type": "Feature",
      "geometry": { "type": "Point", "coordinates": [9.737090580000029, 52.370462519000057] },
      "properties": {
        "id": "132853",
        "name": "Unfall 132853 (2017) Kat:3",
        "year": 2017,
        "ulichtverh": "",
        "strasse": "",
        "ukategorie": "3",
        "utyp1": "7",
        "uart": "1",
        "umonat": "08",
        "ustunde": "23",
        "uwochentag": "3",
        "strzustand": "0",
        "istrad": "1",
        "istpkw": "1",
        "istfuss": "0",
        "istkrad": "0"
      }
    }
,
    {
      "type": "Feature",
      "geometry": { "type": "Point", "coordinates": [9.813433464000070, 52.377380618000075] },
      "properties": {
        "id": "132856",
        "name": "Unfall 132856 (2017) Kat:3",
        "year": 2017,
        "ulichtverh": "",
        "strasse": "",
        "ukategorie": "3",
        "utyp1": "7",
        "uart": "0",
        "umonat": "08",
        "ustunde": "07",
        "uwochentag": "3",
        "strzustand": "0",
        "istrad": "1",
        "istpkw": "0",
        "istfuss": "0",
        "istkrad": "0"
      }
    }
,
    {
      "type": "Feature",
      "geometry": { "type": "Point", "coordinates": [9.653875164000056, 52.317860069000062] },
      "properties": {
        "id": "132898",
        "name": "Unfall 132898 (2017) Kat:3",
        "year": 2017,
        "ulichtverh": "",
        "strasse": "",
        "ukategorie": "3",
        "utyp1": "5",
        "uart": "1",
        "umonat": "08",
        "ustunde": "09",
        "uwochentag": "2",
        "strzustand": "0",
        "istrad": "1",
        "istpkw": "1",
        "istfuss": "0",
        "istkrad": "0"
      }
    }
,
    {
      "type": "Feature",
      "geometry": { "type": "Point", "coordinates": [10.012897474000056, 52.437395781000077] },
      "properties": {
        "id": "132900",
        "name": "Unfall 132900 (2017) Kat:3",
        "year": 2017,
        "ulichtverh": "",
        "strasse": "",
        "ukategorie": "3",
        "utyp1": "3",
        "uart": "5",
        "umonat": "08",
        "ustunde": "07",
        "uwochentag": "2",
        "strzustand": "0",
        "istrad": "1",
        "istpkw": "0",
        "istfuss": "0",
        "istkrad": "1"
      }
    }
,
    {
      "type": "Feature",
      "geometry": { "type": "Point", "coordinates": [9.753702665000049, 52.430550510000046] },
      "properties": {
        "id": "132902",
        "name": "Unfall 132902 (2017) Kat:2",
        "year": 2017,
        "ulichtverh": "",
        "strasse": "",
        "ukategorie": "2",
        "utyp1": "3",
        "uart": "5",
        "umonat": "08",
        "ustunde": "14",
        "uwochentag": "2",
        "strzustand": "0",
        "istrad": "1",
        "istpkw": "0",
        "istfuss": "0",
        "istkrad": "0"
      }
    }
,
    {
      "type": "Feature",
      "geometry": { "type": "Point", "coordinates": [9.832171557000038, 52.347346224000034] },
      "properties": {
        "id": "132928",
        "name": "Unfall 132928 (2017) Kat:3",
        "year": 2017,
        "ulichtverh": "",
        "strasse": "",
        "ukategorie": "3",
        "utyp1": "1",
        "uart": "0",
        "umonat": "08",
        "ustunde": "21",
        "uwochentag": "1",
        "strzustand": "0",
        "istrad": "1",
        "istpkw": "0",
        "istfuss": "0",
        "istkrad": "0"
      }
    }
,
    {
      "type": "Feature",
      "geometry": { "type": "Point", "coordinates": [9.755335912000021, 52.351214431000074] },
      "properties": {
        "id": "132929",
        "name": "Unfall 132929 (2017) Kat:2",
        "year": 2017,
        "ulichtverh": "",
        "strasse": "",
        "ukategorie": "2",
        "utyp1": "7",
        "uart": "0",
        "umonat": "08",
        "ustunde": "19",
        "uwochentag": "1",
        "strzustand": "0",
        "istrad": "1",
        "istpkw": "0",
        "istfuss": "0",
        "istkrad": "0"
      }
    }
,
    {
      "type": "Feature",
      "geometry": { "type": "Point", "coordinates": [9.723188876000052, 52.375050887000043] },
      "properties": {
        "id": "132931",
        "name": "Unfall 132931 (2017) Kat:3",
        "year": 2017,
        "ulichtverh": "",
        "strasse": "",
        "ukategorie": "3",
        "utyp1": "5",
        "uart": "1",
        "umonat": "08",
        "ustunde": "03",
        "uwochentag": "1",
        "strzustand": "0",
        "istrad": "1",
        "istpkw": "1",
        "istfuss": "0",
        "istkrad": "0"
      }
    }
,
    {
      "type": "Feature",
      "geometry": { "type": "Point", "coordinates": [9.319793671000070, 52.490410204000057] },
      "properties": {
        "id": "132963",
        "name": "Unfall 132963 (2017) Kat:3",
        "year": 2017,
        "ulichtverh": "",
        "strasse": "",
        "ukategorie": "3",
        "utyp1": "7",
        "uart": "0",
        "umonat": "08",
        "ustunde": "15",
        "uwochentag": "1",
        "strzustand": "0",
        "istrad": "1",
        "istpkw": "0",
        "istfuss": "0",
        "istkrad": "0"
      }
    }
,
    {
      "type": "Feature",
      "geometry": { "type": "Point", "coordinates": [9.743536665000022, 52.377798313000028] },
      "properties": {
        "id": "132966",
        "name": "Unfall 132966 (2017) Kat:2",
        "year": 2017,
        "ulichtverh": "",
        "strasse": "",
        "ukategorie": "2",
        "utyp1": "7",
        "uart": "1",
        "umonat": "08",
        "ustunde": "11",
        "uwochentag": "1",
        "strzustand": "0",
        "istrad": "1",
        "istpkw": "1",
        "istfuss": "0",
        "istkrad": "0"
      }
    }
,
    {
      "type": "Feature",
      "geometry": { "type": "Point", "coordinates": [9.763778066000043, 52.368743788000074] },
      "properties": {
        "id": "132985",
        "name": "Unfall 132985 (2017) Kat:3",
        "year": 2017,
        "ulichtverh": "",
        "strasse": "",
        "ukategorie": "3",
        "utyp1": "3",
        "uart": "5",
        "umonat": "08",
        "ustunde": "00",
        "uwochentag": "7",
        "strzustand": "0",
        "istrad": "1",
        "istpkw": "0",
        "istfuss": "0",
        "istkrad": "1"
      }
    }
,
    {
      "type": "Feature",
      "geometry": { "type": "Point", "coordinates": [9.785954547000074, 52.334916161000081] },
      "properties": {
        "id": "132988",
        "name": "Unfall 132988 (2017) Kat:3",
        "year": 2017,
        "ulichtverh": "",
        "strasse": "",
        "ukategorie": "3",
        "utyp1": "7",
        "uart": "0",
        "umonat": "08",
        "ustunde": "16",
        "uwochentag": "7",
        "strzustand": "0",
        "istrad": "1",
        "istpkw": "0",
        "istfuss": "0",
        "istkrad": "0"
      }
    }
,
    {
      "type": "Feature",
      "geometry": { "type": "Point", "coordinates": [9.555681504000063, 52.205609542000047] },
      "properties": {
        "id": "133015",
        "name": "Unfall 133015 (2017) Kat:3",
        "year": 2017,
        "ulichtverh": "",
        "strasse": "",
        "ukategorie": "3",
        "utyp1": "3",
        "uart": "5",
        "umonat": "08",
        "ustunde": "17",
        "uwochentag": "6",
        "strzustand": "0",
        "istrad": "1",
        "istpkw": "1",
        "istfuss": "0",
        "istkrad": "0"
      }
    }
,
    {
      "type": "Feature",
      "geometry": { "type": "Point", "coordinates": [9.539138750000063, 52.216060255000059] },
      "properties": {
        "id": "133016",
        "name": "Unfall 133016 (2017) Kat:3",
        "year": 2017,
        "ulichtverh": "",
        "strasse": "",
        "ukategorie": "3",
        "utyp1": "5",
        "uart": "0",
        "umonat": "08",
        "ustunde": "09",
        "uwochentag": "6",
        "strzustand": "0",
        "istrad": "1",
        "istpkw": "0",
        "istfuss": "0",
        "istkrad": "0"
      }
    }
,
    {
      "type": "Feature",
      "geometry": { "type": "Point", "coordinates": [9.472166437000055, 52.300134249000052] },
      "properties": {
        "id": "133017",
        "name": "Unfall 133017 (2017) Kat:3",
        "year": 2017,
        "ulichtverh": "",
        "strasse": "",
        "ukategorie": "3",
        "utyp1": "3",
        "uart": "5",
        "umonat": "08",
        "ustunde": "17",
        "uwochentag": "6",
        "strzustand": "0",
        "istrad": "1",
        "istpkw": "0",
        "istfuss": "0",
        "istkrad": "0"
      }
    }
,
    {
      "type": "Feature",
      "geometry": { "type": "Point", "coordinates": [9.980906276000042, 52.376616281000054] },
      "properties": {
        "id": "133018",
        "name": "Unfall 133018 (2017) Kat:3",
        "year": 2017,
        "ulichtverh": "",
        "strasse": "",
        "ukategorie": "3",
        "utyp1": "3",
        "uart": "5",
        "umonat": "08",
        "ustunde": "18",
        "uwochentag": "6",
        "strzustand": "0",
        "istrad": "1",
        "istpkw": "1",
        "istfuss": "0",
        "istkrad": "0"
      }
    }
,
    {
      "type": "Feature",
      "geometry": { "type": "Point", "coordinates": [9.971529322000038, 52.362568336000038] },
      "properties": {
        "id": "133019",
        "name": "Unfall 133019 (2017) Kat:3",
        "year": 2017,
        "ulichtverh": "",
        "strasse": "",
        "ukategorie": "3",
        "utyp1": "5",
        "uart": "1",
        "umonat": "08",
        "ustunde": "16",
        "uwochentag": "6",
        "strzustand": "0",
        "istrad": "1",
        "istpkw": "1",
        "istfuss": "0",
        "istkrad": "0"
      }
    }
,
    {
      "type": "Feature",
      "geometry": { "type": "Point", "coordinates": [9.734532285000057, 52.442499337000072] },
      "properties": {
        "id": "133020",
        "name": "Unfall 133020 (2017) Kat:3",
        "year": 2017,
        "ulichtverh": "",
        "strasse": "",
        "ukategorie": "3",
        "utyp1": "5",
        "uart": "1",
        "umonat": "08",
        "ustunde": "18",
        "uwochentag": "6",
        "strzustand": "0",
        "istrad": "1",
        "istpkw": "1",
        "istfuss": "0",
        "istkrad": "0"
      }
    }
,
    {
      "type": "Feature",
      "geometry": { "type": "Point", "coordinates": [9.771219431000077, 52.330902310000056] },
      "properties": {
        "id": "133047",
        "name": "Unfall 133047 (2017) Kat:3",
        "year": 2017,
        "ulichtverh": "",
        "strasse": "",
        "ukategorie": "3",
        "utyp1": "3",
        "uart": "5",
        "umonat": "08",
        "ustunde": "10",
        "uwochentag": "5",
        "strzustand": "1",
        "istrad": "1",
        "istpkw": "1",
        "istfuss": "0",
        "istkrad": "0"
      }
    }
,
    {
      "type": "Feature",
      "geometry": { "type": "Point", "coordinates": [9.739726523000059, 52.381258835000040] },
      "properties": {
        "id": "133048",
        "name": "Unfall 133048 (2017) Kat:3",
        "year": 2017,
        "ulichtverh": "",
        "strasse": "",
        "ukategorie": "3",
        "utyp1": "2",
        "uart": "3",
        "umonat": "08",
        "ustunde": "17",
        "uwochentag": "5",
        "strzustand": "0",
        "istrad": "1",
        "istpkw": "1",
        "istfuss": "0",
        "istkrad": "0"
      }
    }
,
    {
      "type": "Feature",
      "geometry": { "type": "Point", "coordinates": [9.744553776000032, 52.377205755000034] },
      "properties": {
        "id": "133049",
        "name": "Unfall 133049 (2017) Kat:3",
        "year": 2017,
        "ulichtverh": "",
        "strasse": "",
        "ukategorie": "3",
        "utyp1": "2",
        "uart": "5",
        "umonat": "08",
        "ustunde": "16",
        "uwochentag": "5",
        "strzustand": "0",
        "istrad": "1",
        "istpkw": "1",
        "istfuss": "0",
        "istkrad": "0"
      }
    }
,
    {
      "type": "Feature",
      "geometry": { "type": "Point", "coordinates": [9.750634711000032, 52.375337130000048] },
      "properties": {
        "id": "133053",
        "name": "Unfall 133053 (2017) Kat:2",
        "year": 2017,
        "ulichtverh": "",
        "strasse": "",
        "ukategorie": "2",
        "utyp1": "3",
        "uart": "5",
        "umonat": "08",
        "ustunde": "13",
        "uwochentag": "5",
        "strzustand": "0",
        "istrad": "1",
        "istpkw": "1",
        "istfuss": "0",
        "istkrad": "0"
      }
    }
,
    {
      "type": "Feature",
      "geometry": { "type": "Point", "coordinates": [9.731826557000034, 52.375412467000046] },
      "properties": {
        "id": "133054",
        "name": "Unfall 133054 (2017) Kat:3",
        "year": 2017,
        "ulichtverh": "",
        "strasse": "",
        "ukategorie": "3",
        "utyp1": "7",
        "uart": "0",
        "umonat": "08",
        "ustunde": "06",
        "uwochentag": "5",
        "strzustand": "1",
        "istrad": "1",
        "istpkw": "0",
        "istfuss": "0",
        "istkrad": "0"
      }
    }
,
    {
      "type": "Feature",
      "geometry": { "type": "Point", "coordinates": [9.732618900000034, 52.388674516000037] },
      "properties": {
        "id": "133089",
        "name": "Unfall 133089 (2017) Kat:3",
        "year": 2017,
        "ulichtverh": "",
        "strasse": "",
        "ukategorie": "3",
        "utyp1": "2",
        "uart": "4",
        "umonat": "08",
        "ustunde": "16",
        "uwochentag": "4",
        "strzustand": "0",
        "istrad": "1",
        "istpkw": "1",
        "istfuss": "0",
        "istkrad": "0"
      }
    }
,
    {
      "type": "Feature",
      "geometry": { "type": "Point", "coordinates": [9.819404599000052, 52.429337655000040] },
      "properties": {
        "id": "133090",
        "name": "Unfall 133090 (2017) Kat:3",
        "year": 2017,
        "ulichtverh": "",
        "strasse": "",
        "ukategorie": "3",
        "utyp1": "3",
        "uart": "5",
        "umonat": "08",
        "ustunde": "16",
        "uwochentag": "4",
        "strzustand": "0",
        "istrad": "1",
        "istpkw": "0",
        "istfuss": "0",
        "istkrad": "0"
      }
    }
,
    {
      "type": "Feature",
      "geometry": { "type": "Point", "coordinates": [9.739618564000068, 52.381194672000049] },
      "properties": {
        "id": "133091",
        "name": "Unfall 133091 (2017) Kat:3",
        "year": 2017,
        "ulichtverh": "",
        "strasse": "",
        "ukategorie": "3",
        "utyp1": "3",
        "uart": "5",
        "umonat": "08",
        "ustunde": "05",
        "uwochentag": "4",
        "strzustand": "0",
        "istrad": "1",
        "istpkw": "1",
        "istfuss": "0",
        "istkrad": "0"
      }
    }
,
    {
      "type": "Feature",
      "geometry": { "type": "Point", "coordinates": [9.711038804000054, 52.367242982000050] },
      "properties": {
        "id": "133092",
        "name": "Unfall 133092 (2017) Kat:3",
        "year": 2017,
        "ulichtverh": "",
        "strasse": "",
        "ukategorie": "3",
        "utyp1": "7",
        "uart": "0",
        "umonat": "08",
        "ustunde": "17",
        "uwochentag": "4",
        "strzustand": "0",
        "istrad": "1",
        "istpkw": "0",
        "istfuss": "0",
        "istkrad": "0"
      }
    }
,
    {
      "type": "Feature",
      "geometry": { "type": "Point", "coordinates": [9.756560798000066, 52.339551294000046] },
      "properties": {
        "id": "133093",
        "name": "Unfall 133093 (2017) Kat:3",
        "year": 2017,
        "ulichtverh": "",
        "strasse": "",
        "ukategorie": "3",
        "utyp1": "6",
        "uart": "4",
        "umonat": "08",
        "ustunde": "15",
        "uwochentag": "4",
        "strzustand": "0",
        "istrad": "1",
        "istpkw": "0",
        "istfuss": "0",
        "istkrad": "0"
      }
    }
,
    {
      "type": "Feature",
      "geometry": { "type": "Point", "coordinates": [9.748828102000061, 52.396802836000063] },
      "properties": {
        "id": "133095",
        "name": "Unfall 133095 (2017) Kat:3",
        "year": 2017,
        "ulichtverh": "",
        "strasse": "",
        "ukategorie": "3",
        "utyp1": "2",
        "uart": "5",
        "umonat": "08",
        "ustunde": "13",
        "uwochentag": "4",
        "strzustand": "0",
        "istrad": "1",
        "istpkw": "1",
        "istfuss": "0",
        "istkrad": "0"
      }
    }
,
    {
      "type": "Feature",
      "geometry": { "type": "Point", "coordinates": [9.739202484000032, 52.370459399000026] },
      "properties": {
        "id": "133096",
        "name": "Unfall 133096 (2017) Kat:3",
        "year": 2017,
        "ulichtverh": "",
        "strasse": "",
        "ukategorie": "3",
        "utyp1": "5",
        "uart": "1",
        "umonat": "08",
        "ustunde": "13",
        "uwochentag": "4",
        "strzustand": "0",
        "istrad": "1",
        "istpkw": "1",
        "istfuss": "0",
        "istkrad": "0"
      }
    }
,
    {
      "type": "Feature",
      "geometry": { "type": "Point", "coordinates": [9.798599298000056, 52.376300897000078] },
      "properties": {
        "id": "133124",
        "name": "Unfall 133124 (2017) Kat:3",
        "year": 2017,
        "ulichtverh": "",
        "strasse": "",
        "ukategorie": "3",
        "utyp1": "3",
        "uart": "0",
        "umonat": "08",
        "ustunde": "09",
        "uwochentag": "3",
        "strzustand": "0",
        "istrad": "1",
        "istpkw": "0",
        "istfuss": "0",
        "istkrad": "0"
      }
    }
,
    {
      "type": "Feature",
      "geometry": { "type": "Point", "coordinates": [9.745254168000031, 52.384637929000064] },
      "properties": {
        "id": "133125",
        "name": "Unfall 133125 (2017) Kat:2",
        "year": 2017,
        "ulichtverh": "",
        "strasse": "",
        "ukategorie": "2",
        "utyp1": "3",
        "uart": "5",
        "umonat": "08",
        "ustunde": "13",
        "uwochentag": "3",
        "strzustand": "0",
        "istrad": "1",
        "istpkw": "1",
        "istfuss": "0",
        "istkrad": "0"
      }
    }
,
    {
      "type": "Feature",
      "geometry": { "type": "Point", "coordinates": [9.781453007000039, 52.400104766000027] },
      "properties": {
        "id": "133126",
        "name": "Unfall 133126 (2017) Kat:2",
        "year": 2017,
        "ulichtverh": "",
        "strasse": "",
        "ukategorie": "2",
        "utyp1": "2",
        "uart": "5",
        "umonat": "08",
        "ustunde": "09",
        "uwochentag": "3",
        "strzustand": "0",
        "istrad": "1",
        "istpkw": "1",
        "istfuss": "0",
        "istkrad": "0"
      }
    }
,
    {
      "type": "Feature",
      "geometry": { "type": "Point", "coordinates": [9.821738097000036, 52.346107339000071] },
      "properties": {
        "id": "133162",
        "name": "Unfall 133162 (2017) Kat:3",
        "year": 2017,
        "ulichtverh": "",
        "strasse": "",
        "ukategorie": "3",
        "utyp1": "6",
        "uart": "3",
        "umonat": "08",
        "ustunde": "19",
        "uwochentag": "2",
        "strzustand": "0",
        "istrad": "1",
        "istpkw": "1",
        "istfuss": "0",
        "istkrad": "0"
      }
    }
,
    {
      "type": "Feature",
      "geometry": { "type": "Point", "coordinates": [9.751301891000026, 52.438738142000034] },
      "properties": {
        "id": "133187",
        "name": "Unfall 133187 (2017) Kat:3",
        "year": 2017,
        "ulichtverh": "",
        "strasse": "",
        "ukategorie": "3",
        "utyp1": "1",
        "uart": "0",
        "umonat": "08",
        "ustunde": "17",
        "uwochentag": "1",
        "strzustand": "1",
        "istrad": "1",
        "istpkw": "0",
        "istfuss": "0",
        "istkrad": "0"
      }
    }
,
    {
      "type": "Feature",
      "geometry": { "type": "Point", "coordinates": [9.736080042000026, 52.436665027000060] },
      "properties": {
        "id": "133188",
        "name": "Unfall 133188 (2017) Kat:2",
        "year": 2017,
        "ulichtverh": "",
        "strasse": "",
        "ukategorie": "2",
        "utyp1": "7",
        "uart": "0",
        "umonat": "08",
        "ustunde": "11",
        "uwochentag": "1",
        "strzustand": "0",
        "istrad": "1",
        "istpkw": "0",
        "istfuss": "0",
        "istkrad": "0"
      }
    }
,
    {
      "type": "Feature",
      "geometry": { "type": "Point", "coordinates": [9.741793845000075, 52.372918894000065] },
      "properties": {
        "id": "133189",
        "name": "Unfall 133189 (2017) Kat:3",
        "year": 2017,
        "ulichtverh": "",
        "strasse": "",
        "ukategorie": "3",
        "utyp1": "1",
        "uart": "0",
        "umonat": "08",
        "ustunde": "00",
        "uwochentag": "1",
        "strzustand": "0",
        "istrad": "1",
        "istpkw": "0",
        "istfuss": "0",
        "istkrad": "0"
      }
    }
,
    {
      "type": "Feature",
      "geometry": { "type": "Point", "coordinates": [9.761705453000047, 52.356507385000043] },
      "properties": {
        "id": "133208",
        "name": "Unfall 133208 (2017) Kat:3",
        "year": 2017,
        "ulichtverh": "",
        "strasse": "",
        "ukategorie": "3",
        "utyp1": "3",
        "uart": "5",
        "umonat": "09",
        "ustunde": "07",
        "uwochentag": "2",
        "strzustand": "0",
        "istrad": "1",
        "istpkw": "1",
        "istfuss": "0",
        "istkrad": "0"
      }
    }
,
    {
      "type": "Feature",
      "geometry": { "type": "Point", "coordinates": [9.618412466000052, 52.404749788000061] },
      "properties": {
        "id": "133212",
        "name": "Unfall 133212 (2017) Kat:3",
        "year": 2017,
        "ulichtverh": "",
        "strasse": "",
        "ukategorie": "3",
        "utyp1": "3",
        "uart": "5",
        "umonat": "09",
        "ustunde": "18",
        "uwochentag": "2",
        "strzustand": "0",
        "istrad": "1",
        "istpkw": "1",
        "istfuss": "0",
        "istkrad": "0"
      }
    }
,
    {
      "type": "Feature",
      "geometry": { "type": "Point", "coordinates": [9.716958802000022, 52.335557153000082] },
      "properties": {
        "id": "133213",
        "name": "Unfall 133213 (2017) Kat:3",
        "year": 2017,
        "ulichtverh": "",
        "strasse": "",
        "ukategorie": "3",
        "utyp1": "1",
        "uart": "0",
        "umonat": "09",
        "ustunde": "14",
        "uwochentag": "2",
        "strzustand": "0",
        "istrad": "1",
        "istpkw": "0",
        "istfuss": "0",
        "istkrad": "0"
      }
    }
,
    {
      "type": "Feature",
      "geometry": { "type": "Point", "coordinates": [9.759200718000045, 52.361691719000078] },
      "properties": {
        "id": "133214",
        "name": "Unfall 133214 (2017) Kat:3",
        "year": 2017,
        "ulichtverh": "",
        "strasse": "",
        "ukategorie": "3",
        "utyp1": "2",
        "uart": "0",
        "umonat": "09",
        "ustunde": "14",
        "uwochentag": "2",
        "strzustand": "0",
        "istrad": "1",
        "istpkw": "1",
        "istfuss": "0",
        "istkrad": "0"
      }
    }
,
    {
      "type": "Feature",
      "geometry": { "type": "Point", "coordinates": [9.734028222000063, 52.376624993000064] },
      "properties": {
        "id": "133217",
        "name": "Unfall 133217 (2017) Kat:3",
        "year": 2017,
        "ulichtverh": "",
        "strasse": "",
        "ukategorie": "3",
        "utyp1": "1",
        "uart": "0",
        "umonat": "09",
        "ustunde": "18",
        "uwochentag": "2",
        "strzustand": "0",
        "istrad": "1",
        "istpkw": "0",
        "istfuss": "0",
        "istkrad": "0"
      }
    }
,
    {
      "type": "Feature",
      "geometry": { "type": "Point", "coordinates": [9.734608207000065, 52.362284363000072] },
      "properties": {
        "id": "133242",
        "name": "Unfall 133242 (2017) Kat:3",
        "year": 2017,
        "ulichtverh": "",
        "strasse": "",
        "ukategorie": "3",
        "utyp1": "2",
        "uart": "5",
        "umonat": "09",
        "ustunde": "12",
        "uwochentag": "1",
        "strzustand": "0",
        "istrad": "1",
        "istpkw": "0",
        "istfuss": "0",
        "istkrad": "0"
      }
    }
,
    {
      "type": "Feature",
      "geometry": { "type": "Point", "coordinates": [9.717411636000065, 52.416101172000026] },
      "properties": {
        "id": "133243",
        "name": "Unfall 133243 (2017) Kat:3",
        "year": 2017,
        "ulichtverh": "",
        "strasse": "",
        "ukategorie": "3",
        "utyp1": "3",
        "uart": "5",
        "umonat": "09",
        "ustunde": "13",
        "uwochentag": "1",
        "strzustand": "0",
        "istrad": "1",
        "istpkw": "1",
        "istfuss": "0",
        "istkrad": "0"
      }
    }
,
    {
      "type": "Feature",
      "geometry": { "type": "Point", "coordinates": [10.014267533000066, 52.483066269000062] },
      "properties": {
        "id": "133244",
        "name": "Unfall 133244 (2017) Kat:3",
        "year": 2017,
        "ulichtverh": "",
        "strasse": "",
        "ukategorie": "3",
        "utyp1": "6",
        "uart": "4",
        "umonat": "09",
        "ustunde": "11",
        "uwochentag": "1",
        "strzustand": "0",
        "istrad": "1",
        "istpkw": "0",
        "istfuss": "0",
        "istkrad": "0"
      }
    }
,
    {
      "type": "Feature",
      "geometry": { "type": "Point", "coordinates": [9.710226468000030, 52.442872517000069] },
      "properties": {
        "id": "133245",
        "name": "Unfall 133245 (2017) Kat:2",
        "year": 2017,
        "ulichtverh": "",
        "strasse": "",
        "ukategorie": "2",
        "utyp1": "1",
        "uart": "0",
        "umonat": "09",
        "ustunde": "16",
        "uwochentag": "1",
        "strzustand": "0",
        "istrad": "1",
        "istpkw": "0",
        "istfuss": "0",
        "istkrad": "0"
      }
    }
,
    {
      "type": "Feature",
      "geometry": { "type": "Point", "coordinates": [9.708974344000069, 52.367185788000029] },
      "properties": {
        "id": "133246",
        "name": "Unfall 133246 (2017) Kat:3",
        "year": 2017,
        "ulichtverh": "",
        "strasse": "",
        "ukategorie": "3",
        "utyp1": "7",
        "uart": "0",
        "umonat": "09",
        "ustunde": "13",
        "uwochentag": "1",
        "strzustand": "0",
        "istrad": "1",
        "istpkw": "0",
        "istfuss": "0",
        "istkrad": "0"
      }
    }
,
    {
      "type": "Feature",
      "geometry": { "type": "Point", "coordinates": [9.744221264000032, 52.543630340000050] },
      "properties": {
        "id": "133266",
        "name": "Unfall 133266 (2017) Kat:3",
        "year": 2017,
        "ulichtverh": "",
        "strasse": "",
        "ukategorie": "3",
        "utyp1": "1",
        "uart": "0",
        "umonat": "09",
        "ustunde": "22",
        "uwochentag": "7",
        "strzustand": "0",
        "istrad": "1",
        "istpkw": "0",
        "istfuss": "0",
        "istkrad": "0"
      }
    }
,
    {
      "type": "Feature",
      "geometry": { "type": "Point", "coordinates": [9.750595271000066, 52.375320424000051] },
      "properties": {
        "id": "133268",
        "name": "Unfall 133268 (2017) Kat:3",
        "year": 2017,
        "ulichtverh": "",
        "strasse": "",
        "ukategorie": "3",
        "utyp1": "2",
        "uart": "5",
        "umonat": "09",
        "ustunde": "18",
        "uwochentag": "7",
        "strzustand": "0",
        "istrad": "1",
        "istpkw": "1",
        "istfuss": "0",
        "istkrad": "0"
      }
    }
,
    {
      "type": "Feature",
      "geometry": { "type": "Point", "coordinates": [9.700352599000041, 52.408354030000055] },
      "properties": {
        "id": "133269",
        "name": "Unfall 133269 (2017) Kat:3",
        "year": 2017,
        "ulichtverh": "",
        "strasse": "",
        "ukategorie": "3",
        "utyp1": "1",
        "uart": "0",
        "umonat": "09",
        "ustunde": "11",
        "uwochentag": "7",
        "strzustand": "0",
        "istrad": "1",
        "istpkw": "0",
        "istfuss": "0",
        "istkrad": "0"
      }
    }
,
    {
      "type": "Feature",
      "geometry": { "type": "Point", "coordinates": [9.741527096000027, 52.432876688000079] },
      "properties": {
        "id": "133270",
        "name": "Unfall 133270 (2017) Kat:2",
        "year": 2017,
        "ulichtverh": "",
        "strasse": "",
        "ukategorie": "2",
        "utyp1": "7",
        "uart": "0",
        "umonat": "09",
        "ustunde": "13",
        "uwochentag": "7",
        "strzustand": "0",
        "istrad": "1",
        "istpkw": "0",
        "istfuss": "0",
        "istkrad": "0"
      }
    }
,
    {
      "type": "Feature",
      "geometry": { "type": "Point", "coordinates": [9.653697298000054, 52.411973642000078] },
      "properties": {
        "id": "133290",
        "name": "Unfall 133290 (2017) Kat:3",
        "year": 2017,
        "ulichtverh": "",
        "strasse": "",
        "ukategorie": "3",
        "utyp1": "2",
        "uart": "5",
        "umonat": "09",
        "ustunde": "07",
        "uwochentag": "6",
        "strzustand": "0",
        "istrad": "1",
        "istpkw": "1",
        "istfuss": "0",
        "istkrad": "0"
      }
    }
,
    {
      "type": "Feature",
      "geometry": { "type": "Point", "coordinates": [9.764972606000072, 52.359931272000040] },
      "properties": {
        "id": "133292",
        "name": "Unfall 133292 (2017) Kat:3",
        "year": 2017,
        "ulichtverh": "",
        "strasse": "",
        "ukategorie": "3",
        "utyp1": "6",
        "uart": "4",
        "umonat": "09",
        "ustunde": "23",
        "uwochentag": "6",
        "strzustand": "0",
        "istrad": "1",
        "istpkw": "0",
        "istfuss": "0",
        "istkrad": "0"
      }
    }
,
    {
      "type": "Feature",
      "geometry": { "type": "Point", "coordinates": [9.534798907000038, 52.307171418000053] },
      "properties": {
        "id": "133294",
        "name": "Unfall 133294 (2017) Kat:3",
        "year": 2017,
        "ulichtverh": "",
        "strasse": "",
        "ukategorie": "3",
        "utyp1": "3",
        "uart": "5",
        "umonat": "09",
        "ustunde": "15",
        "uwochentag": "6",
        "strzustand": "0",
        "istrad": "1",
        "istpkw": "1",
        "istfuss": "0",
        "istkrad": "0"
      }
    }
,
    {
      "type": "Feature",
      "geometry": { "type": "Point", "coordinates": [9.722003060000077, 52.378747362000070] },
      "properties": {
        "id": "133295",
        "name": "Unfall 133295 (2017) Kat:3",
        "year": 2017,
        "ulichtverh": "",
        "strasse": "",
        "ukategorie": "3",
        "utyp1": "3",
        "uart": "5",
        "umonat": "09",
        "ustunde": "19",
        "uwochentag": "6",
        "strzustand": "0",
        "istrad": "1",
        "istpkw": "1",
        "istfuss": "0",
        "istkrad": "0"
      }
    }
,
    {
      "type": "Feature",
      "geometry": { "type": "Point", "coordinates": [9.684330714000055, 52.393417716000044] },
      "properties": {
        "id": "133297",
        "name": "Unfall 133297 (2017) Kat:3",
        "year": 2017,
        "ulichtverh": "",
        "strasse": "",
        "ukategorie": "3",
        "utyp1": "2",
        "uart": "2",
        "umonat": "09",
        "ustunde": "12",
        "uwochentag": "6",
        "strzustand": "0",
        "istrad": "1",
        "istpkw": "0",
        "istfuss": "0",
        "istkrad": "0"
      }
    }
,
    {
      "type": "Feature",
      "geometry": { "type": "Point", "coordinates": [9.460420996000039, 52.513301785000067] },
      "properties": {
        "id": "133333",
        "name": "Unfall 133333 (2017) Kat:3",
        "year": 2017,
        "ulichtverh": "",
        "strasse": "",
        "ukategorie": "3",
        "utyp1": "2",
        "uart": "5",
        "umonat": "08",
        "ustunde": "16",
        "uwochentag": "5",
        "strzustand": "0",
        "istrad": "1",
        "istpkw": "1",
        "istfuss": "0",
        "istkrad": "0"
      }
    }
,
    {
      "type": "Feature",
      "geometry": { "type": "Point", "coordinates": [9.733994435000057, 52.375439007000068] },
      "properties": {
        "id": "133336",
        "name": "Unfall 133336 (2017) Kat:3",
        "year": 2017,
        "ulichtverh": "",
        "strasse": "",
        "ukategorie": "3",
        "utyp1": "5",
        "uart": "1",
        "umonat": "08",
        "ustunde": "13",
        "uwochentag": "5",
        "strzustand": "0",
        "istrad": "1",
        "istpkw": "1",
        "istfuss": "0",
        "istkrad": "0"
      }
    }
,
    {
      "type": "Feature",
      "geometry": { "type": "Point", "coordinates": [9.725522177000073, 52.382322426000030] },
      "properties": {
        "id": "133377",
        "name": "Unfall 133377 (2017) Kat:3",
        "year": 2017,
        "ulichtverh": "",
        "strasse": "",
        "ukategorie": "3",
        "utyp1": "3",
        "uart": "5",
        "umonat": "08",
        "ustunde": "13",
        "uwochentag": "4",
        "strzustand": "0",
        "istrad": "1",
        "istpkw": "0",
        "istfuss": "0",
        "istkrad": "1"
      }
    }
,
    {
      "type": "Feature",
      "geometry": { "type": "Point", "coordinates": [9.738081268000030, 52.454327598000077] },
      "properties": {
        "id": "133378",
        "name": "Unfall 133378 (2017) Kat:3",
        "year": 2017,
        "ulichtverh": "",
        "strasse": "",
        "ukategorie": "3",
        "utyp1": "5",
        "uart": "4",
        "umonat": "08",
        "ustunde": "17",
        "uwochentag": "4",
        "strzustand": "0",
        "istrad": "1",
        "istpkw": "1",
        "istfuss": "0",
        "istkrad": "0"
      }
    }
,
    {
      "type": "Feature",
      "geometry": { "type": "Point", "coordinates": [10.030794311000022, 52.453212017000055] },
      "properties": {
        "id": "133379",
        "name": "Unfall 133379 (2017) Kat:3",
        "year": 2017,
        "ulichtverh": "",
        "strasse": "",
        "ukategorie": "3",
        "utyp1": "6",
        "uart": "0",
        "umonat": "08",
        "ustunde": "07",
        "uwochentag": "4",
        "strzustand": "0",
        "istrad": "1",
        "istpkw": "1",
        "istfuss": "0",
        "istkrad": "0"
      }
    }
,
    {
      "type": "Feature",
      "geometry": { "type": "Point", "coordinates": [9.706272386000023, 52.367166221000048] },
      "properties": {
        "id": "133380",
        "name": "Unfall 133380 (2017) Kat:3",
        "year": 2017,
        "ulichtverh": "",
        "strasse": "",
        "ukategorie": "3",
        "utyp1": "1",
        "uart": "0",
        "umonat": "08",
        "ustunde": "14",
        "uwochentag": "4",
        "strzustand": "0",
        "istrad": "1",
        "istpkw": "0",
        "istfuss": "0",
        "istkrad": "0"
      }
    }
,
    {
      "type": "Feature",
      "geometry": { "type": "Point", "coordinates": [9.799019701000077, 52.376385837000043] },
      "properties": {
        "id": "133381",
        "name": "Unfall 133381 (2017) Kat:3",
        "year": 2017,
        "ulichtverh": "",
        "strasse": "",
        "ukategorie": "3",
        "utyp1": "3",
        "uart": "5",
        "umonat": "08",
        "ustunde": "07",
        "uwochentag": "4",
        "strzustand": "0",
        "istrad": "1",
        "istpkw": "1",
        "istfuss": "0",
        "istkrad": "0"
      }
    }
,
    {
      "type": "Feature",
      "geometry": { "type": "Point", "coordinates": [9.727155083000071, 52.351350327000034] },
      "properties": {
        "id": "133425",
        "name": "Unfall 133425 (2017) Kat:3",
        "year": 2017,
        "ulichtverh": "",
        "strasse": "",
        "ukategorie": "3",
        "utyp1": "6",
        "uart": "4",
        "umonat": "08",
        "ustunde": "07",
        "uwochentag": "3",
        "strzustand": "0",
        "istrad": "1",
        "istpkw": "1",
        "istfuss": "0",
        "istkrad": "0"
      }
    }
,
    {
      "type": "Feature",
      "geometry": { "type": "Point", "coordinates": [9.714273488000060, 52.371512102000054] },
      "properties": {
        "id": "133426",
        "name": "Unfall 133426 (2017) Kat:3",
        "year": 2017,
        "ulichtverh": "",
        "strasse": "",
        "ukategorie": "3",
        "utyp1": "2",
        "uart": "3",
        "umonat": "08",
        "ustunde": "13",
        "uwochentag": "3",
        "strzustand": "0",
        "istrad": "1",
        "istpkw": "1",
        "istfuss": "0",
        "istkrad": "0"
      }
    }
,
    {
      "type": "Feature",
      "geometry": { "type": "Point", "coordinates": [9.779613755000071, 52.401898929000026] },
      "properties": {
        "id": "133427",
        "name": "Unfall 133427 (2017) Kat:3",
        "year": 2017,
        "ulichtverh": "",
        "strasse": "",
        "ukategorie": "3",
        "utyp1": "2",
        "uart": "5",
        "umonat": "08",
        "ustunde": "18",
        "uwochentag": "3",
        "strzustand": "0",
        "istrad": "1",
        "istpkw": "0",
        "istfuss": "0",
        "istkrad": "0"
      }
    }
,
    {
      "type": "Feature",
      "geometry": { "type": "Point", "coordinates": [9.588141758000063, 52.446701047000033] },
      "properties": {
        "id": "133428",
        "name": "Unfall 133428 (2017) Kat:3",
        "year": 2017,
        "ulichtverh": "",
        "strasse": "",
        "ukategorie": "3",
        "utyp1": "2",
        "uart": "5",
        "umonat": "08",
        "ustunde": "10",
        "uwochentag": "3",
        "strzustand": "0",
        "istrad": "1",
        "istpkw": "1",
        "istfuss": "0",
        "istkrad": "0"
      }
    }
,
    {
      "type": "Feature",
      "geometry": { "type": "Point", "coordinates": [9.736278873000060, 52.414325011000074] },
      "properties": {
        "id": "133430",
        "name": "Unfall 133430 (2017) Kat:3",
        "year": 2017,
        "ulichtverh": "",
        "strasse": "",
        "ukategorie": "3",
        "utyp1": "4",
        "uart": "6",
        "umonat": "08",
        "ustunde": "14",
        "uwochentag": "3",
        "strzustand": "0",
        "istrad": "1",
        "istpkw": "0",
        "istfuss": "1",
        "istkrad": "0"
      }
    }
,
    {
      "type": "Feature",
      "geometry": { "type": "Point", "coordinates": [9.751879663000068, 52.372964954000054] },
      "properties": {
        "id": "133431",
        "name": "Unfall 133431 (2017) Kat:3",
        "year": 2017,
        "ulichtverh": "",
        "strasse": "",
        "ukategorie": "3",
        "utyp1": "3",
        "uart": "5",
        "umonat": "08",
        "ustunde": "07",
        "uwochentag": "3",
        "strzustand": "0",
        "istrad": "1",
        "istpkw": "1",
        "istfuss": "0",
        "istkrad": "0"
      }
    }
,
    {
      "type": "Feature",
      "geometry": { "type": "Point", "coordinates": [9.838599304000070, 52.494060412000067] },
      "properties": {
        "id": "133467",
        "name": "Unfall 133467 (2017) Kat:3",
        "year": 2017,
        "ulichtverh": "",
        "strasse": "",
        "ukategorie": "3",
        "utyp1": "2",
        "uart": "4",
        "umonat": "08",
        "ustunde": "06",
        "uwochentag": "2",
        "strzustand": "0",
        "istrad": "1",
        "istpkw": "1",
        "istfuss": "0",
        "istkrad": "0"
      }
    }
,
    {
      "type": "Feature",
      "geometry": { "type": "Point", "coordinates": [9.723623196000062, 52.368494636000037] },
      "properties": {
        "id": "133469",
        "name": "Unfall 133469 (2017) Kat:3",
        "year": 2017,
        "ulichtverh": "",
        "strasse": "",
        "ukategorie": "3",
        "utyp1": "1",
        "uart": "0",
        "umonat": "08",
        "ustunde": "18",
        "uwochentag": "2",
        "strzustand": "0",
        "istrad": "1",
        "istpkw": "0",
        "istfuss": "0",
        "istkrad": "0"
      }
    }
,
    {
      "type": "Feature",
      "geometry": { "type": "Point", "coordinates": [9.663857830000040, 52.342258194000067] },
      "properties": {
        "id": "133494",
        "name": "Unfall 133494 (2017) Kat:3",
        "year": 2017,
        "ulichtverh": "",
        "strasse": "",
        "ukategorie": "3",
        "utyp1": "7",
        "uart": "1",
        "umonat": "09",
        "ustunde": "07",
        "uwochentag": "3",
        "strzustand": "0",
        "istrad": "1",
        "istpkw": "1",
        "istfuss": "0",
        "istkrad": "0"
      }
    }
,
    {
      "type": "Feature",
      "geometry": { "type": "Point", "coordinates": [9.745030723000070, 52.547473687000036] },
      "properties": {
        "id": "133495",
        "name": "Unfall 133495 (2017) Kat:3",
        "year": 2017,
        "ulichtverh": "",
        "strasse": "",
        "ukategorie": "3",
        "utyp1": "3",
        "uart": "5",
        "umonat": "09",
        "ustunde": "18",
        "uwochentag": "3",
        "strzustand": "0",
        "istrad": "1",
        "istpkw": "1",
        "istfuss": "0",
        "istkrad": "0"
      }
    }
,
    {
      "type": "Feature",
      "geometry": { "type": "Point", "coordinates": [9.717937627000026, 52.332081806000076] },
      "properties": {
        "id": "133496",
        "name": "Unfall 133496 (2017) Kat:2",
        "year": 2017,
        "ulichtverh": "",
        "strasse": "",
        "ukategorie": "2",
        "utyp1": "6",
        "uart": "3",
        "umonat": "09",
        "ustunde": "19",
        "uwochentag": "3",
        "strzustand": "1",
        "istrad": "1",
        "istpkw": "1",
        "istfuss": "0",
        "istkrad": "0"
      }
    }
,
    {
      "type": "Feature",
      "geometry": { "type": "Point", "coordinates": [9.787061717000029, 52.401663505000045] },
      "properties": {
        "id": "133520",
        "name": "Unfall 133520 (2017) Kat:3",
        "year": 2017,
        "ulichtverh": "",
        "strasse": "",
        "ukategorie": "3",
        "utyp1": "3",
        "uart": "5",
        "umonat": "09",
        "ustunde": "07",
        "uwochentag": "2",
        "strzustand": "0",
        "istrad": "1",
        "istpkw": "1",
        "istfuss": "0",
        "istkrad": "0"
      }
    }
,
    {
      "type": "Feature",
      "geometry": { "type": "Point", "coordinates": [9.741511688000060, 52.375598734000050] },
      "properties": {
        "id": "133522",
        "name": "Unfall 133522 (2017) Kat:3",
        "year": 2017,
        "ulichtverh": "",
        "strasse": "",
        "ukategorie": "3",
        "utyp1": "3",
        "uart": "5",
        "umonat": "09",
        "ustunde": "11",
        "uwochentag": "2",
        "strzustand": "0",
        "istrad": "1",
        "istpkw": "1",
        "istfuss": "0",
        "istkrad": "0"
      }
    }
,
    {
      "type": "Feature",
      "geometry": { "type": "Point", "coordinates": [9.742852332000041, 52.411322599000073] },
      "properties": {
        "id": "133524",
        "name": "Unfall 133524 (2017) Kat:3",
        "year": 2017,
        "ulichtverh": "",
        "strasse": "",
        "ukategorie": "3",
        "utyp1": "7",
        "uart": "6",
        "umonat": "09",
        "ustunde": "13",
        "uwochentag": "2",
        "strzustand": "0",
        "istrad": "1",
        "istpkw": "0",
        "istfuss": "1",
        "istkrad": "0"
      }
    }
,
    {
      "type": "Feature",
      "geometry": { "type": "Point", "coordinates": [9.722092141000076, 52.352482019000036] },
      "properties": {
        "id": "133544",
        "name": "Unfall 133544 (2017) Kat:3",
        "year": 2017,
        "ulichtverh": "",
        "strasse": "",
        "ukategorie": "3",
        "utyp1": "2",
        "uart": "3",
        "umonat": "09",
        "ustunde": "17",
        "uwochentag": "1",
        "strzustand": "0",
        "istrad": "1",
        "istpkw": "1",
        "istfuss": "0",
        "istkrad": "0"
      }
    }
,
    {
      "type": "Feature",
      "geometry": { "type": "Point", "coordinates": [9.428133344000059, 52.421776682000029] },
      "properties": {
        "id": "133560",
        "name": "Unfall 133560 (2017) Kat:3",
        "year": 2017,
        "ulichtverh": "",
        "strasse": "",
        "ukategorie": "3",
        "utyp1": "3",
        "uart": "5",
        "umonat": "09",
        "ustunde": "13",
        "uwochentag": "7",
        "strzustand": "1",
        "istrad": "1",
        "istpkw": "1",
        "istfuss": "0",
        "istkrad": "0"
      }
    }
,
    {
      "type": "Feature",
      "geometry": { "type": "Point", "coordinates": [9.724824875000024, 52.345041296000034] },
      "properties": {
        "id": "133563",
        "name": "Unfall 133563 (2017) Kat:3",
        "year": 2017,
        "ulichtverh": "",
        "strasse": "",
        "ukategorie": "3",
        "utyp1": "3",
        "uart": "5",
        "umonat": "09",
        "ustunde": "19",
        "uwochentag": "7",
        "strzustand": "1",
        "istrad": "1",
        "istpkw": "1",
        "istfuss": "0",
        "istkrad": "0"
      }
    }
,
    {
      "type": "Feature",
      "geometry": { "type": "Point", "coordinates": [9.733054139000046, 52.392099216000076] },
      "properties": {
        "id": "133564",
        "name": "Unfall 133564 (2017) Kat:3",
        "year": 2017,
        "ulichtverh": "",
        "strasse": "",
        "ukategorie": "3",
        "utyp1": "6",
        "uart": "0",
        "umonat": "09",
        "ustunde": "12",
        "uwochentag": "7",
        "strzustand": "1",
        "istrad": "1",
        "istpkw": "1",
        "istfuss": "0",
        "istkrad": "0"
      }
    }
,
    {
      "type": "Feature",
      "geometry": { "type": "Point", "coordinates": [9.712702725000042, 52.342221517000041] },
      "properties": {
        "id": "133596",
        "name": "Unfall 133596 (2017) Kat:3",
        "year": 2017,
        "ulichtverh": "",
        "strasse": "",
        "ukategorie": "3",
        "utyp1": "2",
        "uart": "5",
        "umonat": "09",
        "ustunde": "13",
        "uwochentag": "6",
        "strzustand": "1",
        "istrad": "1",
        "istpkw": "1",
        "istfuss": "0",
        "istkrad": "0"
      }
    }
,
    {
      "type": "Feature",
      "geometry": { "type": "Point", "coordinates": [9.707768495000039, 52.373345262000043] },
      "properties": {
        "id": "133604",
        "name": "Unfall 133604 (2017) Kat:2",
        "year": 2017,
        "ulichtverh": "",
        "strasse": "",
        "ukategorie": "2",
        "utyp1": "1",
        "uart": "0",
        "umonat": "09",
        "ustunde": "11",
        "uwochentag": "6",
        "strzustand": "1",
        "istrad": "1",
        "istpkw": "0",
        "istfuss": "0",
        "istkrad": "0"
      }
    }
,
    {
      "type": "Feature",
      "geometry": { "type": "Point", "coordinates": [9.792661852000038, 52.396943515000032] },
      "properties": {
        "id": "133630",
        "name": "Unfall 133630 (2017) Kat:3",
        "year": 2017,
        "ulichtverh": "",
        "strasse": "",
        "ukategorie": "3",
        "utyp1": "2",
        "uart": "5",
        "umonat": "09",
        "ustunde": "15",
        "uwochentag": "5",
        "strzustand": "0",
        "istrad": "1",
        "istpkw": "1",
        "istfuss": "0",
        "istkrad": "0"
      }
    }
,
    {
      "type": "Feature",
      "geometry": { "type": "Point", "coordinates": [9.978587789000073, 52.383122079000032] },
      "properties": {
        "id": "133633",
        "name": "Unfall 133633 (2017) Kat:3",
        "year": 2017,
        "ulichtverh": "",
        "strasse": "",
        "ukategorie": "3",
        "utyp1": "7",
        "uart": "5",
        "umonat": "09",
        "ustunde": "17",
        "uwochentag": "5",
        "strzustand": "1",
        "istrad": "1",
        "istpkw": "1",
        "istfuss": "0",
        "istkrad": "0"
      }
    }
,
    {
      "type": "Feature",
      "geometry": { "type": "Point", "coordinates": [9.864128000000051, 52.485774082000034] },
      "properties": {
        "id": "133634",
        "name": "Unfall 133634 (2017) Kat:3",
        "year": 2017,
        "ulichtverh": "",
        "strasse": "",
        "ukategorie": "3",
        "utyp1": "3",
        "uart": "5",
        "umonat": "09",
        "ustunde": "14",
        "uwochentag": "5",
        "strzustand": "1",
        "istrad": "1",
        "istpkw": "1",
        "istfuss": "0",
        "istkrad": "0"
      }
    }
,
    {
      "type": "Feature",
      "geometry": { "type": "Point", "coordinates": [9.690732929000035, 52.439902903000075] },
      "properties": {
        "id": "133635",
        "name": "Unfall 133635 (2017) Kat:2",
        "year": 2017,
        "ulichtverh": "",
        "strasse": "",
        "ukategorie": "2",
        "utyp1": "1",
        "uart": "0",
        "umonat": "09",
        "ustunde": "17",
        "uwochentag": "5",
        "strzustand": "0",
        "istrad": "1",
        "istpkw": "0",
        "istfuss": "0",
        "istkrad": "0"
      }
    }
,
    {
      "type": "Feature",
      "geometry": { "type": "Point", "coordinates": [9.737892659000067, 52.384735815000056] },
      "properties": {
        "id": "133636",
        "name": "Unfall 133636 (2017) Kat:3",
        "year": 2017,
        "ulichtverh": "",
        "strasse": "",
        "ukategorie": "3",
        "utyp1": "4",
        "uart": "6",
        "umonat": "09",
        "ustunde": "13",
        "uwochentag": "5",
        "strzustand": "1",
        "istrad": "1",
        "istpkw": "0",
        "istfuss": "1",
        "istkrad": "0"
      }
    }
,
    {
      "type": "Feature",
      "geometry": { "type": "Point", "coordinates": [9.730867846000024, 52.376115038000080] },
      "properties": {
        "id": "133670",
        "name": "Unfall 133670 (2017) Kat:3",
        "year": 2017,
        "ulichtverh": "",
        "strasse": "",
        "ukategorie": "3",
        "utyp1": "4",
        "uart": "0",
        "umonat": "09",
        "ustunde": "08",
        "uwochentag": "4",
        "strzustand": "1",
        "istrad": "1",
        "istpkw": "0",
        "istfuss": "1",
        "istkrad": "0"
      }
    }
,
    {
      "type": "Feature",
      "geometry": { "type": "Point", "coordinates": [9.733691923000038, 52.399079987000050] },
      "properties": {
        "id": "133672",
        "name": "Unfall 133672 (2017) Kat:3",
        "year": 2017,
        "ulichtverh": "",
        "strasse": "",
        "ukategorie": "3",
        "utyp1": "3",
        "uart": "5",
        "umonat": "09",
        "ustunde": "13",
        "uwochentag": "4",
        "strzustand": "1",
        "istrad": "1",
        "istpkw": "1",
        "istfuss": "0",
        "istkrad": "0"
      }
    }
,
    {
      "type": "Feature",
      "geometry": { "type": "Point", "coordinates": [9.823261150000064, 52.302750285000059] },
      "properties": {
        "id": "133711",
        "name": "Unfall 133711 (2017) Kat:3",
        "year": 2017,
        "ulichtverh": "",
        "strasse": "",
        "ukategorie": "3",
        "utyp1": "1",
        "uart": "1",
        "umonat": "09",
        "ustunde": "11",
        "uwochentag": "3",
        "strzustand": "0",
        "istrad": "1",
        "istpkw": "1",
        "istfuss": "0",
        "istkrad": "0"
      }
    }
,
    {
      "type": "Feature",
      "geometry": { "type": "Point", "coordinates": [9.753540274000045, 52.376706062000039] },
      "properties": {
        "id": "133712",
        "name": "Unfall 133712 (2017) Kat:3",
        "year": 2017,
        "ulichtverh": "",
        "strasse": "",
        "ukategorie": "3",
        "utyp1": "6",
        "uart": "2",
        "umonat": "09",
        "ustunde": "08",
        "uwochentag": "3",
        "strzustand": "0",
        "istrad": "1",
        "istpkw": "1",
        "istfuss": "0",
        "istkrad": "0"
      }
    }
,
    {
      "type": "Feature",
      "geometry": { "type": "Point", "coordinates": [9.743271525000068, 52.548278905000075] },
      "properties": {
        "id": "133714",
        "name": "Unfall 133714 (2017) Kat:3",
        "year": 2017,
        "ulichtverh": "",
        "strasse": "",
        "ukategorie": "3",
        "utyp1": "7",
        "uart": "0",
        "umonat": "09",
        "ustunde": "16",
        "uwochentag": "3",
        "strzustand": "0",
        "istrad": "1",
        "istpkw": "0",
        "istfuss": "0",
        "istkrad": "0"
      }
    }
,
    {
      "type": "Feature",
      "geometry": { "type": "Point", "coordinates": [9.791590168000028, 52.384756082000081] },
      "properties": {
        "id": "133715",
        "name": "Unfall 133715 (2017) Kat:3",
        "year": 2017,
        "ulichtverh": "",
        "strasse": "",
        "ukategorie": "3",
        "utyp1": "3",
        "uart": "5",
        "umonat": "09",
        "ustunde": "19",
        "uwochentag": "3",
        "strzustand": "0",
        "istrad": "1",
        "istpkw": "0",
        "istfuss": "0",
        "istkrad": "0"
      }
    }
,
    {
      "type": "Feature",
      "geometry": { "type": "Point", "coordinates": [9.817493186000036, 52.301958127000034] },
      "properties": {
        "id": "133716",
        "name": "Unfall 133716 (2017) Kat:2",
        "year": 2017,
        "ulichtverh": "",
        "strasse": "",
        "ukategorie": "2",
        "utyp1": "6",
        "uart": "4",
        "umonat": "09",
        "ustunde": "07",
        "uwochentag": "3",
        "strzustand": "0",
        "istrad": "1",
        "istpkw": "0",
        "istfuss": "0",
        "istkrad": "0"
      }
    }
,
    {
      "type": "Feature",
      "geometry": { "type": "Point", "coordinates": [9.758068627000057, 52.340305715000056] },
      "properties": {
        "id": "133717",
        "name": "Unfall 133717 (2017) Kat:3",
        "year": 2017,
        "ulichtverh": "",
        "strasse": "",
        "ukategorie": "3",
        "utyp1": "6",
        "uart": "0",
        "umonat": "09",
        "ustunde": "06",
        "uwochentag": "3",
        "strzustand": "0",
        "istrad": "1",
        "istpkw": "1",
        "istfuss": "0",
        "istkrad": "0"
      }
    }
,
    {
      "type": "Feature",
      "geometry": { "type": "Point", "coordinates": [9.429613434000032, 52.577807866000057] },
      "properties": {
        "id": "133747",
        "name": "Unfall 133747 (2017) Kat:3",
        "year": 2017,
        "ulichtverh": "",
        "strasse": "",
        "ukategorie": "3",
        "utyp1": "3",
        "uart": "5",
        "umonat": "09",
        "ustunde": "17",
        "uwochentag": "5",
        "strzustand": "0",
        "istrad": "1",
        "istpkw": "1",
        "istfuss": "0",
        "istkrad": "0"
      }
    }
,
    {
      "type": "Feature",
      "geometry": { "type": "Point", "coordinates": [9.719360311000060, 52.366047591000040] },
      "properties": {
        "id": "133748",
        "name": "Unfall 133748 (2017) Kat:3",
        "year": 2017,
        "ulichtverh": "",
        "strasse": "",
        "ukategorie": "3",
        "utyp1": "7",
        "uart": "5",
        "umonat": "09",
        "ustunde": "12",
        "uwochentag": "5",
        "strzustand": "0",
        "istrad": "1",
        "istpkw": "0",
        "istfuss": "0",
        "istkrad": "0"
      }
    }
,
    {
      "type": "Feature",
      "geometry": { "type": "Point", "coordinates": [9.442027425000049, 52.426265563000072] },
      "properties": {
        "id": "133780",
        "name": "Unfall 133780 (2017) Kat:3",
        "year": 2017,
        "ulichtverh": "",
        "strasse": "",
        "ukategorie": "3",
        "utyp1": "7",
        "uart": "0",
        "umonat": "09",
        "ustunde": "12",
        "uwochentag": "4",
        "strzustand": "0",
        "istrad": "1",
        "istpkw": "0",
        "istfuss": "0",
        "istkrad": "0"
      }
    }
,
    {
      "type": "Feature",
      "geometry": { "type": "Point", "coordinates": [9.761771551000038, 52.366482093000059] },
      "properties": {
        "id": "133781",
        "name": "Unfall 133781 (2017) Kat:2",
        "year": 2017,
        "ulichtverh": "",
        "strasse": "",
        "ukategorie": "2",
        "utyp1": "3",
        "uart": "5",
        "umonat": "09",
        "ustunde": "07",
        "uwochentag": "4",
        "strzustand": "0",
        "istrad": "1",
        "istpkw": "1",
        "istfuss": "0",
        "istkrad": "0"
      }
    }
,
    {
      "type": "Feature",
      "geometry": { "type": "Point", "coordinates": [9.723387273000071, 52.370791918000066] },
      "properties": {
        "id": "133803",
        "name": "Unfall 133803 (2017) Kat:3",
        "year": 2017,
        "ulichtverh": "",
        "strasse": "",
        "ukategorie": "3",
        "utyp1": "5",
        "uart": "1",
        "umonat": "09",
        "ustunde": "19",
        "uwochentag": "3",
        "strzustand": "0",
        "istrad": "1",
        "istpkw": "1",
        "istfuss": "0",
        "istkrad": "0"
      }
    }
,
    {
      "type": "Feature",
      "geometry": { "type": "Point", "coordinates": [9.693410357000062, 52.381424755000069] },
      "properties": {
        "id": "133806",
        "name": "Unfall 133806 (2017) Kat:3",
        "year": 2017,
        "ulichtverh": "",
        "strasse": "",
        "ukategorie": "3",
        "utyp1": "7",
        "uart": "0",
        "umonat": "09",
        "ustunde": "07",
        "uwochentag": "3",
        "strzustand": "1",
        "istrad": "1",
        "istpkw": "0",
        "istfuss": "0",
        "istkrad": "0"
      }
    }
,
    {
      "type": "Feature",
      "geometry": { "type": "Point", "coordinates": [9.740516889000048, 52.374091864000036] },
      "properties": {
        "id": "133807",
        "name": "Unfall 133807 (2017) Kat:3",
        "year": 2017,
        "ulichtverh": "",
        "strasse": "",
        "ukategorie": "3",
        "utyp1": "3",
        "uart": "0",
        "umonat": "09",
        "ustunde": "08",
        "uwochentag": "3",
        "strzustand": "0",
        "istrad": "1",
        "istpkw": "1",
        "istfuss": "0",
        "istkrad": "0"
      }
    }
,
    {
      "type": "Feature",
      "geometry": { "type": "Point", "coordinates": [9.821280736000063, 52.340575256000079] },
      "properties": {
        "id": "133809",
        "name": "Unfall 133809 (2017) Kat:3",
        "year": 2017,
        "ulichtverh": "",
        "strasse": "",
        "ukategorie": "3",
        "utyp1": "2",
        "uart": "5",
        "umonat": "09",
        "ustunde": "19",
        "uwochentag": "3",
        "strzustand": "0",
        "istrad": "1",
        "istpkw": "1",
        "istfuss": "0",
        "istkrad": "0"
      }
    }
,
    {
      "type": "Feature",
      "geometry": { "type": "Point", "coordinates": [9.739727137000045, 52.365563427000041] },
      "properties": {
        "id": "133838",
        "name": "Unfall 133838 (2017) Kat:3",
        "year": 2017,
        "ulichtverh": "",
        "strasse": "",
        "ukategorie": "3",
        "utyp1": "1",
        "uart": "0",
        "umonat": "09",
        "ustunde": "18",
        "uwochentag": "2",
        "strzustand": "1",
        "istrad": "1",
        "istpkw": "0",
        "istfuss": "0",
        "istkrad": "0"
      }
    }
,
    {
      "type": "Feature",
      "geometry": { "type": "Point", "coordinates": [9.737480691000030, 52.441003333000026] },
      "properties": {
        "id": "133840",
        "name": "Unfall 133840 (2017) Kat:3",
        "year": 2017,
        "ulichtverh": "",
        "strasse": "",
        "ukategorie": "3",
        "utyp1": "3",
        "uart": "5",
        "umonat": "09",
        "ustunde": "12",
        "uwochentag": "2",
        "strzustand": "0",
        "istrad": "1",
        "istpkw": "1",
        "istfuss": "0",
        "istkrad": "0"
      }
    }
,
    {
      "type": "Feature",
      "geometry": { "type": "Point", "coordinates": [9.988121066000076, 52.458690934000060] },
      "properties": {
        "id": "133841",
        "name": "Unfall 133841 (2017) Kat:3",
        "year": 2017,
        "ulichtverh": "",
        "strasse": "",
        "ukategorie": "3",
        "utyp1": "2",
        "uart": "3",
        "umonat": "09",
        "ustunde": "10",
        "uwochentag": "2",
        "strzustand": "0",
        "istrad": "1",
        "istpkw": "1",
        "istfuss": "0",
        "istkrad": "0"
      }
    }
,
    {
      "type": "Feature",
      "geometry": { "type": "Point", "coordinates": [9.707302790000028, 52.369326341000033] },
      "properties": {
        "id": "133842",
        "name": "Unfall 133842 (2017) Kat:3",
        "year": 2017,
        "ulichtverh": "",
        "strasse": "",
        "ukategorie": "3",
        "utyp1": "2",
        "uart": "5",
        "umonat": "09",
        "ustunde": "14",
        "uwochentag": "2",
        "strzustand": "1",
        "istrad": "1",
        "istpkw": "1",
        "istfuss": "0",
        "istkrad": "0"
      }
    }
,
    {
      "type": "Feature",
      "geometry": { "type": "Point", "coordinates": [9.671735033000061, 52.415647405000072] },
      "properties": {
        "id": "133844",
        "name": "Unfall 133844 (2017) Kat:2",
        "year": 2017,
        "ulichtverh": "",
        "strasse": "",
        "ukategorie": "2",
        "utyp1": "3",
        "uart": "5",
        "umonat": "09",
        "ustunde": "18",
        "uwochentag": "2",
        "strzustand": "1",
        "istrad": "1",
        "istpkw": "1",
        "istfuss": "0",
        "istkrad": "0"
      }
    }
,
    {
      "type": "Feature",
      "geometry": { "type": "Point", "coordinates": [9.751060420000044, 52.392692404000059] },
      "properties": {
        "id": "133845",
        "name": "Unfall 133845 (2017) Kat:3",
        "year": 2017,
        "ulichtverh": "",
        "strasse": "",
        "ukategorie": "3",
        "utyp1": "2",
        "uart": "2",
        "umonat": "09",
        "ustunde": "11",
        "uwochentag": "2",
        "strzustand": "1",
        "istrad": "1",
        "istpkw": "1",
        "istfuss": "0",
        "istkrad": "0"
      }
    }
,
    {
      "type": "Feature",
      "geometry": { "type": "Point", "coordinates": [9.765111585000057, 52.360626995000075] },
      "properties": {
        "id": "133888",
        "name": "Unfall 133888 (2017) Kat:2",
        "year": 2017,
        "ulichtverh": "",
        "strasse": "",
        "ukategorie": "2",
        "utyp1": "3",
        "uart": "5",
        "umonat": "09",
        "ustunde": "09",
        "uwochentag": "7",
        "strzustand": "0",
        "istrad": "1",
        "istpkw": "1",
        "istfuss": "0",
        "istkrad": "0"
      }
    }
,
    {
      "type": "Feature",
      "geometry": { "type": "Point", "coordinates": [9.967405212000074, 52.312624196000058] },
      "properties": {
        "id": "133921",
        "name": "Unfall 133921 (2017) Kat:3",
        "year": 2017,
        "ulichtverh": "",
        "strasse": "",
        "ukategorie": "3",
        "utyp1": "5",
        "uart": "0",
        "umonat": "09",
        "ustunde": "09",
        "uwochentag": "6",
        "strzustand": "0",
        "istrad": "1",
        "istpkw": "1",
        "istfuss": "0",
        "istkrad": "0"
      }
    }
,
    {
      "type": "Feature",
      "geometry": { "type": "Point", "coordinates": [9.738221583000041, 52.445471919000056] },
      "properties": {
        "id": "133923",
        "name": "Unfall 133923 (2017) Kat:3",
        "year": 2017,
        "ulichtverh": "",
        "strasse": "",
        "ukategorie": "3",
        "utyp1": "3",
        "uart": "0",
        "umonat": "09",
        "ustunde": "07",
        "uwochentag": "6",
        "strzustand": "0",
        "istrad": "1",
        "istpkw": "1",
        "istfuss": "0",
        "istkrad": "0"
      }
    }
,
    {
      "type": "Feature",
      "geometry": { "type": "Point", "coordinates": [9.767804635000061, 52.413447880000035] },
      "properties": {
        "id": "133925",
        "name": "Unfall 133925 (2017) Kat:3",
        "year": 2017,
        "ulichtverh": "",
        "strasse": "",
        "ukategorie": "3",
        "utyp1": "1",
        "uart": "0",
        "umonat": "09",
        "ustunde": "19",
        "uwochentag": "6",
        "strzustand": "1",
        "istrad": "1",
        "istpkw": "0",
        "istfuss": "0",
        "istkrad": "0"
      }
    }
,
    {
      "type": "Feature",
      "geometry": { "type": "Point", "coordinates": [9.713695712000060, 52.370282928000051] },
      "properties": {
        "id": "133926",
        "name": "Unfall 133926 (2017) Kat:3",
        "year": 2017,
        "ulichtverh": "",
        "strasse": "",
        "ukategorie": "3",
        "utyp1": "3",
        "uart": "5",
        "umonat": "09",
        "ustunde": "16",
        "uwochentag": "6",
        "strzustand": "0",
        "istrad": "1",
        "istpkw": "0",
        "istfuss": "0",
        "istkrad": "0"
      }
    }
,
    {
      "type": "Feature",
      "geometry": { "type": "Point", "coordinates": [9.731210642000065, 52.398420370000053] },
      "properties": {
        "id": "133927",
        "name": "Unfall 133927 (2017) Kat:3",
        "year": 2017,
        "ulichtverh": "",
        "strasse": "",
        "ukategorie": "3",
        "utyp1": "2",
        "uart": "5",
        "umonat": "09",
        "ustunde": "14",
        "uwochentag": "6",
        "strzustand": "0",
        "istrad": "1",
        "istpkw": "1",
        "istfuss": "0",
        "istkrad": "0"
      }
    }
,
    {
      "type": "Feature",
      "geometry": { "type": "Point", "coordinates": [9.738844984000025, 52.363298972000052] },
      "properties": {
        "id": "133950",
        "name": "Unfall 133950 (2017) Kat:3",
        "year": 2017,
        "ulichtverh": "",
        "strasse": "",
        "ukategorie": "3",
        "utyp1": "2",
        "uart": "5",
        "umonat": "09",
        "ustunde": "17",
        "uwochentag": "5",
        "strzustand": "0",
        "istrad": "1",
        "istpkw": "0",
        "istfuss": "0",
        "istkrad": "0"
      }
    }
,
    {
      "type": "Feature",
      "geometry": { "type": "Point", "coordinates": [9.709405126000036, 52.413440258000037] },
      "properties": {
        "id": "133951",
        "name": "Unfall 133951 (2017) Kat:3",
        "year": 2017,
        "ulichtverh": "",
        "strasse": "",
        "ukategorie": "3",
        "utyp1": "5",
        "uart": "1",
        "umonat": "09",
        "ustunde": "14",
        "uwochentag": "5",
        "strzustand": "0",
        "istrad": "1",
        "istpkw": "1",
        "istfuss": "0",
        "istkrad": "0"
      }
    }
,
    {
      "type": "Feature",
      "geometry": { "type": "Point", "coordinates": [9.667830310000056, 52.378686381000080] },
      "properties": {
        "id": "133952",
        "name": "Unfall 133952 (2017) Kat:3",
        "year": 2017,
        "ulichtverh": "",
        "strasse": "",
        "ukategorie": "3",
        "utyp1": "7",
        "uart": "0",
        "umonat": "09",
        "ustunde": "15",
        "uwochentag": "5",
        "strzustand": "0",
        "istrad": "1",
        "istpkw": "0",
        "istfuss": "0",
        "istkrad": "0"
      }
    }
,
    {
      "type": "Feature",
      "geometry": { "type": "Point", "coordinates": [9.717062543000054, 52.354348788000038] },
      "properties": {
        "id": "133994",
        "name": "Unfall 133994 (2017) Kat:3",
        "year": 2017,
        "ulichtverh": "",
        "strasse": "",
        "ukategorie": "3",
        "utyp1": "3",
        "uart": "5",
        "umonat": "09",
        "ustunde": "16",
        "uwochentag": "4",
        "strzustand": "0",
        "istrad": "1",
        "istpkw": "1",
        "istfuss": "0",
        "istkrad": "0"
      }
    }
,
    {
      "type": "Feature",
      "geometry": { "type": "Point", "coordinates": [9.729663353000035, 52.311855974000082] },
      "properties": {
        "id": "133998",
        "name": "Unfall 133998 (2017) Kat:3",
        "year": 2017,
        "ulichtverh": "",
        "strasse": "",
        "ukategorie": "3",
        "utyp1": "1",
        "uart": "0",
        "umonat": "09",
        "ustunde": "16",
        "uwochentag": "4",
        "strzustand": "1",
        "istrad": "1",
        "istpkw": "0",
        "istfuss": "0",
        "istkrad": "0"
      }
    }
,
    {
      "type": "Feature",
      "geometry": { "type": "Point", "coordinates": [9.738715250000041, 52.446064671000045] },
      "properties": {
        "id": "133999",
        "name": "Unfall 133999 (2017) Kat:3",
        "year": 2017,
        "ulichtverh": "",
        "strasse": "",
        "ukategorie": "3",
        "utyp1": "3",
        "uart": "5",
        "umonat": "09",
        "ustunde": "07",
        "uwochentag": "4",
        "strzustand": "1",
        "istrad": "1",
        "istpkw": "0",
        "istfuss": "0",
        "istkrad": "0"
      }
    }
,
    {
      "type": "Feature",
      "geometry": { "type": "Point", "coordinates": [9.829583533000061, 52.284175895000033] },
      "properties": {
        "id": "134031",
        "name": "Unfall 134031 (2017) Kat:3",
        "year": 2017,
        "ulichtverh": "",
        "strasse": "",
        "ukategorie": "3",
        "utyp1": "1",
        "uart": "0",
        "umonat": "09",
        "ustunde": "10",
        "uwochentag": "6",
        "strzustand": "0",
        "istrad": "1",
        "istpkw": "0",
        "istfuss": "0",
        "istkrad": "0"
      }
    }
,
    {
      "type": "Feature",
      "geometry": { "type": "Point", "coordinates": [9.744920619000027, 52.363711544000068] },
      "properties": {
        "id": "134032",
        "name": "Unfall 134032 (2017) Kat:2",
        "year": 2017,
        "ulichtverh": "",
        "strasse": "",
        "ukategorie": "2",
        "utyp1": "1",
        "uart": "3",
        "umonat": "09",
        "ustunde": "12",
        "uwochentag": "6",
        "strzustand": "0",
        "istrad": "1",
        "istpkw": "0",
        "istfuss": "0",
        "istkrad": "0"
      }
    }
,
    {
      "type": "Feature",
      "geometry": { "type": "Point", "coordinates": [9.760701193000045, 52.395959552000079] },
      "properties": {
        "id": "134033",
        "name": "Unfall 134033 (2017) Kat:3",
        "year": 2017,
        "ulichtverh": "",
        "strasse": "",
        "ukategorie": "3",
        "utyp1": "2",
        "uart": "5",
        "umonat": "09",
        "ustunde": "16",
        "uwochentag": "6",
        "strzustand": "0",
        "istrad": "1",
        "istpkw": "1",
        "istfuss": "0",
        "istkrad": "0"
      }
    }
,
    {
      "type": "Feature",
      "geometry": { "type": "Point", "coordinates": [9.731550365000032, 52.437412300000062] },
      "properties": {
        "id": "134036",
        "name": "Unfall 134036 (2017) Kat:3",
        "year": 2017,
        "ulichtverh": "",
        "strasse": "",
        "ukategorie": "3",
        "utyp1": "3",
        "uart": "5",
        "umonat": "09",
        "ustunde": "18",
        "uwochentag": "6",
        "strzustand": "0",
        "istrad": "1",
        "istpkw": "1",
        "istfuss": "0",
        "istkrad": "0"
      }
    }
,
    {
      "type": "Feature",
      "geometry": { "type": "Point", "coordinates": [9.692336974000057, 52.398134469000070] },
      "properties": {
        "id": "134038",
        "name": "Unfall 134038 (2017) Kat:2",
        "year": 2017,
        "ulichtverh": "",
        "strasse": "",
        "ukategorie": "2",
        "utyp1": "3",
        "uart": "5",
        "umonat": "09",
        "ustunde": "18",
        "uwochentag": "6",
        "strzustand": "0",
        "istrad": "1",
        "istpkw": "1",
        "istfuss": "0",
        "istkrad": "0"
      }
    }
,
    {
      "type": "Feature",
      "geometry": { "type": "Point", "coordinates": [9.722507476000033, 52.351345344000038] },
      "properties": {
        "id": "134042",
        "name": "Unfall 134042 (2017) Kat:3",
        "year": 2017,
        "ulichtverh": "",
        "strasse": "",
        "ukategorie": "3",
        "utyp1": "5",
        "uart": "1",
        "umonat": "09",
        "ustunde": "08",
        "uwochentag": "6",
        "strzustand": "0",
        "istrad": "1",
        "istpkw": "1",
        "istfuss": "0",
        "istkrad": "0"
      }
    }
,
    {
      "type": "Feature",
      "geometry": { "type": "Point", "coordinates": [9.741231352000057, 52.395149955000079] },
      "properties": {
        "id": "134078",
        "name": "Unfall 134078 (2017) Kat:3",
        "year": 2017,
        "ulichtverh": "",
        "strasse": "",
        "ukategorie": "3",
        "utyp1": "1",
        "uart": "0",
        "umonat": "09",
        "ustunde": "18",
        "uwochentag": "5",
        "strzustand": "1",
        "istrad": "1",
        "istpkw": "1",
        "istfuss": "0",
        "istkrad": "0"
      }
    }
,
    {
      "type": "Feature",
      "geometry": { "type": "Point", "coordinates": [9.739480061000052, 52.364253667000071] },
      "properties": {
        "id": "134106",
        "name": "Unfall 134106 (2017) Kat:3",
        "year": 2017,
        "ulichtverh": "",
        "strasse": "",
        "ukategorie": "3",
        "utyp1": "5",
        "uart": "1",
        "umonat": "09",
        "ustunde": "17",
        "uwochentag": "4",
        "strzustand": "0",
        "istrad": "1",
        "istpkw": "1",
        "istfuss": "0",
        "istkrad": "0"
      }
    }
,
    {
      "type": "Feature",
      "geometry": { "type": "Point", "coordinates": [9.734818840000060, 52.380353018000051] },
      "properties": {
        "id": "134107",
        "name": "Unfall 134107 (2017) Kat:3",
        "year": 2017,
        "ulichtverh": "",
        "strasse": "",
        "ukategorie": "3",
        "utyp1": "2",
        "uart": "3",
        "umonat": "09",
        "ustunde": "17",
        "uwochentag": "4",
        "strzustand": "0",
        "istrad": "1",
        "istpkw": "0",
        "istfuss": "0",
        "istkrad": "0"
      }
    }
,
    {
      "type": "Feature",
      "geometry": { "type": "Point", "coordinates": [10.010258346000057, 52.447768665000069] },
      "properties": {
        "id": "134108",
        "name": "Unfall 134108 (2017) Kat:3",
        "year": 2017,
        "ulichtverh": "",
        "strasse": "",
        "ukategorie": "3",
        "utyp1": "1",
        "uart": "0",
        "umonat": "09",
        "ustunde": "18",
        "uwochentag": "4",
        "strzustand": "1",
        "istrad": "1",
        "istpkw": "0",
        "istfuss": "0",
        "istkrad": "0"
      }
    }
,
    {
      "type": "Feature",
      "geometry": { "type": "Point", "coordinates": [9.756858842000042, 52.364723593000065] },
      "properties": {
        "id": "134109",
        "name": "Unfall 134109 (2017) Kat:3",
        "year": 2017,
        "ulichtverh": "",
        "strasse": "",
        "ukategorie": "3",
        "utyp1": "7",
        "uart": "6",
        "umonat": "09",
        "ustunde": "13",
        "uwochentag": "4",
        "strzustand": "0",
        "istrad": "1",
        "istpkw": "0",
        "istfuss": "1",
        "istkrad": "0"
      }
    }
,
    {
      "type": "Feature",
      "geometry": { "type": "Point", "coordinates": [9.751794864000033, 52.373354227000050] },
      "properties": {
        "id": "134110",
        "name": "Unfall 134110 (2017) Kat:3",
        "year": 2017,
        "ulichtverh": "",
        "strasse": "",
        "ukategorie": "3",
        "utyp1": "6",
        "uart": "4",
        "umonat": "09",
        "ustunde": "08",
        "uwochentag": "4",
        "strzustand": "0",
        "istrad": "1",
        "istpkw": "0",
        "istfuss": "0",
        "istkrad": "0"
      }
    }
,
    {
      "type": "Feature",
      "geometry": { "type": "Point", "coordinates": [9.686267626000074, 52.377205361000051] },
      "properties": {
        "id": "134133",
        "name": "Unfall 134133 (2017) Kat:3",
        "year": 2017,
        "ulichtverh": "",
        "strasse": "",
        "ukategorie": "3",
        "utyp1": "3",
        "uart": "5",
        "umonat": "09",
        "ustunde": "15",
        "uwochentag": "3",
        "strzustand": "0",
        "istrad": "1",
        "istpkw": "1",
        "istfuss": "0",
        "istkrad": "0"
      }
    }
,
    {
      "type": "Feature",
      "geometry": { "type": "Point", "coordinates": [9.687357679000058, 52.377080923000051] },
      "properties": {
        "id": "134135",
        "name": "Unfall 134135 (2017) Kat:3",
        "year": 2017,
        "ulichtverh": "",
        "strasse": "",
        "ukategorie": "3",
        "utyp1": "1",
        "uart": "0",
        "umonat": "09",
        "ustunde": "15",
        "uwochentag": "3",
        "strzustand": "0",
        "istrad": "1",
        "istpkw": "0",
        "istfuss": "0",
        "istkrad": "0"
      }
    }
,
    {
      "type": "Feature",
      "geometry": { "type": "Point", "coordinates": [9.746711647000041, 52.384476707000033] },
      "properties": {
        "id": "134136",
        "name": "Unfall 134136 (2017) Kat:3",
        "year": 2017,
        "ulichtverh": "",
        "strasse": "",
        "ukategorie": "3",
        "utyp1": "7",
        "uart": "0",
        "umonat": "09",
        "ustunde": "14",
        "uwochentag": "3",
        "strzustand": "0",
        "istrad": "1",
        "istpkw": "0",
        "istfuss": "0",
        "istkrad": "0"
      }
    }
,
    {
      "type": "Feature",
      "geometry": { "type": "Point", "coordinates": [9.804450498000051, 52.306803095000078] },
      "properties": {
        "id": "134137",
        "name": "Unfall 134137 (2017) Kat:3",
        "year": 2017,
        "ulichtverh": "",
        "strasse": "",
        "ukategorie": "3",
        "utyp1": "7",
        "uart": "0",
        "umonat": "09",
        "ustunde": "14",
        "uwochentag": "3",
        "strzustand": "0",
        "istrad": "1",
        "istpkw": "0",
        "istfuss": "0",
        "istkrad": "0"
      }
    }
,
    {
      "type": "Feature",
      "geometry": { "type": "Point", "coordinates": [9.733931125000026, 52.402568289000044] },
      "properties": {
        "id": "134138",
        "name": "Unfall 134138 (2017) Kat:3",
        "year": 2017,
        "ulichtverh": "",
        "strasse": "",
        "ukategorie": "3",
        "utyp1": "1",
        "uart": "0",
        "umonat": "09",
        "ustunde": "13",
        "uwochentag": "3",
        "strzustand": "0",
        "istrad": "1",
        "istpkw": "0",
        "istfuss": "0",
        "istkrad": "0"
      }
    }
,
    {
      "type": "Feature",
      "geometry": { "type": "Point", "coordinates": [9.748351185000047, 52.378375108000057] },
      "properties": {
        "id": "134139",
        "name": "Unfall 134139 (2017) Kat:3",
        "year": 2017,
        "ulichtverh": "",
        "strasse": "",
        "ukategorie": "3",
        "utyp1": "6",
        "uart": "6",
        "umonat": "09",
        "ustunde": "12",
        "uwochentag": "3",
        "strzustand": "0",
        "istrad": "1",
        "istpkw": "0",
        "istfuss": "1",
        "istkrad": "0"
      }
    }
,
    {
      "type": "Feature",
      "geometry": { "type": "Point", "coordinates": [9.750966402000074, 52.348367216000042] },
      "properties": {
        "id": "134162",
        "name": "Unfall 134162 (2017) Kat:3",
        "year": 2017,
        "ulichtverh": "",
        "strasse": "",
        "ukategorie": "3",
        "utyp1": "3",
        "uart": "5",
        "umonat": "09",
        "ustunde": "18",
        "uwochentag": "2",
        "strzustand": "1",
        "istrad": "1",
        "istpkw": "1",
        "istfuss": "0",
        "istkrad": "0"
      }
    }
,
    {
      "type": "Feature",
      "geometry": { "type": "Point", "coordinates": [9.789712266000038, 52.397059163000051] },
      "properties": {
        "id": "134164",
        "name": "Unfall 134164 (2017) Kat:3",
        "year": 2017,
        "ulichtverh": "",
        "strasse": "",
        "ukategorie": "3",
        "utyp1": "2",
        "uart": "4",
        "umonat": "09",
        "ustunde": "13",
        "uwochentag": "2",
        "strzustand": "1",
        "istrad": "1",
        "istpkw": "1",
        "istfuss": "0",
        "istkrad": "0"
      }
    }
,
    {
      "type": "Feature",
      "geometry": { "type": "Point", "coordinates": [9.668355875000032, 52.346541537000064] },
      "properties": {
        "id": "134165",
        "name": "Unfall 134165 (2017) Kat:3",
        "year": 2017,
        "ulichtverh": "",
        "strasse": "",
        "ukategorie": "3",
        "utyp1": "7",
        "uart": "5",
        "umonat": "09",
        "ustunde": "17",
        "uwochentag": "2",
        "strzustand": "1",
        "istrad": "1",
        "istpkw": "1",
        "istfuss": "0",
        "istkrad": "0"
      }
    }
,
    {
      "type": "Feature",
      "geometry": { "type": "Point", "coordinates": [10.013788432000069, 52.452310517000058] },
      "properties": {
        "id": "134167",
        "name": "Unfall 134167 (2017) Kat:3",
        "year": 2017,
        "ulichtverh": "",
        "strasse": "",
        "ukategorie": "3",
        "utyp1": "1",
        "uart": "0",
        "umonat": "09",
        "ustunde": "15",
        "uwochentag": "2",
        "strzustand": "0",
        "istrad": "1",
        "istpkw": "0",
        "istfuss": "0",
        "istkrad": "0"
      }
    }
,
    {
      "type": "Feature",
      "geometry": { "type": "Point", "coordinates": [9.753288769000051, 52.392185190000077] },
      "properties": {
        "id": "134168",
        "name": "Unfall 134168 (2017) Kat:3",
        "year": 2017,
        "ulichtverh": "",
        "strasse": "",
        "ukategorie": "3",
        "utyp1": "2",
        "uart": "0",
        "umonat": "09",
        "ustunde": "08",
        "uwochentag": "2",
        "strzustand": "1",
        "istrad": "1",
        "istpkw": "1",
        "istfuss": "0",
        "istkrad": "0"
      }
    }
,
    {
      "type": "Feature",
      "geometry": { "type": "Point", "coordinates": [9.718835000000070, 52.374101025000073] },
      "properties": {
        "id": "134194",
        "name": "Unfall 134194 (2017) Kat:3",
        "year": 2017,
        "ulichtverh": "",
        "strasse": "",
        "ukategorie": "3",
        "utyp1": "2",
        "uart": "2",
        "umonat": "09",
        "ustunde": "18",
        "uwochentag": "1",
        "strzustand": "1",
        "istrad": "1",
        "istpkw": "1",
        "istfuss": "0",
        "istkrad": "0"
      }
    }
,
    {
      "type": "Feature",
      "geometry": { "type": "Point", "coordinates": [9.738587152000036, 52.447653501000048] },
      "properties": {
        "id": "134198",
        "name": "Unfall 134198 (2017) Kat:2",
        "year": 2017,
        "ulichtverh": "",
        "strasse": "",
        "ukategorie": "2",
        "utyp1": "7",
        "uart": "0",
        "umonat": "09",
        "ustunde": "14",
        "uwochentag": "1",
        "strzustand": "1",
        "istrad": "1",
        "istpkw": "0",
        "istfuss": "0",
        "istkrad": "0"
      }
    }
,
    {
      "type": "Feature",
      "geometry": { "type": "Point", "coordinates": [9.462653363000072, 52.300298978000058] },
      "properties": {
        "id": "134218",
        "name": "Unfall 134218 (2017) Kat:3",
        "year": 2017,
        "ulichtverh": "",
        "strasse": "",
        "ukategorie": "3",
        "utyp1": "5",
        "uart": "1",
        "umonat": "09",
        "ustunde": "15",
        "uwochentag": "7",
        "strzustand": "0",
        "istrad": "1",
        "istpkw": "1",
        "istfuss": "0",
        "istkrad": "0"
      }
    }
,
    {
      "type": "Feature",
      "geometry": { "type": "Point", "coordinates": [9.656012557000054, 52.408693640000081] },
      "properties": {
        "id": "134254",
        "name": "Unfall 134254 (2017) Kat:3",
        "year": 2017,
        "ulichtverh": "",
        "strasse": "",
        "ukategorie": "3",
        "utyp1": "3",
        "uart": "5",
        "umonat": "09",
        "ustunde": "08",
        "uwochentag": "6",
        "strzustand": "0",
        "istrad": "1",
        "istpkw": "1",
        "istfuss": "0",
        "istkrad": "0"
      }
    }
,
    {
      "type": "Feature",
      "geometry": { "type": "Point", "coordinates": [9.721844295000039, 52.389402715000074] },
      "properties": {
        "id": "134255",
        "name": "Unfall 134255 (2017) Kat:3",
        "year": 2017,
        "ulichtverh": "",
        "strasse": "",
        "ukategorie": "3",
        "utyp1": "6",
        "uart": "3",
        "umonat": "09",
        "ustunde": "12",
        "uwochentag": "6",
        "strzustand": "0",
        "istrad": "1",
        "istpkw": "1",
        "istfuss": "0",
        "istkrad": "0"
      }
    }
,
    {
      "type": "Feature",
      "geometry": { "type": "Point", "coordinates": [9.672298720000072, 52.365084641000067] },
      "properties": {
        "id": "134258",
        "name": "Unfall 134258 (2017) Kat:3",
        "year": 2017,
        "ulichtverh": "",
        "strasse": "",
        "ukategorie": "3",
        "utyp1": "3",
        "uart": "5",
        "umonat": "09",
        "ustunde": "18",
        "uwochentag": "6",
        "strzustand": "0",
        "istrad": "1",
        "istpkw": "1",
        "istfuss": "0",
        "istkrad": "0"
      }
    }
,
    {
      "type": "Feature",
      "geometry": { "type": "Point", "coordinates": [9.704073867000034, 52.369611950000035] },
      "properties": {
        "id": "134259",
        "name": "Unfall 134259 (2017) Kat:2",
        "year": 2017,
        "ulichtverh": "",
        "strasse": "",
        "ukategorie": "2",
        "utyp1": "2",
        "uart": "0",
        "umonat": "09",
        "ustunde": "16",
        "uwochentag": "6",
        "strzustand": "0",
        "istrad": "1",
        "istpkw": "0",
        "istfuss": "0",
        "istkrad": "1"
      }
    }
,
    {
      "type": "Feature",
      "geometry": { "type": "Point", "coordinates": [9.635905898000033, 52.400793096000029] },
      "properties": {
        "id": "134287",
        "name": "Unfall 134287 (2017) Kat:3",
        "year": 2017,
        "ulichtverh": "",
        "strasse": "",
        "ukategorie": "3",
        "utyp1": "3",
        "uart": "5",
        "umonat": "09",
        "ustunde": "08",
        "uwochentag": "5",
        "strzustand": "0",
        "istrad": "1",
        "istpkw": "1",
        "istfuss": "0",
        "istkrad": "0"
      }
    }
,
    {
      "type": "Feature",
      "geometry": { "type": "Point", "coordinates": [9.730991127000038, 52.378642496000055] },
      "properties": {
        "id": "134292",
        "name": "Unfall 134292 (2017) Kat:3",
        "year": 2017,
        "ulichtverh": "",
        "strasse": "",
        "ukategorie": "3",
        "utyp1": "2",
        "uart": "5",
        "umonat": "10",
        "ustunde": "13",
        "uwochentag": "4",
        "strzustand": "0",
        "istrad": "1",
        "istpkw": "1",
        "istfuss": "0",
        "istkrad": "0"
      }
    }
,
    {
      "type": "Feature",
      "geometry": { "type": "Point", "coordinates": [9.712935076000065, 52.371558037000057] },
      "properties": {
        "id": "134321",
        "name": "Unfall 134321 (2017) Kat:3",
        "year": 2017,
        "ulichtverh": "",
        "strasse": "",
        "ukategorie": "3",
        "utyp1": "1",
        "uart": "0",
        "umonat": "10",
        "ustunde": "11",
        "uwochentag": "3",
        "strzustand": "1",
        "istrad": "1",
        "istpkw": "0",
        "istfuss": "0",
        "istkrad": "0"
      }
    }
,
    {
      "type": "Feature",
      "geometry": { "type": "Point", "coordinates": [9.721068156000058, 52.387580177000075] },
      "properties": {
        "id": "134323",
        "name": "Unfall 134323 (2017) Kat:3",
        "year": 2017,
        "ulichtverh": "",
        "strasse": "",
        "ukategorie": "3",
        "utyp1": "3",
        "uart": "5",
        "umonat": "10",
        "ustunde": "16",
        "uwochentag": "3",
        "strzustand": "1",
        "istrad": "1",
        "istpkw": "1",
        "istfuss": "0",
        "istkrad": "0"
      }
    }
,
    {
      "type": "Feature",
      "geometry": { "type": "Point", "coordinates": [9.753133246000061, 52.382752020000055] },
      "properties": {
        "id": "134324",
        "name": "Unfall 134324 (2017) Kat:3",
        "year": 2017,
        "ulichtverh": "",
        "strasse": "",
        "ukategorie": "3",
        "utyp1": "3",
        "uart": "5",
        "umonat": "10",
        "ustunde": "12",
        "uwochentag": "3",
        "strzustand": "1",
        "istrad": "1",
        "istpkw": "1",
        "istfuss": "0",
        "istkrad": "0"
      }
    }
,
    {
      "type": "Feature",
      "geometry": { "type": "Point", "coordinates": [9.735429419000070, 52.384488574000045] },
      "properties": {
        "id": "134328",
        "name": "Unfall 134328 (2017) Kat:3",
        "year": 2017,
        "ulichtverh": "",
        "strasse": "",
        "ukategorie": "3",
        "utyp1": "3",
        "uart": "5",
        "umonat": "10",
        "ustunde": "09",
        "uwochentag": "3",
        "strzustand": "1",
        "istrad": "1",
        "istpkw": "1",
        "istfuss": "0",
        "istkrad": "0"
      }
    }
,
    {
      "type": "Feature",
      "geometry": { "type": "Point", "coordinates": [9.681466543000056, 52.436499696000055] },
      "properties": {
        "id": "134356",
        "name": "Unfall 134356 (2017) Kat:3",
        "year": 2017,
        "ulichtverh": "",
        "strasse": "",
        "ukategorie": "3",
        "utyp1": "7",
        "uart": "0",
        "umonat": "10",
        "ustunde": "17",
        "uwochentag": "2",
        "strzustand": "1",
        "istrad": "1",
        "istpkw": "0",
        "istfuss": "1",
        "istkrad": "0"
      }
    }
,
    {
      "type": "Feature",
      "geometry": { "type": "Point", "coordinates": [9.901232839000045, 52.495517267000082] },
      "properties": {
        "id": "134357",
        "name": "Unfall 134357 (2017) Kat:3",
        "year": 2017,
        "ulichtverh": "",
        "strasse": "",
        "ukategorie": "3",
        "utyp1": "3",
        "uart": "5",
        "umonat": "10",
        "ustunde": "12",
        "uwochentag": "2",
        "strzustand": "0",
        "istrad": "1",
        "istpkw": "0",
        "istfuss": "0",
        "istkrad": "0"
      }
    }
,
    {
      "type": "Feature",
      "geometry": { "type": "Point", "coordinates": [9.684376249000025, 52.365941888000066] },
      "properties": {
        "id": "134369",
        "name": "Unfall 134369 (2017) Kat:3",
        "year": 2017,
        "ulichtverh": "",
        "strasse": "",
        "ukategorie": "3",
        "utyp1": "1",
        "uart": "0",
        "umonat": "10",
        "ustunde": "22",
        "uwochentag": "1",
        "strzustand": "0",
        "istrad": "1",
        "istpkw": "0",
        "istfuss": "0",
        "istkrad": "0"
      }
    }
,
    {
      "type": "Feature",
      "geometry": { "type": "Point", "coordinates": [9.529724727000030, 52.200827351000044] },
      "properties": {
        "id": "134370",
        "name": "Unfall 134370 (2017) Kat:3",
        "year": 2017,
        "ulichtverh": "",
        "strasse": "",
        "ukategorie": "3",
        "utyp1": "7",
        "uart": "3",
        "umonat": "10",
        "ustunde": "16",
        "uwochentag": "1",
        "strzustand": "1",
        "istrad": "1",
        "istpkw": "0",
        "istfuss": "0",
        "istkrad": "1"
      }
    }
,
    {
      "type": "Feature",
      "geometry": { "type": "Point", "coordinates": [9.744577674000027, 52.395157020000056] },
      "properties": {
        "id": "134383",
        "name": "Unfall 134383 (2017) Kat:2",
        "year": 2017,
        "ulichtverh": "",
        "strasse": "",
        "ukategorie": "2",
        "utyp1": "3",
        "uart": "5",
        "umonat": "10",
        "ustunde": "20",
        "uwochentag": "7",
        "strzustand": "1",
        "istrad": "1",
        "istpkw": "1",
        "istfuss": "0",
        "istkrad": "0"
      }
    }
,
    {
      "type": "Feature",
      "geometry": { "type": "Point", "coordinates": [9.595109016000038, 52.420995015000074] },
      "properties": {
        "id": "134384",
        "name": "Unfall 134384 (2017) Kat:3",
        "year": 2017,
        "ulichtverh": "",
        "strasse": "",
        "ukategorie": "3",
        "utyp1": "3",
        "uart": "5",
        "umonat": "10",
        "ustunde": "13",
        "uwochentag": "7",
        "strzustand": "1",
        "istrad": "1",
        "istpkw": "1",
        "istfuss": "0",
        "istkrad": "0"
      }
    }
,
    {
      "type": "Feature",
      "geometry": { "type": "Point", "coordinates": [9.747644025000056, 52.373914202000037] },
      "properties": {
        "id": "134441",
        "name": "Unfall 134441 (2017) Kat:3",
        "year": 2017,
        "ulichtverh": "",
        "strasse": "",
        "ukategorie": "3",
        "utyp1": "6",
        "uart": "2",
        "umonat": "10",
        "ustunde": "11",
        "uwochentag": "5",
        "strzustand": "0",
        "istrad": "1",
        "istpkw": "1",
        "istfuss": "0",
        "istkrad": "0"
      }
    }
,
    {
      "type": "Feature",
      "geometry": { "type": "Point", "coordinates": [10.170187544000044, 52.465399103000038] },
      "properties": {
        "id": "134443",
        "name": "Unfall 134443 (2017) Kat:3",
        "year": 2017,
        "ulichtverh": "",
        "strasse": "",
        "ukategorie": "3",
        "utyp1": "3",
        "uart": "5",
        "umonat": "10",
        "ustunde": "16",
        "uwochentag": "5",
        "strzustand": "1",
        "istrad": "1",
        "istpkw": "1",
        "istfuss": "0",
        "istkrad": "0"
      }
    }
,
    {
      "type": "Feature",
      "geometry": { "type": "Point", "coordinates": [9.719693057000029, 52.386670316000050] },
      "properties": {
        "id": "134446",
        "name": "Unfall 134446 (2017) Kat:2",
        "year": 2017,
        "ulichtverh": "",
        "strasse": "",
        "ukategorie": "2",
        "utyp1": "7",
        "uart": "7",
        "umonat": "10",
        "ustunde": "11",
        "uwochentag": "5",
        "strzustand": "1",
        "istrad": "1",
        "istpkw": "0",
        "istfuss": "0",
        "istkrad": "0"
      }
    }
,
    {
      "type": "Feature",
      "geometry": { "type": "Point", "coordinates": [9.732259833000057, 52.417740352000067] },
      "properties": {
        "id": "134465",
        "name": "Unfall 134465 (2017) Kat:3",
        "year": 2017,
        "ulichtverh": "",
        "strasse": "",
        "ukategorie": "3",
        "utyp1": "1",
        "uart": "0",
        "umonat": "10",
        "ustunde": "15",
        "uwochentag": "4",
        "strzustand": "0",
        "istrad": "1",
        "istpkw": "0",
        "istfuss": "0",
        "istkrad": "0"
      }
    }
,
    {
      "type": "Feature",
      "geometry": { "type": "Point", "coordinates": [9.739783853000063, 52.445183731000043] },
      "properties": {
        "id": "134466",
        "name": "Unfall 134466 (2017) Kat:2",
        "year": 2017,
        "ulichtverh": "",
        "strasse": "",
        "ukategorie": "2",
        "utyp1": "3",
        "uart": "5",
        "umonat": "10",
        "ustunde": "11",
        "uwochentag": "4",
        "strzustand": "0",
        "istrad": "1",
        "istpkw": "0",
        "istfuss": "0",
        "istkrad": "0"
      }
    }
,
    {
      "type": "Feature",
      "geometry": { "type": "Point", "coordinates": [9.676419001000056, 52.416064671000072] },
      "properties": {
        "id": "134531",
        "name": "Unfall 134531 (2017) Kat:3",
        "year": 2017,
        "ulichtverh": "",
        "strasse": "",
        "ukategorie": "3",
        "utyp1": "7",
        "uart": "0",
        "umonat": "10",
        "ustunde": "05",
        "uwochentag": "1",
        "strzustand": "1",
        "istrad": "1",
        "istpkw": "0",
        "istfuss": "0",
        "istkrad": "0"
      }
    }
,
    {
      "type": "Feature",
      "geometry": { "type": "Point", "coordinates": [9.690642545000060, 52.346127105000051] },
      "properties": {
        "id": "134532",
        "name": "Unfall 134532 (2017) Kat:3",
        "year": 2017,
        "ulichtverh": "",
        "strasse": "",
        "ukategorie": "3",
        "utyp1": "2",
        "uart": "5",
        "umonat": "10",
        "ustunde": "13",
        "uwochentag": "1",
        "strzustand": "0",
        "istrad": "1",
        "istpkw": "1",
        "istfuss": "0",
        "istkrad": "0"
      }
    }
,
    {
      "type": "Feature",
      "geometry": { "type": "Point", "coordinates": [9.478939010000033, 52.305407677000062] },
      "properties": {
        "id": "134533",
        "name": "Unfall 134533 (2017) Kat:3",
        "year": 2017,
        "ulichtverh": "",
        "strasse": "",
        "ukategorie": "3",
        "utyp1": "3",
        "uart": "5",
        "umonat": "10",
        "ustunde": "16",
        "uwochentag": "1",
        "strzustand": "0",
        "istrad": "1",
        "istpkw": "0",
        "istfuss": "0",
        "istkrad": "0"
      }
    }
,
    {
      "type": "Feature",
      "geometry": { "type": "Point", "coordinates": [9.743824510000025, 52.380704973000036] },
      "properties": {
        "id": "134555",
        "name": "Unfall 134555 (2017) Kat:3",
        "year": 2017,
        "ulichtverh": "",
        "strasse": "",
        "ukategorie": "3",
        "utyp1": "3",
        "uart": "0",
        "umonat": "09",
        "ustunde": "19",
        "uwochentag": "7",
        "strzustand": "0",
        "istrad": "1",
        "istpkw": "1",
        "istfuss": "0",
        "istkrad": "0"
      }
    }
,
    {
      "type": "Feature",
      "geometry": { "type": "Point", "coordinates": [9.707436879000056, 52.364332420000039] },
      "properties": {
        "id": "134556",
        "name": "Unfall 134556 (2017) Kat:3",
        "year": 2017,
        "ulichtverh": "",
        "strasse": "",
        "ukategorie": "3",
        "utyp1": "1",
        "uart": "0",
        "umonat": "09",
        "ustunde": "17",
        "uwochentag": "7",
        "strzustand": "0",
        "istrad": "1",
        "istpkw": "0",
        "istfuss": "0",
        "istkrad": "0"
      }
    }
,
    {
      "type": "Feature",
      "geometry": { "type": "Point", "coordinates": [9.694095120000043, 52.409161577000077] },
      "properties": {
        "id": "134577",
        "name": "Unfall 134577 (2017) Kat:3",
        "year": 2017,
        "ulichtverh": "",
        "strasse": "",
        "ukategorie": "3",
        "utyp1": "3",
        "uart": "5",
        "umonat": "10",
        "ustunde": "15",
        "uwochentag": "5",
        "strzustand": "0",
        "istrad": "1",
        "istpkw": "1",
        "istfuss": "0",
        "istkrad": "0"
      }
    }
,
    {
      "type": "Feature",
      "geometry": { "type": "Point", "coordinates": [9.745652144000076, 52.367378812000027] },
      "properties": {
        "id": "134578",
        "name": "Unfall 134578 (2017) Kat:3",
        "year": 2017,
        "ulichtverh": "",
        "strasse": "",
        "ukategorie": "3",
        "utyp1": "3",
        "uart": "5",
        "umonat": "10",
        "ustunde": "17",
        "uwochentag": "5",
        "strzustand": "0",
        "istrad": "1",
        "istpkw": "1",
        "istfuss": "0",
        "istkrad": "0"
      }
    }
,
    {
      "type": "Feature",
      "geometry": { "type": "Point", "coordinates": [9.681139257000041, 52.409495361000040] },
      "properties": {
        "id": "134602",
        "name": "Unfall 134602 (2017) Kat:2",
        "year": 2017,
        "ulichtverh": "",
        "strasse": "",
        "ukategorie": "2",
        "utyp1": "1",
        "uart": "0",
        "umonat": "10",
        "ustunde": "05",
        "uwochentag": "5",
        "strzustand": "1",
        "istrad": "1",
        "istpkw": "0",
        "istfuss": "0",
        "istkrad": "0"
      }
    }
,
    {
      "type": "Feature",
      "geometry": { "type": "Point", "coordinates": [9.739633793000053, 52.381203724000045] },
      "properties": {
        "id": "134604",
        "name": "Unfall 134604 (2017) Kat:3",
        "year": 2017,
        "ulichtverh": "",
        "strasse": "",
        "ukategorie": "3",
        "utyp1": "2",
        "uart": "5",
        "umonat": "10",
        "ustunde": "07",
        "uwochentag": "5",
        "strzustand": "0",
        "istrad": "1",
        "istpkw": "1",
        "istfuss": "0",
        "istkrad": "0"
      }
    }
,
    {
      "type": "Feature",
      "geometry": { "type": "Point", "coordinates": [9.769038954000052, 52.358462449000058] },
      "properties": {
        "id": "134606",
        "name": "Unfall 134606 (2017) Kat:2",
        "year": 2017,
        "ulichtverh": "",
        "strasse": "",
        "ukategorie": "2",
        "utyp1": "3",
        "uart": "5",
        "umonat": "10",
        "ustunde": "18",
        "uwochentag": "5",
        "strzustand": "0",
        "istrad": "1",
        "istpkw": "0",
        "istfuss": "0",
        "istkrad": "1"
      }
    }
,
    {
      "type": "Feature",
      "geometry": { "type": "Point", "coordinates": [9.756150265000031, 52.342667381000069] },
      "properties": {
        "id": "134607",
        "name": "Unfall 134607 (2017) Kat:3",
        "year": 2017,
        "ulichtverh": "",
        "strasse": "",
        "ukategorie": "3",
        "utyp1": "2",
        "uart": "5",
        "umonat": "10",
        "ustunde": "16",
        "uwochentag": "5",
        "strzustand": "0",
        "istrad": "1",
        "istpkw": "1",
        "istfuss": "0",
        "istkrad": "0"
      }
    }
,
    {
      "type": "Feature",
      "geometry": { "type": "Point", "coordinates": [9.817610921000039, 52.392812122000066] },
      "properties": {
        "id": "134609",
        "name": "Unfall 134609 (2017) Kat:3",
        "year": 2017,
        "ulichtverh": "",
        "strasse": "",
        "ukategorie": "3",
        "utyp1": "3",
        "uart": "5",
        "umonat": "10",
        "ustunde": "08",
        "uwochentag": "5",
        "strzustand": "0",
        "istrad": "1",
        "istpkw": "1",
        "istfuss": "0",
        "istkrad": "0"
      }
    }
,
    {
      "type": "Feature",
      "geometry": { "type": "Point", "coordinates": [9.716315464000047, 52.365889704000040] },
      "properties": {
        "id": "134611",
        "name": "Unfall 134611 (2017) Kat:3",
        "year": 2017,
        "ulichtverh": "",
        "strasse": "",
        "ukategorie": "3",
        "utyp1": "1",
        "uart": "9",
        "umonat": "10",
        "ustunde": "07",
        "uwochentag": "5",
        "strzustand": "0",
        "istrad": "1",
        "istpkw": "0",
        "istfuss": "0",
        "istkrad": "0"
      }
    }
,
    {
      "type": "Feature",
      "geometry": { "type": "Point", "coordinates": [9.448675741000045, 52.308178236000060] },
      "properties": {
        "id": "134645",
        "name": "Unfall 134645 (2017) Kat:3",
        "year": 2017,
        "ulichtverh": "",
        "strasse": "",
        "ukategorie": "3",
        "utyp1": "3",
        "uart": "5",
        "umonat": "10",
        "ustunde": "15",
        "uwochentag": "4",
        "strzustand": "0",
        "istrad": "1",
        "istpkw": "1",
        "istfuss": "0",
        "istkrad": "0"
      }
    }
,
    {
      "type": "Feature",
      "geometry": { "type": "Point", "coordinates": [9.471420253000076, 52.295933230000060] },
      "properties": {
        "id": "134646",
        "name": "Unfall 134646 (2017) Kat:3",
        "year": 2017,
        "ulichtverh": "",
        "strasse": "",
        "ukategorie": "3",
        "utyp1": "7",
        "uart": "7",
        "umonat": "10",
        "ustunde": "07",
        "uwochentag": "4",
        "strzustand": "0",
        "istrad": "1",
        "istpkw": "0",
        "istfuss": "0",
        "istkrad": "0"
      }
    }
,
    {
      "type": "Feature",
      "geometry": { "type": "Point", "coordinates": [9.736792775000026, 52.382886614000029] },
      "properties": {
        "id": "134647",
        "name": "Unfall 134647 (2017) Kat:3",
        "year": 2017,
        "ulichtverh": "",
        "strasse": "",
        "ukategorie": "3",
        "utyp1": "6",
        "uart": "4",
        "umonat": "10",
        "ustunde": "21",
        "uwochentag": "4",
        "strzustand": "0",
        "istrad": "1",
        "istpkw": "0",
        "istfuss": "0",
        "istkrad": "0"
      }
    }
,
    {
      "type": "Feature",
      "geometry": { "type": "Point", "coordinates": [9.722385117000044, 52.385090935000051] },
      "properties": {
        "id": "134648",
        "name": "Unfall 134648 (2017) Kat:3",
        "year": 2017,
        "ulichtverh": "",
        "strasse": "",
        "ukategorie": "3",
        "utyp1": "2",
        "uart": "5",
        "umonat": "10",
        "ustunde": "17",
        "uwochentag": "4",
        "strzustand": "0",
        "istrad": "1",
        "istpkw": "0",
        "istfuss": "0",
        "istkrad": "0"
      }
    }
,
    {
      "type": "Feature",
      "geometry": { "type": "Point", "coordinates": [9.678318235000063, 52.409968456000058] },
      "properties": {
        "id": "134679",
        "name": "Unfall 134679 (2017) Kat:3",
        "year": 2017,
        "ulichtverh": "",
        "strasse": "",
        "ukategorie": "3",
        "utyp1": "5",
        "uart": "1",
        "umonat": "10",
        "ustunde": "16",
        "uwochentag": "3",
        "strzustand": "0",
        "istrad": "1",
        "istpkw": "1",
        "istfuss": "0",
        "istkrad": "0"
      }
    }
,
    {
      "type": "Feature",
      "geometry": { "type": "Point", "coordinates": [9.814331965000065, 52.387717831000032] },
      "properties": {
        "id": "134680",
        "name": "Unfall 134680 (2017) Kat:3",
        "year": 2017,
        "ulichtverh": "",
        "strasse": "",
        "ukategorie": "3",
        "utyp1": "3",
        "uart": "5",
        "umonat": "10",
        "ustunde": "15",
        "uwochentag": "3",
        "strzustand": "0",
        "istrad": "1",
        "istpkw": "1",
        "istfuss": "0",
        "istkrad": "0"
      }
    }
,
    {
      "type": "Feature",
      "geometry": { "type": "Point", "coordinates": [9.764418705000026, 52.399190187000045] },
      "properties": {
        "id": "134682",
        "name": "Unfall 134682 (2017) Kat:3",
        "year": 2017,
        "ulichtverh": "",
        "strasse": "",
        "ukategorie": "3",
        "utyp1": "5",
        "uart": "1",
        "umonat": "10",
        "ustunde": "14",
        "uwochentag": "3",
        "strzustand": "0",
        "istrad": "1",
        "istpkw": "1",
        "istfuss": "0",
        "istkrad": "0"
      }
    }
,
    {
      "type": "Feature",
      "geometry": { "type": "Point", "coordinates": [9.420118859000070, 52.425115174000041] },
      "properties": {
        "id": "134683",
        "name": "Unfall 134683 (2017) Kat:3",
        "year": 2017,
        "ulichtverh": "",
        "strasse": "",
        "ukategorie": "3",
        "utyp1": "3",
        "uart": "5",
        "umonat": "10",
        "ustunde": "14",
        "uwochentag": "3",
        "strzustand": "0",
        "istrad": "1",
        "istpkw": "1",
        "istfuss": "0",
        "istkrad": "0"
      }
    }
,
    {
      "type": "Feature",
      "geometry": { "type": "Point", "coordinates": [9.764471481000044, 52.261740102000033] },
      "properties": {
        "id": "134684",
        "name": "Unfall 134684 (2017) Kat:3",
        "year": 2017,
        "ulichtverh": "",
        "strasse": "",
        "ukategorie": "3",
        "utyp1": "7",
        "uart": "0",
        "umonat": "10",
        "ustunde": "15",
        "uwochentag": "3",
        "strzustand": "0",
        "istrad": "1",
        "istpkw": "0",
        "istfuss": "0",
        "istkrad": "0"
      }
    }
,
    {
      "type": "Feature",
      "geometry": { "type": "Point", "coordinates": [9.977686758000061, 52.376160869000046] },
      "properties": {
        "id": "134685",
        "name": "Unfall 134685 (2017) Kat:3",
        "year": 2017,
        "ulichtverh": "",
        "strasse": "",
        "ukategorie": "3",
        "utyp1": "3",
        "uart": "0",
        "umonat": "10",
        "ustunde": "19",
        "uwochentag": "3",
        "strzustand": "0",
        "istrad": "1",
        "istpkw": "0",
        "istfuss": "0",
        "istkrad": "0"
      }
    }
,
    {
      "type": "Feature",
      "geometry": { "type": "Point", "coordinates": [9.975971399000059, 52.378302285000075] },
      "properties": {
        "id": "134686",
        "name": "Unfall 134686 (2017) Kat:3",
        "year": 2017,
        "ulichtverh": "",
        "strasse": "",
        "ukategorie": "3",
        "utyp1": "3",
        "uart": "5",
        "umonat": "10",
        "ustunde": "19",
        "uwochentag": "3",
        "strzustand": "0",
        "istrad": "1",
        "istpkw": "1",
        "istfuss": "0",
        "istkrad": "0"
      }
    }
,
    {
      "type": "Feature",
      "geometry": { "type": "Point", "coordinates": [9.736532005000072, 52.371288283000069] },
      "properties": {
        "id": "134688",
        "name": "Unfall 134688 (2017) Kat:3",
        "year": 2017,
        "ulichtverh": "",
        "strasse": "",
        "ukategorie": "3",
        "utyp1": "6",
        "uart": "4",
        "umonat": "10",
        "ustunde": "16",
        "uwochentag": "3",
        "strzustand": "0",
        "istrad": "1",
        "istpkw": "0",
        "istfuss": "0",
        "istkrad": "0"
      }
    }
,
    {
      "type": "Feature",
      "geometry": { "type": "Point", "coordinates": [9.793046600000025, 52.403212538000048] },
      "properties": {
        "id": "134689",
        "name": "Unfall 134689 (2017) Kat:3",
        "year": 2017,
        "ulichtverh": "",
        "strasse": "",
        "ukategorie": "3",
        "utyp1": "3",
        "uart": "5",
        "umonat": "10",
        "ustunde": "09",
        "uwochentag": "3",
        "strzustand": "0",
        "istrad": "1",
        "istpkw": "1",
        "istfuss": "0",
        "istkrad": "0"
      }
    }
,
    {
      "type": "Feature",
      "geometry": { "type": "Point", "coordinates": [9.776698041000032, 52.332798501000070] },
      "properties": {
        "id": "134712",
        "name": "Unfall 134712 (2017) Kat:3",
        "year": 2017,
        "ulichtverh": "",
        "strasse": "",
        "ukategorie": "3",
        "utyp1": "2",
        "uart": "4",
        "umonat": "10",
        "ustunde": "20",
        "uwochentag": "2",
        "strzustand": "0",
        "istrad": "1",
        "istpkw": "1",
        "istfuss": "0",
        "istkrad": "0"
      }
    }
,
    {
      "type": "Feature",
      "geometry": { "type": "Point", "coordinates": [9.750668380000036, 52.375351392000027] },
      "properties": {
        "id": "134713",
        "name": "Unfall 134713 (2017) Kat:3",
        "year": 2017,
        "ulichtverh": "",
        "strasse": "",
        "ukategorie": "3",
        "utyp1": "2",
        "uart": "3",
        "umonat": "10",
        "ustunde": "16",
        "uwochentag": "2",
        "strzustand": "0",
        "istrad": "1",
        "istpkw": "1",
        "istfuss": "0",
        "istkrad": "0"
      }
    }
,
    {
      "type": "Feature",
      "geometry": { "type": "Point", "coordinates": [9.562751790000050, 52.399808971000027] },
      "properties": {
        "id": "134714",
        "name": "Unfall 134714 (2017) Kat:3",
        "year": 2017,
        "ulichtverh": "",
        "strasse": "",
        "ukategorie": "3",
        "utyp1": "1",
        "uart": "4",
        "umonat": "10",
        "ustunde": "12",
        "uwochentag": "2",
        "strzustand": "0",
        "istrad": "1",
        "istpkw": "1",
        "istfuss": "0",
        "istkrad": "0"
      }
    }
,
    {
      "type": "Feature",
      "geometry": { "type": "Point", "coordinates": [9.744678854000028, 52.382238917000052] },
      "properties": {
        "id": "134736",
        "name": "Unfall 134736 (2017) Kat:3",
        "year": 2017,
        "ulichtverh": "",
        "strasse": "",
        "ukategorie": "3",
        "utyp1": "5",
        "uart": "1",
        "umonat": "10",
        "ustunde": "15",
        "uwochentag": "1",
        "strzustand": "0",
        "istrad": "1",
        "istpkw": "1",
        "istfuss": "0",
        "istkrad": "0"
      }
    }
,
    {
      "type": "Feature",
      "geometry": { "type": "Point", "coordinates": [9.736520018000022, 52.371092546000057] },
      "properties": {
        "id": "134737",
        "name": "Unfall 134737 (2017) Kat:3",
        "year": 2017,
        "ulichtverh": "",
        "strasse": "",
        "ukategorie": "3",
        "utyp1": "1",
        "uart": "0",
        "umonat": "10",
        "ustunde": "17",
        "uwochentag": "1",
        "strzustand": "0",
        "istrad": "1",
        "istpkw": "1",
        "istfuss": "0",
        "istkrad": "0"
      }
    }
,
    {
      "type": "Feature",
      "geometry": { "type": "Point", "coordinates": [9.773788531000037, 52.407715357000029] },
      "properties": {
        "id": "134739",
        "name": "Unfall 134739 (2017) Kat:1",
        "year": 2017,
        "ulichtverh": "",
        "strasse": "",
        "ukategorie": "1",
        "utyp1": "1",
        "uart": "5",
        "umonat": "10",
        "ustunde": "14",
        "uwochentag": "1",
        "strzustand": "0",
        "istrad": "1",
        "istpkw": "0",
        "istfuss": "0",
        "istkrad": "0"
      }
    }
,
    {
      "type": "Feature",
      "geometry": { "type": "Point", "coordinates": [9.590284262000068, 52.396300825000026] },
      "properties": {
        "id": "134758",
        "name": "Unfall 134758 (2017) Kat:3",
        "year": 2017,
        "ulichtverh": "",
        "strasse": "",
        "ukategorie": "3",
        "utyp1": "2",
        "uart": "4",
        "umonat": "10",
        "ustunde": "13",
        "uwochentag": "7",
        "strzustand": "0",
        "istrad": "1",
        "istpkw": "1",
        "istfuss": "0",
        "istkrad": "0"
      }
    }
,
    {
      "type": "Feature",
      "geometry": { "type": "Point", "coordinates": [9.745281416000069, 52.392008329000078] },
      "properties": {
        "id": "134759",
        "name": "Unfall 134759 (2017) Kat:3",
        "year": 2017,
        "ulichtverh": "",
        "strasse": "",
        "ukategorie": "3",
        "utyp1": "4",
        "uart": "6",
        "umonat": "10",
        "ustunde": "07",
        "uwochentag": "7",
        "strzustand": "0",
        "istrad": "1",
        "istpkw": "0",
        "istfuss": "1",
        "istkrad": "0"
      }
    }
,
    {
      "type": "Feature",
      "geometry": { "type": "Point", "coordinates": [9.769441087000075, 52.398098338000068] },
      "properties": {
        "id": "134786",
        "name": "Unfall 134786 (2017) Kat:3",
        "year": 2017,
        "ulichtverh": "",
        "strasse": "",
        "ukategorie": "3",
        "utyp1": "2",
        "uart": "3",
        "umonat": "10",
        "ustunde": "14",
        "uwochentag": "6",
        "strzustand": "0",
        "istrad": "1",
        "istpkw": "1",
        "istfuss": "0",
        "istkrad": "0"
      }
    }
,
    {
      "type": "Feature",
      "geometry": { "type": "Point", "coordinates": [9.668630157000052, 52.414811475000079] },
      "properties": {
        "id": "134789",
        "name": "Unfall 134789 (2017) Kat:3",
        "year": 2017,
        "ulichtverh": "",
        "strasse": "",
        "ukategorie": "3",
        "utyp1": "2",
        "uart": "5",
        "umonat": "10",
        "ustunde": "07",
        "uwochentag": "6",
        "strzustand": "0",
        "istrad": "1",
        "istpkw": "1",
        "istfuss": "0",
        "istkrad": "0"
      }
    }
,
    {
      "type": "Feature",
      "geometry": { "type": "Point", "coordinates": [9.725384023000061, 52.343089119000069] },
      "properties": {
        "id": "134809",
        "name": "Unfall 134809 (2017) Kat:3",
        "year": 2017,
        "ulichtverh": "",
        "strasse": "",
        "ukategorie": "3",
        "utyp1": "2",
        "uart": "5",
        "umonat": "10",
        "ustunde": "16",
        "uwochentag": "5",
        "strzustand": "0",
        "istrad": "1",
        "istpkw": "1",
        "istfuss": "0",
        "istkrad": "0"
      }
    }
,
    {
      "type": "Feature",
      "geometry": { "type": "Point", "coordinates": [9.740134371000067, 52.368142912000053] },
      "properties": {
        "id": "134810",
        "name": "Unfall 134810 (2017) Kat:3",
        "year": 2017,
        "ulichtverh": "",
        "strasse": "",
        "ukategorie": "3",
        "utyp1": "2",
        "uart": "4",
        "umonat": "10",
        "ustunde": "08",
        "uwochentag": "5",
        "strzustand": "1",
        "istrad": "1",
        "istpkw": "1",
        "istfuss": "0",
        "istkrad": "0"
      }
    }
,
    {
      "type": "Feature",
      "geometry": { "type": "Point", "coordinates": [9.754188644000067, 52.410229246000029] },
      "properties": {
        "id": "134815",
        "name": "Unfall 134815 (2017) Kat:2",
        "year": 2017,
        "ulichtverh": "",
        "strasse": "",
        "ukategorie": "2",
        "utyp1": "2",
        "uart": "5",
        "umonat": "10",
        "ustunde": "07",
        "uwochentag": "5",
        "strzustand": "1",
        "istrad": "1",
        "istpkw": "1",
        "istfuss": "0",
        "istkrad": "0"
      }
    }
,
    {
      "type": "Feature",
      "geometry": { "type": "Point", "coordinates": [9.709544606000065, 52.338236940000058] },
      "properties": {
        "id": "134826",
        "name": "Unfall 134826 (2017) Kat:3",
        "year": 2017,
        "ulichtverh": "",
        "strasse": "",
        "ukategorie": "3",
        "utyp1": "6",
        "uart": "4",
        "umonat": "10",
        "ustunde": "15",
        "uwochentag": "6",
        "strzustand": "0",
        "istrad": "1",
        "istpkw": "1",
        "istfuss": "0",
        "istkrad": "0"
      }
    }
,
    {
      "type": "Feature",
      "geometry": { "type": "Point", "coordinates": [9.708313873000066, 52.367104837000056] },
      "properties": {
        "id": "134827",
        "name": "Unfall 134827 (2017) Kat:3",
        "year": 2017,
        "ulichtverh": "",
        "strasse": "",
        "ukategorie": "3",
        "utyp1": "2",
        "uart": "3",
        "umonat": "10",
        "ustunde": "07",
        "uwochentag": "6",
        "strzustand": "0",
        "istrad": "1",
        "istpkw": "1",
        "istfuss": "0",
        "istkrad": "0"
      }
    }
,
    {
      "type": "Feature",
      "geometry": { "type": "Point", "coordinates": [9.724714955000025, 52.384890375000055] },
      "properties": {
        "id": "134836",
        "name": "Unfall 134836 (2017) Kat:3",
        "year": 2017,
        "ulichtverh": "",
        "strasse": "",
        "ukategorie": "3",
        "utyp1": "5",
        "uart": "1",
        "umonat": "10",
        "ustunde": "09",
        "uwochentag": "6",
        "strzustand": "0",
        "istrad": "1",
        "istpkw": "1",
        "istfuss": "0",
        "istkrad": "0"
      }
    }
,
    {
      "type": "Feature",
      "geometry": { "type": "Point", "coordinates": [9.448898552000060, 52.417093302000069] },
      "properties": {
        "id": "134838",
        "name": "Unfall 134838 (2017) Kat:3",
        "year": 2017,
        "ulichtverh": "",
        "strasse": "",
        "ukategorie": "3",
        "utyp1": "3",
        "uart": "5",
        "umonat": "10",
        "ustunde": "14",
        "uwochentag": "6",
        "strzustand": "0",
        "istrad": "1",
        "istpkw": "1",
        "istfuss": "0",
        "istkrad": "0"
      }
    }
,
    {
      "type": "Feature",
      "geometry": { "type": "Point", "coordinates": [9.753927906000058, 52.439632567000046] },
      "properties": {
        "id": "134877",
        "name": "Unfall 134877 (2017) Kat:3",
        "year": 2017,
        "ulichtverh": "",
        "strasse": "",
        "ukategorie": "3",
        "utyp1": "7",
        "uart": "0",
        "umonat": "10",
        "ustunde": "12",
        "uwochentag": "5",
        "strzustand": "0",
        "istrad": "1",
        "istpkw": "0",
        "istfuss": "0",
        "istkrad": "0"
      }
    }
,
    {
      "type": "Feature",
      "geometry": { "type": "Point", "coordinates": [9.803741196000033, 52.336172801000032] },
      "properties": {
        "id": "134878",
        "name": "Unfall 134878 (2017) Kat:2",
        "year": 2017,
        "ulichtverh": "",
        "strasse": "",
        "ukategorie": "2",
        "utyp1": "3",
        "uart": "5",
        "umonat": "10",
        "ustunde": "17",
        "uwochentag": "5",
        "strzustand": "0",
        "istrad": "1",
        "istpkw": "1",
        "istfuss": "0",
        "istkrad": "0"
      }
    }
,
    {
      "type": "Feature",
      "geometry": { "type": "Point", "coordinates": [9.708739251000054, 52.367168372000037] },
      "properties": {
        "id": "134912",
        "name": "Unfall 134912 (2017) Kat:3",
        "year": 2017,
        "ulichtverh": "",
        "strasse": "",
        "ukategorie": "3",
        "utyp1": "7",
        "uart": "0",
        "umonat": "10",
        "ustunde": "23",
        "uwochentag": "4",
        "strzustand": "1",
        "istrad": "1",
        "istpkw": "0",
        "istfuss": "0",
        "istkrad": "0"
      }
    }
,
    {
      "type": "Feature",
      "geometry": { "type": "Point", "coordinates": [9.561478611000041, 52.218833285000073] },
      "properties": {
        "id": "134955",
        "name": "Unfall 134955 (2017) Kat:3",
        "year": 2017,
        "ulichtverh": "",
        "strasse": "",
        "ukategorie": "3",
        "utyp1": "3",
        "uart": "5",
        "umonat": "10",
        "ustunde": "14",
        "uwochentag": "3",
        "strzustand": "0",
        "istrad": "1",
        "istpkw": "1",
        "istfuss": "0",
        "istkrad": "0"
      }
    }
,
    {
      "type": "Feature",
      "geometry": { "type": "Point", "coordinates": [9.735203852000041, 52.439807491000067] },
      "properties": {
        "id": "134957",
        "name": "Unfall 134957 (2017) Kat:3",
        "year": 2017,
        "ulichtverh": "",
        "strasse": "",
        "ukategorie": "3",
        "utyp1": "5",
        "uart": "0",
        "umonat": "10",
        "ustunde": "16",
        "uwochentag": "3",
        "strzustand": "0",
        "istrad": "1",
        "istpkw": "1",
        "istfuss": "0",
        "istkrad": "0"
      }
    }
,
    {
      "type": "Feature",
      "geometry": { "type": "Point", "coordinates": [10.004221716000075, 52.446001361000071] },
      "properties": {
        "id": "134958",
        "name": "Unfall 134958 (2017) Kat:3",
        "year": 2017,
        "ulichtverh": "",
        "strasse": "",
        "ukategorie": "3",
        "utyp1": "3",
        "uart": "5",
        "umonat": "10",
        "ustunde": "18",
        "uwochentag": "3",
        "strzustand": "1",
        "istrad": "1",
        "istpkw": "1",
        "istfuss": "0",
        "istkrad": "0"
      }
    }
,
    {
      "type": "Feature",
      "geometry": { "type": "Point", "coordinates": [9.597787235000055, 52.420611845000053] },
      "properties": {
        "id": "134981",
        "name": "Unfall 134981 (2017) Kat:3",
        "year": 2017,
        "ulichtverh": "",
        "strasse": "",
        "ukategorie": "3",
        "utyp1": "2",
        "uart": "5",
        "umonat": "10",
        "ustunde": "07",
        "uwochentag": "2",
        "strzustand": "0",
        "istrad": "1",
        "istpkw": "1",
        "istfuss": "0",
        "istkrad": "0"
      }
    }
,
    {
      "type": "Feature",
      "geometry": { "type": "Point", "coordinates": [9.581588566000050, 52.417715013000077] },
      "properties": {
        "id": "135013",
        "name": "Unfall 135013 (2017) Kat:3",
        "year": 2017,
        "ulichtverh": "",
        "strasse": "",
        "ukategorie": "3",
        "utyp1": "3",
        "uart": "5",
        "umonat": "10",
        "ustunde": "15",
        "uwochentag": "1",
        "strzustand": "1",
        "istrad": "1",
        "istpkw": "1",
        "istfuss": "0",
        "istkrad": "0"
      }
    }
,
    {
      "type": "Feature",
      "geometry": { "type": "Point", "coordinates": [9.739480061000052, 52.364253667000071] },
      "properties": {
        "id": "135030",
        "name": "Unfall 135030 (2017) Kat:3",
        "year": 2017,
        "ulichtverh": "",
        "strasse": "",
        "ukategorie": "3",
        "utyp1": "1",
        "uart": "0",
        "umonat": "10",
        "ustunde": "13",
        "uwochentag": "7",
        "strzustand": "1",
        "istrad": "1",
        "istpkw": "0",
        "istfuss": "0",
        "istkrad": "0"
      }
    }
,
    {
      "type": "Feature",
      "geometry": { "type": "Point", "coordinates": [9.762435207000067, 52.264027686000077] },
      "properties": {
        "id": "135032",
        "name": "Unfall 135032 (2017) Kat:2",
        "year": 2017,
        "ulichtverh": "",
        "strasse": "",
        "ukategorie": "2",
        "utyp1": "6",
        "uart": "2",
        "umonat": "10",
        "ustunde": "22",
        "uwochentag": "7",
        "strzustand": "1",
        "istrad": "1",
        "istpkw": "1",
        "istfuss": "0",
        "istkrad": "0"
      }
    }
,
    {
      "type": "Feature",
      "geometry": { "type": "Point", "coordinates": [9.593921508000051, 52.421101095000040] },
      "properties": {
        "id": "135034",
        "name": "Unfall 135034 (2017) Kat:3",
        "year": 2017,
        "ulichtverh": "",
        "strasse": "",
        "ukategorie": "3",
        "utyp1": "3",
        "uart": "5",
        "umonat": "10",
        "ustunde": "14",
        "uwochentag": "7",
        "strzustand": "1",
        "istrad": "1",
        "istpkw": "1",
        "istfuss": "0",
        "istkrad": "0"
      }
    }
,
    {
      "type": "Feature",
      "geometry": { "type": "Point", "coordinates": [9.659362707000071, 52.408965361000071] },
      "properties": {
        "id": "135035",
        "name": "Unfall 135035 (2017) Kat:3",
        "year": 2017,
        "ulichtverh": "",
        "strasse": "",
        "ukategorie": "3",
        "utyp1": "2",
        "uart": "5",
        "umonat": "10",
        "ustunde": "14",
        "uwochentag": "7",
        "strzustand": "1",
        "istrad": "1",
        "istpkw": "1",
        "istfuss": "0",
        "istkrad": "0"
      }
    }
,
    {
      "type": "Feature",
      "geometry": { "type": "Point", "coordinates": [9.751242109000032, 52.372427029000050] },
      "properties": {
        "id": "135061",
        "name": "Unfall 135061 (2017) Kat:3",
        "year": 2017,
        "ulichtverh": "",
        "strasse": "",
        "ukategorie": "3",
        "utyp1": "2",
        "uart": "3",
        "umonat": "10",
        "ustunde": "11",
        "uwochentag": "6",
        "strzustand": "1",
        "istrad": "1",
        "istpkw": "1",
        "istfuss": "0",
        "istkrad": "0"
      }
    }
,
    {
      "type": "Feature",
      "geometry": { "type": "Point", "coordinates": [9.827323818000025, 52.361146848000033] },
      "properties": {
        "id": "135062",
        "name": "Unfall 135062 (2017) Kat:3",
        "year": 2017,
        "ulichtverh": "",
        "strasse": "",
        "ukategorie": "3",
        "utyp1": "3",
        "uart": "5",
        "umonat": "10",
        "ustunde": "15",
        "uwochentag": "6",
        "strzustand": "1",
        "istrad": "1",
        "istpkw": "1",
        "istfuss": "0",
        "istkrad": "0"
      }
    }
,
    {
      "type": "Feature",
      "geometry": { "type": "Point", "coordinates": [9.805852180000045, 52.413306255000066] },
      "properties": {
        "id": "135063",
        "name": "Unfall 135063 (2017) Kat:3",
        "year": 2017,
        "ulichtverh": "",
        "strasse": "",
        "ukategorie": "3",
        "utyp1": "2",
        "uart": "4",
        "umonat": "10",
        "ustunde": "15",
        "uwochentag": "6",
        "strzustand": "1",
        "istrad": "1",
        "istpkw": "1",
        "istfuss": "0",
        "istkrad": "0"
      }
    }
,
    {
      "type": "Feature",
      "geometry": { "type": "Point", "coordinates": [9.570617390000052, 52.287916605000078] },
      "properties": {
        "id": "135064",
        "name": "Unfall 135064 (2017) Kat:3",
        "year": 2017,
        "ulichtverh": "",
        "strasse": "",
        "ukategorie": "3",
        "utyp1": "1",
        "uart": "0",
        "umonat": "10",
        "ustunde": "22",
        "uwochentag": "6",
        "strzustand": "1",
        "istrad": "1",
        "istpkw": "0",
        "istfuss": "0",
        "istkrad": "0"
      }
    }
,
    {
      "type": "Feature",
      "geometry": { "type": "Point", "coordinates": [9.754758824000021, 52.446742997000058] },
      "properties": {
        "id": "135065",
        "name": "Unfall 135065 (2017) Kat:2",
        "year": 2017,
        "ulichtverh": "",
        "strasse": "",
        "ukategorie": "2",
        "utyp1": "3",
        "uart": "5",
        "umonat": "10",
        "ustunde": "17",
        "uwochentag": "6",
        "strzustand": "1",
        "istrad": "1",
        "istpkw": "1",
        "istfuss": "0",
        "istkrad": "0"
      }
    }
,
    {
      "type": "Feature",
      "geometry": { "type": "Point", "coordinates": [9.742950526000072, 52.394762469000057] },
      "properties": {
        "id": "135067",
        "name": "Unfall 135067 (2017) Kat:2",
        "year": 2017,
        "ulichtverh": "",
        "strasse": "",
        "ukategorie": "2",
        "utyp1": "3",
        "uart": "0",
        "umonat": "10",
        "ustunde": "19",
        "uwochentag": "6",
        "strzustand": "1",
        "istrad": "1",
        "istpkw": "1",
        "istfuss": "0",
        "istkrad": "0"
      }
    }
,
    {
      "type": "Feature",
      "geometry": { "type": "Point", "coordinates": [9.747849621000057, 52.389214568000057] },
      "properties": {
        "id": "135068",
        "name": "Unfall 135068 (2017) Kat:3",
        "year": 2017,
        "ulichtverh": "",
        "strasse": "",
        "ukategorie": "3",
        "utyp1": "2",
        "uart": "5",
        "umonat": "10",
        "ustunde": "14",
        "uwochentag": "6",
        "strzustand": "1",
        "istrad": "1",
        "istpkw": "1",
        "istfuss": "0",
        "istkrad": "0"
      }
    }
,
    {
      "type": "Feature",
      "geometry": { "type": "Point", "coordinates": [9.728499825000029, 52.436827192000067] },
      "properties": {
        "id": "135077",
        "name": "Unfall 135077 (2017) Kat:3",
        "year": 2017,
        "ulichtverh": "",
        "strasse": "",
        "ukategorie": "3",
        "utyp1": "5",
        "uart": "1",
        "umonat": "11",
        "ustunde": "15",
        "uwochentag": "3",
        "strzustand": "0",
        "istrad": "1",
        "istpkw": "1",
        "istfuss": "0",
        "istkrad": "0"
      }
    }
,
    {
      "type": "Feature",
      "geometry": { "type": "Point", "coordinates": [9.709888083000067, 52.372619103000034] },
      "properties": {
        "id": "135091",
        "name": "Unfall 135091 (2017) Kat:3",
        "year": 2017,
        "ulichtverh": "",
        "strasse": "",
        "ukategorie": "3",
        "utyp1": "7",
        "uart": "0",
        "umonat": "11",
        "ustunde": "21",
        "uwochentag": "3",
        "strzustand": "0",
        "istrad": "1",
        "istpkw": "0",
        "istfuss": "0",
        "istkrad": "0"
      }
    }
,
    {
      "type": "Feature",
      "geometry": { "type": "Point", "coordinates": [9.723249897000073, 52.372390513000028] },
      "properties": {
        "id": "135111",
        "name": "Unfall 135111 (2017) Kat:3",
        "year": 2017,
        "ulichtverh": "",
        "strasse": "",
        "ukategorie": "3",
        "utyp1": "6",
        "uart": "2",
        "umonat": "11",
        "ustunde": "16",
        "uwochentag": "2",
        "strzustand": "0",
        "istrad": "1",
        "istpkw": "1",
        "istfuss": "0",
        "istkrad": "0"
      }
    }
,
    {
      "type": "Feature",
      "geometry": { "type": "Point", "coordinates": [9.747656917000029, 52.395265212000027] },
      "properties": {
        "id": "135112",
        "name": "Unfall 135112 (2017) Kat:3",
        "year": 2017,
        "ulichtverh": "",
        "strasse": "",
        "ukategorie": "3",
        "utyp1": "2",
        "uart": "3",
        "umonat": "11",
        "ustunde": "06",
        "uwochentag": "2",
        "strzustand": "0",
        "istrad": "1",
        "istpkw": "1",
        "istfuss": "0",
        "istkrad": "0"
      }
    }
,
    {
      "type": "Feature",
      "geometry": { "type": "Point", "coordinates": [9.761625208000055, 52.566479164000043] },
      "properties": {
        "id": "135114",
        "name": "Unfall 135114 (2017) Kat:3",
        "year": 2017,
        "ulichtverh": "",
        "strasse": "",
        "ukategorie": "3",
        "utyp1": "6",
        "uart": "4",
        "umonat": "11",
        "ustunde": "19",
        "uwochentag": "2",
        "strzustand": "0",
        "istrad": "1",
        "istpkw": "1",
        "istfuss": "0",
        "istkrad": "0"
      }
    }
,
    {
      "type": "Feature",
      "geometry": { "type": "Point", "coordinates": [10.196215245000076, 52.461333695000064] },
      "properties": {
        "id": "135115",
        "name": "Unfall 135115 (2017) Kat:3",
        "year": 2017,
        "ulichtverh": "",
        "strasse": "",
        "ukategorie": "3",
        "utyp1": "3",
        "uart": "5",
        "umonat": "11",
        "ustunde": "19",
        "uwochentag": "2",
        "strzustand": "0",
        "istrad": "1",
        "istpkw": "1",
        "istfuss": "0",
        "istkrad": "0"
      }
    }
,
    {
      "type": "Feature",
      "geometry": { "type": "Point", "coordinates": [9.725060161000044, 52.387357647000044] },
      "properties": {
        "id": "135117",
        "name": "Unfall 135117 (2017) Kat:3",
        "year": 2017,
        "ulichtverh": "",
        "strasse": "",
        "ukategorie": "3",
        "utyp1": "1",
        "uart": "0",
        "umonat": "11",
        "ustunde": "15",
        "uwochentag": "2",
        "strzustand": "0",
        "istrad": "1",
        "istpkw": "0",
        "istfuss": "0",
        "istkrad": "0"
      }
    }
,
    {
      "type": "Feature",
      "geometry": { "type": "Point", "coordinates": [9.712249414000041, 52.368634666000048] },
      "properties": {
        "id": "135118",
        "name": "Unfall 135118 (2017) Kat:3",
        "year": 2017,
        "ulichtverh": "",
        "strasse": "",
        "ukategorie": "3",
        "utyp1": "2",
        "uart": "5",
        "umonat": "11",
        "ustunde": "12",
        "uwochentag": "2",
        "strzustand": "0",
        "istrad": "1",
        "istpkw": "0",
        "istfuss": "0",
        "istkrad": "0"
      }
    }
,
    {
      "type": "Feature",
      "geometry": { "type": "Point", "coordinates": [9.760573065000074, 52.364184795000028] },
      "properties": {
        "id": "135120",
        "name": "Unfall 135120 (2017) Kat:3",
        "year": 2017,
        "ulichtverh": "",
        "strasse": "",
        "ukategorie": "3",
        "utyp1": "7",
        "uart": "0",
        "umonat": "11",
        "ustunde": "08",
        "uwochentag": "2",
        "strzustand": "0",
        "istrad": "1",
        "istpkw": "1",
        "istfuss": "0",
        "istkrad": "0"
      }
    }
,
    {
      "type": "Feature",
      "geometry": { "type": "Point", "coordinates": [9.746701524000059, 52.370057718000055] },
      "properties": {
        "id": "135121",
        "name": "Unfall 135121 (2017) Kat:3",
        "year": 2017,
        "ulichtverh": "",
        "strasse": "",
        "ukategorie": "3",
        "utyp1": "3",
        "uart": "5",
        "umonat": "11",
        "ustunde": "07",
        "uwochentag": "2",
        "strzustand": "1",
        "istrad": "1",
        "istpkw": "1",
        "istfuss": "0",
        "istkrad": "0"
      }
    }
,
    {
      "type": "Feature",
      "geometry": { "type": "Point", "coordinates": [9.677625621000061, 52.395962632000078] },
      "properties": {
        "id": "135122",
        "name": "Unfall 135122 (2017) Kat:3",
        "year": 2017,
        "ulichtverh": "",
        "strasse": "",
        "ukategorie": "3",
        "utyp1": "3",
        "uart": "5",
        "umonat": "11",
        "ustunde": "07",
        "uwochentag": "2",
        "strzustand": "0",
        "istrad": "1",
        "istpkw": "1",
        "istfuss": "0",
        "istkrad": "0"
      }
    }
,
    {
      "type": "Feature",
      "geometry": { "type": "Point", "coordinates": [9.722308906000023, 52.385157175000074] },
      "properties": {
        "id": "135137",
        "name": "Unfall 135137 (2017) Kat:2",
        "year": 2017,
        "ulichtverh": "",
        "strasse": "",
        "ukategorie": "2",
        "utyp1": "3",
        "uart": "5",
        "umonat": "11",
        "ustunde": "14",
        "uwochentag": "1",
        "strzustand": "1",
        "istrad": "1",
        "istpkw": "1",
        "istfuss": "0",
        "istkrad": "0"
      }
    }
,
    {
      "type": "Feature",
      "geometry": { "type": "Point", "coordinates": [9.725025671000026, 52.384318687000075] },
      "properties": {
        "id": "135138",
        "name": "Unfall 135138 (2017) Kat:3",
        "year": 2017,
        "ulichtverh": "",
        "strasse": "",
        "ukategorie": "3",
        "utyp1": "5",
        "uart": "1",
        "umonat": "11",
        "ustunde": "00",
        "uwochentag": "1",
        "strzustand": "0",
        "istrad": "1",
        "istpkw": "1",
        "istfuss": "0",
        "istkrad": "0"
      }
    }
,
    {
      "type": "Feature",
      "geometry": { "type": "Point", "coordinates": [9.702853408000067, 52.369231026000080] },
      "properties": {
        "id": "135154",
        "name": "Unfall 135154 (2017) Kat:3",
        "year": 2017,
        "ulichtverh": "",
        "strasse": "",
        "ukategorie": "3",
        "utyp1": "2",
        "uart": "5",
        "umonat": "11",
        "ustunde": "00",
        "uwochentag": "7",
        "strzustand": "0",
        "istrad": "1",
        "istpkw": "1",
        "istfuss": "0",
        "istkrad": "0"
      }
    }
,
    {
      "type": "Feature",
      "geometry": { "type": "Point", "coordinates": [9.728743817000066, 52.396732577000080] },
      "properties": {
        "id": "135179",
        "name": "Unfall 135179 (2017) Kat:3",
        "year": 2017,
        "ulichtverh": "",
        "strasse": "",
        "ukategorie": "3",
        "utyp1": "1",
        "uart": "0",
        "umonat": "11",
        "ustunde": "19",
        "uwochentag": "6",
        "strzustand": "0",
        "istrad": "1",
        "istpkw": "0",
        "istfuss": "0",
        "istkrad": "0"
      }
    }
,
    {
      "type": "Feature",
      "geometry": { "type": "Point", "coordinates": [9.431885310000041, 52.412373104000039] },
      "properties": {
        "id": "135181",
        "name": "Unfall 135181 (2017) Kat:3",
        "year": 2017,
        "ulichtverh": "",
        "strasse": "",
        "ukategorie": "3",
        "utyp1": "3",
        "uart": "5",
        "umonat": "11",
        "ustunde": "10",
        "uwochentag": "6",
        "strzustand": "0",
        "istrad": "1",
        "istpkw": "0",
        "istfuss": "0",
        "istkrad": "0"
      }
    }
,
    {
      "type": "Feature",
      "geometry": { "type": "Point", "coordinates": [9.895831969000028, 52.445472458000040] },
      "properties": {
        "id": "135182",
        "name": "Unfall 135182 (2017) Kat:3",
        "year": 2017,
        "ulichtverh": "",
        "strasse": "",
        "ukategorie": "3",
        "utyp1": "3",
        "uart": "5",
        "umonat": "11",
        "ustunde": "07",
        "uwochentag": "6",
        "strzustand": "0",
        "istrad": "1",
        "istpkw": "1",
        "istfuss": "0",
        "istkrad": "0"
      }
    }
,
    {
      "type": "Feature",
      "geometry": { "type": "Point", "coordinates": [9.726181360000055, 52.377229319000037] },
      "properties": {
        "id": "135185",
        "name": "Unfall 135185 (2017) Kat:3",
        "year": 2017,
        "ulichtverh": "",
        "strasse": "",
        "ukategorie": "3",
        "utyp1": "7",
        "uart": "5",
        "umonat": "11",
        "ustunde": "12",
        "uwochentag": "6",
        "strzustand": "0",
        "istrad": "1",
        "istpkw": "1",
        "istfuss": "0",
        "istkrad": "0"
      }
    }
,
    {
      "type": "Feature",
      "geometry": { "type": "Point", "coordinates": [9.806758758000058, 52.388697227000080] },
      "properties": {
        "id": "135186",
        "name": "Unfall 135186 (2017) Kat:3",
        "year": 2017,
        "ulichtverh": "",
        "strasse": "",
        "ukategorie": "3",
        "utyp1": "2",
        "uart": "3",
        "umonat": "11",
        "ustunde": "07",
        "uwochentag": "6",
        "strzustand": "0",
        "istrad": "1",
        "istpkw": "0",
        "istfuss": "0",
        "istkrad": "0"
      }
    }
,
    {
      "type": "Feature",
      "geometry": { "type": "Point", "coordinates": [9.734061014000076, 52.368708314000060] },
      "properties": {
        "id": "135216",
        "name": "Unfall 135216 (2017) Kat:3",
        "year": 2017,
        "ulichtverh": "",
        "strasse": "",
        "ukategorie": "3",
        "utyp1": "2",
        "uart": "5",
        "umonat": "11",
        "ustunde": "17",
        "uwochentag": "5",
        "strzustand": "0",
        "istrad": "1",
        "istpkw": "1",
        "istfuss": "0",
        "istkrad": "0"
      }
    }
,
    {
      "type": "Feature",
      "geometry": { "type": "Point", "coordinates": [9.740050295000060, 52.366998807000073] },
      "properties": {
        "id": "135222",
        "name": "Unfall 135222 (2017) Kat:2",
        "year": 2017,
        "ulichtverh": "",
        "strasse": "",
        "ukategorie": "2",
        "utyp1": "3",
        "uart": "5",
        "umonat": "11",
        "ustunde": "09",
        "uwochentag": "5",
        "strzustand": "0",
        "istrad": "1",
        "istpkw": "1",
        "istfuss": "0",
        "istkrad": "0"
      }
    }
,
    {
      "type": "Feature",
      "geometry": { "type": "Point", "coordinates": [9.790537956000037, 52.407477156000027] },
      "properties": {
        "id": "135254",
        "name": "Unfall 135254 (2017) Kat:3",
        "year": 2017,
        "ulichtverh": "",
        "strasse": "",
        "ukategorie": "3",
        "utyp1": "7",
        "uart": "0",
        "umonat": "11",
        "ustunde": "22",
        "uwochentag": "4",
        "strzustand": "1",
        "istrad": "1",
        "istpkw": "0",
        "istfuss": "0",
        "istkrad": "0"
      }
    }
,
    {
      "type": "Feature",
      "geometry": { "type": "Point", "coordinates": [9.847011505000069, 52.490789113000062] },
      "properties": {
        "id": "135257",
        "name": "Unfall 135257 (2017) Kat:3",
        "year": 2017,
        "ulichtverh": "",
        "strasse": "",
        "ukategorie": "3",
        "utyp1": "3",
        "uart": "5",
        "umonat": "11",
        "ustunde": "14",
        "uwochentag": "4",
        "strzustand": "0",
        "istrad": "1",
        "istpkw": "0",
        "istfuss": "0",
        "istkrad": "0"
      }
    }
,
    {
      "type": "Feature",
      "geometry": { "type": "Point", "coordinates": [9.739883038000073, 52.382979133000049] },
      "properties": {
        "id": "135336",
        "name": "Unfall 135336 (2017) Kat:3",
        "year": 2017,
        "ulichtverh": "",
        "strasse": "",
        "ukategorie": "3",
        "utyp1": "5",
        "uart": "1",
        "umonat": "10",
        "ustunde": "15",
        "uwochentag": "7",
        "strzustand": "0",
        "istrad": "1",
        "istpkw": "1",
        "istfuss": "0",
        "istkrad": "0"
      }
    }
,
    {
      "type": "Feature",
      "geometry": { "type": "Point", "coordinates": [9.486511164000035, 52.289188949000049] },
      "properties": {
        "id": "135359",
        "name": "Unfall 135359 (2017) Kat:3",
        "year": 2017,
        "ulichtverh": "",
        "strasse": "",
        "ukategorie": "3",
        "utyp1": "3",
        "uart": "0",
        "umonat": "11",
        "ustunde": "11",
        "uwochentag": "4",
        "strzustand": "0",
        "istrad": "1",
        "istpkw": "1",
        "istfuss": "0",
        "istkrad": "0"
      }
    }
,
    {
      "type": "Feature",
      "geometry": { "type": "Point", "coordinates": [9.804266751000057, 52.391218402000050] },
      "properties": {
        "id": "135362",
        "name": "Unfall 135362 (2017) Kat:2",
        "year": 2017,
        "ulichtverh": "",
        "strasse": "",
        "ukategorie": "2",
        "utyp1": "2",
        "uart": "5",
        "umonat": "11",
        "ustunde": "18",
        "uwochentag": "4",
        "strzustand": "0",
        "istrad": "1",
        "istpkw": "1",
        "istfuss": "0",
        "istkrad": "0"
      }
    }
,
    {
      "type": "Feature",
      "geometry": { "type": "Point", "coordinates": [9.794261174000042, 52.393532994000054] },
      "properties": {
        "id": "135363",
        "name": "Unfall 135363 (2017) Kat:3",
        "year": 2017,
        "ulichtverh": "",
        "strasse": "",
        "ukategorie": "3",
        "utyp1": "3",
        "uart": "5",
        "umonat": "11",
        "ustunde": "15",
        "uwochentag": "4",
        "strzustand": "0",
        "istrad": "1",
        "istpkw": "1",
        "istfuss": "0",
        "istkrad": "0"
      }
    }
,
    {
      "type": "Feature",
      "geometry": { "type": "Point", "coordinates": [9.754316723000045, 52.368366168000080] },
      "properties": {
        "id": "135392",
        "name": "Unfall 135392 (2017) Kat:3",
        "year": 2017,
        "ulichtverh": "",
        "strasse": "",
        "ukategorie": "3",
        "utyp1": "2",
        "uart": "4",
        "umonat": "11",
        "ustunde": "17",
        "uwochentag": "3",
        "strzustand": "0",
        "istrad": "1",
        "istpkw": "1",
        "istfuss": "0",
        "istkrad": "0"
      }
    }
,
    {
      "type": "Feature",
      "geometry": { "type": "Point", "coordinates": [9.455780363000031, 52.507297819000030] },
      "properties": {
        "id": "135394",
        "name": "Unfall 135394 (2017) Kat:3",
        "year": 2017,
        "ulichtverh": "",
        "strasse": "",
        "ukategorie": "3",
        "utyp1": "3",
        "uart": "5",
        "umonat": "11",
        "ustunde": "16",
        "uwochentag": "3",
        "strzustand": "1",
        "istrad": "1",
        "istpkw": "1",
        "istfuss": "0",
        "istkrad": "0"
      }
    }
,
    {
      "type": "Feature",
      "geometry": { "type": "Point", "coordinates": [9.756929879000040, 52.524260275000074] },
      "properties": {
        "id": "135395",
        "name": "Unfall 135395 (2017) Kat:3",
        "year": 2017,
        "ulichtverh": "",
        "strasse": "",
        "ukategorie": "3",
        "utyp1": "3",
        "uart": "5",
        "umonat": "11",
        "ustunde": "17",
        "uwochentag": "3",
        "strzustand": "0",
        "istrad": "1",
        "istpkw": "1",
        "istfuss": "0",
        "istkrad": "0"
      }
    }
,
    {
      "type": "Feature",
      "geometry": { "type": "Point", "coordinates": [9.741109457000050, 52.448787076000031] },
      "properties": {
        "id": "135397",
        "name": "Unfall 135397 (2017) Kat:3",
        "year": 2017,
        "ulichtverh": "",
        "strasse": "",
        "ukategorie": "3",
        "utyp1": "4",
        "uart": "6",
        "umonat": "11",
        "ustunde": "19",
        "uwochentag": "3",
        "strzustand": "1",
        "istrad": "1",
        "istpkw": "0",
        "istfuss": "1",
        "istkrad": "0"
      }
    }
,
    {
      "type": "Feature",
      "geometry": { "type": "Point", "coordinates": [9.734101703000022, 52.454200938000042] },
      "properties": {
        "id": "135398",
        "name": "Unfall 135398 (2017) Kat:3",
        "year": 2017,
        "ulichtverh": "",
        "strasse": "",
        "ukategorie": "3",
        "utyp1": "2",
        "uart": "5",
        "umonat": "11",
        "ustunde": "06",
        "uwochentag": "3",
        "strzustand": "0",
        "istrad": "1",
        "istpkw": "1",
        "istfuss": "0",
        "istkrad": "0"
      }
    }
,
    {
      "type": "Feature",
      "geometry": { "type": "Point", "coordinates": [9.741070219000051, 52.373926399000027] },
      "properties": {
        "id": "135399",
        "name": "Unfall 135399 (2017) Kat:2",
        "year": 2017,
        "ulichtverh": "",
        "strasse": "",
        "ukategorie": "2",
        "utyp1": "5",
        "uart": "1",
        "umonat": "11",
        "ustunde": "19",
        "uwochentag": "3",
        "strzustand": "1",
        "istrad": "1",
        "istpkw": "1",
        "istfuss": "0",
        "istkrad": "0"
      }
    }
,
    {
      "type": "Feature",
      "geometry": { "type": "Point", "coordinates": [9.808671246000074, 52.379564616000039] },
      "properties": {
        "id": "135435",
        "name": "Unfall 135435 (2017) Kat:3",
        "year": 2017,
        "ulichtverh": "",
        "strasse": "",
        "ukategorie": "3",
        "utyp1": "3",
        "uart": "0",
        "umonat": "11",
        "ustunde": "10",
        "uwochentag": "2",
        "strzustand": "0",
        "istrad": "1",
        "istpkw": "0",
        "istfuss": "0",
        "istkrad": "0"
      }
    }
,
    {
      "type": "Feature",
      "geometry": { "type": "Point", "coordinates": [9.733006878000026, 52.381435682000074] },
      "properties": {
        "id": "135437",
        "name": "Unfall 135437 (2017) Kat:3",
        "year": 2017,
        "ulichtverh": "",
        "strasse": "",
        "ukategorie": "3",
        "utyp1": "7",
        "uart": "0",
        "umonat": "11",
        "ustunde": "20",
        "uwochentag": "2",
        "strzustand": "0",
        "istrad": "1",
        "istpkw": "0",
        "istfuss": "0",
        "istkrad": "0"
      }
    }
,
    {
      "type": "Feature",
      "geometry": { "type": "Point", "coordinates": [9.734934054000064, 52.380268627000078] },
      "properties": {
        "id": "135438",
        "name": "Unfall 135438 (2017) Kat:3",
        "year": 2017,
        "ulichtverh": "",
        "strasse": "",
        "ukategorie": "3",
        "utyp1": "2",
        "uart": "5",
        "umonat": "11",
        "ustunde": "18",
        "uwochentag": "2",
        "strzustand": "0",
        "istrad": "1",
        "istpkw": "1",
        "istfuss": "0",
        "istkrad": "0"
      }
    }
,
    {
      "type": "Feature",
      "geometry": { "type": "Point", "coordinates": [9.743462231000024, 52.396758865000038] },
      "properties": {
        "id": "135440",
        "name": "Unfall 135440 (2017) Kat:3",
        "year": 2017,
        "ulichtverh": "",
        "strasse": "",
        "ukategorie": "3",
        "utyp1": "5",
        "uart": "1",
        "umonat": "11",
        "ustunde": "18",
        "uwochentag": "2",
        "strzustand": "0",
        "istrad": "1",
        "istpkw": "1",
        "istfuss": "0",
        "istkrad": "0"
      }
    }
,
    {
      "type": "Feature",
      "geometry": { "type": "Point", "coordinates": [9.737993543000073, 52.382169730000044] },
      "properties": {
        "id": "135478",
        "name": "Unfall 135478 (2017) Kat:3",
        "year": 2017,
        "ulichtverh": "",
        "strasse": "",
        "ukategorie": "3",
        "utyp1": "2",
        "uart": "4",
        "umonat": "11",
        "ustunde": "16",
        "uwochentag": "7",
        "strzustand": "0",
        "istrad": "1",
        "istpkw": "1",
        "istfuss": "0",
        "istkrad": "0"
      }
    }
,
    {
      "type": "Feature",
      "geometry": { "type": "Point", "coordinates": [9.749803727000028, 52.378035343000079] },
      "properties": {
        "id": "135517",
        "name": "Unfall 135517 (2017) Kat:3",
        "year": 2017,
        "ulichtverh": "",
        "strasse": "",
        "ukategorie": "3",
        "utyp1": "1",
        "uart": "0",
        "umonat": "11",
        "ustunde": "08",
        "uwochentag": "6",
        "strzustand": "1",
        "istrad": "1",
        "istpkw": "0",
        "istfuss": "0",
        "istkrad": "0"
      }
    }
,
    {
      "type": "Feature",
      "geometry": { "type": "Point", "coordinates": [10.088161940000077, 52.391254114000049] },
      "properties": {
        "id": "135521",
        "name": "Unfall 135521 (2017) Kat:3",
        "year": 2017,
        "ulichtverh": "",
        "strasse": "",
        "ukategorie": "3",
        "utyp1": "5",
        "uart": "1",
        "umonat": "11",
        "ustunde": "06",
        "uwochentag": "6",
        "strzustand": "1",
        "istrad": "1",
        "istpkw": "1",
        "istfuss": "0",
        "istkrad": "0"
      }
    }
,
    {
      "type": "Feature",
      "geometry": { "type": "Point", "coordinates": [9.744023343000038, 52.369686956000066] },
      "properties": {
        "id": "135559",
        "name": "Unfall 135559 (2017) Kat:3",
        "year": 2017,
        "ulichtverh": "",
        "strasse": "",
        "ukategorie": "3",
        "utyp1": "3",
        "uart": "5",
        "umonat": "11",
        "ustunde": "17",
        "uwochentag": "5",
        "strzustand": "0",
        "istrad": "1",
        "istpkw": "1",
        "istfuss": "0",
        "istkrad": "0"
      }
    }
,
    {
      "type": "Feature",
      "geometry": { "type": "Point", "coordinates": [9.667464864000067, 52.386282209000058] },
      "properties": {
        "id": "135560",
        "name": "Unfall 135560 (2017) Kat:3",
        "year": 2017,
        "ulichtverh": "",
        "strasse": "",
        "ukategorie": "3",
        "utyp1": "3",
        "uart": "5",
        "umonat": "11",
        "ustunde": "16",
        "uwochentag": "5",
        "strzustand": "0",
        "istrad": "1",
        "istpkw": "1",
        "istfuss": "0",
        "istkrad": "0"
      }
    }
,
    {
      "type": "Feature",
      "geometry": { "type": "Point", "coordinates": [9.617306940000049, 52.443242358000077] },
      "properties": {
        "id": "135602",
        "name": "Unfall 135602 (2017) Kat:3",
        "year": 2017,
        "ulichtverh": "",
        "strasse": "",
        "ukategorie": "3",
        "utyp1": "3",
        "uart": "5",
        "umonat": "11",
        "ustunde": "17",
        "uwochentag": "6",
        "strzustand": "1",
        "istrad": "1",
        "istpkw": "1",
        "istfuss": "0",
        "istkrad": "0"
      }
    }
,
    {
      "type": "Feature",
      "geometry": { "type": "Point", "coordinates": [9.771058727000025, 52.375666552000041] },
      "properties": {
        "id": "135605",
        "name": "Unfall 135605 (2017) Kat:3",
        "year": 2017,
        "ulichtverh": "",
        "strasse": "",
        "ukategorie": "3",
        "utyp1": "7",
        "uart": "0",
        "umonat": "11",
        "ustunde": "18",
        "uwochentag": "6",
        "strzustand": "0",
        "istrad": "1",
        "istpkw": "0",
        "istfuss": "0",
        "istkrad": "0"
      }
    }
,
    {
      "type": "Feature",
      "geometry": { "type": "Point", "coordinates": [9.737527366000052, 52.370339340000044] },
      "properties": {
        "id": "135628",
        "name": "Unfall 135628 (2017) Kat:3",
        "year": 2017,
        "ulichtverh": "",
        "strasse": "",
        "ukategorie": "3",
        "utyp1": "5",
        "uart": "1",
        "umonat": "11",
        "ustunde": "12",
        "uwochentag": "5",
        "strzustand": "0",
        "istrad": "1",
        "istpkw": "1",
        "istfuss": "0",
        "istkrad": "0"
      }
    }
,
    {
      "type": "Feature",
      "geometry": { "type": "Point", "coordinates": [9.757161555000039, 52.375032365000038] },
      "properties": {
        "id": "135629",
        "name": "Unfall 135629 (2017) Kat:3",
        "year": 2017,
        "ulichtverh": "",
        "strasse": "",
        "ukategorie": "3",
        "utyp1": "5",
        "uart": "1",
        "umonat": "11",
        "ustunde": "17",
        "uwochentag": "5",
        "strzustand": "0",
        "istrad": "1",
        "istpkw": "1",
        "istfuss": "0",
        "istkrad": "0"
      }
    }
,
    {
      "type": "Feature",
      "geometry": { "type": "Point", "coordinates": [9.736840848000043, 52.376771408000081] },
      "properties": {
        "id": "135630",
        "name": "Unfall 135630 (2017) Kat:3",
        "year": 2017,
        "ulichtverh": "",
        "strasse": "",
        "ukategorie": "3",
        "utyp1": "2",
        "uart": "0",
        "umonat": "11",
        "ustunde": "15",
        "uwochentag": "5",
        "strzustand": "0",
        "istrad": "1",
        "istpkw": "1",
        "istfuss": "0",
        "istkrad": "0"
      }
    }
,
    {
      "type": "Feature",
      "geometry": { "type": "Point", "coordinates": [9.422313581000026, 52.421755498000039] },
      "properties": {
        "id": "135659",
        "name": "Unfall 135659 (2017) Kat:3",
        "year": 2017,
        "ulichtverh": "",
        "strasse": "",
        "ukategorie": "3",
        "utyp1": "7",
        "uart": "1",
        "umonat": "11",
        "ustunde": "14",
        "uwochentag": "4",
        "strzustand": "0",
        "istrad": "1",
        "istpkw": "0",
        "istfuss": "0",
        "istkrad": "0"
      }
    }
,
    {
      "type": "Feature",
      "geometry": { "type": "Point", "coordinates": [9.459597273000043, 52.505781248000062] },
      "properties": {
        "id": "135660",
        "name": "Unfall 135660 (2017) Kat:3",
        "year": 2017,
        "ulichtverh": "",
        "strasse": "",
        "ukategorie": "3",
        "utyp1": "2",
        "uart": "4",
        "umonat": "11",
        "ustunde": "10",
        "uwochentag": "4",
        "strzustand": "0",
        "istrad": "1",
        "istpkw": "1",
        "istfuss": "0",
        "istkrad": "0"
      }
    }
,
    {
      "type": "Feature",
      "geometry": { "type": "Point", "coordinates": [9.965974904000063, 52.364412644000026] },
      "properties": {
        "id": "135661",
        "name": "Unfall 135661 (2017) Kat:3",
        "year": 2017,
        "ulichtverh": "",
        "strasse": "",
        "ukategorie": "3",
        "utyp1": "3",
        "uart": "5",
        "umonat": "11",
        "ustunde": "17",
        "uwochentag": "4",
        "strzustand": "0",
        "istrad": "1",
        "istpkw": "1",
        "istfuss": "0",
        "istkrad": "0"
      }
    }
,
    {
      "type": "Feature",
      "geometry": { "type": "Point", "coordinates": [9.735695627000041, 52.427968530000044] },
      "properties": {
        "id": "135662",
        "name": "Unfall 135662 (2017) Kat:3",
        "year": 2017,
        "ulichtverh": "",
        "strasse": "",
        "ukategorie": "3",
        "utyp1": "1",
        "uart": "0",
        "umonat": "11",
        "ustunde": "15",
        "uwochentag": "4",
        "strzustand": "1",
        "istrad": "1",
        "istpkw": "0",
        "istfuss": "0",
        "istkrad": "0"
      }
    }
,
    {
      "type": "Feature",
      "geometry": { "type": "Point", "coordinates": [9.707085705000054, 52.373501289000046] },
      "properties": {
        "id": "135663",
        "name": "Unfall 135663 (2017) Kat:3",
        "year": 2017,
        "ulichtverh": "",
        "strasse": "",
        "ukategorie": "3",
        "utyp1": "3",
        "uart": "5",
        "umonat": "11",
        "ustunde": "16",
        "uwochentag": "4",
        "strzustand": "0",
        "istrad": "1",
        "istpkw": "1",
        "istfuss": "0",
        "istkrad": "0"
      }
    }
,
    {
      "type": "Feature",
      "geometry": { "type": "Point", "coordinates": [9.739500749000058, 52.364343720000079] },
      "properties": {
        "id": "135691",
        "name": "Unfall 135691 (2017) Kat:3",
        "year": 2017,
        "ulichtverh": "",
        "strasse": "",
        "ukategorie": "3",
        "utyp1": "7",
        "uart": "7",
        "umonat": "11",
        "ustunde": "07",
        "uwochentag": "3",
        "strzustand": "1",
        "istrad": "1",
        "istpkw": "0",
        "istfuss": "1",
        "istkrad": "0"
      }
    }
,
    {
      "type": "Feature",
      "geometry": { "type": "Point", "coordinates": [9.758807956000055, 52.362458090000075] },
      "properties": {
        "id": "135692",
        "name": "Unfall 135692 (2017) Kat:3",
        "year": 2017,
        "ulichtverh": "",
        "strasse": "",
        "ukategorie": "3",
        "utyp1": "3",
        "uart": "5",
        "umonat": "11",
        "ustunde": "07",
        "uwochentag": "3",
        "strzustand": "1",
        "istrad": "1",
        "istpkw": "1",
        "istfuss": "0",
        "istkrad": "0"
      }
    }
,
    {
      "type": "Feature",
      "geometry": { "type": "Point", "coordinates": [9.763262282000028, 52.401576056000067] },
      "properties": {
        "id": "135695",
        "name": "Unfall 135695 (2017) Kat:3",
        "year": 2017,
        "ulichtverh": "",
        "strasse": "",
        "ukategorie": "3",
        "utyp1": "7",
        "uart": "5",
        "umonat": "11",
        "ustunde": "12",
        "uwochentag": "3",
        "strzustand": "0",
        "istrad": "1",
        "istpkw": "1",
        "istfuss": "0",
        "istkrad": "0"
      }
    }
,
    {
      "type": "Feature",
      "geometry": { "type": "Point", "coordinates": [9.736810060000039, 52.371037970000032] },
      "properties": {
        "id": "135697",
        "name": "Unfall 135697 (2017) Kat:3",
        "year": 2017,
        "ulichtverh": "",
        "strasse": "",
        "ukategorie": "3",
        "utyp1": "2",
        "uart": "3",
        "umonat": "11",
        "ustunde": "07",
        "uwochentag": "3",
        "strzustand": "1",
        "istrad": "1",
        "istpkw": "0",
        "istfuss": "0",
        "istkrad": "0"
      }
    }
,
    {
      "type": "Feature",
      "geometry": { "type": "Point", "coordinates": [9.822508961000040, 52.326639160000070] },
      "properties": {
        "id": "135699",
        "name": "Unfall 135699 (2017) Kat:3",
        "year": 2017,
        "ulichtverh": "",
        "strasse": "",
        "ukategorie": "3",
        "utyp1": "3",
        "uart": "5",
        "umonat": "11",
        "ustunde": "17",
        "uwochentag": "3",
        "strzustand": "1",
        "istrad": "1",
        "istpkw": "1",
        "istfuss": "0",
        "istkrad": "0"
      }
    }
,
    {
      "type": "Feature",
      "geometry": { "type": "Point", "coordinates": [9.804308021000054, 52.391499782000039] },
      "properties": {
        "id": "135700",
        "name": "Unfall 135700 (2017) Kat:3",
        "year": 2017,
        "ulichtverh": "",
        "strasse": "",
        "ukategorie": "3",
        "utyp1": "2",
        "uart": "5",
        "umonat": "11",
        "ustunde": "15",
        "uwochentag": "3",
        "strzustand": "1",
        "istrad": "1",
        "istpkw": "1",
        "istfuss": "0",
        "istkrad": "0"
      }
    }
,
    {
      "type": "Feature",
      "geometry": { "type": "Point", "coordinates": [9.761318758000073, 52.380058002000055] },
      "properties": {
        "id": "135747",
        "name": "Unfall 135747 (2017) Kat:3",
        "year": 2017,
        "ulichtverh": "",
        "strasse": "",
        "ukategorie": "3",
        "utyp1": "3",
        "uart": "5",
        "umonat": "11",
        "ustunde": "19",
        "uwochentag": "2",
        "strzustand": "1",
        "istrad": "1",
        "istpkw": "1",
        "istfuss": "0",
        "istkrad": "0"
      }
    }
,
    {
      "type": "Feature",
      "geometry": { "type": "Point", "coordinates": [9.734848734000025, 52.376695094000070] },
      "properties": {
        "id": "135748",
        "name": "Unfall 135748 (2017) Kat:3",
        "year": 2017,
        "ulichtverh": "",
        "strasse": "",
        "ukategorie": "3",
        "utyp1": "7",
        "uart": "6",
        "umonat": "11",
        "ustunde": "12",
        "uwochentag": "2",
        "strzustand": "1",
        "istrad": "1",
        "istpkw": "0",
        "istfuss": "1",
        "istkrad": "0"
      }
    }
,
    {
      "type": "Feature",
      "geometry": { "type": "Point", "coordinates": [9.381333683000037, 52.460033830000043] },
      "properties": {
        "id": "135749",
        "name": "Unfall 135749 (2017) Kat:2",
        "year": 2017,
        "ulichtverh": "",
        "strasse": "",
        "ukategorie": "2",
        "utyp1": "1",
        "uart": "8",
        "umonat": "11",
        "ustunde": "19",
        "uwochentag": "2",
        "strzustand": "1",
        "istrad": "1",
        "istpkw": "0",
        "istfuss": "1",
        "istkrad": "0"
      }
    }
,
    {
      "type": "Feature",
      "geometry": { "type": "Point", "coordinates": [9.592917648000025, 52.398459718000026] },
      "properties": {
        "id": "135750",
        "name": "Unfall 135750 (2017) Kat:3",
        "year": 2017,
        "ulichtverh": "",
        "strasse": "",
        "ukategorie": "3",
        "utyp1": "2",
        "uart": "4",
        "umonat": "11",
        "ustunde": "08",
        "uwochentag": "2",
        "strzustand": "1",
        "istrad": "1",
        "istpkw": "1",
        "istfuss": "0",
        "istkrad": "0"
      }
    }
,
    {
      "type": "Feature",
      "geometry": { "type": "Point", "coordinates": [9.717421017000049, 52.381642302000046] },
      "properties": {
        "id": "135752",
        "name": "Unfall 135752 (2017) Kat:3",
        "year": 2017,
        "ulichtverh": "",
        "strasse": "",
        "ukategorie": "3",
        "utyp1": "3",
        "uart": "5",
        "umonat": "11",
        "ustunde": "18",
        "uwochentag": "2",
        "strzustand": "1",
        "istrad": "1",
        "istpkw": "1",
        "istfuss": "0",
        "istkrad": "0"
      }
    }
,
    {
      "type": "Feature",
      "geometry": { "type": "Point", "coordinates": [9.740996372000041, 52.398850195000080] },
      "properties": {
        "id": "135754",
        "name": "Unfall 135754 (2017) Kat:3",
        "year": 2017,
        "ulichtverh": "",
        "strasse": "",
        "ukategorie": "3",
        "utyp1": "3",
        "uart": "5",
        "umonat": "11",
        "ustunde": "08",
        "uwochentag": "2",
        "strzustand": "1",
        "istrad": "1",
        "istpkw": "1",
        "istfuss": "0",
        "istkrad": "0"
      }
    }
,
    {
      "type": "Feature",
      "geometry": { "type": "Point", "coordinates": [9.830861465000055, 52.334803510000029] },
      "properties": {
        "id": "135776",
        "name": "Unfall 135776 (2017) Kat:2",
        "year": 2017,
        "ulichtverh": "",
        "strasse": "",
        "ukategorie": "2",
        "utyp1": "4",
        "uart": "6",
        "umonat": "11",
        "ustunde": "17",
        "uwochentag": "1",
        "strzustand": "1",
        "istrad": "1",
        "istpkw": "0",
        "istfuss": "1",
        "istkrad": "0"
      }
    }
,
    {
      "type": "Feature",
      "geometry": { "type": "Point", "coordinates": [9.739950941000075, 52.369138311000029] },
      "properties": {
        "id": "135789",
        "name": "Unfall 135789 (2017) Kat:3",
        "year": 2017,
        "ulichtverh": "",
        "strasse": "",
        "ukategorie": "3",
        "utyp1": "3",
        "uart": "5",
        "umonat": "11",
        "ustunde": "00",
        "uwochentag": "7",
        "strzustand": "0",
        "istrad": "1",
        "istpkw": "1",
        "istfuss": "0",
        "istkrad": "0"
      }
    }
,
    {
      "type": "Feature",
      "geometry": { "type": "Point", "coordinates": [9.741539674000023, 52.438672304000079] },
      "properties": {
        "id": "135790",
        "name": "Unfall 135790 (2017) Kat:3",
        "year": 2017,
        "ulichtverh": "",
        "strasse": "",
        "ukategorie": "3",
        "utyp1": "2",
        "uart": "4",
        "umonat": "11",
        "ustunde": "13",
        "uwochentag": "7",
        "strzustand": "0",
        "istrad": "1",
        "istpkw": "1",
        "istfuss": "0",
        "istkrad": "0"
      }
    }
,
    {
      "type": "Feature",
      "geometry": { "type": "Point", "coordinates": [10.004359324000063, 52.447770842000068] },
      "properties": {
        "id": "135791",
        "name": "Unfall 135791 (2017) Kat:3",
        "year": 2017,
        "ulichtverh": "",
        "strasse": "",
        "ukategorie": "3",
        "utyp1": "1",
        "uart": "0",
        "umonat": "11",
        "ustunde": "11",
        "uwochentag": "7",
        "strzustand": "0",
        "istrad": "1",
        "istpkw": "0",
        "istfuss": "0",
        "istkrad": "0"
      }
    }
,
    {
      "type": "Feature",
      "geometry": { "type": "Point", "coordinates": [9.798700764000046, 52.308419244000049] },
      "properties": {
        "id": "135816",
        "name": "Unfall 135816 (2017) Kat:3",
        "year": 2017,
        "ulichtverh": "",
        "strasse": "",
        "ukategorie": "3",
        "utyp1": "3",
        "uart": "5",
        "umonat": "11",
        "ustunde": "07",
        "uwochentag": "6",
        "strzustand": "1",
        "istrad": "1",
        "istpkw": "1",
        "istfuss": "0",
        "istkrad": "0"
      }
    }
,
    {
      "type": "Feature",
      "geometry": { "type": "Point", "coordinates": [9.741594068000040, 52.403891211000030] },
      "properties": {
        "id": "135817",
        "name": "Unfall 135817 (2017) Kat:3",
        "year": 2017,
        "ulichtverh": "",
        "strasse": "",
        "ukategorie": "3",
        "utyp1": "3",
        "uart": "0",
        "umonat": "11",
        "ustunde": "07",
        "uwochentag": "6",
        "strzustand": "1",
        "istrad": "1",
        "istpkw": "1",
        "istfuss": "0",
        "istkrad": "0"
      }
    }
,
    {
      "type": "Feature",
      "geometry": { "type": "Point", "coordinates": [9.678233524000063, 52.416341095000064] },
      "properties": {
        "id": "135851",
        "name": "Unfall 135851 (2017) Kat:3",
        "year": 2017,
        "ulichtverh": "",
        "strasse": "",
        "ukategorie": "3",
        "utyp1": "3",
        "uart": "5",
        "umonat": "11",
        "ustunde": "19",
        "uwochentag": "5",
        "strzustand": "0",
        "istrad": "1",
        "istpkw": "1",
        "istfuss": "0",
        "istkrad": "0"
      }
    }
,
    {
      "type": "Feature",
      "geometry": { "type": "Point", "coordinates": [9.736158029000023, 52.384148607000043] },
      "properties": {
        "id": "135858",
        "name": "Unfall 135858 (2017) Kat:3",
        "year": 2017,
        "ulichtverh": "",
        "strasse": "",
        "ukategorie": "3",
        "utyp1": "2",
        "uart": "5",
        "umonat": "11",
        "ustunde": "16",
        "uwochentag": "5",
        "strzustand": "0",
        "istrad": "1",
        "istpkw": "1",
        "istfuss": "0",
        "istkrad": "0"
      }
    }
,
    {
      "type": "Feature",
      "geometry": { "type": "Point", "coordinates": [9.743820423000045, 52.371109807000039] },
      "properties": {
        "id": "135871",
        "name": "Unfall 135871 (2017) Kat:3",
        "year": 2017,
        "ulichtverh": "",
        "strasse": "",
        "ukategorie": "3",
        "utyp1": "2",
        "uart": "4",
        "umonat": "12",
        "ustunde": "22",
        "uwochentag": "2",
        "strzustand": "1",
        "istrad": "1",
        "istpkw": "1",
        "istfuss": "0",
        "istkrad": "0"
      }
    }
,
    {
      "type": "Feature",
      "geometry": { "type": "Point", "coordinates": [9.745051886000056, 52.381805068000062] },
      "properties": {
        "id": "135880",
        "name": "Unfall 135880 (2017) Kat:3",
        "year": 2017,
        "ulichtverh": "",
        "strasse": "",
        "ukategorie": "3",
        "utyp1": "5",
        "uart": "1",
        "umonat": "12",
        "ustunde": "01",
        "uwochentag": "1",
        "strzustand": "1",
        "istrad": "1",
        "istpkw": "1",
        "istfuss": "0",
        "istkrad": "0"
      }
    }
,
    {
      "type": "Feature",
      "geometry": { "type": "Point", "coordinates": [9.737205256000038, 52.371671912000068] },
      "properties": {
        "id": "135896",
        "name": "Unfall 135896 (2017) Kat:3",
        "year": 2017,
        "ulichtverh": "",
        "strasse": "",
        "ukategorie": "3",
        "utyp1": "5",
        "uart": "1",
        "umonat": "12",
        "ustunde": "19",
        "uwochentag": "7",
        "strzustand": "0",
        "istrad": "1",
        "istpkw": "1",
        "istfuss": "0",
        "istkrad": "0"
      }
    }
,
    {
      "type": "Feature",
      "geometry": { "type": "Point", "coordinates": [9.731847554000069, 52.405699044000073] },
      "properties": {
        "id": "135931",
        "name": "Unfall 135931 (2017) Kat:3",
        "year": 2017,
        "ulichtverh": "",
        "strasse": "",
        "ukategorie": "3",
        "utyp1": "7",
        "uart": "0",
        "umonat": "12",
        "ustunde": "11",
        "uwochentag": "6",
        "strzustand": "1",
        "istrad": "1",
        "istpkw": "0",
        "istfuss": "0",
        "istkrad": "0"
      }
    }
,
    {
      "type": "Feature",
      "geometry": { "type": "Point", "coordinates": [9.548400766000043, 52.208076841000036] },
      "properties": {
        "id": "135932",
        "name": "Unfall 135932 (2017) Kat:3",
        "year": 2017,
        "ulichtverh": "",
        "strasse": "",
        "ukategorie": "3",
        "utyp1": "1",
        "uart": "0",
        "umonat": "12",
        "ustunde": "05",
        "uwochentag": "6",
        "strzustand": "1",
        "istrad": "1",
        "istpkw": "0",
        "istfuss": "0",
        "istkrad": "0"
      }
    }
,
    {
      "type": "Feature",
      "geometry": { "type": "Point", "coordinates": [9.904265894000048, 52.376328450000074] },
      "properties": {
        "id": "135933",
        "name": "Unfall 135933 (2017) Kat:3",
        "year": 2017,
        "ulichtverh": "",
        "strasse": "",
        "ukategorie": "3",
        "utyp1": "2",
        "uart": "5",
        "umonat": "12",
        "ustunde": "07",
        "uwochentag": "6",
        "strzustand": "0",
        "istrad": "1",
        "istpkw": "1",
        "istfuss": "0",
        "istkrad": "0"
      }
    }
,
    {
      "type": "Feature",
      "geometry": { "type": "Point", "coordinates": [9.981873274000066, 52.380236972000034] },
      "properties": {
        "id": "135934",
        "name": "Unfall 135934 (2017) Kat:3",
        "year": 2017,
        "ulichtverh": "",
        "strasse": "",
        "ukategorie": "3",
        "utyp1": "2",
        "uart": "5",
        "umonat": "12",
        "ustunde": "07",
        "uwochentag": "6",
        "strzustand": "0",
        "istrad": "1",
        "istpkw": "1",
        "istfuss": "0",
        "istkrad": "0"
      }
    }
,
    {
      "type": "Feature",
      "geometry": { "type": "Point", "coordinates": [9.974530413000025, 52.401580798000055] },
      "properties": {
        "id": "135973",
        "name": "Unfall 135973 (2017) Kat:3",
        "year": 2017,
        "ulichtverh": "",
        "strasse": "",
        "ukategorie": "3",
        "utyp1": "5",
        "uart": "0",
        "umonat": "11",
        "ustunde": "19",
        "uwochentag": "5",
        "strzustand": "0",
        "istrad": "1",
        "istpkw": "1",
        "istfuss": "0",
        "istkrad": "0"
      }
    }
,
    {
      "type": "Feature",
      "geometry": { "type": "Point", "coordinates": [10.000238079000042, 52.455327674000046] },
      "properties": {
        "id": "135975",
        "name": "Unfall 135975 (2017) Kat:3",
        "year": 2017,
        "ulichtverh": "",
        "strasse": "",
        "ukategorie": "3",
        "utyp1": "4",
        "uart": "0",
        "umonat": "11",
        "ustunde": "16",
        "uwochentag": "5",
        "strzustand": "1",
        "istrad": "1",
        "istpkw": "0",
        "istfuss": "1",
        "istkrad": "0"
      }
    }
,
    {
      "type": "Feature",
      "geometry": { "type": "Point", "coordinates": [10.005390705000025, 52.447950423000066] },
      "properties": {
        "id": "135976",
        "name": "Unfall 135976 (2017) Kat:3",
        "year": 2017,
        "ulichtverh": "",
        "strasse": "",
        "ukategorie": "3",
        "utyp1": "3",
        "uart": "5",
        "umonat": "11",
        "ustunde": "07",
        "uwochentag": "5",
        "strzustand": "1",
        "istrad": "1",
        "istpkw": "0",
        "istfuss": "0",
        "istkrad": "0"
      }
    }
,
    {
      "type": "Feature",
      "geometry": { "type": "Point", "coordinates": [9.853997398000047, 52.390592091000030] },
      "properties": {
        "id": "136007",
        "name": "Unfall 136007 (2017) Kat:3",
        "year": 2017,
        "ulichtverh": "",
        "strasse": "",
        "ukategorie": "3",
        "utyp1": "3",
        "uart": "5",
        "umonat": "11",
        "ustunde": "12",
        "uwochentag": "4",
        "strzustand": "0",
        "istrad": "1",
        "istpkw": "0",
        "istfuss": "0",
        "istkrad": "0"
      }
    }
,
    {
      "type": "Feature",
      "geometry": { "type": "Point", "coordinates": [9.755947499000058, 52.355684871000051] },
      "properties": {
        "id": "136073",
        "name": "Unfall 136073 (2017) Kat:3",
        "year": 2017,
        "ulichtverh": "",
        "strasse": "",
        "ukategorie": "3",
        "utyp1": "2",
        "uart": "4",
        "umonat": "11",
        "ustunde": "19",
        "uwochentag": "2",
        "strzustand": "1",
        "istrad": "1",
        "istpkw": "1",
        "istfuss": "0",
        "istkrad": "0"
      }
    }
,
    {
      "type": "Feature",
      "geometry": { "type": "Point", "coordinates": [9.743611698000052, 52.379399312000032] },
      "properties": {
        "id": "136074",
        "name": "Unfall 136074 (2017) Kat:3",
        "year": 2017,
        "ulichtverh": "",
        "strasse": "",
        "ukategorie": "3",
        "utyp1": "2",
        "uart": "4",
        "umonat": "11",
        "ustunde": "13",
        "uwochentag": "2",
        "strzustand": "1",
        "istrad": "1",
        "istpkw": "0",
        "istfuss": "0",
        "istkrad": "0"
      }
    }
,
    {
      "type": "Feature",
      "geometry": { "type": "Point", "coordinates": [9.749687585000061, 52.391612126000041] },
      "properties": {
        "id": "136075",
        "name": "Unfall 136075 (2017) Kat:3",
        "year": 2017,
        "ulichtverh": "",
        "strasse": "",
        "ukategorie": "3",
        "utyp1": "5",
        "uart": "0",
        "umonat": "11",
        "ustunde": "08",
        "uwochentag": "2",
        "strzustand": "0",
        "istrad": "1",
        "istpkw": "1",
        "istfuss": "0",
        "istkrad": "0"
      }
    }
,
    {
      "type": "Feature",
      "geometry": { "type": "Point", "coordinates": [9.700381052000068, 52.326586998000039] },
      "properties": {
        "id": "136096",
        "name": "Unfall 136096 (2017) Kat:3",
        "year": 2017,
        "ulichtverh": "",
        "strasse": "",
        "ukategorie": "3",
        "utyp1": "3",
        "uart": "5",
        "umonat": "11",
        "ustunde": "11",
        "uwochentag": "1",
        "strzustand": "0",
        "istrad": "1",
        "istpkw": "1",
        "istfuss": "0",
        "istkrad": "0"
      }
    }
,
    {
      "type": "Feature",
      "geometry": { "type": "Point", "coordinates": [9.809406654000043, 52.403985180000063] },
      "properties": {
        "id": "136114",
        "name": "Unfall 136114 (2017) Kat:3",
        "year": 2017,
        "ulichtverh": "",
        "strasse": "",
        "ukategorie": "3",
        "utyp1": "2",
        "uart": "5",
        "umonat": "11",
        "ustunde": "07",
        "uwochentag": "7",
        "strzustand": "1",
        "istrad": "1",
        "istpkw": "1",
        "istfuss": "0",
        "istkrad": "0"
      }
    }
,
    {
      "type": "Feature",
      "geometry": { "type": "Point", "coordinates": [9.707723243000032, 52.344025572000078] },
      "properties": {
        "id": "136162",
        "name": "Unfall 136162 (2017) Kat:3",
        "year": 2017,
        "ulichtverh": "",
        "strasse": "",
        "ukategorie": "3",
        "utyp1": "5",
        "uart": "1",
        "umonat": "12",
        "ustunde": "08",
        "uwochentag": "4",
        "strzustand": "0",
        "istrad": "1",
        "istpkw": "1",
        "istfuss": "0",
        "istkrad": "0"
      }
    }
,
    {
      "type": "Feature",
      "geometry": { "type": "Point", "coordinates": [9.589641818000075, 52.418868802000077] },
      "properties": {
        "id": "136165",
        "name": "Unfall 136165 (2017) Kat:3",
        "year": 2017,
        "ulichtverh": "",
        "strasse": "",
        "ukategorie": "3",
        "utyp1": "3",
        "uart": "0",
        "umonat": "12",
        "ustunde": "14",
        "uwochentag": "4",
        "strzustand": "0",
        "istrad": "1",
        "istpkw": "1",
        "istfuss": "0",
        "istkrad": "0"
      }
    }
,
    {
      "type": "Feature",
      "geometry": { "type": "Point", "coordinates": [10.026426015000027, 52.442252507000035] },
      "properties": {
        "id": "136166",
        "name": "Unfall 136166 (2017) Kat:3",
        "year": 2017,
        "ulichtverh": "",
        "strasse": "",
        "ukategorie": "3",
        "utyp1": "3",
        "uart": "5",
        "umonat": "12",
        "ustunde": "07",
        "uwochentag": "4",
        "strzustand": "0",
        "istrad": "1",
        "istpkw": "1",
        "istfuss": "0",
        "istkrad": "0"
      }
    }
,
    {
      "type": "Feature",
      "geometry": { "type": "Point", "coordinates": [9.744237384000030, 52.373326528000064] },
      "properties": {
        "id": "136167",
        "name": "Unfall 136167 (2017) Kat:3",
        "year": 2017,
        "ulichtverh": "",
        "strasse": "",
        "ukategorie": "3",
        "utyp1": "7",
        "uart": "0",
        "umonat": "12",
        "ustunde": "13",
        "uwochentag": "4",
        "strzustand": "1",
        "istrad": "1",
        "istpkw": "0",
        "istfuss": "0",
        "istkrad": "0"
      }
    }
,
    {
      "type": "Feature",
      "geometry": { "type": "Point", "coordinates": [9.838055919000055, 52.338539920000073] },
      "properties": {
        "id": "136168",
        "name": "Unfall 136168 (2017) Kat:3",
        "year": 2017,
        "ulichtverh": "",
        "strasse": "",
        "ukategorie": "3",
        "utyp1": "1",
        "uart": "0",
        "umonat": "12",
        "ustunde": "10",
        "uwochentag": "4",
        "strzustand": "2",
        "istrad": "1",
        "istpkw": "0",
        "istfuss": "0",
        "istkrad": "0"
      }
    }
,
    {
      "type": "Feature",
      "geometry": { "type": "Point", "coordinates": [9.737575776000028, 52.453580419000048] },
      "properties": {
        "id": "136203",
        "name": "Unfall 136203 (2017) Kat:3",
        "year": 2017,
        "ulichtverh": "",
        "strasse": "",
        "ukategorie": "3",
        "utyp1": "2",
        "uart": "5",
        "umonat": "12",
        "ustunde": "16",
        "uwochentag": "3",
        "strzustand": "1",
        "istrad": "1",
        "istpkw": "1",
        "istfuss": "0",
        "istkrad": "0"
      }
    }
,
    {
      "type": "Feature",
      "geometry": { "type": "Point", "coordinates": [9.688411466000048, 52.417961834000039] },
      "properties": {
        "id": "136204",
        "name": "Unfall 136204 (2017) Kat:2",
        "year": 2017,
        "ulichtverh": "",
        "strasse": "",
        "ukategorie": "2",
        "utyp1": "3",
        "uart": "5",
        "umonat": "12",
        "ustunde": "06",
        "uwochentag": "3",
        "strzustand": "1",
        "istrad": "1",
        "istpkw": "1",
        "istfuss": "0",
        "istkrad": "0"
      }
    }
,
    {
      "type": "Feature",
      "geometry": { "type": "Point", "coordinates": [9.690410648000068, 52.346165961000054] },
      "properties": {
        "id": "136228",
        "name": "Unfall 136228 (2017) Kat:3",
        "year": 2017,
        "ulichtverh": "",
        "strasse": "",
        "ukategorie": "3",
        "utyp1": "2",
        "uart": "5",
        "umonat": "12",
        "ustunde": "07",
        "uwochentag": "2",
        "strzustand": "1",
        "istrad": "1",
        "istpkw": "0",
        "istfuss": "0",
        "istkrad": "0"
      }
    }
,
    {
      "type": "Feature",
      "geometry": { "type": "Point", "coordinates": [9.728309775000071, 52.358979651000027] },
      "properties": {
        "id": "136265",
        "name": "Unfall 136265 (2017) Kat:3",
        "year": 2017,
        "ulichtverh": "",
        "strasse": "",
        "ukategorie": "3",
        "utyp1": "3",
        "uart": "5",
        "umonat": "12",
        "ustunde": "19",
        "uwochentag": "7",
        "strzustand": "1",
        "istrad": "1",
        "istpkw": "1",
        "istfuss": "0",
        "istkrad": "0"
      }
    }
,
    {
      "type": "Feature",
      "geometry": { "type": "Point", "coordinates": [9.530038193000053, 52.460435695000058] },
      "properties": {
        "id": "136267",
        "name": "Unfall 136267 (2017) Kat:3",
        "year": 2017,
        "ulichtverh": "",
        "strasse": "",
        "ukategorie": "3",
        "utyp1": "3",
        "uart": "5",
        "umonat": "12",
        "ustunde": "08",
        "uwochentag": "7",
        "strzustand": "1",
        "istrad": "1",
        "istpkw": "1",
        "istfuss": "0",
        "istkrad": "0"
      }
    }
,
    {
      "type": "Feature",
      "geometry": { "type": "Point", "coordinates": [9.683863328000030, 52.411548989000039] },
      "properties": {
        "id": "136298",
        "name": "Unfall 136298 (2017) Kat:3",
        "year": 2017,
        "ulichtverh": "",
        "strasse": "",
        "ukategorie": "3",
        "utyp1": "3",
        "uart": "5",
        "umonat": "12",
        "ustunde": "08",
        "uwochentag": "6",
        "strzustand": "0",
        "istrad": "1",
        "istpkw": "0",
        "istfuss": "0",
        "istkrad": "0"
      }
    }
,
    {
      "type": "Feature",
      "geometry": { "type": "Point", "coordinates": [9.708185994000075, 52.367201522000073] },
      "properties": {
        "id": "136299",
        "name": "Unfall 136299 (2017) Kat:3",
        "year": 2017,
        "ulichtverh": "",
        "strasse": "",
        "ukategorie": "3",
        "utyp1": "3",
        "uart": "5",
        "umonat": "12",
        "ustunde": "21",
        "uwochentag": "6",
        "strzustand": "0",
        "istrad": "1",
        "istpkw": "1",
        "istfuss": "0",
        "istkrad": "0"
      }
    }
,
    {
      "type": "Feature",
      "geometry": { "type": "Point", "coordinates": [9.725495623000029, 52.325280905000056] },
      "properties": {
        "id": "136303",
        "name": "Unfall 136303 (2017) Kat:3",
        "year": 2017,
        "ulichtverh": "",
        "strasse": "",
        "ukategorie": "3",
        "utyp1": "3",
        "uart": "5",
        "umonat": "12",
        "ustunde": "15",
        "uwochentag": "6",
        "strzustand": "1",
        "istrad": "1",
        "istpkw": "1",
        "istfuss": "0",
        "istkrad": "0"
      }
    }
,
    {
      "type": "Feature",
      "geometry": { "type": "Point", "coordinates": [9.724870173000056, 52.345045776000063] },
      "properties": {
        "id": "136332",
        "name": "Unfall 136332 (2017) Kat:3",
        "year": 2017,
        "ulichtverh": "",
        "strasse": "",
        "ukategorie": "3",
        "utyp1": "6",
        "uart": "2",
        "umonat": "12",
        "ustunde": "11",
        "uwochentag": "5",
        "strzustand": "0",
        "istrad": "1",
        "istpkw": "1",
        "istfuss": "0",
        "istkrad": "0"
      }
    }
,
    {
      "type": "Feature",
      "geometry": { "type": "Point", "coordinates": [9.666722648000075, 52.400947434000045] },
      "properties": {
        "id": "136365",
        "name": "Unfall 136365 (2017) Kat:3",
        "year": 2017,
        "ulichtverh": "",
        "strasse": "",
        "ukategorie": "3",
        "utyp1": "1",
        "uart": "0",
        "umonat": "12",
        "ustunde": "10",
        "uwochentag": "4",
        "strzustand": "0",
        "istrad": "1",
        "istpkw": "0",
        "istfuss": "0",
        "istkrad": "1"
      }
    }
,
    {
      "type": "Feature",
      "geometry": { "type": "Point", "coordinates": [9.774442515000033, 52.371549754000057] },
      "properties": {
        "id": "136368",
        "name": "Unfall 136368 (2017) Kat:3",
        "year": 2017,
        "ulichtverh": "",
        "strasse": "",
        "ukategorie": "3",
        "utyp1": "5",
        "uart": "5",
        "umonat": "12",
        "ustunde": "17",
        "uwochentag": "4",
        "strzustand": "0",
        "istrad": "1",
        "istpkw": "1",
        "istfuss": "0",
        "istkrad": "0"
      }
    }
,
    {
      "type": "Feature",
      "geometry": { "type": "Point", "coordinates": [10.006420589000072, 52.446370775000048] },
      "properties": {
        "id": "136369",
        "name": "Unfall 136369 (2017) Kat:3",
        "year": 2017,
        "ulichtverh": "",
        "strasse": "",
        "ukategorie": "3",
        "utyp1": "3",
        "uart": "5",
        "umonat": "12",
        "ustunde": "13",
        "uwochentag": "4",
        "strzustand": "0",
        "istrad": "1",
        "istpkw": "1",
        "istfuss": "0",
        "istkrad": "0"
      }
    }
,
    {
      "type": "Feature",
      "geometry": { "type": "Point", "coordinates": [9.736054783000043, 52.375351175000048] },
      "properties": {
        "id": "136396",
        "name": "Unfall 136396 (2017) Kat:3",
        "year": 2017,
        "ulichtverh": "",
        "strasse": "",
        "ukategorie": "3",
        "utyp1": "6",
        "uart": "6",
        "umonat": "12",
        "ustunde": "19",
        "uwochentag": "3",
        "strzustand": "1",
        "istrad": "1",
        "istpkw": "0",
        "istfuss": "1",
        "istkrad": "0"
      }
    }
,
    {
      "type": "Feature",
      "geometry": { "type": "Point", "coordinates": [9.714327517000072, 52.408921732000067] },
      "properties": {
        "id": "136433",
        "name": "Unfall 136433 (2017) Kat:3",
        "year": 2017,
        "ulichtverh": "",
        "strasse": "",
        "ukategorie": "3",
        "utyp1": "7",
        "uart": "0",
        "umonat": "12",
        "ustunde": "16",
        "uwochentag": "4",
        "strzustand": "0",
        "istrad": "1",
        "istpkw": "0",
        "istfuss": "0",
        "istkrad": "0"
      }
    }
,
    {
      "type": "Feature",
      "geometry": { "type": "Point", "coordinates": [9.726639167000030, 52.388627069000052] },
      "properties": {
        "id": "136434",
        "name": "Unfall 136434 (2017) Kat:3",
        "year": 2017,
        "ulichtverh": "",
        "strasse": "",
        "ukategorie": "3",
        "utyp1": "1",
        "uart": "0",
        "umonat": "12",
        "ustunde": "17",
        "uwochentag": "4",
        "strzustand": "0",
        "istrad": "1",
        "istpkw": "0",
        "istfuss": "0",
        "istkrad": "0"
      }
    }
,
    {
      "type": "Feature",
      "geometry": { "type": "Point", "coordinates": [9.739455004000035, 52.380820097000026] },
      "properties": {
        "id": "136435",
        "name": "Unfall 136435 (2017) Kat:3",
        "year": 2017,
        "ulichtverh": "",
        "strasse": "",
        "ukategorie": "3",
        "utyp1": "2",
        "uart": "5",
        "umonat": "12",
        "ustunde": "15",
        "uwochentag": "4",
        "strzustand": "0",
        "istrad": "1",
        "istpkw": "0",
        "istfuss": "0",
        "istkrad": "0"
      }
    }
,
    {
      "type": "Feature",
      "geometry": { "type": "Point", "coordinates": [9.707861989000037, 52.364768298000058] },
      "properties": {
        "id": "136446",
        "name": "Unfall 136446 (2017) Kat:3",
        "year": 2017,
        "ulichtverh": "",
        "strasse": "",
        "ukategorie": "3",
        "utyp1": "1",
        "uart": "0",
        "umonat": "12",
        "ustunde": "15",
        "uwochentag": "2",
        "strzustand": "0",
        "istrad": "1",
        "istpkw": "0",
        "istfuss": "0",
        "istkrad": "0"
      }
    }
,
    {
      "type": "Feature",
      "geometry": { "type": "Point", "coordinates": [9.801678885000058, 52.408861780000052] },
      "properties": {
        "id": "136447",
        "name": "Unfall 136447 (2017) Kat:3",
        "year": 2017,
        "ulichtverh": "",
        "strasse": "",
        "ukategorie": "3",
        "utyp1": "1",
        "uart": "0",
        "umonat": "12",
        "ustunde": "01",
        "uwochentag": "2",
        "strzustand": "0",
        "istrad": "1",
        "istpkw": "0",
        "istfuss": "0",
        "istkrad": "0"
      }
    }
,
    {
      "type": "Feature",
      "geometry": { "type": "Point", "coordinates": [9.742240588000072, 52.381335026000045] },
      "properties": {
        "id": "136504",
        "name": "Unfall 136504 (2017) Kat:3",
        "year": 2017,
        "ulichtverh": "",
        "strasse": "",
        "ukategorie": "3",
        "utyp1": "2",
        "uart": "2",
        "umonat": "12",
        "ustunde": "13",
        "uwochentag": "5",
        "strzustand": "1",
        "istrad": "1",
        "istpkw": "1",
        "istfuss": "0",
        "istkrad": "0"
      }
    }
,
    {
      "type": "Feature",
      "geometry": { "type": "Point", "coordinates": [9.740609622000022, 52.374426550000067] },
      "properties": {
        "id": "136507",
        "name": "Unfall 136507 (2017) Kat:2",
        "year": 2017,
        "ulichtverh": "",
        "strasse": "",
        "ukategorie": "2",
        "utyp1": "5",
        "uart": "1",
        "umonat": "12",
        "ustunde": "20",
        "uwochentag": "5",
        "strzustand": "0",
        "istrad": "1",
        "istpkw": "1",
        "istfuss": "0",
        "istkrad": "0"
      }
    }
,
    {
      "type": "Feature",
      "geometry": { "type": "Point", "coordinates": [9.725677457000074, 52.397810180000079] },
      "properties": {
        "id": "136508",
        "name": "Unfall 136508 (2017) Kat:3",
        "year": 2017,
        "ulichtverh": "",
        "strasse": "",
        "ukategorie": "3",
        "utyp1": "2",
        "uart": "5",
        "umonat": "12",
        "ustunde": "07",
        "uwochentag": "5",
        "strzustand": "1",
        "istrad": "1",
        "istpkw": "0",
        "istfuss": "0",
        "istkrad": "0"
      }
    }
,
    {
      "type": "Feature",
      "geometry": { "type": "Point", "coordinates": [9.771892211000022, 52.417474135000077] },
      "properties": {
        "id": "136543",
        "name": "Unfall 136543 (2017) Kat:2",
        "year": 2017,
        "ulichtverh": "",
        "strasse": "",
        "ukategorie": "2",
        "utyp1": "3",
        "uart": "5",
        "umonat": "12",
        "ustunde": "14",
        "uwochentag": "4",
        "strzustand": "0",
        "istrad": "1",
        "istpkw": "1",
        "istfuss": "0",
        "istkrad": "0"
      }
    }
,
    {
      "type": "Feature",
      "geometry": { "type": "Point", "coordinates": [9.737638971000024, 52.450406668000028] },
      "properties": {
        "id": "136544",
        "name": "Unfall 136544 (2017) Kat:2",
        "year": 2017,
        "ulichtverh": "",
        "strasse": "",
        "ukategorie": "2",
        "utyp1": "3",
        "uart": "5",
        "umonat": "12",
        "ustunde": "12",
        "uwochentag": "4",
        "strzustand": "1",
        "istrad": "1",
        "istpkw": "1",
        "istfuss": "0",
        "istkrad": "0"
      }
    }
,
    {
      "type": "Feature",
      "geometry": { "type": "Point", "coordinates": [9.722537533000036, 52.362364532000072] },
      "properties": {
        "id": "136569",
        "name": "Unfall 136569 (2017) Kat:3",
        "year": 2017,
        "ulichtverh": "",
        "strasse": "",
        "ukategorie": "3",
        "utyp1": "1",
        "uart": "3",
        "umonat": "12",
        "ustunde": "09",
        "uwochentag": "3",
        "strzustand": "1",
        "istrad": "1",
        "istpkw": "0",
        "istfuss": "0",
        "istkrad": "0"
      }
    }
,
    {
      "type": "Feature",
      "geometry": { "type": "Point", "coordinates": [9.782582803000025, 52.373348670000041] },
      "properties": {
        "id": "136570",
        "name": "Unfall 136570 (2017) Kat:3",
        "year": 2017,
        "ulichtverh": "",
        "strasse": "",
        "ukategorie": "3",
        "utyp1": "3",
        "uart": "5",
        "umonat": "12",
        "ustunde": "16",
        "uwochentag": "3",
        "strzustand": "1",
        "istrad": "1",
        "istpkw": "1",
        "istfuss": "0",
        "istkrad": "0"
      }
    }
,
    {
      "type": "Feature",
      "geometry": { "type": "Point", "coordinates": [9.738065088000042, 52.381858472000033] },
      "properties": {
        "id": "136571",
        "name": "Unfall 136571 (2017) Kat:3",
        "year": 2017,
        "ulichtverh": "",
        "strasse": "",
        "ukategorie": "3",
        "utyp1": "2",
        "uart": "2",
        "umonat": "12",
        "ustunde": "16",
        "uwochentag": "3",
        "strzustand": "1",
        "istrad": "1",
        "istpkw": "1",
        "istfuss": "0",
        "istkrad": "0"
      }
    }
,
    {
      "type": "Feature",
      "geometry": { "type": "Point", "coordinates": [9.749780505000047, 52.393565147000061] },
      "properties": {
        "id": "136573",
        "name": "Unfall 136573 (2017) Kat:3",
        "year": 2017,
        "ulichtverh": "",
        "strasse": "",
        "ukategorie": "3",
        "utyp1": "5",
        "uart": "1",
        "umonat": "12",
        "ustunde": "07",
        "uwochentag": "3",
        "strzustand": "1",
        "istrad": "1",
        "istpkw": "1",
        "istfuss": "0",
        "istkrad": "0"
      }
    }
,
    {
      "type": "Feature",
      "geometry": { "type": "Point", "coordinates": [9.722366070000021, 52.388265159000071] },
      "properties": {
        "id": "136622",
        "name": "Unfall 136622 (2017) Kat:3",
        "year": 2017,
        "ulichtverh": "",
        "strasse": "",
        "ukategorie": "3",
        "utyp1": "3",
        "uart": "5",
        "umonat": "12",
        "ustunde": "16",
        "uwochentag": "1",
        "strzustand": "0",
        "istrad": "1",
        "istpkw": "1",
        "istfuss": "0",
        "istkrad": "0"
      }
    }
,
    {
      "type": "Feature",
      "geometry": { "type": "Point", "coordinates": [9.781212286000027, 52.403848317000040] },
      "properties": {
        "id": "136644",
        "name": "Unfall 136644 (2017) Kat:3",
        "year": 2017,
        "ulichtverh": "",
        "strasse": "",
        "ukategorie": "3",
        "utyp1": "3",
        "uart": "5",
        "umonat": "12",
        "ustunde": "12",
        "uwochentag": "7",
        "strzustand": "0",
        "istrad": "1",
        "istpkw": "1",
        "istfuss": "0",
        "istkrad": "0"
      }
    }
,
    {
      "type": "Feature",
      "geometry": { "type": "Point", "coordinates": [9.732570680000038, 52.376845968000055] },
      "properties": {
        "id": "136661",
        "name": "Unfall 136661 (2017) Kat:3",
        "year": 2017,
        "ulichtverh": "",
        "strasse": "",
        "ukategorie": "3",
        "utyp1": "7",
        "uart": "0",
        "umonat": "12",
        "ustunde": "21",
        "uwochentag": "6",
        "strzustand": "0",
        "istrad": "1",
        "istpkw": "0",
        "istfuss": "0",
        "istkrad": "0"
      }
    }
,
    {
      "type": "Feature",
      "geometry": { "type": "Point", "coordinates": [9.695321237000030, 52.407503065000071] },
      "properties": {
        "id": "136664",
        "name": "Unfall 136664 (2017) Kat:3",
        "year": 2017,
        "ulichtverh": "",
        "strasse": "",
        "ukategorie": "3",
        "utyp1": "1",
        "uart": "0",
        "umonat": "12",
        "ustunde": "14",
        "uwochentag": "6",
        "strzustand": "0",
        "istrad": "1",
        "istpkw": "0",
        "istfuss": "0",
        "istkrad": "0"
      }
    }
,
    {
      "type": "Feature",
      "geometry": { "type": "Point", "coordinates": [9.806321179000065, 52.417214208000075] },
      "properties": {
        "id": "136665",
        "name": "Unfall 136665 (2017) Kat:3",
        "year": 2017,
        "ulichtverh": "",
        "strasse": "",
        "ukategorie": "3",
        "utyp1": "3",
        "uart": "5",
        "umonat": "12",
        "ustunde": "16",
        "uwochentag": "6",
        "strzustand": "0",
        "istrad": "1",
        "istpkw": "1",
        "istfuss": "0",
        "istkrad": "0"
      }
    }
,
    {
      "type": "Feature",
      "geometry": { "type": "Point", "coordinates": [9.780784250000068, 52.328474867000068] },
      "properties": {
        "id": "136666",
        "name": "Unfall 136666 (2017) Kat:2",
        "year": 2017,
        "ulichtverh": "",
        "strasse": "",
        "ukategorie": "2",
        "utyp1": "3",
        "uart": "0",
        "umonat": "12",
        "ustunde": "14",
        "uwochentag": "6",
        "strzustand": "0",
        "istrad": "1",
        "istpkw": "1",
        "istfuss": "0",
        "istkrad": "0"
      }
    }
,
    {
      "type": "Feature",
      "geometry": { "type": "Point", "coordinates": [9.749243485000022, 52.390211228000055] },
      "properties": {
        "id": "136667",
        "name": "Unfall 136667 (2017) Kat:3",
        "year": 2017,
        "ulichtverh": "",
        "strasse": "",
        "ukategorie": "3",
        "utyp1": "2",
        "uart": "5",
        "umonat": "12",
        "ustunde": "10",
        "uwochentag": "6",
        "strzustand": "1",
        "istrad": "1",
        "istpkw": "1",
        "istfuss": "0",
        "istkrad": "0"
      }
    }
,
    {
      "type": "Feature",
      "geometry": { "type": "Point", "coordinates": [9.833056561000035, 52.390009035000048] },
      "properties": {
        "id": "136691",
        "name": "Unfall 136691 (2017) Kat:3",
        "year": 2017,
        "ulichtverh": "",
        "strasse": "",
        "ukategorie": "3",
        "utyp1": "7",
        "uart": "0",
        "umonat": "12",
        "ustunde": "10",
        "uwochentag": "5",
        "strzustand": "1",
        "istrad": "1",
        "istpkw": "0",
        "istfuss": "0",
        "istkrad": "0"
      }
    }
,
    {
      "type": "Feature",
      "geometry": { "type": "Point", "coordinates": [9.439957597000046, 52.498769802000027] },
      "properties": {
        "id": "136694",
        "name": "Unfall 136694 (2017) Kat:3",
        "year": 2017,
        "ulichtverh": "",
        "strasse": "",
        "ukategorie": "3",
        "utyp1": "7",
        "uart": "0",
        "umonat": "12",
        "ustunde": "09",
        "uwochentag": "5",
        "strzustand": "1",
        "istrad": "1",
        "istpkw": "0",
        "istfuss": "0",
        "istkrad": "0"
      }
    }
,
    {
      "type": "Feature",
      "geometry": { "type": "Point", "coordinates": [9.805409799000074, 52.412339667000026] },
      "properties": {
        "id": "136939",
        "name": "Unfall 136939 (2017) Kat:2",
        "year": 2017,
        "ulichtverh": "",
        "strasse": "",
        "ukategorie": "2",
        "utyp1": "2",
        "uart": "5",
        "umonat": "12",
        "ustunde": "10",
        "uwochentag": "7",
        "strzustand": "1",
        "istrad": "1",
        "istpkw": "1",
        "istfuss": "0",
        "istkrad": "0"
      }
    }
,
    {
      "type": "Feature",
      "geometry": { "type": "Point", "coordinates": [9.837259259000064, 52.396916555000075] },
      "properties": {
        "id": "136956",
        "name": "Unfall 136956 (2017) Kat:3",
        "year": 2017,
        "ulichtverh": "",
        "strasse": "",
        "ukategorie": "3",
        "utyp1": "3",
        "uart": "5",
        "umonat": "12",
        "ustunde": "12",
        "uwochentag": "6",
        "strzustand": "0",
        "istrad": "1",
        "istpkw": "1",
        "istfuss": "0",
        "istkrad": "0"
      }
    }

  ]
}
