WKT,Name,OBJECTID,UKATEGORIE,UTYP1,UART,UMONAT,USTUNDE,UWOCHENTAG,STRZUSTAND,ULICHTVERH,ISTRAD,ISTPKW,ISTFUSS,ISTKRAD
"POINT (9.613538860000062 52.392190656000082)",Unfall 8541 (2018) Kat:3, Licht: 2,8541,3,3,5,01,17,7,0,2,1,1,0,0
"POINT (9.963940036000054 52.316034063000075)",Unfall 8618 (2018) Kat:3, Licht: 1,8618,3,2,5,01,07,4,1,1,1,1,0,0
"POINT (9.697102799000049 52.341540381000073)",Unfall 8658 (2018) Kat:2, Licht: 2,8658,2,2,5,01,17,5,1,2,1,1,0,0
"POINT (9.754920941000023 52.436212711000053)",Unfall 8757 (2018) Kat:3, Licht: 0,8757,3,1,0,01,11,7,0,0,1,0,0,0
"POINT (9.956997837000074 52.318839106000041)",Unfall 8826 (2018) Kat:3, Licht: 1,8826,3,3,5,01,16,5,1,1,1,1,0,0
"POINT (9.749677945000030 52.369259496000041)",Unfall 8838 (2018) Kat:3, Licht: 2,8838,3,2,3,01,19,5,1,2,1,1,0,0
"POINT (9.726383999000063 52.380834332000063)",Unfall 9057 (2018) Kat:3, Licht: 2,9057,3,3,5,01,18,5,1,2,1,1,0,0
"POINT (9.724949776000074 52.317906574000062)",Unfall 9067 (2018) Kat:3, Licht: 0,9067,3,1,0,01,10,4,1,0,1,0,0,0
"POINT (9.588373038000043 52.437872495000079)",Unfall 9352 (2018) Kat:3, Licht: 2,9352,3,3,5,01,18,5,0,2,1,1,0,0
"POINT (9.736134349000054 52.396881220000068)",Unfall 9459 (2018) Kat:3, Licht: 0,9459,3,2,5,01,12,1,0,0,1,1,0,0
"POINT (9.733380812000064 52.417807815000060)",Unfall 9536 (2018) Kat:3, Licht: 2,9536,3,3,5,01,07,2,0,2,1,1,0,0
"POINT (9.622990705000063 52.311446990000036)",Unfall 9566 (2018) Kat:3, Licht: 2,9566,3,7,0,01,17,7,0,2,1,0,0,0
"POINT (9.687833549000061 52.553818991000071)",Unfall 9588 (2018) Kat:3, Licht: 0,9588,3,1,0,01,14,2,0,0,1,0,0,0
"POINT (9.730213768000056 52.368958507000059)",Unfall 9638 (2018) Kat:3, Licht: 2,9638,3,3,5,01,18,2,0,2,1,1,0,0
"POINT (9.429267911000068 52.427460149000069)",Unfall 9641 (2018) Kat:3, Licht: 0,9641,3,2,4,01,15,2,0,0,1,1,0,0
"POINT (9.800109616000043 52.426448424000057)",Unfall 9647 (2018) Kat:2, Licht: 0,9647,2,1,0,01,15,7,0,0,1,0,0,0
"POINT (9.733765456000072 52.472779281000044)",Unfall 9731 (2018) Kat:3, Licht: 2,9731,3,1,0,01,22,4,1,2,1,0,0,0
"POINT (9.709831524000038 52.407332623000059)",Unfall 9751 (2018) Kat:3, Licht: 2,9751,3,3,5,01,17,7,0,2,1,0,0,0
"POINT (9.733198186000038 52.419148841000037)",Unfall 9887 (2018) Kat:3, Licht: 0,9887,3,3,5,01,12,5,1,0,1,1,0,0
"POINT (9.588924036000037 52.395677916000068)",Unfall 9953 (2018) Kat:3, Licht: 2,9953,3,2,5,01,18,2,1,2,1,1,0,0
"POINT (9.449739799000042 52.426335253000047)",Unfall 10079 (2018) Kat:2, Licht: 0,10079,2,7,0,01,10,7,1,0,1,0,0,0
"POINT (9.854132872000037 52.390420123000069)",Unfall 10092 (2018) Kat:3, Licht: 0,10092,3,2,5,01,11,2,0,0,1,1,0,0
"POINT (9.721685636000075 52.327411000000041)",Unfall 10095 (2018) Kat:3, Licht: 2,10095,3,7,0,01,20,1,1,2,1,0,0,0
"POINT (10.103182304000029 52.457898459000035)",Unfall 10126 (2018) Kat:3, Licht: 2,10126,3,6,2,01,17,4,0,2,1,1,0,0
"POINT (9.754110451000031 52.311323690000052)",Unfall 10155 (2018) Kat:2, Licht: 0,10155,2,3,5,01,07,3,0,0,1,1,0,0
"POINT (9.746319642000060 52.365816404000043)",Unfall 10160 (2018) Kat:3, Licht: 0,10160,3,2,5,01,10,5,0,0,1,1,0,0
"POINT (9.970478498000034 52.314985967000041)",Unfall 10411 (2018) Kat:2, Licht: 2,10411,2,3,5,02,18,4,0,2,1,1,0,0
"POINT (9.719910027000026 52.367996995000055)",Unfall 10442 (2018) Kat:3, Licht: 2,10442,3,1,0,02,20,5,1,2,1,0,0,0
"POINT (9.479017900000031 52.506219513000076)",Unfall 10679 (2018) Kat:3, Licht: 0,10679,3,2,5,02,07,6,2,0,1,1,0,0
"POINT (9.735256307000043 52.405297676000032)",Unfall 10734 (2018) Kat:3, Licht: 1,10734,3,2,5,02,17,1,1,1,1,1,0,0
"POINT (9.506229812000072 52.413105693000034)",Unfall 10775 (2018) Kat:3, Licht: 2,10775,3,7,0,02,06,5,2,2,1,0,0,0
"POINT (9.760158217000026 52.370382382000059)",Unfall 10799 (2018) Kat:3, Licht: 0,10799,3,6,9,02,15,5,1,0,1,0,0,0
"POINT (9.482133712000064 52.293680395000081)",Unfall 10821 (2018) Kat:3, Licht: 0,10821,3,3,5,02,16,7,1,0,1,1,0,0
"POINT (9.409103559000073 52.546225477000064)",Unfall 10875 (2018) Kat:2, Licht: 0,10875,2,7,5,02,11,2,0,0,1,1,0,0
"POINT (9.609152827000060 52.439598734000072)",Unfall 10891 (2018) Kat:3, Licht: 0,10891,3,3,5,02,15,3,1,0,1,1,0,0
"POINT (10.098820627000066 52.482329478000054)",Unfall 10969 (2018) Kat:3, Licht: 0,10969,3,2,4,02,09,6,1,0,1,1,0,0
"POINT (9.724593004000042 52.380003417000069)",Unfall 11096 (2018) Kat:3, Licht: 0,11096,3,3,5,02,12,7,0,0,1,1,0,0
"POINT (9.741001518000076 52.301244469000039)",Unfall 11102 (2018) Kat:3, Licht: 0,11102,3,3,5,02,08,5,0,0,1,1,0,0
"POINT (9.798790817000054 52.478654892000066)",Unfall 11264 (2018) Kat:3, Licht: 0,11264,3,7,0,02,11,6,0,0,1,0,0,0
"POINT (9.803582849000065 52.317648936000069)",Unfall 11389 (2018) Kat:3, Licht: 0,11389,3,7,5,03,12,2,0,0,1,0,0,0
"POINT (9.574062736000030 52.421665149000034)",Unfall 11571 (2018) Kat:3, Licht: 0,11571,3,3,5,02,16,4,0,0,1,1,0,0
"POINT (9.730354169000066 52.370955628000047)",Unfall 11581 (2018) Kat:2, Licht: 0,11581,2,3,5,02,12,4,0,0,1,1,0,0
"POINT (9.706926773000021 52.411036355000078)",Unfall 11585 (2018) Kat:3, Licht: 0,11585,3,3,5,03,11,5,0,0,1,1,0,0
"POINT (9.723164565000047 52.378108761000078)",Unfall 11641 (2018) Kat:3, Licht: 2,11641,3,7,0,03,21,1,0,2,1,0,0,0
"POINT (9.799765223000065 52.408090774000073)",Unfall 11655 (2018) Kat:3, Licht: 0,11655,3,3,5,03,17,2,1,0,1,1,0,0
"POINT (9.707825281000055 52.420624128000043)",Unfall 11706 (2018) Kat:3, Licht: 0,11706,3,3,0,03,09,5,2,0,1,1,0,0
"POINT (9.730991473000074 52.382502963000036)",Unfall 11719 (2018) Kat:3, Licht: 0,11719,3,2,5,02,14,4,2,0,1,1,0,0
"POINT (9.741821074000029 52.460048674000063)",Unfall 11735 (2018) Kat:3, Licht: 0,11735,3,2,5,03,09,4,0,0,1,1,0,0
"POINT (9.708972400000050 52.420871347000059)",Unfall 11814 (2018) Kat:3, Licht: 0,11814,3,2,5,03,16,2,1,0,1,0,0,0
"POINT (9.856606826000075 52.388529933000029)",Unfall 11858 (2018) Kat:3, Licht: 0,11858,3,3,5,03,14,6,2,0,1,1,0,0
"POINT (9.593358265000063 52.437717258000077)",Unfall 11877 (2018) Kat:3, Licht: 0,11877,3,3,5,03,07,5,0,0,1,1,0,0
"POINT (9.582390427000064 52.440168470000060)",Unfall 11925 (2018) Kat:3, Licht: 0,11925,3,3,5,03,13,1,1,0,1,1,0,0
"POINT (9.805440094000062 52.408388272000082)",Unfall 12122 (2018) Kat:3, Licht: 1,12122,3,2,3,03,18,4,1,1,1,1,0,0
"POINT (9.585769008000057 52.416241378000052)",Unfall 12127 (2018) Kat:3, Licht: 1,12127,3,3,5,03,06,6,0,1,1,1,0,0
"POINT (9.817765719000022 52.299810510000043)",Unfall 12212 (2018) Kat:3, Licht: 0,12212,3,2,0,03,16,6,0,0,1,1,0,0
"POINT (9.793234096000049 52.415383505000079)",Unfall 12259 (2018) Kat:3, Licht: 0,12259,3,2,5,03,08,6,0,0,1,1,0,0
"POINT (9.686591018000058 52.378841095000041)",Unfall 12291 (2018) Kat:2, Licht: 0,12291,2,1,0,03,07,5,1,0,1,0,0,0
"POINT (9.747459631000027 52.437211006000041)",Unfall 12332 (2018) Kat:3, Licht: 0,12332,3,6,4,04,17,2,0,0,1,0,0,0
"POINT (9.745835920000047 52.369065712000065)",Unfall 12452 (2018) Kat:3, Licht: 0,12452,3,7,5,04,17,5,1,0,1,0,0,0
"POINT (9.651939766000055 52.377107405000061)",Unfall 12479 (2018) Kat:3, Licht: 0,12479,3,3,5,04,07,2,0,0,1,1,0,0
"POINT (9.667577144000063 52.341062003000047)",Unfall 12521 (2018) Kat:3, Licht: 2,12521,3,3,5,03,00,5,1,2,1,1,0,0
"POINT (9.551823824000053 52.321351867000033)",Unfall 12569 (2018) Kat:3, Licht: 0,12569,3,3,5,04,14,7,0,0,1,1,0,0
"POINT (9.860329972000045 52.384932905000028)",Unfall 12582 (2018) Kat:3, Licht: 0,12582,3,3,5,03,10,3,0,0,1,1,0,0
"POINT (9.388826331000075 52.419272248000027)",Unfall 12588 (2018) Kat:3, Licht: 0,12588,3,3,5,03,09,3,0,0,1,1,0,0
"POINT (9.976715883000054 52.402306308000050)",Unfall 12595 (2018) Kat:3, Licht: 0,12595,3,3,5,03,07,3,0,0,1,0,0,0
"POINT (9.421235378000063 52.429340130000071)",Unfall 12647 (2018) Kat:3, Licht: 0,12647,3,3,5,04,11,4,0,0,1,1,0,0
"POINT (9.733979227000077 52.386856543000079)",Unfall 12685 (2018) Kat:3, Licht: 0,12685,3,3,5,04,17,4,1,0,1,1,0,0
"POINT (9.715897983000048 52.397638515000040)",Unfall 12723 (2018) Kat:2, Licht: 2,12723,2,4,6,03,21,2,0,2,1,0,1,0
"POINT (9.615269888000057 52.290532725000048)",Unfall 12757 (2018) Kat:3, Licht: 0,12757,3,6,3,04,15,2,0,0,1,1,0,0
"POINT (9.725119723000034 52.377001298000039)",Unfall 12764 (2018) Kat:3, Licht: 0,12764,3,6,2,04,19,4,0,0,1,1,0,0
"POINT (9.722162859000036 52.378551431000062)",Unfall 12794 (2018) Kat:2, Licht: 0,12794,2,2,5,04,09,2,0,0,1,1,0,0
"POINT (9.560514018000049 52.422664289000068)",Unfall 12840 (2018) Kat:3, Licht: 0,12840,3,3,5,04,16,6,0,0,1,1,0,0
"POINT (9.744498167000074 52.369014208000067)",Unfall 12847 (2018) Kat:3, Licht: 0,12847,3,3,5,04,16,3,0,0,1,0,0,0
"POINT (9.800055689000033 52.406781329000069)",Unfall 12916 (2018) Kat:3, Licht: 0,12916,3,1,0,04,19,5,0,0,1,0,0,0
"POINT (9.474255160000041 52.389270718000034)",Unfall 12996 (2018) Kat:3, Licht: 0,12996,3,3,5,04,14,7,0,0,1,1,0,0
"POINT (9.757223037000074 52.370217015000037)",Unfall 13024 (2018) Kat:3, Licht: 0,13024,3,2,5,04,18,1,0,0,1,1,0,0
"POINT (9.732225745000051 52.369676100000049)",Unfall 13070 (2018) Kat:3, Licht: 0,13070,3,3,5,04,17,2,0,0,1,1,0,0
"POINT (9.791314634000059 52.315332338000076)",Unfall 13080 (2018) Kat:3, Licht: 0,13080,3,3,5,04,09,6,0,0,1,1,0,0
"POINT (9.963532963000034 52.365467442000067)",Unfall 13142 (2018) Kat:3, Licht: 0,13142,3,2,5,04,12,2,0,0,1,1,0,0
"POINT (9.798373447000074 52.412407173000076)",Unfall 13155 (2018) Kat:3, Licht: 0,13155,3,3,5,04,12,2,0,0,1,1,0,0
"POINT (9.928201824000041 52.347758948000035)",Unfall 13228 (2018) Kat:3, Licht: 0,13228,3,3,5,04,08,3,0,0,1,1,0,0
"POINT (9.830099658000052 52.417114613000081)",Unfall 13322 (2018) Kat:3, Licht: 0,13322,3,1,0,04,17,3,0,0,1,0,0,0
"POINT (9.733495624000057 52.438531882000063)",Unfall 13346 (2018) Kat:3, Licht: 0,13346,3,6,6,04,15,6,0,0,1,1,1,0
"POINT (9.455670967000060 52.507274833000054)",Unfall 13359 (2018) Kat:3, Licht: 0,13359,3,3,5,04,09,6,1,0,1,0,0,0
"POINT (9.733364173000041 52.438629136000031)",Unfall 13474 (2018) Kat:3, Licht: 0,13474,3,3,5,04,15,7,0,0,1,1,0,0
"POINT (9.799878057000058 52.407592842000042)",Unfall 13484 (2018) Kat:3, Licht: 0,13484,3,1,0,04,13,1,0,0,1,0,0,0
"POINT (9.973460072000023 52.370321544000035)",Unfall 13489 (2018) Kat:3, Licht: 2,13489,3,6,2,04,21,3,0,2,1,0,0,0
"POINT (9.732965997000065 52.420852165000042)",Unfall 13500 (2018) Kat:1, Licht: 0,13500,1,2,5,04,18,4,0,0,1,0,0,0
"POINT (9.750492674000043 52.360143772000072)",Unfall 13503 (2018) Kat:3, Licht: 0,13503,3,2,5,04,10,5,1,0,1,1,0,0
"POINT (9.734049142000060 52.387251260000028)",Unfall 13531 (2018) Kat:3, Licht: 0,13531,3,3,5,04,14,5,0,0,1,0,0,0
"POINT (9.623167309000053 52.272066937000034)",Unfall 13573 (2018) Kat:2, Licht: 0,13573,2,3,0,04,07,3,0,0,1,1,0,0
"POINT (9.730522568000026 52.370760284000028)",Unfall 13612 (2018) Kat:3, Licht: 0,13612,3,2,5,04,18,3,0,0,1,0,0,0
"POINT (9.817682087000037 52.362918686000057)",Unfall 13681 (2018) Kat:3, Licht: 0,13681,3,6,0,04,08,5,0,0,1,0,0,0
"POINT (9.425235953000026 52.429454430000078)",Unfall 13689 (2018) Kat:3, Licht: 0,13689,3,2,3,04,17,5,0,0,1,1,0,0
"POINT (9.431642355000065 52.422569153000040)",Unfall 13693 (2018) Kat:3, Licht: 0,13693,3,2,5,04,16,5,0,0,1,1,0,0
"POINT (9.762069892000056 52.370419653000056)",Unfall 13695 (2018) Kat:3, Licht: 0,13695,3,2,5,04,08,6,0,0,1,1,0,0
"POINT (9.482209745000034 52.302323879000028)",Unfall 13712 (2018) Kat:3, Licht: 0,13712,3,2,5,04,08,5,0,0,1,0,0,0
"POINT (9.916613891000054 52.512248632000080)",Unfall 13716 (2018) Kat:3, Licht: 0,13716,3,3,5,04,16,5,0,0,1,1,0,0
"POINT (10.013323680000042 52.443819191000046)",Unfall 13721 (2018) Kat:3, Licht: 0,13721,3,3,5,04,09,5,0,0,1,1,0,0
"POINT (9.760565407000058 52.346742423000080)",Unfall 13736 (2018) Kat:2, Licht: 0,13736,2,3,5,04,17,7,0,0,1,1,0,0
"POINT (9.658453664000035 52.388055534000046)",Unfall 13745 (2018) Kat:3, Licht: 1,13745,3,7,0,04,21,7,0,1,1,0,1,0
"POINT (9.721305393000023 52.360750302000042)",Unfall 13769 (2018) Kat:3, Licht: 0,13769,3,2,5,04,17,5,0,0,1,1,0,0
"POINT (9.680416237000031 52.371928728000057)",Unfall 13833 (2018) Kat:3, Licht: 0,13833,3,2,5,04,11,6,0,0,1,1,0,0
"POINT (9.456947794000030 52.500497006000046)",Unfall 13835 (2018) Kat:3, Licht: 0,13835,3,6,4,04,12,3,0,0,1,0,0,0
"POINT (9.675098078000076 52.381885110000042)",Unfall 13836 (2018) Kat:2, Licht: 0,13836,2,3,3,04,08,4,0,0,1,0,0,0
"POINT (9.591928337000070 52.402023840000027)",Unfall 13879 (2018) Kat:2, Licht: 0,13879,2,6,0,04,14,3,0,0,1,0,0,0
"POINT (9.515698258000043 52.278977095000073)",Unfall 13911 (2018) Kat:3, Licht: 0,13911,3,1,0,04,11,7,0,0,1,0,0,0
"POINT (9.737198763000038 52.368531442000062)",Unfall 13957 (2018) Kat:2, Licht: 0,13957,2,6,4,05,10,3,0,0,1,0,0,0
"POINT (9.456858456000020 52.486956394000060)",Unfall 13972 (2018) Kat:2, Licht: 0,13972,2,3,5,05,10,4,0,0,1,1,0,0
"POINT (9.964376307000066 52.373200015000066)",Unfall 14058 (2018) Kat:3, Licht: 0,14058,3,2,5,05,15,3,0,0,1,1,0,0
"POINT (9.731946254000036 52.369463469000038)",Unfall 14083 (2018) Kat:2, Licht: 2,14083,2,3,5,05,21,4,0,2,1,1,0,0
"POINT (9.791000092000047 52.420580493000045)",Unfall 14152 (2018) Kat:3, Licht: 0,14152,3,6,0,05,17,6,0,0,1,0,0,0
"POINT (9.593034613000043 52.211055287000079)",Unfall 14186 (2018) Kat:3, Licht: 0,14186,3,1,0,05,18,2,0,0,1,0,0,0
"POINT (9.712044357000025 52.441027869000038)",Unfall 14193 (2018) Kat:2, Licht: 0,14193,2,3,5,05,18,7,0,0,1,1,0,0
"POINT (9.466490212000053 52.454777513000067)",Unfall 14217 (2018) Kat:3, Licht: 0,14217,3,1,0,05,11,1,0,0,1,0,0,0
"POINT (9.431128508000029 52.423402017000058)",Unfall 14243 (2018) Kat:3, Licht: 0,14243,3,2,0,05,07,4,0,0,1,1,0,0
"POINT (9.737715874000060 52.368228929000054)",Unfall 14262 (2018) Kat:3, Licht: 0,14262,3,1,0,05,12,3,0,0,1,0,0,0
"POINT (9.812026365000065 52.305380764000063)",Unfall 14276 (2018) Kat:2, Licht: 0,14276,2,2,5,05,12,4,0,0,1,1,0,0
"POINT (9.611134153000023 52.392057039000065)",Unfall 14312 (2018) Kat:3, Licht: 0,14312,3,2,3,05,17,3,0,0,1,0,0,0
"POINT (9.605835136000053 52.339193178000073)",Unfall 14342 (2018) Kat:2, Licht: 0,14342,2,6,2,04,12,2,0,0,1,1,0,0
"POINT (9.618258832000038 52.405823829000042)",Unfall 14349 (2018) Kat:3, Licht: 0,14349,3,3,5,05,08,7,0,0,1,1,0,0
"POINT (9.728829553000026 52.317911313000081)",Unfall 14379 (2018) Kat:2, Licht: 0,14379,2,3,3,05,14,4,1,0,1,1,0,0
"POINT (9.566600399000038 52.458700074000035)",Unfall 14414 (2018) Kat:3, Licht: 0,14414,3,2,4,05,09,1,0,0,1,1,0,0
"POINT (9.556220777000021 52.323032592000061)",Unfall 14423 (2018) Kat:3, Licht: 0,14423,3,1,0,05,14,4,1,0,1,0,0,0
"POINT (9.733904942000038 52.309598728000026)",Unfall 14450 (2018) Kat:3, Licht: 0,14450,3,3,5,05,06,4,0,0,1,0,0,0
"POINT (9.677333360000034 52.441035553000063)",Unfall 14490 (2018) Kat:3, Licht: 0,14490,3,6,4,05,08,4,0,0,1,0,0,0
"POINT (9.453046580000034 52.510771468000030)",Unfall 14504 (2018) Kat:3, Licht: 0,14504,3,3,5,05,12,6,0,0,1,1,0,0
"POINT (9.947278499000049 52.454419185000063)",Unfall 14532 (2018) Kat:2, Licht: 0,14532,2,6,2,05,17,1,0,0,1,0,0,0
"POINT (9.609152827000060 52.439598734000072)",Unfall 14582 (2018) Kat:2, Licht: 0,14582,2,3,5,05,13,2,0,0,1,1,0,0
"POINT (9.371664718000034 52.455315794000057)",Unfall 14591 (2018) Kat:2, Licht: 0,14591,2,6,3,04,19,1,0,0,1,1,0,0
"POINT (9.440210219000051 52.417681859000027)",Unfall 14597 (2018) Kat:3, Licht: 0,14597,3,1,1,05,14,2,0,0,1,1,0,0
"POINT (9.928048055000033 52.317791958000043)",Unfall 14613 (2018) Kat:3, Licht: 0,14613,3,7,0,05,13,7,1,0,1,0,0,0
"POINT (9.650661340000056 52.391143636000038)",Unfall 14689 (2018) Kat:3, Licht: 0,14689,3,3,5,05,16,2,0,0,1,1,0,0
"POINT (9.792299575000072 52.471457879000070)",Unfall 14704 (2018) Kat:3, Licht: 0,14704,3,2,4,05,15,6,0,0,1,1,0,0
"POINT (10.107085607000045 52.382283320000056)",Unfall 14718 (2018) Kat:3, Licht: 0,14718,3,7,2,05,09,3,0,0,1,1,0,0
"POINT (9.453958750000027 52.446809898000026)",Unfall 14753 (2018) Kat:1, Licht: 0,14753,1,6,3,05,18,5,0,0,1,0,0,0
"POINT (9.627251712000032 52.423135609000042)",Unfall 14792 (2018) Kat:2, Licht: 0,14792,2,6,4,05,10,1,0,0,1,0,0,1
"POINT (9.610028659000022 52.285674068000048)",Unfall 14825 (2018) Kat:3, Licht: 2,14825,3,6,4,04,01,7,0,2,1,0,0,0
"POINT (9.616461938000043 52.354297890000055)",Unfall 14910 (2018) Kat:3, Licht: 0,14910,3,3,5,05,15,6,0,0,1,1,0,0
"POINT (9.724043180000024 52.391015506000031)",Unfall 14926 (2018) Kat:3, Licht: 0,14926,3,3,5,05,19,2,0,0,1,1,0,0
"POINT (9.730213768000056 52.368958507000059)",Unfall 14949 (2018) Kat:3, Licht: 0,14949,3,3,5,05,14,5,0,0,1,1,0,0
"POINT (9.837223251000069 52.276804957000081)",Unfall 14973 (2018) Kat:3, Licht: 0,14973,3,1,0,05,11,1,0,0,1,0,0,0
"POINT (9.779584573000022 52.327482429000042)",Unfall 15003 (2018) Kat:3, Licht: 0,15003,3,2,5,05,15,4,0,0,1,1,0,0
"POINT (9.851070466000067 52.391349699000045)",Unfall 15062 (2018) Kat:3, Licht: 0,15062,3,3,0,05,09,7,0,0,1,0,0,0
"POINT (9.782289329000037 52.371993162000081)",Unfall 15071 (2018) Kat:3, Licht: 0,15071,3,3,5,05,13,4,0,0,1,1,0,0
"POINT (9.814154596000037 52.338017289000049)",Unfall 15076 (2018) Kat:3, Licht: 0,15076,3,3,5,05,10,7,0,0,1,1,0,0
"POINT (9.398522156000070 52.455218285000058)",Unfall 15099 (2018) Kat:3, Licht: 0,15099,3,7,0,05,13,2,0,0,1,0,0,0
"POINT (9.608831042000077 52.443649916000027)",Unfall 15109 (2018) Kat:3, Licht: 0,15109,3,3,5,05,11,6,0,0,1,1,0,0
"POINT (10.117848448000075 52.358622495000077)",Unfall 15132 (2018) Kat:3, Licht: 0,15132,3,3,5,05,07,4,0,0,1,0,0,0
"POINT (9.839241289000029 52.361727346000066)",Unfall 15140 (2018) Kat:3, Licht: 0,15140,3,3,5,05,09,3,0,0,1,1,0,0
"POINT (9.614717292000023 52.568398200000047)",Unfall 15141 (2018) Kat:2, Licht: 0,15141,2,7,0,05,14,1,0,0,1,0,0,0
"POINT (9.758574609000050 52.370298518000027)",Unfall 15158 (2018) Kat:3, Licht: 0,15158,3,3,5,05,18,2,0,0,1,1,0,0
"POINT (9.762201144000073 52.370416629000033)",Unfall 15187 (2018) Kat:3, Licht: 0,15187,3,2,3,05,17,3,0,0,1,1,0,0
"POINT (9.792619562000027 52.314372458000037)",Unfall 15214 (2018) Kat:3, Licht: 0,15214,3,6,6,05,13,2,0,0,1,0,1,0
"POINT (9.775994550000064 52.553365137000071)",Unfall 15244 (2018) Kat:3, Licht: 0,15244,3,7,0,05,11,7,0,0,1,0,0,0
"POINT (9.635492947000046 52.245229453000036)",Unfall 15248 (2018) Kat:3, Licht: 0,15248,3,7,0,05,09,1,0,0,1,0,0,0
"POINT (9.748048335000021 52.452715617000081)",Unfall 15267 (2018) Kat:3, Licht: 0,15267,3,7,0,05,17,2,0,0,1,0,0,0
"POINT (9.728448432000050 52.368009432000065)",Unfall 15316 (2018) Kat:3, Licht: 0,15316,3,2,4,05,10,2,0,0,1,1,0,0
"POINT (9.733855439000024 52.413941012000066)",Unfall 15330 (2018) Kat:3, Licht: 0,15330,3,3,5,05,10,2,0,0,1,1,0,0
"POINT (9.536817460000066 52.305700333000061)",Unfall 15333 (2018) Kat:3, Licht: 0,15333,3,7,7,05,18,7,0,0,1,0,0,0
"POINT (9.753986699000052 52.370034940000039)",Unfall 15336 (2018) Kat:3, Licht: 0,15336,3,7,0,05,15,6,0,0,1,0,0,0
"POINT (9.821192189000044 52.339144774000033)",Unfall 15380 (2018) Kat:3, Licht: 0,15380,3,2,5,05,16,5,0,0,1,1,0,0
"POINT (9.724225142000023 52.379770791000055)",Unfall 15388 (2018) Kat:3, Licht: 0,15388,3,2,3,05,11,5,0,0,1,0,0,0
"POINT (9.822667781000064 52.384391940000057)",Unfall 15402 (2018) Kat:3, Licht: 0,15402,3,7,0,05,16,5,0,0,1,0,0,0
"POINT (9.818074535000051 52.297282256000074)",Unfall 15405 (2018) Kat:3, Licht: 0,15405,3,6,4,05,14,3,0,0,1,0,0,0
"POINT (9.619176944000060 52.406067179000047)",Unfall 15451 (2018) Kat:3, Licht: 0,15451,3,3,5,05,08,2,0,0,1,1,0,0
"POINT (9.863277792000076 52.473687679000079)",Unfall 15456 (2018) Kat:3, Licht: 0,15456,3,2,5,05,15,3,0,0,1,1,0,0
"POINT (9.726204806000055 52.388486175000082)",Unfall 15532 (2018) Kat:3, Licht: 0,15532,3,2,5,05,11,2,0,0,1,1,0,0
"POINT (9.736058538000066 52.400234937000050)",Unfall 15597 (2018) Kat:3, Licht: 0,15597,3,6,4,06,11,3,0,0,1,1,0,0
"POINT (9.764834071000053 52.342736269000056)",Unfall 15615 (2018) Kat:3, Licht: 0,15615,3,3,5,06,07,3,0,0,1,1,0,0
"POINT (9.732584935000034 52.383715933000076)",Unfall 15616 (2018) Kat:3, Licht: 0,15616,3,6,2,05,12,5,0,0,1,0,0,0
"POINT (9.476001253000050 52.511059229000068)",Unfall 15621 (2018) Kat:3, Licht: 0,15621,3,3,5,05,14,5,0,0,1,1,0,0
"POINT (9.977071675000047 52.375221225000075)",Unfall 15626 (2018) Kat:3, Licht: 0,15626,3,7,0,05,15,5,0,0,1,0,0,0
"POINT (9.831626863000054 52.399087023000050)",Unfall 15636 (2018) Kat:3, Licht: 0,15636,3,3,5,06,11,7,0,0,1,0,0,0
"POINT (9.785202228000060 52.200429206000081)",Unfall 15679 (2018) Kat:3, Licht: 0,15679,3,3,0,06,19,6,0,0,1,0,0,0
"POINT (9.726351017000070 52.380819971000051)",Unfall 15715 (2018) Kat:3, Licht: 2,15715,3,3,5,05,22,3,0,2,1,1,0,0
"POINT (9.485725089000027 52.269553726000026)",Unfall 15718 (2018) Kat:2, Licht: 0,15718,2,6,2,06,15,7,0,0,1,1,0,1
"POINT (9.846102382000026 52.329906553000058)",Unfall 15787 (2018) Kat:3, Licht: 0,15787,3,2,3,05,18,4,0,0,1,1,0,0
"POINT (9.775535823000041 52.193825591000063)",Unfall 15789 (2018) Kat:3, Licht: 0,15789,3,7,0,05,16,4,0,0,1,0,0,0
"POINT (9.963665857000024 52.314001859000030)",Unfall 15797 (2018) Kat:3, Licht: 0,15797,3,3,5,05,09,4,0,0,1,1,0,0
"POINT (9.714009184000076 52.314837252000075)",Unfall 15808 (2018) Kat:2, Licht: 0,15808,2,2,3,05,13,4,0,0,1,1,0,0
"POINT (9.722557975000029 52.358059751000042)",Unfall 15809 (2018) Kat:3, Licht: 2,15809,3,3,5,06,23,7,0,2,1,0,0,0
"POINT (9.813847519000035 52.365003437000041)",Unfall 15813 (2018) Kat:3, Licht: 0,15813,3,3,5,05,07,4,0,0,1,1,0,0
"POINT (9.817919831000040 52.409263730000077)",Unfall 15815 (2018) Kat:3, Licht: 0,15815,3,7,0,06,12,2,0,0,1,0,0,0
"POINT (9.765526322000028 52.341532472000040)",Unfall 15874 (2018) Kat:3, Licht: 0,15874,3,2,5,06,07,3,0,0,1,0,0,0
"POINT (9.734593901000039 52.391458642000032)",Unfall 15884 (2018) Kat:3, Licht: 0,15884,3,2,5,06,15,4,0,0,1,1,0,0
"POINT (9.573955139000077 52.643093461000035)",Unfall 15896 (2018) Kat:3, Licht: 0,15896,3,1,0,06,07,7,0,0,1,0,0,0
"POINT (10.014832149000028 52.451784528000076)",Unfall 15929 (2018) Kat:2, Licht: 0,15929,2,7,5,06,19,1,0,0,1,1,0,0
"POINT (9.975651958000071 52.372485167000036)",Unfall 15964 (2018) Kat:3, Licht: 0,15964,3,3,5,06,12,4,0,0,1,1,0,0
"POINT (9.954236888000025 52.321787649000044)",Unfall 15972 (2018) Kat:3, Licht: 0,15972,3,2,5,05,12,3,0,0,1,1,0,0
"POINT (9.897972620000076 52.350511858000061)",Unfall 16000 (2018) Kat:3, Licht: 0,16000,3,3,5,06,20,3,0,0,1,0,0,0
"POINT (9.591121984000040 52.399579115000051)",Unfall 16036 (2018) Kat:3, Licht: 0,16036,3,3,5,06,15,6,0,0,1,1,0,0
"POINT (9.747518681000031 52.452713587000062)",Unfall 16047 (2018) Kat:3, Licht: 1,16047,3,7,0,06,21,6,0,1,1,0,0,0
"POINT (9.732131886000047 52.369107720000045)",Unfall 16050 (2018) Kat:3, Licht: 0,16050,3,7,8,06,15,6,0,0,1,1,0,0
"POINT (9.790114601000028 52.467635480000069)",Unfall 16051 (2018) Kat:3, Licht: 0,16051,3,3,0,06,15,6,0,0,1,1,0,0
"POINT (9.694647764000024 52.419603582000036)",Unfall 16055 (2018) Kat:2, Licht: 2,16055,2,3,5,06,23,4,0,2,1,1,0,0
"POINT (9.740407854000068 52.461701938000033)",Unfall 16058 (2018) Kat:3, Licht: 2,16058,3,6,6,06,00,1,0,2,1,0,1,0
"POINT (9.626705045000051 52.211435790000053)",Unfall 16123 (2018) Kat:3, Licht: 0,16123,3,3,5,06,20,4,0,0,1,1,0,0
"POINT (9.945606054000052 52.441842216000055)",Unfall 16145 (2018) Kat:1, Licht: 0,16145,1,1,9,06,16,4,0,0,1,0,0,0
"POINT (9.669006697000043 52.345723010000029)",Unfall 16180 (2018) Kat:2, Licht: 0,16180,2,3,5,06,07,7,0,0,1,1,0,0
"POINT (9.691874609000024 52.360930927000027)",Unfall 16181 (2018) Kat:3, Licht: 0,16181,3,6,6,06,08,2,0,0,1,0,1,0
"POINT (9.754315454000050 52.355355114000076)",Unfall 16232 (2018) Kat:3, Licht: 0,16232,3,2,3,06,16,5,0,0,1,1,0,0
"POINT (9.700034400000050 52.416219159000036)",Unfall 16241 (2018) Kat:3, Licht: 0,16241,3,2,5,06,13,5,0,0,1,1,0,0
"POINT (9.554408266000053 52.401613072000032)",Unfall 16247 (2018) Kat:3, Licht: 0,16247,3,3,5,06,11,5,0,0,1,1,0,0
"POINT (9.610609787000044 52.296749148000060)",Unfall 16252 (2018) Kat:3, Licht: 0,16252,3,1,2,06,15,1,0,0,1,0,0,0
"POINT (9.628769602000034 52.561711530000082)",Unfall 16259 (2018) Kat:3, Licht: 0,16259,3,6,3,06,20,5,0,0,1,0,0,0
"POINT (9.602298835000056 52.199983998000050)",Unfall 16282 (2018) Kat:3, Licht: 0,16282,3,5,1,06,14,2,0,0,1,1,0,0
"POINT (9.431980241000076 52.422425959000066)",Unfall 16323 (2018) Kat:3, Licht: 0,16323,3,3,5,06,08,4,0,0,1,1,0,0
"POINT (9.741314867000028 52.299695469000028)",Unfall 16331 (2018) Kat:3, Licht: 0,16331,3,5,5,06,08,5,0,0,1,1,0,0
"POINT (9.809306982000067 52.379550214000062)",Unfall 16376 (2018) Kat:2, Licht: 0,16376,2,6,6,06,12,7,0,0,1,0,1,0
"POINT (9.740206014000023 52.368028656000035)",Unfall 16377 (2018) Kat:3, Licht: 0,16377,3,2,0,06,15,2,0,0,1,1,0,0
"POINT (9.517984779000074 52.407015823000052)",Unfall 16443 (2018) Kat:3, Licht: 0,16443,3,2,5,06,15,7,0,0,1,1,0,0
"POINT (9.690626987000030 52.376962790000050)",Unfall 16487 (2018) Kat:2, Licht: 0,16487,2,3,5,06,07,3,1,0,1,1,0,0
"POINT (9.671657546000063 52.382442558000037)",Unfall 16501 (2018) Kat:3, Licht: 0,16501,3,2,3,06,07,5,0,0,1,1,0,0
"POINT (9.743477397000049 52.368131307000056)",Unfall 16527 (2018) Kat:2, Licht: 2,16527,2,1,0,06,23,5,0,2,1,0,0,0
"POINT (9.814174067000067 52.338020350000079)",Unfall 16543 (2018) Kat:3, Licht: 0,16543,3,7,0,06,16,4,0,0,1,0,0,0
"POINT (9.711185723000028 52.405758663000029)",Unfall 16561 (2018) Kat:3, Licht: 0,16561,3,3,5,06,14,2,0,0,1,1,0,0
"POINT (9.608540532000063 52.392526504000045)",Unfall 16570 (2018) Kat:3, Licht: 0,16570,3,7,0,06,14,7,0,0,1,1,0,0
"POINT (9.646401970000056 52.401097230000062)",Unfall 16654 (2018) Kat:3, Licht: 0,16654,3,2,3,06,16,4,0,0,1,1,0,0
"POINT (9.695234637000056 52.374772938000035)",Unfall 16691 (2018) Kat:3, Licht: 0,16691,3,3,0,06,21,3,0,0,1,0,1,0
"POINT (9.562773890000074 52.459201079000081)",Unfall 16715 (2018) Kat:3, Licht: 0,16715,3,3,5,06,07,7,1,0,1,1,0,0
"POINT (9.783437180000021 52.323229308000066)",Unfall 16805 (2018) Kat:3, Licht: 0,16805,3,3,5,06,17,3,0,0,1,1,0,0
"POINT (9.680455979000044 52.380943598000044)",Unfall 16820 (2018) Kat:3, Licht: 0,16820,3,3,5,06,15,6,0,0,1,1,0,0
"POINT (9.732345553000073 52.383433044000071)",Unfall 16823 (2018) Kat:3, Licht: 0,16823,3,3,5,06,13,1,0,0,1,1,0,0
"POINT (9.752378381000028 52.357697276000067)",Unfall 16829 (2018) Kat:3, Licht: 2,16829,3,7,3,06,23,7,0,2,1,1,0,0
"POINT (9.678034093000065 52.367192424000052)",Unfall 16848 (2018) Kat:3, Licht: 0,16848,3,1,0,06,14,2,0,0,1,0,0,0
"POINT (9.859215505000066 52.487234996000041)",Unfall 16871 (2018) Kat:3, Licht: 0,16871,3,3,5,06,11,2,0,0,1,1,0,0
"POINT (9.815166447000024 52.363735265000059)",Unfall 16877 (2018) Kat:3, Licht: 0,16877,3,3,5,06,20,5,0,0,1,1,0,0
"POINT (9.721809257000075 52.391710870000054)",Unfall 16884 (2018) Kat:3, Licht: 0,16884,3,3,5,06,17,2,0,0,1,1,0,0
"POINT (9.585172897000064 52.278245653000056)",Unfall 16896 (2018) Kat:2, Licht: 0,16896,2,3,0,06,18,2,0,0,1,0,0,1
"POINT (9.827079837000042 52.342140079000046)",Unfall 16900 (2018) Kat:3, Licht: 0,16900,3,3,0,06,14,6,0,0,1,0,0,0
"POINT (9.945577382000067 52.333320226000069)",Unfall 16909 (2018) Kat:3, Licht: 0,16909,3,3,5,06,14,6,0,0,1,1,0,0
"POINT (9.744762705000028 52.367463184000030)",Unfall 16923 (2018) Kat:3, Licht: 0,16923,3,3,5,06,14,6,0,0,1,1,0,0
"POINT (9.782187826000040 52.371967282000071)",Unfall 16926 (2018) Kat:3, Licht: 0,16926,3,3,5,06,07,6,0,0,1,1,0,0
"POINT (9.743402579000076 52.368351623000081)",Unfall 16945 (2018) Kat:3, Licht: 0,16945,3,3,5,06,15,3,0,0,1,1,0,0
"POINT (9.600158945000032 52.319711962000042)",Unfall 16946 (2018) Kat:2, Licht: 0,16946,2,3,5,06,13,7,1,0,1,1,0,0
"POINT (9.726419874000044 52.388361555000074)",Unfall 16970 (2018) Kat:3, Licht: 0,16970,3,2,0,06,15,3,0,0,1,1,0,0
"POINT (9.814825185000075 52.364024097000026)",Unfall 16988 (2018) Kat:3, Licht: 0,16988,3,6,3,06,15,5,0,0,1,0,0,0
"POINT (9.420052816000066 52.425143227000035)",Unfall 17026 (2018) Kat:3, Licht: 0,17026,3,3,5,07,18,3,0,0,1,1,0,0
"POINT (9.732801823000045 52.369343145000073)",Unfall 17047 (2018) Kat:3, Licht: 0,17047,3,6,2,06,19,6,0,0,1,0,0,0
"POINT (9.677981968000040 52.360439891000055)",Unfall 17071 (2018) Kat:2, Licht: 0,17071,2,3,5,06,13,6,0,0,1,1,0,0
"POINT (9.665053565000051 52.338964873000066)",Unfall 17081 (2018) Kat:2, Licht: 0,17081,2,1,8,07,19,7,0,0,1,0,0,0
"POINT (9.849603618000060 52.391947516000073)",Unfall 17113 (2018) Kat:3, Licht: 0,17113,3,3,5,07,10,2,0,0,1,1,0,0
"POINT (9.625905565000039 52.394068043000061)",Unfall 17125 (2018) Kat:3, Licht: 0,17125,3,3,0,07,18,5,0,0,1,1,0,0
"POINT (9.860856242000068 52.493639790000032)",Unfall 17163 (2018) Kat:3, Licht: 0,17163,3,2,5,06,18,7,0,0,1,1,0,0
"POINT (9.802336279000031 52.557917374000056)",Unfall 17197 (2018) Kat:3, Licht: 0,17197,3,6,3,07,11,2,0,0,1,1,0,0
"POINT (9.731552117000035 52.432374849000041)",Unfall 17285 (2018) Kat:3, Licht: 0,17285,3,3,5,07,13,3,0,0,1,1,0,0
"POINT (9.603215714000044 52.331686783000066)",Unfall 17298 (2018) Kat:3, Licht: 0,17298,3,7,7,07,10,5,0,0,1,0,0,0
"POINT (9.951079959000026 52.359053957000071)",Unfall 17352 (2018) Kat:3, Licht: 0,17352,3,1,0,07,14,7,0,0,1,0,0,0
"POINT (9.732359807000023 52.383453421000070)",Unfall 17358 (2018) Kat:3, Licht: 0,17358,3,2,5,06,18,5,0,0,1,0,0,0
"POINT (9.597104070000057 52.436184601000036)",Unfall 17392 (2018) Kat:3, Licht: 0,17392,3,6,4,07,06,6,0,0,1,0,0,0
"POINT (9.781350651000025 52.334409812000047)",Unfall 17400 (2018) Kat:3, Licht: 0,17400,3,1,0,07,20,5,0,0,1,0,0,0
"POINT (9.730388903000062 52.545584257000030)",Unfall 17438 (2018) Kat:3, Licht: 0,17438,3,3,5,06,10,7,0,0,1,1,0,0
"POINT (9.740259781000077 52.368259100000046)",Unfall 17489 (2018) Kat:2, Licht: 0,17489,2,2,5,07,18,7,0,0,1,1,0,0
"POINT (9.831221800000037 52.385768638000059)",Unfall 17491 (2018) Kat:3, Licht: 1,17491,3,3,5,07,20,2,0,1,1,1,0,0
"POINT (9.537004067000055 52.401362239000036)",Unfall 17582 (2018) Kat:3, Licht: 0,17582,3,1,0,06,16,4,1,0,1,0,0,0
"POINT (9.472746688000029 52.264484652000078)",Unfall 17585 (2018) Kat:3, Licht: 0,17585,3,7,2,06,20,4,0,0,1,0,0,1
"POINT (9.609013972000071 52.443197383000040)",Unfall 17589 (2018) Kat:3, Licht: 0,17589,3,3,5,06,11,4,0,0,1,1,0,0
"POINT (9.455734947000053 52.485062164000055)",Unfall 17628 (2018) Kat:3, Licht: 0,17628,3,7,0,07,11,7,0,0,1,0,0,0
"POINT (9.678122440000038 52.435962571000061)",Unfall 17686 (2018) Kat:3, Licht: 0,17686,3,6,2,07,18,4,0,0,1,0,0,0
"POINT (9.864172314000030 52.434278952000057)",Unfall 17695 (2018) Kat:3, Licht: 0,17695,3,3,0,07,07,3,0,0,1,0,0,0
"POINT (9.735210120000033 52.405740070000036)",Unfall 17728 (2018) Kat:3, Licht: 0,17728,3,3,5,07,10,6,0,0,1,1,0,0
"POINT (9.697075016000042 52.375143388000026)",Unfall 17746 (2018) Kat:3, Licht: 0,17746,3,2,5,07,12,5,0,0,1,1,0,0
"POINT (9.736174757000072 52.399407810000071)",Unfall 17752 (2018) Kat:3, Licht: 0,17752,3,2,5,07,08,4,0,0,1,1,0,0
"POINT (9.736068907000060 52.368514266000034)",Unfall 17760 (2018) Kat:2, Licht: 0,17760,2,2,5,07,12,6,0,0,1,1,0,0
"POINT (9.727793456000029 52.438927422000063)",Unfall 17770 (2018) Kat:3, Licht: 0,17770,3,7,0,07,18,5,0,0,1,0,0,0
"POINT (9.862238597000044 52.366176437000036)",Unfall 17789 (2018) Kat:3, Licht: 0,17789,3,2,5,07,13,2,0,0,1,0,0,0
"POINT (9.778022321000037 52.327799263000031)",Unfall 17862 (2018) Kat:3, Licht: 2,17862,3,1,8,07,23,3,0,2,1,0,0,0
"POINT (9.779396333000022 52.371347989000071)",Unfall 17882 (2018) Kat:3, Licht: 0,17882,3,3,5,07,16,4,0,0,1,1,0,0
"POINT (9.768534958000032 52.338085954000064)",Unfall 17926 (2018) Kat:3, Licht: 0,17926,3,2,5,07,18,1,0,0,1,1,0,0
"POINT (9.737687669000025 52.304738104000080)",Unfall 17943 (2018) Kat:3, Licht: 0,17943,3,1,0,07,11,7,0,0,1,0,0,0
"POINT (9.722543475000066 52.378643624000063)",Unfall 17946 (2018) Kat:3, Licht: 2,17946,3,1,0,07,02,2,0,2,1,0,0,0
"POINT (9.735152916000061 52.406295291000049)",Unfall 17968 (2018) Kat:3, Licht: 0,17968,3,3,5,07,13,5,0,0,1,1,0,0
"POINT (9.464743312000053 52.513016076000042)",Unfall 18008 (2018) Kat:3, Licht: 0,18008,3,2,5,07,18,6,0,0,1,1,0,0
"POINT (9.852860642000053 52.390617089000045)",Unfall 18020 (2018) Kat:3, Licht: 0,18020,3,3,5,07,18,4,0,0,1,1,0,0
"POINT (9.589290825000035 52.397082408000074)",Unfall 18023 (2018) Kat:3, Licht: 0,18023,3,6,4,07,06,4,1,0,1,0,0,0
"POINT (9.753638497000054 52.547539253000082)",Unfall 18032 (2018) Kat:3, Licht: 0,18032,3,6,4,07,11,4,1,0,1,1,0,0
"POINT (9.856175346000043 52.492145454000081)",Unfall 18047 (2018) Kat:3, Licht: 0,18047,3,3,5,07,15,6,0,0,1,1,0,0
"POINT (9.723896072000059 52.379551117000062)",Unfall 18060 (2018) Kat:3, Licht: 0,18060,3,3,5,07,13,3,0,0,1,1,0,0
"POINT (9.611675396000067 52.436611276000065)",Unfall 18171 (2018) Kat:3, Licht: 0,18171,3,5,5,07,09,6,0,0,1,1,0,0
"POINT (9.713246940000033 52.314751272000080)",Unfall 18218 (2018) Kat:3, Licht: 0,18218,3,2,5,07,17,6,0,0,1,1,0,0
"POINT (9.765797339000073 52.341537411000047)",Unfall 18237 (2018) Kat:3, Licht: 0,18237,3,3,5,07,16,3,1,0,1,1,0,0
"POINT (9.667339645000027 52.340460065000059)",Unfall 18257 (2018) Kat:3, Licht: 0,18257,3,3,5,07,18,6,0,0,1,1,0,0
"POINT (9.361190066000063 52.453930263000075)",Unfall 18295 (2018) Kat:3, Licht: 0,18295,3,2,3,07,18,5,0,0,1,1,0,0
"POINT (9.771452860000068 52.175074749000032)",Unfall 18326 (2018) Kat:3, Licht: 0,18326,3,1,4,07,11,1,0,0,1,1,0,0
"POINT (9.772301904000074 52.520481167000071)",Unfall 18331 (2018) Kat:3, Licht: 0,18331,3,7,0,07,10,5,0,0,1,0,0,0
"POINT (9.526902410000048 52.271097382000050)",Unfall 18344 (2018) Kat:3, Licht: 0,18344,3,7,0,07,07,6,0,0,1,0,0,0
"POINT (9.717097698000032 52.346366974000034)",Unfall 18424 (2018) Kat:3, Licht: 0,18424,3,2,5,07,12,4,0,0,1,1,0,0
"POINT (9.648985876000040 52.396108408000032)",Unfall 18464 (2018) Kat:2, Licht: 0,18464,2,1,0,07,13,6,0,0,1,0,0,0
"POINT (9.925613809000026 52.317102817000034)",Unfall 18473 (2018) Kat:3, Licht: 0,18473,3,2,5,07,17,5,0,0,1,1,0,1
"POINT (9.734133749000023 52.369068679000065)",Unfall 18483 (2018) Kat:3, Licht: 0,18483,3,2,5,07,07,3,0,0,1,1,0,0
"POINT (9.708824688000050 52.408507891000056)",Unfall 18504 (2018) Kat:3, Licht: 0,18504,3,2,5,07,08,2,0,0,1,1,0,0
"POINT (9.734176749000028 52.438592552000046)",Unfall 18513 (2018) Kat:3, Licht: 0,18513,3,2,5,07,07,3,0,0,1,1,0,0
"POINT (9.529691586000070 52.409166141000071)",Unfall 18562 (2018) Kat:3, Licht: 0,18562,3,3,5,08,08,4,0,0,1,1,0,0
"POINT (9.777771655000038 52.195260323000070)",Unfall 18586 (2018) Kat:3, Licht: 0,18586,3,1,0,08,12,5,0,0,1,0,0,0
"POINT (9.714680152000028 52.366579048000062)",Unfall 18598 (2018) Kat:2, Licht: 0,18598,2,1,0,08,06,7,0,0,1,0,0,0
"POINT (9.727191143000027 52.530130969000027)",Unfall 18650 (2018) Kat:3, Licht: 0,18650,3,7,0,08,20,4,0,0,1,1,0,0
"POINT (9.707514006000054 52.279485075000082)",Unfall 18697 (2018) Kat:3, Licht: 0,18697,3,2,5,07,07,2,0,0,1,1,0,0
"POINT (9.945313714000065 52.333433372000059)",Unfall 18728 (2018) Kat:3, Licht: 0,18728,3,3,5,08,09,6,0,0,1,1,0,0
"POINT (9.823423812000044 52.384236430000044)",Unfall 18731 (2018) Kat:3, Licht: 0,18731,3,2,5,07,12,2,0,0,1,0,0,0
"POINT (9.809330859000056 52.369108889000074)",Unfall 18799 (2018) Kat:3, Licht: 0,18799,3,2,4,08,10,2,0,0,1,1,0,0
"POINT (9.720370878000040 52.391500939000082)",Unfall 18856 (2018) Kat:3, Licht: 2,18856,3,1,0,07,01,3,0,2,1,0,0,0
"POINT (9.829214215000036 52.339592826000057)",Unfall 18857 (2018) Kat:2, Licht: 0,18857,2,7,0,08,17,4,0,0,1,0,0,0
"POINT (9.431972206000069 52.422428489000026)",Unfall 18885 (2018) Kat:2, Licht: 0,18885,2,6,3,07,12,3,0,0,1,1,0,0
"POINT (9.698703517000070 52.421005878000074)",Unfall 18959 (2018) Kat:3, Licht: 0,18959,3,7,0,08,13,2,0,0,1,0,0,0
"POINT (9.378165907000039 52.456232145000058)",Unfall 18983 (2018) Kat:3, Licht: 0,18983,3,3,0,07,12,1,0,0,1,1,0,0
"POINT (9.647403430000054 52.413455665000072)",Unfall 18994 (2018) Kat:3, Licht: 0,18994,3,3,5,07,19,1,0,0,1,1,0,0
"POINT (9.804168776000040 52.370354958000064)",Unfall 19001 (2018) Kat:3, Licht: 0,19001,3,3,5,07,14,1,0,0,1,1,0,0
"POINT (9.692708909000032 52.361027109000077)",Unfall 19014 (2018) Kat:3, Licht: 0,19014,3,3,5,07,16,3,0,0,1,1,0,0
"POINT (9.736095594000062 52.368509665000033)",Unfall 19097 (2018) Kat:3, Licht: 0,19097,3,3,5,08,18,6,0,0,1,1,0,0
"POINT (9.884468259000073 52.436798393000061)",Unfall 19112 (2018) Kat:3, Licht: 0,19112,3,6,4,08,07,5,0,0,1,0,0,0
"POINT (9.734928704000026 52.391657716000054)",Unfall 19147 (2018) Kat:2, Licht: 2,19147,2,2,5,08,22,1,0,2,1,1,0,0
"POINT (9.855923578000045 52.491967603000035)",Unfall 19253 (2018) Kat:2, Licht: 0,19253,2,1,0,07,17,7,0,0,1,0,0,0
"POINT (9.722984760000031 52.368233915000076)",Unfall 19271 (2018) Kat:3, Licht: 0,19271,3,2,5,08,16,5,1,0,1,1,0,0
"POINT (9.371013683000058 52.415899323000076)",Unfall 19279 (2018) Kat:3, Licht: 0,19279,3,1,2,08,14,1,0,0,1,1,0,0
"POINT (9.570050291000030 52.452506602000028)",Unfall 19281 (2018) Kat:3, Licht: 0,19281,3,3,5,08,11,5,0,0,1,1,0,0
"POINT (9.766457453000044 52.572240467000029)",Unfall 19315 (2018) Kat:3, Licht: 0,19315,3,7,0,08,18,3,0,0,1,0,0,0
"POINT (9.730148061000023 52.368929791000028)",Unfall 19347 (2018) Kat:3, Licht: 0,19347,3,3,5,08,08,3,0,0,1,1,0,0
"POINT (9.971087741000076 52.389464699000030)",Unfall 19373 (2018) Kat:3, Licht: 0,19373,3,3,5,08,15,1,0,0,1,0,0,1
"POINT (9.980784741000036 52.374735733000080)",Unfall 19384 (2018) Kat:3, Licht: 0,19384,3,2,5,08,09,5,1,0,1,1,0,0
"POINT (9.733539576000055 52.369172754000033)",Unfall 19399 (2018) Kat:3, Licht: 0,19399,3,3,5,08,10,2,1,0,1,1,0,0
"POINT (9.781331026000032 52.371575991000043)",Unfall 19400 (2018) Kat:3, Licht: 2,19400,3,1,0,08,00,5,0,2,1,0,0,0
"POINT (9.353120037000053 52.442965136000055)",Unfall 19414 (2018) Kat:3, Licht: 2,19414,3,6,6,08,00,7,0,2,1,0,1,0
"POINT (9.723478134000061 52.368045874000074)",Unfall 19417 (2018) Kat:3, Licht: 0,19417,3,6,4,08,08,5,0,0,1,0,0,0
"POINT (9.733594352000068 52.437358037000081)",Unfall 19430 (2018) Kat:2, Licht: 0,19430,2,3,5,08,16,5,0,0,1,1,0,0
"POINT (9.614181049000024 52.430518069000073)",Unfall 19433 (2018) Kat:3, Licht: 0,19433,3,3,5,08,19,6,0,0,1,1,0,0
"POINT (9.847712312000056 52.392740621000030)",Unfall 19474 (2018) Kat:3, Licht: 0,19474,3,3,5,08,08,5,0,0,1,0,0,0
"POINT (9.716251920000047 52.366860386000042)",Unfall 19485 (2018) Kat:3, Licht: 0,19485,3,5,0,08,16,3,0,0,1,1,0,0
"POINT (9.646153529000060 52.403909712000029)",Unfall 19487 (2018) Kat:3, Licht: 0,19487,3,2,5,08,18,3,0,0,1,1,0,0
"POINT (9.842279675000043 52.388078112000073)",Unfall 19497 (2018) Kat:3, Licht: 0,19497,3,3,5,08,13,3,1,0,1,1,0,0
"POINT (9.727558547000058 52.590242347000071)",Unfall 19503 (2018) Kat:3, Licht: 0,19503,3,3,5,08,07,4,0,0,1,1,0,0
"POINT (9.722667421000040 52.378375696000035)",Unfall 19533 (2018) Kat:3, Licht: 0,19533,3,6,4,08,14,3,0,0,1,0,0,0
"POINT (9.725095892000070 52.317938472000037)",Unfall 19574 (2018) Kat:3, Licht: 0,19574,3,1,0,08,12,1,0,0,1,0,0,0
"POINT (9.467915902000073 52.424369492000039)",Unfall 19575 (2018) Kat:3, Licht: 0,19575,3,3,5,08,17,5,0,0,1,0,0,0
"POINT (9.714704053000048 52.360934829000030)",Unfall 19576 (2018) Kat:1, Licht: 0,19576,1,3,5,08,10,5,0,0,1,1,0,0
"POINT (9.833286286000032 52.338254049000057)",Unfall 19589 (2018) Kat:3, Licht: 0,19589,3,3,5,08,09,2,1,0,1,1,0,0
"POINT (9.860723592000056 52.384128742000030)",Unfall 19595 (2018) Kat:3, Licht: 0,19595,3,6,2,08,14,4,0,0,1,0,0,0
"POINT (9.459864787000072 52.306407100000058)",Unfall 19630 (2018) Kat:2, Licht: 0,19630,2,7,0,08,09,5,0,0,1,0,0,0
"POINT (9.732338529000060 52.369449061000068)",Unfall 19635 (2018) Kat:3, Licht: 0,19635,3,3,0,08,16,4,0,0,1,0,0,0
"POINT (9.707518959000026 52.410351501000036)",Unfall 19675 (2018) Kat:3, Licht: 0,19675,3,5,0,08,15,5,0,0,1,0,0,0
"POINT (9.465124854000067 52.398105715000042)",Unfall 19676 (2018) Kat:3, Licht: 0,19676,3,3,0,08,11,1,0,0,1,1,0,0
"POINT (9.956372664000071 52.319165636000037)",Unfall 19678 (2018) Kat:3, Licht: 2,19678,3,6,6,08,21,6,0,2,1,0,1,0
"POINT (9.695234637000056 52.374772938000035)",Unfall 19680 (2018) Kat:3, Licht: 0,19680,3,2,5,08,09,4,0,0,1,1,0,0
"POINT (9.523395480000033 52.460115968000082)",Unfall 19715 (2018) Kat:3, Licht: 0,19715,3,3,5,08,07,4,0,0,1,1,0,0
"POINT (9.455719102000046 52.505038059000071)",Unfall 19724 (2018) Kat:2, Licht: 0,19724,2,6,3,08,11,6,0,0,1,0,0,0
"POINT (9.555805354000029 52.204273730000068)",Unfall 19777 (2018) Kat:3, Licht: 0,19777,3,3,5,08,16,5,0,0,1,1,0,0
"POINT (9.725696411000058 52.380529639000031)",Unfall 19839 (2018) Kat:3, Licht: 0,19839,3,3,5,08,14,2,1,0,1,1,0,0
"POINT (9.671793683000033 52.250750567000068)",Unfall 19840 (2018) Kat:3, Licht: 1,19840,3,1,8,08,20,4,0,1,1,0,0,0
"POINT (9.639327891000050 52.396768379000036)",Unfall 19846 (2018) Kat:3, Licht: 0,19846,3,3,5,08,13,2,0,0,1,1,0,0
"POINT (9.732261335000032 52.383094540000059)",Unfall 19866 (2018) Kat:3, Licht: 0,19866,3,1,0,08,10,5,0,0,1,0,0,0
"POINT (9.731514456000070 52.370153418000029)",Unfall 19867 (2018) Kat:3, Licht: 0,19867,3,7,0,08,16,1,0,0,1,0,0,0
"POINT (9.728515541000036 52.318500052000047)",Unfall 19868 (2018) Kat:3, Licht: 0,19868,3,6,2,08,16,2,0,0,1,0,0,0
"POINT (9.768549205000056 52.338070343000027)",Unfall 19879 (2018) Kat:3, Licht: 0,19879,3,2,5,08,17,3,0,0,1,0,0,0
"POINT (10.114410274000022 52.350153284000044)",Unfall 19884 (2018) Kat:3, Licht: 0,19884,3,3,5,08,08,4,0,0,1,1,0,0
"POINT (9.837815119000027 52.396781072000067)",Unfall 19932 (2018) Kat:3, Licht: 0,19932,3,1,0,08,09,4,0,0,1,0,0,0
"POINT (9.782813828000030 52.424382002000073)",Unfall 19983 (2018) Kat:3, Licht: 0,19983,3,3,5,08,16,5,0,0,1,1,0,0
"POINT (9.511924140000076 52.289116492000062)",Unfall 19999 (2018) Kat:3, Licht: 0,19999,3,3,0,08,04,7,0,0,1,1,0,0
"POINT (9.723308678000024 52.368111320000082)",Unfall 20002 (2018) Kat:2, Licht: 0,20002,2,6,3,08,07,5,0,0,1,0,0,0
"POINT (9.742715995000026 52.368088031000070)",Unfall 20015 (2018) Kat:3, Licht: 0,20015,3,2,5,08,17,5,0,0,1,0,0,0
"POINT (9.739179442000022 52.453283215000056)",Unfall 20028 (2018) Kat:2, Licht: 0,20028,2,7,0,08,15,2,1,0,1,0,0,0
"POINT (9.476230418000057 52.297557507000079)",Unfall 20029 (2018) Kat:3, Licht: 0,20029,3,1,0,08,13,5,0,0,1,0,0,0
"POINT (9.558145876000026 52.197206220000055)",Unfall 20046 (2018) Kat:3, Licht: 0,20046,3,3,5,08,16,4,0,0,1,1,0,0
"POINT (9.712822318000065 52.366799201000049)",Unfall 20103 (2018) Kat:3, Licht: 1,20103,3,1,0,08,20,6,0,1,1,0,0,0
"POINT (9.685128369000040 52.360175727000069)",Unfall 20108 (2018) Kat:3, Licht: 0,20108,3,3,4,08,13,1,0,0,1,0,0,1
"POINT (9.763449293000065 52.343832852000048)",Unfall 20114 (2018) Kat:3, Licht: 0,20114,3,2,5,08,17,5,1,0,1,1,0,0
"POINT (9.735910999000055 52.395985989000053)",Unfall 20115 (2018) Kat:3, Licht: 2,20115,3,2,5,08,04,1,0,2,1,1,0,0
"POINT (9.836151843000039 52.489937354000062)",Unfall 20142 (2018) Kat:3, Licht: 0,20142,3,2,5,08,10,1,0,0,1,1,0,0
"POINT (9.420128178000027 52.424859327000036)",Unfall 20174 (2018) Kat:3, Licht: 0,20174,3,6,8,08,13,5,0,0,1,0,1,0
"POINT (9.649468121000041 52.395074932000057)",Unfall 20202 (2018) Kat:3, Licht: 0,20202,3,6,4,08,14,5,0,0,1,1,0,0
"POINT (10.125378352000041 52.371980784000073)",Unfall 20207 (2018) Kat:2, Licht: 0,20207,2,2,5,08,13,3,0,0,1,0,0,0
"POINT (9.762112317000060 52.370418675000053)",Unfall 20264 (2018) Kat:3, Licht: 0,20264,3,2,5,08,19,6,0,0,1,1,0,0
"POINT (9.672584520000044 52.377198502000056)",Unfall 20293 (2018) Kat:2, Licht: 0,20293,2,3,5,08,15,6,0,0,1,1,0,0
"POINT (9.455542415000025 52.505038991000049)",Unfall 20310 (2018) Kat:2, Licht: 0,20310,2,6,3,09,17,4,0,0,1,0,0,0
"POINT (9.753639199000077 52.370016103000069)",Unfall 20355 (2018) Kat:3, Licht: 0,20355,3,3,5,09,14,4,0,0,1,1,0,0
"POINT (9.847295458000076 52.360139220000065)",Unfall 20361 (2018) Kat:3, Licht: 0,20361,3,3,5,09,13,1,0,0,1,1,0,0
"POINT (9.762957052000047 52.344623330000047)",Unfall 20436 (2018) Kat:3, Licht: 2,20436,3,7,0,09,20,7,0,2,1,0,0,0
"POINT (9.725382839000076 52.365043608000065)",Unfall 20478 (2018) Kat:3, Licht: 0,20478,3,3,5,09,16,2,0,0,1,1,0,0
"POINT (9.636672568000051 52.241842443000053)",Unfall 20543 (2018) Kat:3, Licht: 0,20543,3,6,4,08,17,6,0,0,1,0,0,0
"POINT (9.468535335000070 52.504481967000061)",Unfall 20545 (2018) Kat:3, Licht: 0,20545,3,3,5,08,16,6,0,0,1,1,0,0
"POINT (9.744762705000028 52.367463184000030)",Unfall 20550 (2018) Kat:3, Licht: 0,20550,3,3,5,09,17,4,0,0,1,1,0,0
"POINT (9.611657692000051 52.436438620000047)",Unfall 20584 (2018) Kat:3, Licht: 0,20584,3,2,3,09,15,3,0,0,1,1,0,0
"POINT (9.646177888000068 52.403378620000069)",Unfall 20673 (2018) Kat:3, Licht: 0,20673,3,3,5,09,07,2,0,0,1,1,0,0
"POINT (9.735292833000074 52.405026968000072)",Unfall 20687 (2018) Kat:3, Licht: 0,20687,3,3,5,09,16,2,0,0,1,1,0,0
"POINT (9.734972958000071 52.391919037000036)",Unfall 20846 (2018) Kat:3, Licht: 2,20846,3,2,3,09,20,3,0,2,1,1,0,0
"POINT (9.757155921000049 52.319710271000076)",Unfall 20848 (2018) Kat:3, Licht: 0,20848,3,2,5,09,16,5,1,0,1,1,0,0
"POINT (9.729147849000071 52.584078468000030)",Unfall 20855 (2018) Kat:3, Licht: 0,20855,3,3,5,09,15,5,0,0,1,0,0,0
"POINT (9.979396928000028 52.402852400000029)",Unfall 20858 (2018) Kat:3, Licht: 0,20858,3,7,0,09,08,5,0,0,1,0,0,0
"POINT (9.734201497000072 52.369056823000051)",Unfall 20987 (2018) Kat:3, Licht: 0,20987,3,2,3,09,19,4,0,0,1,1,0,0
"POINT (9.712658120000071 52.402054306000082)",Unfall 21016 (2018) Kat:2, Licht: 2,21016,2,3,5,09,20,2,0,2,1,1,0,0
"POINT (9.748885664000056 52.369217162000041)",Unfall 21023 (2018) Kat:3, Licht: 0,21023,3,6,3,09,12,4,0,0,1,0,0,0
"POINT (9.800109616000043 52.426448424000057)",Unfall 21070 (2018) Kat:3, Licht: 0,21070,3,2,5,09,14,6,0,0,1,1,0,0
"POINT (9.730368770000041 52.318829260000030)",Unfall 21072 (2018) Kat:3, Licht: 0,21072,3,3,5,09,16,6,0,0,1,0,0,0
"POINT (9.730213768000056 52.368958507000059)",Unfall 21080 (2018) Kat:3, Licht: 0,21080,3,2,5,09,15,6,0,0,1,1,0,0
"POINT (9.720609716000070 52.391483895000079)",Unfall 21087 (2018) Kat:3, Licht: 2,21087,3,7,0,09,06,3,0,2,1,0,0,0
"POINT (9.857392374000028 52.358637428000065)",Unfall 21098 (2018) Kat:2, Licht: 1,21098,2,2,5,09,06,4,0,1,1,1,0,0
"POINT (9.743521249000025 52.368704511000033)",Unfall 21123 (2018) Kat:3, Licht: 0,21123,3,6,4,09,07,3,0,0,1,0,0,0
"POINT (10.013145235000025 52.451304545000028)",Unfall 21193 (2018) Kat:3, Licht: 0,21193,3,3,0,09,17,5,0,0,1,1,0,0
"POINT (9.862057202000074 52.381017846000077)",Unfall 21196 (2018) Kat:3, Licht: 0,21196,3,3,5,09,15,5,0,0,1,1,0,0
"POINT (9.799624497000025 52.408683170000074)",Unfall 21197 (2018) Kat:3, Licht: 0,21197,3,5,1,09,10,2,0,0,1,1,0,0
"POINT (9.727245556000071 52.381195791000039)",Unfall 21229 (2018) Kat:3, Licht: 0,21229,3,3,5,09,13,7,0,0,1,1,0,0
"POINT (9.432673478000027 52.437100863000069)",Unfall 21232 (2018) Kat:3, Licht: 0,21232,3,6,3,09,12,7,1,0,1,0,0,1
"POINT (9.938584096000056 52.444263296000031)",Unfall 21336 (2018) Kat:3, Licht: 0,21336,3,3,5,09,08,7,0,0,1,1,0,0
"POINT (9.670585826000036 52.358331967000026)",Unfall 21418 (2018) Kat:3, Licht: 0,21418,3,2,5,09,10,2,0,0,1,1,0,0
"POINT (9.651794196000026 52.416624225000078)",Unfall 21428 (2018) Kat:3, Licht: 2,21428,3,2,3,09,22,3,0,2,1,1,0,0
"POINT (9.694775736000054 52.374512446000040)",Unfall 21439 (2018) Kat:3, Licht: 0,21439,3,7,0,09,14,2,1,0,1,0,0,0
"POINT (9.716121608000037 52.358321163000028)",Unfall 21446 (2018) Kat:2, Licht: 0,21446,2,6,6,09,16,3,0,0,1,0,1,0
"POINT (9.863366294000059 52.373905870000044)",Unfall 21459 (2018) Kat:3, Licht: 0,21459,3,2,4,09,15,6,1,0,1,1,0,0
"POINT (9.720135439000046 52.324103877000027)",Unfall 21466 (2018) Kat:3, Licht: 0,21466,3,3,5,09,13,6,1,0,1,0,0,0
"POINT (9.961976227000037 52.316567104000057)",Unfall 21471 (2018) Kat:3, Licht: 0,21471,3,6,3,09,13,6,1,0,1,0,0,0
"POINT (9.727200690000075 52.375097975000074)",Unfall 21479 (2018) Kat:3, Licht: 0,21479,3,1,0,09,11,6,0,0,1,0,0,0
"POINT (9.523019055000077 52.351851560000057)",Unfall 21512 (2018) Kat:3, Licht: 0,21512,3,6,2,09,18,3,0,0,1,0,0,0
"POINT (9.977217478000057 52.374430800000027)",Unfall 21596 (2018) Kat:2, Licht: 0,21596,2,7,0,09,09,4,0,0,1,0,0,0
"POINT (9.439812079000035 52.417893889000027)",Unfall 21616 (2018) Kat:3, Licht: 0,21616,3,3,5,09,13,5,0,0,1,1,0,0
"POINT (9.950909662000072 52.329345503000070)",Unfall 21625 (2018) Kat:3, Licht: 0,21625,3,6,6,09,18,5,0,0,1,0,1,0
"POINT (9.648374294000064 52.270507998000028)",Unfall 21685 (2018) Kat:3, Licht: 2,21685,3,1,0,09,23,3,0,2,1,0,0,0
"POINT (9.451030358000025 52.435623805000034)",Unfall 21699 (2018) Kat:3, Licht: 0,21699,3,3,5,09,16,2,1,0,1,1,0,0
"POINT (9.740144215000044 52.368247237000048)",Unfall 21703 (2018) Kat:3, Licht: 0,21703,3,2,5,09,12,3,0,0,1,1,0,0
"POINT (9.646097709000060 52.405818280000062)",Unfall 21749 (2018) Kat:2, Licht: 0,21749,2,2,5,10,12,3,1,0,1,1,0,0
"POINT (9.837393637000048 52.387332441000069)",Unfall 21802 (2018) Kat:3, Licht: 0,21802,3,2,5,10,17,3,1,0,1,1,0,0
"POINT (9.730219294000051 52.383836583000061)",Unfall 21848 (2018) Kat:3, Licht: 0,21848,3,5,3,09,15,7,0,0,1,1,0,0
"POINT (9.722203983000043 52.378352025000027)",Unfall 21849 (2018) Kat:3, Licht: 0,21849,3,7,0,10,13,5,0,0,1,0,0,0
"POINT (9.431932525000036 52.422440982000069)",Unfall 21854 (2018) Kat:3, Licht: 0,21854,3,3,5,09,10,7,0,0,1,1,0,0
"POINT (9.735239615000069 52.393246321000049)",Unfall 21861 (2018) Kat:2, Licht: 0,21861,2,3,5,09,12,7,0,0,1,0,0,0
"POINT (9.802014620000023 52.432919876000028)",Unfall 21933 (2018) Kat:3, Licht: 2,21933,3,2,5,10,20,3,1,2,1,1,0,0
"POINT (9.646072748000051 52.397316558000057)",Unfall 21998 (2018) Kat:3, Licht: 0,21998,3,7,9,09,18,6,0,0,1,0,0,0
"POINT (9.468042785000023 52.462899991000029)",Unfall 22002 (2018) Kat:3, Licht: 0,22002,3,6,4,09,17,6,0,0,1,0,0,0
"POINT (9.836262970000064 52.277899628000057)",Unfall 22025 (2018) Kat:3, Licht: 0,22025,3,3,5,09,13,6,0,0,1,1,0,0
"POINT (9.728484807000029 52.368035782000049)",Unfall 22091 (2018) Kat:2, Licht: 0,22091,2,3,5,10,15,7,0,0,1,0,0,0
"POINT (9.974178768000058 52.400009624000063)",Unfall 22215 (2018) Kat:3, Licht: 0,22215,3,3,5,09,16,5,0,0,1,1,0,0
"POINT (10.171688029000052 52.396410520000074)",Unfall 22217 (2018) Kat:3, Licht: 2,22217,3,7,0,09,21,5,0,2,1,0,0,0
"POINT (9.757479338000053 52.370234444000062)",Unfall 22241 (2018) Kat:3, Licht: 0,22241,3,3,5,10,08,3,0,0,1,0,0,0
"POINT (9.453049495000073 52.510755167000070)",Unfall 22341 (2018) Kat:3, Licht: 0,22341,3,3,5,10,10,6,0,0,1,0,0,0
"POINT (9.747126105000064 52.533153797000068)",Unfall 22359 (2018) Kat:3, Licht: 0,22359,3,3,5,10,14,3,0,0,1,1,0,0
"POINT (9.763501495000071 52.343782133000047)",Unfall 22373 (2018) Kat:3, Licht: 0,22373,3,2,5,10,17,2,0,0,1,1,0,0
"POINT (9.791886755000064 52.335037427000032)",Unfall 22406 (2018) Kat:3, Licht: 0,22406,3,2,5,10,13,5,0,0,1,1,0,0
"POINT (9.833441875000062 52.386420498000064)",Unfall 22430 (2018) Kat:3, Licht: 0,22430,3,3,5,10,12,2,0,0,1,1,0,0
"POINT (9.733970224000075 52.385267269000053)",Unfall 22434 (2018) Kat:2, Licht: 0,22434,2,2,5,10,15,5,0,0,1,0,0,0
"POINT (9.964076411000065 52.310341494000056)",Unfall 22462 (2018) Kat:3, Licht: 0,22462,3,2,5,10,12,6,0,0,1,1,0,0
"POINT (9.827573789000041 52.360334522000073)",Unfall 22505 (2018) Kat:3, Licht: 0,22505,3,4,6,10,17,4,0,0,1,0,1,0
"POINT (9.420702271000039 52.429323067000041)",Unfall 22511 (2018) Kat:3, Licht: 0,22511,3,2,5,10,10,4,0,0,1,1,0,0
"POINT (9.662904697000045 52.316080201000034)",Unfall 22519 (2018) Kat:3, Licht: 2,22519,3,2,5,10,20,4,0,2,1,1,0,0
"POINT (9.734937750000029 52.391711129000043)",Unfall 22524 (2018) Kat:3, Licht: 0,22524,3,2,5,10,17,2,0,0,1,1,0,0
"POINT (9.735237743000027 52.403249835000054)",Unfall 22526 (2018) Kat:3, Licht: 0,22526,3,4,6,10,13,4,0,0,1,0,1,0
"POINT (9.968900066000060 52.315175702000033)",Unfall 22537 (2018) Kat:3, Licht: 0,22537,3,2,5,10,13,4,0,0,1,1,0,0
"POINT (9.665543967000076 52.332911200000069)",Unfall 22554 (2018) Kat:3, Licht: 0,22554,3,3,5,10,14,6,0,0,1,1,0,0
"POINT (9.707581644000072 52.279557378000050)",Unfall 22608 (2018) Kat:3, Licht: 2,22608,3,3,0,10,21,3,0,2,1,1,0,0
"POINT (9.743396609000058 52.368334380000078)",Unfall 22682 (2018) Kat:3, Licht: 0,22682,3,3,5,10,08,4,0,0,1,1,0,0
"POINT (9.692631666000068 52.376481833000071)",Unfall 22690 (2018) Kat:2, Licht: 2,22690,2,1,0,10,23,5,0,2,1,0,0,0
"POINT (9.431856654000058 52.422464868000077)",Unfall 22698 (2018) Kat:3, Licht: 0,22698,3,3,5,10,12,5,0,0,1,1,0,0
"POINT (9.740420929000038 52.368056960000047)",Unfall 22712 (2018) Kat:3, Licht: 0,22712,3,2,5,10,12,6,0,0,1,1,0,0
"POINT (9.457030286000077 52.505817461000049)",Unfall 22741 (2018) Kat:3, Licht: 0,22741,3,3,5,10,10,5,0,0,1,1,0,0
"POINT (9.725992760000054 52.376007586000071)",Unfall 22746 (2018) Kat:3, Licht: 0,22746,3,3,5,10,11,4,0,0,1,1,0,0
"POINT (9.680370694000033 52.371925752000038)",Unfall 22773 (2018) Kat:3, Licht: 0,22773,3,2,5,10,14,3,0,0,1,1,0,0
"POINT (9.733438225000043 52.417354766000074)",Unfall 22775 (2018) Kat:3, Licht: 0,22775,3,3,5,10,18,3,0,0,1,1,0,0
"POINT (9.675397499000042 52.377258099000073)",Unfall 22779 (2018) Kat:2, Licht: 0,22779,2,2,4,10,16,3,0,0,1,1,0,0
"POINT (9.665186211000048 52.337164522000080)",Unfall 22781 (2018) Kat:3, Licht: 2,22781,3,3,5,10,20,5,1,2,1,1,0,0
"POINT (9.588524603000053 52.372471596000082)",Unfall 22800 (2018) Kat:2, Licht: 2,22800,2,6,8,10,06,4,1,2,1,0,0,0
"POINT (9.743289999000069 52.368193609000059)",Unfall 22852 (2018) Kat:2, Licht: 0,22852,2,2,4,10,10,3,0,0,1,1,0,0
"POINT (9.821514844000035 52.339196560000062)",Unfall 22903 (2018) Kat:3, Licht: 2,22903,3,2,5,10,06,6,1,2,1,1,0,0
"POINT (9.763948606000042 52.343331420000027)",Unfall 22950 (2018) Kat:2, Licht: 0,22950,2,7,0,10,13,7,0,0,1,0,0,0
"POINT (9.726728410000021 52.375767291000045)",Unfall 22963 (2018) Kat:2, Licht: 0,22963,2,3,5,10,15,3,1,0,1,1,0,0
"POINT (9.612853420000022 52.469182736000050)",Unfall 22970 (2018) Kat:3, Licht: 0,22970,3,3,5,10,18,1,0,0,1,1,0,0
"POINT (9.694036287000074 52.361180710000042)",Unfall 23007 (2018) Kat:3, Licht: 0,23007,3,2,5,11,10,5,0,0,1,1,0,0
"POINT (9.611655976000066 52.436419560000047)",Unfall 23018 (2018) Kat:3, Licht: 2,23018,3,2,4,10,06,6,0,2,1,1,0,0
"POINT (9.722297683000022 52.362681201000044)",Unfall 23067 (2018) Kat:3, Licht: 2,23067,3,6,4,10,18,5,0,2,1,0,0,0
"POINT (9.434109201000069 52.421941656000058)",Unfall 23106 (2018) Kat:3, Licht: 0,23106,3,2,5,11,16,7,0,0,1,1,0,0
"POINT (9.505648918000077 52.388483471000029)",Unfall 23113 (2018) Kat:3, Licht: 0,23113,3,2,5,11,07,6,0,0,1,1,0,0
"POINT (9.450082091000070 52.427186953000046)",Unfall 23132 (2018) Kat:3, Licht: 0,23132,3,6,3,11,16,5,0,0,1,1,0,0
"POINT (9.757135259000052 52.319656333000069)",Unfall 23173 (2018) Kat:3, Licht: 0,23173,3,2,5,10,17,7,0,0,1,1,0,0
"POINT (9.613299753000035 52.430789652000044)",Unfall 23176 (2018) Kat:3, Licht: 2,23176,3,6,3,10,19,7,0,2,1,0,0,0
"POINT (9.734780755000031 52.407316394000077)",Unfall 23182 (2018) Kat:3, Licht: 2,23182,3,3,5,10,18,6,0,2,1,1,0,0
"POINT (9.740333408000026 52.368051415000082)",Unfall 23188 (2018) Kat:3, Licht: 0,23188,3,2,5,10,12,7,0,0,1,0,0,0
"POINT (9.832287156000064 52.386083374000066)",Unfall 23275 (2018) Kat:3, Licht: 1,23275,3,7,0,10,06,4,0,1,1,0,0,0
"POINT (9.773552315000075 52.332493113000055)",Unfall 23280 (2018) Kat:3, Licht: 0,23280,3,3,5,10,15,3,1,0,1,1,0,0
"POINT (9.860731318000035 52.384102688000041)",Unfall 23319 (2018) Kat:3, Licht: 2,23319,3,5,6,10,16,3,1,2,1,0,1,0
"POINT (9.708791616000042 52.366040786000042)",Unfall 23348 (2018) Kat:3, Licht: 1,23348,3,2,5,10,07,5,1,1,1,1,0,0
"POINT (9.742913893000036 52.368443840000054)",Unfall 23352 (2018) Kat:2, Licht: 0,23352,2,3,5,10,13,2,0,0,1,1,0,0
"POINT (9.742141921000041 52.459587508000027)",Unfall 23369 (2018) Kat:2, Licht: 1,23369,2,6,4,10,07,2,1,1,1,0,0,0
"POINT (9.724010819000057 52.391050294000081)",Unfall 23407 (2018) Kat:3, Licht: 0,23407,3,2,5,10,16,3,0,0,1,0,0,0
"POINT (9.718296504000023 52.367230365000069)",Unfall 23408 (2018) Kat:3, Licht: 0,23408,3,5,1,10,13,6,0,0,1,1,0,0
"POINT (9.798335388000055 52.420367957000053)",Unfall 23426 (2018) Kat:3, Licht: 1,23426,3,3,5,10,07,5,1,1,1,0,0,0
"POINT (9.616608257000053 52.429678967000029)",Unfall 23429 (2018) Kat:3, Licht: 1,23429,3,2,4,10,06,6,0,1,1,1,0,0
"POINT (9.665186478000067 52.337173663000044)",Unfall 23447 (2018) Kat:3, Licht: 2,23447,3,3,5,11,17,5,0,2,1,1,0,0
"POINT (9.396705259000044 52.456299820000027)",Unfall 23455 (2018) Kat:3, Licht: 0,23455,3,6,6,11,16,5,0,0,1,0,1,0
"POINT (9.722456512000065 52.378583283000069)",Unfall 23463 (2018) Kat:3, Licht: 0,23463,3,2,5,10,13,6,0,0,1,1,0,0
"POINT (9.648039780000033 52.426842036000039)",Unfall 23466 (2018) Kat:2, Licht: 0,23466,2,2,5,10,12,6,0,0,1,0,0,0
"POINT (9.768614907000028 52.337990105000074)",Unfall 23478 (2018) Kat:3, Licht: 0,23478,3,4,6,10,10,6,0,0,1,0,1,0
"POINT (9.743316180000022 52.368216463000067)",Unfall 23540 (2018) Kat:3, Licht: 0,23540,3,2,5,10,15,5,1,0,1,1,0,0
"POINT (9.678649926000048 52.229723790000037)",Unfall 23578 (2018) Kat:1, Licht: 0,23578,1,3,5,11,14,7,0,0,1,1,0,0
"POINT (9.725308687000052 52.376891126000032)",Unfall 23662 (2018) Kat:3, Licht: 2,23662,3,2,5,11,20,3,0,2,1,1,0,0
"POINT (9.646152244000064 52.403963843000042)",Unfall 23733 (2018) Kat:3, Licht: 1,23733,3,3,5,11,07,3,0,1,1,0,0,0
"POINT (9.738988295000070 52.437766705000058)",Unfall 23740 (2018) Kat:3, Licht: 1,23740,3,3,5,11,16,6,0,1,1,1,0,0
"POINT (9.740168935000042 52.301991286000032)",Unfall 23752 (2018) Kat:2, Licht: 0,23752,2,2,5,11,12,2,0,0,1,1,0,0
"POINT (9.734119108000073 52.369071241000029)",Unfall 23767 (2018) Kat:2, Licht: 2,23767,2,3,5,11,22,7,0,2,1,1,0,0
"POINT (9.429977726000061 52.426195699000061)",Unfall 23791 (2018) Kat:3, Licht: 1,23791,3,3,5,11,07,3,0,1,1,1,0,0
"POINT (9.749180424000031 52.361844187000031)",Unfall 23857 (2018) Kat:3, Licht: 1,23857,3,1,0,11,17,3,1,1,1,0,0,0
"POINT (9.692805059000023 52.361038194000059)",Unfall 23864 (2018) Kat:3, Licht: 0,23864,3,3,5,11,14,6,0,0,1,1,0,0
"POINT (9.798216730000036 52.416619070000081)",Unfall 23877 (2018) Kat:3, Licht: 2,23877,3,7,0,11,22,2,1,2,1,0,0,0
"POINT (9.731620516000021 52.369521557000041)",Unfall 23878 (2018) Kat:3, Licht: 2,23878,3,2,5,11,17,3,0,2,1,1,0,0
"POINT (9.762794086000042 52.344467133000080)",Unfall 23884 (2018) Kat:3, Licht: 1,23884,3,2,5,11,17,3,0,1,1,1,0,0
"POINT (9.475722068000039 52.297884346000046)",Unfall 23894 (2018) Kat:3, Licht: 0,23894,3,3,5,11,07,3,0,0,1,0,0,0
"POINT (9.832863946000032 52.398763268000039)",Unfall 23927 (2018) Kat:3, Licht: 2,23927,3,2,5,11,06,3,1,2,1,1,0,0
"POINT (9.407937878000041 52.334221823000064)",Unfall 23937 (2018) Kat:3, Licht: 2,23937,3,6,4,11,16,7,0,2,1,1,0,0
"POINT (9.455371750000040 52.479401092000046)",Unfall 23939 (2018) Kat:3, Licht: 0,23939,3,3,5,11,14,5,0,0,1,1,0,0
"POINT (9.455756192000024 52.507185406000076)",Unfall 23940 (2018) Kat:2, Licht: 0,23940,2,2,5,11,12,3,0,0,1,0,0,0
"POINT (9.973460976000069 52.383874608000042)",Unfall 23990 (2018) Kat:3, Licht: 2,23990,3,3,5,11,19,6,0,2,1,1,0,0
"POINT (9.559473391000040 52.400487613000053)",Unfall 24050 (2018) Kat:3, Licht: 2,24050,3,3,5,11,17,2,1,2,1,1,0,0
"POINT (9.555846859000042 52.204806518000055)",Unfall 24052 (2018) Kat:3, Licht: 0,24052,3,2,5,11,11,5,0,0,1,1,0,0
"POINT (9.717972120000070 52.395055263000074)",Unfall 24065 (2018) Kat:3, Licht: 0,24065,3,2,5,11,10,6,1,0,1,1,0,0
"POINT (9.650646038000048 52.391128372000026)",Unfall 24074 (2018) Kat:3, Licht: 2,24074,3,6,4,11,06,6,1,2,1,0,0,0
"POINT (9.727360082000075 52.381239673000039)",Unfall 24086 (2018) Kat:3, Licht: 2,24086,3,3,5,11,18,7,1,2,1,1,0,0
"POINT (9.805918482000038 52.558842265000067)",Unfall 24119 (2018) Kat:3, Licht: 2,24119,3,2,4,11,18,3,0,2,1,1,0,0
"POINT (9.733386352000025 52.369007764000060)",Unfall 24123 (2018) Kat:3, Licht: 1,24123,3,1,0,11,17,4,0,1,1,0,0,0
"POINT (9.720432187000029 52.391495075000080)",Unfall 24142 (2018) Kat:3, Licht: 0,24142,3,2,3,11,16,4,0,0,1,1,0,0
"POINT (9.547971634000021 52.517424236000068)",Unfall 24183 (2018) Kat:3, Licht: 1,24183,3,6,2,11,16,4,0,1,1,1,0,0
"POINT (9.455242765000037 52.507703040000081)",Unfall 24190 (2018) Kat:3, Licht: 0,24190,3,3,5,11,15,4,0,0,1,1,0,0
"POINT (9.733918531000029 52.416490878000047)",Unfall 24233 (2018) Kat:3, Licht: 2,24233,3,2,5,11,18,4,0,2,1,1,0,0
"POINT (9.575991126000076 52.278003397000077)",Unfall 24236 (2018) Kat:3, Licht: 1,24236,3,2,3,11,07,3,0,1,1,0,0,0
"POINT (9.726395111000045 52.388374045000035)",Unfall 24254 (2018) Kat:3, Licht: 0,24254,3,2,5,11,13,4,0,0,1,1,0,0
"POINT (9.862954966000075 52.379734357000075)",Unfall 24256 (2018) Kat:3, Licht: 0,24256,3,3,5,11,07,2,1,0,1,1,0,0
"POINT (9.742921284000033 52.368447938000031)",Unfall 24270 (2018) Kat:3, Licht: 2,24270,3,3,5,11,19,7,0,2,1,1,0,0
"POINT (9.794216018000043 52.371447672000045)",Unfall 24279 (2018) Kat:3, Licht: 0,24279,3,4,6,11,16,7,0,0,1,0,1,0
"POINT (9.783431332000021 52.323242559000050)",Unfall 24289 (2018) Kat:3, Licht: 0,24289,3,2,5,11,10,4,0,0,1,0,0,0
"POINT (9.777605499000060 52.195203812000045)",Unfall 24328 (2018) Kat:2, Licht: 1,24328,2,3,0,11,16,1,0,1,1,1,0,0
"POINT (9.827199187000076 52.345268007000072)",Unfall 24358 (2018) Kat:3, Licht: 0,24358,3,5,0,11,16,3,0,0,1,1,0,0
"POINT (9.733950912000069 52.386700049000069)",Unfall 24391 (2018) Kat:3, Licht: 0,24391,3,3,5,11,14,4,0,0,1,1,0,0
"POINT (9.859892986000034 52.489901716000077)",Unfall 24428 (2018) Kat:3, Licht: 2,24428,3,1,0,11,18,4,0,2,1,0,0,0
"POINT (9.593932158000030 52.411420466000038)",Unfall 24431 (2018) Kat:2, Licht: 2,24431,2,7,0,11,18,1,1,2,1,0,0,0
"POINT (9.726782768000021 52.375721164000026)",Unfall 24441 (2018) Kat:3, Licht: 2,24441,3,3,5,11,17,5,0,2,1,1,0,0
"POINT (9.719913110000050 52.367997879000029)",Unfall 24595 (2018) Kat:3, Licht: 2,24595,3,6,4,12,07,4,0,2,1,0,0,0
"POINT (9.764919102000022 52.342634927000063)",Unfall 24610 (2018) Kat:2, Licht: 1,24610,2,2,5,11,16,3,0,1,1,1,0,0
"POINT (9.788519661000066 52.318088401000068)",Unfall 24749 (2018) Kat:2, Licht: 0,24749,2,2,5,12,09,4,0,0,1,1,0,0
"POINT (9.611657692000051 52.436438620000047)",Unfall 24763 (2018) Kat:3, Licht: 2,24763,3,2,5,11,21,3,0,2,1,1,0,0
"POINT (9.781765167000060 52.325803082000050)",Unfall 24819 (2018) Kat:3, Licht: 2,24819,3,6,4,12,16,2,0,2,1,0,0,0
"POINT (10.012667061000059 52.449929694000048)",Unfall 24829 (2018) Kat:1, Licht: 1,24829,1,2,5,11,07,6,0,1,1,0,0,0
"POINT (9.726735328000075 52.375761421000050)",Unfall 24861 (2018) Kat:3, Licht: 0,24861,3,3,5,11,10,5,1,0,1,1,0,0
"POINT (9.598753609000028 52.409261813000057)",Unfall 24901 (2018) Kat:3, Licht: 1,24901,3,6,4,12,07,2,0,1,1,1,0,0
"POINT (9.630866634000029 52.206850956000039)",Unfall 24911 (2018) Kat:2, Licht: 2,24911,2,2,3,11,18,5,1,2,1,1,0,0
"POINT (9.796696377000046 52.415100024000026)",Unfall 24948 (2018) Kat:3, Licht: 0,24948,3,2,5,11,13,6,0,0,1,0,0,0
"POINT (9.749858438000047 52.369269405000068)",Unfall 25019 (2018) Kat:3, Licht: 0,25019,3,7,0,12,12,7,0,0,1,0,0,0
"POINT (9.733887861000028 52.309620256000073)",Unfall 25023 (2018) Kat:3, Licht: 2,25023,3,3,5,11,20,5,1,2,1,0,0,0
"POINT (9.574063423000041 52.421663215000081)",Unfall 25024 (2018) Kat:3, Licht: 2,25024,3,3,5,11,17,3,0,2,1,1,0,0
"POINT (9.971684229000061 52.386176979000027)",Unfall 25033 (2018) Kat:3, Licht: 0,25033,3,1,0,11,10,5,1,0,1,0,0,0
"POINT (9.717777520000027 52.395592078000050)",Unfall 25052 (2018) Kat:3, Licht: 2,25052,3,3,5,11,17,5,1,2,1,1,0,0
"POINT (9.554594340000051 52.461715273000038)",Unfall 25064 (2018) Kat:3, Licht: 0,25064,3,7,0,11,11,5,1,0,1,0,0,0
"POINT (9.594397660000027 52.411177228000042)",Unfall 25082 (2018) Kat:3, Licht: 1,25082,3,3,5,12,09,2,1,1,1,1,0,0
"POINT (9.730213768000056 52.368958507000059)",Unfall 25099 (2018) Kat:3, Licht: 0,25099,3,3,5,12,09,3,0,0,1,1,0,0
"POINT (9.626712935000057 52.423489910000058)",Unfall 25114 (2018) Kat:3, Licht: 2,25114,3,6,6,11,19,6,0,2,1,0,1,0
"POINT (9.718672351000066 52.574236395000071)",Unfall 25151 (2018) Kat:3, Licht: 2,25151,3,7,0,11,17,1,1,2,1,0,0,0
"POINT (9.768634875000032 52.338262027000042)",Unfall 25177 (2018) Kat:3, Licht: 2,25177,3,2,5,12,19,6,1,2,1,1,0,0
"POINT (9.429666571000041 52.426921343000060)",Unfall 25225 (2018) Kat:3, Licht: 2,25225,3,6,3,12,22,7,1,2,1,0,0,0
"POINT (9.738827357000048 52.368035651000071)",Unfall 25245 (2018) Kat:3, Licht: 2,25245,3,3,5,12,18,5,1,2,1,1,0,0
"POINT (9.734913941000059 52.392910263000033)",Unfall 25253 (2018) Kat:3, Licht: 0,25253,3,3,5,11,13,2,0,0,1,0,0,0
"POINT (9.667574271000035 52.341054719000056)",Unfall 25319 (2018) Kat:2, Licht: 0,25319,2,3,5,11,14,4,0,0,1,1,0,0
"POINT (9.825157307000040 52.285123840000040)",Unfall 25367 (2018) Kat:3, Licht: 2,25367,3,2,5,12,16,4,0,2,1,1,0,0
"POINT (9.434656131000054 52.421414233000064)",Unfall 25409 (2018) Kat:3, Licht: 0,25409,3,2,5,11,14,2,0,0,1,1,0,0
"POINT (9.587647703000073 52.414980164000042)",Unfall 25439 (2018) Kat:3, Licht: 2,25439,3,2,5,11,19,3,0,2,1,1,0,0
"POINT (9.724069428000064 52.390987264000046)",Unfall 25470 (2018) Kat:3, Licht: 0,25470,3,7,0,12,13,2,1,0,1,0,0,0
"POINT (9.783317866000061 52.323079150000069)",Unfall 25576 (2018) Kat:3, Licht: 2,25576,3,2,3,12,16,3,1,2,1,1,0,0
"POINT (9.738862426000026 52.368029790000037)",Unfall 25589 (2018) Kat:2, Licht: 2,25589,2,3,5,12,16,3,0,2,1,1,0,0
"POINT (9.809041907000051 52.379427311000029)",Unfall 25617 (2018) Kat:2, Licht: 0,25617,2,2,5,12,13,2,1,0,1,1,0,0
"POINT (9.726454816000057 52.388343931000065)",Unfall 25630 (2018) Kat:3, Licht: 2,25630,3,3,5,12,17,5,0,2,1,1,0,0
"POINT (9.434754353000074 52.421319871000037)",Unfall 25634 (2018) Kat:3, Licht: 0,25634,3,3,0,12,11,3,0,0,1,1,0,0
"POINT (9.477157919000035 52.460648180000078)",Unfall 25638 (2018) Kat:2, Licht: 2,25638,2,2,5,12,17,5,0,2,1,1,0,0
"POINT (9.826096416000041 52.362374920000036)",Unfall 25694 (2018) Kat:3, Licht: 2,25694,3,3,5,12,19,3,0,2,1,1,0,0
"POINT (9.959235188000037 52.363728803000072)",Unfall 25841 (2018) Kat:3, Licht: 0,25841,3,3,5,12,14,6,1,0,1,1,0,0
"POINT (9.607031109000047 52.311434861000066)",Unfall 25867 (2018) Kat:3, Licht: 0,25867,3,2,5,12,11,7,1,0,1,1,0,0
"POINT (9.734574055000053 52.411467844000072)",Unfall 25987 (2018) Kat:3, Licht: 0,25987,3,2,5,12,12,4,0,0,1,1,0,0
"POINT (9.785439223000026 52.320139040000072)",Unfall 26085 (2018) Kat:3, Licht: 0,26085,3,3,5,12,10,7,1,0,1,1,0,0
"POINT (10.026838535000024 52.316648895000071)",Unfall 26134 (2018) Kat:3, Licht: 0,26134,3,3,5,12,13,1,0,0,1,1,0,0
"POINT (9.723322326000073 52.377777586000036)",Unfall 26197 (2018) Kat:3, Licht: 2,26197,3,7,0,12,17,7,1,2,1,1,0,0
"POINT (9.667345054000066 52.377034302000027)",Unfall 128952 (2018) Kat:3, Licht: 0,128952,3,2,5,01,11,4,1,0,1,1,0,0
"POINT (9.762014713000042 52.362244028000077)",Unfall 128959 (2018) Kat:3, Licht: 0,128959,3,3,5,01,13,7,0,0,1,0,0,0
"POINT (9.724148117000027 52.372415159000070)",Unfall 128989 (2018) Kat:3, Licht: 0,128989,3,3,5,01,14,6,0,0,1,1,0,0
"POINT (9.813800496000056 52.419893694000052)",Unfall 128991 (2018) Kat:2, Licht: 0,128991,2,3,5,01,12,6,0,0,1,0,0,0
"POINT (9.592313156000046 52.421337202000075)",Unfall 128992 (2018) Kat:3, Licht: 2,128992,3,3,5,01,22,6,0,2,1,1,0,0
"POINT (9.736525564000033 52.371283111000082)",Unfall 128994 (2018) Kat:2, Licht: 0,128994,2,1,0,01,11,6,1,0,1,0,0,0
"POINT (9.753728569000032 52.380295135000040)",Unfall 128995 (2018) Kat:3, Licht: 0,128995,3,3,5,01,14,3,0,0,1,1,0,0
"POINT (9.706348639000055 52.371082463000050)",Unfall 129035 (2018) Kat:3, Licht: 2,129035,3,2,3,01,18,3,1,2,1,1,0,0
"POINT (9.739466349000054 52.373676513000078)",Unfall 129040 (2018) Kat:3, Licht: 2,129040,3,5,1,01,16,5,0,2,1,1,0,0
"POINT (9.712765218000072 52.371618828000067)",Unfall 129042 (2018) Kat:3, Licht: 0,129042,3,1,0,01,13,5,1,0,1,0,0,0
"POINT (9.733774776000075 52.369303822000063)",Unfall 129049 (2018) Kat:3, Licht: 2,129049,3,1,0,01,22,3,1,2,1,0,0,0
"POINT (9.589572225000040 52.428337523000039)",Unfall 129053 (2018) Kat:3, Licht: 2,129053,3,2,3,01,07,5,0,2,1,1,0,0
"POINT (9.786280880000049 52.393337341000063)",Unfall 129072 (2018) Kat:3, Licht: 1,129072,3,7,0,01,07,2,2,1,1,0,0,0
"POINT (9.739237230000072 52.370586318000051)",Unfall 129081 (2018) Kat:3, Licht: 0,129081,3,3,5,01,13,2,0,0,1,1,0,0
"POINT (9.752183851000041 52.376070757000036)",Unfall 129084 (2018) Kat:3, Licht: 2,129084,3,7,0,01,17,4,1,2,1,0,0,0
"POINT (10.107305578000023 52.344875519000027)",Unfall 129093 (2018) Kat:3, Licht: 0,129093,3,3,5,01,15,2,0,0,1,1,0,0
"POINT (9.752600402000041 52.362823689000038)",Unfall 129106 (2018) Kat:3, Licht: 2,129106,3,5,1,01,17,3,0,2,1,1,0,0
"POINT (9.727898840000023 52.400232866000067)",Unfall 129117 (2018) Kat:3, Licht: 0,129117,3,3,0,01,09,4,1,0,1,1,0,0
"POINT (9.749276416000043 52.400046374000055)",Unfall 129119 (2018) Kat:3, Licht: 0,129119,3,3,5,01,13,3,1,0,1,1,0,0
"POINT (9.747960082000077 52.449094490000050)",Unfall 129121 (2018) Kat:3, Licht: 0,129121,3,1,0,01,14,3,1,0,1,0,0,0
"POINT (9.425719728000047 52.423754350000081)",Unfall 129140 (2018) Kat:3, Licht: 2,129140,3,7,0,01,18,2,1,2,1,0,0,0
"POINT (9.664806438000028 52.320771729000057)",Unfall 129143 (2018) Kat:3, Licht: 2,129143,3,7,6,01,00,2,1,2,1,0,1,0
"POINT (9.713212582000040 52.371468120000031)",Unfall 129144 (2018) Kat:3, Licht: 0,129144,3,1,0,01,10,2,1,0,1,0,0,0
"POINT (9.733733431000076 52.362111843000037)",Unfall 129155 (2018) Kat:3, Licht: 2,129155,3,3,5,01,18,3,1,2,1,1,0,0
"POINT (9.735427649000030 52.384486896000055)",Unfall 129168 (2018) Kat:3, Licht: 0,129168,3,3,5,01,09,3,0,0,1,1,0,0
"POINT (9.443118825000056 52.424013742000056)",Unfall 129173 (2018) Kat:3, Licht: 2,129173,3,1,0,01,08,5,2,2,1,0,0,0
"POINT (9.703777476000028 52.409384735000060)",Unfall 129181 (2018) Kat:2, Licht: 1,129181,2,7,0,01,16,4,0,1,1,0,1,0
"POINT (9.736105536000025 52.578576647000034)",Unfall 129222 (2018) Kat:3, Licht: 0,129222,3,1,0,01,10,5,1,0,1,0,0,0
"POINT (9.726301920000026 52.381617765000044)",Unfall 129232 (2018) Kat:3, Licht: 0,129232,3,5,1,01,11,7,0,0,1,1,0,0
"POINT (9.431013005000068 52.435208700000032)",Unfall 129253 (2018) Kat:3, Licht: 1,129253,3,7,0,01,08,6,2,1,1,0,0,0
"POINT (10.004113456000027 52.445871555000053)",Unfall 129258 (2018) Kat:3, Licht: 2,129258,3,7,0,01,18,1,1,2,1,0,0,0
"POINT (9.720816936000063 52.372069039000053)",Unfall 129276 (2018) Kat:3, Licht: 2,129276,3,3,5,01,20,4,1,2,1,0,0,0
"POINT (9.793029280000042 52.415359678000073)",Unfall 129279 (2018) Kat:2, Licht: 2,129279,2,2,5,01,19,3,1,2,1,1,0,0
"POINT (9.681871764000050 52.407504057000040)",Unfall 129285 (2018) Kat:3, Licht: 2,129285,3,7,1,01,06,3,1,2,1,1,0,0
"POINT (9.731940657000052 52.405494573000055)",Unfall 129288 (2018) Kat:3, Licht: 2,129288,3,2,4,01,17,2,0,2,1,1,0,0
"POINT (9.740829260000055 52.377805181000042)",Unfall 129295 (2018) Kat:3, Licht: 2,129295,3,6,0,01,17,2,0,2,1,1,0,0
"POINT (9.583396769000046 52.416078825000056)",Unfall 129302 (2018) Kat:3, Licht: 1,129302,3,1,0,01,08,6,2,1,1,0,0,0
"POINT (9.749623106000058 52.383851012000036)",Unfall 129307 (2018) Kat:3, Licht: 0,129307,3,3,5,01,10,2,0,0,1,1,0,0
"POINT (9.715970167000023 52.338559474000078)",Unfall 129330 (2018) Kat:2, Licht: 2,129330,2,1,0,01,22,4,1,2,1,0,0,0
"POINT (9.764406919000066 52.355120090000071)",Unfall 129332 (2018) Kat:3, Licht: 2,129332,3,1,0,01,19,2,1,2,1,0,0,0
"POINT (9.722829819000026 52.342371973000070)",Unfall 129333 (2018) Kat:2, Licht: 0,129333,2,7,0,01,09,1,0,0,1,0,0,0
"POINT (9.762243215000069 52.392750967000040)",Unfall 129335 (2018) Kat:3, Licht: 0,129335,3,3,5,01,15,7,1,0,1,1,0,0
"POINT (9.734999386000027 52.367161081000063)",Unfall 129345 (2018) Kat:2, Licht: 0,129345,2,3,5,01,14,3,1,0,1,1,0,0
"POINT (9.781091390000029 52.403912677000051)",Unfall 129395 (2018) Kat:3, Licht: 2,129395,3,3,5,01,07,5,1,2,1,1,0,0
"POINT (9.607410043000073 52.305400782000049)",Unfall 129398 (2018) Kat:3, Licht: 2,129398,3,2,5,01,07,5,1,2,1,1,0,0
"POINT (9.763316844000030 52.344483749000062)",Unfall 129404 (2018) Kat:2, Licht: 0,129404,2,1,0,01,16,7,0,0,1,0,0,0
"POINT (9.955467421000037 52.358092921000036)",Unfall 129405 (2018) Kat:3, Licht: 1,129405,3,2,5,01,08,5,1,1,1,1,0,0
"POINT (9.711409416000038 52.358531426000070)",Unfall 129428 (2018) Kat:3, Licht: 0,129428,3,2,5,01,09,6,1,0,1,0,0,0
"POINT (9.758071965000056 52.396032663000028)",Unfall 129441 (2018) Kat:3, Licht: 0,129441,3,2,5,01,15,4,1,0,1,1,0,0
"POINT (9.677755467000054 52.395897367000032)",Unfall 129448 (2018) Kat:3, Licht: 2,129448,3,3,5,01,05,3,1,2,1,1,0,0
"POINT (9.722880148000058 52.387150430000077)",Unfall 129457 (2018) Kat:3, Licht: 0,129457,3,3,5,01,15,3,0,0,1,1,0,0
"POINT (10.176231928000050 52.409535573000028)",Unfall 129466 (2018) Kat:3, Licht: 2,129466,3,3,5,01,06,6,1,2,1,1,0,0
"POINT (9.737460721000048 52.381676817000027)",Unfall 129476 (2018) Kat:3, Licht: 0,129476,3,3,5,01,10,6,0,0,1,1,0,0
"POINT (9.670301494000057 52.339444629000070)",Unfall 129478 (2018) Kat:3, Licht: 2,129478,3,3,5,01,06,6,0,2,1,1,0,0
"POINT (9.754529246000061 52.376140467000027)",Unfall 129489 (2018) Kat:3, Licht: 0,129489,3,5,0,01,13,5,0,0,1,1,0,0
"POINT (9.731845789000033 52.377656828000056)",Unfall 129495 (2018) Kat:3, Licht: 0,129495,3,3,5,01,09,6,0,0,1,1,0,0
"POINT (9.735763762000033 52.325630184000033)",Unfall 129499 (2018) Kat:2, Licht: 0,129499,2,1,8,01,14,5,1,0,1,1,0,0
"POINT (9.744252306000021 52.373437873000057)",Unfall 129532 (2018) Kat:3, Licht: 0,129532,3,1,0,01,11,6,1,0,1,0,0,0
"POINT (9.753190593000056 52.382754338000041)",Unfall 129541 (2018) Kat:3, Licht: 2,129541,3,3,5,01,17,3,0,2,1,1,0,0
"POINT (9.714447240000027 52.342650118000051)",Unfall 129542 (2018) Kat:3, Licht: 0,129542,3,5,1,01,15,4,1,0,1,1,0,0
"POINT (9.694943900000055 52.374534510000046)",Unfall 129546 (2018) Kat:2, Licht: 2,129546,2,7,0,02,22,5,0,2,1,0,0,0
"POINT (9.738237007000066 52.369565640000076)",Unfall 129556 (2018) Kat:3, Licht: 2,129556,3,5,3,01,18,7,0,2,1,1,0,0
"POINT (9.756544523000059 52.364911347000032)",Unfall 129582 (2018) Kat:3, Licht: 2,129582,3,1,8,01,21,4,0,2,1,1,0,0
"POINT (9.780104885000071 52.343049555000050)",Unfall 129585 (2018) Kat:3, Licht: 2,129585,3,3,5,01,17,6,0,2,1,1,0,0
"POINT (9.732715837000058 52.379250361000061)",Unfall 129586 (2018) Kat:3, Licht: 2,129586,3,2,3,02,18,5,0,2,1,1,0,0
"POINT (9.735845198000050 52.385305438000046)",Unfall 129592 (2018) Kat:3, Licht: 0,129592,3,7,5,01,10,4,1,0,1,1,0,0
"POINT (9.748743336000075 52.374556304000066)",Unfall 129593 (2018) Kat:3, Licht: 0,129593,3,2,5,01,08,4,0,0,1,1,0,0
"POINT (9.454901429000074 52.448243585000057)",Unfall 129602 (2018) Kat:3, Licht: 0,129602,3,3,5,01,15,4,0,0,1,1,0,0
"POINT (9.699062839000021 52.439145356000040)",Unfall 129612 (2018) Kat:2, Licht: 2,129612,2,4,6,01,17,2,1,2,1,0,1,0
"POINT (9.743878124000048 52.411301669000068)",Unfall 129643 (2018) Kat:3, Licht: 0,129643,3,3,5,01,07,3,0,0,1,1,0,0
"POINT (9.749252515000023 52.434175354000047)",Unfall 129646 (2018) Kat:3, Licht: 0,129646,3,3,5,01,14,7,0,0,1,1,0,0
"POINT (9.738883574000056 52.420914180000068)",Unfall 129658 (2018) Kat:3, Licht: 0,129658,3,3,5,01,16,3,0,0,1,1,0,0
"POINT (9.687037230000044 52.360206962000063)",Unfall 129680 (2018) Kat:3, Licht: 0,129680,3,3,0,01,14,3,0,0,1,1,0,0
"POINT (9.674393683000062 52.408306359000051)",Unfall 129696 (2018) Kat:3, Licht: 1,129696,3,1,0,02,07,5,2,1,1,0,0,0
"POINT (9.732672726000033 52.379428700000062)",Unfall 129698 (2018) Kat:3, Licht: 2,129698,3,2,5,01,07,3,0,2,1,1,0,0
"POINT (9.729114350000032 52.378089207000073)",Unfall 129717 (2018) Kat:3, Licht: 2,129717,3,2,5,01,02,7,0,2,1,1,0,0
"POINT (9.721542076000048 52.380245929000068)",Unfall 129743 (2018) Kat:3, Licht: 0,129743,3,7,0,02,08,3,2,0,1,0,0,0
"POINT (9.847313527000040 52.359940711000036)",Unfall 129744 (2018) Kat:3, Licht: 0,129744,3,1,0,02,08,7,0,0,1,0,0,0
"POINT (9.794249330000071 52.393554925000046)",Unfall 129768 (2018) Kat:3, Licht: 0,129768,3,3,5,02,14,6,0,0,1,1,0,0
"POINT (9.734200370000053 52.545954205000044)",Unfall 129770 (2018) Kat:3, Licht: 2,129770,3,7,0,02,22,6,1,2,1,0,0,0
"POINT (9.832175220000067 52.351690712000050)",Unfall 129786 (2018) Kat:3, Licht: 0,129786,3,7,0,02,17,4,2,0,1,0,0,0
"POINT (9.721111110000038 52.361659901000053)",Unfall 129808 (2018) Kat:3, Licht: 2,129808,3,2,4,02,22,5,0,2,1,1,0,0
"POINT (9.429585434000046 52.420800621000069)",Unfall 129810 (2018) Kat:3, Licht: 2,129810,3,3,5,02,17,5,0,2,1,1,0,0
"POINT (9.737130161000039 52.443249778000052)",Unfall 129844 (2018) Kat:3, Licht: 0,129844,3,2,5,02,13,3,0,0,1,1,0,0
"POINT (9.725640136000038 52.387873372000058)",Unfall 129846 (2018) Kat:3, Licht: 0,129846,3,4,6,02,14,2,0,0,1,0,1,0
"POINT (9.705823386000077 52.372238510000045)",Unfall 129851 (2018) Kat:3, Licht: 2,129851,3,2,0,02,18,4,0,2,1,1,0,0
"POINT (9.732937051000022 52.375647513000047)",Unfall 129856 (2018) Kat:3, Licht: 2,129856,3,6,2,02,20,4,0,2,1,1,0,0
"POINT (9.718332701000065 52.388237548000063)",Unfall 129872 (2018) Kat:3, Licht: 2,129872,3,3,5,02,21,1,1,2,1,0,0,0
"POINT (9.754728044000046 52.434667233000027)",Unfall 129892 (2018) Kat:2, Licht: 1,129892,2,2,5,02,07,3,1,1,1,1,0,0
"POINT (9.672996700000056 52.408669518000067)",Unfall 129903 (2018) Kat:2, Licht: 1,129903,2,6,0,02,17,2,0,1,1,1,0,0
"POINT (9.758638460000043 52.359398277000082)",Unfall 129916 (2018) Kat:2, Licht: 0,129916,2,1,0,02,14,3,2,0,1,0,0,0
"POINT (9.727544373000058 52.376886379000041)",Unfall 129934 (2018) Kat:3, Licht: 0,129934,3,5,1,02,13,2,0,0,1,1,0,0
"POINT (9.995311399000059 52.374323629000060)",Unfall 129960 (2018) Kat:3, Licht: 0,129960,3,6,3,02,17,3,0,0,1,1,0,0
"POINT (9.604226080000046 52.315179667000052)",Unfall 129965 (2018) Kat:3, Licht: 1,129965,3,7,0,02,21,7,1,1,1,0,0,0
"POINT (9.594887239000059 52.420945059000076)",Unfall 129977 (2018) Kat:3, Licht: 2,129977,3,3,5,02,23,7,1,2,1,1,0,0
"POINT (9.734059474000048 52.368871166000076)",Unfall 129991 (2018) Kat:3, Licht: 0,129991,3,3,5,02,15,6,0,0,1,1,0,0
"POINT (9.733762928000033 52.394799807000027)",Unfall 129992 (2018) Kat:3, Licht: 0,129992,3,6,0,02,13,6,0,0,1,1,0,0
"POINT (9.792520579000041 52.396766255000045)",Unfall 129994 (2018) Kat:3, Licht: 2,129994,3,2,3,02,21,6,1,2,1,1,0,0
"POINT (9.711274777000028 52.442910993000055)",Unfall 130008 (2018) Kat:3, Licht: 0,130008,3,2,5,02,16,4,0,0,1,1,0,0
"POINT (9.690715119000060 52.398187357000040)",Unfall 130011 (2018) Kat:3, Licht: 0,130011,3,1,0,02,14,3,2,0,1,0,0,0
"POINT (9.980537619000074 52.376123360000065)",Unfall 130012 (2018) Kat:3, Licht: 0,130012,3,7,6,02,11,2,0,0,1,0,1,0
"POINT (9.714410432000022 52.366334983000058)",Unfall 130033 (2018) Kat:3, Licht: 2,130033,3,7,2,02,18,2,0,2,1,0,0,0
"POINT (9.789229940000041 52.412714289000064)",Unfall 130037 (2018) Kat:3, Licht: 0,130037,3,5,5,02,12,2,0,0,1,1,0,0
"POINT (9.805924970000035 52.413294122000082)",Unfall 130051 (2018) Kat:3, Licht: 2,130051,3,3,5,02,05,2,0,2,1,1,0,0
"POINT (9.719022162000044 52.400522312000078)",Unfall 130056 (2018) Kat:3, Licht: 0,130056,3,6,4,02,17,2,1,0,1,1,0,0
"POINT (9.674040467000054 52.413818410000033)",Unfall 130082 (2018) Kat:3, Licht: 0,130082,3,2,5,02,07,4,0,0,1,1,0,0
"POINT (9.773831736000034 52.400391732000060)",Unfall 130085 (2018) Kat:3, Licht: 0,130085,3,3,5,02,07,3,0,0,1,1,0,0
"POINT (9.739845397000067 52.383072536000043)",Unfall 130090 (2018) Kat:3, Licht: 0,130090,3,3,5,02,16,4,0,0,1,0,0,0
"POINT (9.978357614000061 52.372731536000060)",Unfall 130095 (2018) Kat:2, Licht: 2,130095,2,7,0,02,21,2,2,2,1,0,0,0
"POINT (9.750908247000041 52.376798076000057)",Unfall 130099 (2018) Kat:3, Licht: 0,130099,3,3,5,02,09,5,1,0,1,1,0,0
"POINT (9.724137549000034 52.372419717000071)",Unfall 130126 (2018) Kat:3, Licht: 0,130126,3,3,5,02,17,6,0,0,1,1,0,0
"POINT (9.803150524000046 52.396391366000046)",Unfall 130148 (2018) Kat:3, Licht: 0,130148,3,3,5,02,09,2,1,0,1,1,0,0
"POINT (9.728363981000030 52.440850349000073)",Unfall 130160 (2018) Kat:3, Licht: 0,130160,3,7,0,02,13,2,0,0,1,0,1,0
"POINT (9.623718197000073 52.412186832000032)",Unfall 130161 (2018) Kat:3, Licht: 0,130161,3,3,5,02,08,6,1,0,1,1,0,0
"POINT (9.730321130000050 52.304450754000072)",Unfall 130171 (2018) Kat:3, Licht: 0,130171,3,7,0,02,09,6,2,0,1,0,0,0
"POINT (9.462586575000046 52.494678094000051)",Unfall 130173 (2018) Kat:3, Licht: 2,130173,3,3,5,02,06,6,2,2,1,1,0,0
"POINT (9.710676456000044 52.448220567000078)",Unfall 130177 (2018) Kat:3, Licht: 0,130177,3,3,5,02,14,6,0,0,1,0,0,0
"POINT (9.662183159000051 52.448618656000065)",Unfall 130179 (2018) Kat:3, Licht: 0,130179,3,3,5,02,13,7,0,0,1,1,0,0
"POINT (9.764322113000048 52.333970703000034)",Unfall 130180 (2018) Kat:3, Licht: 0,130180,3,3,5,02,10,6,0,0,1,1,0,0
"POINT (9.727724284000033 52.368351337000036)",Unfall 130221 (2018) Kat:3, Licht: 0,130221,3,3,5,02,14,5,0,0,1,1,0,0
"POINT (9.801099376000025 52.402871233000042)",Unfall 130223 (2018) Kat:3, Licht: 0,130223,3,3,5,02,12,5,0,0,1,0,0,0
"POINT (9.806537011000046 52.371872828000051)",Unfall 130251 (2018) Kat:3, Licht: 0,130251,3,3,5,02,14,5,1,0,1,1,0,0
"POINT (9.799220917000071 52.384600032000037)",Unfall 130253 (2018) Kat:3, Licht: 0,130253,3,7,0,02,13,2,0,0,1,0,0,0
"POINT (9.791265739000039 52.404154943000037)",Unfall 130254 (2018) Kat:3, Licht: 0,130254,3,3,5,02,16,5,1,0,1,1,0,0
"POINT (9.683981007000057 52.377983414000028)",Unfall 130270 (2018) Kat:3, Licht: 0,130270,3,1,0,03,11,7,1,0,1,0,0,0
"POINT (9.708880221000072 52.370484137000062)",Unfall 130281 (2018) Kat:2, Licht: 0,130281,2,2,5,02,09,3,1,0,1,1,0,0
"POINT (9.733989241000074 52.469671707000032)",Unfall 130288 (2018) Kat:3, Licht: 0,130288,3,3,5,03,11,1,0,0,1,1,0,0
"POINT (9.746451038000032 52.383557288000077)",Unfall 130293 (2018) Kat:3, Licht: 0,130293,3,6,3,03,14,3,0,0,1,1,0,0
"POINT (9.739176312000041 52.379617166000060)",Unfall 130324 (2018) Kat:3, Licht: 0,130324,3,3,5,03,08,2,1,0,1,1,0,0
"POINT (9.748858778000056 52.396796103000042)",Unfall 130327 (2018) Kat:3, Licht: 0,130327,3,1,0,03,07,2,1,0,1,1,0,0
"POINT (9.789328720000071 52.458330682000053)",Unfall 130357 (2018) Kat:3, Licht: 0,130357,3,2,5,03,12,2,1,0,1,1,0,0
"POINT (9.705078464000053 52.375153327000078)",Unfall 130367 (2018) Kat:3, Licht: 0,130367,3,5,1,03,17,7,2,0,1,1,0,0
"POINT (9.711236335000024 52.372191271000077)",Unfall 130375 (2018) Kat:3, Licht: 0,130375,3,1,0,03,17,7,0,0,1,0,0,0
"POINT (9.815626006000059 52.292217921000031)",Unfall 130412 (2018) Kat:3, Licht: 0,130412,3,3,5,03,11,6,0,0,1,1,0,0
"POINT (9.710241211000039 52.372556699000029)",Unfall 130413 (2018) Kat:3, Licht: 2,130413,3,7,0,03,22,7,1,2,1,0,0,0
"POINT (9.709558426000058 52.373603023000044)",Unfall 130438 (2018) Kat:3, Licht: 2,130438,3,1,1,03,18,5,2,2,1,1,0,0
"POINT (9.859774182000024 52.434242734000065)",Unfall 130444 (2018) Kat:3, Licht: 0,130444,3,3,5,03,15,5,1,0,1,1,0,0
"POINT (9.703767795000033 52.328883964000056)",Unfall 130478 (2018) Kat:3, Licht: 1,130478,3,3,5,03,17,4,0,1,1,1,0,0
"POINT (9.667591424000023 52.373210543000027)",Unfall 130481 (2018) Kat:3, Licht: 0,130481,3,3,5,03,07,4,0,0,1,1,0,0
"POINT (9.742188838000061 52.375945246000072)",Unfall 130487 (2018) Kat:3, Licht: 2,130487,3,1,0,03,19,7,0,2,1,0,0,0
"POINT (9.850671815000055 52.433560201000034)",Unfall 130488 (2018) Kat:2, Licht: 0,130488,2,7,0,02,09,4,2,0,1,0,0,0
"POINT (9.745017528000062 52.387525558000050)",Unfall 130503 (2018) Kat:3, Licht: 0,130503,3,7,0,03,14,1,1,0,1,0,0,0
"POINT (9.733731692000049 52.369283912000071)",Unfall 130508 (2018) Kat:3, Licht: 2,130508,3,3,5,03,18,2,0,2,1,1,0,0
"POINT (9.782704223000053 52.373566483000047)",Unfall 130516 (2018) Kat:3, Licht: 2,130516,3,7,0,02,18,3,2,2,1,0,0,0
"POINT (9.739099934000024 52.382551075000038)",Unfall 130518 (2018) Kat:3, Licht: 2,130518,3,3,5,02,18,3,2,2,1,1,0,0
"POINT (9.964102773000036 52.368270309000081)",Unfall 130519 (2018) Kat:3, Licht: 0,130519,3,1,0,02,16,3,2,0,1,0,0,0
"POINT (9.807522603000052 52.397406345000036)",Unfall 130520 (2018) Kat:3, Licht: 0,130520,3,3,5,03,15,2,1,0,1,1,0,0
"POINT (9.781101013000068 52.399951845000032)",Unfall 130525 (2018) Kat:3, Licht: 1,130525,3,1,5,03,06,4,2,1,1,1,0,0
"POINT (9.771875616000045 52.338711297000032)",Unfall 130550 (2018) Kat:3, Licht: 0,130550,3,3,5,03,18,1,0,0,1,1,0,0
"POINT (9.823639114000059 52.383937498000080)",Unfall 130554 (2018) Kat:2, Licht: 2,130554,2,2,5,03,19,6,0,2,1,1,0,0
"POINT (9.715067104000070 52.340645781000035)",Unfall 130629 (2018) Kat:3, Licht: 0,130629,3,1,0,03,12,6,2,0,1,0,0,0
"POINT (9.714547089000064 52.367779148000068)",Unfall 130630 (2018) Kat:3, Licht: 0,130630,3,3,5,03,11,6,1,0,1,1,0,0
"POINT (9.980929294000021 52.376614200000063)",Unfall 130659 (2018) Kat:3, Licht: 0,130659,3,3,5,03,12,6,0,0,1,1,0,0
"POINT (9.672919379000064 52.375921861000052)",Unfall 130674 (2018) Kat:3, Licht: 0,130674,3,3,5,03,15,5,0,0,1,1,0,0
"POINT (9.769487844000025 52.396929693000061)",Unfall 130677 (2018) Kat:3, Licht: 0,130677,3,7,0,03,17,5,0,0,1,1,0,0
"POINT (9.432667505000040 52.426957809000044)",Unfall 130754 (2018) Kat:3, Licht: 0,130754,3,1,0,03,14,6,1,0,1,0,0,0
"POINT (9.623397448000048 52.428944210000054)",Unfall 130760 (2018) Kat:2, Licht: 0,130760,2,7,0,03,13,3,1,0,1,0,0,0
"POINT (9.790480546000026 52.343481856000039)",Unfall 130763 (2018) Kat:3, Licht: 0,130763,3,7,5,03,07,3,1,0,1,1,0,0
"POINT (9.851465741000027 52.361125492000042)",Unfall 130781 (2018) Kat:2, Licht: 2,130781,2,6,0,03,19,7,0,2,1,0,0,0
"POINT (9.751242109000032 52.372427029000050)",Unfall 130794 (2018) Kat:3, Licht: 0,130794,3,2,3,04,15,7,0,0,1,1,0,0
"POINT (9.758274209000035 52.419071394000071)",Unfall 130804 (2018) Kat:3, Licht: 0,130804,3,1,4,04,18,1,0,0,1,1,0,0
"POINT (9.809946205000074 52.384325484000044)",Unfall 130812 (2018) Kat:2, Licht: 0,130812,2,7,0,04,10,1,0,0,1,0,0,0
"POINT (9.435893209000028 52.426040532000059)",Unfall 130821 (2018) Kat:3, Licht: 0,130821,3,2,3,04,09,4,0,0,1,0,0,0
"POINT (9.738258577000067 52.381990713000050)",Unfall 130858 (2018) Kat:3, Licht: 0,130858,3,2,5,04,17,7,0,0,1,1,0,0
"POINT (9.736059258000068 52.416338520000068)",Unfall 130860 (2018) Kat:3, Licht: 0,130860,3,3,5,04,07,6,0,0,1,1,0,0
"POINT (9.519182536000074 52.328496923000046)",Unfall 130868 (2018) Kat:2, Licht: 0,130868,2,3,5,04,11,3,0,0,1,1,0,0
"POINT (9.601728857000069 52.418897106000031)",Unfall 130883 (2018) Kat:3, Licht: 0,130883,3,7,1,04,17,2,0,0,1,1,0,0
"POINT (9.710914520000074 52.391312434000042)",Unfall 130907 (2018) Kat:3, Licht: 0,130907,3,6,1,04,10,1,0,0,1,1,0,0
"POINT (9.819311098000071 52.390631072000076)",Unfall 130908 (2018) Kat:3, Licht: 0,130908,3,7,0,03,12,7,1,0,1,0,0,0
"POINT (9.747585664000042 52.395268387000044)",Unfall 130913 (2018) Kat:3, Licht: 0,130913,3,2,5,04,15,6,0,0,1,1,0,0
"POINT (10.008756977000075 52.451353001000030)",Unfall 130951 (2018) Kat:3, Licht: 0,130951,3,3,5,04,11,7,0,0,1,0,0,0
"POINT (9.718312868000055 52.359519349000038)",Unfall 130962 (2018) Kat:2, Licht: 2,130962,2,1,0,04,22,6,0,2,1,0,0,0
"POINT (9.745026490000043 52.394248056000038)",Unfall 130963 (2018) Kat:3, Licht: 0,130963,3,2,5,04,10,1,0,0,1,1,0,0
"POINT (9.735996124000053 52.441173634000052)",Unfall 130969 (2018) Kat:3, Licht: 0,130969,3,2,3,04,14,6,0,0,1,0,0,0
"POINT (9.783922729000040 52.360413611000070)",Unfall 130975 (2018) Kat:3, Licht: 0,130975,3,6,3,04,15,1,0,0,1,0,0,0
"POINT (9.738838899000029 52.363304398000082)",Unfall 130976 (2018) Kat:3, Licht: 0,130976,3,2,3,03,13,5,0,0,1,0,0,0
"POINT (9.708417310000073 52.388468870000054)",Unfall 130977 (2018) Kat:3, Licht: 2,130977,3,3,5,03,20,5,1,2,1,1,0,0
"POINT (9.702260528000068 52.328906357000051)",Unfall 130980 (2018) Kat:3, Licht: 0,130980,3,3,5,03,11,5,1,0,1,1,0,0
"POINT (9.743926908000049 52.384914849000040)",Unfall 131008 (2018) Kat:3, Licht: 2,131008,3,2,5,03,20,4,1,2,1,1,0,0
"POINT (9.621391359000029 52.406385991000036)",Unfall 131011 (2018) Kat:3, Licht: 0,131011,3,1,0,03,13,4,1,0,1,0,0,0
"POINT (9.734081815000025 52.368534082000053)",Unfall 131028 (2018) Kat:3, Licht: 0,131028,3,7,0,04,13,6,0,0,1,0,0,0
"POINT (9.757377483000028 52.450330651000058)",Unfall 131041 (2018) Kat:3, Licht: 0,131041,3,3,5,03,10,3,0,0,1,1,0,0
"POINT (9.741907662000074 52.375709240000049)",Unfall 131045 (2018) Kat:3, Licht: 0,131045,3,3,5,04,11,2,0,0,1,1,0,0
"POINT (9.476822653000056 52.430709395000065)",Unfall 131060 (2018) Kat:3, Licht: 0,131060,3,1,0,04,10,7,0,0,1,0,0,0
"POINT (9.785362191000047 52.320114160000060)",Unfall 131076 (2018) Kat:3, Licht: 0,131076,3,3,5,04,18,5,0,0,1,1,0,0
"POINT (9.751344361000065 52.356281375000037)",Unfall 131078 (2018) Kat:3, Licht: 0,131078,3,6,2,04,20,5,0,0,1,1,0,0
"POINT (9.744039913000052 52.379734201000076)",Unfall 131079 (2018) Kat:3, Licht: 0,131079,3,5,1,04,18,5,0,0,1,1,1,0
"POINT (9.729281660000027 52.328997327000081)",Unfall 131083 (2018) Kat:3, Licht: 0,131083,3,5,1,04,19,5,0,0,1,1,0,0
"POINT (9.945608701000026 52.334577531000036)",Unfall 131085 (2018) Kat:3, Licht: 0,131085,3,3,5,04,08,5,0,0,1,1,0,0
"POINT (9.734322884000051 52.376758751000068)",Unfall 131088 (2018) Kat:3, Licht: 0,131088,3,1,0,04,16,5,0,0,1,0,0,0
"POINT (9.796884660000046 52.417825342000071)",Unfall 131089 (2018) Kat:2, Licht: 0,131089,2,6,3,04,15,5,0,0,1,0,0,0
"POINT (9.671125641000060 52.402714881000065)",Unfall 131091 (2018) Kat:3, Licht: 0,131091,3,3,5,04,14,5,0,0,1,1,0,0
"POINT (9.742632764000064 52.375261720000026)",Unfall 131092 (2018) Kat:3, Licht: 0,131092,3,5,0,04,10,5,0,0,1,0,0,0
"POINT (9.455659543000024 52.507286821000037)",Unfall 131093 (2018) Kat:3, Licht: 0,131093,3,3,5,04,11,2,0,0,1,1,0,0
"POINT (9.765594976000045 52.367580595000049)",Unfall 131094 (2018) Kat:2, Licht: 0,131094,2,3,5,04,08,5,0,0,1,0,0,0
"POINT (9.813004131000071 52.379881048000072)",Unfall 131095 (2018) Kat:3, Licht: 0,131095,3,5,1,04,08,5,0,0,1,1,0,0
"POINT (9.690231176000054 52.377441730000044)",Unfall 131106 (2018) Kat:3, Licht: 0,131106,3,3,5,04,15,3,0,0,1,1,0,0
"POINT (9.661223212000039 52.404247809000026)",Unfall 131109 (2018) Kat:2, Licht: 0,131109,2,6,6,04,08,2,0,0,1,0,1,0
"POINT (9.722980870000072 52.377628885000036)",Unfall 131145 (2018) Kat:3, Licht: 0,131145,3,3,5,04,18,4,1,0,1,1,0,0
"POINT (9.812639805000060 52.398681588000045)",Unfall 131146 (2018) Kat:3, Licht: 0,131146,3,4,6,04,17,4,0,0,1,0,1,0
"POINT (9.661649295000075 52.413164380000069)",Unfall 131147 (2018) Kat:2, Licht: 2,131147,2,1,0,04,20,2,0,2,1,0,0,0
"POINT (9.708423604000075 52.426707237000073)",Unfall 131148 (2018) Kat:3, Licht: 0,131148,3,3,5,04,14,4,0,0,1,1,0,0
"POINT (9.743883869000058 52.393944080000040)",Unfall 131150 (2018) Kat:3, Licht: 0,131150,3,3,5,04,09,4,0,0,1,1,0,0
"POINT (9.684848045000024 52.335731348000081)",Unfall 131154 (2018) Kat:3, Licht: 0,131154,3,4,6,04,13,4,0,0,1,0,1,0
"POINT (9.707432752000045 52.215123587000051)",Unfall 131160 (2018) Kat:2, Licht: 0,131160,2,3,5,04,15,3,0,0,1,0,0,0
"POINT (9.703764853000052 52.399571922000064)",Unfall 131199 (2018) Kat:2, Licht: 0,131199,2,7,0,04,16,3,0,0,1,0,0,0
"POINT (9.704724938000027 52.375276283000062)",Unfall 131221 (2018) Kat:3, Licht: 0,131221,3,7,0,04,13,3,0,0,1,0,0,0
"POINT (9.664581275000046 52.447539885000026)",Unfall 131222 (2018) Kat:2, Licht: 0,131222,2,3,5,04,19,2,0,0,1,1,0,0
"POINT (9.790548021000063 52.347022011000035)",Unfall 131223 (2018) Kat:3, Licht: 0,131223,3,1,0,04,13,3,0,0,1,0,0,0
"POINT (9.705060156000059 52.367012859000056)",Unfall 131224 (2018) Kat:3, Licht: 0,131224,3,7,1,04,10,6,1,0,1,1,0,0
"POINT (9.769875392000074 52.336321467000062)",Unfall 131225 (2018) Kat:3, Licht: 0,131225,3,3,5,04,17,3,0,0,1,1,0,0
"POINT (9.980538601000035 52.386616130000050)",Unfall 131226 (2018) Kat:3, Licht: 0,131226,3,1,0,04,18,7,0,0,1,0,0,0
"POINT (9.818770427000061 52.322993027000052)",Unfall 131227 (2018) Kat:3, Licht: 0,131227,3,2,0,04,13,6,1,0,1,0,0,0
"POINT (10.016435005000062 52.449975337000069)",Unfall 131236 (2018) Kat:3, Licht: 0,131236,3,2,5,04,07,3,0,0,1,1,0,0
"POINT (9.718363180000040 52.386323466000078)",Unfall 131237 (2018) Kat:3, Licht: 0,131237,3,6,1,04,13,6,1,0,1,1,0,0
"POINT (9.738441725000030 52.390059469000050)",Unfall 131238 (2018) Kat:3, Licht: 0,131238,3,3,5,04,15,3,0,0,1,1,0,0
"POINT (9.714446910000049 52.366054860000077)",Unfall 131241 (2018) Kat:3, Licht: 0,131241,3,6,2,04,12,3,0,0,1,1,0,0
"POINT (9.750196811000023 52.376483413000074)",Unfall 131244 (2018) Kat:3, Licht: 0,131244,3,2,2,04,08,3,0,0,1,0,0,1
"POINT (9.599580464000042 52.434942151000030)",Unfall 131246 (2018) Kat:3, Licht: 0,131246,3,7,0,04,13,6,1,0,1,0,0,0
"POINT (9.739800276000040 52.383122628000081)",Unfall 131247 (2018) Kat:2, Licht: 0,131247,2,2,5,04,07,3,0,0,1,1,0,0
"POINT (9.722941478000053 52.368956798000056)",Unfall 131284 (2018) Kat:3, Licht: 2,131284,3,7,6,04,05,2,0,2,1,0,1,0
"POINT (10.004845628000055 52.449546907000069)",Unfall 131310 (2018) Kat:3, Licht: 0,131310,3,3,5,04,14,3,0,0,1,1,0,0
"POINT (9.757656493000070 52.356056457000079)",Unfall 131312 (2018) Kat:3, Licht: 0,131312,3,3,5,04,08,6,1,0,1,0,0,0
"POINT (9.748128660000077 52.390928602000031)",Unfall 131317 (2018) Kat:3, Licht: 0,131317,3,3,5,04,11,5,0,0,1,1,0,0
"POINT (9.851707484000031 52.490488342000049)",Unfall 131319 (2018) Kat:3, Licht: 0,131319,3,3,5,04,12,3,0,0,1,1,0,0
"POINT (9.783922729000040 52.360413611000070)",Unfall 131323 (2018) Kat:3, Licht: 0,131323,3,6,4,04,15,5,0,0,1,0,0,0
"POINT (9.740971694000052 52.369082414000047)",Unfall 131326 (2018) Kat:3, Licht: 0,131326,3,1,0,04,15,5,0,0,1,0,0,0
"POINT (9.691750600000034 52.364985925000042)",Unfall 131350 (2018) Kat:3, Licht: 0,131350,3,2,5,04,13,6,0,0,1,1,0,0
"POINT (9.719460158000061 52.349479415000076)",Unfall 131363 (2018) Kat:3, Licht: 0,131363,3,6,2,04,11,2,0,0,1,1,0,0
"POINT (9.724153635000050 52.349784776000035)",Unfall 131399 (2018) Kat:2, Licht: 0,131399,2,7,0,04,17,1,0,0,1,0,0,0
"POINT (9.815239574000032 52.359753847000036)",Unfall 131402 (2018) Kat:3, Licht: 0,131402,3,1,0,04,07,6,0,0,1,0,0,0
"POINT (9.717117524000059 52.343629575000080)",Unfall 131417 (2018) Kat:3, Licht: 0,131417,3,1,0,04,16,5,0,0,1,0,0,0
"POINT (9.706519400000047 52.373773224000047)",Unfall 131418 (2018) Kat:3, Licht: 0,131418,3,7,0,04,18,2,0,0,1,0,0,0
"POINT (9.618267517000049 52.405779479000046)",Unfall 131422 (2018) Kat:3, Licht: 0,131422,3,3,5,04,18,7,0,0,1,1,0,0
"POINT (9.709427429000073 52.373647806000065)",Unfall 131435 (2018) Kat:3, Licht: 0,131435,3,1,0,04,08,7,0,0,1,0,0,0
"POINT (9.807598030000065 52.379633652000052)",Unfall 131439 (2018) Kat:3, Licht: 0,131439,3,2,5,04,18,7,0,0,1,1,0,0
"POINT (9.694678965000037 52.405921606000049)",Unfall 131446 (2018) Kat:3, Licht: 0,131446,3,3,5,04,07,4,0,0,1,0,0,0
"POINT (9.712872160000075 52.371580554000047)",Unfall 131456 (2018) Kat:3, Licht: 0,131456,3,6,4,04,13,4,0,0,1,0,0,0
"POINT (9.702920557000027 52.341162327000063)",Unfall 131462 (2018) Kat:3, Licht: 0,131462,3,2,5,04,14,7,0,0,1,1,0,0
"POINT (9.737179264000076 52.375527126000065)",Unfall 131466 (2018) Kat:3, Licht: 2,131466,3,1,0,04,00,4,0,2,1,0,0,0
"POINT (9.727898133000053 52.400205696000057)",Unfall 131469 (2018) Kat:3, Licht: 0,131469,3,3,5,04,14,3,0,0,1,1,0,0
"POINT (9.855510763000041 52.392483388000073)",Unfall 131471 (2018) Kat:3, Licht: 0,131471,3,6,0,04,14,5,0,0,1,1,0,0
"POINT (9.734718510000050 52.375074111000060)",Unfall 131472 (2018) Kat:3, Licht: 0,131472,3,3,5,04,08,2,0,0,1,0,0,0
"POINT (9.728291783000032 52.359011700000053)",Unfall 131473 (2018) Kat:3, Licht: 0,131473,3,3,5,04,17,4,0,0,1,1,0,0
"POINT (9.825422251000077 52.360760331000051)",Unfall 131478 (2018) Kat:2, Licht: 0,131478,2,5,1,04,14,4,0,0,1,1,0,0
"POINT (9.742834730000027 52.379256714000064)",Unfall 131481 (2018) Kat:3, Licht: 0,131481,3,1,0,04,15,4,0,0,1,0,0,0
"POINT (9.739189340000053 52.370483592000028)",Unfall 131483 (2018) Kat:3, Licht: 0,131483,3,5,1,04,15,3,0,0,1,1,0,0
"POINT (9.755616642000064 52.366395170000033)",Unfall 131491 (2018) Kat:3, Licht: 0,131491,3,4,6,04,10,4,1,0,1,0,1,0
"POINT (9.806838055000071 52.307824140000037)",Unfall 131519 (2018) Kat:3, Licht: 0,131519,3,2,4,04,13,6,0,0,1,1,0,0
"POINT (9.714334178000058 52.360922613000071)",Unfall 131532 (2018) Kat:3, Licht: 0,131532,3,3,5,04,16,5,0,0,1,1,0,0
"POINT (9.660763960000054 52.356079708000038)",Unfall 131533 (2018) Kat:3, Licht: 0,131533,3,3,5,04,07,2,0,0,1,1,0,0
"POINT (9.588294734000044 52.412966298000072)",Unfall 131544 (2018) Kat:3, Licht: 0,131544,3,4,6,04,09,3,0,0,1,0,1,0
"POINT (9.592761584000073 52.415510574000052)",Unfall 131550 (2018) Kat:3, Licht: 0,131550,3,2,3,04,15,4,0,0,1,1,0,0
"POINT (9.809064359000047 52.379532471000061)",Unfall 131582 (2018) Kat:3, Licht: 0,131582,3,2,5,04,12,3,0,0,1,1,0,0
"POINT (9.759858206000047 52.361709909000069)",Unfall 131583 (2018) Kat:3, Licht: 0,131583,3,3,5,04,07,5,0,0,1,1,0,0
"POINT (9.721907481000073 52.376723325000057)",Unfall 131590 (2018) Kat:3, Licht: 0,131590,3,7,0,04,20,1,0,0,1,0,0,0
"POINT (9.731093207000072 52.407363834000080)",Unfall 131595 (2018) Kat:3, Licht: 0,131595,3,3,5,05,07,6,0,0,1,1,0,0
"POINT (9.756460769000057 52.341404655000076)",Unfall 131601 (2018) Kat:3, Licht: 0,131601,3,1,7,04,18,1,1,0,1,0,0,0
"POINT (9.764002284000071 52.566731817000061)",Unfall 131607 (2018) Kat:3, Licht: 0,131607,3,7,0,05,16,6,0,0,1,0,1,0
"POINT (9.430541632000029 52.419543467000040)",Unfall 131609 (2018) Kat:3, Licht: 0,131609,3,3,5,04,20,2,0,0,1,1,0,0
"POINT (9.725453182000024 52.383961077000038)",Unfall 131618 (2018) Kat:3, Licht: 0,131618,3,2,5,05,08,6,0,0,1,1,0,0
"POINT (9.719381992000024 52.366076236000026)",Unfall 131631 (2018) Kat:3, Licht: 0,131631,3,5,1,04,18,7,0,0,1,1,0,0
"POINT (9.701065616000051 52.375478830000077)",Unfall 131634 (2018) Kat:3, Licht: 0,131634,3,3,5,04,07,6,0,0,1,0,0,0
"POINT (9.621974823000073 52.248064009000075)",Unfall 131639 (2018) Kat:3, Licht: 0,131639,3,1,0,04,14,1,0,0,1,0,0,0
"POINT (9.714889002000064 52.370856302000050)",Unfall 131661 (2018) Kat:3, Licht: 0,131661,3,3,5,05,14,6,0,0,1,0,0,0
"POINT (10.009491170000047 52.452495688000056)",Unfall 131663 (2018) Kat:3, Licht: 0,131663,3,3,5,04,10,2,0,0,1,1,0,0
"POINT (9.793047527000056 52.403209386000071)",Unfall 131668 (2018) Kat:3, Licht: 0,131668,3,3,5,05,09,4,0,0,1,1,0,0
"POINT (9.735161813000048 52.380394321000040)",Unfall 131672 (2018) Kat:3, Licht: 2,131672,3,1,0,05,02,5,0,2,1,0,0,0
"POINT (9.706812530000036 52.407865543000071)",Unfall 131686 (2018) Kat:3, Licht: 0,131686,3,3,5,05,19,5,0,0,1,1,0,0
"POINT (9.997430090000023 52.446869749000030)",Unfall 131691 (2018) Kat:3, Licht: 0,131691,3,3,5,04,17,6,0,0,1,0,0,0
"POINT (10.112639923000074 52.492311369000049)",Unfall 131695 (2018) Kat:2, Licht: 0,131695,2,7,1,04,20,1,0,0,1,0,0,0
"POINT (9.780165720000071 52.342977023000060)",Unfall 131704 (2018) Kat:3, Licht: 0,131704,3,2,4,05,11,6,0,0,1,1,0,0
"POINT (9.735294670000030 52.439950731000067)",Unfall 131713 (2018) Kat:3, Licht: 0,131713,3,3,5,05,20,4,0,0,1,1,0,0
"POINT (9.750884517000031 52.375551726000026)",Unfall 131714 (2018) Kat:3, Licht: 0,131714,3,2,5,05,09,6,0,0,1,1,0,0
"POINT (9.745872515000031 52.303711106000037)",Unfall 131718 (2018) Kat:3, Licht: 0,131718,3,5,1,05,13,6,0,0,1,1,0,0
"POINT (10.007378282000047 52.446544231000075)",Unfall 131730 (2018) Kat:3, Licht: 0,131730,3,6,2,04,17,7,0,0,1,1,0,0
"POINT (9.717187624000076 52.344810372000040)",Unfall 131752 (2018) Kat:3, Licht: 0,131752,3,3,5,04,17,5,0,0,1,1,0,0
"POINT (9.762856415000044 52.409179919000053)",Unfall 131753 (2018) Kat:3, Licht: 0,131753,3,7,0,04,11,1,0,0,1,0,0,0
"POINT (9.734316402000047 52.376745665000044)",Unfall 131775 (2018) Kat:3, Licht: 0,131775,3,1,0,05,17,6,0,0,1,0,0,0
"POINT (9.771563573000037 52.397494507000033)",Unfall 131787 (2018) Kat:3, Licht: 0,131787,3,4,6,05,10,4,0,0,1,0,1,0
"POINT (9.693932138000037 52.400935138000079)",Unfall 131791 (2018) Kat:3, Licht: 0,131791,3,2,5,05,08,5,0,0,1,1,0,0
"POINT (9.707392934000040 52.433544257000051)",Unfall 131812 (2018) Kat:3, Licht: 0,131812,3,3,5,04,14,1,0,0,1,1,0,0
"POINT (9.757661793000068 52.356082010000080)",Unfall 131829 (2018) Kat:3, Licht: 0,131829,3,3,5,05,07,4,0,0,1,1,0,0
"POINT (9.739479860000074 52.380839292000076)",Unfall 131839 (2018) Kat:3, Licht: 0,131839,3,2,5,05,07,4,0,0,1,0,0,0
"POINT (9.736768933000064 52.371295429000043)",Unfall 131843 (2018) Kat:3, Licht: 0,131843,3,4,6,05,16,5,0,0,1,0,1,0
"POINT (9.713505857000030 52.371393861000058)",Unfall 131845 (2018) Kat:3, Licht: 0,131845,3,1,0,04,18,5,1,0,1,0,0,0
"POINT (9.705482092000068 52.414828472000067)",Unfall 131858 (2018) Kat:3, Licht: 0,131858,3,7,0,04,17,6,0,0,1,0,0,0
"POINT (9.968336959000055 52.379676047000032)",Unfall 131871 (2018) Kat:3, Licht: 0,131871,3,6,0,05,17,2,0,0,1,0,0,0
"POINT (10.018845767000073 52.453653522000081)",Unfall 131872 (2018) Kat:3, Licht: 0,131872,3,3,5,05,12,3,0,0,1,0,0,0
"POINT (9.817948939000075 52.392892889000052)",Unfall 131882 (2018) Kat:3, Licht: 0,131882,3,3,5,05,08,4,0,0,1,1,0,0
"POINT (9.784560186000022 52.450351708000028)",Unfall 131889 (2018) Kat:3, Licht: 0,131889,3,7,0,05,13,2,0,0,1,0,0,0
"POINT (9.750983505000022 52.379218431000027)",Unfall 131892 (2018) Kat:3, Licht: 0,131892,3,3,5,05,08,2,0,0,1,1,0,0
"POINT (9.709708440000043 52.346965069000078)",Unfall 131912 (2018) Kat:3, Licht: 0,131912,3,3,5,05,19,3,0,0,1,1,0,0
"POINT (9.712941346000036 52.371555792000038)",Unfall 131942 (2018) Kat:3, Licht: 1,131942,3,3,5,05,20,6,0,1,1,0,0,0
"POINT (9.970633259000067 52.376228918000038)",Unfall 131947 (2018) Kat:3, Licht: 0,131947,3,3,5,05,11,7,0,0,1,1,0,0
"POINT (9.793038546000048 52.403225996000060)",Unfall 131949 (2018) Kat:3, Licht: 0,131949,3,3,5,05,07,4,0,0,1,1,0,0
"POINT (9.734035364000022 52.376679018000061)",Unfall 131964 (2018) Kat:3, Licht: 0,131964,3,1,0,05,17,5,0,0,1,0,0,0
"POINT (9.741594577000058 52.359828697000069)",Unfall 131984 (2018) Kat:3, Licht: 0,131984,3,7,0,05,17,3,0,0,1,0,1,0
"POINT (9.713694427000064 52.385440422000045)",Unfall 131995 (2018) Kat:3, Licht: 0,131995,3,7,0,05,15,1,0,0,1,0,0,0
"POINT (9.819118793000030 52.399936862000061)",Unfall 132000 (2018) Kat:3, Licht: 0,132000,3,3,5,05,09,6,0,0,1,1,0,0
"POINT (9.595212299000025 52.432799895000073)",Unfall 132002 (2018) Kat:3, Licht: 0,132002,3,3,5,05,10,1,0,0,1,0,0,0
"POINT (9.767704619000028 52.410338264000075)",Unfall 132008 (2018) Kat:3, Licht: 0,132008,3,3,5,05,13,7,0,0,1,1,0,0
"POINT (9.700691976000030 52.366347652000059)",Unfall 132020 (2018) Kat:2, Licht: 0,132020,2,4,6,05,10,5,0,0,1,0,1,0
"POINT (9.694719604000056 52.405910634000065)",Unfall 132035 (2018) Kat:3, Licht: 0,132035,3,3,5,05,17,4,0,0,1,1,0,0
"POINT (9.743752327000038 52.374307940000051)",Unfall 132040 (2018) Kat:3, Licht: 0,132040,3,1,0,05,13,3,0,0,1,0,0,0
"POINT (9.905959951000057 52.363004162000038)",Unfall 132044 (2018) Kat:3, Licht: 0,132044,3,3,5,05,20,3,0,0,1,1,0,0
"POINT (9.740175514000043 52.401774364000062)",Unfall 132061 (2018) Kat:3, Licht: 0,132061,3,6,2,05,17,6,0,0,1,1,0,0
"POINT (9.981857945000058 52.414288102000057)",Unfall 132067 (2018) Kat:3, Licht: 0,132067,3,7,0,05,13,7,0,0,1,0,0,0
"POINT (9.738859909000041 52.363285662000067)",Unfall 132110 (2018) Kat:3, Licht: 0,132110,3,4,0,05,15,4,0,0,1,0,1,0
"POINT (9.768893540000022 52.377957304000063)",Unfall 132115 (2018) Kat:3, Licht: 0,132115,3,3,5,05,11,6,0,0,1,1,0,0
"POINT (9.790038605000063 52.358577185000058)",Unfall 132120 (2018) Kat:3, Licht: 0,132120,3,1,8,05,20,7,0,0,1,1,0,0
"POINT (9.479220819000034 52.292222423000055)",Unfall 132135 (2018) Kat:3, Licht: 0,132135,3,7,0,05,11,5,0,0,1,0,0,0
"POINT (9.610765188000073 52.414659247000031)",Unfall 132139 (2018) Kat:3, Licht: 0,132139,3,3,5,05,17,3,0,0,1,1,0,0
"POINT (9.807628132000048 52.300536826000041)",Unfall 132163 (2018) Kat:3, Licht: 0,132163,3,6,2,05,15,2,0,0,1,0,0,0
"POINT (9.733731091000038 52.362121986000034)",Unfall 132185 (2018) Kat:3, Licht: 0,132185,3,3,5,05,11,4,1,0,1,1,0,0
"POINT (9.690724681000063 52.346291459000042)",Unfall 132189 (2018) Kat:3, Licht: 1,132189,3,3,5,05,21,4,0,1,1,1,0,0
"POINT (9.714522490000036 52.371323485000062)",Unfall 132192 (2018) Kat:2, Licht: 0,132192,2,1,0,05,15,4,1,0,1,0,0,0
"POINT (9.805405198000074 52.412341792000063)",Unfall 132194 (2018) Kat:2, Licht: 0,132194,2,3,5,05,18,1,0,0,1,1,0,0
"POINT (9.706956944000069 52.375408530000072)",Unfall 132198 (2018) Kat:3, Licht: 0,132198,3,5,1,05,08,4,1,0,1,1,0,0
"POINT (9.803150524000046 52.396391366000046)",Unfall 132219 (2018) Kat:3, Licht: 0,132219,3,3,5,05,14,2,0,0,1,1,0,0
"POINT (9.746392996000054 52.354158011000038)",Unfall 132256 (2018) Kat:3, Licht: 0,132256,3,6,0,05,19,1,0,0,1,0,0,0
"POINT (9.736161640000034 52.441473210000026)",Unfall 132264 (2018) Kat:3, Licht: 0,132264,3,3,5,05,07,3,0,0,1,0,0,0
"POINT (9.692811484000060 52.324910862000081)",Unfall 132275 (2018) Kat:3, Licht: 0,132275,3,6,3,05,16,2,0,0,1,0,0,0
"POINT (9.662570958000060 52.341841729000066)",Unfall 132287 (2018) Kat:3, Licht: 0,132287,3,3,5,05,16,5,0,0,1,1,0,0
"POINT (9.819331709000039 52.301000546000068)",Unfall 132303 (2018) Kat:2, Licht: 0,132303,2,3,5,05,19,7,0,0,1,1,0,0
"POINT (9.718239900000071 52.373374855000066)",Unfall 132309 (2018) Kat:3, Licht: 2,132309,3,7,0,05,22,5,0,2,1,0,0,0
"POINT (9.809321429000022 52.461432652000042)",Unfall 132311 (2018) Kat:2, Licht: 0,132311,2,6,4,05,15,1,0,0,1,0,0,0
"POINT (9.714451743000041 52.342478451000034)",Unfall 132320 (2018) Kat:3, Licht: 0,132320,3,3,5,05,11,5,0,0,1,1,0,0
"POINT (9.451960460000066 52.502539033000062)",Unfall 132325 (2018) Kat:2, Licht: 0,132325,2,1,0,05,12,5,0,0,1,0,0,0
"POINT (9.720303141000045 52.391524305000075)",Unfall 132328 (2018) Kat:3, Licht: 0,132328,3,1,0,05,08,5,0,0,1,0,0,0
"POINT (9.739648242000044 52.381212311000070)",Unfall 132345 (2018) Kat:3, Licht: 0,132345,3,3,5,05,18,2,0,0,1,1,0,0
"POINT (9.631354012000031 52.393833161000032)",Unfall 132351 (2018) Kat:3, Licht: 0,132351,3,2,4,05,07,2,0,0,1,1,0,0
"POINT (10.088313000000028 52.487146064000058)",Unfall 132354 (2018) Kat:3, Licht: 0,132354,3,3,5,05,15,2,0,0,1,1,0,0
"POINT (9.784192240000039 52.375664895000057)",Unfall 132355 (2018) Kat:3, Licht: 0,132355,3,3,5,05,17,2,0,0,1,0,0,0
"POINT (9.730172752000044 52.368593716000078)",Unfall 132358 (2018) Kat:3, Licht: 0,132358,3,3,5,05,13,2,0,0,1,1,0,0
"POINT (9.859497388000023 52.368071736000047)",Unfall 132361 (2018) Kat:3, Licht: 0,132361,3,2,5,05,12,2,0,0,1,0,0,0
"POINT (9.716016188000026 52.378109971000072)",Unfall 132363 (2018) Kat:3, Licht: 0,132363,3,7,0,05,11,2,0,0,1,0,0,0
"POINT (9.727165656000068 52.396338422000042)",Unfall 132365 (2018) Kat:3, Licht: 0,132365,3,3,5,05,10,2,0,0,1,1,0,0
"POINT (9.781498549000048 52.420821928000066)",Unfall 132371 (2018) Kat:3, Licht: 0,132371,3,1,0,05,11,1,0,0,1,0,0,0
"POINT (9.710744654000052 52.447542535000082)",Unfall 132393 (2018) Kat:3, Licht: 0,132393,3,1,0,05,10,2,0,0,1,0,0,0
"POINT (9.742264524000063 52.370262774000082)",Unfall 132403 (2018) Kat:3, Licht: 0,132403,3,5,1,05,13,7,0,0,1,1,0,0
"POINT (9.745036201000062 52.394251338000061)",Unfall 132411 (2018) Kat:3, Licht: 0,132411,3,3,0,05,12,1,0,0,1,1,0,0
"POINT (9.734074268000029 52.391838228000040)",Unfall 132458 (2018) Kat:3, Licht: 0,132458,3,5,1,05,08,5,0,0,1,1,0,0
"POINT (10.021449680000046 52.491673389000027)",Unfall 132464 (2018) Kat:3, Licht: 0,132464,3,1,0,05,17,6,0,0,1,0,0,0
"POINT (9.789712266000038 52.397059163000051)",Unfall 132465 (2018) Kat:3, Licht: 0,132465,3,2,3,05,16,3,0,0,1,1,0,0
"POINT (9.738065789000075 52.375856359000068)",Unfall 132467 (2018) Kat:3, Licht: 0,132467,3,2,3,05,14,5,0,0,1,1,0,0
"POINT (9.758471802000031 52.394907239000077)",Unfall 132476 (2018) Kat:3, Licht: 0,132476,3,5,1,05,19,5,0,0,1,1,0,0
"POINT (9.741784135000046 52.369030221000060)",Unfall 132478 (2018) Kat:3, Licht: 0,132478,3,2,5,05,08,6,0,0,1,1,0,0
"POINT (9.740982601000042 52.398886008000034)",Unfall 132480 (2018) Kat:3, Licht: 0,132480,3,6,2,05,18,5,0,0,1,0,0,0
"POINT (9.741010784000025 52.398787560000073)",Unfall 132482 (2018) Kat:3, Licht: 0,132482,3,3,5,05,16,5,0,0,1,1,0,0
"POINT (9.622248669000044 52.340217996000035)",Unfall 132483 (2018) Kat:2, Licht: 0,132483,2,1,0,05,14,1,0,0,1,0,0,0
"POINT (10.008389985000065 52.445986172000062)",Unfall 132489 (2018) Kat:3, Licht: 0,132489,3,3,0,05,08,2,0,0,1,1,0,0
"POINT (9.703254775000062 52.406725254000037)",Unfall 132503 (2018) Kat:3, Licht: 0,132503,3,3,5,05,12,6,0,0,1,1,0,0
"POINT (9.734078126000043 52.376677140000027)",Unfall 132540 (2018) Kat:2, Licht: 0,132540,2,1,0,05,12,3,0,0,1,0,0,0
"POINT (9.729657203000045 52.378239133000079)",Unfall 132542 (2018) Kat:3, Licht: 0,132542,3,6,3,05,17,2,0,0,1,0,0,0
"POINT (9.821087043000034 52.346091140000055)",Unfall 132553 (2018) Kat:3, Licht: 0,132553,3,2,5,05,17,2,0,0,1,1,0,0
"POINT (9.705229984000027 52.346206796000047)",Unfall 132556 (2018) Kat:3, Licht: 0,132556,3,3,5,05,12,6,0,0,1,0,0,1
"POINT (9.723464016000037 52.387070210000047)",Unfall 132565 (2018) Kat:2, Licht: 0,132565,2,6,3,05,10,6,0,0,1,0,0,0
"POINT (9.718372533000036 52.374547436000057)",Unfall 132566 (2018) Kat:2, Licht: 0,132566,2,1,0,05,18,7,0,0,1,0,0,0
"POINT (9.847289978000049 52.434170593000033)",Unfall 132569 (2018) Kat:3, Licht: 0,132569,3,3,5,05,08,6,0,0,1,1,0,0
"POINT (9.730191409000042 52.368573994000030)",Unfall 132574 (2018) Kat:3, Licht: 0,132574,3,3,5,05,06,4,0,0,1,1,0,0
"POINT (9.751562128000046 52.356002606000061)",Unfall 132577 (2018) Kat:3, Licht: 0,132577,3,5,1,05,16,4,0,0,1,1,0,0
"POINT (9.962743716000034 52.322338839000054)",Unfall 132580 (2018) Kat:3, Licht: 0,132580,3,4,6,05,13,3,0,0,1,0,1,0
"POINT (9.787659232000067 52.332103276000055)",Unfall 132581 (2018) Kat:3, Licht: 0,132581,3,3,5,05,14,4,0,0,1,1,0,0
"POINT (9.570611984000038 52.279006909000032)",Unfall 132585 (2018) Kat:3, Licht: 0,132585,3,5,4,05,09,4,0,0,1,1,0,0
"POINT (9.838406819000056 52.498174268000071)",Unfall 132596 (2018) Kat:3, Licht: 0,132596,3,3,5,05,09,2,0,0,1,1,0,0
"POINT (9.464496040000029 52.426432699000031)",Unfall 132621 (2018) Kat:3, Licht: 2,132621,3,5,1,05,23,7,0,2,1,1,0,0
"POINT (9.740321174000030 52.552300548000062)",Unfall 132628 (2018) Kat:3, Licht: 0,132628,3,3,5,05,11,7,0,0,1,0,0,0
"POINT (9.716445853000039 52.362942605000057)",Unfall 132637 (2018) Kat:3, Licht: 0,132637,3,5,1,05,20,3,0,0,1,1,0,0
"POINT (9.680543349000061 52.385382508000077)",Unfall 132647 (2018) Kat:3, Licht: 0,132647,3,6,0,05,13,3,0,0,1,0,0,0
"POINT (9.761129277000066 52.365850340000065)",Unfall 132649 (2018) Kat:3, Licht: 0,132649,3,3,5,05,06,2,0,0,1,1,0,0
"POINT (9.712540901000068 52.342245237000043)",Unfall 132669 (2018) Kat:3, Licht: 0,132669,3,6,4,05,07,6,0,0,1,0,0,0
"POINT (9.722156970000071 52.422389117000080)",Unfall 132672 (2018) Kat:3, Licht: 0,132672,3,2,4,06,15,3,0,0,1,1,0,0
"POINT (9.662373121000030 52.356144161000032)",Unfall 132673 (2018) Kat:3, Licht: 0,132673,3,5,1,05,15,5,0,0,1,1,0,0
"POINT (9.810240504000035 52.297333339000033)",Unfall 132674 (2018) Kat:3, Licht: 0,132674,3,3,5,06,13,2,0,0,1,1,0,0
"POINT (9.798528095000052 52.385624254000049)",Unfall 132675 (2018) Kat:3, Licht: 0,132675,3,7,1,05,19,5,0,0,1,1,0,0
"POINT (9.772111864000067 52.365086048000080)",Unfall 132679 (2018) Kat:3, Licht: 0,132679,3,2,3,05,17,5,0,0,1,1,0,0
"POINT (9.762651378000044 52.376409937000062)",Unfall 132682 (2018) Kat:3, Licht: 0,132682,3,7,5,05,11,5,0,0,1,1,0,0
"POINT (9.610684316000061 52.415002918000027)",Unfall 132691 (2018) Kat:3, Licht: 0,132691,3,1,0,05,10,5,0,0,1,0,0,0
"POINT (10.208516649000046 52.465793897000026)",Unfall 132692 (2018) Kat:3, Licht: 0,132692,3,3,5,06,07,7,0,0,1,0,0,0
"POINT (9.728447515000028 52.431285065000054)",Unfall 132695 (2018) Kat:3, Licht: 0,132695,3,5,1,05,07,5,0,0,1,0,0,0
"POINT (9.708721292000064 52.366363960000058)",Unfall 132696 (2018) Kat:3, Licht: 2,132696,3,6,2,06,03,6,0,2,1,0,0,0
"POINT (9.685480777000066 52.393103994000057)",Unfall 132700 (2018) Kat:3, Licht: 0,132700,3,1,8,05,18,5,0,0,1,0,0,0
"POINT (9.733926664000023 52.379794896000078)",Unfall 132703 (2018) Kat:3, Licht: 0,132703,3,2,5,05,18,5,0,0,1,1,0,0
"POINT (9.462178362000032 52.505141396000056)",Unfall 132743 (2018) Kat:3, Licht: 0,132743,3,4,6,06,13,7,0,0,1,0,1,0
"POINT (9.765533980000043 52.418431071000043)",Unfall 132754 (2018) Kat:3, Licht: 0,132754,3,1,0,06,21,1,0,0,1,0,0,0
"POINT (9.711949143000027 52.370217490000073)",Unfall 132757 (2018) Kat:3, Licht: 0,132757,3,1,0,06,17,3,0,0,1,0,0,0
"POINT (9.717020140000045 52.338615695000044)",Unfall 132760 (2018) Kat:3, Licht: 0,132760,3,7,6,05,19,5,0,0,1,0,1,0
"POINT (9.717751159000045 52.351054138000052)",Unfall 132767 (2018) Kat:2, Licht: 0,132767,2,2,4,06,16,3,0,0,1,1,0,0
"POINT (9.763248232000024 52.402919854000061)",Unfall 132771 (2018) Kat:2, Licht: 0,132771,2,1,0,06,17,7,0,0,1,0,0,0
"POINT (9.724296979000030 52.385650932000033)",Unfall 132773 (2018) Kat:2, Licht: 0,132773,2,4,6,06,09,1,0,0,1,1,1,0
"POINT (9.906130468000072 52.366470511000045)",Unfall 132775 (2018) Kat:3, Licht: 0,132775,3,5,1,06,14,2,0,0,1,1,0,0
"POINT (9.752332004000039 52.370960108000077)",Unfall 132786 (2018) Kat:3, Licht: 0,132786,3,7,0,06,07,6,0,0,1,0,0,0
"POINT (9.720742757000039 52.436134584000058)",Unfall 132794 (2018) Kat:3, Licht: 0,132794,3,1,0,06,14,7,0,0,1,0,0,0
"POINT (9.681892040000037 52.357429337000042)",Unfall 132809 (2018) Kat:3, Licht: 0,132809,3,2,0,05,07,4,1,0,1,0,0,0
"POINT (9.653318761000037 52.318994786000076)",Unfall 132822 (2018) Kat:3, Licht: 0,132822,3,3,5,06,08,3,0,0,1,0,0,0
"POINT (9.601707534000070 52.426731098000062)",Unfall 132823 (2018) Kat:3, Licht: 0,132823,3,7,0,05,21,4,0,0,1,0,0,0
"POINT (10.017264102000070 52.437933435000048)",Unfall 132825 (2018) Kat:3, Licht: 0,132825,3,3,5,05,13,4,0,0,1,1,0,0
"POINT (9.706690162000029 52.370370051000066)",Unfall 132829 (2018) Kat:3, Licht: 0,132829,3,5,1,06,18,1,0,0,1,1,0,0
"POINT (9.428480270000023 52.417845617000069)",Unfall 132832 (2018) Kat:3, Licht: 0,132832,3,3,5,05,17,4,0,0,1,1,0,0
"POINT (9.716638787000022 52.357962479000037)",Unfall 132840 (2018) Kat:3, Licht: 0,132840,3,1,0,05,12,4,1,0,1,0,0,0
"POINT (9.965044190000072 52.364692833000049)",Unfall 132856 (2018) Kat:3, Licht: 0,132856,3,2,3,06,16,6,1,0,1,1,0,0
"POINT (9.744797007000045 52.374364811000078)",Unfall 132869 (2018) Kat:3, Licht: 0,132869,3,7,0,06,20,2,0,0,1,1,0,0
"POINT (9.744905345000063 52.377303266000069)",Unfall 132906 (2018) Kat:3, Licht: 0,132906,3,5,1,06,18,6,0,0,1,1,0,0
"POINT (9.691682523000054 52.406728319000081)",Unfall 132926 (2018) Kat:3, Licht: 0,132926,3,7,0,06,10,7,0,0,1,0,0,0
"POINT (9.720911321000074 52.361811198000055)",Unfall 132934 (2018) Kat:3, Licht: 0,132934,3,7,0,06,07,7,0,0,1,0,0,0
"POINT (9.755232827000043 52.331906808000042)",Unfall 132935 (2018) Kat:3, Licht: 0,132935,3,3,5,06,12,7,0,0,1,0,0,0
"POINT (9.737181273000033 52.381493440000042)",Unfall 132938 (2018) Kat:3, Licht: 2,132938,3,1,0,06,23,7,0,2,1,0,0,0
"POINT (9.745933314000070 52.378969660000052)",Unfall 132939 (2018) Kat:2, Licht: 0,132939,2,2,0,06,18,3,0,0,1,0,0,0
"POINT (9.796072416000072 52.311523681000040)",Unfall 132944 (2018) Kat:3, Licht: 0,132944,3,2,5,06,18,7,0,0,1,1,0,0
"POINT (9.737043248000077 52.384464569000045)",Unfall 132946 (2018) Kat:2, Licht: 0,132946,2,1,0,06,18,7,1,0,1,0,0,0
"POINT (9.734334466000064 52.376782131000027)",Unfall 132949 (2018) Kat:3, Licht: 0,132949,3,1,0,06,11,7,0,0,1,0,0,0
"POINT (9.804489230000058 52.378503759000068)",Unfall 132975 (2018) Kat:3, Licht: 0,132975,3,2,3,06,07,3,0,0,1,1,0,0
"POINT (9.744402818000026 52.370734147000064)",Unfall 132988 (2018) Kat:3, Licht: 0,132988,3,3,5,06,07,3,0,0,1,1,0,0
"POINT (9.854529888000059 52.388985321000064)",Unfall 132989 (2018) Kat:3, Licht: 0,132989,3,7,1,06,12,6,0,0,1,1,0,0
"POINT (9.787077664000037 52.410282398000049)",Unfall 132992 (2018) Kat:3, Licht: 0,132992,3,3,5,06,14,6,0,0,1,1,0,0
"POINT (9.744355353000060 52.377754445000051)",Unfall 132993 (2018) Kat:3, Licht: 0,132993,3,7,0,06,09,6,0,0,1,1,0,0
"POINT (9.724133777000077 52.363733296000078)",Unfall 132999 (2018) Kat:3, Licht: 0,132999,3,3,5,06,10,6,0,0,1,1,0,0
"POINT (9.753639382000074 52.369366592000063)",Unfall 133005 (2018) Kat:3, Licht: 0,133005,3,2,5,06,15,2,0,0,1,0,0,0
"POINT (9.469189222000068 52.307462137000073)",Unfall 133044 (2018) Kat:3, Licht: 0,133044,3,3,5,06,17,1,0,0,1,1,0,0
"POINT (9.605147919000046 52.428096481000068)",Unfall 133045 (2018) Kat:3, Licht: 1,133045,3,3,5,06,22,2,0,1,1,1,0,0
"POINT (10.017881533000036 52.432739853000044)",Unfall 133054 (2018) Kat:3, Licht: 0,133054,3,5,1,06,20,1,0,0,1,0,0,0
"POINT (9.742715102000034 52.388888468000061)",Unfall 133059 (2018) Kat:3, Licht: 0,133059,3,1,1,06,11,5,0,0,1,1,0,0
"POINT (9.419033973000069 52.420490299000051)",Unfall 133061 (2018) Kat:3, Licht: 0,133061,3,3,5,06,15,5,0,0,1,1,0,0
"POINT (9.669808801000045 52.338991089000046)",Unfall 133062 (2018) Kat:3, Licht: 0,133062,3,3,5,06,08,5,0,0,1,1,0,0
"POINT (9.461277093000035 52.500221907000082)",Unfall 133063 (2018) Kat:3, Licht: 0,133063,3,2,4,06,08,5,0,0,1,1,0,0
"POINT (9.745060803000058 52.547474270000066)",Unfall 133065 (2018) Kat:3, Licht: 0,133065,3,3,5,06,17,5,0,0,1,1,0,0
"POINT (9.738441779000027 52.436490809000077)",Unfall 133066 (2018) Kat:3, Licht: 0,133066,3,7,0,06,17,5,0,0,1,0,0,0
"POINT (9.695779290000075 52.439440383000033)",Unfall 133071 (2018) Kat:3, Licht: 0,133071,3,3,5,06,10,5,0,0,1,1,0,0
"POINT (9.708756113000050 52.373006138000051)",Unfall 133072 (2018) Kat:3, Licht: 0,133072,3,5,1,06,20,5,0,0,1,1,0,0
"POINT (9.741648265000038 52.375617491000071)",Unfall 133074 (2018) Kat:3, Licht: 1,133074,3,3,5,06,21,5,0,1,1,1,0,0
"POINT (9.814076693000061 52.298936307000076)",Unfall 133084 (2018) Kat:3, Licht: 0,133084,3,6,4,06,07,3,0,0,1,1,0,0
"POINT (9.716138419000060 52.399612262000062)",Unfall 133099 (2018) Kat:2, Licht: 0,133099,2,3,5,06,06,3,0,0,1,1,0,0
"POINT (9.752226004000022 52.410882927000046)",Unfall 133118 (2018) Kat:2, Licht: 0,133118,2,3,5,06,20,2,0,0,1,1,0,0
"POINT (9.735421969000072 52.384481513000026)",Unfall 133141 (2018) Kat:3, Licht: 0,133141,3,3,5,06,08,3,0,0,1,1,0,0
"POINT (9.808789557000068 52.311009283000033)",Unfall 133154 (2018) Kat:3, Licht: 0,133154,3,7,0,06,18,4,0,0,1,0,0,0
"POINT (9.498622447000059 52.286983623000026)",Unfall 133155 (2018) Kat:3, Licht: 0,133155,3,1,6,06,08,2,0,0,1,0,1,0
"POINT (9.556280637000043 52.322972458000038)",Unfall 133156 (2018) Kat:3, Licht: 0,133156,3,3,5,06,12,4,0,0,1,1,0,0
"POINT (9.589930406000065 52.425715284000034)",Unfall 133157 (2018) Kat:3, Licht: 0,133157,3,3,0,06,10,4,0,0,1,0,0,0
"POINT (9.733729126000071 52.399717926000051)",Unfall 133161 (2018) Kat:2, Licht: 0,133161,2,3,5,06,15,4,0,0,1,1,0,0
"POINT (9.704413130000035 52.366922649000060)",Unfall 133163 (2018) Kat:2, Licht: 0,133163,2,2,5,06,07,4,0,0,1,0,0,0
"POINT (9.637001886000064 52.417254076000063)",Unfall 133164 (2018) Kat:3, Licht: 2,133164,3,3,5,06,02,4,0,2,1,1,0,0
"POINT (9.735121426000035 52.394747847000076)",Unfall 133167 (2018) Kat:3, Licht: 0,133167,3,2,5,06,13,2,0,0,1,0,0,0
"POINT (9.598037038000030 52.420603551000056)",Unfall 133190 (2018) Kat:3, Licht: 0,133190,3,3,5,06,19,3,0,0,1,1,0,0
"POINT (9.702771107000046 52.372065566000060)",Unfall 133218 (2018) Kat:3, Licht: 0,133218,3,3,5,06,18,7,0,0,1,1,0,0
"POINT (9.713438657000040 52.384282679000080)",Unfall 133220 (2018) Kat:3, Licht: 0,133220,3,3,5,06,16,7,0,0,1,1,0,0
"POINT (9.464856159000021 52.316956289000075)",Unfall 133224 (2018) Kat:2, Licht: 0,133224,2,3,5,06,16,7,0,0,1,1,0,0
"POINT (9.796452722000026 52.311178208000058)",Unfall 133225 (2018) Kat:2, Licht: 0,133225,2,7,0,06,16,7,0,0,1,0,0,0
"POINT (9.749516928000048 52.385682292000070)",Unfall 133227 (2018) Kat:3, Licht: 0,133227,3,4,6,06,16,7,0,0,1,0,1,0
"POINT (9.781341290000057 52.408171747000040)",Unfall 133228 (2018) Kat:2, Licht: 0,133228,2,3,5,06,09,7,0,0,1,1,0,0
"POINT (10.009292041000037 52.439654891000032)",Unfall 133237 (2018) Kat:3, Licht: 0,133237,3,7,0,06,07,3,0,0,1,0,0,0
"POINT (9.827756924000028 52.340753587000052)",Unfall 133255 (2018) Kat:3, Licht: 0,133255,3,5,1,06,15,2,0,0,1,1,0,0
"POINT (9.759871816000043 52.361726843000042)",Unfall 133275 (2018) Kat:3, Licht: 0,133275,3,3,5,06,07,2,0,0,1,1,0,0
"POINT (9.734060233000037 52.368790931000035)",Unfall 133296 (2018) Kat:3, Licht: 0,133296,3,7,0,06,19,6,0,0,1,0,0,0
"POINT (9.793028515000060 52.313725697000052)",Unfall 133299 (2018) Kat:3, Licht: 0,133299,3,3,5,06,12,6,0,0,1,1,0,0
"POINT (9.758628925000039 52.395794974000069)",Unfall 133304 (2018) Kat:3, Licht: 0,133304,3,7,1,06,12,6,0,0,1,1,0,0
"POINT (9.769024369000022 52.395606602000043)",Unfall 133306 (2018) Kat:3, Licht: 0,133306,3,3,5,06,08,6,0,0,1,1,0,0
"POINT (9.827461138000047 52.346180571000048)",Unfall 133311 (2018) Kat:3, Licht: 0,133311,3,1,0,06,18,6,0,0,1,0,0,0
"POINT (9.721591946000046 52.360799065000037)",Unfall 133313 (2018) Kat:3, Licht: 0,133313,3,3,5,06,14,6,0,0,1,1,0,0
"POINT (9.771808717000056 52.370809645000065)",Unfall 133314 (2018) Kat:2, Licht: 0,133314,2,3,5,06,13,6,0,0,1,1,0,0
"POINT (9.912109996000027 52.370431113000052)",Unfall 133344 (2018) Kat:3, Licht: 0,133344,3,6,0,06,15,3,0,0,1,0,0,0
"POINT (9.757080505000033 52.370424342000035)",Unfall 133361 (2018) Kat:3, Licht: 0,133361,3,3,5,06,12,3,0,0,1,1,0,0
"POINT (9.716384519000030 52.388640127000031)",Unfall 133365 (2018) Kat:3, Licht: 0,133365,3,3,5,06,19,2,0,0,1,1,0,0
"POINT (9.752992027000062 52.390036751000082)",Unfall 133366 (2018) Kat:3, Licht: 0,133366,3,3,5,06,19,1,0,0,1,1,0,0
"POINT (9.742020847000049 52.397764192000068)",Unfall 133368 (2018) Kat:3, Licht: 0,133368,3,3,5,06,10,2,0,0,1,1,0,0
"POINT (9.733425337000028 52.373013977000028)",Unfall 133374 (2018) Kat:3, Licht: 2,133374,3,1,0,06,02,1,1,2,1,0,0,0
"POINT (9.709028388000036 52.367189792000033)",Unfall 133379 (2018) Kat:2, Licht: 0,133379,2,1,0,06,19,1,0,0,1,0,0,0
"POINT (9.670373467000047 52.399505515000044)",Unfall 133382 (2018) Kat:3, Licht: 0,133382,3,7,5,06,16,5,0,0,1,0,0,0
"POINT (9.744398786000033 52.389332831000047)",Unfall 133383 (2018) Kat:3, Licht: 0,133383,3,5,1,06,13,5,0,0,1,1,0,0
"POINT (9.462316735000059 52.505569696000066)",Unfall 133387 (2018) Kat:3, Licht: 0,133387,3,1,0,06,19,5,1,0,1,0,0,0
"POINT (9.767735217000052 52.358112633000076)",Unfall 133395 (2018) Kat:3, Licht: 0,133395,3,2,5,06,06,5,0,0,1,1,0,0
"POINT (9.788992796000059 52.395146763000071)",Unfall 133396 (2018) Kat:2, Licht: 2,133396,2,6,0,06,01,1,1,2,1,0,0,0
"POINT (9.739487066000038 52.380844859000035)",Unfall 133418 (2018) Kat:3, Licht: 0,133418,3,2,5,06,16,2,0,0,1,1,0,0
"POINT (9.803108734000034 52.351468752000073)",Unfall 133435 (2018) Kat:3, Licht: 0,133435,3,6,4,06,17,4,0,0,1,0,0,0
"POINT (9.728597220000040 52.342193998000027)",Unfall 133440 (2018) Kat:3, Licht: 0,133440,3,1,7,06,15,4,0,0,1,0,0,0
"POINT (9.712758919000066 52.382145755000067)",Unfall 133441 (2018) Kat:3, Licht: 0,133441,3,3,5,06,08,4,0,0,1,0,0,0
"POINT (9.725052214000073 52.355151353000053)",Unfall 133452 (2018) Kat:3, Licht: 0,133452,3,2,5,06,19,3,0,0,1,1,0,0
"POINT (9.746720133000054 52.373861245000057)",Unfall 133453 (2018) Kat:3, Licht: 1,133453,3,5,0,06,19,1,1,1,1,1,0,0
"POINT (9.723843784000053 52.437723659000028)",Unfall 133455 (2018) Kat:3, Licht: 0,133455,3,7,0,06,11,1,0,0,1,1,0,0
"POINT (9.598445159000050 52.393606705000082)",Unfall 133458 (2018) Kat:2, Licht: 0,133458,2,3,5,06,07,3,1,0,1,1,0,0
"POINT (9.726026712000021 52.372617756000068)",Unfall 133459 (2018) Kat:3, Licht: 0,133459,3,5,1,06,20,1,1,0,1,1,0,0
"POINT (9.655376455000067 52.419691813000043)",Unfall 133467 (2018) Kat:3, Licht: 0,133467,3,3,5,06,13,4,0,0,1,1,0,0
"POINT (9.714882952000039 52.343679125000051)",Unfall 133484 (2018) Kat:3, Licht: 0,133484,3,6,2,06,14,7,0,0,1,1,0,0
"POINT (9.813078703000031 52.379770724000082)",Unfall 133485 (2018) Kat:3, Licht: 0,133485,3,3,5,06,11,7,0,0,1,1,0,0
"POINT (9.781114620000039 52.399932493000051)",Unfall 133497 (2018) Kat:3, Licht: 0,133497,3,7,5,06,08,4,0,0,1,1,0,0
"POINT (9.784858878000023 52.319949540000039)",Unfall 133499 (2018) Kat:3, Licht: 0,133499,3,3,5,06,18,3,0,0,1,1,0,0
"POINT (9.729700099000070 52.392552555000066)",Unfall 133504 (2018) Kat:2, Licht: 0,133504,2,3,5,06,08,4,0,0,1,1,0,0
"POINT (9.611159156000042 52.430241982000041)",Unfall 133510 (2018) Kat:2, Licht: 1,133510,2,7,8,06,21,4,0,1,1,0,0,0
"POINT (9.691671652000025 52.371055596000076)",Unfall 133533 (2018) Kat:3, Licht: 0,133533,3,3,5,06,14,6,0,0,1,1,0,0
"POINT (9.742613123000069 52.378238708000026)",Unfall 133535 (2018) Kat:3, Licht: 0,133535,3,6,2,06,20,6,0,0,1,1,0,0
"POINT (10.006634844000075 52.439476441000068)",Unfall 133541 (2018) Kat:3, Licht: 0,133541,3,6,3,06,08,6,1,0,1,1,0,0
"POINT (9.811214166000070 52.389288307000072)",Unfall 133543 (2018) Kat:3, Licht: 0,133543,3,1,0,06,16,6,0,0,1,0,0,0
"POINT (9.733684234000066 52.399130991000050)",Unfall 133550 (2018) Kat:3, Licht: 0,133550,3,3,5,06,14,4,0,0,1,1,0,0
"POINT (9.743518237000046 52.417792721000069)",Unfall 133551 (2018) Kat:3, Licht: 0,133551,3,3,5,06,06,4,0,0,1,1,0,0
"POINT (9.743559177000066 52.381556679000028)",Unfall 133553 (2018) Kat:3, Licht: 1,133553,3,1,0,06,21,3,0,1,1,0,0,0
"POINT (9.762538996000046 52.360532035000062)",Unfall 133565 (2018) Kat:2, Licht: 0,133565,2,2,5,06,16,3,0,0,1,1,0,0
"POINT (9.717200149000064 52.345114395000053)",Unfall 133595 (2018) Kat:3, Licht: 0,133595,3,3,5,06,13,2,0,0,1,1,0,0
"POINT (9.703142039000056 52.368640423000045)",Unfall 133602 (2018) Kat:3, Licht: 0,133602,3,2,5,06,12,2,0,0,1,0,0,1
"POINT (9.686209463000068 52.340362052000046)",Unfall 133604 (2018) Kat:2, Licht: 2,133604,2,3,5,06,23,4,0,2,1,1,0,0
"POINT (9.709254800000053 52.372749220000060)",Unfall 133605 (2018) Kat:3, Licht: 0,133605,3,7,0,06,15,2,1,0,1,0,0,0
"POINT (9.735663181000064 52.376760738000030)",Unfall 133608 (2018) Kat:3, Licht: 0,133608,3,1,0,06,11,5,1,0,1,0,0,0
"POINT (9.728570795000053 52.348082841000064)",Unfall 133609 (2018) Kat:3, Licht: 0,133609,3,7,0,06,08,3,0,0,1,0,0,0
"POINT (9.549440742000058 52.208145516000059)",Unfall 133610 (2018) Kat:3, Licht: 0,133610,3,3,5,06,06,5,0,0,1,1,0,0
"POINT (9.733712056000059 52.440418816000033)",Unfall 133611 (2018) Kat:2, Licht: 0,133611,2,3,5,06,13,2,0,0,1,1,0,0
"POINT (9.466548347000071 52.504314248000071)",Unfall 133612 (2018) Kat:3, Licht: 0,133612,3,3,5,06,16,5,0,0,1,1,0,0
"POINT (9.457043527000053 52.304012824000040)",Unfall 133615 (2018) Kat:3, Licht: 0,133615,3,5,1,06,07,5,0,0,1,1,0,0
"POINT (9.745655552000073 52.382941513000048)",Unfall 133617 (2018) Kat:3, Licht: 0,133617,3,6,0,06,09,5,1,0,1,0,0,0
"POINT (9.666806983000072 52.401271969000049)",Unfall 133620 (2018) Kat:3, Licht: 0,133620,3,3,5,06,12,5,0,0,1,1,0,0
"POINT (9.658785540000054 52.406143777000068)",Unfall 133622 (2018) Kat:3, Licht: 0,133622,3,3,5,06,06,5,0,0,1,0,0,0
"POINT (9.695060849000072 52.406635486000027)",Unfall 133676 (2018) Kat:3, Licht: 0,133676,3,1,0,06,13,4,0,0,1,0,0,0
"POINT (9.760044050000033 52.395916172000057)",Unfall 133678 (2018) Kat:3, Licht: 0,133678,3,6,3,06,17,3,0,0,1,0,0,0
"POINT (9.728064848000031 52.347517485000026)",Unfall 133696 (2018) Kat:3, Licht: 2,133696,3,6,3,06,22,4,0,2,1,0,0,0
"POINT (9.801018497000030 52.377066435000074)",Unfall 133698 (2018) Kat:3, Licht: 1,133698,3,3,5,06,21,4,0,1,1,1,0,0
"POINT (9.759266142000058 52.369920618000037)",Unfall 133700 (2018) Kat:3, Licht: 0,133700,3,3,5,06,16,4,0,0,1,1,0,0
"POINT (9.756693667000036 52.340748285000075)",Unfall 133701 (2018) Kat:3, Licht: 0,133701,3,2,4,06,12,4,0,0,1,1,0,0
"POINT (9.781412599000021 52.326128868000069)",Unfall 133703 (2018) Kat:3, Licht: 0,133703,3,3,5,06,06,4,0,0,1,1,0,0
"POINT (9.711443203000044 52.404958249000060)",Unfall 133704 (2018) Kat:3, Licht: 0,133704,3,7,0,06,17,4,0,0,1,0,0,0
"POINT (9.443270471000062 52.499702053000078)",Unfall 133705 (2018) Kat:3, Licht: 0,133705,3,2,2,06,16,4,0,0,1,1,0,0
"POINT (9.737980258000050 52.445516037000061)",Unfall 133707 (2018) Kat:3, Licht: 0,133707,3,2,5,06,15,4,0,0,1,1,0,0
"POINT (9.739479860000074 52.380839292000076)",Unfall 133719 (2018) Kat:3, Licht: 0,133719,3,2,5,07,20,2,0,0,1,1,0,0
"POINT (9.745620811000038 52.374107301000038)",Unfall 133720 (2018) Kat:3, Licht: 0,133720,3,2,0,07,15,5,0,0,1,1,0,0
"POINT (9.860949414000061 52.368452180000077)",Unfall 133725 (2018) Kat:3, Licht: 0,133725,3,2,5,06,13,7,0,0,1,1,0,0
"POINT (9.930669925000075 52.348275275000049)",Unfall 133733 (2018) Kat:3, Licht: 0,133733,3,3,5,06,15,7,0,0,1,1,0,0
"POINT (9.751669967000055 52.385916273000078)",Unfall 133734 (2018) Kat:3, Licht: 0,133734,3,3,5,06,05,5,0,0,1,1,0,0
"POINT (9.603285836000055 52.312768453000047)",Unfall 133757 (2018) Kat:3, Licht: 0,133757,3,1,0,07,15,5,1,0,1,0,0,0
"POINT (9.759694698000033 52.379029340000045)",Unfall 133770 (2018) Kat:2, Licht: 0,133770,2,3,0,07,13,5,0,0,1,0,0,0
"POINT (9.710630883000022 52.448282835000043)",Unfall 133773 (2018) Kat:3, Licht: 0,133773,3,3,5,06,17,5,0,0,1,1,0,0
"POINT (9.825601084000027 52.300803360000032)",Unfall 133774 (2018) Kat:3, Licht: 0,133774,3,7,0,07,15,4,0,0,1,0,0,0
"POINT (9.738753105000058 52.437848352000060)",Unfall 133814 (2018) Kat:3, Licht: 0,133814,3,3,5,07,16,2,0,0,1,1,0,0
"POINT (9.676626557000077 52.365567392000059)",Unfall 133815 (2018) Kat:3, Licht: 0,133815,3,3,5,07,18,5,0,0,1,0,0,0
"POINT (9.723407539000050 52.387160663000031)",Unfall 133817 (2018) Kat:3, Licht: 0,133817,3,2,4,07,15,3,0,0,1,1,0,0
"POINT (9.724587702000065 52.358350397000038)",Unfall 133828 (2018) Kat:3, Licht: 0,133828,3,2,5,07,09,2,0,0,1,1,0,0
"POINT (9.770830841000077 52.384098750000078)",Unfall 133829 (2018) Kat:3, Licht: 0,133829,3,7,0,07,18,5,0,0,1,0,0,0
"POINT (9.738624238000057 52.381386499000030)",Unfall 133831 (2018) Kat:3, Licht: 0,133831,3,3,5,07,11,3,0,0,1,1,0,0
"POINT (9.734322193000025 52.376757355000052)",Unfall 133833 (2018) Kat:3, Licht: 0,133833,3,1,0,06,15,6,0,0,1,0,0,0
"POINT (9.656207518000031 52.342709051000043)",Unfall 133835 (2018) Kat:3, Licht: 0,133835,3,6,3,06,09,6,0,0,1,0,0,0
"POINT (9.458777996000038 52.387753505000035)",Unfall 133838 (2018) Kat:3, Licht: 0,133838,3,3,5,07,13,3,0,0,1,1,0,0
"POINT (9.722331341000029 52.385107306000066)",Unfall 133840 (2018) Kat:3, Licht: 0,133840,3,3,5,06,18,6,0,0,1,1,0,0
"POINT (9.451234228000033 52.418978268000046)",Unfall 133841 (2018) Kat:3, Licht: 0,133841,3,3,5,07,09,3,0,0,1,1,0,0
"POINT (9.724175492000029 52.386128873000075)",Unfall 133843 (2018) Kat:3, Licht: 0,133843,3,3,5,06,18,6,0,0,1,1,0,0
"POINT (9.746372098000052 52.354370796000069)",Unfall 133844 (2018) Kat:3, Licht: 0,133844,3,2,5,06,11,6,0,0,1,1,0,0
"POINT (9.729809990000035 52.376362607000033)",Unfall 133845 (2018) Kat:3, Licht: 0,133845,3,6,4,07,09,4,0,0,1,0,0,0
"POINT (9.666159430000050 52.374695853000048)",Unfall 133846 (2018) Kat:3, Licht: 0,133846,3,7,0,06,08,6,0,0,1,1,0,0
"POINT (9.772125741000025 52.330495587000030)",Unfall 133850 (2018) Kat:3, Licht: 0,133850,3,1,0,07,20,1,0,0,1,0,0,0
"POINT (9.458159439000042 52.505537857000036)",Unfall 133851 (2018) Kat:3, Licht: 0,133851,3,5,1,07,13,3,0,0,1,1,0,0
"POINT (9.823348553000074 52.384386190000043)",Unfall 133856 (2018) Kat:2, Licht: 0,133856,2,2,5,07,07,2,0,0,1,1,0,0
"POINT (9.461268530000041 52.500233995000031)",Unfall 133863 (2018) Kat:3, Licht: 0,133863,3,3,5,07,09,3,0,0,1,1,0,0
"POINT (9.817607349000070 52.367814228000043)",Unfall 133868 (2018) Kat:2, Licht: 0,133868,2,2,5,07,14,2,0,0,1,0,0,0
"POINT (9.787039673000038 52.373524228000065)",Unfall 133881 (2018) Kat:2, Licht: 0,133881,2,6,4,07,09,3,0,0,1,0,0,0
"POINT (9.713218558000051 52.371466258000055)",Unfall 133886 (2018) Kat:3, Licht: 0,133886,3,7,0,07,12,4,0,0,1,0,0,0
"POINT (9.800663674000077 52.405857291000075)",Unfall 133901 (2018) Kat:3, Licht: 0,133901,3,2,0,07,05,4,0,0,1,0,0,0
"POINT (9.700135179000029 52.337355526000067)",Unfall 133907 (2018) Kat:3, Licht: 0,133907,3,5,1,07,12,1,0,0,1,1,0,0
"POINT (9.755942505000064 52.382190502000071)",Unfall 133928 (2018) Kat:3, Licht: 0,133928,3,3,5,07,07,2,0,0,1,1,0,0
"POINT (9.714747343000056 52.402335945000061)",Unfall 133936 (2018) Kat:3, Licht: 0,133936,3,6,0,06,16,5,0,0,1,0,0,0
"POINT (9.752447557000039 52.366780338000069)",Unfall 133945 (2018) Kat:3, Licht: 0,133945,3,2,5,07,18,4,0,0,1,1,0,0
"POINT (9.719156177000059 52.365790670000081)",Unfall 133970 (2018) Kat:3, Licht: 0,133970,3,1,0,07,13,2,0,0,1,0,0,0
"POINT (9.719788051000023 52.360492596000029)",Unfall 133981 (2018) Kat:3, Licht: 0,133981,3,3,5,07,18,2,0,0,1,1,0,0
"POINT (9.742994500000066 52.384519925000063)",Unfall 133982 (2018) Kat:3, Licht: 0,133982,3,6,3,07,18,5,0,0,1,0,0,0
"POINT (9.743188041000053 52.369250322000028)",Unfall 133985 (2018) Kat:3, Licht: 0,133985,3,3,5,06,12,5,0,0,1,1,0,0
"POINT (9.736283755000045 52.362707459000035)",Unfall 133986 (2018) Kat:3, Licht: 0,133986,3,1,8,06,11,5,0,0,1,0,0,0
"POINT (9.810529223000060 52.479623808000042)",Unfall 134006 (2018) Kat:3, Licht: 0,134006,3,6,3,07,18,5,0,0,1,0,0,0
"POINT (9.710143810000034 52.372451981000040)",Unfall 134011 (2018) Kat:3, Licht: 0,134011,3,3,5,07,10,2,0,0,1,1,0,0
"POINT (9.772013936000064 52.364919316000055)",Unfall 134013 (2018) Kat:3, Licht: 0,134013,3,7,7,07,13,2,0,0,1,0,0,0
"POINT (9.719793593000077 52.365915425000026)",Unfall 134014 (2018) Kat:3, Licht: 0,134014,3,7,0,07,07,6,0,0,1,0,0,0
"POINT (9.815265440000076 52.360804251000047)",Unfall 134016 (2018) Kat:3, Licht: 0,134016,3,7,0,07,07,2,0,0,1,0,0,0
"POINT (9.725391697000021 52.383189258000073)",Unfall 134019 (2018) Kat:3, Licht: 0,134019,3,5,0,07,07,2,0,0,1,0,0,0
"POINT (10.013360455000054 52.443761786000039)",Unfall 134021 (2018) Kat:3, Licht: 0,134021,3,2,5,07,18,2,0,0,1,1,0,0
"POINT (9.726752212000065 52.352436771000043)",Unfall 134030 (2018) Kat:2, Licht: 0,134030,2,3,5,07,14,2,0,0,1,1,0,0
"POINT (9.693547030000048 52.396669887000030)",Unfall 134033 (2018) Kat:3, Licht: 0,134033,3,7,5,07,10,2,0,0,1,1,0,0
"POINT (9.738901312000053 52.394429480000042)",Unfall 134035 (2018) Kat:2, Licht: 0,134035,2,3,6,07,08,2,0,0,1,0,1,0
"POINT (9.752616298000021 52.395000036000056)",Unfall 134046 (2018) Kat:3, Licht: 0,134046,3,3,5,07,08,6,0,0,1,1,0,0
"POINT (9.745371899000077 52.378703818000076)",Unfall 134052 (2018) Kat:3, Licht: 0,134052,3,3,5,07,16,3,1,0,1,1,0,0
"POINT (9.694414502000029 52.352779569000063)",Unfall 134074 (2018) Kat:3, Licht: 1,134074,3,3,5,07,05,5,0,1,1,0,0,0
"POINT (9.740510989000029 52.547034282000027)",Unfall 134092 (2018) Kat:2, Licht: 0,134092,2,3,0,07,09,6,0,0,1,1,0,0
"POINT (9.697692056000051 52.392394344000081)",Unfall 134105 (2018) Kat:3, Licht: 0,134105,3,4,6,07,14,1,0,0,1,0,1,0
"POINT (9.718209313000045 52.374940912000056)",Unfall 134140 (2018) Kat:3, Licht: 2,134140,3,7,0,07,01,1,0,2,1,0,0,0
"POINT (9.765329091000069 52.417943667000031)",Unfall 134147 (2018) Kat:3, Licht: 0,134147,3,3,5,07,17,3,1,0,1,1,0,0
"POINT (9.750653100000022 52.348624445000041)",Unfall 134174 (2018) Kat:3, Licht: 2,134174,3,1,0,07,03,7,0,2,1,0,0,0
"POINT (9.695182152000029 52.394201745000032)",Unfall 134177 (2018) Kat:3, Licht: 0,134177,3,6,2,07,13,7,0,0,1,0,0,0
"POINT (9.760203836000073 52.393822339000053)",Unfall 134180 (2018) Kat:3, Licht: 0,134180,3,3,5,07,12,7,0,0,1,1,0,0
"POINT (9.762684272000058 52.344408751000060)",Unfall 134186 (2018) Kat:3, Licht: 0,134186,3,3,5,07,07,6,0,0,1,1,0,0
"POINT (9.782950903000028 52.335984366000048)",Unfall 134189 (2018) Kat:3, Licht: 0,134189,3,1,0,07,10,7,0,0,1,0,0,0
"POINT (9.748867845000063 52.396794112000066)",Unfall 134192 (2018) Kat:3, Licht: 0,134192,3,2,4,07,16,7,0,0,1,1,0,0
"POINT (9.790260975000024 52.315183182000055)",Unfall 134209 (2018) Kat:3, Licht: 0,134209,3,3,5,07,16,3,1,0,1,1,0,0
"POINT (9.725641672000052 52.382081233000065)",Unfall 134210 (2018) Kat:3, Licht: 0,134210,3,5,1,07,18,6,0,0,1,1,0,0
"POINT (9.804824666000059 52.410011580000059)",Unfall 134217 (2018) Kat:3, Licht: 0,134217,3,3,5,07,10,4,1,0,1,1,0,0
"POINT (9.759395299000062 52.361611883000080)",Unfall 134225 (2018) Kat:2, Licht: 0,134225,2,2,4,07,19,3,1,0,1,1,0,0
"POINT (9.740914326000052 52.302876052000045)",Unfall 134244 (2018) Kat:3, Licht: 0,134244,3,3,5,07,16,5,0,0,1,0,0,0
"POINT (9.668567293000024 52.400424782000073)",Unfall 134254 (2018) Kat:3, Licht: 0,134254,3,3,0,07,20,1,0,0,1,1,0,0
"POINT (9.716781548000029 52.386210497000036)",Unfall 134258 (2018) Kat:3, Licht: 0,134258,3,5,1,07,14,6,0,0,1,1,0,0
"POINT (9.803128652000055 52.396451104000050)",Unfall 134266 (2018) Kat:3, Licht: 0,134266,3,2,5,07,15,5,0,0,1,1,0,0
"POINT (9.803446377000057 52.409250923000059)",Unfall 134276 (2018) Kat:3, Licht: 0,134276,3,3,5,07,13,5,0,0,1,1,0,0
"POINT (9.989614484000072 52.445422337000082)",Unfall 134278 (2018) Kat:3, Licht: 0,134278,3,3,0,07,17,3,0,0,1,1,0,0
"POINT (9.781208260000028 52.361240943000041)",Unfall 134286 (2018) Kat:3, Licht: 0,134286,3,2,5,07,18,5,0,0,1,1,0,0
"POINT (9.751388105000046 52.356222501000047)",Unfall 134288 (2018) Kat:3, Licht: 0,134288,3,2,5,07,07,5,0,0,1,1,0,0
"POINT (9.724420393000059 52.385429269000042)",Unfall 134314 (2018) Kat:2, Licht: 0,134314,2,2,5,07,16,2,0,0,1,1,0,0
"POINT (9.812072192000073 52.390599934000079)",Unfall 134318 (2018) Kat:3, Licht: 0,134318,3,3,5,07,14,3,0,0,1,1,0,0
"POINT (9.716988414000070 52.372815724000077)",Unfall 134332 (2018) Kat:3, Licht: 0,134332,3,2,2,07,13,2,0,0,1,0,0,0
"POINT (9.807547458000045 52.379666330000077)",Unfall 134358 (2018) Kat:3, Licht: 0,134358,3,3,5,07,13,4,0,0,1,1,0,0
"POINT (9.729821418000029 52.374743701000057)",Unfall 134360 (2018) Kat:3, Licht: 0,134360,3,1,0,07,14,4,0,0,1,0,0,0
"POINT (9.738482296000029 52.371897728000079)",Unfall 134363 (2018) Kat:3, Licht: 0,134363,3,6,3,07,12,2,0,0,1,1,0,0
"POINT (9.565820481000060 52.417904694000072)",Unfall 134364 (2018) Kat:3, Licht: 0,134364,3,6,4,07,13,4,0,0,1,1,0,0
"POINT (9.596725939000066 52.395575240000028)",Unfall 134365 (2018) Kat:3, Licht: 0,134365,3,7,0,07,17,6,0,0,1,1,0,0
"POINT (9.745315480000045 52.384601112000041)",Unfall 134366 (2018) Kat:3, Licht: 0,134366,3,5,1,07,12,2,0,0,1,1,0,0
"POINT (9.906132845000059 52.366453568000054)",Unfall 134367 (2018) Kat:3, Licht: 0,134367,3,7,0,07,15,4,0,0,1,0,0,0
"POINT (9.745261145000029 52.461548691000075)",Unfall 134368 (2018) Kat:2, Licht: 0,134368,2,7,0,07,17,4,0,0,1,0,0,0
"POINT (9.749540979000074 52.373154667000051)",Unfall 134371 (2018) Kat:3, Licht: 0,134371,3,1,0,07,14,4,0,0,1,0,0,0
"POINT (9.465010563000021 52.302623971000060)",Unfall 134378 (2018) Kat:3, Licht: 0,134378,3,6,4,07,15,2,0,0,1,1,0,0
"POINT (9.736505839000074 52.386917303000075)",Unfall 134383 (2018) Kat:3, Licht: 0,134383,3,2,5,07,15,3,0,0,1,1,0,0
"POINT (9.761133172000029 52.332812173000036)",Unfall 134387 (2018) Kat:3, Licht: 0,134387,3,3,5,07,16,2,0,0,1,1,0,0
"POINT (9.749062148000064 52.336998489000052)",Unfall 134396 (2018) Kat:3, Licht: 0,134396,3,6,4,07,14,2,0,0,1,0,0,0
"POINT (9.772195874000033 52.350512924000043)",Unfall 134409 (2018) Kat:3, Licht: 0,134409,3,2,5,07,15,2,0,0,1,1,0,0
"POINT (9.692536574000030 52.398592965000034)",Unfall 134419 (2018) Kat:3, Licht: 0,134419,3,2,4,07,11,2,0,0,1,0,0,0
"POINT (9.743807607000065 52.357121516000063)",Unfall 134429 (2018) Kat:3, Licht: 0,134429,3,2,3,07,11,3,0,0,1,1,0,0
"POINT (9.668819374000066 52.400295672000027)",Unfall 134446 (2018) Kat:3, Licht: 0,134446,3,6,3,07,11,3,0,0,1,0,0,0
"POINT (9.748600998000029 52.336883205000049)",Unfall 134456 (2018) Kat:3, Licht: 0,134456,3,1,6,07,13,3,0,0,1,0,1,0
"POINT (9.714681819000077 52.371750286000065)",Unfall 134460 (2018) Kat:3, Licht: 0,134460,3,1,0,07,10,3,0,0,1,0,0,0
"POINT (9.794379251000066 52.393406694000078)",Unfall 134466 (2018) Kat:3, Licht: 2,134466,3,3,5,07,02,3,0,2,1,1,0,0
"POINT (9.772138434000055 52.395839901000045)",Unfall 134470 (2018) Kat:3, Licht: 0,134470,3,3,5,07,09,3,0,0,1,0,0,0
"POINT (9.724994996000021 52.355681525000080)",Unfall 134473 (2018) Kat:3, Licht: 2,134473,3,7,0,07,23,3,0,2,1,0,0,0
"POINT (9.750048614000036 52.337073598000075)",Unfall 134476 (2018) Kat:3, Licht: 0,134476,3,6,3,07,13,3,0,0,1,0,0,0
"POINT (9.703286923000064 52.374791037000080)",Unfall 134477 (2018) Kat:3, Licht: 0,134477,3,5,1,07,12,3,0,0,1,0,0,0
"POINT (9.685518588000036 52.350991317000080)",Unfall 134486 (2018) Kat:3, Licht: 0,134486,3,6,4,07,16,4,0,0,1,0,0,0
"POINT (9.701357120000068 52.396022454000047)",Unfall 134501 (2018) Kat:3, Licht: 0,134501,3,2,5,07,14,3,0,0,1,1,0,0
"POINT (9.466870824000068 52.304678765000062)",Unfall 134503 (2018) Kat:3, Licht: 2,134503,3,7,0,07,01,7,0,2,1,0,0,0
"POINT (9.693494087000033 52.392172343000027)",Unfall 134532 (2018) Kat:3, Licht: 0,134532,3,2,5,07,16,2,0,0,1,1,0,0
"POINT (9.709377141000061 52.368552592000071)",Unfall 134533 (2018) Kat:3, Licht: 0,134533,3,5,1,07,14,6,0,0,1,1,0,0
"POINT (9.671738501000050 52.415619139000057)",Unfall 134535 (2018) Kat:3, Licht: 0,134535,3,3,5,07,14,4,0,0,1,1,0,0
"POINT (9.708359184000074 52.367152965000059)",Unfall 134540 (2018) Kat:3, Licht: 0,134540,3,3,0,07,16,3,0,0,1,1,0,0
"POINT (9.582226902000059 52.447727417000067)",Unfall 134555 (2018) Kat:3, Licht: 0,134555,3,7,8,08,18,5,0,0,1,0,0,0
"POINT (9.700778828000068 52.391459579000070)",Unfall 134568 (2018) Kat:3, Licht: 0,134568,3,3,5,07,15,1,0,0,1,1,0,0
"POINT (9.728900356000054 52.424885440000082)",Unfall 134569 (2018) Kat:3, Licht: 1,134569,3,2,4,08,21,7,0,1,1,1,0,0
"POINT (10.200211470000056 52.464775482000050)",Unfall 134577 (2018) Kat:2, Licht: 0,134577,2,1,0,07,19,1,0,0,1,0,0,0
"POINT (9.738460033000024 52.547157083000059)",Unfall 134595 (2018) Kat:3, Licht: 0,134595,3,7,0,08,12,5,0,0,1,0,0,0
"POINT (9.726361497000028 52.388414206000050)",Unfall 134596 (2018) Kat:3, Licht: 0,134596,3,3,5,07,18,5,0,0,1,1,0,0
"POINT (9.693286135000051 52.409342100000060)",Unfall 134597 (2018) Kat:3, Licht: 0,134597,3,3,5,07,12,2,0,0,1,1,0,0
"POINT (9.763689382000052 52.368810800000062)",Unfall 134600 (2018) Kat:3, Licht: 0,134600,3,2,0,08,11,5,0,0,1,1,0,0
"POINT (9.746822187000021 52.404228482000065)",Unfall 134601 (2018) Kat:3, Licht: 0,134601,3,5,5,07,07,2,0,0,1,1,0,0
"POINT (9.747857777000036 52.405310495000037)",Unfall 134609 (2018) Kat:3, Licht: 0,134609,3,4,6,08,19,5,0,0,1,0,1,0
"POINT (9.721301080000046 52.369948411000053)",Unfall 134614 (2018) Kat:2, Licht: 0,134614,2,1,1,08,20,6,0,0,1,1,0,0
"POINT (9.687695332000033 52.392759075000072)",Unfall 134622 (2018) Kat:3, Licht: 0,134622,3,7,0,07,14,7,1,0,1,0,0,0
"POINT (9.753225546000067 52.380109630000049)",Unfall 134623 (2018) Kat:3, Licht: 0,134623,3,5,1,08,14,7,0,0,1,1,0,0
"POINT (9.743523604000075 52.369357969000077)",Unfall 134624 (2018) Kat:3, Licht: 0,134624,3,6,6,07,13,7,1,0,1,0,1,0
"POINT (9.744542554000077 52.385088530000075)",Unfall 134626 (2018) Kat:3, Licht: 0,134626,3,3,5,08,09,6,0,0,1,1,0,0
"POINT (9.765972628000043 52.395970282000064)",Unfall 134629 (2018) Kat:3, Licht: 0,134629,3,3,5,08,16,5,0,0,1,1,0,0
"POINT (9.571270173000073 52.608570672000042)",Unfall 134633 (2018) Kat:3, Licht: 0,134633,3,7,0,07,11,7,0,0,1,0,0,0
"POINT (10.170192571000030 52.465333958000031)",Unfall 134637 (2018) Kat:3, Licht: 0,134637,3,3,5,07,13,7,0,0,1,1,0,0
"POINT (9.684930721000058 52.328230332000032)",Unfall 134642 (2018) Kat:3, Licht: 0,134642,3,1,0,07,11,2,0,0,1,0,0,0
"POINT (9.719741223000028 52.378237808000051)",Unfall 134644 (2018) Kat:3, Licht: 0,134644,3,1,0,08,07,1,0,0,1,0,0,0
"POINT (9.907417021000072 52.370866278000051)",Unfall 134652 (2018) Kat:3, Licht: 0,134652,3,7,0,07,16,3,0,0,1,1,0,0
"POINT (9.458486056000027 52.507819052000059)",Unfall 134656 (2018) Kat:3, Licht: 0,134656,3,7,0,07,09,2,0,0,1,0,0,0
"POINT (9.787050844000021 52.401567686000078)",Unfall 134683 (2018) Kat:3, Licht: 0,134683,3,3,0,08,19,7,0,0,1,1,0,0
"POINT (9.823514497000076 52.401359636000052)",Unfall 134696 (2018) Kat:3, Licht: 0,134696,3,5,1,07,12,6,0,0,1,1,0,0
"POINT (9.780133275000026 52.328509900000029)",Unfall 134698 (2018) Kat:3, Licht: 0,134698,3,2,2,07,16,2,0,0,1,1,0,0
"POINT (9.726218255000049 52.377241133000041)",Unfall 134703 (2018) Kat:3, Licht: 0,134703,3,7,5,07,17,6,0,0,1,1,0,0
"POINT (9.764359782000042 52.266636610000035)",Unfall 134705 (2018) Kat:3, Licht: 0,134705,3,3,5,07,18,6,0,0,1,1,0,0
"POINT (9.701718583000059 52.408735723000063)",Unfall 134711 (2018) Kat:3, Licht: 0,134711,3,3,5,08,10,5,0,0,1,1,0,0
"POINT (10.011912948000031 52.447397890000047)",Unfall 134712 (2018) Kat:3, Licht: 0,134712,3,7,0,07,17,2,0,0,1,0,0,0
"POINT (9.745514345000061 52.440257858000052)",Unfall 134720 (2018) Kat:2, Licht: 0,134720,2,1,0,07,18,6,0,0,1,0,0,0
"POINT (9.754284329000029 52.368356805000076)",Unfall 134728 (2018) Kat:2, Licht: 0,134728,2,3,5,07,06,6,0,0,1,1,0,0
"POINT (9.735373744000071 52.384435806000056)",Unfall 134735 (2018) Kat:3, Licht: 0,134735,3,3,5,08,17,4,0,0,1,1,0,0
"POINT (9.741703453000071 52.380257530000051)",Unfall 134744 (2018) Kat:3, Licht: 0,134744,3,3,5,08,18,7,0,0,1,1,0,0
"POINT (9.750818581000033 52.375630317000059)",Unfall 134747 (2018) Kat:3, Licht: 0,134747,3,2,0,08,15,6,0,0,1,0,0,0
"POINT (9.782116810000048 52.328967993000049)",Unfall 134749 (2018) Kat:2, Licht: 0,134749,2,2,5,08,16,4,0,0,1,1,0,0
"POINT (9.761013684000034 52.367694114000074)",Unfall 134761 (2018) Kat:3, Licht: 0,134761,3,6,2,08,13,4,0,0,1,0,0,0
"POINT (9.729778422000038 52.345244572000070)",Unfall 134762 (2018) Kat:3, Licht: 0,134762,3,3,5,07,18,2,0,0,1,1,0,0
"POINT (9.806695280000042 52.388784498000064)",Unfall 134763 (2018) Kat:3, Licht: 0,134763,3,2,5,08,15,5,0,0,1,1,0,0
"POINT (9.674104470000032 52.358578813000065)",Unfall 134765 (2018) Kat:2, Licht: 0,134765,2,1,0,08,20,1,0,0,1,0,0,0
"POINT (9.756155429000046 52.342668638000077)",Unfall 134769 (2018) Kat:2, Licht: 0,134769,2,3,5,08,11,4,0,0,1,1,0,0
"POINT (9.544470526000055 52.207706344000030)",Unfall 134777 (2018) Kat:3, Licht: 0,134777,3,5,3,07,10,2,0,0,1,1,0,0
"POINT (9.805674527000065 52.419663877000062)",Unfall 134797 (2018) Kat:3, Licht: 0,134797,3,1,0,08,12,7,0,0,1,0,0,0
"POINT (9.722167714000022 52.385120343000040)",Unfall 134801 (2018) Kat:3, Licht: 0,134801,3,5,1,07,09,5,0,0,1,1,0,0
"POINT (9.740663588000075 52.374530062000076)",Unfall 134802 (2018) Kat:3, Licht: 0,134802,3,4,6,08,11,5,0,0,1,0,1,0
"POINT (9.792435184000055 52.408056410000029)",Unfall 134805 (2018) Kat:3, Licht: 0,134805,3,5,1,08,18,6,0,0,1,1,0,0
"POINT (9.732525532000068 52.391336561000060)",Unfall 134806 (2018) Kat:3, Licht: 0,134806,3,3,5,07,08,5,0,0,1,1,0,0
"POINT (9.739822026000070 52.377036565000026)",Unfall 134809 (2018) Kat:3, Licht: 1,134809,3,6,6,07,20,5,0,1,1,0,1,0
"POINT (9.708002478000026 52.367581204000032)",Unfall 134815 (2018) Kat:3, Licht: 0,134815,3,6,0,07,10,2,0,0,1,1,0,0
"POINT (9.436399203000065 52.419285628000068)",Unfall 134822 (2018) Kat:3, Licht: 0,134822,3,1,0,08,16,6,0,0,1,0,0,0
"POINT (9.726473478000060 52.388500052000040)",Unfall 134833 (2018) Kat:3, Licht: 2,134833,3,1,0,08,01,6,0,2,1,0,0,0
"POINT (9.789656179000076 52.410222521000037)",Unfall 134837 (2018) Kat:3, Licht: 0,134837,3,2,5,08,17,5,0,0,1,0,0,0
"POINT (9.692277468000043 52.398137556000052)",Unfall 134838 (2018) Kat:3, Licht: 0,134838,3,2,5,08,09,3,0,0,1,1,0,0
"POINT (9.744771440000022 52.376886441000067)",Unfall 134847 (2018) Kat:3, Licht: 0,134847,3,5,1,08,12,5,0,0,1,1,0,0
"POINT (9.424592223000047 52.416609139000059)",Unfall 134848 (2018) Kat:3, Licht: 2,134848,3,3,5,08,22,3,0,2,1,0,0,0
"POINT (9.726283097000021 52.388355145000048)",Unfall 134865 (2018) Kat:3, Licht: 2,134865,3,2,5,08,22,2,1,2,1,1,0,0
"POINT (9.812087042000030 52.344115857000077)",Unfall 134866 (2018) Kat:3, Licht: 0,134866,3,3,5,08,14,4,0,0,1,1,0,0
"POINT (9.707116739000071 52.401730451000049)",Unfall 134868 (2018) Kat:3, Licht: 0,134868,3,3,5,08,13,6,0,0,1,0,0,0
"POINT (9.733678504000068 52.379814132000035)",Unfall 134874 (2018) Kat:3, Licht: 0,134874,3,3,5,08,14,4,0,0,1,1,0,0
"POINT (9.761771192000026 52.342010883000057)",Unfall 134879 (2018) Kat:3, Licht: 0,134879,3,3,5,08,07,2,0,0,1,1,0,0
"POINT (9.718641325000021 52.374105731000043)",Unfall 134881 (2018) Kat:3, Licht: 0,134881,3,7,0,08,17,7,0,0,1,0,0,0
"POINT (9.732715837000058 52.379250361000061)",Unfall 134885 (2018) Kat:3, Licht: 0,134885,3,1,0,08,06,5,0,0,1,0,0,0
"POINT (9.809825311000054 52.361471411000082)",Unfall 134895 (2018) Kat:3, Licht: 0,134895,3,5,1,08,12,3,1,0,1,1,0,0
"POINT (9.852303030000030 52.489879583000061)",Unfall 134915 (2018) Kat:3, Licht: 0,134915,3,2,5,08,10,2,0,0,1,1,0,0
"POINT (9.705857308000077 52.390753179000058)",Unfall 134930 (2018) Kat:2, Licht: 0,134930,2,3,5,08,18,7,0,0,1,1,0,0
"POINT (9.753170522000062 52.376539412000056)",Unfall 134935 (2018) Kat:2, Licht: 0,134935,2,1,6,08,18,5,1,0,1,0,1,0
"POINT (9.793195099000059 52.411217416000056)",Unfall 134938 (2018) Kat:3, Licht: 1,134938,3,1,0,08,19,5,1,1,1,0,0,0
"POINT (9.722010384000043 52.346701381000059)",Unfall 134942 (2018) Kat:3, Licht: 0,134942,3,7,5,08,17,3,0,0,1,1,0,0
"POINT (9.735534179000069 52.362494406000053)",Unfall 134949 (2018) Kat:3, Licht: 2,134949,3,4,6,08,01,1,0,2,1,0,1,0
"POINT (9.771494011000073 52.370801664000055)",Unfall 134950 (2018) Kat:3, Licht: 0,134950,3,2,3,08,14,3,0,0,1,0,0,0
"POINT (9.458720108000023 52.503166104000059)",Unfall 134951 (2018) Kat:3, Licht: 0,134951,3,2,5,08,11,3,0,0,1,1,0,0
"POINT (9.736182782000071 52.441512418000059)",Unfall 134953 (2018) Kat:3, Licht: 0,134953,3,2,5,08,19,3,0,0,1,1,0,0
"POINT (9.704904909000049 52.374339978000080)",Unfall 134959 (2018) Kat:2, Licht: 2,134959,2,1,0,08,22,3,1,2,1,0,0,0
"POINT (9.692690454000058 52.396664736000048)",Unfall 134967 (2018) Kat:3, Licht: 0,134967,3,2,5,08,07,3,0,0,1,0,0,0
"POINT (9.733731400000067 52.362120644000072)",Unfall 134968 (2018) Kat:3, Licht: 0,134968,3,3,5,08,15,2,0,0,1,1,0,0
"POINT (9.750665988000037 52.360647680000056)",Unfall 134972 (2018) Kat:3, Licht: 0,134972,3,5,1,08,16,6,0,0,1,1,0,0
"POINT (9.800130658000057 52.398791940000081)",Unfall 134983 (2018) Kat:3, Licht: 0,134983,3,3,5,08,11,2,0,0,1,1,0,0
"POINT (9.654407576000040 52.410057605000077)",Unfall 134985 (2018) Kat:3, Licht: 0,134985,3,3,5,08,13,7,0,0,1,1,0,0
"POINT (9.806330625000044 52.417216779000057)",Unfall 134990 (2018) Kat:3, Licht: 0,134990,3,3,5,08,08,5,0,0,1,1,0,0
"POINT (9.738829345000056 52.363312917000030)",Unfall 134991 (2018) Kat:3, Licht: 0,134991,3,2,5,08,17,3,1,0,1,1,0,0
"POINT (9.764448190000053 52.333200308000073)",Unfall 135004 (2018) Kat:3, Licht: 0,135004,3,2,5,08,06,5,0,0,1,1,0,0
"POINT (10.012063352000041 52.452516384000035)",Unfall 135005 (2018) Kat:3, Licht: 0,135005,3,7,5,08,19,3,0,0,1,1,0,0
"POINT (9.771870790000037 52.350763726000082)",Unfall 135032 (2018) Kat:3, Licht: 0,135032,3,3,5,08,18,5,1,0,1,1,0,0
"POINT (9.791197280000063 52.374438051000027)",Unfall 135043 (2018) Kat:3, Licht: 0,135043,3,3,5,08,17,5,1,0,1,1,0,0
"POINT (9.747750465000024 52.378252239000062)",Unfall 135044 (2018) Kat:3, Licht: 0,135044,3,3,0,08,16,3,0,0,1,1,0,0
"POINT (9.752066048000074 52.410435087000053)",Unfall 135055 (2018) Kat:3, Licht: 0,135055,3,3,5,08,14,1,0,0,1,1,0,0
"POINT (9.595579470000075 52.430264681000040)",Unfall 135059 (2018) Kat:3, Licht: 0,135059,3,7,0,08,13,2,0,0,1,0,0,0
"POINT (9.804266242000040 52.391217684000026)",Unfall 135062 (2018) Kat:3, Licht: 0,135062,3,2,5,08,14,2,0,0,1,1,0,0
"POINT (9.783285768000042 52.371233845000063)",Unfall 135076 (2018) Kat:3, Licht: 0,135076,3,7,0,08,08,6,0,0,1,0,0,0
"POINT (9.729713296000057 52.364731839000058)",Unfall 135086 (2018) Kat:3, Licht: 0,135086,3,2,5,08,07,6,0,0,1,1,0,0
"POINT (9.822016716000064 52.335203017000026)",Unfall 135096 (2018) Kat:3, Licht: 0,135096,3,7,5,08,17,5,0,0,1,0,0,0
"POINT (9.803446377000057 52.409250923000059)",Unfall 135099 (2018) Kat:3, Licht: 0,135099,3,3,5,08,16,5,0,0,1,1,0,0
"POINT (9.781609837000076 52.414127671000074)",Unfall 135101 (2018) Kat:3, Licht: 0,135101,3,2,4,08,11,5,0,0,1,1,0,0
"POINT (9.607996999000022 52.311628735000056)",Unfall 135109 (2018) Kat:3, Licht: 0,135109,3,6,3,08,10,5,0,0,1,1,0,0
"POINT (9.735861502000034 52.379024815000037)",Unfall 135118 (2018) Kat:3, Licht: 0,135118,3,6,0,08,11,5,0,0,1,1,0,0
"POINT (9.740022782000040 52.366611152000075)",Unfall 135120 (2018) Kat:3, Licht: 0,135120,3,3,5,08,17,2,0,0,1,1,0,0
"POINT (9.728296036000074 52.368085371000063)",Unfall 135121 (2018) Kat:2, Licht: 0,135121,2,3,5,08,11,5,0,0,1,1,0,0
"POINT (9.747977883000033 52.373965263000059)",Unfall 135131 (2018) Kat:3, Licht: 0,135131,3,3,5,08,16,3,0,0,1,1,0,0
"POINT (9.804472442000076 52.400151896000068)",Unfall 135154 (2018) Kat:3, Licht: 0,135154,3,2,3,08,15,1,0,0,1,1,0,0
"POINT (9.751242109000032 52.372427029000050)",Unfall 135170 (2018) Kat:3, Licht: 0,135170,3,2,5,08,13,3,0,0,1,1,0,0
"POINT (9.709660784000050 52.372696345000065)",Unfall 135173 (2018) Kat:3, Licht: 2,135173,3,7,0,08,22,2,0,2,1,0,0,0
"POINT (9.809612464000054 52.309090025000046)",Unfall 135180 (2018) Kat:3, Licht: 0,135180,3,3,5,08,13,6,0,0,1,0,0,1
"POINT (9.792948890000048 52.395451669000067)",Unfall 135233 (2018) Kat:3, Licht: 2,135233,3,6,2,08,21,1,0,2,1,0,0,0
"POINT (9.729284311000072 52.323677752000037)",Unfall 135240 (2018) Kat:3, Licht: 0,135240,3,6,2,08,17,3,0,0,1,1,0,0
"POINT (9.736036690000049 52.362636699000063)",Unfall 135266 (2018) Kat:3, Licht: 2,135266,3,6,0,08,01,7,0,2,1,0,0,0
"POINT (9.725372966000066 52.376974554000071)",Unfall 135269 (2018) Kat:3, Licht: 0,135269,3,7,0,08,11,4,0,0,1,0,0,0
"POINT (9.714366382000037 52.369153386000050)",Unfall 135272 (2018) Kat:3, Licht: 0,135272,3,7,0,08,09,4,0,0,1,1,0,0
"POINT (9.853336135000063 52.387834573000077)",Unfall 135283 (2018) Kat:3, Licht: 0,135283,3,6,2,08,17,4,0,0,1,1,0,0
"POINT (9.581503270000042 52.438782635000052)",Unfall 135288 (2018) Kat:2, Licht: 1,135288,2,7,0,08,20,6,0,1,1,0,0,0
"POINT (9.775119084000039 52.363395187000037)",Unfall 135290 (2018) Kat:2, Licht: 0,135290,2,2,5,08,08,4,0,0,1,1,0,0
"POINT (9.705058639000072 52.355426414000078)",Unfall 135294 (2018) Kat:2, Licht: 0,135294,2,1,0,08,14,3,0,0,1,0,0,0
"POINT (9.736940987000025 52.381349687000068)",Unfall 135329 (2018) Kat:3, Licht: 0,135329,3,6,4,08,07,3,0,0,1,0,0,0
"POINT (9.662550436000061 52.409334651000052)",Unfall 135355 (2018) Kat:2, Licht: 0,135355,2,3,5,08,13,2,0,0,1,1,0,0
"POINT (9.711258999000052 52.372214583000073)",Unfall 135358 (2018) Kat:3, Licht: 0,135358,3,2,3,08,10,7,0,0,1,1,0,0
"POINT (9.755957783000042 52.395973591000029)",Unfall 135363 (2018) Kat:3, Licht: 1,135363,3,1,0,08,20,7,0,1,1,0,0,0
"POINT (9.716158659000030 52.362569646000054)",Unfall 135366 (2018) Kat:3, Licht: 0,135366,3,1,0,08,18,4,0,0,1,0,0,0
"POINT (9.740882360000057 52.374914165000064)",Unfall 135372 (2018) Kat:3, Licht: 0,135372,3,4,6,08,15,3,0,0,1,0,1,0
"POINT (9.756775935000064 52.356776701000058)",Unfall 135406 (2018) Kat:3, Licht: 0,135406,3,3,5,08,08,6,0,0,1,1,0,0
"POINT (9.744531202000076 52.385102964000055)",Unfall 135407 (2018) Kat:3, Licht: 0,135407,3,3,5,08,11,4,0,0,1,1,0,0
"POINT (9.781826415000069 52.349011644000029)",Unfall 135412 (2018) Kat:2, Licht: 0,135412,2,7,0,08,07,2,1,0,1,0,0,0
"POINT (9.798317978000057 52.334484370000041)",Unfall 135413 (2018) Kat:3, Licht: 0,135413,3,3,5,08,14,6,0,0,1,1,0,0
"POINT (9.676249023000025 52.363131376000069)",Unfall 135416 (2018) Kat:3, Licht: 0,135416,3,5,0,08,10,6,0,0,1,1,0,0
"POINT (9.743616649000046 52.379500768000071)",Unfall 135417 (2018) Kat:3, Licht: 2,135417,3,7,8,08,00,6,0,2,1,0,0,0
"POINT (9.621289571000034 52.447866746000045)",Unfall 135418 (2018) Kat:3, Licht: 2,135418,3,2,3,08,21,4,0,2,1,0,0,0
"POINT (9.750056991000065 52.380577596000080)",Unfall 135421 (2018) Kat:3, Licht: 0,135421,3,5,1,08,09,3,0,0,1,1,0,0
"POINT (10.082615358000055 52.483283968000080)",Unfall 135458 (2018) Kat:3, Licht: 0,135458,3,3,5,08,17,2,0,0,1,1,0,0
"POINT (9.653080044000035 52.169863120000059)",Unfall 135460 (2018) Kat:3, Licht: 0,135460,3,6,2,08,16,4,0,0,1,0,0,0
"POINT (9.741618568000035 52.380199676000075)",Unfall 135463 (2018) Kat:3, Licht: 0,135463,3,3,5,08,18,3,0,0,1,1,0,0
"POINT (10.005498958000032 52.447277098000029)",Unfall 135471 (2018) Kat:3, Licht: 0,135471,3,3,5,08,13,4,0,0,1,1,0,0
"POINT (9.740096920000042 52.366996713000049)",Unfall 135476 (2018) Kat:3, Licht: 2,135476,3,2,3,08,23,5,0,2,1,0,0,0
"POINT (9.826858428000037 52.375042020000080)",Unfall 135477 (2018) Kat:2, Licht: 0,135477,2,7,7,08,16,5,0,0,1,0,0,0
"POINT (9.798743482000077 52.385306588000049)",Unfall 135479 (2018) Kat:3, Licht: 0,135479,3,3,5,08,17,5,0,0,1,1,0,0
"POINT (9.756742307000025 52.410381544000074)",Unfall 135480 (2018) Kat:3, Licht: 0,135480,3,3,5,08,15,5,0,0,1,1,0,0
"POINT (9.787013705000049 52.401650704000076)",Unfall 135481 (2018) Kat:3, Licht: 0,135481,3,3,5,08,14,5,0,0,1,1,0,0
"POINT (9.598381919000076 52.312822738000079)",Unfall 135484 (2018) Kat:3, Licht: 0,135484,3,3,0,08,07,5,0,0,1,1,0,0
"POINT (9.462493740000070 52.495060182000032)",Unfall 135489 (2018) Kat:2, Licht: 0,135489,2,4,6,08,17,5,0,0,1,0,1,0
"POINT (9.792661977000023 52.396943534000059)",Unfall 135491 (2018) Kat:3, Licht: 0,135491,3,3,5,08,13,5,0,0,1,1,0,0
"POINT (9.708639289000075 52.401092323000057)",Unfall 135521 (2018) Kat:2, Licht: 0,135521,2,3,5,08,12,1,0,0,1,1,0,0
"POINT (9.717377904000045 52.354406852000068)",Unfall 135531 (2018) Kat:2, Licht: 0,135531,2,3,5,08,13,3,0,0,1,1,0,0
"POINT (9.730982287000074 52.391362309000044)",Unfall 135532 (2018) Kat:2, Licht: 0,135532,2,7,0,08,11,1,0,0,1,0,0,0
"POINT (9.686127303000035 52.394858556000031)",Unfall 135560 (2018) Kat:3, Licht: 0,135560,3,5,1,08,19,4,0,0,1,1,0,0
"POINT (9.765224232000037 52.417967417000057)",Unfall 135561 (2018) Kat:3, Licht: 0,135561,3,6,3,08,11,4,0,0,1,1,0,0
"POINT (9.746854028000030 52.382586641000046)",Unfall 135564 (2018) Kat:3, Licht: 0,135564,3,3,5,08,12,2,0,0,1,1,0,0
"POINT (9.364968616000056 52.452720166000063)",Unfall 135566 (2018) Kat:3, Licht: 0,135566,3,1,0,08,16,4,0,0,1,0,0,0
"POINT (9.859357850000038 52.487438088000033)",Unfall 135568 (2018) Kat:3, Licht: 0,135568,3,3,5,08,15,4,0,0,1,1,0,0
"POINT (9.729764883000030 52.376303036000081)",Unfall 135569 (2018) Kat:3, Licht: 0,135569,3,3,5,08,15,3,0,0,1,0,0,0
"POINT (9.727281168000047 52.547132593000072)",Unfall 135572 (2018) Kat:2, Licht: 0,135572,2,1,0,08,08,4,0,0,1,0,0,0
"POINT (9.742308238000021 52.325657543000034)",Unfall 135585 (2018) Kat:3, Licht: 0,135585,3,3,5,09,09,4,0,0,1,1,0,0
"POINT (9.721132591000071 52.383521392000034)",Unfall 135587 (2018) Kat:3, Licht: 0,135587,3,5,0,09,13,3,0,0,1,1,0,0
"POINT (9.747440816000051 52.318083177000062)",Unfall 135590 (2018) Kat:3, Licht: 0,135590,3,1,4,09,13,2,0,0,1,0,0,0
"POINT (9.732061920000035 52.399778180000055)",Unfall 135621 (2018) Kat:3, Licht: 0,135621,3,6,6,09,17,5,0,0,1,0,1,0
"POINT (9.717103710000060 52.344899158000032)",Unfall 135633 (2018) Kat:3, Licht: 0,135633,3,2,5,09,16,4,0,0,1,1,0,0
"POINT (9.668660341000077 52.414812411000071)",Unfall 135634 (2018) Kat:3, Licht: 0,135634,3,2,5,08,13,6,0,0,1,1,0,0
"POINT (9.731579600000032 52.358331631000055)",Unfall 135635 (2018) Kat:3, Licht: 0,135635,3,7,7,09,09,3,0,0,1,0,0,0
"POINT (9.714603526000076 52.386105332000056)",Unfall 135650 (2018) Kat:3, Licht: 0,135650,3,6,6,08,10,6,0,0,1,0,1,0
"POINT (9.855364640000062 52.388864853000030)",Unfall 135659 (2018) Kat:2, Licht: 0,135659,2,7,0,08,16,6,0,0,1,0,0,0
"POINT (9.804721005000033 52.306912532000069)",Unfall 135661 (2018) Kat:3, Licht: 0,135661,3,2,5,08,12,6,0,0,1,1,0,0
"POINT (9.623397448000048 52.428944210000054)",Unfall 135683 (2018) Kat:3, Licht: 0,135683,3,3,5,09,13,1,0,0,1,1,0,0
"POINT (9.808225199000049 52.379598076000036)",Unfall 135694 (2018) Kat:3, Licht: 0,135694,3,1,0,09,16,2,0,0,1,0,0,0
"POINT (9.738708238000072 52.381425281000077)",Unfall 135698 (2018) Kat:3, Licht: 2,135698,3,3,5,09,22,7,0,2,1,1,0,0
"POINT (9.762811276000036 52.335167096000077)",Unfall 135709 (2018) Kat:3, Licht: 0,135709,3,5,5,09,07,2,0,0,1,1,0,0
"POINT (9.771505472000058 52.350385234000044)",Unfall 135739 (2018) Kat:3, Licht: 0,135739,3,1,0,09,17,5,0,0,1,0,0,0
"POINT (9.744708394000043 52.535887760000037)",Unfall 135741 (2018) Kat:3, Licht: 0,135741,3,6,0,09,13,4,0,0,1,0,1,0
"POINT (9.747315648000040 52.387602694000066)",Unfall 135743 (2018) Kat:3, Licht: 0,135743,3,3,5,09,11,3,0,0,1,1,0,0
"POINT (9.597457509000037 52.420747596000069)",Unfall 135747 (2018) Kat:3, Licht: 0,135747,3,3,5,09,17,2,0,0,1,1,0,0
"POINT (9.707237358000043 52.370544688000052)",Unfall 135761 (2018) Kat:3, Licht: 0,135761,3,1,0,08,18,5,1,0,1,0,0,0
"POINT (9.755747830000075 52.356419112000026)",Unfall 135767 (2018) Kat:3, Licht: 0,135767,3,2,5,08,17,5,1,0,1,0,0,0
"POINT (9.693805666000060 52.361833980000029)",Unfall 135778 (2018) Kat:3, Licht: 0,135778,3,2,5,09,15,3,0,0,1,1,0,0
"POINT (9.785344041000030 52.373433723000062)",Unfall 135783 (2018) Kat:3, Licht: 0,135783,3,7,0,09,13,3,0,0,1,0,0,0
"POINT (9.976909318000026 52.376795023000057)",Unfall 135784 (2018) Kat:3, Licht: 0,135784,3,2,4,09,07,5,0,0,1,1,0,0
"POINT (9.739456452000070 52.376219727000034)",Unfall 135786 (2018) Kat:3, Licht: 0,135786,3,2,5,09,19,4,0,0,1,1,0,0
"POINT (9.752326402000051 52.411164011000039)",Unfall 135792 (2018) Kat:3, Licht: 0,135792,3,3,5,09,07,3,0,0,1,1,0,0
"POINT (9.723249897000073 52.372390513000028)",Unfall 135796 (2018) Kat:3, Licht: 0,135796,3,2,5,09,19,4,0,0,1,1,0,0
"POINT (9.828029129000072 52.290103627000065)",Unfall 135798 (2018) Kat:3, Licht: 0,135798,3,3,5,09,06,3,0,0,1,0,0,0
"POINT (9.661968588000036 52.339880600000072)",Unfall 135799 (2018) Kat:3, Licht: 0,135799,3,6,3,09,18,3,0,0,1,1,0,0
"POINT (9.663735156000030 52.382700292000038)",Unfall 135802 (2018) Kat:3, Licht: 0,135802,3,7,0,09,10,2,0,0,1,0,0,0
"POINT (9.447305614000072 52.499098137000033)",Unfall 135803 (2018) Kat:2, Licht: 0,135803,2,3,5,09,14,3,0,0,1,0,0,0
"POINT (9.734823983000069 52.380344841000067)",Unfall 135833 (2018) Kat:3, Licht: 1,135833,3,2,5,09,20,5,1,1,1,1,0,0
"POINT (9.802723250000042 52.387950994000050)",Unfall 135838 (2018) Kat:3, Licht: 0,135838,3,2,5,09,18,4,0,0,1,0,0,0
"POINT (9.741732861000060 52.441060079000067)",Unfall 135848 (2018) Kat:3, Licht: 0,135848,3,3,5,09,07,3,0,0,1,0,0,0
"POINT (9.707799218000048 52.369465870000056)",Unfall 135852 (2018) Kat:3, Licht: 0,135852,3,7,6,09,13,6,0,0,1,0,1,0
"POINT (9.725579169000071 52.562719110000046)",Unfall 135859 (2018) Kat:3, Licht: 0,135859,3,3,5,09,15,2,0,0,1,1,0,0
"POINT (9.707841079000048 52.374177966000047)",Unfall 135864 (2018) Kat:2, Licht: 2,135864,2,3,0,09,01,4,0,2,1,0,0,0
"POINT (9.738039084000036 52.382138538000049)",Unfall 135871 (2018) Kat:3, Licht: 0,135871,3,2,2,09,18,2,0,0,1,0,0,0
"POINT (9.737024844000075 52.442785078000043)",Unfall 135892 (2018) Kat:3, Licht: 0,135892,3,2,5,09,14,1,0,0,1,0,0,0
"POINT (9.761859249000054 52.346622383000067)",Unfall 135894 (2018) Kat:3, Licht: 2,135894,3,7,5,09,20,3,0,2,1,1,0,0
"POINT (9.781496714000070 52.415618550000033)",Unfall 135898 (2018) Kat:3, Licht: 0,135898,3,2,5,09,06,6,0,0,1,1,0,0
"POINT (9.851078906000055 52.487314957000081)",Unfall 135907 (2018) Kat:3, Licht: 0,135907,3,3,5,09,08,4,0,0,1,1,0,0
"POINT (9.719698182000059 52.359854346000077)",Unfall 135913 (2018) Kat:3, Licht: 0,135913,3,6,4,09,16,2,0,0,1,0,0,0
"POINT (9.748646896000025 52.373486616000037)",Unfall 135916 (2018) Kat:2, Licht: 2,135916,2,2,5,09,18,4,1,2,1,1,0,0
"POINT (9.733890424000038 52.445139337000057)",Unfall 135921 (2018) Kat:3, Licht: 0,135921,3,7,0,09,09,2,0,0,1,0,0,0
"POINT (9.461834199000066 52.302580612000042)",Unfall 135930 (2018) Kat:3, Licht: 0,135930,3,7,6,09,14,4,0,0,1,0,1,0
"POINT (9.960984654000072 52.368344236000041)",Unfall 135933 (2018) Kat:3, Licht: 0,135933,3,2,5,09,10,3,0,0,1,1,0,0
"POINT (9.708192417000021 52.367188231000057)",Unfall 135943 (2018) Kat:3, Licht: 0,135943,3,3,5,09,17,4,0,0,1,1,0,0
"POINT (9.781062330000054 52.403912768000055)",Unfall 135947 (2018) Kat:3, Licht: 1,135947,3,3,5,09,18,3,0,1,1,1,0,0
"POINT (9.680737063000038 52.416085395000039)",Unfall 135949 (2018) Kat:3, Licht: 0,135949,3,3,5,09,19,7,0,0,1,1,0,0
"POINT (9.663346068000067 52.444513740000048)",Unfall 135951 (2018) Kat:2, Licht: 0,135951,2,6,3,09,15,4,0,0,1,0,0,0
"POINT (9.766963741000041 52.363844094000058)",Unfall 135953 (2018) Kat:3, Licht: 1,135953,3,3,5,09,19,7,0,1,1,0,0,0
"POINT (9.715817469000058 52.362964575000035)",Unfall 135958 (2018) Kat:3, Licht: 0,135958,3,1,0,09,17,5,0,0,1,0,0,0
"POINT (9.763344776000054 52.339527106000048)",Unfall 135959 (2018) Kat:3, Licht: 0,135959,3,7,0,09,10,7,0,0,1,0,0,0
"POINT (9.600145067000028 52.392203317000053)",Unfall 135963 (2018) Kat:3, Licht: 0,135963,3,2,4,09,16,2,0,0,1,1,0,0
"POINT (9.656596796000031 52.407471247000046)",Unfall 135966 (2018) Kat:2, Licht: 0,135966,2,3,5,09,13,7,0,0,1,0,0,0
"POINT (9.852851778000058 52.356916785000067)",Unfall 135975 (2018) Kat:3, Licht: 0,135975,3,3,5,09,19,2,0,0,1,1,0,0
"POINT (9.753645532000064 52.353298413000061)",Unfall 135989 (2018) Kat:3, Licht: 0,135989,3,2,4,09,11,3,0,0,1,1,0,0
"POINT (9.728178848000027 52.366112794000060)",Unfall 136009 (2018) Kat:3, Licht: 0,136009,3,3,5,09,13,4,0,0,1,1,0,0
"POINT (9.734148028000050 52.381285623000053)",Unfall 136045 (2018) Kat:3, Licht: 0,136045,3,3,5,09,13,3,0,0,1,1,0,0
"POINT (9.989606234000064 52.445447596000065)",Unfall 136067 (2018) Kat:2, Licht: 0,136067,2,3,5,09,16,6,0,0,1,0,0,0
"POINT (9.773221811000042 52.350811367000063)",Unfall 136074 (2018) Kat:3, Licht: 0,136074,3,3,5,09,19,2,0,0,1,1,0,0
"POINT (9.736777773000028 52.376855566000074)",Unfall 136078 (2018) Kat:3, Licht: 0,136078,3,2,4,09,08,6,0,0,1,1,0,0
"POINT (9.697242678000066 52.365814957000055)",Unfall 136082 (2018) Kat:3, Licht: 2,136082,3,6,4,09,20,6,0,2,1,0,0,0
"POINT (9.762650981000036 52.410287518000075)",Unfall 136085 (2018) Kat:3, Licht: 0,136085,3,2,5,09,11,6,0,0,1,1,0,0
"POINT (9.691691522000042 52.400621299000079)",Unfall 136088 (2018) Kat:3, Licht: 0,136088,3,3,5,09,11,6,0,0,1,0,0,1
"POINT (9.748653654000066 52.374421218000066)",Unfall 136094 (2018) Kat:3, Licht: 1,136094,3,4,6,09,06,2,0,1,1,0,1,0
"POINT (9.680740701000048 52.416059491000055)",Unfall 136097 (2018) Kat:3, Licht: 0,136097,3,2,4,09,10,3,0,0,1,1,0,0
"POINT (9.750969105000024 52.379183749000049)",Unfall 136105 (2018) Kat:3, Licht: 0,136105,3,2,5,09,15,3,0,0,1,1,0,0
"POINT (9.701436600000022 52.395908343000031)",Unfall 136115 (2018) Kat:3, Licht: 2,136115,3,2,5,09,19,3,0,2,1,0,0,1
"POINT (9.710248992000061 52.372565061000046)",Unfall 136118 (2018) Kat:3, Licht: 0,136118,3,3,5,09,08,3,0,0,1,1,0,0
"POINT (9.736359766000021 52.399271370000065)",Unfall 136119 (2018) Kat:3, Licht: 0,136119,3,2,3,09,09,5,0,0,1,0,0,0
"POINT (9.836984181000048 52.396636099000034)",Unfall 136120 (2018) Kat:3, Licht: 0,136120,3,2,5,09,16,3,0,0,1,1,0,0
"POINT (9.709281016000034 52.413312580000081)",Unfall 136122 (2018) Kat:3, Licht: 2,136122,3,3,5,09,05,3,0,2,1,1,0,0
"POINT (9.791029742000035 52.395153066000034)",Unfall 136124 (2018) Kat:3, Licht: 0,136124,3,3,5,09,07,3,0,0,1,1,0,0
"POINT (9.729664998000033 52.301824640000063)",Unfall 136129 (2018) Kat:3, Licht: 0,136129,3,3,5,09,14,3,0,0,1,1,0,0
"POINT (9.758417525000027 52.525105178000047)",Unfall 136130 (2018) Kat:3, Licht: 0,136130,3,6,4,09,13,3,0,0,1,1,0,0
"POINT (10.011795121000034 52.435242600000038)",Unfall 136132 (2018) Kat:3, Licht: 0,136132,3,5,1,09,18,3,0,0,1,1,0,0
"POINT (9.751804518000029 52.385933213000044)",Unfall 136204 (2018) Kat:3, Licht: 0,136204,3,2,5,09,15,2,0,0,1,1,0,0
"POINT (9.726925887000050 52.375782557000036)",Unfall 136205 (2018) Kat:3, Licht: 0,136205,3,3,5,09,08,2,0,0,1,1,0,0
"POINT (9.596812279000062 52.432243791000076)",Unfall 136209 (2018) Kat:3, Licht: 0,136209,3,3,5,09,17,2,0,0,1,1,0,0
"POINT (9.693486399000051 52.392196682000076)",Unfall 136211 (2018) Kat:3, Licht: 0,136211,3,3,0,09,15,4,0,0,1,1,0,0
"POINT (9.744446807000031 52.448803584000075)",Unfall 136212 (2018) Kat:3, Licht: 0,136212,3,6,2,09,15,2,0,0,1,0,0,0
"POINT (9.714585376000059 52.403781507000076)",Unfall 136214 (2018) Kat:3, Licht: 0,136214,3,3,5,09,16,2,0,0,1,1,0,0
"POINT (9.451572196000029 52.505957995000074)",Unfall 136215 (2018) Kat:2, Licht: 0,136215,2,2,5,09,15,2,0,0,1,1,0,0
"POINT (9.689495311000030 52.342192805000082)",Unfall 136217 (2018) Kat:3, Licht: 0,136217,3,3,5,09,14,2,0,0,1,1,0,0
"POINT (9.730587688000071 52.376182832000040)",Unfall 136220 (2018) Kat:3, Licht: 0,136220,3,4,6,09,13,2,0,0,1,0,1,0
"POINT (9.735436158000027 52.384494961000030)",Unfall 136239 (2018) Kat:3, Licht: 0,136239,3,3,5,09,14,6,1,0,1,1,0,0
"POINT (9.704598330000067 52.404917290000071)",Unfall 136270 (2018) Kat:3, Licht: 0,136270,3,2,5,09,12,4,0,0,1,0,0,0
"POINT (9.710913600000026 52.386463082000034)",Unfall 136273 (2018) Kat:3, Licht: 0,136273,3,2,4,09,16,1,0,0,1,1,0,0
"POINT (9.738651367000045 52.374419667000041)",Unfall 136275 (2018) Kat:3, Licht: 2,136275,3,1,0,09,01,1,0,2,1,0,0,0
"POINT (9.738192769000023 52.547479339000063)",Unfall 136278 (2018) Kat:3, Licht: 0,136278,3,1,0,09,15,1,0,0,1,1,0,0
"POINT (9.656832795000071 52.446435297000050)",Unfall 136281 (2018) Kat:3, Licht: 0,136281,3,4,6,09,13,1,0,0,1,0,1,0
"POINT (9.736922986000025 52.427870847000065)",Unfall 136283 (2018) Kat:3, Licht: 0,136283,3,3,5,09,13,1,0,0,1,1,0,0
"POINT (10.008248043000037 52.445337360000053)",Unfall 136284 (2018) Kat:3, Licht: 0,136284,3,7,0,09,14,1,0,0,1,0,0,0
"POINT (9.557577747000039 52.399715573000037)",Unfall 136285 (2018) Kat:3, Licht: 0,136285,3,5,1,09,19,5,0,0,1,1,0,0
"POINT (9.715351871000053 52.361689138000031)",Unfall 136286 (2018) Kat:3, Licht: 0,136286,3,1,0,09,17,1,0,0,1,0,0,0
"POINT (9.669819115000053 52.370400256000039)",Unfall 136288 (2018) Kat:3, Licht: 0,136288,3,3,5,09,12,1,0,0,1,1,0,0
"POINT (9.719522222000023 52.362087040000063)",Unfall 136290 (2018) Kat:2, Licht: 0,136290,2,3,5,09,08,1,0,0,1,0,0,0
"POINT (9.599588533000031 52.398149014000069)",Unfall 136296 (2018) Kat:3, Licht: 0,136296,3,7,0,09,13,6,1,0,1,0,0,0
"POINT (9.761224511000023 52.358863822000046)",Unfall 136357 (2018) Kat:3, Licht: 0,136357,3,3,5,09,19,5,0,0,1,1,0,0
"POINT (9.737313861000075 52.355960346000074)",Unfall 136376 (2018) Kat:3, Licht: 0,136376,3,7,6,09,17,6,0,0,1,0,1,0
"POINT (9.431113812000035 52.421912279000026)",Unfall 136382 (2018) Kat:3, Licht: 0,136382,3,3,5,09,13,6,0,0,1,1,0,0
"POINT (9.742557004000048 52.439220102000036)",Unfall 136397 (2018) Kat:3, Licht: 0,136397,3,3,5,09,15,7,0,0,1,1,0,0
"POINT (9.704769610000028 52.351813303000029)",Unfall 136399 (2018) Kat:3, Licht: 0,136399,3,3,5,09,11,4,0,0,1,1,0,0
"POINT (9.750485707000053 52.366076738000061)",Unfall 136403 (2018) Kat:3, Licht: 0,136403,3,5,1,09,07,3,0,0,1,1,0,0
"POINT (9.788567914000055 52.373657096000045)",Unfall 136404 (2018) Kat:3, Licht: 0,136404,3,7,0,09,13,5,0,0,1,0,0,0
"POINT (9.729889091000075 52.390998285000080)",Unfall 136419 (2018) Kat:3, Licht: 2,136419,3,7,6,09,22,1,0,2,1,0,1,0
"POINT (9.755955408000034 52.360525312000050)",Unfall 136426 (2018) Kat:3, Licht: 2,136426,3,2,3,09,20,2,1,2,1,1,0,0
"POINT (9.730233291000047 52.376264757000058)",Unfall 136429 (2018) Kat:3, Licht: 0,136429,3,4,6,09,15,2,1,0,1,0,1,0
"POINT (9.718700123000076 52.373997267000050)",Unfall 136433 (2018) Kat:3, Licht: 2,136433,3,3,5,09,20,2,1,2,1,1,0,0
"POINT (9.752070396000022 52.410447262000048)",Unfall 136436 (2018) Kat:3, Licht: 0,136436,3,3,5,09,13,5,0,0,1,1,0,0
"POINT (9.704404928000031 52.374496783000041)",Unfall 136438 (2018) Kat:3, Licht: 0,136438,3,1,0,09,14,2,1,0,1,0,0,0
"POINT (9.743811401000073 52.389506478000044)",Unfall 136443 (2018) Kat:3, Licht: 0,136443,3,5,0,09,14,5,0,0,1,1,0,0
"POINT (9.716619649000052 52.372623606000047)",Unfall 136447 (2018) Kat:3, Licht: 0,136447,3,2,5,09,11,5,0,0,1,0,0,0
"POINT (9.856052786000021 52.366822055000057)",Unfall 136455 (2018) Kat:3, Licht: 0,136455,3,6,3,09,17,5,0,0,1,0,0,0
"POINT (9.720852319000073 52.373229773000048)",Unfall 136464 (2018) Kat:2, Licht: 0,136464,2,3,5,09,14,4,0,0,1,1,0,0
"POINT (9.798072007000030 52.326008693000063)",Unfall 136468 (2018) Kat:3, Licht: 0,136468,3,7,0,09,17,6,0,0,1,0,0,0
"POINT (9.738815026000054 52.363325686000053)",Unfall 136505 (2018) Kat:3, Licht: 0,136505,3,3,5,09,11,1,1,0,1,1,0,0
"POINT (9.957446618000063 52.322011145000033)",Unfall 136506 (2018) Kat:3, Licht: 0,136506,3,1,0,09,15,4,0,0,1,0,0,0
"POINT (9.769122335000077 52.376597426000046)",Unfall 136508 (2018) Kat:3, Licht: 0,136508,3,7,0,09,12,1,1,0,1,0,0,0
"POINT (9.663683152000033 52.380121039000073)",Unfall 136516 (2018) Kat:3, Licht: 0,136516,3,3,5,09,14,1,1,0,1,1,0,0
"POINT (9.717875410000033 52.397915173000058)",Unfall 136518 (2018) Kat:3, Licht: 0,136518,3,1,0,09,12,1,1,0,1,0,0,0
"POINT (9.720617883000045 52.385362868000072)",Unfall 136531 (2018) Kat:3, Licht: 0,136531,3,7,7,09,11,1,0,0,1,0,0,0
"POINT (9.819349397000053 52.355852834000075)",Unfall 136557 (2018) Kat:3, Licht: 0,136557,3,7,0,09,07,5,0,0,1,0,0,0
"POINT (9.729102727000054 52.380194632000041)",Unfall 136562 (2018) Kat:3, Licht: 0,136562,3,1,0,09,17,4,0,0,1,0,0,0
"POINT (9.717947269000035 52.391975127000080)",Unfall 136568 (2018) Kat:3, Licht: 0,136568,3,3,5,09,17,7,0,0,1,1,0,0
"POINT (9.805382027000064 52.412344554000072)",Unfall 136573 (2018) Kat:3, Licht: 0,136573,3,2,5,09,15,7,0,0,1,1,0,0
"POINT (9.610266124000077 52.416255086000035)",Unfall 136585 (2018) Kat:2, Licht: 0,136585,2,3,5,09,07,3,1,0,1,1,0,0
"POINT (9.803699877000042 52.394925490000048)",Unfall 136587 (2018) Kat:3, Licht: 0,136587,3,2,5,09,07,6,0,0,1,1,0,0
"POINT (9.663921063000032 52.402775167000073)",Unfall 136614 (2018) Kat:3, Licht: 0,136614,3,2,4,09,09,3,1,0,1,1,0,0
"POINT (9.466678364000075 52.504389935000063)",Unfall 136627 (2018) Kat:3, Licht: 0,136627,3,3,5,09,13,3,0,0,1,1,0,0
"POINT (9.738982191000048 52.446452305000037)",Unfall 136636 (2018) Kat:3, Licht: 0,136636,3,3,5,09,16,7,0,0,1,1,0,0
"POINT (9.721264223000048 52.379232525000077)",Unfall 136638 (2018) Kat:3, Licht: 0,136638,3,6,2,09,13,6,0,0,1,0,0,1
"POINT (9.533745844000066 52.407520601000044)",Unfall 136667 (2018) Kat:3, Licht: 0,136667,3,3,5,10,13,5,0,0,1,1,0,0
"POINT (9.740994010000065 52.398856337000041)",Unfall 136669 (2018) Kat:3, Licht: 0,136669,3,3,5,10,09,4,0,0,1,1,0,0
"POINT (9.694121533000043 52.365339047000077)",Unfall 136689 (2018) Kat:3, Licht: 2,136689,3,2,5,10,20,5,0,2,1,1,0,0
"POINT (9.669372009000028 52.349664813000061)",Unfall 136726 (2018) Kat:3, Licht: 0,136726,3,3,5,10,13,4,0,0,1,1,0,0
"POINT (9.916493081000056 52.370998069000052)",Unfall 136776 (2018) Kat:3, Licht: 0,136776,3,3,5,10,10,2,0,0,1,1,0,0
"POINT (9.692811958000050 52.367467005000037)",Unfall 136781 (2018) Kat:3, Licht: 0,136781,3,3,5,10,07,3,0,0,1,1,0,0
"POINT (9.729922833000046 52.380096275000028)",Unfall 136786 (2018) Kat:2, Licht: 0,136786,2,5,1,10,13,2,0,0,1,1,0,0
"POINT (9.790345099000035 52.407646694000050)",Unfall 136792 (2018) Kat:3, Licht: 0,136792,3,2,5,10,15,3,1,0,1,1,0,0
"POINT (9.617390597000053 52.443269164000071)",Unfall 136796 (2018) Kat:3, Licht: 0,136796,3,3,5,10,16,3,1,0,1,1,0,0
"POINT (9.769988822000073 52.358733001000076)",Unfall 136813 (2018) Kat:3, Licht: 0,136813,3,2,4,10,12,6,0,0,1,1,0,0
"POINT (9.769326408000040 52.334385399000041)",Unfall 136829 (2018) Kat:2, Licht: 2,136829,2,3,5,10,20,5,0,2,1,1,0,0
"POINT (9.745060519000049 52.377346305000060)",Unfall 136833 (2018) Kat:3, Licht: 0,136833,3,5,1,10,16,4,0,0,1,1,0,0
"POINT (9.688735155000074 52.554447473000039)",Unfall 136840 (2018) Kat:3, Licht: 0,136840,3,7,0,10,18,3,1,0,1,0,0,0
"POINT (9.805258829000024 52.399358656000061)",Unfall 136881 (2018) Kat:3, Licht: 2,136881,3,7,7,10,20,7,0,2,1,0,0,0
"POINT (9.797857657000066 52.342458690000058)",Unfall 136883 (2018) Kat:3, Licht: 0,136883,3,1,0,10,17,3,0,0,1,0,0,0
"POINT (9.756803702000070 52.364162368000052)",Unfall 136891 (2018) Kat:3, Licht: 0,136891,3,6,0,10,18,2,1,0,1,1,0,0
"POINT (9.599135217000026 52.420445442000073)",Unfall 136899 (2018) Kat:3, Licht: 0,136899,3,2,5,10,18,2,1,0,1,1,0,0
"POINT (9.726768355000047 52.361568499000043)",Unfall 136901 (2018) Kat:3, Licht: 0,136901,3,7,0,10,14,2,1,0,1,0,0,0
"POINT (9.610586619000060 52.422329088000026)",Unfall 136908 (2018) Kat:2, Licht: 0,136908,2,7,0,10,09,2,0,0,1,0,0,0
"POINT (9.612539456000036 52.306332504000068)",Unfall 136931 (2018) Kat:3, Licht: 0,136931,3,7,5,10,16,7,0,0,1,1,0,0
"POINT (10.018954281000049 52.450409259000082)",Unfall 136932 (2018) Kat:3, Licht: 2,136932,3,3,5,10,19,3,0,2,1,1,0,0
"POINT (9.692478090000066 52.398610329000064)",Unfall 136948 (2018) Kat:3, Licht: 0,136948,3,7,0,10,17,4,0,0,1,0,0,0
"POINT (9.668176207000045 52.415379031000043)",Unfall 136976 (2018) Kat:3, Licht: 0,136976,3,3,5,10,08,2,0,0,1,0,0,0
"POINT (9.516276936000054 52.402876996000032)",Unfall 136979 (2018) Kat:3, Licht: 0,136979,3,3,0,10,16,2,0,0,1,0,0,0
"POINT (9.934280705000049 52.348806093000064)",Unfall 136980 (2018) Kat:3, Licht: 0,136980,3,1,0,10,11,2,0,0,1,0,0,0
"POINT (9.974049524000066 52.383698108000033)",Unfall 136985 (2018) Kat:2, Licht: 0,136985,2,3,5,10,16,2,0,0,1,1,0,0
"POINT (9.741293456000051 52.378150239000036)",Unfall 136986 (2018) Kat:3, Licht: 0,136986,3,7,0,10,14,5,0,0,1,0,0,0
"POINT (9.765786189000039 52.339817092000033)",Unfall 136987 (2018) Kat:3, Licht: 0,136987,3,2,5,10,16,2,0,0,1,0,0,1
"POINT (9.487437434000071 52.290744934000031)",Unfall 137015 (2018) Kat:3, Licht: 0,137015,3,3,5,10,16,4,0,0,1,1,0,0
"POINT (9.797166243000049 52.318557811000062)",Unfall 137045 (2018) Kat:3, Licht: 1,137045,3,3,5,10,17,1,0,1,1,1,0,0
"POINT (9.691083866000042 52.394474613000057)",Unfall 137047 (2018) Kat:3, Licht: 2,137047,3,7,0,10,20,4,0,2,1,0,1,0
"POINT (9.475101896000069 52.360986750000052)",Unfall 137049 (2018) Kat:3, Licht: 0,137049,3,1,0,10,11,1,0,0,1,0,0,0
"POINT (9.739559890000066 52.372166939000067)",Unfall 137050 (2018) Kat:3, Licht: 0,137050,3,7,0,10,15,1,0,0,1,0,0,0
"POINT (9.728673433000040 52.372926741000072)",Unfall 137097 (2018) Kat:3, Licht: 0,137097,3,3,5,10,15,7,0,0,1,1,0,0
"POINT (9.724027681000052 52.372935265000081)",Unfall 137098 (2018) Kat:3, Licht: 0,137098,3,3,5,10,13,7,0,0,1,1,0,0
"POINT (9.741379489000053 52.371093794000046)",Unfall 137099 (2018) Kat:3, Licht: 2,137099,3,3,5,10,23,3,0,2,1,1,0,0
"POINT (9.749065359000042 52.377799206000077)",Unfall 137102 (2018) Kat:3, Licht: 0,137102,3,3,5,10,15,7,0,0,1,1,0,0
"POINT (9.725233077000041 52.383303481000041)",Unfall 137103 (2018) Kat:3, Licht: 0,137103,3,2,5,10,15,5,0,0,1,0,0,0
"POINT (9.450567611000054 52.422964008000065)",Unfall 137107 (2018) Kat:3, Licht: 2,137107,3,5,1,10,19,3,1,2,1,1,0,0
"POINT (9.764227977000076 52.266637350000053)",Unfall 137117 (2018) Kat:3, Licht: 0,137117,3,3,5,10,14,4,0,0,1,1,0,0
"POINT (9.756292214000041 52.342599540000037)",Unfall 137118 (2018) Kat:3, Licht: 0,137118,3,2,5,10,07,3,0,0,1,0,0,0
"POINT (9.818638741000029 52.391866317000051)",Unfall 137151 (2018) Kat:3, Licht: 0,137151,3,7,0,10,11,5,0,0,1,0,0,0
"POINT (9.697677479000049 52.360079633000055)",Unfall 137162 (2018) Kat:3, Licht: 0,137162,3,1,0,10,14,6,1,0,1,0,0,0
"POINT (9.713625752000041 52.414133995000043)",Unfall 137164 (2018) Kat:3, Licht: 0,137164,3,7,2,10,07,6,0,0,1,1,0,0
"POINT (9.841223099000047 52.491329255000039)",Unfall 137165 (2018) Kat:3, Licht: 0,137165,3,3,5,10,15,5,0,0,1,1,0,0
"POINT (9.754139377000058 52.379486473000043)",Unfall 137166 (2018) Kat:3, Licht: 0,137166,3,2,0,10,14,6,0,0,1,1,0,0
"POINT (9.734895324000036 52.380212707000055)",Unfall 137230 (2018) Kat:3, Licht: 2,137230,3,3,5,10,21,6,1,2,1,1,0,0
"POINT (9.715689007000037 52.387291904000051)",Unfall 137246 (2018) Kat:3, Licht: 0,137246,3,6,2,10,16,5,1,0,1,1,0,0
"POINT (9.798737315000039 52.385315683000044)",Unfall 137263 (2018) Kat:3, Licht: 0,137263,3,3,5,10,15,3,1,0,1,1,0,0
"POINT (9.732601131000024 52.379121003000080)",Unfall 137265 (2018) Kat:3, Licht: 0,137265,3,3,5,10,11,3,0,0,1,1,0,0
"POINT (9.554401405000021 52.209776430000034)",Unfall 137283 (2018) Kat:3, Licht: 0,137283,3,2,5,10,15,5,1,0,1,1,0,0
"POINT (9.790207290000069 52.358484574000045)",Unfall 137292 (2018) Kat:3, Licht: 0,137292,3,2,5,10,15,5,1,0,1,1,0,0
"POINT (9.722053711000058 52.389089030000036)",Unfall 137328 (2018) Kat:3, Licht: 0,137328,3,7,0,10,10,2,1,0,1,0,0,0
"POINT (9.787856783000052 52.394484862000070)",Unfall 137331 (2018) Kat:3, Licht: 2,137331,3,7,0,10,19,2,0,2,1,0,0,0
"POINT (9.780188545000044 52.403906870000071)",Unfall 137334 (2018) Kat:3, Licht: 0,137334,3,1,0,10,14,2,0,0,1,0,0,0
"POINT (9.428140722000023 52.576218591000043)",Unfall 137336 (2018) Kat:3, Licht: 0,137336,3,3,5,10,12,2,0,0,1,1,0,0
"POINT (9.747719575000076 52.550567414000056)",Unfall 137337 (2018) Kat:3, Licht: 0,137337,3,3,5,10,16,2,0,0,1,1,0,0
"POINT (9.744121342000028 52.379840430000058)",Unfall 137338 (2018) Kat:2, Licht: 2,137338,2,1,0,10,19,2,0,2,1,0,0,0
"POINT (9.703803060000041 52.337447166000061)",Unfall 137400 (2018) Kat:3, Licht: 0,137400,3,5,1,10,11,4,0,0,1,1,0,0
"POINT (9.730994656000064 52.370738816000028)",Unfall 137401 (2018) Kat:3, Licht: 2,137401,3,7,0,10,20,7,0,2,1,1,0,0
"POINT (9.803150524000046 52.396391366000046)",Unfall 137404 (2018) Kat:3, Licht: 2,137404,3,4,6,10,06,7,0,2,1,0,1,0
"POINT (9.809308409000039 52.403993127000035)",Unfall 137417 (2018) Kat:3, Licht: 0,137417,3,7,5,10,13,4,0,0,1,1,0,0
"POINT (9.741113851000023 52.393652287000066)",Unfall 137424 (2018) Kat:3, Licht: 2,137424,3,1,0,10,07,4,1,2,1,0,0,0
"POINT (9.741945421000025 52.375740933000031)",Unfall 137437 (2018) Kat:3, Licht: 0,137437,3,3,5,10,08,6,1,0,1,1,0,0
"POINT (9.486191561000055 52.305060473000026)",Unfall 137439 (2018) Kat:3, Licht: 0,137439,3,3,5,10,16,5,1,0,1,1,0,0
"POINT (9.658288336000055 52.405946423000046)",Unfall 137450 (2018) Kat:3, Licht: 2,137450,3,5,0,10,23,6,0,2,1,1,0,0
"POINT (9.724726050000072 52.344964781000044)",Unfall 137452 (2018) Kat:3, Licht: 0,137452,3,6,2,10,16,6,0,0,1,1,0,0
"POINT (9.765996000000030 52.354643700000054)",Unfall 137455 (2018) Kat:3, Licht: 0,137455,3,5,1,10,14,6,0,0,1,1,0,0
"POINT (9.712741776000030 52.382153775000063)",Unfall 137456 (2018) Kat:3, Licht: 1,137456,3,3,5,10,08,6,0,1,1,1,0,0
"POINT (9.744045232000076 52.386724424000079)",Unfall 137464 (2018) Kat:3, Licht: 0,137464,3,2,5,10,15,6,0,0,1,1,0,0
"POINT (9.970770263000077 52.378296468000030)",Unfall 137469 (2018) Kat:2, Licht: 0,137469,2,1,0,10,08,4,1,0,1,0,0,0
"POINT (9.741207965000058 52.371045407000054)",Unfall 137478 (2018) Kat:3, Licht: 0,137478,3,6,3,11,13,5,0,0,1,1,0,0
"POINT (9.664608485000031 52.445495380000068)",Unfall 137482 (2018) Kat:3, Licht: 0,137482,3,3,5,11,15,5,0,0,1,0,0,0
"POINT (10.016607572000055 52.448252396000044)",Unfall 137484 (2018) Kat:3, Licht: 0,137484,3,3,5,11,07,5,0,0,1,1,0,0
"POINT (9.702923655000063 52.341198205000069)",Unfall 137487 (2018) Kat:3, Licht: 0,137487,3,2,5,11,13,5,0,0,1,0,0,0
"POINT (9.982195852000075 52.381480995000061)",Unfall 137496 (2018) Kat:3, Licht: 2,137496,3,3,5,11,17,2,0,2,1,1,0,0
"POINT (9.971259129000032 52.324094528000046)",Unfall 137515 (2018) Kat:2, Licht: 0,137515,2,7,0,10,15,4,0,0,1,0,0,0
"POINT (9.805397640000024 52.412342693000028)",Unfall 137520 (2018) Kat:3, Licht: 0,137520,3,2,0,10,13,4,0,0,1,1,0,0
"POINT (9.729217766000033 52.390741513000080)",Unfall 137560 (2018) Kat:3, Licht: 0,137560,3,3,5,10,10,3,1,0,1,1,0,0
"POINT (10.005581236000069 52.446316486000057)",Unfall 137562 (2018) Kat:3, Licht: 0,137562,3,3,5,10,15,3,0,0,1,1,0,0
"POINT (10.017732252000030 52.435858573000075)",Unfall 137566 (2018) Kat:3, Licht: 0,137566,3,3,5,10,07,3,1,0,1,1,0,0
"POINT (9.785834110000053 52.398102483000059)",Unfall 137573 (2018) Kat:3, Licht: 0,137573,3,3,5,10,08,3,1,0,1,1,0,0
"POINT (9.760864767000044 52.337584777000075)",Unfall 137599 (2018) Kat:3, Licht: 0,137599,3,1,0,11,07,2,0,0,1,0,0,0
"POINT (9.737761087000024 52.381849240000065)",Unfall 137625 (2018) Kat:3, Licht: 0,137625,3,7,0,10,09,2,1,0,1,0,0,0
"POINT (9.714274948000025 52.371749484000077)",Unfall 137630 (2018) Kat:3, Licht: 2,137630,3,3,5,10,18,2,1,2,1,1,0,0
"POINT (9.704869448000068 52.374310636000075)",Unfall 137633 (2018) Kat:3, Licht: 2,137633,3,3,5,10,06,2,1,2,1,1,0,0
"POINT (9.747138496000048 52.394590674000028)",Unfall 137668 (2018) Kat:3, Licht: 0,137668,3,6,3,11,13,2,0,0,1,0,0,0
"POINT (9.453683812000065 52.423319073000073)",Unfall 137670 (2018) Kat:3, Licht: 2,137670,3,2,5,11,17,7,0,2,1,1,0,0
"POINT (9.670313928000041 52.399534448000054)",Unfall 137676 (2018) Kat:3, Licht: 0,137676,3,3,5,10,14,1,1,0,1,1,0,0
"POINT (9.697103708000043 52.365793769000049)",Unfall 137681 (2018) Kat:3, Licht: 2,137681,3,7,9,10,18,1,0,2,1,0,0,0
"POINT (9.669398890000025 52.349666908000074)",Unfall 137705 (2018) Kat:3, Licht: 0,137705,3,3,5,10,14,7,0,0,1,1,0,0
"POINT (9.448232028000064 52.420707291000042)",Unfall 137707 (2018) Kat:3, Licht: 2,137707,3,3,5,10,19,7,0,2,1,1,0,0
"POINT (9.597465532000058 52.419350781000048)",Unfall 137709 (2018) Kat:3, Licht: 1,137709,3,2,3,10,17,7,0,1,1,1,0,0
"POINT (9.736312514000076 52.441250956000033)",Unfall 137738 (2018) Kat:3, Licht: 0,137738,3,2,5,11,15,2,0,0,1,0,0,0
"POINT (9.774944192000021 52.363785737000057)",Unfall 137766 (2018) Kat:3, Licht: 2,137766,3,7,7,11,17,1,0,2,1,0,0,0
"POINT (9.650219705000040 52.311593740000035)",Unfall 137767 (2018) Kat:3, Licht: 0,137767,3,6,2,11,12,4,0,0,1,0,0,0
"POINT (9.742903989000070 52.384419084000058)",Unfall 137789 (2018) Kat:3, Licht: 0,137789,3,2,0,11,13,7,0,0,1,1,0,0
"POINT (9.771962973000029 52.369527435000066)",Unfall 137809 (2018) Kat:3, Licht: 0,137809,3,3,5,11,15,4,0,0,1,1,0,0
"POINT (9.695495633000064 52.408860099000037)",Unfall 137833 (2018) Kat:3, Licht: 0,137833,3,2,4,11,14,4,0,0,1,1,0,0
"POINT (9.702304877000074 52.375048429000060)",Unfall 137847 (2018) Kat:3, Licht: 0,137847,3,5,1,11,09,3,0,0,1,1,0,0
"POINT (9.804859451000027 52.409469458000046)",Unfall 137856 (2018) Kat:3, Licht: 1,137856,3,2,5,11,16,5,0,1,1,1,0,0
"POINT (9.779793333000043 52.399975362000077)",Unfall 137865 (2018) Kat:3, Licht: 0,137865,3,1,0,11,14,3,0,0,1,0,0,0
"POINT (9.739705898000068 52.391795026000068)",Unfall 137873 (2018) Kat:3, Licht: 1,137873,3,2,5,11,17,4,0,1,1,1,0,0
"POINT (9.438120293000054 52.416263934000028)",Unfall 137877 (2018) Kat:3, Licht: 2,137877,3,3,5,11,18,4,0,2,1,1,0,0
"POINT (9.997336168000061 52.455257938000045)",Unfall 137880 (2018) Kat:3, Licht: 0,137880,3,7,0,11,14,3,0,0,1,0,0,0
"POINT (9.730107318000023 52.369046912000044)",Unfall 137883 (2018) Kat:3, Licht: 2,137883,3,3,5,11,20,2,1,2,1,1,0,0
"POINT (9.700849714000071 52.391450081000073)",Unfall 137884 (2018) Kat:3, Licht: 0,137884,3,7,5,11,07,6,1,0,1,1,0,0
"POINT (9.713663581000049 52.371081098000047)",Unfall 137885 (2018) Kat:3, Licht: 0,137885,3,6,3,11,15,4,0,0,1,0,0,1
"POINT (9.752625656000021 52.394984192000038)",Unfall 137888 (2018) Kat:3, Licht: 1,137888,3,3,5,11,18,3,0,1,1,1,0,0
"POINT (9.791792332000057 52.403172534000078)",Unfall 137889 (2018) Kat:3, Licht: 0,137889,3,2,3,11,15,3,0,0,1,1,0,0
"POINT (9.738200764000055 52.384834041000033)",Unfall 137896 (2018) Kat:3, Licht: 2,137896,3,2,4,11,19,6,0,2,1,1,0,0
"POINT (9.739867411000034 52.383048099000064)",Unfall 137899 (2018) Kat:3, Licht: 2,137899,3,7,0,11,19,6,1,2,1,0,0,0
"POINT (9.811895857000025 52.301725642000065)",Unfall 137900 (2018) Kat:2, Licht: 1,137900,2,3,5,11,16,7,0,1,1,1,0,0
"POINT (9.771984264000025 52.372879288000036)",Unfall 137909 (2018) Kat:3, Licht: 0,137909,3,7,0,11,10,6,1,0,1,0,0,0
"POINT (9.731529559000023 52.406397397000035)",Unfall 137917 (2018) Kat:3, Licht: 0,137917,3,7,0,11,15,5,0,0,1,0,0,0
"POINT (9.457231028000024 52.503366132000053)",Unfall 137932 (2018) Kat:3, Licht: 0,137932,3,7,0,11,11,4,0,0,1,0,0,0
"POINT (9.757396538000023 52.374488337000059)",Unfall 137939 (2018) Kat:3, Licht: 2,137939,3,3,5,11,18,2,1,2,1,1,0,0
"POINT (9.720506861000047 52.375527750000060)",Unfall 137953 (2018) Kat:2, Licht: 0,137953,2,3,5,11,10,7,0,0,1,1,0,0
"POINT (9.796606629000053 52.404239726000071)",Unfall 137971 (2018) Kat:3, Licht: 2,137971,3,3,5,11,17,4,0,2,1,1,0,0
"POINT (9.971628740000028 52.375300270000082)",Unfall 137982 (2018) Kat:3, Licht: 0,137982,3,5,1,11,12,4,0,0,1,1,0,0
"POINT (9.708618740000077 52.388390395000044)",Unfall 138003 (2018) Kat:3, Licht: 0,138003,3,3,5,11,10,3,1,0,1,1,0,0
"POINT (9.756629799000052 52.360819381000056)",Unfall 138008 (2018) Kat:3, Licht: 2,138008,3,6,6,11,17,5,1,2,1,0,1,0
"POINT (9.969088481000028 52.379448303000061)",Unfall 138030 (2018) Kat:3, Licht: 2,138030,3,6,6,11,05,3,1,2,1,0,1,0
"POINT (9.733937808000064 52.384551933000068)",Unfall 138031 (2018) Kat:3, Licht: 0,138031,3,3,5,11,09,7,0,0,1,1,0,0
"POINT (9.692722558000071 52.419039116000079)",Unfall 138037 (2018) Kat:3, Licht: 0,138037,3,1,0,11,14,3,1,0,1,0,0,0
"POINT (9.762704043000042 52.395546673000069)",Unfall 138046 (2018) Kat:3, Licht: 0,138046,3,2,5,11,08,3,0,0,1,1,0,0
"POINT (9.766345379000029 52.264232528000036)",Unfall 138058 (2018) Kat:3, Licht: 2,138058,3,1,0,11,16,5,1,2,1,0,0,0
"POINT (9.735344060000045 52.376733261000027)",Unfall 138067 (2018) Kat:2, Licht: 2,138067,2,7,0,11,16,5,1,2,1,0,0,0
"POINT (9.769154409000066 52.338195842000061)",Unfall 138076 (2018) Kat:3, Licht: 2,138076,3,2,5,11,20,6,0,2,1,0,0,0
"POINT (9.701601771000071 52.408698853000033)",Unfall 138077 (2018) Kat:3, Licht: 0,138077,3,3,5,11,12,6,0,0,1,1,0,0
"POINT (9.750999332000049 52.388379589000067)",Unfall 138081 (2018) Kat:3, Licht: 0,138081,3,5,3,11,11,6,0,0,1,0,0,0
"POINT (9.732355286000029 52.438478664000058)",Unfall 138083 (2018) Kat:3, Licht: 2,138083,3,3,0,11,06,6,0,2,1,1,0,0
"POINT (9.775180026000044 52.363688233000062)",Unfall 138085 (2018) Kat:2, Licht: 0,138085,2,2,5,11,12,3,0,0,1,1,0,0
"POINT (9.736214127000039 52.384188672000050)",Unfall 138086 (2018) Kat:3, Licht: 2,138086,3,2,5,11,18,6,0,2,1,1,0,0
"POINT (9.719305432000056 52.368938883000055)",Unfall 138117 (2018) Kat:3, Licht: 0,138117,3,2,5,11,13,2,0,0,1,1,0,0
"POINT (9.656833334000055 52.407827870000062)",Unfall 138132 (2018) Kat:3, Licht: 2,138132,3,2,5,11,01,5,1,2,1,1,0,0
"POINT (9.749373472000059 52.374780945000055)",Unfall 138135 (2018) Kat:3, Licht: 2,138135,3,7,0,11,06,2,0,2,1,0,0,0
"POINT (9.974080695000055 52.383706967000080)",Unfall 138138 (2018) Kat:3, Licht: 2,138138,3,2,5,11,17,5,0,2,1,1,0,0
"POINT (9.453543418000038 52.505022835000034)",Unfall 138151 (2018) Kat:3, Licht: 0,138151,3,3,5,11,12,2,0,0,1,1,0,0
"POINT (10.010753780000073 52.439012724000065)",Unfall 138168 (2018) Kat:3, Licht: 0,138168,3,3,5,11,09,2,0,0,1,1,0,0
"POINT (9.792531304000022 52.396708644000057)",Unfall 138174 (2018) Kat:3, Licht: 0,138174,3,3,5,11,09,5,1,0,1,1,0,0
"POINT (9.727501901000039 52.361005962000036)",Unfall 138175 (2018) Kat:2, Licht: 2,138175,2,3,5,11,18,2,1,2,1,1,0,0
"POINT (9.727971492000052 52.398153671000046)",Unfall 138181 (2018) Kat:3, Licht: 0,138181,3,3,5,11,14,2,0,0,1,1,0,0
"POINT (9.428836408000052 52.427372101000060)",Unfall 138202 (2018) Kat:3, Licht: 2,138202,3,3,5,11,17,4,0,2,1,1,0,0
"POINT (9.799954192000030 52.406244346000051)",Unfall 138216 (2018) Kat:3, Licht: 2,138216,3,2,5,11,18,3,1,2,1,1,0,0
"POINT (9.723198102000026 52.369040445000053)",Unfall 138253 (2018) Kat:3, Licht: 0,138253,3,3,5,11,10,3,0,0,1,1,0,0
"POINT (9.721034077000070 52.373373167000068)",Unfall 138267 (2018) Kat:2, Licht: 2,138267,2,7,0,12,18,2,0,2,1,0,0,0
"POINT (9.759783621000054 52.340712375000066)",Unfall 138288 (2018) Kat:3, Licht: 2,138288,3,3,5,11,17,3,0,2,1,1,0,0
"POINT (9.734928153000055 52.370116168000038)",Unfall 138295 (2018) Kat:3, Licht: 2,138295,3,2,4,11,17,3,0,2,1,1,0,0
"POINT (9.720416187000069 52.391437732000043)",Unfall 138301 (2018) Kat:3, Licht: 1,138301,3,7,0,11,16,3,0,1,1,0,0,0
"POINT (9.807548949000022 52.397754619000068)",Unfall 138368 (2018) Kat:3, Licht: 2,138368,3,3,5,11,06,2,0,2,1,1,0,0
"POINT (9.738493853000023 52.379920097000081)",Unfall 138373 (2018) Kat:3, Licht: 2,138373,3,6,4,11,19,2,0,2,1,1,0,0
"POINT (9.804224850000026 52.391237552000064)",Unfall 138384 (2018) Kat:3, Licht: 0,138384,3,3,5,11,13,6,0,0,1,1,0,0
"POINT (10.008912339000062 52.446132298000066)",Unfall 138395 (2018) Kat:3, Licht: 0,138395,3,3,5,11,12,6,0,0,1,0,0,0
"POINT (9.749994786000059 52.376561639000045)",Unfall 138398 (2018) Kat:3, Licht: 2,138398,3,2,5,11,18,5,1,2,1,1,0,0
"POINT (9.741676640000037 52.380239255000049)",Unfall 138403 (2018) Kat:3, Licht: 1,138403,3,3,5,11,08,6,0,1,1,1,0,0
"POINT (9.664107300000069 52.341633813000044)",Unfall 138455 (2018) Kat:3, Licht: 2,138455,3,1,0,11,23,7,1,2,1,0,0,0
"POINT (9.969287655000073 52.378396595000027)",Unfall 138456 (2018) Kat:2, Licht: 2,138456,2,6,3,11,18,5,1,2,1,1,0,0
"POINT (9.825092186000063 52.340312843000049)",Unfall 138459 (2018) Kat:3, Licht: 2,138459,3,3,5,11,17,4,0,2,1,1,0,0
"POINT (9.856202655000061 52.500262561000056)",Unfall 138483 (2018) Kat:3, Licht: 0,138483,3,3,5,12,14,2,0,0,1,0,0,0
"POINT (9.705933423000033 52.371997421000060)",Unfall 138498 (2018) Kat:3, Licht: 2,138498,3,5,3,11,17,4,0,2,1,1,0,0
"POINT (9.814063704000034 52.399006509000060)",Unfall 138503 (2018) Kat:3, Licht: 1,138503,3,2,3,11,16,6,0,1,1,1,0,0
"POINT (9.743819141000074 52.357124828000053)",Unfall 138512 (2018) Kat:3, Licht: 2,138512,3,2,5,11,20,6,0,2,1,1,0,0
"POINT (9.732937051000022 52.375647513000047)",Unfall 138527 (2018) Kat:2, Licht: 0,138527,2,4,6,12,10,3,0,0,1,0,1,0
"POINT (9.718804213000055 52.374079378000033)",Unfall 138541 (2018) Kat:3, Licht: 2,138541,3,3,5,12,16,2,1,2,1,1,0,0
"POINT (9.707393806000027 52.424374085000068)",Unfall 138552 (2018) Kat:3, Licht: 2,138552,3,6,3,12,07,6,1,2,1,0,0,0
"POINT (9.739914541000076 52.382995777000076)",Unfall 138557 (2018) Kat:2, Licht: 0,138557,2,2,5,12,13,6,1,0,1,1,0,0
"POINT (9.740127965000056 52.368451110000080)",Unfall 138558 (2018) Kat:3, Licht: 2,138558,3,2,5,12,19,6,1,2,1,1,0,0
"POINT (9.802904900000044 52.303751992000059)",Unfall 138563 (2018) Kat:3, Licht: 0,138563,3,7,0,12,10,3,0,0,1,0,0,0
"POINT (9.732108184000026 52.437584608000066)",Unfall 138564 (2018) Kat:3, Licht: 1,138564,3,2,5,12,08,6,1,1,1,1,0,0
"POINT (9.782776956000021 52.400471909000032)",Unfall 138576 (2018) Kat:3, Licht: 2,138576,3,2,5,12,07,6,1,2,1,0,0,0
"POINT (9.713919180000062 52.371365938000054)",Unfall 138580 (2018) Kat:3, Licht: 2,138580,3,7,0,12,01,1,1,2,1,0,0,0
"POINT (9.749065359000042 52.377799206000077)",Unfall 138646 (2018) Kat:3, Licht: 0,138646,3,3,5,12,10,5,1,0,1,1,0,0
"POINT (9.970520958000066 52.312964888000067)",Unfall 138674 (2018) Kat:3, Licht: 0,138674,3,7,0,12,13,3,0,0,1,0,0,0
"POINT (9.736509810000030 52.371294483000042)",Unfall 138696 (2018) Kat:3, Licht: 2,138696,3,2,5,12,22,2,1,2,1,1,0,0
"POINT (9.670439156000043 52.343805817000032)",Unfall 138708 (2018) Kat:3, Licht: 0,138708,3,3,5,12,07,4,0,0,1,1,0,0
"POINT (9.720865789000072 52.371637824000061)",Unfall 138715 (2018) Kat:3, Licht: 0,138715,3,5,1,12,10,4,0,0,1,1,0,0
"POINT (9.754310477000047 52.368614927000067)",Unfall 138716 (2018) Kat:3, Licht: 0,138716,3,3,5,12,08,4,0,0,1,1,0,0
"POINT (9.802156757000034 52.409157178000044)",Unfall 138717 (2018) Kat:3, Licht: 0,138717,3,5,0,12,12,7,1,0,1,1,0,0
"POINT (9.775066902000049 52.401640068000063)",Unfall 138736 (2018) Kat:3, Licht: 1,138736,3,2,2,12,07,3,0,1,1,1,0,0
"POINT (9.783345492000024 52.405439304000026)",Unfall 138752 (2018) Kat:3, Licht: 2,138752,3,7,0,12,17,3,0,2,1,0,0,0
"POINT (9.756972547000032 52.395969273000048)",Unfall 138763 (2018) Kat:3, Licht: 2,138763,3,3,5,12,05,2,0,2,1,1,0,0
"POINT (9.748377074000075 52.389125740000054)",Unfall 138776 (2018) Kat:3, Licht: 0,138776,3,5,0,12,16,3,0,0,1,1,0,0
"POINT (9.750608015000069 52.375325822000036)",Unfall 138778 (2018) Kat:3, Licht: 0,138778,3,2,5,12,12,3,0,0,1,1,0,0
"POINT (9.678749243000027 52.377562597000065)",Unfall 138779 (2018) Kat:2, Licht: 0,138779,2,1,0,12,08,3,1,0,1,0,0,0
"POINT (9.609100071000057 52.407112010000048)",Unfall 138789 (2018) Kat:3, Licht: 0,138789,3,2,4,12,10,3,0,0,1,1,0,0
"POINT (9.735317910000049 52.406276346000027)",Unfall 138796 (2018) Kat:3, Licht: 2,138796,3,3,5,12,18,3,0,2,1,1,0,0
"POINT (9.428171529000053 52.421801140000071)",Unfall 138797 (2018) Kat:3, Licht: 2,138797,3,2,5,12,07,3,1,2,1,1,0,0
"POINT (9.697373688000027 52.413611421000041)",Unfall 138801 (2018) Kat:3, Licht: 2,138801,3,2,5,12,16,5,1,2,1,1,0,0
"POINT (9.741632458000026 52.440517150000062)",Unfall 138802 (2018) Kat:3, Licht: 0,138802,3,3,5,12,12,3,0,0,1,1,0,0
"POINT (9.748272114000031 52.390973534000068)",Unfall 138804 (2018) Kat:3, Licht: 2,138804,3,7,5,12,20,4,0,2,1,1,0,0
"POINT (9.723309517000075 52.372293794000029)",Unfall 138805 (2018) Kat:3, Licht: 2,138805,3,2,5,12,17,3,0,2,1,1,0,0
"POINT (9.743749637000065 52.384940846000063)",Unfall 138807 (2018) Kat:3, Licht: 0,138807,3,1,0,12,15,3,1,0,1,0,0,0
"POINT (9.759883619000050 52.379037355000037)",Unfall 138817 (2018) Kat:2, Licht: 0,138817,2,3,5,12,15,4,0,0,1,0,0,0
"POINT (9.766539502000057 52.367197627000053)",Unfall 138852 (2018) Kat:3, Licht: 0,138852,3,3,5,12,16,2,1,0,1,1,0,0
"POINT (9.807010943000023 52.385746116000064)",Unfall 138853 (2018) Kat:3, Licht: 0,138853,3,2,5,12,10,5,1,0,1,1,0,0
"POINT (9.976013700000067 52.378429790000041)",Unfall 138858 (2018) Kat:3, Licht: 2,138858,3,2,4,12,17,2,1,2,1,1,0,0
"POINT (9.804865482000025 52.409470204000058)",Unfall 138860 (2018) Kat:3, Licht: 0,138860,3,2,5,12,09,2,1,0,1,1,0,0
"POINT (9.721309593000058 52.390171839000061)",Unfall 138887 (2018) Kat:3, Licht: 2,138887,3,7,7,12,04,1,0,2,1,0,0,0
"POINT (9.416980396000042 52.443667898000058)",Unfall 138889 (2018) Kat:3, Licht: 1,138889,3,3,5,12,16,1,0,1,1,1,0,0
"POINT (9.804760703000056 52.378103659000033)",Unfall 138904 (2018) Kat:3, Licht: 2,138904,3,3,5,12,17,7,0,2,1,1,0,0
"POINT (9.725772600000028 52.397865499000034)",Unfall 138906 (2018) Kat:3, Licht: 1,138906,3,2,4,12,08,7,0,1,1,1,0,0
"POINT (9.960192000000063 52.318036644000074)",Unfall 138946 (2018) Kat:2, Licht: 0,138946,2,6,6,12,15,6,0,0,1,0,1,0
"POINT (9.705154328000049 52.377457366000044)",Unfall 138951 (2018) Kat:3, Licht: 0,138951,3,3,5,12,07,6,0,0,1,0,0,0
"POINT (9.750604383000052 52.375324283000054)",Unfall 138968 (2018) Kat:3, Licht: 0,138968,3,3,5,12,11,6,1,0,1,1,0,0
"POINT (9.587675270000034 52.416885039000078)",Unfall 138973 (2018) Kat:2, Licht: 0,138973,2,2,5,12,14,5,1,0,1,1,0,0
"POINT (9.742493655000033 52.358651362000046)",Unfall 138988 (2018) Kat:3, Licht: 0,138988,3,2,3,12,14,5,0,0,1,1,0,0
"POINT (9.745090935000064 52.374289117000046)",Unfall 138990 (2018) Kat:3, Licht: 0,138990,3,5,3,12,12,4,0,0,1,1,0,0
"POINT (9.684174258000041 52.366313231000049)",Unfall 138997 (2018) Kat:3, Licht: 0,138997,3,3,5,12,12,5,1,0,1,1,0,0
"POINT (9.734258995000062 52.545977104000031)",Unfall 139031 (2018) Kat:3, Licht: 2,139031,3,7,0,12,00,6,1,2,1,0,0,0
"POINT (9.740045993000024 52.369149571000037)",Unfall 139039 (2018) Kat:3, Licht: 2,139039,3,7,0,12,18,7,1,2,1,0,0,0
"POINT (9.717269064000050 52.346371899000076)",Unfall 139053 (2018) Kat:3, Licht: 0,139053,3,2,3,12,15,4,0,0,1,1,0,0
"POINT (9.736445470000035 52.377807195000059)",Unfall 139056 (2018) Kat:3, Licht: 0,139056,3,5,0,12,08,4,0,0,1,1,0,0
"POINT (9.603409347000024 52.440232292000076)",Unfall 139059 (2018) Kat:3, Licht: 0,139059,3,3,5,12,13,4,1,0,1,1,0,0
"POINT (9.689596700000038 52.406807584000035)",Unfall 139076 (2018) Kat:3, Licht: 2,139076,3,1,0,12,06,3,1,2,1,0,0,0
"POINT (9.555722001000049 52.207264917000032)",Unfall 139131 (2018) Kat:3, Licht: 2,139131,3,1,7,12,17,7,1,2,1,0,0,0
"POINT (9.734987038000043 52.362343362000047)",Unfall 139182 (2018) Kat:3, Licht: 2,139182,3,2,5,12,20,6,1,2,1,1,0,0
"POINT (9.696869221000043 52.336636818000045)",Unfall 139189 (2018) Kat:2, Licht: 2,139189,2,3,5,12,01,6,0,2,1,1,0,0
"POINT (9.766203260000054 52.381921180000063)",Unfall 139304 (2018) Kat:3, Licht: 0,139304,3,2,5,12,13,2,0,0,1,1,0,0
"POINT (9.870787599000039 52.514278510000054)",Unfall 139305 (2018) Kat:3, Licht: 0,139305,3,7,0,12,09,2,1,0,1,0,0,0
