WKT,Name,OBJECTID,UKATEGORIE,UTYP1,UART,UMONAT,USTUNDE,UWOCHENTAG,STRZUSTAND,ULICHTVERH,ISTRAD,ISTPKW,ISTFUSS,ISTKRAD,ISTGKFZ,ISTSONSTIG
"POINT (7.176252519000059 51.278178676000039)",Unfall 95824 (2019) Kat:3, Licht: 2,95824,3,1,8,01,01,3,1,2,0,1,0,0,0,0
"POINT (7.154129939000029 51.258197546000076)",Unfall 96165 (2019) Kat:3, Licht: 1,96165,3,2,5,01,07,6,1,1,1,0,0,0,1,0
"POINT (7.092419391000021 51.234283403000063)",Unfall 96210 (2019) Kat:3, Licht: 0,96210,3,1,9,01,09,6,1,0,0,1,0,0,0,0
"POINT (7.090955841000039 51.256160337000040)",Unfall 96399 (2019) Kat:3, Licht: 2,96399,3,2,6,01,08,3,1,2,0,1,1,0,0,0
"POINT (7.152103317000069 51.222295442000075)",Unfall 96400 (2019) Kat:3, Licht: 2,96400,3,2,4,01,07,3,1,2,0,1,0,1,0,0
"POINT (7.182652867000058 51.279025023000031)",Unfall 96516 (2019) Kat:3, Licht: 2,96516,3,6,2,01,08,2,1,2,0,1,0,0,0,0
"POINT (7.214501012000028 51.282797789000028)",Unfall 96517 (2019) Kat:3, Licht: 0,96517,3,4,6,01,12,2,1,0,0,1,1,0,0,0
"POINT (7.144965405000050 51.253293177000046)",Unfall 96518 (2019) Kat:3, Licht: 0,96518,3,6,2,01,13,2,1,0,0,1,0,0,0,0
"POINT (7.091011159000061 51.256143504000079)",Unfall 96674 (2019) Kat:3, Licht: 2,96674,3,6,2,01,18,6,1,2,0,1,0,0,0,0
"POINT (7.090924997000059 51.256169722000038)",Unfall 96774 (2019) Kat:2, Licht: 2,96774,2,3,5,01,23,5,1,2,0,1,0,0,0,0
"POINT (7.145742369000061 51.239501705000066)",Unfall 96775 (2019) Kat:3, Licht: 2,96775,3,7,4,01,18,5,0,2,0,1,0,0,0,0
"POINT (7.130998052000052 51.264681311000061)",Unfall 96776 (2019) Kat:3, Licht: 0,96776,3,6,1,01,10,5,0,0,0,1,0,0,0,0
"POINT (7.192374113000028 51.250479742000039)",Unfall 96882 (2019) Kat:2, Licht: 0,96882,2,4,8,01,14,4,1,0,0,1,1,0,0,0
"POINT (7.187506137000071 51.266218654000056)",Unfall 96959 (2019) Kat:3, Licht: 0,96959,3,4,0,01,09,2,1,0,0,0,1,1,0,0
"POINT (7.155783828000040 51.257831151000062)",Unfall 96960 (2019) Kat:3, Licht: 0,96960,3,2,3,01,11,2,1,0,0,1,0,1,0,0
"POINT (7.190966153000034 51.284907674000067)",Unfall 97013 (2019) Kat:3, Licht: 2,97013,3,6,2,01,05,2,1,2,0,1,0,0,0,0
"POINT (7.206850666000037 51.273096393000060)",Unfall 97042 (2019) Kat:3, Licht: 2,97042,3,6,1,01,17,1,1,2,0,1,0,0,0,0
"POINT (7.223043890000042 51.275455448000059)",Unfall 97108 (2019) Kat:2, Licht: 2,97108,2,2,5,01,17,7,1,2,1,1,0,0,0,0
"POINT (7.126044835000073 51.286232842000061)",Unfall 97109 (2019) Kat:3, Licht: 0,97109,3,1,8,01,09,7,1,0,0,1,0,0,0,0
"POINT (7.119821858000023 51.281165960000067)",Unfall 97226 (2019) Kat:3, Licht: 2,97226,3,6,2,01,07,5,1,2,0,1,0,0,0,0
"POINT (7.136102404000042 51.251652066000077)",Unfall 97227 (2019) Kat:3, Licht: 2,97227,3,6,0,01,20,5,1,2,0,1,0,1,0,0
"POINT (7.069732763000047 51.221329732000072)",Unfall 97274 (2019) Kat:3, Licht: 0,97274,3,6,2,01,15,5,0,0,0,1,0,0,0,0
"POINT (7.182698146000064 51.280464009000070)",Unfall 97318 (2019) Kat:3, Licht: 0,97318,3,6,2,01,09,4,0,0,0,1,0,0,0,0
"POINT (7.202005866000036 51.295245961000035)",Unfall 97535 (2019) Kat:3, Licht: 2,97535,3,4,6,01,07,2,0,2,0,1,1,0,0,0
"POINT (7.173295341000028 51.284006175000059)",Unfall 97536 (2019) Kat:3, Licht: 0,97536,3,6,1,01,15,2,0,0,0,1,0,0,0,0
"POINT (7.200053161000028 51.266440794000061)",Unfall 97725 (2019) Kat:2, Licht: 0,97725,2,4,6,01,16,3,0,0,0,1,1,0,0,0
"POINT (7.197180397000068 51.237594501000046)",Unfall 97728 (2019) Kat:3, Licht: 2,97728,3,6,2,01,17,3,0,2,0,1,0,0,0,0
"POINT (7.091683079000063 51.256012672000054)",Unfall 97760 (2019) Kat:3, Licht: 2,97760,3,4,6,01,20,6,0,2,0,1,1,0,0,0
"POINT (7.104567393000025 51.253575709000074)",Unfall 97763 (2019) Kat:3, Licht: 0,97763,3,4,6,01,16,6,0,0,0,1,1,0,0,0
"POINT (7.180421006000074 51.267779947000065)",Unfall 97818 (2019) Kat:3, Licht: 2,97818,3,2,6,01,20,6,1,2,0,1,1,0,0,0
"POINT (7.168487377000076 51.280324948000043)",Unfall 97819 (2019) Kat:3, Licht: 2,97819,3,7,6,01,18,6,1,2,0,0,1,1,0,0
"POINT (7.186344070000075 51.291750630000081)",Unfall 97820 (2019) Kat:3, Licht: 0,97820,3,3,2,01,15,6,1,0,0,1,0,0,0,0
"POINT (7.196957159000021 51.269507939000050)",Unfall 97894 (2019) Kat:3, Licht: 0,97894,3,6,1,01,12,5,1,0,0,1,0,0,0,0
"POINT (7.142061337000030 51.250552244000062)",Unfall 97895 (2019) Kat:3, Licht: 2,97895,3,4,6,01,07,5,0,2,0,1,1,0,0,0
"POINT (7.107151410000029 51.252856146000056)",Unfall 97929 (2019) Kat:3, Licht: 1,97929,3,6,2,01,07,5,0,1,0,1,0,0,0,0
"POINT (7.139473934000023 51.261558166000043)",Unfall 97978 (2019) Kat:3, Licht: 2,97978,3,2,6,01,19,1,1,2,0,1,1,0,0,0
"POINT (7.108111441000062 51.212277816000039)",Unfall 98014 (2019) Kat:3, Licht: 2,98014,3,1,9,01,05,4,2,2,0,1,0,0,0,0
"POINT (7.069007901000020 51.228729111000064)",Unfall 98049 (2019) Kat:3, Licht: 2,98049,3,7,7,01,23,7,1,2,0,1,0,0,0,0
"POINT (7.217296555000075 51.221404433000032)",Unfall 98234 (2019) Kat:3, Licht: 0,98234,3,6,0,01,15,4,2,0,0,1,0,0,0,0
"POINT (7.172802314000023 51.243484718000047)",Unfall 98235 (2019) Kat:3, Licht: 2,98235,3,1,2,01,18,4,2,2,0,1,0,0,0,0
"POINT (7.170911222000029 51.243126345000064)",Unfall 98236 (2019) Kat:3, Licht: 2,98236,3,6,1,01,18,4,2,2,0,1,0,0,0,0
"POINT (7.161746623000056 51.249024439000038)",Unfall 98237 (2019) Kat:3, Licht: 0,98237,3,6,2,01,16,4,2,0,0,1,0,0,0,0
"POINT (7.151564108000059 51.224943072000030)",Unfall 98337 (2019) Kat:3, Licht: 1,98337,3,6,3,01,16,3,0,1,0,1,0,0,0,1
"POINT (7.159631377000039 51.277697548000049)",Unfall 98340 (2019) Kat:3, Licht: 0,98340,3,4,6,01,13,3,0,0,0,1,1,0,0,0
"POINT (7.235502661000055 51.238512690000050)",Unfall 98507 (2019) Kat:3, Licht: 2,98507,3,3,5,01,17,2,1,2,0,1,0,0,0,0
"POINT (7.197024674000033 51.269787633000078)",Unfall 98508 (2019) Kat:3, Licht: 0,98508,3,6,2,01,16,2,1,0,0,1,0,0,0,0
"POINT (7.217888269000071 51.275090461000048)",Unfall 98509 (2019) Kat:2, Licht: 2,98509,2,4,6,01,05,2,1,2,0,1,1,0,0,0
"POINT (7.180806501000063 51.275433213000042)",Unfall 98510 (2019) Kat:3, Licht: 0,98510,3,7,6,01,16,2,1,0,0,1,1,0,0,0
"POINT (7.150554106000072 51.274070680000079)",Unfall 98511 (2019) Kat:3, Licht: 0,98511,3,7,1,01,16,2,1,0,0,0,0,0,0,1
"POINT (7.123509069000022 51.263254958000061)",Unfall 98614 (2019) Kat:3, Licht: 1,98614,3,6,1,02,07,3,1,1,0,1,0,0,0,0
"POINT (7.224072972000045 51.275314725000044)",Unfall 98659 (2019) Kat:3, Licht: 1,98659,3,4,6,02,08,2,0,1,0,1,1,0,0,0
"POINT (7.206506604000026 51.216009836000069)",Unfall 98863 (2019) Kat:3, Licht: 0,98863,3,7,1,02,10,7,1,0,0,1,0,0,0,0
"POINT (7.132474349000063 51.262286208000035)",Unfall 99007 (2019) Kat:3, Licht: 1,99007,3,6,1,02,07,6,1,1,0,1,0,0,0,0
"POINT (7.228273562000027 51.273472438000056)",Unfall 99014 (2019) Kat:3, Licht: 0,99014,3,4,6,02,14,3,0,0,0,1,1,0,0,0
"POINT (7.232785156000034 51.258403549000036)",Unfall 99085 (2019) Kat:3, Licht: 2,99085,3,3,5,02,18,1,1,2,0,1,0,0,0,0
"POINT (7.200701183000035 51.269516952000060)",Unfall 99166 (2019) Kat:3, Licht: 0,99166,3,7,0,02,15,7,1,0,0,1,0,0,0,0
"POINT (7.227992746000041 51.270525049000071)",Unfall 99283 (2019) Kat:3, Licht: 1,99283,3,6,1,02,17,3,0,1,0,1,0,0,0,0
"POINT (7.205404590000057 51.271624752000037)",Unfall 99285 (2019) Kat:3, Licht: 0,99285,3,7,4,02,11,3,0,0,0,1,0,0,0,0
"POINT (7.069029312000055 51.230631778000031)",Unfall 99286 (2019) Kat:3, Licht: 0,99286,3,4,6,02,16,3,0,0,0,1,1,0,0,0
"POINT (7.144269973000064 51.283021805000033)",Unfall 99524 (2019) Kat:3, Licht: 0,99524,3,5,3,02,14,5,0,0,0,1,0,1,0,0
"POINT (7.184491314000070 51.291021073000081)",Unfall 99644 (2019) Kat:2, Licht: 0,99644,2,4,6,02,12,6,0,0,0,1,1,0,0,0
"POINT (7.049184077000064 51.219522225000048)",Unfall 99646 (2019) Kat:3, Licht: 0,99646,3,2,2,02,13,6,0,0,0,1,0,0,0,0
"POINT (7.124556473000041 51.249386639000079)",Unfall 99734 (2019) Kat:2, Licht: 0,99734,2,6,3,02,16,1,0,0,0,1,0,1,0,0
"POINT (7.101422993000028 51.254465702000061)",Unfall 99736 (2019) Kat:3, Licht: 0,99736,3,5,1,02,13,1,0,0,0,1,0,0,0,0
"POINT (7.182873271000062 51.264734850000082)",Unfall 99892 (2019) Kat:3, Licht: 1,99892,3,1,0,02,17,5,0,1,0,0,0,1,0,0
"POINT (7.220139819000053 51.275210580000078)",Unfall 99939 (2019) Kat:3, Licht: 0,99939,3,6,0,02,16,7,0,0,0,1,0,0,0,1
"POINT (7.227081056000031 51.286064845000055)",Unfall 99940 (2019) Kat:2, Licht: 0,99940,2,3,5,02,16,7,0,0,1,1,0,0,0,1
"POINT (7.131362999000032 51.255816719000052)",Unfall 99943 (2019) Kat:3, Licht: 2,99943,3,6,3,02,18,7,0,2,1,1,0,0,0,0
"POINT (7.140408693000040 51.306343381000033)",Unfall 99944 (2019) Kat:2, Licht: 0,99944,2,6,4,02,14,7,0,0,0,1,0,1,0,0
"POINT (7.125017139000022 51.280025287000058)",Unfall 99948 (2019) Kat:2, Licht: 0,99948,2,1,1,02,10,7,0,0,0,1,0,1,0,0
"POINT (7.230024271000048 51.239357714000050)",Unfall 100115 (2019) Kat:3, Licht: 0,100115,3,6,2,02,16,4,0,0,0,1,0,0,0,1
"POINT (7.151154596000026 51.274450559000059)",Unfall 100192 (2019) Kat:3, Licht: 0,100192,3,6,2,02,08,2,0,0,0,1,0,0,0,0
"POINT (7.162092459000064 51.278425162000076)",Unfall 100210 (2019) Kat:3, Licht: 0,100210,3,3,5,02,10,3,0,0,1,1,0,0,0,0
"POINT (7.157173487000023 51.264712397000039)",Unfall 100211 (2019) Kat:2, Licht: 0,100211,2,4,6,02,13,3,0,0,0,1,1,0,0,0
"POINT (7.124817768000071 51.263591713000039)",Unfall 100263 (2019) Kat:3, Licht: 0,100263,3,6,0,02,10,3,0,0,0,1,0,0,0,1
"POINT (7.148489945000051 51.270237724000026)",Unfall 100283 (2019) Kat:3, Licht: 0,100283,3,6,1,02,14,2,0,0,0,1,0,0,0,0
"POINT (7.213732834000041 51.274525738000079)",Unfall 100337 (2019) Kat:2, Licht: 2,100337,2,4,6,02,19,2,0,2,0,1,1,0,0,0
"POINT (7.249603539000020 51.281734264000079)",Unfall 100410 (2019) Kat:2, Licht: 2,100410,2,6,2,02,18,7,0,2,0,1,0,1,0,0
"POINT (7.252855862000047 51.282571406000045)",Unfall 100493 (2019) Kat:3, Licht: 1,100493,3,4,6,02,07,6,1,1,0,1,1,0,0,0
"POINT (7.245765669000036 51.280956719000073)",Unfall 100591 (2019) Kat:2, Licht: 0,100591,2,4,6,02,16,5,0,0,0,1,1,0,0,0
"POINT (7.207998208000049 51.282283650000068)",Unfall 100593 (2019) Kat:2, Licht: 0,100593,2,7,1,02,11,5,0,0,0,1,0,1,0,0
"POINT (7.195361612000056 51.268882019000046)",Unfall 100595 (2019) Kat:3, Licht: 0,100595,3,4,6,02,11,5,0,0,0,1,1,0,0,0
"POINT (7.235580744000060 51.231629491000035)",Unfall 100658 (2019) Kat:3, Licht: 2,100658,3,7,1,02,21,3,0,2,0,1,0,1,0,0
"POINT (7.226619022000023 51.270721779000041)",Unfall 100660 (2019) Kat:3, Licht: 0,100660,3,6,3,02,17,3,0,0,0,1,0,0,0,0
"POINT (7.219665576000068 51.275279297000054)",Unfall 100833 (2019) Kat:3, Licht: 0,100833,3,7,6,02,17,2,0,0,1,0,1,0,0,0
"POINT (7.105699619000063 51.207889274000081)",Unfall 100835 (2019) Kat:3, Licht: 0,100835,3,6,3,02,15,2,0,0,0,1,0,0,0,1
"POINT (7.225345677000064 51.249413562000029)",Unfall 100908 (2019) Kat:3, Licht: 0,100908,3,7,0,02,12,2,0,0,0,1,0,0,0,0
"POINT (7.147657882000033 51.260281196000051)",Unfall 101325 (2019) Kat:3, Licht: 1,101325,3,6,2,02,18,4,0,1,0,1,0,0,0,0
"POINT (7.150036712000031 51.257044072000042)",Unfall 101327 (2019) Kat:3, Licht: 0,101327,3,6,2,02,15,4,0,0,0,1,0,0,0,0
"POINT (7.132398922000050 51.262423390000038)",Unfall 101328 (2019) Kat:3, Licht: 0,101328,3,6,2,02,15,4,0,0,0,1,0,1,0,0
"POINT (7.141913495000040 51.250730245000057)",Unfall 101582 (2019) Kat:3, Licht: 0,101582,3,6,2,03,07,3,1,0,0,1,0,0,0,1
"POINT (7.177343371000063 51.278664531000061)",Unfall 101643 (2019) Kat:3, Licht: 0,101643,3,6,2,03,14,3,0,0,0,1,0,0,0,0
"POINT (7.132470741000077 51.265864264000072)",Unfall 101843 (2019) Kat:3, Licht: 1,101843,3,6,2,03,08,2,2,1,0,1,0,0,0,0
"POINT (7.216722751000020 51.274927012000035)",Unfall 102265 (2019) Kat:3, Licht: 0,102265,3,6,5,03,15,2,0,0,0,1,0,0,0,1
"POINT (7.158165302000043 51.257404389000044)",Unfall 102450 (2019) Kat:3, Licht: 2,102450,3,7,0,03,18,4,1,2,0,1,0,0,0,0
"POINT (7.184228261000044 51.278386563000026)",Unfall 102518 (2019) Kat:3, Licht: 0,102518,3,3,5,03,10,6,1,0,0,1,0,0,0,0
"POINT (7.163011885000060 51.256808696000064)",Unfall 102642 (2019) Kat:3, Licht: 0,102642,3,6,2,03,14,6,0,0,0,1,0,0,0,0
"POINT (7.149645161000024 51.249339851000059)",Unfall 102644 (2019) Kat:3, Licht: 0,102644,3,6,1,03,06,6,0,0,0,1,0,1,0,0
"POINT (7.251053300000024 51.275691795000057)",Unfall 102969 (2019) Kat:3, Licht: 0,102969,3,6,2,03,17,5,0,0,0,1,0,0,0,0
"POINT (7.183646581000062 51.265171929000076)",Unfall 102971 (2019) Kat:3, Licht: 0,102971,3,6,2,03,13,5,0,0,0,1,0,0,0,0
"POINT (7.200192957000070 51.270149096000068)",Unfall 102975 (2019) Kat:3, Licht: 0,102975,3,6,2,03,10,5,0,0,0,1,0,0,0,0
"POINT (7.157956860000070 51.277202223000074)",Unfall 102977 (2019) Kat:3, Licht: 0,102977,3,7,4,03,15,5,0,0,0,1,0,1,0,0
"POINT (7.201814014000036 51.270703924000031)",Unfall 103076 (2019) Kat:3, Licht: 0,103076,3,4,6,03,14,2,1,0,0,1,1,0,0,0
"POINT (7.132321558000058 51.206473945000027)",Unfall 103082 (2019) Kat:3, Licht: 2,103082,3,7,0,03,22,5,0,2,0,0,0,1,0,0
"POINT (7.131095371000072 51.252415030000066)",Unfall 103084 (2019) Kat:3, Licht: 0,103084,3,2,5,03,16,5,0,0,1,1,0,0,0,0
"POINT (7.249613038000064 51.281736677000026)",Unfall 103258 (2019) Kat:2, Licht: 0,103258,2,6,0,03,15,4,0,0,0,1,0,1,0,0
"POINT (7.133710637000036 51.253063177000058)",Unfall 103260 (2019) Kat:2, Licht: 2,103260,2,3,5,03,22,4,0,2,0,1,0,0,0,0
"POINT (7.197857619000047 51.268862649000027)",Unfall 103364 (2019) Kat:1, Licht: 0,103364,1,1,8,03,17,7,0,0,0,0,0,1,0,0
"POINT (7.218050862000041 51.271191047000059)",Unfall 103366 (2019) Kat:3, Licht: 0,103366,3,2,3,03,12,7,0,0,0,1,0,1,0,0
"POINT (7.089416000000028 51.236636908000037)",Unfall 103368 (2019) Kat:2, Licht: 0,103368,2,2,5,03,10,7,0,0,0,1,0,1,0,0
"POINT (7.152635626000063 51.256311131000075)",Unfall 103436 (2019) Kat:3, Licht: 0,103436,3,4,6,03,08,3,0,0,0,0,1,0,0,1
"POINT (7.104505214000028 51.253408861000082)",Unfall 103629 (2019) Kat:2, Licht: 0,103629,2,3,5,03,07,7,0,0,0,1,0,0,1,0
"POINT (7.191862426000057 51.245997680000073)",Unfall 103794 (2019) Kat:3, Licht: 0,103794,3,6,1,03,12,6,0,0,0,1,0,0,0,0
"POINT (7.194413719000067 51.272151008000037)",Unfall 103795 (2019) Kat:3, Licht: 0,103795,3,6,1,03,10,6,0,0,0,1,0,0,0,0
"POINT (7.148079724000070 51.255419547000031)",Unfall 103796 (2019) Kat:3, Licht: 0,103796,3,7,0,03,10,6,0,0,0,1,0,0,1,0
"POINT (7.209996353000065 51.301110822000055)",Unfall 103797 (2019) Kat:3, Licht: 0,103797,3,6,3,03,11,6,0,0,1,1,0,0,0,0
"POINT (7.240389412000070 51.280724424000027)",Unfall 103869 (2019) Kat:3, Licht: 0,103869,3,6,4,04,15,3,1,0,0,1,0,0,0,0
"POINT (7.133471867000026 51.265458737000074)",Unfall 103870 (2019) Kat:3, Licht: 0,103870,3,6,1,04,12,3,1,0,0,1,0,0,0,0
"POINT (7.227689389000034 51.270576655000070)",Unfall 104003 (2019) Kat:3, Licht: 0,104003,3,6,2,04,11,2,0,0,0,1,0,0,0,0
"POINT (7.180745529000035 51.280265878000080)",Unfall 104144 (2019) Kat:3, Licht: 0,104144,3,1,9,04,17,7,0,0,0,0,0,1,0,0
"POINT (7.208828092000033 51.284315987000070)",Unfall 104199 (2019) Kat:3, Licht: 0,104199,3,4,6,04,12,6,0,0,0,1,1,0,0,0
"POINT (7.102970056000061 51.241721807000033)",Unfall 104201 (2019) Kat:2, Licht: 1,104201,2,3,5,04,06,6,1,1,1,0,0,0,1,0
"POINT (7.150887563000026 51.226785188000065)",Unfall 104302 (2019) Kat:3, Licht: 0,104302,3,7,3,04,17,5,0,0,0,1,0,0,0,0
"POINT (7.215612826000040 51.296627595000075)",Unfall 104352 (2019) Kat:2, Licht: 0,104352,2,1,8,04,14,5,1,0,0,1,0,0,1,0
"POINT (7.166595548000032 51.258561976000067)",Unfall 104413 (2019) Kat:3, Licht: 1,104413,3,3,5,04,06,4,1,1,0,1,0,0,0,0
"POINT (7.233825212000056 51.228036178000082)",Unfall 104446 (2019) Kat:3, Licht: 0,104446,3,6,0,04,08,3,0,0,0,1,0,0,0,0
"POINT (7.167677237000021 51.285369707000029)",Unfall 104491 (2019) Kat:3, Licht: 0,104491,3,2,1,04,11,2,0,0,0,1,0,0,0,0
"POINT (7.143460230000073 51.249274721000063)",Unfall 104492 (2019) Kat:3, Licht: 0,104492,3,6,3,04,08,2,0,0,0,1,0,0,0,1
"POINT (7.095260052000072 51.244683830000042)",Unfall 104551 (2019) Kat:3, Licht: 0,104551,3,3,3,04,19,2,0,0,0,1,0,0,0,0
"POINT (7.071954303000041 51.220855635000078)",Unfall 104642 (2019) Kat:3, Licht: 0,104642,3,7,0,04,15,1,0,0,0,1,0,1,0,0
"POINT (7.137523680000072 51.247357562000047)",Unfall 104712 (2019) Kat:3, Licht: 0,104712,3,7,6,04,10,3,0,0,0,0,1,0,0,1
"POINT (7.212449356000036 51.235693614000070)",Unfall 104847 (2019) Kat:3, Licht: 0,104847,3,6,2,04,17,6,0,0,0,1,0,0,0,0
"POINT (7.189294237000070 51.266681124000058)",Unfall 104848 (2019) Kat:2, Licht: 0,104848,2,4,6,04,14,6,0,0,0,1,1,0,0,0
"POINT (7.067851706000056 51.230174232000081)",Unfall 104953 (2019) Kat:3, Licht: 0,104953,3,4,6,04,16,5,0,0,0,1,1,0,0,0
"POINT (7.143295334000072 51.245783245000041)",Unfall 104954 (2019) Kat:3, Licht: 0,104954,3,3,5,04,14,5,0,0,0,1,0,0,0,0
"POINT (7.206504421000034 51.272820337000041)",Unfall 104982 (2019) Kat:2, Licht: 0,104982,2,6,0,04,11,1,0,0,0,1,0,1,0,0
"POINT (7.143474905000062 51.249175342000058)",Unfall 104983 (2019) Kat:3, Licht: 0,104983,3,7,1,04,12,1,0,0,0,1,1,0,0,0
"POINT (7.188970327000050 51.276091863000033)",Unfall 105134 (2019) Kat:3, Licht: 2,105134,3,1,4,04,00,7,0,2,0,1,0,0,0,0
"POINT (7.201034922000076 51.264806552000039)",Unfall 105136 (2019) Kat:3, Licht: 0,105136,3,7,6,04,17,4,0,0,0,0,1,0,0,1
"POINT (7.227115589000050 51.286104057000045)",Unfall 105137 (2019) Kat:3, Licht: 0,105137,3,3,5,04,13,7,0,0,1,1,0,0,0,0
"POINT (7.102944202000060 51.240788216000055)",Unfall 105138 (2019) Kat:3, Licht: 0,105138,3,7,0,04,17,4,0,0,1,1,0,0,0,0
"POINT (7.153446684000073 51.256162131000053)",Unfall 105139 (2019) Kat:3, Licht: 0,105139,3,6,3,04,11,7,0,0,0,1,0,0,0,0
"POINT (7.089452783000070 51.236634014000060)",Unfall 105248 (2019) Kat:2, Licht: 0,105248,2,3,5,04,18,3,0,0,0,1,0,0,0,0
"POINT (7.091333252000027 51.232264147000080)",Unfall 105307 (2019) Kat:2, Licht: 0,105307,2,6,2,04,13,3,0,0,0,1,0,0,1,0
"POINT (7.222436831000039 51.304733282000029)",Unfall 105348 (2019) Kat:2, Licht: 0,105348,2,1,4,04,15,5,0,0,0,1,0,0,0,0
"POINT (7.226771533000033 51.285723869000037)",Unfall 105350 (2019) Kat:3, Licht: 0,105350,3,3,5,04,11,5,0,0,0,1,0,0,0,0
"POINT (7.258438507000051 51.283010594000075)",Unfall 105452 (2019) Kat:3, Licht: 0,105452,3,6,2,04,13,5,0,0,0,1,0,0,1,0
"POINT (7.285571496000046 51.247025029000042)",Unfall 105626 (2019) Kat:3, Licht: 1,105626,3,1,9,04,20,1,0,1,0,1,0,0,0,0
"POINT (7.182873271000062 51.264734850000082)",Unfall 105715 (2019) Kat:3, Licht: 0,105715,3,6,2,04,13,3,0,0,0,1,0,0,0,1
"POINT (7.234189153000045 51.307707008000079)",Unfall 105743 (2019) Kat:3, Licht: 0,105743,3,6,8,04,11,7,0,0,0,1,0,0,0,0
"POINT (7.106883602000039 51.204449016000069)",Unfall 105745 (2019) Kat:2, Licht: 0,105745,2,1,8,04,12,7,0,0,0,0,0,1,0,0
"POINT (7.154250468000043 51.270049506000078)",Unfall 105844 (2019) Kat:3, Licht: 0,105844,3,6,2,04,16,3,0,0,0,1,0,0,0,0
"POINT (7.143879402000039 51.242540373000054)",Unfall 105906 (2019) Kat:1, Licht: 0,105906,1,7,6,04,20,6,0,0,0,0,1,0,0,1
"POINT (7.147826856000052 51.262879881000060)",Unfall 105929 (2019) Kat:3, Licht: 0,105929,3,7,4,04,19,2,0,0,0,1,0,0,0,0
"POINT (7.152132810000069 51.221700353000074)",Unfall 105931 (2019) Kat:3, Licht: 1,105931,3,6,2,04,21,2,0,1,0,1,0,0,0,0
"POINT (7.242352988000050 51.223076566000032)",Unfall 106011 (2019) Kat:3, Licht: 0,106011,3,1,8,04,16,2,0,0,0,1,0,0,0,0
"POINT (7.228376821000040 51.274092730000064)",Unfall 106056 (2019) Kat:3, Licht: 0,106056,3,6,1,04,10,5,0,0,0,1,0,0,0,0
"POINT (7.235421842000051 51.277120515000036)",Unfall 106382 (2019) Kat:3, Licht: 0,106382,3,6,2,04,17,6,0,0,0,1,0,0,0,0
"POINT (7.123982735000027 51.272744871000043)",Unfall 106384 (2019) Kat:3, Licht: 0,106384,3,6,2,04,18,6,0,0,0,1,0,0,0,0
"POINT (7.134177000000022 51.207512921000045)",Unfall 106385 (2019) Kat:3, Licht: 0,106385,3,6,3,04,10,6,0,0,0,1,0,0,0,1
"POINT (7.088070945000027 51.229408598000077)",Unfall 106403 (2019) Kat:3, Licht: 0,106403,3,6,1,04,08,4,0,0,0,1,0,0,0,0
"POINT (7.228396236000037 51.274041425000064)",Unfall 106533 (2019) Kat:3, Licht: 0,106533,3,3,5,05,08,7,1,0,0,1,0,0,1,0
"POINT (7.094175420000056 51.237283992000073)",Unfall 106534 (2019) Kat:3, Licht: 0,106534,3,4,6,05,17,4,0,0,0,1,1,0,0,0
"POINT (7.133823321000023 51.253080164000039)",Unfall 106535 (2019) Kat:3, Licht: 0,106535,3,6,1,05,16,7,0,0,0,1,0,0,0,0
"POINT (7.223737354000036 51.272189823000076)",Unfall 106705 (2019) Kat:2, Licht: 0,106705,2,6,3,05,10,6,0,0,0,1,0,0,0,0
"POINT (7.163582855000072 51.257190475000073)",Unfall 106708 (2019) Kat:3, Licht: 2,106708,3,2,8,05,22,6,0,2,0,1,0,0,0,0
"POINT (7.147204086000045 51.232082771000080)",Unfall 106710 (2019) Kat:2, Licht: 1,106710,2,2,5,05,20,6,0,1,0,1,0,0,0,0
"POINT (7.173707648000061 51.287622868000028)",Unfall 106712 (2019) Kat:3, Licht: 0,106712,3,7,3,05,15,6,0,0,0,1,0,0,0,0
"POINT (7.223000238000054 51.271166401000073)",Unfall 106716 (2019) Kat:3, Licht: 0,106716,3,7,0,04,08,3,0,0,0,0,0,0,0,1
"POINT (7.140075551000052 51.261408359000029)",Unfall 106718 (2019) Kat:2, Licht: 0,106718,2,6,2,04,16,3,0,0,0,1,0,1,0,0
"POINT (7.070357268000066 51.241512945000068)",Unfall 106720 (2019) Kat:3, Licht: 0,106720,3,4,6,04,14,3,0,0,0,1,1,0,0,0
"POINT (7.102949101000036 51.240493016000073)",Unfall 106723 (2019) Kat:3, Licht: 0,106723,3,6,1,04,14,3,0,0,0,1,0,0,0,0
"POINT (7.182511129000034 51.265143534000060)",Unfall 106922 (2019) Kat:2, Licht: 0,106922,2,4,6,05,13,5,0,0,0,1,1,0,0,0
"POINT (7.135829362000038 51.253603349000059)",Unfall 106925 (2019) Kat:3, Licht: 0,106925,3,6,1,05,19,5,1,0,0,1,0,0,0,0
"POINT (7.144954052000060 51.253288856000040)",Unfall 106927 (2019) Kat:3, Licht: 0,106927,3,6,2,05,12,5,0,0,0,1,0,0,0,0
"POINT (7.142478843000049 51.250099026000044)",Unfall 106929 (2019) Kat:3, Licht: 0,106929,3,6,1,05,08,5,0,0,0,1,0,0,0,0
"POINT (7.227041262000057 51.286019657000054)",Unfall 106957 (2019) Kat:3, Licht: 0,106957,3,3,5,04,15,2,0,0,1,1,0,0,0,0
"POINT (7.182718665000039 51.277649511000050)",Unfall 107142 (2019) Kat:3, Licht: 0,107142,3,3,5,05,08,3,0,0,0,1,0,0,0,0
"POINT (7.230775784000059 51.233582880000029)",Unfall 107282 (2019) Kat:2, Licht: 0,107282,2,1,9,05,07,2,0,0,0,1,0,0,0,0
"POINT (7.142590285000040 51.249975211000049)",Unfall 107292 (2019) Kat:3, Licht: 0,107292,3,6,3,05,14,4,1,0,0,1,0,0,0,0
"POINT (7.129495089000045 51.251683229000037)",Unfall 107298 (2019) Kat:3, Licht: 1,107298,3,6,2,05,17,4,1,1,0,1,0,0,0,0
"POINT (7.203617380000026 51.280902071000071)",Unfall 107406 (2019) Kat:2, Licht: 0,107406,2,3,5,05,10,6,0,0,0,1,0,0,0,0
"POINT (7.090907829000059 51.256174946000044)",Unfall 107407 (2019) Kat:2, Licht: 0,107407,2,2,6,05,18,6,1,0,0,1,1,0,0,0
"POINT (7.156366372000036 51.241546384000060)",Unfall 107510 (2019) Kat:3, Licht: 2,107510,3,1,8,05,21,5,1,2,0,1,0,0,0,0
"POINT (7.179871698000056 51.279639261000057)",Unfall 107576 (2019) Kat:3, Licht: 0,107576,3,6,2,05,06,5,0,0,0,1,0,0,0,1
"POINT (7.125492685000040 51.263653152000074)",Unfall 107682 (2019) Kat:3, Licht: 0,107682,3,6,2,05,06,3,0,0,0,1,0,0,0,0
"POINT (7.102969561000066 51.241712291000056)",Unfall 107766 (2019) Kat:3, Licht: 0,107766,3,7,1,05,16,2,0,0,0,1,0,0,0,0
"POINT (7.140713526000070 51.267444382000065)",Unfall 107866 (2019) Kat:3, Licht: 0,107866,3,6,2,05,12,4,0,0,0,1,0,0,0,0
"POINT (7.183996534000073 51.243311792000043)",Unfall 107934 (2019) Kat:3, Licht: 0,107934,3,7,0,05,14,3,0,0,1,1,0,0,0,0
"POINT (7.151006319000032 51.226479277000067)",Unfall 107947 (2019) Kat:3, Licht: 0,107947,3,6,1,05,19,3,0,0,0,1,0,1,0,0
"POINT (7.226876369000024 51.243664159000048)",Unfall 108037 (2019) Kat:3, Licht: 2,108037,3,6,2,05,00,5,1,2,0,1,0,0,0,0
"POINT (7.128903610000066 51.304316751000044)",Unfall 108070 (2019) Kat:3, Licht: 0,108070,3,6,4,05,13,6,1,0,0,0,0,0,1,1
"POINT (7.180350479000026 51.242696971000044)",Unfall 108133 (2019) Kat:3, Licht: 0,108133,3,1,0,05,15,7,1,0,1,0,0,0,0,0
"POINT (7.210370949000037 51.274058166000032)",Unfall 108203 (2019) Kat:3, Licht: 0,108203,3,6,3,05,07,4,0,0,0,1,0,1,0,0
"POINT (7.148493801000029 51.257918082000060)",Unfall 108206 (2019) Kat:3, Licht: 0,108206,3,7,6,05,13,4,0,0,1,0,1,0,0,0
"POINT (7.062975240000071 51.251921601000049)",Unfall 108216 (2019) Kat:3, Licht: 0,108216,3,6,1,05,09,4,0,0,0,1,0,0,0,0
"POINT (7.181073365000032 51.283551709000051)",Unfall 108342 (2019) Kat:3, Licht: 0,108342,3,1,0,05,07,3,1,0,0,0,0,1,0,0
"POINT (7.253480897000031 51.282626129000050)",Unfall 108532 (2019) Kat:3, Licht: 0,108532,3,6,1,05,17,4,0,0,0,1,0,0,1,0
"POINT (7.198012251000023 51.270062505000055)",Unfall 108587 (2019) Kat:3, Licht: 0,108587,3,4,6,05,13,1,0,0,0,0,1,0,0,1
"POINT (7.184336770000073 51.278424888000075)",Unfall 108588 (2019) Kat:2, Licht: 0,108588,2,1,0,05,11,1,0,0,0,0,0,1,0,0
"POINT (7.148190972000066 51.259110400000054)",Unfall 108589 (2019) Kat:3, Licht: 0,108589,3,4,6,05,12,1,0,0,0,1,1,0,0,0
"POINT (7.128236816000026 51.268124269000054)",Unfall 108590 (2019) Kat:3, Licht: 0,108590,3,6,2,05,10,1,0,0,0,1,0,0,0,0
"POINT (7.073878641000022 51.253097026000034)",Unfall 108679 (2019) Kat:3, Licht: 0,108679,3,7,5,05,12,7,0,0,1,1,0,0,0,0
"POINT (7.186503744000049 51.265977644000031)",Unfall 108777 (2019) Kat:3, Licht: 0,108777,3,6,1,05,08,6,0,0,0,1,0,0,0,0
"POINT (7.203215170000021 51.275088208000057)",Unfall 108923 (2019) Kat:3, Licht: 0,108923,3,2,3,05,17,5,0,0,1,1,0,0,0,0
"POINT (7.148636803000045 51.271384633000082)",Unfall 108925 (2019) Kat:2, Licht: 0,108925,2,2,5,05,16,5,0,0,1,1,0,0,0,0
"POINT (7.075370603000067 51.233481303000076)",Unfall 109119 (2019) Kat:3, Licht: 0,109119,3,3,2,05,15,3,0,0,0,1,0,0,0,0
"POINT (7.147945213000071 51.259613762000072)",Unfall 109121 (2019) Kat:3, Licht: 0,109121,3,6,0,05,13,3,1,0,0,1,0,1,0,0
"POINT (7.186371296000061 51.291725592000034)",Unfall 109186 (2019) Kat:3, Licht: 0,109186,3,2,4,05,12,5,0,0,0,0,0,1,0,1
"POINT (7.218154537000032 51.287232540000048)",Unfall 109361 (2019) Kat:3, Licht: 0,109361,3,4,6,05,07,2,1,0,0,1,1,0,0,0
"POINT (7.222710120000045 51.275342107000029)",Unfall 109363 (2019) Kat:3, Licht: 0,109363,3,6,2,05,16,2,0,0,0,1,0,0,0,0
"POINT (7.167101285000058 51.258678280000026)",Unfall 109365 (2019) Kat:3, Licht: 0,109365,3,2,5,05,09,2,0,0,0,1,0,0,0,0
"POINT (7.133780426000044 51.253073562000054)",Unfall 109367 (2019) Kat:3, Licht: 0,109367,3,6,2,05,16,2,0,0,0,1,0,0,0,0
"POINT (7.186371296000061 51.291725592000034)",Unfall 109379 (2019) Kat:3, Licht: 0,109379,3,3,5,05,05,4,0,0,0,1,0,0,0,0
"POINT (7.153368064000063 51.258565516000033)",Unfall 109381 (2019) Kat:3, Licht: 0,109381,3,1,2,05,13,4,0,0,0,1,0,0,0,0
"POINT (7.217699290000041 51.297443997000073)",Unfall 109498 (2019) Kat:2, Licht: 1,109498,2,6,2,05,20,4,0,1,0,1,0,0,0,0
"POINT (7.226131890000033 51.246887823000066)",Unfall 109499 (2019) Kat:2, Licht: 0,109499,2,7,8,05,13,4,0,0,0,0,0,0,1,0
"POINT (7.212468215000058 51.235694903000081)",Unfall 109513 (2019) Kat:3, Licht: 0,109513,3,6,2,06,16,1,0,0,0,1,0,0,0,0
"POINT (7.211471601000028 51.274304060000077)",Unfall 109690 (2019) Kat:3, Licht: 0,109690,3,3,5,06,08,7,0,0,0,1,0,0,0,0
"POINT (7.149779699000021 51.255729546000055)",Unfall 109692 (2019) Kat:3, Licht: 0,109692,3,2,2,06,10,7,0,0,1,1,0,0,0,0
"POINT (7.152230285000030 51.220247318000077)",Unfall 109693 (2019) Kat:2, Licht: 0,109693,2,2,4,06,15,7,0,0,0,1,0,1,0,0
"POINT (7.205809754000029 51.286190853000051)",Unfall 109728 (2019) Kat:3, Licht: 0,109728,3,5,5,06,07,2,1,0,0,1,0,1,0,0
"POINT (7.221292949000031 51.275370427000041)",Unfall 109894 (2019) Kat:3, Licht: 0,109894,3,6,2,05,09,6,0,0,0,1,0,0,0,0
"POINT (7.071832277000056 51.220091784000033)",Unfall 109897 (2019) Kat:3, Licht: 0,109897,3,7,5,05,15,6,0,0,0,0,0,0,1,1
"POINT (7.215809842000056 51.287691410000036)",Unfall 110047 (2019) Kat:3, Licht: 1,110047,3,3,4,06,21,7,0,1,0,1,0,0,0,0
"POINT (7.199338943000043 51.294337794000057)",Unfall 110152 (2019) Kat:3, Licht: 1,110152,3,3,5,06,22,4,0,1,1,1,0,0,0,0
"POINT (7.208589867000057 51.284780845000057)",Unfall 110156 (2019) Kat:3, Licht: 0,110156,3,6,2,06,15,4,0,0,0,1,0,0,0,1
"POINT (7.125561247000064 51.249858455000037)",Unfall 110157 (2019) Kat:3, Licht: 0,110157,3,6,2,06,08,4,0,0,0,1,0,0,0,0
"POINT (7.167713143000071 51.285352811000052)",Unfall 110233 (2019) Kat:3, Licht: 0,110233,3,3,0,06,18,6,1,0,0,1,0,1,0,0
"POINT (7.188712648000035 51.266364180000039)",Unfall 110418 (2019) Kat:3, Licht: 0,110418,3,2,6,06,13,3,0,0,0,1,1,0,0,0
"POINT (7.259929369000076 51.276378308000062)",Unfall 110419 (2019) Kat:3, Licht: 0,110419,3,5,1,06,12,3,0,0,0,1,0,0,0,0
"POINT (7.176686232000066 51.262793173000034)",Unfall 110472 (2019) Kat:3, Licht: 0,110472,3,7,0,06,13,5,0,0,0,0,0,0,0,1
"POINT (7.213769329000058 51.274297636000028)",Unfall 110583 (2019) Kat:3, Licht: 0,110583,3,6,1,06,18,3,0,0,0,1,0,0,0,0
"POINT (7.197085796000067 51.269789482000078)",Unfall 110584 (2019) Kat:3, Licht: 2,110584,3,7,0,06,02,3,0,2,0,0,0,1,0,0
"POINT (7.228110541000035 51.273536341000067)",Unfall 110888 (2019) Kat:3, Licht: 0,110888,3,4,6,06,19,5,0,0,0,1,1,0,0,0
"POINT (7.104519444000061 51.253447045000030)",Unfall 110889 (2019) Kat:3, Licht: 0,110889,3,6,3,06,16,5,0,0,0,1,0,0,1,0
"POINT (7.093250957000066 51.242344473000060)",Unfall 110966 (2019) Kat:3, Licht: 0,110966,3,6,5,06,07,5,0,0,0,1,0,0,1,0
"POINT (7.188755664000041 51.276131387000078)",Unfall 111047 (2019) Kat:3, Licht: 0,111047,3,6,3,06,10,4,0,0,0,1,0,0,0,1
"POINT (7.143859739000050 51.244570868000039)",Unfall 111050 (2019) Kat:3, Licht: 2,111050,3,3,5,06,23,4,0,2,0,1,0,0,0,0
"POINT (7.070113408000054 51.231052774000034)",Unfall 111091 (2019) Kat:3, Licht: 0,111091,3,2,5,06,20,7,0,0,0,1,0,0,0,0
"POINT (7.194695588000059 51.258593993000034)",Unfall 111144 (2019) Kat:3, Licht: 0,111144,3,6,2,06,16,1,1,0,0,1,0,0,0,0
"POINT (7.246875684000031 51.295287702000053)",Unfall 111208 (2019) Kat:2, Licht: 0,111208,2,6,2,06,20,7,0,0,0,1,0,0,0,0
"POINT (7.113831643000026 51.197597295000037)",Unfall 111264 (2019) Kat:1, Licht: 0,111264,1,6,3,06,15,7,0,0,1,1,0,0,0,0
"POINT (7.147413336000057 51.269101358000057)",Unfall 111423 (2019) Kat:3, Licht: 0,111423,3,6,2,06,09,4,0,0,0,1,0,0,0,0
"POINT (7.202072127000065 51.270633121000060)",Unfall 111516 (2019) Kat:3, Licht: 0,111516,3,6,2,06,15,3,0,0,0,1,0,0,0,0
"POINT (7.182235754000033 51.280763309000065)",Unfall 111574 (2019) Kat:3, Licht: 0,111574,3,6,2,06,08,3,0,0,0,1,0,0,1,0
"POINT (7.230556885000055 51.275996026000030)",Unfall 111691 (2019) Kat:3, Licht: 0,111691,3,2,4,06,16,4,0,0,0,1,0,0,0,0
"POINT (7.117508780000037 51.249295415000063)",Unfall 111693 (2019) Kat:3, Licht: 0,111693,3,6,3,06,17,4,0,0,0,1,0,1,0,0
"POINT (7.234820491000050 51.228906333000054)",Unfall 111694 (2019) Kat:3, Licht: 0,111694,3,6,1,06,09,2,0,0,0,1,0,0,0,0
"POINT (7.150210042000026 51.249625355000035)",Unfall 111695 (2019) Kat:3, Licht: 0,111695,3,1,1,06,18,4,0,0,0,1,0,0,0,0
"POINT (7.150122201000045 51.256940510000049)",Unfall 111696 (2019) Kat:3, Licht: 0,111696,3,4,6,06,17,2,0,0,0,1,1,0,0,0
"POINT (7.103004709000061 51.291005489000042)",Unfall 111698 (2019) Kat:3, Licht: 0,111698,3,7,0,06,13,4,0,0,0,1,0,0,0,0
"POINT (7.206644737000033 51.281533397000032)",Unfall 111810 (2019) Kat:3, Licht: 0,111810,3,3,5,06,13,6,0,0,0,1,0,0,0,0
"POINT (7.143837291000068 51.244904723000047)",Unfall 111811 (2019) Kat:2, Licht: 0,111811,2,6,1,06,14,6,0,0,1,1,0,0,0,0
"POINT (7.119850360000044 51.277496794000058)",Unfall 111921 (2019) Kat:2, Licht: 0,111921,2,6,2,06,16,5,1,0,0,1,0,1,0,0
"POINT (7.116348652000056 51.262194289000035)",Unfall 112073 (2019) Kat:3, Licht: 0,112073,3,6,2,06,14,7,0,0,0,1,0,0,0,0
"POINT (7.117354295000041 51.276242073000049)",Unfall 112143 (2019) Kat:3, Licht: 0,112143,3,2,4,06,12,3,0,0,0,1,0,0,0,1
"POINT (7.182647291000023 51.279087096000069)",Unfall 112357 (2019) Kat:3, Licht: 0,112357,3,3,5,06,11,2,0,0,0,1,0,0,0,0
"POINT (7.230464574000052 51.275985070000047)",Unfall 112377 (2019) Kat:2, Licht: 0,112377,2,1,0,06,15,4,0,0,0,0,0,1,0,0
"POINT (7.247675852000043 51.275423250000074)",Unfall 112643 (2019) Kat:3, Licht: 0,112643,3,6,2,06,18,6,0,0,0,1,0,0,0,0
"POINT (7.188134206000029 51.292411091000076)",Unfall 112644 (2019) Kat:3, Licht: 0,112644,3,3,5,06,12,6,0,0,0,1,0,0,0,0
"POINT (7.128577130000053 51.251258233000044)",Unfall 112646 (2019) Kat:3, Licht: 0,112646,3,4,6,06,13,6,0,0,0,0,1,0,0,1
"POINT (7.136191027000052 51.305854685000043)",Unfall 112674 (2019) Kat:3, Licht: 0,112674,3,1,9,06,14,1,0,0,0,0,0,1,0,0
"POINT (7.254905200000053 51.255632816000059)",Unfall 112915 (2019) Kat:3, Licht: 0,112915,3,2,4,06,16,5,0,0,1,1,0,0,0,0
"POINT (7.181502379000051 51.266421549000029)",Unfall 112916 (2019) Kat:2, Licht: 0,112916,2,3,5,06,16,5,0,0,1,1,0,0,0,0
"POINT (7.184854467000037 51.291157163000037)",Unfall 112917 (2019) Kat:2, Licht: 0,112917,2,2,4,06,11,5,0,0,0,1,0,0,1,0
"POINT (7.262651161000065 51.285432168000057)",Unfall 112919 (2019) Kat:3, Licht: 0,112919,3,6,2,06,08,5,0,0,0,1,0,0,0,0
"POINT (7.150459762000025 51.217630688000042)",Unfall 112921 (2019) Kat:2, Licht: 0,112921,2,6,4,06,12,5,0,0,0,1,0,1,0,0
"POINT (7.189446403000034 51.276004683000053)",Unfall 112929 (2019) Kat:3, Licht: 0,112929,3,6,1,06,10,7,0,0,0,1,0,0,0,0
"POINT (7.143224906000057 51.260859277000066)",Unfall 113002 (2019) Kat:2, Licht: 2,113002,2,1,8,07,03,3,0,2,1,0,0,0,0,0
"POINT (7.227375377000044 51.244731718000025)",Unfall 113101 (2019) Kat:2, Licht: 0,113101,2,6,9,07,10,3,0,0,0,1,0,0,1,0
"POINT (7.189183515000025 51.244712759000038)",Unfall 113211 (2019) Kat:3, Licht: 0,113211,3,6,2,07,15,4,0,0,0,1,0,0,0,0
"POINT (7.125860323000040 51.270190790000072)",Unfall 113213 (2019) Kat:3, Licht: 0,113213,3,6,2,07,14,4,0,0,0,1,0,0,0,0
"POINT (7.179005190000055 51.290437251000071)",Unfall 113281 (2019) Kat:3, Licht: 0,113281,3,1,1,07,17,2,0,0,0,1,0,0,0,0
"POINT (7.177639310000075 51.243143209000038)",Unfall 113283 (2019) Kat:2, Licht: 0,113283,2,1,0,07,17,2,0,0,1,0,0,0,0,0
"POINT (7.081322950000072 51.254735938000067)",Unfall 113285 (2019) Kat:3, Licht: 0,113285,3,6,2,07,07,2,0,0,0,1,0,0,0,0
"POINT (7.204986416000054 51.279180264000047)",Unfall 113599 (2019) Kat:3, Licht: 0,113599,3,3,5,07,15,2,0,0,0,1,0,1,0,0
"POINT (7.196058975000028 51.269149333000030)",Unfall 113602 (2019) Kat:3, Licht: 0,113602,3,6,1,07,11,2,0,0,0,1,0,0,0,1
"POINT (7.210267017000035 51.271264849000033)",Unfall 113604 (2019) Kat:3, Licht: 0,113604,3,3,5,07,19,2,0,0,0,1,0,1,0,0
"POINT (7.153286769000033 51.258599292000042)",Unfall 113606 (2019) Kat:3, Licht: 0,113606,3,7,0,07,13,2,1,0,0,0,0,1,1,0
"POINT (7.208577810000065 51.284796845000074)",Unfall 113676 (2019) Kat:3, Licht: 0,113676,3,6,0,07,12,6,0,0,0,1,0,1,0,0
"POINT (7.059816382000065 51.227043562000063)",Unfall 113678 (2019) Kat:3, Licht: 0,113678,3,7,0,07,19,6,0,0,1,0,0,0,0,0
"POINT (7.147552338000025 51.231314752000060)",Unfall 113964 (2019) Kat:3, Licht: 0,113964,3,2,4,07,13,5,0,0,1,1,0,0,0,0
"POINT (7.121041913000056 51.278065794000042)",Unfall 114007 (2019) Kat:3, Licht: 0,114007,3,6,1,07,14,5,0,0,0,1,0,0,0,0
"POINT (7.129181489000075 51.265049052000052)",Unfall 114207 (2019) Kat:3, Licht: 0,114207,3,6,2,07,14,4,0,0,0,1,0,1,0,0
"POINT (7.165660301000060 51.257790601000067)",Unfall 114261 (2019) Kat:3, Licht: 0,114261,3,6,3,07,21,3,0,0,0,1,0,1,0,0
"POINT (7.105206516000067 51.246418398000060)",Unfall 114262 (2019) Kat:2, Licht: 0,114262,2,7,0,07,10,3,0,0,0,1,0,1,0,0
"POINT (7.088942468000028 51.253816118000032)",Unfall 114315 (2019) Kat:3, Licht: 0,114315,3,6,2,07,11,1,0,0,0,1,0,0,0,0
"POINT (7.199003880000021 51.225278802000048)",Unfall 114348 (2019) Kat:3, Licht: 0,114348,3,3,5,07,11,7,1,0,1,1,0,0,0,0
"POINT (7.073791698000036 51.223823209000045)",Unfall 114399 (2019) Kat:2, Licht: 0,114399,2,6,2,07,13,7,0,0,0,1,0,0,0,0
"POINT (7.258939607000059 51.276309316000038)",Unfall 114455 (2019) Kat:3, Licht: 0,114455,3,7,5,07,14,6,0,0,0,1,0,0,0,0
"POINT (7.150917048000054 51.256279683000059)",Unfall 114456 (2019) Kat:3, Licht: 0,114456,3,3,5,07,13,6,0,0,0,1,0,0,0,1
"POINT (7.198307236000062 51.262196259000063)",Unfall 114562 (2019) Kat:2, Licht: 0,114562,2,6,2,07,14,5,0,0,0,1,0,0,0,0
"POINT (7.198971095000047 51.270167422000043)",Unfall 114563 (2019) Kat:3, Licht: 0,114563,3,4,6,07,05,5,1,0,0,1,1,0,0,0
"POINT (7.174531205000051 51.277524639000035)",Unfall 114583 (2019) Kat:3, Licht: 0,114583,3,6,2,07,14,5,0,0,0,1,0,1,0,0
"POINT (7.211706743000036 51.235645540000064)",Unfall 114631 (2019) Kat:3, Licht: 0,114631,3,6,3,07,09,4,0,0,0,1,0,0,1,0
"POINT (7.207300516000032 51.282031653000047)",Unfall 114632 (2019) Kat:3, Licht: 0,114632,3,6,2,07,18,4,0,0,0,1,0,0,0,0
"POINT (7.153079442000035 51.258911643000033)",Unfall 114633 (2019) Kat:3, Licht: 0,114633,3,3,5,07,11,4,0,0,0,1,0,1,0,0
"POINT (7.152909510000029 51.275527399000055)",Unfall 114634 (2019) Kat:3, Licht: 0,114634,3,1,1,07,17,4,0,0,0,1,0,0,0,0
"POINT (7.058021042000064 51.217214832000082)",Unfall 114672 (2019) Kat:2, Licht: 0,114672,2,6,2,07,19,4,0,0,0,1,0,0,0,0
"POINT (7.133244119000040 51.253009616000043)",Unfall 114733 (2019) Kat:2, Licht: 0,114733,2,3,5,07,13,3,0,0,1,1,0,0,0,0
"POINT (7.143547358000035 51.260885705000078)",Unfall 114734 (2019) Kat:3, Licht: 0,114734,3,6,1,07,12,3,0,0,0,1,0,0,0,0
"POINT (7.132110187000023 51.252916125000070)",Unfall 114735 (2019) Kat:3, Licht: 0,114735,3,6,2,07,06,3,0,0,0,1,0,0,0,0
"POINT (7.139117377000048 51.254435511000054)",Unfall 114736 (2019) Kat:2, Licht: 0,114736,2,2,0,07,10,3,0,0,0,1,0,0,0,1
"POINT (7.099047538000036 51.247705388000043)",Unfall 114769 (2019) Kat:3, Licht: 0,114769,3,6,1,07,17,3,0,0,0,1,0,0,0,1
"POINT (7.064805091000039 51.220285824000030)",Unfall 114846 (2019) Kat:3, Licht: 0,114846,3,6,2,07,09,2,0,0,0,1,0,0,0,0
"POINT (7.181207881000034 51.283551069000055)",Unfall 114912 (2019) Kat:3, Licht: 0,114912,3,1,0,07,13,7,1,0,0,0,0,1,0,0
"POINT (7.150475887000027 51.227850090000061)",Unfall 114913 (2019) Kat:3, Licht: 0,114913,3,6,2,07,09,7,0,0,0,1,0,0,0,0
"POINT (7.190966008000032 51.242990695000060)",Unfall 115131 (2019) Kat:3, Licht: 0,115131,3,1,0,07,17,1,0,0,1,0,0,0,0,0
"POINT (7.146608286000060 51.235260924000045)",Unfall 115134 (2019) Kat:3, Licht: 0,115134,3,6,0,07,19,1,0,0,0,0,0,1,0,0
"POINT (7.202173897000023 51.270068155000047)",Unfall 115188 (2019) Kat:3, Licht: 0,115188,3,6,0,07,17,5,0,0,0,1,0,1,0,0
"POINT (7.166608005000057 51.258570652000060)",Unfall 115190 (2019) Kat:2, Licht: 0,115190,2,3,5,07,11,5,0,0,0,1,0,0,0,0
"POINT (7.143959961000064 51.241942641000037)",Unfall 115193 (2019) Kat:3, Licht: 0,115193,3,2,4,07,19,5,0,0,1,1,0,0,0,0
"POINT (7.169070898000030 51.260376429000075)",Unfall 115196 (2019) Kat:3, Licht: 0,115196,3,5,1,07,15,5,0,0,0,1,0,1,0,1
"POINT (7.148493396000049 51.270686104000049)",Unfall 115263 (2019) Kat:3, Licht: 0,115263,3,6,1,07,16,4,0,0,0,1,0,1,0,0
"POINT (7.206687105000071 51.272985684000048)",Unfall 115368 (2019) Kat:3, Licht: 0,115368,3,2,0,07,14,3,0,0,0,1,0,0,0,1
"POINT (7.103841637000073 51.249367854000070)",Unfall 115637 (2019) Kat:3, Licht: 2,115637,3,1,9,07,21,1,1,2,0,1,0,0,0,0
"POINT (7.242885702000024 51.281097986000077)",Unfall 115799 (2019) Kat:3, Licht: 0,115799,3,1,0,07,14,6,0,0,1,0,0,0,0,0
"POINT (7.212492336000025 51.282697199000040)",Unfall 115801 (2019) Kat:3, Licht: 0,115801,3,6,2,07,06,6,0,0,0,1,0,1,0,0
"POINT (7.246012450000023 51.275144749000049)",Unfall 115835 (2019) Kat:3, Licht: 0,115835,3,3,5,07,14,2,0,0,1,1,0,0,0,0
"POINT (7.129274798000040 51.251581409000039)",Unfall 115837 (2019) Kat:3, Licht: 0,115837,3,6,0,07,17,2,0,0,0,0,0,0,0,1
"POINT (7.104280528000061 51.231642892000082)",Unfall 115911 (2019) Kat:3, Licht: 0,115911,3,6,3,07,10,6,0,0,0,1,0,0,1,0
"POINT (7.164646980000043 51.268424576000029)",Unfall 116026 (2019) Kat:3, Licht: 0,116026,3,5,1,07,13,4,0,0,1,1,0,0,0,0
"POINT (7.172681884000042 51.288040505000026)",Unfall 116027 (2019) Kat:3, Licht: 1,116027,3,6,2,07,05,4,0,1,0,1,0,1,0,0
"POINT (7.123081068000033 51.280759490000037)",Unfall 116277 (2019) Kat:2, Licht: 2,116277,2,3,5,07,22,3,0,2,0,1,0,1,0,0
"POINT (7.145888068000033 51.261001949000047)",Unfall 116279 (2019) Kat:3, Licht: 0,116279,3,7,1,07,17,3,0,0,0,1,0,1,0,0
"POINT (7.162740926000026 51.256709889000035)",Unfall 116281 (2019) Kat:3, Licht: 0,116281,3,7,5,07,12,3,0,0,0,1,0,0,0,0
"POINT (7.144953767000061 51.253288748000045)",Unfall 116283 (2019) Kat:3, Licht: 0,116283,3,6,1,07,08,3,0,0,0,1,0,0,0,0
"POINT (7.230335439000044 51.288319070000057)",Unfall 116333 (2019) Kat:2, Licht: 0,116333,2,3,5,08,07,5,0,0,1,0,0,1,0,0
"POINT (7.159348017000070 51.285284428000068)",Unfall 116335 (2019) Kat:2, Licht: 0,116335,2,7,9,08,16,5,0,0,0,1,0,0,0,0
"POINT (7.147244552000075 51.232604613000035)",Unfall 116336 (2019) Kat:3, Licht: 0,116336,3,1,8,08,11,5,0,0,0,1,0,0,0,1
"POINT (7.117923676000032 51.249252687000080)",Unfall 116488 (2019) Kat:3, Licht: 0,116488,3,6,2,08,15,5,0,0,0,1,0,0,0,0
"POINT (7.205989649000060 51.287918675000071)",Unfall 116671 (2019) Kat:3, Licht: 0,116671,3,6,1,08,15,4,0,0,0,1,0,0,0,0
"POINT (7.149629179000044 51.249332012000082)",Unfall 116673 (2019) Kat:3, Licht: 0,116673,3,6,1,08,19,4,0,0,0,1,0,0,0,0
"POINT (7.135095262000050 51.252256232000036)",Unfall 116676 (2019) Kat:3, Licht: 0,116676,3,4,6,08,11,4,0,0,0,0,1,1,0,0
"POINT (7.196016032000046 51.254708619000041)",Unfall 116686 (2019) Kat:3, Licht: 0,116686,3,6,2,08,14,1,0,0,0,1,0,0,0,0
"POINT (7.151181072000043 51.225980969000034)",Unfall 116687 (2019) Kat:3, Licht: 0,116687,3,2,4,08,19,1,0,0,0,1,0,1,0,0
"POINT (7.202235085000041 51.262197078000042)",Unfall 116845 (2019) Kat:3, Licht: 0,116845,3,1,0,08,10,7,1,0,0,0,0,1,0,0
"POINT (7.207899490000045 51.270747903000029)",Unfall 116865 (2019) Kat:3, Licht: 0,116865,3,6,2,08,07,3,0,0,0,1,0,0,0,0
"POINT (7.047215674000029 51.220177287000070)",Unfall 116944 (2019) Kat:2, Licht: 0,116944,2,1,8,08,13,1,0,0,1,0,0,0,0,0
"POINT (7.140869628000075 51.282212104000052)",Unfall 116945 (2019) Kat:3, Licht: 0,116945,3,5,1,08,07,1,0,0,0,1,0,0,0,0
"POINT (7.147557714000072 51.261083889000076)",Unfall 117084 (2019) Kat:3, Licht: 0,117084,3,6,2,08,11,3,0,0,0,1,0,0,0,0
"POINT (7.109467535000022 51.255636097000036)",Unfall 117329 (2019) Kat:3, Licht: 2,117329,3,1,8,08,20,6,1,2,0,1,0,0,0,0
"POINT (7.162228739000057 51.271866365000051)",Unfall 117420 (2019) Kat:3, Licht: 2,117420,3,1,8,08,22,7,1,2,0,1,0,0,0,0
"POINT (7.235283345000028 51.238800233000063)",Unfall 117477 (2019) Kat:3, Licht: 2,117477,3,6,3,08,21,6,0,2,0,1,0,0,0,0
"POINT (7.188581099000032 51.266329513000073)",Unfall 117478 (2019) Kat:3, Licht: 0,117478,3,5,5,08,15,6,0,0,0,1,0,0,0,0
"POINT (7.068379042000061 51.230379756000048)",Unfall 117479 (2019) Kat:3, Licht: 0,117479,3,1,1,08,14,6,0,0,0,1,0,0,0,0
"POINT (7.111633891000054 51.285041836000062)",Unfall 117480 (2019) Kat:3, Licht: 0,117480,3,2,0,08,10,6,0,0,1,0,0,0,0,1
"POINT (7.093024893000063 51.235263637000060)",Unfall 117522 (2019) Kat:1, Licht: 0,117522,1,1,8,08,14,6,0,0,0,1,0,0,0,0
"POINT (7.212520683000037 51.235699788000034)",Unfall 117589 (2019) Kat:3, Licht: 0,117589,3,6,1,08,08,5,1,0,0,1,0,0,1,0
"POINT (7.183176223000032 51.248851313000046)",Unfall 117590 (2019) Kat:2, Licht: 0,117590,2,1,0,08,06,5,1,0,1,0,0,0,0,0
"POINT (7.198236771000040 51.259232082000040)",Unfall 117591 (2019) Kat:2, Licht: 0,117591,2,6,4,08,13,5,1,0,0,1,0,0,0,0
"POINT (7.164345959000059 51.299255080000080)",Unfall 117593 (2019) Kat:3, Licht: 0,117593,3,5,3,08,09,5,1,0,1,1,0,0,0,0
"POINT (7.163763079000034 51.245412937000026)",Unfall 117621 (2019) Kat:3, Licht: 0,117621,3,3,5,08,12,7,1,0,0,1,0,0,0,0
"POINT (7.234643260000041 51.289439453000057)",Unfall 117680 (2019) Kat:2, Licht: 0,117680,2,2,5,08,12,3,0,0,0,1,0,0,0,0
"POINT (7.235197168000070 51.230229344000065)",Unfall 117799 (2019) Kat:3, Licht: 0,117799,3,2,0,08,16,2,0,0,1,0,0,0,0,1
"POINT (7.193961889000036 51.272384090000060)",Unfall 117880 (2019) Kat:3, Licht: 0,117880,3,6,2,08,12,1,1,0,0,1,0,0,0,0
"POINT (7.125493148000032 51.263653299000055)",Unfall 117919 (2019) Kat:2, Licht: 0,117919,2,1,9,08,14,1,1,0,0,1,0,0,0,0
"POINT (7.156984854000029 51.271045045000051)",Unfall 118005 (2019) Kat:2, Licht: 0,118005,2,6,1,08,18,6,0,0,0,1,0,0,0,0
"POINT (7.202294349000056 51.262624251000034)",Unfall 118020 (2019) Kat:3, Licht: 2,118020,3,1,0,08,20,6,0,2,0,0,0,1,0,0
"POINT (7.167480317000070 51.258960705000050)",Unfall 118025 (2019) Kat:3, Licht: 0,118025,3,1,8,08,19,6,0,0,0,0,0,1,0,0
"POINT (7.246842100000038 51.295318234000035)",Unfall 118035 (2019) Kat:3, Licht: 0,118035,3,6,1,08,18,6,0,0,0,1,0,0,0,1
"POINT (7.137948479000045 51.250461405000067)",Unfall 118084 (2019) Kat:3, Licht: 0,118084,3,2,0,08,15,6,0,0,0,1,0,1,0,0
"POINT (7.131716691000065 51.257254345000035)",Unfall 118087 (2019) Kat:2, Licht: 0,118087,2,3,5,08,08,5,0,0,0,1,0,0,0,0
"POINT (7.180039720000025 51.248603080000066)",Unfall 118216 (2019) Kat:2, Licht: 0,118216,2,6,4,08,06,4,0,0,0,1,0,0,0,0
"POINT (7.133114229000057 51.253351095000028)",Unfall 118323 (2019) Kat:3, Licht: 0,118323,3,6,2,08,16,2,1,0,0,1,0,0,1,0
"POINT (7.213050292000048 51.272497028000032)",Unfall 118478 (2019) Kat:3, Licht: 0,118478,3,2,5,08,10,7,0,0,1,1,0,0,0,0
"POINT (7.216933166000047 51.274966426000049)",Unfall 118639 (2019) Kat:3, Licht: 0,118639,3,3,4,08,16,5,0,0,1,0,0,0,0,0
"POINT (7.133490958000039 51.253135826000062)",Unfall 118651 (2019) Kat:3, Licht: 0,118651,3,6,0,08,06,4,0,0,0,1,0,0,0,1
"POINT (7.123638532000030 51.280762558000049)",Unfall 118653 (2019) Kat:3, Licht: 2,118653,3,1,0,08,21,4,0,2,0,1,0,0,0,0
"POINT (7.203803618000052 51.227405736000037)",Unfall 118828 (2019) Kat:3, Licht: 0,118828,3,7,6,08,08,3,0,0,0,0,1,0,0,1
"POINT (7.152058050000051 51.222947487000056)",Unfall 118830 (2019) Kat:3, Licht: 2,118830,3,2,4,08,21,3,0,2,0,1,0,1,0,0
"POINT (7.153062427000066 51.270366765000063)",Unfall 118890 (2019) Kat:3, Licht: 0,118890,3,6,1,08,16,5,0,0,0,1,0,0,0,0
"POINT (7.203157747000034 51.286643351000066)",Unfall 119090 (2019) Kat:2, Licht: 2,119090,2,1,8,08,01,7,0,2,0,1,0,0,0,0
"POINT (7.251650848000054 51.275738314000080)",Unfall 119117 (2019) Kat:3, Licht: 0,119117,3,6,2,08,10,6,0,0,0,1,0,0,0,0
"POINT (7.063030123000033 51.251933656000062)",Unfall 119119 (2019) Kat:3, Licht: 0,119119,3,3,0,08,07,6,0,0,0,1,0,1,0,0
"POINT (7.192694842000037 51.273799373000031)",Unfall 119126 (2019) Kat:3, Licht: 0,119126,3,1,6,09,12,2,0,0,0,1,1,0,0,0
"POINT (7.134178611000039 51.207513807000055)",Unfall 119128 (2019) Kat:3, Licht: 0,119128,3,3,5,09,10,2,0,0,0,1,0,0,0,0
"POINT (7.128095088000066 51.268252121000046)",Unfall 119165 (2019) Kat:3, Licht: 2,119165,3,1,8,08,20,7,0,2,0,1,0,0,0,0
"POINT (7.139684558000056 51.226822557000048)",Unfall 119261 (2019) Kat:3, Licht: 0,119261,3,6,0,08,10,7,0,0,0,1,0,0,1,0
"POINT (7.186481661000073 51.265972336000061)",Unfall 119320 (2019) Kat:1, Licht: 2,119320,1,1,1,09,01,1,1,2,0,1,0,0,0,1
"POINT (7.132353405000060 51.252971807000051)",Unfall 119381 (2019) Kat:3, Licht: 2,119381,3,7,0,08,22,7,1,2,0,1,0,1,0,0
"POINT (7.133729322000022 51.253065697000068)",Unfall 119467 (2019) Kat:3, Licht: 0,119467,3,6,1,09,16,4,0,0,0,1,0,0,0,1
"POINT (7.212321190000068 51.271342855000057)",Unfall 119546 (2019) Kat:3, Licht: 0,119546,3,2,0,09,11,6,0,0,0,1,0,0,0,1
"POINT (7.072255132000066 51.232042485000079)",Unfall 119548 (2019) Kat:3, Licht: 0,119548,3,6,1,09,15,6,0,0,0,1,0,0,0,0
"POINT (7.194908441000052 51.281122560000028)",Unfall 119632 (2019) Kat:3, Licht: 2,119632,3,3,5,09,20,3,0,2,0,1,0,0,0,0
"POINT (7.203856492000057 51.271229296000058)",Unfall 119633 (2019) Kat:3, Licht: 0,119633,3,7,1,09,13,3,0,0,0,1,0,1,0,0
"POINT (7.220597705000046 51.271321836000027)",Unfall 119776 (2019) Kat:3, Licht: 0,119776,3,6,3,09,10,5,0,0,0,0,0,1,0,1
"POINT (7.167449106000049 51.258936783000081)",Unfall 119863 (2019) Kat:3, Licht: 2,119863,3,6,2,09,04,2,0,2,0,1,1,0,1,0
"POINT (7.192578071000071 51.273900216000072)",Unfall 119864 (2019) Kat:3, Licht: 0,119864,3,2,0,09,16,2,0,0,0,1,0,1,0,0
"POINT (7.220005969000056 51.275293174000069)",Unfall 119991 (2019) Kat:3, Licht: 0,119991,3,6,2,09,15,1,1,0,0,1,0,0,0,0
"POINT (7.114290383000025 51.186227374000055)",Unfall 120136 (2019) Kat:3, Licht: 0,120136,3,1,8,09,11,7,1,0,0,1,0,0,0,0
"POINT (7.139484244000073 51.254367562000027)",Unfall 120138 (2019) Kat:3, Licht: 0,120138,3,6,3,09,18,7,0,0,0,1,0,0,0,0
"POINT (7.110659350000049 51.268165545000045)",Unfall 120356 (2019) Kat:3, Licht: 0,120356,3,3,5,09,13,1,0,0,1,1,0,0,0,0
"POINT (7.197061897000026 51.269779615000061)",Unfall 120526 (2019) Kat:3, Licht: 0,120526,3,6,2,09,14,5,0,0,0,1,0,0,0,0
"POINT (7.288976257000059 51.249623698000050)",Unfall 120763 (2019) Kat:3, Licht: 0,120763,3,6,2,09,17,4,1,0,0,1,0,0,0,0
"POINT (7.201334109000072 51.270576927000036)",Unfall 120766 (2019) Kat:3, Licht: 0,120766,3,6,1,09,16,4,1,0,0,1,0,0,0,0
"POINT (7.147898113000053 51.266743998000038)",Unfall 120769 (2019) Kat:3, Licht: 0,120769,3,2,0,09,11,4,0,0,0,0,1,0,0,1
"POINT (7.183763770000041 51.248567729000058)",Unfall 120859 (2019) Kat:3, Licht: 0,120859,3,7,8,09,14,3,0,0,0,1,0,0,0,0
"POINT (7.143994317000022 51.213832514000046)",Unfall 120860 (2019) Kat:2, Licht: 0,120860,2,2,3,09,09,3,0,0,0,1,0,1,0,0
"POINT (7.166260212000054 51.258586813000079)",Unfall 120968 (2019) Kat:3, Licht: 0,120968,3,6,1,09,12,2,0,0,0,1,0,0,0,0
"POINT (7.236919212000032 51.309063900000069)",Unfall 120969 (2019) Kat:3, Licht: 0,120969,3,1,0,09,15,2,1,0,0,0,0,1,0,0
"POINT (7.103839599000025 51.248079531000030)",Unfall 120970 (2019) Kat:3, Licht: 1,120970,3,6,2,09,19,2,0,1,0,1,0,0,0,0
"POINT (7.148274750000041 51.258583597000040)",Unfall 120971 (2019) Kat:3, Licht: 0,120971,3,2,4,09,16,2,1,0,0,1,0,0,0,1
"POINT (7.225113344000022 51.249611900000048)",Unfall 121034 (2019) Kat:3, Licht: 0,121034,3,1,3,09,18,2,1,0,0,1,0,0,0,0
"POINT (7.141344289000074 51.254693255000063)",Unfall 121204 (2019) Kat:3, Licht: 0,121204,3,6,1,09,12,5,0,0,0,1,0,0,0,0
"POINT (7.229639323000072 51.288051825000082)",Unfall 121220 (2019) Kat:3, Licht: 0,121220,3,3,5,09,14,6,0,0,1,1,0,0,0,0
"POINT (7.228332164000051 51.270287797000037)",Unfall 121257 (2019) Kat:3, Licht: 0,121257,3,2,1,09,13,4,0,0,0,1,0,0,0,1
"POINT (7.203291597000032 51.277833497000074)",Unfall 121340 (2019) Kat:3, Licht: 0,121340,3,6,4,09,13,6,0,0,0,1,0,0,0,0
"POINT (7.125477421000028 51.270661469000061)",Unfall 121363 (2019) Kat:2, Licht: 0,121363,2,3,5,09,09,7,0,0,0,1,0,1,0,0
"POINT (7.130843929000037 51.264910639000050)",Unfall 121418 (2019) Kat:2, Licht: 0,121418,2,6,0,09,09,7,0,0,1,1,0,0,0,0
"POINT (7.149651820000031 51.249343118000070)",Unfall 121530 (2019) Kat:3, Licht: 0,121530,3,3,5,09,10,7,0,0,0,1,0,0,0,0
"POINT (7.163412298000026 51.258689883000045)",Unfall 121590 (2019) Kat:2, Licht: 2,121590,2,3,5,09,04,7,0,2,1,1,0,0,0,0
"POINT (7.204362404000051 51.288521690000039)",Unfall 121666 (2019) Kat:3, Licht: 0,121666,3,7,0,09,13,4,0,0,1,0,1,0,0,0
"POINT (7.160838122000030 51.256126634000054)",Unfall 121798 (2019) Kat:3, Licht: 2,121798,3,1,0,09,00,3,0,2,0,0,0,1,0,0
"POINT (7.195435226000029 51.267991602000052)",Unfall 121799 (2019) Kat:2, Licht: 0,121799,2,4,6,09,16,3,0,0,0,1,1,0,0,0
"POINT (7.097097203000033 51.246571492000044)",Unfall 121835 (2019) Kat:3, Licht: 0,121835,3,6,2,09,15,3,0,0,0,1,0,0,0,0
"POINT (7.194496913000023 51.271915207000063)",Unfall 121933 (2019) Kat:3, Licht: 0,121933,3,6,2,09,18,2,1,0,0,1,0,0,0,1
"POINT (7.177855519000048 51.278861984000059)",Unfall 121934 (2019) Kat:3, Licht: 2,121934,3,1,9,09,04,5,1,2,0,1,0,0,0,0
"POINT (7.201264029000072 51.270558732000040)",Unfall 121987 (2019) Kat:3, Licht: 0,121987,3,3,5,09,13,7,0,0,0,1,0,0,0,0
"POINT (7.152022990000035 51.219611858000064)",Unfall 121988 (2019) Kat:2, Licht: 2,121988,2,1,8,09,22,7,1,2,0,1,0,0,0,0
"POINT (7.126522329000068 51.250304545000063)",Unfall 121989 (2019) Kat:3, Licht: 1,121989,3,3,1,09,17,7,1,1,1,1,0,0,0,0
"POINT (7.144917465000049 51.253274934000046)",Unfall 122077 (2019) Kat:3, Licht: 0,122077,3,6,1,09,16,6,0,0,0,1,0,1,0,0
"POINT (7.177231465000034 51.278746174000048)",Unfall 122172 (2019) Kat:3, Licht: 2,122172,3,6,3,09,20,2,0,2,0,0,0,1,1,0
"POINT (7.162701115000061 51.256695372000081)",Unfall 122231 (2019) Kat:3, Licht: 2,122231,3,1,9,09,05,1,1,2,0,1,0,0,0,0
"POINT (7.205501585000036 51.225327063000066)",Unfall 122495 (2019) Kat:3, Licht: 0,122495,3,3,5,10,16,3,1,0,1,0,0,0,0,1
"POINT (7.174621279000064 51.262147138000046)",Unfall 122497 (2019) Kat:3, Licht: 0,122497,3,6,2,10,08,3,1,0,0,1,0,1,0,0
"POINT (7.132019077000052 51.254200103000073)",Unfall 122500 (2019) Kat:3, Licht: 0,122500,3,6,2,10,17,3,1,0,0,1,0,0,0,0
"POINT (7.230573390000075 51.232034389000034)",Unfall 122610 (2019) Kat:2, Licht: 2,122610,2,6,0,10,22,5,1,2,0,0,0,1,0,0
"POINT (7.119406169000058 51.261185802000057)",Unfall 122758 (2019) Kat:3, Licht: 0,122758,3,7,0,09,15,2,1,0,0,0,0,1,0,0
"POINT (7.130523041000060 51.280174095000064)",Unfall 122759 (2019) Kat:2, Licht: 0,122759,2,6,1,09,08,2,1,0,0,1,0,0,0,0
"POINT (7.151692703000038 51.224600753000061)",Unfall 122761 (2019) Kat:3, Licht: 0,122761,3,6,2,09,14,2,1,0,0,1,0,0,0,0
"POINT (7.230690303000074 51.239469653000072)",Unfall 122764 (2019) Kat:3, Licht: 0,122764,3,6,2,10,16,4,1,0,0,1,0,0,0,0
"POINT (7.184823967000057 51.278682227000047)",Unfall 122766 (2019) Kat:3, Licht: 0,122766,3,6,0,10,16,4,1,0,0,1,0,1,0,0
"POINT (7.232734321000066 51.257894522000072)",Unfall 122819 (2019) Kat:3, Licht: 2,122819,3,1,8,10,00,1,0,2,0,1,0,0,0,0
"POINT (7.175041797000063 51.262275296000041)",Unfall 123120 (2019) Kat:3, Licht: 0,123120,3,6,3,10,16,6,1,0,0,1,0,1,0,0
"POINT (7.200361361000034 51.270353365000062)",Unfall 123123 (2019) Kat:3, Licht: 0,123123,3,7,0,10,09,6,1,0,0,0,0,0,0,1
"POINT (7.153832809000051 51.256292498000050)",Unfall 123125 (2019) Kat:3, Licht: 0,123125,3,6,2,10,13,6,1,0,0,1,0,0,0,0
"POINT (7.219782441000064 51.275284062000026)",Unfall 123126 (2019) Kat:3, Licht: 0,123126,3,6,2,10,11,6,1,0,0,1,0,0,0,1
"POINT (7.132171686000049 51.259602595000047)",Unfall 123169 (2019) Kat:3, Licht: 0,123169,3,7,0,10,13,2,0,0,0,1,0,1,0,0
"POINT (7.178385355000046 51.263340287000062)",Unfall 123389 (2019) Kat:3, Licht: 0,123389,3,6,2,10,15,5,1,0,0,1,0,0,0,0
"POINT (7.149988257000075 51.228717980000056)",Unfall 123390 (2019) Kat:2, Licht: 0,123390,2,1,9,10,15,5,0,0,0,1,0,1,0,0
"POINT (7.189546271000040 51.266754396000067)",Unfall 123487 (2019) Kat:3, Licht: 0,123487,3,7,5,10,16,7,0,0,0,1,0,0,0,0
"POINT (7.203158782000060 51.286643644000037)",Unfall 123561 (2019) Kat:3, Licht: 1,123561,3,5,1,10,06,4,0,1,0,1,0,0,0,0
"POINT (7.127222678000067 51.264295257000072)",Unfall 123670 (2019) Kat:3, Licht: 2,123670,3,6,2,10,07,4,0,2,0,1,0,0,0,0
"POINT (7.152040097000054 51.223205810000081)",Unfall 123701 (2019) Kat:3, Licht: 0,123701,3,6,4,10,16,6,0,0,1,0,0,0,0,0
"POINT (7.236642124000071 51.259552162000034)",Unfall 123747 (2019) Kat:2, Licht: 2,123747,2,7,0,10,03,4,1,2,0,1,0,0,0,0
"POINT (7.167432808000058 51.259155826000040)",Unfall 123907 (2019) Kat:3, Licht: 2,123907,3,2,5,10,21,5,1,2,0,1,0,0,0,0
"POINT (7.224468282000032 51.238191376000032)",Unfall 123909 (2019) Kat:3, Licht: 0,123909,3,6,4,10,11,5,1,0,0,1,0,0,1,0
"POINT (7.140995291000024 51.261156578000055)",Unfall 124066 (2019) Kat:3, Licht: 0,124066,3,5,3,10,09,2,0,0,0,1,0,1,0,0
"POINT (7.203894140000045 51.271238918000051)",Unfall 124157 (2019) Kat:3, Licht: 0,124157,3,6,2,10,13,4,1,0,0,1,0,1,0,0
"POINT (7.108094404000042 51.189977689000045)",Unfall 124160 (2019) Kat:2, Licht: 0,124160,2,1,0,10,13,4,1,0,0,0,0,1,0,0
"POINT (7.131118324000056 51.252425920000064)",Unfall 124162 (2019) Kat:3, Licht: 0,124162,3,5,1,10,10,4,0,0,0,1,0,1,0,0
"POINT (7.228418867000073 51.274081434000038)",Unfall 124307 (2019) Kat:3, Licht: 2,124307,3,2,5,10,19,1,1,2,0,1,0,0,0,0
"POINT (7.128738156000054 51.267673908000063)",Unfall 124308 (2019) Kat:3, Licht: 0,124308,3,6,2,10,17,1,1,0,0,1,0,0,0,1
"POINT (7.102576922000026 51.248789430000045)",Unfall 124542 (2019) Kat:3, Licht: 2,124542,3,6,0,10,18,5,0,2,0,1,0,1,0,0
"POINT (7.143599131000030 51.245355109000059)",Unfall 124577 (2019) Kat:3, Licht: 2,124577,3,6,2,10,20,4,0,2,0,1,0,0,0,0
"POINT (7.154998506000027 51.261566738000056)",Unfall 124664 (2019) Kat:3, Licht: 0,124664,3,2,3,10,16,3,0,0,1,1,0,0,0,0
"POINT (7.135334341000032 51.266177465000055)",Unfall 124706 (2019) Kat:2, Licht: 0,124706,2,6,2,10,13,3,0,0,0,0,0,0,1,1
"POINT (7.219962338000073 51.275291396000057)",Unfall 124780 (2019) Kat:3, Licht: 0,124780,3,6,2,10,16,2,0,0,0,1,0,0,0,0
"POINT (7.184675136000067 51.278281881000055)",Unfall 124781 (2019) Kat:3, Licht: 1,124781,3,6,2,10,07,2,1,1,0,1,0,0,0,1
"POINT (7.223066928000037 51.275333399000033)",Unfall 124785 (2019) Kat:3, Licht: 0,124785,3,4,6,10,15,5,0,0,0,1,1,0,0,0
"POINT (7.151875333000021 51.255463401000043)",Unfall 124855 (2019) Kat:3, Licht: 0,124855,3,4,6,10,13,1,0,0,0,0,1,0,0,1
"POINT (7.200440473000072 51.225314310000044)",Unfall 124923 (2019) Kat:2, Licht: 0,124923,2,3,5,10,15,7,0,0,0,1,0,1,0,0
"POINT (7.175065182000026 51.289912701000048)",Unfall 124925 (2019) Kat:2, Licht: 0,124925,2,6,2,10,10,7,0,0,0,1,0,1,0,0
"POINT (7.158353267000052 51.252163152000037)",Unfall 124926 (2019) Kat:3, Licht: 0,124926,3,6,2,10,13,7,0,0,0,1,0,0,0,0
"POINT (7.148183222000057 51.259128891000046)",Unfall 125033 (2019) Kat:3, Licht: 0,125033,3,3,5,10,10,6,0,0,0,1,0,0,0,0
"POINT (7.094248097000047 51.237375928000063)",Unfall 125035 (2019) Kat:3, Licht: 0,125035,3,7,0,10,14,6,0,0,0,1,0,0,0,0
"POINT (7.056000205000032 51.210752874000036)",Unfall 125108 (2019) Kat:3, Licht: 0,125108,3,6,1,10,07,3,0,0,0,1,0,0,0,0
"POINT (7.117147519000071 51.202229496000029)",Unfall 125151 (2019) Kat:2, Licht: 2,125151,2,1,8,10,00,5,0,2,0,1,0,0,0,0
"POINT (7.220179643000051 51.275300536000032)",Unfall 125213 (2019) Kat:3, Licht: 2,125213,3,6,3,10,18,4,0,2,0,1,0,0,0,0
"POINT (7.153124103000039 51.258890697000027)",Unfall 125272 (2019) Kat:3, Licht: 0,125272,3,1,2,10,10,4,0,0,1,1,0,0,0,0
"POINT (7.143663670000024 51.282906096000033)",Unfall 125437 (2019) Kat:3, Licht: 0,125437,3,6,2,10,10,4,0,0,0,1,0,0,0,0
"POINT (7.215622502000031 51.274842965000062)",Unfall 125483 (2019) Kat:3, Licht: 0,125483,3,6,1,11,08,2,1,0,0,1,0,0,0,0
"POINT (7.131083638000064 51.264234887000043)",Unfall 125570 (2019) Kat:3, Licht: 2,125570,3,7,1,11,23,1,1,2,0,1,0,0,0,0
"POINT (7.114314225000044 51.249600489000045)",Unfall 125634 (2019) Kat:2, Licht: 2,125634,2,1,8,11,00,7,1,2,0,1,0,0,0,0
"POINT (7.144809163000048 51.260963343000071)",Unfall 125759 (2019) Kat:3, Licht: 0,125759,3,2,6,11,10,6,1,0,0,1,1,0,0,0
"POINT (7.185344974000032 51.265679049000028)",Unfall 125999 (2019) Kat:3, Licht: 2,125999,3,2,5,11,18,4,1,2,1,1,0,0,0,0
"POINT (7.150837490000072 51.256075142000043)",Unfall 126000 (2019) Kat:3, Licht: 0,126000,3,2,3,11,09,4,0,0,0,1,0,1,0,0
"POINT (7.113633317000051 51.197742487000028)",Unfall 126001 (2019) Kat:3, Licht: 0,126001,3,1,0,11,14,4,1,0,0,0,0,1,0,0
"POINT (7.131674787000065 51.263417335000042)",Unfall 126083 (2019) Kat:3, Licht: 0,126083,3,6,2,11,07,6,1,0,0,0,0,0,0,1
"POINT (7.177483857000027 51.263049563000038)",Unfall 126248 (2019) Kat:3, Licht: 0,126248,3,5,1,11,09,3,1,0,0,1,0,0,0,0
"POINT (7.144809163000048 51.260963343000071)",Unfall 126249 (2019) Kat:3, Licht: 0,126249,3,4,0,11,10,3,1,0,0,0,1,0,0,1
"POINT (7.212687271000050 51.235715297000070)",Unfall 126368 (2019) Kat:3, Licht: 0,126368,3,6,2,11,14,2,0,0,0,1,0,0,0,0
"POINT (7.167013109000038 51.273205585000028)",Unfall 126454 (2019) Kat:2, Licht: 2,126454,2,1,9,11,22,2,1,2,0,1,0,0,0,0
"POINT (7.216741003000038 51.274930431000030)",Unfall 126490 (2019) Kat:3, Licht: 1,126490,3,3,5,11,17,4,1,1,0,1,0,1,0,0
"POINT (7.234732485000052 51.228572644000053)",Unfall 126530 (2019) Kat:3, Licht: 0,126530,3,7,2,11,11,1,0,0,0,1,0,0,0,0
"POINT (7.223144775000037 51.275458240000034)",Unfall 126932 (2019) Kat:3, Licht: 2,126932,3,2,6,11,17,2,1,2,0,1,1,0,0,0
"POINT (7.227904770000066 51.270542541000054)",Unfall 126935 (2019) Kat:3, Licht: 1,126935,3,3,5,11,16,2,1,1,0,1,0,0,0,0
"POINT (7.182671675000051 51.279533939000032)",Unfall 126936 (2019) Kat:3, Licht: 2,126936,3,6,2,11,07,2,1,2,0,1,0,0,0,0
"POINT (7.235885114000041 51.232774218000031)",Unfall 127296 (2019) Kat:3, Licht: 2,127296,3,6,1,11,17,5,0,2,0,1,0,0,0,0
"POINT (7.102944230000048 51.240783591000081)",Unfall 127298 (2019) Kat:3, Licht: 0,127298,3,6,2,11,15,5,0,0,0,1,0,1,0,0
"POINT (7.131729741000072 51.257222897000077)",Unfall 127318 (2019) Kat:3, Licht: 2,127318,3,2,5,11,18,7,0,2,0,1,0,0,0,0
"POINT (7.131089767000049 51.252412372000038)",Unfall 127555 (2019) Kat:3, Licht: 0,127555,3,7,5,11,12,6,1,0,0,1,0,0,0,0
"POINT (7.217616994000025 51.275051888000064)",Unfall 127843 (2019) Kat:3, Licht: 2,127843,3,4,6,11,20,3,1,2,0,1,1,0,0,0
"POINT (7.197571239000070 51.237542394000059)",Unfall 127953 (2019) Kat:3, Licht: 1,127953,3,6,4,11,16,2,0,1,0,1,0,0,0,0
"POINT (7.147898113000053 51.266743998000038)",Unfall 127954 (2019) Kat:3, Licht: 0,127954,3,6,2,11,11,2,0,0,0,1,0,0,1,0
"POINT (7.101609320000023 51.248554544000058)",Unfall 127997 (2019) Kat:3, Licht: 2,127997,3,6,3,11,18,2,0,2,0,1,0,0,1,0
"POINT (7.257286679000060 51.312097475000030)",Unfall 128038 (2019) Kat:3, Licht: 2,128038,3,6,2,11,18,6,0,2,0,1,0,0,1,0
"POINT (7.212456460000055 51.271496425000066)",Unfall 128121 (2019) Kat:3, Licht: 1,128121,3,3,5,11,16,5,1,1,0,1,0,0,0,0
"POINT (7.176315817000045 51.262675188000060)",Unfall 128122 (2019) Kat:3, Licht: 0,128122,3,7,6,11,07,5,1,0,0,0,1,0,0,1
"POINT (7.229173260000039 51.243556622000028)",Unfall 128273 (2019) Kat:2, Licht: 2,128273,2,1,4,11,06,4,1,2,0,1,0,0,0,0
"POINT (7.210400441000047 51.274180245000082)",Unfall 128365 (2019) Kat:3, Licht: 0,128365,3,5,1,12,15,2,0,0,0,1,0,0,0,0
"POINT (7.136342313000057 51.262672034000047)",Unfall 128440 (2019) Kat:2, Licht: 0,128440,2,2,5,12,13,1,0,0,0,1,0,0,0,0
"POINT (7.124508098000035 51.271812586000067)",Unfall 128617 (2019) Kat:3, Licht: 2,128617,3,2,4,11,18,6,0,2,0,1,0,0,0,1
"POINT (7.189599499000053 51.275976760000049)",Unfall 128630 (2019) Kat:3, Licht: 2,128630,3,6,1,12,18,5,0,2,0,1,0,0,0,0
"POINT (7.232667605000074 51.239771496000060)",Unfall 128631 (2019) Kat:3, Licht: 2,128631,3,6,2,12,16,5,0,2,0,1,0,0,0,0
"POINT (7.191040586000042 51.275305541000080)",Unfall 128741 (2019) Kat:3, Licht: 0,128741,3,7,6,12,10,4,0,0,0,1,1,0,0,0
"POINT (7.130801024000050 51.290319576000059)",Unfall 128742 (2019) Kat:3, Licht: 0,128742,3,6,6,12,09,4,0,0,0,1,1,0,0,0
"POINT (7.124680180000041 51.178362866000043)",Unfall 129058 (2019) Kat:3, Licht: 2,129058,3,1,8,12,23,1,1,2,0,1,0,0,0,0
"POINT (7.184522256000037 51.278374185000075)",Unfall 129292 (2019) Kat:3, Licht: 0,129292,3,6,2,12,09,6,1,0,0,1,0,0,0,0
"POINT (7.206052146000047 51.270436016000076)",Unfall 129355 (2019) Kat:2, Licht: 2,129355,2,4,6,12,19,2,1,2,0,1,1,0,0,0
"POINT (7.118472654000073 51.262729485000079)",Unfall 129590 (2019) Kat:3, Licht: 1,129590,3,6,2,12,16,6,1,1,0,1,0,0,0,0
"POINT (7.160785684000075 51.271604071000070)",Unfall 129592 (2019) Kat:3, Licht: 2,129592,3,1,9,12,22,6,1,2,0,1,0,0,0,0
"POINT (7.180883605000076 51.284669088000044)",Unfall 129685 (2019) Kat:3, Licht: 2,129685,3,6,5,12,21,5,0,2,0,1,0,0,0,0
"POINT (7.240691957000024 51.274087351000048)",Unfall 129686 (2019) Kat:2, Licht: 0,129686,2,3,0,12,15,5,0,0,0,1,0,0,0,1
"POINT (7.167677237000021 51.285369707000029)",Unfall 129695 (2019) Kat:3, Licht: 2,129695,3,1,0,12,06,3,2,2,0,0,0,1,0,0
"POINT (7.154166372000020 51.258179211000026)",Unfall 129696 (2019) Kat:3, Licht: 2,129696,3,2,6,12,17,3,0,2,0,1,1,0,0,0
"POINT (7.167713143000071 51.285352811000052)",Unfall 129697 (2019) Kat:3, Licht: 2,129697,3,6,2,12,06,3,2,2,0,1,0,0,0,0
"POINT (7.116410361000021 51.275632652000070)",Unfall 129699 (2019) Kat:3, Licht: 0,129699,3,1,0,12,08,3,2,0,1,0,0,0,0,0
"POINT (7.133471867000026 51.265458737000074)",Unfall 129917 (2019) Kat:3, Licht: 1,129917,3,4,0,12,17,7,0,1,0,1,1,0,0,0
"POINT (7.212793001000023 51.235725140000056)",Unfall 129946 (2019) Kat:3, Licht: 1,129946,3,6,2,12,18,3,0,1,0,1,0,0,0,0
"POINT (7.132253611000067 51.254109992000053)",Unfall 129949 (2019) Kat:2, Licht: 2,129949,2,1,8,12,19,3,1,2,0,1,0,0,0,0
"POINT (7.219585269000049 51.284790800000053)",Unfall 129950 (2019) Kat:3, Licht: 2,129950,3,4,6,12,18,3,1,2,0,1,1,0,0,0
"POINT (7.070721739000021 51.231324216000075)",Unfall 130141 (2019) Kat:2, Licht: 2,130141,2,4,6,12,17,2,1,2,0,1,1,0,0,0
"POINT (7.148489454000071 51.270264201000032)",Unfall 130177 (2019) Kat:3, Licht: 2,130177,3,7,6,12,17,6,1,2,0,1,1,0,0,0
"POINT (7.143258882000055 51.246778514000027)",Unfall 130179 (2019) Kat:2, Licht: 2,130179,2,4,6,12,23,6,1,2,0,1,1,0,0,0
"POINT (7.130540649000068 51.265005146000078)",Unfall 130182 (2019) Kat:3, Licht: 0,130182,3,2,5,12,15,6,1,0,0,1,0,0,0,0
"POINT (7.069661104000033 51.224614260000067)",Unfall 130305 (2019) Kat:3, Licht: 2,130305,3,1,7,12,16,1,1,2,0,1,0,0,0,0
"POINT (7.157810879000067 51.256068324000069)",Unfall 130307 (2019) Kat:3, Licht: 2,130307,3,7,4,12,03,1,1,2,0,1,0,0,0,0
"POINT (7.197731874000056 51.270020117000058)",Unfall 130590 (2019) Kat:3, Licht: 1,130590,3,4,5,12,15,6,1,1,0,1,1,0,0,0
"POINT (7.135559777000026 51.245329745000049)",Unfall 130591 (2019) Kat:3, Licht: 2,130591,3,6,2,12,19,6,1,2,0,1,0,0,0,0
"POINT (7.073878796000031 51.232790522000073)",Unfall 130593 (2019) Kat:1, Licht: 1,130593,1,4,6,12,08,6,0,1,0,1,1,0,0,0
"POINT (7.216161676000070 51.300932260000081)",Unfall 130611 (2019) Kat:3, Licht: 0,130611,3,4,6,12,09,4,1,0,0,1,1,0,0,0
"POINT (7.129011701000025 51.205446392000056)",Unfall 130613 (2019) Kat:3, Licht: 0,130613,3,4,0,12,12,4,0,0,0,1,1,0,0,0
"POINT (7.147292800000059 51.261078089000080)",Unfall 130898 (2019) Kat:3, Licht: 0,130898,3,6,1,12,14,3,0,0,0,1,0,0,0,0
"POINT (7.140582470000027 51.211476160000075)",Unfall 130971 (2019) Kat:3, Licht: 2,130971,3,3,3,12,20,4,1,2,0,1,0,0,0,0
"POINT (7.158613253000056 51.277396390000035)",Unfall 131055 (2019) Kat:2, Licht: 2,131055,2,5,1,12,21,3,1,2,0,1,0,0,0,0
"POINT (7.229778389000046 51.258647408000058)",Unfall 131105 (2019) Kat:3, Licht: 0,131105,3,6,4,12,15,1,0,0,0,1,0,0,0,0
"POINT (7.148218736000047 51.267504006000081)",Unfall 131109 (2019) Kat:3, Licht: 2,131109,3,6,2,12,19,1,0,2,0,1,0,0,0,0
"POINT (7.206293984000070 51.272489766000035)",Unfall 131157 (2019) Kat:3, Licht: 2,131157,3,4,6,12,16,2,1,2,0,1,1,0,0,0
"POINT (7.194152350000024 51.256443846000082)",Unfall 131158 (2019) Kat:3, Licht: 0,131158,3,1,4,12,09,2,1,0,0,1,0,0,0,0
"POINT (7.104932151000071 51.206740227000068)",Unfall 131178 (2019) Kat:3, Licht: 0,131178,3,6,8,12,10,2,1,0,0,1,0,0,0,0
"POINT (7.144090854000069 51.264435132000074)",Unfall 232865 (2019) Kat:3, Licht: 2,232865,3,6,6,01,00,5,1,2,0,1,1,0,0,0
"POINT (7.258623110000031 51.278651474000071)",Unfall 233028 (2019) Kat:2, Licht: 2,233028,2,1,0,01,06,7,1,2,0,1,0,0,0,0
"POINT (7.153710155000056 51.259754082000029)",Unfall 233032 (2019) Kat:3, Licht: 2,233032,3,7,6,01,20,7,1,2,0,1,1,0,0,0
"POINT (7.229769486000066 51.275822788000028)",Unfall 233085 (2019) Kat:3, Licht: 2,233085,3,3,5,01,17,3,1,2,0,1,0,0,0,0
"POINT (7.145594749000054 51.254437099000029)",Unfall 233092 (2019) Kat:3, Licht: 2,233092,3,6,4,01,17,2,1,2,0,1,0,1,0,0
"POINT (7.130394359000036 51.205225904000031)",Unfall 233100 (2019) Kat:3, Licht: 0,233100,3,7,6,01,09,4,1,0,0,1,1,0,0,0
"POINT (7.264259457000037 51.282840263000026)",Unfall 233192 (2019) Kat:3, Licht: 2,233192,3,7,0,01,06,2,1,2,0,1,0,0,0,1
"POINT (7.160035885000070 51.275314708000053)",Unfall 233269 (2019) Kat:3, Licht: 2,233269,3,3,5,01,07,5,0,2,1,1,0,0,0,0
"POINT (7.215833536000048 51.277126981000038)",Unfall 233298 (2019) Kat:3, Licht: 1,233298,3,4,6,01,16,3,1,1,0,1,1,0,0,0
"POINT (7.140029649000041 51.213635943000043)",Unfall 233375 (2019) Kat:3, Licht: 2,233375,3,4,6,01,07,2,1,2,0,1,1,0,0,0
"POINT (7.088948620000053 51.235856624000064)",Unfall 233445 (2019) Kat:3, Licht: 2,233445,3,2,6,01,18,7,1,2,0,1,1,0,0,0
"POINT (7.128138125000021 51.245614544000034)",Unfall 233446 (2019) Kat:3, Licht: 2,233446,3,1,9,01,02,7,1,2,0,1,0,0,0,0
"POINT (7.218250959000045 51.293689511000082)",Unfall 233505 (2019) Kat:3, Licht: 0,233505,3,4,6,01,16,6,1,0,0,1,1,0,0,0
"POINT (7.081740604000061 51.236865411000053)",Unfall 233506 (2019) Kat:3, Licht: 0,233506,3,3,5,01,11,6,1,0,0,1,0,0,0,0
"POINT (7.284260699000072 51.242171713000062)",Unfall 233650 (2019) Kat:3, Licht: 0,233650,3,7,8,01,14,6,1,0,0,1,0,0,0,0
"POINT (7.137948479000045 51.250461405000067)",Unfall 233758 (2019) Kat:3, Licht: 2,233758,3,3,0,01,17,4,0,2,0,1,0,0,0,0
"POINT (7.071688379000023 51.231762537000066)",Unfall 233759 (2019) Kat:3, Licht: 0,233759,3,6,2,01,14,4,0,0,0,1,0,0,0,0
"POINT (7.137511504000031 51.250367604000076)",Unfall 233760 (2019) Kat:3, Licht: 1,233760,3,3,5,01,17,4,0,1,0,1,0,0,0,0
"POINT (7.231362941000043 51.286712092000073)",Unfall 233819 (2019) Kat:3, Licht: 0,233819,3,4,6,01,09,6,1,0,0,1,1,0,0,0
"POINT (7.195169294000039 51.237231207000036)",Unfall 233820 (2019) Kat:3, Licht: 1,233820,3,6,2,01,07,6,1,1,0,1,0,0,0,1
"POINT (7.104714610000031 51.253835490000029)",Unfall 233821 (2019) Kat:3, Licht: 2,233821,3,2,2,01,23,6,1,2,0,1,0,0,0,0
"POINT (7.141964712000060 51.258284602000060)",Unfall 233822 (2019) Kat:3, Licht: 0,233822,3,4,6,01,12,6,1,0,0,1,1,0,0,0
"POINT (7.173639378000075 51.284583191000081)",Unfall 233823 (2019) Kat:3, Licht: 0,233823,3,6,1,01,12,6,0,0,0,1,0,0,0,0
"POINT (7.096623167000075 51.236530803000051)",Unfall 233973 (2019) Kat:3, Licht: 0,233973,3,4,6,01,09,3,0,0,0,1,1,0,0,0
"POINT (7.214174713000034 51.282757332000074)",Unfall 234037 (2019) Kat:3, Licht: 1,234037,3,4,6,01,07,2,0,1,0,1,1,0,0,0
"POINT (7.143863047000025 51.261336163000067)",Unfall 234088 (2019) Kat:3, Licht: 0,234088,3,3,5,01,08,4,1,0,1,1,0,0,0,0
"POINT (7.126448536000055 51.251881345000072)",Unfall 234310 (2019) Kat:2, Licht: 0,234310,2,7,4,02,14,3,0,0,0,1,0,0,0,0
"POINT (7.148237294000069 51.258609865000039)",Unfall 234311 (2019) Kat:2, Licht: 0,234311,2,4,6,02,14,3,0,0,0,1,1,0,0,0
"POINT (7.185138212000027 51.275469730000054)",Unfall 234353 (2019) Kat:3, Licht: 0,234353,3,4,0,02,14,2,0,0,0,0,1,0,0,1
"POINT (7.103465026000038 51.254740234000053)",Unfall 234397 (2019) Kat:3, Licht: 0,234397,3,1,0,02,12,1,1,0,0,1,1,0,0,0
"POINT (7.215852344000041 51.286327058000040)",Unfall 234492 (2019) Kat:3, Licht: 2,234492,3,4,6,02,18,6,1,2,0,1,1,0,0,0
"POINT (7.195775235000042 51.268155923000052)",Unfall 234493 (2019) Kat:3, Licht: 0,234493,3,2,0,02,13,6,1,0,0,1,1,0,0,0
"POINT (7.143878575000031 51.265507276000051)",Unfall 234494 (2019) Kat:3, Licht: 0,234494,3,4,6,02,12,6,1,0,0,1,1,0,0,0
"POINT (7.115971634000061 51.259800053000049)",Unfall 234495 (2019) Kat:3, Licht: 0,234495,3,7,0,02,08,6,2,0,0,1,1,0,0,0
"POINT (7.147503529000062 51.231315975000030)",Unfall 234523 (2019) Kat:3, Licht: 0,234523,3,3,5,02,17,3,0,0,0,1,0,0,0,0
"POINT (7.153086078000058 51.261010059000057)",Unfall 234555 (2019) Kat:3, Licht: 2,234555,3,7,0,01,19,5,1,2,0,1,0,0,0,0
"POINT (7.078231103000064 51.231686379000053)",Unfall 234556 (2019) Kat:2, Licht: 2,234556,2,2,4,01,18,5,2,2,0,1,0,0,0,0
"POINT (7.133092045000069 51.266057278000062)",Unfall 234578 (2019) Kat:3, Licht: 0,234578,3,7,1,02,10,2,0,0,0,1,0,0,0,1
"POINT (7.086040919000027 51.234356150000053)",Unfall 234579 (2019) Kat:3, Licht: 2,234579,3,4,6,02,18,2,0,2,0,1,1,0,0,0
"POINT (7.152993298000069 51.211382646000061)",Unfall 234581 (2019) Kat:2, Licht: 0,234581,2,6,4,02,15,2,0,0,0,1,0,0,0,0
"POINT (7.248859539000023 51.311979754000049)",Unfall 234680 (2019) Kat:3, Licht: 2,234680,3,2,6,02,07,6,0,2,0,1,1,0,0,0
"POINT (7.130641827000034 51.266229309000039)",Unfall 234781 (2019) Kat:3, Licht: 2,234781,3,1,1,02,18,4,0,2,0,1,0,0,0,0
"POINT (7.214083706000054 51.269022929000073)",Unfall 234858 (2019) Kat:2, Licht: 2,234858,2,4,6,02,18,6,0,2,0,1,1,0,0,0
"POINT (7.145405678000032 51.254431709000073)",Unfall 234859 (2019) Kat:3, Licht: 2,234859,3,4,6,02,06,6,0,2,0,1,1,0,0,0
"POINT (7.133926212000063 51.205227357000069)",Unfall 234860 (2019) Kat:3, Licht: 0,234860,3,2,6,02,16,6,0,0,0,1,1,0,0,0
"POINT (7.196538781000072 51.268412592000061)",Unfall 234879 (2019) Kat:3, Licht: 0,234879,3,2,6,02,15,3,0,0,0,1,1,0,0,0
"POINT (7.233343243000036 51.268190280000056)",Unfall 234946 (2019) Kat:3, Licht: 2,234946,3,6,1,02,19,5,0,2,0,0,0,1,0,1
"POINT (7.245469572000047 51.312204971000028)",Unfall 234947 (2019) Kat:3, Licht: 0,234947,3,6,2,02,13,5,0,0,0,1,0,0,0,0
"POINT (7.088574376000054 51.235661456000059)",Unfall 234949 (2019) Kat:3, Licht: 0,234949,3,5,0,02,09,5,0,0,0,1,0,0,0,1
"POINT (7.175934200000029 51.260019089000082)",Unfall 235121 (2019) Kat:3, Licht: 2,235121,3,7,6,02,19,3,0,2,0,1,1,0,0,0
"POINT (7.257344235000062 51.283208994000063)",Unfall 235201 (2019) Kat:3, Licht: 2,235201,3,2,5,02,19,2,0,2,0,1,0,0,1,0
"POINT (7.224259767000035 51.270113266000067)",Unfall 235300 (2019) Kat:3, Licht: 0,235300,3,3,5,02,13,7,0,0,0,1,0,0,0,0
"POINT (7.213769622000029 51.274334875000079)",Unfall 235301 (2019) Kat:3, Licht: 0,235301,3,6,2,02,11,7,0,0,0,1,0,0,0,0
"POINT (7.163677886000073 51.255468326000027)",Unfall 235604 (2019) Kat:3, Licht: 0,235604,3,4,6,02,15,5,0,0,0,1,1,0,0,0
"POINT (7.078808990000027 51.238338338000062)",Unfall 235605 (2019) Kat:3, Licht: 0,235605,3,4,6,02,12,5,0,0,0,1,1,0,0,0
"POINT (7.229726823000021 51.275473151000028)",Unfall 235685 (2019) Kat:3, Licht: 0,235685,3,3,5,02,12,4,0,0,0,1,0,0,0,0
"POINT (7.110416711000028 51.258730565000064)",Unfall 235766 (2019) Kat:3, Licht: 2,235766,3,1,8,02,21,3,0,2,0,1,0,0,0,0
"POINT (7.224737002000040 51.277915716000052)",Unfall 235842 (2019) Kat:2, Licht: 0,235842,2,4,6,02,07,2,0,0,0,1,1,0,0,0
"POINT (7.104858908000040 51.245160410000040)",Unfall 235843 (2019) Kat:3, Licht: 0,235843,3,7,1,02,12,2,0,0,0,1,0,0,0,0
"POINT (7.207722718000071 51.277996747000032)",Unfall 235844 (2019) Kat:3, Licht: 0,235844,3,4,6,02,07,2,0,0,0,1,1,0,0,0
"POINT (7.208078308000040 51.270799240000031)",Unfall 235856 (2019) Kat:3, Licht: 0,235856,3,6,2,03,17,5,0,0,0,1,0,0,0,0
"POINT (7.139007175000074 51.254536732000076)",Unfall 235910 (2019) Kat:2, Licht: 2,235910,2,2,6,03,18,4,1,2,0,1,1,0,0,0
"POINT (7.146693819000063 51.263700358000051)",Unfall 235911 (2019) Kat:3, Licht: 1,235911,3,4,6,03,17,4,1,1,0,1,1,0,0,0
"POINT (7.144809163000048 51.260963343000071)",Unfall 235912 (2019) Kat:2, Licht: 0,235912,2,2,6,03,16,4,1,0,0,1,1,0,0,0
"POINT (7.123152701000038 51.188888538000072)",Unfall 235913 (2019) Kat:3, Licht: 0,235913,3,1,8,03,12,4,0,0,0,1,0,0,0,0
"POINT (7.146725634000063 51.268252575000076)",Unfall 235951 (2019) Kat:3, Licht: 0,235951,3,4,6,03,10,3,1,0,0,0,1,0,0,1
"POINT (7.223888908000049 51.272680784000045)",Unfall 236037 (2019) Kat:3, Licht: 2,236037,3,2,6,03,19,7,1,2,0,1,1,0,0,0
"POINT (7.211665651000033 51.282720144000052)",Unfall 236083 (2019) Kat:3, Licht: 2,236083,3,3,5,03,18,6,1,2,0,1,0,1,0,0
"POINT (7.088971709000020 51.235868665000055)",Unfall 236084 (2019) Kat:3, Licht: 1,236084,3,4,6,03,07,6,1,1,0,1,1,0,0,0
"POINT (7.205407174000072 51.273645486000078)",Unfall 236227 (2019) Kat:3, Licht: 0,236227,3,2,4,03,17,2,1,0,0,1,0,0,0,0
"POINT (7.139494215000070 51.261552771000026)",Unfall 236228 (2019) Kat:3, Licht: 0,236228,3,4,6,03,14,2,1,0,0,1,1,0,0,0
"POINT (7.160474479000072 51.275575999000068)",Unfall 236229 (2019) Kat:3, Licht: 0,236229,3,6,2,03,11,2,0,0,0,1,0,0,0,0
"POINT (7.155809290000036 51.254201055000067)",Unfall 236230 (2019) Kat:3, Licht: 0,236230,3,7,1,03,11,2,0,0,0,1,0,0,0,0
"POINT (7.131727468000065 51.257232579000060)",Unfall 236294 (2019) Kat:3, Licht: 0,236294,3,2,5,03,13,7,0,0,0,1,0,1,0,0
"POINT (7.061389895000048 51.224267468000050)",Unfall 236348 (2019) Kat:3, Licht: 0,236348,3,6,1,03,11,6,0,0,1,1,0,0,0,0
"POINT (7.186507930000062 51.270440056000041)",Unfall 236488 (2019) Kat:3, Licht: 2,236488,3,3,0,03,20,6,1,2,0,1,0,0,0,1
"POINT (7.206302090000065 51.287773086000072)",Unfall 236547 (2019) Kat:3, Licht: 0,236547,3,6,2,03,09,5,1,0,0,1,0,0,0,0
"POINT (7.179874771000073 51.268738799000062)",Unfall 236548 (2019) Kat:3, Licht: 0,236548,3,4,6,03,07,5,1,0,0,1,1,0,0,0
"POINT (7.253372898000066 51.282597206000048)",Unfall 236599 (2019) Kat:3, Licht: 1,236599,3,6,3,03,18,4,1,1,0,1,0,0,1,0
"POINT (7.210230532000026 51.271260588000075)",Unfall 236931 (2019) Kat:3, Licht: 2,236931,3,3,5,03,20,3,0,2,0,1,0,0,0,0
"POINT (7.245210867000026 51.287262844000054)",Unfall 236932 (2019) Kat:3, Licht: 0,236932,3,6,2,03,14,3,0,0,0,1,0,0,0,0
"POINT (7.143560215000036 51.229834017000030)",Unfall 236933 (2019) Kat:3, Licht: 0,236933,3,4,6,03,14,3,0,0,0,0,1,0,0,1
"POINT (7.146190960000070 51.257075613000040)",Unfall 237126 (2019) Kat:2, Licht: 0,237126,2,7,0,03,16,6,0,0,0,0,1,0,0,1
"POINT (7.099030076000076 51.253295290000040)",Unfall 237205 (2019) Kat:3, Licht: 0,237205,3,1,9,03,15,7,0,0,1,0,0,0,0,0
"POINT (7.131925098000068 51.205410512000071)",Unfall 237206 (2019) Kat:3, Licht: 0,237206,3,6,0,03,15,7,0,0,1,1,0,0,0,0
"POINT (7.204914317000032 51.228261745000054)",Unfall 237281 (2019) Kat:3, Licht: 0,237281,3,6,2,03,07,6,0,0,0,1,0,0,0,0
"POINT (7.154710285000022 51.270616333000078)",Unfall 237349 (2019) Kat:3, Licht: 0,237349,3,1,2,03,13,5,0,0,0,1,0,0,0,1
"POINT (7.141782116000059 51.256895722000081)",Unfall 237493 (2019) Kat:3, Licht: 1,237493,3,2,5,04,20,4,1,1,0,1,0,0,0,0
"POINT (7.154692809000039 51.258013440000070)",Unfall 237494 (2019) Kat:2, Licht: 0,237494,2,3,5,04,19,4,1,0,0,1,0,0,0,0
"POINT (7.149856395000029 51.243506039000067)",Unfall 237556 (2019) Kat:3, Licht: 0,237556,3,7,1,04,18,3,0,0,0,1,0,1,0,0
"POINT (7.222217510000064 51.272465449000038)",Unfall 237630 (2019) Kat:2, Licht: 0,237630,2,7,0,04,17,2,0,0,0,0,0,1,0,0
"POINT (7.182684423000069 51.279981267000039)",Unfall 237631 (2019) Kat:3, Licht: 0,237631,3,6,2,04,13,2,0,0,0,1,0,0,0,0
"POINT (7.097272272000055 51.238694935000069)",Unfall 237667 (2019) Kat:3, Licht: 0,237667,3,4,6,04,15,3,0,0,0,1,1,0,0,0
"POINT (7.121989266000071 51.247600124000030)",Unfall 237668 (2019) Kat:3, Licht: 0,237668,3,7,0,04,15,3,0,0,0,1,0,0,0,0
"POINT (7.141903251000031 51.255515363000029)",Unfall 237730 (2019) Kat:3, Licht: 0,237730,3,4,5,04,15,2,1,0,0,0,1,1,0,0
"POINT (7.211444047000043 51.274301577000074)",Unfall 237781 (2019) Kat:3, Licht: 2,237781,3,3,5,04,22,1,0,2,0,1,0,0,0,0
"POINT (7.129554166000048 51.244433550000053)",Unfall 237888 (2019) Kat:3, Licht: 0,237888,3,6,1,04,16,6,0,0,0,1,0,0,0,0
"POINT (7.129828071000077 51.206512642000064)",Unfall 237889 (2019) Kat:3, Licht: 0,237889,3,7,6,04,12,6,0,0,0,0,1,0,0,1
"POINT (7.144890784000040 51.259702464000043)",Unfall 238180 (2019) Kat:3, Licht: 0,238180,3,7,6,04,09,5,0,0,0,0,1,0,0,1
"POINT (7.206591941000056 51.281459184000028)",Unfall 238235 (2019) Kat:3, Licht: 0,238235,3,6,3,04,17,4,0,0,0,1,0,0,0,1
"POINT (7.088381956000035 51.246827210000049)",Unfall 238292 (2019) Kat:3, Licht: 0,238292,3,3,5,04,08,3,0,0,0,1,0,0,0,0
"POINT (7.205411550000065 51.273643865000054)",Unfall 238349 (2019) Kat:3, Licht: 0,238349,3,2,5,04,09,2,0,0,1,1,0,0,0,0
"POINT (7.192480314000022 51.276167755000074)",Unfall 238404 (2019) Kat:3, Licht: 0,238404,3,4,6,04,09,1,0,0,0,1,1,0,0,0
"POINT (7.209017141000061 51.271134266000047)",Unfall 238469 (2019) Kat:3, Licht: 0,238469,3,2,4,04,16,3,0,0,1,1,0,1,0,0
"POINT (7.237963517000026 51.281775627000059)",Unfall 238514 (2019) Kat:3, Licht: 0,238514,3,3,5,04,10,2,0,0,0,1,0,0,0,0
"POINT (7.152764291000040 51.239318588000060)",Unfall 238549 (2019) Kat:3, Licht: 0,238549,3,1,1,04,15,1,0,0,1,1,0,0,0,0
"POINT (7.062746580000066 51.224785127000075)",Unfall 238596 (2019) Kat:3, Licht: 0,238596,3,6,2,04,16,7,0,0,0,1,0,0,0,0
"POINT (7.106300678000025 51.257454230000064)",Unfall 238652 (2019) Kat:3, Licht: 0,238652,3,6,6,04,16,6,0,0,1,0,1,0,0,0
"POINT (7.262353758000074 51.285222946000033)",Unfall 238716 (2019) Kat:2, Licht: 0,238716,2,6,3,04,11,7,1,0,0,1,0,0,0,0
"POINT (7.070116232000032 51.240086013000052)",Unfall 238717 (2019) Kat:3, Licht: 2,238717,3,3,5,04,20,7,1,2,0,1,0,0,0,0
"POINT (7.151571413000056 51.257683183000040)",Unfall 238776 (2019) Kat:3, Licht: 0,238776,3,3,5,04,15,6,0,0,0,1,0,1,0,0
"POINT (7.123652322000055 51.273258895000026)",Unfall 238834 (2019) Kat:3, Licht: 1,238834,3,1,8,04,20,5,0,1,0,1,0,0,0,0
"POINT (7.140022457000043 51.248898733000033)",Unfall 238835 (2019) Kat:3, Licht: 0,238835,3,6,1,04,18,5,0,0,0,1,0,0,0,0
"POINT (7.141391575000057 51.255204948000028)",Unfall 238993 (2019) Kat:3, Licht: 0,238993,3,3,5,05,18,4,0,0,0,1,0,0,0,0
"POINT (7.152630705000036 51.209143302000030)",Unfall 239065 (2019) Kat:3, Licht: 0,239065,3,6,6,04,06,3,0,0,0,1,1,0,0,0
"POINT (7.053642342000046 51.222043188000043)",Unfall 239066 (2019) Kat:3, Licht: 0,239066,3,2,4,04,13,3,0,0,0,1,0,0,0,0
"POINT (7.194672169000057 51.271943006000072)",Unfall 239150 (2019) Kat:3, Licht: 0,239150,3,6,2,04,16,2,0,0,0,1,0,0,0,0
"POINT (7.190227180000022 51.267725484000039)",Unfall 239152 (2019) Kat:3, Licht: 0,239152,3,2,6,04,10,2,0,0,0,1,1,0,0,0
"POINT (7.219744378000030 51.266998089000026)",Unfall 239153 (2019) Kat:3, Licht: 0,239153,3,3,5,04,11,2,0,0,0,1,0,0,0,0
"POINT (7.168801512000073 51.255624831000034)",Unfall 239154 (2019) Kat:3, Licht: 0,239154,3,4,0,04,15,2,0,0,0,0,1,0,0,1
"POINT (7.041492290000065 51.229952713000046)",Unfall 239195 (2019) Kat:3, Licht: 2,239195,3,1,8,04,02,1,1,2,0,1,0,0,0,0
"POINT (7.174428207000062 51.258434183000077)",Unfall 239321 (2019) Kat:3, Licht: 1,239321,3,3,5,05,06,7,0,1,0,1,0,0,0,0
"POINT (7.166041329000052 51.294568263000031)",Unfall 239382 (2019) Kat:3, Licht: 0,239382,3,1,8,05,17,6,0,0,1,0,0,0,0,0
"POINT (7.203244260000076 51.275020970000071)",Unfall 239519 (2019) Kat:3, Licht: 0,239519,3,6,2,05,13,6,1,0,0,1,0,0,0,0
"POINT (7.192825564000032 51.266784316000042)",Unfall 239667 (2019) Kat:3, Licht: 0,239667,3,7,5,05,14,4,1,0,0,1,0,0,0,1
"POINT (7.096844794000049 51.253852405000032)",Unfall 239668 (2019) Kat:3, Licht: 0,239668,3,2,3,05,05,4,0,0,1,0,0,0,0,0
"POINT (7.186465193000061 51.270441415000050)",Unfall 239824 (2019) Kat:1, Licht: 0,239824,1,3,5,05,18,3,0,0,0,1,0,1,0,1
"POINT (7.167634284000030 51.255199164000032)",Unfall 239825 (2019) Kat:3, Licht: 0,239825,3,4,6,05,11,3,0,0,0,1,1,0,0,0
"POINT (7.210293478000040 51.268422117000057)",Unfall 239826 (2019) Kat:3, Licht: 0,239826,3,2,5,05,11,3,0,0,0,1,0,1,0,0
"POINT (7.218323715000054 51.278084844000034)",Unfall 239827 (2019) Kat:3, Licht: 0,239827,3,4,6,05,10,3,0,0,0,1,1,0,0,0
"POINT (7.178603723000038 51.276781974000073)",Unfall 239850 (2019) Kat:3, Licht: 0,239850,3,7,0,05,14,4,0,0,0,1,0,0,0,0
"POINT (7.177363978000074 51.261990853000043)",Unfall 239997 (2019) Kat:3, Licht: 2,239997,3,1,1,05,04,7,0,2,1,1,0,0,0,0
"POINT (7.183972584000060 51.262409615000081)",Unfall 240150 (2019) Kat:2, Licht: 0,240150,2,4,6,05,13,5,0,0,0,1,1,0,0,0
"POINT (7.217057279000073 51.281200669000043)",Unfall 240151 (2019) Kat:3, Licht: 0,240151,3,3,5,05,13,5,0,0,1,1,0,0,0,0
"POINT (7.163618525000061 51.258896409000045)",Unfall 240152 (2019) Kat:3, Licht: 0,240152,3,5,1,05,07,5,0,0,1,1,0,0,0,0
"POINT (7.138031300000023 51.258742856000026)",Unfall 240272 (2019) Kat:3, Licht: 0,240272,3,4,6,05,14,4,0,0,0,1,1,0,0,0
"POINT (7.248125346000052 51.276533236000034)",Unfall 240339 (2019) Kat:1, Licht: 0,240339,1,4,6,05,18,3,1,0,0,1,1,0,0,0
"POINT (7.191090913000039 51.242804786000079)",Unfall 240416 (2019) Kat:3, Licht: 2,240416,3,3,3,05,22,2,0,2,0,1,0,0,0,0
"POINT (7.238694438000039 51.267370701000061)",Unfall 240417 (2019) Kat:3, Licht: 0,240417,3,3,5,05,13,2,0,0,0,1,0,0,1,0
"POINT (7.191427126000065 51.274892458000068)",Unfall 240418 (2019) Kat:3, Licht: 0,240418,3,6,2,05,07,2,1,0,0,1,0,0,0,0
"POINT (7.138182553000036 51.247724362000042)",Unfall 240419 (2019) Kat:3, Licht: 0,240419,3,3,5,05,16,2,0,0,0,1,0,0,0,0
"POINT (7.147248128000058 51.265011440000080)",Unfall 240483 (2019) Kat:3, Licht: 0,240483,3,3,5,05,17,1,0,0,0,1,0,0,0,0
"POINT (7.208342265000056 51.281299254000032)",Unfall 240634 (2019) Kat:3, Licht: 0,240634,3,4,6,05,08,6,0,0,0,1,1,0,0,0
"POINT (7.063415175000046 51.230932867000035)",Unfall 240725 (2019) Kat:3, Licht: 0,240725,3,7,0,05,19,5,0,0,1,0,0,0,0,0
"POINT (7.152865161000023 51.266918504000046)",Unfall 240845 (2019) Kat:3, Licht: 2,240845,3,3,5,05,00,4,0,2,0,1,0,0,0,0
"POINT (7.150228136000067 51.258339081000031)",Unfall 240846 (2019) Kat:3, Licht: 0,240846,3,7,7,05,10,4,0,0,0,1,0,0,0,0
"POINT (7.189099225000064 51.247193449000065)",Unfall 240918 (2019) Kat:3, Licht: 0,240918,3,3,4,05,06,3,0,0,0,1,0,0,0,0
"POINT (7.129508273000056 51.243555575000073)",Unfall 240980 (2019) Kat:3, Licht: 0,240980,3,7,6,05,05,2,1,0,0,1,1,0,0,0
"POINT (7.221672810000030 51.272484694000070)",Unfall 241140 (2019) Kat:2, Licht: 0,241140,2,4,6,06,11,7,0,0,0,1,1,0,0,0
"POINT (7.227935238000043 51.270487575000061)",Unfall 241141 (2019) Kat:3, Licht: 0,241141,3,3,5,06,10,7,0,0,0,1,0,1,0,0
"POINT (7.200913743000058 51.273127213000066)",Unfall 241214 (2019) Kat:3, Licht: 0,241214,3,7,6,05,15,6,0,0,0,1,1,0,0,0
"POINT (7.147153913000068 51.226422750000040)",Unfall 241273 (2019) Kat:3, Licht: 0,241273,3,2,2,05,19,5,0,0,0,1,0,0,0,0
"POINT (7.222849198000063 51.276992323000059)",Unfall 241421 (2019) Kat:3, Licht: 0,241421,3,6,1,06,14,3,0,0,0,1,0,0,0,0
"POINT (7.166878400000030 51.239486375000070)",Unfall 241532 (2019) Kat:3, Licht: 0,241532,3,7,2,06,12,1,0,0,1,0,0,0,0,0
"POINT (7.202013704000024 51.273524496000050)",Unfall 241677 (2019) Kat:3, Licht: 0,241677,3,7,1,06,16,6,0,0,1,1,0,0,0,0
"POINT (7.236084108000057 51.290020732000073)",Unfall 241678 (2019) Kat:3, Licht: 0,241678,3,3,5,06,13,6,0,0,0,1,0,1,0,0
"POINT (7.084110885000030 51.234110998000062)",Unfall 241679 (2019) Kat:3, Licht: 0,241679,3,4,6,06,16,6,0,0,0,1,1,0,0,0
"POINT (7.189524689000052 51.227467354000055)",Unfall 241785 (2019) Kat:3, Licht: 0,241785,3,7,6,06,14,5,0,0,0,1,1,0,0,0
"POINT (7.229769486000066 51.275822788000028)",Unfall 241879 (2019) Kat:3, Licht: 0,241879,3,3,5,06,13,4,1,0,0,1,0,0,0,0
"POINT (7.150192039000046 51.257054580000045)",Unfall 241880 (2019) Kat:3, Licht: 0,241880,3,6,1,06,14,4,1,0,0,1,0,0,0,1
"POINT (7.146209105000025 51.255711288000043)",Unfall 241967 (2019) Kat:3, Licht: 0,241967,3,7,6,06,12,3,0,0,0,1,1,0,0,0
"POINT (7.180811946000063 51.263071138000043)",Unfall 242057 (2019) Kat:3, Licht: 0,242057,3,1,0,06,13,1,0,0,0,0,0,1,0,0
"POINT (7.186567697000044 51.276345106000065)",Unfall 242128 (2019) Kat:2, Licht: 2,242128,2,1,0,06,00,7,1,2,1,0,0,0,0,0
"POINT (7.128656391000050 51.251675863000060)",Unfall 242232 (2019) Kat:3, Licht: 0,242232,3,6,6,06,09,6,0,0,0,1,1,0,0,0
"POINT (7.147136852000074 51.226436143000058)",Unfall 242233 (2019) Kat:3, Licht: 0,242233,3,3,5,06,17,6,0,0,0,1,0,0,0,0
"POINT (7.189443176000054 51.270210714000029)",Unfall 242381 (2019) Kat:3, Licht: 0,242381,3,7,0,06,14,3,0,0,0,0,0,1,0,1
"POINT (7.131208767000032 51.196768285000076)",Unfall 242382 (2019) Kat:3, Licht: 0,242382,3,7,6,06,18,3,0,0,0,0,1,0,0,1
"POINT (7.167965849000041 51.293133637000039)",Unfall 242383 (2019) Kat:2, Licht: 0,242383,2,6,4,06,15,3,0,0,0,1,0,0,0,1
"POINT (7.178972191000071 51.264769025000078)",Unfall 242505 (2019) Kat:3, Licht: 0,242505,3,7,3,06,07,2,0,0,0,0,0,0,1,1
"POINT (7.198471952000034 51.272919104000039)",Unfall 242652 (2019) Kat:3, Licht: 0,242652,3,1,1,06,17,7,0,0,0,1,0,1,0,0
"POINT (7.129694248000021 51.259035607000044)",Unfall 242663 (2019) Kat:3, Licht: 0,242663,3,3,5,06,10,7,0,0,0,1,0,0,0,1
"POINT (7.189392646000044 51.264381735000029)",Unfall 242851 (2019) Kat:3, Licht: 0,242851,3,4,6,06,07,3,0,0,0,1,1,0,0,0
"POINT (7.154453195000031 51.209667403000026)",Unfall 243123 (2019) Kat:3, Licht: 0,243123,3,3,1,06,05,6,0,0,0,1,0,1,0,0
"POINT (7.159564080000052 51.265039243000047)",Unfall 243124 (2019) Kat:3, Licht: 0,243124,3,6,1,06,10,6,0,0,0,1,0,1,0,0
"POINT (7.191910004000022 51.263190311000074)",Unfall 243228 (2019) Kat:3, Licht: 0,243228,3,3,0,06,10,5,0,0,0,1,0,0,0,0
"POINT (7.219041717000039 51.274611043000050)",Unfall 243359 (2019) Kat:3, Licht: 0,243359,3,5,2,07,15,2,0,0,0,1,0,1,0,0
"POINT (7.219505416000061 51.278242691000059)",Unfall 243446 (2019) Kat:3, Licht: 0,243446,3,7,1,06,19,1,0,0,1,1,0,0,0,0
"POINT (7.243743056000028 51.277801394000051)",Unfall 243511 (2019) Kat:2, Licht: 0,243511,2,2,0,06,19,7,0,0,1,1,0,0,0,0
"POINT (7.240221045000055 51.295079584000064)",Unfall 243512 (2019) Kat:3, Licht: 0,243512,3,7,0,06,12,7,0,0,1,0,0,0,0,0
"POINT (7.178123772000049 51.261156634000031)",Unfall 243513 (2019) Kat:3, Licht: 0,243513,3,6,2,06,12,7,0,0,0,1,0,0,0,0
"POINT (7.158272945000022 51.274293526000065)",Unfall 243514 (2019) Kat:3, Licht: 0,243514,3,6,1,06,09,7,0,0,0,1,0,0,0,0
"POINT (7.223066569000025 51.275319768000031)",Unfall 243664 (2019) Kat:3, Licht: 0,243664,3,6,2,07,11,4,0,0,0,1,0,0,0,0
"POINT (7.124429420000070 51.250224171000070)",Unfall 243665 (2019) Kat:3, Licht: 0,243665,3,7,5,07,18,4,0,0,0,1,0,0,0,0
"POINT (7.136874476000060 51.249413828000058)",Unfall 243766 (2019) Kat:3, Licht: 0,243766,3,7,0,07,11,3,0,0,0,1,0,0,0,0
"POINT (7.199495804000037 51.226358737000055)",Unfall 243886 (2019) Kat:3, Licht: 0,243886,3,2,6,07,10,7,0,0,0,1,1,0,0,0
"POINT (7.140518715000042 51.256158904000074)",Unfall 243888 (2019) Kat:3, Licht: 2,243888,3,6,2,07,22,7,1,2,0,1,0,0,0,0
"POINT (7.076308557000061 51.230163223000034)",Unfall 243889 (2019) Kat:3, Licht: 0,243889,3,3,5,07,20,7,0,0,0,1,0,0,0,1
"POINT (7.075327446000074 51.233461301000034)",Unfall 243971 (2019) Kat:3, Licht: 0,243971,3,6,2,07,16,6,0,0,0,1,0,1,0,0
"POINT (7.204167056000074 51.268831412000054)",Unfall 244081 (2019) Kat:3, Licht: 0,244081,3,3,5,07,20,5,0,0,0,1,0,1,0,0
"POINT (7.150185226000076 51.226276515000052)",Unfall 244083 (2019) Kat:3, Licht: 0,244083,3,3,1,07,18,5,0,0,0,1,0,0,0,0
"POINT (7.130001831000072 51.193642502000046)",Unfall 244084 (2019) Kat:3, Licht: 0,244084,3,1,9,07,17,5,0,0,0,1,0,0,0,0
"POINT (7.149824869000042 51.270119667000074)",Unfall 244085 (2019) Kat:3, Licht: 0,244085,3,7,3,07,17,5,0,0,0,1,0,0,0,0
"POINT (7.187879355000064 51.230180150000081)",Unfall 244117 (2019) Kat:3, Licht: 0,244117,3,7,0,07,14,4,0,0,0,1,0,0,0,0
"POINT (7.180650376000074 51.259882990000051)",Unfall 244201 (2019) Kat:2, Licht: 0,244201,2,1,0,07,13,3,0,0,1,0,0,0,0,0
"POINT (7.211737987000049 51.282897338000055)",Unfall 244202 (2019) Kat:3, Licht: 0,244202,3,7,1,07,15,3,0,0,0,1,0,1,0,0
"POINT (7.096963075000076 51.238152589000038)",Unfall 244203 (2019) Kat:3, Licht: 0,244203,3,4,6,07,11,3,0,0,0,1,1,0,0,0
"POINT (7.151579156000025 51.257664466000051)",Unfall 244204 (2019) Kat:3, Licht: 0,244204,3,3,5,07,16,3,0,0,0,1,0,1,0,0
"POINT (7.203582272000062 51.274409864000063)",Unfall 244395 (2019) Kat:3, Licht: 0,244395,3,6,2,07,09,7,1,0,0,1,0,0,0,0
"POINT (7.211462635000032 51.280833754000071)",Unfall 244476 (2019) Kat:3, Licht: 0,244476,3,3,5,07,18,6,0,0,0,1,0,0,0,0
"POINT (7.097801321000077 51.237222680000059)",Unfall 244477 (2019) Kat:3, Licht: 0,244477,3,6,2,07,12,6,0,0,0,1,0,0,0,0
"POINT (7.224631946000045 51.283952306000060)",Unfall 244674 (2019) Kat:3, Licht: 0,244674,3,7,0,07,14,5,0,0,0,0,0,1,0,0
"POINT (7.075452669000072 51.230856205000066)",Unfall 244747 (2019) Kat:3, Licht: 2,244747,3,3,5,07,02,4,0,2,0,1,0,0,0,0
"POINT (7.219233562000056 51.280011368000032)",Unfall 244995 (2019) Kat:3, Licht: 0,244995,3,5,1,07,14,3,0,0,0,1,0,0,0,0
"POINT (7.130290041000023 51.270339932000070)",Unfall 245191 (2019) Kat:3, Licht: 0,245191,3,6,6,07,13,6,0,0,0,1,1,0,0,0
"POINT (7.070376331000034 51.232065274000036)",Unfall 245192 (2019) Kat:2, Licht: 1,245192,2,2,4,07,05,6,0,1,0,1,0,1,0,0
"POINT (7.238806502000045 51.295973417000027)",Unfall 245255 (2019) Kat:2, Licht: 0,245255,2,1,0,07,19,7,0,0,1,0,0,0,0,0
"POINT (7.260863400000062 51.284153809000031)",Unfall 245258 (2019) Kat:3, Licht: 0,245258,3,3,5,07,14,7,0,0,1,1,0,0,0,0
"POINT (7.200120370000036 51.270387327000037)",Unfall 245263 (2019) Kat:3, Licht: 0,245263,3,4,6,07,10,7,0,0,0,0,1,0,0,1
"POINT (7.181362237000030 51.286508966000042)",Unfall 245273 (2019) Kat:3, Licht: 0,245273,3,5,1,07,15,7,0,0,0,1,0,0,0,0
"POINT (7.257363081000051 51.282740799000067)",Unfall 245473 (2019) Kat:3, Licht: 0,245473,3,3,1,07,14,4,0,0,1,1,0,0,0,0
"POINT (7.076616763000061 51.261334044000080)",Unfall 245474 (2019) Kat:3, Licht: 0,245474,3,6,1,07,16,4,0,0,1,1,0,0,0,0
"POINT (7.161737272000039 51.280459943000039)",Unfall 245534 (2019) Kat:2, Licht: 0,245534,2,7,0,07,13,3,0,0,0,0,0,0,0,1
"POINT (7.199277128000063 51.270780020000075)",Unfall 245596 (2019) Kat:3, Licht: 0,245596,3,7,6,07,12,2,0,0,1,0,1,0,0,0
"POINT (7.201998377000052 51.227651481000066)",Unfall 245920 (2019) Kat:3, Licht: 0,245920,3,7,0,08,11,5,0,0,0,0,1,0,1,0
"POINT (7.215195992000076 51.283188241000062)",Unfall 246118 (2019) Kat:3, Licht: 0,246118,3,4,6,08,14,3,0,0,0,0,1,0,0,1
"POINT (7.219934179000063 51.286905910000030)",Unfall 246174 (2019) Kat:3, Licht: 0,246174,3,3,5,08,08,2,0,0,0,1,0,0,0,0
"POINT (7.171922487000074 51.260222206000037)",Unfall 246175 (2019) Kat:3, Licht: 0,246175,3,1,1,08,19,2,0,0,0,1,0,0,0,0
"POINT (7.169993335000072 51.262286970000048)",Unfall 246281 (2019) Kat:3, Licht: 0,246281,3,6,6,08,12,2,0,0,1,0,1,0,0,0
"POINT (7.209673731000066 51.269771190000029)",Unfall 246372 (2019) Kat:3, Licht: 0,246372,3,7,4,08,19,7,0,0,0,1,0,1,0,0
"POINT (7.137948479000045 51.250461405000067)",Unfall 246486 (2019) Kat:3, Licht: 0,246486,3,2,6,08,14,7,1,0,0,1,1,0,0,0
"POINT (7.181059152000046 51.283549882000045)",Unfall 246610 (2019) Kat:3, Licht: 0,246610,3,6,8,08,15,5,1,0,0,1,0,0,0,0
"POINT (7.222283351000044 51.271094835000042)",Unfall 246611 (2019) Kat:3, Licht: 0,246611,3,6,2,08,17,5,0,0,0,1,0,0,0,0
"POINT (7.130473973000051 51.204505501000028)",Unfall 246612 (2019) Kat:3, Licht: 0,246612,3,4,6,08,11,5,0,0,0,1,1,0,0,0
"POINT (7.149662105000061 51.249348162000047)",Unfall 246761 (2019) Kat:2, Licht: 0,246761,2,2,4,08,10,6,0,0,0,1,0,0,0,0
"POINT (7.217475387000036 51.267780597000069)",Unfall 246766 (2019) Kat:1, Licht: 0,246766,1,4,6,08,07,5,0,0,0,1,1,0,0,0
"POINT (7.179043223000065 51.273378854000043)",Unfall 246767 (2019) Kat:3, Licht: 2,246767,3,3,5,08,21,5,0,2,1,1,0,0,0,0
"POINT (7.203168356000049 51.294279335000056)",Unfall 246768 (2019) Kat:3, Licht: 0,246768,3,7,6,08,11,5,0,0,0,1,1,0,0,0
"POINT (7.086574041000063 51.246899006000035)",Unfall 246769 (2019) Kat:3, Licht: 0,246769,3,1,0,08,11,5,0,0,1,0,0,0,0,0
"POINT (7.081056610000076 51.241857620000076)",Unfall 246841 (2019) Kat:3, Licht: 0,246841,3,6,0,08,17,4,0,0,1,1,0,0,0,0
"POINT (7.224189249000062 51.277055771000050)",Unfall 246854 (2019) Kat:3, Licht: 2,246854,3,2,5,08,21,6,0,2,0,1,0,0,0,0
"POINT (7.141413966000073 51.249026605000040)",Unfall 246911 (2019) Kat:3, Licht: 0,246911,3,3,5,08,18,3,0,0,1,1,0,0,0,0
"POINT (7.203230861000066 51.280929399000058)",Unfall 247011 (2019) Kat:3, Licht: 0,247011,3,1,0,08,20,2,0,0,1,0,0,0,0,0
"POINT (7.136257568000076 51.265333426000041)",Unfall 247012 (2019) Kat:3, Licht: 0,247012,3,2,4,08,15,2,1,0,1,0,0,0,0,0
"POINT (7.202880311000058 51.275953519000041)",Unfall 247083 (2019) Kat:3, Licht: 2,247083,3,6,6,08,05,1,0,2,1,0,1,0,0,0
"POINT (7.206730245000074 51.272756556000047)",Unfall 247148 (2019) Kat:3, Licht: 0,247148,3,4,6,08,10,7,0,0,0,1,1,0,0,0
"POINT (7.201804107000044 51.281015083000057)",Unfall 247231 (2019) Kat:3, Licht: 0,247231,3,4,0,08,07,6,0,0,0,1,1,0,0,0
"POINT (7.061341903000027 51.224243272000081)",Unfall 247232 (2019) Kat:3, Licht: 0,247232,3,2,0,08,14,6,0,0,1,1,0,0,0,0
"POINT (7.172376005000047 51.262937941000075)",Unfall 247400 (2019) Kat:3, Licht: 2,247400,3,1,0,08,22,4,0,2,1,0,0,0,0,0
"POINT (7.214372636000064 51.285668130000033)",Unfall 247401 (2019) Kat:3, Licht: 0,247401,3,7,6,08,12,4,0,0,0,0,1,0,0,1
"POINT (7.217805073000022 51.276658813000040)",Unfall 247402 (2019) Kat:3, Licht: 0,247402,3,4,6,08,16,4,0,0,0,1,1,0,0,0
"POINT (7.244512502000021 51.283334465000053)",Unfall 247481 (2019) Kat:3, Licht: 0,247481,3,7,3,08,17,3,0,0,0,1,0,0,0,1
"POINT (7.197830225000075 51.266772515000071)",Unfall 247482 (2019) Kat:2, Licht: 0,247482,2,2,2,08,13,3,0,0,0,1,0,1,0,0
"POINT (7.192028786000037 51.274370939000050)",Unfall 247542 (2019) Kat:3, Licht: 0,247542,3,3,5,09,08,2,0,0,0,1,0,0,0,1
"POINT (7.183515948000036 51.278764150000029)",Unfall 247543 (2019) Kat:3, Licht: 0,247543,3,6,2,09,09,2,0,0,0,1,0,0,0,1
"POINT (7.179047012000069 51.260612546000061)",Unfall 247603 (2019) Kat:3, Licht: 0,247603,3,7,1,09,12,1,0,0,0,1,0,1,0,0
"POINT (7.237703109000051 51.278981303000080)",Unfall 247769 (2019) Kat:3, Licht: 0,247769,3,6,2,09,09,6,0,0,0,1,0,0,0,0
"POINT (7.146336516000076 51.225231716000053)",Unfall 247770 (2019) Kat:3, Licht: 0,247770,3,3,0,09,08,6,0,0,1,1,0,0,0,0
"POINT (7.218782367000074 51.278997820000029)",Unfall 247846 (2019) Kat:2, Licht: 0,247846,2,4,6,09,19,5,0,0,0,1,1,0,0,0
"POINT (7.217362221000030 51.272577848000026)",Unfall 247847 (2019) Kat:3, Licht: 0,247847,3,7,6,09,17,5,0,0,0,1,1,0,0,0
"POINT (7.141267732000074 51.251660230000027)",Unfall 247848 (2019) Kat:3, Licht: 0,247848,3,5,1,09,16,5,1,0,0,1,0,0,0,1
"POINT (7.199237974000027 51.267513398000062)",Unfall 247912 (2019) Kat:3, Licht: 0,247912,3,7,5,09,10,4,0,0,0,1,0,1,0,0
"POINT (7.215271116000054 51.268986691000066)",Unfall 247913 (2019) Kat:3, Licht: 0,247913,3,2,5,09,08,4,0,0,1,1,0,0,0,0
"POINT (7.133448896000061 51.269425028000057)",Unfall 247914 (2019) Kat:3, Licht: 0,247914,3,2,5,09,09,4,0,0,0,1,0,0,0,0
"POINT (7.150052018000054 51.281805295000026)",Unfall 247915 (2019) Kat:3, Licht: 0,247915,3,7,0,09,08,4,0,0,0,1,0,0,0,0
"POINT (7.173596347000057 51.284592268000040)",Unfall 248049 (2019) Kat:3, Licht: 0,248049,3,6,1,09,17,3,0,0,0,1,0,0,0,0
"POINT (7.189635346000046 51.267589174000079)",Unfall 248377 (2019) Kat:2, Licht: 0,248377,2,4,0,09,17,5,0,0,0,1,1,0,0,0
"POINT (7.096260031000043 51.233177757000078)",Unfall 248378 (2019) Kat:2, Licht: 0,248378,2,7,2,09,14,5,0,0,0,1,0,1,0,0
"POINT (7.150769619000073 51.256134079000049)",Unfall 248415 (2019) Kat:3, Licht: 0,248415,3,6,2,09,08,5,1,0,0,1,0,0,0,0
"POINT (7.224091898000040 51.276899368000045)",Unfall 248464 (2019) Kat:2, Licht: 2,248464,2,7,5,09,20,4,1,2,0,1,0,0,0,0
"POINT (7.195330963000060 51.265328430000068)",Unfall 248565 (2019) Kat:3, Licht: 0,248565,3,2,2,09,07,3,0,0,0,1,0,0,0,1
"POINT (7.232168235000074 51.269599639000035)",Unfall 248617 (2019) Kat:2, Licht: 0,248617,2,3,5,09,15,2,1,0,1,1,0,0,0,0
"POINT (7.193107901000076 51.263665505000063)",Unfall 248686 (2019) Kat:3, Licht: 0,248686,3,2,5,09,13,1,0,0,0,1,0,0,0,0
"POINT (7.214070981000020 51.266624025000056)",Unfall 248687 (2019) Kat:3, Licht: 0,248687,3,6,4,09,15,1,0,0,0,1,0,1,0,0
"POINT (7.243943348000073 51.276091829000052)",Unfall 248825 (2019) Kat:3, Licht: 0,248825,3,3,5,09,17,6,0,0,0,1,0,1,0,0
"POINT (7.244512502000021 51.283334465000053)",Unfall 248826 (2019) Kat:3, Licht: 0,248826,3,6,1,09,15,6,0,0,0,1,0,0,0,0
"POINT (7.215187050000054 51.283087233000060)",Unfall 248827 (2019) Kat:2, Licht: 0,248827,2,6,0,09,12,6,0,0,0,0,0,0,0,1
"POINT (7.141877796000074 51.229369163000058)",Unfall 248828 (2019) Kat:3, Licht: 0,248828,3,2,5,09,08,6,0,0,1,1,0,0,0,0
"POINT (7.195499389000077 51.268472125000073)",Unfall 249277 (2019) Kat:3, Licht: 0,249277,3,7,0,09,15,7,0,0,0,1,1,0,0,0
"POINT (7.097980079000024 51.237669632000063)",Unfall 249324 (2019) Kat:3, Licht: 0,249324,3,2,5,09,12,7,1,0,1,1,0,0,0,0
"POINT (7.113025396000069 51.245751256000062)",Unfall 249338 (2019) Kat:3, Licht: 0,249338,3,2,4,09,17,6,0,0,0,1,0,1,0,0
"POINT (7.209024191000026 51.271122878000028)",Unfall 249569 (2019) Kat:3, Licht: 0,249569,3,6,3,10,16,4,1,0,0,1,0,0,0,0
"POINT (7.161932606000050 51.258016038000051)",Unfall 249570 (2019) Kat:3, Licht: 1,249570,3,2,6,10,07,4,1,1,0,1,1,0,0,0
"POINT (7.217806197000073 51.275873605000072)",Unfall 249841 (2019) Kat:3, Licht: 2,249841,3,7,0,10,23,2,0,2,1,0,0,0,0,0
"POINT (7.166613634000044 51.257491451000078)",Unfall 249937 (2019) Kat:3, Licht: 0,249937,3,7,0,10,17,7,0,0,0,1,1,0,0,0
"POINT (7.152597918000026 51.241363234000062)",Unfall 250192 (2019) Kat:3, Licht: 2,250192,3,1,1,10,22,5,0,2,0,1,0,0,0,0
"POINT (7.171717279000063 51.281669931000067)",Unfall 250193 (2019) Kat:2, Licht: 0,250193,2,4,6,10,09,5,0,0,0,1,1,0,0,0
"POINT (7.180746391000071 51.263049788000046)",Unfall 250253 (2019) Kat:3, Licht: 0,250253,3,4,6,10,13,4,0,0,0,1,1,0,0,0
"POINT (7.231513755000037 51.286648861000060)",Unfall 250403 (2019) Kat:3, Licht: 0,250403,3,5,1,10,16,3,0,0,0,1,0,0,0,1
"POINT (7.065899698000067 51.226002375000064)",Unfall 250404 (2019) Kat:3, Licht: 1,250404,3,5,1,10,06,3,0,1,0,1,0,0,0,0
"POINT (7.131424314000071 51.202108525000028)",Unfall 250525 (2019) Kat:3, Licht: 0,250525,3,3,5,10,14,1,0,0,0,1,0,0,0,0
"POINT (7.169187847000046 51.290998565000052)",Unfall 250643 (2019) Kat:3, Licht: 0,250643,3,3,5,10,13,7,1,0,0,1,0,0,0,0
"POINT (7.264543740000022 51.282578773000068)",Unfall 250702 (2019) Kat:3, Licht: 0,250702,3,7,0,10,15,6,1,0,0,0,0,1,0,1
"POINT (7.207098161000033 51.220831463000081)",Unfall 250703 (2019) Kat:2, Licht: 0,250703,2,7,6,10,09,6,1,0,0,1,1,0,0,0
"POINT (7.255402446000062 51.280410653000047)",Unfall 250704 (2019) Kat:3, Licht: 2,250704,3,2,6,10,05,6,1,2,0,1,1,0,0,0
"POINT (7.109306439000022 51.258061228000031)",Unfall 250705 (2019) Kat:3, Licht: 0,250705,3,3,5,10,17,6,0,0,0,1,0,0,0,0
"POINT (7.191783894000025 51.245524041000067)",Unfall 250861 (2019) Kat:3, Licht: 2,250861,3,3,0,10,05,6,1,2,0,1,0,1,0,0
"POINT (7.150528398000063 51.251331927000081)",Unfall 251037 (2019) Kat:2, Licht: 0,251037,2,4,6,10,14,3,0,0,0,1,1,0,0,0
"POINT (7.084773937000023 51.233707357000071)",Unfall 251085 (2019) Kat:3, Licht: 0,251085,3,6,2,10,15,2,0,0,0,1,0,1,0,0
"POINT (7.130530705000069 51.253513631000033)",Unfall 251086 (2019) Kat:3, Licht: 0,251086,3,2,1,10,11,2,1,0,0,1,0,1,0,0
"POINT (7.195421383000053 51.271361952000063)",Unfall 251158 (2019) Kat:3, Licht: 0,251158,3,6,2,10,16,3,0,0,0,1,0,0,0,0
"POINT (7.131460478000065 51.253955718000043)",Unfall 251159 (2019) Kat:2, Licht: 2,251159,2,4,6,10,18,3,0,2,0,1,1,0,0,0
"POINT (7.159092873000077 51.265857397000048)",Unfall 251239 (2019) Kat:3, Licht: 0,251239,3,7,6,10,08,2,0,0,0,1,1,0,0,0
"POINT (7.153610891000028 51.240564653000035)",Unfall 251241 (2019) Kat:3, Licht: 0,251241,3,5,3,10,10,2,0,0,0,1,0,0,0,1
"POINT (7.149746028000038 51.245577458000071)",Unfall 251326 (2019) Kat:3, Licht: 0,251326,3,7,5,10,11,7,0,0,0,1,0,1,0,0
"POINT (7.195162060000030 51.243420703000027)",Unfall 251540 (2019) Kat:3, Licht: 2,251540,3,4,0,10,20,5,0,2,0,1,1,0,0,0
"POINT (7.182402043000025 51.262174167000069)",Unfall 251541 (2019) Kat:2, Licht: 0,251541,2,4,6,10,14,5,0,0,0,1,1,0,0,0
"POINT (7.222660715000075 51.276503941000044)",Unfall 251543 (2019) Kat:3, Licht: 2,251543,3,7,0,10,19,5,0,2,0,1,1,0,0,0
"POINT (7.137657123000054 51.252354813000068)",Unfall 251544 (2019) Kat:3, Licht: 2,251544,3,7,5,10,17,5,0,2,0,1,0,0,0,1
"POINT (7.202695432000041 51.215311543000041)",Unfall 251545 (2019) Kat:3, Licht: 0,251545,3,3,5,10,07,5,2,0,0,1,0,0,0,0
"POINT (7.198641777000034 51.269594470000072)",Unfall 251625 (2019) Kat:3, Licht: 0,251625,3,4,0,10,14,4,0,0,0,1,1,0,0,0
"POINT (7.099680758000034 51.245930562000069)",Unfall 251626 (2019) Kat:3, Licht: 2,251626,3,3,5,10,20,4,0,2,0,1,0,1,0,0
"POINT (7.136284771000021 51.253744516000040)",Unfall 251627 (2019) Kat:3, Licht: 2,251627,3,1,0,10,00,4,0,2,0,0,0,1,0,0
"POINT (7.120980321000047 51.248842541000045)",Unfall 251694 (2019) Kat:3, Licht: 0,251694,3,1,8,11,12,4,0,0,0,1,0,0,0,0
"POINT (7.132501546000071 51.262223594000034)",Unfall 251795 (2019) Kat:3, Licht: 1,251795,3,3,5,11,07,3,1,1,0,1,0,0,0,1
"POINT (7.182947986000045 51.277382028000034)",Unfall 251890 (2019) Kat:3, Licht: 2,251890,3,4,6,11,17,2,0,2,0,0,1,0,0,1
"POINT (7.208981679000033 51.284121347000053)",Unfall 251891 (2019) Kat:3, Licht: 0,251891,3,4,6,11,13,2,1,0,0,1,1,0,0,0
"POINT (7.224036583000043 51.267073202000063)",Unfall 251960 (2019) Kat:2, Licht: 2,251960,2,2,5,11,18,1,0,2,0,0,0,1,0,1
"POINT (7.251938144000064 51.277342989000033)",Unfall 252002 (2019) Kat:3, Licht: 0,252002,3,7,5,11,11,7,1,0,1,1,0,0,0,0
"POINT (7.149924292000037 51.258218872000043)",Unfall 252082 (2019) Kat:3, Licht: 2,252082,3,7,6,11,20,6,0,2,0,1,1,0,0,0
"POINT (7.192662042000052 51.277691601000072)",Unfall 252118 (2019) Kat:3, Licht: 0,252118,3,3,5,11,13,2,0,0,0,1,0,0,0,0
"POINT (7.195435878000069 51.235035411000069)",Unfall 252129 (2019) Kat:3, Licht: 2,252129,3,3,5,11,18,2,1,2,0,1,0,0,0,0
"POINT (7.194099679000033 51.245340287000033)",Unfall 252206 (2019) Kat:3, Licht: 2,252206,3,2,6,11,06,5,0,2,0,1,1,0,0,0
"POINT (7.161446607000073 51.267158106000068)",Unfall 252543 (2019) Kat:2, Licht: 2,252543,2,2,6,11,07,2,1,2,0,1,1,0,0,0
"POINT (7.173942907000026 51.286827034000055)",Unfall 252544 (2019) Kat:3, Licht: 1,252544,3,6,2,11,06,2,1,1,0,1,0,0,0,0
"POINT (7.182523300000071 51.281697436000059)",Unfall 252545 (2019) Kat:3, Licht: 1,252545,3,7,0,11,07,2,1,1,0,1,0,0,0,1
"POINT (7.208603212000071 51.279752385000052)",Unfall 252691 (2019) Kat:3, Licht: 0,252691,3,7,0,11,08,7,0,0,1,1,0,0,0,1
"POINT (7.097504831000038 51.238876977000075)",Unfall 252692 (2019) Kat:3, Licht: 0,252692,3,6,8,11,12,7,0,0,0,1,1,0,0,0
"POINT (7.215969326000050 51.275587699000027)",Unfall 252748 (2019) Kat:3, Licht: 0,252748,3,2,6,11,11,6,0,0,0,0,1,0,0,1
"POINT (7.148271011000077 51.260475136000082)",Unfall 252749 (2019) Kat:2, Licht: 2,252749,2,1,9,11,19,6,0,2,0,1,0,0,0,0
"POINT (7.192927443000031 51.278538425000079)",Unfall 252903 (2019) Kat:3, Licht: 0,252903,3,7,6,11,15,4,0,0,0,1,1,0,0,0
"POINT (7.225509046000070 51.268619677000061)",Unfall 253068 (2019) Kat:3, Licht: 2,253068,3,2,4,11,07,3,1,2,0,1,0,0,0,1
"POINT (7.210370732000058 51.270863438000049)",Unfall 253122 (2019) Kat:3, Licht: 0,253122,3,3,0,11,09,1,0,0,0,1,0,1,0,0
"POINT (7.192804549000073 51.272148166000079)",Unfall 253136 (2019) Kat:2, Licht: 0,253136,2,4,6,11,12,2,0,0,0,1,1,0,0,0
"POINT (7.216161778000071 51.294369024000048)",Unfall 253137 (2019) Kat:3, Licht: 0,253137,3,5,1,11,13,2,0,0,0,1,0,0,0,0
"POINT (7.135076928000046 51.206683563000070)",Unfall 253138 (2019) Kat:3, Licht: 1,253138,3,7,6,11,06,2,0,1,0,1,1,0,0,0
"POINT (7.197159087000046 51.244099332000076)",Unfall 253212 (2019) Kat:3, Licht: 0,253212,3,7,7,12,14,1,0,0,1,0,0,0,0,1
"POINT (7.177765355000076 51.263323083000046)",Unfall 253213 (2019) Kat:2, Licht: 2,253213,2,7,0,12,02,1,1,2,0,1,0,0,0,0
"POINT (7.068523526000035 51.235130878000064)",Unfall 253345 (2019) Kat:3, Licht: 2,253345,3,3,5,11,21,6,0,2,0,1,0,0,0,0
"POINT (7.201924845000065 51.293901603000052)",Unfall 253409 (2019) Kat:3, Licht: 1,253409,3,4,6,12,07,2,0,1,0,1,1,0,0,0
"POINT (7.222989463000033 51.275272797000071)",Unfall 253435 (2019) Kat:3, Licht: 2,253435,3,2,6,11,17,5,1,2,0,1,1,0,0,0
"POINT (7.203580358000068 51.274411324000027)",Unfall 253436 (2019) Kat:3, Licht: 2,253436,3,2,6,11,17,5,1,2,0,1,1,0,0,0
"POINT (7.075464441000065 51.230864043000054)",Unfall 253437 (2019) Kat:3, Licht: 2,253437,3,2,6,11,17,5,1,2,0,1,1,0,0,0
"POINT (7.194948368000041 51.273904558000027)",Unfall 253454 (2019) Kat:2, Licht: 0,253454,2,3,5,12,12,5,0,0,0,1,0,1,0,0
"POINT (7.152610066000023 51.211875578000047)",Unfall 253529 (2019) Kat:3, Licht: 0,253529,3,3,5,12,08,4,1,0,0,1,1,1,0,0
"POINT (7.146467402000042 51.260040855000057)",Unfall 253531 (2019) Kat:3, Licht: 0,253531,3,7,1,12,12,4,0,0,0,1,0,0,0,0
"POINT (7.086078404000034 51.237281152000037)",Unfall 253532 (2019) Kat:3, Licht: 0,253532,3,7,6,12,15,4,0,0,0,1,1,0,0,0
"POINT (7.130817247000039 51.251830453000082)",Unfall 253630 (2019) Kat:3, Licht: 1,253630,3,7,6,12,17,3,1,1,0,1,1,0,0,0
"POINT (7.259381478000023 51.278831529000058)",Unfall 253631 (2019) Kat:3, Licht: 0,253631,3,5,1,12,09,3,1,0,0,1,0,0,0,0
"POINT (7.107528417000026 51.241019146000042)",Unfall 253632 (2019) Kat:3, Licht: 0,253632,3,3,5,12,15,3,1,0,0,1,0,0,0,0
"POINT (7.148360321000041 51.250918355000067)",Unfall 253633 (2019) Kat:3, Licht: 0,253633,3,2,5,12,08,3,1,0,0,1,0,1,0,0
"POINT (7.196402356000021 51.229040072000032)",Unfall 253782 (2019) Kat:3, Licht: 2,253782,3,2,6,12,16,7,0,2,0,1,1,0,0,0
"POINT (7.087031809000052 51.234863982000036)",Unfall 253872 (2019) Kat:3, Licht: 1,253872,3,6,2,12,15,6,1,1,0,1,0,0,0,0
"POINT (7.131466239000076 51.200382201000082)",Unfall 253942 (2019) Kat:3, Licht: 0,253942,3,1,8,12,09,2,1,0,0,1,0,0,0,0
"POINT (7.122809166000025 51.273942577000071)",Unfall 253964 (2019) Kat:3, Licht: 0,253964,3,3,5,12,13,5,0,0,0,1,0,0,0,0
"POINT (7.209663216000024 51.269937757000037)",Unfall 254012 (2019) Kat:2, Licht: 0,254012,2,2,6,12,15,4,1,0,0,1,1,0,0,0
"POINT (7.138930751000032 51.254611981000039)",Unfall 254013 (2019) Kat:3, Licht: 2,254013,3,4,6,12,18,4,1,2,0,1,1,0,0,0
"POINT (7.225493113000027 51.283651733000056)",Unfall 254137 (2019) Kat:2, Licht: 2,254137,2,2,6,12,07,3,2,2,0,1,1,0,0,0
"POINT (7.144878155000072 51.280889161000061)",Unfall 254138 (2019) Kat:3, Licht: 0,254138,3,4,6,12,08,3,1,0,0,1,1,0,0,0
"POINT (7.061372343000073 51.224258619000068)",Unfall 254139 (2019) Kat:3, Licht: 2,254139,3,2,6,12,07,3,0,2,0,1,1,0,0,0
"POINT (7.183273558000053 51.263220650000051)",Unfall 254248 (2019) Kat:3, Licht: 1,254248,3,2,0,12,07,2,0,1,0,1,1,0,0,0
"POINT (7.144423959000051 51.255923409000047)",Unfall 254249 (2019) Kat:3, Licht: 0,254249,3,4,7,12,10,2,0,0,0,1,1,0,0,0
"POINT (7.106029387000035 51.242304422000075)",Unfall 254250 (2019) Kat:3, Licht: 0,254250,3,7,6,12,08,2,1,0,0,1,1,0,0,0
"POINT (7.097276921000059 51.238695965000034)",Unfall 254251 (2019) Kat:3, Licht: 0,254251,3,7,6,12,10,2,0,0,0,1,1,0,0,0
"POINT (7.208410696000044 51.269751330000076)",Unfall 254338 (2019) Kat:3, Licht: 0,254338,3,3,5,12,10,7,1,0,0,1,0,1,0,0
"POINT (7.173107417000040 51.273504937000041)",Unfall 254340 (2019) Kat:2, Licht: 1,254340,2,4,6,12,16,7,1,1,0,1,1,0,0,0
"POINT (7.224239825000041 51.275737409000044)",Unfall 254567 (2019) Kat:2, Licht: 0,254567,2,2,6,12,12,5,0,0,0,0,1,0,1,0
"POINT (7.199720934000027 51.256445006000035)",Unfall 254568 (2019) Kat:2, Licht: 0,254568,2,3,5,12,14,5,0,0,0,1,0,0,0,1
"POINT (7.181070955000052 51.285183135000068)",Unfall 254570 (2019) Kat:3, Licht: 2,254570,3,3,5,12,06,5,1,2,1,1,0,0,0,0
"POINT (7.127946076000058 51.279164799000057)",Unfall 254571 (2019) Kat:3, Licht: 0,254571,3,6,4,12,14,5,0,0,0,1,0,0,0,0
"POINT (7.150769619000073 51.256134079000049)",Unfall 254681 (2019) Kat:2, Licht: 2,254681,2,7,9,12,17,4,0,2,0,0,0,1,0,0
"POINT (7.217072161000033 51.281245178000063)",Unfall 254687 (2019) Kat:3, Licht: 2,254687,3,4,6,12,07,6,0,2,0,1,1,0,0,0
"POINT (7.054014154000072 51.210807653000074)",Unfall 254690 (2019) Kat:3, Licht: 1,254690,3,6,2,12,08,6,1,1,0,1,0,0,0,0
"POINT (7.219931349000035 51.281532604000063)",Unfall 254738 (2019) Kat:2, Licht: 2,254738,2,2,5,12,17,3,0,2,0,1,0,1,0,0
"POINT (7.208984681000061 51.283297110000035)",Unfall 254907 (2019) Kat:3, Licht: 0,254907,3,6,2,12,11,2,1,0,0,1,0,0,0,0
"POINT (7.212007035000056 51.270341673000075)",Unfall 254955 (2019) Kat:3, Licht: 0,254955,3,3,5,12,10,1,1,0,0,1,0,0,0,0
"POINT (7.192453013000034 51.268938059000050)",Unfall 254986 (2019) Kat:3, Licht: 0,254986,3,4,6,12,12,7,0,0,0,1,1,0,0,0
"POINT (7.181930163000061 51.261345497000036)",Unfall 254987 (2019) Kat:3, Licht: 2,254987,3,7,6,12,21,7,0,2,1,0,1,0,0,0
"POINT (7.174370843000077 51.262071024000079)",Unfall 73560 (2020) Kat:3, Licht: 2,73560,3,6,2,01,21,5,1,2,0,1,0,0,0,0
"POINT (7.150209938000046 51.256817816000080)",Unfall 73561 (2020) Kat:3, Licht: 0,73561,3,6,3,01,12,5,0,0,0,1,0,0,0,1
"POINT (7.256963533000032 51.273872588000074)",Unfall 73584 (2020) Kat:3, Licht: 0,73584,3,1,1,01,13,5,1,0,0,1,0,0,1,0
"POINT (7.190997616000061 51.275351461000071)",Unfall 73847 (2020) Kat:3, Licht: 0,73847,3,6,2,01,13,3,1,0,0,1,0,0,0,1
"POINT (7.164454696000064 51.272480344000030)",Unfall 73935 (2020) Kat:3, Licht: 2,73935,3,6,3,01,22,4,1,2,0,1,0,0,1,0
"POINT (7.197887157000025 51.269815225000059)",Unfall 73963 (2020) Kat:3, Licht: 0,73963,3,6,1,01,13,3,0,0,0,1,0,0,0,1
"POINT (7.217847972000072 51.275201406000065)",Unfall 74006 (2020) Kat:3, Licht: 0,74006,3,3,5,01,16,6,1,0,0,1,0,0,0,0
"POINT (7.166341585000055 51.258388950000040)",Unfall 74007 (2020) Kat:3, Licht: 0,74007,3,6,2,01,11,6,1,0,0,1,0,0,0,0
"POINT (7.186404178000032 51.265795826000044)",Unfall 74142 (2020) Kat:3, Licht: 1,74142,3,5,0,01,17,4,1,1,0,1,0,1,0,0
"POINT (7.128423831000021 51.267952265000076)",Unfall 74153 (2020) Kat:3, Licht: 0,74153,3,7,2,01,16,4,1,0,0,1,0,0,0,0
"POINT (7.081305076000035 51.234712089000027)",Unfall 74165 (2020) Kat:3, Licht: 0,74165,3,3,5,01,14,5,1,0,0,1,0,0,0,0
"POINT (7.101444469000057 51.254459453000038)",Unfall 74344 (2020) Kat:3, Licht: 0,74344,3,5,1,01,16,6,1,0,0,1,0,0,0,0
"POINT (7.103854499000022 51.251662698000075)",Unfall 74429 (2020) Kat:3, Licht: 2,74429,3,5,1,01,22,3,0,2,0,1,0,0,0,0
"POINT (7.165676388000065 51.272772789000044)",Unfall 74607 (2020) Kat:3, Licht: 2,74607,3,1,8,01,23,4,1,2,0,1,0,0,0,0
"POINT (7.222966617000054 51.271169553000050)",Unfall 74852 (2020) Kat:3, Licht: 0,74852,3,5,3,01,10,7,1,0,0,1,0,0,0,0
"POINT (7.197699381000064 51.270013864000077)",Unfall 74996 (2020) Kat:3, Licht: 2,74996,3,5,1,01,05,5,1,2,0,1,0,0,0,0
"POINT (7.207327587000066 51.282043360000046)",Unfall 75000 (2020) Kat:3, Licht: 0,75000,3,7,6,01,12,7,1,0,0,1,1,0,0,0
"POINT (7.246634882000024 51.310010449000060)",Unfall 75107 (2020) Kat:3, Licht: 0,75107,3,6,2,01,14,3,0,0,0,1,0,0,1,0
"POINT (7.182717063000041 51.264690696000059)",Unfall 75116 (2020) Kat:3, Licht: 0,75116,3,6,3,01,14,3,0,0,0,1,0,0,0,1
"POINT (7.137861554000040 51.250524862000077)",Unfall 75119 (2020) Kat:3, Licht: 2,75119,3,7,6,01,18,3,0,2,0,1,1,0,0,0
"POINT (7.139510039000072 51.210456781000062)",Unfall 75124 (2020) Kat:3, Licht: 0,75124,3,3,5,01,09,3,0,0,1,1,0,0,0,0
"POINT (7.234884831000045 51.277000650000048)",Unfall 75199 (2020) Kat:2, Licht: 1,75199,2,6,2,01,16,5,0,1,0,1,0,0,0,1
"POINT (7.262876111000026 51.255382986000029)",Unfall 75363 (2020) Kat:2, Licht: 2,75363,2,1,4,01,17,5,1,2,0,1,0,0,0,0
"POINT (7.150837490000072 51.256075142000043)",Unfall 75440 (2020) Kat:3, Licht: 0,75440,3,6,3,01,16,5,0,0,0,1,0,0,0,1
"POINT (7.130549321000046 51.265349850000064)",Unfall 75452 (2020) Kat:3, Licht: 0,75452,3,6,2,01,12,4,1,0,0,1,0,0,0,0
"POINT (7.225974568000027 51.252526051000075)",Unfall 75472 (2020) Kat:3, Licht: 0,75472,3,6,3,01,13,3,1,0,0,1,0,0,1,0
"POINT (7.189114553000024 51.243312719000073)",Unfall 75490 (2020) Kat:2, Licht: 0,75490,2,1,9,01,12,1,1,0,0,1,0,0,0,0
"POINT (7.248856567000075 51.312571654000067)",Unfall 75502 (2020) Kat:3, Licht: 0,75502,3,3,5,01,12,4,1,0,0,1,0,0,0,0
"POINT (7.129900330000055 51.265183088000072)",Unfall 75596 (2020) Kat:3, Licht: 0,75596,3,6,2,01,14,3,1,0,0,1,0,0,0,0
"POINT (7.148491934000049 51.257920370000079)",Unfall 75644 (2020) Kat:3, Licht: 0,75644,3,6,2,01,15,2,1,0,0,1,0,0,1,0
"POINT (7.096150712000053 51.245958744000063)",Unfall 75652 (2020) Kat:2, Licht: 1,75652,2,1,8,01,07,7,0,1,0,1,0,0,0,0
"POINT (7.222148479000055 51.271246023000060)",Unfall 75669 (2020) Kat:3, Licht: 0,75669,3,4,6,01,14,4,1,0,0,1,1,0,0,0
"POINT (7.235707913000056 51.277198920000046)",Unfall 75810 (2020) Kat:3, Licht: 1,75810,3,6,2,01,16,2,1,1,0,1,0,0,0,0
"POINT (7.178635216000032 51.272856901000068)",Unfall 75822 (2020) Kat:2, Licht: 0,75822,2,4,6,01,13,6,0,0,0,1,1,0,0,0
"POINT (7.226512798000044 51.253401645000054)",Unfall 75843 (2020) Kat:3, Licht: 0,75843,3,6,0,01,13,3,1,0,0,1,0,0,0,1
"POINT (7.205564853000055 51.270392724000033)",Unfall 75984 (2020) Kat:3, Licht: 2,75984,3,3,5,01,17,6,0,2,1,1,0,0,0,0
"POINT (7.175849219000043 51.257502728000077)",Unfall 75990 (2020) Kat:2, Licht: 2,75990,2,3,5,01,06,6,1,2,1,1,0,0,0,0
"POINT (7.258468996000033 51.312566734000029)",Unfall 76123 (2020) Kat:2, Licht: 0,76123,2,7,3,01,08,6,0,0,0,1,0,0,0,0
"POINT (7.223420576000024 51.271126995000031)",Unfall 76190 (2020) Kat:3, Licht: 0,76190,3,2,6,02,15,2,1,0,0,1,1,0,0,0
"POINT (7.228607847000035 51.304443939000066)",Unfall 76255 (2020) Kat:2, Licht: 0,76255,2,1,8,02,14,1,1,0,0,1,0,0,0,0
"POINT (7.216951666000057 51.274969570000053)",Unfall 76290 (2020) Kat:3, Licht: 1,76290,3,6,5,01,16,5,1,1,0,1,0,0,0,0
"POINT (7.209976209000047 51.235838818000047)",Unfall 76294 (2020) Kat:3, Licht: 2,76294,3,6,2,01,17,5,1,2,0,1,0,1,0,0
"POINT (7.038192947000027 51.248919769000054)",Unfall 76296 (2020) Kat:3, Licht: 1,76296,3,6,2,01,07,5,1,1,0,1,0,0,0,0
"POINT (7.198884604000057 51.288369984000042)",Unfall 76435 (2020) Kat:3, Licht: 0,76435,3,6,2,02,16,6,0,0,0,1,0,0,0,0
"POINT (7.167018519000067 51.239568100000042)",Unfall 76442 (2020) Kat:3, Licht: 2,76442,3,1,2,02,06,2,1,2,0,1,0,0,0,0
"POINT (7.148183222000057 51.259128891000046)",Unfall 76464 (2020) Kat:3, Licht: 2,76464,3,3,5,02,23,7,1,2,0,1,0,0,0,0
"POINT (7.191547875000026 51.279731872000070)",Unfall 76519 (2020) Kat:3, Licht: 0,76519,3,5,8,02,15,6,0,0,0,1,0,0,0,0
"POINT (7.151519980000046 51.258874131000027)",Unfall 76557 (2020) Kat:2, Licht: 0,76557,2,4,6,02,17,5,0,0,0,1,1,0,0,0
"POINT (7.162440734000029 51.271906850000050)",Unfall 76560 (2020) Kat:3, Licht: 0,76560,3,1,9,02,10,2,1,0,0,1,0,0,0,0
"POINT (7.199168804000067 51.237484590000065)",Unfall 76669 (2020) Kat:3, Licht: 0,76669,3,6,2,02,12,2,0,0,0,1,0,0,1,0
"POINT (7.235932648000073 51.235300866000046)",Unfall 76745 (2020) Kat:3, Licht: 0,76745,3,6,2,02,15,6,0,0,0,1,0,0,0,0
"POINT (7.147283156000071 51.265209753000079)",Unfall 76887 (2020) Kat:3, Licht: 2,76887,3,6,1,02,17,3,1,2,0,1,0,0,0,0
"POINT (7.167967453000074 51.259555774000034)",Unfall 76888 (2020) Kat:3, Licht: 0,76888,3,3,5,02,08,2,1,0,0,1,0,0,0,0
"POINT (7.208154021000041 51.273706195000045)",Unfall 76930 (2020) Kat:3, Licht: 0,76930,3,6,2,02,11,5,1,0,0,1,0,0,1,0
"POINT (7.149060991000056 51.259088096000028)",Unfall 77019 (2020) Kat:3, Licht: 0,77019,3,2,5,02,14,4,0,0,1,1,0,0,0,0
"POINT (7.155819448000045 51.262855120000040)",Unfall 77037 (2020) Kat:3, Licht: 2,77037,3,3,5,02,20,5,1,2,0,1,0,0,0,0
"POINT (7.148491517000025 51.270515976000070)",Unfall 77089 (2020) Kat:3, Licht: 0,77089,3,6,2,02,17,5,1,0,0,1,0,0,0,0
"POINT (7.151852059000021 51.224187174000065)",Unfall 77353 (2020) Kat:3, Licht: 0,77353,3,2,5,02,07,6,1,0,0,1,0,1,0,0
"POINT (7.152923751000060 51.258659839000074)",Unfall 77446 (2020) Kat:3, Licht: 2,77446,3,2,6,02,21,1,1,2,0,1,1,0,0,0
"POINT (7.232866805000072 51.262442921000059)",Unfall 77508 (2020) Kat:3, Licht: 2,77508,3,1,9,02,21,5,1,2,0,1,0,0,0,0
"POINT (7.153517819000058 51.259431904000053)",Unfall 77567 (2020) Kat:3, Licht: 0,77567,3,6,2,02,16,5,1,0,0,1,0,1,0,0
"POINT (7.199961551000058 51.270111097000040)",Unfall 77701 (2020) Kat:3, Licht: 0,77701,3,6,1,02,12,5,1,0,0,1,0,0,1,0
"POINT (7.153148960000067 51.258923521000042)",Unfall 77763 (2020) Kat:3, Licht: 0,77763,3,5,6,02,13,5,0,0,1,0,1,0,0,0
"POINT (7.208542559000023 51.284840705000079)",Unfall 77857 (2020) Kat:3, Licht: 0,77857,3,3,5,02,13,2,1,0,0,1,0,0,0,1
"POINT (7.050026775000049 51.210972246000040)",Unfall 77883 (2020) Kat:3, Licht: 0,77883,3,6,2,02,14,5,1,0,0,1,0,0,0,0
"POINT (7.163682155000060 51.257053110000072)",Unfall 77964 (2020) Kat:3, Licht: 2,77964,3,6,2,02,21,4,1,2,0,1,0,0,0,0
"POINT (7.172318456000028 51.261427259000072)",Unfall 77989 (2020) Kat:3, Licht: 2,77989,3,7,0,02,21,1,1,2,0,0,1,0,0,1
"POINT (7.150485291000052 51.217663219000030)",Unfall 77991 (2020) Kat:3, Licht: 0,77991,3,2,6,02,17,1,1,0,0,1,1,0,0,0
"POINT (7.151728852000076 51.270122564000076)",Unfall 78108 (2020) Kat:3, Licht: 2,78108,3,1,9,02,00,5,1,2,0,1,0,0,0,0
"POINT (7.150209197000038 51.256993938000051)",Unfall 78168 (2020) Kat:3, Licht: 2,78168,3,4,6,03,19,2,1,2,0,1,1,0,0,0
"POINT (7.178374104000056 51.270474523000075)",Unfall 78312 (2020) Kat:3, Licht: 2,78312,3,5,1,02,21,7,0,2,0,1,0,0,0,0
"POINT (7.177551669000025 51.263071615000058)",Unfall 78384 (2020) Kat:3, Licht: 1,78384,3,3,5,02,17,5,1,1,0,1,0,0,0,0
"POINT (7.198187036000036 51.259394540000073)",Unfall 78390 (2020) Kat:2, Licht: 0,78390,2,1,4,02,10,5,1,0,0,1,0,0,1,0
"POINT (7.154041820000032 51.235012617000052)",Unfall 78394 (2020) Kat:3, Licht: 0,78394,3,3,5,02,16,5,1,0,0,1,0,0,0,0
"POINT (7.226437460000057 51.244626076000031)",Unfall 78436 (2020) Kat:2, Licht: 2,78436,2,1,0,02,21,6,1,2,0,1,0,0,0,0
"POINT (7.181502379000051 51.266421549000029)",Unfall 78455 (2020) Kat:3, Licht: 0,78455,3,3,5,02,13,6,0,0,0,1,0,0,0,0
"POINT (7.108716560000062 51.248280162000071)",Unfall 78519 (2020) Kat:3, Licht: 0,78519,3,6,2,02,17,6,0,0,0,1,0,0,0,0
"POINT (7.106872254000052 51.252744026000073)",Unfall 78641 (2020) Kat:3, Licht: 2,78641,3,1,9,03,18,5,1,2,0,1,0,0,0,0
"POINT (7.139598156000034 51.261526050000043)",Unfall 78656 (2020) Kat:3, Licht: 2,78656,3,4,6,03,06,3,1,2,0,1,1,0,0,0
"POINT (7.114584057000059 51.233953395000071)",Unfall 78733 (2020) Kat:3, Licht: 0,78733,3,1,8,03,15,7,0,0,0,1,0,0,0,0
"POINT (7.150966705000030 51.274332558000026)",Unfall 78794 (2020) Kat:1, Licht: 0,78794,1,4,6,03,12,6,1,0,0,1,1,0,0,0
"POINT (7.143721890000052 51.245161368000026)",Unfall 78815 (2020) Kat:3, Licht: 2,78815,3,3,5,03,21,7,0,2,0,1,0,0,0,0
"POINT (7.047413208000023 51.210054347000039)",Unfall 78909 (2020) Kat:3, Licht: 2,78909,3,6,2,03,18,3,0,2,0,1,0,0,0,0
"POINT (7.186371296000061 51.291725592000034)",Unfall 79070 (2020) Kat:3, Licht: 2,79070,3,3,5,03,21,6,1,2,0,1,0,0,0,0
"POINT (7.104527947000065 51.253469861000042)",Unfall 79114 (2020) Kat:3, Licht: 1,79114,3,6,1,03,19,5,0,1,0,1,0,0,0,0
"POINT (7.199970826000026 51.220051190000049)",Unfall 79122 (2020) Kat:2, Licht: 0,79122,2,1,4,03,14,3,1,0,0,1,0,0,0,0
"POINT (7.131349878000037 51.263857137000059)",Unfall 79126 (2020) Kat:3, Licht: 0,79126,3,7,5,03,16,3,1,0,0,1,0,0,0,0
"POINT (7.125476428000070 51.263647986000080)",Unfall 79158 (2020) Kat:3, Licht: 0,79158,3,6,2,03,17,5,0,0,0,1,0,0,0,0
"POINT (7.217830394000032 51.275200237000035)",Unfall 79257 (2020) Kat:3, Licht: 0,79257,3,4,0,03,11,6,1,0,0,1,1,0,0,0
"POINT (7.197285214000033 51.269516385000031)",Unfall 79302 (2020) Kat:3, Licht: 0,79302,3,6,2,03,07,5,1,0,0,1,0,0,0,0
"POINT (7.130351005000023 51.265653674000077)",Unfall 79346 (2020) Kat:3, Licht: 0,79346,3,6,2,03,13,6,0,0,0,1,0,0,0,0
"POINT (7.162821963000056 51.299982075000059)",Unfall 79513 (2020) Kat:3, Licht: 0,79513,3,7,2,03,14,4,0,0,0,1,0,1,0,0
"POINT (7.133729322000022 51.253065697000068)",Unfall 79665 (2020) Kat:3, Licht: 0,79665,3,6,1,03,16,3,0,0,0,1,0,0,0,0
"POINT (7.186328781000043 51.265777409000066)",Unfall 79708 (2020) Kat:3, Licht: 0,79708,3,6,7,03,19,4,0,0,0,1,0,0,0,0
"POINT (7.147601380000026 51.261591256000031)",Unfall 79948 (2020) Kat:3, Licht: 0,79948,3,1,2,03,17,5,0,0,0,1,0,1,0,0
"POINT (7.230267239000057 51.272873590000074)",Unfall 79979 (2020) Kat:3, Licht: 0,79979,3,5,1,03,15,2,0,0,0,1,0,0,0,0
"POINT (7.156445220000023 51.264100315000064)",Unfall 79982 (2020) Kat:3, Licht: 0,79982,3,5,3,03,13,2,0,0,0,1,0,1,0,0
"POINT (7.171372361000067 51.261127440000053)",Unfall 80028 (2020) Kat:3, Licht: 2,80028,3,1,1,03,22,7,0,2,0,1,0,0,0,0
"POINT (7.196705508000036 51.270111298000074)",Unfall 80105 (2020) Kat:3, Licht: 0,80105,3,6,2,03,12,4,0,0,0,1,0,0,0,0
"POINT (7.132476006000047 51.206553603000032)",Unfall 80120 (2020) Kat:3, Licht: 0,80120,3,7,0,03,10,2,0,0,0,1,1,0,0,0
"POINT (7.143299839000065 51.247205477000080)",Unfall 80129 (2020) Kat:3, Licht: 0,80129,3,6,2,03,12,7,0,0,0,1,0,0,0,0
"POINT (7.149166303000072 51.257394684000076)",Unfall 80187 (2020) Kat:3, Licht: 0,80187,3,2,4,03,16,1,1,0,0,1,0,0,0,0
"POINT (7.124800227000037 51.249507485000038)",Unfall 80252 (2020) Kat:3, Licht: 0,80252,3,2,3,03,15,1,0,0,0,1,0,1,0,0
"POINT (7.222318762000043 51.275433393000071)",Unfall 80340 (2020) Kat:2, Licht: 0,80340,2,6,2,03,18,7,0,0,0,1,0,0,0,0
"POINT (7.093507259000035 51.237322998000081)",Unfall 80507 (2020) Kat:3, Licht: 0,80507,3,6,3,04,16,1,0,0,0,1,0,0,0,0
"POINT (7.228329329000076 51.274105488000032)",Unfall 80557 (2020) Kat:3, Licht: 0,80557,3,6,0,04,16,2,0,0,0,1,0,0,0,1
"POINT (7.192559446000075 51.248581871000056)",Unfall 80593 (2020) Kat:3, Licht: 0,80593,3,2,4,04,17,7,0,0,0,1,0,1,0,0
"POINT (7.124727246000020 51.263631192000048)",Unfall 80624 (2020) Kat:3, Licht: 0,80624,3,6,2,04,18,2,0,0,0,1,0,0,0,0
"POINT (7.163203466000027 51.278745221000065)",Unfall 80651 (2020) Kat:3, Licht: 0,80651,3,2,5,04,14,1,0,0,0,1,0,0,0,0
"POINT (7.212590506000026 51.271660614000041)",Unfall 80665 (2020) Kat:3, Licht: 0,80665,3,6,2,04,08,2,0,0,0,1,0,0,0,0
"POINT (7.212507961000028 51.271548022000047)",Unfall 80713 (2020) Kat:2, Licht: 0,80713,2,7,0,04,14,6,0,0,1,0,0,0,0,0
"POINT (7.098982708000051 51.247737328000028)",Unfall 80776 (2020) Kat:3, Licht: 0,80776,3,6,2,04,14,3,0,0,0,1,0,0,0,0
"POINT (7.126518890000057 51.175737658000060)",Unfall 80833 (2020) Kat:3, Licht: 0,80833,3,7,3,04,14,4,0,0,0,1,0,0,0,0
"POINT (7.126328451000063 51.250214557000049)",Unfall 80891 (2020) Kat:2, Licht: 2,80891,2,1,0,04,22,5,0,2,0,0,0,1,0,0
"POINT (7.152975683000022 51.202599326000040)",Unfall 81168 (2020) Kat:2, Licht: 0,81168,2,1,8,04,10,3,0,0,0,0,0,0,0,1
"POINT (7.210400441000047 51.274180245000082)",Unfall 81253 (2020) Kat:3, Licht: 0,81253,3,1,1,04,17,4,0,0,0,1,0,0,0,0
"POINT (7.153885256000024 51.270695799000066)",Unfall 81301 (2020) Kat:2, Licht: 0,81301,2,6,2,04,18,2,0,0,0,1,0,0,1,0
"POINT (7.182216111000059 51.265496405000079)",Unfall 81375 (2020) Kat:3, Licht: 0,81375,3,5,1,04,19,2,0,0,0,1,0,1,0,0
"POINT (7.139304113000037 51.210342613000080)",Unfall 81404 (2020) Kat:3, Licht: 0,81404,3,6,2,04,16,5,0,0,0,1,0,0,0,0
"POINT (7.132128024000053 51.252921069000081)",Unfall 81568 (2020) Kat:3, Licht: 0,81568,3,1,0,04,08,2,0,0,0,0,0,1,0,0
"POINT (7.195837194000035 51.237917604000074)",Unfall 81603 (2020) Kat:3, Licht: 0,81603,3,6,2,04,13,6,0,0,0,1,0,0,0,0
"POINT (7.139993620000041 51.210765181000056)",Unfall 81614 (2020) Kat:3, Licht: 0,81614,3,6,3,04,13,3,0,0,1,1,0,0,0,0
"POINT (7.083664658000032 51.234629127000062)",Unfall 81713 (2020) Kat:3, Licht: 0,81713,3,7,0,04,12,5,1,0,0,1,0,1,0,0
"POINT (7.131429516000026 51.257839178000040)",Unfall 81726 (2020) Kat:2, Licht: 0,81726,2,6,0,04,19,4,0,0,0,0,0,1,0,0
"POINT (7.143605791000027 51.243878001000041)",Unfall 81728 (2020) Kat:2, Licht: 1,81728,2,2,5,04,05,4,0,1,0,0,0,1,0,1
"POINT (7.198165985000060 51.269897836000041)",Unfall 81860 (2020) Kat:2, Licht: 0,81860,2,6,3,04,15,5,0,0,0,1,0,1,0,0
"POINT (7.179971693000027 51.242726860000062)",Unfall 81992 (2020) Kat:3, Licht: 0,81992,3,3,1,04,16,3,0,0,1,1,0,0,0,0
"POINT (7.125436314000069 51.281013877000078)",Unfall 82071 (2020) Kat:3, Licht: 0,82071,3,2,6,04,10,3,0,0,0,1,1,0,0,0
"POINT (7.130915194000068 51.264471001000061)",Unfall 82227 (2020) Kat:3, Licht: 0,82227,3,6,2,04,19,7,0,0,0,1,0,0,0,0
"POINT (7.230644325000071 51.275998110000046)",Unfall 82233 (2020) Kat:3, Licht: 0,82233,3,2,6,04,16,3,1,0,0,1,1,0,0,0
"POINT (7.181419879000032 51.266531151000038)",Unfall 82265 (2020) Kat:3, Licht: 0,82265,3,4,6,04,15,1,0,0,0,1,1,0,0,0
"POINT (7.128051123000034 51.251014106000071)",Unfall 82311 (2020) Kat:3, Licht: 0,82311,3,6,2,04,10,4,1,0,0,1,0,1,0,0
"POINT (7.204564052000023 51.271255021000059)",Unfall 82321 (2020) Kat:3, Licht: 0,82321,3,6,2,04,17,6,0,0,0,1,0,0,0,0
"POINT (7.234546383000065 51.276906439000072)",Unfall 82329 (2020) Kat:3, Licht: 0,82329,3,6,1,04,07,6,0,0,0,1,0,1,0,0
"POINT (7.168948852000028 51.280503036000027)",Unfall 82333 (2020) Kat:3, Licht: 0,82333,3,6,2,04,14,6,0,0,0,1,0,1,0,0
"POINT (7.181802497000035 51.264451775000055)",Unfall 82386 (2020) Kat:3, Licht: 2,82386,3,6,2,05,01,3,0,2,0,1,0,0,0,0
"POINT (7.202253965000068 51.226228832000061)",Unfall 82415 (2020) Kat:3, Licht: 0,82415,3,3,5,04,15,5,0,0,0,1,0,0,0,0
"POINT (7.228341036000074 51.274102343000038)",Unfall 82504 (2020) Kat:3, Licht: 0,82504,3,3,5,05,08,2,1,0,0,1,0,0,1,0
"POINT (7.180085865000024 51.274584257000072)",Unfall 82514 (2020) Kat:3, Licht: 2,82514,3,7,1,05,03,7,1,2,0,1,0,1,0,0
"POINT (7.094435302000022 51.233635636000031)",Unfall 82611 (2020) Kat:3, Licht: 0,82611,3,6,3,05,10,4,0,0,0,1,0,0,1,0
"POINT (7.153124103000039 51.258890697000027)",Unfall 82630 (2020) Kat:3, Licht: 1,82630,3,3,5,05,20,6,1,1,1,1,0,0,0,0
"POINT (7.255190987000049 51.255637532000037)",Unfall 82798 (2020) Kat:2, Licht: 0,82798,2,6,4,05,09,5,0,0,0,0,0,0,1,0
"POINT (7.142097390000060 51.212871036000081)",Unfall 82809 (2020) Kat:3, Licht: 0,82809,3,3,5,05,10,5,0,0,1,1,0,0,0,0
"POINT (7.221613167000044 51.275391963000061)",Unfall 82924 (2020) Kat:3, Licht: 2,82924,3,5,1,05,22,3,0,2,1,1,0,0,0,0
"POINT (7.163886165000065 51.285617428000080)",Unfall 82954 (2020) Kat:3, Licht: 0,82954,3,3,5,05,13,7,0,0,0,1,0,0,0,0
"POINT (7.152659288000052 51.270448245000068)",Unfall 83056 (2020) Kat:3, Licht: 0,83056,3,6,2,05,10,6,0,0,0,1,0,0,0,0
"POINT (7.165272438000045 51.268550511000058)",Unfall 83085 (2020) Kat:3, Licht: 0,83085,3,3,5,05,19,4,0,0,1,1,0,0,0,0
"POINT (7.080840878000061 51.234734393000053)",Unfall 83157 (2020) Kat:3, Licht: 0,83157,3,6,2,05,15,7,0,0,0,1,0,0,0,0
"POINT (7.170533892000037 51.275386413000035)",Unfall 83316 (2020) Kat:3, Licht: 2,83316,3,7,0,05,00,7,0,2,0,1,0,0,0,0
"POINT (7.221124847000056 51.275261361000048)",Unfall 83368 (2020) Kat:3, Licht: 0,83368,3,6,0,05,11,3,0,0,0,0,0,1,0,0
"POINT (7.129998930000056 51.251916094000080)",Unfall 83506 (2020) Kat:3, Licht: 0,83506,3,6,2,05,18,6,0,0,0,1,0,0,0,1
"POINT (7.118015853000031 51.262613874000067)",Unfall 83587 (2020) Kat:3, Licht: 0,83587,3,3,3,05,12,1,0,0,0,1,0,0,0,0
"POINT (7.069208523000043 51.224782065000056)",Unfall 83606 (2020) Kat:2, Licht: 1,83606,2,1,7,05,04,7,0,1,0,1,0,0,0,0
"POINT (7.150947728000062 51.256105845000036)",Unfall 83643 (2020) Kat:3, Licht: 0,83643,3,6,2,05,14,7,0,0,0,1,0,0,0,0
"POINT (7.148381581000024 51.267945994000058)",Unfall 83686 (2020) Kat:2, Licht: 0,83686,2,6,2,05,17,2,0,0,0,1,0,1,0,0
"POINT (7.075019198000064 51.233318574000066)",Unfall 83691 (2020) Kat:3, Licht: 0,83691,3,6,2,05,12,3,0,0,0,1,0,0,0,0
"POINT (7.220108577000076 51.275208681000038)",Unfall 83767 (2020) Kat:3, Licht: 0,83767,3,6,2,05,18,1,0,0,0,1,0,0,0,0
"POINT (7.070761059000063 51.221747486000027)",Unfall 83814 (2020) Kat:3, Licht: 0,83814,3,6,1,05,12,2,0,0,0,1,0,0,0,0
"POINT (7.177547589000028 51.263070288000051)",Unfall 83839 (2020) Kat:2, Licht: 0,83839,2,6,1,05,13,5,0,0,0,1,0,1,0,0
"POINT (7.153789554000070 51.258367429000032)",Unfall 83841 (2020) Kat:3, Licht: 0,83841,3,6,2,05,16,6,0,0,0,1,0,0,0,0
"POINT (7.207344236000040 51.215528005000067)",Unfall 83998 (2020) Kat:3, Licht: 2,83998,3,1,0,05,22,5,0,2,1,0,0,0,0,0
"POINT (7.160682874000031 51.296664606000036)",Unfall 84000 (2020) Kat:2, Licht: 1,84000,2,1,0,05,22,6,0,1,1,0,0,0,0,0
"POINT (7.143895026000052 51.244692414000042)",Unfall 84134 (2020) Kat:3, Licht: 0,84134,3,1,8,05,12,3,0,0,0,1,0,1,0,0
"POINT (7.124878413000033 51.249543503000041)",Unfall 84250 (2020) Kat:3, Licht: 0,84250,3,2,5,05,13,3,0,0,1,1,0,0,0,0
"POINT (7.232073021000076 51.229232599000056)",Unfall 84331 (2020) Kat:3, Licht: 0,84331,3,6,2,05,18,1,1,0,0,1,0,0,0,0
"POINT (7.128095088000066 51.268252121000046)",Unfall 84346 (2020) Kat:3, Licht: 0,84346,3,6,2,05,16,3,0,0,0,1,0,0,0,0
"POINT (7.225390948000040 51.249087186000054)",Unfall 84352 (2020) Kat:3, Licht: 0,84352,3,6,2,05,15,1,0,0,0,1,0,1,0,0
"POINT (7.202191937000066 51.270663644000081)",Unfall 84493 (2020) Kat:2, Licht: 0,84493,2,6,2,05,09,5,0,0,0,1,0,0,0,0
"POINT (7.148272031000033 51.259125298000072)",Unfall 84546 (2020) Kat:3, Licht: 0,84546,3,2,4,05,08,6,0,0,1,1,0,0,0,0
"POINT (7.151561160000028 51.274705889000074)",Unfall 84553 (2020) Kat:3, Licht: 0,84553,3,7,4,05,13,5,0,0,0,1,0,1,0,0
"POINT (7.204717023000058 51.279050496000082)",Unfall 84616 (2020) Kat:3, Licht: 0,84616,3,7,6,05,14,5,0,0,0,1,1,0,0,0
"POINT (7.176488241000072 51.262730109000074)",Unfall 84671 (2020) Kat:3, Licht: 0,84671,3,6,3,05,07,5,0,0,0,1,0,0,0,0
"POINT (7.147396151000066 51.265525165000042)",Unfall 84688 (2020) Kat:3, Licht: 1,84688,3,3,5,05,22,1,0,1,1,1,0,0,0,0
"POINT (7.128897981000023 51.205456847000050)",Unfall 84770 (2020) Kat:2, Licht: 0,84770,2,4,6,06,15,2,0,0,0,0,1,1,0,0
"POINT (7.148183222000057 51.259128891000046)",Unfall 84981 (2020) Kat:3, Licht: 0,84981,3,6,2,06,20,2,0,0,0,1,0,0,0,0
"POINT (7.225632732000065 51.251726109000060)",Unfall 84993 (2020) Kat:3, Licht: 0,84993,3,1,8,05,20,7,0,0,0,1,0,0,0,0
"POINT (7.150080116000027 51.259025144000077)",Unfall 85082 (2020) Kat:3, Licht: 0,85082,3,3,3,06,13,6,1,0,0,1,0,0,0,1
"POINT (7.165811064000025 51.272812190000082)",Unfall 85129 (2020) Kat:2, Licht: 2,85129,2,1,3,06,22,6,1,2,0,1,0,0,0,0
"POINT (7.235662398000045 51.231920441000057)",Unfall 85228 (2020) Kat:3, Licht: 0,85228,3,6,1,06,12,6,1,0,0,1,0,0,1,0
"POINT (7.223836990000052 51.275215528000047)",Unfall 85234 (2020) Kat:3, Licht: 0,85234,3,6,1,06,14,3,0,0,0,1,0,0,0,0
"POINT (7.132545406000077 51.253930762000039)",Unfall 85313 (2020) Kat:3, Licht: 0,85313,3,6,3,06,13,4,0,0,1,1,0,0,0,0
"POINT (7.210088459000076 51.271242308000069)",Unfall 85338 (2020) Kat:2, Licht: 0,85338,2,7,1,06,15,5,1,0,0,1,0,0,0,0
"POINT (7.255413520000047 51.272664283000040)",Unfall 85350 (2020) Kat:3, Licht: 0,85350,3,6,2,06,12,3,0,0,0,1,0,0,0,0
"POINT (7.068712648000030 51.220903471000042)",Unfall 85374 (2020) Kat:3, Licht: 0,85374,3,6,3,06,13,3,0,0,0,1,0,0,1,0
"POINT (7.230857760000049 51.304965231000040)",Unfall 85383 (2020) Kat:2, Licht: 0,85383,2,1,9,06,15,6,1,0,0,1,0,0,0,0
"POINT (7.168790726000054 51.273958761000074)",Unfall 85723 (2020) Kat:3, Licht: 0,85723,3,1,8,06,05,7,1,0,0,1,0,0,0,0
"POINT (7.229878907000057 51.231983423000031)",Unfall 85730 (2020) Kat:3, Licht: 0,85730,3,6,3,06,14,3,0,0,0,1,0,0,0,0
"POINT (7.136717815000054 51.253845229000035)",Unfall 85871 (2020) Kat:3, Licht: 0,85871,3,3,0,06,14,6,0,0,0,1,0,0,0,1
"POINT (7.136075446000064 51.254736088000072)",Unfall 86254 (2020) Kat:3, Licht: 0,86254,3,7,0,06,16,5,0,0,1,1,0,0,0,0
"POINT (7.223057520000054 51.275455825000051)",Unfall 86317 (2020) Kat:3, Licht: 0,86317,3,6,2,06,17,7,0,0,0,1,0,0,0,1
"POINT (7.158249227000056 51.271272503000034)",Unfall 86382 (2020) Kat:2, Licht: 0,86382,2,6,2,06,13,6,0,0,0,1,0,0,0,1
"POINT (7.173596347000057 51.284592268000040)",Unfall 86404 (2020) Kat:3, Licht: 2,86404,3,3,5,06,23,1,0,2,0,1,0,0,0,0
"POINT (7.153526308000039 51.259444777000056)",Unfall 86405 (2020) Kat:3, Licht: 0,86405,3,4,0,06,13,7,0,0,0,0,1,0,0,1
"POINT (7.218632899000056 51.271228319000045)",Unfall 86468 (2020) Kat:3, Licht: 1,86468,3,3,0,06,20,6,0,1,1,1,0,0,0,0
"POINT (7.156694698000024 51.264337604000048)",Unfall 86587 (2020) Kat:3, Licht: 0,86587,3,6,3,06,13,7,0,0,1,0,0,0,0,1
"POINT (7.051249647000020 51.252242303000060)",Unfall 86672 (2020) Kat:2, Licht: 0,86672,2,6,3,06,13,1,0,0,0,1,0,1,0,0
"POINT (7.215360795000038 51.302417959000081)",Unfall 86821 (2020) Kat:3, Licht: 0,86821,3,3,5,06,18,5,0,0,0,1,0,1,0,0
"POINT (7.146908815000074 51.254928104000044)",Unfall 86930 (2020) Kat:3, Licht: 0,86930,3,6,5,06,09,2,1,0,0,1,0,0,0,1
"POINT (7.126743140000031 51.250407033000045)",Unfall 86953 (2020) Kat:2, Licht: 0,86953,2,5,0,06,13,5,0,0,1,1,0,0,0,0
"POINT (7.131367593000050 51.258561927000073)",Unfall 86965 (2020) Kat:3, Licht: 0,86965,3,6,2,06,12,4,0,0,0,1,0,0,0,0
"POINT (7.195701333000045 51.237863510000068)",Unfall 87084 (2020) Kat:3, Licht: 0,87084,3,6,2,06,13,3,0,0,0,1,0,0,0,0
"POINT (7.156068421000043 51.257801893000078)",Unfall 87159 (2020) Kat:3, Licht: 0,87159,3,2,5,06,13,5,0,0,1,1,0,0,0,0
"POINT (7.211245776000055 51.274278526000046)",Unfall 87252 (2020) Kat:1, Licht: 0,87252,1,7,6,06,15,1,0,0,1,0,1,0,0,0
"POINT (7.114596867000046 51.249601854000048)",Unfall 87362 (2020) Kat:3, Licht: 0,87362,3,6,3,06,11,2,1,0,1,1,0,0,0,0
"POINT (7.254578774000038 51.311595407000027)",Unfall 87467 (2020) Kat:3, Licht: 0,87467,3,6,2,07,16,4,1,0,0,1,0,0,0,1
"POINT (7.165201034000063 51.272503946000029)",Unfall 87496 (2020) Kat:3, Licht: 2,87496,3,1,9,07,23,4,1,2,0,1,0,0,0,0
"POINT (7.136635209000076 51.246481704000075)",Unfall 87520 (2020) Kat:2, Licht: 0,87520,2,4,6,06,18,3,0,0,0,1,1,0,0,0
"POINT (7.141304457000047 51.261080774000050)",Unfall 87688 (2020) Kat:3, Licht: 0,87688,3,6,1,07,18,5,1,0,0,1,0,0,0,0
"POINT (7.071956145000058 51.252899107000076)",Unfall 87842 (2020) Kat:3, Licht: 0,87842,3,1,0,07,13,7,1,0,1,0,0,0,0,0
"POINT (7.102968440000041 51.241690745000028)",Unfall 87849 (2020) Kat:3, Licht: 0,87849,3,1,0,07,13,2,1,0,0,0,0,1,0,0
"POINT (7.147664135000071 51.260257147000061)",Unfall 87854 (2020) Kat:3, Licht: 0,87854,3,5,3,07,14,2,1,0,0,1,0,0,0,1
"POINT (7.133301600000038 51.265173045000040)",Unfall 88016 (2020) Kat:3, Licht: 0,88016,3,3,5,07,14,6,0,0,0,1,0,0,0,0
"POINT (7.159109348000072 51.265866655000082)",Unfall 88110 (2020) Kat:3, Licht: 0,88110,3,2,0,07,13,7,0,0,0,1,0,1,0,0
"POINT (7.132369250000068 51.253906884000060)",Unfall 88135 (2020) Kat:3, Licht: 0,88135,3,6,2,07,12,4,1,0,0,1,0,0,0,0
"POINT (7.113863067000068 51.193064562000075)",Unfall 88138 (2020) Kat:3, Licht: 0,88138,3,1,8,07,19,4,1,0,0,1,0,0,0,0
"POINT (7.248531682000021 51.312447432000056)",Unfall 88245 (2020) Kat:3, Licht: 0,88245,3,3,5,07,14,7,0,0,0,0,0,1,0,1
"POINT (7.247080009000058 51.295317033000060)",Unfall 88271 (2020) Kat:2, Licht: 0,88271,2,1,0,07,14,5,0,0,1,0,0,0,0,0
"POINT (7.208984115000021 51.283336928000040)",Unfall 88503 (2020) Kat:3, Licht: 0,88503,3,3,5,07,12,2,0,0,0,1,0,0,0,0
"POINT (7.159092873000077 51.265857397000048)",Unfall 88507 (2020) Kat:2, Licht: 0,88507,2,3,5,07,07,2,0,0,0,1,0,1,0,0
"POINT (7.087157899000033 51.227764292000074)",Unfall 88659 (2020) Kat:3, Licht: 0,88659,3,6,2,07,11,2,0,0,0,1,0,0,1,0
"POINT (7.166954788000055 51.273039372000028)",Unfall 88744 (2020) Kat:3, Licht: 0,88744,3,1,9,07,19,2,0,0,0,1,0,0,0,0
"POINT (7.208570695000049 51.284805697000081)",Unfall 88796 (2020) Kat:3, Licht: 0,88796,3,3,5,07,17,7,0,0,0,1,0,0,0,0
"POINT (7.149132745000031 51.272547860000032)",Unfall 89087 (2020) Kat:2, Licht: 2,89087,2,7,7,07,00,1,0,2,1,0,0,0,0,0
"POINT (7.214959114000067 51.235930804000077)",Unfall 89110 (2020) Kat:2, Licht: 2,89110,2,7,0,07,03,2,0,2,1,0,0,0,0,0
"POINT (7.184297786000059 51.265368033000073)",Unfall 89492 (2020) Kat:3, Licht: 0,89492,3,6,2,07,12,5,0,0,0,1,0,0,0,0
"POINT (7.201282252000056 51.270563462000041)",Unfall 89524 (2020) Kat:3, Licht: 0,89524,3,6,1,07,17,3,0,0,0,1,0,0,0,0
"POINT (7.212660905000064 51.235712842000055)",Unfall 89526 (2020) Kat:3, Licht: 0,89526,3,6,2,07,11,3,0,0,0,1,0,0,1,0
"POINT (7.147275316000048 51.264771038000049)",Unfall 89529 (2020) Kat:3, Licht: 0,89529,3,6,3,07,14,3,0,0,0,0,0,0,0,1
"POINT (7.085144001000060 51.256466199000045)",Unfall 89534 (2020) Kat:2, Licht: 0,89534,2,7,5,07,18,3,0,0,1,1,0,0,0,0
"POINT (7.174991389000070 51.262259622000045)",Unfall 89591 (2020) Kat:3, Licht: 0,89591,3,5,3,07,13,5,0,0,0,1,0,0,0,0
"POINT (7.146923002000051 51.261054985000044)",Unfall 89599 (2020) Kat:3, Licht: 0,89599,3,7,0,07,09,6,0,0,0,1,0,0,0,1
"POINT (7.151903157000049 51.270301437000057)",Unfall 89649 (2020) Kat:2, Licht: 0,89649,2,6,2,07,10,4,0,0,0,1,0,0,0,0
"POINT (7.122238049000032 51.248774450000042)",Unfall 89781 (2020) Kat:3, Licht: 2,89781,3,1,8,07,01,3,0,2,0,1,0,0,0,0
"POINT (7.151810187000024 51.224300741000036)",Unfall 89824 (2020) Kat:3, Licht: 0,89824,3,2,5,07,12,4,0,0,0,1,0,1,0,0
"POINT (7.173802761000047 51.287307495000050)",Unfall 90036 (2020) Kat:3, Licht: 0,90036,3,6,3,07,12,2,0,0,0,1,0,0,0,0
"POINT (7.136379599000065 51.262658140000042)",Unfall 90041 (2020) Kat:3, Licht: 0,90041,3,6,2,07,12,2,1,0,0,1,0,0,0,0
"POINT (7.136126406000074 51.251639268000076)",Unfall 90211 (2020) Kat:2, Licht: 0,90211,2,3,5,08,15,4,0,0,0,1,0,1,0,0
"POINT (7.153832830000056 51.256292498000050)",Unfall 90297 (2020) Kat:3, Licht: 0,90297,3,6,1,08,17,2,0,0,0,1,0,0,0,0
"POINT (7.147505227000067 51.231368798000062)",Unfall 90317 (2020) Kat:3, Licht: 0,90317,3,2,5,08,19,4,0,0,0,1,0,1,0,0
"POINT (7.176423317000058 51.262709429000040)",Unfall 90397 (2020) Kat:3, Licht: 0,90397,3,1,0,08,13,4,0,0,0,0,0,0,0,1
"POINT (7.230869531000053 51.230844554000043)",Unfall 90448 (2020) Kat:2, Licht: 0,90448,2,7,9,08,13,7,0,0,0,1,0,0,0,0
"POINT (7.211338587000057 51.274289317000068)",Unfall 90502 (2020) Kat:3, Licht: 0,90502,3,5,1,08,10,3,0,0,0,1,0,0,0,0
"POINT (7.132614461000060 51.260025973000040)",Unfall 90534 (2020) Kat:3, Licht: 0,90534,3,1,4,08,15,4,0,0,0,1,0,1,0,0
"POINT (7.127946956000073 51.264590439000074)",Unfall 90632 (2020) Kat:3, Licht: 2,90632,3,7,8,08,05,6,0,2,0,1,0,0,0,0
"POINT (7.191294032000030 51.275034693000066)",Unfall 90716 (2020) Kat:3, Licht: 0,90716,3,5,1,08,14,6,0,0,0,1,0,0,0,0
"POINT (7.165680745000032 51.239286851000031)",Unfall 90909 (2020) Kat:3, Licht: 0,90909,3,6,0,08,15,3,0,0,0,1,0,0,0,0
"POINT (7.235544893000053 51.262161820000074)",Unfall 90935 (2020) Kat:3, Licht: 0,90935,3,1,8,08,14,3,0,0,1,0,0,0,0,0
"POINT (7.143811612000036 51.248956165000038)",Unfall 91139 (2020) Kat:3, Licht: 0,91139,3,3,5,08,18,2,0,0,1,1,0,0,0,0
"POINT (7.193855284000051 51.252703655000062)",Unfall 91187 (2020) Kat:3, Licht: 0,91187,3,7,5,08,14,5,0,0,0,1,0,0,0,0
"POINT (7.139470167000070 51.261559167000030)",Unfall 91275 (2020) Kat:3, Licht: 0,91275,3,2,2,08,13,4,0,0,0,1,0,0,0,0
"POINT (7.077778509000041 51.234585172000038)",Unfall 91499 (2020) Kat:3, Licht: 0,91499,3,3,5,08,12,2,0,0,0,1,0,0,0,0
"POINT (7.113497422000023 51.193097264000073)",Unfall 91614 (2020) Kat:3, Licht: 0,91614,3,1,9,08,07,2,1,0,0,1,0,0,0,1
"POINT (7.139976968000042 51.267122973000028)",Unfall 91809 (2020) Kat:2, Licht: 0,91809,2,6,2,08,14,4,0,0,0,1,0,0,0,0
"POINT (7.167722875000038 51.285348630000044)",Unfall 91833 (2020) Kat:3, Licht: 0,91833,3,6,2,08,07,5,1,0,0,1,0,0,0,0
"POINT (7.150074835000055 51.273769302000062)",Unfall 91887 (2020) Kat:3, Licht: 0,91887,3,7,0,08,17,4,0,0,0,1,0,0,0,0
"POINT (7.159470316000068 51.257398199000079)",Unfall 91955 (2020) Kat:3, Licht: 0,91955,3,7,1,08,14,5,0,0,1,1,0,0,0,0
"POINT (7.252415407000058 51.306918447000044)",Unfall 92203 (2020) Kat:3, Licht: 0,92203,3,7,1,08,11,1,0,0,0,1,0,1,0,0
"POINT (7.070358914000053 51.241520859000047)",Unfall 92219 (2020) Kat:3, Licht: 2,92219,3,6,2,08,21,1,1,2,0,1,0,1,0,0
"POINT (7.042003425000075 51.215864223000040)",Unfall 92235 (2020) Kat:3, Licht: 0,92235,3,1,8,08,15,2,0,0,0,0,0,0,0,1
"POINT (7.176294180000070 51.262668296000072)",Unfall 92357 (2020) Kat:3, Licht: 0,92357,3,3,5,08,16,6,0,0,1,1,0,0,0,0
"POINT (7.112255473000062 51.199320547000070)",Unfall 92373 (2020) Kat:2, Licht: 2,92373,2,1,8,08,23,6,0,2,0,1,0,0,0,0
"POINT (7.184388642000045 51.278438191000077)",Unfall 92392 (2020) Kat:3, Licht: 0,92392,3,3,5,08,12,2,0,0,0,1,0,0,0,1
"POINT (7.234942855000043 51.228504811000050)",Unfall 92423 (2020) Kat:3, Licht: 0,92423,3,6,2,08,07,6,0,0,0,1,0,0,0,1
"POINT (7.192462086000035 51.249042517000078)",Unfall 92666 (2020) Kat:3, Licht: 2,92666,3,6,2,08,05,5,1,2,1,1,0,0,0,0
"POINT (7.237521114000060 51.271827921000067)",Unfall 92682 (2020) Kat:3, Licht: 0,92682,3,4,6,08,07,4,0,0,0,1,1,0,0,0
"POINT (7.165344073000028 51.257648250000045)",Unfall 92777 (2020) Kat:3, Licht: 0,92777,3,6,1,08,18,6,0,0,0,1,0,1,0,0
"POINT (7.206828472000041 51.273080910000033)",Unfall 92923 (2020) Kat:3, Licht: 0,92923,3,2,2,08,07,6,0,0,0,1,0,0,0,0
"POINT (7.151879343000076 51.270296595000048)",Unfall 92946 (2020) Kat:3, Licht: 0,92946,3,6,2,08,09,6,0,0,0,0,0,0,0,1
"POINT (7.191147487000023 51.244067839000081)",Unfall 92947 (2020) Kat:3, Licht: 0,92947,3,1,0,08,12,3,0,0,0,0,0,1,0,0
"POINT (7.100290688000030 51.237160327000026)",Unfall 93029 (2020) Kat:2, Licht: 2,93029,2,6,8,09,21,4,0,2,0,1,0,1,0,0
"POINT (7.200021015000061 51.294626468000047)",Unfall 93114 (2020) Kat:3, Licht: 0,93114,3,3,5,09,17,3,0,0,1,1,0,0,0,0
"POINT (7.202874648000034 51.280950793000045)",Unfall 93128 (2020) Kat:3, Licht: 0,93128,3,4,6,09,12,3,0,0,0,1,1,0,0,0
"POINT (7.067851706000056 51.230174232000081)",Unfall 93213 (2020) Kat:3, Licht: 0,93213,3,2,5,09,15,4,0,0,0,1,0,1,0,0
"POINT (7.218365757000072 51.275113252000040)",Unfall 93229 (2020) Kat:3, Licht: 0,93229,3,4,6,08,12,2,0,0,0,1,1,0,0,0
"POINT (7.146847044000026 51.254969355000071)",Unfall 93395 (2020) Kat:3, Licht: 0,93395,3,2,2,09,10,4,0,0,1,1,0,0,0,0
"POINT (7.179909287000044 51.268120025000030)",Unfall 93454 (2020) Kat:2, Licht: 0,93454,2,2,5,09,07,6,1,0,1,1,0,0,0,0
"POINT (7.194299065000053 51.287060198000063)",Unfall 93472 (2020) Kat:2, Licht: 0,93472,2,7,8,09,11,6,1,0,0,0,0,0,1,0
"POINT (7.228388356000039 51.275464348000071)",Unfall 93489 (2020) Kat:3, Licht: 0,93489,3,1,0,09,13,7,1,0,1,0,0,0,0,0
"POINT (7.156811729000026 51.257714457000077)",Unfall 93579 (2020) Kat:3, Licht: 0,93579,3,2,3,09,14,6,1,0,1,1,0,0,0,0
"POINT (7.187625141000069 51.246983814000032)",Unfall 93642 (2020) Kat:3, Licht: 0,93642,3,6,2,09,08,2,0,0,0,1,0,0,0,0
"POINT (7.198128774000054 51.259082914000032)",Unfall 93655 (2020) Kat:2, Licht: 0,93655,2,1,8,09,16,6,1,0,0,0,0,0,1,0
"POINT (7.159512166000070 51.271497787000044)",Unfall 93673 (2020) Kat:3, Licht: 1,93673,3,1,8,09,19,6,1,1,0,1,0,0,0,0
"POINT (7.223146111000062 51.275458278000031)",Unfall 93690 (2020) Kat:3, Licht: 0,93690,3,6,2,09,12,7,1,0,0,1,0,0,0,0
"POINT (7.131452326000044 51.255146671000034)",Unfall 93752 (2020) Kat:3, Licht: 1,93752,3,6,2,09,19,6,1,1,0,1,0,0,0,0
"POINT (7.130059333000077 51.251944011000035)",Unfall 93753 (2020) Kat:3, Licht: 0,93753,3,2,5,09,15,5,1,0,1,1,0,0,0,0
"POINT (7.063422190000040 51.220060125000032)",Unfall 93765 (2020) Kat:2, Licht: 0,93765,2,6,2,09,08,1,0,0,0,1,0,1,0,0
"POINT (7.205777106000028 51.216372932000070)",Unfall 93852 (2020) Kat:3, Licht: 0,93852,3,3,5,09,13,6,1,0,0,1,0,1,0,0
"POINT (7.218725414000062 51.275252053000031)",Unfall 93886 (2020) Kat:3, Licht: 0,93886,3,3,5,09,12,7,1,0,0,1,0,0,0,0
"POINT (7.201996141000052 51.295339361000060)",Unfall 93929 (2020) Kat:3, Licht: 0,93929,3,3,0,09,15,5,0,0,0,1,0,1,0,0
"POINT (7.128751603000069 51.267660395000064)",Unfall 93957 (2020) Kat:3, Licht: 0,93957,3,6,2,09,13,4,0,0,0,1,0,0,0,0
"POINT (7.131215685000029 51.252472110000042)",Unfall 93981 (2020) Kat:3, Licht: 0,93981,3,5,3,09,08,5,0,0,1,1,0,0,0,0
"POINT (7.151773141000035 51.270000168000081)",Unfall 94006 (2020) Kat:3, Licht: 0,94006,3,6,1,09,16,5,0,0,0,1,0,0,0,0
"POINT (7.250964457000066 51.309291988000041)",Unfall 94022 (2020) Kat:3, Licht: 0,94022,3,6,2,09,16,5,0,0,0,1,0,0,0,0
"POINT (7.177458825000031 51.263041422000072)",Unfall 94066 (2020) Kat:3, Licht: 1,94066,3,4,0,09,20,4,0,1,0,1,1,0,0,0
"POINT (7.205862848000038 51.287540107000041)",Unfall 94089 (2020) Kat:3, Licht: 0,94089,3,6,2,09,15,5,0,0,0,1,0,0,0,0
"POINT (7.136379599000065 51.262658140000042)",Unfall 94094 (2020) Kat:3, Licht: 0,94094,3,7,0,09,10,3,0,0,0,1,1,0,0,0
"POINT (7.158601697000051 51.257348132000061)",Unfall 94097 (2020) Kat:3, Licht: 0,94097,3,5,1,09,08,3,0,0,1,1,0,0,0,0
"POINT (7.127287612000032 51.264321771000027)",Unfall 94113 (2020) Kat:3, Licht: 0,94113,3,6,2,09,17,5,0,0,0,1,0,0,0,0
"POINT (7.070957581000073 51.221843926000076)",Unfall 94114 (2020) Kat:3, Licht: 0,94114,3,6,2,09,08,3,0,0,0,1,0,0,0,0
"POINT (7.141282916000023 51.267468732000054)",Unfall 94172 (2020) Kat:2, Licht: 0,94172,2,6,3,09,10,1,0,0,0,1,0,0,0,0
"POINT (7.111727355000028 51.284968174000028)",Unfall 94221 (2020) Kat:2, Licht: 2,94221,2,7,0,09,23,7,0,2,0,0,0,0,0,1
"POINT (7.155375380000066 51.284171671000081)",Unfall 94222 (2020) Kat:3, Licht: 0,94222,3,5,1,09,11,7,0,0,0,1,0,1,0,0
"POINT (7.113863067000068 51.193064562000075)",Unfall 94452 (2020) Kat:3, Licht: 0,94452,3,1,0,09,12,3,0,0,0,0,0,1,0,0
"POINT (7.229550721000067 51.304648205000035)",Unfall 94616 (2020) Kat:3, Licht: 0,94616,3,6,8,09,09,2,0,0,0,1,0,0,0,1
"POINT (7.228026083000032 51.287022484000033)",Unfall 94729 (2020) Kat:2, Licht: 0,94729,2,6,4,09,15,1,0,0,1,0,0,0,0,0
"POINT (7.208017371000040 51.273507829000039)",Unfall 94872 (2020) Kat:3, Licht: 2,94872,3,7,1,09,22,5,0,2,0,1,0,0,0,0
"POINT (7.228441130000022 51.270422790000055)",Unfall 95031 (2020) Kat:3, Licht: 1,95031,3,1,0,09,18,6,0,1,0,0,0,1,0,0
"POINT (7.195832878000033 51.237918869000055)",Unfall 95039 (2020) Kat:3, Licht: 0,95039,3,6,2,09,10,6,0,0,0,1,0,0,1,0
"POINT (7.195146956000031 51.237190612000063)",Unfall 95042 (2020) Kat:3, Licht: 0,95042,3,2,4,09,08,6,0,0,0,1,0,0,0,0
"POINT (7.153183664000039 51.258969343000047)",Unfall 95045 (2020) Kat:3, Licht: 0,95045,3,2,0,09,13,6,0,0,1,1,0,0,0,0
"POINT (7.153138048000074 51.258909110000047)",Unfall 95049 (2020) Kat:3, Licht: 0,95049,3,2,0,09,13,6,0,0,1,1,0,0,0,0
"POINT (7.150395440000068 51.217548824000062)",Unfall 95057 (2020) Kat:3, Licht: 0,95057,3,6,1,09,12,6,0,0,0,1,0,1,0,0
"POINT (7.109781089000023 51.255520271000080)",Unfall 95067 (2020) Kat:3, Licht: 0,95067,3,6,3,09,17,4,0,0,0,1,0,0,1,0
"POINT (7.135911948000057 51.266403123000032)",Unfall 95068 (2020) Kat:3, Licht: 0,95068,3,6,1,09,17,4,0,0,0,1,0,0,0,0
"POINT (7.215360795000038 51.302417959000081)",Unfall 95188 (2020) Kat:3, Licht: 1,95188,3,7,5,09,18,1,0,1,0,1,0,0,0,0
"POINT (7.144604682000022 51.260952791000079)",Unfall 95191 (2020) Kat:3, Licht: 0,95191,3,5,1,09,14,1,0,0,0,1,0,1,0,0
"POINT (7.143605888000025 51.243919923000078)",Unfall 95192 (2020) Kat:3, Licht: 2,95192,3,2,5,09,19,1,0,2,1,1,0,0,0,0
"POINT (7.190359436000051 51.279590240000061)",Unfall 95203 (2020) Kat:3, Licht: 0,95203,3,3,5,09,08,2,0,0,0,1,0,0,0,1
"POINT (7.202550389000066 51.263496903000032)",Unfall 95207 (2020) Kat:3, Licht: 0,95207,3,2,5,09,09,2,0,0,0,1,0,0,0,0
"POINT (7.184182331000045 51.278342077000048)",Unfall 95340 (2020) Kat:3, Licht: 0,95340,3,2,0,09,11,7,0,0,0,1,0,1,0,0
"POINT (7.148183222000057 51.259128891000046)",Unfall 95341 (2020) Kat:3, Licht: 0,95341,3,6,3,09,16,7,0,0,0,1,0,0,0,1
"POINT (7.151606745000038 51.258864695000057)",Unfall 95542 (2020) Kat:3, Licht: 0,95542,3,2,5,09,16,4,0,0,1,1,0,0,0,0
"POINT (7.157465196000032 51.256247963000078)",Unfall 95543 (2020) Kat:3, Licht: 2,95543,3,7,0,09,20,4,1,2,0,0,0,1,0,0
"POINT (7.136693810000054 51.253839175000053)",Unfall 95576 (2020) Kat:2, Licht: 0,95576,2,6,3,09,17,5,0,0,0,1,0,0,0,1
"POINT (7.198825304000025 51.269981852000058)",Unfall 95706 (2020) Kat:3, Licht: 0,95706,3,5,2,09,12,3,0,0,0,1,0,0,0,0
"POINT (7.216591178000044 51.271078533000036)",Unfall 95708 (2020) Kat:3, Licht: 0,95708,3,3,5,09,14,3,0,0,0,1,0,0,0,1
"POINT (7.144696682000074 51.254681428000026)",Unfall 95709 (2020) Kat:2, Licht: 0,95709,2,6,1,09,13,3,0,0,0,1,0,0,0,0
"POINT (7.212041977000069 51.270523876000027)",Unfall 96150 (2020) Kat:3, Licht: 0,96150,3,7,3,09,14,6,0,0,0,1,0,0,0,0
"POINT (7.131058636000034 51.252397602000030)",Unfall 96151 (2020) Kat:3, Licht: 0,96151,3,6,5,09,12,6,0,0,1,1,0,0,0,0
"POINT (7.106818673000021 51.252307078000058)",Unfall 96167 (2020) Kat:3, Licht: 0,96167,3,6,2,09,18,6,0,0,0,1,0,0,0,0
"POINT (7.133466100000021 51.265449435000050)",Unfall 96272 (2020) Kat:3, Licht: 0,96272,3,2,3,10,16,6,0,0,1,1,0,0,0,0
"POINT (7.233349983000039 51.256944628000042)",Unfall 96274 (2020) Kat:3, Licht: 0,96274,3,6,1,10,07,5,0,0,0,1,0,0,0,0
"POINT (7.182402879000051 51.280816671000082)",Unfall 96305 (2020) Kat:3, Licht: 2,96305,3,6,2,09,06,4,1,2,0,1,0,0,0,0
"POINT (7.106215200000065 51.251632834000077)",Unfall 96380 (2020) Kat:3, Licht: 2,96380,3,1,7,09,04,4,1,2,0,0,0,0,1,0
"POINT (7.208201906000056 51.282346804000042)",Unfall 96435 (2020) Kat:3, Licht: 0,96435,3,6,0,09,14,4,0,0,0,1,0,0,0,1
"POINT (7.197041223000042 51.269771080000055)",Unfall 96465 (2020) Kat:3, Licht: 0,96465,3,6,2,10,17,6,0,0,0,1,0,0,0,0
"POINT (7.225719021000032 51.249884678000058)",Unfall 96467 (2020) Kat:2, Licht: 0,96467,2,1,8,10,17,5,1,0,0,1,0,0,0,0
"POINT (7.206596064000053 51.285633877000066)",Unfall 96503 (2020) Kat:3, Licht: 0,96503,3,1,8,09,17,3,1,0,0,1,0,0,0,0
"POINT (7.171265515000073 51.261094140000068)",Unfall 96511 (2020) Kat:3, Licht: 0,96511,3,1,0,09,15,3,1,0,0,0,0,1,0,0
"POINT (7.207217642000046 51.267640041000050)",Unfall 96521 (2020) Kat:2, Licht: 1,96521,2,7,0,09,18,3,1,1,1,1,0,0,0,0
"POINT (7.189256807000049 51.244362838000029)",Unfall 96543 (2020) Kat:2, Licht: 0,96543,2,7,0,09,11,3,1,0,0,1,0,0,0,0
"POINT (7.103840550000030 51.248078701000054)",Unfall 96553 (2020) Kat:3, Licht: 0,96553,3,3,5,09,11,3,1,0,0,1,0,0,0,0
"POINT (7.158135899000058 51.257409699000050)",Unfall 96564 (2020) Kat:3, Licht: 0,96564,3,5,0,10,08,5,0,0,0,1,0,0,0,1
"POINT (7.205775666000022 51.225242432000073)",Unfall 96635 (2020) Kat:3, Licht: 0,96635,3,3,5,09,09,4,1,0,0,1,0,1,0,0
"POINT (7.228344987000071 51.275558343000057)",Unfall 96664 (2020) Kat:1, Licht: 0,96664,1,6,3,10,14,5,0,0,1,0,0,0,1,0
"POINT (7.206559713000047 51.291456222000079)",Unfall 96748 (2020) Kat:3, Licht: 0,96748,3,6,0,10,15,5,0,0,0,1,0,0,0,0
"POINT (7.148492526000041 51.270607280000036)",Unfall 96789 (2020) Kat:3, Licht: 2,96789,3,1,9,10,19,2,1,2,0,1,0,0,0,0
"POINT (7.130621179000059 51.265367982000043)",Unfall 96924 (2020) Kat:3, Licht: 0,96924,3,6,2,10,16,5,1,0,0,1,0,0,1,0
"POINT (7.105139815000030 51.206956025000068)",Unfall 96932 (2020) Kat:3, Licht: 0,96932,3,1,8,10,13,5,1,0,0,1,0,0,0,0
"POINT (7.173498332000065 51.259093362000044)",Unfall 97002 (2020) Kat:3, Licht: 0,97002,3,6,2,10,17,2,1,0,0,1,0,0,0,0
"POINT (7.215769729000044 51.274720325000033)",Unfall 97017 (2020) Kat:3, Licht: 0,97017,3,2,5,10,15,4,1,0,1,1,0,0,0,0
"POINT (7.055116823000049 51.223361156000067)",Unfall 97029 (2020) Kat:3, Licht: 0,97029,3,3,5,10,15,4,1,0,0,1,0,0,0,1
"POINT (7.197786399000052 51.268836685000053)",Unfall 97051 (2020) Kat:2, Licht: 0,97051,2,3,5,10,14,1,0,0,0,1,0,0,0,0
"POINT (7.229082870000070 51.243629900000030)",Unfall 97060 (2020) Kat:2, Licht: 0,97060,2,1,9,10,14,1,1,0,0,1,0,0,0,0
"POINT (7.139494215000070 51.261552771000026)",Unfall 97064 (2020) Kat:3, Licht: 0,97064,3,6,2,10,14,1,1,0,0,1,0,0,0,0
"POINT (7.107310986000073 51.253118961000041)",Unfall 97195 (2020) Kat:2, Licht: 2,97195,2,1,9,10,23,3,1,2,0,1,0,0,0,0
"POINT (7.240299854000057 51.280711741000061)",Unfall 97276 (2020) Kat:3, Licht: 0,97276,3,4,6,10,16,2,0,0,0,1,1,0,0,0
"POINT (7.141703288000031 51.256859093000060)",Unfall 97327 (2020) Kat:3, Licht: 0,97327,3,3,5,10,08,7,1,0,0,1,0,0,0,0
"POINT (7.182697076000068 51.280426255000066)",Unfall 97381 (2020) Kat:3, Licht: 0,97381,3,1,2,10,09,2,0,0,0,1,0,0,0,0
"POINT (7.197094368000023 51.269555696000054)",Unfall 97514 (2020) Kat:3, Licht: 0,97514,3,2,2,10,14,6,0,0,0,1,0,0,0,0
"POINT (7.195778374000042 51.256163362000052)",Unfall 97517 (2020) Kat:3, Licht: 1,97517,3,6,2,10,07,6,1,1,0,1,0,1,0,0
"POINT (7.143258644000071 51.246776033000060)",Unfall 97518 (2020) Kat:3, Licht: 0,97518,3,3,5,10,18,6,0,0,0,1,0,0,0,0
"POINT (7.166330923000032 51.258159656000032)",Unfall 97563 (2020) Kat:3, Licht: 0,97563,3,3,5,10,12,5,0,0,0,1,0,0,0,0
"POINT (7.073303733000046 51.232524663000049)",Unfall 97583 (2020) Kat:2, Licht: 2,97583,2,4,6,10,19,6,0,2,0,1,1,0,0,0
"POINT (7.182647291000023 51.279087096000069)",Unfall 97624 (2020) Kat:3, Licht: 0,97624,3,2,2,10,10,4,0,0,0,1,0,0,0,0
"POINT (7.074673305000033 51.253255373000059)",Unfall 97672 (2020) Kat:3, Licht: 0,97672,3,1,7,10,14,3,0,0,1,0,0,0,0,0
"POINT (7.219233644000042 51.303595049000080)",Unfall 97699 (2020) Kat:3, Licht: 2,97699,3,1,9,10,23,6,0,2,0,1,0,0,0,0
"POINT (7.223045066000054 51.275455480000062)",Unfall 97794 (2020) Kat:3, Licht: 0,97794,3,3,5,10,14,4,0,0,1,1,0,0,0,0
"POINT (7.185465333000025 51.265552622000030)",Unfall 97824 (2020) Kat:3, Licht: 2,97824,3,6,2,10,22,3,1,2,0,1,0,0,0,0
"POINT (7.133842006000066 51.252988201000051)",Unfall 97852 (2020) Kat:3, Licht: 0,97852,3,6,2,10,09,2,1,0,0,1,0,0,0,0
"POINT (7.149056141000074 51.257453418000068)",Unfall 97854 (2020) Kat:3, Licht: 0,97854,3,6,0,10,15,2,0,0,0,1,0,1,0,0
"POINT (7.136426656000026 51.251447817000042)",Unfall 97903 (2020) Kat:3, Licht: 0,97903,3,4,0,10,10,3,0,0,0,1,1,0,0,0
"POINT (7.197816147000026 51.268662140000060)",Unfall 98015 (2020) Kat:3, Licht: 2,98015,3,6,0,10,20,1,0,2,0,1,0,1,0,0
"POINT (7.146466742000030 51.214635266000073)",Unfall 98037 (2020) Kat:3, Licht: 0,98037,3,6,2,10,17,3,1,0,0,1,0,0,0,0
"POINT (7.117886521000060 51.262578351000059)",Unfall 98111 (2020) Kat:3, Licht: 0,98111,3,6,3,10,16,3,0,0,0,1,0,0,1,0
"POINT (7.143209223000042 51.246260148000033)",Unfall 98166 (2020) Kat:3, Licht: 0,98166,3,6,2,10,14,5,1,0,0,1,0,0,0,1
"POINT (7.156900929000074 51.256297491000055)",Unfall 98284 (2020) Kat:3, Licht: 0,98284,3,1,0,10,13,5,0,0,0,0,0,1,0,0
"POINT (7.240336696000043 51.280716959000074)",Unfall 98344 (2020) Kat:3, Licht: 1,98344,3,6,3,10,07,4,1,1,0,1,0,0,1,0
"POINT (7.249220844000035 51.313522589000058)",Unfall 98349 (2020) Kat:3, Licht: 0,98349,3,3,0,10,17,4,0,0,0,1,0,1,0,0
"POINT (7.180807573000038 51.267335397000068)",Unfall 98372 (2020) Kat:2, Licht: 0,98372,2,4,6,10,16,5,0,0,1,0,1,0,0,0
"POINT (7.071327169000028 51.252832458000057)",Unfall 98403 (2020) Kat:3, Licht: 0,98403,3,6,2,10,15,7,0,0,0,1,0,1,0,0
"POINT (7.162730286000056 51.256706010000073)",Unfall 98423 (2020) Kat:3, Licht: 0,98423,3,2,2,10,11,5,1,0,0,1,0,1,0,0
"POINT (7.194880733000048 51.281109636000053)",Unfall 98569 (2020) Kat:3, Licht: 0,98569,3,4,6,10,15,3,0,0,0,1,1,0,0,0
"POINT (7.216454350000049 51.275015103000044)",Unfall 98720 (2020) Kat:3, Licht: 2,98720,3,7,1,10,22,3,1,2,0,0,0,1,0,1
"POINT (7.104621833000067 51.249811188000081)",Unfall 98747 (2020) Kat:3, Licht: 2,98747,3,6,9,10,20,1,1,2,0,1,0,0,0,0
"POINT (7.235459697000067 51.277128264000055)",Unfall 98791 (2020) Kat:3, Licht: 0,98791,3,6,2,10,14,3,0,0,0,1,0,0,0,1
"POINT (7.195810231000053 51.268115808000061)",Unfall 99078 (2020) Kat:3, Licht: 2,99078,3,2,6,10,21,6,1,2,0,0,1,0,0,1
"POINT (7.193431953000072 51.234726062000050)",Unfall 99083 (2020) Kat:3, Licht: 2,99083,3,4,6,10,18,6,1,2,0,1,1,0,0,0
"POINT (7.136126406000074 51.251639268000076)",Unfall 99087 (2020) Kat:3, Licht: 0,99087,3,3,5,10,10,6,1,0,0,1,0,0,0,0
"POINT (7.081200086000024 51.234715947000041)",Unfall 99089 (2020) Kat:2, Licht: 2,99089,2,2,6,10,19,6,1,2,0,1,1,0,0,0
"POINT (7.197138933000076 51.269671197000036)",Unfall 99187 (2020) Kat:3, Licht: 0,99187,3,6,2,10,16,5,1,0,0,1,0,0,0,0
"POINT (7.225167600000020 51.285618710000051)",Unfall 99191 (2020) Kat:2, Licht: 2,99191,2,2,3,10,16,5,1,2,0,1,0,0,0,0
"POINT (7.209034235000047 51.271106656000029)",Unfall 99195 (2020) Kat:3, Licht: 1,99195,3,3,5,10,16,5,1,1,0,1,0,0,0,0
"POINT (7.146143417000076 51.214911449000056)",Unfall 99202 (2020) Kat:3, Licht: 1,99202,3,6,2,10,17,5,1,1,0,1,0,0,0,0
"POINT (7.157434508000051 51.256250465000051)",Unfall 99206 (2020) Kat:3, Licht: 0,99206,3,6,2,10,14,5,1,0,0,1,0,1,0,0
"POINT (7.146920795000028 51.255080328000076)",Unfall 99218 (2020) Kat:2, Licht: 2,99218,2,6,3,10,19,5,1,2,0,1,0,0,0,0
"POINT (7.095356412000058 51.255934581000076)",Unfall 99235 (2020) Kat:3, Licht: 2,99235,3,6,2,10,06,5,1,2,0,1,0,0,0,0
"POINT (7.179068252000036 51.273370299000078)",Unfall 99264 (2020) Kat:3, Licht: 0,99264,3,6,2,11,13,5,0,0,0,1,0,0,0,1
"POINT (7.278361270000062 51.220581769000034)",Unfall 99277 (2020) Kat:2, Licht: 0,99277,2,1,9,11,13,7,0,0,0,0,0,1,0,0
"POINT (7.136494839000022 51.262616296000033)",Unfall 99529 (2020) Kat:2, Licht: 0,99529,2,4,6,11,13,5,0,0,0,1,1,0,0,0
"POINT (7.090236008000034 51.236745601000052)",Unfall 99593 (2020) Kat:3, Licht: 0,99593,3,6,2,11,15,3,1,0,0,1,0,0,0,0
"POINT (7.133515949000071 51.253275580000036)",Unfall 99607 (2020) Kat:3, Licht: 0,99607,3,7,0,11,16,6,0,0,1,1,0,0,0,0
"POINT (7.158186560000047 51.265366213000050)",Unfall 99683 (2020) Kat:3, Licht: 0,99683,3,6,2,11,16,3,0,0,0,1,0,0,0,0
"POINT (7.172992937000061 51.268454189000067)",Unfall 99936 (2020) Kat:3, Licht: 1,99936,3,2,0,11,16,5,0,1,0,1,1,0,0,0
"POINT (7.054993546000048 51.223250972000073)",Unfall 100117 (2020) Kat:3, Licht: 2,100117,3,7,5,11,21,4,0,2,0,1,0,0,0,0
"POINT (7.152371775000063 51.258787212000072)",Unfall 100189 (2020) Kat:3, Licht: 2,100189,3,3,5,11,06,3,1,2,1,1,0,0,0,0
"POINT (7.075861105000058 51.233709065000028)",Unfall 100221 (2020) Kat:3, Licht: 0,100221,3,7,6,11,14,1,0,0,0,1,1,0,0,0
"POINT (7.044085084000074 51.230547531000070)",Unfall 100472 (2020) Kat:3, Licht: 0,100472,3,1,9,11,12,7,1,0,0,0,0,1,0,0
"POINT (7.065993742000046 51.233859772000073)",Unfall 100523 (2020) Kat:2, Licht: 2,100523,2,4,6,11,06,3,1,2,0,1,1,0,0,0
"POINT (7.068578223000031 51.230456597000057)",Unfall 100659 (2020) Kat:3, Licht: 1,100659,3,6,1,11,17,5,1,1,0,1,0,0,1,0
"POINT (7.147822980000058 51.262861444000066)",Unfall 100747 (2020) Kat:3, Licht: 2,100747,3,4,6,11,20,2,0,2,0,1,1,0,0,0
"POINT (7.060819741000046 51.219280562000051)",Unfall 100793 (2020) Kat:3, Licht: 0,100793,3,6,2,11,08,3,0,0,0,1,0,0,0,0
"POINT (7.130322213000056 51.265322692000041)",Unfall 100794 (2020) Kat:3, Licht: 0,100794,3,6,2,11,14,1,1,0,0,1,0,0,0,0
"POINT (7.130119925000031 51.266263226000035)",Unfall 100853 (2020) Kat:3, Licht: 0,100853,3,6,2,11,12,2,0,0,0,1,0,0,0,0
"POINT (7.090964650000046 51.256157656000028)",Unfall 100964 (2020) Kat:3, Licht: 0,100964,3,1,8,11,09,6,1,0,0,1,0,0,0,0
"POINT (7.143924600000048 51.252850401000046)",Unfall 100983 (2020) Kat:3, Licht: 0,100983,3,6,1,11,16,6,0,0,0,1,0,0,0,1
"POINT (7.085517798000069 51.235278654000069)",Unfall 101154 (2020) Kat:3, Licht: 2,101154,3,3,0,11,16,4,0,2,0,1,0,0,0,1
"POINT (7.201906733000044 51.288932614000032)",Unfall 101201 (2020) Kat:3, Licht: 0,101201,3,6,2,11,07,4,0,0,0,1,0,0,0,0
"POINT (7.103082286000074 51.290979321000066)",Unfall 101242 (2020) Kat:3, Licht: 2,101242,3,6,2,11,06,3,0,2,0,1,0,0,0,0
"POINT (7.197877550000044 51.268869915000039)",Unfall 101327 (2020) Kat:2, Licht: 0,101327,2,4,6,12,11,3,1,0,0,1,1,0,0,0
"POINT (7.216566131000036 51.275041039000030)",Unfall 101328 (2020) Kat:3, Licht: 0,101328,3,6,2,12,13,3,1,0,0,1,0,1,0,0
"POINT (7.148091598000065 51.259130492000054)",Unfall 101329 (2020) Kat:2, Licht: 0,101329,2,4,6,12,11,3,1,0,0,1,1,0,0,0
"POINT (7.202784164000036 51.276800872000081)",Unfall 101555 (2020) Kat:3, Licht: 2,101555,3,4,6,11,18,7,0,2,0,1,1,0,0,0
"POINT (7.131444275000035 51.256086936000031)",Unfall 101556 (2020) Kat:3, Licht: 2,101556,3,1,0,11,20,7,0,2,0,0,0,1,0,0
"POINT (7.070933017000073 51.231418892000079)",Unfall 101589 (2020) Kat:3, Licht: 2,101589,3,1,0,12,16,1,1,2,0,0,0,1,0,0
"POINT (7.151845982000054 51.219387067000071)",Unfall 101739 (2020) Kat:2, Licht: 0,101739,2,6,2,12,14,6,1,0,0,1,0,0,0,1
"POINT (7.214875111000026 51.274703171000056)",Unfall 101757 (2020) Kat:3, Licht: 0,101757,3,6,2,12,10,4,1,0,0,1,0,0,0,0
"POINT (7.195102294000037 51.256293958000072)",Unfall 101765 (2020) Kat:3, Licht: 0,101765,3,1,8,12,13,4,1,0,0,1,0,0,0,0
"POINT (7.151979024000070 51.219556024000042)",Unfall 101853 (2020) Kat:2, Licht: 2,101853,2,1,8,12,05,5,1,2,0,1,0,0,0,0
"POINT (7.136820657000044 51.253871169000035)",Unfall 101854 (2020) Kat:3, Licht: 0,101854,3,6,2,12,10,5,1,0,0,1,0,1,0,0
"POINT (7.153243591000035 51.258617231000073)",Unfall 101855 (2020) Kat:3, Licht: 2,101855,3,4,6,12,07,5,1,2,0,1,1,0,0,0
"POINT (7.113947053000061 51.260554719000027)",Unfall 101903 (2020) Kat:3, Licht: 2,101903,3,6,2,12,07,5,1,2,0,1,0,0,0,0
"POINT (7.237828356000023 51.273770331000037)",Unfall 101944 (2020) Kat:3, Licht: 2,101944,3,5,1,12,18,3,0,2,0,1,0,1,0,0
"POINT (7.096465351000063 51.255911848000039)",Unfall 102008 (2020) Kat:3, Licht: 0,102008,3,1,0,12,12,4,1,0,0,0,1,0,0,1
"POINT (7.146753393000040 51.239105952000045)",Unfall 102070 (2020) Kat:2, Licht: 0,102070,2,6,3,12,10,2,1,0,0,1,0,0,0,0
"POINT (7.213817207000034 51.274353188000077)",Unfall 102095 (2020) Kat:2, Licht: 1,102095,2,2,6,12,07,3,0,1,0,1,1,0,0,0
"POINT (7.136708822000060 51.253842961000032)",Unfall 102157 (2020) Kat:3, Licht: 0,102157,3,3,5,12,15,4,0,0,0,1,0,0,0,1
"POINT (7.095000948000063 51.255937385000038)",Unfall 102168 (2020) Kat:2, Licht: 2,102168,2,6,3,12,17,3,1,2,0,1,0,0,0,0
"POINT (7.097102007000046 51.246575032000067)",Unfall 102247 (2020) Kat:2, Licht: 2,102247,2,6,3,12,07,4,1,2,0,1,0,0,1,0
"POINT (7.180544210000051 51.298062389000052)",Unfall 102309 (2020) Kat:3, Licht: 0,102309,3,3,5,12,08,3,1,0,0,1,0,0,0,0
"POINT (7.206792138000026 51.273055565000050)",Unfall 102315 (2020) Kat:3, Licht: 2,102315,3,2,6,12,17,6,1,2,0,1,1,0,0,0
"POINT (7.183939133000024 51.265077254000062)",Unfall 102318 (2020) Kat:3, Licht: 2,102318,3,5,2,12,23,6,1,2,0,1,0,0,0,0
"POINT (7.148183222000057 51.259128891000046)",Unfall 102414 (2020) Kat:2, Licht: 2,102414,2,4,6,12,16,3,1,2,0,1,1,0,0,0
"POINT (7.182453834000057 51.277358686000071)",Unfall 102419 (2020) Kat:3, Licht: 0,102419,3,2,4,12,12,1,0,0,0,1,0,0,0,0
"POINT (7.199446719000036 51.262619856000072)",Unfall 102423 (2020) Kat:2, Licht: 2,102423,2,1,9,12,01,1,0,2,0,1,0,0,0,0
"POINT (7.154164395000066 51.270557316000065)",Unfall 102428 (2020) Kat:2, Licht: 1,102428,2,6,2,12,16,3,1,1,0,1,0,0,0,0
"POINT (7.158167587000037 51.277264559000059)",Unfall 102454 (2020) Kat:3, Licht: 0,102454,3,6,1,12,13,2,1,0,0,1,0,0,0,0
"POINT (7.096231211000031 51.246028234000050)",Unfall 102479 (2020) Kat:2, Licht: 0,102479,2,6,3,12,17,4,0,0,0,1,0,0,0,0
"POINT (7.148257298000033 51.259125894000078)",Unfall 102498 (2020) Kat:3, Licht: 0,102498,3,3,5,12,14,3,1,0,0,1,0,0,0,0
"POINT (7.160872244000075 51.256132899000079)",Unfall 102519 (2020) Kat:3, Licht: 2,102519,3,3,1,12,19,7,1,2,0,1,0,0,0,0
"POINT (7.162992872000075 51.256970132000049)",Unfall 102585 (2020) Kat:3, Licht: 0,102585,3,6,2,12,15,3,1,0,0,1,0,0,0,0
"POINT (7.069289566000066 51.229313083000079)",Unfall 102664 (2020) Kat:3, Licht: 0,102664,3,7,5,12,09,3,1,0,0,1,0,0,1,0
"POINT (7.152102672000069 51.222304743000052)",Unfall 102734 (2020) Kat:3, Licht: 0,102734,3,2,4,12,12,2,1,0,0,1,0,0,0,0
"POINT (7.218762356000070 51.271235944000068)",Unfall 102744 (2020) Kat:3, Licht: 0,102744,3,6,2,12,15,6,0,0,0,1,0,0,0,0
"POINT (7.175129726000023 51.289952749000065)",Unfall 102745 (2020) Kat:3, Licht: 0,102745,3,1,0,12,14,7,1,0,0,0,0,1,0,0
"POINT (7.200623943000039 51.265716520000069)",Unfall 102926 (2020) Kat:3, Licht: 0,102926,3,5,1,12,12,7,1,0,1,1,0,0,0,0
"POINT (7.148527167000054 51.269539536000082)",Unfall 103009 (2020) Kat:3, Licht: 2,103009,3,1,7,12,04,7,0,2,0,1,0,0,0,0
"POINT (7.233323757000051 51.256922170000053)",Unfall 103085 (2020) Kat:3, Licht: 1,103085,3,3,5,12,16,4,0,1,0,1,0,0,0,1
"POINT (7.228418867000073 51.274081434000038)",Unfall 103193 (2020) Kat:3, Licht: 2,103193,3,2,4,12,00,3,0,2,0,1,0,0,0,0
"POINT (7.089919682000073 51.231464667000068)",Unfall 103227 (2020) Kat:2, Licht: 0,103227,2,7,9,12,10,5,1,0,0,1,0,0,0,0
"POINT (7.208921519000057 51.267959887000075)",Unfall 103279 (2020) Kat:2, Licht: 0,103279,2,3,5,12,11,3,1,0,0,1,0,1,0,0
"POINT (7.116412291000074 51.275633911000057)",Unfall 103390 (2020) Kat:3, Licht: 0,103390,3,2,6,12,12,5,1,0,0,1,1,0,0,0
"POINT (7.163412298000026 51.258689883000045)",Unfall 103467 (2020) Kat:3, Licht: 2,103467,3,7,0,12,04,3,2,2,0,0,0,1,0,0
"POINT (7.147248128000058 51.265011440000080)",Unfall 103474 (2020) Kat:3, Licht: 2,103474,3,7,8,12,21,4,1,2,0,1,0,0,0,0
"POINT (7.163725144000068 51.257068786000048)",Unfall 103555 (2020) Kat:3, Licht: 0,103555,3,1,0,12,08,3,2,0,0,0,0,1,0,0
"POINT (7.189507472000059 51.275993545000063)",Unfall 103587 (2020) Kat:3, Licht: 0,103587,3,3,5,12,12,4,1,0,0,1,0,0,0,0
"POINT (7.215841599000044 51.271139998000081)",Unfall 103593 (2020) Kat:3, Licht: 0,103593,3,1,8,12,09,2,1,0,0,1,0,0,0,0
"POINT (7.105578839000032 51.252891979000026)",Unfall 200863 (2020) Kat:3, Licht: 2,200863,3,1,0,01,18,4,2,2,1,0,0,0,0,0
"POINT (7.065427588000034 51.226848369000038)",Unfall 200933 (2020) Kat:3, Licht: 0,200933,3,7,1,01,11,5,0,0,0,1,0,0,0,1
"POINT (7.223470686000042 51.272638115000063)",Unfall 200966 (2020) Kat:2, Licht: 2,200966,2,1,8,01,02,4,0,2,0,1,0,0,0,0
"POINT (7.163713365000035 51.255557113000066)",Unfall 200983 (2020) Kat:2, Licht: 0,200983,2,5,5,01,11,6,1,0,1,1,0,0,0,0
"POINT (7.172735163000027 51.258789180000065)",Unfall 201237 (2020) Kat:3, Licht: 2,201237,3,5,1,01,19,6,1,2,0,1,0,0,0,0
"POINT (7.136270771000056 51.254046735000031)",Unfall 201274 (2020) Kat:3, Licht: 0,201274,3,4,6,01,11,4,1,0,0,1,1,0,0,0
"POINT (7.217806233000033 51.275881011000081)",Unfall 201419 (2020) Kat:2, Licht: 2,201419,2,7,6,01,17,4,1,2,0,0,1,0,0,1
"POINT (7.152539048000051 51.245175032000077)",Unfall 201448 (2020) Kat:3, Licht: 0,201448,3,6,2,01,16,2,0,0,0,1,0,0,0,0
"POINT (7.153917755000066 51.255195327000081)",Unfall 201468 (2020) Kat:3, Licht: 0,201468,3,7,0,01,14,7,0,0,0,1,0,0,0,1
"POINT (7.189004777000037 51.268161967000026)",Unfall 201754 (2020) Kat:3, Licht: 1,201754,3,4,6,01,08,5,0,1,0,1,1,0,0,0
"POINT (7.199214889000075 51.271146635000036)",Unfall 201966 (2020) Kat:2, Licht: 0,201966,2,7,0,01,15,3,0,0,0,0,0,0,0,1
"POINT (7.162147443000038 51.257813090000070)",Unfall 201969 (2020) Kat:3, Licht: 0,201969,3,4,6,01,09,3,0,0,0,1,1,0,0,0
"POINT (7.073668134000059 51.232353677000049)",Unfall 202050 (2020) Kat:2, Licht: 0,202050,2,4,0,01,11,7,0,0,1,0,1,0,0,0
"POINT (7.221510738000063 51.270529449000037)",Unfall 202091 (2020) Kat:3, Licht: 1,202091,3,7,0,01,08,5,0,1,0,1,1,0,0,0
"POINT (7.190295963000040 51.279601029000048)",Unfall 202121 (2020) Kat:2, Licht: 2,202121,2,2,6,01,07,2,1,2,0,0,1,0,0,1
"POINT (7.152489821000074 51.241280178000068)",Unfall 202142 (2020) Kat:3, Licht: 2,202142,3,1,0,01,22,4,1,2,1,0,0,0,0,0
"POINT (7.097981122000022 51.237619584000072)",Unfall 202161 (2020) Kat:2, Licht: 2,202161,2,7,6,01,18,5,1,2,0,1,1,0,0,0
"POINT (7.292438796000056 51.247622746000047)",Unfall 202253 (2020) Kat:3, Licht: 0,202253,3,6,6,01,17,3,0,0,0,1,1,0,0,0
"POINT (7.222279201000049 51.271081369000058)",Unfall 202254 (2020) Kat:3, Licht: 0,202254,3,4,6,01,15,3,1,0,0,0,1,0,0,1
"POINT (7.095433534000051 51.242319330000043)",Unfall 202255 (2020) Kat:2, Licht: 0,202255,2,1,1,01,13,3,0,0,0,1,0,0,0,0
"POINT (7.137948479000045 51.250461405000067)",Unfall 202266 (2020) Kat:2, Licht: 2,202266,2,4,6,01,19,5,1,2,0,1,1,0,0,0
"POINT (7.081200086000024 51.234715947000041)",Unfall 202301 (2020) Kat:2, Licht: 0,202301,2,3,5,01,12,1,0,0,0,1,0,0,0,0
"POINT (7.143514851000020 51.255233815000054)",Unfall 202387 (2020) Kat:3, Licht: 0,202387,3,7,6,02,15,2,0,0,0,1,1,0,0,0
"POINT (7.144166274000042 51.255933599000059)",Unfall 202388 (2020) Kat:3, Licht: 0,202388,3,3,5,01,15,6,0,0,1,1,0,0,0,0
"POINT (7.072581149000030 51.228907316000061)",Unfall 202393 (2020) Kat:3, Licht: 0,202393,3,6,2,02,09,3,1,0,0,1,0,0,0,0
"POINT (7.108442028000070 51.257524688000046)",Unfall 202547 (2020) Kat:3, Licht: 2,202547,3,3,5,02,18,3,1,2,0,1,0,0,0,1
"POINT (7.188671615000033 51.270834414000035)",Unfall 202618 (2020) Kat:2, Licht: 0,202618,2,1,0,01,09,5,1,0,0,0,0,1,0,0
"POINT (7.194437639000057 51.274842955000054)",Unfall 202652 (2020) Kat:3, Licht: 0,202652,3,2,1,02,16,5,0,0,0,1,0,0,0,1
"POINT (7.109996461000037 51.280506311000067)",Unfall 202653 (2020) Kat:3, Licht: 1,202653,3,3,5,02,06,5,0,1,0,1,0,0,0,0
"POINT (7.131616538000060 51.254031024000028)",Unfall 202792 (2020) Kat:3, Licht: 0,202792,3,1,6,02,08,4,0,0,0,1,1,0,0,0
"POINT (7.191401076000034 51.274307667000073)",Unfall 202883 (2020) Kat:3, Licht: 0,202883,3,1,0,02,10,5,1,0,0,1,0,0,0,0
"POINT (7.172356272000059 51.288718025000037)",Unfall 202932 (2020) Kat:3, Licht: 0,202932,3,4,0,02,07,5,0,0,0,1,1,0,0,0
"POINT (7.223888908000049 51.272680784000045)",Unfall 202937 (2020) Kat:3, Licht: 0,202937,3,6,1,02,10,6,1,0,0,1,0,0,0,0
"POINT (7.147120175000055 51.226449233000039)",Unfall 202977 (2020) Kat:3, Licht: 0,202977,3,6,2,02,14,2,1,0,0,1,0,0,0,0
"POINT (7.097192619000055 51.255716158000041)",Unfall 203002 (2020) Kat:3, Licht: 0,203002,3,2,5,02,11,6,0,0,0,1,0,0,0,0
"POINT (7.182442317000039 51.263601284000060)",Unfall 203012 (2020) Kat:3, Licht: 0,203012,3,4,6,02,16,3,0,0,0,1,1,0,0,0
"POINT (7.224261395000042 51.270121587000062)",Unfall 203035 (2020) Kat:3, Licht: 2,203035,3,4,6,02,06,5,0,2,0,1,1,0,0,0
"POINT (7.203225647000068 51.280890871000054)",Unfall 203089 (2020) Kat:3, Licht: 0,203089,3,4,6,02,09,6,1,0,0,1,1,0,0,0
"POINT (7.186947027000031 51.291949467000052)",Unfall 203153 (2020) Kat:3, Licht: 0,203153,3,6,2,02,15,4,0,0,0,1,0,0,0,0
"POINT (7.225292898000021 51.276804368000057)",Unfall 203155 (2020) Kat:3, Licht: 0,203155,3,4,6,02,11,4,0,0,0,1,1,0,0,0
"POINT (7.138277073000040 51.206631956000081)",Unfall 203156 (2020) Kat:3, Licht: 0,203156,3,6,4,02,08,4,1,0,0,1,0,0,0,0
"POINT (7.181556210000053 51.264349511000034)",Unfall 203262 (2020) Kat:3, Licht: 0,203262,3,4,0,02,10,3,0,0,0,1,1,0,0,0
"POINT (7.223787464000054 51.287794351000059)",Unfall 203332 (2020) Kat:3, Licht: 0,203332,3,6,2,02,13,5,1,0,0,1,0,0,0,0
"POINT (7.226523855000039 51.274685191000060)",Unfall 203350 (2020) Kat:3, Licht: 0,203350,3,5,1,02,13,2,0,0,0,1,0,0,0,1
"POINT (7.153821458000039 51.253561565000041)",Unfall 203582 (2020) Kat:3, Licht: 2,203582,3,2,6,02,18,2,1,2,0,1,1,0,0,0
"POINT (7.149269516000061 51.251123538000058)",Unfall 203634 (2020) Kat:3, Licht: 2,203634,3,3,5,02,19,1,1,2,0,1,0,0,0,0
"POINT (7.059499569000025 51.214235476000056)",Unfall 203675 (2020) Kat:3, Licht: 0,203675,3,6,2,03,12,1,0,0,0,1,0,0,0,0
"POINT (7.148388369000031 51.250923559000057)",Unfall 203721 (2020) Kat:2, Licht: 2,203721,2,2,6,02,18,5,1,2,0,1,1,0,0,0
"POINT (7.150766181000051 51.231754297000066)",Unfall 203724 (2020) Kat:3, Licht: 0,203724,3,1,8,02,10,7,1,0,0,1,0,0,0,0
"POINT (7.213624377000031 51.275686754000048)",Unfall 203978 (2020) Kat:3, Licht: 2,203978,3,4,6,03,19,6,1,2,0,1,1,0,0,0
"POINT (7.217870562000030 51.277018101000067)",Unfall 204004 (2020) Kat:3, Licht: 0,204004,3,4,6,03,07,4,1,0,0,1,1,0,0,0
"POINT (7.185391026000048 51.271259440000051)",Unfall 204068 (2020) Kat:3, Licht: 0,204068,3,4,6,03,11,5,0,0,0,1,1,0,0,0
"POINT (7.183689012000059 51.261675875000037)",Unfall 204071 (2020) Kat:2, Licht: 0,204071,2,7,1,03,09,3,0,0,0,1,0,0,0,0
"POINT (7.141159920000064 51.249255587000050)",Unfall 204208 (2020) Kat:3, Licht: 2,204208,3,6,2,03,19,5,0,2,0,1,0,0,0,0
"POINT (7.202556390000041 51.227938543000050)",Unfall 204225 (2020) Kat:3, Licht: 0,204225,3,4,6,03,15,6,1,0,0,1,1,0,0,0
"POINT (7.186320380000041 51.262529509000046)",Unfall 204271 (2020) Kat:3, Licht: 0,204271,3,3,5,03,15,6,1,0,0,1,0,1,0,0
"POINT (7.179938795000055 51.268089570000029)",Unfall 204437 (2020) Kat:3, Licht: 0,204437,3,4,6,03,12,6,0,0,0,1,1,0,0,0
"POINT (7.140323372000069 51.228796166000052)",Unfall 204441 (2020) Kat:3, Licht: 0,204441,3,7,0,03,14,3,0,0,0,1,0,0,0,0
"POINT (7.135209720000034 51.258383580000043)",Unfall 204522 (2020) Kat:3, Licht: 0,204522,3,3,0,03,16,4,0,0,1,1,0,0,0,0
"POINT (7.219772283000054 51.287996900000053)",Unfall 204572 (2020) Kat:3, Licht: 0,204572,3,7,6,03,12,6,0,0,0,1,1,0,0,0
"POINT (7.153381143000047 51.269035485000074)",Unfall 204650 (2020) Kat:3, Licht: 0,204650,3,6,2,03,16,2,0,0,0,1,0,0,0,0
"POINT (7.073412517000065 51.232574610000029)",Unfall 204756 (2020) Kat:3, Licht: 0,204756,3,4,6,03,13,7,0,0,0,1,1,0,0,0
"POINT (7.193821927000045 51.251003261000051)",Unfall 204758 (2020) Kat:2, Licht: 0,204758,2,1,0,03,17,7,0,0,0,0,0,1,0,0
"POINT (7.141885408000064 51.255875181000079)",Unfall 204761 (2020) Kat:3, Licht: 0,204761,3,2,2,03,10,2,0,0,0,1,0,0,0,0
"POINT (7.288537150000025 51.224872027000060)",Unfall 204816 (2020) Kat:3, Licht: 0,204816,3,7,6,03,16,6,0,0,0,0,1,0,0,1
"POINT (7.166318770000032 51.258152472000063)",Unfall 204850 (2020) Kat:3, Licht: 2,204850,3,6,1,03,21,5,0,2,0,1,0,0,0,0
"POINT (7.256900632000054 51.278241106000053)",Unfall 204852 (2020) Kat:2, Licht: 2,204852,2,3,5,03,05,5,0,2,0,0,0,1,0,1
"POINT (7.073891440000068 51.228565243000048)",Unfall 204892 (2020) Kat:2, Licht: 0,204892,2,6,3,03,17,4,0,0,1,0,0,0,0,0
"POINT (7.150303737000058 51.230065957000079)",Unfall 204936 (2020) Kat:3, Licht: 0,204936,3,6,1,03,09,3,0,0,0,1,0,0,0,0
"POINT (7.195349413000031 51.223249383000052)",Unfall 204967 (2020) Kat:2, Licht: 0,204967,2,1,0,04,17,1,0,0,1,1,0,0,0,0
"POINT (7.128266381000060 51.257929885000067)",Unfall 205228 (2020) Kat:3, Licht: 0,205228,3,3,5,04,18,5,0,0,1,1,0,0,0,0
"POINT (7.146516144000032 51.259770939000077)",Unfall 205331 (2020) Kat:3, Licht: 0,205331,3,4,6,04,16,7,0,0,0,1,1,0,0,0
"POINT (7.199185925000052 51.254813739000042)",Unfall 205437 (2020) Kat:3, Licht: 0,205437,3,3,5,04,14,4,0,0,0,1,0,0,0,0
"POINT (7.112137689000065 51.244426212000064)",Unfall 205443 (2020) Kat:2, Licht: 0,205443,2,1,0,04,19,4,0,0,1,0,1,0,0,0
"POINT (7.152428431000033 51.234052043000077)",Unfall 205460 (2020) Kat:3, Licht: 0,205460,3,7,1,04,17,2,0,0,0,1,0,0,0,0
"POINT (7.217806333000056 51.275900995000029)",Unfall 205499 (2020) Kat:3, Licht: 0,205499,3,6,0,04,18,7,0,0,1,0,0,0,0,0
"POINT (7.221782035000047 51.269464954000057)",Unfall 205500 (2020) Kat:3, Licht: 0,205500,3,3,5,04,17,1,0,0,0,1,0,1,0,0
"POINT (7.194637502000035 51.267727381000043)",Unfall 205540 (2020) Kat:3, Licht: 0,205540,3,2,5,04,10,5,0,0,0,1,0,1,0,0
"POINT (7.219572739000057 51.274661704000039)",Unfall 205594 (2020) Kat:2, Licht: 0,205594,2,1,0,04,20,5,0,0,0,0,0,1,0,0
"POINT (7.253566191000061 51.222835665000048)",Unfall 205608 (2020) Kat:2, Licht: 0,205608,2,1,8,04,12,1,0,0,0,1,0,0,0,0
"POINT (7.225927501000058 51.273961656000040)",Unfall 205698 (2020) Kat:2, Licht: 0,205698,2,3,5,04,12,5,0,0,0,1,1,0,0,0
"POINT (7.218127656000036 51.222085202000073)",Unfall 205731 (2020) Kat:3, Licht: 0,205731,3,3,5,04,12,5,0,0,0,1,0,0,0,0
"POINT (7.193557153000029 51.271776958000032)",Unfall 205745 (2020) Kat:3, Licht: 0,205745,3,4,6,04,17,4,0,0,0,1,1,1,0,0
"POINT (7.215945820000059 51.268598847000078)",Unfall 205846 (2020) Kat:3, Licht: 0,205846,3,5,1,04,16,3,0,0,0,1,0,0,0,0
"POINT (7.143326495000054 51.258053774000075)",Unfall 205933 (2020) Kat:3, Licht: 2,205933,3,1,0,04,23,2,1,2,0,0,0,1,0,0
"POINT (7.077930935000040 51.237841556000035)",Unfall 206127 (2020) Kat:3, Licht: 0,206127,3,5,1,04,16,7,0,0,1,1,0,0,0,0
"POINT (7.090447643000061 51.238414619000082)",Unfall 206129 (2020) Kat:2, Licht: 2,206129,2,1,1,04,01,7,0,2,0,1,0,1,0,0
"POINT (7.104918348000069 51.247066216000064)",Unfall 206139 (2020) Kat:3, Licht: 0,206139,3,7,5,04,16,6,0,0,0,1,0,1,0,0
"POINT (7.138403983000046 51.258488906000082)",Unfall 206247 (2020) Kat:3, Licht: 0,206247,3,7,6,04,20,5,0,0,0,1,1,0,0,0
"POINT (7.208228615000053 51.266249277000043)",Unfall 206254 (2020) Kat:3, Licht: 0,206254,3,1,0,05,13,2,0,0,1,0,0,0,0,0
"POINT (7.220348317000060 51.282981981000034)",Unfall 206403 (2020) Kat:3, Licht: 1,206403,3,3,5,05,19,7,1,1,0,1,0,0,0,0
"POINT (7.097621895000032 51.238211956000043)",Unfall 206405 (2020) Kat:3, Licht: 0,206405,3,3,5,05,19,7,1,0,0,1,0,1,0,0
"POINT (7.152502856000069 51.265406633000055)",Unfall 206407 (2020) Kat:3, Licht: 0,206407,3,7,6,05,17,7,0,0,0,1,1,0,0,0
"POINT (7.122785792000059 51.271963605000053)",Unfall 206580 (2020) Kat:3, Licht: 0,206580,3,3,5,05,18,5,0,0,1,0,0,1,0,0
"POINT (7.077923921000036 51.234650907000059)",Unfall 206653 (2020) Kat:3, Licht: 0,206653,3,3,5,05,18,7,0,0,1,1,0,0,0,0
"POINT (7.246523351000064 51.273954231000062)",Unfall 206689 (2020) Kat:2, Licht: 0,206689,2,6,3,05,09,5,0,0,1,1,0,0,0,0
"POINT (7.087453717000074 51.259407080000074)",Unfall 206739 (2020) Kat:3, Licht: 0,206739,3,1,1,05,17,5,0,0,1,1,0,0,0,0
"POINT (7.215187050000054 51.283087233000060)",Unfall 206742 (2020) Kat:3, Licht: 0,206742,3,5,0,05,16,7,0,0,1,0,0,0,0,1
"POINT (7.114929178000068 51.247887785000046)",Unfall 206784 (2020) Kat:2, Licht: 0,206784,2,7,7,05,07,4,0,0,1,0,0,0,0,0
"POINT (7.185090266000032 51.271479244000034)",Unfall 206789 (2020) Kat:3, Licht: 1,206789,3,7,6,05,19,5,0,1,1,0,1,0,0,0
"POINT (7.208429076000073 51.277050270000075)",Unfall 206790 (2020) Kat:3, Licht: 0,206790,3,3,5,05,11,5,0,0,0,1,0,0,0,0
"POINT (7.164627083000028 51.295995696000034)",Unfall 206793 (2020) Kat:2, Licht: 0,206793,2,1,0,05,18,5,0,0,1,0,0,0,0,0
"POINT (7.152182809000067 51.233777012000076)",Unfall 206798 (2020) Kat:3, Licht: 0,206798,3,5,1,05,12,5,0,0,1,1,0,0,0,0
"POINT (7.180981774000031 51.262405356000045)",Unfall 206866 (2020) Kat:3, Licht: 0,206866,3,3,5,05,05,3,0,0,0,1,0,0,0,0
"POINT (7.193781432000037 51.250981884000055)",Unfall 206925 (2020) Kat:3, Licht: 0,206925,3,7,1,05,17,2,0,0,0,1,0,0,0,0
"POINT (7.268848384000023 51.254054650000057)",Unfall 207066 (2020) Kat:3, Licht: 0,207066,3,2,4,05,18,2,0,0,1,1,0,0,0,0
"POINT (7.128374057000031 51.253934272000038)",Unfall 207159 (2020) Kat:3, Licht: 0,207159,3,1,1,05,18,3,0,0,1,1,0,0,0,0
"POINT (7.243785015000071 51.273538691000056)",Unfall 207215 (2020) Kat:2, Licht: 0,207215,2,3,5,05,16,7,0,0,1,1,0,0,0,0
"POINT (7.209705308000025 51.266260561000081)",Unfall 207216 (2020) Kat:2, Licht: 0,207216,2,4,6,05,15,2,0,0,0,1,1,0,0,0
"POINT (7.234100866000063 51.265864551000050)",Unfall 207246 (2020) Kat:3, Licht: 0,207246,3,6,2,05,14,6,0,0,0,1,0,0,0,0
"POINT (7.140184795000039 51.254913988000055)",Unfall 207249 (2020) Kat:3, Licht: 0,207249,3,3,0,05,09,6,0,0,1,1,0,0,0,0
"POINT (7.194010372000037 51.277398657000049)",Unfall 207371 (2020) Kat:3, Licht: 0,207371,3,3,5,05,11,6,0,0,0,1,0,1,0,0
"POINT (7.147400448000042 51.256257656000059)",Unfall 207547 (2020) Kat:3, Licht: 0,207547,3,7,6,05,15,5,0,0,0,0,1,0,0,1
"POINT (7.142075578000060 51.248463288000039)",Unfall 207652 (2020) Kat:3, Licht: 0,207652,3,4,6,05,17,4,0,0,1,0,1,0,0,0
"POINT (7.198825798000030 51.272406990000036)",Unfall 207659 (2020) Kat:3, Licht: 0,207659,3,6,2,05,17,5,0,0,0,1,0,1,0,0
"POINT (7.245267379000040 51.287261846000035)",Unfall 207761 (2020) Kat:3, Licht: 0,207761,3,7,9,05,16,5,0,0,0,1,0,0,0,0
"POINT (7.080555110000034 51.219721167000046)",Unfall 207797 (2020) Kat:3, Licht: 0,207797,3,1,0,05,11,1,0,0,0,1,0,1,0,0
"POINT (7.123976598000070 51.272757456000079)",Unfall 207855 (2020) Kat:3, Licht: 0,207855,3,2,4,06,10,2,0,0,0,1,0,0,0,0
"POINT (7.255416745000048 51.280414417000031)",Unfall 207900 (2020) Kat:3, Licht: 0,207900,3,4,6,05,14,7,0,0,0,1,1,0,0,0
"POINT (7.150414859000023 51.265892400000041)",Unfall 207902 (2020) Kat:3, Licht: 0,207902,3,4,6,05,18,7,0,0,0,1,1,0,0,0
"POINT (7.149625359000027 51.251161219000039)",Unfall 208082 (2020) Kat:3, Licht: 2,208082,3,1,0,06,21,5,1,2,0,0,0,1,0,0
"POINT (7.180245238000055 51.262886609000077)",Unfall 208188 (2020) Kat:2, Licht: 2,208188,2,1,0,06,22,5,1,2,0,0,0,1,0,0
"POINT (7.139197679000063 51.258860843000036)",Unfall 208238 (2020) Kat:3, Licht: 0,208238,3,4,0,06,13,5,0,0,0,1,1,0,0,0
"POINT (7.207991344000050 51.276437076000036)",Unfall 208431 (2020) Kat:3, Licht: 0,208431,3,3,5,06,15,7,0,0,0,1,0,0,0,0
"POINT (7.146075068000073 51.247663517000035)",Unfall 208516 (2020) Kat:3, Licht: 0,208516,3,4,6,06,09,2,0,0,0,1,1,0,0,0
"POINT (7.205155587000036 51.217510165000078)",Unfall 208518 (2020) Kat:3, Licht: 0,208518,3,7,0,06,16,2,0,0,1,0,0,0,0,0
"POINT (7.208413277000034 51.277053082000066)",Unfall 208522 (2020) Kat:3, Licht: 0,208522,3,3,5,06,19,6,1,0,1,1,0,0,0,0
"POINT (7.204200160000028 51.227734252000062)",Unfall 208613 (2020) Kat:3, Licht: 0,208613,3,7,0,06,16,6,0,0,0,1,0,0,1,0
"POINT (7.239741501000026 51.278024505000076)",Unfall 208729 (2020) Kat:3, Licht: 0,208729,3,7,6,06,15,4,0,0,0,1,1,0,0,0
"POINT (7.190483632000053 51.225753882000049)",Unfall 208734 (2020) Kat:3, Licht: 0,208734,3,6,2,06,08,4,0,0,1,1,0,0,0,0
"POINT (7.135969332000059 51.232379561000073)",Unfall 208770 (2020) Kat:3, Licht: 2,208770,3,6,1,06,00,5,0,2,1,0,0,0,0,0
"POINT (7.188639121000051 51.270832274000043)",Unfall 208850 (2020) Kat:3, Licht: 1,208850,3,1,0,06,20,4,1,1,0,0,0,1,0,0
"POINT (7.154724297000030 51.261201466000045)",Unfall 208851 (2020) Kat:2, Licht: 0,208851,2,3,5,06,20,4,1,0,0,1,0,0,0,0
"POINT (7.186018651000040 51.271760234000055)",Unfall 208861 (2020) Kat:2, Licht: 2,208861,2,6,2,06,14,2,0,2,1,0,1,0,0,0
"POINT (7.181070955000052 51.285183135000068)",Unfall 208988 (2020) Kat:2, Licht: 0,208988,2,2,5,06,07,3,1,0,1,1,0,0,0,0
"POINT (7.163900215000069 51.255892277000044)",Unfall 208989 (2020) Kat:3, Licht: 0,208989,3,2,2,06,08,3,1,0,0,1,0,0,0,0
"POINT (7.127511752000032 51.252411080000059)",Unfall 209104 (2020) Kat:3, Licht: 0,209104,3,5,1,06,06,6,0,0,1,1,0,0,0,0
"POINT (7.239021549000029 51.286595087000080)",Unfall 209160 (2020) Kat:3, Licht: 0,209160,3,1,8,06,17,6,0,0,1,0,0,0,0,0
"POINT (7.208441319000031 51.271992802000057)",Unfall 209188 (2020) Kat:3, Licht: 0,209188,3,3,5,06,14,1,0,0,1,1,0,0,0,0
"POINT (7.135164720000034 51.251016505000052)",Unfall 209213 (2020) Kat:3, Licht: 0,209213,3,3,5,06,09,6,0,0,0,0,0,0,0,1
"POINT (7.182713620000072 51.281054903000040)",Unfall 209320 (2020) Kat:3, Licht: 0,209320,3,2,5,06,13,6,0,0,0,1,0,1,0,0
"POINT (7.128129963000049 51.191992671000037)",Unfall 209349 (2020) Kat:3, Licht: 2,209349,3,1,1,06,01,1,0,2,0,1,0,0,0,0
"POINT (7.153693368000063 51.249214490000043)",Unfall 209409 (2020) Kat:2, Licht: 0,209409,2,1,9,06,14,4,0,0,0,0,0,1,0,0
"POINT (7.191930636000052 51.272234993000041)",Unfall 209558 (2020) Kat:3, Licht: 0,209558,3,2,5,06,13,3,0,0,1,1,0,0,0,0
"POINT (7.139284143000054 51.261266449000061)",Unfall 209638 (2020) Kat:3, Licht: 0,209638,3,2,6,06,14,2,0,0,0,1,1,0,0,0
"POINT (7.198225895000064 51.270889707000038)",Unfall 209641 (2020) Kat:3, Licht: 0,209641,3,1,6,06,10,6,0,0,0,1,1,0,0,0
"POINT (7.137795023000024 51.259922220000078)",Unfall 209689 (2020) Kat:3, Licht: 0,209689,3,2,5,06,13,6,0,0,1,1,0,0,0,0
"POINT (7.125065393000057 51.262970114000041)",Unfall 209742 (2020) Kat:3, Licht: 0,209742,3,7,1,06,09,2,1,0,0,1,0,1,1,0
"POINT (7.142743773000063 51.264015356000073)",Unfall 209778 (2020) Kat:3, Licht: 0,209778,3,6,6,06,17,7,0,0,0,1,1,0,0,0
"POINT (7.220550410000044 51.280176489000041)",Unfall 209791 (2020) Kat:3, Licht: 2,209791,3,1,9,06,22,2,0,2,1,1,0,0,0,0
"POINT (7.074711382000032 51.231476159000067)",Unfall 209795 (2020) Kat:3, Licht: 0,209795,3,4,6,06,11,6,0,0,0,1,1,0,0,0
"POINT (7.128157956000052 51.256594515000074)",Unfall 209878 (2020) Kat:2, Licht: 0,209878,2,1,0,07,08,5,0,0,1,0,0,0,0,0
"POINT (7.213059361000035 51.272514918000070)",Unfall 209996 (2020) Kat:3, Licht: 0,209996,3,3,5,07,14,4,0,0,0,1,0,0,0,0
"POINT (7.220313858000054 51.288934958000027)",Unfall 210119 (2020) Kat:2, Licht: 0,210119,2,1,0,07,17,2,1,0,1,0,0,0,0,0
"POINT (7.186710121000033 51.243547565000028)",Unfall 210134 (2020) Kat:2, Licht: 0,210134,2,6,3,07,20,4,1,0,0,1,0,0,0,0
"POINT (7.190255412000056 51.265865312000074)",Unfall 210161 (2020) Kat:3, Licht: 0,210161,3,7,7,07,07,3,0,0,0,1,0,0,0,0
"POINT (7.163657172000058 51.255416487000048)",Unfall 210300 (2020) Kat:3, Licht: 0,210300,3,1,0,07,11,1,1,0,0,0,0,1,0,0
"POINT (7.209280087000025 51.270595986000046)",Unfall 210316 (2020) Kat:3, Licht: 0,210316,3,7,0,07,00,3,0,0,0,1,1,0,0,0
"POINT (7.190441011000075 51.265757504000078)",Unfall 210347 (2020) Kat:3, Licht: 0,210347,3,1,4,07,18,6,0,0,1,1,0,0,0,0
"POINT (7.092238080000072 51.242087612000034)",Unfall 210360 (2020) Kat:3, Licht: 0,210360,3,6,2,07,09,6,0,0,0,1,0,0,0,1
"POINT (7.191007887000069 51.268150804000072)",Unfall 210374 (2020) Kat:2, Licht: 0,210374,2,7,0,07,09,2,0,0,0,1,0,0,0,1
"POINT (7.108408652000037 51.280149868000080)",Unfall 210468 (2020) Kat:2, Licht: 0,210468,2,1,8,07,17,5,0,0,0,1,0,0,0,0
"POINT (7.077852901000028 51.220281982000074)",Unfall 210529 (2020) Kat:3, Licht: 1,210529,3,7,0,07,20,2,0,1,0,1,1,0,0,0
"POINT (7.069841933000021 51.220609386000035)",Unfall 210575 (2020) Kat:3, Licht: 0,210575,3,6,4,07,17,1,0,0,0,1,0,0,0,0
"POINT (7.138527381000074 51.255009152000071)",Unfall 210651 (2020) Kat:3, Licht: 0,210651,3,1,0,07,12,6,0,0,0,1,0,0,0,0
"POINT (7.191888310000024 51.270153033000042)",Unfall 210706 (2020) Kat:3, Licht: 0,210706,3,5,1,07,12,6,0,0,1,1,0,0,0,0
"POINT (7.154566135000039 51.272092114000031)",Unfall 210758 (2020) Kat:1, Licht: 1,210758,1,1,4,07,20,6,0,1,0,0,0,1,0,1
"POINT (7.193048017000024 51.273491949000061)",Unfall 210766 (2020) Kat:3, Licht: 2,210766,3,6,3,07,22,4,0,2,0,1,0,1,0,0
"POINT (7.133381791000033 51.264740975000052)",Unfall 210825 (2020) Kat:3, Licht: 2,210825,3,1,8,07,00,3,0,2,0,1,0,0,0,0
"POINT (7.219900409000047 51.281536126000049)",Unfall 210865 (2020) Kat:3, Licht: 0,210865,3,1,0,07,15,6,0,0,1,0,0,0,0,0
"POINT (7.131290399000022 51.266638131000036)",Unfall 210896 (2020) Kat:2, Licht: 0,210896,2,1,7,07,17,1,0,0,1,0,0,0,0,0
"POINT (7.143884995000065 51.259889147000081)",Unfall 211042 (2020) Kat:2, Licht: 0,211042,2,4,6,07,14,3,0,0,0,0,1,1,0,0
"POINT (7.163684231000048 51.255484201000058)",Unfall 211076 (2020) Kat:3, Licht: 1,211076,3,7,0,07,22,2,0,1,0,1,1,0,0,0
"POINT (7.207686787000057 51.276012928000057)",Unfall 211144 (2020) Kat:2, Licht: 0,211144,2,4,6,07,18,3,0,0,0,1,1,0,0,0
"POINT (7.146133908000024 51.257172000000025)",Unfall 211145 (2020) Kat:2, Licht: 2,211145,2,1,0,07,00,1,0,2,1,0,0,0,0,0
"POINT (7.128756141000054 51.244972054000073)",Unfall 211231 (2020) Kat:3, Licht: 0,211231,3,1,2,07,14,7,1,0,1,1,0,0,0,0
"POINT (7.177072438000039 51.259508968000034)",Unfall 211246 (2020) Kat:3, Licht: 0,211246,3,6,2,07,13,5,0,0,0,1,0,0,0,0
"POINT (7.148033871000052 51.250857783000072)",Unfall 211256 (2020) Kat:2, Licht: 0,211256,2,7,6,07,11,5,0,0,0,1,1,0,0,0
"POINT (7.133998779000024 51.260999947000073)",Unfall 211387 (2020) Kat:3, Licht: 0,211387,3,6,8,07,07,2,0,0,1,1,0,0,0,0
"POINT (7.148776004000069 51.257096189000038)",Unfall 211638 (2020) Kat:3, Licht: 0,211638,3,7,0,07,09,6,0,0,0,1,1,0,0,0
"POINT (7.177270567000051 51.265313657000036)",Unfall 211701 (2020) Kat:3, Licht: 0,211701,3,6,4,08,16,7,0,0,1,1,0,0,0,0
"POINT (7.223720539000055 51.270074308000062)",Unfall 211706 (2020) Kat:3, Licht: 0,211706,3,3,5,08,15,7,0,0,1,1,0,0,0,0
"POINT (7.148103043000049 51.274797133000050)",Unfall 211745 (2020) Kat:2, Licht: 0,211745,2,6,3,08,20,2,0,0,1,0,0,0,0,0
"POINT (7.135976226000025 51.232374867000033)",Unfall 211816 (2020) Kat:2, Licht: 0,211816,2,3,5,08,15,3,0,0,1,1,0,0,0,0
"POINT (7.219636651000030 51.288025314000038)",Unfall 212135 (2020) Kat:3, Licht: 0,212135,3,7,6,08,19,4,0,0,0,1,1,0,0,0
"POINT (7.141876970000055 51.263294066000071)",Unfall 212172 (2020) Kat:3, Licht: 0,212172,3,3,5,08,11,4,0,0,0,1,0,1,0,0
"POINT (7.148006986000041 51.270782043000054)",Unfall 212206 (2020) Kat:3, Licht: 0,212206,3,4,6,08,16,2,0,0,0,1,1,0,0,0
"POINT (7.143049142000052 51.255746053000053)",Unfall 212207 (2020) Kat:3, Licht: 0,212207,3,3,5,08,12,2,0,0,1,1,0,0,0,0
"POINT (7.128369494000026 51.259771207000028)",Unfall 212284 (2020) Kat:3, Licht: 1,212284,3,3,5,08,21,1,0,1,1,1,0,0,0,0
"POINT (7.160975678000057 51.297109386000045)",Unfall 212287 (2020) Kat:3, Licht: 0,212287,3,1,0,08,16,1,0,0,0,1,0,0,0,0
"POINT (7.192184277000024 51.279926056000079)",Unfall 212337 (2020) Kat:3, Licht: 0,212337,3,5,1,08,20,3,0,0,0,1,0,1,0,0
"POINT (7.148029578000035 51.283040502000063)",Unfall 212375 (2020) Kat:3, Licht: 0,212375,3,2,5,08,06,3,0,0,0,0,0,1,0,1
"POINT (7.173152446000074 51.263129332000062)",Unfall 212439 (2020) Kat:3, Licht: 0,212439,3,2,5,08,15,7,1,0,1,1,0,0,0,0
"POINT (7.075821850000068 51.219105814000045)",Unfall 212493 (2020) Kat:3, Licht: 1,212493,3,1,8,08,20,6,1,1,1,1,0,0,0,0
"POINT (7.141012333000049 51.182949795000070)",Unfall 212612 (2020) Kat:3, Licht: 0,212612,3,1,9,08,11,4,0,0,0,1,0,0,0,0
"POINT (7.150006085000030 51.238083824000057)",Unfall 212648 (2020) Kat:3, Licht: 0,212648,3,5,0,08,06,6,0,0,0,1,0,0,0,1
"POINT (7.187802779000037 51.230063843000039)",Unfall 212789 (2020) Kat:3, Licht: 1,212789,3,7,2,08,19,3,1,1,0,1,0,0,0,0
"POINT (7.239974673000063 51.283928499000069)",Unfall 212806 (2020) Kat:3, Licht: 0,212806,3,3,3,08,16,1,0,0,1,1,0,0,0,0
"POINT (7.115462734000062 51.276430371000060)",Unfall 212897 (2020) Kat:3, Licht: 0,212897,3,7,0,08,17,2,1,0,1,1,0,0,0,0
"POINT (7.143881551000050 51.265492954000081)",Unfall 212899 (2020) Kat:3, Licht: 0,212899,3,3,5,08,18,2,0,0,1,1,0,0,0,0
"POINT (7.194532934000051 51.269795576000035)",Unfall 212938 (2020) Kat:3, Licht: 0,212938,3,1,0,08,13,4,0,0,1,0,0,0,0,0
"POINT (7.146031596000057 51.266619793000075)",Unfall 212940 (2020) Kat:3, Licht: 0,212940,3,6,1,08,16,4,0,0,1,1,0,0,0,0
"POINT (7.209410045000027 51.275664371000062)",Unfall 213171 (2020) Kat:3, Licht: 0,213171,3,3,5,08,14,6,0,0,1,1,0,0,0,0
"POINT (7.139636247000055 51.260171581000066)",Unfall 213193 (2020) Kat:2, Licht: 1,213193,2,1,0,08,19,7,0,1,1,0,0,0,0,0
"POINT (7.228065328000071 51.270032798000045)",Unfall 213196 (2020) Kat:3, Licht: 0,213196,3,3,5,08,12,6,0,0,1,0,0,0,0,1
"POINT (7.235804463000022 51.273368128000072)",Unfall 213286 (2020) Kat:2, Licht: 0,213286,2,2,6,08,07,2,0,0,0,1,1,0,0,0
"POINT (7.250780133000035 51.281970557000079)",Unfall 213290 (2020) Kat:3, Licht: 2,213290,3,2,7,08,04,2,1,2,1,0,0,0,0,0
"POINT (7.157322849000025 51.270283731000063)",Unfall 213332 (2020) Kat:3, Licht: 0,213332,3,6,2,08,11,4,0,0,0,1,0,0,0,0
"POINT (7.225275011000065 51.278777881000053)",Unfall 213354 (2020) Kat:3, Licht: 0,213354,3,6,2,08,16,1,1,0,0,1,0,0,0,0
"POINT (7.108074915000032 51.252712627000051)",Unfall 213538 (2020) Kat:2, Licht: 2,213538,2,1,0,08,05,6,1,2,1,0,0,0,0,0
"POINT (7.178956287000062 51.298010200000078)",Unfall 213617 (2020) Kat:3, Licht: 0,213617,3,4,0,08,13,7,0,0,1,0,0,0,0,1
"POINT (7.137324895000063 51.258248307000031)",Unfall 213684 (2020) Kat:3, Licht: 0,213684,3,4,6,08,12,5,0,0,0,1,1,0,0,0
"POINT (7.060362511000051 51.233413666000047)",Unfall 213771 (2020) Kat:3, Licht: 0,213771,3,3,5,09,14,4,0,0,1,1,0,0,0,0
"POINT (7.229175386000065 51.285909996000044)",Unfall 213853 (2020) Kat:3, Licht: 0,213853,3,2,4,09,08,3,0,0,0,1,0,0,0,0
"POINT (7.175850971000045 51.262480239000070)",Unfall 213879 (2020) Kat:3, Licht: 0,213879,3,6,2,09,07,4,0,0,0,1,0,1,0,0
"POINT (7.150961328000051 51.250488729000040)",Unfall 213983 (2020) Kat:3, Licht: 0,213983,3,5,1,08,16,2,0,0,1,1,0,0,0,0
"POINT (7.207342759000028 51.277182342000060)",Unfall 214120 (2020) Kat:3, Licht: 0,214120,3,4,6,09,13,6,1,0,0,1,1,0,0,0
"POINT (7.131727468000065 51.257232579000060)",Unfall 214244 (2020) Kat:3, Licht: 0,214244,3,6,2,09,13,3,0,0,0,1,0,0,0,0
"POINT (7.140491850000046 51.265622229000030)",Unfall 214295 (2020) Kat:3, Licht: 0,214295,3,3,5,09,16,5,0,0,1,1,0,0,0,0
"POINT (7.130930857000067 51.251732194000056)",Unfall 214319 (2020) Kat:3, Licht: 0,214319,3,5,1,09,19,4,0,0,1,1,0,0,0,0
"POINT (7.078009531000021 51.221880449000082)",Unfall 214399 (2020) Kat:3, Licht: 0,214399,3,1,0,09,18,5,0,0,0,0,0,1,0,0
"POINT (7.150679254000067 51.258459889000051)",Unfall 214426 (2020) Kat:2, Licht: 0,214426,2,1,0,09,17,4,0,0,0,1,0,0,0,0
"POINT (7.194073318000051 51.267440010000030)",Unfall 214559 (2020) Kat:3, Licht: 0,214559,3,2,4,09,07,6,0,0,0,1,0,0,0,0
"POINT (7.141796060000047 51.256884627000034)",Unfall 214568 (2020) Kat:2, Licht: 0,214568,2,6,2,09,13,6,0,0,0,1,0,1,0,0
"POINT (7.142584789000068 51.233581184000059)",Unfall 214648 (2020) Kat:2, Licht: 0,214648,2,4,6,09,19,7,0,0,0,1,1,0,0,0
"POINT (7.277563530000066 51.243496616000073)",Unfall 214650 (2020) Kat:3, Licht: 0,214650,3,4,6,09,12,7,0,0,0,1,1,0,0,0
"POINT (7.173134766000032 51.263149757000065)",Unfall 215070 (2020) Kat:3, Licht: 0,215070,3,2,5,09,09,6,0,0,1,1,0,0,0,0
"POINT (7.060174083000049 51.219615569000041)",Unfall 215130 (2020) Kat:3, Licht: 0,215130,3,7,0,09,11,1,0,0,1,0,0,0,0,0
"POINT (7.153044040000054 51.247220330000061)",Unfall 215219 (2020) Kat:3, Licht: 0,215219,3,5,0,09,14,5,0,0,1,1,0,0,0,0
"POINT (7.106607781000037 51.256607264000081)",Unfall 215225 (2020) Kat:3, Licht: 0,215225,3,3,5,09,15,5,0,0,1,1,0,0,0,0
"POINT (7.182507576000035 51.263622297000040)",Unfall 215235 (2020) Kat:2, Licht: 0,215235,2,4,6,09,17,1,0,0,0,1,1,0,0,0
"POINT (7.152993654000056 51.255340379000074)",Unfall 215268 (2020) Kat:3, Licht: 0,215268,3,5,6,09,11,3,0,0,0,1,1,0,0,0
"POINT (7.119358984000030 51.253880054000035)",Unfall 215270 (2020) Kat:3, Licht: 0,215270,3,4,0,09,11,4,0,0,0,1,1,0,0,0
"POINT (7.175349091000044 51.273116910000056)",Unfall 215280 (2020) Kat:2, Licht: 0,215280,2,5,1,09,15,2,0,0,0,1,0,0,0,0
"POINT (7.207630826000070 51.284743031000062)",Unfall 215286 (2020) Kat:3, Licht: 0,215286,3,7,0,09,13,2,0,0,0,1,1,0,0,0
"POINT (7.181424835000030 51.261835272000042)",Unfall 215289 (2020) Kat:3, Licht: 0,215289,3,3,5,09,16,2,0,0,0,1,0,0,0,0
"POINT (7.138770090000037 51.247596188000045)",Unfall 215658 (2020) Kat:3, Licht: 0,215658,3,7,6,09,18,5,0,0,0,1,1,0,0,0
"POINT (7.145557945000064 51.260990895000077)",Unfall 215665 (2020) Kat:2, Licht: 0,215665,2,7,0,09,09,2,1,0,0,0,0,1,0,0
"POINT (7.266604099000062 51.280497396000044)",Unfall 215819 (2020) Kat:3, Licht: 1,215819,3,3,5,09,18,3,1,1,0,1,0,0,0,1
"POINT (7.153366175000031 51.268893636000030)",Unfall 215867 (2020) Kat:2, Licht: 0,215867,2,1,0,09,15,3,1,0,0,0,0,1,0,0
"POINT (7.200089910000031 51.227135222000072)",Unfall 215907 (2020) Kat:3, Licht: 0,215907,3,5,0,09,18,3,0,0,0,1,0,0,0,0
"POINT (7.225929224000026 51.279830343000071)",Unfall 215957 (2020) Kat:3, Licht: 2,215957,3,5,1,09,22,4,0,2,0,1,0,0,0,1
"POINT (7.196868793000022 51.229981491000046)",Unfall 215963 (2020) Kat:3, Licht: 1,215963,3,4,6,09,07,4,1,1,1,0,1,0,0,0
"POINT (7.148617584000022 51.231748268000047)",Unfall 215966 (2020) Kat:3, Licht: 0,215966,3,7,2,09,13,4,0,0,1,1,0,0,0,0
"POINT (7.146590772000025 51.255355665000081)",Unfall 215974 (2020) Kat:3, Licht: 0,215974,3,3,5,09,07,3,1,0,1,1,0,0,0,0
"POINT (7.197090941000056 51.270860465000055)",Unfall 216034 (2020) Kat:3, Licht: 0,216034,3,7,0,10,14,5,1,0,0,1,1,0,0,0
"POINT (7.244073565000065 51.275647441000046)",Unfall 216068 (2020) Kat:3, Licht: 2,216068,3,5,8,10,08,6,1,2,0,1,0,0,0,1
"POINT (7.130870371000071 51.190724197000065)",Unfall 216070 (2020) Kat:3, Licht: 0,216070,3,7,0,10,18,6,1,0,1,0,0,0,0,0
"POINT (7.196861466000030 51.268050438000046)",Unfall 216095 (2020) Kat:3, Licht: 0,216095,3,5,6,10,12,2,1,0,0,1,1,0,0,0
"POINT (7.261786593000068 51.284691713000029)",Unfall 216163 (2020) Kat:3, Licht: 0,216163,3,6,1,10,17,1,1,0,0,1,0,0,0,0
"POINT (7.175934200000029 51.260019089000082)",Unfall 216193 (2020) Kat:3, Licht: 0,216193,3,7,0,10,13,3,1,0,0,0,0,1,0,0
"POINT (7.140194539000049 51.254903130000059)",Unfall 216271 (2020) Kat:3, Licht: 0,216271,3,3,5,10,09,2,1,0,1,1,0,0,0,0
"POINT (7.218739399000071 51.278875562000053)",Unfall 216273 (2020) Kat:3, Licht: 0,216273,3,3,5,10,18,1,1,0,0,1,0,1,0,0
"POINT (7.136669780000034 51.258045798000069)",Unfall 216312 (2020) Kat:3, Licht: 2,216312,3,3,5,10,19,7,1,2,0,1,0,1,0,0
"POINT (7.184061901000064 51.263494167000033)",Unfall 216569 (2020) Kat:3, Licht: 0,216569,3,1,1,10,11,1,0,0,0,1,0,1,0,0
"POINT (7.257689805000041 51.281011293000063)",Unfall 216724 (2020) Kat:3, Licht: 0,216724,3,7,0,10,14,7,0,0,0,1,1,0,0,0
"POINT (7.063384783000061 51.230922393000071)",Unfall 216758 (2020) Kat:2, Licht: 2,216758,2,2,9,10,18,4,0,2,0,1,0,0,0,0
"POINT (7.145678941000028 51.276822662000029)",Unfall 216852 (2020) Kat:2, Licht: 0,216852,2,1,0,10,16,7,0,0,1,0,0,0,0,0
"POINT (7.137041951000072 51.181719422000072)",Unfall 216943 (2020) Kat:3, Licht: 0,216943,3,6,0,10,16,4,0,0,0,1,0,0,0,1
"POINT (7.205437514000039 51.276855310000030)",Unfall 216952 (2020) Kat:3, Licht: 0,216952,3,3,5,10,15,3,1,0,0,1,0,0,0,0
"POINT (7.233525913000051 51.286043265000046)",Unfall 217225 (2020) Kat:3, Licht: 2,217225,3,2,2,10,07,6,1,2,0,1,0,0,0,0
"POINT (7.209585668000045 51.276240345000076)",Unfall 217227 (2020) Kat:2, Licht: 0,217227,2,3,5,10,14,6,0,0,0,1,0,1,0,0
"POINT (7.272488632000034 51.278987632000053)",Unfall 217231 (2020) Kat:3, Licht: 0,217231,3,6,0,10,12,1,1,0,0,1,0,0,0,0
"POINT (7.195319132000066 51.265312179000034)",Unfall 217265 (2020) Kat:3, Licht: 0,217265,3,3,0,10,16,5,0,0,0,1,0,0,0,0
"POINT (7.210001530000056 51.262764773000072)",Unfall 217359 (2020) Kat:3, Licht: 2,217359,3,6,1,10,18,5,1,2,0,1,0,0,0,0
"POINT (7.218314517000067 51.280200069000045)",Unfall 217488 (2020) Kat:3, Licht: 0,217488,3,7,6,10,11,6,1,0,0,1,1,0,0,0
"POINT (7.144809163000048 51.260963343000071)",Unfall 217507 (2020) Kat:3, Licht: 2,217507,3,3,5,10,22,6,1,2,0,1,0,0,0,0
"POINT (7.146036614000025 51.251795001000062)",Unfall 217531 (2020) Kat:3, Licht: 2,217531,3,1,0,10,21,6,1,2,0,0,0,1,0,0
"POINT (7.059498252000026 51.214235453000072)",Unfall 217643 (2020) Kat:2, Licht: 2,217643,2,7,0,11,05,4,0,2,0,1,1,0,0,0
"POINT (7.204283115000067 51.272720639000056)",Unfall 217714 (2020) Kat:3, Licht: 2,217714,3,2,0,11,18,2,1,2,0,1,1,0,0,0
"POINT (7.234534493000069 51.282913452000059)",Unfall 217731 (2020) Kat:3, Licht: 0,217731,3,7,0,11,15,3,0,0,0,1,0,0,0,1
"POINT (7.200328966000029 51.225318349000077)",Unfall 217820 (2020) Kat:3, Licht: 2,217820,3,6,2,11,17,2,1,2,0,1,0,0,0,0
"POINT (7.188712113000065 51.284336652000036)",Unfall 218060 (2020) Kat:3, Licht: 0,218060,3,5,0,11,15,5,0,0,0,1,0,0,0,1
"POINT (7.143257604000041 51.246765192000055)",Unfall 218061 (2020) Kat:3, Licht: 0,218061,3,4,6,11,13,5,0,0,0,1,1,0,0,0
"POINT (7.230515037000032 51.277470635000043)",Unfall 218110 (2020) Kat:3, Licht: 0,218110,3,7,6,11,16,7,0,0,0,0,1,0,0,1
"POINT (7.198867613000061 51.272343151000030)",Unfall 218510 (2020) Kat:3, Licht: 0,218510,3,3,5,11,14,1,0,0,0,1,0,0,0,0
"POINT (7.070377395000037 51.218547568000076)",Unfall 218531 (2020) Kat:3, Licht: 2,218531,3,1,8,11,19,1,1,2,0,1,0,0,0,0
"POINT (7.155254090000028 51.243287642000041)",Unfall 218660 (2020) Kat:3, Licht: 0,218660,3,3,5,11,10,3,1,0,1,1,0,0,0,0
"POINT (7.202568014000065 51.227895770000032)",Unfall 218670 (2020) Kat:3, Licht: 0,218670,3,2,0,11,09,2,1,0,0,1,1,0,0,0
"POINT (7.231822930000021 51.287165949000041)",Unfall 218697 (2020) Kat:3, Licht: 2,218697,3,2,4,11,20,3,0,2,0,1,0,1,0,0
"POINT (7.177656130000059 51.273852851000072)",Unfall 218763 (2020) Kat:3, Licht: 0,218763,3,2,6,11,14,3,0,0,0,1,1,0,0,0
"POINT (7.218267650000030 51.234876351000082)",Unfall 218774 (2020) Kat:3, Licht: 2,218774,3,7,4,11,18,2,0,2,0,1,0,0,0,0
"POINT (7.178511457000070 51.283973213000081)",Unfall 218803 (2020) Kat:3, Licht: 0,218803,3,7,4,11,11,5,1,0,0,0,0,1,0,1
"POINT (7.135815038000033 51.251428431000079)",Unfall 218840 (2020) Kat:3, Licht: 0,218840,3,7,0,11,14,2,0,0,1,0,0,0,0,0
"POINT (7.225942262000046 51.273939963000032)",Unfall 218850 (2020) Kat:3, Licht: 0,218850,3,4,6,11,13,3,0,0,0,1,1,0,0,0
"POINT (7.255408791000036 51.280412323000064)",Unfall 218875 (2020) Kat:3, Licht: 1,218875,3,6,2,11,07,2,1,1,0,1,0,1,0,0
"POINT (7.141934591000052 51.256697467000038)",Unfall 218933 (2020) Kat:3, Licht: 0,218933,3,1,0,11,13,7,0,0,0,0,0,1,0,0
"POINT (7.212018732000047 51.270343631000060)",Unfall 218953 (2020) Kat:3, Licht: 1,218953,3,1,5,11,07,2,0,1,0,1,0,0,0,0
"POINT (7.227934292000043 51.270474746000048)",Unfall 219119 (2020) Kat:3, Licht: 0,219119,3,7,0,11,08,2,0,0,0,1,0,0,0,0
"POINT (7.187353369000050 51.270739741000057)",Unfall 219144 (2020) Kat:2, Licht: 1,219144,2,6,2,11,07,5,0,1,0,1,0,0,0,1
"POINT (7.186394958000051 51.294032805000029)",Unfall 219485 (2020) Kat:3, Licht: 2,219485,3,1,8,12,00,5,1,2,0,1,0,0,0,0
"POINT (7.199711607000040 51.256437338000069)",Unfall 219594 (2020) Kat:3, Licht: 0,219594,3,3,5,12,12,7,0,0,0,1,0,0,0,0
"POINT (7.166805348000025 51.257527979000031)",Unfall 219640 (2020) Kat:3, Licht: 0,219640,3,1,0,12,08,5,2,0,1,0,0,0,0,0
"POINT (7.202225889000033 51.230004813000050)",Unfall 219652 (2020) Kat:3, Licht: 2,219652,3,7,0,12,19,4,0,2,0,1,1,0,0,0
"POINT (7.118403072000035 51.268162243000063)",Unfall 219675 (2020) Kat:3, Licht: 2,219675,3,1,9,12,20,3,1,2,0,1,0,0,0,0
"POINT (7.174491351000029 51.284403484000052)",Unfall 219779 (2020) Kat:3, Licht: 2,219779,3,3,1,12,16,2,1,2,1,1,0,0,0,0
"POINT (7.082702477000055 51.232721576000074)",Unfall 219866 (2020) Kat:2, Licht: 2,219866,2,1,0,12,01,7,1,2,0,0,0,1,0,0
"POINT (7.232919063000054 51.285708530000079)",Unfall 220129 (2020) Kat:2, Licht: 0,220129,2,2,6,12,11,3,1,0,0,1,1,0,0,0
"POINT (7.195770686000060 51.272217385000033)",Unfall 220184 (2020) Kat:3, Licht: 0,220184,3,3,5,12,11,4,1,0,1,1,0,0,0,0
"POINT (7.148514462000037 51.270717836000074)",Unfall 220255 (2020) Kat:3, Licht: 2,220255,3,1,5,12,05,6,1,2,0,1,0,0,0,0
"POINT (7.191385176000040 51.269873759000063)",Unfall 220325 (2020) Kat:3, Licht: 0,220325,3,3,5,12,11,5,1,0,0,1,0,0,0,0
"POINT (7.103491878000057 51.247901547000026)",Unfall 220424 (2020) Kat:3, Licht: 0,220424,3,7,0,12,10,4,1,0,0,1,0,0,0,0
"POINT (7.141926263000073 51.256730688000061)",Unfall 220442 (2020) Kat:3, Licht: 2,220442,3,7,0,12,16,1,1,2,0,1,0,0,0,0
"POINT (7.168727865000051 51.268585071000075)",Unfall 32908 (2021) Kat:3, Licht: 2,32908,3,6,2,11,21,7,1,2,0,1,1,0,0,0
"POINT (7.142662269000027 51.249898601000041)",Unfall 32955 (2021) Kat:3, Licht: 0,32955,3,2,0,11,8,4,0,0,0,1,0,0,0,1
"POINT (7.162234312000066 51.256525971000030)",Unfall 32960 (2021) Kat:3, Licht: 0,32960,3,6,2,10,12,3,1,0,0,1,0,0,0,1
"POINT (7.174051437000060 51.261975124000060)",Unfall 32973 (2021) Kat:3, Licht: 2,32973,3,3,5,1,22,5,1,2,0,1,0,0,0,1
"POINT (7.166529338000032 51.258290482000064)",Unfall 32985 (2021) Kat:3, Licht: 0,32985,3,6,2,11,15,3,0,0,0,1,0,0,0,0
"POINT (7.156832084000030 51.264448965000042)",Unfall 33015 (2021) Kat:3, Licht: 2,33015,3,4,6,11,16,3,0,2,0,1,1,0,0,0
"POINT (7.176522119000026 51.262740900000040)",Unfall 33025 (2021) Kat:2, Licht: 0,33025,2,6,0,5,13,4,0,0,0,0,0,0,0,1
"POINT (7.102975322000020 51.239584180000065)",Unfall 33031 (2021) Kat:3, Licht: 0,33031,3,6,1,6,15,7,1,0,0,1,0,0,0,0
"POINT (7.139410277000025 51.254497350000065)",Unfall 33034 (2021) Kat:3, Licht: 0,33034,3,2,0,12,15,3,0,0,0,0,0,0,0,1
"POINT (7.146813175000034 51.254914481000071)",Unfall 33039 (2021) Kat:3, Licht: 2,33039,3,1,0,12,17,5,1,2,0,0,0,1,0,0
"POINT (7.125600137000049 51.270511801000055)",Unfall 33043 (2021) Kat:3, Licht: 0,33043,3,1,0,3,15,4,0,0,1,0,0,0,0,0
"POINT (7.155032056000039 51.250825923000036)",Unfall 33050 (2021) Kat:3, Licht: 0,33050,3,6,2,7,15,2,0,0,0,1,0,0,0,0
"POINT (7.120733900000062 51.263073457000075)",Unfall 33054 (2021) Kat:3, Licht: 0,33054,3,6,2,5,16,2,1,0,0,1,0,0,0,0
"POINT (7.109887790000073 51.255930658000068)",Unfall 33059 (2021) Kat:2, Licht: 2,33059,2,1,8,11,5,1,1,2,0,1,0,0,0,0
"POINT (7.133842006000066 51.252988201000051)",Unfall 33062 (2021) Kat:3, Licht: 0,33062,3,6,2,5,12,2,0,0,1,1,0,0,0,0
"POINT (7.128218384000036 51.251091734000056)",Unfall 33086 (2021) Kat:3, Licht: 0,33086,3,6,1,9,8,2,0,0,0,1,0,1,0,0
"POINT (7.152103140000065 51.222298002000059)",Unfall 33089 (2021) Kat:3, Licht: 1,33089,3,2,6,12,15,5,1,1,0,1,1,0,0,0
"POINT (7.142260615000055 51.250335921000044)",Unfall 33097 (2021) Kat:3, Licht: 2,33097,3,6,1,1,21,4,0,2,0,1,0,0,0,0
"POINT (7.108727054000042 51.248287122000079)",Unfall 33098 (2021) Kat:3, Licht: 0,33098,3,7,1,4,12,6,0,0,1,1,0,0,0,0
"POINT (7.055055075000041 51.223305966000055)",Unfall 33113 (2021) Kat:3, Licht: 0,33113,3,2,5,12,8,5,0,0,0,1,0,1,0,0
"POINT (7.140717976000076 51.256458550000048)",Unfall 33134 (2021) Kat:3, Licht: 2,33134,3,6,2,11,21,3,0,2,1,1,0,0,0,0
"POINT (7.049921777000066 51.210934243000054)",Unfall 33144 (2021) Kat:3, Licht: 0,33144,3,6,7,9,8,6,0,0,0,1,0,0,0,0
"POINT (7.070132938000029 51.231060367000055)",Unfall 33158 (2021) Kat:3, Licht: 0,33158,3,4,6,6,17,4,0,0,0,1,1,0,0,0
"POINT (7.131822889000034 51.252812015000075)",Unfall 33159 (2021) Kat:2, Licht: 0,33159,2,1,8,5,18,1,0,0,0,1,0,1,0,0
"POINT (7.147595149000040 51.266008545000034)",Unfall 33162 (2021) Kat:3, Licht: 0,33162,3,7,0,12,14,2,0,0,0,0,0,0,0,1
"POINT (7.075906282000062 51.253500710000026)",Unfall 33168 (2021) Kat:2, Licht: 0,33168,2,7,4,12,14,3,0,0,0,1,0,0,0,0
"POINT (7.147045156000047 51.249004764000063)",Unfall 33200 (2021) Kat:3, Licht: 0,33200,3,6,2,7,18,6,0,0,0,1,0,0,0,0
"POINT (7.155900761000055 51.257817808000027)",Unfall 33214 (2021) Kat:2, Licht: 2,33214,2,3,5,1,5,4,1,2,0,1,0,0,0,0
"POINT (7.102931600000034 51.238821354000038)",Unfall 33231 (2021) Kat:3, Licht: 2,33231,3,1,7,9,20,7,0,2,0,1,0,0,0,0
"POINT (7.139813572000037 51.254430262000028)",Unfall 33234 (2021) Kat:3, Licht: 0,33234,3,2,3,12,16,5,0,0,0,1,0,0,0,1
"POINT (7.153930818000049 51.201533409000035)",Unfall 33249 (2021) Kat:3, Licht: 0,33249,3,6,4,6,17,7,0,0,0,1,0,0,0,0
"POINT (7.123689855000066 51.280762840000079)",Unfall 33281 (2021) Kat:2, Licht: 0,33281,2,6,2,5,14,1,0,0,0,0,0,1,0,0
"POINT (7.104630173000032 51.249817058000076)",Unfall 33295 (2021) Kat:3, Licht: 2,33295,3,1,0,1,23,2,1,2,0,1,0,0,0,0
"POINT (7.129738249000070 51.266198191000058)",Unfall 33302 (2021) Kat:3, Licht: 0,33302,3,6,2,10,11,2,0,0,0,1,0,0,0,0
"POINT (7.148347841000032 51.258145391000028)",Unfall 33305 (2021) Kat:3, Licht: 0,33305,3,7,0,4,16,4,0,0,0,0,1,0,0,1
"POINT (7.137657040000022 51.250689677000082)",Unfall 33312 (2021) Kat:2, Licht: 0,33312,2,4,6,9,15,4,0,0,0,0,1,1,0,0
"POINT (7.146575047000056 51.252244042000029)",Unfall 33339 (2021) Kat:3, Licht: 0,33339,3,1,6,12,13,5,1,0,0,1,1,0,0,0
"POINT (7.155526828000063 51.256141081000067)",Unfall 33353 (2021) Kat:3, Licht: 0,33353,3,6,2,11,13,5,0,0,0,1,0,0,0,1
"POINT (7.144143724000060 51.248939948000043)",Unfall 33360 (2021) Kat:3, Licht: 0,33360,3,7,0,10,8,3,0,0,0,1,0,0,0,1
"POINT (7.124856126000054 51.263482969000052)",Unfall 33382 (2021) Kat:3, Licht: 2,33382,3,7,2,11,18,3,1,2,0,1,0,0,0,0
"POINT (7.128445378000038 51.251197086000047)",Unfall 33385 (2021) Kat:3, Licht: 0,33385,3,7,6,9,11,1,0,0,0,1,1,0,0,0
"POINT (7.109725613000023 51.255480792000071)",Unfall 33397 (2021) Kat:3, Licht: 0,33397,3,6,3,6,16,2,0,0,0,1,0,0,1,0
"POINT (7.155738175000067 51.276496998000027)",Unfall 33406 (2021) Kat:3, Licht: 2,33406,3,3,0,11,17,5,0,2,0,1,0,0,0,1
"POINT (7.139972035000028 51.261433057000033)",Unfall 33426 (2021) Kat:3, Licht: 0,33426,3,3,5,11,13,4,1,0,1,1,0,0,0,0
"POINT (7.141950400000042 51.250518983000063)",Unfall 33447 (2021) Kat:3, Licht: 0,33447,3,6,2,11,9,4,1,0,0,1,0,0,0,0
"POINT (7.082365959000072 51.268659996000054)",Unfall 33450 (2021) Kat:3, Licht: 2,33450,3,1,9,1,22,6,1,2,0,1,0,0,0,0
"POINT (7.138588025000047 51.254312958000071)",Unfall 33465 (2021) Kat:3, Licht: 2,33465,3,6,3,10,20,7,0,2,0,1,0,0,0,0
"POINT (7.043057283000053 51.248828411000034)",Unfall 33469 (2021) Kat:2, Licht: 0,33469,2,1,4,10,14,2,0,0,0,0,0,0,1,0
"POINT (7.148183222000057 51.259128891000046)",Unfall 33496 (2021) Kat:3, Licht: 0,33496,3,3,5,10,10,5,1,0,0,1,0,0,0,0
"POINT (7.171161578000067 51.261061745000063)",Unfall 33544 (2021) Kat:3, Licht: 0,33544,3,2,5,5,14,6,0,0,0,1,0,0,0,0
"POINT (7.167331786000034 51.239238252000064)",Unfall 33619 (2021) Kat:3, Licht: 0,33619,3,3,5,4,14,5,0,0,1,1,0,0,0,0
"POINT (7.107468049000033 51.216714753000076)",Unfall 33630 (2021) Kat:3, Licht: 0,33630,3,1,9,2,13,2,2,0,0,1,0,0,0,0
"POINT (7.075203697000063 51.233404002000043)",Unfall 33644 (2021) Kat:3, Licht: 0,33644,3,7,8,11,14,2,1,0,0,1,1,0,0,0
"POINT (7.085739362000027 51.259398501000078)",Unfall 33673 (2021) Kat:2, Licht: 1,33673,2,3,5,9,6,5,0,1,0,1,0,0,0,0
"POINT (7.152798492000045 51.234373731000062)",Unfall 33676 (2021) Kat:3, Licht: 0,33676,3,7,6,9,18,5,0,0,1,0,1,0,0,0
"POINT (7.073344434000035 51.265598142000044)",Unfall 33734 (2021) Kat:2, Licht: 0,33734,2,3,5,9,10,1,0,0,0,1,0,0,0,0
"POINT (7.132127691000051 51.254182154000034)",Unfall 33735 (2021) Kat:3, Licht: 0,33735,3,7,0,6,17,2,0,0,0,0,0,1,0,0
"POINT (7.128433211000072 51.251191439000081)",Unfall 33773 (2021) Kat:3, Licht: 0,33773,3,3,3,10,13,4,1,0,0,1,0,0,0,0
"POINT (7.140784655000061 51.267331660000082)",Unfall 33824 (2021) Kat:3, Licht: 2,33824,3,6,2,11,17,3,1,2,0,1,0,0,0,0
"POINT (7.094764436000048 51.233275453000033)",Unfall 33826 (2021) Kat:3, Licht: 1,33826,3,6,2,10,8,5,1,1,0,1,0,0,0,0
"POINT (7.129860635000057 51.265246999000055)",Unfall 33828 (2021) Kat:3, Licht: 0,33828,3,6,2,9,7,6,0,0,0,1,0,0,0,0
"POINT (7.057424264000076 51.216399926000065)",Unfall 33829 (2021) Kat:3, Licht: 0,33829,3,6,2,4,7,4,0,0,0,1,0,0,0,0
"POINT (7.069622356000025 51.230862063000075)",Unfall 33843 (2021) Kat:2, Licht: 0,33843,2,4,6,11,10,6,0,0,0,1,1,0,0,0
"POINT (7.132464119000076 51.253836126000067)",Unfall 33878 (2021) Kat:3, Licht: 0,33878,3,2,0,2,10,7,0,0,0,1,0,0,0,1
"POINT (7.133692025000073 51.253060836000031)",Unfall 33895 (2021) Kat:3, Licht: 2,33895,3,1,0,10,22,6,1,2,0,0,0,1,0,0
"POINT (7.175656737000054 51.261440339000046)",Unfall 33911 (2021) Kat:3, Licht: 2,33911,3,3,5,10,1,1,0,2,0,1,0,0,0,0
"POINT (7.163725144000068 51.257068786000048)",Unfall 33912 (2021) Kat:3, Licht: 2,33912,3,3,6,12,16,7,1,2,0,1,1,0,0,0
"POINT (7.150101752000069 51.257016524000051)",Unfall 33913 (2021) Kat:3, Licht: 0,33913,3,6,3,6,12,7,0,0,0,1,0,0,0,0
"POINT (7.102948125000069 51.238950721000037)",Unfall 33917 (2021) Kat:3, Licht: 0,33917,3,1,0,1,8,2,1,0,0,1,0,0,0,0
"POINT (7.148563847000048 51.268589609000060)",Unfall 33950 (2021) Kat:2, Licht: 1,33950,2,3,5,2,16,7,1,1,0,1,0,0,0,1
"POINT (7.128216237000061 51.268156781000073)",Unfall 33971 (2021) Kat:3, Licht: 0,33971,3,7,0,11,13,3,0,0,0,1,0,0,0,1
"POINT (7.168465111000046 51.280316355000082)",Unfall 33973 (2021) Kat:3, Licht: 0,33973,3,2,5,5,17,5,0,0,0,1,0,0,0,1
"POINT (7.153124103000039 51.258890697000027)",Unfall 33974 (2021) Kat:3, Licht: 0,33974,3,3,5,1,15,6,0,0,1,1,0,0,0,0
"POINT (7.123375831000033 51.280761112000050)",Unfall 34003 (2021) Kat:3, Licht: 0,34003,3,6,3,11,16,4,1,0,0,1,0,0,0,0
"POINT (7.151588072000038 51.224878138000065)",Unfall 34012 (2021) Kat:3, Licht: 1,34012,3,2,5,12,16,3,1,1,0,1,0,0,0,0
"POINT (7.116088659000070 51.249463192000064)",Unfall 34016 (2021) Kat:3, Licht: 1,34016,3,2,2,1,8,3,1,1,0,1,0,0,0,1
"POINT (7.141267732000074 51.251660230000027)",Unfall 34020 (2021) Kat:3, Licht: 0,34020,3,7,2,6,19,4,0,0,0,1,0,0,0,0
"POINT (7.116407850000030 51.283001748000061)",Unfall 34035 (2021) Kat:3, Licht: 0,34035,3,6,6,6,9,5,0,0,1,0,1,0,0,0
"POINT (7.150147127000025 51.228538498000034)",Unfall 34054 (2021) Kat:3, Licht: 1,34054,3,2,5,12,16,4,1,1,1,1,0,0,0,0
"POINT (7.044896652000034 51.248262543000067)",Unfall 34066 (2021) Kat:3, Licht: 2,34066,3,1,8,2,5,7,0,2,0,0,0,0,0,1
"POINT (7.168889482000054 51.280480125000054)",Unfall 34074 (2021) Kat:3, Licht: 0,34074,3,2,3,6,12,6,0,0,0,1,0,1,0,0
"POINT (7.068136994000042 51.233332856000061)",Unfall 34100 (2021) Kat:3, Licht: 0,34100,3,2,4,6,14,3,0,0,0,1,0,0,0,0
"POINT (7.153277026000069 51.255256840000072)",Unfall 34114 (2021) Kat:3, Licht: 0,34114,3,7,0,2,8,7,1,0,0,0,0,0,0,1
"POINT (7.118451027000049 51.249203112000032)",Unfall 34118 (2021) Kat:3, Licht: 2,34118,3,7,2,11,21,6,1,2,0,1,0,0,0,0
"POINT (7.158727168000041 51.256163747000073)",Unfall 34128 (2021) Kat:3, Licht: 0,34128,3,7,1,9,15,4,1,0,0,1,0,0,0,0
"POINT (7.173002401000076 51.283425457000078)",Unfall 34140 (2021) Kat:3, Licht: 0,34140,3,6,1,4,17,5,0,0,0,1,0,0,0,0
"POINT (7.126765510000041 51.250417415000072)",Unfall 34146 (2021) Kat:3, Licht: 0,34146,3,3,5,3,13,3,1,0,1,1,0,0,0,0
"POINT (7.139170970000066 51.250823539000066)",Unfall 34154 (2021) Kat:3, Licht: 0,34154,3,6,1,9,12,3,0,0,0,1,0,0,0,0
"POINT (7.153124103000039 51.258890697000027)",Unfall 34169 (2021) Kat:3, Licht: 2,34169,3,4,0,12,19,5,0,2,0,1,1,0,0,0
"POINT (7.147912923000035 51.259679544000051)",Unfall 34187 (2021) Kat:3, Licht: 0,34187,3,6,0,3,14,4,0,0,0,1,0,0,0,1
"POINT (7.093997885000022 51.260810771000081)",Unfall 34216 (2021) Kat:3, Licht: 0,34216,3,1,8,2,10,7,0,0,0,1,0,0,0,0
"POINT (7.145170928000027 51.253032970000049)",Unfall 34221 (2021) Kat:3, Licht: 0,34221,3,5,0,3,16,1,0,0,0,1,0,0,0,1
"POINT (7.155819448000045 51.262855120000040)",Unfall 34235 (2021) Kat:3, Licht: 0,34235,3,3,5,5,15,2,0,0,0,0,0,0,0,1
"POINT (7.107133886000042 51.251908136000054)",Unfall 34242 (2021) Kat:3, Licht: 2,34242,3,1,0,6,1,4,1,2,0,0,0,1,0,0
"POINT (7.140310586000055 51.251300119000064)",Unfall 34255 (2021) Kat:3, Licht: 0,34255,3,7,2,1,10,2,1,0,0,1,0,0,0,1
"POINT (7.149133104000043 51.257408965000081)",Unfall 34284 (2021) Kat:2, Licht: 0,34284,2,4,6,6,10,3,0,0,0,0,1,1,0,0
"POINT (7.128579008000031 51.264584046000039)",Unfall 34304 (2021) Kat:3, Licht: 0,34304,3,6,2,11,12,3,0,0,0,1,0,0,0,0
"POINT (7.140808604000028 51.256489963000035)",Unfall 34317 (2021) Kat:3, Licht: 0,34317,3,1,8,6,11,3,0,0,0,1,1,0,0,0
"POINT (7.075760967000065 51.233662414000037)",Unfall 34332 (2021) Kat:3, Licht: 0,34332,3,6,1,9,18,2,0,0,0,1,0,0,0,0
"POINT (7.134293948000050 51.244139427000050)",Unfall 34333 (2021) Kat:3, Licht: 0,34333,3,4,0,12,13,3,0,0,0,1,1,0,0,0
"POINT (7.174073470000053 51.289232906000052)",Unfall 34336 (2021) Kat:3, Licht: 2,34336,3,7,9,9,20,2,0,2,0,1,0,0,0,0
"POINT (7.157198135000044 51.264730685000075)",Unfall 34373 (2021) Kat:3, Licht: 0,34373,3,5,8,10,9,3,1,0,0,1,1,0,0,0
"POINT (7.150975497000047 51.256111964000070)",Unfall 34401 (2021) Kat:3, Licht: 0,34401,3,6,2,5,18,6,0,0,0,1,0,1,0,0
"POINT (7.145582374000071 51.258648626000081)",Unfall 34413 (2021) Kat:3, Licht: 0,34413,3,7,0,9,17,4,0,0,1,0,0,0,0,0
"POINT (7.157337447000032 51.239886473000070)",Unfall 34427 (2021) Kat:2, Licht: 2,34427,2,4,6,12,17,3,1,2,0,1,1,0,0,0
"POINT (7.154142687000046 51.270553586000062)",Unfall 34462 (2021) Kat:3, Licht: 2,34462,3,6,9,10,19,3,1,2,0,1,0,0,0,0
"POINT (7.129840328000057 51.266218348000052)",Unfall 34514 (2021) Kat:3, Licht: 0,34514,3,6,2,5,20,2,0,0,0,1,0,0,0,0
"POINT (7.066230924000024 51.220479553000075)",Unfall 34527 (2021) Kat:3, Licht: 0,34527,3,1,8,4,19,3,2,0,0,1,0,0,0,0
"POINT (7.165031060000047 51.257523447000040)",Unfall 34540 (2021) Kat:3, Licht: 0,34540,3,7,6,7,12,7,0,0,0,0,1,0,0,1
"POINT (7.140243665000071 51.261368247000064)",Unfall 34548 (2021) Kat:3, Licht: 0,34548,3,4,0,9,18,7,0,0,0,1,1,0,0,0
"POINT (7.146933288000071 51.215322092000065)",Unfall 34553 (2021) Kat:3, Licht: 0,34553,3,2,5,9,18,4,1,0,0,1,0,0,0,0
"POINT (7.069178713000042 51.230689792000078)",Unfall 34563 (2021) Kat:2, Licht: 1,34563,2,4,6,11,8,2,0,1,0,1,1,0,0,0
"POINT (7.170241247000035 51.243218864000028)",Unfall 34564 (2021) Kat:3, Licht: 2,34564,3,7,0,12,17,2,1,2,0,0,0,1,0,0
"POINT (7.152618531000030 51.256311525000058)",Unfall 34603 (2021) Kat:3, Licht: 0,34603,3,1,0,4,9,4,0,0,1,0,0,0,0,0
"POINT (7.131090824000069 51.264543828000058)",Unfall 34615 (2021) Kat:3, Licht: 0,34615,3,6,2,2,8,4,1,0,0,1,0,0,1,0
"POINT (7.166373590000035 51.258184878000066)",Unfall 34640 (2021) Kat:3, Licht: 0,34640,3,6,2,11,17,2,0,0,0,1,0,0,0,0
"POINT (7.151983517000076 51.256182787000057)",Unfall 34641 (2021) Kat:3, Licht: 0,34641,3,1,0,10,13,6,0,0,1,0,0,0,0,0
"POINT (7.128949375000047 51.251430994000032)",Unfall 34652 (2021) Kat:3, Licht: 2,34652,3,3,5,11,0,1,1,2,0,1,0,0,0,1
"POINT (7.131843099000037 51.263196989000051)",Unfall 34667 (2021) Kat:2, Licht: 0,34667,2,1,0,6,19,7,0,0,1,0,0,0,0,0
"POINT (7.123007216000076 51.260041157000046)",Unfall 34685 (2021) Kat:3, Licht: 0,34685,3,2,0,3,12,2,1,0,1,0,0,0,0,0
"POINT (7.085779548000062 51.259010170000067)",Unfall 34690 (2021) Kat:3, Licht: 0,34690,3,6,3,12,15,5,0,0,0,1,0,0,0,0
"POINT (7.147824816000025 51.259860711000044)",Unfall 34709 (2021) Kat:3, Licht: 2,34709,3,1,1,11,17,6,1,2,0,1,0,0,0,0
"POINT (7.171805673000051 51.297107546000063)",Unfall 34722 (2021) Kat:3, Licht: 0,34722,3,7,9,4,19,2,1,0,0,1,0,0,0,0
"POINT (7.163725144000068 51.257068786000048)",Unfall 34733 (2021) Kat:3, Licht: 1,34733,3,6,1,9,20,7,0,1,0,1,0,0,0,0
"POINT (7.132778318000021 51.261470158000066)",Unfall 34755 (2021) Kat:3, Licht: 0,34755,3,4,6,4,11,6,0,0,0,1,1,0,0,0
"POINT (7.170051687000068 51.280946060000076)",Unfall 34757 (2021) Kat:3, Licht: 0,34757,3,3,5,6,16,3,0,0,1,1,0,0,0,0
"POINT (7.154334293000034 51.260768709000047)",Unfall 34758 (2021) Kat:3, Licht: 2,34758,3,7,0,11,17,6,0,2,0,1,0,0,0,0
"POINT (7.148516228000062 51.257890537000037)",Unfall 34773 (2021) Kat:3, Licht: 0,34773,3,7,0,6,12,3,0,0,0,1,0,0,0,1
"POINT (7.166888185000062 51.239503629000069)",Unfall 34796 (2021) Kat:2, Licht: 0,34796,2,6,2,12,15,3,0,0,0,1,0,0,1,0
"POINT (7.153124103000039 51.258890697000027)",Unfall 34797 (2021) Kat:3, Licht: 2,34797,3,7,0,12,18,5,1,2,1,1,0,0,0,0
"POINT (7.103851024000051 51.248069571000030)",Unfall 34804 (2021) Kat:3, Licht: 0,34804,3,2,5,10,16,4,0,0,0,1,0,0,0,0
"POINT (7.143420744000025 51.248525136000069)",Unfall 34806 (2021) Kat:3, Licht: 0,34806,3,4,1,5,17,7,1,0,0,0,1,0,0,1
"POINT (7.094830727000044 51.237344257000075)",Unfall 34808 (2021) Kat:2, Licht: 2,34808,2,2,4,1,17,1,1,2,0,1,0,0,0,0
"POINT (7.070397549000063 51.233676816000070)",Unfall 34809 (2021) Kat:3, Licht: 0,34809,3,7,4,10,11,7,1,0,1,1,0,0,0,0
"POINT (7.136798085000066 51.253678278000052)",Unfall 34820 (2021) Kat:3, Licht: 0,34820,3,6,1,5,14,1,0,0,0,1,0,1,0,0
"POINT (7.122642803000076 51.280757076000043)",Unfall 34826 (2021) Kat:2, Licht: 2,34826,2,7,2,11,17,5,0,2,0,1,0,0,0,0
"POINT (7.151814867000041 51.224288792000038)",Unfall 34835 (2021) Kat:3, Licht: 0,34835,3,2,4,9,12,6,0,0,1,1,0,0,0,0
"POINT (7.117069316000027 51.249347260000036)",Unfall 34839 (2021) Kat:3, Licht: 0,34839,3,6,0,11,15,2,1,0,0,1,0,1,0,0
"POINT (7.141267732000074 51.251660230000027)",Unfall 34843 (2021) Kat:3, Licht: 0,34843,3,6,2,4,10,7,0,0,0,1,0,0,0,0
"POINT (7.146594686000071 51.261034472000063)",Unfall 34849 (2021) Kat:3, Licht: 0,34849,3,6,2,9,16,7,0,0,0,1,0,0,0,0
"POINT (7.117351299000063 51.282660160000034)",Unfall 34857 (2021) Kat:3, Licht: 0,34857,3,1,9,10,13,3,0,0,0,1,0,0,0,0
"POINT (7.156404824000049 51.256155234000062)",Unfall 34863 (2021) Kat:3, Licht: 0,34863,3,6,2,9,7,6,0,0,0,1,0,1,0,0
"POINT (7.113876066000046 51.193081213000028)",Unfall 34873 (2021) Kat:3, Licht: 0,34873,3,1,0,9,17,6,1,0,0,0,0,1,0,0
"POINT (7.140011708000031 51.254461782000078)",Unfall 34883 (2021) Kat:3, Licht: 0,34883,3,3,5,9,17,5,0,0,0,1,0,0,0,0
"POINT (7.175555799000051 51.261564632000045)",Unfall 34886 (2021) Kat:3, Licht: 1,34886,3,1,8,6,21,5,0,1,1,0,0,0,0,0
"POINT (7.140786870000056 51.261221062000061)",Unfall 34899 (2021) Kat:3, Licht: 1,34899,3,6,2,11,15,6,1,1,1,1,0,0,0,0
"POINT (7.146143417000076 51.214911449000056)",Unfall 34906 (2021) Kat:3, Licht: 0,34906,3,3,5,6,14,4,0,0,0,1,0,1,0,0
"POINT (7.156546181000067 51.257755348000046)",Unfall 34920 (2021) Kat:3, Licht: 0,34920,3,6,2,6,14,4,0,0,0,1,0,0,0,1
"POINT (7.106380821000073 51.251590671000031)",Unfall 34927 (2021) Kat:2, Licht: 0,34927,2,6,2,6,17,6,0,0,0,1,0,0,0,0
"POINT (7.149629179000044 51.249332012000082)",Unfall 34933 (2021) Kat:3, Licht: 0,34933,3,6,2,9,18,3,0,0,0,1,0,0,0,0
"POINT (7.139851409000073 51.226668385000039)",Unfall 34940 (2021) Kat:3, Licht: 0,34940,3,6,2,4,9,3,1,0,0,1,0,0,0,0
"POINT (7.143605835000074 51.243896951000067)",Unfall 34963 (2021) Kat:3, Licht: 2,34963,3,3,5,4,20,7,0,2,0,1,0,0,0,0
"POINT (7.149133104000043 51.257408965000081)",Unfall 34970 (2021) Kat:3, Licht: 0,34970,3,7,5,9,10,5,0,0,0,1,0,1,0,0
"POINT (7.138967063000052 51.210155746000055)",Unfall 34980 (2021) Kat:3, Licht: 0,34980,3,1,8,11,10,6,1,0,0,1,0,0,0,0
"POINT (7.069758680000064 51.238416996000069)",Unfall 35007 (2021) Kat:3, Licht: 0,35007,3,7,1,7,8,6,0,0,0,1,0,0,0,0
"POINT (7.147760777000030 51.262566186000072)",Unfall 35011 (2021) Kat:3, Licht: 2,35011,3,4,6,11,17,6,1,2,0,1,1,0,0,0
"POINT (7.127952537000056 51.264592697000069)",Unfall 35027 (2021) Kat:3, Licht: 0,35027,3,6,2,1,15,3,1,0,0,1,0,0,0,0
"POINT (7.139993022000056 51.254459070000053)",Unfall 35040 (2021) Kat:3, Licht: 0,35040,3,7,6,9,15,7,0,0,0,1,1,0,0,0
"POINT (7.064931325000032 51.229443093000043)",Unfall 35056 (2021) Kat:3, Licht: 1,35056,3,3,5,7,22,1,0,1,0,1,0,0,0,0
"POINT (7.172336248000022 51.288750591000053)",Unfall 35058 (2021) Kat:2, Licht: 0,35058,2,1,8,9,17,5,0,0,0,0,0,1,0,0
"POINT (7.156048819000034 51.263407419000032)",Unfall 35059 (2021) Kat:3, Licht: 0,35059,3,6,3,9,13,4,0,0,1,1,0,0,0,0
"POINT (7.163005751000071 51.256974966000030)",Unfall 35072 (2021) Kat:3, Licht: 0,35072,3,2,8,4,16,2,0,0,0,1,0,0,0,0
"POINT (7.176132306000056 51.262616735000051)",Unfall 35084 (2021) Kat:3, Licht: 0,35084,3,3,0,2,10,4,0,0,1,1,0,0,0,0
"POINT (7.119436433000033 51.281438262000052)",Unfall 35098 (2021) Kat:3, Licht: 0,35098,3,7,4,7,11,6,0,0,0,1,0,1,0,0
"POINT (7.109439398000063 51.288321619000044)",Unfall 35144 (2021) Kat:2, Licht: 2,35144,2,1,8,5,20,6,0,2,0,0,0,1,0,0
"POINT (7.129897509000045 51.265958487000034)",Unfall 35147 (2021) Kat:3, Licht: 0,35147,3,6,2,5,13,4,0,0,0,1,0,0,0,0
"POINT (7.148270141000069 51.259125374000064)",Unfall 35205 (2021) Kat:3, Licht: 1,35205,3,3,5,12,17,4,1,1,0,1,0,0,0,0
"POINT (7.146036578000064 51.258808474000034)",Unfall 35240 (2021) Kat:3, Licht: 2,35240,3,4,6,11,5,2,1,2,0,1,1,0,0,0
"POINT (7.134674974000063 51.263543021000032)",Unfall 35250 (2021) Kat:3, Licht: 0,35250,3,6,4,10,12,6,0,0,0,0,0,0,1,1
"POINT (7.069566208000026 51.226557761000038)",Unfall 35252 (2021) Kat:3, Licht: 0,35252,3,6,2,9,9,2,0,0,0,1,0,0,0,0
"POINT (7.099817865000034 51.281771164000077)",Unfall 35272 (2021) Kat:3, Licht: 0,35272,3,1,9,2,8,6,2,0,0,0,0,1,0,0
"POINT (7.138588025000047 51.254312958000071)",Unfall 35275 (2021) Kat:3, Licht: 0,35275,3,6,9,6,17,3,0,0,0,1,0,1,0,0
"POINT (7.147385677000045 51.265499277000060)",Unfall 35344 (2021) Kat:3, Licht: 0,35344,3,5,1,2,13,4,0,0,1,1,0,0,0,0
"POINT (7.175409913000067 51.242560580000031)",Unfall 35378 (2021) Kat:3, Licht: 0,35378,3,1,3,3,12,1,0,0,0,1,0,0,0,0
"POINT (7.157377807000046 51.256255086000067)",Unfall 35392 (2021) Kat:3, Licht: 0,35392,3,5,3,9,17,4,0,0,0,1,0,0,0,0
"POINT (7.155843993000076 51.262914129000080)",Unfall 35407 (2021) Kat:3, Licht: 0,35407,3,6,3,9,14,4,0,0,0,1,0,0,0,0
"POINT (7.102025663000063 51.254290526000034)",Unfall 35421 (2021) Kat:3, Licht: 0,35421,3,6,3,4,18,4,1,0,0,1,0,0,0,0
"POINT (7.164593819000061 51.257366271000080)",Unfall 35453 (2021) Kat:3, Licht: 0,35453,3,6,2,6,16,3,0,0,0,1,0,1,0,0
"POINT (7.123560602000055 51.278066640000077)",Unfall 35471 (2021) Kat:3, Licht: 2,35471,3,6,2,11,7,3,1,2,1,1,0,0,0,0
"POINT (7.095844352000029 51.237311138000052)",Unfall 35487 (2021) Kat:3, Licht: 2,35487,3,6,1,1,19,2,1,2,0,1,0,0,0,1
"POINT (7.049917224000069 51.210932595000031)",Unfall 35536 (2021) Kat:2, Licht: 0,35536,2,6,1,5,12,4,1,0,0,1,0,0,0,1
"POINT (7.135749763000035 51.166468475000045)",Unfall 35543 (2021) Kat:3, Licht: 0,35543,3,2,4,1,12,7,0,0,1,1,0,0,0,0
"POINT (7.149815527000044 51.273611110000047)",Unfall 35559 (2021) Kat:3, Licht: 0,35559,3,2,5,9,7,4,0,0,1,1,0,0,0,0
"POINT (7.132491708000032 51.253815548000034)",Unfall 35579 (2021) Kat:3, Licht: 0,35579,3,4,6,9,8,4,0,0,0,1,1,0,0,0
"POINT (7.071558666000044 51.218665045000080)",Unfall 35594 (2021) Kat:3, Licht: 1,35594,3,2,2,11,7,3,0,1,0,1,0,0,0,0
"POINT (7.153261676000056 51.259072357000036)",Unfall 35621 (2021) Kat:3, Licht: 0,35621,3,3,2,7,15,6,0,0,0,1,0,0,0,0
"POINT (7.079027640000049 51.275505273000078)",Unfall 35629 (2021) Kat:2, Licht: 0,35629,2,1,8,5,15,4,0,0,0,1,0,0,0,0
"POINT (7.131622261000075 51.256376864000060)",Unfall 35635 (2021) Kat:3, Licht: 0,35635,3,6,2,12,15,5,0,0,0,1,0,0,0,0
"POINT (7.148117719000027 51.230726104000041)",Unfall 35638 (2021) Kat:2, Licht: 0,35638,2,3,3,6,19,6,0,0,0,1,0,1,0,0
"POINT (7.134199875000036 51.263866489000065)",Unfall 35655 (2021) Kat:2, Licht: 2,35655,2,7,2,12,21,4,1,2,0,1,0,1,0,0
"POINT (7.161425693000069 51.267170924000027)",Unfall 35656 (2021) Kat:3, Licht: 2,35656,3,3,5,10,19,7,0,2,0,1,0,0,0,0
"POINT (7.152076697000041 51.304229260000056)",Unfall 35681 (2021) Kat:3, Licht: 0,35681,3,3,5,3,8,2,0,0,1,1,0,0,0,0
"POINT (7.143445556000074 51.257916839000075)",Unfall 35689 (2021) Kat:3, Licht: 0,35689,3,1,0,7,17,4,0,0,1,0,0,1,0,0
"POINT (7.131727468000065 51.257232579000060)",Unfall 35693 (2021) Kat:3, Licht: 0,35693,3,2,5,5,18,4,1,0,0,1,0,1,0,0
"POINT (7.146957588000021 51.215334725000048)",Unfall 35735 (2021) Kat:3, Licht: 0,35735,3,6,2,9,19,7,0,0,0,1,0,0,0,0
"POINT (7.132313189000058 51.266095610000036)",Unfall 35781 (2021) Kat:1, Licht: 2,35781,1,1,0,3,1,7,1,2,1,0,0,0,0,0
"POINT (7.128431402000047 51.251190599000040)",Unfall 35819 (2021) Kat:3, Licht: 0,35819,3,6,2,3,15,4,0,0,0,1,0,0,0,0
"POINT (7.153143021000062 51.258915677000061)",Unfall 35823 (2021) Kat:3, Licht: 2,35823,3,1,6,1,17,5,1,2,0,1,1,0,0,0
"POINT (7.178483438000058 51.279229101000055)",Unfall 35861 (2021) Kat:2, Licht: 0,35861,2,6,2,11,8,3,1,0,0,0,0,0,1,0
"POINT (7.139984729000048 51.254457866000052)",Unfall 35870 (2021) Kat:3, Licht: 0,35870,3,6,3,6,16,3,0,0,0,1,0,0,0,1
"POINT (7.146522443000038 51.254876744000057)",Unfall 35876 (2021) Kat:2, Licht: 2,35876,2,1,9,11,0,3,0,2,0,1,0,0,0,0
"POINT (7.139817735000065 51.251121552000029)",Unfall 35965 (2021) Kat:3, Licht: 0,35965,3,3,5,11,12,2,1,0,1,1,0,0,0,0
"POINT (7.153511877000028 51.256296759000065)",Unfall 35979 (2021) Kat:3, Licht: 0,35979,3,3,5,6,17,6,0,0,0,1,0,0,0,0
"POINT (7.149025054000049 51.255730957000026)",Unfall 35994 (2021) Kat:3, Licht: 0,35994,3,7,7,10,15,5,0,0,1,0,0,0,0,0
"POINT (7.056047321000051 51.214871728000048)",Unfall 36006 (2021) Kat:3, Licht: 2,36006,3,6,1,1,16,2,1,2,0,1,0,0,0,0
"POINT (7.128443614000048 51.251196267000068)",Unfall 36014 (2021) Kat:3, Licht: 0,36014,3,6,1,2,14,2,2,0,0,1,0,0,0,0
"POINT (7.152234753000073 51.220159235000040)",Unfall 36018 (2021) Kat:3, Licht: 0,36018,3,6,0,1,8,3,0,0,0,1,0,0,0,1
"POINT (7.107496945000037 51.197018220000075)",Unfall 36027 (2021) Kat:2, Licht: 0,36027,2,3,5,9,16,7,0,0,0,1,0,0,0,0
"POINT (7.147634511000035 51.260384711000029)",Unfall 36033 (2021) Kat:3, Licht: 0,36033,3,6,2,9,15,2,0,0,0,1,0,0,0,0
"POINT (7.126338716000021 51.269672216000060)",Unfall 36051 (2021) Kat:3, Licht: 2,36051,3,1,7,11,17,7,1,2,0,1,0,0,0,0
"POINT (7.146645694000028 51.239132614000027)",Unfall 36068 (2021) Kat:3, Licht: 0,36068,3,6,1,7,16,2,0,0,0,1,0,0,0,0
"POINT (7.144197016000021 51.258179162000033)",Unfall 36089 (2021) Kat:3, Licht: 0,36089,3,4,0,12,11,2,1,0,0,1,1,0,0,0
"POINT (7.138133773000050 51.209693781000055)",Unfall 36103 (2021) Kat:2, Licht: 0,36103,2,1,7,11,9,5,1,0,0,1,0,1,0,0
"POINT (7.068362748000027 51.230373493000059)",Unfall 36104 (2021) Kat:2, Licht: 1,36104,2,4,6,1,7,4,1,1,0,1,1,0,0,0
"POINT (7.153710155000056 51.259754082000029)",Unfall 36118 (2021) Kat:3, Licht: 0,36118,3,3,0,11,8,5,0,0,0,1,0,0,0,1
"POINT (7.130395414000077 51.173483011000030)",Unfall 36130 (2021) Kat:2, Licht: 0,36130,2,7,0,5,15,1,0,0,1,0,0,0,0,0
"POINT (7.162157913000044 51.256498308000062)",Unfall 36131 (2021) Kat:3, Licht: 0,36131,3,1,0,12,13,2,1,0,0,1,0,1,0,0
"POINT (7.129273180000041 51.280341887000077)",Unfall 36165 (2021) Kat:3, Licht: 0,36165,3,5,1,11,12,6,0,0,0,1,0,0,0,1
"POINT (7.131797375000076 51.256831213000055)",Unfall 36180 (2021) Kat:2, Licht: 0,36180,2,6,4,3,16,1,1,0,0,1,0,0,0,0
"POINT (7.148399129000040 51.250904476000073)",Unfall 36183 (2021) Kat:3, Licht: 2,36183,3,3,5,1,21,7,0,2,0,1,0,0,0,0
"POINT (7.153073720000066 51.256168016000061)",Unfall 36207 (2021) Kat:3, Licht: 0,36207,3,6,2,9,8,3,0,0,1,0,0,0,0,1
"POINT (7.159459133000041 51.266063209000038)",Unfall 36220 (2021) Kat:3, Licht: 2,36220,3,6,2,1,17,3,1,2,0,1,0,0,0,0
"POINT (7.148388369000031 51.250923559000057)",Unfall 36222 (2021) Kat:3, Licht: 0,36222,3,7,0,9,18,1,0,0,0,0,0,1,0,0
"POINT (7.179068252000036 51.273370299000078)",Unfall 36244 (2021) Kat:2, Licht: 2,36244,2,6,2,11,6,4,1,2,0,1,0,0,0,0
"POINT (7.139451152000049 51.261564225000029)",Unfall 36253 (2021) Kat:3, Licht: 2,36253,3,6,2,12,16,6,0,2,1,1,0,0,0,0
"POINT (7.106512190000046 51.214145966000046)",Unfall 36276 (2021) Kat:2, Licht: 0,36276,2,1,8,2,15,2,2,0,0,1,0,0,0,0
"POINT (7.150374006000050 51.283113200000059)",Unfall 36283 (2021) Kat:3, Licht: 0,36283,3,2,2,11,8,5,0,0,0,1,0,0,0,0
"POINT (7.086430822000068 51.227668606000066)",Unfall 36289 (2021) Kat:3, Licht: 2,36289,3,6,2,10,22,6,0,2,0,1,0,0,0,0
"POINT (7.077923921000036 51.234650907000059)",Unfall 36290 (2021) Kat:2, Licht: 0,36290,2,3,5,3,16,2,0,0,0,1,0,0,0,1
"POINT (7.137915960000043 51.250482742000031)",Unfall 36291 (2021) Kat:3, Licht: 2,36291,3,1,8,6,0,4,1,2,0,1,0,0,0,0
"POINT (7.117812512000057 51.249264135000033)",Unfall 36310 (2021) Kat:3, Licht: 1,36310,3,5,1,5,6,4,1,1,0,1,0,0,0,1
"POINT (7.142261079000036 51.260884374000057)",Unfall 36314 (2021) Kat:3, Licht: 0,36314,3,5,1,3,9,7,1,0,0,1,0,0,0,0
"POINT (7.151006319000032 51.226479277000067)",Unfall 36345 (2021) Kat:3, Licht: 0,36345,3,6,8,6,16,3,0,0,0,0,0,0,0,1
"POINT (7.140891897000074 51.282219502000032)",Unfall 36353 (2021) Kat:3, Licht: 0,36353,3,6,4,2,7,5,0,0,0,1,0,0,0,1
"POINT (7.163730524000073 51.245455422000077)",Unfall 36441 (2021) Kat:3, Licht: 2,36441,3,7,9,12,23,2,2,2,0,1,0,0,0,0
"POINT (7.102599632000022 51.237801227000034)",Unfall 36446 (2021) Kat:3, Licht: 0,36446,3,2,2,7,13,1,1,0,0,1,0,0,0,0
"POINT (7.148629498000048 51.271367321000071)",Unfall 36480 (2021) Kat:3, Licht: 0,36480,3,2,4,12,14,4,0,0,1,1,0,0,0,0
"POINT (7.124426597000024 51.184391595000079)",Unfall 36498 (2021) Kat:3, Licht: 1,36498,3,1,9,3,6,2,1,1,0,1,0,0,0,0
"POINT (7.055128768000031 51.223370973000044)",Unfall 36531 (2021) Kat:2, Licht: 0,36531,2,1,0,5,7,4,1,0,0,0,0,1,0,0
"POINT (7.107278343000075 51.212927039000078)",Unfall 36579 (2021) Kat:3, Licht: 0,36579,3,1,9,7,21,3,0,0,0,1,0,0,0,0
"POINT (7.150323545000049 51.259001971000032)",Unfall 36585 (2021) Kat:3, Licht: 0,36585,3,7,3,12,15,4,0,0,0,1,0,0,0,1
"POINT (7.140050326000051 51.254467387000034)",Unfall 36592 (2021) Kat:3, Licht: 2,36592,3,7,0,1,19,3,1,2,0,1,1,0,0,0
"POINT (7.149133104000043 51.257408965000081)",Unfall 36619 (2021) Kat:3, Licht: 2,36619,3,2,0,11,18,5,0,2,0,1,0,0,0,1
"POINT (7.080234513000050 51.225642021000056)",Unfall 36646 (2021) Kat:3, Licht: 0,36646,3,6,2,7,9,5,0,0,0,1,0,0,0,0
"POINT (7.132818512000028 51.253750040000057)",Unfall 36657 (2021) Kat:3, Licht: 0,36657,3,6,3,1,11,5,1,0,0,1,0,0,0,0
"POINT (7.154680881000047 51.261215996000033)",Unfall 36660 (2021) Kat:3, Licht: 0,36660,3,3,5,6,12,7,0,0,0,1,0,0,0,0
"POINT (7.152102519000039 51.222306945000071)",Unfall 36700 (2021) Kat:3, Licht: 2,36700,3,6,3,11,17,3,1,2,1,1,0,0,0,0
"POINT (7.117883655000071 51.262577564000026)",Unfall 36704 (2021) Kat:3, Licht: 2,36704,3,7,2,11,18,5,0,2,0,1,0,0,0,1
"POINT (7.102968440000041 51.241690745000028)",Unfall 36706 (2021) Kat:3, Licht: 1,36706,3,1,0,12,16,5,1,1,0,0,0,1,0,0
"POINT (7.091642226000033 51.232832211000073)",Unfall 36707 (2021) Kat:3, Licht: 0,36707,3,6,2,10,8,3,0,0,0,1,0,0,1,0
"POINT (7.131192941000052 51.265546980000067)",Unfall 36714 (2021) Kat:3, Licht: 0,36714,3,6,2,5,14,4,0,0,0,1,0,0,0,0
"POINT (7.158727168000041 51.256163747000073)",Unfall 36715 (2021) Kat:3, Licht: 0,36715,3,6,2,11,12,2,0,0,0,1,0,0,0,0
"POINT (7.097786200000030 51.237223071000074)",Unfall 36735 (2021) Kat:2, Licht: 2,36735,2,4,6,2,19,4,0,2,0,1,1,0,0,0
"POINT (7.151420608000024 51.274617619000026)",Unfall 36739 (2021) Kat:3, Licht: 2,36739,3,5,1,12,17,4,1,2,1,1,0,0,0,0
"POINT (7.106839921000073 51.251562506000027)",Unfall 36772 (2021) Kat:3, Licht: 0,36772,3,1,0,12,12,5,1,0,0,1,0,0,0,0
"POINT (7.176307973000064 51.268780104000029)",Unfall 36790 (2021) Kat:3, Licht: 0,36790,3,6,2,2,13,4,2,0,0,1,0,0,0,0
"POINT (7.105625406000058 51.205289542000060)",Unfall 36806 (2021) Kat:2, Licht: 0,36806,2,1,8,10,7,4,1,0,0,1,0,0,0,0
"POINT (7.142568182000048 51.267822294000041)",Unfall 36808 (2021) Kat:3, Licht: 0,36808,3,6,1,3,7,4,1,0,0,1,0,0,0,0
"POINT (7.067888130000028 51.225270888000068)",Unfall 36828 (2021) Kat:2, Licht: 2,36828,2,2,5,12,0,7,1,2,0,1,0,0,0,0
"POINT (7.140800532000071 51.249791138000035)",Unfall 36851 (2021) Kat:3, Licht: 0,36851,3,7,2,3,18,5,0,0,0,1,0,0,0,0
"POINT (7.157381199000042 51.256254810000030)",Unfall 36856 (2021) Kat:3, Licht: 2,36856,3,6,3,9,20,6,0,2,0,1,0,0,0,0
"POINT (7.147557436000056 51.261094621000041)",Unfall 36858 (2021) Kat:3, Licht: 2,36858,3,2,1,11,18,1,0,2,0,1,0,0,0,1
"POINT (7.172835693000025 51.283157849000077)",Unfall 36869 (2021) Kat:3, Licht: 0,36869,3,7,0,6,12,3,0,0,0,1,0,0,1,0
"POINT (7.151777258000038 51.258847662000051)",Unfall 36881 (2021) Kat:3, Licht: 0,36881,3,7,0,4,9,5,0,0,1,0,0,0,0,0
"POINT (7.141041181000048 51.254535591000035)",Unfall 36902 (2021) Kat:3, Licht: 0,36902,3,1,8,10,13,2,0,0,1,0,0,0,0,0
"POINT (7.070305632000043 51.224375281000050)",Unfall 36906 (2021) Kat:3, Licht: 0,36906,3,3,0,10,15,6,0,0,0,1,0,0,0,0
"POINT (7.148273663000055 51.258619225000075)",Unfall 36910 (2021) Kat:3, Licht: 2,36910,3,4,6,12,17,2,0,2,0,1,1,0,0,0
"POINT (7.066895343000056 51.229979805000028)",Unfall 36918 (2021) Kat:3, Licht: 2,36918,3,4,0,1,17,2,1,2,0,1,1,0,0,0
"POINT (7.123318600000061 51.248850888000050)",Unfall 36924 (2021) Kat:3, Licht: 0,36924,3,3,5,11,8,7,1,0,0,1,0,0,0,0
"POINT (7.150877165000054 51.256087023000077)",Unfall 36933 (2021) Kat:3, Licht: 1,36933,3,6,2,9,19,4,0,1,0,1,0,0,0,0
"POINT (7.041370926000070 51.248669621000033)",Unfall 36936 (2021) Kat:3, Licht: 0,36936,3,7,8,10,10,5,1,0,0,0,0,0,0,1
"POINT (7.093427797000061 51.238878469000042)",Unfall 36941 (2021) Kat:3, Licht: 0,36941,3,1,8,5,13,7,1,0,0,1,0,0,0,0
"POINT (7.128949375000047 51.251430994000032)",Unfall 36992 (2021) Kat:3, Licht: 0,36992,3,2,4,4,13,6,0,0,1,1,0,0,0,0
"POINT (7.071494033000022 51.218263490000027)",Unfall 37006 (2021) Kat:3, Licht: 1,37006,3,7,6,11,16,7,0,1,0,1,1,0,0,0
"POINT (7.166888185000062 51.239503629000069)",Unfall 37033 (2021) Kat:2, Licht: 2,37033,2,6,3,9,6,2,0,2,0,1,0,1,0,0
"POINT (7.134243676000040 51.207549599000060)",Unfall 37059 (2021) Kat:2, Licht: 0,37059,2,7,0,3,10,7,0,0,1,0,0,0,0,0
"POINT (7.102007655000023 51.254295592000062)",Unfall 37078 (2021) Kat:3, Licht: 0,37078,3,3,0,9,11,5,0,0,0,0,0,0,1,1
"POINT (7.106923116000075 51.252834331000031)",Unfall 37103 (2021) Kat:2, Licht: 0,37103,2,1,9,10,8,1,1,0,0,1,0,0,0,0
"POINT (7.080231373000061 51.225641722000034)",Unfall 37121 (2021) Kat:3, Licht: 2,37121,3,6,2,12,19,5,1,2,0,1,0,0,0,1
"POINT (7.219327256000042 51.284660357000064)",Unfall 37159 (2021) Kat:3, Licht: 0,37159,3,4,6,10,17,5,0,0,0,1,1,0,0,0
"POINT (7.208820754000044 51.271053136000035)",Unfall 37193 (2021) Kat:3, Licht: 0,37193,3,7,2,12,13,3,0,0,0,1,0,0,0,0
"POINT (7.197138933000076 51.269671197000036)",Unfall 37212 (2021) Kat:3, Licht: 0,37212,3,6,2,11,14,2,0,0,0,1,0,1,0,0
"POINT (7.234909040000048 51.277006863000054)",Unfall 37249 (2021) Kat:3, Licht: 2,37249,3,6,3,3,18,4,0,2,1,1,0,0,0,0
"POINT (7.188790452000035 51.243077046000053)",Unfall 37273 (2021) Kat:3, Licht: 0,37273,3,6,2,5,10,4,0,0,0,1,0,0,1,0
"POINT (7.213605064000035 51.273743278000040)",Unfall 37288 (2021) Kat:3, Licht: 0,37288,3,7,3,5,12,2,0,0,0,1,0,0,0,1
"POINT (7.208424430000036 51.231272397000055)",Unfall 37314 (2021) Kat:3, Licht: 0,37314,3,2,4,7,12,2,0,0,0,1,0,0,0,0
"POINT (7.206730245000074 51.272756556000047)",Unfall 37347 (2021) Kat:3, Licht: 0,37347,3,6,2,9,14,2,0,0,0,1,0,0,0,0
"POINT (7.216774809000071 51.297110930000031)",Unfall 37360 (2021) Kat:2, Licht: 2,37360,2,1,9,1,19,4,1,2,0,1,0,0,0,0
"POINT (7.227470171000050 51.245936994000033)",Unfall 37396 (2021) Kat:3, Licht: 2,37396,3,6,3,11,6,4,0,2,0,1,0,0,0,0
"POINT (7.243991804000075 51.281437968000034)",Unfall 37411 (2021) Kat:3, Licht: 0,37411,3,7,0,4,19,7,0,0,0,0,0,0,0,1
"POINT (7.236021324000035 51.267884191000064)",Unfall 37421 (2021) Kat:3, Licht: 0,37421,3,1,0,6,8,5,0,0,1,0,0,0,0,0
"POINT (7.247772849000057 51.275431780000076)",Unfall 37456 (2021) Kat:3, Licht: 0,37456,3,6,4,4,17,6,0,0,0,1,0,0,0,0
"POINT (7.204266235000034 51.278832538000074)",Unfall 37465 (2021) Kat:3, Licht: 0,37465,3,2,2,1,14,5,0,0,0,1,0,0,0,0
"POINT (7.180618008000067 51.267564024000080)",Unfall 37475 (2021) Kat:2, Licht: 2,37475,2,6,3,3,22,6,0,2,0,1,0,0,0,0
"POINT (7.217743649000056 51.297474439000041)",Unfall 37487 (2021) Kat:3, Licht: 2,37487,3,1,8,10,21,3,1,2,0,1,0,0,0,0
"POINT (7.207629030000021 51.273498033000067)",Unfall 37490 (2021) Kat:3, Licht: 0,37490,3,6,1,10,17,7,0,0,0,1,0,0,0,0
"POINT (7.213817208000023 51.274353188000077)",Unfall 37554 (2021) Kat:3, Licht: 2,37554,3,6,1,12,23,1,1,2,0,1,0,0,0,0
"POINT (7.207568380000055 51.230396225000050)",Unfall 37582 (2021) Kat:3, Licht: 0,37582,3,3,5,3,17,6,0,0,0,1,0,1,0,0
"POINT (7.195764725000060 51.237938847000066)",Unfall 37610 (2021) Kat:3, Licht: 0,37610,3,6,1,9,18,4,1,0,0,1,0,0,0,1
"POINT (7.208980057000076 51.283239058000049)",Unfall 37619 (2021) Kat:3, Licht: 0,37619,3,7,3,9,8,4,0,0,0,1,0,0,0,0
"POINT (7.206737087000022 51.273017162000031)",Unfall 37667 (2021) Kat:3, Licht: 0,37667,3,6,2,5,17,7,1,0,0,1,0,0,0,0
"POINT (7.192278823000038 51.247083305000046)",Unfall 37684 (2021) Kat:3, Licht: 2,37684,3,4,6,11,16,3,1,2,0,1,1,0,0,0
"POINT (7.186371296000061 51.291725592000034)",Unfall 37691 (2021) Kat:3, Licht: 0,37691,3,2,6,12,13,3,0,0,0,1,1,0,0,0
"POINT (7.222283351000044 51.271094835000042)",Unfall 37697 (2021) Kat:3, Licht: 0,37697,3,2,2,9,10,7,0,0,0,1,0,0,0,0
"POINT (7.201749829000050 51.293813519000082)",Unfall 37718 (2021) Kat:3, Licht: 0,37718,3,4,6,10,15,7,0,0,0,1,1,0,0,0
"POINT (7.226938874000041 51.285903394000059)",Unfall 37741 (2021) Kat:3, Licht: 0,37741,3,3,5,9,14,3,0,0,1,1,0,0,0,0
"POINT (7.207128483000076 51.291974198000048)",Unfall 37791 (2021) Kat:3, Licht: 1,37791,3,7,0,11,7,3,1,1,0,1,0,0,1,0
"POINT (7.186371296000061 51.291725592000034)",Unfall 37825 (2021) Kat:3, Licht: 0,37825,3,2,5,5,16,5,0,0,1,1,0,0,0,0
"POINT (7.223420576000024 51.271126995000031)",Unfall 37831 (2021) Kat:3, Licht: 2,37831,3,2,5,5,21,6,0,2,0,1,0,0,0,0
"POINT (7.215522824000061 51.296450126000082)",Unfall 37835 (2021) Kat:3, Licht: 0,37835,3,1,8,10,16,1,1,0,0,1,0,0,0,0
"POINT (7.199764852000044 51.273329776000026)",Unfall 37889 (2021) Kat:3, Licht: 0,37889,3,6,2,9,16,5,0,0,1,1,0,0,0,0
"POINT (7.187065160000031 51.282563054000036)",Unfall 37926 (2021) Kat:3, Licht: 2,37926,3,1,8,4,21,3,2,2,0,1,0,0,0,0
"POINT (7.202448177000065 51.270868716000052)",Unfall 37946 (2021) Kat:3, Licht: 2,37946,3,6,2,12,16,7,1,2,0,1,0,0,0,0
"POINT (7.214044139000066 51.274556046000043)",Unfall 37997 (2021) Kat:3, Licht: 0,37997,3,6,2,1,15,5,0,0,0,1,0,0,0,0
"POINT (7.219079813000064 51.284535257000073)",Unfall 38028 (2021) Kat:3, Licht: 0,38028,3,6,2,11,13,4,0,0,0,1,0,0,0,0
"POINT (7.220162389000052 51.275211952000063)",Unfall 38042 (2021) Kat:3, Licht: 0,38042,3,6,1,7,20,5,1,0,0,1,0,0,0,1
"POINT (7.249615779000067 51.310264234000044)",Unfall 38080 (2021) Kat:3, Licht: 0,38080,3,6,2,6,18,2,0,0,0,1,0,0,0,1
"POINT (7.208284032000051 51.270887115000050)",Unfall 38112 (2021) Kat:3, Licht: 2,38112,3,6,3,11,19,7,1,2,0,1,0,0,0,0
"POINT (7.190946255000028 51.275406347000057)",Unfall 38126 (2021) Kat:3, Licht: 0,38126,3,4,6,11,9,6,1,0,0,1,1,0,0,0
"POINT (7.220163940000020 51.275212047000082)",Unfall 38169 (2021) Kat:3, Licht: 0,38169,3,6,6,6,14,5,0,0,1,0,1,0,0,0
"POINT (7.195764725000060 51.237938847000066)",Unfall 38180 (2021) Kat:3, Licht: 0,38180,3,6,2,10,12,2,0,0,0,1,0,0,0,0
"POINT (7.199302966000062 51.288462136000078)",Unfall 38193 (2021) Kat:3, Licht: 2,38193,3,6,2,11,17,2,0,2,0,1,0,0,0,0
"POINT (7.233172088000060 51.257992287000036)",Unfall 38207 (2021) Kat:3, Licht: 2,38207,3,1,9,4,1,4,1,2,0,1,0,0,0,0
"POINT (7.213470353000048 51.282669984000051)",Unfall 38212 (2021) Kat:3, Licht: 0,38212,3,7,0,9,9,4,1,0,0,0,1,0,1,0
"POINT (7.197786399000051 51.268836685000053)",Unfall 38280 (2021) Kat:3, Licht: 0,38280,3,3,5,7,11,5,1,0,0,1,0,0,0,0
"POINT (7.181876249000027 51.276683226000046)",Unfall 38288 (2021) Kat:3, Licht: 2,38288,3,3,5,1,7,2,1,2,0,1,0,0,0,0
"POINT (7.195764725000060 51.237938847000066)",Unfall 38314 (2021) Kat:3, Licht: 0,38314,3,6,1,7,10,5,0,0,0,1,0,0,0,0
"POINT (7.219657264000034 51.299916763000056)",Unfall 38349 (2021) Kat:2, Licht: 0,38349,2,6,3,10,13,4,1,0,0,1,0,0,0,0
"POINT (7.206201825000051 51.280462074000070)",Unfall 38357 (2021) Kat:3, Licht: 0,38357,3,7,2,4,19,7,0,0,0,1,0,0,0,0
"POINT (7.195105980000051 51.237116149000030)",Unfall 38360 (2021) Kat:2, Licht: 1,38360,2,4,6,5,21,5,0,1,0,1,1,0,0,0
"POINT (7.242407482000033 51.274148458000070)",Unfall 38376 (2021) Kat:3, Licht: 2,38376,3,1,8,12,21,4,1,2,0,1,0,0,0,0
"POINT (7.208015044000035 51.282288613000048)",Unfall 38385 (2021) Kat:3, Licht: 2,38385,3,6,2,11,7,3,1,2,0,1,0,0,0,0
"POINT (7.180178716000057 51.248531326000034)",Unfall 38404 (2021) Kat:3, Licht: 2,38404,3,1,9,6,21,3,1,2,1,0,0,0,0,0
"POINT (7.245695999000077 51.294594747000076)",Unfall 38436 (2021) Kat:3, Licht: 0,38436,3,6,2,3,7,4,0,0,1,1,0,0,0,0
"POINT (7.268106343000056 51.277974415000074)",Unfall 38454 (2021) Kat:3, Licht: 0,38454,3,6,2,6,11,4,0,0,0,0,0,1,1,0
"POINT (7.205877454000074 51.271711834000030)",Unfall 38455 (2021) Kat:3, Licht: 0,38455,3,3,0,7,17,5,1,0,0,1,0,0,0,1
"POINT (7.227941686000065 51.270536693000054)",Unfall 38458 (2021) Kat:3, Licht: 0,38458,3,6,1,9,13,4,0,0,0,1,0,1,0,0
"POINT (7.181053767000037 51.283549189000041)",Unfall 38486 (2021) Kat:2, Licht: 0,38486,2,1,8,12,15,3,1,0,0,1,0,0,0,0
"POINT (7.196718190000070 51.270098401000041)",Unfall 38494 (2021) Kat:3, Licht: 0,38494,3,6,2,5,13,4,1,0,0,1,0,1,0,0
"POINT (7.222366277000049 51.275434804000042)",Unfall 38498 (2021) Kat:3, Licht: 1,38498,3,4,6,3,20,1,0,1,0,1,1,0,0,0
"POINT (7.190048397000055 51.275894893000043)",Unfall 38521 (2021) Kat:3, Licht: 0,38521,3,1,0,11,15,1,1,0,0,0,0,1,0,0
"POINT (7.244061294000062 51.280890624000051)",Unfall 38522 (2021) Kat:3, Licht: 0,38522,3,6,2,11,11,5,0,0,0,1,0,0,0,0
"POINT (7.182765690000053 51.264845644000047)",Unfall 38558 (2021) Kat:3, Licht: 0,38558,3,6,3,11,12,3,0,0,0,1,0,1,0,0
"POINT (7.238117706000025 51.225530955000067)",Unfall 38583 (2021) Kat:3, Licht: 0,38583,3,1,9,9,16,1,0,0,0,1,0,0,0,0
"POINT (7.246938342000021 51.295230752000066)",Unfall 38593 (2021) Kat:3, Licht: 2,38593,3,2,2,10,6,2,1,2,0,1,0,0,0,0
"POINT (7.236644407000028 51.263480854000079)",Unfall 38619 (2021) Kat:3, Licht: 0,38619,3,5,1,10,10,5,0,0,1,1,0,0,0,1
"POINT (7.205669058000069 51.279606979000050)",Unfall 38626 (2021) Kat:3, Licht: 0,38626,3,6,1,6,13,7,0,0,0,1,0,0,0,0
"POINT (7.199302396000064 51.288462011000036)",Unfall 38642 (2021) Kat:3, Licht: 0,38642,3,1,2,9,16,4,1,0,0,1,0,0,1,0
"POINT (7.252169306000042 51.255642410000064)",Unfall 38655 (2021) Kat:2, Licht: 0,38655,2,6,0,6,16,1,0,0,0,0,0,1,0,0
"POINT (7.204679977000069 51.280826637000075)",Unfall 38663 (2021) Kat:3, Licht: 0,38663,3,3,5,2,12,7,0,0,0,1,0,1,0,0
"POINT (7.193412806000026 51.273160441000073)",Unfall 38665 (2021) Kat:3, Licht: 2,38665,3,6,2,1,21,7,1,2,1,1,0,0,0,0
"POINT (7.202895519000037 51.286559855000064)",Unfall 38698 (2021) Kat:3, Licht: 0,38698,3,7,1,3,13,6,0,0,0,1,0,0,0,0
"POINT (7.197094368000023 51.269555696000054)",Unfall 38708 (2021) Kat:2, Licht: 2,38708,2,3,5,6,22,2,0,2,0,1,0,0,0,0
"POINT (7.207917946000066 51.270755407000081)",Unfall 38734 (2021) Kat:3, Licht: 0,38734,3,4,6,6,8,4,0,0,0,1,1,0,0,0
"POINT (7.232279446000064 51.272811596000054)",Unfall 38736 (2021) Kat:3, Licht: 0,38736,3,1,9,10,14,4,1,0,0,1,0,0,0,0
"POINT (7.216127294000046 51.301145254000062)",Unfall 38759 (2021) Kat:3, Licht: 1,38759,3,6,0,3,18,1,0,1,1,1,0,0,0,0
"POINT (7.201303754000037 51.292485616000079)",Unfall 38776 (2021) Kat:3, Licht: 0,38776,3,7,6,1,15,3,1,0,0,1,1,0,0,0
"POINT (7.184878185000059 51.278710598000032)",Unfall 38785 (2021) Kat:2, Licht: 2,38785,2,1,8,12,5,3,1,2,0,1,0,0,0,0
"POINT (7.250498733000029 51.309584671000039)",Unfall 38788 (2021) Kat:3, Licht: 0,38788,3,2,5,1,14,2,1,0,0,1,0,0,0,0
"POINT (7.227317164000056 51.238891647000059)",Unfall 38799 (2021) Kat:2, Licht: 2,38799,2,1,0,12,17,4,1,2,0,0,0,1,0,0
"POINT (7.189052355000058 51.276076759000034)",Unfall 38813 (2021) Kat:3, Licht: 0,38813,3,3,0,6,19,1,0,0,0,1,0,0,0,0
"POINT (7.187697180000043 51.246889594000038)",Unfall 38846 (2021) Kat:3, Licht: 0,38846,3,3,0,9,15,7,0,0,0,1,0,1,0,0
"POINT (7.257038760000057 51.312167139000053)",Unfall 38852 (2021) Kat:3, Licht: 0,38852,3,3,3,5,16,4,0,0,0,1,0,0,1,0
"POINT (7.202253965000068 51.226228832000061)",Unfall 38868 (2021) Kat:3, Licht: 0,38868,3,6,2,10,13,5,0,0,0,1,0,1,0,0
"POINT (7.189914799000064 51.275919252000051)",Unfall 38904 (2021) Kat:3, Licht: 2,38904,3,1,1,12,2,3,1,2,0,1,0,0,0,0
"POINT (7.215360795000038 51.302417959000081)",Unfall 38935 (2021) Kat:3, Licht: 0,38935,3,7,5,4,12,7,0,0,0,1,0,0,0,0
"POINT (7.206453349000071 51.266783537000038)",Unfall 38938 (2021) Kat:3, Licht: 2,38938,3,7,4,12,20,5,1,2,0,1,0,0,0,0
"POINT (7.227966478000042 51.270531039000048)",Unfall 38940 (2021) Kat:3, Licht: 2,38940,3,4,6,12,7,5,0,2,0,1,1,0,0,0
"POINT (7.199570470000026 51.270233990000065)",Unfall 38989 (2021) Kat:3, Licht: 0,38989,3,6,2,9,12,4,1,0,0,1,0,0,0,0
"POINT (7.182419842000058 51.277318934000050)",Unfall 38998 (2021) Kat:3, Licht: 0,38998,3,6,2,9,9,5,0,0,0,1,0,0,0,0
"POINT (7.229466362000039 51.304772680000042)",Unfall 39038 (2021) Kat:3, Licht: 1,39038,3,6,2,10,7,2,0,1,0,1,0,0,0,0
"POINT (7.221194157000070 51.285220917000061)",Unfall 39063 (2021) Kat:3, Licht: 2,39063,3,6,2,11,17,1,1,2,0,1,0,0,0,0
"POINT (7.185669487000041 51.265607009000064)",Unfall 39147 (2021) Kat:3, Licht: 0,39147,3,4,6,4,17,1,0,0,0,1,1,0,0,0
"POINT (7.223668742000029 51.285673089000056)",Unfall 39153 (2021) Kat:3, Licht: 0,39153,3,3,5,11,10,6,1,0,0,1,0,0,0,0
"POINT (7.183232145000034 51.278869663000080)",Unfall 39174 (2021) Kat:3, Licht: 0,39174,3,6,1,5,9,4,0,0,0,1,0,1,0,0
"POINT (7.238545856000030 51.291953516000035)",Unfall 39202 (2021) Kat:3, Licht: 2,39202,3,2,6,11,20,6,1,2,0,1,1,0,0,0
"POINT (7.215974437000057 51.288611008000032)",Unfall 39207 (2021) Kat:3, Licht: 2,39207,3,3,5,7,23,1,0,2,0,1,0,0,0,0
"POINT (7.192367288000071 51.249481859000070)",Unfall 39227 (2021) Kat:3, Licht: 2,39227,3,3,5,11,21,6,1,2,0,1,0,0,0,0
"POINT (7.246938342000021 51.295230752000066)",Unfall 39228 (2021) Kat:2, Licht: 0,39228,2,7,0,6,17,4,0,0,0,1,0,0,0,0
"POINT (7.185339808000037 51.265677531000051)",Unfall 39234 (2021) Kat:3, Licht: 1,39234,3,6,2,1,16,2,1,1,0,1,0,0,0,0
"POINT (7.213817208000023 51.274353188000077)",Unfall 39243 (2021) Kat:3, Licht: 0,39243,3,6,1,4,8,5,0,0,0,1,0,1,0,0
"POINT (7.235238912000057 51.277082774000064)",Unfall 39274 (2021) Kat:3, Licht: 0,39274,3,6,2,5,9,4,1,0,0,1,0,0,0,0
"POINT (7.181296388000021 51.264285122000047)",Unfall 39276 (2021) Kat:3, Licht: 0,39276,3,6,2,9,16,5,0,0,0,1,0,0,0,0
"POINT (7.204756221000025 51.280821197000080)",Unfall 39280 (2021) Kat:3, Licht: 0,39280,3,4,0,12,13,6,0,0,0,1,1,0,0,0
"POINT (7.194469545000061 51.256393352000032)",Unfall 39371 (2021) Kat:2, Licht: 0,39371,2,2,3,5,14,7,0,0,0,1,0,1,0,0
"POINT (7.208864141000049 51.282801261000031)",Unfall 39380 (2021) Kat:3, Licht: 0,39380,3,6,2,3,14,7,0,0,0,1,0,1,0,0
"POINT (7.253777946000071 51.275901140000030)",Unfall 39413 (2021) Kat:3, Licht: 1,39413,3,7,6,10,17,5,0,1,1,0,1,0,0,0
"POINT (7.238545856000030 51.291953516000035)",Unfall 39473 (2021) Kat:3, Licht: 0,39473,3,3,5,3,16,2,0,0,0,1,0,0,1,0
"POINT (7.231955712000058 51.229341101000045)",Unfall 39483 (2021) Kat:2, Licht: 1,39483,2,1,8,5,20,6,0,1,0,1,0,0,0,0
"POINT (7.185521884000025 51.279024345000039)",Unfall 39499 (2021) Kat:3, Licht: 0,39499,3,6,2,5,19,2,0,0,0,1,0,0,0,0
"POINT (7.221312056000045 51.275372041000026)",Unfall 39505 (2021) Kat:2, Licht: 0,39505,2,6,2,10,16,5,0,0,0,1,0,0,0,0
"POINT (7.220440092000047 51.275315362000072)",Unfall 39536 (2021) Kat:3, Licht: 0,39536,3,6,2,12,13,2,0,0,0,1,0,0,0,1
"POINT (7.192988694000064 51.286378537000076)",Unfall 39583 (2021) Kat:3, Licht: 0,39583,3,6,2,9,16,4,0,0,0,1,0,0,0,1
"POINT (7.198201807000032 51.259149145000038)",Unfall 39594 (2021) Kat:3, Licht: 0,39594,3,6,4,10,13,1,1,0,0,1,0,0,0,0
"POINT (7.186721677000037 51.279233401000056)",Unfall 39645 (2021) Kat:3, Licht: 0,39645,3,3,5,12,15,6,1,0,0,1,0,0,0,0
"POINT (7.216538742000068 51.283483216000036)",Unfall 39684 (2021) Kat:2, Licht: 0,39684,2,5,1,12,12,2,0,0,0,1,0,1,0,0
"POINT (7.243531974000064 51.274232786000027)",Unfall 39705 (2021) Kat:3, Licht: 2,39705,3,5,1,12,17,3,0,2,0,1,0,0,0,0
"POINT (7.183470378000038 51.278002612000080)",Unfall 39711 (2021) Kat:3, Licht: 0,39711,3,2,3,4,17,7,0,0,0,1,0,0,0,0
"POINT (7.206290882000076 51.280688779000059)",Unfall 39720 (2021) Kat:3, Licht: 2,39720,3,2,6,2,7,6,1,2,0,1,1,0,0,0
"POINT (7.195766220000053 51.269036287000063)",Unfall 39723 (2021) Kat:3, Licht: 0,39723,3,7,1,9,14,1,0,0,1,1,0,0,0,0
"POINT (7.179524113000070 51.263699879000058)",Unfall 39754 (2021) Kat:3, Licht: 0,39754,3,3,5,6,7,6,0,0,1,1,0,0,0,0
"POINT (7.203586479000023 51.227214147000041)",Unfall 39758 (2021) Kat:3, Licht: 0,39758,3,6,1,6,12,6,0,0,1,1,0,0,0,0
"POINT (7.215360795000038 51.302417959000081)",Unfall 39815 (2021) Kat:3, Licht: 0,39815,3,3,5,4,12,6,0,0,0,1,0,1,0,0
"POINT (7.192372117000048 51.249458709000066)",Unfall 39851 (2021) Kat:2, Licht: 2,39851,2,4,6,12,21,3,1,2,0,1,1,0,0,0
"POINT (7.253443538000056 51.297872323000036)",Unfall 39860 (2021) Kat:3, Licht: 0,39860,3,2,4,9,11,5,0,0,0,1,0,0,0,0
"POINT (7.268344533000061 51.278029460000027)",Unfall 39868 (2021) Kat:2, Licht: 2,39868,2,2,5,3,19,4,0,2,0,1,0,1,0,0
"POINT (7.199857571000052 51.237510401000065)",Unfall 39917 (2021) Kat:3, Licht: 0,39917,3,3,5,2,10,7,0,0,1,0,0,0,0,1
"POINT (7.231097414000033 51.256782980000025)",Unfall 39931 (2021) Kat:1, Licht: 0,39931,1,1,2,5,7,4,2,0,0,1,0,0,1,0
"POINT (7.215360795000038 51.302417959000081)",Unfall 39957 (2021) Kat:3, Licht: 2,39957,3,3,5,9,21,3,0,2,0,1,0,1,0,0
"POINT (7.196532418000061 51.255879913000058)",Unfall 39987 (2021) Kat:2, Licht: 1,39987,2,1,9,1,16,4,1,1,0,1,0,1,0,0
"POINT (7.221773908000046 51.275402598000028)",Unfall 39991 (2021) Kat:3, Licht: 0,39991,3,4,6,9,18,6,0,0,0,1,1,0,0,0
"POINT (7.210421795000059 51.274182728000028)",Unfall 40008 (2021) Kat:3, Licht: 0,40008,3,6,2,12,13,2,0,0,0,1,0,0,0,0
"POINT (7.208485138000071 51.270952783000041)",Unfall 40055 (2021) Kat:3, Licht: 0,40055,3,4,6,4,12,5,0,0,0,1,1,0,0,0
"POINT (7.193909328000075 51.234929545000057)",Unfall 40076 (2021) Kat:3, Licht: 0,40076,3,1,0,3,13,2,0,0,0,1,0,0,0,1
"POINT (7.212485994000076 51.234832739000069)",Unfall 40104 (2021) Kat:3, Licht: 0,40104,3,3,6,5,13,2,1,0,0,1,1,0,0,0
"POINT (7.255399540000042 51.272654855000042)",Unfall 40155 (2021) Kat:2, Licht: 0,40155,2,1,8,9,15,2,0,0,0,1,0,0,1,1
"POINT (7.235209654000073 51.230271338000080)",Unfall 40194 (2021) Kat:3, Licht: 0,40194,3,6,2,12,14,5,1,0,0,1,0,0,0,0
"POINT (7.249012649000065 51.312981614000080)",Unfall 40226 (2021) Kat:2, Licht: 0,40226,2,3,5,9,13,2,0,0,0,0,0,1,1,0
"POINT (7.184316867000064 51.278413122000075)",Unfall 40278 (2021) Kat:3, Licht: 0,40278,3,6,1,4,17,5,0,0,0,1,0,0,1,0
"POINT (7.182725300000072 51.264887360000046)",Unfall 40359 (2021) Kat:3, Licht: 2,40359,3,3,5,12,16,1,1,2,0,1,0,0,0,0
"POINT (7.249136191000048 51.299101770000050)",Unfall 40362 (2021) Kat:3, Licht: 0,40362,3,7,6,5,14,5,0,0,0,0,1,0,1,0
"POINT (7.228510802000073 51.275539378000076)",Unfall 40398 (2021) Kat:3, Licht: 2,40398,3,7,0,4,22,3,0,2,0,0,0,0,0,1
"POINT (7.212625278000075 51.274248040000032)",Unfall 40404 (2021) Kat:3, Licht: 0,40404,3,6,2,6,17,3,0,0,0,1,0,0,0,0
"POINT (7.203289800000050 51.237571531000071)",Unfall 40408 (2021) Kat:3, Licht: 0,40408,3,6,2,9,14,6,0,0,0,1,0,0,0,0
"POINT (7.196564579000039 51.270254628000032)",Unfall 40418 (2021) Kat:3, Licht: 2,40418,3,6,2,10,22,5,0,2,0,1,0,0,0,0
"POINT (7.207470157000046 51.230105089000062)",Unfall 40428 (2021) Kat:3, Licht: 2,40428,3,1,0,3,23,2,0,2,0,1,0,1,0,0
"POINT (7.220254464000050 51.275304795000068)",Unfall 40453 (2021) Kat:3, Licht: 0,40453,3,6,6,12,15,2,0,0,0,1,1,0,0,0
"POINT (7.235129788000052 51.277059048000069)",Unfall 40455 (2021) Kat:2, Licht: 2,40455,2,4,6,10,22,6,1,2,0,1,1,0,0,0
"POINT (7.218372008000074 51.271212953000031)",Unfall 40486 (2021) Kat:3, Licht: 0,40486,3,7,6,9,14,6,0,0,1,0,1,0,0,0
"POINT (7.232671000000039 51.239771999000027)",Unfall 40490 (2021) Kat:3, Licht: 0,40490,3,6,2,2,15,6,0,0,0,1,0,0,0,0
"POINT (7.180299890000072 51.263956913000072)",Unfall 40494 (2021) Kat:3, Licht: 0,40494,3,6,2,12,12,6,0,0,0,1,0,0,0,1
"POINT (7.194073318000051 51.267440010000030)",Unfall 40500 (2021) Kat:3, Licht: 0,40500,3,2,5,12,12,4,1,0,0,1,0,0,0,0
"POINT (7.209412112000052 51.231584400000031)",Unfall 40526 (2021) Kat:3, Licht: 0,40526,3,2,0,9,7,3,0,0,0,1,0,0,0,1
"POINT (7.199913819000074 51.288596742000038)",Unfall 40530 (2021) Kat:2, Licht: 0,40530,2,6,2,11,13,4,0,0,0,1,0,0,0,0
"POINT (7.181627756000069 51.264394248000031)",Unfall 40573 (2021) Kat:3, Licht: 0,40573,3,6,3,4,20,4,0,0,0,1,0,0,0,0
"POINT (7.229728082000065 51.239306811000063)",Unfall 40580 (2021) Kat:2, Licht: 0,40580,2,6,2,11,9,4,0,0,0,1,0,0,0,0
"POINT (7.212036408000074 51.270346591000077)",Unfall 40587 (2021) Kat:3, Licht: 0,40587,3,6,3,3,8,6,1,0,0,1,0,0,1,0
"POINT (7.201873552000052 51.294062783000072)",Unfall 40625 (2021) Kat:1, Licht: 1,40625,1,4,6,11,7,5,0,1,0,1,1,0,0,0
"POINT (7.190504053000041 51.266895759000079)",Unfall 40627 (2021) Kat:2, Licht: 0,40627,2,7,5,6,7,4,0,0,0,0,0,1,0,1
"POINT (7.213769459000048 51.274314178000054)",Unfall 40641 (2021) Kat:3, Licht: 2,40641,3,6,2,7,1,2,0,2,0,1,0,0,0,0
"POINT (7.222121760000050 51.275425611000060)",Unfall 40734 (2021) Kat:3, Licht: 0,40734,3,6,0,10,12,6,0,0,1,1,0,0,0,1
"POINT (7.197636650000049 51.268847240000071)",Unfall 40745 (2021) Kat:3, Licht: 0,40745,3,3,0,7,7,5,1,0,0,1,0,1,0,0
"POINT (7.186900814000069 51.247727320000081)",Unfall 40746 (2021) Kat:2, Licht: 0,40746,2,1,0,10,13,6,0,0,1,0,0,0,0,0
"POINT (7.206888864000064 51.281785775000060)",Unfall 40757 (2021) Kat:3, Licht: 2,40757,3,6,3,9,20,3,0,2,0,1,0,0,0,0
"POINT (7.247219525000048 51.310572978000039)",Unfall 40774 (2021) Kat:2, Licht: 0,40774,2,1,8,4,11,6,0,0,0,1,0,0,0,0
"POINT (7.196688762000065 51.270128330000034)",Unfall 40783 (2021) Kat:3, Licht: 1,40783,3,6,2,10,16,3,1,1,0,1,0,0,0,1
"POINT (7.218670512000074 51.271230534000040)",Unfall 40818 (2021) Kat:3, Licht: 0,40818,3,3,3,4,11,3,1,0,0,1,0,0,0,0
"POINT (7.232671000000039 51.239771999000027)",Unfall 40853 (2021) Kat:3, Licht: 2,40853,3,6,1,11,18,3,1,2,0,1,0,0,0,0
"POINT (7.191108575000044 51.285019710000029)",Unfall 40862 (2021) Kat:2, Licht: 2,40862,2,1,0,2,22,7,2,2,0,1,0,0,0,0
"POINT (7.206812643000035 51.273069869000039)",Unfall 40880 (2021) Kat:3, Licht: 2,40880,3,2,6,11,18,6,1,2,0,1,1,0,0,0
"POINT (7.246907178000072 51.295259077000026)",Unfall 40882 (2021) Kat:3, Licht: 2,40882,3,3,5,7,23,5,1,2,0,1,0,0,1,0
"POINT (7.211210210000047 51.268736229000069)",Unfall 40891 (2021) Kat:3, Licht: 0,40891,3,1,0,9,14,6,1,0,0,0,0,1,0,0
"POINT (7.201463960000069 51.295242599000062)",Unfall 40895 (2021) Kat:3, Licht: 0,40895,3,4,6,3,12,6,0,0,0,1,1,0,0,0
"POINT (7.215172479000046 51.283080981000069)",Unfall 40913 (2021) Kat:2, Licht: 0,40913,2,2,6,10,15,2,0,0,0,1,1,0,0,0
"POINT (7.227918086000045 51.286926666000056)",Unfall 40920 (2021) Kat:3, Licht: 0,40920,3,7,6,10,8,3,0,0,1,0,1,0,0,0
"POINT (7.218502783000076 51.275119792000055)",Unfall 40942 (2021) Kat:2, Licht: 0,40942,2,4,6,6,12,4,0,0,0,1,1,0,0,0
"POINT (7.177894883000022 51.268806199000039)",Unfall 49734 (2021) Kat:3, Licht: 2,49734,3,6,2,8,20,7,0,2,0,1,0,0,0,0
"POINT (7.148516306000033 51.269680195000035)",Unfall 49775 (2021) Kat:3, Licht: 0,49775,3,6,2,8,12,3,0,0,0,1,0,1,0,0
"POINT (7.107010423000077 51.246930639000027)",Unfall 49776 (2021) Kat:2, Licht: 0,49776,2,2,0,8,17,3,1,0,0,1,0,1,0,0
"POINT (7.181355940000060 51.266616096000064)",Unfall 49791 (2021) Kat:3, Licht: 0,49791,3,7,0,7,8,5,0,0,1,0,0,0,0,0
"POINT (7.173942907000026 51.286827034000055)",Unfall 49799 (2021) Kat:3, Licht: 0,49799,3,6,3,7,17,7,1,0,0,1,0,0,0,0
"POINT (7.202710282000055 51.276530166000043)",Unfall 49816 (2021) Kat:3, Licht: 0,49816,3,3,5,8,14,2,0,0,1,1,0,0,0,0
"POINT (7.227038565000043 51.254061875000048)",Unfall 49817 (2021) Kat:3, Licht: 0,49817,3,1,9,8,17,3,0,0,0,1,0,0,0,0
"POINT (7.133922091000045 51.253098889000057)",Unfall 49836 (2021) Kat:3, Licht: 0,49836,3,7,5,7,18,7,0,0,1,1,0,0,0,0
"POINT (7.220402908000040 51.275226335000070)",Unfall 49849 (2021) Kat:3, Licht: 0,49849,3,6,1,8,16,5,0,0,0,1,0,0,0,0
"POINT (7.149629179000044 51.249332012000082)",Unfall 49893 (2021) Kat:3, Licht: 0,49893,3,2,2,8,12,5,0,0,0,1,0,0,0,0
"POINT (7.192375689000073 51.240555990000075)",Unfall 49908 (2021) Kat:3, Licht: 2,49908,3,6,4,8,23,5,0,2,1,0,0,0,0,0
"POINT (7.171883430000037 51.261286736000045)",Unfall 49929 (2021) Kat:3, Licht: 1,49929,3,7,0,8,6,1,0,1,0,0,0,0,0,1
"POINT (7.145262388000049 51.258536165000066)",Unfall 49930 (2021) Kat:3, Licht: 0,49930,3,5,0,7,16,5,0,0,0,0,0,1,0,0
"POINT (7.219854567000027 51.275287002000027)",Unfall 49970 (2021) Kat:3, Licht: 0,49970,3,6,3,7,19,3,1,0,0,1,0,0,0,0
"POINT (7.135331590000021 51.252110815000037)",Unfall 49971 (2021) Kat:2, Licht: 0,49971,2,1,8,8,8,4,1,0,0,0,0,0,0,1
"POINT (7.233530121000058 51.266947020000032)",Unfall 49985 (2021) Kat:3, Licht: 0,49985,3,7,0,7,13,5,0,0,1,0,0,0,0,0
"POINT (7.078211987000032 51.234777543000064)",Unfall 50002 (2021) Kat:3, Licht: 0,50002,3,1,1,6,14,4,0,0,0,1,0,1,0,0
"POINT (7.244077899000047 51.280964232000031)",Unfall 50010 (2021) Kat:3, Licht: 0,50010,3,6,2,6,14,3,0,0,0,1,0,0,0,0
"POINT (7.072130819000051 51.251182163000067)",Unfall 50033 (2021) Kat:2, Licht: 0,50033,2,1,0,8,8,3,0,0,1,0,0,0,0,0
"POINT (7.206737087000022 51.273017162000031)",Unfall 50049 (2021) Kat:2, Licht: 0,50049,2,3,5,8,15,1,0,0,1,1,0,0,0,0
"POINT (7.208984681000061 51.283297110000035)",Unfall 50090 (2021) Kat:3, Licht: 0,50090,3,6,2,8,16,5,0,0,0,1,0,0,0,0
"POINT (7.185612406000075 51.277380315000073)",Unfall 50105 (2021) Kat:3, Licht: 0,50105,3,2,3,8,17,2,0,0,0,1,0,1,0,0
"POINT (7.163725144000068 51.257068786000048)",Unfall 50106 (2021) Kat:3, Licht: 0,50106,3,7,0,7,15,4,0,0,0,0,0,0,0,1
"POINT (7.202550389000066 51.263496903000032)",Unfall 50120 (2021) Kat:3, Licht: 0,50120,3,1,0,8,10,2,1,0,0,0,0,1,0,0
"POINT (7.096061701000053 51.255929015000049)",Unfall 50121 (2021) Kat:2, Licht: 0,50121,2,3,5,6,6,4,0,0,0,1,0,1,0,0
"POINT (7.199734004000049 51.266842675000078)",Unfall 50142 (2021) Kat:3, Licht: 0,50142,3,4,6,7,11,1,0,0,0,1,1,0,0,0
"POINT (7.203548671000021 51.280906948000052)",Unfall 50167 (2021) Kat:3, Licht: 0,50167,3,7,6,4,14,3,0,0,0,1,1,0,0,0
"POINT (7.195571000000029 51.271149737000030)",Unfall 50181 (2021) Kat:3, Licht: 0,50181,3,6,2,8,14,6,0,0,0,1,0,1,0,0
"POINT (7.205349658000046 51.270381568000062)",Unfall 50222 (2021) Kat:2, Licht: 0,50222,2,6,3,8,13,6,0,0,0,1,0,1,0,0
"POINT (7.208758455000066 51.284502355000029)",Unfall 50228 (2021) Kat:3, Licht: 0,50228,3,7,6,7,10,4,0,0,0,1,1,0,0,0
"POINT (7.151983580000035 51.219561809000027)",Unfall 50245 (2021) Kat:3, Licht: 2,50245,3,1,9,1,0,3,1,2,0,1,0,0,0,0
"POINT (7.160931586000061 51.250625768000077)",Unfall 50249 (2021) Kat:3, Licht: 0,50249,3,1,0,8,8,2,1,0,0,0,0,0,0,1
"POINT (7.216533532000028 51.283481866000045)",Unfall 50286 (2021) Kat:3, Licht: 0,50286,3,6,2,8,15,4,0,0,0,1,0,0,0,0
"POINT (7.167943610000066 51.259537332000036)",Unfall 50295 (2021) Kat:3, Licht: 0,50295,3,6,3,5,13,4,0,0,0,1,0,0,0,0
"POINT (7.147378270000047 51.269092837000073)",Unfall 50320 (2021) Kat:3, Licht: 0,50320,3,6,2,8,17,3,0,0,0,1,0,0,0,0
"POINT (7.127272104000042 51.264452761000030)",Unfall 50341 (2021) Kat:3, Licht: 1,50341,3,1,9,8,20,6,0,1,0,1,0,0,0,0
"POINT (7.093272152000054 51.237407907000033)",Unfall 50342 (2021) Kat:3, Licht: 2,50342,3,6,2,1,6,4,1,2,0,1,0,0,0,0
"POINT (7.164188444000047 51.294873186000075)",Unfall 50349 (2021) Kat:3, Licht: 0,50349,3,3,5,7,9,5,0,0,0,1,0,0,0,1
"POINT (7.126767279000035 51.182220745000052)",Unfall 50350 (2021) Kat:2, Licht: 0,50350,2,6,4,7,11,4,0,0,0,1,0,0,0,0
"POINT (7.218982269000037 51.271168583000076)",Unfall 50382 (2021) Kat:3, Licht: 0,50382,3,1,0,8,14,7,0,0,0,0,0,1,0,0
"POINT (7.235902566000050 51.235781850000080)",Unfall 50399 (2021) Kat:3, Licht: 0,50399,3,6,2,8,8,3,1,0,0,1,0,0,1,0
"POINT (7.161663884000063 51.278298467000070)",Unfall 50423 (2021) Kat:2, Licht: 0,50423,2,2,5,8,7,2,1,0,0,1,0,1,0,0
"POINT (7.125215433000051 51.270968439000058)",Unfall 50459 (2021) Kat:3, Licht: 2,50459,3,1,8,7,1,2,0,2,0,1,0,0,0,0
"POINT (7.131622131000029 51.263486270000044)",Unfall 50515 (2021) Kat:3, Licht: 2,50515,3,7,0,7,22,5,0,2,0,1,0,0,0,0
"POINT (7.145436234000044 51.258596637000039)",Unfall 50516 (2021) Kat:3, Licht: 0,50516,3,6,2,8,16,2,0,0,1,1,0,0,0,0
"POINT (7.235459697000067 51.277128264000055)",Unfall 50533 (2021) Kat:2, Licht: 0,50533,2,6,2,8,16,4,0,0,0,1,0,1,0,0
"POINT (7.195810231000053 51.268115808000061)",Unfall 50548 (2021) Kat:2, Licht: 0,50548,2,3,5,7,7,7,0,0,0,0,0,0,0,1
"POINT (7.216202009000028 51.274814371000048)",Unfall 50575 (2021) Kat:3, Licht: 0,50575,3,6,2,4,15,2,0,0,0,1,0,0,0,0
"POINT (7.148099687000069 51.230744784000080)",Unfall 50596 (2021) Kat:3, Licht: 0,50596,3,3,5,8,9,4,0,0,0,1,0,1,0,0
"POINT (7.231314904000044 51.256336361000081)",Unfall 50608 (2021) Kat:2, Licht: 0,50608,2,3,5,7,17,5,0,0,1,1,0,0,0,0
"POINT (7.221839607000049 51.275406945000043)",Unfall 50658 (2021) Kat:3, Licht: 0,50658,3,7,1,8,17,3,0,0,0,1,0,0,1,0
"POINT (7.236854812000047 51.273578159000067)",Unfall 50714 (2021) Kat:3, Licht: 2,50714,3,6,1,8,20,7,0,2,0,1,0,0,0,0
"POINT (7.191018585000052 51.243826004000027)",Unfall 50739 (2021) Kat:2, Licht: 0,50739,2,6,2,8,18,5,0,0,0,1,0,0,0,0
"POINT (7.116535374000023 51.262254300000052)",Unfall 50754 (2021) Kat:3, Licht: 2,50754,3,1,8,8,1,1,1,2,0,1,0,0,0,1
"POINT (7.184354116000065 51.278452529000049)",Unfall 50777 (2021) Kat:3, Licht: 1,50777,3,4,6,7,20,4,0,1,0,1,1,0,0,0
"POINT (7.123710175000042 51.259769649000077)",Unfall 50785 (2021) Kat:3, Licht: 0,50785,3,3,5,8,16,2,0,0,0,1,0,0,0,0
"POINT (7.234105958000043 51.265978223000047)",Unfall 50807 (2021) Kat:2, Licht: 0,50807,2,2,5,8,19,4,0,0,0,0,0,1,0,1
"POINT (7.223670673000072 51.285673443000064)",Unfall 50815 (2021) Kat:3, Licht: 0,50815,3,7,6,2,12,6,0,0,0,1,1,0,0,0
"POINT (7.086629793000043 51.235711288000061)",Unfall 50829 (2021) Kat:3, Licht: 0,50829,3,6,0,7,16,6,0,0,0,1,0,0,0,1
"POINT (7.235932734000073 51.267790002000027)",Unfall 50883 (2021) Kat:2, Licht: 0,50883,2,7,0,7,12,5,1,0,1,0,0,0,0,0
"POINT (7.197433880000062 51.237559414000032)",Unfall 50950 (2021) Kat:2, Licht: 0,50950,2,6,2,8,13,2,0,0,0,1,0,0,0,0
"POINT (7.154386577000025 51.256286444000068)",Unfall 50964 (2021) Kat:3, Licht: 2,50964,3,6,3,7,23,7,0,2,0,1,0,0,0,0
"POINT (7.147093460000065 51.226456319000079)",Unfall 50968 (2021) Kat:3, Licht: 1,50968,3,6,2,7,21,7,0,1,0,1,0,0,0,0
"POINT (7.141774067000028 51.260977355000080)",Unfall 50985 (2021) Kat:3, Licht: 0,50985,3,6,2,7,16,6,0,0,0,1,0,0,0,0
"POINT (7.160602946000040 51.296543191000069)",Unfall 51036 (2021) Kat:3, Licht: 0,51036,3,3,2,7,13,7,0,0,1,1,0,0,0,0
"POINT (7.148183222000057 51.259128891000046)",Unfall 51061 (2021) Kat:3, Licht: 0,51061,3,3,5,8,7,3,1,0,0,1,0,0,0,0
"POINT (7.210230532000026 51.271260588000075)",Unfall 51069 (2021) Kat:3, Licht: 2,51069,3,6,3,8,16,2,0,2,0,1,0,1,0,0
"POINT (7.147583111000074 51.261432757000080)",Unfall 51086 (2021) Kat:3, Licht: 0,51086,3,6,3,7,20,5,0,0,0,1,0,1,0,0
"POINT (7.144917465000049 51.253274934000046)",Unfall 51111 (2021) Kat:3, Licht: 0,51111,3,6,2,8,12,7,1,0,0,1,0,0,0,0
"POINT (7.200688473000071 51.269511675000047)",Unfall 51143 (2021) Kat:2, Licht: 0,51143,2,6,1,4,15,2,0,0,0,1,0,1,0,0
"POINT (7.073688105000031 51.264311175000046)",Unfall 51159 (2021) Kat:3, Licht: 0,51159,3,1,0,8,15,1,0,0,0,0,0,1,0,0
"POINT (7.151592005000055 51.258866167000065)",Unfall 51179 (2021) Kat:3, Licht: 0,51179,3,7,0,7,8,2,0,0,0,1,0,0,0,0
"POINT (7.252389856000036 51.282342556000060)",Unfall 51186 (2021) Kat:3, Licht: 0,51186,3,3,5,7,12,3,0,0,0,1,0,0,0,0
"POINT (7.182105311000043 51.265628931000037)",Unfall 51200 (2021) Kat:3, Licht: 0,51200,3,1,1,7,16,4,0,0,0,1,0,1,0,0
"POINT (7.163725144000068 51.257068786000048)",Unfall 51201 (2021) Kat:3, Licht: 0,51201,3,6,0,8,15,5,0,0,0,1,0,0,0,1
"POINT (7.138135930000033 51.226998965000064)",Unfall 51219 (2021) Kat:3, Licht: 0,51219,3,1,9,8,16,6,1,0,0,1,0,0,0,0
"POINT (7.135789158000023 51.262884105000069)",Unfall 51236 (2021) Kat:3, Licht: 0,51236,3,6,2,8,16,1,1,0,0,1,0,0,0,0
"POINT (7.152143580000029 51.256181924000032)",Unfall 51237 (2021) Kat:3, Licht: 0,51237,3,5,2,7,16,5,0,0,0,1,0,0,0,0
"POINT (7.140713495000057 51.261244002000069)",Unfall 51279 (2021) Kat:3, Licht: 2,51279,3,7,1,8,22,3,1,2,0,1,0,1,0,0
"POINT (7.255290219000074 51.283045472000026)",Unfall 51305 (2021) Kat:3, Licht: 0,51305,3,1,2,8,7,4,0,0,0,1,0,0,0,0
"POINT (7.245239729000048 51.275036839000052)",Unfall 51322 (2021) Kat:3, Licht: 1,51322,3,7,0,8,20,3,1,1,0,1,0,0,0,1
"POINT (7.194073318000051 51.267440010000030)",Unfall 51362 (2021) Kat:3, Licht: 0,51362,3,2,5,8,11,4,0,0,0,1,0,1,0,0
"POINT (7.054012573000023 51.210830003000069)",Unfall 51368 (2021) Kat:3, Licht: 1,51368,3,6,2,8,19,2,0,1,0,1,0,0,0,0
"POINT (7.211895828000024 51.274342293000075)",Unfall 51404 (2021) Kat:3, Licht: 0,51404,3,6,2,3,7,3,0,0,0,1,0,0,0,0
"POINT (7.227339498000049 51.224296155000047)",Unfall 51424 (2021) Kat:3, Licht: 0,51424,3,6,4,8,12,4,0,0,0,1,0,0,0,0
"POINT (7.192462086000035 51.249042517000078)",Unfall 51509 (2021) Kat:3, Licht: 0,51509,3,7,6,4,10,2,0,0,0,1,1,0,0,0
"POINT (7.131058636000034 51.252397602000030)",Unfall 51928 (2021) Kat:3, Licht: 0,51928,3,1,2,8,10,2,0,0,0,1,0,0,0,0
"POINT (7.280448683000031 51.218780129000038)",Unfall 53255 (2021) Kat:2, Licht: 0,53255,2,1,8,7,19,6,1,0,0,0,0,1,0,0
"POINT (7.131845403000057 51.265645094000035)",Unfall 53491 (2021) Kat:3, Licht: 0,53491,3,6,2,8,14,6,0,0,0,0,0,0,1,1
"POINT (7.244068816000038 51.274513391000028)",Unfall 53895 (2021) Kat:3, Licht: 0,53895,3,6,2,6,14,3,0,0,0,1,0,1,0,0
"POINT (7.099833918000058 51.254926397000077)",Unfall 53938 (2021) Kat:3, Licht: 2,53938,3,2,5,8,5,3,1,2,1,1,0,0,0,0
"POINT (7.179957803000036 51.268100099000037)",Unfall 54025 (2021) Kat:3, Licht: 0,54025,3,2,5,8,16,3,0,0,0,1,0,0,0,0
"POINT (7.197535483000024 51.269704158000081)",Unfall 54086 (2021) Kat:3, Licht: 0,54086,3,6,2,1,12,2,1,0,0,1,0,0,1,0
"POINT (7.130532758000072 51.265345697000043)",Unfall 54303 (2021) Kat:3, Licht: 0,54303,3,6,1,8,15,3,0,0,0,1,0,0,0,1
"POINT (7.209034235000047 51.271106656000029)",Unfall 54387 (2021) Kat:3, Licht: 0,54387,3,2,2,8,10,1,1,0,0,1,0,0,0,0
"POINT (7.246938342000021 51.295230752000066)",Unfall 54594 (2021) Kat:3, Licht: 0,54594,3,6,0,7,14,3,0,0,0,1,0,0,0,0
"POINT (7.112853131000065 51.258522460000052)",Unfall 54695 (2021) Kat:3, Licht: 0,54695,3,6,2,6,16,3,0,0,0,1,0,0,0,0
"POINT (7.058500888000026 51.247410154000079)",Unfall 160088 (2021) Kat:3, Licht: 0,160088,3,1,9,5,20,5,0,0,0,1,0,0,0,0
"POINT (7.063383256000066 51.217381443000079)",Unfall 160126 (2021) Kat:3, Licht: 2,160126,3,3,5,11,20,4,1,2,0,1,0,0,0,0
"POINT (7.078179325000065 51.231674117000068)",Unfall 160127 (2021) Kat:2, Licht: 0,160127,2,2,3,5,12,6,0,0,0,1,0,1,0,0
"POINT (7.070594032000031 51.232375441000045)",Unfall 160357 (2021) Kat:3, Licht: 1,160357,3,7,6,10,18,4,0,1,0,1,1,0,0,0
"POINT (7.051465038000060 51.223656979000054)",Unfall 160429 (2021) Kat:3, Licht: 0,160429,3,7,0,7,12,4,0,0,1,0,0,0,0,0
"POINT (7.086025124000059 51.234348062000038)",Unfall 160592 (2021) Kat:3, Licht: 0,160592,3,6,1,6,15,4,0,0,0,1,0,0,0,0
"POINT (7.091653189000056 51.246799490000058)",Unfall 160603 (2021) Kat:3, Licht: 0,160603,3,6,3,7,6,2,0,0,0,1,0,0,0,0
"POINT (7.080025275000025 51.239555943000028)",Unfall 160635 (2021) Kat:3, Licht: 0,160635,3,2,5,3,13,2,0,0,1,0,0,0,0,0
"POINT (7.071580093000023 51.232614853000030)",Unfall 160751 (2021) Kat:3, Licht: 0,160751,3,2,6,3,12,7,0,0,0,1,1,0,0,0
"POINT (7.077993759000037 51.221874223000043)",Unfall 160756 (2021) Kat:3, Licht: 2,160756,3,4,6,12,19,1,1,2,0,1,1,0,0,0
"POINT (7.073121927000045 51.244363984000074)",Unfall 160765 (2021) Kat:3, Licht: 0,160765,3,1,0,3,13,1,0,0,0,0,0,0,0,1
"POINT (7.070950011000036 51.226272385000073)",Unfall 160776 (2021) Kat:3, Licht: 0,160776,3,6,4,7,18,4,1,0,0,1,0,0,0,0
"POINT (7.057011313000032 51.222826283000074)",Unfall 160807 (2021) Kat:3, Licht: 0,160807,3,7,0,11,10,7,1,0,1,0,0,0,0,0
"POINT (7.064864208000074 51.218043940000030)",Unfall 160809 (2021) Kat:3, Licht: 0,160809,3,3,5,2,7,5,0,0,0,1,0,1,0,0
"POINT (7.079481760000021 51.234886630000062)",Unfall 160856 (2021) Kat:3, Licht: 2,160856,3,7,6,11,7,2,0,2,0,0,1,0,0,1
"POINT (7.068149614000049 51.236969392000049)",Unfall 160892 (2021) Kat:3, Licht: 0,160892,3,4,6,9,15,4,0,0,0,0,1,0,1,0
"POINT (7.076758310000059 51.231349547000036)",Unfall 160967 (2021) Kat:3, Licht: 0,160967,3,3,5,4,20,5,0,0,0,1,0,0,0,0
"POINT (7.156765612000072 51.291247026000065)",Unfall 161167 (2021) Kat:3, Licht: 0,161167,3,6,4,9,16,3,0,0,1,1,0,0,0,0
"POINT (7.140814750000061 51.255825457000071)",Unfall 161168 (2021) Kat:3, Licht: 0,161168,3,2,6,12,10,3,0,0,0,1,1,0,0,0
"POINT (7.181424835000030 51.261835272000042)",Unfall 161190 (2021) Kat:3, Licht: 0,161190,3,3,5,3,15,4,0,0,0,1,0,0,0,0
"POINT (7.107369344000062 51.256780627000069)",Unfall 161194 (2021) Kat:3, Licht: 2,161194,3,7,6,12,18,5,1,2,0,1,1,0,0,0
"POINT (7.120069788000023 51.249627687000043)",Unfall 161202 (2021) Kat:2, Licht: 0,161202,2,4,6,6,11,7,0,0,0,1,1,0,0,0
"POINT (7.175146793000067 51.264153668000063)",Unfall 161214 (2021) Kat:2, Licht: 0,161214,2,3,0,4,9,3,0,0,1,1,0,0,0,0
"POINT (7.110105267000051 51.244245809000063)",Unfall 161237 (2021) Kat:3, Licht: 0,161237,3,2,5,5,17,1,0,0,1,1,0,0,0,0
"POINT (7.161456169000076 51.267152246000080)",Unfall 161238 (2021) Kat:3, Licht: 2,161238,3,2,6,2,6,4,1,2,0,1,1,0,0,0
"POINT (7.123480046000054 51.247446168000067)",Unfall 161282 (2021) Kat:2, Licht: 0,161282,2,1,0,7,16,1,0,0,1,0,0,0,0,0
"POINT (7.148162191000040 51.256794358000036)",Unfall 161290 (2021) Kat:3, Licht: 1,161290,3,7,0,12,8,4,1,1,1,0,0,0,0,0
"POINT (7.155236943000034 51.276457905000029)",Unfall 161317 (2021) Kat:3, Licht: 0,161317,3,1,6,4,17,1,0,0,0,1,1,0,0,0
"POINT (7.140687200000059 51.265005482000049)",Unfall 161340 (2021) Kat:3, Licht: 0,161340,3,3,5,10,15,7,0,0,0,1,0,0,0,0
"POINT (7.099488528000052 51.238392782000062)",Unfall 161342 (2021) Kat:3, Licht: 0,161342,3,2,3,11,11,5,0,0,0,1,0,0,0,0
"POINT (7.134400676000041 51.228273813000044)",Unfall 161361 (2021) Kat:3, Licht: 0,161361,3,7,2,11,12,6,0,0,0,1,0,0,1,0
"POINT (7.133041309000021 51.253398575000062)",Unfall 161382 (2021) Kat:3, Licht: 0,161382,3,4,6,12,13,3,0,0,0,1,1,0,0,0
"POINT (7.106966640000053 51.235391359000062)",Unfall 161385 (2021) Kat:3, Licht: 0,161385,3,1,8,7,15,6,0,0,1,0,0,0,0,0
"POINT (7.155688934000068 51.253999401000044)",Unfall 161386 (2021) Kat:3, Licht: 0,161386,3,6,2,10,9,3,0,0,0,1,0,0,0,0
"POINT (7.163667269000030 51.257133563000082)",Unfall 161388 (2021) Kat:3, Licht: 0,161388,3,7,0,6,15,1,0,0,1,0,0,0,0,0
"POINT (7.147873066000045 51.248311353000076)",Unfall 161402 (2021) Kat:3, Licht: 0,161402,3,3,0,11,12,6,1,0,0,1,0,1,0,0
"POINT (7.123632862000022 51.271228662000055)",Unfall 161404 (2021) Kat:2, Licht: 2,161404,2,4,6,10,19,2,0,2,0,1,1,0,0,0
"POINT (7.134874529000058 51.205921102000048)",Unfall 161411 (2021) Kat:3, Licht: 0,161411,3,7,0,2,12,1,0,0,1,0,1,0,0,0
"POINT (7.141273535000039 51.255217935000076)",Unfall 161416 (2021) Kat:3, Licht: 2,161416,3,3,5,11,2,7,1,2,0,1,0,0,0,0
"POINT (7.186747689000072 51.273358274000032)",Unfall 161438 (2021) Kat:1, Licht: 0,161438,1,2,6,10,16,5,0,0,0,0,1,0,0,1
"POINT (7.163011207000068 51.255430123000053)",Unfall 161451 (2021) Kat:3, Licht: 0,161451,3,6,1,11,9,7,0,0,0,1,0,0,0,0
"POINT (7.146490663000066 51.259912047000057)",Unfall 161458 (2021) Kat:3, Licht: 0,161458,3,6,6,6,10,3,0,0,1,0,1,0,0,0
"POINT (7.173152446000074 51.263129332000062)",Unfall 161463 (2021) Kat:3, Licht: 0,161463,3,2,4,4,17,4,0,0,0,1,0,1,0,0
"POINT (7.183186456000044 51.272860094000066)",Unfall 161465 (2021) Kat:3, Licht: 0,161465,3,1,1,7,16,7,0,0,0,1,0,1,0,0
"POINT (7.133449357000075 51.189130307000028)",Unfall 161466 (2021) Kat:3, Licht: 0,161466,3,1,8,9,19,7,0,0,0,1,1,0,0,0
"POINT (7.152579015000072 51.262543732000040)",Unfall 161469 (2021) Kat:3, Licht: 0,161469,3,5,1,1,14,4,0,0,0,1,0,1,0,0
"POINT (7.136116511000068 51.251644758000054)",Unfall 161495 (2021) Kat:3, Licht: 1,161495,3,2,6,2,7,6,0,1,0,1,1,0,0,0
"POINT (7.152474262000055 51.241287797000041)",Unfall 161498 (2021) Kat:3, Licht: 2,161498,3,3,5,10,20,7,1,2,0,1,0,0,0,0
"POINT (7.130678839000041 51.273949604000052)",Unfall 161506 (2021) Kat:3, Licht: 0,161506,3,5,1,6,7,7,0,0,1,1,0,0,0,0
"POINT (7.172693060000029 51.263686577000044)",Unfall 161522 (2021) Kat:3, Licht: 0,161522,3,1,8,7,8,2,1,0,1,1,0,0,0,0
"POINT (7.152330864000021 51.258908577000057)",Unfall 161528 (2021) Kat:2, Licht: 2,161528,2,3,5,3,20,3,1,2,1,1,0,0,0,0
"POINT (7.167282557000021 51.290144065000050)",Unfall 161532 (2021) Kat:3, Licht: 2,161532,3,3,5,12,1,6,1,2,0,1,0,0,0,0
"POINT (7.126274020000039 51.251660727000058)",Unfall 161575 (2021) Kat:2, Licht: 2,161575,2,7,0,6,2,1,1,2,0,1,0,0,0,0
"POINT (7.118119919000037 51.284621382000068)",Unfall 161576 (2021) Kat:3, Licht: 1,161576,3,3,5,11,16,2,0,1,0,1,0,0,0,0
"POINT (7.128301272000044 51.272349167000073)",Unfall 161589 (2021) Kat:3, Licht: 0,161589,3,7,6,12,11,7,1,0,0,0,1,0,0,1
"POINT (7.144721585000070 51.261394126000027)",Unfall 161611 (2021) Kat:3, Licht: 0,161611,3,3,5,12,14,4,0,0,0,1,0,0,0,0
"POINT (7.138961993000066 51.267459843000040)",Unfall 161620 (2021) Kat:3, Licht: 0,161620,3,7,0,11,14,5,0,0,1,0,0,0,0,0
"POINT (7.149292799000023 51.257699211000045)",Unfall 161623 (2021) Kat:3, Licht: 0,161623,3,5,0,11,14,2,0,0,0,0,1,0,0,1
"POINT (7.172073172000069 51.257877120000046)",Unfall 161638 (2021) Kat:2, Licht: 0,161638,2,4,0,6,12,6,0,0,0,0,1,1,0,0
"POINT (7.121749153000053 51.262740670000028)",Unfall 161691 (2021) Kat:3, Licht: 0,161691,3,6,2,4,15,7,0,0,0,1,0,0,0,0
"POINT (7.107953593000047 51.252724503000081)",Unfall 161710 (2021) Kat:3, Licht: 0,161710,3,6,2,12,8,5,1,0,0,1,0,0,0,0
"POINT (7.147491723000030 51.231312504000073)",Unfall 161735 (2021) Kat:3, Licht: 2,161735,3,3,5,9,2,1,0,2,1,1,0,0,0,0
"POINT (7.145364667000024 51.259335400000055)",Unfall 161739 (2021) Kat:2, Licht: 2,161739,2,3,5,12,22,3,1,2,0,0,0,0,0,1
"POINT (7.131209832000025 51.196697713000049)",Unfall 161744 (2021) Kat:3, Licht: 0,161744,3,4,6,9,17,3,0,0,0,1,1,0,0,0
"POINT (7.146729041000071 51.266663295000058)",Unfall 161777 (2021) Kat:2, Licht: 0,161777,2,1,0,7,12,6,0,0,0,0,0,0,0,1
"POINT (7.174457912000037 51.268974887000070)",Unfall 161783 (2021) Kat:3, Licht: 0,161783,3,7,0,10,17,1,0,0,1,0,0,0,0,1
"POINT (7.133560486000022 51.266405488000032)",Unfall 161786 (2021) Kat:3, Licht: 2,161786,3,1,8,10,19,7,0,2,0,0,0,1,0,0
"POINT (7.159384518000024 51.269279151000035)",Unfall 161791 (2021) Kat:3, Licht: 0,161791,3,3,5,5,8,7,1,0,1,1,0,0,0,0
"POINT (7.105207410000048 51.254554875000053)",Unfall 161810 (2021) Kat:3, Licht: 0,161810,3,6,1,4,18,7,0,0,0,1,0,0,0,1
"POINT (7.146138996000047 51.257450071000051)",Unfall 161814 (2021) Kat:3, Licht: 0,161814,3,4,6,12,15,3,0,0,1,0,1,0,0,0
"POINT (7.152489787000036 51.262800971000047)",Unfall 161823 (2021) Kat:3, Licht: 0,161823,3,3,5,9,17,5,0,0,0,1,0,1,0,0
"POINT (7.139773098000035 51.266829953000070)",Unfall 161837 (2021) Kat:3, Licht: 2,161837,3,4,6,11,21,6,0,2,0,1,1,0,0,0
"POINT (7.144809163000048 51.260963343000071)",Unfall 161840 (2021) Kat:3, Licht: 2,161840,3,3,5,9,22,4,0,2,0,1,0,0,0,0
"POINT (7.101824694000072 51.238619728000060)",Unfall 161842 (2021) Kat:3, Licht: 2,161842,3,2,3,12,16,2,0,2,0,1,0,0,0,0
"POINT (7.178136967000057 51.267907712000067)",Unfall 161843 (2021) Kat:3, Licht: 0,161843,3,4,6,4,11,3,0,0,0,0,1,1,0,0
"POINT (7.149138826000069 51.251326554000059)",Unfall 161852 (2021) Kat:2, Licht: 0,161852,2,4,6,9,12,6,0,0,0,1,1,0,0,0
"POINT (7.164893927000037 51.248958971000036)",Unfall 161857 (2021) Kat:3, Licht: 0,161857,3,1,0,2,15,1,0,0,1,0,0,0,0,0
"POINT (7.137689545000057 51.251450301000034)",Unfall 161861 (2021) Kat:3, Licht: 0,161861,3,3,5,4,15,5,0,0,0,1,0,0,0,0
"POINT (7.152468492000025 51.248610664000068)",Unfall 161873 (2021) Kat:3, Licht: 2,161873,3,2,4,11,20,1,1,2,0,1,0,0,0,1
"POINT (7.141401100000053 51.264931357000080)",Unfall 161877 (2021) Kat:3, Licht: 0,161877,3,3,5,10,7,3,0,0,0,1,0,0,0,0
"POINT (7.169286493000072 51.257266404000063)",Unfall 161878 (2021) Kat:3, Licht: 2,161878,3,3,5,11,16,4,1,2,0,1,0,0,0,0
"POINT (7.130450660000065 51.194769462000068)",Unfall 161882 (2021) Kat:3, Licht: 0,161882,3,1,7,12,13,2,1,0,0,1,0,0,0,0
"POINT (7.156845407000048 51.283137396000029)",Unfall 161886 (2021) Kat:2, Licht: 0,161886,2,7,8,10,13,7,1,0,0,1,0,0,0,0
"POINT (7.097576249000042 51.238207533000036)",Unfall 161889 (2021) Kat:3, Licht: 0,161889,3,6,0,11,10,6,1,0,0,1,0,0,0,0
"POINT (7.148286341000073 51.274700675000076)",Unfall 161890 (2021) Kat:3, Licht: 2,161890,3,5,0,12,17,6,0,2,0,1,0,0,1,0
"POINT (7.146139278000021 51.257072486000027)",Unfall 161899 (2021) Kat:3, Licht: 0,161899,3,4,6,10,16,2,0,0,1,0,1,0,0,0
"POINT (7.143125382000051 51.245880348000071)",Unfall 161904 (2021) Kat:3, Licht: 1,161904,3,2,6,1,18,4,1,1,0,1,1,0,0,0
"POINT (7.147903450000058 51.266756951000048)",Unfall 161907 (2021) Kat:3, Licht: 1,161907,3,6,2,4,7,3,2,1,0,1,0,0,0,0
"POINT (7.145484529000043 51.256723836000049)",Unfall 161917 (2021) Kat:3, Licht: 0,161917,3,7,6,11,9,2,1,0,0,0,1,0,0,1
"POINT (7.096936175000053 51.234696872000029)",Unfall 161928 (2021) Kat:3, Licht: 2,161928,3,1,9,4,1,2,0,2,0,1,0,0,0,0
"POINT (7.153367727000045 51.268963029000076)",Unfall 161929 (2021) Kat:3, Licht: 2,161929,3,7,0,10,18,6,0,2,0,1,0,0,1,0
"POINT (7.168278587000032 51.279913004000036)",Unfall 161934 (2021) Kat:3, Licht: 0,161934,3,7,9,2,12,6,0,0,0,1,1,0,0,0
"POINT (7.104850478000060 51.254060745000061)",Unfall 161941 (2021) Kat:3, Licht: 1,161941,3,6,3,10,6,3,1,1,0,1,0,1,0,0
"POINT (7.146506646000034 51.255716953000046)",Unfall 161945 (2021) Kat:3, Licht: 2,161945,3,2,3,11,19,4,1,2,1,1,0,0,0,0
"POINT (7.174586971000053 51.273893653000073)",Unfall 161951 (2021) Kat:3, Licht: 2,161951,3,4,6,9,7,5,0,2,0,1,1,0,0,0
"POINT (7.183674671000063 51.276596910000080)",Unfall 161953 (2021) Kat:3, Licht: 0,161953,3,4,6,11,15,4,0,0,0,0,1,0,0,1
"POINT (7.138781455000071 51.260551083000053)",Unfall 161972 (2021) Kat:3, Licht: 2,161972,3,2,2,3,20,6,0,2,0,1,0,1,0,0
"POINT (7.187521078000032 51.293030374000068)",Unfall 161977 (2021) Kat:3, Licht: 0,161977,3,6,6,9,14,5,0,0,0,1,1,0,0,0
"POINT (7.128613698000038 51.191740984000035)",Unfall 161978 (2021) Kat:3, Licht: 2,161978,3,1,9,10,2,4,1,2,0,1,0,0,0,0
"POINT (7.140146838000021 51.267774842000051)",Unfall 161991 (2021) Kat:3, Licht: 1,161991,3,3,5,2,7,3,1,1,0,1,0,0,0,0
"POINT (7.165964329000076 51.261485208000067)",Unfall 161992 (2021) Kat:2, Licht: 0,161992,2,1,7,3,16,3,0,0,1,0,0,0,0,0
"POINT (7.120407720000060 51.265069625000081)",Unfall 161997 (2021) Kat:3, Licht: 2,161997,3,1,9,6,0,4,1,2,0,1,0,0,0,0
"POINT (7.143488442000034 51.260722480000027)",Unfall 162014 (2021) Kat:3, Licht: 0,162014,3,4,6,9,16,3,0,0,0,1,1,0,0,0
"POINT (7.167282557000021 51.290144065000050)",Unfall 162020 (2021) Kat:3, Licht: 0,162020,3,7,0,9,7,5,0,0,0,0,1,0,0,1
"POINT (7.103208179000035 51.250135826000076)",Unfall 162057 (2021) Kat:3, Licht: 2,162057,3,3,5,1,17,2,1,2,1,0,0,0,1,0
"POINT (7.131141297000056 51.196211237000057)",Unfall 162069 (2021) Kat:2, Licht: 2,162069,2,5,1,11,22,6,1,2,0,1,0,0,0,0
"POINT (7.150217759000043 51.251278625000054)",Unfall 162077 (2021) Kat:3, Licht: 0,162077,3,7,6,3,9,2,0,0,0,1,1,0,0,0
"POINT (7.152074424000034 51.258571039000060)",Unfall 162098 (2021) Kat:3, Licht: 0,162098,3,2,0,9,14,4,0,0,1,1,0,0,0,0
"POINT (7.169308151000052 51.257276025000067)",Unfall 162102 (2021) Kat:3, Licht: 2,162102,3,2,5,11,20,6,1,2,0,1,0,0,0,1
"POINT (7.132240422000052 51.208690768000054)",Unfall 162106 (2021) Kat:3, Licht: 0,162106,3,1,8,10,13,6,0,0,0,1,0,0,0,0
"POINT (7.157327501000054 51.257585272000028)",Unfall 162126 (2021) Kat:3, Licht: 0,162126,3,1,6,10,9,2,0,0,1,0,1,0,0,0
"POINT (7.148864849000063 51.255963008000037)",Unfall 162130 (2021) Kat:3, Licht: 0,162130,3,1,0,12,15,1,0,0,0,0,1,0,0,1
"POINT (7.128583017000039 51.235724625000046)",Unfall 162131 (2021) Kat:3, Licht: 0,162131,3,7,0,2,16,7,0,0,1,0,0,0,0,0
"POINT (7.162866375000021 51.284947963000036)",Unfall 162134 (2021) Kat:3, Licht: 0,162134,3,7,6,9,20,7,0,0,0,1,1,0,0,0
"POINT (7.179140141000062 51.265686824000056)",Unfall 162161 (2021) Kat:3, Licht: 0,162161,3,6,0,2,16,7,0,0,1,1,0,0,0,0
"POINT (7.125118590000056 51.241987996000034)",Unfall 162164 (2021) Kat:2, Licht: 0,162164,2,1,8,6,10,5,0,0,1,1,0,0,0,0
"POINT (7.156860496000036 51.272352587000057)",Unfall 162168 (2021) Kat:3, Licht: 0,162168,3,7,0,2,15,4,0,0,1,0,0,0,0,0
"POINT (7.147079976000043 51.226572345000079)",Unfall 162171 (2021) Kat:3, Licht: 0,162171,3,2,4,1,11,5,0,0,0,1,0,0,0,0
"POINT (7.174990913000045 51.265240136000045)",Unfall 162191 (2021) Kat:3, Licht: 0,162191,3,1,0,5,13,4,1,0,1,0,0,0,0,0
"POINT (7.146031596000057 51.266619793000075)",Unfall 162196 (2021) Kat:3, Licht: 0,162196,3,3,5,10,12,2,0,0,1,1,0,0,0,0
"POINT (7.123292054000046 51.271269934000031)",Unfall 162208 (2021) Kat:3, Licht: 0,162208,3,3,5,2,12,4,1,0,0,1,0,0,0,1
"POINT (7.108216181000046 51.252701788000081)",Unfall 162211 (2021) Kat:3, Licht: 0,162211,3,3,5,9,18,3,0,0,0,1,0,0,0,1
"POINT (7.136001949000047 51.232357355000033)",Unfall 162236 (2021) Kat:3, Licht: 2,162236,3,1,8,10,20,7,1,2,0,1,0,0,0,0
"POINT (7.111150871000063 51.252447277000044)",Unfall 162241 (2021) Kat:2, Licht: 2,162241,2,1,8,10,23,5,1,2,0,1,0,0,0,0
"POINT (7.182477902000073 51.261908679000044)",Unfall 162260 (2021) Kat:3, Licht: 0,162260,3,7,1,6,19,3,0,0,0,0,0,1,0,1
"POINT (7.131029474000059 51.273282309000081)",Unfall 162261 (2021) Kat:2, Licht: 0,162261,2,1,0,9,12,1,0,0,1,0,0,0,0,0
"POINT (7.135088557000074 51.255359263000059)",Unfall 162290 (2021) Kat:2, Licht: 0,162290,2,5,1,6,17,5,0,0,1,1,0,0,0,0
"POINT (7.228226770000049 51.281858435000061)",Unfall 162321 (2021) Kat:3, Licht: 0,162321,3,2,6,4,14,4,1,0,0,1,1,0,0,0
"POINT (7.218003178000060 51.280470923000053)",Unfall 162331 (2021) Kat:3, Licht: 0,162331,3,3,5,9,19,2,0,0,0,1,0,1,0,0
"POINT (7.298047826000072 51.245158694000054)",Unfall 162348 (2021) Kat:3, Licht: 0,162348,3,1,8,9,13,1,0,0,1,0,0,0,0,0
"POINT (7.192826728000057 51.266734262000057)",Unfall 162417 (2021) Kat:3, Licht: 0,162417,3,6,2,10,14,4,0,0,0,1,0,1,0,0
"POINT (7.224445775000049 51.268688555000040)",Unfall 162430 (2021) Kat:3, Licht: 0,162430,3,4,6,9,14,3,0,0,0,1,1,0,0,0
"POINT (7.200418796000065 51.225299340000049)",Unfall 162449 (2021) Kat:3, Licht: 0,162449,3,6,2,3,14,2,0,0,0,1,0,0,0,0
"POINT (7.226504629000033 51.274682926000025)",Unfall 162453 (2021) Kat:2, Licht: 2,162453,2,1,8,12,23,6,1,2,0,1,0,0,0,0
"POINT (7.221362713000076 51.277129432000038)",Unfall 162455 (2021) Kat:3, Licht: 0,162455,3,4,6,11,11,4,1,0,0,0,1,0,0,1
"POINT (7.200153416000035 51.217230150000034)",Unfall 162485 (2021) Kat:3, Licht: 0,162485,3,3,5,9,10,1,0,0,1,1,0,0,0,0
"POINT (7.228144133000058 51.283376967000038)",Unfall 162490 (2021) Kat:3, Licht: 0,162490,3,5,1,1,14,2,1,0,0,1,0,0,0,0
"POINT (7.244097808000049 51.275301840000054)",Unfall 162496 (2021) Kat:3, Licht: 0,162496,3,2,5,3,10,3,1,0,1,1,0,0,0,0
"POINT (7.207320354000046 51.275712217000034)",Unfall 162515 (2021) Kat:3, Licht: 0,162515,3,4,6,5,16,3,1,0,0,1,1,0,0,0
"POINT (7.204715719000035 51.277829893000046)",Unfall 162523 (2021) Kat:3, Licht: 0,162523,3,4,6,4,14,5,0,0,0,1,1,0,0,0
"POINT (7.251477533000070 51.293676041000026)",Unfall 162527 (2021) Kat:3, Licht: 2,162527,3,3,5,1,6,6,1,2,0,1,0,0,0,0
"POINT (7.244652362000068 51.297058784000058)",Unfall 162545 (2021) Kat:3, Licht: 0,162545,3,5,0,9,17,5,0,0,0,1,0,1,1,0
"POINT (7.233421080000028 51.284217806000072)",Unfall 162556 (2021) Kat:3, Licht: 0,162556,3,2,0,11,10,5,1,0,0,1,0,1,0,0
"POINT (7.199166940000055 51.254830297000069)",Unfall 162560 (2021) Kat:3, Licht: 2,162560,3,3,5,9,19,7,0,2,0,1,0,0,0,0
"POINT (7.194502563000071 51.271879052000031)",Unfall 162568 (2021) Kat:2, Licht: 2,162568,2,1,9,1,2,4,1,2,0,1,0,0,0,0
"POINT (7.235519776000046 51.284104170000035)",Unfall 162569 (2021) Kat:3, Licht: 0,162569,3,5,1,10,10,4,0,0,0,1,0,0,0,1
"POINT (7.234500242000024 51.272106459000042)",Unfall 162603 (2021) Kat:3, Licht: 0,162603,3,4,0,1,15,6,1,0,0,1,1,0,0,0
"POINT (7.202049568000064 51.271241428000053)",Unfall 162607 (2021) Kat:2, Licht: 0,162607,2,7,0,6,17,3,0,0,0,0,1,0,0,1
"POINT (7.198308313000041 51.254627163000066)",Unfall 162616 (2021) Kat:2, Licht: 0,162616,2,5,1,1,9,1,1,0,0,1,0,0,0,0
"POINT (7.208293997000055 51.270119249000061)",Unfall 162619 (2021) Kat:3, Licht: 0,162619,3,4,6,4,13,4,0,0,0,1,1,0,0,0
"POINT (7.232226241000035 51.287485213000082)",Unfall 162657 (2021) Kat:3, Licht: 0,162657,3,2,0,1,12,4,1,0,1,1,0,0,0,0
"POINT (7.264728934000061 51.310885591000044)",Unfall 162661 (2021) Kat:2, Licht: 0,162661,2,3,5,6,17,3,0,0,1,0,0,0,0,1
"POINT (7.222730276000050 51.272459154000046)",Unfall 162668 (2021) Kat:3, Licht: 0,162668,3,4,6,2,13,5,2,0,0,1,1,0,0,0
"POINT (7.245680336000021 51.275130777000072)",Unfall 162684 (2021) Kat:3, Licht: 2,162684,3,3,5,11,18,5,0,2,1,1,0,0,0,0
"POINT (7.240131449000046 51.283815185000037)",Unfall 162685 (2021) Kat:3, Licht: 0,162685,3,3,5,6,18,5,0,0,0,1,0,0,0,1
"POINT (7.213796346000038 51.276265783000042)",Unfall 162691 (2021) Kat:3, Licht: 0,162691,3,2,5,2,10,4,0,0,0,1,0,0,0,1
"POINT (7.224579674000040 51.277678772000058)",Unfall 162695 (2021) Kat:3, Licht: 0,162695,3,1,9,7,7,4,1,0,0,1,0,0,0,0
"POINT (7.235811635000061 51.281642412000053)",Unfall 162705 (2021) Kat:3, Licht: 2,162705,3,3,5,12,16,7,1,2,0,1,0,0,0,0
"POINT (7.221101177000037 51.281877607000069)",Unfall 162715 (2021) Kat:3, Licht: 2,162715,3,1,8,12,19,5,1,2,0,1,0,1,0,0
"POINT (7.207078653000053 51.227275798000051)",Unfall 162729 (2021) Kat:3, Licht: 0,162729,3,2,4,6,17,4,0,0,1,1,0,0,0,0
"POINT (7.264092019000032 51.267916378000052)",Unfall 162736 (2021) Kat:3, Licht: 2,162736,3,7,0,5,21,5,1,2,0,1,1,0,0,0
"POINT (7.204543398000055 51.270050517000072)",Unfall 162737 (2021) Kat:3, Licht: 0,162737,3,5,1,11,12,2,0,0,1,1,0,0,0,0
"POINT (7.212610067000071 51.277690074000077)",Unfall 162739 (2021) Kat:3, Licht: 1,162739,3,6,4,6,20,2,0,1,1,0,0,0,0,0
"POINT (7.223150138000051 51.275403177000044)",Unfall 162743 (2021) Kat:3, Licht: 0,162743,3,1,0,4,11,4,0,0,0,0,0,1,0,0
"POINT (7.211290464000058 51.223625611000045)",Unfall 162749 (2021) Kat:3, Licht: 0,162749,3,1,4,11,13,1,0,0,0,1,0,0,0,0
"POINT (7.196502923000025 51.280472912000050)",Unfall 162755 (2021) Kat:3, Licht: 1,162755,3,1,0,5,19,4,1,1,0,1,0,1,0,0
"POINT (7.209656058000064 51.269809660000078)",Unfall 162763 (2021) Kat:3, Licht: 0,162763,3,7,6,2,12,4,1,0,0,1,1,0,0,0
"POINT (7.219761285000061 51.266985838000039)",Unfall 162764 (2021) Kat:2, Licht: 0,162764,2,3,5,9,13,5,0,0,0,1,0,1,0,0
"POINT (7.204004962000056 51.227744144000042)",Unfall 162783 (2021) Kat:3, Licht: 0,162783,3,4,6,11,13,3,1,0,0,1,1,0,0,0
"POINT (7.193231892000028 51.279756273000032)",Unfall 162801 (2021) Kat:3, Licht: 0,162801,3,4,6,1,12,2,1,0,0,1,1,0,0,0
"POINT (7.215134792000072 51.300988982000035)",Unfall 162811 (2021) Kat:3, Licht: 0,162811,3,7,0,6,15,7,0,0,0,0,0,0,0,1
"POINT (7.194256661000054 51.227907969000057)",Unfall 162825 (2021) Kat:3, Licht: 1,162825,3,7,1,1,15,4,0,1,0,1,0,0,0,0
"POINT (7.202568014000065 51.227895770000032)",Unfall 162831 (2021) Kat:3, Licht: 2,162831,3,3,5,3,20,6,1,2,0,1,0,0,0,0
"POINT (7.217806884000026 51.276011860000040)",Unfall 162881 (2021) Kat:3, Licht: 0,162881,3,4,6,10,14,5,1,0,0,1,1,0,0,0
"POINT (7.207256086000029 51.297738062000064)",Unfall 162900 (2021) Kat:2, Licht: 1,162900,2,7,0,4,20,7,0,1,1,1,0,0,0,0
"POINT (7.191268406000063 51.234227326000052)",Unfall 162940 (2021) Kat:3, Licht: 0,162940,3,6,2,5,19,6,0,0,0,1,0,0,0,0
"POINT (7.191992003000053 51.234352396000077)",Unfall 162951 (2021) Kat:3, Licht: 0,162951,3,3,5,3,17,7,1,0,0,1,0,0,0,1
"POINT (7.288344718000076 51.248108410000043)",Unfall 162961 (2021) Kat:3, Licht: 0,162961,3,3,5,6,18,1,0,0,0,1,0,1,0,0
"POINT (7.203909354000075 51.274193935000028)",Unfall 163031 (2021) Kat:3, Licht: 2,163031,3,1,1,2,20,1,2,2,0,1,0,0,0,0
"POINT (7.230756843000052 51.270731150000074)",Unfall 163036 (2021) Kat:3, Licht: 0,163036,3,6,2,11,11,4,0,0,0,1,0,0,0,0
"POINT (7.256871529000023 51.278234169000029)",Unfall 163059 (2021) Kat:3, Licht: 2,163059,3,3,5,11,6,3,1,2,0,1,0,0,0,0
"POINT (7.225984246000053 51.269998999000052)",Unfall 163064 (2021) Kat:3, Licht: 0,163064,3,3,5,9,11,7,0,0,0,1,0,0,0,0
"POINT (7.205790156000035 51.227855241000043)",Unfall 163082 (2021) Kat:3, Licht: 0,163082,3,7,0,6,11,5,0,0,1,1,0,0,0,0
"POINT (7.231419685000049 51.287300879000043)",Unfall 163087 (2021) Kat:2, Licht: 0,163087,2,7,0,6,11,2,0,0,0,1,1,0,0,0
"POINT (7.200200947000042 51.229268661000049)",Unfall 163091 (2021) Kat:3, Licht: 0,163091,3,7,5,4,18,6,0,0,1,1,0,0,0,0
"POINT (7.207644057000039 51.277831729000070)",Unfall 163103 (2021) Kat:3, Licht: 0,163103,3,7,0,1,15,1,0,0,0,1,0,0,0,0
"POINT (7.256712489000051 51.278458610000030)",Unfall 163110 (2021) Kat:3, Licht: 0,163110,3,3,5,2,14,5,0,0,0,1,0,0,0,0
"POINT (7.241074676000039 51.267193255000052)",Unfall 163113 (2021) Kat:3, Licht: 0,163113,3,6,4,9,9,2,0,0,0,1,0,0,1,0
"POINT (7.199495804000037 51.226358737000055)",Unfall 163127 (2021) Kat:3, Licht: 0,163127,3,2,6,10,13,7,0,0,0,1,1,0,0,0
"POINT (7.219624692000025 51.267073942000081)",Unfall 163143 (2021) Kat:3, Licht: 0,163143,3,3,5,7,6,2,0,0,1,1,0,0,0,0
"POINT (7.195802560000061 51.244606622000049)",Unfall 163149 (2021) Kat:3, Licht: 0,163149,3,4,6,11,13,3,0,0,0,1,1,0,0,0
"POINT (7.217653887000040 51.271199961000036)",Unfall 163152 (2021) Kat:2, Licht: 0,163152,2,4,6,10,8,4,1,0,0,1,1,0,0,0
"POINT (7.207132338000065 51.261936779000052)",Unfall 163157 (2021) Kat:3, Licht: 0,163157,3,6,4,1,9,5,1,0,0,1,0,0,0,0
"POINT (7.233086158000049 51.273999197000080)",Unfall 163161 (2021) Kat:2, Licht: 0,163161,2,3,6,7,15,2,0,0,0,1,1,0,0,0
"POINT (7.226804869000034 51.281230506000043)",Unfall 163169 (2021) Kat:3, Licht: 0,163169,3,6,2,9,12,1,0,0,0,1,0,0,0,0
"POINT (7.202704608000033 51.268516562000059)",Unfall 163175 (2021) Kat:3, Licht: 0,163175,3,6,3,7,13,4,0,0,0,1,0,0,0,0
"POINT (7.242614948000039 51.286572840000076)",Unfall 163184 (2021) Kat:3, Licht: 0,163184,3,6,8,5,17,2,0,0,1,0,0,0,0,1
"POINT (7.213295165000034 51.225821760000031)",Unfall 163214 (2021) Kat:3, Licht: 0,163214,3,3,0,5,15,4,1,0,0,1,0,0,0,1
"POINT (7.192576583000061 51.272182274000045)",Unfall 163231 (2021) Kat:3, Licht: 0,163231,3,1,0,6,18,3,0,0,0,1,0,0,0,0
"POINT (7.209938877000070 51.275526945000081)",Unfall 163250 (2021) Kat:3, Licht: 2,163250,3,7,5,6,21,3,1,2,0,1,0,0,0,0
"POINT (7.197882799000070 51.266868917000068)",Unfall 163256 (2021) Kat:2, Licht: 0,163256,2,2,4,6,19,5,0,0,0,1,0,1,0,0
"POINT (7.202848332000030 51.227349758000059)",Unfall 163260 (2021) Kat:3, Licht: 0,163260,3,4,6,10,13,3,1,0,0,1,1,0,0,0
"POINT (7.217807446000052 51.276124943000070)",Unfall 163273 (2021) Kat:3, Licht: 0,163273,3,6,6,5,13,6,0,0,0,1,1,0,0,0
"POINT (7.240696442000058 51.283436973000050)",Unfall 163282 (2021) Kat:3, Licht: 0,163282,3,6,6,9,16,7,0,0,1,0,1,0,0,0
"POINT (7.190437093000071 51.265405114000032)",Unfall 163291 (2021) Kat:3, Licht: 0,163291,3,3,5,10,16,7,0,0,1,1,0,0,0,0
"POINT (7.224096072000066 51.274755420000076)",Unfall 163294 (2021) Kat:3, Licht: 0,163294,3,7,5,11,11,5,0,0,0,0,0,0,0,1
"POINT (7.202710282000055 51.276530166000043)",Unfall 163298 (2021) Kat:3, Licht: 2,163298,3,4,6,12,6,2,1,2,0,1,1,0,0,0
"POINT (7.208607523000069 51.265914232000057)",Unfall 163312 (2021) Kat:3, Licht: 0,163312,3,1,1,10,17,7,0,0,1,1,0,0,0,0
"POINT (7.207511252000074 51.277546610000059)",Unfall 163327 (2021) Kat:3, Licht: 0,163327,3,3,0,9,16,2,0,0,1,1,0,0,0,0
"POINT (7.188736628000072 51.266654376000076)",Unfall 163346 (2021) Kat:3, Licht: 0,163346,3,4,6,4,10,6,0,0,0,1,1,0,0,0
"POINT (7.224399387000062 51.282052614000065)",Unfall 163349 (2021) Kat:3, Licht: 0,163349,3,6,4,7,13,4,0,0,1,0,0,0,0,0
"POINT (7.225984246000053 51.269998999000052)",Unfall 163350 (2021) Kat:3, Licht: 0,163350,3,3,5,4,15,2,1,0,0,1,0,0,0,0
"POINT (7.297483736000061 51.249734091000050)",Unfall 163376 (2021) Kat:3, Licht: 0,163376,3,7,0,5,12,3,0,0,0,1,0,0,0,0
"POINT (7.168348843000047 51.258117524000056)",Unfall 167837 (2021) Kat:3, Licht: 0,167837,3,2,2,8,9,2,0,0,0,1,0,0,0,0
"POINT (7.209676979000051 51.269764120000048)",Unfall 167916 (2021) Kat:3, Licht: 1,167916,3,7,7,6,21,2,0,1,0,1,0,0,0,0
"POINT (7.150532100000021 51.248809405000031)",Unfall 167935 (2021) Kat:3, Licht: 0,167935,3,1,8,9,17,3,0,0,0,1,0,0,0,0
"POINT (7.190231303000076 51.267727730000047)",Unfall 167943 (2021) Kat:3, Licht: 0,167943,3,7,6,4,15,7,0,0,0,1,1,0,0,0
"POINT (7.246887597000068 51.276770893000048)",Unfall 168016 (2021) Kat:3, Licht: 2,168016,3,1,1,7,0,7,0,2,0,1,0,0,0,1
"POINT (7.088428956000030 51.246803489000058)",Unfall 168032 (2021) Kat:3, Licht: 0,168032,3,7,0,8,12,1,0,0,1,0,0,0,0,0
"POINT (7.142168887000025 51.258034758000065)",Unfall 168038 (2021) Kat:3, Licht: 0,168038,3,5,1,3,10,5,0,0,1,1,0,0,0,0
"POINT (7.141908966000074 51.255471503000081)",Unfall 168059 (2021) Kat:3, Licht: 0,168059,3,6,2,8,12,3,0,0,0,1,0,0,0,0
"POINT (7.154461862000062 51.271147790000043)",Unfall 168074 (2021) Kat:2, Licht: 0,168074,2,1,0,8,15,2,1,0,0,0,0,1,0,0
"POINT (7.166000977000067 51.260763106000070)",Unfall 168087 (2021) Kat:3, Licht: 0,168087,3,1,6,7,16,5,1,0,0,1,1,0,0,0
"POINT (7.264730572000076 51.282409003000055)",Unfall 168111 (2021) Kat:3, Licht: 0,168111,3,7,6,8,9,2,0,0,0,1,1,0,0,0
"POINT (7.183508573000040 51.229214984000066)",Unfall 168130 (2021) Kat:3, Licht: 0,168130,3,7,1,6,12,4,0,0,0,0,0,1,0,1
"POINT (7.193208363000053 51.280037421000031)",Unfall 168136 (2021) Kat:3, Licht: 0,168136,3,7,0,1,14,6,0,0,1,0,1,0,0,0
"POINT (7.135527842000045 51.247924191000038)",Unfall 168139 (2021) Kat:3, Licht: 1,168139,3,7,6,11,17,6,1,1,0,1,1,0,0,0
"POINT (7.170388085000070 51.257755720000034)",Unfall 168164 (2021) Kat:3, Licht: 0,168164,3,7,0,8,16,4,0,0,0,1,0,0,0,0
"POINT (7.142691817000070 51.242188735000070)",Unfall 168167 (2021) Kat:3, Licht: 0,168167,3,5,1,8,11,7,0,0,0,1,0,0,0,0
"POINT (7.155592436000063 51.217709329000058)",Unfall 168192 (2021) Kat:3, Licht: 0,168192,3,7,0,8,12,6,1,0,1,0,0,0,0,0
"POINT (7.231568420000031 51.286949300000060)",Unfall 168237 (2021) Kat:3, Licht: 0,168237,3,5,1,4,10,2,0,0,0,1,0,0,0,0
"POINT (7.166615191000062 51.256750987000032)",Unfall 168240 (2021) Kat:2, Licht: 0,168240,2,7,0,6,14,3,0,0,0,1,0,1,0,0
"POINT (7.089397251000037 51.236102381000080)",Unfall 168249 (2021) Kat:3, Licht: 0,168249,3,3,0,7,15,3,0,0,0,1,0,0,0,1
"POINT (7.185084683000071 51.266047269000069)",Unfall 168291 (2021) Kat:3, Licht: 0,168291,3,7,6,7,16,3,1,0,0,1,1,0,0,0
"POINT (7.150282606000076 51.259559308000064)",Unfall 168317 (2021) Kat:3, Licht: 0,168317,3,7,0,11,7,4,0,0,0,1,0,0,0,0
"POINT (7.149944352000034 51.258228880000047)",Unfall 168340 (2021) Kat:3, Licht: 0,168340,3,4,6,8,12,5,0,0,0,1,1,0,0,0
"POINT (7.234947877000025 51.283852035000052)",Unfall 168356 (2021) Kat:3, Licht: 2,168356,3,2,5,7,22,5,1,2,0,1,0,0,0,1
"POINT (7.155250836000050 51.265889109000057)",Unfall 168367 (2021) Kat:2, Licht: 0,168367,2,3,5,8,19,6,0,0,1,1,0,0,0,0
"POINT (7.148212998000076 51.226197958000057)",Unfall 168387 (2021) Kat:2, Licht: 0,168387,2,2,0,4,11,4,0,0,0,0,0,1,0,0
"POINT (7.188953869000045 51.274439716000074)",Unfall 168439 (2021) Kat:3, Licht: 2,168439,3,4,6,1,18,3,1,2,0,1,1,0,0,0
"POINT (7.251275272000044 51.293485541000052)",Unfall 168484 (2021) Kat:3, Licht: 2,168484,3,1,0,8,22,4,1,2,1,0,0,0,0,0
"POINT (7.131437594000033 51.201932562000081)",Unfall 168517 (2021) Kat:3, Licht: 0,168517,3,6,2,4,13,1,0,0,0,1,0,0,0,0
"POINT (7.147766132000072 51.248386757000048)",Unfall 168558 (2021) Kat:3, Licht: 0,168558,3,6,3,8,18,2,0,0,0,1,0,0,0,0
"POINT (7.223893305000047 51.270080217000043)",Unfall 168582 (2021) Kat:2, Licht: 0,168582,2,4,6,8,15,5,0,0,0,1,1,0,0,0
"POINT (7.084916157000066 51.233780186000047)",Unfall 168619 (2021) Kat:3, Licht: 0,168619,3,1,8,8,14,1,0,0,0,1,0,0,0,0
"POINT (7.149522877000038 51.257972067000026)",Unfall 168662 (2021) Kat:3, Licht: 0,168662,3,2,0,8,15,3,0,0,0,0,0,1,0,1
"POINT (7.304465972000060 51.241056678000064)",Unfall 168665 (2021) Kat:3, Licht: 2,168665,3,1,8,8,1,7,0,2,0,1,0,0,0,0
"POINT (7.181309373000033 51.264657934000070)",Unfall 168735 (2021) Kat:3, Licht: 0,168735,3,5,5,8,14,5,0,0,0,1,0,1,0,0
"POINT (7.167492989000039 51.257132790000071)",Unfall 168786 (2021) Kat:2, Licht: 0,168786,2,2,6,8,13,6,1,0,0,1,1,0,0,0
"POINT (7.105432695000047 51.241987304000077)",Unfall 168789 (2021) Kat:3, Licht: 0,168789,3,4,6,6,10,5,0,0,0,1,1,0,0,0
"POINT (7.112894984000036 51.251120109000055)",Unfall 168816 (2021) Kat:3, Licht: 0,168816,3,3,0,8,19,3,0,0,0,1,0,1,0,0
"POINT (7.225563869000041 51.279242587000056)",Unfall 168825 (2021) Kat:3, Licht: 0,168825,3,5,1,7,18,4,0,0,0,1,0,0,0,0
"POINT (7.140231166000035 51.254862314000036)",Unfall 168828 (2021) Kat:3, Licht: 0,168828,3,2,4,8,10,3,0,0,0,1,0,1,0,0
"POINT (7.148292766000054 51.256627093000077)",Unfall 168863 (2021) Kat:3, Licht: 0,168863,3,4,6,5,10,3,0,0,0,1,1,0,0,0
"POINT (7.065917931000058 51.225969702000043)",Unfall 168877 (2021) Kat:3, Licht: 1,168877,3,3,5,4,20,6,0,1,0,1,0,0,0,0
"POINT (7.099556696000036 51.244129579000059)",Unfall 170003 (2021) Kat:3, Licht: 0,170003,3,3,0,8,18,5,0,0,1,1,0,0,0,0
"POINT (7.181286545000034 51.260999788000049)",Unfall 170118 (2021) Kat:3, Licht: 0,170118,3,6,2,8,9,4,0,0,0,1,0,0,0,0
"POINT (7.184956840000041 51.266744927000047)",Unfall 170415 (2021) Kat:3, Licht: 0,170415,3,2,0,8,6,2,0,0,0,1,0,1,0,0
"POINT (7.149404112000070 51.231760910000048)",Unfall 170473 (2021) Kat:3, Licht: 2,170473,3,6,6,10,19,2,0,2,1,0,1,0,0,0
"POINT (7.086176998000042 51.239143626000043)",Unfall 170544 (2021) Kat:3, Licht: 1,170544,3,2,0,4,19,3,0,1,0,1,0,1,0,0
"POINT (7.221404497000037 51.282852597000044)",Unfall 170569 (2021) Kat:3, Licht: 0,170569,3,1,1,8,19,1,0,0,1,1,0,0,0,0
"POINT (7.098332575000029 51.253487312000061)",Unfall 234345 (2021) Kat:3, Licht: 0,234345,3,2,3,5,10,7,0,0,1,0,0,0,0,0
"POINT (7.098684001000038 51.253379000000052)",Unfall 234347 (2021) Kat:3, Licht: 0,234347,3,6,4,2,16,1,0,0,1,0,0,0,0,0
"POINT (7.101304180000056 51.255073298000070)",Unfall 234351 (2021) Kat:3, Licht: 0,234351,3,6,3,5,16,4,1,0,1,0,0,0,0,0
"POINT (7.114417339000056 51.240115250000031)",Unfall 234363 (2021) Kat:2, Licht: 0,234363,2,6,3,6,20,7,0,0,1,0,0,0,0,0
"POINT (7.143728240000030 51.266577642000073)",Unfall 234383 (2021) Kat:3, Licht: 0,234383,3,4,6,2,17,1,0,0,1,0,1,0,0,0
"POINT (7.147196438000037 51.267594328000030)",Unfall 234389 (2021) Kat:3, Licht: 0,234389,3,7,0,3,17,4,0,0,1,0,0,0,0,0
"POINT (7.154003559000046 51.235105950000047)",Unfall 234398 (2021) Kat:3, Licht: 0,234398,3,7,0,2,13,1,0,0,1,0,0,0,0,0
"POINT (7.165190294000070 51.268755151000050)",Unfall 234405 (2021) Kat:3, Licht: 0,234405,3,6,6,1,14,7,0,0,1,0,1,0,0,0
"POINT (7.173788714000068 51.269215916000064)",Unfall 234416 (2021) Kat:3, Licht: 0,234416,3,6,4,2,15,1,0,0,1,0,0,0,0,0
"POINT (7.174364971000045 51.269326241000044)",Unfall 234417 (2021) Kat:3, Licht: 0,234417,3,1,0,7,15,6,0,0,1,0,0,0,0,0
"POINT (7.184150566000028 51.271198638000044)",Unfall 234424 (2021) Kat:3, Licht: 0,234424,3,7,0,9,11,7,0,0,1,0,1,0,0,0
"POINT (7.196024878000060 51.273443798000073)",Unfall 234429 (2021) Kat:3, Licht: 0,234429,3,1,0,4,18,3,0,0,1,0,0,0,0,0
"POINT (7.199580423000043 51.276025437000044)",Unfall 234432 (2021) Kat:3, Licht: 2,234432,3,1,8,12,21,4,0,2,1,0,0,0,0,0
"POINT (7.214625557000033 51.277519996000080)",Unfall 234440 (2021) Kat:2, Licht: 0,234440,2,6,6,5,13,2,0,0,1,0,1,0,0,0
"POINT (7.145133263000048 51.266645311000048)",Unfall 234878 (2021) Kat:3, Licht: 0,234878,3,7,0,8,14,3,0,0,1,0,1,0,0,0
"POINT (7.153497719000029 51.268335611000055)",Unfall 234879 (2021) Kat:3, Licht: 0,234879,3,6,3,8,7,3,0,0,1,0,0,0,0,0
"POINT (7.165227276000053 51.268663021000066)",Unfall 234880 (2021) Kat:3, Licht: 0,234880,3,4,6,2,14,1,0,0,1,0,1,0,0,0
"POINT (7.249386866000066 51.283194390000062)",Unfall 234881 (2021) Kat:3, Licht: 0,234881,3,7,0,8,17,3,0,0,1,0,0,0,0,1
"POINT (7.213407353000040 51.273267271000101)",Unfall 21962 (2022) Kat:3, Licht: 2,21962,3,4,6,01,17,2,1,2,0,1,1,0,0,0
"POINT (7.094463120000060 51.243764925999997)",Unfall 23517 (2022) Kat:3, Licht: 2,23517,3,1,0,01,01,5,1,2,0,1,0,0,0,0
"POINT (7.197877550000040 51.268869915000003)",Unfall 23559 (2022) Kat:3, Licht: 2,23559,3,2,5,01,20,4,1,2,0,1,0,0,0,0
"POINT (7.125401346000050 51.281024800000097)",Unfall 23762 (2022) Kat:2, Licht: 0,23762,2,3,5,01,11,1,1,0,0,1,0,0,0,0
"POINT (7.235103872000020 51.229915753000100)",Unfall 24092 (2022) Kat:3, Licht: 2,24092,3,6,2,01,17,4,1,2,0,1,0,0,0,0
"POINT (7.182627519000050 51.278001975999999)",Unfall 24101 (2022) Kat:3, Licht: 2,24101,3,6,2,01,17,1,1,2,0,1,0,0,0,0
"POINT (7.146288980000070 51.261015370999999)",Unfall 24419 (2022) Kat:3, Licht: 2,24419,3,2,6,01,19,1,1,2,0,1,1,0,0,0
"POINT (7.114688799000020 51.249600977999997)",Unfall 24760 (2022) Kat:3, Licht: 1,24760,3,5,1,01,17,3,0,1,0,1,0,0,0,0
"POINT (7.175656737000050 51.261440339000004)",Unfall 24782 (2022) Kat:2, Licht: 2,24782,2,3,5,01,20,7,1,2,0,1,0,0,0,0
"POINT (7.176082893000060 51.268755937999998)",Unfall 24817 (2022) Kat:3, Licht: 0,24817,3,3,5,01,13,1,0,0,0,1,0,0,0,0
"POINT (7.218037435000040 51.297907957000099)",Unfall 24860 (2022) Kat:2, Licht: 2,24860,2,1,8,01,04,3,1,2,0,0,0,0,0,1
"POINT (7.215979601000070 51.288507428000102)",Unfall 25126 (2022) Kat:3, Licht: 2,25126,3,1,8,01,01,1,1,2,0,1,0,0,0,0
"POINT (7.195599547000030 51.238002839000004)",Unfall 25127 (2022) Kat:3, Licht: 0,25127,3,6,3,01,13,3,0,0,0,1,0,0,1,0
"POINT (7.173596347000060 51.284592267999997)",Unfall 25148 (2022) Kat:2, Licht: 2,25148,2,4,6,01,18,7,1,2,0,1,1,0,0,0
"POINT (7.111310664000030 51.257006782000097)",Unfall 25153 (2022) Kat:3, Licht: 2,25153,3,7,8,01,21,5,1,2,0,1,0,0,0,0
"POINT (7.104567393000020 51.253575709000103)",Unfall 25274 (2022) Kat:3, Licht: 0,25274,3,6,2,01,17,4,0,0,0,1,0,0,0,0
"POINT (7.165007639000070 51.279278116000100)",Unfall 25342 (2022) Kat:3, Licht: 0,25342,3,6,2,01,09,5,1,0,0,1,0,0,0,0
"POINT (7.212036408000070 51.270346591000099)",Unfall 25352 (2022) Kat:3, Licht: 0,25352,3,2,5,01,10,3,1,0,0,1,0,0,0,0
"POINT (7.069079109000030 51.234489800000098)",Unfall 25384 (2022) Kat:3, Licht: 2,25384,3,1,6,01,06,5,1,2,0,1,1,0,0,0
"POINT (7.213456741000070 51.273379471000098)",Unfall 25441 (2022) Kat:3, Licht: 0,25441,3,4,6,01,15,6,1,0,0,1,1,0,0,0
"POINT (7.081393909000040 51.271263564000002)",Unfall 25496 (2022) Kat:3, Licht: 1,25496,3,1,9,01,16,1,1,1,0,1,0,0,0,0
"POINT (7.130473291000040 51.265463189999998)",Unfall 25502 (2022) Kat:3, Licht: 0,25502,3,6,2,01,11,6,1,0,0,1,0,0,0,0
"POINT (7.120908176000060 51.280753441999998)",Unfall 25558 (2022) Kat:2, Licht: 2,25558,2,6,4,01,06,2,2,2,0,1,0,0,0,1
"POINT (7.147571339000020 51.260804733000001)",Unfall 25581 (2022) Kat:3, Licht: 0,25581,3,6,2,01,15,6,1,0,0,1,0,0,0,0
"POINT (7.118092556000020 51.261428481999999)",Unfall 25659 (2022) Kat:3, Licht: 2,25659,3,2,5,01,18,2,1,2,0,1,0,0,0,0
"POINT (7.110465122000050 51.286563964999999)",Unfall 25763 (2022) Kat:3, Licht: 2,25763,3,3,5,01,06,5,1,2,1,1,0,0,0,0
"POINT (7.182725300000070 51.264887360000003)",Unfall 25835 (2022) Kat:3, Licht: 0,25835,3,6,2,01,10,6,1,0,0,1,0,1,0,0
"POINT (7.212456460000060 51.271496425000102)",Unfall 25842 (2022) Kat:3, Licht: 2,25842,3,3,5,01,07,6,1,2,1,1,0,0,0,0
"POINT (7.224228714000050 51.303311172000100)",Unfall 25908 (2022) Kat:3, Licht: 0,25908,3,6,2,01,10,4,0,0,0,1,0,0,0,1
"POINT (7.149767050000040 51.210826173000001)",Unfall 25947 (2022) Kat:3, Licht: 0,25947,3,1,8,02,13,4,1,0,0,1,0,0,0,0
"POINT (7.227155413000050 51.274208682000101)",Unfall 25965 (2022) Kat:3, Licht: 0,25965,3,7,2,02,13,6,0,0,0,1,0,0,0,0
"POINT (7.180290010000020 51.274827782999999)",Unfall 25970 (2022) Kat:3, Licht: 0,25970,3,6,2,01,14,4,1,0,0,1,0,1,0,0
"POINT (7.142218565000060 51.250381568000101)",Unfall 25987 (2022) Kat:3, Licht: 0,25987,3,6,1,01,14,6,0,0,0,1,0,0,0,1
"POINT (7.052332301000040 51.211912133000098)",Unfall 25991 (2022) Kat:3, Licht: 0,25991,3,6,2,01,08,2,0,0,0,1,0,0,0,0
"POINT (7.196777044000040 51.269809013000000)",Unfall 26071 (2022) Kat:3, Licht: 0,26071,3,6,2,02,16,3,0,0,0,1,0,0,0,0
"POINT (7.217956304000040 51.275207426000101)",Unfall 26084 (2022) Kat:2, Licht: 0,26084,2,3,5,01,11,1,0,0,0,1,0,0,0,0
"POINT (7.228510802000070 51.275539378000097)",Unfall 26093 (2022) Kat:3, Licht: 0,26093,3,5,2,02,14,7,0,0,0,1,0,0,0,0
"POINT (7.206279493000070 51.280656211000100)",Unfall 26098 (2022) Kat:3, Licht: 2,26098,3,6,0,01,05,7,1,2,0,1,0,0,0,0
"POINT (7.214303146000020 51.282737306000101)",Unfall 26108 (2022) Kat:3, Licht: 2,26108,3,6,1,01,07,5,0,2,0,1,0,0,0,1
"POINT (7.147303962000020 51.255181145000101)",Unfall 26138 (2022) Kat:3, Licht: 0,26138,3,6,2,01,13,6,0,0,0,1,0,0,0,0
"POINT (7.123689855000070 51.280762840000101)",Unfall 26168 (2022) Kat:3, Licht: 0,26168,3,6,2,02,13,7,0,0,0,1,0,0,0,0
"POINT (7.234753440000080 51.228647742000099)",Unfall 26177 (2022) Kat:3, Licht: 1,26177,3,5,2,01,09,4,0,1,0,1,0,0,1,0
"POINT (7.252389856000040 51.282342556000103)",Unfall 26184 (2022) Kat:3, Licht: 2,26184,3,5,2,02,19,3,1,2,0,1,0,0,0,0
"POINT (7.246850009000070 51.281057571000098)",Unfall 26198 (2022) Kat:3, Licht: 0,26198,3,1,8,01,15,2,1,0,0,1,0,0,1,0
"POINT (7.152107228000030 51.222239111000100)",Unfall 26257 (2022) Kat:3, Licht: 1,26257,3,2,5,01,07,2,0,1,0,1,0,1,0,0
"POINT (7.251958929000070 51.268753769999996)",Unfall 26281 (2022) Kat:3, Licht: 1,26281,3,6,3,02,07,4,1,1,0,1,0,0,0,0
"POINT (7.117788826000040 51.261487117000101)",Unfall 26294 (2022) Kat:3, Licht: 1,26294,3,3,5,02,07,5,0,1,0,1,0,0,0,1
"POINT (7.106952175000060 51.264474693000103)",Unfall 26464 (2022) Kat:3, Licht: 2,26464,3,7,0,01,06,7,1,2,0,0,0,1,0,0
"POINT (7.156086318000060 51.263506153999998)",Unfall 26466 (2022) Kat:3, Licht: 0,26466,3,1,2,01,10,3,0,0,0,1,0,0,0,0
"POINT (7.150578295000060 51.227585245000100)",Unfall 26511 (2022) Kat:2, Licht: 2,26511,2,4,6,02,06,6,1,2,0,1,1,0,0,0
"POINT (7.215793772000040 51.236007948000100)",Unfall 26525 (2022) Kat:3, Licht: 0,26525,3,5,1,02,14,6,1,0,0,1,0,0,0,0
"POINT (7.150753977000020 51.256245116000102)",Unfall 26649 (2022) Kat:3, Licht: 2,26649,3,2,5,02,00,3,1,2,0,1,0,0,0,0
"POINT (7.245883518000030 51.288778059000002)",Unfall 26654 (2022) Kat:2, Licht: 0,26654,2,6,4,01,16,3,0,0,0,1,0,0,0,0
"POINT (7.235657353000020 51.231901247000103)",Unfall 26820 (2022) Kat:3, Licht: 0,26820,3,7,0,02,15,5,1,0,0,1,0,0,0,1
"POINT (7.205260944000030 51.228628871000097)",Unfall 26914 (2022) Kat:3, Licht: 2,26914,3,4,6,02,07,3,1,2,0,1,1,0,0,0
"POINT (7.118818465000060 51.281874848000001)",Unfall 26934 (2022) Kat:3, Licht: 0,26934,3,1,0,02,16,7,0,0,0,0,0,1,0,0
"POINT (7.148388369000030 51.250923559000100)",Unfall 26963 (2022) Kat:3, Licht: 0,26963,3,5,6,02,12,4,0,0,0,1,1,0,0,0
"POINT (7.133523372000070 51.253271109000103)",Unfall 26992 (2022) Kat:3, Licht: 0,26992,3,5,1,02,15,3,0,0,0,1,0,0,0,1
"POINT (7.160843607000060 51.296429205999999)",Unfall 27022 (2022) Kat:2, Licht: 1,27022,2,4,6,01,08,4,0,1,0,1,1,0,0,0
"POINT (7.139816729000070 51.254430816000102)",Unfall 27044 (2022) Kat:3, Licht: 0,27044,3,1,0,02,11,3,1,0,0,0,0,1,0,0
"POINT (7.161425693000070 51.267170923999998)",Unfall 27082 (2022) Kat:3, Licht: 2,27082,3,1,0,01,19,5,1,2,0,1,0,1,0,0
"POINT (7.089407932000030 51.253154901000102)",Unfall 27097 (2022) Kat:3, Licht: 2,27097,3,6,2,01,07,4,0,2,0,1,0,0,0,0
"POINT (7.226386327000060 51.246393292000100)",Unfall 27167 (2022) Kat:3, Licht: 0,27167,3,1,9,02,16,4,0,0,0,0,0,0,0,1
"POINT (7.220906634000070 51.275341916999999)",Unfall 27338 (2022) Kat:2, Licht: 2,27338,2,4,6,02,23,6,0,2,0,1,1,0,0,0
"POINT (7.129833334000070 51.264387849000101)",Unfall 27354 (2022) Kat:3, Licht: 2,27354,3,1,8,02,20,3,1,2,0,1,0,0,0,0
"POINT (7.180873391000030 51.275511321000103)",Unfall 27385 (2022) Kat:3, Licht: 0,27385,3,7,0,02,13,3,0,0,0,1,0,0,0,0
"POINT (7.139816729000070 51.254430816000102)",Unfall 27399 (2022) Kat:2, Licht: 2,27399,2,7,5,01,06,2,1,2,0,1,0,0,0,0
"POINT (7.227826112000060 51.286845063999998)",Unfall 27400 (2022) Kat:3, Licht: 2,27400,3,3,0,02,22,7,0,2,0,1,0,0,0,0
"POINT (7.152770532000030 51.258843056000003)",Unfall 27404 (2022) Kat:3, Licht: 2,27404,3,2,2,02,18,5,1,2,0,1,0,0,0,0
"POINT (7.182405150000020 51.265270295999997)",Unfall 27531 (2022) Kat:3, Licht: 0,27531,3,2,5,02,12,2,0,0,0,1,0,0,0,1
"POINT (7.106195941000070 51.251600615000001)",Unfall 27536 (2022) Kat:3, Licht: 2,27536,3,6,2,02,07,2,1,2,0,1,0,0,0,0
"POINT (7.148883182000080 51.216312500000100)",Unfall 27591 (2022) Kat:3, Licht: 0,27591,3,6,3,02,10,5,0,0,0,1,0,0,1,0
"POINT (7.150634303000060 51.256653040000103)",Unfall 27603 (2022) Kat:3, Licht: 0,27603,3,7,0,03,12,2,0,0,0,0,0,1,0,0
"POINT (7.137444995000070 51.250815681000098)",Unfall 27679 (2022) Kat:3, Licht: 1,27679,3,7,6,02,18,3,0,1,0,1,1,0,0,0
"POINT (7.152844502000050 51.202749961999999)",Unfall 27813 (2022) Kat:2, Licht: 0,27813,2,2,5,03,12,6,0,0,0,1,0,1,0,1
"POINT (7.147735160000020 51.260059243000100)",Unfall 27814 (2022) Kat:3, Licht: 0,27814,3,2,6,03,15,4,0,0,0,1,1,0,0,0
"POINT (7.231172952000070 51.255902793000097)",Unfall 27817 (2022) Kat:3, Licht: 2,27817,3,1,8,02,05,1,1,2,0,1,0,0,0,0
"POINT (7.165350153000080 51.268566157000102)",Unfall 27915 (2022) Kat:2, Licht: 0,27915,2,6,0,03,12,1,0,0,0,0,0,1,0,0
"POINT (7.243925095000070 51.282125650000097)",Unfall 27945 (2022) Kat:3, Licht: 0,27945,3,6,2,02,14,4,0,0,0,1,0,0,0,0
"POINT (7.213366237000060 51.274480316000101)",Unfall 27978 (2022) Kat:3, Licht: 0,27978,3,2,5,02,10,6,1,0,1,1,0,0,0,0
"POINT (7.150271688000030 51.228345763999997)",Unfall 28062 (2022) Kat:3, Licht: 0,28062,3,6,0,03,09,3,0,0,0,1,0,0,0,1
"POINT (7.152088931000040 51.255447686000103)",Unfall 28192 (2022) Kat:3, Licht: 1,28192,3,2,6,02,19,6,1,1,0,0,1,0,0,1
"POINT (7.213794703000080 51.274533403000099)",Unfall 28339 (2022) Kat:3, Licht: 2,28339,3,6,2,02,19,7,0,2,0,1,0,0,0,0
"POINT (7.156671412000040 51.264318586999998)",Unfall 28347 (2022) Kat:3, Licht: 0,28347,3,4,0,02,16,3,1,0,0,1,1,0,0,0
"POINT (7.148503713000030 51.257905942999997)",Unfall 28409 (2022) Kat:3, Licht: 0,28409,3,4,6,02,10,5,1,0,0,1,1,0,0,0
"POINT (7.170349605000070 51.260805450000099)",Unfall 28483 (2022) Kat:3, Licht: 0,28483,3,6,3,02,13,4,1,0,0,1,0,0,0,0
"POINT (7.057327672000040 51.216256059000003)",Unfall 28494 (2022) Kat:2, Licht: 0,28494,2,6,2,03,12,6,0,0,0,1,0,0,0,0
"POINT (7.088547368000040 51.256672443000099)",Unfall 28599 (2022) Kat:3, Licht: 0,28599,3,5,1,02,11,2,1,0,0,1,0,0,0,0
"POINT (7.211693141000070 51.274167684000098)",Unfall 28623 (2022) Kat:3, Licht: 0,28623,3,6,4,02,09,3,0,0,1,1,0,0,0,0
"POINT (7.194977414000050 51.271521163000003)",Unfall 28728 (2022) Kat:2, Licht: 0,28728,2,4,6,03,16,4,0,0,0,1,1,0,0,0
"POINT (7.152070043000040 51.222774749000102)",Unfall 28768 (2022) Kat:3, Licht: 2,28768,3,1,1,02,20,1,0,2,0,1,0,0,0,0
"POINT (7.167693025000060 51.285361455999997)",Unfall 28830 (2022) Kat:3, Licht: 0,28830,3,2,3,03,13,5,0,0,0,1,0,1,0,0
"POINT (7.184813348000030 51.278676670999999)",Unfall 28903 (2022) Kat:3, Licht: 2,28903,3,6,2,03,05,3,0,2,0,1,0,0,0,0
"POINT (7.141943387000030 51.282552174999999)",Unfall 28932 (2022) Kat:3, Licht: 0,28932,3,3,5,03,16,5,0,0,1,1,0,0,0,0
"POINT (7.073340297000070 51.232541451000003)",Unfall 28950 (2022) Kat:3, Licht: 0,28950,3,4,6,02,14,5,0,0,0,1,1,0,0,0
"POINT (7.245267379000040 51.287261846000000)",Unfall 28994 (2022) Kat:2, Licht: 0,28994,2,4,6,03,12,5,0,0,0,0,1,1,0,0
"POINT (7.144809163000050 51.260963343000100)",Unfall 29009 (2022) Kat:3, Licht: 2,29009,3,2,6,02,19,5,1,2,0,1,1,0,0,0
"POINT (7.187697180000040 51.246889594000002)",Unfall 29037 (2022) Kat:3, Licht: 0,29037,3,7,2,02,13,6,1,0,0,1,0,0,0,0
"POINT (7.227147288000030 51.286140052000100)",Unfall 29071 (2022) Kat:3, Licht: 0,29071,3,3,0,02,15,3,0,0,1,1,0,0,0,0
"POINT (7.141366699000060 51.254693994000000)",Unfall 29168 (2022) Kat:3, Licht: 0,29168,3,6,2,03,10,3,0,0,0,1,0,1,0,0
"POINT (7.183645000000070 51.264982487000097)",Unfall 29290 (2022) Kat:3, Licht: 0,29290,3,6,1,02,15,1,0,0,0,1,0,0,0,0
"POINT (7.147781428000030 51.263256781999999)",Unfall 29307 (2022) Kat:3, Licht: 0,29307,3,5,0,03,14,6,0,0,0,1,0,0,0,1
"POINT (7.204984165000040 51.228429529000003)",Unfall 29321 (2022) Kat:3, Licht: 0,29321,3,1,0,02,12,6,1,0,1,0,0,0,0,0
"POINT (7.092069808000080 51.236474377000000)",Unfall 29350 (2022) Kat:3, Licht: 0,29350,3,6,2,02,11,4,1,0,0,1,0,0,0,0
"POINT (7.156979200000020 51.270917998000101)",Unfall 29403 (2022) Kat:3, Licht: 0,29403,3,6,1,02,15,6,1,0,0,1,0,0,0,0
"POINT (7.156396512000070 51.264045489000097)",Unfall 29446 (2022) Kat:3, Licht: 0,29446,3,1,8,02,18,4,0,0,0,1,0,0,0,0
"POINT (7.155880202000050 51.263001180000103)",Unfall 29448 (2022) Kat:2, Licht: 2,29448,2,6,3,02,15,2,1,2,1,1,0,0,0,0
"POINT (7.151107758000020 51.258919707000103)",Unfall 29752 (2022) Kat:3, Licht: 0,29752,3,7,5,03,12,4,0,0,1,1,0,0,0,0
"POINT (7.177132218000050 51.262935227000099)",Unfall 29771 (2022) Kat:3, Licht: 1,29771,3,4,6,02,07,4,1,1,0,1,1,0,0,0
"POINT (7.195713701000050 51.271210011999997)",Unfall 29793 (2022) Kat:3, Licht: 0,29793,3,4,6,02,11,4,1,0,0,1,1,0,0,0
"POINT (7.096520219000070 51.246099676000000)",Unfall 29794 (2022) Kat:3, Licht: 0,29794,3,6,3,03,15,7,0,0,0,1,0,0,0,0
"POINT (7.191407551000050 51.244705938999999)",Unfall 29797 (2022) Kat:3, Licht: 0,29797,3,4,6,02,14,7,0,0,0,1,1,0,0,0
"POINT (7.210429290000040 51.274183598999997)",Unfall 29917 (2022) Kat:3, Licht: 1,29917,3,3,5,03,18,5,0,1,1,1,0,0,0,0
"POINT (7.227486703000070 51.245915232000101)",Unfall 30010 (2022) Kat:2, Licht: 2,30010,2,7,5,03,06,5,1,2,0,1,0,0,0,0
"POINT (7.096650069000020 51.230242957000002)",Unfall 30030 (2022) Kat:2, Licht: 0,30030,2,1,8,03,07,4,2,0,0,1,0,0,0,0
"POINT (7.147540810000070 51.231326936000102)",Unfall 30044 (2022) Kat:3, Licht: 0,30044,3,2,4,03,11,5,0,0,0,1,0,0,0,0
"POINT (7.229746903000030 51.288104125000103)",Unfall 30069 (2022) Kat:3, Licht: 0,30069,3,3,5,03,17,3,0,0,1,1,0,0,0,0
"POINT (7.248933523000060 51.275525813999998)",Unfall 30136 (2022) Kat:3, Licht: 0,30136,3,1,1,03,09,2,1,0,0,1,0,0,0,0
"POINT (7.197315212000030 51.293890384000100)",Unfall 30184 (2022) Kat:3, Licht: 0,30184,3,2,2,03,13,4,0,0,0,1,0,1,0,0
"POINT (7.175669338000030 51.262470415999999)",Unfall 30211 (2022) Kat:3, Licht: 0,30211,3,6,2,03,13,6,0,0,0,1,0,1,0,0
"POINT (7.185963853000030 51.265684706000101)",Unfall 30295 (2022) Kat:3, Licht: 0,30295,3,6,2,03,16,7,0,0,0,1,0,0,0,0
"POINT (7.203304321000080 51.289423752000097)",Unfall 30334 (2022) Kat:3, Licht: 2,30334,3,6,2,03,05,4,0,2,0,1,0,0,0,0
"POINT (7.216127294000050 51.301145254000097)",Unfall 30396 (2022) Kat:2, Licht: 0,30396,2,4,6,03,16,5,0,0,0,1,1,0,0,0
"POINT (7.156337793000030 51.256303533000100)",Unfall 30409 (2022) Kat:3, Licht: 0,30409,3,2,0,03,17,5,0,0,0,1,0,1,0,0
"POINT (7.213059361000030 51.272514918000098)",Unfall 30863 (2022) Kat:3, Licht: 0,30863,3,2,0,03,17,5,0,0,0,1,0,1,0,0
"POINT (7.120055191000060 51.277575771000002)",Unfall 30895 (2022) Kat:2, Licht: 0,30895,2,1,4,03,13,4,0,0,0,1,0,0,0,1
"POINT (7.073412517000070 51.232574610000000)",Unfall 30934 (2022) Kat:3, Licht: 2,30934,3,3,5,03,22,4,0,2,0,1,0,0,0,0
"POINT (7.209885481000070 51.268284661000102)",Unfall 30972 (2022) Kat:3, Licht: 0,30972,3,4,6,03,16,2,0,0,0,1,1,0,0,0
"POINT (7.218206280000060 51.275221320000099)",Unfall 31035 (2022) Kat:3, Licht: 0,31035,3,6,2,04,12,4,0,0,0,1,0,1,0,0
"POINT (7.149955333000040 51.228754095000099)",Unfall 31096 (2022) Kat:3, Licht: 0,31096,3,4,6,04,14,6,0,0,0,1,1,0,0,0
"POINT (7.126195376000060 51.175847001000101)",Unfall 31112 (2022) Kat:2, Licht: 0,31112,2,1,8,03,19,4,0,0,0,0,0,1,0,0
"POINT (7.225750659000030 51.251113273000001)",Unfall 31142 (2022) Kat:3, Licht: 0,31142,3,6,2,04,11,7,2,0,0,1,0,0,0,1
"POINT (7.179957803000040 51.268100099000002)",Unfall 31147 (2022) Kat:3, Licht: 0,31147,3,1,2,04,09,3,1,0,0,1,0,0,0,0
"POINT (7.068278662000070 51.235209568000101)",Unfall 31172 (2022) Kat:3, Licht: 0,31172,3,2,6,04,17,6,1,0,0,1,1,0,0,0
"POINT (7.123244504000070 51.277777757000102)",Unfall 31204 (2022) Kat:2, Licht: 0,31204,2,1,7,04,11,4,0,0,0,1,0,0,0,0
"POINT (7.152829952000050 51.202766670000102)",Unfall 31218 (2022) Kat:3, Licht: 0,31218,3,1,8,04,16,2,0,0,0,1,0,0,0,0
"POINT (7.159634431000030 51.277698452000003)",Unfall 31245 (2022) Kat:3, Licht: 1,31245,3,7,4,04,19,6,1,1,0,1,0,0,0,0
"POINT (7.155819448000050 51.262855119999998)",Unfall 31276 (2022) Kat:3, Licht: 0,31276,3,1,1,04,19,7,0,0,0,1,0,0,0,0
"POINT (7.149996811000050 51.228708595999997)",Unfall 31283 (2022) Kat:3, Licht: 0,31283,3,6,1,03,11,1,0,0,0,1,0,0,0,1
"POINT (7.227147288000030 51.286140052000100)",Unfall 31382 (2022) Kat:3, Licht: 0,31382,3,3,5,04,17,6,0,0,1,1,0,0,0,0
"POINT (7.143257604000040 51.246765192000097)",Unfall 31385 (2022) Kat:2, Licht: 0,31385,2,3,5,03,14,2,0,0,0,1,0,1,0,0
"POINT (7.234726764000070 51.289463929000100)",Unfall 31390 (2022) Kat:2, Licht: 0,31390,2,2,5,04,18,2,0,0,0,1,0,0,0,0
"POINT (7.182282239000070 51.277158015000097)",Unfall 31571 (2022) Kat:3, Licht: 0,31571,3,7,0,03,11,5,1,0,0,1,0,0,0,0
"POINT (7.258362115000070 51.276268092000102)",Unfall 31630 (2022) Kat:3, Licht: 0,31630,3,2,2,04,14,7,1,0,0,1,0,0,0,0
"POINT (7.227861618000080 51.286876565999997)",Unfall 31651 (2022) Kat:3, Licht: 0,31651,3,3,5,03,17,7,0,0,1,1,0,0,0,0
"POINT (7.206637519000030 51.288188851000001)",Unfall 31834 (2022) Kat:3, Licht: 0,31834,3,7,4,04,11,6,0,0,0,1,0,0,0,0
"POINT (7.155145472000070 51.257901591000099)",Unfall 31868 (2022) Kat:3, Licht: 0,31868,3,4,6,03,11,4,0,0,0,1,1,0,0,0
"POINT (7.228510802000070 51.275539378000097)",Unfall 31906 (2022) Kat:3, Licht: 0,31906,3,6,0,04,12,5,1,0,0,1,0,0,0,0
"POINT (7.182647291000020 51.279087096000097)",Unfall 31909 (2022) Kat:2, Licht: 0,31909,2,3,5,04,12,6,1,0,0,1,0,0,0,0
"POINT (7.222471949000070 51.275438687000097)",Unfall 31922 (2022) Kat:3, Licht: 0,31922,3,6,3,03,10,7,0,0,0,1,0,1,0,0
"POINT (7.212018847000020 51.270006088999999)",Unfall 31947 (2022) Kat:3, Licht: 0,31947,3,6,2,03,12,1,0,0,0,1,0,0,0,0
"POINT (7.221043994000070 51.275259720000101)",Unfall 31960 (2022) Kat:3, Licht: 0,31960,3,6,2,04,17,1,0,0,0,1,0,0,0,0
"POINT (7.081200086000020 51.234715946999998)",Unfall 31976 (2022) Kat:3, Licht: 0,31976,3,3,5,04,14,2,0,0,0,1,0,0,0,1
"POINT (7.163258855000040 51.278761019000100)",Unfall 31987 (2022) Kat:3, Licht: 0,31987,3,3,5,03,14,3,0,0,0,1,0,0,0,1
"POINT (7.029642101000040 51.244454439000002)",Unfall 32009 (2022) Kat:3, Licht: 0,32009,3,6,4,04,14,2,0,0,0,1,0,1,0,0
"POINT (7.152048384000070 51.223086717000101)",Unfall 32049 (2022) Kat:3, Licht: 1,32049,3,6,2,04,20,7,0,1,0,1,0,0,0,0
"POINT (7.093690236000040 51.241664612000100)",Unfall 32062 (2022) Kat:2, Licht: 0,32062,2,6,2,03,08,1,0,0,0,1,0,0,1,0
"POINT (7.197138933000080 51.269671197000001)",Unfall 32233 (2022) Kat:3, Licht: 0,32233,3,6,1,03,07,5,1,0,0,1,0,0,0,0
"POINT (7.217370560000060 51.275020339999998)",Unfall 32331 (2022) Kat:3, Licht: 1,32331,3,6,1,04,19,2,0,1,0,1,0,0,0,0
"POINT (7.178471060000050 51.263367351000099)",Unfall 32403 (2022) Kat:3, Licht: 0,32403,3,6,1,04,10,2,0,0,0,1,0,0,0,0
"POINT (7.100289210000030 51.237160361000100)",Unfall 32441 (2022) Kat:3, Licht: 0,32441,3,7,0,03,08,3,0,0,0,1,0,0,0,0
"POINT (7.124789195000060 51.263585143999997)",Unfall 32465 (2022) Kat:3, Licht: 0,32465,3,6,1,04,14,3,1,0,0,1,0,0,1,0
"POINT (7.154945280000050 51.261507963000000)",Unfall 32491 (2022) Kat:3, Licht: 0,32491,3,5,6,04,10,4,0,0,0,1,1,0,0,0
"POINT (7.166110998000020 51.258029653000101)",Unfall 32497 (2022) Kat:3, Licht: 0,32497,3,6,2,04,17,6,1,0,0,1,0,0,0,0
"POINT (7.161932606000050 51.258016038000100)",Unfall 32554 (2022) Kat:3, Licht: 2,32554,3,1,7,03,22,5,1,2,1,0,0,0,0,0
"POINT (7.234274512000070 51.226886053000001)",Unfall 32574 (2022) Kat:3, Licht: 2,32574,3,6,1,04,20,6,2,2,0,1,0,0,0,0
"POINT (7.259387096000070 51.279865338999997)",Unfall 32607 (2022) Kat:3, Licht: 1,32607,3,6,0,04,07,4,0,1,0,1,0,0,0,0
"POINT (7.156328494000040 51.284608689000002)",Unfall 32611 (2022) Kat:3, Licht: 0,32611,3,6,3,03,13,1,0,0,1,1,0,0,0,0
"POINT (7.151375294000050 51.256312999000002)",Unfall 32682 (2022) Kat:3, Licht: 0,32682,3,6,2,04,11,7,0,0,0,1,0,0,0,0
"POINT (7.202597016000030 51.274105279000104)",Unfall 32866 (2022) Kat:3, Licht: 0,32866,3,2,6,04,11,6,0,0,0,1,1,0,0,0
"POINT (7.234536495000040 51.289408864000102)",Unfall 32872 (2022) Kat:3, Licht: 0,32872,3,2,5,04,14,1,0,0,0,1,0,0,0,0
"POINT (7.106380614000050 51.251590334000099)",Unfall 32906 (2022) Kat:3, Licht: 0,32906,3,6,2,04,15,5,0,0,0,1,0,0,0,0
"POINT (7.135261652000050 51.253442300000103)",Unfall 32931 (2022) Kat:3, Licht: 0,32931,3,1,0,04,16,5,0,0,0,1,0,0,0,0
"POINT (7.071478342000030 51.218165999000099)",Unfall 32940 (2022) Kat:3, Licht: 0,32940,3,7,6,04,11,6,0,0,0,1,1,0,0,0
"POINT (7.185944731000060 51.265837385000097)",Unfall 33064 (2022) Kat:3, Licht: 0,33064,3,6,1,05,08,5,0,0,0,1,0,0,0,0
"POINT (7.069570561000030 51.226567445000100)",Unfall 33098 (2022) Kat:3, Licht: 2,33098,3,3,5,04,05,5,0,2,0,1,0,0,0,0
"POINT (7.132476006000050 51.206553603000003)",Unfall 33114 (2022) Kat:3, Licht: 0,33114,3,3,5,04,07,5,0,0,0,1,0,0,0,0
"POINT (7.148507335000030 51.270803131999998)",Unfall 33144 (2022) Kat:1, Licht: 0,33144,1,6,3,04,12,5,0,0,0,0,0,1,0,1
"POINT (7.154207915000030 51.270425553000102)",Unfall 33149 (2022) Kat:3, Licht: 0,33149,3,6,2,05,17,4,0,0,0,1,0,0,0,0
"POINT (7.147658834000030 51.260277535000100)",Unfall 33175 (2022) Kat:3, Licht: 0,33175,3,4,6,04,17,7,0,0,0,1,1,0,0,0
"POINT (7.171041957000060 51.261024462000101)",Unfall 33222 (2022) Kat:2, Licht: 1,33222,2,6,4,04,06,5,0,1,0,1,0,0,1,0
"POINT (7.091061882000080 51.256128070000003)",Unfall 33245 (2022) Kat:2, Licht: 0,33245,2,4,6,04,19,4,0,0,0,1,1,0,0,0
"POINT (7.154207915000030 51.270425553000102)",Unfall 33259 (2022) Kat:3, Licht: 0,33259,3,6,2,05,17,4,0,0,0,1,0,0,0,0
"POINT (7.195256555000070 51.253760887000098)",Unfall 33260 (2022) Kat:1, Licht: 0,33260,1,5,1,04,09,5,0,0,0,1,0,1,0,0
"POINT (7.178635346000020 51.263419229000100)",Unfall 33290 (2022) Kat:3, Licht: 0,33290,3,6,2,04,18,7,0,0,0,1,0,0,0,0
"POINT (7.196318810000040 51.227785550000100)",Unfall 33335 (2022) Kat:3, Licht: 0,33335,3,3,5,04,14,7,0,0,1,1,0,0,0,0
"POINT (7.198612025000050 51.262367824000101)",Unfall 33352 (2022) Kat:3, Licht: 1,33352,3,6,3,04,20,7,0,1,0,1,0,1,0,0
"POINT (7.143943967000040 51.252858704000097)",Unfall 33390 (2022) Kat:2, Licht: 0,33390,2,6,2,04,18,7,0,0,0,1,0,0,0,0
"POINT (7.187023719000020 51.282544969000099)",Unfall 33405 (2022) Kat:3, Licht: 0,33405,3,1,1,05,16,5,0,0,0,1,0,0,0,0
"POINT (7.133017839000050 51.206864521000099)",Unfall 33489 (2022) Kat:3, Licht: 0,33489,3,2,2,04,15,6,0,0,0,1,0,1,0,0
"POINT (7.180472982000030 51.267738934000100)",Unfall 33539 (2022) Kat:3, Licht: 0,33539,3,2,2,04,16,2,0,0,0,1,0,0,0,0
"POINT (7.153124103000040 51.258890696999998)",Unfall 33540 (2022) Kat:3, Licht: 0,33540,3,2,4,05,10,7,0,0,1,1,0,0,0,0
"POINT (7.211695564000020 51.223698587000101)",Unfall 33571 (2022) Kat:3, Licht: 0,33571,3,6,4,04,14,7,0,0,0,1,0,0,0,0
"POINT (7.208867000000050 51.284211857999999)",Unfall 33627 (2022) Kat:2, Licht: 1,33627,2,3,5,04,06,5,0,1,0,1,0,1,0,0
"POINT (7.148493778000050 51.270720665000098)",Unfall 33718 (2022) Kat:3, Licht: 0,33718,3,6,0,04,13,5,0,0,0,1,0,0,0,0
"POINT (7.138061398000050 51.254184102000103)",Unfall 33779 (2022) Kat:3, Licht: 0,33779,3,6,2,05,17,5,0,0,0,1,0,0,0,0
"POINT (7.144917465000050 51.253274933999997)",Unfall 33886 (2022) Kat:3, Licht: 0,33886,3,6,2,05,18,6,0,0,0,1,0,0,0,1
"POINT (7.215360795000040 51.302417959000103)",Unfall 33918 (2022) Kat:3, Licht: 0,33918,3,1,5,04,08,6,0,0,0,1,0,1,0,0
"POINT (7.146957695000030 51.215334779999999)",Unfall 33933 (2022) Kat:3, Licht: 0,33933,3,2,4,04,14,7,0,0,0,1,0,0,0,0
"POINT (7.194217223000070 51.272303456000003)",Unfall 33990 (2022) Kat:3, Licht: 0,33990,3,3,0,04,18,7,0,0,0,1,0,0,0,1
"POINT (7.189056461000060 51.266464184000000)",Unfall 34065 (2022) Kat:3, Licht: 0,34065,3,3,5,05,20,5,0,0,1,1,0,0,0,0
"POINT (7.217576708000020 51.275183358000000)",Unfall 34067 (2022) Kat:3, Licht: 0,34067,3,4,6,04,19,5,0,0,0,1,1,0,0,0
"POINT (7.151181401000030 51.255613878000098)",Unfall 34119 (2022) Kat:3, Licht: 1,34119,3,7,5,04,21,4,0,1,0,1,0,0,0,0
"POINT (7.181040908000060 51.264200978000098)",Unfall 34131 (2022) Kat:3, Licht: 0,34131,3,6,6,05,11,2,0,0,0,1,1,0,0,0
"POINT (7.166571949000060 51.268732763000102)",Unfall 34179 (2022) Kat:3, Licht: 1,34179,3,7,2,04,06,5,0,1,0,1,0,0,1,0
"POINT (7.208833391000040 51.284301806000002)",Unfall 34197 (2022) Kat:3, Licht: 0,34197,3,6,0,04,15,2,0,0,0,1,0,0,0,0
"POINT (7.073603276000030 51.232662941999997)",Unfall 34232 (2022) Kat:3, Licht: 0,34232,3,6,8,05,13,6,0,0,1,1,0,0,0,0
"POINT (7.197394196000060 51.227013913000100)",Unfall 34235 (2022) Kat:2, Licht: 0,34235,2,7,2,05,13,2,0,0,0,0,0,1,0,0
"POINT (7.168916214000030 51.260032858000002)",Unfall 34285 (2022) Kat:2, Licht: 2,34285,2,1,9,04,02,5,0,2,0,1,0,0,0,0
"POINT (7.204200160000030 51.227734252000097)",Unfall 34379 (2022) Kat:3, Licht: 0,34379,3,3,5,04,09,5,0,0,0,1,0,0,0,0
"POINT (7.204922428000030 51.228375210000102)",Unfall 34448 (2022) Kat:3, Licht: 0,34448,3,6,2,04,16,4,0,0,0,1,0,0,0,0
"POINT (7.070604413000070 51.246691829000000)",Unfall 34462 (2022) Kat:3, Licht: 0,34462,3,6,2,05,18,7,1,0,0,1,0,0,0,0
"POINT (7.124677384000050 51.176779506000102)",Unfall 34499 (2022) Kat:2, Licht: 0,34499,2,6,4,05,15,4,0,0,0,1,0,0,0,1
"POINT (7.222188607000020 51.275428953000102)",Unfall 34619 (2022) Kat:3, Licht: 0,34619,3,6,3,04,09,7,0,0,0,1,0,1,0,0
"POINT (7.045166541000070 51.248407690000100)",Unfall 34723 (2022) Kat:3, Licht: 0,34723,3,7,0,04,12,2,0,0,0,0,0,1,0,1
"POINT (7.153124103000040 51.258890696999998)",Unfall 34748 (2022) Kat:3, Licht: 0,34748,3,3,5,04,13,7,0,0,1,1,0,0,0,0
"POINT (7.205181076000030 51.271539838000102)",Unfall 34804 (2022) Kat:3, Licht: 0,34804,3,3,5,04,19,7,0,0,1,1,0,0,0,0
"POINT (7.151056396000060 51.258925385000097)",Unfall 34808 (2022) Kat:3, Licht: 0,34808,3,7,2,05,20,6,0,0,0,1,0,0,0,0
"POINT (7.148563847000050 51.268589609000102)",Unfall 34878 (2022) Kat:3, Licht: 1,34878,3,6,3,05,06,5,0,1,1,0,0,0,0,1
"POINT (7.208994553000030 51.224111293000099)",Unfall 34927 (2022) Kat:3, Licht: 0,34927,3,6,2,04,08,2,0,0,0,1,0,0,0,0
"POINT (7.204648219000030 51.279017353000000)",Unfall 35038 (2022) Kat:3, Licht: 0,35038,3,5,1,05,14,3,0,0,0,1,0,0,0,0
"POINT (7.156797297000030 51.235918194000099)",Unfall 35098 (2022) Kat:3, Licht: 0,35098,3,1,9,05,12,4,0,0,0,0,0,1,0,0
"POINT (7.233654577000040 51.288703541000103)",Unfall 35221 (2022) Kat:2, Licht: 0,35221,2,1,8,05,19,2,0,0,1,0,0,0,0,0
"POINT (7.106479394000080 51.246504373999997)",Unfall 35354 (2022) Kat:2, Licht: 0,35354,2,6,1,05,16,3,0,0,0,1,0,0,0,0
"POINT (7.138548495000070 51.209923770000003)",Unfall 35409 (2022) Kat:2, Licht: 0,35409,2,2,2,05,07,3,0,0,0,1,0,1,0,0
"POINT (7.149629179000040 51.249332012000103)",Unfall 35466 (2022) Kat:3, Licht: 0,35466,3,6,3,05,16,4,0,0,0,1,0,1,0,0
"POINT (7.219827134000070 51.275191571999997)",Unfall 35607 (2022) Kat:3, Licht: 0,35607,3,5,0,05,14,2,0,0,1,1,0,0,0,0
"POINT (7.178493993000070 51.272583127000097)",Unfall 35642 (2022) Kat:3, Licht: 0,35642,3,1,0,05,09,4,0,0,0,1,0,1,0,0
"POINT (7.149731759000080 51.249139410000097)",Unfall 35693 (2022) Kat:3, Licht: 0,35693,3,7,8,05,11,3,1,0,0,0,0,1,0,1
"POINT (7.198605813000030 51.268112778000003)",Unfall 35781 (2022) Kat:3, Licht: 0,35781,3,1,0,05,16,4,0,0,1,0,0,0,0,0
"POINT (7.067474560000050 51.236277336000100)",Unfall 35814 (2022) Kat:3, Licht: 2,35814,3,3,5,05,14,2,0,2,0,1,0,0,0,0
"POINT (7.261886812000060 51.284751503999999)",Unfall 35858 (2022) Kat:3, Licht: 2,35858,3,1,9,05,02,1,0,2,0,1,0,0,0,0
"POINT (7.064393796000050 51.220227037000001)",Unfall 35956 (2022) Kat:3, Licht: 2,35956,3,6,3,05,21,1,0,2,0,1,0,0,0,0
"POINT (7.243148398000070 51.274153491000000)",Unfall 35990 (2022) Kat:3, Licht: 0,35990,3,1,0,05,19,6,0,0,1,0,0,0,0,0
"POINT (7.150081456000070 51.269680233000003)",Unfall 36166 (2022) Kat:3, Licht: 0,36166,3,6,2,05,15,6,1,0,0,1,0,0,0,0
"POINT (7.073115914000030 51.252983060000098)",Unfall 36324 (2022) Kat:3, Licht: 0,36324,3,2,6,05,07,4,0,0,0,1,1,0,0,0
"POINT (7.143908695000050 51.252843584000097)",Unfall 36481 (2022) Kat:3, Licht: 0,36481,3,6,2,05,16,6,1,0,0,1,0,0,0,0
"POINT (7.129294704000070 51.257863741999998)",Unfall 36563 (2022) Kat:3, Licht: 0,36563,3,3,7,05,16,5,0,0,1,0,0,0,0,1
"POINT (7.234860973000020 51.229063508000102)",Unfall 36607 (2022) Kat:3, Licht: 0,36607,3,6,1,05,14,5,0,0,0,1,0,0,1,0
"POINT (7.132279124000040 51.262599057000003)",Unfall 36635 (2022) Kat:2, Licht: 0,36635,2,3,5,05,15,1,0,0,1,1,0,0,0,0
"POINT (7.197826741000030 51.270037346999999)",Unfall 36676 (2022) Kat:3, Licht: 0,36676,3,7,6,06,08,4,0,0,0,0,1,0,1,0
"POINT (7.133505811000020 51.207137580999998)",Unfall 36695 (2022) Kat:3, Licht: 0,36695,3,7,0,06,11,5,0,0,0,1,1,0,0,0
"POINT (7.108012030000050 51.254089497999999)",Unfall 36765 (2022) Kat:2, Licht: 0,36765,2,1,8,05,19,2,1,0,0,1,0,0,0,0
"POINT (7.241906324000070 51.263097534000103)",Unfall 36770 (2022) Kat:3, Licht: 0,36770,3,1,9,05,16,5,1,0,0,1,0,0,0,0
"POINT (7.162729255000040 51.256705633000102)",Unfall 36813 (2022) Kat:3, Licht: 0,36813,3,4,6,05,15,5,0,0,0,1,1,0,0,0
"POINT (7.140241322000070 51.211007175000098)",Unfall 36834 (2022) Kat:3, Licht: 0,36834,3,6,3,05,10,3,0,0,0,1,0,0,0,0
"POINT (7.173716086000070 51.284798234999997)",Unfall 36838 (2022) Kat:3, Licht: 0,36838,3,6,2,05,18,6,0,0,0,1,0,0,0,0
"POINT (7.197783468000070 51.272556109000000)",Unfall 36844 (2022) Kat:3, Licht: 0,36844,3,7,6,05,17,4,0,0,0,1,1,0,0,0
"POINT (7.248071561000070 51.310383512999998)",Unfall 36861 (2022) Kat:3, Licht: 0,36861,3,6,2,05,11,7,0,0,0,1,0,0,0,0
"POINT (7.133621232000050 51.253051929999998)",Unfall 36864 (2022) Kat:2, Licht: 1,36864,2,1,8,05,21,2,0,1,0,0,0,1,0,0
"POINT (7.227853426000020 51.286869298000099)",Unfall 36936 (2022) Kat:3, Licht: 0,36936,3,2,5,05,07,4,0,0,1,1,0,0,0,0
"POINT (7.212456460000060 51.271496425000102)",Unfall 36959 (2022) Kat:3, Licht: 0,36959,3,6,2,05,15,4,0,0,0,1,0,0,0,0
"POINT (7.174573287000040 51.268607918999997)",Unfall 36961 (2022) Kat:2, Licht: 0,36961,2,7,1,05,12,1,0,0,0,1,0,1,0,0
"POINT (7.154829012000050 51.257950313000002)",Unfall 37002 (2022) Kat:3, Licht: 0,37002,3,3,5,05,16,6,1,0,0,1,0,0,0,0
"POINT (7.114349824000040 51.195085537000097)",Unfall 37011 (2022) Kat:3, Licht: 0,37011,3,1,9,05,15,6,0,0,0,0,0,1,0,0
"POINT (7.069570561000030 51.226567445000100)",Unfall 37030 (2022) Kat:3, Licht: 0,37030,3,6,2,05,16,5,1,0,0,1,0,0,1,0
"POINT (7.156571968000040 51.264237371000000)",Unfall 37031 (2022) Kat:3, Licht: 0,37031,3,6,2,05,16,3,1,0,0,1,0,0,0,0
"POINT (7.235793438000030 51.267982498000002)",Unfall 37041 (2022) Kat:2, Licht: 0,37041,2,6,2,05,15,7,0,0,0,1,0,0,0,0
"POINT (7.148388369000030 51.250923559000100)",Unfall 37159 (2022) Kat:3, Licht: 0,37159,3,3,5,05,15,6,1,0,0,1,0,0,0,1
"POINT (7.125521074000060 51.249839807999997)",Unfall 37208 (2022) Kat:2, Licht: 0,37208,2,7,0,05,09,3,1,0,0,0,0,0,0,1
"POINT (7.180960298000060 51.283519249000101)",Unfall 37233 (2022) Kat:3, Licht: 0,37233,3,1,4,05,17,2,1,0,0,1,0,0,0,0
"POINT (7.133922091000040 51.253098889000100)",Unfall 37245 (2022) Kat:3, Licht: 0,37245,3,6,2,05,10,6,0,0,0,1,0,0,0,0
"POINT (7.204827746000030 51.280816084999998)",Unfall 37423 (2022) Kat:3, Licht: 0,37423,3,6,0,05,14,4,0,0,0,1,0,0,1,0
"POINT (7.155908431000060 51.251135030000100)",Unfall 37518 (2022) Kat:3, Licht: 2,37518,3,3,5,05,03,6,1,2,0,1,0,0,0,0
"POINT (7.153801620000020 51.201652778000003)",Unfall 37602 (2022) Kat:3, Licht: 0,37602,3,6,2,05,08,4,0,0,0,1,0,0,0,0
"POINT (7.251859765000060 51.303530473000102)",Unfall 37625 (2022) Kat:3, Licht: 0,37625,3,4,6,06,11,4,0,0,0,1,1,0,0,0
"POINT (7.203056632000030 51.226739553000101)",Unfall 37636 (2022) Kat:3, Licht: 0,37636,3,5,6,05,17,6,0,0,0,1,1,0,0,0
"POINT (7.201244982000050 51.264352778000003)",Unfall 37642 (2022) Kat:2, Licht: 0,37642,2,1,2,05,14,4,0,0,1,1,0,0,0,0
"POINT (7.150917753000040 51.256200740000097)",Unfall 37736 (2022) Kat:2, Licht: 0,37736,2,2,3,05,18,4,0,0,0,1,0,1,0,0
"POINT (7.197786399000050 51.268836685000103)",Unfall 38060 (2022) Kat:3, Licht: 0,38060,3,3,5,06,14,1,1,0,0,1,0,0,0,0
"POINT (7.132501546000070 51.262223593999998)",Unfall 38121 (2022) Kat:3, Licht: 0,38121,3,3,5,06,14,2,0,0,0,1,0,0,0,0
"POINT (7.181941846000030 51.276759939000002)",Unfall 38164 (2022) Kat:3, Licht: 0,38164,3,5,1,06,17,1,1,0,0,1,0,0,0,0
"POINT (7.152810131000020 51.250388594000100)",Unfall 38209 (2022) Kat:3, Licht: 0,38209,3,1,8,06,14,3,1,0,0,1,0,0,0,0
"POINT (7.155819448000050 51.262855119999998)",Unfall 38334 (2022) Kat:3, Licht: 0,38334,3,2,2,06,10,7,0,0,1,1,0,0,0,0
"POINT (7.141023529000050 51.254681191000003)",Unfall 38351 (2022) Kat:2, Licht: 0,38351,2,3,5,06,16,4,0,0,1,1,0,0,0,0
"POINT (7.172336248000020 51.288750591000102)",Unfall 38370 (2022) Kat:2, Licht: 0,38370,2,7,8,06,21,5,0,0,0,0,0,1,0,0
"POINT (7.070362874000070 51.231859253000003)",Unfall 38407 (2022) Kat:2, Licht: 0,38407,2,2,5,06,19,4,0,0,0,1,0,0,0,1
"POINT (7.184487739000080 51.265424959000001)",Unfall 38504 (2022) Kat:3, Licht: 0,38504,3,6,2,06,18,6,0,0,0,1,0,0,0,0
"POINT (7.203569398000070 51.274419686000002)",Unfall 38523 (2022) Kat:3, Licht: 0,38523,3,6,1,06,10,4,0,0,0,1,0,0,0,0
"POINT (7.229853134000050 51.234370463000097)",Unfall 38542 (2022) Kat:3, Licht: 0,38542,3,6,8,06,12,5,1,0,0,1,0,0,0,0
"POINT (7.244621889000030 51.309765898000101)",Unfall 38556 (2022) Kat:3, Licht: 0,38556,3,6,2,06,16,1,0,0,0,1,0,0,0,1
"POINT (7.186113956000040 51.277127469000000)",Unfall 38565 (2022) Kat:3, Licht: 0,38565,3,6,2,06,16,1,0,0,1,1,0,0,0,0
"POINT (7.192462086000030 51.249042517000099)",Unfall 38569 (2022) Kat:3, Licht: 0,38569,3,1,8,06,13,4,0,0,0,1,0,0,0,0
"POINT (7.214323045000070 51.274436430000002)",Unfall 38620 (2022) Kat:3, Licht: 0,38620,3,3,5,06,15,5,1,0,1,1,0,0,0,0
"POINT (7.153318486000050 51.258586114000103)",Unfall 38626 (2022) Kat:3, Licht: 0,38626,3,4,6,06,09,5,0,0,0,0,1,0,0,1
"POINT (7.139840100000070 51.261464536000098)",Unfall 38814 (2022) Kat:3, Licht: 0,38814,3,3,0,06,19,4,1,0,1,0,0,0,0,1
"POINT (7.173596347000060 51.284592267999997)",Unfall 38901 (2022) Kat:1, Licht: 0,38901,1,7,9,06,12,7,0,0,0,1,0,0,0,0
"POINT (7.223146261000070 51.275458282000002)",Unfall 38917 (2022) Kat:3, Licht: 0,38917,3,7,0,06,18,4,0,0,1,1,0,0,0,0
"POINT (7.171022129000050 51.261018282000101)",Unfall 38999 (2022) Kat:2, Licht: 0,38999,2,4,6,06,10,4,0,0,0,1,1,0,0,0
"POINT (7.143038845000040 51.254600326999999)",Unfall 39101 (2022) Kat:3, Licht: 0,39101,3,7,0,06,11,6,0,0,0,1,0,0,0,0
"POINT (7.141267732000070 51.251660229999999)",Unfall 39137 (2022) Kat:3, Licht: 0,39137,3,6,1,06,13,4,0,0,0,1,0,0,0,0
"POINT (7.215969288000050 51.288714281000097)",Unfall 39192 (2022) Kat:3, Licht: 0,39192,3,3,5,06,05,6,0,0,0,1,0,0,0,0
"POINT (7.230342821000020 51.239410764000098)",Unfall 39275 (2022) Kat:3, Licht: 0,39275,3,6,2,06,16,4,1,0,0,1,0,0,0,1
"POINT (7.238046017000040 51.279361858000101)",Unfall 39321 (2022) Kat:3, Licht: 0,39321,3,3,5,06,09,5,0,0,1,1,0,0,0,0
"POINT (7.216878906000030 51.292260445000103)",Unfall 39436 (2022) Kat:3, Licht: 0,39436,3,4,6,06,17,4,0,0,0,1,1,0,0,0
"POINT (7.108066419000070 51.210040755000101)",Unfall 39539 (2022) Kat:2, Licht: 0,39539,2,1,9,06,19,2,0,0,0,0,0,1,0,0
"POINT (7.177628529000060 51.263096609999998)",Unfall 39612 (2022) Kat:3, Licht: 0,39612,3,3,5,06,12,2,0,0,0,1,0,0,0,0
"POINT (7.254694289000040 51.283072373000003)",Unfall 39648 (2022) Kat:3, Licht: 0,39648,3,6,3,06,07,3,0,0,0,1,0,0,1,0
"POINT (7.219580578000030 51.275176583000103)",Unfall 39771 (2022) Kat:3, Licht: 0,39771,3,6,2,06,14,4,1,0,0,1,0,0,0,1
"POINT (7.222826301000050 51.275349607000102)",Unfall 39796 (2022) Kat:3, Licht: 0,39796,3,3,5,06,10,4,0,0,0,1,0,0,0,1
"POINT (7.253288401000020 51.282705084000000)",Unfall 39878 (2022) Kat:3, Licht: 0,39878,3,6,2,06,18,3,0,0,0,1,0,0,1,0
"POINT (7.135092028000030 51.166559104999997)",Unfall 39908 (2022) Kat:3, Licht: 0,39908,3,1,0,06,12,2,1,0,1,0,0,0,0,0
"POINT (7.147040701000040 51.215377121000103)",Unfall 39931 (2022) Kat:2, Licht: 0,39931,2,3,5,06,18,4,1,0,0,1,0,0,0,0
"POINT (7.217582928000070 51.297562241999998)",Unfall 40132 (2022) Kat:2, Licht: 0,40132,2,7,8,06,10,6,0,0,0,1,0,0,0,0
"POINT (7.126064517000030 51.263973128000003)",Unfall 40320 (2022) Kat:2, Licht: 0,40320,2,6,3,06,07,1,0,0,0,1,0,0,0,0
"POINT (7.173485500000030 51.259107032000003)",Unfall 40352 (2022) Kat:3, Licht: 0,40352,3,2,5,06,15,4,0,0,0,1,0,0,0,0
"POINT (7.167943610000070 51.259537332000001)",Unfall 40436 (2022) Kat:3, Licht: 0,40436,3,6,2,06,10,5,0,0,0,1,0,0,0,0
"POINT (7.217872254000040 51.275089696000101)",Unfall 40456 (2022) Kat:2, Licht: 0,40456,2,6,3,06,19,6,1,0,0,1,0,0,0,0
"POINT (7.154708673000070 51.257981358999999)",Unfall 40553 (2022) Kat:2, Licht: 0,40553,2,3,5,07,08,4,0,0,0,1,0,1,0,0
"POINT (7.151690864000050 51.256317299999999)",Unfall 40664 (2022) Kat:3, Licht: 0,40664,3,1,0,06,15,6,0,0,0,0,0,1,0,0
"POINT (7.147302185000060 51.233129774000098)",Unfall 40677 (2022) Kat:3, Licht: 0,40677,3,6,2,07,12,2,0,0,0,1,0,0,0,1
"POINT (7.219827134000070 51.275191571999997)",Unfall 40689 (2022) Kat:3, Licht: 0,40689,3,6,0,06,14,5,0,0,0,1,0,0,0,1
"POINT (7.073217243000040 51.232484951000103)",Unfall 40728 (2022) Kat:3, Licht: 0,40728,3,6,2,07,20,7,0,0,0,1,0,1,0,0
"POINT (7.058603136000040 51.217853474999998)",Unfall 40733 (2022) Kat:3, Licht: 0,40733,3,6,2,06,10,3,0,0,0,1,0,0,0,0
"POINT (7.148261714000060 51.258876616000101)",Unfall 40819 (2022) Kat:3, Licht: 0,40819,3,2,0,07,11,3,0,0,0,1,0,1,0,0
"POINT (7.085588034000070 51.226780823000098)",Unfall 40978 (2022) Kat:3, Licht: 0,40978,3,6,3,06,11,6,1,0,0,0,0,0,1,1
"POINT (7.216472627000030 51.293459779999999)",Unfall 40985 (2022) Kat:3, Licht: 0,40985,3,3,0,07,20,7,0,0,0,1,0,0,0,0
"POINT (7.210533901000080 51.274195761999998)",Unfall 40990 (2022) Kat:3, Licht: 0,40990,3,3,5,06,16,3,0,0,1,1,0,0,0,0
"POINT (7.143650865000040 51.248886642999999)",Unfall 41040 (2022) Kat:3, Licht: 0,41040,3,4,6,06,19,1,0,0,0,1,1,0,0,0
"POINT (7.149996811000050 51.228708595999997)",Unfall 41075 (2022) Kat:3, Licht: 0,41075,3,6,2,06,16,5,0,0,0,1,0,0,0,0
"POINT (7.178689309000050 51.290436419999999)",Unfall 41129 (2022) Kat:3, Licht: 0,41129,3,2,3,06,15,5,0,0,1,1,0,0,0,0
"POINT (7.098383332000030 51.237207625000103)",Unfall 41145 (2022) Kat:3, Licht: 0,41145,3,4,6,06,20,7,0,0,0,1,1,0,0,1
"POINT (7.199857571000050 51.237510401000101)",Unfall 41189 (2022) Kat:3, Licht: 0,41189,3,2,5,06,10,5,0,0,1,1,0,0,0,0
"POINT (7.133244376000050 51.253266351000001)",Unfall 41190 (2022) Kat:3, Licht: 0,41190,3,6,0,06,17,3,0,0,0,1,0,0,0,1
"POINT (7.139187693000050 51.254450568000003)",Unfall 41274 (2022) Kat:3, Licht: 0,41274,3,2,5,07,13,6,0,0,0,1,0,0,0,1
"POINT (7.167439244000040 51.279985429000099)",Unfall 41327 (2022) Kat:2, Licht: 0,41327,2,6,3,06,19,7,0,0,0,1,0,1,0,0
"POINT (7.204668267000050 51.289982085000098)",Unfall 41376 (2022) Kat:3, Licht: 0,41376,3,6,2,07,17,7,0,0,0,1,0,0,0,0
"POINT (7.155908431000060 51.251135030000100)",Unfall 41496 (2022) Kat:3, Licht: 0,41496,3,6,1,07,15,6,0,0,0,1,0,1,0,0
"POINT (7.124701619000060 51.249462059999999)",Unfall 41517 (2022) Kat:3, Licht: 0,41517,3,4,6,07,14,6,0,0,0,1,1,0,0,0
"POINT (7.177826942000020 51.263161134000001)",Unfall 41535 (2022) Kat:3, Licht: 0,41535,3,6,2,07,14,3,0,0,0,1,0,0,0,0
"POINT (7.207569572000070 51.270649798000100)",Unfall 41595 (2022) Kat:3, Licht: 0,41595,3,3,5,07,13,3,0,0,0,1,0,1,0,0
"POINT (7.143772589000040 51.249083882999997)",Unfall 41603 (2022) Kat:3, Licht: 0,41603,3,6,2,07,16,2,0,0,0,1,0,0,0,0
"POINT (7.233383445000070 51.288696064000099)",Unfall 41623 (2022) Kat:3, Licht: 1,41623,3,3,5,07,05,5,1,1,0,1,0,0,0,0
"POINT (7.069364494000070 51.230761933000103)",Unfall 41672 (2022) Kat:3, Licht: 0,41672,3,1,0,07,14,3,0,0,0,0,0,0,0,1
"POINT (7.182922197000040 51.264750550000002)",Unfall 41710 (2022) Kat:2, Licht: 0,41710,2,1,0,07,14,7,0,0,0,0,0,1,0,0
"POINT (7.147557436000060 51.261094620999998)",Unfall 41730 (2022) Kat:3, Licht: 0,41730,3,4,0,07,15,6,0,0,0,1,1,0,0,0
"POINT (7.122187145000050 51.248777362000098)",Unfall 41762 (2022) Kat:3, Licht: 0,41762,3,6,2,07,14,4,0,0,0,1,0,0,1,0
"POINT (7.070132938000030 51.231060367000097)",Unfall 41790 (2022) Kat:3, Licht: 0,41790,3,6,2,07,11,5,1,0,0,1,0,0,0,0
"POINT (7.114312861000030 51.249600418999997)",Unfall 41922 (2022) Kat:3, Licht: 0,41922,3,6,0,07,14,6,0,0,1,1,0,0,0,0
"POINT (7.236232178000020 51.268108370999997)",Unfall 42056 (2022) Kat:3, Licht: 0,42056,3,2,6,07,11,7,0,0,0,1,1,0,0,0
"POINT (7.188174382000060 51.276238413999998)",Unfall 42142 (2022) Kat:3, Licht: 0,42142,3,1,0,07,12,3,0,0,1,0,0,0,0,0
"POINT (7.160261998000070 51.237488800999998)",Unfall 42290 (2022) Kat:3, Licht: 0,42290,3,7,4,07,16,3,0,0,1,0,0,0,0,0
"POINT (7.146174957000030 51.227760263000100)",Unfall 42298 (2022) Kat:3, Licht: 0,42298,3,6,2,07,13,5,1,0,0,1,0,0,0,0
"POINT (7.164395805000030 51.257299046000099)",Unfall 42305 (2022) Kat:3, Licht: 0,42305,3,6,1,07,13,6,0,0,0,1,0,0,0,0
"POINT (7.236854812000050 51.273578159000103)",Unfall 42308 (2022) Kat:3, Licht: 0,42308,3,6,2,07,14,5,1,0,0,1,0,0,0,0
"POINT (7.143893015000060 51.244729620999998)",Unfall 42309 (2022) Kat:2, Licht: 2,42309,2,1,8,07,00,1,0,2,1,0,0,0,0,0
"POINT (7.206355559000030 51.280873733000099)",Unfall 42357 (2022) Kat:2, Licht: 0,42357,2,1,0,07,12,5,1,0,0,0,0,1,0,0
"POINT (7.232827236000050 51.276116641000002)",Unfall 42378 (2022) Kat:3, Licht: 0,42378,3,6,3,07,16,6,0,0,0,1,0,0,0,0
"POINT (7.236027550000070 51.234113831000101)",Unfall 42389 (2022) Kat:3, Licht: 0,42389,3,7,6,07,14,7,0,0,0,1,1,0,0,0
"POINT (7.227147288000030 51.286140052000100)",Unfall 42438 (2022) Kat:3, Licht: 0,42438,3,7,8,07,14,5,0,0,1,0,0,0,0,0
"POINT (7.149133104000040 51.257408965000103)",Unfall 42458 (2022) Kat:2, Licht: 0,42458,2,4,6,07,16,6,0,0,0,1,1,0,0,0
"POINT (7.064771269000060 51.229398397000097)",Unfall 42477 (2022) Kat:3, Licht: 2,42477,3,3,5,07,22,3,0,2,0,1,0,0,0,0
"POINT (7.206647523000070 51.229425439000103)",Unfall 42714 (2022) Kat:2, Licht: 0,42714,2,2,5,07,17,3,0,0,1,1,0,0,0,0
"POINT (7.066865606000020 51.229974545000097)",Unfall 42754 (2022) Kat:3, Licht: 0,42754,3,7,2,07,08,7,0,0,0,1,0,1,0,0
"POINT (7.144727509000060 51.268416257000098)",Unfall 42910 (2022) Kat:2, Licht: 0,42910,2,6,2,07,14,5,0,0,0,1,0,0,1,0
"POINT (7.144727509000060 51.268416257000098)",Unfall 42965 (2022) Kat:2, Licht: 0,42965,2,6,2,07,17,5,0,0,0,1,0,0,0,1
"POINT (7.107108769000040 51.252786623000098)",Unfall 42980 (2022) Kat:3, Licht: 0,42980,3,6,3,07,12,3,0,0,0,1,0,0,0,0
"POINT (7.130314718000020 51.252062039000101)",Unfall 43035 (2022) Kat:3, Licht: 0,43035,3,6,2,07,14,7,1,0,0,1,0,1,0,0
"POINT (7.134900607000080 51.263393583999999)",Unfall 43145 (2022) Kat:3, Licht: 2,43145,3,5,2,07,22,1,1,2,0,1,0,0,0,0
"POINT (7.230506421000030 51.275994824000101)",Unfall 43226 (2022) Kat:2, Licht: 0,43226,2,3,5,08,07,2,0,0,1,1,0,0,0,0
"POINT (7.198739184000030 51.294133884000097)",Unfall 43312 (2022) Kat:3, Licht: 0,43312,3,3,5,08,14,3,0,0,1,1,0,0,0,0
"POINT (7.285812798000050 51.220198666000002)",Unfall 43455 (2022) Kat:3, Licht: 0,43455,3,7,8,07,19,6,0,0,0,1,0,0,0,0
"POINT (7.137152332000030 51.250989589000000)",Unfall 43549 (2022) Kat:3, Licht: 0,43549,3,7,6,08,12,4,0,0,0,1,1,0,0,0
"POINT (7.110282700000030 51.269556926000099)",Unfall 43601 (2022) Kat:3, Licht: 0,43601,3,7,0,08,10,6,1,0,0,0,0,0,0,1
"POINT (7.203880620000060 51.271235462999996)",Unfall 43816 (2022) Kat:3, Licht: 0,43816,3,7,0,07,17,5,0,0,0,1,0,1,0,0
"POINT (7.177695514000050 51.255428076000001)",Unfall 43920 (2022) Kat:3, Licht: 0,43920,3,1,8,07,18,6,0,0,0,1,0,0,0,0
"POINT (7.205838699000030 51.271886129000102)",Unfall 44009 (2022) Kat:3, Licht: 0,44009,3,2,3,07,16,4,0,0,1,1,0,0,0,0
"POINT (7.074109715000080 51.232897449000099)",Unfall 44030 (2022) Kat:2, Licht: 0,44030,2,4,6,08,16,3,0,0,0,1,1,0,0,0
"POINT (7.126188367000050 51.269833452999997)",Unfall 44067 (2022) Kat:3, Licht: 2,44067,3,1,7,08,02,6,0,2,0,1,0,0,0,0
"POINT (7.180050536000070 51.248596655000000)",Unfall 44119 (2022) Kat:3, Licht: 0,44119,3,7,9,08,16,1,0,0,0,1,0,0,0,0
"POINT (7.071212428000020 51.231557901000002)",Unfall 44130 (2022) Kat:3, Licht: 0,44130,3,5,0,08,18,2,0,0,1,1,0,0,0,0
"POINT (7.219428819000030 51.236423054000099)",Unfall 44278 (2022) Kat:3, Licht: 0,44278,3,6,2,08,07,3,0,0,0,1,0,0,0,0
"POINT (7.219626042000070 51.275277686000003)",Unfall 44279 (2022) Kat:3, Licht: 2,44279,3,6,2,08,22,6,0,2,0,1,0,0,0,0
"POINT (7.176035411000040 51.268750840000102)",Unfall 44359 (2022) Kat:3, Licht: 0,44359,3,1,0,07,18,5,0,0,1,0,0,0,0,0
"POINT (7.234673994000050 51.239266536999999)",Unfall 44383 (2022) Kat:3, Licht: 0,44383,3,7,3,08,18,7,0,0,1,1,0,0,0,0
"POINT (7.126565636000070 51.180447159000003)",Unfall 44464 (2022) Kat:3, Licht: 2,44464,3,7,4,08,05,7,0,2,0,1,0,0,0,0
"POINT (7.235411690000030 51.231023958000002)",Unfall 44487 (2022) Kat:3, Licht: 0,44487,3,1,1,08,15,5,0,0,0,1,0,0,0,0
"POINT (7.254327106000060 51.272031496000103)",Unfall 44492 (2022) Kat:3, Licht: 0,44492,3,6,2,07,11,1,0,0,0,1,0,0,0,0
"POINT (7.123320450000050 51.273545393000099)",Unfall 44496 (2022) Kat:2, Licht: 0,44496,2,3,5,08,14,2,0,0,1,0,0,0,0,0
"POINT (7.242610012000060 51.280998887000102)",Unfall 44749 (2022) Kat:2, Licht: 0,44749,2,6,3,08,19,3,0,0,0,1,0,1,0,0
"POINT (7.052332301000040 51.211912133000098)",Unfall 44768 (2022) Kat:3, Licht: 0,44768,3,6,3,08,13,6,0,0,0,1,0,0,0,0
"POINT (7.181502379000050 51.266421549000000)",Unfall 44917 (2022) Kat:3, Licht: 0,44917,3,3,5,08,11,1,0,0,0,0,0,0,0,1
"POINT (7.150174398000050 51.228504147000102)",Unfall 44950 (2022) Kat:3, Licht: 0,44950,3,7,1,08,14,4,0,0,0,1,0,0,0,0
"POINT (7.123091817000050 51.248810090000099)",Unfall 45001 (2022) Kat:2, Licht: 0,45001,2,7,0,08,18,4,0,0,0,1,0,1,0,0
"POINT (7.078398497000020 51.276310121000101)",Unfall 45105 (2022) Kat:2, Licht: 0,45105,2,7,1,08,14,4,0,0,0,0,0,0,1,1
"POINT (7.066630584000050 51.220534053000101)",Unfall 45141 (2022) Kat:3, Licht: 0,45141,3,6,2,08,07,4,0,0,0,1,0,0,0,0
"POINT (7.148629498000050 51.271367321000099)",Unfall 45193 (2022) Kat:3, Licht: 0,45193,3,2,5,08,15,6,0,0,0,0,0,1,0,1
"POINT (7.150148713000020 51.257067880000101)",Unfall 45226 (2022) Kat:2, Licht: 0,45226,2,1,5,08,19,3,0,0,0,1,0,1,0,0
"POINT (7.147971066000030 51.266923205000097)",Unfall 45238 (2022) Kat:3, Licht: 0,45238,3,6,3,08,10,2,0,0,0,1,0,0,0,1
"POINT (7.244077899000050 51.280964232000002)",Unfall 45272 (2022) Kat:3, Licht: 0,45272,3,6,2,07,13,6,0,0,0,1,0,1,0,0
"POINT (7.227202989000030 51.274214573999998)",Unfall 45315 (2022) Kat:2, Licht: 0,45315,2,5,1,08,14,4,0,0,0,1,0,0,0,0
"POINT (7.053968332000070 51.210829576000002)",Unfall 45361 (2022) Kat:3, Licht: 0,45361,3,6,2,07,15,4,0,0,0,1,0,0,0,0
"POINT (7.200455879000060 51.270210315000000)",Unfall 45369 (2022) Kat:3, Licht: 1,45369,3,3,5,08,05,3,0,1,0,1,0,0,0,1
"POINT (7.205767518000070 51.290566347000002)",Unfall 45495 (2022) Kat:3, Licht: 2,45495,3,7,7,08,05,6,0,2,0,1,0,1,0,1
"POINT (7.201466894000020 51.281035230999997)",Unfall 45571 (2022) Kat:3, Licht: 0,45571,3,5,1,08,16,4,0,0,0,1,0,1,0,0
"POINT (7.232562648000060 51.239756651000100)",Unfall 45681 (2022) Kat:3, Licht: 0,45681,3,6,2,08,15,6,0,0,0,1,0,0,0,0
"POINT (7.195781604000050 51.271238693000001)",Unfall 45682 (2022) Kat:3, Licht: 0,45682,3,7,6,08,07,4,0,0,0,1,1,0,0,0
"POINT (7.157205200000020 51.238645427999998)",Unfall 45791 (2022) Kat:2, Licht: 0,45791,2,1,8,08,08,6,0,0,0,1,0,0,0,0
"POINT (7.097192619000050 51.255716157999998)",Unfall 45883 (2022) Kat:3, Licht: 0,45883,3,3,5,08,08,2,0,0,0,1,0,1,0,0
"POINT (7.228642981000060 51.275569189000102)",Unfall 46040 (2022) Kat:3, Licht: 0,46040,3,7,0,08,06,3,1,0,0,0,0,1,0,1
"POINT (7.149891233000060 51.216953816000100)",Unfall 46129 (2022) Kat:3, Licht: 0,46129,3,6,1,08,12,7,0,0,0,1,0,0,0,0
"POINT (7.218337400000050 51.271113517000103)",Unfall 46238 (2022) Kat:3, Licht: 0,46238,3,2,5,08,07,4,0,0,1,1,0,0,0,0
"POINT (7.179709919000060 51.279699095000097)",Unfall 46264 (2022) Kat:3, Licht: 0,46264,3,6,2,08,12,7,0,0,0,1,0,0,0,0
"POINT (7.138018707000070 51.247639820000103)",Unfall 46323 (2022) Kat:3, Licht: 0,46323,3,6,1,08,13,6,0,0,0,1,0,0,0,0
"POINT (7.208297600000040 51.270891546000001)",Unfall 46470 (2022) Kat:3, Licht: 0,46470,3,4,6,08,07,5,0,0,0,1,1,0,0,0
"POINT (7.247360303000050 51.312256339000001)",Unfall 46503 (2022) Kat:2, Licht: 1,46503,2,1,0,08,19,6,0,1,1,0,0,0,0,0
"POINT (7.150725438000050 51.274181047000098)",Unfall 46560 (2022) Kat:3, Licht: 0,46560,3,4,6,08,11,6,0,0,0,1,1,0,0,0
"POINT (7.088248415000070 51.229321552999998)",Unfall 46580 (2022) Kat:3, Licht: 0,46580,3,6,0,09,17,5,0,0,0,1,0,0,0,0
"POINT (7.233654577000040 51.288703541000103)",Unfall 46609 (2022) Kat:3, Licht: 0,46609,3,6,2,09,10,7,0,0,0,1,0,0,0,0
"POINT (7.178793279000050 51.263469101000098)",Unfall 46636 (2022) Kat:2, Licht: 0,46636,2,6,3,09,16,5,0,0,0,1,0,1,0,0
"POINT (7.162858950000040 51.256919863000100)",Unfall 46646 (2022) Kat:3, Licht: 0,46646,3,7,5,09,07,4,1,0,0,1,0,0,1,0
"POINT (7.188006820000060 51.246457305000000)",Unfall 46662 (2022) Kat:3, Licht: 1,46662,3,6,0,08,21,3,0,1,1,1,0,0,0,0
"POINT (7.064393796000050 51.220227037000001)",Unfall 46675 (2022) Kat:3, Licht: 0,46675,3,6,2,09,07,6,1,0,0,1,0,0,0,0
"POINT (7.173001287000030 51.261646326000097)",Unfall 46741 (2022) Kat:3, Licht: 0,46741,3,7,6,09,12,7,0,0,1,0,1,0,0,0
"POINT (7.165419167000040 51.268580052000097)",Unfall 46817 (2022) Kat:2, Licht: 2,46817,2,7,0,08,21,1,0,2,1,0,0,0,0,1
"POINT (7.223146261000070 51.275458282000002)",Unfall 46822 (2022) Kat:3, Licht: 2,46822,3,6,3,08,20,4,0,2,0,1,0,1,0,0
"POINT (7.158356059000030 51.271166796999999)",Unfall 46838 (2022) Kat:3, Licht: 0,46838,3,6,2,09,08,6,0,0,0,0,0,1,1,0
"POINT (7.122003522000060 51.263261193000098)",Unfall 46944 (2022) Kat:3, Licht: 0,46944,3,6,2,09,14,6,0,0,0,1,0,0,0,0
"POINT (7.067851706000060 51.230174232000103)",Unfall 46979 (2022) Kat:3, Licht: 0,46979,3,3,0,09,17,5,0,0,0,0,0,0,0,1
"POINT (7.216269862000050 51.274829132999997)",Unfall 47018 (2022) Kat:3, Licht: 0,47018,3,6,2,09,11,6,0,0,0,1,0,0,1,0
"POINT (7.149774450000050 51.257149859999998)",Unfall 47057 (2022) Kat:3, Licht: 0,47057,3,7,0,09,11,6,1,0,0,0,0,1,0,0
"POINT (7.149128148000050 51.229657873000100)",Unfall 47080 (2022) Kat:3, Licht: 2,47080,3,1,8,09,01,7,0,2,0,1,0,1,0,0
"POINT (7.142500734000070 51.250075262000102)",Unfall 47142 (2022) Kat:3, Licht: 0,47142,3,4,0,09,20,6,0,0,1,0,1,0,0,0
"POINT (7.108095944000070 51.270572368000003)",Unfall 47154 (2022) Kat:3, Licht: 0,47154,3,7,0,09,17,4,0,0,1,0,0,0,0,0
"POINT (7.220421628000050 51.275227438999998)",Unfall 47271 (2022) Kat:2, Licht: 0,47271,2,7,0,08,14,3,0,0,1,0,0,0,0,0
"POINT (7.148496612000030 51.270737906000100)",Unfall 47280 (2022) Kat:3, Licht: 0,47280,3,1,3,09,12,6,0,0,0,1,0,0,0,1
"POINT (7.192990836000040 51.286379829000097)",Unfall 47284 (2022) Kat:2, Licht: 0,47284,2,6,3,09,16,6,1,0,0,1,0,0,0,0
"POINT (7.162486957000060 51.271915675999999)",Unfall 47337 (2022) Kat:3, Licht: 0,47337,3,6,2,09,16,6,1,0,0,0,0,0,1,0
"POINT (7.196346565000060 51.229066616000097)",Unfall 47437 (2022) Kat:2, Licht: 0,47437,2,2,5,09,18,1,0,0,0,1,0,0,0,0
"POINT (7.203426939000050 51.274632812999997)",Unfall 47477 (2022) Kat:3, Licht: 2,47477,3,7,0,09,21,7,1,2,0,0,0,0,0,1
"POINT (7.162198411000080 51.258122741000101)",Unfall 47509 (2022) Kat:3, Licht: 0,47509,3,1,8,09,17,2,0,0,0,0,0,0,0,1
"POINT (7.154207915000030 51.270425553000102)",Unfall 47527 (2022) Kat:3, Licht: 0,47527,3,6,2,09,16,6,0,0,0,1,0,0,0,0
"POINT (7.270800646000050 51.254832477999997)",Unfall 47563 (2022) Kat:2, Licht: 0,47563,2,6,4,09,09,5,1,0,0,1,0,0,0,0
"POINT (7.077923921000040 51.234650907000102)",Unfall 47593 (2022) Kat:3, Licht: 0,47593,3,3,5,09,16,7,0,0,0,1,0,0,0,1
"POINT (7.107673913000040 51.221906963000002)",Unfall 47619 (2022) Kat:3, Licht: 2,47619,3,6,2,09,21,5,0,2,0,1,0,0,1,0
"POINT (7.232982871000050 51.267260358000001)",Unfall 47676 (2022) Kat:3, Licht: 0,47676,3,5,3,09,14,6,0,0,1,1,0,0,0,0
"POINT (7.245267839000060 51.287338785000003)",Unfall 47688 (2022) Kat:3, Licht: 2,47688,3,6,2,08,21,4,0,2,0,1,0,1,0,0
"POINT (7.198384745000060 51.270102634000096)",Unfall 47743 (2022) Kat:3, Licht: 2,47743,3,7,0,09,21,7,1,2,0,0,0,1,0,0
"POINT (7.088951789000020 51.236641372000101)",Unfall 47815 (2022) Kat:3, Licht: 0,47815,3,3,5,09,17,4,0,0,0,1,0,0,0,0
"POINT (7.148300780000060 51.267714943999998)",Unfall 47820 (2022) Kat:3, Licht: 0,47820,3,5,1,09,12,4,0,0,0,1,0,1,0,0
"POINT (7.231130287000040 51.269517214000103)",Unfall 47863 (2022) Kat:3, Licht: 0,47863,3,7,1,09,13,7,0,0,0,1,0,0,0,0
"POINT (7.077709489000030 51.234553970000000)",Unfall 47947 (2022) Kat:3, Licht: 0,47947,3,3,5,09,09,5,0,0,1,1,0,0,0,0
"POINT (7.214854430000060 51.274523086999999)",Unfall 47960 (2022) Kat:3, Licht: 0,47960,3,4,1,08,16,4,0,0,0,1,1,0,0,0
"POINT (7.182812496000050 51.279025678000004)",Unfall 47999 (2022) Kat:3, Licht: 0,47999,3,6,1,08,17,4,0,0,0,1,0,0,0,0
"POINT (7.202016042000030 51.294385661000000)",Unfall 48000 (2022) Kat:3, Licht: 0,48000,3,7,6,09,18,6,0,0,0,1,1,0,0,0
"POINT (7.129708533000040 51.251781883000000)",Unfall 48047 (2022) Kat:2, Licht: 0,48047,2,2,3,09,15,4,0,0,0,1,0,1,0,0
"POINT (7.146287204000030 51.252368908000101)",Unfall 48089 (2022) Kat:3, Licht: 0,48089,3,4,6,09,09,5,1,0,0,0,1,0,0,1
"POINT (7.202335302000050 51.218533383000100)",Unfall 48307 (2022) Kat:3, Licht: 0,48307,3,7,0,09,15,3,0,0,0,1,0,1,0,0
"POINT (7.133807044000040 51.253077658999999)",Unfall 48345 (2022) Kat:3, Licht: 0,48345,3,6,0,10,14,7,0,0,0,1,0,0,0,0
"POINT (7.149774436000030 51.257149865000002)",Unfall 48358 (2022) Kat:3, Licht: 2,48358,3,1,0,09,00,7,1,2,0,0,0,0,0,1
"POINT (7.199857571000050 51.237510401000101)",Unfall 48384 (2022) Kat:2, Licht: 0,48384,2,3,5,09,11,3,1,0,1,1,0,0,0,0
"POINT (7.166373590000030 51.258184878000101)",Unfall 48449 (2022) Kat:3, Licht: 0,48449,3,3,5,09,12,2,0,0,0,1,0,0,0,0
"POINT (7.199302223000070 51.288461972000100)",Unfall 48538 (2022) Kat:3, Licht: 2,48538,3,1,8,09,02,2,0,2,0,1,0,0,0,0
"POINT (7.035874901000060 51.249007437000003)",Unfall 48629 (2022) Kat:3, Licht: 0,48629,3,1,0,09,15,6,0,0,0,0,0,1,0,0
"POINT (7.133477285000030 51.265467475000001)",Unfall 48780 (2022) Kat:3, Licht: 0,48780,3,6,1,09,18,7,1,0,0,1,0,0,0,0
"POINT (7.155600456000060 51.270671925000002)",Unfall 48789 (2022) Kat:3, Licht: 2,48789,3,6,2,09,06,5,0,2,0,1,0,0,0,0
"POINT (7.226040741000080 51.270704397000003)",Unfall 48857 (2022) Kat:3, Licht: 0,48857,3,4,6,09,14,6,0,0,0,1,1,0,0,0
"POINT (7.139454161000060 51.250956633000001)",Unfall 49024 (2022) Kat:3, Licht: 2,49024,3,4,6,09,20,2,1,2,0,1,1,0,0,0
"POINT (7.233033512000080 51.242259591000000)",Unfall 49040 (2022) Kat:3, Licht: 0,49040,3,1,4,09,09,3,1,0,0,1,0,0,1,0
"POINT (7.079055558000050 51.234819180999999)",Unfall 49066 (2022) Kat:3, Licht: 0,49066,3,6,2,09,13,1,0,0,0,1,0,0,0,0
"POINT (7.176035411000040 51.268750840000102)",Unfall 49080 (2022) Kat:3, Licht: 0,49080,3,1,0,09,17,7,1,0,1,0,0,0,0,0
"POINT (7.207556525000030 51.270646792000001)",Unfall 49118 (2022) Kat:3, Licht: 0,49118,3,2,5,09,14,5,0,0,0,1,0,1,0,0
"POINT (7.227995278000040 51.254947735000002)",Unfall 49187 (2022) Kat:3, Licht: 1,49187,3,1,9,09,20,7,1,1,0,1,0,0,0,0
"POINT (7.252917229000050 51.311276228000096)",Unfall 49401 (2022) Kat:3, Licht: 2,49401,3,1,9,09,04,2,0,2,0,1,0,0,0,1
"POINT (7.197094368000020 51.269555696000097)",Unfall 49425 (2022) Kat:3, Licht: 0,49425,3,2,5,10,13,7,1,0,0,1,0,0,0,0
"POINT (7.182735477000050 51.248989740000098)",Unfall 49482 (2022) Kat:2, Licht: 2,49482,2,1,8,10,21,7,1,2,0,1,0,0,0,0
"POINT (7.053968332000070 51.210829576000002)",Unfall 49650 (2022) Kat:3, Licht: 0,49650,3,6,2,09,16,3,1,0,0,1,0,0,0,0
"POINT (7.219635549000030 51.271287651000101)",Unfall 49680 (2022) Kat:3, Licht: 0,49680,3,6,3,09,14,5,0,0,0,1,0,0,0,0
"POINT (7.186520022000020 51.265824123000101)",Unfall 49681 (2022) Kat:3, Licht: 0,49681,3,6,2,09,15,2,0,0,0,1,0,0,0,0
"POINT (7.135909603000070 51.208465988999997)",Unfall 49687 (2022) Kat:3, Licht: 0,49687,3,4,6,09,17,6,0,0,0,1,1,0,0,0
"POINT (7.198882539000070 51.223202011000097)",Unfall 49741 (2022) Kat:3, Licht: 0,49741,3,1,2,09,09,2,1,0,0,1,0,0,0,1
"POINT (7.215969288000050 51.288714281000097)",Unfall 49747 (2022) Kat:3, Licht: 2,49747,3,3,3,09,20,3,0,2,0,1,0,0,0,1
"POINT (7.187290859000030 51.266166134000102)",Unfall 49754 (2022) Kat:3, Licht: 0,49754,3,6,3,09,08,5,0,0,0,1,0,0,0,0
"POINT (7.117018272000050 51.282780887000101)",Unfall 49794 (2022) Kat:2, Licht: 2,49794,2,7,0,09,21,2,0,2,1,0,0,0,0,0
"POINT (7.224881388000030 51.285657096000101)",Unfall 49806 (2022) Kat:3, Licht: 0,49806,3,3,5,09,14,4,1,0,0,1,0,0,0,0
"POINT (7.182719192000040 51.264691298999999)",Unfall 49820 (2022) Kat:3, Licht: 0,49820,3,5,1,09,17,5,0,0,0,1,0,0,0,0
"POINT (7.115201571000060 51.234067068999998)",Unfall 49826 (2022) Kat:3, Licht: 0,49826,3,1,2,09,09,6,0,0,0,1,0,0,0,0
"POINT (7.227147622000070 51.270568627000003)",Unfall 49886 (2022) Kat:2, Licht: 0,49886,2,4,6,09,12,2,1,0,0,1,1,0,0,0
"POINT (7.247409558000070 51.297848887999997)",Unfall 49989 (2022) Kat:3, Licht: 0,49989,3,6,2,09,12,3,0,0,0,1,0,0,0,0
"POINT (7.147762371000060 51.263414889000003)",Unfall 50007 (2022) Kat:3, Licht: 0,50007,3,7,6,09,17,5,0,0,0,1,1,0,0,0
"POINT (7.220938559000050 51.301310588000000)",Unfall 50131 (2022) Kat:3, Licht: 2,50131,3,1,8,09,03,7,1,2,0,1,0,0,0,0
"POINT (7.270318991000070 51.278485824000001)",Unfall 50343 (2022) Kat:2, Licht: 0,50343,2,4,6,09,14,7,0,0,0,1,1,0,0,0
"POINT (7.222870248000050 51.271178588000097)",Unfall 50454 (2022) Kat:3, Licht: 0,50454,3,6,2,10,15,7,1,0,0,1,0,0,0,0
"POINT (7.179957803000040 51.268100099000002)",Unfall 50509 (2022) Kat:3, Licht: 0,50509,3,6,5,09,10,5,0,0,1,1,0,0,0,0
"POINT (7.249889729000070 51.281698510000098)",Unfall 50522 (2022) Kat:2, Licht: 2,50522,2,1,8,09,23,7,1,2,0,1,0,0,0,0
"POINT (7.193184833000030 51.280318565000101)",Unfall 50542 (2022) Kat:3, Licht: 2,50542,3,3,5,09,21,4,0,2,0,1,0,1,0,0
"POINT (7.281568452000040 51.227128019000098)",Unfall 50557 (2022) Kat:3, Licht: 0,50557,3,2,9,09,13,3,1,0,0,1,0,0,0,0
"POINT (7.185146647000070 51.265620770000098)",Unfall 50575 (2022) Kat:3, Licht: 0,50575,3,6,2,09,17,2,1,0,0,1,0,0,0,0
"POINT (7.201680956000080 51.293673494000103)",Unfall 50676 (2022) Kat:2, Licht: 2,50676,2,1,4,10,22,7,0,2,0,1,0,0,0,0
"POINT (7.164782424000070 51.268451847000101)",Unfall 50703 (2022) Kat:3, Licht: 0,50703,3,6,2,10,15,4,0,0,0,1,0,0,0,0
"POINT (7.214901427000030 51.282957948000004)",Unfall 50752 (2022) Kat:3, Licht: 0,50752,3,4,6,10,14,6,1,0,0,0,1,0,0,1
"POINT (7.205335440000060 51.216614790999998)",Unfall 50785 (2022) Kat:3, Licht: 0,50785,3,2,2,10,17,2,0,0,0,1,0,0,0,0
"POINT (7.206297403000060 51.225056515000098)",Unfall 51025 (2022) Kat:3, Licht: 2,51025,3,6,2,10,20,6,0,2,0,1,0,0,0,0
"POINT (7.209232868000070 51.294311267000097)",Unfall 51039 (2022) Kat:3, Licht: 0,51039,3,6,2,10,14,4,0,0,0,1,0,0,0,0
"POINT (7.073220512000030 51.266834096000103)",Unfall 51094 (2022) Kat:2, Licht: 0,51094,2,3,5,10,13,4,0,0,0,1,0,1,0,0
"POINT (7.195196667000060 51.268819128000104)",Unfall 51104 (2022) Kat:2, Licht: 2,51104,2,6,9,10,06,1,1,2,0,1,0,0,0,0
"POINT (7.152104845000050 51.222273438999999)",Unfall 51295 (2022) Kat:3, Licht: 2,51295,3,7,6,10,20,3,0,2,0,1,1,0,0,0
"POINT (7.190130138000030 51.293213761000104)",Unfall 51296 (2022) Kat:2, Licht: 2,51296,2,7,4,10,05,4,0,2,1,0,0,1,0,0
"POINT (7.088143011000060 51.229337381000100)",Unfall 51301 (2022) Kat:3, Licht: 0,51301,3,1,8,10,09,2,0,0,0,1,0,0,0,0
"POINT (7.160615809000030 51.296537098999998)",Unfall 51336 (2022) Kat:3, Licht: 0,51336,3,2,5,10,17,4,0,0,1,1,0,0,0,0
"POINT (7.217370560000060 51.275020339999998)",Unfall 51343 (2022) Kat:3, Licht: 1,51343,3,6,2,10,20,3,0,1,0,1,0,0,0,0
"POINT (7.235837252000070 51.236838556000102)",Unfall 51383 (2022) Kat:3, Licht: 0,51383,3,6,2,10,13,5,1,0,0,1,0,0,0,0
"POINT (7.151212697000060 51.258908105000003)",Unfall 51546 (2022) Kat:3, Licht: 0,51546,3,6,3,10,15,1,0,0,0,1,0,0,0,0
"POINT (7.181527025000040 51.264361082999997)",Unfall 51603 (2022) Kat:3, Licht: 0,51603,3,7,6,10,11,6,0,0,0,1,1,0,0,0
"POINT (7.143276235000030 51.246959424000103)",Unfall 51656 (2022) Kat:2, Licht: 2,51656,2,2,0,10,21,3,0,2,1,1,0,0,0,0
"POINT (7.131278431000060 51.264265825000102)",Unfall 51675 (2022) Kat:3, Licht: 0,51675,3,6,0,10,12,4,0,0,0,0,0,1,0,0
"POINT (7.122249449000040 51.275982915000000)",Unfall 51750 (2022) Kat:3, Licht: 0,51750,3,1,8,10,15,6,0,0,0,1,0,0,0,0
"POINT (7.148304630000040 51.216017807000100)",Unfall 51769 (2022) Kat:3, Licht: 0,51769,3,3,5,10,10,3,0,0,0,1,0,0,0,0
"POINT (7.144917465000050 51.253274933999997)",Unfall 51825 (2022) Kat:3, Licht: 1,51825,3,6,2,10,18,3,0,1,0,1,0,0,0,1
"POINT (7.151446751000040 51.228580167000104)",Unfall 51826 (2022) Kat:3, Licht: 2,51826,3,6,4,10,20,4,0,2,0,1,0,0,0,0
"POINT (7.194329550000020 51.280852536000097)",Unfall 51833 (2022) Kat:2, Licht: 0,51833,2,4,6,10,15,3,0,0,0,1,1,0,0,0
"POINT (7.134149224000050 51.263902173000098)",Unfall 51885 (2022) Kat:2, Licht: 2,51885,2,4,6,10,20,6,1,2,0,1,1,0,0,0
"POINT (7.056151293000030 51.253864054000097)",Unfall 51892 (2022) Kat:3, Licht: 2,51892,3,6,2,10,22,7,0,2,0,1,0,0,0,0
"POINT (7.247422032000030 51.310898760999997)",Unfall 51900 (2022) Kat:2, Licht: 0,51900,2,1,9,10,16,6,0,0,0,1,0,0,0,0
"POINT (7.130472487000080 51.205612964000103)",Unfall 51904 (2022) Kat:3, Licht: 0,51904,3,2,6,10,17,4,1,0,0,1,1,0,0,0
"POINT (7.206890043000040 51.224837923000102)",Unfall 51940 (2022) Kat:2, Licht: 1,51940,2,2,5,10,07,6,1,1,0,1,0,1,0,0
"POINT (7.150257250000040 51.217373032000097)",Unfall 51972 (2022) Kat:3, Licht: 2,51972,3,7,0,10,05,2,0,2,1,0,0,0,0,0
"POINT (7.108040539000060 51.270542204999998)",Unfall 51986 (2022) Kat:3, Licht: 1,51986,3,6,0,10,19,6,0,1,1,1,0,0,0,0
"POINT (7.181972402000040 51.265803656999999)",Unfall 52019 (2022) Kat:3, Licht: 0,52019,3,6,3,10,15,5,1,0,1,1,0,0,0,0
"POINT (7.063750551000060 51.229049144000001)",Unfall 52218 (2022) Kat:3, Licht: 1,52218,3,5,0,10,07,6,1,1,0,0,0,1,0,1
"POINT (7.100909111000020 51.254615649000101)",Unfall 52247 (2022) Kat:3, Licht: 0,52247,3,2,3,10,13,4,0,0,0,1,0,1,0,0
"POINT (7.149043208000020 51.259089220000099)",Unfall 52250 (2022) Kat:3, Licht: 0,52250,3,7,0,10,16,7,0,0,0,1,1,0,0,0
"POINT (7.150169765000040 51.259017634000003)",Unfall 52314 (2022) Kat:3, Licht: 1,52314,3,7,3,10,18,4,0,1,0,1,0,0,1,0
"POINT (7.133960158000040 51.265969675000100)",Unfall 52404 (2022) Kat:3, Licht: 0,52404,3,6,2,10,16,2,0,0,0,1,0,0,0,0
"POINT (7.167033681000020 51.273213821000098)",Unfall 52485 (2022) Kat:2, Licht: 2,52485,2,1,0,10,01,3,1,2,0,1,0,0,1,0
"POINT (7.155681043000070 51.262451193000103)",Unfall 52492 (2022) Kat:3, Licht: 0,52492,3,7,3,10,15,7,0,0,0,1,0,0,0,0
"POINT (7.124789195000060 51.263585143999997)",Unfall 52522 (2022) Kat:3, Licht: 2,52522,3,6,2,10,05,2,0,2,0,1,0,0,0,0
"POINT (7.148563847000050 51.268589609000102)",Unfall 52718 (2022) Kat:3, Licht: 0,52718,3,2,2,10,09,7,1,0,0,1,0,0,0,0
"POINT (7.224000819000030 51.285733915000002)",Unfall 52729 (2022) Kat:3, Licht: 0,52729,3,6,2,10,14,6,0,0,0,1,0,0,0,0
"POINT (7.234318516000030 51.258564723000099)",Unfall 52792 (2022) Kat:3, Licht: 2,52792,3,1,9,10,19,4,0,2,0,1,0,0,0,0
"POINT (7.215506732000050 51.222228345000097)",Unfall 52838 (2022) Kat:3, Licht: 2,52838,3,3,5,10,20,7,0,2,0,1,0,0,0,0
"POINT (7.196941760000070 51.269638159000102)",Unfall 52881 (2022) Kat:3, Licht: 0,52881,3,2,4,10,14,2,1,0,0,1,0,0,0,0
"POINT (7.207999299000050 51.270788484000001)",Unfall 52935 (2022) Kat:3, Licht: 0,52935,3,1,7,10,13,4,0,0,0,0,0,1,0,0
"POINT (7.168568701000030 51.280356332000103)",Unfall 52976 (2022) Kat:3, Licht: 0,52976,3,7,6,10,15,5,0,0,0,1,1,0,0,0
"POINT (7.075888615000050 51.253497189000001)",Unfall 52990 (2022) Kat:2, Licht: 0,52990,2,1,0,10,13,1,0,0,1,0,0,0,0,0
"POINT (7.191202925000030 51.242621061000101)",Unfall 53074 (2022) Kat:3, Licht: 0,53074,3,1,0,10,10,7,1,0,1,0,0,0,0,0
"POINT (7.079397495000020 51.234807285000002)",Unfall 53152 (2022) Kat:3, Licht: 0,53152,3,7,6,10,15,7,1,0,0,1,1,0,0,0
"POINT (7.190298032000040 51.279591100000097)",Unfall 53176 (2022) Kat:2, Licht: 0,53176,2,3,5,10,11,5,0,0,0,1,0,0,0,0
"POINT (7.182674799000040 51.279651063000102)",Unfall 53180 (2022) Kat:3, Licht: 0,53180,3,3,0,10,17,7,0,0,1,0,0,0,0,0
"POINT (7.147208135000030 51.247874402999997)",Unfall 53267 (2022) Kat:3, Licht: 0,53267,3,7,0,10,11,7,1,0,1,0,0,0,0,0
"POINT (7.124304235000070 51.249254275000098)",Unfall 53288 (2022) Kat:2, Licht: 0,53288,2,7,9,10,08,4,0,0,0,1,0,0,0,0
"POINT (7.180506053000040 51.267699049000001)",Unfall 53343 (2022) Kat:3, Licht: 2,53343,3,2,6,10,21,2,1,2,0,1,1,0,0,0
"POINT (7.148629498000050 51.271367321000099)",Unfall 53364 (2022) Kat:3, Licht: 0,53364,3,2,6,10,14,4,0,0,0,1,1,0,0,0
"POINT (7.229557091000060 51.243343981000102)",Unfall 53403 (2022) Kat:3, Licht: 0,53403,3,1,4,10,17,1,1,0,0,1,0,0,0,0
"POINT (7.085548653000050 51.235290439000003)",Unfall 53429 (2022) Kat:3, Licht: 0,53429,3,6,2,10,15,5,0,0,0,1,0,0,0,0
"POINT (7.124817847000030 51.249515602000002)",Unfall 53497 (2022) Kat:3, Licht: 0,53497,3,4,6,10,15,3,0,0,0,0,1,0,0,1
"POINT (7.078077623000070 51.234720580999998)",Unfall 53514 (2022) Kat:3, Licht: 0,53514,3,7,6,10,14,5,1,0,0,1,1,0,0,0
"POINT (7.160735410000030 51.252888812000002)",Unfall 53589 (2022) Kat:3, Licht: 0,53589,3,6,9,11,07,3,0,0,0,1,0,0,0,0
"POINT (7.153880236000020 51.234916843000100)",Unfall 53599 (2022) Kat:3, Licht: 2,53599,3,4,6,11,06,2,1,2,0,1,1,0,0,0
"POINT (7.103265711000060 51.250123669000097)",Unfall 53687 (2022) Kat:3, Licht: 2,53687,3,2,5,11,04,4,1,2,0,1,0,0,0,0
"POINT (7.177577304000070 51.243145533000103)",Unfall 53788 (2022) Kat:3, Licht: 0,53788,3,7,0,11,15,3,0,0,1,0,0,0,0,0
"POINT (7.168491290000080 51.259959084000101)",Unfall 54017 (2022) Kat:2, Licht: 0,54017,2,3,5,11,10,1,0,0,0,1,0,1,0,0
"POINT (7.219682678000030 51.284840046000099)",Unfall 54098 (2022) Kat:3, Licht: 2,54098,3,6,2,10,19,2,0,2,0,1,0,0,0,0
"POINT (7.167127477000070 51.268713312000003)",Unfall 54118 (2022) Kat:2, Licht: 0,54118,2,3,5,11,12,4,0,0,0,1,0,0,0,0
"POINT (7.235017455000050 51.267076750000101)",Unfall 54125 (2022) Kat:3, Licht: 2,54125,3,1,8,11,21,2,0,2,0,1,0,0,0,0
"POINT (7.070372768000030 51.232324706999997)",Unfall 54194 (2022) Kat:3, Licht: 0,54194,3,2,0,11,15,3,0,0,0,1,0,0,0,1
"POINT (7.234798067000040 51.228522855999998)",Unfall 54243 (2022) Kat:3, Licht: 2,54243,3,6,1,10,18,1,0,2,0,1,0,1,0,0
"POINT (7.127012576000030 51.175568550000001)",Unfall 54272 (2022) Kat:3, Licht: 2,54272,3,7,0,11,01,2,1,2,0,1,0,0,0,1
"POINT (7.196305660000060 51.269247825000001)",Unfall 54296 (2022) Kat:3, Licht: 0,54296,3,6,3,11,11,2,0,0,0,1,0,0,0,0
"POINT (7.144428625000050 51.214053950000100)",Unfall 54445 (2022) Kat:3, Licht: 0,54445,3,6,2,11,14,5,0,0,0,1,0,0,0,1
"POINT (7.145050246000040 51.283173193000003)",Unfall 54482 (2022) Kat:3, Licht: 0,54482,3,7,6,11,15,6,0,0,0,1,1,0,0,0
"POINT (7.197786399000050 51.268836685000103)",Unfall 54547 (2022) Kat:3, Licht: 0,54547,3,3,5,11,18,7,0,0,0,1,0,0,0,0
"POINT (7.173942907000030 51.286827034000098)",Unfall 54720 (2022) Kat:3, Licht: 2,54720,3,2,4,11,20,2,0,2,0,1,0,0,0,0
"POINT (7.196896125000020 51.269483572000098)",Unfall 54870 (2022) Kat:3, Licht: 2,54870,3,6,2,10,19,2,0,2,0,1,0,0,0,0
"POINT (7.200620356000060 51.270408336999999)",Unfall 54879 (2022) Kat:3, Licht: 0,54879,3,6,2,11,14,6,1,0,0,1,0,1,0,0
"POINT (7.163725144000070 51.257068785999998)",Unfall 54924 (2022) Kat:3, Licht: 2,54924,3,6,2,11,17,5,1,2,0,1,0,1,0,0
"POINT (7.146870632000060 51.254922481000101)",Unfall 54995 (2022) Kat:3, Licht: 2,54995,3,2,2,11,17,1,0,2,0,1,0,0,0,0
"POINT (7.210632840000070 51.274079212000103)",Unfall 54998 (2022) Kat:3, Licht: 0,54998,3,6,2,11,11,2,1,0,0,1,0,0,0,0
"POINT (7.060132769000060 51.251460775000098)",Unfall 55106 (2022) Kat:3, Licht: 0,55106,3,1,8,10,15,1,0,0,0,0,0,1,0,0
"POINT (7.170076985000040 51.260690887000102)",Unfall 55150 (2022) Kat:3, Licht: 2,55150,3,1,9,11,05,7,0,2,0,1,0,0,0,0
"POINT (7.233885014000070 51.272999816000002)",Unfall 55173 (2022) Kat:2, Licht: 0,55173,2,7,0,11,15,5,0,0,0,1,0,1,0,0
"POINT (7.179957803000040 51.268100099000002)",Unfall 55257 (2022) Kat:3, Licht: 0,55257,3,3,0,11,12,6,1,0,0,1,0,1,0,0
"POINT (7.076324876000060 51.233924983000101)",Unfall 55284 (2022) Kat:2, Licht: 2,55284,2,4,6,11,20,6,1,2,0,1,1,0,0,0
"POINT (7.073956995000060 51.223755971000102)",Unfall 55411 (2022) Kat:1, Licht: 2,55411,1,1,8,11,06,4,0,2,0,1,0,0,1,0
"POINT (7.152154017000040 51.221383688000103)",Unfall 55438 (2022) Kat:3, Licht: 0,55438,3,4,6,11,07,3,0,0,0,1,1,0,0,0
"POINT (7.136059938000070 51.251674065000003)",Unfall 55439 (2022) Kat:2, Licht: 2,55439,2,4,6,11,23,7,0,2,0,1,1,0,0,0
"POINT (7.203561425000030 51.227192041000102)",Unfall 55447 (2022) Kat:2, Licht: 0,55447,2,4,6,11,15,5,0,0,0,1,1,0,0,0
"POINT (7.116444341000030 51.282988574999997)",Unfall 55490 (2022) Kat:3, Licht: 0,55490,3,2,4,11,08,3,0,0,1,1,0,0,0,0
"POINT (7.141568512000050 51.251198375999998)",Unfall 55585 (2022) Kat:3, Licht: 1,55585,3,6,2,11,16,6,0,1,0,1,0,0,0,1
"POINT (7.147050012000020 51.226450577000001)",Unfall 55626 (2022) Kat:3, Licht: 0,55626,3,6,1,11,10,7,1,0,0,1,0,0,0,0
"POINT (7.139817735000070 51.251121552000001)",Unfall 55741 (2022) Kat:3, Licht: 0,55741,3,2,0,11,07,4,0,0,0,1,0,0,0,0
"POINT (7.069783341000060 51.238548051000102)",Unfall 55780 (2022) Kat:3, Licht: 0,55780,3,6,2,11,08,3,1,0,0,1,0,0,0,0
"POINT (7.210331062000020 51.274172285000098)",Unfall 55782 (2022) Kat:3, Licht: 0,55782,3,4,6,12,10,5,1,0,0,1,1,0,0,0
"POINT (7.173750531000050 51.287480678000101)",Unfall 55784 (2022) Kat:3, Licht: 0,55784,3,7,0,11,11,3,1,0,0,0,0,1,0,0
"POINT (7.070132938000030 51.231060367000097)",Unfall 55926 (2022) Kat:3, Licht: 2,55926,3,4,6,12,16,5,0,2,0,1,1,0,0,0
"POINT (7.173942907000030 51.286827034000098)",Unfall 55939 (2022) Kat:3, Licht: 2,55939,3,2,5,11,21,3,1,2,0,1,0,0,0,0
"POINT (7.212036408000070 51.270346591000099)",Unfall 55981 (2022) Kat:3, Licht: 2,55981,3,6,2,11,17,6,1,2,0,1,0,0,0,0
"POINT (7.217358057000070 51.221376700000100)",Unfall 56085 (2022) Kat:3, Licht: 2,56085,3,6,2,11,19,1,1,2,0,1,0,0,0,0
"POINT (7.230201493000040 51.257537352000000)",Unfall 56217 (2022) Kat:2, Licht: 2,56217,2,1,8,11,22,3,1,2,0,1,0,0,0,0
"POINT (7.192370005000040 51.249468831999998)",Unfall 56220 (2022) Kat:3, Licht: 2,56220,3,3,5,11,19,2,1,2,0,1,0,0,0,0
"POINT (7.213233846000040 51.271506433000098)",Unfall 56280 (2022) Kat:3, Licht: 0,56280,3,6,2,11,12,6,1,0,0,1,0,0,0,0
"POINT (7.109742463000030 51.255492783000101)",Unfall 56285 (2022) Kat:3, Licht: 0,56285,3,3,3,11,12,5,1,0,0,1,0,0,0,0
"POINT (7.227147288000030 51.286140052000100)",Unfall 56345 (2022) Kat:3, Licht: 1,56345,3,3,5,11,07,3,1,1,0,1,0,0,0,1
"POINT (7.198431441000030 51.272973991000100)",Unfall 56347 (2022) Kat:2, Licht: 2,56347,2,4,6,12,16,5,0,2,0,1,1,0,0,0
"POINT (7.139378583000050 51.250921984999998)",Unfall 56388 (2022) Kat:3, Licht: 2,56388,3,2,6,11,17,3,1,2,0,1,1,0,0,0
"POINT (7.152098429000030 51.222365858000003)",Unfall 56448 (2022) Kat:3, Licht: 0,56448,3,2,6,11,08,2,1,0,0,1,1,0,0,0
"POINT (7.148828672000040 51.259102779000003)",Unfall 56504 (2022) Kat:3, Licht: 2,56504,3,3,2,11,17,3,1,2,1,1,0,0,0,0
"POINT (7.067189541000060 51.220613870000101)",Unfall 56523 (2022) Kat:3, Licht: 0,56523,3,6,2,11,13,6,0,0,0,1,0,0,0,0
"POINT (7.233123653000060 51.259259418000099)",Unfall 56635 (2022) Kat:3, Licht: 0,56635,3,6,2,11,11,4,1,0,0,1,0,0,0,0
"POINT (7.234806772000070 51.228521770999997)",Unfall 56707 (2022) Kat:3, Licht: 0,56707,3,6,2,12,14,5,0,0,0,1,0,0,0,0
"POINT (7.204605523000050 51.271391032000103)",Unfall 56757 (2022) Kat:3, Licht: 2,56757,3,6,3,11,20,4,1,2,0,1,0,0,0,0
"POINT (7.196399920000030 51.270422090000103)",Unfall 56782 (2022) Kat:2, Licht: 0,56782,2,4,6,11,13,2,1,0,0,1,1,0,0,0
"POINT (7.080557993000070 51.254422116999997)",Unfall 56792 (2022) Kat:3, Licht: 0,56792,3,3,3,11,14,3,0,0,0,1,0,0,0,0
"POINT (7.195764725000060 51.237938847000102)",Unfall 56880 (2022) Kat:3, Licht: 0,56880,3,1,9,11,08,6,1,0,0,1,0,1,0,0
"POINT (7.227353766000020 51.224301242000102)",Unfall 56902 (2022) Kat:2, Licht: 2,56902,2,6,4,11,07,4,1,2,0,1,0,0,0,1
"POINT (7.167906976000040 51.285256987000103)",Unfall 56996 (2022) Kat:2, Licht: 2,56996,2,4,6,12,07,2,1,2,0,1,1,0,0,0
"POINT (7.199302223000070 51.288461972000100)",Unfall 57025 (2022) Kat:3, Licht: 0,57025,3,6,2,12,15,6,0,0,0,1,0,0,0,0
"POINT (7.204787624000060 51.228251393999997)",Unfall 57089 (2022) Kat:2, Licht: 0,57089,2,4,6,12,11,5,2,0,0,1,1,0,0,0
"POINT (7.194399111000050 51.268499969000104)",Unfall 57092 (2022) Kat:3, Licht: 0,57092,3,7,0,12,12,4,0,0,0,1,0,0,0,1
"POINT (7.143224906000060 51.260859277000101)",Unfall 57233 (2022) Kat:3, Licht: 0,57233,3,2,0,12,10,2,1,0,1,1,0,0,0,0
"POINT (7.214031467000040 51.296106211000101)",Unfall 57386 (2022) Kat:1, Licht: 2,57386,1,1,1,12,00,1,1,2,0,1,0,0,1,0
"POINT (7.198431441000030 51.272973991000100)",Unfall 57407 (2022) Kat:3, Licht: 1,57407,3,2,6,12,16,5,1,1,0,1,1,0,0,0
"POINT (7.133927856000070 51.207373744999998)",Unfall 57436 (2022) Kat:3, Licht: 0,57436,3,6,3,12,14,6,1,0,0,1,0,0,0,0
"POINT (7.092226708000060 51.260290713000103)",Unfall 57472 (2022) Kat:3, Licht: 0,57472,3,1,1,12,15,2,0,0,0,1,0,0,0,0
"POINT (7.179130644000050 51.263575633000102)",Unfall 57608 (2022) Kat:3, Licht: 2,57608,3,1,2,12,17,3,1,2,0,1,0,0,0,0
"POINT (7.142567006000040 51.260846831999999)",Unfall 57636 (2022) Kat:3, Licht: 2,57636,3,4,6,12,08,2,1,2,0,1,1,0,0,0
"POINT (7.256696535000060 51.276129032000000)",Unfall 57637 (2022) Kat:3, Licht: 2,57637,3,5,8,12,20,3,0,2,0,1,0,1,0,1
"POINT (7.141943387000030 51.282552174999999)",Unfall 57649 (2022) Kat:2, Licht: 2,57649,2,3,5,12,19,4,1,2,0,1,0,1,0,0
"POINT (7.191766573000050 51.279798604000099)",Unfall 57676 (2022) Kat:2, Licht: 2,57676,2,4,6,12,07,3,0,2,0,1,1,0,0,0
"POINT (7.069570561000030 51.226567445000100)",Unfall 57711 (2022) Kat:3, Licht: 0,57711,3,3,5,12,18,7,0,0,0,1,0,0,0,1
"POINT (7.206737087000020 51.273017162000002)",Unfall 57714 (2022) Kat:3, Licht: 0,57714,3,2,3,12,11,4,0,0,1,1,0,0,0,0
"POINT (7.144917465000050 51.253274933999997)",Unfall 57724 (2022) Kat:3, Licht: 2,57724,3,2,6,12,18,2,2,2,0,1,1,0,0,0
"POINT (7.163725144000070 51.257068785999998)",Unfall 57762 (2022) Kat:3, Licht: 0,57762,3,1,8,12,14,5,1,0,0,1,0,0,0,0
"POINT (7.160615687000070 51.251072057999998)",Unfall 57921 (2022) Kat:3, Licht: 0,57921,3,5,1,12,13,7,0,0,0,1,0,0,0,1
"POINT (7.217872254000040 51.275089696000101)",Unfall 57963 (2022) Kat:3, Licht: 0,57963,3,7,5,12,13,2,0,0,0,1,0,0,0,1
"POINT (7.119821858000020 51.281165960000102)",Unfall 58015 (2022) Kat:3, Licht: 0,58015,3,3,5,12,09,3,0,0,0,1,0,0,0,0
"POINT (7.230541324000060 51.259646621999998)",Unfall 58058 (2022) Kat:3, Licht: 0,58058,3,1,4,12,15,2,1,0,0,1,0,0,0,0
"POINT (7.244078990000050 51.280889039999998)",Unfall 58124 (2022) Kat:3, Licht: 0,58124,3,4,6,12,13,3,1,0,0,1,1,0,0,0
"POINT (7.131921321000050 51.254269448999999)",Unfall 58193 (2022) Kat:3, Licht: 1,58193,3,7,6,12,17,5,2,1,1,0,1,0,0,0
"POINT (7.254286894000070 51.311533195000003)",Unfall 58212 (2022) Kat:3, Licht: 0,58212,3,6,2,12,15,1,0,0,0,1,0,0,0,0
"POINT (7.147603332000070 51.260579107000098)",Unfall 58270 (2022) Kat:3, Licht: 2,58270,3,6,6,12,20,4,0,2,0,1,1,0,0,0
"POINT (7.074726376000060 51.253265947999999)",Unfall 58455 (2022) Kat:3, Licht: 2,58455,3,3,5,12,19,5,1,2,0,1,0,0,0,0
"POINT (7.223980381000050 51.272868888000097)",Unfall 58645 (2022) Kat:3, Licht: 2,58645,3,3,6,12,17,6,1,2,0,1,1,0,0,0
"POINT (7.124789195000060 51.263585143999997)",Unfall 58694 (2022) Kat:3, Licht: 2,58694,3,6,2,12,17,5,1,2,0,1,0,0,0,1
"POINT (7.064393796000050 51.220227037000001)",Unfall 58759 (2022) Kat:3, Licht: 0,58759,3,1,2,12,10,7,0,0,0,1,0,0,0,0
"POINT (7.069168174000030 51.230685698999999)",Unfall 59388 (2022) Kat:3, Licht: 2,59388,3,6,1,12,17,3,0,2,0,1,0,0,0,0
"POINT (7.224607111000070 51.275234541000003)",Unfall 59644 (2022) Kat:3, Licht: 1,59644,3,6,0,12,15,6,1,1,0,1,0,0,0,0
"POINT (7.132677184000040 51.262235326000102)",Unfall 59671 (2022) Kat:3, Licht: 2,59671,3,7,2,12,19,5,1,2,0,1,0,0,0,0
"POINT (7.161001132000020 51.297143269999999)",Unfall 59780 (2022) Kat:3, Licht: 0,59780,3,4,6,12,14,5,0,0,0,1,1,0,0,0
"POINT (7.140639603000070 51.211557689000102)",Unfall 59868 (2022) Kat:3, Licht: 0,59868,3,6,2,12,15,5,0,0,0,1,0,0,0,0
"POINT (7.211444047000040 51.274301577000102)",Unfall 59946 (2022) Kat:3, Licht: 0,59946,3,6,2,12,12,5,0,0,0,1,0,0,0,0
"POINT (7.150541234000060 51.255978353000003)",Unfall 59953 (2022) Kat:3, Licht: 2,59953,3,6,2,12,03,7,1,2,0,1,0,0,0,0
"POINT (7.142500734000070 51.250075262000102)",Unfall 60110 (2022) Kat:3, Licht: 2,60110,3,1,0,12,07,5,1,2,0,0,0,0,0,1
"POINT (7.228770427000030 51.287584278000097)",Unfall 60174 (2022) Kat:3, Licht: 0,60174,3,2,4,12,15,6,1,0,1,1,0,0,0,0
"POINT (7.157018745000070 51.292886701999997)",Unfall 166673 (2022) Kat:2, Licht: 2,166673,2,1,8,01,20,4,1,2,0,1,0,0,0,0
"POINT (7.202837479000040 51.273829470000102)",Unfall 166982 (2022) Kat:3, Licht: 0,166982,3,1,0,01,14,3,1,0,0,0,0,1,0,0
"POINT (7.149936331000050 51.254902917999999)",Unfall 167090 (2022) Kat:3, Licht: 0,167090,3,4,6,01,13,4,1,0,0,1,1,0,0,0
"POINT (7.184982198000060 51.268088943000102)",Unfall 167328 (2022) Kat:3, Licht: 2,167328,3,7,0,01,18,3,0,2,1,0,0,0,0,0
"POINT (7.137297428000070 51.261736945999999)",Unfall 167502 (2022) Kat:3, Licht: 0,167502,3,1,7,01,09,3,1,0,1,1,0,0,0,0
"POINT (7.167492989000040 51.257132790000099)",Unfall 167532 (2022) Kat:3, Licht: 0,167532,3,4,6,01,15,3,1,0,0,0,1,0,0,1
"POINT (7.172331288000070 51.258618818000102)",Unfall 167689 (2022) Kat:3, Licht: 2,167689,3,4,6,01,07,6,0,2,0,1,1,0,0,0
"POINT (7.135846252000020 51.181915778000104)",Unfall 167712 (2022) Kat:3, Licht: 0,167712,3,4,6,02,11,3,0,0,0,1,1,0,0,0
"POINT (7.155231002000050 51.253218480999998)",Unfall 167762 (2022) Kat:3, Licht: 2,167762,3,2,5,02,17,5,1,2,0,1,0,0,0,0
"POINT (7.175712843000040 51.265658293000101)",Unfall 167903 (2022) Kat:3, Licht: 2,167903,3,5,0,01,19,1,1,2,0,1,0,0,0,0
"POINT (7.215642327000070 51.267052327000002)",Unfall 167941 (2022) Kat:3, Licht: 2,167941,3,6,6,01,21,2,0,2,0,1,1,0,0,0
"POINT (7.189524689000050 51.227467354000098)",Unfall 167942 (2022) Kat:3, Licht: 1,167942,3,2,6,01,08,3,0,1,0,1,1,0,0,0
"POINT (7.166164640000030 51.256572616000000)",Unfall 168010 (2022) Kat:3, Licht: 2,168010,3,7,6,02,19,7,0,2,0,1,1,0,0,0
"POINT (7.227113614000070 51.285399556000101)",Unfall 168031 (2022) Kat:3, Licht: 2,168031,3,6,0,02,22,3,0,2,1,1,0,0,0,0
"POINT (7.201613868000040 51.227515361000002)",Unfall 168063 (2022) Kat:3, Licht: 2,168063,3,4,6,02,07,3,1,2,0,1,1,0,0,0
"POINT (7.220564930000020 51.283813967000100)",Unfall 168163 (2022) Kat:3, Licht: 2,168163,3,1,8,01,04,7,1,2,0,1,0,0,0,0
"POINT (7.154303371000030 51.269661902000102)",Unfall 168209 (2022) Kat:3, Licht: 1,168209,3,6,0,02,16,6,1,1,0,0,0,1,0,0
"POINT (7.235040562000050 51.289952895000098)",Unfall 168234 (2022) Kat:3, Licht: 0,168234,3,5,1,01,15,5,0,0,0,1,1,0,0,0
"POINT (7.229687684000060 51.285796016000099)",Unfall 168274 (2022) Kat:3, Licht: 2,168274,3,3,5,02,05,3,1,2,0,1,0,0,0,0
"POINT (7.142739465000030 51.280967142000101)",Unfall 168312 (2022) Kat:3, Licht: 2,168312,3,5,1,01,19,1,0,2,0,1,0,0,0,0
"POINT (7.107770736000020 51.257082013000101)",Unfall 168466 (2022) Kat:3, Licht: 2,168466,3,1,8,01,18,3,0,2,0,1,0,0,0,0
"POINT (7.151179896000030 51.266520176000000)",Unfall 168477 (2022) Kat:2, Licht: 0,168477,2,4,0,02,16,3,0,0,1,0,1,0,0,0
"POINT (7.167226462000030 51.257688829000102)",Unfall 168555 (2022) Kat:3, Licht: 0,168555,3,4,6,02,13,3,1,0,0,1,1,0,0,0
"POINT (7.098136906000040 51.250793805999997)",Unfall 168602 (2022) Kat:3, Licht: 2,168602,3,6,2,01,05,3,1,2,0,1,0,0,0,0
"POINT (7.217785929000060 51.276539612000100)",Unfall 168638 (2022) Kat:3, Licht: 0,168638,3,2,6,01,11,2,1,0,1,0,1,0,0,0
"POINT (7.222703358000050 51.274554397000003)",Unfall 168771 (2022) Kat:3, Licht: 0,168771,3,4,6,03,11,5,0,0,0,0,1,0,0,1
"POINT (7.130049058000050 51.253233152000099)",Unfall 168795 (2022) Kat:3, Licht: 2,168795,3,7,6,02,18,6,1,2,1,0,1,0,0,0
"POINT (7.146139278000020 51.257072485999998)",Unfall 168820 (2022) Kat:3, Licht: 0,168820,3,4,6,02,10,7,0,0,0,0,1,0,0,1
"POINT (7.164780738000050 51.279335350000103)",Unfall 168953 (2022) Kat:3, Licht: 0,168953,3,2,6,02,15,7,0,0,0,1,1,0,0,0
"POINT (7.182920408000030 51.270826944000099)",Unfall 169042 (2022) Kat:3, Licht: 0,169042,3,6,0,02,12,1,0,0,1,0,1,0,0,0
"POINT (7.141994936000060 51.255492205000103)",Unfall 169444 (2022) Kat:3, Licht: 2,169444,3,2,5,02,02,7,0,2,0,1,0,0,0,0
"POINT (7.228856262000020 51.268190929000099)",Unfall 169619 (2022) Kat:3, Licht: 0,169619,3,7,1,02,11,4,0,0,0,1,0,0,0,0
"POINT (7.130731870000030 51.245211408999999)",Unfall 169736 (2022) Kat:2, Licht: 0,169736,2,2,4,03,09,2,0,0,1,1,0,0,0,0
"POINT (7.141479181000020 51.255154713000103)",Unfall 169739 (2022) Kat:3, Licht: 0,169739,3,2,3,03,18,2,0,0,0,1,0,1,0,0
"POINT (7.209667824000060 51.275581101000100)",Unfall 169869 (2022) Kat:3, Licht: 0,169869,3,2,6,03,10,6,0,0,0,1,1,0,0,0
"POINT (7.257301044000030 51.278336556000099)",Unfall 169912 (2022) Kat:3, Licht: 0,169912,3,6,2,03,10,5,0,0,0,1,0,0,0,1
"POINT (7.103545614000040 51.257343894000002)",Unfall 169999 (2022) Kat:3, Licht: 0,169999,3,6,4,03,14,6,0,0,0,1,0,0,0,1
"POINT (7.107678501000070 51.257017172000097)",Unfall 170105 (2022) Kat:3, Licht: 0,170105,3,3,5,03,12,3,0,0,0,1,0,0,0,0
"POINT (7.180555473000030 51.265143891000001)",Unfall 170167 (2022) Kat:2, Licht: 0,170167,2,2,8,03,12,5,0,0,0,1,0,1,0,0
"POINT (7.139225324000050 51.204471362000000)",Unfall 170307 (2022) Kat:3, Licht: 0,170307,3,5,1,03,15,7,0,0,0,1,0,0,0,0
"POINT (7.228436451000050 51.269443956000003)",Unfall 170339 (2022) Kat:2, Licht: 0,170339,2,1,4,03,13,6,0,0,1,1,0,0,0,0
"POINT (7.144038912000040 51.260026861000000)",Unfall 170425 (2022) Kat:2, Licht: 0,170425,2,4,6,03,07,3,0,0,0,1,1,0,0,0
"POINT (7.134414426000030 51.255721989000101)",Unfall 170523 (2022) Kat:3, Licht: 0,170523,3,1,9,03,14,7,0,0,0,1,0,1,0,0
"POINT (7.047733427000030 51.209563973999998)",Unfall 170554 (2022) Kat:2, Licht: 0,170554,2,1,0,03,18,5,0,0,1,0,0,0,0,0
"POINT (7.089412948000070 51.235554807000000)",Unfall 170574 (2022) Kat:3, Licht: 0,170574,3,2,6,03,14,3,1,0,0,1,1,0,0,0
"POINT (7.229543767000050 51.285618585000101)",Unfall 170817 (2022) Kat:2, Licht: 0,170817,2,4,0,04,14,3,0,0,0,0,1,0,0,1
"POINT (7.063614086000030 51.259957227000001)",Unfall 170819 (2022) Kat:2, Licht: 0,170819,2,7,0,04,14,1,0,0,1,0,0,0,0,0
"POINT (7.083079239000030 51.235410482000098)",Unfall 170962 (2022) Kat:3, Licht: 0,170962,3,4,6,04,09,7,0,0,0,1,1,0,0,0
"POINT (7.152995942000080 51.261035621000097)",Unfall 170982 (2022) Kat:2, Licht: 2,170982,2,4,6,03,23,5,1,2,0,0,1,0,0,1
"POINT (7.132336364000030 51.252971115000001)",Unfall 171006 (2022) Kat:3, Licht: 0,171006,3,3,5,03,17,2,0,0,1,0,0,1,0,0
"POINT (7.064198542000040 51.230169613999998)",Unfall 171086 (2022) Kat:3, Licht: 0,171086,3,6,2,04,12,4,0,0,0,1,0,0,0,0
"POINT (7.121668069000070 51.263467263999999)",Unfall 171329 (2022) Kat:2, Licht: 0,171329,2,1,0,03,10,5,1,0,1,0,0,0,0,0
"POINT (7.228453356000050 51.283875149000004)",Unfall 171380 (2022) Kat:3, Licht: 0,171380,3,3,5,04,13,7,0,0,0,1,0,1,0,0
"POINT (7.145955735000030 51.259525408000101)",Unfall 171408 (2022) Kat:3, Licht: 0,171408,3,1,4,04,14,4,0,0,1,0,0,0,0,0
"POINT (7.202036735000040 51.229060987000103)",Unfall 171427 (2022) Kat:3, Licht: 0,171427,3,5,6,04,08,4,0,0,0,1,1,0,0,0
"POINT (7.207244016000060 51.215732254000002)",Unfall 171497 (2022) Kat:3, Licht: 0,171497,3,6,2,04,15,1,0,0,0,1,0,0,0,0
"POINT (7.098198622000040 51.246505480000103)",Unfall 171545 (2022) Kat:3, Licht: 0,171545,3,7,0,04,19,2,0,0,0,1,0,1,0,0
"POINT (7.224493515000060 51.277544593000101)",Unfall 171642 (2022) Kat:3, Licht: 0,171642,3,4,6,04,16,3,0,0,1,0,1,0,0,0
"POINT (7.193436713000040 51.269359356999999)",Unfall 171921 (2022) Kat:3, Licht: 0,171921,3,3,5,05,19,4,0,0,0,1,0,0,0,0
"POINT (7.174790951000030 51.258574817000103)",Unfall 171964 (2022) Kat:3, Licht: 2,171964,3,1,0,05,22,3,0,2,1,0,0,0,0,0
"POINT (7.122650360000020 51.205685381000102)",Unfall 171998 (2022) Kat:3, Licht: 0,171998,3,7,6,05,14,4,0,0,0,1,1,0,0,0
"POINT (7.208078608000050 51.280918301000000)",Unfall 172015 (2022) Kat:3, Licht: 2,172015,3,5,1,04,21,7,0,2,0,1,0,1,0,1
"POINT (7.187045086000070 51.270999668999998)",Unfall 172033 (2022) Kat:3, Licht: 0,172033,3,4,6,04,15,1,0,0,0,1,1,0,0,0
"POINT (7.179610135000080 51.258692985000003)",Unfall 172232 (2022) Kat:3, Licht: 0,172232,3,7,1,04,06,3,1,0,0,1,0,0,0,0
"POINT (7.225734784000050 51.279517544000001)",Unfall 172306 (2022) Kat:3, Licht: 0,172306,3,4,6,04,15,7,0,0,0,1,1,0,0,0
"POINT (7.142131522000060 51.272863888000103)",Unfall 172335 (2022) Kat:2, Licht: 0,172335,2,7,8,04,17,4,0,0,0,1,0,0,0,0
"POINT (7.192634448000040 51.277694883000002)",Unfall 172400 (2022) Kat:3, Licht: 0,172400,3,3,5,04,13,6,0,0,0,1,0,0,0,0
"POINT (7.073240676000070 51.229387503000098)",Unfall 172408 (2022) Kat:3, Licht: 0,172408,3,6,2,05,18,2,0,0,0,1,0,0,0,0
"POINT (7.140803155000070 51.252107044000098)",Unfall 172425 (2022) Kat:3, Licht: 0,172425,3,4,6,04,17,4,0,0,0,1,1,0,0,0
"POINT (7.153367727000050 51.268963029000098)",Unfall 172486 (2022) Kat:3, Licht: 2,172486,3,2,5,04,01,1,0,2,0,1,0,0,0,0
"POINT (7.227408864000040 51.287221399000003)",Unfall 172564 (2022) Kat:3, Licht: 1,172564,3,1,8,05,21,1,0,1,0,0,0,1,0,0
"POINT (7.195697573000070 51.272360548000101)",Unfall 172566 (2022) Kat:3, Licht: 2,172566,3,6,1,05,21,3,0,2,0,1,0,1,0,0
"POINT (7.192140201000030 51.268767654000001)",Unfall 172567 (2022) Kat:2, Licht: 0,172567,2,3,5,05,10,6,0,0,1,1,0,0,0,0
"POINT (7.182920408000030 51.270826944000099)",Unfall 172635 (2022) Kat:2, Licht: 0,172635,2,6,3,04,17,1,0,0,1,0,0,0,0,0
"POINT (7.209602231000080 51.269926827000099)",Unfall 172659 (2022) Kat:3, Licht: 0,172659,3,3,5,04,07,6,0,0,0,1,0,0,0,0
"POINT (7.146141221000050 51.257495850000097)",Unfall 172764 (2022) Kat:2, Licht: 0,172764,2,4,6,05,14,3,0,0,1,0,1,0,0,0
"POINT (7.084703732000040 51.237583114000103)",Unfall 172784 (2022) Kat:3, Licht: 0,172784,3,7,8,04,17,4,0,0,0,0,0,1,0,0
"POINT (7.113239474000070 51.260325653000102)",Unfall 172837 (2022) Kat:2, Licht: 0,172837,2,1,0,05,16,5,0,0,1,0,0,0,0,0
"POINT (7.147318649000060 51.225499139000100)",Unfall 172874 (2022) Kat:2, Licht: 0,172874,2,3,0,05,18,6,0,0,1,0,0,0,0,1
"POINT (7.151017223000050 51.258514806000100)",Unfall 172899 (2022) Kat:3, Licht: 0,172899,3,3,5,05,12,4,0,0,0,1,0,0,0,0
"POINT (7.152012161000070 51.258021567000100)",Unfall 172908 (2022) Kat:2, Licht: 0,172908,2,7,6,05,13,4,0,0,0,1,1,0,0,0
"POINT (7.201355646000020 51.268226589999998)",Unfall 172984 (2022) Kat:3, Licht: 0,172984,3,2,4,05,19,7,0,0,0,1,0,1,0,0
"POINT (7.205253349000030 51.274818480000100)",Unfall 173015 (2022) Kat:3, Licht: 2,173015,3,7,0,05,01,6,0,2,0,0,0,1,0,0
"POINT (7.216975886000060 51.270511044000003)",Unfall 173087 (2022) Kat:2, Licht: 1,173087,2,4,0,05,06,6,0,1,0,1,1,0,0,0
"POINT (7.225985025000060 51.268145047000097)",Unfall 173158 (2022) Kat:3, Licht: 0,173158,3,6,2,05,18,5,0,0,0,1,0,0,0,0
"POINT (7.105021055000070 51.251495923000000)",Unfall 173166 (2022) Kat:3, Licht: 0,173166,3,5,1,05,18,3,0,0,0,1,0,1,0,0
"POINT (7.234090000000040 51.267210083000101)",Unfall 173183 (2022) Kat:3, Licht: 0,173183,3,1,1,05,18,1,0,0,0,1,0,1,0,0
"POINT (7.217658048000030 51.271163742000098)",Unfall 173287 (2022) Kat:2, Licht: 0,173287,2,4,5,05,07,6,0,0,0,1,1,0,0,0
"POINT (7.144229482000070 51.258753609000102)",Unfall 173302 (2022) Kat:2, Licht: 0,173302,2,3,1,05,12,7,0,0,1,1,0,0,0,0
"POINT (7.207850727000050 51.271802082000100)",Unfall 173356 (2022) Kat:3, Licht: 0,173356,3,7,0,05,15,4,0,0,1,0,0,0,0,0
"POINT (7.143943892000040 51.225923536000003)",Unfall 173431 (2022) Kat:3, Licht: 0,173431,3,3,5,05,13,4,0,0,1,0,0,0,0,1
"POINT (7.159304066000060 51.242359184000101)",Unfall 173551 (2022) Kat:3, Licht: 0,173551,3,6,2,05,09,6,0,0,0,1,0,0,0,0
"POINT (7.207931030000050 51.281248560999998)",Unfall 173570 (2022) Kat:3, Licht: 0,173570,3,7,0,05,07,5,0,0,1,1,0,0,0,0
"POINT (7.195880455000070 51.265906010999998)",Unfall 173586 (2022) Kat:3, Licht: 0,173586,3,2,2,05,07,4,0,0,1,1,0,0,0,0
"POINT (7.089001197000070 51.235884043000098)",Unfall 173756 (2022) Kat:3, Licht: 0,173756,3,2,6,05,09,3,0,0,0,1,1,0,0,0
"POINT (7.193468975000030 51.221498904000001)",Unfall 173760 (2022) Kat:3, Licht: 0,173760,3,6,4,05,09,1,0,0,0,1,0,1,0,0
"POINT (7.233958421000070 51.286270702000103)",Unfall 173791 (2022) Kat:3, Licht: 0,173791,3,1,9,05,11,4,0,0,0,1,0,0,0,0
"POINT (7.129672004000040 51.258995398000103)",Unfall 173850 (2022) Kat:3, Licht: 0,173850,3,3,5,05,16,3,0,0,0,1,0,0,0,1
"POINT (7.127591948000030 51.259247011000099)",Unfall 174033 (2022) Kat:3, Licht: 0,174033,3,1,8,06,21,1,0,0,0,0,0,0,0,1
"POINT (7.113280961000040 51.251617458000098)",Unfall 174050 (2022) Kat:3, Licht: 0,174050,3,1,0,06,18,2,0,0,0,0,0,1,0,0
"POINT (7.124875218000060 51.211970618000102)",Unfall 174089 (2022) Kat:2, Licht: 0,174089,2,1,0,06,19,6,0,0,0,0,0,1,0,0
"POINT (7.080154210000050 51.220144655000098)",Unfall 174226 (2022) Kat:3, Licht: 0,174226,3,3,5,06,06,6,0,0,0,1,0,0,0,0
"POINT (7.253298330000060 51.275227025000000)",Unfall 174263 (2022) Kat:2, Licht: 0,174263,2,3,5,06,15,5,1,0,0,1,0,1,0,0
"POINT (7.224339154000060 51.277296603000103)",Unfall 174473 (2022) Kat:3, Licht: 0,174473,3,3,0,06,16,4,1,0,0,0,0,1,0,1
"POINT (7.152527088000060 51.258597140000099)",Unfall 174581 (2022) Kat:3, Licht: 0,174581,3,4,6,06,16,7,0,0,0,1,1,0,0,0
"POINT (7.199861587000040 51.225362835000098)",Unfall 174594 (2022) Kat:3, Licht: 0,174594,3,4,6,05,10,6,1,0,0,1,1,0,0,0
"POINT (7.144728581000040 51.266337104000101)",Unfall 174618 (2022) Kat:3, Licht: 0,174618,3,7,0,06,10,7,0,0,0,1,0,0,0,1
"POINT (7.238348098000070 51.293447780000101)",Unfall 174619 (2022) Kat:2, Licht: 0,174619,2,2,5,06,13,4,0,0,0,1,0,1,0,0
"POINT (7.144647943000050 51.261739759000100)",Unfall 174635 (2022) Kat:3, Licht: 0,174635,3,3,5,06,13,3,0,0,0,1,0,1,0,0
"POINT (7.223738079000040 51.276334153999997)",Unfall 174649 (2022) Kat:3, Licht: 0,174649,3,6,2,06,15,6,0,0,0,1,0,0,0,0
"POINT (7.173503022000030 51.263305361999997)",Unfall 174779 (2022) Kat:3, Licht: 0,174779,3,6,0,06,15,7,0,0,0,0,0,1,0,0
"POINT (7.174800409000060 51.263971347000101)",Unfall 174820 (2022) Kat:3, Licht: 0,174820,3,4,6,05,13,3,0,0,1,1,1,0,0,0
"POINT (7.225143908000060 51.268290282000102)",Unfall 174836 (2022) Kat:3, Licht: 0,174836,3,4,6,06,15,4,1,0,0,1,1,0,0,0
"POINT (7.106795786000020 51.252863374000100)",Unfall 174889 (2022) Kat:2, Licht: 0,174889,2,7,0,06,19,1,0,0,0,0,0,1,0,0
"POINT (7.213909011000060 51.285251508999998)",Unfall 174947 (2022) Kat:3, Licht: 0,174947,3,7,6,06,14,3,0,0,0,1,1,0,0,0
"POINT (7.195266299000020 51.270064778000098)",Unfall 175519 (2022) Kat:3, Licht: 0,175519,3,6,0,06,19,4,0,0,1,1,0,0,0,0
"POINT (7.190593886000040 51.243037129000101)",Unfall 175526 (2022) Kat:2, Licht: 0,175526,2,3,5,06,09,5,0,0,1,1,0,0,0,0
"POINT (7.206894720000040 51.275216858000100)",Unfall 175578 (2022) Kat:3, Licht: 2,175578,3,7,6,06,23,7,0,2,0,1,1,0,0,0
"POINT (7.086474342000030 51.234578219000099)",Unfall 176144 (2022) Kat:3, Licht: 0,176144,3,6,2,07,10,2,0,0,0,1,0,0,0,1
"POINT (7.134453482000030 51.253365627999997)",Unfall 176247 (2022) Kat:3, Licht: 0,176247,3,1,0,07,16,5,1,0,1,0,0,0,0,0
"POINT (7.114976295000080 51.251586411000098)",Unfall 176336 (2022) Kat:3, Licht: 0,176336,3,1,0,07,10,1,1,0,1,0,0,0,0,0
"POINT (7.145003961000040 51.241885081000099)",Unfall 176401 (2022) Kat:3, Licht: 0,176401,3,7,0,07,19,7,0,0,1,1,0,0,0,0
"POINT (7.097576249000040 51.238207533000001)",Unfall 176403 (2022) Kat:3, Licht: 0,176403,3,3,5,07,17,4,0,0,0,1,0,0,0,0
"POINT (7.135998981000060 51.251560423000100)",Unfall 176474 (2022) Kat:3, Licht: 0,176474,3,5,1,07,16,1,0,0,1,1,0,0,0,0
"POINT (7.154456352000070 51.270014529000001)",Unfall 176562 (2022) Kat:2, Licht: 0,176562,2,4,6,07,07,2,0,0,0,1,1,0,0,0
"POINT (7.087074981000060 51.259412709000102)",Unfall 176650 (2022) Kat:2, Licht: 0,176650,2,7,2,07,19,7,0,0,0,1,1,0,0,0
"POINT (7.223222922000050 51.287143983000099)",Unfall 176692 (2022) Kat:3, Licht: 0,176692,3,7,6,07,12,6,0,0,0,1,1,0,0,0
"POINT (7.215487765000030 51.268889263000098)",Unfall 176827 (2022) Kat:2, Licht: 0,176827,2,1,8,07,16,7,1,0,0,0,0,1,0,0
"POINT (7.090042855000040 51.238026840000003)",Unfall 176828 (2022) Kat:3, Licht: 0,176828,3,6,4,07,16,2,0,0,0,1,0,1,0,0
"POINT (7.143178596000040 51.260782434000099)",Unfall 176829 (2022) Kat:3, Licht: 0,176829,3,6,2,07,17,4,1,0,1,1,0,0,0,0
"POINT (7.153467536000050 51.268927751000000)",Unfall 176880 (2022) Kat:3, Licht: 0,176880,3,2,6,07,09,3,0,0,0,1,1,0,0,0
"POINT (7.218544937000050 51.227931056999999)",Unfall 176894 (2022) Kat:3, Licht: 0,176894,3,4,6,07,17,5,0,0,0,1,1,0,0,0
"POINT (7.192201009000030 51.272212927000098)",Unfall 176942 (2022) Kat:3, Licht: 0,176942,3,4,6,07,14,1,0,0,1,0,1,0,0,0
"POINT (7.184957322000060 51.263780300000100)",Unfall 177083 (2022) Kat:3, Licht: 0,177083,3,5,1,08,17,1,0,0,1,1,0,0,0,0
"POINT (7.183512065000060 51.263945454000101)",Unfall 177137 (2022) Kat:3, Licht: 0,177137,3,6,2,07,14,6,0,0,0,1,0,1,0,0
"POINT (7.241325183000070 51.267419178000097)",Unfall 177175 (2022) Kat:3, Licht: 0,177175,3,4,6,08,16,6,0,0,0,0,1,0,0,1
"POINT (7.097576249000040 51.238207533000001)",Unfall 177190 (2022) Kat:3, Licht: 0,177190,3,2,6,08,09,3,0,0,0,1,1,0,0,0
"POINT (7.256840842000030 51.283502613000103)",Unfall 177194 (2022) Kat:3, Licht: 0,177194,3,6,4,07,19,3,0,0,1,1,0,0,0,0
"POINT (7.197396997000060 51.227645629000101)",Unfall 177235 (2022) Kat:3, Licht: 0,177235,3,4,6,08,09,6,0,0,0,1,1,0,0,0
"POINT (7.237368420000050 51.282270838000002)",Unfall 177260 (2022) Kat:2, Licht: 0,177260,2,1,1,07,16,5,0,0,0,1,0,0,0,0
"POINT (7.228057025000060 51.283236627000100)",Unfall 177414 (2022) Kat:3, Licht: 0,177414,3,7,6,08,10,7,0,0,0,1,1,0,0,0
"POINT (7.190611834000040 51.288192133999999)",Unfall 177431 (2022) Kat:3, Licht: 0,177431,3,6,1,08,17,3,0,0,0,1,0,0,0,1
"POINT (7.181067925000040 51.269984667000102)",Unfall 177477 (2022) Kat:3, Licht: 0,177477,3,3,5,08,18,6,0,0,1,1,0,0,0,0
"POINT (7.134743451000080 51.245776919999997)",Unfall 177535 (2022) Kat:3, Licht: 0,177535,3,5,4,07,13,6,0,0,1,1,0,0,0,0
"POINT (7.238181700000040 51.278755755000098)",Unfall 177715 (2022) Kat:3, Licht: 0,177715,3,7,1,08,06,5,0,0,0,1,0,1,0,0
"POINT (7.220519818000070 51.281465611999998)",Unfall 177838 (2022) Kat:3, Licht: 0,177838,3,1,8,08,11,3,0,0,0,1,0,0,0,0
"POINT (7.256871529000020 51.278234169000001)",Unfall 178014 (2022) Kat:3, Licht: 0,178014,3,3,5,07,07,5,0,0,0,1,0,0,0,0
"POINT (7.146212279000050 51.256692368000103)",Unfall 178168 (2022) Kat:3, Licht: 0,178168,3,7,5,08,17,6,0,0,1,0,0,0,0,1
"POINT (7.211744455000030 51.275250729000000)",Unfall 178315 (2022) Kat:3, Licht: 0,178315,3,3,5,08,16,2,0,0,1,1,0,0,0,0
"POINT (7.146462131000020 51.244196570000000)",Unfall 178320 (2022) Kat:3, Licht: 0,178320,3,5,0,08,15,6,0,0,1,1,0,0,0,0
"POINT (7.108530743000070 51.279338605000099)",Unfall 178411 (2022) Kat:3, Licht: 1,178411,3,4,0,08,21,7,0,1,0,0,1,1,0,0
"POINT (7.147955464000060 51.255914740999998)",Unfall 178457 (2022) Kat:2, Licht: 1,178457,2,7,0,08,21,7,0,1,1,0,0,0,0,0
"POINT (7.150193324000040 51.226397738999999)",Unfall 178480 (2022) Kat:3, Licht: 0,178480,3,3,5,08,19,5,0,0,0,1,0,1,0,0
"POINT (7.136416130000040 51.253919639999999)",Unfall 178482 (2022) Kat:3, Licht: 2,178482,3,3,5,08,22,6,0,2,0,1,0,1,0,0
"POINT (7.093519894000050 51.248423686000102)",Unfall 178566 (2022) Kat:3, Licht: 0,178566,3,1,0,08,11,4,1,0,1,0,0,0,0,0
"POINT (7.231308471000030 51.280120648000000)",Unfall 178742 (2022) Kat:2, Licht: 0,178742,2,7,8,08,16,6,0,0,0,0,0,1,0,0
"POINT (7.134318967000070 51.180960954000099)",Unfall 178804 (2022) Kat:3, Licht: 0,178804,3,7,6,08,13,3,0,0,0,0,1,0,0,1
"POINT (7.217807066000030 51.276048500999998)",Unfall 178933 (2022) Kat:3, Licht: 0,178933,3,7,5,08,15,6,0,0,0,1,0,0,0,1
"POINT (7.206455047000080 51.269306987000000)",Unfall 178992 (2022) Kat:3, Licht: 0,178992,3,7,3,08,13,2,0,0,1,1,0,0,0,0
"POINT (7.133887391000030 51.205232019000100)",Unfall 179019 (2022) Kat:2, Licht: 0,179019,2,3,5,08,09,6,0,0,1,1,0,0,0,0
"POINT (7.183722990000040 51.264013321000000)",Unfall 179088 (2022) Kat:3, Licht: 0,179088,3,2,0,09,20,1,0,0,1,1,0,0,0,0
"POINT (7.151029671000060 51.250351523000099)",Unfall 179136 (2022) Kat:2, Licht: 0,179136,2,3,5,08,08,4,0,0,0,1,0,1,0,0
"POINT (7.291192043000020 51.226135446999997)",Unfall 179138 (2022) Kat:3, Licht: 0,179138,3,3,5,09,18,5,0,0,0,1,0,0,0,0
"POINT (7.181023994000040 51.266275747000101)",Unfall 179143 (2022) Kat:3, Licht: 0,179143,3,4,6,09,14,3,0,0,0,1,1,0,0,0
"POINT (7.228674114000060 51.285712542000098)",Unfall 179205 (2022) Kat:3, Licht: 1,179205,3,3,0,09,20,4,0,1,1,1,0,0,0,0
"POINT (7.215187050000050 51.283087233000103)",Unfall 179246 (2022) Kat:3, Licht: 1,179246,3,7,0,08,18,2,0,1,0,0,1,0,0,1
"POINT (7.157000310000060 51.266405648999999)",Unfall 179268 (2022) Kat:3, Licht: 0,179268,3,5,1,09,18,5,1,0,1,1,0,0,0,0
"POINT (7.126572038000060 51.247583281000097)",Unfall 179364 (2022) Kat:3, Licht: 2,179364,3,5,1,09,21,2,0,2,1,1,0,0,0,0
"POINT (7.141891465000070 51.256804725999999)",Unfall 179367 (2022) Kat:3, Licht: 0,179367,3,7,0,08,13,7,0,0,0,1,1,0,0,0
"POINT (7.201280226000050 51.268210592999999)",Unfall 179373 (2022) Kat:3, Licht: 0,179373,3,3,5,09,18,7,1,0,0,1,0,1,0,0
"POINT (7.217857990000030 51.276988308999996)",Unfall 179392 (2022) Kat:3, Licht: 0,179392,3,6,2,09,11,6,0,0,0,1,0,0,0,0
"POINT (7.219134881000060 51.287608978000002)",Unfall 179419 (2022) Kat:3, Licht: 0,179419,3,7,1,09,15,4,0,0,0,1,0,0,0,0
"POINT (7.136345167000060 51.257923998000102)",Unfall 179435 (2022) Kat:3, Licht: 0,179435,3,7,1,09,13,5,0,0,0,1,0,1,0,0
"POINT (7.207701762000060 51.269563980000001)",Unfall 179448 (2022) Kat:3, Licht: 0,179448,3,4,6,09,15,7,0,0,0,1,1,0,0,0
"POINT (7.169816660000040 51.259448505000101)",Unfall 179577 (2022) Kat:3, Licht: 0,179577,3,3,5,09,15,7,0,0,0,1,0,0,0,0
"POINT (7.209649950000030 51.219271296999999)",Unfall 179711 (2022) Kat:3, Licht: 0,179711,3,1,0,09,16,2,0,0,0,0,0,0,0,1
"POINT (7.194362046000040 51.269732845000100)",Unfall 179900 (2022) Kat:3, Licht: 0,179900,3,7,0,09,17,3,0,0,1,0,0,0,0,0
"POINT (7.088183672000070 51.235457699999998)",Unfall 180027 (2022) Kat:3, Licht: 0,180027,3,6,1,09,18,5,0,0,0,1,0,0,0,0
"POINT (7.146329725000040 51.256375447000003)",Unfall 180030 (2022) Kat:3, Licht: 0,180030,3,7,3,09,17,3,0,0,1,0,0,0,0,0
"POINT (7.150330064000060 51.275162034000097)",Unfall 180092 (2022) Kat:3, Licht: 0,180092,3,5,0,09,17,3,1,0,0,1,0,0,0,1
"POINT (7.208869276000030 51.271373088000097)",Unfall 180124 (2022) Kat:3, Licht: 2,180124,3,3,5,09,20,7,1,2,0,1,0,0,0,0
"POINT (7.197561779000070 51.216239569999999)",Unfall 180238 (2022) Kat:3, Licht: 0,180238,3,3,5,09,12,5,0,0,0,1,0,0,0,1
"POINT (7.146034621000070 51.262193613000100)",Unfall 180254 (2022) Kat:2, Licht: 0,180254,2,3,5,09,16,3,0,0,1,1,0,0,0,0
"POINT (7.245504182000050 51.293949596000097)",Unfall 180326 (2022) Kat:3, Licht: 0,180326,3,3,5,09,08,4,1,0,1,0,0,0,0,1
"POINT (7.177568854000070 51.265536545000003)",Unfall 180359 (2022) Kat:3, Licht: 0,180359,3,5,1,09,16,5,0,0,1,1,0,0,0,0
"POINT (7.135688376000080 51.254555941000000)",Unfall 180477 (2022) Kat:3, Licht: 0,180477,3,2,6,09,08,5,0,0,0,1,1,0,0,0
"POINT (7.058500527000040 51.216052894000001)",Unfall 180539 (2022) Kat:3, Licht: 2,180539,3,1,0,09,01,2,1,2,0,0,0,0,0,1
"POINT (7.061623503000020 51.224379141000000)",Unfall 180570 (2022) Kat:2, Licht: 2,180570,2,1,8,09,19,4,1,2,0,1,0,0,0,0
"POINT (7.229147394000050 51.285866333999998)",Unfall 180615 (2022) Kat:3, Licht: 0,180615,3,3,0,09,11,5,0,0,0,1,0,0,0,0
"POINT (7.180967148000040 51.262424175000000)",Unfall 180788 (2022) Kat:3, Licht: 0,180788,3,3,5,09,13,5,0,0,0,1,0,0,0,0
"POINT (7.240131449000050 51.283815185000002)",Unfall 180811 (2022) Kat:3, Licht: 0,180811,3,3,5,09,15,5,1,0,0,1,0,0,0,0
"POINT (7.150193324000040 51.226397738999999)",Unfall 180826 (2022) Kat:2, Licht: 2,180826,2,1,9,10,06,1,1,2,0,1,0,0,0,0
"POINT (7.146171176000050 51.255376824999999)",Unfall 180829 (2022) Kat:3, Licht: 0,180829,3,7,0,09,10,2,0,0,0,1,0,0,0,0
"POINT (7.186856836000060 51.273367116000003)",Unfall 180998 (2022) Kat:3, Licht: 0,180998,3,4,6,09,10,5,0,0,0,1,1,0,0,0
"POINT (7.216376330000060 51.281825922000102)",Unfall 181046 (2022) Kat:3, Licht: 0,181046,3,3,5,09,16,5,0,0,0,1,0,1,0,0
"POINT (7.137860839000040 51.255448016000102)",Unfall 181223 (2022) Kat:3, Licht: 0,181223,3,6,2,10,14,7,0,0,1,1,0,0,0,0
"POINT (7.099431516000040 51.293570748000000)",Unfall 181226 (2022) Kat:3, Licht: 0,181226,3,3,5,10,16,3,0,0,1,1,0,0,0,0
"POINT (7.145456940000030 51.264888761000101)",Unfall 181244 (2022) Kat:3, Licht: 0,181244,3,3,5,10,07,2,1,0,1,1,0,0,0,0
"POINT (7.148850838000040 51.244773340000101)",Unfall 181267 (2022) Kat:3, Licht: 0,181267,3,3,0,10,13,5,0,0,0,1,0,0,0,0
"POINT (7.136536650000040 51.254950610000002)",Unfall 181356 (2022) Kat:1, Licht: 0,181356,1,4,6,10,12,1,0,0,1,0,1,0,0,0
"POINT (7.143858390000050 51.260570123999997)",Unfall 181422 (2022) Kat:2, Licht: 0,181422,2,4,6,10,19,7,0,0,1,0,1,0,0,0
"POINT (7.207693019000030 51.277936844000102)",Unfall 181427 (2022) Kat:3, Licht: 0,181427,3,3,0,10,15,5,1,0,1,1,0,0,0,0
"POINT (7.189127150000050 51.272875460000101)",Unfall 181430 (2022) Kat:3, Licht: 0,181430,3,1,0,10,13,5,1,0,0,1,0,0,0,0
"POINT (7.209861101000060 51.277262196999999)",Unfall 181543 (2022) Kat:3, Licht: 0,181543,3,1,0,10,13,7,1,0,1,0,0,0,0,0
"POINT (7.200653610000070 51.271977608000000)",Unfall 181571 (2022) Kat:3, Licht: 0,181571,3,7,6,10,13,2,0,0,0,1,1,0,0,0
"POINT (7.222050114000070 51.265600504000098)",Unfall 181633 (2022) Kat:3, Licht: 0,181633,3,6,4,10,18,3,0,0,1,1,0,0,0,0
"POINT (7.217482821000030 51.281701476000102)",Unfall 181638 (2022) Kat:3, Licht: 0,181638,3,1,0,10,18,5,0,0,0,0,0,0,0,1
"POINT (7.139584011000070 51.180341686000098)",Unfall 181674 (2022) Kat:3, Licht: 0,181674,3,6,6,10,08,1,0,0,0,1,1,0,0,0
"POINT (7.173182253000050 51.263092176000001)",Unfall 181712 (2022) Kat:3, Licht: 0,181712,3,3,5,10,16,3,0,0,1,1,0,0,0,0
"POINT (7.206099122000070 51.273377858000103)",Unfall 181733 (2022) Kat:3, Licht: 0,181733,3,6,3,10,12,3,0,0,0,1,0,1,0,0
"POINT (7.084493514000030 51.233567229000101)",Unfall 181743 (2022) Kat:3, Licht: 2,181743,3,6,1,10,05,2,1,2,1,1,0,0,0,0
"POINT (7.149883957000040 51.254897010000001)",Unfall 181789 (2022) Kat:3, Licht: 0,181789,3,4,6,10,15,5,1,0,0,0,1,0,0,1
"POINT (7.191950518000060 51.269400335000100)",Unfall 182176 (2022) Kat:3, Licht: 0,182176,3,7,6,11,09,4,0,0,0,1,1,0,0,0
"POINT (7.150764599000070 51.242773216000003)",Unfall 182212 (2022) Kat:3, Licht: 0,182212,3,7,3,11,10,6,0,0,0,1,0,1,0,0
"POINT (7.201293479000070 51.277552004000000)",Unfall 182302 (2022) Kat:3, Licht: 1,182302,3,2,3,11,16,6,1,1,1,1,0,0,0,0
"POINT (7.198119370000030 51.254263041999998)",Unfall 182534 (2022) Kat:3, Licht: 0,182534,3,6,2,11,09,4,1,0,0,1,0,0,0,1
"POINT (7.160151809000070 51.257087918000103)",Unfall 182566 (2022) Kat:3, Licht: 0,182566,3,7,0,11,13,3,0,0,0,0,1,0,1,1
"POINT (7.198924685000070 51.280815390000001)",Unfall 182631 (2022) Kat:3, Licht: 0,182631,3,2,0,11,14,6,0,0,0,1,0,0,0,1
"POINT (7.197066256000030 51.227787714000002)",Unfall 182675 (2022) Kat:3, Licht: 0,182675,3,7,0,11,13,2,1,0,0,1,0,0,0,0
"POINT (7.131293867000070 51.267068768000101)",Unfall 182717 (2022) Kat:2, Licht: 0,182717,2,4,6,11,08,2,0,0,0,1,1,0,0,0
"POINT (7.140026696000060 51.259974780999997)",Unfall 182718 (2022) Kat:3, Licht: 2,182718,3,1,1,10,05,1,0,2,0,1,0,0,0,0
"POINT (7.213011630000040 51.275108725999999)",Unfall 182785 (2022) Kat:3, Licht: 2,182785,3,6,4,11,21,4,0,2,1,1,0,0,0,0
"POINT (7.231871844000070 51.287141239999997)",Unfall 182863 (2022) Kat:3, Licht: 0,182863,3,3,5,10,14,2,1,0,0,1,0,0,0,0
"POINT (7.226655202000070 51.280181118000002)",Unfall 182992 (2022) Kat:3, Licht: 2,182992,3,1,1,11,17,3,1,2,0,1,0,0,0,0
"POINT (7.216214800000050 51.286605684999998)",Unfall 183054 (2022) Kat:3, Licht: 0,183054,3,7,0,11,20,6,0,0,0,0,0,0,0,1
"POINT (7.119646551000070 51.208091955999997)",Unfall 183166 (2022) Kat:2, Licht: 0,183166,2,1,0,11,15,5,0,0,1,0,0,0,0,0
"POINT (7.167492989000040 51.257132790000099)",Unfall 183172 (2022) Kat:3, Licht: 1,183172,3,3,5,11,17,4,0,1,0,1,0,0,0,0
"POINT (7.151505797000030 51.251521243000099)",Unfall 183175 (2022) Kat:3, Licht: 1,183175,3,4,6,11,16,2,1,1,0,1,1,0,0,0
"POINT (7.139636247000060 51.260171581000101)",Unfall 183260 (2022) Kat:2, Licht: 2,183260,2,2,6,11,20,2,1,2,0,1,1,0,0,0
"POINT (7.074031537000050 51.229910934000003)",Unfall 183333 (2022) Kat:3, Licht: 2,183333,3,7,8,11,16,4,0,2,0,0,0,1,0,0
"POINT (7.065917931000060 51.225969702000000)",Unfall 183335 (2022) Kat:3, Licht: 0,183335,3,6,2,11,10,3,0,0,0,1,0,0,0,0
"POINT (7.149860777000070 51.258187188000100)",Unfall 183377 (2022) Kat:3, Licht: 2,183377,3,1,0,11,17,5,1,2,0,0,0,1,0,0
"POINT (7.130932514000050 51.195778664000002)",Unfall 183395 (2022) Kat:3, Licht: 0,183395,3,5,1,11,12,6,0,0,0,1,0,0,0,0
"POINT (7.229384109000020 51.285370759000003)",Unfall 183442 (2022) Kat:3, Licht: 1,183442,3,2,6,11,16,3,0,1,0,1,1,0,0,0
"POINT (7.204269352000040 51.268852829000103)",Unfall 183445 (2022) Kat:3, Licht: 2,183445,3,3,5,11,07,2,1,2,0,1,0,1,0,0
"POINT (7.111756456000020 51.251114787000098)",Unfall 183451 (2022) Kat:3, Licht: 1,183451,3,4,6,12,07,6,0,1,0,1,1,0,0,0
"POINT (7.149917031000030 51.245661653000099)",Unfall 183515 (2022) Kat:3, Licht: 0,183515,3,7,0,12,15,5,0,0,0,1,0,0,0,0
"POINT (7.228799511000030 51.284432778000102)",Unfall 183584 (2022) Kat:3, Licht: 1,183584,3,5,1,11,15,2,1,1,0,1,0,0,0,0
"POINT (7.128098801000020 51.255624006000097)",Unfall 183622 (2022) Kat:3, Licht: 2,183622,3,6,0,11,17,6,1,2,1,1,0,0,0,0
"POINT (7.183512065000060 51.263945454000101)",Unfall 183769 (2022) Kat:3, Licht: 0,183769,3,2,4,11,12,6,0,0,1,1,0,0,0,0
"POINT (7.217429285000040 51.295236371000001)",Unfall 183846 (2022) Kat:2, Licht: 0,183846,2,5,0,12,08,6,0,0,0,1,0,0,0,0
"POINT (7.208423015000050 51.269712492000103)",Unfall 183894 (2022) Kat:3, Licht: 0,183894,3,3,5,11,10,4,1,0,0,1,0,0,0,0
"POINT (7.188612035000060 51.231133372000002)",Unfall 184009 (2022) Kat:3, Licht: 2,184009,3,6,6,12,22,6,1,2,0,1,1,0,0,0
"POINT (7.185718525000030 51.273071176000002)",Unfall 184102 (2022) Kat:3, Licht: 0,184102,3,1,0,11,11,7,1,0,0,0,0,1,0,0
"POINT (7.145695551000070 51.227494267000097)",Unfall 184204 (2022) Kat:3, Licht: 2,184204,3,3,5,11,17,4,1,2,0,1,0,0,0,0
"POINT (7.149996811000050 51.228708595999997)",Unfall 184443 (2022) Kat:2, Licht: 2,184443,2,2,6,12,19,5,0,2,0,1,1,0,0,0
"POINT (7.154441474000070 51.269960535999999)",Unfall 184614 (2022) Kat:3, Licht: 2,184614,3,3,5,12,19,4,0,2,0,1,0,0,0,0
"POINT (7.190231298000070 51.267727728000096)",Unfall 184620 (2022) Kat:3, Licht: 1,184620,3,4,6,12,07,4,1,1,0,1,1,0,0,0
"POINT (7.235066966000030 51.289987322999998)",Unfall 184678 (2022) Kat:3, Licht: 0,184678,3,6,6,12,09,6,1,0,0,1,1,0,0,0
"POINT (7.150715847000070 51.215445315000103)",Unfall 184776 (2022) Kat:3, Licht: 0,184776,3,6,2,12,10,5,0,0,0,1,0,0,0,0
"POINT (7.155441711000040 51.253461579000003)",Unfall 184777 (2022) Kat:3, Licht: 0,184777,3,7,6,12,11,3,1,0,0,0,1,0,0,1
"POINT (7.222731553000070 51.274703929000097)",Unfall 184903 (2022) Kat:3, Licht: 2,184903,3,7,6,12,19,5,1,2,0,1,1,0,0,0
"POINT (7.181542775000030 51.264366271000000)",Unfall 185059 (2022) Kat:3, Licht: 1,185059,3,4,6,12,08,5,1,1,0,1,1,0,0,0
"POINT (7.106855468000050 51.256337954000102)",Unfall 185063 (2022) Kat:3, Licht: 0,185063,3,1,5,12,16,5,0,0,0,1,0,0,0,0
"POINT (7.159884291000030 51.266921243000098)",Unfall 185096 (2022) Kat:3, Licht: 1,185096,3,6,0,12,16,7,2,1,0,1,0,1,0,0
"POINT (7.200350235000030 51.270044585999997)",Unfall 185131 (2022) Kat:3, Licht: 0,185131,3,6,3,12,13,2,0,0,0,1,0,0,0,0
"POINT (7.211704182000060 51.275255313999999)",Unfall 185244 (2022) Kat:3, Licht: 2,185244,3,3,5,12,20,2,0,2,1,1,0,0,0,0
"POINT (7.232944392000040 51.285722502000098)",Unfall 185262 (2022) Kat:3, Licht: 0,185262,3,6,5,12,13,1,1,0,0,1,0,1,0,0
"POINT (7.206484744000022 51.266445781000073)",Unfall 22426 (2023) Kat:3, Licht: 2,22426,3,1,8,01,05,1,0,2,0,1,0,0,0,0
"POINT (7.161425693000069 51.267170924000027)",Unfall 24215 (2023) Kat:3, Licht: 2,24215,3,3,5,01,01,1,0,2,0,1,0,0,0,0
"POINT (7.182675078000045 51.279660635000027)",Unfall 25665 (2023) Kat:3, Licht: 2,25665,3,6,2,01,16,2,1,2,0,1,0,0,0,0
"POINT (7.205424682000057 51.279403249000040)",Unfall 25666 (2023) Kat:3, Licht: 0,25666,3,6,9,01,14,2,0,0,0,1,0,0,0,0
"POINT (7.091405213000030 51.247864028000038)",Unfall 25683 (2023) Kat:3, Licht: 0,25683,3,6,1,01,08,2,0,0,0,1,0,0,0,0
"POINT (7.155547276000050 51.270793289000039)",Unfall 25684 (2023) Kat:3, Licht: 0,25684,3,6,2,01,15,2,1,0,0,1,0,0,0,0
"POINT (7.242594243000042 51.274149901000044)",Unfall 25906 (2023) Kat:2, Licht: 0,25906,2,1,0,01,10,6,1,0,1,0,0,0,0,0
"POINT (7.136223071000074 51.262716464000050)",Unfall 25907 (2023) Kat:3, Licht: 2,25907,3,4,6,01,07,6,1,2,0,1,1,0,0,0
"POINT (7.228185589000020 51.270324625000057)",Unfall 25979 (2023) Kat:3, Licht: 0,25979,3,2,6,01,13,2,0,0,0,1,1,0,0,0
"POINT (7.256696535000060 51.276129032000028)",Unfall 26037 (2023) Kat:3, Licht: 1,26037,3,3,5,01,16,5,1,1,0,1,0,0,0,0
"POINT (7.201469337000049 51.269804772000043)",Unfall 26302 (2023) Kat:2, Licht: 0,26302,2,7,3,01,14,3,0,0,0,1,0,1,0,0
"POINT (7.131677656000022 51.254702756000029)",Unfall 26303 (2023) Kat:3, Licht: 0,26303,3,7,6,01,09,3,0,0,0,0,1,0,0,1
"POINT (7.235804463000022 51.273368128000072)",Unfall 26402 (2023) Kat:2, Licht: 2,26402,2,4,6,01,18,2,1,2,0,1,1,0,0,0
"POINT (7.067851706000056 51.230174232000081)",Unfall 26403 (2023) Kat:2, Licht: 0,26403,2,2,6,01,14,2,0,0,0,0,1,0,0,1
"POINT (7.130260884000052 51.252037159000054)",Unfall 26405 (2023) Kat:2, Licht: 1,26405,2,6,2,01,17,2,1,1,0,1,0,0,0,0
"POINT (7.221312056000045 51.275372041000026)",Unfall 26539 (2023) Kat:3, Licht: 2,26539,3,3,5,01,17,7,0,2,0,1,0,0,0,1
"POINT (7.234383580000042 51.276850934000038)",Unfall 26540 (2023) Kat:3, Licht: 0,26540,3,6,2,01,14,7,0,0,0,1,0,0,0,0
"POINT (7.178831031000072 51.263481023000054)",Unfall 26617 (2023) Kat:2, Licht: 0,26617,2,4,6,01,13,6,1,0,0,1,1,0,0,0
"POINT (7.091378041000041 51.232298898000067)",Unfall 26627 (2023) Kat:3, Licht: 2,26627,3,6,3,01,18,6,1,2,0,1,0,0,0,0
"POINT (7.149133104000043 51.257408965000081)",Unfall 26785 (2023) Kat:3, Licht: 2,26785,3,2,6,01,20,4,1,2,0,1,1,0,0,0
"POINT (7.149500498000066 51.216667311000037)",Unfall 26922 (2023) Kat:3, Licht: 0,26922,3,1,8,02,14,7,0,0,0,1,0,0,0,0
"POINT (7.124674572000060 51.297685005000062)",Unfall 26923 (2023) Kat:3, Licht: 0,26923,3,6,4,02,14,7,0,0,0,1,0,0,0,0
"POINT (7.161049477000063 51.271769573000029)",Unfall 26995 (2023) Kat:3, Licht: 0,26995,3,6,2,02,15,6,1,0,0,1,0,0,0,0
"POINT (7.171498402000054 51.289307300000075)",Unfall 27077 (2023) Kat:2, Licht: 1,27077,2,4,6,02,07,5,1,1,0,1,1,0,0,0
"POINT (7.072102545000064 51.251137952000079)",Unfall 27078 (2023) Kat:3, Licht: 1,27078,3,3,0,02,08,5,0,1,1,1,0,0,0,0
"POINT (7.262038425000071 51.300848556000062)",Unfall 27164 (2023) Kat:2, Licht: 0,27164,2,1,0,02,13,4,1,0,0,1,0,0,0,0
"POINT (7.073248992000060 51.266363163000051)",Unfall 27165 (2023) Kat:3, Licht: 2,27165,3,1,9,02,21,4,2,2,0,1,0,0,0,0
"POINT (7.169183996000072 51.291003048000050)",Unfall 27238 (2023) Kat:3, Licht: 2,27238,3,4,6,01,17,3,1,2,0,1,1,0,0,0
"POINT (7.087490879000029 51.256567241000027)",Unfall 27245 (2023) Kat:3, Licht: 2,27245,3,6,3,01,05,3,1,2,0,1,0,0,1,0
"POINT (7.216485347000059 51.302649252000037)",Unfall 27333 (2023) Kat:3, Licht: 2,27333,3,4,6,01,06,2,1,2,0,1,1,0,0,0
"POINT (7.245560980000050 51.280957454000031)",Unfall 27433 (2023) Kat:3, Licht: 2,27433,3,7,9,01,01,7,0,2,0,1,0,0,0,0
"POINT (7.182654852000042 51.279000792000033)",Unfall 27584 (2023) Kat:2, Licht: 2,27584,2,4,6,01,21,5,2,2,0,1,1,0,0,0
"POINT (7.071558666000044 51.218665045000080)",Unfall 27585 (2023) Kat:3, Licht: 2,27585,3,4,0,01,20,5,1,2,0,0,1,0,0,1
"POINT (7.229531773000076 51.239273308000065)",Unfall 27762 (2023) Kat:3, Licht: 2,27762,3,6,2,01,18,3,1,2,0,1,0,0,0,0
"POINT (7.224439836000045 51.270903158000067)",Unfall 27763 (2023) Kat:2, Licht: 0,27763,2,2,0,01,09,3,0,0,0,1,1,0,0,0
"POINT (7.184819805000075 51.278680049000059)",Unfall 27765 (2023) Kat:3, Licht: 0,27765,3,6,2,01,15,3,0,0,0,1,0,0,0,0
"POINT (7.094897209000067 51.237340783000036)",Unfall 27766 (2023) Kat:3, Licht: 0,27766,3,6,3,01,11,3,0,0,0,1,0,0,1,0
"POINT (7.153124103000039 51.258890697000027)",Unfall 27847 (2023) Kat:3, Licht: 2,27847,3,3,5,01,18,3,1,2,1,1,0,0,0,0
"POINT (7.110999779000053 51.256883570000070)",Unfall 27848 (2023) Kat:3, Licht: 2,27848,3,6,2,01,06,2,0,2,0,1,0,0,0,0
"POINT (7.201624787000071 51.291651448000039)",Unfall 27893 (2023) Kat:3, Licht: 0,27893,3,5,3,01,15,1,1,0,0,1,0,0,0,1
"POINT (7.174807813000029 51.259757758000035)",Unfall 27894 (2023) Kat:3, Licht: 2,27894,3,2,6,01,18,1,1,2,0,1,1,0,0,0
"POINT (7.210063830000024 51.274030726000035)",Unfall 27943 (2023) Kat:3, Licht: 0,27943,3,6,1,01,13,7,0,0,0,1,0,0,0,0
"POINT (7.230490550000070 51.275991125000075)",Unfall 28032 (2023) Kat:2, Licht: 2,28032,2,2,5,01,05,6,1,2,0,1,0,1,0,0
"POINT (7.212707322000028 51.271423915000071)",Unfall 28033 (2023) Kat:3, Licht: 2,28033,3,6,3,01,21,6,2,2,0,1,0,0,0,0
"POINT (7.106665102000022 51.232209339000065)",Unfall 28186 (2023) Kat:3, Licht: 0,28186,3,7,1,01,14,5,1,0,0,1,0,0,0,0
"POINT (7.196576293000021 51.270242714000062)",Unfall 28323 (2023) Kat:3, Licht: 0,28323,3,6,2,01,08,4,0,0,0,1,0,0,0,0
"POINT (7.140475394000021 51.254644843000051)",Unfall 28324 (2023) Kat:3, Licht: 1,28324,3,1,0,01,18,4,0,1,1,0,0,0,0,0
"POINT (7.261797565000052 51.284614572000066)",Unfall 28328 (2023) Kat:3, Licht: 0,28328,3,6,2,01,14,4,0,0,0,1,0,0,0,0
"POINT (7.237252984000065 51.270231864000039)",Unfall 28449 (2023) Kat:3, Licht: 2,28449,3,6,2,01,16,3,0,2,0,1,0,0,0,0
"POINT (7.152560390000076 51.245179928000027)",Unfall 28450 (2023) Kat:3, Licht: 0,28450,3,6,3,01,17,3,0,0,0,1,0,0,0,1
"POINT (7.157341988000042 51.302059181000061)",Unfall 28451 (2023) Kat:3, Licht: 2,28451,3,4,6,01,17,3,1,2,0,0,1,1,0,0
"POINT (7.202913439000042 51.275861070000076)",Unfall 28546 (2023) Kat:2, Licht: 0,28546,2,7,0,03,17,2,1,0,0,0,0,1,0,0
"POINT (7.201143476000027 51.219438215000082)",Unfall 28582 (2023) Kat:3, Licht: 2,28582,3,7,0,03,03,1,1,2,0,0,0,1,0,0
"POINT (7.247837500000060 51.290351359000056)",Unfall 28583 (2023) Kat:3, Licht: 2,28583,3,1,8,03,23,1,2,2,0,1,0,0,0,0
"POINT (7.144930642000077 51.253262302000053)",Unfall 28674 (2023) Kat:2, Licht: 0,28674,2,7,0,03,13,6,0,0,0,1,0,0,0,0
"POINT (7.147903450000058 51.266756951000048)",Unfall 28675 (2023) Kat:3, Licht: 0,28675,3,5,1,03,13,6,0,0,1,1,0,0,0,0
"POINT (7.150725438000052 51.274181047000070)",Unfall 28753 (2023) Kat:2, Licht: 0,28753,2,4,6,03,08,5,0,0,0,1,1,0,0,0
"POINT (7.105582570000024 51.245775177000041)",Unfall 28754 (2023) Kat:3, Licht: 0,28754,3,6,2,03,11,5,0,0,0,1,0,0,0,0
"POINT (7.143415887000060 51.248468150000065)",Unfall 29002 (2023) Kat:3, Licht: 0,29002,3,6,3,02,15,2,0,0,0,1,0,0,0,0
"POINT (7.174604814000077 51.262142134000044)",Unfall 29047 (2023) Kat:2, Licht: 0,29047,2,6,1,02,17,1,0,0,0,1,0,0,0,0
"POINT (7.097560848000057 51.237189674000035)",Unfall 29099 (2023) Kat:3, Licht: 0,29099,3,6,2,02,12,7,1,0,0,1,0,0,0,1
"POINT (7.222978340000054 51.275454092000075)",Unfall 29100 (2023) Kat:3, Licht: 0,29100,3,2,6,02,16,7,0,0,0,1,1,0,0,0
"POINT (7.093383384000049 51.255949643000065)",Unfall 29182 (2023) Kat:3, Licht: 0,29182,3,6,2,02,13,6,1,0,0,1,0,0,0,0
"POINT (7.166373590000035 51.258184878000066)",Unfall 29210 (2023) Kat:3, Licht: 0,29210,3,6,2,02,13,2,0,0,1,1,0,0,0,0
"POINT (7.156876290000071 51.257699553000066)",Unfall 29263 (2023) Kat:3, Licht: 0,29263,3,3,0,02,11,5,0,0,0,1,0,0,0,1
"POINT (7.097690722000038 51.237244478000036)",Unfall 29265 (2023) Kat:3, Licht: 2,29265,3,2,6,02,06,5,1,2,0,1,1,0,0,0
"POINT (7.229756641000051 51.241541626000071)",Unfall 29281 (2023) Kat:3, Licht: 2,29281,3,7,8,02,19,5,1,2,0,0,0,0,1,0
"POINT (7.217381196000076 51.271135864000030)",Unfall 29360 (2023) Kat:3, Licht: 0,29360,3,5,1,02,13,4,0,0,0,0,0,1,0,1
"POINT (7.148490327000047 51.270217136000042)",Unfall 29361 (2023) Kat:3, Licht: 2,29361,3,6,3,02,18,4,0,2,0,1,0,0,0,0
"POINT (7.209588655000061 51.271177997000052)",Unfall 29436 (2023) Kat:3, Licht: 0,29436,3,2,5,02,08,3,0,0,1,1,0,0,0,0
"POINT (7.179933567000035 51.263836256000047)",Unfall 29546 (2023) Kat:3, Licht: 0,29546,3,6,2,02,14,1,1,0,0,1,0,0,0,0
"POINT (7.234652775000029 51.276937932000067)",Unfall 29557 (2023) Kat:3, Licht: 0,29557,3,7,3,02,12,1,0,0,0,1,0,0,0,1
"POINT (7.139117377000048 51.254435511000054)",Unfall 29600 (2023) Kat:3, Licht: 0,29600,3,1,3,02,14,7,1,0,0,1,0,0,0,1
"POINT (7.179635533000067 51.279670590000080)",Unfall 29663 (2023) Kat:3, Licht: 0,29663,3,3,3,03,11,4,0,0,0,1,0,0,1,0
"POINT (7.210669626000026 51.271311877000073)",Unfall 29678 (2023) Kat:3, Licht: 0,29678,3,7,3,02,08,6,1,0,0,1,0,1,0,0
"POINT (7.128343914000027 51.251149995000048)",Unfall 29679 (2023) Kat:3, Licht: 0,29679,3,1,0,02,16,6,1,0,0,0,0,1,0,0
"POINT (7.152835680000067 51.244940439000061)",Unfall 29680 (2023) Kat:3, Licht: 0,29680,3,1,0,02,12,6,1,0,1,0,0,0,0,0
"POINT (7.237641078000024 51.309440807000044)",Unfall 29854 (2023) Kat:3, Licht: 0,29854,3,6,2,03,11,4,0,0,0,1,0,0,0,0
"POINT (7.151481115000024 51.255413542000042)",Unfall 29877 (2023) Kat:3, Licht: 0,29877,3,4,0,02,18,4,0,0,0,0,1,0,0,1
"POINT (7.147634720000042 51.263965825000071)",Unfall 30006 (2023) Kat:3, Licht: 0,30006,3,5,0,02,16,3,0,0,0,0,0,1,0,1
"POINT (7.259481655000059 51.278961370000047)",Unfall 30032 (2023) Kat:2, Licht: 0,30032,2,6,2,02,16,3,0,0,0,1,0,0,1,0
"POINT (7.230951794000021 51.256889983000065)",Unfall 30146 (2023) Kat:3, Licht: 0,30146,3,6,0,02,15,2,0,0,0,1,0,0,0,0
"POINT (7.062969354000074 51.251920308000081)",Unfall 30219 (2023) Kat:2, Licht: 1,30219,2,4,6,02,07,3,0,1,0,1,1,0,0,0
"POINT (7.195068085000059 51.271446414000081)",Unfall 30281 (2023) Kat:3, Licht: 0,30281,3,6,3,02,09,7,1,0,0,1,0,1,0,0
"POINT (7.187650102000021 51.266254149000076)",Unfall 30394 (2023) Kat:3, Licht: 0,30394,3,6,1,02,08,6,0,0,0,1,0,0,0,0
"POINT (7.222155365000049 51.271109311000032)",Unfall 30514 (2023) Kat:2, Licht: 0,30514,2,4,6,02,10,5,0,0,0,1,1,0,0,0
"POINT (7.242927279000071 51.280982557000073)",Unfall 30621 (2023) Kat:3, Licht: 1,30621,3,5,1,02,08,4,0,1,1,0,0,0,0,1
"POINT (7.197651007000047 51.272445344000062)",Unfall 30647 (2023) Kat:3, Licht: 0,30647,3,1,0,02,11,3,1,0,0,0,0,1,0,0
"POINT (7.128620583000043 51.251278400000047)",Unfall 30696 (2023) Kat:3, Licht: 0,30696,3,3,5,02,16,6,0,0,0,1,0,0,0,1
"POINT (7.204988537000077 51.270380743000032)",Unfall 30886 (2023) Kat:3, Licht: 2,30886,3,3,5,03,19,2,0,2,0,1,0,0,0,0
"POINT (7.131529803000035 51.254994038000063)",Unfall 30943 (2023) Kat:3, Licht: 2,30943,3,5,1,03,22,1,0,2,0,1,0,0,0,0
"POINT (7.198107220000054 51.281217574000038)",Unfall 31102 (2023) Kat:2, Licht: 2,31102,2,5,1,03,23,6,1,2,0,1,0,1,0,0
"POINT (7.214357368000037 51.282753559000071)",Unfall 31103 (2023) Kat:2, Licht: 0,31103,2,4,6,03,15,6,0,0,0,1,1,0,0,0
"POINT (7.186113956000042 51.277127469000050)",Unfall 31258 (2023) Kat:3, Licht: 0,31258,3,6,2,03,12,7,0,0,0,1,0,0,0,0
"POINT (7.178635216000032 51.272856901000068)",Unfall 31269 (2023) Kat:3, Licht: 0,31269,3,3,5,03,10,4,1,0,0,1,0,1,0,0
"POINT (7.231362270000034 51.235376315000053)",Unfall 31274 (2023) Kat:3, Licht: 0,31274,3,7,8,03,12,4,0,0,0,1,0,0,0,0
"POINT (7.193993197000054 51.272510826000030)",Unfall 31437 (2023) Kat:3, Licht: 2,31437,3,3,5,03,19,2,0,2,0,1,0,0,0,0
"POINT (7.064425216000075 51.229292382000040)",Unfall 31438 (2023) Kat:2, Licht: 2,31438,2,4,6,03,20,2,0,2,0,1,1,0,0,0
"POINT (7.040376809000065 51.215367371000070)",Unfall 31499 (2023) Kat:2, Licht: 0,31499,2,1,9,03,09,1,1,0,0,1,0,0,0,0
"POINT (7.095306622000066 51.261614989000066)",Unfall 31500 (2023) Kat:3, Licht: 2,31500,3,1,8,03,03,1,0,2,0,1,0,0,0,1
"POINT (7.134702860000061 51.263524490000066)",Unfall 31558 (2023) Kat:2, Licht: 0,31558,2,4,6,03,12,7,0,0,0,1,1,0,0,0
"POINT (7.150660301000073 51.227373122000074)",Unfall 31661 (2023) Kat:3, Licht: 2,31661,3,5,7,03,19,6,2,2,0,1,0,0,0,1
"POINT (7.222285487000022 51.275313109000081)",Unfall 31758 (2023) Kat:3, Licht: 0,31758,3,4,6,03,14,5,1,0,0,0,1,0,0,1
"POINT (7.072776803000068 51.252169956000046)",Unfall 31759 (2023) Kat:3, Licht: 2,31759,3,6,2,03,21,5,1,2,0,1,0,0,0,0
"POINT (7.156826409000075 51.257711577000066)",Unfall 31760 (2023) Kat:3, Licht: 2,31760,3,3,5,03,20,5,1,2,1,1,0,0,0,0
"POINT (7.117788826000037 51.261487117000058)",Unfall 31878 (2023) Kat:3, Licht: 1,31878,3,6,2,03,06,4,1,1,0,1,0,0,0,0
"POINT (7.164846100000034 51.298945547000073)",Unfall 31879 (2023) Kat:3, Licht: 0,31879,3,7,4,03,10,4,2,0,0,1,0,0,0,0
"POINT (7.146975968000049 51.233918748000065)",Unfall 31880 (2023) Kat:3, Licht: 0,31880,3,4,6,03,14,4,1,0,0,0,1,0,0,1
"POINT (7.139833360000068 51.254433736000067)",Unfall 31988 (2023) Kat:3, Licht: 2,31988,3,2,3,03,18,3,1,2,0,1,0,0,0,0
"POINT (7.138211050000052 51.209736662000068)",Unfall 31989 (2023) Kat:3, Licht: 0,31989,3,6,6,03,15,3,2,0,0,0,1,0,0,1
"POINT (7.170558354000036 51.275404379000065)",Unfall 32011 (2023) Kat:3, Licht: 0,32011,3,6,2,04,16,2,0,0,0,1,0,0,0,0
"POINT (7.160682599000040 51.250986125000054)",Unfall 32051 (2023) Kat:3, Licht: 0,32051,3,2,3,04,18,1,0,0,0,1,0,0,0,0
"POINT (7.217414038000072 51.221427527000060)",Unfall 32104 (2023) Kat:2, Licht: 0,32104,2,1,0,04,17,7,0,0,0,0,0,0,0,1
"POINT (7.155333036000059 51.256142387000068)",Unfall 32105 (2023) Kat:3, Licht: 0,32105,3,6,2,04,13,7,0,0,0,1,0,0,0,0
"POINT (7.141208638000023 51.251634002000060)",Unfall 32137 (2023) Kat:3, Licht: 0,32137,3,3,0,04,17,6,1,0,0,1,0,0,0,0
"POINT (7.144809163000048 51.260963343000071)",Unfall 32138 (2023) Kat:3, Licht: 0,32138,3,3,5,04,15,6,1,0,0,1,0,0,0,0
"POINT (7.198476372000073 51.272985984000059)",Unfall 32199 (2023) Kat:3, Licht: 0,32199,3,3,5,04,13,5,0,0,0,1,0,1,0,0
"POINT (7.058485475000055 51.226115290000052)",Unfall 32200 (2023) Kat:3, Licht: 0,32200,3,7,0,04,18,5,1,0,1,0,0,0,0,1
"POINT (7.146609038000065 51.261035369000069)",Unfall 32201 (2023) Kat:2, Licht: 2,32201,2,4,6,04,21,5,1,2,0,1,1,0,0,0
"POINT (7.132102172000032 51.259553593000078)",Unfall 32291 (2023) Kat:3, Licht: 1,32291,3,6,3,04,19,4,0,1,0,1,0,0,0,0
"POINT (7.147617003000050 51.263988324000081)",Unfall 32383 (2023) Kat:3, Licht: 0,32383,3,7,0,04,17,3,0,0,0,1,0,1,0,0
"POINT (7.092794754000067 51.239891326000077)",Unfall 32396 (2023) Kat:3, Licht: 0,32396,3,6,2,04,15,3,0,0,0,1,0,0,1,0
"POINT (7.146870632000059 51.254922481000051)",Unfall 32481 (2023) Kat:3, Licht: 1,32481,3,6,2,04,20,2,0,1,0,1,0,0,0,0
"POINT (7.052456987000028 51.210590012000068)",Unfall 32530 (2023) Kat:3, Licht: 0,32530,3,7,0,04,17,7,0,0,1,1,0,0,0,0
"POINT (7.253070099000070 51.283300425000050)",Unfall 32541 (2023) Kat:3, Licht: 0,32541,3,7,8,04,09,1,0,0,0,0,0,1,0,0
"POINT (7.201505888000042 51.270622217000039)",Unfall 32601 (2023) Kat:3, Licht: 0,32601,3,6,2,04,15,7,1,0,0,1,0,0,0,0
"POINT (7.195626214000072 51.270958605000033)",Unfall 32603 (2023) Kat:3, Licht: 1,32603,3,6,3,04,19,7,1,1,0,1,0,0,0,0
"POINT (7.151799830000073 51.224327190000054)",Unfall 32604 (2023) Kat:3, Licht: 1,32604,3,6,0,04,19,7,1,1,0,1,0,0,0,0
"POINT (7.155883081000070 51.257819825000070)",Unfall 32605 (2023) Kat:3, Licht: 0,32605,3,2,5,04,16,7,1,0,0,1,0,0,0,0
"POINT (7.153888681000069 51.253613821000044)",Unfall 32606 (2023) Kat:3, Licht: 0,32606,3,6,5,04,14,7,1,0,0,1,0,0,0,1
"POINT (7.093267798000056 51.237077816000067)",Unfall 32615 (2023) Kat:3, Licht: 2,32615,3,1,8,04,23,7,1,2,0,1,0,0,0,0
"POINT (7.234682961000033 51.228394178000030)",Unfall 32622 (2023) Kat:3, Licht: 0,32622,3,6,2,04,14,3,0,0,0,1,0,0,0,0
"POINT (7.140790863000063 51.267333368000038)",Unfall 32686 (2023) Kat:3, Licht: 0,32686,3,6,2,04,17,3,0,0,0,1,0,0,0,0
"POINT (7.205996509000045 51.216264148000050)",Unfall 32691 (2023) Kat:3, Licht: 0,32691,3,5,2,03,14,6,1,0,0,1,0,0,1,0
"POINT (7.093678173000058 51.241575560000058)",Unfall 32701 (2023) Kat:3, Licht: 0,32701,3,6,2,03,16,6,1,0,0,1,0,0,0,0
"POINT (7.128448879000075 51.251198710000040)",Unfall 32899 (2023) Kat:3, Licht: 0,32899,3,3,5,03,15,4,0,0,0,1,0,1,0,0
"POINT (7.086697548000075 51.270623938000028)",Unfall 32900 (2023) Kat:3, Licht: 0,32900,3,1,8,03,11,4,0,0,0,1,0,0,0,0
"POINT (7.156917377000070 51.235866656000042)",Unfall 32915 (2023) Kat:3, Licht: 0,32915,3,1,9,03,14,4,0,0,0,0,0,1,0,0
"POINT (7.116317934000051 51.275572396000030)",Unfall 32929 (2023) Kat:3, Licht: 0,32929,3,3,5,04,11,4,0,0,0,1,0,0,0,0
"POINT (7.151105117000043 51.256300454000041)",Unfall 33001 (2023) Kat:3, Licht: 0,33001,3,6,2,03,08,3,0,0,0,1,0,0,0,0
"POINT (7.149074395000071 51.257442874000049)",Unfall 33031 (2023) Kat:3, Licht: 0,33031,3,2,5,04,11,2,0,0,0,1,0,1,0,0
"POINT (7.248448376000056 51.312329500000033)",Unfall 33123 (2023) Kat:3, Licht: 0,33123,3,7,0,03,16,2,1,0,0,1,0,1,0,0
"POINT (7.199180148000039 51.270009515000027)",Unfall 33124 (2023) Kat:3, Licht: 0,33124,3,6,3,03,18,2,0,0,0,1,0,0,0,0
"POINT (7.179867719000072 51.274324027000034)",Unfall 33126 (2023) Kat:3, Licht: 0,33126,3,6,1,03,15,2,1,0,0,1,0,0,0,1
"POINT (7.185962183000072 51.265684276000059)",Unfall 33268 (2023) Kat:3, Licht: 0,33268,3,6,2,03,18,7,1,0,0,1,0,0,0,0
"POINT (7.070372768000027 51.232324707000032)",Unfall 33270 (2023) Kat:3, Licht: 0,33270,3,1,0,03,16,7,1,0,1,0,0,0,0,0
"POINT (7.212187254000071 51.235675710000066)",Unfall 33475 (2023) Kat:3, Licht: 2,33475,3,6,1,03,22,5,1,2,0,1,0,0,0,0
"POINT (7.183500711000022 51.278769816000079)",Unfall 33707 (2023) Kat:3, Licht: 0,33707,3,6,2,05,08,5,0,0,0,1,0,0,0,0
"POINT (7.202003293000075 51.289064535000080)",Unfall 33721 (2023) Kat:3, Licht: 0,33721,3,6,2,05,15,5,0,0,0,1,0,0,0,0
"POINT (7.128555284000072 51.264830631000052)",Unfall 33919 (2023) Kat:3, Licht: 0,33919,3,6,2,05,07,3,1,0,0,1,0,0,0,0
"POINT (7.198074456000029 51.268941632000065)",Unfall 33974 (2023) Kat:3, Licht: 0,33974,3,1,9,05,19,2,0,0,0,1,0,0,0,0
"POINT (7.065911676000042 51.233891549000077)",Unfall 33975 (2023) Kat:3, Licht: 0,33975,3,7,6,05,11,2,0,0,0,1,1,0,0,0
"POINT (7.203660975000048 51.225842294000074)",Unfall 33987 (2023) Kat:3, Licht: 0,33987,3,3,0,05,16,5,0,0,1,1,0,0,0,0
"POINT (7.197409343000061 51.269923253000059)",Unfall 34074 (2023) Kat:3, Licht: 0,34074,3,6,1,04,14,1,0,0,0,1,0,0,0,0
"POINT (7.209034235000047 51.271106656000029)",Unfall 34141 (2023) Kat:3, Licht: 0,34141,3,2,5,04,13,7,1,0,0,1,0,0,0,0
"POINT (7.271068067000044 51.278662898000050)",Unfall 34222 (2023) Kat:3, Licht: 0,34222,3,3,5,04,08,6,1,0,0,1,0,0,0,0
"POINT (7.160770586000069 51.252852700000062)",Unfall 34224 (2023) Kat:2, Licht: 2,34224,2,1,9,04,03,6,1,2,0,1,0,0,0,0
"POINT (7.182493230000034 51.265164942000069)",Unfall 34319 (2023) Kat:3, Licht: 0,34319,3,6,0,04,17,5,0,0,0,1,0,0,0,0
"POINT (7.227720162000026 51.286752401000058)",Unfall 34320 (2023) Kat:3, Licht: 0,34320,3,6,0,04,15,5,0,0,1,0,0,0,0,0
"POINT (7.231491648000031 51.256375824000031)",Unfall 34322 (2023) Kat:3, Licht: 0,34322,3,3,5,04,17,5,0,0,1,1,0,0,0,0
"POINT (7.149238027000024 51.249784052000052)",Unfall 34323 (2023) Kat:3, Licht: 0,34323,3,6,3,04,12,5,0,0,0,1,0,1,0,0
"POINT (7.180550287000074 51.267645699000070)",Unfall 34411 (2023) Kat:3, Licht: 0,34411,3,1,6,04,18,4,0,0,1,0,1,0,0,0
"POINT (7.148788408000030 51.216263438000055)",Unfall 34496 (2023) Kat:2, Licht: 0,34496,2,7,3,04,15,3,0,0,0,1,0,1,0,0
"POINT (7.052592101000073 51.233741401000032)",Unfall 34497 (2023) Kat:2, Licht: 2,34497,2,7,8,04,22,3,0,2,0,1,0,0,0,0
"POINT (7.225223846000063 51.248684614000069)",Unfall 34508 (2023) Kat:3, Licht: 0,34508,3,1,8,04,05,3,0,0,0,1,0,0,1,0
"POINT (7.147731503000045 51.263670989000047)",Unfall 34675 (2023) Kat:3, Licht: 0,34675,3,7,3,04,17,1,1,0,0,1,0,0,0,1
"POINT (7.167001932000062 51.297646699000040)",Unfall 34759 (2023) Kat:3, Licht: 0,34759,3,5,1,04,15,7,0,0,0,1,0,0,0,0
"POINT (7.068073447000074 51.233300564000047)",Unfall 34760 (2023) Kat:3, Licht: 1,34760,3,3,5,04,05,7,0,1,1,1,0,0,0,0
"POINT (7.094702716000029 51.237349965000078)",Unfall 34868 (2023) Kat:3, Licht: 0,34868,3,6,2,04,12,6,0,0,0,1,0,0,0,0
"POINT (7.070057547000033 51.240086828000074)",Unfall 34869 (2023) Kat:2, Licht: 2,34869,2,2,5,04,21,6,1,2,0,1,0,0,0,0
"POINT (7.225427036000042 51.251779206000037)",Unfall 34879 (2023) Kat:3, Licht: 0,34879,3,6,3,04,09,6,0,0,0,1,0,0,0,0
"POINT (7.178654275000042 51.242682418000072)",Unfall 34880 (2023) Kat:3, Licht: 0,34880,3,6,0,04,16,6,0,0,0,1,0,0,0,1
"POINT (7.133089883000025 51.168894573000046)",Unfall 34951 (2023) Kat:3, Licht: 2,34951,3,6,4,04,22,6,1,2,0,1,0,0,0,0
"POINT (7.234685460000037 51.306294787000070)",Unfall 34985 (2023) Kat:3, Licht: 0,34985,3,7,8,05,12,4,0,0,0,1,0,0,0,0
"POINT (7.201899701000059 51.290999466000073)",Unfall 34988 (2023) Kat:3, Licht: 0,34988,3,7,5,04,14,5,0,0,0,1,0,0,0,0
"POINT (7.143248276000065 51.246674692000056)",Unfall 34989 (2023) Kat:3, Licht: 0,34989,3,3,5,04,07,5,1,0,0,1,1,0,0,0
"POINT (7.148498104000055 51.269967239000039)",Unfall 35110 (2023) Kat:2, Licht: 0,35110,2,6,2,04,14,4,0,0,0,1,0,0,0,1
"POINT (7.200222789000065 51.270326760000046)",Unfall 35171 (2023) Kat:3, Licht: 0,35171,3,3,0,05,05,5,0,0,1,1,0,0,0,0
"POINT (7.207340813000030 51.267661715000031)",Unfall 35248 (2023) Kat:3, Licht: 0,35248,3,4,6,04,07,3,0,0,0,1,1,0,0,0
"POINT (7.088882823000063 51.254011891000061)",Unfall 35266 (2023) Kat:3, Licht: 0,35266,3,6,2,04,07,3,0,0,0,1,0,0,0,0
"POINT (7.202984180000044 51.270865474000061)",Unfall 35377 (2023) Kat:2, Licht: 0,35377,2,7,0,04,17,2,0,0,0,0,0,1,0,0
"POINT (7.128595209000025 51.264845238000078)",Unfall 35390 (2023) Kat:3, Licht: 0,35390,3,6,2,04,07,2,0,0,0,1,0,0,0,0
"POINT (7.169339439000055 51.260500061000073)",Unfall 35608 (2023) Kat:3, Licht: 0,35608,3,6,2,04,12,6,1,0,0,1,0,0,0,0
"POINT (7.233690055000068 51.272960809000040)",Unfall 35610 (2023) Kat:3, Licht: 0,35610,3,4,6,04,10,6,0,0,0,1,1,0,0,0
"POINT (7.094644156000072 51.238919658000043)",Unfall 35620 (2023) Kat:3, Licht: 2,35620,3,1,9,04,21,6,0,2,0,0,0,1,0,0
"POINT (7.212468215000058 51.235694903000081)",Unfall 35704 (2023) Kat:3, Licht: 0,35704,3,2,3,04,18,5,0,0,0,1,0,0,0,0
"POINT (7.147781552000026 51.263255753000067)",Unfall 35705 (2023) Kat:3, Licht: 0,35705,3,5,1,04,14,5,0,0,1,0,0,0,0,1
"POINT (7.191266547000055 51.279646030000038)",Unfall 35800 (2023) Kat:3, Licht: 0,35800,3,5,1,04,11,4,1,0,0,1,0,0,0,1
"POINT (7.208984681000061 51.283297110000035)",Unfall 35801 (2023) Kat:3, Licht: 0,35801,3,3,5,04,15,4,0,0,0,1,0,0,0,1
"POINT (7.156319341000028 51.276661361000038)",Unfall 35802 (2023) Kat:3, Licht: 0,35802,3,6,2,04,19,4,1,0,0,1,0,0,0,0
"POINT (7.104587348000052 51.247452758000065)",Unfall 35803 (2023) Kat:3, Licht: 0,35803,3,3,5,04,15,4,1,0,0,1,0,0,0,1
"POINT (7.229825262000077 51.241459424000027)",Unfall 35822 (2023) Kat:3, Licht: 0,35822,3,6,8,04,13,4,1,0,0,1,0,0,0,0
"POINT (7.248448376000056 51.312329500000033)",Unfall 35916 (2023) Kat:3, Licht: 0,35916,3,6,2,04,14,3,0,0,0,1,0,0,1,0
"POINT (7.108246101000020 51.289158785000041)",Unfall 35917 (2023) Kat:3, Licht: 0,35917,3,7,4,04,15,3,0,0,0,1,0,0,0,0
"POINT (7.216151845000070 51.300993165000079)",Unfall 36026 (2023) Kat:3, Licht: 0,36026,3,4,6,05,07,2,0,0,0,1,1,0,0,0
"POINT (7.251798834000056 51.282166988000029)",Unfall 36027 (2023) Kat:2, Licht: 2,36027,2,7,6,05,22,2,0,2,0,0,1,0,0,1
"POINT (7.152083473000062 51.222581284000057)",Unfall 36028 (2023) Kat:3, Licht: 0,36028,3,6,4,05,07,2,0,0,0,1,0,0,0,1
"POINT (7.080262433000030 51.234764094000070)",Unfall 36213 (2023) Kat:3, Licht: 0,36213,3,6,1,05,18,7,1,0,0,1,0,0,0,0
"POINT (7.281449217000045 51.222376411000027)",Unfall 36329 (2023) Kat:2, Licht: 0,36329,2,3,5,05,14,6,0,0,0,1,0,0,0,0
"POINT (7.160722767000038 51.252900211000053)",Unfall 36330 (2023) Kat:3, Licht: 0,36330,3,1,9,05,17,6,1,0,0,1,0,0,0,0
"POINT (7.252952294000067 51.282488253000054)",Unfall 36445 (2023) Kat:3, Licht: 0,36445,3,5,1,05,14,5,0,0,0,1,0,0,0,0
"POINT (7.261718859000041 51.284646779000070)",Unfall 36446 (2023) Kat:3, Licht: 0,36446,3,6,2,05,08,5,0,0,0,1,0,0,0,0
"POINT (7.143820099000038 51.244493235000050)",Unfall 36447 (2023) Kat:3, Licht: 0,36447,3,7,6,05,12,5,0,0,1,0,1,0,0,0
"POINT (7.152867402000027 51.258673401000067)",Unfall 36553 (2023) Kat:3, Licht: 0,36553,3,3,5,05,14,4,0,0,1,1,0,0,0,0
"POINT (7.146818484000050 51.254153330000065)",Unfall 36554 (2023) Kat:3, Licht: 0,36554,3,7,0,05,17,4,0,0,0,0,0,0,0,1
"POINT (7.229434647000062 51.304765416000066)",Unfall 36563 (2023) Kat:2, Licht: 0,36563,2,6,2,05,19,4,0,0,0,1,0,0,0,0
"POINT (7.156356307000067 51.235510276000070)",Unfall 36573 (2023) Kat:3, Licht: 0,36573,3,6,1,05,15,2,0,0,0,1,0,0,0,0
"POINT (7.233368385000063 51.288695649000033)",Unfall 36754 (2023) Kat:3, Licht: 0,36754,3,1,0,05,14,5,0,0,0,1,0,0,1,0
"POINT (7.229797215000076 51.275829286000032)",Unfall 36764 (2023) Kat:3, Licht: 0,36764,3,3,5,05,14,2,0,0,0,1,0,0,0,0
"POINT (7.203388837000034 51.270963755000082)",Unfall 36765 (2023) Kat:3, Licht: 0,36765,3,6,1,05,15,2,1,0,0,1,0,0,0,0
"POINT (7.150862046000043 51.256082500000048)",Unfall 36766 (2023) Kat:3, Licht: 0,36766,3,6,2,05,15,2,0,0,0,1,0,0,0,1
"POINT (7.196264174000021 51.227939574000061)",Unfall 36843 (2023) Kat:3, Licht: 0,36843,3,3,5,05,15,1,1,0,0,0,0,1,0,1
"POINT (7.105658874000028 51.250766159000079)",Unfall 36853 (2023) Kat:2, Licht: 2,36853,2,1,9,05,21,1,1,2,0,1,0,0,0,0
"POINT (7.149116660000061 51.255761134000068)",Unfall 36955 (2023) Kat:3, Licht: 0,36955,3,6,2,05,16,7,0,0,0,1,0,0,0,0
"POINT (7.226123067000060 51.285546970000041)",Unfall 37083 (2023) Kat:3, Licht: 0,37083,3,6,2,05,13,6,0,0,0,1,0,0,0,0
"POINT (7.295461773000056 51.249156610000057)",Unfall 37344 (2023) Kat:2, Licht: 0,37344,2,2,5,05,15,1,0,0,1,1,0,0,0,0
"POINT (7.149151149000033 51.257401203000029)",Unfall 37345 (2023) Kat:2, Licht: 0,37345,2,2,4,05,13,1,0,0,1,1,0,0,0,0
"POINT (7.179990895000060 51.268086044000029)",Unfall 37450 (2023) Kat:2, Licht: 0,37450,2,1,0,05,13,7,0,0,0,0,0,1,0,0
"POINT (7.153124103000039 51.258890697000027)",Unfall 37581 (2023) Kat:3, Licht: 0,37581,3,3,5,05,15,6,0,0,0,1,0,0,0,0
"POINT (7.245268249000048 51.287407284000039)",Unfall 37692 (2023) Kat:3, Licht: 0,37692,3,6,2,05,16,5,0,0,0,1,0,1,0,0
"POINT (7.141242593000072 51.254545088000043)",Unfall 37693 (2023) Kat:3, Licht: 0,37693,3,6,2,05,18,5,0,0,0,1,0,0,0,0
"POINT (7.154680881000047 51.261215996000033)",Unfall 37873 (2023) Kat:3, Licht: 0,37873,3,1,0,05,17,3,0,0,0,1,0,0,0,1
"POINT (7.094858867000028 51.255938504000028)",Unfall 37966 (2023) Kat:2, Licht: 0,37966,2,4,6,05,14,2,0,0,0,1,1,0,0,1
"POINT (7.151159947000053 51.226038207000045)",Unfall 37967 (2023) Kat:3, Licht: 0,37967,3,7,5,05,16,2,0,0,0,1,0,0,0,0
"POINT (7.190889219000042 51.243105132000039)",Unfall 38066 (2023) Kat:2, Licht: 0,38066,2,1,0,05,13,1,0,0,1,0,0,0,0,0
"POINT (7.247149239000066 51.265578240000082)",Unfall 38074 (2023) Kat:3, Licht: 0,38074,3,6,2,05,14,1,0,0,0,1,0,0,0,0
"POINT (7.206575545000021 51.272611663000077)",Unfall 38254 (2023) Kat:2, Licht: 2,38254,2,7,6,05,22,6,0,2,0,1,1,0,0,0
"POINT (7.212856925000040 51.274431663000030)",Unfall 38255 (2023) Kat:3, Licht: 0,38255,3,6,2,05,11,6,0,0,0,1,0,0,0,0
"POINT (7.255708497000057 51.276051903000052)",Unfall 38374 (2023) Kat:3, Licht: 0,38374,3,7,5,05,15,5,0,0,1,1,0,0,0,0
"POINT (7.213068630000066 51.272537376000059)",Unfall 38513 (2023) Kat:3, Licht: 0,38513,3,3,0,05,08,4,0,0,0,1,0,0,0,0
"POINT (7.164484625000057 51.257329096000035)",Unfall 38514 (2023) Kat:3, Licht: 1,38514,3,6,1,05,20,4,0,1,0,1,0,0,0,1
"POINT (7.190916100000038 51.267039596000075)",Unfall 38516 (2023) Kat:3, Licht: 0,38516,3,7,2,05,16,4,0,0,0,1,0,0,0,0
"POINT (7.295555880000052 51.249113747000081)",Unfall 38517 (2023) Kat:3, Licht: 0,38517,3,2,5,05,07,4,0,0,0,1,0,0,0,0
"POINT (7.124669262000054 51.249445825000066)",Unfall 38518 (2023) Kat:3, Licht: 0,38518,3,6,2,05,15,4,0,0,0,1,0,0,0,0
"POINT (7.157361103000028 51.264851607000026)",Unfall 38519 (2023) Kat:3, Licht: 0,38519,3,7,0,05,11,4,0,0,1,0,0,0,0,0
"POINT (7.100194244000022 51.237162516000069)",Unfall 38520 (2023) Kat:2, Licht: 0,38520,2,7,4,05,10,4,0,0,0,1,0,0,0,1
"POINT (7.229096352000056 51.287772564000079)",Unfall 38670 (2023) Kat:3, Licht: 0,38670,3,6,0,05,12,3,0,0,1,0,0,0,0,0
"POINT (7.237279869000076 51.270421139000064)",Unfall 38671 (2023) Kat:3, Licht: 0,38671,3,6,2,05,19,3,0,0,0,1,0,0,0,0
"POINT (7.051520608000033 51.210272101000044)",Unfall 38673 (2023) Kat:2, Licht: 0,38673,2,7,0,05,13,3,0,0,1,1,0,0,0,0
"POINT (7.184591239000042 51.281602598000063)",Unfall 38684 (2023) Kat:3, Licht: 0,38684,3,6,2,05,15,3,0,0,0,1,0,0,1,0
"POINT (7.200418796000065 51.225299340000049)",Unfall 38777 (2023) Kat:3, Licht: 0,38777,3,2,5,06,09,5,0,0,1,1,0,0,0,0
"POINT (7.149112112000068 51.272500886000046)",Unfall 38778 (2023) Kat:3, Licht: 0,38778,3,6,3,06,14,5,0,0,0,1,0,0,0,1
"POINT (7.181273932000067 51.266725044000054)",Unfall 38899 (2023) Kat:3, Licht: 0,38899,3,1,0,06,11,4,0,0,1,0,0,0,0,0
"POINT (7.167887235000023 51.259494972000027)",Unfall 38900 (2023) Kat:3, Licht: 0,38900,3,6,1,06,16,4,0,0,0,1,0,0,0,0
"POINT (7.126293775000022 51.280720916000064)",Unfall 38901 (2023) Kat:3, Licht: 0,38901,3,7,1,06,16,4,0,0,0,1,0,0,0,1
"POINT (7.157496833000039 51.251798102000066)",Unfall 39028 (2023) Kat:3, Licht: 0,39028,3,7,0,06,06,3,0,0,0,0,0,0,0,1
"POINT (7.159333544000049 51.255982489000075)",Unfall 39029 (2023) Kat:3, Licht: 2,39029,3,6,2,06,22,3,0,2,0,1,0,0,0,0
"POINT (7.146859105000033 51.215283525000075)",Unfall 39159 (2023) Kat:3, Licht: 0,39159,3,3,5,06,06,2,0,0,0,1,0,0,0,0
"POINT (7.215342219000036 51.302465930000039)",Unfall 39248 (2023) Kat:3, Licht: 0,39248,3,3,5,06,18,1,0,0,0,1,0,0,0,0
"POINT (7.200918646000048 51.237570189000053)",Unfall 39249 (2023) Kat:2, Licht: 0,39249,2,7,0,06,11,1,0,0,1,0,0,0,0,0
"POINT (7.228435980000029 51.274111481000034)",Unfall 39251 (2023) Kat:3, Licht: 0,39251,3,6,3,06,15,1,0,0,1,0,0,0,0,1
"POINT (7.150832327000046 51.256264239000075)",Unfall 39252 (2023) Kat:3, Licht: 0,39252,3,3,0,06,12,1,0,0,1,0,0,0,0,1
"POINT (7.138115757000037 51.266675167000074)",Unfall 39254 (2023) Kat:3, Licht: 0,39254,3,1,8,06,10,1,0,0,0,1,0,0,0,0
"POINT (7.182678337000027 51.279772475000073)",Unfall 39339 (2023) Kat:3, Licht: 0,39339,3,1,0,06,14,7,0,0,0,0,0,1,0,0
"POINT (7.228048114000046 51.273398568000061)",Unfall 39340 (2023) Kat:3, Licht: 0,39340,3,1,9,06,19,7,0,0,0,1,0,0,0,0
"POINT (7.236149286000057 51.255771737000032)",Unfall 39341 (2023) Kat:3, Licht: 0,39341,3,1,0,06,20,7,0,0,1,0,0,0,0,0
"POINT (7.111973070000033 51.257787867000047)",Unfall 39350 (2023) Kat:3, Licht: 0,39350,3,1,9,06,16,7,0,0,0,1,0,0,0,0
"POINT (7.182619096000053 51.280812849000029)",Unfall 39464 (2023) Kat:3, Licht: 0,39464,3,6,3,06,12,6,0,0,0,1,0,0,1,0
"POINT (7.237416050000036 51.272352529000045)",Unfall 39566 (2023) Kat:3, Licht: 0,39566,3,1,0,06,18,5,0,0,1,0,0,0,0,0
"POINT (7.221128997000051 51.275261445000069)",Unfall 39567 (2023) Kat:2, Licht: 0,39567,2,4,6,06,21,5,0,0,0,1,1,0,0,0
"POINT (7.147781294000026 51.263257889000045)",Unfall 39673 (2023) Kat:3, Licht: 0,39673,3,2,3,06,14,4,0,0,0,1,0,0,0,1
"POINT (7.213661441000056 51.274516893000055)",Unfall 39674 (2023) Kat:3, Licht: 0,39674,3,6,2,06,18,4,0,0,0,1,0,0,0,0
"POINT (7.224167441000077 51.273272810000037)",Unfall 39718 (2023) Kat:3, Licht: 0,39718,3,4,6,06,14,4,0,0,0,1,1,0,0,0
"POINT (7.079704834000040 51.234792724000044)",Unfall 39802 (2023) Kat:2, Licht: 0,39802,2,5,1,06,13,3,0,0,1,1,0,0,0,0
"POINT (7.137973846000023 51.250448174000041)",Unfall 39803 (2023) Kat:2, Licht: 0,39803,2,7,0,06,16,3,1,0,1,0,0,1,0,1
"POINT (7.234067956000047 51.276718138000035)",Unfall 39940 (2023) Kat:2, Licht: 0,39940,2,5,0,06,19,2,0,0,1,1,0,0,0,0
"POINT (7.045500977000074 51.231634451000048)",Unfall 39941 (2023) Kat:2, Licht: 0,39941,2,1,0,06,18,2,0,0,1,0,0,0,0,0
"POINT (7.189015471000062 51.266600994000044)",Unfall 40073 (2023) Kat:1, Licht: 0,40073,1,4,6,06,11,1,0,0,0,0,1,1,0,0
"POINT (7.213816741000073 51.274353125000061)",Unfall 40074 (2023) Kat:3, Licht: 0,40074,3,2,6,06,10,1,0,0,0,1,1,0,0,0
"POINT (7.113699284000063 51.193677287000071)",Unfall 40202 (2023) Kat:2, Licht: 0,40202,2,1,0,06,16,2,0,0,0,0,0,1,0,0
"POINT (7.182123178000040 51.265607561000081)",Unfall 40203 (2023) Kat:3, Licht: 0,40203,3,6,1,06,12,7,0,0,0,1,0,0,0,0
"POINT (7.120444224000039 51.261008725000067)",Unfall 40204 (2023) Kat:3, Licht: 0,40204,3,7,0,06,16,7,0,0,1,0,0,0,0,0
"POINT (7.147756228000048 51.263465858000075)",Unfall 40206 (2023) Kat:3, Licht: 0,40206,3,7,0,06,18,7,0,0,0,0,1,0,0,1
"POINT (7.146619385000065 51.239139127000044)",Unfall 40481 (2023) Kat:3, Licht: 0,40481,3,1,0,06,19,1,0,0,1,0,0,0,0,0
"POINT (7.222710297000049 51.275342120000062)",Unfall 40512 (2023) Kat:3, Licht: 0,40512,3,6,2,06,18,5,0,0,0,1,0,0,0,0
"POINT (7.152109728000028 51.245535789000030)",Unfall 40513 (2023) Kat:3, Licht: 0,40513,3,2,3,06,19,5,0,0,1,1,0,0,0,0
"POINT (7.097469215000046 51.255631317000052)",Unfall 40514 (2023) Kat:3, Licht: 0,40514,3,3,5,06,15,5,0,0,0,1,0,1,0,0
"POINT (7.253172013000039 51.282545169000059)",Unfall 40552 (2023) Kat:3, Licht: 1,40552,3,4,6,06,21,2,0,1,1,0,1,0,0,0
"POINT (7.183714148000035 51.265192276000050)",Unfall 40585 (2023) Kat:3, Licht: 0,40585,3,7,0,06,08,5,0,0,1,1,0,0,0,0
"POINT (7.149299801000041 51.257337255000039)",Unfall 40587 (2023) Kat:3, Licht: 0,40587,3,6,0,06,11,5,0,0,0,0,0,1,0,0
"POINT (7.227247743000021 51.286254119000034)",Unfall 40689 (2023) Kat:3, Licht: 0,40689,3,3,5,05,14,4,0,0,1,1,0,0,0,0
"POINT (7.167745321000041 51.293491081000070)",Unfall 40690 (2023) Kat:3, Licht: 1,40690,3,1,0,05,21,4,0,1,1,0,0,0,0,0
"POINT (7.172282098000039 51.282236796000063)",Unfall 40693 (2023) Kat:3, Licht: 0,40693,3,6,0,05,20,4,0,0,0,1,0,1,0,0
"POINT (7.142500734000066 51.250075262000053)",Unfall 40694 (2023) Kat:2, Licht: 0,40694,2,1,1,05,11,4,0,0,0,1,0,1,0,0
"POINT (7.150292643000057 51.256673088000070)",Unfall 40696 (2023) Kat:3, Licht: 0,40696,3,6,1,05,14,4,0,0,0,1,0,0,0,0
"POINT (7.134176550000063 51.252798258000041)",Unfall 40807 (2023) Kat:2, Licht: 1,40807,2,7,0,06,20,5,0,1,0,0,0,1,0,0
"POINT (7.202710282000055 51.276530166000043)",Unfall 40858 (2023) Kat:2, Licht: 0,40858,2,2,5,05,15,3,0,0,1,1,0,0,0,0
"POINT (7.147764634000055 51.263396111000077)",Unfall 40859 (2023) Kat:3, Licht: 0,40859,3,5,0,05,12,3,0,0,1,1,0,0,0,0
"POINT (7.146870632000059 51.254922481000051)",Unfall 40860 (2023) Kat:3, Licht: 0,40860,3,6,2,05,16,3,0,0,0,1,0,1,0,0
"POINT (7.208787976000053 51.231455402000051)",Unfall 40956 (2023) Kat:2, Licht: 1,40956,2,5,0,06,21,7,0,1,0,1,0,0,0,1
"POINT (7.218934490000038 51.275140395000051)",Unfall 40957 (2023) Kat:3, Licht: 0,40957,3,6,1,06,11,7,0,0,0,1,0,0,0,0
"POINT (7.214449266000031 51.274455359000058)",Unfall 40958 (2023) Kat:3, Licht: 0,40958,3,4,6,06,14,7,0,0,1,0,1,0,0,0
"POINT (7.236778413000025 51.263667060000046)",Unfall 40959 (2023) Kat:3, Licht: 0,40959,3,2,5,06,13,7,0,0,1,1,0,0,0,0
"POINT (7.227249487000051 51.286256099000070)",Unfall 41031 (2023) Kat:3, Licht: 0,41031,3,3,5,06,14,6,0,0,1,1,0,0,0,0
"POINT (7.080684406000046 51.273011929000063)",Unfall 41044 (2023) Kat:3, Licht: 0,41044,3,7,3,06,13,6,0,0,0,1,0,0,0,0
"POINT (7.195900638000069 51.270929862000060)",Unfall 41279 (2023) Kat:3, Licht: 0,41279,3,6,2,06,14,4,0,0,0,1,0,0,0,0
"POINT (7.253811546000065 51.297943954000061)",Unfall 41280 (2023) Kat:3, Licht: 0,41280,3,7,0,06,12,4,0,0,0,0,0,1,0,0
"POINT (7.123005795000040 51.248798880000038)",Unfall 41281 (2023) Kat:3, Licht: 0,41281,3,3,5,06,18,4,0,0,1,1,0,0,0,0
"POINT (7.144962942000063 51.253231335000066)",Unfall 41417 (2023) Kat:3, Licht: 0,41417,3,6,2,06,11,3,0,0,0,1,0,0,0,0
"POINT (7.093297477000021 51.237359500000082)",Unfall 41433 (2023) Kat:2, Licht: 0,41433,2,6,2,06,16,3,0,0,0,1,0,0,0,0
"POINT (7.108213070000033 51.282334110000079)",Unfall 41554 (2023) Kat:3, Licht: 1,41554,3,1,0,06,21,2,0,1,0,0,0,1,0,0
"POINT (7.241607838000050 51.293589742000052)",Unfall 41655 (2023) Kat:2, Licht: 0,41655,2,7,0,06,14,1,0,0,1,0,0,0,0,0
"POINT (7.090426706000073 51.257808411000042)",Unfall 41764 (2023) Kat:3, Licht: 0,41764,3,1,0,06,18,7,0,0,1,0,0,0,0,0
"POINT (7.202807547000020 51.276185144000067)",Unfall 41937 (2023) Kat:3, Licht: 0,41937,3,4,0,06,15,6,0,0,0,0,1,0,0,1
"POINT (7.149318175000076 51.272988736000059)",Unfall 42112 (2023) Kat:3, Licht: 0,42112,3,7,0,07,06,4,1,0,1,1,0,0,0,0
"POINT (7.220343332000027 51.236618618000080)",Unfall 42205 (2023) Kat:3, Licht: 0,42205,3,6,2,07,09,3,0,0,0,0,0,1,1,0
"POINT (7.203919907000056 51.227502077000054)",Unfall 42206 (2023) Kat:2, Licht: 0,42206,2,3,5,07,15,3,0,0,0,1,0,1,0,0
"POINT (7.123603913000068 51.248930683000026)",Unfall 42207 (2023) Kat:3, Licht: 0,42207,3,6,2,07,08,3,0,0,0,1,0,0,0,0
"POINT (7.075804597000058 51.233682739000074)",Unfall 42208 (2023) Kat:2, Licht: 0,42208,2,6,9,07,19,3,0,0,0,1,1,0,0,0
"POINT (7.167162120000057 51.268710536000071)",Unfall 42450 (2023) Kat:3, Licht: 0,42450,3,6,2,07,13,7,0,0,0,1,0,0,0,1
"POINT (7.252014604000067 51.275766632000057)",Unfall 42553 (2023) Kat:3, Licht: 0,42553,3,3,5,07,20,6,0,0,1,1,0,0,0,0
"POINT (7.217811166000047 51.275198957000043)",Unfall 42554 (2023) Kat:3, Licht: 0,42554,3,6,3,07,16,6,0,0,0,1,0,1,0,0
"POINT (7.187697180000043 51.246889594000038)",Unfall 42772 (2023) Kat:3, Licht: 0,42772,3,1,0,07,18,4,0,0,1,0,0,0,0,0
"POINT (7.149629179000044 51.249332012000082)",Unfall 42773 (2023) Kat:3, Licht: 0,42773,3,6,2,07,18,4,0,0,0,1,0,0,0,0
"POINT (7.140228505000039 51.210989846000075)",Unfall 42774 (2023) Kat:3, Licht: 0,42774,3,3,5,07,13,4,0,0,0,1,0,0,0,0
"POINT (7.241382062000071 51.262956869000050)",Unfall 42781 (2023) Kat:3, Licht: 0,42781,3,6,3,07,07,4,0,0,0,1,0,0,0,0
"POINT (7.076184854000076 51.224863836000054)",Unfall 42782 (2023) Kat:3, Licht: 0,42782,3,6,2,07,08,4,0,0,0,1,0,0,0,0
"POINT (7.227243001000033 51.286248735000072)",Unfall 42872 (2023) Kat:3, Licht: 0,42872,3,3,5,07,09,3,0,0,1,1,0,0,0,0
"POINT (7.234721264000029 51.228532428000051)",Unfall 42875 (2023) Kat:3, Licht: 2,42875,3,3,5,07,22,3,0,2,0,1,0,0,0,0
"POINT (7.156190666000043 51.241794873000060)",Unfall 42876 (2023) Kat:3, Licht: 0,42876,3,4,6,07,08,3,0,0,0,1,1,0,0,0
"POINT (7.212785097000051 51.274424802000055)",Unfall 42993 (2023) Kat:3, Licht: 0,42993,3,5,0,07,15,3,0,0,1,1,0,0,0,1
"POINT (7.227847450000070 51.286863997000069)",Unfall 43016 (2023) Kat:3, Licht: 0,43016,3,6,4,07,12,1,0,0,1,0,0,0,0,0
"POINT (7.141267732000074 51.251660230000027)",Unfall 43112 (2023) Kat:3, Licht: 0,43112,3,6,2,07,13,7,1,0,0,1,0,0,0,0
"POINT (7.212036408000074 51.270346591000077)",Unfall 43307 (2023) Kat:3, Licht: 0,43307,3,1,8,06,21,5,0,0,1,0,0,0,0,0
"POINT (7.228510802000073 51.275539378000076)",Unfall 43308 (2023) Kat:3, Licht: 0,43308,3,6,1,06,16,5,0,0,0,1,0,0,0,0
"POINT (7.057047405000048 51.215839622000033)",Unfall 43320 (2023) Kat:3, Licht: 0,43320,3,6,2,06,15,5,0,0,0,1,0,0,0,0
"POINT (7.217872254000042 51.275089696000066)",Unfall 43399 (2023) Kat:3, Licht: 2,43399,3,6,1,06,23,4,0,2,0,1,0,0,0,0
"POINT (7.069223778000037 51.229177884000080)",Unfall 43400 (2023) Kat:3, Licht: 0,43400,3,7,0,06,15,4,0,0,0,0,0,1,0,0
"POINT (7.205206214000043 51.279285622000032)",Unfall 43574 (2023) Kat:2, Licht: 1,43574,2,3,5,06,21,5,0,1,1,1,0,0,0,0
"POINT (7.256516671000043 51.276114993000078)",Unfall 43613 (2023) Kat:3, Licht: 0,43613,3,6,3,06,15,2,0,0,0,1,0,1,0,0
"POINT (7.073412517000065 51.232574610000029)",Unfall 43615 (2023) Kat:3, Licht: 0,43615,3,2,6,06,13,2,0,0,0,1,1,0,0,0
"POINT (7.174469543000043 51.258407082000076)",Unfall 43720 (2023) Kat:3, Licht: 2,43720,3,4,6,06,00,1,0,2,0,1,1,0,0,0
"POINT (7.198858298000061 51.223229828000058)",Unfall 43799 (2023) Kat:3, Licht: 1,43799,3,6,2,08,05,5,1,1,0,1,0,0,0,0
"POINT (7.196346660000074 51.229060161000064)",Unfall 43800 (2023) Kat:3, Licht: 0,43800,3,3,5,08,14,5,1,0,0,1,0,0,0,0
"POINT (7.155359023000074 51.257878748000053)",Unfall 43883 (2023) Kat:3, Licht: 0,43883,3,4,6,08,10,4,1,0,0,1,1,0,0,0
"POINT (7.140549451000027 51.261295287000053)",Unfall 43884 (2023) Kat:3, Licht: 2,43884,3,3,5,08,22,4,1,2,0,1,0,0,0,0
"POINT (7.151814867000041 51.224288792000038)",Unfall 43973 (2023) Kat:3, Licht: 0,43973,3,2,4,08,12,3,1,0,0,1,0,0,0,1
"POINT (7.097192619000054 51.255716158000041)",Unfall 44033 (2023) Kat:2, Licht: 0,44033,2,3,5,07,15,2,1,0,0,1,0,0,1,1
"POINT (7.144917465000049 51.253274934000046)",Unfall 44106 (2023) Kat:3, Licht: 0,44106,3,3,5,07,11,1,0,0,0,1,0,0,0,0
"POINT (7.157380495000041 51.264865905000079)",Unfall 44107 (2023) Kat:2, Licht: 0,44107,2,3,5,07,06,1,1,0,0,1,0,1,0,0
"POINT (7.226473496000040 51.270651892000046)",Unfall 44266 (2023) Kat:3, Licht: 0,44266,3,6,2,07,16,6,1,0,0,1,0,0,0,0
"POINT (7.210298926000064 51.274168598000074)",Unfall 44366 (2023) Kat:3, Licht: 0,44366,3,6,2,07,10,5,1,0,0,1,0,0,0,0
"POINT (7.143381574000045 51.248065536000070)",Unfall 44367 (2023) Kat:3, Licht: 0,44367,3,6,2,07,13,5,1,0,0,1,0,0,0,0
"POINT (7.107448354000041 51.253763597000045)",Unfall 44383 (2023) Kat:3, Licht: 1,44383,3,1,9,07,20,5,1,1,0,1,0,0,0,0
"POINT (7.287924075000035 51.220301303000042)",Unfall 44406 (2023) Kat:3, Licht: 0,44406,3,1,9,08,19,3,0,0,0,1,0,0,0,0
"POINT (7.140474554000036 51.306333457000051)",Unfall 44495 (2023) Kat:3, Licht: 0,44495,3,1,8,07,19,4,0,0,0,0,0,1,0,0
"POINT (7.192676636000044 51.273815747000071)",Unfall 44588 (2023) Kat:3, Licht: 0,44588,3,6,2,07,17,3,0,0,0,1,0,0,0,0
"POINT (7.147603332000074 51.260579107000069)",Unfall 44692 (2023) Kat:3, Licht: 0,44692,3,2,0,07,15,7,0,0,0,1,0,0,0,0
"POINT (7.195097197000052 51.237100191000081)",Unfall 44693 (2023) Kat:2, Licht: 0,44693,2,6,2,07,15,2,1,0,0,1,0,0,0,0
"POINT (7.192566983000063 51.248546208000050)",Unfall 44694 (2023) Kat:2, Licht: 0,44694,2,1,4,07,08,2,1,0,0,1,0,1,0,0
"POINT (7.228039773000035 51.243728044000079)",Unfall 44697 (2023) Kat:3, Licht: 0,44697,3,6,2,07,14,6,0,0,0,1,0,0,0,0
"POINT (7.158053109000036 51.285104288000070)",Unfall 44818 (2023) Kat:2, Licht: 1,44818,2,3,5,07,05,2,1,1,0,1,0,1,0,0
"POINT (7.131600795000054 51.226008956000044)",Unfall 45045 (2023) Kat:3, Licht: 2,45045,3,7,8,07,13,5,0,2,0,1,0,0,0,0
"POINT (7.132498591000058 51.253810414000043)",Unfall 45147 (2023) Kat:3, Licht: 0,45147,3,5,0,07,15,4,0,0,0,1,0,0,0,0
"POINT (7.158497485000055 51.257356834000063)",Unfall 45149 (2023) Kat:3, Licht: 0,45149,3,3,3,07,15,4,0,0,1,1,0,0,0,0
"POINT (7.190344934000052 51.284260452000069)",Unfall 45269 (2023) Kat:3, Licht: 0,45269,3,6,2,07,10,3,0,0,0,1,0,0,0,0
"POINT (7.109741828000040 51.255492332000074)",Unfall 45285 (2023) Kat:3, Licht: 0,45285,3,6,2,07,14,2,1,0,0,1,0,0,0,0
"POINT (7.117039134000038 51.249350909000043)",Unfall 45375 (2023) Kat:2, Licht: 0,45375,2,5,1,07,18,7,0,0,1,0,0,0,0,1
"POINT (7.144809163000048 51.260963343000071)",Unfall 45378 (2023) Kat:3, Licht: 0,45378,3,2,6,07,16,2,0,0,0,1,1,0,0,0
"POINT (7.096829692000028 51.246519894000073)",Unfall 45485 (2023) Kat:3, Licht: 0,45485,3,6,2,07,10,1,0,0,0,1,0,0,0,0
"POINT (7.072124282000061 51.222371949000035)",Unfall 45486 (2023) Kat:2, Licht: 0,45486,2,6,2,07,15,1,0,0,0,1,0,0,0,0
"POINT (7.145933007000053 51.253674876000048)",Unfall 45571 (2023) Kat:3, Licht: 0,45571,3,6,2,07,14,7,0,0,0,1,0,0,0,0
"POINT (7.288330981000058 51.248130523000043)",Unfall 45691 (2023) Kat:3, Licht: 0,45691,3,2,0,07,18,6,0,0,1,1,0,0,0,0
"POINT (7.237737655000046 51.278964012000074)",Unfall 45692 (2023) Kat:3, Licht: 0,45692,3,3,5,07,11,6,0,0,0,1,0,0,0,0
"POINT (7.094504393000022 51.244218440000054)",Unfall 45704 (2023) Kat:3, Licht: 0,45704,3,6,2,07,18,6,0,0,0,1,0,0,0,1
"POINT (7.085711267000022 51.235352547000048)",Unfall 45741 (2023) Kat:3, Licht: 0,45741,3,6,2,08,15,3,1,0,0,1,0,0,0,0
"POINT (7.189298670000028 51.276031627000066)",Unfall 45824 (2023) Kat:3, Licht: 0,45824,3,6,3,07,14,5,0,0,0,1,0,0,0,0
"POINT (7.225765688000024 51.270738548000054)",Unfall 45924 (2023) Kat:3, Licht: 2,45924,3,7,3,07,21,2,1,2,0,1,0,0,0,0
"POINT (7.147812497000075 51.262811580000061)",Unfall 46154 (2023) Kat:3, Licht: 0,46154,3,7,6,08,14,7,1,0,0,1,1,0,0,0
"POINT (7.227639259000057 51.286681642000076)",Unfall 46426 (2023) Kat:3, Licht: 0,46426,3,6,2,08,07,5,0,0,1,1,0,0,0,0
"POINT (7.108102300000041 51.210358429000053)",Unfall 46427 (2023) Kat:3, Licht: 2,46427,3,1,8,08,22,5,0,2,0,1,0,0,0,0
"POINT (7.104016588000036 51.247930625000038)",Unfall 46465 (2023) Kat:2, Licht: 0,46465,2,7,9,08,13,6,0,0,0,1,0,0,0,0
"POINT (7.198649745000068 51.273032259000047)",Unfall 46556 (2023) Kat:3, Licht: 0,46556,3,6,2,08,16,4,0,0,0,1,0,1,0,0
"POINT (7.192569717000026 51.248533279000071)",Unfall 46558 (2023) Kat:3, Licht: 0,46558,3,3,5,08,06,4,0,0,0,1,0,0,0,0
"POINT (7.182665333000045 51.280828918000054)",Unfall 46782 (2023) Kat:2, Licht: 0,46782,2,6,2,08,15,2,0,0,0,0,0,1,0,0
"POINT (7.148235401000022 51.258995880000043)",Unfall 46791 (2023) Kat:3, Licht: 2,46791,3,1,9,08,01,2,0,2,0,1,0,0,0,0
"POINT (7.102943371000038 51.240924818000053)",Unfall 46792 (2023) Kat:3, Licht: 1,46792,3,6,3,08,20,2,0,1,0,1,0,0,0,0
"POINT (7.101763862000041 51.248760033000053)",Unfall 46805 (2023) Kat:3, Licht: 0,46805,3,1,2,08,16,2,0,0,0,1,0,0,0,0
"POINT (7.073051187000033 51.223068505000072)",Unfall 46808 (2023) Kat:3, Licht: 0,46808,3,6,2,08,16,2,0,0,0,1,0,0,0,0
"POINT (7.246902956000042 51.281067531000076)",Unfall 46886 (2023) Kat:2, Licht: 1,46886,2,6,4,08,20,1,1,1,0,1,0,0,0,0
"POINT (7.196335032000036 51.271472241000026)",Unfall 46985 (2023) Kat:3, Licht: 0,46985,3,4,6,08,16,7,1,0,0,1,1,0,0,0
"POINT (7.152983871000060 51.258656524000060)",Unfall 46986 (2023) Kat:3, Licht: 0,46986,3,6,2,08,08,7,0,0,0,1,0,0,0,0
"POINT (7.212493889000029 51.234529252000073)",Unfall 47089 (2023) Kat:3, Licht: 0,47089,3,1,7,08,18,6,1,0,1,0,0,0,0,0
"POINT (7.226062525000032 51.270701692000046)",Unfall 47090 (2023) Kat:3, Licht: 0,47090,3,4,0,08,16,6,1,0,0,1,1,0,0,0
"POINT (7.167561854000041 51.259023201000048)",Unfall 47091 (2023) Kat:3, Licht: 0,47091,3,6,2,08,18,6,0,0,0,1,0,0,0,0
"POINT (7.223792561000039 51.270961764000049)",Unfall 47101 (2023) Kat:2, Licht: 0,47101,2,1,8,08,16,1,1,0,0,1,1,0,0,0
"POINT (7.158982945000048 51.252432471000077)",Unfall 47283 (2023) Kat:2, Licht: 0,47283,2,1,8,08,09,7,0,0,0,0,0,1,0,0
"POINT (7.180531075000033 51.264033058000052)",Unfall 47396 (2023) Kat:3, Licht: 0,47396,3,3,1,08,08,6,0,0,0,1,0,0,0,0
"POINT (7.224330384000041 51.273580352000067)",Unfall 47397 (2023) Kat:3, Licht: 0,47397,3,7,5,08,10,6,1,0,0,1,0,0,0,0
"POINT (7.252892297000074 51.282581679000032)",Unfall 47398 (2023) Kat:3, Licht: 0,47398,3,6,2,08,14,6,1,0,0,1,0,0,0,0
"POINT (7.146561745000042 51.215128933000074)",Unfall 47399 (2023) Kat:3, Licht: 0,47399,3,1,1,08,07,6,0,0,1,0,0,0,0,1
"POINT (7.184585832000039 51.281600619000073)",Unfall 47411 (2023) Kat:3, Licht: 0,47411,3,6,2,08,16,6,1,0,0,1,0,0,0,0
"POINT (7.179986378000024 51.268087962000038)",Unfall 47534 (2023) Kat:3, Licht: 0,47534,3,3,5,08,19,5,1,0,0,1,0,1,0,0
"POINT (7.192730046000065 51.240340207000031)",Unfall 47664 (2023) Kat:3, Licht: 0,47664,3,6,2,08,16,4,0,0,0,1,0,0,0,0
"POINT (7.231219309000039 51.269408714000065)",Unfall 47665 (2023) Kat:3, Licht: 0,47665,3,7,0,08,14,4,0,0,1,0,0,0,0,0
"POINT (7.182649931000071 51.279057707000050)",Unfall 47666 (2023) Kat:3, Licht: 0,47666,3,3,5,08,08,4,0,0,0,1,0,0,0,0
"POINT (7.159650169000031 51.257414938000068)",Unfall 47667 (2023) Kat:3, Licht: 0,47667,3,5,1,08,08,4,0,0,0,1,0,0,0,0
"POINT (7.150833392000038 51.258950041000048)",Unfall 47668 (2023) Kat:2, Licht: 0,47668,2,4,6,08,18,4,0,0,0,1,1,0,0,0
"POINT (7.167925857000057 51.297210775000053)",Unfall 47765 (2023) Kat:2, Licht: 0,47765,2,6,2,08,15,7,0,0,0,1,0,1,0,0
"POINT (7.198541756000054 51.223856982000029)",Unfall 47782 (2023) Kat:3, Licht: 0,47782,3,4,6,08,14,3,0,0,0,1,1,0,0,0
"POINT (7.150786346000075 51.227047038000080)",Unfall 47783 (2023) Kat:3, Licht: 0,47783,3,6,3,08,16,3,0,0,0,1,0,0,0,0
"POINT (7.233072542000059 51.288686668000082)",Unfall 47913 (2023) Kat:3, Licht: 0,47913,3,1,8,08,06,2,0,0,0,0,0,0,0,1
"POINT (7.251620449000029 51.275735948000033)",Unfall 47914 (2023) Kat:3, Licht: 0,47914,3,6,6,08,13,2,0,0,1,0,1,0,0,0
"POINT (7.233112298000037 51.288688586000035)",Unfall 48015 (2023) Kat:3, Licht: 0,48015,3,1,0,08,16,1,0,0,1,0,0,0,0,0
"POINT (7.206955942000036 51.273165915000050)",Unfall 48016 (2023) Kat:3, Licht: 1,48016,3,6,2,08,20,1,0,1,0,1,0,0,0,1
"POINT (7.160988673000077 51.257641537000040)",Unfall 48017 (2023) Kat:3, Licht: 0,48017,3,7,0,08,14,1,0,0,0,1,0,1,0,0
"POINT (7.228847218000055 51.273247559000026)",Unfall 48106 (2023) Kat:3, Licht: 0,48106,3,2,4,08,17,7,1,0,0,1,0,0,0,0
"POINT (7.205777106000028 51.216372932000070)",Unfall 48251 (2023) Kat:3, Licht: 0,48251,3,7,0,08,08,6,0,0,0,0,0,1,0,0
"POINT (7.198431441000025 51.272973991000072)",Unfall 48253 (2023) Kat:3, Licht: 2,48253,3,2,6,08,22,6,0,2,0,1,1,0,0,0
"POINT (7.151956589000065 51.219527532000029)",Unfall 48254 (2023) Kat:3, Licht: 0,48254,3,6,1,08,15,6,0,0,0,1,0,1,0,0
"POINT (7.113876664000031 51.186345336000045)",Unfall 48255 (2023) Kat:3, Licht: 0,48255,3,6,2,08,10,6,0,0,0,1,0,0,0,0
"POINT (7.153229133000025 51.256165564000071)",Unfall 48256 (2023) Kat:3, Licht: 2,48256,3,1,9,08,00,6,0,2,0,1,0,0,0,0
"POINT (7.176576160000025 51.262758113000075)",Unfall 48371 (2023) Kat:3, Licht: 0,48371,3,6,2,08,16,5,0,0,0,1,0,0,0,1
"POINT (7.139005210000050 51.250740686000029)",Unfall 48372 (2023) Kat:3, Licht: 1,48372,3,3,5,08,21,5,0,1,0,1,0,0,0,0
"POINT (7.231234822000033 51.256004407000034)",Unfall 48655 (2023) Kat:3, Licht: 1,48655,3,6,1,08,06,3,1,1,0,0,0,1,1,0
"POINT (7.177922376000026 51.263192136000043)",Unfall 48656 (2023) Kat:3, Licht: 0,48656,3,6,2,08,17,3,0,0,0,1,0,0,0,0
"POINT (7.170181423000031 51.260735271000044)",Unfall 48819 (2023) Kat:3, Licht: 0,48819,3,6,2,09,10,3,0,0,0,1,0,0,0,0
"POINT (7.213167675000022 51.272754501000065)",Unfall 48820 (2023) Kat:3, Licht: 0,48820,3,6,2,09,15,3,0,0,1,1,0,0,0,0
"POINT (7.210295819000066 51.274051721000035)",Unfall 48821 (2023) Kat:3, Licht: 2,48821,3,1,9,09,05,3,0,2,0,1,0,0,0,0
"POINT (7.143304432000036 51.249387355000067)",Unfall 48947 (2023) Kat:3, Licht: 0,48947,3,3,0,09,17,2,0,0,0,1,0,0,0,1
"POINT (7.173532276000060 51.259129792000067)",Unfall 49142 (2023) Kat:2, Licht: 0,49142,2,3,5,09,15,7,0,0,0,1,0,1,0,0
"POINT (7.248862745000054 51.311957988000074)",Unfall 49276 (2023) Kat:3, Licht: 0,49276,3,1,0,09,14,6,0,0,0,0,0,1,0,0
"POINT (7.199012294000056 51.223053116000074)",Unfall 49277 (2023) Kat:3, Licht: 0,49277,3,1,1,09,14,6,0,0,0,1,0,0,0,0
"POINT (7.162557365000055 51.267783516000065)",Unfall 49278 (2023) Kat:2, Licht: 0,49278,2,7,0,09,10,6,0,0,0,1,0,1,0,0
"POINT (7.248884790000034 51.312278302000038)",Unfall 49430 (2023) Kat:3, Licht: 0,49430,3,3,0,09,14,5,0,0,0,1,0,1,0,0
"POINT (7.068612593000069 51.230469949000053)",Unfall 49431 (2023) Kat:2, Licht: 0,49431,2,1,6,09,13,5,0,0,0,1,1,0,0,0
"POINT (7.155389842000034 51.262002112000062)",Unfall 49432 (2023) Kat:3, Licht: 0,49432,3,5,3,09,10,5,0,0,0,1,0,0,0,0
"POINT (7.131408998000040 51.255232025000055)",Unfall 49433 (2023) Kat:3, Licht: 0,49433,3,7,0,09,09,5,0,0,1,1,0,0,0,0
"POINT (7.183034626000051 51.264982984000028)",Unfall 49709 (2023) Kat:3, Licht: 0,49709,3,1,0,09,15,4,0,0,0,0,0,1,0,0
"POINT (7.072635417000072 51.255593620000070)",Unfall 49751 (2023) Kat:2, Licht: 0,49751,2,1,8,09,14,3,0,0,1,0,0,0,0,0
"POINT (7.158406657000057 51.256021815000054)",Unfall 49752 (2023) Kat:3, Licht: 0,49752,3,7,0,09,16,3,0,0,0,0,0,0,0,1
"POINT (7.219495078000023 51.275272346000065)",Unfall 49917 (2023) Kat:3, Licht: 0,49917,3,6,0,09,16,2,0,0,0,0,0,0,0,1
"POINT (7.224215961000027 51.273366789000079)",Unfall 50051 (2023) Kat:1, Licht: 0,50051,1,7,0,09,17,1,0,0,0,1,0,1,0,0
"POINT (7.251049219000038 51.255558602000065)",Unfall 50161 (2023) Kat:2, Licht: 0,50161,2,6,4,09,11,7,0,0,0,1,0,0,0,0
"POINT (7.145868708000023 51.227606350000030)",Unfall 50250 (2023) Kat:3, Licht: 0,50250,3,2,2,09,10,7,0,0,0,1,0,0,0,0
"POINT (7.206793475000040 51.273056498000074)",Unfall 50272 (2023) Kat:3, Licht: 0,50272,3,2,1,09,08,6,0,0,0,1,0,0,0,0
"POINT (7.248818990000075 51.298932460000060)",Unfall 50273 (2023) Kat:3, Licht: 0,50273,3,1,2,09,14,6,1,0,0,1,0,0,0,0
"POINT (7.175837295000065 51.262522766000075)",Unfall 50275 (2023) Kat:3, Licht: 0,50275,3,6,1,09,14,6,1,0,0,1,0,0,0,0
"POINT (7.212144939000041 51.235672819000058)",Unfall 50276 (2023) Kat:3, Licht: 0,50276,3,1,0,09,19,6,1,0,0,0,0,1,0,0
"POINT (7.123974330000067 51.280985683000040)",Unfall 50277 (2023) Kat:3, Licht: 0,50277,3,6,1,09,12,6,1,0,0,1,0,0,0,0
"POINT (7.083012977000067 51.226013372000068)",Unfall 50287 (2023) Kat:3, Licht: 0,50287,3,6,9,09,16,6,1,0,0,1,0,0,0,0
"POINT (7.217878742000039 51.271179083000050)",Unfall 50418 (2023) Kat:3, Licht: 0,50418,3,3,0,08,14,5,1,0,0,1,0,0,0,0
"POINT (7.106262267000034 51.214380496000047)",Unfall 50419 (2023) Kat:2, Licht: 0,50419,2,6,2,08,07,5,0,0,0,1,0,0,0,0
"POINT (7.128942569000060 51.267632102000050)",Unfall 50420 (2023) Kat:3, Licht: 0,50420,3,7,1,08,11,5,0,0,0,0,0,0,1,0
"POINT (7.136495231000026 51.253589838000039)",Unfall 50474 (2023) Kat:3, Licht: 0,50474,3,1,2,09,16,3,0,0,0,1,0,0,0,0
"POINT (7.150334731000044 51.259000832000027)",Unfall 50578 (2023) Kat:3, Licht: 0,50578,3,7,3,08,13,4,1,0,0,1,0,0,0,1
"POINT (7.155018419000044 51.261588727000060)",Unfall 50727 (2023) Kat:2, Licht: 0,50727,2,7,0,08,15,3,0,0,0,1,0,0,0,0
"POINT (7.156252371000051 51.256151031000059)",Unfall 50729 (2023) Kat:3, Licht: 0,50729,3,6,1,08,19,3,0,0,0,1,0,0,0,0
"POINT (7.146936590000053 51.226435589000062)",Unfall 50870 (2023) Kat:3, Licht: 2,50870,3,6,1,08,21,2,0,2,0,1,0,0,0,0
"POINT (7.133953989000076 51.252891487000056)",Unfall 50871 (2023) Kat:3, Licht: 0,50871,3,6,2,08,15,2,0,0,0,1,0,0,0,0
"POINT (7.173575224000047 51.284551147000059)",Unfall 50962 (2023) Kat:3, Licht: 2,50962,3,3,5,09,23,6,0,2,0,1,0,0,0,0
"POINT (7.107432819000053 51.221971226000051)",Unfall 50963 (2023) Kat:3, Licht: 0,50963,3,6,2,09,15,6,0,0,0,1,0,0,0,0
"POINT (7.248389094000061 51.266021748000071)",Unfall 50974 (2023) Kat:3, Licht: 0,50974,3,6,2,09,14,6,0,0,0,1,0,0,0,0
"POINT (7.218527391000066 51.275239168000041)",Unfall 51069 (2023) Kat:3, Licht: 2,51069,3,6,1,09,19,5,1,2,0,1,0,0,0,0
"POINT (7.141267732000074 51.251660230000027)",Unfall 51070 (2023) Kat:3, Licht: 0,51070,3,3,0,09,17,5,1,0,1,1,0,0,0,0
"POINT (7.239091571000074 51.273953190000043)",Unfall 51177 (2023) Kat:3, Licht: 0,51177,3,3,0,09,17,4,0,0,0,0,0,1,0,1
"POINT (7.143236894000040 51.245872789000032)",Unfall 51178 (2023) Kat:3, Licht: 0,51178,3,6,3,09,07,4,0,0,1,1,0,0,0,1
"POINT (7.154148291000070 51.201389613000060)",Unfall 51179 (2023) Kat:2, Licht: 0,51179,2,6,4,09,13,4,0,0,0,1,0,0,0,0
"POINT (7.137408610000023 51.250837302000036)",Unfall 51180 (2023) Kat:3, Licht: 0,51180,3,7,0,09,11,4,0,0,1,0,0,0,0,0
"POINT (7.130771667000033 51.266196615000069)",Unfall 51279 (2023) Kat:3, Licht: 2,51279,3,1,0,09,00,3,1,2,0,0,0,1,0,0
"POINT (7.161813319000032 51.257964781000055)",Unfall 51280 (2023) Kat:3, Licht: 0,51280,3,2,3,09,09,3,0,0,1,1,0,0,0,0
"POINT (7.181199052000068 51.282417170000031)",Unfall 51405 (2023) Kat:2, Licht: 0,51405,2,2,4,09,16,2,0,0,1,1,0,0,0,0
"POINT (7.200354910000044 51.225233882000055)",Unfall 51406 (2023) Kat:3, Licht: 0,51406,3,3,0,09,15,2,0,0,0,1,0,1,0,0
"POINT (7.144203375000075 51.241275508000058)",Unfall 51407 (2023) Kat:2, Licht: 0,51407,2,1,4,09,12,2,0,0,0,1,0,0,0,0
"POINT (7.208289100000059 51.270888770000056)",Unfall 51502 (2023) Kat:2, Licht: 0,51502,2,6,1,09,15,1,0,0,0,1,0,1,0,0
"POINT (7.143862758000068 51.244842819000041)",Unfall 51503 (2023) Kat:1, Licht: 2,51503,1,1,8,09,00,1,0,2,1,1,0,0,0,0
"POINT (7.148340473000076 51.267828445000077)",Unfall 51621 (2023) Kat:3, Licht: 0,51621,3,7,3,09,12,7,0,0,1,1,0,0,0,0
"POINT (7.215462458000047 51.302438325000026)",Unfall 51773 (2023) Kat:3, Licht: 0,51773,3,3,5,09,15,6,0,0,0,1,0,1,0,0
"POINT (7.182609217000049 51.265026209000041)",Unfall 51774 (2023) Kat:3, Licht: 0,51774,3,6,2,09,15,6,0,0,0,1,0,1,0,0
"POINT (7.070372768000027 51.232324707000032)",Unfall 51785 (2023) Kat:3, Licht: 0,51785,3,7,6,09,08,5,0,0,0,1,1,0,0,0
"POINT (7.252258559000040 51.305803998000044)",Unfall 51905 (2023) Kat:3, Licht: 0,51905,3,6,1,09,14,5,0,0,0,1,0,0,0,0
"POINT (7.230794751000076 51.243260078000048)",Unfall 51907 (2023) Kat:2, Licht: 0,51907,2,6,0,09,16,5,0,0,1,0,0,0,0,0
"POINT (7.155746078000050 51.262626586000067)",Unfall 51908 (2023) Kat:3, Licht: 0,51908,3,6,3,09,13,5,0,0,0,1,0,0,0,0
"POINT (7.131920867000076 51.252857918000075)",Unfall 51909 (2023) Kat:2, Licht: 2,51909,2,2,2,09,21,5,0,2,0,1,0,1,0,0
"POINT (7.233950921000030 51.227964356000030)",Unfall 52048 (2023) Kat:3, Licht: 0,52048,3,1,8,09,15,4,1,0,0,1,0,0,0,0
"POINT (7.217847972000072 51.275201406000065)",Unfall 52225 (2023) Kat:3, Licht: 2,52225,3,3,5,10,21,7,0,2,0,1,0,1,0,0
"POINT (7.131594174000043 51.206108995000079)",Unfall 52226 (2023) Kat:3, Licht: 0,52226,3,6,2,10,10,7,0,0,0,1,0,0,0,0
"POINT (7.243897896000021 51.281940553000027)",Unfall 52320 (2023) Kat:3, Licht: 0,52320,3,7,6,10,13,6,0,0,0,1,1,0,0,0
"POINT (7.148563847000048 51.268589609000060)",Unfall 52321 (2023) Kat:3, Licht: 0,52321,3,3,5,10,17,6,0,0,0,1,0,0,0,0
"POINT (7.206768523000051 51.273039092000033)",Unfall 52408 (2023) Kat:3, Licht: 0,52408,3,3,5,10,07,5,0,0,0,1,0,0,0,0
"POINT (7.147606631000031 51.261636807000059)",Unfall 52409 (2023) Kat:2, Licht: 0,52409,2,3,5,10,12,5,0,0,0,1,0,0,0,1
"POINT (7.147613752000041 51.260514140000055)",Unfall 52470 (2023) Kat:2, Licht: 2,52470,2,4,6,10,22,7,0,2,0,1,1,0,0,0
"POINT (7.136539325000058 51.253603056000031)",Unfall 52484 (2023) Kat:3, Licht: 0,52484,3,4,6,10,14,4,0,0,0,1,1,0,0,0
"POINT (7.141943387000026 51.282552175000035)",Unfall 52608 (2023) Kat:3, Licht: 0,52608,3,3,5,10,10,2,0,0,1,1,0,0,0,0
"POINT (7.137052898000036 51.251048675000050)",Unfall 52734 (2023) Kat:3, Licht: 0,52734,3,6,1,10,17,5,0,0,0,1,0,1,0,0
"POINT (7.179934393000053 51.268109713000058)",Unfall 52790 (2023) Kat:3, Licht: 2,52790,3,1,0,09,21,7,0,2,0,0,0,1,0,0
"POINT (7.200054123000029 51.219918800000073)",Unfall 52791 (2023) Kat:2, Licht: 2,52791,2,7,8,09,03,7,0,2,1,0,0,0,0,0
"POINT (7.182879332000027 51.280991881000034)",Unfall 52795 (2023) Kat:3, Licht: 0,52795,3,6,3,09,14,7,0,0,0,1,0,0,1,0
"POINT (7.182697172000076 51.277739875000066)",Unfall 52886 (2023) Kat:3, Licht: 0,52886,3,7,0,09,12,6,0,0,0,1,0,0,0,1
"POINT (7.191179866000027 51.242659018000040)",Unfall 52887 (2023) Kat:2, Licht: 1,52887,2,1,0,09,17,6,0,1,1,0,0,0,0,0
"POINT (7.231400715000063 51.269187615000078)",Unfall 53017 (2023) Kat:2, Licht: 2,53017,2,5,1,09,06,5,0,2,0,1,0,1,0,0
"POINT (7.132728443000076 51.262166115000070)",Unfall 53138 (2023) Kat:3, Licht: 0,53138,3,3,3,09,17,4,0,0,1,1,0,0,0,0
"POINT (7.070167491000063 51.231167622000044)",Unfall 53140 (2023) Kat:3, Licht: 0,53140,3,6,5,09,12,4,0,0,0,0,0,0,0,1
"POINT (7.135121365000032 51.252240171000039)",Unfall 53141 (2023) Kat:3, Licht: 0,53141,3,6,2,09,17,4,0,0,0,1,0,0,0,0
"POINT (7.198118094000051 51.270074667000074)",Unfall 53431 (2023) Kat:3, Licht: 0,53431,3,1,1,09,18,2,0,0,0,1,0,0,0,0
"POINT (7.102953709000076 51.240337101000080)",Unfall 53432 (2023) Kat:3, Licht: 2,53432,3,7,1,09,21,2,0,2,0,1,0,1,0,0
"POINT (7.126138198000035 51.286445240000035)",Unfall 53433 (2023) Kat:3, Licht: 0,53433,3,6,2,09,16,2,0,0,1,1,0,0,0,0
"POINT (7.090929836000043 51.237089463000075)",Unfall 53434 (2023) Kat:3, Licht: 0,53434,3,1,1,09,09,2,0,0,0,1,0,0,0,1
"POINT (7.088235742000052 51.236353797000049)",Unfall 53562 (2023) Kat:3, Licht: 0,53562,3,7,0,09,14,1,0,0,0,0,0,0,0,1
"POINT (7.147945022000044 51.259614153000030)",Unfall 53563 (2023) Kat:3, Licht: 0,53563,3,7,4,09,13,1,0,0,0,1,0,1,0,0
"POINT (7.128451537000046 51.251199943000074)",Unfall 53565 (2023) Kat:3, Licht: 0,53565,3,2,5,09,15,1,0,0,1,0,0,1,0,0
"POINT (7.157773607000024 51.256071331000044)",Unfall 53566 (2023) Kat:2, Licht: 2,53566,2,7,6,09,04,1,0,2,0,1,1,0,0,0
"POINT (7.149260161000029 51.259075610000082)",Unfall 53567 (2023) Kat:3, Licht: 0,53567,3,5,0,09,14,1,0,0,1,1,0,0,0,0
"POINT (7.229271869000058 51.240476855000054)",Unfall 53582 (2023) Kat:3, Licht: 0,53582,3,6,3,09,14,1,0,0,0,1,0,0,0,1
"POINT (7.187284335000072 51.276370367000027)",Unfall 53683 (2023) Kat:2, Licht: 2,53683,2,1,8,09,00,7,1,2,0,1,0,0,0,0
"POINT (7.224587791000033 51.275237687000072)",Unfall 53799 (2023) Kat:2, Licht: 0,53799,2,4,6,10,14,6,1,0,0,1,1,0,0,0
"POINT (7.165015013000072 51.257517455000027)",Unfall 53800 (2023) Kat:3, Licht: 2,53800,3,6,1,10,19,6,1,2,0,1,0,0,0,0
"POINT (7.162939961000063 51.256950271000051)",Unfall 53801 (2023) Kat:3, Licht: 0,53801,3,3,5,10,12,6,1,0,0,1,0,1,0,0
"POINT (7.144981090000044 51.214330222000058)",Unfall 53802 (2023) Kat:3, Licht: 2,53802,3,6,2,10,22,6,1,2,0,1,0,0,0,0
"POINT (7.221153603000062 51.285215850000043)",Unfall 53907 (2023) Kat:3, Licht: 2,53907,3,5,1,10,05,5,0,2,0,1,0,0,0,0
"POINT (7.131727468000065 51.257232579000060)",Unfall 53908 (2023) Kat:3, Licht: 1,53908,3,2,5,10,17,5,0,1,0,1,0,0,0,0
"POINT (7.223963781000066 51.272870945000079)",Unfall 53999 (2023) Kat:3, Licht: 2,53999,3,2,6,10,20,4,1,2,0,1,1,0,0,0
"POINT (7.143040112000051 51.249578445000054)",Unfall 54111 (2023) Kat:3, Licht: 0,54111,3,1,0,10,16,3,1,0,0,0,0,1,0,0
"POINT (7.150939550000032 51.256283467000060)",Unfall 54112 (2023) Kat:3, Licht: 2,54112,3,1,0,10,19,3,1,2,0,0,0,1,0,0
"POINT (7.150803987000074 51.256402169000069)",Unfall 54113 (2023) Kat:3, Licht: 2,54113,3,2,0,10,19,3,1,2,0,1,0,0,0,0
"POINT (7.217592813000067 51.297568930000068)",Unfall 54122 (2023) Kat:3, Licht: 0,54122,3,6,2,10,17,3,0,0,0,1,0,0,0,0
"POINT (7.196109027000034 51.237837922000040)",Unfall 54233 (2023) Kat:3, Licht: 2,54233,3,1,2,10,06,2,1,2,0,1,0,1,0,0
"POINT (7.138182553000036 51.247724362000042)",Unfall 54234 (2023) Kat:3, Licht: 1,54234,3,6,2,10,17,2,0,1,0,1,0,0,0,0
"POINT (7.205954048000024 51.270427570000038)",Unfall 54396 (2023) Kat:2, Licht: 1,54396,2,6,2,10,19,7,0,1,0,1,0,0,0,0
"POINT (7.239850197000067 51.292749690000051)",Unfall 54397 (2023) Kat:3, Licht: 0,54397,3,6,1,10,16,7,0,0,0,1,0,0,0,0
"POINT (7.236719097000048 51.259590885000080)",Unfall 54407 (2023) Kat:3, Licht: 2,54407,3,6,2,10,03,7,1,2,0,1,0,0,1,0
"POINT (7.202764468000055 51.262301894000075)",Unfall 54525 (2023) Kat:3, Licht: 0,54525,3,1,9,10,10,6,1,0,0,0,0,1,0,0
"POINT (7.107199128000047 51.253344378000065)",Unfall 54541 (2023) Kat:2, Licht: 0,54541,2,1,8,10,14,6,0,0,0,1,0,0,0,0
"POINT (7.213691930000039 51.274339982000072)",Unfall 54637 (2023) Kat:3, Licht: 2,54637,3,2,5,10,21,5,1,2,0,1,0,0,0,1
"POINT (7.194437020000066 51.267653326000072)",Unfall 54671 (2023) Kat:3, Licht: 0,54671,3,4,6,10,09,5,1,0,0,1,1,0,0,0
"POINT (7.207901057000072 51.230860936000056)",Unfall 54673 (2023) Kat:3, Licht: 0,54673,3,6,1,10,11,5,0,0,0,1,0,0,1,0
"POINT (7.144041109000057 51.248976124000080)",Unfall 54674 (2023) Kat:3, Licht: 0,54674,3,6,2,10,16,5,1,0,0,1,0,0,0,0
"POINT (7.196346354000070 51.229081022000059)",Unfall 54894 (2023) Kat:3, Licht: 0,54894,3,2,4,10,13,3,0,0,0,1,0,0,0,0
"POINT (7.154669719000026 51.243225603000042)",Unfall 54896 (2023) Kat:3, Licht: 0,54896,3,1,0,10,13,3,0,0,0,1,0,1,0,0
"POINT (7.147248128000058 51.265011440000080)",Unfall 54898 (2023) Kat:3, Licht: 2,54898,3,6,0,10,19,3,0,2,0,1,0,0,0,1
"POINT (7.154384511000046 51.256286460000069)",Unfall 54900 (2023) Kat:3, Licht: 0,54900,3,6,2,10,16,3,0,0,0,1,0,0,0,0
"POINT (7.243210181000052 51.309503624000058)",Unfall 54917 (2023) Kat:3, Licht: 0,54917,3,6,2,10,16,3,0,0,0,1,0,0,0,0
"POINT (7.080879703000051 51.254518102000077)",Unfall 55008 (2023) Kat:3, Licht: 0,55008,3,1,4,10,14,3,1,0,0,1,0,0,1,0
"POINT (7.147561175000021 51.260950391000051)",Unfall 55030 (2023) Kat:3, Licht: 0,55030,3,1,0,10,11,2,0,0,0,0,0,1,0,0
"POINT (7.074378196000055 51.253196570000057)",Unfall 55031 (2023) Kat:3, Licht: 0,55031,3,3,5,10,16,2,0,0,0,1,0,0,0,0
"POINT (7.152171530000032 51.221125708000045)",Unfall 55032 (2023) Kat:3, Licht: 0,55032,3,6,2,10,16,2,0,0,0,1,0,0,0,0
"POINT (7.102987273000053 51.291011371000081)",Unfall 55123 (2023) Kat:2, Licht: 0,55123,2,2,3,10,17,1,0,0,0,1,0,1,0,0
"POINT (7.171708829000067 51.284044732000041)",Unfall 55201 (2023) Kat:3, Licht: 0,55201,3,2,6,10,09,7,0,0,0,1,1,0,0,0
"POINT (7.146870632000059 51.254922481000051)",Unfall 55202 (2023) Kat:3, Licht: 1,55202,3,3,0,10,17,7,0,1,0,1,0,0,0,1
"POINT (7.195230638000055 51.271312402000035)",Unfall 55316 (2023) Kat:3, Licht: 0,55316,3,6,1,10,10,6,1,0,0,1,0,0,0,0
"POINT (7.206799879000073 51.273060965000070)",Unfall 55451 (2023) Kat:3, Licht: 2,55451,3,2,6,10,20,5,1,2,0,1,1,0,0,0
"POINT (7.224504288000048 51.275250459000063)",Unfall 55452 (2023) Kat:2, Licht: 0,55452,2,4,6,10,14,5,0,0,0,1,1,0,0,0
"POINT (7.281365152000035 51.222375961000068)",Unfall 55454 (2023) Kat:3, Licht: 0,55454,3,1,0,10,12,5,1,0,0,0,0,1,0,0
"POINT (7.170063485000071 51.268490718000066)",Unfall 55455 (2023) Kat:3, Licht: 2,55455,3,4,6,10,19,5,1,2,0,1,1,0,0,0
"POINT (7.148419602000047 51.258021743000029)",Unfall 55456 (2023) Kat:3, Licht: 0,55456,3,4,6,10,11,5,1,0,0,0,1,0,0,1
"POINT (7.147107118000065 51.247924359000081)",Unfall 55592 (2023) Kat:3, Licht: 0,55592,3,1,0,10,11,5,1,0,0,0,0,1,0,0
"POINT (7.196849201000020 51.269736795000028)",Unfall 55600 (2023) Kat:3, Licht: 0,55600,3,3,5,10,12,4,0,0,0,1,0,0,0,0
"POINT (7.199921115000052 51.237512973000037)",Unfall 55601 (2023) Kat:3, Licht: 0,55601,3,2,0,10,12,4,0,0,1,1,0,0,0,0
"POINT (7.197494725000070 51.269958565000081)",Unfall 55705 (2023) Kat:3, Licht: 0,55705,3,6,2,10,13,3,0,0,0,1,0,1,0,0
"POINT (7.202383989000054 51.289801017000059)",Unfall 55754 (2023) Kat:3, Licht: 0,55754,3,3,5,10,16,3,0,0,0,1,0,0,0,0
"POINT (7.068121474000066 51.233290024000041)",Unfall 55756 (2023) Kat:3, Licht: 0,55756,3,3,5,10,16,3,0,0,0,1,0,0,0,0
"POINT (7.111158006000039 51.256544920000067)",Unfall 55775 (2023) Kat:3, Licht: 1,55775,3,7,2,10,19,3,0,1,0,1,0,0,0,0
"POINT (7.176329782000039 51.260549443000059)",Unfall 55783 (2023) Kat:2, Licht: 0,55783,2,1,0,10,10,5,1,0,1,0,0,0,0,0
"POINT (7.206835982000030 51.281747299000074)",Unfall 55910 (2023) Kat:3, Licht: 2,55910,3,4,6,11,07,5,0,2,0,1,1,0,0,0
"POINT (7.131727468000065 51.257232579000060)",Unfall 55911 (2023) Kat:3, Licht: 0,55911,3,2,5,11,11,5,1,0,0,1,0,0,0,0
"POINT (7.234132331000069 51.266718891000039)",Unfall 56000 (2023) Kat:3, Licht: 0,56000,3,6,2,11,14,4,0,0,0,1,0,0,0,0
"POINT (7.110987927000053 51.285731603000045)",Unfall 56101 (2023) Kat:2, Licht: 0,56101,2,7,9,11,16,3,1,0,1,0,0,0,0,0
"POINT (7.219666134000022 51.275279321000028)",Unfall 56154 (2023) Kat:3, Licht: 2,56154,3,2,0,11,17,5,0,2,0,1,0,0,0,1
"POINT (7.141242593000072 51.254545088000043)",Unfall 56213 (2023) Kat:3, Licht: 0,56213,3,6,1,11,12,2,0,0,0,1,0,0,0,0
"POINT (7.148516228000062 51.257890537000037)",Unfall 56295 (2023) Kat:3, Licht: 1,56295,3,3,5,11,16,1,1,1,0,1,0,0,0,0
"POINT (7.136714437000023 51.253844378000053)",Unfall 56366 (2023) Kat:3, Licht: 0,56366,3,6,1,11,07,7,0,0,0,1,0,0,0,0
"POINT (7.070230186000060 51.234136183000032)",Unfall 56637 (2023) Kat:3, Licht: 2,56637,3,4,6,11,18,4,1,2,0,1,1,0,0,0
"POINT (7.212484904000064 51.234891931000050)",Unfall 56742 (2023) Kat:3, Licht: 0,56742,3,6,1,10,14,3,0,0,0,1,0,0,0,0
"POINT (7.150694505000047 51.256227222000064)",Unfall 56743 (2023) Kat:3, Licht: 0,56743,3,6,2,10,15,3,0,0,0,1,0,0,0,0
"POINT (7.187339314000042 51.292102007000040)",Unfall 56900 (2023) Kat:3, Licht: 0,56900,3,6,2,10,11,2,0,0,0,1,0,0,1,0
"POINT (7.234761953000032 51.228679053000064)",Unfall 56901 (2023) Kat:3, Licht: 2,56901,3,6,2,10,17,2,1,2,0,1,0,0,0,0
"POINT (7.150313966000056 51.259002947000056)",Unfall 56902 (2023) Kat:3, Licht: 0,56902,3,7,3,10,11,2,0,0,0,1,0,0,0,1
"POINT (7.153182802000060 51.258827893000046)",Unfall 57006 (2023) Kat:3, Licht: 2,57006,3,1,0,10,21,1,0,2,1,0,0,0,0,0
"POINT (7.146868184000027 51.248994386000049)",Unfall 57043 (2023) Kat:3, Licht: 0,57043,3,1,9,11,15,7,1,0,0,1,0,0,0,0
"POINT (7.214344726000036 51.282749768000031)",Unfall 57267 (2023) Kat:3, Licht: 2,57267,3,4,6,11,18,6,1,2,0,1,1,0,0,0
"POINT (7.177855739000051 51.268815288000042)",Unfall 57268 (2023) Kat:3, Licht: 2,57268,3,6,2,11,21,6,1,2,0,1,0,0,0,0
"POINT (7.253150867000045 51.282539691000068)",Unfall 57394 (2023) Kat:3, Licht: 2,57394,3,7,0,11,16,5,1,2,0,0,0,0,0,1
"POINT (7.148183222000057 51.259128891000046)",Unfall 57395 (2023) Kat:3, Licht: 1,57395,3,3,5,11,07,5,1,1,0,1,0,0,0,0
"POINT (7.130807050000044 51.264622541000051)",Unfall 57396 (2023) Kat:3, Licht: 0,57396,3,7,0,11,13,5,1,0,1,0,0,0,0,0
"POINT (7.150635444000045 51.256222602000037)",Unfall 57397 (2023) Kat:3, Licht: 0,57397,3,2,2,11,15,5,1,0,0,1,0,0,0,0
"POINT (7.156926922000025 51.271034728000075)",Unfall 57405 (2023) Kat:3, Licht: 2,57405,3,6,3,11,19,5,1,2,0,1,0,0,1,0
"POINT (7.214035692000039 51.296107057000029)",Unfall 57406 (2023) Kat:3, Licht: 2,57406,3,6,2,11,05,5,1,2,0,1,0,0,0,0
"POINT (7.212619389000054 51.271540447000064)",Unfall 57485 (2023) Kat:3, Licht: 0,57485,3,3,5,11,08,4,0,0,0,1,0,0,0,1
"POINT (7.138182553000036 51.247724362000042)",Unfall 57486 (2023) Kat:2, Licht: 0,57486,2,7,0,11,12,4,0,0,0,1,0,1,0,0
"POINT (7.192556861000071 51.273918392000041)",Unfall 57580 (2023) Kat:3, Licht: 0,57580,3,4,6,11,14,3,1,0,0,1,1,0,0,0
"POINT (7.141943387000026 51.282552175000035)",Unfall 57772 (2023) Kat:3, Licht: 0,57772,3,3,5,11,13,1,1,0,1,1,0,0,0,0
"POINT (7.169083210000053 51.260382811000056)",Unfall 57860 (2023) Kat:3, Licht: 2,57860,3,6,2,11,02,7,0,2,0,1,0,0,0,1
"POINT (7.179375390000075 51.268324231000065)",Unfall 57861 (2023) Kat:3, Licht: 2,57861,3,6,0,11,20,7,1,2,0,0,0,1,0,0
"POINT (7.159092038000040 51.257362258000057)",Unfall 57862 (2023) Kat:3, Licht: 2,57862,3,6,7,11,03,7,1,2,0,0,0,0,0,1
"POINT (7.246616334000066 51.295583934000035)",Unfall 57983 (2023) Kat:3, Licht: 2,57983,3,7,2,11,20,6,0,2,0,1,0,0,0,0
"POINT (7.205844702000036 51.225217676000057)",Unfall 58073 (2023) Kat:3, Licht: 0,58073,3,4,6,11,13,5,0,0,0,1,1,0,0,0
"POINT (7.236042326000074 51.290017699000032)",Unfall 58074 (2023) Kat:3, Licht: 2,58074,3,3,0,11,06,5,1,2,0,1,0,1,0,0
"POINT (7.154148743000064 51.270554627000081)",Unfall 58081 (2023) Kat:2, Licht: 2,58081,2,6,2,11,21,5,0,2,0,1,0,0,0,0
"POINT (7.140927910000073 51.211969096000075)",Unfall 58189 (2023) Kat:3, Licht: 1,58189,3,7,3,11,16,4,1,1,0,1,0,0,0,0
"POINT (7.107361912000044 51.189877152000065)",Unfall 58190 (2023) Kat:3, Licht: 2,58190,3,1,9,11,21,4,1,2,0,1,0,0,0,0
"POINT (7.173485500000027 51.259107032000031)",Unfall 58332 (2023) Kat:3, Licht: 2,58332,3,3,5,11,17,3,1,2,0,1,0,1,0,0
"POINT (7.213059361000035 51.272514918000070)",Unfall 58334 (2023) Kat:3, Licht: 2,58334,3,2,6,11,17,3,1,2,0,1,1,0,0,0
"POINT (7.123215324000057 51.248830342000076)",Unfall 58335 (2023) Kat:3, Licht: 2,58335,3,2,6,11,17,3,1,2,0,1,1,0,0,0
"POINT (7.144666149000045 51.240536318000068)",Unfall 58484 (2023) Kat:3, Licht: 1,58484,3,4,6,11,07,2,1,1,0,1,1,0,0,0
"POINT (7.125834571000041 51.270222561000026)",Unfall 58485 (2023) Kat:3, Licht: 0,58485,3,7,6,11,13,2,0,0,0,0,1,0,0,1
"POINT (7.231535303000044 51.271615267000072)",Unfall 58580 (2023) Kat:3, Licht: 2,58580,3,6,2,11,18,1,1,2,0,1,0,0,0,0
"POINT (7.139101523000022 51.254284697000060)",Unfall 58582 (2023) Kat:3, Licht: 0,58582,3,1,0,11,14,1,0,0,0,0,0,0,0,1
"POINT (7.228262879000056 51.287212944000032)",Unfall 58639 (2023) Kat:3, Licht: 0,58639,3,2,5,11,14,7,0,0,0,1,0,0,0,0
"POINT (7.073412517000065 51.232574610000029)",Unfall 58641 (2023) Kat:3, Licht: 2,58641,3,5,1,11,19,7,0,2,0,1,0,0,0,0
"POINT (7.231175504000021 51.239550440000073)",Unfall 58767 (2023) Kat:3, Licht: 0,58767,3,6,2,11,15,6,1,0,0,1,0,0,0,0
"POINT (7.153411356000049 51.259275944000080)",Unfall 58768 (2023) Kat:3, Licht: 0,58768,3,6,2,11,07,6,0,0,0,1,0,0,0,1
"POINT (7.147878007000031 51.266695200000072)",Unfall 58769 (2023) Kat:3, Licht: 0,58769,3,4,6,11,14,6,1,0,0,0,1,1,0,0
"POINT (7.228110541000035 51.273536341000067)",Unfall 58930 (2023) Kat:2, Licht: 2,58930,2,4,6,12,16,3,1,2,0,1,1,0,0,0
"POINT (7.175838388000045 51.262523114000032)",Unfall 58931 (2023) Kat:3, Licht: 1,58931,3,3,5,12,08,3,1,1,0,1,0,0,0,1
"POINT (7.153490444000056 51.259390397000061)",Unfall 58932 (2023) Kat:3, Licht: 1,58932,3,6,3,12,15,3,1,1,1,1,0,0,0,0
"POINT (7.117382638000038 51.249310014000059)",Unfall 58933 (2023) Kat:3, Licht: 2,58933,3,7,6,12,20,3,1,2,0,1,1,0,0,0
"POINT (7.110465122000051 51.286563965000028)",Unfall 58934 (2023) Kat:3, Licht: 0,58934,3,6,2,12,12,3,1,0,0,1,0,0,0,0
"POINT (7.195061250000037 51.237034862000030)",Unfall 59079 (2023) Kat:3, Licht: 2,59079,3,4,6,12,21,1,0,2,0,1,1,0,0,0
"POINT (7.139546872000039 51.254380503000050)",Unfall 59189 (2023) Kat:2, Licht: 2,59189,2,6,2,12,18,6,0,2,0,1,0,0,0,0
"POINT (7.226470700000050 51.248273587000028)",Unfall 59260 (2023) Kat:3, Licht: 0,59260,3,6,0,12,13,5,1,0,0,1,0,0,0,0
"POINT (7.125661419000039 51.249904951000076)",Unfall 59261 (2023) Kat:2, Licht: 2,59261,2,7,0,12,08,5,1,2,0,1,0,1,0,0
"POINT (7.042467536000061 51.207150721000062)",Unfall 59274 (2023) Kat:3, Licht: 1,59274,3,7,1,12,07,5,1,1,0,1,0,0,0,0
"POINT (7.186046191000059 51.243406402000062)",Unfall 59375 (2023) Kat:3, Licht: 0,59375,3,6,2,12,12,4,0,0,0,0,0,1,1,0
"POINT (7.217673366000042 51.283823648000066)",Unfall 59650 (2023) Kat:3, Licht: 0,59650,3,3,0,12,16,1,0,0,0,1,0,0,0,1
"POINT (7.194831402000034 51.271819933000074)",Unfall 59722 (2023) Kat:3, Licht: 0,59722,3,6,2,12,12,7,1,0,0,1,0,0,0,0
"POINT (7.107275285000071 51.247143195000035)",Unfall 59827 (2023) Kat:3, Licht: 1,59827,3,6,2,12,16,6,1,1,0,1,0,0,0,0
"POINT (7.215372751000075 51.274633956000059)",Unfall 59963 (2023) Kat:3, Licht: 0,59963,3,7,6,12,12,5,0,0,0,1,1,0,0,0
"POINT (7.167090020000046 51.268715092000036)",Unfall 60064 (2023) Kat:3, Licht: 2,60064,3,3,5,12,18,4,1,2,0,1,0,0,0,0
"POINT (7.201009326000076 51.225654940000027)",Unfall 60196 (2023) Kat:2, Licht: 2,60196,2,4,6,12,19,3,1,2,0,1,1,0,0,0
"POINT (7.185153186000036 51.265458230000036)",Unfall 60197 (2023) Kat:2, Licht: 1,60197,2,5,3,12,07,3,1,1,0,1,0,1,0,0
"POINT (7.180496991000041 51.298057113000027)",Unfall 60337 (2023) Kat:3, Licht: 0,60337,3,3,5,12,08,2,1,0,0,1,0,0,0,0
"POINT (7.242923613000073 51.274149207000050)",Unfall 60338 (2023) Kat:3, Licht: 0,60338,3,7,6,12,08,2,1,0,0,1,0,0,0,1
"POINT (7.233865705000028 51.239659625000058)",Unfall 60339 (2023) Kat:3, Licht: 2,60339,3,6,2,12,18,2,1,2,0,1,0,0,0,0
"POINT (7.077925993000065 51.253895767000074)",Unfall 60340 (2023) Kat:3, Licht: 2,60340,3,6,4,12,17,2,1,2,0,1,0,0,0,0
"POINT (7.230776540000022 51.233585446000063)",Unfall 60352 (2023) Kat:3, Licht: 0,60352,3,6,2,12,09,2,2,0,0,1,0,0,0,0
"POINT (7.209034235000047 51.271106656000029)",Unfall 60419 (2023) Kat:3, Licht: 2,60419,3,2,5,12,18,1,0,2,0,1,0,1,0,0
"POINT (7.147248128000058 51.265011440000080)",Unfall 60431 (2023) Kat:3, Licht: 0,60431,3,4,6,12,11,3,1,0,0,1,1,0,0,0
"POINT (7.172666249000031 51.261539603000074)",Unfall 60571 (2023) Kat:3, Licht: 0,60571,3,3,5,12,14,3,1,0,0,1,0,0,0,1
"POINT (7.197619546000055 51.272413942000071)",Unfall 60824 (2023) Kat:3, Licht: 2,60824,3,2,6,11,17,4,1,2,0,1,1,0,0,0
"POINT (7.202301844000033 51.226216392000026)",Unfall 60825 (2023) Kat:3, Licht: 2,60825,3,3,5,11,04,4,1,2,0,1,0,0,0,1
"POINT (7.145973145000028 51.252501627000072)",Unfall 60827 (2023) Kat:3, Licht: 0,60827,3,3,5,11,10,4,1,0,0,1,0,0,0,0
"POINT (7.117704953000043 51.234134432000076)",Unfall 60838 (2023) Kat:2, Licht: 2,60838,2,1,0,11,06,4,1,2,0,1,0,0,0,1
"POINT (7.146288980000065 51.261015371000042)",Unfall 60956 (2023) Kat:3, Licht: 2,60956,3,2,6,12,20,2,1,2,0,1,1,0,0,0
"POINT (7.155638168000053 51.257847772000048)",Unfall 61134 (2023) Kat:3, Licht: 0,61134,3,4,6,12,11,5,1,0,0,1,1,0,0,0
"POINT (7.245275552000066 51.287143285000070)",Unfall 61152 (2023) Kat:3, Licht: 1,61152,3,2,6,11,06,2,1,1,0,1,1,0,0,0
"POINT (7.228086507000057 51.273483300000066)",Unfall 61153 (2023) Kat:3, Licht: 2,61153,3,3,5,11,20,2,1,2,1,1,0,0,0,0
"POINT (7.123315272000070 51.277869705000057)",Unfall 61155 (2023) Kat:3, Licht: 2,61155,3,4,7,11,16,2,1,2,0,1,1,0,0,0
"POINT (7.232671175000064 51.239772025000036)",Unfall 61187 (2023) Kat:3, Licht: 0,61187,3,6,2,12,10,5,0,0,0,1,0,0,0,0
"POINT (7.197786399000051 51.268836685000053)",Unfall 61238 (2023) Kat:3, Licht: 2,61238,3,2,5,12,22,6,1,2,0,1,0,0,0,0
"POINT (7.201504882000052 51.262065561000043)",Unfall 61332 (2023) Kat:3, Licht: 2,61332,3,1,8,11,04,1,1,2,0,1,0,0,0,0
"POINT (7.209424779000074 51.274057793000054)",Unfall 61638 (2023) Kat:3, Licht: 0,61638,3,1,9,12,11,7,0,0,0,1,0,0,0,0
"POINT (7.215391483000076 51.296414285000026)",Unfall 61641 (2023) Kat:2, Licht: 2,61641,2,1,8,12,04,7,0,2,0,1,0,0,0,0
"POINT (7.198978759000056 51.281168116000060)",Unfall 61701 (2023) Kat:3, Licht: 0,61701,3,3,1,12,13,6,1,0,0,1,0,0,0,1
"POINT (7.232909241000073 51.276134022000065)",Unfall 61960 (2023) Kat:3, Licht: 2,61960,3,1,1,12,01,1,1,2,0,1,0,0,0,0
"POINT (7.145700101000045 51.214689770000064)",Unfall 62002 (2023) Kat:3, Licht: 2,62002,3,7,0,12,20,2,1,2,0,1,0,0,0,0
"POINT (7.204616942000030 51.271270130000062)",Unfall 62028 (2023) Kat:3, Licht: 2,62028,3,1,3,12,00,7,1,2,0,1,0,0,0,1
"POINT (7.141766956000026 51.260978960000045)",Unfall 62029 (2023) Kat:3, Licht: 0,62029,3,6,5,12,11,7,1,0,0,1,0,0,0,1
"POINT (7.128662123000026 51.265285993000077)",Unfall 62035 (2023) Kat:3, Licht: 2,62035,3,6,2,12,20,7,1,2,0,1,0,0,0,0
"POINT (7.142576074000033 51.249991088000058)",Unfall 62125 (2023) Kat:2, Licht: 2,62125,2,4,6,12,19,6,1,2,0,1,1,0,0,0
"POINT (7.147083389000045 51.255126659000041)",Unfall 62390 (2023) Kat:3, Licht: 1,62390,3,6,2,12,06,4,1,1,0,1,0,0,0,1
"POINT (7.234661682000024 51.306285413000069)",Unfall 62407 (2023) Kat:3, Licht: 2,62407,3,6,2,12,19,4,1,2,0,1,0,0,1,0
"POINT (7.146498598000051 51.255843553000034)",Unfall 170423 (2023) Kat:3, Licht: 0,170423,3,4,6,01,10,3,1,0,0,1,1,0,0,0
"POINT (7.242663910000033 51.282426446000045)",Unfall 170477 (2023) Kat:2, Licht: 2,170477,2,3,5,01,19,2,1,2,0,1,0,0,0,0
"POINT (7.139466977000041 51.256018477000055)",Unfall 170478 (2023) Kat:3, Licht: 0,170478,3,6,6,01,11,2,1,0,0,1,1,0,0,0
"POINT (7.157830540000020 51.265173260000040)",Unfall 170589 (2023) Kat:3, Licht: 0,170589,3,4,6,01,10,6,0,0,0,1,1,0,0,0
"POINT (7.224305624000067 51.277242734000026)",Unfall 170731 (2023) Kat:3, Licht: 1,170731,3,4,6,01,09,4,1,1,0,1,1,0,0,0
"POINT (7.123531639000021 51.271246063000035)",Unfall 170864 (2023) Kat:3, Licht: 2,170864,3,4,6,01,07,2,0,2,0,1,1,0,0,0
"POINT (7.149322904000030 51.236076296000078)",Unfall 170927 (2023) Kat:3, Licht: 0,170927,3,3,5,01,12,7,0,0,0,1,0,0,0,1
"POINT (7.219966920000047 51.274699309000027)",Unfall 171007 (2023) Kat:3, Licht: 2,171007,3,1,0,01,18,5,1,2,0,0,0,1,0,0
"POINT (7.146498596000072 51.255843597000080)",Unfall 171008 (2023) Kat:3, Licht: 1,171008,3,2,6,01,08,5,1,1,0,1,1,0,0,0
"POINT (7.148389717000043 51.256093668000062)",Unfall 171086 (2023) Kat:3, Licht: 0,171086,3,4,6,01,11,3,1,0,1,0,1,0,0,0
"POINT (7.243432471000062 51.278268011000080)",Unfall 171472 (2023) Kat:3, Licht: 0,171472,3,6,2,02,07,6,2,0,0,1,0,0,0,0
"POINT (7.179011206000041 51.265646383000046)",Unfall 171528 (2023) Kat:3, Licht: 0,171528,3,7,3,02,09,5,0,0,1,1,0,0,0,0
"POINT (7.143921318000025 51.247135338000078)",Unfall 171772 (2023) Kat:3, Licht: 0,171772,3,5,1,02,08,6,0,0,0,1,0,0,0,0
"POINT (7.144432929000061 51.260251006000033)",Unfall 171774 (2023) Kat:3, Licht: 0,171774,3,3,5,02,12,6,1,0,1,0,1,0,0,1
"POINT (7.134003611000026 51.260663821000037)",Unfall 171775 (2023) Kat:3, Licht: 0,171775,3,6,1,02,14,6,1,0,0,1,0,0,0,0
"POINT (7.166037640000070 51.239982770000040)",Unfall 171777 (2023) Kat:3, Licht: 0,171777,3,2,3,02,17,6,0,0,1,1,0,0,0,0
"POINT (7.149866012000075 51.245636533000038)",Unfall 171818 (2023) Kat:2, Licht: 2,171818,2,5,1,02,19,6,0,2,1,1,0,0,0,0
"POINT (7.205559993000065 51.273723522000068)",Unfall 171827 (2023) Kat:3, Licht: 2,171827,3,2,6,02,05,5,1,2,0,1,1,0,0,0
"POINT (7.171125721000067 51.262597740000047)",Unfall 171828 (2023) Kat:3, Licht: 0,171828,3,7,8,02,09,5,1,0,1,0,0,0,0,0
"POINT (7.143539299000054 51.260711490000062)",Unfall 171880 (2023) Kat:2, Licht: 2,171880,2,4,6,02,19,4,0,2,0,1,1,0,0,0
"POINT (7.179510715000049 51.276956823000035)",Unfall 171927 (2023) Kat:3, Licht: 2,171927,3,4,6,01,06,3,0,2,0,1,1,0,0,0
"POINT (7.183543727000028 51.263955641000052)",Unfall 171977 (2023) Kat:3, Licht: 0,171977,3,3,5,01,10,2,1,0,0,1,0,0,0,1
"POINT (7.216849607000029 51.274446964000049)",Unfall 172027 (2023) Kat:3, Licht: 0,172027,3,7,6,01,14,7,0,0,0,1,1,0,0,0
"POINT (7.184978597000054 51.272652375000064)",Unfall 172321 (2023) Kat:3, Licht: 2,172321,3,2,6,01,21,7,1,2,0,0,1,0,0,1
"POINT (7.155949483000029 51.246927734000053)",Unfall 172322 (2023) Kat:3, Licht: 2,172322,3,1,9,01,03,7,2,2,0,1,0,0,0,0
"POINT (7.223599186000058 51.268742865000036)",Unfall 172529 (2023) Kat:3, Licht: 0,172529,3,5,1,03,12,5,0,0,0,1,0,0,0,1
"POINT (7.141158036000036 51.277518975000078)",Unfall 172530 (2023) Kat:3, Licht: 0,172530,3,1,8,03,08,5,0,0,0,1,0,0,0,0
"POINT (7.177387702000033 51.283608296000068)",Unfall 172531 (2023) Kat:3, Licht: 0,172531,3,1,5,03,16,5,0,0,0,1,0,0,0,0
"POINT (7.129720285000076 51.246112607000043)",Unfall 172633 (2023) Kat:3, Licht: 1,172633,3,2,5,02,07,3,0,1,1,1,0,0,0,0
"POINT (7.154722825000022 51.257826467000029)",Unfall 172689 (2023) Kat:3, Licht: 0,172689,3,2,5,02,14,2,0,0,1,0,0,0,0,0
"POINT (7.097976160000030 51.237683319000041)",Unfall 172760 (2023) Kat:3, Licht: 0,172760,3,2,1,02,13,7,0,0,0,1,0,0,0,1
"POINT (7.184556789000055 51.261412805000077)",Unfall 172817 (2023) Kat:3, Licht: 0,172817,3,7,0,02,16,6,1,0,0,1,0,0,0,0
"POINT (7.210450762000050 51.270636731000081)",Unfall 172818 (2023) Kat:3, Licht: 0,172818,3,4,6,02,12,6,1,0,0,1,1,0,0,0
"POINT (7.169840998000041 51.259453398000062)",Unfall 172819 (2023) Kat:2, Licht: 2,172819,2,3,5,02,19,6,1,2,0,1,0,0,0,0
"POINT (7.191666616000020 51.268509662000042)",Unfall 172870 (2023) Kat:3, Licht: 0,172870,3,7,6,02,11,6,0,0,0,1,1,0,0,0
"POINT (7.216785599000048 51.281497117000072)",Unfall 172880 (2023) Kat:3, Licht: 2,172880,3,2,6,02,19,5,1,2,0,1,1,0,0,0
"POINT (7.146453277000035 51.256104899000036)",Unfall 172881 (2023) Kat:3, Licht: 0,172881,3,7,6,02,17,5,0,0,0,1,1,0,0,0
"POINT (7.134515652000061 51.205746748000081)",Unfall 172936 (2023) Kat:3, Licht: 0,172936,3,7,0,02,09,4,0,0,0,0,0,1,0,0
"POINT (7.191830887000037 51.263195107000058)",Unfall 173008 (2023) Kat:3, Licht: 0,173008,3,3,5,02,10,2,0,0,0,1,0,0,0,0
"POINT (7.195687996000061 51.265996401000052)",Unfall 173009 (2023) Kat:2, Licht: 2,173009,2,1,9,02,02,2,1,2,0,1,0,0,0,0
"POINT (7.169823799000028 51.259438240000065)",Unfall 173028 (2023) Kat:3, Licht: 0,173028,3,3,5,02,12,1,1,0,0,1,0,0,0,0
"POINT (7.257595282000068 51.282795746000033)",Unfall 173029 (2023) Kat:3, Licht: 0,173029,3,3,5,02,14,1,1,0,1,1,0,0,0,0
"POINT (7.133295467000039 51.204781961000037)",Unfall 173030 (2023) Kat:3, Licht: 1,173030,3,1,0,02,16,1,1,1,0,0,0,1,0,0
"POINT (7.154689709000024 51.270236378000050)",Unfall 173156 (2023) Kat:3, Licht: 2,173156,3,6,1,02,06,5,0,2,0,1,0,0,0,0
"POINT (7.146037728000067 51.262178327000072)",Unfall 173297 (2023) Kat:3, Licht: 0,173297,3,3,5,02,15,3,0,0,1,1,0,0,0,0
"POINT (7.146171164000066 51.256862586000068)",Unfall 173378 (2023) Kat:2, Licht: 2,173378,2,3,6,02,19,2,0,2,1,0,1,0,0,0
"POINT (7.059841723000034 51.221381908000069)",Unfall 173515 (2023) Kat:2, Licht: 0,173515,2,4,6,03,16,7,1,0,0,1,1,0,0,0
"POINT (7.074474664000036 51.232071278000035)",Unfall 173516 (2023) Kat:3, Licht: 0,173516,3,4,6,03,14,7,1,0,0,1,1,0,0,0
"POINT (7.223782715000027 51.266933085000062)",Unfall 173618 (2023) Kat:3, Licht: 1,173618,3,4,6,03,07,5,0,1,0,1,1,0,0,0
"POINT (7.216840062000074 51.274480190000077)",Unfall 173839 (2023) Kat:3, Licht: 0,173839,3,4,6,03,14,7,0,0,0,1,1,0,0,0
"POINT (7.140049522000027 51.261543480000057)",Unfall 173840 (2023) Kat:3, Licht: 1,173840,3,4,6,03,18,7,0,1,0,1,1,0,0,0
"POINT (7.152865161000022 51.266918504000046)",Unfall 173897 (2023) Kat:3, Licht: 0,173897,3,2,6,03,13,6,0,0,0,1,1,0,0,0
"POINT (7.231822930000021 51.287165949000041)",Unfall 173952 (2023) Kat:3, Licht: 0,173952,3,3,0,03,08,5,0,0,0,1,0,0,0,1
"POINT (7.198868405000042 51.272341932000074)",Unfall 173953 (2023) Kat:3, Licht: 0,173953,3,6,2,03,15,5,0,0,0,0,0,1,0,0
"POINT (7.083293624000021 51.223167619000037)",Unfall 173954 (2023) Kat:3, Licht: 2,173954,3,6,0,03,18,5,0,2,0,1,0,1,0,0
"POINT (7.136673677000033 51.253393203000030)",Unfall 173955 (2023) Kat:3, Licht: 0,173955,3,4,6,03,11,5,0,0,0,1,1,0,0,0
"POINT (7.194679863000033 51.290371816000061)",Unfall 174083 (2023) Kat:3, Licht: 0,174083,3,1,8,03,15,2,0,0,0,1,0,0,0,0
"POINT (7.191460276000043 51.269915445000038)",Unfall 174186 (2023) Kat:3, Licht: 0,174186,3,4,6,03,11,6,1,0,0,1,1,0,0,0
"POINT (7.147305321000033 51.270307952000053)",Unfall 174259 (2023) Kat:3, Licht: 0,174259,3,2,5,03,13,5,1,0,0,1,0,0,0,0
"POINT (7.255495026000062 51.305712199000027)",Unfall 174306 (2023) Kat:3, Licht: 0,174306,3,6,4,03,09,4,2,0,0,1,0,0,0,1
"POINT (7.147811720000050 51.276201469000057)",Unfall 174307 (2023) Kat:3, Licht: 0,174307,3,1,8,03,09,4,2,0,0,1,0,0,0,0
"POINT (7.146489727000073 51.259917236000035)",Unfall 174308 (2023) Kat:3, Licht: 2,174308,3,4,6,03,19,4,1,2,0,1,1,0,0,0
"POINT (7.189031773000067 51.269700026000066)",Unfall 174491 (2023) Kat:3, Licht: 0,174491,3,7,0,03,12,7,1,0,0,1,0,0,0,0
"POINT (7.134226547000026 51.258041249000030)",Unfall 174492 (2023) Kat:3, Licht: 0,174492,3,5,8,03,16,7,0,0,1,1,0,0,0,0
"POINT (7.225737000000038 51.279521110000076)",Unfall 174589 (2023) Kat:2, Licht: 0,174589,2,4,6,04,16,3,0,0,0,1,1,0,0,0
"POINT (7.216825463000021 51.281463874000053)",Unfall 174640 (2023) Kat:3, Licht: 0,174640,3,3,0,04,07,2,0,0,0,1,0,0,0,1
"POINT (7.148338645000024 51.274669753000069)",Unfall 174641 (2023) Kat:2, Licht: 0,174641,2,3,5,04,19,2,0,0,0,1,0,1,0,0
"POINT (7.232831905000069 51.285660453000048)",Unfall 174696 (2023) Kat:3, Licht: 0,174696,3,2,5,04,08,7,0,0,0,1,0,0,0,0
"POINT (7.181309373000033 51.264657935000059)",Unfall 174782 (2023) Kat:3, Licht: 0,174782,3,7,1,04,16,5,0,0,0,1,0,0,0,1
"POINT (7.148702771000046 51.250983929000029)",Unfall 174860 (2023) Kat:3, Licht: 0,174860,3,7,6,04,15,3,0,0,0,1,1,0,0,0
"POINT (7.136669780000034 51.258045798000069)",Unfall 174891 (2023) Kat:3, Licht: 0,174891,3,3,5,04,16,2,0,0,1,1,0,0,0,0
"POINT (7.197396164000054 51.273292767000044)",Unfall 174919 (2023) Kat:2, Licht: 2,174919,2,5,1,04,22,1,0,2,1,1,0,0,0,0
"POINT (7.216565260000039 51.281677549000051)",Unfall 174950 (2023) Kat:3, Licht: 0,174950,3,6,2,04,14,7,0,0,0,1,0,0,0,0
"POINT (7.107450703000040 51.256845982000073)",Unfall 174952 (2023) Kat:2, Licht: 0,174952,2,4,6,04,16,7,0,0,0,1,1,0,0,0
"POINT (7.167646423000065 51.257849236000027)",Unfall 175366 (2023) Kat:3, Licht: 0,175366,3,7,0,03,15,5,0,0,0,1,0,0,0,0
"POINT (7.217105567000033 51.281215563000046)",Unfall 175492 (2023) Kat:3, Licht: 2,175492,3,7,6,03,05,3,0,2,0,1,1,0,0,0
"POINT (7.192481917000066 51.268953805000081)",Unfall 175494 (2023) Kat:3, Licht: 0,175494,3,2,6,03,14,3,0,0,0,1,1,0,0,0
"POINT (7.149956222000071 51.214553085000034)",Unfall 175563 (2023) Kat:3, Licht: 0,175563,3,6,2,03,14,2,1,0,0,1,0,0,0,0
"POINT (7.211505436000039 51.287525574000028)",Unfall 175564 (2023) Kat:3, Licht: 0,175564,3,7,0,03,15,2,0,0,0,0,1,0,1,0
"POINT (7.148453921000055 51.233957136000072)",Unfall 175565 (2023) Kat:3, Licht: 0,175565,3,6,2,03,18,2,0,0,0,1,0,0,0,0
"POINT (7.132839611000065 51.250883242000043)",Unfall 175605 (2023) Kat:3, Licht: 0,175605,3,7,0,03,13,1,1,0,1,1,0,0,0,0
"POINT (7.153580886000043 51.268647371000043)",Unfall 175640 (2023) Kat:3, Licht: 0,175640,3,5,1,05,13,6,0,0,0,1,0,0,0,0
"POINT (7.229495109000027 51.282006948000060)",Unfall 175708 (2023) Kat:3, Licht: 0,175708,3,7,6,05,17,5,0,0,0,1,1,0,0,0
"POINT (7.205024150000042 51.269009018000077)",Unfall 175709 (2023) Kat:3, Licht: 0,175709,3,4,6,05,17,5,0,0,1,0,1,0,0,0
"POINT (7.109597582000049 51.228097995000041)",Unfall 175710 (2023) Kat:2, Licht: 0,175710,2,6,0,05,13,5,0,0,1,0,0,0,0,0
"POINT (7.224779560000059 51.267521991000081)",Unfall 175855 (2023) Kat:3, Licht: 0,175855,3,2,6,05,16,3,0,0,0,1,1,0,0,0
"POINT (7.064267291000021 51.219432277000067)",Unfall 175856 (2023) Kat:3, Licht: 0,175856,3,3,5,05,16,3,0,0,0,1,0,1,0,0
"POINT (7.172539277000055 51.303976302000081)",Unfall 176073 (2023) Kat:3, Licht: 0,176073,3,5,6,04,15,6,1,0,0,1,1,0,0,0
"POINT (7.183236635000071 51.263207551000050)",Unfall 176215 (2023) Kat:3, Licht: 0,176215,3,1,5,04,09,4,0,0,0,1,0,0,0,0
"POINT (7.145883114000071 51.276574922000066)",Unfall 176336 (2023) Kat:3, Licht: 0,176336,3,6,2,04,15,2,1,0,1,1,0,0,0,0
"POINT (7.087373522000064 51.233637242000043)",Unfall 176337 (2023) Kat:3, Licht: 0,176337,3,7,6,04,08,2,1,0,0,1,1,0,0,0
"POINT (7.146039456000040 51.262169824000068)",Unfall 176380 (2023) Kat:3, Licht: 0,176380,3,3,5,04,15,1,0,0,1,1,0,0,0,0
"POINT (7.108237719000044 51.279228550000028)",Unfall 176382 (2023) Kat:3, Licht: 0,176382,3,5,1,04,17,1,1,0,0,1,0,0,0,1
"POINT (7.157789869000055 51.293297339000048)",Unfall 176616 (2023) Kat:3, Licht: 0,176616,3,7,8,04,17,5,0,0,1,0,0,0,0,0
"POINT (7.202271678000045 51.273620003000076)",Unfall 176626 (2023) Kat:3, Licht: 0,176626,3,6,2,04,15,4,0,0,0,1,0,0,0,0
"POINT (7.185002979000046 51.266753339000047)",Unfall 176627 (2023) Kat:3, Licht: 0,176627,3,1,0,04,07,4,0,0,1,0,0,0,0,0
"POINT (7.143124922000027 51.258354343000065)",Unfall 176730 (2023) Kat:2, Licht: 2,176730,2,4,6,05,21,6,0,2,0,1,1,0,0,0
"POINT (7.144802548000030 51.229824591000067)",Unfall 176731 (2023) Kat:3, Licht: 0,176731,3,6,2,05,11,6,0,0,0,1,0,0,0,0
"POINT (7.215944851000074 51.275703796000073)",Unfall 176943 (2023) Kat:3, Licht: 0,176943,3,5,6,05,11,3,0,0,0,1,1,0,0,0
"POINT (7.194641730000058 51.229008479000072)",Unfall 177020 (2023) Kat:2, Licht: 0,177020,2,1,0,05,14,2,0,0,1,0,0,0,0,0
"POINT (7.175771388000044 51.258972617000040)",Unfall 177075 (2023) Kat:3, Licht: 0,177075,3,3,5,05,16,1,0,0,0,1,0,0,0,1
"POINT (7.219701119000035 51.267058606000035)",Unfall 177210 (2023) Kat:3, Licht: 0,177210,3,3,0,05,14,6,0,0,1,1,0,0,0,0
"POINT (7.141663209000058 51.256983221000041)",Unfall 177211 (2023) Kat:3, Licht: 1,177211,3,6,2,05,21,6,0,1,0,1,0,0,0,0
"POINT (7.111550788000045 51.259408128000075)",Unfall 177357 (2023) Kat:3, Licht: 0,177357,3,1,0,05,18,7,1,0,1,0,0,0,0,0
"POINT (7.231313911000029 51.286732649000044)",Unfall 177424 (2023) Kat:3, Licht: 0,177424,3,7,0,05,18,5,0,0,1,0,0,0,0,0
"POINT (7.133107450000068 51.266071965000037)",Unfall 177429 (2023) Kat:3, Licht: 2,177429,3,3,5,05,21,3,1,2,0,1,0,0,0,0
"POINT (7.177007631000038 51.259473450000030)",Unfall 177503 (2023) Kat:3, Licht: 0,177503,3,3,5,05,15,2,1,0,0,1,0,0,0,0
"POINT (7.181424835000030 51.261835272000042)",Unfall 177612 (2023) Kat:3, Licht: 0,177612,3,3,0,05,17,7,0,0,0,1,0,0,0,0
"POINT (7.131467486000076 51.199637118000055)",Unfall 177739 (2023) Kat:3, Licht: 0,177739,3,6,2,06,17,7,0,0,0,1,0,0,0,0
"POINT (7.146274586000061 51.264946772000030)",Unfall 177801 (2023) Kat:3, Licht: 0,177801,3,7,1,06,16,6,0,0,1,1,0,0,0,0
"POINT (7.219151653000040 51.270118922000051)",Unfall 177867 (2023) Kat:3, Licht: 0,177867,3,4,6,06,07,5,0,0,0,1,1,0,0,0
"POINT (7.137129674000050 51.259507437000082)",Unfall 177964 (2023) Kat:3, Licht: 0,177964,3,2,5,05,15,4,0,0,0,1,0,0,0,1
"POINT (7.175736712000059 51.264464171000043)",Unfall 178048 (2023) Kat:3, Licht: 0,178048,3,2,4,05,15,3,0,0,1,1,0,0,0,0
"POINT (7.201456530000030 51.273320877000060)",Unfall 178049 (2023) Kat:2, Licht: 0,178049,2,7,0,05,13,3,0,0,0,1,0,0,0,0
"POINT (7.136416130000043 51.253919640000049)",Unfall 178050 (2023) Kat:3, Licht: 0,178050,3,3,0,05,07,3,0,0,0,0,0,1,0,0
"POINT (7.069348712000021 51.231699462000051)",Unfall 178086 (2023) Kat:3, Licht: 1,178086,3,2,5,05,20,3,0,1,1,1,0,0,0,0
"POINT (7.225204514000040 51.283286302000079)",Unfall 178112 (2023) Kat:3, Licht: 0,178112,3,7,4,05,17,2,0,0,1,0,0,0,0,0
"POINT (7.215042869000058 51.280692750000071)",Unfall 178226 (2023) Kat:3, Licht: 0,178226,3,1,0,05,21,7,0,0,0,1,0,1,0,0
"POINT (7.049184923000041 51.215587324000069)",Unfall 178421 (2023) Kat:3, Licht: 0,178421,3,7,0,05,20,5,0,0,0,1,0,0,0,0
"POINT (7.214474710000047 51.275647267000068)",Unfall 178425 (2023) Kat:3, Licht: 0,178425,3,3,5,05,17,7,0,0,1,1,0,0,0,0
"POINT (7.211494008000045 51.275984709000056)",Unfall 178494 (2023) Kat:3, Licht: 0,178494,3,4,6,05,16,4,0,0,0,1,1,0,0,0
"POINT (7.192729680000070 51.243576362000056)",Unfall 178571 (2023) Kat:3, Licht: 0,178571,3,2,5,05,09,3,0,0,1,1,0,0,0,0
"POINT (7.294011373000046 51.248746806000042)",Unfall 178703 (2023) Kat:3, Licht: 0,178703,3,6,4,05,16,1,0,0,1,1,0,0,0,0
"POINT (7.192649305000032 51.275309651000043)",Unfall 178798 (2023) Kat:3, Licht: 0,178798,3,7,6,06,14,5,0,0,0,0,1,0,0,1
"POINT (7.091916770000068 51.239340076000076)",Unfall 179067 (2023) Kat:3, Licht: 0,179067,3,2,1,06,11,2,0,0,0,1,0,0,0,0
"POINT (7.215601472000060 51.277119046000053)",Unfall 179141 (2023) Kat:3, Licht: 2,179141,3,7,6,06,01,1,0,2,0,0,1,0,0,1
"POINT (7.205216266000036 51.273716213000057)",Unfall 179142 (2023) Kat:3, Licht: 0,179142,3,5,1,06,15,1,0,0,1,1,0,0,0,1
"POINT (7.144782618000022 51.249058643000069)",Unfall 179192 (2023) Kat:3, Licht: 1,179192,3,1,1,06,21,7,0,1,0,1,0,1,0,0
"POINT (7.147354414000063 51.270881320000058)",Unfall 179280 (2023) Kat:3, Licht: 0,179280,3,6,0,06,19,6,1,0,0,0,0,1,0,0
"POINT (7.201622203000056 51.227205642000058)",Unfall 179425 (2023) Kat:3, Licht: 0,179425,3,7,6,06,10,4,0,0,0,1,1,0,0,0
"POINT (7.175266267000040 51.264216554000029)",Unfall 179426 (2023) Kat:3, Licht: 0,179426,3,2,5,06,17,4,0,0,1,1,0,0,0,0
"POINT (7.127879425000060 51.266867706000028)",Unfall 179427 (2023) Kat:3, Licht: 0,179427,3,1,0,06,15,4,0,0,1,0,0,0,0,0
"POINT (7.078334854000047 51.219397651000065)",Unfall 179428 (2023) Kat:3, Licht: 0,179428,3,1,8,06,16,4,0,0,1,0,0,0,0,0
"POINT (7.079932249000024 51.239203703000044)",Unfall 179429 (2023) Kat:3, Licht: 0,179429,3,1,0,06,19,4,0,0,1,0,0,0,0,0
"POINT (7.214474710000047 51.275647267000068)",Unfall 179536 (2023) Kat:3, Licht: 0,179536,3,3,5,06,19,3,0,0,1,1,0,0,0,0
"POINT (7.146268678000069 51.258039253000049)",Unfall 179537 (2023) Kat:3, Licht: 0,179537,3,3,5,06,15,3,0,0,1,1,0,0,0,0
"POINT (7.212952064000035 51.273233036000079)",Unfall 179651 (2023) Kat:3, Licht: 0,179651,3,5,3,06,09,2,0,0,1,1,0,0,0,0
"POINT (7.215480989000071 51.280754985000044)",Unfall 179718 (2023) Kat:3, Licht: 1,179718,3,3,5,06,20,1,0,1,0,1,0,1,0,0
"POINT (7.203104769000049 51.273199295000040)",Unfall 179752 (2023) Kat:3, Licht: 0,179752,3,4,6,06,18,6,0,0,0,1,1,0,0,0
"POINT (7.172331288000066 51.258618818000059)",Unfall 179811 (2023) Kat:3, Licht: 0,179811,3,6,5,06,15,5,0,0,0,1,0,1,0,0
"POINT (7.253298330000064 51.275227025000049)",Unfall 179857 (2023) Kat:3, Licht: 0,179857,3,4,3,06,16,4,0,0,0,1,1,0,0,0
"POINT (7.180967148000036 51.262424175000035)",Unfall 179904 (2023) Kat:3, Licht: 0,179904,3,3,5,06,08,3,0,0,0,1,0,0,0,0
"POINT (7.145705513000053 51.259422146000077)",Unfall 179905 (2023) Kat:2, Licht: 0,179905,2,1,0,06,16,3,0,0,1,0,0,0,0,0
"POINT (7.136613823000062 51.261378912000055)",Unfall 179906 (2023) Kat:3, Licht: 0,179906,3,6,1,06,21,3,0,0,1,1,0,0,0,0
"POINT (7.180967148000036 51.262424175000035)",Unfall 179968 (2023) Kat:2, Licht: 0,179968,2,3,9,06,19,2,0,0,0,1,0,0,0,0
"POINT (7.191590450000035 51.220833468000080)",Unfall 179969 (2023) Kat:3, Licht: 0,179969,3,3,5,06,12,2,0,0,1,1,0,0,0,0
"POINT (7.137069659000076 51.252734728000064)",Unfall 179970 (2023) Kat:3, Licht: 0,179970,3,4,6,06,11,2,0,0,0,1,1,0,0,0
"POINT (7.139737853000042 51.208732106000070)",Unfall 180017 (2023) Kat:2, Licht: 0,180017,2,1,9,06,20,1,0,0,0,0,0,1,0,0
"POINT (7.198478630000068 51.271378788000050)",Unfall 180155 (2023) Kat:3, Licht: 0,180155,3,6,2,06,18,6,0,0,0,1,0,0,0,0
"POINT (7.055792524000026 51.212033676000033)",Unfall 180193 (2023) Kat:3, Licht: 0,180193,3,6,2,06,14,6,0,0,0,1,0,0,0,0
"POINT (7.146124731000043 51.258486693000066)",Unfall 180231 (2023) Kat:3, Licht: 0,180231,3,4,6,06,15,5,0,0,1,0,1,0,0,0
"POINT (7.227049758000021 51.279305067000053)",Unfall 180421 (2023) Kat:2, Licht: 0,180421,2,7,0,06,11,3,0,0,0,1,0,0,0,0
"POINT (7.213605260000065 51.272477093000077)",Unfall 180422 (2023) Kat:3, Licht: 0,180422,3,7,6,06,12,3,0,0,0,1,1,0,0,0
"POINT (7.174659402000032 51.273285432000080)",Unfall 180423 (2023) Kat:3, Licht: 0,180423,3,6,2,06,09,3,0,0,0,1,0,0,0,0
"POINT (7.146173754000074 51.261509094000075)",Unfall 180556 (2023) Kat:3, Licht: 0,180556,3,3,5,06,12,5,0,0,1,1,0,0,0,0
"POINT (7.193628189000037 51.267044312000053)",Unfall 180599 (2023) Kat:3, Licht: 0,180599,3,7,6,06,11,1,0,0,0,1,1,0,0,0
"POINT (7.118619342000045 51.249694806000036)",Unfall 180668 (2023) Kat:3, Licht: 0,180668,3,6,0,06,11,7,0,0,1,1,0,0,0,0
"POINT (7.177966288000050 51.242334416000062)",Unfall 180765 (2023) Kat:3, Licht: 0,180765,3,7,5,06,13,6,0,0,1,1,0,0,0,0
"POINT (7.159729207000055 51.282282619000057)",Unfall 180766 (2023) Kat:3, Licht: 0,180766,3,6,6,06,05,6,0,0,1,0,1,0,0,0
"POINT (7.075512648000029 51.230886650000059)",Unfall 180852 (2023) Kat:3, Licht: 0,180852,3,6,2,07,18,2,1,0,0,1,0,0,0,0
"POINT (7.207357445000071 51.299511062000079)",Unfall 180995 (2023) Kat:2, Licht: 0,180995,2,1,0,07,19,6,0,0,0,0,0,1,0,0
"POINT (7.238893733000054 51.276707228000078)",Unfall 181183 (2023) Kat:3, Licht: 0,181183,3,1,0,07,12,3,0,0,1,0,0,0,0,0
"POINT (7.182977716000039 51.270834338000043)",Unfall 181184 (2023) Kat:3, Licht: 0,181184,3,2,2,07,19,3,0,0,1,0,0,0,0,0
"POINT (7.139481079000063 51.231542370000057)",Unfall 181295 (2023) Kat:3, Licht: 0,181295,3,1,0,07,11,1,0,0,1,0,0,0,0,0
"POINT (7.178426281000043 51.265365815000052)",Unfall 181348 (2023) Kat:2, Licht: 0,181348,2,3,5,07,20,7,0,0,1,1,0,0,0,0
"POINT (7.239428407000048 51.284310854000069)",Unfall 181349 (2023) Kat:3, Licht: 0,181349,3,5,1,07,08,7,0,0,0,1,0,0,0,1
"POINT (7.143991482000047 51.226075286000082)",Unfall 181350 (2023) Kat:3, Licht: 0,181350,3,3,5,07,20,7,0,0,1,1,0,0,0,0
"POINT (7.214699239000026 51.264859309000030)",Unfall 181431 (2023) Kat:2, Licht: 0,181431,2,7,0,07,16,6,0,0,1,0,0,0,0,0
"POINT (7.153712510000048 51.245488633000036)",Unfall 181432 (2023) Kat:3, Licht: 0,181432,3,5,1,07,17,6,0,0,0,1,0,0,0,0
"POINT (7.191473916000064 51.277816026000039)",Unfall 181637 (2023) Kat:3, Licht: 0,181637,3,7,8,07,12,3,0,0,0,1,0,0,0,0
"POINT (7.089001197000073 51.235884043000055)",Unfall 181703 (2023) Kat:3, Licht: 2,181703,3,7,0,07,01,2,0,2,0,1,0,0,0,0
"POINT (7.229080820000036 51.275042587000030)",Unfall 181867 (2023) Kat:3, Licht: 0,181867,3,4,6,08,18,2,0,0,0,1,1,0,0,0
"POINT (7.222742736000043 51.274765182000067)",Unfall 181897 (2023) Kat:2, Licht: 0,181897,2,7,0,08,11,1,0,0,0,0,1,0,0,1
"POINT (7.205411278000042 51.272468026000070)",Unfall 182003 (2023) Kat:3, Licht: 0,182003,3,7,6,08,16,6,1,0,1,0,1,0,0,0
"POINT (7.218940052000050 51.268978654000080)",Unfall 182109 (2023) Kat:3, Licht: 1,182109,3,3,5,08,06,4,0,1,1,1,0,0,0,0
"POINT (7.141624810000053 51.259129901000051)",Unfall 182122 (2023) Kat:2, Licht: 1,182122,2,1,8,08,21,2,0,1,1,0,0,0,0,0
"POINT (7.123759097000061 51.250043107000067)",Unfall 182262 (2023) Kat:2, Licht: 0,182262,2,1,0,07,16,1,0,0,1,0,0,0,0,0
"POINT (7.155074883000054 51.253104964000045)",Unfall 182300 (2023) Kat:3, Licht: 0,182300,3,4,6,07,13,7,0,0,0,1,1,0,0,0
"POINT (7.256591515000025 51.283132074000036)",Unfall 182382 (2023) Kat:3, Licht: 0,182382,3,6,3,08,14,1,1,0,0,1,0,0,0,0
"POINT (7.198828061000029 51.272403637000082)",Unfall 182410 (2023) Kat:3, Licht: 0,182410,3,3,5,07,16,5,1,0,1,1,0,0,0,0
"POINT (7.148444332000054 51.265119249000065)",Unfall 182411 (2023) Kat:3, Licht: 2,182411,3,5,1,07,00,5,0,2,1,1,0,0,0,0
"POINT (7.152446703000066 51.248594163000064)",Unfall 182412 (2023) Kat:3, Licht: 0,182412,3,2,5,07,15,5,1,0,0,1,0,0,0,0
"POINT (7.089471749000040 51.236845978000076)",Unfall 182551 (2023) Kat:3, Licht: 0,182551,3,1,0,07,16,2,1,0,1,0,0,0,0,0
"POINT (7.078598934000070 51.233108691000041)",Unfall 182593 (2023) Kat:3, Licht: 1,182593,3,7,8,07,20,1,1,1,0,1,0,0,0,0
"POINT (7.121875202000069 51.238434654000059)",Unfall 182635 (2023) Kat:3, Licht: 0,182635,3,1,0,07,17,7,0,0,1,0,0,0,0,0
"POINT (7.089562311000066 51.260229378000076)",Unfall 182636 (2023) Kat:3, Licht: 0,182636,3,1,9,07,18,7,0,0,0,1,0,0,0,0
"POINT (7.214007080000044 51.224743787000079)",Unfall 182691 (2023) Kat:3, Licht: 0,182691,3,7,0,07,10,6,0,0,0,0,1,0,0,1
"POINT (7.180520371000057 51.266122250000080)",Unfall 182814 (2023) Kat:3, Licht: 0,182814,3,3,5,07,11,4,0,0,0,1,0,0,0,0
"POINT (7.223304806000044 51.275645827000062)",Unfall 182815 (2023) Kat:3, Licht: 0,182815,3,4,6,07,21,4,0,0,0,1,1,0,0,0
"POINT (7.222280559000069 51.265764065000042)",Unfall 182925 (2023) Kat:2, Licht: 0,182925,2,3,1,08,11,1,0,0,1,1,0,0,0,0
"POINT (7.143838665000033 51.265699371000039)",Unfall 182969 (2023) Kat:2, Licht: 2,182969,2,1,0,08,00,7,0,2,1,0,0,0,0,0
"POINT (7.083225609000067 51.246756748000053)",Unfall 183113 (2023) Kat:3, Licht: 0,183113,3,6,1,08,11,5,0,0,0,0,0,1,0,1
"POINT (7.091488781000066 51.242817078000030)",Unfall 183182 (2023) Kat:3, Licht: 0,183182,3,1,3,08,13,4,0,0,1,0,0,0,1,0
"POINT (7.201455063000026 51.274927497000078)",Unfall 183566 (2023) Kat:2, Licht: 0,183566,2,7,0,08,13,6,0,0,0,1,0,0,0,0
"POINT (7.254118270000049 51.281949510000061)",Unfall 183675 (2023) Kat:3, Licht: 0,183675,3,6,2,08,18,5,0,0,0,1,0,1,0,0
"POINT (7.083000307000020 51.232781956000053)",Unfall 183724 (2023) Kat:3, Licht: 0,183724,3,7,0,08,14,1,0,0,1,0,0,0,0,0
"POINT (7.166004929000053 51.260765354000057)",Unfall 183761 (2023) Kat:3, Licht: 0,183761,3,5,0,08,10,4,0,0,1,1,0,0,0,0
"POINT (7.149608088000036 51.258032979000063)",Unfall 183841 (2023) Kat:2, Licht: 0,183841,2,4,6,08,10,3,0,0,0,1,1,0,0,0
"POINT (7.145140705000074 51.257447289000027)",Unfall 183842 (2023) Kat:3, Licht: 0,183842,3,7,6,08,18,3,0,0,1,0,1,0,0,0
"POINT (7.129472176000036 51.227705885000034)",Unfall 183963 (2023) Kat:3, Licht: 0,183963,3,2,5,09,15,7,0,0,1,1,0,0,0,0
"POINT (7.181289405000030 51.262532613000076)",Unfall 184205 (2023) Kat:3, Licht: 0,184205,3,7,0,08,08,4,0,0,1,0,0,0,0,0
"POINT (7.187820120000026 51.229961875000072)",Unfall 184206 (2023) Kat:3, Licht: 0,184206,3,7,6,08,07,4,0,0,0,1,1,0,0,0
"POINT (7.235806975000060 51.284260731000074)",Unfall 184283 (2023) Kat:3, Licht: 1,184283,3,1,0,08,06,3,1,1,0,0,0,1,0,0
"POINT (7.135227624000038 51.255431397000052)",Unfall 184284 (2023) Kat:3, Licht: 0,184284,3,6,4,08,17,3,0,0,1,1,0,0,0,0
"POINT (7.138825634000057 51.260641499000030)",Unfall 184285 (2023) Kat:3, Licht: 1,184285,3,7,0,08,06,3,0,1,0,1,0,0,0,0
"POINT (7.183538918000067 51.276807090000034)",Unfall 184408 (2023) Kat:2, Licht: 0,184408,2,6,0,08,10,1,1,0,1,0,0,0,0,1
"POINT (7.228015674000062 51.282998898000073)",Unfall 184481 (2023) Kat:3, Licht: 0,184481,3,3,5,08,14,7,0,0,1,1,0,0,0,0
"POINT (7.130909951000035 51.253867261000039)",Unfall 184482 (2023) Kat:3, Licht: 2,184482,3,4,6,08,23,7,0,2,0,1,1,0,0,0
"POINT (7.141808092000076 51.250857149000069)",Unfall 184554 (2023) Kat:3, Licht: 0,184554,3,6,3,08,15,6,1,0,0,1,0,0,0,1
"POINT (7.071847838000053 51.237910394000039)",Unfall 184555 (2023) Kat:3, Licht: 0,184555,3,4,6,08,08,6,0,0,0,1,1,0,0,0
"POINT (7.150795411000047 51.257308896000040)",Unfall 184647 (2023) Kat:3, Licht: 0,184647,3,1,0,08,16,5,0,0,0,1,1,0,0,0
"POINT (7.225763934000042 51.279564439000069)",Unfall 184750 (2023) Kat:3, Licht: 1,184750,3,3,0,08,22,4,0,1,0,0,0,1,0,1
"POINT (7.189823875000059 51.267505762000042)",Unfall 184844 (2023) Kat:3, Licht: 0,184844,3,3,5,08,14,3,0,0,1,1,0,0,0,0
"POINT (7.140130319000036 51.253575477000027)",Unfall 184845 (2023) Kat:3, Licht: 0,184845,3,6,8,08,16,3,0,0,0,1,0,0,0,0
"POINT (7.160519455000042 51.275603211000032)",Unfall 184957 (2023) Kat:3, Licht: 0,184957,3,7,1,08,15,2,0,0,1,1,0,0,0,0
"POINT (7.144319536000069 51.258806727000035)",Unfall 184958 (2023) Kat:3, Licht: 0,184958,3,3,5,08,13,2,0,0,0,1,0,0,0,1
"POINT (7.133091980000074 51.261972591000074)",Unfall 184959 (2023) Kat:2, Licht: 0,184959,2,1,0,08,15,2,0,0,1,0,0,0,0,0
"POINT (7.198095338000030 51.272123705000070)",Unfall 185002 (2023) Kat:3, Licht: 0,185002,3,1,0,09,06,5,0,0,0,0,0,1,0,0
"POINT (7.217996319000065 51.223819317000050)",Unfall 185003 (2023) Kat:2, Licht: 0,185003,2,6,2,09,12,5,0,0,0,1,0,0,0,0
"POINT (7.111057216000063 51.252325444000064)",Unfall 185004 (2023) Kat:3, Licht: 0,185004,3,1,8,09,16,5,0,0,0,0,0,1,0,0
"POINT (7.221950916000026 51.275923786000078)",Unfall 185226 (2023) Kat:3, Licht: 0,185226,3,5,0,09,17,2,0,0,0,1,0,0,0,1
"POINT (7.146364003000031 51.259694355000079)",Unfall 185227 (2023) Kat:2, Licht: 0,185227,2,7,0,09,07,2,0,0,0,1,1,0,0,0
"POINT (7.131431083000052 51.251308917000074)",Unfall 185275 (2023) Kat:3, Licht: 0,185275,3,6,3,09,16,1,0,0,1,1,0,0,0,0
"POINT (7.163961105000055 51.286364553000055)",Unfall 185382 (2023) Kat:3, Licht: 0,185382,3,4,0,09,09,7,0,0,0,1,1,0,0,0
"POINT (7.216562367000051 51.281679821000068)",Unfall 185449 (2023) Kat:3, Licht: 0,185449,3,6,2,09,11,6,0,0,0,1,0,0,0,0
"POINT (7.112389624000059 51.259909786000037)",Unfall 185450 (2023) Kat:3, Licht: 0,185450,3,7,0,09,14,6,0,0,0,0,0,0,0,1
"POINT (7.145756617000075 51.263630975000069)",Unfall 185451 (2023) Kat:3, Licht: 0,185451,3,3,5,09,07,6,0,0,1,1,0,0,0,0
"POINT (7.214961554000070 51.284209593000071)",Unfall 185563 (2023) Kat:3, Licht: 0,185563,3,6,2,09,14,5,0,0,0,1,0,0,0,0
"POINT (7.124298915000054 51.269239331000051)",Unfall 185564 (2023) Kat:3, Licht: 0,185564,3,2,6,09,14,5,0,0,0,1,1,0,0,0
"POINT (7.067926648000025 51.229934428000035)",Unfall 185675 (2023) Kat:3, Licht: 0,185675,3,4,0,09,12,4,0,0,0,0,1,0,0,1
"POINT (7.133969172000036 51.254944863000048)",Unfall 185677 (2023) Kat:3, Licht: 2,185677,3,6,5,09,22,4,0,2,1,0,0,0,0,0
"POINT (7.211626649000038 51.280796277000036)",Unfall 185795 (2023) Kat:3, Licht: 0,185795,3,1,0,09,06,3,0,0,1,0,0,0,0,0
"POINT (7.212727288000053 51.268978433000029)",Unfall 185903 (2023) Kat:3, Licht: 0,185903,3,7,6,09,16,2,0,0,0,1,1,0,0,0
"POINT (7.183568396000055 51.263963578000073)",Unfall 185989 (2023) Kat:3, Licht: 0,185989,3,2,5,09,15,5,0,0,0,1,0,0,0,1
"POINT (7.148235605000025 51.260577504000082)",Unfall 186059 (2023) Kat:3, Licht: 0,186059,3,1,9,09,17,4,0,0,0,1,0,0,0,0
"POINT (7.154506946000026 51.267993574000059)",Unfall 186131 (2023) Kat:3, Licht: 2,186131,3,7,0,09,14,3,0,2,1,0,0,0,0,0
"POINT (7.161954182000045 51.241166113000077)",Unfall 186132 (2023) Kat:3, Licht: 0,186132,3,3,4,09,07,3,0,0,0,1,0,0,0,0
"POINT (7.146135943000047 51.258843301000070)",Unfall 186274 (2023) Kat:3, Licht: 0,186274,3,3,5,09,14,1,0,0,1,1,0,0,0,0
"POINT (7.213614993000022 51.272476418000053)",Unfall 186478 (2023) Kat:3, Licht: 0,186478,3,4,6,09,17,5,1,0,0,1,1,0,0,0
"POINT (7.209305845000074 51.272727764000081)",Unfall 186721 (2023) Kat:3, Licht: 0,186721,3,2,6,09,15,2,0,0,0,1,1,0,0,0
"POINT (7.186191705000056 51.289540815000066)",Unfall 186795 (2023) Kat:3, Licht: 2,186795,3,1,0,09,01,1,0,2,0,0,0,0,0,1
"POINT (7.226402608000058 51.284557269000061)",Unfall 187137 (2023) Kat:2, Licht: 0,187137,2,3,5,10,17,6,0,0,1,1,0,0,0,0
"POINT (7.149604096000076 51.273760231000040)",Unfall 187212 (2023) Kat:3, Licht: 2,187212,3,1,0,10,21,5,1,2,0,0,0,1,0,0
"POINT (7.125744725000061 51.247553407000055)",Unfall 187275 (2023) Kat:3, Licht: 0,187275,3,4,6,10,17,4,0,0,0,1,1,0,0,0
"POINT (7.150193324000043 51.226397740000039)",Unfall 187339 (2023) Kat:3, Licht: 0,187339,3,3,5,10,15,3,0,0,0,1,0,0,0,0
"POINT (7.181321841000056 51.272436317000029)",Unfall 187395 (2023) Kat:3, Licht: 0,187395,3,1,6,10,15,2,0,0,0,1,1,0,0,0
"POINT (7.141397717000075 51.254041904000076)",Unfall 187396 (2023) Kat:3, Licht: 0,187396,3,7,8,10,09,2,0,0,1,0,0,0,0,0
"POINT (7.139003954000032 51.246803475000036)",Unfall 187397 (2023) Kat:3, Licht: 0,187397,3,1,0,10,10,2,0,0,1,1,0,0,0,0
"POINT (7.225860012000055 51.269608628000071)",Unfall 187547 (2023) Kat:3, Licht: 2,187547,3,4,6,10,19,6,0,2,0,1,1,0,0,0
"POINT (7.211458947000040 51.280803147000029)",Unfall 187548 (2023) Kat:3, Licht: 0,187548,3,4,6,10,12,6,0,0,0,0,1,0,0,1
"POINT (7.210304914000062 51.225076430000058)",Unfall 187784 (2023) Kat:3, Licht: 0,187784,3,7,0,10,14,2,0,0,1,0,0,0,0,0
"POINT (7.219761285000061 51.266985838000039)",Unfall 187980 (2023) Kat:3, Licht: 0,187980,3,3,5,10,09,3,0,0,0,1,0,0,0,0
"POINT (7.147542037000051 51.271515641000065)",Unfall 188053 (2023) Kat:2, Licht: 0,188053,2,1,0,10,14,3,1,0,1,0,0,0,0,0
"POINT (7.153060351000022 51.211308058000043)",Unfall 188123 (2023) Kat:2, Licht: 0,188123,2,4,6,10,07,2,0,0,0,1,1,0,0,0
"POINT (7.148210262000021 51.260372791000066)",Unfall 188124 (2023) Kat:3, Licht: 2,188124,3,4,6,10,18,2,1,2,0,1,1,0,0,0
"POINT (7.147542037000051 51.271515641000065)",Unfall 188341 (2023) Kat:3, Licht: 0,188341,3,1,0,10,16,5,1,0,1,0,0,0,0,1
"POINT (7.143457850000061 51.255367525000054)",Unfall 188342 (2023) Kat:3, Licht: 0,188342,3,2,6,10,14,5,0,0,0,1,1,0,0,0
"POINT (7.192512029000056 51.276014391000047)",Unfall 188418 (2023) Kat:3, Licht: 2,188418,3,5,1,10,19,4,1,2,0,1,0,0,0,0
"POINT (7.144900531000076 51.260483589000046)",Unfall 188419 (2023) Kat:3, Licht: 0,188419,3,4,6,10,13,4,1,0,0,1,1,0,0,0
"POINT (7.155929895000043 51.243003322000050)",Unfall 188575 (2023) Kat:3, Licht: 0,188575,3,1,0,10,15,7,1,0,0,0,0,1,0,0
"POINT (7.151018312000076 51.266292182000029)",Unfall 188809 (2023) Kat:3, Licht: 0,188809,3,6,1,10,15,5,1,0,0,0,0,1,0,1
"POINT (7.046588114000031 51.210498225000038)",Unfall 188810 (2023) Kat:2, Licht: 0,188810,2,1,0,10,10,5,1,0,1,0,0,0,0,0
"POINT (7.149293657000044 51.257700873000033)",Unfall 188897 (2023) Kat:3, Licht: 2,188897,3,3,5,10,18,4,0,2,0,1,0,1,0,0
"POINT (7.151764377000063 51.251679553000031)",Unfall 188898 (2023) Kat:3, Licht: 2,188898,3,4,6,10,18,4,0,2,0,1,1,0,0,0
"POINT (7.131298186000038 51.267105898000068)",Unfall 188929 (2023) Kat:3, Licht: 0,188929,3,7,6,10,12,2,0,0,0,1,1,0,0,0
"POINT (7.197786716000053 51.256529594000028)",Unfall 189114 (2023) Kat:2, Licht: 2,189114,2,7,0,11,18,6,0,2,0,1,0,0,0,0
"POINT (7.140996183000027 51.263077032000069)",Unfall 189115 (2023) Kat:3, Licht: 0,189115,3,3,5,11,09,6,0,0,0,1,0,0,0,0
"POINT (7.143445556000074 51.257916839000075)",Unfall 189150 (2023) Kat:3, Licht: 0,189150,3,7,6,11,08,5,1,0,0,1,1,0,0,0
"POINT (7.164507034000053 51.259507714000051)",Unfall 189264 (2023) Kat:3, Licht: 0,189264,3,7,0,11,16,3,1,0,1,1,0,0,0,0
"POINT (7.157186625000065 51.249169605000077)",Unfall 189342 (2023) Kat:3, Licht: 2,189342,3,2,6,11,06,2,1,2,0,1,1,0,0,0
"POINT (7.140168451000022 51.264254821000065)",Unfall 189343 (2023) Kat:3, Licht: 1,189343,3,5,0,11,16,2,1,1,1,1,0,0,0,0
"POINT (7.209856301000059 51.264817560000040)",Unfall 189490 (2023) Kat:3, Licht: 2,189490,3,3,5,11,18,6,1,2,1,0,0,0,0,1
"POINT (7.150999880000029 51.260855617000061)",Unfall 189531 (2023) Kat:3, Licht: 2,189531,3,5,0,11,22,2,0,2,0,1,0,0,0,0
"POINT (7.202703151000037 51.297356313000080)",Unfall 189686 (2023) Kat:3, Licht: 0,189686,3,6,2,11,15,4,0,0,0,1,0,0,0,0
"POINT (7.133989766000070 51.261626936000027)",Unfall 189769 (2023) Kat:2, Licht: 2,189769,2,1,0,11,22,2,1,2,1,0,0,0,0,0
"POINT (7.206750213000021 51.269368178000036)",Unfall 190007 (2023) Kat:3, Licht: 0,190007,3,4,6,11,16,5,0,0,0,1,1,0,0,0
"POINT (7.172600550000027 51.260477129000037)",Unfall 190046 (2023) Kat:2, Licht: 2,190046,2,4,6,11,17,4,1,2,0,1,1,0,0,0
"POINT (7.096064046000038 51.234986883000033)",Unfall 190326 (2023) Kat:3, Licht: 0,190326,3,7,6,12,09,7,0,0,0,1,1,0,0,0
"POINT (7.166916640000068 51.257428892000064)",Unfall 190426 (2023) Kat:3, Licht: 1,190426,3,3,5,11,07,5,0,1,1,1,0,0,0,0
"POINT (7.193156063000060 51.279335568000079)",Unfall 190556 (2023) Kat:3, Licht: 0,190556,3,4,6,11,15,3,1,0,0,1,1,0,0,0
"POINT (7.083108277000065 51.222141640000075)",Unfall 190641 (2023) Kat:3, Licht: 2,190641,3,4,6,11,18,2,1,2,0,1,1,0,0,0
"POINT (7.204110551000042 51.227738793000071)",Unfall 190739 (2023) Kat:3, Licht: 2,190739,3,2,6,11,17,7,1,2,0,1,1,0,0,0
"POINT (7.138433745000043 51.251919763000046)",Unfall 190740 (2023) Kat:3, Licht: 1,190740,3,3,5,11,17,7,1,1,0,1,0,0,0,0
"POINT (7.228206632000024 51.283477658000038)",Unfall 190877 (2023) Kat:3, Licht: 0,190877,3,3,5,11,13,5,1,0,0,1,0,0,0,0
"POINT (7.139125743000022 51.251520661000029)",Unfall 191082 (2023) Kat:3, Licht: 0,191082,3,3,5,11,11,2,1,0,0,1,0,0,0,0
"POINT (7.206212374000074 51.225442025000063)",Unfall 191181 (2023) Kat:3, Licht: 2,191181,3,7,0,11,21,7,1,2,0,0,0,0,0,1
"POINT (7.131337390000056 51.202911706000066)",Unfall 191182 (2023) Kat:3, Licht: 0,191182,3,3,5,11,13,7,1,0,1,1,0,0,0,0
"POINT (7.201125860000047 51.268177850000029)",Unfall 191205 (2023) Kat:3, Licht: 0,191205,3,5,0,12,09,6,1,0,0,1,0,1,0,0
"POINT (7.218310067000061 51.270838742000080)",Unfall 191206 (2023) Kat:3, Licht: 2,191206,3,3,5,12,21,6,1,2,0,1,0,0,0,1
"POINT (7.133717527000044 51.257711636000067)",Unfall 191347 (2023) Kat:3, Licht: 2,191347,3,1,0,12,02,7,1,2,0,1,0,0,0,1
"POINT (7.239706595000030 51.281780135000076)",Unfall 191476 (2023) Kat:3, Licht: 0,191476,3,7,3,12,09,4,0,0,0,1,0,1,0,0
"POINT (7.131464656000048 51.199622970000064)",Unfall 191547 (2023) Kat:3, Licht: 2,191547,3,2,5,12,05,3,1,2,0,1,0,1,0,0
"POINT (7.195937573000037 51.265936657000054)",Unfall 191606 (2023) Kat:3, Licht: 2,191606,3,4,6,12,07,2,0,2,0,1,1,0,0,0
"POINT (7.193255485000066 51.242103804000067)",Unfall 191727 (2023) Kat:3, Licht: 1,191727,3,7,0,12,07,6,1,1,0,1,0,1,0,0
"POINT (7.143861041000036 51.259870516000035)",Unfall 191728 (2023) Kat:3, Licht: 0,191728,3,6,8,12,09,6,1,0,1,1,0,0,0,0
"POINT (7.175771388000044 51.258972617000040)",Unfall 192042 (2023) Kat:3, Licht: 2,192042,3,3,0,12,23,7,1,2,0,0,0,0,0,1
"POINT (7.180882323000048 51.285702689000061)",Unfall 263772 (2023) Kat:3, Licht: 0,263772,3,6,4,02,13,1,0,0,1,1,0,0,0,0
"POINT (7.147312316000068 51.217772794000041)",Unfall 263783 (2023) Kat:3, Licht: 0,263783,3,1,0,03,10,1,1,0,1,0,0,0,0,0
"POINT (7.122379825000053 51.231871808000051)",Unfall 263883 (2023) Kat:2, Licht: 0,263883,2,1,0,05,13,2,0,0,1,0,0,0,0,0
"POINT (7.120206172000053 51.226711077000061)",Unfall 263949 (2023) Kat:3, Licht: 0,263949,3,7,0,05,15,3,1,0,1,0,0,0,0,0
"POINT (7.249386865000076 51.283194390000062)",Unfall 263968 (2023) Kat:2, Licht: 0,263968,2,1,0,05,19,5,0,0,1,0,0,0,0,0
"POINT (7.098743163000051 51.253326822000076)",Unfall 263995 (2023) Kat:3, Licht: 0,263995,3,6,6,05,13,2,0,0,1,0,1,0,0,0
"POINT (7.112123618000055 51.260340906000067)",Unfall 264017 (2023) Kat:3, Licht: 0,264017,3,6,3,05,14,7,0,0,1,0,0,0,0,0
"POINT (7.216767970000035 51.277632898000036)",Unfall 264027 (2023) Kat:3, Licht: 0,264027,3,7,6,05,14,1,0,0,1,0,1,0,0,0
"POINT (7.276697456000022 51.256317330000059)",Unfall 264031 (2023) Kat:3, Licht: 0,264031,3,1,0,05,18,2,0,0,1,0,0,0,0,0
"POINT (7.182878327000026 51.270941567000079)",Unfall 264066 (2023) Kat:3, Licht: 0,264066,3,6,2,06,15,7,0,0,1,0,1,0,0,0
"POINT (7.249386865000076 51.283194390000062)",Unfall 264083 (2023) Kat:2, Licht: 0,264083,2,1,0,06,18,1,0,0,1,0,0,0,0,0
"POINT (7.083508193000057 51.246034422000037)",Unfall 264127 (2023) Kat:2, Licht: 0,264127,2,1,8,06,15,6,0,0,1,0,0,0,0,0
"POINT (7.296717115000035 51.236389044000077)",Unfall 264343 (2023) Kat:3, Licht: 0,264343,3,1,0,07,11,5,0,0,1,0,0,0,0,0
"POINT (7.129471864000038 51.263823339000055)",Unfall 264351 (2023) Kat:3, Licht: 1,264351,3,1,0,07,18,7,0,1,1,0,0,0,0,0
"POINT (7.249386865000076 51.283194390000062)",Unfall 264352 (2023) Kat:2, Licht: 0,264352,2,6,0,07,20,7,0,0,1,0,1,0,0,0
"POINT (7.088575975000026 51.266573735000065)",Unfall 264412 (2023) Kat:2, Licht: 0,264412,2,7,0,07,14,1,0,0,1,0,0,0,0,0
"POINT (7.186677030000055 51.271962057000053)",Unfall 264456 (2023) Kat:3, Licht: 2,264456,3,6,3,08,19,6,0,2,1,0,0,0,0,0
"POINT (7.178166834000024 51.270052096000029)",Unfall 264464 (2023) Kat:2, Licht: 2,264464,2,7,6,08,13,1,0,2,1,0,1,0,0,0
"POINT (7.111609897000051 51.260101431000066)",Unfall 264503 (2023) Kat:2, Licht: 0,264503,2,1,0,08,12,1,0,0,1,0,0,0,0,0
"POINT (7.223044877000063 51.278821006000044)",Unfall 264567 (2023) Kat:3, Licht: 2,264567,3,7,8,09,20,7,0,2,1,0,0,0,0,0
"POINT (7.239198965000071 51.299929046000045)",Unfall 264574 (2023) Kat:3, Licht: 0,264574,3,6,3,09,11,1,0,0,1,0,0,0,0,0
"POINT (7.193928182000036 51.268867571000044)",Unfall 264588 (2023) Kat:3, Licht: 2,264588,3,1,0,09,20,2,0,2,1,0,0,0,0,0
"POINT (7.130647280000062 51.264248570000063)",Unfall 264607 (2023) Kat:3, Licht: 0,264607,3,6,4,09,08,5,0,0,1,0,0,0,0,0
"POINT (7.129636184000049 51.263931221000064)",Unfall 264638 (2023) Kat:2, Licht: 2,264638,2,1,9,09,02,2,0,2,1,0,0,0,0,0
"POINT (7.098484727000027 51.253526755000053)",Unfall 264666 (2023) Kat:3, Licht: 0,264666,3,2,5,09,14,1,1,0,1,0,0,0,0,1
"POINT (7.221189308000021 51.278356293000058)",Unfall 264679 (2023) Kat:3, Licht: 0,264679,3,3,5,09,16,4,0,0,1,0,0,0,0,0
"POINT (7.167278624000062 51.268904295000027)",Unfall 264691 (2023) Kat:2, Licht: 0,264691,2,1,9,09,13,1,0,0,1,0,0,0,0,0
"POINT (7.223467219000042 51.279936473000078)",Unfall 264813 (2023) Kat:3, Licht: 0,264813,3,6,3,11,11,6,0,0,1,0,0,0,0,0
"POINT (7.240470091000020 51.223968603000060)",Unfall 22385 (2024) Kat:3, Licht: 0,22385,3,7,8,01,16,7,1,0,0,1,0,0,0,0
"POINT (7.182653638000033 51.279188611000052)",Unfall 22434 (2024) Kat:3, Licht: 0,22434,3,6,2,01,08,6,1,0,0,1,0,0,0,0
"POINT (7.244419548000053 51.274763199000063)",Unfall 22545 (2024) Kat:3, Licht: 2,22545,3,2,6,01,19,4,1,2,0,1,1,0,0,0
"POINT (7.212160458000028 51.235673879000046)",Unfall 22623 (2024) Kat:3, Licht: 2,22623,3,6,2,01,20,3,1,2,0,1,0,0,0,1
"POINT (7.126154169000074 51.263883236000026)",Unfall 22633 (2024) Kat:3, Licht: 1,22633,3,6,2,01,16,3,1,1,0,1,0,0,0,0
"POINT (7.184405475000062 51.265400319000037)",Unfall 22680 (2024) Kat:2, Licht: 2,22680,2,4,6,01,00,2,1,2,0,1,1,0,0,0
"POINT (7.150803357000029 51.218068512000059)",Unfall 22977 (2024) Kat:3, Licht: 1,22977,3,6,2,01,08,3,1,1,0,1,0,0,0,0
"POINT (7.173596347000057 51.284592268000040)",Unfall 23019 (2024) Kat:3, Licht: 1,23019,3,4,0,01,17,4,1,1,0,1,1,0,0,0
"POINT (7.141672349000032 51.254558267000050)",Unfall 23179 (2024) Kat:3, Licht: 2,23179,3,6,0,01,06,3,1,2,0,1,0,0,0,1
"POINT (7.173570034000022 51.288418917000058)",Unfall 23429 (2024) Kat:3, Licht: 0,23429,3,3,5,01,14,3,1,0,0,1,0,0,0,0
"POINT (7.197786399000051 51.268836685000053)",Unfall 23550 (2024) Kat:3, Licht: 2,23550,3,3,5,01,00,2,1,2,1,1,0,0,0,0
"POINT (7.223146261000068 51.275458282000045)",Unfall 25204 (2024) Kat:3, Licht: 0,25204,3,6,1,01,18,7,0,0,0,1,0,0,0,0
"POINT (7.148563847000048 51.268589609000060)",Unfall 25270 (2024) Kat:3, Licht: 0,25270,3,3,1,01,12,6,1,0,0,1,1,0,0,0
"POINT (7.146977532000051 51.172649003000060)",Unfall 25351 (2024) Kat:3, Licht: 2,25351,3,6,4,01,18,5,2,2,0,1,0,0,0,0
"POINT (7.190736128000026 51.243583383000043)",Unfall 25352 (2024) Kat:3, Licht: 0,25352,3,6,2,01,13,5,0,0,0,1,0,0,0,0
"POINT (7.103528363000066 51.290828850000082)",Unfall 25353 (2024) Kat:2, Licht: 0,25353,2,1,4,01,08,5,2,0,0,1,0,0,0,0
"POINT (7.136304901000074 51.246117061000064)",Unfall 25421 (2024) Kat:3, Licht: 2,25421,3,4,6,01,20,4,2,2,0,1,1,0,0,0
"POINT (7.227160827000034 51.238862999000048)",Unfall 25522 (2024) Kat:3, Licht: 0,25522,3,6,5,01,15,3,2,0,0,1,0,0,1,0
"POINT (7.215187050000054 51.283087233000060)",Unfall 25619 (2024) Kat:3, Licht: 0,25619,3,1,6,01,09,2,2,0,0,0,1,0,0,1
"POINT (7.225167600000020 51.285618710000051)",Unfall 25620 (2024) Kat:3, Licht: 0,25620,3,6,2,01,08,2,2,0,0,1,0,0,0,0
"POINT (7.206031004000067 51.225151185000072)",Unfall 25747 (2024) Kat:3, Licht: 2,25747,3,6,1,01,17,7,1,2,0,1,0,0,0,0
"POINT (7.215410102000021 51.274642082000071)",Unfall 25767 (2024) Kat:3, Licht: 0,25767,3,6,2,01,12,7,1,0,0,1,0,0,0,0
"POINT (7.152600773000074 51.255423523000047)",Unfall 25834 (2024) Kat:3, Licht: 0,25834,3,1,0,01,09,6,2,0,1,0,0,0,0,0
"POINT (7.148563847000048 51.268589609000060)",Unfall 25953 (2024) Kat:3, Licht: 0,25953,3,1,4,01,14,5,0,0,0,1,0,0,0,0
"POINT (7.234819343000026 51.227268003000063)",Unfall 25972 (2024) Kat:3, Licht: 0,25972,3,6,2,01,09,5,0,0,0,1,0,0,0,0
"POINT (7.120572291000030 51.263178736000043)",Unfall 26082 (2024) Kat:3, Licht: 2,26082,3,6,2,01,17,4,0,2,0,1,0,0,0,0
"POINT (7.186371296000061 51.291725592000034)",Unfall 26124 (2024) Kat:3, Licht: 0,26124,3,6,1,01,10,2,2,0,0,1,0,0,0,0
"POINT (7.197066392000067 51.269546720000051)",Unfall 26151 (2024) Kat:3, Licht: 2,26151,3,2,5,01,22,3,0,2,0,1,0,0,0,0
"POINT (7.202550389000066 51.263496903000032)",Unfall 26152 (2024) Kat:3, Licht: 0,26152,3,3,5,01,13,3,0,0,0,1,0,0,0,0
"POINT (7.208903914000075 51.294012928000029)",Unfall 26167 (2024) Kat:3, Licht: 0,26167,3,6,2,01,12,3,0,0,0,1,0,0,0,1
"POINT (7.090547597000068 51.231687648000047)",Unfall 26168 (2024) Kat:2, Licht: 0,26168,2,6,3,01,15,3,0,0,0,1,0,0,1,0
"POINT (7.250945489000060 51.275683411000045)",Unfall 26243 (2024) Kat:3, Licht: 0,26243,3,4,6,01,13,2,0,0,0,1,1,0,0,0
"POINT (7.205659327000035 51.265840125000068)",Unfall 26244 (2024) Kat:2, Licht: 2,26244,2,1,9,01,01,2,0,2,0,1,0,0,0,0
"POINT (7.132807698000022 51.206746927000040)",Unfall 26245 (2024) Kat:3, Licht: 0,26245,3,5,1,01,16,2,0,0,0,1,0,0,0,0
"POINT (7.206017273000043 51.270433014000048)",Unfall 26458 (2024) Kat:3, Licht: 2,26458,3,5,1,02,23,6,1,2,0,1,0,0,0,0
"POINT (7.189296670000033 51.276031992000071)",Unfall 26459 (2024) Kat:3, Licht: 1,26459,3,6,1,02,07,6,1,1,0,1,0,0,0,0
"POINT (7.155596968000054 51.270671308000033)",Unfall 26632 (2024) Kat:3, Licht: 2,26632,3,6,2,02,06,4,1,2,0,1,0,0,0,0
"POINT (7.224019408000061 51.275323478000075)",Unfall 26704 (2024) Kat:3, Licht: 0,26704,3,4,6,02,14,3,0,0,0,1,1,0,0,0
"POINT (7.234776408000073 51.228735171000039)",Unfall 26783 (2024) Kat:3, Licht: 2,26783,3,2,0,02,07,2,0,2,1,1,0,0,0,0
"POINT (7.069821195000031 51.230939273000047)",Unfall 26784 (2024) Kat:3, Licht: 0,26784,3,6,2,02,13,2,0,0,0,1,0,0,0,0
"POINT (7.251111833000039 51.275696351000079)",Unfall 26853 (2024) Kat:3, Licht: 2,26853,3,1,2,02,17,1,1,2,0,1,0,0,0,1
"POINT (7.196118190000050 51.281257529000072)",Unfall 26910 (2024) Kat:3, Licht: 0,26910,3,4,6,02,14,7,1,0,0,1,1,0,0,0
"POINT (7.156759668000063 51.276789198000074)",Unfall 26911 (2024) Kat:3, Licht: 2,26911,3,3,5,02,23,7,1,2,0,1,0,0,0,1
"POINT (7.136379599000065 51.262658140000042)",Unfall 26985 (2024) Kat:3, Licht: 0,26985,3,4,6,02,13,2,0,0,0,0,1,0,0,1
"POINT (7.192573650000043 51.247857207000038)",Unfall 26988 (2024) Kat:3, Licht: 0,26988,3,3,5,02,13,6,0,0,0,1,0,1,0,0
"POINT (7.114181224000049 51.233939170000042)",Unfall 27082 (2024) Kat:3, Licht: 1,27082,3,7,8,02,16,5,0,1,0,1,0,0,0,0
"POINT (7.093299723000030 51.237388533000058)",Unfall 27083 (2024) Kat:2, Licht: 0,27083,2,6,3,02,13,5,0,0,0,1,0,0,0,0
"POINT (7.147834034000027 51.259840783000072)",Unfall 27165 (2024) Kat:3, Licht: 1,27165,3,6,2,01,16,4,0,1,0,1,0,0,0,1
"POINT (7.199297645000058 51.288460965000070)",Unfall 27172 (2024) Kat:3, Licht: 0,27172,3,6,2,01,16,4,0,0,0,1,0,0,0,0
"POINT (7.158066084000041 51.252033573000062)",Unfall 27250 (2024) Kat:3, Licht: 1,27250,3,3,5,02,07,3,1,1,1,1,0,0,0,0
"POINT (7.194080075000045 51.286962583000047)",Unfall 27309 (2024) Kat:3, Licht: 2,27309,3,6,2,01,17,2,0,2,0,1,0,0,0,0
"POINT (7.153265088000069 51.259076861000040)",Unfall 27404 (2024) Kat:3, Licht: 0,27404,3,3,0,01,15,4,0,0,0,1,0,0,0,1
"POINT (7.206995804000030 51.272979439000039)",Unfall 27452 (2024) Kat:3, Licht: 0,27452,3,1,2,01,13,7,0,0,0,1,0,0,0,0
"POINT (7.147655394000026 51.226436590000048)",Unfall 27453 (2024) Kat:3, Licht: 0,27453,3,6,2,01,11,7,0,0,0,1,0,0,0,0
"POINT (7.124848656000040 51.263481113000068)",Unfall 27461 (2024) Kat:2, Licht: 2,27461,2,1,8,01,20,7,0,2,0,1,0,0,0,0
"POINT (7.223888908000049 51.272680784000045)",Unfall 27494 (2024) Kat:3, Licht: 0,27494,3,2,0,01,15,2,0,0,0,1,0,0,0,1
"POINT (7.131140586000072 51.264155063000032)",Unfall 27559 (2024) Kat:3, Licht: 0,27559,3,2,6,01,12,6,1,0,0,1,1,0,0,0
"POINT (7.073446001000036 51.232590115000050)",Unfall 27560 (2024) Kat:3, Licht: 0,27560,3,3,5,01,11,6,1,0,0,1,0,0,0,0
"POINT (7.209154071000057 51.271122076000040)",Unfall 27664 (2024) Kat:3, Licht: 2,27664,3,4,6,01,18,5,1,2,0,1,1,0,0,0
"POINT (7.180503221000038 51.267702464000081)",Unfall 27665 (2024) Kat:3, Licht: 2,27665,3,2,6,01,17,5,0,2,0,1,1,0,0,0
"POINT (7.144168683000032 51.248934144000032)",Unfall 27666 (2024) Kat:3, Licht: 0,27666,3,7,0,01,08,5,0,0,0,1,0,1,0,1
"POINT (7.216989083000044 51.274975931000029)",Unfall 27764 (2024) Kat:3, Licht: 0,27764,3,5,1,01,15,4,0,0,0,1,0,0,0,1
"POINT (7.159112498000070 51.265868425000065)",Unfall 27768 (2024) Kat:3, Licht: 1,27768,3,7,0,01,16,4,0,1,0,0,0,0,0,1
"POINT (7.150503563000029 51.256404155000041)",Unfall 27804 (2024) Kat:3, Licht: 0,27804,3,6,0,01,14,7,0,0,0,1,0,0,0,1
"POINT (7.201910288000022 51.295616686000074)",Unfall 27889 (2024) Kat:3, Licht: 2,27889,3,4,6,01,17,3,1,2,0,1,1,0,0,0
"POINT (7.175376397000036 51.289936716000057)",Unfall 27890 (2024) Kat:3, Licht: 2,27890,3,1,2,01,18,3,1,2,1,1,0,0,0,0
"POINT (7.084498938000024 51.256264432000080)",Unfall 27891 (2024) Kat:3, Licht: 0,27891,3,6,2,01,09,3,0,0,0,1,0,0,0,0
"POINT (7.163306625000075 51.258703522000076)",Unfall 28002 (2024) Kat:3, Licht: 0,28002,3,3,3,01,16,2,0,0,1,1,0,0,0,0
"POINT (7.134993405000046 51.244775341000036)",Unfall 28032 (2024) Kat:3, Licht: 0,28032,3,5,1,01,11,6,1,0,0,1,0,0,0,1
"POINT (7.099974407000047 51.281769945000065)",Unfall 28162 (2024) Kat:3, Licht: 2,28162,3,7,9,03,22,6,0,2,0,1,0,0,0,0
"POINT (7.170496544000059 51.297071766000045)",Unfall 28163 (2024) Kat:3, Licht: 0,28163,3,7,0,03,17,6,0,0,1,0,0,0,0,0
"POINT (7.189650791000076 51.279534389000048)",Unfall 28248 (2024) Kat:3, Licht: 2,28248,3,6,2,03,06,5,0,2,0,1,0,0,0,0
"POINT (7.240206057000023 51.224311028000045)",Unfall 28254 (2024) Kat:3, Licht: 0,28254,3,6,2,03,13,5,0,0,0,1,0,0,0,0
"POINT (7.152927982000051 51.255354277000038)",Unfall 28320 (2024) Kat:3, Licht: 0,28320,3,6,6,03,12,4,0,0,0,1,1,0,0,0
"POINT (7.231116989000043 51.239541280000026)",Unfall 28378 (2024) Kat:3, Licht: 0,28378,3,6,2,03,16,3,1,0,0,1,0,0,0,1
"POINT (7.137031721000028 51.253924403000042)",Unfall 28379 (2024) Kat:3, Licht: 0,28379,3,1,0,03,11,3,0,0,0,0,0,0,1,1
"POINT (7.238545856000030 51.291953516000035)",Unfall 28523 (2024) Kat:2, Licht: 1,28523,2,2,5,03,18,1,0,1,0,1,0,1,0,0
"POINT (7.226289992000034 51.274102387000028)",Unfall 28605 (2024) Kat:3, Licht: 0,28605,3,6,1,03,14,7,0,0,0,1,0,0,0,0
"POINT (7.152102786000057 51.258815144000039)",Unfall 28606 (2024) Kat:3, Licht: 0,28606,3,5,7,03,10,7,0,0,1,1,0,0,0,0
"POINT (7.252389856000036 51.282342556000060)",Unfall 28815 (2024) Kat:3, Licht: 0,28815,3,6,2,02,12,5,0,0,0,1,0,0,0,0
"POINT (7.148183222000057 51.259128891000046)",Unfall 28816 (2024) Kat:3, Licht: 2,28816,3,6,2,02,18,5,0,2,0,1,0,0,0,0
"POINT (7.206279493000068 51.280656211000064)",Unfall 28884 (2024) Kat:3, Licht: 0,28884,3,6,2,02,12,4,0,0,0,1,0,0,0,0
"POINT (7.200652953000031 51.288760646000071)",Unfall 28890 (2024) Kat:3, Licht: 0,28890,3,6,2,02,07,4,0,0,0,1,0,0,0,0
"POINT (7.171008932000063 51.261014169000077)",Unfall 28981 (2024) Kat:3, Licht: 0,28981,3,4,6,02,07,3,0,0,0,1,1,0,0,0
"POINT (7.056173086000058 51.253869121000037)",Unfall 28982 (2024) Kat:3, Licht: 2,28982,3,3,5,02,18,3,0,2,0,0,0,1,0,1
"POINT (7.139816729000074 51.254430816000081)",Unfall 28983 (2024) Kat:3, Licht: 0,28983,3,3,5,02,09,3,0,0,0,1,0,0,0,1
"POINT (7.088181136000060 51.236331432000043)",Unfall 28984 (2024) Kat:3, Licht: 0,28984,3,4,6,02,07,3,0,0,0,1,1,0,0,0
"POINT (7.154207915000029 51.270425552000063)",Unfall 28991 (2024) Kat:3, Licht: 0,28991,3,6,3,02,10,3,0,0,0,1,0,0,0,0
"POINT (7.209621577000064 51.282770060000075)",Unfall 29109 (2024) Kat:3, Licht: 0,29109,3,4,6,02,14,5,0,0,0,1,1,0,0,0
"POINT (7.220554811000056 51.271321898000053)",Unfall 29209 (2024) Kat:3, Licht: 2,29209,3,7,0,02,19,7,1,2,0,0,0,0,0,1
"POINT (7.144533559000024 51.260949121000067)",Unfall 29210 (2024) Kat:3, Licht: 1,29210,3,6,3,02,17,7,1,1,0,1,0,0,0,0
"POINT (7.186690928000075 51.279230249000079)",Unfall 29294 (2024) Kat:3, Licht: 0,29294,3,3,5,02,13,4,0,0,0,1,0,0,0,0
"POINT (7.212042613000051 51.270544138000048)",Unfall 29304 (2024) Kat:3, Licht: 2,29304,3,6,4,02,21,6,1,2,0,1,0,0,0,1
"POINT (7.205777106000028 51.216372932000070)",Unfall 29305 (2024) Kat:2, Licht: 2,29305,2,2,5,02,06,5,0,2,1,1,0,0,0,0
"POINT (7.162856212000065 51.267947244000027)",Unfall 29306 (2024) Kat:3, Licht: 0,29306,3,6,6,02,15,6,0,0,0,0,1,0,0,1
"POINT (7.134240096000042 51.253175293000027)",Unfall 29308 (2024) Kat:3, Licht: 2,29308,3,6,0,02,20,6,0,2,0,1,0,0,0,0
"POINT (7.195976926000071 51.270852277000074)",Unfall 29456 (2024) Kat:3, Licht: 0,29456,3,6,2,02,13,4,0,0,0,1,0,0,0,0
"POINT (7.197809623000069 51.237516039000070)",Unfall 29457 (2024) Kat:2, Licht: 2,29457,2,1,0,02,22,4,1,2,0,0,0,1,0,0
"POINT (7.206770024000036 51.270516088000079)",Unfall 29530 (2024) Kat:3, Licht: 0,29530,3,6,3,02,17,3,0,0,0,1,0,0,0,0
"POINT (7.208660884000039 51.284682690000068)",Unfall 29631 (2024) Kat:3, Licht: 0,29631,3,4,6,02,14,2,1,0,0,1,1,0,0,0
"POINT (7.152074180000056 51.255503762000046)",Unfall 29632 (2024) Kat:3, Licht: 2,29632,3,7,0,02,20,2,0,2,0,0,0,0,0,1
"POINT (7.096123444000057 51.245748915000036)",Unfall 29641 (2024) Kat:3, Licht: 0,29641,3,6,2,02,15,2,1,0,0,1,0,0,0,0
"POINT (7.202749951000044 51.276693496000064)",Unfall 29700 (2024) Kat:3, Licht: 0,29700,3,6,1,03,13,4,0,0,0,1,0,0,1,0
"POINT (7.096834383000044 51.246523669000055)",Unfall 29719 (2024) Kat:2, Licht: 0,29719,2,6,3,02,13,1,1,0,0,1,0,0,0,0
"POINT (7.220514059000038 51.275319572000058)",Unfall 29850 (2024) Kat:3, Licht: 0,29850,3,7,6,03,16,6,0,0,1,0,1,0,0,0
"POINT (7.150441407000073 51.217607299000065)",Unfall 29865 (2024) Kat:3, Licht: 1,29865,3,2,6,02,17,6,1,1,0,1,1,0,0,0
"POINT (7.173623752000026 51.259174303000066)",Unfall 29955 (2024) Kat:3, Licht: 0,29955,3,6,6,02,10,5,1,0,0,1,1,0,0,0
"POINT (7.205501585000036 51.225327063000066)",Unfall 29956 (2024) Kat:3, Licht: 2,29956,3,3,5,02,05,5,1,2,1,1,0,0,0,0
"POINT (7.147081267000033 51.226454708000063)",Unfall 29959 (2024) Kat:3, Licht: 0,29959,3,2,2,02,16,5,0,0,0,1,0,0,0,0
"POINT (7.068367495000075 51.235256356000036)",Unfall 30091 (2024) Kat:3, Licht: 0,30091,3,4,6,02,14,4,0,0,0,1,1,0,0,0
"POINT (7.187048268000069 51.243365759000028)",Unfall 30106 (2024) Kat:3, Licht: 1,30106,3,1,9,02,16,4,1,1,0,1,0,0,0,0
"POINT (7.180544210000050 51.298062389000052)",Unfall 30107 (2024) Kat:2, Licht: 0,30107,2,3,5,02,08,4,1,0,0,1,0,0,0,0
"POINT (7.097472241000048 51.230532674000074)",Unfall 30231 (2024) Kat:3, Licht: 2,30231,3,1,8,02,05,3,2,2,0,1,0,0,0,0
"POINT (7.196852931000024 51.269708242000036)",Unfall 30397 (2024) Kat:3, Licht: 0,30397,3,3,5,03,16,5,0,0,1,1,0,0,0,0
"POINT (7.131559520000053 51.256286779000050)",Unfall 30398 (2024) Kat:3, Licht: 0,30398,3,3,5,03,17,5,0,0,0,1,0,0,0,1
"POINT (7.204839060000040 51.228296673000045)",Unfall 30499 (2024) Kat:3, Licht: 1,30499,3,2,5,03,05,4,0,1,0,1,0,1,0,0
"POINT (7.205196090000072 51.271545385000081)",Unfall 30500 (2024) Kat:3, Licht: 1,30500,3,2,5,03,18,4,0,1,1,1,0,0,0,0
"POINT (7.188527763000025 51.245760603000065)",Unfall 30610 (2024) Kat:3, Licht: 0,30610,3,3,5,03,16,3,0,0,1,1,0,0,0,0
"POINT (7.223854076000066 51.275350495000055)",Unfall 30704 (2024) Kat:3, Licht: 0,30704,3,7,6,03,10,2,0,0,0,0,1,0,0,1
"POINT (7.086469276000059 51.256614381000077)",Unfall 30705 (2024) Kat:3, Licht: 0,30705,3,1,9,03,14,2,0,0,0,1,0,0,0,0
"POINT (7.153673507000065 51.258424499000057)",Unfall 30706 (2024) Kat:3, Licht: 0,30706,3,3,5,03,14,2,0,0,0,1,0,0,0,1
"POINT (7.233068092000053 51.276184231000059)",Unfall 30715 (2024) Kat:3, Licht: 0,30715,3,7,5,03,15,4,0,0,1,1,0,0,0,0
"POINT (7.163562414000069 51.268201885000053)",Unfall 30782 (2024) Kat:3, Licht: 2,30782,3,1,9,03,19,1,0,2,1,0,0,0,0,0
"POINT (7.052342851000049 51.211917169000060)",Unfall 30785 (2024) Kat:3, Licht: 0,30785,3,6,3,03,06,1,0,0,0,1,0,0,0,0
"POINT (7.186245912000061 51.291678605000072)",Unfall 30836 (2024) Kat:3, Licht: 0,30836,3,2,6,03,17,7,0,0,0,1,1,0,0,0
"POINT (7.149133104000043 51.257408965000081)",Unfall 30926 (2024) Kat:2, Licht: 2,30926,2,4,6,03,20,6,1,2,0,1,1,0,0,0
"POINT (7.237812793000046 51.260141355000030)",Unfall 30944 (2024) Kat:3, Licht: 0,30944,3,6,2,03,15,6,1,0,0,1,0,0,0,0
"POINT (7.204616116000068 51.279001888000039)",Unfall 31046 (2024) Kat:3, Licht: 0,31046,3,5,0,03,17,5,0,0,1,1,0,0,0,0
"POINT (7.150441407000073 51.217607299000065)",Unfall 31047 (2024) Kat:3, Licht: 2,31047,3,2,4,03,05,5,0,2,0,1,0,0,0,0
"POINT (7.207650461000071 51.273506772000076)",Unfall 31148 (2024) Kat:3, Licht: 0,31148,3,7,5,03,12,4,1,0,1,1,0,0,0,0
"POINT (7.153429885000037 51.259302760000026)",Unfall 31150 (2024) Kat:3, Licht: 2,31150,3,6,0,03,22,4,1,2,0,0,0,0,0,1
"POINT (7.198064840000029 51.268627730000048)",Unfall 31268 (2024) Kat:3, Licht: 0,31268,3,1,3,03,07,3,1,0,0,1,0,0,0,1
"POINT (7.204724650000060 51.228195959000061)",Unfall 31381 (2024) Kat:3, Licht: 0,31381,3,4,0,03,09,2,1,0,0,0,1,0,0,1
"POINT (7.148183222000057 51.259128891000046)",Unfall 31382 (2024) Kat:3, Licht: 2,31382,3,7,0,03,23,2,1,2,0,1,1,0,0,0
"POINT (7.132827829000064 51.265805936000049)",Unfall 31397 (2024) Kat:3, Licht: 0,31397,3,6,2,03,18,2,1,0,0,1,0,0,0,0
"POINT (7.223691409000025 51.275377075000051)",Unfall 31458 (2024) Kat:3, Licht: 0,31458,3,6,2,03,12,1,0,0,0,1,0,0,0,0
"POINT (7.116475405000074 51.249418674000026)",Unfall 31647 (2024) Kat:3, Licht: 1,31647,3,5,1,04,19,3,0,1,0,1,0,0,0,0
"POINT (7.229655588000071 51.288060189000078)",Unfall 31732 (2024) Kat:3, Licht: 0,31732,3,7,8,04,11,2,0,0,1,0,0,0,0,0
"POINT (7.199966519000043 51.224468877000049)",Unfall 31733 (2024) Kat:3, Licht: 1,31733,3,4,6,04,07,2,0,1,0,1,1,0,0,0
"POINT (7.153325116000076 51.259156126000050)",Unfall 31734 (2024) Kat:3, Licht: 0,31734,3,6,2,04,14,2,0,0,0,1,0,0,0,1
"POINT (7.161671850000062 51.298038501000065)",Unfall 31833 (2024) Kat:3, Licht: 0,31833,3,7,0,04,12,1,0,0,1,0,0,0,0,0
"POINT (7.124857413000029 51.263483289000078)",Unfall 31840 (2024) Kat:3, Licht: 0,31840,3,6,2,04,15,1,0,0,0,1,0,0,0,0
"POINT (7.215527667000060 51.274824411000054)",Unfall 31935 (2024) Kat:2, Licht: 0,31935,2,4,6,04,12,7,0,0,0,1,1,0,0,0
"POINT (7.223913007000021 51.272746480000080)",Unfall 31936 (2024) Kat:3, Licht: 0,31936,3,2,2,04,12,7,0,0,0,1,0,0,0,0
"POINT (7.153816882000058 51.259952899000041)",Unfall 31937 (2024) Kat:2, Licht: 0,31937,2,6,0,04,14,7,0,0,0,1,0,1,0,0
"POINT (7.053631967000058 51.222033910000050)",Unfall 31938 (2024) Kat:2, Licht: 0,31938,2,1,0,04,10,7,0,0,1,0,0,0,0,0
"POINT (7.193935205000059 51.272415087000070)",Unfall 32030 (2024) Kat:3, Licht: 0,32030,3,1,4,04,15,6,1,0,0,1,0,0,0,0
"POINT (7.149684018000073 51.255698286000040)",Unfall 32031 (2024) Kat:3, Licht: 0,32031,3,3,3,04,12,6,1,0,0,1,0,0,0,0
"POINT (7.102957720000063 51.240201359000082)",Unfall 32101 (2024) Kat:3, Licht: 0,32101,3,6,2,04,14,5,0,0,0,1,0,1,0,0
"POINT (7.072455707000074 51.222610991000067)",Unfall 32115 (2024) Kat:3, Licht: 0,32115,3,6,1,04,15,5,1,0,0,1,0,0,0,0
"POINT (7.239460404000056 51.280550530000028)",Unfall 32184 (2024) Kat:3, Licht: 0,32184,3,7,9,04,18,4,1,0,0,1,0,0,0,0
"POINT (7.182388306000064 51.277282055000057)",Unfall 32194 (2024) Kat:2, Licht: 0,32194,2,2,4,04,13,2,0,0,0,1,0,1,0,0
"POINT (7.085950932000060 51.235444087000076)",Unfall 32285 (2024) Kat:3, Licht: 0,32285,3,1,0,04,15,3,1,0,0,0,0,0,0,1
"POINT (7.155152040000075 51.243210363000060)",Unfall 32287 (2024) Kat:2, Licht: 0,32287,2,4,6,04,15,3,1,0,0,1,1,0,0,0
"POINT (7.208321462000072 51.273628324000072)",Unfall 32333 (2024) Kat:3, Licht: 0,32333,3,5,1,04,07,3,1,0,0,1,0,0,1,0
"POINT (7.173942907000026 51.286827034000055)",Unfall 32386 (2024) Kat:3, Licht: 0,32386,3,6,2,03,12,1,0,0,0,1,0,0,0,0
"POINT (7.133366521000028 51.265287060000048)",Unfall 32465 (2024) Kat:2, Licht: 0,32465,2,3,5,03,16,7,0,0,0,1,0,0,0,1
"POINT (7.079663790000041 51.234794831000045)",Unfall 32574 (2024) Kat:3, Licht: 0,32574,3,6,2,03,17,5,0,0,0,1,0,0,0,0
"POINT (7.190618857000061 51.279590970000072)",Unfall 32606 (2024) Kat:3, Licht: 0,32606,3,3,1,04,12,2,0,0,0,1,0,0,0,0
"POINT (7.135789691000070 51.166466235000030)",Unfall 32657 (2024) Kat:3, Licht: 2,32657,3,3,5,03,19,4,0,2,0,1,0,0,0,0
"POINT (7.073223303000020 51.266687591000050)",Unfall 32658 (2024) Kat:3, Licht: 1,32658,3,7,8,03,19,4,0,1,0,1,0,0,0,0
"POINT (7.123791473000040 51.280851458000029)",Unfall 32659 (2024) Kat:2, Licht: 2,32659,2,1,0,03,03,4,1,2,0,1,0,0,0,0
"POINT (7.228186047000065 51.273506744000031)",Unfall 32748 (2024) Kat:3, Licht: 0,32748,3,6,3,03,13,3,0,0,0,1,0,0,1,0
"POINT (7.159092873000077 51.265857397000048)",Unfall 32860 (2024) Kat:3, Licht: 0,32860,3,3,5,03,08,2,0,0,0,1,0,0,0,0
"POINT (7.070132938000029 51.231060367000055)",Unfall 32934 (2024) Kat:3, Licht: 2,32934,3,7,5,03,20,1,1,2,0,1,0,1,0,0
"POINT (7.148543484000072 51.271045661000073)",Unfall 32936 (2024) Kat:3, Licht: 0,32936,3,6,2,03,11,1,1,0,0,1,0,0,0,1
"POINT (7.237152490000028 51.269603685000050)",Unfall 33007 (2024) Kat:3, Licht: 0,33007,3,1,4,03,17,7,0,0,0,1,0,0,0,0
"POINT (7.226250270000037 51.275003937000065)",Unfall 33008 (2024) Kat:3, Licht: 2,33008,3,6,2,03,21,7,0,2,0,1,0,0,0,0
"POINT (7.118465369000035 51.282129284000064)",Unfall 33009 (2024) Kat:3, Licht: 1,33009,3,1,7,03,06,7,1,1,0,1,0,0,0,0
"POINT (7.197094368000023 51.269555696000054)",Unfall 33113 (2024) Kat:3, Licht: 0,33113,3,6,3,03,16,6,1,0,0,1,0,0,0,0
"POINT (7.122747261000029 51.204356048000079)",Unfall 33114 (2024) Kat:3, Licht: 0,33114,3,7,4,03,11,6,0,0,0,1,0,0,0,0
"POINT (7.252505032000045 51.269582931000059)",Unfall 33136 (2024) Kat:3, Licht: 0,33136,3,6,2,03,15,6,0,0,0,1,0,0,0,0
"POINT (7.193474228000071 51.239315363000060)",Unfall 33232 (2024) Kat:2, Licht: 0,33232,2,1,8,05,14,4,0,0,1,0,0,0,0,0
"POINT (7.141204218000041 51.250183583000080)",Unfall 33233 (2024) Kat:3, Licht: 1,33233,3,3,0,05,20,4,0,1,1,1,0,0,0,0
"POINT (7.135224485000037 51.245001186000081)",Unfall 33234 (2024) Kat:3, Licht: 2,33234,3,6,2,05,21,4,0,2,0,1,0,0,0,0
"POINT (7.152111193000053 51.256320105000043)",Unfall 33339 (2024) Kat:3, Licht: 0,33339,3,6,2,04,16,3,0,0,0,1,0,0,0,0
"POINT (7.140035662000059 51.261417876000053)",Unfall 33365 (2024) Kat:2, Licht: 0,33365,2,7,2,05,09,4,0,0,0,1,0,0,0,0
"POINT (7.198431441000025 51.272973991000072)",Unfall 33472 (2024) Kat:3, Licht: 0,33472,3,3,0,04,15,2,0,0,0,1,0,0,0,1
"POINT (7.187262476000058 51.266006504000075)",Unfall 33473 (2024) Kat:3, Licht: 0,33473,3,6,2,04,15,2,0,0,0,1,0,0,0,0
"POINT (7.239010965000034 51.292285160000063)",Unfall 33474 (2024) Kat:3, Licht: 0,33474,3,3,5,04,08,2,0,0,0,1,0,0,0,0
"POINT (7.145654791000027 51.260994138000058)",Unfall 33475 (2024) Kat:3, Licht: 0,33475,3,1,0,04,11,2,0,0,1,0,0,0,0,0
"POINT (7.175933980000025 51.262553564000029)",Unfall 33622 (2024) Kat:3, Licht: 0,33622,3,4,6,04,16,7,0,0,0,0,1,1,0,0
"POINT (7.150374006000050 51.283113200000059)",Unfall 33701 (2024) Kat:3, Licht: 0,33701,3,2,6,04,17,6,0,0,0,1,1,0,0,0
"POINT (7.203230861000065 51.280929399000058)",Unfall 33790 (2024) Kat:3, Licht: 0,33790,3,6,2,04,15,5,0,0,0,1,0,1,0,0
"POINT (7.174360095000054 51.262067758000057)",Unfall 33791 (2024) Kat:2, Licht: 0,33791,2,6,2,04,08,5,0,0,0,1,0,0,0,0
"POINT (7.246938342000021 51.295230752000066)",Unfall 33884 (2024) Kat:3, Licht: 0,33884,3,3,5,04,16,4,1,0,0,1,0,1,0,0
"POINT (7.096123506000026 51.245748973000047)",Unfall 33896 (2024) Kat:3, Licht: 0,33896,3,6,2,04,12,4,1,0,0,1,0,0,0,0
"POINT (7.250635161000048 51.267160128000057)",Unfall 33897 (2024) Kat:3, Licht: 0,33897,3,1,8,04,18,4,1,0,0,1,0,0,0,0
"POINT (7.220910182000068 51.275256266000042)",Unfall 33993 (2024) Kat:2, Licht: 2,33993,2,1,0,04,21,3,0,2,0,0,0,0,0,1
"POINT (7.196683934000021 51.281289159000039)",Unfall 33994 (2024) Kat:2, Licht: 1,33994,2,4,6,04,05,3,0,1,0,1,1,0,0,0
"POINT (7.140299867000067 51.211086336000051)",Unfall 33995 (2024) Kat:3, Licht: 1,33995,3,4,6,04,05,3,0,1,0,1,1,0,0,0
"POINT (7.143257604000041 51.246765192000055)",Unfall 34005 (2024) Kat:2, Licht: 0,34005,2,3,0,04,07,3,0,0,0,1,0,1,0,0
"POINT (7.191510540000024 51.274815051000076)",Unfall 34065 (2024) Kat:3, Licht: 0,34065,3,6,2,04,08,3,0,0,0,1,0,0,0,0
"POINT (7.212713151000059 51.295834134000074)",Unfall 34117 (2024) Kat:3, Licht: 2,34117,3,1,9,04,03,1,2,2,0,1,0,0,0,0
"POINT (7.258240676000071 51.282467129000054)",Unfall 34122 (2024) Kat:3, Licht: 0,34122,3,6,2,04,14,1,0,0,0,1,0,0,0,0
"POINT (7.182671343000038 51.280831007000074)",Unfall 34123 (2024) Kat:3, Licht: 0,34123,3,6,2,04,14,1,0,0,0,1,0,0,0,0
"POINT (7.229766920000031 51.258611584000050)",Unfall 34145 (2024) Kat:3, Licht: 0,34145,3,1,2,04,13,3,0,0,0,1,0,0,1,0
"POINT (7.180882413000063 51.289957263000076)",Unfall 34195 (2024) Kat:3, Licht: 2,34195,3,1,9,04,01,7,1,2,0,1,0,0,1,0
"POINT (7.152233649000038 51.220180989000028)",Unfall 34197 (2024) Kat:3, Licht: 2,34197,3,1,8,04,04,7,1,2,0,1,0,0,0,0
"POINT (7.234759277000023 51.228668662000075)",Unfall 34198 (2024) Kat:3, Licht: 0,34198,3,6,2,04,12,7,1,0,0,1,0,0,0,0
"POINT (7.143415333000064 51.268055325000034)",Unfall 34206 (2024) Kat:2, Licht: 0,34206,2,6,2,04,14,7,0,0,0,1,0,0,0,1
"POINT (7.202663908000034 51.289230559000032)",Unfall 34305 (2024) Kat:3, Licht: 0,34305,3,1,8,04,10,6,1,0,0,0,0,0,0,1
"POINT (7.077923921000036 51.234650907000059)",Unfall 34389 (2024) Kat:3, Licht: 0,34389,3,3,5,04,07,5,0,0,0,1,0,0,0,1
"POINT (7.148183222000057 51.259128891000046)",Unfall 34390 (2024) Kat:3, Licht: 0,34390,3,6,3,04,14,5,0,0,0,1,0,0,0,0
"POINT (7.149170353000045 51.259081185000070)",Unfall 34607 (2024) Kat:3, Licht: 0,34607,3,6,1,04,14,3,1,0,0,1,0,0,0,0
"POINT (7.231618633000039 51.271578179000073)",Unfall 34730 (2024) Kat:3, Licht: 0,34730,3,7,8,04,12,2,0,0,0,1,0,0,0,0
"POINT (7.106515378000040 51.246533358000079)",Unfall 34731 (2024) Kat:3, Licht: 2,34731,3,4,6,04,05,2,1,2,1,0,1,0,0,0
"POINT (7.229452127000059 51.270238870000071)",Unfall 34833 (2024) Kat:3, Licht: 0,34833,3,6,2,04,18,1,0,0,0,1,1,0,0,0
"POINT (7.182542553000076 51.264641370000049)",Unfall 34857 (2024) Kat:3, Licht: 0,34857,3,4,6,04,17,2,1,0,0,1,1,0,0,0
"POINT (7.156128562000049 51.263618584000028)",Unfall 34972 (2024) Kat:3, Licht: 0,34972,3,6,3,04,12,7,0,0,0,0,0,0,0,1
"POINT (7.247353996000072 51.294800906000035)",Unfall 35128 (2024) Kat:3, Licht: 0,35128,3,7,2,04,11,6,0,0,0,1,0,0,0,0
"POINT (7.104567393000025 51.253575709000074)",Unfall 35129 (2024) Kat:3, Licht: 1,35129,3,6,2,04,06,6,0,1,1,1,0,0,0,0
"POINT (7.198431441000025 51.272973991000072)",Unfall 35264 (2024) Kat:3, Licht: 0,35264,3,2,5,04,14,5,0,0,1,1,0,0,0,0
"POINT (7.123652322000055 51.273258895000026)",Unfall 35265 (2024) Kat:2, Licht: 2,35265,2,1,8,04,23,5,0,2,0,1,0,0,0,0
"POINT (7.099194156000067 51.255109211000047)",Unfall 35267 (2024) Kat:3, Licht: 2,35267,3,1,0,04,21,5,0,2,1,0,0,0,0,0
"POINT (7.149548033000031 51.229200628000058)",Unfall 35268 (2024) Kat:3, Licht: 0,35268,3,6,1,04,17,5,0,0,0,1,0,0,0,0
"POINT (7.143375454000022 51.247993725000072)",Unfall 35269 (2024) Kat:3, Licht: 0,35269,3,3,5,04,13,5,0,0,0,1,0,0,0,0
"POINT (7.148629498000048 51.271367321000071)",Unfall 35270 (2024) Kat:3, Licht: 0,35270,3,2,3,04,08,5,0,0,1,1,0,0,0,0
"POINT (7.199302768000052 51.288462092000032)",Unfall 35281 (2024) Kat:3, Licht: 0,35281,3,6,2,04,15,5,0,0,0,1,0,0,0,0
"POINT (7.198628459000076 51.288313550000055)",Unfall 35284 (2024) Kat:3, Licht: 0,35284,3,6,2,04,08,5,0,0,0,1,0,0,0,0
"POINT (7.103925433000029 51.251853051000069)",Unfall 35292 (2024) Kat:3, Licht: 2,35292,3,6,2,04,23,6,0,2,0,1,0,0,0,0
"POINT (7.196887681000021 51.269720933000031)",Unfall 35315 (2024) Kat:3, Licht: 0,35315,3,3,5,04,17,2,1,0,0,1,0,0,0,0
"POINT (7.234391684000059 51.266783580000038)",Unfall 35401 (2024) Kat:2, Licht: 0,35401,2,1,0,04,08,4,0,0,0,0,0,0,0,1
"POINT (7.153424458000075 51.244428208000045)",Unfall 35402 (2024) Kat:2, Licht: 0,35402,2,6,0,04,15,4,0,0,1,1,0,0,0,0
"POINT (7.191198433000068 51.242628456000034)",Unfall 35470 (2024) Kat:3, Licht: 0,35470,3,7,0,05,12,1,0,0,0,0,0,0,0,1
"POINT (7.218982269000037 51.271168584000065)",Unfall 35471 (2024) Kat:3, Licht: 0,35471,3,6,6,05,16,1,0,0,0,1,1,0,0,0
"POINT (7.117212573000074 51.202267704000064)",Unfall 35472 (2024) Kat:2, Licht: 0,35472,2,3,5,05,15,1,0,0,0,1,0,1,0,0
"POINT (7.206177680000053 51.272007055000074)",Unfall 35568 (2024) Kat:2, Licht: 0,35568,2,7,6,05,21,7,0,0,0,0,1,0,0,1
"POINT (7.174927665000041 51.268642561000036)",Unfall 35569 (2024) Kat:3, Licht: 0,35569,3,5,1,05,11,7,0,0,0,1,0,1,0,0
"POINT (7.202804412000035 51.274181007000038)",Unfall 35667 (2024) Kat:3, Licht: 0,35667,3,1,0,05,20,6,0,0,0,0,0,0,0,1
"POINT (7.197552545000065 51.269982476000052)",Unfall 35668 (2024) Kat:3, Licht: 0,35668,3,6,2,05,10,6,0,0,0,1,0,0,0,0
"POINT (7.239561983000044 51.280578780000042)",Unfall 35778 (2024) Kat:3, Licht: 0,35778,3,1,0,05,18,5,0,0,0,0,0,0,0,1
"POINT (7.197834771000032 51.268854319000070)",Unfall 35779 (2024) Kat:3, Licht: 0,35779,3,6,3,05,18,5,0,0,0,1,0,0,0,0
"POINT (7.151104780000026 51.174761032000049)",Unfall 35780 (2024) Kat:3, Licht: 0,35780,3,7,0,05,17,5,0,0,1,0,0,0,0,0
"POINT (7.148484137000025 51.268245522000029)",Unfall 35781 (2024) Kat:3, Licht: 0,35781,3,6,4,05,19,5,0,0,1,0,0,0,0,1
"POINT (7.148006998000028 51.230840739000030)",Unfall 35896 (2024) Kat:3, Licht: 0,35896,3,6,3,05,15,4,0,0,0,1,0,0,0,0
"POINT (7.231088998000075 51.256778880000070)",Unfall 35906 (2024) Kat:3, Licht: 0,35906,3,6,2,05,12,4,0,0,0,1,0,0,0,0
"POINT (7.203051280000068 51.262423965000039)",Unfall 36012 (2024) Kat:3, Licht: 0,36012,3,1,4,05,06,3,1,0,0,1,0,0,0,1
"POINT (7.205870216000051 51.280711696000026)",Unfall 36101 (2024) Kat:3, Licht: 0,36101,3,4,6,05,17,2,1,0,0,1,1,0,0,0
"POINT (7.131984949000071 51.254233105000026)",Unfall 36102 (2024) Kat:3, Licht: 0,36102,3,3,5,05,16,2,1,0,1,1,0,0,0,0
"POINT (7.146598125000025 51.255169638000041)",Unfall 36103 (2024) Kat:3, Licht: 0,36103,3,3,5,05,14,2,0,0,1,1,0,0,0,0
"POINT (7.226768830000026 51.304163306000078)",Unfall 36112 (2024) Kat:3, Licht: 0,36112,3,6,2,05,08,2,0,0,0,1,0,0,0,0
"POINT (7.201527669000029 51.263726748000067)",Unfall 36127 (2024) Kat:3, Licht: 0,36127,3,2,2,05,08,3,0,0,1,1,0,0,0,0
"POINT (7.184478782000042 51.265422276000038)",Unfall 36398 (2024) Kat:3, Licht: 0,36398,3,7,2,05,16,6,0,0,0,1,0,0,0,0
"POINT (7.223218459000066 51.275315446000036)",Unfall 36516 (2024) Kat:3, Licht: 0,36516,3,6,2,05,14,5,1,0,0,1,0,0,0,0
"POINT (7.208984160000057 51.283333710000079)",Unfall 36517 (2024) Kat:3, Licht: 0,36517,3,7,6,05,12,5,0,0,0,1,1,0,0,0
"POINT (7.131602654000062 51.257484660000046)",Unfall 36518 (2024) Kat:3, Licht: 0,36518,3,2,5,05,11,5,0,0,0,1,0,0,0,0
"POINT (7.073232893000068 51.232492137000065)",Unfall 36687 (2024) Kat:3, Licht: 0,36687,3,1,0,05,16,1,1,0,0,0,0,1,0,0
"POINT (7.130492881000066 51.265074651000077)",Unfall 36853 (2024) Kat:3, Licht: 0,36853,3,4,6,05,13,6,1,0,0,1,1,0,0,0
"POINT (7.203349758000059 51.237566263000076)",Unfall 36958 (2024) Kat:3, Licht: 0,36958,3,3,5,05,17,5,0,0,1,1,0,0,0,0
"POINT (7.156640525000057 51.264293362000046)",Unfall 36959 (2024) Kat:2, Licht: 0,36959,2,4,6,05,18,5,0,0,0,1,1,0,0,0
"POINT (7.182647291000023 51.279087096000069)",Unfall 37154 (2024) Kat:3, Licht: 0,37154,3,7,5,05,19,3,1,0,0,1,0,0,0,0
"POINT (7.251454213000045 51.275723006000078)",Unfall 37249 (2024) Kat:3, Licht: 2,37249,3,4,6,05,02,2,0,2,0,1,1,0,0,0
"POINT (7.148761483000044 51.271680122000078)",Unfall 37250 (2024) Kat:3, Licht: 1,37250,3,1,8,05,03,2,0,1,0,0,0,0,0,1
"POINT (7.147429503000069 51.261086629000033)",Unfall 37322 (2024) Kat:2, Licht: 1,37322,2,6,3,05,20,1,0,1,0,1,0,0,0,1
"POINT (7.083431805000032 51.264199306000080)",Unfall 37337 (2024) Kat:3, Licht: 0,37337,3,7,9,05,12,1,0,0,0,1,0,0,0,0
"POINT (7.150424512000029 51.258991687000048)",Unfall 37421 (2024) Kat:3, Licht: 0,37421,3,7,6,05,17,7,0,0,0,1,1,0,0,1
"POINT (7.205845567000040 51.271692243000075)",Unfall 37527 (2024) Kat:3, Licht: 0,37527,3,7,0,05,12,6,0,0,0,0,0,0,0,1
"POINT (7.194420390000062 51.271977440000057)",Unfall 37644 (2024) Kat:3, Licht: 0,37644,3,1,0,05,06,5,1,0,0,0,0,0,0,1
"POINT (7.152823576000060 51.270183316000043)",Unfall 37657 (2024) Kat:3, Licht: 0,37657,3,6,2,05,07,5,0,0,0,1,0,0,0,0
"POINT (7.194599472000050 51.238463886000034)",Unfall 37784 (2024) Kat:3, Licht: 0,37784,3,6,2,05,08,4,0,0,0,1,0,0,0,0
"POINT (7.150658835000058 51.227376911000079)",Unfall 37785 (2024) Kat:3, Licht: 0,37785,3,6,2,05,07,4,0,0,0,1,0,0,0,0
"POINT (7.197682237000038 51.268798201000038)",Unfall 37949 (2024) Kat:3, Licht: 0,37949,3,2,6,05,08,3,0,0,0,1,1,0,0,0
"POINT (7.232781540000076 51.258381785000040)",Unfall 37950 (2024) Kat:3, Licht: 0,37950,3,3,5,05,09,3,0,0,0,1,0,0,0,0
"POINT (7.232932740000024 51.288679925000054)",Unfall 37952 (2024) Kat:3, Licht: 0,37952,3,6,4,05,13,3,0,0,1,0,0,0,0,1
"POINT (7.197054523000077 51.269542912000077)",Unfall 37995 (2024) Kat:3, Licht: 0,37995,3,3,5,05,19,5,1,0,0,1,0,0,0,0
"POINT (7.098056441000040 51.255451363000077)",Unfall 38160 (2024) Kat:2, Licht: 0,38160,2,6,2,05,15,2,0,0,0,1,0,0,0,0
"POINT (7.147557436000056 51.261094621000041)",Unfall 38161 (2024) Kat:3, Licht: 0,38161,3,1,8,05,17,2,0,0,0,0,0,1,0,0
"POINT (7.153576045000023 51.258471612000051)",Unfall 38162 (2024) Kat:3, Licht: 0,38162,3,6,1,05,10,2,0,0,0,1,0,0,0,0
"POINT (7.129197069000043 51.251545481000051)",Unfall 38330 (2024) Kat:3, Licht: 0,38330,3,6,2,06,13,2,1,0,0,1,0,0,0,1
"POINT (7.149648927000044 51.249300564000066)",Unfall 38459 (2024) Kat:3, Licht: 0,38459,3,6,2,06,14,7,0,0,0,1,0,0,0,1
"POINT (7.141266246000043 51.254690483000047)",Unfall 38460 (2024) Kat:3, Licht: 2,38460,3,3,5,06,01,7,1,2,0,1,0,0,0,0
"POINT (7.193453272000056 51.232821713000078)",Unfall 38688 (2024) Kat:3, Licht: 1,38688,3,1,1,06,21,4,0,1,0,1,0,0,0,0
"POINT (7.180141173000038 51.263904636000063)",Unfall 38805 (2024) Kat:3, Licht: 0,38805,3,5,0,06,06,3,1,0,0,1,0,1,0,0
"POINT (7.192572953000024 51.273904602000073)",Unfall 38806 (2024) Kat:3, Licht: 0,38806,3,4,6,06,11,3,1,0,0,1,1,0,0,0
"POINT (7.125578338000025 51.270538696000074)",Unfall 38807 (2024) Kat:2, Licht: 0,38807,2,6,2,06,09,3,0,0,0,1,0,0,0,0
"POINT (7.127369708000060 51.264355292000062)",Unfall 38820 (2024) Kat:3, Licht: 0,38820,3,6,2,06,07,3,0,0,0,1,0,0,0,0
"POINT (7.203119465000043 51.237584209000033)",Unfall 38905 (2024) Kat:3, Licht: 0,38905,3,2,2,06,17,2,1,0,0,1,0,0,1,0
"POINT (7.231180370000061 51.239551201000040)",Unfall 38906 (2024) Kat:3, Licht: 0,38906,3,6,2,06,15,2,1,0,0,1,0,0,0,0
"POINT (7.123689855000066 51.280762840000079)",Unfall 38907 (2024) Kat:3, Licht: 0,38907,3,3,5,06,11,2,1,0,0,1,0,0,1,0
"POINT (7.133956525000031 51.265969134000045)",Unfall 38917 (2024) Kat:3, Licht: 0,38917,3,6,2,06,17,2,1,0,0,1,0,0,0,0
"POINT (7.232790861000069 51.258437885000035)",Unfall 39014 (2024) Kat:3, Licht: 2,39014,3,3,5,06,23,1,0,2,0,1,0,1,0,0
"POINT (7.199658472000067 51.266937909000035)",Unfall 39015 (2024) Kat:3, Licht: 0,39015,3,7,5,06,21,1,0,0,0,1,0,1,0,0
"POINT (7.175476997000032 51.262410612000053)",Unfall 39016 (2024) Kat:3, Licht: 0,39016,3,6,2,06,16,1,0,0,0,1,0,0,0,0
"POINT (7.157258528000057 51.236435999000037)",Unfall 39017 (2024) Kat:3, Licht: 0,39017,3,1,4,06,17,1,0,0,1,1,0,0,0,0
"POINT (7.203697346000070 51.225832236000031)",Unfall 39125 (2024) Kat:3, Licht: 0,39125,3,4,6,06,19,7,0,0,0,1,1,0,0,0
"POINT (7.228510802000073 51.275539378000076)",Unfall 39126 (2024) Kat:3, Licht: 0,39126,3,6,2,06,15,7,0,0,0,1,0,0,0,0
"POINT (7.180999626000073 51.248779437000053)",Unfall 39127 (2024) Kat:3, Licht: 0,39127,3,1,0,06,14,7,0,0,0,0,0,0,0,1
"POINT (7.202918754000052 51.270984677000058)",Unfall 39128 (2024) Kat:3, Licht: 0,39128,3,5,1,06,09,7,0,0,0,1,0,0,0,0
"POINT (7.150342869000042 51.229892785000061)",Unfall 39129 (2024) Kat:3, Licht: 0,39129,3,7,4,06,13,7,0,0,1,1,0,0,0,0
"POINT (7.139816729000074 51.254430816000081)",Unfall 39383 (2024) Kat:3, Licht: 0,39383,3,6,2,06,14,5,0,0,0,1,0,0,1,0
"POINT (7.069570561000035 51.226567445000057)",Unfall 39384 (2024) Kat:2, Licht: 0,39384,2,3,0,06,09,5,0,0,0,1,0,0,0,1
"POINT (7.197839657000031 51.268856101000040)",Unfall 39508 (2024) Kat:3, Licht: 0,39508,3,3,5,06,11,4,0,0,0,1,0,0,0,0
"POINT (7.186666732000049 51.266016820000061)",Unfall 39619 (2024) Kat:2, Licht: 0,39619,2,1,0,06,15,3,0,0,0,0,0,1,0,0
"POINT (7.159184797000023 51.255982129000074)",Unfall 39620 (2024) Kat:3, Licht: 0,39620,3,1,0,06,19,3,0,0,0,0,0,0,0,1
"POINT (7.121376793000024 51.248859632000062)",Unfall 39621 (2024) Kat:2, Licht: 0,39621,2,1,4,06,15,3,0,0,0,1,0,0,0,0
"POINT (7.186865337000029 51.266064558000039)",Unfall 39678 (2024) Kat:3, Licht: 0,39678,3,6,1,06,13,7,0,0,0,1,0,0,0,0
"POINT (7.155032316000074 51.257916593000061)",Unfall 39739 (2024) Kat:3, Licht: 0,39739,3,2,0,06,16,2,0,0,1,1,0,0,0,0
"POINT (7.132544680000024 51.253776039000059)",Unfall 39740 (2024) Kat:3, Licht: 0,39740,3,1,2,06,13,2,0,0,0,1,0,0,1,0
"POINT (7.230954380000071 51.256891192000069)",Unfall 39758 (2024) Kat:3, Licht: 0,39758,3,6,2,06,12,2,0,0,0,1,0,0,0,0
"POINT (7.222032997000042 51.302148873000078)",Unfall 39791 (2024) Kat:3, Licht: 0,39791,3,6,2,06,08,6,0,0,0,1,0,0,0,0
"POINT (7.237288529000068 51.270482105000042)",Unfall 39912 (2024) Kat:2, Licht: 2,39912,2,1,8,06,02,7,0,2,1,0,0,0,0,0
"POINT (7.128852621000021 51.226067058000069)",Unfall 39914 (2024) Kat:3, Licht: 2,39914,3,1,9,06,04,7,0,2,0,1,0,0,0,0
"POINT (7.153409491000048 51.258547245000045)",Unfall 40004 (2024) Kat:3, Licht: 0,40004,3,4,6,05,13,6,0,0,0,0,1,0,0,1
"POINT (7.204543618000059 51.271249184000055)",Unfall 40009 (2024) Kat:3, Licht: 0,40009,3,6,2,06,16,7,0,0,0,1,0,0,0,0
"POINT (7.070064925000054 51.240121603000034)",Unfall 40034 (2024) Kat:3, Licht: 0,40034,3,3,5,06,07,3,0,0,0,1,0,1,0,0
"POINT (7.212534597000058 51.235701083000038)",Unfall 40208 (2024) Kat:3, Licht: 0,40208,3,3,5,05,15,4,1,0,0,1,0,0,0,0
"POINT (7.131338551000056 51.252530400000069)",Unfall 40230 (2024) Kat:3, Licht: 1,40230,3,6,2,06,20,2,0,1,0,1,0,0,0,0
"POINT (7.234155419000047 51.260859306000043)",Unfall 40364 (2024) Kat:3, Licht: 0,40364,3,2,0,05,12,3,0,0,1,1,0,0,0,0
"POINT (7.197495698000068 51.268998864000082)",Unfall 40365 (2024) Kat:3, Licht: 0,40365,3,7,0,05,11,3,0,0,0,1,0,0,0,1
"POINT (7.165542163000055 51.279433346000076)",Unfall 40366 (2024) Kat:3, Licht: 0,40366,3,6,2,05,16,3,0,0,0,1,0,1,0,0
"POINT (7.192665940000040 51.257858452000050)",Unfall 40530 (2024) Kat:2, Licht: 0,40530,2,6,4,05,17,2,1,0,0,1,0,0,0,0
"POINT (7.205132653000021 51.228543522000052)",Unfall 40531 (2024) Kat:2, Licht: 0,40531,2,7,0,05,08,2,0,0,1,0,0,0,0,0
"POINT (7.156571968000037 51.264237371000036)",Unfall 40532 (2024) Kat:3, Licht: 1,40532,3,3,5,05,20,2,1,1,1,1,0,0,0,0
"POINT (7.113906192000059 51.193193465000036)",Unfall 40533 (2024) Kat:3, Licht: 0,40533,3,1,0,05,05,2,1,0,0,0,0,1,0,0
"POINT (7.118793727000025 51.249171009000065)",Unfall 40553 (2024) Kat:3, Licht: 0,40553,3,6,2,06,17,5,0,0,0,1,0,1,0,0
"POINT (7.149815527000044 51.273611110000047)",Unfall 40554 (2024) Kat:3, Licht: 0,40554,3,6,2,06,08,5,0,0,0,1,0,1,0,0
"POINT (7.103029084000070 51.242343827000070)",Unfall 40693 (2024) Kat:2, Licht: 0,40693,2,2,0,06,06,4,0,0,0,1,0,1,0,0
"POINT (7.246056991000046 51.275154486000076)",Unfall 40841 (2024) Kat:3, Licht: 0,40841,3,6,2,06,13,3,0,0,0,1,0,1,0,0
"POINT (7.138853190000020 51.261702646000060)",Unfall 40842 (2024) Kat:3, Licht: 0,40842,3,6,3,06,15,3,0,0,0,1,0,1,0,0
"POINT (7.203281285000060 51.277805546000081)",Unfall 40968 (2024) Kat:3, Licht: 0,40968,3,3,5,06,13,2,0,0,0,1,0,0,0,1
"POINT (7.182899179000060 51.264743165000027)",Unfall 40969 (2024) Kat:3, Licht: 0,40969,3,2,4,06,11,2,0,0,0,1,0,0,0,0
"POINT (7.148394357000029 51.250912940000035)",Unfall 40989 (2024) Kat:3, Licht: 2,40989,3,3,5,06,00,5,0,2,0,1,0,0,0,0
"POINT (7.222327408000069 51.275433649000036)",Unfall 41088 (2024) Kat:3, Licht: 0,41088,3,1,6,06,19,1,0,0,0,0,1,0,0,1
"POINT (7.215583912000056 51.283233392000056)",Unfall 41089 (2024) Kat:3, Licht: 2,41089,3,7,0,06,03,1,0,2,0,0,0,0,0,1
"POINT (7.276733492000062 51.209245037000073)",Unfall 41200 (2024) Kat:2, Licht: 0,41200,2,1,4,06,20,7,0,0,0,1,0,0,0,1
"POINT (7.214533542000027 51.282807999000056)",Unfall 41201 (2024) Kat:3, Licht: 0,41201,3,4,6,06,13,7,0,0,0,1,1,0,0,0
"POINT (7.148788517000071 51.259104403000038)",Unfall 41251 (2024) Kat:3, Licht: 0,41251,3,6,2,06,19,5,0,0,0,1,0,0,0,0
"POINT (7.146143417000076 51.214911449000056)",Unfall 41333 (2024) Kat:3, Licht: 0,41333,3,6,3,06,15,6,0,0,1,1,0,0,0,0
"POINT (7.218259743000033 51.275224291000029)",Unfall 41341 (2024) Kat:2, Licht: 0,41341,2,4,6,06,15,6,1,0,0,1,1,0,0,0
"POINT (7.208984275000034 51.283633475000045)",Unfall 41475 (2024) Kat:2, Licht: 0,41475,2,4,6,06,12,5,0,0,0,1,1,0,0,0
"POINT (7.165202569000030 51.272504348000041)",Unfall 41490 (2024) Kat:3, Licht: 2,41490,3,6,3,06,22,5,0,2,0,1,0,0,1,0
"POINT (7.104897353000069 51.250009470000066)",Unfall 41625 (2024) Kat:3, Licht: 2,41625,3,1,9,06,00,4,1,2,0,1,0,0,0,0
"POINT (7.209643799000048 51.271185092000053)",Unfall 41722 (2024) Kat:3, Licht: 0,41722,3,6,3,06,20,7,0,0,0,0,0,1,0,0
"POINT (7.141242593000072 51.254545088000043)",Unfall 41774 (2024) Kat:3, Licht: 0,41774,3,6,2,07,16,5,0,0,0,1,0,0,0,0
"POINT (7.240767126000037 51.280779310000071)",Unfall 41986 (2024) Kat:3, Licht: 0,41986,3,7,0,07,07,3,0,0,0,1,0,1,0,0
"POINT (7.212801550000052 51.272030386000040)",Unfall 41993 (2024) Kat:3, Licht: 0,41993,3,7,3,07,08,4,1,0,0,1,0,1,0,0
"POINT (7.095505494000065 51.232509414000049)",Unfall 42113 (2024) Kat:3, Licht: 0,42113,3,6,0,07,15,2,0,0,0,1,0,0,0,0
"POINT (7.130840282000065 51.264916076000077)",Unfall 42145 (2024) Kat:3, Licht: 0,42145,3,1,0,07,17,5,0,0,1,0,0,0,0,0
"POINT (7.293568324000034 51.249828120000075)",Unfall 42181 (2024) Kat:2, Licht: 0,42181,2,7,5,07,14,1,0,0,0,1,0,1,0,0
"POINT (7.185346470000070 51.277585684000030)",Unfall 42182 (2024) Kat:3, Licht: 0,42182,3,7,0,07,14,1,0,0,0,1,0,0,0,0
"POINT (7.072897830000045 51.262197407000031)",Unfall 42183 (2024) Kat:3, Licht: 0,42183,3,1,0,07,19,1,0,0,0,0,0,1,0,0
"POINT (7.226327514000047 51.253484807000063)",Unfall 42191 (2024) Kat:2, Licht: 2,42191,2,1,3,07,03,1,0,2,0,1,0,0,1,0
"POINT (7.195822763000024 51.268120913000075)",Unfall 42264 (2024) Kat:3, Licht: 0,42264,3,2,5,07,12,7,0,0,0,1,0,0,0,0
"POINT (7.137652606000074 51.281255708000060)",Unfall 42265 (2024) Kat:3, Licht: 0,42265,3,3,5,07,09,7,0,0,0,1,0,1,0,0
"POINT (7.154074930000036 51.235003629000062)",Unfall 42347 (2024) Kat:2, Licht: 1,42347,2,2,6,07,21,6,0,1,0,1,1,0,0,0
"POINT (7.130473291000044 51.265463190000048)",Unfall 42348 (2024) Kat:3, Licht: 0,42348,3,6,2,07,13,6,0,0,0,1,0,0,0,0
"POINT (7.108124918000044 51.195707747000029)",Unfall 42439 (2024) Kat:3, Licht: 0,42439,3,2,0,07,16,3,0,0,0,0,0,1,0,0
"POINT (7.185651182000072 51.277350371000068)",Unfall 42453 (2024) Kat:3, Licht: 0,42453,3,4,6,07,13,5,0,0,0,1,1,0,0,0
"POINT (7.156184806000056 51.263748186000043)",Unfall 42557 (2024) Kat:3, Licht: 0,42557,3,7,3,07,15,4,0,0,0,1,0,0,0,0
"POINT (7.137469480000050 51.254034813000032)",Unfall 42687 (2024) Kat:3, Licht: 0,42687,3,1,0,07,19,3,1,0,0,0,0,1,0,0
"POINT (7.085950932000060 51.235444087000076)",Unfall 42688 (2024) Kat:3, Licht: 0,42688,3,1,1,07,09,3,1,0,0,1,0,0,0,1
"POINT (7.229776786000059 51.258642403000067)",Unfall 43049 (2024) Kat:3, Licht: 0,43049,3,6,2,06,15,7,0,0,0,1,0,0,0,0
"POINT (7.174298482000040 51.262049032000050)",Unfall 43050 (2024) Kat:3, Licht: 1,43050,3,1,0,06,04,7,0,1,0,0,0,0,0,1
"POINT (7.231083940000076 51.256580465000070)",Unfall 43173 (2024) Kat:3, Licht: 0,43173,3,6,2,07,05,2,0,0,0,1,0,0,0,0
"POINT (7.236347703000035 51.268231197000034)",Unfall 43232 (2024) Kat:3, Licht: 0,43232,3,6,2,06,17,6,0,0,0,1,0,0,0,0
"POINT (7.228232021000053 51.273751109000045)",Unfall 43233 (2024) Kat:3, Licht: 0,43233,3,7,0,06,05,6,0,0,0,0,0,0,0,1
"POINT (7.052403713000047 51.210576080000067)",Unfall 43234 (2024) Kat:3, Licht: 0,43234,3,3,5,06,14,6,0,0,1,0,0,1,0,0
"POINT (7.131262430000049 51.263982978000058)",Unfall 43235 (2024) Kat:3, Licht: 0,43235,3,6,6,06,14,6,0,0,0,0,1,0,0,1
"POINT (7.147871515000077 51.215797902000077)",Unfall 43236 (2024) Kat:3, Licht: 0,43236,3,6,2,06,12,6,0,0,0,1,0,0,0,0
"POINT (7.113803579000034 51.193024752000042)",Unfall 43417 (2024) Kat:3, Licht: 1,43417,3,1,0,08,06,6,0,1,0,0,0,1,0,0
"POINT (7.132567023000036 51.262043967000068)",Unfall 43418 (2024) Kat:3, Licht: 2,43418,3,3,5,08,23,6,0,2,0,1,0,0,0,0
"POINT (7.072703024000020 51.261390576000053)",Unfall 43419 (2024) Kat:3, Licht: 2,43419,3,7,0,08,23,6,0,2,0,0,1,0,0,1
"POINT (7.225244543000031 51.285608325000055)",Unfall 43504 (2024) Kat:3, Licht: 0,43504,3,2,2,08,14,5,1,0,0,1,0,0,0,1
"POINT (7.080721402000052 51.234740527000042)",Unfall 43505 (2024) Kat:3, Licht: 0,43505,3,6,2,08,17,5,1,0,0,1,0,0,0,0
"POINT (7.147151907000023 51.248080348000030)",Unfall 43600 (2024) Kat:3, Licht: 0,43600,3,1,0,07,15,4,1,0,0,0,0,0,0,1
"POINT (7.214117792000025 51.274566445000062)",Unfall 43663 (2024) Kat:3, Licht: 0,43663,3,6,2,07,17,3,0,0,0,1,0,1,0,0
"POINT (7.107579655000052 51.197009678000029)",Unfall 43665 (2024) Kat:3, Licht: 0,43665,3,2,5,07,15,3,0,0,0,1,0,0,0,0
"POINT (7.174907254000061 51.258120108000071)",Unfall 43752 (2024) Kat:2, Licht: 0,43752,2,5,1,07,14,2,0,0,0,1,0,0,0,0
"POINT (7.223599133000050 51.271703242000058)",Unfall 43753 (2024) Kat:2, Licht: 0,43753,2,7,3,07,13,2,0,0,0,1,0,1,0,0
"POINT (7.228253414000051 51.274125881000032)",Unfall 43754 (2024) Kat:3, Licht: 0,43754,3,6,2,07,11,2,0,0,0,1,0,0,0,0
"POINT (7.111567549000029 51.256909920000055)",Unfall 43764 (2024) Kat:3, Licht: 0,43764,3,7,8,07,10,2,0,0,0,1,0,0,0,1
"POINT (7.168683761000068 51.274061221000068)",Unfall 43834 (2024) Kat:3, Licht: 0,43834,3,6,2,07,18,1,0,0,0,1,0,0,0,0
"POINT (7.234137461000046 51.266779715000041)",Unfall 43994 (2024) Kat:3, Licht: 2,43994,3,3,5,07,22,6,0,2,0,1,0,0,0,0
"POINT (7.229915677000065 51.234584933000065)",Unfall 44000 (2024) Kat:2, Licht: 0,44000,2,1,0,07,07,6,1,0,0,1,0,0,0,0
"POINT (7.186537543000043 51.265828403000057)",Unfall 44028 (2024) Kat:3, Licht: 0,44028,3,6,2,07,16,2,0,0,0,1,0,1,0,0
"POINT (7.203843622000022 51.280886011000064)",Unfall 44084 (2024) Kat:3, Licht: 2,44084,3,7,1,07,04,5,0,2,0,1,0,0,0,0
"POINT (7.168079578000061 51.244252794000033)",Unfall 44085 (2024) Kat:3, Licht: 0,44085,3,6,3,07,20,5,0,0,0,1,0,0,0,0
"POINT (7.191219133000061 51.242594382000050)",Unfall 44086 (2024) Kat:3, Licht: 0,44086,3,6,2,07,13,5,0,0,0,1,0,0,0,0
"POINT (7.129775101000064 51.265337809000073)",Unfall 44092 (2024) Kat:3, Licht: 0,44092,3,6,3,07,19,5,0,0,0,1,0,0,0,0
"POINT (7.203270956000040 51.286675415000047)",Unfall 44168 (2024) Kat:3, Licht: 0,44168,3,6,2,07,13,4,0,0,0,1,0,0,0,0
"POINT (7.234792320000054 51.228796953000028)",Unfall 44270 (2024) Kat:3, Licht: 0,44270,3,1,1,07,15,3,0,0,0,1,0,0,0,0
"POINT (7.105997770000045 51.246117171000037)",Unfall 44271 (2024) Kat:3, Licht: 2,44271,3,1,0,07,01,3,0,2,0,0,0,0,0,1
"POINT (7.196216383000035 51.270368520000034)",Unfall 44458 (2024) Kat:3, Licht: 0,44458,3,1,0,07,17,1,0,0,0,0,0,0,0,1
"POINT (7.150763042000051 51.256247844000029)",Unfall 44459 (2024) Kat:3, Licht: 2,44459,3,3,5,07,01,1,1,2,0,1,0,0,0,0
"POINT (7.143351226000050 51.260869630000059)",Unfall 44580 (2024) Kat:3, Licht: 0,44580,3,6,2,08,20,5,1,0,0,1,0,0,0,0
"POINT (7.130179683000051 51.257844430000034)",Unfall 44647 (2024) Kat:2, Licht: 0,44647,2,1,0,07,21,6,0,0,1,0,0,0,0,0
"POINT (7.145949725000037 51.261004013000047)",Unfall 44695 (2024) Kat:3, Licht: 0,44695,3,6,2,07,17,4,0,0,0,1,0,0,0,0
"POINT (7.139987311000027 51.254458241000066)",Unfall 44745 (2024) Kat:3, Licht: 0,44745,3,3,6,08,16,6,0,0,0,1,1,0,0,0
"POINT (7.212038661000065 51.270418335000045)",Unfall 44787 (2024) Kat:3, Licht: 0,44787,3,7,1,07,15,5,0,0,0,1,0,0,0,0
"POINT (7.192694842000037 51.273799373000031)",Unfall 44788 (2024) Kat:2, Licht: 0,44788,2,6,3,07,14,5,0,0,0,1,0,1,0,0
"POINT (7.156987918000027 51.264571818000036)",Unfall 44982 (2024) Kat:3, Licht: 0,44982,3,5,1,07,16,3,0,0,1,1,0,0,0,0
"POINT (7.126753739000037 51.250411952000036)",Unfall 45052 (2024) Kat:3, Licht: 0,45052,3,7,6,07,14,3,0,0,0,1,1,0,0,0
"POINT (7.233509324000067 51.263764877000028)",Unfall 45115 (2024) Kat:3, Licht: 0,45115,3,7,8,07,14,2,0,0,1,0,0,0,0,0
"POINT (7.054674861000024 51.222966119000034)",Unfall 45178 (2024) Kat:3, Licht: 0,45178,3,7,1,07,13,3,0,0,0,1,0,1,0,0
"POINT (7.104830343000060 51.245136143000082)",Unfall 45236 (2024) Kat:3, Licht: 0,45236,3,6,2,07,15,1,0,0,0,1,0,0,0,0
"POINT (7.092933987000038 51.234409128000038)",Unfall 45242 (2024) Kat:2, Licht: 0,45242,2,6,3,07,13,1,0,0,0,0,0,1,0,0
"POINT (7.182588796000061 51.265050635000080)",Unfall 45349 (2024) Kat:3, Licht: 0,45349,3,7,0,07,11,7,0,0,0,1,0,0,0,0
"POINT (7.070988739000029 51.252796713000066)",Unfall 45444 (2024) Kat:3, Licht: 0,45444,3,6,2,07,14,6,1,0,0,1,0,0,0,0
"POINT (7.192976624000039 51.256650744000069)",Unfall 45538 (2024) Kat:3, Licht: 2,45538,3,1,0,08,21,4,1,2,0,0,0,1,0,0
"POINT (7.203548670000032 51.280906948000052)",Unfall 45539 (2024) Kat:3, Licht: 0,45539,3,4,6,08,12,4,0,0,0,1,1,0,0,0
"POINT (7.131814828000074 51.263234001000058)",Unfall 45627 (2024) Kat:3, Licht: 0,45627,3,3,5,08,14,3,0,0,0,1,0,0,0,1
"POINT (7.152970155000048 51.256305577000035)",Unfall 45714 (2024) Kat:3, Licht: 0,45714,3,1,8,08,16,2,0,0,1,0,0,0,0,0
"POINT (7.117880825000043 51.262576786000068)",Unfall 45719 (2024) Kat:3, Licht: 0,45719,3,6,2,08,17,2,0,0,0,1,0,0,0,0
"POINT (7.237191040000027 51.265483928000037)",Unfall 45796 (2024) Kat:3, Licht: 2,45796,3,1,8,08,22,1,0,2,1,0,0,0,0,0
"POINT (7.221312056000045 51.275372041000026)",Unfall 45797 (2024) Kat:3, Licht: 0,45797,3,7,5,08,16,1,0,0,0,1,0,0,0,1
"POINT (7.212601816000074 51.274246018000042)",Unfall 45898 (2024) Kat:3, Licht: 0,45898,3,6,3,08,11,7,0,0,0,1,0,0,0,0
"POINT (7.150918523000030 51.256099409000058)",Unfall 45900 (2024) Kat:3, Licht: 0,45900,3,2,5,08,19,7,0,0,0,1,0,0,0,0
"POINT (7.119048394000060 51.249145959000032)",Unfall 45902 (2024) Kat:3, Licht: 0,45902,3,6,2,08,18,7,0,0,0,1,0,0,0,0
"POINT (7.263872977000062 51.277006574000040)",Unfall 46007 (2024) Kat:3, Licht: 0,46007,3,5,8,08,11,6,0,0,0,1,0,0,0,0
"POINT (7.252055899000027 51.304619702000082)",Unfall 46122 (2024) Kat:3, Licht: 0,46122,3,6,1,08,11,5,0,0,0,1,0,0,0,0
"POINT (7.181812166000043 51.282009772000038)",Unfall 46123 (2024) Kat:3, Licht: 0,46123,3,1,0,08,08,5,0,0,0,0,0,1,0,0
"POINT (7.178049180000073 51.263233276000051)",Unfall 46124 (2024) Kat:3, Licht: 0,46124,3,6,2,08,17,5,0,0,0,1,0,0,0,0
"POINT (7.206639457000051 51.285626843000045)",Unfall 46334 (2024) Kat:3, Licht: 0,46334,3,6,3,08,17,3,0,0,0,1,0,1,0,0
"POINT (7.151999327000055 51.223725515000069)",Unfall 46335 (2024) Kat:3, Licht: 0,46335,3,6,2,08,16,3,0,0,0,1,0,1,0,0
"POINT (7.146687751000059 51.261040287000071)",Unfall 46336 (2024) Kat:3, Licht: 1,46336,3,6,0,08,06,3,0,1,1,0,0,0,0,1
"POINT (7.068175646000043 51.230300883000041)",Unfall 46411 (2024) Kat:2, Licht: 0,46411,2,6,5,08,16,4,0,0,0,1,0,1,0,0
"POINT (7.236026640000034 51.234132247000048)",Unfall 46436 (2024) Kat:3, Licht: 0,46436,3,6,2,08,13,2,0,0,0,1,0,0,0,0
"POINT (7.137481093000076 51.281209087000036)",Unfall 46437 (2024) Kat:3, Licht: 0,46437,3,3,0,08,17,2,0,0,0,1,0,1,0,0
"POINT (7.138013921000038 51.254172127000061)",Unfall 46438 (2024) Kat:3, Licht: 0,46438,3,7,0,08,15,2,0,0,0,1,0,0,0,1
"POINT (7.226240898000071 51.274096156000041)",Unfall 46529 (2024) Kat:3, Licht: 0,46529,3,2,3,08,12,1,0,0,0,1,0,1,0,0
"POINT (7.231061259000057 51.255785715000059)",Unfall 46613 (2024) Kat:2, Licht: 0,46613,2,1,0,08,12,7,0,0,1,0,0,0,0,0
"POINT (7.156328494000036 51.284608689000038)",Unfall 46614 (2024) Kat:3, Licht: 0,46614,3,3,5,08,20,7,0,0,0,1,0,0,0,0
"POINT (7.077923921000036 51.234650907000059)",Unfall 46638 (2024) Kat:3, Licht: 0,46638,3,3,5,08,17,2,0,0,0,1,0,1,0,0
"POINT (7.194847180000068 51.236639610000054)",Unfall 46787 (2024) Kat:3, Licht: 0,46787,3,6,1,08,07,3,0,0,0,1,0,0,0,0
"POINT (7.131689468000047 51.252730235000058)",Unfall 46788 (2024) Kat:3, Licht: 0,46788,3,1,0,08,19,3,0,0,1,0,0,0,0,1
"POINT (7.111679771000070 51.285005677000072)",Unfall 46789 (2024) Kat:3, Licht: 0,46789,3,3,5,08,15,3,0,0,1,1,0,0,0,0
"POINT (7.057838802000049 51.234499007000068)",Unfall 46790 (2024) Kat:3, Licht: 0,46790,3,6,1,08,08,3,0,0,0,1,0,0,0,0
"POINT (7.195728648000056 51.271216326000058)",Unfall 46907 (2024) Kat:3, Licht: 0,46907,3,2,5,08,18,2,0,0,0,1,0,0,0,1
"POINT (7.129844310000067 51.265242613000055)",Unfall 46920 (2024) Kat:3, Licht: 0,46920,3,6,2,08,14,2,0,0,0,1,0,0,0,0
"POINT (7.217358057000069 51.221376700000064)",Unfall 47007 (2024) Kat:3, Licht: 0,47007,3,2,5,08,16,1,0,0,0,1,0,0,0,0
"POINT (7.214452054000049 51.235884164000026)",Unfall 47008 (2024) Kat:3, Licht: 0,47008,3,6,2,08,14,1,0,0,0,1,0,0,0,1
"POINT (7.217414424000026 51.221427878000043)",Unfall 47120 (2024) Kat:3, Licht: 2,47120,3,6,2,08,21,7,1,2,0,1,0,0,0,0
"POINT (7.206441379000069 51.272742141000037)",Unfall 47244 (2024) Kat:3, Licht: 0,47244,3,7,6,08,13,6,0,0,0,0,1,0,0,1
"POINT (7.141242593000072 51.254545088000043)",Unfall 47245 (2024) Kat:1, Licht: 2,47245,1,4,6,08,23,6,1,2,0,1,1,0,0,0
"POINT (7.123334785000054 51.277888066000060)",Unfall 47246 (2024) Kat:3, Licht: 0,47246,3,6,2,08,14,6,0,0,1,1,0,0,0,0
"POINT (7.032909960000040 51.239332229000070)",Unfall 47359 (2024) Kat:3, Licht: 1,47359,3,7,8,08,22,5,0,1,0,1,0,0,0,0
"POINT (7.191042399000025 51.243855823000047)",Unfall 47493 (2024) Kat:3, Licht: 0,47493,3,6,3,08,16,4,0,0,0,1,0,0,0,0
"POINT (7.077123842000049 51.234289216000036)",Unfall 47494 (2024) Kat:3, Licht: 0,47494,3,1,6,08,19,4,0,0,0,0,1,0,0,1
"POINT (7.085248087000025 51.256492761000061)",Unfall 47495 (2024) Kat:3, Licht: 0,47495,3,6,2,08,16,4,0,0,0,1,0,0,0,0
"POINT (7.153558038000028 51.256160374000046)",Unfall 47496 (2024) Kat:3, Licht: 0,47496,3,3,5,08,09,4,0,0,1,1,0,0,0,0
"POINT (7.215246488000048 51.302392267000073)",Unfall 47515 (2024) Kat:2, Licht: 1,47515,2,1,7,08,05,5,0,1,0,0,0,1,0,0
"POINT (7.155908431000057 51.251135030000057)",Unfall 47618 (2024) Kat:3, Licht: 0,47618,3,6,0,08,18,3,0,0,0,1,0,0,0,1
"POINT (7.122442370000044 51.248769643000060)",Unfall 47750 (2024) Kat:3, Licht: 0,47750,3,7,2,08,16,4,0,0,0,1,0,0,0,0
"POINT (7.199305295000045 51.288462649000053)",Unfall 47767 (2024) Kat:3, Licht: 0,47767,3,6,1,08,17,2,0,0,0,1,0,0,0,1
"POINT (7.199305652000021 51.288462727000081)",Unfall 47768 (2024) Kat:3, Licht: 0,47768,3,6,2,08,17,2,0,0,0,1,0,0,0,0
"POINT (7.236344724000048 51.273476163000055)",Unfall 48095 (2024) Kat:3, Licht: 0,48095,3,5,1,08,13,6,0,0,1,1,0,0,0,0
"POINT (7.237673558000040 51.273739630000080)",Unfall 48096 (2024) Kat:2, Licht: 0,48096,2,7,5,08,13,6,0,0,1,1,0,0,0,0
"POINT (7.156953631000022 51.256294558000036)",Unfall 48097 (2024) Kat:3, Licht: 0,48097,3,6,2,08,09,6,0,0,0,1,0,0,0,0
"POINT (7.143605838000042 51.243898417000082)",Unfall 48160 (2024) Kat:3, Licht: 2,48160,3,3,5,08,22,4,0,2,0,1,0,1,0,0
"POINT (7.223915303000069 51.272752740000044)",Unfall 48240 (2024) Kat:3, Licht: 0,48240,3,2,3,08,16,5,0,0,0,1,0,0,0,1
"POINT (7.257344235000062 51.283208994000063)",Unfall 48243 (2024) Kat:3, Licht: 0,48243,3,2,5,08,13,5,0,0,0,1,0,0,0,0
"POINT (7.136678267000036 51.251287380000065)",Unfall 48410 (2024) Kat:3, Licht: 0,48410,3,5,3,09,12,6,0,0,0,1,0,0,0,0
"POINT (7.256370335000042 51.273298343000079)",Unfall 48502 (2024) Kat:3, Licht: 2,48502,3,6,2,09,22,5,0,2,0,1,0,0,0,0
"POINT (7.117884407000076 51.262577770000064)",Unfall 48533 (2024) Kat:3, Licht: 0,48533,3,6,1,09,17,6,0,0,0,1,0,0,0,0
"POINT (7.053992831000073 51.222356482000066)",Unfall 48542 (2024) Kat:3, Licht: 0,48542,3,6,2,09,14,6,0,0,0,0,0,1,0,1
"POINT (7.244355521000045 51.281032832000051)",Unfall 48590 (2024) Kat:3, Licht: 0,48590,3,6,2,09,14,4,0,0,0,1,0,0,0,0
"POINT (7.244331423000062 51.281034038000030)",Unfall 48591 (2024) Kat:3, Licht: 0,48591,3,6,2,09,15,4,0,0,0,1,0,0,0,0
"POINT (7.237737655000046 51.278964012000074)",Unfall 48685 (2024) Kat:2, Licht: 0,48685,2,3,5,09,14,3,0,0,0,1,0,0,0,0
"POINT (7.203058093000038 51.262638633000051)",Unfall 48778 (2024) Kat:3, Licht: 0,48778,3,1,4,09,19,2,1,0,0,1,0,0,0,0
"POINT (7.200805522000053 51.269560271000046)",Unfall 48779 (2024) Kat:3, Licht: 1,48779,3,1,0,09,18,2,1,1,0,0,0,1,0,0
"POINT (7.179919022000036 51.274385226000049)",Unfall 48780 (2024) Kat:3, Licht: 0,48780,3,7,1,09,09,2,1,0,0,1,0,0,0,0
"POINT (7.129827622000050 51.264386118000061)",Unfall 48860 (2024) Kat:3, Licht: 0,48860,3,1,9,09,18,2,1,0,0,1,0,0,0,0
"POINT (7.131768566000062 51.256676537000033)",Unfall 48973 (2024) Kat:3, Licht: 2,48973,3,1,0,09,23,7,0,2,1,0,0,0,0,0
"POINT (7.174428207000062 51.258434183000077)",Unfall 49105 (2024) Kat:3, Licht: 0,49105,3,6,2,09,14,6,0,0,0,1,0,0,0,0
"POINT (7.163713213000051 51.245503372000030)",Unfall 49106 (2024) Kat:3, Licht: 0,49106,3,3,5,09,16,6,0,0,0,1,0,0,0,0
"POINT (7.176600555000050 51.262765884000032)",Unfall 49226 (2024) Kat:3, Licht: 0,49226,3,6,0,09,12,5,0,0,0,1,0,0,0,1
"POINT (7.153030846000036 51.252855081000064)",Unfall 49227 (2024) Kat:3, Licht: 0,49227,3,1,0,09,07,5,0,0,0,1,0,0,0,1
"POINT (7.196296374000042 51.270527397000080)",Unfall 49367 (2024) Kat:3, Licht: 0,49367,3,3,5,09,08,4,1,0,1,1,0,0,0,0
"POINT (7.090608880000048 51.236908690000064)",Unfall 49368 (2024) Kat:3, Licht: 0,49368,3,6,1,09,15,4,0,0,1,1,0,0,0,0
"POINT (7.198578348000069 51.273013202000072)",Unfall 49503 (2024) Kat:3, Licht: 0,49503,3,2,6,09,18,3,0,0,0,1,1,0,0,0
"POINT (7.214304429000038 51.274599341000055)",Unfall 49504 (2024) Kat:3, Licht: 0,49504,3,6,2,09,17,3,0,0,0,1,0,0,0,0
"POINT (7.143704492000040 51.243593108000027)",Unfall 49505 (2024) Kat:3, Licht: 0,49505,3,7,2,09,10,3,0,0,0,1,0,0,0,0
"POINT (7.196242256000062 51.229891819000045)",Unfall 49648 (2024) Kat:3, Licht: 0,49648,3,4,6,09,11,2,0,0,0,1,1,0,0,0
"POINT (7.199908737000044 51.224391844000081)",Unfall 49649 (2024) Kat:3, Licht: 0,49649,3,4,6,09,09,2,0,0,1,0,1,0,0,0
"POINT (7.201651304000052 51.270660468000074)",Unfall 49757 (2024) Kat:3, Licht: 2,49757,3,1,9,09,23,1,0,2,0,1,0,0,0,0
"POINT (7.105725890000031 51.269271529000036)",Unfall 49758 (2024) Kat:3, Licht: 1,49758,3,6,4,09,20,1,0,1,0,1,0,0,0,0
"POINT (7.139471102000073 51.261558918000048)",Unfall 49777 (2024) Kat:3, Licht: 0,49777,3,2,5,09,19,7,0,0,1,1,0,0,0,0
"POINT (7.203281285000060 51.277805546000081)",Unfall 49877 (2024) Kat:3, Licht: 0,49877,3,6,0,08,10,7,0,0,0,1,0,0,0,1
"POINT (7.070200183000054 51.221360281000045)",Unfall 49888 (2024) Kat:3, Licht: 0,49888,3,6,3,08,10,7,0,0,0,1,0,0,0,0
"POINT (7.183215514000040 51.290543527000068)",Unfall 49957 (2024) Kat:3, Licht: 0,49957,3,6,2,09,15,1,0,0,0,1,0,0,0,0
"POINT (7.226499985000032 51.270648705000042)",Unfall 50016 (2024) Kat:3, Licht: 0,50016,3,4,6,08,14,6,0,0,0,1,1,0,0,0
"POINT (7.140172731000064 51.251250173000074)",Unfall 50017 (2024) Kat:3, Licht: 0,50017,3,1,0,08,09,6,1,0,1,0,0,0,0,0
"POINT (7.229550721000066 51.304648205000035)",Unfall 50025 (2024) Kat:3, Licht: 0,50025,3,6,2,08,14,6,0,0,0,1,0,0,0,0
"POINT (7.076032702000020 51.233789008000031)",Unfall 50037 (2024) Kat:3, Licht: 2,50037,3,7,4,09,20,6,0,2,1,1,0,0,0,0
"POINT (7.153891021000049 51.250904465000076)",Unfall 50138 (2024) Kat:3, Licht: 0,50138,3,4,6,09,16,6,1,0,0,1,1,0,0,0
"POINT (7.133807043000047 51.253077659000041)",Unfall 50148 (2024) Kat:3, Licht: 0,50148,3,6,3,08,14,5,0,0,1,1,0,0,0,0
"POINT (7.089622721000069 51.253216616000032)",Unfall 50169 (2024) Kat:3, Licht: 0,50169,3,6,2,08,08,5,0,0,0,1,0,0,0,0
"POINT (7.229661085000032 51.254877302000068)",Unfall 50332 (2024) Kat:3, Licht: 0,50332,3,6,2,08,10,4,0,0,0,1,0,0,0,0
"POINT (7.104104653000036 51.249363515000027)",Unfall 50345 (2024) Kat:3, Licht: 0,50345,3,6,2,08,19,4,0,0,0,1,0,0,0,1
"POINT (7.105148755000073 51.231844509000041)",Unfall 50347 (2024) Kat:3, Licht: 0,50347,3,6,2,08,13,4,0,0,0,1,0,0,0,0
"POINT (7.099003352000068 51.247746639000070)",Unfall 50348 (2024) Kat:3, Licht: 0,50348,3,6,2,08,15,4,0,0,0,1,0,0,0,0
"POINT (7.089620782000054 51.253219651000052)",Unfall 50350 (2024) Kat:1, Licht: 0,50350,1,6,2,08,12,4,0,0,0,1,0,0,0,0
"POINT (7.136144375000072 51.253695478000054)",Unfall 50528 (2024) Kat:3, Licht: 0,50528,3,2,5,09,15,2,0,0,0,1,0,1,0,0
"POINT (7.184703639000077 51.265319674000068)",Unfall 50900 (2024) Kat:3, Licht: 0,50900,3,6,2,09,17,6,0,0,0,1,0,0,0,0
"POINT (7.197094368000023 51.269555696000054)",Unfall 50901 (2024) Kat:3, Licht: 0,50901,3,1,9,09,11,6,0,0,0,0,0,1,0,0
"POINT (7.146743005000076 51.234616445000029)",Unfall 50902 (2024) Kat:3, Licht: 0,50902,3,6,0,09,14,6,0,0,0,0,0,0,0,1
"POINT (7.213625580000041 51.223091052000029)",Unfall 51049 (2024) Kat:3, Licht: 0,51049,3,1,0,09,14,5,0,0,0,0,0,1,0,0
"POINT (7.235968913000022 51.233156455000028)",Unfall 51050 (2024) Kat:3, Licht: 0,51050,3,3,5,09,12,5,0,0,0,1,0,0,0,0
"POINT (7.134173055000076 51.252800230000048)",Unfall 51193 (2024) Kat:3, Licht: 1,51193,3,6,2,09,19,4,0,1,0,1,0,1,0,0
"POINT (7.164026168000021 51.257360289000076)",Unfall 51296 (2024) Kat:3, Licht: 0,51296,3,6,2,09,14,3,0,0,0,1,0,1,0,0
"POINT (7.107413858000029 51.253289498000072)",Unfall 51451 (2024) Kat:1, Licht: 2,51451,1,1,8,09,23,6,0,2,0,0,0,0,0,1
"POINT (7.147613183000033 51.260517686000071)",Unfall 51570 (2024) Kat:3, Licht: 0,51570,3,7,6,09,19,1,0,0,0,1,1,0,0,0
"POINT (7.129846081000039 51.265243088000034)",Unfall 51670 (2024) Kat:2, Licht: 0,51670,2,6,2,10,12,4,1,0,0,1,0,0,1,0
"POINT (7.071975076000058 51.231907419000038)",Unfall 51766 (2024) Kat:2, Licht: 0,51766,2,5,1,10,15,3,0,0,1,1,0,0,0,0
"POINT (7.223048273000074 51.275455569000030)",Unfall 51877 (2024) Kat:3, Licht: 0,51877,3,2,5,10,14,2,0,0,0,1,0,0,0,1
"POINT (7.148388369000031 51.250923559000057)",Unfall 51878 (2024) Kat:3, Licht: 0,51878,3,2,6,10,16,2,0,0,0,0,1,0,0,1
"POINT (7.149290860000065 51.272912313000063)",Unfall 51879 (2024) Kat:3, Licht: 0,51879,3,6,1,10,10,2,0,0,0,1,0,0,0,0
"POINT (7.163258855000038 51.278761019000058)",Unfall 51880 (2024) Kat:3, Licht: 2,51880,3,6,2,10,06,2,1,2,1,1,0,0,0,0
"POINT (7.230365966000022 51.239414687000078)",Unfall 52041 (2024) Kat:3, Licht: 0,52041,3,6,2,10,14,7,0,0,0,1,0,0,0,0
"POINT (7.173407805000068 51.284225228000082)",Unfall 52042 (2024) Kat:3, Licht: 2,52042,3,1,8,10,23,7,0,2,0,1,0,0,0,0
"POINT (7.236685475000058 51.266820858000074)",Unfall 52146 (2024) Kat:2, Licht: 0,52146,2,2,5,10,17,6,0,0,0,1,0,1,0,0
"POINT (7.149610109000037 51.249353857000074)",Unfall 52282 (2024) Kat:3, Licht: 0,52282,3,3,4,10,14,4,1,0,0,1,0,0,0,0
"POINT (7.235850624000022 51.232636591000073)",Unfall 52406 (2024) Kat:3, Licht: 0,52406,3,6,1,10,17,3,1,0,0,1,0,0,0,0
"POINT (7.103043776000050 51.249682168000049)",Unfall 52407 (2024) Kat:3, Licht: 2,52407,3,7,0,10,21,3,0,2,0,1,0,0,0,0
"POINT (7.245943178000061 51.310067590000074)",Unfall 52422 (2024) Kat:2, Licht: 0,52422,2,1,3,10,15,3,1,0,0,1,0,0,0,0
"POINT (7.176543510000045 51.262747713000067)",Unfall 52521 (2024) Kat:2, Licht: 2,52521,2,7,0,09,22,2,1,2,0,1,0,1,0,0
"POINT (7.181125447000056 51.289935979000063)",Unfall 52522 (2024) Kat:3, Licht: 2,52522,3,3,0,09,20,2,1,2,0,1,0,1,0,0
"POINT (7.170711724000057 51.260921537000058)",Unfall 52523 (2024) Kat:3, Licht: 0,52523,3,6,2,09,07,2,0,0,0,1,0,0,0,1
"POINT (7.127360266000039 51.264351437000073)",Unfall 52536 (2024) Kat:3, Licht: 0,52536,3,6,2,09,14,2,0,0,0,1,0,0,0,0
"POINT (7.170558354000036 51.275404379000065)",Unfall 52537 (2024) Kat:3, Licht: 0,52537,3,6,2,09,15,2,1,0,0,1,0,0,0,0
"POINT (7.064904905000049 51.229435715000079)",Unfall 52606 (2024) Kat:3, Licht: 0,52606,3,3,5,09,08,1,0,0,0,1,0,0,0,0
"POINT (7.215774106000026 51.302498211000056)",Unfall 52831 (2024) Kat:3, Licht: 0,52831,3,3,5,09,19,6,0,0,0,1,0,0,0,0
"POINT (7.200727919000030 51.265487005000068)",Unfall 52995 (2024) Kat:3, Licht: 0,52995,3,7,4,09,18,5,1,0,0,1,0,0,0,0
"POINT (7.156033245000060 51.257805232000067)",Unfall 52996 (2024) Kat:3, Licht: 2,52996,3,4,0,09,20,5,0,2,0,0,1,0,0,1
"POINT (7.150509247000059 51.256396713000072)",Unfall 52997 (2024) Kat:3, Licht: 0,52997,3,6,0,09,15,5,0,0,0,0,0,0,0,1
"POINT (7.115379905000054 51.261707910000041)",Unfall 53006 (2024) Kat:2, Licht: 2,53006,2,1,9,09,21,5,1,2,0,0,0,0,0,1
"POINT (7.229835297000022 51.241447404000041)",Unfall 53007 (2024) Kat:3, Licht: 0,53007,3,6,1,09,11,5,1,0,0,0,0,0,1,1
"POINT (7.199857571000052 51.237510401000065)",Unfall 53020 (2024) Kat:3, Licht: 0,53020,3,2,0,09,13,2,0,0,0,1,0,1,0,0
"POINT (7.212871984000060 51.272162521000041)",Unfall 53128 (2024) Kat:3, Licht: 0,53128,3,6,0,09,09,4,0,0,0,0,0,0,0,1
"POINT (7.234267775000035 51.226785444000029)",Unfall 53129 (2024) Kat:3, Licht: 2,53129,3,3,5,09,05,4,1,2,0,1,0,0,0,0
"POINT (7.132567564000055 51.253916100000026)",Unfall 53130 (2024) Kat:2, Licht: 2,53130,2,1,1,09,21,4,1,2,0,1,1,0,0,0
"POINT (7.105000767000035 51.250089928000079)",Unfall 53198 (2024) Kat:3, Licht: 0,53198,3,1,8,09,13,4,1,0,0,0,0,0,1,0
"POINT (7.154799699000023 51.257955422000066)",Unfall 53348 (2024) Kat:3, Licht: 1,53348,3,3,5,10,16,3,1,1,1,1,0,0,0,0
"POINT (7.167708252000068 51.285354914000038)",Unfall 53349 (2024) Kat:3, Licht: 0,53349,3,1,0,10,15,3,1,0,1,0,0,0,0,0
"POINT (7.165115790000073 51.272628552000072)",Unfall 53365 (2024) Kat:3, Licht: 0,53365,3,6,2,10,08,3,1,0,0,1,0,0,0,1
"POINT (7.201528755000027 51.295271893000063)",Unfall 53469 (2024) Kat:3, Licht: 0,53469,3,4,6,10,15,2,0,0,0,1,1,0,0,0
"POINT (7.202555689000064 51.263482996000050)",Unfall 53471 (2024) Kat:3, Licht: 2,53471,3,6,2,10,18,2,0,2,0,1,0,0,0,0
"POINT (7.146283940000046 51.214791494000053)",Unfall 53472 (2024) Kat:3, Licht: 0,53472,3,6,2,10,07,2,1,0,0,1,0,0,0,0
"POINT (7.053434723000066 51.212506028000064)",Unfall 53477 (2024) Kat:3, Licht: 0,53477,3,6,3,10,16,2,0,0,0,1,0,0,1,0
"POINT (7.233514297000056 51.257101644000045)",Unfall 53613 (2024) Kat:3, Licht: 0,53613,3,5,1,10,13,7,0,0,0,1,0,1,0,0
"POINT (7.141596630000038 51.254701579000027)",Unfall 53614 (2024) Kat:2, Licht: 2,53614,2,6,2,10,22,7,0,2,0,0,0,0,0,1
"POINT (7.156328091000034 51.276663783000060)",Unfall 53615 (2024) Kat:3, Licht: 2,53615,3,6,2,10,19,7,0,2,0,1,0,0,0,0
"POINT (7.127796653000075 51.250896002000047)",Unfall 53730 (2024) Kat:3, Licht: 0,53730,3,6,2,10,16,6,0,0,0,1,0,0,0,0
"POINT (7.161517420000052 51.267220578000035)",Unfall 53731 (2024) Kat:2, Licht: 2,53731,2,2,6,10,19,6,0,2,0,1,1,0,0,0
"POINT (7.208457613000064 51.273815612000078)",Unfall 53857 (2024) Kat:3, Licht: 0,53857,3,3,5,10,14,5,0,0,1,1,0,0,0,0
"POINT (7.139333419000025 51.250901239000029)",Unfall 53858 (2024) Kat:3, Licht: 0,53858,3,3,5,10,17,5,0,0,0,1,0,1,0,0
"POINT (7.141295673000059 51.251617494000072)",Unfall 53860 (2024) Kat:3, Licht: 0,53860,3,1,1,10,09,5,0,0,0,1,0,0,0,0
"POINT (7.122373191000065 51.280755590000069)",Unfall 53861 (2024) Kat:2, Licht: 0,53861,2,6,3,10,14,5,0,0,0,1,0,1,0,0
"POINT (7.154278093000073 51.276097847000074)",Unfall 53963 (2024) Kat:2, Licht: 1,53963,2,1,7,10,17,4,0,1,0,1,0,0,0,0
"POINT (7.217651525000065 51.275188336000042)",Unfall 54002 (2024) Kat:2, Licht: 0,54002,2,6,0,10,12,3,0,0,0,0,0,0,0,1
"POINT (7.199022275000061 51.267707602000030)",Unfall 54178 (2024) Kat:3, Licht: 1,54178,3,6,2,10,07,2,1,1,0,1,0,0,0,0
"POINT (7.152133490000040 51.221686033000026)",Unfall 54179 (2024) Kat:3, Licht: 0,54179,3,2,4,10,15,2,1,0,0,1,0,0,0,0
"POINT (7.110198034000064 51.193447334000041)",Unfall 54180 (2024) Kat:3, Licht: 2,54180,3,1,8,10,03,2,1,2,0,1,0,0,0,0
"POINT (7.128577267000026 51.264838674000032)",Unfall 54284 (2024) Kat:3, Licht: 0,54284,3,6,2,10,13,1,0,0,0,1,0,0,0,0
"POINT (7.104833714000051 51.250094147000027)",Unfall 54285 (2024) Kat:3, Licht: 2,54285,3,7,8,10,06,1,0,2,0,1,0,0,0,0
"POINT (7.132808235000027 51.262018295000075)",Unfall 54348 (2024) Kat:3, Licht: 0,54348,3,6,1,10,13,7,1,0,0,1,0,0,0,0
"POINT (7.101492354000072 51.248635013000069)",Unfall 54355 (2024) Kat:2, Licht: 0,54355,2,1,8,10,10,7,1,0,0,1,0,0,0,0
"POINT (7.226503405000074 51.253387704000033)",Unfall 54356 (2024) Kat:2, Licht: 2,54356,2,7,8,10,01,7,0,2,0,1,0,0,0,0
"POINT (7.240440019000062 51.280731591000063)",Unfall 54457 (2024) Kat:3, Licht: 0,54457,3,6,2,10,15,6,0,0,0,1,0,0,0,0
"POINT (7.151861893000046 51.224160306000044)",Unfall 54458 (2024) Kat:3, Licht: 0,54458,3,2,5,10,12,6,0,0,0,1,0,0,0,0
"POINT (7.229727997000055 51.239306796000051)",Unfall 54658 (2024) Kat:2, Licht: 1,54658,2,6,2,10,06,4,0,1,0,1,0,0,0,0
"POINT (7.149774452000031 51.257149860000027)",Unfall 54659 (2024) Kat:3, Licht: 0,54659,3,6,6,10,15,4,0,0,0,0,1,0,0,1
"POINT (7.234105220000060 51.266397409000035)",Unfall 54664 (2024) Kat:3, Licht: 0,54664,3,3,5,10,12,6,0,0,0,1,0,0,0,0
"POINT (7.152050696000060 51.219647221000059)",Unfall 54764 (2024) Kat:3, Licht: 0,54764,3,6,0,10,07,3,0,0,0,0,0,0,0,1
"POINT (7.195641696000052 51.237792636000052)",Unfall 54772 (2024) Kat:3, Licht: 0,54772,3,1,0,10,11,1,1,0,0,0,0,1,0,0
"POINT (7.092976756000041 51.235482086000047)",Unfall 54819 (2024) Kat:3, Licht: 1,54819,3,1,8,10,06,4,1,1,0,1,0,0,0,0
"POINT (7.156075019000070 51.235567179000043)",Unfall 55016 (2024) Kat:2, Licht: 0,55016,2,1,9,10,12,7,0,0,0,0,0,1,0,0
"POINT (7.179524113000070 51.263699879000058)",Unfall 55075 (2024) Kat:3, Licht: 0,55075,3,3,5,10,07,2,1,0,0,1,0,0,0,0
"POINT (7.154652756000075 51.257998232000034)",Unfall 55076 (2024) Kat:3, Licht: 0,55076,3,6,2,10,14,3,0,0,0,1,0,0,0,0
"POINT (7.161234493000052 51.256207733000053)",Unfall 55121 (2024) Kat:3, Licht: 0,55121,3,6,2,10,12,2,1,0,0,1,0,0,0,0
"POINT (7.140792151000028 51.267333722000046)",Unfall 55152 (2024) Kat:3, Licht: 0,55152,3,6,2,10,07,6,0,0,0,1,0,0,0,1
"POINT (7.214303146000020 51.282737306000058)",Unfall 55273 (2024) Kat:3, Licht: 0,55273,3,4,6,10,15,5,0,0,0,1,1,0,0,0
"POINT (7.200005115000067 51.266493894000064)",Unfall 55274 (2024) Kat:3, Licht: 0,55274,3,1,0,10,15,5,1,0,0,1,0,1,0,0
"POINT (7.186621797000043 51.291823001000068)",Unfall 55276 (2024) Kat:3, Licht: 0,55276,3,1,1,10,13,5,1,0,0,1,0,0,0,0
"POINT (7.079471063000028 51.234804726000050)",Unfall 55278 (2024) Kat:3, Licht: 0,55278,3,4,6,10,15,5,0,0,0,1,1,0,0,0
"POINT (7.117878149000035 51.262576052000043)",Unfall 55299 (2024) Kat:3, Licht: 0,55299,3,6,2,10,13,5,0,0,0,1,0,0,0,0
"POINT (7.245293431000050 51.286558520000028)",Unfall 55425 (2024) Kat:3, Licht: 0,55425,3,6,1,11,13,2,1,0,0,1,0,0,0,0
"POINT (7.199650473000077 51.237502557000028)",Unfall 55426 (2024) Kat:3, Licht: 0,55426,3,6,1,11,13,2,1,0,0,1,0,0,1,0
"POINT (7.182504111000071 51.264630503000035)",Unfall 55554 (2024) Kat:3, Licht: 2,55554,3,5,1,11,21,7,0,2,0,1,0,0,0,0
"POINT (7.229508987000031 51.275764169000070)",Unfall 55555 (2024) Kat:3, Licht: 0,55555,3,7,2,11,13,7,0,0,1,1,0,0,0,0
"POINT (7.148332010000047 51.258182388000080)",Unfall 55630 (2024) Kat:3, Licht: 0,55630,3,7,0,11,12,6,0,0,0,1,0,0,0,0
"POINT (7.186241107000058 51.291676804000076)",Unfall 55812 (2024) Kat:3, Licht: 1,55812,3,2,6,11,07,4,1,1,0,1,1,0,0,0
"POINT (7.206279493000068 51.280656211000064)",Unfall 55813 (2024) Kat:3, Licht: 2,55813,3,1,8,11,04,4,1,2,0,1,0,0,0,0
"POINT (7.153904293000039 51.234927982000045)",Unfall 55814 (2024) Kat:3, Licht: 0,55814,3,3,5,11,12,4,0,0,1,1,0,0,0,0
"POINT (7.215722814000060 51.222126385000081)",Unfall 55926 (2024) Kat:3, Licht: 1,55926,3,6,2,11,17,3,0,1,0,1,0,0,0,0
"POINT (7.182054396000069 51.276891562000060)",Unfall 55927 (2024) Kat:3, Licht: 1,55927,3,6,0,11,16,3,0,1,0,1,0,0,0,1
"POINT (7.147296626000070 51.265258551000045)",Unfall 55928 (2024) Kat:3, Licht: 1,55928,3,2,5,11,16,3,0,1,1,1,0,0,0,0
"POINT (7.126730479000059 51.264111454000044)",Unfall 55944 (2024) Kat:3, Licht: 2,55944,3,6,2,11,18,3,0,2,0,1,0,0,0,1
"POINT (7.096206753000047 51.230043097000078)",Unfall 55946 (2024) Kat:3, Licht: 2,55946,3,1,8,11,06,3,2,2,0,1,0,0,0,0
"POINT (7.204061418000038 51.278710855000043)",Unfall 56068 (2024) Kat:3, Licht: 0,56068,3,3,3,11,16,2,0,0,1,1,0,0,0,0
"POINT (7.140272201000073 51.251286213000071)",Unfall 56070 (2024) Kat:3, Licht: 0,56070,3,6,3,11,15,2,0,0,0,1,0,0,0,0
"POINT (7.161768017000043 51.256358463000026)",Unfall 56072 (2024) Kat:3, Licht: 0,56072,3,2,5,11,09,2,0,0,0,1,0,0,0,1
"POINT (7.237519768000027 51.271726899000043)",Unfall 56156 (2024) Kat:3, Licht: 0,56156,3,3,5,11,13,1,0,0,0,1,0,1,0,0
"POINT (7.147185106000052 51.215450258000033)",Unfall 56157 (2024) Kat:3, Licht: 0,56157,3,6,0,11,13,1,0,0,1,1,0,0,0,0
"POINT (7.213738644000045 51.274110751000080)",Unfall 56190 (2024) Kat:3, Licht: 2,56190,3,4,6,11,22,2,1,2,0,1,1,0,0,0
"POINT (7.151867827000046 51.256319712000050)",Unfall 56309 (2024) Kat:3, Licht: 1,56309,3,1,0,11,16,6,1,1,1,0,0,0,0,0
"POINT (7.227557676000060 51.275272299000051)",Unfall 56426 (2024) Kat:3, Licht: 1,56426,3,2,3,10,17,5,0,1,0,1,0,0,0,1
"POINT (7.192002032000062 51.241435473000081)",Unfall 56427 (2024) Kat:3, Licht: 2,56427,3,6,2,10,17,5,0,2,0,1,0,0,0,0
"POINT (7.186768934000042 51.266041386000040)",Unfall 56428 (2024) Kat:3, Licht: 0,56428,3,6,0,10,11,5,0,0,0,1,0,0,0,0
"POINT (7.212949367000022 51.271518011000069)",Unfall 56430 (2024) Kat:3, Licht: 0,56430,3,1,2,10,10,5,0,0,0,1,0,0,0,0
"POINT (7.168197093000060 51.280214810000075)",Unfall 56431 (2024) Kat:3, Licht: 0,56431,3,3,5,10,15,5,0,0,0,1,0,0,0,0
"POINT (7.120984883000062 51.248917398000060)",Unfall 56432 (2024) Kat:3, Licht: 1,56432,3,7,0,10,06,5,1,1,0,1,0,1,0,0
"POINT (7.093002620000050 51.241649580000058)",Unfall 56533 (2024) Kat:2, Licht: 2,56533,2,1,8,11,23,6,1,2,0,1,0,0,0,0
"POINT (7.188217852000037 51.243567419000044)",Unfall 56637 (2024) Kat:3, Licht: 2,56637,3,1,8,11,21,3,1,2,0,1,0,0,0,0
"POINT (7.108280180000065 51.282330735000073)",Unfall 56638 (2024) Kat:3, Licht: 1,56638,3,7,4,11,16,3,0,1,0,1,0,1,0,0
"POINT (7.116292479000037 51.262201775000051)",Unfall 56639 (2024) Kat:3, Licht: 1,56639,3,3,5,11,07,3,0,1,0,1,0,0,0,1
"POINT (7.253324235000036 51.282584600000064)",Unfall 56732 (2024) Kat:3, Licht: 2,56732,3,2,6,11,17,2,1,2,0,1,1,0,0,0
"POINT (7.139232688000050 51.250854388000050)",Unfall 56896 (2024) Kat:3, Licht: 2,56896,3,4,6,11,21,7,1,2,0,1,1,0,0,0
"POINT (7.154904323000039 51.257937187000039)",Unfall 57003 (2024) Kat:3, Licht: 0,57003,3,6,6,11,10,6,1,0,1,0,1,0,0,0
"POINT (7.184585990000073 51.281600677000029)",Unfall 57021 (2024) Kat:3, Licht: 0,57021,3,6,2,11,12,6,1,0,0,1,0,0,0,0
"POINT (7.244640971000024 51.309769693000078)",Unfall 57131 (2024) Kat:3, Licht: 0,57131,3,6,2,11,07,5,1,0,0,1,0,0,0,0
"POINT (7.202088059000062 51.296091666000052)",Unfall 57230 (2024) Kat:3, Licht: 2,57230,3,2,6,11,17,4,2,2,0,1,1,0,0,0
"POINT (7.153199820000054 51.258990678000032)",Unfall 57231 (2024) Kat:3, Licht: 2,57231,3,4,6,11,18,4,1,2,0,1,1,0,0,0
"POINT (7.233904128000063 51.227991090000046)",Unfall 57240 (2024) Kat:3, Licht: 2,57240,3,1,8,11,22,4,2,2,0,0,0,0,1,0
"POINT (7.214768226000047 51.296602208000081)",Unfall 57241 (2024) Kat:2, Licht: 2,57241,2,5,1,11,22,4,1,2,0,1,0,0,1,0
"POINT (7.136621666000053 51.253820978000078)",Unfall 57373 (2024) Kat:3, Licht: 2,57373,3,6,2,11,21,3,0,2,0,1,0,0,0,0
"POINT (7.099001804000068 51.247745940000073)",Unfall 57396 (2024) Kat:3, Licht: 0,57396,3,6,3,11,11,3,1,0,0,1,0,0,0,1
"POINT (7.212036408000074 51.270346591000077)",Unfall 57529 (2024) Kat:3, Licht: 2,57529,3,4,6,11,16,2,1,2,0,1,1,0,0,0
"POINT (7.224287536000077 51.273494142000061)",Unfall 57530 (2024) Kat:2, Licht: 2,57530,2,7,0,11,00,2,1,2,0,0,0,1,0,0
"POINT (7.147154742000055 51.247900213000037)",Unfall 57531 (2024) Kat:3, Licht: 2,57531,3,1,0,11,22,2,1,2,0,0,0,0,0,1
"POINT (7.100927615000046 51.248551292000059)",Unfall 57548 (2024) Kat:3, Licht: 0,57548,3,6,3,11,14,2,0,0,0,1,0,0,1,0
"POINT (7.130619327000034 51.264651677000074)",Unfall 57639 (2024) Kat:3, Licht: 1,57639,3,6,2,11,16,1,0,1,0,1,0,0,0,0
"POINT (7.113192530000049 51.249522961000082)",Unfall 57757 (2024) Kat:3, Licht: 0,57757,3,6,2,11,13,7,0,0,0,1,0,0,0,0
"POINT (7.091088918000025 51.256119843000079)",Unfall 57780 (2024) Kat:3, Licht: 0,57780,3,2,6,11,09,6,1,0,0,1,1,0,0,0
"POINT (7.157734561000041 51.256074481000041)",Unfall 57781 (2024) Kat:3, Licht: 2,57781,3,1,0,11,00,6,1,2,0,0,0,0,0,1
"POINT (7.213252743000055 51.274469475000046)",Unfall 57919 (2024) Kat:3, Licht: 0,57919,3,1,8,11,11,5,1,0,0,1,0,0,0,0
"POINT (7.178635216000032 51.272856901000068)",Unfall 57921 (2024) Kat:3, Licht: 1,57921,3,2,6,11,07,5,1,1,0,1,1,0,0,0
"POINT (7.128444966000075 51.251196894000032)",Unfall 57922 (2024) Kat:3, Licht: 2,57922,3,3,5,11,19,5,0,2,0,1,0,0,0,1
"POINT (7.146090079000032 51.252455254000040)",Unfall 58072 (2024) Kat:2, Licht: 2,58072,2,4,6,11,17,4,1,2,0,1,0,0,0,1
"POINT (7.196386343000029 51.270198959000027)",Unfall 58194 (2024) Kat:3, Licht: 1,58194,3,6,3,11,16,3,0,1,0,1,0,0,0,1
"POINT (7.197438857000066 51.237558778000050)",Unfall 58195 (2024) Kat:3, Licht: 0,58195,3,6,2,11,16,3,1,0,0,1,0,0,0,1
"POINT (7.196566027000074 51.269351779000033)",Unfall 58196 (2024) Kat:3, Licht: 0,58196,3,6,3,11,10,3,1,0,0,1,0,0,1,0
"POINT (7.147277739000060 51.264749613000049)",Unfall 58197 (2024) Kat:3, Licht: 0,58197,3,6,6,11,12,3,0,0,0,0,1,0,0,1
"POINT (7.072876189000056 51.232328358000075)",Unfall 58198 (2024) Kat:2, Licht: 0,58198,2,4,6,11,08,3,1,0,0,1,1,0,0,0
"POINT (7.197483585000043 51.268731210000055)",Unfall 58310 (2024) Kat:3, Licht: 0,58310,3,6,2,12,13,5,1,0,0,1,0,1,0,0
"POINT (7.167605129000037 51.268675039000073)",Unfall 58311 (2024) Kat:3, Licht: 0,58311,3,3,5,12,09,5,0,0,0,1,0,0,0,0
"POINT (7.147888172000023 51.266719869000042)",Unfall 58312 (2024) Kat:3, Licht: 1,58312,3,4,6,12,08,5,1,1,0,1,1,0,0,0
"POINT (7.129850129000033 51.265244177000056)",Unfall 58396 (2024) Kat:3, Licht: 2,58396,3,6,2,12,17,4,1,2,0,1,0,0,0,0
"POINT (7.148113884000054 51.259270148000041)",Unfall 58460 (2024) Kat:2, Licht: 1,58460,2,6,0,12,16,3,0,1,0,1,0,0,0,1
"POINT (7.207011119000072 51.224793497000064)",Unfall 58461 (2024) Kat:3, Licht: 2,58461,3,4,7,12,16,3,0,2,0,1,1,0,0,0
"POINT (7.138877469000022 51.261699005000025)",Unfall 58462 (2024) Kat:3, Licht: 0,58462,3,7,0,12,11,3,0,0,0,0,1,0,0,1
"POINT (7.235831532000020 51.232563953000067)",Unfall 58555 (2024) Kat:3, Licht: 2,58555,3,6,2,12,17,2,1,2,0,1,0,0,0,0
"POINT (7.163974897000060 51.257157191000033)",Unfall 58556 (2024) Kat:3, Licht: 1,58556,3,2,6,12,16,2,1,1,0,1,1,0,0,0
"POINT (7.101166697000053 51.248555107000072)",Unfall 58563 (2024) Kat:3, Licht: 0,58563,3,1,9,12,14,2,1,0,0,1,0,0,0,0
"POINT (7.187130189000072 51.282446871000047)",Unfall 58625 (2024) Kat:3, Licht: 0,58625,3,6,3,12,15,1,1,0,0,1,0,0,0,0
"POINT (7.205933099000049 51.225185977000081)",Unfall 58687 (2024) Kat:3, Licht: 2,58687,3,7,8,12,04,7,0,2,0,1,0,0,0,1
"POINT (7.087903041000061 51.256733309000026)",Unfall 58868 (2024) Kat:3, Licht: 0,58868,3,3,5,12,13,5,0,0,0,1,0,0,0,0
"POINT (7.207502816000044 51.273445326000058)",Unfall 59038 (2024) Kat:3, Licht: 0,59038,3,7,0,12,17,3,0,0,0,0,0,0,0,1
"POINT (7.197094368000023 51.269555696000054)",Unfall 59039 (2024) Kat:3, Licht: 0,59039,3,7,0,12,12,3,0,0,0,0,0,0,0,1
"POINT (7.105414173000042 51.282374893000053)",Unfall 59040 (2024) Kat:3, Licht: 2,59040,3,1,8,12,17,3,1,2,0,1,0,0,0,0
"POINT (7.126881496000067 51.269041565000066)",Unfall 59134 (2024) Kat:3, Licht: 0,59134,3,1,8,12,15,2,0,0,0,1,0,0,0,0
"POINT (7.167657127000041 51.285380256000053)",Unfall 59136 (2024) Kat:3, Licht: 0,59136,3,3,5,12,10,2,1,0,0,1,0,0,0,0
"POINT (7.161059461000036 51.271771338000065)",Unfall 59220 (2024) Kat:3, Licht: 2,59220,3,6,2,12,17,1,0,2,0,1,0,0,0,0
"POINT (7.117884345000050 51.262577753000073)",Unfall 59259 (2024) Kat:3, Licht: 0,59259,3,6,2,12,14,1,0,0,0,1,0,0,0,0
"POINT (7.195066670000074 51.237044714000035)",Unfall 59299 (2024) Kat:3, Licht: 2,59299,3,4,6,12,16,7,1,2,0,1,1,0,0,0
"POINT (7.200984933000029 51.225642029000028)",Unfall 59301 (2024) Kat:3, Licht: 0,59301,3,4,6,12,10,7,1,0,0,1,1,0,0,0
"POINT (7.147788046000073 51.266476858000033)",Unfall 59302 (2024) Kat:3, Licht: 2,59302,3,4,6,12,20,7,1,2,0,1,1,0,0,0
"POINT (7.248842722000063 51.310416267000051)",Unfall 59310 (2024) Kat:3, Licht: 0,59310,3,6,2,12,12,7,1,0,0,1,0,0,1,1
"POINT (7.147815445000049 51.237014081000041)",Unfall 59395 (2024) Kat:3, Licht: 0,59395,3,6,1,12,15,6,1,0,0,1,0,0,0,0
"POINT (7.053427173000046 51.210773625000058)",Unfall 59396 (2024) Kat:3, Licht: 0,59396,3,6,2,12,12,6,1,0,0,1,0,0,0,0
"POINT (7.207013255000049 51.224792713000056)",Unfall 59435 (2024) Kat:3, Licht: 0,59435,3,7,0,12,12,5,1,0,0,1,0,0,0,0
"POINT (7.265477066000074 51.277371722000055)",Unfall 59653 (2024) Kat:3, Licht: 0,59653,3,6,1,12,12,4,0,0,1,1,0,0,0,0
"POINT (7.166463501000067 51.258245842000065)",Unfall 59655 (2024) Kat:3, Licht: 0,59655,3,2,6,12,10,4,0,0,0,1,1,0,0,0
"POINT (7.107011799000077 51.232317868000052)",Unfall 59666 (2024) Kat:3, Licht: 2,59666,3,6,2,12,18,4,1,2,0,1,0,0,0,0
"POINT (7.212468215000058 51.235694903000081)",Unfall 59785 (2024) Kat:3, Licht: 0,59785,3,3,5,12,15,3,0,0,0,1,0,0,0,0
"POINT (7.224127813000052 51.275305764000052)",Unfall 59923 (2024) Kat:2, Licht: 1,59923,2,1,6,12,18,2,1,1,0,1,1,0,0,0
"POINT (7.159896367000044 51.266308196000068)",Unfall 59925 (2024) Kat:3, Licht: 2,59925,3,7,6,12,18,2,1,2,0,1,1,0,0,0
"POINT (7.088053239000033 51.228989601000080)",Unfall 59941 (2024) Kat:3, Licht: 2,59941,3,6,3,12,19,2,1,2,0,1,0,0,1,0
"POINT (7.161932606000050 51.258016038000051)",Unfall 59960 (2024) Kat:3, Licht: 2,59960,3,3,5,12,20,7,1,2,0,1,0,0,0,0
"POINT (7.166196949000039 51.258296723000058)",Unfall 60025 (2024) Kat:2, Licht: 2,60025,2,7,0,12,20,1,0,2,1,0,0,0,0,0
"POINT (7.132466151000074 51.262291014000027)",Unfall 60026 (2024) Kat:3, Licht: 2,60026,3,2,2,12,19,1,0,2,0,1,0,0,0,0
"POINT (7.103068083000039 51.248734500000069)",Unfall 60027 (2024) Kat:3, Licht: 2,60027,3,1,0,12,18,1,0,2,0,0,0,0,0,1
"POINT (7.186208013000055 51.276924013000041)",Unfall 60048 (2024) Kat:3, Licht: 2,60048,3,2,6,12,17,1,1,2,0,1,1,0,0,0
"POINT (7.235685991000025 51.268130979000034)",Unfall 60123 (2024) Kat:3, Licht: 0,60123,3,6,1,11,09,7,0,0,0,1,0,0,0,0
"POINT (7.250205172000051 51.310663532000035)",Unfall 60144 (2024) Kat:3, Licht: 0,60144,3,6,2,11,14,7,0,0,0,1,0,0,0,0
"POINT (7.134505995000040 51.252612316000068)",Unfall 60276 (2024) Kat:3, Licht: 0,60276,3,4,6,11,08,6,1,0,0,1,1,0,0,0
"POINT (7.112865368000030 51.258543215000032)",Unfall 60293 (2024) Kat:3, Licht: 2,60293,3,6,2,11,18,6,0,2,0,1,0,0,0,0
"POINT (7.195067244000029 51.237045757000033)",Unfall 60530 (2024) Kat:2, Licht: 1,60530,2,4,6,12,08,3,1,1,0,1,1,0,0,0
"POINT (7.083501966000028 51.234631319000073)",Unfall 60582 (2024) Kat:3, Licht: 1,60582,3,6,2,11,16,4,1,1,0,1,0,0,0,0
"POINT (7.139421573000050 51.261572092000051)",Unfall 60583 (2024) Kat:3, Licht: 0,60583,3,7,0,11,08,4,1,0,0,0,1,0,0,1
"POINT (7.225615853000022 51.251677140000027)",Unfall 60602 (2024) Kat:3, Licht: 0,60602,3,6,0,11,14,4,1,0,0,1,0,0,0,0
"POINT (7.251858260000063 51.308509185000048)",Unfall 61025 (2024) Kat:3, Licht: 0,61025,3,7,1,12,11,2,1,0,0,1,0,0,0,0
"POINT (7.148828672000036 51.259102779000045)",Unfall 61184 (2024) Kat:3, Licht: 0,61184,3,2,5,12,13,6,0,0,0,1,0,0,0,1
"POINT (7.075764639000056 51.233664124000029)",Unfall 61234 (2024) Kat:3, Licht: 0,61234,3,7,2,12,15,5,0,0,1,1,0,0,0,0
"POINT (7.152071539000076 51.255445957000063)",Unfall 61235 (2024) Kat:3, Licht: 1,61235,3,3,0,12,16,5,0,1,0,1,0,0,0,1
"POINT (7.178493557000024 51.279232979000028)",Unfall 61242 (2024) Kat:3, Licht: 0,61242,3,6,2,12,13,5,0,0,0,1,0,0,0,0
"POINT (7.196340119000070 51.229180506000034)",Unfall 61425 (2024) Kat:3, Licht: 0,61425,3,2,5,12,14,2,0,0,0,1,0,0,0,0
"POINT (7.076060737000034 51.233802069000035)",Unfall 61426 (2024) Kat:3, Licht: 2,61426,3,2,6,12,17,2,1,2,0,1,1,0,0,0
"POINT (7.157290249000027 51.256110325000066)",Unfall 61427 (2024) Kat:3, Licht: 0,61427,3,5,1,12,14,2,0,0,0,1,0,0,0,0
"POINT (7.102886124000065 51.238610640000047)",Unfall 61503 (2024) Kat:3, Licht: 2,61503,3,6,1,12,18,1,1,2,0,1,0,0,0,0
"POINT (7.152538109000034 51.258768415000077)",Unfall 61504 (2024) Kat:3, Licht: 2,61504,3,4,6,12,18,1,1,2,0,1,1,0,0,0
"POINT (7.150407180000059 51.255934557000046)",Unfall 61591 (2024) Kat:3, Licht: 2,61591,3,6,1,12,19,7,1,2,0,1,0,0,0,0
"POINT (7.163926450000076 51.257321740000066)",Unfall 61593 (2024) Kat:3, Licht: 2,61593,3,6,1,12,18,7,1,2,0,1,0,0,0,0
"POINT (7.137765266000031 51.250620775000073)",Unfall 61594 (2024) Kat:3, Licht: 2,61594,3,2,6,12,17,7,1,2,0,1,1,0,0,0
"POINT (7.139101101000051 51.250788616000079)",Unfall 61617 (2024) Kat:3, Licht: 0,61617,3,6,1,12,11,6,0,0,0,1,0,0,0,0
"POINT (7.167152025000064 51.268711344000053)",Unfall 61704 (2024) Kat:3, Licht: 1,61704,3,3,5,12,16,6,0,1,0,1,0,1,0,0
"POINT (7.196252152000056 51.270572373000050)",Unfall 61705 (2024) Kat:3, Licht: 0,61705,3,4,6,12,14,6,1,0,0,1,1,0,0,0
"POINT (7.218932392000056 51.279506270000070)",Unfall 169344 (2024) Kat:3, Licht: 0,169344,3,6,2,01,09,2,0,0,0,1,0,0,0,0
"POINT (7.126156396000056 51.248273136000080)",Unfall 169529 (2024) Kat:3, Licht: 2,169529,3,2,6,01,19,5,0,2,0,1,1,0,0,0
"POINT (7.226118795000048 51.280135305000044)",Unfall 169725 (2024) Kat:3, Licht: 0,169725,3,7,6,01,15,6,1,0,0,0,1,0,0,1
"POINT (7.135076212000058 51.206639802000041)",Unfall 169726 (2024) Kat:3, Licht: 0,169726,3,6,8,01,15,6,1,0,0,1,0,0,0,0
"POINT (7.166845184000067 51.269234088000076)",Unfall 169772 (2024) Kat:3, Licht: 2,169772,3,1,8,01,20,5,1,2,0,1,0,0,0,0
"POINT (7.078179325000065 51.231674117000068)",Unfall 169773 (2024) Kat:3, Licht: 2,169773,3,2,4,01,17,5,1,2,0,1,0,0,0,0
"POINT (7.205293532000042 51.259695636000060)",Unfall 169812 (2024) Kat:3, Licht: 2,169812,3,1,8,01,06,4,1,2,0,1,0,0,0,0
"POINT (7.060151623000024 51.216067118000069)",Unfall 169813 (2024) Kat:2, Licht: 2,169813,2,2,6,01,19,4,1,2,0,1,1,0,0,0
"POINT (7.133279528000060 51.204769843000065)",Unfall 169814 (2024) Kat:3, Licht: 0,169814,3,1,5,01,11,4,1,0,0,1,0,0,0,0
"POINT (7.075111348000064 51.225226749000058)",Unfall 169860 (2024) Kat:3, Licht: 1,169860,3,1,0,01,16,3,1,1,1,0,0,0,0,0
"POINT (7.189761072000067 51.263098865000075)",Unfall 170336 (2024) Kat:2, Licht: 0,170336,2,7,8,02,13,7,0,0,0,1,0,0,0,0
"POINT (7.111017505000063 51.252273785000057)",Unfall 170337 (2024) Kat:3, Licht: 2,170337,3,1,0,02,21,7,1,2,1,0,0,0,0,0
"POINT (7.129910641000038 51.190239118000079)",Unfall 170338 (2024) Kat:3, Licht: 0,170338,3,1,0,02,15,7,1,0,1,0,0,0,0,0
"POINT (7.180967148000036 51.262424175000035)",Unfall 170438 (2024) Kat:3, Licht: 2,170438,3,3,5,02,23,5,1,2,0,1,0,0,0,0
"POINT (7.187066823000066 51.262669696000046)",Unfall 170439 (2024) Kat:3, Licht: 0,170439,3,1,1,02,09,5,0,0,1,1,0,0,0,0
"POINT (7.131486909000046 51.201329419000047)",Unfall 170574 (2024) Kat:3, Licht: 2,170574,3,6,3,02,19,2,0,2,1,1,0,0,0,0
"POINT (7.256429451000031 51.272390117000043)",Unfall 170601 (2024) Kat:3, Licht: 0,170601,3,3,5,02,16,1,0,0,0,1,0,0,0,1
"POINT (7.183955083000058 51.262299663000078)",Unfall 170802 (2024) Kat:2, Licht: 0,170802,2,1,1,01,09,4,0,0,1,1,0,0,0,0
"POINT (7.125232098000026 51.281004466000070)",Unfall 170846 (2024) Kat:2, Licht: 1,170846,2,4,6,01,16,3,0,1,0,1,1,0,0,0
"POINT (7.150321563000034 51.259688138000058)",Unfall 171025 (2024) Kat:2, Licht: 0,171025,2,7,0,01,13,6,1,0,0,0,0,0,0,1
"POINT (7.211717515000032 51.283180744000049)",Unfall 171141 (2024) Kat:3, Licht: 0,171141,3,4,6,01,12,4,0,0,0,1,1,0,0,0
"POINT (7.208010811000065 51.278578074000052)",Unfall 171208 (2024) Kat:3, Licht: 2,171208,3,6,6,01,17,3,1,2,1,0,1,0,0,0
"POINT (7.097786200000030 51.237223071000074)",Unfall 171416 (2024) Kat:3, Licht: 0,171416,3,4,6,03,11,7,0,0,0,1,1,0,0,0
"POINT (7.144369389000076 51.264806842000041)",Unfall 171465 (2024) Kat:3, Licht: 0,171465,3,6,3,03,10,6,1,0,1,0,0,0,0,0
"POINT (7.191822144000071 51.228043432000050)",Unfall 171617 (2024) Kat:3, Licht: 0,171617,3,4,6,02,14,3,0,0,0,1,1,0,0,0
"POINT (7.145887677000076 51.229625702000078)",Unfall 171670 (2024) Kat:3, Licht: 0,171670,3,7,6,02,08,2,1,0,0,1,1,0,0,0
"POINT (7.196608736000030 51.231761996000046)",Unfall 171917 (2024) Kat:3, Licht: 2,171917,3,7,0,02,19,3,0,2,0,1,1,0,0,0
"POINT (7.190424293000035 51.263071877000073)",Unfall 171973 (2024) Kat:3, Licht: 0,171973,3,2,6,02,14,2,0,0,0,1,1,0,0,0
"POINT (7.162553597000056 51.240928443000030)",Unfall 171974 (2024) Kat:2, Licht: 0,171974,2,4,6,02,15,2,1,0,0,1,1,0,0,0
"POINT (7.096790950000070 51.240951133000067)",Unfall 171975 (2024) Kat:3, Licht: 1,171975,3,2,5,02,06,2,1,1,1,1,0,0,0,0
"POINT (7.223202969000056 51.228856216000054)",Unfall 172030 (2024) Kat:3, Licht: 0,172030,3,4,0,02,13,7,1,0,1,0,1,0,0,0
"POINT (7.221078919000036 51.272524408000038)",Unfall 172074 (2024) Kat:3, Licht: 2,172074,3,1,0,02,19,6,1,2,0,0,0,1,0,0
"POINT (7.192183284000066 51.248980915000061)",Unfall 172135 (2024) Kat:3, Licht: 2,172135,3,6,2,02,18,5,0,2,0,1,0,0,0,0
"POINT (7.224160436000034 51.275670377000040)",Unfall 172184 (2024) Kat:3, Licht: 2,172184,3,4,6,02,07,4,1,2,0,1,1,0,0,0
"POINT (7.163916687000039 51.255972981000070)",Unfall 172263 (2024) Kat:3, Licht: 0,172263,3,6,1,02,15,3,0,0,0,1,0,0,0,0
"POINT (7.201172526000050 51.257406598000046)",Unfall 172264 (2024) Kat:2, Licht: 2,172264,2,7,9,02,06,3,0,2,0,0,0,0,1,0
"POINT (7.206839350000052 51.227084698000056)",Unfall 172307 (2024) Kat:3, Licht: 0,172307,3,4,6,02,17,5,0,0,0,1,1,0,0,0
"POINT (7.149596886000040 51.258025547000045)",Unfall 172353 (2024) Kat:3, Licht: 0,172353,3,4,6,03,13,7,1,0,0,1,1,0,0,0
"POINT (7.059814110000048 51.221949270000039)",Unfall 172396 (2024) Kat:3, Licht: 0,172396,3,3,5,03,09,6,0,0,0,1,0,0,0,0
"POINT (7.229367553000031 51.285344250000037)",Unfall 172516 (2024) Kat:3, Licht: 0,172516,3,4,6,03,13,4,0,0,0,1,1,0,0,0
"POINT (7.186402709000049 51.262543465000078)",Unfall 172517 (2024) Kat:2, Licht: 0,172517,2,4,6,03,07,4,0,0,0,1,1,0,0,0
"POINT (7.227996418000032 51.283003555000050)",Unfall 172518 (2024) Kat:3, Licht: 0,172518,3,3,5,03,08,4,0,0,0,1,0,0,0,1
"POINT (7.097312442000032 51.238664275000076)",Unfall 172519 (2024) Kat:3, Licht: 0,172519,3,3,0,03,10,4,0,0,0,0,0,1,0,0
"POINT (7.243763956000066 51.277727039000069)",Unfall 172586 (2024) Kat:3, Licht: 0,172586,3,6,2,03,07,3,0,0,0,1,0,0,0,0
"POINT (7.190783260000046 51.272529934000033)",Unfall 172676 (2024) Kat:3, Licht: 0,172676,3,6,0,03,12,1,0,0,1,0,0,0,0,0
"POINT (7.146819021000056 51.239089706000073)",Unfall 172704 (2024) Kat:3, Licht: 0,172704,3,3,5,03,10,7,1,0,0,1,0,0,0,0
"POINT (7.092301729000042 51.246401698000057)",Unfall 172707 (2024) Kat:3, Licht: 1,172707,3,1,8,03,16,7,0,1,0,1,0,0,0,0
"POINT (7.075024998000060 51.225350035000076)",Unfall 172750 (2024) Kat:2, Licht: 0,172750,2,4,6,03,07,6,1,0,0,1,1,0,0,0
"POINT (7.200594031000037 51.243961231000071)",Unfall 172824 (2024) Kat:3, Licht: 0,172824,3,7,0,03,08,5,0,0,0,1,0,0,1,0
"POINT (7.169180135000033 51.262022321000074)",Unfall 172825 (2024) Kat:3, Licht: 0,172825,3,5,1,03,13,5,0,0,1,1,0,0,0,0
"POINT (7.075635737000027 51.223739384000055)",Unfall 172826 (2024) Kat:2, Licht: 2,172826,2,7,8,03,23,5,0,2,0,1,0,0,0,0
"POINT (7.135688376000076 51.254555941000035)",Unfall 172827 (2024) Kat:3, Licht: 0,172827,3,2,6,03,15,5,0,0,0,1,1,0,0,0
"POINT (7.141928883000048 51.256315199000028)",Unfall 172920 (2024) Kat:3, Licht: 0,172920,3,3,0,03,15,3,0,0,0,1,0,0,0,1
"POINT (7.208516166000038 51.269383637000033)",Unfall 172965 (2024) Kat:3, Licht: 0,172965,3,3,5,03,10,2,0,0,0,1,0,0,0,0
"POINT (7.255415519000053 51.280414094000037)",Unfall 172968 (2024) Kat:3, Licht: 0,172968,3,3,5,03,16,2,1,0,0,1,0,0,0,0
"POINT (7.204542106000076 51.273965275000080)",Unfall 172969 (2024) Kat:2, Licht: 0,172969,2,6,3,03,10,2,1,0,0,1,0,0,0,0
"POINT (7.225901809000050 51.279786240000078)",Unfall 173015 (2024) Kat:3, Licht: 0,173015,3,7,2,03,10,1,0,0,0,1,0,0,0,0
"POINT (7.213210004000075 51.225800924000055)",Unfall 173047 (2024) Kat:3, Licht: 2,173047,3,2,0,03,18,7,0,2,0,0,0,0,0,1
"POINT (7.134152025000049 51.207499182000049)",Unfall 173048 (2024) Kat:3, Licht: 0,173048,3,2,3,03,11,7,0,0,1,1,0,0,0,0
"POINT (7.176932668000063 51.273104304000071)",Unfall 173127 (2024) Kat:3, Licht: 0,173127,3,6,2,03,14,6,0,0,1,1,0,0,0,0
"POINT (7.121187117000034 51.274323139000046)",Unfall 173169 (2024) Kat:3, Licht: 0,173169,3,7,0,03,08,5,0,0,0,1,0,0,0,0
"POINT (7.109261367000045 51.252646960000050)",Unfall 173231 (2024) Kat:3, Licht: 2,173231,3,5,1,03,19,4,0,2,0,1,0,0,1,0
"POINT (7.255376270000056 51.284997366000027)",Unfall 173388 (2024) Kat:3, Licht: 0,173388,3,3,5,04,16,1,0,0,1,1,0,0,0,0
"POINT (7.243471186000022 51.274741309000035)",Unfall 173389 (2024) Kat:3, Licht: 0,173389,3,3,5,04,07,1,0,0,1,1,0,0,0,0
"POINT (7.046877621000021 51.225760871000034)",Unfall 173458 (2024) Kat:3, Licht: 2,173458,3,1,0,04,21,7,0,2,0,0,0,1,0,0
"POINT (7.190435103000027 51.265392903000077)",Unfall 173515 (2024) Kat:3, Licht: 0,173515,3,3,5,04,11,6,0,0,0,1,0,0,0,1
"POINT (7.216957381000043 51.274080288000050)",Unfall 173626 (2024) Kat:3, Licht: 0,173626,3,4,6,04,16,4,0,0,0,1,1,0,0,0
"POINT (7.178635745000065 51.262396628000033)",Unfall 173627 (2024) Kat:2, Licht: 0,173627,2,7,0,04,13,4,0,0,0,0,0,0,0,1
"POINT (7.222752372000059 51.274887774000035)",Unfall 173683 (2024) Kat:3, Licht: 0,173683,3,4,6,04,14,3,0,0,0,1,1,0,0,0
"POINT (7.143517541000051 51.260716191000029)",Unfall 173684 (2024) Kat:3, Licht: 0,173684,3,2,6,04,09,3,1,0,0,1,1,0,0,0
"POINT (7.186856837000050 51.273367116000031)",Unfall 173946 (2024) Kat:3, Licht: 0,173946,3,7,6,04,16,6,1,0,0,1,1,0,0,0
"POINT (7.211704182000062 51.275255314000049)",Unfall 174040 (2024) Kat:3, Licht: 0,174040,3,3,5,04,14,4,1,0,1,1,0,0,0,0
"POINT (7.151029895000022 51.214289055000052)",Unfall 174096 (2024) Kat:3, Licht: 0,174096,3,6,2,04,12,3,0,0,0,1,0,0,0,1
"POINT (7.143539299000054 51.260711490000062)",Unfall 174119 (2024) Kat:2, Licht: 0,174119,2,6,0,04,19,2,0,0,1,1,0,0,0,0
"POINT (7.151729492000072 51.265178646000038)",Unfall 174145 (2024) Kat:3, Licht: 0,174145,3,6,1,03,12,1,0,0,0,1,0,0,0,1
"POINT (7.142658407000056 51.281451453000045)",Unfall 174244 (2024) Kat:3, Licht: 0,174244,3,7,9,03,13,5,1,0,0,1,0,0,0,0
"POINT (7.132654273000071 51.208453043000077)",Unfall 174245 (2024) Kat:3, Licht: 0,174245,3,7,8,03,09,5,1,0,0,1,0,0,0,0
"POINT (7.151579156000025 51.257664466000051)",Unfall 174285 (2024) Kat:3, Licht: 0,174285,3,1,0,03,14,4,0,0,0,0,0,1,0,0
"POINT (7.219775214000038 51.281161529000030)",Unfall 174328 (2024) Kat:3, Licht: 0,174328,3,4,6,03,18,3,0,0,0,1,1,0,0,0
"POINT (7.159332037000070 51.254754572000081)",Unfall 174329 (2024) Kat:3, Licht: 0,174329,3,6,0,03,14,3,0,0,0,0,0,0,1,1
"POINT (7.179927810000038 51.277043482000067)",Unfall 174393 (2024) Kat:3, Licht: 0,174393,3,6,3,03,07,2,0,0,1,1,0,0,0,0
"POINT (7.143546642000047 51.249632628000029)",Unfall 174394 (2024) Kat:3, Licht: 0,174394,3,7,0,03,11,2,0,0,1,0,0,0,0,0
"POINT (7.140168182000025 51.192367253000043)",Unfall 174476 (2024) Kat:3, Licht: 0,174476,3,1,8,05,11,4,0,0,0,0,0,1,0,0
"POINT (7.168499514000075 51.269086802000061)",Unfall 174571 (2024) Kat:3, Licht: 0,174571,3,3,5,04,14,3,0,0,1,1,0,0,0,0
"POINT (7.148562593000065 51.256356176000054)",Unfall 174572 (2024) Kat:3, Licht: 0,174572,3,7,6,04,20,3,0,0,0,1,1,0,0,0
"POINT (7.109537330000023 51.271126958000082)",Unfall 174689 (2024) Kat:3, Licht: 0,174689,3,3,5,04,11,1,0,0,0,1,0,1,0,0
"POINT (7.243886972000041 51.273320690000048)",Unfall 174860 (2024) Kat:2, Licht: 0,174860,2,1,8,04,13,3,0,0,1,0,0,0,0,0
"POINT (7.220345490000057 51.282973278000043)",Unfall 174984 (2024) Kat:3, Licht: 0,174984,3,3,5,04,11,3,0,0,0,1,0,0,0,0
"POINT (7.146490638000046 51.255361359000062)",Unfall 175034 (2024) Kat:3, Licht: 0,175034,3,3,5,04,10,2,0,0,1,1,0,0,0,0
"POINT (7.217749906000051 51.275699945000042)",Unfall 175102 (2024) Kat:3, Licht: 2,175102,3,4,6,04,23,7,1,2,0,1,1,0,0,0
"POINT (7.185251885000071 51.276416808000079)",Unfall 175160 (2024) Kat:3, Licht: 0,175160,3,6,6,04,14,6,1,0,0,1,1,0,0,0
"POINT (7.226104967000026 51.280113060000076)",Unfall 175214 (2024) Kat:3, Licht: 0,175214,3,4,6,04,17,5,0,0,0,1,1,0,0,0
"POINT (7.224255725000035 51.270092611000052)",Unfall 175215 (2024) Kat:3, Licht: 0,175215,3,3,5,04,17,5,0,0,0,1,0,0,0,0
"POINT (7.080801993000023 51.241252349000035)",Unfall 175272 (2024) Kat:3, Licht: 1,175272,3,1,8,04,19,4,1,1,0,1,0,0,0,0
"POINT (7.141781632000061 51.254159297000058)",Unfall 175273 (2024) Kat:2, Licht: 0,175273,2,4,6,04,13,4,1,0,0,1,1,0,0,0
"POINT (7.176470018000032 51.273132733000068)",Unfall 175413 (2024) Kat:3, Licht: 0,175413,3,1,0,04,18,2,1,0,0,0,0,1,0,0
"POINT (7.141633988000024 51.262393046000057)",Unfall 175414 (2024) Kat:3, Licht: 0,175414,3,4,6,04,16,2,0,0,0,0,1,0,0,1
"POINT (7.120364300000062 51.238583835000043)",Unfall 175468 (2024) Kat:3, Licht: 2,175468,3,7,8,05,21,5,1,2,0,1,0,0,0,0
"POINT (7.134568926000043 51.255225691000078)",Unfall 175469 (2024) Kat:3, Licht: 0,175469,3,1,0,05,09,5,0,0,1,0,0,0,0,0
"POINT (7.198399526000060 51.267068568000070)",Unfall 175551 (2024) Kat:3, Licht: 2,175551,3,5,1,05,21,4,0,2,0,1,0,0,0,0
"POINT (7.239062119000039 51.295222582000065)",Unfall 175552 (2024) Kat:3, Licht: 0,175552,3,1,7,05,18,4,0,0,1,0,0,0,0,0
"POINT (7.224255725000035 51.270092611000052)",Unfall 175553 (2024) Kat:3, Licht: 0,175553,3,3,5,05,13,4,0,0,0,1,0,0,0,0
"POINT (7.152062580000063 51.260019501000045)",Unfall 175646 (2024) Kat:3, Licht: 0,175646,3,3,0,05,18,3,0,0,1,1,0,0,0,0
"POINT (7.197743351000042 51.270753812000066)",Unfall 175719 (2024) Kat:3, Licht: 0,175719,3,1,6,05,18,2,0,0,0,0,1,0,0,1
"POINT (7.167138990000069 51.256001395000055)",Unfall 175720 (2024) Kat:3, Licht: 0,175720,3,7,0,05,10,2,0,0,0,1,0,0,0,0
"POINT (7.191428887000029 51.269837172000052)",Unfall 175722 (2024) Kat:3, Licht: 0,175722,3,2,6,05,08,2,0,0,0,1,1,0,0,0
"POINT (7.142241335000051 51.281992300000070)",Unfall 175723 (2024) Kat:3, Licht: 0,175723,3,1,9,05,17,2,0,0,0,1,0,0,0,0
"POINT (7.146769131000042 51.255727790000037)",Unfall 175724 (2024) Kat:3, Licht: 0,175724,3,7,6,05,10,2,0,0,0,0,1,0,0,1
"POINT (7.209049712000024 51.277719377000039)",Unfall 175794 (2024) Kat:3, Licht: 0,175794,3,1,0,05,19,1,0,0,0,0,0,0,0,1
"POINT (7.147540058000061 51.273640404000048)",Unfall 175795 (2024) Kat:3, Licht: 0,175795,3,3,0,05,17,1,0,0,0,1,0,0,0,1
"POINT (7.194836695000049 51.264774335000027)",Unfall 175954 (2024) Kat:2, Licht: 2,175954,2,5,1,05,22,5,0,2,1,1,0,0,0,0
"POINT (7.186964681000063 51.266934280000044)",Unfall 175955 (2024) Kat:3, Licht: 0,175955,3,1,2,05,20,5,0,0,0,1,0,1,0,0
"POINT (7.211465112000042 51.280854309000063)",Unfall 176024 (2024) Kat:2, Licht: 0,176024,2,3,5,05,11,4,0,0,0,1,0,0,0,0
"POINT (7.184714732000032 51.266443483000046)",Unfall 176025 (2024) Kat:3, Licht: 0,176025,3,2,6,05,13,4,0,0,0,1,1,0,0,0
"POINT (7.135482489000026 51.258084303000032)",Unfall 176106 (2024) Kat:3, Licht: 0,176106,3,5,1,05,14,3,0,0,1,1,0,0,0,0
"POINT (7.133302258000072 51.251177529000074)",Unfall 176279 (2024) Kat:3, Licht: 0,176279,3,7,0,05,17,7,0,0,1,1,0,0,0,0
"POINT (7.131342143000040 51.203042555000081)",Unfall 176337 (2024) Kat:3, Licht: 0,176337,3,3,5,05,16,6,0,0,0,1,0,0,0,0
"POINT (7.211841958000036 51.265640434000034)",Unfall 176641 (2024) Kat:3, Licht: 0,176641,3,6,2,05,08,4,1,0,0,1,0,0,0,0
"POINT (7.211468447000073 51.280881976000046)",Unfall 176642 (2024) Kat:3, Licht: 0,176642,3,3,5,05,10,4,1,0,0,1,0,0,0,0
"POINT (7.196996981000041 51.270837065000080)",Unfall 176719 (2024) Kat:3, Licht: 0,176719,3,4,6,05,13,3,0,0,0,0,1,0,0,1
"POINT (7.202021054000056 51.288447564000080)",Unfall 176861 (2024) Kat:3, Licht: 2,176861,3,5,1,05,01,1,0,2,0,1,0,1,0,0
"POINT (7.146958950000055 51.278362761000039)",Unfall 176994 (2024) Kat:3, Licht: 0,176994,3,6,1,05,14,2,0,0,0,1,0,0,0,0
"POINT (7.209573545000069 51.276197829000068)",Unfall 176996 (2024) Kat:3, Licht: 0,176996,3,3,5,05,10,6,1,0,1,1,0,0,0,0
"POINT (7.124542302000066 51.261297189000061)",Unfall 177079 (2024) Kat:3, Licht: 0,177079,3,6,4,05,19,5,0,0,1,0,0,0,0,1
"POINT (7.133109050000030 51.189498883000056)",Unfall 177080 (2024) Kat:3, Licht: 0,177080,3,3,5,05,07,5,0,0,1,1,0,0,0,0
"POINT (7.217968355000039 51.277249855000036)",Unfall 177156 (2024) Kat:3, Licht: 0,177156,3,6,3,05,07,4,0,0,0,1,0,1,0,0
"POINT (7.175614221000046 51.274322705000031)",Unfall 177231 (2024) Kat:3, Licht: 0,177231,3,4,6,05,13,3,0,0,0,1,1,0,0,0
"POINT (7.209250086000054 51.281031595000059)",Unfall 177293 (2024) Kat:3, Licht: 0,177293,3,3,5,05,13,2,1,0,0,1,0,0,0,0
"POINT (7.118602372000055 51.273630593000064)",Unfall 177294 (2024) Kat:3, Licht: 0,177294,3,1,8,05,14,2,1,0,0,0,0,0,0,1
"POINT (7.144984428000043 51.257139918000064)",Unfall 177537 (2024) Kat:3, Licht: 0,177537,3,4,6,06,16,7,0,0,0,1,1,0,0,0
"POINT (7.189612687000022 51.247429884000042)",Unfall 177665 (2024) Kat:3, Licht: 0,177665,3,6,2,06,16,5,0,0,0,1,0,0,0,0
"POINT (7.218249695000054 51.277887141000065)",Unfall 177736 (2024) Kat:3, Licht: 0,177736,3,7,0,06,11,4,0,0,1,0,0,0,0,0
"POINT (7.092432145000032 51.239890099000036)",Unfall 177933 (2024) Kat:3, Licht: 0,177933,3,7,8,06,17,1,0,0,1,1,0,0,0,0
"POINT (7.152539104000027 51.262659548000045)",Unfall 177934 (2024) Kat:3, Licht: 0,177934,3,5,1,06,08,1,0,0,0,1,0,0,0,1
"POINT (7.128831797000032 51.266803421000077)",Unfall 178007 (2024) Kat:2, Licht: 0,178007,2,1,0,06,15,7,0,0,1,0,0,0,0,0
"POINT (7.130338711000036 51.253646833000062)",Unfall 178096 (2024) Kat:3, Licht: 0,178096,3,1,0,06,17,6,0,0,1,0,0,0,0,0
"POINT (7.221171687000037 51.272520925000038)",Unfall 178208 (2024) Kat:3, Licht: 0,178208,3,3,5,06,15,5,0,0,0,1,0,0,0,0
"POINT (7.138338707000059 51.204452317000062)",Unfall 178209 (2024) Kat:2, Licht: 0,178209,2,6,4,06,15,5,0,0,0,1,0,0,0,0
"POINT (7.162681952000071 51.260591369000053)",Unfall 178210 (2024) Kat:3, Licht: 0,178210,3,1,0,06,14,5,0,0,0,0,0,0,0,1
"POINT (7.146141221000050 51.257495850000055)",Unfall 178211 (2024) Kat:3, Licht: 0,178211,3,4,6,06,14,5,0,0,1,0,1,0,0,0
"POINT (7.145915190000039 51.263059919000057)",Unfall 178212 (2024) Kat:3, Licht: 2,178212,3,1,0,06,01,5,0,2,0,1,0,0,0,0
"POINT (7.215979601000072 51.288507428000059)",Unfall 178364 (2024) Kat:3, Licht: 0,178364,3,1,0,06,16,3,0,0,1,0,0,0,0,0
"POINT (7.193492785000046 51.269894682000029)",Unfall 178365 (2024) Kat:3, Licht: 0,178365,3,5,1,06,18,3,0,0,0,0,0,0,0,1
"POINT (7.134606448000056 51.254063974000076)",Unfall 178366 (2024) Kat:3, Licht: 0,178366,3,5,1,06,11,3,0,0,0,1,0,0,0,0
"POINT (7.130815272000063 51.195588562000069)",Unfall 178367 (2024) Kat:3, Licht: 0,178367,3,1,0,06,06,3,0,0,0,1,0,0,0,0
"POINT (7.192112391000023 51.268752504000076)",Unfall 178612 (2024) Kat:2, Licht: 2,178612,2,1,0,06,22,6,0,2,1,0,0,0,0,0
"POINT (7.176223003000075 51.264720124000064)",Unfall 178689 (2024) Kat:3, Licht: 0,178689,3,6,2,06,15,5,0,0,1,1,0,0,0,1
"POINT (7.180890815000055 51.285194069000056)",Unfall 178773 (2024) Kat:3, Licht: 0,178773,3,6,2,06,17,4,0,0,0,1,0,0,0,0
"POINT (7.140541257000052 51.265631347000067)",Unfall 178774 (2024) Kat:3, Licht: 0,178774,3,2,5,06,17,4,0,0,1,1,0,0,0,0
"POINT (7.106826134000073 51.242743386000029)",Unfall 178775 (2024) Kat:2, Licht: 0,178775,2,4,6,06,15,4,0,0,0,1,1,0,0,0
"POINT (7.188515752000058 51.267159861000039)",Unfall 178863 (2024) Kat:3, Licht: 2,178863,3,1,0,06,23,3,0,2,1,0,0,0,0,0
"POINT (7.222720871000035 51.287713711000038)",Unfall 178864 (2024) Kat:3, Licht: 0,178864,3,1,0,06,16,3,0,0,1,0,0,0,0,0
"POINT (7.219947178000041 51.270025157000077)",Unfall 178866 (2024) Kat:3, Licht: 0,178866,3,1,6,06,14,3,0,0,0,1,1,0,0,0
"POINT (7.093189201000030 51.239742837000051)",Unfall 178867 (2024) Kat:3, Licht: 0,178867,3,4,6,06,06,3,0,0,0,1,1,0,0,0
"POINT (7.165992634000077 51.285008073000029)",Unfall 178963 (2024) Kat:3, Licht: 0,178963,3,4,6,06,17,2,0,0,0,1,1,0,0,0
"POINT (7.143399014000067 51.249635778000027)",Unfall 178964 (2024) Kat:3, Licht: 0,178964,3,7,5,06,14,2,0,0,0,1,0,0,0,1
"POINT (7.059728313000051 51.221973801000047)",Unfall 179083 (2024) Kat:3, Licht: 0,179083,3,6,2,06,11,7,0,0,0,1,0,0,0,0
"POINT (7.208185809000042 51.278924518000053)",Unfall 179148 (2024) Kat:3, Licht: 0,179148,3,7,0,06,16,6,1,0,1,0,0,0,0,0
"POINT (7.213199896000049 51.267869891000032)",Unfall 179149 (2024) Kat:3, Licht: 0,179149,3,6,4,06,16,6,1,0,0,1,0,1,0,1
"POINT (7.238848440000027 51.296560094000029)",Unfall 179241 (2024) Kat:2, Licht: 0,179241,2,6,4,06,16,5,0,0,1,0,0,0,0,1
"POINT (7.057070838000072 51.212565004000055)",Unfall 179242 (2024) Kat:3, Licht: 0,179242,3,3,5,06,14,5,0,0,1,1,0,0,0,0
"POINT (7.076325936000046 51.230172052000057)",Unfall 179471 (2024) Kat:3, Licht: 0,179471,3,2,2,06,08,5,0,0,0,1,0,1,0,0
"POINT (7.045367737000049 51.210197223000080)",Unfall 179480 (2024) Kat:3, Licht: 0,179480,3,2,5,06,16,2,0,0,0,1,0,0,0,1
"POINT (7.145456940000031 51.264888761000066)",Unfall 179481 (2024) Kat:3, Licht: 0,179481,3,3,5,06,11,2,0,0,0,1,0,0,0,1
"POINT (7.154463321000037 51.271117830000037)",Unfall 179482 (2024) Kat:3, Licht: 0,179482,3,7,0,06,08,2,0,0,0,1,0,0,0,0
"POINT (7.160138212000049 51.295967501000064)",Unfall 179540 (2024) Kat:3, Licht: 2,179540,3,1,7,06,00,1,0,2,0,1,0,1,0,0
"POINT (7.153350571000033 51.268989578000060)",Unfall 179667 (2024) Kat:3, Licht: 0,179667,3,2,4,07,18,7,0,0,0,1,0,0,0,0
"POINT (7.146542232000058 51.255360616000075)",Unfall 179712 (2024) Kat:3, Licht: 0,179712,3,3,5,07,14,6,1,0,1,1,0,0,0,0
"POINT (7.153215163000027 51.267412155000045)",Unfall 179768 (2024) Kat:3, Licht: 0,179768,3,3,4,07,12,5,0,0,0,1,0,1,0,0
"POINT (7.223085162000075 51.275331047000066)",Unfall 179831 (2024) Kat:3, Licht: 0,179831,3,2,2,07,19,4,0,0,0,1,0,0,0,0
"POINT (7.208423015000051 51.269712492000053)",Unfall 179956 (2024) Kat:2, Licht: 0,179956,2,3,5,07,10,2,0,0,0,1,0,1,0,0
"POINT (7.171019712000032 51.272957582000060)",Unfall 180000 (2024) Kat:3, Licht: 0,180000,3,5,0,07,15,1,0,0,0,1,0,0,0,1
"POINT (7.080072069000039 51.239676022000026)",Unfall 180051 (2024) Kat:3, Licht: 0,180051,3,1,0,07,13,7,0,0,1,0,0,0,0,0
"POINT (7.196969035000052 51.277077735000034)",Unfall 180125 (2024) Kat:3, Licht: 0,180125,3,7,0,07,14,6,0,0,1,1,0,0,0,0
"POINT (7.217857990000027 51.276988309000046)",Unfall 180126 (2024) Kat:2, Licht: 0,180126,2,3,5,07,15,6,1,0,0,1,0,1,0,0
"POINT (7.153509949000068 51.253693592000047)",Unfall 180127 (2024) Kat:3, Licht: 0,180127,3,7,0,07,18,6,1,0,1,0,0,0,0,0
"POINT (7.244797789000074 51.278904242000067)",Unfall 180199 (2024) Kat:3, Licht: 2,180199,3,1,0,07,22,5,0,2,0,0,0,1,0,0
"POINT (7.138718822000044 51.254820655000060)",Unfall 180200 (2024) Kat:3, Licht: 0,180200,3,7,0,07,19,5,0,0,0,1,1,0,0,0
"POINT (7.131272014000047 51.267676409000046)",Unfall 180201 (2024) Kat:2, Licht: 0,180201,2,7,6,07,14,5,0,0,0,1,1,0,0,0
"POINT (7.155931788000032 51.269108698000082)",Unfall 180203 (2024) Kat:3, Licht: 0,180203,3,6,2,07,16,5,0,0,0,1,0,0,0,0
"POINT (7.151653377000059 51.224701176000053)",Unfall 180272 (2024) Kat:3, Licht: 0,180272,3,2,4,07,15,4,1,0,0,1,0,0,0,1
"POINT (7.105670840000073 51.253186168000070)",Unfall 180273 (2024) Kat:2, Licht: 0,180273,2,6,9,07,14,4,1,0,0,1,0,0,0,0
"POINT (7.109342605000052 51.278678048000074)",Unfall 180274 (2024) Kat:3, Licht: 0,180274,3,5,1,07,07,4,0,0,0,1,0,0,0,1
"POINT (7.133497756000054 51.253559846000030)",Unfall 180297 (2024) Kat:3, Licht: 0,180297,3,5,1,07,14,5,0,0,1,1,0,0,0,0
"POINT (7.183422413000073 51.276791575000061)",Unfall 180351 (2024) Kat:3, Licht: 0,180351,3,3,5,07,17,3,0,0,0,1,0,0,0,0
"POINT (7.127713212000060 51.259169626000073)",Unfall 180352 (2024) Kat:3, Licht: 0,180352,3,7,0,07,13,3,1,0,0,1,0,0,0,0
"POINT (7.140304531000027 51.273151125000027)",Unfall 180353 (2024) Kat:3, Licht: 0,180353,3,5,1,07,07,3,1,0,0,1,0,0,0,0
"POINT (7.078484810000020 51.233978695000076)",Unfall 180446 (2024) Kat:3, Licht: 2,180446,3,7,0,07,22,2,0,2,0,0,1,0,0,1
"POINT (7.174726880000037 51.273099166000065)",Unfall 180517 (2024) Kat:3, Licht: 0,180517,3,1,0,06,19,1,0,0,0,0,0,0,0,1
"POINT (7.182961752000040 51.270832278000057)",Unfall 180593 (2024) Kat:3, Licht: 2,180593,3,1,0,06,23,7,0,2,0,0,0,0,0,1
"POINT (7.194246694000071 51.237994700000058)",Unfall 180594 (2024) Kat:3, Licht: 0,180594,3,1,0,06,11,7,0,0,1,0,0,0,0,0
"POINT (7.221678884000028 51.274560105000035)",Unfall 180595 (2024) Kat:3, Licht: 0,180595,3,2,5,06,10,7,0,0,0,1,0,0,0,1
"POINT (7.180570123000052 51.269757829000071)",Unfall 180630 (2024) Kat:3, Licht: 0,180630,3,1,0,08,10,5,0,0,1,1,0,0,0,0
"POINT (7.218774173000043 51.278974507000044)",Unfall 180867 (2024) Kat:3, Licht: 0,180867,3,4,6,07,18,1,0,0,0,1,1,0,0,0
"POINT (7.202872368000044 51.215373685000031)",Unfall 180968 (2024) Kat:3, Licht: 0,180968,3,5,7,07,12,6,0,0,0,1,0,0,0,1
"POINT (7.093210404000047 51.249308783000060)",Unfall 180969 (2024) Kat:3, Licht: 0,180969,3,2,4,07,14,6,0,0,0,1,0,0,0,0
"POINT (7.190231298000072 51.267727728000068)",Unfall 181022 (2024) Kat:3, Licht: 0,181022,3,7,6,07,13,5,0,0,0,1,1,0,0,0
"POINT (7.127789195000048 51.194234197000071)",Unfall 181023 (2024) Kat:2, Licht: 0,181023,2,7,0,07,12,5,0,0,0,1,0,0,0,1
"POINT (7.136458160000075 51.249674559000027)",Unfall 181067 (2024) Kat:3, Licht: 0,181067,3,3,5,07,16,7,1,0,1,1,0,0,0,0
"POINT (7.146401641000068 51.255363282000076)",Unfall 181084 (2024) Kat:3, Licht: 0,181084,3,3,5,07,09,4,1,0,1,1,0,0,0,0
"POINT (7.230974359000072 51.281896888000063)",Unfall 181142 (2024) Kat:3, Licht: 0,181142,3,7,1,07,20,3,0,0,0,1,0,0,0,1
"POINT (7.154794243000026 51.257946112000070)",Unfall 181144 (2024) Kat:3, Licht: 0,181144,3,4,6,07,17,3,0,0,0,0,1,0,0,1
"POINT (7.213450336000051 51.275061029000028)",Unfall 181197 (2024) Kat:3, Licht: 0,181197,3,3,5,07,13,2,0,0,1,1,0,0,0,0
"POINT (7.211232340000038 51.279173459000049)",Unfall 181198 (2024) Kat:3, Licht: 0,181198,3,1,0,07,15,2,0,0,1,0,0,0,0,0
"POINT (7.100550170000076 51.249598080000055)",Unfall 181251 (2024) Kat:3, Licht: 1,181251,3,7,0,07,20,1,0,1,1,0,0,0,0,0
"POINT (7.240342172000055 51.276864663000026)",Unfall 181374 (2024) Kat:3, Licht: 0,181374,3,1,8,07,16,6,0,0,1,0,0,0,0,0
"POINT (7.229103720000069 51.261097109000048)",Unfall 181497 (2024) Kat:2, Licht: 0,181497,2,4,6,07,19,4,0,0,0,1,1,0,0,0
"POINT (7.070178444000021 51.230723970000042)",Unfall 181498 (2024) Kat:3, Licht: 0,181498,3,7,6,07,09,4,0,0,0,1,1,0,0,0
"POINT (7.062913996000020 51.224851125000043)",Unfall 181558 (2024) Kat:3, Licht: 0,181558,3,6,0,07,14,3,0,0,0,0,0,0,0,1
"POINT (7.159754359000033 51.283712143000059)",Unfall 181559 (2024) Kat:3, Licht: 0,181559,3,1,8,07,15,3,0,0,0,1,0,0,0,0
"POINT (7.195218782000040 51.272003767000058)",Unfall 181823 (2024) Kat:3, Licht: 0,181823,3,7,0,08,10,5,0,0,0,1,0,1,0,0
"POINT (7.173630298000035 51.263369268000076)",Unfall 181878 (2024) Kat:3, Licht: 0,181878,3,6,2,08,15,4,0,0,0,1,0,0,0,0
"POINT (7.183422413000073 51.276791575000061)",Unfall 181989 (2024) Kat:3, Licht: 2,181989,3,3,5,08,23,2,0,2,0,1,0,0,0,1
"POINT (7.214919173000055 51.284274156000038)",Unfall 182048 (2024) Kat:3, Licht: 0,182048,3,7,0,08,19,1,0,0,0,0,0,0,0,1
"POINT (7.125122354000041 51.270978625000055)",Unfall 182059 (2024) Kat:3, Licht: 0,182059,3,2,5,08,19,3,0,0,1,1,0,0,0,0
"POINT (7.181879530000060 51.261992961000033)",Unfall 182434 (2024) Kat:3, Licht: 0,182434,3,1,0,08,14,2,0,0,1,0,0,0,0,0
"POINT (7.218244723000055 51.270599393000055)",Unfall 182606 (2024) Kat:3, Licht: 0,182606,3,1,0,08,18,6,0,0,1,0,0,0,0,0
"POINT (7.193970575000037 51.277843981000046)",Unfall 182782 (2024) Kat:3, Licht: 0,182782,3,2,5,08,15,6,0,0,0,1,0,0,0,1
"POINT (7.184073440000020 51.267922243000044)",Unfall 182783 (2024) Kat:3, Licht: 0,182783,3,7,0,08,11,6,0,0,0,0,0,0,0,1
"POINT (7.190085619000058 51.265848241000072)",Unfall 182857 (2024) Kat:3, Licht: 0,182857,3,1,0,08,19,5,0,0,0,0,0,1,0,0
"POINT (7.198323434000031 51.227067908000038)",Unfall 182858 (2024) Kat:3, Licht: 0,182858,3,4,6,08,15,5,0,0,0,1,1,0,0,0
"POINT (7.142966844000057 51.264776473000040)",Unfall 182859 (2024) Kat:3, Licht: 0,182859,3,7,6,08,18,5,0,0,0,0,1,0,0,1
"POINT (7.150862753000069 51.267334497000036)",Unfall 182860 (2024) Kat:3, Licht: 0,182860,3,7,6,08,17,5,0,0,0,1,1,0,0,0
"POINT (7.168087499000023 51.258399907000069)",Unfall 182936 (2024) Kat:3, Licht: 0,182936,3,7,6,08,10,4,0,0,0,1,1,0,0,0
"POINT (7.216842932000077 51.274470197000028)",Unfall 183013 (2024) Kat:2, Licht: 0,183013,2,6,1,08,12,3,0,0,1,1,0,0,0,0
"POINT (7.175497181000026 51.274156878000042)",Unfall 183014 (2024) Kat:3, Licht: 0,183014,3,3,5,08,09,3,0,0,0,1,0,0,0,0
"POINT (7.153289242000028 51.237160094000046)",Unfall 183015 (2024) Kat:3, Licht: 0,183015,3,6,0,08,19,3,0,0,1,1,0,0,0,0
"POINT (7.104896495000048 51.241747932000067)",Unfall 183016 (2024) Kat:3, Licht: 0,183016,3,1,0,08,16,3,0,0,1,0,0,0,0,0
"POINT (7.224623344000065 51.276061230000039)",Unfall 183084 (2024) Kat:3, Licht: 0,183084,3,7,6,08,16,2,0,0,0,0,1,0,0,1
"POINT (7.164714952000054 51.259686808000026)",Unfall 183085 (2024) Kat:2, Licht: 0,183085,2,1,0,08,11,2,0,0,1,0,0,0,0,0
"POINT (7.234968327000047 51.272001062000072)",Unfall 183151 (2024) Kat:3, Licht: 0,183151,3,1,0,08,18,1,0,0,0,0,0,0,0,1
"POINT (7.225556865000044 51.279231319000075)",Unfall 183224 (2024) Kat:3, Licht: 0,183224,3,2,0,08,18,7,0,0,0,1,0,1,0,0
"POINT (7.162882497000055 51.252413438000076)",Unfall 183225 (2024) Kat:3, Licht: 0,183225,3,6,0,08,15,7,0,0,1,1,0,0,0,0
"POINT (7.126805939000064 51.190779347000046)",Unfall 183302 (2024) Kat:3, Licht: 2,183302,3,1,0,08,23,6,1,2,1,0,0,0,0,0
"POINT (7.189361815000041 51.267870662000064)",Unfall 183303 (2024) Kat:3, Licht: 0,183303,3,7,6,08,12,6,0,0,0,1,1,0,0,0
"POINT (7.197882799000070 51.266868917000068)",Unfall 183304 (2024) Kat:3, Licht: 0,183304,3,7,0,08,08,6,0,0,0,0,0,0,0,1
"POINT (7.108979294000051 51.244624091000048)",Unfall 183395 (2024) Kat:3, Licht: 2,183395,3,1,0,08,21,5,0,2,0,0,0,0,0,1
"POINT (7.158400945000039 51.282434441000078)",Unfall 183396 (2024) Kat:2, Licht: 0,183396,2,1,0,08,08,5,0,0,0,0,0,0,0,1
"POINT (7.184354180000071 51.276072529000032)",Unfall 183480 (2024) Kat:3, Licht: 0,183480,3,5,5,08,09,4,0,0,0,1,0,0,0,0
"POINT (7.177654524000047 51.272999237000079)",Unfall 183481 (2024) Kat:3, Licht: 2,183481,3,1,0,08,02,4,1,2,0,0,0,1,0,0
"POINT (7.259330037000041 51.297567363000041)",Unfall 183564 (2024) Kat:3, Licht: 0,183564,3,6,4,08,08,6,1,0,0,0,0,1,1,0
"POINT (7.130259106000040 51.253496590000054)",Unfall 183570 (2024) Kat:2, Licht: 0,183570,2,3,5,08,13,3,0,0,0,1,0,1,0,0
"POINT (7.154384131000029 51.248518428000068)",Unfall 183609 (2024) Kat:3, Licht: 0,183609,3,3,5,08,17,4,0,0,1,1,0,0,0,0
"POINT (7.145698467000045 51.263893475000032)",Unfall 183660 (2024) Kat:3, Licht: 0,183660,3,5,1,08,18,2,0,0,0,1,0,0,0,1
"POINT (7.127534242000024 51.236449275000041)",Unfall 183731 (2024) Kat:2, Licht: 1,183731,2,3,4,08,19,1,0,1,0,1,0,1,0,0
"POINT (7.224769885000057 51.276187277000076)",Unfall 183860 (2024) Kat:3, Licht: 0,183860,3,5,1,09,11,5,0,0,0,1,0,1,0,0
"POINT (7.208910630000048 51.227023257000042)",Unfall 183861 (2024) Kat:3, Licht: 0,183861,3,3,5,09,06,5,0,0,0,1,0,1,0,0
"POINT (7.174336088000075 51.263726944000041)",Unfall 184058 (2024) Kat:3, Licht: 0,184058,3,1,0,09,13,2,1,0,1,0,0,0,0,0
"POINT (7.149696824000046 51.228711083000064)",Unfall 184059 (2024) Kat:3, Licht: 0,184059,3,1,0,09,15,2,1,0,0,0,0,1,0,0
"POINT (7.097169677000068 51.235691408000037)",Unfall 184117 (2024) Kat:3, Licht: 0,184117,3,1,0,09,13,1,0,0,1,0,0,0,0,0
"POINT (7.208623561000024 51.263604736000048)",Unfall 184180 (2024) Kat:2, Licht: 2,184180,2,7,0,09,21,7,0,2,1,0,0,0,0,0
"POINT (7.220340596000028 51.282958204000067)",Unfall 184259 (2024) Kat:3, Licht: 0,184259,3,3,5,09,10,6,0,0,0,1,0,0,0,0
"POINT (7.144568663000030 51.262117010000054)",Unfall 184333 (2024) Kat:2, Licht: 0,184333,2,7,0,09,12,5,0,0,1,0,0,0,0,0
"POINT (7.155161163000059 51.219606342000077)",Unfall 184502 (2024) Kat:3, Licht: 0,184502,3,4,6,09,10,3,0,0,0,1,1,0,0,0
"POINT (7.192922012000054 51.249878296000077)",Unfall 184503 (2024) Kat:3, Licht: 0,184503,3,7,0,09,15,3,0,0,1,0,0,0,0,0
"POINT (7.075544830000069 51.230901742000071)",Unfall 184504 (2024) Kat:3, Licht: 0,184504,3,2,5,09,16,3,0,0,0,1,0,0,0,0
"POINT (7.144263440000032 51.258110755000075)",Unfall 184505 (2024) Kat:3, Licht: 0,184505,3,4,6,09,16,3,0,0,0,1,1,0,0,0
"POINT (7.149322904000030 51.236076296000078)",Unfall 184506 (2024) Kat:2, Licht: 0,184506,2,3,5,09,15,3,0,0,0,1,0,1,0,0
"POINT (7.173986095000032 51.262071787000082)",Unfall 184507 (2024) Kat:3, Licht: 0,184507,3,1,0,09,12,3,0,0,0,1,0,0,0,1
"POINT (7.067927820000023 51.229930673000069)",Unfall 184508 (2024) Kat:3, Licht: 0,184508,3,4,6,09,12,3,0,0,0,1,1,0,0,0
"POINT (7.182957389000023 51.270831716000032)",Unfall 184579 (2024) Kat:3, Licht: 2,184579,3,7,8,09,23,2,0,2,1,0,0,0,0,0
"POINT (7.152970709000044 51.260696822000057)",Unfall 184580 (2024) Kat:3, Licht: 0,184580,3,1,0,09,19,2,1,0,1,0,0,0,0,0
"POINT (7.155343691000041 51.286477606000062)",Unfall 184581 (2024) Kat:3, Licht: 0,184581,3,5,0,09,16,2,1,0,1,1,0,0,0,0
"POINT (7.187249015000020 51.273461532000056)",Unfall 184747 (2024) Kat:3, Licht: 0,184747,3,1,0,09,10,1,0,0,0,0,0,1,0,0
"POINT (7.235946690000048 51.290922496000064)",Unfall 184748 (2024) Kat:2, Licht: 2,184748,2,1,9,09,00,1,1,2,0,1,0,0,0,0
"POINT (7.075312432000032 51.229658143000051)",Unfall 184749 (2024) Kat:3, Licht: 1,184749,3,1,0,09,19,1,0,1,0,0,0,1,0,0
"POINT (7.147700306000047 51.258462719000079)",Unfall 184750 (2024) Kat:3, Licht: 0,184750,3,4,6,09,18,1,0,0,0,0,1,0,0,1
"POINT (7.060113040000033 51.219632299000068)",Unfall 184791 (2024) Kat:3, Licht: 0,184791,3,3,5,09,09,7,0,0,1,1,0,0,0,0
"POINT (7.146631889000048 51.259120518000032)",Unfall 184850 (2024) Kat:3, Licht: 1,184850,3,2,5,09,19,6,1,1,0,1,0,0,0,1
"POINT (7.227612408000027 51.282523441000080)",Unfall 185012 (2024) Kat:3, Licht: 0,185012,3,6,2,09,12,4,1,0,0,1,0,0,0,1
"POINT (7.153297581000061 51.251821392000068)",Unfall 185013 (2024) Kat:2, Licht: 0,185013,2,1,0,09,13,4,1,0,0,0,0,0,0,1
"POINT (7.176679112000045 51.273122622000074)",Unfall 185082 (2024) Kat:3, Licht: 0,185082,3,1,1,09,08,3,1,0,0,1,0,1,0,0
"POINT (7.193413227000065 51.279407567000078)",Unfall 185153 (2024) Kat:3, Licht: 0,185153,3,4,7,09,10,2,0,0,0,1,1,0,0,0
"POINT (7.132676467000067 51.229466397000067)",Unfall 185154 (2024) Kat:3, Licht: 0,185154,3,7,9,09,07,2,0,0,1,0,0,0,0,0
"POINT (7.200811821000059 51.224559110000030)",Unfall 185292 (2024) Kat:3, Licht: 2,185292,3,2,5,09,20,7,0,2,1,1,0,0,0,0
"POINT (7.223837230000072 51.280898539000077)",Unfall 185372 (2024) Kat:3, Licht: 0,185372,3,1,0,09,16,6,0,0,1,0,0,0,0,0
"POINT (7.222731552000027 51.274703930000044)",Unfall 185373 (2024) Kat:3, Licht: 0,185373,3,6,0,09,18,6,0,0,1,0,0,0,0,0
"POINT (7.192441932000065 51.272193264000066)",Unfall 185374 (2024) Kat:3, Licht: 0,185374,3,5,5,09,17,6,0,0,0,1,0,0,0,1
"POINT (7.194079806000047 51.271357391000038)",Unfall 185376 (2024) Kat:3, Licht: 0,185376,3,4,6,09,13,6,0,0,0,1,1,0,0,0
"POINT (7.245529335000072 51.293925348000073)",Unfall 185377 (2024) Kat:3, Licht: 0,185377,3,7,0,09,11,6,0,0,1,0,0,0,0,0
"POINT (7.229372421000051 51.285866158000033)",Unfall 185479 (2024) Kat:3, Licht: 0,185479,3,6,2,09,09,5,0,0,0,1,0,0,0,0
"POINT (7.080635125000072 51.237341021000077)",Unfall 185557 (2024) Kat:3, Licht: 0,185557,3,7,0,09,18,4,0,0,1,0,0,0,0,0
"POINT (7.137932045000071 51.256712506000042)",Unfall 185690 (2024) Kat:3, Licht: 0,185690,3,7,3,09,18,2,0,0,1,1,0,0,0,0
"POINT (7.153406305000033 51.268901522000078)",Unfall 185728 (2024) Kat:3, Licht: 0,185728,3,3,5,09,11,6,0,0,0,1,0,0,0,1
"POINT (7.255333908000068 51.296990926000035)",Unfall 185795 (2024) Kat:2, Licht: 2,185795,2,1,0,10,21,5,0,2,0,0,0,1,0,0
"POINT (7.143445556000074 51.257916839000075)",Unfall 185949 (2024) Kat:3, Licht: 2,185949,3,7,6,10,18,1,0,2,0,1,1,0,0,0
"POINT (7.218591471000025 51.227119807000065)",Unfall 186035 (2024) Kat:3, Licht: 0,186035,3,1,1,10,16,5,0,0,0,1,0,0,0,1
"POINT (7.237380945000041 51.285260972000060)",Unfall 186061 (2024) Kat:3, Licht: 0,186061,3,3,5,10,15,6,0,0,0,1,0,0,0,1
"POINT (7.152488129000062 51.248625534000041)",Unfall 186062 (2024) Kat:3, Licht: 0,186062,3,3,5,10,13,6,0,0,1,1,0,0,0,0
"POINT (7.176086692000069 51.259966178000070)",Unfall 186182 (2024) Kat:2, Licht: 1,186182,2,2,6,10,07,4,1,1,0,1,1,0,0,0
"POINT (7.153602286000023 51.268985469000029)",Unfall 186183 (2024) Kat:3, Licht: 1,186183,3,6,1,10,18,4,1,1,0,1,0,0,0,0
"POINT (7.144106177000026 51.256073796000067)",Unfall 186184 (2024) Kat:3, Licht: 0,186184,3,4,6,10,16,4,1,0,0,1,1,0,0,0
"POINT (7.155415706000042 51.298309008000047)",Unfall 186270 (2024) Kat:3, Licht: 0,186270,3,3,5,10,14,7,0,0,1,1,0,0,0,0
"POINT (7.292315525000049 51.243344866000029)",Unfall 186275 (2024) Kat:3, Licht: 0,186275,3,1,1,10,15,3,0,0,0,1,0,0,0,0
"POINT (7.179948191000051 51.269129989000078)",Unfall 186354 (2024) Kat:3, Licht: 0,186354,3,1,7,10,18,2,0,0,1,1,0,0,0,0
"POINT (7.215504209000073 51.282409174000065)",Unfall 186355 (2024) Kat:3, Licht: 0,186355,3,2,5,10,12,2,0,0,0,1,0,0,0,0
"POINT (7.211704182000062 51.275255314000049)",Unfall 186356 (2024) Kat:3, Licht: 0,186356,3,3,5,10,14,2,0,0,1,1,0,0,0,0
"POINT (7.153040624000027 51.247267842000042)",Unfall 186525 (2024) Kat:3, Licht: 0,186525,3,1,0,10,14,6,0,0,0,0,0,1,0,0
"POINT (7.256667892000053 51.278186526000070)",Unfall 186605 (2024) Kat:3, Licht: 0,186605,3,6,1,10,08,4,0,0,0,1,0,0,0,0
"POINT (7.223384469000052 51.275772396000036)",Unfall 186606 (2024) Kat:3, Licht: 0,186606,3,7,5,10,15,4,1,0,0,1,0,0,0,1
"POINT (7.167565886000034 51.257093071000043)",Unfall 186681 (2024) Kat:3, Licht: 0,186681,3,7,0,10,14,3,1,0,0,0,0,1,0,0
"POINT (7.216749241000059 51.276595281000027)",Unfall 186777 (2024) Kat:3, Licht: 0,186777,3,7,6,09,10,2,0,0,0,1,0,0,0,1
"POINT (7.211704182000062 51.275255314000049)",Unfall 186988 (2024) Kat:3, Licht: 2,186988,3,7,5,11,20,7,0,2,0,1,0,0,0,1
"POINT (7.232873364000056 51.285683323000057)",Unfall 187065 (2024) Kat:3, Licht: 0,187065,3,6,5,10,15,5,0,0,0,1,0,1,0,0
"POINT (7.197374215000025 51.227658888000065)",Unfall 187066 (2024) Kat:3, Licht: 0,187066,3,3,6,10,13,5,0,0,0,1,1,0,0,0
"POINT (7.186373776000039 51.274762922000036)",Unfall 187126 (2024) Kat:3, Licht: 2,187126,3,4,6,10,17,4,0,2,0,1,1,0,0,0
"POINT (7.255405595000070 51.280411482000034)",Unfall 187127 (2024) Kat:3, Licht: 0,187127,3,6,2,10,16,4,1,0,0,1,0,0,0,1
"POINT (7.149814727000035 51.281195094000054)",Unfall 187128 (2024) Kat:3, Licht: 0,187128,3,3,5,10,07,4,1,0,0,1,0,0,0,0
"POINT (7.201751152000043 51.271740817000079)",Unfall 187199 (2024) Kat:3, Licht: 2,187199,3,7,6,10,18,3,1,2,1,0,1,0,0,0
"POINT (7.141914075000045 51.256765923000046)",Unfall 187285 (2024) Kat:3, Licht: 0,187285,3,2,3,10,11,2,0,0,0,1,0,0,0,0
"POINT (7.162548554000068 51.278248382000072)",Unfall 187286 (2024) Kat:3, Licht: 0,187286,3,3,5,10,07,2,1,0,1,1,0,0,0,0
"POINT (7.195427611000071 51.238070195000034)",Unfall 187314 (2024) Kat:3, Licht: 0,187314,3,6,2,10,11,1,1,0,0,1,0,0,0,0
"POINT (7.223837230000072 51.280898539000077)",Unfall 187359 (2024) Kat:3, Licht: 0,187359,3,3,5,10,13,7,0,0,1,1,0,0,0,0
"POINT (7.208798269000056 51.227248020000047)",Unfall 187464 (2024) Kat:3, Licht: 0,187464,3,1,0,10,13,5,0,0,0,0,0,0,0,1
"POINT (7.208028331000037 51.271859437000046)",Unfall 187521 (2024) Kat:3, Licht: 0,187521,3,7,6,10,13,4,0,0,0,1,1,0,0,0
"POINT (7.141531014000066 51.264918621000049)",Unfall 187681 (2024) Kat:2, Licht: 2,187681,2,1,8,10,02,1,0,2,0,1,0,0,0,0
"POINT (7.224098364000042 51.276568534000035)",Unfall 187764 (2024) Kat:3, Licht: 2,187764,3,4,6,10,05,7,0,2,0,1,1,0,0,0
"POINT (7.146217107000041 51.266631364000034)",Unfall 187777 (2024) Kat:3, Licht: 0,187777,3,4,6,10,15,6,0,0,1,0,1,0,0,0
"POINT (7.210269675000063 51.279181262000066)",Unfall 187849 (2024) Kat:3, Licht: 0,187849,3,3,5,11,09,1,1,0,1,1,0,0,0,0
"POINT (7.136354519000065 51.253973510000037)",Unfall 187938 (2024) Kat:3, Licht: 0,187938,3,4,6,11,14,6,1,0,0,1,1,0,0,0
"POINT (7.149700017000043 51.281021174000045)",Unfall 187939 (2024) Kat:3, Licht: 0,187939,3,3,5,11,12,6,0,0,0,1,0,0,0,0
"POINT (7.206847552000056 51.273886055000048)",Unfall 188056 (2024) Kat:3, Licht: 0,188056,3,7,0,11,13,4,1,0,0,1,0,0,0,0
"POINT (7.061131210000042 51.224121296000078)",Unfall 188057 (2024) Kat:3, Licht: 2,188057,3,6,2,11,17,4,1,2,0,1,0,0,0,0
"POINT (7.194135759000062 51.218252301000064)",Unfall 188123 (2024) Kat:3, Licht: 0,188123,3,3,5,11,13,3,0,0,1,1,0,0,0,0
"POINT (7.217034594000040 51.281193672000029)",Unfall 188182 (2024) Kat:3, Licht: 0,188182,3,4,6,11,13,2,0,0,0,1,1,0,0,0
"POINT (7.151889491000077 51.265529816000026)",Unfall 188183 (2024) Kat:3, Licht: 2,188183,3,2,6,11,17,2,0,2,0,1,1,0,0,0
"POINT (7.210962013000028 51.283304529000077)",Unfall 188224 (2024) Kat:3, Licht: 0,188224,3,7,0,11,15,1,0,0,0,1,0,0,0,0
"POINT (7.197814235000067 51.266743193000082)",Unfall 188253 (2024) Kat:3, Licht: 0,188253,3,3,5,11,14,7,0,0,1,1,0,0,0,0
"POINT (7.135602298000038 51.258535780000045)",Unfall 188254 (2024) Kat:2, Licht: 2,188254,2,1,0,11,22,7,1,2,0,0,0,0,0,1
"POINT (7.151009182000053 51.257398996000063)",Unfall 188255 (2024) Kat:3, Licht: 0,188255,3,5,1,11,14,7,0,0,0,1,0,0,0,0
"POINT (7.224587534000023 51.282211175000043)",Unfall 188299 (2024) Kat:3, Licht: 2,188299,3,7,0,11,06,6,1,2,1,0,0,0,0,0
"POINT (7.224601364000023 51.282232335000060)",Unfall 188301 (2024) Kat:3, Licht: 2,188301,3,6,1,11,04,6,1,2,1,1,0,0,0,0
"POINT (7.236820408000028 51.298261453000066)",Unfall 188375 (2024) Kat:3, Licht: 2,188375,3,6,2,11,21,5,1,2,0,0,0,0,0,1
"POINT (7.191525975000047 51.268433047000030)",Unfall 188430 (2024) Kat:3, Licht: 2,188430,3,6,4,11,20,4,1,2,1,0,0,0,0,1
"POINT (7.235885961000065 51.284299949000058)",Unfall 188431 (2024) Kat:3, Licht: 1,188431,3,4,6,11,15,4,1,1,0,0,1,1,0,0
"POINT (7.225368498000023 51.268506986000034)",Unfall 188497 (2024) Kat:2, Licht: 2,188497,2,7,6,11,19,3,0,2,0,1,1,0,0,0
"POINT (7.155720189000021 51.243051041000058)",Unfall 188499 (2024) Kat:3, Licht: 0,188499,3,1,0,11,08,3,1,0,1,0,0,0,0,0
"POINT (7.178807296000059 51.262451352000028)",Unfall 188562 (2024) Kat:3, Licht: 0,188562,3,3,5,11,13,2,1,0,0,1,0,0,0,0
"POINT (7.216300777000072 51.268472244000066)",Unfall 188563 (2024) Kat:3, Licht: 2,188563,3,7,0,11,07,2,1,2,0,0,0,0,0,1
"POINT (7.126853895000067 51.248447507000037)",Unfall 188564 (2024) Kat:3, Licht: 0,188564,3,7,0,11,15,2,1,0,0,1,0,1,0,0
"POINT (7.124529985000038 51.269088127000032)",Unfall 188615 (2024) Kat:3, Licht: 0,188615,3,5,1,11,16,1,0,0,0,1,0,0,0,0
"POINT (7.128847442000051 51.243502873000068)",Unfall 188765 (2024) Kat:3, Licht: 0,188765,3,6,2,11,12,5,0,0,0,1,0,1,0,0
"POINT (7.065917931000058 51.225969702000043)",Unfall 188838 (2024) Kat:3, Licht: 2,188838,3,3,5,11,20,4,1,2,0,1,0,0,0,0
"POINT (7.146051761000024 51.246361470000068)",Unfall 188980 (2024) Kat:3, Licht: 0,188980,3,6,1,12,11,5,0,0,0,1,0,1,0,0
"POINT (7.209462529000064 51.275622118000058)",Unfall 189151 (2024) Kat:3, Licht: 0,189151,3,2,6,12,08,2,1,0,0,1,1,0,0,0
"POINT (7.153035499000055 51.240959032000035)",Unfall 189183 (2024) Kat:2, Licht: 2,189183,2,4,6,12,18,1,0,2,0,1,1,0,0,0
"POINT (7.138960751000070 51.264263372000073)",Unfall 189213 (2024) Kat:3, Licht: 0,189213,3,5,0,12,14,7,1,0,0,1,0,0,0,0
"POINT (7.232912611000074 51.258806813000035)",Unfall 189321 (2024) Kat:3, Licht: 2,189321,3,6,2,12,16,5,1,2,0,1,0,0,0,0
"POINT (7.146382875000029 51.255717360000062)",Unfall 189322 (2024) Kat:3, Licht: 1,189322,3,4,6,12,14,5,1,1,0,1,1,0,0,0
"POINT (7.218621417000065 51.278463010000053)",Unfall 189387 (2024) Kat:3, Licht: 0,189387,3,3,5,12,07,4,0,0,0,1,0,0,0,1
"POINT (7.107872200000031 51.257152547000032)",Unfall 189388 (2024) Kat:2, Licht: 2,189388,2,2,6,12,17,4,1,2,0,1,1,0,0,0
"POINT (7.104739076000044 51.276611728000034)",Unfall 189441 (2024) Kat:3, Licht: 0,189441,3,7,0,12,19,3,0,0,0,1,0,0,0,0
"POINT (7.134835837000026 51.261671966000051)",Unfall 189516 (2024) Kat:2, Licht: 0,189516,2,2,6,12,08,2,1,0,0,1,1,0,0,0
"POINT (7.229659335000065 51.285762664000060)",Unfall 189667 (2024) Kat:2, Licht: 1,189667,2,4,6,11,17,6,0,1,0,1,1,0,0,0
"POINT (7.219365168000024 51.278277646000049)",Unfall 189728 (2024) Kat:3, Licht: 0,189728,3,6,2,11,15,5,0,0,1,1,0,0,0,0
"POINT (7.142092754000032 51.254220918000044)",Unfall 189729 (2024) Kat:3, Licht: 2,189729,3,1,0,11,16,5,0,2,1,0,0,0,0,0
"POINT (7.134928284000068 51.205904648000057)",Unfall 189879 (2024) Kat:3, Licht: 1,189879,3,7,8,11,16,3,0,1,0,1,0,0,0,1
"POINT (7.198749372000066 51.221238303000064)",Unfall 190344 (2024) Kat:2, Licht: 0,190344,2,1,0,12,09,1,2,0,1,0,0,0,0,0
"POINT (7.199304600000062 51.271670639000035)",Unfall 190366 (2024) Kat:3, Licht: 2,190366,3,7,6,12,00,7,0,2,0,1,1,0,0,0
"POINT (7.116421053000067 51.290325996000036)",Unfall 190416 (2024) Kat:3, Licht: 0,190416,3,2,5,12,15,6,0,0,1,1,0,0,0,0
"POINT (7.130895809000037 51.268603113000040)",Unfall 190417 (2024) Kat:3, Licht: 0,190417,3,7,0,12,10,6,0,0,0,0,1,0,0,1
"POINT (7.121211955000035 51.262743319000037)",Unfall 190484 (2024) Kat:3, Licht: 2,190484,3,5,1,12,21,3,1,2,0,1,1,0,0,0
"POINT (7.224270830000023 51.277186836000055)",Unfall 190583 (2024) Kat:3, Licht: 0,190583,3,1,2,12,14,7,1,0,0,1,0,1,0,0
"POINT (7.127017859000034 51.255191043000082)",Unfall 190641 (2024) Kat:3, Licht: 1,190641,3,3,5,12,08,6,1,1,0,1,0,0,0,0
"POINT (7.138633335000065 51.253218564000065)",Unfall 190642 (2024) Kat:3, Licht: 0,190642,3,1,0,12,08,6,1,0,1,0,0,0,0,0
"POINT (7.237439568000070 51.292470864000052)",Unfall 190723 (2024) Kat:3, Licht: 0,190723,3,2,5,12,11,5,1,0,0,1,0,0,0,0
"POINT (7.143270264000023 51.230052193000063)",Unfall 190896 (2024) Kat:3, Licht: 1,190896,3,7,6,12,17,4,0,1,0,1,1,0,0,0
"POINT (7.196694058000048 51.274091403000057)",Unfall 190914 (2024) Kat:3, Licht: 2,190914,3,2,6,12,18,2,1,2,0,1,1,0,0,0
"POINT (7.220609323000076 51.278398243000026)",Unfall 190960 (2024) Kat:3, Licht: 0,190960,3,7,0,12,12,1,1,0,0,0,0,0,0,1
"POINT (7.140100502000053 51.265049413000042)",Unfall 190961 (2024) Kat:3, Licht: 2,190961,3,7,0,12,03,1,1,2,1,0,0,0,0,0
"POINT (7.151099806000047 51.255516845000045)",Unfall 262918 (2024) Kat:3, Licht: 1,262918,3,1,0,01,19,6,1,1,1,0,0,0,0,0
"POINT (7.106921026000066 51.228799456000047)",Unfall 262944 (2024) Kat:3, Licht: 1,262944,3,7,0,01,16,1,2,1,1,0,0,0,0,0
"POINT (7.131776628000068 51.265187387000026)",Unfall 263004 (2024) Kat:3, Licht: 2,263004,3,6,4,03,23,7,0,2,1,0,0,0,0,1
"POINT (7.143738561000021 51.224096369000051)",Unfall 263008 (2024) Kat:3, Licht: 0,263008,3,1,0,03,13,1,0,0,1,0,0,0,0,0
"POINT (7.144060478000029 51.225794837000080)",Unfall 263032 (2024) Kat:3, Licht: 0,263032,3,7,0,03,14,5,0,0,1,0,0,0,0,0
"POINT (7.120969850000051 51.262095005000049)",Unfall 263056 (2024) Kat:2, Licht: 0,263056,2,1,0,03,11,1,1,0,1,0,0,0,0,0
"POINT (7.147424734000026 51.267693156000064)",Unfall 263134 (2024) Kat:3, Licht: 1,263134,3,7,8,04,20,7,0,1,1,0,0,0,0,0
"POINT (7.087484647000053 51.248117617000048)",Unfall 263135 (2024) Kat:3, Licht: 0,263135,3,1,8,04,17,7,0,0,1,0,0,0,0,0
"POINT (7.165227278000032 51.268663018000041)",Unfall 263142 (2024) Kat:3, Licht: 0,263142,3,7,8,04,16,1,0,0,1,0,0,0,0,0
"POINT (7.180718117000026 51.270530480000048)",Unfall 263194 (2024) Kat:3, Licht: 0,263194,3,7,0,05,10,1,0,0,1,0,1,0,0,0
"POINT (7.249818677000064 51.283657250000033)",Unfall 263241 (2024) Kat:3, Licht: 0,263241,3,1,0,05,13,1,0,0,1,0,0,0,0,0
"POINT (7.214829532000067 51.277532936000057)",Unfall 263277 (2024) Kat:2, Licht: 1,263277,2,7,0,05,20,1,1,1,1,0,0,0,0,0
"POINT (7.080430285000034 51.241116380000051)",Unfall 263331 (2024) Kat:3, Licht: 0,263331,3,6,2,06,17,1,0,0,1,0,0,0,0,0
"POINT (7.052764168000067 51.225336514000048)",Unfall 263382 (2024) Kat:3, Licht: 0,263382,3,1,0,06,16,5,0,0,1,0,0,0,0,0
"POINT (7.084002672000054 51.220888498000079)",Unfall 263415 (2024) Kat:2, Licht: 0,263415,2,7,0,06,10,6,0,0,1,0,0,0,0,0
"POINT (7.107816372000059 51.199774242000046)",Unfall 263427 (2024) Kat:3, Licht: 0,263427,3,6,9,06,17,7,0,0,1,0,0,0,0,0
"POINT (7.221831528000052 51.278607930000078)",Unfall 263439 (2024) Kat:3, Licht: 0,263439,3,7,0,06,19,2,0,0,1,0,1,0,0,0
"POINT (7.149761937000051 51.268449875000044)",Unfall 263551 (2024) Kat:3, Licht: 0,263551,3,7,6,07,16,1,0,0,1,0,1,0,0,0
"POINT (7.211798272000067 51.277660347000051)",Unfall 263567 (2024) Kat:3, Licht: 0,263567,3,6,3,07,11,2,0,0,1,0,0,0,0,1
"POINT (7.200374780000061 51.242147659000068)",Unfall 263574 (2024) Kat:2, Licht: 0,263574,2,1,0,07,14,3,0,0,1,0,0,0,0,0
"POINT (7.098024570000064 51.253305086000069)",Unfall 263607 (2024) Kat:3, Licht: 0,263607,3,1,0,07,13,1,0,0,1,0,0,0,0,0
"POINT (7.115345341000022 51.228710171000046)",Unfall 263629 (2024) Kat:3, Licht: 0,263629,3,1,0,07,13,6,1,0,1,0,0,0,0,0
"POINT (7.235439164000070 51.288268613000071)",Unfall 263657 (2024) Kat:3, Licht: 0,263657,3,1,8,07,13,3,0,0,1,0,0,0,0,0
"POINT (7.152180166000051 51.268550689000051)",Unfall 263707 (2024) Kat:2, Licht: 2,263707,2,7,0,08,21,4,0,2,1,0,0,0,0,0
"POINT (7.224806697000076 51.282405158000074)",Unfall 263743 (2024) Kat:3, Licht: 0,263743,3,7,0,08,19,2,0,0,1,0,0,0,0,0
"POINT (7.151924530000031 51.268570531000080)",Unfall 263807 (2024) Kat:3, Licht: 1,263807,3,7,0,08,20,7,0,1,1,0,0,0,0,0
"POINT (7.246193041000026 51.293901353000081)",Unfall 263813 (2024) Kat:3, Licht: 0,263813,3,1,0,08,19,1,0,0,1,0,0,0,0,0
"POINT (7.174361786000077 51.269325642000069)",Unfall 263961 (2024) Kat:3, Licht: 0,263961,3,6,4,09,17,1,0,0,1,0,0,0,0,0
"POINT (7.165227278000032 51.268663017000051)",Unfall 263975 (2024) Kat:3, Licht: 0,263975,3,7,0,09,16,6,0,0,1,0,0,0,0,0
"POINT (7.174252360000025 51.269305421000070)",Unfall 264013 (2024) Kat:3, Licht: 1,264013,3,7,5,10,18,3,0,1,1,0,0,0,0,0
"POINT (7.121097695000060 51.262095623000050)",Unfall 264084 (2024) Kat:2, Licht: 0,264084,2,6,3,11,14,6,1,0,1,0,0,0,0,0
"POINT (7.211772488000065 51.277665770000056)",Unfall 264090 (2024) Kat:3, Licht: 0,264090,3,4,6,11,16,1,0,0,1,0,1,0,0,0
"POINT (7.052058055000032 51.224483958000064)",Unfall 264095 (2024) Kat:2, Licht: 2,264095,2,7,0,11,18,2,0,2,1,0,0,0,0,0
"POINT (7.252778270000022 51.286235622000049)",Unfall 264096 (2024) Kat:3, Licht: 0,264096,3,1,0,11,14,2,1,0,1,0,0,0,0,0
