{"type": "FeatureCollection", "features": [{"type": "Feature", "geometry": {"type": "Point", "coordinates": [7.36061, 51.5181387]}, "properties": {"id": "osm:node:270245488", "type": "school", "name": "Schulzentrum Dortmund-Kirchlinde", "source": "OpenStreetMap/Overpass"}}, {"type": "Feature", "geometry": {"type": "Point", "coordinates": [7.3252358, 51.5525963]}, "properties": {"id": "osm:node:271884446", "type": "kindergarten", "name": "Swabedo", "source": "OpenStreetMap/Overpass"}}, {"type": "Feature", "geometry": {"type": "Point", "coordinates": [7.3255993, 51.5271083]}, "properties": {"id": "osm:node:277008105", "type": "kindergarten", "name": "Katholischer Kindergarten St. Marien Merklinde", "source": "OpenStreetMap/Overpass"}}, {"type": "Feature", "geometry": {"type": "Point", "coordinates": [7.5434232, 51.4439584]}, "properties": {"id": "osm:node:291429503", "type": "kindergarten", "name": "Zauberland", "source": "OpenStreetMap/Overpass"}}, {"type": "Feature", "geometry": {"type": "Point", "coordinates": [7.6342049, 51.554828]}, "properties": {"id": "osm:node:310226401", "type": "kindergarten", "name": "", "source": "OpenStreetMap/Overpass"}}, {"type": "Feature", "geometry": {"type": "Point", "coordinates": [7.6110336, 51.5787073]}, "properties": {"id": "osm:node:357206018", "type": "kindergarten", "name": "Evangelisches Kinder- und Familienzentrum Methler", "source": "OpenStreetMap/Overpass"}}, {"type": "Feature", "geometry": {"type": "Point", "coordinates": [7.3650836, 51.5032084]}, "properties": {"id": "osm:node:571688180", "type": "kindergarten", "name": "Kath. Kindergarten St. Laurentius", "source": "OpenStreetMap/Overpass"}}, {"type": "Feature", "geometry": {"type": "Point", "coordinates": [7.5952493, 51.5319404]}, "properties": {"id": "osm:node:672700321", "type": "school", "name": "Immanuel-Kant-Gymnasium", "source": "OpenStreetMap/Overpass"}}, {"type": "Feature", "geometry": {"type": "Point", "coordinates": [7.5946778, 51.5319331]}, "properties": {"id": "osm:node:672700325", "type": "school", "name": "Max-Born-Realschule", "source": "OpenStreetMap/Overpass"}}, {"type": "Feature", "geometry": {"type": "Point", "coordinates": [7.5928678, 51.4313308]}, "properties": {"id": "osm:node:748789573", "type": "school", "name": "Grundschule Villigst", "source": "OpenStreetMap/Overpass"}}, {"type": "Feature", "geometry": {"type": "Point", "coordinates": [7.5872725, 51.4331263]}, "properties": {"id": "osm:node:856897762", "type": "school", "name": "", "source": "OpenStreetMap/Overpass"}}, {"type": "Feature", "geometry": {"type": "Point", "coordinates": [7.6257388, 51.4942655]}, "properties": {"id": "osm:node:890044602", "type": "kindergarten", "name": "HEV-Kindergarten", "source": "OpenStreetMap/Overpass"}}, {"type": "Feature", "geometry": {"type": "Point", "coordinates": [7.3398444, 51.4520831]}, "properties": {"id": "osm:node:948522052", "type": "childcare", "name": "", "source": "OpenStreetMap/Overpass"}}, {"type": "Feature", "geometry": {"type": "Point", "coordinates": [7.4444434, 51.4227491]}, "properties": {"id": "osm:node:1114028822", "type": "school", "name": "Bildungszentrum Herdecke", "source": "OpenStreetMap/Overpass"}}, {"type": "Feature", "geometry": {"type": "Point", "coordinates": [7.5572364, 51.5068761]}, "properties": {"id": "osm:node:1211957924", "type": "childcare", "name": "Kindertagespflege Zwergenvilla", "source": "OpenStreetMap/Overpass"}}, {"type": "Feature", "geometry": {"type": "Point", "coordinates": [7.3753614, 51.4471182]}, "properties": {"id": "osm:node:1217281794", "type": "kindergarten", "name": "KiTa „Am Rheinischen Esel“", "source": "OpenStreetMap/Overpass"}}, {"type": "Feature", "geometry": {"type": "Point", "coordinates": [7.4322195, 51.5115212]}, "properties": {"id": "osm:node:1314858930", "type": "school", "name": "BTZ Dortmund", "source": "OpenStreetMap/Overpass"}}, {"type": "Feature", "geometry": {"type": "Point", "coordinates": [7.3511827, 51.4363944]}, "properties": {"id": "osm:node:1329614482", "type": "kindergarten", "name": "Spielgruppe Kieselchen", "source": "OpenStreetMap/Overpass"}}, {"type": "Feature", "geometry": {"type": "Point", "coordinates": [7.5286087, 51.4210445]}, "properties": {"id": "osm:node:1349300743", "type": "kindergarten", "name": "Evangelischer Kindergarten Westhofen", "source": "OpenStreetMap/Overpass"}}, {"type": "Feature", "geometry": {"type": "Point", "coordinates": [7.5487791, 51.4431841]}, "properties": {"id": "osm:node:1391200818", "type": "kindergarten", "name": "Städtische Kindertageseinrichtung Holzen-Rosen „Zappelkiste“", "source": "OpenStreetMap/Overpass"}}, {"type": "Feature", "geometry": {"type": "Point", "coordinates": [7.4620234, 51.5130881]}, "properties": {"id": "osm:node:1538502040", "type": "school", "name": "Malteser Hilfsdienst e.V.", "source": "OpenStreetMap/Overpass"}}, {"type": "Feature", "geometry": {"type": "Point", "coordinates": [7.3825839, 51.5090832]}, "properties": {"id": "osm:node:1556055550", "type": "kindergarten", "name": "Kinderstube \"Meilenwichtel\"", "source": "OpenStreetMap/Overpass"}}, {"type": "Feature", "geometry": {"type": "Point", "coordinates": [7.3903767, 51.5588554]}, "properties": {"id": "osm:node:1600943856", "type": "school", "name": "Heinrich-Heine-Gymnasium", "source": "OpenStreetMap/Overpass"}}, {"type": "Feature", "geometry": {"type": "Point", "coordinates": [7.5590148, 51.5153405]}, "properties": {"id": "osm:node:1827032651", "type": "kindergarten", "name": "Elterninitiative Kindergarten Mini-Club", "source": "OpenStreetMap/Overpass"}}, {"type": "Feature", "geometry": {"type": "Point", "coordinates": [7.5558731, 51.4934308]}, "properties": {"id": "osm:node:1868508748", "type": "childcare", "name": "naturkinder", "source": "OpenStreetMap/Overpass"}}, {"type": "Feature", "geometry": {"type": "Point", "coordinates": [7.4974548, 51.4895241]}, "properties": {"id": "osm:node:1918659135", "type": "school", "name": "DLRG Bezirk Dortmund e.V.", "source": "OpenStreetMap/Overpass"}}, {"type": "Feature", "geometry": {"type": "Point", "coordinates": [7.617667, 51.492974]}, "properties": {"id": "osm:node:2088270345", "type": "kindergarten", "name": "DRK Kindergarten Hokus Pokus", "source": "OpenStreetMap/Overpass"}}, {"type": "Feature", "geometry": {"type": "Point", "coordinates": [7.3313842, 51.5409202]}, "properties": {"id": "osm:node:2264706561", "type": "kindergarten", "name": "", "source": "OpenStreetMap/Overpass"}}, {"type": "Feature", "geometry": {"type": "Point", "coordinates": [7.3322012, 51.5433323]}, "properties": {"id": "osm:node:2266829199", "type": "kindergarten", "name": "", "source": "OpenStreetMap/Overpass"}}, {"type": "Feature", "geometry": {"type": "Point", "coordinates": [7.3581782, 51.4521761]}, "properties": {"id": "osm:node:2781978632", "type": "kindergarten", "name": "Hui – der Kinderkeller", "source": "OpenStreetMap/Overpass"}}, {"type": "Feature", "geometry": {"type": "Point", "coordinates": [7.3864711, 51.4429983]}, "properties": {"id": "osm:node:2883402016", "type": "kindergarten", "name": "Kita Kinderland", "source": "OpenStreetMap/Overpass"}}, {"type": "Feature", "geometry": {"type": "Point", "coordinates": [7.3548346, 51.4287979]}, "properties": {"id": "osm:node:2989988571", "type": "kindergarten", "name": "Kleine Racker", "source": "OpenStreetMap/Overpass"}}, {"type": "Feature", "geometry": {"type": "Point", "coordinates": [7.5686658, 51.4402493]}, "properties": {"id": "osm:node:3286563734", "type": "school", "name": "VHS Schwerte", "source": "OpenStreetMap/Overpass"}}, {"type": "Feature", "geometry": {"type": "Point", "coordinates": [7.3037253, 51.5837925]}, "properties": {"id": "osm:node:3316944883", "type": "kindergarten", "name": "Kindergarten Senfkorn", "source": "OpenStreetMap/Overpass"}}, {"type": "Feature", "geometry": {"type": "Point", "coordinates": [7.3569338, 51.453515]}, "properties": {"id": "osm:node:3782110261", "type": "school", "name": "Heilpraktikerschule Witten", "source": "OpenStreetMap/Overpass"}}, {"type": "Feature", "geometry": {"type": "Point", "coordinates": [7.3750844, 51.4421506]}, "properties": {"id": "osm:node:3884189307", "type": "kindergarten", "name": "Kita Wirbelwind", "source": "OpenStreetMap/Overpass"}}, {"type": "Feature", "geometry": {"type": "Point", "coordinates": [7.3383747, 51.4403591]}, "properties": {"id": "osm:node:3999976952", "type": "kindergarten", "name": "Wittener Wichtel", "source": "OpenStreetMap/Overpass"}}, {"type": "Feature", "geometry": {"type": "Point", "coordinates": [7.3225832, 51.4402511]}, "properties": {"id": "osm:node:4096233383", "type": "school", "name": "Magic Academy", "source": "OpenStreetMap/Overpass"}}, {"type": "Feature", "geometry": {"type": "Point", "coordinates": [7.531791, 51.5532499]}, "properties": {"id": "osm:node:4338304914", "type": "school", "name": "Hauptschule Scharnhorst", "source": "OpenStreetMap/Overpass"}}, {"type": "Feature", "geometry": {"type": "Point", "coordinates": [7.5320514, 51.5533787]}, "properties": {"id": "osm:node:4338329399", "type": "school", "name": "Albert-Einstein-Realschule", "source": "OpenStreetMap/Overpass"}}, {"type": "Feature", "geometry": {"type": "Point", "coordinates": [7.4741399, 51.5135452]}, "properties": {"id": "osm:node:4496309891", "type": "school", "name": "Institut für Berufliche Bildung", "source": "OpenStreetMap/Overpass"}}, {"type": "Feature", "geometry": {"type": "Point", "coordinates": [7.3320951, 51.4407183]}, "properties": {"id": "osm:node:4587931765", "type": "kindergarten", "name": "Zwergenbude", "source": "OpenStreetMap/Overpass"}}, {"type": "Feature", "geometry": {"type": "Point", "coordinates": [7.5774462, 51.419608]}, "properties": {"id": "osm:node:4631486208", "type": "kindergarten", "name": "Kindergarten Kinderstube Ergste e.V.", "source": "OpenStreetMap/Overpass"}}, {"type": "Feature", "geometry": {"type": "Point", "coordinates": [7.4483957, 51.5197123]}, "properties": {"id": "osm:node:5142619022", "type": "kindergarten", "name": "Kinderladen Pfiffikuss", "source": "OpenStreetMap/Overpass"}}, {"type": "Feature", "geometry": {"type": "Point", "coordinates": [7.5041541, 51.4910371]}, "properties": {"id": "osm:node:5246966273", "type": "school", "name": "Sparkassenakademie Nordrhein-Westfalen", "source": "OpenStreetMap/Overpass"}}, {"type": "Feature", "geometry": {"type": "Point", "coordinates": [7.3059886, 51.4823659]}, "properties": {"id": "osm:node:5743825412", "type": "childcare", "name": "Sonnenkind Bochum e. V.", "source": "OpenStreetMap/Overpass"}}, {"type": "Feature", "geometry": {"type": "Point", "coordinates": [7.3084658, 51.4791917]}, "properties": {"id": "osm:node:5775700477", "type": "childcare", "name": "Kindertagesstätte Guck Mal", "source": "OpenStreetMap/Overpass"}}, {"type": "Feature", "geometry": {"type": "Point", "coordinates": [7.305639, 51.5783259]}, "properties": {"id": "osm:node:5777055073", "type": "kindergarten", "name": "Kinderplanet", "source": "OpenStreetMap/Overpass"}}, {"type": "Feature", "geometry": {"type": "Point", "coordinates": [7.3087777, 51.4855045]}, "properties": {"id": "osm:node:5847457477", "type": "kindergarten", "name": "Villa Chaos", "source": "OpenStreetMap/Overpass"}}, {"type": "Feature", "geometry": {"type": "Point", "coordinates": [7.4573746, 51.5262155]}, "properties": {"id": "osm:node:6196350936", "type": "kindergarten", "name": "Tageseinrichtung für Kinder Haydnstraße", "source": "OpenStreetMap/Overpass"}}, {"type": "Feature", "geometry": {"type": "Point", "coordinates": [7.4662526, 51.515538]}, "properties": {"id": "osm:node:6389298770", "type": "school", "name": "VHS Dortmund", "source": "OpenStreetMap/Overpass"}}, {"type": "Feature", "geometry": {"type": "Point", "coordinates": [7.3236413, 51.4729387]}, "properties": {"id": "osm:node:6508377158", "type": "childcare", "name": "Krümmelkiste", "source": "OpenStreetMap/Overpass"}}, {"type": "Feature", "geometry": {"type": "Point", "coordinates": [7.4395031, 51.4697274]}, "properties": {"id": "osm:node:6516267189", "type": "kindergarten", "name": "Kindertagespflege \"Grünlinge\"", "source": "OpenStreetMap/Overpass"}}, {"type": "Feature", "geometry": {"type": "Point", "coordinates": [7.3061908, 51.4904715]}, "properties": {"id": "osm:node:7067010168", "type": "childcare", "name": "Die Kinderstube", "source": "OpenStreetMap/Overpass"}}, {"type": "Feature", "geometry": {"type": "Point", "coordinates": [7.4804228, 51.5957077]}, "properties": {"id": "osm:node:7102317468", "type": "kindergarten", "name": "Großtagespflege \"Heupferdchen\"", "source": "OpenStreetMap/Overpass"}}, {"type": "Feature", "geometry": {"type": "Point", "coordinates": [7.3967918, 51.5255019]}, "properties": {"id": "osm:node:7712927910", "type": "kindergarten", "name": "Rahmer Strolche", "source": "OpenStreetMap/Overpass"}}, {"type": "Feature", "geometry": {"type": "Point", "coordinates": [7.392391, 51.5581505]}, "properties": {"id": "osm:node:8410824371", "type": "kindergarten", "name": "Caritas Kindertagesstätte St. Josef", "source": "OpenStreetMap/Overpass"}}, {"type": "Feature", "geometry": {"type": "Point", "coordinates": [7.3909358, 51.5588284]}, "properties": {"id": "osm:node:8410824376", "type": "childcare", "name": "Jugendfreizeitstätte Nette SMILE", "source": "OpenStreetMap/Overpass"}}, {"type": "Feature", "geometry": {"type": "Point", "coordinates": [7.4933159, 51.4843288]}, "properties": {"id": "osm:node:9719662998", "type": "kindergarten", "name": "Kath. Kindergarten Herz-Jesu", "source": "OpenStreetMap/Overpass"}}, {"type": "Feature", "geometry": {"type": "Point", "coordinates": [7.454349, 51.5033859]}, "properties": {"id": "osm:node:9721289818", "type": "kindergarten", "name": "Kath. Kindergarten Heilig Kreuz", "source": "OpenStreetMap/Overpass"}}, {"type": "Feature", "geometry": {"type": "Point", "coordinates": [7.4617864, 51.5285183]}, "properties": {"id": "osm:node:9728588615", "type": "kindergarten", "name": "Kita Weltenbummler", "source": "OpenStreetMap/Overpass"}}, {"type": "Feature", "geometry": {"type": "Point", "coordinates": [7.4987309, 51.4862852]}, "properties": {"id": "osm:node:9918866399", "type": "kindergarten", "name": "Großtagespflegestelle Villa Sonnenschein", "source": "OpenStreetMap/Overpass"}}, {"type": "Feature", "geometry": {"type": "Point", "coordinates": [7.4693646, 51.526935]}, "properties": {"id": "osm:node:10016950861", "type": "kindergarten", "name": "Kindergarten \"Die Zwergnasen\"", "source": "OpenStreetMap/Overpass"}}, {"type": "Feature", "geometry": {"type": "Point", "coordinates": [7.4632109, 51.4718052]}, "properties": {"id": "osm:node:10254679923", "type": "school", "name": "Rudolf-Steiner-Schule", "source": "OpenStreetMap/Overpass"}}, {"type": "Feature", "geometry": {"type": "Point", "coordinates": [7.4831222, 51.5285155]}, "properties": {"id": "osm:node:10572184833", "type": "kindergarten", "name": "Ev. Kindertageseinrichtung Nordlicht", "source": "OpenStreetMap/Overpass"}}, {"type": "Feature", "geometry": {"type": "Point", "coordinates": [7.4155117, 51.5622508]}, "properties": {"id": "osm:node:10731443280", "type": "kindergarten", "name": "Waldorfkindergarten Gut Königsmühle", "source": "OpenStreetMap/Overpass"}}, {"type": "Feature", "geometry": {"type": "Point", "coordinates": [7.5508797, 51.5938246]}, "properties": {"id": "osm:node:11002715782", "type": "kindergarten", "name": "AWO Kita Pusteblume", "source": "OpenStreetMap/Overpass"}}, {"type": "Feature", "geometry": {"type": "Point", "coordinates": [7.3297829, 51.4403935]}, "properties": {"id": "osm:node:11061529464", "type": "kindergarten", "name": "Traumwerkstatt", "source": "OpenStreetMap/Overpass"}}, {"type": "Feature", "geometry": {"type": "Point", "coordinates": [7.471932, 51.4983358]}, "properties": {"id": "osm:node:11126725621", "type": "kindergarten", "name": "Wölkchen am Westfalenpark", "source": "OpenStreetMap/Overpass"}}, {"type": "Feature", "geometry": {"type": "Point", "coordinates": [7.3706179, 51.5073204]}, "properties": {"id": "osm:node:11126729736", "type": "kindergarten", "name": "Kindertagesstätte KiCo e. V.", "source": "OpenStreetMap/Overpass"}}, {"type": "Feature", "geometry": {"type": "Point", "coordinates": [7.3871696, 51.5628299]}, "properties": {"id": "osm:node:11126778576", "type": "kindergarten", "name": "Ev. TEK Joachim-Neander-Straße", "source": "OpenStreetMap/Overpass"}}, {"type": "Feature", "geometry": {"type": "Point", "coordinates": [7.5001538, 51.5737578]}, "properties": {"id": "osm:node:11126793622", "type": "kindergarten", "name": "Natur-TEK Kümper Heide", "source": "OpenStreetMap/Overpass"}}, {"type": "Feature", "geometry": {"type": "Point", "coordinates": [7.5316008, 51.5232317]}, "properties": {"id": "osm:node:11126802454", "type": "kindergarten", "name": "AWO Kita Brackeler Hellweg", "source": "OpenStreetMap/Overpass"}}, {"type": "Feature", "geometry": {"type": "Point", "coordinates": [7.4840318, 51.5286417]}, "properties": {"id": "osm:node:11698758496", "type": "kindergarten", "name": "Familienzentrum Schiffskoje", "source": "OpenStreetMap/Overpass"}}, {"type": "Feature", "geometry": {"type": "Point", "coordinates": [7.5405499, 51.4916715]}, "properties": {"id": "osm:node:11703838991", "type": "childcare", "name": "Villa Klitzeklein", "source": "OpenStreetMap/Overpass"}}, {"type": "Feature", "geometry": {"type": "Point", "coordinates": [7.4662976, 51.5249831]}, "properties": {"id": "osm:node:11762385280", "type": "childcare", "name": "Bunte Schule Dortmund", "source": "OpenStreetMap/Overpass"}}, {"type": "Feature", "geometry": {"type": "Point", "coordinates": [7.4664995, 51.5250069]}, "properties": {"id": "osm:node:11762385284", "type": "childcare", "name": "Kinderbetreuung Liebkoschen", "source": "OpenStreetMap/Overpass"}}, {"type": "Feature", "geometry": {"type": "Point", "coordinates": [7.4763204, 51.4877282]}, "properties": {"id": "osm:node:11762771286", "type": "kindergarten", "name": "AWO KiTa Walter-Bruch-Straße", "source": "OpenStreetMap/Overpass"}}, {"type": "Feature", "geometry": {"type": "Point", "coordinates": [7.4525483, 51.575154]}, "properties": {"id": "osm:node:11762787755", "type": "kindergarten", "name": "Caritas Kindertagesstätte St. Dorothea", "source": "OpenStreetMap/Overpass"}}, {"type": "Feature", "geometry": {"type": "Point", "coordinates": [7.3839509, 51.5495719]}, "properties": {"id": "osm:node:11762811875", "type": "kindergarten", "name": "wert-voll - Die Kindertagesstätte", "source": "OpenStreetMap/Overpass"}}, {"type": "Feature", "geometry": {"type": "Point", "coordinates": [7.4871455, 51.5282819]}, "properties": {"id": "osm:node:11762855498", "type": "kindergarten", "name": "Caritas Kindertagesstätte St. Junia", "source": "OpenStreetMap/Overpass"}}, {"type": "Feature", "geometry": {"type": "Point", "coordinates": [7.461329, 51.5121915]}, "properties": {"id": "osm:node:11762860577", "type": "kindergarten", "name": "Villa Luna Dortmund", "source": "OpenStreetMap/Overpass"}}, {"type": "Feature", "geometry": {"type": "Point", "coordinates": [7.3486064, 51.4477629]}, "properties": {"id": "osm:node:11880944047", "type": "kindergarten", "name": "Fröbelhaus", "source": "OpenStreetMap/Overpass"}}, {"type": "Feature", "geometry": {"type": "Point", "coordinates": [7.5018997, 51.4890154]}, "properties": {"id": "osm:node:12058472707", "type": "childcare", "name": "", "source": "OpenStreetMap/Overpass"}}, {"type": "Feature", "geometry": {"type": "Point", "coordinates": [7.4285226, 51.4407468]}, "properties": {"id": "osm:node:12112731670", "type": "kindergarten", "name": "Waldkindergarten Dortmund-Schnee", "source": "OpenStreetMap/Overpass"}}, {"type": "Feature", "geometry": {"type": "Point", "coordinates": [7.5047381, 51.515794]}, "properties": {"id": "osm:node:12200376248", "type": "childcare", "name": "Rabaukenbande", "source": "OpenStreetMap/Overpass"}}, {"type": "Feature", "geometry": {"type": "Point", "coordinates": [7.4920249, 51.5144563]}, "properties": {"id": "osm:node:12200464650", "type": "childcare", "name": "", "source": "OpenStreetMap/Overpass"}}, {"type": "Feature", "geometry": {"type": "Point", "coordinates": [7.5494193, 51.5241297]}, "properties": {"id": "osm:node:12213153740", "type": "childcare", "name": "Kindertagespflege 9 x Klug", "source": "OpenStreetMap/Overpass"}}, {"type": "Feature", "geometry": {"type": "Point", "coordinates": [7.5892195, 51.5280583]}, "properties": {"id": "osm:node:12369840232", "type": "kindergarten", "name": "Kinderland e.V.", "source": "OpenStreetMap/Overpass"}}, {"type": "Feature", "geometry": {"type": "Point", "coordinates": [7.512918, 51.5066871]}, "properties": {"id": "osm:node:12393057338", "type": "childcare", "name": "Simsalabim", "source": "OpenStreetMap/Overpass"}}, {"type": "Feature", "geometry": {"type": "Point", "coordinates": [7.4419695, 51.501202]}, "properties": {"id": "osm:node:12442135912", "type": "school", "name": "Leibniz-Gymnasium | Dortmund International School", "source": "OpenStreetMap/Overpass"}}, {"type": "Feature", "geometry": {"type": "Point", "coordinates": [7.303947, 51.5726243]}, "properties": {"id": "osm:node:12511885101", "type": "school", "name": "VITA-GUARD Rettungsschule", "source": "OpenStreetMap/Overpass"}}, {"type": "Feature", "geometry": {"type": "Point", "coordinates": [7.3045062, 51.571389]}, "properties": {"id": "osm:node:12511898001", "type": "kindergarten", "name": "Kath. Familienzentrum St. Hildegard (Herz Jesu)", "source": "OpenStreetMap/Overpass"}}, {"type": "Feature", "geometry": {"type": "Point", "coordinates": [7.3245469, 51.4587484]}, "properties": {"id": "osm:node:12614365071", "type": "kindergarten", "name": "Kita Langendreerstraße", "source": "OpenStreetMap/Overpass"}}, {"type": "Feature", "geometry": {"type": "Point", "coordinates": [7.503172, 51.4831352]}, "properties": {"id": "osm:node:12626517741", "type": "childcare", "name": "Sonnenschein", "source": "OpenStreetMap/Overpass"}}, {"type": "Feature", "geometry": {"type": "Point", "coordinates": [7.3053681, 51.4874596]}, "properties": {"id": "osm:node:12766069401", "type": "kindergarten", "name": "KinderWelt - die integrative Kinderbetreuung", "source": "OpenStreetMap/Overpass"}}, {"type": "Feature", "geometry": {"type": "Point", "coordinates": [7.5568588, 51.5245695]}, "properties": {"id": "osm:node:12794685329", "type": "kindergarten", "name": "KITA In den Börten", "source": "OpenStreetMap/Overpass"}}, {"type": "Feature", "geometry": {"type": "Point", "coordinates": [7.3550252, 51.4527751]}, "properties": {"id": "osm:node:12810389230", "type": "kindergarten", "name": "Hygge-Stübchen", "source": "OpenStreetMap/Overpass"}}, {"type": "Feature", "geometry": {"type": "Point", "coordinates": [7.4952001, 51.4648259]}, "properties": {"id": "osm:node:13021377095", "type": "childcare", "name": "Waldwichtel Niederhofen", "source": "OpenStreetMap/Overpass"}}, {"type": "Feature", "geometry": {"type": "Point", "coordinates": [7.5767715, 51.4437984]}, "properties": {"id": "osm:node:13164525446", "type": "kindergarten", "name": "KiTa Ruhrauen", "source": "OpenStreetMap/Overpass"}}, {"type": "Feature", "geometry": {"type": "Point", "coordinates": [7.3316451, 51.4344723]}, "properties": {"id": "osm:node:13344900684", "type": "kindergarten", "name": "Kinder in der St. Elisabeth Gruppe", "source": "OpenStreetMap/Overpass"}}, {"type": "Feature", "geometry": {"type": "Point", "coordinates": [7.48396, 51.5267137]}, "properties": {"id": "osm:node:13396523908", "type": "school", "name": "Vincenz-von-Paul-Schule", "source": "OpenStreetMap/Overpass"}}, {"type": "Feature", "geometry": {"type": "Point", "coordinates": [7.48203, 51.525077]}, "properties": {"id": "osm:node:13444521301", "type": "childcare", "name": "Großtagespflege Kunterbunt", "source": "OpenStreetMap/Overpass"}}, {"type": "Feature", "geometry": {"type": "Point", "coordinates": [7.4567642, 51.5318691]}, "properties": {"id": "osm:node:13670784899", "type": "childcare", "name": "", "source": "OpenStreetMap/Overpass"}}, {"type": "Feature", "geometry": {"type": "Point", "coordinates": [7.3727206, 51.4487768]}, "properties": {"id": "osm:node:13735322157", "type": "school", "name": "Baedekerschule", "source": "OpenStreetMap/Overpass"}}, {"type": "Feature", "geometry": {"type": "Point", "coordinates": [7.5542041, 51.4449154]}, "properties": {"id": "osm:way:19060844", "type": "school", "name": "Theodor-Fleitmann-Gesamtschule", "source": "OpenStreetMap/Overpass"}}, {"type": "Feature", "geometry": {"type": "Point", "coordinates": [7.450061, 51.5121448]}, "properties": {"id": "osm:way:23193266", "type": "school", "name": "Abendgymnasium/Weiterbildungskolleg der Stadt Dortmund", "source": "OpenStreetMap/Overpass"}}, {"type": "Feature", "geometry": {"type": "Point", "coordinates": [7.4396259, 51.4583519]}, "properties": {"id": "osm:way:23594324", "type": "school", "name": "Langeloh-Grundschule", "source": "OpenStreetMap/Overpass"}}, {"type": "Feature", "geometry": {"type": "Point", "coordinates": [7.4721167, 51.4773537]}, "properties": {"id": "osm:way:24981645", "type": "school", "name": "Gisbert-von-Romberg-Berufskolleg", "source": "OpenStreetMap/Overpass"}}, {"type": "Feature", "geometry": {"type": "Point", "coordinates": [7.3199457, 51.5289931]}, "properties": {"id": "osm:way:25605642", "type": "school", "name": "Friedrich-Harkort-Schule Grundschule", "source": "OpenStreetMap/Overpass"}}, {"type": "Feature", "geometry": {"type": "Point", "coordinates": [7.433735, 51.4748804]}, "properties": {"id": "osm:way:25977060", "type": "school", "name": "Brüder-Grimm-Grundschule", "source": "OpenStreetMap/Overpass"}}, {"type": "Feature", "geometry": {"type": "Point", "coordinates": [7.4678724, 51.4605086]}, "properties": {"id": "osm:way:26177261", "type": "school", "name": "Olpketal-Grundschule", "source": "OpenStreetMap/Overpass"}}, {"type": "Feature", "geometry": {"type": "Point", "coordinates": [7.5533978, 51.4463445]}, "properties": {"id": "osm:way:26721888", "type": "school", "name": "Lenningskampschule", "source": "OpenStreetMap/Overpass"}}, {"type": "Feature", "geometry": {"type": "Point", "coordinates": [7.5626709, 51.4406669]}, "properties": {"id": "osm:way:28051159", "type": "school", "name": "Vita Guard Rettungsschule", "source": "OpenStreetMap/Overpass"}}, {"type": "Feature", "geometry": {"type": "Point", "coordinates": [7.4283078, 51.4903283]}, "properties": {"id": "osm:way:28366081", "type": "school", "name": "Ostenberg-Grundschule", "source": "OpenStreetMap/Overpass"}}, {"type": "Feature", "geometry": {"type": "Point", "coordinates": [7.4915846, 51.4798732]}, "properties": {"id": "osm:way:29026397", "type": "school", "name": "", "source": "OpenStreetMap/Overpass"}}, {"type": "Feature", "geometry": {"type": "Point", "coordinates": [7.4725787, 51.510134]}, "properties": {"id": "osm:way:30318774", "type": "school", "name": "", "source": "OpenStreetMap/Overpass"}}, {"type": "Feature", "geometry": {"type": "Point", "coordinates": [7.3335716, 51.5033839]}, "properties": {"id": "osm:way:31104490", "type": "kindergarten", "name": "Tageseinrichtung für Kinder Volksgartenstraße", "source": "OpenStreetMap/Overpass"}}, {"type": "Feature", "geometry": {"type": "Point", "coordinates": [7.4507604, 51.4738745]}, "properties": {"id": "osm:way:31270137", "type": "school", "name": "Schubert-Grundschule", "source": "OpenStreetMap/Overpass"}}, {"type": "Feature", "geometry": {"type": "Point", "coordinates": [7.5035967, 51.4995479]}, "properties": {"id": "osm:way:31951982", "type": "school", "name": "Gesamtschule Gartenstadt", "source": "OpenStreetMap/Overpass"}}, {"type": "Feature", "geometry": {"type": "Point", "coordinates": [7.4100281, 51.517267]}, "properties": {"id": "osm:way:32596960", "type": "school", "name": "Wilhelm-Busch-Realschule", "source": "OpenStreetMap/Overpass"}}, {"type": "Feature", "geometry": {"type": "Point", "coordinates": [7.4271798, 51.4241881]}, "properties": {"id": "osm:way:32675864", "type": "school", "name": "Grundschule Schraberg", "source": "OpenStreetMap/Overpass"}}, {"type": "Feature", "geometry": {"type": "Point", "coordinates": [7.4274908, 51.4243171]}, "properties": {"id": "osm:way:32675871", "type": "school", "name": "Grundschule Schraberg", "source": "OpenStreetMap/Overpass"}}, {"type": "Feature", "geometry": {"type": "Point", "coordinates": [7.3830901, 51.5712092]}, "properties": {"id": "osm:way:32764442", "type": "school", "name": "Jeanette-Wolff Schule am Mengeder Markt", "source": "OpenStreetMap/Overpass"}}, {"type": "Feature", "geometry": {"type": "Point", "coordinates": [7.3833399, 51.5722329]}, "properties": {"id": "osm:way:32949841", "type": "school", "name": "Overberg Grundschule (kath.)", "source": "OpenStreetMap/Overpass"}}, {"type": "Feature", "geometry": {"type": "Point", "coordinates": [7.3293685, 51.4988597]}, "properties": {"id": "osm:way:32993896", "type": "school", "name": "Holte-Grundschule", "source": "OpenStreetMap/Overpass"}}, {"type": "Feature", "geometry": {"type": "Point", "coordinates": [7.3267929, 51.4993452]}, "properties": {"id": "osm:way:32995213", "type": "school", "name": "Marienborn-Grundschule", "source": "OpenStreetMap/Overpass"}}, {"type": "Feature", "geometry": {"type": "Point", "coordinates": [7.4506395, 51.4748246]}, "properties": {"id": "osm:way:33454236", "type": "school", "name": "Helene-Lange-Gymnasium", "source": "OpenStreetMap/Overpass"}}, {"type": "Feature", "geometry": {"type": "Point", "coordinates": [7.5595112, 51.4906285]}, "properties": {"id": "osm:way:34776476", "type": "school", "name": "Albrecht-Dürer-Realschule Aplerbeck", "source": "OpenStreetMap/Overpass"}}, {"type": "Feature", "geometry": {"type": "Point", "coordinates": [7.4931356, 51.5121912]}, "properties": {"id": "osm:way:34781485", "type": "school", "name": "Franziskus-Grundschule", "source": "OpenStreetMap/Overpass"}}, {"type": "Feature", "geometry": {"type": "Point", "coordinates": [7.5322823, 51.5119701]}, "properties": {"id": "osm:way:35403140", "type": "school", "name": "Europaschule Dortmund", "source": "OpenStreetMap/Overpass"}}, {"type": "Feature", "geometry": {"type": "Point", "coordinates": [7.5442394, 51.5034615]}, "properties": {"id": "osm:way:35679008", "type": "school", "name": "LWL-Förderschulen", "source": "OpenStreetMap/Overpass"}}, {"type": "Feature", "geometry": {"type": "Point", "coordinates": [7.4916073, 51.4661021]}, "properties": {"id": "osm:way:35842549", "type": "school", "name": "Lieberfeld-Grundschule", "source": "OpenStreetMap/Overpass"}}, {"type": "Feature", "geometry": {"type": "Point", "coordinates": [7.5362777, 51.4993896]}, "properties": {"id": "osm:way:36812942", "type": "school", "name": "Friedrich-Ebert-Grundschule", "source": "OpenStreetMap/Overpass"}}, {"type": "Feature", "geometry": {"type": "Point", "coordinates": [7.506929, 51.4934002]}, "properties": {"id": "osm:way:36898234", "type": "school", "name": "Weingarten-Grundschule", "source": "OpenStreetMap/Overpass"}}, {"type": "Feature", "geometry": {"type": "Point", "coordinates": [7.5280378, 51.4785323]}, "properties": {"id": "osm:way:37126704", "type": "school", "name": "Berghofer-Grundschule Standort Busenbergstr.", "source": "OpenStreetMap/Overpass"}}, {"type": "Feature", "geometry": {"type": "Point", "coordinates": [7.5381586, 51.4758552]}, "properties": {"id": "osm:way:40138969", "type": "school", "name": "Berghofer-Grundschule Standort Hirschweg", "source": "OpenStreetMap/Overpass"}}, {"type": "Feature", "geometry": {"type": "Point", "coordinates": [7.5490281, 51.5959993]}, "properties": {"id": "osm:way:41683436", "type": "kindergarten", "name": "Kita Seeparkzwerge", "source": "OpenStreetMap/Overpass"}}, {"type": "Feature", "geometry": {"type": "Point", "coordinates": [7.5703647, 51.443214]}, "properties": {"id": "osm:way:42925381", "type": "school", "name": "Ruhrtal-Gymnasium Schwerte", "source": "OpenStreetMap/Overpass"}}, {"type": "Feature", "geometry": {"type": "Point", "coordinates": [7.3820556, 51.5284028]}, "properties": {"id": "osm:way:45558793", "type": "school", "name": "Jungferntal Grundschule", "source": "OpenStreetMap/Overpass"}}, {"type": "Feature", "geometry": {"type": "Point", "coordinates": [7.3823818, 51.5285003]}, "properties": {"id": "osm:way:45558795", "type": "school", "name": "Jungferntal Grundschule", "source": "OpenStreetMap/Overpass"}}, {"type": "Feature", "geometry": {"type": "Point", "coordinates": [7.381659, 51.5285017]}, "properties": {"id": "osm:way:45558796", "type": "school", "name": "Jungferntal Grundschule", "source": "OpenStreetMap/Overpass"}}, {"type": "Feature", "geometry": {"type": "Point", "coordinates": [7.3834316, 51.5281334]}, "properties": {"id": "osm:way:45670110", "type": "school", "name": "Alfred-Adler-Schule", "source": "OpenStreetMap/Overpass"}}, {"type": "Feature", "geometry": {"type": "Point", "coordinates": [7.3834209, 51.5285316]}, "properties": {"id": "osm:way:45670112", "type": "school", "name": "Jungferntal Grundschule", "source": "OpenStreetMap/Overpass"}}, {"type": "Feature", "geometry": {"type": "Point", "coordinates": [7.4518327, 51.4756541]}, "properties": {"id": "osm:way:47130525", "type": "school", "name": "Robert-Koch-Realschule", "source": "OpenStreetMap/Overpass"}}, {"type": "Feature", "geometry": {"type": "Point", "coordinates": [7.551291, 51.5927332]}, "properties": {"id": "osm:way:48535637", "type": "kindergarten", "name": "Kath. Kindergarten Herz-Mariä", "source": "OpenStreetMap/Overpass"}}, {"type": "Feature", "geometry": {"type": "Point", "coordinates": [7.303927, 51.4360104]}, "properties": {"id": "osm:way:49516504", "type": "school", "name": "Dorfschule", "source": "OpenStreetMap/Overpass"}}, {"type": "Feature", "geometry": {"type": "Point", "coordinates": [7.3744156, 51.4592101]}, "properties": {"id": "osm:way:52480371", "type": "school", "name": "Blote Vogel Schule Witten", "source": "OpenStreetMap/Overpass"}}, {"type": "Feature", "geometry": {"type": "Point", "coordinates": [7.3060444, 51.552643]}, "properties": {"id": "osm:way:52734023", "type": "school", "name": "Grundschule Am Hügel", "source": "OpenStreetMap/Overpass"}}, {"type": "Feature", "geometry": {"type": "Point", "coordinates": [7.3239957, 51.5190681]}, "properties": {"id": "osm:way:52932085", "type": "school", "name": "Freiligrath Grundschule", "source": "OpenStreetMap/Overpass"}}, {"type": "Feature", "geometry": {"type": "Point", "coordinates": [7.5918992, 51.5558164]}, "properties": {"id": "osm:way:52960291", "type": "school", "name": "Katholische Hauptschule Husen", "source": "OpenStreetMap/Overpass"}}, {"type": "Feature", "geometry": {"type": "Point", "coordinates": [7.489469, 51.4494986]}, "properties": {"id": "osm:way:52984301", "type": "school", "name": "Wichlinghofer Grundschule", "source": "OpenStreetMap/Overpass"}}, {"type": "Feature", "geometry": {"type": "Point", "coordinates": [7.4475908, 51.5216373]}, "properties": {"id": "osm:way:53013583", "type": "school", "name": "Lessing-Grundschule (alt)", "source": "OpenStreetMap/Overpass"}}, {"type": "Feature", "geometry": {"type": "Point", "coordinates": [7.4479526, 51.476118]}, "properties": {"id": "osm:way:53099017", "type": "childcare", "name": "AWO", "source": "OpenStreetMap/Overpass"}}, {"type": "Feature", "geometry": {"type": "Point", "coordinates": [7.4762107, 51.5113655]}, "properties": {"id": "osm:way:53100574", "type": "school", "name": "", "source": "OpenStreetMap/Overpass"}}, {"type": "Feature", "geometry": {"type": "Point", "coordinates": [7.6189639, 51.5351802]}, "properties": {"id": "osm:way:53126619", "type": "school", "name": "Max-Born-Realschule", "source": "OpenStreetMap/Overpass"}}, {"type": "Feature", "geometry": {"type": "Point", "coordinates": [7.6195019, 51.5343905]}, "properties": {"id": "osm:way:53128048", "type": "school", "name": "Josef-Grundschule", "source": "OpenStreetMap/Overpass"}}, {"type": "Feature", "geometry": {"type": "Point", "coordinates": [7.3850583, 51.5077793]}, "properties": {"id": "osm:way:53149807", "type": "school", "name": "Steinhammer-Grundschule", "source": "OpenStreetMap/Overpass"}}, {"type": "Feature", "geometry": {"type": "Point", "coordinates": [7.6192188, 51.5346339]}, "properties": {"id": "osm:way:53177277", "type": "school", "name": "Bach-Grundschule", "source": "OpenStreetMap/Overpass"}}, {"type": "Feature", "geometry": {"type": "Point", "coordinates": [7.4737404, 51.5124912]}, "properties": {"id": "osm:way:53207785", "type": "school", "name": "Anna-Zillken-Berufskolleg", "source": "OpenStreetMap/Overpass"}}, {"type": "Feature", "geometry": {"type": "Point", "coordinates": [7.5542017, 51.5295689]}, "properties": {"id": "osm:way:53265573", "type": "school", "name": "Geschwister-Scholl-Gesamtschule", "source": "OpenStreetMap/Overpass"}}, {"type": "Feature", "geometry": {"type": "Point", "coordinates": [7.6250578, 51.5423478]}, "properties": {"id": "osm:way:53309657", "type": "kindergarten", "name": "Tageseinrichtung für Kinder Baedekerstraße", "source": "OpenStreetMap/Overpass"}}, {"type": "Feature", "geometry": {"type": "Point", "coordinates": [7.5595242, 51.515385]}, "properties": {"id": "osm:way:53367788", "type": "school", "name": "Fichte-Grundschule", "source": "OpenStreetMap/Overpass"}}, {"type": "Feature", "geometry": {"type": "Point", "coordinates": [7.6151566, 51.537993]}, "properties": {"id": "osm:way:53457979", "type": "kindergarten", "name": "Tageseinrichtung für Kinder Ebbinghausstraße", "source": "OpenStreetMap/Overpass"}}, {"type": "Feature", "geometry": {"type": "Point", "coordinates": [7.5425176, 51.5039067]}, "properties": {"id": "osm:way:53486501", "type": "school", "name": "Martin-Buber-Schule", "source": "OpenStreetMap/Overpass"}}, {"type": "Feature", "geometry": {"type": "Point", "coordinates": [7.5451215, 51.5030326]}, "properties": {"id": "osm:way:53566358", "type": "school", "name": "Martin-Bartels-Schule", "source": "OpenStreetMap/Overpass"}}, {"type": "Feature", "geometry": {"type": "Point", "coordinates": [7.4518166, 51.4734543]}, "properties": {"id": "osm:way:53568226", "type": "school", "name": "Gesamtschule Brünninghausen, Helene-Lange-Gymnasium", "source": "OpenStreetMap/Overpass"}}, {"type": "Feature", "geometry": {"type": "Point", "coordinates": [7.459768, 51.5097154]}, "properties": {"id": "osm:way:53628417", "type": "school", "name": "Petri-Grundschule", "source": "OpenStreetMap/Overpass"}}, {"type": "Feature", "geometry": {"type": "Point", "coordinates": [7.4746553, 51.5044928]}, "properties": {"id": "osm:way:53649994", "type": "school", "name": "Landgrafen-Grundschule", "source": "OpenStreetMap/Overpass"}}, {"type": "Feature", "geometry": {"type": "Point", "coordinates": [7.5418415, 51.5279813]}, "properties": {"id": "osm:way:53741061", "type": "school", "name": "Reichshof-Grundschule", "source": "OpenStreetMap/Overpass"}}, {"type": "Feature", "geometry": {"type": "Point", "coordinates": [7.3596576, 51.5185509]}, "properties": {"id": "osm:way:53777681", "type": "school", "name": "", "source": "OpenStreetMap/Overpass"}}, {"type": "Feature", "geometry": {"type": "Point", "coordinates": [7.4819311, 51.4953722]}, "properties": {"id": "osm:way:53845814", "type": "school", "name": "ParkAkademie", "source": "OpenStreetMap/Overpass"}}, {"type": "Feature", "geometry": {"type": "Point", "coordinates": [7.3589089, 51.5175559]}, "properties": {"id": "osm:way:53865087", "type": "school", "name": "Westricher Schule", "source": "OpenStreetMap/Overpass"}}, {"type": "Feature", "geometry": {"type": "Point", "coordinates": [7.6182367, 51.5399118]}, "properties": {"id": "osm:way:53887574", "type": "kindergarten", "name": "Ev. Familienzentrum DO-Wickede Standort Meylantstr.", "source": "OpenStreetMap/Overpass"}}, {"type": "Feature", "geometry": {"type": "Point", "coordinates": [7.4795317, 51.5234664]}, "properties": {"id": "osm:way:54031954", "type": "kindergarten", "name": "", "source": "OpenStreetMap/Overpass"}}, {"type": "Feature", "geometry": {"type": "Point", "coordinates": [7.5619661, 51.49735]}, "properties": {"id": "osm:way:54036626", "type": "kindergarten", "name": "AWO Kita Aplerbecker Straße", "source": "OpenStreetMap/Overpass"}}, {"type": "Feature", "geometry": {"type": "Point", "coordinates": [7.5470922, 51.5031772]}, "properties": {"id": "osm:way:54040009", "type": "school", "name": "Frida-Kahlo-Schule", "source": "OpenStreetMap/Overpass"}}, {"type": "Feature", "geometry": {"type": "Point", "coordinates": [7.5148768, 51.545184]}, "properties": {"id": "osm:way:54161039", "type": "kindergarten", "name": "Ev. TFK Friedrich-Hölscher", "source": "OpenStreetMap/Overpass"}}, {"type": "Feature", "geometry": {"type": "Point", "coordinates": [7.4662064, 51.5088605]}, "properties": {"id": "osm:way:54168702", "type": "school", "name": "Mallinckrodt-Gymnasium", "source": "OpenStreetMap/Overpass"}}, {"type": "Feature", "geometry": {"type": "Point", "coordinates": [7.3713936, 51.5065954]}, "properties": {"id": "osm:way:54170600", "type": "school", "name": "Schule an der Froschlake", "source": "OpenStreetMap/Overpass"}}, {"type": "Feature", "geometry": {"type": "Point", "coordinates": [7.4420675, 51.5014228]}, "properties": {"id": "osm:way:54264184", "type": "school", "name": "Leibniz Gymnasium | Dortmund International School", "source": "OpenStreetMap/Overpass"}}, {"type": "Feature", "geometry": {"type": "Point", "coordinates": [7.444689, 51.5018554]}, "properties": {"id": "osm:way:54264722", "type": "school", "name": "Johannes-Wulff-Schule", "source": "OpenStreetMap/Overpass"}}, {"type": "Feature", "geometry": {"type": "Point", "coordinates": [7.4436589, 51.5018506]}, "properties": {"id": "osm:way:54269415", "type": "school", "name": "Schulzentrum Kreuzstraße", "source": "OpenStreetMap/Overpass"}}, {"type": "Feature", "geometry": {"type": "Point", "coordinates": [7.446018, 51.5020454]}, "properties": {"id": "osm:way:54269417", "type": "school", "name": "Kreuz-Grundschule", "source": "OpenStreetMap/Overpass"}}, {"type": "Feature", "geometry": {"type": "Point", "coordinates": [7.3592359, 51.5010458]}, "properties": {"id": "osm:way:54360074", "type": "kindergarten", "name": "Ev. Familienzentrum Eliaskinder Marten", "source": "OpenStreetMap/Overpass"}}, {"type": "Feature", "geometry": {"type": "Point", "coordinates": [7.3619247, 51.5011997]}, "properties": {"id": "osm:way:54360643", "type": "school", "name": "Friedens-Grundschule", "source": "OpenStreetMap/Overpass"}}, {"type": "Feature", "geometry": {"type": "Point", "coordinates": [7.3633269, 51.5533842]}, "properties": {"id": "osm:way:54396689", "type": "school", "name": "Bodelschwingh-Grundschule", "source": "OpenStreetMap/Overpass"}}, {"type": "Feature", "geometry": {"type": "Point", "coordinates": [7.4086679, 51.4785428]}, "properties": {"id": "osm:way:54522466", "type": "school", "name": "Eichlinghofer Grundschule", "source": "OpenStreetMap/Overpass"}}, {"type": "Feature", "geometry": {"type": "Point", "coordinates": [7.465047, 51.4715777]}, "properties": {"id": "osm:way:54738120", "type": "school", "name": "Georg-Schule", "source": "OpenStreetMap/Overpass"}}, {"type": "Feature", "geometry": {"type": "Point", "coordinates": [7.4644179, 51.4712528]}, "properties": {"id": "osm:way:54738139", "type": "kindergarten", "name": "", "source": "OpenStreetMap/Overpass"}}, {"type": "Feature", "geometry": {"type": "Point", "coordinates": [7.4066195, 51.4782324]}, "properties": {"id": "osm:way:54973907", "type": "kindergarten", "name": "Maria Königin", "source": "OpenStreetMap/Overpass"}}, {"type": "Feature", "geometry": {"type": "Point", "coordinates": [7.4898666, 51.466728]}, "properties": {"id": "osm:way:54989970", "type": "school", "name": "Johann-Gutenberg-Realschule", "source": "OpenStreetMap/Overpass"}}, {"type": "Feature", "geometry": {"type": "Point", "coordinates": [7.3323799, 51.5007815]}, "properties": {"id": "osm:way:55020071", "type": "kindergarten", "name": "Kath. Kindergarten St. Magdalena", "source": "OpenStreetMap/Overpass"}}, {"type": "Feature", "geometry": {"type": "Point", "coordinates": [7.6200589, 51.5357142]}, "properties": {"id": "osm:way:55216966", "type": "school", "name": "", "source": "OpenStreetMap/Overpass"}}, {"type": "Feature", "geometry": {"type": "Point", "coordinates": [7.3476832, 51.4980018]}, "properties": {"id": "osm:way:55231352", "type": "kindergarten", "name": "Tageseinrichtung für Kinder Winandweg", "source": "OpenStreetMap/Overpass"}}, {"type": "Feature", "geometry": {"type": "Point", "coordinates": [7.3388406, 51.5007829]}, "properties": {"id": "osm:way:55260505", "type": "kindergarten", "name": "Ev. Kindertageseinrichtung Jona", "source": "OpenStreetMap/Overpass"}}, {"type": "Feature", "geometry": {"type": "Point", "coordinates": [7.339612, 51.5019775]}, "properties": {"id": "osm:way:55260506", "type": "kindergarten", "name": "Tageseinrichtung für Kinder Westermannstraße", "source": "OpenStreetMap/Overpass"}}, {"type": "Feature", "geometry": {"type": "Point", "coordinates": [7.4964208, 51.4891891]}, "properties": {"id": "osm:way:55277478", "type": "school", "name": "Karl-Müchler-Schule", "source": "OpenStreetMap/Overpass"}}, {"type": "Feature", "geometry": {"type": "Point", "coordinates": [7.3662566, 51.5136226]}, "properties": {"id": "osm:way:55360289", "type": "school", "name": "Hangeney-Grundschule", "source": "OpenStreetMap/Overpass"}}, {"type": "Feature", "geometry": {"type": "Point", "coordinates": [7.4449213, 51.521491]}, "properties": {"id": "osm:way:55465894", "type": "kindergarten", "name": "TEK Yorckstraße", "source": "OpenStreetMap/Overpass"}}, {"type": "Feature", "geometry": {"type": "Point", "coordinates": [7.5206792, 51.5891762]}, "properties": {"id": "osm:way:55807155", "type": "school", "name": "Käthe-Kollwitz-Gesamtschule", "source": "OpenStreetMap/Overpass"}}, {"type": "Feature", "geometry": {"type": "Point", "coordinates": [7.364784, 51.5246151]}, "properties": {"id": "osm:way:55924805", "type": "kindergarten", "name": "Tageseinrichtung für Kinder Siepmannstraße", "source": "OpenStreetMap/Overpass"}}, {"type": "Feature", "geometry": {"type": "Point", "coordinates": [7.3686232, 51.5452162]}, "properties": {"id": "osm:way:55933144", "type": "school", "name": "Reinoldi-Gesamtschule", "source": "OpenStreetMap/Overpass"}}, {"type": "Feature", "geometry": {"type": "Point", "coordinates": [7.3603471, 51.517877]}, "properties": {"id": "osm:way:55979570", "type": "school", "name": "Droste-Hülshoff-Realschule", "source": "OpenStreetMap/Overpass"}}, {"type": "Feature", "geometry": {"type": "Point", "coordinates": [7.3596493, 51.5178454]}, "properties": {"id": "osm:way:55979582", "type": "school", "name": "", "source": "OpenStreetMap/Overpass"}}, {"type": "Feature", "geometry": {"type": "Point", "coordinates": [7.3601678, 51.5181611]}, "properties": {"id": "osm:way:55979586", "type": "school", "name": "", "source": "OpenStreetMap/Overpass"}}, {"type": "Feature", "geometry": {"type": "Point", "coordinates": [7.3610847, 51.5178937]}, "properties": {"id": "osm:way:55979594", "type": "school", "name": "Bert-Brecht-Gymnasium", "source": "OpenStreetMap/Overpass"}}, {"type": "Feature", "geometry": {"type": "Point", "coordinates": [7.3607952, 51.5182214]}, "properties": {"id": "osm:way:55979600", "type": "school", "name": "", "source": "OpenStreetMap/Overpass"}}, {"type": "Feature", "geometry": {"type": "Point", "coordinates": [7.3607386, 51.5174923]}, "properties": {"id": "osm:way:55979607", "type": "school", "name": "", "source": "OpenStreetMap/Overpass"}}, {"type": "Feature", "geometry": {"type": "Point", "coordinates": [7.3716295, 51.5403226]}, "properties": {"id": "osm:way:56065682", "type": "kindergarten", "name": "Tageseinrichtung für Kinder Biehleweg", "source": "OpenStreetMap/Overpass"}}, {"type": "Feature", "geometry": {"type": "Point", "coordinates": [7.5591867, 51.4911401]}, "properties": {"id": "osm:way:56427282", "type": "school", "name": "Emscherschule Aplerbeck (Hauptschule)", "source": "OpenStreetMap/Overpass"}}, {"type": "Feature", "geometry": {"type": "Point", "coordinates": [7.4739373, 51.5009558]}, "properties": {"id": "osm:way:56995897", "type": "kindergarten", "name": "Tageseinrichtung für Kinder Hainallee", "source": "OpenStreetMap/Overpass"}}, {"type": "Feature", "geometry": {"type": "Point", "coordinates": [7.4962229, 51.51033]}, "properties": {"id": "osm:way:57678730", "type": "kindergarten", "name": "Tageseinrichtung für Kinder Am Ostpark", "source": "OpenStreetMap/Overpass"}}, {"type": "Feature", "geometry": {"type": "Point", "coordinates": [7.6128265, 51.5381504]}, "properties": {"id": "osm:way:57738006", "type": "kindergarten", "name": "Tageseinrichtung für Kinder Molnerweg", "source": "OpenStreetMap/Overpass"}}, {"type": "Feature", "geometry": {"type": "Point", "coordinates": [7.4520425, 51.4746759]}, "properties": {"id": "osm:way:57768112", "type": "school", "name": "Schulzentrum Renninghausen", "source": "OpenStreetMap/Overpass"}}, {"type": "Feature", "geometry": {"type": "Point", "coordinates": [7.54443, 51.5272266]}, "properties": {"id": "osm:way:58601099", "type": "kindergarten", "name": "Kath. Kindertagesstätte St. Clemens", "source": "OpenStreetMap/Overpass"}}, {"type": "Feature", "geometry": {"type": "Point", "coordinates": [7.4791465, 51.514035]}, "properties": {"id": "osm:way:58789542", "type": "kindergarten", "name": "Kita „Kleiner Prinz“", "source": "OpenStreetMap/Overpass"}}, {"type": "Feature", "geometry": {"type": "Point", "coordinates": [7.5035024, 51.5162983]}, "properties": {"id": "osm:way:58797211", "type": "school", "name": "Uhland-Grundschule", "source": "OpenStreetMap/Overpass"}}, {"type": "Feature", "geometry": {"type": "Point", "coordinates": [7.3632079, 51.4865732]}, "properties": {"id": "osm:way:58801092", "type": "kindergarten", "name": "Kindergarten Kleyer Sonnenkinder", "source": "OpenStreetMap/Overpass"}}, {"type": "Feature", "geometry": {"type": "Point", "coordinates": [7.5102231, 51.514445]}, "properties": {"id": "osm:way:58801808", "type": "school", "name": "Libori Grundschule", "source": "OpenStreetMap/Overpass"}}, {"type": "Feature", "geometry": {"type": "Point", "coordinates": [7.5136157, 51.5182705]}, "properties": {"id": "osm:way:58886517", "type": "kindergarten", "name": "Tageseinrichtung für Kinder Akazienstraße", "source": "OpenStreetMap/Overpass"}}, {"type": "Feature", "geometry": {"type": "Point", "coordinates": [7.3667801, 51.5153334]}, "properties": {"id": "osm:way:59194199", "type": "kindergarten", "name": "Tageseinrichtung für Kinder Osulfweg", "source": "OpenStreetMap/Overpass"}}, {"type": "Feature", "geometry": {"type": "Point", "coordinates": [7.5156784, 51.4696211]}, "properties": {"id": "osm:way:59203076", "type": "school", "name": "Loh-Grundschule", "source": "OpenStreetMap/Overpass"}}, {"type": "Feature", "geometry": {"type": "Point", "coordinates": [7.5302305, 51.4889744]}, "properties": {"id": "osm:way:59239496", "type": "kindergarten", "name": "Kita Lummerland", "source": "OpenStreetMap/Overpass"}}, {"type": "Feature", "geometry": {"type": "Point", "coordinates": [7.5895903, 51.5277215]}, "properties": {"id": "osm:way:59581271", "type": "school", "name": "Grundschule Hellwegschule", "source": "OpenStreetMap/Overpass"}}, {"type": "Feature", "geometry": {"type": "Point", "coordinates": [7.6145855, 51.53141]}, "properties": {"id": "osm:way:59683002", "type": "kindergarten", "name": "Pumuckl-Kindergarten", "source": "OpenStreetMap/Overpass"}}, {"type": "Feature", "geometry": {"type": "Point", "coordinates": [7.5418873, 51.5556054]}, "properties": {"id": "osm:way:60513079", "type": "school", "name": "Kautsky Grundschule", "source": "OpenStreetMap/Overpass"}}, {"type": "Feature", "geometry": {"type": "Point", "coordinates": [7.4229446, 51.5139165]}, "properties": {"id": "osm:way:60672602", "type": "school", "name": "Gutenberg-Grundschule", "source": "OpenStreetMap/Overpass"}}, {"type": "Feature", "geometry": {"type": "Point", "coordinates": [7.4218483, 51.5140182]}, "properties": {"id": "osm:way:60672604", "type": "kindergarten", "name": "Kindergarten Sankt Barbara", "source": "OpenStreetMap/Overpass"}}, {"type": "Feature", "geometry": {"type": "Point", "coordinates": [7.421098, 51.5091515]}, "properties": {"id": "osm:way:60747864", "type": "school", "name": "Funkeschule", "source": "OpenStreetMap/Overpass"}}, {"type": "Feature", "geometry": {"type": "Point", "coordinates": [7.4921679, 51.4869472]}, "properties": {"id": "osm:way:62313899", "type": "school", "name": "Marie-Reinders-Realschule", "source": "OpenStreetMap/Overpass"}}, {"type": "Feature", "geometry": {"type": "Point", "coordinates": [7.6093257, 51.5282479]}, "properties": {"id": "osm:way:65013022", "type": "school", "name": "Steinbrink-Grundschule", "source": "OpenStreetMap/Overpass"}}, {"type": "Feature", "geometry": {"type": "Point", "coordinates": [7.335175, 51.436202]}, "properties": {"id": "osm:way:68335705", "type": "school", "name": "Gerichtsschule", "source": "OpenStreetMap/Overpass"}}, {"type": "Feature", "geometry": {"type": "Point", "coordinates": [7.4562137, 51.4804944]}, "properties": {"id": "osm:way:70076984", "type": "school", "name": "Gesamtschule Brünninghausen", "source": "OpenStreetMap/Overpass"}}, {"type": "Feature", "geometry": {"type": "Point", "coordinates": [7.3346095, 51.4157363]}, "properties": {"id": "osm:way:72096054", "type": "kindergarten", "name": "Kindergarten Kleine Freunde", "source": "OpenStreetMap/Overpass"}}, {"type": "Feature", "geometry": {"type": "Point", "coordinates": [7.3226462, 51.4455528]}, "properties": {"id": "osm:way:73411817", "type": "kindergarten", "name": "Spielgruppe Krönchen", "source": "OpenStreetMap/Overpass"}}, {"type": "Feature", "geometry": {"type": "Point", "coordinates": [7.3070886, 51.4615937]}, "properties": {"id": "osm:way:74002270", "type": "kindergarten", "name": "Hoppetosse", "source": "OpenStreetMap/Overpass"}}, {"type": "Feature", "geometry": {"type": "Point", "coordinates": [7.3726061, 51.4869247]}, "properties": {"id": "osm:way:74041785", "type": "school", "name": "Grundschule am Dorney", "source": "OpenStreetMap/Overpass"}}, {"type": "Feature", "geometry": {"type": "Point", "coordinates": [7.3697732, 51.4441912]}, "properties": {"id": "osm:way:74466597", "type": "kindergarten", "name": "Kita an der Erlenschule", "source": "OpenStreetMap/Overpass"}}, {"type": "Feature", "geometry": {"type": "Point", "coordinates": [7.3370006, 51.4461433]}, "properties": {"id": "osm:way:74691751", "type": "kindergarten", "name": "Familienzentrum St. Marien", "source": "OpenStreetMap/Overpass"}}, {"type": "Feature", "geometry": {"type": "Point", "coordinates": [7.333683, 51.4474487]}, "properties": {"id": "osm:way:74839995", "type": "kindergarten", "name": "Kindergarten Christuskirche", "source": "OpenStreetMap/Overpass"}}, {"type": "Feature", "geometry": {"type": "Point", "coordinates": [7.3455026, 51.4463345]}, "properties": {"id": "osm:way:74906596", "type": "kindergarten", "name": "Familienzentrum", "source": "OpenStreetMap/Overpass"}}, {"type": "Feature", "geometry": {"type": "Point", "coordinates": [7.3108958, 51.4435473]}, "properties": {"id": "osm:way:75019964", "type": "school", "name": "Hellwegschule", "source": "OpenStreetMap/Overpass"}}, {"type": "Feature", "geometry": {"type": "Point", "coordinates": [7.3199339, 51.4397337]}, "properties": {"id": "osm:way:75019995", "type": "school", "name": "Rudolf-Steiner-Schule Witten", "source": "OpenStreetMap/Overpass"}}, {"type": "Feature", "geometry": {"type": "Point", "coordinates": [7.3404178, 51.4392893]}, "properties": {"id": "osm:way:75039438", "type": "school", "name": "Albert-Martmöller-Gymnasium", "source": "OpenStreetMap/Overpass"}}, {"type": "Feature", "geometry": {"type": "Point", "coordinates": [7.3434557, 51.4382301]}, "properties": {"id": "osm:way:75078033", "type": "school", "name": "Otto-Schott-Realschule", "source": "OpenStreetMap/Overpass"}}, {"type": "Feature", "geometry": {"type": "Point", "coordinates": [7.3071712, 51.4407024]}, "properties": {"id": "osm:way:75106643", "type": "kindergarten", "name": "AWO-Kita Witten-Heven", "source": "OpenStreetMap/Overpass"}}, {"type": "Feature", "geometry": {"type": "Point", "coordinates": [7.3440182, 51.4372523]}, "properties": {"id": "osm:way:75108694", "type": "school", "name": "Berufskolleg Witten", "source": "OpenStreetMap/Overpass"}}, {"type": "Feature", "geometry": {"type": "Point", "coordinates": [7.3052892, 51.4376917]}, "properties": {"id": "osm:way:75310533", "type": "kindergarten", "name": "Kindergarten Vogelnest", "source": "OpenStreetMap/Overpass"}}, {"type": "Feature", "geometry": {"type": "Point", "coordinates": [7.3494636, 51.4362467]}, "properties": {"id": "osm:way:75312922", "type": "school", "name": "Bruchschule", "source": "OpenStreetMap/Overpass"}}, {"type": "Feature", "geometry": {"type": "Point", "coordinates": [7.3537048, 51.4371027]}, "properties": {"id": "osm:way:75669254", "type": "kindergarten", "name": "Kindergarten Sankt Vinzenz", "source": "OpenStreetMap/Overpass"}}, {"type": "Feature", "geometry": {"type": "Point", "coordinates": [7.3223941, 51.445559]}, "properties": {"id": "osm:way:75739264", "type": "school", "name": "Kolping Berufsförderungszentrum", "source": "OpenStreetMap/Overpass"}}, {"type": "Feature", "geometry": {"type": "Point", "coordinates": [7.3380246, 51.4496716]}, "properties": {"id": "osm:way:76256140", "type": "school", "name": "Adolf-Reichwein-Realschule", "source": "OpenStreetMap/Overpass"}}, {"type": "Feature", "geometry": {"type": "Point", "coordinates": [7.3253768, 51.4758102]}, "properties": {"id": "osm:way:76375384", "type": "school", "name": "Schule am Leithenhaus", "source": "OpenStreetMap/Overpass"}}, {"type": "Feature", "geometry": {"type": "Point", "coordinates": [7.3268733, 51.4758134]}, "properties": {"id": "osm:way:76377914", "type": "school", "name": "Hasselbrink-Schule", "source": "OpenStreetMap/Overpass"}}, {"type": "Feature", "geometry": {"type": "Point", "coordinates": [7.3568779, 51.4480037]}, "properties": {"id": "osm:way:78061239", "type": "kindergarten", "name": "Kintertagesstätte Kunterbunt", "source": "OpenStreetMap/Overpass"}}, {"type": "Feature", "geometry": {"type": "Point", "coordinates": [7.4030285, 51.4519667]}, "properties": {"id": "osm:way:78089550", "type": "kindergarten", "name": "Katholischer Kindergarten St. Pius", "source": "OpenStreetMap/Overpass"}}, {"type": "Feature", "geometry": {"type": "Point", "coordinates": [7.3653141, 51.4698492]}, "properties": {"id": "osm:way:78147057", "type": "kindergarten", "name": "Freier Kindergarten Sonnenau", "source": "OpenStreetMap/Overpass"}}, {"type": "Feature", "geometry": {"type": "Point", "coordinates": [7.3637392, 51.4664174]}, "properties": {"id": "osm:way:78169168", "type": "kindergarten", "name": "Städtische Kita Helfkamp", "source": "OpenStreetMap/Overpass"}}, {"type": "Feature", "geometry": {"type": "Point", "coordinates": [7.319968, 51.4502221]}, "properties": {"id": "osm:way:78509142", "type": "kindergarten", "name": "Kindergarten Krone", "source": "OpenStreetMap/Overpass"}}, {"type": "Feature", "geometry": {"type": "Point", "coordinates": [7.3309608, 51.489378]}, "properties": {"id": "osm:way:85473986", "type": "kindergarten", "name": "", "source": "OpenStreetMap/Overpass"}}, {"type": "Feature", "geometry": {"type": "Point", "coordinates": [7.3316471, 51.5989962]}, "properties": {"id": "osm:way:88145087", "type": "school", "name": "Neue Gesamtschule Ickern", "source": "OpenStreetMap/Overpass"}}, {"type": "Feature", "geometry": {"type": "Point", "coordinates": [7.3204594, 51.5969334]}, "properties": {"id": "osm:way:88147450", "type": "kindergarten", "name": "Stephanuskindergarten", "source": "OpenStreetMap/Overpass"}}, {"type": "Feature", "geometry": {"type": "Point", "coordinates": [7.3103238, 51.5628856]}, "properties": {"id": "osm:way:88204720", "type": "school", "name": "Willy-Brandt-Gesamtschule", "source": "OpenStreetMap/Overpass"}}, {"type": "Feature", "geometry": {"type": "Point", "coordinates": [7.3107757, 51.5461701]}, "properties": {"id": "osm:way:88267877", "type": "school", "name": "Oberstufengebäude", "source": "OpenStreetMap/Overpass"}}, {"type": "Feature", "geometry": {"type": "Point", "coordinates": [7.3099991, 51.5460482]}, "properties": {"id": "osm:way:88267878", "type": "school", "name": "", "source": "OpenStreetMap/Overpass"}}, {"type": "Feature", "geometry": {"type": "Point", "coordinates": [7.3109294, 51.5463685]}, "properties": {"id": "osm:way:88267883", "type": "school", "name": "Oberstufengebäude", "source": "OpenStreetMap/Overpass"}}, {"type": "Feature", "geometry": {"type": "Point", "coordinates": [7.3093297, 51.5456877]}, "properties": {"id": "osm:way:88267884", "type": "school", "name": "Sekundarschule-Süd", "source": "OpenStreetMap/Overpass"}}, {"type": "Feature", "geometry": {"type": "Point", "coordinates": [7.3097293, 51.5462641]}, "properties": {"id": "osm:way:88267888", "type": "school", "name": "Adalbert-Stifter-Gymnasium", "source": "OpenStreetMap/Overpass"}}, {"type": "Feature", "geometry": {"type": "Point", "coordinates": [7.3302402, 51.4485954]}, "properties": {"id": "osm:way:88558684", "type": "school", "name": "Crengeldanzschule", "source": "OpenStreetMap/Overpass"}}, {"type": "Feature", "geometry": {"type": "Point", "coordinates": [7.3185935, 51.4392307]}, "properties": {"id": "osm:way:89679453", "type": "kindergarten", "name": "Waldorfkindergarten", "source": "OpenStreetMap/Overpass"}}, {"type": "Feature", "geometry": {"type": "Point", "coordinates": [7.3371512, 51.5025429]}, "properties": {"id": "osm:way:89852393", "type": "school", "name": "Dellwigschule, Förderschule", "source": "OpenStreetMap/Overpass"}}, {"type": "Feature", "geometry": {"type": "Point", "coordinates": [7.3361582, 51.5036069]}, "properties": {"id": "osm:way:89852399", "type": "school", "name": "Heinrich-Böll-Gesamtschule", "source": "OpenStreetMap/Overpass"}}, {"type": "Feature", "geometry": {"type": "Point", "coordinates": [7.3182293, 51.4680772]}, "properties": {"id": "osm:way:91744856", "type": "school", "name": "Nelson-Mandela-Schule", "source": "OpenStreetMap/Overpass"}}, {"type": "Feature", "geometry": {"type": "Point", "coordinates": [7.3165045, 51.4717957]}, "properties": {"id": "osm:way:91751432", "type": "school", "name": "Lessing-Gymnasium", "source": "OpenStreetMap/Overpass"}}, {"type": "Feature", "geometry": {"type": "Point", "coordinates": [7.6035961, 51.5754252]}, "properties": {"id": "osm:way:94383805", "type": "school", "name": "Jahnschule", "source": "OpenStreetMap/Overpass"}}, {"type": "Feature", "geometry": {"type": "Point", "coordinates": [7.3492962, 51.4495932]}, "properties": {"id": "osm:way:94523712", "type": "school", "name": "Pferdebachschule", "source": "OpenStreetMap/Overpass"}}, {"type": "Feature", "geometry": {"type": "Point", "coordinates": [7.3122413, 51.5599158]}, "properties": {"id": "osm:way:95564460", "type": "school", "name": "Ernst-Barlach-Gymnasium", "source": "OpenStreetMap/Overpass"}}, {"type": "Feature", "geometry": {"type": "Point", "coordinates": [7.3041173, 51.5520092]}, "properties": {"id": "osm:way:95856602", "type": "school", "name": "Löwenherz Grundschule", "source": "OpenStreetMap/Overpass"}}, {"type": "Feature", "geometry": {"type": "Point", "coordinates": [7.445393, 51.4229105]}, "properties": {"id": "osm:way:96132502", "type": "school", "name": "Bildungszentrum Herdecke", "source": "OpenStreetMap/Overpass"}}, {"type": "Feature", "geometry": {"type": "Point", "coordinates": [7.4449615, 51.4226186]}, "properties": {"id": "osm:way:96132504", "type": "school", "name": "Bildungszentrum Herdecke", "source": "OpenStreetMap/Overpass"}}, {"type": "Feature", "geometry": {"type": "Point", "coordinates": [7.4447178, 51.4239353]}, "properties": {"id": "osm:way:96132507", "type": "school", "name": "Bildungszentrum Herdecke", "source": "OpenStreetMap/Overpass"}}, {"type": "Feature", "geometry": {"type": "Point", "coordinates": [7.4439661, 51.4228642]}, "properties": {"id": "osm:way:96132513", "type": "school", "name": "Bildungszentrum Herdecke", "source": "OpenStreetMap/Overpass"}}, {"type": "Feature", "geometry": {"type": "Point", "coordinates": [7.4039789, 51.4496473]}, "properties": {"id": "osm:way:97356721", "type": "school", "name": "Grundschule Rüdinghausen", "source": "OpenStreetMap/Overpass"}}, {"type": "Feature", "geometry": {"type": "Point", "coordinates": [7.4060473, 51.5336669]}, "properties": {"id": "osm:way:98431153", "type": "school", "name": "Gustav-Heinemann-Gesamtschule", "source": "OpenStreetMap/Overpass"}}, {"type": "Feature", "geometry": {"type": "Point", "coordinates": [7.3730903, 51.4389006]}, "properties": {"id": "osm:way:98478531", "type": "kindergarten", "name": "AWO Familienzentrum Witten-Annen", "source": "OpenStreetMap/Overpass"}}, {"type": "Feature", "geometry": {"type": "Point", "coordinates": [7.3735988, 51.4377853]}, "properties": {"id": "osm:way:98502987", "type": "school", "name": "Holzkamp-Gesamtschule", "source": "OpenStreetMap/Overpass"}}, {"type": "Feature", "geometry": {"type": "Point", "coordinates": [7.5452637, 51.5505925]}, "properties": {"id": "osm:way:98697777", "type": "school", "name": "Gesamtschule Scharnhorst", "source": "OpenStreetMap/Overpass"}}, {"type": "Feature", "geometry": {"type": "Point", "coordinates": [7.4373307, 51.4251871]}, "properties": {"id": "osm:way:99017938", "type": "kindergarten", "name": "Kita Ende-Nord", "source": "OpenStreetMap/Overpass"}}, {"type": "Feature", "geometry": {"type": "Point", "coordinates": [7.4374073, 51.4251833]}, "properties": {"id": "osm:way:101259543", "type": "kindergarten", "name": "GVS Herdecke e.V.", "source": "OpenStreetMap/Overpass"}}, {"type": "Feature", "geometry": {"type": "Point", "coordinates": [7.5625726, 51.4962328]}, "properties": {"id": "osm:way:105166876", "type": "school", "name": "Aplerbecker Grundschule", "source": "OpenStreetMap/Overpass"}}, {"type": "Feature", "geometry": {"type": "Point", "coordinates": [7.4155435, 51.4161781]}, "properties": {"id": "osm:way:107807978", "type": "kindergarten", "name": "Kindergarten Westende", "source": "OpenStreetMap/Overpass"}}, {"type": "Feature", "geometry": {"type": "Point", "coordinates": [7.4152729, 51.4164986]}, "properties": {"id": "osm:way:107807980", "type": "school", "name": "Grundschule Hugo-Knauer", "source": "OpenStreetMap/Overpass"}}, {"type": "Feature", "geometry": {"type": "Point", "coordinates": [7.3689688, 51.4439299]}, "properties": {"id": "osm:way:109903012", "type": "school", "name": "Erlenschule", "source": "OpenStreetMap/Overpass"}}, {"type": "Feature", "geometry": {"type": "Point", "coordinates": [7.3308984, 51.438778]}, "properties": {"id": "osm:way:111319810", "type": "school", "name": "Breddeschule", "source": "OpenStreetMap/Overpass"}}, {"type": "Feature", "geometry": {"type": "Point", "coordinates": [7.3218165, 51.4697968]}, "properties": {"id": "osm:way:111647101", "type": "kindergarten", "name": "Waldorfkindergarten Bochum", "source": "OpenStreetMap/Overpass"}}, {"type": "Feature", "geometry": {"type": "Point", "coordinates": [7.3220726, 51.4683109]}, "properties": {"id": "osm:way:112803392", "type": "school", "name": "Rudolf-Steiner-Schule", "source": "OpenStreetMap/Overpass"}}, {"type": "Feature", "geometry": {"type": "Point", "coordinates": [7.5000204, 51.4926851]}, "properties": {"id": "osm:way:114857155", "type": "school", "name": "Phoenix-Gymnasium", "source": "OpenStreetMap/Overpass"}}, {"type": "Feature", "geometry": {"type": "Point", "coordinates": [7.382709, 51.5284001]}, "properties": {"id": "osm:way:115164611", "type": "school", "name": "Alfred-Adler-Schule", "source": "OpenStreetMap/Overpass"}}, {"type": "Feature", "geometry": {"type": "Point", "coordinates": [7.381491, 51.5280679]}, "properties": {"id": "osm:way:115164614", "type": "school", "name": "Jungferntal Grundschule", "source": "OpenStreetMap/Overpass"}}, {"type": "Feature", "geometry": {"type": "Point", "coordinates": [7.5292337, 51.4196975]}, "properties": {"id": "osm:way:120314557", "type": "school", "name": "Reichshofschule Westhofen", "source": "OpenStreetMap/Overpass"}}, {"type": "Feature", "geometry": {"type": "Point", "coordinates": [7.3319491, 51.4419275]}, "properties": {"id": "osm:way:123099617", "type": "school", "name": "Ruhr-Gymnasium", "source": "OpenStreetMap/Overpass"}}, {"type": "Feature", "geometry": {"type": "Point", "coordinates": [7.3521934, 51.5963495]}, "properties": {"id": "osm:way:125141958", "type": "kindergarten", "name": "Städt. Kindertageseinrichtung \"Villa Kunterbunt\"", "source": "OpenStreetMap/Overpass"}}, {"type": "Feature", "geometry": {"type": "Point", "coordinates": [7.3657791, 51.5649621]}, "properties": {"id": "osm:way:127304548", "type": "school", "name": "Schragmüller-Grundschule", "source": "OpenStreetMap/Overpass"}}, {"type": "Feature", "geometry": {"type": "Point", "coordinates": [7.5770465, 51.4193738]}, "properties": {"id": "osm:way:129310196", "type": "school", "name": "Evangelische Grundschule Ergste", "source": "OpenStreetMap/Overpass"}}, {"type": "Feature", "geometry": {"type": "Point", "coordinates": [7.322333, 51.5948263]}, "properties": {"id": "osm:way:136007376", "type": "kindergarten", "name": "Kinderhaus St. Barbara", "source": "OpenStreetMap/Overpass"}}, {"type": "Feature", "geometry": {"type": "Point", "coordinates": [7.3405017, 51.5918106]}, "properties": {"id": "osm:way:136068687", "type": "kindergarten", "name": "Lummerland", "source": "OpenStreetMap/Overpass"}}, {"type": "Feature", "geometry": {"type": "Point", "coordinates": [7.3485977, 51.4910914]}, "properties": {"id": "osm:way:136723977", "type": "school", "name": "Mörike-Grundschule", "source": "OpenStreetMap/Overpass"}}, {"type": "Feature", "geometry": {"type": "Point", "coordinates": [7.3149313, 51.583932]}, "properties": {"id": "osm:way:136809798", "type": "kindergarten", "name": "Heilpädagogischer Kindergarten", "source": "OpenStreetMap/Overpass"}}, {"type": "Feature", "geometry": {"type": "Point", "coordinates": [7.3272997, 51.5414711]}, "properties": {"id": "osm:way:137037140", "type": "school", "name": "Cottenburgschule", "source": "OpenStreetMap/Overpass"}}, {"type": "Feature", "geometry": {"type": "Point", "coordinates": [7.6152641, 51.4988494]}, "properties": {"id": "osm:way:137828086", "type": "school", "name": "Aloysiusschule", "source": "OpenStreetMap/Overpass"}}, {"type": "Feature", "geometry": {"type": "Point", "coordinates": [7.6177005, 51.4962528]}, "properties": {"id": "osm:way:137828088", "type": "school", "name": "", "source": "OpenStreetMap/Overpass"}}, {"type": "Feature", "geometry": {"type": "Point", "coordinates": [7.3075684, 51.4751721]}, "properties": {"id": "osm:way:137945595", "type": "school", "name": "Grundschule am Volkspark", "source": "OpenStreetMap/Overpass"}}, {"type": "Feature", "geometry": {"type": "Point", "coordinates": [7.471875, 51.5102609]}, "properties": {"id": "osm:way:137985192", "type": "school", "name": "Käthe-Kollwitz-Gymnasium", "source": "OpenStreetMap/Overpass"}}, {"type": "Feature", "geometry": {"type": "Point", "coordinates": [7.4730296, 51.5113912]}, "properties": {"id": "osm:way:137985200", "type": "school", "name": "Stadtgymnasium", "source": "OpenStreetMap/Overpass"}}, {"type": "Feature", "geometry": {"type": "Point", "coordinates": [7.4148118, 51.5291105]}, "properties": {"id": "osm:way:145258836", "type": "school", "name": "Urbanus-Grundschule", "source": "OpenStreetMap/Overpass"}}, {"type": "Feature", "geometry": {"type": "Point", "coordinates": [7.6251893, 51.496427]}, "properties": {"id": "osm:way:145814126", "type": "school", "name": "Clara-Schumann-Gymnasium", "source": "OpenStreetMap/Overpass"}}, {"type": "Feature", "geometry": {"type": "Point", "coordinates": [7.6175835, 51.4963402]}, "properties": {"id": "osm:way:145814136", "type": "school", "name": "Dudenrothschule", "source": "OpenStreetMap/Overpass"}}, {"type": "Feature", "geometry": {"type": "Point", "coordinates": [7.6254511, 51.4971987]}, "properties": {"id": "osm:way:145814158", "type": "school", "name": "Josef-Reding-Schule", "source": "OpenStreetMap/Overpass"}}, {"type": "Feature", "geometry": {"type": "Point", "coordinates": [7.6258346, 51.4951196]}, "properties": {"id": "osm:way:145814160", "type": "school", "name": "Karl-Brauckmann-Schule", "source": "OpenStreetMap/Overpass"}}, {"type": "Feature", "geometry": {"type": "Point", "coordinates": [7.5316605, 51.4758644]}, "properties": {"id": "osm:way:146604209", "type": "kindergarten", "name": "Ev. Familienzentrum Kindergarten Berghofen", "source": "OpenStreetMap/Overpass"}}, {"type": "Feature", "geometry": {"type": "Point", "coordinates": [7.5355561, 51.4771592]}, "properties": {"id": "osm:way:146604338", "type": "kindergarten", "name": "Kindertagesstätte Igelweg e.V.", "source": "OpenStreetMap/Overpass"}}, {"type": "Feature", "geometry": {"type": "Point", "coordinates": [7.5934603, 51.4486393]}, "properties": {"id": "osm:way:146616739", "type": "school", "name": "", "source": "OpenStreetMap/Overpass"}}, {"type": "Feature", "geometry": {"type": "Point", "coordinates": [7.5522576, 51.4483442]}, "properties": {"id": "osm:way:146619143", "type": "kindergarten", "name": "Don Boscoo", "source": "OpenStreetMap/Overpass"}}, {"type": "Feature", "geometry": {"type": "Point", "coordinates": [7.5016969, 51.4800511]}, "properties": {"id": "osm:way:146628330", "type": "kindergarten", "name": "AWO Familienzentrum Kita Am Bruchheck", "source": "OpenStreetMap/Overpass"}}, {"type": "Feature", "geometry": {"type": "Point", "coordinates": [7.4727679, 51.4764878]}, "properties": {"id": "osm:way:146629775", "type": "kindergarten", "name": "Tageseinrichtung für Kinder Hacheneyer Straße", "source": "OpenStreetMap/Overpass"}}, {"type": "Feature", "geometry": {"type": "Point", "coordinates": [7.3684823, 51.5669472]}, "properties": {"id": "osm:way:146708334", "type": "school", "name": "Wilhelm-Rein-Förderschule", "source": "OpenStreetMap/Overpass"}}, {"type": "Feature", "geometry": {"type": "Point", "coordinates": [7.3661056, 51.5654634]}, "properties": {"id": "osm:way:146708835", "type": "kindergarten", "name": "Oestricher Noah-Zwerge", "source": "OpenStreetMap/Overpass"}}, {"type": "Feature", "geometry": {"type": "Point", "coordinates": [7.3716079, 51.5646706]}, "properties": {"id": "osm:way:146709140", "type": "kindergarten", "name": "Tageseinrichtung für Kinder Schragmüllerstraße", "source": "OpenStreetMap/Overpass"}}, {"type": "Feature", "geometry": {"type": "Point", "coordinates": [7.3746309, 51.5626639]}, "properties": {"id": "osm:way:146709534", "type": "kindergarten", "name": "Städtische Tageseinrichtung Worderfeld", "source": "OpenStreetMap/Overpass"}}, {"type": "Feature", "geometry": {"type": "Point", "coordinates": [7.3752223, 51.5611119]}, "properties": {"id": "osm:way:146709720", "type": "kindergarten", "name": "Tageseinrichtung für Kinder Breisenbachstraße", "source": "OpenStreetMap/Overpass"}}, {"type": "Feature", "geometry": {"type": "Point", "coordinates": [7.3838221, 51.5649619]}, "properties": {"id": "osm:way:146856426", "type": "kindergarten", "name": "Tageseinrichtung für Kinder Ammerstraße", "source": "OpenStreetMap/Overpass"}}, {"type": "Feature", "geometry": {"type": "Point", "coordinates": [7.3855422, 51.5588792]}, "properties": {"id": "osm:way:146858263", "type": "kindergarten", "name": "Ev. Kinderarche Nette", "source": "OpenStreetMap/Overpass"}}, {"type": "Feature", "geometry": {"type": "Point", "coordinates": [7.3849045, 51.5593848]}, "properties": {"id": "osm:way:146858265", "type": "school", "name": "Schopenhauer-Grundschule", "source": "OpenStreetMap/Overpass"}}, {"type": "Feature", "geometry": {"type": "Point", "coordinates": [7.3909128, 51.5589378]}, "properties": {"id": "osm:way:146862957", "type": "school", "name": "Schulzentrum Nette", "source": "OpenStreetMap/Overpass"}}, {"type": "Feature", "geometry": {"type": "Point", "coordinates": [7.3934241, 51.5579604]}, "properties": {"id": "osm:way:146864135", "type": "kindergarten", "name": "Familienzentrum St. Stephanus", "source": "OpenStreetMap/Overpass"}}, {"type": "Feature", "geometry": {"type": "Point", "coordinates": [7.3951708, 51.5612524]}, "properties": {"id": "osm:way:146865844", "type": "kindergarten", "name": "Tageseinrichtung für Kinder Dachstraße", "source": "OpenStreetMap/Overpass"}}, {"type": "Feature", "geometry": {"type": "Point", "coordinates": [7.3811279, 51.5321238]}, "properties": {"id": "osm:way:146908149", "type": "kindergarten", "name": "Ev. Kindertagesstätte Kirchlinde-Rahm", "source": "OpenStreetMap/Overpass"}}, {"type": "Feature", "geometry": {"type": "Point", "coordinates": [7.3873083, 51.5291915]}, "properties": {"id": "osm:way:146908472", "type": "kindergarten", "name": "Kath. Kindergarten Heilig Kreuz", "source": "OpenStreetMap/Overpass"}}, {"type": "Feature", "geometry": {"type": "Point", "coordinates": [7.3909449, 51.5249598]}, "properties": {"id": "osm:way:146908728", "type": "kindergarten", "name": "Ev. Kindergarten Astrid-Lindgren", "source": "OpenStreetMap/Overpass"}}, {"type": "Feature", "geometry": {"type": "Point", "coordinates": [7.3343216, 51.4399368]}, "properties": {"id": "osm:way:153353186", "type": "school", "name": "Schiller-Gymnasium", "source": "OpenStreetMap/Overpass"}}, {"type": "Feature", "geometry": {"type": "Point", "coordinates": [7.3551425, 51.4301288]}, "properties": {"id": "osm:way:154798846", "type": "school", "name": "Waldschule Hohenstein", "source": "OpenStreetMap/Overpass"}}, {"type": "Feature", "geometry": {"type": "Point", "coordinates": [7.346742, 51.4279435]}, "properties": {"id": "osm:way:163410350", "type": "kindergarten", "name": "Kita Hohenstein", "source": "OpenStreetMap/Overpass"}}, {"type": "Feature", "geometry": {"type": "Point", "coordinates": [7.5701162, 51.4181311]}, "properties": {"id": "osm:way:164059376", "type": "kindergarten", "name": "Evangelischer Kindergarten Ergste -St. Johannis-", "source": "OpenStreetMap/Overpass"}}, {"type": "Feature", "geometry": {"type": "Point", "coordinates": [7.616639, 51.4987947]}, "properties": {"id": "osm:way:164573971", "type": "kindergarten", "name": "Katholischer Kindergarten", "source": "OpenStreetMap/Overpass"}}, {"type": "Feature", "geometry": {"type": "Point", "coordinates": [7.4614911, 51.5806702]}, "properties": {"id": "osm:way:169830528", "type": "school", "name": "Brechtener Grundschule", "source": "OpenStreetMap/Overpass"}}, {"type": "Feature", "geometry": {"type": "Point", "coordinates": [7.304714, 51.4735769]}, "properties": {"id": "osm:way:183423991", "type": "childcare", "name": "Der Zauberwald", "source": "OpenStreetMap/Overpass"}}, {"type": "Feature", "geometry": {"type": "Point", "coordinates": [7.3109586, 51.4905817]}, "properties": {"id": "osm:way:183972519", "type": "school", "name": "Kreyenfeldschule", "source": "OpenStreetMap/Overpass"}}, {"type": "Feature", "geometry": {"type": "Point", "coordinates": [7.3109079, 51.4880165]}, "properties": {"id": "osm:way:183986048", "type": "kindergarten", "name": "ev. Kindergarten \"Im Breien\"", "source": "OpenStreetMap/Overpass"}}, {"type": "Feature", "geometry": {"type": "Point", "coordinates": [7.3075804, 51.493975]}, "properties": {"id": "osm:way:184291825", "type": "kindergarten", "name": "Städtische Kindertageseinrichtung Nörenbergskamp", "source": "OpenStreetMap/Overpass"}}, {"type": "Feature", "geometry": {"type": "Point", "coordinates": [7.3055159, 51.4920891]}, "properties": {"id": "osm:way:184418962", "type": "kindergarten", "name": "Ev. Kindergarten", "source": "OpenStreetMap/Overpass"}}, {"type": "Feature", "geometry": {"type": "Point", "coordinates": [7.5289063, 51.5819282]}, "properties": {"id": "osm:way:189207494", "type": "school", "name": "", "source": "OpenStreetMap/Overpass"}}, {"type": "Feature", "geometry": {"type": "Point", "coordinates": [7.6299986, 51.4988963]}, "properties": {"id": "osm:way:193389564", "type": "kindergarten", "name": "AWO Familienzentrum \"Wühlmäuse\"", "source": "OpenStreetMap/Overpass"}}, {"type": "Feature", "geometry": {"type": "Point", "coordinates": [7.3854023, 51.4417795]}, "properties": {"id": "osm:way:199117660", "type": "school", "name": "Hüllbergschule", "source": "OpenStreetMap/Overpass"}}, {"type": "Feature", "geometry": {"type": "Point", "coordinates": [7.3752986, 51.4504929]}, "properties": {"id": "osm:way:199550951", "type": "school", "name": "Freiligrathschule", "source": "OpenStreetMap/Overpass"}}, {"type": "Feature", "geometry": {"type": "Point", "coordinates": [7.3401682, 51.5912169]}, "properties": {"id": "osm:way:202947642", "type": "school", "name": "Marktschule Ickern", "source": "OpenStreetMap/Overpass"}}, {"type": "Feature", "geometry": {"type": "Point", "coordinates": [7.3197857, 51.597126]}, "properties": {"id": "osm:way:204673132", "type": "kindergarten", "name": "Stephanuskindergarten", "source": "OpenStreetMap/Overpass"}}, {"type": "Feature", "geometry": {"type": "Point", "coordinates": [7.3546209, 51.5310207]}, "properties": {"id": "osm:way:207742844", "type": "kindergarten", "name": "", "source": "OpenStreetMap/Overpass"}}, {"type": "Feature", "geometry": {"type": "Point", "coordinates": [7.3547714, 51.5311933]}, "properties": {"id": "osm:way:207742847", "type": "kindergarten", "name": "", "source": "OpenStreetMap/Overpass"}}, {"type": "Feature", "geometry": {"type": "Point", "coordinates": [7.6067487, 51.5719945]}, "properties": {"id": "osm:way:208635918", "type": "school", "name": "Eichendorffschule", "source": "OpenStreetMap/Overpass"}}, {"type": "Feature", "geometry": {"type": "Point", "coordinates": [7.3128323, 51.5488556]}, "properties": {"id": "osm:way:217409248", "type": "kindergarten", "name": "Wichernhaus", "source": "OpenStreetMap/Overpass"}}, {"type": "Feature", "geometry": {"type": "Point", "coordinates": [7.3132356, 51.5490535]}, "properties": {"id": "osm:way:217412803", "type": "kindergarten", "name": "", "source": "OpenStreetMap/Overpass"}}, {"type": "Feature", "geometry": {"type": "Point", "coordinates": [7.342918, 51.4353821]}, "properties": {"id": "osm:way:220325669", "type": "school", "name": "Pestalozzischule Witten", "source": "OpenStreetMap/Overpass"}}, {"type": "Feature", "geometry": {"type": "Point", "coordinates": [7.5691928, 51.592532]}, "properties": {"id": "osm:way:221186941", "type": "school", "name": "Schule am Lüserbach", "source": "OpenStreetMap/Overpass"}}, {"type": "Feature", "geometry": {"type": "Point", "coordinates": [7.3736748, 51.4590011]}, "properties": {"id": "osm:way:226007900", "type": "kindergarten", "name": "Kindergarten auf dem Annener Berg", "source": "OpenStreetMap/Overpass"}}, {"type": "Feature", "geometry": {"type": "Point", "coordinates": [7.3238168, 51.441381]}, "properties": {"id": "osm:way:227352135", "type": "kindergarten", "name": "Kindergarten St. Franziskus", "source": "OpenStreetMap/Overpass"}}, {"type": "Feature", "geometry": {"type": "Point", "coordinates": [7.61095, 51.5786362]}, "properties": {"id": "osm:way:228686110", "type": "kindergarten", "name": "", "source": "OpenStreetMap/Overpass"}}, {"type": "Feature", "geometry": {"type": "Point", "coordinates": [7.4244052, 51.418256]}, "properties": {"id": "osm:way:232781488", "type": "school", "name": "Förderschule \"Altes Pfarrhaus\"", "source": "OpenStreetMap/Overpass"}}, {"type": "Feature", "geometry": {"type": "Point", "coordinates": [7.30778, 51.5832018]}, "properties": {"id": "osm:way:235215210", "type": "school", "name": "Fridtjof-Nansen-Realschule", "source": "OpenStreetMap/Overpass"}}, {"type": "Feature", "geometry": {"type": "Point", "coordinates": [7.5289131, 51.4212327]}, "properties": {"id": "osm:way:235726369", "type": "kindergarten", "name": "Die Arche", "source": "OpenStreetMap/Overpass"}}, {"type": "Feature", "geometry": {"type": "Point", "coordinates": [7.3657415, 51.4674911]}, "properties": {"id": "osm:way:236117701", "type": "school", "name": "Harkortschule", "source": "OpenStreetMap/Overpass"}}, {"type": "Feature", "geometry": {"type": "Point", "coordinates": [7.3394787, 51.4200671]}, "properties": {"id": "osm:way:237667739", "type": "kindergarten", "name": "Kindergarten Herz Jesu", "source": "OpenStreetMap/Overpass"}}, {"type": "Feature", "geometry": {"type": "Point", "coordinates": [7.3390708, 51.423933]}, "properties": {"id": "osm:way:238502760", "type": "school", "name": "Brenschenschule", "source": "OpenStreetMap/Overpass"}}, {"type": "Feature", "geometry": {"type": "Point", "coordinates": [7.3833296, 51.5719836]}, "properties": {"id": "osm:way:239933668", "type": "school", "name": "OGS - Offene Ganztagsschule", "source": "OpenStreetMap/Overpass"}}, {"type": "Feature", "geometry": {"type": "Point", "coordinates": [7.372793, 51.4288635]}, "properties": {"id": "osm:way:241292294", "type": "school", "name": "Borbachschule", "source": "OpenStreetMap/Overpass"}}, {"type": "Feature", "geometry": {"type": "Point", "coordinates": [7.4718618, 51.5213696]}, "properties": {"id": "osm:way:241894548", "type": "school", "name": "Grundschule Kleine Kielstraße", "source": "OpenStreetMap/Overpass"}}, {"type": "Feature", "geometry": {"type": "Point", "coordinates": [7.5945487, 51.4488709]}, "properties": {"id": "osm:way:258005951", "type": "kindergarten", "name": "DRK-Kindertageseinrichtung Gänsewinkel", "source": "OpenStreetMap/Overpass"}}, {"type": "Feature", "geometry": {"type": "Point", "coordinates": [7.5640428, 51.4385934]}, "properties": {"id": "osm:way:258487783", "type": "kindergarten", "name": "", "source": "OpenStreetMap/Overpass"}}, {"type": "Feature", "geometry": {"type": "Point", "coordinates": [7.5592511, 51.4285929]}, "properties": {"id": "osm:way:258615578", "type": "childcare", "name": "Städt. Kindertageseinrichtung Wandhofen", "source": "OpenStreetMap/Overpass"}}, {"type": "Feature", "geometry": {"type": "Point", "coordinates": [7.5637993, 51.4408914]}, "properties": {"id": "osm:way:263396364", "type": "school", "name": "Friedrich Kayser Grundschule", "source": "OpenStreetMap/Overpass"}}, {"type": "Feature", "geometry": {"type": "Point", "coordinates": [7.3716324, 51.4704938]}, "properties": {"id": "osm:way:265150179", "type": "kindergarten", "name": "AWO-Kita Stockum", "source": "OpenStreetMap/Overpass"}}, {"type": "Feature", "geometry": {"type": "Point", "coordinates": [7.3056413, 51.5819375]}, "properties": {"id": "osm:way:277261339", "type": "school", "name": "Berufskolleg Castrop-Rauxel", "source": "OpenStreetMap/Overpass"}}, {"type": "Feature", "geometry": {"type": "Point", "coordinates": [7.3642173, 51.4442157]}, "properties": {"id": "osm:way:280352853", "type": "kindergarten", "name": "Spiel- und Kinderhaus", "source": "OpenStreetMap/Overpass"}}, {"type": "Feature", "geometry": {"type": "Point", "coordinates": [7.3705738, 51.448778]}, "properties": {"id": "osm:way:281057534", "type": "kindergarten", "name": "Katholische Kita St. Joseph", "source": "OpenStreetMap/Overpass"}}, {"type": "Feature", "geometry": {"type": "Point", "coordinates": [7.3871367, 51.4481925]}, "properties": {"id": "osm:way:284112318", "type": "kindergarten", "name": "AWO-Kita Kreisstraße", "source": "OpenStreetMap/Overpass"}}, {"type": "Feature", "geometry": {"type": "Point", "coordinates": [7.3813913, 51.4423311]}, "properties": {"id": "osm:way:284617272", "type": "kindergarten", "name": "Evangelischer Kindergarten Friedenskirche-Am Anger", "source": "OpenStreetMap/Overpass"}}, {"type": "Feature", "geometry": {"type": "Point", "coordinates": [7.3396678, 51.4191473]}, "properties": {"id": "osm:way:292341130", "type": "kindergarten", "name": "Regenbogenland", "source": "OpenStreetMap/Overpass"}}, {"type": "Feature", "geometry": {"type": "Point", "coordinates": [7.3832289, 51.4398169]}, "properties": {"id": "osm:way:295293763", "type": "kindergarten", "name": "Kleine Racker", "source": "OpenStreetMap/Overpass"}}, {"type": "Feature", "geometry": {"type": "Point", "coordinates": [7.3689408, 51.4714947]}, "properties": {"id": "osm:way:298669447", "type": "kindergarten", "name": "Ev. Markus Kindergarten Stockum", "source": "OpenStreetMap/Overpass"}}, {"type": "Feature", "geometry": {"type": "Point", "coordinates": [7.3276115, 51.5410888]}, "properties": {"id": "osm:way:298802184", "type": "school", "name": "Cottenburgschule", "source": "OpenStreetMap/Overpass"}}, {"type": "Feature", "geometry": {"type": "Point", "coordinates": [7.4104741, 51.5149525]}, "properties": {"id": "osm:way:298823325", "type": "school", "name": "Reinoldus- und Schiller-Gymnasium", "source": "OpenStreetMap/Overpass"}}, {"type": "Feature", "geometry": {"type": "Point", "coordinates": [7.4643473, 51.470985]}, "properties": {"id": "osm:way:311084499", "type": "kindergarten", "name": "", "source": "OpenStreetMap/Overpass"}}, {"type": "Feature", "geometry": {"type": "Point", "coordinates": [7.3358833, 51.4339597]}, "properties": {"id": "osm:way:313089530", "type": "kindergarten", "name": "Kita Johannis", "source": "OpenStreetMap/Overpass"}}, {"type": "Feature", "geometry": {"type": "Point", "coordinates": [7.5593082, 51.4909395]}, "properties": {"id": "osm:way:318886742", "type": "school", "name": "Albrecht-Dürer-Realschule", "source": "OpenStreetMap/Overpass"}}, {"type": "Feature", "geometry": {"type": "Point", "coordinates": [7.4433442, 51.5536273]}, "properties": {"id": "osm:way:366459901", "type": "kindergarten", "name": "Tageseinrichtung für Kinder Börgerhoffweg", "source": "OpenStreetMap/Overpass"}}, {"type": "Feature", "geometry": {"type": "Point", "coordinates": [7.4349035, 51.4740062]}, "properties": {"id": "osm:way:371356931", "type": "kindergarten", "name": "Kath. Kindergarten St. Clemens", "source": "OpenStreetMap/Overpass"}}, {"type": "Feature", "geometry": {"type": "Point", "coordinates": [7.4205513, 51.4539649]}, "properties": {"id": "osm:way:371458344", "type": "kindergarten", "name": "Kita Kleine Strolche", "source": "OpenStreetMap/Overpass"}}, {"type": "Feature", "geometry": {"type": "Point", "coordinates": [7.5843383, 51.4985329]}, "properties": {"id": "osm:way:375373598", "type": "school", "name": "Emschertal-Grundschule", "source": "OpenStreetMap/Overpass"}}, {"type": "Feature", "geometry": {"type": "Point", "coordinates": [7.4590395, 51.5277596]}, "properties": {"id": "osm:way:377834121", "type": "school", "name": "Albrecht-Brinkmann-Grundschule", "source": "OpenStreetMap/Overpass"}}, {"type": "Feature", "geometry": {"type": "Point", "coordinates": [7.4578793, 51.5281372]}, "properties": {"id": "osm:way:377834130", "type": "school", "name": "Gertrud-Bäumer-Realschule", "source": "OpenStreetMap/Overpass"}}, {"type": "Feature", "geometry": {"type": "Point", "coordinates": [7.5163521, 51.5214875]}, "properties": {"id": "osm:way:378231476", "type": "kindergarten", "name": "Ev. Jakobus-Kindergarten", "source": "OpenStreetMap/Overpass"}}, {"type": "Feature", "geometry": {"type": "Point", "coordinates": [7.3257397, 51.4763937]}, "properties": {"id": "osm:way:380994566", "type": "school", "name": "", "source": "OpenStreetMap/Overpass"}}, {"type": "Feature", "geometry": {"type": "Point", "coordinates": [7.3227378, 51.4451722]}, "properties": {"id": "osm:way:384740807", "type": "kindergarten", "name": "AWO-Kita Neddenbur", "source": "OpenStreetMap/Overpass"}}, {"type": "Feature", "geometry": {"type": "Point", "coordinates": [7.3611225, 51.4407552]}, "properties": {"id": "osm:way:384740814", "type": "kindergarten", "name": "AWO-Kita Schellingstraße", "source": "OpenStreetMap/Overpass"}}, {"type": "Feature", "geometry": {"type": "Point", "coordinates": [7.4117077, 51.4331711]}, "properties": {"id": "osm:way:384740819", "type": "kindergarten", "name": "AWO-Kita Schnee", "source": "OpenStreetMap/Overpass"}}, {"type": "Feature", "geometry": {"type": "Point", "coordinates": [7.3953017, 51.4477756]}, "properties": {"id": "osm:way:384740824", "type": "kindergarten", "name": "Evangelische Kindertageseinrichtung Rüdinghausen", "source": "OpenStreetMap/Overpass"}}, {"type": "Feature", "geometry": {"type": "Point", "coordinates": [7.3166165, 51.4420692]}, "properties": {"id": "osm:way:384740827", "type": "kindergarten", "name": "Familienzentrum Witten", "source": "OpenStreetMap/Overpass"}}, {"type": "Feature", "geometry": {"type": "Point", "coordinates": [7.3381609, 51.4249087]}, "properties": {"id": "osm:way:384740828", "type": "kindergarten", "name": "Kinderbahnhof", "source": "OpenStreetMap/Overpass"}}, {"type": "Feature", "geometry": {"type": "Point", "coordinates": [7.3516109, 51.4359577]}, "properties": {"id": "osm:way:385063062", "type": "kindergarten", "name": "Kinderarche", "source": "OpenStreetMap/Overpass"}}, {"type": "Feature", "geometry": {"type": "Point", "coordinates": [7.3419289, 51.4311741]}, "properties": {"id": "osm:way:385063064", "type": "kindergarten", "name": "Kindertagesstätte Helenenberg", "source": "OpenStreetMap/Overpass"}}, {"type": "Feature", "geometry": {"type": "Point", "coordinates": [7.3330339, 51.4448105]}, "properties": {"id": "osm:way:385063065", "type": "kindergarten", "name": "Kita Luisenstraße", "source": "OpenStreetMap/Overpass"}}, {"type": "Feature", "geometry": {"type": "Point", "coordinates": [7.3974079, 51.4481808]}, "properties": {"id": "osm:way:385063066", "type": "kindergarten", "name": "Kita Wemerstraße", "source": "OpenStreetMap/Overpass"}}, {"type": "Feature", "geometry": {"type": "Point", "coordinates": [7.3425628, 51.4370111]}, "properties": {"id": "osm:way:385063067", "type": "kindergarten", "name": "Kita An der Bachschule", "source": "OpenStreetMap/Overpass"}}, {"type": "Feature", "geometry": {"type": "Point", "coordinates": [7.3858994, 51.5748389]}, "properties": {"id": "osm:way:396234040", "type": "kindergarten", "name": "Ev. Familienzentrum \"Emscherwichtel\"", "source": "OpenStreetMap/Overpass"}}, {"type": "Feature", "geometry": {"type": "Point", "coordinates": [7.6202801, 51.5347581]}, "properties": {"id": "osm:way:398366882", "type": "school", "name": "Lehrerparkplatz Max-Born-Realschule", "source": "OpenStreetMap/Overpass"}}, {"type": "Feature", "geometry": {"type": "Point", "coordinates": [7.5822128, 51.4476629]}, "properties": {"id": "osm:way:402050429", "type": "childcare", "name": "Kindergarten Tausendfüßler", "source": "OpenStreetMap/Overpass"}}, {"type": "Feature", "geometry": {"type": "Point", "coordinates": [7.5681663, 51.4548425]}, "properties": {"id": "osm:way:402254527", "type": "kindergarten", "name": "", "source": "OpenStreetMap/Overpass"}}, {"type": "Feature", "geometry": {"type": "Point", "coordinates": [7.3178966, 51.5556078]}, "properties": {"id": "osm:way:403340299", "type": "school", "name": "Wilhelmschule", "source": "OpenStreetMap/Overpass"}}, {"type": "Feature", "geometry": {"type": "Point", "coordinates": [7.4068988, 51.5414698]}, "properties": {"id": "osm:way:425829575", "type": "kindergarten", "name": "Kindertagesstätte Abenteuerland", "source": "OpenStreetMap/Overpass"}}, {"type": "Feature", "geometry": {"type": "Point", "coordinates": [7.3894411, 51.5678336]}, "properties": {"id": "osm:way:426208602", "type": "kindergarten", "name": "Ev. Tageseinrichtung für Kinder Erdbeerfeld", "source": "OpenStreetMap/Overpass"}}, {"type": "Feature", "geometry": {"type": "Point", "coordinates": [7.3751662, 51.4484592]}, "properties": {"id": "osm:way:432123571", "type": "kindergarten", "name": "Evangelisches Familienzentrum Märkische Straße", "source": "OpenStreetMap/Overpass"}}, {"type": "Feature", "geometry": {"type": "Point", "coordinates": [7.4927823, 51.5587897]}, "properties": {"id": "osm:way:437348783", "type": "school", "name": "Schulzentrum Kemminghausen", "source": "OpenStreetMap/Overpass"}}, {"type": "Feature", "geometry": {"type": "Point", "coordinates": [7.4678081, 51.5026791]}, "properties": {"id": "osm:way:443971039", "type": "school", "name": "Winfried-Grundschule", "source": "OpenStreetMap/Overpass"}}, {"type": "Feature", "geometry": {"type": "Point", "coordinates": [7.4495498, 51.5267544]}, "properties": {"id": "osm:way:458233537", "type": "kindergarten", "name": "Tageseinrichtung für Kinder Bülowstraße", "source": "OpenStreetMap/Overpass"}}, {"type": "Feature", "geometry": {"type": "Point", "coordinates": [7.4541868, 51.5041433]}, "properties": {"id": "osm:way:460195475", "type": "school", "name": "Peter-Vischer-Grundschule", "source": "OpenStreetMap/Overpass"}}, {"type": "Feature", "geometry": {"type": "Point", "coordinates": [7.4522104, 51.5155148]}, "properties": {"id": "osm:way:467577572", "type": "school", "name": "", "source": "OpenStreetMap/Overpass"}}, {"type": "Feature", "geometry": {"type": "Point", "coordinates": [7.6114805, 51.5303724]}, "properties": {"id": "osm:way:472356941", "type": "kindergarten", "name": "Ev. Familienzentrum DO-Wickede Standort Rübenkamp", "source": "OpenStreetMap/Overpass"}}, {"type": "Feature", "geometry": {"type": "Point", "coordinates": [7.3276603, 51.4490885]}, "properties": {"id": "osm:way:474015639", "type": "kindergarten", "name": "AWO-Kita Crengeldanz", "source": "OpenStreetMap/Overpass"}}, {"type": "Feature", "geometry": {"type": "Point", "coordinates": [7.5236161, 51.4444613]}, "properties": {"id": "osm:way:489393892", "type": "school", "name": "Christopherus-Schule Dortmund", "source": "OpenStreetMap/Overpass"}}, {"type": "Feature", "geometry": {"type": "Point", "coordinates": [7.5230486, 51.4439839]}, "properties": {"id": "osm:way:489393893", "type": "school", "name": "Eintracht-Grundschule", "source": "OpenStreetMap/Overpass"}}, {"type": "Feature", "geometry": {"type": "Point", "coordinates": [7.6135712, 51.5376841]}, "properties": {"id": "osm:way:490539083", "type": "kindergarten", "name": "Kindergarten Purzelbaum", "source": "OpenStreetMap/Overpass"}}, {"type": "Feature", "geometry": {"type": "Point", "coordinates": [7.5431193, 51.503556]}, "properties": {"id": "osm:way:490912258", "type": "school", "name": "Technischer Dienst LWL-Schulen", "source": "OpenStreetMap/Overpass"}}, {"type": "Feature", "geometry": {"type": "Point", "coordinates": [7.6071365, 51.5301807]}, "properties": {"id": "osm:way:492613750", "type": "kindergarten", "name": "Kath. Kita Vom Göttlichen Wort", "source": "OpenStreetMap/Overpass"}}, {"type": "Feature", "geometry": {"type": "Point", "coordinates": [7.4583442, 51.5221274]}, "properties": {"id": "osm:way:493756963", "type": "kindergarten", "name": "Tageseinrichtung für Kinder Uhlandstraße 3", "source": "OpenStreetMap/Overpass"}}, {"type": "Feature", "geometry": {"type": "Point", "coordinates": [7.4718484, 51.4772305]}, "properties": {"id": "osm:way:494489788", "type": "school", "name": "", "source": "OpenStreetMap/Overpass"}}, {"type": "Feature", "geometry": {"type": "Point", "coordinates": [7.4464102, 51.5132948]}, "properties": {"id": "osm:way:502702313", "type": "school", "name": "Max–von–der–Grün Abendrealschule", "source": "OpenStreetMap/Overpass"}}, {"type": "Feature", "geometry": {"type": "Point", "coordinates": [7.3832071, 51.5716697]}, "properties": {"id": "osm:way:508735113", "type": "school", "name": "Schulgelände Hauptschule und Overbergschule Mengede", "source": "OpenStreetMap/Overpass"}}, {"type": "Feature", "geometry": {"type": "Point", "coordinates": [7.3812033, 51.5731659]}, "properties": {"id": "osm:way:508741767", "type": "school", "name": "Regenbogen-Gundschule", "source": "OpenStreetMap/Overpass"}}, {"type": "Feature", "geometry": {"type": "Point", "coordinates": [7.4368957, 51.5985208]}, "properties": {"id": "osm:way:544385526", "type": "school", "name": "Wittekindschule", "source": "OpenStreetMap/Overpass"}}, {"type": "Feature", "geometry": {"type": "Point", "coordinates": [7.4798847, 51.5448872]}, "properties": {"id": "osm:way:546150003", "type": "school", "name": "Max-Wittmann-Schule", "source": "OpenStreetMap/Overpass"}}, {"type": "Feature", "geometry": {"type": "Point", "coordinates": [7.4953645, 51.5532525]}, "properties": {"id": "osm:way:546150005", "type": "school", "name": "Heisenberg Gymnasium", "source": "OpenStreetMap/Overpass"}}, {"type": "Feature", "geometry": {"type": "Point", "coordinates": [7.4931455, 51.5526002]}, "properties": {"id": "osm:way:546150006", "type": "school", "name": "Theodor-Heuss-Realschule", "source": "OpenStreetMap/Overpass"}}, {"type": "Feature", "geometry": {"type": "Point", "coordinates": [7.4672671, 51.5555385]}, "properties": {"id": "osm:way:546150008", "type": "school", "name": "Elisabeth-Grundschule", "source": "OpenStreetMap/Overpass"}}, {"type": "Feature", "geometry": {"type": "Point", "coordinates": [7.4673742, 51.5546864]}, "properties": {"id": "osm:way:546150009", "type": "school", "name": "Hauptschule am Externberg", "source": "OpenStreetMap/Overpass"}}, {"type": "Feature", "geometry": {"type": "Point", "coordinates": [7.5288407, 51.524486]}, "properties": {"id": "osm:way:546166491", "type": "school", "name": "Tremoniaschule", "source": "OpenStreetMap/Overpass"}}, {"type": "Feature", "geometry": {"type": "Point", "coordinates": [7.5645573, 51.4915003]}, "properties": {"id": "osm:way:547082737", "type": "school", "name": "Gymnasium an der Schweizer Allee", "source": "OpenStreetMap/Overpass"}}, {"type": "Feature", "geometry": {"type": "Point", "coordinates": [7.484325, 51.5122325]}, "properties": {"id": "osm:way:547874310", "type": "school", "name": "Ricarda-Huch-Realschule", "source": "OpenStreetMap/Overpass"}}, {"type": "Feature", "geometry": {"type": "Point", "coordinates": [7.4684169, 51.5224379]}, "properties": {"id": "osm:way:547938198", "type": "school", "name": "Diesterweg-Grundschule", "source": "OpenStreetMap/Overpass"}}, {"type": "Feature", "geometry": {"type": "Point", "coordinates": [7.4629046, 51.5305487]}, "properties": {"id": "osm:way:547938206", "type": "school", "name": "Anne-Frank-Gesamtschule", "source": "OpenStreetMap/Overpass"}}, {"type": "Feature", "geometry": {"type": "Point", "coordinates": [7.4642806, 51.5255279]}, "properties": {"id": "osm:way:547938209", "type": "school", "name": "Nordmarkt-Grundschule", "source": "OpenStreetMap/Overpass"}}, {"type": "Feature", "geometry": {"type": "Point", "coordinates": [7.4557759, 51.5984157]}, "properties": {"id": "osm:way:551581922", "type": "kindergarten", "name": "Städt. Kita Mühlenbachstraße", "source": "OpenStreetMap/Overpass"}}, {"type": "Feature", "geometry": {"type": "Point", "coordinates": [7.4362933, 51.5974668]}, "properties": {"id": "osm:way:551615058", "type": "kindergarten", "name": "Städt. Kita Diesterwegstr. 7b", "source": "OpenStreetMap/Overpass"}}, {"type": "Feature", "geometry": {"type": "Point", "coordinates": [7.4370897, 51.5964223]}, "properties": {"id": "osm:way:551615066", "type": "kindergarten", "name": "Städt. Kita Diestwegstr. 7c", "source": "OpenStreetMap/Overpass"}}, {"type": "Feature", "geometry": {"type": "Point", "coordinates": [7.5073303, 51.5826397]}, "properties": {"id": "osm:way:551907986", "type": "kindergarten", "name": "Städt.Kita Schachtweg", "source": "OpenStreetMap/Overpass"}}, {"type": "Feature", "geometry": {"type": "Point", "coordinates": [7.4921368, 51.4798647]}, "properties": {"id": "osm:way:561351797", "type": "school", "name": "Goethe-Gymnasium", "source": "OpenStreetMap/Overpass"}}, {"type": "Feature", "geometry": {"type": "Point", "coordinates": [7.354775, 51.4463521]}, "properties": {"id": "osm:way:574795720", "type": "kindergarten", "name": "Kita Schatzkiste", "source": "OpenStreetMap/Overpass"}}, {"type": "Feature", "geometry": {"type": "Point", "coordinates": [7.5827906, 51.5268548]}, "properties": {"id": "osm:way:584220383", "type": "kindergarten", "name": "Kita Max & Moritz", "source": "OpenStreetMap/Overpass"}}, {"type": "Feature", "geometry": {"type": "Point", "coordinates": [7.485125, 51.5277577]}, "properties": {"id": "osm:way:599916881", "type": "school", "name": "Kielhornschule", "source": "OpenStreetMap/Overpass"}}, {"type": "Feature", "geometry": {"type": "Point", "coordinates": [7.4765282, 51.5519923]}, "properties": {"id": "osm:way:599916882", "type": "school", "name": "Osterfeld-Grundschule", "source": "OpenStreetMap/Overpass"}}, {"type": "Feature", "geometry": {"type": "Point", "coordinates": [7.5564127, 51.5982028]}, "properties": {"id": "osm:way:599916886", "type": "school", "name": "Ludwig-Uhland-Realschule", "source": "OpenStreetMap/Overpass"}}, {"type": "Feature", "geometry": {"type": "Point", "coordinates": [7.5698584, 51.5925264]}, "properties": {"id": "osm:way:599916905", "type": "kindergarten", "name": "Kindertagesstätte \"Zur Arche\"", "source": "OpenStreetMap/Overpass"}}, {"type": "Feature", "geometry": {"type": "Point", "coordinates": [7.5309386, 51.5539411]}, "properties": {"id": "osm:way:599916912", "type": "school", "name": "", "source": "OpenStreetMap/Overpass"}}, {"type": "Feature", "geometry": {"type": "Point", "coordinates": [7.5439919, 51.547575]}, "properties": {"id": "osm:way:599916913", "type": "school", "name": "Buschei-Grundschule", "source": "OpenStreetMap/Overpass"}}, {"type": "Feature", "geometry": {"type": "Point", "coordinates": [7.5928994, 51.5561313]}, "properties": {"id": "osm:way:599916914", "type": "school", "name": "Eichwald-Grundschule", "source": "OpenStreetMap/Overpass"}}, {"type": "Feature", "geometry": {"type": "Point", "coordinates": [7.5913378, 51.5556125]}, "properties": {"id": "osm:way:599916916", "type": "school", "name": "", "source": "OpenStreetMap/Overpass"}}, {"type": "Feature", "geometry": {"type": "Point", "coordinates": [7.3846009, 51.4877979]}, "properties": {"id": "osm:way:599956943", "type": "school", "name": "Schule an der Froschlake", "source": "OpenStreetMap/Overpass"}}, {"type": "Feature", "geometry": {"type": "Point", "coordinates": [7.4375076, 51.4795244]}, "properties": {"id": "osm:way:599956944", "type": "school", "name": "Mira-Lobe-Schule", "source": "OpenStreetMap/Overpass"}}, {"type": "Feature", "geometry": {"type": "Point", "coordinates": [7.4604882, 51.4900577]}, "properties": {"id": "osm:way:599956945", "type": "school", "name": "Max-Planck-Gymnasium", "source": "OpenStreetMap/Overpass"}}, {"type": "Feature", "geometry": {"type": "Point", "coordinates": [7.5076547, 51.4738233]}, "properties": {"id": "osm:way:599956946", "type": "school", "name": "Benninghofer Grundschule", "source": "OpenStreetMap/Overpass"}}, {"type": "Feature", "geometry": {"type": "Point", "coordinates": [7.5233383, 51.4586776]}, "properties": {"id": "osm:way:599956947", "type": "school", "name": "Höchstener Grundschule", "source": "OpenStreetMap/Overpass"}}, {"type": "Feature", "geometry": {"type": "Point", "coordinates": [7.5961906, 51.4710639]}, "properties": {"id": "osm:way:599956948", "type": "school", "name": "Grundschule Lichtendorf", "source": "OpenStreetMap/Overpass"}}, {"type": "Feature", "geometry": {"type": "Point", "coordinates": [7.6308878, 51.4825433]}, "properties": {"id": "osm:way:599956949", "type": "school", "name": "Paul-Gerhardt-Schule", "source": "OpenStreetMap/Overpass"}}, {"type": "Feature", "geometry": {"type": "Point", "coordinates": [7.5338574, 51.4922718]}, "properties": {"id": "osm:way:610490883", "type": "school", "name": "DRK Ausbildungszentrum Schüren", "source": "OpenStreetMap/Overpass"}}, {"type": "Feature", "geometry": {"type": "Point", "coordinates": [7.3077704, 51.4691493]}, "properties": {"id": "osm:way:617085233", "type": "kindergarten", "name": "Arche Noah", "source": "OpenStreetMap/Overpass"}}, {"type": "Feature", "geometry": {"type": "Point", "coordinates": [7.4420037, 51.5980574]}, "properties": {"id": "osm:way:623895539", "type": "kindergarten", "name": "Kita Hibiduri", "source": "OpenStreetMap/Overpass"}}, {"type": "Feature", "geometry": {"type": "Point", "coordinates": [7.3473977, 51.5929912]}, "properties": {"id": "osm:way:629920528", "type": "school", "name": "Martin-Luther-King-Schule", "source": "OpenStreetMap/Overpass"}}, {"type": "Feature", "geometry": {"type": "Point", "coordinates": [7.30437, 51.4877934]}, "properties": {"id": "osm:way:632644771", "type": "kindergarten", "name": "Herz-Jesu-Kindergarten", "source": "OpenStreetMap/Overpass"}}, {"type": "Feature", "geometry": {"type": "Point", "coordinates": [7.5486944, 51.5892307]}, "properties": {"id": "osm:way:638265488", "type": "kindergarten", "name": "Städt. Kita Querstraße", "source": "OpenStreetMap/Overpass"}}, {"type": "Feature", "geometry": {"type": "Point", "coordinates": [7.5493616, 51.5889116]}, "properties": {"id": "osm:way:638265490", "type": "school", "name": "Grundschule Am Lüserbach", "source": "OpenStreetMap/Overpass"}}, {"type": "Feature", "geometry": {"type": "Point", "coordinates": [7.3147445, 51.47342]}, "properties": {"id": "osm:way:638486678", "type": "school", "name": "", "source": "OpenStreetMap/Overpass"}}, {"type": "Feature", "geometry": {"type": "Point", "coordinates": [7.4027978, 51.499645]}, "properties": {"id": "osm:way:651618754", "type": "kindergarten", "name": "Ev. Familienzentrum Eliaskinder \"zum Förderturm\"", "source": "OpenStreetMap/Overpass"}}, {"type": "Feature", "geometry": {"type": "Point", "coordinates": [7.483184, 51.4667484]}, "properties": {"id": "osm:way:660933217", "type": "kindergarten", "name": "Ev. Kindergarten Wellinghofen", "source": "OpenStreetMap/Overpass"}}, {"type": "Feature", "geometry": {"type": "Point", "coordinates": [7.3024297, 51.4751667]}, "properties": {"id": "osm:way:661874039", "type": "kindergarten", "name": "Evangelische Kita Eislebener Straße", "source": "OpenStreetMap/Overpass"}}, {"type": "Feature", "geometry": {"type": "Point", "coordinates": [7.5152988, 51.4872101]}, "properties": {"id": "osm:way:663356499", "type": "kindergarten", "name": "KiTa Phoenixseestraße", "source": "OpenStreetMap/Overpass"}}, {"type": "Feature", "geometry": {"type": "Point", "coordinates": [7.3803187, 51.5088107]}, "properties": {"id": "osm:way:665342290", "type": "kindergarten", "name": "Familienzentrum Ev. Tageseinrichtung Eliaskinder Immanuel", "source": "OpenStreetMap/Overpass"}}, {"type": "Feature", "geometry": {"type": "Point", "coordinates": [7.4295438, 51.5460626]}, "properties": {"id": "osm:way:665721972", "type": "kindergarten", "name": "Ev. Kindergarten \"Die Maulwürfe\"", "source": "OpenStreetMap/Overpass"}}, {"type": "Feature", "geometry": {"type": "Point", "coordinates": [7.4506648, 51.5994204]}, "properties": {"id": "osm:way:665945671", "type": "kindergarten", "name": "Ev. Martin-Luther-Kindergarten", "source": "OpenStreetMap/Overpass"}}, {"type": "Feature", "geometry": {"type": "Point", "coordinates": [7.597624, 51.4724332]}, "properties": {"id": "osm:way:665948273", "type": "kindergarten", "name": "Tageseinrichtung für Kinder Edelrosenstraße", "source": "OpenStreetMap/Overpass"}}, {"type": "Feature", "geometry": {"type": "Point", "coordinates": [7.4208266, 51.471372]}, "properties": {"id": "osm:way:666382433", "type": "kindergarten", "name": "Tageseinrichtung für Kinder Am Rüggen", "source": "OpenStreetMap/Overpass"}}, {"type": "Feature", "geometry": {"type": "Point", "coordinates": [7.4076037, 51.4787161]}, "properties": {"id": "osm:way:666382434", "type": "kindergarten", "name": "KiTa Maulwurf", "source": "OpenStreetMap/Overpass"}}, {"type": "Feature", "geometry": {"type": "Point", "coordinates": [7.3772689, 51.5480398]}, "properties": {"id": "osm:way:667235273", "type": "school", "name": "Westhausenschule Städt. Gem. Grundschule - Primarstufe", "source": "OpenStreetMap/Overpass"}}, {"type": "Feature", "geometry": {"type": "Point", "coordinates": [7.5030097, 51.497941]}, "properties": {"id": "osm:way:669599803", "type": "kindergarten", "name": "Tageseinrichtung für Kinder Strohnstraße", "source": "OpenStreetMap/Overpass"}}, {"type": "Feature", "geometry": {"type": "Point", "coordinates": [7.4453688, 51.5952703]}, "properties": {"id": "osm:way:670033128", "type": "kindergarten", "name": "AWO Kita Rappelkiste/Pfiffikus", "source": "OpenStreetMap/Overpass"}}, {"type": "Feature", "geometry": {"type": "Point", "coordinates": [7.4582481, 51.5987722]}, "properties": {"id": "osm:way:670316515", "type": "school", "name": "Grundschule Auf dem Kelm", "source": "OpenStreetMap/Overpass"}}, {"type": "Feature", "geometry": {"type": "Point", "coordinates": [7.3046439, 51.4656999]}, "properties": {"id": "osm:way:671127326", "type": "kindergarten", "name": "Familienzentrum am Neggenborn", "source": "OpenStreetMap/Overpass"}}, {"type": "Feature", "geometry": {"type": "Point", "coordinates": [7.30712, 51.4615646]}, "properties": {"id": "osm:way:672251248", "type": "kindergarten", "name": "Integrativer Waldorfkindergarten", "source": "OpenStreetMap/Overpass"}}, {"type": "Feature", "geometry": {"type": "Point", "coordinates": [7.5303072, 51.4956798]}, "properties": {"id": "osm:way:673007193", "type": "kindergarten", "name": "NiDo KinderGarten", "source": "OpenStreetMap/Overpass"}}, {"type": "Feature", "geometry": {"type": "Point", "coordinates": [7.4579958, 51.5741664]}, "properties": {"id": "osm:way:673625745", "type": "kindergarten", "name": "Ev. Kindertageseinrichtung Brechtener Heide", "source": "OpenStreetMap/Overpass"}}, {"type": "Feature", "geometry": {"type": "Point", "coordinates": [7.4461191, 51.5518968]}, "properties": {"id": "osm:way:674436548", "type": "kindergarten", "name": "Johanniter-Kindertageseinrichtung Lindenhorst", "source": "OpenStreetMap/Overpass"}}, {"type": "Feature", "geometry": {"type": "Point", "coordinates": [7.3955939, 51.5328449]}, "properties": {"id": "osm:way:676062620", "type": "kindergarten", "name": "AWO Familienzentrum Kita Welkenerstraße", "source": "OpenStreetMap/Overpass"}}, {"type": "Feature", "geometry": {"type": "Point", "coordinates": [7.4829995, 51.5248485]}, "properties": {"id": "osm:way:682851216", "type": "school", "name": "Osterholz Grundschule", "source": "OpenStreetMap/Overpass"}}, {"type": "Feature", "geometry": {"type": "Point", "coordinates": [7.4890438, 51.4833053]}, "properties": {"id": "osm:way:690538544", "type": "school", "name": "", "source": "OpenStreetMap/Overpass"}}, {"type": "Feature", "geometry": {"type": "Point", "coordinates": [7.3297695, 51.4667556]}, "properties": {"id": "osm:way:694048137", "type": "kindergarten", "name": "Städtische Kindertagesstätte", "source": "OpenStreetMap/Overpass"}}, {"type": "Feature", "geometry": {"type": "Point", "coordinates": [7.3068664, 51.4661696]}, "properties": {"id": "osm:way:696374054", "type": "kindergarten", "name": "Freche Kröten", "source": "OpenStreetMap/Overpass"}}, {"type": "Feature", "geometry": {"type": "Point", "coordinates": [7.5125769, 51.5099125]}, "properties": {"id": "osm:way:736900234", "type": "kindergarten", "name": "DRK Kindertageseinrichtung „Wichtelburg“", "source": "OpenStreetMap/Overpass"}}, {"type": "Feature", "geometry": {"type": "Point", "coordinates": [7.3275771, 51.4716671]}, "properties": {"id": "osm:way:747757931", "type": "kindergarten", "name": "", "source": "OpenStreetMap/Overpass"}}, {"type": "Feature", "geometry": {"type": "Point", "coordinates": [7.4616412, 51.4755603]}, "properties": {"id": "osm:way:755949947", "type": "kindergarten", "name": "AWO Kita Mergelteichstraße", "source": "OpenStreetMap/Overpass"}}, {"type": "Feature", "geometry": {"type": "Point", "coordinates": [7.3354878, 51.4473794]}, "properties": {"id": "osm:way:756609545", "type": "kindergarten", "name": "Zum Ledderken", "source": "OpenStreetMap/Overpass"}}, {"type": "Feature", "geometry": {"type": "Point", "coordinates": [7.3207845, 51.4722891]}, "properties": {"id": "osm:way:762693377", "type": "kindergarten", "name": "Ev. Kita an der Malstatt", "source": "OpenStreetMap/Overpass"}}, {"type": "Feature", "geometry": {"type": "Point", "coordinates": [7.3946675, 51.5329994]}, "properties": {"id": "osm:way:768787109", "type": "school", "name": "Hansa Grundschule", "source": "OpenStreetMap/Overpass"}}, {"type": "Feature", "geometry": {"type": "Point", "coordinates": [7.4961581, 51.4779026]}, "properties": {"id": "osm:way:769042744", "type": "school", "name": "Brücherhof-Grundschule", "source": "OpenStreetMap/Overpass"}}, {"type": "Feature", "geometry": {"type": "Point", "coordinates": [7.4697664, 51.5275892]}, "properties": {"id": "osm:way:769081422", "type": "kindergarten", "name": "Kindertagesstätte Stollenstraße", "source": "OpenStreetMap/Overpass"}}, {"type": "Feature", "geometry": {"type": "Point", "coordinates": [7.4179859, 51.5021497]}, "properties": {"id": "osm:way:769363450", "type": "kindergarten", "name": "Kindertagesstätte Rasselbande", "source": "OpenStreetMap/Overpass"}}, {"type": "Feature", "geometry": {"type": "Point", "coordinates": [7.5586887, 51.5356721]}, "properties": {"id": "osm:way:769506375", "type": "kindergarten", "name": "Ev. Kindertageseinrichtung Hohenbuschei", "source": "OpenStreetMap/Overpass"}}, {"type": "Feature", "geometry": {"type": "Point", "coordinates": [7.4215298, 51.5143326]}, "properties": {"id": "osm:way:772022774", "type": "kindergarten", "name": "St. Barbara", "source": "OpenStreetMap/Overpass"}}, {"type": "Feature", "geometry": {"type": "Point", "coordinates": [7.3656786, 51.5629929]}, "properties": {"id": "osm:way:775178766", "type": "kindergarten", "name": "DRK Kindertageseinrichtung Schatzkiste", "source": "OpenStreetMap/Overpass"}}, {"type": "Feature", "geometry": {"type": "Point", "coordinates": [7.5935718, 51.4326234]}, "properties": {"id": "osm:way:778910691", "type": "kindergarten", "name": "Das Windrad", "source": "OpenStreetMap/Overpass"}}, {"type": "Feature", "geometry": {"type": "Point", "coordinates": [7.4479747, 51.5968497]}, "properties": {"id": "osm:way:785114786", "type": "kindergarten", "name": "DRK Kita Kinderplanet", "source": "OpenStreetMap/Overpass"}}, {"type": "Feature", "geometry": {"type": "Point", "coordinates": [7.5587976, 51.5147446]}, "properties": {"id": "osm:way:803130503", "type": "kindergarten", "name": "Kath. Kindergarten St. Nikolaus von Flüe", "source": "OpenStreetMap/Overpass"}}, {"type": "Feature", "geometry": {"type": "Point", "coordinates": [7.5229389, 51.5187724]}, "properties": {"id": "osm:way:817837935", "type": "school", "name": "Comenius-Grundschule", "source": "OpenStreetMap/Overpass"}}, {"type": "Feature", "geometry": {"type": "Point", "coordinates": [7.5205085, 51.5259436]}, "properties": {"id": "osm:way:817838724", "type": "kindergarten", "name": "Familienzentrum St. Angela", "source": "OpenStreetMap/Overpass"}}, {"type": "Feature", "geometry": {"type": "Point", "coordinates": [7.5043018, 51.5807003]}, "properties": {"id": "osm:way:822277850", "type": "school", "name": "Vinckeschule", "source": "OpenStreetMap/Overpass"}}, {"type": "Feature", "geometry": {"type": "Point", "coordinates": [7.5291679, 51.5883084]}, "properties": {"id": "osm:way:822277999", "type": "school", "name": "Overbergschule", "source": "OpenStreetMap/Overpass"}}, {"type": "Feature", "geometry": {"type": "Point", "coordinates": [7.4186804, 51.4191424]}, "properties": {"id": "osm:way:850649582", "type": "kindergarten", "name": "Kindertageseinrichtung Kirchende", "source": "OpenStreetMap/Overpass"}}, {"type": "Feature", "geometry": {"type": "Point", "coordinates": [7.4422971, 51.4582842]}, "properties": {"id": "osm:way:856431621", "type": "kindergarten", "name": "Tageseinrichtung für Kinder Hugo-Sickmann-Straße", "source": "OpenStreetMap/Overpass"}}, {"type": "Feature", "geometry": {"type": "Point", "coordinates": [7.4138306, 51.4551331]}, "properties": {"id": "osm:way:860755284", "type": "school", "name": "Kruckeler Grundschule", "source": "OpenStreetMap/Overpass"}}, {"type": "Feature", "geometry": {"type": "Point", "coordinates": [7.4109461, 51.4604937]}, "properties": {"id": "osm:way:860755302", "type": "kindergarten", "name": "Tageseinrichtung für Kinder Grotenkamp", "source": "OpenStreetMap/Overpass"}}, {"type": "Feature", "geometry": {"type": "Point", "coordinates": [7.5072196, 51.4741112]}, "properties": {"id": "osm:way:870737361", "type": "kindergarten", "name": "Die Klabauterkinder", "source": "OpenStreetMap/Overpass"}}, {"type": "Feature", "geometry": {"type": "Point", "coordinates": [7.5119031, 51.4772732]}, "properties": {"id": "osm:way:872003406", "type": "kindergarten", "name": "Ev. Kindergarten Benninghofen", "source": "OpenStreetMap/Overpass"}}, {"type": "Feature", "geometry": {"type": "Point", "coordinates": [7.4423673, 51.5892797]}, "properties": {"id": "osm:way:886384060", "type": "school", "name": "Realschule Brambauer", "source": "OpenStreetMap/Overpass"}}, {"type": "Feature", "geometry": {"type": "Point", "coordinates": [7.3826479, 51.528311]}, "properties": {"id": "osm:way:887304330", "type": "school", "name": "", "source": "OpenStreetMap/Overpass"}}, {"type": "Feature", "geometry": {"type": "Point", "coordinates": [7.3291681, 51.5658098]}, "properties": {"id": "osm:way:887735577", "type": "kindergarten", "name": "Kindertageseinrichtung und Familienzentrum Wittenberger Straße", "source": "OpenStreetMap/Overpass"}}, {"type": "Feature", "geometry": {"type": "Point", "coordinates": [7.3023371, 51.5679332]}, "properties": {"id": "osm:way:887741609", "type": "school", "name": "Waldschule", "source": "OpenStreetMap/Overpass"}}, {"type": "Feature", "geometry": {"type": "Point", "coordinates": [7.3030765, 51.5672469]}, "properties": {"id": "osm:way:887741610", "type": "kindergarten", "name": "Kita am Wald", "source": "OpenStreetMap/Overpass"}}, {"type": "Feature", "geometry": {"type": "Point", "coordinates": [7.4442271, 51.5970302]}, "properties": {"id": "osm:way:890115610", "type": "school", "name": "Profilschule Lünen", "source": "OpenStreetMap/Overpass"}}, {"type": "Feature", "geometry": {"type": "Point", "coordinates": [7.3798153, 51.5286901]}, "properties": {"id": "osm:way:898571376", "type": "kindergarten", "name": "KiTa Zaubertanz", "source": "OpenStreetMap/Overpass"}}, {"type": "Feature", "geometry": {"type": "Point", "coordinates": [7.528925, 51.4931207]}, "properties": {"id": "osm:way:902724372", "type": "school", "name": "Gerhart-Hauptmann-Grundschule", "source": "OpenStreetMap/Overpass"}}, {"type": "Feature", "geometry": {"type": "Point", "coordinates": [7.3529677, 51.4961494]}, "properties": {"id": "osm:way:902963935", "type": "kindergarten", "name": "Tageseinrichtung für Kinder Somborner Feldweg", "source": "OpenStreetMap/Overpass"}}, {"type": "Feature", "geometry": {"type": "Point", "coordinates": [7.457753, 51.4446212]}, "properties": {"id": "osm:way:904166629", "type": "kindergarten", "name": "Tageseinrichtung für Kinder Spissenagelstraße", "source": "OpenStreetMap/Overpass"}}, {"type": "Feature", "geometry": {"type": "Point", "coordinates": [7.4579314, 51.4443374]}, "properties": {"id": "osm:way:904166630", "type": "kindergarten", "name": "International Montessori School Barbara House", "source": "OpenStreetMap/Overpass"}}, {"type": "Feature", "geometry": {"type": "Point", "coordinates": [7.4723821, 51.5199725]}, "properties": {"id": "osm:way:904302133", "type": "kindergarten", "name": "Familienzentrum Ev. Kindertageseinrichtung Roland", "source": "OpenStreetMap/Overpass"}}, {"type": "Feature", "geometry": {"type": "Point", "coordinates": [7.3429002, 51.5078382]}, "properties": {"id": "osm:way:905609119", "type": "kindergarten", "name": "DRK Kindertageseinrichtung Spatzennest", "source": "OpenStreetMap/Overpass"}}, {"type": "Feature", "geometry": {"type": "Point", "coordinates": [7.5508384, 51.5280679]}, "properties": {"id": "osm:way:906716607", "type": "kindergarten", "name": "Städtische Tageseinrichtung für Kinder Oesterstraße", "source": "OpenStreetMap/Overpass"}}, {"type": "Feature", "geometry": {"type": "Point", "coordinates": [7.4646072, 51.5289065]}, "properties": {"id": "osm:way:907207038", "type": "kindergarten", "name": "Kindertageseinrichtung Braunschweiger Straße", "source": "OpenStreetMap/Overpass"}}, {"type": "Feature", "geometry": {"type": "Point", "coordinates": [7.4133725, 51.4946835]}, "properties": {"id": "osm:way:907911673", "type": "kindergarten", "name": "HoKiDo", "source": "OpenStreetMap/Overpass"}}, {"type": "Feature", "geometry": {"type": "Point", "coordinates": [7.5878743, 51.4925779]}, "properties": {"id": "osm:way:908247533", "type": "kindergarten", "name": "Kindertagesstätte St. Marien", "source": "OpenStreetMap/Overpass"}}, {"type": "Feature", "geometry": {"type": "Point", "coordinates": [7.4895319, 51.5527783]}, "properties": {"id": "osm:way:908947741", "type": "kindergarten", "name": "Tageseinrichtung für Kinder Preußische Straße", "source": "OpenStreetMap/Overpass"}}, {"type": "Feature", "geometry": {"type": "Point", "coordinates": [7.4854699, 51.5494808]}, "properties": {"id": "osm:way:908947743", "type": "kindergarten", "name": "Tageseinrichtung für Kinder Steiermarkstraße", "source": "OpenStreetMap/Overpass"}}, {"type": "Feature", "geometry": {"type": "Point", "coordinates": [7.5521433, 51.5358342]}, "properties": {"id": "osm:way:909416156", "type": "kindergarten", "name": "Caritas Kindertagesstätte St. Augustinus", "source": "OpenStreetMap/Overpass"}}, {"type": "Feature", "geometry": {"type": "Point", "coordinates": [7.467734, 51.5220664]}, "properties": {"id": "osm:way:909459621", "type": "kindergarten", "name": "DRK Kindertageseinrichtung „Sandkorn“", "source": "OpenStreetMap/Overpass"}}, {"type": "Feature", "geometry": {"type": "Point", "coordinates": [7.4959013, 51.5170254]}, "properties": {"id": "osm:way:911057610", "type": "kindergarten", "name": "", "source": "OpenStreetMap/Overpass"}}, {"type": "Feature", "geometry": {"type": "Point", "coordinates": [7.4590518, 51.5568006]}, "properties": {"id": "osm:way:911064823", "type": "school", "name": "Graf-Konrad-Grundschule", "source": "OpenStreetMap/Overpass"}}, {"type": "Feature", "geometry": {"type": "Point", "coordinates": [7.4583362, 51.5564521]}, "properties": {"id": "osm:way:911064824", "type": "kindergarten", "name": "Kindertagesstätte Grävingholzstraße", "source": "OpenStreetMap/Overpass"}}, {"type": "Feature", "geometry": {"type": "Point", "coordinates": [7.4897137, 51.4224983]}, "properties": {"id": "osm:way:915661168", "type": "kindergarten", "name": "Tageseinrichtung für Kinder Syburger Kirchstraße", "source": "OpenStreetMap/Overpass"}}, {"type": "Feature", "geometry": {"type": "Point", "coordinates": [7.4058661, 51.5017085]}, "properties": {"id": "osm:way:915944121", "type": "school", "name": "Martin-Luther-King-Gesamtschule", "source": "OpenStreetMap/Overpass"}}, {"type": "Feature", "geometry": {"type": "Point", "coordinates": [7.4063348, 51.5007527]}, "properties": {"id": "osm:way:915944122", "type": "school", "name": "Fine-Frau-Grundschule", "source": "OpenStreetMap/Overpass"}}, {"type": "Feature", "geometry": {"type": "Point", "coordinates": [7.4154969, 51.5077605]}, "properties": {"id": "osm:way:916876022", "type": "kindergarten", "name": "Tageseinrichtung für Kinder Kortental", "source": "OpenStreetMap/Overpass"}}, {"type": "Feature", "geometry": {"type": "Point", "coordinates": [7.4201369, 51.4990641]}, "properties": {"id": "osm:way:916876031", "type": "kindergarten", "name": "Tageseinrichtung für Kinder Friedrich-Henkel-Weg", "source": "OpenStreetMap/Overpass"}}, {"type": "Feature", "geometry": {"type": "Point", "coordinates": [7.5250333, 51.5197744]}, "properties": {"id": "osm:way:916883309", "type": "kindergarten", "name": "Kath. Kindertageseinrichtung St. Meinolfus", "source": "OpenStreetMap/Overpass"}}, {"type": "Feature", "geometry": {"type": "Point", "coordinates": [7.4737711, 51.556826]}, "properties": {"id": "osm:way:918071663", "type": "kindergarten", "name": "Tageseinrichtung für Kinder Fröbelweg", "source": "OpenStreetMap/Overpass"}}, {"type": "Feature", "geometry": {"type": "Point", "coordinates": [7.5631362, 51.5809298]}, "properties": {"id": "osm:way:918502423", "type": "kindergarten", "name": "Tageseinrichtung für Kinder Gürtlerstraße", "source": "OpenStreetMap/Overpass"}}, {"type": "Feature", "geometry": {"type": "Point", "coordinates": [7.5613041, 51.5819602]}, "properties": {"id": "osm:way:918502426", "type": "school", "name": "Brukterer-Grundschule", "source": "OpenStreetMap/Overpass"}}, {"type": "Feature", "geometry": {"type": "Point", "coordinates": [7.5060391, 51.4931811]}, "properties": {"id": "osm:way:918860508", "type": "kindergarten", "name": "Montessori Kinderhaus am Phoenix-See", "source": "OpenStreetMap/Overpass"}}, {"type": "Feature", "geometry": {"type": "Point", "coordinates": [7.4621141, 51.5523153]}, "properties": {"id": "osm:way:921528264", "type": "kindergarten", "name": "Familienzentrum & Kindertagesstätte RuFa e.V.", "source": "OpenStreetMap/Overpass"}}, {"type": "Feature", "geometry": {"type": "Point", "coordinates": [7.4553757, 51.5207319]}, "properties": {"id": "osm:way:922306920", "type": "kindergarten", "name": "Ev. Familienzentrum Paulus", "source": "OpenStreetMap/Overpass"}}, {"type": "Feature", "geometry": {"type": "Point", "coordinates": [7.5355742, 51.5443547]}, "properties": {"id": "osm:way:931413599", "type": "school", "name": "Westholz-Grundschule", "source": "OpenStreetMap/Overpass"}}, {"type": "Feature", "geometry": {"type": "Point", "coordinates": [7.5026557, 51.5131272]}, "properties": {"id": "osm:way:936514651", "type": "kindergarten", "name": "Tageseinrichtung für Kinder Berliner Straße", "source": "OpenStreetMap/Overpass"}}, {"type": "Feature", "geometry": {"type": "Point", "coordinates": [7.5026775, 51.5134668]}, "properties": {"id": "osm:way:936514652", "type": "kindergarten", "name": "Lebenshilfe Kita Körne", "source": "OpenStreetMap/Overpass"}}, {"type": "Feature", "geometry": {"type": "Point", "coordinates": [7.5232838, 51.4988402]}, "properties": {"id": "osm:way:943399618", "type": "school", "name": "PGS Privatgymnasium Stadtkrone", "source": "OpenStreetMap/Overpass"}}, {"type": "Feature", "geometry": {"type": "Point", "coordinates": [7.5036898, 51.5172331]}, "properties": {"id": "osm:way:946658252", "type": "kindergarten", "name": "Ev. Matthäus-Kindergarten", "source": "OpenStreetMap/Overpass"}}, {"type": "Feature", "geometry": {"type": "Point", "coordinates": [7.4407512, 51.4767324]}, "properties": {"id": "osm:way:951589026", "type": "school", "name": "Harkort-Grundschule", "source": "OpenStreetMap/Overpass"}}, {"type": "Feature", "geometry": {"type": "Point", "coordinates": [7.4503695, 51.5260813]}, "properties": {"id": "osm:way:952154641", "type": "kindergarten", "name": "Tageseinrichtung für Kinder Bülowstraße 15", "source": "OpenStreetMap/Overpass"}}, {"type": "Feature", "geometry": {"type": "Point", "coordinates": [7.4513983, 51.5153111]}, "properties": {"id": "osm:way:954923367", "type": "school", "name": "Robert-Bosch-Berufskolleg", "source": "OpenStreetMap/Overpass"}}, {"type": "Feature", "geometry": {"type": "Point", "coordinates": [7.4524581, 51.5157604]}, "properties": {"id": "osm:way:954923368", "type": "school", "name": "Robert-Schuman-Berufskolleg", "source": "OpenStreetMap/Overpass"}}, {"type": "Feature", "geometry": {"type": "Point", "coordinates": [7.4785321, 51.5254555]}, "properties": {"id": "osm:way:958041758", "type": "kindergarten", "name": "Tageseinrichtung für Kinder Dürener Straße", "source": "OpenStreetMap/Overpass"}}, {"type": "Feature", "geometry": {"type": "Point", "coordinates": [7.4559438, 51.5000469]}, "properties": {"id": "osm:way:969625150", "type": "school", "name": "Liebig-Grundschule", "source": "OpenStreetMap/Overpass"}}, {"type": "Feature", "geometry": {"type": "Point", "coordinates": [7.4666539, 51.579256]}, "properties": {"id": "osm:way:969668608", "type": "kindergarten", "name": "Ev. Familienzentrum Brechten", "source": "OpenStreetMap/Overpass"}}, {"type": "Feature", "geometry": {"type": "Point", "coordinates": [7.5109043, 51.5090771]}, "properties": {"id": "osm:way:970510533", "type": "school", "name": "Schulzentrum Winkelriedweg", "source": "OpenStreetMap/Overpass"}}, {"type": "Feature", "geometry": {"type": "Point", "coordinates": [7.4856634, 51.5566932]}, "properties": {"id": "osm:way:970512731", "type": "school", "name": "Herder Grundschule", "source": "OpenStreetMap/Overpass"}}, {"type": "Feature", "geometry": {"type": "Point", "coordinates": [7.4671871, 51.5719925]}, "properties": {"id": "osm:way:970513448", "type": "school", "name": "Brechtener Grundschule", "source": "OpenStreetMap/Overpass"}}, {"type": "Feature", "geometry": {"type": "Point", "coordinates": [7.536966, 51.5548404]}, "properties": {"id": "osm:way:970686842", "type": "school", "name": "Paul-Dohrmann-Schule", "source": "OpenStreetMap/Overpass"}}, {"type": "Feature", "geometry": {"type": "Point", "coordinates": [7.4690102, 51.4607618]}, "properties": {"id": "osm:way:971496018", "type": "kindergarten", "name": "Tageseinrichtung für Kinder Olpketalstraße", "source": "OpenStreetMap/Overpass"}}, {"type": "Feature", "geometry": {"type": "Point", "coordinates": [7.5331034, 51.5107529]}, "properties": {"id": "osm:way:975707882", "type": "kindergarten", "name": "AWO KiTa Auf dem Hohwart", "source": "OpenStreetMap/Overpass"}}, {"type": "Feature", "geometry": {"type": "Point", "coordinates": [7.5307863, 51.5449847]}, "properties": {"id": "osm:way:977751335", "type": "kindergarten", "name": "Tageseinrichtung für Kinder Siegfried-Drupp-Straße", "source": "OpenStreetMap/Overpass"}}, {"type": "Feature", "geometry": {"type": "Point", "coordinates": [7.5314124, 51.5448206]}, "properties": {"id": "osm:way:977751338", "type": "school", "name": "Siegfried-Drupp-Grundschule", "source": "OpenStreetMap/Overpass"}}, {"type": "Feature", "geometry": {"type": "Point", "coordinates": [7.5293529, 51.5448373]}, "properties": {"id": "osm:way:977751356", "type": "kindergarten", "name": "Kath. Kindergarten St. Immaculata", "source": "OpenStreetMap/Overpass"}}, {"type": "Feature", "geometry": {"type": "Point", "coordinates": [7.5594019, 51.4923699]}, "properties": {"id": "osm:way:977923484", "type": "school", "name": "Adolf-Schulte-Schule", "source": "OpenStreetMap/Overpass"}}, {"type": "Feature", "geometry": {"type": "Point", "coordinates": [7.5584337, 51.4920012]}, "properties": {"id": "osm:way:977923492", "type": "kindergarten", "name": "Kath. Familienzentrum St. Ewaldi", "source": "OpenStreetMap/Overpass"}}, {"type": "Feature", "geometry": {"type": "Point", "coordinates": [7.3251508, 51.5163378]}, "properties": {"id": "osm:way:978023642", "type": "kindergarten", "name": "Kath. Kindergarten Herz-Jesu", "source": "OpenStreetMap/Overpass"}}, {"type": "Feature", "geometry": {"type": "Point", "coordinates": [7.3229325, 51.5221171]}, "properties": {"id": "osm:way:978024654", "type": "kindergarten", "name": "Familienzentrum Evangelische Kinder-Arche", "source": "OpenStreetMap/Overpass"}}, {"type": "Feature", "geometry": {"type": "Point", "coordinates": [7.5060166, 51.5532119]}, "properties": {"id": "osm:way:978266529", "type": "kindergarten", "name": "Caritas Kindertagesstätte St. Winfried", "source": "OpenStreetMap/Overpass"}}, {"type": "Feature", "geometry": {"type": "Point", "coordinates": [7.5067424, 51.5537425]}, "properties": {"id": "osm:way:978266530", "type": "school", "name": "Kirchderner Grundschule", "source": "OpenStreetMap/Overpass"}}, {"type": "Feature", "geometry": {"type": "Point", "coordinates": [7.5068206, 51.5568284]}, "properties": {"id": "osm:way:978266537", "type": "kindergarten", "name": "Ev. Kindergarten Kirchderne", "source": "OpenStreetMap/Overpass"}}, {"type": "Feature", "geometry": {"type": "Point", "coordinates": [7.4752405, 51.5512463]}, "properties": {"id": "osm:way:979338302", "type": "kindergarten", "name": "KiTa Krümelstube", "source": "OpenStreetMap/Overpass"}}, {"type": "Feature", "geometry": {"type": "Point", "coordinates": [7.3809567, 51.57426]}, "properties": {"id": "osm:way:979722946", "type": "kindergarten", "name": "Kath. Kindergarten St. Remigius", "source": "OpenStreetMap/Overpass"}}, {"type": "Feature", "geometry": {"type": "Point", "coordinates": [7.3633821, 51.5523785]}, "properties": {"id": "osm:way:979723832", "type": "kindergarten", "name": "Ev. Kindergarten Kinderbusch", "source": "OpenStreetMap/Overpass"}}, {"type": "Feature", "geometry": {"type": "Point", "coordinates": [7.5241518, 51.4436068]}, "properties": {"id": "osm:way:979724426", "type": "kindergarten", "name": "AWO Familienzentrum Kita Holzen", "source": "OpenStreetMap/Overpass"}}, {"type": "Feature", "geometry": {"type": "Point", "coordinates": [7.3846741, 51.5080313]}, "properties": {"id": "osm:way:979725252", "type": "kindergarten", "name": "Kath. Kindergarten Heilige Familie", "source": "OpenStreetMap/Overpass"}}, {"type": "Feature", "geometry": {"type": "Point", "coordinates": [7.4424301, 51.4572079]}, "properties": {"id": "osm:way:979732995", "type": "kindergarten", "name": "Tageseinrichtung für Kinder Eichhoffstraße", "source": "OpenStreetMap/Overpass"}}, {"type": "Feature", "geometry": {"type": "Point", "coordinates": [7.5446993, 51.4835337]}, "properties": {"id": "osm:way:980750830", "type": "kindergarten", "name": "AWO KiTa Heliosweg", "source": "OpenStreetMap/Overpass"}}, {"type": "Feature", "geometry": {"type": "Point", "coordinates": [7.5905005, 51.4998336]}, "properties": {"id": "osm:way:981886714", "type": "kindergarten", "name": "Tageseinrichtung für Kinder Nathmerichstraße", "source": "OpenStreetMap/Overpass"}}, {"type": "Feature", "geometry": {"type": "Point", "coordinates": [7.5904531, 51.5283287]}, "properties": {"id": "osm:way:982120726", "type": "kindergarten", "name": "Ev. Familienzentrum ARCHE", "source": "OpenStreetMap/Overpass"}}, {"type": "Feature", "geometry": {"type": "Point", "coordinates": [7.5189063, 51.5257211]}, "properties": {"id": "osm:way:982883976", "type": "school", "name": "Griechisches Gymnasium und Lyzeum", "source": "OpenStreetMap/Overpass"}}, {"type": "Feature", "geometry": {"type": "Point", "coordinates": [7.5195422, 51.5258825]}, "properties": {"id": "osm:way:982883977", "type": "school", "name": "Griechische Grundschule", "source": "OpenStreetMap/Overpass"}}, {"type": "Feature", "geometry": {"type": "Point", "coordinates": [7.4562072, 51.4513934]}, "properties": {"id": "osm:way:983424473", "type": "school", "name": "Kirchhörder Grundschule", "source": "OpenStreetMap/Overpass"}}, {"type": "Feature", "geometry": {"type": "Point", "coordinates": [7.5626683, 51.4834456]}, "properties": {"id": "osm:way:995598345", "type": "school", "name": "Aplerbecker-Mark-Grundschule", "source": "OpenStreetMap/Overpass"}}, {"type": "Feature", "geometry": {"type": "Point", "coordinates": [7.4838797, 51.5061795]}, "properties": {"id": "osm:way:995646482", "type": "kindergarten", "name": "AWO Kita DSW21", "source": "OpenStreetMap/Overpass"}}, {"type": "Feature", "geometry": {"type": "Point", "coordinates": [7.4429194, 51.4778529]}, "properties": {"id": "osm:way:995893649", "type": "kindergarten", "name": "Kath. Kindergarten St. Marien", "source": "OpenStreetMap/Overpass"}}, {"type": "Feature", "geometry": {"type": "Point", "coordinates": [7.5957288, 51.5550404]}, "properties": {"id": "osm:way:996357836", "type": "kindergarten", "name": "Ev. Kindertagesstätte \"Unterm Apfelbaum\"", "source": "OpenStreetMap/Overpass"}}, {"type": "Feature", "geometry": {"type": "Point", "coordinates": [7.5233698, 51.4646458]}, "properties": {"id": "osm:way:997300409", "type": "kindergarten", "name": "Ev. Kindergarten Syburg auf dem Höchsten", "source": "OpenStreetMap/Overpass"}}, {"type": "Feature", "geometry": {"type": "Point", "coordinates": [7.4132546, 51.5266593]}, "properties": {"id": "osm:way:998643677", "type": "kindergarten", "name": "Tageseinrichtung für Kinder Heidegarten", "source": "OpenStreetMap/Overpass"}}, {"type": "Feature", "geometry": {"type": "Point", "coordinates": [7.4821093, 51.5535907]}, "properties": {"id": "osm:way:1001240082", "type": "kindergarten", "name": "Caritas Kindertagesstätte St. Lucia", "source": "OpenStreetMap/Overpass"}}, {"type": "Feature", "geometry": {"type": "Point", "coordinates": [7.6185733, 51.498139]}, "properties": {"id": "osm:way:1001754146", "type": "kindergarten", "name": "", "source": "OpenStreetMap/Overpass"}}, {"type": "Feature", "geometry": {"type": "Point", "coordinates": [7.4110535, 51.5354845]}, "properties": {"id": "osm:way:1001910519", "type": "school", "name": "Gilden-Europa-Grundschule", "source": "OpenStreetMap/Overpass"}}, {"type": "Feature", "geometry": {"type": "Point", "coordinates": [7.3610999, 51.5033458]}, "properties": {"id": "osm:way:1002488958", "type": "kindergarten", "name": "Kindertagesstätte Vorstenstraße", "source": "OpenStreetMap/Overpass"}}, {"type": "Feature", "geometry": {"type": "Point", "coordinates": [7.5999568, 51.5553552]}, "properties": {"id": "osm:way:1003301478", "type": "kindergarten", "name": "Tageseinrichtung für Kinder Am Grenzgraben", "source": "OpenStreetMap/Overpass"}}, {"type": "Feature", "geometry": {"type": "Point", "coordinates": [7.5342119, 51.4603081]}, "properties": {"id": "osm:way:1003301858", "type": "kindergarten", "name": "Kath. Kindergarten St. Kunigunde", "source": "OpenStreetMap/Overpass"}}, {"type": "Feature", "geometry": {"type": "Point", "coordinates": [7.5588269, 51.5012095]}, "properties": {"id": "osm:way:1003306336", "type": "kindergarten", "name": "Tageseinrichtung für Kinder Erbpachtstraße", "source": "OpenStreetMap/Overpass"}}, {"type": "Feature", "geometry": {"type": "Point", "coordinates": [7.562993, 51.4927594]}, "properties": {"id": "osm:way:1003309658", "type": "kindergarten", "name": "Märker Kinderstube", "source": "OpenStreetMap/Overpass"}}, {"type": "Feature", "geometry": {"type": "Point", "coordinates": [7.5441825, 51.5307327]}, "properties": {"id": "osm:way:1003312850", "type": "kindergarten", "name": "Ev. Familienzentrum Regenbogenhaus", "source": "OpenStreetMap/Overpass"}}, {"type": "Feature", "geometry": {"type": "Point", "coordinates": [7.3532991, 51.5153786]}, "properties": {"id": "osm:way:1003320867", "type": "kindergarten", "name": "Westricher Spielmäuse", "source": "OpenStreetMap/Overpass"}}, {"type": "Feature", "geometry": {"type": "Point", "coordinates": [7.4869662, 51.5274388]}, "properties": {"id": "osm:way:1003763407", "type": "kindergarten", "name": "Ev. Luther-Kindergarten", "source": "OpenStreetMap/Overpass"}}, {"type": "Feature", "geometry": {"type": "Point", "coordinates": [7.3690009, 51.5042744]}, "properties": {"id": "osm:way:1003767531", "type": "kindergarten", "name": "KiTa Froschlake", "source": "OpenStreetMap/Overpass"}}, {"type": "Feature", "geometry": {"type": "Point", "coordinates": [7.3786643, 51.4870643]}, "properties": {"id": "osm:way:1003769107", "type": "kindergarten", "name": "Kath. Kindergarten Christus unser Friede", "source": "OpenStreetMap/Overpass"}}, {"type": "Feature", "geometry": {"type": "Point", "coordinates": [7.3847549, 51.4871316]}, "properties": {"id": "osm:way:1003774482", "type": "kindergarten", "name": "Ev. Familienzentrum Eliaskinder Oespel", "source": "OpenStreetMap/Overpass"}}, {"type": "Feature", "geometry": {"type": "Point", "coordinates": [7.5166496, 51.4675328]}, "properties": {"id": "osm:way:1004187752", "type": "kindergarten", "name": "Waldorfkindergarten Benninghofen", "source": "OpenStreetMap/Overpass"}}, {"type": "Feature", "geometry": {"type": "Point", "coordinates": [7.5118634, 51.4960655]}, "properties": {"id": "osm:way:1004213323", "type": "kindergarten", "name": "Tageseinrichtung für Kinder Steinkühlerweg", "source": "OpenStreetMap/Overpass"}}, {"type": "Feature", "geometry": {"type": "Point", "coordinates": [7.5206209, 51.5700059]}, "properties": {"id": "osm:way:1008965647", "type": "kindergarten", "name": "Kath. Kindertageseinrichtung St. Aloysius", "source": "OpenStreetMap/Overpass"}}, {"type": "Feature", "geometry": {"type": "Point", "coordinates": [7.4119297, 51.5322917]}, "properties": {"id": "osm:way:1009670003", "type": "kindergarten", "name": "Tageseinrichtung für Kinder Varziner Straße", "source": "OpenStreetMap/Overpass"}}, {"type": "Feature", "geometry": {"type": "Point", "coordinates": [7.5285667, 51.5028523]}, "properties": {"id": "osm:way:1012945423", "type": "kindergarten", "name": "Kindertageseinrichtung Wirbelwind", "source": "OpenStreetMap/Overpass"}}, {"type": "Feature", "geometry": {"type": "Point", "coordinates": [7.4082526, 51.5396723]}, "properties": {"id": "osm:way:1012949981", "type": "kindergarten", "name": "Kath. Kindergarten St. Christophorus", "source": "OpenStreetMap/Overpass"}}, {"type": "Feature", "geometry": {"type": "Point", "coordinates": [7.3993325, 51.5340538]}, "properties": {"id": "osm:way:1013232609", "type": "kindergarten", "name": "Ev. Kindergarten Unterm Regenbogen", "source": "OpenStreetMap/Overpass"}}, {"type": "Feature", "geometry": {"type": "Point", "coordinates": [7.3958105, 51.5280224]}, "properties": {"id": "osm:way:1013234060", "type": "kindergarten", "name": "Tageseinrichtung für Kinder Westhusener Straße", "source": "OpenStreetMap/Overpass"}}, {"type": "Feature", "geometry": {"type": "Point", "coordinates": [7.3543503, 51.5276525]}, "properties": {"id": "osm:way:1017556500", "type": "school", "name": "Lindenschule", "source": "OpenStreetMap/Overpass"}}, {"type": "Feature", "geometry": {"type": "Point", "coordinates": [7.4677721, 51.5539074]}, "properties": {"id": "osm:way:1017722975", "type": "kindergarten", "name": "Tageseinrichtung für Kinder Externberg", "source": "OpenStreetMap/Overpass"}}, {"type": "Feature", "geometry": {"type": "Point", "coordinates": [7.3220862, 51.5890254]}, "properties": {"id": "osm:way:1017894605", "type": "school", "name": "Grundschule Am Busch", "source": "OpenStreetMap/Overpass"}}, {"type": "Feature", "geometry": {"type": "Point", "coordinates": [7.4442007, 51.5211774]}, "properties": {"id": "osm:way:1021833599", "type": "school", "name": "Lessing-Grundschule", "source": "OpenStreetMap/Overpass"}}, {"type": "Feature", "geometry": {"type": "Point", "coordinates": [7.4884636, 51.4828592]}, "properties": {"id": "osm:way:1022381561", "type": "kindergarten", "name": "AWO Familienzentrum Kita Nortkirchenstraße", "source": "OpenStreetMap/Overpass"}}, {"type": "Feature", "geometry": {"type": "Point", "coordinates": [7.509794, 51.4951806]}, "properties": {"id": "osm:way:1024379985", "type": "kindergarten", "name": "Kath. Kindergarten St. Georg", "source": "OpenStreetMap/Overpass"}}, {"type": "Feature", "geometry": {"type": "Point", "coordinates": [7.516291, 51.5104553]}, "properties": {"id": "osm:way:1026876518", "type": "kindergarten", "name": "Das Kinderhaus", "source": "OpenStreetMap/Overpass"}}, {"type": "Feature", "geometry": {"type": "Point", "coordinates": [7.4270919, 51.4836548]}, "properties": {"id": "osm:way:1026892682", "type": "kindergarten", "name": "Ev. Kindergarten & Familienzentrum Barop", "source": "OpenStreetMap/Overpass"}}, {"type": "Feature", "geometry": {"type": "Point", "coordinates": [7.4150703, 51.480561]}, "properties": {"id": "osm:way:1026901687", "type": "kindergarten", "name": "Kita im Grünen, Pädagogisches Zentrum am Campus", "source": "OpenStreetMap/Overpass"}}, {"type": "Feature", "geometry": {"type": "Point", "coordinates": [7.4234219, 51.5118574]}, "properties": {"id": "osm:way:1027501457", "type": "kindergarten", "name": "Tageseinrichtung für Kinder Wittener Straße", "source": "OpenStreetMap/Overpass"}}, {"type": "Feature", "geometry": {"type": "Point", "coordinates": [7.4090715, 51.5268623]}, "properties": {"id": "osm:way:1027568036", "type": "kindergarten", "name": "Lebenshilfe KiTa Muku", "source": "OpenStreetMap/Overpass"}}, {"type": "Feature", "geometry": {"type": "Point", "coordinates": [7.4086881, 51.5269267]}, "properties": {"id": "osm:way:1027568042", "type": "kindergarten", "name": "Kath. Kindergarten St. Urbanus", "source": "OpenStreetMap/Overpass"}}, {"type": "Feature", "geometry": {"type": "Point", "coordinates": [7.5192967, 51.5073925]}, "properties": {"id": "osm:way:1027577382", "type": "kindergarten", "name": "Ev. Kindergarten Arche", "source": "OpenStreetMap/Overpass"}}, {"type": "Feature", "geometry": {"type": "Point", "coordinates": [7.4662314, 51.5016857]}, "properties": {"id": "osm:way:1027581161", "type": "kindergarten", "name": "Evangelische Kindertageseinrichtung Paul Gerhardt", "source": "OpenStreetMap/Overpass"}}, {"type": "Feature", "geometry": {"type": "Point", "coordinates": [7.4131665, 51.5280166]}, "properties": {"id": "osm:way:1027585749", "type": "kindergarten", "name": "Kinder-Förderzentrum", "source": "OpenStreetMap/Overpass"}}, {"type": "Feature", "geometry": {"type": "Point", "coordinates": [7.5612849, 51.482259]}, "properties": {"id": "osm:way:1027590023", "type": "kindergarten", "name": "Ev. Familienzentrum Aplerbecker Mark", "source": "OpenStreetMap/Overpass"}}, {"type": "Feature", "geometry": {"type": "Point", "coordinates": [7.4841329, 51.5560736]}, "properties": {"id": "osm:way:1027592635", "type": "kindergarten", "name": "Sonnenkinderhaus", "source": "OpenStreetMap/Overpass"}}, {"type": "Feature", "geometry": {"type": "Point", "coordinates": [7.4843211, 51.556494]}, "properties": {"id": "osm:way:1027592636", "type": "kindergarten", "name": "Ev. Kindergarten Märchenland", "source": "OpenStreetMap/Overpass"}}, {"type": "Feature", "geometry": {"type": "Point", "coordinates": [7.4526327, 51.5017678]}, "properties": {"id": "osm:way:1028140056", "type": "kindergarten", "name": "Ev. Familienzentrum St. Nicolai", "source": "OpenStreetMap/Overpass"}}, {"type": "Feature", "geometry": {"type": "Point", "coordinates": [7.4568664, 51.4516423]}, "properties": {"id": "osm:way:1028141396", "type": "kindergarten", "name": "Johanniter-Kindertageseinrichtung Kobbendelle", "source": "OpenStreetMap/Overpass"}}, {"type": "Feature", "geometry": {"type": "Point", "coordinates": [7.4948074, 51.4667385]}, "properties": {"id": "osm:way:1028144089", "type": "kindergarten", "name": "Kath. Kita Heilig Geist", "source": "OpenStreetMap/Overpass"}}, {"type": "Feature", "geometry": {"type": "Point", "coordinates": [7.5026566, 51.5045941]}, "properties": {"id": "osm:way:1028177488", "type": "kindergarten", "name": "Ev. Kindergarten Gänseblümchen", "source": "OpenStreetMap/Overpass"}}, {"type": "Feature", "geometry": {"type": "Point", "coordinates": [7.4155998, 51.5002666]}, "properties": {"id": "osm:way:1028185761", "type": "kindergarten", "name": "Tageseinrichtung für Kinder Sengsbank", "source": "OpenStreetMap/Overpass"}}, {"type": "Feature", "geometry": {"type": "Point", "coordinates": [7.494232, 51.4833886]}, "properties": {"id": "osm:way:1028225706", "type": "kindergarten", "name": "Kath. Kindergarten Herz-Jesu", "source": "OpenStreetMap/Overpass"}}, {"type": "Feature", "geometry": {"type": "Point", "coordinates": [7.4942663, 51.4828464]}, "properties": {"id": "osm:way:1028225707", "type": "kindergarten", "name": "Ev. Familienzentrum \"Zum Guten Hirten\"", "source": "OpenStreetMap/Overpass"}}, {"type": "Feature", "geometry": {"type": "Point", "coordinates": [7.4585676, 51.5100312]}, "properties": {"id": "osm:way:1028285076", "type": "kindergarten", "name": "Ev. Kindergarten St. Petri", "source": "OpenStreetMap/Overpass"}}, {"type": "Feature", "geometry": {"type": "Point", "coordinates": [7.4532385, 51.5322753]}, "properties": {"id": "osm:way:1029441949", "type": "kindergarten", "name": "Tageseinrichtung für Kinder Fliederstraße", "source": "OpenStreetMap/Overpass"}}, {"type": "Feature", "geometry": {"type": "Point", "coordinates": [7.4541376, 51.5322654]}, "properties": {"id": "osm:way:1029441950", "type": "kindergarten", "name": "Tageseinrichtung für Kinder Uhlandstraße 170", "source": "OpenStreetMap/Overpass"}}, {"type": "Feature", "geometry": {"type": "Point", "coordinates": [7.4792634, 51.5460732]}, "properties": {"id": "osm:way:1033357762", "type": "kindergarten", "name": "Tageseinrichtung für Kinder Rotbuchenweg", "source": "OpenStreetMap/Overpass"}}, {"type": "Feature", "geometry": {"type": "Point", "coordinates": [7.4902678, 51.450621]}, "properties": {"id": "osm:way:1033866183", "type": "kindergarten", "name": "Tageseinrichtung für Kinder Vinklöther Mark", "source": "OpenStreetMap/Overpass"}}, {"type": "Feature", "geometry": {"type": "Point", "coordinates": [7.5274642, 51.4783807]}, "properties": {"id": "osm:way:1033871349", "type": "kindergarten", "name": "Kath. Kindergarten St. Joseph", "source": "OpenStreetMap/Overpass"}}, {"type": "Feature", "geometry": {"type": "Point", "coordinates": [7.4430164, 51.5045523]}, "properties": {"id": "osm:way:1033877715", "type": "kindergarten", "name": "Kath. Kindergarten Heilig Geist", "source": "OpenStreetMap/Overpass"}}, {"type": "Feature", "geometry": {"type": "Point", "coordinates": [7.4411876, 51.5062163]}, "properties": {"id": "osm:way:1033879721", "type": "kindergarten", "name": "Tageseinrichtung für Kinder Kuithanstraße", "source": "OpenStreetMap/Overpass"}}, {"type": "Feature", "geometry": {"type": "Point", "coordinates": [7.5331771, 51.4922716]}, "properties": {"id": "osm:way:1033916890", "type": "kindergarten", "name": "Kindergarten „Die Kleine Raupe“", "source": "OpenStreetMap/Overpass"}}, {"type": "Feature", "geometry": {"type": "Point", "coordinates": [7.4078967, 51.5322735]}, "properties": {"id": "osm:way:1033980754", "type": "kindergarten", "name": "Tageseinrichtung für Kinder Oberfeldstraße", "source": "OpenStreetMap/Overpass"}}, {"type": "Feature", "geometry": {"type": "Point", "coordinates": [7.4085414, 51.5362494]}, "properties": {"id": "osm:way:1034349695", "type": "kindergarten", "name": "Johanniter-Kindertageseinrichtung Varziner Str.", "source": "OpenStreetMap/Overpass"}}, {"type": "Feature", "geometry": {"type": "Point", "coordinates": [7.4625925, 51.472835]}, "properties": {"id": "osm:way:1034658187", "type": "kindergarten", "name": "Waldorfkindergarten Dortmund e.V. Einrichtung Mergelteichstr.", "source": "OpenStreetMap/Overpass"}}, {"type": "Feature", "geometry": {"type": "Point", "coordinates": [7.4624163, 51.4733601]}, "properties": {"id": "osm:way:1034658189", "type": "kindergarten", "name": "Waldorf-Kindertagesstätte", "source": "OpenStreetMap/Overpass"}}, {"type": "Feature", "geometry": {"type": "Point", "coordinates": [7.5103912, 51.474863]}, "properties": {"id": "osm:way:1034659843", "type": "kindergarten", "name": "Kath. Kindergarten St. Benno", "source": "OpenStreetMap/Overpass"}}, {"type": "Feature", "geometry": {"type": "Point", "coordinates": [7.4381303, 51.4865463]}, "properties": {"id": "osm:way:1036409390", "type": "kindergarten", "name": "Tageseinrichtung für Kinder Heinrich-Staubach-Straße", "source": "OpenStreetMap/Overpass"}}, {"type": "Feature", "geometry": {"type": "Point", "coordinates": [7.5384047, 51.4960106]}, "properties": {"id": "osm:way:1036411284", "type": "kindergarten", "name": "Kath. Kindergarten St. Bonifatius", "source": "OpenStreetMap/Overpass"}}, {"type": "Feature", "geometry": {"type": "Point", "coordinates": [7.5386309, 51.4956495]}, "properties": {"id": "osm:way:1036411285", "type": "kindergarten", "name": "Tageseinrichtung für Kinder Bergparte", "source": "OpenStreetMap/Overpass"}}, {"type": "Feature", "geometry": {"type": "Point", "coordinates": [7.4574282, 51.5494015]}, "properties": {"id": "osm:way:1036416241", "type": "kindergarten", "name": "Tageseinrichtung für Kinder Probstheidastraße", "source": "OpenStreetMap/Overpass"}}, {"type": "Feature", "geometry": {"type": "Point", "coordinates": [7.4595584, 51.5283886]}, "properties": {"id": "osm:way:1037030640", "type": "kindergarten", "name": "Tageseinrichtung für Kinder Münsterstraße", "source": "OpenStreetMap/Overpass"}}, {"type": "Feature", "geometry": {"type": "Point", "coordinates": [7.4591191, 51.5268486]}, "properties": {"id": "osm:way:1037030647", "type": "school", "name": "Helmholtz-Gymnasium Dortmund", "source": "OpenStreetMap/Overpass"}}, {"type": "Feature", "geometry": {"type": "Point", "coordinates": [7.4590281, 51.5508144]}, "properties": {"id": "osm:way:1038604866", "type": "kindergarten", "name": "Kath. Kindergarten St. Barbara", "source": "OpenStreetMap/Overpass"}}, {"type": "Feature", "geometry": {"type": "Point", "coordinates": [7.456373, 51.5302224]}, "properties": {"id": "osm:way:1038608701", "type": "kindergarten", "name": "Kath. Kindergarten St. Gertrudis", "source": "OpenStreetMap/Overpass"}}, {"type": "Feature", "geometry": {"type": "Point", "coordinates": [7.4611668, 51.5225203]}, "properties": {"id": "osm:way:1038933435", "type": "kindergarten", "name": "Tageseinrichtung für Kinder Leopoldstraße", "source": "OpenStreetMap/Overpass"}}, {"type": "Feature", "geometry": {"type": "Point", "coordinates": [7.4677114, 51.5233046]}, "properties": {"id": "osm:way:1038935346", "type": "kindergarten", "name": "Ev. Johannes-Kindergarten", "source": "OpenStreetMap/Overpass"}}, {"type": "Feature", "geometry": {"type": "Point", "coordinates": [7.4905929, 51.5147369]}, "properties": {"id": "osm:way:1038939787", "type": "kindergarten", "name": "Ev. Kindergarten Melanchthon", "source": "OpenStreetMap/Overpass"}}, {"type": "Feature", "geometry": {"type": "Point", "coordinates": [7.4749168, 51.5123981]}, "properties": {"id": "osm:way:1038945288", "type": "kindergarten", "name": "Brückenkindertagesstätte", "source": "OpenStreetMap/Overpass"}}, {"type": "Feature", "geometry": {"type": "Point", "coordinates": [7.4750371, 51.5120385]}, "properties": {"id": "osm:way:1038945299", "type": "kindergarten", "name": "Ev. Kindergarten St. Reinoldi und St. Marien", "source": "OpenStreetMap/Overpass"}}, {"type": "Feature", "geometry": {"type": "Point", "coordinates": [7.464161, 51.5087707]}, "properties": {"id": "osm:way:1038946337", "type": "kindergarten", "name": "AWO KiTa Elisabethstraße", "source": "OpenStreetMap/Overpass"}}, {"type": "Feature", "geometry": {"type": "Point", "coordinates": [7.4525697, 51.5126426]}, "properties": {"id": "osm:way:1038947434", "type": "kindergarten", "name": "Tageseinrichtung für Kinder Lange Straße", "source": "OpenStreetMap/Overpass"}}, {"type": "Feature", "geometry": {"type": "Point", "coordinates": [7.3155525, 51.5198905]}, "properties": {"id": "osm:way:1039111801", "type": "kindergarten", "name": "Tageseinrichtung für Kinder Bövinghauser Straße", "source": "OpenStreetMap/Overpass"}}, {"type": "Feature", "geometry": {"type": "Point", "coordinates": [7.5472688, 51.5902215]}, "properties": {"id": "osm:way:1039683682", "type": "kindergarten", "name": "Kita Pusteblume", "source": "OpenStreetMap/Overpass"}}, {"type": "Feature", "geometry": {"type": "Point", "coordinates": [7.5277719, 51.58851]}, "properties": {"id": "osm:way:1039683689", "type": "kindergarten", "name": "Evangelisches Familienzentrum Lünen-Süd", "source": "OpenStreetMap/Overpass"}}, {"type": "Feature", "geometry": {"type": "Point", "coordinates": [7.5309624, 51.5891922]}, "properties": {"id": "osm:way:1039683693", "type": "kindergarten", "name": "Kita Heilige Familie", "source": "OpenStreetMap/Overpass"}}, {"type": "Feature", "geometry": {"type": "Point", "coordinates": [7.5205251, 51.5903077]}, "properties": {"id": "osm:way:1039683699", "type": "kindergarten", "name": "Kita Dammwiese", "source": "OpenStreetMap/Overpass"}}, {"type": "Feature", "geometry": {"type": "Point", "coordinates": [7.5218562, 51.5681609]}, "properties": {"id": "osm:way:1039683723", "type": "kindergarten", "name": "Kindertagesstätte Kornblumenstraße", "source": "OpenStreetMap/Overpass"}}, {"type": "Feature", "geometry": {"type": "Point", "coordinates": [7.5348073, 51.5658438]}, "properties": {"id": "osm:way:1039683725", "type": "kindergarten", "name": "Städtische Tageseinrichtung für Kinder Hostedder Straße", "source": "OpenStreetMap/Overpass"}}, {"type": "Feature", "geometry": {"type": "Point", "coordinates": [7.3717399, 51.5502424]}, "properties": {"id": "osm:way:1041500942", "type": "kindergarten", "name": "Kath. Kindergarten Mariä Heimsuchung", "source": "OpenStreetMap/Overpass"}}, {"type": "Feature", "geometry": {"type": "Point", "coordinates": [7.5437334, 51.5567545]}, "properties": {"id": "osm:way:1041684510", "type": "kindergarten", "name": "Montessori Familienzentrum", "source": "OpenStreetMap/Overpass"}}, {"type": "Feature", "geometry": {"type": "Point", "coordinates": [7.5410455, 51.5284353]}, "properties": {"id": "osm:way:1043300892", "type": "kindergarten", "name": "Kindergarten Sternschnuppe", "source": "OpenStreetMap/Overpass"}}, {"type": "Feature", "geometry": {"type": "Point", "coordinates": [7.5634735, 51.5123714]}, "properties": {"id": "osm:way:1043301776", "type": "kindergarten", "name": "Kinderspielhaus Phönix", "source": "OpenStreetMap/Overpass"}}, {"type": "Feature", "geometry": {"type": "Point", "coordinates": [7.5469943, 51.5522792]}, "properties": {"id": "osm:way:1043856020", "type": "kindergarten", "name": "Kath. Kindergarten St. Franziskus", "source": "OpenStreetMap/Overpass"}}, {"type": "Feature", "geometry": {"type": "Point", "coordinates": [7.5463629, 51.5516064]}, "properties": {"id": "osm:way:1043857301", "type": "kindergarten", "name": "Familienzentrum Ev. Schalom-Kindergarten", "source": "OpenStreetMap/Overpass"}}, {"type": "Feature", "geometry": {"type": "Point", "coordinates": [7.5444723, 51.5496816]}, "properties": {"id": "osm:way:1043859656", "type": "kindergarten", "name": "Tageseinrichtung für Kinder Buschei 34", "source": "OpenStreetMap/Overpass"}}, {"type": "Feature", "geometry": {"type": "Point", "coordinates": [7.542991, 51.5509927]}, "properties": {"id": "osm:way:1043863699", "type": "kindergarten", "name": "Tageseinrichtung für Kinder Mackenrothweg", "source": "OpenStreetMap/Overpass"}}, {"type": "Feature", "geometry": {"type": "Point", "coordinates": [7.5425207, 51.5503864]}, "properties": {"id": "osm:way:1043863702", "type": "kindergarten", "name": "Waldorfkindergarten in Scharnhorst", "source": "OpenStreetMap/Overpass"}}, {"type": "Feature", "geometry": {"type": "Point", "coordinates": [7.5372376, 51.5501626]}, "properties": {"id": "osm:way:1044281341", "type": "kindergarten", "name": "Tageseinrichtung für Kinder Am Stuckenrodt 8", "source": "OpenStreetMap/Overpass"}}, {"type": "Feature", "geometry": {"type": "Point", "coordinates": [7.5377828, 51.550655]}, "properties": {"id": "osm:way:1044281342", "type": "kindergarten", "name": "Tageseinrichtung für Kinder Am Stuckenrodt 2a", "source": "OpenStreetMap/Overpass"}}, {"type": "Feature", "geometry": {"type": "Point", "coordinates": [7.5870898, 51.5271175]}, "properties": {"id": "osm:way:1044283414", "type": "kindergarten", "name": "Kinderspielhaus Asseln", "source": "OpenStreetMap/Overpass"}}, {"type": "Feature", "geometry": {"type": "Point", "coordinates": [7.3651987, 51.5232302]}, "properties": {"id": "osm:way:1044395565", "type": "kindergarten", "name": "Kath. Familienzentrum Campus St. Josef", "source": "OpenStreetMap/Overpass"}}, {"type": "Feature", "geometry": {"type": "Point", "coordinates": [7.5988103, 51.5593609]}, "properties": {"id": "osm:way:1044605840", "type": "kindergarten", "name": "Kath. Kindergarten St. Petrus Canisius", "source": "OpenStreetMap/Overpass"}}, {"type": "Feature", "geometry": {"type": "Point", "coordinates": [7.3336574, 51.5004666]}, "properties": {"id": "osm:way:1053209766", "type": "kindergarten", "name": "Tageseinrichtung für Kinder Marienborn", "source": "OpenStreetMap/Overpass"}}, {"type": "Feature", "geometry": {"type": "Point", "coordinates": [7.3775516, 51.5473112]}, "properties": {"id": "osm:way:1053211861", "type": "kindergarten", "name": "Tageseinrichtung für Kinder Speckestraße 17", "source": "OpenStreetMap/Overpass"}}, {"type": "Feature", "geometry": {"type": "Point", "coordinates": [7.3769205, 51.5469559]}, "properties": {"id": "osm:way:1053211863", "type": "kindergarten", "name": "Tageseinrichtung für Kinder Speckestraße 15", "source": "OpenStreetMap/Overpass"}}, {"type": "Feature", "geometry": {"type": "Point", "coordinates": [7.6218872, 51.5631022]}, "properties": {"id": "osm:way:1053404629", "type": "kindergarten", "name": "Kita Brausepulver", "source": "OpenStreetMap/Overpass"}}, {"type": "Feature", "geometry": {"type": "Point", "coordinates": [7.4376074, 51.4860724]}, "properties": {"id": "osm:way:1053508701", "type": "kindergarten", "name": "Kath. Kindergarten St. Franziskus-Xaverius", "source": "OpenStreetMap/Overpass"}}, {"type": "Feature", "geometry": {"type": "Point", "coordinates": [7.4398599, 51.5067739]}, "properties": {"id": "osm:way:1054549537", "type": "kindergarten", "name": "Kinderstube Ährenkorn", "source": "OpenStreetMap/Overpass"}}, {"type": "Feature", "geometry": {"type": "Point", "coordinates": [7.601617, 51.4778269]}, "properties": {"id": "osm:way:1055574579", "type": "kindergarten", "name": "Tageseinrichtung für Kinder Ligusterweg", "source": "OpenStreetMap/Overpass"}}, {"type": "Feature", "geometry": {"type": "Point", "coordinates": [7.5889186, 51.4979891]}, "properties": {"id": "osm:way:1056343512", "type": "kindergarten", "name": "Ev. Kindergarten Sölde", "source": "OpenStreetMap/Overpass"}}, {"type": "Feature", "geometry": {"type": "Point", "coordinates": [7.4282509, 51.4774316]}, "properties": {"id": "osm:way:1056790169", "type": "kindergarten", "name": "Kindertagesstätte Villa Kunterbunt", "source": "OpenStreetMap/Overpass"}}, {"type": "Feature", "geometry": {"type": "Point", "coordinates": [7.5113765, 51.515457]}, "properties": {"id": "osm:way:1057067432", "type": "kindergarten", "name": "Kath. Kindergarten St. Liborius", "source": "OpenStreetMap/Overpass"}}, {"type": "Feature", "geometry": {"type": "Point", "coordinates": [7.6090631, 51.5276166]}, "properties": {"id": "osm:way:1057481299", "type": "kindergarten", "name": "AWO KiTa Langschede Straße", "source": "OpenStreetMap/Overpass"}}, {"type": "Feature", "geometry": {"type": "Point", "coordinates": [7.4402254, 51.4760208]}, "properties": {"id": "osm:way:1057491567", "type": "kindergarten", "name": "Ev. Kindergarten Hombruch", "source": "OpenStreetMap/Overpass"}}, {"type": "Feature", "geometry": {"type": "Point", "coordinates": [7.4522807, 51.5090983]}, "properties": {"id": "osm:way:1057493009", "type": "kindergarten", "name": "AKK Kinderladen", "source": "OpenStreetMap/Overpass"}}, {"type": "Feature", "geometry": {"type": "Point", "coordinates": [7.4882276, 51.5282393]}, "properties": {"id": "osm:way:1057493557", "type": "kindergarten", "name": "DRK Kindertageseinrichtung Zwergenland", "source": "OpenStreetMap/Overpass"}}, {"type": "Feature", "geometry": {"type": "Point", "coordinates": [7.4442379, 51.4776983]}, "properties": {"id": "osm:way:1057494298", "type": "kindergarten", "name": "AWO KiTa Tetschener Straße", "source": "OpenStreetMap/Overpass"}}, {"type": "Feature", "geometry": {"type": "Point", "coordinates": [7.4047908, 51.4787272]}, "properties": {"id": "osm:way:1057495381", "type": "kindergarten", "name": "Ev. Kindergarten Eichlinghofen", "source": "OpenStreetMap/Overpass"}}, {"type": "Feature", "geometry": {"type": "Point", "coordinates": [7.4809817, 51.4977653]}, "properties": {"id": "osm:way:1057499629", "type": "kindergarten", "name": "AWO KiTa Lumiland", "source": "OpenStreetMap/Overpass"}}, {"type": "Feature", "geometry": {"type": "Point", "coordinates": [7.4662225, 51.5539182]}, "properties": {"id": "osm:way:1057780503", "type": "kindergarten", "name": "AWO Familienzentrum Kita Evinger Parkweg", "source": "OpenStreetMap/Overpass"}}, {"type": "Feature", "geometry": {"type": "Point", "coordinates": [7.4641126, 51.5331118]}, "properties": {"id": "osm:way:1057782760", "type": "kindergarten", "name": "AWO Familienzentrum Kita Burgholzstraße", "source": "OpenStreetMap/Overpass"}}, {"type": "Feature", "geometry": {"type": "Point", "coordinates": [7.4632263, 51.5328581]}, "properties": {"id": "osm:way:1057784418", "type": "school", "name": "Libellen-Grundschule", "source": "OpenStreetMap/Overpass"}}, {"type": "Feature", "geometry": {"type": "Point", "coordinates": [7.4620295, 51.5333102]}, "properties": {"id": "osm:way:1057784423", "type": "kindergarten", "name": "Tageseinrichtung für Kinder Eberstraße", "source": "OpenStreetMap/Overpass"}}, {"type": "Feature", "geometry": {"type": "Point", "coordinates": [7.5807331, 51.5288638]}, "properties": {"id": "osm:way:1057789047", "type": "kindergarten", "name": "Kath. Kindergarten St. Joseph", "source": "OpenStreetMap/Overpass"}}, {"type": "Feature", "geometry": {"type": "Point", "coordinates": [7.5805462, 51.5285071]}, "properties": {"id": "osm:way:1057792946", "type": "kindergarten", "name": "Elinas bunte Kinderstube", "source": "OpenStreetMap/Overpass"}}, {"type": "Feature", "geometry": {"type": "Point", "coordinates": [7.4672871, 51.5769174]}, "properties": {"id": "osm:way:1057794035", "type": "kindergarten", "name": "Kath. Kindergarten St. Antonius", "source": "OpenStreetMap/Overpass"}}, {"type": "Feature", "geometry": {"type": "Point", "coordinates": [7.5670376, 51.5767804]}, "properties": {"id": "osm:way:1057928292", "type": "kindergarten", "name": "Kath. Kindergarten St. Michael", "source": "OpenStreetMap/Overpass"}}, {"type": "Feature", "geometry": {"type": "Point", "coordinates": [7.5818612, 51.556347]}, "properties": {"id": "osm:way:1057931314", "type": "kindergarten", "name": "Kath. Kindergarten St. Johannes Baptista", "source": "OpenStreetMap/Overpass"}}, {"type": "Feature", "geometry": {"type": "Point", "coordinates": [7.4558044, 51.5111864]}, "properties": {"id": "osm:way:1057948937", "type": "kindergarten", "name": "Kath. Kindergarten Liebfrauen", "source": "OpenStreetMap/Overpass"}}, {"type": "Feature", "geometry": {"type": "Point", "coordinates": [7.5017062, 51.4886137]}, "properties": {"id": "osm:way:1057950833", "type": "kindergarten", "name": "Kath. Kindergarten St. Clara", "source": "OpenStreetMap/Overpass"}}, {"type": "Feature", "geometry": {"type": "Point", "coordinates": [7.4577339, 51.4568204]}, "properties": {"id": "osm:way:1057974454", "type": "kindergarten", "name": "Kath. Kindergarten St. Patrokli", "source": "OpenStreetMap/Overpass"}}, {"type": "Feature", "geometry": {"type": "Point", "coordinates": [7.4051332, 51.5027815]}, "properties": {"id": "osm:way:1057979285", "type": "kindergarten", "name": "Kath. Kindergarten St. Karl Borromäus", "source": "OpenStreetMap/Overpass"}}, {"type": "Feature", "geometry": {"type": "Point", "coordinates": [7.447275, 51.52207]}, "properties": {"id": "osm:way:1057982374", "type": "kindergarten", "name": "Kath. Kindergarten St. Aposteln", "source": "OpenStreetMap/Overpass"}}, {"type": "Feature", "geometry": {"type": "Point", "coordinates": [7.4733717, 51.499907]}, "properties": {"id": "osm:way:1057983126", "type": "kindergarten", "name": "Kath. Kindergarten St. Bonifatius", "source": "OpenStreetMap/Overpass"}}, {"type": "Feature", "geometry": {"type": "Point", "coordinates": [7.4738318, 51.5246557]}, "properties": {"id": "osm:way:1058024719", "type": "kindergarten", "name": "Kath. Kindergarten St. Antonius", "source": "OpenStreetMap/Overpass"}}, {"type": "Feature", "geometry": {"type": "Point", "coordinates": [7.4351803, 51.5112878]}, "properties": {"id": "osm:way:1058235481", "type": "kindergarten", "name": "Kath. Familienzentrum Forum Bartoldus", "source": "OpenStreetMap/Overpass"}}, {"type": "Feature", "geometry": {"type": "Point", "coordinates": [7.4671467, 51.5237108]}, "properties": {"id": "osm:way:1058235795", "type": "kindergarten", "name": "Kath. Kindergarten St. Joseph", "source": "OpenStreetMap/Overpass"}}, {"type": "Feature", "geometry": {"type": "Point", "coordinates": [7.5127356, 51.5073204]}, "properties": {"id": "osm:way:1058236531", "type": "kindergarten", "name": "Kath. Kindergarten St. Martin", "source": "OpenStreetMap/Overpass"}}, {"type": "Feature", "geometry": {"type": "Point", "coordinates": [7.4887843, 51.5129106]}, "properties": {"id": "osm:way:1058237529", "type": "kindergarten", "name": "Familienzentrum St. Franziskus und Antonius", "source": "OpenStreetMap/Overpass"}}, {"type": "Feature", "geometry": {"type": "Point", "coordinates": [7.5405061, 51.5574082]}, "properties": {"id": "osm:way:1058237826", "type": "kindergarten", "name": "DRK Kindertageseinrichtung „Wilde Wiese“", "source": "OpenStreetMap/Overpass"}}, {"type": "Feature", "geometry": {"type": "Point", "coordinates": [7.358465, 51.5185799]}, "properties": {"id": "osm:way:1058238045", "type": "kindergarten", "name": "DRK Kindertageseinrichtung Mäusetal", "source": "OpenStreetMap/Overpass"}}, {"type": "Feature", "geometry": {"type": "Point", "coordinates": [7.3578617, 51.5184576]}, "properties": {"id": "osm:way:1058238046", "type": "kindergarten", "name": "Tageseinrichtung für Kinder Auf'm Lehmbrink", "source": "OpenStreetMap/Overpass"}}, {"type": "Feature", "geometry": {"type": "Point", "coordinates": [7.5270931, 51.4443921]}, "properties": {"id": "osm:way:1058238676", "type": "kindergarten", "name": "Kindergarten am Hasenberg", "source": "OpenStreetMap/Overpass"}}, {"type": "Feature", "geometry": {"type": "Point", "coordinates": [7.4931156, 51.4944178]}, "properties": {"id": "osm:way:1058238867", "type": "kindergarten", "name": "Kindertagesstätte Löwenzahn", "source": "OpenStreetMap/Overpass"}}, {"type": "Feature", "geometry": {"type": "Point", "coordinates": [7.5515772, 51.4921571]}, "properties": {"id": "osm:way:1058239614", "type": "kindergarten", "name": "Villa Regenbogen Kneipp Kindergarten", "source": "OpenStreetMap/Overpass"}}, {"type": "Feature", "geometry": {"type": "Point", "coordinates": [7.5970886, 51.4780803]}, "properties": {"id": "osm:way:1058239888", "type": "kindergarten", "name": "Kindergarten Zappelbande", "source": "OpenStreetMap/Overpass"}}, {"type": "Feature", "geometry": {"type": "Point", "coordinates": [7.5626433, 51.5167824]}, "properties": {"id": "osm:way:1058240189", "type": "kindergarten", "name": "Kita Ali Baba", "source": "OpenStreetMap/Overpass"}}, {"type": "Feature", "geometry": {"type": "Point", "coordinates": [7.3311975, 51.4989602]}, "properties": {"id": "osm:way:1058240605", "type": "kindergarten", "name": "Familienzentrum Musikkita Fliewatüt", "source": "OpenStreetMap/Overpass"}}, {"type": "Feature", "geometry": {"type": "Point", "coordinates": [7.4436947, 51.5132348]}, "properties": {"id": "osm:way:1058717470", "type": "kindergarten", "name": "Freie Kita Dortmund", "source": "OpenStreetMap/Overpass"}}, {"type": "Feature", "geometry": {"type": "Point", "coordinates": [7.4782703, 51.5234508]}, "properties": {"id": "osm:way:1058719167", "type": "kindergarten", "name": "Kindertagesstätte EI. Bienchen", "source": "OpenStreetMap/Overpass"}}, {"type": "Feature", "geometry": {"type": "Point", "coordinates": [7.5139175, 51.5391586]}, "properties": {"id": "osm:way:1058721551", "type": "kindergarten", "name": "Kinderladen", "source": "OpenStreetMap/Overpass"}}, {"type": "Feature", "geometry": {"type": "Point", "coordinates": [7.5324694, 51.5441274]}, "properties": {"id": "osm:way:1058747825", "type": "kindergarten", "name": "Bienchen II", "source": "OpenStreetMap/Overpass"}}, {"type": "Feature", "geometry": {"type": "Point", "coordinates": [7.4460328, 51.4954655]}, "properties": {"id": "osm:way:1058754358", "type": "kindergarten", "name": "Elterninitiative Möhrenbande", "source": "OpenStreetMap/Overpass"}}, {"type": "Feature", "geometry": {"type": "Point", "coordinates": [7.4090504, 51.5164793]}, "properties": {"id": "osm:way:1059408935", "type": "kindergarten", "name": "Elterninitiative Kinderkiste", "source": "OpenStreetMap/Overpass"}}, {"type": "Feature", "geometry": {"type": "Point", "coordinates": [7.409062, 51.5164776]}, "properties": {"id": "osm:way:1059408936", "type": "kindergarten", "name": "Kindertagesstätte Bambini", "source": "OpenStreetMap/Overpass"}}, {"type": "Feature", "geometry": {"type": "Point", "coordinates": [7.4912424, 51.4945383]}, "properties": {"id": "osm:way:1060173222", "type": "kindergarten", "name": "Waldorf-Kindergarten Dortmund e.V. Einrichtung Konrad-Glocker-Straße", "source": "OpenStreetMap/Overpass"}}, {"type": "Feature", "geometry": {"type": "Point", "coordinates": [7.3843884, 51.5735659]}, "properties": {"id": "osm:way:1060173627", "type": "kindergarten", "name": "Kindernest Sterntaler", "source": "OpenStreetMap/Overpass"}}, {"type": "Feature", "geometry": {"type": "Point", "coordinates": [7.4362591, 51.5118377]}, "properties": {"id": "osm:way:1060174003", "type": "kindergarten", "name": "Villa Pusteblume", "source": "OpenStreetMap/Overpass"}}, {"type": "Feature", "geometry": {"type": "Point", "coordinates": [7.4276924, 51.5470935]}, "properties": {"id": "osm:way:1062485134", "type": "school", "name": "Grafen-Grundschule", "source": "OpenStreetMap/Overpass"}}, {"type": "Feature", "geometry": {"type": "Point", "coordinates": [7.5014712, 51.4806338]}, "properties": {"id": "osm:way:1063512317", "type": "school", "name": "Stift-Grundschule", "source": "OpenStreetMap/Overpass"}}, {"type": "Feature", "geometry": {"type": "Point", "coordinates": [7.4685771, 51.5273126]}, "properties": {"id": "osm:way:1075638108", "type": "kindergarten", "name": "Ev. Kindergarten im Wichernhaus", "source": "OpenStreetMap/Overpass"}}, {"type": "Feature", "geometry": {"type": "Point", "coordinates": [7.5162105, 51.5437316]}, "properties": {"id": "osm:way:1083097288", "type": "kindergarten", "name": "Tageseinrichtung für Kinder Friedrich-Hölscher-Straße", "source": "OpenStreetMap/Overpass"}}, {"type": "Feature", "geometry": {"type": "Point", "coordinates": [7.3802224, 51.5491007]}, "properties": {"id": "osm:way:1084347700", "type": "kindergarten", "name": "Tageseinrichtung für Kinder Wattenscheidskamp", "source": "OpenStreetMap/Overpass"}}, {"type": "Feature", "geometry": {"type": "Point", "coordinates": [7.4489093, 51.5234469]}, "properties": {"id": "osm:way:1084348513", "type": "kindergarten", "name": "Tageseinrichtung für Kinder Mallinckrodtstraße", "source": "OpenStreetMap/Overpass"}}, {"type": "Feature", "geometry": {"type": "Point", "coordinates": [7.501276, 51.4684341]}, "properties": {"id": "osm:way:1084536531", "type": "kindergarten", "name": "Tageseinrichtung für Kinder Hopmanns Mühlenweg", "source": "OpenStreetMap/Overpass"}}, {"type": "Feature", "geometry": {"type": "Point", "coordinates": [7.4541914, 51.5097379]}, "properties": {"id": "osm:way:1084537474", "type": "kindergarten", "name": "Tageseinrichtung für Kinder Humboldtstraße", "source": "OpenStreetMap/Overpass"}}, {"type": "Feature", "geometry": {"type": "Point", "coordinates": [7.421444, 51.5009155]}, "properties": {"id": "osm:way:1084537987", "type": "kindergarten", "name": "Tageseinrichtung für Kinder Wetterstraße", "source": "OpenStreetMap/Overpass"}}, {"type": "Feature", "geometry": {"type": "Point", "coordinates": [7.51769, 51.5735096]}, "properties": {"id": "osm:way:1084538543", "type": "kindergarten", "name": "Tageseinrichtung für Kinder Derner Kippshof", "source": "OpenStreetMap/Overpass"}}, {"type": "Feature", "geometry": {"type": "Point", "coordinates": [7.512213, 51.5718299]}, "properties": {"id": "osm:way:1084539705", "type": "kindergarten", "name": "Tageseinrichtung für Kinder Oberbeckerstraße", "source": "OpenStreetMap/Overpass"}}, {"type": "Feature", "geometry": {"type": "Point", "coordinates": [7.4604335, 51.5208718]}, "properties": {"id": "osm:way:1084543383", "type": "kindergarten", "name": "Tageseinrichtung für Kinder Steinstraße", "source": "OpenStreetMap/Overpass"}}, {"type": "Feature", "geometry": {"type": "Point", "coordinates": [7.5047491, 51.481124]}, "properties": {"id": "osm:way:1091970267", "type": "kindergarten", "name": "Tageseinrichtung für Kinder Clarenberg 35-37", "source": "OpenStreetMap/Overpass"}}, {"type": "Feature", "geometry": {"type": "Point", "coordinates": [7.5573477, 51.4824915]}, "properties": {"id": "osm:way:1091970854", "type": "kindergarten", "name": "Tageseinrichtung für Kinder Leineweg", "source": "OpenStreetMap/Overpass"}}, {"type": "Feature", "geometry": {"type": "Point", "coordinates": [7.4552288, 51.5087615]}, "properties": {"id": "osm:way:1091973127", "type": "kindergarten", "name": "Tageseinrichtung für Kinder Beurhausstraße", "source": "OpenStreetMap/Overpass"}}, {"type": "Feature", "geometry": {"type": "Point", "coordinates": [7.5579987, 51.4763751]}, "properties": {"id": "osm:way:1093670276", "type": "kindergarten", "name": "Tageseinrichtung für Kinder Tiefe Mark", "source": "OpenStreetMap/Overpass"}}, {"type": "Feature", "geometry": {"type": "Point", "coordinates": [7.4810989, 51.5102229]}, "properties": {"id": "osm:way:1109718236", "type": "kindergarten", "name": "SOS-Kita Krönchen", "source": "OpenStreetMap/Overpass"}}, {"type": "Feature", "geometry": {"type": "Point", "coordinates": [7.4457203, 51.5202094]}, "properties": {"id": "osm:way:1128334490", "type": "school", "name": "Schule am Hafen", "source": "OpenStreetMap/Overpass"}}, {"type": "Feature", "geometry": {"type": "Point", "coordinates": [7.6149822, 51.4987803]}, "properties": {"id": "osm:way:1146015149", "type": "school", "name": "Aloysiusschule", "source": "OpenStreetMap/Overpass"}}, {"type": "Feature", "geometry": {"type": "Point", "coordinates": [7.5577125, 51.5039362]}, "properties": {"id": "osm:way:1149401008", "type": "kindergarten", "name": "Ev. Kindertagesstätte Senfkorn", "source": "OpenStreetMap/Overpass"}}, {"type": "Feature", "geometry": {"type": "Point", "coordinates": [7.5653003, 51.5803743]}, "properties": {"id": "osm:way:1150071858", "type": "kindergarten", "name": "Ev. TEK Lanstrop", "source": "OpenStreetMap/Overpass"}}, {"type": "Feature", "geometry": {"type": "Point", "coordinates": [7.4156757, 51.4852494]}, "properties": {"id": "osm:way:1150076334", "type": "kindergarten", "name": "", "source": "OpenStreetMap/Overpass"}}, {"type": "Feature", "geometry": {"type": "Point", "coordinates": [7.5451544, 51.5475237]}, "properties": {"id": "osm:way:1150627454", "type": "kindergarten", "name": "DRK Kindertageseinrichtung Beerenbande", "source": "OpenStreetMap/Overpass"}}, {"type": "Feature", "geometry": {"type": "Point", "coordinates": [7.5146031, 51.5381559]}, "properties": {"id": "osm:way:1150628653", "type": "kindergarten", "name": "Johanniter-Kindertageseinrichtung Wambeler Heide", "source": "OpenStreetMap/Overpass"}}, {"type": "Feature", "geometry": {"type": "Point", "coordinates": [7.4333079, 51.4784987]}, "properties": {"id": "osm:way:1153054060", "type": "kindergarten", "name": "Tageseinrichtung für Kinder Hombrucher Bogen 34-36", "source": "OpenStreetMap/Overpass"}}, {"type": "Feature", "geometry": {"type": "Point", "coordinates": [7.3202035, 51.4356351]}, "properties": {"id": "osm:way:1163981849", "type": "school", "name": "Karrierewerkstatt", "source": "OpenStreetMap/Overpass"}}, {"type": "Feature", "geometry": {"type": "Point", "coordinates": [7.4525546, 51.5979538]}, "properties": {"id": "osm:way:1169401566", "type": "kindergarten", "name": "Städtische Kita Mühlenbachstraße - Nebenstelle", "source": "OpenStreetMap/Overpass"}}, {"type": "Feature", "geometry": {"type": "Point", "coordinates": [7.3158553, 51.5680971]}, "properties": {"id": "osm:way:1174213159", "type": "kindergarten", "name": "", "source": "OpenStreetMap/Overpass"}}, {"type": "Feature", "geometry": {"type": "Point", "coordinates": [7.5961551, 51.486357]}, "properties": {"id": "osm:way:1175228667", "type": "school", "name": "Lichtendorfer-Grundschule", "source": "OpenStreetMap/Overpass"}}, {"type": "Feature", "geometry": {"type": "Point", "coordinates": [7.4094417, 51.5026517]}, "properties": {"id": "osm:way:1177726147", "type": "kindergarten", "name": "Ev. Familienzentrum Eliaskinder Oberdorstfeld", "source": "OpenStreetMap/Overpass"}}, {"type": "Feature", "geometry": {"type": "Point", "coordinates": [7.5340343, 51.4939138]}, "properties": {"id": "osm:way:1177727983", "type": "kindergarten", "name": "Ev. Kindergarten Schüren", "source": "OpenStreetMap/Overpass"}}, {"type": "Feature", "geometry": {"type": "Point", "coordinates": [7.4604046, 51.4582524]}, "properties": {"id": "osm:way:1177733271", "type": "kindergarten", "name": "Ev. Kindergarten Kirchhörde", "source": "OpenStreetMap/Overpass"}}, {"type": "Feature", "geometry": {"type": "Point", "coordinates": [7.4407099, 51.5105733]}, "properties": {"id": "osm:way:1177737520", "type": "kindergarten", "name": "Ev. Martin-Kindergarten", "source": "OpenStreetMap/Overpass"}}, {"type": "Feature", "geometry": {"type": "Point", "coordinates": [7.4581191, 51.5317115]}, "properties": {"id": "osm:way:1177744711", "type": "kindergarten", "name": "Ev. Markus-Kindergarten", "source": "OpenStreetMap/Overpass"}}, {"type": "Feature", "geometry": {"type": "Point", "coordinates": [7.3408049, 51.4226174]}, "properties": {"id": "osm:way:1180974337", "type": "kindergarten", "name": "Kita Blumenwiese", "source": "OpenStreetMap/Overpass"}}, {"type": "Feature", "geometry": {"type": "Point", "coordinates": [7.5090593, 51.5838454]}, "properties": {"id": "osm:way:1181020036", "type": "kindergarten", "name": "AWO Kita Lummerland", "source": "OpenStreetMap/Overpass"}}, {"type": "Feature", "geometry": {"type": "Point", "coordinates": [7.5509012, 51.5940879]}, "properties": {"id": "osm:way:1184587677", "type": "kindergarten", "name": "AWO Kita Pusteblume Außengelände", "source": "OpenStreetMap/Overpass"}}, {"type": "Feature", "geometry": {"type": "Point", "coordinates": [7.5235759, 51.5853286]}, "properties": {"id": "osm:way:1187648685", "type": "kindergarten", "name": "Ev. Familienzentrum Bunte Fisch Nebenstelle", "source": "OpenStreetMap/Overpass"}}, {"type": "Feature", "geometry": {"type": "Point", "coordinates": [7.5007999, 51.500553]}, "properties": {"id": "osm:way:1191960531", "type": "school", "name": "Kerschensteiner-Grundschule", "source": "OpenStreetMap/Overpass"}}, {"type": "Feature", "geometry": {"type": "Point", "coordinates": [7.4958621, 51.4901926]}, "properties": {"id": "osm:way:1199667548", "type": "kindergarten", "name": "Ev. Elias-Kindergarten", "source": "OpenStreetMap/Overpass"}}, {"type": "Feature", "geometry": {"type": "Point", "coordinates": [7.4470653, 51.5127026]}, "properties": {"id": "osm:way:1199667955", "type": "kindergarten", "name": "Ev. Familienzentrum „Kinder unterm U“", "source": "OpenStreetMap/Overpass"}}, {"type": "Feature", "geometry": {"type": "Point", "coordinates": [7.4519516, 51.4768129]}, "properties": {"id": "osm:way:1199668199", "type": "kindergarten", "name": "Ev. Kindertageseinrichtung „Philippus Kinder an der Bolmke\"", "source": "OpenStreetMap/Overpass"}}, {"type": "Feature", "geometry": {"type": "Point", "coordinates": [7.5592125, 51.4952863]}, "properties": {"id": "osm:way:1199670527", "type": "kindergarten", "name": "Ev. Georgskindergarten", "source": "OpenStreetMap/Overpass"}}, {"type": "Feature", "geometry": {"type": "Point", "coordinates": [7.4033255, 51.5267908]}, "properties": {"id": "osm:way:1199672457", "type": "kindergarten", "name": "Lebenshilfe KiTa Huckarde", "source": "OpenStreetMap/Overpass"}}, {"type": "Feature", "geometry": {"type": "Point", "coordinates": [7.5899887, 51.5556053]}, "properties": {"id": "osm:way:1199672819", "type": "kindergarten", "name": "Kindertagesstätte Husener-Eichwaldstraße", "source": "OpenStreetMap/Overpass"}}, {"type": "Feature", "geometry": {"type": "Point", "coordinates": [7.4650933, 51.5592223]}, "properties": {"id": "osm:way:1199676557", "type": "kindergarten", "name": "Caritas Kindertagesstätte St. Wendelin", "source": "OpenStreetMap/Overpass"}}, {"type": "Feature", "geometry": {"type": "Point", "coordinates": [7.3061045, 51.4629791]}, "properties": {"id": "osm:way:1207028267", "type": "kindergarten", "name": "", "source": "OpenStreetMap/Overpass"}}, {"type": "Feature", "geometry": {"type": "Point", "coordinates": [7.5273453, 51.5824662]}, "properties": {"id": "osm:way:1209494505", "type": "kindergarten", "name": "DRK Kindertagesstätte Lünen-Süd", "source": "OpenStreetMap/Overpass"}}, {"type": "Feature", "geometry": {"type": "Point", "coordinates": [7.5563829, 51.5996661]}, "properties": {"id": "osm:way:1215838884", "type": "kindergarten", "name": "Kita Unter dem Regenbogen", "source": "OpenStreetMap/Overpass"}}, {"type": "Feature", "geometry": {"type": "Point", "coordinates": [7.3110478, 51.4906696]}, "properties": {"id": "osm:way:1224893759", "type": "kindergarten", "name": "AWO Kindergarten", "source": "OpenStreetMap/Overpass"}}, {"type": "Feature", "geometry": {"type": "Point", "coordinates": [7.3130419, 51.5404587]}, "properties": {"id": "osm:way:1226983435", "type": "school", "name": "Elisabethschule", "source": "OpenStreetMap/Overpass"}}, {"type": "Feature", "geometry": {"type": "Point", "coordinates": [7.3144471, 51.5402324]}, "properties": {"id": "osm:way:1226983436", "type": "kindergarten", "name": "Evangelischer Kindergarten Volltreffer", "source": "OpenStreetMap/Overpass"}}, {"type": "Feature", "geometry": {"type": "Point", "coordinates": [7.5169799, 51.573716]}, "properties": {"id": "osm:way:1255111594", "type": "school", "name": "Dietrich-Bonhoeffer-Grundschule", "source": "OpenStreetMap/Overpass"}}, {"type": "Feature", "geometry": {"type": "Point", "coordinates": [7.4346021, 51.4868208]}, "properties": {"id": "osm:way:1261803345", "type": "kindergarten", "name": "AWO KiTa An der Witwe", "source": "OpenStreetMap/Overpass"}}, {"type": "Feature", "geometry": {"type": "Point", "coordinates": [7.3735595, 51.5261749]}, "properties": {"id": "osm:way:1271801551", "type": "school", "name": "Widey-Grundschule", "source": "OpenStreetMap/Overpass"}}, {"type": "Feature", "geometry": {"type": "Point", "coordinates": [7.3753623, 51.5712448]}, "properties": {"id": "osm:way:1272545993", "type": "kindergarten", "name": "AWO KiTa Molkereistraße", "source": "OpenStreetMap/Overpass"}}, {"type": "Feature", "geometry": {"type": "Point", "coordinates": [7.3137034, 51.5993718]}, "properties": {"id": "osm:way:1299792483", "type": "kindergarten", "name": "St. Lambertus Henrichenburg Kindergarten", "source": "OpenStreetMap/Overpass"}}, {"type": "Feature", "geometry": {"type": "Point", "coordinates": [7.6082086, 51.5707482]}, "properties": {"id": "osm:way:1305958358", "type": "kindergarten", "name": "Kita St. Marien", "source": "OpenStreetMap/Overpass"}}, {"type": "Feature", "geometry": {"type": "Point", "coordinates": [7.4934417, 51.5135592]}, "properties": {"id": "osm:way:1318242188", "type": "school", "name": "Berswordt-Grundschule", "source": "OpenStreetMap/Overpass"}}, {"type": "Feature", "geometry": {"type": "Point", "coordinates": [7.5526983, 51.4460454]}, "properties": {"id": "osm:way:1340912360", "type": "kindergarten", "name": "", "source": "OpenStreetMap/Overpass"}}, {"type": "Feature", "geometry": {"type": "Point", "coordinates": [7.5703413, 51.4652082]}, "properties": {"id": "osm:way:1341012440", "type": "kindergarten", "name": "", "source": "OpenStreetMap/Overpass"}}, {"type": "Feature", "geometry": {"type": "Point", "coordinates": [7.5712345, 51.4646334]}, "properties": {"id": "osm:way:1341012441", "type": "school", "name": "Heideschule", "source": "OpenStreetMap/Overpass"}}, {"type": "Feature", "geometry": {"type": "Point", "coordinates": [7.5489838, 51.443247]}, "properties": {"id": "osm:way:1341028660", "type": "kindergarten", "name": "", "source": "OpenStreetMap/Overpass"}}, {"type": "Feature", "geometry": {"type": "Point", "coordinates": [7.3295674, 51.4406069]}, "properties": {"id": "osm:way:1380187391", "type": "kindergarten", "name": "", "source": "OpenStreetMap/Overpass"}}, {"type": "Feature", "geometry": {"type": "Point", "coordinates": [7.4496047, 51.5248838]}, "properties": {"id": "osm:way:1470156375", "type": "school", "name": "Hauptschule Lützowstraße", "source": "OpenStreetMap/Overpass"}}, {"type": "Feature", "geometry": {"type": "Point", "coordinates": [7.4504448, 51.5188867]}, "properties": {"id": "osm:way:1488703328", "type": "kindergarten", "name": "Tageseinrichtung für Kinder Treibstraße", "source": "OpenStreetMap/Overpass"}}, {"type": "Feature", "geometry": {"type": "Point", "coordinates": [7.5641298, 51.4385987]}, "properties": {"id": "osm:way:1518197291", "type": "kindergarten", "name": "Kindertagesstätte \"Regenbogen\"", "source": "OpenStreetMap/Overpass"}}, {"type": "Feature", "geometry": {"type": "Point", "coordinates": [7.3357365, 51.5038127]}, "properties": {"id": "osm:relation:75242", "type": "school", "name": "Heinrich-Böll-Gesamtschule", "source": "OpenStreetMap/Overpass"}}, {"type": "Feature", "geometry": {"type": "Point", "coordinates": [7.3397158, 51.4178318]}, "properties": {"id": "osm:relation:153764", "type": "school", "name": "Helene-Lohmann-Realschule", "source": "OpenStreetMap/Overpass"}}, {"type": "Feature", "geometry": {"type": "Point", "coordinates": [7.4433294, 51.5016337]}, "properties": {"id": "osm:relation:558329", "type": "school", "name": "Röntgen-Realschule", "source": "OpenStreetMap/Overpass"}}, {"type": "Feature", "geometry": {"type": "Point", "coordinates": [7.4433203, 51.5094784]}, "properties": {"id": "osm:relation:611614", "type": "school", "name": "Tremoniaschule", "source": "OpenStreetMap/Overpass"}}, {"type": "Feature", "geometry": {"type": "Point", "coordinates": [7.5113404, 51.5093643]}, "properties": {"id": "osm:relation:899015", "type": "school", "name": "Tremoniaschule", "source": "OpenStreetMap/Overpass"}}, {"type": "Feature", "geometry": {"type": "Point", "coordinates": [7.510502, 51.5090314]}, "properties": {"id": "osm:relation:899016", "type": "school", "name": "Hohwart-Grundschule", "source": "OpenStreetMap/Overpass"}}, {"type": "Feature", "geometry": {"type": "Point", "coordinates": [7.359872, 51.518044]}, "properties": {"id": "osm:relation:1121621", "type": "school", "name": "Schulzentrum Dortmund-Kirchlinde", "source": "OpenStreetMap/Overpass"}}, {"type": "Feature", "geometry": {"type": "Point", "coordinates": [7.3460429, 51.4466646]}, "properties": {"id": "osm:relation:1152200", "type": "kindergarten", "name": "Kita Matthias-Claudius-Haus", "source": "OpenStreetMap/Overpass"}}, {"type": "Feature", "geometry": {"type": "Point", "coordinates": [7.3918289, 51.5591803]}, "properties": {"id": "osm:relation:1982410", "type": "school", "name": "Albert-Schweitzer-Realschule", "source": "OpenStreetMap/Overpass"}}, {"type": "Feature", "geometry": {"type": "Point", "coordinates": [7.5728548, 51.4458787]}, "properties": {"id": "osm:relation:7094972", "type": "school", "name": "Friedrich Bährens Gymnasium", "source": "OpenStreetMap/Overpass"}}, {"type": "Feature", "geometry": {"type": "Point", "coordinates": [7.5715217, 51.4461875]}, "properties": {"id": "osm:relation:7095042", "type": "school", "name": "Albert-Schweitzer-Schule", "source": "OpenStreetMap/Overpass"}}, {"type": "Feature", "geometry": {"type": "Point", "coordinates": [7.3719478, 51.4875858]}, "properties": {"id": "osm:relation:7109807", "type": "school", "name": "Hauptschule Dortmund-Kley", "source": "OpenStreetMap/Overpass"}}, {"type": "Feature", "geometry": {"type": "Point", "coordinates": [7.325325, 51.4767736]}, "properties": {"id": "osm:relation:10718667", "type": "school", "name": "Schule am Haus Langendreer", "source": "OpenStreetMap/Overpass"}}, {"type": "Feature", "geometry": {"type": "Point", "coordinates": [7.4918947, 51.4793334]}, "properties": {"id": "osm:relation:11763753", "type": "school", "name": "Konrad-von-der-Mark-Schule", "source": "OpenStreetMap/Overpass"}}, {"type": "Feature", "geometry": {"type": "Point", "coordinates": [7.3296626, 51.4804425]}, "properties": {"id": "osm:relation:12128831", "type": "school", "name": "Michael-Ende-Schule", "source": "OpenStreetMap/Overpass"}}, {"type": "Feature", "geometry": {"type": "Point", "coordinates": [7.3216909, 51.4627302]}, "properties": {"id": "osm:relation:12262655", "type": "school", "name": "Bunte Schule", "source": "OpenStreetMap/Overpass"}}, {"type": "Feature", "geometry": {"type": "Point", "coordinates": [7.2644738, 51.4699706]}, "properties": {"id": "osm:relation:12267808", "type": "school", "name": "Walter-Gropius-Berufskolleg", "source": "OpenStreetMap/Overpass"}}, {"type": "Feature", "geometry": {"type": "Point", "coordinates": [7.3044561, 51.4886691]}, "properties": {"id": "osm:relation:12267851", "type": "school", "name": "Willy-Brandt-Gesamtschule", "source": "OpenStreetMap/Overpass"}}, {"type": "Feature", "geometry": {"type": "Point", "coordinates": [7.4881292, 51.5254943]}, "properties": {"id": "osm:relation:13635250", "type": "kindergarten", "name": "Tageseinrichtung für Kinder Lünener Straße", "source": "OpenStreetMap/Overpass"}}, {"type": "Feature", "geometry": {"type": "Point", "coordinates": [7.5472715, 51.5283021]}, "properties": {"id": "osm:relation:14356052", "type": "school", "name": "Erich-Kästner-Grundschule", "source": "OpenStreetMap/Overpass"}}, {"type": "Feature", "geometry": {"type": "Point", "coordinates": [7.5435574, 51.5031396]}, "properties": {"id": "osm:relation:18292813", "type": "school", "name": "Martin-Bartels-Schule", "source": "OpenStreetMap/Overpass"}}]}
