{"type": "FeatureCollection", "features": [{"type": "Feature", "geometry": {"type": "Point", "coordinates": [8.408166, 48.9990095]}, "properties": {"id": "osm:node:25236153", "type": "kindergarten", "name": "Kindertagesstätte Pittiplatsch", "source": "OpenStreetMap/Overpass"}}, {"type": "Feature", "geometry": {"type": "Point", "coordinates": [8.4323338, 49.009291]}, "properties": {"id": "osm:node:25929965", "type": "school", "name": "Tullaschule", "source": "OpenStreetMap/Overpass"}}, {"type": "Feature", "geometry": {"type": "Point", "coordinates": [8.4543068, 48.9919707]}, "properties": {"id": "osm:node:26940026", "type": "school", "name": "Oberwaldschule Aue", "source": "OpenStreetMap/Overpass"}}, {"type": "Feature", "geometry": {"type": "Point", "coordinates": [8.4021161, 48.950102]}, "properties": {"id": "osm:node:29793990", "type": "kindergarten", "name": "AWO-Kindertagesstätte Wiesenzwerg", "source": "OpenStreetMap/Overpass"}}, {"type": "Feature", "geometry": {"type": "Point", "coordinates": [8.3635599, 49.0085568]}, "properties": {"id": "osm:node:29847215", "type": "school", "name": "Friedrich-Ebert-Schule", "source": "OpenStreetMap/Overpass"}}, {"type": "Feature", "geometry": {"type": "Point", "coordinates": [8.3833386, 48.9971735]}, "properties": {"id": "osm:node:29847217", "type": "school", "name": "Elisabeth-Selbert-Schule", "source": "OpenStreetMap/Overpass"}}, {"type": "Feature", "geometry": {"type": "Point", "coordinates": [8.3819558, 49.044111]}, "properties": {"id": "osm:node:250124740", "type": "kindergarten", "name": "Kath. Kindergarten St. Judas Thaddäus", "source": "OpenStreetMap/Overpass"}}, {"type": "Feature", "geometry": {"type": "Point", "coordinates": [8.4765024, 49.0645007]}, "properties": {"id": "osm:node:252304832", "type": "school", "name": "Thomas-Mann-Gymnasium", "source": "OpenStreetMap/Overpass"}}, {"type": "Feature", "geometry": {"type": "Point", "coordinates": [8.3720382, 49.0343823]}, "properties": {"id": "osm:node:295975641", "type": "kindergarten", "name": "Kath.Kindergarten St.Matthias", "source": "OpenStreetMap/Overpass"}}, {"type": "Feature", "geometry": {"type": "Point", "coordinates": [8.4775013, 48.953896]}, "properties": {"id": "osm:node:302418732", "type": "kindergarten", "name": "Kindergarten St. Thomas", "source": "OpenStreetMap/Overpass"}}, {"type": "Feature", "geometry": {"type": "Point", "coordinates": [8.3985122, 48.9967797]}, "properties": {"id": "osm:node:321578340", "type": "kindergarten", "name": "Kindergarten St. Hildegard", "source": "OpenStreetMap/Overpass"}}, {"type": "Feature", "geometry": {"type": "Point", "coordinates": [8.3734636, 49.0324027]}, "properties": {"id": "osm:node:339071155", "type": "school", "name": "Evangelische Fachschule für Sozialpädagogik Bethlehem", "source": "OpenStreetMap/Overpass"}}, {"type": "Feature", "geometry": {"type": "Point", "coordinates": [8.4630664, 48.9980416]}, "properties": {"id": "osm:node:369737069", "type": "kindergarten", "name": "AWO Kindertagesstätte \"les explorateurs -die Entdecker\"", "source": "OpenStreetMap/Overpass"}}, {"type": "Feature", "geometry": {"type": "Point", "coordinates": [8.4323062, 49.0101148]}, "properties": {"id": "osm:node:525166780", "type": "school", "name": "Lidellschule", "source": "OpenStreetMap/Overpass"}}, {"type": "Feature", "geometry": {"type": "Point", "coordinates": [8.3775364, 49.0045174]}, "properties": {"id": "osm:node:564766794", "type": "school", "name": "Weinbrennerschule", "source": "OpenStreetMap/Overpass"}}, {"type": "Feature", "geometry": {"type": "Point", "coordinates": [8.3774359, 49.0038252]}, "properties": {"id": "osm:node:564766801", "type": "kindergarten", "name": "AWO Kita Am Weinbrennerplatz", "source": "OpenStreetMap/Overpass"}}, {"type": "Feature", "geometry": {"type": "Point", "coordinates": [8.3613744, 49.0248733]}, "properties": {"id": "osm:node:603624207", "type": "school", "name": "Rennbuckel Realschule", "source": "OpenStreetMap/Overpass"}}, {"type": "Feature", "geometry": {"type": "Point", "coordinates": [8.4678884, 48.9978742]}, "properties": {"id": "osm:node:671466769", "type": "kindergarten", "name": "Sankt Peter und Paul", "source": "OpenStreetMap/Overpass"}}, {"type": "Feature", "geometry": {"type": "Point", "coordinates": [8.3516688, 49.0315324]}, "properties": {"id": "osm:node:983957507", "type": "kindergarten", "name": "SieKids - Villa Pusteblume", "source": "OpenStreetMap/Overpass"}}, {"type": "Feature", "geometry": {"type": "Point", "coordinates": [8.3868101, 48.9981769]}, "properties": {"id": "osm:node:990056632", "type": "kindergarten", "name": "Kindertagesstätte St. Klara", "source": "OpenStreetMap/Overpass"}}, {"type": "Feature", "geometry": {"type": "Point", "coordinates": [8.3819329, 49.009199]}, "properties": {"id": "osm:node:990057517", "type": "school", "name": "IB Bildungszentrum", "source": "OpenStreetMap/Overpass"}}, {"type": "Feature", "geometry": {"type": "Point", "coordinates": [8.3815968, 49.0092564]}, "properties": {"id": "osm:node:990057594", "type": "kindergarten", "name": "Tagesgruppe Regenbogenfische", "source": "OpenStreetMap/Overpass"}}, {"type": "Feature", "geometry": {"type": "Point", "coordinates": [8.3978761, 48.9437727]}, "properties": {"id": "osm:node:995039784", "type": "kindergarten", "name": "Ev.Paulusgemeinde", "source": "OpenStreetMap/Overpass"}}, {"type": "Feature", "geometry": {"type": "Point", "coordinates": [8.4170496, 48.999695]}, "properties": {"id": "osm:node:1149343438", "type": "kindergarten", "name": "Städtische Kindertagesstätte Sybelstraße", "source": "OpenStreetMap/Overpass"}}, {"type": "Feature", "geometry": {"type": "Point", "coordinates": [8.3535991, 48.9910617]}, "properties": {"id": "osm:node:1156535034", "type": "kindergarten", "name": "Kreuzelzwerge", "source": "OpenStreetMap/Overpass"}}, {"type": "Feature", "geometry": {"type": "Point", "coordinates": [8.5260819, 49.0032799]}, "properties": {"id": "osm:node:1454771838", "type": "kindergarten", "name": "Altes Pfarrhaus", "source": "OpenStreetMap/Overpass"}}, {"type": "Feature", "geometry": {"type": "Point", "coordinates": [8.3640725, 49.0126045]}, "properties": {"id": "osm:node:1707282701", "type": "childcare", "name": "Tina's Krabbelbande", "source": "OpenStreetMap/Overpass"}}, {"type": "Feature", "geometry": {"type": "Point", "coordinates": [8.4771547, 49.0648369]}, "properties": {"id": "osm:node:1736642382", "type": "school", "name": "Erich Kästner Realschule", "source": "OpenStreetMap/Overpass"}}, {"type": "Feature", "geometry": {"type": "Point", "coordinates": [8.3889171, 48.9943905]}, "properties": {"id": "osm:node:1738543204", "type": "kindergarten", "name": "Kindergarten St. Michael", "source": "OpenStreetMap/Overpass"}}, {"type": "Feature", "geometry": {"type": "Point", "coordinates": [8.2917647, 48.9652693]}, "properties": {"id": "osm:node:1747843724", "type": "school", "name": "Realschule Rheinstetten", "source": "OpenStreetMap/Overpass"}}, {"type": "Feature", "geometry": {"type": "Point", "coordinates": [8.2913256, 48.9650315]}, "properties": {"id": "osm:node:1747843726", "type": "school", "name": "Walahfrid-Strabo-Gymnasium", "source": "OpenStreetMap/Overpass"}}, {"type": "Feature", "geometry": {"type": "Point", "coordinates": [8.3817143, 49.005235]}, "properties": {"id": "osm:node:1771618664", "type": "kindergarten", "name": "Drachenhöhle", "source": "OpenStreetMap/Overpass"}}, {"type": "Feature", "geometry": {"type": "Point", "coordinates": [8.5258993, 49.0035046]}, "properties": {"id": "osm:node:1778161277", "type": "kindergarten", "name": "Zwergenstube", "source": "OpenStreetMap/Overpass"}}, {"type": "Feature", "geometry": {"type": "Point", "coordinates": [8.4177825, 49.0024933]}, "properties": {"id": "osm:node:1932504875", "type": "kindergarten", "name": "Kindertagesstätte Südstadtstrolche", "source": "OpenStreetMap/Overpass"}}, {"type": "Feature", "geometry": {"type": "Point", "coordinates": [8.4677295, 48.9999841]}, "properties": {"id": "osm:node:1939394368", "type": "kindergarten", "name": "KiTa Sebold", "source": "OpenStreetMap/Overpass"}}, {"type": "Feature", "geometry": {"type": "Point", "coordinates": [8.4461819, 49.0453672]}, "properties": {"id": "osm:node:1960066089", "type": "kindergarten", "name": "Kita Polyglott", "source": "OpenStreetMap/Overpass"}}, {"type": "Feature", "geometry": {"type": "Point", "coordinates": [8.4691814, 49.0485421]}, "properties": {"id": "osm:node:2325826805", "type": "kindergarten", "name": "Märchenwald", "source": "OpenStreetMap/Overpass"}}, {"type": "Feature", "geometry": {"type": "Point", "coordinates": [8.4075986, 49.0069546]}, "properties": {"id": "osm:node:2363784863", "type": "kindergarten", "name": "", "source": "OpenStreetMap/Overpass"}}, {"type": "Feature", "geometry": {"type": "Point", "coordinates": [8.466966, 49.0627177]}, "properties": {"id": "osm:node:2814643985", "type": "kindergarten", "name": "Katholische KiTa St. Josef\"Die kleinen Strolche\"", "source": "OpenStreetMap/Overpass"}}, {"type": "Feature", "geometry": {"type": "Point", "coordinates": [8.3994358, 48.9850076]}, "properties": {"id": "osm:node:2946545281", "type": "kindergarten", "name": "Katholischer Kindergarten St. Fidelis", "source": "OpenStreetMap/Overpass"}}, {"type": "Feature", "geometry": {"type": "Point", "coordinates": [8.4645902, 49.0590919]}, "properties": {"id": "osm:node:3330736902", "type": "kindergarten", "name": "Kindertagespflege Einhorn-Cowboys", "source": "OpenStreetMap/Overpass"}}, {"type": "Feature", "geometry": {"type": "Point", "coordinates": [8.3819614, 49.0096557]}, "properties": {"id": "osm:node:3336957411", "type": "childcare", "name": "Katholischer Kindergarten St. Bonifatius", "source": "OpenStreetMap/Overpass"}}, {"type": "Feature", "geometry": {"type": "Point", "coordinates": [8.3817774, 49.0072045]}, "properties": {"id": "osm:node:3381824735", "type": "childcare", "name": "Städtischer Schülerhort", "source": "OpenStreetMap/Overpass"}}, {"type": "Feature", "geometry": {"type": "Point", "coordinates": [8.383262, 49.0057066]}, "properties": {"id": "osm:node:3449390462", "type": "school", "name": "Institut für Berufsbildung", "source": "OpenStreetMap/Overpass"}}, {"type": "Feature", "geometry": {"type": "Point", "coordinates": [8.3832063, 49.007959]}, "properties": {"id": "osm:node:3484748197", "type": "childcare", "name": "Villa Bambini", "source": "OpenStreetMap/Overpass"}}, {"type": "Feature", "geometry": {"type": "Point", "coordinates": [8.4033668, 49.0016498]}, "properties": {"id": "osm:node:3581700277", "type": "school", "name": "Schachschule Karlsruhe", "source": "OpenStreetMap/Overpass"}}, {"type": "Feature", "geometry": {"type": "Point", "coordinates": [8.4642719, 49.0480594]}, "properties": {"id": "osm:node:3802190613", "type": "childcare", "name": "Die Rasselbande", "source": "OpenStreetMap/Overpass"}}, {"type": "Feature", "geometry": {"type": "Point", "coordinates": [8.470458, 49.0619982]}, "properties": {"id": "osm:node:3802190642", "type": "kindergarten", "name": "Tagesmutter Nadine Praxl", "source": "OpenStreetMap/Overpass"}}, {"type": "Feature", "geometry": {"type": "Point", "coordinates": [8.4571457, 49.0352807]}, "properties": {"id": "osm:node:3852994875", "type": "kindergarten", "name": "Freier integrative Kinderkrippe", "source": "OpenStreetMap/Overpass"}}, {"type": "Feature", "geometry": {"type": "Point", "coordinates": [8.4569742, 49.0355023]}, "properties": {"id": "osm:node:3852994876", "type": "kindergarten", "name": "Freier integrativer Kindergarten", "source": "OpenStreetMap/Overpass"}}, {"type": "Feature", "geometry": {"type": "Point", "coordinates": [8.4570011, 49.0356177]}, "properties": {"id": "osm:node:3852994898", "type": "kindergarten", "name": "Sonderschulkindergarten", "source": "OpenStreetMap/Overpass"}}, {"type": "Feature", "geometry": {"type": "Point", "coordinates": [8.3842553, 49.0173312]}, "properties": {"id": "osm:node:3922503775", "type": "kindergarten", "name": "Kindergarten Herz Jesu", "source": "OpenStreetMap/Overpass"}}, {"type": "Feature", "geometry": {"type": "Point", "coordinates": [8.446366, 49.0124313]}, "properties": {"id": "osm:node:4171917602", "type": "school", "name": "Grundschule Rintheim", "source": "OpenStreetMap/Overpass"}}, {"type": "Feature", "geometry": {"type": "Point", "coordinates": [8.3890225, 48.997847]}, "properties": {"id": "osm:node:4250670541", "type": "kindergarten", "name": "Hort Südendschule", "source": "OpenStreetMap/Overpass"}}, {"type": "Feature", "geometry": {"type": "Point", "coordinates": [8.4375041, 49.0241053]}, "properties": {"id": "osm:node:4281094368", "type": "school", "name": "element-i-Schule im Technido", "source": "OpenStreetMap/Overpass"}}, {"type": "Feature", "geometry": {"type": "Point", "coordinates": [8.4373096, 49.0238924]}, "properties": {"id": "osm:node:4338770616", "type": "school", "name": "element-i Gemeinschaftsschule Karlsruhe", "source": "OpenStreetMap/Overpass"}}, {"type": "Feature", "geometry": {"type": "Point", "coordinates": [8.507277, 49.0074711]}, "properties": {"id": "osm:node:4600085790", "type": "kindergarten", "name": "Kindergarten am Kegelsgrund", "source": "OpenStreetMap/Overpass"}}, {"type": "Feature", "geometry": {"type": "Point", "coordinates": [8.4703966, 49.0654505]}, "properties": {"id": "osm:node:4747380734", "type": "kindergarten", "name": "Städtischer Kindergarten Zauberwald", "source": "OpenStreetMap/Overpass"}}, {"type": "Feature", "geometry": {"type": "Point", "coordinates": [8.4064991, 49.0087282]}, "properties": {"id": "osm:node:4756332031", "type": "kindergarten", "name": "Stadt Karlsruhe Betriebskindergarten", "source": "OpenStreetMap/Overpass"}}, {"type": "Feature", "geometry": {"type": "Point", "coordinates": [8.3999169, 49.0482904]}, "properties": {"id": "osm:node:5046578630", "type": "school", "name": "Waldschule", "source": "OpenStreetMap/Overpass"}}, {"type": "Feature", "geometry": {"type": "Point", "coordinates": [8.4105638, 48.9960135]}, "properties": {"id": "osm:node:5109083422", "type": "kindergarten", "name": "Halima", "source": "OpenStreetMap/Overpass"}}, {"type": "Feature", "geometry": {"type": "Point", "coordinates": [8.4111594, 48.9961719]}, "properties": {"id": "osm:node:5109083423", "type": "kindergarten", "name": "Kita Tivoli", "source": "OpenStreetMap/Overpass"}}, {"type": "Feature", "geometry": {"type": "Point", "coordinates": [8.4442779, 49.0170914]}, "properties": {"id": "osm:node:5210819605", "type": "childcare", "name": "Wiegestube Sonnenschein", "source": "OpenStreetMap/Overpass"}}, {"type": "Feature", "geometry": {"type": "Point", "coordinates": [8.4546272, 49.034476]}, "properties": {"id": "osm:node:5212850428", "type": "kindergarten", "name": "Kindertagesstätte \"Der Kleine Prinz\"", "source": "OpenStreetMap/Overpass"}}, {"type": "Feature", "geometry": {"type": "Point", "coordinates": [8.4596497, 49.0316386]}, "properties": {"id": "osm:node:5352590690", "type": "kindergarten", "name": "Evangelische Kindertageseinrichtung \"Schwetzinger\"", "source": "OpenStreetMap/Overpass"}}, {"type": "Feature", "geometry": {"type": "Point", "coordinates": [8.3997644, 49.0478638]}, "properties": {"id": "osm:node:5359487139", "type": "school", "name": "Hardtwaldschule", "source": "OpenStreetMap/Overpass"}}, {"type": "Feature", "geometry": {"type": "Point", "coordinates": [8.3870432, 48.9933893]}, "properties": {"id": "osm:node:5379461163", "type": "kindergarten", "name": "Kindergarten St. Alfonsus", "source": "OpenStreetMap/Overpass"}}, {"type": "Feature", "geometry": {"type": "Point", "coordinates": [8.3565995, 49.0111287]}, "properties": {"id": "osm:node:5391015106", "type": "kindergarten", "name": "Mühlwichtel", "source": "OpenStreetMap/Overpass"}}, {"type": "Feature", "geometry": {"type": "Point", "coordinates": [8.4568193, 48.9891193]}, "properties": {"id": "osm:node:5788120274", "type": "kindergarten", "name": "Evangelische Kindertagesstätte Trinitatis", "source": "OpenStreetMap/Overpass"}}, {"type": "Feature", "geometry": {"type": "Point", "coordinates": [8.3819151, 48.9978708]}, "properties": {"id": "osm:node:5809338253", "type": "school", "name": "Carl-Benz-Schule", "source": "OpenStreetMap/Overpass"}}, {"type": "Feature", "geometry": {"type": "Point", "coordinates": [8.4569983, 48.9908336]}, "properties": {"id": "osm:node:5822680583", "type": "kindergarten", "name": "Katholische Kindertagesstätte Regenbogen", "source": "OpenStreetMap/Overpass"}}, {"type": "Feature", "geometry": {"type": "Point", "coordinates": [8.3673452, 49.0151098]}, "properties": {"id": "osm:node:5866133794", "type": "school", "name": "Drais-Gemeinschaftsschule", "source": "OpenStreetMap/Overpass"}}, {"type": "Feature", "geometry": {"type": "Point", "coordinates": [8.4653785, 48.9964304]}, "properties": {"id": "osm:node:6004886408", "type": "kindergarten", "name": "Kita Amalienschlössle", "source": "OpenStreetMap/Overpass"}}, {"type": "Feature", "geometry": {"type": "Point", "coordinates": [8.3984276, 49.0042042]}, "properties": {"id": "osm:node:6045063646", "type": "kindergarten", "name": "Entenkinder", "source": "OpenStreetMap/Overpass"}}, {"type": "Feature", "geometry": {"type": "Point", "coordinates": [8.3874473, 49.0369615]}, "properties": {"id": "osm:node:6283474169", "type": "kindergarten", "name": "Kinderhaus Heidesee", "source": "OpenStreetMap/Overpass"}}, {"type": "Feature", "geometry": {"type": "Point", "coordinates": [8.4004587, 49.0481181]}, "properties": {"id": "osm:node:6648291447", "type": "school", "name": "Waldschule Neureut", "source": "OpenStreetMap/Overpass"}}, {"type": "Feature", "geometry": {"type": "Point", "coordinates": [8.3999062, 49.0482833]}, "properties": {"id": "osm:node:6648303208", "type": "childcare", "name": "Hort an der Waldschule", "source": "OpenStreetMap/Overpass"}}, {"type": "Feature", "geometry": {"type": "Point", "coordinates": [8.3971657, 49.047076]}, "properties": {"id": "osm:node:6812535531", "type": "kindergarten", "name": "Katholische Kindertagesstätte St. Heinrich und Kunigunde", "source": "OpenStreetMap/Overpass"}}, {"type": "Feature", "geometry": {"type": "Point", "coordinates": [8.4375215, 49.0241914]}, "properties": {"id": "osm:node:6919052263", "type": "kindergarten", "name": "Kinderhaus Technido", "source": "OpenStreetMap/Overpass"}}, {"type": "Feature", "geometry": {"type": "Point", "coordinates": [8.3667782, 49.0147157]}, "properties": {"id": "osm:node:7080703603", "type": "school", "name": "Draisschule Karlsruhe", "source": "OpenStreetMap/Overpass"}}, {"type": "Feature", "geometry": {"type": "Point", "coordinates": [8.4080019, 48.9970754]}, "properties": {"id": "osm:node:7192820096", "type": "school", "name": "Nebenius Realschule", "source": "OpenStreetMap/Overpass"}}, {"type": "Feature", "geometry": {"type": "Point", "coordinates": [8.4072831, 48.997134]}, "properties": {"id": "osm:node:7192820097", "type": "school", "name": "Nebenius Grundschule", "source": "OpenStreetMap/Overpass"}}, {"type": "Feature", "geometry": {"type": "Point", "coordinates": [8.4575063, 48.9991526]}, "properties": {"id": "osm:node:7285645414", "type": "kindergarten", "name": "Luther Kindergarten", "source": "OpenStreetMap/Overpass"}}, {"type": "Feature", "geometry": {"type": "Point", "coordinates": [8.5344283, 49.0684916]}, "properties": {"id": "osm:node:7576185003", "type": "kindergarten", "name": "IB Natur-Kiga Weingarten", "source": "OpenStreetMap/Overpass"}}, {"type": "Feature", "geometry": {"type": "Point", "coordinates": [8.3963858, 49.0490885]}, "properties": {"id": "osm:node:7619921214", "type": "kindergarten", "name": "Evangelischer Kindergarten Kirchfeld", "source": "OpenStreetMap/Overpass"}}, {"type": "Feature", "geometry": {"type": "Point", "coordinates": [8.4054386, 49.0028055]}, "properties": {"id": "osm:node:8147248302", "type": "kindergarten", "name": "Die kleinen Giganten", "source": "OpenStreetMap/Overpass"}}, {"type": "Feature", "geometry": {"type": "Point", "coordinates": [8.3656706, 49.016012]}, "properties": {"id": "osm:node:8723110245", "type": "kindergarten", "name": "Tagespflege Mühlburg Kidz", "source": "OpenStreetMap/Overpass"}}, {"type": "Feature", "geometry": {"type": "Point", "coordinates": [8.4579438, 48.9980571]}, "properties": {"id": "osm:node:8786143255", "type": "kindergarten", "name": "Grünschnabel", "source": "OpenStreetMap/Overpass"}}, {"type": "Feature", "geometry": {"type": "Point", "coordinates": [8.3908926, 49.0457597]}, "properties": {"id": "osm:node:9248250149", "type": "kindergarten", "name": "Ev. Brunhilde-Baur-Kindertagesstätte", "source": "OpenStreetMap/Overpass"}}, {"type": "Feature", "geometry": {"type": "Point", "coordinates": [8.4228172, 49.0073035]}, "properties": {"id": "osm:node:9324845585", "type": "kindergarten", "name": "Marienhaus", "source": "OpenStreetMap/Overpass"}}, {"type": "Feature", "geometry": {"type": "Point", "coordinates": [8.5334305, 49.0023727]}, "properties": {"id": "osm:node:9472293942", "type": "kindergarten", "name": "Pfinzmäuse", "source": "OpenStreetMap/Overpass"}}, {"type": "Feature", "geometry": {"type": "Point", "coordinates": [8.4080347, 49.0060331]}, "properties": {"id": "osm:node:9518148352", "type": "childcare", "name": "Kinderkrippe Krisu", "source": "OpenStreetMap/Overpass"}}, {"type": "Feature", "geometry": {"type": "Point", "coordinates": [8.5386059, 49.012346]}, "properties": {"id": "osm:node:9588650346", "type": "kindergarten", "name": "Waldkindergarten Waldolino", "source": "OpenStreetMap/Overpass"}}, {"type": "Feature", "geometry": {"type": "Point", "coordinates": [8.4700688, 49.0657403]}, "properties": {"id": "osm:node:9766710231", "type": "school", "name": "Pestalozzi-Schule Blankenloch", "source": "OpenStreetMap/Overpass"}}, {"type": "Feature", "geometry": {"type": "Point", "coordinates": [8.364491, 49.002188]}, "properties": {"id": "osm:node:9900687402", "type": "school", "name": "FOM - Hochschule für Berufstätige", "source": "OpenStreetMap/Overpass"}}, {"type": "Feature", "geometry": {"type": "Point", "coordinates": [8.4087443, 49.0007561]}, "properties": {"id": "osm:node:10004826280", "type": "kindergarten", "name": "Farbenspiel", "source": "OpenStreetMap/Overpass"}}, {"type": "Feature", "geometry": {"type": "Point", "coordinates": [8.3608964, 48.9918266]}, "properties": {"id": "osm:node:10170180602", "type": "school", "name": "Sophie-Scholl-Realschule", "source": "OpenStreetMap/Overpass"}}, {"type": "Feature", "geometry": {"type": "Point", "coordinates": [8.3613751, 48.991597]}, "properties": {"id": "osm:node:10170180603", "type": "school", "name": "Engelbert-Bohn-Schule", "source": "OpenStreetMap/Overpass"}}, {"type": "Feature", "geometry": {"type": "Point", "coordinates": [8.5246695, 49.0508068]}, "properties": {"id": "osm:node:10591510493", "type": "kindergarten", "name": "Kindergarten Wichtelgarten", "source": "OpenStreetMap/Overpass"}}, {"type": "Feature", "geometry": {"type": "Point", "coordinates": [8.3812497, 48.9982318]}, "properties": {"id": "osm:node:10634922869", "type": "school", "name": "Carl-Engler-Schule", "source": "OpenStreetMap/Overpass"}}, {"type": "Feature", "geometry": {"type": "Point", "coordinates": [8.3834711, 48.9980961]}, "properties": {"id": "osm:node:10634922870", "type": "school", "name": "Heinrich-Hertz-Schule", "source": "OpenStreetMap/Overpass"}}, {"type": "Feature", "geometry": {"type": "Point", "coordinates": [8.3931896, 49.0157464]}, "properties": {"id": "osm:node:10694870512", "type": "kindergarten", "name": "Villa Kunterbunt", "source": "OpenStreetMap/Overpass"}}, {"type": "Feature", "geometry": {"type": "Point", "coordinates": [8.420388, 49.0076057]}, "properties": {"id": "osm:node:10734155619", "type": "school", "name": "Tai Chi Chuan Schule S. Ishu", "source": "OpenStreetMap/Overpass"}}, {"type": "Feature", "geometry": {"type": "Point", "coordinates": [8.5001809, 49.0243336]}, "properties": {"id": "osm:node:10814825401", "type": "kindergarten", "name": "Naturgruppe der Städtischen Kita Obere Setz", "source": "OpenStreetMap/Overpass"}}, {"type": "Feature", "geometry": {"type": "Point", "coordinates": [8.392354, 49.0543867]}, "properties": {"id": "osm:node:10975241467", "type": "kindergarten", "name": "Freier Aktiver Kindergarten", "source": "OpenStreetMap/Overpass"}}, {"type": "Feature", "geometry": {"type": "Point", "coordinates": [8.3662373, 48.9814915]}, "properties": {"id": "osm:node:11023604236", "type": "kindergarten", "name": "Stadtkäfer", "source": "OpenStreetMap/Overpass"}}, {"type": "Feature", "geometry": {"type": "Point", "coordinates": [8.4083387, 49.0098188]}, "properties": {"id": "osm:node:11766207091", "type": "kindergarten", "name": "AWO Kita Krone", "source": "OpenStreetMap/Overpass"}}, {"type": "Feature", "geometry": {"type": "Point", "coordinates": [8.3852755, 49.0092]}, "properties": {"id": "osm:node:11766379937", "type": "kindergarten", "name": "Städtische Kindertagesstätte Lessingstraße", "source": "OpenStreetMap/Overpass"}}, {"type": "Feature", "geometry": {"type": "Point", "coordinates": [8.3961434, 49.0112242]}, "properties": {"id": "osm:node:11888497865", "type": "childcare", "name": "Kinderkrippe Karlchen und Karoline", "source": "OpenStreetMap/Overpass"}}, {"type": "Feature", "geometry": {"type": "Point", "coordinates": [8.5255404, 49.0032864]}, "properties": {"id": "osm:node:11974049720", "type": "kindergarten", "name": "Louise-Scheppler-Kindergarten", "source": "OpenStreetMap/Overpass"}}, {"type": "Feature", "geometry": {"type": "Point", "coordinates": [8.3897736, 48.948472]}, "properties": {"id": "osm:node:11998474803", "type": "school", "name": "Albert-Einstein-Schule", "source": "OpenStreetMap/Overpass"}}, {"type": "Feature", "geometry": {"type": "Point", "coordinates": [8.3893558, 49.0776777]}, "properties": {"id": "osm:node:12258658721", "type": "kindergarten", "name": "Zwergenparadies", "source": "OpenStreetMap/Overpass"}}, {"type": "Feature", "geometry": {"type": "Point", "coordinates": [8.4069803, 49.0080601]}, "properties": {"id": "osm:node:12484454801", "type": "kindergarten", "name": "Kinderhaus Blumeland", "source": "OpenStreetMap/Overpass"}}, {"type": "Feature", "geometry": {"type": "Point", "coordinates": [8.4269351, 49.0106913]}, "properties": {"id": "osm:node:12529173498", "type": "kindergarten", "name": "Ev. Kindergarten Gottesaue", "source": "OpenStreetMap/Overpass"}}, {"type": "Feature", "geometry": {"type": "Point", "coordinates": [8.3830653, 49.0114018]}, "properties": {"id": "osm:node:12534733829", "type": "school", "name": "Berufsfachschule für Kosmetikfachkräfte", "source": "OpenStreetMap/Overpass"}}, {"type": "Feature", "geometry": {"type": "Point", "coordinates": [8.3905279, 49.0069502]}, "properties": {"id": "osm:node:12623234572", "type": "kindergarten", "name": "Schülerhort Sophienstraße", "source": "OpenStreetMap/Overpass"}}, {"type": "Feature", "geometry": {"type": "Point", "coordinates": [8.3956361, 49.0331712]}, "properties": {"id": "osm:node:12732138242", "type": "kindergarten", "name": "KinderSpielHaus", "source": "OpenStreetMap/Overpass"}}, {"type": "Feature", "geometry": {"type": "Point", "coordinates": [8.5042739, 48.9689929]}, "properties": {"id": "osm:node:13056828066", "type": "kindergarten", "name": "Kindertagespflege \"Unter einem Dach\"", "source": "OpenStreetMap/Overpass"}}, {"type": "Feature", "geometry": {"type": "Point", "coordinates": [8.3413758, 49.0003311]}, "properties": {"id": "osm:node:13316839847", "type": "kindergarten", "name": "KiTa Sonnenschein", "source": "OpenStreetMap/Overpass"}}, {"type": "Feature", "geometry": {"type": "Point", "coordinates": [8.3927191, 49.0128532]}, "properties": {"id": "osm:node:13330136902", "type": "childcare", "name": "Kinderkrippe Zauberland", "source": "OpenStreetMap/Overpass"}}, {"type": "Feature", "geometry": {"type": "Point", "coordinates": [8.3655941, 49.0101755]}, "properties": {"id": "osm:node:13373091855", "type": "childcare", "name": "WunderRaum", "source": "OpenStreetMap/Overpass"}}, {"type": "Feature", "geometry": {"type": "Point", "coordinates": [8.4776534, 48.9820383]}, "properties": {"id": "osm:node:13670260813", "type": "kindergarten", "name": "Ponyhofgruppe", "source": "OpenStreetMap/Overpass"}}, {"type": "Feature", "geometry": {"type": "Point", "coordinates": [8.3716923, 49.0066694]}, "properties": {"id": "osm:node:13930967470", "type": "kindergarten", "name": "Ev. Kindergarten", "source": "OpenStreetMap/Overpass"}}, {"type": "Feature", "geometry": {"type": "Point", "coordinates": [8.3676171, 49.0149469]}, "properties": {"id": "osm:way:4225283", "type": "school", "name": "Drais-Grundschule, Drais-Gemeinschaftsschule", "source": "OpenStreetMap/Overpass"}}, {"type": "Feature", "geometry": {"type": "Point", "coordinates": [8.4605276, 48.9995515]}, "properties": {"id": "osm:way:4404324", "type": "school", "name": "Pestalozzischule", "source": "OpenStreetMap/Overpass"}}, {"type": "Feature", "geometry": {"type": "Point", "coordinates": [8.3968123, 48.940888]}, "properties": {"id": "osm:way:4624965", "type": "school", "name": "Berufliches Bildungszentrum", "source": "OpenStreetMap/Overpass"}}, {"type": "Feature", "geometry": {"type": "Point", "coordinates": [8.408311, 48.9474049]}, "properties": {"id": "osm:way:4625001", "type": "school", "name": "Heisenberg-Gymnasium", "source": "OpenStreetMap/Overpass"}}, {"type": "Feature", "geometry": {"type": "Point", "coordinates": [8.402425, 48.9412304]}, "properties": {"id": "osm:way:4809523", "type": "school", "name": "Eichendorff-Gymnasium", "source": "OpenStreetMap/Overpass"}}, {"type": "Feature", "geometry": {"type": "Point", "coordinates": [8.3953073, 48.9419757]}, "properties": {"id": "osm:way:4809532", "type": "school", "name": "Wilhelm-Lorenz-Realschule", "source": "OpenStreetMap/Overpass"}}, {"type": "Feature", "geometry": {"type": "Point", "coordinates": [8.4774565, 48.9988987]}, "properties": {"id": "osm:way:23229351", "type": "school", "name": "Markgrafen-Gymnasium", "source": "OpenStreetMap/Overpass"}}, {"type": "Feature", "geometry": {"type": "Point", "coordinates": [8.4736171, 48.9982214]}, "properties": {"id": "osm:way:23232312", "type": "school", "name": "Schloss-Schule Durlach", "source": "OpenStreetMap/Overpass"}}, {"type": "Feature", "geometry": {"type": "Point", "coordinates": [8.3669276, 49.0231223]}, "properties": {"id": "osm:way:24406228", "type": "kindergarten", "name": "Kindergarten Sankt Konrad", "source": "OpenStreetMap/Overpass"}}, {"type": "Feature", "geometry": {"type": "Point", "coordinates": [8.3987232, 49.0745134]}, "properties": {"id": "osm:way:26167145", "type": "school", "name": "Gemeinschaftsschule Eggenstein", "source": "OpenStreetMap/Overpass"}}, {"type": "Feature", "geometry": {"type": "Point", "coordinates": [8.3332414, 49.0047811]}, "properties": {"id": "osm:way:27077701", "type": "school", "name": "Grund- und Hauptschule Daxlanden", "source": "OpenStreetMap/Overpass"}}, {"type": "Feature", "geometry": {"type": "Point", "coordinates": [8.341577, 48.9986962]}, "properties": {"id": "osm:way:27080543", "type": "kindergarten", "name": "Städtischer Kindergarten Thomas-Mann-Straße", "source": "OpenStreetMap/Overpass"}}, {"type": "Feature", "geometry": {"type": "Point", "coordinates": [8.3266608, 49.0047314]}, "properties": {"id": "osm:way:27081689", "type": "school", "name": "Federbachschule", "source": "OpenStreetMap/Overpass"}}, {"type": "Feature", "geometry": {"type": "Point", "coordinates": [8.4001892, 48.9639151]}, "properties": {"id": "osm:way:27233944", "type": "kindergarten", "name": "St. Regina", "source": "OpenStreetMap/Overpass"}}, {"type": "Feature", "geometry": {"type": "Point", "coordinates": [8.4691456, 48.9707591]}, "properties": {"id": "osm:way:27267947", "type": "school", "name": "Bergwaldschule", "source": "OpenStreetMap/Overpass"}}, {"type": "Feature", "geometry": {"type": "Point", "coordinates": [8.399937, 49.084847]}, "properties": {"id": "osm:way:27735251", "type": "kindergarten", "name": "Kindergarten Malkasten", "source": "OpenStreetMap/Overpass"}}, {"type": "Feature", "geometry": {"type": "Point", "coordinates": [8.3896024, 49.0274963]}, "properties": {"id": "osm:way:28430780", "type": "kindergarten", "name": "Schülerhort Rhode-Island-Allee", "source": "OpenStreetMap/Overpass"}}, {"type": "Feature", "geometry": {"type": "Point", "coordinates": [8.4437746, 49.0326405]}, "properties": {"id": "osm:way:34300511", "type": "school", "name": "Otto-Hahn-Gymnasium", "source": "OpenStreetMap/Overpass"}}, {"type": "Feature", "geometry": {"type": "Point", "coordinates": [8.2910651, 48.9584253]}, "properties": {"id": "osm:way:34761329", "type": "school", "name": "Pestalozzi-Grundschule", "source": "OpenStreetMap/Overpass"}}, {"type": "Feature", "geometry": {"type": "Point", "coordinates": [8.290144, 48.9586945]}, "properties": {"id": "osm:way:34761330", "type": "school", "name": "Hebel-Förderschule", "source": "OpenStreetMap/Overpass"}}, {"type": "Feature", "geometry": {"type": "Point", "coordinates": [8.2832692, 48.9598142]}, "properties": {"id": "osm:way:38259712", "type": "kindergarten", "name": "Kindergarten Regenbogen", "source": "OpenStreetMap/Overpass"}}, {"type": "Feature", "geometry": {"type": "Point", "coordinates": [8.5117192, 48.954253]}, "properties": {"id": "osm:way:50832715", "type": "school", "name": "Grundschule Stupferich", "source": "OpenStreetMap/Overpass"}}, {"type": "Feature", "geometry": {"type": "Point", "coordinates": [8.3969703, 48.9408048]}, "properties": {"id": "osm:way:67544866", "type": "school", "name": "Albert-Einstein-Schule", "source": "OpenStreetMap/Overpass"}}, {"type": "Feature", "geometry": {"type": "Point", "coordinates": [8.3948859, 48.9421309]}, "properties": {"id": "osm:way:67666661", "type": "school", "name": "Wilhelm-Lorenz-Realschule", "source": "OpenStreetMap/Overpass"}}, {"type": "Feature", "geometry": {"type": "Point", "coordinates": [8.412356, 48.9407104]}, "properties": {"id": "osm:way:70117770", "type": "kindergarten", "name": "", "source": "OpenStreetMap/Overpass"}}, {"type": "Feature", "geometry": {"type": "Point", "coordinates": [8.3867272, 48.9509981]}, "properties": {"id": "osm:way:86370007", "type": "school", "name": "Großer Gehrn", "source": "OpenStreetMap/Overpass"}}, {"type": "Feature", "geometry": {"type": "Point", "coordinates": [8.3552862, 49.02688]}, "properties": {"id": "osm:way:86503824", "type": "school", "name": "Johannes-Kepler Privatschulen", "source": "OpenStreetMap/Overpass"}}, {"type": "Feature", "geometry": {"type": "Point", "coordinates": [8.4074126, 49.0063635]}, "properties": {"id": "osm:way:90799446", "type": "childcare", "name": "", "source": "OpenStreetMap/Overpass"}}, {"type": "Feature", "geometry": {"type": "Point", "coordinates": [8.3951588, 49.0045248]}, "properties": {"id": "osm:way:91369025", "type": "school", "name": "Gartenschule", "source": "OpenStreetMap/Overpass"}}, {"type": "Feature", "geometry": {"type": "Point", "coordinates": [8.3958908, 49.0038014]}, "properties": {"id": "osm:way:91369238", "type": "school", "name": "Goethe-Gymnasium", "source": "OpenStreetMap/Overpass"}}, {"type": "Feature", "geometry": {"type": "Point", "coordinates": [8.4326543, 49.0096869]}, "properties": {"id": "osm:way:93338360", "type": "school", "name": "Tullaschule", "source": "OpenStreetMap/Overpass"}}, {"type": "Feature", "geometry": {"type": "Point", "coordinates": [8.3886335, 48.9975726]}, "properties": {"id": "osm:way:97965270", "type": "school", "name": "Kimmelmannschule", "source": "OpenStreetMap/Overpass"}}, {"type": "Feature", "geometry": {"type": "Point", "coordinates": [8.3923071, 49.0042269]}, "properties": {"id": "osm:way:98044042", "type": "kindergarten", "name": "Evangelischer Kindergarten Friedenstraße", "source": "OpenStreetMap/Overpass"}}, {"type": "Feature", "geometry": {"type": "Point", "coordinates": [8.4069895, 49.0034326]}, "properties": {"id": "osm:way:99161098", "type": "kindergarten", "name": "Kindergarten Unserer Lieben Frau", "source": "OpenStreetMap/Overpass"}}, {"type": "Feature", "geometry": {"type": "Point", "coordinates": [8.4066132, 49.0028255]}, "properties": {"id": "osm:way:100650913", "type": "school", "name": "Uhlandschule", "source": "OpenStreetMap/Overpass"}}, {"type": "Feature", "geometry": {"type": "Point", "coordinates": [8.4453914, 49.0188201]}, "properties": {"id": "osm:way:100996733", "type": "kindergarten", "name": "Waldorf-Kindergarten Karlsruhe", "source": "OpenStreetMap/Overpass"}}, {"type": "Feature", "geometry": {"type": "Point", "coordinates": [8.4339724, 49.0141556]}, "properties": {"id": "osm:way:102711303", "type": "school", "name": "Städtische Kindertageseinrichtung Haid-und-Neu-Straße", "source": "OpenStreetMap/Overpass"}}, {"type": "Feature", "geometry": {"type": "Point", "coordinates": [8.4075926, 48.9969711]}, "properties": {"id": "osm:way:103313576", "type": "school", "name": "Nebenius Grund- und Realschule", "source": "OpenStreetMap/Overpass"}}, {"type": "Feature", "geometry": {"type": "Point", "coordinates": [8.3933135, 48.984096]}, "properties": {"id": "osm:way:105011779", "type": "kindergarten", "name": "Evangelische Kindertageseinrichtung Friedensnest", "source": "OpenStreetMap/Overpass"}}, {"type": "Feature", "geometry": {"type": "Point", "coordinates": [8.3868665, 49.0190147]}, "properties": {"id": "osm:way:105633173", "type": "kindergarten", "name": "Kita Kinderhaus Kunterbunt", "source": "OpenStreetMap/Overpass"}}, {"type": "Feature", "geometry": {"type": "Point", "coordinates": [8.3917633, 49.0083943]}, "properties": {"id": "osm:way:109312480", "type": "kindergarten", "name": "Kindertagesstätte Naseweis", "source": "OpenStreetMap/Overpass"}}, {"type": "Feature", "geometry": {"type": "Point", "coordinates": [8.3872488, 49.0122401]}, "properties": {"id": "osm:way:109861633", "type": "school", "name": "Haus der Gemeinden", "source": "OpenStreetMap/Overpass"}}, {"type": "Feature", "geometry": {"type": "Point", "coordinates": [8.3816884, 49.0161982]}, "properties": {"id": "osm:way:109918163", "type": "kindergarten", "name": "Herz-Jesu Kindergarten", "source": "OpenStreetMap/Overpass"}}, {"type": "Feature", "geometry": {"type": "Point", "coordinates": [8.4146151, 48.9766749]}, "properties": {"id": "osm:way:111185536", "type": "school", "name": "Max-Planck-Gymnasium", "source": "OpenStreetMap/Overpass"}}, {"type": "Feature", "geometry": {"type": "Point", "coordinates": [8.3738576, 49.0113916]}, "properties": {"id": "osm:way:111445953", "type": "kindergarten", "name": "Villa im Zaubergarten", "source": "OpenStreetMap/Overpass"}}, {"type": "Feature", "geometry": {"type": "Point", "coordinates": [8.4578388, 49.0355193]}, "properties": {"id": "osm:way:113132673", "type": "school", "name": "Parzival-Zentrum", "source": "OpenStreetMap/Overpass"}}, {"type": "Feature", "geometry": {"type": "Point", "coordinates": [8.4753682, 48.9991693]}, "properties": {"id": "osm:way:113144927", "type": "kindergarten", "name": "Kindergarten St. Nikolaus", "source": "OpenStreetMap/Overpass"}}, {"type": "Feature", "geometry": {"type": "Point", "coordinates": [8.3772695, 49.0041136]}, "properties": {"id": "osm:way:115413447", "type": "school", "name": "", "source": "OpenStreetMap/Overpass"}}, {"type": "Feature", "geometry": {"type": "Point", "coordinates": [8.3633879, 48.9878415]}, "properties": {"id": "osm:way:115853080", "type": "school", "name": "Friedrich-Schlick-Schule", "source": "OpenStreetMap/Overpass"}}, {"type": "Feature", "geometry": {"type": "Point", "coordinates": [8.3654094, 48.9878671]}, "properties": {"id": "osm:way:116001854", "type": "school", "name": "Anne-Frank-Schule Karlsruhe", "source": "OpenStreetMap/Overpass"}}, {"type": "Feature", "geometry": {"type": "Point", "coordinates": [8.3640543, 49.0090475]}, "properties": {"id": "osm:way:116487943", "type": "childcare", "name": "Städt. Schülerhort Weinbrennerstraße", "source": "OpenStreetMap/Overpass"}}, {"type": "Feature", "geometry": {"type": "Point", "coordinates": [8.3636841, 49.0090522]}, "properties": {"id": "osm:way:116487997", "type": "kindergarten", "name": "Städt. Kindertagesstätte", "source": "OpenStreetMap/Overpass"}}, {"type": "Feature", "geometry": {"type": "Point", "coordinates": [8.4548377, 48.9899259]}, "properties": {"id": "osm:way:118592639", "type": "kindergarten", "name": "Kindertagesstätte Zwergenstübchen", "source": "OpenStreetMap/Overpass"}}, {"type": "Feature", "geometry": {"type": "Point", "coordinates": [8.4544536, 48.9911729]}, "properties": {"id": "osm:way:118944135", "type": "school", "name": "Grundschule Aue", "source": "OpenStreetMap/Overpass"}}, {"type": "Feature", "geometry": {"type": "Point", "coordinates": [8.3554901, 49.0107413]}, "properties": {"id": "osm:way:119931062", "type": "school", "name": "Hardtschule", "source": "OpenStreetMap/Overpass"}}, {"type": "Feature", "geometry": {"type": "Point", "coordinates": [8.3452586, 49.0039345]}, "properties": {"id": "osm:way:123162801", "type": "childcare", "name": "Kindergarten Albgrün", "source": "OpenStreetMap/Overpass"}}, {"type": "Feature", "geometry": {"type": "Point", "coordinates": [8.3457388, 49.0038194]}, "properties": {"id": "osm:way:123162819", "type": "kindergarten", "name": "Evangelische Kindertageseinrichtung an der Thomaskirche", "source": "OpenStreetMap/Overpass"}}, {"type": "Feature", "geometry": {"type": "Point", "coordinates": [8.34, 48.9992435]}, "properties": {"id": "osm:way:123271222", "type": "school", "name": "Adam-Remmele-Schule", "source": "OpenStreetMap/Overpass"}}, {"type": "Feature", "geometry": {"type": "Point", "coordinates": [8.354192, 49.0040343]}, "properties": {"id": "osm:way:123529783", "type": "kindergarten", "name": "Katholischer Kindergarten Albgrün", "source": "OpenStreetMap/Overpass"}}, {"type": "Feature", "geometry": {"type": "Point", "coordinates": [8.3511069, 49.0020203]}, "properties": {"id": "osm:way:123556743", "type": "kindergarten", "name": "Kinderhaus Gummi-Bärchen", "source": "OpenStreetMap/Overpass"}}, {"type": "Feature", "geometry": {"type": "Point", "coordinates": [8.4057115, 48.9703149]}, "properties": {"id": "osm:way:125385038", "type": "kindergarten", "name": "KITA Christ König", "source": "OpenStreetMap/Overpass"}}, {"type": "Feature", "geometry": {"type": "Point", "coordinates": [8.4131664, 48.9747364]}, "properties": {"id": "osm:way:125626167", "type": "school", "name": "Eichelgartenschule", "source": "OpenStreetMap/Overpass"}}, {"type": "Feature", "geometry": {"type": "Point", "coordinates": [8.4030113, 48.9684776]}, "properties": {"id": "osm:way:126129628", "type": "school", "name": "Riedschule", "source": "OpenStreetMap/Overpass"}}, {"type": "Feature", "geometry": {"type": "Point", "coordinates": [8.4004199, 48.9678207]}, "properties": {"id": "osm:way:127986169", "type": "kindergarten", "name": "Evangelischer Kindergarten Pfauenstraße", "source": "OpenStreetMap/Overpass"}}, {"type": "Feature", "geometry": {"type": "Point", "coordinates": [8.3452816, 49.0280889]}, "properties": {"id": "osm:way:128803284", "type": "childcare", "name": "", "source": "OpenStreetMap/Overpass"}}, {"type": "Feature", "geometry": {"type": "Point", "coordinates": [8.4421561, 49.0328174]}, "properties": {"id": "osm:way:129991043", "type": "school", "name": "Freie Waldorfschule Karlsruhe", "source": "OpenStreetMap/Overpass"}}, {"type": "Feature", "geometry": {"type": "Point", "coordinates": [8.4058337, 48.9813384]}, "properties": {"id": "osm:way:131508945", "type": "kindergarten", "name": "Kindertagesstätte Wasserfrösche", "source": "OpenStreetMap/Overpass"}}, {"type": "Feature", "geometry": {"type": "Point", "coordinates": [8.4993453, 49.003671]}, "properties": {"id": "osm:way:131712834", "type": "school", "name": "Augustenburg Gemeinschaftsschule Grötzingen", "source": "OpenStreetMap/Overpass"}}, {"type": "Feature", "geometry": {"type": "Point", "coordinates": [8.3813409, 49.0527271]}, "properties": {"id": "osm:way:132049336", "type": "school", "name": "Nordschule", "source": "OpenStreetMap/Overpass"}}, {"type": "Feature", "geometry": {"type": "Point", "coordinates": [8.3616039, 49.0248502]}, "properties": {"id": "osm:way:132472258", "type": "school", "name": "Grund- und Realschule am Rennbuckel", "source": "OpenStreetMap/Overpass"}}, {"type": "Feature", "geometry": {"type": "Point", "coordinates": [8.4366077, 49.0303387]}, "properties": {"id": "osm:way:132825637", "type": "school", "name": "Ernst-Reuter-Schule", "source": "OpenStreetMap/Overpass"}}, {"type": "Feature", "geometry": {"type": "Point", "coordinates": [8.5129387, 48.9543235]}, "properties": {"id": "osm:way:150555972", "type": "kindergarten", "name": "Kath. Kindergarten St. Cyriakus", "source": "OpenStreetMap/Overpass"}}, {"type": "Feature", "geometry": {"type": "Point", "coordinates": [8.4101106, 49.0105078]}, "properties": {"id": "osm:way:154916407", "type": "school", "name": "Kant-Gymnasium", "source": "OpenStreetMap/Overpass"}}, {"type": "Feature", "geometry": {"type": "Point", "coordinates": [8.445918, 49.046448]}, "properties": {"id": "osm:way:156959753", "type": "school", "name": "Europäische Schule Karlsruhe", "source": "OpenStreetMap/Overpass"}}, {"type": "Feature", "geometry": {"type": "Point", "coordinates": [8.376205, 49.0100192]}, "properties": {"id": "osm:way:157500118", "type": "school", "name": "Gutenberg-Schule", "source": "OpenStreetMap/Overpass"}}, {"type": "Feature", "geometry": {"type": "Point", "coordinates": [8.3830073, 48.9973283]}, "properties": {"id": "osm:way:157528324", "type": "school", "name": "", "source": "OpenStreetMap/Overpass"}}, {"type": "Feature", "geometry": {"type": "Point", "coordinates": [8.3920145, 48.980349]}, "properties": {"id": "osm:way:157561467", "type": "school", "name": "Albschule und Weiherwaldschule", "source": "OpenStreetMap/Overpass"}}, {"type": "Feature", "geometry": {"type": "Point", "coordinates": [8.4494322, 49.0330564]}, "properties": {"id": "osm:way:157936748", "type": "kindergarten", "name": "Schnatterburg", "source": "OpenStreetMap/Overpass"}}, {"type": "Feature", "geometry": {"type": "Point", "coordinates": [8.3866328, 48.9926868]}, "properties": {"id": "osm:way:159321110", "type": "school", "name": "Grundschule Beiertheim", "source": "OpenStreetMap/Overpass"}}, {"type": "Feature", "geometry": {"type": "Point", "coordinates": [8.3750618, 49.0078398]}, "properties": {"id": "osm:way:159696053", "type": "school", "name": "Lessing-Gymnasium Karlsruhe", "source": "OpenStreetMap/Overpass"}}, {"type": "Feature", "geometry": {"type": "Point", "coordinates": [8.3959042, 49.0150103]}, "properties": {"id": "osm:way:159871038", "type": "school", "name": "Hebel- Grund- und Realschule", "source": "OpenStreetMap/Overpass"}}, {"type": "Feature", "geometry": {"type": "Point", "coordinates": [8.3948287, 49.0134749]}, "properties": {"id": "osm:way:159880102", "type": "school", "name": "Bismarck-Gymnasium", "source": "OpenStreetMap/Overpass"}}, {"type": "Feature", "geometry": {"type": "Point", "coordinates": [8.4243056, 49.0163959]}, "properties": {"id": "osm:way:160132354", "type": "kindergarten", "name": "Evangelischer Kindergarten Werthmannstraße", "source": "OpenStreetMap/Overpass"}}, {"type": "Feature", "geometry": {"type": "Point", "coordinates": [8.4196861, 49.0095866]}, "properties": {"id": "osm:way:160457863", "type": "school", "name": "Heinrich-Meidinger-Schule", "source": "OpenStreetMap/Overpass"}}, {"type": "Feature", "geometry": {"type": "Point", "coordinates": [8.3903266, 49.0084272]}, "properties": {"id": "osm:way:160612274", "type": "school", "name": "Leopoldschule", "source": "OpenStreetMap/Overpass"}}, {"type": "Feature", "geometry": {"type": "Point", "coordinates": [8.4134175, 49.0030912]}, "properties": {"id": "osm:way:160705578", "type": "kindergarten", "name": "Kita Aufwind", "source": "OpenStreetMap/Overpass"}}, {"type": "Feature", "geometry": {"type": "Point", "coordinates": [8.3648495, 48.9831191]}, "properties": {"id": "osm:way:160724705", "type": "kindergarten", "name": "Sonnenkindergarten", "source": "OpenStreetMap/Overpass"}}, {"type": "Feature", "geometry": {"type": "Point", "coordinates": [8.3672601, 48.9842542]}, "properties": {"id": "osm:way:160726557", "type": "kindergarten", "name": "Kindertagesstätte Windrad", "source": "OpenStreetMap/Overpass"}}, {"type": "Feature", "geometry": {"type": "Point", "coordinates": [8.3837293, 49.0110496]}, "properties": {"id": "osm:way:160732178", "type": "school", "name": "Helmholtz-Gymnasium", "source": "OpenStreetMap/Overpass"}}, {"type": "Feature", "geometry": {"type": "Point", "coordinates": [8.3621617, 49.0171558]}, "properties": {"id": "osm:way:160833156", "type": "kindergarten", "name": "Kinderarche", "source": "OpenStreetMap/Overpass"}}, {"type": "Feature", "geometry": {"type": "Point", "coordinates": [8.3552226, 49.0106902]}, "properties": {"id": "osm:way:160936878", "type": "school", "name": "", "source": "OpenStreetMap/Overpass"}}, {"type": "Feature", "geometry": {"type": "Point", "coordinates": [8.4060501, 49.0075906]}, "properties": {"id": "osm:way:161707904", "type": "school", "name": "Hans-Thoma-Schule", "source": "OpenStreetMap/Overpass"}}, {"type": "Feature", "geometry": {"type": "Point", "coordinates": [8.4085779, 49.0072634]}, "properties": {"id": "osm:way:162249623", "type": "school", "name": "Carl-Hofer-Schule", "source": "OpenStreetMap/Overpass"}}, {"type": "Feature", "geometry": {"type": "Point", "coordinates": [8.4146154, 49.0059826]}, "properties": {"id": "osm:way:163061673", "type": "school", "name": "Friedrich-List-Schule", "source": "OpenStreetMap/Overpass"}}, {"type": "Feature", "geometry": {"type": "Point", "coordinates": [8.4158245, 49.0073545]}, "properties": {"id": "osm:way:163061675", "type": "school", "name": "Schillerschule, Grund- und Hauptschule", "source": "OpenStreetMap/Overpass"}}, {"type": "Feature", "geometry": {"type": "Point", "coordinates": [8.3815413, 49.005103]}, "properties": {"id": "osm:way:166932909", "type": "kindergarten", "name": "Kita Drachenhöhle", "source": "OpenStreetMap/Overpass"}}, {"type": "Feature", "geometry": {"type": "Point", "coordinates": [8.3086937, 48.9731079]}, "properties": {"id": "osm:way:168888661", "type": "school", "name": "Johann-Rupprecht-Schule (Grundschule)", "source": "OpenStreetMap/Overpass"}}, {"type": "Feature", "geometry": {"type": "Point", "coordinates": [8.3056888, 48.9715118]}, "properties": {"id": "osm:way:168991333", "type": "kindergarten", "name": "Kunterbunt", "source": "OpenStreetMap/Overpass"}}, {"type": "Feature", "geometry": {"type": "Point", "coordinates": [8.3089232, 48.9733789]}, "properties": {"id": "osm:way:168992855", "type": "school", "name": "Johann-Rupprecht-Schule (Grundschule)", "source": "OpenStreetMap/Overpass"}}, {"type": "Feature", "geometry": {"type": "Point", "coordinates": [8.3006835, 48.9664992]}, "properties": {"id": "osm:way:169738858", "type": "kindergarten", "name": "Kinderhaus Sonnenschein", "source": "OpenStreetMap/Overpass"}}, {"type": "Feature", "geometry": {"type": "Point", "coordinates": [8.3168773, 48.9795213]}, "properties": {"id": "osm:way:169761803", "type": "kindergarten", "name": "Sonnenblick", "source": "OpenStreetMap/Overpass"}}, {"type": "Feature", "geometry": {"type": "Point", "coordinates": [8.4310146, 49.0907849]}, "properties": {"id": "osm:way:173943848", "type": "kindergarten", "name": "Nanos!", "source": "OpenStreetMap/Overpass"}}, {"type": "Feature", "geometry": {"type": "Point", "coordinates": [8.5304688, 49.0507674]}, "properties": {"id": "osm:way:180619874", "type": "school", "name": "Turmbergschule", "source": "OpenStreetMap/Overpass"}}, {"type": "Feature", "geometry": {"type": "Point", "coordinates": [8.37416, 49.0333949]}, "properties": {"id": "osm:way:192656758", "type": "school", "name": "Grundschule Evangelische Jakobusschule", "source": "OpenStreetMap/Overpass"}}, {"type": "Feature", "geometry": {"type": "Point", "coordinates": [8.3921715, 49.0065307]}, "properties": {"id": "osm:way:193362714", "type": "kindergarten", "name": "Kinderhaus Agnes", "source": "OpenStreetMap/Overpass"}}, {"type": "Feature", "geometry": {"type": "Point", "coordinates": [8.5332727, 49.0504686]}, "properties": {"id": "osm:way:194353663", "type": "kindergarten", "name": "Kindergarten \"Am Alten Friedhof\"", "source": "OpenStreetMap/Overpass"}}, {"type": "Feature", "geometry": {"type": "Point", "coordinates": [8.46255, 49.0267609]}, "properties": {"id": "osm:way:200113729", "type": "kindergarten", "name": "Kindertagesstätte Kunterbunt", "source": "OpenStreetMap/Overpass"}}, {"type": "Feature", "geometry": {"type": "Point", "coordinates": [8.459124, 49.0293802]}, "properties": {"id": "osm:way:219490339", "type": "school", "name": "Grundschule Hagsfeld", "source": "OpenStreetMap/Overpass"}}, {"type": "Feature", "geometry": {"type": "Point", "coordinates": [8.4647509, 49.0482218]}, "properties": {"id": "osm:way:223698777", "type": "kindergarten", "name": "Lachwald", "source": "OpenStreetMap/Overpass"}}, {"type": "Feature", "geometry": {"type": "Point", "coordinates": [8.2919957, 49.0376513]}, "properties": {"id": "osm:way:228409982", "type": "kindergarten", "name": "Hermann-Quack-Kindergarten", "source": "OpenStreetMap/Overpass"}}, {"type": "Feature", "geometry": {"type": "Point", "coordinates": [8.4088457, 49.0079033]}, "properties": {"id": "osm:way:238171498", "type": "kindergarten", "name": "Kindertagesstätte St. Stephan", "source": "OpenStreetMap/Overpass"}}, {"type": "Feature", "geometry": {"type": "Point", "coordinates": [8.4885607, 49.0878008]}, "properties": {"id": "osm:way:256284549", "type": "school", "name": "", "source": "OpenStreetMap/Overpass"}}, {"type": "Feature", "geometry": {"type": "Point", "coordinates": [8.490221, 49.0890289]}, "properties": {"id": "osm:way:256285908", "type": "school", "name": "", "source": "OpenStreetMap/Overpass"}}, {"type": "Feature", "geometry": {"type": "Point", "coordinates": [8.4570804, 49.035474]}, "properties": {"id": "osm:way:257809558", "type": "kindergarten", "name": "Kinderhaus", "source": "OpenStreetMap/Overpass"}}, {"type": "Feature", "geometry": {"type": "Point", "coordinates": [8.4092924, 49.006641]}, "properties": {"id": "osm:way:261096857", "type": "school", "name": "Heinrich-Hübsch-Schule", "source": "OpenStreetMap/Overpass"}}, {"type": "Feature", "geometry": {"type": "Point", "coordinates": [8.4194136, 49.0102457]}, "properties": {"id": "osm:way:280586486", "type": "kindergarten", "name": "KinderUniversum", "source": "OpenStreetMap/Overpass"}}, {"type": "Feature", "geometry": {"type": "Point", "coordinates": [8.4664052, 48.9722257]}, "properties": {"id": "osm:way:288807596", "type": "childcare", "name": "Kindergarten \"Schalom\"", "source": "OpenStreetMap/Overpass"}}, {"type": "Feature", "geometry": {"type": "Point", "coordinates": [8.309004, 48.9727295]}, "properties": {"id": "osm:way:290966212", "type": "kindergarten", "name": "Kindergarten", "source": "OpenStreetMap/Overpass"}}, {"type": "Feature", "geometry": {"type": "Point", "coordinates": [8.3358579, 49.0325833]}, "properties": {"id": "osm:way:291507143", "type": "school", "name": "Grundschule Knielingen", "source": "OpenStreetMap/Overpass"}}, {"type": "Feature", "geometry": {"type": "Point", "coordinates": [8.5055264, 49.0910061]}, "properties": {"id": "osm:way:295854521", "type": "kindergarten", "name": "Evangelischer Kindergarten Arche Noah", "source": "OpenStreetMap/Overpass"}}, {"type": "Feature", "geometry": {"type": "Point", "coordinates": [8.5214346, 49.0493293]}, "properties": {"id": "osm:way:303364283", "type": "kindergarten", "name": "Kath. Kindergarten St. Franziskus", "source": "OpenStreetMap/Overpass"}}, {"type": "Feature", "geometry": {"type": "Point", "coordinates": [8.3490369, 48.9663089]}, "properties": {"id": "osm:way:303879932", "type": "kindergarten", "name": "Waldkindergarten Waldkitz", "source": "OpenStreetMap/Overpass"}}, {"type": "Feature", "geometry": {"type": "Point", "coordinates": [8.3470428, 49.0330845]}, "properties": {"id": "osm:way:313705890", "type": "kindergarten", "name": "Evangelische Kindertageseinrichtung Wunderland", "source": "OpenStreetMap/Overpass"}}, {"type": "Feature", "geometry": {"type": "Point", "coordinates": [8.2915633, 48.964968]}, "properties": {"id": "osm:way:313836596", "type": "school", "name": "Schulzentrum Rheinstetten", "source": "OpenStreetMap/Overpass"}}, {"type": "Feature", "geometry": {"type": "Point", "coordinates": [8.314891, 48.9791685]}, "properties": {"id": "osm:way:313837053", "type": "school", "name": "Schwarzwaldschule", "source": "OpenStreetMap/Overpass"}}, {"type": "Feature", "geometry": {"type": "Point", "coordinates": [8.411017, 49.0103614]}, "properties": {"id": "osm:way:313853068", "type": "school", "name": "Ludwig-Erhard-Schule", "source": "OpenStreetMap/Overpass"}}, {"type": "Feature", "geometry": {"type": "Point", "coordinates": [8.4130209, 48.9751794]}, "properties": {"id": "osm:way:325928224", "type": "school", "name": "Realschule Rüppurr", "source": "OpenStreetMap/Overpass"}}, {"type": "Feature", "geometry": {"type": "Point", "coordinates": [8.3614936, 48.988522]}, "properties": {"id": "osm:way:327111798", "type": "kindergarten", "name": "Villa Regenbogen", "source": "OpenStreetMap/Overpass"}}, {"type": "Feature", "geometry": {"type": "Point", "coordinates": [8.3732867, 49.0189723]}, "properties": {"id": "osm:way:332487043", "type": "childcare", "name": "Die Räuberburg", "source": "OpenStreetMap/Overpass"}}, {"type": "Feature", "geometry": {"type": "Point", "coordinates": [8.3821114, 49.0161635]}, "properties": {"id": "osm:way:333133321", "type": "kindergarten", "name": "Herz-Jesu Kindertagesstätte", "source": "OpenStreetMap/Overpass"}}, {"type": "Feature", "geometry": {"type": "Point", "coordinates": [8.3782178, 49.0451642]}, "properties": {"id": "osm:way:334589656", "type": "school", "name": "Schulzentrum Neureut", "source": "OpenStreetMap/Overpass"}}, {"type": "Feature", "geometry": {"type": "Point", "coordinates": [8.3717585, 49.0330788]}, "properties": {"id": "osm:way:334797399", "type": "school", "name": "Humboldt-Gymnasium", "source": "OpenStreetMap/Overpass"}}, {"type": "Feature", "geometry": {"type": "Point", "coordinates": [8.3713383, 49.0312665]}, "properties": {"id": "osm:way:334797459", "type": "school", "name": "Werner-von-Siemens-Schule", "source": "OpenStreetMap/Overpass"}}, {"type": "Feature", "geometry": {"type": "Point", "coordinates": [8.3993093, 49.0048275]}, "properties": {"id": "osm:way:342326580", "type": "kindergarten", "name": "Kindertagesstätte Rabennest", "source": "OpenStreetMap/Overpass"}}, {"type": "Feature", "geometry": {"type": "Point", "coordinates": [8.3898349, 48.9926221]}, "properties": {"id": "osm:way:360947602", "type": "kindergarten", "name": "Kita Bienenkörbchen", "source": "OpenStreetMap/Overpass"}}, {"type": "Feature", "geometry": {"type": "Point", "coordinates": [8.3811018, 49.0125402]}, "properties": {"id": "osm:way:369174351", "type": "kindergarten", "name": "Kita Am Haydnplatz", "source": "OpenStreetMap/Overpass"}}, {"type": "Feature", "geometry": {"type": "Point", "coordinates": [8.4456818, 49.0223073]}, "properties": {"id": "osm:way:385476697", "type": "kindergarten", "name": "Freier Kindergarten", "source": "OpenStreetMap/Overpass"}}, {"type": "Feature", "geometry": {"type": "Point", "coordinates": [8.4530932, 49.0284542]}, "properties": {"id": "osm:way:389088727", "type": "kindergarten", "name": "Katholischer Kindergarten Bruder Klaus", "source": "OpenStreetMap/Overpass"}}, {"type": "Feature", "geometry": {"type": "Point", "coordinates": [8.5346517, 48.9405889]}, "properties": {"id": "osm:way:400273477", "type": "school", "name": "Willi-Konstandin-Schule", "source": "OpenStreetMap/Overpass"}}, {"type": "Feature", "geometry": {"type": "Point", "coordinates": [8.349226, 49.0373721]}, "properties": {"id": "osm:way:400566997", "type": "kindergarten", "name": "Kindertagesstätte Egon-Eiermann-Allee", "source": "OpenStreetMap/Overpass"}}, {"type": "Feature", "geometry": {"type": "Point", "coordinates": [8.4158924, 48.9784419]}, "properties": {"id": "osm:way:412844642", "type": "kindergarten", "name": "Integrativer Waldkindergarten Wind- und Wetterknirpse", "source": "OpenStreetMap/Overpass"}}, {"type": "Feature", "geometry": {"type": "Point", "coordinates": [8.4452992, 49.01919]}, "properties": {"id": "osm:way:414829372", "type": "kindergarten", "name": "Schulkindergarten Sandhasen", "source": "OpenStreetMap/Overpass"}}, {"type": "Feature", "geometry": {"type": "Point", "coordinates": [8.4467288, 49.012435]}, "properties": {"id": "osm:way:416450453", "type": "school", "name": "Schule am Weinweg", "source": "OpenStreetMap/Overpass"}}, {"type": "Feature", "geometry": {"type": "Point", "coordinates": [8.4100581, 48.9992626]}, "properties": {"id": "osm:way:425102300", "type": "kindergarten", "name": "Villa Johannis-Paulus", "source": "OpenStreetMap/Overpass"}}, {"type": "Feature", "geometry": {"type": "Point", "coordinates": [8.409489, 48.9994223]}, "properties": {"id": "osm:way:425102302", "type": "kindergarten", "name": "Kindergarten Canisiushaus", "source": "OpenStreetMap/Overpass"}}, {"type": "Feature", "geometry": {"type": "Point", "coordinates": [8.4352608, 49.0092123]}, "properties": {"id": "osm:way:426867399", "type": "kindergarten", "name": "Kindertagesstätte Mikado", "source": "OpenStreetMap/Overpass"}}, {"type": "Feature", "geometry": {"type": "Point", "coordinates": [8.3820559, 48.9998234]}, "properties": {"id": "osm:way:430660495", "type": "kindergarten", "name": "Kita Vinzentino", "source": "OpenStreetMap/Overpass"}}, {"type": "Feature", "geometry": {"type": "Point", "coordinates": [8.3792715, 48.9984032]}, "properties": {"id": "osm:way:430660496", "type": "school", "name": "Walter-Eucken-Schule", "source": "OpenStreetMap/Overpass"}}, {"type": "Feature", "geometry": {"type": "Point", "coordinates": [8.4402465, 49.0208048]}, "properties": {"id": "osm:way:440618157", "type": "kindergarten", "name": "element-i Kinderhaus Technilinos", "source": "OpenStreetMap/Overpass"}}, {"type": "Feature", "geometry": {"type": "Point", "coordinates": [8.4001154, 49.0481372]}, "properties": {"id": "osm:way:449658679", "type": "school", "name": "", "source": "OpenStreetMap/Overpass"}}, {"type": "Feature", "geometry": {"type": "Point", "coordinates": [8.532768, 49.0034862]}, "properties": {"id": "osm:way:457397565", "type": "school", "name": "Bildungszentrum Pfinztal", "source": "OpenStreetMap/Overpass"}}, {"type": "Feature", "geometry": {"type": "Point", "coordinates": [8.4775944, 49.064887]}, "properties": {"id": "osm:way:460051301", "type": "school", "name": "Schulzentrum Blankenloch", "source": "OpenStreetMap/Overpass"}}, {"type": "Feature", "geometry": {"type": "Point", "coordinates": [8.4441015, 49.0257202]}, "properties": {"id": "osm:way:463930057", "type": "kindergarten", "name": "SSC element-i-Sportkita Wirbelwind", "source": "OpenStreetMap/Overpass"}}, {"type": "Feature", "geometry": {"type": "Point", "coordinates": [8.5392651, 49.0111319]}, "properties": {"id": "osm:way:465404700", "type": "kindergarten", "name": "Waldolino", "source": "OpenStreetMap/Overpass"}}, {"type": "Feature", "geometry": {"type": "Point", "coordinates": [8.4243456, 49.0086104]}, "properties": {"id": "osm:way:477007240", "type": "kindergarten", "name": "Kindertagesstätte St. Bernhard", "source": "OpenStreetMap/Overpass"}}, {"type": "Feature", "geometry": {"type": "Point", "coordinates": [8.4463332, 49.03724]}, "properties": {"id": "osm:way:482287697", "type": "school", "name": "Eichendorffschule", "source": "OpenStreetMap/Overpass"}}, {"type": "Feature", "geometry": {"type": "Point", "coordinates": [8.4264092, 49.0055016]}, "properties": {"id": "osm:way:484396399", "type": "kindergarten", "name": "Schloss-Geister", "source": "OpenStreetMap/Overpass"}}, {"type": "Feature", "geometry": {"type": "Point", "coordinates": [8.409328, 49.0287149]}, "properties": {"id": "osm:way:490602333", "type": "kindergarten", "name": "Waldfüchse Waldkindergarten", "source": "OpenStreetMap/Overpass"}}, {"type": "Feature", "geometry": {"type": "Point", "coordinates": [8.463674, 49.0818929]}, "properties": {"id": "osm:way:498238190", "type": "kindergarten", "name": "Kita Grashüpfer", "source": "OpenStreetMap/Overpass"}}, {"type": "Feature", "geometry": {"type": "Point", "coordinates": [8.3737132, 49.0333191]}, "properties": {"id": "osm:way:516896377", "type": "school", "name": "Evangelische Jakobusschule", "source": "OpenStreetMap/Overpass"}}, {"type": "Feature", "geometry": {"type": "Point", "coordinates": [8.4692343, 48.9998839]}, "properties": {"id": "osm:way:519023810", "type": "school", "name": "Friedrich-Realschule", "source": "OpenStreetMap/Overpass"}}, {"type": "Feature", "geometry": {"type": "Point", "coordinates": [8.4401988, 49.0129623]}, "properties": {"id": "osm:way:538329357", "type": "kindergarten", "name": "Katholische Kindertagesstätte St. Martin", "source": "OpenStreetMap/Overpass"}}, {"type": "Feature", "geometry": {"type": "Point", "coordinates": [8.394316, 49.014038]}, "properties": {"id": "osm:way:539890286", "type": "school", "name": "St.-Dominikus-Gymnasium", "source": "OpenStreetMap/Overpass"}}, {"type": "Feature", "geometry": {"type": "Point", "coordinates": [8.3552427, 49.0104475]}, "properties": {"id": "osm:way:540038373", "type": "school", "name": "Vogesenschule", "source": "OpenStreetMap/Overpass"}}, {"type": "Feature", "geometry": {"type": "Point", "coordinates": [8.355192, 49.0104475]}, "properties": {"id": "osm:way:540038378", "type": "school", "name": "Vogesenschule", "source": "OpenStreetMap/Overpass"}}, {"type": "Feature", "geometry": {"type": "Point", "coordinates": [8.4421592, 49.0411237]}, "properties": {"id": "osm:way:554666917", "type": "kindergarten", "name": "Katholischer Kindergarten St. Albert", "source": "OpenStreetMap/Overpass"}}, {"type": "Feature", "geometry": {"type": "Point", "coordinates": [8.4764195, 49.0010542]}, "properties": {"id": "osm:way:558244809", "type": "kindergarten", "name": "Katholische Kindertagesstätte Anna-Leimbach-Haus", "source": "OpenStreetMap/Overpass"}}, {"type": "Feature", "geometry": {"type": "Point", "coordinates": [8.4177209, 49.0061934]}, "properties": {"id": "osm:way:563498972", "type": "kindergarten", "name": "Kindertagesstätte Frühlingstraße", "source": "OpenStreetMap/Overpass"}}, {"type": "Feature", "geometry": {"type": "Point", "coordinates": [8.3881606, 49.0255078]}, "properties": {"id": "osm:way:568591328", "type": "kindergarten", "name": "Montessori-Kinderhaus", "source": "OpenStreetMap/Overpass"}}, {"type": "Feature", "geometry": {"type": "Point", "coordinates": [8.3882053, 49.0259056]}, "properties": {"id": "osm:way:568624491", "type": "school", "name": "Schulkindergarten Kieselsteine", "source": "OpenStreetMap/Overpass"}}, {"type": "Feature", "geometry": {"type": "Point", "coordinates": [8.4058497, 48.9820261]}, "properties": {"id": "osm:way:583795766", "type": "kindergarten", "name": "Städtische Kindertagesstätte am Rüppurrer Schloss", "source": "OpenStreetMap/Overpass"}}, {"type": "Feature", "geometry": {"type": "Point", "coordinates": [8.3416127, 48.9618328]}, "properties": {"id": "osm:way:593405124", "type": "kindergarten", "name": "Kindergarten Sterntaler", "source": "OpenStreetMap/Overpass"}}, {"type": "Feature", "geometry": {"type": "Point", "coordinates": [8.3916014, 49.0228156]}, "properties": {"id": "osm:way:593474186", "type": "kindergarten", "name": "Städtische Kindertagesstätte Nordstadt", "source": "OpenStreetMap/Overpass"}}, {"type": "Feature", "geometry": {"type": "Point", "coordinates": [8.4583909, 49.0354693]}, "properties": {"id": "osm:way:611846938", "type": "school", "name": "Karl-Stockmeyer-Schule", "source": "OpenStreetMap/Overpass"}}, {"type": "Feature", "geometry": {"type": "Point", "coordinates": [8.4557981, 48.9918025]}, "properties": {"id": "osm:way:615791999", "type": "kindergarten", "name": "Kindergarten Sankt Johannes", "source": "OpenStreetMap/Overpass"}}, {"type": "Feature", "geometry": {"type": "Point", "coordinates": [8.4413964, 49.0149105]}, "properties": {"id": "osm:way:642872786", "type": "kindergarten", "name": "Kindertagesstätte Flohkiste", "source": "OpenStreetMap/Overpass"}}, {"type": "Feature", "geometry": {"type": "Point", "coordinates": [8.3341233, 49.0342474]}, "properties": {"id": "osm:way:665348735", "type": "kindergarten", "name": "Zwergenland", "source": "OpenStreetMap/Overpass"}}, {"type": "Feature", "geometry": {"type": "Point", "coordinates": [8.3437379, 49.032292]}, "properties": {"id": "osm:way:666504678", "type": "kindergarten", "name": "Evangelische Kindertageseinrichtung Herweghstraße", "source": "OpenStreetMap/Overpass"}}, {"type": "Feature", "geometry": {"type": "Point", "coordinates": [8.3517445, 49.0316468]}, "properties": {"id": "osm:way:666505501", "type": "kindergarten", "name": "", "source": "OpenStreetMap/Overpass"}}, {"type": "Feature", "geometry": {"type": "Point", "coordinates": [8.3933066, 49.0542522]}, "properties": {"id": "osm:way:667919357", "type": "kindergarten", "name": "Kindertagesstätte Kirchfeldmäuse", "source": "OpenStreetMap/Overpass"}}, {"type": "Feature", "geometry": {"type": "Point", "coordinates": [8.401497, 49.0448266]}, "properties": {"id": "osm:way:692263589", "type": "kindergarten", "name": "Waldkindergarten", "source": "OpenStreetMap/Overpass"}}, {"type": "Feature", "geometry": {"type": "Point", "coordinates": [8.4527111, 48.9942371]}, "properties": {"id": "osm:way:697938158", "type": "kindergarten", "name": "Städtische Kindertagesstätte Ellmendinger Straße", "source": "OpenStreetMap/Overpass"}}, {"type": "Feature", "geometry": {"type": "Point", "coordinates": [8.4320454, 49.0118078]}, "properties": {"id": "osm:way:752990021", "type": "kindergarten", "name": "Kita Räuberkiste", "source": "OpenStreetMap/Overpass"}}, {"type": "Feature", "geometry": {"type": "Point", "coordinates": [8.4766263, 48.9946616]}, "properties": {"id": "osm:way:753807591", "type": "kindergarten", "name": "Städtischer Kindergarten Lußstraße", "source": "OpenStreetMap/Overpass"}}, {"type": "Feature", "geometry": {"type": "Point", "coordinates": [8.3708984, 49.014534]}, "properties": {"id": "osm:way:756056075", "type": "kindergarten", "name": "Evangelischer Kindergarten Hagenstraße", "source": "OpenStreetMap/Overpass"}}, {"type": "Feature", "geometry": {"type": "Point", "coordinates": [8.2843279, 49.0326727]}, "properties": {"id": "osm:way:760457856", "type": "school", "name": "Johann-Gottfried-Tulla Grundschule Maximiliansau", "source": "OpenStreetMap/Overpass"}}, {"type": "Feature", "geometry": {"type": "Point", "coordinates": [8.4404954, 49.0336538]}, "properties": {"id": "osm:way:760918944", "type": "kindergarten", "name": "Evangelischer Kindergarten Emmaus", "source": "OpenStreetMap/Overpass"}}, {"type": "Feature", "geometry": {"type": "Point", "coordinates": [8.4457285, 49.0143745]}, "properties": {"id": "osm:way:761296674", "type": "kindergarten", "name": "Evangelische Kindertageseinrichtung „Zum Guten Hirten“", "source": "OpenStreetMap/Overpass"}}, {"type": "Feature", "geometry": {"type": "Point", "coordinates": [8.3427621, 49.0312079]}, "properties": {"id": "osm:way:821623379", "type": "kindergarten", "name": "", "source": "OpenStreetMap/Overpass"}}, {"type": "Feature", "geometry": {"type": "Point", "coordinates": [8.3393965, 49.0368153]}, "properties": {"id": "osm:way:833320270", "type": "childcare", "name": "Sandberg-Strolche", "source": "OpenStreetMap/Overpass"}}, {"type": "Feature", "geometry": {"type": "Point", "coordinates": [8.3886149, 48.9979683]}, "properties": {"id": "osm:way:860028045", "type": "school", "name": "Südendschule", "source": "OpenStreetMap/Overpass"}}, {"type": "Feature", "geometry": {"type": "Point", "coordinates": [8.4061704, 49.0078489]}, "properties": {"id": "osm:way:867975303", "type": "kindergarten", "name": "Kindergarten Himmelszelt", "source": "OpenStreetMap/Overpass"}}, {"type": "Feature", "geometry": {"type": "Point", "coordinates": [8.4181938, 49.0032252]}, "properties": {"id": "osm:way:901598088", "type": "kindergarten", "name": "Städtische Kindertagesstätte Sybelstraße", "source": "OpenStreetMap/Overpass"}}, {"type": "Feature", "geometry": {"type": "Point", "coordinates": [8.4175791, 49.0031013]}, "properties": {"id": "osm:way:901598099", "type": "school", "name": "Grundschule am Wasserturm", "source": "OpenStreetMap/Overpass"}}, {"type": "Feature", "geometry": {"type": "Point", "coordinates": [8.3699611, 49.030884]}, "properties": {"id": "osm:way:923064465", "type": "kindergarten", "name": "Rudolf-Steiner-Kindergarten", "source": "OpenStreetMap/Overpass"}}, {"type": "Feature", "geometry": {"type": "Point", "coordinates": [8.4777005, 48.9831098]}, "properties": {"id": "osm:way:940833174", "type": "kindergarten", "name": "Dachsbaukinder", "source": "OpenStreetMap/Overpass"}}, {"type": "Feature", "geometry": {"type": "Point", "coordinates": [8.5058832, 49.0903934]}, "properties": {"id": "osm:way:961403992", "type": "school", "name": "Drais- Grundschule Staffort", "source": "OpenStreetMap/Overpass"}}, {"type": "Feature", "geometry": {"type": "Point", "coordinates": [8.4844342, 49.0042888]}, "properties": {"id": "osm:way:975389538", "type": "school", "name": "Gewerbeschule Durlach", "source": "OpenStreetMap/Overpass"}}, {"type": "Feature", "geometry": {"type": "Point", "coordinates": [8.3968395, 48.9403912]}, "properties": {"id": "osm:way:996154233", "type": "school", "name": "Wilhelm-Röpke-Schule", "source": "OpenStreetMap/Overpass"}}, {"type": "Feature", "geometry": {"type": "Point", "coordinates": [8.3797017, 48.9885435]}, "properties": {"id": "osm:way:1000287731", "type": "school", "name": "Grundschule Bulach", "source": "OpenStreetMap/Overpass"}}, {"type": "Feature", "geometry": {"type": "Point", "coordinates": [8.2832838, 48.9599315]}, "properties": {"id": "osm:way:1011487516", "type": "kindergarten", "name": "Regenbogen", "source": "OpenStreetMap/Overpass"}}, {"type": "Feature", "geometry": {"type": "Point", "coordinates": [8.3684799, 49.0179027]}, "properties": {"id": "osm:way:1014933257", "type": "childcare", "name": "Haus Q (Kita Klinikzwerge)", "source": "OpenStreetMap/Overpass"}}, {"type": "Feature", "geometry": {"type": "Point", "coordinates": [8.4573917, 48.9936679]}, "properties": {"id": "osm:way:1015074878", "type": "kindergarten", "name": "Melanchthon Kindergarten", "source": "OpenStreetMap/Overpass"}}, {"type": "Feature", "geometry": {"type": "Point", "coordinates": [8.3924758, 49.0543428]}, "properties": {"id": "osm:way:1026132871", "type": "school", "name": "Freie Aktive Schule Karlsruhe", "source": "OpenStreetMap/Overpass"}}, {"type": "Feature", "geometry": {"type": "Point", "coordinates": [8.3889823, 49.0260151]}, "properties": {"id": "osm:way:1027110481", "type": "school", "name": "Marylandschule", "source": "OpenStreetMap/Overpass"}}, {"type": "Feature", "geometry": {"type": "Point", "coordinates": [8.4545032, 48.9917183]}, "properties": {"id": "osm:way:1030987505", "type": "school", "name": "Oberwaldschule Aue", "source": "OpenStreetMap/Overpass"}}, {"type": "Feature", "geometry": {"type": "Point", "coordinates": [8.3914688, 49.0301379]}, "properties": {"id": "osm:way:1034405771", "type": "kindergarten", "name": "Kinderhaus am Schlossstrahl", "source": "OpenStreetMap/Overpass"}}, {"type": "Feature", "geometry": {"type": "Point", "coordinates": [8.4119936, 48.9414207]}, "properties": {"id": "osm:way:1035058353", "type": "school", "name": "Philipp-Thiebauth-Schule", "source": "OpenStreetMap/Overpass"}}, {"type": "Feature", "geometry": {"type": "Point", "coordinates": [8.4066188, 48.9436059]}, "properties": {"id": "osm:way:1035094613", "type": "school", "name": "Schillerschule", "source": "OpenStreetMap/Overpass"}}, {"type": "Feature", "geometry": {"type": "Point", "coordinates": [8.4095004, 48.9482135]}, "properties": {"id": "osm:way:1035147585", "type": "kindergarten", "name": "St. Vincentius II", "source": "OpenStreetMap/Overpass"}}, {"type": "Feature", "geometry": {"type": "Point", "coordinates": [8.4098298, 48.9442992]}, "properties": {"id": "osm:way:1035157919", "type": "kindergarten", "name": "St. Vincentius I", "source": "OpenStreetMap/Overpass"}}, {"type": "Feature", "geometry": {"type": "Point", "coordinates": [8.477858, 48.9658812]}, "properties": {"id": "osm:way:1042986148", "type": "kindergarten", "name": "Evangelischer Kindergarten Regenbogen", "source": "OpenStreetMap/Overpass"}}, {"type": "Feature", "geometry": {"type": "Point", "coordinates": [8.4782728, 48.9654322]}, "properties": {"id": "osm:way:1042986149", "type": "school", "name": "Schule im Lustgarten", "source": "OpenStreetMap/Overpass"}}, {"type": "Feature", "geometry": {"type": "Point", "coordinates": [8.4766109, 48.965717]}, "properties": {"id": "osm:way:1042992373", "type": "kindergarten", "name": "Kindertagesstätte Wiesenwichtel", "source": "OpenStreetMap/Overpass"}}, {"type": "Feature", "geometry": {"type": "Point", "coordinates": [8.3989124, 49.0762874]}, "properties": {"id": "osm:way:1043854985", "type": "kindergarten", "name": "Kindergarten Märchenwald", "source": "OpenStreetMap/Overpass"}}, {"type": "Feature", "geometry": {"type": "Point", "coordinates": [8.4033562, 49.0879271]}, "properties": {"id": "osm:way:1044465088", "type": "kindergarten", "name": "Regenbogenexpress", "source": "OpenStreetMap/Overpass"}}, {"type": "Feature", "geometry": {"type": "Point", "coordinates": [8.4296786, 49.0128244]}, "properties": {"id": "osm:way:1044478194", "type": "kindergarten", "name": "Kita Burgpiraten", "source": "OpenStreetMap/Overpass"}}, {"type": "Feature", "geometry": {"type": "Point", "coordinates": [8.3894018, 49.078143]}, "properties": {"id": "osm:way:1046646837", "type": "school", "name": "Lindenschule", "source": "OpenStreetMap/Overpass"}}, {"type": "Feature", "geometry": {"type": "Point", "coordinates": [8.4776231, 49.0038694]}, "properties": {"id": "osm:way:1050020853", "type": "school", "name": "Berufskolleg Grafikdesign Carl-Hofer-Schule", "source": "OpenStreetMap/Overpass"}}, {"type": "Feature", "geometry": {"type": "Point", "coordinates": [8.4515795, 48.9731867]}, "properties": {"id": "osm:way:1056454306", "type": "school", "name": "Grundschule Wolfartsweier", "source": "OpenStreetMap/Overpass"}}, {"type": "Feature", "geometry": {"type": "Point", "coordinates": [8.4531678, 48.9756097]}, "properties": {"id": "osm:way:1056471114", "type": "kindergarten", "name": "Städtische Kindertagesstätte Wettersteinstraße", "source": "OpenStreetMap/Overpass"}}, {"type": "Feature", "geometry": {"type": "Point", "coordinates": [8.379443, 48.9889702]}, "properties": {"id": "osm:way:1059972012", "type": "kindergarten", "name": "Katholischer Kindergarten St. Georg", "source": "OpenStreetMap/Overpass"}}, {"type": "Feature", "geometry": {"type": "Point", "coordinates": [8.5325678, 49.0042859]}, "properties": {"id": "osm:way:1079243671", "type": "kindergarten", "name": "Gemeindekindergarten \"Rasselbande\"", "source": "OpenStreetMap/Overpass"}}, {"type": "Feature", "geometry": {"type": "Point", "coordinates": [8.5292486, 49.0035394]}, "properties": {"id": "osm:way:1079417874", "type": "kindergarten", "name": "", "source": "OpenStreetMap/Overpass"}}, {"type": "Feature", "geometry": {"type": "Point", "coordinates": [8.3572556, 49.0196277]}, "properties": {"id": "osm:way:1080093780", "type": "kindergarten", "name": "Kinderhaus Sterngucker", "source": "OpenStreetMap/Overpass"}}, {"type": "Feature", "geometry": {"type": "Point", "coordinates": [8.3865984, 48.9902011]}, "properties": {"id": "osm:way:1084409388", "type": "kindergarten", "name": "Evang. Kita \"Paul-Gerhardt\"", "source": "OpenStreetMap/Overpass"}}, {"type": "Feature", "geometry": {"type": "Point", "coordinates": [8.3932251, 48.9799216]}, "properties": {"id": "osm:way:1084425068", "type": "kindergarten", "name": "Kindergarten an der Alb", "source": "OpenStreetMap/Overpass"}}, {"type": "Feature", "geometry": {"type": "Point", "coordinates": [8.389667, 49.0275714]}, "properties": {"id": "osm:way:1085014307", "type": "kindergarten", "name": "Schülerhort Rhode-Island-Allee", "source": "OpenStreetMap/Overpass"}}, {"type": "Feature", "geometry": {"type": "Point", "coordinates": [8.3899307, 49.0266821]}, "properties": {"id": "osm:way:1085014308", "type": "school", "name": "Heisenberg-Gymnasium", "source": "OpenStreetMap/Overpass"}}, {"type": "Feature", "geometry": {"type": "Point", "coordinates": [8.5108093, 49.0667131]}, "properties": {"id": "osm:way:1086224060", "type": "kindergarten", "name": "Evangelischer Kindergarten Waldbrücke", "source": "OpenStreetMap/Overpass"}}, {"type": "Feature", "geometry": {"type": "Point", "coordinates": [8.516629, 49.0583461]}, "properties": {"id": "osm:way:1086402400", "type": "kindergarten", "name": "", "source": "OpenStreetMap/Overpass"}}, {"type": "Feature", "geometry": {"type": "Point", "coordinates": [8.2778808, 48.9447935]}, "properties": {"id": "osm:way:1090063617", "type": "kindergarten", "name": "Villa Regenbogen", "source": "OpenStreetMap/Overpass"}}, {"type": "Feature", "geometry": {"type": "Point", "coordinates": [8.4812144, 48.9450108]}, "properties": {"id": "osm:way:1091253954", "type": "kindergarten", "name": "Städt. Kindertagesstätte Palmbach", "source": "OpenStreetMap/Overpass"}}, {"type": "Feature", "geometry": {"type": "Point", "coordinates": [8.4773698, 48.9534461]}, "properties": {"id": "osm:way:1091275075", "type": "school", "name": "Heinz-Barth Schule Wettersbach", "source": "OpenStreetMap/Overpass"}}, {"type": "Feature", "geometry": {"type": "Point", "coordinates": [8.4953628, 49.0055941]}, "properties": {"id": "osm:way:1101903205", "type": "kindergarten", "name": "Kinder- und Jugendhaus Grötzingen", "source": "OpenStreetMap/Overpass"}}, {"type": "Feature", "geometry": {"type": "Point", "coordinates": [8.3875462, 48.9501606]}, "properties": {"id": "osm:way:1109063878", "type": "school", "name": "", "source": "OpenStreetMap/Overpass"}}, {"type": "Feature", "geometry": {"type": "Point", "coordinates": [8.3671307, 48.9881585]}, "properties": {"id": "osm:way:1110027004", "type": "kindergarten", "name": "Städtische Kindertagesstätte Bonhoefferstraße", "source": "OpenStreetMap/Overpass"}}, {"type": "Feature", "geometry": {"type": "Point", "coordinates": [8.353561, 48.9988897]}, "properties": {"id": "osm:way:1110749962", "type": "school", "name": "Grundschule Grünwinkel", "source": "OpenStreetMap/Overpass"}}, {"type": "Feature", "geometry": {"type": "Point", "coordinates": [8.3691014, 49.0310556]}, "properties": {"id": "osm:way:1126353072", "type": "school", "name": "Werner-von-Siemens-Schule", "source": "OpenStreetMap/Overpass"}}, {"type": "Feature", "geometry": {"type": "Point", "coordinates": [8.5394733, 48.9896947]}, "properties": {"id": "osm:way:1134443266", "type": "kindergarten", "name": "Guter Hirte", "source": "OpenStreetMap/Overpass"}}, {"type": "Feature", "geometry": {"type": "Point", "coordinates": [8.3595716, 48.9858254]}, "properties": {"id": "osm:way:1146817771", "type": "kindergarten", "name": "KiTa Arche Kunterbunt", "source": "OpenStreetMap/Overpass"}}, {"type": "Feature", "geometry": {"type": "Point", "coordinates": [8.4078039, 48.9997414]}, "properties": {"id": "osm:way:1150123931", "type": "kindergarten", "name": "Kindergarten Marienstraße 60", "source": "OpenStreetMap/Overpass"}}, {"type": "Feature", "geometry": {"type": "Point", "coordinates": [8.4666102, 48.955895]}, "properties": {"id": "osm:way:1150461090", "type": "kindergarten", "name": "Evangelische Kindertageseinrichtung Grünwettersbach", "source": "OpenStreetMap/Overpass"}}, {"type": "Feature", "geometry": {"type": "Point", "coordinates": [8.3643136, 48.9902382]}, "properties": {"id": "osm:way:1150812476", "type": "kindergarten", "name": "Städtischer Schülerhort Albert-Braun-Straße", "source": "OpenStreetMap/Overpass"}}, {"type": "Feature", "geometry": {"type": "Point", "coordinates": [8.4768126, 49.0023867]}, "properties": {"id": "osm:way:1154092871", "type": "kindergarten", "name": "Kita Wigwam", "source": "OpenStreetMap/Overpass"}}, {"type": "Feature", "geometry": {"type": "Point", "coordinates": [8.4600122, 48.9886936]}, "properties": {"id": "osm:way:1154209519", "type": "kindergarten", "name": "Kita Zauberwürfel", "source": "OpenStreetMap/Overpass"}}, {"type": "Feature", "geometry": {"type": "Point", "coordinates": [8.4400867, 49.0135898]}, "properties": {"id": "osm:way:1165332554", "type": "school", "name": "", "source": "OpenStreetMap/Overpass"}}, {"type": "Feature", "geometry": {"type": "Point", "coordinates": [8.3282956, 49.0048337]}, "properties": {"id": "osm:way:1223196927", "type": "kindergarten", "name": "St. Valentin", "source": "OpenStreetMap/Overpass"}}, {"type": "Feature", "geometry": {"type": "Point", "coordinates": [8.3308442, 49.0042811]}, "properties": {"id": "osm:way:1223198975", "type": "kindergarten", "name": "Kindergarten Heilig-Geist", "source": "OpenStreetMap/Overpass"}}, {"type": "Feature", "geometry": {"type": "Point", "coordinates": [8.3867049, 49.0322948]}, "properties": {"id": "osm:way:1229017853", "type": "kindergarten", "name": "Evangelischer Kindergarten Neureut-Heide Schmetterlinge", "source": "OpenStreetMap/Overpass"}}, {"type": "Feature", "geometry": {"type": "Point", "coordinates": [8.3731713, 49.0329933]}, "properties": {"id": "osm:way:1229621166", "type": "kindergarten", "name": "", "source": "OpenStreetMap/Overpass"}}, {"type": "Feature", "geometry": {"type": "Point", "coordinates": [8.3645995, 49.0087867]}, "properties": {"id": "osm:way:1230055667", "type": "kindergarten", "name": "Evangelische Kindertageseinrichtung \"Kinder-Wichern-Haus\"", "source": "OpenStreetMap/Overpass"}}, {"type": "Feature", "geometry": {"type": "Point", "coordinates": [8.3635703, 49.0085354]}, "properties": {"id": "osm:way:1230055668", "type": "school", "name": "Friedrich Ebert Grundschule", "source": "OpenStreetMap/Overpass"}}, {"type": "Feature", "geometry": {"type": "Point", "coordinates": [8.3638381, 49.0090768]}, "properties": {"id": "osm:way:1230055669", "type": "kindergarten", "name": "Kindertagesstätte Staudingerstraße", "source": "OpenStreetMap/Overpass"}}, {"type": "Feature", "geometry": {"type": "Point", "coordinates": [8.366665, 49.0187908]}, "properties": {"id": "osm:way:1230253897", "type": "school", "name": "Erich Kästner-Schule", "source": "OpenStreetMap/Overpass"}}, {"type": "Feature", "geometry": {"type": "Point", "coordinates": [8.3697867, 49.0198556]}, "properties": {"id": "osm:way:1230253978", "type": "kindergarten", "name": "", "source": "OpenStreetMap/Overpass"}}, {"type": "Feature", "geometry": {"type": "Point", "coordinates": [8.3880621, 49.0091107]}, "properties": {"id": "osm:way:1230444604", "type": "kindergarten", "name": "Evang. Kita \"Dietrich Bonhoeffer\"", "source": "OpenStreetMap/Overpass"}}, {"type": "Feature", "geometry": {"type": "Point", "coordinates": [8.4338185, 49.0337146]}, "properties": {"id": "osm:way:1230557022", "type": "kindergarten", "name": "Kath. Kindertagesstätte St. Hedwig", "source": "OpenStreetMap/Overpass"}}, {"type": "Feature", "geometry": {"type": "Point", "coordinates": [8.3683471, 49.0179179]}, "properties": {"id": "osm:way:1231011385", "type": "kindergarten", "name": "Kindertagesstätte Klinikzwerge", "source": "OpenStreetMap/Overpass"}}, {"type": "Feature", "geometry": {"type": "Point", "coordinates": [8.2866681, 49.0368815]}, "properties": {"id": "osm:way:1231036270", "type": "kindergarten", "name": "Kindertagesstätte Martin-Luther-King", "source": "OpenStreetMap/Overpass"}}, {"type": "Feature", "geometry": {"type": "Point", "coordinates": [8.3448711, 49.0279518]}, "properties": {"id": "osm:way:1231323821", "type": "kindergarten", "name": "Kindergarten Kindertagesstätte", "source": "OpenStreetMap/Overpass"}}, {"type": "Feature", "geometry": {"type": "Point", "coordinates": [8.5202155, 49.0550605]}, "properties": {"id": "osm:way:1231665412", "type": "kindergarten", "name": "St. Michael", "source": "OpenStreetMap/Overpass"}}, {"type": "Feature", "geometry": {"type": "Point", "coordinates": [8.5413589, 48.9911803]}, "properties": {"id": "osm:way:1237546146", "type": "kindergarten", "name": "Kita Im Bahnwinkel", "source": "OpenStreetMap/Overpass"}}, {"type": "Feature", "geometry": {"type": "Point", "coordinates": [8.2983394, 48.9644993]}, "properties": {"id": "osm:way:1239838944", "type": "school", "name": "", "source": "OpenStreetMap/Overpass"}}, {"type": "Feature", "geometry": {"type": "Point", "coordinates": [8.2949781, 48.9597357]}, "properties": {"id": "osm:way:1239839987", "type": "kindergarten", "name": "Kindergarten St. Martin", "source": "OpenStreetMap/Overpass"}}, {"type": "Feature", "geometry": {"type": "Point", "coordinates": [8.3533128, 48.9971897]}, "properties": {"id": "osm:way:1262243000", "type": "kindergarten", "name": "Kita Bernstein", "source": "OpenStreetMap/Overpass"}}, {"type": "Feature", "geometry": {"type": "Point", "coordinates": [8.3855763, 49.017168]}, "properties": {"id": "osm:way:1267792839", "type": "kindergarten", "name": "Kindertagespflege Gartenzwerge", "source": "OpenStreetMap/Overpass"}}, {"type": "Feature", "geometry": {"type": "Point", "coordinates": [8.3772017, 49.0037599]}, "properties": {"id": "osm:way:1286193682", "type": "childcare", "name": "", "source": "OpenStreetMap/Overpass"}}, {"type": "Feature", "geometry": {"type": "Point", "coordinates": [8.4631202, 48.9979781]}, "properties": {"id": "osm:way:1288114736", "type": "kindergarten", "name": "", "source": "OpenStreetMap/Overpass"}}, {"type": "Feature", "geometry": {"type": "Point", "coordinates": [8.4267853, 49.0015024]}, "properties": {"id": "osm:way:1288129135", "type": "school", "name": "", "source": "OpenStreetMap/Overpass"}}, {"type": "Feature", "geometry": {"type": "Point", "coordinates": [8.5155982, 49.0909877]}, "properties": {"id": "osm:way:1293640953", "type": "kindergarten", "name": "", "source": "OpenStreetMap/Overpass"}}, {"type": "Feature", "geometry": {"type": "Point", "coordinates": [8.5124354, 49.0626857]}, "properties": {"id": "osm:way:1293827728", "type": "kindergarten", "name": "Am Buchenweg", "source": "OpenStreetMap/Overpass"}}, {"type": "Feature", "geometry": {"type": "Point", "coordinates": [8.3505415, 48.9984228]}, "properties": {"id": "osm:way:1299137693", "type": "kindergarten", "name": "Katholischer Kindergarten St. Josef", "source": "OpenStreetMap/Overpass"}}, {"type": "Feature", "geometry": {"type": "Point", "coordinates": [8.3794996, 49.0072158]}, "properties": {"id": "osm:way:1307025245", "type": "kindergarten", "name": "Kindertagesstätte Entdeckerraupen", "source": "OpenStreetMap/Overpass"}}, {"type": "Feature", "geometry": {"type": "Point", "coordinates": [8.3870183, 49.0138175]}, "properties": {"id": "osm:way:1307217032", "type": "school", "name": "", "source": "OpenStreetMap/Overpass"}}, {"type": "Feature", "geometry": {"type": "Point", "coordinates": [8.3539437, 48.9911995]}, "properties": {"id": "osm:way:1309494896", "type": "kindergarten", "name": "Kreuzelburg", "source": "OpenStreetMap/Overpass"}}, {"type": "Feature", "geometry": {"type": "Point", "coordinates": [8.386231, 49.0544172]}, "properties": {"id": "osm:way:1311336721", "type": "kindergarten", "name": "Evangelischer Kindergarten Paul Gerhardt", "source": "OpenStreetMap/Overpass"}}, {"type": "Feature", "geometry": {"type": "Point", "coordinates": [8.4833394, 49.0007072]}, "properties": {"id": "osm:way:1315212775", "type": "school", "name": "Schule am Turmberg", "source": "OpenStreetMap/Overpass"}}, {"type": "Feature", "geometry": {"type": "Point", "coordinates": [8.4671168, 49.0474478]}, "properties": {"id": "osm:way:1318483471", "type": "school", "name": "Theodor-Heuss-Grundschule", "source": "OpenStreetMap/Overpass"}}, {"type": "Feature", "geometry": {"type": "Point", "coordinates": [8.4072181, 49.0063331]}, "properties": {"id": "osm:way:1326242050", "type": "kindergarten", "name": "Kindertagesstätte im Gewerbehof", "source": "OpenStreetMap/Overpass"}}, {"type": "Feature", "geometry": {"type": "Point", "coordinates": [8.389858, 49.0785927]}, "properties": {"id": "osm:way:1326530110", "type": "kindergarten", "name": "Spielkiste", "source": "OpenStreetMap/Overpass"}}, {"type": "Feature", "geometry": {"type": "Point", "coordinates": [8.3802186, 48.9985434]}, "properties": {"id": "osm:way:1328538875", "type": "kindergarten", "name": "Kita im Lebenshilfehaus", "source": "OpenStreetMap/Overpass"}}, {"type": "Feature", "geometry": {"type": "Point", "coordinates": [8.5415087, 48.9849143]}, "properties": {"id": "osm:way:1332413024", "type": "kindergarten", "name": "Emil-Frommel-Haus", "source": "OpenStreetMap/Overpass"}}, {"type": "Feature", "geometry": {"type": "Point", "coordinates": [8.4973207, 49.0018666]}, "properties": {"id": "osm:way:1335354567", "type": "kindergarten", "name": "Katholischer Kindergarten Luisenhof", "source": "OpenStreetMap/Overpass"}}, {"type": "Feature", "geometry": {"type": "Point", "coordinates": [8.3565701, 49.0036779]}, "properties": {"id": "osm:way:1342999239", "type": "kindergarten", "name": "Schülerhort Grünwinkel", "source": "OpenStreetMap/Overpass"}}, {"type": "Feature", "geometry": {"type": "Point", "coordinates": [8.331533, 48.9901031]}, "properties": {"id": "osm:way:1348565939", "type": "kindergarten", "name": "Kleine Sternschnuppe", "source": "OpenStreetMap/Overpass"}}, {"type": "Feature", "geometry": {"type": "Point", "coordinates": [8.337206, 48.9926025]}, "properties": {"id": "osm:way:1349333236", "type": "kindergarten", "name": "Kindertagesstätte Sankt Barbara", "source": "OpenStreetMap/Overpass"}}, {"type": "Feature", "geometry": {"type": "Point", "coordinates": [8.3538075, 49.001609]}, "properties": {"id": "osm:way:1349795680", "type": "kindergarten", "name": "Villa Siebenschläfer", "source": "OpenStreetMap/Overpass"}}, {"type": "Feature", "geometry": {"type": "Point", "coordinates": [8.4066873, 48.9779645]}, "properties": {"id": "osm:way:1354056849", "type": "kindergarten", "name": "Schülerhort Rüppurr", "source": "OpenStreetMap/Overpass"}}, {"type": "Feature", "geometry": {"type": "Point", "coordinates": [8.385774, 48.996437]}, "properties": {"id": "osm:way:1363337244", "type": "kindergarten", "name": "les petits amis", "source": "OpenStreetMap/Overpass"}}, {"type": "Feature", "geometry": {"type": "Point", "coordinates": [8.4971646, 49.0112874]}, "properties": {"id": "osm:way:1363534755", "type": "childcare", "name": "Kindertagsstätte Obere Setz", "source": "OpenStreetMap/Overpass"}}, {"type": "Feature", "geometry": {"type": "Point", "coordinates": [8.3762328, 49.0118976]}, "properties": {"id": "osm:way:1372210161", "type": "kindergarten", "name": "Kindertagesstätte Blücherstraße", "source": "OpenStreetMap/Overpass"}}, {"type": "Feature", "geometry": {"type": "Point", "coordinates": [8.3653642, 49.0256177]}, "properties": {"id": "osm:way:1373887597", "type": "kindergarten", "name": "Kindertagesstätte Pamina", "source": "OpenStreetMap/Overpass"}}, {"type": "Feature", "geometry": {"type": "Point", "coordinates": [8.3715043, 49.0451978]}, "properties": {"id": "osm:way:1392446690", "type": "school", "name": "Südschule Neureut", "source": "OpenStreetMap/Overpass"}}, {"type": "Feature", "geometry": {"type": "Point", "coordinates": [8.3721782, 49.0446044]}, "properties": {"id": "osm:way:1392446692", "type": "kindergarten", "name": "Kindertagesstätte Oberfeld", "source": "OpenStreetMap/Overpass"}}, {"type": "Feature", "geometry": {"type": "Point", "coordinates": [8.4742829, 49.0472416]}, "properties": {"id": "osm:way:1393052363", "type": "kindergarten", "name": "Naturkindergarten Pusteblume", "source": "OpenStreetMap/Overpass"}}, {"type": "Feature", "geometry": {"type": "Point", "coordinates": [8.2838377, 49.0333011]}, "properties": {"id": "osm:way:1395496856", "type": "kindergarten", "name": "Kita Villa Regenbogen", "source": "OpenStreetMap/Overpass"}}, {"type": "Feature", "geometry": {"type": "Point", "coordinates": [8.4664434, 49.0678996]}, "properties": {"id": "osm:way:1395586141", "type": "kindergarten", "name": "Evangelischer Michaeliskindergarten", "source": "OpenStreetMap/Overpass"}}, {"type": "Feature", "geometry": {"type": "Point", "coordinates": [8.411127, 48.9649161]}, "properties": {"id": "osm:way:1412491233", "type": "kindergarten", "name": "Evangelischer Kindergarten Reinhold-Schneiderstraße", "source": "OpenStreetMap/Overpass"}}, {"type": "Feature", "geometry": {"type": "Point", "coordinates": [8.3424924, 49.0377319]}, "properties": {"id": "osm:way:1412579944", "type": "kindergarten", "name": "Städtischer Schülerhort am Brurain", "source": "OpenStreetMap/Overpass"}}, {"type": "Feature", "geometry": {"type": "Point", "coordinates": [8.4663971, 48.9722215]}, "properties": {"id": "osm:way:1465076966", "type": "kindergarten", "name": "", "source": "OpenStreetMap/Overpass"}}, {"type": "Feature", "geometry": {"type": "Point", "coordinates": [8.4573325, 48.978604]}, "properties": {"id": "osm:way:1483071712", "type": "kindergarten", "name": "Espira Kinderbetreuung", "source": "OpenStreetMap/Overpass"}}, {"type": "Feature", "geometry": {"type": "Point", "coordinates": [8.4700821, 48.997242]}, "properties": {"id": "osm:way:1491117272", "type": "kindergarten", "name": "Am Basler Tor", "source": "OpenStreetMap/Overpass"}}, {"type": "Feature", "geometry": {"type": "Point", "coordinates": [8.4023302, 48.9500033]}, "properties": {"id": "osm:way:1501779449", "type": "kindergarten", "name": "", "source": "OpenStreetMap/Overpass"}}, {"type": "Feature", "geometry": {"type": "Point", "coordinates": [8.4037426, 48.9428545]}, "properties": {"id": "osm:way:1526387479", "type": "kindergarten", "name": "St. Elisabethen", "source": "OpenStreetMap/Overpass"}}, {"type": "Feature", "geometry": {"type": "Point", "coordinates": [8.3541114, 49.0041279]}, "properties": {"id": "osm:way:1528826736", "type": "kindergarten", "name": "", "source": "OpenStreetMap/Overpass"}}, {"type": "Feature", "geometry": {"type": "Point", "coordinates": [8.3781651, 49.0070561]}, "properties": {"id": "osm:way:1534922955", "type": "kindergarten", "name": "Katholische Kindertagesstätte St. Lioba", "source": "OpenStreetMap/Overpass"}}, {"type": "Feature", "geometry": {"type": "Point", "coordinates": [8.3924332, 48.9802337]}, "properties": {"id": "osm:relation:1493673", "type": "school", "name": "Weiherwaldschule", "source": "OpenStreetMap/Overpass"}}, {"type": "Feature", "geometry": {"type": "Point", "coordinates": [8.3168888, 48.9795294]}, "properties": {"id": "osm:relation:1694635", "type": "kindergarten", "name": "Kindergarten Sonnenblick", "source": "OpenStreetMap/Overpass"}}, {"type": "Feature", "geometry": {"type": "Point", "coordinates": [8.3974186, 48.9404636]}, "properties": {"id": "osm:relation:3489399", "type": "school", "name": "Bertha-von-Suttner-Schule", "source": "OpenStreetMap/Overpass"}}, {"type": "Feature", "geometry": {"type": "Point", "coordinates": [8.5056273, 49.0905119]}, "properties": {"id": "osm:relation:3934751", "type": "school", "name": "Drais-Grundschule", "source": "OpenStreetMap/Overpass"}}, {"type": "Feature", "geometry": {"type": "Point", "coordinates": [8.3410314, 49.0332601]}, "properties": {"id": "osm:relation:4151078", "type": "school", "name": "Viktor-von-Scheffel-Schule", "source": "OpenStreetMap/Overpass"}}, {"type": "Feature", "geometry": {"type": "Point", "coordinates": [8.3934525, 49.0066315]}, "properties": {"id": "osm:relation:6260880", "type": "school", "name": "Fichte-Gymnasium", "source": "OpenStreetMap/Overpass"}}, {"type": "Feature", "geometry": {"type": "Point", "coordinates": [8.4058951, 49.0150422]}, "properties": {"id": "osm:relation:7011483", "type": "school", "name": "Hochschule Karlsruhe", "source": "OpenStreetMap/Overpass"}}, {"type": "Feature", "geometry": {"type": "Point", "coordinates": [8.4066557, 48.9783147]}, "properties": {"id": "osm:relation:18609347", "type": "kindergarten", "name": "Kita Blütenweg", "source": "OpenStreetMap/Overpass"}}]}
