{"type": "FeatureCollection", "features": [{"type": "Feature", "geometry": {"type": "Point", "coordinates": [13.3138632, 52.5699596]}, "properties": {"id": "osm:node:137549003", "type": "kindergarten", "name": "Bunte  Klänge Kindergarten", "source": "OpenStreetMap/Overpass"}}, {"type": "Feature", "geometry": {"type": "Point", "coordinates": [13.4333992, 52.5015358]}, "properties": {"id": "osm:node:167048488", "type": "kindergarten", "name": "Nestwärme Kita", "source": "OpenStreetMap/Overpass"}}, {"type": "Feature", "geometry": {"type": "Point", "coordinates": [13.3384592, 52.4799688]}, "properties": {"id": "osm:node:237838613", "type": "school", "name": "Rückert-Gymnasium", "source": "OpenStreetMap/Overpass"}}, {"type": "Feature", "geometry": {"type": "Point", "coordinates": [13.2880437, 52.5394411]}, "properties": {"id": "osm:node:256912446", "type": "school", "name": "Erwin von Witzleben Grundschule", "source": "OpenStreetMap/Overpass"}}, {"type": "Feature", "geometry": {"type": "Point", "coordinates": [13.2416342, 52.521142]}, "properties": {"id": "osm:node:256913234", "type": "school", "name": "Sportschule im Olympiapark - Poelchau-Schule", "source": "OpenStreetMap/Overpass"}}, {"type": "Feature", "geometry": {"type": "Point", "coordinates": [13.2883255, 52.5376587]}, "properties": {"id": "osm:node:256913872", "type": "school", "name": "Anna Freud Schule", "source": "OpenStreetMap/Overpass"}}, {"type": "Feature", "geometry": {"type": "Point", "coordinates": [13.7484636, 52.437435]}, "properties": {"id": "osm:node:263055655", "type": "school", "name": "Förderschule", "source": "OpenStreetMap/Overpass"}}, {"type": "Feature", "geometry": {"type": "Point", "coordinates": [13.3258251, 52.4767411]}, "properties": {"id": "osm:node:268915158", "type": "kindergarten", "name": "Kita Fehlerstraße 2", "source": "OpenStreetMap/Overpass"}}, {"type": "Feature", "geometry": {"type": "Point", "coordinates": [13.3325044, 52.4685223]}, "properties": {"id": "osm:node:268915167", "type": "kindergarten", "name": "Ganztagsbetreuung der Fläming-Grundschule", "source": "OpenStreetMap/Overpass"}}, {"type": "Feature", "geometry": {"type": "Point", "coordinates": [13.3496243, 52.5398837]}, "properties": {"id": "osm:node:268915173", "type": "kindergarten", "name": "kidsweb.de Kindertagesbetreuung", "source": "OpenStreetMap/Overpass"}}, {"type": "Feature", "geometry": {"type": "Point", "coordinates": [13.3019467, 52.4978346]}, "properties": {"id": "osm:node:268915174", "type": "school", "name": "ABC-Kindergarten - Sabine Erdmann Vorschule", "source": "OpenStreetMap/Overpass"}}, {"type": "Feature", "geometry": {"type": "Point", "coordinates": [13.3587022, 52.5006833]}, "properties": {"id": "osm:node:268915177", "type": "kindergarten", "name": "EKG - An der Apostelkirche 1", "source": "OpenStreetMap/Overpass"}}, {"type": "Feature", "geometry": {"type": "Point", "coordinates": [13.3258382, 52.5916324]}, "properties": {"id": "osm:node:268915180", "type": "kindergarten", "name": "EKG - Alt-Wittenau 64", "source": "OpenStreetMap/Overpass"}}, {"type": "Feature", "geometry": {"type": "Point", "coordinates": [13.2698094, 52.5504682]}, "properties": {"id": "osm:node:268915183", "type": "kindergarten", "name": "EKG - An der Mäckeritzbrücke 4", "source": "OpenStreetMap/Overpass"}}, {"type": "Feature", "geometry": {"type": "Point", "coordinates": [13.3155199, 52.617587]}, "properties": {"id": "osm:node:268915185", "type": "kindergarten", "name": "EKG - Berliner Straße 120", "source": "OpenStreetMap/Overpass"}}, {"type": "Feature", "geometry": {"type": "Point", "coordinates": [13.3571434, 52.4473892]}, "properties": {"id": "osm:node:268915194", "type": "kindergarten", "name": "EKG - Ellwanger Straße 9-11", "source": "OpenStreetMap/Overpass"}}, {"type": "Feature", "geometry": {"type": "Point", "coordinates": [13.3211029, 52.4791322]}, "properties": {"id": "osm:node:268915196", "type": "kindergarten", "name": "EKG - Detmolder Straße 17", "source": "OpenStreetMap/Overpass"}}, {"type": "Feature", "geometry": {"type": "Point", "coordinates": [13.3866799, 52.4389996]}, "properties": {"id": "osm:node:268915198", "type": "kindergarten", "name": "EKG - Friedenstraße 20", "source": "OpenStreetMap/Overpass"}}, {"type": "Feature", "geometry": {"type": "Point", "coordinates": [13.4057689, 52.3853393]}, "properties": {"id": "osm:node:268915205", "type": "kindergarten", "name": "Ev. Teilzeit-Kita Goltzstraße", "source": "OpenStreetMap/Overpass"}}, {"type": "Feature", "geometry": {"type": "Point", "coordinates": [13.3607718, 52.5602005]}, "properties": {"id": "osm:node:268915206", "type": "kindergarten", "name": "EKG - Gemeindezentrum Schillerhöhe", "source": "OpenStreetMap/Overpass"}}, {"type": "Feature", "geometry": {"type": "Point", "coordinates": [13.2870406, 52.504493]}, "properties": {"id": "osm:node:268915210", "type": "kindergarten", "name": "Kita der Evangelischen Kirchengemeinde Am Lietzensee", "source": "OpenStreetMap/Overpass"}}, {"type": "Feature", "geometry": {"type": "Point", "coordinates": [13.3274376, 52.447636]}, "properties": {"id": "osm:node:268915214", "type": "kindergarten", "name": "Lemmis Kreativ-Kita", "source": "OpenStreetMap/Overpass"}}, {"type": "Feature", "geometry": {"type": "Point", "coordinates": [13.3784317, 52.4600379]}, "properties": {"id": "osm:node:268915217", "type": "kindergarten", "name": "EKG - Kaiserin-Augusta-Straße 23", "source": "OpenStreetMap/Overpass"}}, {"type": "Feature", "geometry": {"type": "Point", "coordinates": [13.144791, 52.453963]}, "properties": {"id": "osm:node:268915220", "type": "kindergarten", "name": "Miniclub", "source": "OpenStreetMap/Overpass"}}, {"type": "Feature", "geometry": {"type": "Point", "coordinates": [13.1858413, 52.5118671]}, "properties": {"id": "osm:node:268915222", "type": "kindergarten", "name": "Eltern-Kind-Gruppe", "source": "OpenStreetMap/Overpass"}}, {"type": "Feature", "geometry": {"type": "Point", "coordinates": [13.4505383, 52.4226447]}, "properties": {"id": "osm:node:268915227", "type": "kindergarten", "name": "EKG - Martin-Luther-King-Weg 6", "source": "OpenStreetMap/Overpass"}}, {"type": "Feature", "geometry": {"type": "Point", "coordinates": [13.3139551, 52.5082915]}, "properties": {"id": "osm:node:268915231", "type": "kindergarten", "name": "Kindergarten Trinitatis", "source": "OpenStreetMap/Overpass"}}, {"type": "Feature", "geometry": {"type": "Point", "coordinates": [13.286726, 52.4594287]}, "properties": {"id": "osm:node:268915236", "type": "kindergarten", "name": "Teilzeit-KiTa Martin-Niemöller-Haus", "source": "OpenStreetMap/Overpass"}}, {"type": "Feature", "geometry": {"type": "Point", "coordinates": [13.2192643, 52.4376136]}, "properties": {"id": "osm:node:268915238", "type": "kindergarten", "name": "EKG - Matterhornstraße 37", "source": "OpenStreetMap/Overpass"}}, {"type": "Feature", "geometry": {"type": "Point", "coordinates": [13.3268807, 52.4939543]}, "properties": {"id": "osm:node:268915239", "type": "kindergarten", "name": "EKG - Nassauische Straße 66", "source": "OpenStreetMap/Overpass"}}, {"type": "Feature", "geometry": {"type": "Point", "coordinates": [13.1822088, 52.55894]}, "properties": {"id": "osm:node:268915241", "type": "kindergarten", "name": "EKG - Schwanter Weg 3", "source": "OpenStreetMap/Overpass"}}, {"type": "Feature", "geometry": {"type": "Point", "coordinates": [13.267403, 52.5414858]}, "properties": {"id": "osm:node:268915244", "type": "kindergarten", "name": "EKG - Schuckertdamm 336-338", "source": "OpenStreetMap/Overpass"}}, {"type": "Feature", "geometry": {"type": "Point", "coordinates": [13.3186112, 52.4561079]}, "properties": {"id": "osm:node:268915246", "type": "kindergarten", "name": "Eltern-Kind-Gruppe Matthäus", "source": "OpenStreetMap/Overpass"}}, {"type": "Feature", "geometry": {"type": "Point", "coordinates": [13.4022689, 52.4053643]}, "properties": {"id": "osm:node:268915247", "type": "kindergarten", "name": "EKG - Rackebüller Weg 64", "source": "OpenStreetMap/Overpass"}}, {"type": "Feature", "geometry": {"type": "Point", "coordinates": [13.3431711, 52.4958963]}, "properties": {"id": "osm:node:268915249", "type": "childcare", "name": "Ev. Kita Viktoria-Luise", "source": "OpenStreetMap/Overpass"}}, {"type": "Feature", "geometry": {"type": "Point", "coordinates": [13.1275935, 52.4653362]}, "properties": {"id": "osm:node:268915250", "type": "kindergarten", "name": "Kita der Evangelischen Kirchengemeinde Am Groß-Glienicker See", "source": "OpenStreetMap/Overpass"}}, {"type": "Feature", "geometry": {"type": "Point", "coordinates": [13.3392604, 52.4947329]}, "properties": {"id": "osm:node:268915258", "type": "kindergarten", "name": "EKT - Abrakadabra e.V.", "source": "OpenStreetMap/Overpass"}}, {"type": "Feature", "geometry": {"type": "Point", "coordinates": [13.3315829, 52.5299838]}, "properties": {"id": "osm:node:268915266", "type": "kindergarten", "name": "Kinderladen Ali Baba", "source": "OpenStreetMap/Overpass"}}, {"type": "Feature", "geometry": {"type": "Point", "coordinates": [13.4363771, 52.4663348]}, "properties": {"id": "osm:node:268915269", "type": "kindergarten", "name": "Ali Baba und seine Räuber \"Löwenzahn\"", "source": "OpenStreetMap/Overpass"}}, {"type": "Feature", "geometry": {"type": "Point", "coordinates": [13.3204746, 52.4603819]}, "properties": {"id": "osm:node:268915271", "type": "kindergarten", "name": "EKT - Ahörnchen e.V.", "source": "OpenStreetMap/Overpass"}}, {"type": "Feature", "geometry": {"type": "Point", "coordinates": [13.3526806, 52.4878741]}, "properties": {"id": "osm:node:268915272", "type": "kindergarten", "name": "Kinderladen Affentheater", "source": "OpenStreetMap/Overpass"}}, {"type": "Feature", "geometry": {"type": "Point", "coordinates": [13.3156844, 52.529794]}, "properties": {"id": "osm:node:268915276", "type": "kindergarten", "name": "Arche Moabit", "source": "OpenStreetMap/Overpass"}}, {"type": "Feature", "geometry": {"type": "Point", "coordinates": [13.3246757, 52.4726664]}, "properties": {"id": "osm:node:268915281", "type": "kindergarten", "name": "Kinderladen Atze + Co.", "source": "OpenStreetMap/Overpass"}}, {"type": "Feature", "geometry": {"type": "Point", "coordinates": [13.4318601, 52.4713145]}, "properties": {"id": "osm:node:268915285", "type": "kindergarten", "name": "Altenbraker Kinderladen", "source": "OpenStreetMap/Overpass"}}, {"type": "Feature", "geometry": {"type": "Point", "coordinates": [13.419956, 52.4770404]}, "properties": {"id": "osm:node:268915289", "type": "kindergarten", "name": "Feldmäuse an der Hasenheide", "source": "OpenStreetMap/Overpass"}}, {"type": "Feature", "geometry": {"type": "Point", "coordinates": [13.3079431, 52.4459867]}, "properties": {"id": "osm:node:268915290", "type": "kindergarten", "name": "Kinderladen Blumenladen", "source": "OpenStreetMap/Overpass"}}, {"type": "Feature", "geometry": {"type": "Point", "coordinates": [13.2895477, 52.5141335]}, "properties": {"id": "osm:node:268915292", "type": "kindergarten", "name": "Kita Bollerwagen", "source": "OpenStreetMap/Overpass"}}, {"type": "Feature", "geometry": {"type": "Point", "coordinates": [13.4015118, 52.4939862]}, "properties": {"id": "osm:node:268915293", "type": "kindergarten", "name": "EKT - Brausepulver e.V.", "source": "OpenStreetMap/Overpass"}}, {"type": "Feature", "geometry": {"type": "Point", "coordinates": [13.4172573, 52.4942784]}, "properties": {"id": "osm:node:268915297", "type": "kindergarten", "name": "EKT - Bunte Mischung e.V.", "source": "OpenStreetMap/Overpass"}}, {"type": "Feature", "geometry": {"type": "Point", "coordinates": [13.4316805, 52.4693894]}, "properties": {"id": "osm:node:268915298", "type": "kindergarten", "name": "Kinderladen \"Lieblingsmenschen\"", "source": "OpenStreetMap/Overpass"}}, {"type": "Feature", "geometry": {"type": "Point", "coordinates": [13.3258095, 52.4758505]}, "properties": {"id": "osm:node:268915302", "type": "kindergarten", "name": "Kinderladen Berliner Malbüro", "source": "OpenStreetMap/Overpass"}}, {"type": "Feature", "geometry": {"type": "Point", "coordinates": [13.4152842, 52.5466679]}, "properties": {"id": "osm:node:268915307", "type": "kindergarten", "name": "Kita Billabong", "source": "OpenStreetMap/Overpass"}}, {"type": "Feature", "geometry": {"type": "Point", "coordinates": [13.3545645, 52.575228]}, "properties": {"id": "osm:node:268915311", "type": "kindergarten", "name": "EKT - Das EI", "source": "OpenStreetMap/Overpass"}}, {"type": "Feature", "geometry": {"type": "Point", "coordinates": [13.3936034, 52.4874788]}, "properties": {"id": "osm:node:268915313", "type": "kindergarten", "name": "EKT - Combo e.V.", "source": "OpenStreetMap/Overpass"}}, {"type": "Feature", "geometry": {"type": "Point", "coordinates": [13.4189042, 52.4941875]}, "properties": {"id": "osm:node:268915314", "type": "kindergarten", "name": "EKT - Der kleine Horrorladen e.V.", "source": "OpenStreetMap/Overpass"}}, {"type": "Feature", "geometry": {"type": "Point", "coordinates": [13.5243187, 52.4883261]}, "properties": {"id": "osm:node:268915317", "type": "kindergarten", "name": "EKT - Das tapfere Schneiderlein", "source": "OpenStreetMap/Overpass"}}, {"type": "Feature", "geometry": {"type": "Point", "coordinates": [13.3614793, 52.5027488]}, "properties": {"id": "osm:node:268915322", "type": "kindergarten", "name": "Cocorico et Co", "source": "OpenStreetMap/Overpass"}}, {"type": "Feature", "geometry": {"type": "Point", "coordinates": [13.302174, 52.5238536]}, "properties": {"id": "osm:node:268915324", "type": "kindergarten", "name": "CIP Kita Theo Tintenklecks", "source": "OpenStreetMap/Overpass"}}, {"type": "Feature", "geometry": {"type": "Point", "coordinates": [13.2932159, 52.5167272]}, "properties": {"id": "osm:node:268915325", "type": "kindergarten", "name": "Sonnenblume", "source": "OpenStreetMap/Overpass"}}, {"type": "Feature", "geometry": {"type": "Point", "coordinates": [13.204318, 52.5557638]}, "properties": {"id": "osm:node:268915327", "type": "kindergarten", "name": "EKT - Die Knöpfe", "source": "OpenStreetMap/Overpass"}}, {"type": "Feature", "geometry": {"type": "Point", "coordinates": [13.4230255, 52.4796947]}, "properties": {"id": "osm:node:268915328", "type": "kindergarten", "name": "Die Kinkies", "source": "OpenStreetMap/Overpass"}}, {"type": "Feature", "geometry": {"type": "Point", "coordinates": [13.3742344, 52.4876781]}, "properties": {"id": "osm:node:268915330", "type": "kindergarten", "name": "Kinderladen Monumentenbande", "source": "OpenStreetMap/Overpass"}}, {"type": "Feature", "geometry": {"type": "Point", "coordinates": [13.3225, 52.4173]}, "properties": {"id": "osm:node:268915331", "type": "kindergarten", "name": "EKT - Die Maulwürfe", "source": "OpenStreetMap/Overpass"}}, {"type": "Feature", "geometry": {"type": "Point", "coordinates": [13.3636921, 52.4856076]}, "properties": {"id": "osm:node:268915332", "type": "kindergarten", "name": "Kita Tulpen", "source": "OpenStreetMap/Overpass"}}, {"type": "Feature", "geometry": {"type": "Point", "coordinates": [13.3214015, 52.4801079]}, "properties": {"id": "osm:node:268915333", "type": "kindergarten", "name": "Kinderladen Die Lauser", "source": "OpenStreetMap/Overpass"}}, {"type": "Feature", "geometry": {"type": "Point", "coordinates": [13.3846057, 52.5527052]}, "properties": {"id": "osm:node:268915337", "type": "kindergarten", "name": "Kita SilberStern", "source": "OpenStreetMap/Overpass"}}, {"type": "Feature", "geometry": {"type": "Point", "coordinates": [13.2474774, 52.6106394]}, "properties": {"id": "osm:node:268915339", "type": "kindergarten", "name": "Die Igelkinder", "source": "OpenStreetMap/Overpass"}}, {"type": "Feature", "geometry": {"type": "Point", "coordinates": [13.4016881, 52.4172709]}, "properties": {"id": "osm:node:268915340", "type": "kindergarten", "name": "Kinderladen Igelkinder", "source": "OpenStreetMap/Overpass"}}, {"type": "Feature", "geometry": {"type": "Point", "coordinates": [13.5884247, 52.4624775]}, "properties": {"id": "osm:node:268915341", "type": "kindergarten", "name": "EKT - Die Grünspechte e.V.", "source": "OpenStreetMap/Overpass"}}, {"type": "Feature", "geometry": {"type": "Point", "coordinates": [13.4158361, 52.5423844]}, "properties": {"id": "osm:node:268915343", "type": "kindergarten", "name": "Domino", "source": "OpenStreetMap/Overpass"}}, {"type": "Feature", "geometry": {"type": "Point", "coordinates": [13.348152, 52.4803423]}, "properties": {"id": "osm:node:268915346", "type": "kindergarten", "name": "Kita 'Wilde 13'", "source": "OpenStreetMap/Overpass"}}, {"type": "Feature", "geometry": {"type": "Point", "coordinates": [13.1805079, 52.5261266]}, "properties": {"id": "osm:node:268915347", "type": "kindergarten", "name": "EKT - Die Seeburg e.V.", "source": "OpenStreetMap/Overpass"}}, {"type": "Feature", "geometry": {"type": "Point", "coordinates": [13.3517878, 52.4902508]}, "properties": {"id": "osm:node:268915351", "type": "kindergarten", "name": "Schülerladen Minipfiff", "source": "OpenStreetMap/Overpass"}}, {"type": "Feature", "geometry": {"type": "Point", "coordinates": [13.3537357, 52.4839742]}, "properties": {"id": "osm:node:268915353", "type": "kindergarten", "name": "Kita Rosen", "source": "OpenStreetMap/Overpass"}}, {"type": "Feature", "geometry": {"type": "Point", "coordinates": [13.3898943, 52.5650507]}, "properties": {"id": "osm:node:268915354", "type": "kindergarten", "name": "EKT - Die Ministerne e.V.", "source": "OpenStreetMap/Overpass"}}, {"type": "Feature", "geometry": {"type": "Point", "coordinates": [13.4027318, 52.5876141]}, "properties": {"id": "osm:node:268915357", "type": "kindergarten", "name": "Pankis", "source": "OpenStreetMap/Overpass"}}, {"type": "Feature", "geometry": {"type": "Point", "coordinates": [13.4099167, 52.5357939]}, "properties": {"id": "osm:node:268915361", "type": "kindergarten", "name": "EKT - Erdnuckel e.V.", "source": "OpenStreetMap/Overpass"}}, {"type": "Feature", "geometry": {"type": "Point", "coordinates": [13.3594564, 52.5422522]}, "properties": {"id": "osm:node:268915364", "type": "kindergarten", "name": "EKT Eisbär", "source": "OpenStreetMap/Overpass"}}, {"type": "Feature", "geometry": {"type": "Point", "coordinates": [13.433538, 52.5336213]}, "properties": {"id": "osm:node:268915365", "type": "kindergarten", "name": "Elfenland", "source": "OpenStreetMap/Overpass"}}, {"type": "Feature", "geometry": {"type": "Point", "coordinates": [13.3908463, 52.4933173]}, "properties": {"id": "osm:node:268915366", "type": "kindergarten", "name": "Deutsch-Türkischer Kinderklub", "source": "OpenStreetMap/Overpass"}}, {"type": "Feature", "geometry": {"type": "Point", "coordinates": [13.5007695, 52.5037708]}, "properties": {"id": "osm:node:268915367", "type": "kindergarten", "name": "Kita „Sonnenhof“", "source": "OpenStreetMap/Overpass"}}, {"type": "Feature", "geometry": {"type": "Point", "coordinates": [13.5076773, 52.5045355]}, "properties": {"id": "osm:node:268915368", "type": "kindergarten", "name": "Kita „Erlenhof“", "source": "OpenStreetMap/Overpass"}}, {"type": "Feature", "geometry": {"type": "Point", "coordinates": [13.2637921, 52.5032947]}, "properties": {"id": "osm:node:268915369", "type": "kindergarten", "name": "Kinderladen Eichhörnchen", "source": "OpenStreetMap/Overpass"}}, {"type": "Feature", "geometry": {"type": "Point", "coordinates": [13.2661489, 52.4957971]}, "properties": {"id": "osm:node:268915370", "type": "kindergarten", "name": "Kinderladen Eichkatzweg", "source": "OpenStreetMap/Overpass"}}, {"type": "Feature", "geometry": {"type": "Point", "coordinates": [13.208227, 52.5477809]}, "properties": {"id": "osm:node:268915371", "type": "kindergarten", "name": "EKT - Dreiecke und Kreise e.V.", "source": "OpenStreetMap/Overpass"}}, {"type": "Feature", "geometry": {"type": "Point", "coordinates": [13.3022633, 52.5010503]}, "properties": {"id": "osm:node:268915372", "type": "kindergarten", "name": "EKT - Droysen-Mäuse e.V.", "source": "OpenStreetMap/Overpass"}}, {"type": "Feature", "geometry": {"type": "Point", "coordinates": [13.3429994, 52.5275438]}, "properties": {"id": "osm:node:268915373", "type": "kindergarten", "name": "Integrationskinderladen Drunter & Drüber", "source": "OpenStreetMap/Overpass"}}, {"type": "Feature", "geometry": {"type": "Point", "coordinates": [13.2942317, 52.5176797]}, "properties": {"id": "osm:node:268915374", "type": "kindergarten", "name": "Drunter und Drüber", "source": "OpenStreetMap/Overpass"}}, {"type": "Feature", "geometry": {"type": "Point", "coordinates": [13.3356677, 52.5216126]}, "properties": {"id": "osm:node:268915376", "type": "kindergarten", "name": "Kila Frecher Spatz", "source": "OpenStreetMap/Overpass"}}, {"type": "Feature", "geometry": {"type": "Point", "coordinates": [13.1952586, 52.5164659]}, "properties": {"id": "osm:node:268915379", "type": "kindergarten", "name": "EKT - Förderverein christlicher Kindererziehung e.V.", "source": "OpenStreetMap/Overpass"}}, {"type": "Feature", "geometry": {"type": "Point", "coordinates": [13.2948594, 52.5049186]}, "properties": {"id": "osm:node:268915382", "type": "kindergarten", "name": "Kinderladen Flitzpiepen", "source": "OpenStreetMap/Overpass"}}, {"type": "Feature", "geometry": {"type": "Point", "coordinates": [13.3338166, 52.5234054]}, "properties": {"id": "osm:node:268915384", "type": "kindergarten", "name": "Katz&Kedi Kinderladen", "source": "OpenStreetMap/Overpass"}}, {"type": "Feature", "geometry": {"type": "Point", "coordinates": [13.2993874, 52.505181]}, "properties": {"id": "osm:node:268915385", "type": "kindergarten", "name": "EKT - Firlefanz e.V.", "source": "OpenStreetMap/Overpass"}}, {"type": "Feature", "geometry": {"type": "Point", "coordinates": [13.3518427, 52.4929437]}, "properties": {"id": "osm:node:268915388", "type": "kindergarten", "name": "Kindertagesstätte Fidibus", "source": "OpenStreetMap/Overpass"}}, {"type": "Feature", "geometry": {"type": "Point", "coordinates": [13.2957982, 52.496684]}, "properties": {"id": "osm:node:268915391", "type": "kindergarten", "name": "EKT - Georg-Wilhelm-Kindergruppe e.V.", "source": "OpenStreetMap/Overpass"}}, {"type": "Feature", "geometry": {"type": "Point", "coordinates": [13.3978691, 52.5687747]}, "properties": {"id": "osm:node:268915400", "type": "kindergarten", "name": "Kinderladen Garuda", "source": "OpenStreetMap/Overpass"}}, {"type": "Feature", "geometry": {"type": "Point", "coordinates": [13.3158255, 52.5190368]}, "properties": {"id": "osm:node:268915402", "type": "kindergarten", "name": "Kinderladen Charlottenburg", "source": "OpenStreetMap/Overpass"}}, {"type": "Feature", "geometry": {"type": "Point", "coordinates": [13.6266929, 52.4527716]}, "properties": {"id": "osm:node:268915403", "type": "kindergarten", "name": "Der Friedrichshagener Kinderladen", "source": "OpenStreetMap/Overpass"}}, {"type": "Feature", "geometry": {"type": "Point", "coordinates": [13.3814584, 52.4545448]}, "properties": {"id": "osm:node:268915405", "type": "school", "name": "Freie Schule in Berlin", "source": "OpenStreetMap/Overpass"}}, {"type": "Feature", "geometry": {"type": "Point", "coordinates": [13.4215214, 52.4775212]}, "properties": {"id": "osm:node:268915410", "type": "kindergarten", "name": "EKT - Hasenreiter e.V.", "source": "OpenStreetMap/Overpass"}}, {"type": "Feature", "geometry": {"type": "Point", "coordinates": [13.2922663, 52.5036346]}, "properties": {"id": "osm:node:268915411", "type": "kindergarten", "name": "Kita Canicas", "source": "OpenStreetMap/Overpass"}}, {"type": "Feature", "geometry": {"type": "Point", "coordinates": [13.4105247, 52.489024]}, "properties": {"id": "osm:node:268915413", "type": "kindergarten", "name": "EKT Herzlichtgarten e.V.", "source": "OpenStreetMap/Overpass"}}, {"type": "Feature", "geometry": {"type": "Point", "coordinates": [13.3035453, 52.5838052]}, "properties": {"id": "osm:node:268915415", "type": "kindergarten", "name": "Schubarts Lieblingskinder", "source": "OpenStreetMap/Overpass"}}, {"type": "Feature", "geometry": {"type": "Point", "coordinates": [13.2746532, 52.4560187]}, "properties": {"id": "osm:node:268915419", "type": "kindergarten", "name": "EKT - Hort der Rudolf-Steiner-Schule e.V.", "source": "OpenStreetMap/Overpass"}}, {"type": "Feature", "geometry": {"type": "Point", "coordinates": [13.315822, 52.5187405]}, "properties": {"id": "osm:node:268915420", "type": "kindergarten", "name": "EKT - Hoppel-Poppel", "source": "OpenStreetMap/Overpass"}}, {"type": "Feature", "geometry": {"type": "Point", "coordinates": [13.2803308, 52.5860307]}, "properties": {"id": "osm:node:268915422", "type": "kindergarten", "name": "EKT - Hokus Pokus e.V.", "source": "OpenStreetMap/Overpass"}}, {"type": "Feature", "geometry": {"type": "Point", "coordinates": [13.4103826, 52.5462692]}, "properties": {"id": "osm:node:268915424", "type": "kindergarten", "name": "EKT - Grashüpfer e.V.", "source": "OpenStreetMap/Overpass"}}, {"type": "Feature", "geometry": {"type": "Point", "coordinates": [13.34284, 52.4643766]}, "properties": {"id": "osm:node:268915427", "type": "kindergarten", "name": "Kinderladen Großstadtpflänzchen", "source": "OpenStreetMap/Overpass"}}, {"type": "Feature", "geometry": {"type": "Point", "coordinates": [13.3958986, 52.493261]}, "properties": {"id": "osm:node:268915431", "type": "kindergarten", "name": "Kinderladen Guten Tag Kinder", "source": "OpenStreetMap/Overpass"}}, {"type": "Feature", "geometry": {"type": "Point", "coordinates": [13.3158886, 52.4633618]}, "properties": {"id": "osm:node:268915432", "type": "kindergarten", "name": "Kindergarten Happy Kids", "source": "OpenStreetMap/Overpass"}}, {"type": "Feature", "geometry": {"type": "Point", "coordinates": [13.2803332, 52.5134717]}, "properties": {"id": "osm:node:268915433", "type": "kindergarten", "name": "EKT - Grünes Nashorn e.V.", "source": "OpenStreetMap/Overpass"}}, {"type": "Feature", "geometry": {"type": "Point", "coordinates": [13.4016768, 52.4939637]}, "properties": {"id": "osm:node:268915441", "type": "kindergarten", "name": "EKT - Känguruh e.V.", "source": "OpenStreetMap/Overpass"}}, {"type": "Feature", "geometry": {"type": "Point", "coordinates": [13.3914611, 52.4869227]}, "properties": {"id": "osm:node:268915442", "type": "kindergarten", "name": "Kinderladen Kalle Kirschkern", "source": "OpenStreetMap/Overpass"}}, {"type": "Feature", "geometry": {"type": "Point", "coordinates": [13.2929157, 52.4703648]}, "properties": {"id": "osm:node:268915443", "type": "kindergarten", "name": "Kant Kindergarten International", "source": "OpenStreetMap/Overpass"}}, {"type": "Feature", "geometry": {"type": "Point", "coordinates": [13.3025462, 52.5177009]}, "properties": {"id": "osm:node:268915445", "type": "kindergarten", "name": "Kita Karamell", "source": "OpenStreetMap/Overpass"}}, {"type": "Feature", "geometry": {"type": "Point", "coordinates": [13.2929372, 52.5134536]}, "properties": {"id": "osm:node:268915447", "type": "kindergarten", "name": "EKT - Kartoffelladen e.V.", "source": "OpenStreetMap/Overpass"}}, {"type": "Feature", "geometry": {"type": "Point", "coordinates": [13.3760192, 52.4870863]}, "properties": {"id": "osm:node:268915449", "type": "kindergarten", "name": "Katzbachpiraten", "source": "OpenStreetMap/Overpass"}}, {"type": "Feature", "geometry": {"type": "Point", "coordinates": [13.3649076, 52.6001576]}, "properties": {"id": "osm:node:268915455", "type": "kindergarten", "name": "EKT - Hort im Märkischen Viertel e.V.", "source": "OpenStreetMap/Overpass"}}, {"type": "Feature", "geometry": {"type": "Point", "coordinates": [13.37608, 52.5550696]}, "properties": {"id": "osm:node:268915466", "type": "kindergarten", "name": "EKT - Jo Jo e.V.", "source": "OpenStreetMap/Overpass"}}, {"type": "Feature", "geometry": {"type": "Point", "coordinates": [13.2988279, 52.5253589]}, "properties": {"id": "osm:node:268915467", "type": "kindergarten", "name": "Kita Cheburashka", "source": "OpenStreetMap/Overpass"}}, {"type": "Feature", "geometry": {"type": "Point", "coordinates": [13.3502442, 52.4792962]}, "properties": {"id": "osm:node:268915471", "type": "kindergarten", "name": "Kita Ebersstraße", "source": "OpenStreetMap/Overpass"}}, {"type": "Feature", "geometry": {"type": "Point", "coordinates": [13.3355502, 52.4744996]}, "properties": {"id": "osm:node:268915474", "type": "kindergarten", "name": "Kita Lauterstraße 30", "source": "OpenStreetMap/Overpass"}}, {"type": "Feature", "geometry": {"type": "Point", "coordinates": [13.3315085, 52.4583781]}, "properties": {"id": "osm:node:268915487", "type": "kindergarten", "name": "Kinderladen Kasymir", "source": "OpenStreetMap/Overpass"}}, {"type": "Feature", "geometry": {"type": "Point", "coordinates": [13.2049266, 52.5476783]}, "properties": {"id": "osm:node:268915494", "type": "kindergarten", "name": "EKT - Kinderhaus Gruberzeile e.V.", "source": "OpenStreetMap/Overpass"}}, {"type": "Feature", "geometry": {"type": "Point", "coordinates": [13.406703, 52.536391]}, "properties": {"id": "osm:node:268915497", "type": "kindergarten", "name": "Kita Kindersorpresa", "source": "OpenStreetMap/Overpass"}}, {"type": "Feature", "geometry": {"type": "Point", "coordinates": [13.2945968, 52.5138401]}, "properties": {"id": "osm:node:268915498", "type": "kindergarten", "name": "KiBest Die Kita", "source": "OpenStreetMap/Overpass"}}, {"type": "Feature", "geometry": {"type": "Point", "coordinates": [13.4294707, 52.5004737]}, "properties": {"id": "osm:node:268915500", "type": "kindergarten", "name": "Kinder aus Kreuzberg", "source": "OpenStreetMap/Overpass"}}, {"type": "Feature", "geometry": {"type": "Point", "coordinates": [13.3136549, 52.510792]}, "properties": {"id": "osm:node:268915502", "type": "kindergarten", "name": "EKT - Kinderladen Purzelbaum e.V.", "source": "OpenStreetMap/Overpass"}}, {"type": "Feature", "geometry": {"type": "Point", "coordinates": [13.2710587, 52.4872433]}, "properties": {"id": "osm:node:268915506", "type": "kindergarten", "name": "Kindergruppe Hasensprung", "source": "OpenStreetMap/Overpass"}}, {"type": "Feature", "geometry": {"type": "Point", "coordinates": [13.3228931, 52.4800607]}, "properties": {"id": "osm:node:268915508", "type": "kindergarten", "name": "Kinderladen Mainzelmännchen", "source": "OpenStreetMap/Overpass"}}, {"type": "Feature", "geometry": {"type": "Point", "coordinates": [13.3018566, 52.5204769]}, "properties": {"id": "osm:node:268915509", "type": "kindergarten", "name": "EKT - Kindergarten am Schloß Charlottenburg", "source": "OpenStreetMap/Overpass"}}, {"type": "Feature", "geometry": {"type": "Point", "coordinates": [13.4624114, 52.5129861]}, "properties": {"id": "osm:node:268915511", "type": "kindergarten", "name": "Kinderladen Kinderbüro", "source": "OpenStreetMap/Overpass"}}, {"type": "Feature", "geometry": {"type": "Point", "coordinates": [13.3242685, 52.485661]}, "properties": {"id": "osm:node:268915514", "type": "kindergarten", "name": "Kinderland", "source": "OpenStreetMap/Overpass"}}, {"type": "Feature", "geometry": {"type": "Point", "coordinates": [13.3698397, 52.4581963]}, "properties": {"id": "osm:node:268915515", "type": "kindergarten", "name": "Kinderspielkreis Alboinplatz", "source": "OpenStreetMap/Overpass"}}, {"type": "Feature", "geometry": {"type": "Point", "coordinates": [13.3680752, 52.4458057]}, "properties": {"id": "osm:node:268915519", "type": "kindergarten", "name": "Kinderladen \"Villa Kunterbunt\"", "source": "OpenStreetMap/Overpass"}}, {"type": "Feature", "geometry": {"type": "Point", "coordinates": [13.3443659, 52.4615738]}, "properties": {"id": "osm:node:268915520", "type": "kindergarten", "name": "Kinderladen Zweitausendfüssler", "source": "OpenStreetMap/Overpass"}}, {"type": "Feature", "geometry": {"type": "Point", "coordinates": [13.3555633, 52.4081911]}, "properties": {"id": "osm:node:268915524", "type": "kindergarten", "name": "EKT - Kinderwelt e.V.", "source": "OpenStreetMap/Overpass"}}, {"type": "Feature", "geometry": {"type": "Point", "coordinates": [13.3513713, 52.527324]}, "properties": {"id": "osm:node:268915529", "type": "kindergarten", "name": "Kinderladen Badehaus", "source": "OpenStreetMap/Overpass"}}, {"type": "Feature", "geometry": {"type": "Point", "coordinates": [13.4246836, 52.4996751]}, "properties": {"id": "osm:node:268915530", "type": "kindergarten", "name": "EKT - Kinderladen Bande e.V.", "source": "OpenStreetMap/Overpass"}}, {"type": "Feature", "geometry": {"type": "Point", "coordinates": [13.3527944, 52.4933014]}, "properties": {"id": "osm:node:268915531", "type": "kindergarten", "name": "Kinderladen Feuerkäfer", "source": "OpenStreetMap/Overpass"}}, {"type": "Feature", "geometry": {"type": "Point", "coordinates": [13.297567, 52.5045821]}, "properties": {"id": "osm:node:268915536", "type": "kindergarten", "name": "EKT - Kinderladen - was sonst e.V.", "source": "OpenStreetMap/Overpass"}}, {"type": "Feature", "geometry": {"type": "Point", "coordinates": [13.3862655, 52.4924853]}, "properties": {"id": "osm:node:268915537", "type": "kindergarten", "name": "Kinderladen Luftabong", "source": "OpenStreetMap/Overpass"}}, {"type": "Feature", "geometry": {"type": "Point", "coordinates": [13.4337605, 52.5004598]}, "properties": {"id": "osm:node:268915538", "type": "kindergarten", "name": "EKT – Kinderladen Muko e.V.", "source": "OpenStreetMap/Overpass"}}, {"type": "Feature", "geometry": {"type": "Point", "coordinates": [13.4334278, 52.4660128]}, "properties": {"id": "osm:node:268915539", "type": "kindergarten", "name": "Kinderladen Pimpinella", "source": "OpenStreetMap/Overpass"}}, {"type": "Feature", "geometry": {"type": "Point", "coordinates": [13.4570377, 52.5082762]}, "properties": {"id": "osm:node:268915540", "type": "kindergarten", "name": "Kinderladen Sol", "source": "OpenStreetMap/Overpass"}}, {"type": "Feature", "geometry": {"type": "Point", "coordinates": [13.3187152, 52.509069]}, "properties": {"id": "osm:node:268915542", "type": "kindergarten", "name": "Kinderladen Goethestraße", "source": "OpenStreetMap/Overpass"}}, {"type": "Feature", "geometry": {"type": "Point", "coordinates": [13.2706888, 52.5351799]}, "properties": {"id": "osm:node:268915544", "type": "kindergarten", "name": "EKT - Kinderladen Immerfrech e.V.", "source": "OpenStreetMap/Overpass"}}, {"type": "Feature", "geometry": {"type": "Point", "coordinates": [13.2623584, 52.4990742]}, "properties": {"id": "osm:node:268915546", "type": "kindergarten", "name": "EKT - Knuddelmonster e.V./Helene-Keller-Schule", "source": "OpenStreetMap/Overpass"}}, {"type": "Feature", "geometry": {"type": "Point", "coordinates": [13.4247486, 52.4741033]}, "properties": {"id": "osm:node:268915548", "type": "kindergarten", "name": "Kleiner Fratz", "source": "OpenStreetMap/Overpass"}}, {"type": "Feature", "geometry": {"type": "Point", "coordinates": [13.3549256, 52.4931256]}, "properties": {"id": "osm:node:268915550", "type": "kindergarten", "name": "Kinderladen Konfetti", "source": "OpenStreetMap/Overpass"}}, {"type": "Feature", "geometry": {"type": "Point", "coordinates": [13.4193256, 52.488962]}, "properties": {"id": "osm:node:268915552", "type": "kindergarten", "name": "Kinderladen Knulp", "source": "OpenStreetMap/Overpass"}}, {"type": "Feature", "geometry": {"type": "Point", "coordinates": [13.3187851, 52.4821056]}, "properties": {"id": "osm:node:268915554", "type": "kindergarten", "name": "Kleine Panther", "source": "OpenStreetMap/Overpass"}}, {"type": "Feature", "geometry": {"type": "Point", "coordinates": [13.3485096, 52.553932]}, "properties": {"id": "osm:node:268915556", "type": "kindergarten", "name": "Kleine Himmelswolke", "source": "OpenStreetMap/Overpass"}}, {"type": "Feature", "geometry": {"type": "Point", "coordinates": [13.4300645, 52.6123847]}, "properties": {"id": "osm:node:268915557", "type": "kindergarten", "name": "EKT - Kleiner Fratz e.V.", "source": "OpenStreetMap/Overpass"}}, {"type": "Feature", "geometry": {"type": "Point", "coordinates": [13.357571, 52.4888867]}, "properties": {"id": "osm:node:268915560", "type": "kindergarten", "name": "Kleine Ungeheuer", "source": "OpenStreetMap/Overpass"}}, {"type": "Feature", "geometry": {"type": "Point", "coordinates": [13.3899857, 52.4900288]}, "properties": {"id": "osm:node:268915567", "type": "kindergarten", "name": "Kinderladen Klara Kirschkern", "source": "OpenStreetMap/Overpass"}}, {"type": "Feature", "geometry": {"type": "Point", "coordinates": [13.3842856, 52.5594199]}, "properties": {"id": "osm:node:268915568", "type": "kindergarten", "name": "Kinderladen Klapperkiste", "source": "OpenStreetMap/Overpass"}}, {"type": "Feature", "geometry": {"type": "Point", "coordinates": [13.4191773, 52.3943929]}, "properties": {"id": "osm:node:268915574", "type": "kindergarten", "name": "EKT - Kita-Verein Lichtenrade Ost e.V.", "source": "OpenStreetMap/Overpass"}}, {"type": "Feature", "geometry": {"type": "Point", "coordinates": [13.4231777, 52.4749504]}, "properties": {"id": "osm:node:268915575", "type": "kindergarten", "name": "EKT - Kita Karlsgartenstraße e.V.", "source": "OpenStreetMap/Overpass"}}, {"type": "Feature", "geometry": {"type": "Point", "coordinates": [13.4693681, 52.4834596]}, "properties": {"id": "osm:node:268915576", "type": "kindergarten", "name": "EKT - Kita am Karpfenteich /Clara Petudio e.V.", "source": "OpenStreetMap/Overpass"}}, {"type": "Feature", "geometry": {"type": "Point", "coordinates": [13.3818, 52.4491]}, "properties": {"id": "osm:node:268915579", "type": "kindergarten", "name": "EKT - Kitaverein Mücke e.V.", "source": "OpenStreetMap/Overpass"}}, {"type": "Feature", "geometry": {"type": "Point", "coordinates": [13.4028819, 52.4086097]}, "properties": {"id": "osm:node:268915582", "type": "kindergarten", "name": "Lichtenrader Dreckspatzen", "source": "OpenStreetMap/Overpass"}}, {"type": "Feature", "geometry": {"type": "Point", "coordinates": [13.3604337, 52.4828936]}, "properties": {"id": "osm:node:268915583", "type": "kindergarten", "name": "Kinderladen Lilo Leopard", "source": "OpenStreetMap/Overpass"}}, {"type": "Feature", "geometry": {"type": "Point", "coordinates": [13.4381518, 52.4883983]}, "properties": {"id": "osm:node:268915584", "type": "kindergarten", "name": "EKT - Lima e.V.", "source": "OpenStreetMap/Overpass"}}, {"type": "Feature", "geometry": {"type": "Point", "coordinates": [13.4343173, 52.4959343]}, "properties": {"id": "osm:node:268915585", "type": "kindergarten", "name": "EKT – Lindenblüte e.V.", "source": "OpenStreetMap/Overpass"}}, {"type": "Feature", "geometry": {"type": "Point", "coordinates": [13.4386908, 52.4861289]}, "properties": {"id": "osm:node:268915586", "type": "kindergarten", "name": "Loupiot e.V.", "source": "OpenStreetMap/Overpass"}}, {"type": "Feature", "geometry": {"type": "Point", "coordinates": [13.4445658, 52.4973665]}, "properties": {"id": "osm:node:268915587", "type": "kindergarten", "name": "Kita Löwenhöhle", "source": "OpenStreetMap/Overpass"}}, {"type": "Feature", "geometry": {"type": "Point", "coordinates": [13.3183448, 52.5463279]}, "properties": {"id": "osm:node:268915588", "type": "kindergarten", "name": "EKT - Luftikus", "source": "OpenStreetMap/Overpass"}}, {"type": "Feature", "geometry": {"type": "Point", "coordinates": [13.3325365, 52.4600164]}, "properties": {"id": "osm:node:268915590", "type": "kindergarten", "name": "EKT - Kuschelburg e.V.", "source": "OpenStreetMap/Overpass"}}, {"type": "Feature", "geometry": {"type": "Point", "coordinates": [13.3406294, 52.4988898]}, "properties": {"id": "osm:node:268915591", "type": "kindergarten", "name": "L'Angolino", "source": "OpenStreetMap/Overpass"}}, {"type": "Feature", "geometry": {"type": "Point", "coordinates": [13.3495417, 52.4359695]}, "properties": {"id": "osm:node:268915595", "type": "kindergarten", "name": "Lankwitzer Spielkiste", "source": "OpenStreetMap/Overpass"}}, {"type": "Feature", "geometry": {"type": "Point", "coordinates": [13.4295554, 52.5020274]}, "properties": {"id": "osm:node:268915596", "type": "kindergarten", "name": "Leierkasten", "source": "OpenStreetMap/Overpass"}}, {"type": "Feature", "geometry": {"type": "Point", "coordinates": [13.3795205, 52.4901945]}, "properties": {"id": "osm:node:268915598", "type": "kindergarten", "name": "EKT - Krümelmonster e.V.", "source": "OpenStreetMap/Overpass"}}, {"type": "Feature", "geometry": {"type": "Point", "coordinates": [13.342167, 52.4594611]}, "properties": {"id": "osm:node:268915626", "type": "kindergarten", "name": "Kinderladen Kulleberga", "source": "OpenStreetMap/Overpass"}}, {"type": "Feature", "geometry": {"type": "Point", "coordinates": [13.3940627, 52.4872582]}, "properties": {"id": "osm:node:268915649", "type": "kindergarten", "name": "EKT - Kulturschlüssel e.V.", "source": "OpenStreetMap/Overpass"}}, {"type": "Feature", "geometry": {"type": "Point", "coordinates": [13.4379177, 52.4699402]}, "properties": {"id": "osm:node:268915663", "type": "kindergarten", "name": "EKT - Kurdistan Kultur- und Hilfeverein e.V.", "source": "OpenStreetMap/Overpass"}}, {"type": "Feature", "geometry": {"type": "Point", "coordinates": [13.4130557, 52.5310544]}, "properties": {"id": "osm:node:268915680", "type": "kindergarten", "name": "Secret Garden", "source": "OpenStreetMap/Overpass"}}, {"type": "Feature", "geometry": {"type": "Point", "coordinates": [13.4102114, 52.5715051]}, "properties": {"id": "osm:node:268915691", "type": "kindergarten", "name": "EKT - Krikelkrakel e.V.", "source": "OpenStreetMap/Overpass"}}, {"type": "Feature", "geometry": {"type": "Point", "coordinates": [13.43453, 52.50161]}, "properties": {"id": "osm:node:268915711", "type": "kindergarten", "name": "EKT - Kröwalda e.V.", "source": "OpenStreetMap/Overpass"}}, {"type": "Feature", "geometry": {"type": "Point", "coordinates": [13.396599, 52.487574]}, "properties": {"id": "osm:node:268915723", "type": "kindergarten", "name": "EKT - Krötenpfuhl e.V.", "source": "OpenStreetMap/Overpass"}}, {"type": "Feature", "geometry": {"type": "Point", "coordinates": [13.3476798, 52.5465129]}, "properties": {"id": "osm:node:268915731", "type": "kindergarten", "name": "Krümelbande.", "source": "OpenStreetMap/Overpass"}}, {"type": "Feature", "geometry": {"type": "Point", "coordinates": [13.1980422, 52.5256222]}, "properties": {"id": "osm:node:268915740", "type": "kindergarten", "name": "Kinderladen Krowelstraße", "source": "OpenStreetMap/Overpass"}}, {"type": "Feature", "geometry": {"type": "Point", "coordinates": [13.360182, 52.5414235]}, "properties": {"id": "osm:node:268915771", "type": "kindergarten", "name": "Montessori Kinderhaus-Kolibris", "source": "OpenStreetMap/Overpass"}}, {"type": "Feature", "geometry": {"type": "Point", "coordinates": [13.2755161, 52.4596277]}, "properties": {"id": "osm:node:268915805", "type": "kindergarten", "name": "Montessori Gemeinschaftshaus e.V.", "source": "OpenStreetMap/Overpass"}}, {"type": "Feature", "geometry": {"type": "Point", "coordinates": [13.4098838, 52.5324336]}, "properties": {"id": "osm:node:268915809", "type": "kindergarten", "name": "EKT - Mittenmang e.V.", "source": "OpenStreetMap/Overpass"}}, {"type": "Feature", "geometry": {"type": "Point", "coordinates": [13.3338963, 52.4790537]}, "properties": {"id": "osm:node:268915810", "type": "kindergarten", "name": "Kinderladen Felix", "source": "OpenStreetMap/Overpass"}}, {"type": "Feature", "geometry": {"type": "Point", "coordinates": [13.4512378, 52.4741524]}, "properties": {"id": "osm:node:268915811", "type": "kindergarten", "name": "EKT - Minihausen e.V.", "source": "OpenStreetMap/Overpass"}}, {"type": "Feature", "geometry": {"type": "Point", "coordinates": [13.392661, 52.4865731]}, "properties": {"id": "osm:node:268915813", "type": "kindergarten", "name": "Schülerladen Milli Vanilli", "source": "OpenStreetMap/Overpass"}}, {"type": "Feature", "geometry": {"type": "Point", "coordinates": [13.4668977, 52.427498]}, "properties": {"id": "osm:node:268915829", "type": "kindergarten", "name": "Kinderhort Gropiusstadt", "source": "OpenStreetMap/Overpass"}}, {"type": "Feature", "geometry": {"type": "Point", "coordinates": [13.2862307, 52.6339047]}, "properties": {"id": "osm:node:268915830", "type": "kindergarten", "name": "EKT - Maxizwerge e.V.", "source": "OpenStreetMap/Overpass"}}, {"type": "Feature", "geometry": {"type": "Point", "coordinates": [13.3492203, 52.4070145]}, "properties": {"id": "osm:node:268915835", "type": "kindergarten", "name": "EKT - Marienfelde e.V.", "source": "OpenStreetMap/Overpass"}}, {"type": "Feature", "geometry": {"type": "Point", "coordinates": [13.374465, 52.4579685]}, "properties": {"id": "osm:node:268915836", "type": "kindergarten", "name": "Kita Märchenwald", "source": "OpenStreetMap/Overpass"}}, {"type": "Feature", "geometry": {"type": "Point", "coordinates": [13.283573, 52.5058571]}, "properties": {"id": "osm:node:268915837", "type": "kindergarten", "name": "EKT - Mappagei e.V.", "source": "OpenStreetMap/Overpass"}}, {"type": "Feature", "geometry": {"type": "Point", "coordinates": [13.3497287, 52.5343031]}, "properties": {"id": "osm:node:268915838", "type": "kindergarten", "name": "Kinderladen Maluch", "source": "OpenStreetMap/Overpass"}}, {"type": "Feature", "geometry": {"type": "Point", "coordinates": [13.3184127, 52.5155757]}, "properties": {"id": "osm:node:268915840", "type": "kindergarten", "name": "Kindertagesstätte Maikäfer", "source": "OpenStreetMap/Overpass"}}, {"type": "Feature", "geometry": {"type": "Point", "coordinates": [13.4259728, 52.4749536]}, "properties": {"id": "osm:node:268915841", "type": "kindergarten", "name": "Mafalda e.V.", "source": "OpenStreetMap/Overpass"}}, {"type": "Feature", "geometry": {"type": "Point", "coordinates": [13.3516737, 52.5277135]}, "properties": {"id": "osm:node:268915846", "type": "kindergarten", "name": "Kinderladen Perle", "source": "OpenStreetMap/Overpass"}}, {"type": "Feature", "geometry": {"type": "Point", "coordinates": [13.3054172, 52.5192756]}, "properties": {"id": "osm:node:268915848", "type": "childcare", "name": "Wirbelwind", "source": "OpenStreetMap/Overpass"}}, {"type": "Feature", "geometry": {"type": "Point", "coordinates": [13.4102691, 52.3928109]}, "properties": {"id": "osm:node:268915849", "type": "kindergarten", "name": "Kinderladen Pillepoppen", "source": "OpenStreetMap/Overpass"}}, {"type": "Feature", "geometry": {"type": "Point", "coordinates": [13.3040456, 52.5030644]}, "properties": {"id": "osm:node:268915850", "type": "kindergarten", "name": "EKT - Paretz e.V.", "source": "OpenStreetMap/Overpass"}}, {"type": "Feature", "geometry": {"type": "Point", "coordinates": [13.3222391, 52.4800565]}, "properties": {"id": "osm:node:268915851", "type": "kindergarten", "name": "Paul und Klärchen", "source": "OpenStreetMap/Overpass"}}, {"type": "Feature", "geometry": {"type": "Point", "coordinates": [13.3400271, 52.5511523]}, "properties": {"id": "osm:node:268915852", "type": "kindergarten", "name": "Kinderladen Berliner Stadtmäuse", "source": "OpenStreetMap/Overpass"}}, {"type": "Feature", "geometry": {"type": "Point", "coordinates": [13.3682563, 52.5042624]}, "properties": {"id": "osm:node:268915854", "type": "kindergarten", "name": "Kita Pädagogisches Zentrum Bissingzeile", "source": "OpenStreetMap/Overpass"}}, {"type": "Feature", "geometry": {"type": "Point", "coordinates": [13.3455369, 52.5285785]}, "properties": {"id": "osm:node:268915856", "type": "kindergarten", "name": "Kinderladen Panther, Tiger & Co.", "source": "OpenStreetMap/Overpass"}}, {"type": "Feature", "geometry": {"type": "Point", "coordinates": [13.4142671, 52.4945776]}, "properties": {"id": "osm:node:268915858", "type": "kindergarten", "name": "Kinderladen „Die Optimisten“", "source": "OpenStreetMap/Overpass"}}, {"type": "Feature", "geometry": {"type": "Point", "coordinates": [13.4464583, 52.4804885]}, "properties": {"id": "osm:node:268915859", "type": "kindergarten", "name": "EKT - Orgelpfeifen e.V.", "source": "OpenStreetMap/Overpass"}}, {"type": "Feature", "geometry": {"type": "Point", "coordinates": [13.4259284, 52.5362904]}, "properties": {"id": "osm:node:268915863", "type": "kindergarten", "name": "Obst und Gemüse", "source": "OpenStreetMap/Overpass"}}, {"type": "Feature", "geometry": {"type": "Point", "coordinates": [13.3474589, 52.4786997]}, "properties": {"id": "osm:node:268915864", "type": "kindergarten", "name": "Kinderladen Onnimanni", "source": "OpenStreetMap/Overpass"}}, {"type": "Feature", "geometry": {"type": "Point", "coordinates": [13.3280397, 52.492978]}, "properties": {"id": "osm:node:268915866", "type": "kindergarten", "name": "Aventura Nikolsburg", "source": "OpenStreetMap/Overpass"}}, {"type": "Feature", "geometry": {"type": "Point", "coordinates": [13.4228579, 52.4787428]}, "properties": {"id": "osm:node:268915867", "type": "kindergarten", "name": "EKT - Neuzeitlich-christliche Initiative e.V.", "source": "OpenStreetMap/Overpass"}}, {"type": "Feature", "geometry": {"type": "Point", "coordinates": [13.3527017, 52.4877162]}, "properties": {"id": "osm:node:268915868", "type": "kindergarten", "name": "Kinderladen Nusskasper", "source": "OpenStreetMap/Overpass"}}, {"type": "Feature", "geometry": {"type": "Point", "coordinates": [13.3542154, 52.4920921]}, "properties": {"id": "osm:node:268915869", "type": "kindergarten", "name": "EKT Nina", "source": "OpenStreetMap/Overpass"}}, {"type": "Feature", "geometry": {"type": "Point", "coordinates": [13.3860819, 52.5003041]}, "properties": {"id": "osm:node:268915871", "type": "kindergarten", "name": "Kinderladen Nasreddin", "source": "OpenStreetMap/Overpass"}}, {"type": "Feature", "geometry": {"type": "Point", "coordinates": [13.3764346, 52.488934]}, "properties": {"id": "osm:node:268915873", "type": "kindergarten", "name": "EKT Nervensägen", "source": "OpenStreetMap/Overpass"}}, {"type": "Feature", "geometry": {"type": "Point", "coordinates": [13.4259374, 52.5032019]}, "properties": {"id": "osm:node:268915875", "type": "kindergarten", "name": "EKT Muskauer Straße 30", "source": "OpenStreetMap/Overpass"}}, {"type": "Feature", "geometry": {"type": "Point", "coordinates": [13.3261811, 52.489874]}, "properties": {"id": "osm:node:268915877", "type": "kindergarten", "name": "Kinderladen Narrenfreiheit", "source": "OpenStreetMap/Overpass"}}, {"type": "Feature", "geometry": {"type": "Point", "coordinates": [13.2981796, 52.5042306]}, "properties": {"id": "osm:node:268915880", "type": "kindergarten", "name": "EKT - Roter Boller e.V.", "source": "OpenStreetMap/Overpass"}}, {"type": "Feature", "geometry": {"type": "Point", "coordinates": [13.3437482, 52.4615377]}, "properties": {"id": "osm:node:268915881", "type": "kindergarten", "name": "Kinderladen Rotkappe", "source": "OpenStreetMap/Overpass"}}, {"type": "Feature", "geometry": {"type": "Point", "coordinates": [13.3376384, 52.5246744]}, "properties": {"id": "osm:node:268915882", "type": "kindergarten", "name": "Kinderladen Rosa Kirschkern", "source": "OpenStreetMap/Overpass"}}, {"type": "Feature", "geometry": {"type": "Point", "coordinates": [13.3767537, 52.4544559]}, "properties": {"id": "osm:node:268915885", "type": "kindergarten", "name": "Wolkenkinder", "source": "OpenStreetMap/Overpass"}}, {"type": "Feature", "geometry": {"type": "Point", "coordinates": [13.3487059, 52.5348268]}, "properties": {"id": "osm:node:268915886", "type": "kindergarten", "name": "Kinderladen Sagaland", "source": "OpenStreetMap/Overpass"}}, {"type": "Feature", "geometry": {"type": "Point", "coordinates": [13.4336002, 52.5004607]}, "properties": {"id": "osm:node:268915887", "type": "kindergarten", "name": "EKT – Schippe und Eimer e.V.", "source": "OpenStreetMap/Overpass"}}, {"type": "Feature", "geometry": {"type": "Point", "coordinates": [13.2627895, 52.5479449]}, "properties": {"id": "osm:node:268915888", "type": "kindergarten", "name": "EKT - Saatwinkler Küken e.V.", "source": "OpenStreetMap/Overpass"}}, {"type": "Feature", "geometry": {"type": "Point", "coordinates": [13.3758193, 52.5711889]}, "properties": {"id": "osm:node:268915889", "type": "kindergarten", "name": "EKT - Saftladen e.V.", "source": "OpenStreetMap/Overpass"}}, {"type": "Feature", "geometry": {"type": "Point", "coordinates": [13.3544751, 52.4834682]}, "properties": {"id": "osm:node:268915890", "type": "kindergarten", "name": "Kinderladen Rübezahl", "source": "OpenStreetMap/Overpass"}}, {"type": "Feature", "geometry": {"type": "Point", "coordinates": [13.3785028, 52.5690797]}, "properties": {"id": "osm:node:268915891", "type": "kindergarten", "name": "Kinderladen - Rummel-Bummel e.V.", "source": "OpenStreetMap/Overpass"}}, {"type": "Feature", "geometry": {"type": "Point", "coordinates": [13.4407846, 52.4971815]}, "properties": {"id": "osm:node:268915893", "type": "kindergarten", "name": "Kinderladen Rübezahl", "source": "OpenStreetMap/Overpass"}}, {"type": "Feature", "geometry": {"type": "Point", "coordinates": [13.3858837, 52.4578285]}, "properties": {"id": "osm:node:268915894", "type": "kindergarten", "name": "Schmunzelmonster", "source": "OpenStreetMap/Overpass"}}, {"type": "Feature", "geometry": {"type": "Point", "coordinates": [13.3613528, 52.48764]}, "properties": {"id": "osm:node:268915895", "type": "kindergarten", "name": "Schülerladen Schmuddelkinder", "source": "OpenStreetMap/Overpass"}}, {"type": "Feature", "geometry": {"type": "Point", "coordinates": [13.3328659, 52.6002708]}, "properties": {"id": "osm:node:268915896", "type": "kindergarten", "name": "Kinderladen Schlumpfoase", "source": "OpenStreetMap/Overpass"}}, {"type": "Feature", "geometry": {"type": "Point", "coordinates": [13.3084895, 52.4773576]}, "properties": {"id": "osm:node:268915900", "type": "kindergarten", "name": "EKT - Schlange 99 e.V.", "source": "OpenStreetMap/Overpass"}}, {"type": "Feature", "geometry": {"type": "Point", "coordinates": [13.2160615, 52.4288001]}, "properties": {"id": "osm:node:268915901", "type": "kindergarten", "name": "EKT Schlachtensee", "source": "OpenStreetMap/Overpass"}}, {"type": "Feature", "geometry": {"type": "Point", "coordinates": [13.3345537, 52.466434]}, "properties": {"id": "osm:node:268915904", "type": "kindergarten", "name": "Kita Holsteinische Straße", "source": "OpenStreetMap/Overpass"}}, {"type": "Feature", "geometry": {"type": "Point", "coordinates": [13.3291425, 52.4766114]}, "properties": {"id": "osm:node:268915906", "type": "kindergarten", "name": "Kinderladen Mäusebande", "source": "OpenStreetMap/Overpass"}}, {"type": "Feature", "geometry": {"type": "Point", "coordinates": [13.4229041, 52.5012573]}, "properties": {"id": "osm:node:268915908", "type": "kindergarten", "name": "Kinderladen Schokokids", "source": "OpenStreetMap/Overpass"}}, {"type": "Feature", "geometry": {"type": "Point", "coordinates": [13.4198187, 52.4933135]}, "properties": {"id": "osm:node:268915911", "type": "kindergarten", "name": "EKT - Pittiplatsch e.V.", "source": "OpenStreetMap/Overpass"}}, {"type": "Feature", "geometry": {"type": "Point", "coordinates": [13.4449023, 52.4952945]}, "properties": {"id": "osm:node:268915912", "type": "kindergarten", "name": "EKT Plutonia", "source": "OpenStreetMap/Overpass"}}, {"type": "Feature", "geometry": {"type": "Point", "coordinates": [13.333279, 52.4904836]}, "properties": {"id": "osm:node:268915913", "type": "kindergarten", "name": "Kinderladen Prinz-Güntzel", "source": "OpenStreetMap/Overpass"}}, {"type": "Feature", "geometry": {"type": "Point", "coordinates": [13.4505217, 52.4729071]}, "properties": {"id": "osm:node:268915914", "type": "kindergarten", "name": "Kinderladen Puzzle", "source": "OpenStreetMap/Overpass"}}, {"type": "Feature", "geometry": {"type": "Point", "coordinates": [13.3513751, 52.5475549]}, "properties": {"id": "osm:node:268915918", "type": "kindergarten", "name": "EKT - Pinocchio e.V.", "source": "OpenStreetMap/Overpass"}}, {"type": "Feature", "geometry": {"type": "Point", "coordinates": [13.3964096, 52.5249606]}, "properties": {"id": "osm:node:268915919", "type": "kindergarten", "name": "Kinderladen Pippi Langstrumpf", "source": "OpenStreetMap/Overpass"}}, {"type": "Feature", "geometry": {"type": "Point", "coordinates": [13.4247795, 52.4696362]}, "properties": {"id": "osm:node:268915920", "type": "kindergarten", "name": "Kita Pumuckel", "source": "OpenStreetMap/Overpass"}}, {"type": "Feature", "geometry": {"type": "Point", "coordinates": [13.3076454, 52.5182902]}, "properties": {"id": "osm:node:268915921", "type": "kindergarten", "name": "Kinderladen Pünktchen", "source": "OpenStreetMap/Overpass"}}, {"type": "Feature", "geometry": {"type": "Point", "coordinates": [13.2983802, 52.4870953]}, "properties": {"id": "osm:node:268915922", "type": "kindergarten", "name": "EKT - Pünktchen und Anton e.V.", "source": "OpenStreetMap/Overpass"}}, {"type": "Feature", "geometry": {"type": "Point", "coordinates": [13.4471204, 52.4737847]}, "properties": {"id": "osm:node:268915924", "type": "childcare", "name": "EKT - Puck e.V.", "source": "OpenStreetMap/Overpass"}}, {"type": "Feature", "geometry": {"type": "Point", "coordinates": [13.4170741, 52.4951598]}, "properties": {"id": "osm:node:268915931", "type": "kindergarten", "name": "Räuberhöhle", "source": "OpenStreetMap/Overpass"}}, {"type": "Feature", "geometry": {"type": "Point", "coordinates": [13.3338764, 52.450114]}, "properties": {"id": "osm:node:268915933", "type": "kindergarten", "name": "Kinderladen Pusteblume", "source": "OpenStreetMap/Overpass"}}, {"type": "Feature", "geometry": {"type": "Point", "coordinates": [13.3163335, 52.5087759]}, "properties": {"id": "osm:node:268915934", "type": "kindergarten", "name": "EKT - Randale e.V.", "source": "OpenStreetMap/Overpass"}}, {"type": "Feature", "geometry": {"type": "Point", "coordinates": [13.408538, 52.5387193]}, "properties": {"id": "osm:node:268915935", "type": "kindergarten", "name": "EKT - Quasselstrippe e.V.", "source": "OpenStreetMap/Overpass"}}, {"type": "Feature", "geometry": {"type": "Point", "coordinates": [13.3129269, 52.4580628]}, "properties": {"id": "osm:node:268915937", "type": "kindergarten", "name": "Ringelbande e.V.", "source": "OpenStreetMap/Overpass"}}, {"type": "Feature", "geometry": {"type": "Point", "coordinates": [13.2935252, 52.5032734]}, "properties": {"id": "osm:node:268915938", "type": "kindergarten", "name": "Kinderladen Rönne 18", "source": "OpenStreetMap/Overpass"}}, {"type": "Feature", "geometry": {"type": "Point", "coordinates": [13.4404565, 52.4784781]}, "properties": {"id": "osm:node:268915939", "type": "kindergarten", "name": "Kita Rixdorfer Rüpel", "source": "OpenStreetMap/Overpass"}}, {"type": "Feature", "geometry": {"type": "Point", "coordinates": [13.3511712, 52.5216508]}, "properties": {"id": "osm:node:268915940", "type": "kindergarten", "name": "Kinderladen Regenbogen", "source": "OpenStreetMap/Overpass"}}, {"type": "Feature", "geometry": {"type": "Point", "coordinates": [13.3205045, 52.4656969]}, "properties": {"id": "osm:node:268915944", "type": "kindergarten", "name": "EKT - Steglitzer Eierpamper e.V.", "source": "OpenStreetMap/Overpass"}}, {"type": "Feature", "geometry": {"type": "Point", "coordinates": [13.195696, 52.5251743]}, "properties": {"id": "osm:node:268915951", "type": "kindergarten", "name": "EKT - Sternenkinder e.V.", "source": "OpenStreetMap/Overpass"}}, {"type": "Feature", "geometry": {"type": "Point", "coordinates": [13.351584, 52.5351107]}, "properties": {"id": "osm:node:268915955", "type": "kindergarten", "name": "Kinderladen Stoppelhopser", "source": "OpenStreetMap/Overpass"}}, {"type": "Feature", "geometry": {"type": "Point", "coordinates": [13.4295606, 52.4945181]}, "properties": {"id": "osm:node:268915956", "type": "kindergarten", "name": "EKT - Tentakel e.V.", "source": "OpenStreetMap/Overpass"}}, {"type": "Feature", "geometry": {"type": "Point", "coordinates": [13.3573022, 52.5513548]}, "properties": {"id": "osm:node:268915959", "type": "kindergarten", "name": "Eikita Tausendfüßler", "source": "OpenStreetMap/Overpass"}}, {"type": "Feature", "geometry": {"type": "Point", "coordinates": [13.3682165, 52.4502938]}, "properties": {"id": "osm:node:268915960", "type": "kindergarten", "name": "EKT - Tigerente/Förderkr.f.Musik-u.Bewegungserz.v.Kindern e.V.", "source": "OpenStreetMap/Overpass"}}, {"type": "Feature", "geometry": {"type": "Point", "coordinates": [13.3906351, 52.4891644]}, "properties": {"id": "osm:node:268915961", "type": "kindergarten", "name": "Kinderladen Tigerente", "source": "OpenStreetMap/Overpass"}}, {"type": "Feature", "geometry": {"type": "Point", "coordinates": [13.3979488, 52.5816079]}, "properties": {"id": "osm:node:268915966", "type": "kindergarten", "name": "EKT - Timpetu e.V.", "source": "OpenStreetMap/Overpass"}}, {"type": "Feature", "geometry": {"type": "Point", "coordinates": [13.3281265, 52.4940721]}, "properties": {"id": "osm:node:268915968", "type": "kindergarten", "name": "Kinderladen Trolle", "source": "OpenStreetMap/Overpass"}}, {"type": "Feature", "geometry": {"type": "Point", "coordinates": [13.1935637, 52.5247296]}, "properties": {"id": "osm:node:268915969", "type": "kindergarten", "name": "EKT - Traumzauberbaum e.V.", "source": "OpenStreetMap/Overpass"}}, {"type": "Feature", "geometry": {"type": "Point", "coordinates": [13.338723, 52.4715548]}, "properties": {"id": "osm:node:268915972", "type": "kindergarten", "name": "Kinderladen Trotzköpfchen", "source": "OpenStreetMap/Overpass"}}, {"type": "Feature", "geometry": {"type": "Point", "coordinates": [13.3988428, 52.4469164]}, "properties": {"id": "osm:node:268915978", "type": "kindergarten", "name": "EKT - Schülerladen Pimpanella e.V.", "source": "OpenStreetMap/Overpass"}}, {"type": "Feature", "geometry": {"type": "Point", "coordinates": [13.433427, 52.5029443]}, "properties": {"id": "osm:node:268915980", "type": "kindergarten", "name": "Schülerladen Trau Dich", "source": "OpenStreetMap/Overpass"}}, {"type": "Feature", "geometry": {"type": "Point", "coordinates": [13.3296215, 52.4765521]}, "properties": {"id": "osm:node:268915984", "type": "kindergarten", "name": "Kinderladen mima", "source": "OpenStreetMap/Overpass"}}, {"type": "Feature", "geometry": {"type": "Point", "coordinates": [13.3503882, 52.5397916]}, "properties": {"id": "osm:node:268915986", "type": "kindergarten", "name": "Kinderladen Sonnenblume", "source": "OpenStreetMap/Overpass"}}, {"type": "Feature", "geometry": {"type": "Point", "coordinates": [13.3864949, 52.4577258]}, "properties": {"id": "osm:node:268915987", "type": "kindergarten", "name": "Sonnengarten", "source": "OpenStreetMap/Overpass"}}, {"type": "Feature", "geometry": {"type": "Point", "coordinates": [13.3028494, 52.517864]}, "properties": {"id": "osm:node:268915990", "type": "kindergarten", "name": "EKT Sonnenkinder e.V.", "source": "OpenStreetMap/Overpass"}}, {"type": "Feature", "geometry": {"type": "Point", "coordinates": [13.1440526, 52.545118]}, "properties": {"id": "osm:node:268915992", "type": "kindergarten", "name": "EKT - Spandauer Schwalbennest e.V.", "source": "OpenStreetMap/Overpass"}}, {"type": "Feature", "geometry": {"type": "Point", "coordinates": [13.3609857, 52.4136709]}, "properties": {"id": "osm:node:268915994", "type": "kindergarten", "name": "EKT - Spatzennest e.V.", "source": "OpenStreetMap/Overpass"}}, {"type": "Feature", "geometry": {"type": "Point", "coordinates": [13.3595322, 52.5421208]}, "properties": {"id": "osm:node:268915995", "type": "kindergarten", "name": "EKT Sparrbande", "source": "OpenStreetMap/Overpass"}}, {"type": "Feature", "geometry": {"type": "Point", "coordinates": [13.2981724, 52.5183067]}, "properties": {"id": "osm:node:268916001", "type": "kindergarten", "name": "EKT - Spielschloß e.V.", "source": "OpenStreetMap/Overpass"}}, {"type": "Feature", "geometry": {"type": "Point", "coordinates": [13.4175738, 52.4921833]}, "properties": {"id": "osm:node:268916002", "type": "kindergarten", "name": "EKT - Spreepiraten e.V.", "source": "OpenStreetMap/Overpass"}}, {"type": "Feature", "geometry": {"type": "Point", "coordinates": [13.3971887, 52.4923275]}, "properties": {"id": "osm:node:268916004", "type": "kindergarten", "name": "Springteufel Kinder- und Schülerladen", "source": "OpenStreetMap/Overpass"}}, {"type": "Feature", "geometry": {"type": "Point", "coordinates": [13.386433, 52.5517268]}, "properties": {"id": "osm:node:268916006", "type": "kindergarten", "name": "Stadtkinder", "source": "OpenStreetMap/Overpass"}}, {"type": "Feature", "geometry": {"type": "Point", "coordinates": [13.3871336, 52.5522378]}, "properties": {"id": "osm:node:268916007", "type": "kindergarten", "name": "EKT - Stadtkinder e.V.", "source": "OpenStreetMap/Overpass"}}, {"type": "Feature", "geometry": {"type": "Point", "coordinates": [13.3241107, 52.4819669]}, "properties": {"id": "osm:node:268916008", "type": "kindergarten", "name": "Wilde Hilde", "source": "OpenStreetMap/Overpass"}}, {"type": "Feature", "geometry": {"type": "Point", "coordinates": [13.393706, 52.4864882]}, "properties": {"id": "osm:node:268916010", "type": "kindergarten", "name": "Wild Poppies", "source": "OpenStreetMap/Overpass"}}, {"type": "Feature", "geometry": {"type": "Point", "coordinates": [13.3970648, 52.4873181]}, "properties": {"id": "osm:node:268916014", "type": "kindergarten", "name": "Wildblume I", "source": "OpenStreetMap/Overpass"}}, {"type": "Feature", "geometry": {"type": "Point", "coordinates": [13.3152735, 52.5038047]}, "properties": {"id": "osm:node:268916015", "type": "kindergarten", "name": "EKT - Wielandstraße 13 e.V.", "source": "OpenStreetMap/Overpass"}}, {"type": "Feature", "geometry": {"type": "Point", "coordinates": [13.4444225, 52.4954374]}, "properties": {"id": "osm:node:268916017", "type": "kindergarten", "name": "EKT Whistcastle of Eternia", "source": "OpenStreetMap/Overpass"}}, {"type": "Feature", "geometry": {"type": "Point", "coordinates": [13.4327669, 52.4695262]}, "properties": {"id": "osm:node:268916023", "type": "kindergarten", "name": "Waldorfkindergarten Lindenbaum", "source": "OpenStreetMap/Overpass"}}, {"type": "Feature", "geometry": {"type": "Point", "coordinates": [13.3558198, 52.4830846]}, "properties": {"id": "osm:node:268916027", "type": "kindergarten", "name": "Kinderladen Zappzarapp", "source": "OpenStreetMap/Overpass"}}, {"type": "Feature", "geometry": {"type": "Point", "coordinates": [13.4343566, 52.4695044]}, "properties": {"id": "osm:node:268916029", "type": "kindergarten", "name": "Kita Die Schlümpfe", "source": "OpenStreetMap/Overpass"}}, {"type": "Feature", "geometry": {"type": "Point", "coordinates": [13.433799, 52.483402]}, "properties": {"id": "osm:node:268916030", "type": "childcare", "name": "Kinderladen Yong (EKT)", "source": "OpenStreetMap/Overpass"}}, {"type": "Feature", "geometry": {"type": "Point", "coordinates": [13.3744168, 52.4472255]}, "properties": {"id": "osm:node:268916032", "type": "kindergarten", "name": "Kinderladen Wolkenhopper", "source": "OpenStreetMap/Overpass"}}, {"type": "Feature", "geometry": {"type": "Point", "coordinates": [13.3954053, 52.5044627]}, "properties": {"id": "osm:node:268916034", "type": "kindergarten", "name": "Kita Wohnhof", "source": "OpenStreetMap/Overpass"}}, {"type": "Feature", "geometry": {"type": "Point", "coordinates": [13.2888939, 52.4980486]}, "properties": {"id": "osm:node:268916037", "type": "kindergarten", "name": "Wir um vier", "source": "OpenStreetMap/Overpass"}}, {"type": "Feature", "geometry": {"type": "Point", "coordinates": [13.3263414, 52.4860252]}, "properties": {"id": "osm:node:268916040", "type": "kindergarten", "name": "Wilde Hummeln", "source": "OpenStreetMap/Overpass"}}, {"type": "Feature", "geometry": {"type": "Point", "coordinates": [13.4365057, 52.4987298]}, "properties": {"id": "osm:node:268916041", "type": "kindergarten", "name": "Kinder einer Erde", "source": "OpenStreetMap/Overpass"}}, {"type": "Feature", "geometry": {"type": "Point", "coordinates": [13.4360542, 52.4692555]}, "properties": {"id": "osm:node:268916042", "type": "kindergarten", "name": "Kita Arielle", "source": "OpenStreetMap/Overpass"}}, {"type": "Feature", "geometry": {"type": "Point", "coordinates": [13.3592994, 52.5424189]}, "properties": {"id": "osm:node:268916045", "type": "kindergarten", "name": "EKT Pustebär", "source": "OpenStreetMap/Overpass"}}, {"type": "Feature", "geometry": {"type": "Point", "coordinates": [13.3235549, 52.468925]}, "properties": {"id": "osm:node:268916046", "type": "kindergarten", "name": "Friedenauer Kinder", "source": "OpenStreetMap/Overpass"}}, {"type": "Feature", "geometry": {"type": "Point", "coordinates": [13.1456997, 52.3979214]}, "properties": {"id": "osm:node:268916047", "type": "kindergarten", "name": "Kita Bruja", "source": "OpenStreetMap/Overpass"}}, {"type": "Feature", "geometry": {"type": "Point", "coordinates": [13.3173146, 52.4878332]}, "properties": {"id": "osm:node:268916048", "type": "kindergarten", "name": "Kinderladen Maikäfer", "source": "OpenStreetMap/Overpass"}}, {"type": "Feature", "geometry": {"type": "Point", "coordinates": [13.3807666, 52.5504466]}, "properties": {"id": "osm:node:268916050", "type": "kindergarten", "name": "EKT Kinderladen Spatzenkinder", "source": "OpenStreetMap/Overpass"}}, {"type": "Feature", "geometry": {"type": "Point", "coordinates": [13.396037, 52.4880442]}, "properties": {"id": "osm:node:268916052", "type": "kindergarten", "name": "Veda Lila Kindergarten e.V.", "source": "OpenStreetMap/Overpass"}}, {"type": "Feature", "geometry": {"type": "Point", "coordinates": [13.3471038, 52.5492705]}, "properties": {"id": "osm:node:268916056", "type": "kindergarten", "name": "Kinderladen Tüte Mücken", "source": "OpenStreetMap/Overpass"}}, {"type": "Feature", "geometry": {"type": "Point", "coordinates": [13.3937293, 52.5476735]}, "properties": {"id": "osm:node:268916059", "type": "kindergarten", "name": "Waldorfkindergarten Wedding", "source": "OpenStreetMap/Overpass"}}, {"type": "Feature", "geometry": {"type": "Point", "coordinates": [13.3819893, 52.4585831]}, "properties": {"id": "osm:node:268916063", "type": "kindergarten", "name": "Kita Gulliver", "source": "OpenStreetMap/Overpass"}}, {"type": "Feature", "geometry": {"type": "Point", "coordinates": [13.3625416, 52.4866374]}, "properties": {"id": "osm:node:268916067", "type": "kindergarten", "name": "Kindergarten am Haselstrauch", "source": "OpenStreetMap/Overpass"}}, {"type": "Feature", "geometry": {"type": "Point", "coordinates": [13.4223983, 52.5439646]}, "properties": {"id": "osm:node:268916069", "type": "kindergarten", "name": "Villa Kunterbunt", "source": "OpenStreetMap/Overpass"}}, {"type": "Feature", "geometry": {"type": "Point", "coordinates": [13.3977595, 52.5101285]}, "properties": {"id": "osm:node:268916074", "type": "kindergarten", "name": "Umka", "source": "OpenStreetMap/Overpass"}}, {"type": "Feature", "geometry": {"type": "Point", "coordinates": [13.4070836, 52.5466252]}, "properties": {"id": "osm:node:268916075", "type": "kindergarten", "name": "Pustekuchen", "source": "OpenStreetMap/Overpass"}}, {"type": "Feature", "geometry": {"type": "Point", "coordinates": [13.2988172, 52.4957073]}, "properties": {"id": "osm:node:268916076", "type": "kindergarten", "name": "Kita Beerenkinder", "source": "OpenStreetMap/Overpass"}}, {"type": "Feature", "geometry": {"type": "Point", "coordinates": [13.2872104, 52.5393057]}, "properties": {"id": "osm:node:268916077", "type": "kindergarten", "name": "Sport-Club Charlottenburg Hort Halemweg", "source": "OpenStreetMap/Overpass"}}, {"type": "Feature", "geometry": {"type": "Point", "coordinates": [13.2975945, 52.504091]}, "properties": {"id": "osm:node:268916078", "type": "kindergarten", "name": "Kinder- und Schülerladen Halensee e.V.", "source": "OpenStreetMap/Overpass"}}, {"type": "Feature", "geometry": {"type": "Point", "coordinates": [13.3853385, 52.5032456]}, "properties": {"id": "osm:node:268916079", "type": "kindergarten", "name": "Kath.Kita bei St.Clemens/Kita d.Kath.Kirchengem.St.Bonifatius", "source": "OpenStreetMap/Overpass"}}, {"type": "Feature", "geometry": {"type": "Point", "coordinates": [13.4139054, 52.5004345]}, "properties": {"id": "osm:node:268916086", "type": "kindergarten", "name": "Hort der Freien Waldorfschule Kreuzberg e.V.", "source": "OpenStreetMap/Overpass"}}, {"type": "Feature", "geometry": {"type": "Point", "coordinates": [13.4062279, 52.5228886]}, "properties": {"id": "osm:node:268916088", "type": "kindergarten", "name": "Hort der Evangelische Schule Berlin-Mitte", "source": "OpenStreetMap/Overpass"}}, {"type": "Feature", "geometry": {"type": "Point", "coordinates": [13.2488688, 52.5175883]}, "properties": {"id": "osm:node:268916089", "type": "kindergarten", "name": "Kita Rominter Allee", "source": "OpenStreetMap/Overpass"}}, {"type": "Feature", "geometry": {"type": "Point", "coordinates": [13.4303005, 52.4821774]}, "properties": {"id": "osm:node:268916091", "type": "kindergarten", "name": "Kinderladen Lach und Krach", "source": "OpenStreetMap/Overpass"}}, {"type": "Feature", "geometry": {"type": "Point", "coordinates": [13.3538066, 52.4815643]}, "properties": {"id": "osm:node:268916094", "type": "kindergarten", "name": "Kinderladen Stadtmäuse", "source": "OpenStreetMap/Overpass"}}, {"type": "Feature", "geometry": {"type": "Point", "coordinates": [13.4062473, 52.5403477]}, "properties": {"id": "osm:node:268916096", "type": "kindergarten", "name": "Tütata - Kinderladen Prenzlauer Berg e.V.", "source": "OpenStreetMap/Overpass"}}, {"type": "Feature", "geometry": {"type": "Point", "coordinates": [13.3310802, 52.5305594]}, "properties": {"id": "osm:node:268916101", "type": "kindergarten", "name": "Kinder- und Schülerladen Olle Burg", "source": "OpenStreetMap/Overpass"}}, {"type": "Feature", "geometry": {"type": "Point", "coordinates": [13.3369397, 52.4698408]}, "properties": {"id": "osm:node:268916102", "type": "kindergarten", "name": "Kita Volltreffer", "source": "OpenStreetMap/Overpass"}}, {"type": "Feature", "geometry": {"type": "Point", "coordinates": [13.2240205, 52.4282606]}, "properties": {"id": "osm:node:268916108", "type": "kindergarten", "name": "EKT Zwölf Knirpse", "source": "OpenStreetMap/Overpass"}}, {"type": "Feature", "geometry": {"type": "Point", "coordinates": [13.3138415, 52.4610583]}, "properties": {"id": "osm:node:268916109", "type": "kindergarten", "name": "Kinderladen Zwergstatt", "source": "OpenStreetMap/Overpass"}}, {"type": "Feature", "geometry": {"type": "Point", "coordinates": [13.5149, 52.4829171]}, "properties": {"id": "osm:node:268916111", "type": "kindergarten", "name": "EKT - Die Kappe", "source": "OpenStreetMap/Overpass"}}, {"type": "Feature", "geometry": {"type": "Point", "coordinates": [13.4441474, 52.4719031]}, "properties": {"id": "osm:node:268916114", "type": "kindergarten", "name": "Kleine Fische Kinderladen", "source": "OpenStreetMap/Overpass"}}, {"type": "Feature", "geometry": {"type": "Point", "coordinates": [13.3851365, 52.4912569]}, "properties": {"id": "osm:node:268916115", "type": "kindergarten", "name": "EKT - Zinnober e.V.", "source": "OpenStreetMap/Overpass"}}, {"type": "Feature", "geometry": {"type": "Point", "coordinates": [13.4148301, 52.492355]}, "properties": {"id": "osm:node:268916116", "type": "kindergarten", "name": "EKT - Zehnfach und Simpel e.V.", "source": "OpenStreetMap/Overpass"}}, {"type": "Feature", "geometry": {"type": "Point", "coordinates": [13.4331938, 52.4856392]}, "properties": {"id": "osm:node:268916117", "type": "kindergarten", "name": "EKT - Zottelbär e.V.", "source": "OpenStreetMap/Overpass"}}, {"type": "Feature", "geometry": {"type": "Point", "coordinates": [13.3969007, 52.4871497]}, "properties": {"id": "osm:node:268916118", "type": "kindergarten", "name": "EKT - Zippel und Zappel e.V.", "source": "OpenStreetMap/Overpass"}}, {"type": "Feature", "geometry": {"type": "Point", "coordinates": [13.3835388, 52.4547959]}, "properties": {"id": "osm:node:268916121", "type": "kindergarten", "name": "Zwergenland e.V.", "source": "OpenStreetMap/Overpass"}}, {"type": "Feature", "geometry": {"type": "Point", "coordinates": [13.3811134, 52.4553307]}, "properties": {"id": "osm:node:268916122", "type": "kindergarten", "name": "Zwergenland", "source": "OpenStreetMap/Overpass"}}, {"type": "Feature", "geometry": {"type": "Point", "coordinates": [13.3400716, 52.4704014]}, "properties": {"id": "osm:node:268916130", "type": "kindergarten", "name": "Traumfänger", "source": "OpenStreetMap/Overpass"}}, {"type": "Feature", "geometry": {"type": "Point", "coordinates": [13.4093495, 52.4891235]}, "properties": {"id": "osm:node:268916132", "type": "kindergarten", "name": "EKT -Yildiz Kirschkern e.V.", "source": "OpenStreetMap/Overpass"}}, {"type": "Feature", "geometry": {"type": "Point", "coordinates": [13.3298436, 52.4770016]}, "properties": {"id": "osm:node:268916133", "type": "kindergarten", "name": "Waldorfkindergarten Friedenau", "source": "OpenStreetMap/Overpass"}}, {"type": "Feature", "geometry": {"type": "Point", "coordinates": [13.335543, 52.4737734]}, "properties": {"id": "osm:node:268916134", "type": "kindergarten", "name": "Waldorfkindergarten Elfenreigen", "source": "OpenStreetMap/Overpass"}}, {"type": "Feature", "geometry": {"type": "Point", "coordinates": [13.4249849, 52.5276101]}, "properties": {"id": "osm:node:268916140", "type": "kindergarten", "name": "Kita der Ev. Kirchengem. Bartholomäus", "source": "OpenStreetMap/Overpass"}}, {"type": "Feature", "geometry": {"type": "Point", "coordinates": [13.3793872, 52.4445766]}, "properties": {"id": "osm:node:268916142", "type": "kindergarten", "name": "Kita der Ev. Kirchengem. Berlin-Mariendorf", "source": "OpenStreetMap/Overpass"}}, {"type": "Feature", "geometry": {"type": "Point", "coordinates": [13.3509335, 52.4892431]}, "properties": {"id": "osm:node:268916143", "type": "kindergarten", "name": "Evangelische Kita Apostel-Paulus", "source": "OpenStreetMap/Overpass"}}, {"type": "Feature", "geometry": {"type": "Point", "coordinates": [13.2863541, 52.4579772]}, "properties": {"id": "osm:node:268916147", "type": "kindergarten", "name": "Kita der Ev. Kirchengem. Dahlem", "source": "OpenStreetMap/Overpass"}}, {"type": "Feature", "geometry": {"type": "Point", "coordinates": [13.3000007, 52.5396321]}, "properties": {"id": "osm:node:268916154", "type": "kindergarten", "name": "Kita der Ev. Kirchengem. Charlottenburg-Nord", "source": "OpenStreetMap/Overpass"}}, {"type": "Feature", "geometry": {"type": "Point", "coordinates": [13.4087324, 52.5702102]}, "properties": {"id": "osm:node:268916155", "type": "kindergarten", "name": "Kita der Ev. Kirchengem. Alt-Pankow", "source": "OpenStreetMap/Overpass"}}, {"type": "Feature", "geometry": {"type": "Point", "coordinates": [13.3480297, 52.4828001]}, "properties": {"id": "osm:node:268916158", "type": "kindergarten", "name": "Evangelische Kita Alt-Schöneberg", "source": "OpenStreetMap/Overpass"}}, {"type": "Feature", "geometry": {"type": "Point", "coordinates": [13.3360667, 52.5802312]}, "properties": {"id": "osm:node:268916163", "type": "kindergarten", "name": "Kita der Ev. Kirchengem. Alt-Wittenau", "source": "OpenStreetMap/Overpass"}}, {"type": "Feature", "geometry": {"type": "Point", "coordinates": [13.325795, 52.59146]}, "properties": {"id": "osm:node:268916170", "type": "kindergarten", "name": "Kita der Ev. Kirchengem. Alt-Wittenau", "source": "OpenStreetMap/Overpass"}}, {"type": "Feature", "geometry": {"type": "Point", "coordinates": [13.5288082, 52.5827273]}, "properties": {"id": "osm:node:268916177", "type": "kindergarten", "name": "Evangelische Kita Wartenberg", "source": "OpenStreetMap/Overpass"}}, {"type": "Feature", "geometry": {"type": "Point", "coordinates": [13.3359898, 52.5259841]}, "properties": {"id": "osm:node:268916180", "type": "kindergarten", "name": "Evangelische Otto-Kita", "source": "OpenStreetMap/Overpass"}}, {"type": "Feature", "geometry": {"type": "Point", "coordinates": [13.3358531, 52.6086653]}, "properties": {"id": "osm:node:268916183", "type": "kindergarten", "name": "Kita der Ev. Felsen-Kirchengem.", "source": "OpenStreetMap/Overpass"}}, {"type": "Feature", "geometry": {"type": "Point", "coordinates": [13.2139684, 52.607725]}, "properties": {"id": "osm:node:268916185", "type": "kindergarten", "name": "Dorfkindergarten", "source": "OpenStreetMap/Overpass"}}, {"type": "Feature", "geometry": {"type": "Point", "coordinates": [13.5723295, 52.4541866]}, "properties": {"id": "osm:node:268916192", "type": "kindergarten", "name": "Kita / St. Josefsstift", "source": "OpenStreetMap/Overpass"}}, {"type": "Feature", "geometry": {"type": "Point", "coordinates": [13.4264393, 52.534826]}, "properties": {"id": "osm:node:268916196", "type": "childcare", "name": "Ev. Kita Winsstraße", "source": "OpenStreetMap/Overpass"}}, {"type": "Feature", "geometry": {"type": "Point", "coordinates": [13.3460918, 52.5308661]}, "properties": {"id": "osm:node:268916198", "type": "kindergarten", "name": "Kita Birkelinchen", "source": "OpenStreetMap/Overpass"}}, {"type": "Feature", "geometry": {"type": "Point", "coordinates": [13.4138512, 52.5527462]}, "properties": {"id": "osm:node:268916201", "type": "kindergarten", "name": "Evang. Kindertagesstätte Arche", "source": "OpenStreetMap/Overpass"}}, {"type": "Feature", "geometry": {"type": "Point", "coordinates": [13.428608, 52.47]}, "properties": {"id": "osm:node:268916203", "type": "kindergarten", "name": "Kita Berliner Spatzen", "source": "OpenStreetMap/Overpass"}}, {"type": "Feature", "geometry": {"type": "Point", "coordinates": [13.3276676, 52.4861326]}, "properties": {"id": "osm:node:268916204", "type": "kindergarten", "name": "Asilo Italiano", "source": "OpenStreetMap/Overpass"}}, {"type": "Feature", "geometry": {"type": "Point", "coordinates": [13.3155344, 52.4389195]}, "properties": {"id": "osm:node:268916218", "type": "kindergarten", "name": "Kita der Paulus-Gemeinde", "source": "OpenStreetMap/Overpass"}}, {"type": "Feature", "geometry": {"type": "Point", "coordinates": [13.3366551, 52.474448]}, "properties": {"id": "osm:node:268916219", "type": "kindergarten", "name": "Kita Philippus", "source": "OpenStreetMap/Overpass"}}, {"type": "Feature", "geometry": {"type": "Point", "coordinates": [13.3300667, 52.5312608]}, "properties": {"id": "osm:node:268916221", "type": "kindergarten", "name": "Reformations-Kita", "source": "OpenStreetMap/Overpass"}}, {"type": "Feature", "geometry": {"type": "Point", "coordinates": [13.3426839, 52.6156746]}, "properties": {"id": "osm:node:268916223", "type": "kindergarten", "name": "Kita der Ev. Kirchengem. Lübars", "source": "OpenStreetMap/Overpass"}}, {"type": "Feature", "geometry": {"type": "Point", "coordinates": [13.3030578, 52.5167157]}, "properties": {"id": "osm:node:268916224", "type": "kindergarten", "name": "Luisenkindergarten", "source": "OpenStreetMap/Overpass"}}, {"type": "Feature", "geometry": {"type": "Point", "coordinates": [13.3411421, 52.449074]}, "properties": {"id": "osm:node:268916231", "type": "kindergarten", "name": "Kita der Ev. Kirchengem. Markus", "source": "OpenStreetMap/Overpass"}}, {"type": "Feature", "geometry": {"type": "Point", "coordinates": [13.413643, 52.4947663]}, "properties": {"id": "osm:node:268916235", "type": "kindergarten", "name": "Evangelische Kita Melanchthon", "source": "OpenStreetMap/Overpass"}}, {"type": "Feature", "geometry": {"type": "Point", "coordinates": [13.3450557, 52.4666472]}, "properties": {"id": "osm:node:268916236", "type": "kindergarten", "name": "Evangelische Kindertagesstätte Nathanael", "source": "OpenStreetMap/Overpass"}}, {"type": "Feature", "geometry": {"type": "Point", "coordinates": [13.4158833, 52.4182628]}, "properties": {"id": "osm:node:268916238", "type": "kindergarten", "name": "Evangelische Halbtagskita Neu-Buckow", "source": "OpenStreetMap/Overpass"}}, {"type": "Feature", "geometry": {"type": "Point", "coordinates": [13.3038344, 52.496128]}, "properties": {"id": "osm:node:268916240", "type": "kindergarten", "name": "Hochmeister-Kindertagesstätte", "source": "OpenStreetMap/Overpass"}}, {"type": "Feature", "geometry": {"type": "Point", "coordinates": [13.4218885, 52.5327456]}, "properties": {"id": "osm:node:268916246", "type": "kindergarten", "name": "Kita Immanuel", "source": "OpenStreetMap/Overpass"}}, {"type": "Feature", "geometry": {"type": "Point", "coordinates": [13.1820843, 52.5392285]}, "properties": {"id": "osm:node:268916247", "type": "kindergarten", "name": "Kita der Ev. Kirchengem. Klosterfelde", "source": "OpenStreetMap/Overpass"}}, {"type": "Feature", "geometry": {"type": "Point", "coordinates": [13.3496377, 52.5487528]}, "properties": {"id": "osm:node:268916249", "type": "kindergarten", "name": "Kinderhaus Kapernaum", "source": "OpenStreetMap/Overpass"}}, {"type": "Feature", "geometry": {"type": "Point", "coordinates": [13.3337526, 52.4995774]}, "properties": {"id": "osm:node:268916250", "type": "kindergarten", "name": "Kita der Ev. Kirchengem. Kaiser-Wilhelm-Gedächtnis", "source": "OpenStreetMap/Overpass"}}, {"type": "Feature", "geometry": {"type": "Point", "coordinates": [13.3437803, 52.5592909]}, "properties": {"id": "osm:node:268916252", "type": "kindergarten", "name": "Evangelische Kita Kornelius", "source": "OpenStreetMap/Overpass"}}, {"type": "Feature", "geometry": {"type": "Point", "coordinates": [13.2315355, 52.5709893]}, "properties": {"id": "osm:node:268916254", "type": "kindergarten", "name": "Kita der Ev. Kirchengem. Konradshöhe-Tegelort", "source": "OpenStreetMap/Overpass"}}, {"type": "Feature", "geometry": {"type": "Point", "coordinates": [13.4205564, 52.5407066]}, "properties": {"id": "osm:node:268916255", "type": "kindergarten", "name": "Evangelische Kita Elias", "source": "OpenStreetMap/Overpass"}}, {"type": "Feature", "geometry": {"type": "Point", "coordinates": [13.426954, 52.4949312]}, "properties": {"id": "osm:node:268916256", "type": "kindergarten", "name": "Evangelische Kita Emmaus-Ölberg", "source": "OpenStreetMap/Overpass"}}, {"type": "Feature", "geometry": {"type": "Point", "coordinates": [13.3455205, 52.4354558]}, "properties": {"id": "osm:node:268916258", "type": "kindergarten", "name": "Kita der Ev. Kirchengem. Dreifaltigkeit", "source": "OpenStreetMap/Overpass"}}, {"type": "Feature", "geometry": {"type": "Point", "coordinates": [13.3759001, 52.5698344]}, "properties": {"id": "osm:node:268916260", "type": "kindergarten", "name": "Evangeliums-Kita", "source": "OpenStreetMap/Overpass"}}, {"type": "Feature", "geometry": {"type": "Point", "coordinates": [13.2841015, 52.5132519]}, "properties": {"id": "osm:node:268916261", "type": "kindergarten", "name": "Kita der Evangelischen Kirchengemeinde Epiphanien", "source": "OpenStreetMap/Overpass"}}, {"type": "Feature", "geometry": {"type": "Point", "coordinates": [13.3303639, 52.52208]}, "properties": {"id": "osm:node:268916262", "type": "kindergarten", "name": "Evangelische Kita Erlöser", "source": "OpenStreetMap/Overpass"}}, {"type": "Feature", "geometry": {"type": "Point", "coordinates": [13.4561539, 52.5178252]}, "properties": {"id": "osm:node:268916263", "type": "kindergarten", "name": "Evangelische Kita Galiläa", "source": "OpenStreetMap/Overpass"}}, {"type": "Feature", "geometry": {"type": "Point", "coordinates": [13.2979963, 52.4968433]}, "properties": {"id": "osm:node:268916279", "type": "kindergarten", "name": "Kita der Kath. Kirchengem. St. Albertus-Magnus", "source": "OpenStreetMap/Overpass"}}, {"type": "Feature", "geometry": {"type": "Point", "coordinates": [13.4100667, 52.5304628]}, "properties": {"id": "osm:node:268916280", "type": "kindergarten", "name": "Kita Herz Jesu", "source": "OpenStreetMap/Overpass"}}, {"type": "Feature", "geometry": {"type": "Point", "coordinates": [13.384456, 52.4449611]}, "properties": {"id": "osm:node:268916283", "type": "kindergarten", "name": "Kita der Kath. Kirchengem. Maria Frieden", "source": "OpenStreetMap/Overpass"}}, {"type": "Feature", "geometry": {"type": "Point", "coordinates": [13.4487198, 52.5279034]}, "properties": {"id": "osm:node:268916289", "type": "kindergarten", "name": "Kita der Kath. Kirchengem. Corpus Christi", "source": "OpenStreetMap/Overpass"}}, {"type": "Feature", "geometry": {"type": "Point", "coordinates": [13.3244139, 52.4586989]}, "properties": {"id": "osm:node:268916290", "type": "kindergarten", "name": "Rosenkranz-Kita", "source": "OpenStreetMap/Overpass"}}, {"type": "Feature", "geometry": {"type": "Point", "coordinates": [13.3019057, 52.5919246]}, "properties": {"id": "osm:node:268916296", "type": "kindergarten", "name": "Schatzinsel", "source": "OpenStreetMap/Overpass"}}, {"type": "Feature", "geometry": {"type": "Point", "coordinates": [13.4050757, 52.5354367]}, "properties": {"id": "osm:node:268916297", "type": "kindergarten", "name": "Evangelische Kita Zion", "source": "OpenStreetMap/Overpass"}}, {"type": "Feature", "geometry": {"type": "Point", "coordinates": [13.4915948, 52.5151576]}, "properties": {"id": "osm:node:268916304", "type": "kindergarten", "name": "Evangelische Kindertagesstätte", "source": "OpenStreetMap/Overpass"}}, {"type": "Feature", "geometry": {"type": "Point", "coordinates": [13.3961992, 52.5646604]}, "properties": {"id": "osm:node:268916305", "type": "kindergarten", "name": "Evangelische Kita Martin Luther", "source": "OpenStreetMap/Overpass"}}, {"type": "Feature", "geometry": {"type": "Point", "coordinates": [13.3677113, 52.5878139]}, "properties": {"id": "osm:node:268916311", "type": "kindergarten", "name": "Evangelische Kita Wilhelmsruh", "source": "OpenStreetMap/Overpass"}}, {"type": "Feature", "geometry": {"type": "Point", "coordinates": [13.4496617, 52.5524356]}, "properties": {"id": "osm:node:268916313", "type": "kindergarten", "name": "Kita der Evangelischen Kirchengemeinde Weißensee", "source": "OpenStreetMap/Overpass"}}, {"type": "Feature", "geometry": {"type": "Point", "coordinates": [13.2369402, 52.5473577]}, "properties": {"id": "osm:node:268916318", "type": "kindergarten", "name": "Kita der Ev. Kirchengem. Weihnacht-Haselhorst", "source": "OpenStreetMap/Overpass"}}, {"type": "Feature", "geometry": {"type": "Point", "coordinates": [13.5035781, 52.5537165]}, "properties": {"id": "osm:node:268916324", "type": "kindergarten", "name": "Evangelische Kita Arche Noah", "source": "OpenStreetMap/Overpass"}}, {"type": "Feature", "geometry": {"type": "Point", "coordinates": [13.4071278, 52.5003229]}, "properties": {"id": "osm:node:268916329", "type": "kindergarten", "name": "Kita der Ev. Kirchengem. St. Simeon", "source": "OpenStreetMap/Overpass"}}, {"type": "Feature", "geometry": {"type": "Point", "coordinates": [13.2050903, 52.5308962]}, "properties": {"id": "osm:node:268916330", "type": "kindergarten", "name": "Kita und Hort Petrus", "source": "OpenStreetMap/Overpass"}}, {"type": "Feature", "geometry": {"type": "Point", "coordinates": [13.3492859, 52.5252764]}, "properties": {"id": "osm:node:268916332", "type": "kindergarten", "name": "Kita der Ev. Kirchengem. St. Johannis", "source": "OpenStreetMap/Overpass"}}, {"type": "Feature", "geometry": {"type": "Point", "coordinates": [13.2599522, 52.4132052]}, "properties": {"id": "osm:node:268916337", "type": "kindergarten", "name": "Kita der Ev. Kirchengem. Schönow-Buschgraben", "source": "OpenStreetMap/Overpass"}}, {"type": "Feature", "geometry": {"type": "Point", "coordinates": [13.6490326, 52.3752343]}, "properties": {"id": "osm:node:268916338", "type": "kindergarten", "name": "Kita der Ev. Kirchengem. Schmöckwitz", "source": "OpenStreetMap/Overpass"}}, {"type": "Feature", "geometry": {"type": "Point", "coordinates": [13.4659715, 52.5186128]}, "properties": {"id": "osm:node:268916340", "type": "kindergarten", "name": "Evangelische Kita Samariter", "source": "OpenStreetMap/Overpass"}}, {"type": "Feature", "geometry": {"type": "Point", "coordinates": [13.4194953, 52.4744247]}, "properties": {"id": "osm:node:268916345", "type": "kindergarten", "name": "Kita des Ev. Kirchenkreises Neukölln", "source": "OpenStreetMap/Overpass"}}, {"type": "Feature", "geometry": {"type": "Point", "coordinates": [13.45053, 52.42269]}, "properties": {"id": "osm:node:268916346", "type": "kindergarten", "name": "Kita des Ev. Kirchenkreises Neukölln", "source": "OpenStreetMap/Overpass"}}, {"type": "Feature", "geometry": {"type": "Point", "coordinates": [13.3548795, 52.5016062]}, "properties": {"id": "osm:node:268916438", "type": "kindergarten", "name": "Kita der Lukas-Gemeinde e.V.", "source": "OpenStreetMap/Overpass"}}, {"type": "Feature", "geometry": {"type": "Point", "coordinates": [13.3292399, 52.4876371]}, "properties": {"id": "osm:node:268916474", "type": "kindergarten", "name": "Svenska Victoriaförsamlingens förskola", "source": "OpenStreetMap/Overpass"}}, {"type": "Feature", "geometry": {"type": "Point", "coordinates": [13.1958678, 52.5383463]}, "properties": {"id": "osm:node:268916511", "type": "kindergarten", "name": "Kita Vogelnest", "source": "OpenStreetMap/Overpass"}}, {"type": "Feature", "geometry": {"type": "Point", "coordinates": [13.3148693, 52.5700096]}, "properties": {"id": "osm:node:268916564", "type": "kindergarten", "name": "Katholische Kindertagesstätte St. Rita", "source": "OpenStreetMap/Overpass"}}, {"type": "Feature", "geometry": {"type": "Point", "coordinates": [13.3626812, 52.4342476]}, "properties": {"id": "osm:node:268916569", "type": "kindergarten", "name": "Kita der Kath. Kirchengem.V.d. Auferstehung Christi", "source": "OpenStreetMap/Overpass"}}, {"type": "Feature", "geometry": {"type": "Point", "coordinates": [13.3333228, 52.4928293]}, "properties": {"id": "osm:node:268916572", "type": "kindergarten", "name": "Nachbarschaftsheim Schöneberg e.V.", "source": "OpenStreetMap/Overpass"}}, {"type": "Feature", "geometry": {"type": "Point", "coordinates": [13.4513272, 52.4733294]}, "properties": {"id": "osm:node:268916578", "type": "kindergarten", "name": "Kita der Kath. Kirchengem. St. Richard", "source": "OpenStreetMap/Overpass"}}, {"type": "Feature", "geometry": {"type": "Point", "coordinates": [13.3302082, 52.5910948]}, "properties": {"id": "osm:node:268916579", "type": "kindergarten", "name": "Kita der Kath. Kirchengem. St. Nikolaus", "source": "OpenStreetMap/Overpass"}}, {"type": "Feature", "geometry": {"type": "Point", "coordinates": [13.3472233, 52.4826405]}, "properties": {"id": "osm:node:268916580", "type": "kindergarten", "name": "Kita St. Norbert", "source": "OpenStreetMap/Overpass"}}, {"type": "Feature", "geometry": {"type": "Point", "coordinates": [13.3497034, 52.5271357]}, "properties": {"id": "osm:node:268916582", "type": "kindergarten", "name": "Kita St. Laurentius", "source": "OpenStreetMap/Overpass"}}, {"type": "Feature", "geometry": {"type": "Point", "coordinates": [13.164417, 52.5492675]}, "properties": {"id": "osm:node:268916586", "type": "kindergarten", "name": "Kindertagesstätte St. Markus", "source": "OpenStreetMap/Overpass"}}, {"type": "Feature", "geometry": {"type": "Point", "coordinates": [13.3215536, 52.4969908]}, "properties": {"id": "osm:node:268916587", "type": "kindergarten", "name": "Kita St. Ludwig", "source": "OpenStreetMap/Overpass"}}, {"type": "Feature", "geometry": {"type": "Point", "coordinates": [13.3603713, 52.5744341]}, "properties": {"id": "osm:node:268916588", "type": "kindergarten", "name": "Kita St. Marien", "source": "OpenStreetMap/Overpass"}}, {"type": "Feature", "geometry": {"type": "Point", "coordinates": [13.3655809, 52.4853255]}, "properties": {"id": "osm:node:268916592", "type": "kindergarten", "name": "Katholische Kindertagesstätte St. Elisabeth", "source": "OpenStreetMap/Overpass"}}, {"type": "Feature", "geometry": {"type": "Point", "coordinates": [13.4469553, 52.5509194]}, "properties": {"id": "osm:node:268916595", "type": "kindergarten", "name": "Kita der Kath. Kirchengem. St. Josef", "source": "OpenStreetMap/Overpass"}}, {"type": "Feature", "geometry": {"type": "Point", "coordinates": [13.295068, 52.599454]}, "properties": {"id": "osm:node:268916596", "type": "kindergarten", "name": "Kita der Kath. Kirchengem. St. Josef", "source": "OpenStreetMap/Overpass"}}, {"type": "Feature", "geometry": {"type": "Point", "coordinates": [13.2842073, 52.5758692]}, "properties": {"id": "osm:node:268916597", "type": "kindergarten", "name": "Kita der Katholischen Kirchengemeinde Sankt Bernhard", "source": "OpenStreetMap/Overpass"}}, {"type": "Feature", "geometry": {"type": "Point", "coordinates": [13.3412804, 52.4402934]}, "properties": {"id": "osm:node:268916598", "type": "kindergarten", "name": "Kita der Kath. Kirchengem. St. Benedikt", "source": "OpenStreetMap/Overpass"}}, {"type": "Feature", "geometry": {"type": "Point", "coordinates": [13.4066885, 52.5507495]}, "properties": {"id": "osm:node:268916599", "type": "kindergarten", "name": "Kita Sankt Augustinus", "source": "OpenStreetMap/Overpass"}}, {"type": "Feature", "geometry": {"type": "Point", "coordinates": [13.4613151, 52.4243875]}, "properties": {"id": "osm:node:268916601", "type": "kindergarten", "name": "Kita St. Dominicus", "source": "OpenStreetMap/Overpass"}}, {"type": "Feature", "geometry": {"type": "Point", "coordinates": [13.4359698, 52.4774043]}, "properties": {"id": "osm:node:268916602", "type": "kindergarten", "name": "Kita der Kath. Kirchengem. St. Clara", "source": "OpenStreetMap/Overpass"}}, {"type": "Feature", "geometry": {"type": "Point", "coordinates": [13.3348938, 52.528367]}, "properties": {"id": "osm:node:268916611", "type": "kindergarten", "name": "Hort Arche Noah", "source": "OpenStreetMap/Overpass"}}, {"type": "Feature", "geometry": {"type": "Point", "coordinates": [13.3322242, 52.5268144]}, "properties": {"id": "osm:node:268916616", "type": "kindergarten", "name": "Kita Schmetterling", "source": "OpenStreetMap/Overpass"}}, {"type": "Feature", "geometry": {"type": "Point", "coordinates": [13.4271914, 52.5801306]}, "properties": {"id": "osm:node:268916618", "type": "kindergarten", "name": "Kita Regenbogenhaus", "source": "OpenStreetMap/Overpass"}}, {"type": "Feature", "geometry": {"type": "Point", "coordinates": [13.2363109, 52.5831037]}, "properties": {"id": "osm:node:268916625", "type": "kindergarten", "name": "Kita Waldmäuse e.V.. Waldabschnitt Konradshöhe/Reiherberg", "source": "OpenStreetMap/Overpass"}}, {"type": "Feature", "geometry": {"type": "Point", "coordinates": [13.3990849, 52.5358794]}, "properties": {"id": "osm:node:268916627", "type": "kindergarten", "name": "Casa Fantasia", "source": "OpenStreetMap/Overpass"}}, {"type": "Feature", "geometry": {"type": "Point", "coordinates": [13.4222214, 52.50011]}, "properties": {"id": "osm:node:268916628", "type": "kindergarten", "name": "Kita Wassertropfen", "source": "OpenStreetMap/Overpass"}}, {"type": "Feature", "geometry": {"type": "Point", "coordinates": [13.5803479, 52.4172204]}, "properties": {"id": "osm:node:268916630", "type": "kindergarten", "name": "Kita Traumhaus", "source": "OpenStreetMap/Overpass"}}, {"type": "Feature", "geometry": {"type": "Point", "coordinates": [13.3308424, 52.4382483]}, "properties": {"id": "osm:node:268916632", "type": "kindergarten", "name": "Kita Kobolde", "source": "OpenStreetMap/Overpass"}}, {"type": "Feature", "geometry": {"type": "Point", "coordinates": [13.3147551, 52.4561832]}, "properties": {"id": "osm:node:268916638", "type": "kindergarten", "name": "Kindergarten der Baptistengemeinde Steglitz", "source": "OpenStreetMap/Overpass"}}, {"type": "Feature", "geometry": {"type": "Point", "coordinates": [13.5194538, 52.5659011]}, "properties": {"id": "osm:node:268916648", "type": "kindergarten", "name": "Kita/BIK e.V.", "source": "OpenStreetMap/Overpass"}}, {"type": "Feature", "geometry": {"type": "Point", "coordinates": [13.3650666, 52.5478302]}, "properties": {"id": "osm:node:268916651", "type": "kindergarten", "name": "Kita/Akila e.V.", "source": "OpenStreetMap/Overpass"}}, {"type": "Feature", "geometry": {"type": "Point", "coordinates": [13.4277548, 52.5350591]}, "properties": {"id": "osm:node:268916653", "type": "kindergarten", "name": "Kita Bunte Burg", "source": "OpenStreetMap/Overpass"}}, {"type": "Feature", "geometry": {"type": "Point", "coordinates": [13.4310092, 52.4866199]}, "properties": {"id": "osm:node:268916658", "type": "kindergarten", "name": "Kita Pannierstraße", "source": "OpenStreetMap/Overpass"}}, {"type": "Feature", "geometry": {"type": "Point", "coordinates": [13.3347441, 52.5322969]}, "properties": {"id": "osm:node:268916659", "type": "kindergarten", "name": "Kita Moa", "source": "OpenStreetMap/Overpass"}}, {"type": "Feature", "geometry": {"type": "Point", "coordinates": [13.4339539, 52.4864544]}, "properties": {"id": "osm:node:268916660", "type": "kindergarten", "name": "Kita Forum Soziale Dienste e.V.", "source": "OpenStreetMap/Overpass"}}, {"type": "Feature", "geometry": {"type": "Point", "coordinates": [13.3415557, 52.595595]}, "properties": {"id": "osm:node:268916663", "type": "kindergarten", "name": "Kita Mäusekiste", "source": "OpenStreetMap/Overpass"}}, {"type": "Feature", "geometry": {"type": "Point", "coordinates": [13.4340028, 52.6083527]}, "properties": {"id": "osm:node:268916664", "type": "kindergarten", "name": "Kita/Ev. Kirchenkreis Pankow", "source": "OpenStreetMap/Overpass"}}, {"type": "Feature", "geometry": {"type": "Point", "coordinates": [13.3937449, 52.4899962]}, "properties": {"id": "osm:node:268916675", "type": "kindergarten", "name": "Evangelische Kita Arche", "source": "OpenStreetMap/Overpass"}}, {"type": "Feature", "geometry": {"type": "Point", "coordinates": [13.2981777, 52.5179968]}, "properties": {"id": "osm:node:268916678", "type": "kindergarten", "name": "Kita des Pestalozzi-Fröbel-Hauses", "source": "OpenStreetMap/Overpass"}}, {"type": "Feature", "geometry": {"type": "Point", "coordinates": [13.4094616, 52.552623]}, "properties": {"id": "osm:node:268916685", "type": "kindergarten", "name": "Freche Früchtchen", "source": "OpenStreetMap/Overpass"}}, {"type": "Feature", "geometry": {"type": "Point", "coordinates": [13.4245253, 52.4750341]}, "properties": {"id": "osm:node:268916691", "type": "kindergarten", "name": "Kita Hand in Hand - El Ele / AWO", "source": "OpenStreetMap/Overpass"}}, {"type": "Feature", "geometry": {"type": "Point", "coordinates": [13.3310448, 52.4379236]}, "properties": {"id": "osm:node:268916693", "type": "kindergarten", "name": "Kita Drei-Käse-Hoch", "source": "OpenStreetMap/Overpass"}}, {"type": "Feature", "geometry": {"type": "Point", "coordinates": [13.3043425, 52.4908244]}, "properties": {"id": "osm:node:268916695", "type": "kindergarten", "name": "Kita el caracol/gestaltpäd. Kindergarten e.V.", "source": "OpenStreetMap/Overpass"}}, {"type": "Feature", "geometry": {"type": "Point", "coordinates": [13.3649778, 52.4881596]}, "properties": {"id": "osm:node:268916701", "type": "kindergarten", "name": "Kita Kick/Verein Stadtteil VHS e.V.", "source": "OpenStreetMap/Overpass"}}, {"type": "Feature", "geometry": {"type": "Point", "coordinates": [13.1947021, 52.5240603]}, "properties": {"id": "osm:node:268916702", "type": "kindergarten", "name": "Kita Kinder-Treff", "source": "OpenStreetMap/Overpass"}}, {"type": "Feature", "geometry": {"type": "Point", "coordinates": [13.4322006, 52.4954569]}, "properties": {"id": "osm:node:268916704", "type": "kindergarten", "name": "Kita Kastanie/AWO", "source": "OpenStreetMap/Overpass"}}, {"type": "Feature", "geometry": {"type": "Point", "coordinates": [13.4615939, 52.5201881]}, "properties": {"id": "osm:node:268916709", "type": "kindergarten", "name": "Kita P'tits Loups", "source": "OpenStreetMap/Overpass"}}, {"type": "Feature", "geometry": {"type": "Point", "coordinates": [13.2134727, 52.4367939]}, "properties": {"id": "osm:node:268916714", "type": "kindergarten", "name": "Kita Kaiserstuhl", "source": "OpenStreetMap/Overpass"}}, {"type": "Feature", "geometry": {"type": "Point", "coordinates": [13.385136, 52.5565884]}, "properties": {"id": "osm:node:268916723", "type": "kindergarten", "name": "Kita Putte", "source": "OpenStreetMap/Overpass"}}, {"type": "Feature", "geometry": {"type": "Point", "coordinates": [13.3515249, 52.5469066]}, "properties": {"id": "osm:node:268916724", "type": "kindergarten", "name": "Kita Sachensucher", "source": "OpenStreetMap/Overpass"}}, {"type": "Feature", "geometry": {"type": "Point", "coordinates": [13.5038638, 52.571208]}, "properties": {"id": "osm:node:268916734", "type": "kindergarten", "name": "Kita/urban-consult gGmbH", "source": "OpenStreetMap/Overpass"}}, {"type": "Feature", "geometry": {"type": "Point", "coordinates": [13.4254319, 52.499723]}, "properties": {"id": "osm:node:268916735", "type": "kindergarten", "name": "Kita/VAK-Verein zur Betreuung ausländischer und deutscher Kinder e.V.", "source": "OpenStreetMap/Overpass"}}, {"type": "Feature", "geometry": {"type": "Point", "coordinates": [13.3725083, 52.4164048]}, "properties": {"id": "osm:node:268916738", "type": "kindergarten", "name": "Hort L.i.ma. e.V.", "source": "OpenStreetMap/Overpass"}}, {"type": "Feature", "geometry": {"type": "Point", "coordinates": [13.3593122, 52.4952999]}, "properties": {"id": "osm:node:268916755", "type": "kindergarten", "name": "Kita/Verein Stadtteil VHS e.V.", "source": "OpenStreetMap/Overpass"}}, {"type": "Feature", "geometry": {"type": "Point", "coordinates": [13.3640013, 52.4936182]}, "properties": {"id": "osm:node:268916765", "type": "kindergarten", "name": "Kita/Verein StadtteilVHS e.V.", "source": "OpenStreetMap/Overpass"}}, {"type": "Feature", "geometry": {"type": "Point", "coordinates": [13.3830954, 52.4970659]}, "properties": {"id": "osm:node:268916766", "type": "kindergarten", "name": "Kita Freies Bildungswesen", "source": "OpenStreetMap/Overpass"}}, {"type": "Feature", "geometry": {"type": "Point", "coordinates": [13.5343206, 52.4525783]}, "properties": {"id": "osm:node:268916767", "type": "kindergarten", "name": "Kindergarten der Freien Waldorfschule Berlin-Südost", "source": "OpenStreetMap/Overpass"}}, {"type": "Feature", "geometry": {"type": "Point", "coordinates": [13.3476724, 52.479746]}, "properties": {"id": "osm:node:268916769", "type": "kindergarten", "name": "Kindergarten Max und Moritz", "source": "OpenStreetMap/Overpass"}}, {"type": "Feature", "geometry": {"type": "Point", "coordinates": [13.3146358, 52.616542]}, "properties": {"id": "osm:node:268916770", "type": "kindergarten", "name": "MINI-KIDS mit GRIPS Kita e.V.", "source": "OpenStreetMap/Overpass"}}, {"type": "Feature", "geometry": {"type": "Point", "coordinates": [13.3494033, 52.5549151]}, "properties": {"id": "osm:node:268916771", "type": "kindergarten", "name": "Elterninitiativ-Kindertagesstätte am Schillerpark", "source": "OpenStreetMap/Overpass"}}, {"type": "Feature", "geometry": {"type": "Point", "coordinates": [13.3917748, 52.5466703]}, "properties": {"id": "osm:node:268916776", "type": "kindergarten", "name": "Hauptstadtkinder", "source": "OpenStreetMap/Overpass"}}, {"type": "Feature", "geometry": {"type": "Point", "coordinates": [13.3409732, 52.4303592]}, "properties": {"id": "osm:node:268916780", "type": "kindergarten", "name": "Hort (EFöB)", "source": "OpenStreetMap/Overpass"}}, {"type": "Feature", "geometry": {"type": "Point", "coordinates": [13.3783613, 52.4560109]}, "properties": {"id": "osm:node:268916781", "type": "kindergarten", "name": "Schülerladen Drachenhöhle/IKT Stadtindianer e.V.", "source": "OpenStreetMap/Overpass"}}, {"type": "Feature", "geometry": {"type": "Point", "coordinates": [13.3463766, 52.4787339]}, "properties": {"id": "osm:node:268916783", "type": "kindergarten", "name": "Kinderladen Amsel", "source": "OpenStreetMap/Overpass"}}, {"type": "Feature", "geometry": {"type": "Point", "coordinates": [13.5110869, 52.4661098]}, "properties": {"id": "osm:node:268916785", "type": "kindergarten", "name": "SchülerInnenladen Oberschöneweide e.V.", "source": "OpenStreetMap/Overpass"}}, {"type": "Feature", "geometry": {"type": "Point", "coordinates": [13.2021686, 52.5323176]}, "properties": {"id": "osm:node:268916786", "type": "kindergarten", "name": "Kinderladen Spandau e.V.", "source": "OpenStreetMap/Overpass"}}, {"type": "Feature", "geometry": {"type": "Point", "coordinates": [13.2077394, 52.5467746]}, "properties": {"id": "osm:node:268916787", "type": "kindergarten", "name": "Schüler- und Kinderladen Spandau e.V.", "source": "OpenStreetMap/Overpass"}}, {"type": "Feature", "geometry": {"type": "Point", "coordinates": [13.3292073, 52.4542334]}, "properties": {"id": "osm:node:268916790", "type": "kindergarten", "name": "Kinderhaus Steglitz", "source": "OpenStreetMap/Overpass"}}, {"type": "Feature", "geometry": {"type": "Point", "coordinates": [13.3224773, 52.4984125]}, "properties": {"id": "osm:node:268916792", "type": "kindergarten", "name": "Schülerladen Phönix", "source": "OpenStreetMap/Overpass"}}, {"type": "Feature", "geometry": {"type": "Point", "coordinates": [13.3786879, 52.4596076]}, "properties": {"id": "osm:node:268916793", "type": "kindergarten", "name": "Kita Tiponi", "source": "OpenStreetMap/Overpass"}}, {"type": "Feature", "geometry": {"type": "Point", "coordinates": [13.3771119, 52.4650062]}, "properties": {"id": "osm:node:268916795", "type": "kindergarten", "name": "Kita Mojak Mini", "source": "OpenStreetMap/Overpass"}}, {"type": "Feature", "geometry": {"type": "Point", "coordinates": [13.2472386, 52.445743]}, "properties": {"id": "osm:node:268916802", "type": "kindergarten", "name": "Schülerladen Zehlendorfer Feuerkäfer", "source": "OpenStreetMap/Overpass"}}, {"type": "Feature", "geometry": {"type": "Point", "coordinates": [13.3380896, 52.4757679]}, "properties": {"id": "osm:node:268916822", "type": "kindergarten", "name": "Kita Berliner Spatzen", "source": "OpenStreetMap/Overpass"}}, {"type": "Feature", "geometry": {"type": "Point", "coordinates": [13.5067504, 52.467184]}, "properties": {"id": "osm:node:268916832", "type": "kindergarten", "name": "Kita Pusteblume!", "source": "OpenStreetMap/Overpass"}}, {"type": "Feature", "geometry": {"type": "Point", "coordinates": [13.5071803, 52.4673186]}, "properties": {"id": "osm:node:268916834", "type": "kindergarten", "name": "Kita Zwergenvilla", "source": "OpenStreetMap/Overpass"}}, {"type": "Feature", "geometry": {"type": "Point", "coordinates": [13.2761502, 52.4864321]}, "properties": {"id": "osm:node:268916875", "type": "kindergarten", "name": "Kita/Johannischen Sozialwerk e.V.", "source": "OpenStreetMap/Overpass"}}, {"type": "Feature", "geometry": {"type": "Point", "coordinates": [13.4191383, 52.5018558]}, "properties": {"id": "osm:node:268916884", "type": "kindergarten", "name": "", "source": "OpenStreetMap/Overpass"}}, {"type": "Feature", "geometry": {"type": "Point", "coordinates": [13.4380693, 52.4706705]}, "properties": {"id": "osm:node:268916892", "type": "kindergarten", "name": "Kita Nachbi", "source": "OpenStreetMap/Overpass"}}, {"type": "Feature", "geometry": {"type": "Point", "coordinates": [13.4155668, 52.4957408]}, "properties": {"id": "osm:node:268916900", "type": "kindergarten", "name": "Neue Kindergruppe Kreuzberg e.V.", "source": "OpenStreetMap/Overpass"}}, {"type": "Feature", "geometry": {"type": "Point", "coordinates": [13.35002, 52.5591664]}, "properties": {"id": "osm:node:268916929", "type": "kindergarten", "name": "Schillerpark-Kita", "source": "OpenStreetMap/Overpass"}}, {"type": "Feature", "geometry": {"type": "Point", "coordinates": [13.3732172, 52.5704221]}, "properties": {"id": "osm:node:268916983", "type": "kindergarten", "name": "Kita Amendestraße", "source": "OpenStreetMap/Overpass"}}, {"type": "Feature", "geometry": {"type": "Point", "coordinates": [13.4491094, 52.475111]}, "properties": {"id": "osm:node:268917015", "type": "childcare", "name": "Kita Böhmische Straße", "source": "OpenStreetMap/Overpass"}}, {"type": "Feature", "geometry": {"type": "Point", "coordinates": [13.4051777, 52.5499228]}, "properties": {"id": "osm:node:268917067", "type": "kindergarten", "name": "Kindergarten Gerne Gross", "source": "OpenStreetMap/Overpass"}}, {"type": "Feature", "geometry": {"type": "Point", "coordinates": [13.184949, 52.5436626]}, "properties": {"id": "osm:node:268917069", "type": "kindergarten", "name": "Kita Kinderarche", "source": "OpenStreetMap/Overpass"}}, {"type": "Feature", "geometry": {"type": "Point", "coordinates": [13.2291271, 52.5447811]}, "properties": {"id": "osm:node:268917075", "type": "kindergarten", "name": "Hort Goldmühle", "source": "OpenStreetMap/Overpass"}}, {"type": "Feature", "geometry": {"type": "Point", "coordinates": [13.2870483, 52.5378579]}, "properties": {"id": "osm:node:268917098", "type": "kindergarten", "name": "Kita Halemweg", "source": "OpenStreetMap/Overpass"}}, {"type": "Feature", "geometry": {"type": "Point", "coordinates": [13.3899652, 52.5532334]}, "properties": {"id": "osm:node:268917113", "type": "kindergarten", "name": "Kita Kiezeulen", "source": "OpenStreetMap/Overpass"}}, {"type": "Feature", "geometry": {"type": "Point", "coordinates": [13.3882196, 52.5145246]}, "properties": {"id": "osm:node:268917174", "type": "kindergarten", "name": "Kita Französische Straße", "source": "OpenStreetMap/Overpass"}}, {"type": "Feature", "geometry": {"type": "Point", "coordinates": [13.3503378, 52.4935829]}, "properties": {"id": "osm:node:268917175", "type": "kindergarten", "name": "Kita Frankenstraße", "source": "OpenStreetMap/Overpass"}}, {"type": "Feature", "geometry": {"type": "Point", "coordinates": [13.5794264, 52.4515669]}, "properties": {"id": "osm:node:268917184", "type": "kindergarten", "name": "Kita Moppi", "source": "OpenStreetMap/Overpass"}}, {"type": "Feature", "geometry": {"type": "Point", "coordinates": [13.387063, 52.5251699]}, "properties": {"id": "osm:node:268917185", "type": "kindergarten", "name": "Kindertagesstätte Pelikan", "source": "OpenStreetMap/Overpass"}}, {"type": "Feature", "geometry": {"type": "Point", "coordinates": [13.4200147, 52.5431244]}, "properties": {"id": "osm:node:268917189", "type": "kindergarten", "name": "Kita Helmistrolche", "source": "OpenStreetMap/Overpass"}}, {"type": "Feature", "geometry": {"type": "Point", "coordinates": [13.3562252, 52.5013114]}, "properties": {"id": "osm:node:268917240", "type": "kindergarten", "name": "Kindergarten Goldenes Schlüsselchen", "source": "OpenStreetMap/Overpass"}}, {"type": "Feature", "geometry": {"type": "Point", "coordinates": [13.4473807, 52.4713791]}, "properties": {"id": "osm:node:268917257", "type": "kindergarten", "name": "Urmel Kinderladen", "source": "OpenStreetMap/Overpass"}}, {"type": "Feature", "geometry": {"type": "Point", "coordinates": [13.4069272, 52.5341777]}, "properties": {"id": "osm:node:268917283", "type": "kindergarten", "name": "Kita Oase", "source": "OpenStreetMap/Overpass"}}, {"type": "Feature", "geometry": {"type": "Point", "coordinates": [13.3141561, 52.5016783]}, "properties": {"id": "osm:node:268917301", "type": "kindergarten", "name": "Kita Walter-Benjamin-Platz", "source": "OpenStreetMap/Overpass"}}, {"type": "Feature", "geometry": {"type": "Point", "coordinates": [13.4385199, 52.4976971]}, "properties": {"id": "osm:node:268917413", "type": "kindergarten", "name": "Kita Oppelner Straße 21", "source": "OpenStreetMap/Overpass"}}, {"type": "Feature", "geometry": {"type": "Point", "coordinates": [13.4690047, 52.5099322]}, "properties": {"id": "osm:node:268917466", "type": "kindergarten", "name": "Kita Die kleinen Entdecker", "source": "OpenStreetMap/Overpass"}}, {"type": "Feature", "geometry": {"type": "Point", "coordinates": [13.4371166, 52.4987001]}, "properties": {"id": "osm:node:268917478", "type": "kindergarten", "name": "Kita Lübbener Straße 6/7", "source": "OpenStreetMap/Overpass"}}, {"type": "Feature", "geometry": {"type": "Point", "coordinates": [13.3575373, 52.4103883]}, "properties": {"id": "osm:node:268917483", "type": "kindergarten", "name": "Kita Vier Jahreszeiten", "source": "OpenStreetMap/Overpass"}}, {"type": "Feature", "geometry": {"type": "Point", "coordinates": [13.5035683, 52.5539049]}, "properties": {"id": "osm:node:268917490", "type": "kindergarten", "name": "Sonnenkäfer", "source": "OpenStreetMap/Overpass"}}, {"type": "Feature", "geometry": {"type": "Point", "coordinates": [13.3815497, 52.4373818]}, "properties": {"id": "osm:node:268917499", "type": "kindergarten", "name": "Kita Marconistraße 4", "source": "OpenStreetMap/Overpass"}}, {"type": "Feature", "geometry": {"type": "Point", "coordinates": [13.3684103, 52.4201026]}, "properties": {"id": "osm:node:268917521", "type": "kindergarten", "name": "Kita Marienfelder Allee", "source": "OpenStreetMap/Overpass"}}, {"type": "Feature", "geometry": {"type": "Point", "coordinates": [13.5056794, 52.539198]}, "properties": {"id": "osm:node:268917580", "type": "kindergarten", "name": "KITA \"Weiße Taube\"", "source": "OpenStreetMap/Overpass"}}, {"type": "Feature", "geometry": {"type": "Point", "coordinates": [13.4055509, 52.5514945]}, "properties": {"id": "osm:node:268917586", "type": "kindergarten", "name": "Drieselmäuse", "source": "OpenStreetMap/Overpass"}}, {"type": "Feature", "geometry": {"type": "Point", "coordinates": [13.4350613, 52.4703126]}, "properties": {"id": "osm:node:268917602", "type": "kindergarten", "name": "Konrad & Kids", "source": "OpenStreetMap/Overpass"}}, {"type": "Feature", "geometry": {"type": "Point", "coordinates": [13.3257996, 52.5318335]}, "properties": {"id": "osm:node:268917623", "type": "kindergarten", "name": "Kita Sprachwelt", "source": "OpenStreetMap/Overpass"}}, {"type": "Feature", "geometry": {"type": "Point", "coordinates": [13.4440417, 52.4547115]}, "properties": {"id": "osm:node:268917646", "type": "kindergarten", "name": "Kita Riesestraße 2-4", "source": "OpenStreetMap/Overpass"}}, {"type": "Feature", "geometry": {"type": "Point", "coordinates": [13.360817, 52.501503]}, "properties": {"id": "osm:node:268917723", "type": "kindergarten", "name": "Kita Sonnenschein", "source": "OpenStreetMap/Overpass"}}, {"type": "Feature", "geometry": {"type": "Point", "coordinates": [13.4114041, 52.4944782]}, "properties": {"id": "osm:node:268917730", "type": "kindergarten", "name": "Kindergarten Planufer 77", "source": "OpenStreetMap/Overpass"}}, {"type": "Feature", "geometry": {"type": "Point", "coordinates": [13.3370992, 52.6100732]}, "properties": {"id": "osm:node:268917804", "type": "kindergarten", "name": "Kita Waldshuter Zeile", "source": "OpenStreetMap/Overpass"}}, {"type": "Feature", "geometry": {"type": "Point", "coordinates": [13.4263961, 52.4696466]}, "properties": {"id": "osm:node:268917811", "type": "kindergarten", "name": "Kita Warthestraße", "source": "OpenStreetMap/Overpass"}}, {"type": "Feature", "geometry": {"type": "Point", "coordinates": [13.3114235, 52.5171375]}, "properties": {"id": "osm:node:268917814", "type": "kindergarten", "name": "Kita Warburgzeile", "source": "OpenStreetMap/Overpass"}}, {"type": "Feature", "geometry": {"type": "Point", "coordinates": [13.584299, 52.5223529]}, "properties": {"id": "osm:node:268917845", "type": "kindergarten", "name": "Kita Baumelbaum", "source": "OpenStreetMap/Overpass"}}, {"type": "Feature", "geometry": {"type": "Point", "coordinates": [13.583646, 52.5223666]}, "properties": {"id": "osm:node:268917847", "type": "kindergarten", "name": "Montessori-Haus", "source": "OpenStreetMap/Overpass"}}, {"type": "Feature", "geometry": {"type": "Point", "coordinates": [13.4195569, 52.5457463]}, "properties": {"id": "osm:node:268917915", "type": "kindergarten", "name": "Kinderladen Pauline Kirschkern", "source": "OpenStreetMap/Overpass"}}, {"type": "Feature", "geometry": {"type": "Point", "coordinates": [13.4969835, 52.505138]}, "properties": {"id": "osm:node:268917951", "type": "kindergarten", "name": "Kita Sonnenblume", "source": "OpenStreetMap/Overpass"}}, {"type": "Feature", "geometry": {"type": "Point", "coordinates": [13.496608, 52.5042629]}, "properties": {"id": "osm:node:268918029", "type": "kindergarten", "name": "Kindertagesstätte \"Pusteblume\"", "source": "OpenStreetMap/Overpass"}}, {"type": "Feature", "geometry": {"type": "Point", "coordinates": [13.4103699, 52.5500548]}, "properties": {"id": "osm:node:268918043", "type": "kindergarten", "name": "Zum klingenden Bäumchen", "source": "OpenStreetMap/Overpass"}}, {"type": "Feature", "geometry": {"type": "Point", "coordinates": [13.2976432, 52.4948096]}, "properties": {"id": "osm:node:268918089", "type": "kindergarten", "name": "Waldorfkindergarten Tomte e.V.", "source": "OpenStreetMap/Overpass"}}, {"type": "Feature", "geometry": {"type": "Point", "coordinates": [13.3570015, 52.5519613]}, "properties": {"id": "osm:node:268918102", "type": "kindergarten", "name": "Weddinger Kinder- und Jugendzentrum e.V.", "source": "OpenStreetMap/Overpass"}}, {"type": "Feature", "geometry": {"type": "Point", "coordinates": [13.3064043, 52.4962874]}, "properties": {"id": "osm:node:268918120", "type": "kindergarten", "name": "Villa Rappelkiste", "source": "OpenStreetMap/Overpass"}}, {"type": "Feature", "geometry": {"type": "Point", "coordinates": [13.2066996, 52.5675455]}, "properties": {"id": "osm:node:269399353", "type": "kindergarten", "name": "Wichern-Kita", "source": "OpenStreetMap/Overpass"}}, {"type": "Feature", "geometry": {"type": "Point", "coordinates": [13.6568752, 52.5364742]}, "properties": {"id": "osm:node:275243576", "type": "kindergarten", "name": "", "source": "OpenStreetMap/Overpass"}}, {"type": "Feature", "geometry": {"type": "Point", "coordinates": [13.6464438, 52.5388659]}, "properties": {"id": "osm:node:275244003", "type": "kindergarten", "name": "Kita Gänseblümchen", "source": "OpenStreetMap/Overpass"}}, {"type": "Feature", "geometry": {"type": "Point", "coordinates": [13.4428893, 52.4968599]}, "properties": {"id": "osm:node:279620834", "type": "kindergarten", "name": "EKT Mauseblitz", "source": "OpenStreetMap/Overpass"}}, {"type": "Feature", "geometry": {"type": "Point", "coordinates": [13.3426401, 52.4823189]}, "properties": {"id": "osm:node:286618727", "type": "kindergarten", "name": "Kinderladen Zauberhaus", "source": "OpenStreetMap/Overpass"}}, {"type": "Feature", "geometry": {"type": "Point", "coordinates": [13.462385, 52.4983351]}, "properties": {"id": "osm:node:287296683", "type": "kindergarten", "name": "Glückskinder Stralauer Allee", "source": "OpenStreetMap/Overpass"}}, {"type": "Feature", "geometry": {"type": "Point", "coordinates": [13.199678, 52.5721259]}, "properties": {"id": "osm:node:298750707", "type": "school", "name": "Evangelische Schule Spandau", "source": "OpenStreetMap/Overpass"}}, {"type": "Feature", "geometry": {"type": "Point", "coordinates": [13.0938379, 52.56481]}, "properties": {"id": "osm:node:302078156", "type": "kindergarten", "name": "Kita am Gutspark", "source": "OpenStreetMap/Overpass"}}, {"type": "Feature", "geometry": {"type": "Point", "coordinates": [13.4060513, 52.3955047]}, "properties": {"id": "osm:node:312938718", "type": "kindergarten", "name": "Abenteuerland", "source": "OpenStreetMap/Overpass"}}, {"type": "Feature", "geometry": {"type": "Point", "coordinates": [13.4605212, 52.50772]}, "properties": {"id": "osm:node:331345835", "type": "kindergarten", "name": "Nella Propella", "source": "OpenStreetMap/Overpass"}}, {"type": "Feature", "geometry": {"type": "Point", "coordinates": [13.3390601, 52.4803608]}, "properties": {"id": "osm:node:340239440", "type": "school", "name": "Sternberg Grundschule", "source": "OpenStreetMap/Overpass"}}, {"type": "Feature", "geometry": {"type": "Point", "coordinates": [13.4357615, 52.4717574]}, "properties": {"id": "osm:node:360713397", "type": "school", "name": "Peter-Petersen-Schule", "source": "OpenStreetMap/Overpass"}}, {"type": "Feature", "geometry": {"type": "Point", "coordinates": [13.4354917, 52.4725928]}, "properties": {"id": "osm:node:360713401", "type": "school", "name": "Konrad-Agahd-Grundschule", "source": "OpenStreetMap/Overpass"}}, {"type": "Feature", "geometry": {"type": "Point", "coordinates": [13.3320067, 52.531764]}, "properties": {"id": "osm:node:365223848", "type": "kindergarten", "name": "Kita SOS-Kinderdorf", "source": "OpenStreetMap/Overpass"}}, {"type": "Feature", "geometry": {"type": "Point", "coordinates": [13.4327706, 52.5333274]}, "properties": {"id": "osm:node:373238434", "type": "kindergarten", "name": "Kinderladen Mucklas", "source": "OpenStreetMap/Overpass"}}, {"type": "Feature", "geometry": {"type": "Point", "coordinates": [13.1143842, 52.5755499]}, "properties": {"id": "osm:node:385651434", "type": "kindergarten", "name": "Kita am See", "source": "OpenStreetMap/Overpass"}}, {"type": "Feature", "geometry": {"type": "Point", "coordinates": [13.4671987, 52.5169034]}, "properties": {"id": "osm:node:387839098", "type": "kindergarten", "name": "Kinderladen Buana", "source": "OpenStreetMap/Overpass"}}, {"type": "Feature", "geometry": {"type": "Point", "coordinates": [13.493866, 52.5073447]}, "properties": {"id": "osm:node:403780768", "type": "kindergarten", "name": "CityKids Berlin", "source": "OpenStreetMap/Overpass"}}, {"type": "Feature", "geometry": {"type": "Point", "coordinates": [13.4363102, 52.466226]}, "properties": {"id": "osm:node:442397969", "type": "kindergarten", "name": "Ali Baba und seine Räuber \"Krümelmonster\"", "source": "OpenStreetMap/Overpass"}}, {"type": "Feature", "geometry": {"type": "Point", "coordinates": [13.4106034, 52.5713905]}, "properties": {"id": "osm:node:469293561", "type": "kindergarten", "name": "Kinderladen Leni Kirschkern", "source": "OpenStreetMap/Overpass"}}, {"type": "Feature", "geometry": {"type": "Point", "coordinates": [13.3029513, 52.5156078]}, "properties": {"id": "osm:node:469878330", "type": "kindergarten", "name": "El Carrusel e.V.", "source": "OpenStreetMap/Overpass"}}, {"type": "Feature", "geometry": {"type": "Point", "coordinates": [13.4340584, 52.4608843]}, "properties": {"id": "osm:node:475325547", "type": "childcare", "name": "Sprache verbindet e. V., Kita Kinderplaneten", "source": "OpenStreetMap/Overpass"}}, {"type": "Feature", "geometry": {"type": "Point", "coordinates": [13.3252488, 52.5146307]}, "properties": {"id": "osm:node:489927889", "type": "childcare", "name": "Kita an der Technischen Universität Berlin", "source": "OpenStreetMap/Overpass"}}, {"type": "Feature", "geometry": {"type": "Point", "coordinates": [13.1379577, 52.3874644]}, "properties": {"id": "osm:node:495268803", "type": "school", "name": "Oberlin Berufliche Schulen", "source": "OpenStreetMap/Overpass"}}, {"type": "Feature", "geometry": {"type": "Point", "coordinates": [13.5170522, 52.445113]}, "properties": {"id": "osm:node:506133476", "type": "school", "name": "Berliner Rettungsdienstschule", "source": "OpenStreetMap/Overpass"}}, {"type": "Feature", "geometry": {"type": "Point", "coordinates": [13.35096, 52.5494517]}, "properties": {"id": "osm:node:508070028", "type": "kindergarten", "name": "Hauptstadtkinder Kita Seestern", "source": "OpenStreetMap/Overpass"}}, {"type": "Feature", "geometry": {"type": "Point", "coordinates": [13.4214486, 52.5412286]}, "properties": {"id": "osm:node:521747740", "type": "kindergarten", "name": "Kinderschlummerland", "source": "OpenStreetMap/Overpass"}}, {"type": "Feature", "geometry": {"type": "Point", "coordinates": [13.538694, 52.4531474]}, "properties": {"id": "osm:node:532318871", "type": "kindergarten", "name": "Kita barfuß", "source": "OpenStreetMap/Overpass"}}, {"type": "Feature", "geometry": {"type": "Point", "coordinates": [13.4478202, 52.5047504]}, "properties": {"id": "osm:node:537161656", "type": "kindergarten", "name": "DRK-Bildungswerk Nord", "source": "OpenStreetMap/Overpass"}}, {"type": "Feature", "geometry": {"type": "Point", "coordinates": [13.3042499, 52.47457]}, "properties": {"id": "osm:node:542778846", "type": "kindergarten", "name": "Kissi EKT", "source": "OpenStreetMap/Overpass"}}, {"type": "Feature", "geometry": {"type": "Point", "coordinates": [13.4300328, 52.5018506]}, "properties": {"id": "osm:node:559946452", "type": "kindergarten", "name": "Kita Pîya", "source": "OpenStreetMap/Overpass"}}, {"type": "Feature", "geometry": {"type": "Point", "coordinates": [13.4516182, 52.5257808]}, "properties": {"id": "osm:node:567546847", "type": "kindergarten", "name": "Kleine Fische", "source": "OpenStreetMap/Overpass"}}, {"type": "Feature", "geometry": {"type": "Point", "coordinates": [13.3982097, 52.5353066]}, "properties": {"id": "osm:node:613697442", "type": "school", "name": "", "source": "OpenStreetMap/Overpass"}}, {"type": "Feature", "geometry": {"type": "Point", "coordinates": [13.4272726, 52.4820918]}, "properties": {"id": "osm:node:626900900", "type": "kindergarten", "name": "Kita Früchte der Kulturen e.V.", "source": "OpenStreetMap/Overpass"}}, {"type": "Feature", "geometry": {"type": "Point", "coordinates": [13.427231, 52.4822991]}, "properties": {"id": "osm:node:626900903", "type": "kindergarten", "name": "Kita Frühlicht 2", "source": "OpenStreetMap/Overpass"}}, {"type": "Feature", "geometry": {"type": "Point", "coordinates": [13.490018, 52.5049217]}, "properties": {"id": "osm:node:638953354", "type": "kindergarten", "name": "Kita Gisela", "source": "OpenStreetMap/Overpass"}}, {"type": "Feature", "geometry": {"type": "Point", "coordinates": [13.3493596, 52.6027315]}, "properties": {"id": "osm:node:640400514", "type": "kindergarten", "name": "EKG - Am Seggeluchbecken", "source": "OpenStreetMap/Overpass"}}, {"type": "Feature", "geometry": {"type": "Point", "coordinates": [13.5080439, 52.4495964]}, "properties": {"id": "osm:node:651400316", "type": "kindergarten", "name": "Kita Karussel - Lernorte - Wissen und Bildung für Kinder GmbH", "source": "OpenStreetMap/Overpass"}}, {"type": "Feature", "geometry": {"type": "Point", "coordinates": [13.4018243, 52.5326648]}, "properties": {"id": "osm:node:652885181", "type": "kindergarten", "name": "Kindergarten Veteranenstraße 10", "source": "OpenStreetMap/Overpass"}}, {"type": "Feature", "geometry": {"type": "Point", "coordinates": [13.2655128, 52.5139319]}, "properties": {"id": "osm:node:667211337", "type": "kindergarten", "name": "Sara Berlin", "source": "OpenStreetMap/Overpass"}}, {"type": "Feature", "geometry": {"type": "Point", "coordinates": [13.3282561, 52.4924873]}, "properties": {"id": "osm:node:704003010", "type": "kindergarten", "name": "Aventura", "source": "OpenStreetMap/Overpass"}}, {"type": "Feature", "geometry": {"type": "Point", "coordinates": [13.5311243, 52.5264226]}, "properties": {"id": "osm:node:727710608", "type": "school", "name": "bbw Akademie Betriebswirtschaftliche Weiterbildung", "source": "OpenStreetMap/Overpass"}}, {"type": "Feature", "geometry": {"type": "Point", "coordinates": [13.4318747, 52.4874713]}, "properties": {"id": "osm:node:745730793", "type": "kindergarten", "name": "Kita Rotkäppchen", "source": "OpenStreetMap/Overpass"}}, {"type": "Feature", "geometry": {"type": "Point", "coordinates": [13.4097183, 52.5722415]}, "properties": {"id": "osm:node:753528287", "type": "kindergarten", "name": "Verbundkita Pankow - Die Wölfe", "source": "OpenStreetMap/Overpass"}}, {"type": "Feature", "geometry": {"type": "Point", "coordinates": [13.4474116, 52.4762655]}, "properties": {"id": "osm:node:761739856", "type": "kindergarten", "name": "Kinderparadies", "source": "OpenStreetMap/Overpass"}}, {"type": "Feature", "geometry": {"type": "Point", "coordinates": [13.4115665, 52.4908527]}, "properties": {"id": "osm:node:766742182", "type": "kindergarten", "name": "Schulkinder", "source": "OpenStreetMap/Overpass"}}, {"type": "Feature", "geometry": {"type": "Point", "coordinates": [13.3659264, 52.553616]}, "properties": {"id": "osm:node:832835232", "type": "childcare", "name": "Umpa Lumpa", "source": "OpenStreetMap/Overpass"}}, {"type": "Feature", "geometry": {"type": "Point", "coordinates": [13.1929484, 52.5408804]}, "properties": {"id": "osm:node:838741927", "type": "kindergarten", "name": "", "source": "OpenStreetMap/Overpass"}}, {"type": "Feature", "geometry": {"type": "Point", "coordinates": [13.4120982, 52.503441]}, "properties": {"id": "osm:node:867872391", "type": "school", "name": "Deutsch Praxis", "source": "OpenStreetMap/Overpass"}}, {"type": "Feature", "geometry": {"type": "Point", "coordinates": [13.413924, 52.5023614]}, "properties": {"id": "osm:node:871633760", "type": "school", "name": "Yoga/Schiatsu-Zentrum", "source": "OpenStreetMap/Overpass"}}, {"type": "Feature", "geometry": {"type": "Point", "coordinates": [13.4213836, 52.501677]}, "properties": {"id": "osm:node:876244328", "type": "school", "name": "Atelier für physisches Theater – Internationale Schule für Bewegungsschauspiel", "source": "OpenStreetMap/Overpass"}}, {"type": "Feature", "geometry": {"type": "Point", "coordinates": [13.3354157, 52.4947349]}, "properties": {"id": "osm:node:944501807", "type": "kindergarten", "name": "Aventura", "source": "OpenStreetMap/Overpass"}}, {"type": "Feature", "geometry": {"type": "Point", "coordinates": [13.4929984, 52.6256033]}, "properties": {"id": "osm:node:985919722", "type": "school", "name": "Jugendwerkstatt Buch Aktivierungshilfe", "source": "OpenStreetMap/Overpass"}}, {"type": "Feature", "geometry": {"type": "Point", "coordinates": [13.2706708, 52.4545683]}, "properties": {"id": "osm:node:1015728668", "type": "school", "name": "Biesalski-Schule", "source": "OpenStreetMap/Overpass"}}, {"type": "Feature", "geometry": {"type": "Point", "coordinates": [13.0930933, 52.395387]}, "properties": {"id": "osm:node:1022985863", "type": "kindergarten", "name": "Stadt der Meister", "source": "OpenStreetMap/Overpass"}}, {"type": "Feature", "geometry": {"type": "Point", "coordinates": [13.3204111, 52.6331378]}, "properties": {"id": "osm:node:1025350551", "type": "kindergarten", "name": "Kita Zwergenland", "source": "OpenStreetMap/Overpass"}}, {"type": "Feature", "geometry": {"type": "Point", "coordinates": [13.2968978, 52.4789978]}, "properties": {"id": "osm:node:1031829528", "type": "childcare", "name": "Kita Frühling", "source": "OpenStreetMap/Overpass"}}, {"type": "Feature", "geometry": {"type": "Point", "coordinates": [13.3327206, 52.4833728]}, "properties": {"id": "osm:node:1057857273", "type": "school", "name": "Ernst-Habermann-Grundschule", "source": "OpenStreetMap/Overpass"}}, {"type": "Feature", "geometry": {"type": "Point", "coordinates": [13.2985854, 52.4871838]}, "properties": {"id": "osm:node:1080552866", "type": "kindergarten", "name": "Kita Wirbelwind", "source": "OpenStreetMap/Overpass"}}, {"type": "Feature", "geometry": {"type": "Point", "coordinates": [13.5513117, 52.4364928]}, "properties": {"id": "osm:node:1129338784", "type": "kindergarten", "name": "DASI Kindertagesstätte Knirpsenland", "source": "OpenStreetMap/Overpass"}}, {"type": "Feature", "geometry": {"type": "Point", "coordinates": [13.3330522, 52.4752501]}, "properties": {"id": "osm:node:1137565398", "type": "kindergarten", "name": "Kinderladen Hauruck", "source": "OpenStreetMap/Overpass"}}, {"type": "Feature", "geometry": {"type": "Point", "coordinates": [13.3007856, 52.5185412]}, "properties": {"id": "osm:node:1137671520", "type": "school", "name": "Kindermalschule", "source": "OpenStreetMap/Overpass"}}, {"type": "Feature", "geometry": {"type": "Point", "coordinates": [13.3716254, 52.5034349]}, "properties": {"id": "osm:node:1140710553", "type": "school", "name": "CJD Berlin", "source": "OpenStreetMap/Overpass"}}, {"type": "Feature", "geometry": {"type": "Point", "coordinates": [13.3097048, 52.5698745]}, "properties": {"id": "osm:node:1210302030", "type": "kindergarten", "name": "Kita Kleine Kinderwelt", "source": "OpenStreetMap/Overpass"}}, {"type": "Feature", "geometry": {"type": "Point", "coordinates": [13.4319987, 52.5166139]}, "properties": {"id": "osm:node:1215799770", "type": "kindergarten", "name": "Blumenkinder", "source": "OpenStreetMap/Overpass"}}, {"type": "Feature", "geometry": {"type": "Point", "coordinates": [13.318573, 52.4825549]}, "properties": {"id": "osm:node:1224120948", "type": "kindergarten", "name": "Aufgepasst", "source": "OpenStreetMap/Overpass"}}, {"type": "Feature", "geometry": {"type": "Point", "coordinates": [13.4359177, 52.4399472]}, "properties": {"id": "osm:node:1224801662", "type": "school", "name": "Alno Küchenstudio", "source": "OpenStreetMap/Overpass"}}, {"type": "Feature", "geometry": {"type": "Point", "coordinates": [13.4464747, 52.5149354]}, "properties": {"id": "osm:node:1244900364", "type": "kindergarten", "name": "Kita Miki", "source": "OpenStreetMap/Overpass"}}, {"type": "Feature", "geometry": {"type": "Point", "coordinates": [13.3626312, 52.5425889]}, "properties": {"id": "osm:node:1252451446", "type": "kindergarten", "name": "Kita Paradiesvögel Zebrafinken", "source": "OpenStreetMap/Overpass"}}, {"type": "Feature", "geometry": {"type": "Point", "coordinates": [13.448463, 52.515922]}, "properties": {"id": "osm:node:1253875518", "type": "kindergarten", "name": "Kita Hopsemops e.V.", "source": "OpenStreetMap/Overpass"}}, {"type": "Feature", "geometry": {"type": "Point", "coordinates": [13.4779379, 52.506124]}, "properties": {"id": "osm:node:1256685871", "type": "kindergarten", "name": "Kita Buntstift", "source": "OpenStreetMap/Overpass"}}, {"type": "Feature", "geometry": {"type": "Point", "coordinates": [13.4907092, 52.4689558]}, "properties": {"id": "osm:node:1260568918", "type": "kindergarten", "name": "Kita Arbolitos", "source": "OpenStreetMap/Overpass"}}, {"type": "Feature", "geometry": {"type": "Point", "coordinates": [13.4447811, 52.5155479]}, "properties": {"id": "osm:node:1263987221", "type": "kindergarten", "name": "Kita Sternthaler", "source": "OpenStreetMap/Overpass"}}, {"type": "Feature", "geometry": {"type": "Point", "coordinates": [13.2807891, 52.4837799]}, "properties": {"id": "osm:node:1270524484", "type": "kindergarten", "name": "Kindertagesstätte St. Karl Borromäus", "source": "OpenStreetMap/Overpass"}}, {"type": "Feature", "geometry": {"type": "Point", "coordinates": [13.2085542, 52.5390561]}, "properties": {"id": "osm:node:1279101565", "type": "kindergarten", "name": "Kita St. Nikolai", "source": "OpenStreetMap/Overpass"}}, {"type": "Feature", "geometry": {"type": "Point", "coordinates": [13.4700577, 52.5114298]}, "properties": {"id": "osm:node:1283595020", "type": "kindergarten", "name": "Kita Lieblingsplatz", "source": "OpenStreetMap/Overpass"}}, {"type": "Feature", "geometry": {"type": "Point", "coordinates": [13.4265669, 52.495803]}, "properties": {"id": "osm:node:1320130128", "type": "kindergarten", "name": "Regenbogenfabrik Kita", "source": "OpenStreetMap/Overpass"}}, {"type": "Feature", "geometry": {"type": "Point", "coordinates": [13.4932242, 52.4683561]}, "properties": {"id": "osm:node:1344717549", "type": "kindergarten", "name": "Kita \"Die Plänter\"", "source": "OpenStreetMap/Overpass"}}, {"type": "Feature", "geometry": {"type": "Point", "coordinates": [13.4291666, 52.5364555]}, "properties": {"id": "osm:node:1359236244", "type": "kindergarten", "name": "Kita Zwergenbaude I", "source": "OpenStreetMap/Overpass"}}, {"type": "Feature", "geometry": {"type": "Point", "coordinates": [13.4209055, 52.5638377]}, "properties": {"id": "osm:node:1380900817", "type": "kindergarten", "name": "EKT Gartenkinder e.V.", "source": "OpenStreetMap/Overpass"}}, {"type": "Feature", "geometry": {"type": "Point", "coordinates": [13.422091, 52.567623]}, "properties": {"id": "osm:node:1382320526", "type": "kindergarten", "name": "Kita der Kath. Kirchengem. St. Georg", "source": "OpenStreetMap/Overpass"}}, {"type": "Feature", "geometry": {"type": "Point", "coordinates": [13.6299439, 52.3731545]}, "properties": {"id": "osm:node:1383533638", "type": "kindergarten", "name": "Waldkindergarten Eichwalde e.V.", "source": "OpenStreetMap/Overpass"}}, {"type": "Feature", "geometry": {"type": "Point", "coordinates": [13.3999347, 52.5293522]}, "properties": {"id": "osm:node:1389419281", "type": "kindergarten", "name": "be smart academy", "source": "OpenStreetMap/Overpass"}}, {"type": "Feature", "geometry": {"type": "Point", "coordinates": [13.2100528, 52.5491314]}, "properties": {"id": "osm:node:1404818938", "type": "kindergarten", "name": "Kita Oscar e.V.", "source": "OpenStreetMap/Overpass"}}, {"type": "Feature", "geometry": {"type": "Point", "coordinates": [13.4056269, 52.552085]}, "properties": {"id": "osm:node:1407207210", "type": "school", "name": "Abendgymnasium Prenzlauer Berg", "source": "OpenStreetMap/Overpass"}}, {"type": "Feature", "geometry": {"type": "Point", "coordinates": [13.4517162, 52.5224298]}, "properties": {"id": "osm:node:1419614783", "type": "kindergarten", "name": "Pinepako e.V.", "source": "OpenStreetMap/Overpass"}}, {"type": "Feature", "geometry": {"type": "Point", "coordinates": [13.4526872, 52.5226583]}, "properties": {"id": "osm:node:1419614784", "type": "kindergarten", "name": "Grüne Wolke", "source": "OpenStreetMap/Overpass"}}, {"type": "Feature", "geometry": {"type": "Point", "coordinates": [13.4603709, 52.5204056]}, "properties": {"id": "osm:node:1421113656", "type": "kindergarten", "name": "Kita Elements", "source": "OpenStreetMap/Overpass"}}, {"type": "Feature", "geometry": {"type": "Point", "coordinates": [13.3196189, 52.6345426]}, "properties": {"id": "osm:node:1421787446", "type": "kindergarten", "name": "Kita \"KinderGarten\"", "source": "OpenStreetMap/Overpass"}}, {"type": "Feature", "geometry": {"type": "Point", "coordinates": [13.3373993, 52.5148575]}, "properties": {"id": "osm:node:1455045016", "type": "kindergarten", "name": "Kinderstube in Berlin", "source": "OpenStreetMap/Overpass"}}, {"type": "Feature", "geometry": {"type": "Point", "coordinates": [13.6065803, 52.5426711]}, "properties": {"id": "osm:node:1471201659", "type": "kindergarten", "name": "", "source": "OpenStreetMap/Overpass"}}, {"type": "Feature", "geometry": {"type": "Point", "coordinates": [13.2945456, 52.5045328]}, "properties": {"id": "osm:node:1476695923", "type": "kindergarten", "name": "Ingrids Kindergarten", "source": "OpenStreetMap/Overpass"}}, {"type": "Feature", "geometry": {"type": "Point", "coordinates": [13.6016604, 52.6724031]}, "properties": {"id": "osm:node:1503699975", "type": "kindergarten", "name": "Kita Melodie / Kleiner Bär", "source": "OpenStreetMap/Overpass"}}, {"type": "Feature", "geometry": {"type": "Point", "coordinates": [13.3072438, 52.5255372]}, "properties": {"id": "osm:node:1539194728", "type": "childcare", "name": "Kita Zauberlinge", "source": "OpenStreetMap/Overpass"}}, {"type": "Feature", "geometry": {"type": "Point", "coordinates": [13.4085358, 52.54888]}, "properties": {"id": "osm:node:1544191095", "type": "kindergarten", "name": "Kinderladen Josephine", "source": "OpenStreetMap/Overpass"}}, {"type": "Feature", "geometry": {"type": "Point", "coordinates": [13.5243787, 52.4867675]}, "properties": {"id": "osm:node:1545833203", "type": "kindergarten", "name": "Kita kleine Wichtel", "source": "OpenStreetMap/Overpass"}}, {"type": "Feature", "geometry": {"type": "Point", "coordinates": [13.3884213, 52.5284845]}, "properties": {"id": "osm:node:1552045205", "type": "school", "name": "Deutsch-Institut Berlin", "source": "OpenStreetMap/Overpass"}}, {"type": "Feature", "geometry": {"type": "Point", "coordinates": [13.7163211, 52.4671531]}, "properties": {"id": "osm:node:1556437735", "type": "kindergarten", "name": "Hort Tausendfüssler", "source": "OpenStreetMap/Overpass"}}, {"type": "Feature", "geometry": {"type": "Point", "coordinates": [13.427275, 52.4884162]}, "properties": {"id": "osm:node:1576962382", "type": "kindergarten", "name": "Rasselbande", "source": "OpenStreetMap/Overpass"}}, {"type": "Feature", "geometry": {"type": "Point", "coordinates": [13.4213252, 52.4908343]}, "properties": {"id": "osm:node:1597894107", "type": "school", "name": "Islam Vakfi", "source": "OpenStreetMap/Overpass"}}, {"type": "Feature", "geometry": {"type": "Point", "coordinates": [13.2691092, 52.5394964]}, "properties": {"id": "osm:node:1624036979", "type": "kindergarten", "name": "Stubs und Fridolin", "source": "OpenStreetMap/Overpass"}}, {"type": "Feature", "geometry": {"type": "Point", "coordinates": [13.3036973, 52.5083269]}, "properties": {"id": "osm:node:1658284135", "type": "school", "name": "Charlotte-Wolff-Kolleg", "source": "OpenStreetMap/Overpass"}}, {"type": "Feature", "geometry": {"type": "Point", "coordinates": [13.6000435, 52.5398504]}, "properties": {"id": "osm:node:1668063589", "type": "kindergarten", "name": "Kita Kastanienknirpse", "source": "OpenStreetMap/Overpass"}}, {"type": "Feature", "geometry": {"type": "Point", "coordinates": [13.3429747, 52.464601]}, "properties": {"id": "osm:node:1669810922", "type": "kindergarten", "name": "Harry's Kids Club", "source": "OpenStreetMap/Overpass"}}, {"type": "Feature", "geometry": {"type": "Point", "coordinates": [13.488001, 52.4210154]}, "properties": {"id": "osm:node:1693737906", "type": "kindergarten", "name": "Kita Balou", "source": "OpenStreetMap/Overpass"}}, {"type": "Feature", "geometry": {"type": "Point", "coordinates": [13.3610111, 52.5017447]}, "properties": {"id": "osm:node:1702195402", "type": "kindergarten", "name": "KiKo Hort II", "source": "OpenStreetMap/Overpass"}}, {"type": "Feature", "geometry": {"type": "Point", "coordinates": [13.4994545, 52.513974]}, "properties": {"id": "osm:node:1717922754", "type": "kindergarten", "name": "Herzberger Wurzelzwerge", "source": "OpenStreetMap/Overpass"}}, {"type": "Feature", "geometry": {"type": "Point", "coordinates": [13.3872605, 52.5301889]}, "properties": {"id": "osm:node:1731277088", "type": "kindergarten", "name": "kinderinsel", "source": "OpenStreetMap/Overpass"}}, {"type": "Feature", "geometry": {"type": "Point", "coordinates": [13.3221128, 52.4937708]}, "properties": {"id": "osm:node:1739346660", "type": "kindergarten", "name": "lilolei - Deutsch-Englischer Kinderladen", "source": "OpenStreetMap/Overpass"}}, {"type": "Feature", "geometry": {"type": "Point", "coordinates": [13.6931583, 52.5322957]}, "properties": {"id": "osm:node:1757580271", "type": "kindergarten", "name": "Christlicher Naturkindergarten Apfelbäumchen", "source": "OpenStreetMap/Overpass"}}, {"type": "Feature", "geometry": {"type": "Point", "coordinates": [13.446902, 52.5546162]}, "properties": {"id": "osm:node:1773168245", "type": "kindergarten", "name": "Kita Paul & Paula", "source": "OpenStreetMap/Overpass"}}, {"type": "Feature", "geometry": {"type": "Point", "coordinates": [13.2774378, 52.4877861]}, "properties": {"id": "osm:node:1778049228", "type": "kindergarten", "name": "", "source": "OpenStreetMap/Overpass"}}, {"type": "Feature", "geometry": {"type": "Point", "coordinates": [13.4017995, 52.5218727]}, "properties": {"id": "osm:node:1814559961", "type": "kindergarten", "name": "Kinderinsel MITTEndrin", "source": "OpenStreetMap/Overpass"}}, {"type": "Feature", "geometry": {"type": "Point", "coordinates": [13.41986, 52.4992808]}, "properties": {"id": "osm:node:1827035552", "type": "school", "name": "SCHATZ Schulaufgabenzirkel", "source": "OpenStreetMap/Overpass"}}, {"type": "Feature", "geometry": {"type": "Point", "coordinates": [13.3344676, 52.4822428]}, "properties": {"id": "osm:node:1833519549", "type": "school", "name": "OSZ Wirtschaft Leopold-Ullstein-Schule - Abteilung II", "source": "OpenStreetMap/Overpass"}}, {"type": "Feature", "geometry": {"type": "Point", "coordinates": [13.3377964, 52.485432]}, "properties": {"id": "osm:node:1833519550", "type": "kindergarten", "name": "Kita an der Hochschule für Wirtschaft und Recht", "source": "OpenStreetMap/Overpass"}}, {"type": "Feature", "geometry": {"type": "Point", "coordinates": [13.3344536, 52.4821179]}, "properties": {"id": "osm:node:1833591080", "type": "school", "name": "Kläre-Bloch-Schule", "source": "OpenStreetMap/Overpass"}}, {"type": "Feature", "geometry": {"type": "Point", "coordinates": [13.4220286, 52.4744519]}, "properties": {"id": "osm:node:1848905433", "type": "kindergarten", "name": "Kindertagesstätte Genezareth", "source": "OpenStreetMap/Overpass"}}, {"type": "Feature", "geometry": {"type": "Point", "coordinates": [13.6048951, 52.5357196]}, "properties": {"id": "osm:node:1855387994", "type": "school", "name": "Das Lernzentum (Helliwood media & education)", "source": "OpenStreetMap/Overpass"}}, {"type": "Feature", "geometry": {"type": "Point", "coordinates": [13.3198005, 52.4659416]}, "properties": {"id": "osm:node:1862798922", "type": "kindergarten", "name": "EKT Fliegenpilz e.V.", "source": "OpenStreetMap/Overpass"}}, {"type": "Feature", "geometry": {"type": "Point", "coordinates": [13.4334125, 52.4916528]}, "properties": {"id": "osm:node:1865691146", "type": "kindergarten", "name": "KinderFan", "source": "OpenStreetMap/Overpass"}}, {"type": "Feature", "geometry": {"type": "Point", "coordinates": [13.4217523, 52.4967726]}, "properties": {"id": "osm:node:1867142844", "type": "school", "name": "Institut für Phytotherapie", "source": "OpenStreetMap/Overpass"}}, {"type": "Feature", "geometry": {"type": "Point", "coordinates": [13.2838911, 52.6555274]}, "properties": {"id": "osm:node:1895066404", "type": "kindergarten", "name": "Wurzelkinder - Waldkindergarten Frohnau", "source": "OpenStreetMap/Overpass"}}, {"type": "Feature", "geometry": {"type": "Point", "coordinates": [13.3290445, 52.4962372]}, "properties": {"id": "osm:node:1914552666", "type": "kindergarten", "name": "Finowkids e.V.", "source": "OpenStreetMap/Overpass"}}, {"type": "Feature", "geometry": {"type": "Point", "coordinates": [13.4065682, 52.5341872]}, "properties": {"id": "osm:node:1928648257", "type": "kindergarten", "name": "Waldorfkindergarten Fliederhof", "source": "OpenStreetMap/Overpass"}}, {"type": "Feature", "geometry": {"type": "Point", "coordinates": [13.3124965, 52.5129253]}, "properties": {"id": "osm:node:1929575302", "type": "kindergarten", "name": "Die Zauberworte", "source": "OpenStreetMap/Overpass"}}, {"type": "Feature", "geometry": {"type": "Point", "coordinates": [13.3009537, 52.5096533]}, "properties": {"id": "osm:node:1935699753", "type": "kindergarten", "name": "EKT Kulturküken", "source": "OpenStreetMap/Overpass"}}, {"type": "Feature", "geometry": {"type": "Point", "coordinates": [13.299689, 52.5094959]}, "properties": {"id": "osm:node:1935699754", "type": "kindergarten", "name": "EKT - Pumuckel e.V. Kila II", "source": "OpenStreetMap/Overpass"}}, {"type": "Feature", "geometry": {"type": "Point", "coordinates": [13.3003432, 52.5093563]}, "properties": {"id": "osm:node:1935699755", "type": "kindergarten", "name": "Kita Pumuckel", "source": "OpenStreetMap/Overpass"}}, {"type": "Feature", "geometry": {"type": "Point", "coordinates": [13.4537332, 52.5082092]}, "properties": {"id": "osm:node:1940601968", "type": "kindergarten", "name": "Friedrichshainer Zwerge", "source": "OpenStreetMap/Overpass"}}, {"type": "Feature", "geometry": {"type": "Point", "coordinates": [13.2883235, 52.5142393]}, "properties": {"id": "osm:node:1948112188", "type": "kindergarten", "name": "Kinderladen Windmühle", "source": "OpenStreetMap/Overpass"}}, {"type": "Feature", "geometry": {"type": "Point", "coordinates": [13.2881389, 52.5150424]}, "properties": {"id": "osm:node:1948112264", "type": "kindergarten", "name": "Heinrich-Zille-Kindergarten", "source": "OpenStreetMap/Overpass"}}, {"type": "Feature", "geometry": {"type": "Point", "coordinates": [13.4321182, 52.4971369]}, "properties": {"id": "osm:node:1959523351", "type": "kindergarten", "name": "Jungle Kita", "source": "OpenStreetMap/Overpass"}}, {"type": "Feature", "geometry": {"type": "Point", "coordinates": [13.4248529, 52.5310258]}, "properties": {"id": "osm:node:1976439678", "type": "kindergarten", "name": "Kita Bienchen", "source": "OpenStreetMap/Overpass"}}, {"type": "Feature", "geometry": {"type": "Point", "coordinates": [13.5365952, 52.4208647]}, "properties": {"id": "osm:node:2007004767", "type": "kindergarten", "name": "Kinderzeit", "source": "OpenStreetMap/Overpass"}}, {"type": "Feature", "geometry": {"type": "Point", "coordinates": [13.5433593, 52.5276251]}, "properties": {"id": "osm:node:2021452187", "type": "kindergarten", "name": "Kleine Kosmonauten", "source": "OpenStreetMap/Overpass"}}, {"type": "Feature", "geometry": {"type": "Point", "coordinates": [13.3205763, 52.4809522]}, "properties": {"id": "osm:node:2030963008", "type": "kindergarten", "name": "Kindergarten Aufgepasst", "source": "OpenStreetMap/Overpass"}}, {"type": "Feature", "geometry": {"type": "Point", "coordinates": [13.3747985, 52.6367387]}, "properties": {"id": "osm:node:2065301704", "type": "kindergarten", "name": "Zaubernuss", "source": "OpenStreetMap/Overpass"}}, {"type": "Feature", "geometry": {"type": "Point", "coordinates": [13.3612097, 52.5495968]}, "properties": {"id": "osm:node:2102300970", "type": "kindergarten", "name": "Die kleinen Frösche", "source": "OpenStreetMap/Overpass"}}, {"type": "Feature", "geometry": {"type": "Point", "coordinates": [13.3039969, 52.4967479]}, "properties": {"id": "osm:node:2136471642", "type": "kindergarten", "name": "Kita ZwergNasen", "source": "OpenStreetMap/Overpass"}}, {"type": "Feature", "geometry": {"type": "Point", "coordinates": [13.2479778, 52.6108823]}, "properties": {"id": "osm:node:2136734352", "type": "school", "name": "Fachschule für Sozialpädagogik", "source": "OpenStreetMap/Overpass"}}, {"type": "Feature", "geometry": {"type": "Point", "coordinates": [13.311787, 52.496128]}, "properties": {"id": "osm:node:2139861395", "type": "kindergarten", "name": "Kita el caracol/Gestaltpäd.Kindergarten e.V.", "source": "OpenStreetMap/Overpass"}}, {"type": "Feature", "geometry": {"type": "Point", "coordinates": [13.2472748, 52.6103791]}, "properties": {"id": "osm:node:2144424656", "type": "kindergarten", "name": "Kita Zwergenstube", "source": "OpenStreetMap/Overpass"}}, {"type": "Feature", "geometry": {"type": "Point", "coordinates": [13.4661533, 52.5135475]}, "properties": {"id": "osm:node:2173399329", "type": "kindergarten", "name": "Kinderladen Spieltraum", "source": "OpenStreetMap/Overpass"}}, {"type": "Feature", "geometry": {"type": "Point", "coordinates": [13.3817577, 52.458233]}, "properties": {"id": "osm:node:2176069851", "type": "childcare", "name": "Kita Tiva", "source": "OpenStreetMap/Overpass"}}, {"type": "Feature", "geometry": {"type": "Point", "coordinates": [13.3818201, 52.4589224]}, "properties": {"id": "osm:node:2176082803", "type": "kindergarten", "name": "Verbundpflegestelle  Winnie-Pooh", "source": "OpenStreetMap/Overpass"}}, {"type": "Feature", "geometry": {"type": "Point", "coordinates": [13.3350661, 52.4824554]}, "properties": {"id": "osm:node:2180504961", "type": "school", "name": "Wangari Maathai International School", "source": "OpenStreetMap/Overpass"}}, {"type": "Feature", "geometry": {"type": "Point", "coordinates": [13.4201501, 52.4935666]}, "properties": {"id": "osm:node:2232813894", "type": "school", "name": "Hermann-Hesse-Gymnasium (Haus 3)", "source": "OpenStreetMap/Overpass"}}, {"type": "Feature", "geometry": {"type": "Point", "coordinates": [13.4010697, 52.5772272]}, "properties": {"id": "osm:node:2266181719", "type": "kindergarten", "name": "Kita Lotusblüte", "source": "OpenStreetMap/Overpass"}}, {"type": "Feature", "geometry": {"type": "Point", "coordinates": [13.334787, 52.5150869]}, "properties": {"id": "osm:node:2267204696", "type": "kindergarten", "name": "Evangelische Kita St. Ursula", "source": "OpenStreetMap/Overpass"}}, {"type": "Feature", "geometry": {"type": "Point", "coordinates": [13.3924437, 52.4859936]}, "properties": {"id": "osm:node:2280779399", "type": "kindergarten", "name": "Evangelische Kita Blauwal", "source": "OpenStreetMap/Overpass"}}, {"type": "Feature", "geometry": {"type": "Point", "coordinates": [13.2831042, 52.5960889]}, "properties": {"id": "osm:node:2282059457", "type": "kindergarten", "name": "Kindertagesstätte am Tegeler Fließ", "source": "OpenStreetMap/Overpass"}}, {"type": "Feature", "geometry": {"type": "Point", "coordinates": [13.415159, 52.504294]}, "properties": {"id": "osm:node:2285378483", "type": "kindergarten", "name": "Katholische Kindertagesstätte St. Michael", "source": "OpenStreetMap/Overpass"}}, {"type": "Feature", "geometry": {"type": "Point", "coordinates": [13.3791987, 52.4595639]}, "properties": {"id": "osm:node:2285961891", "type": "childcare", "name": "Kita Tiponi II", "source": "OpenStreetMap/Overpass"}}, {"type": "Feature", "geometry": {"type": "Point", "coordinates": [13.3822392, 52.4569827]}, "properties": {"id": "osm:node:2285962149", "type": "kindergarten", "name": "Kindergarten Krabbelkäfer", "source": "OpenStreetMap/Overpass"}}, {"type": "Feature", "geometry": {"type": "Point", "coordinates": [13.3689555, 52.5469016]}, "properties": {"id": "osm:node:2298929155", "type": "kindergarten", "name": "LifExperience", "source": "OpenStreetMap/Overpass"}}, {"type": "Feature", "geometry": {"type": "Point", "coordinates": [13.3671302, 52.5466954]}, "properties": {"id": "osm:node:2298929161", "type": "kindergarten", "name": "Kita Paradiesvögel", "source": "OpenStreetMap/Overpass"}}, {"type": "Feature", "geometry": {"type": "Point", "coordinates": [13.366711, 52.5513936]}, "properties": {"id": "osm:node:2301610387", "type": "kindergarten", "name": "Wir werden immer größer", "source": "OpenStreetMap/Overpass"}}, {"type": "Feature", "geometry": {"type": "Point", "coordinates": [13.3678814, 52.5500594]}, "properties": {"id": "osm:node:2303808176", "type": "childcare", "name": "Kita Bienchen", "source": "OpenStreetMap/Overpass"}}, {"type": "Feature", "geometry": {"type": "Point", "coordinates": [13.3903128, 52.5533738]}, "properties": {"id": "osm:node:2308423900", "type": "kindergarten", "name": "Montessori-Kinderhaus", "source": "OpenStreetMap/Overpass"}}, {"type": "Feature", "geometry": {"type": "Point", "coordinates": [13.3594914, 52.5480622]}, "properties": {"id": "osm:node:2308524438", "type": "kindergarten", "name": "Nice-Bildung e.V.", "source": "OpenStreetMap/Overpass"}}, {"type": "Feature", "geometry": {"type": "Point", "coordinates": [13.3216022, 52.4819577]}, "properties": {"id": "osm:node:2339246283", "type": "kindergarten", "name": "Arche Noah", "source": "OpenStreetMap/Overpass"}}, {"type": "Feature", "geometry": {"type": "Point", "coordinates": [13.4022936, 52.5870636]}, "properties": {"id": "osm:node:2352703009", "type": "kindergarten", "name": "Waldkindergarten Robin Hood", "source": "OpenStreetMap/Overpass"}}, {"type": "Feature", "geometry": {"type": "Point", "coordinates": [13.3497481, 52.5313722]}, "properties": {"id": "osm:node:2375974208", "type": "kindergarten", "name": "Kita Cheburashka", "source": "OpenStreetMap/Overpass"}}, {"type": "Feature", "geometry": {"type": "Point", "coordinates": [13.4363129, 52.4858711]}, "properties": {"id": "osm:node:2415419758", "type": "kindergarten", "name": "Kita BeerenStark", "source": "OpenStreetMap/Overpass"}}, {"type": "Feature", "geometry": {"type": "Point", "coordinates": [13.31843, 52.6070436]}, "properties": {"id": "osm:node:2423191980", "type": "kindergarten", "name": "Kita Mohnblume", "source": "OpenStreetMap/Overpass"}}, {"type": "Feature", "geometry": {"type": "Point", "coordinates": [13.5805399, 52.4443157]}, "properties": {"id": "osm:node:2424293785", "type": "kindergarten", "name": "Kita Zauberblümchen", "source": "OpenStreetMap/Overpass"}}, {"type": "Feature", "geometry": {"type": "Point", "coordinates": [13.528217, 52.4811787]}, "properties": {"id": "osm:node:2425546311", "type": "kindergarten", "name": "Kita Pepe Rakete", "source": "OpenStreetMap/Overpass"}}, {"type": "Feature", "geometry": {"type": "Point", "coordinates": [13.3653305, 52.5533306]}, "properties": {"id": "osm:node:2431140182", "type": "school", "name": "das kleine atelier", "source": "OpenStreetMap/Overpass"}}, {"type": "Feature", "geometry": {"type": "Point", "coordinates": [13.4015178, 52.5874372]}, "properties": {"id": "osm:node:2436713759", "type": "kindergarten", "name": "Kita Kleine Mimmi", "source": "OpenStreetMap/Overpass"}}, {"type": "Feature", "geometry": {"type": "Point", "coordinates": [13.4115794, 52.5506377]}, "properties": {"id": "osm:node:2463102667", "type": "kindergarten", "name": "Kinderladen Bullerbü e.V.", "source": "OpenStreetMap/Overpass"}}, {"type": "Feature", "geometry": {"type": "Point", "coordinates": [13.3322976, 52.4788354]}, "properties": {"id": "osm:node:2476315799", "type": "kindergarten", "name": "Kinderladen Wexstraße", "source": "OpenStreetMap/Overpass"}}, {"type": "Feature", "geometry": {"type": "Point", "coordinates": [13.3583603, 52.539956]}, "properties": {"id": "osm:node:2492377936", "type": "kindergarten", "name": "Kinderladen Frischlinge", "source": "OpenStreetMap/Overpass"}}, {"type": "Feature", "geometry": {"type": "Point", "coordinates": [13.4388419, 52.4928311]}, "properties": {"id": "osm:node:2497483865", "type": "kindergarten", "name": "Sonnenkäferhaus", "source": "OpenStreetMap/Overpass"}}, {"type": "Feature", "geometry": {"type": "Point", "coordinates": [13.4374458, 52.4932203]}, "properties": {"id": "osm:node:2497483946", "type": "kindergarten", "name": "Spreesprotten", "source": "OpenStreetMap/Overpass"}}, {"type": "Feature", "geometry": {"type": "Point", "coordinates": [13.3024973, 52.5073823]}, "properties": {"id": "osm:node:2498835738", "type": "kindergarten", "name": "EKT - Yoyo e.V.", "source": "OpenStreetMap/Overpass"}}, {"type": "Feature", "geometry": {"type": "Point", "coordinates": [13.4109935, 52.4941814]}, "properties": {"id": "osm:node:2508328284", "type": "kindergarten", "name": "Minifee", "source": "OpenStreetMap/Overpass"}}, {"type": "Feature", "geometry": {"type": "Point", "coordinates": [13.4415246, 52.5425347]}, "properties": {"id": "osm:node:2538629492", "type": "school", "name": "Freie Sekundarschule Peppermont", "source": "OpenStreetMap/Overpass"}}, {"type": "Feature", "geometry": {"type": "Point", "coordinates": [13.3384476, 52.429151]}, "properties": {"id": "osm:node:2599978562", "type": "kindergarten", "name": "hisa Kita", "source": "OpenStreetMap/Overpass"}}, {"type": "Feature", "geometry": {"type": "Point", "coordinates": [13.4417282, 52.557281]}, "properties": {"id": "osm:node:2610154858", "type": "school", "name": "Berlin Bilingual School", "source": "OpenStreetMap/Overpass"}}, {"type": "Feature", "geometry": {"type": "Point", "coordinates": [13.3820535, 52.4455538]}, "properties": {"id": "osm:node:2623912473", "type": "kindergarten", "name": "KiTa Lillebor", "source": "OpenStreetMap/Overpass"}}, {"type": "Feature", "geometry": {"type": "Point", "coordinates": [13.4278312, 52.492979]}, "properties": {"id": "osm:node:2626055043", "type": "kindergarten", "name": "Kinderladen Naseweis", "source": "OpenStreetMap/Overpass"}}, {"type": "Feature", "geometry": {"type": "Point", "coordinates": [13.384161, 52.4961309]}, "properties": {"id": "osm:node:2629122240", "type": "school", "name": "Taxischule Metropolis", "source": "OpenStreetMap/Overpass"}}, {"type": "Feature", "geometry": {"type": "Point", "coordinates": [13.4116452, 52.5879864]}, "properties": {"id": "osm:node:2641528075", "type": "childcare", "name": "Pankower Nest", "source": "OpenStreetMap/Overpass"}}, {"type": "Feature", "geometry": {"type": "Point", "coordinates": [13.3072698, 52.5099362]}, "properties": {"id": "osm:node:2669877515", "type": "kindergarten", "name": "Kinderladen Wusel", "source": "OpenStreetMap/Overpass"}}, {"type": "Feature", "geometry": {"type": "Point", "coordinates": [13.3656768, 52.554327]}, "properties": {"id": "osm:node:2676846498", "type": "kindergarten", "name": "Kita Sonnenblume/AWO", "source": "OpenStreetMap/Overpass"}}, {"type": "Feature", "geometry": {"type": "Point", "coordinates": [13.7541016, 52.4507626]}, "properties": {"id": "osm:node:2692239894", "type": "childcare", "name": "Kita Kinderparadies", "source": "OpenStreetMap/Overpass"}}, {"type": "Feature", "geometry": {"type": "Point", "coordinates": [13.3178743, 52.4898283]}, "properties": {"id": "osm:node:2702791640", "type": "kindergarten", "name": "EKT - Gieselerstraße 25 e.V.", "source": "OpenStreetMap/Overpass"}}, {"type": "Feature", "geometry": {"type": "Point", "coordinates": [13.5092146, 52.6548314]}, "properties": {"id": "osm:node:2705668831", "type": "kindergarten", "name": "Kita Traumschloss", "source": "OpenStreetMap/Overpass"}}, {"type": "Feature", "geometry": {"type": "Point", "coordinates": [13.3189629, 52.5286374]}, "properties": {"id": "osm:node:2733755926", "type": "kindergarten", "name": "Kita Elfenbein", "source": "OpenStreetMap/Overpass"}}, {"type": "Feature", "geometry": {"type": "Point", "coordinates": [13.3878649, 52.5560615]}, "properties": {"id": "osm:node:2752211165", "type": "kindergarten", "name": "EKT Meilenstein", "source": "OpenStreetMap/Overpass"}}, {"type": "Feature", "geometry": {"type": "Point", "coordinates": [13.3882364, 52.5565472]}, "properties": {"id": "osm:node:2752211173", "type": "kindergarten", "name": "Kita Kleine Kapitäne", "source": "OpenStreetMap/Overpass"}}, {"type": "Feature", "geometry": {"type": "Point", "coordinates": [13.4474325, 52.4913343]}, "properties": {"id": "osm:node:2796298037", "type": "kindergarten", "name": "Karl und Karla e. V.", "source": "OpenStreetMap/Overpass"}}, {"type": "Feature", "geometry": {"type": "Point", "coordinates": [13.4476531, 52.4379625]}, "properties": {"id": "osm:node:2821286100", "type": "childcare", "name": "Kita Erdmännchen I", "source": "OpenStreetMap/Overpass"}}, {"type": "Feature", "geometry": {"type": "Point", "coordinates": [13.3931878, 52.3955018]}, "properties": {"id": "osm:node:2823349702", "type": "kindergarten", "name": "", "source": "OpenStreetMap/Overpass"}}, {"type": "Feature", "geometry": {"type": "Point", "coordinates": [13.3206448, 52.4613712]}, "properties": {"id": "osm:node:2831610638", "type": "kindergarten", "name": "Zauberzwerge", "source": "OpenStreetMap/Overpass"}}, {"type": "Feature", "geometry": {"type": "Point", "coordinates": [13.4401725, 52.5218471]}, "properties": {"id": "osm:node:2844490858", "type": "school", "name": "", "source": "OpenStreetMap/Overpass"}}, {"type": "Feature", "geometry": {"type": "Point", "coordinates": [13.2081129, 52.5612499]}, "properties": {"id": "osm:node:2867833113", "type": "childcare", "name": "Kita Elfenbein", "source": "OpenStreetMap/Overpass"}}, {"type": "Feature", "geometry": {"type": "Point", "coordinates": [13.1975875, 52.521886]}, "properties": {"id": "osm:node:2877325548", "type": "kindergarten", "name": "Krabbelgruppe der Ev. Melanchthon-Kirchengemeinde", "source": "OpenStreetMap/Overpass"}}, {"type": "Feature", "geometry": {"type": "Point", "coordinates": [13.3431242, 52.5985524]}, "properties": {"id": "osm:node:2889597699", "type": "kindergarten", "name": "Kita La Vita", "source": "OpenStreetMap/Overpass"}}, {"type": "Feature", "geometry": {"type": "Point", "coordinates": [13.3344592, 52.5902602]}, "properties": {"id": "osm:node:2889852410", "type": "kindergarten", "name": "Kita Mondschein", "source": "OpenStreetMap/Overpass"}}, {"type": "Feature", "geometry": {"type": "Point", "coordinates": [13.4450961, 52.5534752]}, "properties": {"id": "osm:node:2903780164", "type": "kindergarten", "name": "Kinderladen Wurzelgemüse", "source": "OpenStreetMap/Overpass"}}, {"type": "Feature", "geometry": {"type": "Point", "coordinates": [13.4030016, 52.5475532]}, "properties": {"id": "osm:node:2907779311", "type": "kindergarten", "name": "Kita Edgar Berlin", "source": "OpenStreetMap/Overpass"}}, {"type": "Feature", "geometry": {"type": "Point", "coordinates": [13.2399584, 52.6133967]}, "properties": {"id": "osm:node:2928072324", "type": "kindergarten", "name": "Kindertagesstätte \"Claudius-Arche\" der Evangelischen Matthias-Claudius-Kirchengemeinde", "source": "OpenStreetMap/Overpass"}}, {"type": "Feature", "geometry": {"type": "Point", "coordinates": [13.3434292, 52.556208]}, "properties": {"id": "osm:node:2935486801", "type": "kindergarten", "name": "Kita Primavera", "source": "OpenStreetMap/Overpass"}}, {"type": "Feature", "geometry": {"type": "Point", "coordinates": [13.3820213, 52.4632688]}, "properties": {"id": "osm:node:2938009550", "type": "kindergarten", "name": "Kita Leotie", "source": "OpenStreetMap/Overpass"}}, {"type": "Feature", "geometry": {"type": "Point", "coordinates": [13.3769189, 52.4601783]}, "properties": {"id": "osm:node:2938012578", "type": "kindergarten", "name": "Kita Chumani", "source": "OpenStreetMap/Overpass"}}, {"type": "Feature", "geometry": {"type": "Point", "coordinates": [13.3766183, 52.4647859]}, "properties": {"id": "osm:node:2938063300", "type": "kindergarten", "name": "Kita Mojak", "source": "OpenStreetMap/Overpass"}}, {"type": "Feature", "geometry": {"type": "Point", "coordinates": [13.3478519, 52.5946316]}, "properties": {"id": "osm:node:2939073344", "type": "kindergarten", "name": "Kita Container", "source": "OpenStreetMap/Overpass"}}, {"type": "Feature", "geometry": {"type": "Point", "coordinates": [13.3572621, 52.592136]}, "properties": {"id": "osm:node:2939076048", "type": "kindergarten", "name": "Kinderinsel / L'île aux enfants", "source": "OpenStreetMap/Overpass"}}, {"type": "Feature", "geometry": {"type": "Point", "coordinates": [13.3129405, 52.6234057]}, "properties": {"id": "osm:node:2940305304", "type": "kindergarten", "name": "Forscherkindergarten \"Rotbuche\"", "source": "OpenStreetMap/Overpass"}}, {"type": "Feature", "geometry": {"type": "Point", "coordinates": [13.3608223, 52.5601303]}, "properties": {"id": "osm:node:2952110533", "type": "kindergarten", "name": "\"Die Arche\"", "source": "OpenStreetMap/Overpass"}}, {"type": "Feature", "geometry": {"type": "Point", "coordinates": [13.3583103, 52.5737444]}, "properties": {"id": "osm:node:2952352723", "type": "childcare", "name": "Kita Luftballon", "source": "OpenStreetMap/Overpass"}}, {"type": "Feature", "geometry": {"type": "Point", "coordinates": [13.3569877, 52.5680837]}, "properties": {"id": "osm:node:2952353394", "type": "childcare", "name": "Kita Die kleinen Füchse", "source": "OpenStreetMap/Overpass"}}, {"type": "Feature", "geometry": {"type": "Point", "coordinates": [13.3811302, 52.566071]}, "properties": {"id": "osm:node:2952353502", "type": "school", "name": "Quinoa Schule", "source": "OpenStreetMap/Overpass"}}, {"type": "Feature", "geometry": {"type": "Point", "coordinates": [13.323531, 52.4168094]}, "properties": {"id": "osm:node:2952709754", "type": "kindergarten", "name": "Kita Sonnenblume", "source": "OpenStreetMap/Overpass"}}, {"type": "Feature", "geometry": {"type": "Point", "coordinates": [13.3678592, 52.5688244]}, "properties": {"id": "osm:node:2953721339", "type": "kindergarten", "name": "Kita Fidibus", "source": "OpenStreetMap/Overpass"}}, {"type": "Feature", "geometry": {"type": "Point", "coordinates": [13.3741122, 52.5741474]}, "properties": {"id": "osm:node:2953843467", "type": "kindergarten", "name": "Kita Sommergarten", "source": "OpenStreetMap/Overpass"}}, {"type": "Feature", "geometry": {"type": "Point", "coordinates": [13.42967, 52.6010903]}, "properties": {"id": "osm:node:2962907859", "type": "kindergarten", "name": "Kita Französisch Buchholz", "source": "OpenStreetMap/Overpass"}}, {"type": "Feature", "geometry": {"type": "Point", "coordinates": [13.3567372, 52.6056068]}, "properties": {"id": "osm:node:2964784072", "type": "kindergarten", "name": "Kita Krümelkiste", "source": "OpenStreetMap/Overpass"}}, {"type": "Feature", "geometry": {"type": "Point", "coordinates": [13.523331, 52.4634168]}, "properties": {"id": "osm:node:2967300451", "type": "kindergarten", "name": "Evangelischer Kindergarten Oberschöneweide", "source": "OpenStreetMap/Overpass"}}, {"type": "Feature", "geometry": {"type": "Point", "coordinates": [13.2949776, 52.4743894]}, "properties": {"id": "osm:node:2968517234", "type": "kindergarten", "name": "Pünktchen und Anton", "source": "OpenStreetMap/Overpass"}}, {"type": "Feature", "geometry": {"type": "Point", "coordinates": [13.5082995, 52.4023007]}, "properties": {"id": "osm:node:3004624108", "type": "kindergarten", "name": "AWO-Hort \"Elfenfels\"", "source": "OpenStreetMap/Overpass"}}, {"type": "Feature", "geometry": {"type": "Point", "coordinates": [13.4059097, 52.5817998]}, "properties": {"id": "osm:node:3009887462", "type": "kindergarten", "name": "KiTa Meilenstein", "source": "OpenStreetMap/Overpass"}}, {"type": "Feature", "geometry": {"type": "Point", "coordinates": [13.5025303, 52.5098683]}, "properties": {"id": "osm:node:3022044911", "type": "kindergarten", "name": "Kita Mausezahn", "source": "OpenStreetMap/Overpass"}}, {"type": "Feature", "geometry": {"type": "Point", "coordinates": [13.5058522, 52.4036913]}, "properties": {"id": "osm:node:3026797138", "type": "kindergarten", "name": "Kinderladen Flinke Kids", "source": "OpenStreetMap/Overpass"}}, {"type": "Feature", "geometry": {"type": "Point", "coordinates": [13.2520089, 52.4476963]}, "properties": {"id": "osm:node:3035084405", "type": "kindergarten", "name": "Onkel-Toms-Hütte e.V.", "source": "OpenStreetMap/Overpass"}}, {"type": "Feature", "geometry": {"type": "Point", "coordinates": [13.4225289, 52.5055541]}, "properties": {"id": "osm:node:3039591534", "type": "kindergarten", "name": "Kinderladen Klein und Stark", "source": "OpenStreetMap/Overpass"}}, {"type": "Feature", "geometry": {"type": "Point", "coordinates": [13.4639348, 52.516762]}, "properties": {"id": "osm:node:3048927550", "type": "kindergarten", "name": "El Jardín de Federico", "source": "OpenStreetMap/Overpass"}}, {"type": "Feature", "geometry": {"type": "Point", "coordinates": [13.5039008, 52.5090538]}, "properties": {"id": "osm:node:3048935296", "type": "kindergarten", "name": "Lucecitas", "source": "OpenStreetMap/Overpass"}}, {"type": "Feature", "geometry": {"type": "Point", "coordinates": [13.3415883, 52.4946581]}, "properties": {"id": "osm:node:3072343834", "type": "childcare", "name": "Elterninitiativ-Kindertagesstätte Dachsbau", "source": "OpenStreetMap/Overpass"}}, {"type": "Feature", "geometry": {"type": "Point", "coordinates": [13.3671258, 52.4944603]}, "properties": {"id": "osm:node:3073205133", "type": "kindergarten", "name": "EKT Bülowstraße", "source": "OpenStreetMap/Overpass"}}, {"type": "Feature", "geometry": {"type": "Point", "coordinates": [13.331382, 52.4893395]}, "properties": {"id": "osm:node:3079808136", "type": "kindergarten", "name": "Kant-Kindergarten", "source": "OpenStreetMap/Overpass"}}, {"type": "Feature", "geometry": {"type": "Point", "coordinates": [13.3743639, 52.5421814]}, "properties": {"id": "osm:node:3081226521", "type": "kindergarten", "name": "die kleinen Kleckse - Tagespflegestätte", "source": "OpenStreetMap/Overpass"}}, {"type": "Feature", "geometry": {"type": "Point", "coordinates": [13.418127, 52.5396656]}, "properties": {"id": "osm:node:3090369566", "type": "school", "name": "iek", "source": "OpenStreetMap/Overpass"}}, {"type": "Feature", "geometry": {"type": "Point", "coordinates": [13.3845541, 52.5155186]}, "properties": {"id": "osm:node:3093478831", "type": "school", "name": "Schule bei der Botschaft der Russischen Föderation", "source": "OpenStreetMap/Overpass"}}, {"type": "Feature", "geometry": {"type": "Point", "coordinates": [13.4110094, 52.5729556]}, "properties": {"id": "osm:node:3107015601", "type": "kindergarten", "name": "Kinderladen Spielmäuse", "source": "OpenStreetMap/Overpass"}}, {"type": "Feature", "geometry": {"type": "Point", "coordinates": [13.3833526, 52.4568922]}, "properties": {"id": "osm:node:3112772960", "type": "childcare", "name": "Tabasu", "source": "OpenStreetMap/Overpass"}}, {"type": "Feature", "geometry": {"type": "Point", "coordinates": [13.5820556, 52.4592287]}, "properties": {"id": "osm:node:3113097603", "type": "kindergarten", "name": "EKT - Die Sternenfischer e.V.", "source": "OpenStreetMap/Overpass"}}, {"type": "Feature", "geometry": {"type": "Point", "coordinates": [13.4644619, 52.4855416]}, "properties": {"id": "osm:node:3113163959", "type": "kindergarten", "name": "Greta and Friends", "source": "OpenStreetMap/Overpass"}}, {"type": "Feature", "geometry": {"type": "Point", "coordinates": [13.4816117, 52.4625128]}, "properties": {"id": "osm:node:3113193874", "type": "kindergarten", "name": "EKT – Schraderstraße", "source": "OpenStreetMap/Overpass"}}, {"type": "Feature", "geometry": {"type": "Point", "coordinates": [13.4887198, 52.4659833]}, "properties": {"id": "osm:node:3113197215", "type": "kindergarten", "name": "Kita Kleiner Fratz Ernststraße", "source": "OpenStreetMap/Overpass"}}, {"type": "Feature", "geometry": {"type": "Point", "coordinates": [13.4851699, 52.4672019]}, "properties": {"id": "osm:node:3113197216", "type": "kindergarten", "name": "Kita Villa Klecks", "source": "OpenStreetMap/Overpass"}}, {"type": "Feature", "geometry": {"type": "Point", "coordinates": [13.5122571, 52.4490306]}, "properties": {"id": "osm:node:3113362721", "type": "kindergarten", "name": "Kita Die wilden Knallerbsen", "source": "OpenStreetMap/Overpass"}}, {"type": "Feature", "geometry": {"type": "Point", "coordinates": [13.5019142, 52.4423522]}, "properties": {"id": "osm:node:3113523925", "type": "kindergarten", "name": "Kita felix and friends", "source": "OpenStreetMap/Overpass"}}, {"type": "Feature", "geometry": {"type": "Point", "coordinates": [13.509297, 52.4454568]}, "properties": {"id": "osm:node:3113525295", "type": "kindergarten", "name": "Kita Die wilden Knallerbsen e.V.", "source": "OpenStreetMap/Overpass"}}, {"type": "Feature", "geometry": {"type": "Point", "coordinates": [13.4728751, 52.5093272]}, "properties": {"id": "osm:node:3114688707", "type": "kindergarten", "name": "Kinderladen Friedrichsklain", "source": "OpenStreetMap/Overpass"}}, {"type": "Feature", "geometry": {"type": "Point", "coordinates": [13.3610639, 52.5420205]}, "properties": {"id": "osm:node:3140301719", "type": "kindergarten", "name": "Kita Arif und Alina", "source": "OpenStreetMap/Overpass"}}, {"type": "Feature", "geometry": {"type": "Point", "coordinates": [13.3218198, 52.450765]}, "properties": {"id": "osm:node:3161005615", "type": "kindergarten", "name": "Kita Spatzennest", "source": "OpenStreetMap/Overpass"}}, {"type": "Feature", "geometry": {"type": "Point", "coordinates": [13.3158295, 52.5048402]}, "properties": {"id": "osm:node:3180634728", "type": "kindergarten", "name": "Kindergarten Schlumpfenland", "source": "OpenStreetMap/Overpass"}}, {"type": "Feature", "geometry": {"type": "Point", "coordinates": [13.3198275, 52.5256694]}, "properties": {"id": "osm:node:3187715521", "type": "kindergarten", "name": "Kita Engelsnest", "source": "OpenStreetMap/Overpass"}}, {"type": "Feature", "geometry": {"type": "Point", "coordinates": [13.4242216, 52.5175592]}, "properties": {"id": "osm:node:3213713658", "type": "childcare", "name": "Kinderhaus Berlin-Mitte", "source": "OpenStreetMap/Overpass"}}, {"type": "Feature", "geometry": {"type": "Point", "coordinates": [13.3511617, 52.4935137]}, "properties": {"id": "osm:node:3219122562", "type": "kindergarten", "name": "Kiezbündnis Schülerladen - Janusz Korczak", "source": "OpenStreetMap/Overpass"}}, {"type": "Feature", "geometry": {"type": "Point", "coordinates": [13.3315433, 52.4648314]}, "properties": {"id": "osm:node:3229138235", "type": "kindergarten", "name": "Kinderladen Krikel Krakel", "source": "OpenStreetMap/Overpass"}}, {"type": "Feature", "geometry": {"type": "Point", "coordinates": [13.4540178, 52.4891733]}, "properties": {"id": "osm:node:3235730026", "type": "kindergarten", "name": "Kita Pretty World", "source": "OpenStreetMap/Overpass"}}, {"type": "Feature", "geometry": {"type": "Point", "coordinates": [13.403576, 52.537398]}, "properties": {"id": "osm:node:3282739961", "type": "kindergarten", "name": "Rappelkiste", "source": "OpenStreetMap/Overpass"}}, {"type": "Feature", "geometry": {"type": "Point", "coordinates": [13.40357, 52.536911]}, "properties": {"id": "osm:node:3282743761", "type": "kindergarten", "name": "Kinderladen Rosenthaler Vorstadt", "source": "OpenStreetMap/Overpass"}}, {"type": "Feature", "geometry": {"type": "Point", "coordinates": [13.4888294, 52.6409989]}, "properties": {"id": "osm:node:3300124950", "type": "kindergarten", "name": "Montessori-Kinderhaus Berlin-Buch", "source": "OpenStreetMap/Overpass"}}, {"type": "Feature", "geometry": {"type": "Point", "coordinates": [13.5175499, 52.5704222]}, "properties": {"id": "osm:node:3310059976", "type": "childcare", "name": "Leos Hütte", "source": "OpenStreetMap/Overpass"}}, {"type": "Feature", "geometry": {"type": "Point", "coordinates": [13.3522876, 52.4918956]}, "properties": {"id": "osm:node:3343102816", "type": "kindergarten", "name": "Kita des Pestalozzi-Fröbel-Hauses", "source": "OpenStreetMap/Overpass"}}, {"type": "Feature", "geometry": {"type": "Point", "coordinates": [13.2698957, 52.4546353]}, "properties": {"id": "osm:node:3347795761", "type": "school", "name": "Quentin-Blake-Europa-Schule", "source": "OpenStreetMap/Overpass"}}, {"type": "Feature", "geometry": {"type": "Point", "coordinates": [13.4643985, 52.5201666]}, "properties": {"id": "osm:node:3398539875", "type": "kindergarten", "name": "Krippe Mondbär", "source": "OpenStreetMap/Overpass"}}, {"type": "Feature", "geometry": {"type": "Point", "coordinates": [13.3628341, 52.4809538]}, "properties": {"id": "osm:node:3444591296", "type": "kindergarten", "name": "Brei nach Neun", "source": "OpenStreetMap/Overpass"}}, {"type": "Feature", "geometry": {"type": "Point", "coordinates": [13.3592231, 52.4812161]}, "properties": {"id": "osm:node:3444591297", "type": "kindergarten", "name": "Kinderladen Meckerbeine", "source": "OpenStreetMap/Overpass"}}, {"type": "Feature", "geometry": {"type": "Point", "coordinates": [13.3630163, 52.4836963]}, "properties": {"id": "osm:node:3446653826", "type": "kindergarten", "name": "Kinderladen Bunte Knospe", "source": "OpenStreetMap/Overpass"}}, {"type": "Feature", "geometry": {"type": "Point", "coordinates": [13.3652603, 52.4913346]}, "properties": {"id": "osm:node:3446657747", "type": "kindergarten", "name": "Evangelische Kita Silas", "source": "OpenStreetMap/Overpass"}}, {"type": "Feature", "geometry": {"type": "Point", "coordinates": [13.3620946, 52.4833873]}, "properties": {"id": "osm:node:3446931210", "type": "kindergarten", "name": "Kita Cookis", "source": "OpenStreetMap/Overpass"}}, {"type": "Feature", "geometry": {"type": "Point", "coordinates": [13.3642603, 52.4880979]}, "properties": {"id": "osm:node:3450394081", "type": "kindergarten", "name": "Kunkel", "source": "OpenStreetMap/Overpass"}}, {"type": "Feature", "geometry": {"type": "Point", "coordinates": [13.4101602, 52.5543323]}, "properties": {"id": "osm:node:3452083371", "type": "kindergarten", "name": "Tegner-Strolche", "source": "OpenStreetMap/Overpass"}}, {"type": "Feature", "geometry": {"type": "Point", "coordinates": [13.3294623, 52.4880673]}, "properties": {"id": "osm:node:3465132015", "type": "school", "name": "Svenska Skolan i Berlin", "source": "OpenStreetMap/Overpass"}}, {"type": "Feature", "geometry": {"type": "Point", "coordinates": [13.3566187, 52.5033001]}, "properties": {"id": "osm:node:3475070854", "type": "kindergarten", "name": "Kita Maulwurf", "source": "OpenStreetMap/Overpass"}}, {"type": "Feature", "geometry": {"type": "Point", "coordinates": [13.3563629, 52.4924741]}, "properties": {"id": "osm:node:3479948103", "type": "kindergarten", "name": "EKT Tigertatzen", "source": "OpenStreetMap/Overpass"}}, {"type": "Feature", "geometry": {"type": "Point", "coordinates": [13.2746144, 52.4575903]}, "properties": {"id": "osm:node:3484066981", "type": "kindergarten", "name": "Waldorf-Kindergarten Zehlendorf e.V.", "source": "OpenStreetMap/Overpass"}}, {"type": "Feature", "geometry": {"type": "Point", "coordinates": [13.3500271, 52.4948402]}, "properties": {"id": "osm:node:3488849732", "type": "kindergarten", "name": "Kinder- und Schülerladen Manno", "source": "OpenStreetMap/Overpass"}}, {"type": "Feature", "geometry": {"type": "Point", "coordinates": [13.4194161, 52.4939191]}, "properties": {"id": "osm:node:3563135693", "type": "kindergarten", "name": "Großpflegestelle Peti und Ulli", "source": "OpenStreetMap/Overpass"}}, {"type": "Feature", "geometry": {"type": "Point", "coordinates": [13.3209725, 52.4700471]}, "properties": {"id": "osm:node:3570843073", "type": "kindergarten", "name": "Kinderladen Kraut und Rüben", "source": "OpenStreetMap/Overpass"}}, {"type": "Feature", "geometry": {"type": "Point", "coordinates": [13.3891799, 52.5512131]}, "properties": {"id": "osm:node:3578793271", "type": "kindergarten", "name": "Kindergarten Auenland", "source": "OpenStreetMap/Overpass"}}, {"type": "Feature", "geometry": {"type": "Point", "coordinates": [13.4801226, 52.5058318]}, "properties": {"id": "osm:node:3602681045", "type": "childcare", "name": "Fine Turbine", "source": "OpenStreetMap/Overpass"}}, {"type": "Feature", "geometry": {"type": "Point", "coordinates": [13.6580595, 52.3395481]}, "properties": {"id": "osm:node:3641077083", "type": "kindergarten", "name": "Kita Zwergenstadt", "source": "OpenStreetMap/Overpass"}}, {"type": "Feature", "geometry": {"type": "Point", "coordinates": [13.4475016, 52.5122062]}, "properties": {"id": "osm:node:3644290194", "type": "school", "name": "Be The - Therapie bei Lernschwierigkeiten", "source": "OpenStreetMap/Overpass"}}, {"type": "Feature", "geometry": {"type": "Point", "coordinates": [13.3414531, 52.4989448]}, "properties": {"id": "osm:node:3666631695", "type": "kindergarten", "name": "Kita Fuggerstraße", "source": "OpenStreetMap/Overpass"}}, {"type": "Feature", "geometry": {"type": "Point", "coordinates": [13.313733, 52.5244457]}, "properties": {"id": "osm:node:3666792404", "type": "kindergarten", "name": "Kita \"bewegte Kinder e.V.\"", "source": "OpenStreetMap/Overpass"}}, {"type": "Feature", "geometry": {"type": "Point", "coordinates": [13.3493536, 52.4889997]}, "properties": {"id": "osm:node:3698296432", "type": "kindergarten", "name": "Kita Purzelbaum", "source": "OpenStreetMap/Overpass"}}, {"type": "Feature", "geometry": {"type": "Point", "coordinates": [13.4738265, 52.4663073]}, "properties": {"id": "osm:node:3822837670", "type": "kindergarten", "name": "Kita Hänselstraße", "source": "OpenStreetMap/Overpass"}}, {"type": "Feature", "geometry": {"type": "Point", "coordinates": [13.323981, 52.4805284]}, "properties": {"id": "osm:node:3843550705", "type": "kindergarten", "name": "Waldorfkindergarten Rosenhof", "source": "OpenStreetMap/Overpass"}}, {"type": "Feature", "geometry": {"type": "Point", "coordinates": [13.3461426, 52.4901702]}, "properties": {"id": "osm:node:3844570972", "type": "kindergarten", "name": "Kinderladen Frechsdachs", "source": "OpenStreetMap/Overpass"}}, {"type": "Feature", "geometry": {"type": "Point", "coordinates": [13.3425314, 52.4869279]}, "properties": {"id": "osm:node:3844739281", "type": "kindergarten", "name": "Kinderladen Amtomokarasachmo", "source": "OpenStreetMap/Overpass"}}, {"type": "Feature", "geometry": {"type": "Point", "coordinates": [13.4325745, 52.5208599]}, "properties": {"id": "osm:node:3874226721", "type": "kindergarten", "name": "KreativitätsKindertagesstätte Allesforscher", "source": "OpenStreetMap/Overpass"}}, {"type": "Feature", "geometry": {"type": "Point", "coordinates": [13.3267775, 52.5322577]}, "properties": {"id": "osm:node:3900932445", "type": "kindergarten", "name": "Kita Elfenblume", "source": "OpenStreetMap/Overpass"}}, {"type": "Feature", "geometry": {"type": "Point", "coordinates": [13.3267708, 52.5319894]}, "properties": {"id": "osm:node:3900935675", "type": "kindergarten", "name": "Kita Safina I", "source": "OpenStreetMap/Overpass"}}, {"type": "Feature", "geometry": {"type": "Point", "coordinates": [13.5144646, 52.4644544]}, "properties": {"id": "osm:node:3905690358", "type": "kindergarten", "name": "Kita Windfee", "source": "OpenStreetMap/Overpass"}}, {"type": "Feature", "geometry": {"type": "Point", "coordinates": [13.5137988, 52.4649644]}, "properties": {"id": "osm:node:3906165319", "type": "kindergarten", "name": "Kita Spreekinder 2", "source": "OpenStreetMap/Overpass"}}, {"type": "Feature", "geometry": {"type": "Point", "coordinates": [13.3145519, 52.4409953]}, "properties": {"id": "osm:node:3919485004", "type": "childcare", "name": "Moltekids", "source": "OpenStreetMap/Overpass"}}, {"type": "Feature", "geometry": {"type": "Point", "coordinates": [13.3726299, 52.5027618]}, "properties": {"id": "osm:node:3943335526", "type": "kindergarten", "name": "", "source": "OpenStreetMap/Overpass"}}, {"type": "Feature", "geometry": {"type": "Point", "coordinates": [13.3163189, 52.567159]}, "properties": {"id": "osm:node:3973033677", "type": "kindergarten", "name": "Hakuna Matata", "source": "OpenStreetMap/Overpass"}}, {"type": "Feature", "geometry": {"type": "Point", "coordinates": [13.3133092, 52.448665]}, "properties": {"id": "osm:node:3987002050", "type": "kindergarten", "name": "Kita der Kath. Kirchengem. St. Annen", "source": "OpenStreetMap/Overpass"}}, {"type": "Feature", "geometry": {"type": "Point", "coordinates": [13.413324, 52.5289509]}, "properties": {"id": "osm:node:4014691041", "type": "kindergarten", "name": "FRÖBEL Kindergarten", "source": "OpenStreetMap/Overpass"}}, {"type": "Feature", "geometry": {"type": "Point", "coordinates": [13.3745228, 52.4885535]}, "properties": {"id": "osm:node:4074274150", "type": "kindergarten", "name": "EKT - Macht nix e.V.", "source": "OpenStreetMap/Overpass"}}, {"type": "Feature", "geometry": {"type": "Point", "coordinates": [13.372418, 52.444789]}, "properties": {"id": "osm:node:4086166289", "type": "kindergarten", "name": "Die kleinen Sonnenblumen", "source": "OpenStreetMap/Overpass"}}, {"type": "Feature", "geometry": {"type": "Point", "coordinates": [13.3568407, 52.5524769]}, "properties": {"id": "osm:node:4095932189", "type": "childcare", "name": "Kita Plapperfisch", "source": "OpenStreetMap/Overpass"}}, {"type": "Feature", "geometry": {"type": "Point", "coordinates": [13.3436478, 52.556085]}, "properties": {"id": "osm:node:4095932191", "type": "kindergarten", "name": "Kindertagesstätte Gänseblümchen e.V.", "source": "OpenStreetMap/Overpass"}}, {"type": "Feature", "geometry": {"type": "Point", "coordinates": [13.0924905, 52.5631129]}, "properties": {"id": "osm:node:4097819340", "type": "school", "name": "Europaschule am Gutspark", "source": "OpenStreetMap/Overpass"}}, {"type": "Feature", "geometry": {"type": "Point", "coordinates": [13.3480029, 52.4347158]}, "properties": {"id": "osm:node:4116037365", "type": "kindergarten", "name": "Kinderladen am Park", "source": "OpenStreetMap/Overpass"}}, {"type": "Feature", "geometry": {"type": "Point", "coordinates": [13.421856, 52.5439853]}, "properties": {"id": "osm:node:4119299329", "type": "kindergarten", "name": "Kita Edgar Berlin", "source": "OpenStreetMap/Overpass"}}, {"type": "Feature", "geometry": {"type": "Point", "coordinates": [13.4460273, 52.4614496]}, "properties": {"id": "osm:node:4135107550", "type": "kindergarten", "name": "Kita Regenbogen", "source": "OpenStreetMap/Overpass"}}, {"type": "Feature", "geometry": {"type": "Point", "coordinates": [13.3779229, 52.5574609]}, "properties": {"id": "osm:node:4139409989", "type": "childcare", "name": "Kinderdschungel", "source": "OpenStreetMap/Overpass"}}, {"type": "Feature", "geometry": {"type": "Point", "coordinates": [13.3919599, 52.5019732]}, "properties": {"id": "osm:node:4149486091", "type": "school", "name": "Liebmann-Schule", "source": "OpenStreetMap/Overpass"}}, {"type": "Feature", "geometry": {"type": "Point", "coordinates": [13.4671531, 52.5125537]}, "properties": {"id": "osm:node:4219699165", "type": "kindergarten", "name": "Kita Salabanda Süd", "source": "OpenStreetMap/Overpass"}}, {"type": "Feature", "geometry": {"type": "Point", "coordinates": [13.451178, 52.5125605]}, "properties": {"id": "osm:node:4223507993", "type": "childcare", "name": "Kita Junior 1", "source": "OpenStreetMap/Overpass"}}, {"type": "Feature", "geometry": {"type": "Point", "coordinates": [13.4627077, 52.517966]}, "properties": {"id": "osm:node:4251827103", "type": "childcare", "name": "Kita Rumpelbande", "source": "OpenStreetMap/Overpass"}}, {"type": "Feature", "geometry": {"type": "Point", "coordinates": [13.4251048, 52.531283]}, "properties": {"id": "osm:node:4259918472", "type": "kindergarten", "name": "Kindergarten Berliner Kindheit", "source": "OpenStreetMap/Overpass"}}, {"type": "Feature", "geometry": {"type": "Point", "coordinates": [13.1948238, 52.5730595]}, "properties": {"id": "osm:node:4298064770", "type": "school", "name": "Hort der ESS", "source": "OpenStreetMap/Overpass"}}, {"type": "Feature", "geometry": {"type": "Point", "coordinates": [13.3490651, 52.5500996]}, "properties": {"id": "osm:node:4315470218", "type": "kindergarten", "name": "Kita Abenteuerland", "source": "OpenStreetMap/Overpass"}}, {"type": "Feature", "geometry": {"type": "Point", "coordinates": [13.3494156, 52.5499125]}, "properties": {"id": "osm:node:4315470225", "type": "kindergarten", "name": "Kita Kardelen", "source": "OpenStreetMap/Overpass"}}, {"type": "Feature", "geometry": {"type": "Point", "coordinates": [13.369575, 52.5473667]}, "properties": {"id": "osm:node:4339053524", "type": "kindergarten", "name": "Kinderladen Zauberhaus", "source": "OpenStreetMap/Overpass"}}, {"type": "Feature", "geometry": {"type": "Point", "coordinates": [13.4912422, 52.636253]}, "properties": {"id": "osm:node:4341056691", "type": "childcare", "name": "Moorwiese", "source": "OpenStreetMap/Overpass"}}, {"type": "Feature", "geometry": {"type": "Point", "coordinates": [13.4602471, 52.5204348]}, "properties": {"id": "osm:node:4350176243", "type": "kindergarten", "name": "Kita Hexenkleckshausen", "source": "OpenStreetMap/Overpass"}}, {"type": "Feature", "geometry": {"type": "Point", "coordinates": [13.35938, 52.5040253]}, "properties": {"id": "osm:node:4368419896", "type": "school", "name": "Internationale Lomonossow-Schule", "source": "OpenStreetMap/Overpass"}}, {"type": "Feature", "geometry": {"type": "Point", "coordinates": [13.3831002, 52.4429619]}, "properties": {"id": "osm:node:4379185792", "type": "kindergarten", "name": "Kinderladen Marienkäfer", "source": "OpenStreetMap/Overpass"}}, {"type": "Feature", "geometry": {"type": "Point", "coordinates": [13.3895862, 52.5528793]}, "properties": {"id": "osm:node:4405396789", "type": "kindergarten", "name": "Kita Piccoli Artisti", "source": "OpenStreetMap/Overpass"}}, {"type": "Feature", "geometry": {"type": "Point", "coordinates": [13.3117675, 52.5077182]}, "properties": {"id": "osm:node:4412304410", "type": "kindergarten", "name": "Kindertagespflege Froschwiese", "source": "OpenStreetMap/Overpass"}}, {"type": "Feature", "geometry": {"type": "Point", "coordinates": [13.3569328, 52.5207501]}, "properties": {"id": "osm:node:4415744966", "type": "kindergarten", "name": "Kinderladen Schneckenhaus", "source": "OpenStreetMap/Overpass"}}, {"type": "Feature", "geometry": {"type": "Point", "coordinates": [13.3703184, 52.5529084]}, "properties": {"id": "osm:node:4436543239", "type": "kindergarten", "name": "Kindergarten Rauda", "source": "OpenStreetMap/Overpass"}}, {"type": "Feature", "geometry": {"type": "Point", "coordinates": [13.369771, 52.5451701]}, "properties": {"id": "osm:node:4444386578", "type": "kindergarten", "name": "Outlaw Kita am Nettelbeckplatz", "source": "OpenStreetMap/Overpass"}}, {"type": "Feature", "geometry": {"type": "Point", "coordinates": [13.3113888, 52.569655]}, "properties": {"id": "osm:node:4448386325", "type": "kindergarten", "name": "Kita Stadtperlen", "source": "OpenStreetMap/Overpass"}}, {"type": "Feature", "geometry": {"type": "Point", "coordinates": [13.3360932, 52.4309835]}, "properties": {"id": "osm:node:4450678323", "type": "kindergarten", "name": "Kita Benjamin Blümchen", "source": "OpenStreetMap/Overpass"}}, {"type": "Feature", "geometry": {"type": "Point", "coordinates": [13.6003157, 52.4768911]}, "properties": {"id": "osm:node:4453587751", "type": "kindergarten", "name": "Kindergarten frei und geborgen", "source": "OpenStreetMap/Overpass"}}, {"type": "Feature", "geometry": {"type": "Point", "coordinates": [13.3265364, 52.5296284]}, "properties": {"id": "osm:node:4454229200", "type": "kindergarten", "name": "Little Kiwis", "source": "OpenStreetMap/Overpass"}}, {"type": "Feature", "geometry": {"type": "Point", "coordinates": [13.4156513, 52.5251758]}, "properties": {"id": "osm:node:4473267846", "type": "kindergarten", "name": "Kita am Alex", "source": "OpenStreetMap/Overpass"}}, {"type": "Feature", "geometry": {"type": "Point", "coordinates": [13.3773956, 52.6650157]}, "properties": {"id": "osm:node:4514468855", "type": "school", "name": "Käthe-Kollwitz-Grundschule", "source": "OpenStreetMap/Overpass"}}, {"type": "Feature", "geometry": {"type": "Point", "coordinates": [13.3779482, 52.6643683]}, "properties": {"id": "osm:node:4514472128", "type": "school", "name": "Hort", "source": "OpenStreetMap/Overpass"}}, {"type": "Feature", "geometry": {"type": "Point", "coordinates": [13.6022274, 52.3676095]}, "properties": {"id": "osm:node:4529086591", "type": "childcare", "name": "Naturkita", "source": "OpenStreetMap/Overpass"}}, {"type": "Feature", "geometry": {"type": "Point", "coordinates": [13.4637485, 52.5056802]}, "properties": {"id": "osm:node:4534097100", "type": "kindergarten", "name": "Rabenkinder", "source": "OpenStreetMap/Overpass"}}, {"type": "Feature", "geometry": {"type": "Point", "coordinates": [13.5712392, 52.5704421]}, "properties": {"id": "osm:node:4550576193", "type": "kindergarten", "name": "Kiek mal", "source": "OpenStreetMap/Overpass"}}, {"type": "Feature", "geometry": {"type": "Point", "coordinates": [13.4640953, 52.5202108]}, "properties": {"id": "osm:node:4551507683", "type": "kindergarten", "name": "Krippe Sonnenkäfer", "source": "OpenStreetMap/Overpass"}}, {"type": "Feature", "geometry": {"type": "Point", "coordinates": [13.4285344, 52.5849607]}, "properties": {"id": "osm:node:4583979875", "type": "kindergarten", "name": "Kita Die Kiezkrümel", "source": "OpenStreetMap/Overpass"}}, {"type": "Feature", "geometry": {"type": "Point", "coordinates": [13.4912344, 52.4687484]}, "properties": {"id": "osm:node:4596211011", "type": "kindergarten", "name": "Die Traumfänger", "source": "OpenStreetMap/Overpass"}}, {"type": "Feature", "geometry": {"type": "Point", "coordinates": [13.4247573, 52.5105341]}, "properties": {"id": "osm:node:4640590860", "type": "kindergarten", "name": "Kita Spreefeld", "source": "OpenStreetMap/Overpass"}}, {"type": "Feature", "geometry": {"type": "Point", "coordinates": [13.3958208, 52.5637906]}, "properties": {"id": "osm:node:4645562407", "type": "kindergarten", "name": "Kinderladen Auenland e.V.", "source": "OpenStreetMap/Overpass"}}, {"type": "Feature", "geometry": {"type": "Point", "coordinates": [13.3984826, 52.561738]}, "properties": {"id": "osm:node:4645562408", "type": "kindergarten", "name": "Sternschnuppe", "source": "OpenStreetMap/Overpass"}}, {"type": "Feature", "geometry": {"type": "Point", "coordinates": [13.5158109, 52.4621629]}, "properties": {"id": "osm:node:4698844715", "type": "kindergarten", "name": "Kita Zauberland", "source": "OpenStreetMap/Overpass"}}, {"type": "Feature", "geometry": {"type": "Point", "coordinates": [13.2911541, 52.4443986]}, "properties": {"id": "osm:node:4702468664", "type": "kindergarten", "name": "EKT Biegel e.V.", "source": "OpenStreetMap/Overpass"}}, {"type": "Feature", "geometry": {"type": "Point", "coordinates": [13.1156829, 52.5538477]}, "properties": {"id": "osm:node:4719017433", "type": "kindergarten", "name": "Waldorfkindergarten", "source": "OpenStreetMap/Overpass"}}, {"type": "Feature", "geometry": {"type": "Point", "coordinates": [13.1006246, 52.5653197]}, "properties": {"id": "osm:node:4719017435", "type": "kindergarten", "name": "Kita Zum Guten Hirten", "source": "OpenStreetMap/Overpass"}}, {"type": "Feature", "geometry": {"type": "Point", "coordinates": [13.1376874, 52.5592316]}, "properties": {"id": "osm:node:4719017449", "type": "kindergarten", "name": "Kita Sonnenstrahl", "source": "OpenStreetMap/Overpass"}}, {"type": "Feature", "geometry": {"type": "Point", "coordinates": [13.0911875, 52.5753661]}, "properties": {"id": "osm:node:4719017458", "type": "kindergarten", "name": "Kita Tollhaus am Wald", "source": "OpenStreetMap/Overpass"}}, {"type": "Feature", "geometry": {"type": "Point", "coordinates": [13.371963, 52.4856821]}, "properties": {"id": "osm:node:4752561585", "type": "kindergarten", "name": "Lok 18", "source": "OpenStreetMap/Overpass"}}, {"type": "Feature", "geometry": {"type": "Point", "coordinates": [13.454767, 52.4893099]}, "properties": {"id": "osm:node:4757507849", "type": "kindergarten", "name": "Kita Pretty World", "source": "OpenStreetMap/Overpass"}}, {"type": "Feature", "geometry": {"type": "Point", "coordinates": [13.3474095, 52.4973311]}, "properties": {"id": "osm:node:4775397846", "type": "kindergarten", "name": "Kita Motzstraße", "source": "OpenStreetMap/Overpass"}}, {"type": "Feature", "geometry": {"type": "Point", "coordinates": [13.3358133, 52.5296051]}, "properties": {"id": "osm:node:4789962777", "type": "kindergarten", "name": "Kleine Moabiter", "source": "OpenStreetMap/Overpass"}}, {"type": "Feature", "geometry": {"type": "Point", "coordinates": [13.5474917, 52.4354607]}, "properties": {"id": "osm:node:4797313799", "type": "kindergarten", "name": "Kita Nusshütte", "source": "OpenStreetMap/Overpass"}}, {"type": "Feature", "geometry": {"type": "Point", "coordinates": [13.3966612, 52.5668727]}, "properties": {"id": "osm:node:4812222801", "type": "kindergarten", "name": "Kinderladen Piwi", "source": "OpenStreetMap/Overpass"}}, {"type": "Feature", "geometry": {"type": "Point", "coordinates": [13.3979818, 52.5671925]}, "properties": {"id": "osm:node:4831523450", "type": "kindergarten", "name": "Pankekinder e.V.", "source": "OpenStreetMap/Overpass"}}, {"type": "Feature", "geometry": {"type": "Point", "coordinates": [13.3774542, 52.4908034]}, "properties": {"id": "osm:node:4850314524", "type": "school", "name": "Cumbancha", "source": "OpenStreetMap/Overpass"}}, {"type": "Feature", "geometry": {"type": "Point", "coordinates": [13.491111, 52.4652287]}, "properties": {"id": "osm:node:4852033592", "type": "kindergarten", "name": "Kita Kleiner Fratz e.V.", "source": "OpenStreetMap/Overpass"}}, {"type": "Feature", "geometry": {"type": "Point", "coordinates": [13.3119042, 52.5722291]}, "properties": {"id": "osm:node:4854908806", "type": "kindergarten", "name": "DRK Kita Antonia", "source": "OpenStreetMap/Overpass"}}, {"type": "Feature", "geometry": {"type": "Point", "coordinates": [13.3130128, 52.5716276]}, "properties": {"id": "osm:node:4854908807", "type": "kindergarten", "name": "Kita \"Die kleinen Grünschnäbel\"", "source": "OpenStreetMap/Overpass"}}, {"type": "Feature", "geometry": {"type": "Point", "coordinates": [13.3213022, 52.5682104]}, "properties": {"id": "osm:node:4854908809", "type": "kindergarten", "name": "Vorschulgruppe Schillingstraße", "source": "OpenStreetMap/Overpass"}}, {"type": "Feature", "geometry": {"type": "Point", "coordinates": [13.3215093, 52.5684913]}, "properties": {"id": "osm:node:4854908810", "type": "kindergarten", "name": "Kindertagesstätte Schillingstraße", "source": "OpenStreetMap/Overpass"}}, {"type": "Feature", "geometry": {"type": "Point", "coordinates": [13.3210403, 52.5685488]}, "properties": {"id": "osm:node:4854908811", "type": "kindergarten", "name": "Kita Wortschmiede", "source": "OpenStreetMap/Overpass"}}, {"type": "Feature", "geometry": {"type": "Point", "coordinates": [13.2797555, 52.5328938]}, "properties": {"id": "osm:node:4864189821", "type": "school", "name": "EIIE EURASIA Institute for International Education GmbH", "source": "OpenStreetMap/Overpass"}}, {"type": "Feature", "geometry": {"type": "Point", "coordinates": [13.3119076, 52.6239921]}, "properties": {"id": "osm:node:4894826467", "type": "kindergarten", "name": "EKT - Zwergenschloß e.V. Krippe", "source": "OpenStreetMap/Overpass"}}, {"type": "Feature", "geometry": {"type": "Point", "coordinates": [13.3201752, 52.6097468]}, "properties": {"id": "osm:node:4896119784", "type": "kindergarten", "name": "Kids Company II Ganztagsbetreuung", "source": "OpenStreetMap/Overpass"}}, {"type": "Feature", "geometry": {"type": "Point", "coordinates": [13.3808595, 52.5537702]}, "properties": {"id": "osm:node:4899779633", "type": "kindergarten", "name": "Kenntnisreich", "source": "OpenStreetMap/Overpass"}}, {"type": "Feature", "geometry": {"type": "Point", "coordinates": [13.2593393, 52.4344423]}, "properties": {"id": "osm:node:4904477276", "type": "kindergarten", "name": "Kita Paulus", "source": "OpenStreetMap/Overpass"}}, {"type": "Feature", "geometry": {"type": "Point", "coordinates": [13.4196963, 52.5525925]}, "properties": {"id": "osm:node:4912977844", "type": "childcare", "name": "Kita SEHsternTaler", "source": "OpenStreetMap/Overpass"}}, {"type": "Feature", "geometry": {"type": "Point", "coordinates": [13.4367448, 52.4664322]}, "properties": {"id": "osm:node:4915105981", "type": "kindergarten", "name": "Ali Baba und seine Räuber \"Rainbow\"", "source": "OpenStreetMap/Overpass"}}, {"type": "Feature", "geometry": {"type": "Point", "coordinates": [13.3248852, 52.6170543]}, "properties": {"id": "osm:node:4919670361", "type": "kindergarten", "name": "Tagesgroßpflege \"Minigarten\"", "source": "OpenStreetMap/Overpass"}}, {"type": "Feature", "geometry": {"type": "Point", "coordinates": [13.4966462, 52.5089027]}, "properties": {"id": "osm:node:4920605620", "type": "kindergarten", "name": "", "source": "OpenStreetMap/Overpass"}}, {"type": "Feature", "geometry": {"type": "Point", "coordinates": [13.4967466, 52.5089424]}, "properties": {"id": "osm:node:4920611563", "type": "childcare", "name": "Kita Vitale Großstadtmäuse III", "source": "OpenStreetMap/Overpass"}}, {"type": "Feature", "geometry": {"type": "Point", "coordinates": [13.4477802, 52.5279354]}, "properties": {"id": "osm:node:4932662327", "type": "school", "name": "Piano Cano", "source": "OpenStreetMap/Overpass"}}, {"type": "Feature", "geometry": {"type": "Point", "coordinates": [13.3388031, 52.4697893]}, "properties": {"id": "osm:node:4955248527", "type": "kindergarten", "name": "Kita Wielandstraße", "source": "OpenStreetMap/Overpass"}}, {"type": "Feature", "geometry": {"type": "Point", "coordinates": [13.3104634, 52.5683367]}, "properties": {"id": "osm:node:4957656703", "type": "kindergarten", "name": "Kita \"Kuddel-Muddel\"", "source": "OpenStreetMap/Overpass"}}, {"type": "Feature", "geometry": {"type": "Point", "coordinates": [13.3444096, 52.4515961]}, "properties": {"id": "osm:node:5003038558", "type": "kindergarten", "name": "Kita Bibbi-Bär", "source": "OpenStreetMap/Overpass"}}, {"type": "Feature", "geometry": {"type": "Point", "coordinates": [13.3530182, 52.5962638]}, "properties": {"id": "osm:node:5012454810", "type": "kindergarten", "name": "Kita Kirchenmäuse", "source": "OpenStreetMap/Overpass"}}, {"type": "Feature", "geometry": {"type": "Point", "coordinates": [13.5301589, 52.5645135]}, "properties": {"id": "osm:node:5037999568", "type": "kindergarten", "name": "Kita Wiesenhüpper", "source": "OpenStreetMap/Overpass"}}, {"type": "Feature", "geometry": {"type": "Point", "coordinates": [13.3903892, 52.486814]}, "properties": {"id": "osm:node:5053819060", "type": "kindergarten", "name": "Wildblume III", "source": "OpenStreetMap/Overpass"}}, {"type": "Feature", "geometry": {"type": "Point", "coordinates": [13.2474893, 52.6106205]}, "properties": {"id": "osm:node:5068538507", "type": "kindergarten", "name": "Kleine Pusteblume", "source": "OpenStreetMap/Overpass"}}, {"type": "Feature", "geometry": {"type": "Point", "coordinates": [13.482585, 52.4237701]}, "properties": {"id": "osm:node:5089487583", "type": "kindergarten", "name": "Kita Pretty World", "source": "OpenStreetMap/Overpass"}}, {"type": "Feature", "geometry": {"type": "Point", "coordinates": [13.3642264, 52.4133854]}, "properties": {"id": "osm:node:5094086536", "type": "kindergarten", "name": "Kita Marienfelder Kiezhopser", "source": "OpenStreetMap/Overpass"}}, {"type": "Feature", "geometry": {"type": "Point", "coordinates": [13.2598224, 52.3729317]}, "properties": {"id": "osm:node:5094128260", "type": "childcare", "name": "Kita „Am Röthepfuhl“", "source": "OpenStreetMap/Overpass"}}, {"type": "Feature", "geometry": {"type": "Point", "coordinates": [13.3270947, 52.4566548]}, "properties": {"id": "osm:node:5101307259", "type": "kindergarten", "name": "Kita Multitalent", "source": "OpenStreetMap/Overpass"}}, {"type": "Feature", "geometry": {"type": "Point", "coordinates": [13.4612314, 52.5058161]}, "properties": {"id": "osm:node:5141153069", "type": "kindergarten", "name": "Kita Rabbit Street", "source": "OpenStreetMap/Overpass"}}, {"type": "Feature", "geometry": {"type": "Point", "coordinates": [13.4949569, 52.5070767]}, "properties": {"id": "osm:node:5149504749", "type": "kindergarten", "name": "Kindertagespflegestelle Flohzirkus", "source": "OpenStreetMap/Overpass"}}, {"type": "Feature", "geometry": {"type": "Point", "coordinates": [13.4949421, 52.5060486]}, "properties": {"id": "osm:node:5149515671", "type": "kindergarten", "name": "Spieltraum Lichtenberg", "source": "OpenStreetMap/Overpass"}}, {"type": "Feature", "geometry": {"type": "Point", "coordinates": [13.0928814, 52.5595187]}, "properties": {"id": "osm:node:5159718853", "type": "kindergarten", "name": "Musisch-Kreativer ASB-Hort", "source": "OpenStreetMap/Overpass"}}, {"type": "Feature", "geometry": {"type": "Point", "coordinates": [13.3398408, 52.6546984]}, "properties": {"id": "osm:node:5166361428", "type": "kindergarten", "name": "Am Schlosspark", "source": "OpenStreetMap/Overpass"}}, {"type": "Feature", "geometry": {"type": "Point", "coordinates": [13.3322424, 52.4876362]}, "properties": {"id": "osm:node:5210416716", "type": "kindergarten", "name": "Kindertagespflege Baerliner Rasselbande", "source": "OpenStreetMap/Overpass"}}, {"type": "Feature", "geometry": {"type": "Point", "coordinates": [13.4652513, 52.486256]}, "properties": {"id": "osm:node:5212798828", "type": "kindergarten", "name": "Kinderladen", "source": "OpenStreetMap/Overpass"}}, {"type": "Feature", "geometry": {"type": "Point", "coordinates": [13.3647799, 52.5679126]}, "properties": {"id": "osm:node:5216814509", "type": "kindergarten", "name": "Großtagespflege Unser Spatzennest", "source": "OpenStreetMap/Overpass"}}, {"type": "Feature", "geometry": {"type": "Point", "coordinates": [13.3552293, 52.5744518]}, "properties": {"id": "osm:node:5233009250", "type": "childcare", "name": "Kita Kinderinsel Alt-Reinickendorf", "source": "OpenStreetMap/Overpass"}}, {"type": "Feature", "geometry": {"type": "Point", "coordinates": [13.4542174, 52.5211944]}, "properties": {"id": "osm:node:5239552683", "type": "kindergarten", "name": "Kita Salabanda 73", "source": "OpenStreetMap/Overpass"}}, {"type": "Feature", "geometry": {"type": "Point", "coordinates": [13.4615017, 52.5187]}, "properties": {"id": "osm:node:5239562224", "type": "childcare", "name": "Kita Salabanda 24", "source": "OpenStreetMap/Overpass"}}, {"type": "Feature", "geometry": {"type": "Point", "coordinates": [13.3517285, 52.5700278]}, "properties": {"id": "osm:node:5241636642", "type": "kindergarten", "name": "Kita Pirole", "source": "OpenStreetMap/Overpass"}}, {"type": "Feature", "geometry": {"type": "Point", "coordinates": [13.3507661, 52.5701014]}, "properties": {"id": "osm:node:5252560023", "type": "kindergarten", "name": "Kita Kinderinsel Aroser Allee", "source": "OpenStreetMap/Overpass"}}, {"type": "Feature", "geometry": {"type": "Point", "coordinates": [13.3736421, 52.570183]}, "properties": {"id": "osm:node:5266157901", "type": "kindergarten", "name": "", "source": "OpenStreetMap/Overpass"}}, {"type": "Feature", "geometry": {"type": "Point", "coordinates": [13.4315036, 52.501672]}, "properties": {"id": "osm:node:5268605011", "type": "kindergarten", "name": "EKT Bessere Zukunft für Kinder", "source": "OpenStreetMap/Overpass"}}, {"type": "Feature", "geometry": {"type": "Point", "coordinates": [13.1975091, 52.5200132]}, "properties": {"id": "osm:node:5289857023", "type": "childcare", "name": "Silberflöte", "source": "OpenStreetMap/Overpass"}}, {"type": "Feature", "geometry": {"type": "Point", "coordinates": [13.1973577, 52.5183142]}, "properties": {"id": "osm:node:5289857024", "type": "childcare", "name": "Pichelsdorfer Zwerge", "source": "OpenStreetMap/Overpass"}}, {"type": "Feature", "geometry": {"type": "Point", "coordinates": [13.3720098, 52.5856236]}, "properties": {"id": "osm:node:5296054903", "type": "kindergarten", "name": "Kita Sternenburg", "source": "OpenStreetMap/Overpass"}}, {"type": "Feature", "geometry": {"type": "Point", "coordinates": [13.5921015, 52.5250802]}, "properties": {"id": "osm:node:5306807794", "type": "kindergarten", "name": "dreieins Kita Kaulsdorf", "source": "OpenStreetMap/Overpass"}}, {"type": "Feature", "geometry": {"type": "Point", "coordinates": [13.4105063, 52.5506854]}, "properties": {"id": "osm:node:5338838694", "type": "kindergarten", "name": "el jardin de Mafalda e.V.", "source": "OpenStreetMap/Overpass"}}, {"type": "Feature", "geometry": {"type": "Point", "coordinates": [13.4051734, 52.5526985]}, "properties": {"id": "osm:node:5339117680", "type": "kindergarten", "name": "Piano e.V.", "source": "OpenStreetMap/Overpass"}}, {"type": "Feature", "geometry": {"type": "Point", "coordinates": [13.4025578, 52.5468542]}, "properties": {"id": "osm:node:5346651761", "type": "kindergarten", "name": "Kita Mauerschwalben", "source": "OpenStreetMap/Overpass"}}, {"type": "Feature", "geometry": {"type": "Point", "coordinates": [13.410922, 52.5524995]}, "properties": {"id": "osm:node:5351286163", "type": "kindergarten", "name": "Pünktchen+Paul", "source": "OpenStreetMap/Overpass"}}, {"type": "Feature", "geometry": {"type": "Point", "coordinates": [13.4105484, 52.5525238]}, "properties": {"id": "osm:node:5351286164", "type": "kindergarten", "name": "Brüderchen und Schwesterchen", "source": "OpenStreetMap/Overpass"}}, {"type": "Feature", "geometry": {"type": "Point", "coordinates": [13.3451802, 52.4486494]}, "properties": {"id": "osm:node:5370729433", "type": "kindergarten", "name": "Kindertagesstätte JuLiKinder", "source": "OpenStreetMap/Overpass"}}, {"type": "Feature", "geometry": {"type": "Point", "coordinates": [13.4097286, 52.5543581]}, "properties": {"id": "osm:node:5386381032", "type": "kindergarten", "name": "freude", "source": "OpenStreetMap/Overpass"}}, {"type": "Feature", "geometry": {"type": "Point", "coordinates": [13.4068008, 52.5469547]}, "properties": {"id": "osm:node:5389406549", "type": "kindergarten", "name": "Die wilden Kücken", "source": "OpenStreetMap/Overpass"}}, {"type": "Feature", "geometry": {"type": "Point", "coordinates": [13.3719986, 52.4857096]}, "properties": {"id": "osm:node:5407416269", "type": "childcare", "name": "Lok18", "source": "OpenStreetMap/Overpass"}}, {"type": "Feature", "geometry": {"type": "Point", "coordinates": [13.4013844, 52.5884009]}, "properties": {"id": "osm:node:5436064207", "type": "kindergarten", "name": "Kindertagesstätte Melodiekiste", "source": "OpenStreetMap/Overpass"}}, {"type": "Feature", "geometry": {"type": "Point", "coordinates": [13.3354846, 52.4846064]}, "properties": {"id": "osm:node:5440588796", "type": "kindergarten", "name": "Piccolino", "source": "OpenStreetMap/Overpass"}}, {"type": "Feature", "geometry": {"type": "Point", "coordinates": [13.3355023, 52.4853959]}, "properties": {"id": "osm:node:5440588797", "type": "kindergarten", "name": "Land in Sicht", "source": "OpenStreetMap/Overpass"}}, {"type": "Feature", "geometry": {"type": "Point", "coordinates": [13.4047759, 52.5527375]}, "properties": {"id": "osm:node:5451560607", "type": "kindergarten", "name": "PIDA e.V.", "source": "OpenStreetMap/Overpass"}}, {"type": "Feature", "geometry": {"type": "Point", "coordinates": [13.4279204, 52.5532055]}, "properties": {"id": "osm:node:5471136068", "type": "kindergarten", "name": "Anderland", "source": "OpenStreetMap/Overpass"}}, {"type": "Feature", "geometry": {"type": "Point", "coordinates": [13.394612, 52.4544038]}, "properties": {"id": "osm:node:5477749794", "type": "school", "name": "Samuel-Hahnemann-Schule", "source": "OpenStreetMap/Overpass"}}, {"type": "Feature", "geometry": {"type": "Point", "coordinates": [13.4223535, 52.5549139]}, "properties": {"id": "osm:node:5486628642", "type": "kindergarten", "name": "Cheburashka", "source": "OpenStreetMap/Overpass"}}, {"type": "Feature", "geometry": {"type": "Point", "coordinates": [13.4465605, 52.4973925]}, "properties": {"id": "osm:node:5489583919", "type": "kindergarten", "name": "Munkelrübe", "source": "OpenStreetMap/Overpass"}}, {"type": "Feature", "geometry": {"type": "Point", "coordinates": [13.3309717, 52.4806301]}, "properties": {"id": "osm:node:5504502662", "type": "kindergarten", "name": "Girasole Kita", "source": "OpenStreetMap/Overpass"}}, {"type": "Feature", "geometry": {"type": "Point", "coordinates": [13.3245006, 52.4797474]}, "properties": {"id": "osm:node:5505144585", "type": "kindergarten", "name": "Kinderhaus Kipsi", "source": "OpenStreetMap/Overpass"}}, {"type": "Feature", "geometry": {"type": "Point", "coordinates": [13.4097669, 52.5464381]}, "properties": {"id": "osm:node:5508692966", "type": "kindergarten", "name": "Kindergarten Stadt und Waldkinder", "source": "OpenStreetMap/Overpass"}}, {"type": "Feature", "geometry": {"type": "Point", "coordinates": [13.3157622, 52.5186749]}, "properties": {"id": "osm:node:5515845294", "type": "kindergarten", "name": "Kindertagespflege Alegria", "source": "OpenStreetMap/Overpass"}}, {"type": "Feature", "geometry": {"type": "Point", "coordinates": [13.3808556, 52.5226187]}, "properties": {"id": "osm:node:5574301780", "type": "kindergarten", "name": "Casa Azul Maison Bleue", "source": "OpenStreetMap/Overpass"}}, {"type": "Feature", "geometry": {"type": "Point", "coordinates": [13.3770518, 52.4598569]}, "properties": {"id": "osm:node:5587090948", "type": "kindergarten", "name": "Reh-KIDS", "source": "OpenStreetMap/Overpass"}}, {"type": "Feature", "geometry": {"type": "Point", "coordinates": [13.3288085, 52.4764939]}, "properties": {"id": "osm:node:5643671624", "type": "kindergarten", "name": "Kinderladen Sieglinde", "source": "OpenStreetMap/Overpass"}}, {"type": "Feature", "geometry": {"type": "Point", "coordinates": [13.3202475, 52.6330125]}, "properties": {"id": "osm:node:5649706668", "type": "kindergarten", "name": "Kita Kleine Strolche", "source": "OpenStreetMap/Overpass"}}, {"type": "Feature", "geometry": {"type": "Point", "coordinates": [13.3189538, 52.5664449]}, "properties": {"id": "osm:node:5650233217", "type": "kindergarten", "name": "Kita Simba", "source": "OpenStreetMap/Overpass"}}, {"type": "Feature", "geometry": {"type": "Point", "coordinates": [13.4468273, 52.4227343]}, "properties": {"id": "osm:node:5661514223", "type": "school", "name": "Schule am Hasenhegerweg", "source": "OpenStreetMap/Overpass"}}, {"type": "Feature", "geometry": {"type": "Point", "coordinates": [13.4468112, 52.4224497]}, "properties": {"id": "osm:node:5661514224", "type": "school", "name": "Lisa-Tetzner-Grundschule", "source": "OpenStreetMap/Overpass"}}, {"type": "Feature", "geometry": {"type": "Point", "coordinates": [13.3034086, 52.6385963]}, "properties": {"id": "osm:node:5693846374", "type": "kindergarten", "name": "EKT - Knusperhaus Frohnau e.V.", "source": "OpenStreetMap/Overpass"}}, {"type": "Feature", "geometry": {"type": "Point", "coordinates": [13.4885479, 52.5236819]}, "properties": {"id": "osm:node:5695079683", "type": "school", "name": "OTA - Tanyildiz Schweißtechnik", "source": "OpenStreetMap/Overpass"}}, {"type": "Feature", "geometry": {"type": "Point", "coordinates": [13.5137859, 52.4788501]}, "properties": {"id": "osm:node:5696294465", "type": "kindergarten", "name": "ABC Kindergarten", "source": "OpenStreetMap/Overpass"}}, {"type": "Feature", "geometry": {"type": "Point", "coordinates": [13.3492698, 52.5954044]}, "properties": {"id": "osm:node:5743824826", "type": "kindergarten", "name": "", "source": "OpenStreetMap/Overpass"}}, {"type": "Feature", "geometry": {"type": "Point", "coordinates": [13.3977561, 52.386116]}, "properties": {"id": "osm:node:5746405292", "type": "kindergarten", "name": "EKT Mini-Kids Salvator", "source": "OpenStreetMap/Overpass"}}, {"type": "Feature", "geometry": {"type": "Point", "coordinates": [13.4273152, 52.5347819]}, "properties": {"id": "osm:node:5790175872", "type": "school", "name": "Corrie-ten-Boom-Schule", "source": "OpenStreetMap/Overpass"}}, {"type": "Feature", "geometry": {"type": "Point", "coordinates": [13.4278408, 52.5346465]}, "properties": {"id": "osm:node:5790175875", "type": "school", "name": "Elisabeth-Abegg-Grundschule", "source": "OpenStreetMap/Overpass"}}, {"type": "Feature", "geometry": {"type": "Point", "coordinates": [13.327751, 52.4536296]}, "properties": {"id": "osm:node:5823415314", "type": "kindergarten", "name": "Kinderladen JaJaHe", "source": "OpenStreetMap/Overpass"}}, {"type": "Feature", "geometry": {"type": "Point", "coordinates": [13.0900142, 52.3973071]}, "properties": {"id": "osm:node:5839749530", "type": "kindergarten", "name": "hoffkids", "source": "OpenStreetMap/Overpass"}}, {"type": "Feature", "geometry": {"type": "Point", "coordinates": [13.090623, 52.3975052]}, "properties": {"id": "osm:node:5839749534", "type": "kindergarten", "name": "FidL-Kinderhaus Pittiplatsch", "source": "OpenStreetMap/Overpass"}}, {"type": "Feature", "geometry": {"type": "Point", "coordinates": [13.5145669, 52.4798859]}, "properties": {"id": "osm:node:5845386948", "type": "kindergarten", "name": "Kita \"Luna Sternenstaub\"", "source": "OpenStreetMap/Overpass"}}, {"type": "Feature", "geometry": {"type": "Point", "coordinates": [13.2738447, 52.3388315]}, "properties": {"id": "osm:node:5892790086", "type": "school", "name": "Schule", "source": "OpenStreetMap/Overpass"}}, {"type": "Feature", "geometry": {"type": "Point", "coordinates": [13.3541252, 52.4858093]}, "properties": {"id": "osm:node:5907019898", "type": "school", "name": "Privates Europa-Gymnasium Berlin", "source": "OpenStreetMap/Overpass"}}, {"type": "Feature", "geometry": {"type": "Point", "coordinates": [13.3764379, 52.4921557]}, "properties": {"id": "osm:node:5909869891", "type": "kindergarten", "name": "Kinderfreizeit im Möckernkiez", "source": "OpenStreetMap/Overpass"}}, {"type": "Feature", "geometry": {"type": "Point", "coordinates": [13.1180698, 52.3962562]}, "properties": {"id": "osm:node:5933524412", "type": "kindergarten", "name": "Flitzpiepen", "source": "OpenStreetMap/Overpass"}}, {"type": "Feature", "geometry": {"type": "Point", "coordinates": [13.3339382, 52.4713526]}, "properties": {"id": "osm:node:5938467760", "type": "kindergarten", "name": "das krümelzimmer", "source": "OpenStreetMap/Overpass"}}, {"type": "Feature", "geometry": {"type": "Point", "coordinates": [13.4025402, 52.5623292]}, "properties": {"id": "osm:node:5943298094", "type": "kindergarten", "name": "Kinderland Ferdinand", "source": "OpenStreetMap/Overpass"}}, {"type": "Feature", "geometry": {"type": "Point", "coordinates": [13.4111377, 52.5613364]}, "properties": {"id": "osm:node:5952120161", "type": "kindergarten", "name": "Clownfisch", "source": "OpenStreetMap/Overpass"}}, {"type": "Feature", "geometry": {"type": "Point", "coordinates": [13.4392656, 52.4782552]}, "properties": {"id": "osm:node:5983770228", "type": "childcare", "name": "Mosaikraupen", "source": "OpenStreetMap/Overpass"}}, {"type": "Feature", "geometry": {"type": "Point", "coordinates": [13.2914558, 52.503514]}, "properties": {"id": "osm:node:5997087757", "type": "kindergarten", "name": "Coquelicot", "source": "OpenStreetMap/Overpass"}}, {"type": "Feature", "geometry": {"type": "Point", "coordinates": [13.2634016, 52.5095435]}, "properties": {"id": "osm:node:5997094437", "type": "school", "name": "Moser Schule Schweizer Gymnasium gGmbH", "source": "OpenStreetMap/Overpass"}}, {"type": "Feature", "geometry": {"type": "Point", "coordinates": [13.3889956, 52.5307289]}, "properties": {"id": "osm:node:6012964894", "type": "kindergarten", "name": "Berlinchen", "source": "OpenStreetMap/Overpass"}}, {"type": "Feature", "geometry": {"type": "Point", "coordinates": [13.4062656, 52.5273506]}, "properties": {"id": "osm:node:6058583254", "type": "school", "name": "", "source": "OpenStreetMap/Overpass"}}, {"type": "Feature", "geometry": {"type": "Point", "coordinates": [13.4088191, 52.5718191]}, "properties": {"id": "osm:node:6111118987", "type": "childcare", "name": "Kita Pankepiraten", "source": "OpenStreetMap/Overpass"}}, {"type": "Feature", "geometry": {"type": "Point", "coordinates": [13.4137913, 52.4888335]}, "properties": {"id": "osm:node:6115240482", "type": "childcare", "name": "Kinder Werk Stadt", "source": "OpenStreetMap/Overpass"}}, {"type": "Feature", "geometry": {"type": "Point", "coordinates": [13.4389855, 52.4648824]}, "properties": {"id": "osm:node:6116296262", "type": "kindergarten", "name": "Kita BB17", "source": "OpenStreetMap/Overpass"}}, {"type": "Feature", "geometry": {"type": "Point", "coordinates": [13.5256417, 52.489352]}, "properties": {"id": "osm:node:6123173591", "type": "kindergarten", "name": "Kita an der Hochschule für Technik und Wirtschaft Berlin", "source": "OpenStreetMap/Overpass"}}, {"type": "Feature", "geometry": {"type": "Point", "coordinates": [13.5044572, 52.5139997]}, "properties": {"id": "osm:node:6133326608", "type": "kindergarten", "name": "Kindertagespflege Klein Krümel", "source": "OpenStreetMap/Overpass"}}, {"type": "Feature", "geometry": {"type": "Point", "coordinates": [13.2887102, 52.4811108]}, "properties": {"id": "osm:node:6153498939", "type": "school", "name": "Institut für Verhaltenstherapie Berlin", "source": "OpenStreetMap/Overpass"}}, {"type": "Feature", "geometry": {"type": "Point", "coordinates": [13.4952731, 52.5488556]}, "properties": {"id": "osm:node:6161608466", "type": "kindergarten", "name": "Kita Hedwig", "source": "OpenStreetMap/Overpass"}}, {"type": "Feature", "geometry": {"type": "Point", "coordinates": [13.4569558, 52.524274]}, "properties": {"id": "osm:node:6187610415", "type": "kindergarten", "name": "Kita Sternchen", "source": "OpenStreetMap/Overpass"}}, {"type": "Feature", "geometry": {"type": "Point", "coordinates": [13.4570389, 52.5245547]}, "properties": {"id": "osm:node:6187616333", "type": "kindergarten", "name": "Kita Hokuspokus", "source": "OpenStreetMap/Overpass"}}, {"type": "Feature", "geometry": {"type": "Point", "coordinates": [13.453418, 52.5255685]}, "properties": {"id": "osm:node:6192931617", "type": "kindergarten", "name": "Kinderladen Spieltraum", "source": "OpenStreetMap/Overpass"}}, {"type": "Feature", "geometry": {"type": "Point", "coordinates": [13.5007396, 52.4954806]}, "properties": {"id": "osm:node:6205600286", "type": "kindergarten", "name": "Zwergenbewegung", "source": "OpenStreetMap/Overpass"}}, {"type": "Feature", "geometry": {"type": "Point", "coordinates": [13.3976982, 52.5375362]}, "properties": {"id": "osm:node:6215800460", "type": "school", "name": "Mal- und Zeichenschule Prib", "source": "OpenStreetMap/Overpass"}}, {"type": "Feature", "geometry": {"type": "Point", "coordinates": [13.3704694, 52.5505701]}, "properties": {"id": "osm:node:6251995791", "type": "school", "name": "Produktionsschule Mitte", "source": "OpenStreetMap/Overpass"}}, {"type": "Feature", "geometry": {"type": "Point", "coordinates": [13.4119971, 52.5499334]}, "properties": {"id": "osm:node:6269962428", "type": "kindergarten", "name": "Kinderladen \"kribbel krabbel\"", "source": "OpenStreetMap/Overpass"}}, {"type": "Feature", "geometry": {"type": "Point", "coordinates": [13.5683033, 52.5723658]}, "properties": {"id": "osm:node:6271841739", "type": "kindergarten", "name": "Kita Irgendwie Anders", "source": "OpenStreetMap/Overpass"}}, {"type": "Feature", "geometry": {"type": "Point", "coordinates": [13.3555059, 52.4830846]}, "properties": {"id": "osm:node:6278331129", "type": "kindergarten", "name": "Kinderladen Elefanten", "source": "OpenStreetMap/Overpass"}}, {"type": "Feature", "geometry": {"type": "Point", "coordinates": [13.416, 52.5600125]}, "properties": {"id": "osm:node:6284831003", "type": "childcare", "name": "Junges Gemüse", "source": "OpenStreetMap/Overpass"}}, {"type": "Feature", "geometry": {"type": "Point", "coordinates": [13.4197767, 52.5637406]}, "properties": {"id": "osm:node:6284838568", "type": "kindergarten", "name": "Junges Gemüse", "source": "OpenStreetMap/Overpass"}}, {"type": "Feature", "geometry": {"type": "Point", "coordinates": [13.4678639, 52.5065951]}, "properties": {"id": "osm:node:6325500308", "type": "kindergarten", "name": "Montessori Kinderhaus Olivo", "source": "OpenStreetMap/Overpass"}}, {"type": "Feature", "geometry": {"type": "Point", "coordinates": [13.3340935, 52.52192]}, "properties": {"id": "osm:node:6354886638", "type": "kindergarten", "name": "Kinderladen Jagowspatzen", "source": "OpenStreetMap/Overpass"}}, {"type": "Feature", "geometry": {"type": "Point", "coordinates": [13.5239473, 52.4597785]}, "properties": {"id": "osm:node:6388595096", "type": "kindergarten", "name": "Kita Traumschön", "source": "OpenStreetMap/Overpass"}}, {"type": "Feature", "geometry": {"type": "Point", "coordinates": [13.3167887, 52.5134267]}, "properties": {"id": "osm:node:6404602146", "type": "kindergarten", "name": "Kita Wunderinsel", "source": "OpenStreetMap/Overpass"}}, {"type": "Feature", "geometry": {"type": "Point", "coordinates": [13.5072943, 52.6331664]}, "properties": {"id": "osm:node:6410792688", "type": "school", "name": "Akademie der Gesundheit", "source": "OpenStreetMap/Overpass"}}, {"type": "Feature", "geometry": {"type": "Point", "coordinates": [13.4097119, 52.5533032]}, "properties": {"id": "osm:node:6422859463", "type": "school", "name": "Freie Grundschule Pfefferwerk", "source": "OpenStreetMap/Overpass"}}, {"type": "Feature", "geometry": {"type": "Point", "coordinates": [13.4096543, 52.552951]}, "properties": {"id": "osm:node:6422859464", "type": "school", "name": "Freie Sekundarschule PepperMont", "source": "OpenStreetMap/Overpass"}}, {"type": "Feature", "geometry": {"type": "Point", "coordinates": [13.3263852, 52.455977]}, "properties": {"id": "osm:node:6503855622", "type": "kindergarten", "name": "Kindertagespflege Spatzennest", "source": "OpenStreetMap/Overpass"}}, {"type": "Feature", "geometry": {"type": "Point", "coordinates": [13.128795, 52.3660383]}, "properties": {"id": "osm:node:6513657958", "type": "kindergarten", "name": "Kindertagesstätte Baumhaus", "source": "OpenStreetMap/Overpass"}}, {"type": "Feature", "geometry": {"type": "Point", "coordinates": [13.3222559, 52.4527892]}, "properties": {"id": "osm:node:6520925486", "type": "kindergarten", "name": "La Casa de los Gorriones", "source": "OpenStreetMap/Overpass"}}, {"type": "Feature", "geometry": {"type": "Point", "coordinates": [13.3238549, 52.4538023]}, "properties": {"id": "osm:node:6520925586", "type": "kindergarten", "name": "Cardelinas", "source": "OpenStreetMap/Overpass"}}, {"type": "Feature", "geometry": {"type": "Point", "coordinates": [13.3483152, 52.5513308]}, "properties": {"id": "osm:node:6532305045", "type": "kindergarten", "name": "Kita Engelsnest II", "source": "OpenStreetMap/Overpass"}}, {"type": "Feature", "geometry": {"type": "Point", "coordinates": [13.5353544, 52.5110977]}, "properties": {"id": "osm:node:6539967415", "type": "kindergarten", "name": "Kita Tierparkzwerge", "source": "OpenStreetMap/Overpass"}}, {"type": "Feature", "geometry": {"type": "Point", "coordinates": [13.5580623, 52.5053261]}, "properties": {"id": "osm:node:6575237226", "type": "kindergarten", "name": "Kita Fuchtelzwerge", "source": "OpenStreetMap/Overpass"}}, {"type": "Feature", "geometry": {"type": "Point", "coordinates": [13.1449492, 52.5412961]}, "properties": {"id": "osm:node:6604233055", "type": "kindergarten", "name": "", "source": "OpenStreetMap/Overpass"}}, {"type": "Feature", "geometry": {"type": "Point", "coordinates": [13.3307881, 52.4383182]}, "properties": {"id": "osm:node:6610463373", "type": "kindergarten", "name": "Kita Mary Poppinz", "source": "OpenStreetMap/Overpass"}}, {"type": "Feature", "geometry": {"type": "Point", "coordinates": [13.3978489, 52.5022287]}, "properties": {"id": "osm:node:6661240699", "type": "kindergarten", "name": "Kita Milchstraße", "source": "OpenStreetMap/Overpass"}}, {"type": "Feature", "geometry": {"type": "Point", "coordinates": [13.3089527, 52.5255539]}, "properties": {"id": "osm:node:6724108539", "type": "kindergarten", "name": "Kindertagesstätte Die Schlümpfe", "source": "OpenStreetMap/Overpass"}}, {"type": "Feature", "geometry": {"type": "Point", "coordinates": [13.3668962, 52.5550799]}, "properties": {"id": "osm:node:6732268385", "type": "kindergarten", "name": "Kita Pinocchio", "source": "OpenStreetMap/Overpass"}}, {"type": "Feature", "geometry": {"type": "Point", "coordinates": [13.0935681, 52.5710456]}, "properties": {"id": "osm:node:6736367708", "type": "kindergarten", "name": "Integrationskita Entdeckerland", "source": "OpenStreetMap/Overpass"}}, {"type": "Feature", "geometry": {"type": "Point", "coordinates": [13.4809441, 52.5147816]}, "properties": {"id": "osm:node:6754311360", "type": "kindergarten", "name": "KiTa Weltentdecker", "source": "OpenStreetMap/Overpass"}}, {"type": "Feature", "geometry": {"type": "Point", "coordinates": [13.3619238, 52.5536895]}, "properties": {"id": "osm:node:6766861387", "type": "kindergarten", "name": "Kita Weiße Wolke", "source": "OpenStreetMap/Overpass"}}, {"type": "Feature", "geometry": {"type": "Point", "coordinates": [13.3476455, 52.5561803]}, "properties": {"id": "osm:node:6766861686", "type": "kindergarten", "name": "Montessori-Kinderladen Wedding", "source": "OpenStreetMap/Overpass"}}, {"type": "Feature", "geometry": {"type": "Point", "coordinates": [13.5283086, 52.4595307]}, "properties": {"id": "osm:node:6769979833", "type": "kindergarten", "name": "Plönzwerge", "source": "OpenStreetMap/Overpass"}}, {"type": "Feature", "geometry": {"type": "Point", "coordinates": [13.4254633, 52.4748923]}, "properties": {"id": "osm:node:6779365815", "type": "kindergarten", "name": "Kita Sonnenkönig", "source": "OpenStreetMap/Overpass"}}, {"type": "Feature", "geometry": {"type": "Point", "coordinates": [13.4058183, 52.5545647]}, "properties": {"id": "osm:node:6789630877", "type": "kindergarten", "name": "Kita Born", "source": "OpenStreetMap/Overpass"}}, {"type": "Feature", "geometry": {"type": "Point", "coordinates": [13.4238174, 52.5008072]}, "properties": {"id": "osm:node:6817527816", "type": "kindergarten", "name": "Kinderladen Wolkenburg", "source": "OpenStreetMap/Overpass"}}, {"type": "Feature", "geometry": {"type": "Point", "coordinates": [13.4335974, 52.4667424]}, "properties": {"id": "osm:node:6818256665", "type": "kindergarten", "name": "", "source": "OpenStreetMap/Overpass"}}, {"type": "Feature", "geometry": {"type": "Point", "coordinates": [13.4318966, 52.5306392]}, "properties": {"id": "osm:node:6869974716", "type": "kindergarten", "name": "Kindergarten Käthe", "source": "OpenStreetMap/Overpass"}}, {"type": "Feature", "geometry": {"type": "Point", "coordinates": [13.4430948, 52.4821571]}, "properties": {"id": "osm:node:6980978159", "type": "kindergarten", "name": "Kinderladen Highway e.V.", "source": "OpenStreetMap/Overpass"}}, {"type": "Feature", "geometry": {"type": "Point", "coordinates": [13.4081646, 52.5065491]}, "properties": {"id": "osm:node:6987208791", "type": "kindergarten", "name": "Kleiner Fratz", "source": "OpenStreetMap/Overpass"}}, {"type": "Feature", "geometry": {"type": "Point", "coordinates": [13.2033963, 52.6276802]}, "properties": {"id": "osm:node:7003188998", "type": "kindergarten", "name": "Kita Die Weltentdecker", "source": "OpenStreetMap/Overpass"}}, {"type": "Feature", "geometry": {"type": "Point", "coordinates": [13.4360915, 52.46617]}, "properties": {"id": "osm:node:7004855347", "type": "kindergarten", "name": "Ali Baba und seine Räuber \"Die kleinen Strolche\"", "source": "OpenStreetMap/Overpass"}}, {"type": "Feature", "geometry": {"type": "Point", "coordinates": [13.3318817, 52.4294656]}, "properties": {"id": "osm:node:7007028810", "type": "kindergarten", "name": "Kinderladen Mauersegler", "source": "OpenStreetMap/Overpass"}}, {"type": "Feature", "geometry": {"type": "Point", "coordinates": [13.0939249, 52.3594279]}, "properties": {"id": "osm:node:7014964447", "type": "kindergarten", "name": "Rappelkiste", "source": "OpenStreetMap/Overpass"}}, {"type": "Feature", "geometry": {"type": "Point", "coordinates": [13.0935295, 52.3593169]}, "properties": {"id": "osm:node:7014964448", "type": "school", "name": "Aktive Schule Potsdam", "source": "OpenStreetMap/Overpass"}}, {"type": "Feature", "geometry": {"type": "Point", "coordinates": [13.427025, 52.4865934]}, "properties": {"id": "osm:node:7040633535", "type": "kindergarten", "name": "Kita Zwergplaneten", "source": "OpenStreetMap/Overpass"}}, {"type": "Feature", "geometry": {"type": "Point", "coordinates": [13.4304025, 52.4848431]}, "properties": {"id": "osm:node:7040793222", "type": "kindergarten", "name": "Kita Wichtelgarten", "source": "OpenStreetMap/Overpass"}}, {"type": "Feature", "geometry": {"type": "Point", "coordinates": [13.4299233, 52.4859971]}, "properties": {"id": "osm:node:7045234980", "type": "kindergarten", "name": "Hort Sonnenkids", "source": "OpenStreetMap/Overpass"}}, {"type": "Feature", "geometry": {"type": "Point", "coordinates": [13.4363569, 52.5335406]}, "properties": {"id": "osm:node:7069235384", "type": "kindergarten", "name": "Kita Mascha und der Bär", "source": "OpenStreetMap/Overpass"}}, {"type": "Feature", "geometry": {"type": "Point", "coordinates": [13.4363789, 52.4774047]}, "properties": {"id": "osm:node:7093344096", "type": "kindergarten", "name": "Die drei Affen", "source": "OpenStreetMap/Overpass"}}, {"type": "Feature", "geometry": {"type": "Point", "coordinates": [13.4365524, 52.5319711]}, "properties": {"id": "osm:node:7093863276", "type": "kindergarten", "name": "Kita Sturmtüten", "source": "OpenStreetMap/Overpass"}}, {"type": "Feature", "geometry": {"type": "Point", "coordinates": [13.4321168, 52.5342616]}, "properties": {"id": "osm:node:7095755744", "type": "childcare", "name": "Kita Schnick & Schnack", "source": "OpenStreetMap/Overpass"}}, {"type": "Feature", "geometry": {"type": "Point", "coordinates": [13.3214018, 52.6438606]}, "properties": {"id": "osm:node:7099445060", "type": "kindergarten", "name": "Bieselmäuse", "source": "OpenStreetMap/Overpass"}}, {"type": "Feature", "geometry": {"type": "Point", "coordinates": [13.4370167, 52.5352608]}, "properties": {"id": "osm:node:7194172242", "type": "kindergarten", "name": "Kita Cheburashka", "source": "OpenStreetMap/Overpass"}}, {"type": "Feature", "geometry": {"type": "Point", "coordinates": [13.5822594, 52.4428984]}, "properties": {"id": "osm:node:7222331689", "type": "kindergarten", "name": "Kleine Helden Köpenick", "source": "OpenStreetMap/Overpass"}}, {"type": "Feature", "geometry": {"type": "Point", "coordinates": [13.652204, 52.538256]}, "properties": {"id": "osm:node:7227012497", "type": "kindergarten", "name": "Hort Schatztruhe", "source": "OpenStreetMap/Overpass"}}, {"type": "Feature", "geometry": {"type": "Point", "coordinates": [13.3451245, 52.4149774]}, "properties": {"id": "osm:node:7232729807", "type": "kindergarten", "name": "Grashüpferchen", "source": "OpenStreetMap/Overpass"}}, {"type": "Feature", "geometry": {"type": "Point", "coordinates": [13.3826789, 52.4848675]}, "properties": {"id": "osm:node:7233815655", "type": "kindergarten", "name": "Die Ameisen", "source": "OpenStreetMap/Overpass"}}, {"type": "Feature", "geometry": {"type": "Point", "coordinates": [13.4246236, 52.4746674]}, "properties": {"id": "osm:node:7238382356", "type": "kindergarten", "name": "Kita Columbus", "source": "OpenStreetMap/Overpass"}}, {"type": "Feature", "geometry": {"type": "Point", "coordinates": [13.3304815, 52.5639001]}, "properties": {"id": "osm:node:7242405888", "type": "kindergarten", "name": "Kita LuftBallon 2", "source": "OpenStreetMap/Overpass"}}, {"type": "Feature", "geometry": {"type": "Point", "coordinates": [13.4214935, 52.5435972]}, "properties": {"id": "osm:node:7274600282", "type": "kindergarten", "name": "Bazuba Kaminka", "source": "OpenStreetMap/Overpass"}}, {"type": "Feature", "geometry": {"type": "Point", "coordinates": [13.4187389, 52.5405349]}, "properties": {"id": "osm:node:7276177546", "type": "kindergarten", "name": "Deutsch-Chinesische Kita", "source": "OpenStreetMap/Overpass"}}, {"type": "Feature", "geometry": {"type": "Point", "coordinates": [13.4196071, 52.5437922]}, "properties": {"id": "osm:node:7279591710", "type": "kindergarten", "name": "10 Vorne", "source": "OpenStreetMap/Overpass"}}, {"type": "Feature", "geometry": {"type": "Point", "coordinates": [13.4208491, 52.5464213]}, "properties": {"id": "osm:node:7280443787", "type": "kindergarten", "name": "Mischpoke", "source": "OpenStreetMap/Overpass"}}, {"type": "Feature", "geometry": {"type": "Point", "coordinates": [13.570361, 52.6749199]}, "properties": {"id": "osm:node:7282070071", "type": "school", "name": "Grundschule am Blumenhag", "source": "OpenStreetMap/Overpass"}}, {"type": "Feature", "geometry": {"type": "Point", "coordinates": [13.5720903, 52.6749457]}, "properties": {"id": "osm:node:7282070072", "type": "school", "name": "Tobias-Seiler-Oberschule Bernau", "source": "OpenStreetMap/Overpass"}}, {"type": "Feature", "geometry": {"type": "Point", "coordinates": [13.4170637, 52.5418356]}, "properties": {"id": "osm:node:7288732050", "type": "kindergarten", "name": "Berliner Pandabären", "source": "OpenStreetMap/Overpass"}}, {"type": "Feature", "geometry": {"type": "Point", "coordinates": [13.4166785, 52.5410091]}, "properties": {"id": "osm:node:7288749672", "type": "kindergarten", "name": "Schaukelpferd", "source": "OpenStreetMap/Overpass"}}, {"type": "Feature", "geometry": {"type": "Point", "coordinates": [13.3575071, 52.5622526]}, "properties": {"id": "osm:node:7289480953", "type": "kindergarten", "name": "EKT - Die Mini-Entdecker e.V.", "source": "OpenStreetMap/Overpass"}}, {"type": "Feature", "geometry": {"type": "Point", "coordinates": [13.2977864, 52.4970077]}, "properties": {"id": "osm:node:7346753365", "type": "kindergarten", "name": "Kangaroo Garden", "source": "OpenStreetMap/Overpass"}}, {"type": "Feature", "geometry": {"type": "Point", "coordinates": [13.297558, 52.4971867]}, "properties": {"id": "osm:node:7346753368", "type": "kindergarten", "name": "Wallaby", "source": "OpenStreetMap/Overpass"}}, {"type": "Feature", "geometry": {"type": "Point", "coordinates": [13.4004521, 52.4889788]}, "properties": {"id": "osm:node:7376750798", "type": "kindergarten", "name": "Kinderladen Löwenherz", "source": "OpenStreetMap/Overpass"}}, {"type": "Feature", "geometry": {"type": "Point", "coordinates": [13.4549609, 52.4342756]}, "properties": {"id": "osm:node:7382754575", "type": "kindergarten", "name": "Kita Erdmännchen", "source": "OpenStreetMap/Overpass"}}, {"type": "Feature", "geometry": {"type": "Point", "coordinates": [13.3731736, 52.5378211]}, "properties": {"id": "osm:node:7402461285", "type": "kindergarten", "name": "Kita Feuerfalter", "source": "OpenStreetMap/Overpass"}}, {"type": "Feature", "geometry": {"type": "Point", "coordinates": [13.3420415, 52.5573319]}, "properties": {"id": "osm:node:7428910086", "type": "kindergarten", "name": "Kita Smile", "source": "OpenStreetMap/Overpass"}}, {"type": "Feature", "geometry": {"type": "Point", "coordinates": [13.3425785, 52.5560566]}, "properties": {"id": "osm:node:7428912785", "type": "kindergarten", "name": "Kita Müllerstraße", "source": "OpenStreetMap/Overpass"}}, {"type": "Feature", "geometry": {"type": "Point", "coordinates": [13.3634353, 52.5483371]}, "properties": {"id": "osm:node:7450070792", "type": "childcare", "name": "Kita Tipi", "source": "OpenStreetMap/Overpass"}}, {"type": "Feature", "geometry": {"type": "Point", "coordinates": [13.3884783, 52.3840683]}, "properties": {"id": "osm:node:7467083289", "type": "kindergarten", "name": "Hort Orenda", "source": "OpenStreetMap/Overpass"}}, {"type": "Feature", "geometry": {"type": "Point", "coordinates": [13.3473642, 52.5555769]}, "properties": {"id": "osm:node:7495376740", "type": "kindergarten", "name": "Krippe Barfusstraße", "source": "OpenStreetMap/Overpass"}}, {"type": "Feature", "geometry": {"type": "Point", "coordinates": [13.3437334, 52.5554114]}, "properties": {"id": "osm:node:7495426960", "type": "kindergarten", "name": "Kita Ofener Straße", "source": "OpenStreetMap/Overpass"}}, {"type": "Feature", "geometry": {"type": "Point", "coordinates": [13.3385457, 52.5533836]}, "properties": {"id": "osm:node:7502945572", "type": "kindergarten", "name": "Kita PiratenKids", "source": "OpenStreetMap/Overpass"}}, {"type": "Feature", "geometry": {"type": "Point", "coordinates": [13.3334177, 52.4788304]}, "properties": {"id": "osm:node:7550986531", "type": "kindergarten", "name": "Kita Kinderkiez", "source": "OpenStreetMap/Overpass"}}, {"type": "Feature", "geometry": {"type": "Point", "coordinates": [13.3246408, 52.4788854]}, "properties": {"id": "osm:node:7563821254", "type": "kindergarten", "name": "Die Glückstupfen", "source": "OpenStreetMap/Overpass"}}, {"type": "Feature", "geometry": {"type": "Point", "coordinates": [13.2924451, 52.4995188]}, "properties": {"id": "osm:node:7573227530", "type": "kindergarten", "name": "Papillon Rouge", "source": "OpenStreetMap/Overpass"}}, {"type": "Feature", "geometry": {"type": "Point", "coordinates": [13.1454292, 52.6565448]}, "properties": {"id": "osm:node:7575872787", "type": "kindergarten", "name": "Kita \"Traumzauberbaum\"", "source": "OpenStreetMap/Overpass"}}, {"type": "Feature", "geometry": {"type": "Point", "coordinates": [13.4178672, 52.4934198]}, "properties": {"id": "osm:node:7590570268", "type": "kindergarten", "name": "Schülerladen Hasenbau", "source": "OpenStreetMap/Overpass"}}, {"type": "Feature", "geometry": {"type": "Point", "coordinates": [13.344768, 52.5538571]}, "properties": {"id": "osm:node:7609092412", "type": "kindergarten", "name": "Kita Freche Früchte", "source": "OpenStreetMap/Overpass"}}, {"type": "Feature", "geometry": {"type": "Point", "coordinates": [13.3467226, 52.555568]}, "properties": {"id": "osm:node:7613183868", "type": "kindergarten", "name": "Kita Pîya", "source": "OpenStreetMap/Overpass"}}, {"type": "Feature", "geometry": {"type": "Point", "coordinates": [13.3706773, 52.5420536]}, "properties": {"id": "osm:node:7620325885", "type": "kindergarten", "name": "Kita Paradiesvögel \"Die Elstern\"", "source": "OpenStreetMap/Overpass"}}, {"type": "Feature", "geometry": {"type": "Point", "coordinates": [13.4051772, 52.5031615]}, "properties": {"id": "osm:node:7624535491", "type": "kindergarten", "name": "Kita Ritterburg", "source": "OpenStreetMap/Overpass"}}, {"type": "Feature", "geometry": {"type": "Point", "coordinates": [13.3305635, 52.4807907]}, "properties": {"id": "osm:node:7638273424", "type": "kindergarten", "name": "Kindertagesstätte Tübinger Straße", "source": "OpenStreetMap/Overpass"}}, {"type": "Feature", "geometry": {"type": "Point", "coordinates": [13.43958, 52.4732269]}, "properties": {"id": "osm:node:7683113440", "type": "childcare", "name": "Kita Paradiesvögel", "source": "OpenStreetMap/Overpass"}}, {"type": "Feature", "geometry": {"type": "Point", "coordinates": [13.3408347, 52.4744918]}, "properties": {"id": "osm:node:7683719227", "type": "kindergarten", "name": "KiLa Friedenauer Spatzen", "source": "OpenStreetMap/Overpass"}}, {"type": "Feature", "geometry": {"type": "Point", "coordinates": [13.3164868, 52.4866263]}, "properties": {"id": "osm:node:7685796317", "type": "school", "name": "Prestige Kosmetikakademie", "source": "OpenStreetMap/Overpass"}}, {"type": "Feature", "geometry": {"type": "Point", "coordinates": [13.3192157, 52.4870552]}, "properties": {"id": "osm:node:7700452314", "type": "kindergarten", "name": "Kita Kleine Küken", "source": "OpenStreetMap/Overpass"}}, {"type": "Feature", "geometry": {"type": "Point", "coordinates": [13.373197, 52.5542417]}, "properties": {"id": "osm:node:7702380332", "type": "kindergarten", "name": "Vielfalter", "source": "OpenStreetMap/Overpass"}}, {"type": "Feature", "geometry": {"type": "Point", "coordinates": [13.3328411, 52.4668259]}, "properties": {"id": "osm:node:7705210637", "type": "kindergarten", "name": "Kindertagespflegestelle Bouwmann", "source": "OpenStreetMap/Overpass"}}, {"type": "Feature", "geometry": {"type": "Point", "coordinates": [13.3804655, 52.5601366]}, "properties": {"id": "osm:node:7731748065", "type": "kindergarten", "name": "Kita Die Bärenbande", "source": "OpenStreetMap/Overpass"}}, {"type": "Feature", "geometry": {"type": "Point", "coordinates": [13.3655333, 52.5835082]}, "properties": {"id": "osm:node:7746191694", "type": "childcare", "name": "Pankebären", "source": "OpenStreetMap/Overpass"}}, {"type": "Feature", "geometry": {"type": "Point", "coordinates": [13.3612696, 52.5877593]}, "properties": {"id": "osm:node:7746191886", "type": "childcare", "name": "Wilhelmsruher Kinder", "source": "OpenStreetMap/Overpass"}}, {"type": "Feature", "geometry": {"type": "Point", "coordinates": [13.3435627, 52.4733326]}, "properties": {"id": "osm:node:7747350434", "type": "childcare", "name": "Ina Menzfeldowski", "source": "OpenStreetMap/Overpass"}}, {"type": "Feature", "geometry": {"type": "Point", "coordinates": [13.3430084, 52.4738074]}, "properties": {"id": "osm:node:7747350435", "type": "kindergarten", "name": "Naturdetektive Kita Cecilien", "source": "OpenStreetMap/Overpass"}}, {"type": "Feature", "geometry": {"type": "Point", "coordinates": [13.3428716, 52.474822]}, "properties": {"id": "osm:node:7747350438", "type": "kindergarten", "name": "Krabbelkiste", "source": "OpenStreetMap/Overpass"}}, {"type": "Feature", "geometry": {"type": "Point", "coordinates": [13.2940937, 52.4940751]}, "properties": {"id": "osm:node:7767814951", "type": "kindergarten", "name": "Multi Lingua INternationaler Kindergarten", "source": "OpenStreetMap/Overpass"}}, {"type": "Feature", "geometry": {"type": "Point", "coordinates": [13.3196702, 52.481561]}, "properties": {"id": "osm:node:7774237459", "type": "school", "name": "Grund-Bildungs-Zentrum Berlin", "source": "OpenStreetMap/Overpass"}}, {"type": "Feature", "geometry": {"type": "Point", "coordinates": [13.3333798, 52.4662891]}, "properties": {"id": "osm:node:7776221538", "type": "kindergarten", "name": "Krippe Die Mäuschen", "source": "OpenStreetMap/Overpass"}}, {"type": "Feature", "geometry": {"type": "Point", "coordinates": [13.4275382, 52.4636108]}, "properties": {"id": "osm:node:7803708935", "type": "childcare", "name": "Kita Tomme Lise", "source": "OpenStreetMap/Overpass"}}, {"type": "Feature", "geometry": {"type": "Point", "coordinates": [13.4247009, 52.4639499]}, "properties": {"id": "osm:node:7803708937", "type": "kindergarten", "name": "Kita MANNA Maria", "source": "OpenStreetMap/Overpass"}}, {"type": "Feature", "geometry": {"type": "Point", "coordinates": [13.3199592, 52.4752629]}, "properties": {"id": "osm:node:7827657723", "type": "kindergarten", "name": "Spreepferdchen Waldorforientierte Kita", "source": "OpenStreetMap/Overpass"}}, {"type": "Feature", "geometry": {"type": "Point", "coordinates": [13.3132331, 52.4818137]}, "properties": {"id": "osm:node:7827657727", "type": "kindergarten", "name": "Kleine Knöpfe", "source": "OpenStreetMap/Overpass"}}, {"type": "Feature", "geometry": {"type": "Point", "coordinates": [13.4462582, 52.4419303]}, "properties": {"id": "osm:node:7829798159", "type": "kindergarten", "name": "", "source": "OpenStreetMap/Overpass"}}, {"type": "Feature", "geometry": {"type": "Point", "coordinates": [13.5273346, 52.4366156]}, "properties": {"id": "osm:node:7850084103", "type": "kindergarten", "name": "Familya Adlershof", "source": "OpenStreetMap/Overpass"}}, {"type": "Feature", "geometry": {"type": "Point", "coordinates": [13.3882818, 52.511901]}, "properties": {"id": "osm:node:7853722739", "type": "kindergarten", "name": "Alegria", "source": "OpenStreetMap/Overpass"}}, {"type": "Feature", "geometry": {"type": "Point", "coordinates": [13.7571369, 52.4499917]}, "properties": {"id": "osm:node:7925507215", "type": "kindergarten", "name": "Entdeckerland", "source": "OpenStreetMap/Overpass"}}, {"type": "Feature", "geometry": {"type": "Point", "coordinates": [13.5294984, 52.6522915]}, "properties": {"id": "osm:node:7986955243", "type": "kindergarten", "name": "Montessori-Hort Zepernick", "source": "OpenStreetMap/Overpass"}}, {"type": "Feature", "geometry": {"type": "Point", "coordinates": [13.3200941, 52.4798579]}, "properties": {"id": "osm:node:8000778281", "type": "kindergarten", "name": "Platypus", "source": "OpenStreetMap/Overpass"}}, {"type": "Feature", "geometry": {"type": "Point", "coordinates": [13.3427252, 52.482413]}, "properties": {"id": "osm:node:8042827119", "type": "kindergarten", "name": "Knopf & Knöpfchen", "source": "OpenStreetMap/Overpass"}}, {"type": "Feature", "geometry": {"type": "Point", "coordinates": [13.3920468, 52.5014874]}, "properties": {"id": "osm:node:8050485559", "type": "school", "name": "Galilei Grundschule", "source": "OpenStreetMap/Overpass"}}, {"type": "Feature", "geometry": {"type": "Point", "coordinates": [13.0887629, 52.6407264]}, "properties": {"id": "osm:node:8063067440", "type": "kindergarten", "name": "", "source": "OpenStreetMap/Overpass"}}, {"type": "Feature", "geometry": {"type": "Point", "coordinates": [13.347445, 52.4804977]}, "properties": {"id": "osm:node:8066810070", "type": "kindergarten", "name": "Kindertagespflege Windelflitzer", "source": "OpenStreetMap/Overpass"}}, {"type": "Feature", "geometry": {"type": "Point", "coordinates": [13.347855, 52.4790958]}, "properties": {"id": "osm:node:8066810073", "type": "kindergarten", "name": "Kita Estrellitas", "source": "OpenStreetMap/Overpass"}}, {"type": "Feature", "geometry": {"type": "Point", "coordinates": [13.2928233, 52.5060031]}, "properties": {"id": "osm:node:8071884199", "type": "kindergarten", "name": "Umme Ecke", "source": "OpenStreetMap/Overpass"}}, {"type": "Feature", "geometry": {"type": "Point", "coordinates": [13.327969, 52.4708061]}, "properties": {"id": "osm:node:8118819078", "type": "kindergarten", "name": "Kindergarten \"Zum guten Hirten\"", "source": "OpenStreetMap/Overpass"}}, {"type": "Feature", "geometry": {"type": "Point", "coordinates": [13.3140264, 52.4594932]}, "properties": {"id": "osm:node:8121763029", "type": "kindergarten", "name": "Kita Grunewaldstraße", "source": "OpenStreetMap/Overpass"}}, {"type": "Feature", "geometry": {"type": "Point", "coordinates": [13.3280256, 52.4709495]}, "properties": {"id": "osm:node:8122194432", "type": "kindergarten", "name": "Kinder- und Schülerladen Milchzahn", "source": "OpenStreetMap/Overpass"}}, {"type": "Feature", "geometry": {"type": "Point", "coordinates": [13.3185831, 52.4718964]}, "properties": {"id": "osm:node:8143926006", "type": "kindergarten", "name": "Montessori-Kinderhaus im IBZ", "source": "OpenStreetMap/Overpass"}}, {"type": "Feature", "geometry": {"type": "Point", "coordinates": [13.3299392, 52.4689308]}, "properties": {"id": "osm:node:8176633041", "type": "kindergarten", "name": "Kita Rubin", "source": "OpenStreetMap/Overpass"}}, {"type": "Feature", "geometry": {"type": "Point", "coordinates": [13.4357168, 52.4696638]}, "properties": {"id": "osm:node:8187032300", "type": "kindergarten", "name": "Kita Prinz Rose", "source": "OpenStreetMap/Overpass"}}, {"type": "Feature", "geometry": {"type": "Point", "coordinates": [13.3207452, 52.4700411]}, "properties": {"id": "osm:node:8199219260", "type": "kindergarten", "name": "Schülerladen Große Pause", "source": "OpenStreetMap/Overpass"}}, {"type": "Feature", "geometry": {"type": "Point", "coordinates": [13.319136, 52.4669055]}, "properties": {"id": "osm:node:8222417372", "type": "kindergarten", "name": "Kindergarten Happy Kids", "source": "OpenStreetMap/Overpass"}}, {"type": "Feature", "geometry": {"type": "Point", "coordinates": [13.3265408, 52.4687155]}, "properties": {"id": "osm:node:8222836700", "type": "kindergarten", "name": "Schülerladen Eisbären", "source": "OpenStreetMap/Overpass"}}, {"type": "Feature", "geometry": {"type": "Point", "coordinates": [13.3465303, 52.4813021]}, "properties": {"id": "osm:node:8223127055", "type": "kindergarten", "name": "Himpelchen & Pimpelchen", "source": "OpenStreetMap/Overpass"}}, {"type": "Feature", "geometry": {"type": "Point", "coordinates": [13.3196886, 52.5204869]}, "properties": {"id": "osm:node:8240516925", "type": "kindergarten", "name": "Kita Aurorafalter", "source": "OpenStreetMap/Overpass"}}, {"type": "Feature", "geometry": {"type": "Point", "coordinates": [13.5138867, 52.4648862]}, "properties": {"id": "osm:node:8286763684", "type": "kindergarten", "name": "Kita Spreekinder 1", "source": "OpenStreetMap/Overpass"}}, {"type": "Feature", "geometry": {"type": "Point", "coordinates": [13.2997951, 52.4979207]}, "properties": {"id": "osm:node:8328526642", "type": "kindergarten", "name": "mi nido", "source": "OpenStreetMap/Overpass"}}, {"type": "Feature", "geometry": {"type": "Point", "coordinates": [13.5069902, 52.4941825]}, "properties": {"id": "osm:node:8354810259", "type": "kindergarten", "name": "Dolgensee Kids", "source": "OpenStreetMap/Overpass"}}, {"type": "Feature", "geometry": {"type": "Point", "coordinates": [13.4573638, 52.5240554]}, "properties": {"id": "osm:node:8444713355", "type": "kindergarten", "name": "KitaHausburg", "source": "OpenStreetMap/Overpass"}}, {"type": "Feature", "geometry": {"type": "Point", "coordinates": [13.3513152, 52.5541064]}, "properties": {"id": "osm:node:8513000507", "type": "kindergarten", "name": "Konsti e.V.", "source": "OpenStreetMap/Overpass"}}, {"type": "Feature", "geometry": {"type": "Point", "coordinates": [13.3354598, 52.4870635]}, "properties": {"id": "osm:node:8541213004", "type": "childcare", "name": "Miklex", "source": "OpenStreetMap/Overpass"}}, {"type": "Feature", "geometry": {"type": "Point", "coordinates": [13.3589568, 52.5402175]}, "properties": {"id": "osm:node:8589000133", "type": "school", "name": "Kristall Grundschule", "source": "OpenStreetMap/Overpass"}}, {"type": "Feature", "geometry": {"type": "Point", "coordinates": [13.2095465, 52.5651332]}, "properties": {"id": "osm:node:8615958079", "type": "childcare", "name": "Kinder Vision", "source": "OpenStreetMap/Overpass"}}, {"type": "Feature", "geometry": {"type": "Point", "coordinates": [13.5729459, 52.534004]}, "properties": {"id": "osm:node:8633086710", "type": "kindergarten", "name": "Kita \"Gartenkinder\"", "source": "OpenStreetMap/Overpass"}}, {"type": "Feature", "geometry": {"type": "Point", "coordinates": [13.5253895, 52.4605948]}, "properties": {"id": "osm:node:8691155613", "type": "kindergarten", "name": "", "source": "OpenStreetMap/Overpass"}}, {"type": "Feature", "geometry": {"type": "Point", "coordinates": [13.1107249, 52.3937958]}, "properties": {"id": "osm:node:8707551308", "type": "kindergarten", "name": "Kindertagesstätte Tagesträume", "source": "OpenStreetMap/Overpass"}}, {"type": "Feature", "geometry": {"type": "Point", "coordinates": [13.3485249, 52.4501946]}, "properties": {"id": "osm:node:8744144593", "type": "kindergarten", "name": "Kita Tautropfen", "source": "OpenStreetMap/Overpass"}}, {"type": "Feature", "geometry": {"type": "Point", "coordinates": [13.3061017, 52.4480638]}, "properties": {"id": "osm:node:8761813239", "type": "kindergarten", "name": "Kita die kleinen Grünschnäbel III", "source": "OpenStreetMap/Overpass"}}, {"type": "Feature", "geometry": {"type": "Point", "coordinates": [13.4899232, 52.641878]}, "properties": {"id": "osm:node:8803749963", "type": "kindergarten", "name": "Baum und Borke", "source": "OpenStreetMap/Overpass"}}, {"type": "Feature", "geometry": {"type": "Point", "coordinates": [13.2969201, 52.5010974]}, "properties": {"id": "osm:node:8839649620", "type": "kindergarten", "name": "Oskar der Baum & seine Freunde", "source": "OpenStreetMap/Overpass"}}, {"type": "Feature", "geometry": {"type": "Point", "coordinates": [13.3951907, 52.4236726]}, "properties": {"id": "osm:node:8850856429", "type": "kindergarten", "name": "Kita Grashüpferchen", "source": "OpenStreetMap/Overpass"}}, {"type": "Feature", "geometry": {"type": "Point", "coordinates": [13.4394137, 52.4767068]}, "properties": {"id": "osm:node:8873228376", "type": "kindergarten", "name": "Musikkita Kleiner Fratz", "source": "OpenStreetMap/Overpass"}}, {"type": "Feature", "geometry": {"type": "Point", "coordinates": [13.4023069, 52.5857206]}, "properties": {"id": "osm:node:8907862843", "type": "kindergarten", "name": "Kita Zitterbacke", "source": "OpenStreetMap/Overpass"}}, {"type": "Feature", "geometry": {"type": "Point", "coordinates": [13.6110748, 52.4560784]}, "properties": {"id": "osm:node:8913626618", "type": "childcare", "name": "Kita Glückszelle", "source": "OpenStreetMap/Overpass"}}, {"type": "Feature", "geometry": {"type": "Point", "coordinates": [13.3823512, 52.4830204]}, "properties": {"id": "osm:node:8989819195", "type": "childcare", "name": "Inselreich", "source": "OpenStreetMap/Overpass"}}, {"type": "Feature", "geometry": {"type": "Point", "coordinates": [13.4256762, 52.536028]}, "properties": {"id": "osm:node:9003375272", "type": "kindergarten", "name": "Netzwerkhort", "source": "OpenStreetMap/Overpass"}}, {"type": "Feature", "geometry": {"type": "Point", "coordinates": [13.4256788, 52.5355556]}, "properties": {"id": "osm:node:9003418727", "type": "kindergarten", "name": "Hort im Gartenhaus", "source": "OpenStreetMap/Overpass"}}, {"type": "Feature", "geometry": {"type": "Point", "coordinates": [13.3848095, 52.5592583]}, "properties": {"id": "osm:node:9005327733", "type": "kindergarten", "name": "KiTa Kleine Wölkchen", "source": "OpenStreetMap/Overpass"}}, {"type": "Feature", "geometry": {"type": "Point", "coordinates": [13.1840058, 52.526616]}, "properties": {"id": "osm:node:9032095847", "type": "kindergarten", "name": "Kita Mondstern", "source": "OpenStreetMap/Overpass"}}, {"type": "Feature", "geometry": {"type": "Point", "coordinates": [13.5045691, 52.6274748]}, "properties": {"id": "osm:node:9047895780", "type": "kindergarten", "name": "Kita CampusSterne", "source": "OpenStreetMap/Overpass"}}, {"type": "Feature", "geometry": {"type": "Point", "coordinates": [13.4189748, 52.551644]}, "properties": {"id": "osm:node:9061043048", "type": "kindergarten", "name": "Remmi Demmi", "source": "OpenStreetMap/Overpass"}}, {"type": "Feature", "geometry": {"type": "Point", "coordinates": [13.422291, 52.5414874]}, "properties": {"id": "osm:node:9099183759", "type": "kindergarten", "name": "KiBa", "source": "OpenStreetMap/Overpass"}}, {"type": "Feature", "geometry": {"type": "Point", "coordinates": [13.532992, 52.5265626]}, "properties": {"id": "osm:node:9107506889", "type": "childcare", "name": "Kita Wirbelwind", "source": "OpenStreetMap/Overpass"}}, {"type": "Feature", "geometry": {"type": "Point", "coordinates": [13.4225075, 52.4775867]}, "properties": {"id": "osm:node:9116130907", "type": "kindergarten", "name": "Kita Hauptstadtracker", "source": "OpenStreetMap/Overpass"}}, {"type": "Feature", "geometry": {"type": "Point", "coordinates": [13.3816004, 52.5614794]}, "properties": {"id": "osm:node:9163223306", "type": "kindergarten", "name": "Siebenschön", "source": "OpenStreetMap/Overpass"}}, {"type": "Feature", "geometry": {"type": "Point", "coordinates": [13.4323749, 52.4722114]}, "properties": {"id": "osm:node:9187654266", "type": "childcare", "name": "Mini Mumm", "source": "OpenStreetMap/Overpass"}}, {"type": "Feature", "geometry": {"type": "Point", "coordinates": [13.3774141, 52.5549678]}, "properties": {"id": "osm:node:9198286180", "type": "kindergarten", "name": "Der kleine Muck", "source": "OpenStreetMap/Overpass"}}, {"type": "Feature", "geometry": {"type": "Point", "coordinates": [13.5378599, 52.4186282]}, "properties": {"id": "osm:node:9215908289", "type": "school", "name": "Grundschule am Berg", "source": "OpenStreetMap/Overpass"}}, {"type": "Feature", "geometry": {"type": "Point", "coordinates": [13.5393365, 52.4212839]}, "properties": {"id": "osm:node:9215915528", "type": "kindergarten", "name": "Kita Krümel-Zwerge", "source": "OpenStreetMap/Overpass"}}, {"type": "Feature", "geometry": {"type": "Point", "coordinates": [13.4309561, 52.4711972]}, "properties": {"id": "osm:node:9288296134", "type": "kindergarten", "name": "Kunti Bunti", "source": "OpenStreetMap/Overpass"}}, {"type": "Feature", "geometry": {"type": "Point", "coordinates": [13.4134009, 52.5534696]}, "properties": {"id": "osm:node:9335591748", "type": "kindergarten", "name": "Paradiesäpfel", "source": "OpenStreetMap/Overpass"}}, {"type": "Feature", "geometry": {"type": "Point", "coordinates": [13.4543109, 52.5191002]}, "properties": {"id": "osm:node:9363637478", "type": "kindergarten", "name": "Kita Salamander", "source": "OpenStreetMap/Overpass"}}, {"type": "Feature", "geometry": {"type": "Point", "coordinates": [13.3729287, 52.5429077]}, "properties": {"id": "osm:node:9379533629", "type": "kindergarten", "name": "Pankonauten", "source": "OpenStreetMap/Overpass"}}, {"type": "Feature", "geometry": {"type": "Point", "coordinates": [13.463351, 52.5497108]}, "properties": {"id": "osm:node:9405048071", "type": "childcare", "name": "Kindertagespflege am Weissen See", "source": "OpenStreetMap/Overpass"}}, {"type": "Feature", "geometry": {"type": "Point", "coordinates": [13.414765, 52.4894211]}, "properties": {"id": "osm:node:9410449832", "type": "kindergarten", "name": "Kinderladen Alles Banane", "source": "OpenStreetMap/Overpass"}}, {"type": "Feature", "geometry": {"type": "Point", "coordinates": [13.4140792, 52.4885575]}, "properties": {"id": "osm:node:9410449833", "type": "kindergarten", "name": "Kita Sonnenblümchen", "source": "OpenStreetMap/Overpass"}}, {"type": "Feature", "geometry": {"type": "Point", "coordinates": [13.4600205, 52.5498]}, "properties": {"id": "osm:node:9431788883", "type": "kindergarten", "name": "Mikematze", "source": "OpenStreetMap/Overpass"}}, {"type": "Feature", "geometry": {"type": "Point", "coordinates": [13.5224995, 52.4848126]}, "properties": {"id": "osm:node:9444695333", "type": "kindergarten", "name": "Kita \"Dorothea\"", "source": "OpenStreetMap/Overpass"}}, {"type": "Feature", "geometry": {"type": "Point", "coordinates": [13.3596456, 52.5732996]}, "properties": {"id": "osm:node:9461896968", "type": "kindergarten", "name": "Kita Resi", "source": "OpenStreetMap/Overpass"}}, {"type": "Feature", "geometry": {"type": "Point", "coordinates": [13.3695056, 52.547554]}, "properties": {"id": "osm:node:9472528745", "type": "kindergarten", "name": "Kita Ringelblume", "source": "OpenStreetMap/Overpass"}}, {"type": "Feature", "geometry": {"type": "Point", "coordinates": [13.3099724, 52.4953754]}, "properties": {"id": "osm:node:9502964060", "type": "school", "name": "Berliner Schule für Zen Shiatsu", "source": "OpenStreetMap/Overpass"}}, {"type": "Feature", "geometry": {"type": "Point", "coordinates": [13.3221821, 52.4963699]}, "properties": {"id": "osm:node:9509419310", "type": "childcare", "name": "El Caracol", "source": "OpenStreetMap/Overpass"}}, {"type": "Feature", "geometry": {"type": "Point", "coordinates": [13.4542927, 52.5480476]}, "properties": {"id": "osm:node:9516260468", "type": "kindergarten", "name": "Kita Zauberschlüssel", "source": "OpenStreetMap/Overpass"}}, {"type": "Feature", "geometry": {"type": "Point", "coordinates": [13.516903, 52.4539597]}, "properties": {"id": "osm:node:9531153624", "type": "kindergarten", "name": "Junior 1 - KiTa im Fenngarten", "source": "OpenStreetMap/Overpass"}}, {"type": "Feature", "geometry": {"type": "Point", "coordinates": [13.4526054, 52.5464452]}, "properties": {"id": "osm:node:9534728392", "type": "kindergarten", "name": "Kinderladen Kleine Riesen", "source": "OpenStreetMap/Overpass"}}, {"type": "Feature", "geometry": {"type": "Point", "coordinates": [13.3853501, 52.4726688]}, "properties": {"id": "osm:node:9547400048", "type": "kindergarten", "name": "Bonifatius Buchenblatt", "source": "OpenStreetMap/Overpass"}}, {"type": "Feature", "geometry": {"type": "Point", "coordinates": [13.3284946, 52.4565252]}, "properties": {"id": "osm:node:9558352261", "type": "kindergarten", "name": "Tagesgroßpflege Ilona Rensch & Katrin Hensel", "source": "OpenStreetMap/Overpass"}}, {"type": "Feature", "geometry": {"type": "Point", "coordinates": [13.3119212, 52.5125572]}, "properties": {"id": "osm:node:9560632315", "type": "kindergarten", "name": "Die Zauberflöten", "source": "OpenStreetMap/Overpass"}}, {"type": "Feature", "geometry": {"type": "Point", "coordinates": [13.3213488, 52.4885921]}, "properties": {"id": "osm:node:9631262548", "type": "kindergarten", "name": "Kita Raduga", "source": "OpenStreetMap/Overpass"}}, {"type": "Feature", "geometry": {"type": "Point", "coordinates": [13.321453, 52.488192]}, "properties": {"id": "osm:node:9631262549", "type": "kindergarten", "name": "Kinderladen Donnerbagger", "source": "OpenStreetMap/Overpass"}}, {"type": "Feature", "geometry": {"type": "Point", "coordinates": [13.3280658, 52.4578724]}, "properties": {"id": "osm:node:9632071025", "type": "kindergarten", "name": "Tagesgroßpflege Mäusegruppe", "source": "OpenStreetMap/Overpass"}}, {"type": "Feature", "geometry": {"type": "Point", "coordinates": [13.4458064, 52.479425]}, "properties": {"id": "osm:node:9632536267", "type": "kindergarten", "name": "freude Kindergarten", "source": "OpenStreetMap/Overpass"}}, {"type": "Feature", "geometry": {"type": "Point", "coordinates": [13.5365868, 52.5427625]}, "properties": {"id": "osm:node:9674270517", "type": "school", "name": "SENECA INTENSIV Studios", "source": "OpenStreetMap/Overpass"}}, {"type": "Feature", "geometry": {"type": "Point", "coordinates": [13.2964749, 52.5087609]}, "properties": {"id": "osm:node:9699881191", "type": "kindergarten", "name": "GeierBande", "source": "OpenStreetMap/Overpass"}}, {"type": "Feature", "geometry": {"type": "Point", "coordinates": [13.3305919, 52.4914066]}, "properties": {"id": "osm:node:9702776717", "type": "kindergarten", "name": "M.I.Q.", "source": "OpenStreetMap/Overpass"}}, {"type": "Feature", "geometry": {"type": "Point", "coordinates": [13.4388616, 52.4521113]}, "properties": {"id": "osm:node:9710898425", "type": "kindergarten", "name": "Matschmonster II", "source": "OpenStreetMap/Overpass"}}, {"type": "Feature", "geometry": {"type": "Point", "coordinates": [13.438448, 52.4538432]}, "properties": {"id": "osm:node:9712104839", "type": "kindergarten", "name": "Matschmonster I", "source": "OpenStreetMap/Overpass"}}, {"type": "Feature", "geometry": {"type": "Point", "coordinates": [13.322029, 52.4936139]}, "properties": {"id": "osm:node:9724639228", "type": "kindergarten", "name": "lilolei", "source": "OpenStreetMap/Overpass"}}, {"type": "Feature", "geometry": {"type": "Point", "coordinates": [13.3805706, 52.5604422]}, "properties": {"id": "osm:node:9731085548", "type": "kindergarten", "name": "Freude Kindergarten Süd-Ost gGmbH", "source": "OpenStreetMap/Overpass"}}, {"type": "Feature", "geometry": {"type": "Point", "coordinates": [13.2834616, 52.5109758]}, "properties": {"id": "osm:node:9737024259", "type": "kindergarten", "name": "Kindergruppe Lassymoss", "source": "OpenStreetMap/Overpass"}}, {"type": "Feature", "geometry": {"type": "Point", "coordinates": [13.3005291, 52.5155013]}, "properties": {"id": "osm:node:9737153784", "type": "kindergarten", "name": "KITA Kaiser-Friedrich-Straße", "source": "OpenStreetMap/Overpass"}}, {"type": "Feature", "geometry": {"type": "Point", "coordinates": [13.300778, 52.5141881]}, "properties": {"id": "osm:node:9737161862", "type": "kindergarten", "name": "Die Wilden 25", "source": "OpenStreetMap/Overpass"}}, {"type": "Feature", "geometry": {"type": "Point", "coordinates": [13.300589, 52.5151719]}, "properties": {"id": "osm:node:9737171277", "type": "childcare", "name": "", "source": "OpenStreetMap/Overpass"}}, {"type": "Feature", "geometry": {"type": "Point", "coordinates": [13.3664801, 52.4177738]}, "properties": {"id": "osm:node:9743301231", "type": "kindergarten", "name": "Naturdetektive Kita Marienfelder", "source": "OpenStreetMap/Overpass"}}, {"type": "Feature", "geometry": {"type": "Point", "coordinates": [13.3885447, 52.4655764]}, "properties": {"id": "osm:node:9743470294", "type": "kindergarten", "name": "Kita Arielle 3", "source": "OpenStreetMap/Overpass"}}, {"type": "Feature", "geometry": {"type": "Point", "coordinates": [13.3894742, 52.4402781]}, "properties": {"id": "osm:node:9823308580", "type": "kindergarten", "name": "Kita Juniorplaneten", "source": "OpenStreetMap/Overpass"}}, {"type": "Feature", "geometry": {"type": "Point", "coordinates": [13.3932758, 52.4402124]}, "properties": {"id": "osm:node:9828230632", "type": "kindergarten", "name": "Kita StarKids", "source": "OpenStreetMap/Overpass"}}, {"type": "Feature", "geometry": {"type": "Point", "coordinates": [13.3276719, 52.4543729]}, "properties": {"id": "osm:node:9837099325", "type": "kindergarten", "name": "Kleine Zwergenparade", "source": "OpenStreetMap/Overpass"}}, {"type": "Feature", "geometry": {"type": "Point", "coordinates": [13.3835702, 52.4652372]}, "properties": {"id": "osm:node:9850989422", "type": "kindergarten", "name": "Kita Maulwurf", "source": "OpenStreetMap/Overpass"}}, {"type": "Feature", "geometry": {"type": "Point", "coordinates": [13.3813435, 52.4414353]}, "properties": {"id": "osm:node:9851302869", "type": "kindergarten", "name": "Kindertagespflege Kolibri", "source": "OpenStreetMap/Overpass"}}, {"type": "Feature", "geometry": {"type": "Point", "coordinates": [13.3158615, 52.4366286]}, "properties": {"id": "osm:node:9854901163", "type": "kindergarten", "name": "Kindergarten Tinkerbell", "source": "OpenStreetMap/Overpass"}}, {"type": "Feature", "geometry": {"type": "Point", "coordinates": [13.3153009, 52.4366074]}, "properties": {"id": "osm:node:9854901164", "type": "kindergarten", "name": "Kinderkrippe Spatzennest", "source": "OpenStreetMap/Overpass"}}, {"type": "Feature", "geometry": {"type": "Point", "coordinates": [13.3818415, 52.4478587]}, "properties": {"id": "osm:node:9879638295", "type": "kindergarten", "name": "Kita Schlösschen", "source": "OpenStreetMap/Overpass"}}, {"type": "Feature", "geometry": {"type": "Point", "coordinates": [13.3104354, 52.4749201]}, "properties": {"id": "osm:node:9901288464", "type": "kindergarten", "name": "Evangelische Kindertagesstätte der Lindenkirchengemeinde", "source": "OpenStreetMap/Overpass"}}, {"type": "Feature", "geometry": {"type": "Point", "coordinates": [13.3816078, 52.4386796]}, "properties": {"id": "osm:node:9908553163", "type": "kindergarten", "name": "Kinderladen Mücke", "source": "OpenStreetMap/Overpass"}}, {"type": "Feature", "geometry": {"type": "Point", "coordinates": [13.3677585, 52.4458451]}, "properties": {"id": "osm:node:9908579596", "type": "kindergarten", "name": "Kindertagespflege Kinderstübchen", "source": "OpenStreetMap/Overpass"}}, {"type": "Feature", "geometry": {"type": "Point", "coordinates": [13.3778154, 52.4427351]}, "properties": {"id": "osm:node:9913072259", "type": "kindergarten", "name": "Kindertagespflege - 'Das Spatzennest'", "source": "OpenStreetMap/Overpass"}}, {"type": "Feature", "geometry": {"type": "Point", "coordinates": [13.3760076, 52.4552335]}, "properties": {"id": "osm:node:9913072260", "type": "kindergarten", "name": "Kindertagespflege - 'Klitzeklein'", "source": "OpenStreetMap/Overpass"}}, {"type": "Feature", "geometry": {"type": "Point", "coordinates": [13.3935137, 52.4657147]}, "properties": {"id": "osm:node:9913125675", "type": "kindergarten", "name": "Kindertagespflege", "source": "OpenStreetMap/Overpass"}}, {"type": "Feature", "geometry": {"type": "Point", "coordinates": [13.3882251, 52.4400821]}, "properties": {"id": "osm:node:9913153330", "type": "kindergarten", "name": "Kindertagespflege - 'Gänseblümchen'", "source": "OpenStreetMap/Overpass"}}, {"type": "Feature", "geometry": {"type": "Point", "coordinates": [13.4050609, 52.4082587]}, "properties": {"id": "osm:node:9913169857", "type": "kindergarten", "name": "Kindertagespflege - 'Die Sonnenkäfer'", "source": "OpenStreetMap/Overpass"}}, {"type": "Feature", "geometry": {"type": "Point", "coordinates": [13.3602645, 52.4110159]}, "properties": {"id": "osm:node:9913189519", "type": "kindergarten", "name": "Kindertagespflege Mäusebande", "source": "OpenStreetMap/Overpass"}}, {"type": "Feature", "geometry": {"type": "Point", "coordinates": [13.3628394, 52.4133919]}, "properties": {"id": "osm:node:9913191317", "type": "kindergarten", "name": "Kindertagespflege - 'Kurz & Klein'", "source": "OpenStreetMap/Overpass"}}, {"type": "Feature", "geometry": {"type": "Point", "coordinates": [13.2474075, 52.6127734]}, "properties": {"id": "osm:node:9953624692", "type": "school", "name": "Demokratische Schule X", "source": "OpenStreetMap/Overpass"}}, {"type": "Feature", "geometry": {"type": "Point", "coordinates": [13.4005506, 52.4149815]}, "properties": {"id": "osm:node:9984178857", "type": "kindergarten", "name": "Mary Poppinz", "source": "OpenStreetMap/Overpass"}}, {"type": "Feature", "geometry": {"type": "Point", "coordinates": [13.414386, 52.5479387]}, "properties": {"id": "osm:node:9994345861", "type": "kindergarten", "name": "Kinderland Regenbogen", "source": "OpenStreetMap/Overpass"}}, {"type": "Feature", "geometry": {"type": "Point", "coordinates": [13.2916641, 52.5131361]}, "properties": {"id": "osm:node:10003860052", "type": "kindergarten", "name": "Die kleine Wichtelbande", "source": "OpenStreetMap/Overpass"}}, {"type": "Feature", "geometry": {"type": "Point", "coordinates": [13.5166552, 52.5536381]}, "properties": {"id": "osm:node:10019998503", "type": "kindergarten", "name": "Kita Pirateninsel", "source": "OpenStreetMap/Overpass"}}, {"type": "Feature", "geometry": {"type": "Point", "coordinates": [13.5158375, 52.5536331]}, "properties": {"id": "osm:node:10019998504", "type": "kindergarten", "name": "Kita Abenteuerland", "source": "OpenStreetMap/Overpass"}}, {"type": "Feature", "geometry": {"type": "Point", "coordinates": [13.3288096, 52.5305522]}, "properties": {"id": "osm:node:10026221961", "type": "kindergarten", "name": "Fröbel-Kindergarten Beusselstraße", "source": "OpenStreetMap/Overpass"}}, {"type": "Feature", "geometry": {"type": "Point", "coordinates": [13.4274549, 52.5355016]}, "properties": {"id": "osm:node:10035948634", "type": "kindergarten", "name": "Schneckenhaus", "source": "OpenStreetMap/Overpass"}}, {"type": "Feature", "geometry": {"type": "Point", "coordinates": [13.5634795, 52.5587243]}, "properties": {"id": "osm:node:10053665558", "type": "kindergarten", "name": "", "source": "OpenStreetMap/Overpass"}}, {"type": "Feature", "geometry": {"type": "Point", "coordinates": [13.4194964, 52.5528379]}, "properties": {"id": "osm:node:10059550322", "type": "kindergarten", "name": "Spaceys", "source": "OpenStreetMap/Overpass"}}, {"type": "Feature", "geometry": {"type": "Point", "coordinates": [13.327245, 52.4688562]}, "properties": {"id": "osm:node:10121509312", "type": "kindergarten", "name": "Schülerladen Kind und Umwelt", "source": "OpenStreetMap/Overpass"}}, {"type": "Feature", "geometry": {"type": "Point", "coordinates": [13.207475, 52.5575022]}, "properties": {"id": "osm:node:10172211139", "type": "kindergarten", "name": "Das Haus der kleinen Freunde", "source": "OpenStreetMap/Overpass"}}, {"type": "Feature", "geometry": {"type": "Point", "coordinates": [13.3012226, 52.5231435]}, "properties": {"id": "osm:node:10177798094", "type": "childcare", "name": "Kindergarten Kükenbande", "source": "OpenStreetMap/Overpass"}}, {"type": "Feature", "geometry": {"type": "Point", "coordinates": [13.2998612, 52.5232674]}, "properties": {"id": "osm:node:10177809036", "type": "childcare", "name": "Hauptstadtfüchse", "source": "OpenStreetMap/Overpass"}}, {"type": "Feature", "geometry": {"type": "Point", "coordinates": [13.5508288, 52.546377]}, "properties": {"id": "osm:node:10273324300", "type": "school", "name": "Peter-Pan-Grundschule", "source": "OpenStreetMap/Overpass"}}, {"type": "Feature", "geometry": {"type": "Point", "coordinates": [13.3979473, 52.5300888]}, "properties": {"id": "osm:node:10294862861", "type": "childcare", "name": "Emil Kirschkern", "source": "OpenStreetMap/Overpass"}}, {"type": "Feature", "geometry": {"type": "Point", "coordinates": [13.3389799, 52.4875424]}, "properties": {"id": "osm:node:10313544999", "type": "kindergarten", "name": "Schöneberger Kuschelbärchen", "source": "OpenStreetMap/Overpass"}}, {"type": "Feature", "geometry": {"type": "Point", "coordinates": [13.405293, 52.5268392]}, "properties": {"id": "osm:node:10542493134", "type": "kindergarten", "name": "Waldorfkindergarten Fliederhof Gruppe Zwergenreich", "source": "OpenStreetMap/Overpass"}}, {"type": "Feature", "geometry": {"type": "Point", "coordinates": [13.4313053, 52.5359877]}, "properties": {"id": "osm:node:10591768326", "type": "childcare", "name": "Kita Sternenwiese", "source": "OpenStreetMap/Overpass"}}, {"type": "Feature", "geometry": {"type": "Point", "coordinates": [13.4284871, 52.5521408]}, "properties": {"id": "osm:node:10595463228", "type": "kindergarten", "name": "Kita Cheburashka", "source": "OpenStreetMap/Overpass"}}, {"type": "Feature", "geometry": {"type": "Point", "coordinates": [13.2903443, 52.5191947]}, "properties": {"id": "osm:node:10599872966", "type": "kindergarten", "name": "Kinder am Schloss", "source": "OpenStreetMap/Overpass"}}, {"type": "Feature", "geometry": {"type": "Point", "coordinates": [13.326632, 52.5267191]}, "properties": {"id": "osm:node:10686885225", "type": "childcare", "name": "Kita Safina II", "source": "OpenStreetMap/Overpass"}}, {"type": "Feature", "geometry": {"type": "Point", "coordinates": [13.3299533, 52.4816096]}, "properties": {"id": "osm:node:10691323890", "type": "kindergarten", "name": "Nano's Kidsclub", "source": "OpenStreetMap/Overpass"}}, {"type": "Feature", "geometry": {"type": "Point", "coordinates": [13.3345127, 52.5313543]}, "properties": {"id": "osm:node:10735906212", "type": "childcare", "name": "Kinder-Tagesbetreuung Nika", "source": "OpenStreetMap/Overpass"}}, {"type": "Feature", "geometry": {"type": "Point", "coordinates": [13.1826925, 52.5476136]}, "properties": {"id": "osm:node:10769146101", "type": "kindergarten", "name": "Kita der kleinen Kreativen", "source": "OpenStreetMap/Overpass"}}, {"type": "Feature", "geometry": {"type": "Point", "coordinates": [13.453285, 52.5329551]}, "properties": {"id": "osm:node:10788214205", "type": "school", "name": "Ironhack Berlin", "source": "OpenStreetMap/Overpass"}}, {"type": "Feature", "geometry": {"type": "Point", "coordinates": [13.360063, 52.5415578]}, "properties": {"id": "osm:node:10855626386", "type": "kindergarten", "name": "Kita Paradieavögel \"Kolibris\"", "source": "OpenStreetMap/Overpass"}}, {"type": "Feature", "geometry": {"type": "Point", "coordinates": [13.3630251, 52.483418]}, "properties": {"id": "osm:node:10923563832", "type": "kindergarten", "name": "Kita Rosas Turm", "source": "OpenStreetMap/Overpass"}}, {"type": "Feature", "geometry": {"type": "Point", "coordinates": [13.3673369, 52.5866079]}, "properties": {"id": "osm:node:10944328711", "type": "kindergarten", "name": "TreeHaus", "source": "OpenStreetMap/Overpass"}}, {"type": "Feature", "geometry": {"type": "Point", "coordinates": [13.3190715, 52.4906981]}, "properties": {"id": "osm:node:10964154322", "type": "kindergarten", "name": "Minipünktchen", "source": "OpenStreetMap/Overpass"}}, {"type": "Feature", "geometry": {"type": "Point", "coordinates": [13.7444557, 52.5428895]}, "properties": {"id": "osm:node:10964920305", "type": "childcare", "name": "Kindertagesstätte Storchennest", "source": "OpenStreetMap/Overpass"}}, {"type": "Feature", "geometry": {"type": "Point", "coordinates": [13.2780133, 52.5940116]}, "properties": {"id": "osm:node:11003388752", "type": "kindergarten", "name": "Montessori Kinderhaus mit Kleinkindgemeinschaft Tegel", "source": "OpenStreetMap/Overpass"}}, {"type": "Feature", "geometry": {"type": "Point", "coordinates": [13.3898973, 52.5628032]}, "properties": {"id": "osm:node:11008992676", "type": "kindergarten", "name": "Nachtigall", "source": "OpenStreetMap/Overpass"}}, {"type": "Feature", "geometry": {"type": "Point", "coordinates": [13.5165077, 52.5317455]}, "properties": {"id": "osm:node:11029941827", "type": "childcare", "name": "KITA Rhinspatzen Berlin", "source": "OpenStreetMap/Overpass"}}, {"type": "Feature", "geometry": {"type": "Point", "coordinates": [13.4168086, 52.5538378]}, "properties": {"id": "osm:node:11037453284", "type": "kindergarten", "name": "Montessori Mother", "source": "OpenStreetMap/Overpass"}}, {"type": "Feature", "geometry": {"type": "Point", "coordinates": [13.4895786, 52.6519276]}, "properties": {"id": "osm:node:11044699459", "type": "kindergarten", "name": "Kleine Glückspilze", "source": "OpenStreetMap/Overpass"}}, {"type": "Feature", "geometry": {"type": "Point", "coordinates": [13.5798614, 52.5220834]}, "properties": {"id": "osm:node:11060589005", "type": "school", "name": "Grundschule an der Wuhle", "source": "OpenStreetMap/Overpass"}}, {"type": "Feature", "geometry": {"type": "Point", "coordinates": [13.4237921, 52.5449055]}, "properties": {"id": "osm:node:11062814361", "type": "kindergarten", "name": "Kita Kinderwirtschaft", "source": "OpenStreetMap/Overpass"}}, {"type": "Feature", "geometry": {"type": "Point", "coordinates": [13.563742, 52.5144826]}, "properties": {"id": "osm:node:11064521607", "type": "kindergarten", "name": "Kita Diwalizwerge", "source": "OpenStreetMap/Overpass"}}, {"type": "Feature", "geometry": {"type": "Point", "coordinates": [13.4940302, 52.4302579]}, "properties": {"id": "osm:node:11069965657", "type": "kindergarten", "name": "Kita Cheburashka", "source": "OpenStreetMap/Overpass"}}, {"type": "Feature", "geometry": {"type": "Point", "coordinates": [13.3665215, 52.5478714]}, "properties": {"id": "osm:node:11106997328", "type": "kindergarten", "name": "Kleiner Fratz", "source": "OpenStreetMap/Overpass"}}, {"type": "Feature", "geometry": {"type": "Point", "coordinates": [13.3477391, 52.5308439]}, "properties": {"id": "osm:node:11119506223", "type": "kindergarten", "name": "Spielraum Perlentaucher", "source": "OpenStreetMap/Overpass"}}, {"type": "Feature", "geometry": {"type": "Point", "coordinates": [13.3063657, 52.5153408]}, "properties": {"id": "osm:node:11134391970", "type": "childcare", "name": "Kita Schlumpfhausen", "source": "OpenStreetMap/Overpass"}}, {"type": "Feature", "geometry": {"type": "Point", "coordinates": [13.2257103, 52.5840923]}, "properties": {"id": "osm:node:11144641785", "type": "kindergarten", "name": "Kindertagespflege Falkennest", "source": "OpenStreetMap/Overpass"}}, {"type": "Feature", "geometry": {"type": "Point", "coordinates": [13.3990384, 52.5758191]}, "properties": {"id": "osm:node:11151580420", "type": "kindergarten", "name": "Paul & Paula I", "source": "OpenStreetMap/Overpass"}}, {"type": "Feature", "geometry": {"type": "Point", "coordinates": [13.403919, 52.5713587]}, "properties": {"id": "osm:node:11159218305", "type": "childcare", "name": "Kita Paradiesvögel", "source": "OpenStreetMap/Overpass"}}, {"type": "Feature", "geometry": {"type": "Point", "coordinates": [13.448684, 52.511965]}, "properties": {"id": "osm:node:11161931806", "type": "kindergarten", "name": "Bildungsgarten", "source": "OpenStreetMap/Overpass"}}, {"type": "Feature", "geometry": {"type": "Point", "coordinates": [13.3599984, 52.5502976]}, "properties": {"id": "osm:node:11176094424", "type": "kindergarten", "name": "Die kleinen Frösche", "source": "OpenStreetMap/Overpass"}}, {"type": "Feature", "geometry": {"type": "Point", "coordinates": [13.4700245, 52.508407]}, "properties": {"id": "osm:node:11183914941", "type": "kindergarten", "name": "Fröbel-Kindergarten", "source": "OpenStreetMap/Overpass"}}, {"type": "Feature", "geometry": {"type": "Point", "coordinates": [13.3893155, 52.5549661]}, "properties": {"id": "osm:node:11191369537", "type": "school", "name": "Berlin Comics Schule", "source": "OpenStreetMap/Overpass"}}, {"type": "Feature", "geometry": {"type": "Point", "coordinates": [13.3439077, 52.5230665]}, "properties": {"id": "osm:node:11197523749", "type": "school", "name": "Seminarschiff", "source": "OpenStreetMap/Overpass"}}, {"type": "Feature", "geometry": {"type": "Point", "coordinates": [13.6308577, 52.4450342]}, "properties": {"id": "osm:node:11198242339", "type": "school", "name": "Surfpaddelschule", "source": "OpenStreetMap/Overpass"}}, {"type": "Feature", "geometry": {"type": "Point", "coordinates": [13.4345296, 52.5039739]}, "properties": {"id": "osm:node:11200439398", "type": "kindergarten", "name": "Waldorfkindergarten im Forum Kreuzberg", "source": "OpenStreetMap/Overpass"}}, {"type": "Feature", "geometry": {"type": "Point", "coordinates": [13.4353961, 52.5040683]}, "properties": {"id": "osm:node:11200456938", "type": "kindergarten", "name": "Naturkindergarten im Forum Kreuzberg", "source": "OpenStreetMap/Overpass"}}, {"type": "Feature", "geometry": {"type": "Point", "coordinates": [13.4019782, 52.547749]}, "properties": {"id": "osm:node:11244338406", "type": "kindergarten", "name": "Kinderladen Sausebrause", "source": "OpenStreetMap/Overpass"}}, {"type": "Feature", "geometry": {"type": "Point", "coordinates": [13.4364239, 52.5215663]}, "properties": {"id": "osm:node:11255150514", "type": "kindergarten", "name": "Kinderhafen KrikelKrake", "source": "OpenStreetMap/Overpass"}}, {"type": "Feature", "geometry": {"type": "Point", "coordinates": [13.5600893, 52.555632]}, "properties": {"id": "osm:node:11263576953", "type": "childcare", "name": "Kita Händchenklein", "source": "OpenStreetMap/Overpass"}}, {"type": "Feature", "geometry": {"type": "Point", "coordinates": [13.4498469, 52.4740515]}, "properties": {"id": "osm:node:11266544273", "type": "childcare", "name": "", "source": "OpenStreetMap/Overpass"}}, {"type": "Feature", "geometry": {"type": "Point", "coordinates": [13.2629021, 52.4374162]}, "properties": {"id": "osm:node:11267498757", "type": "school", "name": "Freie Schule Anne Sophie", "source": "OpenStreetMap/Overpass"}}, {"type": "Feature", "geometry": {"type": "Point", "coordinates": [13.3910588, 52.490146]}, "properties": {"id": "osm:node:11272171196", "type": "kindergarten", "name": "EiKiTa Girotondo", "source": "OpenStreetMap/Overpass"}}, {"type": "Feature", "geometry": {"type": "Point", "coordinates": [13.4533132, 52.4685185]}, "properties": {"id": "osm:node:11287862770", "type": "school", "name": "b-trend-setting", "source": "OpenStreetMap/Overpass"}}, {"type": "Feature", "geometry": {"type": "Point", "coordinates": [13.4363004, 52.4988468]}, "properties": {"id": "osm:node:11357840631", "type": "school", "name": "Shiatsu Schule Kreuzberg", "source": "OpenStreetMap/Overpass"}}, {"type": "Feature", "geometry": {"type": "Point", "coordinates": [13.3638827, 52.5450608]}, "properties": {"id": "osm:node:11406274410", "type": "childcare", "name": "Kita Wunderland", "source": "OpenStreetMap/Overpass"}}, {"type": "Feature", "geometry": {"type": "Point", "coordinates": [13.3652326, 52.5489176]}, "properties": {"id": "osm:node:11406312584", "type": "childcare", "name": "Kita Die kleinen Grünschnäbel", "source": "OpenStreetMap/Overpass"}}, {"type": "Feature", "geometry": {"type": "Point", "coordinates": [13.3372425, 52.4919968]}, "properties": {"id": "osm:node:11407518392", "type": "kindergarten", "name": "Kita Kunstmäuse", "source": "OpenStreetMap/Overpass"}}, {"type": "Feature", "geometry": {"type": "Point", "coordinates": [13.4174416, 52.5455422]}, "properties": {"id": "osm:node:11425591669", "type": "school", "name": "Elinor-Ostrom-Schule (2. Schulstandort)", "source": "OpenStreetMap/Overpass"}}, {"type": "Feature", "geometry": {"type": "Point", "coordinates": [13.4332349, 52.4761959]}, "properties": {"id": "osm:node:11429214856", "type": "kindergarten", "name": "Kita Kopfstraße", "source": "OpenStreetMap/Overpass"}}, {"type": "Feature", "geometry": {"type": "Point", "coordinates": [13.4057974, 52.5655378]}, "properties": {"id": "osm:node:11434724951", "type": "childcare", "name": "", "source": "OpenStreetMap/Overpass"}}, {"type": "Feature", "geometry": {"type": "Point", "coordinates": [13.4475514, 52.4766828]}, "properties": {"id": "osm:node:11451925002", "type": "kindergarten", "name": "Kindertagespflege Manitos Creativas", "source": "OpenStreetMap/Overpass"}}, {"type": "Feature", "geometry": {"type": "Point", "coordinates": [13.4517322, 52.5239616]}, "properties": {"id": "osm:node:11488305670", "type": "kindergarten", "name": "Zauberwelt", "source": "OpenStreetMap/Overpass"}}, {"type": "Feature", "geometry": {"type": "Point", "coordinates": [13.4505051, 52.5189104]}, "properties": {"id": "osm:node:11491408184", "type": "kindergarten", "name": "Die schlauen Mäuse", "source": "OpenStreetMap/Overpass"}}, {"type": "Feature", "geometry": {"type": "Point", "coordinates": [13.3362943, 52.4727578]}, "properties": {"id": "osm:node:11494627650", "type": "kindergarten", "name": "DunjaKids", "source": "OpenStreetMap/Overpass"}}, {"type": "Feature", "geometry": {"type": "Point", "coordinates": [13.4465641, 52.5210767]}, "properties": {"id": "osm:node:11511492445", "type": "kindergarten", "name": "Johanniter-Kindertagesstätte Kleine Insel", "source": "OpenStreetMap/Overpass"}}, {"type": "Feature", "geometry": {"type": "Point", "coordinates": [13.3213295, 52.4919188]}, "properties": {"id": "osm:node:11514288424", "type": "kindergarten", "name": "Kita Mima", "source": "OpenStreetMap/Overpass"}}, {"type": "Feature", "geometry": {"type": "Point", "coordinates": [13.42251, 52.4744236]}, "properties": {"id": "osm:node:11525305289", "type": "school", "name": "Evangelische Schule Neukölln Oberstufe", "source": "OpenStreetMap/Overpass"}}, {"type": "Feature", "geometry": {"type": "Point", "coordinates": [13.3848803, 52.5572246]}, "properties": {"id": "osm:node:11549923655", "type": "childcare", "name": "Kita Burg-Spatzen", "source": "OpenStreetMap/Overpass"}}, {"type": "Feature", "geometry": {"type": "Point", "coordinates": [13.4631164, 52.531457]}, "properties": {"id": "osm:node:11554854404", "type": "kindergarten", "name": "Kindergarten Rappelkiste", "source": "OpenStreetMap/Overpass"}}, {"type": "Feature", "geometry": {"type": "Point", "coordinates": [13.3235399, 52.5214869]}, "properties": {"id": "osm:node:11572198236", "type": "kindergarten", "name": "Villa Luna", "source": "OpenStreetMap/Overpass"}}, {"type": "Feature", "geometry": {"type": "Point", "coordinates": [13.349446, 52.5020226]}, "properties": {"id": "osm:node:11583952292", "type": "childcare", "name": "Kiddies", "source": "OpenStreetMap/Overpass"}}, {"type": "Feature", "geometry": {"type": "Point", "coordinates": [13.4221552, 52.5046028]}, "properties": {"id": "osm:node:11586422890", "type": "kindergarten", "name": "TEK-Kinderladen", "source": "OpenStreetMap/Overpass"}}, {"type": "Feature", "geometry": {"type": "Point", "coordinates": [13.4163252, 52.4186173]}, "properties": {"id": "osm:node:11611553465", "type": "kindergarten", "name": "Evangelische Kita Neu-Buckow", "source": "OpenStreetMap/Overpass"}}, {"type": "Feature", "geometry": {"type": "Point", "coordinates": [13.4333709, 52.4608015]}, "properties": {"id": "osm:node:11638252151", "type": "kindergarten", "name": "Arielle 2", "source": "OpenStreetMap/Overpass"}}, {"type": "Feature", "geometry": {"type": "Point", "coordinates": [13.5437496, 52.4348308]}, "properties": {"id": "osm:node:11693543911", "type": "childcare", "name": "Philipp & Lilli", "source": "OpenStreetMap/Overpass"}}, {"type": "Feature", "geometry": {"type": "Point", "coordinates": [13.3188638, 52.5076594]}, "properties": {"id": "osm:node:11736954399", "type": "childcare", "name": "KiTa Pestalozzistraße", "source": "OpenStreetMap/Overpass"}}, {"type": "Feature", "geometry": {"type": "Point", "coordinates": [13.5476596, 52.4359635]}, "properties": {"id": "osm:node:11740844408", "type": "childcare", "name": "Großstadtmäuse", "source": "OpenStreetMap/Overpass"}}, {"type": "Feature", "geometry": {"type": "Point", "coordinates": [13.4096393, 52.4395555]}, "properties": {"id": "osm:node:11745882648", "type": "kindergarten", "name": "Mary Poppinz Britz", "source": "OpenStreetMap/Overpass"}}, {"type": "Feature", "geometry": {"type": "Point", "coordinates": [13.4609025, 52.5059679]}, "properties": {"id": "osm:node:11763059718", "type": "childcare", "name": "Kita Klainohrhaase", "source": "OpenStreetMap/Overpass"}}, {"type": "Feature", "geometry": {"type": "Point", "coordinates": [13.3170318, 52.4407536]}, "properties": {"id": "osm:node:11763141752", "type": "kindergarten", "name": "Fröbel-Kindergarten Zwergenwiese", "source": "OpenStreetMap/Overpass"}}, {"type": "Feature", "geometry": {"type": "Point", "coordinates": [13.3157976, 52.4391209]}, "properties": {"id": "osm:node:11763141757", "type": "kindergarten", "name": "KiMo Kita - Noctiluca", "source": "OpenStreetMap/Overpass"}}, {"type": "Feature", "geometry": {"type": "Point", "coordinates": [13.5232934, 52.4618963]}, "properties": {"id": "osm:node:11769563161", "type": "school", "name": "Volkshochschule Treptow-Köpenick", "source": "OpenStreetMap/Overpass"}}, {"type": "Feature", "geometry": {"type": "Point", "coordinates": [13.3769196, 52.4472785]}, "properties": {"id": "osm:node:11771047353", "type": "kindergarten", "name": "Kindertagespflege Sternstunden", "source": "OpenStreetMap/Overpass"}}, {"type": "Feature", "geometry": {"type": "Point", "coordinates": [13.4559589, 52.428146]}, "properties": {"id": "osm:node:11773397216", "type": "kindergarten", "name": "", "source": "OpenStreetMap/Overpass"}}, {"type": "Feature", "geometry": {"type": "Point", "coordinates": [13.3917841, 52.5541686]}, "properties": {"id": "osm:node:11777835662", "type": "kindergarten", "name": "Flohzirkus Wedding", "source": "OpenStreetMap/Overpass"}}, {"type": "Feature", "geometry": {"type": "Point", "coordinates": [13.4177331, 52.5377597]}, "properties": {"id": "osm:node:11782366094", "type": "kindergarten", "name": "Elterninitiativ-Kindergarten Wald & Wiesen e.V.", "source": "OpenStreetMap/Overpass"}}, {"type": "Feature", "geometry": {"type": "Point", "coordinates": [13.4209964, 52.5454975]}, "properties": {"id": "osm:node:11793822534", "type": "kindergarten", "name": "Kindergarten Aramsamsam", "source": "OpenStreetMap/Overpass"}}, {"type": "Feature", "geometry": {"type": "Point", "coordinates": [13.5310116, 52.4481539]}, "properties": {"id": "osm:node:11804942350", "type": "kindergarten", "name": "KreativitätsKindertagesstätte Treptow", "source": "OpenStreetMap/Overpass"}}, {"type": "Feature", "geometry": {"type": "Point", "coordinates": [13.4717118, 52.5107967]}, "properties": {"id": "osm:node:11818425477", "type": "kindergarten", "name": "La Sonrisa", "source": "OpenStreetMap/Overpass"}}, {"type": "Feature", "geometry": {"type": "Point", "coordinates": [13.5284412, 52.4448528]}, "properties": {"id": "osm:node:11830338043", "type": "kindergarten", "name": "Mosaik Kita", "source": "OpenStreetMap/Overpass"}}, {"type": "Feature", "geometry": {"type": "Point", "coordinates": [13.4812271, 52.5021386]}, "properties": {"id": "osm:node:11835094526", "type": "kindergarten", "name": "Kita Stadthäuschen", "source": "OpenStreetMap/Overpass"}}, {"type": "Feature", "geometry": {"type": "Point", "coordinates": [13.4817456, 52.5034295]}, "properties": {"id": "osm:node:11835094527", "type": "kindergarten", "name": "Kita Kaskelkinder", "source": "OpenStreetMap/Overpass"}}, {"type": "Feature", "geometry": {"type": "Point", "coordinates": [13.4889314, 52.5020971]}, "properties": {"id": "osm:node:11835144607", "type": "kindergarten", "name": "Kita Rappelkiste", "source": "OpenStreetMap/Overpass"}}, {"type": "Feature", "geometry": {"type": "Point", "coordinates": [13.3181254, 52.5464638]}, "properties": {"id": "osm:node:11863051770", "type": "school", "name": "Willy-Brandt-Schule", "source": "OpenStreetMap/Overpass"}}, {"type": "Feature", "geometry": {"type": "Point", "coordinates": [13.3769913, 52.489607]}, "properties": {"id": "osm:node:11906452219", "type": "kindergarten", "name": "Neues aus Kreuzberg", "source": "OpenStreetMap/Overpass"}}, {"type": "Feature", "geometry": {"type": "Point", "coordinates": [13.4638728, 52.5094037]}, "properties": {"id": "osm:node:11927635195", "type": "childcare", "name": "TEK Kinderladen Gryphillo", "source": "OpenStreetMap/Overpass"}}, {"type": "Feature", "geometry": {"type": "Point", "coordinates": [13.5176648, 52.5246186]}, "properties": {"id": "osm:node:11941908038", "type": "childcare", "name": "", "source": "OpenStreetMap/Overpass"}}, {"type": "Feature", "geometry": {"type": "Point", "coordinates": [13.3463895, 52.5630473]}, "properties": {"id": "osm:node:11964460716", "type": "childcare", "name": "Erasmus", "source": "OpenStreetMap/Overpass"}}, {"type": "Feature", "geometry": {"type": "Point", "coordinates": [13.3713888, 52.4223907]}, "properties": {"id": "osm:node:11967511669", "type": "childcare", "name": "Kita Wunderland", "source": "OpenStreetMap/Overpass"}}, {"type": "Feature", "geometry": {"type": "Point", "coordinates": [13.097979, 52.5637907]}, "properties": {"id": "osm:node:11990536914", "type": "kindergarten", "name": "Die Schlaufüchse", "source": "OpenStreetMap/Overpass"}}, {"type": "Feature", "geometry": {"type": "Point", "coordinates": [13.3822421, 52.4585413]}, "properties": {"id": "osm:node:12014895830", "type": "kindergarten", "name": "Villa Wackelzahn", "source": "OpenStreetMap/Overpass"}}, {"type": "Feature", "geometry": {"type": "Point", "coordinates": [13.3448428, 52.5557429]}, "properties": {"id": "osm:node:12015145763", "type": "childcare", "name": "Kinderoase", "source": "OpenStreetMap/Overpass"}}, {"type": "Feature", "geometry": {"type": "Point", "coordinates": [13.2834401, 52.5783939]}, "properties": {"id": "osm:node:12023216815", "type": "kindergarten", "name": "Kindertagesstätte Tegel-Süd", "source": "OpenStreetMap/Overpass"}}, {"type": "Feature", "geometry": {"type": "Point", "coordinates": [13.3971606, 52.4943552]}, "properties": {"id": "osm:node:12043368748", "type": "kindergarten", "name": "Die kleinen Strolche", "source": "OpenStreetMap/Overpass"}}, {"type": "Feature", "geometry": {"type": "Point", "coordinates": [13.3680644, 52.5867835]}, "properties": {"id": "osm:node:12066348774", "type": "childcare", "name": "Krippe Sternenwiege", "source": "OpenStreetMap/Overpass"}}, {"type": "Feature", "geometry": {"type": "Point", "coordinates": [13.1997122, 52.554801]}, "properties": {"id": "osm:node:12068069133", "type": "school", "name": "Grundschule Fehrbelliner Tor", "source": "OpenStreetMap/Overpass"}}, {"type": "Feature", "geometry": {"type": "Point", "coordinates": [13.3123222, 52.5140295]}, "properties": {"id": "osm:node:12075633675", "type": "childcare", "name": "Kia Bunte Tulpen", "source": "OpenStreetMap/Overpass"}}, {"type": "Feature", "geometry": {"type": "Point", "coordinates": [13.1843804, 52.5359071]}, "properties": {"id": "osm:node:12110261601", "type": "childcare", "name": "Kükenbande", "source": "OpenStreetMap/Overpass"}}, {"type": "Feature", "geometry": {"type": "Point", "coordinates": [13.5176968, 52.5238325]}, "properties": {"id": "osm:node:12112385263", "type": "childcare", "name": "freude Kindergärten", "source": "OpenStreetMap/Overpass"}}, {"type": "Feature", "geometry": {"type": "Point", "coordinates": [13.3544535, 52.4857428]}, "properties": {"id": "osm:node:12135294142", "type": "school", "name": "Freie Schule Schöneberg", "source": "OpenStreetMap/Overpass"}}, {"type": "Feature", "geometry": {"type": "Point", "coordinates": [13.2440772, 52.4349355]}, "properties": {"id": "osm:node:12147658092", "type": "childcare", "name": "Adagio", "source": "OpenStreetMap/Overpass"}}, {"type": "Feature", "geometry": {"type": "Point", "coordinates": [13.511178, 52.4579391]}, "properties": {"id": "osm:node:12160360194", "type": "kindergarten", "name": "FREUDE Kindergarten", "source": "OpenStreetMap/Overpass"}}, {"type": "Feature", "geometry": {"type": "Point", "coordinates": [13.5116378, 52.4579318]}, "properties": {"id": "osm:node:12160360195", "type": "kindergarten", "name": "FREUDE Kindergarten", "source": "OpenStreetMap/Overpass"}}, {"type": "Feature", "geometry": {"type": "Point", "coordinates": [13.5110103, 52.4572713]}, "properties": {"id": "osm:node:12160360196", "type": "kindergarten", "name": "FREUDE Kindergarten", "source": "OpenStreetMap/Overpass"}}, {"type": "Feature", "geometry": {"type": "Point", "coordinates": [13.4111105, 52.5823444]}, "properties": {"id": "osm:node:12163251896", "type": "kindergarten", "name": "Little Flowers", "source": "OpenStreetMap/Overpass"}}, {"type": "Feature", "geometry": {"type": "Point", "coordinates": [13.4225774, 52.4905967]}, "properties": {"id": "osm:node:12205087959", "type": "kindergarten", "name": "Kinderladen Kreuzbären", "source": "OpenStreetMap/Overpass"}}, {"type": "Feature", "geometry": {"type": "Point", "coordinates": [13.4669316, 52.5097225]}, "properties": {"id": "osm:node:12207904207", "type": "kindergarten", "name": "Stephanus-Kindertagesstätte Holteistraße", "source": "OpenStreetMap/Overpass"}}, {"type": "Feature", "geometry": {"type": "Point", "coordinates": [13.3593054, 52.5479588]}, "properties": {"id": "osm:node:12219045720", "type": "kindergarten", "name": "Evangelische Kita Nazareth", "source": "OpenStreetMap/Overpass"}}, {"type": "Feature", "geometry": {"type": "Point", "coordinates": [13.4070844, 52.5010949]}, "properties": {"id": "osm:node:12219048493", "type": "kindergarten", "name": "Evangelische Kita St. Simeon", "source": "OpenStreetMap/Overpass"}}, {"type": "Feature", "geometry": {"type": "Point", "coordinates": [13.4237152, 52.5006472]}, "properties": {"id": "osm:node:12246290507", "type": "kindergarten", "name": "Kinderladen Affentanz", "source": "OpenStreetMap/Overpass"}}, {"type": "Feature", "geometry": {"type": "Point", "coordinates": [13.3540568, 52.413164]}, "properties": {"id": "osm:node:12264835517", "type": "childcare", "name": "Kükenbande", "source": "OpenStreetMap/Overpass"}}, {"type": "Feature", "geometry": {"type": "Point", "coordinates": [13.5116361, 52.5694812]}, "properties": {"id": "osm:node:12314506395", "type": "school", "name": "Jugendkunstschule Lichtenberg", "source": "OpenStreetMap/Overpass"}}, {"type": "Feature", "geometry": {"type": "Point", "coordinates": [13.3885742, 52.5351282]}, "properties": {"id": "osm:node:12321410631", "type": "school", "name": "Lazarus Schulen (Schwesternflügel)", "source": "OpenStreetMap/Overpass"}}, {"type": "Feature", "geometry": {"type": "Point", "coordinates": [13.4475095, 52.5494581]}, "properties": {"id": "osm:node:12323851023", "type": "kindergarten", "name": "Kleiner Fratz", "source": "OpenStreetMap/Overpass"}}, {"type": "Feature", "geometry": {"type": "Point", "coordinates": [13.486765, 52.5341708]}, "properties": {"id": "osm:node:12343652531", "type": "kindergarten", "name": "Mach-Mit-Kitas", "source": "OpenStreetMap/Overpass"}}, {"type": "Feature", "geometry": {"type": "Point", "coordinates": [13.5689641, 52.4428498]}, "properties": {"id": "osm:node:12364580010", "type": "kindergarten", "name": "Kita Eulenkinder", "source": "OpenStreetMap/Overpass"}}, {"type": "Feature", "geometry": {"type": "Point", "coordinates": [13.4508037, 52.5110129]}, "properties": {"id": "osm:node:12375687530", "type": "kindergarten", "name": "Junior 1", "source": "OpenStreetMap/Overpass"}}, {"type": "Feature", "geometry": {"type": "Point", "coordinates": [13.5846561, 52.4414359]}, "properties": {"id": "osm:node:12427161098", "type": "kindergarten", "name": "Freude", "source": "OpenStreetMap/Overpass"}}, {"type": "Feature", "geometry": {"type": "Point", "coordinates": [13.4564527, 52.5021653]}, "properties": {"id": "osm:node:12430022273", "type": "childcare", "name": "Captain Moder", "source": "OpenStreetMap/Overpass"}}, {"type": "Feature", "geometry": {"type": "Point", "coordinates": [13.7498643, 52.4657239]}, "properties": {"id": "osm:node:12441435608", "type": "school", "name": "Freie Schule Woltersdorf", "source": "OpenStreetMap/Overpass"}}, {"type": "Feature", "geometry": {"type": "Point", "coordinates": [13.4171327, 52.5414631]}, "properties": {"id": "osm:node:12473371571", "type": "kindergarten", "name": "Kinderladen Prenzlpanther", "source": "OpenStreetMap/Overpass"}}, {"type": "Feature", "geometry": {"type": "Point", "coordinates": [13.4559483, 52.5024744]}, "properties": {"id": "osm:node:12486021976", "type": "kindergarten", "name": "Klein im hain", "source": "OpenStreetMap/Overpass"}}, {"type": "Feature", "geometry": {"type": "Point", "coordinates": [13.43053, 52.471146]}, "properties": {"id": "osm:node:12496600437", "type": "childcare", "name": "Jonas 32", "source": "OpenStreetMap/Overpass"}}, {"type": "Feature", "geometry": {"type": "Point", "coordinates": [13.4384541, 52.5296881]}, "properties": {"id": "osm:node:12512361420", "type": "school", "name": "Felix-Mendelssohn-Bartholdy-Gymnasium (Temporäres Haus 3)", "source": "OpenStreetMap/Overpass"}}, {"type": "Feature", "geometry": {"type": "Point", "coordinates": [13.4199077, 52.5330592]}, "properties": {"id": "osm:node:12522418564", "type": "school", "name": "Volkshochschule Berlin-Pankow", "source": "OpenStreetMap/Overpass"}}, {"type": "Feature", "geometry": {"type": "Point", "coordinates": [13.4590485, 52.5137508]}, "properties": {"id": "osm:node:12543177077", "type": "childcare", "name": "Glühwürmchen", "source": "OpenStreetMap/Overpass"}}, {"type": "Feature", "geometry": {"type": "Point", "coordinates": [13.4498263, 52.510408]}, "properties": {"id": "osm:node:12563262013", "type": "childcare", "name": "Villa Kunterbunt", "source": "OpenStreetMap/Overpass"}}, {"type": "Feature", "geometry": {"type": "Point", "coordinates": [13.3091033, 52.4940199]}, "properties": {"id": "osm:node:12563980204", "type": "school", "name": "Evangelische Schule Wilmersdorf", "source": "OpenStreetMap/Overpass"}}, {"type": "Feature", "geometry": {"type": "Point", "coordinates": [13.3213308, 52.4962574]}, "properties": {"id": "osm:node:12564011957", "type": "school", "name": "Katholische Schule Sankt Ludwig", "source": "OpenStreetMap/Overpass"}}, {"type": "Feature", "geometry": {"type": "Point", "coordinates": [13.3473739, 52.5535448]}, "properties": {"id": "osm:node:12570827966", "type": "childcare", "name": "Die Teddybären", "source": "OpenStreetMap/Overpass"}}, {"type": "Feature", "geometry": {"type": "Point", "coordinates": [13.4034924, 52.5370002]}, "properties": {"id": "osm:node:12617762881", "type": "kindergarten", "name": "Kinderladen", "source": "OpenStreetMap/Overpass"}}, {"type": "Feature", "geometry": {"type": "Point", "coordinates": [13.4668357, 52.5128592]}, "properties": {"id": "osm:node:12640113138", "type": "childcare", "name": "Kinderstube", "source": "OpenStreetMap/Overpass"}}, {"type": "Feature", "geometry": {"type": "Point", "coordinates": [13.3093087, 52.6044768]}, "properties": {"id": "osm:node:12677407057", "type": "school", "name": "Apego-Schule Berlin", "source": "OpenStreetMap/Overpass"}}, {"type": "Feature", "geometry": {"type": "Point", "coordinates": [13.1387055, 52.5254218]}, "properties": {"id": "osm:node:12691468320", "type": "school", "name": "33. Schule (Grundschule)", "source": "OpenStreetMap/Overpass"}}, {"type": "Feature", "geometry": {"type": "Point", "coordinates": [13.5844641, 52.42756]}, "properties": {"id": "osm:node:12694884933", "type": "kindergarten", "name": "Kita Achterdeck", "source": "OpenStreetMap/Overpass"}}, {"type": "Feature", "geometry": {"type": "Point", "coordinates": [13.4652177, 52.5180519]}, "properties": {"id": "osm:node:12704556039", "type": "kindergarten", "name": "Musikkita Klimperkiste", "source": "OpenStreetMap/Overpass"}}, {"type": "Feature", "geometry": {"type": "Point", "coordinates": [13.5240653, 52.4788778]}, "properties": {"id": "osm:node:12726953092", "type": "kindergarten", "name": "", "source": "OpenStreetMap/Overpass"}}, {"type": "Feature", "geometry": {"type": "Point", "coordinates": [13.5422179, 52.5361367]}, "properties": {"id": "osm:node:12766031273", "type": "school", "name": "Neubau Grundschule mit TSH", "source": "OpenStreetMap/Overpass"}}, {"type": "Feature", "geometry": {"type": "Point", "coordinates": [13.59873, 52.5312548]}, "properties": {"id": "osm:node:12766032980", "type": "school", "name": "Neubau Grundschule mit TSH", "source": "OpenStreetMap/Overpass"}}, {"type": "Feature", "geometry": {"type": "Point", "coordinates": [13.6010912, 52.5306448]}, "properties": {"id": "osm:node:12766064655", "type": "school", "name": "Neubau MEB 22 mit Mensa", "source": "OpenStreetMap/Overpass"}}, {"type": "Feature", "geometry": {"type": "Point", "coordinates": [13.3969175, 52.5309495]}, "properties": {"id": "osm:node:12766392869", "type": "childcare", "name": "marikita", "source": "OpenStreetMap/Overpass"}}, {"type": "Feature", "geometry": {"type": "Point", "coordinates": [13.2935618, 52.6232049]}, "properties": {"id": "osm:node:12782008075", "type": "school", "name": "Richard-Keller-Schule", "source": "OpenStreetMap/Overpass"}}, {"type": "Feature", "geometry": {"type": "Point", "coordinates": [13.4550994, 52.508177]}, "properties": {"id": "osm:node:12793954675", "type": "childcare", "name": "TEK Kinderladen", "source": "OpenStreetMap/Overpass"}}, {"type": "Feature", "geometry": {"type": "Point", "coordinates": [13.5133643, 52.5249629]}, "properties": {"id": "osm:node:12797375598", "type": "school", "name": "15. Schule\nISS mit gymnasialer Oberstufe - 11K15", "source": "OpenStreetMap/Overpass"}}, {"type": "Feature", "geometry": {"type": "Point", "coordinates": [13.5139044, 52.5248369]}, "properties": {"id": "osm:node:12797375599", "type": "school", "name": "12. Gymnasium Lichtenberg 11Y12", "source": "OpenStreetMap/Overpass"}}, {"type": "Feature", "geometry": {"type": "Point", "coordinates": [13.4181903, 52.5543741]}, "properties": {"id": "osm:node:12850422614", "type": "kindergarten", "name": "Kindergarten Little Munchkins", "source": "OpenStreetMap/Overpass"}}, {"type": "Feature", "geometry": {"type": "Point", "coordinates": [13.469379, 52.5007519]}, "properties": {"id": "osm:node:12883475060", "type": "kindergarten", "name": "Montessori Kinderhaus", "source": "OpenStreetMap/Overpass"}}, {"type": "Feature", "geometry": {"type": "Point", "coordinates": [13.3669182, 52.4699061]}, "properties": {"id": "osm:node:12923555501", "type": "kindergarten", "name": "Småland", "source": "OpenStreetMap/Overpass"}}, {"type": "Feature", "geometry": {"type": "Point", "coordinates": [13.454069, 52.5491531]}, "properties": {"id": "osm:node:12926292904", "type": "childcare", "name": "Trans-Culture Kids", "source": "OpenStreetMap/Overpass"}}, {"type": "Feature", "geometry": {"type": "Point", "coordinates": [13.5783508, 52.4540878]}, "properties": {"id": "osm:node:12956427572", "type": "childcare", "name": "BOOT-Kita Puchanstraße", "source": "OpenStreetMap/Overpass"}}, {"type": "Feature", "geometry": {"type": "Point", "coordinates": [13.5072101, 52.4310457]}, "properties": {"id": "osm:node:12987962676", "type": "childcare", "name": "", "source": "OpenStreetMap/Overpass"}}, {"type": "Feature", "geometry": {"type": "Point", "coordinates": [13.4079761, 52.4591189]}, "properties": {"id": "osm:node:12992163102", "type": "school", "name": "Schauspielschule \"Der Kreis\" Fritz-Kirchhoff-Schule", "source": "OpenStreetMap/Overpass"}}, {"type": "Feature", "geometry": {"type": "Point", "coordinates": [13.4230643, 52.4881953]}, "properties": {"id": "osm:node:12992212501", "type": "school", "name": "die schauspielfabrik berlin", "source": "OpenStreetMap/Overpass"}}, {"type": "Feature", "geometry": {"type": "Point", "coordinates": [13.4184699, 52.5437298]}, "properties": {"id": "osm:node:12997923558", "type": "kindergarten", "name": "Kinderschlummerland Lette", "source": "OpenStreetMap/Overpass"}}, {"type": "Feature", "geometry": {"type": "Point", "coordinates": [13.3825012, 52.648199]}, "properties": {"id": "osm:node:13011595601", "type": "kindergarten", "name": "Kita Spatzenhaus", "source": "OpenStreetMap/Overpass"}}, {"type": "Feature", "geometry": {"type": "Point", "coordinates": [13.3832878, 52.5004637]}, "properties": {"id": "osm:node:13022246498", "type": "kindergarten", "name": "Kita Robinienwäldchen", "source": "OpenStreetMap/Overpass"}}, {"type": "Feature", "geometry": {"type": "Point", "coordinates": [13.3246976, 52.428836]}, "properties": {"id": "osm:node:13026297483", "type": "kindergarten", "name": "Königsberger Knirpse", "source": "OpenStreetMap/Overpass"}}, {"type": "Feature", "geometry": {"type": "Point", "coordinates": [13.512393, 52.4487599]}, "properties": {"id": "osm:node:13033464792", "type": "kindergarten", "name": "Kita Nusshütte", "source": "OpenStreetMap/Overpass"}}, {"type": "Feature", "geometry": {"type": "Point", "coordinates": [13.4472819, 52.5504641]}, "properties": {"id": "osm:node:13050559747", "type": "school", "name": "Ostkreuzschule für Fotografie", "source": "OpenStreetMap/Overpass"}}, {"type": "Feature", "geometry": {"type": "Point", "coordinates": [13.4246979, 52.4676565]}, "properties": {"id": "osm:node:13086243081", "type": "kindergarten", "name": "Kita Nägel & Köpfe", "source": "OpenStreetMap/Overpass"}}, {"type": "Feature", "geometry": {"type": "Point", "coordinates": [13.5641994, 52.5714464]}, "properties": {"id": "osm:node:13104025919", "type": "childcare", "name": "Wiesenflitzer", "source": "OpenStreetMap/Overpass"}}, {"type": "Feature", "geometry": {"type": "Point", "coordinates": [13.4757254, 52.5205051]}, "properties": {"id": "osm:node:13120721701", "type": "kindergarten", "name": "Kita Zaubertal", "source": "OpenStreetMap/Overpass"}}, {"type": "Feature", "geometry": {"type": "Point", "coordinates": [13.2969926, 52.6237468]}, "properties": {"id": "osm:node:13123138643", "type": "kindergarten", "name": "DoMinis", "source": "OpenStreetMap/Overpass"}}, {"type": "Feature", "geometry": {"type": "Point", "coordinates": [13.3622505, 52.5702201]}, "properties": {"id": "osm:node:13158196766", "type": "childcare", "name": "Kita Freude", "source": "OpenStreetMap/Overpass"}}, {"type": "Feature", "geometry": {"type": "Point", "coordinates": [13.3625471, 52.5411076]}, "properties": {"id": "osm:node:13167046688", "type": "kindergarten", "name": "Kita Arif und Alina", "source": "OpenStreetMap/Overpass"}}, {"type": "Feature", "geometry": {"type": "Point", "coordinates": [13.3129504, 52.669425]}, "properties": {"id": "osm:node:13202223401", "type": "kindergarten", "name": "Nötzold", "source": "OpenStreetMap/Overpass"}}, {"type": "Feature", "geometry": {"type": "Point", "coordinates": [13.4408501, 52.4890312]}, "properties": {"id": "osm:node:13248594232", "type": "kindergarten", "name": "Wichtelstube", "source": "OpenStreetMap/Overpass"}}, {"type": "Feature", "geometry": {"type": "Point", "coordinates": [13.4966734, 52.5142404]}, "properties": {"id": "osm:node:13252934401", "type": "childcare", "name": "Kita Laduschki", "source": "OpenStreetMap/Overpass"}}, {"type": "Feature", "geometry": {"type": "Point", "coordinates": [13.1860778, 52.5379929]}, "properties": {"id": "osm:node:13283570878", "type": "kindergarten", "name": "Kita Paradiesvögel", "source": "OpenStreetMap/Overpass"}}, {"type": "Feature", "geometry": {"type": "Point", "coordinates": [13.1798621, 52.5457229]}, "properties": {"id": "osm:node:13283570879", "type": "kindergarten", "name": "Kita Freuden-Hüpfer", "source": "OpenStreetMap/Overpass"}}, {"type": "Feature", "geometry": {"type": "Point", "coordinates": [13.3679256, 52.6078505]}, "properties": {"id": "osm:node:13290545536", "type": "kindergarten", "name": "Kita Alte Fasanerie", "source": "OpenStreetMap/Overpass"}}, {"type": "Feature", "geometry": {"type": "Point", "coordinates": [13.297085, 52.5286211]}, "properties": {"id": "osm:node:13290637645", "type": "kindergarten", "name": "Kita kleine Weltkinder", "source": "OpenStreetMap/Overpass"}}, {"type": "Feature", "geometry": {"type": "Point", "coordinates": [13.4338902, 52.5365101]}, "properties": {"id": "osm:node:13294592606", "type": "childcare", "name": "Zaubergarten", "source": "OpenStreetMap/Overpass"}}, {"type": "Feature", "geometry": {"type": "Point", "coordinates": [13.3152446, 52.5036956]}, "properties": {"id": "osm:node:13296522302", "type": "kindergarten", "name": "El Caracol", "source": "OpenStreetMap/Overpass"}}, {"type": "Feature", "geometry": {"type": "Point", "coordinates": [13.4952978, 52.5474007]}, "properties": {"id": "osm:node:13308076089", "type": "kindergarten", "name": "Villa Hopsefloh", "source": "OpenStreetMap/Overpass"}}, {"type": "Feature", "geometry": {"type": "Point", "coordinates": [13.3596591, 52.5419918]}, "properties": {"id": "osm:node:13316585617", "type": "childcare", "name": "Wolke7", "source": "OpenStreetMap/Overpass"}}, {"type": "Feature", "geometry": {"type": "Point", "coordinates": [13.4630322, 52.5129888]}, "properties": {"id": "osm:node:13318657997", "type": "childcare", "name": "Salabanda", "source": "OpenStreetMap/Overpass"}}, {"type": "Feature", "geometry": {"type": "Point", "coordinates": [13.4280148, 52.4912626]}, "properties": {"id": "osm:node:13340677575", "type": "kindergarten", "name": "Kinderladen Waffalbande", "source": "OpenStreetMap/Overpass"}}, {"type": "Feature", "geometry": {"type": "Point", "coordinates": [13.5204192, 52.4976188]}, "properties": {"id": "osm:node:13357175108", "type": "school", "name": "bbw Akademie für betriebswirtschaftliche Weiterbildung", "source": "OpenStreetMap/Overpass"}}, {"type": "Feature", "geometry": {"type": "Point", "coordinates": [13.3958509, 52.5668885]}, "properties": {"id": "osm:node:13363102309", "type": "childcare", "name": "kita tandem", "source": "OpenStreetMap/Overpass"}}, {"type": "Feature", "geometry": {"type": "Point", "coordinates": [13.4325117, 52.5399582]}, "properties": {"id": "osm:node:13382087501", "type": "kindergarten", "name": "Kita \"Remmi-Demmi\" im Ernst-Thälmann-Park", "source": "OpenStreetMap/Overpass"}}, {"type": "Feature", "geometry": {"type": "Point", "coordinates": [13.2842731, 52.6642273]}, "properties": {"id": "osm:node:13408359323", "type": "kindergarten", "name": "Kita an der Mosaik Grundschule", "source": "OpenStreetMap/Overpass"}}, {"type": "Feature", "geometry": {"type": "Point", "coordinates": [13.3458546, 52.5339843]}, "properties": {"id": "osm:way:4675785", "type": "school", "name": "Hedwig-Dohm-Schule", "source": "OpenStreetMap/Overpass"}}, {"type": "Feature", "geometry": {"type": "Point", "coordinates": [13.3574047, 52.522099]}, "properties": {"id": "osm:way:4675905", "type": "school", "name": "Moabiter Grundschule", "source": "OpenStreetMap/Overpass"}}, {"type": "Feature", "geometry": {"type": "Point", "coordinates": [13.358955, 52.5242575]}, "properties": {"id": "osm:way:4675932", "type": "school", "name": "Oberstufenzentrum Banken und Versicherungen", "source": "OpenStreetMap/Overpass"}}, {"type": "Feature", "geometry": {"type": "Point", "coordinates": [13.3399695, 52.5333195]}, "properties": {"id": "osm:way:4677755", "type": "school", "name": "Schul-Umwelt-Zentrum Mitte", "source": "OpenStreetMap/Overpass"}}, {"type": "Feature", "geometry": {"type": "Point", "coordinates": [13.3356696, 52.5324004]}, "properties": {"id": "osm:way:4703540", "type": "school", "name": "Theodor-Heuss-Gemeinschaftsschule (Grundstufe)", "source": "OpenStreetMap/Overpass"}}, {"type": "Feature", "geometry": {"type": "Point", "coordinates": [13.3320115, 52.5284209]}, "properties": {"id": "osm:way:4703555", "type": "school", "name": "Carl-Bolle-Grundschule", "source": "OpenStreetMap/Overpass"}}, {"type": "Feature", "geometry": {"type": "Point", "coordinates": [13.334603, 52.528047]}, "properties": {"id": "osm:way:4703652", "type": "school", "name": "St. Paulus Grundschule", "source": "OpenStreetMap/Overpass"}}, {"type": "Feature", "geometry": {"type": "Point", "coordinates": [13.3308253, 52.5231002]}, "properties": {"id": "osm:way:4720122", "type": "school", "name": "Miriam-Makeba-Grundschule", "source": "OpenStreetMap/Overpass"}}, {"type": "Feature", "geometry": {"type": "Point", "coordinates": [13.3017765, 52.5283094]}, "properties": {"id": "osm:way:4763894", "type": "school", "name": "Gottfried-Keller-Gymnasium", "source": "OpenStreetMap/Overpass"}}, {"type": "Feature", "geometry": {"type": "Point", "coordinates": [13.3036268, 52.5234521]}, "properties": {"id": "osm:way:4764105", "type": "school", "name": "Mierendorff-Grundschule", "source": "OpenStreetMap/Overpass"}}, {"type": "Feature", "geometry": {"type": "Point", "coordinates": [13.3103921, 52.5735433]}, "properties": {"id": "osm:way:7216384", "type": "school", "name": "Reineke-Fuchs-Grundschule", "source": "OpenStreetMap/Overpass"}}, {"type": "Feature", "geometry": {"type": "Point", "coordinates": [13.2704601, 52.5458922]}, "properties": {"id": "osm:way:8002327", "type": "school", "name": "", "source": "OpenStreetMap/Overpass"}}, {"type": "Feature", "geometry": {"type": "Point", "coordinates": [13.3004776, 52.5524115]}, "properties": {"id": "osm:way:8036855", "type": "school", "name": "Willkommensschule TXL", "source": "OpenStreetMap/Overpass"}}, {"type": "Feature", "geometry": {"type": "Point", "coordinates": [13.2996919, 52.5819441]}, "properties": {"id": "osm:way:8073110", "type": "school", "name": "Benjamin-Franklin-Oberschule", "source": "OpenStreetMap/Overpass"}}, {"type": "Feature", "geometry": {"type": "Point", "coordinates": [13.3187591, 52.4885345]}, "properties": {"id": "osm:way:8097859", "type": "school", "name": "Comenius-Schule", "source": "OpenStreetMap/Overpass"}}, {"type": "Feature", "geometry": {"type": "Point", "coordinates": [13.3187036, 52.4943648]}, "properties": {"id": "osm:way:8097860", "type": "school", "name": "Robert-Jungk-Oberschule", "source": "OpenStreetMap/Overpass"}}, {"type": "Feature", "geometry": {"type": "Point", "coordinates": [13.3126324, 52.4361925]}, "properties": {"id": "osm:way:8614319", "type": "school", "name": "Lilienthal-Gymnasium", "source": "OpenStreetMap/Overpass"}}, {"type": "Feature", "geometry": {"type": "Point", "coordinates": [13.3216582, 52.4873381]}, "properties": {"id": "osm:way:9511348", "type": "school", "name": "Goethe-Gymnasium", "source": "OpenStreetMap/Overpass"}}, {"type": "Feature", "geometry": {"type": "Point", "coordinates": [13.3246531, 52.5731619]}, "properties": {"id": "osm:way:9586247", "type": "school", "name": "Hermann-Schulz-Grundschule", "source": "OpenStreetMap/Overpass"}}, {"type": "Feature", "geometry": {"type": "Point", "coordinates": [13.3266226, 52.5686538]}, "properties": {"id": "osm:way:9590819", "type": "school", "name": "Mark-Twain-Grundschule", "source": "OpenStreetMap/Overpass"}}, {"type": "Feature", "geometry": {"type": "Point", "coordinates": [13.3249709, 52.4804351]}, "properties": {"id": "osm:way:9861650", "type": "school", "name": "Marie-Curie-Oberschule", "source": "OpenStreetMap/Overpass"}}, {"type": "Feature", "geometry": {"type": "Point", "coordinates": [13.3224209, 52.4805932]}, "properties": {"id": "osm:way:9861664", "type": "school", "name": "Birger-Forell-Grundschule", "source": "OpenStreetMap/Overpass"}}, {"type": "Feature", "geometry": {"type": "Point", "coordinates": [13.3184037, 52.4847131]}, "properties": {"id": "osm:way:9861854", "type": "school", "name": "Friedrich-Ebert-Gymnasium", "source": "OpenStreetMap/Overpass"}}, {"type": "Feature", "geometry": {"type": "Point", "coordinates": [13.576692, 52.5567176]}, "properties": {"id": "osm:way:9896817", "type": "school", "name": "Rudolf-Virchow-Oberschule", "source": "OpenStreetMap/Overpass"}}, {"type": "Feature", "geometry": {"type": "Point", "coordinates": [13.5629173, 52.558526]}, "properties": {"id": "osm:way:11377733", "type": "school", "name": "Gretel-Bergmann-Gemeinschaftsschule", "source": "OpenStreetMap/Overpass"}}, {"type": "Feature", "geometry": {"type": "Point", "coordinates": [13.5033205, 52.6306146]}, "properties": {"id": "osm:way:13677801", "type": "childcare", "name": "Kleine Raupe Nimmersatt", "source": "OpenStreetMap/Overpass"}}, {"type": "Feature", "geometry": {"type": "Point", "coordinates": [13.500653, 52.6250357]}, "properties": {"id": "osm:way:14123958", "type": "childcare", "name": "Haus 72", "source": "OpenStreetMap/Overpass"}}, {"type": "Feature", "geometry": {"type": "Point", "coordinates": [13.2935651, 52.4336393]}, "properties": {"id": "osm:way:19648980", "type": "school", "name": "Clemens-Brentano Grundschule", "source": "OpenStreetMap/Overpass"}}, {"type": "Feature", "geometry": {"type": "Point", "coordinates": [13.092963, 52.5595337]}, "properties": {"id": "osm:way:22763042", "type": "school", "name": "Allgemeine Förderschule \"Am Akazienhof\"", "source": "OpenStreetMap/Overpass"}}, {"type": "Feature", "geometry": {"type": "Point", "coordinates": [13.3009397, 52.5817006]}, "properties": {"id": "osm:way:23368595", "type": "school", "name": "Benjamin-Franklin-Oberschule", "source": "OpenStreetMap/Overpass"}}, {"type": "Feature", "geometry": {"type": "Point", "coordinates": [13.3622766, 52.472599]}, "properties": {"id": "osm:way:23490386", "type": "school", "name": "Gartenarbeitsschule Tempelhof-Schöneberg", "source": "OpenStreetMap/Overpass"}}, {"type": "Feature", "geometry": {"type": "Point", "coordinates": [13.3699742, 52.5636351]}, "properties": {"id": "osm:way:24003214", "type": "school", "name": "Reginhard-Grundschule", "source": "OpenStreetMap/Overpass"}}, {"type": "Feature", "geometry": {"type": "Point", "coordinates": [13.576818, 52.41968]}, "properties": {"id": "osm:way:24032239", "type": "school", "name": "Grünauer Schule", "source": "OpenStreetMap/Overpass"}}, {"type": "Feature", "geometry": {"type": "Point", "coordinates": [13.3543823, 52.5088259]}, "properties": {"id": "osm:way:24046057", "type": "school", "name": "Canisius-Kolleg Berlin (Jesuitengymnasium)", "source": "OpenStreetMap/Overpass"}}, {"type": "Feature", "geometry": {"type": "Point", "coordinates": [13.563963, 52.4010318]}, "properties": {"id": "osm:way:24051016", "type": "school", "name": "Fritz-Kühn-Schule", "source": "OpenStreetMap/Overpass"}}, {"type": "Feature", "geometry": {"type": "Point", "coordinates": [13.569952, 52.40392]}, "properties": {"id": "osm:way:24051169", "type": "kindergarten", "name": "Kita Buntzelzwerge", "source": "OpenStreetMap/Overpass"}}, {"type": "Feature", "geometry": {"type": "Point", "coordinates": [13.5443917, 52.4387847]}, "properties": {"id": "osm:way:24154870", "type": "school", "name": "Heide-Grundschule", "source": "OpenStreetMap/Overpass"}}, {"type": "Feature", "geometry": {"type": "Point", "coordinates": [13.5521781, 52.4426442]}, "properties": {"id": "osm:way:24155176", "type": "school", "name": "Heide-Grundschule Haus II", "source": "OpenStreetMap/Overpass"}}, {"type": "Feature", "geometry": {"type": "Point", "coordinates": [13.3106286, 52.4385235]}, "properties": {"id": "osm:way:24160576", "type": "school", "name": "Anna-Essinger-Gemeinschaftsschule (Sek I+II)", "source": "OpenStreetMap/Overpass"}}, {"type": "Feature", "geometry": {"type": "Point", "coordinates": [13.4879288, 52.4729638]}, "properties": {"id": "osm:way:24202514", "type": "school", "name": "Schule am Wildgarten", "source": "OpenStreetMap/Overpass"}}, {"type": "Feature", "geometry": {"type": "Point", "coordinates": [13.4849359, 52.476827]}, "properties": {"id": "osm:way:24202569", "type": "school", "name": "Sophie-Brahe-Gemeinschaftsschule", "source": "OpenStreetMap/Overpass"}}, {"type": "Feature", "geometry": {"type": "Point", "coordinates": [13.4794164, 52.4825013]}, "properties": {"id": "osm:way:24202604", "type": "school", "name": "Sophie-Brahe-Gemeinschaftsschule", "source": "OpenStreetMap/Overpass"}}, {"type": "Feature", "geometry": {"type": "Point", "coordinates": [13.4782591, 52.4817869]}, "properties": {"id": "osm:way:24202610", "type": "school", "name": "Sophie-Brahe-Gemeinschaftsschule", "source": "OpenStreetMap/Overpass"}}, {"type": "Feature", "geometry": {"type": "Point", "coordinates": [13.4786689, 52.4825522]}, "properties": {"id": "osm:way:24202621", "type": "school", "name": "Sophie-Brahe-Schule (Gemeinschaftsschule)", "source": "OpenStreetMap/Overpass"}}, {"type": "Feature", "geometry": {"type": "Point", "coordinates": [13.2890349, 52.5916174]}, "properties": {"id": "osm:way:24216428", "type": "school", "name": "Humboldt-Gymnasium Berlin-Tegel", "source": "OpenStreetMap/Overpass"}}, {"type": "Feature", "geometry": {"type": "Point", "coordinates": [13.47855, 52.4681631]}, "properties": {"id": "osm:way:24219821", "type": "school", "name": "Grundschule am Heidekampgraben", "source": "OpenStreetMap/Overpass"}}, {"type": "Feature", "geometry": {"type": "Point", "coordinates": [13.4879579, 52.4621186]}, "properties": {"id": "osm:way:24219879", "type": "school", "name": "Sonnenblumen-Grundschule", "source": "OpenStreetMap/Overpass"}}, {"type": "Feature", "geometry": {"type": "Point", "coordinates": [13.5228126, 52.4506877]}, "properties": {"id": "osm:way:24230892", "type": "school", "name": "Archenhold-Gymnasium", "source": "OpenStreetMap/Overpass"}}, {"type": "Feature", "geometry": {"type": "Point", "coordinates": [13.4998457, 52.3927508]}, "properties": {"id": "osm:way:24234229", "type": "school", "name": "Astrid-Lindgren-Grundschule", "source": "OpenStreetMap/Overpass"}}, {"type": "Feature", "geometry": {"type": "Point", "coordinates": [13.4629201, 52.5172398]}, "properties": {"id": "osm:way:24264068", "type": "school", "name": "Heinrich-Hertz-Gymnasium", "source": "OpenStreetMap/Overpass"}}, {"type": "Feature", "geometry": {"type": "Point", "coordinates": [13.6208866, 52.3768893]}, "properties": {"id": "osm:way:24278013", "type": "school", "name": "Humboldt-Grundschule", "source": "OpenStreetMap/Overpass"}}, {"type": "Feature", "geometry": {"type": "Point", "coordinates": [13.618236, 52.3740949]}, "properties": {"id": "osm:way:24278072", "type": "school", "name": "Humboldt-Gymnasium", "source": "OpenStreetMap/Overpass"}}, {"type": "Feature", "geometry": {"type": "Point", "coordinates": [13.6143376, 52.3642401]}, "properties": {"id": "osm:way:24278923", "type": "kindergarten", "name": "Haus Pinoccio", "source": "OpenStreetMap/Overpass"}}, {"type": "Feature", "geometry": {"type": "Point", "coordinates": [13.5921821, 52.3595522]}, "properties": {"id": "osm:way:24283640", "type": "school", "name": "Grundschule Schulzendorf", "source": "OpenStreetMap/Overpass"}}, {"type": "Feature", "geometry": {"type": "Point", "coordinates": [13.7572458, 52.4166523]}, "properties": {"id": "osm:way:24284254", "type": "school", "name": "MORUS-Oberschule Erkner", "source": "OpenStreetMap/Overpass"}}, {"type": "Feature", "geometry": {"type": "Point", "coordinates": [13.7447303, 52.4197827]}, "properties": {"id": "osm:way:24299697", "type": "school", "name": "Förderschule für geistig Behinderte \"Regine Hildebrandt\"", "source": "OpenStreetMap/Overpass"}}, {"type": "Feature", "geometry": {"type": "Point", "coordinates": [13.3330717, 52.4168325]}, "properties": {"id": "osm:way:24305394", "type": "school", "name": "Grundschule am Karpfenteich", "source": "OpenStreetMap/Overpass"}}, {"type": "Feature", "geometry": {"type": "Point", "coordinates": [13.325369, 52.4259385]}, "properties": {"id": "osm:way:24305445", "type": "school", "name": "Grundschule unter den Kastanien", "source": "OpenStreetMap/Overpass"}}, {"type": "Feature", "geometry": {"type": "Point", "coordinates": [13.3293376, 52.5610071]}, "properties": {"id": "osm:way:24336072", "type": "school", "name": "Schul-Umwelt-Zentrum Mitte - Gartenarbeitsschule Wedding", "source": "OpenStreetMap/Overpass"}}, {"type": "Feature", "geometry": {"type": "Point", "coordinates": [13.3201917, 52.6154864]}, "properties": {"id": "osm:way:24555831", "type": "school", "name": "Grundschule am Fließtal", "source": "OpenStreetMap/Overpass"}}, {"type": "Feature", "geometry": {"type": "Point", "coordinates": [13.3057881, 52.5883744]}, "properties": {"id": "osm:way:24608193", "type": "school", "name": "Borsigwalder Grundschule", "source": "OpenStreetMap/Overpass"}}, {"type": "Feature", "geometry": {"type": "Point", "coordinates": [13.3046965, 52.5890854]}, "properties": {"id": "osm:way:24608194", "type": "school", "name": "Toulouse-Lautrec-Schule", "source": "OpenStreetMap/Overpass"}}, {"type": "Feature", "geometry": {"type": "Point", "coordinates": [13.354093, 52.5729621]}, "properties": {"id": "osm:way:24608223", "type": "school", "name": "Paul-Löbe-Oberschule", "source": "OpenStreetMap/Overpass"}}, {"type": "Feature", "geometry": {"type": "Point", "coordinates": [13.293035, 52.485195]}, "properties": {"id": "osm:way:24864104", "type": "school", "name": "Evangelisches Gymnasium zum Grauen Kloster", "source": "OpenStreetMap/Overpass"}}, {"type": "Feature", "geometry": {"type": "Point", "coordinates": [13.3798071, 52.5435358]}, "properties": {"id": "osm:way:24917388", "type": "school", "name": "Humboldthain Grundschule", "source": "OpenStreetMap/Overpass"}}, {"type": "Feature", "geometry": {"type": "Point", "coordinates": [13.7369152, 52.3913259]}, "properties": {"id": "osm:way:24927244", "type": "school", "name": "Grundschule", "source": "OpenStreetMap/Overpass"}}, {"type": "Feature", "geometry": {"type": "Point", "coordinates": [13.1241484, 52.5538981]}, "properties": {"id": "osm:way:24927638", "type": "kindergarten", "name": "Kita Seegefelder Strolche", "source": "OpenStreetMap/Overpass"}}, {"type": "Feature", "geometry": {"type": "Point", "coordinates": [13.5768786, 52.562958]}, "properties": {"id": "osm:way:24936345", "type": "kindergarten", "name": "Kita Montessori-Kinderhaus", "source": "OpenStreetMap/Overpass"}}, {"type": "Feature", "geometry": {"type": "Point", "coordinates": [13.3434306, 52.5739892]}, "properties": {"id": "osm:way:24951666", "type": "school", "name": "Till-Eulenspiegel-Grundschule", "source": "OpenStreetMap/Overpass"}}, {"type": "Feature", "geometry": {"type": "Point", "coordinates": [13.3567982, 52.569654]}, "properties": {"id": "osm:way:24951769", "type": "school", "name": "Friedrich-Engels-Gymnasium", "source": "OpenStreetMap/Overpass"}}, {"type": "Feature", "geometry": {"type": "Point", "coordinates": [13.3149709, 52.5723327]}, "properties": {"id": "osm:way:25024442", "type": "school", "name": "Max-Beckmann-Oberschule", "source": "OpenStreetMap/Overpass"}}, {"type": "Feature", "geometry": {"type": "Point", "coordinates": [13.1884981, 52.5271312]}, "properties": {"id": "osm:way:25146960", "type": "school", "name": "Schule am Gartenfeld - Filialstandort", "source": "OpenStreetMap/Overpass"}}, {"type": "Feature", "geometry": {"type": "Point", "coordinates": [13.3458583, 52.40702]}, "properties": {"id": "osm:way:25310181", "type": "school", "name": "ehem. Gustav-Heinemann-Oberschule", "source": "OpenStreetMap/Overpass"}}, {"type": "Feature", "geometry": {"type": "Point", "coordinates": [13.3658268, 52.5704439]}, "properties": {"id": "osm:way:25341672", "type": "school", "name": "Gustav-Freytag-Schule", "source": "OpenStreetMap/Overpass"}}, {"type": "Feature", "geometry": {"type": "Point", "coordinates": [13.305939, 52.4364542]}, "properties": {"id": "osm:way:25492400", "type": "school", "name": "Max-von-Laue Oberschule", "source": "OpenStreetMap/Overpass"}}, {"type": "Feature", "geometry": {"type": "Point", "coordinates": [13.2575503, 52.4283568]}, "properties": {"id": "osm:way:25492450", "type": "school", "name": "Droste-Hülshoff-Oberschule", "source": "OpenStreetMap/Overpass"}}, {"type": "Feature", "geometry": {"type": "Point", "coordinates": [13.3660224, 52.4137622]}, "properties": {"id": "osm:way:25492663", "type": "school", "name": "Solling Oberschule", "source": "OpenStreetMap/Overpass"}}, {"type": "Feature", "geometry": {"type": "Point", "coordinates": [13.3683948, 52.5719012]}, "properties": {"id": "osm:way:25538670", "type": "school", "name": "Bertha-von-Suttner-Oberschule", "source": "OpenStreetMap/Overpass"}}, {"type": "Feature", "geometry": {"type": "Point", "coordinates": [13.4648068, 52.4676999]}, "properties": {"id": "osm:way:25729698", "type": "school", "name": "Kepler-Schule", "source": "OpenStreetMap/Overpass"}}, {"type": "Feature", "geometry": {"type": "Point", "coordinates": [13.4628348, 52.5474094]}, "properties": {"id": "osm:way:25759960", "type": "kindergarten", "name": "Kita Kinderzeit", "source": "OpenStreetMap/Overpass"}}, {"type": "Feature", "geometry": {"type": "Point", "coordinates": [13.4840694, 52.5366145]}, "properties": {"id": "osm:way:25823723", "type": "school", "name": "Gutenberg-Oberschule", "source": "OpenStreetMap/Overpass"}}, {"type": "Feature", "geometry": {"type": "Point", "coordinates": [13.4831889, 52.5370657]}, "properties": {"id": "osm:way:25823867", "type": "school", "name": "Grundschule Am Wilhelmsberg", "source": "OpenStreetMap/Overpass"}}, {"type": "Feature", "geometry": {"type": "Point", "coordinates": [13.477124, 52.5543017]}, "properties": {"id": "osm:way:25843500", "type": "school", "name": "Grundschule am Weißensee", "source": "OpenStreetMap/Overpass"}}, {"type": "Feature", "geometry": {"type": "Point", "coordinates": [13.4541531, 52.5511546]}, "properties": {"id": "osm:way:26298848", "type": "school", "name": "Primo-Levi-Gymnasium Haus A", "source": "OpenStreetMap/Overpass"}}, {"type": "Feature", "geometry": {"type": "Point", "coordinates": [13.1325312, 52.3760308]}, "properties": {"id": "osm:way:26562581", "type": "school", "name": "Leibniz-Gymnasium", "source": "OpenStreetMap/Overpass"}}, {"type": "Feature", "geometry": {"type": "Point", "coordinates": [13.1343922, 52.3760472]}, "properties": {"id": "osm:way:26562615", "type": "school", "name": "Grundschule am Pappelhain", "source": "OpenStreetMap/Overpass"}}, {"type": "Feature", "geometry": {"type": "Point", "coordinates": [13.6292415, 52.3596149]}, "properties": {"id": "osm:way:27006442", "type": "kindergarten", "name": "Kindertagesstätte", "source": "OpenStreetMap/Overpass"}}, {"type": "Feature", "geometry": {"type": "Point", "coordinates": [13.6278467, 52.3532606]}, "properties": {"id": "osm:way:27023605", "type": "school", "name": "Paul-Dessau-Gesamtschule", "source": "OpenStreetMap/Overpass"}}, {"type": "Feature", "geometry": {"type": "Point", "coordinates": [13.4062621, 52.4201743]}, "properties": {"id": "osm:way:27041073", "type": "school", "name": "Grundschule am Sandsteinweg", "source": "OpenStreetMap/Overpass"}}, {"type": "Feature", "geometry": {"type": "Point", "coordinates": [13.5960329, 52.4277286]}, "properties": {"id": "osm:way:27051480", "type": "school", "name": "Freie Montessori Schule", "source": "OpenStreetMap/Overpass"}}, {"type": "Feature", "geometry": {"type": "Point", "coordinates": [13.5900489, 52.4378779]}, "properties": {"id": "osm:way:27052012", "type": "school", "name": "W-I-R Grundschule Pfefferwerk", "source": "OpenStreetMap/Overpass"}}, {"type": "Feature", "geometry": {"type": "Point", "coordinates": [13.3077472, 52.4108619]}, "properties": {"id": "osm:way:27347283", "type": "kindergarten", "name": "Humanistische Kindertagesstätte Regenbogen", "source": "OpenStreetMap/Overpass"}}, {"type": "Feature", "geometry": {"type": "Point", "coordinates": [13.5567641, 52.4905732]}, "properties": {"id": "osm:way:27527589", "type": "school", "name": "Georg-Klingenberg-Schule", "source": "OpenStreetMap/Overpass"}}, {"type": "Feature", "geometry": {"type": "Point", "coordinates": [13.3502222, 52.4647218]}, "properties": {"id": "osm:way:27567827", "type": "kindergarten", "name": "Kita Riemenschneiderweg", "source": "OpenStreetMap/Overpass"}}, {"type": "Feature", "geometry": {"type": "Point", "coordinates": [13.2354073, 52.412469]}, "properties": {"id": "osm:way:27631559", "type": "school", "name": "Eigenherd-Schule Kleinmachnow", "source": "OpenStreetMap/Overpass"}}, {"type": "Feature", "geometry": {"type": "Point", "coordinates": [13.2387641, 52.3959491]}, "properties": {"id": "osm:way:27631656", "type": "school", "name": "Oberstufenzentrum Technik", "source": "OpenStreetMap/Overpass"}}, {"type": "Feature", "geometry": {"type": "Point", "coordinates": [13.0993346, 52.372398]}, "properties": {"id": "osm:way:27739890", "type": "childcare", "name": "", "source": "OpenStreetMap/Overpass"}}, {"type": "Feature", "geometry": {"type": "Point", "coordinates": [13.2163924, 52.4005164]}, "properties": {"id": "osm:way:27885226", "type": "school", "name": "Berlin Brandenburg International School", "source": "OpenStreetMap/Overpass"}}, {"type": "Feature", "geometry": {"type": "Point", "coordinates": [13.2210504, 52.4010509]}, "properties": {"id": "osm:way:27885469", "type": "school", "name": "Freie Waldorfschule Kleinmachnow", "source": "OpenStreetMap/Overpass"}}, {"type": "Feature", "geometry": {"type": "Point", "coordinates": [13.2116689, 52.4117575]}, "properties": {"id": "osm:way:27926356", "type": "school", "name": "Steinweg-Grundschule", "source": "OpenStreetMap/Overpass"}}, {"type": "Feature", "geometry": {"type": "Point", "coordinates": [13.2613775, 52.3734326]}, "properties": {"id": "osm:way:28028373", "type": "school", "name": "Grundschule am Röthepfuhl", "source": "OpenStreetMap/Overpass"}}, {"type": "Feature", "geometry": {"type": "Point", "coordinates": [13.7032253, 52.3892091]}, "properties": {"id": "osm:way:28245557", "type": "kindergarten", "name": "", "source": "OpenStreetMap/Overpass"}}, {"type": "Feature", "geometry": {"type": "Point", "coordinates": [13.7308117, 52.4015048]}, "properties": {"id": "osm:way:28256173", "type": "school", "name": "Freilandlabor Kaniswall", "source": "OpenStreetMap/Overpass"}}, {"type": "Feature", "geometry": {"type": "Point", "coordinates": [13.2052419, 52.3828357]}, "properties": {"id": "osm:way:28345622", "type": "school", "name": "Grundschule Heinrich Zille", "source": "OpenStreetMap/Overpass"}}, {"type": "Feature", "geometry": {"type": "Point", "coordinates": [13.37159, 52.5433848]}, "properties": {"id": "osm:way:28478977", "type": "school", "name": "Schule am Zille-Park", "source": "OpenStreetMap/Overpass"}}, {"type": "Feature", "geometry": {"type": "Point", "coordinates": [13.5564055, 52.5656682]}, "properties": {"id": "osm:way:28681488", "type": "school", "name": "Falken-Grundschule", "source": "OpenStreetMap/Overpass"}}, {"type": "Feature", "geometry": {"type": "Point", "coordinates": [13.5722952, 52.5631343]}, "properties": {"id": "osm:way:28685887", "type": "school", "name": "Ebereschen-Grundschule", "source": "OpenStreetMap/Overpass"}}, {"type": "Feature", "geometry": {"type": "Point", "coordinates": [13.5764187, 52.5713776]}, "properties": {"id": "osm:way:28762005", "type": "school", "name": "Paavo-Nurmi-Grundschule", "source": "OpenStreetMap/Overpass"}}, {"type": "Feature", "geometry": {"type": "Point", "coordinates": [13.3426102, 52.5745375]}, "properties": {"id": "osm:way:28822520", "type": "kindergarten", "name": "", "source": "OpenStreetMap/Overpass"}}, {"type": "Feature", "geometry": {"type": "Point", "coordinates": [13.3735168, 52.5696503]}, "properties": {"id": "osm:way:28822951", "type": "school", "name": "Hausotter-Grundschule", "source": "OpenStreetMap/Overpass"}}, {"type": "Feature", "geometry": {"type": "Point", "coordinates": [13.3353154, 52.5155285]}, "properties": {"id": "osm:way:29011904", "type": "childcare", "name": "Kita an der UdK und TU Berlin", "source": "OpenStreetMap/Overpass"}}, {"type": "Feature", "geometry": {"type": "Point", "coordinates": [13.4272039, 52.5201689]}, "properties": {"id": "osm:way:29056071", "type": "kindergarten", "name": "Kita Weydemeyerstraße", "source": "OpenStreetMap/Overpass"}}, {"type": "Feature", "geometry": {"type": "Point", "coordinates": [13.5693048, 52.5675815]}, "properties": {"id": "osm:way:29064530", "type": "school", "name": "Selma-Lagerlöf-Grundschule", "source": "OpenStreetMap/Overpass"}}, {"type": "Feature", "geometry": {"type": "Point", "coordinates": [13.1528761, 52.5362591]}, "properties": {"id": "osm:way:29237191", "type": "school", "name": "Grundschule am Brandwerder", "source": "OpenStreetMap/Overpass"}}, {"type": "Feature", "geometry": {"type": "Point", "coordinates": [13.5333424, 52.6020551]}, "properties": {"id": "osm:way:29404624", "type": "school", "name": "Grundschule Lindenberg", "source": "OpenStreetMap/Overpass"}}, {"type": "Feature", "geometry": {"type": "Point", "coordinates": [13.5141456, 52.5247775]}, "properties": {"id": "osm:way:29432246", "type": "school", "name": "Schulkomplex Allee der Kosmonauten 22", "source": "OpenStreetMap/Overpass"}}, {"type": "Feature", "geometry": {"type": "Point", "coordinates": [13.3639583, 52.4177286]}, "properties": {"id": "osm:way:29715437", "type": "school", "name": "Steinwald-Schule", "source": "OpenStreetMap/Overpass"}}, {"type": "Feature", "geometry": {"type": "Point", "coordinates": [13.3619169, 52.4322712]}, "properties": {"id": "osm:way:30094204", "type": "school", "name": "Ludwig-Bechstein-Grundschule", "source": "OpenStreetMap/Overpass"}}, {"type": "Feature", "geometry": {"type": "Point", "coordinates": [13.3749907, 52.5212841]}, "properties": {"id": "osm:way:30349234", "type": "kindergarten", "name": "Betriebskindertagesstätte des Deutschen Bundestages", "source": "OpenStreetMap/Overpass"}}, {"type": "Feature", "geometry": {"type": "Point", "coordinates": [13.568231, 52.5429099]}, "properties": {"id": "osm:way:30611503", "type": "kindergarten", "name": "Kita Hummelburg", "source": "OpenStreetMap/Overpass"}}, {"type": "Feature", "geometry": {"type": "Point", "coordinates": [13.3021905, 52.6165478]}, "properties": {"id": "osm:way:30628469", "type": "school", "name": "Georg-Herwegh-Gymnasium", "source": "OpenStreetMap/Overpass"}}, {"type": "Feature", "geometry": {"type": "Point", "coordinates": [13.3287514, 52.5867726]}, "properties": {"id": "osm:way:30728948", "type": "school", "name": "Peter-Witte-Grundschule", "source": "OpenStreetMap/Overpass"}}, {"type": "Feature", "geometry": {"type": "Point", "coordinates": [13.2330607, 52.6083754]}, "properties": {"id": "osm:way:30784491", "type": "school", "name": "Ellef-Ringnes-Grundschule", "source": "OpenStreetMap/Overpass"}}, {"type": "Feature", "geometry": {"type": "Point", "coordinates": [13.5422539, 52.5296751]}, "properties": {"id": "osm:way:31262071", "type": "school", "name": "Grundschule unter dem Regenbogen", "source": "OpenStreetMap/Overpass"}}, {"type": "Feature", "geometry": {"type": "Point", "coordinates": [13.5519077, 52.5330258]}, "properties": {"id": "osm:way:31262081", "type": "school", "name": "Wilhelm-von-Siemens-Gymnasium", "source": "OpenStreetMap/Overpass"}}, {"type": "Feature", "geometry": {"type": "Point", "coordinates": [13.5480288, 52.5290272]}, "properties": {"id": "osm:way:31262109", "type": "school", "name": "Internationale Lomonossow-Campus", "source": "OpenStreetMap/Overpass"}}, {"type": "Feature", "geometry": {"type": "Point", "coordinates": [13.5525792, 52.5375679]}, "properties": {"id": "osm:way:31262304", "type": "school", "name": "Grundschule an der Geißenweide", "source": "OpenStreetMap/Overpass"}}, {"type": "Feature", "geometry": {"type": "Point", "coordinates": [13.3339008, 52.5551457]}, "properties": {"id": "osm:way:31264995", "type": "school", "name": "Möwensee Grundschule", "source": "OpenStreetMap/Overpass"}}, {"type": "Feature", "geometry": {"type": "Point", "coordinates": [13.2896953, 52.4402245]}, "properties": {"id": "osm:way:31536816", "type": "kindergarten", "name": "Sonnenkita Athene", "source": "OpenStreetMap/Overpass"}}, {"type": "Feature", "geometry": {"type": "Point", "coordinates": [13.404861, 52.4219519]}, "properties": {"id": "osm:way:31537598", "type": "kindergarten", "name": "Kita Grashüpfer", "source": "OpenStreetMap/Overpass"}}, {"type": "Feature", "geometry": {"type": "Point", "coordinates": [13.1968372, 52.5697816]}, "properties": {"id": "osm:way:31565468", "type": "school", "name": "Haus der Schwestern und Brüder", "source": "OpenStreetMap/Overpass"}}, {"type": "Feature", "geometry": {"type": "Point", "coordinates": [13.2349397, 52.3953674]}, "properties": {"id": "osm:way:31679289", "type": "school", "name": "Evangelische Grundschule Kleinmachnow", "source": "OpenStreetMap/Overpass"}}, {"type": "Feature", "geometry": {"type": "Point", "coordinates": [13.108512, 52.5704595]}, "properties": {"id": "osm:way:31732802", "type": "school", "name": "Gesamtschule Immanuel Kant mit gymnasialer Oberstufe", "source": "OpenStreetMap/Overpass"}}, {"type": "Feature", "geometry": {"type": "Point", "coordinates": [13.3733466, 52.4159392]}, "properties": {"id": "osm:way:31758920", "type": "school", "name": "Kiepert Grundschule", "source": "OpenStreetMap/Overpass"}}, {"type": "Feature", "geometry": {"type": "Point", "coordinates": [13.1070112, 52.3388598]}, "properties": {"id": "osm:way:31892968", "type": "school", "name": "Otto-Nagel-Grundschule", "source": "OpenStreetMap/Overpass"}}, {"type": "Feature", "geometry": {"type": "Point", "coordinates": [13.5703323, 52.5401306]}, "properties": {"id": "osm:way:32064894", "type": "school", "name": "Haus des Sports, der Bildung und Bewegung", "source": "OpenStreetMap/Overpass"}}, {"type": "Feature", "geometry": {"type": "Point", "coordinates": [13.2209373, 52.3896697]}, "properties": {"id": "osm:way:32135554", "type": "school", "name": "Lindenhof-Grundschule Stahnsdorf", "source": "OpenStreetMap/Overpass"}}, {"type": "Feature", "geometry": {"type": "Point", "coordinates": [13.5729448, 52.5422815]}, "properties": {"id": "osm:way:32138683", "type": "kindergarten", "name": "Kita Abenteuerland", "source": "OpenStreetMap/Overpass"}}, {"type": "Feature", "geometry": {"type": "Point", "coordinates": [13.3051168, 52.5845588]}, "properties": {"id": "osm:way:32279578", "type": "school", "name": "", "source": "OpenStreetMap/Overpass"}}, {"type": "Feature", "geometry": {"type": "Point", "coordinates": [13.5134893, 52.5628846]}, "properties": {"id": "osm:way:32337375", "type": "school", "name": "Schule Am Breiten Luch", "source": "OpenStreetMap/Overpass"}}, {"type": "Feature", "geometry": {"type": "Point", "coordinates": [13.5125835, 52.5638662]}, "properties": {"id": "osm:way:32337480", "type": "school", "name": "Martin-Niemöller-Grundschule", "source": "OpenStreetMap/Overpass"}}, {"type": "Feature", "geometry": {"type": "Point", "coordinates": [13.4622218, 52.5003754]}, "properties": {"id": "osm:way:32495486", "type": "school", "name": "Gartenarbeitsschule Friedrichshain-Kreuzberg", "source": "OpenStreetMap/Overpass"}}, {"type": "Feature", "geometry": {"type": "Point", "coordinates": [13.2832284, 52.5737553]}, "properties": {"id": "osm:way:32591709", "type": "school", "name": "Alfred-Brehm-Grundschule", "source": "OpenStreetMap/Overpass"}}, {"type": "Feature", "geometry": {"type": "Point", "coordinates": [13.476636, 52.4934563]}, "properties": {"id": "osm:way:32595656", "type": "school", "name": "Thalia-Grundschule", "source": "OpenStreetMap/Overpass"}}, {"type": "Feature", "geometry": {"type": "Point", "coordinates": [13.2185139, 52.4025125]}, "properties": {"id": "osm:way:32962242", "type": "kindergarten", "name": "Kath. Kindergarten Thomas Morus", "source": "OpenStreetMap/Overpass"}}, {"type": "Feature", "geometry": {"type": "Point", "coordinates": [13.5696834, 52.4017188]}, "properties": {"id": "osm:way:33538548", "type": "school", "name": "Fritz-Kühn-Schule", "source": "OpenStreetMap/Overpass"}}, {"type": "Feature", "geometry": {"type": "Point", "coordinates": [13.4872294, 52.6198077]}, "properties": {"id": "osm:way:33625906", "type": "school", "name": "Grundschule im Panketal", "source": "OpenStreetMap/Overpass"}}, {"type": "Feature", "geometry": {"type": "Point", "coordinates": [13.5616722, 52.5458994]}, "properties": {"id": "osm:way:33818458", "type": "kindergarten", "name": "Kita Knirpsenhaus", "source": "OpenStreetMap/Overpass"}}, {"type": "Feature", "geometry": {"type": "Point", "coordinates": [13.4227273, 52.5623287]}, "properties": {"id": "osm:way:33874953", "type": "kindergarten", "name": "Kindergarten Wolkenhaus", "source": "OpenStreetMap/Overpass"}}, {"type": "Feature", "geometry": {"type": "Point", "coordinates": [13.4082944, 52.55988]}, "properties": {"id": "osm:way:33878248", "type": "school", "name": "Klecks Grundschule", "source": "OpenStreetMap/Overpass"}}, {"type": "Feature", "geometry": {"type": "Point", "coordinates": [13.2125364, 52.4317192]}, "properties": {"id": "osm:way:34043307", "type": "school", "name": "Johannes-Tews-Grundschule", "source": "OpenStreetMap/Overpass"}}, {"type": "Feature", "geometry": {"type": "Point", "coordinates": [13.1467894, 52.415024]}, "properties": {"id": "osm:way:34088999", "type": "school", "name": "Conrad-Schule", "source": "OpenStreetMap/Overpass"}}, {"type": "Feature", "geometry": {"type": "Point", "coordinates": [13.5305589, 52.6551755]}, "properties": {"id": "osm:way:34131588", "type": "school", "name": "Grundschule Zepernick", "source": "OpenStreetMap/Overpass"}}, {"type": "Feature", "geometry": {"type": "Point", "coordinates": [13.5302081, 52.6564753]}, "properties": {"id": "osm:way:34131603", "type": "school", "name": "Wilhelm-Conrad-Röntgen-Gesamtschule", "source": "OpenStreetMap/Overpass"}}, {"type": "Feature", "geometry": {"type": "Point", "coordinates": [13.6018707, 52.6729241]}, "properties": {"id": "osm:way:34176347", "type": "kindergarten", "name": "KiTa Regenbogen", "source": "OpenStreetMap/Overpass"}}, {"type": "Feature", "geometry": {"type": "Point", "coordinates": [13.4739214, 52.466655]}, "properties": {"id": "osm:way:34202604", "type": "school", "name": "Grundschule in der Köllnischen Heide", "source": "OpenStreetMap/Overpass"}}, {"type": "Feature", "geometry": {"type": "Point", "coordinates": [13.4045005, 52.3860378]}, "properties": {"id": "osm:way:34375326", "type": "school", "name": "Käthe-Kollwitz-Grundschule", "source": "OpenStreetMap/Overpass"}}, {"type": "Feature", "geometry": {"type": "Point", "coordinates": [13.4037749, 52.3859048]}, "properties": {"id": "osm:way:34375338", "type": "school", "name": "Ulrich-von-Hutten-Oberschule", "source": "OpenStreetMap/Overpass"}}, {"type": "Feature", "geometry": {"type": "Point", "coordinates": [13.1816829, 52.4926141]}, "properties": {"id": "osm:way:34403126", "type": "kindergarten", "name": "Kita Havelbande", "source": "OpenStreetMap/Overpass"}}, {"type": "Feature", "geometry": {"type": "Point", "coordinates": [13.4362361, 52.4191309]}, "properties": {"id": "osm:way:35085394", "type": "school", "name": "Leonardo-da-Vinci-Gymnasium", "source": "OpenStreetMap/Overpass"}}, {"type": "Feature", "geometry": {"type": "Point", "coordinates": [13.5331013, 52.5684643]}, "properties": {"id": "osm:way:35098482", "type": "school", "name": "Feldmark Grundschule", "source": "OpenStreetMap/Overpass"}}, {"type": "Feature", "geometry": {"type": "Point", "coordinates": [13.4381939, 52.5154757]}, "properties": {"id": "osm:way:35140440", "type": "school", "name": "Ellen-Key-Oberschule", "source": "OpenStreetMap/Overpass"}}, {"type": "Feature", "geometry": {"type": "Point", "coordinates": [13.5563871, 52.5530828]}, "properties": {"id": "osm:way:35387618", "type": "school", "name": "Tagore-Gymnasium", "source": "OpenStreetMap/Overpass"}}, {"type": "Feature", "geometry": {"type": "Point", "coordinates": [13.517237, 52.6479597]}, "properties": {"id": "osm:way:35573501", "type": "kindergarten", "name": "Villa Kunterbunt", "source": "OpenStreetMap/Overpass"}}, {"type": "Feature", "geometry": {"type": "Point", "coordinates": [13.5297289, 52.5690708]}, "properties": {"id": "osm:way:35574500", "type": "school", "name": "36.Grundschule Berlin Lichtenberg", "source": "OpenStreetMap/Overpass"}}, {"type": "Feature", "geometry": {"type": "Point", "coordinates": [13.3563129, 52.4885963]}, "properties": {"id": "osm:way:35636542", "type": "kindergarten", "name": "Kita Vorbergstraße", "source": "OpenStreetMap/Overpass"}}, {"type": "Feature", "geometry": {"type": "Point", "coordinates": [13.5153814, 52.6507177]}, "properties": {"id": "osm:way:35825347", "type": "kindergarten", "name": "Knirpsenstadt", "source": "OpenStreetMap/Overpass"}}, {"type": "Feature", "geometry": {"type": "Point", "coordinates": [13.5191944, 52.5638715]}, "properties": {"id": "osm:way:35929194", "type": "school", "name": "Randow-Grundschule", "source": "OpenStreetMap/Overpass"}}, {"type": "Feature", "geometry": {"type": "Point", "coordinates": [13.4667056, 52.4724911]}, "properties": {"id": "osm:way:36303926", "type": "school", "name": "Sonnen-Grundschule", "source": "OpenStreetMap/Overpass"}}, {"type": "Feature", "geometry": {"type": "Point", "coordinates": [13.7534664, 52.4161551]}, "properties": {"id": "osm:way:36467108", "type": "school", "name": "Carl-Bechstein-Gymnasium", "source": "OpenStreetMap/Overpass"}}, {"type": "Feature", "geometry": {"type": "Point", "coordinates": [13.4575483, 52.5554977]}, "properties": {"id": "osm:way:36824628", "type": "school", "name": "Grundschule am Weißensee", "source": "OpenStreetMap/Overpass"}}, {"type": "Feature", "geometry": {"type": "Point", "coordinates": [13.3554659, 52.6029986]}, "properties": {"id": "osm:way:36878354", "type": "school", "name": "Bettina-von-Arnim Oberschule", "source": "OpenStreetMap/Overpass"}}, {"type": "Feature", "geometry": {"type": "Point", "coordinates": [13.7364574, 52.3915904]}, "properties": {"id": "osm:way:36952172", "type": "school", "name": "Docemus Campus Neu Zittau", "source": "OpenStreetMap/Overpass"}}, {"type": "Feature", "geometry": {"type": "Point", "coordinates": [13.447584, 52.3969936]}, "properties": {"id": "osm:way:37053751", "type": "kindergarten", "name": "Paul-Maar-Grundschule (Hort)", "source": "OpenStreetMap/Overpass"}}, {"type": "Feature", "geometry": {"type": "Point", "coordinates": [13.4027503, 52.3854842]}, "properties": {"id": "osm:way:37285408", "type": "school", "name": "Käthe-Kollwitz-Grundschule", "source": "OpenStreetMap/Overpass"}}, {"type": "Feature", "geometry": {"type": "Point", "coordinates": [13.4795348, 52.6089331]}, "properties": {"id": "osm:way:37340844", "type": "school", "name": "Grundschule Alt-Karow", "source": "OpenStreetMap/Overpass"}}, {"type": "Feature", "geometry": {"type": "Point", "coordinates": [13.3019896, 52.5027353]}, "properties": {"id": "osm:way:37559666", "type": "school", "name": "Paula-Fürst-Schule", "source": "OpenStreetMap/Overpass"}}, {"type": "Feature", "geometry": {"type": "Point", "coordinates": [13.4291261, 52.5040858]}, "properties": {"id": "osm:way:37637128", "type": "school", "name": "Freie Schule Kreuzberg", "source": "OpenStreetMap/Overpass"}}, {"type": "Feature", "geometry": {"type": "Point", "coordinates": [13.4828919, 52.53246]}, "properties": {"id": "osm:way:38244926", "type": "kindergarten", "name": "Kita Die schlauen Mäuschen", "source": "OpenStreetMap/Overpass"}}, {"type": "Feature", "geometry": {"type": "Point", "coordinates": [13.7481617, 52.4374227]}, "properties": {"id": "osm:way:38366690", "type": "school", "name": "", "source": "OpenStreetMap/Overpass"}}, {"type": "Feature", "geometry": {"type": "Point", "coordinates": [13.669266, 52.3417418]}, "properties": {"id": "osm:way:38417586", "type": "school", "name": "Freie Montessori Grundschule Königs Wusterhausen", "source": "OpenStreetMap/Overpass"}}, {"type": "Feature", "geometry": {"type": "Point", "coordinates": [13.4063535, 52.559913]}, "properties": {"id": "osm:way:38425328", "type": "kindergarten", "name": "Kita am Brennerberg", "source": "OpenStreetMap/Overpass"}}, {"type": "Feature", "geometry": {"type": "Point", "coordinates": [13.4806752, 52.5317719]}, "properties": {"id": "osm:way:38555695", "type": "school", "name": "Hans-Rosenthal-Grundschule", "source": "OpenStreetMap/Overpass"}}, {"type": "Feature", "geometry": {"type": "Point", "coordinates": [13.4817671, 52.5311001]}, "properties": {"id": "osm:way:39529441", "type": "kindergarten", "name": "Kita Paule-Platsch", "source": "OpenStreetMap/Overpass"}}, {"type": "Feature", "geometry": {"type": "Point", "coordinates": [13.4817419, 52.5302751]}, "properties": {"id": "osm:way:39529522", "type": "kindergarten", "name": "Kita Zwergenparadies", "source": "OpenStreetMap/Overpass"}}, {"type": "Feature", "geometry": {"type": "Point", "coordinates": [13.4822859, 52.5295316]}, "properties": {"id": "osm:way:39529597", "type": "school", "name": "Grundschule am Roederplatz", "source": "OpenStreetMap/Overpass"}}, {"type": "Feature", "geometry": {"type": "Point", "coordinates": [13.4577529, 52.4211042]}, "properties": {"id": "osm:way:40109211", "type": "school", "name": "Janusz-Korczak-Grundschule", "source": "OpenStreetMap/Overpass"}}, {"type": "Feature", "geometry": {"type": "Point", "coordinates": [13.5222107, 52.5702511]}, "properties": {"id": "osm:way:40517713", "type": "school", "name": "", "source": "OpenStreetMap/Overpass"}}, {"type": "Feature", "geometry": {"type": "Point", "coordinates": [13.1928589, 52.5202994]}, "properties": {"id": "osm:way:40606372", "type": "school", "name": "Christoph-Földerich-Grundschule", "source": "OpenStreetMap/Overpass"}}, {"type": "Feature", "geometry": {"type": "Point", "coordinates": [13.4498218, 52.5190281]}, "properties": {"id": "osm:way:40686348", "type": "school", "name": "Georg-Weerth-Schule", "source": "OpenStreetMap/Overpass"}}, {"type": "Feature", "geometry": {"type": "Point", "coordinates": [13.3997385, 52.4229874]}, "properties": {"id": "osm:way:40896528", "type": "kindergarten", "name": "Kita Albulaweg", "source": "OpenStreetMap/Overpass"}}, {"type": "Feature", "geometry": {"type": "Point", "coordinates": [13.4043534, 52.4265402]}, "properties": {"id": "osm:way:40899564", "type": "kindergarten", "name": "Kita Zauberstein", "source": "OpenStreetMap/Overpass"}}, {"type": "Feature", "geometry": {"type": "Point", "coordinates": [13.3790663, 52.5494144]}, "properties": {"id": "osm:way:40955696", "type": "school", "name": "Diesterweg-Gymnasium", "source": "OpenStreetMap/Overpass"}}, {"type": "Feature", "geometry": {"type": "Point", "coordinates": [13.471735, 52.5219314]}, "properties": {"id": "osm:way:41232117", "type": "school", "name": "Carl-von-Linné Schule", "source": "OpenStreetMap/Overpass"}}, {"type": "Feature", "geometry": {"type": "Point", "coordinates": [13.5031143, 52.5028461]}, "properties": {"id": "osm:way:41281010", "type": "school", "name": "Friedrichsfelder Schule", "source": "OpenStreetMap/Overpass"}}, {"type": "Feature", "geometry": {"type": "Point", "coordinates": [13.5132569, 52.5042139]}, "properties": {"id": "osm:way:41393266", "type": "school", "name": "Evangelische Schule Lichtenberg (Grundschule)", "source": "OpenStreetMap/Overpass"}}, {"type": "Feature", "geometry": {"type": "Point", "coordinates": [13.5091998, 52.5027863]}, "properties": {"id": "osm:way:41406792", "type": "school", "name": "12. Schule mit sonderpädagogischem Förderschwerpunkt", "source": "OpenStreetMap/Overpass"}}, {"type": "Feature", "geometry": {"type": "Point", "coordinates": [13.5082832, 52.5250966]}, "properties": {"id": "osm:way:41487535", "type": "kindergarten", "name": "Evangelische Kita Waldhäuschen", "source": "OpenStreetMap/Overpass"}}, {"type": "Feature", "geometry": {"type": "Point", "coordinates": [13.4067946, 52.5454987]}, "properties": {"id": "osm:way:41568137", "type": "kindergarten", "name": "Integrationskita Pustekuchen", "source": "OpenStreetMap/Overpass"}}, {"type": "Feature", "geometry": {"type": "Point", "coordinates": [13.506354, 52.4945315]}, "properties": {"id": "osm:way:41614521", "type": "school", "name": "", "source": "OpenStreetMap/Overpass"}}, {"type": "Feature", "geometry": {"type": "Point", "coordinates": [13.5116548, 52.4951735]}, "properties": {"id": "osm:way:41645687", "type": "school", "name": "Bernhard-Grzimek-Grundschule", "source": "OpenStreetMap/Overpass"}}, {"type": "Feature", "geometry": {"type": "Point", "coordinates": [13.5153634, 52.4966021]}, "properties": {"id": "osm:way:41645878", "type": "school", "name": "Schule am Tierpark", "source": "OpenStreetMap/Overpass"}}, {"type": "Feature", "geometry": {"type": "Point", "coordinates": [13.2069463, 52.4034044]}, "properties": {"id": "osm:way:41796903", "type": "school", "name": "Allgemeine Förderschule Kleinmachnow", "source": "OpenStreetMap/Overpass"}}, {"type": "Feature", "geometry": {"type": "Point", "coordinates": [13.2752128, 52.4436711]}, "properties": {"id": "osm:way:41968203", "type": "school", "name": "Mühlenau-Grundschule", "source": "OpenStreetMap/Overpass"}}, {"type": "Feature", "geometry": {"type": "Point", "coordinates": [13.2740968, 52.4433779]}, "properties": {"id": "osm:way:41976493", "type": "kindergarten", "name": "Schulhort an der Mühlenau-Grundschule", "source": "OpenStreetMap/Overpass"}}, {"type": "Feature", "geometry": {"type": "Point", "coordinates": [13.2558573, 52.4316252]}, "properties": {"id": "osm:way:41983247", "type": "school", "name": "", "source": "OpenStreetMap/Overpass"}}, {"type": "Feature", "geometry": {"type": "Point", "coordinates": [13.2530323, 52.4309606]}, "properties": {"id": "osm:way:41983248", "type": "school", "name": "Schadow-Gymnasium Haus B", "source": "OpenStreetMap/Overpass"}}, {"type": "Feature", "geometry": {"type": "Point", "coordinates": [13.3459877, 52.556247]}, "properties": {"id": "osm:way:41996587", "type": "school", "name": "Schule am Schillerpark", "source": "OpenStreetMap/Overpass"}}, {"type": "Feature", "geometry": {"type": "Point", "coordinates": [13.3640697, 52.547005]}, "properties": {"id": "osm:way:41996596", "type": "school", "name": "Wedding-Schule", "source": "OpenStreetMap/Overpass"}}, {"type": "Feature", "geometry": {"type": "Point", "coordinates": [13.5379891, 52.4918845]}, "properties": {"id": "osm:way:42208912", "type": "school", "name": "Lew-Tolstoi-Grundschule", "source": "OpenStreetMap/Overpass"}}, {"type": "Feature", "geometry": {"type": "Point", "coordinates": [13.2932608, 52.4761779]}, "properties": {"id": "osm:way:42279763", "type": "school", "name": "Judith-Kerr-Grundschule", "source": "OpenStreetMap/Overpass"}}, {"type": "Feature", "geometry": {"type": "Point", "coordinates": [13.3112379, 52.4714764]}, "properties": {"id": "osm:way:42283805", "type": "school", "name": "Hort", "source": "OpenStreetMap/Overpass"}}, {"type": "Feature", "geometry": {"type": "Point", "coordinates": [13.3351822, 52.4935301]}, "properties": {"id": "osm:way:42296857", "type": "kindergarten", "name": "Kita Aventura", "source": "OpenStreetMap/Overpass"}}, {"type": "Feature", "geometry": {"type": "Point", "coordinates": [13.3048041, 52.5843863]}, "properties": {"id": "osm:way:42343866", "type": "school", "name": "Förderzentrum Stötzner Schule", "source": "OpenStreetMap/Overpass"}}, {"type": "Feature", "geometry": {"type": "Point", "coordinates": [13.5086019, 52.4660816]}, "properties": {"id": "osm:way:42458554", "type": "school", "name": "Edison-Grundschule", "source": "OpenStreetMap/Overpass"}}, {"type": "Feature", "geometry": {"type": "Point", "coordinates": [13.2648263, 52.422867]}, "properties": {"id": "osm:way:42502723", "type": "school", "name": "Schweizerhof-Grundschule", "source": "OpenStreetMap/Overpass"}}, {"type": "Feature", "geometry": {"type": "Point", "coordinates": [13.2576744, 52.4192184]}, "properties": {"id": "osm:way:42502724", "type": "school", "name": "Süd-Grundschule", "source": "OpenStreetMap/Overpass"}}, {"type": "Feature", "geometry": {"type": "Point", "coordinates": [13.5766811, 52.4646909]}, "properties": {"id": "osm:way:42550233", "type": "school", "name": "Merian-Schule (Standort Hoernlestraße)", "source": "OpenStreetMap/Overpass"}}, {"type": "Feature", "geometry": {"type": "Point", "coordinates": [13.4466668, 52.5297535]}, "properties": {"id": "osm:way:42697319", "type": "school", "name": "Tesla-Schule", "source": "OpenStreetMap/Overpass"}}, {"type": "Feature", "geometry": {"type": "Point", "coordinates": [13.5227804, 52.4915872]}, "properties": {"id": "osm:way:42700975", "type": "school", "name": "Hans-und-Hilde-Coppi-Gymnasium", "source": "OpenStreetMap/Overpass"}}, {"type": "Feature", "geometry": {"type": "Point", "coordinates": [13.5724788, 52.4499834]}, "properties": {"id": "osm:way:42736150", "type": "school", "name": "Best-Sabel-Berufsfachschule für Design und Fachhochschule für Technik", "source": "OpenStreetMap/Overpass"}}, {"type": "Feature", "geometry": {"type": "Point", "coordinates": [13.5717165, 52.451807]}, "properties": {"id": "osm:way:42736428", "type": "school", "name": "BEST-Sabel-Oberschule", "source": "OpenStreetMap/Overpass"}}, {"type": "Feature", "geometry": {"type": "Point", "coordinates": [13.5343951, 52.4793151]}, "properties": {"id": "osm:way:42747957", "type": "school", "name": "Richard-Wagner-Grundschule", "source": "OpenStreetMap/Overpass"}}, {"type": "Feature", "geometry": {"type": "Point", "coordinates": [13.2681569, 52.5384479]}, "properties": {"id": "osm:way:42863210", "type": "kindergarten", "name": "Kindertagesstätte Johanna von Siemens", "source": "OpenStreetMap/Overpass"}}, {"type": "Feature", "geometry": {"type": "Point", "coordinates": [13.2655805, 52.5383778]}, "properties": {"id": "osm:way:42878083", "type": "school", "name": "Schule an der Jungfernheide", "source": "OpenStreetMap/Overpass"}}, {"type": "Feature", "geometry": {"type": "Point", "coordinates": [13.2563391, 52.4366392]}, "properties": {"id": "osm:way:42882004", "type": "school", "name": "Nord-Grundschule", "source": "OpenStreetMap/Overpass"}}, {"type": "Feature", "geometry": {"type": "Point", "coordinates": [13.4306355, 52.5160207]}, "properties": {"id": "osm:way:42900097", "type": "school", "name": "Blumen-Grundschule", "source": "OpenStreetMap/Overpass"}}, {"type": "Feature", "geometry": {"type": "Point", "coordinates": [13.4331617, 52.5210655]}, "properties": {"id": "osm:way:42900444", "type": "school", "name": "KreativitätsGrundschule Berlin-Friedrichshain", "source": "OpenStreetMap/Overpass"}}, {"type": "Feature", "geometry": {"type": "Point", "coordinates": [13.4809072, 52.5156179]}, "properties": {"id": "osm:way:42909108", "type": "school", "name": "Schule am Rathaus", "source": "OpenStreetMap/Overpass"}}, {"type": "Feature", "geometry": {"type": "Point", "coordinates": [13.4233955, 52.4762905]}, "properties": {"id": "osm:way:43162770", "type": "school", "name": "Karl-Weise-Grundschule", "source": "OpenStreetMap/Overpass"}}, {"type": "Feature", "geometry": {"type": "Point", "coordinates": [13.505221, 52.5469607]}, "properties": {"id": "osm:way:43722688", "type": "kindergarten", "name": "Kinder vom Heckelberg", "source": "OpenStreetMap/Overpass"}}, {"type": "Feature", "geometry": {"type": "Point", "coordinates": [13.4757029, 52.5527084]}, "properties": {"id": "osm:way:43887852", "type": "school", "name": "Brillat-Savarin-Schule", "source": "OpenStreetMap/Overpass"}}, {"type": "Feature", "geometry": {"type": "Point", "coordinates": [13.475197, 52.5519763]}, "properties": {"id": "osm:way:43887854", "type": "school", "name": "Georg-Zacharias-Grundschule Berlin-Pankow", "source": "OpenStreetMap/Overpass"}}, {"type": "Feature", "geometry": {"type": "Point", "coordinates": [13.4956872, 52.5394242]}, "properties": {"id": "osm:way:43898997", "type": "school", "name": "Gebäude B", "source": "OpenStreetMap/Overpass"}}, {"type": "Feature", "geometry": {"type": "Point", "coordinates": [13.4951125, 52.5397761]}, "properties": {"id": "osm:way:43898998", "type": "school", "name": "Gebäude A", "source": "OpenStreetMap/Overpass"}}, {"type": "Feature", "geometry": {"type": "Point", "coordinates": [13.4828104, 52.5364668]}, "properties": {"id": "osm:way:43942033", "type": "school", "name": "", "source": "OpenStreetMap/Overpass"}}, {"type": "Feature", "geometry": {"type": "Point", "coordinates": [13.306877, 52.4931267]}, "properties": {"id": "osm:way:43976622", "type": "kindergarten", "name": "Kita Westfälische Straße 17", "source": "OpenStreetMap/Overpass"}}, {"type": "Feature", "geometry": {"type": "Point", "coordinates": [13.5386945, 52.5371223]}, "properties": {"id": "osm:way:44015191", "type": "school", "name": "", "source": "OpenStreetMap/Overpass"}}, {"type": "Feature", "geometry": {"type": "Point", "coordinates": [13.4995815, 52.444114]}, "properties": {"id": "osm:way:44032460", "type": "school", "name": "Hans-Grade-Oberschule", "source": "OpenStreetMap/Overpass"}}, {"type": "Feature", "geometry": {"type": "Point", "coordinates": [13.5395232, 52.6576047]}, "properties": {"id": "osm:way:44067179", "type": "school", "name": "Gymnasium Panketal", "source": "OpenStreetMap/Overpass"}}, {"type": "Feature", "geometry": {"type": "Point", "coordinates": [13.2467157, 52.4463384]}, "properties": {"id": "osm:way:44181462", "type": "kindergarten", "name": "Kita Wilskistraße", "source": "OpenStreetMap/Overpass"}}, {"type": "Feature", "geometry": {"type": "Point", "coordinates": [13.501048, 52.5370993]}, "properties": {"id": "osm:way:44205020", "type": "school", "name": "Brodowin-Grundschule", "source": "OpenStreetMap/Overpass"}}, {"type": "Feature", "geometry": {"type": "Point", "coordinates": [13.3626868, 52.5470768]}, "properties": {"id": "osm:way:44419969", "type": "school", "name": "Fanny Hensel", "source": "OpenStreetMap/Overpass"}}, {"type": "Feature", "geometry": {"type": "Point", "coordinates": [13.4362893, 52.5133372]}, "properties": {"id": "osm:way:44578425", "type": "kindergarten", "name": "Kita Farbenland", "source": "OpenStreetMap/Overpass"}}, {"type": "Feature", "geometry": {"type": "Point", "coordinates": [13.5146375, 52.4544233]}, "properties": {"id": "osm:way:44606575", "type": "school", "name": "Grundschule an der alten Feuerwache", "source": "OpenStreetMap/Overpass"}}, {"type": "Feature", "geometry": {"type": "Point", "coordinates": [13.3380875, 52.5860177]}, "properties": {"id": "osm:way:44772816", "type": "school", "name": "Ringelnatz-Grundschule", "source": "OpenStreetMap/Overpass"}}, {"type": "Feature", "geometry": {"type": "Point", "coordinates": [13.561818, 52.4433947]}, "properties": {"id": "osm:way:45056879", "type": "kindergarten", "name": "Kita Zwergenstübchen", "source": "OpenStreetMap/Overpass"}}, {"type": "Feature", "geometry": {"type": "Point", "coordinates": [13.5622904, 52.4429868]}, "properties": {"id": "osm:way:45056880", "type": "kindergarten", "name": "Kindertagesstätte Rudower Straße", "source": "OpenStreetMap/Overpass"}}, {"type": "Feature", "geometry": {"type": "Point", "coordinates": [13.4021639, 52.3976945]}, "properties": {"id": "osm:way:45101004", "type": "school", "name": "Annedore-Leber-Grundschule", "source": "OpenStreetMap/Overpass"}}, {"type": "Feature", "geometry": {"type": "Point", "coordinates": [13.4038008, 52.3977251]}, "properties": {"id": "osm:way:45101006", "type": "school", "name": "Theodor-Haubach-Schule (int. Sekundarschule)", "source": "OpenStreetMap/Overpass"}}, {"type": "Feature", "geometry": {"type": "Point", "coordinates": [13.4178907, 52.5453862]}, "properties": {"id": "osm:way:45405919", "type": "school", "name": "", "source": "OpenStreetMap/Overpass"}}, {"type": "Feature", "geometry": {"type": "Point", "coordinates": [13.4744728, 52.4953274]}, "properties": {"id": "osm:way:45665671", "type": "kindergarten", "name": "Fröbel-Kindergarten Inselkinder", "source": "OpenStreetMap/Overpass"}}, {"type": "Feature", "geometry": {"type": "Point", "coordinates": [13.4032002, 52.3954557]}, "properties": {"id": "osm:way:46248785", "type": "school", "name": "", "source": "OpenStreetMap/Overpass"}}, {"type": "Feature", "geometry": {"type": "Point", "coordinates": [13.3045748, 52.589192]}, "properties": {"id": "osm:way:46769919", "type": "school", "name": "Toulouse-Lautrec-Schule", "source": "OpenStreetMap/Overpass"}}, {"type": "Feature", "geometry": {"type": "Point", "coordinates": [13.6016809, 52.4466532]}, "properties": {"id": "osm:way:46828731", "type": "school", "name": "Flatow-Oberschule (Schul- und Leistungssportzentrum Berlin)", "source": "OpenStreetMap/Overpass"}}, {"type": "Feature", "geometry": {"type": "Point", "coordinates": [13.5821873, 52.4445522]}, "properties": {"id": "osm:way:46830253", "type": "kindergarten", "name": "Spielhaus Müggelspree", "source": "OpenStreetMap/Overpass"}}, {"type": "Feature", "geometry": {"type": "Point", "coordinates": [13.3679055, 52.4841557]}, "properties": {"id": "osm:way:46861457", "type": "school", "name": "Havelland-Grundschule", "source": "OpenStreetMap/Overpass"}}, {"type": "Feature", "geometry": {"type": "Point", "coordinates": [13.493515, 52.5419533]}, "properties": {"id": "osm:way:46931557", "type": "school", "name": "Manfred-Von-Ardenne Gymnasium", "source": "OpenStreetMap/Overpass"}}, {"type": "Feature", "geometry": {"type": "Point", "coordinates": [13.503011, 52.4204159]}, "properties": {"id": "osm:way:47015111", "type": "kindergarten", "name": "", "source": "OpenStreetMap/Overpass"}}, {"type": "Feature", "geometry": {"type": "Point", "coordinates": [13.4448108, 52.4730223]}, "properties": {"id": "osm:way:47023392", "type": "school", "name": "Richard-Grundschule", "source": "OpenStreetMap/Overpass"}}, {"type": "Feature", "geometry": {"type": "Point", "coordinates": [13.4505203, 52.475588]}, "properties": {"id": "osm:way:47023412", "type": "school", "name": "Adolf-Reichwein-Schule", "source": "OpenStreetMap/Overpass"}}, {"type": "Feature", "geometry": {"type": "Point", "coordinates": [13.4505998, 52.4780646]}, "properties": {"id": "osm:way:47023495", "type": "school", "name": "Eduard-Mörike-Grundschule", "source": "OpenStreetMap/Overpass"}}, {"type": "Feature", "geometry": {"type": "Point", "coordinates": [13.4340266, 52.4878416]}, "properties": {"id": "osm:way:47057087", "type": "school", "name": "Gemeinschaftsschule auf dem Campus Rütli", "source": "OpenStreetMap/Overpass"}}, {"type": "Feature", "geometry": {"type": "Point", "coordinates": [13.4301554, 52.4874831]}, "properties": {"id": "osm:way:47057429", "type": "school", "name": "Grundstufe der Gemeinschaftsschule auf dem Campus Rütli", "source": "OpenStreetMap/Overpass"}}, {"type": "Feature", "geometry": {"type": "Point", "coordinates": [13.4316737, 52.4847451]}, "properties": {"id": "osm:way:47057529", "type": "school", "name": "Rixdorfer Schule", "source": "OpenStreetMap/Overpass"}}, {"type": "Feature", "geometry": {"type": "Point", "coordinates": [13.4489067, 52.4722397]}, "properties": {"id": "osm:way:47149217", "type": "school", "name": "Löwenzahn-Schule", "source": "OpenStreetMap/Overpass"}}, {"type": "Feature", "geometry": {"type": "Point", "coordinates": [13.4431626, 52.4773897]}, "properties": {"id": "osm:way:47149707", "type": "school", "name": "Katholische Schulen Sankt Marien", "source": "OpenStreetMap/Overpass"}}, {"type": "Feature", "geometry": {"type": "Point", "coordinates": [13.4675944, 52.5293683]}, "properties": {"id": "osm:way:47253747", "type": "school", "name": "Sonnenuhr-Schule", "source": "OpenStreetMap/Overpass"}}, {"type": "Feature", "geometry": {"type": "Point", "coordinates": [13.5805095, 52.5209949]}, "properties": {"id": "osm:way:47281618", "type": "school", "name": "Grundschule an der Wuhle", "source": "OpenStreetMap/Overpass"}}, {"type": "Feature", "geometry": {"type": "Point", "coordinates": [13.5333932, 52.6611463]}, "properties": {"id": "osm:way:47289419", "type": "kindergarten", "name": "Pankekinder", "source": "OpenStreetMap/Overpass"}}, {"type": "Feature", "geometry": {"type": "Point", "coordinates": [13.4944116, 52.564048]}, "properties": {"id": "osm:way:47308592", "type": "school", "name": "", "source": "OpenStreetMap/Overpass"}}, {"type": "Feature", "geometry": {"type": "Point", "coordinates": [13.4877513, 52.5435451]}, "properties": {"id": "osm:way:47441917", "type": "school", "name": "Obersee-Schule", "source": "OpenStreetMap/Overpass"}}, {"type": "Feature", "geometry": {"type": "Point", "coordinates": [13.4347892, 52.5201142]}, "properties": {"id": "osm:way:47572949", "type": "school", "name": "Margarethe-von-Witzleben-Schule", "source": "OpenStreetMap/Overpass"}}, {"type": "Feature", "geometry": {"type": "Point", "coordinates": [13.435788, 52.5209098]}, "properties": {"id": "osm:way:47572957", "type": "school", "name": "", "source": "OpenStreetMap/Overpass"}}, {"type": "Feature", "geometry": {"type": "Point", "coordinates": [13.311942, 52.5024657]}, "properties": {"id": "osm:way:47671925", "type": "school", "name": "Sophie-Charlotte-Gymnasium", "source": "OpenStreetMap/Overpass"}}, {"type": "Feature", "geometry": {"type": "Point", "coordinates": [13.7032207, 52.4811315]}, "properties": {"id": "osm:way:47703358", "type": "school", "name": "Storchenschule - Grundschule 1", "source": "OpenStreetMap/Overpass"}}, {"type": "Feature", "geometry": {"type": "Point", "coordinates": [13.7165604, 52.4672035]}, "properties": {"id": "osm:way:47949314", "type": "school", "name": "Grundschule 2 Bruno-Hans Bürgel", "source": "OpenStreetMap/Overpass"}}, {"type": "Feature", "geometry": {"type": "Point", "coordinates": [13.3192732, 52.6002996]}, "properties": {"id": "osm:way:48003478", "type": "school", "name": "Filiale der Münchhausen Grundschule Berlin", "source": "OpenStreetMap/Overpass"}}, {"type": "Feature", "geometry": {"type": "Point", "coordinates": [13.6852761, 52.467541]}, "properties": {"id": "osm:way:48080469", "type": "kindergarten", "name": "", "source": "OpenStreetMap/Overpass"}}, {"type": "Feature", "geometry": {"type": "Point", "coordinates": [13.4248882, 52.5223628]}, "properties": {"id": "osm:way:48299326", "type": "school", "name": "Charlotte-Pfeffer-Schule", "source": "OpenStreetMap/Overpass"}}, {"type": "Feature", "geometry": {"type": "Point", "coordinates": [13.3737857, 52.6348631]}, "properties": {"id": "osm:way:48484441", "type": "school", "name": "Europaschule am Fließ", "source": "OpenStreetMap/Overpass"}}, {"type": "Feature", "geometry": {"type": "Point", "coordinates": [13.4497865, 52.4424716]}, "properties": {"id": "osm:way:48904520", "type": "school", "name": "August-Heyn-Gartenarbeitsschule Neukölln", "source": "OpenStreetMap/Overpass"}}, {"type": "Feature", "geometry": {"type": "Point", "coordinates": [13.4439664, 52.4420657]}, "properties": {"id": "osm:way:48955456", "type": "school", "name": "Schilling-Schule", "source": "OpenStreetMap/Overpass"}}, {"type": "Feature", "geometry": {"type": "Point", "coordinates": [13.4408389, 52.4481377]}, "properties": {"id": "osm:way:48991289", "type": "school", "name": "Mensa/Grundstufe 1-3", "source": "OpenStreetMap/Overpass"}}, {"type": "Feature", "geometry": {"type": "Point", "coordinates": [13.3425316, 52.4938157]}, "properties": {"id": "osm:way:49231986", "type": "school", "name": "Georg-von-Giesche-Schule", "source": "OpenStreetMap/Overpass"}}, {"type": "Feature", "geometry": {"type": "Point", "coordinates": [13.3432282, 52.4933612]}, "properties": {"id": "osm:way:49231987", "type": "school", "name": "Scharmützelsee-Grundschule", "source": "OpenStreetMap/Overpass"}}, {"type": "Feature", "geometry": {"type": "Point", "coordinates": [13.3918789, 52.4934286]}, "properties": {"id": "osm:way:49233007", "type": "school", "name": "Bergmannkiez-Gemeinschaftsschule (Grundstufe)", "source": "OpenStreetMap/Overpass"}}, {"type": "Feature", "geometry": {"type": "Point", "coordinates": [13.5332294, 52.6612981]}, "properties": {"id": "osm:way:49248186", "type": "kindergarten", "name": "", "source": "OpenStreetMap/Overpass"}}, {"type": "Feature", "geometry": {"type": "Point", "coordinates": [13.4058798, 52.4916593]}, "properties": {"id": "osm:way:49263409", "type": "school", "name": "Carl-von-Ossietzky-Schule", "source": "OpenStreetMap/Overpass"}}, {"type": "Feature", "geometry": {"type": "Point", "coordinates": [13.3203117, 52.5098611]}, "properties": {"id": "osm:way:49447061", "type": "school", "name": "Friedensburg Oberschule", "source": "OpenStreetMap/Overpass"}}, {"type": "Feature", "geometry": {"type": "Point", "coordinates": [13.1878151, 52.4202569]}, "properties": {"id": "osm:way:49744418", "type": "school", "name": "Dreilinden-Gymnasium", "source": "OpenStreetMap/Overpass"}}, {"type": "Feature", "geometry": {"type": "Point", "coordinates": [13.1861494, 52.4203348]}, "properties": {"id": "osm:way:49744420", "type": "school", "name": "Dreilinden-Grundschule Zehlendorf", "source": "OpenStreetMap/Overpass"}}, {"type": "Feature", "geometry": {"type": "Point", "coordinates": [13.1932904, 52.4217371]}, "properties": {"id": "osm:way:49746593", "type": "school", "name": "Sancta Maria Schule der Hedwigschwestern", "source": "OpenStreetMap/Overpass"}}, {"type": "Feature", "geometry": {"type": "Point", "coordinates": [13.4055106, 52.3917053]}, "properties": {"id": "osm:way:49896029", "type": "school", "name": "Georg-Büchner-Gymnasium", "source": "OpenStreetMap/Overpass"}}, {"type": "Feature", "geometry": {"type": "Point", "coordinates": [13.4186842, 52.3912976]}, "properties": {"id": "osm:way:49905086", "type": "school", "name": "Nahariya-Grundschule", "source": "OpenStreetMap/Overpass"}}, {"type": "Feature", "geometry": {"type": "Point", "coordinates": [13.3306858, 52.4150998]}, "properties": {"id": "osm:way:49991595", "type": "kindergarten", "name": "Kinderhaus am Fliegeberg", "source": "OpenStreetMap/Overpass"}}, {"type": "Feature", "geometry": {"type": "Point", "coordinates": [13.3789675, 52.5036198]}, "properties": {"id": "osm:way:50012147", "type": "kindergarten", "name": "Traumbaum", "source": "OpenStreetMap/Overpass"}}, {"type": "Feature", "geometry": {"type": "Point", "coordinates": [13.3166907, 52.4123993]}, "properties": {"id": "osm:way:50053579", "type": "school", "name": "Mercator-Grundschule", "source": "OpenStreetMap/Overpass"}}, {"type": "Feature", "geometry": {"type": "Point", "coordinates": [13.3435219, 52.6005189]}, "properties": {"id": "osm:way:50286997", "type": "school", "name": "Campus Hannah-Höch - Gemeinschaftsschule Reinickendorf", "source": "OpenStreetMap/Overpass"}}, {"type": "Feature", "geometry": {"type": "Point", "coordinates": [13.1747119, 52.5079955]}, "properties": {"id": "osm:way:50634316", "type": "school", "name": "Grundschule am Weinmeisterhorn", "source": "OpenStreetMap/Overpass"}}, {"type": "Feature", "geometry": {"type": "Point", "coordinates": [13.0916124, 52.3616107]}, "properties": {"id": "osm:way:50683242", "type": "school", "name": "Oberschule Theodor Fontane mit Primarstufe", "source": "OpenStreetMap/Overpass"}}, {"type": "Feature", "geometry": {"type": "Point", "coordinates": [13.3368093, 52.4617957]}, "properties": {"id": "osm:way:50726599", "type": "school", "name": "Sachsenwald Grundschule", "source": "OpenStreetMap/Overpass"}}, {"type": "Feature", "geometry": {"type": "Point", "coordinates": [13.3461722, 52.4527452]}, "properties": {"id": "osm:way:50727691", "type": "school", "name": "Wilhelm-Ostwald-Schule", "source": "OpenStreetMap/Overpass"}}, {"type": "Feature", "geometry": {"type": "Point", "coordinates": [13.1402212, 52.5350911]}, "properties": {"id": "osm:way:50803479", "type": "school", "name": "Linden-Grundschule", "source": "OpenStreetMap/Overpass"}}, {"type": "Feature", "geometry": {"type": "Point", "coordinates": [13.4422635, 52.4463813]}, "properties": {"id": "osm:way:50832701", "type": "kindergarten", "name": "Kindergarten Fulhamer Allee", "source": "OpenStreetMap/Overpass"}}, {"type": "Feature", "geometry": {"type": "Point", "coordinates": [13.1742701, 52.4855727]}, "properties": {"id": "osm:way:50981644", "type": "school", "name": "Grundschule am Windmühlenberg", "source": "OpenStreetMap/Overpass"}}, {"type": "Feature", "geometry": {"type": "Point", "coordinates": [13.3808858, 52.4578913]}, "properties": {"id": "osm:way:51009607", "type": "school", "name": "Maria-Montessori-Grundschule", "source": "OpenStreetMap/Overpass"}}, {"type": "Feature", "geometry": {"type": "Point", "coordinates": [13.377688, 52.4631064]}, "properties": {"id": "osm:way:51009612", "type": "kindergarten", "name": "Kita Bosestraße", "source": "OpenStreetMap/Overpass"}}, {"type": "Feature", "geometry": {"type": "Point", "coordinates": [13.4522709, 52.4412265]}, "properties": {"id": "osm:way:51017418", "type": "kindergarten", "name": "Kindertagesstätte Grüner Weg 56", "source": "OpenStreetMap/Overpass"}}, {"type": "Feature", "geometry": {"type": "Point", "coordinates": [13.2381783, 52.5079706]}, "properties": {"id": "osm:way:51191323", "type": "school", "name": "Charles-Dickens-Grundschule", "source": "OpenStreetMap/Overpass"}}, {"type": "Feature", "geometry": {"type": "Point", "coordinates": [13.236975, 52.5085463]}, "properties": {"id": "osm:way:51191324", "type": "school", "name": "Berlin British School", "source": "OpenStreetMap/Overpass"}}, {"type": "Feature", "geometry": {"type": "Point", "coordinates": [13.295215, 52.4571627]}, "properties": {"id": "osm:way:51197213", "type": "kindergarten", "name": "Villa Papillon", "source": "OpenStreetMap/Overpass"}}, {"type": "Feature", "geometry": {"type": "Point", "coordinates": [13.6288965, 52.5398847]}, "properties": {"id": "osm:way:51300520", "type": "school", "name": "Schule am Mummelsoll", "source": "OpenStreetMap/Overpass"}}, {"type": "Feature", "geometry": {"type": "Point", "coordinates": [13.6012094, 52.5455496]}, "properties": {"id": "osm:way:51338817", "type": "kindergarten", "name": "Traumzauberhaus", "source": "OpenStreetMap/Overpass"}}, {"type": "Feature", "geometry": {"type": "Point", "coordinates": [13.6016724, 52.5393488]}, "properties": {"id": "osm:way:51338818", "type": "kindergarten", "name": "Humanistische Kindertagesstätte Kastanienallee", "source": "OpenStreetMap/Overpass"}}, {"type": "Feature", "geometry": {"type": "Point", "coordinates": [13.6131361, 52.5383899]}, "properties": {"id": "osm:way:51338822", "type": "kindergarten", "name": "Kita Galileo", "source": "OpenStreetMap/Overpass"}}, {"type": "Feature", "geometry": {"type": "Point", "coordinates": [13.6008112, 52.5424242]}, "properties": {"id": "osm:way:51340183", "type": "school", "name": "Pusteblume-Grundschule", "source": "OpenStreetMap/Overpass"}}, {"type": "Feature", "geometry": {"type": "Point", "coordinates": [13.6005046, 52.5425377]}, "properties": {"id": "osm:way:51340184", "type": "school", "name": "Pusteblume-Grundschule", "source": "OpenStreetMap/Overpass"}}, {"type": "Feature", "geometry": {"type": "Point", "coordinates": [13.263738, 52.4244123]}, "properties": {"id": "osm:way:51381642", "type": "kindergarten", "name": "Kita Teltower Damm", "source": "OpenStreetMap/Overpass"}}, {"type": "Feature", "geometry": {"type": "Point", "coordinates": [13.2635644, 52.4250378]}, "properties": {"id": "osm:way:51381643", "type": "school", "name": "John F. Kennedy School", "source": "OpenStreetMap/Overpass"}}, {"type": "Feature", "geometry": {"type": "Point", "coordinates": [13.2429409, 52.4220691]}, "properties": {"id": "osm:way:51382241", "type": "school", "name": "Grundschule am Buschgraben", "source": "OpenStreetMap/Overpass"}}, {"type": "Feature", "geometry": {"type": "Point", "coordinates": [13.2579231, 52.418182]}, "properties": {"id": "osm:way:51382244", "type": "school", "name": "Emil Molt Schule", "source": "OpenStreetMap/Overpass"}}, {"type": "Feature", "geometry": {"type": "Point", "coordinates": [13.3046365, 52.4346346]}, "properties": {"id": "osm:way:51544595", "type": "school", "name": "Goethe-Gymnasium Lichterfelde", "source": "OpenStreetMap/Overpass"}}, {"type": "Feature", "geometry": {"type": "Point", "coordinates": [13.3350606, 52.4525369]}, "properties": {"id": "osm:way:51544608", "type": "school", "name": "Helene-Lange-Schule", "source": "OpenStreetMap/Overpass"}}, {"type": "Feature", "geometry": {"type": "Point", "coordinates": [13.448457, 52.5403965]}, "properties": {"id": "osm:way:51686441", "type": "school", "name": "Gustave-Eiffel-Schule", "source": "OpenStreetMap/Overpass"}}, {"type": "Feature", "geometry": {"type": "Point", "coordinates": [13.2277204, 52.6126033]}, "properties": {"id": "osm:way:51761356", "type": "school", "name": "Otfried-Preußler-Grundschule", "source": "OpenStreetMap/Overpass"}}, {"type": "Feature", "geometry": {"type": "Point", "coordinates": [13.4169478, 52.5002324]}, "properties": {"id": "osm:way:51799141", "type": "kindergarten", "name": "INA.KINDER.GARTEN Dresdener Straße", "source": "OpenStreetMap/Overpass"}}, {"type": "Feature", "geometry": {"type": "Point", "coordinates": [13.2272613, 52.5769655]}, "properties": {"id": "osm:way:51869993", "type": "school", "name": "Grundschule am Tegelschen Ort", "source": "OpenStreetMap/Overpass"}}, {"type": "Feature", "geometry": {"type": "Point", "coordinates": [13.4598343, 52.5073311]}, "properties": {"id": "osm:way:51907972", "type": "school", "name": "Modersohn-Grundschule", "source": "OpenStreetMap/Overpass"}}, {"type": "Feature", "geometry": {"type": "Point", "coordinates": [13.3381137, 52.618655]}, "properties": {"id": "osm:way:51972081", "type": "school", "name": "Grundschule am Vierrutenberg", "source": "OpenStreetMap/Overpass"}}, {"type": "Feature", "geometry": {"type": "Point", "coordinates": [13.4578616, 52.5026153]}, "properties": {"id": "osm:way:52023054", "type": "school", "name": "Emanuel-Lasker-Schule", "source": "OpenStreetMap/Overpass"}}, {"type": "Feature", "geometry": {"type": "Point", "coordinates": [13.3906231, 52.5325294]}, "properties": {"id": "osm:way:52087308", "type": "school", "name": "Papageno-Grundschule", "source": "OpenStreetMap/Overpass"}}, {"type": "Feature", "geometry": {"type": "Point", "coordinates": [13.4489075, 52.5139943]}, "properties": {"id": "osm:way:52090612", "type": "school", "name": "Temple-Grandin-Schule", "source": "OpenStreetMap/Overpass"}}, {"type": "Feature", "geometry": {"type": "Point", "coordinates": [13.4494023, 52.514245]}, "properties": {"id": "osm:way:52090686", "type": "school", "name": "Ludwig-Hoffmann-Grundschule", "source": "OpenStreetMap/Overpass"}}, {"type": "Feature", "geometry": {"type": "Point", "coordinates": [13.5651489, 52.4395655]}, "properties": {"id": "osm:way:52153881", "type": "school", "name": "Schule in der Köllnischen Vorstadt", "source": "OpenStreetMap/Overpass"}}, {"type": "Feature", "geometry": {"type": "Point", "coordinates": [13.3942922, 52.5042137]}, "properties": {"id": "osm:way:52169315", "type": "kindergarten", "name": "Kita Markgrafenstraße", "source": "OpenStreetMap/Overpass"}}, {"type": "Feature", "geometry": {"type": "Point", "coordinates": [13.7037141, 52.4338669]}, "properties": {"id": "osm:way:52243561", "type": "school", "name": "Schule an den Püttbergen", "source": "OpenStreetMap/Overpass"}}, {"type": "Feature", "geometry": {"type": "Point", "coordinates": [13.4709875, 52.5191795]}, "properties": {"id": "osm:way:53170549", "type": "school", "name": "Pettenkofer-Grundschule", "source": "OpenStreetMap/Overpass"}}, {"type": "Feature", "geometry": {"type": "Point", "coordinates": [13.5198689, 52.4895871]}, "properties": {"id": "osm:way:53261956", "type": "school", "name": "Karlshorster Schule", "source": "OpenStreetMap/Overpass"}}, {"type": "Feature", "geometry": {"type": "Point", "coordinates": [13.3185922, 52.5990909]}, "properties": {"id": "osm:way:53585760", "type": "school", "name": "Romain-Rolland-Oberschule", "source": "OpenStreetMap/Overpass"}}, {"type": "Feature", "geometry": {"type": "Point", "coordinates": [13.3311559, 52.4500522]}, "properties": {"id": "osm:way:53638694", "type": "school", "name": "Evangelische Schule Steglitz", "source": "OpenStreetMap/Overpass"}}, {"type": "Feature", "geometry": {"type": "Point", "coordinates": [13.543653, 52.4669772]}, "properties": {"id": "osm:way:53809054", "type": "school", "name": "Waldhaus im FEZ", "source": "OpenStreetMap/Overpass"}}, {"type": "Feature", "geometry": {"type": "Point", "coordinates": [13.5682332, 52.4466352]}, "properties": {"id": "osm:way:54036484", "type": "school", "name": "Alexander-von-Humboldt-Oberschule (Gymnasium)", "source": "OpenStreetMap/Overpass"}}, {"type": "Feature", "geometry": {"type": "Point", "coordinates": [13.4978138, 52.440507]}, "properties": {"id": "osm:way:54039628", "type": "school", "name": "Schule am Ginkobaum", "source": "OpenStreetMap/Overpass"}}, {"type": "Feature", "geometry": {"type": "Point", "coordinates": [13.4016222, 52.5326816]}, "properties": {"id": "osm:way:54168206", "type": "kindergarten", "name": "", "source": "OpenStreetMap/Overpass"}}, {"type": "Feature", "geometry": {"type": "Point", "coordinates": [13.2362813, 52.6261206]}, "properties": {"id": "osm:way:54233477", "type": "kindergarten", "name": "Kita der Ev. Waldkirche Heiligensee", "source": "OpenStreetMap/Overpass"}}, {"type": "Feature", "geometry": {"type": "Point", "coordinates": [13.2295962, 52.6074701]}, "properties": {"id": "osm:way:54521672", "type": "kindergarten", "name": "Dachskinder", "source": "OpenStreetMap/Overpass"}}, {"type": "Feature", "geometry": {"type": "Point", "coordinates": [13.5034115, 52.4487063]}, "properties": {"id": "osm:way:54633562", "type": "school", "name": "Gebrüder-Montgolfier-Gymnasium", "source": "OpenStreetMap/Overpass"}}, {"type": "Feature", "geometry": {"type": "Point", "coordinates": [13.4841355, 52.5717593]}, "properties": {"id": "osm:way:55360043", "type": "school", "name": "Grüner Campus Malchow - Hauptgebäude", "source": "OpenStreetMap/Overpass"}}, {"type": "Feature", "geometry": {"type": "Point", "coordinates": [13.4084151, 52.5076272]}, "properties": {"id": "osm:way:55387635", "type": "school", "name": "City-Grundschule", "source": "OpenStreetMap/Overpass"}}, {"type": "Feature", "geometry": {"type": "Point", "coordinates": [13.3429709, 52.4896688]}, "properties": {"id": "osm:way:56166529", "type": "school", "name": "Löcknitz-Grundschule", "source": "OpenStreetMap/Overpass"}}, {"type": "Feature", "geometry": {"type": "Point", "coordinates": [13.2957963, 52.5882421]}, "properties": {"id": "osm:way:56464221", "type": "school", "name": "Hoffmann-von-Fallersleben-Grundschule", "source": "OpenStreetMap/Overpass"}}, {"type": "Feature", "geometry": {"type": "Point", "coordinates": [13.204893, 52.5391864]}, "properties": {"id": "osm:way:57384610", "type": "school", "name": "VHS Spandau - Harri-Reinert", "source": "OpenStreetMap/Overpass"}}, {"type": "Feature", "geometry": {"type": "Point", "coordinates": [13.6471939, 52.5049174]}, "properties": {"id": "osm:way:57388111", "type": "school", "name": "Peter-Joseph-Lenné-Oberschule mit Grundschulteil", "source": "OpenStreetMap/Overpass"}}, {"type": "Feature", "geometry": {"type": "Point", "coordinates": [13.2934928, 52.4703794]}, "properties": {"id": "osm:way:57687033", "type": "school", "name": "Berlin International School", "source": "OpenStreetMap/Overpass"}}, {"type": "Feature", "geometry": {"type": "Point", "coordinates": [13.4095268, 52.5531515]}, "properties": {"id": "osm:way:57769527", "type": "school", "name": "", "source": "OpenStreetMap/Overpass"}}, {"type": "Feature", "geometry": {"type": "Point", "coordinates": [13.3754001, 52.5916579]}, "properties": {"id": "osm:way:58558041", "type": "school", "name": "Grundschule in Rosenthal", "source": "OpenStreetMap/Overpass"}}, {"type": "Feature", "geometry": {"type": "Point", "coordinates": [13.3882922, 52.6178881]}, "properties": {"id": "osm:way:58699492", "type": "kindergarten", "name": "Schwalbennest", "source": "OpenStreetMap/Overpass"}}, {"type": "Feature", "geometry": {"type": "Point", "coordinates": [13.3893847, 52.6181439]}, "properties": {"id": "osm:way:58699642", "type": "school", "name": "Platanen-Grundschule", "source": "OpenStreetMap/Overpass"}}, {"type": "Feature", "geometry": {"type": "Point", "coordinates": [13.3358443, 52.5907742]}, "properties": {"id": "osm:way:59344672", "type": "school", "name": "Jean-Krämer-Schule", "source": "OpenStreetMap/Overpass"}}, {"type": "Feature", "geometry": {"type": "Point", "coordinates": [13.4498995, 52.5582848]}, "properties": {"id": "osm:way:59431430", "type": "school", "name": "Max-Bill-Schule, OSZ Planen, Bauen, Gestalten", "source": "OpenStreetMap/Overpass"}}, {"type": "Feature", "geometry": {"type": "Point", "coordinates": [13.2669972, 52.6697827]}, "properties": {"id": "osm:way:59557326", "type": "kindergarten", "name": "Kita Pusteblume", "source": "OpenStreetMap/Overpass"}}, {"type": "Feature", "geometry": {"type": "Point", "coordinates": [13.5476407, 52.6297088]}, "properties": {"id": "osm:way:59624502", "type": "school", "name": "Grund- und Oberschule Schwanebeck", "source": "OpenStreetMap/Overpass"}}, {"type": "Feature", "geometry": {"type": "Point", "coordinates": [13.3413864, 52.4902625]}, "properties": {"id": "osm:way:59755602", "type": "kindergarten", "name": "Kita Rosenheimer Straße", "source": "OpenStreetMap/Overpass"}}, {"type": "Feature", "geometry": {"type": "Point", "coordinates": [13.364343, 52.5978087]}, "properties": {"id": "osm:way:60064622", "type": "school", "name": "Charlie-Chaplin-Grundschule", "source": "OpenStreetMap/Overpass"}}, {"type": "Feature", "geometry": {"type": "Point", "coordinates": [13.3583057, 52.6018687]}, "properties": {"id": "osm:way:60108703", "type": "school", "name": "Chamisso-Grundschule", "source": "OpenStreetMap/Overpass"}}, {"type": "Feature", "geometry": {"type": "Point", "coordinates": [13.3454189, 52.474909]}, "properties": {"id": "osm:way:60115116", "type": "school", "name": "Friedenauer Gemeinschaftsschule (Standort Otzenstraße)", "source": "OpenStreetMap/Overpass"}}, {"type": "Feature", "geometry": {"type": "Point", "coordinates": [13.3939633, 52.5780422]}, "properties": {"id": "osm:way:60706747", "type": "school", "name": "", "source": "OpenStreetMap/Overpass"}}, {"type": "Feature", "geometry": {"type": "Point", "coordinates": [13.3944299, 52.5779869]}, "properties": {"id": "osm:way:60706751", "type": "school", "name": "Hasengrund-Schule (Grundschule)", "source": "OpenStreetMap/Overpass"}}, {"type": "Feature", "geometry": {"type": "Point", "coordinates": [13.3100036, 52.5723373]}, "properties": {"id": "osm:way:60707991", "type": "kindergarten", "name": "Landsmannschaft der Deutschen aus Russland", "source": "OpenStreetMap/Overpass"}}, {"type": "Feature", "geometry": {"type": "Point", "coordinates": [13.3093441, 52.57237]}, "properties": {"id": "osm:way:60707992", "type": "kindergarten", "name": "Ev. Kita Albert-Schweitzer", "source": "OpenStreetMap/Overpass"}}, {"type": "Feature", "geometry": {"type": "Point", "coordinates": [13.4189332, 52.5815169]}, "properties": {"id": "osm:way:61407045", "type": "kindergarten", "name": "Kita Strauchwiese", "source": "OpenStreetMap/Overpass"}}, {"type": "Feature", "geometry": {"type": "Point", "coordinates": [13.343452, 52.4981161]}, "properties": {"id": "osm:way:61893167", "type": "school", "name": "Finow-Grundschule", "source": "OpenStreetMap/Overpass"}}, {"type": "Feature", "geometry": {"type": "Point", "coordinates": [13.5304846, 52.450278]}, "properties": {"id": "osm:way:62111224", "type": "kindergarten", "name": "Kita Wirbelwind", "source": "OpenStreetMap/Overpass"}}, {"type": "Feature", "geometry": {"type": "Point", "coordinates": [13.5325622, 52.5300353]}, "properties": {"id": "osm:way:64328538", "type": "school", "name": "Oscar-Tietz-Schule", "source": "OpenStreetMap/Overpass"}}, {"type": "Feature", "geometry": {"type": "Point", "coordinates": [13.6031481, 52.5291706]}, "properties": {"id": "osm:way:64359029", "type": "school", "name": "Schule am Rosenhain", "source": "OpenStreetMap/Overpass"}}, {"type": "Feature", "geometry": {"type": "Point", "coordinates": [13.452775, 52.4840003]}, "properties": {"id": "osm:way:66528046", "type": "school", "name": "Hans-Fallada-Schule", "source": "OpenStreetMap/Overpass"}}, {"type": "Feature", "geometry": {"type": "Point", "coordinates": [13.3471328, 52.6087885]}, "properties": {"id": "osm:way:67422315", "type": "kindergarten", "name": "Kita Libelle", "source": "OpenStreetMap/Overpass"}}, {"type": "Feature", "geometry": {"type": "Point", "coordinates": [13.2914214, 52.6393922]}, "properties": {"id": "osm:way:68196205", "type": "kindergarten", "name": "Kath. Kita", "source": "OpenStreetMap/Overpass"}}, {"type": "Feature", "geometry": {"type": "Point", "coordinates": [13.2882213, 52.5383184]}, "properties": {"id": "osm:way:68294847", "type": "school", "name": "", "source": "OpenStreetMap/Overpass"}}, {"type": "Feature", "geometry": {"type": "Point", "coordinates": [13.424089, 52.5310348]}, "properties": {"id": "osm:way:68804388", "type": "school", "name": "Heinrich-Roller-Grundschule", "source": "OpenStreetMap/Overpass"}}, {"type": "Feature", "geometry": {"type": "Point", "coordinates": [13.3589993, 52.6040839]}, "properties": {"id": "osm:way:69162079", "type": "school", "name": "Lauterbach-Grundschule", "source": "OpenStreetMap/Overpass"}}, {"type": "Feature", "geometry": {"type": "Point", "coordinates": [13.5035775, 52.5700074]}, "properties": {"id": "osm:way:69298156", "type": "kindergarten", "name": "Kita Sonnenschein", "source": "OpenStreetMap/Overpass"}}, {"type": "Feature", "geometry": {"type": "Point", "coordinates": [13.2849861, 52.5429427]}, "properties": {"id": "osm:way:69547566", "type": "kindergarten", "name": "Kita Erlebniswald", "source": "OpenStreetMap/Overpass"}}, {"type": "Feature", "geometry": {"type": "Point", "coordinates": [13.5103411, 52.4479815]}, "properties": {"id": "osm:way:69607675", "type": "kindergarten", "name": "Humanistische Kita am Park", "source": "OpenStreetMap/Overpass"}}, {"type": "Feature", "geometry": {"type": "Point", "coordinates": [13.500117, 52.4379381]}, "properties": {"id": "osm:way:69923177", "type": "kindergarten", "name": "Kita Johannisthaler Sternchen", "source": "OpenStreetMap/Overpass"}}, {"type": "Feature", "geometry": {"type": "Point", "coordinates": [13.4993462, 52.4382157]}, "properties": {"id": "osm:way:69923202", "type": "kindergarten", "name": "Kita Springmäuse", "source": "OpenStreetMap/Overpass"}}, {"type": "Feature", "geometry": {"type": "Point", "coordinates": [13.2178058, 52.4024651]}, "properties": {"id": "osm:way:69976739", "type": "kindergarten", "name": "Kita Seeberg", "source": "OpenStreetMap/Overpass"}}, {"type": "Feature", "geometry": {"type": "Point", "coordinates": [13.5492924, 52.5121257]}, "properties": {"id": "osm:way:71080589", "type": "school", "name": "Otto-Nagel-Gymnasium", "source": "OpenStreetMap/Overpass"}}, {"type": "Feature", "geometry": {"type": "Point", "coordinates": [13.4978283, 52.5521703]}, "properties": {"id": "osm:way:71423463", "type": "school", "name": "Grundschule am Faulen See", "source": "OpenStreetMap/Overpass"}}, {"type": "Feature", "geometry": {"type": "Point", "coordinates": [13.6225324, 52.4545077]}, "properties": {"id": "osm:way:72608444", "type": "school", "name": "Friedrichshagener Grundschule", "source": "OpenStreetMap/Overpass"}}, {"type": "Feature", "geometry": {"type": "Point", "coordinates": [13.4174534, 52.5788733]}, "properties": {"id": "osm:way:73858905", "type": "school", "name": "Panke Schule", "source": "OpenStreetMap/Overpass"}}, {"type": "Feature", "geometry": {"type": "Point", "coordinates": [13.5016516, 52.5096264]}, "properties": {"id": "osm:way:74209888", "type": "school", "name": "Robinson-Schule", "source": "OpenStreetMap/Overpass"}}, {"type": "Feature", "geometry": {"type": "Point", "coordinates": [13.4808268, 52.5109346]}, "properties": {"id": "osm:way:74399560", "type": "school", "name": "Mildred-Harnack-Schule", "source": "OpenStreetMap/Overpass"}}, {"type": "Feature", "geometry": {"type": "Point", "coordinates": [13.3376621, 52.6096783]}, "properties": {"id": "osm:way:74481226", "type": "school", "name": "Grundschule in den Rollbergen", "source": "OpenStreetMap/Overpass"}}, {"type": "Feature", "geometry": {"type": "Point", "coordinates": [13.4791362, 52.5098589]}, "properties": {"id": "osm:way:74489007", "type": "kindergarten", "name": "Katholische Kindertagesstätte und Hort St. Mauritius", "source": "OpenStreetMap/Overpass"}}, {"type": "Feature", "geometry": {"type": "Point", "coordinates": [13.2880789, 52.6384331]}, "properties": {"id": "osm:way:74588478", "type": "school", "name": "Viktor-Gollancz-Grundschule", "source": "OpenStreetMap/Overpass"}}, {"type": "Feature", "geometry": {"type": "Point", "coordinates": [13.3255524, 52.6139574]}, "properties": {"id": "osm:way:74817385", "type": "kindergarten", "name": "Kita am Fließ", "source": "OpenStreetMap/Overpass"}}, {"type": "Feature", "geometry": {"type": "Point", "coordinates": [13.4761948, 52.5238435]}, "properties": {"id": "osm:way:75490315", "type": "school", "name": "Schule am Fennpfuhl", "source": "OpenStreetMap/Overpass"}}, {"type": "Feature", "geometry": {"type": "Point", "coordinates": [13.4571474, 52.5353047]}, "properties": {"id": "osm:way:75619322", "type": "school", "name": "Grundschule im Blumenviertel", "source": "OpenStreetMap/Overpass"}}, {"type": "Feature", "geometry": {"type": "Point", "coordinates": [13.4143813, 52.5376596]}, "properties": {"id": "osm:way:75687675", "type": "school", "name": "Grundschule am Kollwitzplatz", "source": "OpenStreetMap/Overpass"}}, {"type": "Feature", "geometry": {"type": "Point", "coordinates": [13.424351, 52.5486633]}, "properties": {"id": "osm:way:75688663", "type": "school", "name": "Wilhelm-von-Humboldt-Gemeinschaftsschule", "source": "OpenStreetMap/Overpass"}}, {"type": "Feature", "geometry": {"type": "Point", "coordinates": [13.4309058, 52.4885462]}, "properties": {"id": "osm:way:75909834", "type": "kindergarten", "name": "Kita St. Christophorus", "source": "OpenStreetMap/Overpass"}}, {"type": "Feature", "geometry": {"type": "Point", "coordinates": [13.2144882, 52.608892]}, "properties": {"id": "osm:way:76234507", "type": "school", "name": "Montessori Campus am Tegeler Forst - Sekundarstufe I, Filiale Alt-Heiligensee", "source": "OpenStreetMap/Overpass"}}, {"type": "Feature", "geometry": {"type": "Point", "coordinates": [13.3478614, 52.5926218]}, "properties": {"id": "osm:way:76240377", "type": "school", "name": "Grundschule an der Peckwisch", "source": "OpenStreetMap/Overpass"}}, {"type": "Feature", "geometry": {"type": "Point", "coordinates": [13.4447342, 52.5407277]}, "properties": {"id": "osm:way:76739334", "type": "kindergarten", "name": "Kita Sonnenblume", "source": "OpenStreetMap/Overpass"}}, {"type": "Feature", "geometry": {"type": "Point", "coordinates": [13.4497688, 52.5397769]}, "properties": {"id": "osm:way:76739335", "type": "kindergarten", "name": "Kita Bewegungsreich", "source": "OpenStreetMap/Overpass"}}, {"type": "Feature", "geometry": {"type": "Point", "coordinates": [13.4230675, 52.5592177]}, "properties": {"id": "osm:way:77066493", "type": "school", "name": "Kurt-Tucholsky-Oberschule", "source": "OpenStreetMap/Overpass"}}, {"type": "Feature", "geometry": {"type": "Point", "coordinates": [13.4525041, 52.3979592]}, "properties": {"id": "osm:way:79999450", "type": "kindergarten", "name": "Kindertagesstätte Sonnenblick", "source": "OpenStreetMap/Overpass"}}, {"type": "Feature", "geometry": {"type": "Point", "coordinates": [13.2721374, 52.6372468]}, "properties": {"id": "osm:way:80279966", "type": "school", "name": "Renée-Sintenis-Grundschule", "source": "OpenStreetMap/Overpass"}}, {"type": "Feature", "geometry": {"type": "Point", "coordinates": [13.5214567, 52.341358]}, "properties": {"id": "osm:way:80883391", "type": "kindergarten", "name": "Kita Kunterbunt", "source": "OpenStreetMap/Overpass"}}, {"type": "Feature", "geometry": {"type": "Point", "coordinates": [13.526019, 52.3994446]}, "properties": {"id": "osm:way:80883527", "type": "kindergarten", "name": "Kita Sonnenschein", "source": "OpenStreetMap/Overpass"}}, {"type": "Feature", "geometry": {"type": "Point", "coordinates": [13.5340613, 52.3967949]}, "properties": {"id": "osm:way:80883637", "type": "kindergarten", "name": "Schwalbennest", "source": "OpenStreetMap/Overpass"}}, {"type": "Feature", "geometry": {"type": "Point", "coordinates": [13.134502, 52.3674108]}, "properties": {"id": "osm:way:81813413", "type": "kindergarten", "name": "Fröbel-Kindergarten Silberahorn", "source": "OpenStreetMap/Overpass"}}, {"type": "Feature", "geometry": {"type": "Point", "coordinates": [13.5303682, 52.3952556]}, "properties": {"id": "osm:way:82121159", "type": "school", "name": "Oberschule am Airport Schönefeld", "source": "OpenStreetMap/Overpass"}}, {"type": "Feature", "geometry": {"type": "Point", "coordinates": [13.501986, 52.4005514]}, "properties": {"id": "osm:way:82121174", "type": "school", "name": "Rose-Oehmichen Grundschule", "source": "OpenStreetMap/Overpass"}}, {"type": "Feature", "geometry": {"type": "Point", "coordinates": [13.4157459, 52.493048]}, "properties": {"id": "osm:way:82265834", "type": "school", "name": "Robert-Koch-Oberschule", "source": "OpenStreetMap/Overpass"}}, {"type": "Feature", "geometry": {"type": "Point", "coordinates": [13.415587, 52.4917104]}, "properties": {"id": "osm:way:82391174", "type": "school", "name": "Lemgo-Grundschule - Filialstandort", "source": "OpenStreetMap/Overpass"}}, {"type": "Feature", "geometry": {"type": "Point", "coordinates": [13.4155489, 52.4916193]}, "properties": {"id": "osm:way:82391181", "type": "kindergarten", "name": "Gelber Hort", "source": "OpenStreetMap/Overpass"}}, {"type": "Feature", "geometry": {"type": "Point", "coordinates": [13.6252994, 52.3755426]}, "properties": {"id": "osm:way:82464529", "type": "school", "name": "Oberschule Villa Elisabeth", "source": "OpenStreetMap/Overpass"}}, {"type": "Feature", "geometry": {"type": "Point", "coordinates": [13.2705133, 52.632064]}, "properties": {"id": "osm:way:82821743", "type": "kindergarten", "name": "Kindertagesstätte Maximiliankorso", "source": "OpenStreetMap/Overpass"}}, {"type": "Feature", "geometry": {"type": "Point", "coordinates": [13.1869241, 52.4201137]}, "properties": {"id": "osm:way:82823848", "type": "school", "name": "Dreilindenschule", "source": "OpenStreetMap/Overpass"}}, {"type": "Feature", "geometry": {"type": "Point", "coordinates": [13.4413264, 52.4841256]}, "properties": {"id": "osm:way:83020777", "type": "school", "name": "Elbe-Grundschule", "source": "OpenStreetMap/Overpass"}}, {"type": "Feature", "geometry": {"type": "Point", "coordinates": [13.4054469, 52.4944316]}, "properties": {"id": "osm:way:83092696", "type": "school", "name": "Bürgermeister-Herz-Grundschule", "source": "OpenStreetMap/Overpass"}}, {"type": "Feature", "geometry": {"type": "Point", "coordinates": [13.4027099, 52.4927058]}, "properties": {"id": "osm:way:83822430", "type": "kindergarten", "name": "Kita Löwenzahn", "source": "OpenStreetMap/Overpass"}}, {"type": "Feature", "geometry": {"type": "Point", "coordinates": [13.328182, 52.4128111]}, "properties": {"id": "osm:way:84025660", "type": "kindergarten", "name": "Kita Lilienthal", "source": "OpenStreetMap/Overpass"}}, {"type": "Feature", "geometry": {"type": "Point", "coordinates": [13.1445747, 52.4189207]}, "properties": {"id": "osm:way:85806304", "type": "kindergarten", "name": "Kinderspielkreise in der Ev. Kirchengemeinde Berlin-Wannsee", "source": "OpenStreetMap/Overpass"}}, {"type": "Feature", "geometry": {"type": "Point", "coordinates": [13.0935786, 52.3941108]}, "properties": {"id": "osm:way:85892081", "type": "school", "name": "Evangelische Grundschule Babelsberg - Kleines Haus", "source": "OpenStreetMap/Overpass"}}, {"type": "Feature", "geometry": {"type": "Point", "coordinates": [13.3158218, 52.5716619]}, "properties": {"id": "osm:way:85928583", "type": "kindergarten", "name": "Humanistische Kita General-Woyna-Straße", "source": "OpenStreetMap/Overpass"}}, {"type": "Feature", "geometry": {"type": "Point", "coordinates": [13.4767859, 52.4676773]}, "properties": {"id": "osm:way:86701462", "type": "kindergarten", "name": "Kita Heidekampweg", "source": "OpenStreetMap/Overpass"}}, {"type": "Feature", "geometry": {"type": "Point", "coordinates": [13.2982554, 52.6156675]}, "properties": {"id": "osm:way:87272733", "type": "school", "name": "Carl-Benz-Oberschule", "source": "OpenStreetMap/Overpass"}}, {"type": "Feature", "geometry": {"type": "Point", "coordinates": [13.3521501, 52.4371966]}, "properties": {"id": "osm:way:87533889", "type": "school", "name": "Alt-Lankwitzer Grundschule", "source": "OpenStreetMap/Overpass"}}, {"type": "Feature", "geometry": {"type": "Point", "coordinates": [13.3644573, 52.5907224]}, "properties": {"id": "osm:way:87983303", "type": "school", "name": "Grundschule Wilhelmsruh", "source": "OpenStreetMap/Overpass"}}, {"type": "Feature", "geometry": {"type": "Point", "coordinates": [13.3503416, 52.412822]}, "properties": {"id": "osm:way:88694264", "type": "kindergarten", "name": "Dorotheen-Kita", "source": "OpenStreetMap/Overpass"}}, {"type": "Feature", "geometry": {"type": "Point", "coordinates": [13.1044557, 52.4547188]}, "properties": {"id": "osm:way:89821804", "type": "kindergarten", "name": "Spatzennest", "source": "OpenStreetMap/Overpass"}}, {"type": "Feature", "geometry": {"type": "Point", "coordinates": [13.2369259, 52.6029617]}, "properties": {"id": "osm:way:89822895", "type": "kindergarten", "name": "Kita am Südfeld", "source": "OpenStreetMap/Overpass"}}, {"type": "Feature", "geometry": {"type": "Point", "coordinates": [13.1043541, 52.4668052]}, "properties": {"id": "osm:way:89933050", "type": "childcare", "name": "Spatzennest", "source": "OpenStreetMap/Overpass"}}, {"type": "Feature", "geometry": {"type": "Point", "coordinates": [13.1064035, 52.4664663]}, "properties": {"id": "osm:way:89933064", "type": "kindergarten", "name": "Montessori-Haus \"Starke Kinder\"e.V", "source": "OpenStreetMap/Overpass"}}, {"type": "Feature", "geometry": {"type": "Point", "coordinates": [13.5340774, 52.4348592]}, "properties": {"id": "osm:way:91218498", "type": "kindergarten", "name": "Fröbel-Kindergarten Campus Adlershof", "source": "OpenStreetMap/Overpass"}}, {"type": "Feature", "geometry": {"type": "Point", "coordinates": [13.1052411, 52.4600051]}, "properties": {"id": "osm:way:91577393", "type": "childcare", "name": "Kita Butzemannhaus", "source": "OpenStreetMap/Overpass"}}, {"type": "Feature", "geometry": {"type": "Point", "coordinates": [13.103892, 52.4724487]}, "properties": {"id": "osm:way:91688393", "type": "childcare", "name": "Villa Kunterbunt", "source": "OpenStreetMap/Overpass"}}, {"type": "Feature", "geometry": {"type": "Point", "coordinates": [13.1035844, 52.4720874]}, "properties": {"id": "osm:way:91688541", "type": "childcare", "name": "Haus Sonnenschein", "source": "OpenStreetMap/Overpass"}}, {"type": "Feature", "geometry": {"type": "Point", "coordinates": [13.250044, 52.4079248]}, "properties": {"id": "osm:way:92033608", "type": "school", "name": "", "source": "OpenStreetMap/Overpass"}}, {"type": "Feature", "geometry": {"type": "Point", "coordinates": [13.4223017, 52.5460487]}, "properties": {"id": "osm:way:93266148", "type": "school", "name": "Käthe-Kollwitz-Gymnasium", "source": "OpenStreetMap/Overpass"}}, {"type": "Feature", "geometry": {"type": "Point", "coordinates": [13.2982635, 52.4420374]}, "properties": {"id": "osm:way:93903169", "type": "kindergarten", "name": "EKT - Steglitzer Kinderkreisel e.V.", "source": "OpenStreetMap/Overpass"}}, {"type": "Feature", "geometry": {"type": "Point", "coordinates": [13.3132153, 52.5133528]}, "properties": {"id": "osm:way:95025102", "type": "school", "name": "", "source": "OpenStreetMap/Overpass"}}, {"type": "Feature", "geometry": {"type": "Point", "coordinates": [13.4166236, 52.4963125]}, "properties": {"id": "osm:way:95264381", "type": "school", "name": "Refik-Veseli-Schule (Integrierte Sekundarschule) - Filiale", "source": "OpenStreetMap/Overpass"}}, {"type": "Feature", "geometry": {"type": "Point", "coordinates": [13.211152, 52.6393841]}, "properties": {"id": "osm:way:95341284", "type": "school", "name": "Adolf Diesterweg-Oberschule", "source": "OpenStreetMap/Overpass"}}, {"type": "Feature", "geometry": {"type": "Point", "coordinates": [13.4318313, 52.4910843]}, "properties": {"id": "osm:way:95834296", "type": "kindergarten", "name": "Kita Nikodemus", "source": "OpenStreetMap/Overpass"}}, {"type": "Feature", "geometry": {"type": "Point", "coordinates": [13.4938944, 52.6160241]}, "properties": {"id": "osm:way:95942527", "type": "school", "name": "Robert-Havemann-Gymnasium", "source": "OpenStreetMap/Overpass"}}, {"type": "Feature", "geometry": {"type": "Point", "coordinates": [13.4394798, 52.5349013]}, "properties": {"id": "osm:way:96135912", "type": "school", "name": "Bötzow Grundschule", "source": "OpenStreetMap/Overpass"}}, {"type": "Feature", "geometry": {"type": "Point", "coordinates": [13.4392701, 52.5346592]}, "properties": {"id": "osm:way:96135923", "type": "school", "name": "Bötzow-Grundschule", "source": "OpenStreetMap/Overpass"}}, {"type": "Feature", "geometry": {"type": "Point", "coordinates": [13.4390896, 52.5360793]}, "properties": {"id": "osm:way:96137634", "type": "kindergarten", "name": "Kindergarten Sonnenhügel", "source": "OpenStreetMap/Overpass"}}, {"type": "Feature", "geometry": {"type": "Point", "coordinates": [13.4909583, 52.5374854]}, "properties": {"id": "osm:way:96800057", "type": "kindergarten", "name": "Kita \"Tausendfüßler\"", "source": "OpenStreetMap/Overpass"}}, {"type": "Feature", "geometry": {"type": "Point", "coordinates": [13.4939782, 52.5369545]}, "properties": {"id": "osm:way:96800072", "type": "kindergarten", "name": "Hand in Hand Kindergarten", "source": "OpenStreetMap/Overpass"}}, {"type": "Feature", "geometry": {"type": "Point", "coordinates": [13.3221463, 52.4479513]}, "properties": {"id": "osm:way:97062895", "type": "school", "name": "Gartenarbeitsschule Steglitz-Zehlendorf", "source": "OpenStreetMap/Overpass"}}, {"type": "Feature", "geometry": {"type": "Point", "coordinates": [13.4004961, 52.4483609]}, "properties": {"id": "osm:way:97242967", "type": "school", "name": "Schätzelberg-Grundschule", "source": "OpenStreetMap/Overpass"}}, {"type": "Feature", "geometry": {"type": "Point", "coordinates": [13.2705042, 52.5458679]}, "properties": {"id": "osm:way:97264986", "type": "school", "name": "Carl-Friedrich-von-Siemens-Gymnasium", "source": "OpenStreetMap/Overpass"}}, {"type": "Feature", "geometry": {"type": "Point", "coordinates": [13.2700255, 52.5452568]}, "properties": {"id": "osm:way:97272533", "type": "kindergarten", "name": "Kindertagesstätte Nordwest", "source": "OpenStreetMap/Overpass"}}, {"type": "Feature", "geometry": {"type": "Point", "coordinates": [13.1419816, 52.3819665]}, "properties": {"id": "osm:way:97936936", "type": "kindergarten", "name": "Die Buntstifte", "source": "OpenStreetMap/Overpass"}}, {"type": "Feature", "geometry": {"type": "Point", "coordinates": [13.2072444, 52.5302576]}, "properties": {"id": "osm:way:98318912", "type": "school", "name": "Ernst-Ludwig-Heim Grundschule", "source": "OpenStreetMap/Overpass"}}, {"type": "Feature", "geometry": {"type": "Point", "coordinates": [13.4014679, 52.4045566]}, "properties": {"id": "osm:way:98573559", "type": "school", "name": "Bruno-H.-Bürgel-Grundschule", "source": "OpenStreetMap/Overpass"}}, {"type": "Feature", "geometry": {"type": "Point", "coordinates": [13.4250377, 52.496839]}, "properties": {"id": "osm:way:98599390", "type": "kindergarten", "name": "Kita Reichenberger Straße 40", "source": "OpenStreetMap/Overpass"}}, {"type": "Feature", "geometry": {"type": "Point", "coordinates": [13.4198487, 52.4001127]}, "properties": {"id": "osm:way:98843692", "type": "school", "name": "Grundschule im Taunusviertel", "source": "OpenStreetMap/Overpass"}}, {"type": "Feature", "geometry": {"type": "Point", "coordinates": [13.4251529, 52.4215792]}, "properties": {"id": "osm:way:98845896", "type": "school", "name": "Schule am Bienwaldring", "source": "OpenStreetMap/Overpass"}}, {"type": "Feature", "geometry": {"type": "Point", "coordinates": [13.3840183, 52.4333289]}, "properties": {"id": "osm:way:98891322", "type": "school", "name": "Ikarus Grundschule", "source": "OpenStreetMap/Overpass"}}, {"type": "Feature", "geometry": {"type": "Point", "coordinates": [13.4081642, 52.4120189]}, "properties": {"id": "osm:way:98891904", "type": "school", "name": "Grundschule am Dielingsgrund", "source": "OpenStreetMap/Overpass"}}, {"type": "Feature", "geometry": {"type": "Point", "coordinates": [13.4075929, 52.5566876]}, "properties": {"id": "osm:way:99169296", "type": "school", "name": "Bornholmer Grundschule", "source": "OpenStreetMap/Overpass"}}, {"type": "Feature", "geometry": {"type": "Point", "coordinates": [13.5732077, 52.5234334]}, "properties": {"id": "osm:way:99456698", "type": "kindergarten", "name": "Kita Wuhlespatzen", "source": "OpenStreetMap/Overpass"}}, {"type": "Feature", "geometry": {"type": "Point", "coordinates": [13.3447525, 52.4688852]}, "properties": {"id": "osm:way:99721415", "type": "school", "name": "Prignitz-Schule", "source": "OpenStreetMap/Overpass"}}, {"type": "Feature", "geometry": {"type": "Point", "coordinates": [13.3235627, 52.4695425]}, "properties": {"id": "osm:way:99833020", "type": "school", "name": "Paul-Natorp-Gymnasium", "source": "OpenStreetMap/Overpass"}}, {"type": "Feature", "geometry": {"type": "Point", "coordinates": [13.373623, 52.5465053]}, "properties": {"id": "osm:way:100408623", "type": "school", "name": "Herbert-Hoover-Schule", "source": "OpenStreetMap/Overpass"}}, {"type": "Feature", "geometry": {"type": "Point", "coordinates": [13.4264359, 52.4979258]}, "properties": {"id": "osm:way:100900695", "type": "school", "name": "Hunsrück-Schule", "source": "OpenStreetMap/Overpass"}}, {"type": "Feature", "geometry": {"type": "Point", "coordinates": [13.3426176, 52.5517095]}, "properties": {"id": "osm:way:100946116", "type": "kindergarten", "name": "", "source": "OpenStreetMap/Overpass"}}, {"type": "Feature", "geometry": {"type": "Point", "coordinates": [13.3193343, 52.4952045]}, "properties": {"id": "osm:way:100979888", "type": "school", "name": "Johann-Peter-Hebel-Grundschule", "source": "OpenStreetMap/Overpass"}}, {"type": "Feature", "geometry": {"type": "Point", "coordinates": [13.6088932, 52.5013941]}, "properties": {"id": "osm:way:101416070", "type": "kindergarten", "name": "Kindergarten zu den Seen", "source": "OpenStreetMap/Overpass"}}, {"type": "Feature", "geometry": {"type": "Point", "coordinates": [13.2760483, 52.5174287]}, "properties": {"id": "osm:way:101728317", "type": "kindergarten", "name": "Kita Sonnenblume gGmbH", "source": "OpenStreetMap/Overpass"}}, {"type": "Feature", "geometry": {"type": "Point", "coordinates": [13.3762275, 52.5734008]}, "properties": {"id": "osm:way:102527797", "type": "kindergarten", "name": "Montessori-Kinderhaus", "source": "OpenStreetMap/Overpass"}}, {"type": "Feature", "geometry": {"type": "Point", "coordinates": [13.5056605, 52.5690526]}, "properties": {"id": "osm:way:102873892", "type": "school", "name": "", "source": "OpenStreetMap/Overpass"}}, {"type": "Feature", "geometry": {"type": "Point", "coordinates": [13.5070045, 52.5679212]}, "properties": {"id": "osm:way:102873898", "type": "school", "name": "Vincent-van-Gogh-Schule", "source": "OpenStreetMap/Overpass"}}, {"type": "Feature", "geometry": {"type": "Point", "coordinates": [13.2066004, 52.5481131]}, "properties": {"id": "osm:way:103050571", "type": "school", "name": "Lynar-Grundschule", "source": "OpenStreetMap/Overpass"}}, {"type": "Feature", "geometry": {"type": "Point", "coordinates": [13.4354504, 52.4205157]}, "properties": {"id": "osm:way:103623833", "type": "school", "name": "Christoph-Ruden-Schule", "source": "OpenStreetMap/Overpass"}}, {"type": "Feature", "geometry": {"type": "Point", "coordinates": [13.4322932, 52.4154411]}, "properties": {"id": "osm:way:103629445", "type": "school", "name": "Heinrich-Mann-Schule", "source": "OpenStreetMap/Overpass"}}, {"type": "Feature", "geometry": {"type": "Point", "coordinates": [13.1938904, 52.3893519]}, "properties": {"id": "osm:way:103659607", "type": "school", "name": "Vicco-von-Bülow-Gymnasium", "source": "OpenStreetMap/Overpass"}}, {"type": "Feature", "geometry": {"type": "Point", "coordinates": [13.3568336, 52.4834452]}, "properties": {"id": "osm:way:103844060", "type": "school", "name": "Schulspielplatz", "source": "OpenStreetMap/Overpass"}}, {"type": "Feature", "geometry": {"type": "Point", "coordinates": [13.1915075, 52.5399725]}, "properties": {"id": "osm:way:104387640", "type": "school", "name": "", "source": "OpenStreetMap/Overpass"}}, {"type": "Feature", "geometry": {"type": "Point", "coordinates": [13.1926361, 52.5397304]}, "properties": {"id": "osm:way:104397333", "type": "school", "name": "Schul-Umwelt-Zentrum Spandau - Gartenarbeitsschule Borkzeile", "source": "OpenStreetMap/Overpass"}}, {"type": "Feature", "geometry": {"type": "Point", "coordinates": [13.1799907, 52.5384914]}, "properties": {"id": "osm:way:104398646", "type": "school", "name": "Klosterfeld-Grundschule", "source": "OpenStreetMap/Overpass"}}, {"type": "Feature", "geometry": {"type": "Point", "coordinates": [13.191431, 52.5396825]}, "properties": {"id": "osm:way:104495993", "type": "school", "name": "Askanier-Grundschule", "source": "OpenStreetMap/Overpass"}}, {"type": "Feature", "geometry": {"type": "Point", "coordinates": [13.192139, 52.5250714]}, "properties": {"id": "osm:way:104532414", "type": "school", "name": "Bertolt-Brecht-Oberschule", "source": "OpenStreetMap/Overpass"}}, {"type": "Feature", "geometry": {"type": "Point", "coordinates": [13.1944958, 52.5431491]}, "properties": {"id": "osm:way:104557393", "type": "school", "name": "Wolfgang-Borchert-Oberschule", "source": "OpenStreetMap/Overpass"}}, {"type": "Feature", "geometry": {"type": "Point", "coordinates": [13.2000526, 52.5402979]}, "properties": {"id": "osm:way:104654856", "type": "school", "name": "Freiherr-vom-Stein-Gymnasium", "source": "OpenStreetMap/Overpass"}}, {"type": "Feature", "geometry": {"type": "Point", "coordinates": [13.4897038, 52.6138691]}, "properties": {"id": "osm:way:105439330", "type": "kindergarten", "name": "bik-Kindertagesstätte Entdeckerland", "source": "OpenStreetMap/Overpass"}}, {"type": "Feature", "geometry": {"type": "Point", "coordinates": [13.4844809, 52.6239261]}, "properties": {"id": "osm:way:105471770", "type": "kindergarten", "name": "Kita Die Röländer", "source": "OpenStreetMap/Overpass"}}, {"type": "Feature", "geometry": {"type": "Point", "coordinates": [13.4869082, 52.6229029]}, "properties": {"id": "osm:way:105472675", "type": "kindergarten", "name": "Kindergarten Busonistraße", "source": "OpenStreetMap/Overpass"}}, {"type": "Feature", "geometry": {"type": "Point", "coordinates": [13.4876409, 52.6215262]}, "properties": {"id": "osm:way:105723429", "type": "kindergarten", "name": "Kindergarten Pfannschmidtstraße", "source": "OpenStreetMap/Overpass"}}, {"type": "Feature", "geometry": {"type": "Point", "coordinates": [13.4815532, 52.6240957]}, "properties": {"id": "osm:way:105724981", "type": "kindergarten", "name": "Kita Krümelkiste", "source": "OpenStreetMap/Overpass"}}, {"type": "Feature", "geometry": {"type": "Point", "coordinates": [13.4869423, 52.6158438]}, "properties": {"id": "osm:way:105742817", "type": "kindergarten", "name": "Kindergarten Sonnenblume", "source": "OpenStreetMap/Overpass"}}, {"type": "Feature", "geometry": {"type": "Point", "coordinates": [13.3934482, 52.5366355]}, "properties": {"id": "osm:way:105785522", "type": "school", "name": "Vibra School of DJing", "source": "OpenStreetMap/Overpass"}}, {"type": "Feature", "geometry": {"type": "Point", "coordinates": [13.2107377, 52.412397]}, "properties": {"id": "osm:way:105888783", "type": "kindergarten", "name": "Hort \"Ein Stein\"", "source": "OpenStreetMap/Overpass"}}, {"type": "Feature", "geometry": {"type": "Point", "coordinates": [13.4447836, 52.4961711]}, "properties": {"id": "osm:way:105955835", "type": "school", "name": "Fichtelgebirge-Grundschule", "source": "OpenStreetMap/Overpass"}}, {"type": "Feature", "geometry": {"type": "Point", "coordinates": [13.2595264, 52.4552872]}, "properties": {"id": "osm:way:106196799", "type": "school", "name": "Wilma-Rudolph-Oberschule", "source": "OpenStreetMap/Overpass"}}, {"type": "Feature", "geometry": {"type": "Point", "coordinates": [13.4345056, 52.5440571]}, "properties": {"id": "osm:way:107310998", "type": "kindergarten", "name": "Kita Preußstraße", "source": "OpenStreetMap/Overpass"}}, {"type": "Feature", "geometry": {"type": "Point", "coordinates": [13.345148, 52.5743449]}, "properties": {"id": "osm:way:107430634", "type": "kindergarten", "name": "Kita Humboldtstraße 1", "source": "OpenStreetMap/Overpass"}}, {"type": "Feature", "geometry": {"type": "Point", "coordinates": [13.378874, 52.4610489]}, "properties": {"id": "osm:way:107457065", "type": "kindergarten", "name": "Kita der Ev. Kirchengem. Alt-Tempelhof", "source": "OpenStreetMap/Overpass"}}, {"type": "Feature", "geometry": {"type": "Point", "coordinates": [13.4492279, 52.4890934]}, "properties": {"id": "osm:way:107686640", "type": "school", "name": "Röntgen-Sekundarschule", "source": "OpenStreetMap/Overpass"}}, {"type": "Feature", "geometry": {"type": "Point", "coordinates": [13.2282736, 52.6198833]}, "properties": {"id": "osm:way:107688362", "type": "school", "name": "Albrecht-Haushofer-Schule", "source": "OpenStreetMap/Overpass"}}, {"type": "Feature", "geometry": {"type": "Point", "coordinates": [13.113897, 52.3859941]}, "properties": {"id": "osm:way:107994720", "type": "kindergarten", "name": "Fröbel-Kindergarten Am Filmpark", "source": "OpenStreetMap/Overpass"}}, {"type": "Feature", "geometry": {"type": "Point", "coordinates": [13.3584685, 52.5415537]}, "properties": {"id": "osm:way:108543581", "type": "school", "name": "Brüder-Grimm-Grundschule", "source": "OpenStreetMap/Overpass"}}, {"type": "Feature", "geometry": {"type": "Point", "coordinates": [13.3895471, 52.3644743]}, "properties": {"id": "osm:way:108654690", "type": "school", "name": "Schule am Waldblick", "source": "OpenStreetMap/Overpass"}}, {"type": "Feature", "geometry": {"type": "Point", "coordinates": [13.6059297, 52.4389778]}, "properties": {"id": "osm:way:108804669", "type": "school", "name": "", "source": "OpenStreetMap/Overpass"}}, {"type": "Feature", "geometry": {"type": "Point", "coordinates": [13.2875921, 52.4785474]}, "properties": {"id": "osm:way:109704622", "type": "school", "name": "Carl-Orff-Grundschule", "source": "OpenStreetMap/Overpass"}}, {"type": "Feature", "geometry": {"type": "Point", "coordinates": [13.3805357, 52.505026]}, "properties": {"id": "osm:way:109935042", "type": "childcare", "name": "Winterspielplatz", "source": "OpenStreetMap/Overpass"}}, {"type": "Feature", "geometry": {"type": "Point", "coordinates": [13.2815517, 52.4914067]}, "properties": {"id": "osm:way:109980303", "type": "school", "name": "Walther-Rathenau-Gymnasium", "source": "OpenStreetMap/Overpass"}}, {"type": "Feature", "geometry": {"type": "Point", "coordinates": [13.2152652, 52.6087069]}, "properties": {"id": "osm:way:109997221", "type": "kindergarten", "name": "Montessori Kinderhaus mit Kleinkindgemeinschaft Alt-Heiligensee", "source": "OpenStreetMap/Overpass"}}, {"type": "Feature", "geometry": {"type": "Point", "coordinates": [13.2934645, 52.4827441]}, "properties": {"id": "osm:way:110642163", "type": "school", "name": "Sekundarschule Wilmersdorf", "source": "OpenStreetMap/Overpass"}}, {"type": "Feature", "geometry": {"type": "Point", "coordinates": [13.2940841, 52.4763095]}, "properties": {"id": "osm:way:110656840", "type": "school", "name": "Alt-Schmargendorf-Grundschule", "source": "OpenStreetMap/Overpass"}}, {"type": "Feature", "geometry": {"type": "Point", "coordinates": [13.3084194, 52.5691688]}, "properties": {"id": "osm:way:111410239", "type": "kindergarten", "name": "Kita Kinderwelt", "source": "OpenStreetMap/Overpass"}}, {"type": "Feature", "geometry": {"type": "Point", "coordinates": [13.3232245, 52.5709937]}, "properties": {"id": "osm:way:111410259", "type": "kindergarten", "name": "Kita Albatros", "source": "OpenStreetMap/Overpass"}}, {"type": "Feature", "geometry": {"type": "Point", "coordinates": [13.2818897, 52.4848054]}, "properties": {"id": "osm:way:111541400", "type": "school", "name": "Grunewald Grundschule", "source": "OpenStreetMap/Overpass"}}, {"type": "Feature", "geometry": {"type": "Point", "coordinates": [13.2769301, 52.4852185]}, "properties": {"id": "osm:way:111541493", "type": "school", "name": "Hildegard-Wegscheider-Gymnasium", "source": "OpenStreetMap/Overpass"}}, {"type": "Feature", "geometry": {"type": "Point", "coordinates": [13.343348, 52.5576083]}, "properties": {"id": "osm:way:111657919", "type": "school", "name": "Lessing-Gymnasium", "source": "OpenStreetMap/Overpass"}}, {"type": "Feature", "geometry": {"type": "Point", "coordinates": [13.3562502, 52.5565327]}, "properties": {"id": "osm:way:111872672", "type": "school", "name": "Gottfried-Röhl-Grundschule", "source": "OpenStreetMap/Overpass"}}, {"type": "Feature", "geometry": {"type": "Point", "coordinates": [13.3174418, 52.5251024]}, "properties": {"id": "osm:way:112503208", "type": "school", "name": "Heinrich von Stephan Gemeinschaftsschule", "source": "OpenStreetMap/Overpass"}}, {"type": "Feature", "geometry": {"type": "Point", "coordinates": [13.2918622, 52.4437887]}, "properties": {"id": "osm:way:112789704", "type": "kindergarten", "name": "Kita Sausewind", "source": "OpenStreetMap/Overpass"}}, {"type": "Feature", "geometry": {"type": "Point", "coordinates": [13.3045523, 52.6131079]}, "properties": {"id": "osm:way:113373757", "type": "school", "name": "Gustav-Dreyer-Schule", "source": "OpenStreetMap/Overpass"}}, {"type": "Feature", "geometry": {"type": "Point", "coordinates": [13.4937093, 52.6143791]}, "properties": {"id": "osm:way:113714266", "type": "kindergarten", "name": "Kita Orgelpfeifen", "source": "OpenStreetMap/Overpass"}}, {"type": "Feature", "geometry": {"type": "Point", "coordinates": [13.494922, 52.5125766]}, "properties": {"id": "osm:way:114252857", "type": "kindergarten", "name": "Kiezspatzen", "source": "OpenStreetMap/Overpass"}}, {"type": "Feature", "geometry": {"type": "Point", "coordinates": [13.0905683, 52.3924781]}, "properties": {"id": "osm:way:115664609", "type": "kindergarten", "name": "Oberlinkrippe", "source": "OpenStreetMap/Overpass"}}, {"type": "Feature", "geometry": {"type": "Point", "coordinates": [13.469865, 52.5265094]}, "properties": {"id": "osm:way:115941393", "type": "kindergarten", "name": "Kita Sonnenschein", "source": "OpenStreetMap/Overpass"}}, {"type": "Feature", "geometry": {"type": "Point", "coordinates": [13.3518068, 52.5989255]}, "properties": {"id": "osm:way:116619771", "type": "school", "name": "Thomas-Mann-Gymnasium", "source": "OpenStreetMap/Overpass"}}, {"type": "Feature", "geometry": {"type": "Point", "coordinates": [13.3936184, 52.5385246]}, "properties": {"id": "osm:way:116676564", "type": "school", "name": "Ernst-Reuter-Schule", "source": "OpenStreetMap/Overpass"}}, {"type": "Feature", "geometry": {"type": "Point", "coordinates": [13.2478182, 52.3969222]}, "properties": {"id": "osm:way:116688532", "type": "school", "name": "", "source": "OpenStreetMap/Overpass"}}, {"type": "Feature", "geometry": {"type": "Point", "coordinates": [13.248297, 52.3964236]}, "properties": {"id": "osm:way:116688533", "type": "kindergarten", "name": "HORT Ernst von Stubenrauch", "source": "OpenStreetMap/Overpass"}}, {"type": "Feature", "geometry": {"type": "Point", "coordinates": [13.3909668, 52.5380301]}, "properties": {"id": "osm:way:116793884", "type": "school", "name": "Gustav-Falke-Schule", "source": "OpenStreetMap/Overpass"}}, {"type": "Feature", "geometry": {"type": "Point", "coordinates": [13.4185054, 52.5450977]}, "properties": {"id": "osm:way:117915391", "type": "kindergarten", "name": "Kita Kritzelknirpse", "source": "OpenStreetMap/Overpass"}}, {"type": "Feature", "geometry": {"type": "Point", "coordinates": [13.0994844, 52.3900718]}, "properties": {"id": "osm:way:118136234", "type": "school", "name": "Mensa", "source": "OpenStreetMap/Overpass"}}, {"type": "Feature", "geometry": {"type": "Point", "coordinates": [13.2409227, 52.4404563]}, "properties": {"id": "osm:way:118359177", "type": "school", "name": "Gail-S.-Halvorsen-Integrierte Sekundarschule (Filiale)", "source": "OpenStreetMap/Overpass"}}, {"type": "Feature", "geometry": {"type": "Point", "coordinates": [13.5491187, 52.4348114]}, "properties": {"id": "osm:way:118377362", "type": "school", "name": "Anna-Seghers-Oberschule", "source": "OpenStreetMap/Overpass"}}, {"type": "Feature", "geometry": {"type": "Point", "coordinates": [13.5489326, 52.4339852]}, "properties": {"id": "osm:way:118377496", "type": "kindergarten", "name": "Kita Moissistraße", "source": "OpenStreetMap/Overpass"}}, {"type": "Feature", "geometry": {"type": "Point", "coordinates": [13.3937759, 52.5554916]}, "properties": {"id": "osm:way:119687772", "type": "kindergarten", "name": "Kita Märchenland", "source": "OpenStreetMap/Overpass"}}, {"type": "Feature", "geometry": {"type": "Point", "coordinates": [13.277664, 52.5773475]}, "properties": {"id": "osm:way:120445499", "type": "kindergarten", "name": "Kita Neheimer Straße", "source": "OpenStreetMap/Overpass"}}, {"type": "Feature", "geometry": {"type": "Point", "coordinates": [13.2791895, 52.5878156]}, "properties": {"id": "osm:way:120445503", "type": "school", "name": "Schulhort der Franz-Marc-Grundschule", "source": "OpenStreetMap/Overpass"}}, {"type": "Feature", "geometry": {"type": "Point", "coordinates": [13.2773184, 52.5875208]}, "properties": {"id": "osm:way:120445504", "type": "kindergarten", "name": "Evangelische Kita Alt-Tegel", "source": "OpenStreetMap/Overpass"}}, {"type": "Feature", "geometry": {"type": "Point", "coordinates": [13.3656239, 52.5881695]}, "properties": {"id": "osm:way:120944949", "type": "school", "name": "SchuleEins Filiale Wilhelmsruh", "source": "OpenStreetMap/Overpass"}}, {"type": "Feature", "geometry": {"type": "Point", "coordinates": [13.1572786, 52.5481784]}, "properties": {"id": "osm:way:120945735", "type": "school", "name": "Grundschule im Beerwinkel", "source": "OpenStreetMap/Overpass"}}, {"type": "Feature", "geometry": {"type": "Point", "coordinates": [13.1462096, 52.5413866]}, "properties": {"id": "osm:way:120946280", "type": "school", "name": "Zeppelin-Grundschule", "source": "OpenStreetMap/Overpass"}}, {"type": "Feature", "geometry": {"type": "Point", "coordinates": [13.1681128, 52.5221423]}, "properties": {"id": "osm:way:120946753", "type": "school", "name": "Christian-Morgenstern-Grundschule", "source": "OpenStreetMap/Overpass"}}, {"type": "Feature", "geometry": {"type": "Point", "coordinates": [13.2372623, 52.5082003]}, "properties": {"id": "osm:way:120947523", "type": "school", "name": "", "source": "OpenStreetMap/Overpass"}}, {"type": "Feature", "geometry": {"type": "Point", "coordinates": [13.274628, 52.5407958]}, "properties": {"id": "osm:way:121034430", "type": "school", "name": "Robert-Reinick-Grundschule", "source": "OpenStreetMap/Overpass"}}, {"type": "Feature", "geometry": {"type": "Point", "coordinates": [13.3260721, 52.5700619]}, "properties": {"id": "osm:way:121039397", "type": "kindergarten", "name": "Kita der Ev. Kirchengem. Segen", "source": "OpenStreetMap/Overpass"}}, {"type": "Feature", "geometry": {"type": "Point", "coordinates": [13.2525544, 52.5110769]}, "properties": {"id": "osm:way:121105167", "type": "school", "name": "Katholische Herz-Jesu Schule", "source": "OpenStreetMap/Overpass"}}, {"type": "Feature", "geometry": {"type": "Point", "coordinates": [13.2561111, 52.5158348]}, "properties": {"id": "osm:way:121105448", "type": "school", "name": "Schele Schule", "source": "OpenStreetMap/Overpass"}}, {"type": "Feature", "geometry": {"type": "Point", "coordinates": [13.2582024, 52.5109735]}, "properties": {"id": "osm:way:121107493", "type": "school", "name": "Herder-Gymnasium", "source": "OpenStreetMap/Overpass"}}, {"type": "Feature", "geometry": {"type": "Point", "coordinates": [13.2280279, 52.5436649]}, "properties": {"id": "osm:way:121108381", "type": "school", "name": "Grundschule an der Pulvermühle", "source": "OpenStreetMap/Overpass"}}, {"type": "Feature", "geometry": {"type": "Point", "coordinates": [13.2304848, 52.543779]}, "properties": {"id": "osm:way:121108382", "type": "school", "name": "OSZ TIEM", "source": "OpenStreetMap/Overpass"}}, {"type": "Feature", "geometry": {"type": "Point", "coordinates": [13.290707, 52.5058213]}, "properties": {"id": "osm:way:121111378", "type": "school", "name": "Peter-Ustinov-Schule", "source": "OpenStreetMap/Overpass"}}, {"type": "Feature", "geometry": {"type": "Point", "coordinates": [13.4006409, 52.5675329]}, "properties": {"id": "osm:way:121141157", "type": "school", "name": "Arnold-Zweig-Grundschule", "source": "OpenStreetMap/Overpass"}}, {"type": "Feature", "geometry": {"type": "Point", "coordinates": [13.4101829, 52.5680183]}, "properties": {"id": "osm:way:121141632", "type": "school", "name": "Elizabeth-Shaw-Grundschule", "source": "OpenStreetMap/Overpass"}}, {"type": "Feature", "geometry": {"type": "Point", "coordinates": [13.4134509, 52.5683568]}, "properties": {"id": "osm:way:121142207", "type": "school", "name": "Freie Integrative Montessori-Grundschule Sternenwiese", "source": "OpenStreetMap/Overpass"}}, {"type": "Feature", "geometry": {"type": "Point", "coordinates": [13.4123039, 52.568591]}, "properties": {"id": "osm:way:121142208", "type": "school", "name": "Janusz-Korczak-Bibliothek", "source": "OpenStreetMap/Overpass"}}, {"type": "Feature", "geometry": {"type": "Point", "coordinates": [13.4196962, 52.5651406]}, "properties": {"id": "osm:way:121142547", "type": "school", "name": "Grundschule Wolkenstein", "source": "OpenStreetMap/Overpass"}}, {"type": "Feature", "geometry": {"type": "Point", "coordinates": [13.4225246, 52.5556494]}, "properties": {"id": "osm:way:121173258", "type": "school", "name": "Trelleborg Schule", "source": "OpenStreetMap/Overpass"}}, {"type": "Feature", "geometry": {"type": "Point", "coordinates": [13.4530748, 52.5538296]}, "properties": {"id": "osm:way:121173498", "type": "school", "name": "Primo-Levi-Schule", "source": "OpenStreetMap/Overpass"}}, {"type": "Feature", "geometry": {"type": "Point", "coordinates": [13.4920692, 52.5692414]}, "properties": {"id": "osm:way:121239913", "type": "school", "name": "Grüner Campus Malchow - Fontane-Campus", "source": "OpenStreetMap/Overpass"}}, {"type": "Feature", "geometry": {"type": "Point", "coordinates": [13.5072255, 52.5680518]}, "properties": {"id": "osm:way:121240051", "type": "school", "name": "Schul-Drehscheibe Wustrower Straße", "source": "OpenStreetMap/Overpass"}}, {"type": "Feature", "geometry": {"type": "Point", "coordinates": [13.5649621, 52.550736]}, "properties": {"id": "osm:way:121240444", "type": "school", "name": "Grundschule am Bürgerpark", "source": "OpenStreetMap/Overpass"}}, {"type": "Feature", "geometry": {"type": "Point", "coordinates": [13.5864864, 52.5430325]}, "properties": {"id": "osm:way:121240752", "type": "school", "name": "Ernst-Haeckel-Oberschule", "source": "OpenStreetMap/Overpass"}}, {"type": "Feature", "geometry": {"type": "Point", "coordinates": [13.5967344, 52.5373108]}, "properties": {"id": "osm:way:121240847", "type": "school", "name": "Wolfgang-Amadeus-Mozart-Schule", "source": "OpenStreetMap/Overpass"}}, {"type": "Feature", "geometry": {"type": "Point", "coordinates": [13.2480121, 52.6101671]}, "properties": {"id": "osm:way:121284919", "type": "kindergarten", "name": "Integrationskindertagesstätte Regenbogen", "source": "OpenStreetMap/Overpass"}}, {"type": "Feature", "geometry": {"type": "Point", "coordinates": [13.3836603, 52.4472294]}, "properties": {"id": "osm:way:121284951", "type": "school", "name": "Mascha-Kaléko-Grundschule", "source": "OpenStreetMap/Overpass"}}, {"type": "Feature", "geometry": {"type": "Point", "coordinates": [13.3352341, 52.5541899]}, "properties": {"id": "osm:way:121290500", "type": "kindergarten", "name": "Deutsch-Französischer Kindergarten / Jardin d’enfants franco-allemand", "source": "OpenStreetMap/Overpass"}}, {"type": "Feature", "geometry": {"type": "Point", "coordinates": [13.3558178, 52.5627839]}, "properties": {"id": "osm:way:121296672", "type": "school", "name": "Grundschule am Schäfersee", "source": "OpenStreetMap/Overpass"}}, {"type": "Feature", "geometry": {"type": "Point", "coordinates": [13.2764939, 52.5760311]}, "properties": {"id": "osm:way:121296675", "type": "kindergarten", "name": "Kita Schneckenhaus", "source": "OpenStreetMap/Overpass"}}, {"type": "Feature", "geometry": {"type": "Point", "coordinates": [13.3468438, 52.5447719]}, "properties": {"id": "osm:way:121296682", "type": "kindergarten", "name": "Kita Brüsseler Straße", "source": "OpenStreetMap/Overpass"}}, {"type": "Feature", "geometry": {"type": "Point", "coordinates": [13.370003, 52.5621139]}, "properties": {"id": "osm:way:121296686", "type": "school", "name": "Georg-Schlesinger-Schule", "source": "OpenStreetMap/Overpass"}}, {"type": "Feature", "geometry": {"type": "Point", "coordinates": [13.3547255, 52.5581433]}, "properties": {"id": "osm:way:121296687", "type": "school", "name": "Oberstufenzentrum Gesundheit I", "source": "OpenStreetMap/Overpass"}}, {"type": "Feature", "geometry": {"type": "Point", "coordinates": [13.2541824, 52.4370629]}, "properties": {"id": "osm:way:121429710", "type": "school", "name": "", "source": "OpenStreetMap/Overpass"}}, {"type": "Feature", "geometry": {"type": "Point", "coordinates": [13.0998819, 52.3935848]}, "properties": {"id": "osm:way:121521179", "type": "kindergarten", "name": "Comenius Kindergarten", "source": "OpenStreetMap/Overpass"}}, {"type": "Feature", "geometry": {"type": "Point", "coordinates": [13.4600457, 52.5476965]}, "properties": {"id": "osm:way:121553901", "type": "school", "name": "Picasso-Grundschule - Nebengebäude", "source": "OpenStreetMap/Overpass"}}, {"type": "Feature", "geometry": {"type": "Point", "coordinates": [13.2717127, 52.397377]}, "properties": {"id": "osm:way:121585561", "type": "kindergarten", "name": "Kita Rappelkiste", "source": "OpenStreetMap/Overpass"}}, {"type": "Feature", "geometry": {"type": "Point", "coordinates": [13.1645022, 52.5558096]}, "properties": {"id": "osm:way:121635163", "type": "school", "name": "Grundschule am Wasserwerk", "source": "OpenStreetMap/Overpass"}}, {"type": "Feature", "geometry": {"type": "Point", "coordinates": [13.2666753, 52.5114477]}, "properties": {"id": "osm:way:121635379", "type": "school", "name": "Heinz-Berggruen-Gymnasium", "source": "OpenStreetMap/Overpass"}}, {"type": "Feature", "geometry": {"type": "Point", "coordinates": [13.3390847, 52.5305597]}, "properties": {"id": "osm:way:121635480", "type": "kindergarten", "name": "Hort der THG", "source": "OpenStreetMap/Overpass"}}, {"type": "Feature", "geometry": {"type": "Point", "coordinates": [13.3537087, 52.5351284]}, "properties": {"id": "osm:way:121636011", "type": "school", "name": "Theodor-Heuss-Gemeinschaftsschule (Mittel- und Oberstufe)", "source": "OpenStreetMap/Overpass"}}, {"type": "Feature", "geometry": {"type": "Point", "coordinates": [13.3403647, 52.5174154]}, "properties": {"id": "osm:way:121660190", "type": "kindergarten", "name": "Kindergarten Hansa Spatzen", "source": "OpenStreetMap/Overpass"}}, {"type": "Feature", "geometry": {"type": "Point", "coordinates": [13.3397719, 52.5200296]}, "properties": {"id": "osm:way:121660191", "type": "school", "name": "Gymnasium Tiergarten", "source": "OpenStreetMap/Overpass"}}, {"type": "Feature", "geometry": {"type": "Point", "coordinates": [13.3407118, 52.521543]}, "properties": {"id": "osm:way:121660192", "type": "school", "name": "Hansa-Grundschule", "source": "OpenStreetMap/Overpass"}}, {"type": "Feature", "geometry": {"type": "Point", "coordinates": [13.2752363, 52.3956923]}, "properties": {"id": "osm:way:121692427", "type": "school", "name": "Immanuel-Kant-Gymnasium", "source": "OpenStreetMap/Overpass"}}, {"type": "Feature", "geometry": {"type": "Point", "coordinates": [13.3952243, 52.5771808]}, "properties": {"id": "osm:way:121703248", "type": "kindergarten", "name": "Lara.Kita", "source": "OpenStreetMap/Overpass"}}, {"type": "Feature", "geometry": {"type": "Point", "coordinates": [13.4233908, 52.5160626]}, "properties": {"id": "osm:way:121705490", "type": "school", "name": "Max-Planck-Gymnasium", "source": "OpenStreetMap/Overpass"}}, {"type": "Feature", "geometry": {"type": "Point", "coordinates": [13.2786643, 52.3916131]}, "properties": {"id": "osm:way:121705524", "type": "school", "name": "Anne-Frank-Grundschule", "source": "OpenStreetMap/Overpass"}}, {"type": "Feature", "geometry": {"type": "Point", "coordinates": [13.2990869, 52.5180326]}, "properties": {"id": "osm:way:121770906", "type": "school", "name": "Schinkel-Grundschule", "source": "OpenStreetMap/Overpass"}}, {"type": "Feature", "geometry": {"type": "Point", "coordinates": [13.3016026, 52.5163424]}, "properties": {"id": "osm:way:121771259", "type": "school", "name": "Oberstufenzentrum Kraftfahrzeugtechnik", "source": "OpenStreetMap/Overpass"}}, {"type": "Feature", "geometry": {"type": "Point", "coordinates": [13.297627, 52.5163687]}, "properties": {"id": "osm:way:121771293", "type": "school", "name": "Schule am Schloss", "source": "OpenStreetMap/Overpass"}}, {"type": "Feature", "geometry": {"type": "Point", "coordinates": [13.2927953, 52.5143718]}, "properties": {"id": "osm:way:121771669", "type": "school", "name": "Nehring-Grundschule", "source": "OpenStreetMap/Overpass"}}, {"type": "Feature", "geometry": {"type": "Point", "coordinates": [13.3128138, 52.5095502]}, "properties": {"id": "osm:way:121820795", "type": "school", "name": "Eichendorff-Grundschule", "source": "OpenStreetMap/Overpass"}}, {"type": "Feature", "geometry": {"type": "Point", "coordinates": [13.2951442, 52.5092744]}, "properties": {"id": "osm:way:121821297", "type": "school", "name": "Lietzensee-Grundschule", "source": "OpenStreetMap/Overpass"}}, {"type": "Feature", "geometry": {"type": "Point", "coordinates": [13.320954, 52.5041293]}, "properties": {"id": "osm:way:121821490", "type": "school", "name": "Joan-Miró-Grundschule", "source": "OpenStreetMap/Overpass"}}, {"type": "Feature", "geometry": {"type": "Point", "coordinates": [13.4053382, 52.5262047]}, "properties": {"id": "osm:way:121901347", "type": "school", "name": "Freie Waldorfschule Berlin-Mitte", "source": "OpenStreetMap/Overpass"}}, {"type": "Feature", "geometry": {"type": "Point", "coordinates": [13.3627859, 52.5025136]}, "properties": {"id": "osm:way:121955303", "type": "school", "name": "Allegro-Grundschule", "source": "OpenStreetMap/Overpass"}}, {"type": "Feature", "geometry": {"type": "Point", "coordinates": [13.3056192, 52.4924955]}, "properties": {"id": "osm:way:121955317", "type": "school", "name": "Otto-von-Guericke-Oberschule", "source": "OpenStreetMap/Overpass"}}, {"type": "Feature", "geometry": {"type": "Point", "coordinates": [13.3164865, 52.4845599]}, "properties": {"id": "osm:way:121955959", "type": "school", "name": "Finkenkrug-Schule", "source": "OpenStreetMap/Overpass"}}, {"type": "Feature", "geometry": {"type": "Point", "coordinates": [13.3323105, 52.4828634]}, "properties": {"id": "osm:way:121957412", "type": "school", "name": "Volkshochschule City West", "source": "OpenStreetMap/Overpass"}}, {"type": "Feature", "geometry": {"type": "Point", "coordinates": [13.4010839, 52.5034398]}, "properties": {"id": "osm:way:122048408", "type": "school", "name": "Waldorfschule Kreuzberg", "source": "OpenStreetMap/Overpass"}}, {"type": "Feature", "geometry": {"type": "Point", "coordinates": [13.4309035, 52.4944686]}, "properties": {"id": "osm:way:122048616", "type": "school", "name": "Rosa-Parks-Grundschule", "source": "OpenStreetMap/Overpass"}}, {"type": "Feature", "geometry": {"type": "Point", "coordinates": [13.3804965, 52.4910856]}, "properties": {"id": "osm:way:122049374", "type": "school", "name": "Adolf-Glaßbrenner-Grundschule", "source": "OpenStreetMap/Overpass"}}, {"type": "Feature", "geometry": {"type": "Point", "coordinates": [13.3815898, 52.4906742]}, "properties": {"id": "osm:way:122049378", "type": "school", "name": "Charlotte-Salomon-Grundschule", "source": "OpenStreetMap/Overpass"}}, {"type": "Feature", "geometry": {"type": "Point", "coordinates": [13.2671207, 52.66963]}, "properties": {"id": "osm:way:122049914", "type": "kindergarten", "name": "", "source": "OpenStreetMap/Overpass"}}, {"type": "Feature", "geometry": {"type": "Point", "coordinates": [13.3814635, 52.4814095]}, "properties": {"id": "osm:way:122050687", "type": "school", "name": "Grundschule auf dem Tempelhofer Feld", "source": "OpenStreetMap/Overpass"}}, {"type": "Feature", "geometry": {"type": "Point", "coordinates": [13.3648096, 52.4844517]}, "properties": {"id": "osm:way:122195755", "type": "school", "name": "Robert-Blum-Gymnasium", "source": "OpenStreetMap/Overpass"}}, {"type": "Feature", "geometry": {"type": "Point", "coordinates": [13.350344, 52.4855343]}, "properties": {"id": "osm:way:122195960", "type": "school", "name": "Gustav-Langenscheidt-Schule", "source": "OpenStreetMap/Overpass"}}, {"type": "Feature", "geometry": {"type": "Point", "coordinates": [13.3392334, 52.4802753]}, "properties": {"id": "osm:way:122197045", "type": "school", "name": "", "source": "OpenStreetMap/Overpass"}}, {"type": "Feature", "geometry": {"type": "Point", "coordinates": [13.3210128, 52.4759039]}, "properties": {"id": "osm:way:122197291", "type": "school", "name": "Ruppin-Grundschule", "source": "OpenStreetMap/Overpass"}}, {"type": "Feature", "geometry": {"type": "Point", "coordinates": [13.3222423, 52.4708562]}, "properties": {"id": "osm:way:122197443", "type": "school", "name": "Rheingau Gymnasium", "source": "OpenStreetMap/Overpass"}}, {"type": "Feature", "geometry": {"type": "Point", "coordinates": [13.2956712, 52.500269]}, "properties": {"id": "osm:way:122242601", "type": "school", "name": "Halensee-Grundschule", "source": "OpenStreetMap/Overpass"}}, {"type": "Feature", "geometry": {"type": "Point", "coordinates": [13.3149739, 52.4614795]}, "properties": {"id": "osm:way:122333245", "type": "school", "name": "Paulsen-Gymnasium", "source": "OpenStreetMap/Overpass"}}, {"type": "Feature", "geometry": {"type": "Point", "coordinates": [13.3903671, 52.4650324]}, "properties": {"id": "osm:way:122385904", "type": "school", "name": "Luise-Henriette-Schule", "source": "OpenStreetMap/Overpass"}}, {"type": "Feature", "geometry": {"type": "Point", "coordinates": [13.3930605, 52.4617904]}, "properties": {"id": "osm:way:122385930", "type": "school", "name": "Paul-Simmel-Grundschule", "source": "OpenStreetMap/Overpass"}}, {"type": "Feature", "geometry": {"type": "Point", "coordinates": [13.3800185, 52.46044]}, "properties": {"id": "osm:way:122386008", "type": "school", "name": "Askanisches Gymnasium", "source": "OpenStreetMap/Overpass"}}, {"type": "Feature", "geometry": {"type": "Point", "coordinates": [13.2847816, 52.4579615]}, "properties": {"id": "osm:way:122386278", "type": "school", "name": "Erich-Kästner-Grundschule", "source": "OpenStreetMap/Overpass"}}, {"type": "Feature", "geometry": {"type": "Point", "coordinates": [13.2796718, 52.458605]}, "properties": {"id": "osm:way:122386375", "type": "school", "name": "Arndt-Gymnasium Dahlem", "source": "OpenStreetMap/Overpass"}}, {"type": "Feature", "geometry": {"type": "Point", "coordinates": [13.2699074, 52.4547984]}, "properties": {"id": "osm:way:122386805", "type": "school", "name": "Quentin Blake Europa- und Biesalski-Schule", "source": "OpenStreetMap/Overpass"}}, {"type": "Feature", "geometry": {"type": "Point", "coordinates": [13.3615366, 52.544181]}, "properties": {"id": "osm:way:122396326", "type": "school", "name": "Leo-Lionni-Grundschule", "source": "OpenStreetMap/Overpass"}}, {"type": "Feature", "geometry": {"type": "Point", "coordinates": [13.2333987, 52.5446476]}, "properties": {"id": "osm:way:122404224", "type": "school", "name": "Bernd-Ryke-Grundschule", "source": "OpenStreetMap/Overpass"}}, {"type": "Feature", "geometry": {"type": "Point", "coordinates": [13.1801527, 52.5255089]}, "properties": {"id": "osm:way:122404229", "type": "school", "name": "Grundschule am Birkenhain", "source": "OpenStreetMap/Overpass"}}, {"type": "Feature", "geometry": {"type": "Point", "coordinates": [13.3581209, 52.5508537]}, "properties": {"id": "osm:way:122500005", "type": "school", "name": "Erika-Mann-Grundschule", "source": "OpenStreetMap/Overpass"}}, {"type": "Feature", "geometry": {"type": "Point", "coordinates": [13.3032558, 52.5860803]}, "properties": {"id": "osm:way:122523872", "type": "kindergarten", "name": "", "source": "OpenStreetMap/Overpass"}}, {"type": "Feature", "geometry": {"type": "Point", "coordinates": [13.2973087, 52.5891507]}, "properties": {"id": "osm:way:122523903", "type": "kindergarten", "name": "Hort Hoffmann-von-Fallersleben-GS", "source": "OpenStreetMap/Overpass"}}, {"type": "Feature", "geometry": {"type": "Point", "coordinates": [13.3290889, 52.5594184]}, "properties": {"id": "osm:way:122523905", "type": "kindergarten", "name": "Kita Ghanastraße", "source": "OpenStreetMap/Overpass"}}, {"type": "Feature", "geometry": {"type": "Point", "coordinates": [13.3048783, 52.4121108]}, "properties": {"id": "osm:way:122527139", "type": "school", "name": "Oberstufenzentrum Bürowirtschaft und Verwaltung", "source": "OpenStreetMap/Overpass"}}, {"type": "Feature", "geometry": {"type": "Point", "coordinates": [13.1380606, 52.455558]}, "properties": {"id": "osm:way:122548874", "type": "school", "name": "", "source": "OpenStreetMap/Overpass"}}, {"type": "Feature", "geometry": {"type": "Point", "coordinates": [13.1379231, 52.4554377]}, "properties": {"id": "osm:way:122548880", "type": "school", "name": "Grundschule am Ritterfeld", "source": "OpenStreetMap/Overpass"}}, {"type": "Feature", "geometry": {"type": "Point", "coordinates": [13.1395468, 52.456425]}, "properties": {"id": "osm:way:122548883", "type": "kindergarten", "name": "Kita Ritterfelddamm", "source": "OpenStreetMap/Overpass"}}, {"type": "Feature", "geometry": {"type": "Point", "coordinates": [13.1734024, 52.4853878]}, "properties": {"id": "osm:way:122562122", "type": "school", "name": "", "source": "OpenStreetMap/Overpass"}}, {"type": "Feature", "geometry": {"type": "Point", "coordinates": [13.1737774, 52.4861263]}, "properties": {"id": "osm:way:122562125", "type": "school", "name": "", "source": "OpenStreetMap/Overpass"}}, {"type": "Feature", "geometry": {"type": "Point", "coordinates": [13.1743037, 52.4851885]}, "properties": {"id": "osm:way:122562126", "type": "school", "name": "", "source": "OpenStreetMap/Overpass"}}, {"type": "Feature", "geometry": {"type": "Point", "coordinates": [13.4113447, 52.5906351]}, "properties": {"id": "osm:way:122707106", "type": "school", "name": "HasenGrund-Schule", "source": "OpenStreetMap/Overpass"}}, {"type": "Feature", "geometry": {"type": "Point", "coordinates": [13.4176787, 52.583041]}, "properties": {"id": "osm:way:122707428", "type": "school", "name": "", "source": "OpenStreetMap/Overpass"}}, {"type": "Feature", "geometry": {"type": "Point", "coordinates": [13.4168785, 52.5819422]}, "properties": {"id": "osm:way:122707430", "type": "school", "name": "Konrad-Duden-Schule", "source": "OpenStreetMap/Overpass"}}, {"type": "Feature", "geometry": {"type": "Point", "coordinates": [13.4225869, 52.580457]}, "properties": {"id": "osm:way:122708037", "type": "school", "name": "Evangelische Schule Pankow", "source": "OpenStreetMap/Overpass"}}, {"type": "Feature", "geometry": {"type": "Point", "coordinates": [13.2462709, 52.395419]}, "properties": {"id": "osm:way:122787527", "type": "kindergarten", "name": "", "source": "OpenStreetMap/Overpass"}}, {"type": "Feature", "geometry": {"type": "Point", "coordinates": [13.2460064, 52.3964546]}, "properties": {"id": "osm:way:122793946", "type": "kindergarten", "name": "Kita Pusteblume", "source": "OpenStreetMap/Overpass"}}, {"type": "Feature", "geometry": {"type": "Point", "coordinates": [13.415852, 52.5740706]}, "properties": {"id": "osm:way:122868593", "type": "school", "name": "Mendel-Grundschule", "source": "OpenStreetMap/Overpass"}}, {"type": "Feature", "geometry": {"type": "Point", "coordinates": [13.4363172, 52.5462427]}, "properties": {"id": "osm:way:122871027", "type": "school", "name": "Staatliche Balletschule Berlin und Schule für Artistik", "source": "OpenStreetMap/Overpass"}}, {"type": "Feature", "geometry": {"type": "Point", "coordinates": [13.4975614, 52.5131837]}, "properties": {"id": "osm:way:122876082", "type": "school", "name": "Schule auf dem Lichten Berg (Grundschule)", "source": "OpenStreetMap/Overpass"}}, {"type": "Feature", "geometry": {"type": "Point", "coordinates": [13.3803332, 52.444732]}, "properties": {"id": "osm:way:122930190", "type": "school", "name": "Eckener-Gymnasium", "source": "OpenStreetMap/Overpass"}}, {"type": "Feature", "geometry": {"type": "Point", "coordinates": [13.3649693, 52.4471875]}, "properties": {"id": "osm:way:122930191", "type": "school", "name": "Johanna-Eck-Schule", "source": "OpenStreetMap/Overpass"}}, {"type": "Feature", "geometry": {"type": "Point", "coordinates": [13.3846138, 52.4389918]}, "properties": {"id": "osm:way:122931350", "type": "school", "name": "Rudolf-Hildebrand-Grundschule", "source": "OpenStreetMap/Overpass"}}, {"type": "Feature", "geometry": {"type": "Point", "coordinates": [13.4082191, 52.4434206]}, "properties": {"id": "osm:way:122932772", "type": "school", "name": "Carl-Sonnenschein-Grundschule", "source": "OpenStreetMap/Overpass"}}, {"type": "Feature", "geometry": {"type": "Point", "coordinates": [13.4279259, 52.5347132]}, "properties": {"id": "osm:way:123142833", "type": "school", "name": "", "source": "OpenStreetMap/Overpass"}}, {"type": "Feature", "geometry": {"type": "Point", "coordinates": [13.3175542, 52.6084196]}, "properties": {"id": "osm:way:123241770", "type": "school", "name": "Münchhausen-Grundschule", "source": "OpenStreetMap/Overpass"}}, {"type": "Feature", "geometry": {"type": "Point", "coordinates": [13.1561031, 52.4599514]}, "properties": {"id": "osm:way:123276530", "type": "school", "name": "Freie Waldorfschule Havelhöhe - Eugen Kolisko", "source": "OpenStreetMap/Overpass"}}, {"type": "Feature", "geometry": {"type": "Point", "coordinates": [13.211066, 52.4979603]}, "properties": {"id": "osm:way:123276801", "type": "school", "name": "British School Berlin", "source": "OpenStreetMap/Overpass"}}, {"type": "Feature", "geometry": {"type": "Point", "coordinates": [13.3584558, 52.4939118]}, "properties": {"id": "osm:way:123276910", "type": "school", "name": "Sophie-Scholl-Schule", "source": "OpenStreetMap/Overpass"}}, {"type": "Feature", "geometry": {"type": "Point", "coordinates": [13.2783557, 52.392723]}, "properties": {"id": "osm:way:123277367", "type": "kindergarten", "name": "Kita Kaferland", "source": "OpenStreetMap/Overpass"}}, {"type": "Feature", "geometry": {"type": "Point", "coordinates": [13.2538346, 52.4018173]}, "properties": {"id": "osm:way:123330475", "type": "kindergarten", "name": "Kita Teltower Rübchen", "source": "OpenStreetMap/Overpass"}}, {"type": "Feature", "geometry": {"type": "Point", "coordinates": [13.3126314, 52.6094443]}, "properties": {"id": "osm:way:123384141", "type": "school", "name": "Katholische Schule Salvator", "source": "OpenStreetMap/Overpass"}}, {"type": "Feature", "geometry": {"type": "Point", "coordinates": [13.4388891, 52.4590481]}, "properties": {"id": "osm:way:123505422", "type": "school", "name": "Grundschule am Teltowkanal", "source": "OpenStreetMap/Overpass"}}, {"type": "Feature", "geometry": {"type": "Point", "coordinates": [13.4388566, 52.4621324]}, "properties": {"id": "osm:way:123505423", "type": "school", "name": "Zürich-Schule", "source": "OpenStreetMap/Overpass"}}, {"type": "Feature", "geometry": {"type": "Point", "coordinates": [13.434841, 52.4673857]}, "properties": {"id": "osm:way:123721467", "type": "school", "name": "Silberstein-Grundschule", "source": "OpenStreetMap/Overpass"}}, {"type": "Feature", "geometry": {"type": "Point", "coordinates": [13.408412, 52.4446422]}, "properties": {"id": "osm:way:123748223", "type": "kindergarten", "name": "Kita Robinson Crusoe", "source": "OpenStreetMap/Overpass"}}, {"type": "Feature", "geometry": {"type": "Point", "coordinates": [13.2425276, 52.5431479]}, "properties": {"id": "osm:way:123769118", "type": "school", "name": "Schule am Gartenfeld", "source": "OpenStreetMap/Overpass"}}, {"type": "Feature", "geometry": {"type": "Point", "coordinates": [13.3245635, 52.5836704]}, "properties": {"id": "osm:way:123794058", "type": "kindergarten", "name": "Kita Rotbuchenweg", "source": "OpenStreetMap/Overpass"}}, {"type": "Feature", "geometry": {"type": "Point", "coordinates": [13.2998149, 52.4612792]}, "properties": {"id": "osm:way:123809044", "type": "school", "name": "Iranische Schule", "source": "OpenStreetMap/Overpass"}}, {"type": "Feature", "geometry": {"type": "Point", "coordinates": [13.2850323, 52.4595642]}, "properties": {"id": "osm:way:124129557", "type": "school", "name": "Gail S. Halvorsen Schule", "source": "OpenStreetMap/Overpass"}}, {"type": "Feature", "geometry": {"type": "Point", "coordinates": [13.2483328, 52.4434278]}, "properties": {"id": "osm:way:124129746", "type": "school", "name": "Pestalozzi-Schule", "source": "OpenStreetMap/Overpass"}}, {"type": "Feature", "geometry": {"type": "Point", "coordinates": [13.2475846, 52.4450299]}, "properties": {"id": "osm:way:124129747", "type": "school", "name": "Zinnowwald Grundschule", "source": "OpenStreetMap/Overpass"}}, {"type": "Feature", "geometry": {"type": "Point", "coordinates": [13.2499285, 52.4422821]}, "properties": {"id": "osm:way:124129754", "type": "school", "name": "Peter-Lenné-Schule Oberstufenzentrum Agrarwirtschaft", "source": "OpenStreetMap/Overpass"}}, {"type": "Feature", "geometry": {"type": "Point", "coordinates": [13.2261187, 52.4254167]}, "properties": {"id": "osm:way:124130160", "type": "school", "name": "Anna-Essinger-Gemeinschaftsschule (Grundstufe)", "source": "OpenStreetMap/Overpass"}}, {"type": "Feature", "geometry": {"type": "Point", "coordinates": [13.2540928, 52.4311083]}, "properties": {"id": "osm:way:124130292", "type": "school", "name": "Schadow-Gymnasium", "source": "OpenStreetMap/Overpass"}}, {"type": "Feature", "geometry": {"type": "Point", "coordinates": [13.2645684, 52.4344364]}, "properties": {"id": "osm:way:124130337", "type": "school", "name": "Sankt Ursula Grundschule", "source": "OpenStreetMap/Overpass"}}, {"type": "Feature", "geometry": {"type": "Point", "coordinates": [13.2839854, 52.4204809]}, "properties": {"id": "osm:way:124130548", "type": "school", "name": "Bilinguale Schule Phorms", "source": "OpenStreetMap/Overpass"}}, {"type": "Feature", "geometry": {"type": "Point", "coordinates": [13.2906524, 52.4405417]}, "properties": {"id": "osm:way:124131574", "type": "school", "name": "Athene-Grundschule", "source": "OpenStreetMap/Overpass"}}, {"type": "Feature", "geometry": {"type": "Point", "coordinates": [13.4188523, 52.4641172]}, "properties": {"id": "osm:way:124219991", "type": "school", "name": "Marianne-Cohn-Schule", "source": "OpenStreetMap/Overpass"}}, {"type": "Feature", "geometry": {"type": "Point", "coordinates": [13.3121737, 52.4412969]}, "properties": {"id": "osm:way:124291718", "type": "school", "name": "Kronach-Grundschule", "source": "OpenStreetMap/Overpass"}}, {"type": "Feature", "geometry": {"type": "Point", "coordinates": [13.3635404, 52.4582456]}, "properties": {"id": "osm:way:124292576", "type": "school", "name": "Lindenhof-Grundschule", "source": "OpenStreetMap/Overpass"}}, {"type": "Feature", "geometry": {"type": "Point", "coordinates": [13.3748277, 52.4540588]}, "properties": {"id": "osm:way:124475135", "type": "school", "name": "Paul-Klee-Grundschule", "source": "OpenStreetMap/Overpass"}}, {"type": "Feature", "geometry": {"type": "Point", "coordinates": [13.3514811, 52.4166721]}, "properties": {"id": "osm:way:124476249", "type": "school", "name": "Katholische Grundschule St. Alfons", "source": "OpenStreetMap/Overpass"}}, {"type": "Feature", "geometry": {"type": "Point", "coordinates": [13.3590531, 52.4154812]}, "properties": {"id": "osm:way:124476425", "type": "school", "name": "Katholische Schule Sankt Hildegard", "source": "OpenStreetMap/Overpass"}}, {"type": "Feature", "geometry": {"type": "Point", "coordinates": [13.435593, 52.4721682]}, "properties": {"id": "osm:way:124476858", "type": "school", "name": "Jenaplanschule Neukölln", "source": "OpenStreetMap/Overpass"}}, {"type": "Feature", "geometry": {"type": "Point", "coordinates": [13.4428134, 52.448059]}, "properties": {"id": "osm:way:124679751", "type": "school", "name": "Fritz-Karsen-Schule", "source": "OpenStreetMap/Overpass"}}, {"type": "Feature", "geometry": {"type": "Point", "coordinates": [13.4727173, 52.4404921]}, "properties": {"id": "osm:way:124680188", "type": "school", "name": "Oskar-Heinroth-Grundschule", "source": "OpenStreetMap/Overpass"}}, {"type": "Feature", "geometry": {"type": "Point", "coordinates": [13.4723826, 52.4267457]}, "properties": {"id": "osm:way:124680314", "type": "school", "name": "Gemeinschaftsschule Campus Efeuweg", "source": "OpenStreetMap/Overpass"}}, {"type": "Feature", "geometry": {"type": "Point", "coordinates": [13.4711287, 52.4211374]}, "properties": {"id": "osm:way:124680474", "type": "school", "name": "Hermann-von-Helmholtz-Schule (Grundstufe)", "source": "OpenStreetMap/Overpass"}}, {"type": "Feature", "geometry": {"type": "Point", "coordinates": [13.4718437, 52.4223523]}, "properties": {"id": "osm:way:124680477", "type": "school", "name": "Hermann-von-Helmholtz-Schule (Mittelstufe)", "source": "OpenStreetMap/Overpass"}}, {"type": "Feature", "geometry": {"type": "Point", "coordinates": [13.4851842, 52.4108985]}, "properties": {"id": "osm:way:124680553", "type": "school", "name": "Schliemann Grundschule", "source": "OpenStreetMap/Overpass"}}, {"type": "Feature", "geometry": {"type": "Point", "coordinates": [13.5255056, 52.400464]}, "properties": {"id": "osm:way:124681062", "type": "school", "name": "Anne-Frank-Oberschule", "source": "OpenStreetMap/Overpass"}}, {"type": "Feature", "geometry": {"type": "Point", "coordinates": [13.5387128, 52.4058364]}, "properties": {"id": "osm:way:124681705", "type": "kindergarten", "name": "Kita Krümelnest", "source": "OpenStreetMap/Overpass"}}, {"type": "Feature", "geometry": {"type": "Point", "coordinates": [13.2438146, 52.3983348]}, "properties": {"id": "osm:way:124775170", "type": "school", "name": "", "source": "OpenStreetMap/Overpass"}}, {"type": "Feature", "geometry": {"type": "Point", "coordinates": [13.5310968, 52.4476935]}, "properties": {"id": "osm:way:124816442", "type": "school", "name": "Kreativitätsgrundschule Berlin-Treptow", "source": "OpenStreetMap/Overpass"}}, {"type": "Feature", "geometry": {"type": "Point", "coordinates": [13.5924958, 52.4236901]}, "properties": {"id": "osm:way:124816471", "type": "school", "name": "Evangelische Schule Köpenick", "source": "OpenStreetMap/Overpass"}}, {"type": "Feature", "geometry": {"type": "Point", "coordinates": [13.6192858, 52.4477763]}, "properties": {"id": "osm:way:124816702", "type": "school", "name": "Ahorn-Schule", "source": "OpenStreetMap/Overpass"}}, {"type": "Feature", "geometry": {"type": "Point", "coordinates": [13.6192931, 52.4512785]}, "properties": {"id": "osm:way:124816871", "type": "school", "name": "Wilhelm-Bölsche-Schule", "source": "OpenStreetMap/Overpass"}}, {"type": "Feature", "geometry": {"type": "Point", "coordinates": [13.6199983, 52.4528433]}, "properties": {"id": "osm:way:124816923", "type": "school", "name": "Evangelische Grundschule Friedrichshagen", "source": "OpenStreetMap/Overpass"}}, {"type": "Feature", "geometry": {"type": "Point", "coordinates": [13.6335466, 52.4516347]}, "properties": {"id": "osm:way:124816990", "type": "school", "name": "Gerhart-Hauptmann-Gymnasium", "source": "OpenStreetMap/Overpass"}}, {"type": "Feature", "geometry": {"type": "Point", "coordinates": [13.3340482, 52.4764257]}, "properties": {"id": "osm:way:125390734", "type": "school", "name": "Friedrich-Bergius-Oberschule", "source": "OpenStreetMap/Overpass"}}, {"type": "Feature", "geometry": {"type": "Point", "coordinates": [13.4865205, 52.494489]}, "properties": {"id": "osm:way:125437094", "type": "kindergarten", "name": "Kita Waschbär", "source": "OpenStreetMap/Overpass"}}, {"type": "Feature", "geometry": {"type": "Point", "coordinates": [13.305888, 52.4939519]}, "properties": {"id": "osm:way:125667560", "type": "school", "name": "Katharina-Heinroth-Grundschule", "source": "OpenStreetMap/Overpass"}}, {"type": "Feature", "geometry": {"type": "Point", "coordinates": [13.5788267, 52.5703477]}, "properties": {"id": "osm:way:125692093", "type": "school", "name": "Johann-Julius-Hecker-Schule", "source": "OpenStreetMap/Overpass"}}, {"type": "Feature", "geometry": {"type": "Point", "coordinates": [13.1308156, 52.3609368]}, "properties": {"id": "osm:way:126018013", "type": "school", "name": "Grundschule im Kirchsteigfeld", "source": "OpenStreetMap/Overpass"}}, {"type": "Feature", "geometry": {"type": "Point", "coordinates": [13.131246, 52.3602278]}, "properties": {"id": "osm:way:126018015", "type": "kindergarten", "name": "Kita \"Im Kirchsteigfeld\"", "source": "OpenStreetMap/Overpass"}}, {"type": "Feature", "geometry": {"type": "Point", "coordinates": [13.1317929, 52.3605585]}, "properties": {"id": "osm:way:126018018", "type": "childcare", "name": "Hort Feldmäuse", "source": "OpenStreetMap/Overpass"}}, {"type": "Feature", "geometry": {"type": "Point", "coordinates": [13.1372972, 52.3642543]}, "properties": {"id": "osm:way:126020553", "type": "school", "name": "Friedrich-Wilhelm-von-Steuben Gesamtschule", "source": "OpenStreetMap/Overpass"}}, {"type": "Feature", "geometry": {"type": "Point", "coordinates": [13.1378762, 52.3649342]}, "properties": {"id": "osm:way:126020554", "type": "kindergarten", "name": "Sonnenblume", "source": "OpenStreetMap/Overpass"}}, {"type": "Feature", "geometry": {"type": "Point", "coordinates": [13.1440805, 52.3681407]}, "properties": {"id": "osm:way:126063389", "type": "school", "name": "Schiller Gymnasium Potsdam", "source": "OpenStreetMap/Overpass"}}, {"type": "Feature", "geometry": {"type": "Point", "coordinates": [13.1340275, 52.3761226]}, "properties": {"id": "osm:way:126063882", "type": "school", "name": "Campus am Stern", "source": "OpenStreetMap/Overpass"}}, {"type": "Feature", "geometry": {"type": "Point", "coordinates": [13.442792, 52.430998]}, "properties": {"id": "osm:way:126512828", "type": "school", "name": "Wetzlar-Schule", "source": "OpenStreetMap/Overpass"}}, {"type": "Feature", "geometry": {"type": "Point", "coordinates": [13.2180919, 52.4038069]}, "properties": {"id": "osm:way:126590136", "type": "school", "name": "Maxim-Gorki-Gesamtschule Kleinmachnow", "source": "OpenStreetMap/Overpass"}}, {"type": "Feature", "geometry": {"type": "Point", "coordinates": [13.0998531, 52.3648132]}, "properties": {"id": "osm:way:126807527", "type": "school", "name": "Waldorfschule Potsdam", "source": "OpenStreetMap/Overpass"}}, {"type": "Feature", "geometry": {"type": "Point", "coordinates": [13.2690629, 52.5394459]}, "properties": {"id": "osm:way:127324897", "type": "kindergarten", "name": "CJD Johanna von Siemens - Heim 2", "source": "OpenStreetMap/Overpass"}}, {"type": "Feature", "geometry": {"type": "Point", "coordinates": [13.3124385, 52.5171629]}, "properties": {"id": "osm:way:127722361", "type": "school", "name": "Loschmidt-Oberschule", "source": "OpenStreetMap/Overpass"}}, {"type": "Feature", "geometry": {"type": "Point", "coordinates": [13.3154022, 52.5175586]}, "properties": {"id": "osm:way:127722364", "type": "school", "name": "Evangelische Schule Charlottenburg", "source": "OpenStreetMap/Overpass"}}, {"type": "Feature", "geometry": {"type": "Point", "coordinates": [13.3516986, 52.489058]}, "properties": {"id": "osm:way:127722613", "type": "school", "name": "Anna-Freud-Schule", "source": "OpenStreetMap/Overpass"}}, {"type": "Feature", "geometry": {"type": "Point", "coordinates": [13.3550693, 52.503023]}, "properties": {"id": "osm:way:127724377", "type": "school", "name": "Französisches Gymnasium", "source": "OpenStreetMap/Overpass"}}, {"type": "Feature", "geometry": {"type": "Point", "coordinates": [13.3570813, 52.5020189]}, "properties": {"id": "osm:way:127724714", "type": "school", "name": "Ecole Voltaire", "source": "OpenStreetMap/Overpass"}}, {"type": "Feature", "geometry": {"type": "Point", "coordinates": [13.4107061, 52.5347193]}, "properties": {"id": "osm:way:127886417", "type": "school", "name": "Schule am Senefelderplatz", "source": "OpenStreetMap/Overpass"}}, {"type": "Feature", "geometry": {"type": "Point", "coordinates": [13.4085826, 52.5335809]}, "properties": {"id": "osm:way:127886418", "type": "school", "name": "Grundschule am Teutoburger Platz", "source": "OpenStreetMap/Overpass"}}, {"type": "Feature", "geometry": {"type": "Point", "coordinates": [13.4041302, 52.5306418]}, "properties": {"id": "osm:way:127886459", "type": "school", "name": "John-Lennon-Gymnasium", "source": "OpenStreetMap/Overpass"}}, {"type": "Feature", "geometry": {"type": "Point", "coordinates": [13.3959603, 52.5300489]}, "properties": {"id": "osm:way:127914651", "type": "school", "name": "Grundschule am Koppenplatz (Standort Bergstraße)", "source": "OpenStreetMap/Overpass"}}, {"type": "Feature", "geometry": {"type": "Point", "coordinates": [13.0959534, 52.5636478]}, "properties": {"id": "osm:way:128128365", "type": "kindergarten", "name": "Arche", "source": "OpenStreetMap/Overpass"}}, {"type": "Feature", "geometry": {"type": "Point", "coordinates": [13.3347374, 52.4614852]}, "properties": {"id": "osm:way:128272271", "type": "kindergarten", "name": "Kita Jeverstraße", "source": "OpenStreetMap/Overpass"}}, {"type": "Feature", "geometry": {"type": "Point", "coordinates": [13.4412991, 52.4748974]}, "properties": {"id": "osm:way:128677614", "type": "kindergarten", "name": "Kita Uthmannstraße", "source": "OpenStreetMap/Overpass"}}, {"type": "Feature", "geometry": {"type": "Point", "coordinates": [13.1006823, 52.3758117]}, "properties": {"id": "osm:way:129000641", "type": "school", "name": "Freie Schule Potsdam", "source": "OpenStreetMap/Overpass"}}, {"type": "Feature", "geometry": {"type": "Point", "coordinates": [13.4904855, 52.6371262]}, "properties": {"id": "osm:way:129030622", "type": "school", "name": "Grundschule Am Sandhaus", "source": "OpenStreetMap/Overpass"}}, {"type": "Feature", "geometry": {"type": "Point", "coordinates": [13.4189862, 52.4928644]}, "properties": {"id": "osm:way:129030628", "type": "school", "name": "Hermann-Hesse-Gymnasium", "source": "OpenStreetMap/Overpass"}}, {"type": "Feature", "geometry": {"type": "Point", "coordinates": [13.5653467, 52.5639197]}, "properties": {"id": "osm:way:129030656", "type": "school", "name": "Marcana-Schule", "source": "OpenStreetMap/Overpass"}}, {"type": "Feature", "geometry": {"type": "Point", "coordinates": [13.4715219, 52.5114195]}, "properties": {"id": "osm:way:129030668", "type": "school", "name": "Grundschule am Traveplatz", "source": "OpenStreetMap/Overpass"}}, {"type": "Feature", "geometry": {"type": "Point", "coordinates": [13.4163378, 52.4935748]}, "properties": {"id": "osm:way:129030670", "type": "school", "name": "Lemgo-Grundschule", "source": "OpenStreetMap/Overpass"}}, {"type": "Feature", "geometry": {"type": "Point", "coordinates": [13.4682911, 52.513287]}, "properties": {"id": "osm:way:129030674", "type": "school", "name": "Jane-Goodall-Grundschule", "source": "OpenStreetMap/Overpass"}}, {"type": "Feature", "geometry": {"type": "Point", "coordinates": [13.4871149, 52.5356395]}, "properties": {"id": "osm:way:129030677", "type": "school", "name": "", "source": "OpenStreetMap/Overpass"}}, {"type": "Feature", "geometry": {"type": "Point", "coordinates": [13.4145657, 52.4969546]}, "properties": {"id": "osm:way:129119646", "type": "school", "name": "Jens-Nydahl-Grundschule", "source": "OpenStreetMap/Overpass"}}, {"type": "Feature", "geometry": {"type": "Point", "coordinates": [13.6154425, 52.5112249]}, "properties": {"id": "osm:way:129119647", "type": "school", "name": "Friedrich-Schiller-Grundschule", "source": "OpenStreetMap/Overpass"}}, {"type": "Feature", "geometry": {"type": "Point", "coordinates": [13.4452333, 52.5145663]}, "properties": {"id": "osm:way:129119648", "type": "school", "name": "Temple-Grandin-Schule (Filiale)", "source": "OpenStreetMap/Overpass"}}, {"type": "Feature", "geometry": {"type": "Point", "coordinates": [13.5811501, 52.4860129]}, "properties": {"id": "osm:way:129119650", "type": "school", "name": "Ulmen-Grundschule", "source": "OpenStreetMap/Overpass"}}, {"type": "Feature", "geometry": {"type": "Point", "coordinates": [13.6297898, 52.522177]}, "properties": {"id": "osm:way:129119651", "type": "school", "name": "Mahlsdorfer Grundschule", "source": "OpenStreetMap/Overpass"}}, {"type": "Feature", "geometry": {"type": "Point", "coordinates": [13.5137981, 52.4826032]}, "properties": {"id": "osm:way:129119653", "type": "school", "name": "Kreativitätsgrundschule Berlin-Karlshorst", "source": "OpenStreetMap/Overpass"}}, {"type": "Feature", "geometry": {"type": "Point", "coordinates": [13.6082573, 52.493932]}, "properties": {"id": "osm:way:129119654", "type": "school", "name": "Kiekemal Grundschule", "source": "OpenStreetMap/Overpass"}}, {"type": "Feature", "geometry": {"type": "Point", "coordinates": [13.6181924, 52.5325193]}, "properties": {"id": "osm:way:129119655", "type": "school", "name": "Kolibri Grundschule", "source": "OpenStreetMap/Overpass"}}, {"type": "Feature", "geometry": {"type": "Point", "coordinates": [13.6164893, 52.5323754]}, "properties": {"id": "osm:way:129119656", "type": "school", "name": "Sabine-Ball-Grundschule", "source": "OpenStreetMap/Overpass"}}, {"type": "Feature", "geometry": {"type": "Point", "coordinates": [13.617506, 52.5348377]}, "properties": {"id": "osm:way:129119657", "type": "school", "name": "Melanchthon-Gymnasium", "source": "OpenStreetMap/Overpass"}}, {"type": "Feature", "geometry": {"type": "Point", "coordinates": [13.5951785, 52.525553]}, "properties": {"id": "osm:way:129119658", "type": "school", "name": "Grundschule am Hollerbusch", "source": "OpenStreetMap/Overpass"}}, {"type": "Feature", "geometry": {"type": "Point", "coordinates": [13.0994071, 52.3901506]}, "properties": {"id": "osm:way:129436072", "type": "school", "name": "Goethe-Grundschule", "source": "OpenStreetMap/Overpass"}}, {"type": "Feature", "geometry": {"type": "Point", "coordinates": [13.5041159, 52.4494576]}, "properties": {"id": "osm:way:129519180", "type": "kindergarten", "name": "Kita Am Haselbusch", "source": "OpenStreetMap/Overpass"}}, {"type": "Feature", "geometry": {"type": "Point", "coordinates": [13.4484837, 52.4411701]}, "properties": {"id": "osm:way:129638928", "type": "school", "name": "Bruno-Taut-Schule", "source": "OpenStreetMap/Overpass"}}, {"type": "Feature", "geometry": {"type": "Point", "coordinates": [13.4749057, 52.5004756]}, "properties": {"id": "osm:way:129655571", "type": "kindergarten", "name": "KITA Seepiraten", "source": "OpenStreetMap/Overpass"}}, {"type": "Feature", "geometry": {"type": "Point", "coordinates": [13.3668109, 52.4873568]}, "properties": {"id": "osm:way:130002113", "type": "school", "name": "Johannes-Schule Berlin", "source": "OpenStreetMap/Overpass"}}, {"type": "Feature", "geometry": {"type": "Point", "coordinates": [13.3016363, 52.5004862]}, "properties": {"id": "osm:way:132075776", "type": "childcare", "name": "Kindergarten/Hort", "source": "OpenStreetMap/Overpass"}}, {"type": "Feature", "geometry": {"type": "Point", "coordinates": [13.4384654, 52.4753862]}, "properties": {"id": "osm:way:132235324", "type": "kindergarten", "name": "Kita Bornsdorfer Straße", "source": "OpenStreetMap/Overpass"}}, {"type": "Feature", "geometry": {"type": "Point", "coordinates": [13.5895132, 52.5343438]}, "properties": {"id": "osm:way:132342167", "type": "school", "name": "Caspar-David-Friedrich-Schule", "source": "OpenStreetMap/Overpass"}}, {"type": "Feature", "geometry": {"type": "Point", "coordinates": [13.3205083, 52.6054667]}, "properties": {"id": "osm:way:133397693", "type": "kindergarten", "name": "Horthaus Münchhausen-Grundschule", "source": "OpenStreetMap/Overpass"}}, {"type": "Feature", "geometry": {"type": "Point", "coordinates": [13.2964607, 52.6360045]}, "properties": {"id": "osm:way:133397698", "type": "kindergarten", "name": "Evangelische Kita Frohnau", "source": "OpenStreetMap/Overpass"}}, {"type": "Feature", "geometry": {"type": "Point", "coordinates": [13.4472283, 52.4721591]}, "properties": {"id": "osm:way:133766092", "type": "kindergarten", "name": "Kita Böhmische Straße", "source": "OpenStreetMap/Overpass"}}, {"type": "Feature", "geometry": {"type": "Point", "coordinates": [13.3058277, 52.5839553]}, "properties": {"id": "osm:way:134211728", "type": "kindergarten", "name": "Tietzer Strolche", "source": "OpenStreetMap/Overpass"}}, {"type": "Feature", "geometry": {"type": "Point", "coordinates": [13.3046925, 52.5849255]}, "properties": {"id": "osm:way:134211773", "type": "kindergarten", "name": "Kita Ernststraße", "source": "OpenStreetMap/Overpass"}}, {"type": "Feature", "geometry": {"type": "Point", "coordinates": [13.3781024, 52.4608924]}, "properties": {"id": "osm:way:135404376", "type": "kindergarten", "name": "", "source": "OpenStreetMap/Overpass"}}, {"type": "Feature", "geometry": {"type": "Point", "coordinates": [13.0947602, 52.3954173]}, "properties": {"id": "osm:way:135441230", "type": "school", "name": "Grundschule 16 \"Bruno H. Bürgel\"", "source": "OpenStreetMap/Overpass"}}, {"type": "Feature", "geometry": {"type": "Point", "coordinates": [13.3050166, 52.4893288]}, "properties": {"id": "osm:way:135459200", "type": "school", "name": "Annie Heuser Waldorfschule", "source": "OpenStreetMap/Overpass"}}, {"type": "Feature", "geometry": {"type": "Point", "coordinates": [13.6348923, 52.5182152]}, "properties": {"id": "osm:way:135872852", "type": "school", "name": "Gemeinschaftsschule Mahlsdorf", "source": "OpenStreetMap/Overpass"}}, {"type": "Feature", "geometry": {"type": "Point", "coordinates": [13.4996997, 52.6285293]}, "properties": {"id": "osm:way:136887779", "type": "kindergarten", "name": "Kita im Grünen", "source": "OpenStreetMap/Overpass"}}, {"type": "Feature", "geometry": {"type": "Point", "coordinates": [13.37391, 52.5491084]}, "properties": {"id": "osm:way:137118014", "type": "school", "name": "Albert-Gutzmann-Schule", "source": "OpenStreetMap/Overpass"}}, {"type": "Feature", "geometry": {"type": "Point", "coordinates": [13.4760495, 52.551957]}, "properties": {"id": "osm:way:137118021", "type": "school", "name": "", "source": "OpenStreetMap/Overpass"}}, {"type": "Feature", "geometry": {"type": "Point", "coordinates": [13.3832172, 52.5129908]}, "properties": {"id": "osm:way:137118022", "type": "school", "name": "Grundschule am Brandenburger Tor", "source": "OpenStreetMap/Overpass"}}, {"type": "Feature", "geometry": {"type": "Point", "coordinates": [13.3301939, 52.4891253]}, "properties": {"id": "osm:way:137118025", "type": "school", "name": "Freudberg Gemeinschaftsschule", "source": "OpenStreetMap/Overpass"}}, {"type": "Feature", "geometry": {"type": "Point", "coordinates": [13.3198034, 52.4482487]}, "properties": {"id": "osm:way:137118027", "type": "kindergarten", "name": "Kita an der Bäke", "source": "OpenStreetMap/Overpass"}}, {"type": "Feature", "geometry": {"type": "Point", "coordinates": [13.3726154, 52.5550204]}, "properties": {"id": "osm:way:137118039", "type": "kindergarten", "name": "Kindergarten Exerzierstraße", "source": "OpenStreetMap/Overpass"}}, {"type": "Feature", "geometry": {"type": "Point", "coordinates": [13.3518281, 52.4893998]}, "properties": {"id": "osm:way:137118041", "type": "kindergarten", "name": "Kita Grunewaldstraße", "source": "OpenStreetMap/Overpass"}}, {"type": "Feature", "geometry": {"type": "Point", "coordinates": [13.4648683, 52.5086151]}, "properties": {"id": "osm:way:137118042", "type": "school", "name": "Zille Grundschule", "source": "OpenStreetMap/Overpass"}}, {"type": "Feature", "geometry": {"type": "Point", "coordinates": [13.3788164, 52.4649708]}, "properties": {"id": "osm:way:137118050", "type": "school", "name": "Schule am Berlinickeplatz", "source": "OpenStreetMap/Overpass"}}, {"type": "Feature", "geometry": {"type": "Point", "coordinates": [13.3287973, 52.5984215]}, "properties": {"id": "osm:way:137195124", "type": "school", "name": "Ernst-Litfaß-Schule - OSZ Druck- und Medientechnik", "source": "OpenStreetMap/Overpass"}}, {"type": "Feature", "geometry": {"type": "Point", "coordinates": [13.4983947, 52.6260451]}, "properties": {"id": "osm:way:137336392", "type": "school", "name": "50. Grundschule", "source": "OpenStreetMap/Overpass"}}, {"type": "Feature", "geometry": {"type": "Point", "coordinates": [13.4963159, 52.6153281]}, "properties": {"id": "osm:way:137336632", "type": "school", "name": "Grundschule am Hohen Feld", "source": "OpenStreetMap/Overpass"}}, {"type": "Feature", "geometry": {"type": "Point", "coordinates": [13.494164, 52.6264274]}, "properties": {"id": "osm:way:137337202", "type": "kindergarten", "name": "Kindertagesstätte Friedrich-Richter-Straße", "source": "OpenStreetMap/Overpass"}}, {"type": "Feature", "geometry": {"type": "Point", "coordinates": [13.4912238, 52.6295908]}, "properties": {"id": "osm:way:137338844", "type": "school", "name": "Marianne-Buggenhagen-Schule für Körperbehinderte", "source": "OpenStreetMap/Overpass"}}, {"type": "Feature", "geometry": {"type": "Point", "coordinates": [13.3835781, 52.5529228]}, "properties": {"id": "osm:way:137574169", "type": "school", "name": "Gesundbrunnen-Grundschule", "source": "OpenStreetMap/Overpass"}}, {"type": "Feature", "geometry": {"type": "Point", "coordinates": [13.5031109, 52.6304554]}, "properties": {"id": "osm:way:137696251", "type": "kindergarten", "name": "Kita \"Kleine Raupe Nimmersatt\"", "source": "OpenStreetMap/Overpass"}}, {"type": "Feature", "geometry": {"type": "Point", "coordinates": [13.3861439, 52.550938]}, "properties": {"id": "osm:way:138331744", "type": "school", "name": "Willy-Brandt-Gesamtschule", "source": "OpenStreetMap/Overpass"}}, {"type": "Feature", "geometry": {"type": "Point", "coordinates": [13.4930073, 52.6328741]}, "properties": {"id": "osm:way:138406768", "type": "school", "name": "Hufeland-Schule", "source": "OpenStreetMap/Overpass"}}, {"type": "Feature", "geometry": {"type": "Point", "coordinates": [13.404578, 52.5521926]}, "properties": {"id": "osm:way:138537828", "type": "school", "name": "Elinor-Ostrom-Schule", "source": "OpenStreetMap/Overpass"}}, {"type": "Feature", "geometry": {"type": "Point", "coordinates": [13.4067289, 52.5516005]}, "properties": {"id": "osm:way:138537830", "type": "kindergarten", "name": "Kita Schivelbeiner Straße", "source": "OpenStreetMap/Overpass"}}, {"type": "Feature", "geometry": {"type": "Point", "coordinates": [13.3995244, 52.5368538]}, "properties": {"id": "osm:way:138557445", "type": "school", "name": "Grundschule am Arkonaplatz", "source": "OpenStreetMap/Overpass"}}, {"type": "Feature", "geometry": {"type": "Point", "coordinates": [13.5106168, 52.4386981]}, "properties": {"id": "osm:way:138624447", "type": "kindergarten", "name": "Melli-Beese-Haus", "source": "OpenStreetMap/Overpass"}}, {"type": "Feature", "geometry": {"type": "Point", "coordinates": [13.4517357, 52.4296161]}, "properties": {"id": "osm:way:138639256", "type": "school", "name": "Schule am Regenweiher", "source": "OpenStreetMap/Overpass"}}, {"type": "Feature", "geometry": {"type": "Point", "coordinates": [13.3566566, 52.5458679]}, "properties": {"id": "osm:way:139268175", "type": "kindergarten", "name": "Kita Paradiesvögel", "source": "OpenStreetMap/Overpass"}}, {"type": "Feature", "geometry": {"type": "Point", "coordinates": [13.3285603, 52.4328802]}, "properties": {"id": "osm:way:139497337", "type": "kindergarten", "name": "Kita Lichterfelde", "source": "OpenStreetMap/Overpass"}}, {"type": "Feature", "geometry": {"type": "Point", "coordinates": [13.4975018, 52.6100525]}, "properties": {"id": "osm:way:140647269", "type": "childcare", "name": "Abenteuerspielplatz ASP INGE", "source": "OpenStreetMap/Overpass"}}, {"type": "Feature", "geometry": {"type": "Point", "coordinates": [13.4076553, 52.4920975]}, "properties": {"id": "osm:way:140670249", "type": "kindergarten", "name": "Kindertagesstätte Fontanepromenade", "source": "OpenStreetMap/Overpass"}}, {"type": "Feature", "geometry": {"type": "Point", "coordinates": [13.5919224, 52.4457514]}, "properties": {"id": "osm:way:141520963", "type": "school", "name": "Amtsfeld Grundschule-Filiale", "source": "OpenStreetMap/Overpass"}}, {"type": "Feature", "geometry": {"type": "Point", "coordinates": [13.6015485, 52.4538189]}, "properties": {"id": "osm:way:141520967", "type": "kindergarten", "name": "Kita Schneckenhaus", "source": "OpenStreetMap/Overpass"}}, {"type": "Feature", "geometry": {"type": "Point", "coordinates": [13.6955263, 52.4801831]}, "properties": {"id": "osm:way:141655031", "type": "kindergarten", "name": "Kindertageseinrichtung \"Am Storchenturm\"", "source": "OpenStreetMap/Overpass"}}, {"type": "Feature", "geometry": {"type": "Point", "coordinates": [13.7534441, 52.4538818]}, "properties": {"id": "osm:way:142035888", "type": "school", "name": "FAWZ Gesamtschule mit gymnasialer Oberstufe Woltersdorf", "source": "OpenStreetMap/Overpass"}}, {"type": "Feature", "geometry": {"type": "Point", "coordinates": [13.7520933, 52.4200586]}, "properties": {"id": "osm:way:142236970", "type": "kindergarten", "name": "Kita Am Kirchturm", "source": "OpenStreetMap/Overpass"}}, {"type": "Feature", "geometry": {"type": "Point", "coordinates": [13.7013397, 52.4779725]}, "properties": {"id": "osm:way:142279842", "type": "kindergarten", "name": "Kita Heupferdchen", "source": "OpenStreetMap/Overpass"}}, {"type": "Feature", "geometry": {"type": "Point", "coordinates": [13.7046748, 52.4828031]}, "properties": {"id": "osm:way:142808691", "type": "kindergarten", "name": "Kindertagesstätte Die Orgelpfeifen", "source": "OpenStreetMap/Overpass"}}, {"type": "Feature", "geometry": {"type": "Point", "coordinates": [13.704776, 52.4729781]}, "properties": {"id": "osm:way:143104316", "type": "kindergarten", "name": "Kindertageseinrichtung Pfiffikus", "source": "OpenStreetMap/Overpass"}}, {"type": "Feature", "geometry": {"type": "Point", "coordinates": [13.3796858, 52.5926585]}, "properties": {"id": "osm:way:143722485", "type": "kindergarten", "name": "Kita Wiesenwichtel", "source": "OpenStreetMap/Overpass"}}, {"type": "Feature", "geometry": {"type": "Point", "coordinates": [13.3499827, 52.4523693]}, "properties": {"id": "osm:way:144066623", "type": "school", "name": "Grundschule Am Insulaner", "source": "OpenStreetMap/Overpass"}}, {"type": "Feature", "geometry": {"type": "Point", "coordinates": [13.3553521, 52.4881217]}, "properties": {"id": "osm:way:145609723", "type": "kindergarten", "name": "Kita des Pestalozzi-Fröbel-Hauses", "source": "OpenStreetMap/Overpass"}}, {"type": "Feature", "geometry": {"type": "Point", "coordinates": [13.3565178, 52.4840373]}, "properties": {"id": "osm:way:146695070", "type": "school", "name": "Teltow-Grundschule", "source": "OpenStreetMap/Overpass"}}, {"type": "Feature", "geometry": {"type": "Point", "coordinates": [13.5586348, 52.557742]}, "properties": {"id": "osm:way:148008312", "type": "school", "name": "Gretel Bergmann Gemeinschaftsschule", "source": "OpenStreetMap/Overpass"}}, {"type": "Feature", "geometry": {"type": "Point", "coordinates": [13.3532287, 52.4109107]}, "properties": {"id": "osm:way:148090093", "type": "school", "name": "Marienfelder Grundschule", "source": "OpenStreetMap/Overpass"}}, {"type": "Feature", "geometry": {"type": "Point", "coordinates": [13.2846041, 52.6722165]}, "properties": {"id": "osm:way:148351302", "type": "school", "name": "Waldgrundschule Hohen Neuendorf", "source": "OpenStreetMap/Overpass"}}, {"type": "Feature", "geometry": {"type": "Point", "coordinates": [13.2842902, 52.6716541]}, "properties": {"id": "osm:way:148351303", "type": "kindergarten", "name": "Kita Bienenschloss", "source": "OpenStreetMap/Overpass"}}, {"type": "Feature", "geometry": {"type": "Point", "coordinates": [13.301227, 52.354942]}, "properties": {"id": "osm:way:148427189", "type": "kindergarten", "name": "Kindertagesstätte Löwenzahn", "source": "OpenStreetMap/Overpass"}}, {"type": "Feature", "geometry": {"type": "Point", "coordinates": [13.2759288, 52.5110969]}, "properties": {"id": "osm:way:150262812", "type": "school", "name": "Katholische Schule Liebfrauen", "source": "OpenStreetMap/Overpass"}}, {"type": "Feature", "geometry": {"type": "Point", "coordinates": [13.5431352, 52.4280513]}, "properties": {"id": "osm:way:150363602", "type": "kindergarten", "name": "Kita Am Studio", "source": "OpenStreetMap/Overpass"}}, {"type": "Feature", "geometry": {"type": "Point", "coordinates": [13.4518429, 52.4933256]}, "properties": {"id": "osm:way:150809948", "type": "school", "name": "Bouché-Schule", "source": "OpenStreetMap/Overpass"}}, {"type": "Feature", "geometry": {"type": "Point", "coordinates": [13.5541486, 52.4109962]}, "properties": {"id": "osm:way:151629362", "type": "school", "name": "Grundschule am Altglienicker Wasserturm", "source": "OpenStreetMap/Overpass"}}, {"type": "Feature", "geometry": {"type": "Point", "coordinates": [13.498781, 52.3929286]}, "properties": {"id": "osm:way:151819904", "type": "kindergarten", "name": "Kita Schönefeld", "source": "OpenStreetMap/Overpass"}}, {"type": "Feature", "geometry": {"type": "Point", "coordinates": [13.4370124, 52.4862458]}, "properties": {"id": "osm:way:151876423", "type": "kindergarten", "name": "Kita/Forum Soziale Dienste e.V.", "source": "OpenStreetMap/Overpass"}}, {"type": "Feature", "geometry": {"type": "Point", "coordinates": [13.5934551, 52.5422127]}, "properties": {"id": "osm:way:152213993", "type": "kindergarten", "name": "Kita Grünschnabel", "source": "OpenStreetMap/Overpass"}}, {"type": "Feature", "geometry": {"type": "Point", "coordinates": [13.5808836, 52.399896]}, "properties": {"id": "osm:way:152863239", "type": "kindergarten", "name": "Evangelischer Forscherkindergarten Apfelbäumchen", "source": "OpenStreetMap/Overpass"}}, {"type": "Feature", "geometry": {"type": "Point", "coordinates": [13.5375553, 52.4065039]}, "properties": {"id": "osm:way:152892274", "type": "school", "name": "Grundschule am Mohnweg", "source": "OpenStreetMap/Overpass"}}, {"type": "Feature", "geometry": {"type": "Point", "coordinates": [13.5288555, 52.4065606]}, "properties": {"id": "osm:way:152892280", "type": "school", "name": "Grundschule am Pegasuseck", "source": "OpenStreetMap/Overpass"}}, {"type": "Feature", "geometry": {"type": "Point", "coordinates": [13.5297985, 52.4043147]}, "properties": {"id": "osm:way:152892282", "type": "kindergarten", "name": "Kita im Kosmosviertel", "source": "OpenStreetMap/Overpass"}}, {"type": "Feature", "geometry": {"type": "Point", "coordinates": [13.5745429, 52.4068433]}, "properties": {"id": "osm:way:153260652", "type": "school", "name": "Schule am Buntzelberg", "source": "OpenStreetMap/Overpass"}}, {"type": "Feature", "geometry": {"type": "Point", "coordinates": [13.4351629, 52.4874964]}, "properties": {"id": "osm:way:153760075", "type": "kindergarten", "name": "Kita Rütlistraße", "source": "OpenStreetMap/Overpass"}}, {"type": "Feature", "geometry": {"type": "Point", "coordinates": [13.1242335, 52.3801553]}, "properties": {"id": "osm:way:154372023", "type": "school", "name": "Schulzentrum am Stern", "source": "OpenStreetMap/Overpass"}}, {"type": "Feature", "geometry": {"type": "Point", "coordinates": [13.2896686, 52.6652371]}, "properties": {"id": "osm:way:154480497", "type": "kindergarten", "name": "Kita \"Waldheim\"", "source": "OpenStreetMap/Overpass"}}, {"type": "Feature", "geometry": {"type": "Point", "coordinates": [13.2898776, 52.6651336]}, "properties": {"id": "osm:way:154480602", "type": "kindergarten", "name": "", "source": "OpenStreetMap/Overpass"}}, {"type": "Feature", "geometry": {"type": "Point", "coordinates": [13.512453, 52.5726251]}, "properties": {"id": "osm:way:156973368", "type": "kindergarten", "name": "Kita Nido Piccolo", "source": "OpenStreetMap/Overpass"}}, {"type": "Feature", "geometry": {"type": "Point", "coordinates": [13.3334325, 52.4675654]}, "properties": {"id": "osm:way:157044690", "type": "school", "name": "Fläming-Grundschule", "source": "OpenStreetMap/Overpass"}}, {"type": "Feature", "geometry": {"type": "Point", "coordinates": [13.4995593, 52.4201789]}, "properties": {"id": "osm:way:157110894", "type": "kindergarten", "name": "KiTa Sausewind", "source": "OpenStreetMap/Overpass"}}, {"type": "Feature", "geometry": {"type": "Point", "coordinates": [13.5009456, 52.4214178]}, "properties": {"id": "osm:way:157110899", "type": "school", "name": "Matthias-Claudius-Grundschule", "source": "OpenStreetMap/Overpass"}}, {"type": "Feature", "geometry": {"type": "Point", "coordinates": [13.4890216, 52.4160295]}, "properties": {"id": "osm:way:157367049", "type": "kindergarten", "name": "Kita Till Eulenspiegel", "source": "OpenStreetMap/Overpass"}}, {"type": "Feature", "geometry": {"type": "Point", "coordinates": [13.4763039, 52.4097415]}, "properties": {"id": "osm:way:157449734", "type": "kindergarten", "name": "Kita - Groß-Ziethener Chaussee", "source": "OpenStreetMap/Overpass"}}, {"type": "Feature", "geometry": {"type": "Point", "coordinates": [13.647486, 52.3761322]}, "properties": {"id": "osm:way:157745235", "type": "school", "name": "Schmöckwitzer Insel-Schule", "source": "OpenStreetMap/Overpass"}}, {"type": "Feature", "geometry": {"type": "Point", "coordinates": [13.4767283, 52.5254565]}, "properties": {"id": "osm:way:158419802", "type": "kindergarten", "name": "Kita Phantasialand", "source": "OpenStreetMap/Overpass"}}, {"type": "Feature", "geometry": {"type": "Point", "coordinates": [13.5040124, 52.5545261]}, "properties": {"id": "osm:way:159474728", "type": "school", "name": "Paul-Schmidt-Schule", "source": "OpenStreetMap/Overpass"}}, {"type": "Feature", "geometry": {"type": "Point", "coordinates": [13.6193978, 52.3452911]}, "properties": {"id": "osm:way:159627828", "type": "school", "name": "Grundschule am Wald", "source": "OpenStreetMap/Overpass"}}, {"type": "Feature", "geometry": {"type": "Point", "coordinates": [13.4233855, 52.5405526]}, "properties": {"id": "osm:way:159698125", "type": "school", "name": "Grundschule im Eliashof", "source": "OpenStreetMap/Overpass"}}, {"type": "Feature", "geometry": {"type": "Point", "coordinates": [13.4235171, 52.6086969]}, "properties": {"id": "osm:way:160464959", "type": "school", "name": "Schule am Birkenhof", "source": "OpenStreetMap/Overpass"}}, {"type": "Feature", "geometry": {"type": "Point", "coordinates": [13.4224646, 52.6098547]}, "properties": {"id": "osm:way:160468755", "type": "kindergarten", "name": "KiTa Zauberstein", "source": "OpenStreetMap/Overpass"}}, {"type": "Feature", "geometry": {"type": "Point", "coordinates": [13.4161411, 52.6072694]}, "properties": {"id": "osm:way:160518026", "type": "kindergarten", "name": "Kita Petitweg", "source": "OpenStreetMap/Overpass"}}, {"type": "Feature", "geometry": {"type": "Point", "coordinates": [13.0891627, 52.365115]}, "properties": {"id": "osm:way:160610394", "type": "school", "name": "OSZ II Wirtschaft u. Verwaltung", "source": "OpenStreetMap/Overpass"}}, {"type": "Feature", "geometry": {"type": "Point", "coordinates": [13.4251973, 52.5572196]}, "properties": {"id": "osm:way:160665549", "type": "kindergarten", "name": "Kita Eigensinn", "source": "OpenStreetMap/Overpass"}}, {"type": "Feature", "geometry": {"type": "Point", "coordinates": [13.4254929, 52.5358919]}, "properties": {"id": "osm:way:160803748", "type": "school", "name": "Grundschule an der Marie", "source": "OpenStreetMap/Overpass"}}, {"type": "Feature", "geometry": {"type": "Point", "coordinates": [13.1205201, 52.3827658]}, "properties": {"id": "osm:way:161582194", "type": "school", "name": "Neues Gymnasium Potsdam - Babelsberger Filmgymnasium", "source": "OpenStreetMap/Overpass"}}, {"type": "Feature", "geometry": {"type": "Point", "coordinates": [13.3215257, 52.5103152]}, "properties": {"id": "osm:way:161901179", "type": "school", "name": "Schiller-Gymnasium", "source": "OpenStreetMap/Overpass"}}, {"type": "Feature", "geometry": {"type": "Point", "coordinates": [13.4179626, 52.532077]}, "properties": {"id": "osm:way:162895147", "type": "kindergarten", "name": "Kita Pinocchio", "source": "OpenStreetMap/Overpass"}}, {"type": "Feature", "geometry": {"type": "Point", "coordinates": [13.4198787, 52.5663538]}, "properties": {"id": "osm:way:163857376", "type": "school", "name": "Rosa-Luxemburg-Gymnasium", "source": "OpenStreetMap/Overpass"}}, {"type": "Feature", "geometry": {"type": "Point", "coordinates": [13.36439, 52.6006549]}, "properties": {"id": "osm:way:164827913", "type": "school", "name": "Waldorfschule Märkisches Viertel Berlin", "source": "OpenStreetMap/Overpass"}}, {"type": "Feature", "geometry": {"type": "Point", "coordinates": [13.3030437, 52.4429423]}, "properties": {"id": "osm:way:165064814", "type": "kindergarten", "name": "EKT - Rotz und Trotz e.V.", "source": "OpenStreetMap/Overpass"}}, {"type": "Feature", "geometry": {"type": "Point", "coordinates": [13.489792, 52.502203]}, "properties": {"id": "osm:way:166030615", "type": "school", "name": "Immanuel-Kant-Gymnasium", "source": "OpenStreetMap/Overpass"}}, {"type": "Feature", "geometry": {"type": "Point", "coordinates": [13.4288354, 52.5312115]}, "properties": {"id": "osm:way:166149924", "type": "school", "name": "Kurt-Schwitters-Schule", "source": "OpenStreetMap/Overpass"}}, {"type": "Feature", "geometry": {"type": "Point", "coordinates": [13.2427732, 52.4227653]}, "properties": {"id": "osm:way:166477320", "type": "kindergarten", "name": "Kita Am Buschgraben", "source": "OpenStreetMap/Overpass"}}, {"type": "Feature", "geometry": {"type": "Point", "coordinates": [13.2944956, 52.6233013]}, "properties": {"id": "osm:way:168832193", "type": "school", "name": "Carl-Bosch-Schule", "source": "OpenStreetMap/Overpass"}}, {"type": "Feature", "geometry": {"type": "Point", "coordinates": [13.2941272, 52.6230401]}, "properties": {"id": "osm:way:168832194", "type": "school", "name": "Wiesengrund-Schule", "source": "OpenStreetMap/Overpass"}}, {"type": "Feature", "geometry": {"type": "Point", "coordinates": [13.2935086, 52.6230008]}, "properties": {"id": "osm:way:168832195", "type": "school", "name": "Carl-Bosch-Schule", "source": "OpenStreetMap/Overpass"}}, {"type": "Feature", "geometry": {"type": "Point", "coordinates": [13.2931532, 52.6219486]}, "properties": {"id": "osm:way:168833282", "type": "kindergarten", "name": "Kita Frohnauer Straße", "source": "OpenStreetMap/Overpass"}}, {"type": "Feature", "geometry": {"type": "Point", "coordinates": [13.0914598, 52.5746603]}, "properties": {"id": "osm:way:168851057", "type": "school", "name": "Erich-Kästner-Grundschule", "source": "OpenStreetMap/Overpass"}}, {"type": "Feature", "geometry": {"type": "Point", "coordinates": [13.2586313, 52.5013288]}, "properties": {"id": "osm:way:168904182", "type": "school", "name": "Heinz-Galinski-Schule", "source": "OpenStreetMap/Overpass"}}, {"type": "Feature", "geometry": {"type": "Point", "coordinates": [13.4062095, 52.3421888]}, "properties": {"id": "osm:way:170118770", "type": "school", "name": "Kopernikus-Gymnasium", "source": "OpenStreetMap/Overpass"}}, {"type": "Feature", "geometry": {"type": "Point", "coordinates": [13.4074552, 52.3423046]}, "properties": {"id": "osm:way:170118771", "type": "school", "name": "Wilhelm-Busch-Grundschule", "source": "OpenStreetMap/Overpass"}}, {"type": "Feature", "geometry": {"type": "Point", "coordinates": [13.2294811, 52.3957589]}, "properties": {"id": "osm:way:170335436", "type": "school", "name": "Weinberg-Gymnasium Kleinmachnow", "source": "OpenStreetMap/Overpass"}}, {"type": "Feature", "geometry": {"type": "Point", "coordinates": [13.2032603, 52.6354982]}, "properties": {"id": "osm:way:170874756", "type": "school", "name": "Alexander S. Puschkin Gymnasium", "source": "OpenStreetMap/Overpass"}}, {"type": "Feature", "geometry": {"type": "Point", "coordinates": [13.7343471, 52.5582534]}, "properties": {"id": "osm:way:172070867", "type": "school", "name": "Schulcampus Altlandsberg", "source": "OpenStreetMap/Overpass"}}, {"type": "Feature", "geometry": {"type": "Point", "coordinates": [13.3804709, 52.4812626]}, "properties": {"id": "osm:way:172233474", "type": "kindergarten", "name": "Kindertagesstätte MaRiS", "source": "OpenStreetMap/Overpass"}}, {"type": "Feature", "geometry": {"type": "Point", "coordinates": [13.3560969, 52.5182849]}, "properties": {"id": "osm:way:172235356", "type": "school", "name": "Anne-Frank-Grundschule", "source": "OpenStreetMap/Overpass"}}, {"type": "Feature", "geometry": {"type": "Point", "coordinates": [13.318138, 52.4647383]}, "properties": {"id": "osm:way:172382574", "type": "school", "name": "Dunant-Grundschule", "source": "OpenStreetMap/Overpass"}}, {"type": "Feature", "geometry": {"type": "Point", "coordinates": [13.3196033, 52.4642199]}, "properties": {"id": "osm:way:172382575", "type": "school", "name": "Kopernikus-Oberschule Berlin", "source": "OpenStreetMap/Overpass"}}, {"type": "Feature", "geometry": {"type": "Point", "coordinates": [13.3326838, 52.4836349]}, "properties": {"id": "osm:way:172446681", "type": "school", "name": "OSZ Wirtschaft Leopold-Ullstein-Schule - Abteilung I", "source": "OpenStreetMap/Overpass"}}, {"type": "Feature", "geometry": {"type": "Point", "coordinates": [13.1375951, 52.3826286]}, "properties": {"id": "osm:way:172895781", "type": "school", "name": "Neue Grundschule Potsdam", "source": "OpenStreetMap/Overpass"}}, {"type": "Feature", "geometry": {"type": "Point", "coordinates": [13.1328911, 52.5570642]}, "properties": {"id": "osm:way:173145861", "type": "kindergarten", "name": "Hort Geschwister Scholl", "source": "OpenStreetMap/Overpass"}}, {"type": "Feature", "geometry": {"type": "Point", "coordinates": [13.0961249, 52.3789639]}, "properties": {"id": "osm:way:173160302", "type": "school", "name": "Gesamtschule Am Schilfhof", "source": "OpenStreetMap/Overpass"}}, {"type": "Feature", "geometry": {"type": "Point", "coordinates": [13.0976963, 52.3781917]}, "properties": {"id": "osm:way:173160303", "type": "school", "name": "Grundschule 40 Weidenhof", "source": "OpenStreetMap/Overpass"}}, {"type": "Feature", "geometry": {"type": "Point", "coordinates": [13.0926645, 52.3590282]}, "properties": {"id": "osm:way:173160754", "type": "kindergarten", "name": "Kindertagesstätte „Zauberwald“", "source": "OpenStreetMap/Overpass"}}, {"type": "Feature", "geometry": {"type": "Point", "coordinates": [13.1020183, 52.3759771]}, "properties": {"id": "osm:way:173582276", "type": "kindergarten", "name": "Evangelische Integrationskindertagesstätte an der Nuthe", "source": "OpenStreetMap/Overpass"}}, {"type": "Feature", "geometry": {"type": "Point", "coordinates": [13.0935421, 52.3811863]}, "properties": {"id": "osm:way:173582287", "type": "kindergarten", "name": "AWO Integrations-Kita Kinderhafen", "source": "OpenStreetMap/Overpass"}}, {"type": "Feature", "geometry": {"type": "Point", "coordinates": [13.0998985, 52.3730104]}, "properties": {"id": "osm:way:173582288", "type": "kindergarten", "name": "Kinderland", "source": "OpenStreetMap/Overpass"}}, {"type": "Feature", "geometry": {"type": "Point", "coordinates": [13.4008958, 52.5673498]}, "properties": {"id": "osm:way:174284825", "type": "school", "name": "", "source": "OpenStreetMap/Overpass"}}, {"type": "Feature", "geometry": {"type": "Point", "coordinates": [13.4044519, 52.566371]}, "properties": {"id": "osm:way:174286512", "type": "kindergarten", "name": "Die kleinen Strolche", "source": "OpenStreetMap/Overpass"}}, {"type": "Feature", "geometry": {"type": "Point", "coordinates": [13.4084508, 52.567031]}, "properties": {"id": "osm:way:174302454", "type": "kindergarten", "name": "Kita Pankower Wichtel", "source": "OpenStreetMap/Overpass"}}, {"type": "Feature", "geometry": {"type": "Point", "coordinates": [13.405726, 52.5713713]}, "properties": {"id": "osm:way:174303098", "type": "kindergarten", "name": "Montessori-Haus Pestalozzistraße", "source": "OpenStreetMap/Overpass"}}, {"type": "Feature", "geometry": {"type": "Point", "coordinates": [13.4501687, 52.4583814]}, "properties": {"id": "osm:way:175793181", "type": "school", "name": "Otto-Hahn-Schule", "source": "OpenStreetMap/Overpass"}}, {"type": "Feature", "geometry": {"type": "Point", "coordinates": [13.5981439, 52.5198858]}, "properties": {"id": "osm:way:177109233", "type": "kindergarten", "name": "Kleine Weltentdecker", "source": "OpenStreetMap/Overpass"}}, {"type": "Feature", "geometry": {"type": "Point", "coordinates": [13.5922191, 52.526288]}, "properties": {"id": "osm:way:177124129", "type": "school", "name": "Gymnasium Kaulsdorf", "source": "OpenStreetMap/Overpass"}}, {"type": "Feature", "geometry": {"type": "Point", "coordinates": [13.6177582, 52.5377472]}, "properties": {"id": "osm:way:177433893", "type": "kindergarten", "name": "Kita am Kirschbaum", "source": "OpenStreetMap/Overpass"}}, {"type": "Feature", "geometry": {"type": "Point", "coordinates": [13.587411, 52.5158244]}, "properties": {"id": "osm:way:178288920", "type": "kindergarten", "name": "Best-Sabel-Kita Kaulsdorf", "source": "OpenStreetMap/Overpass"}}, {"type": "Feature", "geometry": {"type": "Point", "coordinates": [13.4310086, 52.5300889]}, "properties": {"id": "osm:way:179027933", "type": "school", "name": "Kurt-Schwitters-Schule", "source": "OpenStreetMap/Overpass"}}, {"type": "Feature", "geometry": {"type": "Point", "coordinates": [13.2773904, 52.5940306]}, "properties": {"id": "osm:way:179113354", "type": "school", "name": "Montessori Campus am Tegeler Forst - Standort Tegel", "source": "OpenStreetMap/Overpass"}}, {"type": "Feature", "geometry": {"type": "Point", "coordinates": [13.3890173, 52.5406687]}, "properties": {"id": "osm:way:179253451", "type": "kindergarten", "name": "Kita Wattstraße", "source": "OpenStreetMap/Overpass"}}, {"type": "Feature", "geometry": {"type": "Point", "coordinates": [13.3837478, 52.5373659]}, "properties": {"id": "osm:way:179253453", "type": "kindergarten", "name": "Katholische Kita St. Sebastian und Gemeindezentrum", "source": "OpenStreetMap/Overpass"}}, {"type": "Feature", "geometry": {"type": "Point", "coordinates": [13.3960739, 52.54259]}, "properties": {"id": "osm:way:179260841", "type": "school", "name": "Vineta Grundschule", "source": "OpenStreetMap/Overpass"}}, {"type": "Feature", "geometry": {"type": "Point", "coordinates": [13.1848886, 52.3789534]}, "properties": {"id": "osm:way:179364052", "type": "kindergarten", "name": "Naturkinder Kienwerder", "source": "OpenStreetMap/Overpass"}}, {"type": "Feature", "geometry": {"type": "Point", "coordinates": [13.1960228, 52.3643252]}, "properties": {"id": "osm:way:179364793", "type": "kindergarten", "name": "Kita Buddelflink", "source": "OpenStreetMap/Overpass"}}, {"type": "Feature", "geometry": {"type": "Point", "coordinates": [13.2690332, 52.3916658]}, "properties": {"id": "osm:way:179419115", "type": "kindergarten", "name": "Hort Mühlendorf", "source": "OpenStreetMap/Overpass"}}, {"type": "Feature", "geometry": {"type": "Point", "coordinates": [13.2004922, 52.6355548]}, "properties": {"id": "osm:way:179425993", "type": "kindergarten", "name": "", "source": "OpenStreetMap/Overpass"}}, {"type": "Feature", "geometry": {"type": "Point", "coordinates": [13.2014942, 52.6355236]}, "properties": {"id": "osm:way:179425996", "type": "kindergarten", "name": "", "source": "OpenStreetMap/Overpass"}}, {"type": "Feature", "geometry": {"type": "Point", "coordinates": [13.2007019, 52.6356581]}, "properties": {"id": "osm:way:179425997", "type": "kindergarten", "name": "", "source": "OpenStreetMap/Overpass"}}, {"type": "Feature", "geometry": {"type": "Point", "coordinates": [13.2014151, 52.6356608]}, "properties": {"id": "osm:way:179426001", "type": "kindergarten", "name": "", "source": "OpenStreetMap/Overpass"}}, {"type": "Feature", "geometry": {"type": "Point", "coordinates": [13.2010359, 52.6355791]}, "properties": {"id": "osm:way:179426003", "type": "kindergarten", "name": "", "source": "OpenStreetMap/Overpass"}}, {"type": "Feature", "geometry": {"type": "Point", "coordinates": [13.4343566, 52.4568978]}, "properties": {"id": "osm:way:180238346", "type": "kindergarten", "name": "Kita Sonnenkäfer", "source": "OpenStreetMap/Overpass"}}, {"type": "Feature", "geometry": {"type": "Point", "coordinates": [13.3892176, 52.5444726]}, "properties": {"id": "osm:way:180661904", "type": "kindergarten", "name": "Evangelische Kita am Humboldthain", "source": "OpenStreetMap/Overpass"}}, {"type": "Feature", "geometry": {"type": "Point", "coordinates": [13.480706, 52.4282201]}, "properties": {"id": "osm:way:180863523", "type": "kindergarten", "name": "Kita Flurweg INA Kindergarten", "source": "OpenStreetMap/Overpass"}}, {"type": "Feature", "geometry": {"type": "Point", "coordinates": [13.5075886, 52.4192533]}, "properties": {"id": "osm:way:181103166", "type": "kindergarten", "name": "Kita Neudecker Weg", "source": "OpenStreetMap/Overpass"}}, {"type": "Feature", "geometry": {"type": "Point", "coordinates": [13.5124258, 52.4945605]}, "properties": {"id": "osm:way:183255940", "type": "kindergarten", "name": "Kita Krokofant", "source": "OpenStreetMap/Overpass"}}, {"type": "Feature", "geometry": {"type": "Point", "coordinates": [13.5804598, 52.5672241]}, "properties": {"id": "osm:way:183833366", "type": "kindergarten", "name": "Kita „Windlicht“", "source": "OpenStreetMap/Overpass"}}, {"type": "Feature", "geometry": {"type": "Point", "coordinates": [13.5800308, 52.5662029]}, "properties": {"id": "osm:way:183834511", "type": "school", "name": "Kerschensteiner-Schule", "source": "OpenStreetMap/Overpass"}}, {"type": "Feature", "geometry": {"type": "Point", "coordinates": [13.4150146, 52.5368738]}, "properties": {"id": "osm:way:184062883", "type": "kindergarten", "name": "Kita Hanna vom Kolle", "source": "OpenStreetMap/Overpass"}}, {"type": "Feature", "geometry": {"type": "Point", "coordinates": [13.4405606, 52.4922078]}, "properties": {"id": "osm:way:184132070", "type": "kindergarten", "name": "Kita Reichenberger Straße 92", "source": "OpenStreetMap/Overpass"}}, {"type": "Feature", "geometry": {"type": "Point", "coordinates": [13.5429486, 52.4392116]}, "properties": {"id": "osm:way:184185716", "type": "kindergarten", "name": "Evangelischer Kindergarten Pfingstberggasse", "source": "OpenStreetMap/Overpass"}}, {"type": "Feature", "geometry": {"type": "Point", "coordinates": [13.5472369, 52.4382698]}, "properties": {"id": "osm:way:184185717", "type": "kindergarten", "name": "Humanistische Kindertagesstätte Adlershofer Marktspatzen", "source": "OpenStreetMap/Overpass"}}, {"type": "Feature", "geometry": {"type": "Point", "coordinates": [13.3130543, 52.3671488]}, "properties": {"id": "osm:way:185080752", "type": "kindergarten", "name": "Kita Kunterbunt", "source": "OpenStreetMap/Overpass"}}, {"type": "Feature", "geometry": {"type": "Point", "coordinates": [13.7574804, 52.4147641]}, "properties": {"id": "osm:way:185845957", "type": "kindergarten", "name": "Kita „Knirpsenhausen“", "source": "OpenStreetMap/Overpass"}}, {"type": "Feature", "geometry": {"type": "Point", "coordinates": [13.75293, 52.4196192]}, "properties": {"id": "osm:way:185847324", "type": "school", "name": "Löcknitz-Grundschule", "source": "OpenStreetMap/Overpass"}}, {"type": "Feature", "geometry": {"type": "Point", "coordinates": [13.4283367, 52.5392179]}, "properties": {"id": "osm:way:187918249", "type": "kindergarten", "name": "Kita Prenzelberger Schwalbennest", "source": "OpenStreetMap/Overpass"}}, {"type": "Feature", "geometry": {"type": "Point", "coordinates": [13.390206, 52.5272165]}, "properties": {"id": "osm:way:188228169", "type": "school", "name": "Berlin Metropolitan School", "source": "OpenStreetMap/Overpass"}}, {"type": "Feature", "geometry": {"type": "Point", "coordinates": [13.3975208, 52.5118128]}, "properties": {"id": "osm:way:188228170", "type": "kindergarten", "name": "Kindergarten Jerusalemer Straße 10/12", "source": "OpenStreetMap/Overpass"}}, {"type": "Feature", "geometry": {"type": "Point", "coordinates": [13.4950377, 52.5397862]}, "properties": {"id": "osm:way:188642831", "type": "school", "name": "Philipp-Reis-Schule", "source": "OpenStreetMap/Overpass"}}, {"type": "Feature", "geometry": {"type": "Point", "coordinates": [13.5794997, 52.415518]}, "properties": {"id": "osm:way:189056876", "type": "kindergarten", "name": "Grüne Aue", "source": "OpenStreetMap/Overpass"}}, {"type": "Feature", "geometry": {"type": "Point", "coordinates": [13.5331453, 52.4211136]}, "properties": {"id": "osm:way:190083613", "type": "kindergarten", "name": "Kita Rudower Straße", "source": "OpenStreetMap/Overpass"}}, {"type": "Feature", "geometry": {"type": "Point", "coordinates": [13.5388202, 52.4195839]}, "properties": {"id": "osm:way:190289092", "type": "kindergarten", "name": "Kita der Evangelischen Kirchengemeinde Altglienicke", "source": "OpenStreetMap/Overpass"}}, {"type": "Feature", "geometry": {"type": "Point", "coordinates": [13.570177, 52.5523084]}, "properties": {"id": "osm:way:191362679", "type": "kindergarten", "name": "Kita \"Putzmunter\"", "source": "OpenStreetMap/Overpass"}}, {"type": "Feature", "geometry": {"type": "Point", "coordinates": [13.5517268, 52.5479443]}, "properties": {"id": "osm:way:191362696", "type": "school", "name": "Peter-Pan-Grundschule", "source": "OpenStreetMap/Overpass"}}, {"type": "Feature", "geometry": {"type": "Point", "coordinates": [13.4722716, 52.5147556]}, "properties": {"id": "osm:way:191366669", "type": "kindergarten", "name": "Fröbel-Kindergarten Am Ring", "source": "OpenStreetMap/Overpass"}}, {"type": "Feature", "geometry": {"type": "Point", "coordinates": [13.1380811, 52.3818168]}, "properties": {"id": "osm:way:191428265", "type": "kindergarten", "name": "Die Sternkinder", "source": "OpenStreetMap/Overpass"}}, {"type": "Feature", "geometry": {"type": "Point", "coordinates": [13.1319219, 52.3800085]}, "properties": {"id": "osm:way:191877709", "type": "kindergarten", "name": "Die Buntstifte", "source": "OpenStreetMap/Overpass"}}, {"type": "Feature", "geometry": {"type": "Point", "coordinates": [13.2942784, 52.5894031]}, "properties": {"id": "osm:way:192399703", "type": "kindergarten", "name": "Kita Apfelbäumchen", "source": "OpenStreetMap/Overpass"}}, {"type": "Feature", "geometry": {"type": "Point", "coordinates": [13.313304, 52.6181351]}, "properties": {"id": "osm:way:192399704", "type": "kindergarten", "name": "Waldorfkindergarten Hermsdorf", "source": "OpenStreetMap/Overpass"}}, {"type": "Feature", "geometry": {"type": "Point", "coordinates": [13.5046448, 52.4529659]}, "properties": {"id": "osm:way:192659497", "type": "kindergarten", "name": "Kita Im Grünen", "source": "OpenStreetMap/Overpass"}}, {"type": "Feature", "geometry": {"type": "Point", "coordinates": [13.5101638, 52.4985243]}, "properties": {"id": "osm:way:194097249", "type": "kindergarten", "name": "Balatonknirpse", "source": "OpenStreetMap/Overpass"}}, {"type": "Feature", "geometry": {"type": "Point", "coordinates": [13.4357312, 52.4991718]}, "properties": {"id": "osm:way:194819147", "type": "school", "name": "Refik-Veseli-Schule", "source": "OpenStreetMap/Overpass"}}, {"type": "Feature", "geometry": {"type": "Point", "coordinates": [13.2781078, 52.5965128]}, "properties": {"id": "osm:way:195092576", "type": "kindergarten", "name": "Kita Karolinenstraße", "source": "OpenStreetMap/Overpass"}}, {"type": "Feature", "geometry": {"type": "Point", "coordinates": [13.3917512, 52.5293836]}, "properties": {"id": "osm:way:195175035", "type": "kindergarten", "name": "Kindergarten Gartenstraße 107", "source": "OpenStreetMap/Overpass"}}, {"type": "Feature", "geometry": {"type": "Point", "coordinates": [13.4051207, 52.5368924]}, "properties": {"id": "osm:way:195283854", "type": "kindergarten", "name": "Kindergarten Fürstenberger Straße", "source": "OpenStreetMap/Overpass"}}, {"type": "Feature", "geometry": {"type": "Point", "coordinates": [13.3732223, 52.635356]}, "properties": {"id": "osm:way:196176591", "type": "kindergarten", "name": "Kita Heidekrautbahn", "source": "OpenStreetMap/Overpass"}}, {"type": "Feature", "geometry": {"type": "Point", "coordinates": [13.5810317, 52.4038767]}, "properties": {"id": "osm:way:196674467", "type": "kindergarten", "name": "Kita Kleiner Fratz", "source": "OpenStreetMap/Overpass"}}, {"type": "Feature", "geometry": {"type": "Point", "coordinates": [13.5422795, 52.6558447]}, "properties": {"id": "osm:way:197162068", "type": "kindergarten", "name": "Annengarten", "source": "OpenStreetMap/Overpass"}}, {"type": "Feature", "geometry": {"type": "Point", "coordinates": [13.6480558, 52.375881]}, "properties": {"id": "osm:way:197671084", "type": "kindergarten", "name": "Kita Kleine Fische - ganz groß", "source": "OpenStreetMap/Overpass"}}, {"type": "Feature", "geometry": {"type": "Point", "coordinates": [13.374971, 52.5673625]}, "properties": {"id": "osm:way:198082207", "type": "kindergarten", "name": "Kita Mittelbruchzeile", "source": "OpenStreetMap/Overpass"}}, {"type": "Feature", "geometry": {"type": "Point", "coordinates": [13.3032934, 52.6204557]}, "properties": {"id": "osm:way:198082209", "type": "school", "name": "Elisabethstift Schule", "source": "OpenStreetMap/Overpass"}}, {"type": "Feature", "geometry": {"type": "Point", "coordinates": [13.2065838, 52.6443013]}, "properties": {"id": "osm:way:198115135", "type": "school", "name": "Eduard-Maurer-OSZ", "source": "OpenStreetMap/Overpass"}}, {"type": "Feature", "geometry": {"type": "Point", "coordinates": [13.4060589, 52.5122035]}, "properties": {"id": "osm:way:198215718", "type": "kindergarten", "name": "Fröbel-Kindergarten Schatzinsel", "source": "OpenStreetMap/Overpass"}}, {"type": "Feature", "geometry": {"type": "Point", "coordinates": [13.6728946, 52.5222345]}, "properties": {"id": "osm:way:198985188", "type": "school", "name": "Hans-Fallada-Schule", "source": "OpenStreetMap/Overpass"}}, {"type": "Feature", "geometry": {"type": "Point", "coordinates": [13.6704172, 52.523006]}, "properties": {"id": "osm:way:198985189", "type": "kindergarten", "name": "Kita FrohSinn", "source": "OpenStreetMap/Overpass"}}, {"type": "Feature", "geometry": {"type": "Point", "coordinates": [13.2752571, 52.4838577]}, "properties": {"id": "osm:way:199772845", "type": "kindergarten", "name": "Gemeindehaus Grunewald", "source": "OpenStreetMap/Overpass"}}, {"type": "Feature", "geometry": {"type": "Point", "coordinates": [13.1386263, 52.6492948]}, "properties": {"id": "osm:way:201759045", "type": "school", "name": "Grundschule Bötzow", "source": "OpenStreetMap/Overpass"}}, {"type": "Feature", "geometry": {"type": "Point", "coordinates": [13.485748, 52.5097078]}, "properties": {"id": "osm:way:202112405", "type": "school", "name": "Hermann-Gmeiner-Grundschule", "source": "OpenStreetMap/Overpass"}}, {"type": "Feature", "geometry": {"type": "Point", "coordinates": [13.7288439, 52.630056]}, "properties": {"id": "osm:way:202831358", "type": "childcare", "name": "Kita „Sonnenschein“ Werneuchen", "source": "OpenStreetMap/Overpass"}}, {"type": "Feature", "geometry": {"type": "Point", "coordinates": [13.3050568, 52.612301]}, "properties": {"id": "osm:way:203165569", "type": "kindergarten", "name": "Kita Fichtestraße", "source": "OpenStreetMap/Overpass"}}, {"type": "Feature", "geometry": {"type": "Point", "coordinates": [13.2257117, 52.6233248]}, "properties": {"id": "osm:way:203165570", "type": "kindergarten", "name": "Kita Hennigsdorfer Straße", "source": "OpenStreetMap/Overpass"}}, {"type": "Feature", "geometry": {"type": "Point", "coordinates": [13.3024674, 52.614846]}, "properties": {"id": "osm:way:203165571", "type": "kindergarten", "name": "Kita Villa Flitzesternchen", "source": "OpenStreetMap/Overpass"}}, {"type": "Feature", "geometry": {"type": "Point", "coordinates": [13.7553422, 52.4534032]}, "properties": {"id": "osm:way:203435087", "type": "kindergarten", "name": "Kita Weinbergkids", "source": "OpenStreetMap/Overpass"}}, {"type": "Feature", "geometry": {"type": "Point", "coordinates": [13.2750765, 52.4572289]}, "properties": {"id": "osm:way:203594017", "type": "school", "name": "Rudolf-Steiner-Schule", "source": "OpenStreetMap/Overpass"}}, {"type": "Feature", "geometry": {"type": "Point", "coordinates": [13.2194178, 52.4009115]}, "properties": {"id": "osm:way:204548414", "type": "kindergarten", "name": "Kita Waldorfschule", "source": "OpenStreetMap/Overpass"}}, {"type": "Feature", "geometry": {"type": "Point", "coordinates": [13.6991808, 52.3689951]}, "properties": {"id": "osm:way:204862196", "type": "kindergarten", "name": "Kita Kleine Pfefferkörner", "source": "OpenStreetMap/Overpass"}}, {"type": "Feature", "geometry": {"type": "Point", "coordinates": [13.5820362, 52.4502346]}, "properties": {"id": "osm:way:204977491", "type": "kindergarten", "name": "Schwanenkita", "source": "OpenStreetMap/Overpass"}}, {"type": "Feature", "geometry": {"type": "Point", "coordinates": [13.5811474, 52.4510947]}, "properties": {"id": "osm:way:204977494", "type": "school", "name": "Gartenarbeitsschule Treptow-Köpenick", "source": "OpenStreetMap/Overpass"}}, {"type": "Feature", "geometry": {"type": "Point", "coordinates": [13.751084, 52.4193321]}, "properties": {"id": "osm:way:205114184", "type": "kindergarten", "name": "Kita „Koboldland“", "source": "OpenStreetMap/Overpass"}}, {"type": "Feature", "geometry": {"type": "Point", "coordinates": [13.0989827, 52.3724658]}, "properties": {"id": "osm:way:205232035", "type": "school", "name": "Wilhelm-von-Türk-Schule", "source": "OpenStreetMap/Overpass"}}, {"type": "Feature", "geometry": {"type": "Point", "coordinates": [13.4088097, 52.3652322]}, "properties": {"id": "osm:way:207773689", "type": "kindergarten", "name": "Spektakulum", "source": "OpenStreetMap/Overpass"}}, {"type": "Feature", "geometry": {"type": "Point", "coordinates": [13.4185406, 52.4781599]}, "properties": {"id": "osm:way:208842733", "type": "school", "name": "Karl-Weise-Grundschule (Filiale)", "source": "OpenStreetMap/Overpass"}}, {"type": "Feature", "geometry": {"type": "Point", "coordinates": [13.4193058, 52.4776952]}, "properties": {"id": "osm:way:208842741", "type": "kindergarten", "name": "Kita Lernen und Lachen", "source": "OpenStreetMap/Overpass"}}, {"type": "Feature", "geometry": {"type": "Point", "coordinates": [13.4192948, 52.5391362]}, "properties": {"id": "osm:way:210109717", "type": "school", "name": "Grundschule im Hofgarten", "source": "OpenStreetMap/Overpass"}}, {"type": "Feature", "geometry": {"type": "Point", "coordinates": [13.4306499, 52.4800889]}, "properties": {"id": "osm:way:210986084", "type": "school", "name": "Hermann-Boddin-Grundschule", "source": "OpenStreetMap/Overpass"}}, {"type": "Feature", "geometry": {"type": "Point", "coordinates": [13.4281854, 52.4854959]}, "properties": {"id": "osm:way:210986085", "type": "kindergarten", "name": "Kita Reuterstraße", "source": "OpenStreetMap/Overpass"}}, {"type": "Feature", "geometry": {"type": "Point", "coordinates": [13.1042685, 52.4658594]}, "properties": {"id": "osm:way:211651206", "type": "childcare", "name": "Hort Traumzauberbaum", "source": "OpenStreetMap/Overpass"}}, {"type": "Feature", "geometry": {"type": "Point", "coordinates": [13.5884867, 52.4431455]}, "properties": {"id": "osm:way:214614429", "type": "school", "name": "Emmy-Noether-Oberschule (Gymnasium)", "source": "OpenStreetMap/Overpass"}}, {"type": "Feature", "geometry": {"type": "Point", "coordinates": [13.5481311, 52.5699062]}, "properties": {"id": "osm:way:214715799", "type": "school", "name": "Barnim-Gymnasium Berlin", "source": "OpenStreetMap/Overpass"}}, {"type": "Feature", "geometry": {"type": "Point", "coordinates": [13.4321603, 52.5334658]}, "properties": {"id": "osm:way:216645765", "type": "school", "name": "Homer-Grundschule", "source": "OpenStreetMap/Overpass"}}, {"type": "Feature", "geometry": {"type": "Point", "coordinates": [13.4385025, 52.5366588]}, "properties": {"id": "osm:way:216647175", "type": "school", "name": "Felix-Mendelssohn-Bartholdy-Gymnasium (Haus 1, temporär geschlossen)", "source": "OpenStreetMap/Overpass"}}, {"type": "Feature", "geometry": {"type": "Point", "coordinates": [13.531432, 52.5111567]}, "properties": {"id": "osm:way:217186482", "type": "school", "name": "Adam-Ries-Grundschule", "source": "OpenStreetMap/Overpass"}}, {"type": "Feature", "geometry": {"type": "Point", "coordinates": [13.283887, 52.6643229]}, "properties": {"id": "osm:way:217350630", "type": "school", "name": "Mosaik Grundschule", "source": "OpenStreetMap/Overpass"}}, {"type": "Feature", "geometry": {"type": "Point", "coordinates": [13.6004952, 52.5193506]}, "properties": {"id": "osm:way:217353577", "type": "school", "name": "BEST-Sabel-Grundschule", "source": "OpenStreetMap/Overpass"}}, {"type": "Feature", "geometry": {"type": "Point", "coordinates": [13.3343201, 52.4821327]}, "properties": {"id": "osm:way:217660907", "type": "school", "name": "Leopold-Ullstein-Schule/OSZ Wirtschaft", "source": "OpenStreetMap/Overpass"}}, {"type": "Feature", "geometry": {"type": "Point", "coordinates": [13.4172392, 52.5778225]}, "properties": {"id": "osm:way:217832105", "type": "kindergarten", "name": "", "source": "OpenStreetMap/Overpass"}}, {"type": "Feature", "geometry": {"type": "Point", "coordinates": [13.4183423, 52.5781415]}, "properties": {"id": "osm:way:218238655", "type": "school", "name": "Schule an der Strauchwiese", "source": "OpenStreetMap/Overpass"}}, {"type": "Feature", "geometry": {"type": "Point", "coordinates": [13.685359, 52.5090228]}, "properties": {"id": "osm:way:218512319", "type": "kindergarten", "name": "Kleine Weltentdecker", "source": "OpenStreetMap/Overpass"}}, {"type": "Feature", "geometry": {"type": "Point", "coordinates": [13.5190642, 52.4654537]}, "properties": {"id": "osm:way:220141917", "type": "school", "name": "Isaac-Newton-Schule", "source": "OpenStreetMap/Overpass"}}, {"type": "Feature", "geometry": {"type": "Point", "coordinates": [13.5188376, 52.464939]}, "properties": {"id": "osm:way:220141918", "type": "kindergarten", "name": "Kita Griechische Allee", "source": "OpenStreetMap/Overpass"}}, {"type": "Feature", "geometry": {"type": "Point", "coordinates": [13.6722051, 52.5228666]}, "properties": {"id": "osm:way:221139154", "type": "school", "name": "Einstein-Gymnasium Neuenhagen", "source": "OpenStreetMap/Overpass"}}, {"type": "Feature", "geometry": {"type": "Point", "coordinates": [13.5801372, 52.5162051]}, "properties": {"id": "osm:way:221320738", "type": "kindergarten", "name": "Kita Spatzenhaus", "source": "OpenStreetMap/Overpass"}}, {"type": "Feature", "geometry": {"type": "Point", "coordinates": [13.7512126, 52.542604]}, "properties": {"id": "osm:way:221595590", "type": "school", "name": "Vier-Jahreszeiten-Grundschule", "source": "OpenStreetMap/Overpass"}}, {"type": "Feature", "geometry": {"type": "Point", "coordinates": [13.3839332, 52.4477072]}, "properties": {"id": "osm:way:221991734", "type": "school", "name": "Luise-Henriette-Schule", "source": "OpenStreetMap/Overpass"}}, {"type": "Feature", "geometry": {"type": "Point", "coordinates": [13.3815903, 52.4459903]}, "properties": {"id": "osm:way:222193157", "type": "school", "name": "Bilinguale Deutsch-Skandinavische Gemeinschaftsschule", "source": "OpenStreetMap/Overpass"}}, {"type": "Feature", "geometry": {"type": "Point", "coordinates": [13.4921085, 52.6315742]}, "properties": {"id": "osm:way:222358925", "type": "kindergarten", "name": "Kita \"Kleine Schlaufüchse\"", "source": "OpenStreetMap/Overpass"}}, {"type": "Feature", "geometry": {"type": "Point", "coordinates": [13.3797112, 52.5571444]}, "properties": {"id": "osm:way:222524221", "type": "school", "name": "Oberstufenzentrum für Kommunikations-, Informations- und Medientechnik", "source": "OpenStreetMap/Overpass"}}, {"type": "Feature", "geometry": {"type": "Point", "coordinates": [13.2772695, 52.435956]}, "properties": {"id": "osm:way:223136035", "type": "kindergarten", "name": "", "source": "OpenStreetMap/Overpass"}}, {"type": "Feature", "geometry": {"type": "Point", "coordinates": [13.3085873, 52.4937927]}, "properties": {"id": "osm:way:223952290", "type": "kindergarten", "name": "EKG - Münstersche Straße 8", "source": "OpenStreetMap/Overpass"}}, {"type": "Feature", "geometry": {"type": "Point", "coordinates": [13.4195422, 52.5784433]}, "properties": {"id": "osm:way:225181458", "type": "school", "name": "Panke Schule", "source": "OpenStreetMap/Overpass"}}, {"type": "Feature", "geometry": {"type": "Point", "coordinates": [13.3394667, 52.5318637]}, "properties": {"id": "osm:way:225857407", "type": "kindergarten", "name": "Kita Fantasia", "source": "OpenStreetMap/Overpass"}}, {"type": "Feature", "geometry": {"type": "Point", "coordinates": [13.3061674, 52.356302]}, "properties": {"id": "osm:way:225870490", "type": "kindergarten", "name": "Hort Groß-Bärenkinder", "source": "OpenStreetMap/Overpass"}}, {"type": "Feature", "geometry": {"type": "Point", "coordinates": [13.3061454, 52.3614434]}, "properties": {"id": "osm:way:225991490", "type": "kindergarten", "name": "Kita Sterntaler", "source": "OpenStreetMap/Overpass"}}, {"type": "Feature", "geometry": {"type": "Point", "coordinates": [13.3016543, 52.3550079]}, "properties": {"id": "osm:way:226024731", "type": "kindergarten", "name": "DRK Kita Löwenzahn", "source": "OpenStreetMap/Overpass"}}, {"type": "Feature", "geometry": {"type": "Point", "coordinates": [13.4092981, 52.4078889]}, "properties": {"id": "osm:way:229089685", "type": "kindergarten", "name": "Kita Sonnenblume", "source": "OpenStreetMap/Overpass"}}, {"type": "Feature", "geometry": {"type": "Point", "coordinates": [13.3273237, 52.4934619]}, "properties": {"id": "osm:way:229099715", "type": "school", "name": "Cecilien-Grundschule", "source": "OpenStreetMap/Overpass"}}, {"type": "Feature", "geometry": {"type": "Point", "coordinates": [13.3543455, 52.5756574]}, "properties": {"id": "osm:way:229099716", "type": "kindergarten", "name": "Kita der Ev. Kirchengem. Alt-Reinickendorf", "source": "OpenStreetMap/Overpass"}}, {"type": "Feature", "geometry": {"type": "Point", "coordinates": [13.3840235, 52.4326709]}, "properties": {"id": "osm:way:229099726", "type": "kindergarten", "name": "Kita FritzKids", "source": "OpenStreetMap/Overpass"}}, {"type": "Feature", "geometry": {"type": "Point", "coordinates": [13.3796542, 52.447508]}, "properties": {"id": "osm:way:229099727", "type": "kindergarten", "name": "Kita Rathausstraße", "source": "OpenStreetMap/Overpass"}}, {"type": "Feature", "geometry": {"type": "Point", "coordinates": [13.353506, 52.4954293]}, "properties": {"id": "osm:way:229099729", "type": "school", "name": "Katholische Schule Sankt Franziskus", "source": "OpenStreetMap/Overpass"}}, {"type": "Feature", "geometry": {"type": "Point", "coordinates": [13.3997377, 52.3837041]}, "properties": {"id": "osm:way:230758758", "type": "kindergarten", "name": "Die Kindergärtnerei", "source": "OpenStreetMap/Overpass"}}, {"type": "Feature", "geometry": {"type": "Point", "coordinates": [13.4587493, 52.5080285]}, "properties": {"id": "osm:way:230772759", "type": "kindergarten", "name": "Kita Kinderland", "source": "OpenStreetMap/Overpass"}}, {"type": "Feature", "geometry": {"type": "Point", "coordinates": [13.4528946, 52.4582127]}, "properties": {"id": "osm:way:232405817", "type": "school", "name": "Oberstufenzentrum Informations- und Medizintechnik", "source": "OpenStreetMap/Overpass"}}, {"type": "Feature", "geometry": {"type": "Point", "coordinates": [13.4315358, 52.599327]}, "properties": {"id": "osm:way:232477662", "type": "kindergarten", "name": "HortEins", "source": "OpenStreetMap/Overpass"}}, {"type": "Feature", "geometry": {"type": "Point", "coordinates": [13.405553, 52.5227307]}, "properties": {"id": "osm:way:234463934", "type": "school", "name": "Evangelische Schule Berlin-Mitte", "source": "OpenStreetMap/Overpass"}}, {"type": "Feature", "geometry": {"type": "Point", "coordinates": [13.2609445, 52.5209525]}, "properties": {"id": "osm:way:235713398", "type": "school", "name": "Dietrich-Bonhoeffer-Grundschule", "source": "OpenStreetMap/Overpass"}}, {"type": "Feature", "geometry": {"type": "Point", "coordinates": [13.4152549, 52.544635]}, "properties": {"id": "osm:way:237091585", "type": "kindergarten", "name": "Evangelische Kita Gethsemane", "source": "OpenStreetMap/Overpass"}}, {"type": "Feature", "geometry": {"type": "Point", "coordinates": [13.4176694, 52.6040685]}, "properties": {"id": "osm:way:237983545", "type": "kindergarten", "name": "", "source": "OpenStreetMap/Overpass"}}, {"type": "Feature", "geometry": {"type": "Point", "coordinates": [13.425457, 52.612367]}, "properties": {"id": "osm:way:238609832", "type": "kindergarten", "name": "Kindergarten Schützenstraße", "source": "OpenStreetMap/Overpass"}}, {"type": "Feature", "geometry": {"type": "Point", "coordinates": [13.4287739, 52.5049963]}, "properties": {"id": "osm:way:239049132", "type": "school", "name": "Nürtingen Grundschule", "source": "OpenStreetMap/Overpass"}}, {"type": "Feature", "geometry": {"type": "Point", "coordinates": [13.2653993, 52.4987291]}, "properties": {"id": "osm:way:239191249", "type": "school", "name": "Ernst-Adolf-Eschke-Schule", "source": "OpenStreetMap/Overpass"}}, {"type": "Feature", "geometry": {"type": "Point", "coordinates": [13.2642222, 52.4974368]}, "properties": {"id": "osm:way:239191258", "type": "school", "name": "Reinfelder-Schule", "source": "OpenStreetMap/Overpass"}}, {"type": "Feature", "geometry": {"type": "Point", "coordinates": [13.4442008, 52.3966054]}, "properties": {"id": "osm:way:240573616", "type": "school", "name": "Paul-Maar-Grundschule", "source": "OpenStreetMap/Overpass"}}, {"type": "Feature", "geometry": {"type": "Point", "coordinates": [13.2152933, 52.4307182]}, "properties": {"id": "osm:way:242648784", "type": "school", "name": "Johannes-Tews-Grundschule", "source": "OpenStreetMap/Overpass"}}, {"type": "Feature", "geometry": {"type": "Point", "coordinates": [13.7539314, 52.4542014]}, "properties": {"id": "osm:way:242939883", "type": "school", "name": "Grundschule am Weinberg", "source": "OpenStreetMap/Overpass"}}, {"type": "Feature", "geometry": {"type": "Point", "coordinates": [13.5806128, 52.519831]}, "properties": {"id": "osm:way:243223939", "type": "kindergarten", "name": "Kinderhaus Eigensinn", "source": "OpenStreetMap/Overpass"}}, {"type": "Feature", "geometry": {"type": "Point", "coordinates": [13.4510983, 52.4306966]}, "properties": {"id": "osm:way:244193911", "type": "kindergarten", "name": "Evangelische Kita Coretta King", "source": "OpenStreetMap/Overpass"}}, {"type": "Feature", "geometry": {"type": "Point", "coordinates": [13.4236835, 52.4673144]}, "properties": {"id": "osm:way:244193912", "type": "kindergarten", "name": "Kita Emser Straße", "source": "OpenStreetMap/Overpass"}}, {"type": "Feature", "geometry": {"type": "Point", "coordinates": [13.3128226, 52.4367107]}, "properties": {"id": "osm:way:244382802", "type": "school", "name": "Oberlin-Seminar", "source": "OpenStreetMap/Overpass"}}, {"type": "Feature", "geometry": {"type": "Point", "coordinates": [13.3420713, 52.5489393]}, "properties": {"id": "osm:way:244455477", "type": "kindergarten", "name": "Kita Afrikanische Straße", "source": "OpenStreetMap/Overpass"}}, {"type": "Feature", "geometry": {"type": "Point", "coordinates": [13.3585339, 52.5545293]}, "properties": {"id": "osm:way:244459443", "type": "kindergarten", "name": "Kita Seestraße", "source": "OpenStreetMap/Overpass"}}, {"type": "Feature", "geometry": {"type": "Point", "coordinates": [13.5488993, 52.5677686]}, "properties": {"id": "osm:way:245299949", "type": "kindergarten", "name": "Kita \"Kiek mal\"", "source": "OpenStreetMap/Overpass"}}, {"type": "Feature", "geometry": {"type": "Point", "coordinates": [13.5702346, 52.50167]}, "properties": {"id": "osm:way:246204309", "type": "kindergarten", "name": "", "source": "OpenStreetMap/Overpass"}}, {"type": "Feature", "geometry": {"type": "Point", "coordinates": [13.2379983, 52.6266903]}, "properties": {"id": "osm:way:246438634", "type": "school", "name": "Filiale Albrecht-Haushofer-Schule", "source": "OpenStreetMap/Overpass"}}, {"type": "Feature", "geometry": {"type": "Point", "coordinates": [13.4402088, 52.4390961]}, "properties": {"id": "osm:way:250368166", "type": "kindergarten", "name": "Kita „Ravelin“", "source": "OpenStreetMap/Overpass"}}, {"type": "Feature", "geometry": {"type": "Point", "coordinates": [13.454868, 52.5587045]}, "properties": {"id": "osm:way:251606766", "type": "kindergarten", "name": "Kita KnirpsenLand", "source": "OpenStreetMap/Overpass"}}, {"type": "Feature", "geometry": {"type": "Point", "coordinates": [13.5777318, 52.4419057]}, "properties": {"id": "osm:way:251743978", "type": "kindergarten", "name": "Kita Spitzerstraße", "source": "OpenStreetMap/Overpass"}}, {"type": "Feature", "geometry": {"type": "Point", "coordinates": [13.5064301, 52.4066076]}, "properties": {"id": "osm:way:252269505", "type": "kindergarten", "name": "Kita Knollstraße \"An der Ritterburg\"", "source": "OpenStreetMap/Overpass"}}, {"type": "Feature", "geometry": {"type": "Point", "coordinates": [13.3466817, 52.5432072]}, "properties": {"id": "osm:way:254179246", "type": "kindergarten", "name": "Kita Augustenburger Platz", "source": "OpenStreetMap/Overpass"}}, {"type": "Feature", "geometry": {"type": "Point", "coordinates": [13.3507388, 52.5208322]}, "properties": {"id": "osm:way:254612247", "type": "kindergarten", "name": "Kita Paradies für Kinder", "source": "OpenStreetMap/Overpass"}}, {"type": "Feature", "geometry": {"type": "Point", "coordinates": [13.4019726, 52.5271276]}, "properties": {"id": "osm:way:254618264", "type": "school", "name": "Kastanienbaum-Grundschule", "source": "OpenStreetMap/Overpass"}}, {"type": "Feature", "geometry": {"type": "Point", "coordinates": [13.419695, 52.4942778]}, "properties": {"id": "osm:way:254917116", "type": "school", "name": "Albrecht-von-Graefe-Schule", "source": "OpenStreetMap/Overpass"}}, {"type": "Feature", "geometry": {"type": "Point", "coordinates": [13.428193, 52.4829694]}, "properties": {"id": "osm:way:255178698", "type": "school", "name": "Evangelische Schule Neukölln", "source": "OpenStreetMap/Overpass"}}, {"type": "Feature", "geometry": {"type": "Point", "coordinates": [13.384648, 52.5391787]}, "properties": {"id": "osm:way:255182367", "type": "school", "name": "Phorms Campus Berlin Mitte", "source": "OpenStreetMap/Overpass"}}, {"type": "Feature", "geometry": {"type": "Point", "coordinates": [13.5532516, 52.6496783]}, "properties": {"id": "osm:way:255668177", "type": "kindergarten", "name": "Kita Birkenwäldchen", "source": "OpenStreetMap/Overpass"}}, {"type": "Feature", "geometry": {"type": "Point", "coordinates": [13.48692, 52.4237479]}, "properties": {"id": "osm:way:256656502", "type": "school", "name": "Schule am Fliederbusch", "source": "OpenStreetMap/Overpass"}}, {"type": "Feature", "geometry": {"type": "Point", "coordinates": [13.4093937, 52.3644076]}, "properties": {"id": "osm:way:261253366", "type": "school", "name": "Herbert-Tschäpe Grundschule", "source": "OpenStreetMap/Overpass"}}, {"type": "Feature", "geometry": {"type": "Point", "coordinates": [13.4863968, 52.5107368]}, "properties": {"id": "osm:way:262832968", "type": "kindergarten", "name": "The Animal House", "source": "OpenStreetMap/Overpass"}}, {"type": "Feature", "geometry": {"type": "Point", "coordinates": [13.2366098, 52.3945189]}, "properties": {"id": "osm:way:263459172", "type": "school", "name": "Evangelisches Gymnasium Kleinmachnow", "source": "OpenStreetMap/Overpass"}}, {"type": "Feature", "geometry": {"type": "Point", "coordinates": [13.739358, 52.4547018]}, "properties": {"id": "osm:way:263821779", "type": "kindergarten", "name": "Kita Fantasia", "source": "OpenStreetMap/Overpass"}}, {"type": "Feature", "geometry": {"type": "Point", "coordinates": [13.4165836, 52.5835781]}, "properties": {"id": "osm:way:265439527", "type": "childcare", "name": "Sternenhof", "source": "OpenStreetMap/Overpass"}}, {"type": "Feature", "geometry": {"type": "Point", "coordinates": [13.7507928, 52.6225175]}, "properties": {"id": "osm:way:266433759", "type": "school", "name": "Europaschule Werneuchen", "source": "OpenStreetMap/Overpass"}}, {"type": "Feature", "geometry": {"type": "Point", "coordinates": [13.4668512, 52.5266835]}, "properties": {"id": "osm:way:266531791", "type": "school", "name": "Johann-Gottfried-Herder-Gymnasium", "source": "OpenStreetMap/Overpass"}}, {"type": "Feature", "geometry": {"type": "Point", "coordinates": [13.2452019, 52.5111588]}, "properties": {"id": "osm:way:266772107", "type": "kindergarten", "name": "Die wilden Westender", "source": "OpenStreetMap/Overpass"}}, {"type": "Feature", "geometry": {"type": "Point", "coordinates": [13.2567167, 52.5018905]}, "properties": {"id": "osm:way:266794019", "type": "school", "name": "Wald-Grundschule", "source": "OpenStreetMap/Overpass"}}, {"type": "Feature", "geometry": {"type": "Point", "coordinates": [13.2552517, 52.5029239]}, "properties": {"id": "osm:way:266806719", "type": "school", "name": "Wald-Gymnasium", "source": "OpenStreetMap/Overpass"}}, {"type": "Feature", "geometry": {"type": "Point", "coordinates": [13.3813878, 52.5547009]}, "properties": {"id": "osm:way:266886272", "type": "kindergarten", "name": "Kindergarten Osloer Straße", "source": "OpenStreetMap/Overpass"}}, {"type": "Feature", "geometry": {"type": "Point", "coordinates": [13.3964466, 52.5514348]}, "properties": {"id": "osm:way:267236686", "type": "school", "name": "Rudolf-Wissell-Grundschule", "source": "OpenStreetMap/Overpass"}}, {"type": "Feature", "geometry": {"type": "Point", "coordinates": [13.3834858, 52.5571559]}, "properties": {"id": "osm:way:267486640", "type": "school", "name": "Wilhelm-Busch-Schule", "source": "OpenStreetMap/Overpass"}}, {"type": "Feature", "geometry": {"type": "Point", "coordinates": [13.391471, 52.5587972]}, "properties": {"id": "osm:way:268098656", "type": "kindergarten", "name": "Kindergarten Freienwalder Straße", "source": "OpenStreetMap/Overpass"}}, {"type": "Feature", "geometry": {"type": "Point", "coordinates": [13.387928, 52.558586]}, "properties": {"id": "osm:way:268629197", "type": "kindergarten", "name": "Evangelische Kita Stephanus", "source": "OpenStreetMap/Overpass"}}, {"type": "Feature", "geometry": {"type": "Point", "coordinates": [13.3838116, 52.557881]}, "properties": {"id": "osm:way:269224431", "type": "school", "name": "Wilhelm-Hauff-Grundschule", "source": "OpenStreetMap/Overpass"}}, {"type": "Feature", "geometry": {"type": "Point", "coordinates": [13.3888847, 52.5658783]}, "properties": {"id": "osm:way:270352398", "type": "school", "name": "Andersen Grundschule", "source": "OpenStreetMap/Overpass"}}, {"type": "Feature", "geometry": {"type": "Point", "coordinates": [13.3891014, 52.5664876]}, "properties": {"id": "osm:way:270352416", "type": "kindergarten", "name": "Kita Nordbahnstraße", "source": "OpenStreetMap/Overpass"}}, {"type": "Feature", "geometry": {"type": "Point", "coordinates": [13.7450494, 52.4630336]}, "properties": {"id": "osm:way:271873523", "type": "kindergarten", "name": "Haus der kleinen Strolche", "source": "OpenStreetMap/Overpass"}}, {"type": "Feature", "geometry": {"type": "Point", "coordinates": [13.6679465, 52.414633]}, "properties": {"id": "osm:way:271964817", "type": "school", "name": "Müggelheimer Grundschule", "source": "OpenStreetMap/Overpass"}}, {"type": "Feature", "geometry": {"type": "Point", "coordinates": [13.5744788, 52.576552]}, "properties": {"id": "osm:way:272008442", "type": "kindergarten", "name": "Kita Koboldland", "source": "OpenStreetMap/Overpass"}}, {"type": "Feature", "geometry": {"type": "Point", "coordinates": [13.4341705, 52.5163898]}, "properties": {"id": "osm:way:273897088", "type": "kindergarten", "name": "Kita Spiel-und Erlebniswelt", "source": "OpenStreetMap/Overpass"}}, {"type": "Feature", "geometry": {"type": "Point", "coordinates": [13.4528467, 52.4770647]}, "properties": {"id": "osm:way:274922526", "type": "kindergarten", "name": "Kita Weserwichtel", "source": "OpenStreetMap/Overpass"}}, {"type": "Feature", "geometry": {"type": "Point", "coordinates": [13.170732, 52.5444708]}, "properties": {"id": "osm:way:275251262", "type": "kindergarten", "name": "Kita am Spektesee", "source": "OpenStreetMap/Overpass"}}, {"type": "Feature", "geometry": {"type": "Point", "coordinates": [13.1927919, 52.5425353]}, "properties": {"id": "osm:way:275600298", "type": "school", "name": "Katholische Schule Bernhard Lichtenberg", "source": "OpenStreetMap/Overpass"}}, {"type": "Feature", "geometry": {"type": "Point", "coordinates": [13.3825171, 52.5606502]}, "properties": {"id": "osm:way:275735375", "type": "school", "name": "Carl-Kraemer-Grundschule", "source": "OpenStreetMap/Overpass"}}, {"type": "Feature", "geometry": {"type": "Point", "coordinates": [13.505797, 52.4947323]}, "properties": {"id": "osm:way:276025191", "type": "school", "name": "Paul-und-Charlotte-Kniese-Gemeinschaftsschule", "source": "OpenStreetMap/Overpass"}}, {"type": "Feature", "geometry": {"type": "Point", "coordinates": [13.5402793, 52.4013778]}, "properties": {"id": "osm:way:277611426", "type": "kindergarten", "name": "Kita - Nippeser Straße \"Am Wäldchen\"", "source": "OpenStreetMap/Overpass"}}, {"type": "Feature", "geometry": {"type": "Point", "coordinates": [13.7477908, 52.5420886]}, "properties": {"id": "osm:way:277781423", "type": "kindergarten", "name": "Kita Else Kühne", "source": "OpenStreetMap/Overpass"}}, {"type": "Feature", "geometry": {"type": "Point", "coordinates": [13.7615349, 52.524668]}, "properties": {"id": "osm:way:277782176", "type": "kindergarten", "name": "Kita Wasserflöhe", "source": "OpenStreetMap/Overpass"}}, {"type": "Feature", "geometry": {"type": "Point", "coordinates": [13.7525794, 52.5198329]}, "properties": {"id": "osm:way:277783479", "type": "kindergarten", "name": "Integrierte Kindertagesbetreuung Fred-Vogel", "source": "OpenStreetMap/Overpass"}}, {"type": "Feature", "geometry": {"type": "Point", "coordinates": [13.463134, 52.4293555]}, "properties": {"id": "osm:way:278887452", "type": "school", "name": "Walter-Gropius-Schule", "source": "OpenStreetMap/Overpass"}}, {"type": "Feature", "geometry": {"type": "Point", "coordinates": [13.590982, 52.4436102]}, "properties": {"id": "osm:way:278946533", "type": "kindergarten", "name": "IntegrationsKITA Hand in Hand", "source": "OpenStreetMap/Overpass"}}, {"type": "Feature", "geometry": {"type": "Point", "coordinates": [13.3330093, 52.5301501]}, "properties": {"id": "osm:way:279259146", "type": "kindergarten", "name": "Kinderladen", "source": "OpenStreetMap/Overpass"}}, {"type": "Feature", "geometry": {"type": "Point", "coordinates": [13.3360976, 52.5254005]}, "properties": {"id": "osm:way:280344963", "type": "childcare", "name": "Spielplatz Ottopark", "source": "OpenStreetMap/Overpass"}}, {"type": "Feature", "geometry": {"type": "Point", "coordinates": [13.465291, 52.513016]}, "properties": {"id": "osm:way:281268823", "type": "kindergarten", "name": "Kita Scharnweberstraße", "source": "OpenStreetMap/Overpass"}}, {"type": "Feature", "geometry": {"type": "Point", "coordinates": [13.6890844, 52.5216862]}, "properties": {"id": "osm:way:281791146", "type": "school", "name": "Goethe-Grundschule", "source": "OpenStreetMap/Overpass"}}, {"type": "Feature", "geometry": {"type": "Point", "coordinates": [13.7279088, 52.4272241]}, "properties": {"id": "osm:way:281823556", "type": "kindergarten", "name": "KiTa Waldstraße", "source": "OpenStreetMap/Overpass"}}, {"type": "Feature", "geometry": {"type": "Point", "coordinates": [13.3813284, 52.557839]}, "properties": {"id": "osm:way:281844282", "type": "kindergarten", "name": "Kita Sprachvielfalt", "source": "OpenStreetMap/Overpass"}}, {"type": "Feature", "geometry": {"type": "Point", "coordinates": [13.1314065, 52.4725631]}, "properties": {"id": "osm:way:281982064", "type": "school", "name": "Hans-Carossa-Gymnasium", "source": "OpenStreetMap/Overpass"}}, {"type": "Feature", "geometry": {"type": "Point", "coordinates": [13.7108595, 52.5143477]}, "properties": {"id": "osm:way:282120066", "type": "kindergarten", "name": "Haus der Begegnung Bollensdorf", "source": "OpenStreetMap/Overpass"}}, {"type": "Feature", "geometry": {"type": "Point", "coordinates": [13.4400387, 52.4118936]}, "properties": {"id": "osm:way:282550051", "type": "kindergarten", "name": "Kindertagesstätte Gänseblümchen", "source": "OpenStreetMap/Overpass"}}, {"type": "Feature", "geometry": {"type": "Point", "coordinates": [13.5802743, 52.4657438]}, "properties": {"id": "osm:way:282636554", "type": "kindergarten", "name": "Kita Wirsi-Kids", "source": "OpenStreetMap/Overpass"}}, {"type": "Feature", "geometry": {"type": "Point", "coordinates": [13.5794336, 52.4681093]}, "properties": {"id": "osm:way:282638692", "type": "school", "name": "Uhlenhorst Grundschule", "source": "OpenStreetMap/Overpass"}}, {"type": "Feature", "geometry": {"type": "Point", "coordinates": [13.7129953, 52.5161847]}, "properties": {"id": "osm:way:282668991", "type": "kindergarten", "name": "Kita am Schäferplatz", "source": "OpenStreetMap/Overpass"}}, {"type": "Feature", "geometry": {"type": "Point", "coordinates": [13.164596, 52.552258]}, "properties": {"id": "osm:way:282779522", "type": "kindergarten", "name": "Kita & Familienzentrum Wasserwerkstraße 3", "source": "OpenStreetMap/Overpass"}}, {"type": "Feature", "geometry": {"type": "Point", "coordinates": [13.4372761, 52.4212522]}, "properties": {"id": "osm:way:282800385", "type": "kindergarten", "name": "Kita An den Achterhöfen", "source": "OpenStreetMap/Overpass"}}, {"type": "Feature", "geometry": {"type": "Point", "coordinates": [13.1996555, 52.567773]}, "properties": {"id": "osm:way:282903477", "type": "school", "name": "Carl-Schurz-Grundschule", "source": "OpenStreetMap/Overpass"}}, {"type": "Feature", "geometry": {"type": "Point", "coordinates": [13.1986751, 52.5678661]}, "properties": {"id": "osm:way:282903478", "type": "kindergarten", "name": "Kita am Wald", "source": "OpenStreetMap/Overpass"}}, {"type": "Feature", "geometry": {"type": "Point", "coordinates": [13.4043822, 52.3964683]}, "properties": {"id": "osm:way:282907298", "type": "school", "name": "", "source": "OpenStreetMap/Overpass"}}, {"type": "Feature", "geometry": {"type": "Point", "coordinates": [13.4030064, 52.3977233]}, "properties": {"id": "osm:way:282907299", "type": "school", "name": "Theodor-Haubach-Schule", "source": "OpenStreetMap/Overpass"}}, {"type": "Feature", "geometry": {"type": "Point", "coordinates": [13.4041457, 52.3858616]}, "properties": {"id": "osm:way:283041467", "type": "school", "name": "", "source": "OpenStreetMap/Overpass"}}, {"type": "Feature", "geometry": {"type": "Point", "coordinates": [13.19848, 52.5648677]}, "properties": {"id": "osm:way:283101938", "type": "school", "name": "Heinrich-Böll-Oberschule", "source": "OpenStreetMap/Overpass"}}, {"type": "Feature", "geometry": {"type": "Point", "coordinates": [13.1331228, 52.3662045]}, "properties": {"id": "osm:way:283125852", "type": "school", "name": "Grundschule am Priesterweg", "source": "OpenStreetMap/Overpass"}}, {"type": "Feature", "geometry": {"type": "Point", "coordinates": [13.3646038, 52.4964071]}, "properties": {"id": "osm:way:283624399", "type": "kindergarten", "name": "Kita Bülowstraße", "source": "OpenStreetMap/Overpass"}}, {"type": "Feature", "geometry": {"type": "Point", "coordinates": [13.1974262, 52.5443423]}, "properties": {"id": "osm:way:284232561", "type": "school", "name": "Peter-Härtling-Grundschule", "source": "OpenStreetMap/Overpass"}}, {"type": "Feature", "geometry": {"type": "Point", "coordinates": [13.1970392, 52.5454627]}, "properties": {"id": "osm:way:284233548", "type": "school", "name": "Wolfgang-Borchert-Schule", "source": "OpenStreetMap/Overpass"}}, {"type": "Feature", "geometry": {"type": "Point", "coordinates": [13.206564, 52.5446353]}, "properties": {"id": "osm:way:284561370", "type": "kindergarten", "name": "Villa Purzelbaum", "source": "OpenStreetMap/Overpass"}}, {"type": "Feature", "geometry": {"type": "Point", "coordinates": [13.1984958, 52.5383422]}, "properties": {"id": "osm:way:284961777", "type": "school", "name": "Lily-Braun-Gymnasium", "source": "OpenStreetMap/Overpass"}}, {"type": "Feature", "geometry": {"type": "Point", "coordinates": [13.1992828, 52.5377702]}, "properties": {"id": "osm:way:284961796", "type": "kindergarten", "name": "Kita Münsinger Straße", "source": "OpenStreetMap/Overpass"}}, {"type": "Feature", "geometry": {"type": "Point", "coordinates": [13.1914808, 52.5295802]}, "properties": {"id": "osm:way:285603911", "type": "kindergarten", "name": "Kita Am Bullengraben", "source": "OpenStreetMap/Overpass"}}, {"type": "Feature", "geometry": {"type": "Point", "coordinates": [13.5275327, 52.414637]}, "properties": {"id": "osm:way:286248423", "type": "kindergarten", "name": "Kindertagesstätte Vier Jahreszeiten", "source": "OpenStreetMap/Overpass"}}, {"type": "Feature", "geometry": {"type": "Point", "coordinates": [13.5464793, 52.6293324]}, "properties": {"id": "osm:way:286250828", "type": "kindergarten", "name": "Kinderhaus Fantasia Hort", "source": "OpenStreetMap/Overpass"}}, {"type": "Feature", "geometry": {"type": "Point", "coordinates": [13.1922758, 52.5202548]}, "properties": {"id": "osm:way:286355986", "type": "school", "name": "Christoph-Földerich-Grundschule", "source": "OpenStreetMap/Overpass"}}, {"type": "Feature", "geometry": {"type": "Point", "coordinates": [13.1811017, 52.4990526]}, "properties": {"id": "osm:way:286785063", "type": "kindergarten", "name": "Kita Gatower Straße", "source": "OpenStreetMap/Overpass"}}, {"type": "Feature", "geometry": {"type": "Point", "coordinates": [13.1536189, 52.5202566]}, "properties": {"id": "osm:way:286934157", "type": "school", "name": "SIS Swiss International School Berlin", "source": "OpenStreetMap/Overpass"}}, {"type": "Feature", "geometry": {"type": "Point", "coordinates": [13.4262402, 52.5697644]}, "properties": {"id": "osm:way:287062876", "type": "childcare", "name": "Kinderladen Sterntaler", "source": "OpenStreetMap/Overpass"}}, {"type": "Feature", "geometry": {"type": "Point", "coordinates": [13.3545515, 52.4095564]}, "properties": {"id": "osm:way:287207455", "type": "kindergarten", "name": "Kita Jungadler", "source": "OpenStreetMap/Overpass"}}, {"type": "Feature", "geometry": {"type": "Point", "coordinates": [13.4229547, 52.3499847]}, "properties": {"id": "osm:way:288102939", "type": "school", "name": "", "source": "OpenStreetMap/Overpass"}}, {"type": "Feature", "geometry": {"type": "Point", "coordinates": [13.6899965, 52.5132217]}, "properties": {"id": "osm:way:288115750", "type": "kindergarten", "name": "Kita Regenbogen", "source": "OpenStreetMap/Overpass"}}, {"type": "Feature", "geometry": {"type": "Point", "coordinates": [13.2165387, 52.4263206]}, "properties": {"id": "osm:way:288971839", "type": "kindergarten", "name": "Kita Kasimir", "source": "OpenStreetMap/Overpass"}}, {"type": "Feature", "geometry": {"type": "Point", "coordinates": [13.4310353, 52.5483016]}, "properties": {"id": "osm:way:289151699", "type": "kindergarten", "name": "Milchzahnbande", "source": "OpenStreetMap/Overpass"}}, {"type": "Feature", "geometry": {"type": "Point", "coordinates": [13.4418746, 52.5455554]}, "properties": {"id": "osm:way:289314802", "type": "school", "name": "Elinor-Ostrom-Schule (OSZ Bürowirtschaft und Dienstleistungen)", "source": "OpenStreetMap/Overpass"}}, {"type": "Feature", "geometry": {"type": "Point", "coordinates": [13.4555178, 52.5919402]}, "properties": {"id": "osm:way:289674736", "type": "school", "name": "Grundschule unter den Bäumen", "source": "OpenStreetMap/Overpass"}}, {"type": "Feature", "geometry": {"type": "Point", "coordinates": [13.2843703, 52.6305539]}, "properties": {"id": "osm:way:290098096", "type": "school", "name": "Evangelische Schule Frohnau\nGrundschule und Gymnasium\nBerlin, Bezirk Reinickendorf", "source": "OpenStreetMap/Overpass"}}, {"type": "Feature", "geometry": {"type": "Point", "coordinates": [13.308472, 52.6206041]}, "properties": {"id": "osm:way:290660701", "type": "school", "name": "Waldseeschule", "source": "OpenStreetMap/Overpass"}}, {"type": "Feature", "geometry": {"type": "Point", "coordinates": [13.3499486, 52.5649456]}, "properties": {"id": "osm:way:291889702", "type": "kindergarten", "name": "Bullerbü e.V.", "source": "OpenStreetMap/Overpass"}}, {"type": "Feature", "geometry": {"type": "Point", "coordinates": [13.3550777, 52.5639542]}, "properties": {"id": "osm:way:291889752", "type": "kindergarten", "name": "Kita Lutherhaus", "source": "OpenStreetMap/Overpass"}}, {"type": "Feature", "geometry": {"type": "Point", "coordinates": [13.7537006, 52.6001867]}, "properties": {"id": "osm:way:292683256", "type": "kindergarten", "name": "Kindergarten Wilde Wiese", "source": "OpenStreetMap/Overpass"}}, {"type": "Feature", "geometry": {"type": "Point", "coordinates": [13.4234728, 52.5148935]}, "properties": {"id": "osm:way:293388397", "type": "kindergarten", "name": "Kita Lichtenberger Straße 32/33", "source": "OpenStreetMap/Overpass"}}, {"type": "Feature", "geometry": {"type": "Point", "coordinates": [13.2066023, 52.6391416]}, "properties": {"id": "osm:way:294262957", "type": "school", "name": "Regenbogenschule", "source": "OpenStreetMap/Overpass"}}, {"type": "Feature", "geometry": {"type": "Point", "coordinates": [13.375635, 52.4784581]}, "properties": {"id": "osm:way:294263871", "type": "school", "name": "Hugo-Gaudig-Schule", "source": "OpenStreetMap/Overpass"}}, {"type": "Feature", "geometry": {"type": "Point", "coordinates": [13.3770409, 52.4747969]}, "properties": {"id": "osm:way:294263872", "type": "kindergarten", "name": "Kita Boelckestraße", "source": "OpenStreetMap/Overpass"}}, {"type": "Feature", "geometry": {"type": "Point", "coordinates": [13.375645, 52.4778635]}, "properties": {"id": "osm:way:294263892", "type": "school", "name": "Tempelherren-Grundschule", "source": "OpenStreetMap/Overpass"}}, {"type": "Feature", "geometry": {"type": "Point", "coordinates": [13.6567236, 52.5132311]}, "properties": {"id": "osm:way:294390885", "type": "kindergarten", "name": "Villa Kunterbunt", "source": "OpenStreetMap/Overpass"}}, {"type": "Feature", "geometry": {"type": "Point", "coordinates": [13.3982413, 52.6206395]}, "properties": {"id": "osm:way:294648436", "type": "kindergarten", "name": "", "source": "OpenStreetMap/Overpass"}}, {"type": "Feature", "geometry": {"type": "Point", "coordinates": [13.6169518, 52.5281184]}, "properties": {"id": "osm:way:295125909", "type": "kindergarten", "name": "Kita \"Zum Hasenhügel\"", "source": "OpenStreetMap/Overpass"}}, {"type": "Feature", "geometry": {"type": "Point", "coordinates": [13.6180069, 52.5279515]}, "properties": {"id": "osm:way:295125950", "type": "kindergarten", "name": "Kindergarten \"Naseweis\"", "source": "OpenStreetMap/Overpass"}}, {"type": "Feature", "geometry": {"type": "Point", "coordinates": [13.5849623, 52.5204452]}, "properties": {"id": "osm:way:295811104", "type": "kindergarten", "name": "Kita Elementa", "source": "OpenStreetMap/Overpass"}}, {"type": "Feature", "geometry": {"type": "Point", "coordinates": [13.6050628, 52.4391313]}, "properties": {"id": "osm:way:296141625", "type": "school", "name": "Müggelschlößchen-Schule", "source": "OpenStreetMap/Overpass"}}, {"type": "Feature", "geometry": {"type": "Point", "coordinates": [13.4401094, 52.4692693]}, "properties": {"id": "osm:way:298495492", "type": "school", "name": "Albrecht-Dürer-Gymnasium", "source": "OpenStreetMap/Overpass"}}, {"type": "Feature", "geometry": {"type": "Point", "coordinates": [13.1336569, 52.5355451]}, "properties": {"id": "osm:way:299786584", "type": "school", "name": "Schule am Staakener Kleeblatt", "source": "OpenStreetMap/Overpass"}}, {"type": "Feature", "geometry": {"type": "Point", "coordinates": [13.6973161, 52.4633377]}, "properties": {"id": "osm:way:300118917", "type": "kindergarten", "name": "Kindertagesstätte Löwenzahn", "source": "OpenStreetMap/Overpass"}}, {"type": "Feature", "geometry": {"type": "Point", "coordinates": [13.6850577, 52.4672202]}, "properties": {"id": "osm:way:300235641", "type": "kindergarten", "name": "Kindertagesstätte Unterm Regenbogen", "source": "OpenStreetMap/Overpass"}}, {"type": "Feature", "geometry": {"type": "Point", "coordinates": [13.5099992, 52.413544]}, "properties": {"id": "osm:way:300422971", "type": "school", "name": "Michael-Ende-Grundschule", "source": "OpenStreetMap/Overpass"}}, {"type": "Feature", "geometry": {"type": "Point", "coordinates": [13.1334731, 52.4516273]}, "properties": {"id": "osm:way:300638299", "type": "kindergarten", "name": "Kita Mariä Himmelfahrt", "source": "OpenStreetMap/Overpass"}}, {"type": "Feature", "geometry": {"type": "Point", "coordinates": [13.50811, 52.4047235]}, "properties": {"id": "osm:way:300757795", "type": "school", "name": "Hannah-Arendt- Gymnasium", "source": "OpenStreetMap/Overpass"}}, {"type": "Feature", "geometry": {"type": "Point", "coordinates": [13.4463066, 52.5103339]}, "properties": {"id": "osm:way:300837200", "type": "school", "name": "Dathe-Oberschule", "source": "OpenStreetMap/Overpass"}}, {"type": "Feature", "geometry": {"type": "Point", "coordinates": [13.3938135, 52.5464676]}, "properties": {"id": "osm:way:301595370", "type": "school", "name": "Heinrich-Seidel-Grundschule", "source": "OpenStreetMap/Overpass"}}, {"type": "Feature", "geometry": {"type": "Point", "coordinates": [13.3688679, 52.4893798]}, "properties": {"id": "osm:way:303000006", "type": "kindergarten", "name": "Kita Hochkirchstraße", "source": "OpenStreetMap/Overpass"}}, {"type": "Feature", "geometry": {"type": "Point", "coordinates": [13.401879, 52.4891803]}, "properties": {"id": "osm:way:303145395", "type": "school", "name": "Ferdinand-Freiligrath-Schule", "source": "OpenStreetMap/Overpass"}}, {"type": "Feature", "geometry": {"type": "Point", "coordinates": [13.323301, 52.4851101]}, "properties": {"id": "osm:way:303591062", "type": "school", "name": "Comenius-Schule", "source": "OpenStreetMap/Overpass"}}, {"type": "Feature", "geometry": {"type": "Point", "coordinates": [13.5559225, 52.4907463]}, "properties": {"id": "osm:way:304335228", "type": "school", "name": "Grundschule am Schleipfuhl - Filiale Dankratweg", "source": "OpenStreetMap/Overpass"}}, {"type": "Feature", "geometry": {"type": "Point", "coordinates": [13.4949983, 52.5168194]}, "properties": {"id": "osm:way:304841288", "type": "school", "name": "Schule auf dem lichten Berg", "source": "OpenStreetMap/Overpass"}}, {"type": "Feature", "geometry": {"type": "Point", "coordinates": [13.6065395, 52.5152478]}, "properties": {"id": "osm:way:305064849", "type": "kindergarten", "name": "Kindertagespflege Hinzmann", "source": "OpenStreetMap/Overpass"}}, {"type": "Feature", "geometry": {"type": "Point", "coordinates": [13.3152443, 52.5159987]}, "properties": {"id": "osm:way:305190239", "type": "school", "name": "Ludwig-Cauer-Grundschule", "source": "OpenStreetMap/Overpass"}}, {"type": "Feature", "geometry": {"type": "Point", "coordinates": [13.2671927, 52.4561397]}, "properties": {"id": "osm:way:305657124", "type": "kindergarten", "name": "Montessori Preschool", "source": "OpenStreetMap/Overpass"}}, {"type": "Feature", "geometry": {"type": "Point", "coordinates": [13.3187485, 52.5292757]}, "properties": {"id": "osm:way:305798506", "type": "kindergarten", "name": "Kindergarten Huttenstraße 22A", "source": "OpenStreetMap/Overpass"}}, {"type": "Feature", "geometry": {"type": "Point", "coordinates": [13.4475378, 52.5583005]}, "properties": {"id": "osm:way:306687125", "type": "school", "name": "Integrierte Sekundarschule Hagenbeck", "source": "OpenStreetMap/Overpass"}}, {"type": "Feature", "geometry": {"type": "Point", "coordinates": [13.4547684, 52.5597205]}, "properties": {"id": "osm:way:306687126", "type": "kindergarten", "name": "Kita Roelckespatzen", "source": "OpenStreetMap/Overpass"}}, {"type": "Feature", "geometry": {"type": "Point", "coordinates": [13.464844, 52.5564945]}, "properties": {"id": "osm:way:306713740", "type": "kindergarten", "name": "Villa Seegarten", "source": "OpenStreetMap/Overpass"}}, {"type": "Feature", "geometry": {"type": "Point", "coordinates": [13.4633354, 52.5593977]}, "properties": {"id": "osm:way:306713743", "type": "kindergarten", "name": "Kita Rappelkiste", "source": "OpenStreetMap/Overpass"}}, {"type": "Feature", "geometry": {"type": "Point", "coordinates": [13.2588101, 52.5020361]}, "properties": {"id": "osm:way:306735805", "type": "kindergarten", "name": "EKT - Kinderhaus Waldschulallee e.V.", "source": "OpenStreetMap/Overpass"}}, {"type": "Feature", "geometry": {"type": "Point", "coordinates": [13.360264, 52.5407958]}, "properties": {"id": "osm:way:307285023", "type": "kindergarten", "name": "Kita Lynarstraße", "source": "OpenStreetMap/Overpass"}}, {"type": "Feature", "geometry": {"type": "Point", "coordinates": [13.3587325, 52.5403919]}, "properties": {"id": "osm:way:307285029", "type": "kindergarten", "name": "Kita Wirbelzwirbel", "source": "OpenStreetMap/Overpass"}}, {"type": "Feature", "geometry": {"type": "Point", "coordinates": [13.344886, 52.4699738]}, "properties": {"id": "osm:way:307357526", "type": "school", "name": "Friedenauer Gemeinschaftsschule (Grundstufe)", "source": "OpenStreetMap/Overpass"}}, {"type": "Feature", "geometry": {"type": "Point", "coordinates": [13.4109604, 52.4185758]}, "properties": {"id": "osm:way:308020734", "type": "school", "name": "Schule am Sandsteinweg (Hort)", "source": "OpenStreetMap/Overpass"}}, {"type": "Feature", "geometry": {"type": "Point", "coordinates": [13.5633498, 52.4929752]}, "properties": {"id": "osm:way:308588406", "type": "kindergarten", "name": "Kita „Indianerzwerge“", "source": "OpenStreetMap/Overpass"}}, {"type": "Feature", "geometry": {"type": "Point", "coordinates": [13.5708954, 52.4513027]}, "properties": {"id": "osm:way:310244392", "type": "kindergarten", "name": "Kita Findefuchs", "source": "OpenStreetMap/Overpass"}}, {"type": "Feature", "geometry": {"type": "Point", "coordinates": [13.3844494, 52.4886997]}, "properties": {"id": "osm:way:310895754", "type": "kindergarten", "name": "Kita Methfesselstraße 14", "source": "OpenStreetMap/Overpass"}}, {"type": "Feature", "geometry": {"type": "Point", "coordinates": [13.3928243, 52.494025]}, "properties": {"id": "osm:way:310895755", "type": "kindergarten", "name": "Kita Lingulino", "source": "OpenStreetMap/Overpass"}}, {"type": "Feature", "geometry": {"type": "Point", "coordinates": [13.3891978, 52.4680498]}, "properties": {"id": "osm:way:311133887", "type": "kindergarten", "name": "Kita Ringbahnstraße", "source": "OpenStreetMap/Overpass"}}, {"type": "Feature", "geometry": {"type": "Point", "coordinates": [13.3913274, 52.4619104]}, "properties": {"id": "osm:way:311133904", "type": "kindergarten", "name": "Kita der Kath. Kirchengem. Herz Jesu", "source": "OpenStreetMap/Overpass"}}, {"type": "Feature", "geometry": {"type": "Point", "coordinates": [13.43809, 52.4479186]}, "properties": {"id": "osm:way:311675658", "type": "school", "name": "Fritz-Karsen-Schule", "source": "OpenStreetMap/Overpass"}}, {"type": "Feature", "geometry": {"type": "Point", "coordinates": [13.6207769, 52.375871]}, "properties": {"id": "osm:way:311931041", "type": "kindergarten", "name": "Evangelischer Kindergarten \"Jona´s Wal\"", "source": "OpenStreetMap/Overpass"}}, {"type": "Feature", "geometry": {"type": "Point", "coordinates": [13.6205011, 52.375709]}, "properties": {"id": "osm:way:311931534", "type": "kindergarten", "name": "Kita \"Villa Mosaik\"", "source": "OpenStreetMap/Overpass"}}, {"type": "Feature", "geometry": {"type": "Point", "coordinates": [13.3043143, 52.4700828]}, "properties": {"id": "osm:way:312413280", "type": "school", "name": "Gartenarbeitsschule Ilse Demme", "source": "OpenStreetMap/Overpass"}}, {"type": "Feature", "geometry": {"type": "Point", "coordinates": [13.4007328, 52.5337703]}, "properties": {"id": "osm:way:312532183", "type": "kindergarten", "name": "", "source": "OpenStreetMap/Overpass"}}, {"type": "Feature", "geometry": {"type": "Point", "coordinates": [13.4343178, 52.6041539]}, "properties": {"id": "osm:way:313491980", "type": "school", "name": "Jeanne-Barez Grundschule", "source": "OpenStreetMap/Overpass"}}, {"type": "Feature", "geometry": {"type": "Point", "coordinates": [13.38918, 52.61786]}, "properties": {"id": "osm:way:313491981", "type": "school", "name": "Platanen-Grundschule", "source": "OpenStreetMap/Overpass"}}, {"type": "Feature", "geometry": {"type": "Point", "coordinates": [13.5813674, 52.4561521]}, "properties": {"id": "osm:way:314044958", "type": "school", "name": "Hauptmann von Köpenick Grundschule", "source": "OpenStreetMap/Overpass"}}, {"type": "Feature", "geometry": {"type": "Point", "coordinates": [13.2026888, 52.5177785]}, "properties": {"id": "osm:way:316666093", "type": "kindergarten", "name": "Kita Hoppetosse", "source": "OpenStreetMap/Overpass"}}, {"type": "Feature", "geometry": {"type": "Point", "coordinates": [13.4585848, 52.5186032]}, "properties": {"id": "osm:way:316990535", "type": "school", "name": "Justus-von-Liebig-Grundschule", "source": "OpenStreetMap/Overpass"}}, {"type": "Feature", "geometry": {"type": "Point", "coordinates": [13.4567426, 52.5185518]}, "properties": {"id": "osm:way:316990536", "type": "kindergarten", "name": "Kita Tausendfüßchen", "source": "OpenStreetMap/Overpass"}}, {"type": "Feature", "geometry": {"type": "Point", "coordinates": [13.4564564, 52.5190912]}, "properties": {"id": "osm:way:316990537", "type": "kindergarten", "name": "Kita Weidenkätzchen", "source": "OpenStreetMap/Overpass"}}, {"type": "Feature", "geometry": {"type": "Point", "coordinates": [13.6270475, 52.4507026]}, "properties": {"id": "osm:way:317327043", "type": "school", "name": "Müggelsee-Schule", "source": "OpenStreetMap/Overpass"}}, {"type": "Feature", "geometry": {"type": "Point", "coordinates": [13.4331383, 52.4753584]}, "properties": {"id": "osm:way:317350590", "type": "school", "name": "Regenbogen-Schule", "source": "OpenStreetMap/Overpass"}}, {"type": "Feature", "geometry": {"type": "Point", "coordinates": [13.4320455, 52.475538]}, "properties": {"id": "osm:way:317350598", "type": "school", "name": "Zuckmayer-Schule", "source": "OpenStreetMap/Overpass"}}, {"type": "Feature", "geometry": {"type": "Point", "coordinates": [13.3675896, 52.5359606]}, "properties": {"id": "osm:way:317776310", "type": "kindergarten", "name": "Kita Wasserflöhe", "source": "OpenStreetMap/Overpass"}}, {"type": "Feature", "geometry": {"type": "Point", "coordinates": [13.424857, 52.465285]}, "properties": {"id": "osm:way:318095357", "type": "kindergarten", "name": "Kita Silbersteinstraße", "source": "OpenStreetMap/Overpass"}}, {"type": "Feature", "geometry": {"type": "Point", "coordinates": [13.4241882, 52.5571732]}, "properties": {"id": "osm:way:318144929", "type": "kindergarten", "name": "Kita Schneckenhaus", "source": "OpenStreetMap/Overpass"}}, {"type": "Feature", "geometry": {"type": "Point", "coordinates": [13.4029999, 52.5681159]}, "properties": {"id": "osm:way:318144932", "type": "school", "name": "Reinhold-Burger-Schule", "source": "OpenStreetMap/Overpass"}}, {"type": "Feature", "geometry": {"type": "Point", "coordinates": [13.4143988, 52.546615]}, "properties": {"id": "osm:way:318291715", "type": "school", "name": "Thomas-Mann-Grundschule", "source": "OpenStreetMap/Overpass"}}, {"type": "Feature", "geometry": {"type": "Point", "coordinates": [13.446904, 52.4900379]}, "properties": {"id": "osm:way:318431571", "type": "kindergarten", "name": "Kita Offensive Krümel", "source": "OpenStreetMap/Overpass"}}, {"type": "Feature", "geometry": {"type": "Point", "coordinates": [13.3769704, 52.4816454]}, "properties": {"id": "osm:way:318665497", "type": "kindergarten", "name": "Kita II der Evangelischen Paulus-Kirchengemeinde Tempelhof", "source": "OpenStreetMap/Overpass"}}, {"type": "Feature", "geometry": {"type": "Point", "coordinates": [13.0968774, 52.5619786]}, "properties": {"id": "osm:way:318708458", "type": "kindergarten", "name": "Arche Haus \"Bäumchen\"", "source": "OpenStreetMap/Overpass"}}, {"type": "Feature", "geometry": {"type": "Point", "coordinates": [13.481832, 52.477033]}, "properties": {"id": "osm:way:319550219", "type": "kindergarten", "name": "Kita Hummelflug", "source": "OpenStreetMap/Overpass"}}, {"type": "Feature", "geometry": {"type": "Point", "coordinates": [13.5229533, 52.3994711]}, "properties": {"id": "osm:way:320036632", "type": "kindergarten", "name": "Zum Spatzenhaus", "source": "OpenStreetMap/Overpass"}}, {"type": "Feature", "geometry": {"type": "Point", "coordinates": [13.3971604, 52.5277597]}, "properties": {"id": "osm:way:321046049", "type": "school", "name": "Grundschule am Koppenplatz (Standort Koppenplatz)", "source": "OpenStreetMap/Overpass"}}, {"type": "Feature", "geometry": {"type": "Point", "coordinates": [13.3484948, 52.5471938]}, "properties": {"id": "osm:way:321046054", "type": "school", "name": "Ernst-Schering-Oberschule", "source": "OpenStreetMap/Overpass"}}, {"type": "Feature", "geometry": {"type": "Point", "coordinates": [13.3917427, 52.5308653]}, "properties": {"id": "osm:way:321046059", "type": "school", "name": "Hemingway-Schule", "source": "OpenStreetMap/Overpass"}}, {"type": "Feature", "geometry": {"type": "Point", "coordinates": [13.401371, 52.540684]}, "properties": {"id": "osm:way:321052453", "type": "school", "name": "Freie Schule am Mauerpark", "source": "OpenStreetMap/Overpass"}}, {"type": "Feature", "geometry": {"type": "Point", "coordinates": [13.3961258, 52.5362174]}, "properties": {"id": "osm:way:321192976", "type": "school", "name": "Musikgymnasium Carl Philipp Emanuel Bach", "source": "OpenStreetMap/Overpass"}}, {"type": "Feature", "geometry": {"type": "Point", "coordinates": [13.3800479, 52.5028549]}, "properties": {"id": "osm:way:321211413", "type": "school", "name": "Fanny-Hensel-Grundschule", "source": "OpenStreetMap/Overpass"}}, {"type": "Feature", "geometry": {"type": "Point", "coordinates": [13.39284, 52.5017208]}, "properties": {"id": "osm:way:321211422", "type": "school", "name": "", "source": "OpenStreetMap/Overpass"}}, {"type": "Feature", "geometry": {"type": "Point", "coordinates": [13.3883234, 52.5048835]}, "properties": {"id": "osm:way:321211424", "type": "school", "name": "Kurt-Schumacher-Grundschule", "source": "OpenStreetMap/Overpass"}}, {"type": "Feature", "geometry": {"type": "Point", "coordinates": [13.4021099, 52.4993183]}, "properties": {"id": "osm:way:321318285", "type": "school", "name": "Hans-Böckler-Schule", "source": "OpenStreetMap/Overpass"}}, {"type": "Feature", "geometry": {"type": "Point", "coordinates": [13.4286394, 52.5003612]}, "properties": {"id": "osm:way:321318286", "type": "school", "name": "Heinrich-Zille-Grundschule", "source": "OpenStreetMap/Overpass"}}, {"type": "Feature", "geometry": {"type": "Point", "coordinates": [13.4020893, 52.5002099]}, "properties": {"id": "osm:way:321318287", "type": "school", "name": "Otto-Wels-Grundschule", "source": "OpenStreetMap/Overpass"}}, {"type": "Feature", "geometry": {"type": "Point", "coordinates": [13.3995217, 52.4912237]}, "properties": {"id": "osm:way:321318288", "type": "school", "name": "Reinhardswald-Grundschule", "source": "OpenStreetMap/Overpass"}}, {"type": "Feature", "geometry": {"type": "Point", "coordinates": [13.3831474, 52.4979422]}, "properties": {"id": "osm:way:321388391", "type": "school", "name": "Hector-Peterson-Schule", "source": "OpenStreetMap/Overpass"}}, {"type": "Feature", "geometry": {"type": "Point", "coordinates": [13.3889008, 52.4911756]}, "properties": {"id": "osm:way:321388392", "type": "school", "name": "Bergmannkiez-Gemeinschaftsschule (Sekundarstufe)", "source": "OpenStreetMap/Overpass"}}, {"type": "Feature", "geometry": {"type": "Point", "coordinates": [13.4167359, 52.4966055]}, "properties": {"id": "osm:way:321520176", "type": "school", "name": "Gustav-Meyer-Schule", "source": "OpenStreetMap/Overpass"}}, {"type": "Feature", "geometry": {"type": "Point", "coordinates": [13.4439641, 52.513251]}, "properties": {"id": "osm:way:321520177", "type": "school", "name": "Netzwerk-Schule", "source": "OpenStreetMap/Overpass"}}, {"type": "Feature", "geometry": {"type": "Point", "coordinates": [13.4337766, 52.5143122]}, "properties": {"id": "osm:way:321549677", "type": "school", "name": "Andreas-Gymnasium", "source": "OpenStreetMap/Overpass"}}, {"type": "Feature", "geometry": {"type": "Point", "coordinates": [13.494924, 52.5188318]}, "properties": {"id": "osm:way:322815597", "type": "kindergarten", "name": "Kindertagesstätte Villa Milla", "source": "OpenStreetMap/Overpass"}}, {"type": "Feature", "geometry": {"type": "Point", "coordinates": [13.488764, 52.6413761]}, "properties": {"id": "osm:way:323221864", "type": "school", "name": "Montessori Gemeinschaftsschule Berlin Buch", "source": "OpenStreetMap/Overpass"}}, {"type": "Feature", "geometry": {"type": "Point", "coordinates": [13.3546939, 52.5285345]}, "properties": {"id": "osm:way:323562902", "type": "kindergarten", "name": "Kita Rathenower Straße 15", "source": "OpenStreetMap/Overpass"}}, {"type": "Feature", "geometry": {"type": "Point", "coordinates": [13.6636372, 52.4106003]}, "properties": {"id": "osm:way:325347084", "type": "kindergarten", "name": "Kita Alt-Müggelheim", "source": "OpenStreetMap/Overpass"}}, {"type": "Feature", "geometry": {"type": "Point", "coordinates": [13.4129346, 52.3582021]}, "properties": {"id": "osm:way:325402063", "type": "kindergarten", "name": "Evangelische Kita Mahlow", "source": "OpenStreetMap/Overpass"}}, {"type": "Feature", "geometry": {"type": "Point", "coordinates": [13.4003981, 52.365864]}, "properties": {"id": "osm:way:325434458", "type": "kindergarten", "name": "Evangelische Kindertagesstätte Mahlow", "source": "OpenStreetMap/Overpass"}}, {"type": "Feature", "geometry": {"type": "Point", "coordinates": [13.3293883, 52.5262699]}, "properties": {"id": "osm:way:326649606", "type": "kindergarten", "name": "Mullewapp", "source": "OpenStreetMap/Overpass"}}, {"type": "Feature", "geometry": {"type": "Point", "coordinates": [13.3946668, 52.3812439]}, "properties": {"id": "osm:way:326812394", "type": "kindergarten", "name": "EKT - Eltern-Kinder-Spielkreis Lortzingstraße e.V.", "source": "OpenStreetMap/Overpass"}}, {"type": "Feature", "geometry": {"type": "Point", "coordinates": [13.4296385, 52.6011309]}, "properties": {"id": "osm:way:328776741", "type": "childcare", "name": "", "source": "OpenStreetMap/Overpass"}}, {"type": "Feature", "geometry": {"type": "Point", "coordinates": [13.4194422, 52.6082179]}, "properties": {"id": "osm:way:328826057", "type": "kindergarten", "name": "Kindergarten La Cigale", "source": "OpenStreetMap/Overpass"}}, {"type": "Feature", "geometry": {"type": "Point", "coordinates": [13.2725691, 52.4565073]}, "properties": {"id": "osm:way:329862815", "type": "kindergarten", "name": "Kita Flanaganstraße", "source": "OpenStreetMap/Overpass"}}, {"type": "Feature", "geometry": {"type": "Point", "coordinates": [13.7315023, 52.4701809]}, "properties": {"id": "osm:way:330572294", "type": "kindergarten", "name": "Integrationskindertagesstätte Pusteblume", "source": "OpenStreetMap/Overpass"}}, {"type": "Feature", "geometry": {"type": "Point", "coordinates": [13.3947439, 52.579313]}, "properties": {"id": "osm:way:331813666", "type": "school", "name": "Grundschule an den Buchen", "source": "OpenStreetMap/Overpass"}}, {"type": "Feature", "geometry": {"type": "Point", "coordinates": [13.4012413, 52.5779462]}, "properties": {"id": "osm:way:331866637", "type": "kindergarten", "name": "Kita am Schlosspark", "source": "OpenStreetMap/Overpass"}}, {"type": "Feature", "geometry": {"type": "Point", "coordinates": [13.400468, 52.576843]}, "properties": {"id": "osm:way:331866638", "type": "kindergarten", "name": "Kita der Katholischen Kirchengemeinde Sankt Maria Magdalena", "source": "OpenStreetMap/Overpass"}}, {"type": "Feature", "geometry": {"type": "Point", "coordinates": [13.4045435, 52.5743816]}, "properties": {"id": "osm:way:331869578", "type": "kindergarten", "name": "Waldorf-Kindergarten Pankow", "source": "OpenStreetMap/Overpass"}}, {"type": "Feature", "geometry": {"type": "Point", "coordinates": [13.4690398, 52.4860257]}, "properties": {"id": "osm:way:332238135", "type": "kindergarten", "name": "Kita am Karpfenteich", "source": "OpenStreetMap/Overpass"}}, {"type": "Feature", "geometry": {"type": "Point", "coordinates": [13.4786364, 52.4980295]}, "properties": {"id": "osm:way:333676038", "type": "kindergarten", "name": "Kita Hoppetosse", "source": "OpenStreetMap/Overpass"}}, {"type": "Feature", "geometry": {"type": "Point", "coordinates": [13.4178717, 52.4621331]}, "properties": {"id": "osm:way:334088187", "type": "kindergarten", "name": "Kita Schwanheimer Straße", "source": "OpenStreetMap/Overpass"}}, {"type": "Feature", "geometry": {"type": "Point", "coordinates": [13.430712, 52.4653896]}, "properties": {"id": "osm:way:334109358", "type": "kindergarten", "name": "Kita Mariendorfer Weg", "source": "OpenStreetMap/Overpass"}}, {"type": "Feature", "geometry": {"type": "Point", "coordinates": [13.4302073, 52.4639327]}, "properties": {"id": "osm:way:334117806", "type": "school", "name": "Hermann-Sander-Grundschule", "source": "OpenStreetMap/Overpass"}}, {"type": "Feature", "geometry": {"type": "Point", "coordinates": [13.2847871, 52.5374673]}, "properties": {"id": "osm:way:334355481", "type": "kindergarten", "name": "Kindertagesstätte Regenbogenland", "source": "OpenStreetMap/Overpass"}}, {"type": "Feature", "geometry": {"type": "Point", "coordinates": [13.2980785, 52.5391614]}, "properties": {"id": "osm:way:334355482", "type": "kindergarten", "name": "Kita Bernhard-Lichtenberg-Straße 20", "source": "OpenStreetMap/Overpass"}}, {"type": "Feature", "geometry": {"type": "Point", "coordinates": [13.4659779, 52.4715812]}, "properties": {"id": "osm:way:334439207", "type": "kindergarten", "name": "Kita Debora", "source": "OpenStreetMap/Overpass"}}, {"type": "Feature", "geometry": {"type": "Point", "coordinates": [13.5065725, 52.4065218]}, "properties": {"id": "osm:way:334851510", "type": "kindergarten", "name": "Kita Knollstraße", "source": "OpenStreetMap/Overpass"}}, {"type": "Feature", "geometry": {"type": "Point", "coordinates": [13.4335546, 52.4628359]}, "properties": {"id": "osm:way:335683919", "type": "kindergarten", "name": "Kita Focus Familie", "source": "OpenStreetMap/Overpass"}}, {"type": "Feature", "geometry": {"type": "Point", "coordinates": [13.2963012, 52.5925592]}, "properties": {"id": "osm:way:335967833", "type": "school", "name": "Gabriele-von-Bülow-Gymnasium", "source": "OpenStreetMap/Overpass"}}, {"type": "Feature", "geometry": {"type": "Point", "coordinates": [13.4336603, 52.5217631]}, "properties": {"id": "osm:way:336154165", "type": "kindergarten", "name": "Kita Die Kleinen Entdecker", "source": "OpenStreetMap/Overpass"}}, {"type": "Feature", "geometry": {"type": "Point", "coordinates": [13.4305644, 52.5201618]}, "properties": {"id": "osm:way:336154166", "type": "kindergarten", "name": "Kita Fröbelspatzen", "source": "OpenStreetMap/Overpass"}}, {"type": "Feature", "geometry": {"type": "Point", "coordinates": [13.4307677, 52.5192803]}, "properties": {"id": "osm:way:336154167", "type": "kindergarten", "name": "Kita Menschenskinder", "source": "OpenStreetMap/Overpass"}}, {"type": "Feature", "geometry": {"type": "Point", "coordinates": [13.4325435, 52.5196758]}, "properties": {"id": "osm:way:336154168", "type": "kindergarten", "name": "Kita Paliluga", "source": "OpenStreetMap/Overpass"}}, {"type": "Feature", "geometry": {"type": "Point", "coordinates": [13.4828684, 52.5223013]}, "properties": {"id": "osm:way:336565339", "type": "school", "name": "Grundschule im Gutspark", "source": "OpenStreetMap/Overpass"}}, {"type": "Feature", "geometry": {"type": "Point", "coordinates": [13.3619267, 52.480259]}, "properties": {"id": "osm:way:337366528", "type": "kindergarten", "name": "Kita Sonneninsel", "source": "OpenStreetMap/Overpass"}}, {"type": "Feature", "geometry": {"type": "Point", "coordinates": [13.444432, 52.534808]}, "properties": {"id": "osm:way:337611524", "type": "kindergarten", "name": "Kita Bambini Oase", "source": "OpenStreetMap/Overpass"}}, {"type": "Feature", "geometry": {"type": "Point", "coordinates": [13.3635382, 52.4928975]}, "properties": {"id": "osm:way:337806374", "type": "school", "name": "Neumark-Grundschule", "source": "OpenStreetMap/Overpass"}}, {"type": "Feature", "geometry": {"type": "Point", "coordinates": [13.356179, 52.4953772]}, "properties": {"id": "osm:way:337806376", "type": "school", "name": "Spreewald-Grundschule", "source": "OpenStreetMap/Overpass"}}, {"type": "Feature", "geometry": {"type": "Point", "coordinates": [13.4268306, 52.4920388]}, "properties": {"id": "osm:way:338489570", "type": "kindergarten", "name": "Kita Sternengarten", "source": "OpenStreetMap/Overpass"}}, {"type": "Feature", "geometry": {"type": "Point", "coordinates": [13.4492167, 52.5210259]}, "properties": {"id": "osm:way:338616027", "type": "school", "name": "Evangelische Schule Berlin-Friedrichshain", "source": "OpenStreetMap/Overpass"}}, {"type": "Feature", "geometry": {"type": "Point", "coordinates": [13.4724536, 52.4660863]}, "properties": {"id": "osm:way:338804910", "type": "kindergarten", "name": "Kita Tabea", "source": "OpenStreetMap/Overpass"}}, {"type": "Feature", "geometry": {"type": "Point", "coordinates": [13.4697772, 52.4687307]}, "properties": {"id": "osm:way:338805749", "type": "kindergarten", "name": "", "source": "OpenStreetMap/Overpass"}}, {"type": "Feature", "geometry": {"type": "Point", "coordinates": [13.3835501, 52.5010219]}, "properties": {"id": "osm:way:339482809", "type": "kindergarten", "name": "Die Bunte Wille", "source": "OpenStreetMap/Overpass"}}, {"type": "Feature", "geometry": {"type": "Point", "coordinates": [13.3850542, 52.5008691]}, "properties": {"id": "osm:way:339482810", "type": "school", "name": "Clara-Grunwald-Grundschule", "source": "OpenStreetMap/Overpass"}}, {"type": "Feature", "geometry": {"type": "Point", "coordinates": [13.5815681, 52.4173974]}, "properties": {"id": "osm:way:339833818", "type": "kindergarten", "name": "Kita Wasserschlösschen", "source": "OpenStreetMap/Overpass"}}, {"type": "Feature", "geometry": {"type": "Point", "coordinates": [13.4249955, 52.5251826]}, "properties": {"id": "osm:way:340606521", "type": "school", "name": "Berlin Bilingual School", "source": "OpenStreetMap/Overpass"}}, {"type": "Feature", "geometry": {"type": "Point", "coordinates": [13.4261424, 52.5255947]}, "properties": {"id": "osm:way:340606539", "type": "school", "name": "Schule am Königstor", "source": "OpenStreetMap/Overpass"}}, {"type": "Feature", "geometry": {"type": "Point", "coordinates": [13.3254288, 52.4538997]}, "properties": {"id": "osm:way:341385405", "type": "kindergarten", "name": "Kita Mittelstraße", "source": "OpenStreetMap/Overpass"}}, {"type": "Feature", "geometry": {"type": "Point", "coordinates": [13.2798891, 52.4020767]}, "properties": {"id": "osm:way:341648782", "type": "school", "name": "Evangelische Ursula-Wölfel-Grundschule", "source": "OpenStreetMap/Overpass"}}, {"type": "Feature", "geometry": {"type": "Point", "coordinates": [13.1744308, 52.546362]}, "properties": {"id": "osm:way:342336941", "type": "school", "name": "B.-Traven-Gemein­schafts­schule", "source": "OpenStreetMap/Overpass"}}, {"type": "Feature", "geometry": {"type": "Point", "coordinates": [13.1766669, 52.5515644]}, "properties": {"id": "osm:way:342339379", "type": "school", "name": "Siegerland-Grundschule", "source": "OpenStreetMap/Overpass"}}, {"type": "Feature", "geometry": {"type": "Point", "coordinates": [13.1764049, 52.5507458]}, "properties": {"id": "osm:way:342368254", "type": "kindergarten", "name": "Kita Fantasia", "source": "OpenStreetMap/Overpass"}}, {"type": "Feature", "geometry": {"type": "Point", "coordinates": [13.1783972, 52.5463857]}, "properties": {"id": "osm:way:342384926", "type": "kindergarten", "name": "Ev. Kindertagesstätte im Falkenhagener Feld", "source": "OpenStreetMap/Overpass"}}, {"type": "Feature", "geometry": {"type": "Point", "coordinates": [13.1758891, 52.5487574]}, "properties": {"id": "osm:way:342384928", "type": "kindergarten", "name": "Kita Remscheider Straße", "source": "OpenStreetMap/Overpass"}}, {"type": "Feature", "geometry": {"type": "Point", "coordinates": [13.4116488, 52.4908755]}, "properties": {"id": "osm:way:342995947", "type": "kindergarten", "name": "Kita Fontanepromenade", "source": "OpenStreetMap/Overpass"}}, {"type": "Feature", "geometry": {"type": "Point", "coordinates": [13.588733, 52.4440405]}, "properties": {"id": "osm:way:343382601", "type": "school", "name": "Amtsfeld-Schule (Grundschule)", "source": "OpenStreetMap/Overpass"}}, {"type": "Feature", "geometry": {"type": "Point", "coordinates": [13.5666336, 52.440451]}, "properties": {"id": "osm:way:350350617", "type": "school", "name": "Oberschule an der Dahme", "source": "OpenStreetMap/Overpass"}}, {"type": "Feature", "geometry": {"type": "Point", "coordinates": [13.5640221, 52.4438003]}, "properties": {"id": "osm:way:350572107", "type": "kindergarten", "name": "Kita Die kleinen Füchse", "source": "OpenStreetMap/Overpass"}}, {"type": "Feature", "geometry": {"type": "Point", "coordinates": [13.5659878, 52.4438341]}, "properties": {"id": "osm:way:350598457", "type": "kindergarten", "name": "Evangelische Kindertagesstätte der Sankt-Laurentius-Kirchengemeinde Köpenick", "source": "OpenStreetMap/Overpass"}}, {"type": "Feature", "geometry": {"type": "Point", "coordinates": [13.0953043, 52.5574671]}, "properties": {"id": "osm:way:350643215", "type": "kindergarten", "name": "Kita Leipziger Allerlei", "source": "OpenStreetMap/Overpass"}}, {"type": "Feature", "geometry": {"type": "Point", "coordinates": [13.4607811, 52.4468447]}, "properties": {"id": "osm:way:350661184", "type": "kindergarten", "name": "Kindergarten Parchimer Allee", "source": "OpenStreetMap/Overpass"}}, {"type": "Feature", "geometry": {"type": "Point", "coordinates": [13.4681348, 52.4401988]}, "properties": {"id": "osm:way:350940652", "type": "kindergarten", "name": "Kita Ortolanweg", "source": "OpenStreetMap/Overpass"}}, {"type": "Feature", "geometry": {"type": "Point", "coordinates": [13.4391428, 52.4548167]}, "properties": {"id": "osm:way:350949265", "type": "school", "name": "Herman-Nohl-Schule", "source": "OpenStreetMap/Overpass"}}, {"type": "Feature", "geometry": {"type": "Point", "coordinates": [13.4348492, 52.4482207]}, "properties": {"id": "osm:way:350966195", "type": "school", "name": "Alfred-Nobel-Schule", "source": "OpenStreetMap/Overpass"}}, {"type": "Feature", "geometry": {"type": "Point", "coordinates": [13.6163584, 52.5091655]}, "properties": {"id": "osm:way:351398128", "type": "kindergarten", "name": "Kita Rosengarten", "source": "OpenStreetMap/Overpass"}}, {"type": "Feature", "geometry": {"type": "Point", "coordinates": [13.6214761, 52.4491012]}, "properties": {"id": "osm:way:353619674", "type": "kindergarten", "name": "Kinderhaus Emrichstraße", "source": "OpenStreetMap/Overpass"}}, {"type": "Feature", "geometry": {"type": "Point", "coordinates": [13.6208851, 52.4486757]}, "properties": {"id": "osm:way:353619680", "type": "kindergarten", "name": "Evangelische Kita Friedrichshagen", "source": "OpenStreetMap/Overpass"}}, {"type": "Feature", "geometry": {"type": "Point", "coordinates": [13.6203047, 52.4539426]}, "properties": {"id": "osm:way:353701652", "type": "school", "name": "Hort der Friedrichshagener Grundschule", "source": "OpenStreetMap/Overpass"}}, {"type": "Feature", "geometry": {"type": "Point", "coordinates": [13.6204279, 52.4546031]}, "properties": {"id": "osm:way:353701654", "type": "kindergarten", "name": "Kita Müggelzwerge", "source": "OpenStreetMap/Overpass"}}, {"type": "Feature", "geometry": {"type": "Point", "coordinates": [13.6194698, 52.4533951]}, "properties": {"id": "osm:way:353701656", "type": "kindergarten", "name": "Kita Traumzauberland", "source": "OpenStreetMap/Overpass"}}, {"type": "Feature", "geometry": {"type": "Point", "coordinates": [13.6202584, 52.4533417]}, "properties": {"id": "osm:way:353701658", "type": "kindergarten", "name": "Kita Zwergenland", "source": "OpenStreetMap/Overpass"}}, {"type": "Feature", "geometry": {"type": "Point", "coordinates": [13.1978658, 52.6360325]}, "properties": {"id": "osm:way:353892913", "type": "school", "name": "Fontane-Grundschule", "source": "OpenStreetMap/Overpass"}}, {"type": "Feature", "geometry": {"type": "Point", "coordinates": [13.5765143, 52.4238824]}, "properties": {"id": "osm:way:353948096", "type": "kindergarten", "name": "Kita Admiralfalter", "source": "OpenStreetMap/Overpass"}}, {"type": "Feature", "geometry": {"type": "Point", "coordinates": [13.5287161, 52.4446834]}, "properties": {"id": "osm:way:354093830", "type": "school", "name": "Mosaik Grundschule", "source": "OpenStreetMap/Overpass"}}, {"type": "Feature", "geometry": {"type": "Point", "coordinates": [13.480619, 52.4795881]}, "properties": {"id": "osm:way:354129768", "type": "kindergarten", "name": "Kita Raumschiff Orion", "source": "OpenStreetMap/Overpass"}}, {"type": "Feature", "geometry": {"type": "Point", "coordinates": [13.5202039, 52.451816]}, "properties": {"id": "osm:way:354173030", "type": "kindergarten", "name": "Kita Spreeknirpse", "source": "OpenStreetMap/Overpass"}}, {"type": "Feature", "geometry": {"type": "Point", "coordinates": [13.540778, 52.4580344]}, "properties": {"id": "osm:way:354197705", "type": "kindergarten", "name": "Kita An der Wuhlheide - Ostendstraße", "source": "OpenStreetMap/Overpass"}}, {"type": "Feature", "geometry": {"type": "Point", "coordinates": [13.5416047, 52.4571839]}, "properties": {"id": "osm:way:354197706", "type": "kindergarten", "name": "Kita der Caritas Heilige Maria Magdalena", "source": "OpenStreetMap/Overpass"}}, {"type": "Feature", "geometry": {"type": "Point", "coordinates": [13.4105099, 52.5687806]}, "properties": {"id": "osm:way:354862925", "type": "kindergarten", "name": "Lara Kita", "source": "OpenStreetMap/Overpass"}}, {"type": "Feature", "geometry": {"type": "Point", "coordinates": [13.5049936, 52.4987962]}, "properties": {"id": "osm:way:356841097", "type": "kindergarten", "name": "Kindergarten Pinocchio", "source": "OpenStreetMap/Overpass"}}, {"type": "Feature", "geometry": {"type": "Point", "coordinates": [13.459534, 52.5066293]}, "properties": {"id": "osm:way:356841100", "type": "kindergarten", "name": "Evangelische Kita Sonnenblume", "source": "OpenStreetMap/Overpass"}}, {"type": "Feature", "geometry": {"type": "Point", "coordinates": [13.3609207, 52.4870869]}, "properties": {"id": "osm:way:358326452", "type": "kindergarten", "name": "Crellekita", "source": "OpenStreetMap/Overpass"}}, {"type": "Feature", "geometry": {"type": "Point", "coordinates": [13.5601784, 52.5579341]}, "properties": {"id": "osm:way:358713899", "type": "school", "name": "Gretel-Bergmann-Gemeinschaftsschule", "source": "OpenStreetMap/Overpass"}}, {"type": "Feature", "geometry": {"type": "Point", "coordinates": [13.3198384, 52.5104797]}, "properties": {"id": "osm:way:359146089", "type": "school", "name": "OSZ Ästhetik und Technik", "source": "OpenStreetMap/Overpass"}}, {"type": "Feature", "geometry": {"type": "Point", "coordinates": [13.3890185, 52.5314153]}, "properties": {"id": "osm:way:359960646", "type": "kindergarten", "name": "BCS Kindergarten", "source": "OpenStreetMap/Overpass"}}, {"type": "Feature", "geometry": {"type": "Point", "coordinates": [13.4613202, 52.5477891]}, "properties": {"id": "osm:way:360106702", "type": "school", "name": "Picasso Grundschule", "source": "OpenStreetMap/Overpass"}}, {"type": "Feature", "geometry": {"type": "Point", "coordinates": [13.3067421, 52.4392525]}, "properties": {"id": "osm:way:361839529", "type": "school", "name": "Berthold-Otto-Schule", "source": "OpenStreetMap/Overpass"}}, {"type": "Feature", "geometry": {"type": "Point", "coordinates": [13.3096912, 52.4379407]}, "properties": {"id": "osm:way:361891078", "type": "school", "name": "Käthe-Kruse-Grundschule", "source": "OpenStreetMap/Overpass"}}, {"type": "Feature", "geometry": {"type": "Point", "coordinates": [13.4219205, 52.547585]}, "properties": {"id": "osm:way:362324520", "type": "kindergarten", "name": "Berlin Kids international Kita", "source": "OpenStreetMap/Overpass"}}, {"type": "Feature", "geometry": {"type": "Point", "coordinates": [13.4205943, 52.5492867]}, "properties": {"id": "osm:way:362324521", "type": "kindergarten", "name": "Humanistische Kindertagesstätte Prenzlzwerge", "source": "OpenStreetMap/Overpass"}}, {"type": "Feature", "geometry": {"type": "Point", "coordinates": [13.419764, 52.5495952]}, "properties": {"id": "osm:way:362324522", "type": "kindergarten", "name": "Kindergarten Wirbelwind", "source": "OpenStreetMap/Overpass"}}, {"type": "Feature", "geometry": {"type": "Point", "coordinates": [13.4113479, 52.3919852]}, "properties": {"id": "osm:way:363376947", "type": "kindergarten", "name": "KiTa Alt-Lichtenrade", "source": "OpenStreetMap/Overpass"}}, {"type": "Feature", "geometry": {"type": "Point", "coordinates": [13.6339396, 52.4205503]}, "properties": {"id": "osm:way:363401187", "type": "school", "name": "Lehrkabinett und Waldschule Teufelssee", "source": "OpenStreetMap/Overpass"}}, {"type": "Feature", "geometry": {"type": "Point", "coordinates": [13.5412536, 52.451635]}, "properties": {"id": "osm:way:363451956", "type": "kindergarten", "name": "Dreikäsehoch", "source": "OpenStreetMap/Overpass"}}, {"type": "Feature", "geometry": {"type": "Point", "coordinates": [13.5418035, 52.4515757]}, "properties": {"id": "osm:way:363451957", "type": "kindergarten", "name": "Kindergarten der Freien Waldorfschule Berlin-Südost", "source": "OpenStreetMap/Overpass"}}, {"type": "Feature", "geometry": {"type": "Point", "coordinates": [13.3519375, 52.5971191]}, "properties": {"id": "osm:way:363763446", "type": "kindergarten", "name": "Kita Sankt Martin", "source": "OpenStreetMap/Overpass"}}, {"type": "Feature", "geometry": {"type": "Point", "coordinates": [13.3476086, 52.5987355]}, "properties": {"id": "osm:way:363800538", "type": "kindergarten", "name": "Penthaus Kita", "source": "OpenStreetMap/Overpass"}}, {"type": "Feature", "geometry": {"type": "Point", "coordinates": [13.5157338, 52.5080069]}, "properties": {"id": "osm:way:364427185", "type": "school", "name": "Alexander-Puschkin-Schule", "source": "OpenStreetMap/Overpass"}}, {"type": "Feature", "geometry": {"type": "Point", "coordinates": [13.515862, 52.50859]}, "properties": {"id": "osm:way:364427186", "type": "kindergarten", "name": "KiTa Purzelbaum", "source": "OpenStreetMap/Overpass"}}, {"type": "Feature", "geometry": {"type": "Point", "coordinates": [13.4375732, 52.4837681]}, "properties": {"id": "osm:way:364588554", "type": "school", "name": "Ernst-Abbe-Gymnasium", "source": "OpenStreetMap/Overpass"}}, {"type": "Feature", "geometry": {"type": "Point", "coordinates": [13.4363618, 52.4845982]}, "properties": {"id": "osm:way:364588555", "type": "kindergarten", "name": "Kindertagesstätte Martin-Luther-Kirche", "source": "OpenStreetMap/Overpass"}}, {"type": "Feature", "geometry": {"type": "Point", "coordinates": [13.4478084, 52.4866758]}, "properties": {"id": "osm:way:364590495", "type": "kindergarten", "name": "Kita Wildenbruchstraße", "source": "OpenStreetMap/Overpass"}}, {"type": "Feature", "geometry": {"type": "Point", "coordinates": [13.4745024, 52.429502]}, "properties": {"id": "osm:way:364729877", "type": "school", "name": "Lise-Meitner-Schule", "source": "OpenStreetMap/Overpass"}}, {"type": "Feature", "geometry": {"type": "Point", "coordinates": [13.5066701, 52.4957418]}, "properties": {"id": "osm:way:365890539", "type": "kindergarten", "name": "Kindergarten Eene Meene Mopel", "source": "OpenStreetMap/Overpass"}}, {"type": "Feature", "geometry": {"type": "Point", "coordinates": [13.3538072, 52.600662]}, "properties": {"id": "osm:way:366146631", "type": "kindergarten", "name": "Kita Senftenberger Ring", "source": "OpenStreetMap/Overpass"}}, {"type": "Feature", "geometry": {"type": "Point", "coordinates": [13.1034386, 52.4661671]}, "properties": {"id": "osm:way:366314829", "type": "school", "name": "Grundschule Hanna von Pestalozza", "source": "OpenStreetMap/Overpass"}}, {"type": "Feature", "geometry": {"type": "Point", "coordinates": [13.0935874, 52.5753003]}, "properties": {"id": "osm:way:367167944", "type": "kindergarten", "name": "Kita Spatzenhaus", "source": "OpenStreetMap/Overpass"}}, {"type": "Feature", "geometry": {"type": "Point", "coordinates": [13.3648821, 52.4987349]}, "properties": {"id": "osm:way:367277635", "type": "school", "name": "Marie-Elisabeth-Lüders-Oberschule", "source": "OpenStreetMap/Overpass"}}, {"type": "Feature", "geometry": {"type": "Point", "coordinates": [13.3066868, 52.4932814]}, "properties": {"id": "osm:way:367478726", "type": "kindergarten", "name": "", "source": "OpenStreetMap/Overpass"}}, {"type": "Feature", "geometry": {"type": "Point", "coordinates": [13.5019108, 52.5177977]}, "properties": {"id": "osm:way:367890060", "type": "kindergarten", "name": "Kita Singemäuse", "source": "OpenStreetMap/Overpass"}}, {"type": "Feature", "geometry": {"type": "Point", "coordinates": [13.5007057, 52.5166705]}, "properties": {"id": "osm:way:367890061", "type": "kindergarten", "name": "KreativitätsKindertagesstätte MiniMax Rüdigerstraße", "source": "OpenStreetMap/Overpass"}}, {"type": "Feature", "geometry": {"type": "Point", "coordinates": [13.3602565, 52.5894732]}, "properties": {"id": "osm:way:367960527", "type": "kindergarten", "name": "Kita Pfiffikus", "source": "OpenStreetMap/Overpass"}}, {"type": "Feature", "geometry": {"type": "Point", "coordinates": [13.2827487, 52.6721749]}, "properties": {"id": "osm:way:368042834", "type": "school", "name": "Marie-Curie-Gymnasium", "source": "OpenStreetMap/Overpass"}}, {"type": "Feature", "geometry": {"type": "Point", "coordinates": [13.2855941, 52.5780621]}, "properties": {"id": "osm:way:368051225", "type": "school", "name": "Havelmüller Grundschule", "source": "OpenStreetMap/Overpass"}}, {"type": "Feature", "geometry": {"type": "Point", "coordinates": [13.3077849, 52.5145595]}, "properties": {"id": "osm:way:368605739", "type": "school", "name": "Arno-Fuchs-Schule", "source": "OpenStreetMap/Overpass"}}, {"type": "Feature", "geometry": {"type": "Point", "coordinates": [13.3076891, 52.5139159]}, "properties": {"id": "osm:way:368605740", "type": "kindergarten", "name": "Kita Richard-Wagner-Straße", "source": "OpenStreetMap/Overpass"}}, {"type": "Feature", "geometry": {"type": "Point", "coordinates": [13.2880488, 52.5181652]}, "properties": {"id": "osm:way:368629230", "type": "kindergarten", "name": "Kinderladen Grüne Erdferkel e.V.", "source": "OpenStreetMap/Overpass"}}, {"type": "Feature", "geometry": {"type": "Point", "coordinates": [13.3013471, 52.5387602]}, "properties": {"id": "osm:way:368681121", "type": "school", "name": "Helmuth-James-von-Moltke-Grundschule", "source": "OpenStreetMap/Overpass"}}, {"type": "Feature", "geometry": {"type": "Point", "coordinates": [13.3004586, 52.5383202]}, "properties": {"id": "osm:way:368681122", "type": "kindergarten", "name": "Hort der Helmuth-James-von-Moltke-Grundschule", "source": "OpenStreetMap/Overpass"}}, {"type": "Feature", "geometry": {"type": "Point", "coordinates": [13.0946066, 52.5829724]}, "properties": {"id": "osm:way:369306043", "type": "kindergarten", "name": "Hort Ruppiner Rasselbande", "source": "OpenStreetMap/Overpass"}}, {"type": "Feature", "geometry": {"type": "Point", "coordinates": [13.4212801, 52.5277623]}, "properties": {"id": "osm:way:369586594", "type": "kindergarten", "name": "Kita Prenzlauer Berg", "source": "OpenStreetMap/Overpass"}}, {"type": "Feature", "geometry": {"type": "Point", "coordinates": [13.090222, 52.3919576]}, "properties": {"id": "osm:way:370156022", "type": "school", "name": "Evangelische Grundschule Babelsberg", "source": "OpenStreetMap/Overpass"}}, {"type": "Feature", "geometry": {"type": "Point", "coordinates": [13.4090474, 52.4122816]}, "properties": {"id": "osm:way:370684896", "type": "school", "name": "Grundschule am Dielingsgrund / Sporthalle", "source": "OpenStreetMap/Overpass"}}, {"type": "Feature", "geometry": {"type": "Point", "coordinates": [13.3956706, 52.4220043]}, "properties": {"id": "osm:way:371371012", "type": "kindergarten", "name": "Kita der Ev. Kirchengem. Berlin Mariendorf-Süd", "source": "OpenStreetMap/Overpass"}}, {"type": "Feature", "geometry": {"type": "Point", "coordinates": [13.5227855, 52.4892855]}, "properties": {"id": "osm:way:371904260", "type": "kindergarten", "name": "Kita Zwergenland", "source": "OpenStreetMap/Overpass"}}, {"type": "Feature", "geometry": {"type": "Point", "coordinates": [13.471742, 52.5333078]}, "properties": {"id": "osm:way:371914973", "type": "kindergarten", "name": "BiK e. V. Kita \"Entdeckerland\"", "source": "OpenStreetMap/Overpass"}}, {"type": "Feature", "geometry": {"type": "Point", "coordinates": [13.4716383, 52.5342088]}, "properties": {"id": "osm:way:371914975", "type": "school", "name": "Nils-Holgersson-Schule", "source": "OpenStreetMap/Overpass"}}, {"type": "Feature", "geometry": {"type": "Point", "coordinates": [13.333697, 52.5259995]}, "properties": {"id": "osm:way:372338620", "type": "school", "name": "Rosalind-Franklin-Gymnasium", "source": "OpenStreetMap/Overpass"}}, {"type": "Feature", "geometry": {"type": "Point", "coordinates": [13.6063531, 52.4410294]}, "properties": {"id": "osm:way:372697929", "type": "kindergarten", "name": "BUDE-Kids", "source": "OpenStreetMap/Overpass"}}, {"type": "Feature", "geometry": {"type": "Point", "coordinates": [13.6183781, 52.5425148]}, "properties": {"id": "osm:way:372699563", "type": "kindergarten", "name": "Kita Kinderinsel", "source": "OpenStreetMap/Overpass"}}, {"type": "Feature", "geometry": {"type": "Point", "coordinates": [13.4729703, 52.4203113]}, "properties": {"id": "osm:way:372758202", "type": "kindergarten", "name": "Kita Wutzkyallee", "source": "OpenStreetMap/Overpass"}}, {"type": "Feature", "geometry": {"type": "Point", "coordinates": [13.4818731, 52.4224887]}, "properties": {"id": "osm:way:372763741", "type": "school", "name": "Schule am Zwickauer Damm", "source": "OpenStreetMap/Overpass"}}, {"type": "Feature", "geometry": {"type": "Point", "coordinates": [13.481593, 52.4216695]}, "properties": {"id": "osm:way:372763742", "type": "kindergarten", "name": "Tabaluga Bewegungskindergarten", "source": "OpenStreetMap/Overpass"}}, {"type": "Feature", "geometry": {"type": "Point", "coordinates": [13.3583557, 52.5047938]}, "properties": {"id": "osm:way:372870479", "type": "kindergarten", "name": "Ecole maternelle", "source": "OpenStreetMap/Overpass"}}, {"type": "Feature", "geometry": {"type": "Point", "coordinates": [13.381461, 52.4960616]}, "properties": {"id": "osm:way:372972210", "type": "kindergarten", "name": "Kita Sonnenschein", "source": "OpenStreetMap/Overpass"}}, {"type": "Feature", "geometry": {"type": "Point", "coordinates": [13.5846612, 52.5079283]}, "properties": {"id": "osm:way:373164914", "type": "school", "name": "Franz-Carl-Achard Grundschule", "source": "OpenStreetMap/Overpass"}}, {"type": "Feature", "geometry": {"type": "Point", "coordinates": [13.5684727, 52.5042038]}, "properties": {"id": "osm:way:373417216", "type": "kindergarten", "name": "Kita Kinderparadies", "source": "OpenStreetMap/Overpass"}}, {"type": "Feature", "geometry": {"type": "Point", "coordinates": [13.3303634, 52.5975422]}, "properties": {"id": "osm:way:374347150", "type": "school", "name": "Emil-Fischer-Schule - OSZ Ernährung und Lebensmitteltechnik", "source": "OpenStreetMap/Overpass"}}, {"type": "Feature", "geometry": {"type": "Point", "coordinates": [13.4795992, 52.5116878]}, "properties": {"id": "osm:way:374500005", "type": "kindergarten", "name": "Kita Farbklecks", "source": "OpenStreetMap/Overpass"}}, {"type": "Feature", "geometry": {"type": "Point", "coordinates": [13.4799252, 52.509652]}, "properties": {"id": "osm:way:374930826", "type": "kindergarten", "name": "Kita AbenteuerWelt", "source": "OpenStreetMap/Overpass"}}, {"type": "Feature", "geometry": {"type": "Point", "coordinates": [13.4786243, 52.5100023]}, "properties": {"id": "osm:way:374932598", "type": "school", "name": "Katholische Grundschule Sankt Mauritius Berlin", "source": "OpenStreetMap/Overpass"}}, {"type": "Feature", "geometry": {"type": "Point", "coordinates": [13.3344951, 52.5294896]}, "properties": {"id": "osm:way:375144031", "type": "kindergarten", "name": "Kindergarten Emdener Straße", "source": "OpenStreetMap/Overpass"}}, {"type": "Feature", "geometry": {"type": "Point", "coordinates": [13.4398772, 52.470799]}, "properties": {"id": "osm:way:375374253", "type": "kindergarten", "name": "Kita Kinderparadies am Körnerpark", "source": "OpenStreetMap/Overpass"}}, {"type": "Feature", "geometry": {"type": "Point", "coordinates": [13.476543, 52.527354]}, "properties": {"id": "osm:way:375431525", "type": "kindergarten", "name": "Kita Paule am Park", "source": "OpenStreetMap/Overpass"}}, {"type": "Feature", "geometry": {"type": "Point", "coordinates": [13.7354697, 52.3911488]}, "properties": {"id": "osm:way:377634084", "type": "school", "name": "Bertha von Suttner Fachoberschule Neu Zittau", "source": "OpenStreetMap/Overpass"}}, {"type": "Feature", "geometry": {"type": "Point", "coordinates": [13.4564674, 52.5144054]}, "properties": {"id": "osm:way:377702652", "type": "school", "name": "Georg-Friedrich-Händel-Gymnasium", "source": "OpenStreetMap/Overpass"}}, {"type": "Feature", "geometry": {"type": "Point", "coordinates": [13.4760361, 52.559717]}, "properties": {"id": "osm:way:378441389", "type": "school", "name": "Grundschule im Moselviertel", "source": "OpenStreetMap/Overpass"}}, {"type": "Feature", "geometry": {"type": "Point", "coordinates": [13.3500451, 52.4925741]}, "properties": {"id": "osm:way:379280163", "type": "school", "name": "Grundschule am Barbarossaplatz", "source": "OpenStreetMap/Overpass"}}, {"type": "Feature", "geometry": {"type": "Point", "coordinates": [13.3877269, 52.4419133]}, "properties": {"id": "osm:way:379463321", "type": "kindergarten", "name": "Kita Am Volkspark", "source": "OpenStreetMap/Overpass"}}, {"type": "Feature", "geometry": {"type": "Point", "coordinates": [13.3878834, 52.4412514]}, "properties": {"id": "osm:way:379463322", "type": "kindergarten", "name": "Kita Mariendorfer Damm", "source": "OpenStreetMap/Overpass"}}, {"type": "Feature", "geometry": {"type": "Point", "coordinates": [13.5557327, 52.5098708]}, "properties": {"id": "osm:way:379816734", "type": "kindergarten", "name": "Kita Schneckenhaus", "source": "OpenStreetMap/Overpass"}}, {"type": "Feature", "geometry": {"type": "Point", "coordinates": [13.3549385, 52.4349745]}, "properties": {"id": "osm:way:379941597", "type": "school", "name": "Peter-Frankenfeld-Schule", "source": "OpenStreetMap/Overpass"}}, {"type": "Feature", "geometry": {"type": "Point", "coordinates": [13.4004269, 52.4919074]}, "properties": {"id": "osm:way:381646487", "type": "kindergarten", "name": "Kita Baerwaldstraße 18", "source": "OpenStreetMap/Overpass"}}, {"type": "Feature", "geometry": {"type": "Point", "coordinates": [13.3998197, 52.4962209]}, "properties": {"id": "osm:way:381816955", "type": "kindergarten", "name": "Kindervilla Waldemar", "source": "OpenStreetMap/Overpass"}}, {"type": "Feature", "geometry": {"type": "Point", "coordinates": [13.3599629, 52.4311607]}, "properties": {"id": "osm:way:382401402", "type": "kindergarten", "name": "Kita Wedellstraße", "source": "OpenStreetMap/Overpass"}}, {"type": "Feature", "geometry": {"type": "Point", "coordinates": [13.3109237, 52.4883435]}, "properties": {"id": "osm:way:382457577", "type": "kindergarten", "name": "Kita Kaubstraße", "source": "OpenStreetMap/Overpass"}}, {"type": "Feature", "geometry": {"type": "Point", "coordinates": [13.3278614, 52.4983925]}, "properties": {"id": "osm:way:382679141", "type": "kindergarten", "name": "Hort Sankt Ludwig", "source": "OpenStreetMap/Overpass"}}, {"type": "Feature", "geometry": {"type": "Point", "coordinates": [13.5901649, 52.4633894]}, "properties": {"id": "osm:way:384632167", "type": "school", "name": "Merian-Schule", "source": "OpenStreetMap/Overpass"}}, {"type": "Feature", "geometry": {"type": "Point", "coordinates": [13.5557413, 52.5218965]}, "properties": {"id": "osm:way:384792728", "type": "kindergarten", "name": "Kita Igelgarten", "source": "OpenStreetMap/Overpass"}}, {"type": "Feature", "geometry": {"type": "Point", "coordinates": [13.6059378, 52.4826592]}, "properties": {"id": "osm:way:384934300", "type": "school", "name": "BEST-Sabel-Grundschule Mahlsdorf", "source": "OpenStreetMap/Overpass"}}, {"type": "Feature", "geometry": {"type": "Point", "coordinates": [13.5117137, 52.4901792]}, "properties": {"id": "osm:way:385720111", "type": "kindergarten", "name": "KreativitätsKindertagesstätte Wunderwelt", "source": "OpenStreetMap/Overpass"}}, {"type": "Feature", "geometry": {"type": "Point", "coordinates": [13.2254917, 52.5759264]}, "properties": {"id": "osm:way:385815877", "type": "kindergarten", "name": "Havelsternchen", "source": "OpenStreetMap/Overpass"}}, {"type": "Feature", "geometry": {"type": "Point", "coordinates": [13.3917483, 52.4634737]}, "properties": {"id": "osm:way:387140483", "type": "kindergarten", "name": "Kita I der Evangelischen Paulus-Kirchengemeinde Tempelhof", "source": "OpenStreetMap/Overpass"}}, {"type": "Feature", "geometry": {"type": "Point", "coordinates": [13.6270549, 52.5207126]}, "properties": {"id": "osm:way:387219105", "type": "kindergarten", "name": "Evangelischer Kindergarten Mahlsdorf", "source": "OpenStreetMap/Overpass"}}, {"type": "Feature", "geometry": {"type": "Point", "coordinates": [13.325712, 52.4569775]}, "properties": {"id": "osm:way:387263944", "type": "school", "name": "Gymnasium Steglitz", "source": "OpenStreetMap/Overpass"}}, {"type": "Feature", "geometry": {"type": "Point", "coordinates": [13.252798, 52.4346818]}, "properties": {"id": "osm:way:387408200", "type": "kindergarten", "name": "Kita Ahörnchen", "source": "OpenStreetMap/Overpass"}}, {"type": "Feature", "geometry": {"type": "Point", "coordinates": [13.2552606, 52.434231]}, "properties": {"id": "osm:way:387408201", "type": "kindergarten", "name": "Montessori-Kinderhaus Königskinder", "source": "OpenStreetMap/Overpass"}}, {"type": "Feature", "geometry": {"type": "Point", "coordinates": [13.2547278, 52.4328497]}, "properties": {"id": "osm:way:387408214", "type": "kindergarten", "name": "Kita Teltower Rübchen", "source": "OpenStreetMap/Overpass"}}, {"type": "Feature", "geometry": {"type": "Point", "coordinates": [13.4421855, 52.4407329]}, "properties": {"id": "osm:way:387648887", "type": "kindergarten", "name": "Kita Rappelkiste", "source": "OpenStreetMap/Overpass"}}, {"type": "Feature", "geometry": {"type": "Point", "coordinates": [13.5540031, 52.3604925]}, "properties": {"id": "osm:way:388086807", "type": "kindergarten", "name": "Kindertagesstätte", "source": "OpenStreetMap/Overpass"}}, {"type": "Feature", "geometry": {"type": "Point", "coordinates": [13.4110216, 52.4156856]}, "properties": {"id": "osm:way:388151456", "type": "kindergarten", "name": "Kita Künheimer Weg", "source": "OpenStreetMap/Overpass"}}, {"type": "Feature", "geometry": {"type": "Point", "coordinates": [13.3093877, 52.4320669]}, "properties": {"id": "osm:way:389004979", "type": "kindergarten", "name": "Deutsch-englischer Kindergarten", "source": "OpenStreetMap/Overpass"}}, {"type": "Feature", "geometry": {"type": "Point", "coordinates": [13.3224346, 52.4235544]}, "properties": {"id": "osm:way:389004980", "type": "kindergarten", "name": "EKG Petrusheim", "source": "OpenStreetMap/Overpass"}}, {"type": "Feature", "geometry": {"type": "Point", "coordinates": [13.3186061, 52.4109903]}, "properties": {"id": "osm:way:389004981", "type": "kindergarten", "name": "Kindertagesstätte Réaumurstraße", "source": "OpenStreetMap/Overpass"}}, {"type": "Feature", "geometry": {"type": "Point", "coordinates": [13.3401015, 52.4349941]}, "properties": {"id": "osm:way:389004982", "type": "kindergarten", "name": "Kita Ruthstraße", "source": "OpenStreetMap/Overpass"}}, {"type": "Feature", "geometry": {"type": "Point", "coordinates": [13.3242808, 52.4129158]}, "properties": {"id": "osm:way:389004983", "type": "kindergarten", "name": "Kita Scheelestraße", "source": "OpenStreetMap/Overpass"}}, {"type": "Feature", "geometry": {"type": "Point", "coordinates": [13.3203799, 52.4305019]}, "properties": {"id": "osm:way:389004984", "type": "kindergarten", "name": "Kita St. Hildegard", "source": "OpenStreetMap/Overpass"}}, {"type": "Feature", "geometry": {"type": "Point", "coordinates": [13.3373385, 52.4233436]}, "properties": {"id": "osm:way:389004985", "type": "kindergarten", "name": "Kita St. Monika", "source": "OpenStreetMap/Overpass"}}, {"type": "Feature", "geometry": {"type": "Point", "coordinates": [13.3371151, 52.4256904]}, "properties": {"id": "osm:way:389004986", "type": "kindergarten", "name": "Kita der Ev. Kirchengem. Dietrich-Bonhoeffer", "source": "OpenStreetMap/Overpass"}}, {"type": "Feature", "geometry": {"type": "Point", "coordinates": [13.3281482, 52.4130568]}, "properties": {"id": "osm:way:389004987", "type": "kindergarten", "name": "Nachbarschaftshaus Lilienthal", "source": "OpenStreetMap/Overpass"}}, {"type": "Feature", "geometry": {"type": "Point", "coordinates": [13.2829274, 52.4209824]}, "properties": {"id": "osm:way:389007580", "type": "kindergarten", "name": "Kita McNair", "source": "OpenStreetMap/Overpass"}}, {"type": "Feature", "geometry": {"type": "Point", "coordinates": [13.3395235, 52.4381147]}, "properties": {"id": "osm:way:389007581", "type": "kindergarten", "name": "Kita Starke Kinder", "source": "OpenStreetMap/Overpass"}}, {"type": "Feature", "geometry": {"type": "Point", "coordinates": [13.294583, 52.4107758]}, "properties": {"id": "osm:way:389009050", "type": "kindergarten", "name": "Kita Felsenblume", "source": "OpenStreetMap/Overpass"}}, {"type": "Feature", "geometry": {"type": "Point", "coordinates": [13.2831319, 52.3867273]}, "properties": {"id": "osm:way:389009052", "type": "kindergarten", "name": "Kita Sonnenblume", "source": "OpenStreetMap/Overpass"}}, {"type": "Feature", "geometry": {"type": "Point", "coordinates": [13.3670895, 52.4160097]}, "properties": {"id": "osm:way:389151997", "type": "kindergarten", "name": "Kita Domagkstraße", "source": "OpenStreetMap/Overpass"}}, {"type": "Feature", "geometry": {"type": "Point", "coordinates": [13.4869175, 52.5445738]}, "properties": {"id": "osm:way:389152568", "type": "kindergarten", "name": "Kita Eichhörnchen", "source": "OpenStreetMap/Overpass"}}, {"type": "Feature", "geometry": {"type": "Point", "coordinates": [13.4739789, 52.5515575]}, "properties": {"id": "osm:way:389153117", "type": "kindergarten", "name": "Kita An den Pappeln", "source": "OpenStreetMap/Overpass"}}, {"type": "Feature", "geometry": {"type": "Point", "coordinates": [13.4730176, 52.5544454]}, "properties": {"id": "osm:way:389153597", "type": "kindergarten", "name": "Kindergarten Eigensinn", "source": "OpenStreetMap/Overpass"}}, {"type": "Feature", "geometry": {"type": "Point", "coordinates": [13.4722319, 52.5567007]}, "properties": {"id": "osm:way:389154197", "type": "kindergarten", "name": "Kindergarten im Moselviertel", "source": "OpenStreetMap/Overpass"}}, {"type": "Feature", "geometry": {"type": "Point", "coordinates": [13.4793051, 52.5366565]}, "properties": {"id": "osm:way:389155663", "type": "kindergarten", "name": "Kita Berkenbrücker Steig", "source": "OpenStreetMap/Overpass"}}, {"type": "Feature", "geometry": {"type": "Point", "coordinates": [13.4745217, 52.524902]}, "properties": {"id": "osm:way:389156348", "type": "kindergarten", "name": "Kindergarten Spatzennest", "source": "OpenStreetMap/Overpass"}}, {"type": "Feature", "geometry": {"type": "Point", "coordinates": [13.3723872, 52.4490643]}, "properties": {"id": "osm:way:389157759", "type": "kindergarten", "name": "Kita Seelbuschring", "source": "OpenStreetMap/Overpass"}}, {"type": "Feature", "geometry": {"type": "Point", "coordinates": [13.3508878, 52.4470611]}, "properties": {"id": "osm:way:389158388", "type": "kindergarten", "name": "Kita der Ev. Kirchengem. Südende", "source": "OpenStreetMap/Overpass"}}, {"type": "Feature", "geometry": {"type": "Point", "coordinates": [13.3509443, 52.4403632]}, "properties": {"id": "osm:way:389158850", "type": "kindergarten", "name": "Kita Grashüpferchen", "source": "OpenStreetMap/Overpass"}}, {"type": "Feature", "geometry": {"type": "Point", "coordinates": [13.351821, 52.4380438]}, "properties": {"id": "osm:way:389159592", "type": "kindergarten", "name": "", "source": "OpenStreetMap/Overpass"}}, {"type": "Feature", "geometry": {"type": "Point", "coordinates": [13.5187713, 52.4986489]}, "properties": {"id": "osm:way:389508708", "type": "school", "name": "Paul- und Charlotte Kniese-Schule", "source": "OpenStreetMap/Overpass"}}, {"type": "Feature", "geometry": {"type": "Point", "coordinates": [13.3232311, 52.4270752]}, "properties": {"id": "osm:way:389668832", "type": "kindergarten", "name": "Villa Morgenstern", "source": "OpenStreetMap/Overpass"}}, {"type": "Feature", "geometry": {"type": "Point", "coordinates": [13.2574672, 52.4101753]}, "properties": {"id": "osm:way:389671162", "type": "kindergarten", "name": "Kita Breitensteinweg", "source": "OpenStreetMap/Overpass"}}, {"type": "Feature", "geometry": {"type": "Point", "coordinates": [13.4188114, 52.5198817]}, "properties": {"id": "osm:way:390545184", "type": "kindergarten", "name": "Kita Jacoby-Schwalbe", "source": "OpenStreetMap/Overpass"}}, {"type": "Feature", "geometry": {"type": "Point", "coordinates": [13.3932644, 52.5469324]}, "properties": {"id": "osm:way:390998874", "type": "kindergarten", "name": "Kita Ramlerstraße 9-10", "source": "OpenStreetMap/Overpass"}}, {"type": "Feature", "geometry": {"type": "Point", "coordinates": [13.3994175, 52.5453964]}, "properties": {"id": "osm:way:390998952", "type": "kindergarten", "name": "Kita Sternenhimmel", "source": "OpenStreetMap/Overpass"}}, {"type": "Feature", "geometry": {"type": "Point", "coordinates": [13.3870423, 52.5373952]}, "properties": {"id": "osm:way:391137101", "type": "kindergarten", "name": "Kindergarten Ackerstraße 60", "source": "OpenStreetMap/Overpass"}}, {"type": "Feature", "geometry": {"type": "Point", "coordinates": [13.3099182, 52.4720859]}, "properties": {"id": "osm:way:391484518", "type": "kindergarten", "name": "Kinderhaus Binger Straße 65", "source": "OpenStreetMap/Overpass"}}, {"type": "Feature", "geometry": {"type": "Point", "coordinates": [13.6233283, 52.3766248]}, "properties": {"id": "osm:way:392940669", "type": "kindergarten", "name": "Kita \"Haus der kleinen Strolche", "source": "OpenStreetMap/Overpass"}}, {"type": "Feature", "geometry": {"type": "Point", "coordinates": [13.621741, 52.3768066]}, "properties": {"id": "osm:way:392943391", "type": "kindergarten", "name": "Hort \"Bunte Stifte\"", "source": "OpenStreetMap/Overpass"}}, {"type": "Feature", "geometry": {"type": "Point", "coordinates": [13.312812, 52.4709915]}, "properties": {"id": "osm:way:393356857", "type": "school", "name": "Grundschule am Rüdesheimer Platz", "source": "OpenStreetMap/Overpass"}}, {"type": "Feature", "geometry": {"type": "Point", "coordinates": [13.1304158, 52.6022108]}, "properties": {"id": "osm:way:394957335", "type": "school", "name": "Grundschule \"Menschenkinder\"", "source": "OpenStreetMap/Overpass"}}, {"type": "Feature", "geometry": {"type": "Point", "coordinates": [13.4401976, 52.4571725]}, "properties": {"id": "osm:way:395042611", "type": "kindergarten", "name": "Integrationskindertagesstätte Lebenshilfe", "source": "OpenStreetMap/Overpass"}}, {"type": "Feature", "geometry": {"type": "Point", "coordinates": [13.2988313, 52.4187306]}, "properties": {"id": "osm:way:395475617", "type": "kindergarten", "name": "Integrationskindertagesstätte Prettauer Pfad", "source": "OpenStreetMap/Overpass"}}, {"type": "Feature", "geometry": {"type": "Point", "coordinates": [13.3028613, 52.4350064]}, "properties": {"id": "osm:way:395475637", "type": "kindergarten", "name": "Kita Potsdamer Schlößchen", "source": "OpenStreetMap/Overpass"}}, {"type": "Feature", "geometry": {"type": "Point", "coordinates": [13.3188009, 52.4483853]}, "properties": {"id": "osm:way:395866883", "type": "school", "name": "Grundschule an der Bäke", "source": "OpenStreetMap/Overpass"}}, {"type": "Feature", "geometry": {"type": "Point", "coordinates": [13.343338, 52.4496345]}, "properties": {"id": "osm:way:396117926", "type": "school", "name": "Grundschule am Stadtpark Steglitz", "source": "OpenStreetMap/Overpass"}}, {"type": "Feature", "geometry": {"type": "Point", "coordinates": [13.2632034, 52.438788]}, "properties": {"id": "osm:way:396427242", "type": "kindergarten", "name": "Katholische Kindertagesstätte St. Josefshaus", "source": "OpenStreetMap/Overpass"}}, {"type": "Feature", "geometry": {"type": "Point", "coordinates": [13.5025598, 52.5018215]}, "properties": {"id": "osm:way:397605672", "type": "kindergarten", "name": "Vitale Großstadtmäuse", "source": "OpenStreetMap/Overpass"}}, {"type": "Feature", "geometry": {"type": "Point", "coordinates": [13.486536, 52.4629355]}, "properties": {"id": "osm:way:399777254", "type": "kindergarten", "name": "Kita Dornbrunner Straße", "source": "OpenStreetMap/Overpass"}}, {"type": "Feature", "geometry": {"type": "Point", "coordinates": [13.4874855, 52.4627225]}, "properties": {"id": "osm:way:399777255", "type": "kindergarten", "name": "Kita Heidemühler Rasselbande", "source": "OpenStreetMap/Overpass"}}, {"type": "Feature", "geometry": {"type": "Point", "coordinates": [13.5478097, 52.5470316]}, "properties": {"id": "osm:way:400752652", "type": "kindergarten", "name": "Familienhaus Felix", "source": "OpenStreetMap/Overpass"}}, {"type": "Feature", "geometry": {"type": "Point", "coordinates": [13.5909035, 52.4420707]}, "properties": {"id": "osm:way:401927094", "type": "kindergarten", "name": "Kita „Amtsfelder Knirpse“", "source": "OpenStreetMap/Overpass"}}, {"type": "Feature", "geometry": {"type": "Point", "coordinates": [13.3954675, 52.5057942]}, "properties": {"id": "osm:way:403386602", "type": "kindergarten", "name": "Kindervilla Waldemar", "source": "OpenStreetMap/Overpass"}}, {"type": "Feature", "geometry": {"type": "Point", "coordinates": [13.2768302, 52.4366252]}, "properties": {"id": "osm:way:403482515", "type": "kindergarten", "name": "Kita unter den Kastanien", "source": "OpenStreetMap/Overpass"}}, {"type": "Feature", "geometry": {"type": "Point", "coordinates": [13.2771404, 52.4361088]}, "properties": {"id": "osm:way:403482519", "type": "kindergarten", "name": "Kita Brittendorfer Weg", "source": "OpenStreetMap/Overpass"}}, {"type": "Feature", "geometry": {"type": "Point", "coordinates": [13.5020155, 52.5183046]}, "properties": {"id": "osm:way:403752967", "type": "kindergarten", "name": "Kita Singemäuse", "source": "OpenStreetMap/Overpass"}}, {"type": "Feature", "geometry": {"type": "Point", "coordinates": [13.4912961, 52.5172757]}, "properties": {"id": "osm:way:403752968", "type": "kindergarten", "name": "Kita Bunte Plonzstifte", "source": "OpenStreetMap/Overpass"}}, {"type": "Feature", "geometry": {"type": "Point", "coordinates": [13.4821295, 52.5182796]}, "properties": {"id": "osm:way:403959336", "type": "kindergarten", "name": "Kindergarten Sonnengarten", "source": "OpenStreetMap/Overpass"}}, {"type": "Feature", "geometry": {"type": "Point", "coordinates": [13.5280064, 52.5125697]}, "properties": {"id": "osm:way:403968693", "type": "kindergarten", "name": "Kindertagesstätte CityKids Gensinger Straße", "source": "OpenStreetMap/Overpass"}}, {"type": "Feature", "geometry": {"type": "Point", "coordinates": [13.52687, 52.5126166]}, "properties": {"id": "osm:way:403968694", "type": "kindergarten", "name": "Kita und Familienzentrum Die Brücke", "source": "OpenStreetMap/Overpass"}}, {"type": "Feature", "geometry": {"type": "Point", "coordinates": [13.513492, 52.5116694]}, "properties": {"id": "osm:way:404483219", "type": "kindergarten", "name": "Kindergarten FrohSinn", "source": "OpenStreetMap/Overpass"}}, {"type": "Feature", "geometry": {"type": "Point", "coordinates": [13.268589, 52.4486055]}, "properties": {"id": "osm:way:405395151", "type": "kindergarten", "name": "Kiddies International", "source": "OpenStreetMap/Overpass"}}, {"type": "Feature", "geometry": {"type": "Point", "coordinates": [13.2014995, 52.4217741]}, "properties": {"id": "osm:way:405706325", "type": "kindergarten", "name": "Kita Zentrum am Kleeblatt", "source": "OpenStreetMap/Overpass"}}, {"type": "Feature", "geometry": {"type": "Point", "coordinates": [13.2050592, 52.4253505]}, "properties": {"id": "osm:way:405706330", "type": "kindergarten", "name": "Evangelische Kindertagesstätte Nikolassee", "source": "OpenStreetMap/Overpass"}}, {"type": "Feature", "geometry": {"type": "Point", "coordinates": [13.3578991, 52.4305823]}, "properties": {"id": "osm:way:405803480", "type": "kindergarten", "name": "Kita der Paul-Schneider Gemeinde", "source": "OpenStreetMap/Overpass"}}, {"type": "Feature", "geometry": {"type": "Point", "coordinates": [13.405001, 52.5321439]}, "properties": {"id": "osm:way:409560079", "type": "kindergarten", "name": "Regenbogenkita", "source": "OpenStreetMap/Overpass"}}, {"type": "Feature", "geometry": {"type": "Point", "coordinates": [13.3690994, 52.4533488]}, "properties": {"id": "osm:way:409588412", "type": "kindergarten", "name": "Kita Marienhöher Weg", "source": "OpenStreetMap/Overpass"}}, {"type": "Feature", "geometry": {"type": "Point", "coordinates": [13.3848374, 52.5258463]}, "properties": {"id": "osm:way:412597786", "type": "kindergarten", "name": "Kita Pelikan", "source": "OpenStreetMap/Overpass"}}, {"type": "Feature", "geometry": {"type": "Point", "coordinates": [13.4351398, 52.5446367]}, "properties": {"id": "osm:way:413716740", "type": "kindergarten", "name": "Kindertagesstätte Prenzlauer Berg", "source": "OpenStreetMap/Overpass"}}, {"type": "Feature", "geometry": {"type": "Point", "coordinates": [13.3189167, 52.6313952]}, "properties": {"id": "osm:way:414346815", "type": "school", "name": "Grundschule Glienicke / NB.", "source": "OpenStreetMap/Overpass"}}, {"type": "Feature", "geometry": {"type": "Point", "coordinates": [13.5956361, 52.4285017]}, "properties": {"id": "osm:way:414498883", "type": "school", "name": "Wendenschloß Schule", "source": "OpenStreetMap/Overpass"}}, {"type": "Feature", "geometry": {"type": "Point", "coordinates": [13.1274171, 52.3640616]}, "properties": {"id": "osm:way:415006413", "type": "school", "name": "Schiller Grundschule im Steinfeld", "source": "OpenStreetMap/Overpass"}}, {"type": "Feature", "geometry": {"type": "Point", "coordinates": [13.5631583, 52.5530923]}, "properties": {"id": "osm:way:416461637", "type": "school", "name": "Karl-Friedrich-Friesen-Grundschule", "source": "OpenStreetMap/Overpass"}}, {"type": "Feature", "geometry": {"type": "Point", "coordinates": [13.5422325, 52.5374947]}, "properties": {"id": "osm:way:416461669", "type": "kindergarten", "name": "Kita Teremok", "source": "OpenStreetMap/Overpass"}}, {"type": "Feature", "geometry": {"type": "Point", "coordinates": [13.5621888, 52.5486629]}, "properties": {"id": "osm:way:416508755", "type": "kindergarten", "name": "Kindergarten Schwalbennest", "source": "OpenStreetMap/Overpass"}}, {"type": "Feature", "geometry": {"type": "Point", "coordinates": [13.6529433, 52.5394223]}, "properties": {"id": "osm:way:418247919", "type": "kindergarten", "name": "Kita Rappel-Zappel", "source": "OpenStreetMap/Overpass"}}, {"type": "Feature", "geometry": {"type": "Point", "coordinates": [13.3751153, 52.539636]}, "properties": {"id": "osm:way:419952890", "type": "kindergarten", "name": "Kita Neue Hochstraße 44", "source": "OpenStreetMap/Overpass"}}, {"type": "Feature", "geometry": {"type": "Point", "coordinates": [13.3550196, 52.5415433]}, "properties": {"id": "osm:way:420344445", "type": "kindergarten", "name": "Evangelische Osterkita", "source": "OpenStreetMap/Overpass"}}, {"type": "Feature", "geometry": {"type": "Point", "coordinates": [13.368442, 52.54721]}, "properties": {"id": "osm:way:420776884", "type": "kindergarten", "name": "Kita Reinickendorfer Straße 98", "source": "OpenStreetMap/Overpass"}}, {"type": "Feature", "geometry": {"type": "Point", "coordinates": [13.3346553, 52.5458587]}, "properties": {"id": "osm:way:421071133", "type": "kindergarten", "name": "Kita Rehberge", "source": "OpenStreetMap/Overpass"}}, {"type": "Feature", "geometry": {"type": "Point", "coordinates": [13.3464706, 52.5326598]}, "properties": {"id": "osm:way:421312126", "type": "kindergarten", "name": "Kindergarten Havelberger Straße", "source": "OpenStreetMap/Overpass"}}, {"type": "Feature", "geometry": {"type": "Point", "coordinates": [13.3644877, 52.5507562]}, "properties": {"id": "osm:way:421487859", "type": "kindergarten", "name": "Kindertagessttätte St. Robert", "source": "OpenStreetMap/Overpass"}}, {"type": "Feature", "geometry": {"type": "Point", "coordinates": [13.3615456, 52.5515593]}, "properties": {"id": "osm:way:421487934", "type": "kindergarten", "name": "Kita Liebenwalder Straße 45", "source": "OpenStreetMap/Overpass"}}, {"type": "Feature", "geometry": {"type": "Point", "coordinates": [13.3748397, 52.5315303]}, "properties": {"id": "osm:way:422865921", "type": "kindergarten", "name": "Kita Habersaathstraße", "source": "OpenStreetMap/Overpass"}}, {"type": "Feature", "geometry": {"type": "Point", "coordinates": [13.3849836, 52.522679]}, "properties": {"id": "osm:way:422928037", "type": "kindergarten", "name": "Kita F.A.I.R. play", "source": "OpenStreetMap/Overpass"}}, {"type": "Feature", "geometry": {"type": "Point", "coordinates": [13.3711154, 52.5415445]}, "properties": {"id": "osm:way:423012542", "type": "kindergarten", "name": "Kindergärten City", "source": "OpenStreetMap/Overpass"}}, {"type": "Feature", "geometry": {"type": "Point", "coordinates": [13.2669027, 52.4532002]}, "properties": {"id": "osm:way:424422785", "type": "kindergarten", "name": "Kinderhaus Tom Sawyer", "source": "OpenStreetMap/Overpass"}}, {"type": "Feature", "geometry": {"type": "Point", "coordinates": [13.3845738, 52.3891198]}, "properties": {"id": "osm:way:425694254", "type": "kindergarten", "name": "Kita Blohmstraße", "source": "OpenStreetMap/Overpass"}}, {"type": "Feature", "geometry": {"type": "Point", "coordinates": [13.3729998, 52.5486138]}, "properties": {"id": "osm:way:425943629", "type": "kindergarten", "name": "Kinderhaus Kunterbunt", "source": "OpenStreetMap/Overpass"}}, {"type": "Feature", "geometry": {"type": "Point", "coordinates": [13.3718917, 52.5576365]}, "properties": {"id": "osm:way:426105508", "type": "kindergarten", "name": "Der Kindergarten in der Schwedenstraße", "source": "OpenStreetMap/Overpass"}}, {"type": "Feature", "geometry": {"type": "Point", "coordinates": [13.2113004, 52.5288589]}, "properties": {"id": "osm:way:428575792", "type": "kindergarten", "name": "Kita Schatztruhe", "source": "OpenStreetMap/Overpass"}}, {"type": "Feature", "geometry": {"type": "Point", "coordinates": [13.2994805, 52.5298071]}, "properties": {"id": "osm:way:429094508", "type": "kindergarten", "name": "Kita der Evangelischen Kirchengemeinde Gustav-Adolf", "source": "OpenStreetMap/Overpass"}}, {"type": "Feature", "geometry": {"type": "Point", "coordinates": [13.3027509, 52.5286962]}, "properties": {"id": "osm:way:429101092", "type": "kindergarten", "name": "Kita des Pestalozzi-Fröbel-Hauses", "source": "OpenStreetMap/Overpass"}}, {"type": "Feature", "geometry": {"type": "Point", "coordinates": [13.2605764, 52.5098021]}, "properties": {"id": "osm:way:429518967", "type": "kindergarten", "name": "Kita Länderallee", "source": "OpenStreetMap/Overpass"}}, {"type": "Feature", "geometry": {"type": "Point", "coordinates": [13.2579116, 52.5116549]}, "properties": {"id": "osm:way:429526581", "type": "kindergarten", "name": "Waldorfkindergarten Westend", "source": "OpenStreetMap/Overpass"}}, {"type": "Feature", "geometry": {"type": "Point", "coordinates": [13.2760865, 52.5887326]}, "properties": {"id": "osm:way:435945003", "type": "kindergarten", "name": "Kita Ameisenburg", "source": "OpenStreetMap/Overpass"}}, {"type": "Feature", "geometry": {"type": "Point", "coordinates": [13.4573047, 52.519075]}, "properties": {"id": "osm:way:437199187", "type": "kindergarten", "name": "Kita Wichtelbühne", "source": "OpenStreetMap/Overpass"}}, {"type": "Feature", "geometry": {"type": "Point", "coordinates": [13.462651, 52.5484448]}, "properties": {"id": "osm:way:437672225", "type": "kindergarten", "name": "Kita im Komponistenviertel", "source": "OpenStreetMap/Overpass"}}, {"type": "Feature", "geometry": {"type": "Point", "coordinates": [13.4630423, 52.5480321]}, "properties": {"id": "osm:way:437672252", "type": "kindergarten", "name": "Kindergarten Lindenallee", "source": "OpenStreetMap/Overpass"}}, {"type": "Feature", "geometry": {"type": "Point", "coordinates": [13.4544896, 52.5443082]}, "properties": {"id": "osm:way:437672253", "type": "school", "name": "Freie Waldorfschule am Prenzlauer Berg", "source": "OpenStreetMap/Overpass"}}, {"type": "Feature", "geometry": {"type": "Point", "coordinates": [13.374929, 52.5311774]}, "properties": {"id": "osm:way:438496648", "type": "kindergarten", "name": "Kita Kinderakademie", "source": "OpenStreetMap/Overpass"}}, {"type": "Feature", "geometry": {"type": "Point", "coordinates": [13.4644161, 52.5122935]}, "properties": {"id": "osm:way:438659411", "type": "kindergarten", "name": "Kindergarten Kinzigstraße 32", "source": "OpenStreetMap/Overpass"}}, {"type": "Feature", "geometry": {"type": "Point", "coordinates": [13.566397, 52.5645935]}, "properties": {"id": "osm:way:438748336", "type": "kindergarten", "name": "Kindergarten Reggiohaus", "source": "OpenStreetMap/Overpass"}}, {"type": "Feature", "geometry": {"type": "Point", "coordinates": [13.1436425, 52.3683586]}, "properties": {"id": "osm:way:438853857", "type": "kindergarten", "name": "Kita \"Sportakus\"", "source": "OpenStreetMap/Overpass"}}, {"type": "Feature", "geometry": {"type": "Point", "coordinates": [13.5535193, 52.5314795]}, "properties": {"id": "osm:way:438858103", "type": "school", "name": "Schule am Pappelhof", "source": "OpenStreetMap/Overpass"}}, {"type": "Feature", "geometry": {"type": "Point", "coordinates": [13.3152833, 52.6047241]}, "properties": {"id": "osm:way:439887078", "type": "school", "name": "Alternativschule Berlin", "source": "OpenStreetMap/Overpass"}}, {"type": "Feature", "geometry": {"type": "Point", "coordinates": [13.2936803, 52.5074517]}, "properties": {"id": "osm:way:440106462", "type": "kindergarten", "name": "Kath. Kindertagesstätte St. Canisius", "source": "OpenStreetMap/Overpass"}}, {"type": "Feature", "geometry": {"type": "Point", "coordinates": [13.6290335, 52.5363668]}, "properties": {"id": "osm:way:440781512", "type": "school", "name": "Gebrüder-Grimm-Grundschule", "source": "OpenStreetMap/Overpass"}}, {"type": "Feature", "geometry": {"type": "Point", "coordinates": [13.5171309, 52.508366]}, "properties": {"id": "osm:way:441039311", "type": "school", "name": "Bürgermeister-Ziethen-Grundschule", "source": "OpenStreetMap/Overpass"}}, {"type": "Feature", "geometry": {"type": "Point", "coordinates": [13.5727865, 52.5565421]}, "properties": {"id": "osm:way:441659200", "type": "kindergarten", "name": "Zwergenoase", "source": "OpenStreetMap/Overpass"}}, {"type": "Feature", "geometry": {"type": "Point", "coordinates": [13.5770834, 52.5553264]}, "properties": {"id": "osm:way:441660098", "type": "kindergarten", "name": "Bergzwerge", "source": "OpenStreetMap/Overpass"}}, {"type": "Feature", "geometry": {"type": "Point", "coordinates": [13.5793421, 52.4611359]}, "properties": {"id": "osm:way:441793553", "type": "kindergarten", "name": "Haus der kleinen Strolche", "source": "OpenStreetMap/Overpass"}}, {"type": "Feature", "geometry": {"type": "Point", "coordinates": [13.4750286, 52.4749996]}, "properties": {"id": "osm:way:444099362", "type": "kindergarten", "name": "Spatzennest", "source": "OpenStreetMap/Overpass"}}, {"type": "Feature", "geometry": {"type": "Point", "coordinates": [13.5450878, 52.5245564]}, "properties": {"id": "osm:way:444626894", "type": "kindergarten", "name": "Kita Raupe Nimmersatt", "source": "OpenStreetMap/Overpass"}}, {"type": "Feature", "geometry": {"type": "Point", "coordinates": [13.6282071, 52.5371078]}, "properties": {"id": "osm:way:444804152", "type": "kindergarten", "name": "Kindergarten Schatztruhe", "source": "OpenStreetMap/Overpass"}}, {"type": "Feature", "geometry": {"type": "Point", "coordinates": [13.3304605, 52.4589943]}, "properties": {"id": "osm:way:444998698", "type": "school", "name": "Kant-Oberschule", "source": "OpenStreetMap/Overpass"}}, {"type": "Feature", "geometry": {"type": "Point", "coordinates": [13.1063267, 52.3449905]}, "properties": {"id": "osm:way:445731393", "type": "kindergarten", "name": "Kindertagesstätte Zwergenvilla", "source": "OpenStreetMap/Overpass"}}, {"type": "Feature", "geometry": {"type": "Point", "coordinates": [13.1061879, 52.344392]}, "properties": {"id": "osm:way:445731398", "type": "childcare", "name": "Evangelische Kita Himmelszelt", "source": "OpenStreetMap/Overpass"}}, {"type": "Feature", "geometry": {"type": "Point", "coordinates": [13.4430495, 52.4450523]}, "properties": {"id": "osm:way:446137747", "type": "school", "name": "Albert-Einstein-Gymnasium", "source": "OpenStreetMap/Overpass"}}, {"type": "Feature", "geometry": {"type": "Point", "coordinates": [13.5665069, 52.3960942]}, "properties": {"id": "osm:way:447873018", "type": "kindergarten", "name": "Kita Seepferdchen", "source": "OpenStreetMap/Overpass"}}, {"type": "Feature", "geometry": {"type": "Point", "coordinates": [13.5970237, 52.527297]}, "properties": {"id": "osm:way:448025892", "type": "kindergarten", "name": "Kita Maxie-Wander-Straße", "source": "OpenStreetMap/Overpass"}}, {"type": "Feature", "geometry": {"type": "Point", "coordinates": [13.5957004, 52.5233295]}, "properties": {"id": "osm:way:448025893", "type": "kindergarten", "name": "Kita Rappelkiste", "source": "OpenStreetMap/Overpass"}}, {"type": "Feature", "geometry": {"type": "Point", "coordinates": [13.5629824, 52.5431763]}, "properties": {"id": "osm:way:448191333", "type": "kindergarten", "name": "Kita der Ev. Kirchengemeinde", "source": "OpenStreetMap/Overpass"}}, {"type": "Feature", "geometry": {"type": "Point", "coordinates": [13.5804325, 52.5536223]}, "properties": {"id": "osm:way:448829078", "type": "kindergarten", "name": "Kindertagesstätte \"Regenbogeninsel\"", "source": "OpenStreetMap/Overpass"}}, {"type": "Feature", "geometry": {"type": "Point", "coordinates": [13.5584277, 52.5580395]}, "properties": {"id": "osm:way:449054764", "type": "kindergarten", "name": "Kita Kunterbunt", "source": "OpenStreetMap/Overpass"}}, {"type": "Feature", "geometry": {"type": "Point", "coordinates": [13.400357, 52.5253622]}, "properties": {"id": "osm:way:449835633", "type": "kindergarten", "name": "Evangelische Kita Sophien", "source": "OpenStreetMap/Overpass"}}, {"type": "Feature", "geometry": {"type": "Point", "coordinates": [13.4263734, 52.484597]}, "properties": {"id": "osm:way:450063490", "type": "school", "name": "Albert-Schweitzer-Gymnasium", "source": "OpenStreetMap/Overpass"}}, {"type": "Feature", "geometry": {"type": "Point", "coordinates": [13.3546289, 52.5234866]}, "properties": {"id": "osm:way:450100677", "type": "kindergarten", "name": "Kindergarten Alt-Moabit 117", "source": "OpenStreetMap/Overpass"}}, {"type": "Feature", "geometry": {"type": "Point", "coordinates": [13.6083501, 52.501344]}, "properties": {"id": "osm:way:450115389", "type": "school", "name": "Freie Schule Berlin-Mahlsdorf", "source": "OpenStreetMap/Overpass"}}, {"type": "Feature", "geometry": {"type": "Point", "coordinates": [13.3708856, 52.4235763]}, "properties": {"id": "osm:way:450708853", "type": "kindergarten", "name": "Katholische Kita St. Alfons", "source": "OpenStreetMap/Overpass"}}, {"type": "Feature", "geometry": {"type": "Point", "coordinates": [13.4414806, 52.550884]}, "properties": {"id": "osm:way:451783347", "type": "school", "name": "Heinz-Brandt-Schule", "source": "OpenStreetMap/Overpass"}}, {"type": "Feature", "geometry": {"type": "Point", "coordinates": [13.4370731, 52.5538159]}, "properties": {"id": "osm:way:451785323", "type": "school", "name": "Schule am Hamburger Platz", "source": "OpenStreetMap/Overpass"}}, {"type": "Feature", "geometry": {"type": "Point", "coordinates": [13.4574521, 52.5529294]}, "properties": {"id": "osm:way:451792442", "type": "school", "name": "Stephanus Grundschule", "source": "OpenStreetMap/Overpass"}}, {"type": "Feature", "geometry": {"type": "Point", "coordinates": [13.4574068, 52.5519008]}, "properties": {"id": "osm:way:451792443", "type": "school", "name": "Stephanus-Schule", "source": "OpenStreetMap/Overpass"}}, {"type": "Feature", "geometry": {"type": "Point", "coordinates": [13.6083522, 52.5134843]}, "properties": {"id": "osm:way:452090704", "type": "kindergarten", "name": "Kita \"Kinderlachen\"", "source": "OpenStreetMap/Overpass"}}, {"type": "Feature", "geometry": {"type": "Point", "coordinates": [13.4353295, 52.4897564]}, "properties": {"id": "osm:way:452285924", "type": "kindergarten", "name": "Kita Sonnenschein", "source": "OpenStreetMap/Overpass"}}, {"type": "Feature", "geometry": {"type": "Point", "coordinates": [13.5553048, 52.5366844]}, "properties": {"id": "osm:way:452718074", "type": "kindergarten", "name": "Kita Tausendfuss", "source": "OpenStreetMap/Overpass"}}, {"type": "Feature", "geometry": {"type": "Point", "coordinates": [13.425407, 52.5843024]}, "properties": {"id": "osm:way:453776410", "type": "kindergarten", "name": "Kita Pankowerstraße", "source": "OpenStreetMap/Overpass"}}, {"type": "Feature", "geometry": {"type": "Point", "coordinates": [13.4390193, 52.3946251]}, "properties": {"id": "osm:way:454443565", "type": "school", "name": "Evangelische Schule Schönefeld", "source": "OpenStreetMap/Overpass"}}, {"type": "Feature", "geometry": {"type": "Point", "coordinates": [13.3067963, 52.4323207]}, "properties": {"id": "osm:way:454715723", "type": "school", "name": "Friedrich-Drake-Grundschule", "source": "OpenStreetMap/Overpass"}}, {"type": "Feature", "geometry": {"type": "Point", "coordinates": [13.5643889, 52.5022355]}, "properties": {"id": "osm:way:455327867", "type": "kindergarten", "name": "BIP Kreativitätskita Schmetterlingswiesen", "source": "OpenStreetMap/Overpass"}}, {"type": "Feature", "geometry": {"type": "Point", "coordinates": [13.4306062, 52.5416106]}, "properties": {"id": "osm:way:457462502", "type": "school", "name": "Grundschule am Planetarium", "source": "OpenStreetMap/Overpass"}}, {"type": "Feature", "geometry": {"type": "Point", "coordinates": [13.4646424, 52.520251]}, "properties": {"id": "osm:way:459250379", "type": "kindergarten", "name": "", "source": "OpenStreetMap/Overpass"}}, {"type": "Feature", "geometry": {"type": "Point", "coordinates": [13.437643, 52.5017309]}, "properties": {"id": "osm:way:460163619", "type": "school", "name": "Oberstufenzentrum Handel 1", "source": "OpenStreetMap/Overpass"}}, {"type": "Feature", "geometry": {"type": "Point", "coordinates": [13.6476193, 52.5180307]}, "properties": {"id": "osm:way:460508612", "type": "kindergarten", "name": "BirkenKinderGartenStein", "source": "OpenStreetMap/Overpass"}}, {"type": "Feature", "geometry": {"type": "Point", "coordinates": [13.7490222, 52.5299646]}, "properties": {"id": "osm:way:461445257", "type": "kindergarten", "name": "Kita am Verbindungsweg", "source": "OpenStreetMap/Overpass"}}, {"type": "Feature", "geometry": {"type": "Point", "coordinates": [13.7517718, 52.5201102]}, "properties": {"id": "osm:way:461756564", "type": "school", "name": "Fred-Vogel-Grundschule", "source": "OpenStreetMap/Overpass"}}, {"type": "Feature", "geometry": {"type": "Point", "coordinates": [13.7524849, 52.5214988]}, "properties": {"id": "osm:way:461756569", "type": "school", "name": "Oberschule Fredersdorf", "source": "OpenStreetMap/Overpass"}}, {"type": "Feature", "geometry": {"type": "Point", "coordinates": [13.7497356, 52.5420675]}, "properties": {"id": "osm:way:461758442", "type": "kindergarten", "name": "Hort Vier Jahreszeiten", "source": "OpenStreetMap/Overpass"}}, {"type": "Feature", "geometry": {"type": "Point", "coordinates": [13.751155, 52.5239026]}, "properties": {"id": "osm:way:461759951", "type": "kindergarten", "name": "Kita Haus der pfiffigen Krümel", "source": "OpenStreetMap/Overpass"}}, {"type": "Feature", "geometry": {"type": "Point", "coordinates": [13.7578707, 52.5266711]}, "properties": {"id": "osm:way:461766521", "type": "kindergarten", "name": "Kita Krümelkiste", "source": "OpenStreetMap/Overpass"}}, {"type": "Feature", "geometry": {"type": "Point", "coordinates": [13.5643394, 52.499477]}, "properties": {"id": "osm:way:463268034", "type": "school", "name": "Fuchsberg-Grundschule", "source": "OpenStreetMap/Overpass"}}, {"type": "Feature", "geometry": {"type": "Point", "coordinates": [13.4542676, 52.5901024]}, "properties": {"id": "osm:way:463469292", "type": "kindergarten", "name": "Kita Blankenburger Wichtel", "source": "OpenStreetMap/Overpass"}}, {"type": "Feature", "geometry": {"type": "Point", "coordinates": [13.3166945, 52.6116584]}, "properties": {"id": "osm:way:463642081", "type": "kindergarten", "name": "Kindergarten Jorinde & Joringel", "source": "OpenStreetMap/Overpass"}}, {"type": "Feature", "geometry": {"type": "Point", "coordinates": [13.520751, 52.3416778]}, "properties": {"id": "osm:way:464543683", "type": "kindergarten", "name": "", "source": "OpenStreetMap/Overpass"}}, {"type": "Feature", "geometry": {"type": "Point", "coordinates": [13.2299219, 52.5569881]}, "properties": {"id": "osm:way:466076290", "type": "kindergarten", "name": "FiPP Kita Haveleck", "source": "OpenStreetMap/Overpass"}}, {"type": "Feature", "geometry": {"type": "Point", "coordinates": [13.5255233, 52.4044404]}, "properties": {"id": "osm:way:466948212", "type": "kindergarten", "name": "Kita An der Milchstraße", "source": "OpenStreetMap/Overpass"}}, {"type": "Feature", "geometry": {"type": "Point", "coordinates": [13.5128948, 52.5697959]}, "properties": {"id": "osm:way:467746032", "type": "kindergarten", "name": "Kita \"Kreativhaus Sonnenblume\"", "source": "OpenStreetMap/Overpass"}}, {"type": "Feature", "geometry": {"type": "Point", "coordinates": [13.512305, 52.5722973]}, "properties": {"id": "osm:way:467751093", "type": "kindergarten", "name": "", "source": "OpenStreetMap/Overpass"}}, {"type": "Feature", "geometry": {"type": "Point", "coordinates": [13.506268, 52.5734446]}, "properties": {"id": "osm:way:467752033", "type": "kindergarten", "name": "Kita Wirbelwind", "source": "OpenStreetMap/Overpass"}}, {"type": "Feature", "geometry": {"type": "Point", "coordinates": [13.5498568, 52.546086]}, "properties": {"id": "osm:way:469790825", "type": "school", "name": "Peter Pan Grundschule", "source": "OpenStreetMap/Overpass"}}, {"type": "Feature", "geometry": {"type": "Point", "coordinates": [13.5465066, 52.545477]}, "properties": {"id": "osm:way:469790826", "type": "kindergarten", "name": "Kinderhaus Katz und Maus", "source": "OpenStreetMap/Overpass"}}, {"type": "Feature", "geometry": {"type": "Point", "coordinates": [13.2003142, 52.6538226]}, "properties": {"id": "osm:way:472084632", "type": "kindergarten", "name": "Kita Schmetterling", "source": "OpenStreetMap/Overpass"}}, {"type": "Feature", "geometry": {"type": "Point", "coordinates": [13.1995749, 52.6508561]}, "properties": {"id": "osm:way:475355963", "type": "kindergarten", "name": "Hort Nordlicht Haus 2", "source": "OpenStreetMap/Overpass"}}, {"type": "Feature", "geometry": {"type": "Point", "coordinates": [13.1991851, 52.6518564]}, "properties": {"id": "osm:way:475355964", "type": "kindergarten", "name": "Kita Pünktchen und Anton", "source": "OpenStreetMap/Overpass"}}, {"type": "Feature", "geometry": {"type": "Point", "coordinates": [13.1985005, 52.6504784]}, "properties": {"id": "osm:way:475364877", "type": "school", "name": "Grundschule Nord", "source": "OpenStreetMap/Overpass"}}, {"type": "Feature", "geometry": {"type": "Point", "coordinates": [13.5087496, 52.5067394]}, "properties": {"id": "osm:way:475873670", "type": "kindergarten", "name": "Kita Lichtenzwerge", "source": "OpenStreetMap/Overpass"}}, {"type": "Feature", "geometry": {"type": "Point", "coordinates": [13.516098, 52.5741493]}, "properties": {"id": "osm:way:476915196", "type": "kindergarten", "name": "Kindergarten Hummelwiese", "source": "OpenStreetMap/Overpass"}}, {"type": "Feature", "geometry": {"type": "Point", "coordinates": [13.5676356, 52.5346671]}, "properties": {"id": "osm:way:477323088", "type": "kindergarten", "name": "Kita Traumland", "source": "OpenStreetMap/Overpass"}}, {"type": "Feature", "geometry": {"type": "Point", "coordinates": [13.6027411, 52.5146169]}, "properties": {"id": "osm:way:477515685", "type": "kindergarten", "name": "Kindergarten Landrestraße", "source": "OpenStreetMap/Overpass"}}, {"type": "Feature", "geometry": {"type": "Point", "coordinates": [13.5731834, 52.5263103]}, "properties": {"id": "osm:way:482794311", "type": "kindergarten", "name": "Kita Hasenburg", "source": "OpenStreetMap/Overpass"}}, {"type": "Feature", "geometry": {"type": "Point", "coordinates": [13.3143927, 52.6106563]}, "properties": {"id": "osm:way:483325558", "type": "kindergarten", "name": "Kita Froschkönig", "source": "OpenStreetMap/Overpass"}}, {"type": "Feature", "geometry": {"type": "Point", "coordinates": [13.5161911, 52.5535071]}, "properties": {"id": "osm:way:486405992", "type": "kindergarten", "name": "", "source": "OpenStreetMap/Overpass"}}, {"type": "Feature", "geometry": {"type": "Point", "coordinates": [13.464667, 52.5136229]}, "properties": {"id": "osm:way:487910724", "type": "kindergarten", "name": "Kita Colbestraße", "source": "OpenStreetMap/Overpass"}}, {"type": "Feature", "geometry": {"type": "Point", "coordinates": [13.684629, 52.52972]}, "properties": {"id": "osm:way:488934771", "type": "kindergarten", "name": "Kleine Sprachfüchse", "source": "OpenStreetMap/Overpass"}}, {"type": "Feature", "geometry": {"type": "Point", "coordinates": [13.3117545, 52.6172062]}, "properties": {"id": "osm:way:492111653", "type": "kindergarten", "name": "Evangelische Kita Hermsdorf", "source": "OpenStreetMap/Overpass"}}, {"type": "Feature", "geometry": {"type": "Point", "coordinates": [13.4822511, 52.5787469]}, "properties": {"id": "osm:way:492220001", "type": "kindergarten", "name": "Kita Storchenkinder", "source": "OpenStreetMap/Overpass"}}, {"type": "Feature", "geometry": {"type": "Point", "coordinates": [13.2470573, 52.6611515]}, "properties": {"id": "osm:way:494405178", "type": "school", "name": "Klassenzimmer (Open Air)", "source": "OpenStreetMap/Overpass"}}, {"type": "Feature", "geometry": {"type": "Point", "coordinates": [13.4454028, 52.543386]}, "properties": {"id": "osm:way:494691011", "type": "kindergarten", "name": "Kita Mühlengeister", "source": "OpenStreetMap/Overpass"}}, {"type": "Feature", "geometry": {"type": "Point", "coordinates": [13.4494243, 52.5409814]}, "properties": {"id": "osm:way:494766521", "type": "kindergarten", "name": "Kita am Zauberberg", "source": "OpenStreetMap/Overpass"}}, {"type": "Feature", "geometry": {"type": "Point", "coordinates": [13.4555142, 52.5365516]}, "properties": {"id": "osm:way:496657168", "type": "school", "name": "", "source": "OpenStreetMap/Overpass"}}, {"type": "Feature", "geometry": {"type": "Point", "coordinates": [13.2659819, 52.5407268]}, "properties": {"id": "osm:way:497438317", "type": "kindergarten", "name": "SieKids Betriebskindergarten der Siemens AG", "source": "OpenStreetMap/Overpass"}}, {"type": "Feature", "geometry": {"type": "Point", "coordinates": [13.4724662, 52.429981]}, "properties": {"id": "osm:way:497958841", "type": "kindergarten", "name": "Ev. Kita Dreieinigkeit", "source": "OpenStreetMap/Overpass"}}, {"type": "Feature", "geometry": {"type": "Point", "coordinates": [13.5552479, 52.5708177]}, "properties": {"id": "osm:way:499989210", "type": "kindergarten", "name": "Katholische Kindertagesstätte St. Konrad von Parzham", "source": "OpenStreetMap/Overpass"}}, {"type": "Feature", "geometry": {"type": "Point", "coordinates": [13.2066783, 52.6444815]}, "properties": {"id": "osm:way:500697045", "type": "school", "name": "", "source": "OpenStreetMap/Overpass"}}, {"type": "Feature", "geometry": {"type": "Point", "coordinates": [13.2117591, 52.6390866]}, "properties": {"id": "osm:way:500710958", "type": "school", "name": "", "source": "OpenStreetMap/Overpass"}}, {"type": "Feature", "geometry": {"type": "Point", "coordinates": [13.1866204, 52.6468483]}, "properties": {"id": "osm:way:500900322", "type": "school", "name": "Albert-Schweitzer-Oberschule", "source": "OpenStreetMap/Overpass"}}, {"type": "Feature", "geometry": {"type": "Point", "coordinates": [13.5981605, 52.5411719]}, "properties": {"id": "osm:way:501026662", "type": "school", "name": "Pusteblume-Grundschule", "source": "OpenStreetMap/Overpass"}}, {"type": "Feature", "geometry": {"type": "Point", "coordinates": [13.5759338, 52.5725272]}, "properties": {"id": "osm:way:501423962", "type": "kindergarten", "name": "Kita Bunte Kinderwelt", "source": "OpenStreetMap/Overpass"}}, {"type": "Feature", "geometry": {"type": "Point", "coordinates": [13.5243285, 52.4856654]}, "properties": {"id": "osm:way:501671655", "type": "kindergarten", "name": "Musikkindergarten Lichtenberg", "source": "OpenStreetMap/Overpass"}}, {"type": "Feature", "geometry": {"type": "Point", "coordinates": [13.5342224, 52.4855768]}, "properties": {"id": "osm:way:501680530", "type": "kindergarten", "name": "AWO-Kita Grashüpfer", "source": "OpenStreetMap/Overpass"}}, {"type": "Feature", "geometry": {"type": "Point", "coordinates": [13.553191, 52.5058408]}, "properties": {"id": "osm:way:501750759", "type": "kindergarten", "name": "Kindergarten casa dei bambini", "source": "OpenStreetMap/Overpass"}}, {"type": "Feature", "geometry": {"type": "Point", "coordinates": [13.195537, 52.6113692]}, "properties": {"id": "osm:way:502369465", "type": "school", "name": "Biber Schule", "source": "OpenStreetMap/Overpass"}}, {"type": "Feature", "geometry": {"type": "Point", "coordinates": [13.1717378, 52.5168087]}, "properties": {"id": "osm:way:502815251", "type": "kindergarten", "name": "Kita Laurentius", "source": "OpenStreetMap/Overpass"}}, {"type": "Feature", "geometry": {"type": "Point", "coordinates": [13.1665494, 52.5224952]}, "properties": {"id": "osm:way:502815252", "type": "kindergarten", "name": "Kita Regenbogen", "source": "OpenStreetMap/Overpass"}}, {"type": "Feature", "geometry": {"type": "Point", "coordinates": [13.1621375, 52.5167962]}, "properties": {"id": "osm:way:502815253", "type": "kindergarten", "name": "Kita Mareyzeile", "source": "OpenStreetMap/Overpass"}}, {"type": "Feature", "geometry": {"type": "Point", "coordinates": [13.1570761, 52.5227117]}, "properties": {"id": "osm:way:502815254", "type": "kindergarten", "name": "Kita Pillnitzer Weg", "source": "OpenStreetMap/Overpass"}}, {"type": "Feature", "geometry": {"type": "Point", "coordinates": [13.3879231, 52.6288229]}, "properties": {"id": "osm:way:502815255", "type": "kindergarten", "name": "Die Waldläufer", "source": "OpenStreetMap/Overpass"}}, {"type": "Feature", "geometry": {"type": "Point", "coordinates": [13.1366921, 52.5339216]}, "properties": {"id": "osm:way:502815257", "type": "kindergarten", "name": "Kneipp-Kita Spandau", "source": "OpenStreetMap/Overpass"}}, {"type": "Feature", "geometry": {"type": "Point", "coordinates": [13.1358558, 52.5339544]}, "properties": {"id": "osm:way:502815259", "type": "kindergarten", "name": "Kita Feldhäuschen", "source": "OpenStreetMap/Overpass"}}, {"type": "Feature", "geometry": {"type": "Point", "coordinates": [13.1529325, 52.5528925]}, "properties": {"id": "osm:way:502815263", "type": "kindergarten", "name": "Kita Drachenburg", "source": "OpenStreetMap/Overpass"}}, {"type": "Feature", "geometry": {"type": "Point", "coordinates": [13.1955786, 52.545717]}, "properties": {"id": "osm:way:502815267", "type": "kindergarten", "name": "Kita Ackerstraße", "source": "OpenStreetMap/Overpass"}}, {"type": "Feature", "geometry": {"type": "Point", "coordinates": [13.555123, 52.5547641]}, "properties": {"id": "osm:way:503086199", "type": "kindergarten", "name": "Kita Sonnenschein", "source": "OpenStreetMap/Overpass"}}, {"type": "Feature", "geometry": {"type": "Point", "coordinates": [13.5639766, 52.5641582]}, "properties": {"id": "osm:way:503229663", "type": "kindergarten", "name": "Kita Irgendwie Anders", "source": "OpenStreetMap/Overpass"}}, {"type": "Feature", "geometry": {"type": "Point", "coordinates": [13.1871436, 52.511522]}, "properties": {"id": "osm:way:503693821", "type": "kindergarten", "name": "Kita Havelnest", "source": "OpenStreetMap/Overpass"}}, {"type": "Feature", "geometry": {"type": "Point", "coordinates": [13.1900772, 52.5213502]}, "properties": {"id": "osm:way:503693822", "type": "school", "name": "Paul-Moor-Grundschule", "source": "OpenStreetMap/Overpass"}}, {"type": "Feature", "geometry": {"type": "Point", "coordinates": [13.1885394, 52.519662]}, "properties": {"id": "osm:way:503693823", "type": "kindergarten", "name": "Schulhort Melanchthonstraße 10-11", "source": "OpenStreetMap/Overpass"}}, {"type": "Feature", "geometry": {"type": "Point", "coordinates": [13.3760499, 52.5630253]}, "properties": {"id": "osm:way:504233939", "type": "kindergarten", "name": "Kita Letteallee", "source": "OpenStreetMap/Overpass"}}, {"type": "Feature", "geometry": {"type": "Point", "coordinates": [13.2111453, 52.5646648]}, "properties": {"id": "osm:way:504808980", "type": "kindergarten", "name": "Kita Gerda und Rolf Schopf", "source": "OpenStreetMap/Overpass"}}, {"type": "Feature", "geometry": {"type": "Point", "coordinates": [13.26396, 52.4963099]}, "properties": {"id": "osm:way:505092316", "type": "kindergarten", "name": "Kindertagesstätte Frieden", "source": "OpenStreetMap/Overpass"}}, {"type": "Feature", "geometry": {"type": "Point", "coordinates": [13.3294472, 52.4720227]}, "properties": {"id": "osm:way:505639161", "type": "kindergarten", "name": "Kita Fri-Willi", "source": "OpenStreetMap/Overpass"}}, {"type": "Feature", "geometry": {"type": "Point", "coordinates": [13.330067, 52.4712621]}, "properties": {"id": "osm:way:505639162", "type": "kindergarten", "name": "Villa Anna", "source": "OpenStreetMap/Overpass"}}, {"type": "Feature", "geometry": {"type": "Point", "coordinates": [13.3362246, 52.4669644]}, "properties": {"id": "osm:way:505639168", "type": "kindergarten", "name": "Kita Fregestraße", "source": "OpenStreetMap/Overpass"}}, {"type": "Feature", "geometry": {"type": "Point", "coordinates": [13.5614757, 52.568761]}, "properties": {"id": "osm:way:505799168", "type": "kindergarten", "name": "Humanistische Kita Knirpsenstadt am Glitzerbach", "source": "OpenStreetMap/Overpass"}}, {"type": "Feature", "geometry": {"type": "Point", "coordinates": [13.5622056, 52.5698494]}, "properties": {"id": "osm:way:505803017", "type": "school", "name": "Schule am grünen Stadtrand", "source": "OpenStreetMap/Overpass"}}, {"type": "Feature", "geometry": {"type": "Point", "coordinates": [13.5285293, 52.5648376]}, "properties": {"id": "osm:way:506230484", "type": "kindergarten", "name": "Kita Glühwürmchen", "source": "OpenStreetMap/Overpass"}}, {"type": "Feature", "geometry": {"type": "Point", "coordinates": [13.5280425, 52.564614]}, "properties": {"id": "osm:way:506230487", "type": "kindergarten", "name": "Krippe Grashüpfer", "source": "OpenStreetMap/Overpass"}}, {"type": "Feature", "geometry": {"type": "Point", "coordinates": [13.5839324, 52.522016]}, "properties": {"id": "osm:way:506413931", "type": "kindergarten", "name": "KITA Baumelbaum", "source": "OpenStreetMap/Overpass"}}, {"type": "Feature", "geometry": {"type": "Point", "coordinates": [13.1165425, 52.4466345]}, "properties": {"id": "osm:way:508238218", "type": "kindergarten", "name": "Die Eichhörnchen Bande e.V.", "source": "OpenStreetMap/Overpass"}}, {"type": "Feature", "geometry": {"type": "Point", "coordinates": [13.4126238, 52.5712229]}, "properties": {"id": "osm:way:508242793", "type": "kindergarten", "name": "Kindertagesstätte Sankt Georg", "source": "OpenStreetMap/Overpass"}}, {"type": "Feature", "geometry": {"type": "Point", "coordinates": [13.2901742, 52.5116962]}, "properties": {"id": "osm:way:508462993", "type": "school", "name": "Hans-Litten-Schule", "source": "OpenStreetMap/Overpass"}}, {"type": "Feature", "geometry": {"type": "Point", "coordinates": [13.3598562, 52.6023524]}, "properties": {"id": "osm:way:512374624", "type": "kindergarten", "name": "Evangelische Kita Regenbogen", "source": "OpenStreetMap/Overpass"}}, {"type": "Feature", "geometry": {"type": "Point", "coordinates": [13.4456364, 52.5238542]}, "properties": {"id": "osm:way:512394575", "type": "kindergarten", "name": "Kita Buddelflink", "source": "OpenStreetMap/Overpass"}}, {"type": "Feature", "geometry": {"type": "Point", "coordinates": [13.5062648, 52.5299565]}, "properties": {"id": "osm:way:512889971", "type": "school", "name": "Schule am Grünen Grund", "source": "OpenStreetMap/Overpass"}}, {"type": "Feature", "geometry": {"type": "Point", "coordinates": [13.1572819, 52.5305019]}, "properties": {"id": "osm:way:513007663", "type": "school", "name": "Astrid-Lindgren-Grundschule", "source": "OpenStreetMap/Overpass"}}, {"type": "Feature", "geometry": {"type": "Point", "coordinates": [13.1254535, 52.472692]}, "properties": {"id": "osm:way:513009379", "type": "kindergarten", "name": "Hort der Mary-Poppins-Grundschule", "source": "OpenStreetMap/Overpass"}}, {"type": "Feature", "geometry": {"type": "Point", "coordinates": [13.2408774, 52.4404224]}, "properties": {"id": "osm:way:513113959", "type": "school", "name": "Produktives Lernen", "source": "OpenStreetMap/Overpass"}}, {"type": "Feature", "geometry": {"type": "Point", "coordinates": [13.2307659, 52.4349122]}, "properties": {"id": "osm:way:513113963", "type": "kindergarten", "name": "Waldorfkindergarten Zehlendorf", "source": "OpenStreetMap/Overpass"}}, {"type": "Feature", "geometry": {"type": "Point", "coordinates": [13.420837, 52.5564967]}, "properties": {"id": "osm:way:514006277", "type": "kindergarten", "name": "Kindergarten Pusteblume", "source": "OpenStreetMap/Overpass"}}, {"type": "Feature", "geometry": {"type": "Point", "coordinates": [13.4098169, 52.5549649]}, "properties": {"id": "osm:way:515148123", "type": "kindergarten", "name": "Kita Villa Schabernack", "source": "OpenStreetMap/Overpass"}}, {"type": "Feature", "geometry": {"type": "Point", "coordinates": [13.1561967, 52.458249]}, "properties": {"id": "osm:way:515214703", "type": "kindergarten", "name": "Kita Kladow/AWO", "source": "OpenStreetMap/Overpass"}}, {"type": "Feature", "geometry": {"type": "Point", "coordinates": [13.5389115, 52.4186029]}, "properties": {"id": "osm:way:515634908", "type": "school", "name": "Grundschule am Berg", "source": "OpenStreetMap/Overpass"}}, {"type": "Feature", "geometry": {"type": "Point", "coordinates": [13.5307033, 52.5644603]}, "properties": {"id": "osm:way:515989451", "type": "kindergarten", "name": "Krugwiesen Hof", "source": "OpenStreetMap/Overpass"}}, {"type": "Feature", "geometry": {"type": "Point", "coordinates": [13.3448544, 52.4680045]}, "properties": {"id": "osm:way:516219609", "type": "school", "name": "Friedenauer Gemeinschaftsschule (Sekundarstufe)", "source": "OpenStreetMap/Overpass"}}, {"type": "Feature", "geometry": {"type": "Point", "coordinates": [13.5442306, 52.53191]}, "properties": {"id": "osm:way:516237946", "type": "kindergarten", "name": "Kindergarten Spatzennest", "source": "OpenStreetMap/Overpass"}}, {"type": "Feature", "geometry": {"type": "Point", "coordinates": [13.3618716, 52.4908624]}, "properties": {"id": "osm:way:517889222", "type": "kindergarten", "name": "Kita Neue Steinmetzstraße", "source": "OpenStreetMap/Overpass"}}, {"type": "Feature", "geometry": {"type": "Point", "coordinates": [13.5475982, 52.6290446]}, "properties": {"id": "osm:way:518427617", "type": "kindergarten", "name": "Kinderhaus Fantasia Kita", "source": "OpenStreetMap/Overpass"}}, {"type": "Feature", "geometry": {"type": "Point", "coordinates": [13.461802, 52.4414793]}, "properties": {"id": "osm:way:518459108", "type": "kindergarten", "name": "Kita Möwe", "source": "OpenStreetMap/Overpass"}}, {"type": "Feature", "geometry": {"type": "Point", "coordinates": [13.2859268, 52.6106425]}, "properties": {"id": "osm:way:518889330", "type": "kindergarten", "name": "Waldkindergarten Waldwichtel", "source": "OpenStreetMap/Overpass"}}, {"type": "Feature", "geometry": {"type": "Point", "coordinates": [13.466183, 52.424179]}, "properties": {"id": "osm:way:519908750", "type": "kindergarten", "name": "Kita Regenbogen", "source": "OpenStreetMap/Overpass"}}, {"type": "Feature", "geometry": {"type": "Point", "coordinates": [13.6176557, 52.4916809]}, "properties": {"id": "osm:way:520464135", "type": "kindergarten", "name": "Kita Sonnenblume", "source": "OpenStreetMap/Overpass"}}, {"type": "Feature", "geometry": {"type": "Point", "coordinates": [13.6055044, 52.4832307]}, "properties": {"id": "osm:way:520464136", "type": "kindergarten", "name": "Kita Wirbelwind", "source": "OpenStreetMap/Overpass"}}, {"type": "Feature", "geometry": {"type": "Point", "coordinates": [13.6058852, 52.4730864]}, "properties": {"id": "osm:way:520464137", "type": "kindergarten", "name": "Haus am Wald", "source": "OpenStreetMap/Overpass"}}, {"type": "Feature", "geometry": {"type": "Point", "coordinates": [13.4429581, 52.4238867]}, "properties": {"id": "osm:way:520465997", "type": "kindergarten", "name": "Hort Siebenstein", "source": "OpenStreetMap/Overpass"}}, {"type": "Feature", "geometry": {"type": "Point", "coordinates": [13.4219116, 52.5509477]}, "properties": {"id": "osm:way:520749042", "type": "school", "name": "Carl-Humann-Grundschule", "source": "OpenStreetMap/Overpass"}}, {"type": "Feature", "geometry": {"type": "Point", "coordinates": [13.4561943, 52.4269873]}, "properties": {"id": "osm:way:522889553", "type": "kindergarten", "name": "Kindertagesstätte Kirschnerweg", "source": "OpenStreetMap/Overpass"}}, {"type": "Feature", "geometry": {"type": "Point", "coordinates": [13.4564297, 52.4251868]}, "properties": {"id": "osm:way:522889568", "type": "school", "name": "Hugo-Heimann-Schule", "source": "OpenStreetMap/Overpass"}}, {"type": "Feature", "geometry": {"type": "Point", "coordinates": [13.4178996, 52.3920473]}, "properties": {"id": "osm:way:522947469", "type": "kindergarten", "name": "Kita Nahariyastraße", "source": "OpenStreetMap/Overpass"}}, {"type": "Feature", "geometry": {"type": "Point", "coordinates": [13.4032598, 52.4170603]}, "properties": {"id": "osm:way:523198789", "type": "kindergarten", "name": "Kinderladen Kasperle", "source": "OpenStreetMap/Overpass"}}, {"type": "Feature", "geometry": {"type": "Point", "coordinates": [13.3671198, 52.4134423]}, "properties": {"id": "osm:way:523212242", "type": "kindergarten", "name": "Kita Krümel-Club", "source": "OpenStreetMap/Overpass"}}, {"type": "Feature", "geometry": {"type": "Point", "coordinates": [13.4074527, 52.5276198]}, "properties": {"id": "osm:way:524991931", "type": "kindergarten", "name": "Kita Pfiffikus", "source": "OpenStreetMap/Overpass"}}, {"type": "Feature", "geometry": {"type": "Point", "coordinates": [13.3636237, 52.5559304]}, "properties": {"id": "osm:way:525385367", "type": "school", "name": "Schul-Umwelt-Zentrum Mitte - Filiale Seestraße", "source": "OpenStreetMap/Overpass"}}, {"type": "Feature", "geometry": {"type": "Point", "coordinates": [13.6120979, 52.5406618]}, "properties": {"id": "osm:way:528156858", "type": "kindergarten", "name": "Kita „Spielhaus“", "source": "OpenStreetMap/Overpass"}}, {"type": "Feature", "geometry": {"type": "Point", "coordinates": [13.6144904, 52.5389751]}, "properties": {"id": "osm:way:528158630", "type": "kindergarten", "name": "Kita Meilenstein", "source": "OpenStreetMap/Overpass"}}, {"type": "Feature", "geometry": {"type": "Point", "coordinates": [13.3430031, 52.5662245]}, "properties": {"id": "osm:way:528598726", "type": "kindergarten", "name": "Kita Pfiffikus", "source": "OpenStreetMap/Overpass"}}, {"type": "Feature", "geometry": {"type": "Point", "coordinates": [13.3488223, 52.569694]}, "properties": {"id": "osm:way:529028234", "type": "kindergarten", "name": "Kita Kunterbunt", "source": "OpenStreetMap/Overpass"}}, {"type": "Feature", "geometry": {"type": "Point", "coordinates": [13.3193713, 52.4505393]}, "properties": {"id": "osm:way:529131662", "type": "kindergarten", "name": "Evangelische Kindertagesstätte Oberlin", "source": "OpenStreetMap/Overpass"}}, {"type": "Feature", "geometry": {"type": "Point", "coordinates": [13.1384482, 52.3845985]}, "properties": {"id": "osm:way:530266215", "type": "kindergarten", "name": "Regenbogenland", "source": "OpenStreetMap/Overpass"}}, {"type": "Feature", "geometry": {"type": "Point", "coordinates": [13.366238, 52.5755476]}, "properties": {"id": "osm:way:530432780", "type": "school", "name": "Kolumbus-Grundschule", "source": "OpenStreetMap/Overpass"}}, {"type": "Feature", "geometry": {"type": "Point", "coordinates": [13.5180935, 52.6267404]}, "properties": {"id": "osm:way:531897754", "type": "kindergarten", "name": "Kita \"Da Vinci\"", "source": "OpenStreetMap/Overpass"}}, {"type": "Feature", "geometry": {"type": "Point", "coordinates": [13.3266267, 52.4805908]}, "properties": {"id": "osm:way:532820463", "type": "kindergarten", "name": "Kita Livländische Straße", "source": "OpenStreetMap/Overpass"}}, {"type": "Feature", "geometry": {"type": "Point", "coordinates": [13.3279407, 52.4825288]}, "properties": {"id": "osm:way:532912361", "type": "kindergarten", "name": "Katholische Kindertagesstätte Heilig Kreuz", "source": "OpenStreetMap/Overpass"}}, {"type": "Feature", "geometry": {"type": "Point", "coordinates": [13.5242772, 52.5674247]}, "properties": {"id": "osm:way:532970680", "type": "kindergarten", "name": "Kita Löwenzahn", "source": "OpenStreetMap/Overpass"}}, {"type": "Feature", "geometry": {"type": "Point", "coordinates": [13.4932075, 52.5713494]}, "properties": {"id": "osm:way:533091325", "type": "kindergarten", "name": "Kindergarten Traumzauberbaum", "source": "OpenStreetMap/Overpass"}}, {"type": "Feature", "geometry": {"type": "Point", "coordinates": [13.6550692, 52.4155804]}, "properties": {"id": "osm:way:534228835", "type": "kindergarten", "name": "Kita Müggelbande", "source": "OpenStreetMap/Overpass"}}, {"type": "Feature", "geometry": {"type": "Point", "coordinates": [13.2298259, 52.4126263]}, "properties": {"id": "osm:way:539162972", "type": "kindergarten", "name": "Kita Arche", "source": "OpenStreetMap/Overpass"}}, {"type": "Feature", "geometry": {"type": "Point", "coordinates": [13.2363141, 52.3917396]}, "properties": {"id": "osm:way:539247649", "type": "kindergarten", "name": "Kita Mäuseburg", "source": "OpenStreetMap/Overpass"}}, {"type": "Feature", "geometry": {"type": "Point", "coordinates": [13.2100712, 52.5472989]}, "properties": {"id": "osm:way:539878823", "type": "kindergarten", "name": "KiTa Brauereihof", "source": "OpenStreetMap/Overpass"}}, {"type": "Feature", "geometry": {"type": "Point", "coordinates": [13.5211704, 52.4961005]}, "properties": {"id": "osm:way:539897860", "type": "kindergarten", "name": "Kita Bärenkinder", "source": "OpenStreetMap/Overpass"}}, {"type": "Feature", "geometry": {"type": "Point", "coordinates": [13.5184761, 52.495391]}, "properties": {"id": "osm:way:539897861", "type": "kindergarten", "name": "Inklusiver Abenteuerspielplatz Bauwagen Gang", "source": "OpenStreetMap/Overpass"}}, {"type": "Feature", "geometry": {"type": "Point", "coordinates": [13.5689085, 52.4401189]}, "properties": {"id": "osm:way:539936786", "type": "kindergarten", "name": "Kita Abenteuerland", "source": "OpenStreetMap/Overpass"}}, {"type": "Feature", "geometry": {"type": "Point", "coordinates": [13.314133, 52.4120567]}, "properties": {"id": "osm:way:541365167", "type": "kindergarten", "name": "Kita Sternenlichter", "source": "OpenStreetMap/Overpass"}}, {"type": "Feature", "geometry": {"type": "Point", "coordinates": [13.6394209, 52.5203176]}, "properties": {"id": "osm:way:541383864", "type": "kindergarten", "name": "Kita Grashüpfer", "source": "OpenStreetMap/Overpass"}}, {"type": "Feature", "geometry": {"type": "Point", "coordinates": [13.5704516, 52.6751419]}, "properties": {"id": "osm:way:542496792", "type": "school", "name": "", "source": "OpenStreetMap/Overpass"}}, {"type": "Feature", "geometry": {"type": "Point", "coordinates": [13.4038953, 52.447439]}, "properties": {"id": "osm:way:542897100", "type": "kindergarten", "name": "Kindertagesstätte Mariendorf-Ost", "source": "OpenStreetMap/Overpass"}}, {"type": "Feature", "geometry": {"type": "Point", "coordinates": [13.5709925, 52.521345]}, "properties": {"id": "osm:way:543331544", "type": "kindergarten", "name": "KulturKindergarten am Unfallkrankenhaus Berlin", "source": "OpenStreetMap/Overpass"}}, {"type": "Feature", "geometry": {"type": "Point", "coordinates": [13.5040331, 52.4039492]}, "properties": {"id": "osm:way:544824655", "type": "kindergarten", "name": "Kindertagesstätte Ursulinchen", "source": "OpenStreetMap/Overpass"}}, {"type": "Feature", "geometry": {"type": "Point", "coordinates": [13.5100608, 52.4028241]}, "properties": {"id": "osm:way:544824694", "type": "kindergarten", "name": "Kindertagesstätte Die wilde 13", "source": "OpenStreetMap/Overpass"}}, {"type": "Feature", "geometry": {"type": "Point", "coordinates": [13.2147251, 52.4313667]}, "properties": {"id": "osm:way:546797631", "type": "kindergarten", "name": "Kita der Kath. Kirchengem. Zu den hl. Zwölf Aposteln", "source": "OpenStreetMap/Overpass"}}, {"type": "Feature", "geometry": {"type": "Point", "coordinates": [13.2046769, 52.43151]}, "properties": {"id": "osm:way:546797636", "type": "kindergarten", "name": "Kita-Lucky Kids", "source": "OpenStreetMap/Overpass"}}, {"type": "Feature", "geometry": {"type": "Point", "coordinates": [13.2257938, 52.4417946]}, "properties": {"id": "osm:way:546803527", "type": "school", "name": "Caroline-von-Heydebrand Schule", "source": "OpenStreetMap/Overpass"}}, {"type": "Feature", "geometry": {"type": "Point", "coordinates": [13.2205998, 52.4354427]}, "properties": {"id": "osm:way:546803532", "type": "kindergarten", "name": "Ev. Kita Schlachtensee", "source": "OpenStreetMap/Overpass"}}, {"type": "Feature", "geometry": {"type": "Point", "coordinates": [13.5515381, 52.512204]}, "properties": {"id": "osm:way:546860533", "type": "kindergarten", "name": "Kita Biesdorfer Zwergenhaus", "source": "OpenStreetMap/Overpass"}}, {"type": "Feature", "geometry": {"type": "Point", "coordinates": [13.2338045, 52.4465262]}, "properties": {"id": "osm:way:546866086", "type": "school", "name": "Parzival-Schule", "source": "OpenStreetMap/Overpass"}}, {"type": "Feature", "geometry": {"type": "Point", "coordinates": [13.2849721, 52.4744875]}, "properties": {"id": "osm:way:547193307", "type": "kindergarten", "name": "Kita Schatzinsel", "source": "OpenStreetMap/Overpass"}}, {"type": "Feature", "geometry": {"type": "Point", "coordinates": [13.2931768, 52.4728214]}, "properties": {"id": "osm:way:547193308", "type": "kindergarten", "name": "Kita der Ev. Kirchengem. Alt-Schmargendorf", "source": "OpenStreetMap/Overpass"}}, {"type": "Feature", "geometry": {"type": "Point", "coordinates": [13.3098611, 52.4547467]}, "properties": {"id": "osm:way:547248663", "type": "kindergarten", "name": "JFK Friendship Center", "source": "OpenStreetMap/Overpass"}}, {"type": "Feature", "geometry": {"type": "Point", "coordinates": [13.3141622, 52.4638565]}, "properties": {"id": "osm:way:547248664", "type": "kindergarten", "name": "Kita Forststraße", "source": "OpenStreetMap/Overpass"}}, {"type": "Feature", "geometry": {"type": "Point", "coordinates": [13.278391, 52.4861251]}, "properties": {"id": "osm:way:547392024", "type": "kindergarten", "name": "Kindertagesstätte der Jüdischen Gemeinde zu Berlin", "source": "OpenStreetMap/Overpass"}}, {"type": "Feature", "geometry": {"type": "Point", "coordinates": [13.5662251, 52.4487332]}, "properties": {"id": "osm:way:548025631", "type": "kindergarten", "name": "Kita Knirpsenbude", "source": "OpenStreetMap/Overpass"}}, {"type": "Feature", "geometry": {"type": "Point", "coordinates": [13.5349273, 52.581251]}, "properties": {"id": "osm:way:548576035", "type": "school", "name": "Matibi-Schule (Filiale)", "source": "OpenStreetMap/Overpass"}}, {"type": "Feature", "geometry": {"type": "Point", "coordinates": [13.592056, 52.5254603]}, "properties": {"id": "osm:way:549379114", "type": "school", "name": "dreieins Grundschule Kaulsdorf", "source": "OpenStreetMap/Overpass"}}, {"type": "Feature", "geometry": {"type": "Point", "coordinates": [13.2505856, 52.4485491]}, "properties": {"id": "osm:way:549548788", "type": "kindergarten", "name": "Kindertagesstätte der Emmaus-Gemeinde", "source": "OpenStreetMap/Overpass"}}, {"type": "Feature", "geometry": {"type": "Point", "coordinates": [13.3901804, 52.5285624]}, "properties": {"id": "osm:way:551660304", "type": "kindergarten", "name": "Fröbel-Kindergarten mittendrin", "source": "OpenStreetMap/Overpass"}}, {"type": "Feature", "geometry": {"type": "Point", "coordinates": [13.4271977, 52.524903]}, "properties": {"id": "osm:way:552963267", "type": "kindergarten", "name": "Kita hör-höchste", "source": "OpenStreetMap/Overpass"}}, {"type": "Feature", "geometry": {"type": "Point", "coordinates": [13.3187071, 52.4767526]}, "properties": {"id": "osm:way:553841551", "type": "kindergarten", "name": "Kindertagesstätte der Evangelischen Vaterunser-Kirchengemeinde", "source": "OpenStreetMap/Overpass"}}, {"type": "Feature", "geometry": {"type": "Point", "coordinates": [13.6984007, 52.4366228]}, "properties": {"id": "osm:way:554932021", "type": "kindergarten", "name": "FiPP Kita Rahnsdorfer Spatzen", "source": "OpenStreetMap/Overpass"}}, {"type": "Feature", "geometry": {"type": "Point", "coordinates": [13.7023055, 52.4411055]}, "properties": {"id": "osm:way:554934666", "type": "kindergarten", "name": "Kita der Ev. Kirchengem. Rahnsdorf", "source": "OpenStreetMap/Overpass"}}, {"type": "Feature", "geometry": {"type": "Point", "coordinates": [13.5690963, 52.51693]}, "properties": {"id": "osm:way:556024976", "type": "school", "name": "Internationale Lomonossow-Schule Berlin Marzahn", "source": "OpenStreetMap/Overpass"}}, {"type": "Feature", "geometry": {"type": "Point", "coordinates": [13.392781, 52.4861175]}, "properties": {"id": "osm:way:558713343", "type": "kindergarten", "name": "Kita Schwiebusser Straße 5", "source": "OpenStreetMap/Overpass"}}, {"type": "Feature", "geometry": {"type": "Point", "coordinates": [13.325618, 52.4846297]}, "properties": {"id": "osm:way:560824071", "type": "kindergarten", "name": "Kita Wilhelmsaue", "source": "OpenStreetMap/Overpass"}}, {"type": "Feature", "geometry": {"type": "Point", "coordinates": [13.5856688, 52.5412204]}, "properties": {"id": "osm:way:562037302", "type": "kindergarten", "name": "Kita Wummelbude", "source": "OpenStreetMap/Overpass"}}, {"type": "Feature", "geometry": {"type": "Point", "coordinates": [13.5907185, 52.5431767]}, "properties": {"id": "osm:way:562054405", "type": "school", "name": "Sartre-Gymnasium", "source": "OpenStreetMap/Overpass"}}, {"type": "Feature", "geometry": {"type": "Point", "coordinates": [13.4083485, 52.5623246]}, "properties": {"id": "osm:way:562321757", "type": "kindergarten", "name": "Sonnenkäfer", "source": "OpenStreetMap/Overpass"}}, {"type": "Feature", "geometry": {"type": "Point", "coordinates": [13.6164658, 52.5078857]}, "properties": {"id": "osm:way:566751232", "type": "school", "name": "Integrierte Sekundarschule Mahlsdorf", "source": "OpenStreetMap/Overpass"}}, {"type": "Feature", "geometry": {"type": "Point", "coordinates": [13.2068357, 52.5413766]}, "properties": {"id": "osm:way:567500630", "type": "kindergarten", "name": "Kita Neuendorfer Straße 3", "source": "OpenStreetMap/Overpass"}}, {"type": "Feature", "geometry": {"type": "Point", "coordinates": [13.1327446, 52.5993409]}, "properties": {"id": "osm:way:567588920", "type": "kindergarten", "name": "Kita Sonnenschein", "source": "OpenStreetMap/Overpass"}}, {"type": "Feature", "geometry": {"type": "Point", "coordinates": [13.4109087, 52.4012436]}, "properties": {"id": "osm:way:568311362", "type": "kindergarten", "name": "Kita Schlösschen-Süd", "source": "OpenStreetMap/Overpass"}}, {"type": "Feature", "geometry": {"type": "Point", "coordinates": [13.4422387, 52.5002139]}, "properties": {"id": "osm:way:571095604", "type": "kindergarten", "name": "Kita Schlesische Straße 3/4", "source": "OpenStreetMap/Overpass"}}, {"type": "Feature", "geometry": {"type": "Point", "coordinates": [13.3239014, 52.4849198]}, "properties": {"id": "osm:way:572846576", "type": "kindergarten", "name": "Kita Auen", "source": "OpenStreetMap/Overpass"}}, {"type": "Feature", "geometry": {"type": "Point", "coordinates": [13.3232703, 52.4847419]}, "properties": {"id": "osm:way:572846591", "type": "kindergarten", "name": "Villa Comenius", "source": "OpenStreetMap/Overpass"}}, {"type": "Feature", "geometry": {"type": "Point", "coordinates": [13.2600424, 52.4223596]}, "properties": {"id": "osm:way:577414567", "type": "kindergarten", "name": "Evangelische Kindertagesstätte Zur Heimat", "source": "OpenStreetMap/Overpass"}}, {"type": "Feature", "geometry": {"type": "Point", "coordinates": [13.2823116, 52.4503093]}, "properties": {"id": "osm:way:577421741", "type": "kindergarten", "name": "Kita Faradayweg", "source": "OpenStreetMap/Overpass"}}, {"type": "Feature", "geometry": {"type": "Point", "coordinates": [13.301757, 52.4464271]}, "properties": {"id": "osm:way:577662858", "type": "kindergarten", "name": "Kindergarten FlowerKids", "source": "OpenStreetMap/Overpass"}}, {"type": "Feature", "geometry": {"type": "Point", "coordinates": [13.3331462, 52.4549403]}, "properties": {"id": "osm:way:577687820", "type": "kindergarten", "name": "Kindergarten Blumenstadt", "source": "OpenStreetMap/Overpass"}}, {"type": "Feature", "geometry": {"type": "Point", "coordinates": [13.3502709, 52.4508773]}, "properties": {"id": "osm:way:579797043", "type": "kindergarten", "name": "Kita St. Johannes Evangelist", "source": "OpenStreetMap/Overpass"}}, {"type": "Feature", "geometry": {"type": "Point", "coordinates": [13.224292, 52.406318]}, "properties": {"id": "osm:way:580041969", "type": "kindergarten", "name": "Kita Freundschaft", "source": "OpenStreetMap/Overpass"}}, {"type": "Feature", "geometry": {"type": "Point", "coordinates": [13.5289088, 52.4788552]}, "properties": {"id": "osm:way:580782452", "type": "kindergarten", "name": "Kindertagesstätte Am Carlsgarten", "source": "OpenStreetMap/Overpass"}}, {"type": "Feature", "geometry": {"type": "Point", "coordinates": [13.195806, 52.5450735]}, "properties": {"id": "osm:way:581863656", "type": "school", "name": "", "source": "OpenStreetMap/Overpass"}}, {"type": "Feature", "geometry": {"type": "Point", "coordinates": [13.3808353, 52.5273318]}, "properties": {"id": "osm:way:583306357", "type": "school", "name": "Grundschule Neues Tor", "source": "OpenStreetMap/Overpass"}}, {"type": "Feature", "geometry": {"type": "Point", "coordinates": [13.4375539, 52.5650105]}, "properties": {"id": "osm:way:585841511", "type": "school", "name": "Grundschule am Wasserturm", "source": "OpenStreetMap/Overpass"}}, {"type": "Feature", "geometry": {"type": "Point", "coordinates": [13.5994807, 52.4748259]}, "properties": {"id": "osm:way:587858608", "type": "kindergarten", "name": "Europa Kita II Mahlsdorf", "source": "OpenStreetMap/Overpass"}}, {"type": "Feature", "geometry": {"type": "Point", "coordinates": [13.4464026, 52.465177]}, "properties": {"id": "osm:way:588064483", "type": "school", "name": "Aus- und Fortbildungszentrum", "source": "OpenStreetMap/Overpass"}}, {"type": "Feature", "geometry": {"type": "Point", "coordinates": [13.5396117, 52.4212904]}, "properties": {"id": "osm:way:588464768", "type": "kindergarten", "name": "Kita Krümelzwerge", "source": "OpenStreetMap/Overpass"}}, {"type": "Feature", "geometry": {"type": "Point", "coordinates": [13.4984087, 52.548028]}, "properties": {"id": "osm:way:588732922", "type": "school", "name": "Orankesee-Schule", "source": "OpenStreetMap/Overpass"}}, {"type": "Feature", "geometry": {"type": "Point", "coordinates": [13.2438362, 52.3952858]}, "properties": {"id": "osm:way:589888915", "type": "kindergarten", "name": "Teltow Kids", "source": "OpenStreetMap/Overpass"}}, {"type": "Feature", "geometry": {"type": "Point", "coordinates": [13.4894935, 52.5408912]}, "properties": {"id": "osm:way:590207620", "type": "kindergarten", "name": "Kita „Wundertüte“", "source": "OpenStreetMap/Overpass"}}, {"type": "Feature", "geometry": {"type": "Point", "coordinates": [13.4402815, 52.5512033]}, "properties": {"id": "osm:way:591139070", "type": "kindergarten", "name": "Kita Streustraße", "source": "OpenStreetMap/Overpass"}}, {"type": "Feature", "geometry": {"type": "Point", "coordinates": [13.4091357, 52.5262491]}, "properties": {"id": "osm:way:592762801", "type": "kindergarten", "name": "Kita Fridolin", "source": "OpenStreetMap/Overpass"}}, {"type": "Feature", "geometry": {"type": "Point", "coordinates": [13.4458188, 52.4224808]}, "properties": {"id": "osm:way:593467262", "type": "school", "name": "", "source": "OpenStreetMap/Overpass"}}, {"type": "Feature", "geometry": {"type": "Point", "coordinates": [13.3736375, 52.6658283]}, "properties": {"id": "osm:way:597136490", "type": "school", "name": "Käthe-Kollwitz-Gesamtschule", "source": "OpenStreetMap/Overpass"}}, {"type": "Feature", "geometry": {"type": "Point", "coordinates": [13.4578239, 52.5143933]}, "properties": {"id": "osm:way:597922449", "type": "kindergarten", "name": "Kita Windspiel", "source": "OpenStreetMap/Overpass"}}, {"type": "Feature", "geometry": {"type": "Point", "coordinates": [13.5675121, 52.5506599]}, "properties": {"id": "osm:way:599424969", "type": "kindergarten", "name": "Kita Märchenhaus", "source": "OpenStreetMap/Overpass"}}, {"type": "Feature", "geometry": {"type": "Point", "coordinates": [13.5240942, 52.4808557]}, "properties": {"id": "osm:way:603826544", "type": "kindergarten", "name": "Kita \"Kesse Früchtchen\"", "source": "OpenStreetMap/Overpass"}}, {"type": "Feature", "geometry": {"type": "Point", "coordinates": [13.3835264, 52.4237339]}, "properties": {"id": "osm:way:604460045", "type": "kindergarten", "name": "Sternchen", "source": "OpenStreetMap/Overpass"}}, {"type": "Feature", "geometry": {"type": "Point", "coordinates": [13.302512, 52.4604321]}, "properties": {"id": "osm:way:604464927", "type": "school", "name": "Königin-Luise-Stiftung", "source": "OpenStreetMap/Overpass"}}, {"type": "Feature", "geometry": {"type": "Point", "coordinates": [13.4007123, 52.3661494]}, "properties": {"id": "osm:way:604508865", "type": "school", "name": "Evangelische Grundschule Mahlow", "source": "OpenStreetMap/Overpass"}}, {"type": "Feature", "geometry": {"type": "Point", "coordinates": [13.5386546, 52.4023679]}, "properties": {"id": "osm:way:604853410", "type": "kindergarten", "name": "Kindertagesstätte Am Wegabogen", "source": "OpenStreetMap/Overpass"}}, {"type": "Feature", "geometry": {"type": "Point", "coordinates": [13.337632, 52.416944]}, "properties": {"id": "osm:way:605161186", "type": "kindergarten", "name": "Villa Mima", "source": "OpenStreetMap/Overpass"}}, {"type": "Feature", "geometry": {"type": "Point", "coordinates": [13.4392869, 52.5214422]}, "properties": {"id": "osm:way:606847150", "type": "school", "name": "37. Grundschule Berlin Friedrichshain", "source": "OpenStreetMap/Overpass"}}, {"type": "Feature", "geometry": {"type": "Point", "coordinates": [13.6311982, 52.3956699]}, "properties": {"id": "osm:way:607047000", "type": "kindergarten", "name": "Kita Kleiner Fratz Karolinenhof", "source": "OpenStreetMap/Overpass"}}, {"type": "Feature", "geometry": {"type": "Point", "coordinates": [13.3505972, 52.5924482]}, "properties": {"id": "osm:way:607259910", "type": "kindergarten", "name": "Kita Varus Sol", "source": "OpenStreetMap/Overpass"}}, {"type": "Feature", "geometry": {"type": "Point", "coordinates": [13.6065478, 52.5426793]}, "properties": {"id": "osm:way:608927604", "type": "kindergarten", "name": "Kita \"Himpelchen & Pimpelchen\"", "source": "OpenStreetMap/Overpass"}}, {"type": "Feature", "geometry": {"type": "Point", "coordinates": [13.60613, 52.5418982]}, "properties": {"id": "osm:way:608927612", "type": "kindergarten", "name": "Kita Kleine Kapitäne", "source": "OpenStreetMap/Overpass"}}, {"type": "Feature", "geometry": {"type": "Point", "coordinates": [13.4496339, 52.4230578]}, "properties": {"id": "osm:way:609149257", "type": "kindergarten", "name": "Humanistische Kindertagesstätte Pro-Dia", "source": "OpenStreetMap/Overpass"}}, {"type": "Feature", "geometry": {"type": "Point", "coordinates": [13.5071989, 52.4670395]}, "properties": {"id": "osm:way:610572570", "type": "kindergarten", "name": "", "source": "OpenStreetMap/Overpass"}}, {"type": "Feature", "geometry": {"type": "Point", "coordinates": [13.1401278, 52.5253213]}, "properties": {"id": "osm:way:611958093", "type": "kindergarten", "name": "Outlaw Kita Heerstraße", "source": "OpenStreetMap/Overpass"}}, {"type": "Feature", "geometry": {"type": "Point", "coordinates": [13.1401024, 52.5278385]}, "properties": {"id": "osm:way:611959055", "type": "kindergarten", "name": "Kita Wiesenweg", "source": "OpenStreetMap/Overpass"}}, {"type": "Feature", "geometry": {"type": "Point", "coordinates": [13.2279173, 52.5544999]}, "properties": {"id": "osm:way:612578505", "type": "kindergarten", "name": "Krippe Haveleckchen", "source": "OpenStreetMap/Overpass"}}, {"type": "Feature", "geometry": {"type": "Point", "coordinates": [13.5249648, 52.4781136]}, "properties": {"id": "osm:way:614116413", "type": "kindergarten", "name": "Kita Kleine Traber", "source": "OpenStreetMap/Overpass"}}, {"type": "Feature", "geometry": {"type": "Point", "coordinates": [13.4287764, 52.4768665]}, "properties": {"id": "osm:way:614517287", "type": "kindergarten", "name": "Kita Mini-Mix-International", "source": "OpenStreetMap/Overpass"}}, {"type": "Feature", "geometry": {"type": "Point", "coordinates": [13.2428177, 52.422835]}, "properties": {"id": "osm:way:615552611", "type": "kindergarten", "name": "Evangelische Kindertagesstätte Kita am Buschgraben", "source": "OpenStreetMap/Overpass"}}, {"type": "Feature", "geometry": {"type": "Point", "coordinates": [13.3433936, 52.5218415]}, "properties": {"id": "osm:way:616052486", "type": "kindergarten", "name": "Kindergarten Holsteiner Ufer 12", "source": "OpenStreetMap/Overpass"}}, {"type": "Feature", "geometry": {"type": "Point", "coordinates": [13.4602175, 52.5206766]}, "properties": {"id": "osm:way:617355226", "type": "kindergarten", "name": "Hexenkleckshausen / Elements", "source": "OpenStreetMap/Overpass"}}, {"type": "Feature", "geometry": {"type": "Point", "coordinates": [13.7221865, 52.4368423]}, "properties": {"id": "osm:way:617573889", "type": "kindergarten", "name": "Kita - Erknerstraße \"Villa Kunterbunt\"", "source": "OpenStreetMap/Overpass"}}, {"type": "Feature", "geometry": {"type": "Point", "coordinates": [13.5272142, 52.5624773]}, "properties": {"id": "osm:way:617842393", "type": "kindergarten", "name": "Kita \"Sonnenblümchen\"", "source": "OpenStreetMap/Overpass"}}, {"type": "Feature", "geometry": {"type": "Point", "coordinates": [13.5204358, 52.564513]}, "properties": {"id": "osm:way:617844699", "type": "kindergarten", "name": "Kita Bunte Spieltruhe", "source": "OpenStreetMap/Overpass"}}, {"type": "Feature", "geometry": {"type": "Point", "coordinates": [13.5144097, 52.4772053]}, "properties": {"id": "osm:way:618410329", "type": "kindergarten", "name": "Die Slups", "source": "OpenStreetMap/Overpass"}}, {"type": "Feature", "geometry": {"type": "Point", "coordinates": [13.4570281, 52.4927653]}, "properties": {"id": "osm:way:618460848", "type": "kindergarten", "name": "Kita Am Treptower Park", "source": "OpenStreetMap/Overpass"}}, {"type": "Feature", "geometry": {"type": "Point", "coordinates": [13.4270835, 52.5799383]}, "properties": {"id": "osm:way:618626434", "type": "kindergarten", "name": "", "source": "OpenStreetMap/Overpass"}}, {"type": "Feature", "geometry": {"type": "Point", "coordinates": [13.401922, 52.5818307]}, "properties": {"id": "osm:way:618626437", "type": "kindergarten", "name": "Kita Gänseblümchen", "source": "OpenStreetMap/Overpass"}}, {"type": "Feature", "geometry": {"type": "Point", "coordinates": [13.4016412, 52.5843217]}, "properties": {"id": "osm:way:618626438", "type": "school", "name": "Max-Delbrück-Gymnasium", "source": "OpenStreetMap/Overpass"}}, {"type": "Feature", "geometry": {"type": "Point", "coordinates": [13.3983163, 52.5475795]}, "properties": {"id": "osm:way:618765791", "type": "kindergarten", "name": "KiTa Am Mauerpark", "source": "OpenStreetMap/Overpass"}}, {"type": "Feature", "geometry": {"type": "Point", "coordinates": [13.2026285, 52.5171233]}, "properties": {"id": "osm:way:619848073", "type": "kindergarten", "name": "Kita Wassergeister", "source": "OpenStreetMap/Overpass"}}, {"type": "Feature", "geometry": {"type": "Point", "coordinates": [13.1523097, 52.5498874]}, "properties": {"id": "osm:way:620652869", "type": "school", "name": "Immanuel-Grundschule", "source": "OpenStreetMap/Overpass"}}, {"type": "Feature", "geometry": {"type": "Point", "coordinates": [13.5057201, 52.3893938]}, "properties": {"id": "osm:way:621518185", "type": "school", "name": "Gymnasium Schönefeld", "source": "OpenStreetMap/Overpass"}}, {"type": "Feature", "geometry": {"type": "Point", "coordinates": [13.5039549, 52.5536501]}, "properties": {"id": "osm:way:622812829", "type": "kindergarten", "name": "", "source": "OpenStreetMap/Overpass"}}, {"type": "Feature", "geometry": {"type": "Point", "coordinates": [13.1942362, 52.5723256]}, "properties": {"id": "osm:way:624100872", "type": "kindergarten", "name": "Kita im Johannisstift", "source": "OpenStreetMap/Overpass"}}, {"type": "Feature", "geometry": {"type": "Point", "coordinates": [13.3899396, 52.5839653]}, "properties": {"id": "osm:way:624234641", "type": "kindergarten", "name": "Kita Wirbelwind", "source": "OpenStreetMap/Overpass"}}, {"type": "Feature", "geometry": {"type": "Point", "coordinates": [13.3989327, 52.584026]}, "properties": {"id": "osm:way:624235063", "type": "school", "name": "Bard College Berlin Library", "source": "OpenStreetMap/Overpass"}}, {"type": "Feature", "geometry": {"type": "Point", "coordinates": [13.1820154, 52.4862933]}, "properties": {"id": "osm:way:625098988", "type": "kindergarten", "name": "Kita Apfelbande", "source": "OpenStreetMap/Overpass"}}, {"type": "Feature", "geometry": {"type": "Point", "coordinates": [13.339977, 52.4267193]}, "properties": {"id": "osm:way:625254505", "type": "kindergarten", "name": "Kita Naturdetektive", "source": "OpenStreetMap/Overpass"}}, {"type": "Feature", "geometry": {"type": "Point", "coordinates": [13.4253481, 52.6052545]}, "properties": {"id": "osm:way:627202767", "type": "kindergarten", "name": "Kita Murmelstein", "source": "OpenStreetMap/Overpass"}}, {"type": "Feature", "geometry": {"type": "Point", "coordinates": [13.3822603, 52.5984355]}, "properties": {"id": "osm:way:627330172", "type": "kindergarten", "name": "EKT - Sonnenhaus e.V.", "source": "OpenStreetMap/Overpass"}}, {"type": "Feature", "geometry": {"type": "Point", "coordinates": [13.2113509, 52.6004387]}, "properties": {"id": "osm:way:627817905", "type": "kindergarten", "name": "EKT - Regenbogenkinder e.V.", "source": "OpenStreetMap/Overpass"}}, {"type": "Feature", "geometry": {"type": "Point", "coordinates": [13.3714381, 52.444273]}, "properties": {"id": "osm:way:627837486", "type": "kindergarten", "name": "Global Village", "source": "OpenStreetMap/Overpass"}}, {"type": "Feature", "geometry": {"type": "Point", "coordinates": [13.1154184, 52.3956385]}, "properties": {"id": "osm:way:629239864", "type": "school", "name": "Katholische Marienschule", "source": "OpenStreetMap/Overpass"}}, {"type": "Feature", "geometry": {"type": "Point", "coordinates": [13.1164507, 52.3959174]}, "properties": {"id": "osm:way:629239865", "type": "school", "name": "Schule am Griebnitzsee", "source": "OpenStreetMap/Overpass"}}, {"type": "Feature", "geometry": {"type": "Point", "coordinates": [13.4772474, 52.5273916]}, "properties": {"id": "osm:way:631356623", "type": "school", "name": "38. Schule Grundschule Lichtenberg", "source": "OpenStreetMap/Overpass"}}, {"type": "Feature", "geometry": {"type": "Point", "coordinates": [13.1628661, 52.5474759]}, "properties": {"id": "osm:way:632668142", "type": "kindergarten", "name": "Kita Kiesteich-Surfer", "source": "OpenStreetMap/Overpass"}}, {"type": "Feature", "geometry": {"type": "Point", "coordinates": [13.3138949, 52.442565]}, "properties": {"id": "osm:way:633892773", "type": "kindergarten", "name": "Kindergarten Augustastrolche", "source": "OpenStreetMap/Overpass"}}, {"type": "Feature", "geometry": {"type": "Point", "coordinates": [13.3119807, 52.4456273]}, "properties": {"id": "osm:way:633894539", "type": "kindergarten", "name": "Kita Manteuffelstraße", "source": "OpenStreetMap/Overpass"}}, {"type": "Feature", "geometry": {"type": "Point", "coordinates": [13.2100781, 52.5527461]}, "properties": {"id": "osm:way:634101442", "type": "kindergarten", "name": "Kita Wundertüte", "source": "OpenStreetMap/Overpass"}}, {"type": "Feature", "geometry": {"type": "Point", "coordinates": [13.1399688, 52.3657946]}, "properties": {"id": "osm:way:634642181", "type": "kindergarten", "name": "Montessori Kinderhaus", "source": "OpenStreetMap/Overpass"}}, {"type": "Feature", "geometry": {"type": "Point", "coordinates": [13.139371, 52.365949]}, "properties": {"id": "osm:way:634642182", "type": "kindergarten", "name": "Kita Storchennest", "source": "OpenStreetMap/Overpass"}}, {"type": "Feature", "geometry": {"type": "Point", "coordinates": [13.4123988, 52.5039146]}, "properties": {"id": "osm:way:635484914", "type": "kindergarten", "name": "Kita Oranienstraße", "source": "OpenStreetMap/Overpass"}}, {"type": "Feature", "geometry": {"type": "Point", "coordinates": [13.2793067, 52.4385542]}, "properties": {"id": "osm:way:635485402", "type": "kindergarten", "name": "Kita Mörchinger Straße", "source": "OpenStreetMap/Overpass"}}, {"type": "Feature", "geometry": {"type": "Point", "coordinates": [13.6058145, 52.5304319]}, "properties": {"id": "osm:way:635486485", "type": "kindergarten", "name": "Kita Springmäuse", "source": "OpenStreetMap/Overpass"}}, {"type": "Feature", "geometry": {"type": "Point", "coordinates": [13.2688548, 52.5132666]}, "properties": {"id": "osm:way:635860384", "type": "school", "name": "Reinhold-Otto-Grundschule", "source": "OpenStreetMap/Overpass"}}, {"type": "Feature", "geometry": {"type": "Point", "coordinates": [13.2695508, 52.513467]}, "properties": {"id": "osm:way:635860385", "type": "kindergarten", "name": "Kita Kastanie", "source": "OpenStreetMap/Overpass"}}, {"type": "Feature", "geometry": {"type": "Point", "coordinates": [13.3897448, 52.5021641]}, "properties": {"id": "osm:way:635865379", "type": "kindergarten", "name": "Kita Wilhelmstraße 14A", "source": "OpenStreetMap/Overpass"}}, {"type": "Feature", "geometry": {"type": "Point", "coordinates": [13.4431562, 52.5583916]}, "properties": {"id": "osm:way:635865510", "type": "kindergarten", "name": "Kita Wirbelwind", "source": "OpenStreetMap/Overpass"}}, {"type": "Feature", "geometry": {"type": "Point", "coordinates": [13.5215518, 52.4523924]}, "properties": {"id": "osm:way:635868748", "type": "kindergarten", "name": "Kindertagesstätte Sonnenstrahl", "source": "OpenStreetMap/Overpass"}}, {"type": "Feature", "geometry": {"type": "Point", "coordinates": [13.4238852, 52.4983175]}, "properties": {"id": "osm:way:636058403", "type": "kindergarten", "name": "Kita Reichenberger Straße 156a", "source": "OpenStreetMap/Overpass"}}, {"type": "Feature", "geometry": {"type": "Point", "coordinates": [13.5353554, 52.4911048]}, "properties": {"id": "osm:way:636061792", "type": "kindergarten", "name": "Kita Römerweg", "source": "OpenStreetMap/Overpass"}}, {"type": "Feature", "geometry": {"type": "Point", "coordinates": [13.2637723, 52.5177518]}, "properties": {"id": "osm:way:636065175", "type": "kindergarten", "name": "Kita Neu-Westend 47", "source": "OpenStreetMap/Overpass"}}, {"type": "Feature", "geometry": {"type": "Point", "coordinates": [13.5107105, 52.4799978]}, "properties": {"id": "osm:way:636234063", "type": "school", "name": "Gartenarbeitsschule Lichtenberg", "source": "OpenStreetMap/Overpass"}}, {"type": "Feature", "geometry": {"type": "Point", "coordinates": [13.2148429, 52.568466]}, "properties": {"id": "osm:way:636234066", "type": "school", "name": "Schul-Umwelt-Zentrum Spandau", "source": "OpenStreetMap/Overpass"}}, {"type": "Feature", "geometry": {"type": "Point", "coordinates": [13.4270029, 52.5815958]}, "properties": {"id": "osm:way:636234067", "type": "school", "name": "Gartenarbeitsschule Pankow", "source": "OpenStreetMap/Overpass"}}, {"type": "Feature", "geometry": {"type": "Point", "coordinates": [13.1674803, 52.5133449]}, "properties": {"id": "osm:way:636590271", "type": "school", "name": "Grundschule am Amalienhof", "source": "OpenStreetMap/Overpass"}}, {"type": "Feature", "geometry": {"type": "Point", "coordinates": [13.3500055, 52.4164647]}, "properties": {"id": "osm:way:636919787", "type": "kindergarten", "name": "Vom guten Hirten", "source": "OpenStreetMap/Overpass"}}, {"type": "Feature", "geometry": {"type": "Point", "coordinates": [13.4863893, 52.547038]}, "properties": {"id": "osm:way:638332625", "type": "kindergarten", "name": "Kitaverbund \"Regenbogen\"", "source": "OpenStreetMap/Overpass"}}, {"type": "Feature", "geometry": {"type": "Point", "coordinates": [13.4875208, 52.5470859]}, "properties": {"id": "osm:way:638332626", "type": "kindergarten", "name": "Kitaverbund \"Regenbogen\"", "source": "OpenStreetMap/Overpass"}}, {"type": "Feature", "geometry": {"type": "Point", "coordinates": [13.3214865, 52.4346616]}, "properties": {"id": "osm:way:640579002", "type": "school", "name": "Willi-Graf-Gymnasium", "source": "OpenStreetMap/Overpass"}}, {"type": "Feature", "geometry": {"type": "Point", "coordinates": [13.4558065, 52.5230554]}, "properties": {"id": "osm:way:640761224", "type": "kindergarten", "name": "Villa Heimat", "source": "OpenStreetMap/Overpass"}}, {"type": "Feature", "geometry": {"type": "Point", "coordinates": [13.294816, 52.4263183]}, "properties": {"id": "osm:way:640765047", "type": "kindergarten", "name": "Kita Filia in der Baseler Straße", "source": "OpenStreetMap/Overpass"}}, {"type": "Feature", "geometry": {"type": "Point", "coordinates": [13.2957195, 52.4355511]}, "properties": {"id": "osm:way:640765338", "type": "kindergarten", "name": "Kita Johannes", "source": "OpenStreetMap/Overpass"}}, {"type": "Feature", "geometry": {"type": "Point", "coordinates": [13.3157485, 52.436644]}, "properties": {"id": "osm:way:640766995", "type": "kindergarten", "name": "", "source": "OpenStreetMap/Overpass"}}, {"type": "Feature", "geometry": {"type": "Point", "coordinates": [13.3392654, 52.4390168]}, "properties": {"id": "osm:way:640767219", "type": "kindergarten", "name": "Villa Musica", "source": "OpenStreetMap/Overpass"}}, {"type": "Feature", "geometry": {"type": "Point", "coordinates": [13.3471712, 52.4248746]}, "properties": {"id": "osm:way:640768028", "type": "kindergarten", "name": "Horthaus Gallwitzallee", "source": "OpenStreetMap/Overpass"}}, {"type": "Feature", "geometry": {"type": "Point", "coordinates": [13.370862, 52.4245731]}, "properties": {"id": "osm:way:640770486", "type": "kindergarten", "name": "Kita Kleckerbande", "source": "OpenStreetMap/Overpass"}}, {"type": "Feature", "geometry": {"type": "Point", "coordinates": [13.3214868, 52.4115379]}, "properties": {"id": "osm:way:640773717", "type": "kindergarten", "name": "Kita Lichterfelder Strolche", "source": "OpenStreetMap/Overpass"}}, {"type": "Feature", "geometry": {"type": "Point", "coordinates": [13.3096699, 52.4221183]}, "properties": {"id": "osm:way:641124274", "type": "kindergarten", "name": "Ev. Tagesstätte Lindenhof", "source": "OpenStreetMap/Overpass"}}, {"type": "Feature", "geometry": {"type": "Point", "coordinates": [13.3104655, 52.4223661]}, "properties": {"id": "osm:way:641124276", "type": "school", "name": "Giesensdorfer Grundschule", "source": "OpenStreetMap/Overpass"}}, {"type": "Feature", "geometry": {"type": "Point", "coordinates": [13.3231876, 52.4264655]}, "properties": {"id": "osm:way:641305901", "type": "kindergarten", "name": "Kindergarten Schatzinsel", "source": "OpenStreetMap/Overpass"}}, {"type": "Feature", "geometry": {"type": "Point", "coordinates": [13.3705489, 52.5027095]}, "properties": {"id": "osm:way:643262571", "type": "kindergarten", "name": "Kita Kibiluga", "source": "OpenStreetMap/Overpass"}}, {"type": "Feature", "geometry": {"type": "Point", "coordinates": [13.3208994, 52.4680874]}, "properties": {"id": "osm:way:643262922", "type": "kindergarten", "name": "Kita Rheingaustraße", "source": "OpenStreetMap/Overpass"}}, {"type": "Feature", "geometry": {"type": "Point", "coordinates": [13.1467824, 52.5314415]}, "properties": {"id": "osm:way:643263288", "type": "kindergarten", "name": "Kita Zwergenwinkel", "source": "OpenStreetMap/Overpass"}}, {"type": "Feature", "geometry": {"type": "Point", "coordinates": [13.4063279, 52.5277498]}, "properties": {"id": "osm:way:643934454", "type": "school", "name": "Berlin Cosmopolitan School", "source": "OpenStreetMap/Overpass"}}, {"type": "Feature", "geometry": {"type": "Point", "coordinates": [13.3681108, 52.421354]}, "properties": {"id": "osm:way:644173277", "type": "kindergarten", "name": "Kita Stegerwaldstraße", "source": "OpenStreetMap/Overpass"}}, {"type": "Feature", "geometry": {"type": "Point", "coordinates": [13.5767078, 52.3575599]}, "properties": {"id": "osm:way:645997311", "type": "kindergarten", "name": "Kita Ritterschlag", "source": "OpenStreetMap/Overpass"}}, {"type": "Feature", "geometry": {"type": "Point", "coordinates": [13.1574684, 52.5493367]}, "properties": {"id": "osm:way:647584967", "type": "kindergarten", "name": "Die Kita in Paul-Gerhardt", "source": "OpenStreetMap/Overpass"}}, {"type": "Feature", "geometry": {"type": "Point", "coordinates": [13.438182, 52.4647997]}, "properties": {"id": "osm:way:647838259", "type": "kindergarten", "name": "Kita Gl18", "source": "OpenStreetMap/Overpass"}}, {"type": "Feature", "geometry": {"type": "Point", "coordinates": [13.541092, 52.4823949]}, "properties": {"id": "osm:way:648530855", "type": "kindergarten", "name": "Kita Querbeet", "source": "OpenStreetMap/Overpass"}}, {"type": "Feature", "geometry": {"type": "Point", "coordinates": [13.4038826, 52.3926116]}, "properties": {"id": "osm:way:649384479", "type": "kindergarten", "name": "Kita Finchleystraße", "source": "OpenStreetMap/Overpass"}}, {"type": "Feature", "geometry": {"type": "Point", "coordinates": [13.2544464, 52.4333899]}, "properties": {"id": "osm:way:649804816", "type": "kindergarten", "name": "Kita Markgrafen", "source": "OpenStreetMap/Overpass"}}, {"type": "Feature", "geometry": {"type": "Point", "coordinates": [13.4139881, 52.5367295]}, "properties": {"id": "osm:way:650904150", "type": "kindergarten", "name": "Horthaus", "source": "OpenStreetMap/Overpass"}}, {"type": "Feature", "geometry": {"type": "Point", "coordinates": [13.4101074, 52.5076326]}, "properties": {"id": "osm:way:650907603", "type": "kindergarten", "name": "Kita Pusteblume", "source": "OpenStreetMap/Overpass"}}, {"type": "Feature", "geometry": {"type": "Point", "coordinates": [13.4107222, 52.5073511]}, "properties": {"id": "osm:way:650907604", "type": "kindergarten", "name": "Villa Murkelmeier", "source": "OpenStreetMap/Overpass"}}, {"type": "Feature", "geometry": {"type": "Point", "coordinates": [13.277789, 52.4029447]}, "properties": {"id": "osm:way:651108229", "type": "school", "name": "Dietrich-Bonhoeffer-Schule", "source": "OpenStreetMap/Overpass"}}, {"type": "Feature", "geometry": {"type": "Point", "coordinates": [13.5864113, 52.4057615]}, "properties": {"id": "osm:way:651508827", "type": "kindergarten", "name": "Kita Waldspielhaus", "source": "OpenStreetMap/Overpass"}}, {"type": "Feature", "geometry": {"type": "Point", "coordinates": [13.4746135, 52.5116375]}, "properties": {"id": "osm:way:651513996", "type": "kindergarten", "name": "Evangelische Kita Regenbogenfisch", "source": "OpenStreetMap/Overpass"}}, {"type": "Feature", "geometry": {"type": "Point", "coordinates": [13.4739175, 52.5116101]}, "properties": {"id": "osm:way:651513997", "type": "kindergarten", "name": "Humanistische Kindertagesstätte Hopsekäse", "source": "OpenStreetMap/Overpass"}}, {"type": "Feature", "geometry": {"type": "Point", "coordinates": [13.5666179, 52.5599497]}, "properties": {"id": "osm:way:651514967", "type": "kindergarten", "name": "Kita Wuhlehopser", "source": "OpenStreetMap/Overpass"}}, {"type": "Feature", "geometry": {"type": "Point", "coordinates": [13.4589962, 52.4941733]}, "properties": {"id": "osm:way:652264610", "type": "kindergarten", "name": "Fröbel-Kindergarten Heureka", "source": "OpenStreetMap/Overpass"}}, {"type": "Feature", "geometry": {"type": "Point", "coordinates": [13.3292913, 52.586356]}, "properties": {"id": "osm:way:652569687", "type": "kindergarten", "name": "Kita Rathauspromenade", "source": "OpenStreetMap/Overpass"}}, {"type": "Feature", "geometry": {"type": "Point", "coordinates": [13.3746301, 52.5466993]}, "properties": {"id": "osm:way:652570022", "type": "kindergarten", "name": "Kita Wiesenstraße", "source": "OpenStreetMap/Overpass"}}, {"type": "Feature", "geometry": {"type": "Point", "coordinates": [13.6034891, 52.4402349]}, "properties": {"id": "osm:way:652571135", "type": "kindergarten", "name": "Humanistische Kindertagesstätte Rappelkiste", "source": "OpenStreetMap/Overpass"}}, {"type": "Feature", "geometry": {"type": "Point", "coordinates": [13.2718447, 52.5714312]}, "properties": {"id": "osm:way:653004927", "type": "kindergarten", "name": "Kita Waldräuber", "source": "OpenStreetMap/Overpass"}}, {"type": "Feature", "geometry": {"type": "Point", "coordinates": [13.2060818, 52.5669232]}, "properties": {"id": "osm:way:653007861", "type": "kindergarten", "name": "Kita Wichernwiese", "source": "OpenStreetMap/Overpass"}}, {"type": "Feature", "geometry": {"type": "Point", "coordinates": [13.1165496, 52.391288]}, "properties": {"id": "osm:way:653200542", "type": "kindergarten", "name": "Kindergarten Ole Lukøie", "source": "OpenStreetMap/Overpass"}}, {"type": "Feature", "geometry": {"type": "Point", "coordinates": [13.3503802, 52.4837099]}, "properties": {"id": "osm:way:653306249", "type": "kindergarten", "name": "Kita am Lassenpark", "source": "OpenStreetMap/Overpass"}}, {"type": "Feature", "geometry": {"type": "Point", "coordinates": [13.5120178, 52.4970707]}, "properties": {"id": "osm:way:653308341", "type": "kindergarten", "name": "Kita Erlebniswelt", "source": "OpenStreetMap/Overpass"}}, {"type": "Feature", "geometry": {"type": "Point", "coordinates": [13.2953043, 52.5927065]}, "properties": {"id": "osm:way:653558827", "type": "kindergarten", "name": "Kita der Evangelischen Hoffnungskirche Neu-Tegel", "source": "OpenStreetMap/Overpass"}}, {"type": "Feature", "geometry": {"type": "Point", "coordinates": [13.5690237, 52.4017189]}, "properties": {"id": "osm:way:653584336", "type": "kindergarten", "name": "Humanistische Kindertagesstätte Gartenstadtfrösche", "source": "OpenStreetMap/Overpass"}}, {"type": "Feature", "geometry": {"type": "Point", "coordinates": [13.296644, 52.6418651]}, "properties": {"id": "osm:way:653808958", "type": "kindergarten", "name": "KiTa Ententeich e.V.", "source": "OpenStreetMap/Overpass"}}, {"type": "Feature", "geometry": {"type": "Point", "coordinates": [13.505325, 52.4942397]}, "properties": {"id": "osm:way:654027924", "type": "school", "name": "Schmetterlings-Grundschule", "source": "OpenStreetMap/Overpass"}}, {"type": "Feature", "geometry": {"type": "Point", "coordinates": [13.0876878, 52.3939752]}, "properties": {"id": "osm:way:654687542", "type": "school", "name": "Oberlinschule", "source": "OpenStreetMap/Overpass"}}, {"type": "Feature", "geometry": {"type": "Point", "coordinates": [13.431865, 52.5041432]}, "properties": {"id": "osm:way:656139060", "type": "kindergarten", "name": "Kindergarten Pücklerstraße 12", "source": "OpenStreetMap/Overpass"}}, {"type": "Feature", "geometry": {"type": "Point", "coordinates": [13.4188582, 52.5088208]}, "properties": {"id": "osm:way:656142429", "type": "kindergarten", "name": "Kita Trauminsel", "source": "OpenStreetMap/Overpass"}}, {"type": "Feature", "geometry": {"type": "Point", "coordinates": [13.4179483, 52.5009792]}, "properties": {"id": "osm:way:656150869", "type": "kindergarten", "name": "Kita Dresdener Straße 14", "source": "OpenStreetMap/Overpass"}}, {"type": "Feature", "geometry": {"type": "Point", "coordinates": [13.441757, 52.5153643]}, "properties": {"id": "osm:way:656172236", "type": "kindergarten", "name": "Kindertagesstätte Entdeckerland", "source": "OpenStreetMap/Overpass"}}, {"type": "Feature", "geometry": {"type": "Point", "coordinates": [13.4418033, 52.4725746]}, "properties": {"id": "osm:way:656180437", "type": "kindergarten", "name": "Kita Magdalenen", "source": "OpenStreetMap/Overpass"}}, {"type": "Feature", "geometry": {"type": "Point", "coordinates": [13.5918678, 52.4266608]}, "properties": {"id": "osm:way:656182290", "type": "kindergarten", "name": "Kita Pfeffermäuse", "source": "OpenStreetMap/Overpass"}}, {"type": "Feature", "geometry": {"type": "Point", "coordinates": [13.3755762, 52.4885793]}, "properties": {"id": "osm:way:656267225", "type": "kindergarten", "name": "Kita Faros", "source": "OpenStreetMap/Overpass"}}, {"type": "Feature", "geometry": {"type": "Point", "coordinates": [13.5385358, 52.4571356]}, "properties": {"id": "osm:way:656377969", "type": "kindergarten", "name": "Kita an der Wuhlheide", "source": "OpenStreetMap/Overpass"}}, {"type": "Feature", "geometry": {"type": "Point", "coordinates": [13.4475545, 52.4717636]}, "properties": {"id": "osm:way:656394335", "type": "kindergarten", "name": "Kita Du und ich", "source": "OpenStreetMap/Overpass"}}, {"type": "Feature", "geometry": {"type": "Point", "coordinates": [13.5315269, 52.5693217]}, "properties": {"id": "osm:way:656849860", "type": "school", "name": "14. Schule (Integrierte Sekundarschule)", "source": "OpenStreetMap/Overpass"}}, {"type": "Feature", "geometry": {"type": "Point", "coordinates": [13.5236307, 52.5085524]}, "properties": {"id": "osm:way:656891982", "type": "kindergarten", "name": "Kita Märcheninsel", "source": "OpenStreetMap/Overpass"}}, {"type": "Feature", "geometry": {"type": "Point", "coordinates": [13.2970898, 52.4242043]}, "properties": {"id": "osm:way:656897515", "type": "kindergarten", "name": "Kindertagesstätte", "source": "OpenStreetMap/Overpass"}}, {"type": "Feature", "geometry": {"type": "Point", "coordinates": [13.357953, 52.5877284]}, "properties": {"id": "osm:way:656899478", "type": "kindergarten", "name": "Kita Kinderwald", "source": "OpenStreetMap/Overpass"}}, {"type": "Feature", "geometry": {"type": "Point", "coordinates": [13.4329665, 52.4872588]}, "properties": {"id": "osm:way:656994982", "type": "kindergarten", "name": "Kindertagesstätte Villa Kunterbunt", "source": "OpenStreetMap/Overpass"}}, {"type": "Feature", "geometry": {"type": "Point", "coordinates": [13.4799896, 52.5012126]}, "properties": {"id": "osm:way:657017263", "type": "school", "name": "Schule an der Victoriastadt", "source": "OpenStreetMap/Overpass"}}, {"type": "Feature", "geometry": {"type": "Point", "coordinates": [13.4814952, 52.5005989]}, "properties": {"id": "osm:way:657017265", "type": "kindergarten", "name": "Kindergarten Am Glockenturm", "source": "OpenStreetMap/Overpass"}}, {"type": "Feature", "geometry": {"type": "Point", "coordinates": [13.504533, 52.5469875]}, "properties": {"id": "osm:way:657306167", "type": "kindergarten", "name": "Kindergarten Matrjoschka", "source": "OpenStreetMap/Overpass"}}, {"type": "Feature", "geometry": {"type": "Point", "coordinates": [13.4096361, 52.5352841]}, "properties": {"id": "osm:way:659133347", "type": "kindergarten", "name": "Waldorfkindergarten Prenzlauer Berg", "source": "OpenStreetMap/Overpass"}}, {"type": "Feature", "geometry": {"type": "Point", "coordinates": [13.4553002, 52.5255963]}, "properties": {"id": "osm:way:660923227", "type": "kindergarten", "name": "Kita Hausburgviertel", "source": "OpenStreetMap/Overpass"}}, {"type": "Feature", "geometry": {"type": "Point", "coordinates": [13.2798502, 52.4359693]}, "properties": {"id": "osm:way:660944996", "type": "kindergarten", "name": "Kita Klax", "source": "OpenStreetMap/Overpass"}}, {"type": "Feature", "geometry": {"type": "Point", "coordinates": [13.2224682, 52.5109697]}, "properties": {"id": "osm:way:661095261", "type": "kindergarten", "name": "Kita Grünes Dreieck", "source": "OpenStreetMap/Overpass"}}, {"type": "Feature", "geometry": {"type": "Point", "coordinates": [13.2711943, 52.5177951]}, "properties": {"id": "osm:way:661997200", "type": "kindergarten", "name": "Kita des Pestalozzi-Fröbel-Hauses", "source": "OpenStreetMap/Overpass"}}, {"type": "Feature", "geometry": {"type": "Point", "coordinates": [13.2830629, 52.3967093]}, "properties": {"id": "osm:way:662073204", "type": "school", "name": "Grace-Hopper-Gesamtschule", "source": "OpenStreetMap/Overpass"}}, {"type": "Feature", "geometry": {"type": "Point", "coordinates": [13.5299744, 52.6015762]}, "properties": {"id": "osm:way:663220129", "type": "kindergarten", "name": "Kita Lindenzwerge", "source": "OpenStreetMap/Overpass"}}, {"type": "Feature", "geometry": {"type": "Point", "coordinates": [13.5957752, 52.4290011]}, "properties": {"id": "osm:way:664420952", "type": "kindergarten", "name": "Kita Pusteblume", "source": "OpenStreetMap/Overpass"}}, {"type": "Feature", "geometry": {"type": "Point", "coordinates": [13.4452755, 52.5316694]}, "properties": {"id": "osm:way:664507355", "type": "kindergarten", "name": "Kita Sonnenmäuse", "source": "OpenStreetMap/Overpass"}}, {"type": "Feature", "geometry": {"type": "Point", "coordinates": [13.4546433, 52.5172171]}, "properties": {"id": "osm:way:665412976", "type": "kindergarten", "name": "Evangelische Kita Galiläa Krippenfiliale", "source": "OpenStreetMap/Overpass"}}, {"type": "Feature", "geometry": {"type": "Point", "coordinates": [13.2286192, 52.4380136]}, "properties": {"id": "osm:way:665877515", "type": "school", "name": "Johanna-Gerdes-Grundschule", "source": "OpenStreetMap/Overpass"}}, {"type": "Feature", "geometry": {"type": "Point", "coordinates": [13.2907332, 52.5950344]}, "properties": {"id": "osm:way:666793437", "type": "school", "name": "Humboldt-Gymnasium Berlin-Tegel", "source": "OpenStreetMap/Overpass"}}, {"type": "Feature", "geometry": {"type": "Point", "coordinates": [13.4496393, 52.5292027]}, "properties": {"id": "osm:way:667108977", "type": "school", "name": "Maria-Leo-Grundschule", "source": "OpenStreetMap/Overpass"}}, {"type": "Feature", "geometry": {"type": "Point", "coordinates": [13.4492458, 52.5291817]}, "properties": {"id": "osm:way:667108978", "type": "school", "name": "Tesla Grundschule", "source": "OpenStreetMap/Overpass"}}, {"type": "Feature", "geometry": {"type": "Point", "coordinates": [13.2710099, 52.4458197]}, "properties": {"id": "osm:way:667620949", "type": "kindergarten", "name": "Kinderbetreuung Lützelsteiner Weg e.V.", "source": "OpenStreetMap/Overpass"}}, {"type": "Feature", "geometry": {"type": "Point", "coordinates": [13.4424171, 52.5136991]}, "properties": {"id": "osm:way:668484258", "type": "kindergarten", "name": "Kita Fredersdorfer Straße 6", "source": "OpenStreetMap/Overpass"}}, {"type": "Feature", "geometry": {"type": "Point", "coordinates": [13.3060609, 52.5981027]}, "properties": {"id": "osm:way:668809275", "type": "kindergarten", "name": "Freie Scholle", "source": "OpenStreetMap/Overpass"}}, {"type": "Feature", "geometry": {"type": "Point", "coordinates": [13.5565884, 52.4376424]}, "properties": {"id": "osm:way:668809880", "type": "kindergarten", "name": "Kita Sonnenkinder", "source": "OpenStreetMap/Overpass"}}, {"type": "Feature", "geometry": {"type": "Point", "coordinates": [13.4077448, 52.5628896]}, "properties": {"id": "osm:way:669405608", "type": "school", "name": "Janusz-Korczak-Schule", "source": "OpenStreetMap/Overpass"}}, {"type": "Feature", "geometry": {"type": "Point", "coordinates": [13.5703179, 52.4526128]}, "properties": {"id": "osm:way:669437989", "type": "kindergarten", "name": "Kita Weltenbummler", "source": "OpenStreetMap/Overpass"}}, {"type": "Feature", "geometry": {"type": "Point", "coordinates": [13.4572548, 52.5323971]}, "properties": {"id": "osm:way:669628058", "type": "kindergarten", "name": "Montessori Integrationskita Miteinander", "source": "OpenStreetMap/Overpass"}}, {"type": "Feature", "geometry": {"type": "Point", "coordinates": [13.338198, 52.4717052]}, "properties": {"id": "osm:way:669794758", "type": "kindergarten", "name": "Kita Hedwigstraße", "source": "OpenStreetMap/Overpass"}}, {"type": "Feature", "geometry": {"type": "Point", "coordinates": [13.3399608, 52.4723562]}, "properties": {"id": "osm:way:669798833", "type": "kindergarten", "name": "Kita Sponholzstraße", "source": "OpenStreetMap/Overpass"}}, {"type": "Feature", "geometry": {"type": "Point", "coordinates": [13.3399874, 52.4719015]}, "properties": {"id": "osm:way:669798834", "type": "kindergarten", "name": "Humanistische Kindertagesstätte Friedenauer Strolche", "source": "OpenStreetMap/Overpass"}}, {"type": "Feature", "geometry": {"type": "Point", "coordinates": [13.3469025, 52.4710726]}, "properties": {"id": "osm:way:669944825", "type": "kindergarten", "name": "Kita Vorarlberger Damm", "source": "OpenStreetMap/Overpass"}}, {"type": "Feature", "geometry": {"type": "Point", "coordinates": [13.3559849, 52.4827732]}, "properties": {"id": "osm:way:670429429", "type": "kindergarten", "name": "Rübezahl-Außengelände", "source": "OpenStreetMap/Overpass"}}, {"type": "Feature", "geometry": {"type": "Point", "coordinates": [13.405989, 52.5479165]}, "properties": {"id": "osm:way:671354217", "type": "school", "name": "Schule am Falkplatz", "source": "OpenStreetMap/Overpass"}}, {"type": "Feature", "geometry": {"type": "Point", "coordinates": [13.4067645, 52.5474699]}, "properties": {"id": "osm:way:671354221", "type": "kindergarten", "name": "Haus 2", "source": "OpenStreetMap/Overpass"}}, {"type": "Feature", "geometry": {"type": "Point", "coordinates": [13.3531438, 52.4815213]}, "properties": {"id": "osm:way:671468885", "type": "kindergarten", "name": "Kita Regenbogen", "source": "OpenStreetMap/Overpass"}}, {"type": "Feature", "geometry": {"type": "Point", "coordinates": [13.603084, 52.5149861]}, "properties": {"id": "osm:way:672754927", "type": "childcare", "name": "Kindertagesstätte der katholischen Kirchengemeinde St. Martin", "source": "OpenStreetMap/Overpass"}}, {"type": "Feature", "geometry": {"type": "Point", "coordinates": [13.6026891, 52.5150753]}, "properties": {"id": "osm:way:672754928", "type": "kindergarten", "name": "Kath. Kindergarten St. Martin", "source": "OpenStreetMap/Overpass"}}, {"type": "Feature", "geometry": {"type": "Point", "coordinates": [13.1795692, 52.5194694]}, "properties": {"id": "osm:way:673647420", "type": "school", "name": "Campus Wilhelmstadtschulen", "source": "OpenStreetMap/Overpass"}}, {"type": "Feature", "geometry": {"type": "Point", "coordinates": [13.3525492, 52.5686589]}, "properties": {"id": "osm:way:674180493", "type": "kindergarten", "name": "Kita Alt-Reinickendorf e.V.", "source": "OpenStreetMap/Overpass"}}, {"type": "Feature", "geometry": {"type": "Point", "coordinates": [13.3343664, 52.4529683]}, "properties": {"id": "osm:way:674244571", "type": "school", "name": "Hermann-Ehlers-Gymnasium", "source": "OpenStreetMap/Overpass"}}, {"type": "Feature", "geometry": {"type": "Point", "coordinates": [13.4975283, 52.5132191]}, "properties": {"id": "osm:way:676850070", "type": "school", "name": "Schule auf dem lichten Berg (Filiale)", "source": "OpenStreetMap/Overpass"}}, {"type": "Feature", "geometry": {"type": "Point", "coordinates": [13.3803881, 52.5440723]}, "properties": {"id": "osm:way:677975068", "type": "school", "name": "Humboldthain Grundschule", "source": "OpenStreetMap/Overpass"}}, {"type": "Feature", "geometry": {"type": "Point", "coordinates": [13.5851008, 52.5266532]}, "properties": {"id": "osm:way:678178418", "type": "kindergarten", "name": "Kita Kummerower Ring", "source": "OpenStreetMap/Overpass"}}, {"type": "Feature", "geometry": {"type": "Point", "coordinates": [13.2890138, 52.5057436]}, "properties": {"id": "osm:way:679063982", "type": "kindergarten", "name": "Kindertagesstätte Kuno-Fischer-Straße", "source": "OpenStreetMap/Overpass"}}, {"type": "Feature", "geometry": {"type": "Point", "coordinates": [13.2158603, 52.5636311]}, "properties": {"id": "osm:way:679763385", "type": "school", "name": "Havel-Grundschule", "source": "OpenStreetMap/Overpass"}}, {"type": "Feature", "geometry": {"type": "Point", "coordinates": [13.4227753, 52.5076202]}, "properties": {"id": "osm:way:679825948", "type": "school", "name": "Grunschule Luisenstadt", "source": "OpenStreetMap/Overpass"}}, {"type": "Feature", "geometry": {"type": "Point", "coordinates": [13.4165921, 52.5810529]}, "properties": {"id": "osm:way:680489302", "type": "kindergarten", "name": "Kita Schlossparkzwerge", "source": "OpenStreetMap/Overpass"}}, {"type": "Feature", "geometry": {"type": "Point", "coordinates": [13.4982101, 52.5670698]}, "properties": {"id": "osm:way:680723495", "type": "kindergarten", "name": "KITA „Kinderhaus“ Berlin-Hohenschönhausen", "source": "OpenStreetMap/Overpass"}}, {"type": "Feature", "geometry": {"type": "Point", "coordinates": [13.5419207, 52.5329247]}, "properties": {"id": "osm:way:680921277", "type": "kindergarten", "name": "Kita Notenhopser", "source": "OpenStreetMap/Overpass"}}, {"type": "Feature", "geometry": {"type": "Point", "coordinates": [13.6091536, 52.4843894]}, "properties": {"id": "osm:way:681404817", "type": "kindergarten", "name": "Kita \"Zauberwiese\"", "source": "OpenStreetMap/Overpass"}}, {"type": "Feature", "geometry": {"type": "Point", "coordinates": [13.5125385, 52.4303212]}, "properties": {"id": "osm:way:681408367", "type": "kindergarten", "name": "Kita am Flugplatz Johannisthal", "source": "OpenStreetMap/Overpass"}}, {"type": "Feature", "geometry": {"type": "Point", "coordinates": [13.526248, 52.4463514]}, "properties": {"id": "osm:way:681798032", "type": "kindergarten", "name": "Kita Adlerküken", "source": "OpenStreetMap/Overpass"}}, {"type": "Feature", "geometry": {"type": "Point", "coordinates": [13.4329582, 52.4929293]}, "properties": {"id": "osm:way:682578910", "type": "kindergarten", "name": "Kindertagesstätte Komşu", "source": "OpenStreetMap/Overpass"}}, {"type": "Feature", "geometry": {"type": "Point", "coordinates": [13.5342483, 52.4531178]}, "properties": {"id": "osm:way:682791012", "type": "school", "name": "Freie Waldorfschule Berlin-Südost", "source": "OpenStreetMap/Overpass"}}, {"type": "Feature", "geometry": {"type": "Point", "coordinates": [13.3883676, 52.5591253]}, "properties": {"id": "osm:way:683259974", "type": "kindergarten", "name": "Kita Fiorino", "source": "OpenStreetMap/Overpass"}}, {"type": "Feature", "geometry": {"type": "Point", "coordinates": [13.1000385, 52.3655959]}, "properties": {"id": "osm:way:684450846", "type": "kindergarten", "name": "Kindergarten", "source": "OpenStreetMap/Overpass"}}, {"type": "Feature", "geometry": {"type": "Point", "coordinates": [13.4954471, 52.6114388]}, "properties": {"id": "osm:way:684912000", "type": "kindergarten", "name": "Integrationskindertagesstätte Karow Kidz", "source": "OpenStreetMap/Overpass"}}, {"type": "Feature", "geometry": {"type": "Point", "coordinates": [13.5903072, 52.4181897]}, "properties": {"id": "osm:way:685411660", "type": "kindergarten", "name": "Kita Villa Mäusebau", "source": "OpenStreetMap/Overpass"}}, {"type": "Feature", "geometry": {"type": "Point", "coordinates": [13.5012901, 52.5162151]}, "properties": {"id": "osm:way:685886131", "type": "school", "name": "Selma Lagerlöf-Schule", "source": "OpenStreetMap/Overpass"}}, {"type": "Feature", "geometry": {"type": "Point", "coordinates": [13.4555094, 52.4833908]}, "properties": {"id": "osm:way:685914886", "type": "kindergarten", "name": "Kita Treptower Straße", "source": "OpenStreetMap/Overpass"}}, {"type": "Feature", "geometry": {"type": "Point", "coordinates": [13.4332957, 52.4267619]}, "properties": {"id": "osm:way:686914820", "type": "kindergarten", "name": "Buckower Spatzen Bewegungskindergarten", "source": "OpenStreetMap/Overpass"}}, {"type": "Feature", "geometry": {"type": "Point", "coordinates": [13.263912, 52.4236835]}, "properties": {"id": "osm:way:687941509", "type": "kindergarten", "name": "John F. Kennedy Friendship Center", "source": "OpenStreetMap/Overpass"}}, {"type": "Feature", "geometry": {"type": "Point", "coordinates": [13.3076426, 52.4930076]}, "properties": {"id": "osm:way:688230059", "type": "school", "name": "Pears Jüdischer Campus", "source": "OpenStreetMap/Overpass"}}, {"type": "Feature", "geometry": {"type": "Point", "coordinates": [13.3716982, 52.552954]}, "properties": {"id": "osm:way:689101163", "type": "kindergarten", "name": "Kindergarten Gottschedstraße", "source": "OpenStreetMap/Overpass"}}, {"type": "Feature", "geometry": {"type": "Point", "coordinates": [13.31903, 52.5094136]}, "properties": {"id": "osm:way:689402215", "type": "kindergarten", "name": "Kita Goethestraße", "source": "OpenStreetMap/Overpass"}}, {"type": "Feature", "geometry": {"type": "Point", "coordinates": [13.4971107, 52.4639926]}, "properties": {"id": "osm:way:690210857", "type": "school", "name": "Freie Interkulturelle Waldorfschule", "source": "OpenStreetMap/Overpass"}}, {"type": "Feature", "geometry": {"type": "Point", "coordinates": [13.3590947, 52.4998312]}, "properties": {"id": "osm:way:692137570", "type": "kindergarten", "name": "Haus der Kinder", "source": "OpenStreetMap/Overpass"}}, {"type": "Feature", "geometry": {"type": "Point", "coordinates": [13.4619664, 52.5074597]}, "properties": {"id": "osm:way:695888881", "type": "kindergarten", "name": "Kita Gryphiussstraße 34", "source": "OpenStreetMap/Overpass"}}, {"type": "Feature", "geometry": {"type": "Point", "coordinates": [13.4515498, 52.5510054]}, "properties": {"id": "osm:way:696328503", "type": "kindergarten", "name": "Charlottes Spatzenkinder", "source": "OpenStreetMap/Overpass"}}, {"type": "Feature", "geometry": {"type": "Point", "coordinates": [13.4191634, 52.5593166]}, "properties": {"id": "osm:way:696752422", "type": "kindergarten", "name": "Kita der Ev. Kirchengem. Hoffnung", "source": "OpenStreetMap/Overpass"}}, {"type": "Feature", "geometry": {"type": "Point", "coordinates": [13.4192879, 52.5593272]}, "properties": {"id": "osm:way:696752423", "type": "kindergarten", "name": "Kita der Ev. Kirchengem. Hoffnung", "source": "OpenStreetMap/Overpass"}}, {"type": "Feature", "geometry": {"type": "Point", "coordinates": [13.3958879, 52.5777572]}, "properties": {"id": "osm:way:697059101", "type": "kindergarten", "name": "KitaEins", "source": "OpenStreetMap/Overpass"}}, {"type": "Feature", "geometry": {"type": "Point", "coordinates": [13.4133351, 52.5689017]}, "properties": {"id": "osm:way:697059560", "type": "school", "name": "SchuleEins", "source": "OpenStreetMap/Overpass"}}, {"type": "Feature", "geometry": {"type": "Point", "coordinates": [13.431355, 52.6001043]}, "properties": {"id": "osm:way:697060702", "type": "school", "name": "Jeanne-Barez-Schule", "source": "OpenStreetMap/Overpass"}}, {"type": "Feature", "geometry": {"type": "Point", "coordinates": [13.3588504, 52.4223886]}, "properties": {"id": "osm:way:697557080", "type": "kindergarten", "name": "Kita Lankwitzer Maltinis", "source": "OpenStreetMap/Overpass"}}, {"type": "Feature", "geometry": {"type": "Point", "coordinates": [13.2119085, 52.4319355]}, "properties": {"id": "osm:way:699071248", "type": "school", "name": "Werner-von-Siemens-Gymnasium", "source": "OpenStreetMap/Overpass"}}, {"type": "Feature", "geometry": {"type": "Point", "coordinates": [13.4201544, 52.4893584]}, "properties": {"id": "osm:way:699091430", "type": "kindergarten", "name": "Kita Urbanstraße 62", "source": "OpenStreetMap/Overpass"}}, {"type": "Feature", "geometry": {"type": "Point", "coordinates": [13.4967832, 52.6244317]}, "properties": {"id": "osm:way:699179948", "type": "kindergarten", "name": "Kita GlückGlück", "source": "OpenStreetMap/Overpass"}}, {"type": "Feature", "geometry": {"type": "Point", "coordinates": [13.2383516, 52.4164633]}, "properties": {"id": "osm:way:699364650", "type": "kindergarten", "name": "Kita Kückennest", "source": "OpenStreetMap/Overpass"}}, {"type": "Feature", "geometry": {"type": "Point", "coordinates": [13.237766, 52.4156456]}, "properties": {"id": "osm:way:699373238", "type": "kindergarten", "name": "Kita Regenbogen", "source": "OpenStreetMap/Overpass"}}, {"type": "Feature", "geometry": {"type": "Point", "coordinates": [13.5900807, 52.5125669]}, "properties": {"id": "osm:way:699444024", "type": "kindergarten", "name": "Kita Entdeckerzwerge", "source": "OpenStreetMap/Overpass"}}, {"type": "Feature", "geometry": {"type": "Point", "coordinates": [13.1985574, 52.540885]}, "properties": {"id": "osm:way:699918925", "type": "kindergarten", "name": "Kita St. Marien", "source": "OpenStreetMap/Overpass"}}, {"type": "Feature", "geometry": {"type": "Point", "coordinates": [13.1498589, 52.533984]}, "properties": {"id": "osm:way:700018590", "type": "kindergarten", "name": "Kita Arche Noah", "source": "OpenStreetMap/Overpass"}}, {"type": "Feature", "geometry": {"type": "Point", "coordinates": [13.5132684, 52.563792]}, "properties": {"id": "osm:way:700352823", "type": "kindergarten", "name": "Kita Wartenberger Straße", "source": "OpenStreetMap/Overpass"}}, {"type": "Feature", "geometry": {"type": "Point", "coordinates": [13.5119338, 52.5645844]}, "properties": {"id": "osm:way:700353380", "type": "school", "name": "Integrierte Sekundarschule Am Breiten Luch", "source": "OpenStreetMap/Overpass"}}, {"type": "Feature", "geometry": {"type": "Point", "coordinates": [13.3659803, 52.5906042]}, "properties": {"id": "osm:way:700356801", "type": "kindergarten", "name": "BOOT-Kita Uhlandzwerge", "source": "OpenStreetMap/Overpass"}}, {"type": "Feature", "geometry": {"type": "Point", "coordinates": [13.3819992, 52.5115161]}, "properties": {"id": "osm:way:700921660", "type": "kindergarten", "name": "Kita Kinderwelt", "source": "OpenStreetMap/Overpass"}}, {"type": "Feature", "geometry": {"type": "Point", "coordinates": [13.2405114, 52.4150629]}, "properties": {"id": "osm:way:701311457", "type": "kindergarten", "name": "Kita Pitti-Platsch", "source": "OpenStreetMap/Overpass"}}, {"type": "Feature", "geometry": {"type": "Point", "coordinates": [13.4854997, 52.5107689]}, "properties": {"id": "osm:way:701359851", "type": "kindergarten", "name": "Harnackstraße 11", "source": "OpenStreetMap/Overpass"}}, {"type": "Feature", "geometry": {"type": "Point", "coordinates": [13.262099, 52.419763]}, "properties": {"id": "osm:way:702191351", "type": "kindergarten", "name": "Kita St. Otto", "source": "OpenStreetMap/Overpass"}}, {"type": "Feature", "geometry": {"type": "Point", "coordinates": [13.1434731, 52.6499264]}, "properties": {"id": "osm:way:702609922", "type": "kindergarten", "name": "Hort \"Pippi Langstrumpf\"", "source": "OpenStreetMap/Overpass"}}, {"type": "Feature", "geometry": {"type": "Point", "coordinates": [13.4000501, 52.4935071]}, "properties": {"id": "osm:way:704144534", "type": "kindergarten", "name": "Stadtteil-Kita Blücherstraße", "source": "OpenStreetMap/Overpass"}}, {"type": "Feature", "geometry": {"type": "Point", "coordinates": [13.6057949, 52.5077667]}, "properties": {"id": "osm:way:704177198", "type": "kindergarten", "name": "Kita KiKu Kinderland", "source": "OpenStreetMap/Overpass"}}, {"type": "Feature", "geometry": {"type": "Point", "coordinates": [13.4217863, 52.4834611]}, "properties": {"id": "osm:way:704422471", "type": "kindergarten", "name": "Kinderladen Die kleinen Kivis", "source": "OpenStreetMap/Overpass"}}, {"type": "Feature", "geometry": {"type": "Point", "coordinates": [13.5126806, 52.5722455]}, "properties": {"id": "osm:way:704600727", "type": "kindergarten", "name": "Kita kieke mal", "source": "OpenStreetMap/Overpass"}}, {"type": "Feature", "geometry": {"type": "Point", "coordinates": [13.2428871, 52.4100883]}, "properties": {"id": "osm:way:706210849", "type": "kindergarten", "name": "Kita Spielhaus", "source": "OpenStreetMap/Overpass"}}, {"type": "Feature", "geometry": {"type": "Point", "coordinates": [13.3520034, 52.5996839]}, "properties": {"id": "osm:way:706411024", "type": "kindergarten", "name": "Kita Märkolino", "source": "OpenStreetMap/Overpass"}}, {"type": "Feature", "geometry": {"type": "Point", "coordinates": [13.2446572, 52.4123632]}, "properties": {"id": "osm:way:706478441", "type": "kindergarten", "name": "Kita Waldhäuschen", "source": "OpenStreetMap/Overpass"}}, {"type": "Feature", "geometry": {"type": "Point", "coordinates": [13.270863, 52.4527357]}, "properties": {"id": "osm:way:707462809", "type": "kindergarten", "name": "Kiddies Family II", "source": "OpenStreetMap/Overpass"}}, {"type": "Feature", "geometry": {"type": "Point", "coordinates": [13.3578199, 52.5204074]}, "properties": {"id": "osm:way:709863627", "type": "kindergarten", "name": "Kita Lüneburger Straße", "source": "OpenStreetMap/Overpass"}}, {"type": "Feature", "geometry": {"type": "Point", "coordinates": [13.4077449, 52.5825098]}, "properties": {"id": "osm:way:712015884", "type": "school", "name": "Elisabeth-Christinen-Grundschule", "source": "OpenStreetMap/Overpass"}}, {"type": "Feature", "geometry": {"type": "Point", "coordinates": [13.4002669, 52.5641674]}, "properties": {"id": "osm:way:713346123", "type": "kindergarten", "name": "Kita Zipfelmütze", "source": "OpenStreetMap/Overpass"}}, {"type": "Feature", "geometry": {"type": "Point", "coordinates": [13.4834202, 52.5252437]}, "properties": {"id": "osm:way:715026717", "type": "kindergarten", "name": "Kita Wunderkinder", "source": "OpenStreetMap/Overpass"}}, {"type": "Feature", "geometry": {"type": "Point", "coordinates": [13.1977632, 52.5487734]}, "properties": {"id": "osm:way:715094068", "type": "school", "name": "Inklusiver Campus Spandau/ Birken-Grundschule", "source": "OpenStreetMap/Overpass"}}, {"type": "Feature", "geometry": {"type": "Point", "coordinates": [13.6061628, 52.5416007]}, "properties": {"id": "osm:way:715819911", "type": "kindergarten", "name": "Kita Kleine Kapitäne", "source": "OpenStreetMap/Overpass"}}, {"type": "Feature", "geometry": {"type": "Point", "coordinates": [13.5754329, 52.5653154]}, "properties": {"id": "osm:way:716750711", "type": "kindergarten", "name": "Kita \"Rabennest\" / Kita \"Jahresuhr\"", "source": "OpenStreetMap/Overpass"}}, {"type": "Feature", "geometry": {"type": "Point", "coordinates": [13.1285903, 52.4745733]}, "properties": {"id": "osm:way:717746265", "type": "kindergarten", "name": "Humanistische Kindertagesstätte Rex-Waite-Straße", "source": "OpenStreetMap/Overpass"}}, {"type": "Feature", "geometry": {"type": "Point", "coordinates": [13.3292505, 52.5934446]}, "properties": {"id": "osm:way:718431412", "type": "kindergarten", "name": "Kita Eichborndamm", "source": "OpenStreetMap/Overpass"}}, {"type": "Feature", "geometry": {"type": "Point", "coordinates": [13.5388025, 52.5366774]}, "properties": {"id": "osm:way:719944173", "type": "school", "name": "Victor-Klemperer-Kolleg", "source": "OpenStreetMap/Overpass"}}, {"type": "Feature", "geometry": {"type": "Point", "coordinates": [13.3695502, 52.5451285]}, "properties": {"id": "osm:way:720505813", "type": "kindergarten", "name": "Outlaw Kinder- und Jugendhilfe", "source": "OpenStreetMap/Overpass"}}, {"type": "Feature", "geometry": {"type": "Point", "coordinates": [13.4213228, 52.4148986]}, "properties": {"id": "osm:way:721649637", "type": "kindergarten", "name": "KITA Rüsselbande", "source": "OpenStreetMap/Overpass"}}, {"type": "Feature", "geometry": {"type": "Point", "coordinates": [13.514855, 52.4201101]}, "properties": {"id": "osm:way:722337498", "type": "kindergarten", "name": "Evangelische Kindertagesstätte MOMO", "source": "OpenStreetMap/Overpass"}}, {"type": "Feature", "geometry": {"type": "Point", "coordinates": [13.4726611, 52.5237304]}, "properties": {"id": "osm:way:723238353", "type": "school", "name": "May-Ayim-Schule", "source": "OpenStreetMap/Overpass"}}, {"type": "Feature", "geometry": {"type": "Point", "coordinates": [13.5837517, 52.5068855]}, "properties": {"id": "osm:way:724349508", "type": "school", "name": "Franz-Carl-Achard Grundschule", "source": "OpenStreetMap/Overpass"}}, {"type": "Feature", "geometry": {"type": "Point", "coordinates": [13.5160487, 52.4225143]}, "properties": {"id": "osm:way:724374603", "type": "school", "name": "Clay-Schule", "source": "OpenStreetMap/Overpass"}}, {"type": "Feature", "geometry": {"type": "Point", "coordinates": [13.3882806, 52.553965]}, "properties": {"id": "osm:way:729700489", "type": "kindergarten", "name": "Kindergarten Stettiner Straße", "source": "OpenStreetMap/Overpass"}}, {"type": "Feature", "geometry": {"type": "Point", "coordinates": [13.3816003, 52.4378592]}, "properties": {"id": "osm:way:729964860", "type": "kindergarten", "name": "Pretty World", "source": "OpenStreetMap/Overpass"}}, {"type": "Feature", "geometry": {"type": "Point", "coordinates": [13.3661434, 52.4608028]}, "properties": {"id": "osm:way:731978100", "type": "kindergarten", "name": "Wilde Tiger", "source": "OpenStreetMap/Overpass"}}, {"type": "Feature", "geometry": {"type": "Point", "coordinates": [13.4364535, 52.4483601]}, "properties": {"id": "osm:way:732495149", "type": "kindergarten", "name": "Kita Dorfkirche Britz", "source": "OpenStreetMap/Overpass"}}, {"type": "Feature", "geometry": {"type": "Point", "coordinates": [13.6171852, 52.5255106]}, "properties": {"id": "osm:way:732668253", "type": "kindergarten", "name": "Kita Jahreskreis", "source": "OpenStreetMap/Overpass"}}, {"type": "Feature", "geometry": {"type": "Point", "coordinates": [13.1107904, 52.3880959]}, "properties": {"id": "osm:way:736826355", "type": "kindergarten", "name": "AWO Kita “Sandscholle“", "source": "OpenStreetMap/Overpass"}}, {"type": "Feature", "geometry": {"type": "Point", "coordinates": [13.1317148, 52.3803769]}, "properties": {"id": "osm:way:738296041", "type": "kindergarten", "name": "", "source": "OpenStreetMap/Overpass"}}, {"type": "Feature", "geometry": {"type": "Point", "coordinates": [13.4216212, 52.5428808]}, "properties": {"id": "osm:way:740304224", "type": "kindergarten", "name": "Kita der Basisgemeinde", "source": "OpenStreetMap/Overpass"}}, {"type": "Feature", "geometry": {"type": "Point", "coordinates": [13.7111539, 52.5154123]}, "properties": {"id": "osm:way:743439054", "type": "school", "name": "Grundschule am Schwanenteich", "source": "OpenStreetMap/Overpass"}}, {"type": "Feature", "geometry": {"type": "Point", "coordinates": [13.7129143, 52.5141735]}, "properties": {"id": "osm:way:743443122", "type": "kindergarten", "name": "Kita Wilhelm Busch", "source": "OpenStreetMap/Overpass"}}, {"type": "Feature", "geometry": {"type": "Point", "coordinates": [13.6972754, 52.5280614]}, "properties": {"id": "osm:way:745026612", "type": "kindergarten", "name": "Kita Rasselbande", "source": "OpenStreetMap/Overpass"}}, {"type": "Feature", "geometry": {"type": "Point", "coordinates": [13.4457246, 52.4416674]}, "properties": {"id": "osm:way:746054467", "type": "kindergarten", "name": "Evangelische Kita Hephatha", "source": "OpenStreetMap/Overpass"}}, {"type": "Feature", "geometry": {"type": "Point", "coordinates": [13.3833779, 52.5020934]}, "properties": {"id": "osm:way:746180241", "type": "kindergarten", "name": "Humanistische Kindertagesstätte Möckernstraße", "source": "OpenStreetMap/Overpass"}}, {"type": "Feature", "geometry": {"type": "Point", "coordinates": [13.7464306, 52.5132603]}, "properties": {"id": "osm:way:746262027", "type": "kindergarten", "name": "Kita Krümelbude 2.0", "source": "OpenStreetMap/Overpass"}}, {"type": "Feature", "geometry": {"type": "Point", "coordinates": [13.3294378, 52.4602646]}, "properties": {"id": "osm:way:747062979", "type": "school", "name": "Internationale Schule Berlin", "source": "OpenStreetMap/Overpass"}}, {"type": "Feature", "geometry": {"type": "Point", "coordinates": [13.1954236, 52.5490203]}, "properties": {"id": "osm:way:749248577", "type": "school", "name": "Inklusiver Campus Spandau/ Schule am Grüngürtel", "source": "OpenStreetMap/Overpass"}}, {"type": "Feature", "geometry": {"type": "Point", "coordinates": [13.3394126, 52.4829315]}, "properties": {"id": "osm:way:750730729", "type": "kindergarten", "name": "Kita Freiherr-vom-Stein-Straße", "source": "OpenStreetMap/Overpass"}}, {"type": "Feature", "geometry": {"type": "Point", "coordinates": [13.3408739, 52.4834341]}, "properties": {"id": "osm:way:750732426", "type": "kindergarten", "name": "Kita Am Park", "source": "OpenStreetMap/Overpass"}}, {"type": "Feature", "geometry": {"type": "Point", "coordinates": [13.3231408, 52.4552834]}, "properties": {"id": "osm:way:751693737", "type": "kindergarten", "name": "Kinderladen Papalagi", "source": "OpenStreetMap/Overpass"}}, {"type": "Feature", "geometry": {"type": "Point", "coordinates": [13.3552467, 52.5044454]}, "properties": {"id": "osm:way:753486769", "type": "kindergarten", "name": "Kita Lützowstraße", "source": "OpenStreetMap/Overpass"}}, {"type": "Feature", "geometry": {"type": "Point", "coordinates": [13.6513905, 52.5377914]}, "properties": {"id": "osm:way:754321668", "type": "school", "name": "Gebrüder-Grimm-Grundschule", "source": "OpenStreetMap/Overpass"}}, {"type": "Feature", "geometry": {"type": "Point", "coordinates": [13.5103441, 52.5514567]}, "properties": {"id": "osm:way:757342958", "type": "kindergarten", "name": "Kita Zwergtaucher", "source": "OpenStreetMap/Overpass"}}, {"type": "Feature", "geometry": {"type": "Point", "coordinates": [13.4391896, 52.5321479]}, "properties": {"id": "osm:way:759646249", "type": "kindergarten", "name": "Kita Bambini Oase", "source": "OpenStreetMap/Overpass"}}, {"type": "Feature", "geometry": {"type": "Point", "coordinates": [13.4555263, 52.5476553]}, "properties": {"id": "osm:way:760193958", "type": "school", "name": "Dreieins Grundschule", "source": "OpenStreetMap/Overpass"}}, {"type": "Feature", "geometry": {"type": "Point", "coordinates": [13.4052466, 52.4927705]}, "properties": {"id": "osm:way:761468650", "type": "school", "name": "Aziz-Nesin-Grundschule", "source": "OpenStreetMap/Overpass"}}, {"type": "Feature", "geometry": {"type": "Point", "coordinates": [13.1466874, 52.4142925]}, "properties": {"id": "osm:way:761477031", "type": "school", "name": "Japanische Internationale Schule zu Berlin", "source": "OpenStreetMap/Overpass"}}, {"type": "Feature", "geometry": {"type": "Point", "coordinates": [13.1462696, 52.4157535]}, "properties": {"id": "osm:way:761477032", "type": "kindergarten", "name": "Stolper Kinderhaus", "source": "OpenStreetMap/Overpass"}}, {"type": "Feature", "geometry": {"type": "Point", "coordinates": [13.211279, 52.4316106]}, "properties": {"id": "osm:way:761954936", "type": "school", "name": "Werner-von-Siemens-Gymnasium Berlin", "source": "OpenStreetMap/Overpass"}}, {"type": "Feature", "geometry": {"type": "Point", "coordinates": [13.5067322, 52.6291911]}, "properties": {"id": "osm:way:762900933", "type": "kindergarten", "name": "Kindergarten Sonne, Mond und Sterne", "source": "OpenStreetMap/Overpass"}}, {"type": "Feature", "geometry": {"type": "Point", "coordinates": [13.4205135, 52.480933]}, "properties": {"id": "osm:way:765235245", "type": "kindergarten", "name": "Hort der Karlsgarten-Grundschule", "source": "OpenStreetMap/Overpass"}}, {"type": "Feature", "geometry": {"type": "Point", "coordinates": [13.2787968, 52.4027785]}, "properties": {"id": "osm:way:765352064", "type": "kindergarten", "name": "Kita Haus Morgensonne", "source": "OpenStreetMap/Overpass"}}, {"type": "Feature", "geometry": {"type": "Point", "coordinates": [13.2782424, 52.402743]}, "properties": {"id": "osm:way:766003393", "type": "kindergarten", "name": "Kita Haus Salem", "source": "OpenStreetMap/Overpass"}}, {"type": "Feature", "geometry": {"type": "Point", "coordinates": [13.2774887, 52.402236]}, "properties": {"id": "osm:way:766428173", "type": "school", "name": "Hans-Christian-Andersen-Schule", "source": "OpenStreetMap/Overpass"}}, {"type": "Feature", "geometry": {"type": "Point", "coordinates": [13.0949535, 52.394773]}, "properties": {"id": "osm:way:772699704", "type": "kindergarten", "name": "Hort \"Weberspatzen\"", "source": "OpenStreetMap/Overpass"}}, {"type": "Feature", "geometry": {"type": "Point", "coordinates": [13.3449631, 52.6039849]}, "properties": {"id": "osm:way:779642478", "type": "kindergarten", "name": "Kindergarten Schlitzer Straße", "source": "OpenStreetMap/Overpass"}}, {"type": "Feature", "geometry": {"type": "Point", "coordinates": [13.1727659, 52.5209938]}, "properties": {"id": "osm:way:779666043", "type": "kindergarten", "name": "Kita Wunderblume", "source": "OpenStreetMap/Overpass"}}, {"type": "Feature", "geometry": {"type": "Point", "coordinates": [13.1742696, 52.5258443]}, "properties": {"id": "osm:way:787813111", "type": "school", "name": "Carlo-Schmid-Oberschule", "source": "OpenStreetMap/Overpass"}}, {"type": "Feature", "geometry": {"type": "Point", "coordinates": [13.5336163, 52.416067]}, "properties": {"id": "osm:way:788149471", "type": "kindergarten", "name": "Kita Peene-Kapitäne", "source": "OpenStreetMap/Overpass"}}, {"type": "Feature", "geometry": {"type": "Point", "coordinates": [13.6591064, 52.4152741]}, "properties": {"id": "osm:way:789240024", "type": "kindergarten", "name": "Kita Müggelstern", "source": "OpenStreetMap/Overpass"}}, {"type": "Feature", "geometry": {"type": "Point", "coordinates": [13.7599153, 52.4471003]}, "properties": {"id": "osm:way:792232871", "type": "kindergarten", "name": "Ev. Kita Schatzkiste", "source": "OpenStreetMap/Overpass"}}, {"type": "Feature", "geometry": {"type": "Point", "coordinates": [13.3159771, 52.4657824]}, "properties": {"id": "osm:way:792353684", "type": "kindergarten", "name": "OASE Hort", "source": "OpenStreetMap/Overpass"}}, {"type": "Feature", "geometry": {"type": "Point", "coordinates": [13.5496237, 52.4174144]}, "properties": {"id": "osm:way:798100253", "type": "kindergarten", "name": "Kita Zur Teutonenburg", "source": "OpenStreetMap/Overpass"}}, {"type": "Feature", "geometry": {"type": "Point", "coordinates": [13.5636934, 52.4021509]}, "properties": {"id": "osm:way:798100256", "type": "kindergarten", "name": "Kita Buntzelzwerge", "source": "OpenStreetMap/Overpass"}}, {"type": "Feature", "geometry": {"type": "Point", "coordinates": [13.5875559, 52.3979729]}, "properties": {"id": "osm:way:798100257", "type": "kindergarten", "name": "Kindertagesstätte Traumzauberwelt", "source": "OpenStreetMap/Overpass"}}, {"type": "Feature", "geometry": {"type": "Point", "coordinates": [13.5660254, 52.4074653]}, "properties": {"id": "osm:way:798108887", "type": "kindergarten", "name": "Kita Falkenberg", "source": "OpenStreetMap/Overpass"}}, {"type": "Feature", "geometry": {"type": "Point", "coordinates": [13.3883737, 52.3838126]}, "properties": {"id": "osm:way:798355624", "type": "kindergarten", "name": "Kita Haus Salem", "source": "OpenStreetMap/Overpass"}}, {"type": "Feature", "geometry": {"type": "Point", "coordinates": [13.2069345, 52.3971653]}, "properties": {"id": "osm:way:799050331", "type": "kindergarten", "name": "Ameisenburg", "source": "OpenStreetMap/Overpass"}}, {"type": "Feature", "geometry": {"type": "Point", "coordinates": [13.4068041, 52.3659759]}, "properties": {"id": "osm:way:799208275", "type": "kindergarten", "name": "Kleine Strolche", "source": "OpenStreetMap/Overpass"}}, {"type": "Feature", "geometry": {"type": "Point", "coordinates": [13.3491426, 52.5558745]}, "properties": {"id": "osm:way:801411741", "type": "kindergarten", "name": "Kindergarten Edinburger Straße", "source": "OpenStreetMap/Overpass"}}, {"type": "Feature", "geometry": {"type": "Point", "coordinates": [13.345448, 52.5559206]}, "properties": {"id": "osm:way:801418826", "type": "kindergarten", "name": "RoKoKids", "source": "OpenStreetMap/Overpass"}}, {"type": "Feature", "geometry": {"type": "Point", "coordinates": [13.3348334, 52.5554749]}, "properties": {"id": "osm:way:801759716", "type": "kindergarten", "name": "Kindergarten Maji-Maji-Allee", "source": "OpenStreetMap/Overpass"}}, {"type": "Feature", "geometry": {"type": "Point", "coordinates": [13.3441051, 52.5508167]}, "properties": {"id": "osm:way:802125970", "type": "kindergarten", "name": "Kindergarten Pfiffikus", "source": "OpenStreetMap/Overpass"}}, {"type": "Feature", "geometry": {"type": "Point", "coordinates": [13.3317473, 52.5646243]}, "properties": {"id": "osm:way:802193949", "type": "kindergarten", "name": "Zicke Zacke Kita", "source": "OpenStreetMap/Overpass"}}, {"type": "Feature", "geometry": {"type": "Point", "coordinates": [13.2789016, 52.5363617]}, "properties": {"id": "osm:way:802195371", "type": "kindergarten", "name": "Zicke Zacke Kita", "source": "OpenStreetMap/Overpass"}}, {"type": "Feature", "geometry": {"type": "Point", "coordinates": [13.6122957, 52.3402164]}, "properties": {"id": "osm:way:802892066", "type": "kindergarten", "name": "Kita Kinderkiste", "source": "OpenStreetMap/Overpass"}}, {"type": "Feature", "geometry": {"type": "Point", "coordinates": [13.326355, 52.3865339]}, "properties": {"id": "osm:way:803564024", "type": "kindergarten", "name": "Kita Heinersdorfer Spatzen", "source": "OpenStreetMap/Overpass"}}, {"type": "Feature", "geometry": {"type": "Point", "coordinates": [13.2879821, 52.523196]}, "properties": {"id": "osm:way:805323257", "type": "kindergarten", "name": "Kita am Schlosspark", "source": "OpenStreetMap/Overpass"}}, {"type": "Feature", "geometry": {"type": "Point", "coordinates": [13.3175084, 52.6686399]}, "properties": {"id": "osm:way:809557600", "type": "school", "name": "Ahorn Grundschule Bergfelde", "source": "OpenStreetMap/Overpass"}}, {"type": "Feature", "geometry": {"type": "Point", "coordinates": [13.3182208, 52.6691239]}, "properties": {"id": "osm:way:809557601", "type": "kindergarten", "name": "Kindertagesstätte Campus", "source": "OpenStreetMap/Overpass"}}, {"type": "Feature", "geometry": {"type": "Point", "coordinates": [13.7030507, 52.4343684]}, "properties": {"id": "osm:way:810803486", "type": "kindergarten", "name": "KITA Eichkater", "source": "OpenStreetMap/Overpass"}}, {"type": "Feature", "geometry": {"type": "Point", "coordinates": [13.4855946, 52.556817]}, "properties": {"id": "osm:way:812594524", "type": "kindergarten", "name": "Kita Bergfalke", "source": "OpenStreetMap/Overpass"}}, {"type": "Feature", "geometry": {"type": "Point", "coordinates": [13.1746661, 52.5230089]}, "properties": {"id": "osm:way:813304782", "type": "kindergarten", "name": "Kita Seeburger Weg", "source": "OpenStreetMap/Overpass"}}, {"type": "Feature", "geometry": {"type": "Point", "coordinates": [13.5212054, 52.47925]}, "properties": {"id": "osm:way:816946304", "type": "kindergarten", "name": "Kita Spatzentrio", "source": "OpenStreetMap/Overpass"}}, {"type": "Feature", "geometry": {"type": "Point", "coordinates": [13.5155552, 52.4821243]}, "properties": {"id": "osm:way:816948736", "type": "kindergarten", "name": "Kita Spatzentrio", "source": "OpenStreetMap/Overpass"}}, {"type": "Feature", "geometry": {"type": "Point", "coordinates": [13.5238878, 52.4801805]}, "properties": {"id": "osm:way:816949456", "type": "kindergarten", "name": "Kita Spatzentrio", "source": "OpenStreetMap/Overpass"}}, {"type": "Feature", "geometry": {"type": "Point", "coordinates": [13.2589265, 52.5131691]}, "properties": {"id": "osm:way:822517998", "type": "kindergarten", "name": "Kindertagesstätte Heilig Geist", "source": "OpenStreetMap/Overpass"}}, {"type": "Feature", "geometry": {"type": "Point", "coordinates": [13.4780477, 52.5059532]}, "properties": {"id": "osm:way:824170112", "type": "kindergarten", "name": "Kindertagesstätte Buntstift", "source": "OpenStreetMap/Overpass"}}, {"type": "Feature", "geometry": {"type": "Point", "coordinates": [13.5629713, 52.4492667]}, "properties": {"id": "osm:way:824934749", "type": "kindergarten", "name": "Kita Agarta", "source": "OpenStreetMap/Overpass"}}, {"type": "Feature", "geometry": {"type": "Point", "coordinates": [13.3760525, 52.5601786]}, "properties": {"id": "osm:way:825952999", "type": "kindergarten", "name": "Kita Firlefanz", "source": "OpenStreetMap/Overpass"}}, {"type": "Feature", "geometry": {"type": "Point", "coordinates": [13.2540333, 52.4322583]}, "properties": {"id": "osm:way:827475894", "type": "kindergarten", "name": "Kita Hohenzollernstraße", "source": "OpenStreetMap/Overpass"}}, {"type": "Feature", "geometry": {"type": "Point", "coordinates": [13.3862936, 52.5601278]}, "properties": {"id": "osm:way:831369560", "type": "kindergarten", "name": "Kinderladen Villa Römer", "source": "OpenStreetMap/Overpass"}}, {"type": "Feature", "geometry": {"type": "Point", "coordinates": [13.5937334, 52.5252488]}, "properties": {"id": "osm:way:832293118", "type": "kindergarten", "name": "Kita Wunderwelt", "source": "OpenStreetMap/Overpass"}}, {"type": "Feature", "geometry": {"type": "Point", "coordinates": [13.336591, 52.468423]}, "properties": {"id": "osm:way:832995463", "type": "kindergarten", "name": "Kita Fregestraße", "source": "OpenStreetMap/Overpass"}}, {"type": "Feature", "geometry": {"type": "Point", "coordinates": [13.5930378, 52.5317421]}, "properties": {"id": "osm:way:834725267", "type": "kindergarten", "name": "Kita Märchenland", "source": "OpenStreetMap/Overpass"}}, {"type": "Feature", "geometry": {"type": "Point", "coordinates": [13.4790927, 52.6044386]}, "properties": {"id": "osm:way:835353663", "type": "kindergarten", "name": "Kindergarten Abenteuerland", "source": "OpenStreetMap/Overpass"}}, {"type": "Feature", "geometry": {"type": "Point", "coordinates": [13.3540711, 52.407712]}, "properties": {"id": "osm:way:835798609", "type": "school", "name": "Gustav-Heinemann-Oberschule", "source": "OpenStreetMap/Overpass"}}, {"type": "Feature", "geometry": {"type": "Point", "coordinates": [13.3876582, 52.5055351]}, "properties": {"id": "osm:way:838482623", "type": "kindergarten", "name": "Kindergarten Kochstraße", "source": "OpenStreetMap/Overpass"}}, {"type": "Feature", "geometry": {"type": "Point", "coordinates": [13.5025942, 52.5362332]}, "properties": {"id": "osm:way:838610764", "type": "kindergarten", "name": "Kita NEO", "source": "OpenStreetMap/Overpass"}}, {"type": "Feature", "geometry": {"type": "Point", "coordinates": [13.3143564, 52.4763112]}, "properties": {"id": "osm:way:838807026", "type": "kindergarten", "name": "Kita Siegburger Straße", "source": "OpenStreetMap/Overpass"}}, {"type": "Feature", "geometry": {"type": "Point", "coordinates": [13.6182869, 52.601746]}, "properties": {"id": "osm:way:842134943", "type": "school", "name": "Friedrich von Canitz Grundschule Blumberg", "source": "OpenStreetMap/Overpass"}}, {"type": "Feature", "geometry": {"type": "Point", "coordinates": [13.4480899, 52.43933]}, "properties": {"id": "osm:way:843421833", "type": "kindergarten", "name": "Kath. Kita Bruder Klaus", "source": "OpenStreetMap/Overpass"}}, {"type": "Feature", "geometry": {"type": "Point", "coordinates": [13.4412947, 52.4495616]}, "properties": {"id": "osm:way:843589807", "type": "kindergarten", "name": "Kath. Kita Heiliger Schutzengel", "source": "OpenStreetMap/Overpass"}}, {"type": "Feature", "geometry": {"type": "Point", "coordinates": [13.3303991, 52.4695984]}, "properties": {"id": "osm:way:845106713", "type": "kindergarten", "name": "Montessori-Kinderhaus Friedenau", "source": "OpenStreetMap/Overpass"}}, {"type": "Feature", "geometry": {"type": "Point", "coordinates": [13.439694, 52.5217342]}, "properties": {"id": "osm:way:846682374", "type": "kindergarten", "name": "Evangelische Kita Auferstehung", "source": "OpenStreetMap/Overpass"}}, {"type": "Feature", "geometry": {"type": "Point", "coordinates": [13.4461527, 52.5415635]}, "properties": {"id": "osm:way:846986325", "type": "school", "name": "Paul-Lincke-Grundschule", "source": "OpenStreetMap/Overpass"}}, {"type": "Feature", "geometry": {"type": "Point", "coordinates": [13.4778209, 52.464954]}, "properties": {"id": "osm:way:847231911", "type": "kindergarten", "name": "Stadtteil-Kita High-Deck", "source": "OpenStreetMap/Overpass"}}, {"type": "Feature", "geometry": {"type": "Point", "coordinates": [13.3234914, 52.6729339]}, "properties": {"id": "osm:way:850513534", "type": "kindergarten", "name": "Kindertagesstätte Zauberwald", "source": "OpenStreetMap/Overpass"}}, {"type": "Feature", "geometry": {"type": "Point", "coordinates": [13.5767513, 52.6743309]}, "properties": {"id": "osm:way:850569978", "type": "kindergarten", "name": "Kindergärtnerei", "source": "OpenStreetMap/Overpass"}}, {"type": "Feature", "geometry": {"type": "Point", "coordinates": [13.5955882, 52.5354617]}, "properties": {"id": "osm:way:853906770", "type": "kindergarten", "name": "Kita Drachen Kids", "source": "OpenStreetMap/Overpass"}}, {"type": "Feature", "geometry": {"type": "Point", "coordinates": [13.5301913, 52.6523868]}, "properties": {"id": "osm:way:856707933", "type": "school", "name": "Grundschule an der Panke", "source": "OpenStreetMap/Overpass"}}, {"type": "Feature", "geometry": {"type": "Point", "coordinates": [13.3075578, 52.490044]}, "properties": {"id": "osm:way:857510320", "type": "kindergarten", "name": "Waldorf-Kindergarten Mansfelder Straße e.V.", "source": "OpenStreetMap/Overpass"}}, {"type": "Feature", "geometry": {"type": "Point", "coordinates": [13.5078018, 52.5626655]}, "properties": {"id": "osm:way:858529854", "type": "kindergarten", "name": "Freche Früchtchen", "source": "OpenStreetMap/Overpass"}}, {"type": "Feature", "geometry": {"type": "Point", "coordinates": [13.6798956, 52.6159001]}, "properties": {"id": "osm:way:862768182", "type": "kindergarten", "name": "", "source": "OpenStreetMap/Overpass"}}, {"type": "Feature", "geometry": {"type": "Point", "coordinates": [13.1325716, 52.6225008]}, "properties": {"id": "osm:way:865029526", "type": "kindergarten", "name": "", "source": "OpenStreetMap/Overpass"}}, {"type": "Feature", "geometry": {"type": "Point", "coordinates": [13.3158945, 52.4738658]}, "properties": {"id": "osm:way:865920937", "type": "kindergarten", "name": "Kita Homburger Straße", "source": "OpenStreetMap/Overpass"}}, {"type": "Feature", "geometry": {"type": "Point", "coordinates": [13.2033393, 52.547262]}, "properties": {"id": "osm:way:868618390", "type": "kindergarten", "name": "Kita Lasiuszeile", "source": "OpenStreetMap/Overpass"}}, {"type": "Feature", "geometry": {"type": "Point", "coordinates": [13.7263933, 52.569556]}, "properties": {"id": "osm:way:870407097", "type": "kindergarten", "name": "Hort Altlandsberg", "source": "OpenStreetMap/Overpass"}}, {"type": "Feature", "geometry": {"type": "Point", "coordinates": [13.7087396, 52.5467527]}, "properties": {"id": "osm:way:870443970", "type": "kindergarten", "name": "Evangelische Kita \"Am Röthsee\"", "source": "OpenStreetMap/Overpass"}}, {"type": "Feature", "geometry": {"type": "Point", "coordinates": [13.609872, 52.527276]}, "properties": {"id": "osm:way:876656371", "type": "kindergarten", "name": "Kita \"Seespatzen\"", "source": "OpenStreetMap/Overpass"}}, {"type": "Feature", "geometry": {"type": "Point", "coordinates": [13.3574958, 52.4787439]}, "properties": {"id": "osm:way:877477265", "type": "school", "name": "Bildungscampus Schöneberger Linse", "source": "OpenStreetMap/Overpass"}}, {"type": "Feature", "geometry": {"type": "Point", "coordinates": [13.2839292, 52.3950742]}, "properties": {"id": "osm:way:877916783", "type": "kindergarten", "name": "Kita Teltow", "source": "OpenStreetMap/Overpass"}}, {"type": "Feature", "geometry": {"type": "Point", "coordinates": [13.4534877, 52.5633555]}, "properties": {"id": "osm:way:881307707", "type": "school", "name": "49. Grundschule Pankow", "source": "OpenStreetMap/Overpass"}}, {"type": "Feature", "geometry": {"type": "Point", "coordinates": [13.5674267, 52.4536104]}, "properties": {"id": "osm:way:881453834", "type": "kindergarten", "name": "", "source": "OpenStreetMap/Overpass"}}, {"type": "Feature", "geometry": {"type": "Point", "coordinates": [13.5674234, 52.4536887]}, "properties": {"id": "osm:way:881456536", "type": "school", "name": "Bewegte Schule Köpenick", "source": "OpenStreetMap/Overpass"}}, {"type": "Feature", "geometry": {"type": "Point", "coordinates": [13.2996251, 52.6307125]}, "properties": {"id": "osm:way:884153817", "type": "kindergarten", "name": "Kita Schneckenhaus", "source": "OpenStreetMap/Overpass"}}, {"type": "Feature", "geometry": {"type": "Point", "coordinates": [13.32166, 52.4632182]}, "properties": {"id": "osm:way:884906942", "type": "kindergarten", "name": "Ev. Kindertagesstätte der Patmos-Kirchengemeinde Steglitz", "source": "OpenStreetMap/Overpass"}}, {"type": "Feature", "geometry": {"type": "Point", "coordinates": [13.3245201, 52.4587752]}, "properties": {"id": "osm:way:884909445", "type": "kindergarten", "name": "Rosenkranz Kita", "source": "OpenStreetMap/Overpass"}}, {"type": "Feature", "geometry": {"type": "Point", "coordinates": [13.2983032, 52.441975]}, "properties": {"id": "osm:way:885313871", "type": "kindergarten", "name": "Steglitzer Kinderkreisel e.V.", "source": "OpenStreetMap/Overpass"}}, {"type": "Feature", "geometry": {"type": "Point", "coordinates": [13.3193136, 52.5206213]}, "properties": {"id": "osm:way:886212133", "type": "kindergarten", "name": "", "source": "OpenStreetMap/Overpass"}}, {"type": "Feature", "geometry": {"type": "Point", "coordinates": [13.4355402, 52.4384449]}, "properties": {"id": "osm:way:887516530", "type": "kindergarten", "name": "Ev. Kita „Johann Christoph Blumhardt“", "source": "OpenStreetMap/Overpass"}}, {"type": "Feature", "geometry": {"type": "Point", "coordinates": [13.3134376, 52.4631799]}, "properties": {"id": "osm:way:887946120", "type": "kindergarten", "name": "Jugend-Freizeit-Einrichtung Flemmingstraße", "source": "OpenStreetMap/Overpass"}}, {"type": "Feature", "geometry": {"type": "Point", "coordinates": [13.581404, 52.508734]}, "properties": {"id": "osm:way:889557206", "type": "kindergarten", "name": "Evangelischer Kindergarten Kaulsdorf", "source": "OpenStreetMap/Overpass"}}, {"type": "Feature", "geometry": {"type": "Point", "coordinates": [13.3222583, 52.4694923]}, "properties": {"id": "osm:way:892421088", "type": "school", "name": "Stechlinsee-Grundschule", "source": "OpenStreetMap/Overpass"}}, {"type": "Feature", "geometry": {"type": "Point", "coordinates": [13.3059912, 52.6227362]}, "properties": {"id": "osm:way:894637170", "type": "kindergarten", "name": "Katholischer Kindergarten Maria Gnaden", "source": "OpenStreetMap/Overpass"}}, {"type": "Feature", "geometry": {"type": "Point", "coordinates": [13.330674, 52.5939214]}, "properties": {"id": "osm:way:895009367", "type": "school", "name": "Schule am Park", "source": "OpenStreetMap/Overpass"}}, {"type": "Feature", "geometry": {"type": "Point", "coordinates": [13.4404703, 52.4386995]}, "properties": {"id": "osm:way:895049808", "type": "kindergarten", "name": "Kita „Ravelin“", "source": "OpenStreetMap/Overpass"}}, {"type": "Feature", "geometry": {"type": "Point", "coordinates": [13.3430574, 52.5962953]}, "properties": {"id": "osm:way:895631068", "type": "kindergarten", "name": "Kita Forumhaus", "source": "OpenStreetMap/Overpass"}}, {"type": "Feature", "geometry": {"type": "Point", "coordinates": [13.5937669, 52.5458446]}, "properties": {"id": "osm:way:903402923", "type": "kindergarten", "name": "KITA „mIGELito“ Berlin-Hellersdorf", "source": "OpenStreetMap/Overpass"}}, {"type": "Feature", "geometry": {"type": "Point", "coordinates": [13.3547073, 52.5890931]}, "properties": {"id": "osm:way:903535235", "type": "school", "name": "Neibau ABB Ausbildungszentrum Berlin", "source": "OpenStreetMap/Overpass"}}, {"type": "Feature", "geometry": {"type": "Point", "coordinates": [13.3003964, 52.6371592]}, "properties": {"id": "osm:way:908608759", "type": "kindergarten", "name": "Kinderhaus Frohnau e. V.", "source": "OpenStreetMap/Overpass"}}, {"type": "Feature", "geometry": {"type": "Point", "coordinates": [13.2868796, 52.6301731]}, "properties": {"id": "osm:way:908613792", "type": "kindergarten", "name": "Christliche Montessori-Kindertagesstätte", "source": "OpenStreetMap/Overpass"}}, {"type": "Feature", "geometry": {"type": "Point", "coordinates": [13.3046078, 52.5244677]}, "properties": {"id": "osm:way:911185617", "type": "kindergarten", "name": "Kita Nordhauser Straße", "source": "OpenStreetMap/Overpass"}}, {"type": "Feature", "geometry": {"type": "Point", "coordinates": [13.3412457, 52.6066486]}, "properties": {"id": "osm:way:911474343", "type": "school", "name": "Goethe Grundschule", "source": "OpenStreetMap/Overpass"}}, {"type": "Feature", "geometry": {"type": "Point", "coordinates": [13.6200406, 52.5006471]}, "properties": {"id": "osm:way:913476551", "type": "kindergarten", "name": "Kita Theo & Dora", "source": "OpenStreetMap/Overpass"}}, {"type": "Feature", "geometry": {"type": "Point", "coordinates": [13.0927398, 52.390361]}, "properties": {"id": "osm:way:913793574", "type": "kindergarten", "name": "Comeniuskindergarten", "source": "OpenStreetMap/Overpass"}}, {"type": "Feature", "geometry": {"type": "Point", "coordinates": [13.6149401, 52.5122813]}, "properties": {"id": "osm:way:913945717", "type": "kindergarten", "name": "Emma & Lukas Kindertagesstätten", "source": "OpenStreetMap/Overpass"}}, {"type": "Feature", "geometry": {"type": "Point", "coordinates": [13.590704, 52.3596713]}, "properties": {"id": "osm:way:915500169", "type": "kindergarten", "name": "Kita Löwenzahn", "source": "OpenStreetMap/Overpass"}}, {"type": "Feature", "geometry": {"type": "Point", "coordinates": [13.198156, 52.5735582]}, "properties": {"id": "osm:way:915836926", "type": "school", "name": "Schule ohne Grenzen", "source": "OpenStreetMap/Overpass"}}, {"type": "Feature", "geometry": {"type": "Point", "coordinates": [13.3640177, 52.5845583]}, "properties": {"id": "osm:way:918403938", "type": "kindergarten", "name": "Villa Flohkiste", "source": "OpenStreetMap/Overpass"}}, {"type": "Feature", "geometry": {"type": "Point", "coordinates": [13.0908965, 52.3934701]}, "properties": {"id": "osm:way:921246085", "type": "kindergarten", "name": "Oberlin Kindertagesstätte", "source": "OpenStreetMap/Overpass"}}, {"type": "Feature", "geometry": {"type": "Point", "coordinates": [13.4348372, 52.558746]}, "properties": {"id": "osm:way:925548651", "type": "kindergarten", "name": "Kita Steinbergzwerge", "source": "OpenStreetMap/Overpass"}}, {"type": "Feature", "geometry": {"type": "Point", "coordinates": [13.6798612, 52.5285272]}, "properties": {"id": "osm:way:927126004", "type": "school", "name": "Schule am Amselsteg", "source": "OpenStreetMap/Overpass"}}, {"type": "Feature", "geometry": {"type": "Point", "coordinates": [13.7612482, 52.6255123]}, "properties": {"id": "osm:way:927720126", "type": "school", "name": "Grundschule am Rosenpark", "source": "OpenStreetMap/Overpass"}}, {"type": "Feature", "geometry": {"type": "Point", "coordinates": [13.5032674, 52.5698684]}, "properties": {"id": "osm:way:928204651", "type": "kindergarten", "name": "Kita \"Sonnenschein\"", "source": "OpenStreetMap/Overpass"}}, {"type": "Feature", "geometry": {"type": "Point", "coordinates": [13.3143564, 52.6352146]}, "properties": {"id": "osm:way:928821752", "type": "school", "name": "Neues Gymnasium Glienicke", "source": "OpenStreetMap/Overpass"}}, {"type": "Feature", "geometry": {"type": "Point", "coordinates": [13.328169, 52.6279165]}, "properties": {"id": "osm:way:928823099", "type": "kindergarten", "name": "Kita II Burattino", "source": "OpenStreetMap/Overpass"}}, {"type": "Feature", "geometry": {"type": "Point", "coordinates": [13.7346162, 52.625856]}, "properties": {"id": "osm:way:930655949", "type": "kindergarten", "name": "Kita Querfeldein", "source": "OpenStreetMap/Overpass"}}, {"type": "Feature", "geometry": {"type": "Point", "coordinates": [13.4882683, 52.539008]}, "properties": {"id": "osm:way:932809958", "type": "kindergarten", "name": "Kita SpreeEule", "source": "OpenStreetMap/Overpass"}}, {"type": "Feature", "geometry": {"type": "Point", "coordinates": [13.304213, 52.6326768]}, "properties": {"id": "osm:way:934923002", "type": "kindergarten", "name": "Kita Frohnatur", "source": "OpenStreetMap/Overpass"}}, {"type": "Feature", "geometry": {"type": "Point", "coordinates": [13.7118074, 52.5240802]}, "properties": {"id": "osm:way:936328087", "type": "school", "name": "Oberschule Neuenhagen", "source": "OpenStreetMap/Overpass"}}, {"type": "Feature", "geometry": {"type": "Point", "coordinates": [13.4094122, 52.4072477]}, "properties": {"id": "osm:way:938051017", "type": "kindergarten", "name": "Kita Griembergweg", "source": "OpenStreetMap/Overpass"}}, {"type": "Feature", "geometry": {"type": "Point", "coordinates": [13.3269083, 52.4710645]}, "properties": {"id": "osm:way:938184839", "type": "kindergarten", "name": "Kita Paul und Anna", "source": "OpenStreetMap/Overpass"}}, {"type": "Feature", "geometry": {"type": "Point", "coordinates": [13.4155012, 52.396877]}, "properties": {"id": "osm:way:940356152", "type": "kindergarten", "name": "Kita Traumburg", "source": "OpenStreetMap/Overpass"}}, {"type": "Feature", "geometry": {"type": "Point", "coordinates": [13.4971135, 52.614924]}, "properties": {"id": "osm:way:944794709", "type": "school", "name": "", "source": "OpenStreetMap/Overpass"}}, {"type": "Feature", "geometry": {"type": "Point", "coordinates": [13.316479, 52.6375753]}, "properties": {"id": "osm:way:946998016", "type": "kindergarten", "name": "Kita Sonnenschein", "source": "OpenStreetMap/Overpass"}}, {"type": "Feature", "geometry": {"type": "Point", "coordinates": [13.2995199, 52.5093336]}, "properties": {"id": "osm:way:947189304", "type": "kindergarten", "name": "Kita des Pestalozzi-Fröbel-Hauses", "source": "OpenStreetMap/Overpass"}}, {"type": "Feature", "geometry": {"type": "Point", "coordinates": [13.6132756, 52.5397383]}, "properties": {"id": "osm:way:947435733", "type": "school", "name": "36. Grundschule Hellersdorf", "source": "OpenStreetMap/Overpass"}}, {"type": "Feature", "geometry": {"type": "Point", "coordinates": [13.4864869, 52.6436929]}, "properties": {"id": "osm:way:951189525", "type": "kindergarten", "name": "Kita am Wald", "source": "OpenStreetMap/Overpass"}}, {"type": "Feature", "geometry": {"type": "Point", "coordinates": [13.4381426, 52.6042548]}, "properties": {"id": "osm:way:951755160", "type": "kindergarten", "name": "Kita Spatzenhaus", "source": "OpenStreetMap/Overpass"}}, {"type": "Feature", "geometry": {"type": "Point", "coordinates": [13.5497577, 52.6575514]}, "properties": {"id": "osm:way:954749024", "type": "kindergarten", "name": "Kita Pankestrolche", "source": "OpenStreetMap/Overpass"}}, {"type": "Feature", "geometry": {"type": "Point", "coordinates": [13.504389, 52.5662801]}, "properties": {"id": "osm:way:955052539", "type": "kindergarten", "name": "Kita Wolkenreise", "source": "OpenStreetMap/Overpass"}}, {"type": "Feature", "geometry": {"type": "Point", "coordinates": [13.3990305, 52.5780281]}, "properties": {"id": "osm:way:957126466", "type": "school", "name": "Freie Schule Pankow", "source": "OpenStreetMap/Overpass"}}, {"type": "Feature", "geometry": {"type": "Point", "coordinates": [13.3148192, 52.4825128]}, "properties": {"id": "osm:way:957221477", "type": "kindergarten", "name": "Kita Wallenbergstraße", "source": "OpenStreetMap/Overpass"}}, {"type": "Feature", "geometry": {"type": "Point", "coordinates": [13.4555964, 52.4223408]}, "properties": {"id": "osm:way:965575239", "type": "kindergarten", "name": "Kita Wildhüterweg", "source": "OpenStreetMap/Overpass"}}, {"type": "Feature", "geometry": {"type": "Point", "coordinates": [13.6330229, 52.4511185]}, "properties": {"id": "osm:way:966980015", "type": "school", "name": "Müggelsee-Schule (Filiale Rahnsdorfer Straße)", "source": "OpenStreetMap/Overpass"}}, {"type": "Feature", "geometry": {"type": "Point", "coordinates": [13.4713596, 52.4947064]}, "properties": {"id": "osm:way:967595582", "type": "kindergarten", "name": "Humanistische Kita Bahrfeldtstraße", "source": "OpenStreetMap/Overpass"}}, {"type": "Feature", "geometry": {"type": "Point", "coordinates": [13.5093977, 52.4193876]}, "properties": {"id": "osm:way:972612321", "type": "school", "name": "Matthias-Claudius-Schule (Filiale)", "source": "OpenStreetMap/Overpass"}}, {"type": "Feature", "geometry": {"type": "Point", "coordinates": [13.612539, 52.4824967]}, "properties": {"id": "osm:way:975259068", "type": "school", "name": "Kiekemal-Grundschule ( Erweiterungsstandort )", "source": "OpenStreetMap/Overpass"}}, {"type": "Feature", "geometry": {"type": "Point", "coordinates": [13.6127242, 52.4929616]}, "properties": {"id": "osm:way:976216893", "type": "kindergarten", "name": "Kita Lutherzwerge", "source": "OpenStreetMap/Overpass"}}, {"type": "Feature", "geometry": {"type": "Point", "coordinates": [13.371881, 52.5380992]}, "properties": {"id": "osm:way:976848100", "type": "school", "name": "Grundschule am Nordhafen", "source": "OpenStreetMap/Overpass"}}, {"type": "Feature", "geometry": {"type": "Point", "coordinates": [13.6224205, 52.6023208]}, "properties": {"id": "osm:way:977354890", "type": "kindergarten", "name": "Kindertagesstätte \"Spielhaus\"", "source": "OpenStreetMap/Overpass"}}, {"type": "Feature", "geometry": {"type": "Point", "coordinates": [13.6218025, 52.6028733]}, "properties": {"id": "osm:way:977363256", "type": "school", "name": "Docemus Campus Blumberg", "source": "OpenStreetMap/Overpass"}}, {"type": "Feature", "geometry": {"type": "Point", "coordinates": [13.6070179, 52.5317362]}, "properties": {"id": "osm:way:978681586", "type": "kindergarten", "name": "Kita der Ev. Kirchengem. Hellersdorf", "source": "OpenStreetMap/Overpass"}}, {"type": "Feature", "geometry": {"type": "Point", "coordinates": [13.1981639, 52.5288062]}, "properties": {"id": "osm:way:978750919", "type": "kindergarten", "name": "", "source": "OpenStreetMap/Overpass"}}, {"type": "Feature", "geometry": {"type": "Point", "coordinates": [13.4421765, 52.4255548]}, "properties": {"id": "osm:way:978880354", "type": "kindergarten", "name": "Kita Familya Gropiusstadt", "source": "OpenStreetMap/Overpass"}}, {"type": "Feature", "geometry": {"type": "Point", "coordinates": [13.4293337, 52.4172605]}, "properties": {"id": "osm:way:978882336", "type": "kindergarten", "name": "Humanistische Kindertagesstätte Mäusevilla", "source": "OpenStreetMap/Overpass"}}, {"type": "Feature", "geometry": {"type": "Point", "coordinates": [13.577482, 52.4895279]}, "properties": {"id": "osm:way:981344146", "type": "kindergarten", "name": "Kita „Traumzauberhaus“", "source": "OpenStreetMap/Overpass"}}, {"type": "Feature", "geometry": {"type": "Point", "coordinates": [13.5077038, 52.5403646]}, "properties": {"id": "osm:way:981996508", "type": "school", "name": "Grundschule Schleizer Straße", "source": "OpenStreetMap/Overpass"}}, {"type": "Feature", "geometry": {"type": "Point", "coordinates": [13.4174006, 52.5033778]}, "properties": {"id": "osm:way:985356850", "type": "kindergarten", "name": "Kindergarten Leuschnerdamm", "source": "OpenStreetMap/Overpass"}}, {"type": "Feature", "geometry": {"type": "Point", "coordinates": [13.4221782, 52.5034703]}, "properties": {"id": "osm:way:985357598", "type": "kindergarten", "name": "Kinderhaus Waldemar", "source": "OpenStreetMap/Overpass"}}, {"type": "Feature", "geometry": {"type": "Point", "coordinates": [13.4216295, 52.5032628]}, "properties": {"id": "osm:way:985358038", "type": "kindergarten", "name": "Eltern-Kinder-Schülergruppe Florian", "source": "OpenStreetMap/Overpass"}}, {"type": "Feature", "geometry": {"type": "Point", "coordinates": [13.4199345, 52.5053236]}, "properties": {"id": "osm:way:985452354", "type": "kindergarten", "name": "Kita Bethaniendamm", "source": "OpenStreetMap/Overpass"}}, {"type": "Feature", "geometry": {"type": "Point", "coordinates": [13.1792374, 52.5182384]}, "properties": {"id": "osm:way:985613566", "type": "kindergarten", "name": "Kita Wilhelmstadt", "source": "OpenStreetMap/Overpass"}}, {"type": "Feature", "geometry": {"type": "Point", "coordinates": [13.5812553, 52.4176116]}, "properties": {"id": "osm:way:985975943", "type": "kindergarten", "name": "Kita an der Dahme", "source": "OpenStreetMap/Overpass"}}, {"type": "Feature", "geometry": {"type": "Point", "coordinates": [13.2684605, 52.5065369]}, "properties": {"id": "osm:way:986262835", "type": "school", "name": "Freie Schule Charlottenburg", "source": "OpenStreetMap/Overpass"}}, {"type": "Feature", "geometry": {"type": "Point", "coordinates": [13.1005229, 52.3898734]}, "properties": {"id": "osm:way:986606536", "type": "kindergarten", "name": "Hort Goethekids", "source": "OpenStreetMap/Overpass"}}, {"type": "Feature", "geometry": {"type": "Point", "coordinates": [13.6470659, 52.500311]}, "properties": {"id": "osm:way:986915988", "type": "kindergarten", "name": "Kita Schlosskrümel", "source": "OpenStreetMap/Overpass"}}, {"type": "Feature", "geometry": {"type": "Point", "coordinates": [13.4332441, 52.4274091]}, "properties": {"id": "osm:way:989846184", "type": "school", "name": "Schule an der Windmühle Sonderpädagogisches Förderzentrum", "source": "OpenStreetMap/Overpass"}}, {"type": "Feature", "geometry": {"type": "Point", "coordinates": [13.099452, 52.3898385]}, "properties": {"id": "osm:way:992401545", "type": "school", "name": "Bertha-von-Suttner-Gymnasium Babelsberg", "source": "OpenStreetMap/Overpass"}}, {"type": "Feature", "geometry": {"type": "Point", "coordinates": [13.3503314, 52.5451192]}, "properties": {"id": "osm:way:994969471", "type": "kindergarten", "name": "Haus Elsa Neumann (E)", "source": "OpenStreetMap/Overpass"}}, {"type": "Feature", "geometry": {"type": "Point", "coordinates": [13.4479725, 52.5344269]}, "properties": {"id": "osm:way:995902327", "type": "school", "name": "Gymnasium am Europasportpark", "source": "OpenStreetMap/Overpass"}}, {"type": "Feature", "geometry": {"type": "Point", "coordinates": [13.3487891, 52.5950911]}, "properties": {"id": "osm:way:1000255910", "type": "kindergarten", "name": "Kita Tornower Weg", "source": "OpenStreetMap/Overpass"}}, {"type": "Feature", "geometry": {"type": "Point", "coordinates": [13.6236826, 52.5417474]}, "properties": {"id": "osm:way:1006117404", "type": "kindergarten", "name": "Kita Torgauer Straße", "source": "OpenStreetMap/Overpass"}}, {"type": "Feature", "geometry": {"type": "Point", "coordinates": [13.5305475, 52.4168328]}, "properties": {"id": "osm:way:1007293713", "type": "kindergarten", "name": "Kita ToM", "source": "OpenStreetMap/Overpass"}}, {"type": "Feature", "geometry": {"type": "Point", "coordinates": [13.2784445, 52.4591924]}, "properties": {"id": "osm:way:1007645555", "type": "kindergarten", "name": "Kita an der Freien Universität Berlin", "source": "OpenStreetMap/Overpass"}}, {"type": "Feature", "geometry": {"type": "Point", "coordinates": [13.394158, 52.4938846]}, "properties": {"id": "osm:way:1008628194", "type": "school", "name": "Filiale II des Leibniz Gymnasium", "source": "OpenStreetMap/Overpass"}}, {"type": "Feature", "geometry": {"type": "Point", "coordinates": [13.3224051, 52.6022353]}, "properties": {"id": "osm:way:1009039206", "type": "kindergarten", "name": "Die Ginsterkatze", "source": "OpenStreetMap/Overpass"}}, {"type": "Feature", "geometry": {"type": "Point", "coordinates": [13.4695801, 52.5170576]}, "properties": {"id": "osm:way:1009912537", "type": "kindergarten", "name": "Kindergarten Bänschstraße 76/78", "source": "OpenStreetMap/Overpass"}}, {"type": "Feature", "geometry": {"type": "Point", "coordinates": [13.2447691, 52.422702]}, "properties": {"id": "osm:way:1012093943", "type": "school", "name": "Evangelische Grundschule Zehlendorf", "source": "OpenStreetMap/Overpass"}}, {"type": "Feature", "geometry": {"type": "Point", "coordinates": [13.6284303, 52.4548077]}, "properties": {"id": "osm:way:1014018914", "type": "kindergarten", "name": "Kita Müggelräuber", "source": "OpenStreetMap/Overpass"}}, {"type": "Feature", "geometry": {"type": "Point", "coordinates": [13.0943979, 52.3738541]}, "properties": {"id": "osm:way:1017555938", "type": "school", "name": "Schule am Nuthetal Potsdam", "source": "OpenStreetMap/Overpass"}}, {"type": "Feature", "geometry": {"type": "Point", "coordinates": [13.6000399, 52.350762]}, "properties": {"id": "osm:way:1022757568", "type": "kindergarten", "name": "Kita Hollerbusch", "source": "OpenStreetMap/Overpass"}}, {"type": "Feature", "geometry": {"type": "Point", "coordinates": [13.4616468, 52.5284108]}, "properties": {"id": "osm:way:1023022210", "type": "kindergarten", "name": "Kita Kinderträume", "source": "OpenStreetMap/Overpass"}}, {"type": "Feature", "geometry": {"type": "Point", "coordinates": [13.2798668, 52.6696731]}, "properties": {"id": "osm:way:1026950890", "type": "school", "name": "Dr. Hugo Rosenthal Oberschule", "source": "OpenStreetMap/Overpass"}}, {"type": "Feature", "geometry": {"type": "Point", "coordinates": [13.4507098, 52.5448258]}, "properties": {"id": "osm:way:1034575789", "type": "school", "name": "Schulgarten der Freien Waldorfschule am Prenzlauer Berg", "source": "OpenStreetMap/Overpass"}}, {"type": "Feature", "geometry": {"type": "Point", "coordinates": [13.1489819, 52.5244624]}, "properties": {"id": "osm:way:1035957213", "type": "kindergarten", "name": "Kita Tausendfühler", "source": "OpenStreetMap/Overpass"}}, {"type": "Feature", "geometry": {"type": "Point", "coordinates": [13.1012426, 52.3625876]}, "properties": {"id": "osm:way:1036898497", "type": "kindergarten", "name": "Kasimir und Suse", "source": "OpenStreetMap/Overpass"}}, {"type": "Feature", "geometry": {"type": "Point", "coordinates": [13.5857009, 52.3482976]}, "properties": {"id": "osm:way:1037942944", "type": "kindergarten", "name": "", "source": "OpenStreetMap/Overpass"}}, {"type": "Feature", "geometry": {"type": "Point", "coordinates": [13.3130916, 52.5126551]}, "properties": {"id": "osm:way:1038087217", "type": "school", "name": "Ruth-Cohn-Schule", "source": "OpenStreetMap/Overpass"}}, {"type": "Feature", "geometry": {"type": "Point", "coordinates": [13.4545114, 52.5431851]}, "properties": {"id": "osm:way:1039827892", "type": "kindergarten", "name": "Kita Raupe Nimmersatt", "source": "OpenStreetMap/Overpass"}}, {"type": "Feature", "geometry": {"type": "Point", "coordinates": [13.74584, 52.5380471]}, "properties": {"id": "osm:way:1040132772", "type": "school", "name": "Oberschule Fredersdorf", "source": "OpenStreetMap/Overpass"}}, {"type": "Feature", "geometry": {"type": "Point", "coordinates": [13.2266737, 52.4260748]}, "properties": {"id": "osm:way:1041844282", "type": "kindergarten", "name": "Montessori-Kinderhaus", "source": "OpenStreetMap/Overpass"}}, {"type": "Feature", "geometry": {"type": "Point", "coordinates": [13.499658, 52.5638226]}, "properties": {"id": "osm:way:1041953201", "type": "school", "name": "Schule im Ostseekarree", "source": "OpenStreetMap/Overpass"}}, {"type": "Feature", "geometry": {"type": "Point", "coordinates": [13.4960343, 52.5674368]}, "properties": {"id": "osm:way:1041957497", "type": "kindergarten", "name": "Kita Fiorella", "source": "OpenStreetMap/Overpass"}}, {"type": "Feature", "geometry": {"type": "Point", "coordinates": [13.5782978, 52.4452237]}, "properties": {"id": "osm:way:1045107636", "type": "kindergarten", "name": "Kita Rumpelbude", "source": "OpenStreetMap/Overpass"}}, {"type": "Feature", "geometry": {"type": "Point", "coordinates": [13.1134914, 52.3854933]}, "properties": {"id": "osm:way:1046191599", "type": "school", "name": "Michael-Ende-Grundschule", "source": "OpenStreetMap/Overpass"}}, {"type": "Feature", "geometry": {"type": "Point", "coordinates": [13.3154664, 52.631907]}, "properties": {"id": "osm:way:1047637592", "type": "kindergarten", "name": "Kita Mischka", "source": "OpenStreetMap/Overpass"}}, {"type": "Feature", "geometry": {"type": "Point", "coordinates": [13.4243218, 52.516065]}, "properties": {"id": "osm:way:1051080411", "type": "school", "name": "GutsMuths-Grundschule", "source": "OpenStreetMap/Overpass"}}, {"type": "Feature", "geometry": {"type": "Point", "coordinates": [13.3978618, 52.5010673]}, "properties": {"id": "osm:way:1052069827", "type": "kindergarten", "name": "Kita Alte Jakobstr. 173", "source": "OpenStreetMap/Overpass"}}, {"type": "Feature", "geometry": {"type": "Point", "coordinates": [13.4178066, 52.4088901]}, "properties": {"id": "osm:way:1053872805", "type": "kindergarten", "name": "Kita Töpis Feldmäuse", "source": "OpenStreetMap/Overpass"}}, {"type": "Feature", "geometry": {"type": "Point", "coordinates": [13.562966, 52.4901747]}, "properties": {"id": "osm:way:1054228213", "type": "kindergarten", "name": "Kita Waldhäuschen", "source": "OpenStreetMap/Overpass"}}, {"type": "Feature", "geometry": {"type": "Point", "coordinates": [13.3852779, 52.4864379]}, "properties": {"id": "osm:way:1058134280", "type": "kindergarten", "name": "Kindergarten Mehringdamm 116", "source": "OpenStreetMap/Overpass"}}, {"type": "Feature", "geometry": {"type": "Point", "coordinates": [13.2243432, 52.3797835]}, "properties": {"id": "osm:way:1060857760", "type": "kindergarten", "name": "Kita Löwenzahn", "source": "OpenStreetMap/Overpass"}}, {"type": "Feature", "geometry": {"type": "Point", "coordinates": [13.1236874, 52.3955866]}, "properties": {"id": "osm:way:1062516578", "type": "kindergarten", "name": "Kindervilla am Griebnitzsee", "source": "OpenStreetMap/Overpass"}}, {"type": "Feature", "geometry": {"type": "Point", "coordinates": [13.5904176, 52.4229174]}, "properties": {"id": "osm:way:1065454345", "type": "kindergarten", "name": "Kita Kietzer Feld", "source": "OpenStreetMap/Overpass"}}, {"type": "Feature", "geometry": {"type": "Point", "coordinates": [13.6330257, 52.4510678]}, "properties": {"id": "osm:way:1072739572", "type": "school", "name": "Müggelsee Schule, Haus G – Filiale", "source": "OpenStreetMap/Overpass"}}, {"type": "Feature", "geometry": {"type": "Point", "coordinates": [13.2086496, 52.3940051]}, "properties": {"id": "osm:way:1073863579", "type": "kindergarten", "name": "Waldorfkindergarten", "source": "OpenStreetMap/Overpass"}}, {"type": "Feature", "geometry": {"type": "Point", "coordinates": [13.4259104, 52.5566177]}, "properties": {"id": "osm:way:1074906060", "type": "kindergarten", "name": "Kita Holzweg", "source": "OpenStreetMap/Overpass"}}, {"type": "Feature", "geometry": {"type": "Point", "coordinates": [13.5239663, 52.4621686]}, "properties": {"id": "osm:way:1075962279", "type": "school", "name": "Schule an der Wuhlheide", "source": "OpenStreetMap/Overpass"}}, {"type": "Feature", "geometry": {"type": "Point", "coordinates": [13.4761467, 52.5055601]}, "properties": {"id": "osm:way:1077906478", "type": "kindergarten", "name": "Kita Victoria", "source": "OpenStreetMap/Overpass"}}, {"type": "Feature", "geometry": {"type": "Point", "coordinates": [13.498323, 52.4965171]}, "properties": {"id": "osm:way:1082338972", "type": "school", "name": "Temporärer Schulstandort", "source": "OpenStreetMap/Overpass"}}, {"type": "Feature", "geometry": {"type": "Point", "coordinates": [13.7181412, 52.5606581]}, "properties": {"id": "osm:way:1082367702", "type": "kindergarten", "name": "Kindergarten Storchennest", "source": "OpenStreetMap/Overpass"}}, {"type": "Feature", "geometry": {"type": "Point", "coordinates": [13.574551, 52.5265689]}, "properties": {"id": "osm:way:1083492268", "type": "kindergarten", "name": "Kita Wuhleblick", "source": "OpenStreetMap/Overpass"}}, {"type": "Feature", "geometry": {"type": "Point", "coordinates": [13.3882278, 52.6176967]}, "properties": {"id": "osm:way:1084455060", "type": "kindergarten", "name": "", "source": "OpenStreetMap/Overpass"}}, {"type": "Feature", "geometry": {"type": "Point", "coordinates": [13.5461132, 52.5131499]}, "properties": {"id": "osm:way:1087383159", "type": "school", "name": "Otto-Nagel-Gymnasium", "source": "OpenStreetMap/Overpass"}}, {"type": "Feature", "geometry": {"type": "Point", "coordinates": [13.5373785, 52.5695465]}, "properties": {"id": "osm:way:1087992730", "type": "kindergarten", "name": "Kindergarten Falkenberg", "source": "OpenStreetMap/Overpass"}}, {"type": "Feature", "geometry": {"type": "Point", "coordinates": [13.4382097, 52.5580889]}, "properties": {"id": "osm:way:1089039984", "type": "kindergarten", "name": "EinStein", "source": "OpenStreetMap/Overpass"}}, {"type": "Feature", "geometry": {"type": "Point", "coordinates": [13.4424926, 52.5475657]}, "properties": {"id": "osm:way:1090726848", "type": "kindergarten", "name": "Kita Dreikäsehoch", "source": "OpenStreetMap/Overpass"}}, {"type": "Feature", "geometry": {"type": "Point", "coordinates": [13.4418063, 52.5477765]}, "properties": {"id": "osm:way:1090726849", "type": "kindergarten", "name": "Kita Mandelbäumchen", "source": "OpenStreetMap/Overpass"}}, {"type": "Feature", "geometry": {"type": "Point", "coordinates": [13.4180998, 52.5341649]}, "properties": {"id": "osm:way:1090772524", "type": "kindergarten", "name": "Kindergarten am Wasserturm", "source": "OpenStreetMap/Overpass"}}, {"type": "Feature", "geometry": {"type": "Point", "coordinates": [13.1920558, 52.5469695]}, "properties": {"id": "osm:way:1091391162", "type": "kindergarten", "name": "Kita Sternschnuppe", "source": "OpenStreetMap/Overpass"}}, {"type": "Feature", "geometry": {"type": "Point", "coordinates": [13.2417447, 52.539422]}, "properties": {"id": "osm:way:1091884960", "type": "school", "name": "Knobelsdorff-Schule OSZ Bautechnik I", "source": "OpenStreetMap/Overpass"}}, {"type": "Feature", "geometry": {"type": "Point", "coordinates": [13.212883, 52.5560615]}, "properties": {"id": "osm:way:1092621337", "type": "kindergarten", "name": "Kita Am Maselakepark", "source": "OpenStreetMap/Overpass"}}, {"type": "Feature", "geometry": {"type": "Point", "coordinates": [13.5625294, 52.4066324]}, "properties": {"id": "osm:way:1092703209", "type": "kindergarten", "name": "Kita Wilhelmine", "source": "OpenStreetMap/Overpass"}}, {"type": "Feature", "geometry": {"type": "Point", "coordinates": [13.4080218, 52.5457072]}, "properties": {"id": "osm:way:1093972928", "type": "kindergarten", "name": "Kita Grashüpfer", "source": "OpenStreetMap/Overpass"}}, {"type": "Feature", "geometry": {"type": "Point", "coordinates": [13.2499695, 52.4482202]}, "properties": {"id": "osm:way:1095132678", "type": "kindergarten", "name": "Kinderhaus Waldfriede", "source": "OpenStreetMap/Overpass"}}, {"type": "Feature", "geometry": {"type": "Point", "coordinates": [13.1336503, 52.5317111]}, "properties": {"id": "osm:way:1095836616", "type": "school", "name": "Freie Georgschule", "source": "OpenStreetMap/Overpass"}}, {"type": "Feature", "geometry": {"type": "Point", "coordinates": [13.4600375, 52.5545884]}, "properties": {"id": "osm:way:1096229677", "type": "kindergarten", "name": "Villa Honighut", "source": "OpenStreetMap/Overpass"}}, {"type": "Feature", "geometry": {"type": "Point", "coordinates": [13.4639409, 52.5561787]}, "properties": {"id": "osm:way:1096236580", "type": "kindergarten", "name": "Kita am See", "source": "OpenStreetMap/Overpass"}}, {"type": "Feature", "geometry": {"type": "Point", "coordinates": [13.425273, 52.4454084]}, "properties": {"id": "osm:way:1097280643", "type": "school", "name": "37. Grundschule in Neukölln", "source": "OpenStreetMap/Overpass"}}, {"type": "Feature", "geometry": {"type": "Point", "coordinates": [13.5967779, 52.5412332]}, "properties": {"id": "osm:way:1097675002", "type": "kindergarten", "name": "Kita Havelländer Ring", "source": "OpenStreetMap/Overpass"}}, {"type": "Feature", "geometry": {"type": "Point", "coordinates": [13.3757759, 52.4768585]}, "properties": {"id": "osm:way:1098192558", "type": "kindergarten", "name": "Kindertagesstätte Judas Thaddäus", "source": "OpenStreetMap/Overpass"}}, {"type": "Feature", "geometry": {"type": "Point", "coordinates": [13.2034764, 52.6275675]}, "properties": {"id": "osm:way:1100636273", "type": "kindergarten", "name": "", "source": "OpenStreetMap/Overpass"}}, {"type": "Feature", "geometry": {"type": "Point", "coordinates": [13.1253246, 52.3781312]}, "properties": {"id": "osm:way:1104913364", "type": "kindergarten", "name": "", "source": "OpenStreetMap/Overpass"}}, {"type": "Feature", "geometry": {"type": "Point", "coordinates": [13.5595893, 52.5463133]}, "properties": {"id": "osm:way:1109618842", "type": "school", "name": "Baustelle des Tagore-Gymnasiums", "source": "OpenStreetMap/Overpass"}}, {"type": "Feature", "geometry": {"type": "Point", "coordinates": [13.740107, 52.4272768]}, "properties": {"id": "osm:way:1112494756", "type": "kindergarten", "name": "Fröbel-Kindergarten Seewinkel", "source": "OpenStreetMap/Overpass"}}, {"type": "Feature", "geometry": {"type": "Point", "coordinates": [13.3339415, 52.4439738]}, "properties": {"id": "osm:way:1112652721", "type": "school", "name": "Medical School Berlin", "source": "OpenStreetMap/Overpass"}}, {"type": "Feature", "geometry": {"type": "Point", "coordinates": [13.3115686, 52.4694229]}, "properties": {"id": "osm:way:1112652989", "type": "school", "name": "Medical School Berlin", "source": "OpenStreetMap/Overpass"}}, {"type": "Feature", "geometry": {"type": "Point", "coordinates": [13.3430954, 52.427465]}, "properties": {"id": "osm:way:1113644390", "type": "kindergarten", "name": "SpIn-Kita HÜPFNASEN", "source": "OpenStreetMap/Overpass"}}, {"type": "Feature", "geometry": {"type": "Point", "coordinates": [13.7321231, 52.3914835]}, "properties": {"id": "osm:way:1115900251", "type": "kindergarten", "name": "", "source": "OpenStreetMap/Overpass"}}, {"type": "Feature", "geometry": {"type": "Point", "coordinates": [13.4685523, 52.5330306]}, "properties": {"id": "osm:way:1117819400", "type": "kindergarten", "name": "Europa-Kita", "source": "OpenStreetMap/Overpass"}}, {"type": "Feature", "geometry": {"type": "Point", "coordinates": [13.522286, 52.5737328]}, "properties": {"id": "osm:way:1125862418", "type": "kindergarten", "name": "Kita Paradiesvögel", "source": "OpenStreetMap/Overpass"}}, {"type": "Feature", "geometry": {"type": "Point", "coordinates": [13.5444784, 52.5276258]}, "properties": {"id": "osm:way:1128069749", "type": "kindergarten", "name": "Kita Akazieninsel", "source": "OpenStreetMap/Overpass"}}, {"type": "Feature", "geometry": {"type": "Point", "coordinates": [13.1792061, 52.5182334]}, "properties": {"id": "osm:way:1128316064", "type": "kindergarten", "name": "", "source": "OpenStreetMap/Overpass"}}, {"type": "Feature", "geometry": {"type": "Point", "coordinates": [13.3015354, 52.3523572]}, "properties": {"id": "osm:way:1130572812", "type": "kindergarten", "name": "Kita Zauberwald", "source": "OpenStreetMap/Overpass"}}, {"type": "Feature", "geometry": {"type": "Point", "coordinates": [13.727752, 52.4272003]}, "properties": {"id": "osm:way:1132011929", "type": "kindergarten", "name": "", "source": "OpenStreetMap/Overpass"}}, {"type": "Feature", "geometry": {"type": "Point", "coordinates": [13.4177352, 52.6040418]}, "properties": {"id": "osm:way:1132758003", "type": "kindergarten", "name": "Kita/JAO-Jugendwerk Aufbau Ost e.V.", "source": "OpenStreetMap/Overpass"}}, {"type": "Feature", "geometry": {"type": "Point", "coordinates": [13.446254, 52.5506434]}, "properties": {"id": "osm:way:1132984990", "type": "school", "name": "Katholische Theresienschule", "source": "OpenStreetMap/Overpass"}}, {"type": "Feature", "geometry": {"type": "Point", "coordinates": [13.3483169, 52.4954912]}, "properties": {"id": "osm:way:1132986533", "type": "school", "name": "Werbellinsee-Grundschule", "source": "OpenStreetMap/Overpass"}}, {"type": "Feature", "geometry": {"type": "Point", "coordinates": [13.191306, 52.5303315]}, "properties": {"id": "osm:way:1132987050", "type": "school", "name": "Konkordia-Grundschule", "source": "OpenStreetMap/Overpass"}}, {"type": "Feature", "geometry": {"type": "Point", "coordinates": [13.2071189, 52.5473428]}, "properties": {"id": "osm:way:1132987632", "type": "school", "name": "Lynar-Grundschule", "source": "OpenStreetMap/Overpass"}}, {"type": "Feature", "geometry": {"type": "Point", "coordinates": [13.1276794, 52.472104]}, "properties": {"id": "osm:way:1132987751", "type": "school", "name": "Mary-Poppins-Grundschule", "source": "OpenStreetMap/Overpass"}}, {"type": "Feature", "geometry": {"type": "Point", "coordinates": [13.3597904, 52.5948262]}, "properties": {"id": "osm:way:1132990106", "type": "school", "name": "Märkische Grundschule", "source": "OpenStreetMap/Overpass"}}, {"type": "Feature", "geometry": {"type": "Point", "coordinates": [13.4754964, 52.545957]}, "properties": {"id": "osm:way:1132991609", "type": "school", "name": "Schul- und Leistungssportzentrum Berlin", "source": "OpenStreetMap/Overpass"}}, {"type": "Feature", "geometry": {"type": "Point", "coordinates": [13.3968625, 52.4899915]}, "properties": {"id": "osm:way:1132992705", "type": "school", "name": "Leibniz-Gymnasium", "source": "OpenStreetMap/Overpass"}}, {"type": "Feature", "geometry": {"type": "Point", "coordinates": [13.4440777, 52.5194372]}, "properties": {"id": "osm:way:1133627113", "type": "kindergarten", "name": "Kindergarten Kleine Füße - Naseweis", "source": "OpenStreetMap/Overpass"}}, {"type": "Feature", "geometry": {"type": "Point", "coordinates": [13.4362012, 52.5203188]}, "properties": {"id": "osm:way:1133775182", "type": "school", "name": "Spartacus-Grundschule Hort", "source": "OpenStreetMap/Overpass"}}, {"type": "Feature", "geometry": {"type": "Point", "coordinates": [13.5073429, 52.560926]}, "properties": {"id": "osm:way:1137268544", "type": "school", "name": "Paul-Schmidt-Schule", "source": "OpenStreetMap/Overpass"}}, {"type": "Feature", "geometry": {"type": "Point", "coordinates": [13.3408198, 52.4314983]}, "properties": {"id": "osm:way:1137540215", "type": "kindergarten", "name": "Kinderladen Lankwitz", "source": "OpenStreetMap/Overpass"}}, {"type": "Feature", "geometry": {"type": "Point", "coordinates": [13.4284111, 52.5357748]}, "properties": {"id": "osm:way:1140694806", "type": "kindergarten", "name": "Kindergarten Jablonskistraße", "source": "OpenStreetMap/Overpass"}}, {"type": "Feature", "geometry": {"type": "Point", "coordinates": [13.6569213, 52.53652]}, "properties": {"id": "osm:way:1144329603", "type": "kindergarten", "name": "", "source": "OpenStreetMap/Overpass"}}, {"type": "Feature", "geometry": {"type": "Point", "coordinates": [13.4027799, 52.5008604]}, "properties": {"id": "osm:way:1145292569", "type": "school", "name": "", "source": "OpenStreetMap/Overpass"}}, {"type": "Feature", "geometry": {"type": "Point", "coordinates": [13.6465249, 52.5388879]}, "properties": {"id": "osm:way:1146415357", "type": "kindergarten", "name": "Kita Gänseblümchen", "source": "OpenStreetMap/Overpass"}}, {"type": "Feature", "geometry": {"type": "Point", "coordinates": [13.5757424, 52.4520533]}, "properties": {"id": "osm:way:1148005005", "type": "kindergarten", "name": "Arche Kunterbunt", "source": "OpenStreetMap/Overpass"}}, {"type": "Feature", "geometry": {"type": "Point", "coordinates": [13.5489201, 52.5677468]}, "properties": {"id": "osm:way:1150717617", "type": "kindergarten", "name": "Kiek mal", "source": "OpenStreetMap/Overpass"}}, {"type": "Feature", "geometry": {"type": "Point", "coordinates": [13.4908885, 52.6425523]}, "properties": {"id": "osm:way:1151897038", "type": "school", "name": "Evangelische Schule Berlin Buch", "source": "OpenStreetMap/Overpass"}}, {"type": "Feature", "geometry": {"type": "Point", "coordinates": [13.4493825, 52.554266]}, "properties": {"id": "osm:way:1152313390", "type": "kindergarten", "name": "Kita Gänseblümchen", "source": "OpenStreetMap/Overpass"}}, {"type": "Feature", "geometry": {"type": "Point", "coordinates": [13.4455674, 52.551473]}, "properties": {"id": "osm:way:1152317854", "type": "school", "name": "", "source": "OpenStreetMap/Overpass"}}, {"type": "Feature", "geometry": {"type": "Point", "coordinates": [13.6257753, 52.4506783]}, "properties": {"id": "osm:way:1152893758", "type": "kindergarten", "name": "Kita WIR Bölschestraße", "source": "OpenStreetMap/Overpass"}}, {"type": "Feature", "geometry": {"type": "Point", "coordinates": [13.3996816, 52.5039668]}, "properties": {"id": "osm:way:1153078248", "type": "kindergarten", "name": "Waldorfkindergarten Kreuzberg", "source": "OpenStreetMap/Overpass"}}, {"type": "Feature", "geometry": {"type": "Point", "coordinates": [13.3165058, 52.4387361]}, "properties": {"id": "osm:way:1154071541", "type": "kindergarten", "name": "Kita Schlosskobolde", "source": "OpenStreetMap/Overpass"}}, {"type": "Feature", "geometry": {"type": "Point", "coordinates": [13.2037399, 52.5233884]}, "properties": {"id": "osm:way:1154728712", "type": "school", "name": "Freie Georgschule", "source": "OpenStreetMap/Overpass"}}, {"type": "Feature", "geometry": {"type": "Point", "coordinates": [13.3271685, 52.5692119]}, "properties": {"id": "osm:way:1154976636", "type": "kindergarten", "name": "Kita Sonnenkinder", "source": "OpenStreetMap/Overpass"}}, {"type": "Feature", "geometry": {"type": "Point", "coordinates": [13.3776011, 52.6604375]}, "properties": {"id": "osm:way:1155016473", "type": "kindergarten", "name": "Förderverein der Kita Raupe Nimmersatt e.V.", "source": "OpenStreetMap/Overpass"}}, {"type": "Feature", "geometry": {"type": "Point", "coordinates": [13.5182782, 52.6268397]}, "properties": {"id": "osm:way:1155697940", "type": "kindergarten", "name": "", "source": "OpenStreetMap/Overpass"}}, {"type": "Feature", "geometry": {"type": "Point", "coordinates": [13.4897235, 52.6419548]}, "properties": {"id": "osm:way:1155715317", "type": "kindergarten", "name": "", "source": "OpenStreetMap/Overpass"}}, {"type": "Feature", "geometry": {"type": "Point", "coordinates": [13.4733642, 52.6129213]}, "properties": {"id": "osm:way:1156025490", "type": "kindergarten", "name": "Kita Karower Knirpse", "source": "OpenStreetMap/Overpass"}}, {"type": "Feature", "geometry": {"type": "Point", "coordinates": [13.42009, 52.5515652]}, "properties": {"id": "osm:way:1158151745", "type": "kindergarten", "name": "Katholische Kindertagesstätte Heilige Familie", "source": "OpenStreetMap/Overpass"}}, {"type": "Feature", "geometry": {"type": "Point", "coordinates": [13.4078779, 52.5407073]}, "properties": {"id": "osm:way:1158500480", "type": "kindergarten", "name": "Kindergarten am Hirschhof", "source": "OpenStreetMap/Overpass"}}, {"type": "Feature", "geometry": {"type": "Point", "coordinates": [13.3964425, 52.5332381]}, "properties": {"id": "osm:way:1158652693", "type": "kindergarten", "name": "Evangelische Kita St. Elisabeth", "source": "OpenStreetMap/Overpass"}}, {"type": "Feature", "geometry": {"type": "Point", "coordinates": [13.4301993, 52.5295308]}, "properties": {"id": "osm:way:1158657224", "type": "kindergarten", "name": "Kindergarten Am Hain", "source": "OpenStreetMap/Overpass"}}, {"type": "Feature", "geometry": {"type": "Point", "coordinates": [13.4193103, 52.5471364]}, "properties": {"id": "osm:way:1158764623", "type": "kindergarten", "name": "Kita Pappelallee", "source": "OpenStreetMap/Overpass"}}, {"type": "Feature", "geometry": {"type": "Point", "coordinates": [13.4196441, 52.5468448]}, "properties": {"id": "osm:way:1158764624", "type": "kindergarten", "name": "Prenzlberger Spielmäuse", "source": "OpenStreetMap/Overpass"}}, {"type": "Feature", "geometry": {"type": "Point", "coordinates": [13.3927487, 52.5462369]}, "properties": {"id": "osm:way:1158766413", "type": "school", "name": "2. Schulpraktisches Seminar Mitte (S)", "source": "OpenStreetMap/Overpass"}}, {"type": "Feature", "geometry": {"type": "Point", "coordinates": [13.404344, 52.5385886]}, "properties": {"id": "osm:way:1158944305", "type": "kindergarten", "name": "Kita Schwedter Straße", "source": "OpenStreetMap/Overpass"}}, {"type": "Feature", "geometry": {"type": "Point", "coordinates": [13.4189576, 52.5350606]}, "properties": {"id": "osm:way:1158946315", "type": "school", "name": "Lauder Beth-Zion Schule", "source": "OpenStreetMap/Overpass"}}, {"type": "Feature", "geometry": {"type": "Point", "coordinates": [13.3999153, 52.5248658]}, "properties": {"id": "osm:way:1158979783", "type": "school", "name": "Jüdisches Gymnasium Moses Mendelssohn", "source": "OpenStreetMap/Overpass"}}, {"type": "Feature", "geometry": {"type": "Point", "coordinates": [13.3167824, 52.5048496]}, "properties": {"id": "osm:way:1159215377", "type": "kindergarten", "name": "Kita Schlüterstraße", "source": "OpenStreetMap/Overpass"}}, {"type": "Feature", "geometry": {"type": "Point", "coordinates": [13.6853113, 52.5088969]}, "properties": {"id": "osm:way:1159847381", "type": "kindergarten", "name": "Kleine Weltentdecker", "source": "OpenStreetMap/Overpass"}}, {"type": "Feature", "geometry": {"type": "Point", "coordinates": [13.3116735, 52.6090463]}, "properties": {"id": "osm:way:1161315857", "type": "school", "name": "Katholische Schule Salvator", "source": "OpenStreetMap/Overpass"}}, {"type": "Feature", "geometry": {"type": "Point", "coordinates": [13.4053695, 52.5675059]}, "properties": {"id": "osm:way:1161798917", "type": "kindergarten", "name": "Platanus Kindergarten", "source": "OpenStreetMap/Overpass"}}, {"type": "Feature", "geometry": {"type": "Point", "coordinates": [13.4059585, 52.567655]}, "properties": {"id": "osm:way:1161798918", "type": "kindergarten", "name": "Villa Sternenschiff", "source": "OpenStreetMap/Overpass"}}, {"type": "Feature", "geometry": {"type": "Point", "coordinates": [13.4112312, 52.5683194]}, "properties": {"id": "osm:way:1161799712", "type": "school", "name": "Platanus Schule", "source": "OpenStreetMap/Overpass"}}, {"type": "Feature", "geometry": {"type": "Point", "coordinates": [13.7558007, 52.4173955]}, "properties": {"id": "osm:way:1162404477", "type": "kindergarten", "name": "", "source": "OpenStreetMap/Overpass"}}, {"type": "Feature", "geometry": {"type": "Point", "coordinates": [13.6285039, 52.4804243]}, "properties": {"id": "osm:way:1163517639", "type": "kindergarten", "name": "Kita Traumzauberland", "source": "OpenStreetMap/Overpass"}}, {"type": "Feature", "geometry": {"type": "Point", "coordinates": [13.4864236, 52.3980404]}, "properties": {"id": "osm:way:1164340290", "type": "kindergarten", "name": "", "source": "OpenStreetMap/Overpass"}}, {"type": "Feature", "geometry": {"type": "Point", "coordinates": [13.4273495, 52.514641]}, "properties": {"id": "osm:way:1164824284", "type": "kindergarten", "name": "Kita Leonardo", "source": "OpenStreetMap/Overpass"}}, {"type": "Feature", "geometry": {"type": "Point", "coordinates": [13.2991747, 52.4801577]}, "properties": {"id": "osm:way:1165032566", "type": "kindergarten", "name": "Kita Forckenbeck", "source": "OpenStreetMap/Overpass"}}, {"type": "Feature", "geometry": {"type": "Point", "coordinates": [13.1138659, 52.3944176]}, "properties": {"id": "osm:way:1165131130", "type": "kindergarten", "name": "KiTa Sonnenkinder", "source": "OpenStreetMap/Overpass"}}, {"type": "Feature", "geometry": {"type": "Point", "coordinates": [13.6243699, 52.5323244]}, "properties": {"id": "osm:way:1165565973", "type": "school", "name": "36. Grundschule", "source": "OpenStreetMap/Overpass"}}, {"type": "Feature", "geometry": {"type": "Point", "coordinates": [13.4052075, 52.5000958]}, "properties": {"id": "osm:way:1167145261", "type": "kindergarten", "name": "Kindergarten Lobeckstraße 11", "source": "OpenStreetMap/Overpass"}}, {"type": "Feature", "geometry": {"type": "Point", "coordinates": [13.2963304, 52.4892201]}, "properties": {"id": "osm:way:1167422461", "type": "kindergarten", "name": "Kita Orber Straße", "source": "OpenStreetMap/Overpass"}}, {"type": "Feature", "geometry": {"type": "Point", "coordinates": [13.2957101, 52.4760982]}, "properties": {"id": "osm:way:1167422462", "type": "kindergarten", "name": "Kita Cunostraße", "source": "OpenStreetMap/Overpass"}}, {"type": "Feature", "geometry": {"type": "Point", "coordinates": [13.3623544, 52.4605415]}, "properties": {"id": "osm:way:1169333179", "type": "kindergarten", "name": "Kita Alboingärten", "source": "OpenStreetMap/Overpass"}}, {"type": "Feature", "geometry": {"type": "Point", "coordinates": [13.4560782, 52.4861885]}, "properties": {"id": "osm:way:1171110115", "type": "school", "name": "Kiefholz-Grundschule", "source": "OpenStreetMap/Overpass"}}, {"type": "Feature", "geometry": {"type": "Point", "coordinates": [13.378461, 52.4630084]}, "properties": {"id": "osm:way:1171918017", "type": "kindergarten", "name": "Geschützter Spielplatz", "source": "OpenStreetMap/Overpass"}}, {"type": "Feature", "geometry": {"type": "Point", "coordinates": [13.1333754, 52.5565081]}, "properties": {"id": "osm:way:1172042664", "type": "school", "name": "Geschwister Scholl Grundschule Falkensee", "source": "OpenStreetMap/Overpass"}}, {"type": "Feature", "geometry": {"type": "Point", "coordinates": [13.3496951, 52.459463]}, "properties": {"id": "osm:way:1176867860", "type": "kindergarten", "name": "Kita Prellerweg", "source": "OpenStreetMap/Overpass"}}, {"type": "Feature", "geometry": {"type": "Point", "coordinates": [13.4942965, 52.5065733]}, "properties": {"id": "osm:way:1177113580", "type": "kindergarten", "name": "Kita Sophies Welt", "source": "OpenStreetMap/Overpass"}}, {"type": "Feature", "geometry": {"type": "Point", "coordinates": [13.7445516, 52.542874]}, "properties": {"id": "osm:way:1180601359", "type": "kindergarten", "name": "", "source": "OpenStreetMap/Overpass"}}, {"type": "Feature", "geometry": {"type": "Point", "coordinates": [13.3276413, 52.4300819]}, "properties": {"id": "osm:way:1183923888", "type": "kindergarten", "name": "Kita El Mundo de los Niños", "source": "OpenStreetMap/Overpass"}}, {"type": "Feature", "geometry": {"type": "Point", "coordinates": [13.2303036, 52.4328104]}, "properties": {"id": "osm:way:1183924250", "type": "kindergarten", "name": "Kita El Mundo de los Niños", "source": "OpenStreetMap/Overpass"}}, {"type": "Feature", "geometry": {"type": "Point", "coordinates": [13.3259137, 52.4704342]}, "properties": {"id": "osm:way:1183924887", "type": "kindergarten", "name": "El Mundo de los Niños", "source": "OpenStreetMap/Overpass"}}, {"type": "Feature", "geometry": {"type": "Point", "coordinates": [13.6031611, 52.5393165]}, "properties": {"id": "osm:way:1184120931", "type": "kindergarten", "name": "Emma & Lukas", "source": "OpenStreetMap/Overpass"}}, {"type": "Feature", "geometry": {"type": "Point", "coordinates": [13.3330258, 52.4943915]}, "properties": {"id": "osm:way:1184218675", "type": "kindergarten", "name": "Kita Erich Kästner", "source": "OpenStreetMap/Overpass"}}, {"type": "Feature", "geometry": {"type": "Point", "coordinates": [13.4335227, 52.4151653]}, "properties": {"id": "osm:way:1184710506", "type": "kindergarten", "name": "Freude Kindergarten", "source": "OpenStreetMap/Overpass"}}, {"type": "Feature", "geometry": {"type": "Point", "coordinates": [13.4799802, 52.6100726]}, "properties": {"id": "osm:way:1186014775", "type": "kindergarten", "name": "Kita der kleinen Kreativen", "source": "OpenStreetMap/Overpass"}}, {"type": "Feature", "geometry": {"type": "Point", "coordinates": [13.4561953, 52.5039883]}, "properties": {"id": "osm:way:1187821816", "type": "kindergarten", "name": "Kita „Am Rudolfplatz“", "source": "OpenStreetMap/Overpass"}}, {"type": "Feature", "geometry": {"type": "Point", "coordinates": [13.1631181, 52.4302249]}, "properties": {"id": "osm:way:1188150702", "type": "school", "name": "Internationale Montessorischule Berlin", "source": "OpenStreetMap/Overpass"}}, {"type": "Feature", "geometry": {"type": "Point", "coordinates": [13.2623563, 52.5179268]}, "properties": {"id": "osm:way:1188530052", "type": "kindergarten", "name": "Kita Neu-Westend 53", "source": "OpenStreetMap/Overpass"}}, {"type": "Feature", "geometry": {"type": "Point", "coordinates": [13.2450961, 52.5715765]}, "properties": {"id": "osm:way:1189749422", "type": "school", "name": "Schulfarm Insel Scharfenberg", "source": "OpenStreetMap/Overpass"}}, {"type": "Feature", "geometry": {"type": "Point", "coordinates": [13.4694669, 52.4304952]}, "properties": {"id": "osm:way:1190164933", "type": "kindergarten", "name": "", "source": "OpenStreetMap/Overpass"}}, {"type": "Feature", "geometry": {"type": "Point", "coordinates": [13.1980135, 52.5451353]}, "properties": {"id": "osm:way:1190903058", "type": "kindergarten", "name": "Kita Blumenstraße", "source": "OpenStreetMap/Overpass"}}, {"type": "Feature", "geometry": {"type": "Point", "coordinates": [13.3240591, 52.5981545]}, "properties": {"id": "osm:way:1191172229", "type": "school", "name": "", "source": "OpenStreetMap/Overpass"}}, {"type": "Feature", "geometry": {"type": "Point", "coordinates": [13.4453937, 52.5242279]}, "properties": {"id": "osm:way:1193433132", "type": "kindergarten", "name": "Kita Gänseblümchen", "source": "OpenStreetMap/Overpass"}}, {"type": "Feature", "geometry": {"type": "Point", "coordinates": [13.46337, 52.4253541]}, "properties": {"id": "osm:way:1194840964", "type": "kindergarten", "name": "Kita Erdmännchen IV", "source": "OpenStreetMap/Overpass"}}, {"type": "Feature", "geometry": {"type": "Point", "coordinates": [13.2010822, 52.635464]}, "properties": {"id": "osm:way:1195022913", "type": "kindergarten", "name": "", "source": "OpenStreetMap/Overpass"}}, {"type": "Feature", "geometry": {"type": "Point", "coordinates": [13.4443268, 52.4263382]}, "properties": {"id": "osm:way:1195130550", "type": "kindergarten", "name": "Bärliner Bärchis", "source": "OpenStreetMap/Overpass"}}, {"type": "Feature", "geometry": {"type": "Point", "coordinates": [13.4358461, 52.4264878]}, "properties": {"id": "osm:way:1196543947", "type": "kindergarten", "name": "Schloss Undinchen", "source": "OpenStreetMap/Overpass"}}, {"type": "Feature", "geometry": {"type": "Point", "coordinates": [13.4677257, 52.4969413]}, "properties": {"id": "osm:way:1199304137", "type": "kindergarten", "name": "Stralauer Zwerge", "source": "OpenStreetMap/Overpass"}}, {"type": "Feature", "geometry": {"type": "Point", "coordinates": [13.4088415, 52.5061529]}, "properties": {"id": "osm:way:1199751478", "type": "kindergarten", "name": "Kita Stallschreiberstraße", "source": "OpenStreetMap/Overpass"}}, {"type": "Feature", "geometry": {"type": "Point", "coordinates": [13.3714578, 52.4897816]}, "properties": {"id": "osm:way:1199983239", "type": "kindergarten", "name": "Kita am Gleis", "source": "OpenStreetMap/Overpass"}}, {"type": "Feature", "geometry": {"type": "Point", "coordinates": [13.3972517, 52.393934]}, "properties": {"id": "osm:way:1200164063", "type": "kindergarten", "name": "Kita Steinchen", "source": "OpenStreetMap/Overpass"}}, {"type": "Feature", "geometry": {"type": "Point", "coordinates": [13.5832545, 52.5788757]}, "properties": {"id": "osm:way:1201098426", "type": "kindergarten", "name": "Ev. Stephanus-Kita Ahrensfelde", "source": "OpenStreetMap/Overpass"}}, {"type": "Feature", "geometry": {"type": "Point", "coordinates": [13.3473797, 52.4970986]}, "properties": {"id": "osm:way:1201168299", "type": "kindergarten", "name": "Kita Mittstraße", "source": "OpenStreetMap/Overpass"}}, {"type": "Feature", "geometry": {"type": "Point", "coordinates": [13.3607231, 52.5223734]}, "properties": {"id": "osm:way:1202593995", "type": "kindergarten", "name": "Kinderhaus Moabit", "source": "OpenStreetMap/Overpass"}}, {"type": "Feature", "geometry": {"type": "Point", "coordinates": [13.3612744, 52.5389345]}, "properties": {"id": "osm:way:1202626348", "type": "kindergarten", "name": "Kita Bunter Stern", "source": "OpenStreetMap/Overpass"}}, {"type": "Feature", "geometry": {"type": "Point", "coordinates": [13.6242201, 52.4543667]}, "properties": {"id": "osm:way:1202714109", "type": "kindergarten", "name": "Kita in Friedrichshagen", "source": "OpenStreetMap/Overpass"}}, {"type": "Feature", "geometry": {"type": "Point", "coordinates": [13.7586734, 52.4343918]}, "properties": {"id": "osm:way:1204813234", "type": "kindergarten", "name": "", "source": "OpenStreetMap/Overpass"}}, {"type": "Feature", "geometry": {"type": "Point", "coordinates": [13.4279415, 52.505878]}, "properties": {"id": "osm:way:1205148963", "type": "kindergarten", "name": "Evangelische Kita St.Thomas", "source": "OpenStreetMap/Overpass"}}, {"type": "Feature", "geometry": {"type": "Point", "coordinates": [13.5533146, 52.6496597]}, "properties": {"id": "osm:way:1205180690", "type": "kindergarten", "name": "Birkenwäldchen", "source": "OpenStreetMap/Overpass"}}, {"type": "Feature", "geometry": {"type": "Point", "coordinates": [13.2283916, 52.5465042]}, "properties": {"id": "osm:way:1205968095", "type": "kindergarten", "name": "Kita Villa Sprechspatzen", "source": "OpenStreetMap/Overpass"}}, {"type": "Feature", "geometry": {"type": "Point", "coordinates": [13.5143983, 52.5057483]}, "properties": {"id": "osm:way:1206240049", "type": "kindergarten", "name": "Kita Glückspilze", "source": "OpenStreetMap/Overpass"}}, {"type": "Feature", "geometry": {"type": "Point", "coordinates": [13.4045385, 52.5918854]}, "properties": {"id": "osm:way:1207779702", "type": "kindergarten", "name": "Kita Sauseschritt", "source": "OpenStreetMap/Overpass"}}, {"type": "Feature", "geometry": {"type": "Point", "coordinates": [13.5637576, 52.514361]}, "properties": {"id": "osm:way:1210150015", "type": "kindergarten", "name": "", "source": "OpenStreetMap/Overpass"}}, {"type": "Feature", "geometry": {"type": "Point", "coordinates": [13.3446408, 52.5300879]}, "properties": {"id": "osm:way:1213738800", "type": "kindergarten", "name": "Kita Kleiner Frosch", "source": "OpenStreetMap/Overpass"}}, {"type": "Feature", "geometry": {"type": "Point", "coordinates": [13.3446242, 52.5298344]}, "properties": {"id": "osm:way:1213739302", "type": "kindergarten", "name": "Kita Theobald Tiger", "source": "OpenStreetMap/Overpass"}}, {"type": "Feature", "geometry": {"type": "Point", "coordinates": [13.2423681, 52.5413273]}, "properties": {"id": "osm:way:1214150593", "type": "kindergarten", "name": "Ev. Kita Martin-Albertz-Haus", "source": "OpenStreetMap/Overpass"}}, {"type": "Feature", "geometry": {"type": "Point", "coordinates": [13.1495425, 52.5276801]}, "properties": {"id": "osm:way:1218478391", "type": "kindergarten", "name": "Kita Freinet-Haus Entdeckerland", "source": "OpenStreetMap/Overpass"}}, {"type": "Feature", "geometry": {"type": "Point", "coordinates": [13.4530839, 52.4939598]}, "properties": {"id": "osm:way:1219727264", "type": "kindergarten", "name": "Hort der Bouché-Schule", "source": "OpenStreetMap/Overpass"}}, {"type": "Feature", "geometry": {"type": "Point", "coordinates": [13.3520154, 52.4911358]}, "properties": {"id": "osm:way:1219825477", "type": "school", "name": "Pestalozzi-Fröbel-Haus", "source": "OpenStreetMap/Overpass"}}, {"type": "Feature", "geometry": {"type": "Point", "coordinates": [13.439146, 52.5298788]}, "properties": {"id": "osm:way:1220194758", "type": "school", "name": "Schuldrehscheibe Werneuchener Wiese", "source": "OpenStreetMap/Overpass"}}, {"type": "Feature", "geometry": {"type": "Point", "coordinates": [13.4361596, 52.4764218]}, "properties": {"id": "osm:way:1220992094", "type": "kindergarten", "name": "Humanistische Kita Bornsdorfer Straße", "source": "OpenStreetMap/Overpass"}}, {"type": "Feature", "geometry": {"type": "Point", "coordinates": [13.5892718, 52.5470426]}, "properties": {"id": "osm:way:1221765289", "type": "school", "name": "Beatrix-Potter-Grundschule", "source": "OpenStreetMap/Overpass"}}, {"type": "Feature", "geometry": {"type": "Point", "coordinates": [13.5883367, 52.5465445]}, "properties": {"id": "osm:way:1221765290", "type": "kindergarten", "name": "Kita Taffy", "source": "OpenStreetMap/Overpass"}}, {"type": "Feature", "geometry": {"type": "Point", "coordinates": [13.4164524, 52.583442]}, "properties": {"id": "osm:way:1224804524", "type": "kindergarten", "name": "Kita Sternenhof", "source": "OpenStreetMap/Overpass"}}, {"type": "Feature", "geometry": {"type": "Point", "coordinates": [13.4031641, 52.5752957]}, "properties": {"id": "osm:way:1228222317", "type": "kindergarten", "name": "Kulti", "source": "OpenStreetMap/Overpass"}}, {"type": "Feature", "geometry": {"type": "Point", "coordinates": [13.417008, 52.5778387]}, "properties": {"id": "osm:way:1228314771", "type": "kindergarten", "name": "", "source": "OpenStreetMap/Overpass"}}, {"type": "Feature", "geometry": {"type": "Point", "coordinates": [13.3953294, 52.5801556]}, "properties": {"id": "osm:way:1229864829", "type": "kindergarten", "name": "Kita Villa Lobo", "source": "OpenStreetMap/Overpass"}}, {"type": "Feature", "geometry": {"type": "Point", "coordinates": [13.40115, 52.5707485]}, "properties": {"id": "osm:way:1229887432", "type": "kindergarten", "name": "Kita Sonnenblume", "source": "OpenStreetMap/Overpass"}}, {"type": "Feature", "geometry": {"type": "Point", "coordinates": [13.3778769, 52.5808995]}, "properties": {"id": "osm:way:1230077560", "type": "kindergarten", "name": "", "source": "OpenStreetMap/Overpass"}}, {"type": "Feature", "geometry": {"type": "Point", "coordinates": [13.4071057, 52.5847105]}, "properties": {"id": "osm:way:1230156775", "type": "kindergarten", "name": "Kita im Haus der Familie", "source": "OpenStreetMap/Overpass"}}, {"type": "Feature", "geometry": {"type": "Point", "coordinates": [13.4042908, 52.5871076]}, "properties": {"id": "osm:way:1230156776", "type": "kindergarten", "name": "Kita Kreuzgraben", "source": "OpenStreetMap/Overpass"}}, {"type": "Feature", "geometry": {"type": "Point", "coordinates": [13.4079174, 52.5894003]}, "properties": {"id": "osm:way:1230156784", "type": "kindergarten", "name": "Kita Schillerwiese", "source": "OpenStreetMap/Overpass"}}, {"type": "Feature", "geometry": {"type": "Point", "coordinates": [13.3749719, 52.5851608]}, "properties": {"id": "osm:way:1230192984", "type": "kindergarten", "name": "Klax Igelnest", "source": "OpenStreetMap/Overpass"}}, {"type": "Feature", "geometry": {"type": "Point", "coordinates": [13.5096254, 52.4665052]}, "properties": {"id": "osm:way:1232167717", "type": "kindergarten", "name": "Kita Wattstraße / Kita Spatzennest", "source": "OpenStreetMap/Overpass"}}, {"type": "Feature", "geometry": {"type": "Point", "coordinates": [13.2893649, 52.4313632]}, "properties": {"id": "osm:way:1235195755", "type": "kindergarten", "name": "Kita Murtener Straße", "source": "OpenStreetMap/Overpass"}}, {"type": "Feature", "geometry": {"type": "Point", "coordinates": [13.3503801, 52.4127938]}, "properties": {"id": "osm:way:1236124357", "type": "kindergarten", "name": "", "source": "OpenStreetMap/Overpass"}}, {"type": "Feature", "geometry": {"type": "Point", "coordinates": [13.2882738, 52.4830289]}, "properties": {"id": "osm:way:1237044920", "type": "kindergarten", "name": "Kita der Ev. Kreuz-Gemeinde Schmargendorf", "source": "OpenStreetMap/Overpass"}}, {"type": "Feature", "geometry": {"type": "Point", "coordinates": [13.1940793, 52.5165704]}, "properties": {"id": "osm:way:1237389176", "type": "kindergarten", "name": "Kita der Ev. Kirchengem. Melanchthon", "source": "OpenStreetMap/Overpass"}}, {"type": "Feature", "geometry": {"type": "Point", "coordinates": [13.1866695, 52.5498697]}, "properties": {"id": "osm:way:1237390823", "type": "kindergarten", "name": "Kita Buddelkiste", "source": "OpenStreetMap/Overpass"}}, {"type": "Feature", "geometry": {"type": "Point", "coordinates": [13.3119848, 52.4475682]}, "properties": {"id": "osm:way:1237483740", "type": "kindergarten", "name": "Kita der Ev. Kirchengem. Paulus", "source": "OpenStreetMap/Overpass"}}, {"type": "Feature", "geometry": {"type": "Point", "coordinates": [13.3016717, 52.4589953]}, "properties": {"id": "osm:way:1237562837", "type": "kindergarten", "name": "Thomas-Haus für Heilpädagogik + Sprachtherapie e.V.", "source": "OpenStreetMap/Overpass"}}, {"type": "Feature", "geometry": {"type": "Point", "coordinates": [13.0969201, 52.3671143]}, "properties": {"id": "osm:way:1237644802", "type": "kindergarten", "name": "Kita \"Abenteuerland\"", "source": "OpenStreetMap/Overpass"}}, {"type": "Feature", "geometry": {"type": "Point", "coordinates": [13.4697936, 52.500605]}, "properties": {"id": "osm:way:1240787114", "type": "kindergarten", "name": "Montessori Kinderhaus", "source": "OpenStreetMap/Overpass"}}, {"type": "Feature", "geometry": {"type": "Point", "coordinates": [13.3206516, 52.4910692]}, "properties": {"id": "osm:way:1241607159", "type": "school", "name": "Nelson-Mandela-Schule (Sekundarstufen)", "source": "OpenStreetMap/Overpass"}}, {"type": "Feature", "geometry": {"type": "Point", "coordinates": [13.3805407, 52.5399378]}, "properties": {"id": "osm:way:1241677263", "type": "kindergarten", "name": "Kita Kinderparadies Wedding", "source": "OpenStreetMap/Overpass"}}, {"type": "Feature", "geometry": {"type": "Point", "coordinates": [13.3663671, 52.5310253]}, "properties": {"id": "osm:way:1244565028", "type": "kindergarten", "name": "FRÖBEL-Kindergarten Lisa-Fittko-Straße", "source": "OpenStreetMap/Overpass"}}, {"type": "Feature", "geometry": {"type": "Point", "coordinates": [13.361211, 52.4142647]}, "properties": {"id": "osm:way:1245897698", "type": "kindergarten", "name": "Kita Kinder in Marienfelde", "source": "OpenStreetMap/Overpass"}}, {"type": "Feature", "geometry": {"type": "Point", "coordinates": [13.3591462, 52.4151208]}, "properties": {"id": "osm:way:1245897754", "type": "kindergarten", "name": "hisa Kita Malteserstraße", "source": "OpenStreetMap/Overpass"}}, {"type": "Feature", "geometry": {"type": "Point", "coordinates": [13.3628594, 52.4584064]}, "properties": {"id": "osm:way:1246374714", "type": "kindergarten", "name": "Kinderzentrum Lindenhof", "source": "OpenStreetMap/Overpass"}}, {"type": "Feature", "geometry": {"type": "Point", "coordinates": [13.592766, 52.5649935]}, "properties": {"id": "osm:way:1247210386", "type": "kindergarten", "name": "Kita Regenbogen Eiche", "source": "OpenStreetMap/Overpass"}}, {"type": "Feature", "geometry": {"type": "Point", "coordinates": [13.3300729, 52.5919837]}, "properties": {"id": "osm:way:1248084575", "type": "kindergarten", "name": "Kita Sonnenblume", "source": "OpenStreetMap/Overpass"}}, {"type": "Feature", "geometry": {"type": "Point", "coordinates": [13.2238367, 52.4283847]}, "properties": {"id": "osm:way:1253430474", "type": "kindergarten", "name": "", "source": "OpenStreetMap/Overpass"}}, {"type": "Feature", "geometry": {"type": "Point", "coordinates": [13.6190072, 52.4563454]}, "properties": {"id": "osm:way:1254287872", "type": "kindergarten", "name": "BOOT-Kita FriDA", "source": "OpenStreetMap/Overpass"}}, {"type": "Feature", "geometry": {"type": "Point", "coordinates": [13.5693164, 52.5525511]}, "properties": {"id": "osm:way:1255251276", "type": "kindergarten", "name": "Freie Kita Marzahn", "source": "OpenStreetMap/Overpass"}}, {"type": "Feature", "geometry": {"type": "Point", "coordinates": [13.5690856, 52.5520362]}, "properties": {"id": "osm:way:1255251277", "type": "school", "name": "Freie Grundschule Marzahn (i.G.)", "source": "OpenStreetMap/Overpass"}}, {"type": "Feature", "geometry": {"type": "Point", "coordinates": [13.4437413, 52.4968933]}, "properties": {"id": "osm:way:1256921256", "type": "kindergarten", "name": "Evangelische Kita Tabor", "source": "OpenStreetMap/Overpass"}}, {"type": "Feature", "geometry": {"type": "Point", "coordinates": [13.4261018, 52.4868624]}, "properties": {"id": "osm:way:1256923682", "type": "school", "name": "Theodor-Storm-Grundschule", "source": "OpenStreetMap/Overpass"}}, {"type": "Feature", "geometry": {"type": "Point", "coordinates": [13.4397456, 52.4640707]}, "properties": {"id": "osm:way:1256924941", "type": "kindergarten", "name": "Evangelische Kita Philipp-Melanchthon", "source": "OpenStreetMap/Overpass"}}, {"type": "Feature", "geometry": {"type": "Point", "coordinates": [13.4161628, 52.4611329]}, "properties": {"id": "osm:way:1256926042", "type": "kindergarten", "name": "Kita Paradiesvögel", "source": "OpenStreetMap/Overpass"}}, {"type": "Feature", "geometry": {"type": "Point", "coordinates": [13.5318227, 52.4595582]}, "properties": {"id": "osm:way:1267367494", "type": "school", "name": "Wildbienen-Grundschule", "source": "OpenStreetMap/Overpass"}}, {"type": "Feature", "geometry": {"type": "Point", "coordinates": [13.3697297, 52.4168116]}, "properties": {"id": "osm:way:1267493795", "type": "kindergarten", "name": "Kita der Ev. Kirchengem. Marienfelde", "source": "OpenStreetMap/Overpass"}}, {"type": "Feature", "geometry": {"type": "Point", "coordinates": [13.361095, 52.4765879]}, "properties": {"id": "osm:way:1267938447", "type": "kindergarten", "name": "Gelbgrüne Panther", "source": "OpenStreetMap/Overpass"}}, {"type": "Feature", "geometry": {"type": "Point", "coordinates": [13.3613755, 52.4764816]}, "properties": {"id": "osm:way:1267938448", "type": "kindergarten", "name": "Rosarote Tiger", "source": "OpenStreetMap/Overpass"}}, {"type": "Feature", "geometry": {"type": "Point", "coordinates": [13.3045877, 52.5244041]}, "properties": {"id": "osm:way:1270246687", "type": "school", "name": "Jugendkunstschule Charlottenburg-Wilmersdorf", "source": "OpenStreetMap/Overpass"}}, {"type": "Feature", "geometry": {"type": "Point", "coordinates": [13.3602667, 52.5434019]}, "properties": {"id": "osm:way:1272499514", "type": "kindergarten", "name": "Kita Gipfelstürmer", "source": "OpenStreetMap/Overpass"}}, {"type": "Feature", "geometry": {"type": "Point", "coordinates": [13.1997378, 52.5578568]}, "properties": {"id": "osm:way:1272838889", "type": "school", "name": "Grundschule am Eichenwald", "source": "OpenStreetMap/Overpass"}}, {"type": "Feature", "geometry": {"type": "Point", "coordinates": [13.3307291, 52.4378133]}, "properties": {"id": "osm:way:1273300976", "type": "kindergarten", "name": "", "source": "OpenStreetMap/Overpass"}}, {"type": "Feature", "geometry": {"type": "Point", "coordinates": [13.1494342, 52.4151375]}, "properties": {"id": "osm:way:1273325442", "type": "kindergarten", "name": "Kita Alsenstraße", "source": "OpenStreetMap/Overpass"}}, {"type": "Feature", "geometry": {"type": "Point", "coordinates": [13.4425169, 52.4967438]}, "properties": {"id": "osm:way:1273326775", "type": "kindergarten", "name": "Kita Cuvrystraße 26a", "source": "OpenStreetMap/Overpass"}}, {"type": "Feature", "geometry": {"type": "Point", "coordinates": [13.4127663, 52.4944506]}, "properties": {"id": "osm:way:1273887128", "type": "kindergarten", "name": "Kindergarten Planufer 81", "source": "OpenStreetMap/Overpass"}}, {"type": "Feature", "geometry": {"type": "Point", "coordinates": [13.4656107, 52.5117291]}, "properties": {"id": "osm:way:1273889944", "type": "kindergarten", "name": "Kinderladen Nido", "source": "OpenStreetMap/Overpass"}}, {"type": "Feature", "geometry": {"type": "Point", "coordinates": [13.4189025, 52.5092669]}, "properties": {"id": "osm:way:1273895799", "type": "kindergarten", "name": "Kita Schmidchen", "source": "OpenStreetMap/Overpass"}}, {"type": "Feature", "geometry": {"type": "Point", "coordinates": [13.4182453, 52.4888641]}, "properties": {"id": "osm:way:1273897145", "type": "kindergarten", "name": "Kindergarten Urbanstraße 48K", "source": "OpenStreetMap/Overpass"}}, {"type": "Feature", "geometry": {"type": "Point", "coordinates": [13.4195518, 52.5512728]}, "properties": {"id": "osm:way:1273936481", "type": "kindergarten", "name": "Kindergarten Erich-Weinert-Straße", "source": "OpenStreetMap/Overpass"}}, {"type": "Feature", "geometry": {"type": "Point", "coordinates": [13.5287736, 52.5827472]}, "properties": {"id": "osm:way:1274459720", "type": "kindergarten", "name": "", "source": "OpenStreetMap/Overpass"}}, {"type": "Feature", "geometry": {"type": "Point", "coordinates": [13.4650914, 52.5135937]}, "properties": {"id": "osm:way:1274595348", "type": "kindergarten", "name": "Kita Kinzigstraße", "source": "OpenStreetMap/Overpass"}}, {"type": "Feature", "geometry": {"type": "Point", "coordinates": [13.2866005, 52.4265505]}, "properties": {"id": "osm:way:1274607461", "type": "kindergarten", "name": "Kleingarten-Kindergarten", "source": "OpenStreetMap/Overpass"}}, {"type": "Feature", "geometry": {"type": "Point", "coordinates": [13.5934848, 52.462192]}, "properties": {"id": "osm:way:1275075213", "type": "kindergarten", "name": "Kita Märchenwald", "source": "OpenStreetMap/Overpass"}}, {"type": "Feature", "geometry": {"type": "Point", "coordinates": [13.4453295, 52.4419997]}, "properties": {"id": "osm:way:1275080790", "type": "kindergarten", "name": "Kita Paster-Behrens-Straße", "source": "OpenStreetMap/Overpass"}}, {"type": "Feature", "geometry": {"type": "Point", "coordinates": [13.2101061, 52.5558709]}, "properties": {"id": "osm:way:1275997685", "type": "kindergarten", "name": "Fröbel-Kindergarten Haveluferquartier", "source": "OpenStreetMap/Overpass"}}, {"type": "Feature", "geometry": {"type": "Point", "coordinates": [13.474452, 52.3712782]}, "properties": {"id": "osm:way:1279590516", "type": "kindergarten", "name": "", "source": "OpenStreetMap/Overpass"}}, {"type": "Feature", "geometry": {"type": "Point", "coordinates": [13.1958702, 52.3643008]}, "properties": {"id": "osm:way:1279669403", "type": "kindergarten", "name": "", "source": "OpenStreetMap/Overpass"}}, {"type": "Feature", "geometry": {"type": "Point", "coordinates": [13.2813727, 52.5914326]}, "properties": {"id": "osm:way:1281373798", "type": "kindergarten", "name": "Kita Seesterne", "source": "OpenStreetMap/Overpass"}}, {"type": "Feature", "geometry": {"type": "Point", "coordinates": [13.5484108, 52.5104712]}, "properties": {"id": "osm:way:1282749371", "type": "kindergarten", "name": "Kindergarten Sonnenkäfer", "source": "OpenStreetMap/Overpass"}}, {"type": "Feature", "geometry": {"type": "Point", "coordinates": [13.3577922, 52.4082142]}, "properties": {"id": "osm:way:1284698771", "type": "kindergarten", "name": "Kita Marienfelder Käfer", "source": "OpenStreetMap/Overpass"}}, {"type": "Feature", "geometry": {"type": "Point", "coordinates": [13.4045574, 52.3874114]}, "properties": {"id": "osm:way:1284790540", "type": "kindergarten", "name": "Hort Shanuu", "source": "OpenStreetMap/Overpass"}}, {"type": "Feature", "geometry": {"type": "Point", "coordinates": [13.7289153, 52.6299246]}, "properties": {"id": "osm:way:1284852675", "type": "kindergarten", "name": "", "source": "OpenStreetMap/Overpass"}}, {"type": "Feature", "geometry": {"type": "Point", "coordinates": [13.4169174, 52.3991388]}, "properties": {"id": "osm:way:1287750930", "type": "kindergarten", "name": "Kindergarten Muna", "source": "OpenStreetMap/Overpass"}}, {"type": "Feature", "geometry": {"type": "Point", "coordinates": [13.4311092, 52.4891554]}, "properties": {"id": "osm:way:1287962136", "type": "kindergarten", "name": "Hort Nansenstraße 10", "source": "OpenStreetMap/Overpass"}}, {"type": "Feature", "geometry": {"type": "Point", "coordinates": [13.4112738, 52.386314]}, "properties": {"id": "osm:way:1288409584", "type": "childcare", "name": "hisa Kita Kirchhainer Damm", "source": "OpenStreetMap/Overpass"}}, {"type": "Feature", "geometry": {"type": "Point", "coordinates": [13.4110971, 52.3928214]}, "properties": {"id": "osm:way:1288631718", "type": "kindergarten", "name": "Kita Feuerwache", "source": "OpenStreetMap/Overpass"}}, {"type": "Feature", "geometry": {"type": "Point", "coordinates": [13.7087774, 52.4780673]}, "properties": {"id": "osm:way:1288646838", "type": "kindergarten", "name": "", "source": "OpenStreetMap/Overpass"}}, {"type": "Feature", "geometry": {"type": "Point", "coordinates": [13.6014378, 52.6723274]}, "properties": {"id": "osm:way:1288850550", "type": "kindergarten", "name": "", "source": "OpenStreetMap/Overpass"}}, {"type": "Feature", "geometry": {"type": "Point", "coordinates": [13.6018094, 52.6728098]}, "properties": {"id": "osm:way:1288850551", "type": "kindergarten", "name": "", "source": "OpenStreetMap/Overpass"}}, {"type": "Feature", "geometry": {"type": "Point", "coordinates": [13.2318291, 52.5470624]}, "properties": {"id": "osm:way:1290349439", "type": "kindergarten", "name": "Kita Lünette", "source": "OpenStreetMap/Overpass"}}, {"type": "Feature", "geometry": {"type": "Point", "coordinates": [13.5218713, 52.6384236]}, "properties": {"id": "osm:way:1290378992", "type": "kindergarten", "name": "", "source": "OpenStreetMap/Overpass"}}, {"type": "Feature", "geometry": {"type": "Point", "coordinates": [13.4896401, 52.6167093]}, "properties": {"id": "osm:way:1290405877", "type": "kindergarten", "name": "Kindergarten Achillesstraße", "source": "OpenStreetMap/Overpass"}}, {"type": "Feature", "geometry": {"type": "Point", "coordinates": [13.3333296, 52.4949737]}, "properties": {"id": "osm:way:1290444254", "type": "kindergarten", "name": "Kindergarten Rasselbande", "source": "OpenStreetMap/Overpass"}}, {"type": "Feature", "geometry": {"type": "Point", "coordinates": [13.411952, 52.5342209]}, "properties": {"id": "osm:way:1290472146", "type": "kindergarten", "name": "Kindergarten Tigerenten", "source": "OpenStreetMap/Overpass"}}, {"type": "Feature", "geometry": {"type": "Point", "coordinates": [13.2258786, 52.5457994]}, "properties": {"id": "osm:way:1290476566", "type": "kindergarten", "name": "Kita Tabaluga", "source": "OpenStreetMap/Overpass"}}, {"type": "Feature", "geometry": {"type": "Point", "coordinates": [13.359053, 52.5350019]}, "properties": {"id": "osm:way:1290518807", "type": "kindergarten", "name": "Kindergarten Lehrter Straße 40", "source": "OpenStreetMap/Overpass"}}, {"type": "Feature", "geometry": {"type": "Point", "coordinates": [13.3993967, 52.5282678]}, "properties": {"id": "osm:way:1290519290", "type": "kindergarten", "name": "Kita Kleine Auguststraße", "source": "OpenStreetMap/Overpass"}}, {"type": "Feature", "geometry": {"type": "Point", "coordinates": [13.3929818, 52.5555092]}, "properties": {"id": "osm:way:1290521462", "type": "kindergarten", "name": "Kita Grüntaler Straße", "source": "OpenStreetMap/Overpass"}}, {"type": "Feature", "geometry": {"type": "Point", "coordinates": [13.4068208, 52.5343029]}, "properties": {"id": "osm:way:1290522686", "type": "kindergarten", "name": "", "source": "OpenStreetMap/Overpass"}}, {"type": "Feature", "geometry": {"type": "Point", "coordinates": [13.3617668, 52.5473707]}, "properties": {"id": "osm:way:1290538579", "type": "kindergarten", "name": "Kita Ruheplatzstraße", "source": "OpenStreetMap/Overpass"}}, {"type": "Feature", "geometry": {"type": "Point", "coordinates": [13.1533493, 52.5495348]}, "properties": {"id": "osm:way:1290539323", "type": "kindergarten", "name": "Immanuel-Kita", "source": "OpenStreetMap/Overpass"}}, {"type": "Feature", "geometry": {"type": "Point", "coordinates": [13.1562013, 52.5479122]}, "properties": {"id": "osm:way:1290541571", "type": "school", "name": "Martin-Buber-Oberschule", "source": "OpenStreetMap/Overpass"}}, {"type": "Feature", "geometry": {"type": "Point", "coordinates": [13.2608626, 52.5119939]}, "properties": {"id": "osm:way:1290542065", "type": "kindergarten", "name": "Kita Württembergallee", "source": "OpenStreetMap/Overpass"}}, {"type": "Feature", "geometry": {"type": "Point", "coordinates": [13.4779558, 52.5255602]}, "properties": {"id": "osm:way:1290646584", "type": "kindergarten", "name": "Kita Märchenland", "source": "OpenStreetMap/Overpass"}}, {"type": "Feature", "geometry": {"type": "Point", "coordinates": [13.3204529, 52.4879734]}, "properties": {"id": "osm:way:1291351105", "type": "kindergarten", "name": "Kiga Muse", "source": "OpenStreetMap/Overpass"}}, {"type": "Feature", "geometry": {"type": "Point", "coordinates": [13.4016486, 52.5818484]}, "properties": {"id": "osm:way:1291584129", "type": "kindergarten", "name": "", "source": "OpenStreetMap/Overpass"}}, {"type": "Feature", "geometry": {"type": "Point", "coordinates": [13.4023582, 52.5867969]}, "properties": {"id": "osm:way:1291586367", "type": "kindergarten", "name": "Kita Dietzgen-Strolche", "source": "OpenStreetMap/Overpass"}}, {"type": "Feature", "geometry": {"type": "Point", "coordinates": [13.1698462, 52.5227491]}, "properties": {"id": "osm:way:1291828836", "type": "kindergarten", "name": "Kita Staakenbär", "source": "OpenStreetMap/Overpass"}}, {"type": "Feature", "geometry": {"type": "Point", "coordinates": [13.3363699, 52.5193645]}, "properties": {"id": "osm:way:1291863402", "type": "kindergarten", "name": "Kindergarten Hansa-Ufer", "source": "OpenStreetMap/Overpass"}}, {"type": "Feature", "geometry": {"type": "Point", "coordinates": [13.3386388, 52.5012112]}, "properties": {"id": "osm:way:1291869646", "type": "kindergarten", "name": "BOOT-Kita Augsburg", "source": "OpenStreetMap/Overpass"}}, {"type": "Feature", "geometry": {"type": "Point", "coordinates": [13.3628985, 52.6028667]}, "properties": {"id": "osm:way:1291872694", "type": "kindergarten", "name": "Kita Kalinka", "source": "OpenStreetMap/Overpass"}}, {"type": "Feature", "geometry": {"type": "Point", "coordinates": [13.396898, 52.5394732]}, "properties": {"id": "osm:way:1291882324", "type": "kindergarten", "name": "Kindergarten Wolgaster Straße", "source": "OpenStreetMap/Overpass"}}, {"type": "Feature", "geometry": {"type": "Point", "coordinates": [13.4806971, 52.6078793]}, "properties": {"id": "osm:way:1291976451", "type": "kindergarten", "name": "Piratenkids", "source": "OpenStreetMap/Overpass"}}, {"type": "Feature", "geometry": {"type": "Point", "coordinates": [13.434024, 52.4759743]}, "properties": {"id": "osm:way:1292129681", "type": "school", "name": "Arc-en-ciel", "source": "OpenStreetMap/Overpass"}}, {"type": "Feature", "geometry": {"type": "Point", "coordinates": [13.1532276, 52.5601459]}, "properties": {"id": "osm:way:1292133541", "type": "kindergarten", "name": "Griesinger Waldfüssler", "source": "OpenStreetMap/Overpass"}}, {"type": "Feature", "geometry": {"type": "Point", "coordinates": [13.5081552, 52.5372421]}, "properties": {"id": "osm:way:1292444252", "type": "kindergarten", "name": "Kindergarten Tausendfühler", "source": "OpenStreetMap/Overpass"}}, {"type": "Feature", "geometry": {"type": "Point", "coordinates": [13.4537176, 52.5942211]}, "properties": {"id": "osm:way:1292591070", "type": "kindergarten", "name": "Kindergarten Spatzenburg", "source": "OpenStreetMap/Overpass"}}, {"type": "Feature", "geometry": {"type": "Point", "coordinates": [13.1598506, 52.5270866]}, "properties": {"id": "osm:way:1292740168", "type": "kindergarten", "name": "Kids-R-Kids", "source": "OpenStreetMap/Overpass"}}, {"type": "Feature", "geometry": {"type": "Point", "coordinates": [13.3257468, 52.5992459]}, "properties": {"id": "osm:way:1292743278", "type": "kindergarten", "name": "Kita Hermsdorfer Straße", "source": "OpenStreetMap/Overpass"}}, {"type": "Feature", "geometry": {"type": "Point", "coordinates": [13.1541633, 52.5359238]}, "properties": {"id": "osm:way:1292744144", "type": "kindergarten", "name": "Kita Zauberschiff", "source": "OpenStreetMap/Overpass"}}, {"type": "Feature", "geometry": {"type": "Point", "coordinates": [13.549929, 52.5673394]}, "properties": {"id": "osm:way:1292797915", "type": "school", "name": "", "source": "OpenStreetMap/Overpass"}}, {"type": "Feature", "geometry": {"type": "Point", "coordinates": [13.3198222, 52.6062524]}, "properties": {"id": "osm:way:1292886498", "type": "kindergarten", "name": "Kita Remmi-Demmi", "source": "OpenStreetMap/Overpass"}}, {"type": "Feature", "geometry": {"type": "Point", "coordinates": [13.3195843, 52.6054613]}, "properties": {"id": "osm:way:1292887754", "type": "kindergarten", "name": "Kita Nimrodstraße", "source": "OpenStreetMap/Overpass"}}, {"type": "Feature", "geometry": {"type": "Point", "coordinates": [13.3983783, 52.6206993]}, "properties": {"id": "osm:way:1292950470", "type": "kindergarten", "name": "Kita Kleine Strolche", "source": "OpenStreetMap/Overpass"}}, {"type": "Feature", "geometry": {"type": "Point", "coordinates": [13.5803605, 52.4859105]}, "properties": {"id": "osm:way:1293035930", "type": "kindergarten", "name": "Kindergarten Ulmenstraße", "source": "OpenStreetMap/Overpass"}}, {"type": "Feature", "geometry": {"type": "Point", "coordinates": [13.314628, 52.4962843]}, "properties": {"id": "osm:way:1293096770", "type": "kindergarten", "name": "Kita Düsseldorfer Straße", "source": "OpenStreetMap/Overpass"}}, {"type": "Feature", "geometry": {"type": "Point", "coordinates": [13.3899083, 52.5229244]}, "properties": {"id": "osm:way:1293268693", "type": "kindergarten", "name": "Die Lupe - Kita an der HU", "source": "OpenStreetMap/Overpass"}}, {"type": "Feature", "geometry": {"type": "Point", "coordinates": [13.3570788, 52.4910512]}, "properties": {"id": "osm:way:1293404033", "type": "kindergarten", "name": "Kita am Kleistpark", "source": "OpenStreetMap/Overpass"}}, {"type": "Feature", "geometry": {"type": "Point", "coordinates": [13.343255, 52.4940653]}, "properties": {"id": "osm:way:1293948876", "type": "kindergarten", "name": "Ganztagsbereich Scharmützelsee-Grundschule", "source": "OpenStreetMap/Overpass"}}, {"type": "Feature", "geometry": {"type": "Point", "coordinates": [13.4268891, 52.5562977]}, "properties": {"id": "osm:way:1294831170", "type": "school", "name": "Grundschule Wolkenstein", "source": "OpenStreetMap/Overpass"}}, {"type": "Feature", "geometry": {"type": "Point", "coordinates": [13.4209242, 52.5603931]}, "properties": {"id": "osm:way:1294838428", "type": "kindergarten", "name": "Kindergarten Schmetterlingshaus", "source": "OpenStreetMap/Overpass"}}, {"type": "Feature", "geometry": {"type": "Point", "coordinates": [13.4212781, 52.5603947]}, "properties": {"id": "osm:way:1294838429", "type": "kindergarten", "name": "Kinderkrippe Raupenhaus", "source": "OpenStreetMap/Overpass"}}, {"type": "Feature", "geometry": {"type": "Point", "coordinates": [13.4226689, 52.5614744]}, "properties": {"id": "osm:way:1295083999", "type": "school", "name": "Klax Schule", "source": "OpenStreetMap/Overpass"}}, {"type": "Feature", "geometry": {"type": "Point", "coordinates": [13.414426, 52.5649864]}, "properties": {"id": "osm:way:1295087220", "type": "school", "name": "Klax Schule (Oberstufe)", "source": "OpenStreetMap/Overpass"}}, {"type": "Feature", "geometry": {"type": "Point", "coordinates": [13.4311566, 52.5552421]}, "properties": {"id": "osm:way:1295088380", "type": "kindergarten", "name": "Kindergarten Tausendfüßler", "source": "OpenStreetMap/Overpass"}}, {"type": "Feature", "geometry": {"type": "Point", "coordinates": [13.4305658, 52.5550638]}, "properties": {"id": "osm:way:1295092631", "type": "kindergarten", "name": "Kinderkrippe Tausendfüßler", "source": "OpenStreetMap/Overpass"}}, {"type": "Feature", "geometry": {"type": "Point", "coordinates": [13.1826096, 52.4846673]}, "properties": {"id": "osm:way:1296478495", "type": "kindergarten", "name": "Schülerhaus am Windmühlenberg", "source": "OpenStreetMap/Overpass"}}, {"type": "Feature", "geometry": {"type": "Point", "coordinates": [13.2202094, 52.5572612]}, "properties": {"id": "osm:way:1296573851", "type": "kindergarten", "name": "Kita Havelpiraten", "source": "OpenStreetMap/Overpass"}}, {"type": "Feature", "geometry": {"type": "Point", "coordinates": [13.5323002, 52.522223]}, "properties": {"id": "osm:way:1297154300", "type": "school", "name": "Sporthalle der Filiale der Grundschule unter dem Regenbogen", "source": "OpenStreetMap/Overpass"}}, {"type": "Feature", "geometry": {"type": "Point", "coordinates": [13.5324775, 52.5227114]}, "properties": {"id": "osm:way:1297154301", "type": "school", "name": "Filiale der Grundschule unter dem Regenbogen", "source": "OpenStreetMap/Overpass"}}, {"type": "Feature", "geometry": {"type": "Point", "coordinates": [13.2164011, 52.5740633]}, "properties": {"id": "osm:way:1297340159", "type": "kindergarten", "name": "", "source": "OpenStreetMap/Overpass"}}, {"type": "Feature", "geometry": {"type": "Point", "coordinates": [13.4388745, 52.5538814]}, "properties": {"id": "osm:way:1297653613", "type": "kindergarten", "name": "Spieltraum Weißensee", "source": "OpenStreetMap/Overpass"}}, {"type": "Feature", "geometry": {"type": "Point", "coordinates": [13.4299707, 52.5388687]}, "properties": {"id": "osm:way:1299320401", "type": "kindergarten", "name": "Kindergarten Räuberbande", "source": "OpenStreetMap/Overpass"}}, {"type": "Feature", "geometry": {"type": "Point", "coordinates": [13.395998, 52.5262824]}, "properties": {"id": "osm:way:1299458671", "type": "school", "name": "Grundschule am Koppenplatz (Standort Auguststraße)", "source": "OpenStreetMap/Overpass"}}, {"type": "Feature", "geometry": {"type": "Point", "coordinates": [13.5021514, 52.4993388]}, "properties": {"id": "osm:way:1299787052", "type": "school", "name": "Grundschule am Tränkegraben", "source": "OpenStreetMap/Overpass"}}, {"type": "Feature", "geometry": {"type": "Point", "coordinates": [13.3343137, 52.4771012]}, "properties": {"id": "osm:way:1299937427", "type": "kindergarten", "name": "KiTa Knorke", "source": "OpenStreetMap/Overpass"}}, {"type": "Feature", "geometry": {"type": "Point", "coordinates": [13.3340235, 52.476169]}, "properties": {"id": "osm:way:1299939760", "type": "kindergarten", "name": "Kita Perelsplatz", "source": "OpenStreetMap/Overpass"}}, {"type": "Feature", "geometry": {"type": "Point", "coordinates": [13.4555065, 52.5236046]}, "properties": {"id": "osm:way:1300695210", "type": "school", "name": "Hausburg-Grundschule - Filialstandort", "source": "OpenStreetMap/Overpass"}}, {"type": "Feature", "geometry": {"type": "Point", "coordinates": [13.4374777, 52.5219258]}, "properties": {"id": "osm:way:1301005459", "type": "kindergarten", "name": "Fröbel-Kindergarten Pufendorfstraße", "source": "OpenStreetMap/Overpass"}}, {"type": "Feature", "geometry": {"type": "Point", "coordinates": [13.5243426, 52.4866375]}, "properties": {"id": "osm:way:1301134495", "type": "kindergarten", "name": "", "source": "OpenStreetMap/Overpass"}}, {"type": "Feature", "geometry": {"type": "Point", "coordinates": [13.5244868, 52.4882022]}, "properties": {"id": "osm:way:1301134496", "type": "kindergarten", "name": "", "source": "OpenStreetMap/Overpass"}}, {"type": "Feature", "geometry": {"type": "Point", "coordinates": [13.5277629, 52.4860961]}, "properties": {"id": "osm:way:1301145185", "type": "kindergarten", "name": "", "source": "OpenStreetMap/Overpass"}}, {"type": "Feature", "geometry": {"type": "Point", "coordinates": [13.3591667, 52.4772514]}, "properties": {"id": "osm:way:1301952818", "type": "kindergarten", "name": "Kita Ella-Barowsky-Straße", "source": "OpenStreetMap/Overpass"}}, {"type": "Feature", "geometry": {"type": "Point", "coordinates": [13.6101624, 52.5011065]}, "properties": {"id": "osm:way:1302420088", "type": "school", "name": "", "source": "OpenStreetMap/Overpass"}}, {"type": "Feature", "geometry": {"type": "Point", "coordinates": [13.3891927, 52.5822059]}, "properties": {"id": "osm:way:1303397771", "type": "kindergarten", "name": "Montessori Kinderhaus", "source": "OpenStreetMap/Overpass"}}, {"type": "Feature", "geometry": {"type": "Point", "coordinates": [13.4212476, 52.5231059]}, "properties": {"id": "osm:way:1304110196", "type": "kindergarten", "name": "Kindergarten Traumzauberbaum", "source": "OpenStreetMap/Overpass"}}, {"type": "Feature", "geometry": {"type": "Point", "coordinates": [13.4839128, 52.4685855]}, "properties": {"id": "osm:way:1304329868", "type": "school", "name": "Treptow-Kolleg", "source": "OpenStreetMap/Overpass"}}, {"type": "Feature", "geometry": {"type": "Point", "coordinates": [13.3705974, 52.5408262]}, "properties": {"id": "osm:way:1305527477", "type": "kindergarten", "name": "SpielRaum Reinickenufer", "source": "OpenStreetMap/Overpass"}}, {"type": "Feature", "geometry": {"type": "Point", "coordinates": [13.5211239, 52.4811392]}, "properties": {"id": "osm:way:1306003159", "type": "kindergarten", "name": "Waldorf-Kindergarten Karlshorst e.V.", "source": "OpenStreetMap/Overpass"}}, {"type": "Feature", "geometry": {"type": "Point", "coordinates": [13.5207386, 52.4798115]}, "properties": {"id": "osm:way:1306003169", "type": "kindergarten", "name": "Kita Quatschköpfe", "source": "OpenStreetMap/Overpass"}}, {"type": "Feature", "geometry": {"type": "Point", "coordinates": [13.5191934, 52.5657755]}, "properties": {"id": "osm:way:1309518251", "type": "kindergarten", "name": "", "source": "OpenStreetMap/Overpass"}}, {"type": "Feature", "geometry": {"type": "Point", "coordinates": [13.7506827, 52.6228541]}, "properties": {"id": "osm:way:1312553084", "type": "school", "name": "", "source": "OpenStreetMap/Overpass"}}, {"type": "Feature", "geometry": {"type": "Point", "coordinates": [13.3730988, 52.6353706]}, "properties": {"id": "osm:way:1315066966", "type": "kindergarten", "name": "", "source": "OpenStreetMap/Overpass"}}, {"type": "Feature", "geometry": {"type": "Point", "coordinates": [13.2978076, 52.5144919]}, "properties": {"id": "osm:way:1315900314", "type": "kindergarten", "name": "Kindergarten Schloßstraße", "source": "OpenStreetMap/Overpass"}}, {"type": "Feature", "geometry": {"type": "Point", "coordinates": [13.1797427, 52.5383696]}, "properties": {"id": "osm:way:1319955194", "type": "school", "name": "Klosterfeld-Grundschule", "source": "OpenStreetMap/Overpass"}}, {"type": "Feature", "geometry": {"type": "Point", "coordinates": [13.4301472, 52.6064403]}, "properties": {"id": "osm:way:1320419667", "type": "kindergarten", "name": "Evangelische Kita Buchholz", "source": "OpenStreetMap/Overpass"}}, {"type": "Feature", "geometry": {"type": "Point", "coordinates": [13.441481, 52.5668487]}, "properties": {"id": "osm:way:1320422497", "type": "kindergarten", "name": "Evangelische Kita Heinersdorf", "source": "OpenStreetMap/Overpass"}}, {"type": "Feature", "geometry": {"type": "Point", "coordinates": [13.3808301, 52.496421]}, "properties": {"id": "osm:way:1320423358", "type": "kindergarten", "name": "Evangelische Kita Leuchtturm", "source": "OpenStreetMap/Overpass"}}, {"type": "Feature", "geometry": {"type": "Point", "coordinates": [13.4164231, 52.5002103]}, "properties": {"id": "osm:way:1320682506", "type": "kindergarten", "name": "", "source": "OpenStreetMap/Overpass"}}, {"type": "Feature", "geometry": {"type": "Point", "coordinates": [13.3138275, 52.6191295]}, "properties": {"id": "osm:way:1321425872", "type": "kindergarten", "name": "Sonnenkita Hermsdorf", "source": "OpenStreetMap/Overpass"}}, {"type": "Feature", "geometry": {"type": "Point", "coordinates": [13.3070595, 52.6206445]}, "properties": {"id": "osm:way:1322513547", "type": "kindergarten", "name": "Kleine Nordlichter", "source": "OpenStreetMap/Overpass"}}, {"type": "Feature", "geometry": {"type": "Point", "coordinates": [13.3105819, 52.619417]}, "properties": {"id": "osm:way:1322514339", "type": "kindergarten", "name": "Zwergenschloß", "source": "OpenStreetMap/Overpass"}}, {"type": "Feature", "geometry": {"type": "Point", "coordinates": [13.3887418, 52.5026573]}, "properties": {"id": "osm:way:1322723109", "type": "kindergarten", "name": "Kita Trauminsel (Betlehem)", "source": "OpenStreetMap/Overpass"}}, {"type": "Feature", "geometry": {"type": "Point", "coordinates": [13.3898231, 52.5001533]}, "properties": {"id": "osm:way:1326255736", "type": "kindergarten", "name": "Kita Trauminsel (Nazareth)", "source": "OpenStreetMap/Overpass"}}, {"type": "Feature", "geometry": {"type": "Point", "coordinates": [13.3865132, 52.4990246]}, "properties": {"id": "osm:way:1326258416", "type": "school", "name": "SPI Fachschulen", "source": "OpenStreetMap/Overpass"}}, {"type": "Feature", "geometry": {"type": "Point", "coordinates": [13.7366333, 52.3911959]}, "properties": {"id": "osm:way:1326355022", "type": "school", "name": "Grundschule Neu Zittau", "source": "OpenStreetMap/Overpass"}}, {"type": "Feature", "geometry": {"type": "Point", "coordinates": [13.5113265, 52.4835851]}, "properties": {"id": "osm:way:1328997660", "type": "school", "name": "Seepark-Grundschule", "source": "OpenStreetMap/Overpass"}}, {"type": "Feature", "geometry": {"type": "Point", "coordinates": [13.3881362, 52.5354496]}, "properties": {"id": "osm:way:1331712458", "type": "kindergarten", "name": "Kita Mauerhüpfer", "source": "OpenStreetMap/Overpass"}}, {"type": "Feature", "geometry": {"type": "Point", "coordinates": [13.3587142, 52.4824297]}, "properties": {"id": "osm:way:1332438343", "type": "kindergarten", "name": "Evangelische Kita Königin Luise", "source": "OpenStreetMap/Overpass"}}, {"type": "Feature", "geometry": {"type": "Point", "coordinates": [13.4182338, 52.3418527]}, "properties": {"id": "osm:way:1333152638", "type": "kindergarten", "name": "Pusteblume", "source": "OpenStreetMap/Overpass"}}, {"type": "Feature", "geometry": {"type": "Point", "coordinates": [13.7258927, 52.5636107]}, "properties": {"id": "osm:way:1338326471", "type": "school", "name": "Stadtschule Altlandsberg", "source": "OpenStreetMap/Overpass"}}, {"type": "Feature", "geometry": {"type": "Point", "coordinates": [13.2570396, 52.4016224]}, "properties": {"id": "osm:way:1338861046", "type": "school", "name": "Ernst-von-Stubenrauch Grundschule", "source": "OpenStreetMap/Overpass"}}, {"type": "Feature", "geometry": {"type": "Point", "coordinates": [13.1343634, 52.4495345]}, "properties": {"id": "osm:way:1340155313", "type": "kindergarten", "name": "EKT - Traumhaus Kladow e.V.", "source": "OpenStreetMap/Overpass"}}, {"type": "Feature", "geometry": {"type": "Point", "coordinates": [13.3561398, 52.518862]}, "properties": {"id": "osm:way:1340797422", "type": "kindergarten", "name": "Evangelische Spreekita", "source": "OpenStreetMap/Overpass"}}, {"type": "Feature", "geometry": {"type": "Point", "coordinates": [13.3325886, 52.426181]}, "properties": {"id": "osm:way:1348726415", "type": "kindergarten", "name": "Die Maulwürfe", "source": "OpenStreetMap/Overpass"}}, {"type": "Feature", "geometry": {"type": "Point", "coordinates": [13.4560308, 52.4245641]}, "properties": {"id": "osm:way:1353922788", "type": "kindergarten", "name": "Hort der Hugo-Heimann-Grundschule", "source": "OpenStreetMap/Overpass"}}, {"type": "Feature", "geometry": {"type": "Point", "coordinates": [13.4619259, 52.4242321]}, "properties": {"id": "osm:way:1353927797", "type": "school", "name": "", "source": "OpenStreetMap/Overpass"}}, {"type": "Feature", "geometry": {"type": "Point", "coordinates": [13.461887, 52.4239134]}, "properties": {"id": "osm:way:1353928306", "type": "school", "name": "Katholische Schule Sankt Marien", "source": "OpenStreetMap/Overpass"}}, {"type": "Feature", "geometry": {"type": "Point", "coordinates": [13.2688349, 52.5190933]}, "properties": {"id": "osm:way:1356427311", "type": "kindergarten", "name": "Kinderladen Akazienhof", "source": "OpenStreetMap/Overpass"}}, {"type": "Feature", "geometry": {"type": "Point", "coordinates": [13.2681139, 52.5191322]}, "properties": {"id": "osm:way:1356427312", "type": "kindergarten", "name": "Kita Charlottenburger Teddys Akazienallee", "source": "OpenStreetMap/Overpass"}}, {"type": "Feature", "geometry": {"type": "Point", "coordinates": [13.2201973, 52.4025841]}, "properties": {"id": "osm:way:1364933484", "type": "school", "name": "Grundschule auf dem Seeberg", "source": "OpenStreetMap/Overpass"}}, {"type": "Feature", "geometry": {"type": "Point", "coordinates": [13.5843233, 52.4275677]}, "properties": {"id": "osm:way:1370687477", "type": "kindergarten", "name": "Kita Achterdeck", "source": "OpenStreetMap/Overpass"}}, {"type": "Feature", "geometry": {"type": "Point", "coordinates": [13.5323161, 52.5224512]}, "properties": {"id": "osm:way:1370894859", "type": "school", "name": "", "source": "OpenStreetMap/Overpass"}}, {"type": "Feature", "geometry": {"type": "Point", "coordinates": [13.5077089, 52.5529614]}, "properties": {"id": "osm:way:1379364685", "type": "kindergarten", "name": "Kita Glückskäfer", "source": "OpenStreetMap/Overpass"}}, {"type": "Feature", "geometry": {"type": "Point", "coordinates": [13.5757839, 52.4985331]}, "properties": {"id": "osm:way:1380585744", "type": "school", "name": "Baustelle der ISS Chemnitzer Straße", "source": "OpenStreetMap/Overpass"}}, {"type": "Feature", "geometry": {"type": "Point", "coordinates": [13.4307091, 52.4214099]}, "properties": {"id": "osm:way:1381816043", "type": "kindergarten", "name": "Kita am Dorfteich", "source": "OpenStreetMap/Overpass"}}, {"type": "Feature", "geometry": {"type": "Point", "coordinates": [13.6984958, 52.5329502]}, "properties": {"id": "osm:way:1385562773", "type": "school", "name": "Grundschule am Gruscheweg", "source": "OpenStreetMap/Overpass"}}, {"type": "Feature", "geometry": {"type": "Point", "coordinates": [13.5552547, 52.5148496]}, "properties": {"id": "osm:way:1387419661", "type": "kindergarten", "name": "", "source": "OpenStreetMap/Overpass"}}, {"type": "Feature", "geometry": {"type": "Point", "coordinates": [13.4585094, 52.4936711]}, "properties": {"id": "osm:way:1389346749", "type": "kindergarten", "name": "Fröbel-Kindergarten Wirbelwind", "source": "OpenStreetMap/Overpass"}}, {"type": "Feature", "geometry": {"type": "Point", "coordinates": [13.3410752, 52.6061267]}, "properties": {"id": "osm:way:1391322938", "type": "kindergarten", "name": "Kita Wirbelwind", "source": "OpenStreetMap/Overpass"}}, {"type": "Feature", "geometry": {"type": "Point", "coordinates": [13.2059582, 52.4370416]}, "properties": {"id": "osm:way:1394471600", "type": "kindergarten", "name": "Kiddies Waldsänger", "source": "OpenStreetMap/Overpass"}}, {"type": "Feature", "geometry": {"type": "Point", "coordinates": [13.5204686, 52.4811158]}, "properties": {"id": "osm:way:1396238030", "type": "kindergarten", "name": "Evangelischer Kindergarten Morgensonne", "source": "OpenStreetMap/Overpass"}}, {"type": "Feature", "geometry": {"type": "Point", "coordinates": [13.5270405, 52.6508884]}, "properties": {"id": "osm:way:1396732792", "type": "kindergarten", "name": "", "source": "OpenStreetMap/Overpass"}}, {"type": "Feature", "geometry": {"type": "Point", "coordinates": [13.3584736, 52.5343649]}, "properties": {"id": "osm:way:1409767083", "type": "kindergarten", "name": "Kita auf Augenhöhe e.V.", "source": "OpenStreetMap/Overpass"}}, {"type": "Feature", "geometry": {"type": "Point", "coordinates": [13.6285481, 52.4807555]}, "properties": {"id": "osm:way:1413422153", "type": "kindergarten", "name": "Kita Waldkrümel", "source": "OpenStreetMap/Overpass"}}, {"type": "Feature", "geometry": {"type": "Point", "coordinates": [13.5124308, 52.448792]}, "properties": {"id": "osm:way:1418278049", "type": "kindergarten", "name": "", "source": "OpenStreetMap/Overpass"}}, {"type": "Feature", "geometry": {"type": "Point", "coordinates": [13.3435098, 52.4685689]}, "properties": {"id": "osm:way:1418485237", "type": "kindergarten", "name": "Kita St. Konrad", "source": "OpenStreetMap/Overpass"}}, {"type": "Feature", "geometry": {"type": "Point", "coordinates": [13.5122673, 52.4490708]}, "properties": {"id": "osm:way:1419433074", "type": "kindergarten", "name": "", "source": "OpenStreetMap/Overpass"}}, {"type": "Feature", "geometry": {"type": "Point", "coordinates": [13.2784943, 52.3939714]}, "properties": {"id": "osm:way:1420324731", "type": "kindergarten", "name": "Integrationskita Käferland", "source": "OpenStreetMap/Overpass"}}, {"type": "Feature", "geometry": {"type": "Point", "coordinates": [13.3647463, 52.5694008]}, "properties": {"id": "osm:way:1421122759", "type": "kindergarten", "name": "Kita Kinderland", "source": "OpenStreetMap/Overpass"}}, {"type": "Feature", "geometry": {"type": "Point", "coordinates": [13.3661532, 52.4866647]}, "properties": {"id": "osm:way:1421893825", "type": "kindergarten", "name": "Waldorf-Campus Berlin Hort und Kindergarten", "source": "OpenStreetMap/Overpass"}}, {"type": "Feature", "geometry": {"type": "Point", "coordinates": [13.2829854, 52.5882692]}, "properties": {"id": "osm:way:1425958852", "type": "school", "name": "Franz-Marc-Grundschule", "source": "OpenStreetMap/Overpass"}}, {"type": "Feature", "geometry": {"type": "Point", "coordinates": [13.282862, 52.5886309]}, "properties": {"id": "osm:way:1425959480", "type": "school", "name": "Julius-Leber-Schule", "source": "OpenStreetMap/Overpass"}}, {"type": "Feature", "geometry": {"type": "Point", "coordinates": [13.282652, 52.5889204]}, "properties": {"id": "osm:way:1425959481", "type": "school", "name": "", "source": "OpenStreetMap/Overpass"}}, {"type": "Feature", "geometry": {"type": "Point", "coordinates": [13.2242381, 52.3888327]}, "properties": {"id": "osm:way:1427123786", "type": "school", "name": "Lindenhof Grundschule", "source": "OpenStreetMap/Overpass"}}, {"type": "Feature", "geometry": {"type": "Point", "coordinates": [13.4255398, 52.4457613]}, "properties": {"id": "osm:way:1427874087", "type": "school", "name": "Schulgarten", "source": "OpenStreetMap/Overpass"}}, {"type": "Feature", "geometry": {"type": "Point", "coordinates": [13.4275586, 52.4451359]}, "properties": {"id": "osm:way:1427874397", "type": "kindergarten", "name": "Geplanter Hort der 37. Grundschule in Neukölln", "source": "OpenStreetMap/Overpass"}}, {"type": "Feature", "geometry": {"type": "Point", "coordinates": [13.2870252, 52.5215668]}, "properties": {"id": "osm:way:1436498671", "type": "kindergarten", "name": "Girasoles-Sonnenblumen", "source": "OpenStreetMap/Overpass"}}, {"type": "Feature", "geometry": {"type": "Point", "coordinates": [13.3304807, 52.5675862]}, "properties": {"id": "osm:way:1436634012", "type": "kindergarten", "name": "Kita Nemo", "source": "OpenStreetMap/Overpass"}}, {"type": "Feature", "geometry": {"type": "Point", "coordinates": [13.317625, 52.5660194]}, "properties": {"id": "osm:way:1441905024", "type": "kindergarten", "name": "Kindergarten Uranusweg", "source": "OpenStreetMap/Overpass"}}, {"type": "Feature", "geometry": {"type": "Point", "coordinates": [13.6763272, 52.4322628]}, "properties": {"id": "osm:way:1442587034", "type": "kindergarten", "name": "KITA Grashüpferchen", "source": "OpenStreetMap/Overpass"}}, {"type": "Feature", "geometry": {"type": "Point", "coordinates": [13.4945723, 52.5004066]}, "properties": {"id": "osm:way:1444181668", "type": "kindergarten", "name": "Kita Zahhnlücke", "source": "OpenStreetMap/Overpass"}}, {"type": "Feature", "geometry": {"type": "Point", "coordinates": [13.3221938, 52.4699687]}, "properties": {"id": "osm:way:1444673907", "type": "kindergarten", "name": "Kinderladen Rappelschlösschen", "source": "OpenStreetMap/Overpass"}}, {"type": "Feature", "geometry": {"type": "Point", "coordinates": [13.3269108, 52.4698508]}, "properties": {"id": "osm:way:1444686506", "type": "kindergarten", "name": "PFH-Ganztagsbetreuung an der Stechlinsee-Grundschule", "source": "OpenStreetMap/Overpass"}}, {"type": "Feature", "geometry": {"type": "Point", "coordinates": [13.3923368, 52.6176008]}, "properties": {"id": "osm:way:1445309251", "type": "school", "name": "Freie Naturschule im StadtGut", "source": "OpenStreetMap/Overpass"}}, {"type": "Feature", "geometry": {"type": "Point", "coordinates": [13.0893957, 52.363195]}, "properties": {"id": "osm:way:1445362483", "type": "kindergarten", "name": "Kita Spatzenhaus", "source": "OpenStreetMap/Overpass"}}, {"type": "Feature", "geometry": {"type": "Point", "coordinates": [13.5068606, 52.4310571]}, "properties": {"id": "osm:way:1447146522", "type": "kindergarten", "name": "Kita Wilde Hummeln", "source": "OpenStreetMap/Overpass"}}, {"type": "Feature", "geometry": {"type": "Point", "coordinates": [13.4405326, 52.5068701]}, "properties": {"id": "osm:way:1448207878", "type": "kindergarten", "name": "FlipFlopz", "source": "OpenStreetMap/Overpass"}}, {"type": "Feature", "geometry": {"type": "Point", "coordinates": [13.5598509, 52.6700679]}, "properties": {"id": "osm:way:1448473688", "type": "kindergarten", "name": "Integrationskita \"Rappelkiste\"", "source": "OpenStreetMap/Overpass"}}, {"type": "Feature", "geometry": {"type": "Point", "coordinates": [13.559699, 52.6705934]}, "properties": {"id": "osm:way:1448474005", "type": "kindergarten", "name": "Kita Friedenstaler Spatzen", "source": "OpenStreetMap/Overpass"}}, {"type": "Feature", "geometry": {"type": "Point", "coordinates": [13.0969539, 52.375618]}, "properties": {"id": "osm:way:1448620799", "type": "kindergarten", "name": "Kita \"Schatzinsel\"", "source": "OpenStreetMap/Overpass"}}, {"type": "Feature", "geometry": {"type": "Point", "coordinates": [13.247831, 52.3962704]}, "properties": {"id": "osm:way:1449378447", "type": "school", "name": "", "source": "OpenStreetMap/Overpass"}}, {"type": "Feature", "geometry": {"type": "Point", "coordinates": [13.2128125, 52.4133376]}, "properties": {"id": "osm:way:1450340570", "type": "kindergarten", "name": "", "source": "OpenStreetMap/Overpass"}}, {"type": "Feature", "geometry": {"type": "Point", "coordinates": [13.4410106, 52.4798935]}, "properties": {"id": "osm:way:1451477396", "type": "kindergarten", "name": "Kita Mosaik", "source": "OpenStreetMap/Overpass"}}, {"type": "Feature", "geometry": {"type": "Point", "coordinates": [13.237354, 52.3923752]}, "properties": {"id": "osm:way:1451827633", "type": "kindergarten", "name": "Kita Mäusenest", "source": "OpenStreetMap/Overpass"}}, {"type": "Feature", "geometry": {"type": "Point", "coordinates": [13.2755229, 52.4309887]}, "properties": {"id": "osm:way:1459554016", "type": "kindergarten", "name": "Stephanus-Kita", "source": "OpenStreetMap/Overpass"}}, {"type": "Feature", "geometry": {"type": "Point", "coordinates": [13.7266141, 52.5625558]}, "properties": {"id": "osm:way:1460680905", "type": "school", "name": "", "source": "OpenStreetMap/Overpass"}}, {"type": "Feature", "geometry": {"type": "Point", "coordinates": [13.3700384, 52.5619346]}, "properties": {"id": "osm:relation:7127", "type": "school", "name": "Georg-Schlesinger-Schule", "source": "OpenStreetMap/Overpass"}}, {"type": "Feature", "geometry": {"type": "Point", "coordinates": [13.4330324, 52.5341092]}, "properties": {"id": "osm:relation:27716", "type": "school", "name": "Felix-Mendelssohn-Bartholdy-Gymnasium Filiale Pankow", "source": "OpenStreetMap/Overpass"}}, {"type": "Feature", "geometry": {"type": "Point", "coordinates": [13.2473193, 52.3966384]}, "properties": {"id": "osm:relation:271321", "type": "school", "name": "Ernst-von-Stubenrauch- Grundschule", "source": "OpenStreetMap/Overpass"}}, {"type": "Feature", "geometry": {"type": "Point", "coordinates": [13.402704, 52.3982344]}, "properties": {"id": "osm:relation:404313", "type": "school", "name": "Theodor-Haubach-Schule", "source": "OpenStreetMap/Overpass"}}, {"type": "Feature", "geometry": {"type": "Point", "coordinates": [13.1398487, 52.3770331]}, "properties": {"id": "osm:relation:2581554", "type": "kindergarten", "name": "Fröbel-Kindergarten und Hort Sternchen", "source": "OpenStreetMap/Overpass"}}, {"type": "Feature", "geometry": {"type": "Point", "coordinates": [13.1350677, 52.3736038]}, "properties": {"id": "osm:relation:2585119", "type": "kindergarten", "name": "Kita Sternschnuppe", "source": "OpenStreetMap/Overpass"}}, {"type": "Feature", "geometry": {"type": "Point", "coordinates": [13.514873, 52.4715523]}, "properties": {"id": "osm:relation:2669838", "type": "school", "name": "Albatros-Schule", "source": "OpenStreetMap/Overpass"}}, {"type": "Feature", "geometry": {"type": "Point", "coordinates": [13.2830019, 52.6310535]}, "properties": {"id": "osm:relation:3093670", "type": "school", "name": "Evangelische Schule Berlin-Frohnau", "source": "OpenStreetMap/Overpass"}}, {"type": "Feature", "geometry": {"type": "Point", "coordinates": [13.4230399, 52.5469541]}, "properties": {"id": "osm:relation:5122070", "type": "school", "name": "Heinrich-Schliemann-Gymnasium", "source": "OpenStreetMap/Overpass"}}, {"type": "Feature", "geometry": {"type": "Point", "coordinates": [13.5101958, 52.44671]}, "properties": {"id": "osm:relation:6178855", "type": "school", "name": "Melli-Beese-Grundschule", "source": "OpenStreetMap/Overpass"}}, {"type": "Feature", "geometry": {"type": "Point", "coordinates": [13.5956949, 52.5459864]}, "properties": {"id": "osm:relation:6319210", "type": "school", "name": "Jean-Piaget-Schule", "source": "OpenStreetMap/Overpass"}}, {"type": "Feature", "geometry": {"type": "Point", "coordinates": [13.1068962, 52.3386101]}, "properties": {"id": "osm:relation:6524473", "type": "kindergarten", "name": "Hort NutheKids", "source": "OpenStreetMap/Overpass"}}, {"type": "Feature", "geometry": {"type": "Point", "coordinates": [13.4417913, 52.4443625]}, "properties": {"id": "osm:relation:6754829", "type": "school", "name": "Alfred-Nobel-Schule - Filiale", "source": "OpenStreetMap/Overpass"}}, {"type": "Feature", "geometry": {"type": "Point", "coordinates": [13.4039155, 52.3947467]}, "properties": {"id": "osm:relation:6861804", "type": "school", "name": "Carl-Zeiss-Oberschule", "source": "OpenStreetMap/Overpass"}}, {"type": "Feature", "geometry": {"type": "Point", "coordinates": [13.2439235, 52.5424143]}, "properties": {"id": "osm:relation:9881612", "type": "kindergarten", "name": "Kindertagesstätte der katholischen Kirchengemeinde St. Stephanus", "source": "OpenStreetMap/Overpass"}}, {"type": "Feature", "geometry": {"type": "Point", "coordinates": [13.0918121, 52.392931]}, "properties": {"id": "osm:relation:10108100", "type": "school", "name": "Evangelische Grundschule Babelsberg", "source": "OpenStreetMap/Overpass"}}, {"type": "Feature", "geometry": {"type": "Point", "coordinates": [13.4987509, 52.3930447]}, "properties": {"id": "osm:relation:10694469", "type": "kindergarten", "name": "", "source": "OpenStreetMap/Overpass"}}, {"type": "Feature", "geometry": {"type": "Point", "coordinates": [13.3074918, 52.3570433]}, "properties": {"id": "osm:relation:11282658", "type": "school", "name": "Otfried-Preußler-Schule", "source": "OpenStreetMap/Overpass"}}, {"type": "Feature", "geometry": {"type": "Point", "coordinates": [13.621778, 52.528584]}, "properties": {"id": "osm:relation:12751210", "type": "school", "name": "Konrad-Wachsmann-Oberschule", "source": "OpenStreetMap/Overpass"}}, {"type": "Feature", "geometry": {"type": "Point", "coordinates": [13.4214944, 52.4826511]}, "properties": {"id": "osm:relation:13123375", "type": "school", "name": "Karlsgarten-Grundschule", "source": "OpenStreetMap/Overpass"}}, {"type": "Feature", "geometry": {"type": "Point", "coordinates": [13.096353, 52.5745464]}, "properties": {"id": "osm:relation:14759366", "type": "school", "name": "Lise-Meitner-Gymnasium", "source": "OpenStreetMap/Overpass"}}, {"type": "Feature", "geometry": {"type": "Point", "coordinates": [13.5613556, 52.5581708]}, "properties": {"id": "osm:relation:14886707", "type": "school", "name": "Gretel-Bergmann-Gemeinschaftsschule", "source": "OpenStreetMap/Overpass"}}, {"type": "Feature", "geometry": {"type": "Point", "coordinates": [13.5602577, 52.5296652]}, "properties": {"id": "osm:relation:14886710", "type": "school", "name": "Johann-Strauss-Grundschule", "source": "OpenStreetMap/Overpass"}}, {"type": "Feature", "geometry": {"type": "Point", "coordinates": [13.5822895, 52.5519829]}, "properties": {"id": "osm:relation:14886838", "type": "school", "name": "Wilhelm-Busch-Grundschule", "source": "OpenStreetMap/Overpass"}}, {"type": "Feature", "geometry": {"type": "Point", "coordinates": [13.584138, 52.5072542]}, "properties": {"id": "osm:relation:14886848", "type": "school", "name": "Franz-Carl-Achard-Grundschule", "source": "OpenStreetMap/Overpass"}}, {"type": "Feature", "geometry": {"type": "Point", "coordinates": [13.6093719, 52.5299515]}, "properties": {"id": "osm:relation:14886853", "type": "school", "name": "Grundschule am Schleipfuhl", "source": "OpenStreetMap/Overpass"}}, {"type": "Feature", "geometry": {"type": "Point", "coordinates": [13.3210375, 52.4937141]}, "properties": {"id": "osm:relation:15354903", "type": "school", "name": "Nelson-Mandela-Schule (Grundstufe)", "source": "OpenStreetMap/Overpass"}}, {"type": "Feature", "geometry": {"type": "Point", "coordinates": [13.346853, 52.4230461]}, "properties": {"id": "osm:relation:15484680", "type": "school", "name": "Grundschule am Königsgraben", "source": "OpenStreetMap/Overpass"}}, {"type": "Feature", "geometry": {"type": "Point", "coordinates": [13.3532972, 52.5305168]}, "properties": {"id": "osm:relation:15803728", "type": "school", "name": "Kurt-Tucholsky-Grundschule", "source": "OpenStreetMap/Overpass"}}, {"type": "Feature", "geometry": {"type": "Point", "coordinates": [13.2114927, 52.5855896]}, "properties": {"id": "osm:relation:16107756", "type": "school", "name": "Waldschule Spandau", "source": "OpenStreetMap/Overpass"}}, {"type": "Feature", "geometry": {"type": "Point", "coordinates": [13.4105655, 52.511756]}, "properties": {"id": "osm:relation:16219093", "type": "school", "name": "Evangelische Schule Berlin Zentrum", "source": "OpenStreetMap/Overpass"}}, {"type": "Feature", "geometry": {"type": "Point", "coordinates": [13.4195217, 52.5268426]}, "properties": {"id": "osm:relation:16446395", "type": "school", "name": "Helene-Haeusler-Schule", "source": "OpenStreetMap/Overpass"}}, {"type": "Feature", "geometry": {"type": "Point", "coordinates": [13.3310093, 52.4555325]}, "properties": {"id": "osm:relation:16630747", "type": "school", "name": "Grundschule in der Plantagenstraße", "source": "OpenStreetMap/Overpass"}}, {"type": "Feature", "geometry": {"type": "Point", "coordinates": [13.331893, 52.4555628]}, "properties": {"id": "osm:relation:16630749", "type": "kindergarten", "name": "Kita Filandastraße", "source": "OpenStreetMap/Overpass"}}, {"type": "Feature", "geometry": {"type": "Point", "coordinates": [13.3445041, 52.4297908]}, "properties": {"id": "osm:relation:16641659", "type": "kindergarten", "name": "Kita Frobenstraße", "source": "OpenStreetMap/Overpass"}}, {"type": "Feature", "geometry": {"type": "Point", "coordinates": [13.3444523, 52.4275343]}, "properties": {"id": "osm:relation:16646048", "type": "school", "name": "Ersatzschulbau Kopernikus-Schule (Integrierte Sekundarschule)", "source": "OpenStreetMap/Overpass"}}, {"type": "Feature", "geometry": {"type": "Point", "coordinates": [13.3458371, 52.4280754]}, "properties": {"id": "osm:relation:16646049", "type": "school", "name": "Bröndby-Oberschule", "source": "OpenStreetMap/Overpass"}}, {"type": "Feature", "geometry": {"type": "Point", "coordinates": [13.3139563, 52.4558215]}, "properties": {"id": "osm:relation:16660043", "type": "school", "name": "Johann-August-Zeune-Schule für Blinde", "source": "OpenStreetMap/Overpass"}}, {"type": "Feature", "geometry": {"type": "Point", "coordinates": [13.3136648, 52.4544619]}, "properties": {"id": "osm:relation:16660048", "type": "school", "name": "Rothenburg-Grundschule", "source": "OpenStreetMap/Overpass"}}, {"type": "Feature", "geometry": {"type": "Point", "coordinates": [13.3124767, 52.4542061]}, "properties": {"id": "osm:relation:16660049", "type": "school", "name": "Fichtenberg-Oberschule", "source": "OpenStreetMap/Overpass"}}, {"type": "Feature", "geometry": {"type": "Point", "coordinates": [13.341069, 52.4308847]}, "properties": {"id": "osm:relation:16750708", "type": "school", "name": "Paul-Schneider-Grundschule", "source": "OpenStreetMap/Overpass"}}, {"type": "Feature", "geometry": {"type": "Point", "coordinates": [13.342753, 52.4329131]}, "properties": {"id": "osm:relation:16750712", "type": "school", "name": "Beethoven-Gymnasium", "source": "OpenStreetMap/Overpass"}}, {"type": "Feature", "geometry": {"type": "Point", "coordinates": [13.3433962, 52.4324727]}, "properties": {"id": "osm:relation:16750713", "type": "kindergarten", "name": "Kita Milchbartpiraten", "source": "OpenStreetMap/Overpass"}}, {"type": "Feature", "geometry": {"type": "Point", "coordinates": [13.3134614, 52.4589825]}, "properties": {"id": "osm:relation:16760738", "type": "school", "name": "Private Kant-Grundschule", "source": "OpenStreetMap/Overpass"}}, {"type": "Feature", "geometry": {"type": "Point", "coordinates": [13.3640554, 52.5824986]}, "properties": {"id": "osm:relation:17087723", "type": "school", "name": "Inge-Deutschkron-Gymnasium", "source": "OpenStreetMap/Overpass"}}, {"type": "Feature", "geometry": {"type": "Point", "coordinates": [13.4881977, 52.5704283]}, "properties": {"id": "osm:relation:17315307", "type": "school", "name": "Grüner Campus Malchow", "source": "OpenStreetMap/Overpass"}}, {"type": "Feature", "geometry": {"type": "Point", "coordinates": [13.3299923, 52.4598893]}, "properties": {"id": "osm:relation:17333391", "type": "school", "name": "", "source": "OpenStreetMap/Overpass"}}, {"type": "Feature", "geometry": {"type": "Point", "coordinates": [13.3333003, 52.4589368]}, "properties": {"id": "osm:relation:17333392", "type": "kindergarten", "name": "Lukas-Kita", "source": "OpenStreetMap/Overpass"}}, {"type": "Feature", "geometry": {"type": "Point", "coordinates": [13.5653379, 52.5396523]}, "properties": {"id": "osm:relation:17341688", "type": "school", "name": "Grundschule an der Mühle", "source": "OpenStreetMap/Overpass"}}, {"type": "Feature", "geometry": {"type": "Point", "coordinates": [13.344886, 52.4690114]}, "properties": {"id": "osm:relation:17475927", "type": "school", "name": "Friedenauer Gemeinschaftsschule", "source": "OpenStreetMap/Overpass"}}, {"type": "Feature", "geometry": {"type": "Point", "coordinates": [13.6298209, 52.5403455]}, "properties": {"id": "osm:relation:17734163", "type": "school", "name": "Bücherwurm-Schule am Weiher", "source": "OpenStreetMap/Overpass"}}, {"type": "Feature", "geometry": {"type": "Point", "coordinates": [13.4241384, 52.5587807]}, "properties": {"id": "osm:relation:17751584", "type": "school", "name": "Kurt-Tucholsky-Oberschule", "source": "OpenStreetMap/Overpass"}}, {"type": "Feature", "geometry": {"type": "Point", "coordinates": [13.2008533, 52.5429544]}, "properties": {"id": "osm:relation:17790640", "type": "school", "name": "Kant-Gymnasium", "source": "OpenStreetMap/Overpass"}}, {"type": "Feature", "geometry": {"type": "Point", "coordinates": [13.4026641, 52.5831218]}, "properties": {"id": "osm:relation:17804478", "type": "kindergarten", "name": "Kita am Brosepark", "source": "OpenStreetMap/Overpass"}}, {"type": "Feature", "geometry": {"type": "Point", "coordinates": [13.4545324, 52.5238992]}, "properties": {"id": "osm:relation:17826802", "type": "school", "name": "Hausburgschule", "source": "OpenStreetMap/Overpass"}}, {"type": "Feature", "geometry": {"type": "Point", "coordinates": [13.1860664, 52.5104633]}, "properties": {"id": "osm:relation:18770185", "type": "school", "name": "Schule an der Haveldüne", "source": "OpenStreetMap/Overpass"}}, {"type": "Feature", "geometry": {"type": "Point", "coordinates": [13.4358449, 52.5207401]}, "properties": {"id": "osm:relation:19306129", "type": "school", "name": "Spartacus-Grundschule", "source": "OpenStreetMap/Overpass"}}]}
