{"type": "FeatureCollection", "features": [{"type": "Feature", "geometry": {"type": "Point", "coordinates": [6.7932332, 51.2124155]}, "properties": {"id": "osm:node:250212702", "type": "childcare", "name": "Kinderbetreuung", "source": "OpenStreetMap/Overpass"}}, {"type": "Feature", "geometry": {"type": "Point", "coordinates": [6.7969645, 51.2163925]}, "properties": {"id": "osm:node:251058896", "type": "school", "name": "Lessing-Gymnasium", "source": "OpenStreetMap/Overpass"}}, {"type": "Feature", "geometry": {"type": "Point", "coordinates": [6.8880691, 51.1824847]}, "properties": {"id": "osm:node:257767089", "type": "school", "name": "Waldschule", "source": "OpenStreetMap/Overpass"}}, {"type": "Feature", "geometry": {"type": "Point", "coordinates": [6.8773785, 51.1746328]}, "properties": {"id": "osm:node:258079228", "type": "school", "name": "Karl-Tietenberg-Schule", "source": "OpenStreetMap/Overpass"}}, {"type": "Feature", "geometry": {"type": "Point", "coordinates": [6.8716607, 51.18176]}, "properties": {"id": "osm:node:258087990", "type": "kindergarten", "name": "Braunsberger Straße", "source": "OpenStreetMap/Overpass"}}, {"type": "Feature", "geometry": {"type": "Point", "coordinates": [6.9116901, 51.1695643]}, "properties": {"id": "osm:node:258660007", "type": "school", "name": "Paul-Maar-Schule", "source": "OpenStreetMap/Overpass"}}, {"type": "Feature", "geometry": {"type": "Point", "coordinates": [6.8690287, 51.2045286]}, "properties": {"id": "osm:node:266164426", "type": "school", "name": "Waldklassenzimmer", "source": "OpenStreetMap/Overpass"}}, {"type": "Feature", "geometry": {"type": "Point", "coordinates": [6.8930943, 51.1418815]}, "properties": {"id": "osm:node:268808708", "type": "school", "name": "Montessori-Grundschule Emil-Barth-Straße", "source": "OpenStreetMap/Overpass"}}, {"type": "Feature", "geometry": {"type": "Point", "coordinates": [6.8933052, 51.1415205]}, "properties": {"id": "osm:node:268808709", "type": "school", "name": "Hermann-Harry-Schmitz-Weiterbildungskolleg -Abendrealschule", "source": "OpenStreetMap/Overpass"}}, {"type": "Feature", "geometry": {"type": "Point", "coordinates": [6.8334919, 51.2287776]}, "properties": {"id": "osm:node:272405723", "type": "school", "name": "", "source": "OpenStreetMap/Overpass"}}, {"type": "Feature", "geometry": {"type": "Point", "coordinates": [6.692677, 51.2010816]}, "properties": {"id": "osm:node:288011826", "type": "school", "name": "Erzbischöfliches Berufskolleg Neuss", "source": "OpenStreetMap/Overpass"}}, {"type": "Feature", "geometry": {"type": "Point", "coordinates": [6.9339351, 51.1658969]}, "properties": {"id": "osm:node:296249937", "type": "school", "name": "Schule Schulstraße", "source": "OpenStreetMap/Overpass"}}, {"type": "Feature", "geometry": {"type": "Point", "coordinates": [6.8702284, 51.1660023]}, "properties": {"id": "osm:node:298212601", "type": "kindergarten", "name": "Evangelische Tageseinrichtung für Kinder Calvinstraße", "source": "OpenStreetMap/Overpass"}}, {"type": "Feature", "geometry": {"type": "Point", "coordinates": [6.9047051, 51.1415059]}, "properties": {"id": "osm:node:336510891", "type": "kindergarten", "name": "Kits Schatzkiste", "source": "OpenStreetMap/Overpass"}}, {"type": "Feature", "geometry": {"type": "Point", "coordinates": [6.840988, 51.1715241]}, "properties": {"id": "osm:node:339538270", "type": "kindergarten", "name": "Kleine Löwen", "source": "OpenStreetMap/Overpass"}}, {"type": "Feature", "geometry": {"type": "Point", "coordinates": [6.8442569, 51.2008822]}, "properties": {"id": "osm:node:353845715", "type": "kindergarten", "name": "Bonnies Freunde", "source": "OpenStreetMap/Overpass"}}, {"type": "Feature", "geometry": {"type": "Point", "coordinates": [6.7091262, 51.1910961]}, "properties": {"id": "osm:node:355026670", "type": "school", "name": "FOM Neuss", "source": "OpenStreetMap/Overpass"}}, {"type": "Feature", "geometry": {"type": "Point", "coordinates": [6.7831785, 51.1596901]}, "properties": {"id": "osm:node:363482950", "type": "kindergarten", "name": "Ev. Familienzentrum \"Friedensbrücke\"", "source": "OpenStreetMap/Overpass"}}, {"type": "Feature", "geometry": {"type": "Point", "coordinates": [6.8709478, 51.3023044]}, "properties": {"id": "osm:node:366881542", "type": "school", "name": "Albert-Schweitzer-Schule", "source": "OpenStreetMap/Overpass"}}, {"type": "Feature", "geometry": {"type": "Point", "coordinates": [6.9206385, 51.2994408]}, "properties": {"id": "osm:node:368310435", "type": "kindergarten", "name": "Sankt Jacobus der Ältere", "source": "OpenStreetMap/Overpass"}}, {"type": "Feature", "geometry": {"type": "Point", "coordinates": [6.8772264, 51.1612566]}, "properties": {"id": "osm:node:382358837", "type": "childcare", "name": "Wekita", "source": "OpenStreetMap/Overpass"}}, {"type": "Feature", "geometry": {"type": "Point", "coordinates": [6.8074021, 51.2121978]}, "properties": {"id": "osm:node:387524798", "type": "kindergarten", "name": "Land der bunten Zwerge", "source": "OpenStreetMap/Overpass"}}, {"type": "Feature", "geometry": {"type": "Point", "coordinates": [6.8396582, 51.2068489]}, "properties": {"id": "osm:node:406779950", "type": "kindergarten", "name": "Familienzentrum NRW", "source": "OpenStreetMap/Overpass"}}, {"type": "Feature", "geometry": {"type": "Point", "coordinates": [6.8450118, 51.2923907]}, "properties": {"id": "osm:node:436497804", "type": "kindergarten", "name": "Städtische Tageseinrichtubg für Kinder Dürerring 5", "source": "OpenStreetMap/Overpass"}}, {"type": "Feature", "geometry": {"type": "Point", "coordinates": [6.7997703, 51.2368489]}, "properties": {"id": "osm:node:469318942", "type": "kindergarten", "name": "Tageseinrichtung für Kinder - Achenbachstraße 144", "source": "OpenStreetMap/Overpass"}}, {"type": "Feature", "geometry": {"type": "Point", "coordinates": [6.7363625, 51.1609569]}, "properties": {"id": "osm:node:471389311", "type": "school", "name": "Geschwister-Scholl-Grundschule", "source": "OpenStreetMap/Overpass"}}, {"type": "Feature", "geometry": {"type": "Point", "coordinates": [6.7358835, 51.1616871]}, "properties": {"id": "osm:node:471457171", "type": "school", "name": "Geschwister-Scholl-Hauptschule", "source": "OpenStreetMap/Overpass"}}, {"type": "Feature", "geometry": {"type": "Point", "coordinates": [6.8177727, 51.2908689]}, "properties": {"id": "osm:node:489736723", "type": "school", "name": "Astrid-Lindgren-Schule", "source": "OpenStreetMap/Overpass"}}, {"type": "Feature", "geometry": {"type": "Point", "coordinates": [6.8036055, 51.2373958]}, "properties": {"id": "osm:node:520268934", "type": "kindergarten", "name": "Vorkindergarten Froschkönig", "source": "OpenStreetMap/Overpass"}}, {"type": "Feature", "geometry": {"type": "Point", "coordinates": [6.8701039, 51.302236]}, "properties": {"id": "osm:node:566236880", "type": "school", "name": "Ludgerus-Schule", "source": "OpenStreetMap/Overpass"}}, {"type": "Feature", "geometry": {"type": "Point", "coordinates": [6.690217, 51.1820744]}, "properties": {"id": "osm:node:603357509", "type": "school", "name": "Alexander-von-Humboldt-Gymnasium", "source": "OpenStreetMap/Overpass"}}, {"type": "Feature", "geometry": {"type": "Point", "coordinates": [6.6910319, 51.1833595]}, "properties": {"id": "osm:node:603357512", "type": "school", "name": "Comenius-Gesamtschule Städt. Schule der Sekundarstufe I + II", "source": "OpenStreetMap/Overpass"}}, {"type": "Feature", "geometry": {"type": "Point", "coordinates": [6.8260641, 51.2086904]}, "properties": {"id": "osm:node:627831300", "type": "kindergarten", "name": "Kindertagesstätte St. Michael", "source": "OpenStreetMap/Overpass"}}, {"type": "Feature", "geometry": {"type": "Point", "coordinates": [6.8203456, 51.2131718]}, "properties": {"id": "osm:node:640225713", "type": "school", "name": "Deutsche Angestellten-Akademie Düsseldorf", "source": "OpenStreetMap/Overpass"}}, {"type": "Feature", "geometry": {"type": "Point", "coordinates": [6.827469, 51.2623799]}, "properties": {"id": "osm:node:650302431", "type": "kindergarten", "name": "Waldkindergarten Düsseldorf", "source": "OpenStreetMap/Overpass"}}, {"type": "Feature", "geometry": {"type": "Point", "coordinates": [6.8613583, 51.2347223]}, "properties": {"id": "osm:node:660466962", "type": "childcare", "name": "METHIX Storchennest Gerresheim", "source": "OpenStreetMap/Overpass"}}, {"type": "Feature", "geometry": {"type": "Point", "coordinates": [6.7415728, 51.2775996]}, "properties": {"id": "osm:node:727834455", "type": "kindergarten", "name": "Ev. Tageseinrichtung für Kinder", "source": "OpenStreetMap/Overpass"}}, {"type": "Feature", "geometry": {"type": "Point", "coordinates": [6.8633989, 51.1845581]}, "properties": {"id": "osm:node:822156619", "type": "kindergarten", "name": "Familienzentrum In der Donk", "source": "OpenStreetMap/Overpass"}}, {"type": "Feature", "geometry": {"type": "Point", "coordinates": [6.8761148, 51.1800242]}, "properties": {"id": "osm:node:822169819", "type": "kindergarten", "name": "Kindertagesstätte St. Antonius", "source": "OpenStreetMap/Overpass"}}, {"type": "Feature", "geometry": {"type": "Point", "coordinates": [6.8619551, 51.1844978]}, "properties": {"id": "osm:node:863611744", "type": "kindergarten", "name": "Potsdamer Straße", "source": "OpenStreetMap/Overpass"}}, {"type": "Feature", "geometry": {"type": "Point", "coordinates": [6.8706794, 51.17497]}, "properties": {"id": "osm:node:864656716", "type": "kindergarten", "name": "Evangelische Tageseinrichtung für Kinder", "source": "OpenStreetMap/Overpass"}}, {"type": "Feature", "geometry": {"type": "Point", "coordinates": [6.8756514, 51.1780045]}, "properties": {"id": "osm:node:865111850", "type": "school", "name": "KGS Hermann-Gmeiner-Schule", "source": "OpenStreetMap/Overpass"}}, {"type": "Feature", "geometry": {"type": "Point", "coordinates": [6.875136, 51.1783302]}, "properties": {"id": "osm:node:865111902", "type": "school", "name": "GGS Selma Lagerlöf", "source": "OpenStreetMap/Overpass"}}, {"type": "Feature", "geometry": {"type": "Point", "coordinates": [6.8839172, 51.1519901]}, "properties": {"id": "osm:node:873834398", "type": "kindergarten", "name": "Tageseinrichtung für Kinder - Robert-Kratz-Weg", "source": "OpenStreetMap/Overpass"}}, {"type": "Feature", "geometry": {"type": "Point", "coordinates": [6.8337053, 51.2037917]}, "properties": {"id": "osm:node:873874031", "type": "kindergarten", "name": "Tageseinrichtung für Kinder – Annweilerstraße", "source": "OpenStreetMap/Overpass"}}, {"type": "Feature", "geometry": {"type": "Point", "coordinates": [6.8213874, 51.2046482]}, "properties": {"id": "osm:node:873925451", "type": "kindergarten", "name": "Katholische integrative Kindertagesstätte", "source": "OpenStreetMap/Overpass"}}, {"type": "Feature", "geometry": {"type": "Point", "coordinates": [6.8199797, 51.2042714]}, "properties": {"id": "osm:node:873925456", "type": "kindergarten", "name": "Familienzentrum Offenbacher Weg", "source": "OpenStreetMap/Overpass"}}, {"type": "Feature", "geometry": {"type": "Point", "coordinates": [6.8384735, 51.2045206]}, "properties": {"id": "osm:node:873925471", "type": "kindergarten", "name": "Familienzentrum Richardstraße", "source": "OpenStreetMap/Overpass"}}, {"type": "Feature", "geometry": {"type": "Point", "coordinates": [6.8460367, 51.2067443]}, "properties": {"id": "osm:node:873925497", "type": "kindergarten", "name": "Sinti-Kindertagesstätte", "source": "OpenStreetMap/Overpass"}}, {"type": "Feature", "geometry": {"type": "Point", "coordinates": [6.8577121, 51.1758553]}, "properties": {"id": "osm:node:874294064", "type": "kindergarten", "name": "Evangelische Tageseinrichtung für Kinder", "source": "OpenStreetMap/Overpass"}}, {"type": "Feature", "geometry": {"type": "Point", "coordinates": [6.8584929, 51.1781847]}, "properties": {"id": "osm:node:877516680", "type": "kindergarten", "name": "Kita St. Elisabeth", "source": "OpenStreetMap/Overpass"}}, {"type": "Feature", "geometry": {"type": "Point", "coordinates": [6.8537105, 51.2064075]}, "properties": {"id": "osm:node:892845576", "type": "kindergarten", "name": "Familienzentrum Chemnitzer Straße", "source": "OpenStreetMap/Overpass"}}, {"type": "Feature", "geometry": {"type": "Point", "coordinates": [6.8260454, 51.1817167]}, "properties": {"id": "osm:node:911836742", "type": "kindergarten", "name": "Familienzentrum Bewegungskindergarten Reusrather Straße", "source": "OpenStreetMap/Overpass"}}, {"type": "Feature", "geometry": {"type": "Point", "coordinates": [6.8169506, 51.2280772]}, "properties": {"id": "osm:node:927153560", "type": "school", "name": "GGS Flurstraße", "source": "OpenStreetMap/Overpass"}}, {"type": "Feature", "geometry": {"type": "Point", "coordinates": [6.7725002, 51.2285025]}, "properties": {"id": "osm:node:935548781", "type": "kindergarten", "name": "Tageseinrichtung für Kinder - Altestadt", "source": "OpenStreetMap/Overpass"}}, {"type": "Feature", "geometry": {"type": "Point", "coordinates": [6.7742264, 51.226735]}, "properties": {"id": "osm:node:935548792", "type": "kindergarten", "name": "Evangelische Tageseinrichtung für Kinder", "source": "OpenStreetMap/Overpass"}}, {"type": "Feature", "geometry": {"type": "Point", "coordinates": [6.7907432, 51.2244363]}, "properties": {"id": "osm:node:935548807", "type": "kindergarten", "name": "Familienzentrum Klosterstraße", "source": "OpenStreetMap/Overpass"}}, {"type": "Feature", "geometry": {"type": "Point", "coordinates": [6.7843168, 51.2207732]}, "properties": {"id": "osm:node:935559068", "type": "kindergarten", "name": "Fröbelscher Kindergarten", "source": "OpenStreetMap/Overpass"}}, {"type": "Feature", "geometry": {"type": "Point", "coordinates": [6.7901889, 51.2253406]}, "properties": {"id": "osm:node:935570415", "type": "kindergarten", "name": "Tageseinrichtung für Kinder – Hohenzollernstraße", "source": "OpenStreetMap/Overpass"}}, {"type": "Feature", "geometry": {"type": "Point", "coordinates": [6.7976276, 51.2263451]}, "properties": {"id": "osm:node:935602720", "type": "kindergarten", "name": "Tageseinrichtung für Kinder - Kath. Kindertagesstätte St. Elizabeth und Vinzenz", "source": "OpenStreetMap/Overpass"}}, {"type": "Feature", "geometry": {"type": "Point", "coordinates": [6.7928975, 51.2351126]}, "properties": {"id": "osm:node:935602753", "type": "kindergarten", "name": "Tageseinrichtung für Kinder - Die Zaunkönige", "source": "OpenStreetMap/Overpass"}}, {"type": "Feature", "geometry": {"type": "Point", "coordinates": [6.7918364, 51.2336495]}, "properties": {"id": "osm:node:937048378", "type": "kindergarten", "name": "Tageseinrichtung für Kinder - Düsselthaler Straße", "source": "OpenStreetMap/Overpass"}}, {"type": "Feature", "geometry": {"type": "Point", "coordinates": [6.7880904, 51.2418223]}, "properties": {"id": "osm:node:937063014", "type": "kindergarten", "name": "Tageseinrichtung für Kinder - Eulerstraße", "source": "OpenStreetMap/Overpass"}}, {"type": "Feature", "geometry": {"type": "Point", "coordinates": [6.7758226, 51.2388872]}, "properties": {"id": "osm:node:937101155", "type": "kindergarten", "name": "Kath. Kindertagesstätte St. Adolfus", "source": "OpenStreetMap/Overpass"}}, {"type": "Feature", "geometry": {"type": "Point", "coordinates": [6.7819675, 51.2342187]}, "properties": {"id": "osm:node:937151140", "type": "kindergarten", "name": "Tageseinrichtung für Kinder - Sternstraße", "source": "OpenStreetMap/Overpass"}}, {"type": "Feature", "geometry": {"type": "Point", "coordinates": [6.7923278, 51.2334645]}, "properties": {"id": "osm:node:937156894", "type": "kindergarten", "name": "Tageseinrichtung für Kinder - Villa Kunterbunt", "source": "OpenStreetMap/Overpass"}}, {"type": "Feature", "geometry": {"type": "Point", "coordinates": [6.7818553, 51.2478681]}, "properties": {"id": "osm:node:939090999", "type": "kindergarten", "name": "Ev. Tageseinrichtung für Kinder Blumenthalstraße", "source": "OpenStreetMap/Overpass"}}, {"type": "Feature", "geometry": {"type": "Point", "coordinates": [6.767454, 51.2484015]}, "properties": {"id": "osm:node:939109058", "type": "kindergarten", "name": "Familienzentrum Kaiserswerther Straße, Montessori-Kinderhaus", "source": "OpenStreetMap/Overpass"}}, {"type": "Feature", "geometry": {"type": "Point", "coordinates": [6.7701313, 51.2484906]}, "properties": {"id": "osm:node:939117826", "type": "kindergarten", "name": "Tageseinrichtung für Kinder - FH Kindergruppe e.V.", "source": "OpenStreetMap/Overpass"}}, {"type": "Feature", "geometry": {"type": "Point", "coordinates": [6.7796093, 51.2434558]}, "properties": {"id": "osm:node:939123297", "type": "kindergarten", "name": "Tageseinrichtung für Kinder - Kindertagesstätte DreiKäseHoch e.V.", "source": "OpenStreetMap/Overpass"}}, {"type": "Feature", "geometry": {"type": "Point", "coordinates": [6.8064789, 51.2247019]}, "properties": {"id": "osm:node:939429903", "type": "kindergarten", "name": "Ev. Tageseinrichtung für Kinder Langerstraße", "source": "OpenStreetMap/Overpass"}}, {"type": "Feature", "geometry": {"type": "Point", "coordinates": [6.806304, 51.2242901]}, "properties": {"id": "osm:node:939439065", "type": "kindergarten", "name": "Tageseinrichtung für Kinder - Familienzentrum Höherweg", "source": "OpenStreetMap/Overpass"}}, {"type": "Feature", "geometry": {"type": "Point", "coordinates": [6.8062461, 51.2215168]}, "properties": {"id": "osm:node:939446423", "type": "kindergarten", "name": "Familienzentrum und KiTa kleine freiheit e.V.", "source": "OpenStreetMap/Overpass"}}, {"type": "Feature", "geometry": {"type": "Point", "coordinates": [6.8294015, 51.2360142]}, "properties": {"id": "osm:node:940032677", "type": "kindergarten", "name": "METRO Sternchen 1", "source": "OpenStreetMap/Overpass"}}, {"type": "Feature", "geometry": {"type": "Point", "coordinates": [6.8001573, 51.2392447]}, "properties": {"id": "osm:node:940183107", "type": "kindergarten", "name": "Tageseinrichtung für Kinder - Evangelische Kindertagesstätte Weseler Straße", "source": "OpenStreetMap/Overpass"}}, {"type": "Feature", "geometry": {"type": "Point", "coordinates": [6.8186532, 51.2434447]}, "properties": {"id": "osm:node:940192449", "type": "kindergarten", "name": "Tageseinrichtung für Kinder - Altdorferstraße", "source": "OpenStreetMap/Overpass"}}, {"type": "Feature", "geometry": {"type": "Point", "coordinates": [6.8128873, 51.2332995]}, "properties": {"id": "osm:node:940198100", "type": "kindergarten", "name": "Anna-Siemens-Kindertagesstätte Familienzentrum NRW", "source": "OpenStreetMap/Overpass"}}, {"type": "Feature", "geometry": {"type": "Point", "coordinates": [6.7952262, 51.2479283]}, "properties": {"id": "osm:node:940545229", "type": "kindergarten", "name": "AWO Familienzentrum / Kindertagesstätte Pusteblume", "source": "OpenStreetMap/Overpass"}}, {"type": "Feature", "geometry": {"type": "Point", "coordinates": [6.8169432, 51.2391174]}, "properties": {"id": "osm:node:941711783", "type": "kindergarten", "name": "Tageseinrichtung für Kinder – Kindertagesstätte Wuppnub e.V.", "source": "OpenStreetMap/Overpass"}}, {"type": "Feature", "geometry": {"type": "Point", "coordinates": [6.8046334, 51.2354973]}, "properties": {"id": "osm:node:941752157", "type": "kindergarten", "name": "Tageseinrichtung für Kinder – Paulusplatz", "source": "OpenStreetMap/Overpass"}}, {"type": "Feature", "geometry": {"type": "Point", "coordinates": [6.8666888, 51.1848943]}, "properties": {"id": "osm:node:970652405", "type": "kindergarten", "name": "Rathenower Straße", "source": "OpenStreetMap/Overpass"}}, {"type": "Feature", "geometry": {"type": "Point", "coordinates": [6.799285, 51.2173039]}, "properties": {"id": "osm:node:971876995", "type": "kindergarten", "name": "Tageseinrichtung für Kinder – Stahlwerkstraße", "source": "OpenStreetMap/Overpass"}}, {"type": "Feature", "geometry": {"type": "Point", "coordinates": [6.7989417, 51.2177697]}, "properties": {"id": "osm:node:971876997", "type": "kindergarten", "name": "Familienzentrum Velberter Straße", "source": "OpenStreetMap/Overpass"}}, {"type": "Feature", "geometry": {"type": "Point", "coordinates": [6.799374, 51.2176901]}, "properties": {"id": "osm:node:971876999", "type": "kindergarten", "name": "Jugendfreizeiteinrichtung V24", "source": "OpenStreetMap/Overpass"}}, {"type": "Feature", "geometry": {"type": "Point", "coordinates": [6.7953451, 51.2143536]}, "properties": {"id": "osm:node:971939971", "type": "kindergarten", "name": "Tageseinrichtung für Kinder – Siemensstraße", "source": "OpenStreetMap/Overpass"}}, {"type": "Feature", "geometry": {"type": "Point", "coordinates": [6.8027488, 51.2105179]}, "properties": {"id": "osm:node:971971496", "type": "kindergarten", "name": "Tageseinrichtung für Kinder – Schmiedestraße", "source": "OpenStreetMap/Overpass"}}, {"type": "Feature", "geometry": {"type": "Point", "coordinates": [6.7994971, 51.2157753]}, "properties": {"id": "osm:node:972046007", "type": "kindergarten", "name": "Tageseinrichtung für Kinder – Höhenstraße 20", "source": "OpenStreetMap/Overpass"}}, {"type": "Feature", "geometry": {"type": "Point", "coordinates": [6.7979457, 51.211619]}, "properties": {"id": "osm:node:972046023", "type": "kindergarten", "name": "Tageseinrichtung für Kinder – Borsigstraße", "source": "OpenStreetMap/Overpass"}}, {"type": "Feature", "geometry": {"type": "Point", "coordinates": [6.804338, 51.2133382]}, "properties": {"id": "osm:node:972046031", "type": "kindergarten", "name": "DRK-Tageseinrichtung für Kinder – Wirbelwind", "source": "OpenStreetMap/Overpass"}}, {"type": "Feature", "geometry": {"type": "Point", "coordinates": [6.8593288, 51.2054924]}, "properties": {"id": "osm:node:972688318", "type": "kindergarten", "name": "Tageseinrichtung für Kinder – Pirolstraße", "source": "OpenStreetMap/Overpass"}}, {"type": "Feature", "geometry": {"type": "Point", "coordinates": [6.7795375, 51.2094875]}, "properties": {"id": "osm:node:973495939", "type": "kindergarten", "name": "Familienzentrum Weberstraße", "source": "OpenStreetMap/Overpass"}}, {"type": "Feature", "geometry": {"type": "Point", "coordinates": [6.7798345, 51.2145315]}, "properties": {"id": "osm:node:973497882", "type": "kindergarten", "name": "Tageseinrichtung für Kinder – Fürstenwall 186a", "source": "OpenStreetMap/Overpass"}}, {"type": "Feature", "geometry": {"type": "Point", "coordinates": [6.7876383, 51.2136133]}, "properties": {"id": "osm:node:973524999", "type": "kindergarten", "name": "Katholische Kita St. Antonius", "source": "OpenStreetMap/Overpass"}}, {"type": "Feature", "geometry": {"type": "Point", "coordinates": [6.7643446, 51.216246]}, "properties": {"id": "osm:node:973541817", "type": "kindergarten", "name": "Tageseinrichtung für Kinder - Fürstenwall", "source": "OpenStreetMap/Overpass"}}, {"type": "Feature", "geometry": {"type": "Point", "coordinates": [6.7621082, 51.2118285]}, "properties": {"id": "osm:node:973546989", "type": "kindergarten", "name": "Katholischer Kindergarten St. Martin", "source": "OpenStreetMap/Overpass"}}, {"type": "Feature", "geometry": {"type": "Point", "coordinates": [6.7593064, 51.2137]}, "properties": {"id": "osm:node:973565394", "type": "kindergarten", "name": "Tageseinrichtung für Kinder - Löwenherz", "source": "OpenStreetMap/Overpass"}}, {"type": "Feature", "geometry": {"type": "Point", "coordinates": [6.7587891, 51.185105]}, "properties": {"id": "osm:node:973575672", "type": "kindergarten", "name": "Familienzentrum Viehfahrtsweg 2", "source": "OpenStreetMap/Overpass"}}, {"type": "Feature", "geometry": {"type": "Point", "coordinates": [6.7761049, 51.2072368]}, "properties": {"id": "osm:node:973598271", "type": "kindergarten", "name": "Die Wawuschels", "source": "OpenStreetMap/Overpass"}}, {"type": "Feature", "geometry": {"type": "Point", "coordinates": [6.7744232, 51.2065021]}, "properties": {"id": "osm:node:973613098", "type": "kindergarten", "name": "Tageseinrichtung für Kinder - Die Wawuschels", "source": "OpenStreetMap/Overpass"}}, {"type": "Feature", "geometry": {"type": "Point", "coordinates": [6.7782824, 51.1965493]}, "properties": {"id": "osm:node:973638130", "type": "kindergarten", "name": "Kath. Kindertagesstätte St. Ludger", "source": "OpenStreetMap/Overpass"}}, {"type": "Feature", "geometry": {"type": "Point", "coordinates": [6.7823012, 51.2044263]}, "properties": {"id": "osm:node:973645034", "type": "kindergarten", "name": "Kindertagesstätte St. Suitbertus", "source": "OpenStreetMap/Overpass"}}, {"type": "Feature", "geometry": {"type": "Point", "coordinates": [6.7848881, 51.2066844]}, "properties": {"id": "osm:node:973648383", "type": "kindergarten", "name": "KiTa-Kinderladen e.V., Gurlittstraße 8", "source": "OpenStreetMap/Overpass"}}, {"type": "Feature", "geometry": {"type": "Point", "coordinates": [6.7644448, 51.2079538]}, "properties": {"id": "osm:node:973675624", "type": "childcare", "name": "Bilker Rotznasen", "source": "OpenStreetMap/Overpass"}}, {"type": "Feature", "geometry": {"type": "Point", "coordinates": [6.7639921, 51.2018135]}, "properties": {"id": "osm:node:973721218", "type": "kindergarten", "name": "Tageseinrichtung für Kinder - Urmel", "source": "OpenStreetMap/Overpass"}}, {"type": "Feature", "geometry": {"type": "Point", "coordinates": [6.7829882, 51.1942749]}, "properties": {"id": "osm:node:973855939", "type": "kindergarten", "name": "Kindertagesstätte Kindergruppe 10 e.V.", "source": "OpenStreetMap/Overpass"}}, {"type": "Feature", "geometry": {"type": "Point", "coordinates": [6.7552452, 51.2281907]}, "properties": {"id": "osm:node:973855969", "type": "kindergarten", "name": "Evangelische Tageseinrichtung für Kinder / Familienzentrum", "source": "OpenStreetMap/Overpass"}}, {"type": "Feature", "geometry": {"type": "Point", "coordinates": [6.7551815, 51.2306428]}, "properties": {"id": "osm:node:973861530", "type": "kindergarten", "name": "Katholische Tageseinrichtung für Kinder – St. Antonius", "source": "OpenStreetMap/Overpass"}}, {"type": "Feature", "geometry": {"type": "Point", "coordinates": [6.7555266, 51.230312]}, "properties": {"id": "osm:node:973866657", "type": "kindergarten", "name": "Tageseinrichtung für Kinder – Oberkasseler Straße", "source": "OpenStreetMap/Overpass"}}, {"type": "Feature", "geometry": {"type": "Point", "coordinates": [6.7372916, 51.2386849]}, "properties": {"id": "osm:node:973871648", "type": "kindergarten", "name": "Tageseinrichtung für Kinder – Pastor-Busch-Weg 7", "source": "OpenStreetMap/Overpass"}}, {"type": "Feature", "geometry": {"type": "Point", "coordinates": [6.7106754, 51.232963]}, "properties": {"id": "osm:node:973881741", "type": "kindergarten", "name": "Tageseinrichtung für Kinder - Aldekerkstraße", "source": "OpenStreetMap/Overpass"}}, {"type": "Feature", "geometry": {"type": "Point", "coordinates": [6.7218416, 51.2303841]}, "properties": {"id": "osm:node:973943952", "type": "kindergarten", "name": "Kindertagesstätte St. Benediktus", "source": "OpenStreetMap/Overpass"}}, {"type": "Feature", "geometry": {"type": "Point", "coordinates": [6.7405007, 51.2431443]}, "properties": {"id": "osm:node:973955474", "type": "kindergarten", "name": "Milchzahnkiste", "source": "OpenStreetMap/Overpass"}}, {"type": "Feature", "geometry": {"type": "Point", "coordinates": [6.7545471, 51.2365977]}, "properties": {"id": "osm:node:974015235", "type": "kindergarten", "name": "Buntstifte-Kindergarten", "source": "OpenStreetMap/Overpass"}}, {"type": "Feature", "geometry": {"type": "Point", "coordinates": [6.7617261, 51.264236]}, "properties": {"id": "osm:node:974445595", "type": "kindergarten", "name": "Kath. Montessori-Tageseinrichtung für Kinder Heilige Familie", "source": "OpenStreetMap/Overpass"}}, {"type": "Feature", "geometry": {"type": "Point", "coordinates": [6.7338058, 51.2989575]}, "properties": {"id": "osm:node:974456187", "type": "kindergarten", "name": "Tageseinrichtung für Kinder - An St. Swidbert 68/70", "source": "OpenStreetMap/Overpass"}}, {"type": "Feature", "geometry": {"type": "Point", "coordinates": [6.7461479, 51.300119]}, "properties": {"id": "osm:node:974467855", "type": "kindergarten", "name": "Evangelische Tageseinrichtung für Kinder", "source": "OpenStreetMap/Overpass"}}, {"type": "Feature", "geometry": {"type": "Point", "coordinates": [6.7373093, 51.3023726]}, "properties": {"id": "osm:node:974478832", "type": "kindergarten", "name": "Integrative Tageseinrichtung für Kinder Fliednerstraße", "source": "OpenStreetMap/Overpass"}}, {"type": "Feature", "geometry": {"type": "Point", "coordinates": [6.7481895, 51.3182548]}, "properties": {"id": "osm:node:974875147", "type": "kindergarten", "name": "Familienzentrum Heinrich-Holtschneider-Weg", "source": "OpenStreetMap/Overpass"}}, {"type": "Feature", "geometry": {"type": "Point", "coordinates": [6.7396598, 51.3203248]}, "properties": {"id": "osm:node:974894855", "type": "kindergarten", "name": "Kath. Tagesstätte St. Remigius", "source": "OpenStreetMap/Overpass"}}, {"type": "Feature", "geometry": {"type": "Point", "coordinates": [6.7349903, 51.3263841]}, "properties": {"id": "osm:node:974901294", "type": "kindergarten", "name": "Tageseinrichtung für Kinder - Wittlaerer Kirchweg", "source": "OpenStreetMap/Overpass"}}, {"type": "Feature", "geometry": {"type": "Point", "coordinates": [6.7860949, 51.3364845]}, "properties": {"id": "osm:node:974923667", "type": "kindergarten", "name": "Tageseinrichtung für Kinder - Angeraue", "source": "OpenStreetMap/Overpass"}}, {"type": "Feature", "geometry": {"type": "Point", "coordinates": [6.7954691, 51.2816052]}, "properties": {"id": "osm:node:974969690", "type": "kindergarten", "name": "Familienzentrum Volkardeyer Weg", "source": "OpenStreetMap/Overpass"}}, {"type": "Feature", "geometry": {"type": "Point", "coordinates": [6.794539, 51.284858]}, "properties": {"id": "osm:node:974980016", "type": "kindergarten", "name": "Katholische Kindertagesstätte St. Maria Königin", "source": "OpenStreetMap/Overpass"}}, {"type": "Feature", "geometry": {"type": "Point", "coordinates": [6.7828788, 51.2775337]}, "properties": {"id": "osm:node:975050353", "type": "kindergarten", "name": "Tageseinrichtung für Kinder - Am Walbert", "source": "OpenStreetMap/Overpass"}}, {"type": "Feature", "geometry": {"type": "Point", "coordinates": [6.7812398, 51.2711068]}, "properties": {"id": "osm:node:975073625", "type": "kindergarten", "name": "Tageseinrichtung für Kinder - Cloppenburger Weg", "source": "OpenStreetMap/Overpass"}}, {"type": "Feature", "geometry": {"type": "Point", "coordinates": [6.7821868, 51.2749641]}, "properties": {"id": "osm:node:975101092", "type": "kindergarten", "name": "Evangelische Integrative Tageseinrichtung für Kinder", "source": "OpenStreetMap/Overpass"}}, {"type": "Feature", "geometry": {"type": "Point", "coordinates": [6.7919079, 51.2732475]}, "properties": {"id": "osm:node:975148304", "type": "kindergarten", "name": "Integrative Kindertagesstätte Papst Johannes", "source": "OpenStreetMap/Overpass"}}, {"type": "Feature", "geometry": {"type": "Point", "coordinates": [6.7730917, 51.2674645]}, "properties": {"id": "osm:node:975925212", "type": "kindergarten", "name": "Kindertagesstätte flic flac e.V.", "source": "OpenStreetMap/Overpass"}}, {"type": "Feature", "geometry": {"type": "Point", "coordinates": [6.7759278, 51.2665766]}, "properties": {"id": "osm:node:975945080", "type": "kindergarten", "name": "Tageseinrichtung für Kinder - Oldenburger Straße 6", "source": "OpenStreetMap/Overpass"}}, {"type": "Feature", "geometry": {"type": "Point", "coordinates": [6.8330736, 51.2742719]}, "properties": {"id": "osm:node:975962665", "type": "kindergarten", "name": "Tageseinrichtung für Kinder - Davidstraße", "source": "OpenStreetMap/Overpass"}}, {"type": "Feature", "geometry": {"type": "Point", "coordinates": [6.824522, 51.2644405]}, "properties": {"id": "osm:node:975975104", "type": "kindergarten", "name": "Ev. Familienzentrum", "source": "OpenStreetMap/Overpass"}}, {"type": "Feature", "geometry": {"type": "Point", "coordinates": [6.8212991, 51.2578197]}, "properties": {"id": "osm:node:976481262", "type": "kindergarten", "name": "Familienzentrum Dülmener Weg", "source": "OpenStreetMap/Overpass"}}, {"type": "Feature", "geometry": {"type": "Point", "coordinates": [6.797755, 51.265373]}, "properties": {"id": "osm:node:976482789", "type": "kindergarten", "name": "Familienzentrum Lünener Straße", "source": "OpenStreetMap/Overpass"}}, {"type": "Feature", "geometry": {"type": "Point", "coordinates": [6.8145142, 51.2581242]}, "properties": {"id": "osm:node:976492415", "type": "kindergarten", "name": "Familienzentrum Sankt-Franziskus-Straße 175", "source": "OpenStreetMap/Overpass"}}, {"type": "Feature", "geometry": {"type": "Point", "coordinates": [6.8060767, 51.2626718]}, "properties": {"id": "osm:node:976493998", "type": "kindergarten", "name": "Katholische Kindertagesstätte", "source": "OpenStreetMap/Overpass"}}, {"type": "Feature", "geometry": {"type": "Point", "coordinates": [6.8233847, 51.2708299]}, "properties": {"id": "osm:node:976500805", "type": "kindergarten", "name": "Tageseinrichtung für Kinder - Liliencronstraße 63", "source": "OpenStreetMap/Overpass"}}, {"type": "Feature", "geometry": {"type": "Point", "coordinates": [6.8250932, 51.2675427]}, "properties": {"id": "osm:node:976502453", "type": "kindergarten", "name": "Tageseinrichtung für Kinder - Rather Markt 2a", "source": "OpenStreetMap/Overpass"}}, {"type": "Feature", "geometry": {"type": "Point", "coordinates": [6.8095474, 51.2642716]}, "properties": {"id": "osm:node:976503799", "type": "kindergarten", "name": "Tageseinrichtung für Kinder - Sonnenhaus", "source": "OpenStreetMap/Overpass"}}, {"type": "Feature", "geometry": {"type": "Point", "coordinates": [6.813158, 51.2541229]}, "properties": {"id": "osm:node:976509443", "type": "kindergarten", "name": "Tageseinrichtung für Kinder - Erwin-Rommel-Straße", "source": "OpenStreetMap/Overpass"}}, {"type": "Feature", "geometry": {"type": "Point", "coordinates": [6.8066441, 51.2488303]}, "properties": {"id": "osm:node:976511179", "type": "kindergarten", "name": "Ev. Tageseinrichtung für Kinder der Diakonie Düsseldorf", "source": "OpenStreetMap/Overpass"}}, {"type": "Feature", "geometry": {"type": "Point", "coordinates": [6.8044232, 51.2511257]}, "properties": {"id": "osm:node:976512419", "type": "kindergarten", "name": "Kindertagesstätte St. Franziskus-Xaverius", "source": "OpenStreetMap/Overpass"}}, {"type": "Feature", "geometry": {"type": "Point", "coordinates": [6.8041801, 51.2605649]}, "properties": {"id": "osm:node:976514916", "type": "kindergarten", "name": "Tageseinrichtung für Kinder - Scheffelstraße", "source": "OpenStreetMap/Overpass"}}, {"type": "Feature", "geometry": {"type": "Point", "coordinates": [6.8636604, 51.2171825]}, "properties": {"id": "osm:node:976531133", "type": "kindergarten", "name": "Tageseinrichtung für Kinder - Am Eulenthal 5", "source": "OpenStreetMap/Overpass"}}, {"type": "Feature", "geometry": {"type": "Point", "coordinates": [6.8631964, 51.2273246]}, "properties": {"id": "osm:node:976533186", "type": "kindergarten", "name": "Diakonie Familienzentrum Vereinsstraße", "source": "OpenStreetMap/Overpass"}}, {"type": "Feature", "geometry": {"type": "Point", "coordinates": [6.8462334, 51.2307375]}, "properties": {"id": "osm:node:976535518", "type": "kindergarten", "name": "Rudolf Steiner Kindergarten", "source": "OpenStreetMap/Overpass"}}, {"type": "Feature", "geometry": {"type": "Point", "coordinates": [6.8720924, 51.2247705]}, "properties": {"id": "osm:node:976547069", "type": "kindergarten", "name": "DRK-Tageseinrichtung für Kinder – Wiesenwichtel", "source": "OpenStreetMap/Overpass"}}, {"type": "Feature", "geometry": {"type": "Point", "coordinates": [6.8621026, 51.2174456]}, "properties": {"id": "osm:node:976645557", "type": "kindergarten", "name": "Familienzentrum Katharinenstraße", "source": "OpenStreetMap/Overpass"}}, {"type": "Feature", "geometry": {"type": "Point", "coordinates": [6.8663423, 51.2177448]}, "properties": {"id": "osm:node:976729359", "type": "kindergarten", "name": "Lillavilla", "source": "OpenStreetMap/Overpass"}}, {"type": "Feature", "geometry": {"type": "Point", "coordinates": [6.8267335, 51.2402733]}, "properties": {"id": "osm:node:976737940", "type": "kindergarten", "name": "Kindergarten Ursulinchen", "source": "OpenStreetMap/Overpass"}}, {"type": "Feature", "geometry": {"type": "Point", "coordinates": [6.8313607, 51.242022]}, "properties": {"id": "osm:node:976749358", "type": "kindergarten", "name": "Tageseinrichtung für Kinder - Bismarckweg 3", "source": "OpenStreetMap/Overpass"}}, {"type": "Feature", "geometry": {"type": "Point", "coordinates": [6.8738865, 51.2663366]}, "properties": {"id": "osm:node:976777986", "type": "kindergarten", "name": "Katholische Kindertagesstätte St. Cäcilia", "source": "OpenStreetMap/Overpass"}}, {"type": "Feature", "geometry": {"type": "Point", "coordinates": [6.8309353, 51.2097514]}, "properties": {"id": "osm:node:976783782", "type": "kindergarten", "name": "Kindertagesstätte der Ev. Lukaskirchengemeinde", "source": "OpenStreetMap/Overpass"}}, {"type": "Feature", "geometry": {"type": "Point", "coordinates": [6.8270637, 51.2071759]}, "properties": {"id": "osm:node:976785116", "type": "kindergarten", "name": "Zaubersterne", "source": "OpenStreetMap/Overpass"}}, {"type": "Feature", "geometry": {"type": "Point", "coordinates": [6.8370751, 51.2143386]}, "properties": {"id": "osm:node:976790249", "type": "kindergarten", "name": "Tageseinrichtung für Kinder – Posener Straße", "source": "OpenStreetMap/Overpass"}}, {"type": "Feature", "geometry": {"type": "Point", "coordinates": [6.8170479, 51.2136038]}, "properties": {"id": "osm:node:976797624", "type": "kindergarten", "name": "Tageseinrichtung für Kinder - Sternschnuppe", "source": "OpenStreetMap/Overpass"}}, {"type": "Feature", "geometry": {"type": "Point", "coordinates": [6.8308681, 51.1790539]}, "properties": {"id": "osm:node:982315013", "type": "kindergarten", "name": "Familienzentrum Villa Hügelchen Bewegungskindergarten", "source": "OpenStreetMap/Overpass"}}, {"type": "Feature", "geometry": {"type": "Point", "coordinates": [6.8344069, 51.1732611]}, "properties": {"id": "osm:node:982324414", "type": "kindergarten", "name": "Tageseinrichtung für Kinder - Gerda Henkel", "source": "OpenStreetMap/Overpass"}}, {"type": "Feature", "geometry": {"type": "Point", "coordinates": [6.8307067, 51.1782385]}, "properties": {"id": "osm:node:982335790", "type": "kindergarten", "name": "Kita Hinter den Höfen", "source": "OpenStreetMap/Overpass"}}, {"type": "Feature", "geometry": {"type": "Point", "coordinates": [6.8302781, 51.1747159]}, "properties": {"id": "osm:node:982340838", "type": "kindergarten", "name": "Katholische Tageseinrichtung für Kinder Sankt Joseph", "source": "OpenStreetMap/Overpass"}}, {"type": "Feature", "geometry": {"type": "Point", "coordinates": [6.9085562, 51.1542491]}, "properties": {"id": "osm:node:982452371", "type": "kindergarten", "name": "Waldkindergarten Waldkobolde Düsseldorf-Süd e.V.", "source": "OpenStreetMap/Overpass"}}, {"type": "Feature", "geometry": {"type": "Point", "coordinates": [6.8621815, 51.2160062]}, "properties": {"id": "osm:node:983514520", "type": "school", "name": "Georg-Schulhoff-Realschule", "source": "OpenStreetMap/Overpass"}}, {"type": "Feature", "geometry": {"type": "Point", "coordinates": [6.862386, 51.2163477]}, "properties": {"id": "osm:node:983514533", "type": "school", "name": "Franz-Boehm-Schule", "source": "OpenStreetMap/Overpass"}}, {"type": "Feature", "geometry": {"type": "Point", "coordinates": [6.8114207, 51.1988234]}, "properties": {"id": "osm:node:1043829817", "type": "school", "name": "Joseph-Beuys-Gesamtschule", "source": "OpenStreetMap/Overpass"}}, {"type": "Feature", "geometry": {"type": "Point", "coordinates": [6.7872021, 51.223346]}, "properties": {"id": "osm:node:1054204768", "type": "kindergarten", "name": "Kita-TuB-Zwerge", "source": "OpenStreetMap/Overpass"}}, {"type": "Feature", "geometry": {"type": "Point", "coordinates": [6.787093, 51.2231826]}, "properties": {"id": "osm:node:1054204893", "type": "kindergarten", "name": "KiTa Kleiner Elefant", "source": "OpenStreetMap/Overpass"}}, {"type": "Feature", "geometry": {"type": "Point", "coordinates": [6.6897139, 51.183797]}, "properties": {"id": "osm:node:1073876171", "type": "school", "name": "Comenius-Gesamtschule Städt. Schule der Sekundarstufe I + II", "source": "OpenStreetMap/Overpass"}}, {"type": "Feature", "geometry": {"type": "Point", "coordinates": [6.8144787, 51.1902116]}, "properties": {"id": "osm:node:1125003777", "type": "school", "name": "Henri-Dunant-Schule", "source": "OpenStreetMap/Overpass"}}, {"type": "Feature", "geometry": {"type": "Point", "coordinates": [6.8139499, 51.1901343]}, "properties": {"id": "osm:node:1135766517", "type": "school", "name": "KGS Marien-Schule", "source": "OpenStreetMap/Overpass"}}, {"type": "Feature", "geometry": {"type": "Point", "coordinates": [6.7971092, 51.229011]}, "properties": {"id": "osm:node:1191233983", "type": "kindergarten", "name": "Kindergarten Mobile", "source": "OpenStreetMap/Overpass"}}, {"type": "Feature", "geometry": {"type": "Point", "coordinates": [6.7720919, 51.2192476]}, "properties": {"id": "osm:node:1191234002", "type": "kindergarten", "name": "Kindertagesstätte Pünktchen und Anton", "source": "OpenStreetMap/Overpass"}}, {"type": "Feature", "geometry": {"type": "Point", "coordinates": [6.8413286, 51.1982464]}, "properties": {"id": "osm:node:1271949311", "type": "kindergarten", "name": "Kath. Familienzentrum Eller-Lierenfeld Kita St. Gertrud", "source": "OpenStreetMap/Overpass"}}, {"type": "Feature", "geometry": {"type": "Point", "coordinates": [6.8311617, 51.2066457]}, "properties": {"id": "osm:node:1272956894", "type": "kindergarten", "name": "Kleiner Planet", "source": "OpenStreetMap/Overpass"}}, {"type": "Feature", "geometry": {"type": "Point", "coordinates": [6.785397, 51.2092653]}, "properties": {"id": "osm:node:1300506227", "type": "kindergarten", "name": "Diakonie Kindergarten", "source": "OpenStreetMap/Overpass"}}, {"type": "Feature", "geometry": {"type": "Point", "coordinates": [6.9324836, 51.1736373]}, "properties": {"id": "osm:node:1313345825", "type": "kindergarten", "name": "Rappelkiste", "source": "OpenStreetMap/Overpass"}}, {"type": "Feature", "geometry": {"type": "Point", "coordinates": [6.9339995, 51.1657366]}, "properties": {"id": "osm:node:1313345846", "type": "kindergarten", "name": "Mäusenest", "source": "OpenStreetMap/Overpass"}}, {"type": "Feature", "geometry": {"type": "Point", "coordinates": [6.7148091, 51.3155006]}, "properties": {"id": "osm:node:1352232930", "type": "kindergarten", "name": "Städtischer Kindergarten \"Mullewapp\"", "source": "OpenStreetMap/Overpass"}}, {"type": "Feature", "geometry": {"type": "Point", "coordinates": [6.8213078, 51.1836969]}, "properties": {"id": "osm:node:1357467085", "type": "childcare", "name": "Schnullerkette", "source": "OpenStreetMap/Overpass"}}, {"type": "Feature", "geometry": {"type": "Point", "coordinates": [6.8203058, 51.1855026]}, "properties": {"id": "osm:node:1357489932", "type": "childcare", "name": "Kinderzimmer Wersten", "source": "OpenStreetMap/Overpass"}}, {"type": "Feature", "geometry": {"type": "Point", "coordinates": [6.8281119, 51.1855963]}, "properties": {"id": "osm:node:1357515646", "type": "childcare", "name": "Bunter Garten", "source": "OpenStreetMap/Overpass"}}, {"type": "Feature", "geometry": {"type": "Point", "coordinates": [6.8651661, 51.3008758]}, "properties": {"id": "osm:node:1535508811", "type": "kindergarten", "name": "Städtischer Kindergarten Klompenkamp", "source": "OpenStreetMap/Overpass"}}, {"type": "Feature", "geometry": {"type": "Point", "coordinates": [6.8100536, 51.1998488]}, "properties": {"id": "osm:node:1557899944", "type": "school", "name": "Elly-Heuss-Knapp-Schule", "source": "OpenStreetMap/Overpass"}}, {"type": "Feature", "geometry": {"type": "Point", "coordinates": [6.7789531, 51.1978848]}, "properties": {"id": "osm:node:1565347936", "type": "kindergarten", "name": "Montessori-Kinderhaus", "source": "OpenStreetMap/Overpass"}}, {"type": "Feature", "geometry": {"type": "Point", "coordinates": [6.7930436, 51.2458684]}, "properties": {"id": "osm:node:1567485560", "type": "school", "name": "Volkshochschule", "source": "OpenStreetMap/Overpass"}}, {"type": "Feature", "geometry": {"type": "Point", "coordinates": [6.7841193, 51.206096]}, "properties": {"id": "osm:node:1572056091", "type": "kindergarten", "name": "Tageseinrichtung für Kinder - Gurlittstraße", "source": "OpenStreetMap/Overpass"}}, {"type": "Feature", "geometry": {"type": "Point", "coordinates": [6.8075057, 51.26246]}, "properties": {"id": "osm:node:1573001198", "type": "school", "name": "Städtische Grundschule am Rather Kreuzweg", "source": "OpenStreetMap/Overpass"}}, {"type": "Feature", "geometry": {"type": "Point", "coordinates": [6.8081349, 51.2627573]}, "properties": {"id": "osm:node:1581032951", "type": "school", "name": "Städtische Katholische Offene Ganztagsgrundschule Rather Kreuzweg", "source": "OpenStreetMap/Overpass"}}, {"type": "Feature", "geometry": {"type": "Point", "coordinates": [6.8043805, 51.2358566]}, "properties": {"id": "osm:node:1587533630", "type": "school", "name": "Städtische Katholische Grundschule", "source": "OpenStreetMap/Overpass"}}, {"type": "Feature", "geometry": {"type": "Point", "coordinates": [6.8089469, 51.246856]}, "properties": {"id": "osm:node:1602652014", "type": "kindergarten", "name": "", "source": "OpenStreetMap/Overpass"}}, {"type": "Feature", "geometry": {"type": "Point", "coordinates": [6.8009783, 51.2393336]}, "properties": {"id": "osm:node:1614652105", "type": "kindergarten", "name": "Sportsgeister", "source": "OpenStreetMap/Overpass"}}, {"type": "Feature", "geometry": {"type": "Point", "coordinates": [6.8680342, 51.1648603]}, "properties": {"id": "osm:node:1639715403", "type": "childcare", "name": "BEngelchen", "source": "OpenStreetMap/Overpass"}}, {"type": "Feature", "geometry": {"type": "Point", "coordinates": [6.84181, 51.2746607]}, "properties": {"id": "osm:node:1720987807", "type": "school", "name": "Noah's Ark - English Preschool", "source": "OpenStreetMap/Overpass"}}, {"type": "Feature", "geometry": {"type": "Point", "coordinates": [6.8087602, 51.2120234]}, "properties": {"id": "osm:node:1748309910", "type": "kindergarten", "name": "Rappelkiste e.V.", "source": "OpenStreetMap/Overpass"}}, {"type": "Feature", "geometry": {"type": "Point", "coordinates": [6.8287671, 51.3368042]}, "properties": {"id": "osm:node:1779503072", "type": "kindergarten", "name": "Kindertagespflege KaSa Alegria", "source": "OpenStreetMap/Overpass"}}, {"type": "Feature", "geometry": {"type": "Point", "coordinates": [6.8079946, 51.1741316]}, "properties": {"id": "osm:node:1784694951", "type": "kindergarten", "name": "Kinderhaus Am Scheitenweg", "source": "OpenStreetMap/Overpass"}}, {"type": "Feature", "geometry": {"type": "Point", "coordinates": [6.722925, 51.2445177]}, "properties": {"id": "osm:node:1821126262", "type": "kindergarten", "name": "Kinderforum e.V.", "source": "OpenStreetMap/Overpass"}}, {"type": "Feature", "geometry": {"type": "Point", "coordinates": [6.9140756, 51.2214579]}, "properties": {"id": "osm:node:1833061447", "type": "kindergarten", "name": "Johannes der Täufer - Kindergarten ( katholisch)", "source": "OpenStreetMap/Overpass"}}, {"type": "Feature", "geometry": {"type": "Point", "coordinates": [6.7995919, 51.2164391]}, "properties": {"id": "osm:node:1871496277", "type": "school", "name": "Katholische Grundschule Höhenstraße", "source": "OpenStreetMap/Overpass"}}, {"type": "Feature", "geometry": {"type": "Point", "coordinates": [6.8738641, 51.2668298]}, "properties": {"id": "osm:node:1917490865", "type": "kindergarten", "name": "Evangelische Kindertagesstätte Am Türmchen", "source": "OpenStreetMap/Overpass"}}, {"type": "Feature", "geometry": {"type": "Point", "coordinates": [6.8084457, 51.1795874]}, "properties": {"id": "osm:node:2024127804", "type": "kindergarten", "name": "Grosstagespflege U3", "source": "OpenStreetMap/Overpass"}}, {"type": "Feature", "geometry": {"type": "Point", "coordinates": [6.8328432, 51.2288802]}, "properties": {"id": "osm:node:2287988981", "type": "kindergarten", "name": "", "source": "OpenStreetMap/Overpass"}}, {"type": "Feature", "geometry": {"type": "Point", "coordinates": [6.7850246, 51.2239704]}, "properties": {"id": "osm:node:2370921949", "type": "kindergarten", "name": "Vorkindergarten Froschkönig – Marienstraße", "source": "OpenStreetMap/Overpass"}}, {"type": "Feature", "geometry": {"type": "Point", "coordinates": [6.8183583, 51.2466365]}, "properties": {"id": "osm:node:2502026374", "type": "kindergarten", "name": "DRK-Kindertagesstätte Löwenstark", "source": "OpenStreetMap/Overpass"}}, {"type": "Feature", "geometry": {"type": "Point", "coordinates": [6.7352614, 51.1526964]}, "properties": {"id": "osm:node:2543291050", "type": "school", "name": "KUMON Lerncenter", "source": "OpenStreetMap/Overpass"}}, {"type": "Feature", "geometry": {"type": "Point", "coordinates": [6.8549523, 51.3018909]}, "properties": {"id": "osm:node:2866174169", "type": "kindergarten", "name": "Waldorfkindergarten Rafael e.V.", "source": "OpenStreetMap/Overpass"}}, {"type": "Feature", "geometry": {"type": "Point", "coordinates": [6.844458, 51.2933027]}, "properties": {"id": "osm:node:2925888835", "type": "school", "name": "Suitbertusschule", "source": "OpenStreetMap/Overpass"}}, {"type": "Feature", "geometry": {"type": "Point", "coordinates": [6.7753421, 51.2462319]}, "properties": {"id": "osm:node:2959857297", "type": "kindergarten", "name": "Tageseinrichtung für Kinder - Hans-Böckler-Straße, integrativer Sprachheilkindergarten", "source": "OpenStreetMap/Overpass"}}, {"type": "Feature", "geometry": {"type": "Point", "coordinates": [6.8202567, 51.2442117]}, "properties": {"id": "osm:node:2989820304", "type": "kindergarten", "name": "Evangelische Tageseinrichtung für Kinder", "source": "OpenStreetMap/Overpass"}}, {"type": "Feature", "geometry": {"type": "Point", "coordinates": [6.7845509, 51.2440686]}, "properties": {"id": "osm:node:3011240411", "type": "school", "name": "Städtische katholische Grundschule", "source": "OpenStreetMap/Overpass"}}, {"type": "Feature", "geometry": {"type": "Point", "coordinates": [6.7779664, 51.2513606]}, "properties": {"id": "osm:node:3021613857", "type": "kindergarten", "name": "Kindertagesstätte Kindertraum", "source": "OpenStreetMap/Overpass"}}, {"type": "Feature", "geometry": {"type": "Point", "coordinates": [6.8091484, 51.2239678]}, "properties": {"id": "osm:node:3067669707", "type": "kindergarten", "name": "Katholische Tageseinrichtung für Kinder St. Vinzenz", "source": "OpenStreetMap/Overpass"}}, {"type": "Feature", "geometry": {"type": "Point", "coordinates": [6.8157666, 51.2283784]}, "properties": {"id": "osm:node:3070544027", "type": "kindergarten", "name": "Tageseinrichtung für Kinder - Flurstraße 57", "source": "OpenStreetMap/Overpass"}}, {"type": "Feature", "geometry": {"type": "Point", "coordinates": [6.8254732, 51.2342497]}, "properties": {"id": "osm:node:3070860366", "type": "kindergarten", "name": "METRO Sternchen 3", "source": "OpenStreetMap/Overpass"}}, {"type": "Feature", "geometry": {"type": "Point", "coordinates": [6.8286562, 51.2358584]}, "properties": {"id": "osm:node:3070860367", "type": "kindergarten", "name": "Metro Sternchen 2", "source": "OpenStreetMap/Overpass"}}, {"type": "Feature", "geometry": {"type": "Point", "coordinates": [6.7096023, 51.1912798]}, "properties": {"id": "osm:node:3074798979", "type": "school", "name": "BTI Neuss", "source": "OpenStreetMap/Overpass"}}, {"type": "Feature", "geometry": {"type": "Point", "coordinates": [6.8651454, 51.2586025]}, "properties": {"id": "osm:node:3189815541", "type": "kindergarten", "name": "Familienzentrum Hülsmeyerstraße", "source": "OpenStreetMap/Overpass"}}, {"type": "Feature", "geometry": {"type": "Point", "coordinates": [6.7724895, 51.2147535]}, "properties": {"id": "osm:node:3253376409", "type": "kindergarten", "name": "Katholische Kindertagesstätte St. Peter", "source": "OpenStreetMap/Overpass"}}, {"type": "Feature", "geometry": {"type": "Point", "coordinates": [6.7649964, 51.2149446]}, "properties": {"id": "osm:node:3254922683", "type": "kindergarten", "name": "kinderladen", "source": "OpenStreetMap/Overpass"}}, {"type": "Feature", "geometry": {"type": "Point", "coordinates": [6.7406338, 51.2064626]}, "properties": {"id": "osm:node:3265886941", "type": "childcare", "name": "Kath. Kita St. Blasius", "source": "OpenStreetMap/Overpass"}}, {"type": "Feature", "geometry": {"type": "Point", "coordinates": [6.7780058, 51.2130385]}, "properties": {"id": "osm:node:3324259194", "type": "kindergarten", "name": "Kath. KiTa & Hort St. Peter", "source": "OpenStreetMap/Overpass"}}, {"type": "Feature", "geometry": {"type": "Point", "coordinates": [6.8009946, 51.191236]}, "properties": {"id": "osm:node:3392234544", "type": "kindergarten", "name": "Kindertagesstätte Grashüpfer", "source": "OpenStreetMap/Overpass"}}, {"type": "Feature", "geometry": {"type": "Point", "coordinates": [6.793698, 51.2030497]}, "properties": {"id": "osm:node:3410008474", "type": "kindergarten", "name": "Städtische Kindertagesstätte – Brinckmannstraße", "source": "OpenStreetMap/Overpass"}}, {"type": "Feature", "geometry": {"type": "Point", "coordinates": [6.7933064, 51.2030079]}, "properties": {"id": "osm:node:3410010390", "type": "kindergarten", "name": "Kindertagesstätte „Kumulus“", "source": "OpenStreetMap/Overpass"}}, {"type": "Feature", "geometry": {"type": "Point", "coordinates": [6.7884858, 51.2033391]}, "properties": {"id": "osm:node:3464880923", "type": "kindergarten", "name": "Tageseinrichtung für Kinder – Brinckmannstraße, Förderzentrum", "source": "OpenStreetMap/Overpass"}}, {"type": "Feature", "geometry": {"type": "Point", "coordinates": [6.7818605, 51.1274]}, "properties": {"id": "osm:node:3622158644", "type": "school", "name": "Henri-Dunant-Schule", "source": "OpenStreetMap/Overpass"}}, {"type": "Feature", "geometry": {"type": "Point", "coordinates": [6.7818113, 51.1275921]}, "properties": {"id": "osm:node:3622158645", "type": "kindergarten", "name": "Lernhaus Bunte Wolke", "source": "OpenStreetMap/Overpass"}}, {"type": "Feature", "geometry": {"type": "Point", "coordinates": [6.8172245, 51.1678089]}, "properties": {"id": "osm:node:3633191575", "type": "kindergarten", "name": "Kindertagesstätte Zentrum Kind e.V.", "source": "OpenStreetMap/Overpass"}}, {"type": "Feature", "geometry": {"type": "Point", "coordinates": [6.7362163, 51.2746486]}, "properties": {"id": "osm:node:3660829756", "type": "kindergarten", "name": "Städtisches Montessori-Kinderhaus", "source": "OpenStreetMap/Overpass"}}, {"type": "Feature", "geometry": {"type": "Point", "coordinates": [6.7473103, 51.3017094]}, "properties": {"id": "osm:node:3673750527", "type": "school", "name": "Liddy-Dörr-Haus", "source": "OpenStreetMap/Overpass"}}, {"type": "Feature", "geometry": {"type": "Point", "coordinates": [6.8577696, 51.164898]}, "properties": {"id": "osm:node:3897285389", "type": "school", "name": "Realschule Benrath", "source": "OpenStreetMap/Overpass"}}, {"type": "Feature", "geometry": {"type": "Point", "coordinates": [6.855498, 51.1647294]}, "properties": {"id": "osm:node:3897285390", "type": "school", "name": "Schloß-Gymnasium Benrath", "source": "OpenStreetMap/Overpass"}}, {"type": "Feature", "geometry": {"type": "Point", "coordinates": [6.869061, 51.1673597]}, "properties": {"id": "osm:node:3897297699", "type": "school", "name": "Gemeinschaftsgrundschule Schloss Benrath", "source": "OpenStreetMap/Overpass"}}, {"type": "Feature", "geometry": {"type": "Point", "coordinates": [6.8691268, 51.1669347]}, "properties": {"id": "osm:node:3897297700", "type": "school", "name": "Katholische Grundschule St. Cäcilia", "source": "OpenStreetMap/Overpass"}}, {"type": "Feature", "geometry": {"type": "Point", "coordinates": [6.7071055, 51.2373727]}, "properties": {"id": "osm:node:3961603480", "type": "kindergarten", "name": "AWO Kita \"Am Ökotop Heerdt\"", "source": "OpenStreetMap/Overpass"}}, {"type": "Feature", "geometry": {"type": "Point", "coordinates": [6.7804315, 51.3290947]}, "properties": {"id": "osm:node:4080775937", "type": "kindergarten", "name": "Kindergarten Regenbogen", "source": "OpenStreetMap/Overpass"}}, {"type": "Feature", "geometry": {"type": "Point", "coordinates": [6.7893159, 51.2485435]}, "properties": {"id": "osm:node:4125564561", "type": "childcare", "name": "Großstadtpflege Bambini", "source": "OpenStreetMap/Overpass"}}, {"type": "Feature", "geometry": {"type": "Point", "coordinates": [6.8279279, 51.1870164]}, "properties": {"id": "osm:node:4266941960", "type": "childcare", "name": "\"Die Arche\" christliches Kinder- und Jugendwerk e.V.", "source": "OpenStreetMap/Overpass"}}, {"type": "Feature", "geometry": {"type": "Point", "coordinates": [6.796272, 51.2095476]}, "properties": {"id": "osm:node:4278896211", "type": "kindergarten", "name": "Kindertagesstätte St. Raphael e.V.", "source": "OpenStreetMap/Overpass"}}, {"type": "Feature", "geometry": {"type": "Point", "coordinates": [6.8291001, 51.2085301]}, "properties": {"id": "osm:node:4323198096", "type": "kindergarten", "name": "Bärchenhöhle 2", "source": "OpenStreetMap/Overpass"}}, {"type": "Feature", "geometry": {"type": "Point", "coordinates": [6.8366248, 51.2037597]}, "properties": {"id": "osm:node:4329495102", "type": "kindergarten", "name": "Bärchenhöhle", "source": "OpenStreetMap/Overpass"}}, {"type": "Feature", "geometry": {"type": "Point", "coordinates": [6.8185486, 51.1916536]}, "properties": {"id": "osm:node:4364880946", "type": "kindergarten", "name": "Düsselkinder", "source": "OpenStreetMap/Overpass"}}, {"type": "Feature", "geometry": {"type": "Point", "coordinates": [6.8286239, 51.3424253]}, "properties": {"id": "osm:node:4375650986", "type": "school", "name": "Elsa-Brandström-Schule", "source": "OpenStreetMap/Overpass"}}, {"type": "Feature", "geometry": {"type": "Point", "coordinates": [6.8289913, 51.3425761]}, "properties": {"id": "osm:node:4375650988", "type": "school", "name": "Adam-Josef-Cüppers-Berufskolleg Dépendance Lintorf", "source": "OpenStreetMap/Overpass"}}, {"type": "Feature", "geometry": {"type": "Point", "coordinates": [6.8442991, 51.2963224]}, "properties": {"id": "osm:node:4414457025", "type": "school", "name": "Minoritenschule", "source": "OpenStreetMap/Overpass"}}, {"type": "Feature", "geometry": {"type": "Point", "coordinates": [6.8138329, 51.2196882]}, "properties": {"id": "osm:node:4439806289", "type": "school", "name": "IST-Studieninstitut", "source": "OpenStreetMap/Overpass"}}, {"type": "Feature", "geometry": {"type": "Point", "coordinates": [6.8811141, 51.1746903]}, "properties": {"id": "osm:node:4481694941", "type": "childcare", "name": "Kindertagesstätte Am Wald", "source": "OpenStreetMap/Overpass"}}, {"type": "Feature", "geometry": {"type": "Point", "coordinates": [6.857004, 51.1781836]}, "properties": {"id": "osm:node:4704365824", "type": "childcare", "name": "Alkita Zwergenland", "source": "OpenStreetMap/Overpass"}}, {"type": "Feature", "geometry": {"type": "Point", "coordinates": [6.7589033, 51.2558613]}, "properties": {"id": "osm:node:4733127420", "type": "kindergarten", "name": "Evangelische Tageseinrichtung für Kinder - Tersteegenstraße", "source": "OpenStreetMap/Overpass"}}, {"type": "Feature", "geometry": {"type": "Point", "coordinates": [6.7799684, 51.2472084]}, "properties": {"id": "osm:node:4733136432", "type": "kindergarten", "name": "Katholische Kindertagesstätte Sankt Michael", "source": "OpenStreetMap/Overpass"}}, {"type": "Feature", "geometry": {"type": "Point", "coordinates": [6.783678, 51.2351053]}, "properties": {"id": "osm:node:4733177972", "type": "kindergarten", "name": "Tageseinrichtung für Kinder - Evangelisches Familienzentrum Kreuzkirche der Diakonie", "source": "OpenStreetMap/Overpass"}}, {"type": "Feature", "geometry": {"type": "Point", "coordinates": [6.7881549, 51.2415667]}, "properties": {"id": "osm:node:4733187041", "type": "kindergarten", "name": "Tageseinrichtung für Kinder - KID e.V.", "source": "OpenStreetMap/Overpass"}}, {"type": "Feature", "geometry": {"type": "Point", "coordinates": [6.7889137, 51.3314067]}, "properties": {"id": "osm:node:4733685486", "type": "kindergarten", "name": "Kath. Kindertagesstätte St. Agnes", "source": "OpenStreetMap/Overpass"}}, {"type": "Feature", "geometry": {"type": "Point", "coordinates": [6.7530674, 51.3139139]}, "properties": {"id": "osm:node:4733693335", "type": "kindergarten", "name": "Ev. Kindertagesstätte an der Graf Recke Kirche", "source": "OpenStreetMap/Overpass"}}, {"type": "Feature", "geometry": {"type": "Point", "coordinates": [6.754901, 51.3132311]}, "properties": {"id": "osm:node:4733847274", "type": "kindergarten", "name": "Evangelische Kindertagesstätte im Walter-Kobold-Haus", "source": "OpenStreetMap/Overpass"}}, {"type": "Feature", "geometry": {"type": "Point", "coordinates": [6.7468785, 51.3021909]}, "properties": {"id": "osm:node:4733863258", "type": "kindergarten", "name": "Tageseinrichtung für Kinder - Kreuzbergstraße 61", "source": "OpenStreetMap/Overpass"}}, {"type": "Feature", "geometry": {"type": "Point", "coordinates": [6.7917733, 51.2808092]}, "properties": {"id": "osm:node:4734107227", "type": "kindergarten", "name": "Kinder und Eltern e.V.", "source": "OpenStreetMap/Overpass"}}, {"type": "Feature", "geometry": {"type": "Point", "coordinates": [6.8137878, 51.2576792]}, "properties": {"id": "osm:node:4734161220", "type": "kindergarten", "name": "Familienzentrum Sankt-Franziskus-Straße 157", "source": "OpenStreetMap/Overpass"}}, {"type": "Feature", "geometry": {"type": "Point", "coordinates": [6.799355, 51.2613693]}, "properties": {"id": "osm:node:4734194707", "type": "kindergarten", "name": "Tageseinrichtung für Kinder - Zaunkönigweg", "source": "OpenStreetMap/Overpass"}}, {"type": "Feature", "geometry": {"type": "Point", "coordinates": [6.7892478, 51.2632144]}, "properties": {"id": "osm:node:4734207078", "type": "kindergarten", "name": "Daimler Kindertagesstätte Sternchen", "source": "OpenStreetMap/Overpass"}}, {"type": "Feature", "geometry": {"type": "Point", "coordinates": [6.8257322, 51.228192]}, "properties": {"id": "osm:node:4734301243", "type": "kindergarten", "name": "Tageseinrichtung für Kinder - Ilna Wunderwald", "source": "OpenStreetMap/Overpass"}}, {"type": "Feature", "geometry": {"type": "Point", "coordinates": [6.7406709, 51.2064907]}, "properties": {"id": "osm:node:4737580373", "type": "kindergarten", "name": "Katholische Kindertagesstätte St. Blasius", "source": "OpenStreetMap/Overpass"}}, {"type": "Feature", "geometry": {"type": "Point", "coordinates": [6.7581025, 51.2152459]}, "properties": {"id": "osm:node:4737596733", "type": "kindergarten", "name": "Familienzentrum Lippestraße", "source": "OpenStreetMap/Overpass"}}, {"type": "Feature", "geometry": {"type": "Point", "coordinates": [6.7729837, 51.2012909]}, "properties": {"id": "osm:node:4737622590", "type": "kindergarten", "name": "Ev. Kindertagesstätte der Diakonie in Düsseldorf", "source": "OpenStreetMap/Overpass"}}, {"type": "Feature", "geometry": {"type": "Point", "coordinates": [6.8073433, 51.2084406]}, "properties": {"id": "osm:node:4737650373", "type": "childcare", "name": "Locomotion-Kids", "source": "OpenStreetMap/Overpass"}}, {"type": "Feature", "geometry": {"type": "Point", "coordinates": [6.7952482, 51.1930968]}, "properties": {"id": "osm:node:4737678723", "type": "kindergarten", "name": "Familienzentrum Kleine Strolche", "source": "OpenStreetMap/Overpass"}}, {"type": "Feature", "geometry": {"type": "Point", "coordinates": [6.747547, 51.2391853]}, "properties": {"id": "osm:node:4742967850", "type": "kindergarten", "name": "Japanischer Kindergarten e.V.", "source": "OpenStreetMap/Overpass"}}, {"type": "Feature", "geometry": {"type": "Point", "coordinates": [6.7180364, 51.2327575]}, "properties": {"id": "osm:node:4742984639", "type": "kindergarten", "name": "Waldorf Kindergarten Sonnenwiege Heerdt e.V.", "source": "OpenStreetMap/Overpass"}}, {"type": "Feature", "geometry": {"type": "Point", "coordinates": [6.8724459, 51.225134]}, "properties": {"id": "osm:node:4744905555", "type": "kindergarten", "name": "Waldorfkindergarten Goldberg", "source": "OpenStreetMap/Overpass"}}, {"type": "Feature", "geometry": {"type": "Point", "coordinates": [6.8565973, 51.2169303]}, "properties": {"id": "osm:node:4745198053", "type": "kindergarten", "name": "Förderungszentrum für Kinder Gothaer Weg", "source": "OpenStreetMap/Overpass"}}, {"type": "Feature", "geometry": {"type": "Point", "coordinates": [6.8988314, 51.2026951]}, "properties": {"id": "osm:node:4745248641", "type": "kindergarten", "name": "Katholische Kindertageseinrichtung St. Mariä Himmelfahrt", "source": "OpenStreetMap/Overpass"}}, {"type": "Feature", "geometry": {"type": "Point", "coordinates": [6.9012642, 51.2033831]}, "properties": {"id": "osm:node:4745274013", "type": "kindergarten", "name": "Tageseinrichtung für Kinder - Gerresheimer Landstraße", "source": "OpenStreetMap/Overpass"}}, {"type": "Feature", "geometry": {"type": "Point", "coordinates": [6.7788693, 51.2135064]}, "properties": {"id": "osm:node:4769140411", "type": "kindergarten", "name": "Stadtverwaltung Düsseldorf Gesundheitsamt Tagesstätte", "source": "OpenStreetMap/Overpass"}}, {"type": "Feature", "geometry": {"type": "Point", "coordinates": [6.7790594, 51.2140775]}, "properties": {"id": "osm:node:4769140635", "type": "kindergarten", "name": "", "source": "OpenStreetMap/Overpass"}}, {"type": "Feature", "geometry": {"type": "Point", "coordinates": [6.8195261, 51.2334797]}, "properties": {"id": "osm:node:4770371613", "type": "kindergarten", "name": "Haus der kleinen Leute", "source": "OpenStreetMap/Overpass"}}, {"type": "Feature", "geometry": {"type": "Point", "coordinates": [6.8198209, 51.2344461]}, "properties": {"id": "osm:node:4770805095", "type": "kindergarten", "name": "Haus der kleinen Leute", "source": "OpenStreetMap/Overpass"}}, {"type": "Feature", "geometry": {"type": "Point", "coordinates": [6.7754962, 51.215149]}, "properties": {"id": "osm:node:4779863689", "type": "kindergarten", "name": "Wekita", "source": "OpenStreetMap/Overpass"}}, {"type": "Feature", "geometry": {"type": "Point", "coordinates": [6.7607711, 51.2083085]}, "properties": {"id": "osm:node:4782910747", "type": "kindergarten", "name": "Hoteli Grosstagespflege", "source": "OpenStreetMap/Overpass"}}, {"type": "Feature", "geometry": {"type": "Point", "coordinates": [6.7647317, 51.2112677]}, "properties": {"id": "osm:node:4782912404", "type": "kindergarten", "name": "Wekita", "source": "OpenStreetMap/Overpass"}}, {"type": "Feature", "geometry": {"type": "Point", "coordinates": [6.7677057, 51.2140154]}, "properties": {"id": "osm:node:4784152700", "type": "kindergarten", "name": "Bambini", "source": "OpenStreetMap/Overpass"}}, {"type": "Feature", "geometry": {"type": "Point", "coordinates": [6.8104268, 51.1978833]}, "properties": {"id": "osm:node:4794000776", "type": "kindergarten", "name": "Montessori-Kinderhaus Don Bosco", "source": "OpenStreetMap/Overpass"}}, {"type": "Feature", "geometry": {"type": "Point", "coordinates": [6.8126429, 51.1919569]}, "properties": {"id": "osm:node:4794033599", "type": "kindergarten", "name": "Tageseinrichtung für Kinder - Regenbogen", "source": "OpenStreetMap/Overpass"}}, {"type": "Feature", "geometry": {"type": "Point", "coordinates": [6.8151218, 51.1897522]}, "properties": {"id": "osm:node:4794040001", "type": "kindergarten", "name": "Ev. Kindertagesstätte Wiesdorfer Straße", "source": "OpenStreetMap/Overpass"}}, {"type": "Feature", "geometry": {"type": "Point", "coordinates": [6.8254782, 51.1880749]}, "properties": {"id": "osm:node:4794057094", "type": "kindergarten", "name": "Tageseinrichtung für Kinder - Opladener Straße", "source": "OpenStreetMap/Overpass"}}, {"type": "Feature", "geometry": {"type": "Point", "coordinates": [6.8135091, 51.1837234]}, "properties": {"id": "osm:node:4794090549", "type": "kindergarten", "name": "Tageseinrichtung für Kinder - St. Maria in den Benden", "source": "OpenStreetMap/Overpass"}}, {"type": "Feature", "geometry": {"type": "Point", "coordinates": [6.8187338, 51.1810751]}, "properties": {"id": "osm:node:4794093590", "type": "kindergarten", "name": "Kindertagesstätte „Abenteuerland“", "source": "OpenStreetMap/Overpass"}}, {"type": "Feature", "geometry": {"type": "Point", "coordinates": [6.8095823, 51.1791029]}, "properties": {"id": "osm:node:4794096309", "type": "kindergarten", "name": "Heilpädagogisch-Integrative Kindertagesstätte", "source": "OpenStreetMap/Overpass"}}, {"type": "Feature", "geometry": {"type": "Point", "coordinates": [6.8083104, 51.17873]}, "properties": {"id": "osm:node:4794098011", "type": "kindergarten", "name": "Tageseinrichtung für Kinder – Otto-Hahn-Straße", "source": "OpenStreetMap/Overpass"}}, {"type": "Feature", "geometry": {"type": "Point", "coordinates": [6.816229, 51.1875432]}, "properties": {"id": "osm:node:4794113201", "type": "kindergarten", "name": "Tageseinrichtung für Kinder - Cronenburg", "source": "OpenStreetMap/Overpass"}}, {"type": "Feature", "geometry": {"type": "Point", "coordinates": [6.8055575, 51.1690869]}, "properties": {"id": "osm:node:4794117592", "type": "kindergarten", "name": "Tageseinrichtung für Kinder - Maikammer 18", "source": "OpenStreetMap/Overpass"}}, {"type": "Feature", "geometry": {"type": "Point", "coordinates": [6.861914, 51.1781422]}, "properties": {"id": "osm:node:4794148809", "type": "kindergarten", "name": "Tageseinrichtung für Kinder – Buchenstraße", "source": "OpenStreetMap/Overpass"}}, {"type": "Feature", "geometry": {"type": "Point", "coordinates": [6.8753978, 51.1626696]}, "properties": {"id": "osm:node:4794931150", "type": "kindergarten", "name": "St. Cäcilia II", "source": "OpenStreetMap/Overpass"}}, {"type": "Feature", "geometry": {"type": "Point", "coordinates": [6.8836548, 51.1634159]}, "properties": {"id": "osm:node:4794992574", "type": "kindergarten", "name": "Balckestraße", "source": "OpenStreetMap/Overpass"}}, {"type": "Feature", "geometry": {"type": "Point", "coordinates": [6.8710534, 51.1532061]}, "properties": {"id": "osm:node:4795025627", "type": "childcare", "name": "Großtagespflege Die Wurzelkinder", "source": "OpenStreetMap/Overpass"}}, {"type": "Feature", "geometry": {"type": "Point", "coordinates": [6.8640988, 51.1455012]}, "properties": {"id": "osm:node:4795074952", "type": "kindergarten", "name": "Plenty 4 Pänz", "source": "OpenStreetMap/Overpass"}}, {"type": "Feature", "geometry": {"type": "Point", "coordinates": [6.8884908, 51.1486154]}, "properties": {"id": "osm:node:4796145637", "type": "kindergarten", "name": "Kita Koblenzer Straße 123", "source": "OpenStreetMap/Overpass"}}, {"type": "Feature", "geometry": {"type": "Point", "coordinates": [6.9038732, 51.1462699]}, "properties": {"id": "osm:node:4796210715", "type": "kindergarten", "name": "Familienzentrum Carl-Friedrich-Goerdeler-Straße", "source": "OpenStreetMap/Overpass"}}, {"type": "Feature", "geometry": {"type": "Point", "coordinates": [6.9093128, 51.1309006]}, "properties": {"id": "osm:node:4796280016", "type": "kindergarten", "name": "Montessori-Kinderhaus St. Matthäus", "source": "OpenStreetMap/Overpass"}}, {"type": "Feature", "geometry": {"type": "Point", "coordinates": [6.7948894, 51.2110564]}, "properties": {"id": "osm:node:4836106531", "type": "childcare", "name": "Amal's Abenteuerland", "source": "OpenStreetMap/Overpass"}}, {"type": "Feature", "geometry": {"type": "Point", "coordinates": [6.7231034, 51.2451243]}, "properties": {"id": "osm:node:4856350777", "type": "kindergarten", "name": "Katholische Kindertagesstätte St. Maria, Hilfe der Christen", "source": "OpenStreetMap/Overpass"}}, {"type": "Feature", "geometry": {"type": "Point", "coordinates": [6.7850956, 51.1976082]}, "properties": {"id": "osm:node:5182071155", "type": "kindergarten", "name": "Wekita", "source": "OpenStreetMap/Overpass"}}, {"type": "Feature", "geometry": {"type": "Point", "coordinates": [6.7853216, 51.231868]}, "properties": {"id": "osm:node:5260880028", "type": "kindergarten", "name": "Storchennester", "source": "OpenStreetMap/Overpass"}}, {"type": "Feature", "geometry": {"type": "Point", "coordinates": [6.8443708, 51.1973898]}, "properties": {"id": "osm:node:5485340343", "type": "kindergarten", "name": "Ev. Kindertagesstätte", "source": "OpenStreetMap/Overpass"}}, {"type": "Feature", "geometry": {"type": "Point", "coordinates": [6.8455379, 51.1971081]}, "properties": {"id": "osm:node:5485340345", "type": "kindergarten", "name": "AWO Kita Schatzkiste", "source": "OpenStreetMap/Overpass"}}, {"type": "Feature", "geometry": {"type": "Point", "coordinates": [6.8205756, 51.2388346]}, "properties": {"id": "osm:node:5570701606", "type": "kindergarten", "name": "Kindertagesstätte Vorstadtkrokodile", "source": "OpenStreetMap/Overpass"}}, {"type": "Feature", "geometry": {"type": "Point", "coordinates": [6.8631745, 51.1637098]}, "properties": {"id": "osm:node:5731878651", "type": "childcare", "name": "Funkenflug", "source": "OpenStreetMap/Overpass"}}, {"type": "Feature", "geometry": {"type": "Point", "coordinates": [6.792804, 51.2214099]}, "properties": {"id": "osm:node:5810457058", "type": "school", "name": "Goethe-Institut Düsseldorf", "source": "OpenStreetMap/Overpass"}}, {"type": "Feature", "geometry": {"type": "Point", "coordinates": [6.7853692, 51.2471256]}, "properties": {"id": "osm:node:6170651602", "type": "kindergarten", "name": "Integrative Kindertagesstätte Spichernstraße der Lebenshilfe Düsseldorf", "source": "OpenStreetMap/Overpass"}}, {"type": "Feature", "geometry": {"type": "Point", "coordinates": [6.7854752, 51.2490177]}, "properties": {"id": "osm:node:6170662052", "type": "kindergarten", "name": "Städtische Kindertageseinrichtung - Metzer Straße", "source": "OpenStreetMap/Overpass"}}, {"type": "Feature", "geometry": {"type": "Point", "coordinates": [6.8046731, 51.2076228]}, "properties": {"id": "osm:node:6170701449", "type": "kindergarten", "name": "Kita im Volksgarten", "source": "OpenStreetMap/Overpass"}}, {"type": "Feature", "geometry": {"type": "Point", "coordinates": [6.7457007, 51.2391985]}, "properties": {"id": "osm:node:6170780597", "type": "kindergarten", "name": "Ekō-Kindergarten", "source": "OpenStreetMap/Overpass"}}, {"type": "Feature", "geometry": {"type": "Point", "coordinates": [6.7377815, 51.2391431]}, "properties": {"id": "osm:node:6170786563", "type": "kindergarten", "name": "Katholische Kindertagesstätte Christus König", "source": "OpenStreetMap/Overpass"}}, {"type": "Feature", "geometry": {"type": "Point", "coordinates": [6.7382093, 51.1611101]}, "properties": {"id": "osm:node:6468613323", "type": "kindergarten", "name": "Villa Pinguin", "source": "OpenStreetMap/Overpass"}}, {"type": "Feature", "geometry": {"type": "Point", "coordinates": [6.8120277, 51.229562]}, "properties": {"id": "osm:node:6483974446", "type": "kindergarten", "name": "wekita GmbH", "source": "OpenStreetMap/Overpass"}}, {"type": "Feature", "geometry": {"type": "Point", "coordinates": [6.7090858, 51.1906863]}, "properties": {"id": "osm:node:6736918648", "type": "school", "name": "BTI Neuss", "source": "OpenStreetMap/Overpass"}}, {"type": "Feature", "geometry": {"type": "Point", "coordinates": [6.7782444, 51.2038768]}, "properties": {"id": "osm:node:7039528957", "type": "school", "name": "Walter-Eucken-Berufskolleg", "source": "OpenStreetMap/Overpass"}}, {"type": "Feature", "geometry": {"type": "Point", "coordinates": [6.7782534, 51.2032128]}, "properties": {"id": "osm:node:7039528958", "type": "school", "name": "Max-Weber-Berufskolleg", "source": "OpenStreetMap/Overpass"}}, {"type": "Feature", "geometry": {"type": "Point", "coordinates": [6.8540995, 51.2904308]}, "properties": {"id": "osm:node:7142829615", "type": "kindergarten", "name": "Evangelischer Kindergarten Talstraße", "source": "OpenStreetMap/Overpass"}}, {"type": "Feature", "geometry": {"type": "Point", "coordinates": [6.8302084, 51.2842715]}, "properties": {"id": "osm:node:7142945933", "type": "kindergarten", "name": "Caritas-Kindergarten und Familienzentrum Meygner Busch", "source": "OpenStreetMap/Overpass"}}, {"type": "Feature", "geometry": {"type": "Point", "coordinates": [6.8201548, 51.2977771]}, "properties": {"id": "osm:node:7149857207", "type": "kindergarten", "name": "KiTa Daimlerstraße", "source": "OpenStreetMap/Overpass"}}, {"type": "Feature", "geometry": {"type": "Point", "coordinates": [6.7836513, 51.2401909]}, "properties": {"id": "osm:node:7940033490", "type": "school", "name": "Max-Weber-Berufskolleg (Außenstelle)", "source": "OpenStreetMap/Overpass"}}, {"type": "Feature", "geometry": {"type": "Point", "coordinates": [6.797584, 51.2162198]}, "properties": {"id": "osm:node:7940033494", "type": "school", "name": "Lessing-Berufskolleg", "source": "OpenStreetMap/Overpass"}}, {"type": "Feature", "geometry": {"type": "Point", "coordinates": [6.7799019, 51.1961392]}, "properties": {"id": "osm:node:7970982315", "type": "school", "name": "Rudolf-Hildebrand-Schule", "source": "OpenStreetMap/Overpass"}}, {"type": "Feature", "geometry": {"type": "Point", "coordinates": [6.7691821, 51.2679115]}, "properties": {"id": "osm:node:7971021820", "type": "school", "name": "St. Bruno-Schule", "source": "OpenStreetMap/Overpass"}}, {"type": "Feature", "geometry": {"type": "Point", "coordinates": [6.7684324, 51.2682782]}, "properties": {"id": "osm:node:7971021827", "type": "school", "name": "Elsa-Brandström-Schule", "source": "OpenStreetMap/Overpass"}}, {"type": "Feature", "geometry": {"type": "Point", "coordinates": [6.7886955, 51.2138998]}, "properties": {"id": "osm:node:8003809285", "type": "childcare", "name": "Friedrich Kinder", "source": "OpenStreetMap/Overpass"}}, {"type": "Feature", "geometry": {"type": "Point", "coordinates": [6.8521113, 51.2387392]}, "properties": {"id": "osm:node:8255819573", "type": "kindergarten", "name": "Ev. Tageseinrichtung für Kinder Apostelplatz", "source": "OpenStreetMap/Overpass"}}, {"type": "Feature", "geometry": {"type": "Point", "coordinates": [6.7570828, 51.2118752]}, "properties": {"id": "osm:node:8277784563", "type": "childcare", "name": "wekita", "source": "OpenStreetMap/Overpass"}}, {"type": "Feature", "geometry": {"type": "Point", "coordinates": [6.857732, 51.234659]}, "properties": {"id": "osm:node:8294922954", "type": "school", "name": "Kuhler Klang", "source": "OpenStreetMap/Overpass"}}, {"type": "Feature", "geometry": {"type": "Point", "coordinates": [6.6920597, 51.1991821]}, "properties": {"id": "osm:node:8438382820", "type": "childcare", "name": "Kath. Tageseinrichtung für Kinder St.Quirin", "source": "OpenStreetMap/Overpass"}}, {"type": "Feature", "geometry": {"type": "Point", "coordinates": [6.7790469, 51.1962308]}, "properties": {"id": "osm:node:8518260587", "type": "school", "name": "Martin-Luther Schule", "source": "OpenStreetMap/Overpass"}}, {"type": "Feature", "geometry": {"type": "Point", "coordinates": [6.789363, 51.3502627]}, "properties": {"id": "osm:node:8626202487", "type": "kindergarten", "name": "Die Gartenzwerge e.V.", "source": "OpenStreetMap/Overpass"}}, {"type": "Feature", "geometry": {"type": "Point", "coordinates": [6.8331086, 51.2097276]}, "properties": {"id": "osm:node:8626515977", "type": "childcare", "name": "glückstaler", "source": "OpenStreetMap/Overpass"}}, {"type": "Feature", "geometry": {"type": "Point", "coordinates": [6.8003601, 51.2132333]}, "properties": {"id": "osm:node:8718629695", "type": "kindergarten", "name": "Ev. Tageseinrichtung für Kinder Flügelstraße", "source": "OpenStreetMap/Overpass"}}, {"type": "Feature", "geometry": {"type": "Point", "coordinates": [6.8368656, 51.2147522]}, "properties": {"id": "osm:node:8719061474", "type": "kindergarten", "name": "Kita Sauseschritt", "source": "OpenStreetMap/Overpass"}}, {"type": "Feature", "geometry": {"type": "Point", "coordinates": [6.8610477, 51.1848376]}, "properties": {"id": "osm:node:8719131958", "type": "kindergarten", "name": "DRK Zentrum Reisholz", "source": "OpenStreetMap/Overpass"}}, {"type": "Feature", "geometry": {"type": "Point", "coordinates": [6.6981766, 51.1947693]}, "properties": {"id": "osm:node:8980650428", "type": "kindergarten", "name": "LuKiTa Am Obertor", "source": "OpenStreetMap/Overpass"}}, {"type": "Feature", "geometry": {"type": "Point", "coordinates": [6.7189416, 51.185956]}, "properties": {"id": "osm:node:8985384199", "type": "kindergarten", "name": "Familienzentrum Regenbogen", "source": "OpenStreetMap/Overpass"}}, {"type": "Feature", "geometry": {"type": "Point", "coordinates": [6.770849, 51.2091969]}, "properties": {"id": "osm:node:9034080017", "type": "childcare", "name": "Bambini", "source": "OpenStreetMap/Overpass"}}, {"type": "Feature", "geometry": {"type": "Point", "coordinates": [6.7974115, 51.2102458]}, "properties": {"id": "osm:node:9405900875", "type": "childcare", "name": "Sankt-Raphael Haus", "source": "OpenStreetMap/Overpass"}}, {"type": "Feature", "geometry": {"type": "Point", "coordinates": [6.6952031, 51.2439289]}, "properties": {"id": "osm:node:9582403764", "type": "childcare", "name": "Antons9", "source": "OpenStreetMap/Overpass"}}, {"type": "Feature", "geometry": {"type": "Point", "coordinates": [6.8444816, 51.2397449]}, "properties": {"id": "osm:node:10814586531", "type": "school", "name": "Heilpraktiker-Schule (HP Campus Düsseldorf)", "source": "OpenStreetMap/Overpass"}}, {"type": "Feature", "geometry": {"type": "Point", "coordinates": [6.7837532, 51.2751045]}, "properties": {"id": "osm:node:10844326215", "type": "kindergarten", "name": "Mein Purzelbäumchen", "source": "OpenStreetMap/Overpass"}}, {"type": "Feature", "geometry": {"type": "Point", "coordinates": [6.8433385, 51.2006907]}, "properties": {"id": "osm:node:10857987785", "type": "kindergarten", "name": "Kindertagespflege Wildblumen", "source": "OpenStreetMap/Overpass"}}, {"type": "Feature", "geometry": {"type": "Point", "coordinates": [6.7376998, 51.302449]}, "properties": {"id": "osm:node:10863799936", "type": "school", "name": "Kreativitätsschule Düsseldorf e.V.", "source": "OpenStreetMap/Overpass"}}, {"type": "Feature", "geometry": {"type": "Point", "coordinates": [6.7887494, 51.2357629]}, "properties": {"id": "osm:node:10863799937", "type": "school", "name": "Franklin 5", "source": "OpenStreetMap/Overpass"}}, {"type": "Feature", "geometry": {"type": "Point", "coordinates": [6.9044915, 51.1409684]}, "properties": {"id": "osm:node:10939999416", "type": "kindergarten", "name": "SOS-Familienzentrum Schatzkiste", "source": "OpenStreetMap/Overpass"}}, {"type": "Feature", "geometry": {"type": "Point", "coordinates": [6.8305461, 51.3337209]}, "properties": {"id": "osm:node:11047695132", "type": "childcare", "name": "Glücksmäuse", "source": "OpenStreetMap/Overpass"}}, {"type": "Feature", "geometry": {"type": "Point", "coordinates": [6.8305604, 51.3335727]}, "properties": {"id": "osm:node:11047710111", "type": "childcare", "name": "Glückszwerge", "source": "OpenStreetMap/Overpass"}}, {"type": "Feature", "geometry": {"type": "Point", "coordinates": [6.8299252, 51.3341194]}, "properties": {"id": "osm:node:11047724558", "type": "childcare", "name": "EDS-Ganztagskinder", "source": "OpenStreetMap/Overpass"}}, {"type": "Feature", "geometry": {"type": "Point", "coordinates": [6.8353377, 51.1757954]}, "properties": {"id": "osm:node:11099179022", "type": "childcare", "name": "Piccoli Bambini", "source": "OpenStreetMap/Overpass"}}, {"type": "Feature", "geometry": {"type": "Point", "coordinates": [6.7418384, 51.2979502]}, "properties": {"id": "osm:node:11196183033", "type": "childcare", "name": "KiTa Birkenhaus", "source": "OpenStreetMap/Overpass"}}, {"type": "Feature", "geometry": {"type": "Point", "coordinates": [6.6955898, 51.2439458]}, "properties": {"id": "osm:node:11276766299", "type": "childcare", "name": "Pauli & Carlo", "source": "OpenStreetMap/Overpass"}}, {"type": "Feature", "geometry": {"type": "Point", "coordinates": [6.8219058, 51.2003154]}, "properties": {"id": "osm:node:11296261843", "type": "kindergarten", "name": "Evangelische Tageseinrichtung für Kinder Am Schabernack", "source": "OpenStreetMap/Overpass"}}, {"type": "Feature", "geometry": {"type": "Point", "coordinates": [6.7773809, 51.2538632]}, "properties": {"id": "osm:node:11534885886", "type": "kindergarten", "name": "Wekita Kindertagesstätte", "source": "OpenStreetMap/Overpass"}}, {"type": "Feature", "geometry": {"type": "Point", "coordinates": [6.7967249, 51.2284714]}, "properties": {"id": "osm:node:11673312230", "type": "kindergarten", "name": "St. Elisabeth", "source": "OpenStreetMap/Overpass"}}, {"type": "Feature", "geometry": {"type": "Point", "coordinates": [6.6926198, 51.2487405]}, "properties": {"id": "osm:node:11760855446", "type": "childcare", "name": "Minizwerge", "source": "OpenStreetMap/Overpass"}}, {"type": "Feature", "geometry": {"type": "Point", "coordinates": [6.7082839, 51.3481566]}, "properties": {"id": "osm:node:11769423446", "type": "kindergarten", "name": "", "source": "OpenStreetMap/Overpass"}}, {"type": "Feature", "geometry": {"type": "Point", "coordinates": [6.7810305, 51.2511699]}, "properties": {"id": "osm:node:11779952421", "type": "childcare", "name": "Kids&more", "source": "OpenStreetMap/Overpass"}}, {"type": "Feature", "geometry": {"type": "Point", "coordinates": [6.7760497, 51.2106174]}, "properties": {"id": "osm:node:11932674765", "type": "childcare", "name": "Bärenclub", "source": "OpenStreetMap/Overpass"}}, {"type": "Feature", "geometry": {"type": "Point", "coordinates": [6.9336331, 51.1665903]}, "properties": {"id": "osm:node:11961075978", "type": "childcare", "name": "Kinder-Großtagespflege Biene Maya", "source": "OpenStreetMap/Overpass"}}, {"type": "Feature", "geometry": {"type": "Point", "coordinates": [6.8578899, 51.2060095]}, "properties": {"id": "osm:node:12120515949", "type": "school", "name": "Schule am Eller Forst", "source": "OpenStreetMap/Overpass"}}, {"type": "Feature", "geometry": {"type": "Point", "coordinates": [6.7872366, 51.2171255]}, "properties": {"id": "osm:node:12255028174", "type": "childcare", "name": "Mary Poppins & Me", "source": "OpenStreetMap/Overpass"}}, {"type": "Feature", "geometry": {"type": "Point", "coordinates": [6.7946074, 51.2273645]}, "properties": {"id": "osm:node:12315843492", "type": "childcare", "name": "Kids-care", "source": "OpenStreetMap/Overpass"}}, {"type": "Feature", "geometry": {"type": "Point", "coordinates": [6.809533, 51.2639748]}, "properties": {"id": "osm:node:12368273463", "type": "kindergarten", "name": "Ev. KiTa Gelsenkirchener Straße", "source": "OpenStreetMap/Overpass"}}, {"type": "Feature", "geometry": {"type": "Point", "coordinates": [6.8933598, 51.1251947]}, "properties": {"id": "osm:node:12460604195", "type": "kindergarten", "name": "Kindertagesstätte KI. Wis Entdeckergarten", "source": "OpenStreetMap/Overpass"}}, {"type": "Feature", "geometry": {"type": "Point", "coordinates": [6.7968602, 51.2269597]}, "properties": {"id": "osm:node:12643117761", "type": "childcare", "name": "Kids & more", "source": "OpenStreetMap/Overpass"}}, {"type": "Feature", "geometry": {"type": "Point", "coordinates": [6.7827221, 51.2505477]}, "properties": {"id": "osm:node:12647361483", "type": "kindergarten", "name": "kinderhut", "source": "OpenStreetMap/Overpass"}}, {"type": "Feature", "geometry": {"type": "Point", "coordinates": [6.8819328, 51.1537758]}, "properties": {"id": "osm:node:12696358793", "type": "kindergarten", "name": "Evangelisches Familienzentrum NRW Urdenbach", "source": "OpenStreetMap/Overpass"}}, {"type": "Feature", "geometry": {"type": "Point", "coordinates": [6.7247904, 51.2397515]}, "properties": {"id": "osm:node:12857171302", "type": "childcare", "name": "Kindernest Kunterbunt", "source": "OpenStreetMap/Overpass"}}, {"type": "Feature", "geometry": {"type": "Point", "coordinates": [6.8709366, 51.3016712]}, "properties": {"id": "osm:node:12920456872", "type": "childcare", "name": "KiTa Bruchstraße", "source": "OpenStreetMap/Overpass"}}, {"type": "Feature", "geometry": {"type": "Point", "coordinates": [6.7161779, 51.2438379]}, "properties": {"id": "osm:node:13249251790", "type": "childcare", "name": "kitarino", "source": "OpenStreetMap/Overpass"}}, {"type": "Feature", "geometry": {"type": "Point", "coordinates": [6.9287268, 51.1645]}, "properties": {"id": "osm:node:13251449087", "type": "kindergarten", "name": "Die kleinen Strolche", "source": "OpenStreetMap/Overpass"}}, {"type": "Feature", "geometry": {"type": "Point", "coordinates": [6.7861658, 51.2825666]}, "properties": {"id": "osm:node:13345959458", "type": "kindergarten", "name": "Kita Drachenflieger", "source": "OpenStreetMap/Overpass"}}, {"type": "Feature", "geometry": {"type": "Point", "coordinates": [6.8129486, 51.2278585]}, "properties": {"id": "osm:node:13528647665", "type": "childcare", "name": "Kita Wolkenland", "source": "OpenStreetMap/Overpass"}}, {"type": "Feature", "geometry": {"type": "Point", "coordinates": [6.6902983, 51.2031838]}, "properties": {"id": "osm:node:13544107969", "type": "kindergarten", "name": "Kindertagesstätte Farbenwelt", "source": "OpenStreetMap/Overpass"}}, {"type": "Feature", "geometry": {"type": "Point", "coordinates": [6.9334519, 51.1732687]}, "properties": {"id": "osm:node:13622800447", "type": "kindergarten", "name": "Abenteuerland", "source": "OpenStreetMap/Overpass"}}, {"type": "Feature", "geometry": {"type": "Point", "coordinates": [6.7858302, 51.2343704]}, "properties": {"id": "osm:node:13730721790", "type": "childcare", "name": "Kinderbetreuung", "source": "OpenStreetMap/Overpass"}}, {"type": "Feature", "geometry": {"type": "Point", "coordinates": [6.7623383, 51.261252]}, "properties": {"id": "osm:node:13796260130", "type": "kindergarten", "name": "KiTa Deiker Höfe", "source": "OpenStreetMap/Overpass"}}, {"type": "Feature", "geometry": {"type": "Point", "coordinates": [6.8352194, 51.2249974]}, "properties": {"id": "osm:node:13883061291", "type": "kindergarten", "name": "Städtische Tageseinrichtung für Kinder Flinger Broich", "source": "OpenStreetMap/Overpass"}}, {"type": "Feature", "geometry": {"type": "Point", "coordinates": [6.8878738, 51.1513829]}, "properties": {"id": "osm:way:23092681", "type": "school", "name": "Theodor-Litt-Realschule", "source": "OpenStreetMap/Overpass"}}, {"type": "Feature", "geometry": {"type": "Point", "coordinates": [6.8351326, 51.2069892]}, "properties": {"id": "osm:way:23208496", "type": "school", "name": "Wilhelm-Heinrich-Riehl Kolleg", "source": "OpenStreetMap/Overpass"}}, {"type": "Feature", "geometry": {"type": "Point", "coordinates": [6.8788947, 51.1586688]}, "properties": {"id": "osm:way:23348659", "type": "school", "name": "Annette-von-Droste-Hülshoff-Gymnasium", "source": "OpenStreetMap/Overpass"}}, {"type": "Feature", "geometry": {"type": "Point", "coordinates": [6.9046771, 51.1425859]}, "properties": {"id": "osm:way:23882307", "type": "school", "name": "GGS Adam-Stegerwald-Straße", "source": "OpenStreetMap/Overpass"}}, {"type": "Feature", "geometry": {"type": "Point", "coordinates": [6.8672537, 51.1671848]}, "properties": {"id": "osm:way:24034424", "type": "school", "name": "GHS Benrath", "source": "OpenStreetMap/Overpass"}}, {"type": "Feature", "geometry": {"type": "Point", "coordinates": [6.8981821, 51.1375399]}, "properties": {"id": "osm:way:24261476", "type": "school", "name": "Willi-Fährmann-Schule", "source": "OpenStreetMap/Overpass"}}, {"type": "Feature", "geometry": {"type": "Point", "coordinates": [6.8594915, 51.2403261]}, "properties": {"id": "osm:way:24477387", "type": "school", "name": "Gymnasium Gerresheim", "source": "OpenStreetMap/Overpass"}}, {"type": "Feature", "geometry": {"type": "Point", "coordinates": [6.8573509, 51.2425362]}, "properties": {"id": "osm:way:24517174", "type": "school", "name": "LVR-Kurt-Schwitters-Schule", "source": "OpenStreetMap/Overpass"}}, {"type": "Feature", "geometry": {"type": "Point", "coordinates": [6.8630002, 51.2389727]}, "properties": {"id": "osm:way:24517569", "type": "school", "name": "Marie-Curie-Gymnasium", "source": "OpenStreetMap/Overpass"}}, {"type": "Feature", "geometry": {"type": "Point", "coordinates": [6.860383, 51.2437255]}, "properties": {"id": "osm:way:24517610", "type": "school", "name": "", "source": "OpenStreetMap/Overpass"}}, {"type": "Feature", "geometry": {"type": "Point", "coordinates": [6.8464004, 51.231661]}, "properties": {"id": "osm:way:24517934", "type": "school", "name": "Rudolf Steiner Schule", "source": "OpenStreetMap/Overpass"}}, {"type": "Feature", "geometry": {"type": "Point", "coordinates": [6.8568001, 51.2326506]}, "properties": {"id": "osm:way:24579768", "type": "school", "name": "Städtische Katholische Grundschule - Unter den Eichen", "source": "OpenStreetMap/Overpass"}}, {"type": "Feature", "geometry": {"type": "Point", "coordinates": [6.8996317, 51.2048118]}, "properties": {"id": "osm:way:24587150", "type": "school", "name": "Wichernschule", "source": "OpenStreetMap/Overpass"}}, {"type": "Feature", "geometry": {"type": "Point", "coordinates": [6.9020278, 51.2034356]}, "properties": {"id": "osm:way:24587174", "type": "school", "name": "Carl-Sonnenschein-Schule", "source": "OpenStreetMap/Overpass"}}, {"type": "Feature", "geometry": {"type": "Point", "coordinates": [6.8521963, 51.1973298]}, "properties": {"id": "osm:way:24809711", "type": "school", "name": "Dieter-Forte-Gesamtschule", "source": "OpenStreetMap/Overpass"}}, {"type": "Feature", "geometry": {"type": "Point", "coordinates": [6.7605293, 51.259427]}, "properties": {"id": "osm:way:24961350", "type": "school", "name": "Max-Planck-Gymnasium", "source": "OpenStreetMap/Overpass"}}, {"type": "Feature", "geometry": {"type": "Point", "coordinates": [6.8230164, 51.2938054]}, "properties": {"id": "osm:way:24988334", "type": "school", "name": "Erich-Kästner-Schule", "source": "OpenStreetMap/Overpass"}}, {"type": "Feature", "geometry": {"type": "Point", "coordinates": [6.7670836, 51.2024116]}, "properties": {"id": "osm:way:25203525", "type": "school", "name": "Sternwartschule", "source": "OpenStreetMap/Overpass"}}, {"type": "Feature", "geometry": {"type": "Point", "coordinates": [6.83242, 51.1843689]}, "properties": {"id": "osm:way:26186336", "type": "kindergarten", "name": "wert-voll - Die Kindertagesstätte", "source": "OpenStreetMap/Overpass"}}, {"type": "Feature", "geometry": {"type": "Point", "coordinates": [6.844233, 51.2001343]}, "properties": {"id": "osm:way:26434097", "type": "school", "name": "Gumbertschule", "source": "OpenStreetMap/Overpass"}}, {"type": "Feature", "geometry": {"type": "Point", "coordinates": [6.6932042, 51.172874]}, "properties": {"id": "osm:way:26462732", "type": "kindergarten", "name": "Kinderwelt", "source": "OpenStreetMap/Overpass"}}, {"type": "Feature", "geometry": {"type": "Point", "coordinates": [6.6950595, 51.1841082]}, "properties": {"id": "osm:way:26504167", "type": "school", "name": "Friedrich-von-Bodelschwingh-Schule", "source": "OpenStreetMap/Overpass"}}, {"type": "Feature", "geometry": {"type": "Point", "coordinates": [6.7275692, 51.1287897]}, "properties": {"id": "osm:way:26999311", "type": "school", "name": "Grundschule Sankt Peter", "source": "OpenStreetMap/Overpass"}}, {"type": "Feature", "geometry": {"type": "Point", "coordinates": [6.7065432, 51.2309219]}, "properties": {"id": "osm:way:27062399", "type": "school", "name": "Heinrich Heine Grundschule", "source": "OpenStreetMap/Overpass"}}, {"type": "Feature", "geometry": {"type": "Point", "coordinates": [6.8064954, 51.234284]}, "properties": {"id": "osm:way:27179733", "type": "school", "name": "Goethe-Gymnasium", "source": "OpenStreetMap/Overpass"}}, {"type": "Feature", "geometry": {"type": "Point", "coordinates": [6.6955225, 51.1850395]}, "properties": {"id": "osm:way:27996679", "type": "school", "name": "Nelly-Sachs-Gymnasium", "source": "OpenStreetMap/Overpass"}}, {"type": "Feature", "geometry": {"type": "Point", "coordinates": [6.7765773, 51.2458056]}, "properties": {"id": "osm:way:27997159", "type": "school", "name": "Gemeinschaftsgrundschule Rolandstraße", "source": "OpenStreetMap/Overpass"}}, {"type": "Feature", "geometry": {"type": "Point", "coordinates": [6.8518856, 51.2172399]}, "properties": {"id": "osm:way:28531333", "type": "school", "name": "Gemeinschaftsgrundschule Volker-Rosin-Schule", "source": "OpenStreetMap/Overpass"}}, {"type": "Feature", "geometry": {"type": "Point", "coordinates": [6.8516561, 51.2166351]}, "properties": {"id": "osm:way:28531340", "type": "school", "name": "Städt. Förderschule - Förderschwerpunkt Emotionale und soziale Entwicklung Erfurter Weg", "source": "OpenStreetMap/Overpass"}}, {"type": "Feature", "geometry": {"type": "Point", "coordinates": [6.8396781, 51.2127513]}, "properties": {"id": "osm:way:28568165", "type": "kindergarten", "name": "Wackelzahn", "source": "OpenStreetMap/Overpass"}}, {"type": "Feature", "geometry": {"type": "Point", "coordinates": [6.7920616, 51.2047742]}, "properties": {"id": "osm:way:28804465", "type": "school", "name": "Geschwister-Scholl-Gymnasium", "source": "OpenStreetMap/Overpass"}}, {"type": "Feature", "geometry": {"type": "Point", "coordinates": [6.8448707, 51.2303565]}, "properties": {"id": "osm:way:29272470", "type": "school", "name": "Aloys-Odenthal-Schule", "source": "OpenStreetMap/Overpass"}}, {"type": "Feature", "geometry": {"type": "Point", "coordinates": [6.6961819, 51.1870167]}, "properties": {"id": "osm:way:30014400", "type": "school", "name": "Ausbildungszentrum für Pflegeberufe Rhein-Kreis-Neuss", "source": "OpenStreetMap/Overpass"}}, {"type": "Feature", "geometry": {"type": "Point", "coordinates": [6.9021128, 51.1469197]}, "properties": {"id": "osm:way:30494156", "type": "school", "name": "Gesamtschule Stettiner Straße", "source": "OpenStreetMap/Overpass"}}, {"type": "Feature", "geometry": {"type": "Point", "coordinates": [6.9028158, 51.1453369]}, "properties": {"id": "osm:way:30496664", "type": "school", "name": "Alfred-Herrhausen-Schule", "source": "OpenStreetMap/Overpass"}}, {"type": "Feature", "geometry": {"type": "Point", "coordinates": [6.8307031, 51.1750549]}, "properties": {"id": "osm:way:30670528", "type": "school", "name": "Katholische Grundschule Itterstraße", "source": "OpenStreetMap/Overpass"}}, {"type": "Feature", "geometry": {"type": "Point", "coordinates": [6.8616565, 51.2276266]}, "properties": {"id": "osm:way:31675373", "type": "school", "name": "Ferdinand-Heye-Schule", "source": "OpenStreetMap/Overpass"}}, {"type": "Feature", "geometry": {"type": "Point", "coordinates": [6.8436053, 51.2310521]}, "properties": {"id": "osm:way:31986767", "type": "kindergarten", "name": "", "source": "OpenStreetMap/Overpass"}}, {"type": "Feature", "geometry": {"type": "Point", "coordinates": [6.7351178, 51.2363716]}, "properties": {"id": "osm:way:32702114", "type": "school", "name": "Griechisches Lyzeum", "source": "OpenStreetMap/Overpass"}}, {"type": "Feature", "geometry": {"type": "Point", "coordinates": [6.8847407, 51.1632279]}, "properties": {"id": "osm:way:33630004", "type": "school", "name": "KGS Einsiedelstraße", "source": "OpenStreetMap/Overpass"}}, {"type": "Feature", "geometry": {"type": "Point", "coordinates": [6.8343635, 51.2889483]}, "properties": {"id": "osm:way:39009698", "type": "kindergarten", "name": "Städt. Kita Volkardeyer Straße", "source": "OpenStreetMap/Overpass"}}, {"type": "Feature", "geometry": {"type": "Point", "coordinates": [6.7146978, 51.1852701]}, "properties": {"id": "osm:way:39338193", "type": "school", "name": "Sankt-Konrad-Schule", "source": "OpenStreetMap/Overpass"}}, {"type": "Feature", "geometry": {"type": "Point", "coordinates": [6.73519, 51.1804407]}, "properties": {"id": "osm:way:39341982", "type": "school", "name": "Pestalozzi-Grundschule", "source": "OpenStreetMap/Overpass"}}, {"type": "Feature", "geometry": {"type": "Point", "coordinates": [6.7474488, 51.1774864]}, "properties": {"id": "osm:way:39345030", "type": "kindergarten", "name": "DRK Montessori Kindergarten", "source": "OpenStreetMap/Overpass"}}, {"type": "Feature", "geometry": {"type": "Point", "coordinates": [6.8924715, 51.1698476]}, "properties": {"id": "osm:way:41601790", "type": "school", "name": "Waldklassenzimmer", "source": "OpenStreetMap/Overpass"}}, {"type": "Feature", "geometry": {"type": "Point", "coordinates": [6.7479653, 51.2617106]}, "properties": {"id": "osm:way:42422469", "type": "kindergarten", "name": "Tageseinrichtung für Kinder - Weißdornstraße", "source": "OpenStreetMap/Overpass"}}, {"type": "Feature", "geometry": {"type": "Point", "coordinates": [6.7519553, 51.2644898]}, "properties": {"id": "osm:way:42426211", "type": "school", "name": "GGS Beckbusch-Schule", "source": "OpenStreetMap/Overpass"}}, {"type": "Feature", "geometry": {"type": "Point", "coordinates": [6.7918546, 51.2133817]}, "properties": {"id": "osm:way:42492314", "type": "school", "name": "Gemeinschaftsgrundschule Sonnenstraße", "source": "OpenStreetMap/Overpass"}}, {"type": "Feature", "geometry": {"type": "Point", "coordinates": [6.7617561, 51.2534919]}, "properties": {"id": "osm:way:42608279", "type": "school", "name": "Georg-Büchner-Gymnasium", "source": "OpenStreetMap/Overpass"}}, {"type": "Feature", "geometry": {"type": "Point", "coordinates": [6.8404826, 51.2131744]}, "properties": {"id": "osm:way:44462770", "type": "school", "name": "Astrid-Lindgren-Schule", "source": "OpenStreetMap/Overpass"}}, {"type": "Feature", "geometry": {"type": "Point", "coordinates": [6.8580666, 51.2342292]}, "properties": {"id": "osm:way:45046044", "type": "school", "name": "Martin-Luther-King-Schule", "source": "OpenStreetMap/Overpass"}}, {"type": "Feature", "geometry": {"type": "Point", "coordinates": [6.8187833, 51.2915505]}, "properties": {"id": "osm:way:45499125", "type": "school", "name": "", "source": "OpenStreetMap/Overpass"}}, {"type": "Feature", "geometry": {"type": "Point", "coordinates": [6.6919209, 51.2525458]}, "properties": {"id": "osm:way:48237821", "type": "school", "name": "Mauritiusschule", "source": "OpenStreetMap/Overpass"}}, {"type": "Feature", "geometry": {"type": "Point", "coordinates": [6.8714673, 51.1462727]}, "properties": {"id": "osm:way:48453477", "type": "school", "name": "Gemeinschaftsgrundschule Urdenbach", "source": "OpenStreetMap/Overpass"}}, {"type": "Feature", "geometry": {"type": "Point", "coordinates": [6.8285794, 51.2078291]}, "properties": {"id": "osm:way:49427982", "type": "school", "name": "St. Michael-Schule Städtische Katholische Grundschule", "source": "OpenStreetMap/Overpass"}}, {"type": "Feature", "geometry": {"type": "Point", "coordinates": [6.8224927, 51.2310291]}, "properties": {"id": "osm:way:49771365", "type": "school", "name": "Thomas-Edison-Realschule", "source": "OpenStreetMap/Overpass"}}, {"type": "Feature", "geometry": {"type": "Point", "coordinates": [6.8241108, 51.2286481]}, "properties": {"id": "osm:way:51246035", "type": "school", "name": "Städtische Maria-Montessori-Gesamtschule", "source": "OpenStreetMap/Overpass"}}, {"type": "Feature", "geometry": {"type": "Point", "coordinates": [6.8593245, 51.2430796]}, "properties": {"id": "osm:way:51297051", "type": "school", "name": "LVR-Gerricus-Schule", "source": "OpenStreetMap/Overpass"}}, {"type": "Feature", "geometry": {"type": "Point", "coordinates": [6.7131587, 51.177257]}, "properties": {"id": "osm:way:52146477", "type": "school", "name": "Rita-Süssmuth-Realschule", "source": "OpenStreetMap/Overpass"}}, {"type": "Feature", "geometry": {"type": "Point", "coordinates": [6.8067436, 51.2230137]}, "properties": {"id": "osm:way:53583511", "type": "school", "name": "Städtische Katholische Grundschule Mettmanner Straße", "source": "OpenStreetMap/Overpass"}}, {"type": "Feature", "geometry": {"type": "Point", "coordinates": [6.8528223, 51.2115865]}, "properties": {"id": "osm:way:54118895", "type": "kindergarten", "name": "Ev. Tageseinrichtung für Kinder Striegauer Weg", "source": "OpenStreetMap/Overpass"}}, {"type": "Feature", "geometry": {"type": "Point", "coordinates": [6.7329542, 51.2437201]}, "properties": {"id": "osm:way:55130737", "type": "school", "name": "Gemeinschaftsgrundschule Lörick", "source": "OpenStreetMap/Overpass"}}, {"type": "Feature", "geometry": {"type": "Point", "coordinates": [6.7119701, 51.2409092]}, "properties": {"id": "osm:way:55635411", "type": "school", "name": "ResQuality", "source": "OpenStreetMap/Overpass"}}, {"type": "Feature", "geometry": {"type": "Point", "coordinates": [6.8050256, 51.2283319]}, "properties": {"id": "osm:way:56746780", "type": "school", "name": "Städtische Montessori Grundschule", "source": "OpenStreetMap/Overpass"}}, {"type": "Feature", "geometry": {"type": "Point", "coordinates": [6.8378839, 51.204825]}, "properties": {"id": "osm:way:58122872", "type": "school", "name": "Städtische Gemeinschaftsgrundschule Richardstraße", "source": "OpenStreetMap/Overpass"}}, {"type": "Feature", "geometry": {"type": "Point", "coordinates": [6.7284469, 51.1549797]}, "properties": {"id": "osm:way:60856924", "type": "school", "name": "St. Andreas Grundschule Norf", "source": "OpenStreetMap/Overpass"}}, {"type": "Feature", "geometry": {"type": "Point", "coordinates": [6.7331027, 51.2993695]}, "properties": {"id": "osm:way:63663085", "type": "school", "name": "Erzbischöfliches Suitbertus-Gymnasium", "source": "OpenStreetMap/Overpass"}}, {"type": "Feature", "geometry": {"type": "Point", "coordinates": [6.7878947, 51.2088312]}, "properties": {"id": "osm:way:66323947", "type": "school", "name": "Freiherr-vom-Stein-Realschule", "source": "OpenStreetMap/Overpass"}}, {"type": "Feature", "geometry": {"type": "Point", "coordinates": [6.8975651, 51.1493831]}, "properties": {"id": "osm:way:66376519", "type": "school", "name": "Gemeinschaftsgrundschule Neustrelitzer Straße", "source": "OpenStreetMap/Overpass"}}, {"type": "Feature", "geometry": {"type": "Point", "coordinates": [6.8703167, 51.3020043]}, "properties": {"id": "osm:way:66940495", "type": "school", "name": "", "source": "OpenStreetMap/Overpass"}}, {"type": "Feature", "geometry": {"type": "Point", "coordinates": [6.8203888, 51.1808546]}, "properties": {"id": "osm:way:70231280", "type": "school", "name": "Mosaikschule", "source": "OpenStreetMap/Overpass"}}, {"type": "Feature", "geometry": {"type": "Point", "coordinates": [6.8662352, 51.1801392]}, "properties": {"id": "osm:way:72741806", "type": "school", "name": "GGS Am Köhnen", "source": "OpenStreetMap/Overpass"}}, {"type": "Feature", "geometry": {"type": "Point", "coordinates": [6.86111, 51.1947342]}, "properties": {"id": "osm:way:75236483", "type": "kindergarten", "name": "Familienzentrum Büllenkothenweg", "source": "OpenStreetMap/Overpass"}}, {"type": "Feature", "geometry": {"type": "Point", "coordinates": [6.8559307, 51.206372]}, "properties": {"id": "osm:way:75616315", "type": "school", "name": "GGS Vennhauser Allee", "source": "OpenStreetMap/Overpass"}}, {"type": "Feature", "geometry": {"type": "Point", "coordinates": [6.8196653, 51.2009315]}, "properties": {"id": "osm:way:77914856", "type": "school", "name": "GGS Bingener Weg", "source": "OpenStreetMap/Overpass"}}, {"type": "Feature", "geometry": {"type": "Point", "coordinates": [6.8614017, 51.191852]}, "properties": {"id": "osm:way:78789145", "type": "kindergarten", "name": "Familienzentrum Am Pflanzkamp", "source": "OpenStreetMap/Overpass"}}, {"type": "Feature", "geometry": {"type": "Point", "coordinates": [6.8084945, 51.2308771]}, "properties": {"id": "osm:way:79418655", "type": "school", "name": "Anne-Frank-Realschule", "source": "OpenStreetMap/Overpass"}}, {"type": "Feature", "geometry": {"type": "Point", "coordinates": [6.7813165, 51.2472175]}, "properties": {"id": "osm:way:80500129", "type": "school", "name": "Justus-von-Liebig-Realschule", "source": "OpenStreetMap/Overpass"}}, {"type": "Feature", "geometry": {"type": "Point", "coordinates": [6.7800612, 51.2487461]}, "properties": {"id": "osm:way:80500309", "type": "school", "name": "Thomasschule", "source": "OpenStreetMap/Overpass"}}, {"type": "Feature", "geometry": {"type": "Point", "coordinates": [6.7637514, 51.2043229]}, "properties": {"id": "osm:way:82745253", "type": "kindergarten", "name": "Kindertagesstätte St. Bonifatius", "source": "OpenStreetMap/Overpass"}}, {"type": "Feature", "geometry": {"type": "Point", "coordinates": [6.8099665, 51.2065853]}, "properties": {"id": "osm:way:83469040", "type": "kindergarten", "name": "Tageseinrichtung für Kinder", "source": "OpenStreetMap/Overpass"}}, {"type": "Feature", "geometry": {"type": "Point", "coordinates": [6.7305262, 51.2423449]}, "properties": {"id": "osm:way:83640520", "type": "kindergarten", "name": "Familienzentrum Stürzelberger Straße", "source": "OpenStreetMap/Overpass"}}, {"type": "Feature", "geometry": {"type": "Point", "coordinates": [6.7472702, 51.3034796]}, "properties": {"id": "osm:way:83688624", "type": "kindergarten", "name": "Tageseinrichtung für Kinder - Kesselsbergweg", "source": "OpenStreetMap/Overpass"}}, {"type": "Feature", "geometry": {"type": "Point", "coordinates": [6.7975286, 51.2852106]}, "properties": {"id": "osm:way:83711619", "type": "kindergarten", "name": "Evangelische Tageseinrichtung für Kinder", "source": "OpenStreetMap/Overpass"}}, {"type": "Feature", "geometry": {"type": "Point", "coordinates": [6.8528233, 51.2359789]}, "properties": {"id": "osm:way:84749907", "type": "school", "name": "Hanna-Zürndorfer-Schule", "source": "OpenStreetMap/Overpass"}}, {"type": "Feature", "geometry": {"type": "Point", "coordinates": [6.8982705, 51.1499647]}, "properties": {"id": "osm:way:87638617", "type": "kindergarten", "name": "Kindertagesstätte St. Theresia", "source": "OpenStreetMap/Overpass"}}, {"type": "Feature", "geometry": {"type": "Point", "coordinates": [6.9039008, 51.1462962]}, "properties": {"id": "osm:way:87644390", "type": "kindergarten", "name": "Kits Farbkleckse", "source": "OpenStreetMap/Overpass"}}, {"type": "Feature", "geometry": {"type": "Point", "coordinates": [6.8894424, 51.1464405]}, "properties": {"id": "osm:way:87646622", "type": "kindergarten", "name": "Tageseinrichtung für Kinder - Josef-Kleesattel-Straße 2", "source": "OpenStreetMap/Overpass"}}, {"type": "Feature", "geometry": {"type": "Point", "coordinates": [6.9100885, 51.1342242]}, "properties": {"id": "osm:way:88945543", "type": "kindergarten", "name": "Tageseinrichtung für Kinder Dresdener Straße", "source": "OpenStreetMap/Overpass"}}, {"type": "Feature", "geometry": {"type": "Point", "coordinates": [6.8784937, 51.1651572]}, "properties": {"id": "osm:way:89372995", "type": "school", "name": "Albrecht-Dürer-Berufskolleg", "source": "OpenStreetMap/Overpass"}}, {"type": "Feature", "geometry": {"type": "Point", "coordinates": [6.8313339, 51.2885947]}, "properties": {"id": "osm:way:89922600", "type": "school", "name": "Karl-Arnold-Schule", "source": "OpenStreetMap/Overpass"}}, {"type": "Feature", "geometry": {"type": "Point", "coordinates": [6.8229577, 51.1863969]}, "properties": {"id": "osm:way:90116859", "type": "school", "name": "Theodor-Heuss-Schule Gemeinschaftsgrundschule Lützenkircher Straße", "source": "OpenStreetMap/Overpass"}}, {"type": "Feature", "geometry": {"type": "Point", "coordinates": [6.8223077, 51.1854062]}, "properties": {"id": "osm:way:90122599", "type": "kindergarten", "name": "Tageseinrichtung für Kinder – Werstener Feld", "source": "OpenStreetMap/Overpass"}}, {"type": "Feature", "geometry": {"type": "Point", "coordinates": [6.9288928, 51.1737057]}, "properties": {"id": "osm:way:90273252", "type": "school", "name": "Wilhelmine-Fliedner-Schule", "source": "OpenStreetMap/Overpass"}}, {"type": "Feature", "geometry": {"type": "Point", "coordinates": [6.9266537, 51.1722238]}, "properties": {"id": "osm:way:90273253", "type": "school", "name": "Theresienschule", "source": "OpenStreetMap/Overpass"}}, {"type": "Feature", "geometry": {"type": "Point", "coordinates": [6.9318591, 51.173175]}, "properties": {"id": "osm:way:90273263", "type": "school", "name": "Wilhelm-Hüls-Schule", "source": "OpenStreetMap/Overpass"}}, {"type": "Feature", "geometry": {"type": "Point", "coordinates": [6.9288319, 51.1744738]}, "properties": {"id": "osm:way:90273264", "type": "school", "name": "Dietrich-Bonhoeffer-Gymnasium", "source": "OpenStreetMap/Overpass"}}, {"type": "Feature", "geometry": {"type": "Point", "coordinates": [6.9178681, 51.1800705]}, "properties": {"id": "osm:way:90274022", "type": "school", "name": "Elbseeschule", "source": "OpenStreetMap/Overpass"}}, {"type": "Feature", "geometry": {"type": "Point", "coordinates": [6.8158886, 51.2888143]}, "properties": {"id": "osm:way:90644799", "type": "kindergarten", "name": "Kindertagestätte am Haselnussweg", "source": "OpenStreetMap/Overpass"}}, {"type": "Feature", "geometry": {"type": "Point", "coordinates": [6.9384971, 51.1575151]}, "properties": {"id": "osm:way:91221329", "type": "school", "name": "Wilhelm-Busch-Schule Hilden - Richrather Straße", "source": "OpenStreetMap/Overpass"}}, {"type": "Feature", "geometry": {"type": "Point", "coordinates": [6.9394897, 51.1538348]}, "properties": {"id": "osm:way:91221335", "type": "school", "name": "Astrid-Lindgren-Schule", "source": "OpenStreetMap/Overpass"}}, {"type": "Feature", "geometry": {"type": "Point", "coordinates": [6.9296158, 51.1665402]}, "properties": {"id": "osm:way:91223244", "type": "kindergarten", "name": "Kindergarten im Park", "source": "OpenStreetMap/Overpass"}}, {"type": "Feature", "geometry": {"type": "Point", "coordinates": [6.6895536, 51.2229942]}, "properties": {"id": "osm:way:95407448", "type": "school", "name": "Neusser Privatschule", "source": "OpenStreetMap/Overpass"}}, {"type": "Feature", "geometry": {"type": "Point", "coordinates": [6.8572248, 51.2937802]}, "properties": {"id": "osm:way:95860015", "type": "school", "name": "Liebfrauenschule", "source": "OpenStreetMap/Overpass"}}, {"type": "Feature", "geometry": {"type": "Point", "coordinates": [6.8517995, 51.2374514]}, "properties": {"id": "osm:way:96252807", "type": "school", "name": "Hanna-Zürndorfer-Schule", "source": "OpenStreetMap/Overpass"}}, {"type": "Feature", "geometry": {"type": "Point", "coordinates": [6.8442789, 51.2963314]}, "properties": {"id": "osm:way:96612160", "type": "school", "name": "Minoritenschule", "source": "OpenStreetMap/Overpass"}}, {"type": "Feature", "geometry": {"type": "Point", "coordinates": [6.745824, 51.2966352]}, "properties": {"id": "osm:way:97266240", "type": "kindergarten", "name": "Kindertagesstädte - Zeppenheimer Weg", "source": "OpenStreetMap/Overpass"}}, {"type": "Feature", "geometry": {"type": "Point", "coordinates": [6.8533913, 51.2921038]}, "properties": {"id": "osm:way:97408884", "type": "school", "name": "Carl-Friedrich-von-Weizsäcker-Gymnasium", "source": "OpenStreetMap/Overpass"}}, {"type": "Feature", "geometry": {"type": "Point", "coordinates": [6.7354911, 51.1613782]}, "properties": {"id": "osm:way:98599173", "type": "school", "name": "", "source": "OpenStreetMap/Overpass"}}, {"type": "Feature", "geometry": {"type": "Point", "coordinates": [6.7359358, 51.1618832]}, "properties": {"id": "osm:way:98599187", "type": "school", "name": "", "source": "OpenStreetMap/Overpass"}}, {"type": "Feature", "geometry": {"type": "Point", "coordinates": [6.7367894, 51.1612623]}, "properties": {"id": "osm:way:98599188", "type": "school", "name": "", "source": "OpenStreetMap/Overpass"}}, {"type": "Feature", "geometry": {"type": "Point", "coordinates": [6.7362949, 51.1616395]}, "properties": {"id": "osm:way:98599190", "type": "school", "name": "", "source": "OpenStreetMap/Overpass"}}, {"type": "Feature", "geometry": {"type": "Point", "coordinates": [6.7359166, 51.1607]}, "properties": {"id": "osm:way:98599194", "type": "school", "name": "", "source": "OpenStreetMap/Overpass"}}, {"type": "Feature", "geometry": {"type": "Point", "coordinates": [6.8093158, 51.2126991]}, "properties": {"id": "osm:way:98673937", "type": "school", "name": "Jan-Wellem-Schule", "source": "OpenStreetMap/Overpass"}}, {"type": "Feature", "geometry": {"type": "Point", "coordinates": [6.8500805, 51.2989036]}, "properties": {"id": "osm:way:101012941", "type": "kindergarten", "name": "Kindertageseinrichtung Turmstraße 10", "source": "OpenStreetMap/Overpass"}}, {"type": "Feature", "geometry": {"type": "Point", "coordinates": [6.8251, 51.2906651]}, "properties": {"id": "osm:way:103028072", "type": "kindergarten", "name": "", "source": "OpenStreetMap/Overpass"}}, {"type": "Feature", "geometry": {"type": "Point", "coordinates": [6.7847746, 51.2167301]}, "properties": {"id": "osm:way:103560444", "type": "school", "name": "Realschule Friedrichstadt", "source": "OpenStreetMap/Overpass"}}, {"type": "Feature", "geometry": {"type": "Point", "coordinates": [6.8899058, 51.1560359]}, "properties": {"id": "osm:way:104591673", "type": "kindergarten", "name": "Tageseinrichtung für Kinder - Wittenberger Weg", "source": "OpenStreetMap/Overpass"}}, {"type": "Feature", "geometry": {"type": "Point", "coordinates": [6.8292442, 51.2910434]}, "properties": {"id": "osm:way:105035114", "type": "school", "name": "Helen-Keller-Schule", "source": "OpenStreetMap/Overpass"}}, {"type": "Feature", "geometry": {"type": "Point", "coordinates": [6.7599481, 51.1981077]}, "properties": {"id": "osm:way:107679743", "type": "school", "name": "Elly-Heuss-Knapp-Schule (Außenstelle Räuscherweg)", "source": "OpenStreetMap/Overpass"}}, {"type": "Feature", "geometry": {"type": "Point", "coordinates": [6.7921467, 51.2302205]}, "properties": {"id": "osm:way:109598684", "type": "school", "name": "Humboldt-Gymnasium", "source": "OpenStreetMap/Overpass"}}, {"type": "Feature", "geometry": {"type": "Point", "coordinates": [6.9362964, 51.1541144]}, "properties": {"id": "osm:way:118942754", "type": "kindergarten", "name": "Karnaper Regenbogen", "source": "OpenStreetMap/Overpass"}}, {"type": "Feature", "geometry": {"type": "Point", "coordinates": [6.7863738, 51.3512897]}, "properties": {"id": "osm:way:119559165", "type": "school", "name": "GGS Am Knappert", "source": "OpenStreetMap/Overpass"}}, {"type": "Feature", "geometry": {"type": "Point", "coordinates": [6.7867626, 51.3511309]}, "properties": {"id": "osm:way:119559166", "type": "school", "name": "GGS Am Knappert", "source": "OpenStreetMap/Overpass"}}, {"type": "Feature", "geometry": {"type": "Point", "coordinates": [6.7870353, 51.3512705]}, "properties": {"id": "osm:way:119561390", "type": "school", "name": "GGS Am Knappert", "source": "OpenStreetMap/Overpass"}}, {"type": "Feature", "geometry": {"type": "Point", "coordinates": [6.7865689, 51.3510484]}, "properties": {"id": "osm:way:119566916", "type": "school", "name": "Grundschule Rahm (GGS)", "source": "OpenStreetMap/Overpass"}}, {"type": "Feature", "geometry": {"type": "Point", "coordinates": [6.7447659, 51.2357602]}, "properties": {"id": "osm:way:120197194", "type": "school", "name": "Comenius-Gymnasium", "source": "OpenStreetMap/Overpass"}}, {"type": "Feature", "geometry": {"type": "Point", "coordinates": [6.7487405, 51.1369483]}, "properties": {"id": "osm:way:122041272", "type": "kindergarten", "name": "Kita Räuberhöhle", "source": "OpenStreetMap/Overpass"}}, {"type": "Feature", "geometry": {"type": "Point", "coordinates": [6.8936977, 51.1545376]}, "properties": {"id": "osm:way:122419604", "type": "kindergarten", "name": "Familienzentrum Stralsunder Straße", "source": "OpenStreetMap/Overpass"}}, {"type": "Feature", "geometry": {"type": "Point", "coordinates": [6.7890355, 51.2355659]}, "properties": {"id": "osm:way:124438082", "type": "school", "name": "Jan-Wellem-Schule", "source": "OpenStreetMap/Overpass"}}, {"type": "Feature", "geometry": {"type": "Point", "coordinates": [6.69072, 51.2018865]}, "properties": {"id": "osm:way:130889525", "type": "school", "name": "Münsterschule", "source": "OpenStreetMap/Overpass"}}, {"type": "Feature", "geometry": {"type": "Point", "coordinates": [6.8323513, 51.34353]}, "properties": {"id": "osm:way:135924656", "type": "kindergarten", "name": "", "source": "OpenStreetMap/Overpass"}}, {"type": "Feature", "geometry": {"type": "Point", "coordinates": [6.8299256, 51.3401693]}, "properties": {"id": "osm:way:137148000", "type": "kindergarten", "name": "Kindergarten St. Johannes", "source": "OpenStreetMap/Overpass"}}, {"type": "Feature", "geometry": {"type": "Point", "coordinates": [6.7569292, 51.2288793]}, "properties": {"id": "osm:way:137776452", "type": "school", "name": "Friedrich-von-Bodelschwingh-Schule", "source": "OpenStreetMap/Overpass"}}, {"type": "Feature", "geometry": {"type": "Point", "coordinates": [6.7575006, 51.2296497]}, "properties": {"id": "osm:way:137776454", "type": "school", "name": "Don Bosco-Montessori-Schule", "source": "OpenStreetMap/Overpass"}}, {"type": "Feature", "geometry": {"type": "Point", "coordinates": [6.7818753, 51.1271861]}, "properties": {"id": "osm:way:138368503", "type": "school", "name": "", "source": "OpenStreetMap/Overpass"}}, {"type": "Feature", "geometry": {"type": "Point", "coordinates": [6.7819905, 51.1275756]}, "properties": {"id": "osm:way:138636593", "type": "kindergarten", "name": "", "source": "OpenStreetMap/Overpass"}}, {"type": "Feature", "geometry": {"type": "Point", "coordinates": [6.7835794, 51.1270052]}, "properties": {"id": "osm:way:139615605", "type": "kindergarten", "name": "Kath. Kindergarten St. Gabriel", "source": "OpenStreetMap/Overpass"}}, {"type": "Feature", "geometry": {"type": "Point", "coordinates": [6.7946648, 51.2278944]}, "properties": {"id": "osm:way:140575984", "type": "school", "name": "Paul Klee Schule", "source": "OpenStreetMap/Overpass"}}, {"type": "Feature", "geometry": {"type": "Point", "coordinates": [6.7853568, 51.1281057]}, "properties": {"id": "osm:way:141862492", "type": "kindergarten", "name": "Städtischer Kindergarten Villa Bunte Wolke", "source": "OpenStreetMap/Overpass"}}, {"type": "Feature", "geometry": {"type": "Point", "coordinates": [6.8118921, 51.2037292]}, "properties": {"id": "osm:way:142176629", "type": "school", "name": "Benzenberg-Realschule", "source": "OpenStreetMap/Overpass"}}, {"type": "Feature", "geometry": {"type": "Point", "coordinates": [6.7549275, 51.2376011]}, "properties": {"id": "osm:way:142546779", "type": "school", "name": "Katholische Grundschule Niederkassel", "source": "OpenStreetMap/Overpass"}}, {"type": "Feature", "geometry": {"type": "Point", "coordinates": [6.7786102, 51.203508]}, "properties": {"id": "osm:way:142708243", "type": "school", "name": "", "source": "OpenStreetMap/Overpass"}}, {"type": "Feature", "geometry": {"type": "Point", "coordinates": [6.8076832, 51.2621923]}, "properties": {"id": "osm:way:143328967", "type": "school", "name": "Katholische Grundschule Rather Kreuzweg", "source": "OpenStreetMap/Overpass"}}, {"type": "Feature", "geometry": {"type": "Point", "coordinates": [6.7887575, 51.2154539]}, "properties": {"id": "osm:way:143704845", "type": "school", "name": "Städtische Gemeinschaftsgrundschule Helmholtzstraße", "source": "OpenStreetMap/Overpass"}}, {"type": "Feature", "geometry": {"type": "Point", "coordinates": [6.8133666, 51.258978]}, "properties": {"id": "osm:way:143742660", "type": "school", "name": "Friedrich-Rückert-Gymnasium", "source": "OpenStreetMap/Overpass"}}, {"type": "Feature", "geometry": {"type": "Point", "coordinates": [6.8372034, 51.1703213]}, "properties": {"id": "osm:way:144228959", "type": "school", "name": "Adolf-Klarenbach-Schule", "source": "OpenStreetMap/Overpass"}}, {"type": "Feature", "geometry": {"type": "Point", "coordinates": [6.790303, 51.1649721]}, "properties": {"id": "osm:way:144427141", "type": "school", "name": "Grundschule St. Martinus", "source": "OpenStreetMap/Overpass"}}, {"type": "Feature", "geometry": {"type": "Point", "coordinates": [6.7793682, 51.2127508]}, "properties": {"id": "osm:way:144533559", "type": "school", "name": "Regenbogenschule", "source": "OpenStreetMap/Overpass"}}, {"type": "Feature", "geometry": {"type": "Point", "coordinates": [6.7788073, 51.2097296]}, "properties": {"id": "osm:way:144533935", "type": "school", "name": "Dumont-Lindemann-Schule", "source": "OpenStreetMap/Overpass"}}, {"type": "Feature", "geometry": {"type": "Point", "coordinates": [6.7799321, 51.2118519]}, "properties": {"id": "osm:way:144538001", "type": "school", "name": "St.-Peter-Schule Städtische Katholische Grundschule", "source": "OpenStreetMap/Overpass"}}, {"type": "Feature", "geometry": {"type": "Point", "coordinates": [6.7688278, 51.1935375]}, "properties": {"id": "osm:way:144550419", "type": "school", "name": "Katholische Grundschule Fleher Straße", "source": "OpenStreetMap/Overpass"}}, {"type": "Feature", "geometry": {"type": "Point", "coordinates": [6.7699684, 51.2149797]}, "properties": {"id": "osm:way:144554518", "type": "school", "name": "Städtische Gemeinschaftsgrundschule Konkordiastraße", "source": "OpenStreetMap/Overpass"}}, {"type": "Feature", "geometry": {"type": "Point", "coordinates": [6.7690823, 51.2101395]}, "properties": {"id": "osm:way:144554519", "type": "school", "name": "GGS Kronprinzenstraße", "source": "OpenStreetMap/Overpass"}}, {"type": "Feature", "geometry": {"type": "Point", "coordinates": [6.7712934, 51.2114009]}, "properties": {"id": "osm:way:144556458", "type": "school", "name": "Städtische Realschule Florastraße", "source": "OpenStreetMap/Overpass"}}, {"type": "Feature", "geometry": {"type": "Point", "coordinates": [6.7731615, 51.2144249]}, "properties": {"id": "osm:way:144557993", "type": "school", "name": "Lore-Lorentz-Schule", "source": "OpenStreetMap/Overpass"}}, {"type": "Feature", "geometry": {"type": "Point", "coordinates": [6.7912265, 51.2033421]}, "properties": {"id": "osm:way:144562556", "type": "school", "name": "Städtische Hulda-Pankok-Gesamtschule", "source": "OpenStreetMap/Overpass"}}, {"type": "Feature", "geometry": {"type": "Point", "coordinates": [6.7903874, 51.2062664]}, "properties": {"id": "osm:way:144564715", "type": "school", "name": "Heinrich-Hertz-Berufskolleg Städtische Schule für Elektrotechnik", "source": "OpenStreetMap/Overpass"}}, {"type": "Feature", "geometry": {"type": "Point", "coordinates": [6.7886099, 51.2040281]}, "properties": {"id": "osm:way:144565320", "type": "school", "name": "Schule am Volksgarten Förderschule", "source": "OpenStreetMap/Overpass"}}, {"type": "Feature", "geometry": {"type": "Point", "coordinates": [6.7651115, 51.2080952]}, "properties": {"id": "osm:way:144574932", "type": "school", "name": "Berufskolleg Bachstraße", "source": "OpenStreetMap/Overpass"}}, {"type": "Feature", "geometry": {"type": "Point", "coordinates": [6.9035369, 51.2241742]}, "properties": {"id": "osm:way:144595518", "type": "school", "name": "GGS Erkrath Teilstandort Düsselstraße", "source": "OpenStreetMap/Overpass"}}, {"type": "Feature", "geometry": {"type": "Point", "coordinates": [6.8245344, 51.2407892]}, "properties": {"id": "osm:way:144599003", "type": "school", "name": "Gutenberg-Schule", "source": "OpenStreetMap/Overpass"}}, {"type": "Feature", "geometry": {"type": "Point", "coordinates": [6.7916858, 51.2440079]}, "properties": {"id": "osm:way:144624529", "type": "kindergarten", "name": "Tageseinrichtung für Kinder - Bülowstraße 5", "source": "OpenStreetMap/Overpass"}}, {"type": "Feature", "geometry": {"type": "Point", "coordinates": [6.8615058, 51.1787464]}, "properties": {"id": "osm:way:144719588", "type": "school", "name": "St.-Elisabeth-Schule Städtische Katholische Grundschule", "source": "OpenStreetMap/Overpass"}}, {"type": "Feature", "geometry": {"type": "Point", "coordinates": [6.8638239, 51.1762789]}, "properties": {"id": "osm:way:144719820", "type": "school", "name": "Freies Christliches Gymnasium", "source": "OpenStreetMap/Overpass"}}, {"type": "Feature", "geometry": {"type": "Point", "coordinates": [6.8651183, 51.192958]}, "properties": {"id": "osm:way:144721549", "type": "kindergarten", "name": "Familienzentrum Hasseler Richtweg", "source": "OpenStreetMap/Overpass"}}, {"type": "Feature", "geometry": {"type": "Point", "coordinates": [6.8624835, 51.1832874]}, "properties": {"id": "osm:way:144721555", "type": "school", "name": "Freie Christliche Gesamtschule Düsseldorf", "source": "OpenStreetMap/Overpass"}}, {"type": "Feature", "geometry": {"type": "Point", "coordinates": [6.8561957, 51.1946921]}, "properties": {"id": "osm:way:144721558", "type": "kindergarten", "name": "Katholische Kindertagesstätte St. Augustinus", "source": "OpenStreetMap/Overpass"}}, {"type": "Feature", "geometry": {"type": "Point", "coordinates": [6.8599304, 51.1917116]}, "properties": {"id": "osm:way:144721562", "type": "school", "name": "GGS Deutzer Straße", "source": "OpenStreetMap/Overpass"}}, {"type": "Feature", "geometry": {"type": "Point", "coordinates": [6.8489748, 51.1999942]}, "properties": {"id": "osm:way:144722306", "type": "kindergarten", "name": "Familienzentrum „Marie Juchacz“", "source": "OpenStreetMap/Overpass"}}, {"type": "Feature", "geometry": {"type": "Point", "coordinates": [6.8695992, 51.1517]}, "properties": {"id": "osm:way:144732387", "type": "school", "name": "Städtische Gemeinschaftsgrundschule Urdenbach", "source": "OpenStreetMap/Overpass"}}, {"type": "Feature", "geometry": {"type": "Point", "coordinates": [6.8828396, 51.154326]}, "properties": {"id": "osm:way:144738513", "type": "school", "name": "Städtische Gemeinschaftsgrundschule Südallee", "source": "OpenStreetMap/Overpass"}}, {"type": "Feature", "geometry": {"type": "Point", "coordinates": [6.8735139, 51.1502396]}, "properties": {"id": "osm:way:144775326", "type": "kindergarten", "name": "Montessori Kinderhaus", "source": "OpenStreetMap/Overpass"}}, {"type": "Feature", "geometry": {"type": "Point", "coordinates": [6.8669954, 51.1468527]}, "properties": {"id": "osm:way:144775740", "type": "kindergarten", "name": "Diakonie in Düsseldorf Ev. Tageseinrichtung für Kinder", "source": "OpenStreetMap/Overpass"}}, {"type": "Feature", "geometry": {"type": "Point", "coordinates": [6.7900148, 51.2238961]}, "properties": {"id": "osm:way:144879379", "type": "school", "name": "Städtische Katholische Hauptschule St. Benedikt", "source": "OpenStreetMap/Overpass"}}, {"type": "Feature", "geometry": {"type": "Point", "coordinates": [6.8085568, 51.229533]}, "properties": {"id": "osm:way:145236431", "type": "kindergarten", "name": "Tageseinrichtung für Kinder - Lindenstraße 176", "source": "OpenStreetMap/Overpass"}}, {"type": "Feature", "geometry": {"type": "Point", "coordinates": [6.8067542, 51.2283216]}, "properties": {"id": "osm:way:145236432", "type": "kindergarten", "name": "Tageseinrichtung für Kinder – Lindenstraße", "source": "OpenStreetMap/Overpass"}}, {"type": "Feature", "geometry": {"type": "Point", "coordinates": [6.7708013, 51.2231068]}, "properties": {"id": "osm:way:145266540", "type": "school", "name": "Max-Schule", "source": "OpenStreetMap/Overpass"}}, {"type": "Feature", "geometry": {"type": "Point", "coordinates": [6.8139496, 51.2343194]}, "properties": {"id": "osm:way:145342004", "type": "school", "name": "Brehm-Schule", "source": "OpenStreetMap/Overpass"}}, {"type": "Feature", "geometry": {"type": "Point", "coordinates": [6.8173651, 51.2353733]}, "properties": {"id": "osm:way:146492367", "type": "kindergarten", "name": "Tageseinrichtung für Kinder – Ivo-Beucker-Straße", "source": "OpenStreetMap/Overpass"}}, {"type": "Feature", "geometry": {"type": "Point", "coordinates": [6.8177072, 51.2436794]}, "properties": {"id": "osm:way:146736858", "type": "school", "name": "Carl-Sonnenschein-Schule", "source": "OpenStreetMap/Overpass"}}, {"type": "Feature", "geometry": {"type": "Point", "coordinates": [6.8143115, 51.2442555]}, "properties": {"id": "osm:way:146736862", "type": "kindergarten", "name": "DRK-Tageseinrichtung für Kinder - Düsselfüchse", "source": "OpenStreetMap/Overpass"}}, {"type": "Feature", "geometry": {"type": "Point", "coordinates": [6.8182836, 51.2452403]}, "properties": {"id": "osm:way:146736886", "type": "school", "name": "Heinrich Heine Gesamtschule", "source": "OpenStreetMap/Overpass"}}, {"type": "Feature", "geometry": {"type": "Point", "coordinates": [6.8123291, 51.2430418]}, "properties": {"id": "osm:way:146736887", "type": "school", "name": "Heinrich Heine Gesamtschule (Dependance)", "source": "OpenStreetMap/Overpass"}}, {"type": "Feature", "geometry": {"type": "Point", "coordinates": [6.8198876, 51.2458555]}, "properties": {"id": "osm:way:146786385", "type": "school", "name": "Lycée Français international Simone Veil", "source": "OpenStreetMap/Overpass"}}, {"type": "Feature", "geometry": {"type": "Point", "coordinates": [6.8093353, 51.2495413]}, "properties": {"id": "osm:way:147076203", "type": "school", "name": "St. Franziskus Schule", "source": "OpenStreetMap/Overpass"}}, {"type": "Feature", "geometry": {"type": "Point", "coordinates": [6.8086908, 51.2519004]}, "properties": {"id": "osm:way:147177160", "type": "school", "name": "GGS Max-Halbe-Straße", "source": "OpenStreetMap/Overpass"}}, {"type": "Feature", "geometry": {"type": "Point", "coordinates": [6.8890154, 51.1449494]}, "properties": {"id": "osm:way:147182595", "type": "school", "name": "Städtische Katholische Grundschule Josef-Kleesattel-Straße", "source": "OpenStreetMap/Overpass"}}, {"type": "Feature", "geometry": {"type": "Point", "coordinates": [6.8894842, 51.144199]}, "properties": {"id": "osm:way:147184259", "type": "kindergarten", "name": "Evangelische Tageseinrichtung für Kinder", "source": "OpenStreetMap/Overpass"}}, {"type": "Feature", "geometry": {"type": "Point", "coordinates": [6.809374, 51.2561405]}, "properties": {"id": "osm:way:147366913", "type": "school", "name": "Grundschule Wrangelstraße", "source": "OpenStreetMap/Overpass"}}, {"type": "Feature", "geometry": {"type": "Point", "coordinates": [6.8493911, 51.2157329]}, "properties": {"id": "osm:way:147954306", "type": "kindergarten", "name": "Kindertagesstätte der kath. Kirchengemeinde St. Reinold", "source": "OpenStreetMap/Overpass"}}, {"type": "Feature", "geometry": {"type": "Point", "coordinates": [6.8451724, 51.2968877]}, "properties": {"id": "osm:way:148554574", "type": "school", "name": "Adam-Josef-Cüppers-Berufskolleg", "source": "OpenStreetMap/Overpass"}}, {"type": "Feature", "geometry": {"type": "Point", "coordinates": [6.8342466, 51.2065502]}, "properties": {"id": "osm:way:150342324", "type": "kindergarten", "name": "Tageseinrichtung für Kinder – Am Hackenbruch", "source": "OpenStreetMap/Overpass"}}, {"type": "Feature", "geometry": {"type": "Point", "coordinates": [6.7906785, 51.2390181]}, "properties": {"id": "osm:way:152001773", "type": "school", "name": "Grundschule Lennéstraße", "source": "OpenStreetMap/Overpass"}}, {"type": "Feature", "geometry": {"type": "Point", "coordinates": [6.6916752, 51.2403994]}, "properties": {"id": "osm:way:152798567", "type": "school", "name": "", "source": "OpenStreetMap/Overpass"}}, {"type": "Feature", "geometry": {"type": "Point", "coordinates": [6.6947059, 51.241047]}, "properties": {"id": "osm:way:155612419", "type": "childcare", "name": "Lummerland", "source": "OpenStreetMap/Overpass"}}, {"type": "Feature", "geometry": {"type": "Point", "coordinates": [6.7221466, 51.1420603]}, "properties": {"id": "osm:way:156926753", "type": "kindergarten", "name": "Kindertagesstätte Schlicherum", "source": "OpenStreetMap/Overpass"}}, {"type": "Feature", "geometry": {"type": "Point", "coordinates": [6.8240466, 51.2934015]}, "properties": {"id": "osm:way:158171282", "type": "kindergarten", "name": "", "source": "OpenStreetMap/Overpass"}}, {"type": "Feature", "geometry": {"type": "Point", "coordinates": [6.8197097, 51.2922837]}, "properties": {"id": "osm:way:158188110", "type": "school", "name": "Käthe-Kollwitz-Schule", "source": "OpenStreetMap/Overpass"}}, {"type": "Feature", "geometry": {"type": "Point", "coordinates": [6.8490911, 51.2902248]}, "properties": {"id": "osm:way:158634310", "type": "childcare", "name": "Kindergarten St. Suitbertus", "source": "OpenStreetMap/Overpass"}}, {"type": "Feature", "geometry": {"type": "Point", "coordinates": [6.7185808, 51.2307638]}, "properties": {"id": "osm:way:159360639", "type": "school", "name": "KGS Pestalozzistraße", "source": "OpenStreetMap/Overpass"}}, {"type": "Feature", "geometry": {"type": "Point", "coordinates": [6.9150677, 51.2218872]}, "properties": {"id": "osm:way:164763591", "type": "school", "name": "Johannesschule", "source": "OpenStreetMap/Overpass"}}, {"type": "Feature", "geometry": {"type": "Point", "coordinates": [6.7828206, 51.2751229]}, "properties": {"id": "osm:way:166627685", "type": "school", "name": "Kartause-Hain-Grundschule", "source": "OpenStreetMap/Overpass"}}, {"type": "Feature", "geometry": {"type": "Point", "coordinates": [6.8144839, 51.1360054]}, "properties": {"id": "osm:way:169051820", "type": "kindergarten", "name": "Katholische Kindertagesstätte St. Aloysius", "source": "OpenStreetMap/Overpass"}}, {"type": "Feature", "geometry": {"type": "Point", "coordinates": [6.8118179, 51.1363954]}, "properties": {"id": "osm:way:169216814", "type": "kindergarten", "name": "Integrative Kindertagesstätte Stürzelberg", "source": "OpenStreetMap/Overpass"}}, {"type": "Feature", "geometry": {"type": "Point", "coordinates": [6.8721672, 51.1757322]}, "properties": {"id": "osm:way:169428596", "type": "kindergarten", "name": "Familienzentrum Fröhlenstraße", "source": "OpenStreetMap/Overpass"}}, {"type": "Feature", "geometry": {"type": "Point", "coordinates": [6.6969614, 51.1942156]}, "properties": {"id": "osm:way:169704789", "type": "school", "name": "Kindertageseinrichtung \"Am Wasserturm\"", "source": "OpenStreetMap/Overpass"}}, {"type": "Feature", "geometry": {"type": "Point", "coordinates": [6.6958431, 51.1700534]}, "properties": {"id": "osm:way:171058210", "type": "kindergarten", "name": "Kindertagesstätte Sankt Hubertus", "source": "OpenStreetMap/Overpass"}}, {"type": "Feature", "geometry": {"type": "Point", "coordinates": [6.9110182, 51.222326]}, "properties": {"id": "osm:way:171959014", "type": "kindergarten", "name": "ev. Kindergarten Alt-Erkrath", "source": "OpenStreetMap/Overpass"}}, {"type": "Feature", "geometry": {"type": "Point", "coordinates": [6.7554048, 51.2660084]}, "properties": {"id": "osm:way:172345951", "type": "school", "name": "Städtische Montessori-Grundschule Farnweg", "source": "OpenStreetMap/Overpass"}}, {"type": "Feature", "geometry": {"type": "Point", "coordinates": [6.7099232, 51.3481453]}, "properties": {"id": "osm:way:172585567", "type": "kindergarten", "name": "Herz-Jesu-Kindergarten", "source": "OpenStreetMap/Overpass"}}, {"type": "Feature", "geometry": {"type": "Point", "coordinates": [6.7232846, 51.1708581]}, "properties": {"id": "osm:way:173074350", "type": "school", "name": "Gebrüder-Grimm-Grundschule", "source": "OpenStreetMap/Overpass"}}, {"type": "Feature", "geometry": {"type": "Point", "coordinates": [6.8004865, 51.2263396]}, "properties": {"id": "osm:way:173383379", "type": "school", "name": "ASG Bildungsforum", "source": "OpenStreetMap/Overpass"}}, {"type": "Feature", "geometry": {"type": "Point", "coordinates": [6.8197163, 51.3054506]}, "properties": {"id": "osm:way:174525735", "type": "school", "name": "Paul-Maar-Schule", "source": "OpenStreetMap/Overpass"}}, {"type": "Feature", "geometry": {"type": "Point", "coordinates": [6.7959804, 51.2849722]}, "properties": {"id": "osm:way:175662275", "type": "school", "name": "GGS Krahnenburgstraße", "source": "OpenStreetMap/Overpass"}}, {"type": "Feature", "geometry": {"type": "Point", "coordinates": [6.8108644, 51.1375789]}, "properties": {"id": "osm:way:179544093", "type": "kindergarten", "name": "Evangelische Kindertagesstätte \"Die Schatzkiste\"", "source": "OpenStreetMap/Overpass"}}, {"type": "Feature", "geometry": {"type": "Point", "coordinates": [6.8503619, 51.2985432]}, "properties": {"id": "osm:way:182257032", "type": "kindergarten", "name": "Kindertagesstätte Sankt Ursula", "source": "OpenStreetMap/Overpass"}}, {"type": "Feature", "geometry": {"type": "Point", "coordinates": [6.70654, 51.1747694]}, "properties": {"id": "osm:way:183398199", "type": "kindergarten", "name": "Integrativer Kindergarten Sternschnuppe", "source": "OpenStreetMap/Overpass"}}, {"type": "Feature", "geometry": {"type": "Point", "coordinates": [6.8657841, 51.1796689]}, "properties": {"id": "osm:way:184159397", "type": "kindergarten", "name": "Am Köhnen", "source": "OpenStreetMap/Overpass"}}, {"type": "Feature", "geometry": {"type": "Point", "coordinates": [6.7300616, 51.1628132]}, "properties": {"id": "osm:way:186661846", "type": "kindergarten", "name": "Johanniter-Familienzentrum Norfbachaue", "source": "OpenStreetMap/Overpass"}}, {"type": "Feature", "geometry": {"type": "Point", "coordinates": [6.7759799, 51.2413746]}, "properties": {"id": "osm:way:188618139", "type": "school", "name": "Yitzhak-Rabin-Schule", "source": "OpenStreetMap/Overpass"}}, {"type": "Feature", "geometry": {"type": "Point", "coordinates": [6.7860179, 51.2420108]}, "properties": {"id": "osm:way:189199770", "type": "school", "name": "Leibniz-Montessori-Gymnasium", "source": "OpenStreetMap/Overpass"}}, {"type": "Feature", "geometry": {"type": "Point", "coordinates": [6.7844495, 51.2395601]}, "properties": {"id": "osm:way:189207025", "type": "school", "name": "St. Rochus-Schule", "source": "OpenStreetMap/Overpass"}}, {"type": "Feature", "geometry": {"type": "Point", "coordinates": [6.8256067, 51.2679801]}, "properties": {"id": "osm:way:191577258", "type": "school", "name": "Joachim-Neander-Schule", "source": "OpenStreetMap/Overpass"}}, {"type": "Feature", "geometry": {"type": "Point", "coordinates": [6.8524005, 51.2891305]}, "properties": {"id": "osm:way:192307046", "type": "school", "name": "Gebrüder-Grimm-Schule", "source": "OpenStreetMap/Overpass"}}, {"type": "Feature", "geometry": {"type": "Point", "coordinates": [6.8571788, 51.2939333]}, "properties": {"id": "osm:way:192351653", "type": "school", "name": "", "source": "OpenStreetMap/Overpass"}}, {"type": "Feature", "geometry": {"type": "Point", "coordinates": [6.7996451, 51.2314588]}, "properties": {"id": "osm:way:193844807", "type": "school", "name": "Werner-von-Siemens-Realschule", "source": "OpenStreetMap/Overpass"}}, {"type": "Feature", "geometry": {"type": "Point", "coordinates": [6.8681459, 51.1817611]}, "properties": {"id": "osm:way:193937743", "type": "kindergarten", "name": "Städtische Kindertagesstätte Altenbrückstraße", "source": "OpenStreetMap/Overpass"}}, {"type": "Feature", "geometry": {"type": "Point", "coordinates": [6.8288063, 51.2909887]}, "properties": {"id": "osm:way:196522141", "type": "kindergarten", "name": "Heilpädagogischer Kindergarten Scheifenkamp", "source": "OpenStreetMap/Overpass"}}, {"type": "Feature", "geometry": {"type": "Point", "coordinates": [6.8538609, 51.3020985]}, "properties": {"id": "osm:way:197253330", "type": "school", "name": "Anne-Frank-Schule", "source": "OpenStreetMap/Overpass"}}, {"type": "Feature", "geometry": {"type": "Point", "coordinates": [6.8205838, 51.1391244]}, "properties": {"id": "osm:way:199747345", "type": "school", "name": "St.Nikolaus Grundschule", "source": "OpenStreetMap/Overpass"}}, {"type": "Feature", "geometry": {"type": "Point", "coordinates": [6.8678659, 51.2945784]}, "properties": {"id": "osm:way:200037212", "type": "kindergarten", "name": "KiTa Oststraße", "source": "OpenStreetMap/Overpass"}}, {"type": "Feature", "geometry": {"type": "Point", "coordinates": [6.6951298, 51.1897988]}, "properties": {"id": "osm:way:213841208", "type": "school", "name": "Berufsbildungszentrum Neuss-Weingartstraße", "source": "OpenStreetMap/Overpass"}}, {"type": "Feature", "geometry": {"type": "Point", "coordinates": [6.6980893, 51.2512673]}, "properties": {"id": "osm:way:217199164", "type": "childcare", "name": "Konfetti Meerbusch", "source": "OpenStreetMap/Overpass"}}, {"type": "Feature", "geometry": {"type": "Point", "coordinates": [6.8754603, 51.26707]}, "properties": {"id": "osm:way:224985589", "type": "school", "name": "GGS Knittkuhl", "source": "OpenStreetMap/Overpass"}}, {"type": "Feature", "geometry": {"type": "Point", "coordinates": [6.80729, 51.2100652]}, "properties": {"id": "osm:way:227392206", "type": "school", "name": "GGS Stoffeler Straße", "source": "OpenStreetMap/Overpass"}}, {"type": "Feature", "geometry": {"type": "Point", "coordinates": [6.6995552, 51.2466644]}, "properties": {"id": "osm:way:229304004", "type": "school", "name": "Adam-Riese-Schule", "source": "OpenStreetMap/Overpass"}}, {"type": "Feature", "geometry": {"type": "Point", "coordinates": [6.8505707, 51.2295139]}, "properties": {"id": "osm:way:239996994", "type": "kindergarten", "name": "", "source": "OpenStreetMap/Overpass"}}, {"type": "Feature", "geometry": {"type": "Point", "coordinates": [6.757401, 51.3149481]}, "properties": {"id": "osm:way:240191507", "type": "school", "name": "Schulen der Graf-Recke-Stiftung", "source": "OpenStreetMap/Overpass"}}, {"type": "Feature", "geometry": {"type": "Point", "coordinates": [6.9066583, 51.1441956]}, "properties": {"id": "osm:way:244400066", "type": "kindergarten", "name": "Carl-Friedr.-Goerdeler-Straße, Sprachheilkindergarten", "source": "OpenStreetMap/Overpass"}}, {"type": "Feature", "geometry": {"type": "Point", "coordinates": [6.8998964, 51.1505775]}, "properties": {"id": "osm:way:244879684", "type": "kindergarten", "name": "Familienzentrum Stettiner Straße", "source": "OpenStreetMap/Overpass"}}, {"type": "Feature", "geometry": {"type": "Point", "coordinates": [6.7353747, 51.1514021]}, "properties": {"id": "osm:way:249427764", "type": "kindergarten", "name": "", "source": "OpenStreetMap/Overpass"}}, {"type": "Feature", "geometry": {"type": "Point", "coordinates": [6.8851167, 51.1676794]}, "properties": {"id": "osm:way:252744372", "type": "kindergarten", "name": "Katholische Kindertagesstätte Sankt-Cäcilia", "source": "OpenStreetMap/Overpass"}}, {"type": "Feature", "geometry": {"type": "Point", "coordinates": [6.7265539, 51.16574]}, "properties": {"id": "osm:way:254055312", "type": "kindergarten", "name": "Kita KiKu Waldwichtel", "source": "OpenStreetMap/Overpass"}}, {"type": "Feature", "geometry": {"type": "Point", "coordinates": [6.8989646, 51.1348129]}, "properties": {"id": "osm:way:258010553", "type": "kindergarten", "name": "Städtische Tageseinrichtung für Kinder Emil-Barth-Straße", "source": "OpenStreetMap/Overpass"}}, {"type": "Feature", "geometry": {"type": "Point", "coordinates": [6.7331865, 51.1525999]}, "properties": {"id": "osm:way:261772222", "type": "school", "name": "Gesamtschule Norf", "source": "OpenStreetMap/Overpass"}}, {"type": "Feature", "geometry": {"type": "Point", "coordinates": [6.7051346, 51.1411673]}, "properties": {"id": "osm:way:265299526", "type": "kindergarten", "name": "Katholischer Kindergarten Sankt Peter", "source": "OpenStreetMap/Overpass"}}, {"type": "Feature", "geometry": {"type": "Point", "coordinates": [6.7011317, 51.1403377]}, "properties": {"id": "osm:way:265318011", "type": "school", "name": "Richard-Schirrmann-Schule", "source": "OpenStreetMap/Overpass"}}, {"type": "Feature", "geometry": {"type": "Point", "coordinates": [6.889819, 51.153913]}, "properties": {"id": "osm:way:268727371", "type": "kindergarten", "name": "Tageseinrichtung für Kinder - Wittenberger Weg 108", "source": "OpenStreetMap/Overpass"}}, {"type": "Feature", "geometry": {"type": "Point", "coordinates": [6.7828903, 51.3513767]}, "properties": {"id": "osm:way:269523353", "type": "kindergarten", "name": "Katholischer Kindergarten St. Hubertus", "source": "OpenStreetMap/Overpass"}}, {"type": "Feature", "geometry": {"type": "Point", "coordinates": [6.8542163, 51.2421933]}, "properties": {"id": "osm:way:276491929", "type": "kindergarten", "name": "", "source": "OpenStreetMap/Overpass"}}, {"type": "Feature", "geometry": {"type": "Point", "coordinates": [6.7896881, 51.194237]}, "properties": {"id": "osm:way:277373570", "type": "school", "name": "Alfred-Adler-Schule 11.66", "source": "OpenStreetMap/Overpass"}}, {"type": "Feature", "geometry": {"type": "Point", "coordinates": [6.8252776, 51.1874481]}, "properties": {"id": "osm:way:277608114", "type": "kindergarten", "name": "Ulrike-Frey-Haus", "source": "OpenStreetMap/Overpass"}}, {"type": "Feature", "geometry": {"type": "Point", "coordinates": [6.827371, 51.1837782]}, "properties": {"id": "osm:way:277627207", "type": "kindergarten", "name": "Kath.Integratives Montessori Kinderhaus St.Theresia", "source": "OpenStreetMap/Overpass"}}, {"type": "Feature", "geometry": {"type": "Point", "coordinates": [6.8290139, 51.1831513]}, "properties": {"id": "osm:way:277628510", "type": "kindergarten", "name": "Tageseinrichtung für Kinder – Lummerland", "source": "OpenStreetMap/Overpass"}}, {"type": "Feature", "geometry": {"type": "Point", "coordinates": [6.906858, 51.3310593]}, "properties": {"id": "osm:way:280804281", "type": "school", "name": "Wilhelm-Busch-Schule", "source": "OpenStreetMap/Overpass"}}, {"type": "Feature", "geometry": {"type": "Point", "coordinates": [6.9076022, 51.330985]}, "properties": {"id": "osm:way:280804331", "type": "school", "name": "Wilhelm-Busch-Schule", "source": "OpenStreetMap/Overpass"}}, {"type": "Feature", "geometry": {"type": "Point", "coordinates": [6.9064569, 51.3311678]}, "properties": {"id": "osm:way:280804347", "type": "school", "name": "Wilhelm-Busch-Schule", "source": "OpenStreetMap/Overpass"}}, {"type": "Feature", "geometry": {"type": "Point", "coordinates": [6.9071933, 51.3308153]}, "properties": {"id": "osm:way:280804392", "type": "school", "name": "Wilhelm-Busch-Schule", "source": "OpenStreetMap/Overpass"}}, {"type": "Feature", "geometry": {"type": "Point", "coordinates": [6.9176785, 51.2992271]}, "properties": {"id": "osm:way:296479337", "type": "kindergarten", "name": "Mozartstraße", "source": "OpenStreetMap/Overpass"}}, {"type": "Feature", "geometry": {"type": "Point", "coordinates": [6.7845344, 51.2441175]}, "properties": {"id": "osm:way:297265402", "type": "school", "name": "Städtische katholische Grundschule", "source": "OpenStreetMap/Overpass"}}, {"type": "Feature", "geometry": {"type": "Point", "coordinates": [6.8284185, 51.3431834]}, "properties": {"id": "osm:way:301651463", "type": "school", "name": "Kopernikus-Gymnasium-Lintorf", "source": "OpenStreetMap/Overpass"}}, {"type": "Feature", "geometry": {"type": "Point", "coordinates": [6.8271425, 51.3431105]}, "properties": {"id": "osm:way:301651492", "type": "school", "name": "Heinrich-Schmitz-Schule", "source": "OpenStreetMap/Overpass"}}, {"type": "Feature", "geometry": {"type": "Point", "coordinates": [6.7452471, 51.3197421]}, "properties": {"id": "osm:way:305303654", "type": "childcare", "name": "Städtisches Haus für Kinder, Jugendliche und Familien - nordkap.familie", "source": "OpenStreetMap/Overpass"}}, {"type": "Feature", "geometry": {"type": "Point", "coordinates": [6.8293884, 51.3305928]}, "properties": {"id": "osm:way:307686524", "type": "school", "name": "Johann-Peter-Melchior-Schule", "source": "OpenStreetMap/Overpass"}}, {"type": "Feature", "geometry": {"type": "Point", "coordinates": [6.8296445, 51.3347653]}, "properties": {"id": "osm:way:307756690", "type": "school", "name": "Eduard-Dietrich-Schule", "source": "OpenStreetMap/Overpass"}}, {"type": "Feature", "geometry": {"type": "Point", "coordinates": [6.8245081, 51.331085]}, "properties": {"id": "osm:way:307862659", "type": "school", "name": "Schule im Neanderland/Comenius-Schule", "source": "OpenStreetMap/Overpass"}}, {"type": "Feature", "geometry": {"type": "Point", "coordinates": [6.7414487, 51.2058153]}, "properties": {"id": "osm:way:310303351", "type": "school", "name": "Katholische Grundschule Florensstraße", "source": "OpenStreetMap/Overpass"}}, {"type": "Feature", "geometry": {"type": "Point", "coordinates": [6.7112523, 51.3504894]}, "properties": {"id": "osm:way:314182492", "type": "school", "name": "Schulverbund GGS Im Reimel (Teilstandort)", "source": "OpenStreetMap/Overpass"}}, {"type": "Feature", "geometry": {"type": "Point", "coordinates": [6.7846306, 51.3282326]}, "properties": {"id": "osm:way:314778594", "type": "school", "name": "Friedrich-von-Spee-Schule", "source": "OpenStreetMap/Overpass"}}, {"type": "Feature", "geometry": {"type": "Point", "coordinates": [6.8031861, 51.2109744]}, "properties": {"id": "osm:way:318316773", "type": "school", "name": "Jan-Wellem-Schule", "source": "OpenStreetMap/Overpass"}}, {"type": "Feature", "geometry": {"type": "Point", "coordinates": [6.9238998, 51.1999596]}, "properties": {"id": "osm:way:340289026", "type": "school", "name": "Städt. Gem. Grundschule Regenbogenschule Erkrath", "source": "OpenStreetMap/Overpass"}}, {"type": "Feature", "geometry": {"type": "Point", "coordinates": [6.9232518, 51.2005678]}, "properties": {"id": "osm:way:340289029", "type": "kindergarten", "name": "Kita Unterfeldhaus", "source": "OpenStreetMap/Overpass"}}, {"type": "Feature", "geometry": {"type": "Point", "coordinates": [6.9232659, 51.2005114]}, "properties": {"id": "osm:way:340363308", "type": "kindergarten", "name": "Städtische Kita Unterfeldhaus", "source": "OpenStreetMap/Overpass"}}, {"type": "Feature", "geometry": {"type": "Point", "coordinates": [6.9106949, 51.1643178]}, "properties": {"id": "osm:way:354604623", "type": "kindergarten", "name": "KiTa Pusteblume", "source": "OpenStreetMap/Overpass"}}, {"type": "Feature", "geometry": {"type": "Point", "coordinates": [6.9141594, 51.3346259]}, "properties": {"id": "osm:way:359948105", "type": "kindergarten", "name": "", "source": "OpenStreetMap/Overpass"}}, {"type": "Feature", "geometry": {"type": "Point", "coordinates": [6.7664591, 51.2060038]}, "properties": {"id": "osm:way:366776428", "type": "school", "name": "Berufskolleg Bachstraße - Dependance Suitbertusstraße", "source": "OpenStreetMap/Overpass"}}, {"type": "Feature", "geometry": {"type": "Point", "coordinates": [6.7505895, 51.136032]}, "properties": {"id": "osm:way:368117181", "type": "kindergarten", "name": "Kindertagesstätte \"Zauberhügel\"", "source": "OpenStreetMap/Overpass"}}, {"type": "Feature", "geometry": {"type": "Point", "coordinates": [6.7362697, 51.1612044]}, "properties": {"id": "osm:way:372464088", "type": "school", "name": "", "source": "OpenStreetMap/Overpass"}}, {"type": "Feature", "geometry": {"type": "Point", "coordinates": [6.8234991, 51.2464037]}, "properties": {"id": "osm:way:379955110", "type": "school", "name": "GHS Graf-Recke-Straße", "source": "OpenStreetMap/Overpass"}}, {"type": "Feature", "geometry": {"type": "Point", "coordinates": [6.8583881, 51.2932911]}, "properties": {"id": "osm:way:390795393", "type": "kindergarten", "name": "Liebfrauenkindergarten", "source": "OpenStreetMap/Overpass"}}, {"type": "Feature", "geometry": {"type": "Point", "coordinates": [6.7452942, 51.1421184]}, "properties": {"id": "osm:way:405749749", "type": "kindergarten", "name": "Ev. Kindertageseinrichtung Allerheiligen", "source": "OpenStreetMap/Overpass"}}, {"type": "Feature", "geometry": {"type": "Point", "coordinates": [6.7375595, 51.275623]}, "properties": {"id": "osm:way:408542632", "type": "school", "name": "Katholische Grundschule Lohausen", "source": "OpenStreetMap/Overpass"}}, {"type": "Feature", "geometry": {"type": "Point", "coordinates": [6.7907119, 51.2351342]}, "properties": {"id": "osm:way:415328935", "type": "kindergarten", "name": "Kindertagesstätte St. Rochus", "source": "OpenStreetMap/Overpass"}}, {"type": "Feature", "geometry": {"type": "Point", "coordinates": [6.8381612, 51.1918162]}, "properties": {"id": "osm:way:428993437", "type": "kindergarten", "name": "Fuldaer Straße", "source": "OpenStreetMap/Overpass"}}, {"type": "Feature", "geometry": {"type": "Point", "coordinates": [6.8370146, 51.1917162]}, "properties": {"id": "osm:way:428993485", "type": "school", "name": "Städtische Katholische Grundschule Fuldaer Straße", "source": "OpenStreetMap/Overpass"}}, {"type": "Feature", "geometry": {"type": "Point", "coordinates": [6.7449656, 51.1356457]}, "properties": {"id": "osm:way:429375263", "type": "kindergarten", "name": "KiTa Wurzelzwerge", "source": "OpenStreetMap/Overpass"}}, {"type": "Feature", "geometry": {"type": "Point", "coordinates": [6.7741655, 51.206649]}, "properties": {"id": "osm:way:429513290", "type": "kindergarten", "name": "", "source": "OpenStreetMap/Overpass"}}, {"type": "Feature", "geometry": {"type": "Point", "coordinates": [6.764264, 51.2100628]}, "properties": {"id": "osm:way:429532893", "type": "kindergarten", "name": "", "source": "OpenStreetMap/Overpass"}}, {"type": "Feature", "geometry": {"type": "Point", "coordinates": [6.9099388, 51.2258431]}, "properties": {"id": "osm:way:441898244", "type": "school", "name": "Gymnasium am Neandertal", "source": "OpenStreetMap/Overpass"}}, {"type": "Feature", "geometry": {"type": "Point", "coordinates": [6.9097019, 51.2270757]}, "properties": {"id": "osm:way:441898289", "type": "school", "name": "Realschule Erkrath", "source": "OpenStreetMap/Overpass"}}, {"type": "Feature", "geometry": {"type": "Point", "coordinates": [6.7799296, 51.2482098]}, "properties": {"id": "osm:way:459803612", "type": "kindergarten", "name": "Tageseinrichtung für Kinder - Kanonierstraße", "source": "OpenStreetMap/Overpass"}}, {"type": "Feature", "geometry": {"type": "Point", "coordinates": [6.6923174, 51.1831981]}, "properties": {"id": "osm:way:477658596", "type": "kindergarten", "name": "Kindergarten Weberstraße", "source": "OpenStreetMap/Overpass"}}, {"type": "Feature", "geometry": {"type": "Point", "coordinates": [6.6942024, 51.182739]}, "properties": {"id": "osm:way:478140077", "type": "school", "name": "Joseph-Beuys-Schule", "source": "OpenStreetMap/Overpass"}}, {"type": "Feature", "geometry": {"type": "Point", "coordinates": [6.7521649, 51.1405899]}, "properties": {"id": "osm:way:490280988", "type": "school", "name": "Grundschule Allerheiligen", "source": "OpenStreetMap/Overpass"}}, {"type": "Feature", "geometry": {"type": "Point", "coordinates": [6.9324707, 51.1820745]}, "properties": {"id": "osm:way:539606074", "type": "kindergarten", "name": "Familienzentrum Ev. Friedenskirche", "source": "OpenStreetMap/Overpass"}}, {"type": "Feature", "geometry": {"type": "Point", "coordinates": [6.6931158, 51.1671717]}, "properties": {"id": "osm:way:542950228", "type": "school", "name": "Gesamtschule An der Erft", "source": "OpenStreetMap/Overpass"}}, {"type": "Feature", "geometry": {"type": "Point", "coordinates": [6.7430776, 51.2384036]}, "properties": {"id": "osm:way:547972411", "type": "school", "name": "Japanische Internationale Schule in Düsseldorf", "source": "OpenStreetMap/Overpass"}}, {"type": "Feature", "geometry": {"type": "Point", "coordinates": [6.6919838, 51.2533105]}, "properties": {"id": "osm:way:557626622", "type": "school", "name": "Brüder-Grimm-Grundschule", "source": "OpenStreetMap/Overpass"}}, {"type": "Feature", "geometry": {"type": "Point", "coordinates": [6.7512973, 51.2379263]}, "properties": {"id": "osm:way:571092373", "type": "school", "name": "Carl-Benz-Realschule", "source": "OpenStreetMap/Overpass"}}, {"type": "Feature", "geometry": {"type": "Point", "coordinates": [6.7494282, 51.2382422]}, "properties": {"id": "osm:way:571092376", "type": "school", "name": "Cecilien-Gymnasium", "source": "OpenStreetMap/Overpass"}}, {"type": "Feature", "geometry": {"type": "Point", "coordinates": [6.7378424, 51.326859]}, "properties": {"id": "osm:way:571126243", "type": "school", "name": "Franz-Vaahsen-Schule", "source": "OpenStreetMap/Overpass"}}, {"type": "Feature", "geometry": {"type": "Point", "coordinates": [6.7729548, 51.2300569]}, "properties": {"id": "osm:way:579524783", "type": "school", "name": "St.-Ursula-Gymnasium", "source": "OpenStreetMap/Overpass"}}, {"type": "Feature", "geometry": {"type": "Point", "coordinates": [6.816224, 51.2922721]}, "properties": {"id": "osm:way:580367789", "type": "kindergarten", "name": "KiTa Erfurter Straße", "source": "OpenStreetMap/Overpass"}}, {"type": "Feature", "geometry": {"type": "Point", "coordinates": [6.6945986, 51.1546478]}, "properties": {"id": "osm:way:650562678", "type": "kindergarten", "name": "Evangelisches Familienzentrum für Kinder „Am Palmstrauch“", "source": "OpenStreetMap/Overpass"}}, {"type": "Feature", "geometry": {"type": "Point", "coordinates": [6.9092812, 51.1629103]}, "properties": {"id": "osm:way:673598856", "type": "school", "name": "Walter-Wiederhold-Schule", "source": "OpenStreetMap/Overpass"}}, {"type": "Feature", "geometry": {"type": "Point", "coordinates": [6.8349146, 51.199809]}, "properties": {"id": "osm:way:693971522", "type": "school", "name": "Gymnasium Bernburger Straße", "source": "OpenStreetMap/Overpass"}}, {"type": "Feature", "geometry": {"type": "Point", "coordinates": [6.932104, 51.1794122]}, "properties": {"id": "osm:way:700488015", "type": "school", "name": "Grundschulverbund Beethovenstraße", "source": "OpenStreetMap/Overpass"}}, {"type": "Feature", "geometry": {"type": "Point", "coordinates": [6.9337539, 51.1783257]}, "properties": {"id": "osm:way:700504284", "type": "school", "name": "Förderzentrum Mitte - Standort Hilden", "source": "OpenStreetMap/Overpass"}}, {"type": "Feature", "geometry": {"type": "Point", "coordinates": [6.8561493, 51.2162082]}, "properties": {"id": "osm:way:702127607", "type": "kindergarten", "name": "Kita Tannenhof", "source": "OpenStreetMap/Overpass"}}, {"type": "Feature", "geometry": {"type": "Point", "coordinates": [6.8421049, 51.2974284]}, "properties": {"id": "osm:way:741763372", "type": "school", "name": "Friedrich-Ebert-Realschule", "source": "OpenStreetMap/Overpass"}}, {"type": "Feature", "geometry": {"type": "Point", "coordinates": [6.7425716, 51.1754034]}, "properties": {"id": "osm:way:749567300", "type": "kindergarten", "name": "Familienzentrum Sonnenblume", "source": "OpenStreetMap/Overpass"}}, {"type": "Feature", "geometry": {"type": "Point", "coordinates": [6.7464226, 51.3059131]}, "properties": {"id": "osm:way:757060121", "type": "school", "name": "Theodor-Fliedner-Gymnasium", "source": "OpenStreetMap/Overpass"}}, {"type": "Feature", "geometry": {"type": "Point", "coordinates": [6.7777036, 51.2210797]}, "properties": {"id": "osm:way:760846103", "type": "school", "name": "Görres-Gymnasium", "source": "OpenStreetMap/Overpass"}}, {"type": "Feature", "geometry": {"type": "Point", "coordinates": [6.7759789, 51.2219353]}, "properties": {"id": "osm:way:760846105", "type": "school", "name": "Luisen-Gymnasium", "source": "OpenStreetMap/Overpass"}}, {"type": "Feature", "geometry": {"type": "Point", "coordinates": [6.7827904, 51.2758763]}, "properties": {"id": "osm:way:762170951", "type": "school", "name": "Städtische-Grundschule", "source": "OpenStreetMap/Overpass"}}, {"type": "Feature", "geometry": {"type": "Point", "coordinates": [6.7414017, 51.1798534]}, "properties": {"id": "osm:way:776232029", "type": "childcare", "name": "", "source": "OpenStreetMap/Overpass"}}, {"type": "Feature", "geometry": {"type": "Point", "coordinates": [6.7415233, 51.1797337]}, "properties": {"id": "osm:way:776232030", "type": "kindergarten", "name": "Kindertagesstätte St. Cyriakus", "source": "OpenStreetMap/Overpass"}}, {"type": "Feature", "geometry": {"type": "Point", "coordinates": [6.7593765, 51.2586152]}, "properties": {"id": "osm:way:778877165", "type": "school", "name": "Toni Turek Realschule", "source": "OpenStreetMap/Overpass"}}, {"type": "Feature", "geometry": {"type": "Point", "coordinates": [6.7461756, 51.1718735]}, "properties": {"id": "osm:way:780001271", "type": "kindergarten", "name": "KiTa “Entdeckerland”", "source": "OpenStreetMap/Overpass"}}, {"type": "Feature", "geometry": {"type": "Point", "coordinates": [6.7071682, 51.2372632]}, "properties": {"id": "osm:way:815862124", "type": "kindergarten", "name": "AWO Kita \"Am Ökotop Heerdt\"", "source": "OpenStreetMap/Overpass"}}, {"type": "Feature", "geometry": {"type": "Point", "coordinates": [6.7374236, 51.128617]}, "properties": {"id": "osm:way:819949357", "type": "kindergarten", "name": "Kita am Mühlenbusch", "source": "OpenStreetMap/Overpass"}}, {"type": "Feature", "geometry": {"type": "Point", "coordinates": [6.7517954, 51.1398512]}, "properties": {"id": "osm:way:820239111", "type": "kindergarten", "name": "Kita Abenteuerland", "source": "OpenStreetMap/Overpass"}}, {"type": "Feature", "geometry": {"type": "Point", "coordinates": [6.6988769, 51.2378028]}, "properties": {"id": "osm:way:828486808", "type": "kindergarten", "name": "Städtische KiTa \"Sonnengarten\"", "source": "OpenStreetMap/Overpass"}}, {"type": "Feature", "geometry": {"type": "Point", "coordinates": [6.7320144, 51.1254854]}, "properties": {"id": "osm:way:831363475", "type": "kindergarten", "name": "Ev. Kindertagesstätte Föhrenstraße", "source": "OpenStreetMap/Overpass"}}, {"type": "Feature", "geometry": {"type": "Point", "coordinates": [6.7344327, 51.1310805]}, "properties": {"id": "osm:way:842424848", "type": "kindergarten", "name": "Janssen Spatzennest", "source": "OpenStreetMap/Overpass"}}, {"type": "Feature", "geometry": {"type": "Point", "coordinates": [6.9373853, 51.2169855]}, "properties": {"id": "osm:way:851080198", "type": "kindergarten", "name": "AWO Kindertagesstätte Hüttenstraße", "source": "OpenStreetMap/Overpass"}}, {"type": "Feature", "geometry": {"type": "Point", "coordinates": [6.7382088, 51.3021823]}, "properties": {"id": "osm:way:851295226", "type": "school", "name": "Grundschule Kaiserswerth", "source": "OpenStreetMap/Overpass"}}, {"type": "Feature", "geometry": {"type": "Point", "coordinates": [6.8066435, 51.2288549]}, "properties": {"id": "osm:way:851295230", "type": "school", "name": "Maria-Montessori-Gesamtschule", "source": "OpenStreetMap/Overpass"}}, {"type": "Feature", "geometry": {"type": "Point", "coordinates": [6.692211, 51.1663542]}, "properties": {"id": "osm:way:871394884", "type": "school", "name": "Sankt-Hubertus-Grundschule", "source": "OpenStreetMap/Overpass"}}, {"type": "Feature", "geometry": {"type": "Point", "coordinates": [6.7260611, 51.1699048]}, "properties": {"id": "osm:way:871711476", "type": "kindergarten", "name": "Kita Sankt Cornelius", "source": "OpenStreetMap/Overpass"}}, {"type": "Feature", "geometry": {"type": "Point", "coordinates": [6.7040878, 51.1589855]}, "properties": {"id": "osm:way:884054913", "type": "kindergarten", "name": "DRK Kindertagesstätte am Hummelbach", "source": "OpenStreetMap/Overpass"}}, {"type": "Feature", "geometry": {"type": "Point", "coordinates": [6.7863578, 51.1930648]}, "properties": {"id": "osm:way:886712233", "type": "kindergarten", "name": "Tageseinrichtung für Kinder - Himmelgeister Straße", "source": "OpenStreetMap/Overpass"}}, {"type": "Feature", "geometry": {"type": "Point", "coordinates": [6.853679, 51.2364007]}, "properties": {"id": "osm:way:886723561", "type": "kindergarten", "name": "", "source": "OpenStreetMap/Overpass"}}, {"type": "Feature", "geometry": {"type": "Point", "coordinates": [6.8440751, 51.2299088]}, "properties": {"id": "osm:way:886793648", "type": "kindergarten", "name": "", "source": "OpenStreetMap/Overpass"}}, {"type": "Feature", "geometry": {"type": "Point", "coordinates": [6.8426032, 51.2301098]}, "properties": {"id": "osm:way:886793649", "type": "school", "name": "", "source": "OpenStreetMap/Overpass"}}, {"type": "Feature", "geometry": {"type": "Point", "coordinates": [6.8433058, 51.2289355]}, "properties": {"id": "osm:way:887066050", "type": "kindergarten", "name": "St. Maria vom Frieden", "source": "OpenStreetMap/Overpass"}}, {"type": "Feature", "geometry": {"type": "Point", "coordinates": [6.8419803, 51.2283375]}, "properties": {"id": "osm:way:887077150", "type": "kindergarten", "name": "", "source": "OpenStreetMap/Overpass"}}, {"type": "Feature", "geometry": {"type": "Point", "coordinates": [6.8588282, 51.2319777]}, "properties": {"id": "osm:way:887508629", "type": "kindergarten", "name": "Urmelhaus", "source": "OpenStreetMap/Overpass"}}, {"type": "Feature", "geometry": {"type": "Point", "coordinates": [6.8614939, 51.2293329]}, "properties": {"id": "osm:way:887935864", "type": "kindergarten", "name": "", "source": "OpenStreetMap/Overpass"}}, {"type": "Feature", "geometry": {"type": "Point", "coordinates": [6.8720427, 51.1512123]}, "properties": {"id": "osm:way:909369935", "type": "kindergarten", "name": "Städtische Kindertagesstätte Kohlhagenstraße", "source": "OpenStreetMap/Overpass"}}, {"type": "Feature", "geometry": {"type": "Point", "coordinates": [6.6928419, 51.2164415]}, "properties": {"id": "osm:way:909913661", "type": "kindergarten", "name": "Kindertagesstätte \"Lebendiges Haus\"", "source": "OpenStreetMap/Overpass"}}, {"type": "Feature", "geometry": {"type": "Point", "coordinates": [6.6933166, 51.2172124]}, "properties": {"id": "osm:way:909917280", "type": "school", "name": "Offene Ganztagsgrundschule \"Die Brücke\" Standort Heerdter Straße", "source": "OpenStreetMap/Overpass"}}, {"type": "Feature", "geometry": {"type": "Point", "coordinates": [6.7011257, 51.2467818]}, "properties": {"id": "osm:way:910107436", "type": "kindergarten", "name": "Kath. KiTa Karl Borromäus", "source": "OpenStreetMap/Overpass"}}, {"type": "Feature", "geometry": {"type": "Point", "coordinates": [6.9167679, 51.2163985]}, "properties": {"id": "osm:way:910592323", "type": "school", "name": "GGS Erkrath Hauptstandort Falkenstraße", "source": "OpenStreetMap/Overpass"}}, {"type": "Feature", "geometry": {"type": "Point", "coordinates": [6.9171703, 51.2160371]}, "properties": {"id": "osm:way:910592324", "type": "kindergarten", "name": "Kindergarten Falkenstraße", "source": "OpenStreetMap/Overpass"}}, {"type": "Feature", "geometry": {"type": "Point", "coordinates": [6.914633, 51.2168298]}, "properties": {"id": "osm:way:910596444", "type": "kindergarten", "name": "Kita St. Katharina", "source": "OpenStreetMap/Overpass"}}, {"type": "Feature", "geometry": {"type": "Point", "coordinates": [6.9138826, 51.2215518]}, "properties": {"id": "osm:way:910596446", "type": "kindergarten", "name": "Kita St. Johannes der Täufer", "source": "OpenStreetMap/Overpass"}}, {"type": "Feature", "geometry": {"type": "Point", "coordinates": [6.7162776, 51.2425223]}, "properties": {"id": "osm:way:931128005", "type": "kindergarten", "name": "Kita \"Buntes Leben\"", "source": "OpenStreetMap/Overpass"}}, {"type": "Feature", "geometry": {"type": "Point", "coordinates": [6.9361024, 51.1671728]}, "properties": {"id": "osm:way:947849110", "type": "school", "name": "Caritas-Kindergarten und Familienzentrum St. Jacobus", "source": "OpenStreetMap/Overpass"}}, {"type": "Feature", "geometry": {"type": "Point", "coordinates": [6.6954614, 51.1859986]}, "properties": {"id": "osm:way:948396247", "type": "kindergarten", "name": "DRK-Kita Mullewapp", "source": "OpenStreetMap/Overpass"}}, {"type": "Feature", "geometry": {"type": "Point", "coordinates": [6.8237493, 51.230683]}, "properties": {"id": "osm:way:951762169", "type": "kindergarten", "name": "Tageseinrichtung für Kinder - Evangelische Kindertagesstätte", "source": "OpenStreetMap/Overpass"}}, {"type": "Feature", "geometry": {"type": "Point", "coordinates": [6.8094522, 51.2329728]}, "properties": {"id": "osm:way:951773919", "type": "kindergarten", "name": "Grafenberger Allee", "source": "OpenStreetMap/Overpass"}}, {"type": "Feature", "geometry": {"type": "Point", "coordinates": [6.7844095, 51.2496334]}, "properties": {"id": "osm:way:951791719", "type": "kindergarten", "name": "Metzer Straße", "source": "OpenStreetMap/Overpass"}}, {"type": "Feature", "geometry": {"type": "Point", "coordinates": [6.7406468, 51.283783]}, "properties": {"id": "osm:way:952078906", "type": "kindergarten", "name": "Rheinpiloten", "source": "OpenStreetMap/Overpass"}}, {"type": "Feature", "geometry": {"type": "Point", "coordinates": [6.7055086, 51.1857103]}, "properties": {"id": "osm:way:953103199", "type": "kindergarten", "name": "KiTa Meertal", "source": "OpenStreetMap/Overpass"}}, {"type": "Feature", "geometry": {"type": "Point", "coordinates": [6.72447, 51.1517745]}, "properties": {"id": "osm:way:955075433", "type": "kindergarten", "name": "Kita KiKu Eichenallee", "source": "OpenStreetMap/Overpass"}}, {"type": "Feature", "geometry": {"type": "Point", "coordinates": [6.7234719, 51.155683]}, "properties": {"id": "osm:way:955389516", "type": "kindergarten", "name": "St. Andreas Norf", "source": "OpenStreetMap/Overpass"}}, {"type": "Feature", "geometry": {"type": "Point", "coordinates": [6.7269657, 51.1331215]}, "properties": {"id": "osm:way:956358456", "type": "kindergarten", "name": "Kath. Kindergarten St. Peter", "source": "OpenStreetMap/Overpass"}}, {"type": "Feature", "geometry": {"type": "Point", "coordinates": [6.6961381, 51.1532469]}, "properties": {"id": "osm:way:956689753", "type": "kindergarten", "name": "Familienzentrum Weckhoven", "source": "OpenStreetMap/Overpass"}}, {"type": "Feature", "geometry": {"type": "Point", "coordinates": [6.6987694, 51.158463]}, "properties": {"id": "osm:way:956699690", "type": "kindergarten", "name": "Ev. KiTa Zauberhütte", "source": "OpenStreetMap/Overpass"}}, {"type": "Feature", "geometry": {"type": "Point", "coordinates": [6.7409092, 51.1278647]}, "properties": {"id": "osm:way:961063227", "type": "kindergarten", "name": "Waldkindergarten Frischlinge e.V.", "source": "OpenStreetMap/Overpass"}}, {"type": "Feature", "geometry": {"type": "Point", "coordinates": [6.7420555, 51.1633352]}, "properties": {"id": "osm:way:961104712", "type": "kindergarten", "name": "Familienzentrum Kita Emsstraße", "source": "OpenStreetMap/Overpass"}}, {"type": "Feature", "geometry": {"type": "Point", "coordinates": [6.7230221, 51.1523602]}, "properties": {"id": "osm:way:978175244", "type": "school", "name": "Gymnasium Norf", "source": "OpenStreetMap/Overpass"}}, {"type": "Feature", "geometry": {"type": "Point", "coordinates": [6.8614812, 51.2981035]}, "properties": {"id": "osm:way:982970018", "type": "kindergarten", "name": "Kindertagesstätte Daag-Straße", "source": "OpenStreetMap/Overpass"}}, {"type": "Feature", "geometry": {"type": "Point", "coordinates": [6.8434639, 51.2434598]}, "properties": {"id": "osm:way:996372566", "type": "kindergarten", "name": "Kindertagesstätte Kicherbohne Elterninitiative e.V.", "source": "OpenStreetMap/Overpass"}}, {"type": "Feature", "geometry": {"type": "Point", "coordinates": [6.7359951, 51.1630182]}, "properties": {"id": "osm:way:997759202", "type": "kindergarten", "name": "Kita Sankt Michael", "source": "OpenStreetMap/Overpass"}}, {"type": "Feature", "geometry": {"type": "Point", "coordinates": [6.6917203, 51.239444]}, "properties": {"id": "osm:way:1007082350", "type": "kindergarten", "name": "Kita KiKu Rheinräuber", "source": "OpenStreetMap/Overpass"}}, {"type": "Feature", "geometry": {"type": "Point", "coordinates": [6.814516, 51.2639646]}, "properties": {"id": "osm:way:1011087931", "type": "kindergarten", "name": "FRÖBEL-Kindergarten", "source": "OpenStreetMap/Overpass"}}, {"type": "Feature", "geometry": {"type": "Point", "coordinates": [6.832647, 51.2348461]}, "properties": {"id": "osm:way:1012103287", "type": "kindergarten", "name": "Tageseinrichtung für Kinder – Sulzbachstraße", "source": "OpenStreetMap/Overpass"}}, {"type": "Feature", "geometry": {"type": "Point", "coordinates": [6.848501, 51.2408739]}, "properties": {"id": "osm:way:1012517420", "type": "kindergarten", "name": "DRK-Tageseinrichtung für Kinder-Sonnenhügel", "source": "OpenStreetMap/Overpass"}}, {"type": "Feature", "geometry": {"type": "Point", "coordinates": [6.7250765, 51.1709113]}, "properties": {"id": "osm:way:1014116997", "type": "kindergarten", "name": "DRK Kindergarten", "source": "OpenStreetMap/Overpass"}}, {"type": "Feature", "geometry": {"type": "Point", "coordinates": [6.7002833, 51.2296324]}, "properties": {"id": "osm:way:1014269248", "type": "kindergarten", "name": "Kath. Kita Pastor Klinkhammer", "source": "OpenStreetMap/Overpass"}}, {"type": "Feature", "geometry": {"type": "Point", "coordinates": [6.6896327, 51.1896927]}, "properties": {"id": "osm:way:1033919998", "type": "kindergarten", "name": "Katholisches Familienzentrum Hl. Dreikönige", "source": "OpenStreetMap/Overpass"}}, {"type": "Feature", "geometry": {"type": "Point", "coordinates": [6.7036142, 51.1893029]}, "properties": {"id": "osm:way:1069153318", "type": "kindergarten", "name": "Ev. KiTa An der Alten Wäscherei", "source": "OpenStreetMap/Overpass"}}, {"type": "Feature", "geometry": {"type": "Point", "coordinates": [6.8651804, 51.2587523]}, "properties": {"id": "osm:way:1090919152", "type": "kindergarten", "name": "", "source": "OpenStreetMap/Overpass"}}, {"type": "Feature", "geometry": {"type": "Point", "coordinates": [6.7350278, 51.1610554]}, "properties": {"id": "osm:way:1099489336", "type": "kindergarten", "name": "Kita KiKu Kleeblatt", "source": "OpenStreetMap/Overpass"}}, {"type": "Feature", "geometry": {"type": "Point", "coordinates": [6.6913807, 51.1665474]}, "properties": {"id": "osm:way:1102890801", "type": "kindergarten", "name": "Waldkindergarten", "source": "OpenStreetMap/Overpass"}}, {"type": "Feature", "geometry": {"type": "Point", "coordinates": [6.713883, 51.176456]}, "properties": {"id": "osm:way:1108107570", "type": "kindergarten", "name": "Pastor-Richrath-Kindergarten", "source": "OpenStreetMap/Overpass"}}, {"type": "Feature", "geometry": {"type": "Point", "coordinates": [6.8283009, 51.1704966]}, "properties": {"id": "osm:way:1108467333", "type": "kindergarten", "name": "Ev. Kindertagesstätte Arche Noah Düsseldorf", "source": "OpenStreetMap/Overpass"}}, {"type": "Feature", "geometry": {"type": "Point", "coordinates": [6.8261662, 51.1725433]}, "properties": {"id": "osm:way:1108575611", "type": "kindergarten", "name": "Evangelische Kita Am Falder", "source": "OpenStreetMap/Overpass"}}, {"type": "Feature", "geometry": {"type": "Point", "coordinates": [6.7158698, 51.1828311]}, "properties": {"id": "osm:way:1109220982", "type": "kindergarten", "name": "Kath. Kindergarten St. Konrad", "source": "OpenStreetMap/Overpass"}}, {"type": "Feature", "geometry": {"type": "Point", "coordinates": [6.7897044, 51.1938337]}, "properties": {"id": "osm:way:1125072445", "type": "kindergarten", "name": "Kita 16.51", "source": "OpenStreetMap/Overpass"}}, {"type": "Feature", "geometry": {"type": "Point", "coordinates": [6.6928694, 51.2009487]}, "properties": {"id": "osm:way:1125640481", "type": "school", "name": "Gymnasium Marienberg", "source": "OpenStreetMap/Overpass"}}, {"type": "Feature", "geometry": {"type": "Point", "coordinates": [6.83106, 51.2301296]}, "properties": {"id": "osm:way:1145585863", "type": "kindergarten", "name": "Familienzentrum Dornröschenweg 4", "source": "OpenStreetMap/Overpass"}}, {"type": "Feature", "geometry": {"type": "Point", "coordinates": [6.7073453, 51.2332807]}, "properties": {"id": "osm:way:1195188053", "type": "school", "name": "Élise Freinet Gesamtschule", "source": "OpenStreetMap/Overpass"}}, {"type": "Feature", "geometry": {"type": "Point", "coordinates": [6.7131153, 51.2049023]}, "properties": {"id": "osm:way:1203877398", "type": "kindergarten", "name": "Kita \"Kleine Leute, große Welt\"", "source": "OpenStreetMap/Overpass"}}, {"type": "Feature", "geometry": {"type": "Point", "coordinates": [6.6997411, 51.1553771]}, "properties": {"id": "osm:way:1208332869", "type": "kindergarten", "name": "Kita Sankt Paulus", "source": "OpenStreetMap/Overpass"}}, {"type": "Feature", "geometry": {"type": "Point", "coordinates": [6.7371825, 51.1773114]}, "properties": {"id": "osm:way:1215624568", "type": "kindergarten", "name": "", "source": "OpenStreetMap/Overpass"}}, {"type": "Feature", "geometry": {"type": "Point", "coordinates": [6.8072674, 51.1697788]}, "properties": {"id": "osm:way:1219700603", "type": "school", "name": "GGS Steinkaul", "source": "OpenStreetMap/Overpass"}}, {"type": "Feature", "geometry": {"type": "Point", "coordinates": [6.7686069, 51.2652577]}, "properties": {"id": "osm:way:1225072024", "type": "kindergarten", "name": "Ev Kindertagesstätte an der Pauluskirche Bewegungskita", "source": "OpenStreetMap/Overpass"}}, {"type": "Feature", "geometry": {"type": "Point", "coordinates": [6.7689602, 51.2673252]}, "properties": {"id": "osm:way:1225074013", "type": "kindergarten", "name": "Tageseinrichtung für Kinder - Hokuspokus", "source": "OpenStreetMap/Overpass"}}, {"type": "Feature", "geometry": {"type": "Point", "coordinates": [6.7379632, 51.1535937]}, "properties": {"id": "osm:way:1235604290", "type": "kindergarten", "name": "Evangelische Kindertageseinrichtung Grupellopark", "source": "OpenStreetMap/Overpass"}}, {"type": "Feature", "geometry": {"type": "Point", "coordinates": [6.8311731, 51.1801345]}, "properties": {"id": "osm:way:1243651850", "type": "kindergarten", "name": "Sommervogel", "source": "OpenStreetMap/Overpass"}}, {"type": "Feature", "geometry": {"type": "Point", "coordinates": [6.6937746, 51.226342]}, "properties": {"id": "osm:way:1250669431", "type": "kindergarten", "name": "", "source": "OpenStreetMap/Overpass"}}, {"type": "Feature", "geometry": {"type": "Point", "coordinates": [6.7935248, 51.2030709]}, "properties": {"id": "osm:way:1253283325", "type": "kindergarten", "name": "", "source": "OpenStreetMap/Overpass"}}, {"type": "Feature", "geometry": {"type": "Point", "coordinates": [6.7262151, 51.1686019]}, "properties": {"id": "osm:way:1257563889", "type": "kindergarten", "name": "Kita Kinderland", "source": "OpenStreetMap/Overpass"}}, {"type": "Feature", "geometry": {"type": "Point", "coordinates": [6.7099275, 51.3480871]}, "properties": {"id": "osm:way:1267175731", "type": "kindergarten", "name": "", "source": "OpenStreetMap/Overpass"}}, {"type": "Feature", "geometry": {"type": "Point", "coordinates": [6.7103183, 51.1928556]}, "properties": {"id": "osm:way:1267880102", "type": "kindergarten", "name": "Lebenshilfe Familienzentrum Hammfeld", "source": "OpenStreetMap/Overpass"}}, {"type": "Feature", "geometry": {"type": "Point", "coordinates": [6.9261741, 51.2938057]}, "properties": {"id": "osm:way:1270650743", "type": "school", "name": "Christian-Morgenstern-Schule", "source": "OpenStreetMap/Overpass"}}, {"type": "Feature", "geometry": {"type": "Point", "coordinates": [6.7812513, 51.1278679]}, "properties": {"id": "osm:way:1271168380", "type": "kindergarten", "name": "", "source": "OpenStreetMap/Overpass"}}, {"type": "Feature", "geometry": {"type": "Point", "coordinates": [6.7556535, 51.2349147]}, "properties": {"id": "osm:way:1271775399", "type": "kindergarten", "name": "Montessori-Kinderhaus Oberkassel e.V.", "source": "OpenStreetMap/Overpass"}}, {"type": "Feature", "geometry": {"type": "Point", "coordinates": [6.8935009, 51.1254679]}, "properties": {"id": "osm:way:1273335249", "type": "kindergarten", "name": "Ki.Wis-Entdeckergarten", "source": "OpenStreetMap/Overpass"}}, {"type": "Feature", "geometry": {"type": "Point", "coordinates": [6.6999736, 51.1547626]}, "properties": {"id": "osm:way:1279716243", "type": "school", "name": "Gemeinschaftsgrundschule Kyburg", "source": "OpenStreetMap/Overpass"}}, {"type": "Feature", "geometry": {"type": "Point", "coordinates": [6.8510095, 51.2287273]}, "properties": {"id": "osm:way:1314140403", "type": "kindergarten", "name": "", "source": "OpenStreetMap/Overpass"}}, {"type": "Feature", "geometry": {"type": "Point", "coordinates": [6.7611729, 51.2537606]}, "properties": {"id": "osm:way:1319241047", "type": "kindergarten", "name": "Tageseinrichtung für Kinder - Felix-Klein-Straße", "source": "OpenStreetMap/Overpass"}}, {"type": "Feature", "geometry": {"type": "Point", "coordinates": [6.835156, 51.225026]}, "properties": {"id": "osm:way:1335350048", "type": "school", "name": "KiTa Flinger Broich", "source": "OpenStreetMap/Overpass"}}, {"type": "Feature", "geometry": {"type": "Point", "coordinates": [6.7036233, 51.1888897]}, "properties": {"id": "osm:way:1340137262", "type": "kindergarten", "name": "Kita Blumenwiese", "source": "OpenStreetMap/Overpass"}}, {"type": "Feature", "geometry": {"type": "Point", "coordinates": [6.9063, 51.2171099]}, "properties": {"id": "osm:way:1353612025", "type": "kindergarten", "name": "Schinkelstraße", "source": "OpenStreetMap/Overpass"}}, {"type": "Feature", "geometry": {"type": "Point", "coordinates": [6.8856224, 51.3169556]}, "properties": {"id": "osm:way:1361176738", "type": "kindergarten", "name": "Kindertageseinrichtung Zum Schluchtor", "source": "OpenStreetMap/Overpass"}}, {"type": "Feature", "geometry": {"type": "Point", "coordinates": [6.7415496, 51.2057547]}, "properties": {"id": "osm:way:1362306990", "type": "school", "name": "Grundschule Florensstraße", "source": "OpenStreetMap/Overpass"}}, {"type": "Feature", "geometry": {"type": "Point", "coordinates": [6.6910819, 51.1652121]}, "properties": {"id": "osm:way:1385523902", "type": "school", "name": "Gesamtschule An der Erft", "source": "OpenStreetMap/Overpass"}}, {"type": "Feature", "geometry": {"type": "Point", "coordinates": [6.6900415, 51.1642272]}, "properties": {"id": "osm:way:1385523904", "type": "school", "name": "Michael-Ende-Schule, Förderschule: Förderschwerpunkt Sprache", "source": "OpenStreetMap/Overpass"}}, {"type": "Feature", "geometry": {"type": "Point", "coordinates": [6.7105189, 51.2330228]}, "properties": {"id": "osm:way:1408569256", "type": "kindergarten", "name": "", "source": "OpenStreetMap/Overpass"}}, {"type": "Feature", "geometry": {"type": "Point", "coordinates": [6.9181402, 51.1809505]}, "properties": {"id": "osm:way:1411937009", "type": "kindergarten", "name": "Integrative Kindertageseinrichtung Ellen-Wiederhold", "source": "OpenStreetMap/Overpass"}}, {"type": "Feature", "geometry": {"type": "Point", "coordinates": [6.9183648, 51.1812786]}, "properties": {"id": "osm:way:1411937010", "type": "kindergarten", "name": "Paritätischer Kindergarten", "source": "OpenStreetMap/Overpass"}}, {"type": "Feature", "geometry": {"type": "Point", "coordinates": [6.6893547, 51.3066093]}, "properties": {"id": "osm:way:1413437378", "type": "kindergarten", "name": "Städtische Kindertageseinrichtung Tabaluga", "source": "OpenStreetMap/Overpass"}}, {"type": "Feature", "geometry": {"type": "Point", "coordinates": [6.908384, 51.2578841]}, "properties": {"id": "osm:way:1424638166", "type": "kindergarten", "name": "An der Linde e.V.", "source": "OpenStreetMap/Overpass"}}, {"type": "Feature", "geometry": {"type": "Point", "coordinates": [6.8282804, 51.1691825]}, "properties": {"id": "osm:way:1431972431", "type": "kindergarten", "name": "Tageseinrichtung für Kinder - Kaldenberger Straße", "source": "OpenStreetMap/Overpass"}}, {"type": "Feature", "geometry": {"type": "Point", "coordinates": [6.9352286, 51.1781622]}, "properties": {"id": "osm:way:1434933454", "type": "kindergarten", "name": "Familienzentrum Kunterbunt / Traumquelle", "source": "OpenStreetMap/Overpass"}}, {"type": "Feature", "geometry": {"type": "Point", "coordinates": [6.9295376, 51.1664356]}, "properties": {"id": "osm:way:1436397909", "type": "kindergarten", "name": "", "source": "OpenStreetMap/Overpass"}}, {"type": "Feature", "geometry": {"type": "Point", "coordinates": [6.7913845, 51.1652842]}, "properties": {"id": "osm:way:1453071664", "type": "kindergarten", "name": "Ev. Kita Glücksschmiede", "source": "OpenStreetMap/Overpass"}}, {"type": "Feature", "geometry": {"type": "Point", "coordinates": [6.8234711, 51.2314131]}, "properties": {"id": "osm:way:1490167695", "type": "kindergarten", "name": "Tageseinrichtung für Kinder – Schlüterstraße", "source": "OpenStreetMap/Overpass"}}, {"type": "Feature", "geometry": {"type": "Point", "coordinates": [6.7924711, 51.2720795]}, "properties": {"id": "osm:way:1490195007", "type": "school", "name": "Realschule Borbecker Straße", "source": "OpenStreetMap/Overpass"}}, {"type": "Feature", "geometry": {"type": "Point", "coordinates": [6.8804104, 51.1662459]}, "properties": {"id": "osm:way:1490456149", "type": "kindergarten", "name": "Kita Paulsmühle", "source": "OpenStreetMap/Overpass"}}, {"type": "Feature", "geometry": {"type": "Point", "coordinates": [6.69303, 51.2175933]}, "properties": {"id": "osm:way:1499439451", "type": "kindergarten", "name": "Kita KletterKnirpse", "source": "OpenStreetMap/Overpass"}}, {"type": "Feature", "geometry": {"type": "Point", "coordinates": [6.7493294, 51.2343464]}, "properties": {"id": "osm:way:1526219532", "type": "kindergarten", "name": "Ev. Kita Wettinerstraße", "source": "OpenStreetMap/Overpass"}}, {"type": "Feature", "geometry": {"type": "Point", "coordinates": [6.7723385, 51.1913327]}, "properties": {"id": "osm:way:1529366818", "type": "kindergarten", "name": "Katholische Kindertagesstätte Flehe", "source": "OpenStreetMap/Overpass"}}, {"type": "Feature", "geometry": {"type": "Point", "coordinates": [6.8478594, 51.197281]}, "properties": {"id": "osm:relation:1266117", "type": "school", "name": "Lore-Lorentz-Schule", "source": "OpenStreetMap/Overpass"}}, {"type": "Feature", "geometry": {"type": "Point", "coordinates": [6.9059181, 51.1307786]}, "properties": {"id": "osm:relation:1315074", "type": "kindergarten", "name": "Familienzentrum Ingeborg-Bachmann-Straße", "source": "OpenStreetMap/Overpass"}}, {"type": "Feature", "geometry": {"type": "Point", "coordinates": [6.90564, 51.1305085]}, "properties": {"id": "osm:relation:1315075", "type": "school", "name": "Willi-Fährmann-Schule Dependance Ingeborg-Bachmann-Straße", "source": "OpenStreetMap/Overpass"}}, {"type": "Feature", "geometry": {"type": "Point", "coordinates": [6.9005503, 51.1320245]}, "properties": {"id": "osm:relation:1315117", "type": "kindergarten", "name": "", "source": "OpenStreetMap/Overpass"}}, {"type": "Feature", "geometry": {"type": "Point", "coordinates": [6.9002588, 51.1320343]}, "properties": {"id": "osm:relation:1315118", "type": "kindergarten", "name": "Familienzentrum Philipp-Scheidemann-Straße", "source": "OpenStreetMap/Overpass"}}, {"type": "Feature", "geometry": {"type": "Point", "coordinates": [6.9106252, 51.1338881]}, "properties": {"id": "osm:relation:1315170", "type": "kindergarten", "name": "Evangelische integrative Kindertagesstätte Hellerhof", "source": "OpenStreetMap/Overpass"}}, {"type": "Feature", "geometry": {"type": "Point", "coordinates": [6.9009581, 51.138857]}, "properties": {"id": "osm:relation:1315396", "type": "kindergarten", "name": "Tageseinrichtung für Kinder – Spatzennest", "source": "OpenStreetMap/Overpass"}}, {"type": "Feature", "geometry": {"type": "Point", "coordinates": [6.8252753, 51.1867489]}, "properties": {"id": "osm:relation:1326645", "type": "kindergarten", "name": "Kindertagesstätte Leichlinger Straße", "source": "OpenStreetMap/Overpass"}}, {"type": "Feature", "geometry": {"type": "Point", "coordinates": [6.7365027, 51.2912833]}, "properties": {"id": "osm:relation:1502462", "type": "school", "name": "International School of Düsseldorf", "source": "OpenStreetMap/Overpass"}}, {"type": "Feature", "geometry": {"type": "Point", "coordinates": [6.8065737, 51.1699241]}, "properties": {"id": "osm:relation:3271597", "type": "school", "name": "Katholische Gemeinschaftsgrundschule Itterstraße", "source": "OpenStreetMap/Overpass"}}, {"type": "Feature", "geometry": {"type": "Point", "coordinates": [6.8602648, 51.2434254]}, "properties": {"id": "osm:relation:3554552", "type": "school", "name": "LVR-Johann-Heidsiek-Schule", "source": "OpenStreetMap/Overpass"}}, {"type": "Feature", "geometry": {"type": "Point", "coordinates": [6.870891, 51.301637]}, "properties": {"id": "osm:relation:3857026", "type": "kindergarten", "name": "", "source": "OpenStreetMap/Overpass"}}, {"type": "Feature", "geometry": {"type": "Point", "coordinates": [6.7868916, 51.2348183]}, "properties": {"id": "osm:relation:4785870", "type": "school", "name": "Matthias-Claudius-Schule", "source": "OpenStreetMap/Overpass"}}, {"type": "Feature", "geometry": {"type": "Point", "coordinates": [6.8268083, 51.1860591]}, "properties": {"id": "osm:relation:11519549", "type": "school", "name": "KGS Christophorus-Schule", "source": "OpenStreetMap/Overpass"}}, {"type": "Feature", "geometry": {"type": "Point", "coordinates": [6.8866468, 51.1497361]}, "properties": {"id": "osm:relation:12671044", "type": "school", "name": "Gymnasium Koblenzer Straße", "source": "OpenStreetMap/Overpass"}}, {"type": "Feature", "geometry": {"type": "Point", "coordinates": [6.8057627, 51.2111946]}, "properties": {"id": "osm:relation:14141864", "type": "school", "name": "Städtisches Wim-Wenders-Gymnasium", "source": "OpenStreetMap/Overpass"}}, {"type": "Feature", "geometry": {"type": "Point", "coordinates": [6.8167121, 51.2698363]}, "properties": {"id": "osm:relation:17336987", "type": "school", "name": "Albert-Einstein-Gymnasium", "source": "OpenStreetMap/Overpass"}}, {"type": "Feature", "geometry": {"type": "Point", "coordinates": [6.7895431, 51.2083727]}, "properties": {"id": "osm:relation:20337603", "type": "school", "name": "Technisches Berufskolleg Färberstraße", "source": "OpenStreetMap/Overpass"}}, {"type": "Feature", "geometry": {"type": "Point", "coordinates": [6.7744732, 51.2129439]}, "properties": {"id": "osm:relation:20354130", "type": "school", "name": "Leo-Statz-Berufskolleg", "source": "OpenStreetMap/Overpass"}}]}
