{"type": "FeatureCollection", "features": [{"type": "Feature", "geometry": {"type": "Point", "coordinates": [7.1176163, 50.7353013]}, "properties": {"id": "osm:node:254072624", "type": "kindergarten", "name": "KITA Rothkäppchen", "source": "OpenStreetMap/Overpass"}}, {"type": "Feature", "geometry": {"type": "Point", "coordinates": [7.1639363, 50.7612419]}, "properties": {"id": "osm:node:282505359", "type": "school", "name": "Katholische Grundschule Hangelar", "source": "OpenStreetMap/Overpass"}}, {"type": "Feature", "geometry": {"type": "Point", "coordinates": [7.1642663, 50.7614758]}, "properties": {"id": "osm:node:282505362", "type": "school", "name": "Evangelische Grundschule Hangelar", "source": "OpenStreetMap/Overpass"}}, {"type": "Feature", "geometry": {"type": "Point", "coordinates": [7.1486135, 50.7574204]}, "properties": {"id": "osm:node:528578150", "type": "school", "name": "Reserviert für Aussenstelle Adelheidis Grundschule", "source": "OpenStreetMap/Overpass"}}, {"type": "Feature", "geometry": {"type": "Point", "coordinates": [7.117475, 50.7439914]}, "properties": {"id": "osm:node:650702836", "type": "kindergarten", "name": "Kindertageseinrichtung Elterninitiative 1973", "source": "OpenStreetMap/Overpass"}}, {"type": "Feature", "geometry": {"type": "Point", "coordinates": [7.0877954, 50.7341656]}, "properties": {"id": "osm:node:652820249", "type": "kindergarten", "name": "Kindertageseinrichtung Rasselbande e. V.", "source": "OpenStreetMap/Overpass"}}, {"type": "Feature", "geometry": {"type": "Point", "coordinates": [7.1698499, 50.6648733]}, "properties": {"id": "osm:node:656245744", "type": "kindergarten", "name": "Kindergarten Zwergenland Lyngsbergschule", "source": "OpenStreetMap/Overpass"}}, {"type": "Feature", "geometry": {"type": "Point", "coordinates": [7.1277175, 50.762636]}, "properties": {"id": "osm:node:667534341", "type": "kindergarten", "name": "Kath. Kindergarten St. Joseph", "source": "OpenStreetMap/Overpass"}}, {"type": "Feature", "geometry": {"type": "Point", "coordinates": [7.1238371, 50.7390163]}, "properties": {"id": "osm:node:695556044", "type": "kindergarten", "name": "Beueler Pänz", "source": "OpenStreetMap/Overpass"}}, {"type": "Feature", "geometry": {"type": "Point", "coordinates": [7.0864958, 50.7533163]}, "properties": {"id": "osm:node:703778602", "type": "school", "name": "Gebäude D", "source": "OpenStreetMap/Overpass"}}, {"type": "Feature", "geometry": {"type": "Point", "coordinates": [7.0865437, 50.7536165]}, "properties": {"id": "osm:node:703778603", "type": "school", "name": "Gebäude E", "source": "OpenStreetMap/Overpass"}}, {"type": "Feature", "geometry": {"type": "Point", "coordinates": [7.1276871, 50.698863]}, "properties": {"id": "osm:node:732351676", "type": "kindergarten", "name": "KJF Schatzkiste", "source": "OpenStreetMap/Overpass"}}, {"type": "Feature", "geometry": {"type": "Point", "coordinates": [7.1588581, 50.7555301]}, "properties": {"id": "osm:node:790035460", "type": "kindergarten", "name": "Evangelischer Kindergarten \"Purzelbaum\"", "source": "OpenStreetMap/Overpass"}}, {"type": "Feature", "geometry": {"type": "Point", "coordinates": [7.086953, 50.7534788]}, "properties": {"id": "osm:node:831115303", "type": "school", "name": "Gebäude B", "source": "OpenStreetMap/Overpass"}}, {"type": "Feature", "geometry": {"type": "Point", "coordinates": [7.157568, 50.6951959]}, "properties": {"id": "osm:node:849870474", "type": "kindergarten", "name": "Kindertagesstätte bumble bees I", "source": "OpenStreetMap/Overpass"}}, {"type": "Feature", "geometry": {"type": "Point", "coordinates": [7.1087591, 50.7257826]}, "properties": {"id": "osm:node:871749903", "type": "kindergarten", "name": "KiTa Pikkolino", "source": "OpenStreetMap/Overpass"}}, {"type": "Feature", "geometry": {"type": "Point", "coordinates": [7.1688598, 50.6892316]}, "properties": {"id": "osm:node:962979186", "type": "school", "name": "HEBO", "source": "OpenStreetMap/Overpass"}}, {"type": "Feature", "geometry": {"type": "Point", "coordinates": [7.1943354, 50.6759963]}, "properties": {"id": "osm:node:1001516431", "type": "kindergarten", "name": "Kleiner Drache", "source": "OpenStreetMap/Overpass"}}, {"type": "Feature", "geometry": {"type": "Point", "coordinates": [7.0524749, 50.7394029]}, "properties": {"id": "osm:node:1034332766", "type": "school", "name": "Kölner Wirtschaftsfachschule GmbH", "source": "OpenStreetMap/Overpass"}}, {"type": "Feature", "geometry": {"type": "Point", "coordinates": [7.1883219, 50.7696493]}, "properties": {"id": "osm:node:1110308414", "type": "kindergarten", "name": "Evangelischer Kindergarten", "source": "OpenStreetMap/Overpass"}}, {"type": "Feature", "geometry": {"type": "Point", "coordinates": [7.1869819, 50.7715495]}, "properties": {"id": "osm:node:1110308420", "type": "kindergarten", "name": "Familienzentrum St. Maria Königin", "source": "OpenStreetMap/Overpass"}}, {"type": "Feature", "geometry": {"type": "Point", "coordinates": [7.0880954, 50.7414016]}, "properties": {"id": "osm:node:1263058173", "type": "school", "name": "Abendrealschule", "source": "OpenStreetMap/Overpass"}}, {"type": "Feature", "geometry": {"type": "Point", "coordinates": [7.0948861, 50.7489824]}, "properties": {"id": "osm:node:1316896957", "type": "kindergarten", "name": "BaFin-Kindergarten", "source": "OpenStreetMap/Overpass"}}, {"type": "Feature", "geometry": {"type": "Point", "coordinates": [7.1231747, 50.7367302]}, "properties": {"id": "osm:node:1468536005", "type": "kindergarten", "name": "Kindergarten Elterninitiative Aktion Regenbogen e.V.", "source": "OpenStreetMap/Overpass"}}, {"type": "Feature", "geometry": {"type": "Point", "coordinates": [7.1262061, 50.7339792]}, "properties": {"id": "osm:node:1468545313", "type": "kindergarten", "name": "KIDS e.V.", "source": "OpenStreetMap/Overpass"}}, {"type": "Feature", "geometry": {"type": "Point", "coordinates": [7.0225445, 50.6904488]}, "properties": {"id": "osm:node:2219829002", "type": "kindergarten", "name": "AWO Spielgruppe", "source": "OpenStreetMap/Overpass"}}, {"type": "Feature", "geometry": {"type": "Point", "coordinates": [7.1527163, 50.6621455]}, "properties": {"id": "osm:node:2706013671", "type": "kindergarten", "name": "Kindertagesstätte Frieden Christi", "source": "OpenStreetMap/Overpass"}}, {"type": "Feature", "geometry": {"type": "Point", "coordinates": [7.0869766, 50.7531766]}, "properties": {"id": "osm:node:2707798842", "type": "school", "name": "Gebäude C", "source": "OpenStreetMap/Overpass"}}, {"type": "Feature", "geometry": {"type": "Point", "coordinates": [7.1251019, 50.7169422]}, "properties": {"id": "osm:node:3232823158", "type": "kindergarten", "name": "Internationale Kindertageseinrichtung Bonn", "source": "OpenStreetMap/Overpass"}}, {"type": "Feature", "geometry": {"type": "Point", "coordinates": [7.0417198, 50.7134569]}, "properties": {"id": "osm:node:3439480074", "type": "school", "name": "Akademie für Pflege, Gesundheit und Soziales", "source": "OpenStreetMap/Overpass"}}, {"type": "Feature", "geometry": {"type": "Point", "coordinates": [7.0961083, 50.7390143]}, "properties": {"id": "osm:node:3649226652", "type": "kindergarten", "name": "Die kleinen Strolche e.V.", "source": "OpenStreetMap/Overpass"}}, {"type": "Feature", "geometry": {"type": "Point", "coordinates": [7.1876403, 50.6825968]}, "properties": {"id": "osm:node:3729537579", "type": "school", "name": "CJD Jugenddorf Internat", "source": "OpenStreetMap/Overpass"}}, {"type": "Feature", "geometry": {"type": "Point", "coordinates": [7.0942546, 50.7367446]}, "properties": {"id": "osm:node:3743152125", "type": "kindergarten", "name": "Stadthaus-Kita", "source": "OpenStreetMap/Overpass"}}, {"type": "Feature", "geometry": {"type": "Point", "coordinates": [7.1814184, 50.6915014]}, "properties": {"id": "osm:node:3789921618", "type": "kindergarten", "name": "Ev. Kita Dollendorf", "source": "OpenStreetMap/Overpass"}}, {"type": "Feature", "geometry": {"type": "Point", "coordinates": [7.0807919, 50.7001773]}, "properties": {"id": "osm:node:3791028057", "type": "school", "name": "Bonner Hörgeschädigtenzentrum", "source": "OpenStreetMap/Overpass"}}, {"type": "Feature", "geometry": {"type": "Point", "coordinates": [7.0925527, 50.734485]}, "properties": {"id": "osm:node:3898615991", "type": "school", "name": "Music Academy Bonn - Rock & Jazz School", "source": "OpenStreetMap/Overpass"}}, {"type": "Feature", "geometry": {"type": "Point", "coordinates": [7.1561329, 50.6584467]}, "properties": {"id": "osm:node:4077110771", "type": "kindergarten", "name": "Kita Sommerberg", "source": "OpenStreetMap/Overpass"}}, {"type": "Feature", "geometry": {"type": "Point", "coordinates": [7.1023555, 50.7313715]}, "properties": {"id": "osm:node:4545126672", "type": "school", "name": "Dance Discovery", "source": "OpenStreetMap/Overpass"}}, {"type": "Feature", "geometry": {"type": "Point", "coordinates": [7.0876987, 50.7537864]}, "properties": {"id": "osm:node:5052928785", "type": "school", "name": "Heinrich-Hertz-Europakolleg", "source": "OpenStreetMap/Overpass"}}, {"type": "Feature", "geometry": {"type": "Point", "coordinates": [7.1274313, 50.7424309]}, "properties": {"id": "osm:node:5368909353", "type": "kindergarten", "name": "Vorkindergarten Pfiffikus", "source": "OpenStreetMap/Overpass"}}, {"type": "Feature", "geometry": {"type": "Point", "coordinates": [7.0730956, 50.7565747]}, "properties": {"id": "osm:node:5522181021", "type": "kindergarten", "name": "Kinderbetreuung Bonn Auerberg", "source": "OpenStreetMap/Overpass"}}, {"type": "Feature", "geometry": {"type": "Point", "coordinates": [7.1272014, 50.6828193]}, "properties": {"id": "osm:node:5626124348", "type": "childcare", "name": "Waldnest Kindertagesstätte", "source": "OpenStreetMap/Overpass"}}, {"type": "Feature", "geometry": {"type": "Point", "coordinates": [7.187089, 50.6611466]}, "properties": {"id": "osm:node:6313160618", "type": "kindergarten", "name": "Monti-Haus", "source": "OpenStreetMap/Overpass"}}, {"type": "Feature", "geometry": {"type": "Point", "coordinates": [7.1261157, 50.734323]}, "properties": {"id": "osm:node:6388396459", "type": "kindergarten", "name": "Städt. Familienzentrum Am Stadion", "source": "OpenStreetMap/Overpass"}}, {"type": "Feature", "geometry": {"type": "Point", "coordinates": [7.1181502, 50.7379279]}, "properties": {"id": "osm:node:6572834099", "type": "childcare", "name": "Kindertagespflege Schiff Ahoi", "source": "OpenStreetMap/Overpass"}}, {"type": "Feature", "geometry": {"type": "Point", "coordinates": [7.102171, 50.7310233]}, "properties": {"id": "osm:node:7004624759", "type": "kindergarten", "name": "Kinderladen Kleine Kaiser", "source": "OpenStreetMap/Overpass"}}, {"type": "Feature", "geometry": {"type": "Point", "coordinates": [7.0899697, 50.7472506]}, "properties": {"id": "osm:node:7017988485", "type": "childcare", "name": "KiTa im Park", "source": "OpenStreetMap/Overpass"}}, {"type": "Feature", "geometry": {"type": "Point", "coordinates": [7.1837508, 50.6929192]}, "properties": {"id": "osm:node:7512111598", "type": "school", "name": "Drachenfelsschule", "source": "OpenStreetMap/Overpass"}}, {"type": "Feature", "geometry": {"type": "Point", "coordinates": [7.1839263, 50.6926027]}, "properties": {"id": "osm:node:7515522330", "type": "school", "name": "Longenburgschule", "source": "OpenStreetMap/Overpass"}}, {"type": "Feature", "geometry": {"type": "Point", "coordinates": [7.1243808, 50.7571993]}, "properties": {"id": "osm:node:7725922678", "type": "kindergarten", "name": "RheinDampfer", "source": "OpenStreetMap/Overpass"}}, {"type": "Feature", "geometry": {"type": "Point", "coordinates": [7.1246794, 50.7414244]}, "properties": {"id": "osm:node:7725981908", "type": "kindergarten", "name": "GhostShip", "source": "OpenStreetMap/Overpass"}}, {"type": "Feature", "geometry": {"type": "Point", "coordinates": [7.0884612, 50.7324825]}, "properties": {"id": "osm:node:7871417489", "type": "kindergarten", "name": "Wittelsbacher Pänz", "source": "OpenStreetMap/Overpass"}}, {"type": "Feature", "geometry": {"type": "Point", "coordinates": [7.1271698, 50.7164972]}, "properties": {"id": "osm:node:8004569959", "type": "kindergarten", "name": "Gemeinnützige Kindertagesstätte Mini-Mäuse GmbH - Gronau", "source": "OpenStreetMap/Overpass"}}, {"type": "Feature", "geometry": {"type": "Point", "coordinates": [7.1542132, 50.6797162]}, "properties": {"id": "osm:node:8004569960", "type": "kindergarten", "name": "Gemeinnützige Kindertagesstätte Mini-Mäuse GmbH - Bad Godesberg", "source": "OpenStreetMap/Overpass"}}, {"type": "Feature", "geometry": {"type": "Point", "coordinates": [7.1549951, 50.6796805]}, "properties": {"id": "osm:node:8004569961", "type": "kindergarten", "name": "Gemeinnützige Kindertagesstätte Mini-Mäuse GmbH - Bad Godesberg", "source": "OpenStreetMap/Overpass"}}, {"type": "Feature", "geometry": {"type": "Point", "coordinates": [7.1066469, 50.7279854]}, "properties": {"id": "osm:node:8004569962", "type": "kindergarten", "name": "Kindertagesstätte Mini-Mäuse - Südstadt", "source": "OpenStreetMap/Overpass"}}, {"type": "Feature", "geometry": {"type": "Point", "coordinates": [7.1271886, 50.7165426]}, "properties": {"id": "osm:node:8004708753", "type": "childcare", "name": "Mini-Mäuse Tagespflege", "source": "OpenStreetMap/Overpass"}}, {"type": "Feature", "geometry": {"type": "Point", "coordinates": [7.1216565, 50.7180196]}, "properties": {"id": "osm:node:8004708754", "type": "childcare", "name": "Mini-Mäuse Tagespflege", "source": "OpenStreetMap/Overpass"}}, {"type": "Feature", "geometry": {"type": "Point", "coordinates": [7.0853512, 50.7222219]}, "properties": {"id": "osm:node:8004708755", "type": "childcare", "name": "Mini-Mäuse Tagespflege", "source": "OpenStreetMap/Overpass"}}, {"type": "Feature", "geometry": {"type": "Point", "coordinates": [7.1103101, 50.7128763]}, "properties": {"id": "osm:node:8004708757", "type": "childcare", "name": "Mini-Mäuse Tagespflege", "source": "OpenStreetMap/Overpass"}}, {"type": "Feature", "geometry": {"type": "Point", "coordinates": [7.113743, 50.7042993]}, "properties": {"id": "osm:node:8004708758", "type": "childcare", "name": "Mini-Mäuse Tagespflege", "source": "OpenStreetMap/Overpass"}}, {"type": "Feature", "geometry": {"type": "Point", "coordinates": [7.1274742, 50.7148116]}, "properties": {"id": "osm:node:8004708759", "type": "childcare", "name": "Mini-Mäuse Tagespflege", "source": "OpenStreetMap/Overpass"}}, {"type": "Feature", "geometry": {"type": "Point", "coordinates": [7.0779062, 50.7240404]}, "properties": {"id": "osm:node:8202056692", "type": "kindergarten", "name": "Nimmerland", "source": "OpenStreetMap/Overpass"}}, {"type": "Feature", "geometry": {"type": "Point", "coordinates": [7.0683644, 50.7248531]}, "properties": {"id": "osm:node:8418818536", "type": "kindergarten", "name": "Kindertagespflege Die Rasselbande", "source": "OpenStreetMap/Overpass"}}, {"type": "Feature", "geometry": {"type": "Point", "coordinates": [7.0683248, 50.7454835]}, "properties": {"id": "osm:node:8480295822", "type": "kindergarten", "name": "Kath. Kindertageseinrichtung St. Paulus", "source": "OpenStreetMap/Overpass"}}, {"type": "Feature", "geometry": {"type": "Point", "coordinates": [7.0325723, 50.7103745]}, "properties": {"id": "osm:node:8710712314", "type": "kindergarten", "name": "Wunderland", "source": "OpenStreetMap/Overpass"}}, {"type": "Feature", "geometry": {"type": "Point", "coordinates": [7.0708025, 50.7256626]}, "properties": {"id": "osm:node:8837121024", "type": "kindergarten", "name": "", "source": "OpenStreetMap/Overpass"}}, {"type": "Feature", "geometry": {"type": "Point", "coordinates": [7.130823, 50.7398391]}, "properties": {"id": "osm:node:8892632240", "type": "school", "name": "Die Bonner Malschule", "source": "OpenStreetMap/Overpass"}}, {"type": "Feature", "geometry": {"type": "Point", "coordinates": [7.1251802, 50.7400132]}, "properties": {"id": "osm:node:8987919373", "type": "childcare", "name": "Kindertagespflege kleine Lok GbR", "source": "OpenStreetMap/Overpass"}}, {"type": "Feature", "geometry": {"type": "Point", "coordinates": [7.0471072, 50.7421704]}, "properties": {"id": "osm:node:9521038639", "type": "school", "name": "Bonner Kaffeeschule", "source": "OpenStreetMap/Overpass"}}, {"type": "Feature", "geometry": {"type": "Point", "coordinates": [7.0427126, 50.7514513]}, "properties": {"id": "osm:node:9828900523", "type": "school", "name": "Tannenbusch-Gymnasium", "source": "OpenStreetMap/Overpass"}}, {"type": "Feature", "geometry": {"type": "Point", "coordinates": [7.0433749, 50.7514744]}, "properties": {"id": "osm:node:9828900524", "type": "school", "name": "Freiherr-vom-Stein-Realschule", "source": "OpenStreetMap/Overpass"}}, {"type": "Feature", "geometry": {"type": "Point", "coordinates": [7.0523834, 50.7462828]}, "properties": {"id": "osm:node:9832811837", "type": "kindergarten", "name": "Kindertageseinrichtung An der Düne", "source": "OpenStreetMap/Overpass"}}, {"type": "Feature", "geometry": {"type": "Point", "coordinates": [7.0560552, 50.745751]}, "properties": {"id": "osm:node:9832811838", "type": "kindergarten", "name": "Waldorfkindergarten Bonn", "source": "OpenStreetMap/Overpass"}}, {"type": "Feature", "geometry": {"type": "Point", "coordinates": [7.1064953, 50.7284073]}, "properties": {"id": "osm:node:9895198997", "type": "kindergarten", "name": "Junge Wilde", "source": "OpenStreetMap/Overpass"}}, {"type": "Feature", "geometry": {"type": "Point", "coordinates": [7.0394884, 50.7487276]}, "properties": {"id": "osm:node:9907962515", "type": "kindergarten", "name": "Städtischer Kindergarten Hexenhaus", "source": "OpenStreetMap/Overpass"}}, {"type": "Feature", "geometry": {"type": "Point", "coordinates": [7.0237223, 50.7185032]}, "properties": {"id": "osm:node:10008177925", "type": "school", "name": "Offene Ganztagsschule Oedekoven", "source": "OpenStreetMap/Overpass"}}, {"type": "Feature", "geometry": {"type": "Point", "coordinates": [7.098033, 50.7372114]}, "properties": {"id": "osm:node:10113688902", "type": "school", "name": "BBZ Altenkirchen", "source": "OpenStreetMap/Overpass"}}, {"type": "Feature", "geometry": {"type": "Point", "coordinates": [7.1239086, 50.7364688]}, "properties": {"id": "osm:node:10231787856", "type": "school", "name": "Schule am Rheingarten", "source": "OpenStreetMap/Overpass"}}, {"type": "Feature", "geometry": {"type": "Point", "coordinates": [7.0655333, 50.7112569]}, "properties": {"id": "osm:node:10556392980", "type": "kindergarten", "name": "", "source": "OpenStreetMap/Overpass"}}, {"type": "Feature", "geometry": {"type": "Point", "coordinates": [7.1781224, 50.7033448]}, "properties": {"id": "osm:node:10612493337", "type": "kindergarten", "name": "Schneckenhaus", "source": "OpenStreetMap/Overpass"}}, {"type": "Feature", "geometry": {"type": "Point", "coordinates": [7.0754662, 50.7274497]}, "properties": {"id": "osm:node:10784648074", "type": "kindergarten", "name": "Ev. Kindergarten Trinitatis-Kirchengemeinde", "source": "OpenStreetMap/Overpass"}}, {"type": "Feature", "geometry": {"type": "Point", "coordinates": [7.1672118, 50.7114369]}, "properties": {"id": "osm:node:10832086280", "type": "kindergarten", "name": "Ev. Kindergarten Oberkassel", "source": "OpenStreetMap/Overpass"}}, {"type": "Feature", "geometry": {"type": "Point", "coordinates": [7.053806, 50.7407919]}, "properties": {"id": "osm:node:11081367778", "type": "school", "name": "Werkstattschule Die Küche", "source": "OpenStreetMap/Overpass"}}, {"type": "Feature", "geometry": {"type": "Point", "coordinates": [7.1006612, 50.7171932]}, "properties": {"id": "osm:node:11169797260", "type": "kindergarten", "name": "Kuki Kinderkunstschule", "source": "OpenStreetMap/Overpass"}}, {"type": "Feature", "geometry": {"type": "Point", "coordinates": [7.0446382, 50.7725138]}, "properties": {"id": "osm:node:11878697091", "type": "kindergarten", "name": "AWO Weltentdecker", "source": "OpenStreetMap/Overpass"}}, {"type": "Feature", "geometry": {"type": "Point", "coordinates": [7.1674205, 50.7473389]}, "properties": {"id": "osm:node:11898064477", "type": "childcare", "name": "Ninas Märchen Paradies", "source": "OpenStreetMap/Overpass"}}, {"type": "Feature", "geometry": {"type": "Point", "coordinates": [7.1037681, 50.7198295]}, "properties": {"id": "osm:node:11999317891", "type": "childcare", "name": "Ratz und Rübe", "source": "OpenStreetMap/Overpass"}}, {"type": "Feature", "geometry": {"type": "Point", "coordinates": [7.0922375, 50.7743771]}, "properties": {"id": "osm:node:12100172000", "type": "kindergarten", "name": "Großtagespflege Fred", "source": "OpenStreetMap/Overpass"}}, {"type": "Feature", "geometry": {"type": "Point", "coordinates": [7.1274349, 50.7170519]}, "properties": {"id": "osm:node:12171058255", "type": "childcare", "name": "", "source": "OpenStreetMap/Overpass"}}, {"type": "Feature", "geometry": {"type": "Point", "coordinates": [7.1278994, 50.7321971]}, "properties": {"id": "osm:node:12304395575", "type": "kindergarten", "name": "KIDS e.V.", "source": "OpenStreetMap/Overpass"}}, {"type": "Feature", "geometry": {"type": "Point", "coordinates": [7.0524498, 50.7394219]}, "properties": {"id": "osm:node:12620474958", "type": "school", "name": "Schulungszentrum für Sozialpädagogik", "source": "OpenStreetMap/Overpass"}}, {"type": "Feature", "geometry": {"type": "Point", "coordinates": [7.0687399, 50.7252572]}, "properties": {"id": "osm:node:13351113334", "type": "kindergarten", "name": "Städt. Kindergarten Erich-Hoffmann-Straße", "source": "OpenStreetMap/Overpass"}}, {"type": "Feature", "geometry": {"type": "Point", "coordinates": [7.0864033, 50.7541404]}, "properties": {"id": "osm:way:4400330", "type": "school", "name": "Heinrich-Hertz-Berufskolleg", "source": "OpenStreetMap/Overpass"}}, {"type": "Feature", "geometry": {"type": "Point", "coordinates": [7.0244016, 50.6918392]}, "properties": {"id": "osm:way:4758025", "type": "school", "name": "Gemeinschaftsgrundschule Witterschlick", "source": "OpenStreetMap/Overpass"}}, {"type": "Feature", "geometry": {"type": "Point", "coordinates": [7.0857636, 50.7440092]}, "properties": {"id": "osm:way:5107024", "type": "school", "name": "Ludwig-Erhard-Berufskolleg", "source": "OpenStreetMap/Overpass"}}, {"type": "Feature", "geometry": {"type": "Point", "coordinates": [7.0521185, 50.7066901]}, "properties": {"id": "osm:way:5112527", "type": "school", "name": "Finkenhofschule", "source": "OpenStreetMap/Overpass"}}, {"type": "Feature", "geometry": {"type": "Point", "coordinates": [7.0320449, 50.7136577]}, "properties": {"id": "osm:way:5112684", "type": "school", "name": "Königin-Juliana-Schule", "source": "OpenStreetMap/Overpass"}}, {"type": "Feature", "geometry": {"type": "Point", "coordinates": [7.056638, 50.7217169]}, "properties": {"id": "osm:way:5112882", "type": "school", "name": "Helmholtz-Gymnasium", "source": "OpenStreetMap/Overpass"}}, {"type": "Feature", "geometry": {"type": "Point", "coordinates": [7.0693163, 50.6895736]}, "properties": {"id": "osm:way:15702225", "type": "school", "name": "Carl-von-Ossietzky-Gymnasium", "source": "OpenStreetMap/Overpass"}}, {"type": "Feature", "geometry": {"type": "Point", "coordinates": [7.1873616, 50.6839472]}, "properties": {"id": "osm:way:19796535", "type": "school", "name": "CJD Königswinter", "source": "OpenStreetMap/Overpass"}}, {"type": "Feature", "geometry": {"type": "Point", "coordinates": [7.0620759, 50.7415312]}, "properties": {"id": "osm:way:20048996", "type": "school", "name": "Elsa-Brändström-Schule, Paulusschule", "source": "OpenStreetMap/Overpass"}}, {"type": "Feature", "geometry": {"type": "Point", "coordinates": [7.0895004, 50.7293682]}, "properties": {"id": "osm:way:22292731", "type": "school", "name": "Ernst-Moritz-Arndt-Gymnasium", "source": "OpenStreetMap/Overpass"}}, {"type": "Feature", "geometry": {"type": "Point", "coordinates": [7.0762289, 50.7490177]}, "properties": {"id": "osm:way:24847125", "type": "school", "name": "Collegium Josephinum Bonn", "source": "OpenStreetMap/Overpass"}}, {"type": "Feature", "geometry": {"type": "Point", "coordinates": [7.0453618, 50.7294972]}, "properties": {"id": "osm:way:24858693", "type": "kindergarten", "name": "Kita Löwenzahn", "source": "OpenStreetMap/Overpass"}}, {"type": "Feature", "geometry": {"type": "Point", "coordinates": [7.0386211, 50.7128805]}, "properties": {"id": "osm:way:25710873", "type": "school", "name": "Derletalschule", "source": "OpenStreetMap/Overpass"}}, {"type": "Feature", "geometry": {"type": "Point", "coordinates": [7.1516598, 50.6624353]}, "properties": {"id": "osm:way:26605484", "type": "school", "name": "Gemeinschaftsgrundschule Heiderhof", "source": "OpenStreetMap/Overpass"}}, {"type": "Feature", "geometry": {"type": "Point", "coordinates": [7.0531806, 50.7017372]}, "properties": {"id": "osm:way:26938064", "type": "school", "name": "August-Macke-Schule", "source": "OpenStreetMap/Overpass"}}, {"type": "Feature", "geometry": {"type": "Point", "coordinates": [7.053884, 50.70166]}, "properties": {"id": "osm:way:26938097", "type": "school", "name": "Realschule Hardtberg (RSH)", "source": "OpenStreetMap/Overpass"}}, {"type": "Feature", "geometry": {"type": "Point", "coordinates": [7.0524184, 50.6989886]}, "properties": {"id": "osm:way:26980458", "type": "kindergarten", "name": "Katholische Kindertagesstätte St. Rochus", "source": "OpenStreetMap/Overpass"}}, {"type": "Feature", "geometry": {"type": "Point", "coordinates": [7.1736297, 50.6668522]}, "properties": {"id": "osm:way:27709847", "type": "kindergarten", "name": "Kita Baumhaus", "source": "OpenStreetMap/Overpass"}}, {"type": "Feature", "geometry": {"type": "Point", "coordinates": [7.0472878, 50.7481808]}, "properties": {"id": "osm:way:28795284", "type": "school", "name": "", "source": "OpenStreetMap/Overpass"}}, {"type": "Feature", "geometry": {"type": "Point", "coordinates": [7.0471578, 50.7484451]}, "properties": {"id": "osm:way:28795286", "type": "school", "name": "", "source": "OpenStreetMap/Overpass"}}, {"type": "Feature", "geometry": {"type": "Point", "coordinates": [7.0473993, 50.748736]}, "properties": {"id": "osm:way:28795287", "type": "school", "name": "", "source": "OpenStreetMap/Overpass"}}, {"type": "Feature", "geometry": {"type": "Point", "coordinates": [7.0478917, 50.7486592]}, "properties": {"id": "osm:way:28795289", "type": "school", "name": "", "source": "OpenStreetMap/Overpass"}}, {"type": "Feature", "geometry": {"type": "Point", "coordinates": [7.0914375, 50.7391877]}, "properties": {"id": "osm:way:28985333", "type": "school", "name": "Grundschulverbund Marienschule-Nordschule (Standort Marienschule)", "source": "OpenStreetMap/Overpass"}}, {"type": "Feature", "geometry": {"type": "Point", "coordinates": [7.0454379, 50.7296035]}, "properties": {"id": "osm:way:29462563", "type": "kindergarten", "name": "Städt. Kindergarten Meßdorfer Straße Löwenzahn", "source": "OpenStreetMap/Overpass"}}, {"type": "Feature", "geometry": {"type": "Point", "coordinates": [7.0372008, 50.7140867]}, "properties": {"id": "osm:way:30023684", "type": "school", "name": "Margot-Barnard-Realschule", "source": "OpenStreetMap/Overpass"}}, {"type": "Feature", "geometry": {"type": "Point", "coordinates": [7.155482, 50.6961263]}, "properties": {"id": "osm:way:30120121", "type": "school", "name": "Nicolaus-Cusanus-Gymnasium", "source": "OpenStreetMap/Overpass"}}, {"type": "Feature", "geometry": {"type": "Point", "coordinates": [7.1480869, 50.6953744]}, "properties": {"id": "osm:way:30120196", "type": "school", "name": "Elisabeth-Selbert-Gesamtschule", "source": "OpenStreetMap/Overpass"}}, {"type": "Feature", "geometry": {"type": "Point", "coordinates": [7.1677403, 50.7164573]}, "properties": {"id": "osm:way:30736435", "type": "kindergarten", "name": "Kath. Kindergarten St. Cäcilia", "source": "OpenStreetMap/Overpass"}}, {"type": "Feature", "geometry": {"type": "Point", "coordinates": [7.1586034, 50.7171722]}, "properties": {"id": "osm:way:30748708", "type": "school", "name": "Ernst-Kalkuhl-Gymnasium", "source": "OpenStreetMap/Overpass"}}, {"type": "Feature", "geometry": {"type": "Point", "coordinates": [7.069617, 50.7741418]}, "properties": {"id": "osm:way:31776254", "type": "school", "name": "Förderschule \"Das Fachwerk\"", "source": "OpenStreetMap/Overpass"}}, {"type": "Feature", "geometry": {"type": "Point", "coordinates": [7.0324639, 50.7095297]}, "properties": {"id": "osm:way:31779541", "type": "school", "name": "Schulzentrum Medinghoven", "source": "OpenStreetMap/Overpass"}}, {"type": "Feature", "geometry": {"type": "Point", "coordinates": [7.147835, 50.750152]}, "properties": {"id": "osm:way:32321255", "type": "school", "name": "Integrierte Gesamtschule Bonn-Beuel", "source": "OpenStreetMap/Overpass"}}, {"type": "Feature", "geometry": {"type": "Point", "coordinates": [7.047525, 50.7484605]}, "properties": {"id": "osm:way:33528374", "type": "school", "name": "Tannenbusch-Gymnasium (Abteilung Chemnitzer Weg)", "source": "OpenStreetMap/Overpass"}}, {"type": "Feature", "geometry": {"type": "Point", "coordinates": [7.1286908, 50.7118194]}, "properties": {"id": "osm:way:33723342", "type": "kindergarten", "name": "Kiku Kinderland", "source": "OpenStreetMap/Overpass"}}, {"type": "Feature", "geometry": {"type": "Point", "coordinates": [7.1301549, 50.7120898]}, "properties": {"id": "osm:way:33723348", "type": "kindergarten", "name": "Kiku Kinderland", "source": "OpenStreetMap/Overpass"}}, {"type": "Feature", "geometry": {"type": "Point", "coordinates": [7.1064084, 50.7177068]}, "properties": {"id": "osm:way:34413882", "type": "school", "name": "Gesamtschule Bonns Fünfte", "source": "OpenStreetMap/Overpass"}}, {"type": "Feature", "geometry": {"type": "Point", "coordinates": [7.0768717, 50.7517201]}, "properties": {"id": "osm:way:37026191", "type": "school", "name": "Kath. Hauptschule St.Hedwig", "source": "OpenStreetMap/Overpass"}}, {"type": "Feature", "geometry": {"type": "Point", "coordinates": [7.0740125, 50.7590955]}, "properties": {"id": "osm:way:37257111", "type": "school", "name": "Bernhardschule", "source": "OpenStreetMap/Overpass"}}, {"type": "Feature", "geometry": {"type": "Point", "coordinates": [7.1855044, 50.6602268]}, "properties": {"id": "osm:way:37262333", "type": "school", "name": "KGS Am Domhof", "source": "OpenStreetMap/Overpass"}}, {"type": "Feature", "geometry": {"type": "Point", "coordinates": [7.0589688, 50.7212871]}, "properties": {"id": "osm:way:37929540", "type": "school", "name": "Berufskolleg Rhein-Sieg", "source": "OpenStreetMap/Overpass"}}, {"type": "Feature", "geometry": {"type": "Point", "coordinates": [7.1428924, 50.6981263]}, "properties": {"id": "osm:way:38232991", "type": "kindergarten", "name": "Kindertagesstätte bumble bees II", "source": "OpenStreetMap/Overpass"}}, {"type": "Feature", "geometry": {"type": "Point", "coordinates": [7.0950223, 50.7279608]}, "properties": {"id": "osm:way:38284466", "type": "kindergarten", "name": "Waldorfkindergarten am Schloß", "source": "OpenStreetMap/Overpass"}}, {"type": "Feature", "geometry": {"type": "Point", "coordinates": [7.074381, 50.756355]}, "properties": {"id": "osm:way:38842402", "type": "kindergarten", "name": "städt. Tageseinrichtung Auerburg", "source": "OpenStreetMap/Overpass"}}, {"type": "Feature", "geometry": {"type": "Point", "coordinates": [7.0744707, 50.7562619]}, "properties": {"id": "osm:way:38842404", "type": "kindergarten", "name": "Städt. Familienzentrum Auerburg", "source": "OpenStreetMap/Overpass"}}, {"type": "Feature", "geometry": {"type": "Point", "coordinates": [7.087371, 50.7431346]}, "properties": {"id": "osm:way:40155969", "type": "school", "name": "Robert-Wetzlar-Berufskolleg", "source": "OpenStreetMap/Overpass"}}, {"type": "Feature", "geometry": {"type": "Point", "coordinates": [7.1550929, 50.6967167]}, "properties": {"id": "osm:way:40841846", "type": "school", "name": "Gotenschule", "source": "OpenStreetMap/Overpass"}}, {"type": "Feature", "geometry": {"type": "Point", "coordinates": [7.024577, 50.7208526]}, "properties": {"id": "osm:way:42675049", "type": "school", "name": "Gymnasium Alfter", "source": "OpenStreetMap/Overpass"}}, {"type": "Feature", "geometry": {"type": "Point", "coordinates": [7.1260528, 50.7351225]}, "properties": {"id": "osm:way:43391472", "type": "school", "name": "Schule am Rheingarten", "source": "OpenStreetMap/Overpass"}}, {"type": "Feature", "geometry": {"type": "Point", "coordinates": [7.1255645, 50.7089616]}, "properties": {"id": "osm:way:44242407", "type": "school", "name": "Friedrich-Ebert-Gymnasium", "source": "OpenStreetMap/Overpass"}}, {"type": "Feature", "geometry": {"type": "Point", "coordinates": [7.0669516, 50.7339671]}, "properties": {"id": "osm:way:44307450", "type": "school", "name": "Schule am Hügel", "source": "OpenStreetMap/Overpass"}}, {"type": "Feature", "geometry": {"type": "Point", "coordinates": [7.185611, 50.661797]}, "properties": {"id": "osm:way:44649480", "type": "kindergarten", "name": "Ev. Kindergarten \"Arche Noah\"", "source": "OpenStreetMap/Overpass"}}, {"type": "Feature", "geometry": {"type": "Point", "coordinates": [7.1724694, 50.6773889]}, "properties": {"id": "osm:way:44840840", "type": "school", "name": "Andreasschule", "source": "OpenStreetMap/Overpass"}}, {"type": "Feature", "geometry": {"type": "Point", "coordinates": [7.1687588, 50.6784861]}, "properties": {"id": "osm:way:44845399", "type": "kindergarten", "name": "Kindertageseinrichtung Sozialdienst Kath. Frauen e.V.", "source": "OpenStreetMap/Overpass"}}, {"type": "Feature", "geometry": {"type": "Point", "coordinates": [7.1586568, 50.6862744]}, "properties": {"id": "osm:way:45305712", "type": "school", "name": "Clara-Fey-Gymnasium", "source": "OpenStreetMap/Overpass"}}, {"type": "Feature", "geometry": {"type": "Point", "coordinates": [7.1572053, 50.6889253]}, "properties": {"id": "osm:way:45308910", "type": "school", "name": "Bernd-Blindow-Schule", "source": "OpenStreetMap/Overpass"}}, {"type": "Feature", "geometry": {"type": "Point", "coordinates": [7.1570389, 50.6889568]}, "properties": {"id": "osm:way:45308911", "type": "school", "name": "Friedrich-List-Berufskolleg", "source": "OpenStreetMap/Overpass"}}, {"type": "Feature", "geometry": {"type": "Point", "coordinates": [7.1747722, 50.6668789]}, "properties": {"id": "osm:way:45392933", "type": "school", "name": "", "source": "OpenStreetMap/Overpass"}}, {"type": "Feature", "geometry": {"type": "Point", "coordinates": [7.1747992, 50.6664006]}, "properties": {"id": "osm:way:45392934", "type": "school", "name": "", "source": "OpenStreetMap/Overpass"}}, {"type": "Feature", "geometry": {"type": "Point", "coordinates": [7.1244352, 50.7062188]}, "properties": {"id": "osm:way:45753208", "type": "kindergarten", "name": "bumble bees III", "source": "OpenStreetMap/Overpass"}}, {"type": "Feature", "geometry": {"type": "Point", "coordinates": [7.1853537, 50.6607858]}, "properties": {"id": "osm:way:46720991", "type": "kindergarten", "name": "Kindergarten Friedrich-Bleek-Straße", "source": "OpenStreetMap/Overpass"}}, {"type": "Feature", "geometry": {"type": "Point", "coordinates": [7.1699779, 50.66494]}, "properties": {"id": "osm:way:46865408", "type": "school", "name": "Lyngsbergschule", "source": "OpenStreetMap/Overpass"}}, {"type": "Feature", "geometry": {"type": "Point", "coordinates": [7.1150362, 50.6529335]}, "properties": {"id": "osm:way:48161684", "type": "school", "name": "Katholische Grundschule Pech", "source": "OpenStreetMap/Overpass"}}, {"type": "Feature", "geometry": {"type": "Point", "coordinates": [7.1264005, 50.7134359]}, "properties": {"id": "osm:way:48663750", "type": "kindergarten", "name": "Kindertageseinrichtung Huckepack", "source": "OpenStreetMap/Overpass"}}, {"type": "Feature", "geometry": {"type": "Point", "coordinates": [7.0918236, 50.7491895]}, "properties": {"id": "osm:way:50808812", "type": "kindergarten", "name": "Kindertageseinrichtung Graurheindorfer Straße", "source": "OpenStreetMap/Overpass"}}, {"type": "Feature", "geometry": {"type": "Point", "coordinates": [7.1267585, 50.7513744]}, "properties": {"id": "osm:way:50854974", "type": "kindergarten", "name": "Kath. Kindergarten St. Peter", "source": "OpenStreetMap/Overpass"}}, {"type": "Feature", "geometry": {"type": "Point", "coordinates": [7.1320508, 50.7420831]}, "properties": {"id": "osm:way:50970026", "type": "kindergarten", "name": "Kita Sankt Paulus", "source": "OpenStreetMap/Overpass"}}, {"type": "Feature", "geometry": {"type": "Point", "coordinates": [7.0933993, 50.7462424]}, "properties": {"id": "osm:way:51066061", "type": "kindergarten", "name": "Kath. Kindergarten Marienheim", "source": "OpenStreetMap/Overpass"}}, {"type": "Feature", "geometry": {"type": "Point", "coordinates": [7.1689885, 50.6745381]}, "properties": {"id": "osm:way:51412665", "type": "school", "name": "Gerdrud-Bäumer-Schule", "source": "OpenStreetMap/Overpass"}}, {"type": "Feature", "geometry": {"type": "Point", "coordinates": [7.0761939, 50.7644045]}, "properties": {"id": "osm:way:51433906", "type": "kindergarten", "name": "Heilpädagogischer Kindergarten der Lebenshilfe Bonn e.V.", "source": "OpenStreetMap/Overpass"}}, {"type": "Feature", "geometry": {"type": "Point", "coordinates": [7.1003514, 50.703851]}, "properties": {"id": "osm:way:51756728", "type": "school", "name": "MTRA Schule", "source": "OpenStreetMap/Overpass"}}, {"type": "Feature", "geometry": {"type": "Point", "coordinates": [7.1533756, 50.7034747]}, "properties": {"id": "osm:way:51801036", "type": "kindergarten", "name": "Ev. Kindergarten Ev. Christuskirchengemeinde", "source": "OpenStreetMap/Overpass"}}, {"type": "Feature", "geometry": {"type": "Point", "coordinates": [7.1536016, 50.703277]}, "properties": {"id": "osm:way:51801037", "type": "kindergarten", "name": "", "source": "OpenStreetMap/Overpass"}}, {"type": "Feature", "geometry": {"type": "Point", "coordinates": [7.116995, 50.7167849]}, "properties": {"id": "osm:way:51863234", "type": "kindergarten", "name": "Kindertageseinrichtung Katholische Hochschulgemeinde", "source": "OpenStreetMap/Overpass"}}, {"type": "Feature", "geometry": {"type": "Point", "coordinates": [7.1260725, 50.7525316]}, "properties": {"id": "osm:way:52429633", "type": "school", "name": "LVR-Frida-Kahlo-Schule", "source": "OpenStreetMap/Overpass"}}, {"type": "Feature", "geometry": {"type": "Point", "coordinates": [7.1511863, 50.6828736]}, "properties": {"id": "osm:way:52534497", "type": "kindergarten", "name": "Kath. Kindergarten St. Marien", "source": "OpenStreetMap/Overpass"}}, {"type": "Feature", "geometry": {"type": "Point", "coordinates": [7.0415374, 50.7236878]}, "properties": {"id": "osm:way:53188761", "type": "kindergarten", "name": "Kath. Kindergarten St. Laurentius", "source": "OpenStreetMap/Overpass"}}, {"type": "Feature", "geometry": {"type": "Point", "coordinates": [7.0608312, 50.7168904]}, "properties": {"id": "osm:way:53598800", "type": "school", "name": "Ludwig-Richter-Schule", "source": "OpenStreetMap/Overpass"}}, {"type": "Feature", "geometry": {"type": "Point", "coordinates": [7.0694345, 50.7215719]}, "properties": {"id": "osm:way:53616306", "type": "kindergarten", "name": "Kindertageseinrichtung Hainstraße", "source": "OpenStreetMap/Overpass"}}, {"type": "Feature", "geometry": {"type": "Point", "coordinates": [7.0657787, 50.6928187]}, "properties": {"id": "osm:way:53753293", "type": "kindergarten", "name": "Kindertageseinrichtung Ü-Dötzchen e.V.", "source": "OpenStreetMap/Overpass"}}, {"type": "Feature", "geometry": {"type": "Point", "coordinates": [7.14555, 50.673581]}, "properties": {"id": "osm:way:53856994", "type": "kindergarten", "name": "Kath. Kindergarten St. Michael", "source": "OpenStreetMap/Overpass"}}, {"type": "Feature", "geometry": {"type": "Point", "coordinates": [7.0671744, 50.682351]}, "properties": {"id": "osm:way:54052532", "type": "school", "name": "Schlossbachschule", "source": "OpenStreetMap/Overpass"}}, {"type": "Feature", "geometry": {"type": "Point", "coordinates": [7.0600467, 50.6969886]}, "properties": {"id": "osm:way:54897285", "type": "kindergarten", "name": "Kindertageseinrichtung Hallestraße", "source": "OpenStreetMap/Overpass"}}, {"type": "Feature", "geometry": {"type": "Point", "coordinates": [7.1589059, 50.6999288]}, "properties": {"id": "osm:way:55465960", "type": "kindergarten", "name": "Kath. Kindergarten St. Georg", "source": "OpenStreetMap/Overpass"}}, {"type": "Feature", "geometry": {"type": "Point", "coordinates": [7.1684496, 50.6707592]}, "properties": {"id": "osm:way:57688169", "type": "school", "name": "Konrad-Adenauer-Gymnasium", "source": "OpenStreetMap/Overpass"}}, {"type": "Feature", "geometry": {"type": "Point", "coordinates": [7.083425, 50.7551252]}, "properties": {"id": "osm:way:57830404", "type": "kindergarten", "name": "Städt. Kindergarten An der Rheindorfer Burg", "source": "OpenStreetMap/Overpass"}}, {"type": "Feature", "geometry": {"type": "Point", "coordinates": [7.1822796, 50.6901355]}, "properties": {"id": "osm:way:59739471", "type": "kindergarten", "name": "Merlin", "source": "OpenStreetMap/Overpass"}}, {"type": "Feature", "geometry": {"type": "Point", "coordinates": [7.0956126, 50.7538563]}, "properties": {"id": "osm:way:60441138", "type": "kindergarten", "name": "Kindergarten Elterninitiative P.H. e.V.", "source": "OpenStreetMap/Overpass"}}, {"type": "Feature", "geometry": {"type": "Point", "coordinates": [7.0696477, 50.7741318]}, "properties": {"id": "osm:way:61500673", "type": "school", "name": "Laurentius-Schule", "source": "OpenStreetMap/Overpass"}}, {"type": "Feature", "geometry": {"type": "Point", "coordinates": [7.101069, 50.7450124]}, "properties": {"id": "osm:way:63565609", "type": "kindergarten", "name": "Kath. Kindertageseinrichtung St. Joseph", "source": "OpenStreetMap/Overpass"}}, {"type": "Feature", "geometry": {"type": "Point", "coordinates": [7.1635726, 50.6793199]}, "properties": {"id": "osm:way:68402762", "type": "school", "name": "Gertrud-Bäumer-Realschule", "source": "OpenStreetMap/Overpass"}}, {"type": "Feature", "geometry": {"type": "Point", "coordinates": [7.1757305, 50.6625389]}, "properties": {"id": "osm:way:69472933", "type": "kindergarten", "name": "Kindergarten Bunte Wiese", "source": "OpenStreetMap/Overpass"}}, {"type": "Feature", "geometry": {"type": "Point", "coordinates": [7.1140444, 50.710404]}, "properties": {"id": "osm:way:70870879", "type": "kindergarten", "name": "Kindertageseinrichtung Elterninitiative Flohkiste e.V.", "source": "OpenStreetMap/Overpass"}}, {"type": "Feature", "geometry": {"type": "Point", "coordinates": [7.1177693, 50.7049277]}, "properties": {"id": "osm:way:70872296", "type": "kindergarten", "name": "Kindergarten Elterninitiative Spatzennest e.V.", "source": "OpenStreetMap/Overpass"}}, {"type": "Feature", "geometry": {"type": "Point", "coordinates": [7.1054967, 50.7276184]}, "properties": {"id": "osm:way:73704070", "type": "kindergarten", "name": "Kindertageseinrichtung Lilliput e.V.", "source": "OpenStreetMap/Overpass"}}, {"type": "Feature", "geometry": {"type": "Point", "coordinates": [7.1612208, 50.687496]}, "properties": {"id": "osm:way:73917400", "type": "kindergarten", "name": "Kindertageseinrichtung Elterninitiative AK Frühpädagogik", "source": "OpenStreetMap/Overpass"}}, {"type": "Feature", "geometry": {"type": "Point", "coordinates": [7.1588556, 50.6876877]}, "properties": {"id": "osm:way:73918775", "type": "kindergarten", "name": "Kath. Kindergarten Herz Jesu", "source": "OpenStreetMap/Overpass"}}, {"type": "Feature", "geometry": {"type": "Point", "coordinates": [7.1542937, 50.6867765]}, "properties": {"id": "osm:way:73919756", "type": "kindergarten", "name": "Kindertageseinrichtung Kinderhaus Bonn e.V.", "source": "OpenStreetMap/Overpass"}}, {"type": "Feature", "geometry": {"type": "Point", "coordinates": [7.202873, 50.7437781]}, "properties": {"id": "osm:way:75374232", "type": "childcare", "name": "Kindertageseinrichtung Schatzinsel", "source": "OpenStreetMap/Overpass"}}, {"type": "Feature", "geometry": {"type": "Point", "coordinates": [7.1207035, 50.7315977]}, "properties": {"id": "osm:way:75437258", "type": "kindergarten", "name": "Kath. Kindertageseinrichtung St. Pius", "source": "OpenStreetMap/Overpass"}}, {"type": "Feature", "geometry": {"type": "Point", "coordinates": [7.1925491, 50.6970824]}, "properties": {"id": "osm:way:80268656", "type": "school", "name": "GGS Oberdollendorf", "source": "OpenStreetMap/Overpass"}}, {"type": "Feature", "geometry": {"type": "Point", "coordinates": [7.1305013, 50.7260547]}, "properties": {"id": "osm:way:82566737", "type": "kindergarten", "name": "Kath. Kindertageseinrichtung Heilig Kreuz", "source": "OpenStreetMap/Overpass"}}, {"type": "Feature", "geometry": {"type": "Point", "coordinates": [7.163673, 50.7120171]}, "properties": {"id": "osm:way:83356612", "type": "school", "name": "Gottfried-Kinkel-Grundschule", "source": "OpenStreetMap/Overpass"}}, {"type": "Feature", "geometry": {"type": "Point", "coordinates": [7.192316, 50.6585867]}, "properties": {"id": "osm:way:83474244", "type": "kindergarten", "name": "Kath. Kindergarten St. Severin", "source": "OpenStreetMap/Overpass"}}, {"type": "Feature", "geometry": {"type": "Point", "coordinates": [7.1081139, 50.7220195]}, "properties": {"id": "osm:way:84243148", "type": "kindergarten", "name": "Katholischer Kindergarten Sankt Elisabeth", "source": "OpenStreetMap/Overpass"}}, {"type": "Feature", "geometry": {"type": "Point", "coordinates": [7.1094346, 50.7210306]}, "properties": {"id": "osm:way:84243169", "type": "kindergarten", "name": "Kita Wundertüte", "source": "OpenStreetMap/Overpass"}}, {"type": "Feature", "geometry": {"type": "Point", "coordinates": [7.1283769, 50.7540045]}, "properties": {"id": "osm:way:84335905", "type": "school", "name": "", "source": "OpenStreetMap/Overpass"}}, {"type": "Feature", "geometry": {"type": "Point", "coordinates": [7.1276094, 50.7539684]}, "properties": {"id": "osm:way:84345414", "type": "school", "name": "", "source": "OpenStreetMap/Overpass"}}, {"type": "Feature", "geometry": {"type": "Point", "coordinates": [7.127936, 50.754025]}, "properties": {"id": "osm:way:84345434", "type": "school", "name": "Adelheidisschule", "source": "OpenStreetMap/Overpass"}}, {"type": "Feature", "geometry": {"type": "Point", "coordinates": [7.12756, 50.7538616]}, "properties": {"id": "osm:way:84345448", "type": "school", "name": "", "source": "OpenStreetMap/Overpass"}}, {"type": "Feature", "geometry": {"type": "Point", "coordinates": [7.0992752, 50.7214695]}, "properties": {"id": "osm:way:85706126", "type": "school", "name": "Till-Eulenspiegel-Schule", "source": "OpenStreetMap/Overpass"}}, {"type": "Feature", "geometry": {"type": "Point", "coordinates": [7.169063, 50.6735596]}, "properties": {"id": "osm:way:86101078", "type": "school", "name": "Robert-Koch-Schule", "source": "OpenStreetMap/Overpass"}}, {"type": "Feature", "geometry": {"type": "Point", "coordinates": [7.0941894, 50.7195272]}, "properties": {"id": "osm:way:88805690", "type": "kindergarten", "name": "Luthers Arche", "source": "OpenStreetMap/Overpass"}}, {"type": "Feature", "geometry": {"type": "Point", "coordinates": [7.0307155, 50.6929293]}, "properties": {"id": "osm:way:89681300", "type": "kindergarten", "name": "Evangelische Kindertagesstätte Witterschlick", "source": "OpenStreetMap/Overpass"}}, {"type": "Feature", "geometry": {"type": "Point", "coordinates": [7.0938071, 50.7473902]}, "properties": {"id": "osm:way:89889901", "type": "kindergarten", "name": "Kindergarten Pikkolino I Nord", "source": "OpenStreetMap/Overpass"}}, {"type": "Feature", "geometry": {"type": "Point", "coordinates": [7.1867619, 50.7021839]}, "properties": {"id": "osm:way:91251545", "type": "kindergarten", "name": "Katholische Kindertagesstätte St.Laurentius", "source": "OpenStreetMap/Overpass"}}, {"type": "Feature", "geometry": {"type": "Point", "coordinates": [7.126975, 50.7533974]}, "properties": {"id": "osm:way:93963000", "type": "school", "name": "OGS", "source": "OpenStreetMap/Overpass"}}, {"type": "Feature", "geometry": {"type": "Point", "coordinates": [7.1672126, 50.6756183]}, "properties": {"id": "osm:way:96913525", "type": "kindergarten", "name": "Kindertagesstätte Wolkenburg", "source": "OpenStreetMap/Overpass"}}, {"type": "Feature", "geometry": {"type": "Point", "coordinates": [7.1658461, 50.7126998]}, "properties": {"id": "osm:way:98344723", "type": "kindergarten", "name": "Kindertageseinrichtung Elterninitiative Power Pänz", "source": "OpenStreetMap/Overpass"}}, {"type": "Feature", "geometry": {"type": "Point", "coordinates": [7.1684625, 50.7110515]}, "properties": {"id": "osm:way:98388459", "type": "kindergarten", "name": "Kindergarten Elterninitiative Taubenschlag e.V.", "source": "OpenStreetMap/Overpass"}}, {"type": "Feature", "geometry": {"type": "Point", "coordinates": [7.0954156, 50.7069075]}, "properties": {"id": "osm:way:99402523", "type": "kindergarten", "name": "Gemeinnützige Kindertagesstätte Mini-Mäuse GmbH - Venusberg", "source": "OpenStreetMap/Overpass"}}, {"type": "Feature", "geometry": {"type": "Point", "coordinates": [7.0957991, 50.7458575]}, "properties": {"id": "osm:way:99604976", "type": "school", "name": "Marie-Kahle-Gesamtschule", "source": "OpenStreetMap/Overpass"}}, {"type": "Feature", "geometry": {"type": "Point", "coordinates": [7.0962242, 50.7460588]}, "properties": {"id": "osm:way:99604980", "type": "school", "name": "", "source": "OpenStreetMap/Overpass"}}, {"type": "Feature", "geometry": {"type": "Point", "coordinates": [7.0744898, 50.7116242]}, "properties": {"id": "osm:way:101334495", "type": "kindergarten", "name": "Städt. Kindergarten Kreuzbergschule - \"Das gelbe Haus Schulstraße\"", "source": "OpenStreetMap/Overpass"}}, {"type": "Feature", "geometry": {"type": "Point", "coordinates": [7.048328, 50.7039834]}, "properties": {"id": "osm:way:101804161", "type": "kindergarten", "name": "Kindertagesstätte Regenbogenhaus", "source": "OpenStreetMap/Overpass"}}, {"type": "Feature", "geometry": {"type": "Point", "coordinates": [7.0611854, 50.7170119]}, "properties": {"id": "osm:way:104530351", "type": "school", "name": "Astrid-Lindgren-Schule", "source": "OpenStreetMap/Overpass"}}, {"type": "Feature", "geometry": {"type": "Point", "coordinates": [7.0611098, 50.717258]}, "properties": {"id": "osm:way:104531880", "type": "school", "name": "OGS der Ludwig-Richter-Schule", "source": "OpenStreetMap/Overpass"}}, {"type": "Feature", "geometry": {"type": "Point", "coordinates": [7.2034419, 50.7210982]}, "properties": {"id": "osm:way:104741067", "type": "kindergarten", "name": "Kindergarten Löwenzahn", "source": "OpenStreetMap/Overpass"}}, {"type": "Feature", "geometry": {"type": "Point", "coordinates": [7.1543776, 50.7457623]}, "properties": {"id": "osm:way:105196618", "type": "school", "name": "Marktschule", "source": "OpenStreetMap/Overpass"}}, {"type": "Feature", "geometry": {"type": "Point", "coordinates": [7.169654, 50.6887673]}, "properties": {"id": "osm:way:106121131", "type": "kindergarten", "name": "Kindertageseinrichtung Villa Kunterbunt", "source": "OpenStreetMap/Overpass"}}, {"type": "Feature", "geometry": {"type": "Point", "coordinates": [7.0485192, 50.7355261]}, "properties": {"id": "osm:way:107358655", "type": "kindergarten", "name": "Kath. Kindergarten St. Antonius", "source": "OpenStreetMap/Overpass"}}, {"type": "Feature", "geometry": {"type": "Point", "coordinates": [7.0477258, 50.7376906]}, "properties": {"id": "osm:way:107360453", "type": "kindergarten", "name": "Kindertagespflege Nimmerland", "source": "OpenStreetMap/Overpass"}}, {"type": "Feature", "geometry": {"type": "Point", "coordinates": [7.1178532, 50.7482734]}, "properties": {"id": "osm:way:107613587", "type": "school", "name": "Arnold-von-Wied-Schule", "source": "OpenStreetMap/Overpass"}}, {"type": "Feature", "geometry": {"type": "Point", "coordinates": [7.117998, 50.7484522]}, "properties": {"id": "osm:way:107613588", "type": "school", "name": "Arnold-von-Wied-Schule", "source": "OpenStreetMap/Overpass"}}, {"type": "Feature", "geometry": {"type": "Point", "coordinates": [7.1044421, 50.7397643]}, "properties": {"id": "osm:way:107632326", "type": "school", "name": "Stiftsschule", "source": "OpenStreetMap/Overpass"}}, {"type": "Feature", "geometry": {"type": "Point", "coordinates": [7.0913955, 50.7441154]}, "properties": {"id": "osm:way:108238147", "type": "kindergarten", "name": "Ev. Kindertageseinrichtung der Ev. Lukaskirchengemeinde", "source": "OpenStreetMap/Overpass"}}, {"type": "Feature", "geometry": {"type": "Point", "coordinates": [7.0912725, 50.7394753]}, "properties": {"id": "osm:way:108282639", "type": "school", "name": "", "source": "OpenStreetMap/Overpass"}}, {"type": "Feature", "geometry": {"type": "Point", "coordinates": [7.0914157, 50.7392269]}, "properties": {"id": "osm:way:108282640", "type": "school", "name": "Marienschule", "source": "OpenStreetMap/Overpass"}}, {"type": "Feature", "geometry": {"type": "Point", "coordinates": [7.1798455, 50.7418617]}, "properties": {"id": "osm:way:108603780", "type": "school", "name": "Grundschule Holzlar", "source": "OpenStreetMap/Overpass"}}, {"type": "Feature", "geometry": {"type": "Point", "coordinates": [7.1819342, 50.7416867]}, "properties": {"id": "osm:way:108605400", "type": "kindergarten", "name": "Kath. Kindertageseinrichtung Christ König", "source": "OpenStreetMap/Overpass"}}, {"type": "Feature", "geometry": {"type": "Point", "coordinates": [7.0321583, 50.7097181]}, "properties": {"id": "osm:way:108739076", "type": "kindergarten", "name": "Kindertageseinrichtung Schulzentrum Medinghoven", "source": "OpenStreetMap/Overpass"}}, {"type": "Feature", "geometry": {"type": "Point", "coordinates": [7.0392082, 50.7116088]}, "properties": {"id": "osm:way:108784469", "type": "kindergarten", "name": "Kindergarten Elterninitiative Kindertreff Willibald", "source": "OpenStreetMap/Overpass"}}, {"type": "Feature", "geometry": {"type": "Point", "coordinates": [7.1722922, 50.6835918]}, "properties": {"id": "osm:way:110470491", "type": "kindergarten", "name": "Kath. Kindergarten Margarete-Winkler-Kindergarten St. Andreas", "source": "OpenStreetMap/Overpass"}}, {"type": "Feature", "geometry": {"type": "Point", "coordinates": [7.0870459, 50.7426407]}, "properties": {"id": "osm:way:110639167", "type": "kindergarten", "name": "Sozialpädagogische Übungsstätte des Robert-Wetzlar-Kollegs", "source": "OpenStreetMap/Overpass"}}, {"type": "Feature", "geometry": {"type": "Point", "coordinates": [7.0873263, 50.7415806]}, "properties": {"id": "osm:way:110640346", "type": "school", "name": "Karlschule", "source": "OpenStreetMap/Overpass"}}, {"type": "Feature", "geometry": {"type": "Point", "coordinates": [7.0738846, 50.7115282]}, "properties": {"id": "osm:way:111285485", "type": "school", "name": "Kreuzbergschule OGS", "source": "OpenStreetMap/Overpass"}}, {"type": "Feature", "geometry": {"type": "Point", "coordinates": [7.0744647, 50.7110497]}, "properties": {"id": "osm:way:111285488", "type": "school", "name": "Kreuzbergschule", "source": "OpenStreetMap/Overpass"}}, {"type": "Feature", "geometry": {"type": "Point", "coordinates": [7.0744851, 50.7110766]}, "properties": {"id": "osm:way:111318110", "type": "school", "name": "Kreuzbergschule", "source": "OpenStreetMap/Overpass"}}, {"type": "Feature", "geometry": {"type": "Point", "coordinates": [7.0393867, 50.7230818]}, "properties": {"id": "osm:way:111459599", "type": "school", "name": "Laurentiusschule", "source": "OpenStreetMap/Overpass"}}, {"type": "Feature", "geometry": {"type": "Point", "coordinates": [7.0736997, 50.6806631]}, "properties": {"id": "osm:way:111652651", "type": "school", "name": "Robert-Wetzlar-Berufskolleg", "source": "OpenStreetMap/Overpass"}}, {"type": "Feature", "geometry": {"type": "Point", "coordinates": [7.074097, 50.6807622]}, "properties": {"id": "osm:way:111652654", "type": "kindergarten", "name": "Städt. Kindergarten Pusteblume", "source": "OpenStreetMap/Overpass"}}, {"type": "Feature", "geometry": {"type": "Point", "coordinates": [7.0689364, 50.6832661]}, "properties": {"id": "osm:way:111659098", "type": "kindergarten", "name": "Ev. Kindergarten Kirchengemeinde Am Kottenforst", "source": "OpenStreetMap/Overpass"}}, {"type": "Feature", "geometry": {"type": "Point", "coordinates": [7.0677997, 50.680724]}, "properties": {"id": "osm:way:111729054", "type": "kindergarten", "name": "", "source": "OpenStreetMap/Overpass"}}, {"type": "Feature", "geometry": {"type": "Point", "coordinates": [7.067474, 50.6807066]}, "properties": {"id": "osm:way:111729336", "type": "kindergarten", "name": "Kath. Kindergarten Christi Auferstehung", "source": "OpenStreetMap/Overpass"}}, {"type": "Feature", "geometry": {"type": "Point", "coordinates": [7.1516119, 50.6937525]}, "properties": {"id": "osm:way:111870129", "type": "kindergarten", "name": "Ev. Kindergarten der Ev. Christuskirchengemeinde", "source": "OpenStreetMap/Overpass"}}, {"type": "Feature", "geometry": {"type": "Point", "coordinates": [7.0677858, 50.7101733]}, "properties": {"id": "osm:way:112518506", "type": "kindergarten", "name": "", "source": "OpenStreetMap/Overpass"}}, {"type": "Feature", "geometry": {"type": "Point", "coordinates": [7.0797895, 50.7026381]}, "properties": {"id": "osm:way:112609753", "type": "kindergarten", "name": "Kita Sankt Barbara", "source": "OpenStreetMap/Overpass"}}, {"type": "Feature", "geometry": {"type": "Point", "coordinates": [7.1342745, 50.68104]}, "properties": {"id": "osm:way:113056260", "type": "school", "name": "", "source": "OpenStreetMap/Overpass"}}, {"type": "Feature", "geometry": {"type": "Point", "coordinates": [7.1347329, 50.6814827]}, "properties": {"id": "osm:way:113056261", "type": "kindergarten", "name": "Kindergarten Elterninitiative Waldkiga Laubfrösche", "source": "OpenStreetMap/Overpass"}}, {"type": "Feature", "geometry": {"type": "Point", "coordinates": [7.1344757, 50.6813987]}, "properties": {"id": "osm:way:113056262", "type": "school", "name": "", "source": "OpenStreetMap/Overpass"}}, {"type": "Feature", "geometry": {"type": "Point", "coordinates": [7.1346815, 50.6812137]}, "properties": {"id": "osm:way:113056266", "type": "school", "name": "", "source": "OpenStreetMap/Overpass"}}, {"type": "Feature", "geometry": {"type": "Point", "coordinates": [7.1344445, 50.6811978]}, "properties": {"id": "osm:way:113056267", "type": "school", "name": "Johannes-Gutenberg-Schule", "source": "OpenStreetMap/Overpass"}}, {"type": "Feature", "geometry": {"type": "Point", "coordinates": [7.1341704, 50.6812748]}, "properties": {"id": "osm:way:113056268", "type": "school", "name": "", "source": "OpenStreetMap/Overpass"}}, {"type": "Feature", "geometry": {"type": "Point", "coordinates": [7.0730311, 50.7262568]}, "properties": {"id": "osm:way:113872137", "type": "school", "name": "Matthias-Claudius-Schule", "source": "OpenStreetMap/Overpass"}}, {"type": "Feature", "geometry": {"type": "Point", "coordinates": [7.0731054, 50.7252305]}, "properties": {"id": "osm:way:113878302", "type": "school", "name": "Abteilung der Matthias-Claudius-Schule", "source": "OpenStreetMap/Overpass"}}, {"type": "Feature", "geometry": {"type": "Point", "coordinates": [7.1516645, 50.6621428]}, "properties": {"id": "osm:way:114014835", "type": "school", "name": "Offene Ganztagsgrundschule Heiderhof", "source": "OpenStreetMap/Overpass"}}, {"type": "Feature", "geometry": {"type": "Point", "coordinates": [7.1492128, 50.6619741]}, "properties": {"id": "osm:way:114016742", "type": "kindergarten", "name": "Kindertagesstätte KJF Sternennest", "source": "OpenStreetMap/Overpass"}}, {"type": "Feature", "geometry": {"type": "Point", "coordinates": [7.0994564, 50.6988927]}, "properties": {"id": "osm:way:114306109", "type": "school", "name": "Gemeinschaftsgrundschule Waldschule Bonn-Venusberg", "source": "OpenStreetMap/Overpass"}}, {"type": "Feature", "geometry": {"type": "Point", "coordinates": [7.0716034, 50.7243048]}, "properties": {"id": "osm:way:114574781", "type": "school", "name": "Karl-Simrock-Schule für Berufsorientierung", "source": "OpenStreetMap/Overpass"}}, {"type": "Feature", "geometry": {"type": "Point", "coordinates": [7.156613, 50.7040679]}, "properties": {"id": "osm:way:114697077", "type": "kindergarten", "name": "KiTa Rheinkinder", "source": "OpenStreetMap/Overpass"}}, {"type": "Feature", "geometry": {"type": "Point", "coordinates": [7.1969649, 50.737961]}, "properties": {"id": "osm:way:114891277", "type": "kindergarten", "name": "Kindertageseinrichtung Veilchenweg", "source": "OpenStreetMap/Overpass"}}, {"type": "Feature", "geometry": {"type": "Point", "coordinates": [7.1486449, 50.7309713]}, "properties": {"id": "osm:way:115302466", "type": "kindergarten", "name": "Kath. Kindergarten St. Adelheidis", "source": "OpenStreetMap/Overpass"}}, {"type": "Feature", "geometry": {"type": "Point", "coordinates": [7.1499984, 50.7303504]}, "properties": {"id": "osm:way:115304787", "type": "school", "name": "Ennertschule", "source": "OpenStreetMap/Overpass"}}, {"type": "Feature", "geometry": {"type": "Point", "coordinates": [7.1797166, 50.7466127]}, "properties": {"id": "osm:way:115393781", "type": "kindergarten", "name": "Kindertagesstätte KJF Wirbelwind", "source": "OpenStreetMap/Overpass"}}, {"type": "Feature", "geometry": {"type": "Point", "coordinates": [7.0947479, 50.7489357]}, "properties": {"id": "osm:way:116870481", "type": "kindergarten", "name": "", "source": "OpenStreetMap/Overpass"}}, {"type": "Feature", "geometry": {"type": "Point", "coordinates": [7.0549923, 50.6962117]}, "properties": {"id": "osm:way:116949271", "type": "school", "name": "GGS Brüser Berg", "source": "OpenStreetMap/Overpass"}}, {"type": "Feature", "geometry": {"type": "Point", "coordinates": [7.2100789, 50.7734316]}, "properties": {"id": "osm:way:118045372", "type": "kindergarten", "name": "KiKu Wunderland", "source": "OpenStreetMap/Overpass"}}, {"type": "Feature", "geometry": {"type": "Point", "coordinates": [7.0531637, 50.7078848]}, "properties": {"id": "osm:way:122553138", "type": "kindergarten", "name": "Städt. Kindergarten Am Finkenhof", "source": "OpenStreetMap/Overpass"}}, {"type": "Feature", "geometry": {"type": "Point", "coordinates": [7.0503132, 50.7149283]}, "properties": {"id": "osm:way:122598573", "type": "school", "name": "Rochusschule", "source": "OpenStreetMap/Overpass"}}, {"type": "Feature", "geometry": {"type": "Point", "coordinates": [7.1276617, 50.6955608]}, "properties": {"id": "osm:way:123526375", "type": "kindergarten", "name": "Ev. Kindergarten Thomas-Kirchengemeinde", "source": "OpenStreetMap/Overpass"}}, {"type": "Feature", "geometry": {"type": "Point", "coordinates": [7.1491766, 50.7243978]}, "properties": {"id": "osm:way:123528865", "type": "kindergarten", "name": "Städtischer Kindergarten An der Umkehr", "source": "OpenStreetMap/Overpass"}}, {"type": "Feature", "geometry": {"type": "Point", "coordinates": [7.1444245, 50.756613]}, "properties": {"id": "osm:way:123529551", "type": "kindergarten", "name": "Kath. Kindergarten St. Maria Königin", "source": "OpenStreetMap/Overpass"}}, {"type": "Feature", "geometry": {"type": "Point", "coordinates": [7.1158057, 50.7379298]}, "properties": {"id": "osm:way:123702992", "type": "school", "name": "Josefschule", "source": "OpenStreetMap/Overpass"}}, {"type": "Feature", "geometry": {"type": "Point", "coordinates": [7.0658342, 50.7302081]}, "properties": {"id": "osm:way:124274893", "type": "kindergarten", "name": "", "source": "OpenStreetMap/Overpass"}}, {"type": "Feature", "geometry": {"type": "Point", "coordinates": [7.1578944, 50.6780086]}, "properties": {"id": "osm:way:124875114", "type": "kindergarten", "name": "Städt. Kindergarten Rigal´sche Wiese", "source": "OpenStreetMap/Overpass"}}, {"type": "Feature", "geometry": {"type": "Point", "coordinates": [7.0915821, 50.7193803]}, "properties": {"id": "osm:way:124967720", "type": "school", "name": "Johannes-Schule", "source": "OpenStreetMap/Overpass"}}, {"type": "Feature", "geometry": {"type": "Point", "coordinates": [7.0895846, 50.7201257]}, "properties": {"id": "osm:way:124967728", "type": "kindergarten", "name": "Kath. Kindergarten St. Sebastian", "source": "OpenStreetMap/Overpass"}}, {"type": "Feature", "geometry": {"type": "Point", "coordinates": [7.1792283, 50.6632569]}, "properties": {"id": "osm:way:125004466", "type": "kindergarten", "name": "Monti-Häuschen", "source": "OpenStreetMap/Overpass"}}, {"type": "Feature", "geometry": {"type": "Point", "coordinates": [7.1604652, 50.6989577]}, "properties": {"id": "osm:way:125361601", "type": "school", "name": "Donatusschule", "source": "OpenStreetMap/Overpass"}}, {"type": "Feature", "geometry": {"type": "Point", "coordinates": [7.1270401, 50.702246]}, "properties": {"id": "osm:way:125664904", "type": "kindergarten", "name": "KiTa Elterninitiative Sonnenblume e.V.", "source": "OpenStreetMap/Overpass"}}, {"type": "Feature", "geometry": {"type": "Point", "coordinates": [7.1146201, 50.7516988]}, "properties": {"id": "osm:way:125775873", "type": "kindergarten", "name": "Kath. Kindergarten Montessorikinderhaus", "source": "OpenStreetMap/Overpass"}}, {"type": "Feature", "geometry": {"type": "Point", "coordinates": [7.1175771, 50.7439734]}, "properties": {"id": "osm:way:125775877", "type": "kindergarten", "name": "Kindergarten Elterninitiative 1973", "source": "OpenStreetMap/Overpass"}}, {"type": "Feature", "geometry": {"type": "Point", "coordinates": [7.1195784, 50.7449104]}, "properties": {"id": "osm:way:125775880", "type": "kindergarten", "name": "Städt. Kindergarten Jahnstraße", "source": "OpenStreetMap/Overpass"}}, {"type": "Feature", "geometry": {"type": "Point", "coordinates": [7.1475791, 50.7558665]}, "properties": {"id": "osm:way:125848929", "type": "kindergarten", "name": "Städtische Kita Wilfried-Hatzfeld-Straße", "source": "OpenStreetMap/Overpass"}}, {"type": "Feature", "geometry": {"type": "Point", "coordinates": [7.1700604, 50.6639327]}, "properties": {"id": "osm:way:126392975", "type": "kindergarten", "name": "Kath. Kindergarten Herz Jesu", "source": "OpenStreetMap/Overpass"}}, {"type": "Feature", "geometry": {"type": "Point", "coordinates": [7.123372, 50.7363256]}, "properties": {"id": "osm:way:126450977", "type": "kindergarten", "name": "Städt. Kindergarten Windrad", "source": "OpenStreetMap/Overpass"}}, {"type": "Feature", "geometry": {"type": "Point", "coordinates": [7.1698604, 50.6747345]}, "properties": {"id": "osm:way:126451355", "type": "school", "name": "Johannes-Rau-Schule", "source": "OpenStreetMap/Overpass"}}, {"type": "Feature", "geometry": {"type": "Point", "coordinates": [7.1091393, 50.7307266]}, "properties": {"id": "osm:way:126788841", "type": "school", "name": "Beethoven-Gymnasium", "source": "OpenStreetMap/Overpass"}}, {"type": "Feature", "geometry": {"type": "Point", "coordinates": [7.1062919, 50.7308541]}, "properties": {"id": "osm:way:126855609", "type": "school", "name": "Münsterschule", "source": "OpenStreetMap/Overpass"}}, {"type": "Feature", "geometry": {"type": "Point", "coordinates": [7.1890531, 50.6587421]}, "properties": {"id": "osm:way:126953291", "type": "school", "name": "École de Gaulle-Adenauer", "source": "OpenStreetMap/Overpass"}}, {"type": "Feature", "geometry": {"type": "Point", "coordinates": [7.1648872, 50.6747949]}, "properties": {"id": "osm:way:127008398", "type": "school", "name": "Amos-Comenius-Gymnasium", "source": "OpenStreetMap/Overpass"}}, {"type": "Feature", "geometry": {"type": "Point", "coordinates": [7.112324, 50.7030446]}, "properties": {"id": "osm:way:127008410", "type": "school", "name": "Montessorischule", "source": "OpenStreetMap/Overpass"}}, {"type": "Feature", "geometry": {"type": "Point", "coordinates": [7.0314632, 50.692487]}, "properties": {"id": "osm:way:128572452", "type": "school", "name": "Waldschule Alfter", "source": "OpenStreetMap/Overpass"}}, {"type": "Feature", "geometry": {"type": "Point", "coordinates": [7.0515161, 50.7212017]}, "properties": {"id": "osm:way:133766025", "type": "kindergarten", "name": "Städt. Kindergarten Im grünen Winkel", "source": "OpenStreetMap/Overpass"}}, {"type": "Feature", "geometry": {"type": "Point", "coordinates": [7.1695206, 50.7614722]}, "properties": {"id": "osm:way:140054495", "type": "school", "name": "Freie Waldorfschule Sankt Augustin-Hangelar", "source": "OpenStreetMap/Overpass"}}, {"type": "Feature", "geometry": {"type": "Point", "coordinates": [7.1265966, 50.7274606]}, "properties": {"id": "osm:way:144447227", "type": "school", "name": "Kardinal-Frings-Gymnasium", "source": "OpenStreetMap/Overpass"}}, {"type": "Feature", "geometry": {"type": "Point", "coordinates": [7.1670913, 50.6883944]}, "properties": {"id": "osm:way:145360678", "type": "school", "name": "Otto-Kühne-Schule", "source": "OpenStreetMap/Overpass"}}, {"type": "Feature", "geometry": {"type": "Point", "coordinates": [7.1590348, 50.6908164]}, "properties": {"id": "osm:way:146794781", "type": "school", "name": "Beethovenschule", "source": "OpenStreetMap/Overpass"}}, {"type": "Feature", "geometry": {"type": "Point", "coordinates": [7.1676171, 50.6910666]}, "properties": {"id": "osm:way:146794786", "type": "school", "name": "HEBO Privatschule", "source": "OpenStreetMap/Overpass"}}, {"type": "Feature", "geometry": {"type": "Point", "coordinates": [7.1632756, 50.6870525]}, "properties": {"id": "osm:way:146794790", "type": "school", "name": "Paul-Klee-Schule", "source": "OpenStreetMap/Overpass"}}, {"type": "Feature", "geometry": {"type": "Point", "coordinates": [7.0913519, 50.7401656]}, "properties": {"id": "osm:way:148333622", "type": "kindergarten", "name": "Städt. Kindergarten Unterm Regenbogen", "source": "OpenStreetMap/Overpass"}}, {"type": "Feature", "geometry": {"type": "Point", "coordinates": [7.1593351, 50.6485486]}, "properties": {"id": "osm:way:156072090", "type": "kindergarten", "name": "Evang. Kindergarten Ließem", "source": "OpenStreetMap/Overpass"}}, {"type": "Feature", "geometry": {"type": "Point", "coordinates": [7.1071923, 50.7123946]}, "properties": {"id": "osm:way:160522543", "type": "school", "name": "Nikolausschule", "source": "OpenStreetMap/Overpass"}}, {"type": "Feature", "geometry": {"type": "Point", "coordinates": [7.1235411, 50.7064681]}, "properties": {"id": "osm:way:161091800", "type": "kindergarten", "name": "Kleine Wolkenstürmer", "source": "OpenStreetMap/Overpass"}}, {"type": "Feature", "geometry": {"type": "Point", "coordinates": [7.1169003, 50.6991516]}, "properties": {"id": "osm:way:163009092", "type": "kindergarten", "name": "Kindertagesstätte am Zwergenwald", "source": "OpenStreetMap/Overpass"}}, {"type": "Feature", "geometry": {"type": "Point", "coordinates": [7.0550841, 50.7152737]}, "properties": {"id": "osm:way:169995262", "type": "kindergarten", "name": "Kath. Kindertageseinrichtung St. Augustinus", "source": "OpenStreetMap/Overpass"}}, {"type": "Feature", "geometry": {"type": "Point", "coordinates": [7.0319575, 50.7142847]}, "properties": {"id": "osm:way:170067945", "type": "kindergarten", "name": "Heilpädagogischer Kindergarten Die Burgkinder", "source": "OpenStreetMap/Overpass"}}, {"type": "Feature", "geometry": {"type": "Point", "coordinates": [7.0438514, 50.718884]}, "properties": {"id": "osm:way:170076513", "type": "kindergarten", "name": "Joki-Familienhaus", "source": "OpenStreetMap/Overpass"}}, {"type": "Feature", "geometry": {"type": "Point", "coordinates": [7.0341298, 50.7070728]}, "properties": {"id": "osm:way:170206082", "type": "kindergarten", "name": "Kindertagesstätte \"Malteser Strolche\"", "source": "OpenStreetMap/Overpass"}}, {"type": "Feature", "geometry": {"type": "Point", "coordinates": [7.1562196, 50.6899943]}, "properties": {"id": "osm:way:170460640", "type": "kindergarten", "name": "Montessori Kinderhaus", "source": "OpenStreetMap/Overpass"}}, {"type": "Feature", "geometry": {"type": "Point", "coordinates": [7.159237, 50.6869119]}, "properties": {"id": "osm:way:170467096", "type": "kindergarten", "name": "Kay International School", "source": "OpenStreetMap/Overpass"}}, {"type": "Feature", "geometry": {"type": "Point", "coordinates": [7.0432479, 50.740437]}, "properties": {"id": "osm:way:178299672", "type": "kindergarten", "name": "Städt. Kindergarten Lenaustraße", "source": "OpenStreetMap/Overpass"}}, {"type": "Feature", "geometry": {"type": "Point", "coordinates": [7.0587589, 50.7370616]}, "properties": {"id": "osm:way:178409559", "type": "kindergarten", "name": "Städtische Kindertageseinrichtung Gerhart-Hauptmann-Straße", "source": "OpenStreetMap/Overpass"}}, {"type": "Feature", "geometry": {"type": "Point", "coordinates": [7.0490756, 50.7367505]}, "properties": {"id": "osm:way:178409561", "type": "school", "name": "Kettelerschule - Inklusive Gemeinschaftsgrundschule", "source": "OpenStreetMap/Overpass"}}, {"type": "Feature", "geometry": {"type": "Point", "coordinates": [7.069726, 50.7593613]}, "properties": {"id": "osm:way:178542639", "type": "kindergarten", "name": "Evangelische Kindertagesstätte Der kleine Lukas", "source": "OpenStreetMap/Overpass"}}, {"type": "Feature", "geometry": {"type": "Point", "coordinates": [7.0491425, 50.7611353]}, "properties": {"id": "osm:way:179619999", "type": "school", "name": "Katholische Grundschule Buschdorf", "source": "OpenStreetMap/Overpass"}}, {"type": "Feature", "geometry": {"type": "Point", "coordinates": [7.058973, 50.7132314]}, "properties": {"id": "osm:way:179763267", "type": "kindergarten", "name": "Kita Zauberkiste", "source": "OpenStreetMap/Overpass"}}, {"type": "Feature", "geometry": {"type": "Point", "coordinates": [7.0607266, 50.7167145]}, "properties": {"id": "osm:way:179763403", "type": "school", "name": "Ludwig-Richter-Schule", "source": "OpenStreetMap/Overpass"}}, {"type": "Feature", "geometry": {"type": "Point", "coordinates": [7.0508394, 50.7129276]}, "properties": {"id": "osm:way:179801135", "type": "kindergarten", "name": "Städt. Kindergarten Flemingstraße", "source": "OpenStreetMap/Overpass"}}, {"type": "Feature", "geometry": {"type": "Point", "coordinates": [7.0242423, 50.7182489]}, "properties": {"id": "osm:way:182746156", "type": "kindergarten", "name": "Familienzentrum / Kindertageseinrichtung Sterntaler", "source": "OpenStreetMap/Overpass"}}, {"type": "Feature", "geometry": {"type": "Point", "coordinates": [7.1467145, 50.6828912]}, "properties": {"id": "osm:way:183645178", "type": "school", "name": "Siebengebirgsschule", "source": "OpenStreetMap/Overpass"}}, {"type": "Feature", "geometry": {"type": "Point", "coordinates": [7.147146, 50.683271]}, "properties": {"id": "osm:way:183645183", "type": "school", "name": "Burgschule", "source": "OpenStreetMap/Overpass"}}, {"type": "Feature", "geometry": {"type": "Point", "coordinates": [7.1492925, 50.6764681]}, "properties": {"id": "osm:way:183651951", "type": "school", "name": "Aloisiuskolleg", "source": "OpenStreetMap/Overpass"}}, {"type": "Feature", "geometry": {"type": "Point", "coordinates": [7.0469526, 50.773311]}, "properties": {"id": "osm:way:184592639", "type": "school", "name": "Erzbischöfliche Ursulinenschule Hersel", "source": "OpenStreetMap/Overpass"}}, {"type": "Feature", "geometry": {"type": "Point", "coordinates": [7.1013372, 50.7270922]}, "properties": {"id": "osm:way:192942696", "type": "school", "name": "Clara-Schumann-Gymnasium", "source": "OpenStreetMap/Overpass"}}, {"type": "Feature", "geometry": {"type": "Point", "coordinates": [7.0896587, 50.7171297]}, "properties": {"id": "osm:way:194548078", "type": "school", "name": "Emilie-Heyermann-Realschule", "source": "OpenStreetMap/Overpass"}}, {"type": "Feature", "geometry": {"type": "Point", "coordinates": [7.1422905, 50.70711]}, "properties": {"id": "osm:way:198344681", "type": "kindergarten", "name": "Kindertageseinrichtung der Bundesministerien", "source": "OpenStreetMap/Overpass"}}, {"type": "Feature", "geometry": {"type": "Point", "coordinates": [7.1167782, 50.7016606]}, "properties": {"id": "osm:way:202106356", "type": "kindergarten", "name": "", "source": "OpenStreetMap/Overpass"}}, {"type": "Feature", "geometry": {"type": "Point", "coordinates": [7.158041, 50.7221976]}, "properties": {"id": "osm:way:202756216", "type": "kindergarten", "name": "Städtische Kindertagesstätte Weidenweg 10", "source": "OpenStreetMap/Overpass"}}, {"type": "Feature", "geometry": {"type": "Point", "coordinates": [7.0554817, 50.6323983]}, "properties": {"id": "osm:way:209472031", "type": "school", "name": "Katholische Grundschule Merl", "source": "OpenStreetMap/Overpass"}}, {"type": "Feature", "geometry": {"type": "Point", "coordinates": [7.0235283, 50.6926442]}, "properties": {"id": "osm:way:212089119", "type": "kindergarten", "name": "St. Lambertus", "source": "OpenStreetMap/Overpass"}}, {"type": "Feature", "geometry": {"type": "Point", "coordinates": [7.1770612, 50.6461873]}, "properties": {"id": "osm:way:215480951", "type": "school", "name": "GGS \"Drachenfelsschule\" Niederbachem", "source": "OpenStreetMap/Overpass"}}, {"type": "Feature", "geometry": {"type": "Point", "coordinates": [7.1955608, 50.6722256]}, "properties": {"id": "osm:way:220309857", "type": "kindergarten", "name": "Katholische Kindertagesstätte St. Franziskus", "source": "OpenStreetMap/Overpass"}}, {"type": "Feature", "geometry": {"type": "Point", "coordinates": [7.1731598, 50.7443906]}, "properties": {"id": "osm:way:227193897", "type": "kindergarten", "name": "", "source": "OpenStreetMap/Overpass"}}, {"type": "Feature", "geometry": {"type": "Point", "coordinates": [7.1168437, 50.6991851]}, "properties": {"id": "osm:way:231433132", "type": "kindergarten", "name": "Kindertageseinrichtung Heinrich-Schneiders-Straße", "source": "OpenStreetMap/Overpass"}}, {"type": "Feature", "geometry": {"type": "Point", "coordinates": [7.1448311, 50.6799364]}, "properties": {"id": "osm:way:231697607", "type": "kindergarten", "name": "Kindergarten am Leuchtturm", "source": "OpenStreetMap/Overpass"}}, {"type": "Feature", "geometry": {"type": "Point", "coordinates": [7.1891718, 50.6580991]}, "properties": {"id": "osm:way:237470194", "type": "kindergarten", "name": "Städt. Kindergarten Mehlem", "source": "OpenStreetMap/Overpass"}}, {"type": "Feature", "geometry": {"type": "Point", "coordinates": [7.1156544, 50.7102752]}, "properties": {"id": "osm:way:241726488", "type": "school", "name": "Erich-Kästner-Schule", "source": "OpenStreetMap/Overpass"}}, {"type": "Feature", "geometry": {"type": "Point", "coordinates": [7.1151185, 50.7122318]}, "properties": {"id": "osm:way:241726500", "type": "kindergarten", "name": "Wolke 7", "source": "OpenStreetMap/Overpass"}}, {"type": "Feature", "geometry": {"type": "Point", "coordinates": [7.1638562, 50.6832862]}, "properties": {"id": "osm:way:243708127", "type": "kindergarten", "name": "", "source": "OpenStreetMap/Overpass"}}, {"type": "Feature", "geometry": {"type": "Point", "coordinates": [7.0624014, 50.7450926]}, "properties": {"id": "osm:way:245894565", "type": "kindergarten", "name": "Ev. Kindertageseinrichtung Apostelkirchengemeinde", "source": "OpenStreetMap/Overpass"}}, {"type": "Feature", "geometry": {"type": "Point", "coordinates": [7.0527596, 50.7502035]}, "properties": {"id": "osm:way:246402107", "type": "kindergarten", "name": "Kindergarten Lummerland", "source": "OpenStreetMap/Overpass"}}, {"type": "Feature", "geometry": {"type": "Point", "coordinates": [7.0963629, 50.6913454]}, "properties": {"id": "osm:way:246553245", "type": "kindergarten", "name": "", "source": "OpenStreetMap/Overpass"}}, {"type": "Feature", "geometry": {"type": "Point", "coordinates": [7.1005714, 50.7037794]}, "properties": {"id": "osm:way:247557098", "type": "school", "name": "Experimentelle Radiologie", "source": "OpenStreetMap/Overpass"}}, {"type": "Feature", "geometry": {"type": "Point", "coordinates": [7.0881644, 50.6962288]}, "properties": {"id": "osm:way:247954689", "type": "school", "name": "Engelsbachschule", "source": "OpenStreetMap/Overpass"}}, {"type": "Feature", "geometry": {"type": "Point", "coordinates": [7.0814113, 50.7000643]}, "properties": {"id": "osm:way:248898146", "type": "kindergarten", "name": "Claire-Grüneisen-Haus", "source": "OpenStreetMap/Overpass"}}, {"type": "Feature", "geometry": {"type": "Point", "coordinates": [7.083326, 50.7381161]}, "properties": {"id": "osm:way:249288061", "type": "kindergarten", "name": "Kath. Kindertagesstätte St. Helena", "source": "OpenStreetMap/Overpass"}}, {"type": "Feature", "geometry": {"type": "Point", "coordinates": [7.1620391, 50.7010959]}, "properties": {"id": "osm:way:249788889", "type": "kindergarten", "name": "Kindergarten Elterninitiative Carrusel", "source": "OpenStreetMap/Overpass"}}, {"type": "Feature", "geometry": {"type": "Point", "coordinates": [7.0472308, 50.7477047]}, "properties": {"id": "osm:way:250466629", "type": "kindergarten", "name": "Kindertageseinrichtung Chemnitzer Weg", "source": "OpenStreetMap/Overpass"}}, {"type": "Feature", "geometry": {"type": "Point", "coordinates": [7.1774448, 50.6458119]}, "properties": {"id": "osm:way:251063986", "type": "kindergarten", "name": "Kindertagesstätte Drachenhöhle e.V.", "source": "OpenStreetMap/Overpass"}}, {"type": "Feature", "geometry": {"type": "Point", "coordinates": [7.1108622, 50.7160012]}, "properties": {"id": "osm:way:253593727", "type": "school", "name": "Städtischer Kindergarten Clara Fey", "source": "OpenStreetMap/Overpass"}}, {"type": "Feature", "geometry": {"type": "Point", "coordinates": [7.1269166, 50.7373936]}, "properties": {"id": "osm:way:260329800", "type": "school", "name": "Gemeinschaftsgrundschule Paul-Gerhardt", "source": "OpenStreetMap/Overpass"}}, {"type": "Feature", "geometry": {"type": "Point", "coordinates": [7.1869559, 50.7691787]}, "properties": {"id": "osm:way:261616144", "type": "school", "name": "", "source": "OpenStreetMap/Overpass"}}, {"type": "Feature", "geometry": {"type": "Point", "coordinates": [7.1329244, 50.7259504]}, "properties": {"id": "osm:way:263223714", "type": "kindergarten", "name": "Kita Rheinpiraten", "source": "OpenStreetMap/Overpass"}}, {"type": "Feature", "geometry": {"type": "Point", "coordinates": [7.2008086, 50.7732225]}, "properties": {"id": "osm:way:271594134", "type": "kindergarten", "name": "", "source": "OpenStreetMap/Overpass"}}, {"type": "Feature", "geometry": {"type": "Point", "coordinates": [7.1873025, 50.7690343]}, "properties": {"id": "osm:way:282135614", "type": "school", "name": "Hans-Christian-Andersen Schule", "source": "OpenStreetMap/Overpass"}}, {"type": "Feature", "geometry": {"type": "Point", "coordinates": [7.0648472, 50.7363111]}, "properties": {"id": "osm:way:317939660", "type": "kindergarten", "name": "Städtisches Familienzentrum Siemensstraße", "source": "OpenStreetMap/Overpass"}}, {"type": "Feature", "geometry": {"type": "Point", "coordinates": [7.1245173, 50.6965652]}, "properties": {"id": "osm:way:324172308", "type": "school", "name": "Servatiusschule", "source": "OpenStreetMap/Overpass"}}, {"type": "Feature", "geometry": {"type": "Point", "coordinates": [7.0510114, 50.7609953]}, "properties": {"id": "osm:way:328513547", "type": "kindergarten", "name": "Städtischer Kindergarten Von-den-Driesch-Straße", "source": "OpenStreetMap/Overpass"}}, {"type": "Feature", "geometry": {"type": "Point", "coordinates": [7.0513941, 50.7611033]}, "properties": {"id": "osm:way:336602758", "type": "kindergarten", "name": "Ev. Kiga Buschdorf der ev. Kirchengemeinde Hersel", "source": "OpenStreetMap/Overpass"}}, {"type": "Feature", "geometry": {"type": "Point", "coordinates": [7.1686549, 50.7618044]}, "properties": {"id": "osm:way:345142833", "type": "kindergarten", "name": "Katholisches Familienzentrum St. Anna", "source": "OpenStreetMap/Overpass"}}, {"type": "Feature", "geometry": {"type": "Point", "coordinates": [7.1688066, 50.7638512]}, "properties": {"id": "osm:way:345142837", "type": "kindergarten", "name": "Waldorfkinderhaus Hangelar", "source": "OpenStreetMap/Overpass"}}, {"type": "Feature", "geometry": {"type": "Point", "coordinates": [7.164347, 50.7611634]}, "properties": {"id": "osm:way:345168071", "type": "school", "name": "Evangelische und Katholische Grundschule Hangelar", "source": "OpenStreetMap/Overpass"}}, {"type": "Feature", "geometry": {"type": "Point", "coordinates": [7.2012627, 50.7677696]}, "properties": {"id": "osm:way:345174804", "type": "school", "name": "Gemeinschaftsgrundschule Am Pleiser Wald", "source": "OpenStreetMap/Overpass"}}, {"type": "Feature", "geometry": {"type": "Point", "coordinates": [7.1878639, 50.7701984]}, "properties": {"id": "osm:way:345177914", "type": "school", "name": "Gutenbergschule", "source": "OpenStreetMap/Overpass"}}, {"type": "Feature", "geometry": {"type": "Point", "coordinates": [7.1910402, 50.7634684]}, "properties": {"id": "osm:way:345183204", "type": "kindergarten", "name": "Kita Waldstraße", "source": "OpenStreetMap/Overpass"}}, {"type": "Feature", "geometry": {"type": "Point", "coordinates": [7.2009511, 50.7732126]}, "properties": {"id": "osm:way:345186328", "type": "kindergarten", "name": "Kita Am Park", "source": "OpenStreetMap/Overpass"}}, {"type": "Feature", "geometry": {"type": "Point", "coordinates": [7.1946328, 50.7660742]}, "properties": {"id": "osm:way:345801236", "type": "kindergarten", "name": "Kita Schatzinsel", "source": "OpenStreetMap/Overpass"}}, {"type": "Feature", "geometry": {"type": "Point", "coordinates": [7.077056, 50.7266385]}, "properties": {"id": "osm:way:355531470", "type": "kindergarten", "name": "Kita Sankt Maria Magdalena", "source": "OpenStreetMap/Overpass"}}, {"type": "Feature", "geometry": {"type": "Point", "coordinates": [7.0499956, 50.6383455]}, "properties": {"id": "osm:way:360959430", "type": "kindergarten", "name": "Integrative Kindertagesstätte Steinbüchel", "source": "OpenStreetMap/Overpass"}}, {"type": "Feature", "geometry": {"type": "Point", "coordinates": [7.0496314, 50.6337042]}, "properties": {"id": "osm:way:362299168", "type": "school", "name": "Gemeinschaftsgrundschule Meckenheim-Merl", "source": "OpenStreetMap/Overpass"}}, {"type": "Feature", "geometry": {"type": "Point", "coordinates": [7.0973541, 50.7721662]}, "properties": {"id": "osm:way:364151065", "type": "kindergarten", "name": "Kath. Kindertagesstätte St. Lambertus", "source": "OpenStreetMap/Overpass"}}, {"type": "Feature", "geometry": {"type": "Point", "coordinates": [7.1071441, 50.7135285]}, "properties": {"id": "osm:way:365083383", "type": "school", "name": "Katholische Kindertageseinrichtung Sankt Nikolaus", "source": "OpenStreetMap/Overpass"}}, {"type": "Feature", "geometry": {"type": "Point", "coordinates": [7.1210198, 50.7483841]}, "properties": {"id": "osm:way:365615998", "type": "kindergarten", "name": "Städt. Kindergarten Büchelgarten", "source": "OpenStreetMap/Overpass"}}, {"type": "Feature", "geometry": {"type": "Point", "coordinates": [7.1359866, 50.7476751]}, "properties": {"id": "osm:way:366053035", "type": "kindergarten", "name": "Kindertageseinrichtung Wohnpark Neu-Vilich", "source": "OpenStreetMap/Overpass"}}, {"type": "Feature", "geometry": {"type": "Point", "coordinates": [7.0534557, 50.759012]}, "properties": {"id": "osm:way:374302166", "type": "kindergarten", "name": "KiTa Sternenhimmel", "source": "OpenStreetMap/Overpass"}}, {"type": "Feature", "geometry": {"type": "Point", "coordinates": [7.1293454, 50.6946174]}, "properties": {"id": "osm:way:386670021", "type": "school", "name": "Bodelschwinghschule", "source": "OpenStreetMap/Overpass"}}, {"type": "Feature", "geometry": {"type": "Point", "coordinates": [7.1259878, 50.6957938]}, "properties": {"id": "osm:way:386811083", "type": "kindergarten", "name": "Kath. Kindertagesstätte St. Servatius", "source": "OpenStreetMap/Overpass"}}, {"type": "Feature", "geometry": {"type": "Point", "coordinates": [7.1313101, 50.7011216]}, "properties": {"id": "osm:way:387252332", "type": "kindergarten", "name": "Städt. Kindergarten Winkelsweg", "source": "OpenStreetMap/Overpass"}}, {"type": "Feature", "geometry": {"type": "Point", "coordinates": [7.1313816, 50.7010835]}, "properties": {"id": "osm:way:387252341", "type": "kindergarten", "name": "Kiwi", "source": "OpenStreetMap/Overpass"}}, {"type": "Feature", "geometry": {"type": "Point", "coordinates": [7.1593755, 50.6984951]}, "properties": {"id": "osm:way:387877564", "type": "kindergarten", "name": "Kath. Kindergarten St. Evergislus", "source": "OpenStreetMap/Overpass"}}, {"type": "Feature", "geometry": {"type": "Point", "coordinates": [7.1760176, 50.7737041]}, "properties": {"id": "osm:way:394378569", "type": "kindergarten", "name": "Waldorfkinderhaus Ort", "source": "OpenStreetMap/Overpass"}}, {"type": "Feature", "geometry": {"type": "Point", "coordinates": [7.1582037, 50.6367048]}, "properties": {"id": "osm:way:406254292", "type": "kindergarten", "name": "", "source": "OpenStreetMap/Overpass"}}, {"type": "Feature", "geometry": {"type": "Point", "coordinates": [7.1607065, 50.6706485]}, "properties": {"id": "osm:way:432067149", "type": "kindergarten", "name": "Kita St. Martin", "source": "OpenStreetMap/Overpass"}}, {"type": "Feature", "geometry": {"type": "Point", "coordinates": [7.1578412, 50.671064]}, "properties": {"id": "osm:way:432074270", "type": "kindergarten", "name": "Juco", "source": "OpenStreetMap/Overpass"}}, {"type": "Feature", "geometry": {"type": "Point", "coordinates": [7.1562908, 50.674165]}, "properties": {"id": "osm:way:432090175", "type": "kindergarten", "name": "Kita Metzental", "source": "OpenStreetMap/Overpass"}}, {"type": "Feature", "geometry": {"type": "Point", "coordinates": [7.1666869, 50.6725175]}, "properties": {"id": "osm:way:432137190", "type": "kindergarten", "name": "Kita St. Albertus Magnus", "source": "OpenStreetMap/Overpass"}}, {"type": "Feature", "geometry": {"type": "Point", "coordinates": [7.1705584, 50.711462]}, "properties": {"id": "osm:way:438656149", "type": "kindergarten", "name": "Heilpädagogischer Sprachheilkindergarten Bonn-Oberkassel", "source": "OpenStreetMap/Overpass"}}, {"type": "Feature", "geometry": {"type": "Point", "coordinates": [7.1413775, 50.6903199]}, "properties": {"id": "osm:way:440432034", "type": "kindergarten", "name": "Kindergarten Godeszwerge", "source": "OpenStreetMap/Overpass"}}, {"type": "Feature", "geometry": {"type": "Point", "coordinates": [7.1278713, 50.731887]}, "properties": {"id": "osm:way:442268490", "type": "kindergarten", "name": "Alt-Katholischer Kindergarten St. Cyprian", "source": "OpenStreetMap/Overpass"}}, {"type": "Feature", "geometry": {"type": "Point", "coordinates": [7.1253506, 50.7499448]}, "properties": {"id": "osm:way:442509712", "type": "school", "name": "Realschule Beuel", "source": "OpenStreetMap/Overpass"}}, {"type": "Feature", "geometry": {"type": "Point", "coordinates": [7.0482411, 50.7728587]}, "properties": {"id": "osm:way:442994657", "type": "school", "name": "Herseler-Werth-Schule", "source": "OpenStreetMap/Overpass"}}, {"type": "Feature", "geometry": {"type": "Point", "coordinates": [7.1784837, 50.7439386]}, "properties": {"id": "osm:way:453923144", "type": "school", "name": "Katholische Grundschule Holzlar, OGS", "source": "OpenStreetMap/Overpass"}}, {"type": "Feature", "geometry": {"type": "Point", "coordinates": [7.0750239, 50.6845261]}, "properties": {"id": "osm:way:460193547", "type": "kindergarten", "name": "Kita Am Hölder", "source": "OpenStreetMap/Overpass"}}, {"type": "Feature", "geometry": {"type": "Point", "coordinates": [7.1674701, 50.6657631]}, "properties": {"id": "osm:way:462236535", "type": "kindergarten", "name": "Kita Splickgasse-Lindstraße", "source": "OpenStreetMap/Overpass"}}, {"type": "Feature", "geometry": {"type": "Point", "coordinates": [7.0920132, 50.6358897]}, "properties": {"id": "osm:way:465178850", "type": "kindergarten", "name": "Kita KinderWELT", "source": "OpenStreetMap/Overpass"}}, {"type": "Feature", "geometry": {"type": "Point", "coordinates": [7.092294, 50.6362427]}, "properties": {"id": "osm:way:465178851", "type": "school", "name": "Katholische Grundschule Villip", "source": "OpenStreetMap/Overpass"}}, {"type": "Feature", "geometry": {"type": "Point", "coordinates": [7.1032995, 50.6363283]}, "properties": {"id": "osm:way:465596262", "type": "kindergarten", "name": "Familienzentrum \"Drachenfelser Ländchen\"", "source": "OpenStreetMap/Overpass"}}, {"type": "Feature", "geometry": {"type": "Point", "coordinates": [7.0713416, 50.7312932]}, "properties": {"id": "osm:way:466190552", "type": "kindergarten", "name": "Kita auf dem Hügel", "source": "OpenStreetMap/Overpass"}}, {"type": "Feature", "geometry": {"type": "Point", "coordinates": [7.0756644, 50.7570439]}, "properties": {"id": "osm:way:471993392", "type": "kindergarten", "name": "Auerburg", "source": "OpenStreetMap/Overpass"}}, {"type": "Feature", "geometry": {"type": "Point", "coordinates": [7.2105325, 50.7707161]}, "properties": {"id": "osm:way:496192544", "type": "kindergarten", "name": "Kita Alter Bahnhof", "source": "OpenStreetMap/Overpass"}}, {"type": "Feature", "geometry": {"type": "Point", "coordinates": [7.1743284, 50.7632138]}, "properties": {"id": "osm:way:496196484", "type": "kindergarten", "name": "Integrative Kindertagesstätte Flohzirkus", "source": "OpenStreetMap/Overpass"}}, {"type": "Feature", "geometry": {"type": "Point", "coordinates": [7.0577441, 50.7552438]}, "properties": {"id": "osm:way:542415742", "type": "school", "name": "", "source": "OpenStreetMap/Overpass"}}, {"type": "Feature", "geometry": {"type": "Point", "coordinates": [7.0532753, 50.7015345]}, "properties": {"id": "osm:way:587059156", "type": "school", "name": "August-Macke-Schule", "source": "OpenStreetMap/Overpass"}}, {"type": "Feature", "geometry": {"type": "Point", "coordinates": [7.0534791, 50.6985526]}, "properties": {"id": "osm:way:587059158", "type": "kindergarten", "name": "Kindergarten Brüser Zwerge e.V.", "source": "OpenStreetMap/Overpass"}}, {"type": "Feature", "geometry": {"type": "Point", "coordinates": [7.1510004, 50.7492502]}, "properties": {"id": "osm:way:589999021", "type": "kindergarten", "name": "Kindertageseinrichtung Siegburger Straße", "source": "OpenStreetMap/Overpass"}}, {"type": "Feature", "geometry": {"type": "Point", "coordinates": [7.2048378, 50.7685609]}, "properties": {"id": "osm:way:612363001", "type": "kindergarten", "name": "WaldKiTa Niederpleiser Frischlinge", "source": "OpenStreetMap/Overpass"}}, {"type": "Feature", "geometry": {"type": "Point", "coordinates": [7.1610594, 50.7053966]}, "properties": {"id": "osm:way:630039264", "type": "school", "name": "Bonn International School", "source": "OpenStreetMap/Overpass"}}, {"type": "Feature", "geometry": {"type": "Point", "coordinates": [7.1165964, 50.7016879]}, "properties": {"id": "osm:way:631320661", "type": "kindergarten", "name": "Kindergarten Mobile e.V.", "source": "OpenStreetMap/Overpass"}}, {"type": "Feature", "geometry": {"type": "Point", "coordinates": [7.1172317, 50.7136962]}, "properties": {"id": "osm:way:648425978", "type": "kindergarten", "name": "Kindertagesstätte Kesse Pänz", "source": "OpenStreetMap/Overpass"}}, {"type": "Feature", "geometry": {"type": "Point", "coordinates": [7.0298401, 50.7452498]}, "properties": {"id": "osm:way:650763664", "type": "kindergarten", "name": "Kita KiKu Kinderland", "source": "OpenStreetMap/Overpass"}}, {"type": "Feature", "geometry": {"type": "Point", "coordinates": [7.0968394, 50.7460819]}, "properties": {"id": "osm:way:654781069", "type": "school", "name": "Grundschulverbund Marienschule-Nordschule (Standort Nordschule)", "source": "OpenStreetMap/Overpass"}}, {"type": "Feature", "geometry": {"type": "Point", "coordinates": [7.0537601, 50.7479253]}, "properties": {"id": "osm:way:663623857", "type": "kindergarten", "name": "Kita Abenteuerland", "source": "OpenStreetMap/Overpass"}}, {"type": "Feature", "geometry": {"type": "Point", "coordinates": [7.1021305, 50.7419766]}, "properties": {"id": "osm:way:672176862", "type": "kindergarten", "name": "Stiftskindergarten Sankt Remigius", "source": "OpenStreetMap/Overpass"}}, {"type": "Feature", "geometry": {"type": "Point", "coordinates": [7.1842751, 50.7301499]}, "properties": {"id": "osm:way:672727921", "type": "kindergarten", "name": "Städt. Kindergarten Waldzwerge", "source": "OpenStreetMap/Overpass"}}, {"type": "Feature", "geometry": {"type": "Point", "coordinates": [7.1243536, 50.696681]}, "properties": {"id": "osm:way:677666600", "type": "kindergarten", "name": "KiTa Rasselbande", "source": "OpenStreetMap/Overpass"}}, {"type": "Feature", "geometry": {"type": "Point", "coordinates": [7.0421071, 50.7376687]}, "properties": {"id": "osm:way:682180255", "type": "kindergarten", "name": "Städtische Kita Mörikestraße", "source": "OpenStreetMap/Overpass"}}, {"type": "Feature", "geometry": {"type": "Point", "coordinates": [7.0432628, 50.7525576]}, "properties": {"id": "osm:way:704961367", "type": "kindergarten", "name": "Familienzentrum Montessori Kinderhaus Tannenbusch", "source": "OpenStreetMap/Overpass"}}, {"type": "Feature", "geometry": {"type": "Point", "coordinates": [7.1018117, 50.7277777]}, "properties": {"id": "osm:way:731194160", "type": "school", "name": "Erzbischöfliche Liebfrauenschule", "source": "OpenStreetMap/Overpass"}}, {"type": "Feature", "geometry": {"type": "Point", "coordinates": [7.1649412, 50.6706336]}, "properties": {"id": "osm:way:801994122", "type": "kindergarten", "name": "FRÖBEL-Kindergarten Flügelnuss", "source": "OpenStreetMap/Overpass"}}, {"type": "Feature", "geometry": {"type": "Point", "coordinates": [7.1877419, 50.6820182]}, "properties": {"id": "osm:way:803082624", "type": "school", "name": "Johann-Lemmerz-Schule", "source": "OpenStreetMap/Overpass"}}, {"type": "Feature", "geometry": {"type": "Point", "coordinates": [7.1834229, 50.6927955]}, "properties": {"id": "osm:way:803082625", "type": "school", "name": "Longenburgschule, Drachenfelsschule", "source": "OpenStreetMap/Overpass"}}, {"type": "Feature", "geometry": {"type": "Point", "coordinates": [7.0875513, 50.6402666]}, "properties": {"id": "osm:way:809547908", "type": "kindergarten", "name": "Ev. Kita Auf den zehn Morgen", "source": "OpenStreetMap/Overpass"}}, {"type": "Feature", "geometry": {"type": "Point", "coordinates": [7.03992, 50.7202732]}, "properties": {"id": "osm:way:816587725", "type": "kindergarten", "name": "Kita Swimmy", "source": "OpenStreetMap/Overpass"}}, {"type": "Feature", "geometry": {"type": "Point", "coordinates": [7.0475448, 50.7038642]}, "properties": {"id": "osm:way:847728152", "type": "kindergarten", "name": "Kindertagesstätte Regenbogenhaus", "source": "OpenStreetMap/Overpass"}}, {"type": "Feature", "geometry": {"type": "Point", "coordinates": [7.1981914, 50.737718]}, "properties": {"id": "osm:way:851440283", "type": "school", "name": "Gemeinschaftsgrundschule Om Berg", "source": "OpenStreetMap/Overpass"}}, {"type": "Feature", "geometry": {"type": "Point", "coordinates": [7.0569695, 50.7549127]}, "properties": {"id": "osm:way:871926031", "type": "school", "name": "Königin-Juliane-Schule", "source": "OpenStreetMap/Overpass"}}, {"type": "Feature", "geometry": {"type": "Point", "coordinates": [7.0767429, 50.7468511]}, "properties": {"id": "osm:way:879263759", "type": "kindergarten", "name": "Kath. Kindergarten St. Hedwig", "source": "OpenStreetMap/Overpass"}}, {"type": "Feature", "geometry": {"type": "Point", "coordinates": [7.0955328, 50.729322]}, "properties": {"id": "osm:way:886798893", "type": "kindergarten", "name": "Kita Erlöserbund", "source": "OpenStreetMap/Overpass"}}, {"type": "Feature", "geometry": {"type": "Point", "coordinates": [7.1011534, 50.7289694]}, "properties": {"id": "osm:way:896360907", "type": "kindergarten", "name": "Kita Villa W.i.E", "source": "OpenStreetMap/Overpass"}}, {"type": "Feature", "geometry": {"type": "Point", "coordinates": [7.0687148, 50.7360829]}, "properties": {"id": "osm:way:937268994", "type": "kindergarten", "name": "Kindergarten St. Martin", "source": "OpenStreetMap/Overpass"}}, {"type": "Feature", "geometry": {"type": "Point", "coordinates": [7.0979167, 50.6991129]}, "properties": {"id": "osm:way:940539367", "type": "kindergarten", "name": "Katholische Kindertageseinrichtung Heilig Geist", "source": "OpenStreetMap/Overpass"}}, {"type": "Feature", "geometry": {"type": "Point", "coordinates": [7.053159, 50.7573544]}, "properties": {"id": "osm:way:943328502", "type": "kindergarten", "name": "Kath. Kindergarten St. Aegidius", "source": "OpenStreetMap/Overpass"}}, {"type": "Feature", "geometry": {"type": "Point", "coordinates": [7.0536656, 50.7479033]}, "properties": {"id": "osm:way:944024074", "type": "kindergarten", "name": "", "source": "OpenStreetMap/Overpass"}}, {"type": "Feature", "geometry": {"type": "Point", "coordinates": [7.0510612, 50.7613913]}, "properties": {"id": "osm:way:946051590", "type": "kindergarten", "name": "", "source": "OpenStreetMap/Overpass"}}, {"type": "Feature", "geometry": {"type": "Point", "coordinates": [7.0221228, 50.7193068]}, "properties": {"id": "osm:way:982383847", "type": "kindergarten", "name": "Katholischer Kindergarten St. Mariä Himmelfahrt", "source": "OpenStreetMap/Overpass"}}, {"type": "Feature", "geometry": {"type": "Point", "coordinates": [7.0233678, 50.7185321]}, "properties": {"id": "osm:way:982391199", "type": "school", "name": "Gemeinschaftsgrundschule Oedekoven", "source": "OpenStreetMap/Overpass"}}, {"type": "Feature", "geometry": {"type": "Point", "coordinates": [7.0263988, 50.7225057]}, "properties": {"id": "osm:way:989098980", "type": "kindergarten", "name": "Kita Holzwürmchen", "source": "OpenStreetMap/Overpass"}}, {"type": "Feature", "geometry": {"type": "Point", "coordinates": [7.1027133, 50.7268079]}, "properties": {"id": "osm:way:999692760", "type": "kindergarten", "name": "Hexenkessel", "source": "OpenStreetMap/Overpass"}}, {"type": "Feature", "geometry": {"type": "Point", "coordinates": [7.0895485, 50.7378134]}, "properties": {"id": "osm:way:1000584600", "type": "kindergarten", "name": "Kindertageseinrichtung Sankt Marien", "source": "OpenStreetMap/Overpass"}}, {"type": "Feature", "geometry": {"type": "Point", "coordinates": [7.1884771, 50.6826124]}, "properties": {"id": "osm:way:1017600143", "type": "kindergarten", "name": "", "source": "OpenStreetMap/Overpass"}}, {"type": "Feature", "geometry": {"type": "Point", "coordinates": [7.0844409, 50.7560881]}, "properties": {"id": "osm:way:1036638832", "type": "school", "name": "Jahnschule Bonn", "source": "OpenStreetMap/Overpass"}}, {"type": "Feature", "geometry": {"type": "Point", "coordinates": [7.0958702, 50.7536587]}, "properties": {"id": "osm:way:1039179859", "type": "kindergarten", "name": "", "source": "OpenStreetMap/Overpass"}}, {"type": "Feature", "geometry": {"type": "Point", "coordinates": [7.0248735, 50.7210656]}, "properties": {"id": "osm:way:1040002010", "type": "childcare", "name": "Kindertageseinrichtung Sonnenblume", "source": "OpenStreetMap/Overpass"}}, {"type": "Feature", "geometry": {"type": "Point", "coordinates": [7.0406099, 50.7494493]}, "properties": {"id": "osm:way:1071617256", "type": "kindergarten", "name": "Familienzentrum Waldenburger Ring 30", "source": "OpenStreetMap/Overpass"}}, {"type": "Feature", "geometry": {"type": "Point", "coordinates": [7.0705252, 50.7514834]}, "properties": {"id": "osm:way:1076383006", "type": "kindergarten", "name": "Kindertagesstätte Friedrich-Wöhler-Straße", "source": "OpenStreetMap/Overpass"}}, {"type": "Feature", "geometry": {"type": "Point", "coordinates": [7.1471136, 50.7452788]}, "properties": {"id": "osm:way:1078781417", "type": "kindergarten", "name": "Kath. Kindertagesstätte St. Adelheid", "source": "OpenStreetMap/Overpass"}}, {"type": "Feature", "geometry": {"type": "Point", "coordinates": [7.0456047, 50.7480709]}, "properties": {"id": "osm:way:1092190455", "type": "kindergarten", "name": "Städtischer Kindergarten", "source": "OpenStreetMap/Overpass"}}, {"type": "Feature", "geometry": {"type": "Point", "coordinates": [7.0407433, 50.7509118]}, "properties": {"id": "osm:way:1092852239", "type": "school", "name": "Carl-Schurz-Schule Gemeinschaftsgrundschule der Stadt Bonn", "source": "OpenStreetMap/Overpass"}}, {"type": "Feature", "geometry": {"type": "Point", "coordinates": [7.0416659, 50.7526695]}, "properties": {"id": "osm:way:1092852240", "type": "school", "name": "Christophorusschule", "source": "OpenStreetMap/Overpass"}}, {"type": "Feature", "geometry": {"type": "Point", "coordinates": [7.0426101, 50.7513095]}, "properties": {"id": "osm:way:1092852241", "type": "school", "name": "Campus Tannenbusch", "source": "OpenStreetMap/Overpass"}}, {"type": "Feature", "geometry": {"type": "Point", "coordinates": [7.1526103, 50.6606686]}, "properties": {"id": "osm:way:1095573300", "type": "school", "name": "Independent Bonn International School", "source": "OpenStreetMap/Overpass"}}, {"type": "Feature", "geometry": {"type": "Point", "coordinates": [7.0421241, 50.7375591]}, "properties": {"id": "osm:way:1104884257", "type": "kindergarten", "name": "Städtische Kita Mörikestraße", "source": "OpenStreetMap/Overpass"}}, {"type": "Feature", "geometry": {"type": "Point", "coordinates": [7.1975577, 50.7378433]}, "properties": {"id": "osm:way:1130678552", "type": "school", "name": "", "source": "OpenStreetMap/Overpass"}}, {"type": "Feature", "geometry": {"type": "Point", "coordinates": [7.1785261, 50.6948211]}, "properties": {"id": "osm:way:1130680841", "type": "kindergarten", "name": "Katholische Kindertagesstätte St. Michael", "source": "OpenStreetMap/Overpass"}}, {"type": "Feature", "geometry": {"type": "Point", "coordinates": [7.1883615, 50.6827282]}, "properties": {"id": "osm:way:1190680792", "type": "kindergarten", "name": "", "source": "OpenStreetMap/Overpass"}}, {"type": "Feature", "geometry": {"type": "Point", "coordinates": [7.0675219, 50.6807123]}, "properties": {"id": "osm:way:1194689036", "type": "kindergarten", "name": "", "source": "OpenStreetMap/Overpass"}}, {"type": "Feature", "geometry": {"type": "Point", "coordinates": [7.0542079, 50.7028158]}, "properties": {"id": "osm:way:1214361004", "type": "school", "name": "Hardtberg-Gymnasium", "source": "OpenStreetMap/Overpass"}}, {"type": "Feature", "geometry": {"type": "Point", "coordinates": [7.164982, 50.7492115]}, "properties": {"id": "osm:way:1250451810", "type": "kindergarten", "name": "", "source": "OpenStreetMap/Overpass"}}, {"type": "Feature", "geometry": {"type": "Point", "coordinates": [7.1455854, 50.7442795]}, "properties": {"id": "osm:way:1260747337", "type": "school", "name": "Sankt-Adelheid-Gymnasium", "source": "OpenStreetMap/Overpass"}}, {"type": "Feature", "geometry": {"type": "Point", "coordinates": [7.0905926, 50.7219331]}, "properties": {"id": "osm:way:1284356465", "type": "school", "name": "Clemens-August-Schule", "source": "OpenStreetMap/Overpass"}}, {"type": "Feature", "geometry": {"type": "Point", "coordinates": [7.1046726, 50.7302877]}, "properties": {"id": "osm:way:1308984634", "type": "school", "name": "Offene Ganztagsschule an der Münsterschule", "source": "OpenStreetMap/Overpass"}}, {"type": "Feature", "geometry": {"type": "Point", "coordinates": [7.0573449, 50.7598461]}, "properties": {"id": "osm:way:1337199157", "type": "kindergarten", "name": "FRÖBEL-Kindergarten Am Apfelbaum", "source": "OpenStreetMap/Overpass"}}, {"type": "Feature", "geometry": {"type": "Point", "coordinates": [7.1615704, 50.6872978]}, "properties": {"id": "osm:way:1349970218", "type": "kindergarten", "name": "Mini-Mäuse", "source": "OpenStreetMap/Overpass"}}, {"type": "Feature", "geometry": {"type": "Point", "coordinates": [7.0932305, 50.6995874]}, "properties": {"id": "osm:way:1357207174", "type": "kindergarten", "name": "Kindergarten Evangelische Auferstehungskirchengemeinde Bonn", "source": "OpenStreetMap/Overpass"}}, {"type": "Feature", "geometry": {"type": "Point", "coordinates": [7.0369474, 50.7703843]}, "properties": {"id": "osm:way:1385552848", "type": "kindergarten", "name": "Inklusive Kindertagesstätte Schatzkiste", "source": "OpenStreetMap/Overpass"}}, {"type": "Feature", "geometry": {"type": "Point", "coordinates": [7.0763759, 50.7633598]}, "properties": {"id": "osm:way:1395282910", "type": "kindergarten", "name": "Kath. Kindergarten St. Margareta", "source": "OpenStreetMap/Overpass"}}, {"type": "Feature", "geometry": {"type": "Point", "coordinates": [7.0782992, 50.7635492]}, "properties": {"id": "osm:way:1395283280", "type": "kindergarten", "name": "Städt. Kindergarten Estermannstraße", "source": "OpenStreetMap/Overpass"}}, {"type": "Feature", "geometry": {"type": "Point", "coordinates": [7.1054907, 50.717107]}, "properties": {"id": "osm:way:1395791312", "type": "kindergarten", "name": "Kindergarten Krümelkiste", "source": "OpenStreetMap/Overpass"}}, {"type": "Feature", "geometry": {"type": "Point", "coordinates": [7.1129485, 50.7180559]}, "properties": {"id": "osm:way:1396052924", "type": "kindergarten", "name": "Luthers Garten", "source": "OpenStreetMap/Overpass"}}, {"type": "Feature", "geometry": {"type": "Point", "coordinates": [7.1140871, 50.7053063]}, "properties": {"id": "osm:way:1396847295", "type": "kindergarten", "name": "Katholische Kindertageseinrichtung Sankt Quirin", "source": "OpenStreetMap/Overpass"}}, {"type": "Feature", "geometry": {"type": "Point", "coordinates": [7.0854399, 50.7502391]}, "properties": {"id": "osm:way:1443346796", "type": "kindergarten", "name": "Städtischer Kindergarten - Auf dem Huckstein", "source": "OpenStreetMap/Overpass"}}, {"type": "Feature", "geometry": {"type": "Point", "coordinates": [7.0679267, 50.7101655]}, "properties": {"id": "osm:way:1444372921", "type": "kindergarten", "name": "Kath. Kindergarten St. Peter", "source": "OpenStreetMap/Overpass"}}, {"type": "Feature", "geometry": {"type": "Point", "coordinates": [7.1895631, 50.7439389]}, "properties": {"id": "osm:way:1446986115", "type": "kindergarten", "name": "Städt. Kita Siebengebirgsstraße 179", "source": "OpenStreetMap/Overpass"}}, {"type": "Feature", "geometry": {"type": "Point", "coordinates": [7.0281054, 50.7139738]}, "properties": {"id": "osm:way:1455510873", "type": "school", "name": "FCSB Grundschule im Schöntalweg", "source": "OpenStreetMap/Overpass"}}, {"type": "Feature", "geometry": {"type": "Point", "coordinates": [7.1724694, 50.6773889]}, "properties": {"id": "osm:relation:334207", "type": "school", "name": "Andreasschule", "source": "OpenStreetMap/Overpass"}}, {"type": "Feature", "geometry": {"type": "Point", "coordinates": [7.1855044, 50.6602268]}, "properties": {"id": "osm:relation:362571", "type": "school", "name": "KGS Am Domhof", "source": "OpenStreetMap/Overpass"}}, {"type": "Feature", "geometry": {"type": "Point", "coordinates": [7.1684496, 50.6707592]}, "properties": {"id": "osm:relation:882798", "type": "school", "name": "Konrad-Adenauer-Gymnasium Bonn", "source": "OpenStreetMap/Overpass"}}, {"type": "Feature", "geometry": {"type": "Point", "coordinates": [7.163673, 50.7120171]}, "properties": {"id": "osm:relation:1248143", "type": "school", "name": "Gottfried-Kinkel-Grundschule", "source": "OpenStreetMap/Overpass"}}, {"type": "Feature", "geometry": {"type": "Point", "coordinates": [7.169063, 50.6735596]}, "properties": {"id": "osm:relation:1282240", "type": "school", "name": "Robert-Koch-Schule", "source": "OpenStreetMap/Overpass"}}, {"type": "Feature", "geometry": {"type": "Point", "coordinates": [7.1698604, 50.6747345]}, "properties": {"id": "osm:relation:1282859", "type": "school", "name": "Johannes-Rau-Schule", "source": "OpenStreetMap/Overpass"}}, {"type": "Feature", "geometry": {"type": "Point", "coordinates": [7.1175771, 50.7439734]}, "properties": {"id": "osm:relation:1708930", "type": "kindergarten", "name": "Kindergarten Elterninitiative 1973", "source": "OpenStreetMap/Overpass"}}, {"type": "Feature", "geometry": {"type": "Point", "coordinates": [7.1700604, 50.6639327]}, "properties": {"id": "osm:relation:1714130", "type": "kindergarten", "name": "Kath. Kindergarten Herz Jesu", "source": "OpenStreetMap/Overpass"}}, {"type": "Feature", "geometry": {"type": "Point", "coordinates": [7.1699779, 50.66494]}, "properties": {"id": "osm:relation:1714548", "type": "school", "name": "Lyngsbergschule", "source": "OpenStreetMap/Overpass"}}, {"type": "Feature", "geometry": {"type": "Point", "coordinates": [7.192316, 50.6585867]}, "properties": {"id": "osm:relation:1714561", "type": "kindergarten", "name": "Kath. Kindergarten St. Severin", "source": "OpenStreetMap/Overpass"}}, {"type": "Feature", "geometry": {"type": "Point", "coordinates": [7.1853537, 50.6607858]}, "properties": {"id": "osm:relation:1714577", "type": "kindergarten", "name": "Kindergarten Friedrich-Bleek-Straße", "source": "OpenStreetMap/Overpass"}}, {"type": "Feature", "geometry": {"type": "Point", "coordinates": [7.1792283, 50.6632569]}, "properties": {"id": "osm:relation:1717344", "type": "kindergarten", "name": "Kindergarten Monti-Häuschen", "source": "OpenStreetMap/Overpass"}}, {"type": "Feature", "geometry": {"type": "Point", "coordinates": [7.1757305, 50.6625389]}, "properties": {"id": "osm:relation:1717352", "type": "kindergarten", "name": "Kindergarten Bunte Wiese", "source": "OpenStreetMap/Overpass"}}, {"type": "Feature", "geometry": {"type": "Point", "coordinates": [7.1475791, 50.7558665]}, "properties": {"id": "osm:relation:1717358", "type": "kindergarten", "name": "Kindertagesstätte Mosaik", "source": "OpenStreetMap/Overpass"}}, {"type": "Feature", "geometry": {"type": "Point", "coordinates": [7.0531938, 50.7459569]}, "properties": {"id": "osm:relation:1851114", "type": "school", "name": "Bertolt-Brecht-Gesamtschule", "source": "OpenStreetMap/Overpass"}}, {"type": "Feature", "geometry": {"type": "Point", "coordinates": [7.0555458, 50.7459633]}, "properties": {"id": "osm:relation:1851115", "type": "school", "name": "Freie Waldorfschule Bonn", "source": "OpenStreetMap/Overpass"}}, {"type": "Feature", "geometry": {"type": "Point", "coordinates": [7.1412123, 50.7068895]}, "properties": {"id": "osm:relation:2663828", "type": "kindergarten", "name": "Kindertageseinrichtung Studentenwerk Bonn", "source": "OpenStreetMap/Overpass"}}, {"type": "Feature", "geometry": {"type": "Point", "coordinates": [7.0596977, 50.7211571]}, "properties": {"id": "osm:relation:3060477", "type": "school", "name": "Haus der Landwirtschaft", "source": "OpenStreetMap/Overpass"}}, {"type": "Feature", "geometry": {"type": "Point", "coordinates": [7.1670913, 50.6883944]}, "properties": {"id": "osm:relation:3199806", "type": "school", "name": "Otto-Kühne-Schule", "source": "OpenStreetMap/Overpass"}}, {"type": "Feature", "geometry": {"type": "Point", "coordinates": [7.1890531, 50.6587421]}, "properties": {"id": "osm:relation:3199810", "type": "school", "name": "École de Gaulle-Adenauer", "source": "OpenStreetMap/Overpass"}}, {"type": "Feature", "geometry": {"type": "Point", "coordinates": [7.1731598, 50.7443906]}, "properties": {"id": "osm:relation:3199839", "type": "kindergarten", "name": "Städtische Kindertageseinrichtung \"Ennert-Zwerge\"", "source": "OpenStreetMap/Overpass"}}, {"type": "Feature", "geometry": {"type": "Point", "coordinates": [7.1016734, 50.6970569]}, "properties": {"id": "osm:relation:3283610", "type": "kindergarten", "name": "", "source": "OpenStreetMap/Overpass"}}, {"type": "Feature", "geometry": {"type": "Point", "coordinates": [7.1097075, 50.7157578]}, "properties": {"id": "osm:relation:3398987", "type": "kindergarten", "name": "Kindertageseinrichtung Kindertreff Rübezahl", "source": "OpenStreetMap/Overpass"}}, {"type": "Feature", "geometry": {"type": "Point", "coordinates": [7.1676171, 50.6910666]}, "properties": {"id": "osm:relation:6502696", "type": "school", "name": "HEBO Privatschule", "source": "OpenStreetMap/Overpass"}}, {"type": "Feature", "geometry": {"type": "Point", "coordinates": [7.1338809, 50.7120816]}, "properties": {"id": "osm:relation:14336140", "type": "kindergarten", "name": "Kindertagesstätte Rheinaupänz", "source": "OpenStreetMap/Overpass"}}, {"type": "Feature", "geometry": {"type": "Point", "coordinates": [7.0851075, 50.7311347]}, "properties": {"id": "osm:relation:19530797", "type": "school", "name": "Michaelschule", "source": "OpenStreetMap/Overpass"}}]}
