{"type": "FeatureCollection", "features": [{"type": "Feature", "geometry": {"type": "Point", "coordinates": [8.7687926, 50.1196853]}, "properties": {"id": "osm:node:34686315", "type": "school", "name": "Schule am Mainbogen", "source": "OpenStreetMap/Overpass"}}, {"type": "Feature", "geometry": {"type": "Point", "coordinates": [8.7682432, 50.120158]}, "properties": {"id": "osm:node:35790436", "type": "school", "name": "Freiligrathschule", "source": "OpenStreetMap/Overpass"}}, {"type": "Feature", "geometry": {"type": "Point", "coordinates": [8.524268, 50.1580067]}, "properties": {"id": "osm:node:253725400", "type": "kindergarten", "name": "Katholischer Kindergarten St. Martin", "source": "OpenStreetMap/Overpass"}}, {"type": "Feature", "geometry": {"type": "Point", "coordinates": [8.5146535, 50.0793069]}, "properties": {"id": "osm:node:268915166", "type": "kindergarten", "name": "Meisterschule", "source": "OpenStreetMap/Overpass"}}, {"type": "Feature", "geometry": {"type": "Point", "coordinates": [8.644686, 50.1249906]}, "properties": {"id": "osm:node:268918140", "type": "kindergarten", "name": "Kinderzentrum Marburger Straße (KiZ 20)", "source": "OpenStreetMap/Overpass"}}, {"type": "Feature", "geometry": {"type": "Point", "coordinates": [8.5765339, 50.0878064]}, "properties": {"id": "osm:node:268918157", "type": "kindergarten", "name": "Erweiterte Schulische Betreuung der August-Gräser-Schule", "source": "OpenStreetMap/Overpass"}}, {"type": "Feature", "geometry": {"type": "Point", "coordinates": [8.6509613, 50.1448433]}, "properties": {"id": "osm:node:268918171", "type": "kindergarten", "name": "Kita 23 - Diesterwegschule", "source": "OpenStreetMap/Overpass"}}, {"type": "Feature", "geometry": {"type": "Point", "coordinates": [8.6114553, 50.1279865]}, "properties": {"id": "osm:node:268918196", "type": "kindergarten", "name": "Kita 17", "source": "OpenStreetMap/Overpass"}}, {"type": "Feature", "geometry": {"type": "Point", "coordinates": [8.7568781, 50.1531443]}, "properties": {"id": "osm:node:268918201", "type": "kindergarten", "name": "KT98", "source": "OpenStreetMap/Overpass"}}, {"type": "Feature", "geometry": {"type": "Point", "coordinates": [8.5408714, 50.0998408]}, "properties": {"id": "osm:node:268918219", "type": "kindergarten", "name": "Hostatoschule Kindergarten", "source": "OpenStreetMap/Overpass"}}, {"type": "Feature", "geometry": {"type": "Point", "coordinates": [8.5029857, 50.087181]}, "properties": {"id": "osm:node:268918231", "type": "kindergarten", "name": "Kinder- und Familienzentrum Hermann-Küster-Straße (KiZ 131)", "source": "OpenStreetMap/Overpass"}}, {"type": "Feature", "geometry": {"type": "Point", "coordinates": [8.6847015, 50.1167151]}, "properties": {"id": "osm:node:268918233", "type": "school", "name": "Liebfrauenschule", "source": "OpenStreetMap/Overpass"}}, {"type": "Feature", "geometry": {"type": "Point", "coordinates": [8.7716814, 50.0227068]}, "properties": {"id": "osm:node:269935105", "type": "school", "name": "Rudolf Steiner Schule (Waldorfschule)", "source": "OpenStreetMap/Overpass"}}, {"type": "Feature", "geometry": {"type": "Point", "coordinates": [8.6973423, 50.1098205]}, "properties": {"id": "osm:node:277652034", "type": "school", "name": "Erasmus Frankfurter Stadtschule", "source": "OpenStreetMap/Overpass"}}, {"type": "Feature", "geometry": {"type": "Point", "coordinates": [8.5081473, 50.1946681]}, "properties": {"id": "osm:node:302824956", "type": "kindergarten", "name": "Waldkindergarten Kronberg", "source": "OpenStreetMap/Overpass"}}, {"type": "Feature", "geometry": {"type": "Point", "coordinates": [8.585678, 50.1064235]}, "properties": {"id": "osm:node:310659596", "type": "kindergarten", "name": "Kinderzentrum Therese-Herger-Anlage", "source": "OpenStreetMap/Overpass"}}, {"type": "Feature", "geometry": {"type": "Point", "coordinates": [8.6537136, 50.1425082]}, "properties": {"id": "osm:node:315810460", "type": "kindergarten", "name": "Katholische Kindertagesstätte Sancta Familia", "source": "OpenStreetMap/Overpass"}}, {"type": "Feature", "geometry": {"type": "Point", "coordinates": [8.6459224, 50.1455404]}, "properties": {"id": "osm:node:316226613", "type": "kindergarten", "name": "PEIG Kinder-Schülerladen", "source": "OpenStreetMap/Overpass"}}, {"type": "Feature", "geometry": {"type": "Point", "coordinates": [8.6633457, 50.1470144]}, "properties": {"id": "osm:node:318379645", "type": "kindergarten", "name": "Kita Kunterbunt", "source": "OpenStreetMap/Overpass"}}, {"type": "Feature", "geometry": {"type": "Point", "coordinates": [8.6636382, 50.147916]}, "properties": {"id": "osm:node:318719652", "type": "kindergarten", "name": "Kinderzentrum Hügelstraße", "source": "OpenStreetMap/Overpass"}}, {"type": "Feature", "geometry": {"type": "Point", "coordinates": [8.6814916, 50.1670023]}, "properties": {"id": "osm:node:319948008", "type": "kindergarten", "name": "Eddies Burg", "source": "OpenStreetMap/Overpass"}}, {"type": "Feature", "geometry": {"type": "Point", "coordinates": [8.6695223, 50.1400472]}, "properties": {"id": "osm:node:321859000", "type": "childcare", "name": "Dornbusch Küken", "source": "OpenStreetMap/Overpass"}}, {"type": "Feature", "geometry": {"type": "Point", "coordinates": [8.6760704, 50.1410114]}, "properties": {"id": "osm:node:322816261", "type": "kindergarten", "name": "Sankt Albert", "source": "OpenStreetMap/Overpass"}}, {"type": "Feature", "geometry": {"type": "Point", "coordinates": [8.6586047, 50.1237867]}, "properties": {"id": "osm:node:323977072", "type": "kindergarten", "name": "Kinderzentrum Siesmayerstraße", "source": "OpenStreetMap/Overpass"}}, {"type": "Feature", "geometry": {"type": "Point", "coordinates": [8.6480525, 50.1377465]}, "properties": {"id": "osm:node:329182929", "type": "kindergarten", "name": "Stern von Bethlehem", "source": "OpenStreetMap/Overpass"}}, {"type": "Feature", "geometry": {"type": "Point", "coordinates": [8.6824268, 50.130024]}, "properties": {"id": "osm:node:335358077", "type": "kindergarten", "name": "Kinderhaus", "source": "OpenStreetMap/Overpass"}}, {"type": "Feature", "geometry": {"type": "Point", "coordinates": [8.6825758, 50.1297767]}, "properties": {"id": "osm:node:335358114", "type": "kindergarten", "name": "Evangelischer Kindergarten", "source": "OpenStreetMap/Overpass"}}, {"type": "Feature", "geometry": {"type": "Point", "coordinates": [8.6589454, 50.1580976]}, "properties": {"id": "osm:node:335999479", "type": "kindergarten", "name": "Kinderkrippe Wirbelwind", "source": "OpenStreetMap/Overpass"}}, {"type": "Feature", "geometry": {"type": "Point", "coordinates": [8.6588046, 50.1566502]}, "properties": {"id": "osm:node:336004290", "type": "kindergarten", "name": "Kath. Kindertagesstätte Sankt Josef", "source": "OpenStreetMap/Overpass"}}, {"type": "Feature", "geometry": {"type": "Point", "coordinates": [8.6673927, 50.1448677]}, "properties": {"id": "osm:node:337222572", "type": "kindergarten", "name": "Zusammenspiel Integrativer Kindergarten", "source": "OpenStreetMap/Overpass"}}, {"type": "Feature", "geometry": {"type": "Point", "coordinates": [8.6651441, 50.1540035]}, "properties": {"id": "osm:node:339355884", "type": "kindergarten", "name": "Kita86", "source": "OpenStreetMap/Overpass"}}, {"type": "Feature", "geometry": {"type": "Point", "coordinates": [8.6624255, 50.1583023]}, "properties": {"id": "osm:node:339362225", "type": "kindergarten", "name": "Kita 88", "source": "OpenStreetMap/Overpass"}}, {"type": "Feature", "geometry": {"type": "Point", "coordinates": [8.6618807, 50.1588401]}, "properties": {"id": "osm:node:339362226", "type": "kindergarten", "name": "Kita 88 - Anne Frank Integrative Kindertagesstätte", "source": "OpenStreetMap/Overpass"}}, {"type": "Feature", "geometry": {"type": "Point", "coordinates": [8.6718514, 50.1362024]}, "properties": {"id": "osm:node:343086383", "type": "kindergarten", "name": "Krabbelstube Rebecca", "source": "OpenStreetMap/Overpass"}}, {"type": "Feature", "geometry": {"type": "Point", "coordinates": [8.6555671, 50.1622374]}, "properties": {"id": "osm:node:345217736", "type": "kindergarten", "name": "Krabbelstube Jona", "source": "OpenStreetMap/Overpass"}}, {"type": "Feature", "geometry": {"type": "Point", "coordinates": [8.6298212, 50.1543289]}, "properties": {"id": "osm:node:348318289", "type": "kindergarten", "name": "Kita 74", "source": "OpenStreetMap/Overpass"}}, {"type": "Feature", "geometry": {"type": "Point", "coordinates": [8.6355229, 50.1546128]}, "properties": {"id": "osm:node:348318331", "type": "kindergarten", "name": "Kindergarten St. Sebastian", "source": "OpenStreetMap/Overpass"}}, {"type": "Feature", "geometry": {"type": "Point", "coordinates": [8.63372, 50.1546276]}, "properties": {"id": "osm:node:348318333", "type": "kindergarten", "name": "Kindergarten Cantate Domino", "source": "OpenStreetMap/Overpass"}}, {"type": "Feature", "geometry": {"type": "Point", "coordinates": [8.6328374, 50.158645]}, "properties": {"id": "osm:node:366639213", "type": "kindergarten", "name": "Kita 87", "source": "OpenStreetMap/Overpass"}}, {"type": "Feature", "geometry": {"type": "Point", "coordinates": [8.6180056, 50.1642012]}, "properties": {"id": "osm:node:369036573", "type": "kindergarten", "name": "Dietrich Bonhoeffer", "source": "OpenStreetMap/Overpass"}}, {"type": "Feature", "geometry": {"type": "Point", "coordinates": [8.6199791, 50.1635213]}, "properties": {"id": "osm:node:369036575", "type": "kindergarten", "name": "Kindergarten St. Matthias", "source": "OpenStreetMap/Overpass"}}, {"type": "Feature", "geometry": {"type": "Point", "coordinates": [8.6739098, 50.1281567]}, "properties": {"id": "osm:node:369313091", "type": "kindergarten", "name": "", "source": "OpenStreetMap/Overpass"}}, {"type": "Feature", "geometry": {"type": "Point", "coordinates": [8.6559869, 50.1623412]}, "properties": {"id": "osm:node:370142520", "type": "kindergarten", "name": "", "source": "OpenStreetMap/Overpass"}}, {"type": "Feature", "geometry": {"type": "Point", "coordinates": [8.6548946, 50.1628691]}, "properties": {"id": "osm:node:370142531", "type": "kindergarten", "name": "Hort im Uhrig", "source": "OpenStreetMap/Overpass"}}, {"type": "Feature", "geometry": {"type": "Point", "coordinates": [8.6804777, 50.1382106]}, "properties": {"id": "osm:node:384826649", "type": "kindergarten", "name": "Kita im Hessischen Rundfunk", "source": "OpenStreetMap/Overpass"}}, {"type": "Feature", "geometry": {"type": "Point", "coordinates": [8.6218919, 50.1662119]}, "properties": {"id": "osm:node:388590738", "type": "kindergarten", "name": "Evangelische Kindertagesstätte", "source": "OpenStreetMap/Overpass"}}, {"type": "Feature", "geometry": {"type": "Point", "coordinates": [8.6479569, 50.1232025]}, "properties": {"id": "osm:node:392078169", "type": "kindergarten", "name": "Kinderzentrum Falkstraße (KiZ 133)", "source": "OpenStreetMap/Overpass"}}, {"type": "Feature", "geometry": {"type": "Point", "coordinates": [8.6390706, 50.1542779]}, "properties": {"id": "osm:node:401562290", "type": "kindergarten", "name": "Kita 37", "source": "OpenStreetMap/Overpass"}}, {"type": "Feature", "geometry": {"type": "Point", "coordinates": [8.7515134, 50.080771]}, "properties": {"id": "osm:node:409013630", "type": "school", "name": "Oswald-von-Nell-Breuning-Schule", "source": "OpenStreetMap/Overpass"}}, {"type": "Feature", "geometry": {"type": "Point", "coordinates": [8.5745308, 50.0873963]}, "properties": {"id": "osm:node:409815791", "type": "kindergarten", "name": "Lichtblick", "source": "OpenStreetMap/Overpass"}}, {"type": "Feature", "geometry": {"type": "Point", "coordinates": [8.682182, 50.1412712]}, "properties": {"id": "osm:node:413110300", "type": "kindergarten", "name": "Kinderkrippe Gänseblümchen", "source": "OpenStreetMap/Overpass"}}, {"type": "Feature", "geometry": {"type": "Point", "coordinates": [8.6487481, 50.1581991]}, "properties": {"id": "osm:node:418698106", "type": "kindergarten", "name": "Kita 33", "source": "OpenStreetMap/Overpass"}}, {"type": "Feature", "geometry": {"type": "Point", "coordinates": [8.647947, 50.1582281]}, "properties": {"id": "osm:node:418751432", "type": "kindergarten", "name": "Kita 129 \"Oranien Strolche\"", "source": "OpenStreetMap/Overpass"}}, {"type": "Feature", "geometry": {"type": "Point", "coordinates": [8.6434596, 50.1234049]}, "properties": {"id": "osm:node:423205672", "type": "kindergarten", "name": "Francke-Campus", "source": "OpenStreetMap/Overpass"}}, {"type": "Feature", "geometry": {"type": "Point", "coordinates": [8.6460101, 50.1596062]}, "properties": {"id": "osm:node:425855720", "type": "kindergarten", "name": "Evangelische Kita", "source": "OpenStreetMap/Overpass"}}, {"type": "Feature", "geometry": {"type": "Point", "coordinates": [8.660316, 50.16568]}, "properties": {"id": "osm:node:432623265", "type": "kindergarten", "name": "Kita 41", "source": "OpenStreetMap/Overpass"}}, {"type": "Feature", "geometry": {"type": "Point", "coordinates": [8.6462751, 50.1203696]}, "properties": {"id": "osm:node:443932034", "type": "kindergarten", "name": "Evang. Kindertagesstätte Markuskindergarten Bockenheim", "source": "OpenStreetMap/Overpass"}}, {"type": "Feature", "geometry": {"type": "Point", "coordinates": [8.6698376, 50.182756]}, "properties": {"id": "osm:node:453201613", "type": "kindergarten", "name": "Kita 69", "source": "OpenStreetMap/Overpass"}}, {"type": "Feature", "geometry": {"type": "Point", "coordinates": [8.6134227, 50.1459775]}, "properties": {"id": "osm:node:456310403", "type": "kindergarten", "name": "Kita Christkönig", "source": "OpenStreetMap/Overpass"}}, {"type": "Feature", "geometry": {"type": "Point", "coordinates": [8.5786494, 50.2074391]}, "properties": {"id": "osm:node:456339172", "type": "kindergarten", "name": "Kindertagesstätte Arche Noah", "source": "OpenStreetMap/Overpass"}}, {"type": "Feature", "geometry": {"type": "Point", "coordinates": [8.6791535, 50.2215552]}, "properties": {"id": "osm:node:460987714", "type": "kindergarten", "name": "Städtische Kindertagesstätte Ober-Erlenbach", "source": "OpenStreetMap/Overpass"}}, {"type": "Feature", "geometry": {"type": "Point", "coordinates": [8.7725756, 50.0228655]}, "properties": {"id": "osm:node:471243853", "type": "kindergarten", "name": "Waldorf Kindergarten", "source": "OpenStreetMap/Overpass"}}, {"type": "Feature", "geometry": {"type": "Point", "coordinates": [8.6384392, 50.1210781]}, "properties": {"id": "osm:node:479732966", "type": "kindergarten", "name": "Kinderzentrum Werrastraße (KiZ 99)", "source": "OpenStreetMap/Overpass"}}, {"type": "Feature", "geometry": {"type": "Point", "coordinates": [8.667583, 50.1144401]}, "properties": {"id": "osm:node:481301626", "type": "kindergarten", "name": "Kids & Co", "source": "OpenStreetMap/Overpass"}}, {"type": "Feature", "geometry": {"type": "Point", "coordinates": [8.6976092, 50.1134411]}, "properties": {"id": "osm:node:484812930", "type": "kindergarten", "name": "Kita 119", "source": "OpenStreetMap/Overpass"}}, {"type": "Feature", "geometry": {"type": "Point", "coordinates": [8.6437834, 50.1200654]}, "properties": {"id": "osm:node:488322531", "type": "kindergarten", "name": "Kindertagestatte Sankt Elisabeth", "source": "OpenStreetMap/Overpass"}}, {"type": "Feature", "geometry": {"type": "Point", "coordinates": [8.7641942, 50.1009371]}, "properties": {"id": "osm:node:495575238", "type": "kindergarten", "name": "Integrative Kita Martin-Luther-Park", "source": "OpenStreetMap/Overpass"}}, {"type": "Feature", "geometry": {"type": "Point", "coordinates": [8.637967, 50.1214467]}, "properties": {"id": "osm:node:522909847", "type": "kindergarten", "name": "Ev. Kindertagesstätte St. Jakob", "source": "OpenStreetMap/Overpass"}}, {"type": "Feature", "geometry": {"type": "Point", "coordinates": [8.5277162, 50.1520194]}, "properties": {"id": "osm:node:527861641", "type": "kindergarten", "name": "Kindertagesstätte Schwalbacher Kinderkiste", "source": "OpenStreetMap/Overpass"}}, {"type": "Feature", "geometry": {"type": "Point", "coordinates": [8.6797833, 50.1652142]}, "properties": {"id": "osm:node:534701565", "type": "kindergarten", "name": "Katholischer Kindergarten", "source": "OpenStreetMap/Overpass"}}, {"type": "Feature", "geometry": {"type": "Point", "coordinates": [8.6718034, 50.1230427]}, "properties": {"id": "osm:node:568435223", "type": "kindergarten", "name": "Rappelkiste Mini-Kindergarten", "source": "OpenStreetMap/Overpass"}}, {"type": "Feature", "geometry": {"type": "Point", "coordinates": [8.6332279, 50.1588532]}, "properties": {"id": "osm:node:580871157", "type": "kindergarten", "name": "Kinderkrippe Nordwestwind", "source": "OpenStreetMap/Overpass"}}, {"type": "Feature", "geometry": {"type": "Point", "coordinates": [8.6795099, 50.1249124]}, "properties": {"id": "osm:node:587736158", "type": "kindergarten", "name": "KI-BI-Z Wolfsgang", "source": "OpenStreetMap/Overpass"}}, {"type": "Feature", "geometry": {"type": "Point", "coordinates": [8.6256532, 50.1460242]}, "properties": {"id": "osm:node:588467373", "type": "kindergarten", "name": "Kindertagesstätte Blätterdach der Ev. Lydiagemeinde Frankfurt am Main", "source": "OpenStreetMap/Overpass"}}, {"type": "Feature", "geometry": {"type": "Point", "coordinates": [8.6095256, 50.1433348]}, "properties": {"id": "osm:node:605546082", "type": "kindergarten", "name": "Ev. Kintertagesstätte der Lydiagemeinde (ehem. Wicherngemeinde)", "source": "OpenStreetMap/Overpass"}}, {"type": "Feature", "geometry": {"type": "Point", "coordinates": [8.614621, 50.1407153]}, "properties": {"id": "osm:node:605546479", "type": "kindergarten", "name": "Kinderzentrum Praunheimer Hohl (KiZ 16)", "source": "OpenStreetMap/Overpass"}}, {"type": "Feature", "geometry": {"type": "Point", "coordinates": [8.6448388, 50.1175749]}, "properties": {"id": "osm:node:619213913", "type": "kindergarten", "name": "Krabbelstube Robert-Mayer-Straße", "source": "OpenStreetMap/Overpass"}}, {"type": "Feature", "geometry": {"type": "Point", "coordinates": [8.6088415, 50.1360919]}, "properties": {"id": "osm:node:656344228", "type": "kindergarten", "name": "Kita 85", "source": "OpenStreetMap/Overpass"}}, {"type": "Feature", "geometry": {"type": "Point", "coordinates": [8.5520565, 50.1609889]}, "properties": {"id": "osm:node:663560674", "type": "kindergarten", "name": "Kindergarten Rosenweg", "source": "OpenStreetMap/Overpass"}}, {"type": "Feature", "geometry": {"type": "Point", "coordinates": [8.5514838, 50.1587237]}, "properties": {"id": "osm:node:663560675", "type": "kindergarten", "name": "", "source": "OpenStreetMap/Overpass"}}, {"type": "Feature", "geometry": {"type": "Point", "coordinates": [8.5369271, 50.1633415]}, "properties": {"id": "osm:node:663561181", "type": "kindergarten", "name": "Kinderkrippe Zwergenburg", "source": "OpenStreetMap/Overpass"}}, {"type": "Feature", "geometry": {"type": "Point", "coordinates": [8.5696312, 50.1446129]}, "properties": {"id": "osm:node:663564084", "type": "kindergarten", "name": "Kindergarten Ritterhof", "source": "OpenStreetMap/Overpass"}}, {"type": "Feature", "geometry": {"type": "Point", "coordinates": [8.5764418, 50.1461365]}, "properties": {"id": "osm:node:663564252", "type": "kindergarten", "name": "Kindertagesstätte Erlebnishaus", "source": "OpenStreetMap/Overpass"}}, {"type": "Feature", "geometry": {"type": "Point", "coordinates": [8.5444816, 50.1597433]}, "properties": {"id": "osm:node:666252908", "type": "kindergarten", "name": "Kinderkrippe Spatzennest", "source": "OpenStreetMap/Overpass"}}, {"type": "Feature", "geometry": {"type": "Point", "coordinates": [8.6237806, 50.1322271]}, "properties": {"id": "osm:node:671414012", "type": "kindergarten", "name": "Evangelische Kindertagesstätte und Hort", "source": "OpenStreetMap/Overpass"}}, {"type": "Feature", "geometry": {"type": "Point", "coordinates": [8.6236623, 50.1335711]}, "properties": {"id": "osm:node:671414043", "type": "kindergarten", "name": "Kindertagesstätte Charlotte Schiffler", "source": "OpenStreetMap/Overpass"}}, {"type": "Feature", "geometry": {"type": "Point", "coordinates": [8.689989, 50.1225954]}, "properties": {"id": "osm:node:676759741", "type": "kindergarten", "name": "St. Bernhard", "source": "OpenStreetMap/Overpass"}}, {"type": "Feature", "geometry": {"type": "Point", "coordinates": [8.5673779, 50.1223598]}, "properties": {"id": "osm:node:677492345", "type": "kindergarten", "name": "Ev. Kindergarten", "source": "OpenStreetMap/Overpass"}}, {"type": "Feature", "geometry": {"type": "Point", "coordinates": [8.5457395, 50.1113121]}, "properties": {"id": "osm:node:677527852", "type": "kindergarten", "name": "Kinderzentrum Peter-Fischer-Allee", "source": "OpenStreetMap/Overpass"}}, {"type": "Feature", "geometry": {"type": "Point", "coordinates": [8.629484, 50.1337676]}, "properties": {"id": "osm:node:679151217", "type": "kindergarten", "name": "Charlotte Schiffler", "source": "OpenStreetMap/Overpass"}}, {"type": "Feature", "geometry": {"type": "Point", "coordinates": [8.6884463, 50.1206852]}, "properties": {"id": "osm:node:679161988", "type": "school", "name": "Pflegeschule der Rotkreuz-Schwesternschaften in Frankfurt", "source": "OpenStreetMap/Overpass"}}, {"type": "Feature", "geometry": {"type": "Point", "coordinates": [8.5498088, 50.1055954]}, "properties": {"id": "osm:node:684354315", "type": "kindergarten", "name": "Kinderzentrum Billtalstraße", "source": "OpenStreetMap/Overpass"}}, {"type": "Feature", "geometry": {"type": "Point", "coordinates": [8.5506912, 50.1100583]}, "properties": {"id": "osm:node:684354318", "type": "kindergarten", "name": "Internationale Kita Karl-Blum-Allee", "source": "OpenStreetMap/Overpass"}}, {"type": "Feature", "geometry": {"type": "Point", "coordinates": [8.5735667, 50.0860074]}, "properties": {"id": "osm:node:685428191", "type": "kindergarten", "name": "Integrative Kindertagesstätte Martinus", "source": "OpenStreetMap/Overpass"}}, {"type": "Feature", "geometry": {"type": "Point", "coordinates": [8.4758641, 50.0878436]}, "properties": {"id": "osm:node:692867821", "type": "kindergarten", "name": "DRK Kita Obstgärtchen", "source": "OpenStreetMap/Overpass"}}, {"type": "Feature", "geometry": {"type": "Point", "coordinates": [8.7204951, 50.1918394]}, "properties": {"id": "osm:node:695841756", "type": "kindergarten", "name": "ev. Kindergarten", "source": "OpenStreetMap/Overpass"}}, {"type": "Feature", "geometry": {"type": "Point", "coordinates": [8.7243802, 50.1905284]}, "properties": {"id": "osm:node:695842502", "type": "kindergarten", "name": "Kindergarten Zwergenburg", "source": "OpenStreetMap/Overpass"}}, {"type": "Feature", "geometry": {"type": "Point", "coordinates": [8.6571232, 50.1148341]}, "properties": {"id": "osm:node:715551475", "type": "kindergarten", "name": "Kita Farbenland", "source": "OpenStreetMap/Overpass"}}, {"type": "Feature", "geometry": {"type": "Point", "coordinates": [8.6581516, 50.1177009]}, "properties": {"id": "osm:node:715551914", "type": "kindergarten", "name": "Kita Kleine Europäer", "source": "OpenStreetMap/Overpass"}}, {"type": "Feature", "geometry": {"type": "Point", "coordinates": [8.5059488, 50.0853647]}, "properties": {"id": "osm:node:718043273", "type": "kindergarten", "name": "Sternschnuppe der Terminal for Kids gGmbH", "source": "OpenStreetMap/Overpass"}}, {"type": "Feature", "geometry": {"type": "Point", "coordinates": [8.5349651, 50.1858122]}, "properties": {"id": "osm:node:740166726", "type": "kindergarten", "name": "Kindertagesstätte Anderland", "source": "OpenStreetMap/Overpass"}}, {"type": "Feature", "geometry": {"type": "Point", "coordinates": [8.541347, 50.1824384]}, "properties": {"id": "osm:node:741546238", "type": "kindergarten", "name": "Kathol. Kindertagesstätte St. Vitus", "source": "OpenStreetMap/Overpass"}}, {"type": "Feature", "geometry": {"type": "Point", "coordinates": [8.5711474, 50.1245895]}, "properties": {"id": "osm:node:767529828", "type": "kindergarten", "name": "Kindertagesstätte St. Michael", "source": "OpenStreetMap/Overpass"}}, {"type": "Feature", "geometry": {"type": "Point", "coordinates": [8.6947194, 50.0322852]}, "properties": {"id": "osm:node:829996104", "type": "school", "name": "vhs Kreis Offenbach", "source": "OpenStreetMap/Overpass"}}, {"type": "Feature", "geometry": {"type": "Point", "coordinates": [8.6603303, 50.1110264]}, "properties": {"id": "osm:node:897440230", "type": "kindergarten", "name": "Katholischer Kindergarten St. Antonius", "source": "OpenStreetMap/Overpass"}}, {"type": "Feature", "geometry": {"type": "Point", "coordinates": [8.7621514, 50.1008984]}, "properties": {"id": "osm:node:900320732", "type": "kindergarten", "name": "Sternschnuppe", "source": "OpenStreetMap/Overpass"}}, {"type": "Feature", "geometry": {"type": "Point", "coordinates": [8.7498038, 50.1071409]}, "properties": {"id": "osm:node:902322175", "type": "kindergarten", "name": "Krabbelstubb \"Die Pinguine\"", "source": "OpenStreetMap/Overpass"}}, {"type": "Feature", "geometry": {"type": "Point", "coordinates": [8.6080749, 50.0950144]}, "properties": {"id": "osm:node:903972396", "type": "kindergarten", "name": "Wirbelwind", "source": "OpenStreetMap/Overpass"}}, {"type": "Feature", "geometry": {"type": "Point", "coordinates": [8.765982, 50.0894887]}, "properties": {"id": "osm:node:926312293", "type": "school", "name": "Oswald-von-Nell-Breuning-Schule II", "source": "OpenStreetMap/Overpass"}}, {"type": "Feature", "geometry": {"type": "Point", "coordinates": [8.6846783, 50.1543137]}, "properties": {"id": "osm:node:926834593", "type": "kindergarten", "name": "Kita 117", "source": "OpenStreetMap/Overpass"}}, {"type": "Feature", "geometry": {"type": "Point", "coordinates": [8.6800993, 50.1512846]}, "properties": {"id": "osm:node:926834733", "type": "kindergarten", "name": "Krabbelstube Schatzkiste", "source": "OpenStreetMap/Overpass"}}, {"type": "Feature", "geometry": {"type": "Point", "coordinates": [8.6852662, 50.1467151]}, "properties": {"id": "osm:node:926926630", "type": "kindergarten", "name": "Kindertagesstätte Nazarethschlange der Evangelischen Nazarethgemeinde", "source": "OpenStreetMap/Overpass"}}, {"type": "Feature", "geometry": {"type": "Point", "coordinates": [8.6838585, 50.1476825]}, "properties": {"id": "osm:node:926926643", "type": "kindergarten", "name": "Katholische Kindertagesstätte Herz-Jesu", "source": "OpenStreetMap/Overpass"}}, {"type": "Feature", "geometry": {"type": "Point", "coordinates": [8.6890007, 50.1277433]}, "properties": {"id": "osm:node:950410746", "type": "kindergarten", "name": "Kita 103", "source": "OpenStreetMap/Overpass"}}, {"type": "Feature", "geometry": {"type": "Point", "coordinates": [8.6869734, 50.1256357]}, "properties": {"id": "osm:node:950411387", "type": "kindergarten", "name": "Evangelische Kindertagesstätte", "source": "OpenStreetMap/Overpass"}}, {"type": "Feature", "geometry": {"type": "Point", "coordinates": [8.6350918, 50.1159453]}, "properties": {"id": "osm:node:961684747", "type": "kindergarten", "name": "Ev Kindergarten", "source": "OpenStreetMap/Overpass"}}, {"type": "Feature", "geometry": {"type": "Point", "coordinates": [8.638258, 50.1189782]}, "properties": {"id": "osm:node:961685472", "type": "kindergarten", "name": "Kunst- und Kulturkindergarten", "source": "OpenStreetMap/Overpass"}}, {"type": "Feature", "geometry": {"type": "Point", "coordinates": [8.6379735, 50.1155428]}, "properties": {"id": "osm:node:961685654", "type": "kindergarten", "name": "Kita 13", "source": "OpenStreetMap/Overpass"}}, {"type": "Feature", "geometry": {"type": "Point", "coordinates": [8.5101709, 50.1786109]}, "properties": {"id": "osm:node:1011100513", "type": "kindergarten", "name": "Kindergarten Arche Noah", "source": "OpenStreetMap/Overpass"}}, {"type": "Feature", "geometry": {"type": "Point", "coordinates": [8.7080695, 50.1276003]}, "properties": {"id": "osm:node:1026203622", "type": "kindergarten", "name": "FRÖBEL-Kinderkrippe Blumenwiese", "source": "OpenStreetMap/Overpass"}}, {"type": "Feature", "geometry": {"type": "Point", "coordinates": [8.7091792, 50.1144031]}, "properties": {"id": "osm:node:1026248358", "type": "kindergarten", "name": "FRÖBEL-Kinderkrippe Am Ostpark", "source": "OpenStreetMap/Overpass"}}, {"type": "Feature", "geometry": {"type": "Point", "coordinates": [8.6141797, 50.124391]}, "properties": {"id": "osm:node:1054740239", "type": "kindergarten", "name": "Ev. Kindertagesstätte Wehrhof", "source": "OpenStreetMap/Overpass"}}, {"type": "Feature", "geometry": {"type": "Point", "coordinates": [8.609961, 50.1253895]}, "properties": {"id": "osm:node:1106279466", "type": "kindergarten", "name": "v. Stumpf Brentanohaus", "source": "OpenStreetMap/Overpass"}}, {"type": "Feature", "geometry": {"type": "Point", "coordinates": [8.4927115, 50.1682687]}, "properties": {"id": "osm:node:1128095082", "type": "kindergarten", "name": "Haus Sankt Michael", "source": "OpenStreetMap/Overpass"}}, {"type": "Feature", "geometry": {"type": "Point", "coordinates": [8.6568265, 50.1013542]}, "properties": {"id": "osm:node:1133907419", "type": "school", "name": "BTZ Berufsbildungs- und Technologiezentrum", "source": "OpenStreetMap/Overpass"}}, {"type": "Feature", "geometry": {"type": "Point", "coordinates": [8.6321736, 50.1131876]}, "properties": {"id": "osm:node:1137674616", "type": "kindergarten", "name": "Kita Farbenfroh", "source": "OpenStreetMap/Overpass"}}, {"type": "Feature", "geometry": {"type": "Point", "coordinates": [8.6327804, 50.1116597]}, "properties": {"id": "osm:node:1137675754", "type": "kindergarten", "name": "Katholische Kindertagesstätte St. Pius", "source": "OpenStreetMap/Overpass"}}, {"type": "Feature", "geometry": {"type": "Point", "coordinates": [8.6028743, 50.1259243]}, "properties": {"id": "osm:node:1175564514", "type": "kindergarten", "name": "Katholischer Kindergarten", "source": "OpenStreetMap/Overpass"}}, {"type": "Feature", "geometry": {"type": "Point", "coordinates": [8.687028, 50.1560488]}, "properties": {"id": "osm:node:1189896746", "type": "kindergarten", "name": "Kita 15", "source": "OpenStreetMap/Overpass"}}, {"type": "Feature", "geometry": {"type": "Point", "coordinates": [8.6978568, 50.1520421]}, "properties": {"id": "osm:node:1200559010", "type": "kindergarten", "name": "AWO Kita", "source": "OpenStreetMap/Overpass"}}, {"type": "Feature", "geometry": {"type": "Point", "coordinates": [8.6871674, 50.0947804]}, "properties": {"id": "osm:node:1265166925", "type": "kindergarten", "name": "Südkita Dreikönigsgemeinde", "source": "OpenStreetMap/Overpass"}}, {"type": "Feature", "geometry": {"type": "Point", "coordinates": [8.6805977, 50.1648564]}, "properties": {"id": "osm:node:1304991668", "type": "kindergarten", "name": "Kita Winnie Puuh", "source": "OpenStreetMap/Overpass"}}, {"type": "Feature", "geometry": {"type": "Point", "coordinates": [8.5202538, 50.1822025]}, "properties": {"id": "osm:node:1349645075", "type": "kindergarten", "name": "Kita Villa Racker-Acker", "source": "OpenStreetMap/Overpass"}}, {"type": "Feature", "geometry": {"type": "Point", "coordinates": [8.6508038, 50.1184913]}, "properties": {"id": "osm:node:1354223451", "type": "kindergarten", "name": "Uni-Kita", "source": "OpenStreetMap/Overpass"}}, {"type": "Feature", "geometry": {"type": "Point", "coordinates": [8.5330094, 50.1643737]}, "properties": {"id": "osm:node:1457527912", "type": "kindergarten", "name": "Kinderzeit - Krippe, Kindergarten, Schule", "source": "OpenStreetMap/Overpass"}}, {"type": "Feature", "geometry": {"type": "Point", "coordinates": [8.6613378, 50.1804745]}, "properties": {"id": "osm:node:1457723778", "type": "kindergarten", "name": "Kita Brandhöfchen", "source": "OpenStreetMap/Overpass"}}, {"type": "Feature", "geometry": {"type": "Point", "coordinates": [8.665755, 50.1824245]}, "properties": {"id": "osm:node:1457723784", "type": "kindergarten", "name": "ev. Kita Miriamsgemeinde", "source": "OpenStreetMap/Overpass"}}, {"type": "Feature", "geometry": {"type": "Point", "coordinates": [8.6957579, 50.1322254]}, "properties": {"id": "osm:node:1463042232", "type": "kindergarten", "name": "Kita Sankt Michael", "source": "OpenStreetMap/Overpass"}}, {"type": "Feature", "geometry": {"type": "Point", "coordinates": [8.6999905, 50.1397994]}, "properties": {"id": "osm:node:1478909781", "type": "kindergarten", "name": "Kita an der Valentin-Senger-Schule", "source": "OpenStreetMap/Overpass"}}, {"type": "Feature", "geometry": {"type": "Point", "coordinates": [8.6932923, 50.1167837]}, "properties": {"id": "osm:node:1484925912", "type": "kindergarten", "name": "Kita am Park", "source": "OpenStreetMap/Overpass"}}, {"type": "Feature", "geometry": {"type": "Point", "coordinates": [8.6962864, 50.1176478]}, "properties": {"id": "osm:node:1484926386", "type": "kindergarten", "name": "Kinderstube Rasselbande", "source": "OpenStreetMap/Overpass"}}, {"type": "Feature", "geometry": {"type": "Point", "coordinates": [8.7078233, 50.2048034]}, "properties": {"id": "osm:node:1493460753", "type": "kindergarten", "name": "Wiesenwichtel", "source": "OpenStreetMap/Overpass"}}, {"type": "Feature", "geometry": {"type": "Point", "coordinates": [8.6332558, 50.1049594]}, "properties": {"id": "osm:node:1552512638", "type": "kindergarten", "name": "Kinderkrippe \"Kleine Strolche\"", "source": "OpenStreetMap/Overpass"}}, {"type": "Feature", "geometry": {"type": "Point", "coordinates": [8.6333458, 50.1046617]}, "properties": {"id": "osm:node:1552512646", "type": "kindergarten", "name": "Kinderzentrum Krifteler Straße 80", "source": "OpenStreetMap/Overpass"}}, {"type": "Feature", "geometry": {"type": "Point", "coordinates": [8.6202864, 50.1058163]}, "properties": {"id": "osm:node:1552512683", "type": "school", "name": "caritas Kita St Martin", "source": "OpenStreetMap/Overpass"}}, {"type": "Feature", "geometry": {"type": "Point", "coordinates": [8.6326293, 50.1041137]}, "properties": {"id": "osm:node:1552512690", "type": "kindergarten", "name": "ev. Kita Friedenskirche", "source": "OpenStreetMap/Overpass"}}, {"type": "Feature", "geometry": {"type": "Point", "coordinates": [8.6275235, 50.102605]}, "properties": {"id": "osm:node:1554611583", "type": "kindergarten", "name": "Kita Maria Hilf", "source": "OpenStreetMap/Overpass"}}, {"type": "Feature", "geometry": {"type": "Point", "coordinates": [8.7063458, 50.1275524]}, "properties": {"id": "osm:node:1576885454", "type": "kindergarten", "name": "Löwengrube", "source": "OpenStreetMap/Overpass"}}, {"type": "Feature", "geometry": {"type": "Point", "coordinates": [8.6346893, 50.0987535]}, "properties": {"id": "osm:node:1586104487", "type": "kindergarten", "name": "Kita Galluspark", "source": "OpenStreetMap/Overpass"}}, {"type": "Feature", "geometry": {"type": "Point", "coordinates": [8.6403881, 50.1032596]}, "properties": {"id": "osm:node:1596680094", "type": "kindergarten", "name": "Kita St. Gallus", "source": "OpenStreetMap/Overpass"}}, {"type": "Feature", "geometry": {"type": "Point", "coordinates": [8.6823546, 50.2270347]}, "properties": {"id": "osm:node:1600800766", "type": "kindergarten", "name": "Krabbelstube Wirbelwind", "source": "OpenStreetMap/Overpass"}}, {"type": "Feature", "geometry": {"type": "Point", "coordinates": [8.6994727, 50.1099326]}, "properties": {"id": "osm:node:1639294792", "type": "school", "name": "Dr. Hoch's Konservatorium", "source": "OpenStreetMap/Overpass"}}, {"type": "Feature", "geometry": {"type": "Point", "coordinates": [8.7067442, 50.1221855]}, "properties": {"id": "osm:node:1645990796", "type": "kindergarten", "name": "Kita 50", "source": "OpenStreetMap/Overpass"}}, {"type": "Feature", "geometry": {"type": "Point", "coordinates": [8.7021991, 50.1247549]}, "properties": {"id": "osm:node:1647258183", "type": "kindergarten", "name": "St.Josef Burg der Kinder", "source": "OpenStreetMap/Overpass"}}, {"type": "Feature", "geometry": {"type": "Point", "coordinates": [8.7178513, 50.127242]}, "properties": {"id": "osm:node:1649025705", "type": "kindergarten", "name": "Kita Heilig Kreuz", "source": "OpenStreetMap/Overpass"}}, {"type": "Feature", "geometry": {"type": "Point", "coordinates": [8.7114001, 50.126176]}, "properties": {"id": "osm:node:1649025759", "type": "kindergarten", "name": "ev Heilands Kita.", "source": "OpenStreetMap/Overpass"}}, {"type": "Feature", "geometry": {"type": "Point", "coordinates": [8.7141345, 50.1318161]}, "properties": {"id": "osm:node:1657899158", "type": "kindergarten", "name": "Kinderzentrum Eulengasse (Kita 110)", "source": "OpenStreetMap/Overpass"}}, {"type": "Feature", "geometry": {"type": "Point", "coordinates": [8.7120652, 50.1304066]}, "properties": {"id": "osm:node:1659162079", "type": "kindergarten", "name": "ev. Johanniskindergarten", "source": "OpenStreetMap/Overpass"}}, {"type": "Feature", "geometry": {"type": "Point", "coordinates": [8.709659, 50.1301789]}, "properties": {"id": "osm:node:1659162208", "type": "kindergarten", "name": "Kinderzentrum Rendeler Straße (KiZ 126)", "source": "OpenStreetMap/Overpass"}}, {"type": "Feature", "geometry": {"type": "Point", "coordinates": [8.6211972, 50.0987249]}, "properties": {"id": "osm:node:1669067991", "type": "kindergarten", "name": "ev. Kindergarten", "source": "OpenStreetMap/Overpass"}}, {"type": "Feature", "geometry": {"type": "Point", "coordinates": [8.7488503, 50.1352441]}, "properties": {"id": "osm:node:1678444338", "type": "kindergarten", "name": "Kita 75", "source": "OpenStreetMap/Overpass"}}, {"type": "Feature", "geometry": {"type": "Point", "coordinates": [8.6089798, 50.0936235]}, "properties": {"id": "osm:node:1679690627", "type": "kindergarten", "name": "Kita ev, Gem. Griesheim", "source": "OpenStreetMap/Overpass"}}, {"type": "Feature", "geometry": {"type": "Point", "coordinates": [8.6114363, 50.0906476]}, "properties": {"id": "osm:node:1679690628", "type": "kindergarten", "name": "Kita", "source": "OpenStreetMap/Overpass"}}, {"type": "Feature", "geometry": {"type": "Point", "coordinates": [8.6089815, 50.0938816]}, "properties": {"id": "osm:node:1679690629", "type": "kindergarten", "name": "KiTa Schatzkiste", "source": "OpenStreetMap/Overpass"}}, {"type": "Feature", "geometry": {"type": "Point", "coordinates": [8.6961325, 50.1713308]}, "properties": {"id": "osm:node:1681301213", "type": "kindergarten", "name": "Kindergarten der Evangelischen Michaelisgemeinde Berkersheim", "source": "OpenStreetMap/Overpass"}}, {"type": "Feature", "geometry": {"type": "Point", "coordinates": [8.6973111, 50.1287175]}, "properties": {"id": "osm:node:1690470480", "type": "kindergarten", "name": "Kinderzentrum Martin-Luther-Straße", "source": "OpenStreetMap/Overpass"}}, {"type": "Feature", "geometry": {"type": "Point", "coordinates": [8.5202111, 50.1836217]}, "properties": {"id": "osm:node:1692902335", "type": "kindergarten", "name": "", "source": "OpenStreetMap/Overpass"}}, {"type": "Feature", "geometry": {"type": "Point", "coordinates": [8.6075767, 50.0932522]}, "properties": {"id": "osm:node:1702575698", "type": "kindergarten", "name": "Kita Wanderflöhe", "source": "OpenStreetMap/Overpass"}}, {"type": "Feature", "geometry": {"type": "Point", "coordinates": [8.6048809, 50.0921826]}, "properties": {"id": "osm:node:1704776847", "type": "kindergarten", "name": "Katholische Kindertagesstätte Mariä Himmelfahrt", "source": "OpenStreetMap/Overpass"}}, {"type": "Feature", "geometry": {"type": "Point", "coordinates": [8.5320278, 50.1651748]}, "properties": {"id": "osm:node:1720247350", "type": "school", "name": "Kinderzeit-Schule", "source": "OpenStreetMap/Overpass"}}, {"type": "Feature", "geometry": {"type": "Point", "coordinates": [8.5949097, 50.1019121]}, "properties": {"id": "osm:node:1734337152", "type": "kindergarten", "name": "Kita Sankt Hedwig", "source": "OpenStreetMap/Overpass"}}, {"type": "Feature", "geometry": {"type": "Point", "coordinates": [8.5808247, 50.1029459]}, "properties": {"id": "osm:node:1737269192", "type": "kindergarten", "name": "ev Kita \"Kunterbunt\"", "source": "OpenStreetMap/Overpass"}}, {"type": "Feature", "geometry": {"type": "Point", "coordinates": [8.5818759, 50.0838466]}, "properties": {"id": "osm:node:1740558297", "type": "kindergarten", "name": "Waldhüpfer", "source": "OpenStreetMap/Overpass"}}, {"type": "Feature", "geometry": {"type": "Point", "coordinates": [8.7507181, 50.0968094]}, "properties": {"id": "osm:node:1748522416", "type": "school", "name": "Abendgymnasium Offenbach", "source": "OpenStreetMap/Overpass"}}, {"type": "Feature", "geometry": {"type": "Point", "coordinates": [8.5632358, 50.099774]}, "properties": {"id": "osm:node:1750012265", "type": "kindergarten", "name": "Kita 28", "source": "OpenStreetMap/Overpass"}}, {"type": "Feature", "geometry": {"type": "Point", "coordinates": [8.5660482, 50.1009008]}, "properties": {"id": "osm:node:1750012365", "type": "kindergarten", "name": "Kita Christusgemeinde", "source": "OpenStreetMap/Overpass"}}, {"type": "Feature", "geometry": {"type": "Point", "coordinates": [8.5654498, 50.1005073]}, "properties": {"id": "osm:node:1752719169", "type": "kindergarten", "name": "Kita Sankt Markus", "source": "OpenStreetMap/Overpass"}}, {"type": "Feature", "geometry": {"type": "Point", "coordinates": [8.5734599, 50.0988232]}, "properties": {"id": "osm:node:1757465634", "type": "kindergarten", "name": "ev. Kita Rosengarten", "source": "OpenStreetMap/Overpass"}}, {"type": "Feature", "geometry": {"type": "Point", "coordinates": [8.7347371, 50.1295238]}, "properties": {"id": "osm:node:1760015651", "type": "kindergarten", "name": "Kita Heilig Geist", "source": "OpenStreetMap/Overpass"}}, {"type": "Feature", "geometry": {"type": "Point", "coordinates": [8.6788147, 50.1647552]}, "properties": {"id": "osm:node:1761858577", "type": "school", "name": "Aktive Schule Frankfurt", "source": "OpenStreetMap/Overpass"}}, {"type": "Feature", "geometry": {"type": "Point", "coordinates": [8.6917217, 50.1066715]}, "properties": {"id": "osm:node:1779956235", "type": "school", "name": "Bergiusschule", "source": "OpenStreetMap/Overpass"}}, {"type": "Feature", "geometry": {"type": "Point", "coordinates": [8.6491279, 50.0922858]}, "properties": {"id": "osm:node:1780007392", "type": "school", "name": "Heinrich-Hoffmann-Schule", "source": "OpenStreetMap/Overpass"}}, {"type": "Feature", "geometry": {"type": "Point", "coordinates": [8.6664813, 50.0978044]}, "properties": {"id": "osm:node:1780007603", "type": "school", "name": "Freie Schule Frankfurt", "source": "OpenStreetMap/Overpass"}}, {"type": "Feature", "geometry": {"type": "Point", "coordinates": [8.6403009, 50.1035753]}, "properties": {"id": "osm:node:1780419682", "type": "school", "name": "Monikahausschule", "source": "OpenStreetMap/Overpass"}}, {"type": "Feature", "geometry": {"type": "Point", "coordinates": [8.6254033, 50.0995799]}, "properties": {"id": "osm:node:1781557748", "type": "school", "name": "Bürgermeister-Grimm-Schule", "source": "OpenStreetMap/Overpass"}}, {"type": "Feature", "geometry": {"type": "Point", "coordinates": [8.6403142, 50.1034638]}, "properties": {"id": "osm:node:1781575820", "type": "school", "name": "Berthold-Simonsohn-Schule", "source": "OpenStreetMap/Overpass"}}, {"type": "Feature", "geometry": {"type": "Point", "coordinates": [8.723975, 50.1433675]}, "properties": {"id": "osm:node:1781882353", "type": "kindergarten", "name": "ev. Kita Mariengemeinde", "source": "OpenStreetMap/Overpass"}}, {"type": "Feature", "geometry": {"type": "Point", "coordinates": [8.6979961, 50.1103755]}, "properties": {"id": "osm:node:1783596951", "type": "school", "name": "Abendgymnasium Frankfurt am Main", "source": "OpenStreetMap/Overpass"}}, {"type": "Feature", "geometry": {"type": "Point", "coordinates": [8.6727, 50.1434962]}, "properties": {"id": "osm:node:1784416585", "type": "school", "name": "Anne-Frank-Schule", "source": "OpenStreetMap/Overpass"}}, {"type": "Feature", "geometry": {"type": "Point", "coordinates": [8.6945522, 50.096615]}, "properties": {"id": "osm:node:1811020135", "type": "school", "name": "Bildungszentrum Hermann Hesse", "source": "OpenStreetMap/Overpass"}}, {"type": "Feature", "geometry": {"type": "Point", "coordinates": [8.7857548, 50.0178689]}, "properties": {"id": "osm:node:1811068946", "type": "school", "name": "Dezentrale Schule für Erziehungshilfe und Kranke", "source": "OpenStreetMap/Overpass"}}, {"type": "Feature", "geometry": {"type": "Point", "coordinates": [8.7433431, 50.1576114]}, "properties": {"id": "osm:node:1854680337", "type": "kindergarten", "name": "StadtLandFluß naturkindergarten", "source": "OpenStreetMap/Overpass"}}, {"type": "Feature", "geometry": {"type": "Point", "coordinates": [8.7575698, 50.1486547]}, "properties": {"id": "osm:node:1893124612", "type": "kindergarten", "name": "Kita Bornweidstraße", "source": "OpenStreetMap/Overpass"}}, {"type": "Feature", "geometry": {"type": "Point", "coordinates": [8.6020584, 50.0833599]}, "properties": {"id": "osm:node:1905915519", "type": "kindergarten", "name": "Kinder- und Familienzentrum Goldstein", "source": "OpenStreetMap/Overpass"}}, {"type": "Feature", "geometry": {"type": "Point", "coordinates": [8.5931457, 50.0848791]}, "properties": {"id": "osm:node:1961211606", "type": "kindergarten", "name": "Kinderzentrum Henriette-Fürth-Straße (KiZ 83)", "source": "OpenStreetMap/Overpass"}}, {"type": "Feature", "geometry": {"type": "Point", "coordinates": [8.580928, 50.085048]}, "properties": {"id": "osm:node:2008703933", "type": "kindergarten", "name": "Bunte Welt", "source": "OpenStreetMap/Overpass"}}, {"type": "Feature", "geometry": {"type": "Point", "coordinates": [8.6446791, 50.0895375]}, "properties": {"id": "osm:node:2009667218", "type": "kindergarten", "name": "Haus der kleinen Strolche", "source": "OpenStreetMap/Overpass"}}, {"type": "Feature", "geometry": {"type": "Point", "coordinates": [8.5812397, 50.0867918]}, "properties": {"id": "osm:node:2011164804", "type": "kindergarten", "name": "Kindertagesstätte St. Mauritius Schwanheim Drachenhöhle", "source": "OpenStreetMap/Overpass"}}, {"type": "Feature", "geometry": {"type": "Point", "coordinates": [8.5757561, 50.0851507]}, "properties": {"id": "osm:node:2011198382", "type": "kindergarten", "name": "Kinderzentrum Vogesenstraße (KiZ 36)", "source": "OpenStreetMap/Overpass"}}, {"type": "Feature", "geometry": {"type": "Point", "coordinates": [8.5784208, 50.0887366]}, "properties": {"id": "osm:node:2018537287", "type": "kindergarten", "name": "", "source": "OpenStreetMap/Overpass"}}, {"type": "Feature", "geometry": {"type": "Point", "coordinates": [8.6212725, 50.1577111]}, "properties": {"id": "osm:node:2030587761", "type": "kindergarten", "name": "Elternverein der Europäischen Schule", "source": "OpenStreetMap/Overpass"}}, {"type": "Feature", "geometry": {"type": "Point", "coordinates": [8.5733913, 50.1252954]}, "properties": {"id": "osm:node:2046452865", "type": "kindergarten", "name": "", "source": "OpenStreetMap/Overpass"}}, {"type": "Feature", "geometry": {"type": "Point", "coordinates": [8.5680845, 50.1209483]}, "properties": {"id": "osm:node:2048587949", "type": "childcare", "name": "", "source": "OpenStreetMap/Overpass"}}, {"type": "Feature", "geometry": {"type": "Point", "coordinates": [8.5687521, 50.1242815]}, "properties": {"id": "osm:node:2053119718", "type": "kindergarten", "name": "Kita Toni Sender Straße 42", "source": "OpenStreetMap/Overpass"}}, {"type": "Feature", "geometry": {"type": "Point", "coordinates": [8.568176, 50.1255395]}, "properties": {"id": "osm:node:2053119870", "type": "kindergarten", "name": "Kinderzentrum", "source": "OpenStreetMap/Overpass"}}, {"type": "Feature", "geometry": {"type": "Point", "coordinates": [8.5663638, 50.1215214]}, "properties": {"id": "osm:node:2056538579", "type": "kindergarten", "name": "Kinder- und Schülerladen", "source": "OpenStreetMap/Overpass"}}, {"type": "Feature", "geometry": {"type": "Point", "coordinates": [8.5634754, 50.1188314]}, "properties": {"id": "osm:node:2073336293", "type": "kindergarten", "name": "", "source": "OpenStreetMap/Overpass"}}, {"type": "Feature", "geometry": {"type": "Point", "coordinates": [8.5539693, 50.1146218]}, "properties": {"id": "osm:node:2076207110", "type": "kindergarten", "name": "Kita 135", "source": "OpenStreetMap/Overpass"}}, {"type": "Feature", "geometry": {"type": "Point", "coordinates": [8.6208527, 50.1578681]}, "properties": {"id": "osm:node:2092077213", "type": "kindergarten", "name": "eurokids", "source": "OpenStreetMap/Overpass"}}, {"type": "Feature", "geometry": {"type": "Point", "coordinates": [8.7796101, 50.0995702]}, "properties": {"id": "osm:node:2103335827", "type": "kindergarten", "name": "Kindergarten 19", "source": "OpenStreetMap/Overpass"}}, {"type": "Feature", "geometry": {"type": "Point", "coordinates": [8.5462604, 50.1061605]}, "properties": {"id": "osm:node:2109264027", "type": "kindergarten", "name": "Kita", "source": "OpenStreetMap/Overpass"}}, {"type": "Feature", "geometry": {"type": "Point", "coordinates": [8.6545227, 50.211738]}, "properties": {"id": "osm:node:2116468752", "type": "school", "name": "accadis International School Bad Homburg", "source": "OpenStreetMap/Overpass"}}, {"type": "Feature", "geometry": {"type": "Point", "coordinates": [8.5322859, 50.1041468]}, "properties": {"id": "osm:node:2131335602", "type": "kindergarten", "name": "Kita 37a", "source": "OpenStreetMap/Overpass"}}, {"type": "Feature", "geometry": {"type": "Point", "coordinates": [8.7911788, 50.1275582]}, "properties": {"id": "osm:node:2131345298", "type": "kindergarten", "name": "Kindertagesstätte 11", "source": "OpenStreetMap/Overpass"}}, {"type": "Feature", "geometry": {"type": "Point", "coordinates": [8.6478787, 50.0882427]}, "properties": {"id": "osm:node:2170860215", "type": "kindergarten", "name": "Krümelkiste", "source": "OpenStreetMap/Overpass"}}, {"type": "Feature", "geometry": {"type": "Point", "coordinates": [8.5421612, 50.1121552]}, "properties": {"id": "osm:node:2181837957", "type": "kindergarten", "name": "Kita 68", "source": "OpenStreetMap/Overpass"}}, {"type": "Feature", "geometry": {"type": "Point", "coordinates": [8.5416362, 50.110097]}, "properties": {"id": "osm:node:2181837963", "type": "kindergarten", "name": "Kita St. Johannes", "source": "OpenStreetMap/Overpass"}}, {"type": "Feature", "geometry": {"type": "Point", "coordinates": [8.5445256, 50.1007786]}, "properties": {"id": "osm:node:2207162509", "type": "kindergarten", "name": "Krabbelstube Posträuber", "source": "OpenStreetMap/Overpass"}}, {"type": "Feature", "geometry": {"type": "Point", "coordinates": [8.6094859, 50.1266984]}, "properties": {"id": "osm:node:2294727214", "type": "kindergarten", "name": "", "source": "OpenStreetMap/Overpass"}}, {"type": "Feature", "geometry": {"type": "Point", "coordinates": [8.4993347, 50.0983348]}, "properties": {"id": "osm:node:2297227754", "type": "kindergarten", "name": "Kinderzentrum Kegelbahn (KIZ 127)", "source": "OpenStreetMap/Overpass"}}, {"type": "Feature", "geometry": {"type": "Point", "coordinates": [8.5006969, 50.0968126]}, "properties": {"id": "osm:node:2300807768", "type": "kindergarten", "name": "Krabbelstube Alte Post", "source": "OpenStreetMap/Overpass"}}, {"type": "Feature", "geometry": {"type": "Point", "coordinates": [8.707073, 50.1277611]}, "properties": {"id": "osm:node:2328173907", "type": "kindergarten", "name": "Kinderhaus Neebstraße", "source": "OpenStreetMap/Overpass"}}, {"type": "Feature", "geometry": {"type": "Point", "coordinates": [8.5093144, 50.0862158]}, "properties": {"id": "osm:node:2338205512", "type": "kindergarten", "name": "Kita St. Kilian", "source": "OpenStreetMap/Overpass"}}, {"type": "Feature", "geometry": {"type": "Point", "coordinates": [8.6594894, 50.090619]}, "properties": {"id": "osm:node:2340400314", "type": "kindergarten", "name": "Kullerwiese", "source": "OpenStreetMap/Overpass"}}, {"type": "Feature", "geometry": {"type": "Point", "coordinates": [8.5135887, 50.0833351]}, "properties": {"id": "osm:node:2340825725", "type": "kindergarten", "name": "Kindervilla Farbenzauber", "source": "OpenStreetMap/Overpass"}}, {"type": "Feature", "geometry": {"type": "Point", "coordinates": [8.5170761, 50.0833083]}, "properties": {"id": "osm:node:2340825726", "type": "kindergarten", "name": "Ev. Kita Sindlingen", "source": "OpenStreetMap/Overpass"}}, {"type": "Feature", "geometry": {"type": "Point", "coordinates": [8.514405, 50.0788326]}, "properties": {"id": "osm:node:2349693129", "type": "kindergarten", "name": "Katholische KITA St. Dionysius", "source": "OpenStreetMap/Overpass"}}, {"type": "Feature", "geometry": {"type": "Point", "coordinates": [8.4998416, 50.1359726]}, "properties": {"id": "osm:node:2366792693", "type": "kindergarten", "name": "", "source": "OpenStreetMap/Overpass"}}, {"type": "Feature", "geometry": {"type": "Point", "coordinates": [8.6484691, 50.0978132]}, "properties": {"id": "osm:node:2385602426", "type": "kindergarten", "name": "Kita 82", "source": "OpenStreetMap/Overpass"}}, {"type": "Feature", "geometry": {"type": "Point", "coordinates": [8.6691398, 50.1064299]}, "properties": {"id": "osm:node:2390402274", "type": "kindergarten", "name": "AWO Kindertagesstätte Gutleut", "source": "OpenStreetMap/Overpass"}}, {"type": "Feature", "geometry": {"type": "Point", "coordinates": [8.6019549, 50.1248939]}, "properties": {"id": "osm:node:2397903969", "type": "kindergarten", "name": "KiTa Jo-Jo", "source": "OpenStreetMap/Overpass"}}, {"type": "Feature", "geometry": {"type": "Point", "coordinates": [8.7694526, 50.1228335]}, "properties": {"id": "osm:node:2413532449", "type": "kindergarten", "name": "Kinderzentrum Alt-Fechenheim", "source": "OpenStreetMap/Overpass"}}, {"type": "Feature", "geometry": {"type": "Point", "coordinates": [8.7662671, 50.1250369]}, "properties": {"id": "osm:node:2417993722", "type": "kindergarten", "name": "Katholische Kindertagesstätte Herz-Jesu", "source": "OpenStreetMap/Overpass"}}, {"type": "Feature", "geometry": {"type": "Point", "coordinates": [8.7643679, 50.121957]}, "properties": {"id": "osm:node:2418023343", "type": "kindergarten", "name": "Kinder- und Familienzentrum", "source": "OpenStreetMap/Overpass"}}, {"type": "Feature", "geometry": {"type": "Point", "coordinates": [8.768709, 50.1159541]}, "properties": {"id": "osm:node:2422032814", "type": "kindergarten", "name": "Kita Dieburger Straße", "source": "OpenStreetMap/Overpass"}}, {"type": "Feature", "geometry": {"type": "Point", "coordinates": [8.7702576, 50.1163558]}, "properties": {"id": "osm:node:2424533791", "type": "kindergarten", "name": "Evangelische Kita", "source": "OpenStreetMap/Overpass"}}, {"type": "Feature", "geometry": {"type": "Point", "coordinates": [8.6738507, 50.1682365]}, "properties": {"id": "osm:node:2430092589", "type": "kindergarten", "name": "ev Kita Bethaniengemeinde", "source": "OpenStreetMap/Overpass"}}, {"type": "Feature", "geometry": {"type": "Point", "coordinates": [8.5320592, 50.0665769]}, "properties": {"id": "osm:node:2440685824", "type": "kindergarten", "name": "FlyingVilla", "source": "OpenStreetMap/Overpass"}}, {"type": "Feature", "geometry": {"type": "Point", "coordinates": [8.6942975, 50.1836463]}, "properties": {"id": "osm:node:2478046129", "type": "kindergarten", "name": "Kinderhaus Weltenbummler", "source": "OpenStreetMap/Overpass"}}, {"type": "Feature", "geometry": {"type": "Point", "coordinates": [8.69355, 50.1811282]}, "properties": {"id": "osm:node:2500727752", "type": "kindergarten", "name": "Kita St. Jakobus", "source": "OpenStreetMap/Overpass"}}, {"type": "Feature", "geometry": {"type": "Point", "coordinates": [8.5674144, 50.0991567]}, "properties": {"id": "osm:node:2502154702", "type": "kindergarten", "name": "Krabbelstube Urmeli", "source": "OpenStreetMap/Overpass"}}, {"type": "Feature", "geometry": {"type": "Point", "coordinates": [8.6278258, 50.1293212]}, "properties": {"id": "osm:node:2523360439", "type": "kindergarten", "name": "Wolkenstürmer", "source": "OpenStreetMap/Overpass"}}, {"type": "Feature", "geometry": {"type": "Point", "coordinates": [8.5781203, 50.1064037]}, "properties": {"id": "osm:node:2561961667", "type": "kindergarten", "name": "Naturkinderhaus Regenpfeifer", "source": "OpenStreetMap/Overpass"}}, {"type": "Feature", "geometry": {"type": "Point", "coordinates": [8.5290739, 50.0602408]}, "properties": {"id": "osm:node:2599582148", "type": "kindergarten", "name": "Christuskirchengemeinde Kindertagesstätte", "source": "OpenStreetMap/Overpass"}}, {"type": "Feature", "geometry": {"type": "Point", "coordinates": [8.5340954, 50.0580868]}, "properties": {"id": "osm:node:2599597101", "type": "kindergarten", "name": "Kinderhaus Don Bosco", "source": "OpenStreetMap/Overpass"}}, {"type": "Feature", "geometry": {"type": "Point", "coordinates": [8.5346703, 50.0582729]}, "properties": {"id": "osm:node:2599597102", "type": "kindergarten", "name": "Kindertagesstätte St. Markus", "source": "OpenStreetMap/Overpass"}}, {"type": "Feature", "geometry": {"type": "Point", "coordinates": [8.5300044, 50.0678905]}, "properties": {"id": "osm:node:2599597104", "type": "kindergarten", "name": "St. Martinsgemeinde Kindergarten", "source": "OpenStreetMap/Overpass"}}, {"type": "Feature", "geometry": {"type": "Point", "coordinates": [8.6261073, 50.1242998]}, "properties": {"id": "osm:node:2611082003", "type": "kindergarten", "name": "AWO Kita Rossittener Straße", "source": "OpenStreetMap/Overpass"}}, {"type": "Feature", "geometry": {"type": "Point", "coordinates": [8.6771083, 50.0977069]}, "properties": {"id": "osm:node:2627073812", "type": "kindergarten", "name": "Katholische Kindertagestätte St. Bonifatius", "source": "OpenStreetMap/Overpass"}}, {"type": "Feature", "geometry": {"type": "Point", "coordinates": [8.6284218, 50.1314594]}, "properties": {"id": "osm:node:2646115389", "type": "kindergarten", "name": "St.Anna", "source": "OpenStreetMap/Overpass"}}, {"type": "Feature", "geometry": {"type": "Point", "coordinates": [8.6775928, 50.1024705]}, "properties": {"id": "osm:node:2661220036", "type": "kindergarten", "name": "Kinderhaus Ratatouille", "source": "OpenStreetMap/Overpass"}}, {"type": "Feature", "geometry": {"type": "Point", "coordinates": [8.6760742, 50.1012888]}, "properties": {"id": "osm:node:2661257223", "type": "kindergarten", "name": "Evangelische Lukas-Kita der Maria-Magdalena-Gemeinde", "source": "OpenStreetMap/Overpass"}}, {"type": "Feature", "geometry": {"type": "Point", "coordinates": [8.6333202, 50.1672002]}, "properties": {"id": "osm:node:2661562421", "type": "kindergarten", "name": "Krabbelstube Martha", "source": "OpenStreetMap/Overpass"}}, {"type": "Feature", "geometry": {"type": "Point", "coordinates": [8.6826223, 50.101476]}, "properties": {"id": "osm:node:2671227829", "type": "kindergarten", "name": "Kinderzentrum Diesterwegstraße (KiZ 14)", "source": "OpenStreetMap/Overpass"}}, {"type": "Feature", "geometry": {"type": "Point", "coordinates": [8.6867837, 50.1025725]}, "properties": {"id": "osm:node:2676855373", "type": "kindergarten", "name": "Kleine Fische", "source": "OpenStreetMap/Overpass"}}, {"type": "Feature", "geometry": {"type": "Point", "coordinates": [8.689233, 50.1045992]}, "properties": {"id": "osm:node:2676905555", "type": "kindergarten", "name": "Kinderhaus Sachsenhausen", "source": "OpenStreetMap/Overpass"}}, {"type": "Feature", "geometry": {"type": "Point", "coordinates": [8.6878226, 50.1063524]}, "properties": {"id": "osm:node:2676934016", "type": "kindergarten", "name": "Krabbelstube Buntbären", "source": "OpenStreetMap/Overpass"}}, {"type": "Feature", "geometry": {"type": "Point", "coordinates": [8.7831275, 50.0210271]}, "properties": {"id": "osm:node:2677772636", "type": "school", "name": "Lernstern", "source": "OpenStreetMap/Overpass"}}, {"type": "Feature", "geometry": {"type": "Point", "coordinates": [8.6112639, 50.133289]}, "properties": {"id": "osm:node:2679290828", "type": "kindergarten", "name": "Kinderplanet Westhausen", "source": "OpenStreetMap/Overpass"}}, {"type": "Feature", "geometry": {"type": "Point", "coordinates": [8.6860861, 50.1070777]}, "properties": {"id": "osm:node:2683278291", "type": "kindergarten", "name": "KITA Ev. Luth. Dreikönigsgemeinde", "source": "OpenStreetMap/Overpass"}}, {"type": "Feature", "geometry": {"type": "Point", "coordinates": [8.6887714, 50.1058361]}, "properties": {"id": "osm:node:2683332015", "type": "kindergarten", "name": "AWO KITA Alt-Sachsenhausen", "source": "OpenStreetMap/Overpass"}}, {"type": "Feature", "geometry": {"type": "Point", "coordinates": [8.6949166, 50.1063463]}, "properties": {"id": "osm:node:2683365294", "type": "kindergarten", "name": "AWO KITA Sachsenhausen", "source": "OpenStreetMap/Overpass"}}, {"type": "Feature", "geometry": {"type": "Point", "coordinates": [8.695407, 50.1033014]}, "properties": {"id": "osm:node:2683953144", "type": "kindergarten", "name": "Kinderzentrum Siemensstraße (KiZ 123)", "source": "OpenStreetMap/Overpass"}}, {"type": "Feature", "geometry": {"type": "Point", "coordinates": [8.6703945, 50.0958283]}, "properties": {"id": "osm:node:2686476718", "type": "kindergarten", "name": "Skaska", "source": "OpenStreetMap/Overpass"}}, {"type": "Feature", "geometry": {"type": "Point", "coordinates": [8.6719642, 50.0912136]}, "properties": {"id": "osm:node:2686477274", "type": "kindergarten", "name": "Osterkindertagesstätte", "source": "OpenStreetMap/Overpass"}}, {"type": "Feature", "geometry": {"type": "Point", "coordinates": [8.7503387, 50.1778449]}, "properties": {"id": "osm:node:2686868146", "type": "kindergarten", "name": "Waldkindergarten", "source": "OpenStreetMap/Overpass"}}, {"type": "Feature", "geometry": {"type": "Point", "coordinates": [8.6795104, 50.0915054]}, "properties": {"id": "osm:node:2707035234", "type": "kindergarten", "name": "Krabbelstube Benjamin", "source": "OpenStreetMap/Overpass"}}, {"type": "Feature", "geometry": {"type": "Point", "coordinates": [8.6810321, 50.0916577]}, "properties": {"id": "osm:node:2785183815", "type": "kindergarten", "name": "Kinderoase", "source": "OpenStreetMap/Overpass"}}, {"type": "Feature", "geometry": {"type": "Point", "coordinates": [8.6929133, 50.1003706]}, "properties": {"id": "osm:node:2800889064", "type": "kindergarten", "name": "Villa Klitzeklein (Tagesmutter)", "source": "OpenStreetMap/Overpass"}}, {"type": "Feature", "geometry": {"type": "Point", "coordinates": [8.6926366, 50.1006918]}, "properties": {"id": "osm:node:2805721251", "type": "kindergarten", "name": "Krabbelstube Hühnerweg", "source": "OpenStreetMap/Overpass"}}, {"type": "Feature", "geometry": {"type": "Point", "coordinates": [8.7003405, 50.094866]}, "properties": {"id": "osm:node:2805818509", "type": "kindergarten", "name": "Kinderzentrum Schweinfurter Weg (KiZ 114)", "source": "OpenStreetMap/Overpass"}}, {"type": "Feature", "geometry": {"type": "Point", "coordinates": [8.693343, 50.091972]}, "properties": {"id": "osm:node:2820961199", "type": "kindergarten", "name": "Katholische Kindergarten St. Wendel", "source": "OpenStreetMap/Overpass"}}, {"type": "Feature", "geometry": {"type": "Point", "coordinates": [8.6965117, 50.1180772]}, "properties": {"id": "osm:node:2833747448", "type": "kindergarten", "name": "Kinderladen Sandflöhe", "source": "OpenStreetMap/Overpass"}}, {"type": "Feature", "geometry": {"type": "Point", "coordinates": [8.6424407, 50.0861359]}, "properties": {"id": "osm:node:2866290001", "type": "kindergarten", "name": "Kinderzentrum Odenwaldstraße (KiZ 148)", "source": "OpenStreetMap/Overpass"}}, {"type": "Feature", "geometry": {"type": "Point", "coordinates": [8.6456028, 50.0858305]}, "properties": {"id": "osm:node:2866323067", "type": "kindergarten", "name": "Katholische Kirchengemeinde St. Jakobus, Kita Kinderreich", "source": "OpenStreetMap/Overpass"}}, {"type": "Feature", "geometry": {"type": "Point", "coordinates": [8.6508366, 50.1081541]}, "properties": {"id": "osm:node:2871942452", "type": "kindergarten", "name": "KiTa Weltentdecker", "source": "OpenStreetMap/Overpass"}}, {"type": "Feature", "geometry": {"type": "Point", "coordinates": [8.6414239, 50.0859699]}, "properties": {"id": "osm:node:2877974302", "type": "kindergarten", "name": "Kinderzentrum Breubergstraße (KiZ 60)", "source": "OpenStreetMap/Overpass"}}, {"type": "Feature", "geometry": {"type": "Point", "coordinates": [8.641385, 50.0865579]}, "properties": {"id": "osm:node:2877974401", "type": "kindergarten", "name": "AWO Kita Niederrad", "source": "OpenStreetMap/Overpass"}}, {"type": "Feature", "geometry": {"type": "Point", "coordinates": [8.6374167, 50.0829998]}, "properties": {"id": "osm:node:2878193101", "type": "kindergarten", "name": "Kinderzentrum Melibocusstraße (KiZ 121)", "source": "OpenStreetMap/Overpass"}}, {"type": "Feature", "geometry": {"type": "Point", "coordinates": [8.7975345, 50.0856392]}, "properties": {"id": "osm:node:2878425463", "type": "kindergarten", "name": "Kindergarten 10", "source": "OpenStreetMap/Overpass"}}, {"type": "Feature", "geometry": {"type": "Point", "coordinates": [8.6402456, 50.0887447]}, "properties": {"id": "osm:node:2880108230", "type": "kindergarten", "name": "Kinderzentrum Kelsterbacher Straße (KiZ 122)", "source": "OpenStreetMap/Overpass"}}, {"type": "Feature", "geometry": {"type": "Point", "coordinates": [8.6492449, 50.0857079]}, "properties": {"id": "osm:node:2886942006", "type": "kindergarten", "name": "Schneckenpost", "source": "OpenStreetMap/Overpass"}}, {"type": "Feature", "geometry": {"type": "Point", "coordinates": [8.6419468, 50.0799948]}, "properties": {"id": "osm:node:2887141101", "type": "kindergarten", "name": "Kinderzentrum Heinrich-Seliger-Straße (KiZ 115)", "source": "OpenStreetMap/Overpass"}}, {"type": "Feature", "geometry": {"type": "Point", "coordinates": [8.7166184, 50.0969305]}, "properties": {"id": "osm:node:2891403519", "type": "kindergarten", "name": "Kinderzentrum Georg-Treser-Straße (KiZ 116)", "source": "OpenStreetMap/Overpass"}}, {"type": "Feature", "geometry": {"type": "Point", "coordinates": [8.7161144, 50.0985831]}, "properties": {"id": "osm:node:2891403602", "type": "kindergarten", "name": "AWO Kita Oberrad", "source": "OpenStreetMap/Overpass"}}, {"type": "Feature", "geometry": {"type": "Point", "coordinates": [8.7215124, 50.0978464]}, "properties": {"id": "osm:node:2904304702", "type": "kindergarten", "name": "Katholische Kindertagesstätte Herz Jesu", "source": "OpenStreetMap/Overpass"}}, {"type": "Feature", "geometry": {"type": "Point", "coordinates": [8.7272324, 50.0977511]}, "properties": {"id": "osm:node:2917416802", "type": "kindergarten", "name": "Kindertagesstätte mittendrin", "source": "OpenStreetMap/Overpass"}}, {"type": "Feature", "geometry": {"type": "Point", "coordinates": [8.726753, 50.0981228]}, "properties": {"id": "osm:node:2917456602", "type": "kindergarten", "name": "Kinderzentrum Herrnstraße (KiZ 34)", "source": "OpenStreetMap/Overpass"}}, {"type": "Feature", "geometry": {"type": "Point", "coordinates": [8.726418, 50.1002328]}, "properties": {"id": "osm:node:2917457001", "type": "kindergarten", "name": "Krabbenstube Wasserknirpse", "source": "OpenStreetMap/Overpass"}}, {"type": "Feature", "geometry": {"type": "Point", "coordinates": [8.6857898, 50.0319299]}, "properties": {"id": "osm:node:2987443789", "type": "kindergarten", "name": "", "source": "OpenStreetMap/Overpass"}}, {"type": "Feature", "geometry": {"type": "Point", "coordinates": [8.5497215, 50.1110137]}, "properties": {"id": "osm:node:3015099645", "type": "kindergarten", "name": "Kinderbande", "source": "OpenStreetMap/Overpass"}}, {"type": "Feature", "geometry": {"type": "Point", "coordinates": [8.746312, 50.1023907]}, "properties": {"id": "osm:node:3022224633", "type": "kindergarten", "name": "KITA St. Paul", "source": "OpenStreetMap/Overpass"}}, {"type": "Feature", "geometry": {"type": "Point", "coordinates": [8.5615119, 50.1411293]}, "properties": {"id": "osm:node:3034352497", "type": "kindergarten", "name": "Kinderhort Alter Höchster Weg", "source": "OpenStreetMap/Overpass"}}, {"type": "Feature", "geometry": {"type": "Point", "coordinates": [8.5193058, 50.0524749]}, "properties": {"id": "osm:node:3042066967", "type": "kindergarten", "name": "Kindertagesstätte der Friedensgemeinde in Kelsterbach", "source": "OpenStreetMap/Overpass"}}, {"type": "Feature", "geometry": {"type": "Point", "coordinates": [8.728831, 50.171621]}, "properties": {"id": "osm:node:3086290634", "type": "kindergarten", "name": "Katholischer Kindergarten Verklärung Christi", "source": "OpenStreetMap/Overpass"}}, {"type": "Feature", "geometry": {"type": "Point", "coordinates": [8.723338, 50.176953]}, "properties": {"id": "osm:node:3086304433", "type": "kindergarten", "name": "Waldorfkindergarten", "source": "OpenStreetMap/Overpass"}}, {"type": "Feature", "geometry": {"type": "Point", "coordinates": [8.6253551, 50.1515525]}, "properties": {"id": "osm:node:3145861149", "type": "kindergarten", "name": "Krabbelstube \"Die kleinen Römer\"", "source": "OpenStreetMap/Overpass"}}, {"type": "Feature", "geometry": {"type": "Point", "coordinates": [8.7535922, 50.1014397]}, "properties": {"id": "osm:node:3176491662", "type": "kindergarten", "name": "Kinderhaus Wirbelwind", "source": "OpenStreetMap/Overpass"}}, {"type": "Feature", "geometry": {"type": "Point", "coordinates": [8.6605541, 50.1570813]}, "properties": {"id": "osm:node:3177662979", "type": "childcare", "name": "Kinderkrippe Nußzeil", "source": "OpenStreetMap/Overpass"}}, {"type": "Feature", "geometry": {"type": "Point", "coordinates": [8.6720935, 50.1426495]}, "properties": {"id": "osm:node:3188927597", "type": "kindergarten", "name": "Viktor-Frankl-Schule", "source": "OpenStreetMap/Overpass"}}, {"type": "Feature", "geometry": {"type": "Point", "coordinates": [8.7536013, 50.0941885]}, "properties": {"id": "osm:node:3201290761", "type": "kindergarten", "name": "Hort Kinderland", "source": "OpenStreetMap/Overpass"}}, {"type": "Feature", "geometry": {"type": "Point", "coordinates": [8.7745363, 50.0913301]}, "properties": {"id": "osm:node:3212248461", "type": "kindergarten", "name": "Kita der frei-religiösen Gemeinde Offenbach", "source": "OpenStreetMap/Overpass"}}, {"type": "Feature", "geometry": {"type": "Point", "coordinates": [8.6309112, 50.1005327]}, "properties": {"id": "osm:node:3217274574", "type": "childcare", "name": "AWO Kita Lahn'sche Höfe", "source": "OpenStreetMap/Overpass"}}, {"type": "Feature", "geometry": {"type": "Point", "coordinates": [8.6405071, 50.1012793]}, "properties": {"id": "osm:node:3217274575", "type": "childcare", "name": "BSW Kita Bahnbini", "source": "OpenStreetMap/Overpass"}}, {"type": "Feature", "geometry": {"type": "Point", "coordinates": [8.6140672, 50.0347996]}, "properties": {"id": "osm:node:3234234613", "type": "kindergarten", "name": "Kindertagesstätte Zeppelinheim", "source": "OpenStreetMap/Overpass"}}, {"type": "Feature", "geometry": {"type": "Point", "coordinates": [8.6311422, 50.1171624]}, "properties": {"id": "osm:node:3294556979", "type": "kindergarten", "name": "Kindertagesstätte Sternengucker", "source": "OpenStreetMap/Overpass"}}, {"type": "Feature", "geometry": {"type": "Point", "coordinates": [8.5092364, 50.1772477]}, "properties": {"id": "osm:node:3374463663", "type": "kindergarten", "name": "Kindergarten und kath. Gemeindehaus", "source": "OpenStreetMap/Overpass"}}, {"type": "Feature", "geometry": {"type": "Point", "coordinates": [8.6126873, 50.1248194]}, "properties": {"id": "osm:node:3398235000", "type": "kindergarten", "name": "Trödelheimer Krabbelstube", "source": "OpenStreetMap/Overpass"}}, {"type": "Feature", "geometry": {"type": "Point", "coordinates": [8.7783601, 50.0857098]}, "properties": {"id": "osm:node:3433850196", "type": "kindergarten", "name": "Kita Rheinstraße", "source": "OpenStreetMap/Overpass"}}, {"type": "Feature", "geometry": {"type": "Point", "coordinates": [8.7720602, 50.0813032]}, "properties": {"id": "osm:node:3433947893", "type": "kindergarten", "name": "Kita 2", "source": "OpenStreetMap/Overpass"}}, {"type": "Feature", "geometry": {"type": "Point", "coordinates": [8.6278207, 50.107462]}, "properties": {"id": "osm:node:3434567393", "type": "kindergarten", "name": "Safari Kids", "source": "OpenStreetMap/Overpass"}}, {"type": "Feature", "geometry": {"type": "Point", "coordinates": [8.5603134, 50.1029333]}, "properties": {"id": "osm:node:3439429602", "type": "kindergarten", "name": "Kleinkindhaus Nied", "source": "OpenStreetMap/Overpass"}}, {"type": "Feature", "geometry": {"type": "Point", "coordinates": [8.6630657, 50.1394751]}, "properties": {"id": "osm:node:3440949717", "type": "kindergarten", "name": "AWO Kita Dornbusch", "source": "OpenStreetMap/Overpass"}}, {"type": "Feature", "geometry": {"type": "Point", "coordinates": [8.7811226, 50.1193326]}, "properties": {"id": "osm:node:3493038304", "type": "kindergarten", "name": "Kita St. Pankratius", "source": "OpenStreetMap/Overpass"}}, {"type": "Feature", "geometry": {"type": "Point", "coordinates": [8.7878625, 50.1214433]}, "properties": {"id": "osm:node:3508412996", "type": "kindergarten", "name": "Krabbelstube Regenbogen", "source": "OpenStreetMap/Overpass"}}, {"type": "Feature", "geometry": {"type": "Point", "coordinates": [8.7906681, 50.124566]}, "properties": {"id": "osm:node:3571561894", "type": "kindergarten", "name": "Erasmus Krabbelstube Rumpenheimer Straße", "source": "OpenStreetMap/Overpass"}}, {"type": "Feature", "geometry": {"type": "Point", "coordinates": [8.790008, 50.115693]}, "properties": {"id": "osm:node:3581324693", "type": "kindergarten", "name": "Kindertagestätte 12", "source": "OpenStreetMap/Overpass"}}, {"type": "Feature", "geometry": {"type": "Point", "coordinates": [8.7855001, 50.116312]}, "properties": {"id": "osm:node:3592179397", "type": "kindergarten", "name": "Kita Pusteblume", "source": "OpenStreetMap/Overpass"}}, {"type": "Feature", "geometry": {"type": "Point", "coordinates": [8.7855442, 50.1162627]}, "properties": {"id": "osm:node:3592179598", "type": "kindergarten", "name": "Krabbelstube Krawallschachtel", "source": "OpenStreetMap/Overpass"}}, {"type": "Feature", "geometry": {"type": "Point", "coordinates": [8.7996449, 50.1493829]}, "properties": {"id": "osm:node:3709128225", "type": "kindergarten", "name": "Kita Gänsseestraße", "source": "OpenStreetMap/Overpass"}}, {"type": "Feature", "geometry": {"type": "Point", "coordinates": [8.6831534, 50.1169821]}, "properties": {"id": "osm:node:3856098751", "type": "kindergarten", "name": "Liebfrauen", "source": "OpenStreetMap/Overpass"}}, {"type": "Feature", "geometry": {"type": "Point", "coordinates": [8.6890512, 50.0189794]}, "properties": {"id": "osm:node:3927461222", "type": "kindergarten", "name": "Die Kirchenmäuse", "source": "OpenStreetMap/Overpass"}}, {"type": "Feature", "geometry": {"type": "Point", "coordinates": [8.6891519, 50.0162711]}, "properties": {"id": "osm:node:3928833825", "type": "kindergarten", "name": "Hort Eisenbahnstraße", "source": "OpenStreetMap/Overpass"}}, {"type": "Feature", "geometry": {"type": "Point", "coordinates": [8.6759314, 50.1230025]}, "properties": {"id": "osm:node:4004755897", "type": "childcare", "name": "Integrativer Kinderladen", "source": "OpenStreetMap/Overpass"}}, {"type": "Feature", "geometry": {"type": "Point", "coordinates": [8.4764376, 50.1925306]}, "properties": {"id": "osm:node:4014934718", "type": "kindergarten", "name": "Katholische Kindertagesstätte Falkenstein", "source": "OpenStreetMap/Overpass"}}, {"type": "Feature", "geometry": {"type": "Point", "coordinates": [8.6378143, 50.1002043]}, "properties": {"id": "osm:node:4029830119", "type": "kindergarten", "name": "AWO Kita Adlerwerke", "source": "OpenStreetMap/Overpass"}}, {"type": "Feature", "geometry": {"type": "Point", "coordinates": [8.6875699, 50.1276603]}, "properties": {"id": "osm:node:4241811999", "type": "kindergarten", "name": "Kinderland Starke Kids", "source": "OpenStreetMap/Overpass"}}, {"type": "Feature", "geometry": {"type": "Point", "coordinates": [8.6605076, 50.1106141]}, "properties": {"id": "osm:node:4340835094", "type": "kindergarten", "name": "Kindertagesstätte KiDZ", "source": "OpenStreetMap/Overpass"}}, {"type": "Feature", "geometry": {"type": "Point", "coordinates": [8.673048, 50.1401028]}, "properties": {"id": "osm:node:4351681401", "type": "kindergarten", "name": "Krabbelstube am Dornbusch", "source": "OpenStreetMap/Overpass"}}, {"type": "Feature", "geometry": {"type": "Point", "coordinates": [8.6352813, 50.122683]}, "properties": {"id": "osm:node:4405976595", "type": "kindergarten", "name": "AWO Kindertagesstätte Bockenheim", "source": "OpenStreetMap/Overpass"}}, {"type": "Feature", "geometry": {"type": "Point", "coordinates": [8.7511742, 50.1420597]}, "properties": {"id": "osm:node:4444165634", "type": "kindergarten", "name": "Kita Zauberkasten", "source": "OpenStreetMap/Overpass"}}, {"type": "Feature", "geometry": {"type": "Point", "coordinates": [8.5424729, 50.1092741]}, "properties": {"id": "osm:node:4499228536", "type": "kindergarten", "name": "Kinderzentrum Gotenstraße", "source": "OpenStreetMap/Overpass"}}, {"type": "Feature", "geometry": {"type": "Point", "coordinates": [8.5421187, 50.1087381]}, "properties": {"id": "osm:node:4499235023", "type": "kindergarten", "name": "", "source": "OpenStreetMap/Overpass"}}, {"type": "Feature", "geometry": {"type": "Point", "coordinates": [8.7971213, 50.1953945]}, "properties": {"id": "osm:node:4525096228", "type": "kindergarten", "name": "Haus am Lindenplatz", "source": "OpenStreetMap/Overpass"}}, {"type": "Feature", "geometry": {"type": "Point", "coordinates": [8.5685963, 50.1676568]}, "properties": {"id": "osm:node:4640074570", "type": "kindergarten", "name": "Kinderkrippe Kükennest", "source": "OpenStreetMap/Overpass"}}, {"type": "Feature", "geometry": {"type": "Point", "coordinates": [8.7130348, 50.1200999]}, "properties": {"id": "osm:node:4644883786", "type": "kindergarten", "name": "Wirbelwind", "source": "OpenStreetMap/Overpass"}}, {"type": "Feature", "geometry": {"type": "Point", "coordinates": [8.6381689, 50.120811]}, "properties": {"id": "osm:node:4802192975", "type": "kindergarten", "name": "Süßwasserpiraten", "source": "OpenStreetMap/Overpass"}}, {"type": "Feature", "geometry": {"type": "Point", "coordinates": [8.6289629, 50.101797]}, "properties": {"id": "osm:node:4876246443", "type": "kindergarten", "name": "Mainzer Krabben", "source": "OpenStreetMap/Overpass"}}, {"type": "Feature", "geometry": {"type": "Point", "coordinates": [8.5614665, 50.1783089]}, "properties": {"id": "osm:node:4897237433", "type": "kindergarten", "name": "Kindergarten Phorminis", "source": "OpenStreetMap/Overpass"}}, {"type": "Feature", "geometry": {"type": "Point", "coordinates": [8.5610866, 50.1415418]}, "properties": {"id": "osm:node:4956196437", "type": "kindergarten", "name": "Schulkinderhaus Süd-West", "source": "OpenStreetMap/Overpass"}}, {"type": "Feature", "geometry": {"type": "Point", "coordinates": [8.481592, 50.0674411]}, "properties": {"id": "osm:node:5002900766", "type": "kindergarten", "name": "Kita Süd-West", "source": "OpenStreetMap/Overpass"}}, {"type": "Feature", "geometry": {"type": "Point", "coordinates": [8.6249837, 50.1836731]}, "properties": {"id": "osm:node:5061734198", "type": "kindergarten", "name": "Krabbelstube Pusteblume", "source": "OpenStreetMap/Overpass"}}, {"type": "Feature", "geometry": {"type": "Point", "coordinates": [8.4886578, 50.0686416]}, "properties": {"id": "osm:node:5094240701", "type": "childcare", "name": "Katholische Kita St Martin", "source": "OpenStreetMap/Overpass"}}, {"type": "Feature", "geometry": {"type": "Point", "coordinates": [8.767237, 50.0974258]}, "properties": {"id": "osm:node:5208413021", "type": "childcare", "name": "Kindertagesstätte Minizwerge", "source": "OpenStreetMap/Overpass"}}, {"type": "Feature", "geometry": {"type": "Point", "coordinates": [8.6944465, 50.109601]}, "properties": {"id": "osm:node:5271974527", "type": "childcare", "name": "Kids Obermain", "source": "OpenStreetMap/Overpass"}}, {"type": "Feature", "geometry": {"type": "Point", "coordinates": [8.4982763, 50.0703084]}, "properties": {"id": "osm:node:5289530585", "type": "childcare", "name": "Wirbelwind", "source": "OpenStreetMap/Overpass"}}, {"type": "Feature", "geometry": {"type": "Point", "coordinates": [8.4908574, 50.0672769]}, "properties": {"id": "osm:node:5289659523", "type": "kindergarten", "name": "Kita Sonnenschein", "source": "OpenStreetMap/Overpass"}}, {"type": "Feature", "geometry": {"type": "Point", "coordinates": [8.6672613, 50.1043355]}, "properties": {"id": "osm:node:5354495773", "type": "childcare", "name": "Internationales Kinderhaus", "source": "OpenStreetMap/Overpass"}}, {"type": "Feature", "geometry": {"type": "Point", "coordinates": [8.6877141, 50.0532447]}, "properties": {"id": "osm:node:5432163933", "type": "childcare", "name": "Kindertagespflege Mady’s U3-Piraten", "source": "OpenStreetMap/Overpass"}}, {"type": "Feature", "geometry": {"type": "Point", "coordinates": [8.6942, 50.0541285]}, "properties": {"id": "osm:node:5432163955", "type": "kindergarten", "name": "Tagesmütterzentrale", "source": "OpenStreetMap/Overpass"}}, {"type": "Feature", "geometry": {"type": "Point", "coordinates": [8.5712067, 50.1346455]}, "properties": {"id": "osm:node:5443192091", "type": "kindergarten", "name": "Zwergenburg", "source": "OpenStreetMap/Overpass"}}, {"type": "Feature", "geometry": {"type": "Point", "coordinates": [8.565991, 50.1428152]}, "properties": {"id": "osm:node:5500149775", "type": "kindergarten", "name": "Kita Rosenhecke", "source": "OpenStreetMap/Overpass"}}, {"type": "Feature", "geometry": {"type": "Point", "coordinates": [8.6566975, 50.1584059]}, "properties": {"id": "osm:node:5502630901", "type": "kindergarten", "name": "Le jardin", "source": "OpenStreetMap/Overpass"}}, {"type": "Feature", "geometry": {"type": "Point", "coordinates": [8.6478727, 50.1347023]}, "properties": {"id": "osm:node:5530715295", "type": "kindergarten", "name": "KiTa Rappelkiste", "source": "OpenStreetMap/Overpass"}}, {"type": "Feature", "geometry": {"type": "Point", "coordinates": [8.602197, 50.1223288]}, "properties": {"id": "osm:node:5554128201", "type": "kindergarten", "name": "Kita Westerbachstraße", "source": "OpenStreetMap/Overpass"}}, {"type": "Feature", "geometry": {"type": "Point", "coordinates": [8.7125619, 50.0526974]}, "properties": {"id": "osm:node:5613233636", "type": "kindergarten", "name": "Freizeitbereich Friedrich-Fröbel-Schule", "source": "OpenStreetMap/Overpass"}}, {"type": "Feature", "geometry": {"type": "Point", "coordinates": [8.6757365, 50.0515797]}, "properties": {"id": "osm:node:5613233637", "type": "kindergarten", "name": "Betreuung Bildungszentrum West", "source": "OpenStreetMap/Overpass"}}, {"type": "Feature", "geometry": {"type": "Point", "coordinates": [8.6849432, 50.0575538]}, "properties": {"id": "osm:node:5613233638", "type": "kindergarten", "name": "Krabbelstube & Kindergarten Kaleidoskop", "source": "OpenStreetMap/Overpass"}}, {"type": "Feature", "geometry": {"type": "Point", "coordinates": [8.6706524, 50.0537738]}, "properties": {"id": "osm:node:5613233640", "type": "kindergarten", "name": "Kindertagesstätte Kurt-Schumacher-Straße", "source": "OpenStreetMap/Overpass"}}, {"type": "Feature", "geometry": {"type": "Point", "coordinates": [8.6932815, 50.0558993]}, "properties": {"id": "osm:node:5613233641", "type": "kindergarten", "name": "Katholische Kindertagesstätte Sankt Josef", "source": "OpenStreetMap/Overpass"}}, {"type": "Feature", "geometry": {"type": "Point", "coordinates": [8.6898585, 50.0492486]}, "properties": {"id": "osm:node:5613233680", "type": "kindergarten", "name": "Kinder- und Familienzentrum Gartenstraße", "source": "OpenStreetMap/Overpass"}}, {"type": "Feature", "geometry": {"type": "Point", "coordinates": [8.5063859, 50.1386832]}, "properties": {"id": "osm:node:5615269348", "type": "kindergarten", "name": "Villa Sternenglanz", "source": "OpenStreetMap/Overpass"}}, {"type": "Feature", "geometry": {"type": "Point", "coordinates": [8.6695078, 50.1983626]}, "properties": {"id": "osm:node:5768587410", "type": "childcare", "name": "Kita Erdmaennchen", "source": "OpenStreetMap/Overpass"}}, {"type": "Feature", "geometry": {"type": "Point", "coordinates": [8.5537252, 50.1464214]}, "properties": {"id": "osm:node:5828522294", "type": "kindergarten", "name": "Zauberland", "source": "OpenStreetMap/Overpass"}}, {"type": "Feature", "geometry": {"type": "Point", "coordinates": [8.7518722, 50.1016177]}, "properties": {"id": "osm:node:5843652328", "type": "kindergarten", "name": "Ev. Kindertagesstätte der Friedenskirchengemeinde", "source": "OpenStreetMap/Overpass"}}, {"type": "Feature", "geometry": {"type": "Point", "coordinates": [8.7013507, 50.1127493]}, "properties": {"id": "osm:node:5870787127", "type": "childcare", "name": "", "source": "OpenStreetMap/Overpass"}}, {"type": "Feature", "geometry": {"type": "Point", "coordinates": [8.7080553, 50.1225743]}, "properties": {"id": "osm:node:6001564580", "type": "childcare", "name": "Kinderladen Cela", "source": "OpenStreetMap/Overpass"}}, {"type": "Feature", "geometry": {"type": "Point", "coordinates": [8.6329348, 50.2265889]}, "properties": {"id": "osm:node:6008046383", "type": "childcare", "name": "Carlita Kinderbetreuung", "source": "OpenStreetMap/Overpass"}}, {"type": "Feature", "geometry": {"type": "Point", "coordinates": [8.7893427, 50.019979]}, "properties": {"id": "osm:node:6067255221", "type": "kindergarten", "name": "Evangelische Kindertagesstätte Unterm Regenbogen", "source": "OpenStreetMap/Overpass"}}, {"type": "Feature", "geometry": {"type": "Point", "coordinates": [8.7590025, 50.0848507]}, "properties": {"id": "osm:node:6093526824", "type": "school", "name": "Ludwig-Dern-Schule", "source": "OpenStreetMap/Overpass"}}, {"type": "Feature", "geometry": {"type": "Point", "coordinates": [8.657342, 50.1126175]}, "properties": {"id": "osm:node:6276669522", "type": "kindergarten", "name": "Sonnenschein", "source": "OpenStreetMap/Overpass"}}, {"type": "Feature", "geometry": {"type": "Point", "coordinates": [8.6573595, 50.1125622]}, "properties": {"id": "osm:node:6276669523", "type": "school", "name": "Goethe-Gymnasium Dependance", "source": "OpenStreetMap/Overpass"}}, {"type": "Feature", "geometry": {"type": "Point", "coordinates": [8.7009841, 50.1218026]}, "properties": {"id": "osm:node:6278291635", "type": "kindergarten", "name": "Kleine Hoppse", "source": "OpenStreetMap/Overpass"}}, {"type": "Feature", "geometry": {"type": "Point", "coordinates": [8.6969601, 50.1185681]}, "properties": {"id": "osm:node:6284198770", "type": "kindergarten", "name": "Die Weltentdecker", "source": "OpenStreetMap/Overpass"}}, {"type": "Feature", "geometry": {"type": "Point", "coordinates": [8.6259442, 50.0876223]}, "properties": {"id": "osm:node:6304567096", "type": "school", "name": "Ausbildungswerkstatt", "source": "OpenStreetMap/Overpass"}}, {"type": "Feature", "geometry": {"type": "Point", "coordinates": [8.6304517, 50.1049356]}, "properties": {"id": "osm:node:6305373506", "type": "childcare", "name": "Kiz-Gallus", "source": "OpenStreetMap/Overpass"}}, {"type": "Feature", "geometry": {"type": "Point", "coordinates": [8.6992729, 50.1301769]}, "properties": {"id": "osm:node:6389378837", "type": "kindergarten", "name": "Dschungelkinder", "source": "OpenStreetMap/Overpass"}}, {"type": "Feature", "geometry": {"type": "Point", "coordinates": [8.7885273, 50.2261133]}, "properties": {"id": "osm:node:6422112761", "type": "kindergarten", "name": "Waldkindergarten Matsche Pampe e. V.", "source": "OpenStreetMap/Overpass"}}, {"type": "Feature", "geometry": {"type": "Point", "coordinates": [8.6507402, 50.1160162]}, "properties": {"id": "osm:node:6432469197", "type": "kindergarten", "name": "Kita WaRum?", "source": "OpenStreetMap/Overpass"}}, {"type": "Feature", "geometry": {"type": "Point", "coordinates": [8.6470608, 50.1195406]}, "properties": {"id": "osm:node:6448191278", "type": "kindergarten", "name": "Spielraum-Schülerladen", "source": "OpenStreetMap/Overpass"}}, {"type": "Feature", "geometry": {"type": "Point", "coordinates": [8.6387651, 50.1238607]}, "properties": {"id": "osm:node:6501529414", "type": "kindergarten", "name": "Mädchenhort Friesengasse", "source": "OpenStreetMap/Overpass"}}, {"type": "Feature", "geometry": {"type": "Point", "coordinates": [8.6530187, 50.140809]}, "properties": {"id": "osm:node:6516343733", "type": "childcare", "name": "Deborah", "source": "OpenStreetMap/Overpass"}}, {"type": "Feature", "geometry": {"type": "Point", "coordinates": [8.6939775, 50.1474895]}, "properties": {"id": "osm:node:6537126676", "type": "kindergarten", "name": "Katholische Kindertagesstätte St. Christophorus", "source": "OpenStreetMap/Overpass"}}, {"type": "Feature", "geometry": {"type": "Point", "coordinates": [8.6818747, 50.1248309]}, "properties": {"id": "osm:node:6540461555", "type": "kindergarten", "name": "Erasmus Krabbelstube", "source": "OpenStreetMap/Overpass"}}, {"type": "Feature", "geometry": {"type": "Point", "coordinates": [8.6377543, 50.1224205]}, "properties": {"id": "osm:node:6670400577", "type": "kindergarten", "name": "Mokita Kinderladen", "source": "OpenStreetMap/Overpass"}}, {"type": "Feature", "geometry": {"type": "Point", "coordinates": [8.7590473, 50.0844735]}, "properties": {"id": "osm:node:6790345546", "type": "school", "name": "Lauterbon-Schule", "source": "OpenStreetMap/Overpass"}}, {"type": "Feature", "geometry": {"type": "Point", "coordinates": [8.7709504, 50.1037665]}, "properties": {"id": "osm:node:7006310266", "type": "kindergarten", "name": "", "source": "OpenStreetMap/Overpass"}}, {"type": "Feature", "geometry": {"type": "Point", "coordinates": [8.6192308, 50.1637575]}, "properties": {"id": "osm:node:7083917138", "type": "kindergarten", "name": "Die Arche", "source": "OpenStreetMap/Overpass"}}, {"type": "Feature", "geometry": {"type": "Point", "coordinates": [8.6365791, 50.0858602]}, "properties": {"id": "osm:node:7162331223", "type": "kindergarten", "name": "Grüne Insel II", "source": "OpenStreetMap/Overpass"}}, {"type": "Feature", "geometry": {"type": "Point", "coordinates": [8.6483711, 50.0846724]}, "properties": {"id": "osm:node:7162331224", "type": "kindergarten", "name": "Kinderladen Bullerbü", "source": "OpenStreetMap/Overpass"}}, {"type": "Feature", "geometry": {"type": "Point", "coordinates": [8.7127584, 50.1289965]}, "properties": {"id": "osm:node:7182110410", "type": "kindergarten", "name": "Krabbelstube Zwergenplanet", "source": "OpenStreetMap/Overpass"}}, {"type": "Feature", "geometry": {"type": "Point", "coordinates": [8.6760461, 50.1114765]}, "properties": {"id": "osm:node:7267115320", "type": "school", "name": "Berufsfachschule für Kosmetik & Make-up S. Schäfer Famous Face Academy", "source": "OpenStreetMap/Overpass"}}, {"type": "Feature", "geometry": {"type": "Point", "coordinates": [8.7332382, 50.132454]}, "properties": {"id": "osm:node:7294872173", "type": "kindergarten", "name": "Kinderzentrum Vatterstraße", "source": "OpenStreetMap/Overpass"}}, {"type": "Feature", "geometry": {"type": "Point", "coordinates": [8.6152895, 50.1272092]}, "properties": {"id": "osm:node:7405478727", "type": "childcare", "name": "Das blaue Haus", "source": "OpenStreetMap/Overpass"}}, {"type": "Feature", "geometry": {"type": "Point", "coordinates": [8.6908815, 50.1557446]}, "properties": {"id": "osm:node:7434560384", "type": "kindergarten", "name": "Krabbelstube Gewächshaus", "source": "OpenStreetMap/Overpass"}}, {"type": "Feature", "geometry": {"type": "Point", "coordinates": [8.6357179, 50.125293]}, "properties": {"id": "osm:node:7598290026", "type": "kindergarten", "name": "Kinderhaus Bockenheim", "source": "OpenStreetMap/Overpass"}}, {"type": "Feature", "geometry": {"type": "Point", "coordinates": [8.6550986, 50.1132692]}, "properties": {"id": "osm:node:7933994401", "type": "childcare", "name": "Fintosch", "source": "OpenStreetMap/Overpass"}}, {"type": "Feature", "geometry": {"type": "Point", "coordinates": [8.6550682, 50.1133803]}, "properties": {"id": "osm:node:7933994402", "type": "school", "name": "Fintosch Mehrsprachige Grundschule", "source": "OpenStreetMap/Overpass"}}, {"type": "Feature", "geometry": {"type": "Point", "coordinates": [8.5770312, 50.1648793]}, "properties": {"id": "osm:node:8040511838", "type": "childcare", "name": "Betreuungszentrum Steinbach", "source": "OpenStreetMap/Overpass"}}, {"type": "Feature", "geometry": {"type": "Point", "coordinates": [8.7653305, 50.0973299]}, "properties": {"id": "osm:node:8047835881", "type": "childcare", "name": "", "source": "OpenStreetMap/Overpass"}}, {"type": "Feature", "geometry": {"type": "Point", "coordinates": [8.7651418, 50.0977263]}, "properties": {"id": "osm:node:8047835882", "type": "kindergarten", "name": "Familienkrippe \"Funkelstern\"", "source": "OpenStreetMap/Overpass"}}, {"type": "Feature", "geometry": {"type": "Point", "coordinates": [8.7523745, 50.1068099]}, "properties": {"id": "osm:node:8380903010", "type": "kindergarten", "name": "Kita Potzblitz", "source": "OpenStreetMap/Overpass"}}, {"type": "Feature", "geometry": {"type": "Point", "coordinates": [8.6830643, 50.1058581]}, "properties": {"id": "osm:node:8563918698", "type": "kindergarten", "name": "MainAbenteuerland", "source": "OpenStreetMap/Overpass"}}, {"type": "Feature", "geometry": {"type": "Point", "coordinates": [8.6795104, 50.1037507]}, "properties": {"id": "osm:node:8563918699", "type": "kindergarten", "name": "Montessori Kinderzentrum", "source": "OpenStreetMap/Overpass"}}, {"type": "Feature", "geometry": {"type": "Point", "coordinates": [8.6818144, 50.1037094]}, "properties": {"id": "osm:node:8563918700", "type": "kindergarten", "name": "Mainkrokodile gGmbH, Kinderhaus 5", "source": "OpenStreetMap/Overpass"}}, {"type": "Feature", "geometry": {"type": "Point", "coordinates": [8.6814174, 50.1028165]}, "properties": {"id": "osm:node:8563918701", "type": "school", "name": "Erweiterte Schulische Betreuung der Textorschule", "source": "OpenStreetMap/Overpass"}}, {"type": "Feature", "geometry": {"type": "Point", "coordinates": [8.6831367, 50.1015641]}, "properties": {"id": "osm:node:8563918705", "type": "kindergarten", "name": "Kinderzentrum Launitzstraße (KiZ 46)", "source": "OpenStreetMap/Overpass"}}, {"type": "Feature", "geometry": {"type": "Point", "coordinates": [8.6826056, 50.1006608]}, "properties": {"id": "osm:node:8563918706", "type": "kindergarten", "name": "Mainkrokodile gGmbH, Kinderhaus 1", "source": "OpenStreetMap/Overpass"}}, {"type": "Feature", "geometry": {"type": "Point", "coordinates": [8.6815837, 50.1003683]}, "properties": {"id": "osm:node:8563918707", "type": "kindergarten", "name": "Stadtstrolche", "source": "OpenStreetMap/Overpass"}}, {"type": "Feature", "geometry": {"type": "Point", "coordinates": [8.6798939, 50.0997541]}, "properties": {"id": "osm:node:8563918709", "type": "school", "name": "Monster AG", "source": "OpenStreetMap/Overpass"}}, {"type": "Feature", "geometry": {"type": "Point", "coordinates": [8.6843578, 50.098982]}, "properties": {"id": "osm:node:8563918710", "type": "kindergarten", "name": "Mainkrokodile gGmbH, Kinderhaus 7", "source": "OpenStreetMap/Overpass"}}, {"type": "Feature", "geometry": {"type": "Point", "coordinates": [8.6809856, 50.0980697]}, "properties": {"id": "osm:node:8563918711", "type": "kindergarten", "name": "Schülerladen Sternschnuppe", "source": "OpenStreetMap/Overpass"}}, {"type": "Feature", "geometry": {"type": "Point", "coordinates": [8.6817688, 50.0980938]}, "properties": {"id": "osm:node:8563918712", "type": "kindergarten", "name": "Arcobaleno", "source": "OpenStreetMap/Overpass"}}, {"type": "Feature", "geometry": {"type": "Point", "coordinates": [8.6849499, 50.0969943]}, "properties": {"id": "osm:node:8563918713", "type": "kindergarten", "name": "AWO Kita Fabrika", "source": "OpenStreetMap/Overpass"}}, {"type": "Feature", "geometry": {"type": "Point", "coordinates": [8.6821336, 50.0964747]}, "properties": {"id": "osm:node:8563918714", "type": "kindergarten", "name": "Tranquilla Tram", "source": "OpenStreetMap/Overpass"}}, {"type": "Feature", "geometry": {"type": "Point", "coordinates": [8.6906308, 50.1045782]}, "properties": {"id": "osm:node:8563918716", "type": "kindergarten", "name": "Kinderzentrum Neuer Wall (KiZ 145)", "source": "OpenStreetMap/Overpass"}}, {"type": "Feature", "geometry": {"type": "Point", "coordinates": [8.6928624, 50.1040535]}, "properties": {"id": "osm:node:8563925017", "type": "kindergarten", "name": "Erweiterte Schulische Betreuung der Willemerschule", "source": "OpenStreetMap/Overpass"}}, {"type": "Feature", "geometry": {"type": "Point", "coordinates": [8.6931065, 50.104069]}, "properties": {"id": "osm:node:8563925018", "type": "kindergarten", "name": "Willemerstraße 22 (KiZ 84)", "source": "OpenStreetMap/Overpass"}}, {"type": "Feature", "geometry": {"type": "Point", "coordinates": [8.6920041, 50.10234]}, "properties": {"id": "osm:node:8563925019", "type": "kindergarten", "name": "Krabbelstube Miniflitzer", "source": "OpenStreetMap/Overpass"}}, {"type": "Feature", "geometry": {"type": "Point", "coordinates": [8.6949813, 50.1010428]}, "properties": {"id": "osm:node:8563925020", "type": "kindergarten", "name": "Himmelszelt", "source": "OpenStreetMap/Overpass"}}, {"type": "Feature", "geometry": {"type": "Point", "coordinates": [8.6931199, 50.1016553]}, "properties": {"id": "osm:node:8563925021", "type": "kindergarten", "name": "Kita Loftikus", "source": "OpenStreetMap/Overpass"}}, {"type": "Feature", "geometry": {"type": "Point", "coordinates": [8.6955044, 50.0976723]}, "properties": {"id": "osm:node:8563925022", "type": "kindergarten", "name": "Kita am Henninger Turm", "source": "OpenStreetMap/Overpass"}}, {"type": "Feature", "geometry": {"type": "Point", "coordinates": [8.6859663, 50.0944188]}, "properties": {"id": "osm:node:8563925024", "type": "kindergarten", "name": "Mainkrokodile gGmbH, Kinderhaus 2", "source": "OpenStreetMap/Overpass"}}, {"type": "Feature", "geometry": {"type": "Point", "coordinates": [8.6894712, 50.0924]}, "properties": {"id": "osm:node:8563925025", "type": "kindergarten", "name": "Kindercampus", "source": "OpenStreetMap/Overpass"}}, {"type": "Feature", "geometry": {"type": "Point", "coordinates": [8.7262598, 50.0976734]}, "properties": {"id": "osm:node:8563925041", "type": "kindergarten", "name": "Gruni-Hort Förderverein Gruneliusschule e.V.", "source": "OpenStreetMap/Overpass"}}, {"type": "Feature", "geometry": {"type": "Point", "coordinates": [8.7197945, 50.0960482]}, "properties": {"id": "osm:node:8563925042", "type": "kindergarten", "name": "Kita U3 Goldbergweg", "source": "OpenStreetMap/Overpass"}}, {"type": "Feature", "geometry": {"type": "Point", "coordinates": [8.7243331, 50.0981646]}, "properties": {"id": "osm:node:8563925044", "type": "kindergarten", "name": "Ki.Bi.Z Buchrain", "source": "OpenStreetMap/Overpass"}}, {"type": "Feature", "geometry": {"type": "Point", "coordinates": [8.7277443, 50.1006156]}, "properties": {"id": "osm:node:8563925045", "type": "kindergarten", "name": "Tausendfüßler", "source": "OpenStreetMap/Overpass"}}, {"type": "Feature", "geometry": {"type": "Point", "coordinates": [8.7257471, 50.0991844]}, "properties": {"id": "osm:node:8563925046", "type": "kindergarten", "name": "Ki.Bi.Z de-Neufville", "source": "OpenStreetMap/Overpass"}}, {"type": "Feature", "geometry": {"type": "Point", "coordinates": [8.5750529, 50.0882774]}, "properties": {"id": "osm:node:8653205461", "type": "kindergarten", "name": "Santa Lucia", "source": "OpenStreetMap/Overpass"}}, {"type": "Feature", "geometry": {"type": "Point", "coordinates": [8.6414358, 50.086066]}, "properties": {"id": "osm:node:8653222595", "type": "kindergarten", "name": "Grüne Insel I", "source": "OpenStreetMap/Overpass"}}, {"type": "Feature", "geometry": {"type": "Point", "coordinates": [8.6684301, 50.0924758]}, "properties": {"id": "osm:node:8724524401", "type": "kindergarten", "name": "Krabbelstube Heimatring", "source": "OpenStreetMap/Overpass"}}, {"type": "Feature", "geometry": {"type": "Point", "coordinates": [8.6689424, 50.0926978]}, "properties": {"id": "osm:node:8724524402", "type": "kindergarten", "name": "Kleine Entdecker", "source": "OpenStreetMap/Overpass"}}, {"type": "Feature", "geometry": {"type": "Point", "coordinates": [8.6665177, 50.097834]}, "properties": {"id": "osm:node:8724524404", "type": "kindergarten", "name": "Freie Schule Frankfurt Vogelweidstraße", "source": "OpenStreetMap/Overpass"}}, {"type": "Feature", "geometry": {"type": "Point", "coordinates": [8.6761442, 50.0885798]}, "properties": {"id": "osm:node:8724524405", "type": "kindergarten", "name": "", "source": "OpenStreetMap/Overpass"}}, {"type": "Feature", "geometry": {"type": "Point", "coordinates": [8.6734271, 50.0935805]}, "properties": {"id": "osm:node:8724524406", "type": "kindergarten", "name": "Erweiterte Schulische Betreuung der Riedhofschule", "source": "OpenStreetMap/Overpass"}}, {"type": "Feature", "geometry": {"type": "Point", "coordinates": [8.6718124, 50.093849]}, "properties": {"id": "osm:node:8724524407", "type": "kindergarten", "name": "Kita Wolkentanz", "source": "OpenStreetMap/Overpass"}}, {"type": "Feature", "geometry": {"type": "Point", "coordinates": [8.6727136, 50.0988061]}, "properties": {"id": "osm:node:8724524408", "type": "kindergarten", "name": "Kids Camp Kennedyalle", "source": "OpenStreetMap/Overpass"}}, {"type": "Feature", "geometry": {"type": "Point", "coordinates": [8.672078, 50.0982607]}, "properties": {"id": "osm:node:8724524409", "type": "kindergarten", "name": "Mainkrokodile gGmbH, Kinderhaus 6", "source": "OpenStreetMap/Overpass"}}, {"type": "Feature", "geometry": {"type": "Point", "coordinates": [8.678365, 50.0969909]}, "properties": {"id": "osm:node:8724524410", "type": "kindergarten", "name": "AWO Kindertagesstätte Holbeinviertel", "source": "OpenStreetMap/Overpass"}}, {"type": "Feature", "geometry": {"type": "Point", "coordinates": [8.6742908, 50.0976017]}, "properties": {"id": "osm:node:8724543325", "type": "kindergarten", "name": "Mainkrokodile gGmbH, Kinderhaus 3", "source": "OpenStreetMap/Overpass"}}, {"type": "Feature", "geometry": {"type": "Point", "coordinates": [8.6260807, 50.0800261]}, "properties": {"id": "osm:node:8724927192", "type": "kindergarten", "name": "Kita Nesthäkchen", "source": "OpenStreetMap/Overpass"}}, {"type": "Feature", "geometry": {"type": "Point", "coordinates": [8.6323732, 50.0785493]}, "properties": {"id": "osm:node:8724927193", "type": "kindergarten", "name": "Madeleine Delbrêl", "source": "OpenStreetMap/Overpass"}}, {"type": "Feature", "geometry": {"type": "Point", "coordinates": [8.6453363, 50.0815167]}, "properties": {"id": "osm:node:8724927195", "type": "kindergarten", "name": "Kinderhaus der Evangelische Paul-Gerhardt-Gemeinde", "source": "OpenStreetMap/Overpass"}}, {"type": "Feature", "geometry": {"type": "Point", "coordinates": [8.6468853, 50.0827129]}, "properties": {"id": "osm:node:8724927196", "type": "kindergarten", "name": "Hokus Pokus", "source": "OpenStreetMap/Overpass"}}, {"type": "Feature", "geometry": {"type": "Point", "coordinates": [8.6505505, 50.0827525]}, "properties": {"id": "osm:node:8724927197", "type": "kindergarten", "name": "Internationale Krabbelstube Rennmäuse", "source": "OpenStreetMap/Overpass"}}, {"type": "Feature", "geometry": {"type": "Point", "coordinates": [8.6480534, 50.083317]}, "properties": {"id": "osm:node:8724927198", "type": "kindergarten", "name": "Spatzenest", "source": "OpenStreetMap/Overpass"}}, {"type": "Feature", "geometry": {"type": "Point", "coordinates": [8.6493824, 50.0839219]}, "properties": {"id": "osm:node:8724927199", "type": "kindergarten", "name": "Schwarzwaldwichtel", "source": "OpenStreetMap/Overpass"}}, {"type": "Feature", "geometry": {"type": "Point", "coordinates": [8.6434199, 50.0867539]}, "properties": {"id": "osm:node:8724927200", "type": "kindergarten", "name": "Kinderzentrum Bruchfeldstraße (KiZ 64)", "source": "OpenStreetMap/Overpass"}}, {"type": "Feature", "geometry": {"type": "Point", "coordinates": [8.6424315, 50.0893473]}, "properties": {"id": "osm:node:8724927201", "type": "kindergarten", "name": "IFZ Kita KiFaZ Niederrad", "source": "OpenStreetMap/Overpass"}}, {"type": "Feature", "geometry": {"type": "Point", "coordinates": [8.6445218, 50.0883939]}, "properties": {"id": "osm:node:8724927202", "type": "kindergarten", "name": "Erasmus Kita Regenbogen", "source": "OpenStreetMap/Overpass"}}, {"type": "Feature", "geometry": {"type": "Point", "coordinates": [8.6506482, 50.0886594]}, "properties": {"id": "osm:node:8724927203", "type": "kindergarten", "name": "ESB an der Frauenhofschule", "source": "OpenStreetMap/Overpass"}}, {"type": "Feature", "geometry": {"type": "Point", "coordinates": [8.6510306, 50.0925698]}, "properties": {"id": "osm:node:8724927204", "type": "kindergarten", "name": "Krabbelstube Hippocampus", "source": "OpenStreetMap/Overpass"}}, {"type": "Feature", "geometry": {"type": "Point", "coordinates": [8.5850765, 50.0871988]}, "properties": {"id": "osm:node:8725092015", "type": "kindergarten", "name": "KiTa Sternenreich", "source": "OpenStreetMap/Overpass"}}, {"type": "Feature", "geometry": {"type": "Point", "coordinates": [8.5847586, 50.0864441]}, "properties": {"id": "osm:node:8725092016", "type": "kindergarten", "name": "Schwanheimer Küken", "source": "OpenStreetMap/Overpass"}}, {"type": "Feature", "geometry": {"type": "Point", "coordinates": [8.5850993, 50.0854124]}, "properties": {"id": "osm:node:8725099517", "type": "kindergarten", "name": "Bunte Schwäne", "source": "OpenStreetMap/Overpass"}}, {"type": "Feature", "geometry": {"type": "Point", "coordinates": [8.5857511, 50.0844185]}, "properties": {"id": "osm:node:8725099518", "type": "kindergarten", "name": "Kosmos", "source": "OpenStreetMap/Overpass"}}, {"type": "Feature", "geometry": {"type": "Point", "coordinates": [8.5869178, 50.085766]}, "properties": {"id": "osm:node:8725099519", "type": "kindergarten", "name": "Erweiterte Schulische Betreuung der Minna-Specht-Schule", "source": "OpenStreetMap/Overpass"}}, {"type": "Feature", "geometry": {"type": "Point", "coordinates": [8.601215, 50.0835934]}, "properties": {"id": "osm:node:8725099520", "type": "kindergarten", "name": "Hort im Kinderhaus Goldstein", "source": "OpenStreetMap/Overpass"}}, {"type": "Feature", "geometry": {"type": "Point", "coordinates": [8.6093786, 50.0832946]}, "properties": {"id": "osm:node:8725099521", "type": "kindergarten", "name": "Kita Dankeskirche", "source": "OpenStreetMap/Overpass"}}, {"type": "Feature", "geometry": {"type": "Point", "coordinates": [8.6061052, 50.0789926]}, "properties": {"id": "osm:node:8725099522", "type": "kindergarten", "name": "Kinderzentrum Am Wildpfad (KiZ 105)", "source": "OpenStreetMap/Overpass"}}, {"type": "Feature", "geometry": {"type": "Point", "coordinates": [8.6072329, 50.0801552]}, "properties": {"id": "osm:node:8725099523", "type": "kindergarten", "name": "Erweiterte Schulische Betreuung der Goldsteinschule", "source": "OpenStreetMap/Overpass"}}, {"type": "Feature", "geometry": {"type": "Point", "coordinates": [8.6072543, 50.080453]}, "properties": {"id": "osm:node:8725099524", "type": "kindergarten", "name": "Budenzauber", "source": "OpenStreetMap/Overpass"}}, {"type": "Feature", "geometry": {"type": "Point", "coordinates": [8.6082907, 50.0812962]}, "properties": {"id": "osm:node:8725099526", "type": "kindergarten", "name": "Kindertagesstätte St. Johannes Goldstein", "source": "OpenStreetMap/Overpass"}}, {"type": "Feature", "geometry": {"type": "Point", "coordinates": [8.5734029, 50.0861621]}, "properties": {"id": "osm:node:8725678568", "type": "kindergarten", "name": "Krabbelstube Habakuk", "source": "OpenStreetMap/Overpass"}}, {"type": "Feature", "geometry": {"type": "Point", "coordinates": [8.5770698, 50.0847839]}, "properties": {"id": "osm:node:8725678569", "type": "kindergarten", "name": "Waldkindergarten Schwanheim", "source": "OpenStreetMap/Overpass"}}, {"type": "Feature", "geometry": {"type": "Point", "coordinates": [8.506536, 50.1001722]}, "properties": {"id": "osm:node:8725849194", "type": "kindergarten", "name": "Kita St. Stephan", "source": "OpenStreetMap/Overpass"}}, {"type": "Feature", "geometry": {"type": "Point", "coordinates": [8.503139, 50.1014282]}, "properties": {"id": "osm:node:8725849195", "type": "kindergarten", "name": "", "source": "OpenStreetMap/Overpass"}}, {"type": "Feature", "geometry": {"type": "Point", "coordinates": [8.4952158, 50.0934721]}, "properties": {"id": "osm:node:8725849197", "type": "kindergarten", "name": "Erweiterte Schulische Betreuung der Käthe-Kollwitz-Schule", "source": "OpenStreetMap/Overpass"}}, {"type": "Feature", "geometry": {"type": "Point", "coordinates": [8.5118522, 50.0875602]}, "properties": {"id": "osm:node:8725849200", "type": "kindergarten", "name": "Himpelchen & Pimpelchen", "source": "OpenStreetMap/Overpass"}}, {"type": "Feature", "geometry": {"type": "Point", "coordinates": [8.5045284, 50.0876023]}, "properties": {"id": "osm:node:8725849201", "type": "kindergarten", "name": "Erweiterte Schulische Betreuung der Ludwig-Weber-Schule \"Glückspilze\"", "source": "OpenStreetMap/Overpass"}}, {"type": "Feature", "geometry": {"type": "Point", "coordinates": [8.5040617, 50.0861808]}, "properties": {"id": "osm:node:8725849202", "type": "kindergarten", "name": "ISF International School", "source": "OpenStreetMap/Overpass"}}, {"type": "Feature", "geometry": {"type": "Point", "coordinates": [8.5073554, 50.0855957]}, "properties": {"id": "osm:node:8725849203", "type": "kindergarten", "name": "Die Waschbären", "source": "OpenStreetMap/Overpass"}}, {"type": "Feature", "geometry": {"type": "Point", "coordinates": [8.5129157, 50.0830416]}, "properties": {"id": "osm:node:8725849204", "type": "kindergarten", "name": "Kinderzentrum Pfingstbornstr. (KiZ 31)", "source": "OpenStreetMap/Overpass"}}, {"type": "Feature", "geometry": {"type": "Point", "coordinates": [8.7538303, 50.1123105]}, "properties": {"id": "osm:node:8808547412", "type": "kindergarten", "name": "Kita am Hafen", "source": "OpenStreetMap/Overpass"}}, {"type": "Feature", "geometry": {"type": "Point", "coordinates": [8.7524191, 50.1123048]}, "properties": {"id": "osm:node:8808547413", "type": "kindergarten", "name": "Kita Hafenallee", "source": "OpenStreetMap/Overpass"}}, {"type": "Feature", "geometry": {"type": "Point", "coordinates": [8.7550437, 50.1088922]}, "properties": {"id": "osm:node:8825924789", "type": "kindergarten", "name": "Kindertagesstätte 15", "source": "OpenStreetMap/Overpass"}}, {"type": "Feature", "geometry": {"type": "Point", "coordinates": [8.7562767, 50.1067782]}, "properties": {"id": "osm:node:8916089782", "type": "kindergarten", "name": "Kleine Einsteins", "source": "OpenStreetMap/Overpass"}}, {"type": "Feature", "geometry": {"type": "Point", "coordinates": [8.7544074, 50.1060735]}, "properties": {"id": "osm:node:8971387994", "type": "kindergarten", "name": "Erasmus", "source": "OpenStreetMap/Overpass"}}, {"type": "Feature", "geometry": {"type": "Point", "coordinates": [8.5366348, 50.1095333]}, "properties": {"id": "osm:node:9256226612", "type": "kindergarten", "name": "Kita am Liederbach", "source": "OpenStreetMap/Overpass"}}, {"type": "Feature", "geometry": {"type": "Point", "coordinates": [8.7130168, 50.1422304]}, "properties": {"id": "osm:node:9332327008", "type": "kindergarten", "name": "Naturkindergarten \"Hoppits am Huthpark\"", "source": "OpenStreetMap/Overpass"}}, {"type": "Feature", "geometry": {"type": "Point", "coordinates": [8.7133258, 50.1270889]}, "properties": {"id": "osm:node:9399448412", "type": "kindergarten", "name": "Kleine Freunde", "source": "OpenStreetMap/Overpass"}}, {"type": "Feature", "geometry": {"type": "Point", "coordinates": [8.6778585, 50.1396058]}, "properties": {"id": "osm:node:9429826717", "type": "childcare", "name": "Hoppetosse", "source": "OpenStreetMap/Overpass"}}, {"type": "Feature", "geometry": {"type": "Point", "coordinates": [8.6425341, 50.1021521]}, "properties": {"id": "osm:node:9530309849", "type": "kindergarten", "name": "Kita Kleyerstraße", "source": "OpenStreetMap/Overpass"}}, {"type": "Feature", "geometry": {"type": "Point", "coordinates": [8.6498096, 50.1228623]}, "properties": {"id": "osm:node:9531051366", "type": "kindergarten", "name": "Internationale Kita Curumim", "source": "OpenStreetMap/Overpass"}}, {"type": "Feature", "geometry": {"type": "Point", "coordinates": [8.5610196, 50.1180633]}, "properties": {"id": "osm:node:9681839418", "type": "kindergarten", "name": "KiTa Farbenland", "source": "OpenStreetMap/Overpass"}}, {"type": "Feature", "geometry": {"type": "Point", "coordinates": [8.6820022, 50.2221207]}, "properties": {"id": "osm:node:9752265436", "type": "kindergarten", "name": "St. Lucia", "source": "OpenStreetMap/Overpass"}}, {"type": "Feature", "geometry": {"type": "Point", "coordinates": [8.7443584, 50.1060285]}, "properties": {"id": "osm:node:9779284514", "type": "kindergarten", "name": "Kita 24", "source": "OpenStreetMap/Overpass"}}, {"type": "Feature", "geometry": {"type": "Point", "coordinates": [8.7575816, 50.1087608]}, "properties": {"id": "osm:node:9797498600", "type": "kindergarten", "name": "KiTa Kaiserstrolche", "source": "OpenStreetMap/Overpass"}}, {"type": "Feature", "geometry": {"type": "Point", "coordinates": [8.6455924, 50.1425]}, "properties": {"id": "osm:node:9843560613", "type": "school", "name": "Diesterwegschule", "source": "OpenStreetMap/Overpass"}}, {"type": "Feature", "geometry": {"type": "Point", "coordinates": [8.6522338, 50.1382565]}, "properties": {"id": "osm:node:9906683867", "type": "kindergarten", "name": "Le Jardin", "source": "OpenStreetMap/Overpass"}}, {"type": "Feature", "geometry": {"type": "Point", "coordinates": [8.6507372, 50.0969771]}, "properties": {"id": "osm:node:9925583525", "type": "school", "name": "Hermann-Herzog-Schule", "source": "OpenStreetMap/Overpass"}}, {"type": "Feature", "geometry": {"type": "Point", "coordinates": [8.649787, 50.0976581]}, "properties": {"id": "osm:node:9925583526", "type": "school", "name": "Schule am Sommerhoffpark", "source": "OpenStreetMap/Overpass"}}, {"type": "Feature", "geometry": {"type": "Point", "coordinates": [8.6981928, 50.1119637]}, "properties": {"id": "osm:node:9954817241", "type": "school", "name": "Abendhaupt- und Abendrealschule", "source": "OpenStreetMap/Overpass"}}, {"type": "Feature", "geometry": {"type": "Point", "coordinates": [8.674913, 50.1183572]}, "properties": {"id": "osm:node:9956488347", "type": "kindergarten", "name": "Montessori-Kinderhaus", "source": "OpenStreetMap/Overpass"}}, {"type": "Feature", "geometry": {"type": "Point", "coordinates": [8.5525914, 50.1072456]}, "properties": {"id": "osm:node:9969972721", "type": "school", "name": "Fritz-Redl-Schule", "source": "OpenStreetMap/Overpass"}}, {"type": "Feature", "geometry": {"type": "Point", "coordinates": [8.6487928, 50.0920349]}, "properties": {"id": "osm:node:9979532941", "type": "school", "name": "Hochschule Fresenius", "source": "OpenStreetMap/Overpass"}}, {"type": "Feature", "geometry": {"type": "Point", "coordinates": [8.6811106, 50.1657006]}, "properties": {"id": "osm:node:9985738272", "type": "school", "name": "IKS - Interkulturelle Schule Rhein Main", "source": "OpenStreetMap/Overpass"}}, {"type": "Feature", "geometry": {"type": "Point", "coordinates": [8.6625127, 50.1376734]}, "properties": {"id": "osm:node:9985837823", "type": "school", "name": "Margarete-Steiff-Schule", "source": "OpenStreetMap/Overpass"}}, {"type": "Feature", "geometry": {"type": "Point", "coordinates": [8.6814069, 50.1166317]}, "properties": {"id": "osm:node:9988538764", "type": "school", "name": "Main Schule", "source": "OpenStreetMap/Overpass"}}, {"type": "Feature", "geometry": {"type": "Point", "coordinates": [8.7635086, 50.147795]}, "properties": {"id": "osm:node:10001516079", "type": "school", "name": "Schule am Hang (Auslagerungsstandort)", "source": "OpenStreetMap/Overpass"}}, {"type": "Feature", "geometry": {"type": "Point", "coordinates": [8.6493335, 50.1046684]}, "properties": {"id": "osm:node:10002261849", "type": "school", "name": "SRH Fachschule für Sozialpädagogik", "source": "OpenStreetMap/Overpass"}}, {"type": "Feature", "geometry": {"type": "Point", "coordinates": [8.6199744, 50.113984]}, "properties": {"id": "osm:node:10093671966", "type": "kindergarten", "name": "AWO Kita Da-Vinci-Garten", "source": "OpenStreetMap/Overpass"}}, {"type": "Feature", "geometry": {"type": "Point", "coordinates": [8.6457605, 50.1215711]}, "properties": {"id": "osm:node:10128965702", "type": "kindergarten", "name": "Kinderzentrum Rohmerplatz A (KIZ 142)", "source": "OpenStreetMap/Overpass"}}, {"type": "Feature", "geometry": {"type": "Point", "coordinates": [8.5980678, 50.0975084]}, "properties": {"id": "osm:node:10143420496", "type": "kindergarten", "name": "Griesheimer Eichhörnchen", "source": "OpenStreetMap/Overpass"}}, {"type": "Feature", "geometry": {"type": "Point", "coordinates": [8.6393242, 50.103361]}, "properties": {"id": "osm:node:10148002135", "type": "kindergarten", "name": "KiFaZ", "source": "OpenStreetMap/Overpass"}}, {"type": "Feature", "geometry": {"type": "Point", "coordinates": [8.7381536, 50.1916324]}, "properties": {"id": "osm:node:10149220776", "type": "kindergarten", "name": "Kita Quellenhüpfer", "source": "OpenStreetMap/Overpass"}}, {"type": "Feature", "geometry": {"type": "Point", "coordinates": [8.7079927, 50.2044118]}, "properties": {"id": "osm:node:10219984458", "type": "kindergarten", "name": "Krabbelstube Raupennest", "source": "OpenStreetMap/Overpass"}}, {"type": "Feature", "geometry": {"type": "Point", "coordinates": [8.6723146, 50.134219]}, "properties": {"id": "osm:node:10232637076", "type": "childcare", "name": "Krabbelstube Dornbuschläufer", "source": "OpenStreetMap/Overpass"}}, {"type": "Feature", "geometry": {"type": "Point", "coordinates": [8.6844952, 50.1177946]}, "properties": {"id": "osm:node:10733452206", "type": "kindergarten", "name": "Kinderzentrum Bleichstraße", "source": "OpenStreetMap/Overpass"}}, {"type": "Feature", "geometry": {"type": "Point", "coordinates": [8.622082, 50.1658393]}, "properties": {"id": "osm:node:10749414531", "type": "kindergarten", "name": "Kita Kunstpiraten", "source": "OpenStreetMap/Overpass"}}, {"type": "Feature", "geometry": {"type": "Point", "coordinates": [8.6625274, 50.1829418]}, "properties": {"id": "osm:node:10759741490", "type": "kindergarten", "name": "Katholischer Kindergarten St. Bonifatius", "source": "OpenStreetMap/Overpass"}}, {"type": "Feature", "geometry": {"type": "Point", "coordinates": [8.636844, 50.1643545]}, "properties": {"id": "osm:node:10790008962", "type": "kindergarten", "name": "Deutsch-Polnischer Kindergarten Polanka", "source": "OpenStreetMap/Overpass"}}, {"type": "Feature", "geometry": {"type": "Point", "coordinates": [8.6460283, 50.1598803]}, "properties": {"id": "osm:node:10820094045", "type": "kindergarten", "name": "Kindertagesstätte St. Peter und Paul", "source": "OpenStreetMap/Overpass"}}, {"type": "Feature", "geometry": {"type": "Point", "coordinates": [8.639186, 50.0993842]}, "properties": {"id": "osm:node:10929721131", "type": "kindergarten", "name": "Stadthüpfer", "source": "OpenStreetMap/Overpass"}}, {"type": "Feature", "geometry": {"type": "Point", "coordinates": [8.5604773, 50.2124026]}, "properties": {"id": "osm:node:10963349762", "type": "kindergarten", "name": "", "source": "OpenStreetMap/Overpass"}}, {"type": "Feature", "geometry": {"type": "Point", "coordinates": [8.6530745, 50.1076601]}, "properties": {"id": "osm:node:10964266358", "type": "kindergarten", "name": "KI-BI-Z Güterplatz", "source": "OpenStreetMap/Overpass"}}, {"type": "Feature", "geometry": {"type": "Point", "coordinates": [8.633575, 50.0835307]}, "properties": {"id": "osm:node:10965790896", "type": "kindergarten", "name": "Kita Main-Monde", "source": "OpenStreetMap/Overpass"}}, {"type": "Feature", "geometry": {"type": "Point", "coordinates": [8.6030998, 50.1268966]}, "properties": {"id": "osm:node:10965803006", "type": "kindergarten", "name": "Kita Main-Sterne", "source": "OpenStreetMap/Overpass"}}, {"type": "Feature", "geometry": {"type": "Point", "coordinates": [8.6442762, 50.1194773]}, "properties": {"id": "osm:node:10965810540", "type": "kindergarten", "name": "Kita Main-Planeten", "source": "OpenStreetMap/Overpass"}}, {"type": "Feature", "geometry": {"type": "Point", "coordinates": [8.7083046, 50.1225694]}, "properties": {"id": "osm:node:10981065762", "type": "childcare", "name": "Krabbelstube Wulle", "source": "OpenStreetMap/Overpass"}}, {"type": "Feature", "geometry": {"type": "Point", "coordinates": [8.7565917, 50.0596098]}, "properties": {"id": "osm:node:11003257818", "type": "kindergarten", "name": "", "source": "OpenStreetMap/Overpass"}}, {"type": "Feature", "geometry": {"type": "Point", "coordinates": [8.6390354, 50.1263707]}, "properties": {"id": "osm:node:11186808741", "type": "kindergarten", "name": "Katholischer Kindergarten \"Die Arche\"", "source": "OpenStreetMap/Overpass"}}, {"type": "Feature", "geometry": {"type": "Point", "coordinates": [8.4789522, 50.1950331]}, "properties": {"id": "osm:node:11300586445", "type": "kindergarten", "name": "Waldkindergarten Trullige Trolle", "source": "OpenStreetMap/Overpass"}}, {"type": "Feature", "geometry": {"type": "Point", "coordinates": [8.7093516, 50.1282865]}, "properties": {"id": "osm:node:11341434871", "type": "childcare", "name": "Krabbelstube Bimmelbahn", "source": "OpenStreetMap/Overpass"}}, {"type": "Feature", "geometry": {"type": "Point", "coordinates": [8.6327515, 50.1590827]}, "properties": {"id": "osm:node:11398103465", "type": "childcare", "name": "Kinderhaus Nordweststadt", "source": "OpenStreetMap/Overpass"}}, {"type": "Feature", "geometry": {"type": "Point", "coordinates": [8.6837921, 50.1196186]}, "properties": {"id": "osm:node:11456202775", "type": "kindergarten", "name": "Pinocchio", "source": "OpenStreetMap/Overpass"}}, {"type": "Feature", "geometry": {"type": "Point", "coordinates": [8.6772867, 50.1333773]}, "properties": {"id": "osm:node:11465312077", "type": "kindergarten", "name": "Don Bosco", "source": "OpenStreetMap/Overpass"}}, {"type": "Feature", "geometry": {"type": "Point", "coordinates": [8.6772212, 50.1334128]}, "properties": {"id": "osm:node:11505205713", "type": "childcare", "name": "Kindertagesstätte Don Bosco", "source": "OpenStreetMap/Overpass"}}, {"type": "Feature", "geometry": {"type": "Point", "coordinates": [8.7354884, 50.1088447]}, "properties": {"id": "osm:node:11528395989", "type": "kindergarten", "name": "Kids Camp", "source": "OpenStreetMap/Overpass"}}, {"type": "Feature", "geometry": {"type": "Point", "coordinates": [8.6570742, 50.1091567]}, "properties": {"id": "osm:node:11585362873", "type": "school", "name": "Genussakademie Medienhaus", "source": "OpenStreetMap/Overpass"}}, {"type": "Feature", "geometry": {"type": "Point", "coordinates": [8.648054, 50.1241473]}, "properties": {"id": "osm:node:11619398541", "type": "kindergarten", "name": "Hort Sophien 45", "source": "OpenStreetMap/Overpass"}}, {"type": "Feature", "geometry": {"type": "Point", "coordinates": [8.6482935, 50.1236978]}, "properties": {"id": "osm:node:11619398542", "type": "kindergarten", "name": "Krabbelstube Am Weingarten", "source": "OpenStreetMap/Overpass"}}, {"type": "Feature", "geometry": {"type": "Point", "coordinates": [8.6469797, 50.1239941]}, "properties": {"id": "osm:node:11619398543", "type": "kindergarten", "name": "IFZ Hort Falkstraße", "source": "OpenStreetMap/Overpass"}}, {"type": "Feature", "geometry": {"type": "Point", "coordinates": [8.6435209, 50.1245631]}, "properties": {"id": "osm:node:11619398544", "type": "kindergarten", "name": "Krabbelstube Tausendfüßler", "source": "OpenStreetMap/Overpass"}}, {"type": "Feature", "geometry": {"type": "Point", "coordinates": [8.6438772, 50.1245496]}, "properties": {"id": "osm:node:11619398545", "type": "kindergarten", "name": "Kids Bockenheim", "source": "OpenStreetMap/Overpass"}}, {"type": "Feature", "geometry": {"type": "Point", "coordinates": [8.6436142, 50.1253137]}, "properties": {"id": "osm:node:11619398546", "type": "kindergarten", "name": "Internationaler Hort Basaltstraße", "source": "OpenStreetMap/Overpass"}}, {"type": "Feature", "geometry": {"type": "Point", "coordinates": [8.6409639, 50.1273702]}, "properties": {"id": "osm:node:11619398547", "type": "kindergarten", "name": "Kinder- und Schülerladen \"Wilde 13\"", "source": "OpenStreetMap/Overpass"}}, {"type": "Feature", "geometry": {"type": "Point", "coordinates": [8.6414201, 50.1277442]}, "properties": {"id": "osm:node:11619398548", "type": "kindergarten", "name": "Waldkiga Waldmonster", "source": "OpenStreetMap/Overpass"}}, {"type": "Feature", "geometry": {"type": "Point", "coordinates": [8.6441029, 50.120335]}, "properties": {"id": "osm:node:11619398549", "type": "kindergarten", "name": "Krabbelstube Moses", "source": "OpenStreetMap/Overpass"}}, {"type": "Feature", "geometry": {"type": "Point", "coordinates": [8.6393496, 50.1219087]}, "properties": {"id": "osm:node:11619398550", "type": "kindergarten", "name": "Deutsch-spanischer Kindergarten 2SonMás", "source": "OpenStreetMap/Overpass"}}, {"type": "Feature", "geometry": {"type": "Point", "coordinates": [8.6465867, 50.119499]}, "properties": {"id": "osm:node:11619398551", "type": "kindergarten", "name": "Griechisch-Deutscher Kindergarten", "source": "OpenStreetMap/Overpass"}}, {"type": "Feature", "geometry": {"type": "Point", "coordinates": [8.6481026, 50.1207736]}, "properties": {"id": "osm:node:11627567362", "type": "kindergarten", "name": "Spielraum im Stadtteil e.V. - Kinderladen", "source": "OpenStreetMap/Overpass"}}, {"type": "Feature", "geometry": {"type": "Point", "coordinates": [8.6355607, 50.1230407]}, "properties": {"id": "osm:node:11638205812", "type": "kindergarten", "name": "Krabbelstube \"Die Schönhof 12\"", "source": "OpenStreetMap/Overpass"}}, {"type": "Feature", "geometry": {"type": "Point", "coordinates": [8.6443586, 50.1169969]}, "properties": {"id": "osm:node:11638503904", "type": "kindergarten", "name": "Krabbelstube Jupp & Jule", "source": "OpenStreetMap/Overpass"}}, {"type": "Feature", "geometry": {"type": "Point", "coordinates": [8.6454108, 50.1167944]}, "properties": {"id": "osm:node:11638548294", "type": "kindergarten", "name": "Multikulturelles Kinderhaus „Kinderinsel“", "source": "OpenStreetMap/Overpass"}}, {"type": "Feature", "geometry": {"type": "Point", "coordinates": [8.6491001, 50.117624]}, "properties": {"id": "osm:node:11638574521", "type": "kindergarten", "name": "Fintosch International Toddler School & Kindergarten", "source": "OpenStreetMap/Overpass"}}, {"type": "Feature", "geometry": {"type": "Point", "coordinates": [8.6501681, 50.1193695]}, "properties": {"id": "osm:node:11638655586", "type": "kindergarten", "name": "Kindertagesstätte \"St. Katharina\"", "source": "OpenStreetMap/Overpass"}}, {"type": "Feature", "geometry": {"type": "Point", "coordinates": [8.6438484, 50.1219795]}, "properties": {"id": "osm:node:11638769364", "type": "kindergarten", "name": "Kita Wortreich", "source": "OpenStreetMap/Overpass"}}, {"type": "Feature", "geometry": {"type": "Point", "coordinates": [8.6460529, 50.1214099]}, "properties": {"id": "osm:node:11638779498", "type": "kindergarten", "name": "Kinderzentrum Rohmerplatz B (KIZ 153)", "source": "OpenStreetMap/Overpass"}}, {"type": "Feature", "geometry": {"type": "Point", "coordinates": [8.6451524, 50.1245939]}, "properties": {"id": "osm:node:11638824991", "type": "kindergarten", "name": "Erweiterte Schulische Betreuung der Franckeschule", "source": "OpenStreetMap/Overpass"}}, {"type": "Feature", "geometry": {"type": "Point", "coordinates": [8.6456235, 50.1249939]}, "properties": {"id": "osm:node:11640354802", "type": "kindergarten", "name": "Kinderwerkstatt", "source": "OpenStreetMap/Overpass"}}, {"type": "Feature", "geometry": {"type": "Point", "coordinates": [8.6423195, 50.1288362]}, "properties": {"id": "osm:node:11640485913", "type": "kindergarten", "name": "Jardin Palmito", "source": "OpenStreetMap/Overpass"}}, {"type": "Feature", "geometry": {"type": "Point", "coordinates": [8.6416515, 50.12841]}, "properties": {"id": "osm:node:11640499471", "type": "kindergarten", "name": "Integrativer Kindergarten Bockenheim", "source": "OpenStreetMap/Overpass"}}, {"type": "Feature", "geometry": {"type": "Point", "coordinates": [8.6450422, 50.1156162]}, "properties": {"id": "osm:node:11640517353", "type": "kindergarten", "name": "ESB Bonifatiusschule", "source": "OpenStreetMap/Overpass"}}, {"type": "Feature", "geometry": {"type": "Point", "coordinates": [8.6951735, 50.1235834]}, "properties": {"id": "osm:node:11648562960", "type": "childcare", "name": "Kindertagesstätte „Feuerwache“", "source": "OpenStreetMap/Overpass"}}, {"type": "Feature", "geometry": {"type": "Point", "coordinates": [8.7132776, 50.12983]}, "properties": {"id": "osm:node:11677412789", "type": "kindergarten", "name": "Les Oursons", "source": "OpenStreetMap/Overpass"}}, {"type": "Feature", "geometry": {"type": "Point", "coordinates": [8.5701812, 50.1346657]}, "properties": {"id": "osm:node:11685717682", "type": "kindergarten", "name": "LittleRocket", "source": "OpenStreetMap/Overpass"}}, {"type": "Feature", "geometry": {"type": "Point", "coordinates": [8.6473929, 50.122865]}, "properties": {"id": "osm:node:11753345649", "type": "kindergarten", "name": "Kinderhaus Am Weingarten", "source": "OpenStreetMap/Overpass"}}, {"type": "Feature", "geometry": {"type": "Point", "coordinates": [8.6392159, 50.125885]}, "properties": {"id": "osm:node:11753365943", "type": "kindergarten", "name": "Kinderwerkstatt bockenheim e.V.", "source": "OpenStreetMap/Overpass"}}, {"type": "Feature", "geometry": {"type": "Point", "coordinates": [8.7077754, 50.1183133]}, "properties": {"id": "osm:node:11777130454", "type": "kindergarten", "name": "Kindertagesstätte Kinderarche", "source": "OpenStreetMap/Overpass"}}, {"type": "Feature", "geometry": {"type": "Point", "coordinates": [8.6876361, 50.1130415]}, "properties": {"id": "osm:node:11777222447", "type": "kindergarten", "name": "Krabbelstube Aaron", "source": "OpenStreetMap/Overpass"}}, {"type": "Feature", "geometry": {"type": "Point", "coordinates": [8.6899421, 50.1133552]}, "properties": {"id": "osm:node:11777229659", "type": "kindergarten", "name": "Krabbelstube Jek, Dui Trin", "source": "OpenStreetMap/Overpass"}}, {"type": "Feature", "geometry": {"type": "Point", "coordinates": [8.6925665, 50.1119118]}, "properties": {"id": "osm:node:11777236082", "type": "kindergarten", "name": "Kinderzentrum Lange Straße 25B", "source": "OpenStreetMap/Overpass"}}, {"type": "Feature", "geometry": {"type": "Point", "coordinates": [8.6925473, 50.1118141]}, "properties": {"id": "osm:node:11777236083", "type": "kindergarten", "name": "Kinderzentrum Lange Straße 25A", "source": "OpenStreetMap/Overpass"}}, {"type": "Feature", "geometry": {"type": "Point", "coordinates": [8.7024395, 50.1056124]}, "properties": {"id": "osm:node:11781255054", "type": "childcare", "name": "Kinderladen Fantasia", "source": "OpenStreetMap/Overpass"}}, {"type": "Feature", "geometry": {"type": "Point", "coordinates": [8.7044217, 50.1271016]}, "properties": {"id": "osm:node:11795637634", "type": "childcare", "name": "Kinderladen Wilde Kerle", "source": "OpenStreetMap/Overpass"}}, {"type": "Feature", "geometry": {"type": "Point", "coordinates": [8.6977854, 50.1281776]}, "properties": {"id": "osm:node:11919513470", "type": "childcare", "name": "Lummerland", "source": "OpenStreetMap/Overpass"}}, {"type": "Feature", "geometry": {"type": "Point", "coordinates": [8.5980747, 50.1226065]}, "properties": {"id": "osm:node:11942556082", "type": "school", "name": "Ludwig Fresenius Schulen Frankfurt (Rödelheim)", "source": "OpenStreetMap/Overpass"}}, {"type": "Feature", "geometry": {"type": "Point", "coordinates": [8.5032473, 50.1429068]}, "properties": {"id": "osm:node:11951580630", "type": "kindergarten", "name": "Kinderresidenz Bad Soden", "source": "OpenStreetMap/Overpass"}}, {"type": "Feature", "geometry": {"type": "Point", "coordinates": [8.7497383, 50.1001228]}, "properties": {"id": "osm:node:12061941230", "type": "school", "name": "Integrierte Gesamtschule", "source": "OpenStreetMap/Overpass"}}, {"type": "Feature", "geometry": {"type": "Point", "coordinates": [8.6528172, 50.1443903]}, "properties": {"id": "osm:node:12097243483", "type": "kindergarten", "name": "Schülerladen Roter Drache", "source": "OpenStreetMap/Overpass"}}, {"type": "Feature", "geometry": {"type": "Point", "coordinates": [8.6322879, 50.0813507]}, "properties": {"id": "osm:node:12133395034", "type": "kindergarten", "name": "Krabbelstube Kleine Niederräder", "source": "OpenStreetMap/Overpass"}}, {"type": "Feature", "geometry": {"type": "Point", "coordinates": [8.7506217, 50.1057899]}, "properties": {"id": "osm:node:12135767454", "type": "kindergarten", "name": "Kita 26", "source": "OpenStreetMap/Overpass"}}, {"type": "Feature", "geometry": {"type": "Point", "coordinates": [8.628539, 50.1251233]}, "properties": {"id": "osm:node:12141642630", "type": "school", "name": "Stadtgymnasium Frankfurt", "source": "OpenStreetMap/Overpass"}}, {"type": "Feature", "geometry": {"type": "Point", "coordinates": [8.6281195, 50.1249903]}, "properties": {"id": "osm:node:12141642633", "type": "school", "name": "Neues Gymnasium Frankfurt", "source": "OpenStreetMap/Overpass"}}, {"type": "Feature", "geometry": {"type": "Point", "coordinates": [8.6339356, 50.1210906]}, "properties": {"id": "osm:node:12292179685", "type": "kindergarten", "name": "Kindertagesstätte Gabriel", "source": "OpenStreetMap/Overpass"}}, {"type": "Feature", "geometry": {"type": "Point", "coordinates": [8.7140177, 50.1133564]}, "properties": {"id": "osm:node:12367995642", "type": "kindergarten", "name": "Mein Hafen", "source": "OpenStreetMap/Overpass"}}, {"type": "Feature", "geometry": {"type": "Point", "coordinates": [8.6917512, 50.1130047]}, "properties": {"id": "osm:node:12439512225", "type": "kindergarten", "name": "Kinderhaus Innenstadt", "source": "OpenStreetMap/Overpass"}}, {"type": "Feature", "geometry": {"type": "Point", "coordinates": [8.5512144, 50.1470014]}, "properties": {"id": "osm:node:12479107502", "type": "childcare", "name": "Zwergenburg KITA", "source": "OpenStreetMap/Overpass"}}, {"type": "Feature", "geometry": {"type": "Point", "coordinates": [8.6287292, 50.12137]}, "properties": {"id": "osm:node:12500908069", "type": "childcare", "name": "Fröbel Kindergarten Schönhof", "source": "OpenStreetMap/Overpass"}}, {"type": "Feature", "geometry": {"type": "Point", "coordinates": [8.6483087, 50.1613232]}, "properties": {"id": "osm:node:12507368934", "type": "childcare", "name": "Kichererbsen", "source": "OpenStreetMap/Overpass"}}, {"type": "Feature", "geometry": {"type": "Point", "coordinates": [8.6394088, 50.1080246]}, "properties": {"id": "osm:node:12643464356", "type": "childcare", "name": "Qilin", "source": "OpenStreetMap/Overpass"}}, {"type": "Feature", "geometry": {"type": "Point", "coordinates": [8.6479658, 50.107546]}, "properties": {"id": "osm:node:12729500684", "type": "childcare", "name": "Krabbelstube Kleine Monster", "source": "OpenStreetMap/Overpass"}}, {"type": "Feature", "geometry": {"type": "Point", "coordinates": [8.6421817, 50.1633638]}, "properties": {"id": "osm:node:12779136188", "type": "kindergarten", "name": "Schumann-Campus", "source": "OpenStreetMap/Overpass"}}, {"type": "Feature", "geometry": {"type": "Point", "coordinates": [8.651433, 50.0966399]}, "properties": {"id": "osm:node:12834723345", "type": "kindergarten", "name": "Kita MainZauber", "source": "OpenStreetMap/Overpass"}}, {"type": "Feature", "geometry": {"type": "Point", "coordinates": [8.7008126, 50.1271709]}, "properties": {"id": "osm:node:12884011799", "type": "childcare", "name": "Kindertagesstätte Eichwaldstraße", "source": "OpenStreetMap/Overpass"}}, {"type": "Feature", "geometry": {"type": "Point", "coordinates": [8.6950218, 50.0550399]}, "properties": {"id": "osm:node:12983073199", "type": "kindergarten", "name": "Kaleidoskop Frankfurter Straße", "source": "OpenStreetMap/Overpass"}}, {"type": "Feature", "geometry": {"type": "Point", "coordinates": [8.63008, 50.10677]}, "properties": {"id": "osm:node:12996205740", "type": "childcare", "name": "", "source": "OpenStreetMap/Overpass"}}, {"type": "Feature", "geometry": {"type": "Point", "coordinates": [8.6432973, 50.1224387]}, "properties": {"id": "osm:node:13055952833", "type": "kindergarten", "name": "Kinder Bildung Zukunft e.V.", "source": "OpenStreetMap/Overpass"}}, {"type": "Feature", "geometry": {"type": "Point", "coordinates": [8.6234354, 50.1079081]}, "properties": {"id": "osm:node:13075935425", "type": "kindergarten", "name": "KiTa Westside Tower", "source": "OpenStreetMap/Overpass"}}, {"type": "Feature", "geometry": {"type": "Point", "coordinates": [8.6848065, 50.1248665]}, "properties": {"id": "osm:node:13100045630", "type": "kindergarten", "name": "Keplerbande Schülerladen", "source": "OpenStreetMap/Overpass"}}, {"type": "Feature", "geometry": {"type": "Point", "coordinates": [8.6840116, 50.1220722]}, "properties": {"id": "osm:node:13104527366", "type": "school", "name": "Alexander-Puschkin-Schule", "source": "OpenStreetMap/Overpass"}}, {"type": "Feature", "geometry": {"type": "Point", "coordinates": [8.698074, 50.1103884]}, "properties": {"id": "osm:node:13179103465", "type": "school", "name": "Hessenkolleg Frankfurt", "source": "OpenStreetMap/Overpass"}}, {"type": "Feature", "geometry": {"type": "Point", "coordinates": [8.6315927, 50.1013576]}, "properties": {"id": "osm:node:13276177815", "type": "kindergarten", "name": "Kita Mainglöckchen", "source": "OpenStreetMap/Overpass"}}, {"type": "Feature", "geometry": {"type": "Point", "coordinates": [8.674996, 50.1674228]}, "properties": {"id": "osm:way:4616635", "type": "school", "name": "Albert-Schweitzer-Schule", "source": "OpenStreetMap/Overpass"}}, {"type": "Feature", "geometry": {"type": "Point", "coordinates": [8.6368693, 50.1514395]}, "properties": {"id": "osm:way:4794745", "type": "school", "name": "Geschwister-Scholl-Schule", "source": "OpenStreetMap/Overpass"}}, {"type": "Feature", "geometry": {"type": "Point", "coordinates": [8.6624773, 50.141807]}, "properties": {"id": "osm:way:4794753", "type": "school", "name": "Franz-Böhm-Schule", "source": "OpenStreetMap/Overpass"}}, {"type": "Feature", "geometry": {"type": "Point", "coordinates": [8.6758768, 50.1258802]}, "properties": {"id": "osm:way:4794774", "type": "school", "name": "Elisabethenschule", "source": "OpenStreetMap/Overpass"}}, {"type": "Feature", "geometry": {"type": "Point", "coordinates": [8.672066, 50.1251226]}, "properties": {"id": "osm:way:4795027", "type": "school", "name": "Lessing-Gymnasium", "source": "OpenStreetMap/Overpass"}}, {"type": "Feature", "geometry": {"type": "Point", "coordinates": [8.6723572, 50.1269198]}, "properties": {"id": "osm:way:4795028", "type": "school", "name": "Elisabethenschule (Außenstelle)", "source": "OpenStreetMap/Overpass"}}, {"type": "Feature", "geometry": {"type": "Point", "coordinates": [8.676602, 50.1247926]}, "properties": {"id": "osm:way:4795029", "type": "school", "name": "Private Kant-Schule", "source": "OpenStreetMap/Overpass"}}, {"type": "Feature", "geometry": {"type": "Point", "coordinates": [8.6706581, 50.1240082]}, "properties": {"id": "osm:way:4795030", "type": "school", "name": "Engelbert-Humperdinck-Schule", "source": "OpenStreetMap/Overpass"}}, {"type": "Feature", "geometry": {"type": "Point", "coordinates": [8.6750911, 50.1410421]}, "properties": {"id": "osm:way:4795032", "type": "school", "name": "Wöhlerschule", "source": "OpenStreetMap/Overpass"}}, {"type": "Feature", "geometry": {"type": "Point", "coordinates": [8.671306, 50.1434857]}, "properties": {"id": "osm:way:4795037", "type": "school", "name": "Viktor-Frankl-Schule", "source": "OpenStreetMap/Overpass"}}, {"type": "Feature", "geometry": {"type": "Point", "coordinates": [8.6480881, 50.1251339]}, "properties": {"id": "osm:way:4795050", "type": "school", "name": "Max-Beckmann-Schule", "source": "OpenStreetMap/Overpass"}}, {"type": "Feature", "geometry": {"type": "Point", "coordinates": [8.68859, 50.1275772]}, "properties": {"id": "osm:way:4795085", "type": "school", "name": "Schwarzburgschule", "source": "OpenStreetMap/Overpass"}}, {"type": "Feature", "geometry": {"type": "Point", "coordinates": [8.6853532, 50.1218188]}, "properties": {"id": "osm:way:4797020", "type": "school", "name": "Musterschule", "source": "OpenStreetMap/Overpass"}}, {"type": "Feature", "geometry": {"type": "Point", "coordinates": [8.6830004, 50.1241828]}, "properties": {"id": "osm:way:4797021", "type": "school", "name": "Berufliche Schulen Berta Jourdan", "source": "OpenStreetMap/Overpass"}}, {"type": "Feature", "geometry": {"type": "Point", "coordinates": [8.6235546, 50.1587549]}, "properties": {"id": "osm:way:4805829", "type": "school", "name": "Europäische Schule Frankfurt", "source": "OpenStreetMap/Overpass"}}, {"type": "Feature", "geometry": {"type": "Point", "coordinates": [8.6244049, 50.1591832]}, "properties": {"id": "osm:way:4805834", "type": "school", "name": "Ernst-Reuter-Schule II", "source": "OpenStreetMap/Overpass"}}, {"type": "Feature", "geometry": {"type": "Point", "coordinates": [8.6118103, 50.1623484]}, "properties": {"id": "osm:way:4805840", "type": "school", "name": "Mosaikschule", "source": "OpenStreetMap/Overpass"}}, {"type": "Feature", "geometry": {"type": "Point", "coordinates": [8.6216469, 50.1615298]}, "properties": {"id": "osm:way:4805847", "type": "school", "name": "Erich Kästner Schule", "source": "OpenStreetMap/Overpass"}}, {"type": "Feature", "geometry": {"type": "Point", "coordinates": [8.6612648, 50.1538561]}, "properties": {"id": "osm:way:4823624", "type": "school", "name": "Ludwig-Richter-Schule", "source": "OpenStreetMap/Overpass"}}, {"type": "Feature", "geometry": {"type": "Point", "coordinates": [8.7026411, 50.1281112]}, "properties": {"id": "osm:way:4828860", "type": "school", "name": "IGS Nordend", "source": "OpenStreetMap/Overpass"}}, {"type": "Feature", "geometry": {"type": "Point", "coordinates": [8.6934622, 50.1183709]}, "properties": {"id": "osm:way:4828874", "type": "school", "name": "Klingerschule", "source": "OpenStreetMap/Overpass"}}, {"type": "Feature", "geometry": {"type": "Point", "coordinates": [8.727274, 50.1427189]}, "properties": {"id": "osm:way:4833203", "type": "school", "name": "Zentgrafenschule", "source": "OpenStreetMap/Overpass"}}, {"type": "Feature", "geometry": {"type": "Point", "coordinates": [8.7204836, 50.1329388]}, "properties": {"id": "osm:way:4886965", "type": "school", "name": "Charles-Hallgarten-Schule", "source": "OpenStreetMap/Overpass"}}, {"type": "Feature", "geometry": {"type": "Point", "coordinates": [8.6222142, 50.1326095]}, "properties": {"id": "osm:way:4891105", "type": "school", "name": "Kerschensteinerschule", "source": "OpenStreetMap/Overpass"}}, {"type": "Feature", "geometry": {"type": "Point", "coordinates": [8.7627367, 50.1482504]}, "properties": {"id": "osm:way:4903605", "type": "school", "name": "Schule am Ried", "source": "OpenStreetMap/Overpass"}}, {"type": "Feature", "geometry": {"type": "Point", "coordinates": [8.7525946, 50.1344835]}, "properties": {"id": "osm:way:4903627", "type": "school", "name": "Konrad-Haenisch-Schule", "source": "OpenStreetMap/Overpass"}}, {"type": "Feature", "geometry": {"type": "Point", "coordinates": [8.6851292, 50.1494692]}, "properties": {"id": "osm:way:4904710", "type": "school", "name": "Münzenbergerschule", "source": "OpenStreetMap/Overpass"}}, {"type": "Feature", "geometry": {"type": "Point", "coordinates": [8.6913063, 50.1860453]}, "properties": {"id": "osm:way:4917988", "type": "school", "name": "Grundschule Harheim", "source": "OpenStreetMap/Overpass"}}, {"type": "Feature", "geometry": {"type": "Point", "coordinates": [8.6381811, 50.1777907]}, "properties": {"id": "osm:way:4925531", "type": "school", "name": "Grundschule Riedberg", "source": "OpenStreetMap/Overpass"}}, {"type": "Feature", "geometry": {"type": "Point", "coordinates": [8.7156791, 50.1408784]}, "properties": {"id": "osm:way:4938199", "type": "school", "name": "IGS Friedrich Ebert", "source": "OpenStreetMap/Overpass"}}, {"type": "Feature", "geometry": {"type": "Point", "coordinates": [8.6375272, 50.1160428]}, "properties": {"id": "osm:way:4948503", "type": "school", "name": "Georg-Büchner-Schule", "source": "OpenStreetMap/Overpass"}}, {"type": "Feature", "geometry": {"type": "Point", "coordinates": [8.6674767, 50.2026537]}, "properties": {"id": "osm:way:5057434", "type": "school", "name": "Otto-Hahn-Schule", "source": "OpenStreetMap/Overpass"}}, {"type": "Feature", "geometry": {"type": "Point", "coordinates": [8.7557283, 50.1525505]}, "properties": {"id": "osm:way:5061770", "type": "school", "name": "Schule am Hang (im Umbau)", "source": "OpenStreetMap/Overpass"}}, {"type": "Feature", "geometry": {"type": "Point", "coordinates": [8.7330993, 50.1327957]}, "properties": {"id": "osm:way:5062162", "type": "school", "name": "Pestalozzischule", "source": "OpenStreetMap/Overpass"}}, {"type": "Feature", "geometry": {"type": "Point", "coordinates": [8.5363751, 50.0592691]}, "properties": {"id": "osm:way:5174144", "type": "school", "name": "Integrierte Gesamtschule der Stadt Kelsterbach", "source": "OpenStreetMap/Overpass"}}, {"type": "Feature", "geometry": {"type": "Point", "coordinates": [8.6019018, 50.1032516]}, "properties": {"id": "osm:way:5184205", "type": "school", "name": "Eichendorffschule", "source": "OpenStreetMap/Overpass"}}, {"type": "Feature", "geometry": {"type": "Point", "coordinates": [8.7270382, 50.181157]}, "properties": {"id": "osm:way:5233315", "type": "school", "name": "Berufsförderungswerk Frankfurt am Main", "source": "OpenStreetMap/Overpass"}}, {"type": "Feature", "geometry": {"type": "Point", "coordinates": [8.7326195, 50.1831095]}, "properties": {"id": "osm:way:5233363", "type": "school", "name": "Georg-Büchner-Gymnasium", "source": "OpenStreetMap/Overpass"}}, {"type": "Feature", "geometry": {"type": "Point", "coordinates": [8.7339027, 50.1846116]}, "properties": {"id": "osm:way:5233366", "type": "school", "name": "John-F.-Kennedy-Schule", "source": "OpenStreetMap/Overpass"}}, {"type": "Feature", "geometry": {"type": "Point", "coordinates": [8.5869993, 50.0858721]}, "properties": {"id": "osm:way:7829222", "type": "school", "name": "Minna-Specht-Schule", "source": "OpenStreetMap/Overpass"}}, {"type": "Feature", "geometry": {"type": "Point", "coordinates": [8.6095917, 50.0978046]}, "properties": {"id": "osm:way:8079184", "type": "school", "name": "Georg-August-Zinn-Schule", "source": "OpenStreetMap/Overpass"}}, {"type": "Feature", "geometry": {"type": "Point", "coordinates": [8.5925614, 50.1970693]}, "properties": {"id": "osm:way:8492557", "type": "kindergarten", "name": "Städtische Krabbelstube Pfützenracker", "source": "OpenStreetMap/Overpass"}}, {"type": "Feature", "geometry": {"type": "Point", "coordinates": [8.643408, 50.0795868]}, "properties": {"id": "osm:way:8604016", "type": "school", "name": "Friedrich-Fröbel-Schule", "source": "OpenStreetMap/Overpass"}}, {"type": "Feature", "geometry": {"type": "Point", "coordinates": [8.7110761, 50.0530907]}, "properties": {"id": "osm:way:10426745", "type": "school", "name": "Goetheschule", "source": "OpenStreetMap/Overpass"}}, {"type": "Feature", "geometry": {"type": "Point", "coordinates": [8.7826601, 50.0916297]}, "properties": {"id": "osm:way:10485835", "type": "school", "name": "Käthe-Kollwitz-Schule", "source": "OpenStreetMap/Overpass"}}, {"type": "Feature", "geometry": {"type": "Point", "coordinates": [8.6592217, 50.1569717]}, "properties": {"id": "osm:way:12164907", "type": "school", "name": "Ziehenschule", "source": "OpenStreetMap/Overpass"}}, {"type": "Feature", "geometry": {"type": "Point", "coordinates": [8.6596057, 50.1593648]}, "properties": {"id": "osm:way:12164911", "type": "school", "name": "IGS Eschersheim", "source": "OpenStreetMap/Overpass"}}, {"type": "Feature", "geometry": {"type": "Point", "coordinates": [8.6624528, 50.1578748]}, "properties": {"id": "osm:way:12164912", "type": "school", "name": "Johann-Hinrich-Wichern-Schule", "source": "OpenStreetMap/Overpass"}}, {"type": "Feature", "geometry": {"type": "Point", "coordinates": [8.6573898, 50.1096673]}, "properties": {"id": "osm:way:13988533", "type": "school", "name": "Falkschule", "source": "OpenStreetMap/Overpass"}}, {"type": "Feature", "geometry": {"type": "Point", "coordinates": [8.7967164, 50.1257097]}, "properties": {"id": "osm:way:20867184", "type": "school", "name": "Ernst-Reuter-Schule", "source": "OpenStreetMap/Overpass"}}, {"type": "Feature", "geometry": {"type": "Point", "coordinates": [8.5240287, 50.1336962]}, "properties": {"id": "osm:way:23124008", "type": "school", "name": "Cretzschmar-Schule", "source": "OpenStreetMap/Overpass"}}, {"type": "Feature", "geometry": {"type": "Point", "coordinates": [8.5893954, 50.2057875]}, "properties": {"id": "osm:way:23164837", "type": "school", "name": "Hochtaunusschule", "source": "OpenStreetMap/Overpass"}}, {"type": "Feature", "geometry": {"type": "Point", "coordinates": [8.587819, 50.2018004]}, "properties": {"id": "osm:way:23228262", "type": "school", "name": "Gymnasium Oberursel", "source": "OpenStreetMap/Overpass"}}, {"type": "Feature", "geometry": {"type": "Point", "coordinates": [8.5277635, 50.1502945]}, "properties": {"id": "osm:way:23326852", "type": "school", "name": "Albert-Einstein-Schule", "source": "OpenStreetMap/Overpass"}}, {"type": "Feature", "geometry": {"type": "Point", "coordinates": [8.5690991, 50.2276417]}, "properties": {"id": "osm:way:23354047", "type": "school", "name": "Dornbachschule", "source": "OpenStreetMap/Overpass"}}, {"type": "Feature", "geometry": {"type": "Point", "coordinates": [8.5246061, 50.1559079]}, "properties": {"id": "osm:way:23378735", "type": "school", "name": "Friedrich-Ebert-Schule", "source": "OpenStreetMap/Overpass"}}, {"type": "Feature", "geometry": {"type": "Point", "coordinates": [8.6450914, 50.124526]}, "properties": {"id": "osm:way:23429253", "type": "school", "name": "Franckeschule", "source": "OpenStreetMap/Overpass"}}, {"type": "Feature", "geometry": {"type": "Point", "coordinates": [8.5033452, 50.1015908]}, "properties": {"id": "osm:way:23450316", "type": "school", "name": "Adolf-Reichwein-Schule", "source": "OpenStreetMap/Overpass"}}, {"type": "Feature", "geometry": {"type": "Point", "coordinates": [8.6331297, 50.1536955]}, "properties": {"id": "osm:way:23623372", "type": "school", "name": "Römerstadtschule", "source": "OpenStreetMap/Overpass"}}, {"type": "Feature", "geometry": {"type": "Point", "coordinates": [8.5763196, 50.2011135]}, "properties": {"id": "osm:way:23999079", "type": "school", "name": "Grundschule Mitte", "source": "OpenStreetMap/Overpass"}}, {"type": "Feature", "geometry": {"type": "Point", "coordinates": [8.5777276, 50.1978338]}, "properties": {"id": "osm:way:24050445", "type": "school", "name": "Feldbergschule", "source": "OpenStreetMap/Overpass"}}, {"type": "Feature", "geometry": {"type": "Point", "coordinates": [8.5792184, 50.1966324]}, "properties": {"id": "osm:way:24163726", "type": "kindergarten", "name": "Kindergarten Zauberwald", "source": "OpenStreetMap/Overpass"}}, {"type": "Feature", "geometry": {"type": "Point", "coordinates": [8.5559769, 50.1323657]}, "properties": {"id": "osm:way:24283589", "type": "school", "name": "Obermayr Europa-Schule und International School Schwalbach", "source": "OpenStreetMap/Overpass"}}, {"type": "Feature", "geometry": {"type": "Point", "coordinates": [8.5541719, 50.1334708]}, "properties": {"id": "osm:way:24283840", "type": "kindergarten", "name": "Waldkindergarten Eschborn", "source": "OpenStreetMap/Overpass"}}, {"type": "Feature", "geometry": {"type": "Point", "coordinates": [8.6343257, 50.2178144]}, "properties": {"id": "osm:way:24354725", "type": "school", "name": "Friedrich-Ebert-Schule", "source": "OpenStreetMap/Overpass"}}, {"type": "Feature", "geometry": {"type": "Point", "coordinates": [8.6361918, 50.2253368]}, "properties": {"id": "osm:way:24386214", "type": "school", "name": "Kaiserin-Friedrich-Gymnasium", "source": "OpenStreetMap/Overpass"}}, {"type": "Feature", "geometry": {"type": "Point", "coordinates": [8.609525, 50.2221835]}, "properties": {"id": "osm:way:24400720", "type": "school", "name": "Humboldtschule", "source": "OpenStreetMap/Overpass"}}, {"type": "Feature", "geometry": {"type": "Point", "coordinates": [8.6945543, 50.032909]}, "properties": {"id": "osm:way:24587688", "type": "school", "name": "Strothoff International School", "source": "OpenStreetMap/Overpass"}}, {"type": "Feature", "geometry": {"type": "Point", "coordinates": [8.5620671, 50.1409525]}, "properties": {"id": "osm:way:24722965", "type": "school", "name": "Grundschule Süd-West", "source": "OpenStreetMap/Overpass"}}, {"type": "Feature", "geometry": {"type": "Point", "coordinates": [8.5651706, 50.1405046]}, "properties": {"id": "osm:way:24722975", "type": "kindergarten", "name": "Kita Süd-West", "source": "OpenStreetMap/Overpass"}}, {"type": "Feature", "geometry": {"type": "Point", "coordinates": [8.567161, 50.1369247]}, "properties": {"id": "osm:way:24722984", "type": "kindergarten", "name": "Kita Bremer Straße", "source": "OpenStreetMap/Overpass"}}, {"type": "Feature", "geometry": {"type": "Point", "coordinates": [8.5449521, 50.1612173]}, "properties": {"id": "osm:way:25320226", "type": "school", "name": "Westerbach-Schule", "source": "OpenStreetMap/Overpass"}}, {"type": "Feature", "geometry": {"type": "Point", "coordinates": [8.5663112, 50.1489282]}, "properties": {"id": "osm:way:25483504", "type": "childcare", "name": "Kindertagesstätte Dörnweg", "source": "OpenStreetMap/Overpass"}}, {"type": "Feature", "geometry": {"type": "Point", "coordinates": [8.6030346, 50.1983551]}, "properties": {"id": "osm:way:25669048", "type": "school", "name": "Burgwiesenschule", "source": "OpenStreetMap/Overpass"}}, {"type": "Feature", "geometry": {"type": "Point", "coordinates": [8.6903431, 50.0522348]}, "properties": {"id": "osm:way:25930424", "type": "school", "name": "Brüder-Grimm-Schule", "source": "OpenStreetMap/Overpass"}}, {"type": "Feature", "geometry": {"type": "Point", "coordinates": [8.7984971, 50.0871375]}, "properties": {"id": "osm:way:26491540", "type": "school", "name": "Geschwister-Scholl-Schule", "source": "OpenStreetMap/Overpass"}}, {"type": "Feature", "geometry": {"type": "Point", "coordinates": [8.791969, 50.0844722]}, "properties": {"id": "osm:way:26491801", "type": "school", "name": "Waldschule Tempelsee", "source": "OpenStreetMap/Overpass"}}, {"type": "Feature", "geometry": {"type": "Point", "coordinates": [8.7667439, 50.0953491]}, "properties": {"id": "osm:way:26806109", "type": "school", "name": "Albert-Schweitzer-Schule", "source": "OpenStreetMap/Overpass"}}, {"type": "Feature", "geometry": {"type": "Point", "coordinates": [8.7511591, 50.0991578]}, "properties": {"id": "osm:way:26806148", "type": "school", "name": "Leibnizschule", "source": "OpenStreetMap/Overpass"}}, {"type": "Feature", "geometry": {"type": "Point", "coordinates": [8.7505039, 50.0967652]}, "properties": {"id": "osm:way:26925632", "type": "school", "name": "Leibnizschule", "source": "OpenStreetMap/Overpass"}}, {"type": "Feature", "geometry": {"type": "Point", "coordinates": [8.5551217, 50.2174087]}, "properties": {"id": "osm:way:27265183", "type": "school", "name": "Freie Waldorfschule Oberursel", "source": "OpenStreetMap/Overpass"}}, {"type": "Feature", "geometry": {"type": "Point", "coordinates": [8.5551697, 50.2165691]}, "properties": {"id": "osm:way:27265232", "type": "school", "name": "Grundschule am Eichwäldchen", "source": "OpenStreetMap/Overpass"}}, {"type": "Feature", "geometry": {"type": "Point", "coordinates": [8.5548995, 50.2158536]}, "properties": {"id": "osm:way:27265268", "type": "kindergarten", "name": "VzF KiTa Eichwäldchen", "source": "OpenStreetMap/Overpass"}}, {"type": "Feature", "geometry": {"type": "Point", "coordinates": [8.5637023, 50.2158403]}, "properties": {"id": "osm:way:27322768", "type": "kindergarten", "name": "Kindergarten Regenbogenland", "source": "OpenStreetMap/Overpass"}}, {"type": "Feature", "geometry": {"type": "Point", "coordinates": [8.6702266, 50.1512142]}, "properties": {"id": "osm:way:28338613", "type": "kindergarten", "name": "Kindertagesstätte \"Kolibri\"", "source": "OpenStreetMap/Overpass"}}, {"type": "Feature", "geometry": {"type": "Point", "coordinates": [8.4943865, 50.0770718]}, "properties": {"id": "osm:way:28480115", "type": "school", "name": "Regenbogenschule", "source": "OpenStreetMap/Overpass"}}, {"type": "Feature", "geometry": {"type": "Point", "coordinates": [8.4936349, 50.0773854]}, "properties": {"id": "osm:way:28480117", "type": "kindergarten", "name": "Schulkinderhaus Arche Noah", "source": "OpenStreetMap/Overpass"}}, {"type": "Feature", "geometry": {"type": "Point", "coordinates": [8.5544715, 50.1071687]}, "properties": {"id": "osm:way:28528727", "type": "kindergarten", "name": "Helene-Lange-Schule", "source": "OpenStreetMap/Overpass"}}, {"type": "Feature", "geometry": {"type": "Point", "coordinates": [8.6646898, 50.1300058]}, "properties": {"id": "osm:way:28730193", "type": "school", "name": "Philipp-Holzmann-Schule", "source": "OpenStreetMap/Overpass"}}, {"type": "Feature", "geometry": {"type": "Point", "coordinates": [8.6467768, 50.1425149]}, "properties": {"id": "osm:way:28758131", "type": "kindergarten", "name": "Kinderzentrum Am Wiesenrain", "source": "OpenStreetMap/Overpass"}}, {"type": "Feature", "geometry": {"type": "Point", "coordinates": [8.6903055, 50.1645947]}, "properties": {"id": "osm:way:29025334", "type": "kindergarten", "name": "Internationale Kindertagesstätte\"Am Neuenberg\"", "source": "OpenStreetMap/Overpass"}}, {"type": "Feature", "geometry": {"type": "Point", "coordinates": [8.6714288, 50.1430223]}, "properties": {"id": "osm:way:29254558", "type": "kindergarten", "name": "Kindertagesstätte 38", "source": "OpenStreetMap/Overpass"}}, {"type": "Feature", "geometry": {"type": "Point", "coordinates": [8.683794, 50.1392807]}, "properties": {"id": "osm:way:29311875", "type": "kindergarten", "name": "Eckenheimer 303", "source": "OpenStreetMap/Overpass"}}, {"type": "Feature", "geometry": {"type": "Point", "coordinates": [8.5633173, 50.2158876]}, "properties": {"id": "osm:way:30643862", "type": "kindergarten", "name": "Städt. Kindergarten Regenbogenland", "source": "OpenStreetMap/Overpass"}}, {"type": "Feature", "geometry": {"type": "Point", "coordinates": [8.6968996, 50.1428679]}, "properties": {"id": "osm:way:30772791", "type": "kindergarten", "name": "Kindertagesstätte 79", "source": "OpenStreetMap/Overpass"}}, {"type": "Feature", "geometry": {"type": "Point", "coordinates": [8.6544994, 50.1634244]}, "properties": {"id": "osm:way:31055366", "type": "school", "name": "Fried-Lübbecke-Schule", "source": "OpenStreetMap/Overpass"}}, {"type": "Feature", "geometry": {"type": "Point", "coordinates": [8.69199, 50.0326677]}, "properties": {"id": "osm:way:31540612", "type": "school", "name": "Max-Eyth-Schule", "source": "OpenStreetMap/Overpass"}}, {"type": "Feature", "geometry": {"type": "Point", "coordinates": [8.6935513, 50.0324365]}, "properties": {"id": "osm:way:31540699", "type": "school", "name": "Gymnasium und Realschule für Erwachsene im HLL", "source": "OpenStreetMap/Overpass"}}, {"type": "Feature", "geometry": {"type": "Point", "coordinates": [8.6076718, 50.225038]}, "properties": {"id": "osm:way:33072658", "type": "school", "name": "Hölderlin-Schule", "source": "OpenStreetMap/Overpass"}}, {"type": "Feature", "geometry": {"type": "Point", "coordinates": [8.5996619, 50.2235926]}, "properties": {"id": "osm:way:33073624", "type": "kindergarten", "name": "Kindergarten der Christuskirche", "source": "OpenStreetMap/Overpass"}}, {"type": "Feature", "geometry": {"type": "Point", "coordinates": [8.613106, 50.2258944]}, "properties": {"id": "osm:way:33081361", "type": "childcare", "name": "Katholische Kindertagestätte St. Marien", "source": "OpenStreetMap/Overpass"}}, {"type": "Feature", "geometry": {"type": "Point", "coordinates": [8.6176502, 50.2179031]}, "properties": {"id": "osm:way:33228357", "type": "kindergarten", "name": "Kinderhaus Krabbelkäfer", "source": "OpenStreetMap/Overpass"}}, {"type": "Feature", "geometry": {"type": "Point", "coordinates": [8.5258107, 50.1582095]}, "properties": {"id": "osm:way:33271686", "type": "school", "name": "Georg-Kerschensteiner-Schule", "source": "OpenStreetMap/Overpass"}}, {"type": "Feature", "geometry": {"type": "Point", "coordinates": [8.6820914, 50.1361732]}, "properties": {"id": "osm:way:33637707", "type": "school", "name": "Heinrich-Kleyer-Schule", "source": "OpenStreetMap/Overpass"}}, {"type": "Feature", "geometry": {"type": "Point", "coordinates": [8.6945146, 50.1042532]}, "properties": {"id": "osm:way:33889702", "type": "school", "name": "Deutschherrenschule", "source": "OpenStreetMap/Overpass"}}, {"type": "Feature", "geometry": {"type": "Point", "coordinates": [8.534593, 50.1107966]}, "properties": {"id": "osm:way:34254248", "type": "school", "name": "Ludwig-Erhard-Schule", "source": "OpenStreetMap/Overpass"}}, {"type": "Feature", "geometry": {"type": "Point", "coordinates": [8.6262399, 50.1660038]}, "properties": {"id": "osm:way:34591057", "type": "school", "name": "Heinrich-Kromer-Schule", "source": "OpenStreetMap/Overpass"}}, {"type": "Feature", "geometry": {"type": "Point", "coordinates": [8.5780299, 50.1799402]}, "properties": {"id": "osm:way:35765903", "type": "school", "name": "Integrierte Gesamtschule Stierstadt", "source": "OpenStreetMap/Overpass"}}, {"type": "Feature", "geometry": {"type": "Point", "coordinates": [8.580307, 50.1796444]}, "properties": {"id": "osm:way:35765913", "type": "school", "name": "Grundschule Stierstadt", "source": "OpenStreetMap/Overpass"}}, {"type": "Feature", "geometry": {"type": "Point", "coordinates": [8.6455778, 50.1586034]}, "properties": {"id": "osm:way:36581979", "type": "school", "name": "Robert-Schumann-Schule", "source": "OpenStreetMap/Overpass"}}, {"type": "Feature", "geometry": {"type": "Point", "coordinates": [8.6708445, 50.2003209]}, "properties": {"id": "osm:way:38358627", "type": "school", "name": "Michael-Grzimek-Schule", "source": "OpenStreetMap/Overpass"}}, {"type": "Feature", "geometry": {"type": "Point", "coordinates": [8.5429163, 50.104678]}, "properties": {"id": "osm:way:40138036", "type": "school", "name": "Friedrich-Dessauer-Gymnasium", "source": "OpenStreetMap/Overpass"}}, {"type": "Feature", "geometry": {"type": "Point", "coordinates": [8.6990891, 50.114063]}, "properties": {"id": "osm:way:40359698", "type": "kindergarten", "name": "Kreativer Kinderhort am Zoo (Kita 24)", "source": "OpenStreetMap/Overpass"}}, {"type": "Feature", "geometry": {"type": "Point", "coordinates": [8.7002319, 50.1140102]}, "properties": {"id": "osm:way:40359708", "type": "kindergarten", "name": "KT 124", "source": "OpenStreetMap/Overpass"}}, {"type": "Feature", "geometry": {"type": "Point", "coordinates": [8.6996505, 50.1143901]}, "properties": {"id": "osm:way:40359720", "type": "school", "name": "Heinrich-von-Gagern-Gymnasium", "source": "OpenStreetMap/Overpass"}}, {"type": "Feature", "geometry": {"type": "Point", "coordinates": [8.5984323, 50.2006103]}, "properties": {"id": "osm:way:40989862", "type": "kindergarten", "name": "Evangelische Kindertagesstätte Kreuzkirche", "source": "OpenStreetMap/Overpass"}}, {"type": "Feature", "geometry": {"type": "Point", "coordinates": [8.5563171, 50.2076779]}, "properties": {"id": "osm:way:42512177", "type": "school", "name": "Ketteler-La-Roche-Schule", "source": "OpenStreetMap/Overpass"}}, {"type": "Feature", "geometry": {"type": "Point", "coordinates": [8.7748269, 50.026109]}, "properties": {"id": "osm:way:43154453", "type": "kindergarten", "name": "Waldkindergarten Hoppetosse", "source": "OpenStreetMap/Overpass"}}, {"type": "Feature", "geometry": {"type": "Point", "coordinates": [8.7845636, 50.0218565]}, "properties": {"id": "osm:way:43154631", "type": "school", "name": "Regenbogenschule", "source": "OpenStreetMap/Overpass"}}, {"type": "Feature", "geometry": {"type": "Point", "coordinates": [8.788284, 50.0261319]}, "properties": {"id": "osm:way:43154935", "type": "school", "name": "Astrid-Lindgren-Schule", "source": "OpenStreetMap/Overpass"}}, {"type": "Feature", "geometry": {"type": "Point", "coordinates": [8.6133085, 50.141181]}, "properties": {"id": "osm:way:44178399", "type": "school", "name": "Ebelfeldschule", "source": "OpenStreetMap/Overpass"}}, {"type": "Feature", "geometry": {"type": "Point", "coordinates": [8.5737514, 50.2058121]}, "properties": {"id": "osm:way:44333360", "type": "school", "name": "Hans-Magiera-Schule", "source": "OpenStreetMap/Overpass"}}, {"type": "Feature", "geometry": {"type": "Point", "coordinates": [8.5728483, 50.206764]}, "properties": {"id": "osm:way:44333361", "type": "school", "name": "Grundschule am Urselbach", "source": "OpenStreetMap/Overpass"}}, {"type": "Feature", "geometry": {"type": "Point", "coordinates": [8.5716997, 50.2073968]}, "properties": {"id": "osm:way:44333365", "type": "school", "name": "Albrecht-Strohschein-Schule", "source": "OpenStreetMap/Overpass"}}, {"type": "Feature", "geometry": {"type": "Point", "coordinates": [8.514649, 50.1419444]}, "properties": {"id": "osm:way:44776582", "type": "school", "name": "Mendelssohn-Bartholdy-Schule", "source": "OpenStreetMap/Overpass"}}, {"type": "Feature", "geometry": {"type": "Point", "coordinates": [8.5138288, 50.1402368]}, "properties": {"id": "osm:way:44778738", "type": "kindergarten", "name": "Waldnest Kindergarten", "source": "OpenStreetMap/Overpass"}}, {"type": "Feature", "geometry": {"type": "Point", "coordinates": [8.5392582, 50.2138293]}, "properties": {"id": "osm:way:45742611", "type": "school", "name": "Frankfurt International School", "source": "OpenStreetMap/Overpass"}}, {"type": "Feature", "geometry": {"type": "Point", "coordinates": [8.5479347, 50.2156276]}, "properties": {"id": "osm:way:45781143", "type": "kindergarten", "name": "Ökumenische Kindertagesstätte Rosengärtchen", "source": "OpenStreetMap/Overpass"}}, {"type": "Feature", "geometry": {"type": "Point", "coordinates": [8.5690561, 50.2272052]}, "properties": {"id": "osm:way:46987708", "type": "kindergarten", "name": "Städtische Kindertagesstätte Taunuswichtel", "source": "OpenStreetMap/Overpass"}}, {"type": "Feature", "geometry": {"type": "Point", "coordinates": [8.5243435, 50.1386217]}, "properties": {"id": "osm:way:48070638", "type": "kindergarten", "name": "Katholischer Kindergarten", "source": "OpenStreetMap/Overpass"}}, {"type": "Feature", "geometry": {"type": "Point", "coordinates": [8.7870735, 50.0203539]}, "properties": {"id": "osm:way:48243203", "type": "kindergarten", "name": "Kindertagesstätte X (Bieberbau)", "source": "OpenStreetMap/Overpass"}}, {"type": "Feature", "geometry": {"type": "Point", "coordinates": [8.6064041, 50.2209152]}, "properties": {"id": "osm:way:48302227", "type": "kindergarten", "name": "Kindertagesstätte Brandenburger Straße", "source": "OpenStreetMap/Overpass"}}, {"type": "Feature", "geometry": {"type": "Point", "coordinates": [8.609723, 50.2258574]}, "properties": {"id": "osm:way:48487670", "type": "kindergarten", "name": "Kita am Hausmannspark", "source": "OpenStreetMap/Overpass"}}, {"type": "Feature", "geometry": {"type": "Point", "coordinates": [8.6473138, 50.1148278]}, "properties": {"id": "osm:way:48802584", "type": "school", "name": "Gutenbergschule", "source": "OpenStreetMap/Overpass"}}, {"type": "Feature", "geometry": {"type": "Point", "coordinates": [8.6451039, 50.1157458]}, "properties": {"id": "osm:way:48802587", "type": "school", "name": "Bonifatiusschule", "source": "OpenStreetMap/Overpass"}}, {"type": "Feature", "geometry": {"type": "Point", "coordinates": [8.7835713, 50.1194416]}, "properties": {"id": "osm:way:48871023", "type": "kindergarten", "name": "", "source": "OpenStreetMap/Overpass"}}, {"type": "Feature", "geometry": {"type": "Point", "coordinates": [8.6335786, 50.1546789]}, "properties": {"id": "osm:way:49510310", "type": "kindergarten", "name": "Ev. Kindergarten Cantate Domino", "source": "OpenStreetMap/Overpass"}}, {"type": "Feature", "geometry": {"type": "Point", "coordinates": [8.4767211, 50.0631366]}, "properties": {"id": "osm:way:50164961", "type": "school", "name": "Heinrich-Böll-Schule", "source": "OpenStreetMap/Overpass"}}, {"type": "Feature", "geometry": {"type": "Point", "coordinates": [8.7571575, 50.1326748]}, "properties": {"id": "osm:way:50374411", "type": "kindergarten", "name": "Kindertagesstätte \"St. Hildegard\"", "source": "OpenStreetMap/Overpass"}}, {"type": "Feature", "geometry": {"type": "Point", "coordinates": [8.700306, 50.1218897]}, "properties": {"id": "osm:way:51359091", "type": "kindergarten", "name": "Sandfee", "source": "OpenStreetMap/Overpass"}}, {"type": "Feature", "geometry": {"type": "Point", "coordinates": [8.6077649, 50.1350441]}, "properties": {"id": "osm:way:51408317", "type": "school", "name": "Lycée Français Victor Hugo", "source": "OpenStreetMap/Overpass"}}, {"type": "Feature", "geometry": {"type": "Point", "coordinates": [8.6092854, 50.1342121]}, "properties": {"id": "osm:way:51415017", "type": "school", "name": "Liebigschule", "source": "OpenStreetMap/Overpass"}}, {"type": "Feature", "geometry": {"type": "Point", "coordinates": [8.7449088, 50.211747]}, "properties": {"id": "osm:way:51768301", "type": "school", "name": "Europäische Schule RheinMain", "source": "OpenStreetMap/Overpass"}}, {"type": "Feature", "geometry": {"type": "Point", "coordinates": [8.5612282, 50.1787724]}, "properties": {"id": "osm:way:51974714", "type": "school", "name": "PHORMS Taunus Campus", "source": "OpenStreetMap/Overpass"}}, {"type": "Feature", "geometry": {"type": "Point", "coordinates": [8.7421625, 50.2082312]}, "properties": {"id": "osm:way:51984386", "type": "kindergarten", "name": "Kindertagesstätte Trauminsel", "source": "OpenStreetMap/Overpass"}}, {"type": "Feature", "geometry": {"type": "Point", "coordinates": [8.7436275, 50.208883]}, "properties": {"id": "osm:way:51984554", "type": "kindergarten", "name": "Kindertagesstätte Zauberburg", "source": "OpenStreetMap/Overpass"}}, {"type": "Feature", "geometry": {"type": "Point", "coordinates": [8.7448337, 50.2103299]}, "properties": {"id": "osm:way:51984676", "type": "kindergarten", "name": "Kindertagesstätte Wirbelwind", "source": "OpenStreetMap/Overpass"}}, {"type": "Feature", "geometry": {"type": "Point", "coordinates": [8.7535231, 50.207234]}, "properties": {"id": "osm:way:51984761", "type": "kindergarten", "name": "Kindertagesstätte Rasselbande", "source": "OpenStreetMap/Overpass"}}, {"type": "Feature", "geometry": {"type": "Point", "coordinates": [8.5774347, 50.1647304]}, "properties": {"id": "osm:way:52068186", "type": "school", "name": "Geschwister-Scholl-Schule", "source": "OpenStreetMap/Overpass"}}, {"type": "Feature", "geometry": {"type": "Point", "coordinates": [8.6240214, 50.1250986]}, "properties": {"id": "osm:way:52468386", "type": "kindergarten", "name": "Kinderzentrum Lötzener Straße", "source": "OpenStreetMap/Overpass"}}, {"type": "Feature", "geometry": {"type": "Point", "coordinates": [8.6306149, 50.1316082]}, "properties": {"id": "osm:way:53004785", "type": "school", "name": "Japanische Internationale Schule", "source": "OpenStreetMap/Overpass"}}, {"type": "Feature", "geometry": {"type": "Point", "coordinates": [8.5756887, 50.1648925]}, "properties": {"id": "osm:way:53600561", "type": "kindergarten", "name": "Städtische Kindertagesstätte \"Am Weiher\"", "source": "OpenStreetMap/Overpass"}}, {"type": "Feature", "geometry": {"type": "Point", "coordinates": [8.5675212, 50.1724154]}, "properties": {"id": "osm:way:53600779", "type": "kindergarten", "name": "Katholische Kindertagesstätte \"St. Bonifatius\"", "source": "OpenStreetMap/Overpass"}}, {"type": "Feature", "geometry": {"type": "Point", "coordinates": [8.6897975, 50.1269205]}, "properties": {"id": "osm:way:54171254", "type": "school", "name": "Berufliche Schulen Berta Jourdan (Glauburgschule)", "source": "OpenStreetMap/Overpass"}}, {"type": "Feature", "geometry": {"type": "Point", "coordinates": [8.7527757, 50.1095703]}, "properties": {"id": "osm:way:54624614", "type": "kindergarten", "name": "Kita 16 Nordend", "source": "OpenStreetMap/Overpass"}}, {"type": "Feature", "geometry": {"type": "Point", "coordinates": [8.7613361, 50.1005761]}, "properties": {"id": "osm:way:54856606", "type": "kindergarten", "name": "Kita 18", "source": "OpenStreetMap/Overpass"}}, {"type": "Feature", "geometry": {"type": "Point", "coordinates": [8.7509887, 50.1076026]}, "properties": {"id": "osm:way:55868104", "type": "kindergarten", "name": "Verein Krabbelstubb", "source": "OpenStreetMap/Overpass"}}, {"type": "Feature", "geometry": {"type": "Point", "coordinates": [8.7505783, 50.1048505]}, "properties": {"id": "osm:way:55973959", "type": "kindergarten", "name": "Kita 3", "source": "OpenStreetMap/Overpass"}}, {"type": "Feature", "geometry": {"type": "Point", "coordinates": [8.7525044, 50.1051629]}, "properties": {"id": "osm:way:55973979", "type": "kindergarten", "name": "Krippe Villa Kunterbunt", "source": "OpenStreetMap/Overpass"}}, {"type": "Feature", "geometry": {"type": "Point", "coordinates": [8.7544084, 50.0936782]}, "properties": {"id": "osm:way:59291680", "type": "kindergarten", "name": "", "source": "OpenStreetMap/Overpass"}}, {"type": "Feature", "geometry": {"type": "Point", "coordinates": [8.5244164, 50.1780023]}, "properties": {"id": "osm:way:60438757", "type": "kindergarten", "name": "Kindertagesstätte Pusteblume", "source": "OpenStreetMap/Overpass"}}, {"type": "Feature", "geometry": {"type": "Point", "coordinates": [8.7558856, 50.0872175]}, "properties": {"id": "osm:way:60748093", "type": "kindergarten", "name": "Ev. Kindergarten der Paul-Gerhardt-Gemeinde", "source": "OpenStreetMap/Overpass"}}, {"type": "Feature", "geometry": {"type": "Point", "coordinates": [8.7576363, 50.086278]}, "properties": {"id": "osm:way:61084031", "type": "kindergarten", "name": "Kintertagesstätte 8 Lauterborn", "source": "OpenStreetMap/Overpass"}}, {"type": "Feature", "geometry": {"type": "Point", "coordinates": [8.7645639, 50.0839874]}, "properties": {"id": "osm:way:61110521", "type": "school", "name": "Fechtclub Offenbach", "source": "OpenStreetMap/Overpass"}}, {"type": "Feature", "geometry": {"type": "Point", "coordinates": [8.7785442, 50.076088]}, "properties": {"id": "osm:way:61328935", "type": "kindergarten", "name": "Kita Fuchsbau", "source": "OpenStreetMap/Overpass"}}, {"type": "Feature", "geometry": {"type": "Point", "coordinates": [8.6501664, 50.0972412]}, "properties": {"id": "osm:way:61334664", "type": "school", "name": "", "source": "OpenStreetMap/Overpass"}}, {"type": "Feature", "geometry": {"type": "Point", "coordinates": [8.6836177, 50.0995433]}, "properties": {"id": "osm:way:69659401", "type": "school", "name": "Freiherr-vom-Stein-Schule", "source": "OpenStreetMap/Overpass"}}, {"type": "Feature", "geometry": {"type": "Point", "coordinates": [8.7836454, 50.084135]}, "properties": {"id": "osm:way:70160136", "type": "kindergarten", "name": "Lukas KiTa", "source": "OpenStreetMap/Overpass"}}, {"type": "Feature", "geometry": {"type": "Point", "coordinates": [8.5907896, 50.1033904]}, "properties": {"id": "osm:way:72089723", "type": "school", "name": "Michael-Schule", "source": "OpenStreetMap/Overpass"}}, {"type": "Feature", "geometry": {"type": "Point", "coordinates": [8.7538147, 50.0895814]}, "properties": {"id": "osm:way:73079549", "type": "school", "name": "August-Bebel-Schule", "source": "OpenStreetMap/Overpass"}}, {"type": "Feature", "geometry": {"type": "Point", "coordinates": [8.7589837, 50.0816959]}, "properties": {"id": "osm:way:73222387", "type": "school", "name": "Oswald-von-Nell-Breuning-Schule", "source": "OpenStreetMap/Overpass"}}, {"type": "Feature", "geometry": {"type": "Point", "coordinates": [8.763183, 50.0935137]}, "properties": {"id": "osm:way:73413677", "type": "kindergarten", "name": "Kath. Kindertagesstätte St. Josef", "source": "OpenStreetMap/Overpass"}}, {"type": "Feature", "geometry": {"type": "Point", "coordinates": [8.6127329, 50.0795506]}, "properties": {"id": "osm:way:74128092", "type": "school", "name": "Carl-von-Weinberg-Schule", "source": "OpenStreetMap/Overpass"}}, {"type": "Feature", "geometry": {"type": "Point", "coordinates": [8.7018169, 50.117538]}, "properties": {"id": "osm:way:75078042", "type": "school", "name": "IGS Herder", "source": "OpenStreetMap/Overpass"}}, {"type": "Feature", "geometry": {"type": "Point", "coordinates": [8.5905702, 50.1033468]}, "properties": {"id": "osm:way:75490167", "type": "kindergarten", "name": "KT120", "source": "OpenStreetMap/Overpass"}}, {"type": "Feature", "geometry": {"type": "Point", "coordinates": [8.6587251, 50.1111875]}, "properties": {"id": "osm:way:76820830", "type": "school", "name": "Goethe-Gymnasium", "source": "OpenStreetMap/Overpass"}}, {"type": "Feature", "geometry": {"type": "Point", "coordinates": [8.7057396, 50.1212282]}, "properties": {"id": "osm:way:77750520", "type": "kindergarten", "name": "Kinderzentrum Scheidswaldstraße", "source": "OpenStreetMap/Overpass"}}, {"type": "Feature", "geometry": {"type": "Point", "coordinates": [8.5704583, 50.1206345]}, "properties": {"id": "osm:way:82758371", "type": "school", "name": "Albrecht-Dürer-Schule", "source": "OpenStreetMap/Overpass"}}, {"type": "Feature", "geometry": {"type": "Point", "coordinates": [8.7001391, 50.1574139]}, "properties": {"id": "osm:way:82803984", "type": "school", "name": "Liesel-Oestreicher-Schule", "source": "OpenStreetMap/Overpass"}}, {"type": "Feature", "geometry": {"type": "Point", "coordinates": [8.6989937, 50.1434981]}, "properties": {"id": "osm:way:83498701", "type": "kindergarten", "name": "Kindertagesstätte New Betts", "source": "OpenStreetMap/Overpass"}}, {"type": "Feature", "geometry": {"type": "Point", "coordinates": [8.5804915, 50.1080211]}, "properties": {"id": "osm:way:84760708", "type": "school", "name": "Friedrich-List-Schule", "source": "OpenStreetMap/Overpass"}}, {"type": "Feature", "geometry": {"type": "Point", "coordinates": [8.5823287, 50.1088414]}, "properties": {"id": "osm:way:84760784", "type": "kindergarten", "name": "Kindergarten Grüne Winkel", "source": "OpenStreetMap/Overpass"}}, {"type": "Feature", "geometry": {"type": "Point", "coordinates": [8.6168709, 50.1276107]}, "properties": {"id": "osm:way:84938493", "type": "kindergarten", "name": "Kinderzentrum Stichelstraße", "source": "OpenStreetMap/Overpass"}}, {"type": "Feature", "geometry": {"type": "Point", "coordinates": [8.7078184, 50.1144161]}, "properties": {"id": "osm:way:85051417", "type": "kindergarten", "name": "Nicolino", "source": "OpenStreetMap/Overpass"}}, {"type": "Feature", "geometry": {"type": "Point", "coordinates": [8.6037287, 50.1204055]}, "properties": {"id": "osm:way:88715136", "type": "school", "name": "Brentanoschule", "source": "OpenStreetMap/Overpass"}}, {"type": "Feature", "geometry": {"type": "Point", "coordinates": [8.6628064, 50.1169974]}, "properties": {"id": "osm:way:89068519", "type": "school", "name": "Bettinaschule", "source": "OpenStreetMap/Overpass"}}, {"type": "Feature", "geometry": {"type": "Point", "coordinates": [8.5793653, 50.1965672]}, "properties": {"id": "osm:way:90530617", "type": "kindergarten", "name": "Kindergarten Zauberwald", "source": "OpenStreetMap/Overpass"}}, {"type": "Feature", "geometry": {"type": "Point", "coordinates": [8.6155226, 50.1265942]}, "properties": {"id": "osm:way:90845120", "type": "school", "name": "Michael-Ende-Schule - Außenstelle", "source": "OpenStreetMap/Overpass"}}, {"type": "Feature", "geometry": {"type": "Point", "coordinates": [8.5803597, 50.1817572]}, "properties": {"id": "osm:way:92038555", "type": "kindergarten", "name": "Kindergarten Sankt Sebastian", "source": "OpenStreetMap/Overpass"}}, {"type": "Feature", "geometry": {"type": "Point", "coordinates": [8.5893237, 50.1796439]}, "properties": {"id": "osm:way:92261010", "type": "kindergarten", "name": "Tausendfüßler", "source": "OpenStreetMap/Overpass"}}, {"type": "Feature", "geometry": {"type": "Point", "coordinates": [8.7051337, 50.1225893]}, "properties": {"id": "osm:way:92450194", "type": "kindergarten", "name": "Kita 40", "source": "OpenStreetMap/Overpass"}}, {"type": "Feature", "geometry": {"type": "Point", "coordinates": [8.601015, 50.1842087]}, "properties": {"id": "osm:way:93106361", "type": "kindergarten", "name": "Kindertagesstätte VzF-Taunus", "source": "OpenStreetMap/Overpass"}}, {"type": "Feature", "geometry": {"type": "Point", "coordinates": [8.7065177, 50.1219253]}, "properties": {"id": "osm:way:93448665", "type": "school", "name": "Linnéschule", "source": "OpenStreetMap/Overpass"}}, {"type": "Feature", "geometry": {"type": "Point", "coordinates": [8.6027181, 50.1992098]}, "properties": {"id": "osm:way:95555860", "type": "kindergarten", "name": "Kindergarten Wirbelkiste", "source": "OpenStreetMap/Overpass"}}, {"type": "Feature", "geometry": {"type": "Point", "coordinates": [8.5769076, 50.0879702]}, "properties": {"id": "osm:way:96198407", "type": "school", "name": "August-Gräser-Schule", "source": "OpenStreetMap/Overpass"}}, {"type": "Feature", "geometry": {"type": "Point", "coordinates": [8.5914965, 50.2051443]}, "properties": {"id": "osm:way:96257468", "type": "school", "name": "Feldbergschule (Campus)", "source": "OpenStreetMap/Overpass"}}, {"type": "Feature", "geometry": {"type": "Point", "coordinates": [8.5898917, 50.2072045]}, "properties": {"id": "osm:way:96257477", "type": "school", "name": "Erich-Kästner-Schule", "source": "OpenStreetMap/Overpass"}}, {"type": "Feature", "geometry": {"type": "Point", "coordinates": [8.6076241, 50.0804258]}, "properties": {"id": "osm:way:96864524", "type": "school", "name": "Goldsteinschule", "source": "OpenStreetMap/Overpass"}}, {"type": "Feature", "geometry": {"type": "Point", "coordinates": [8.7875818, 50.2139637]}, "properties": {"id": "osm:way:98694667", "type": "kindergarten", "name": "KiTa Himmelsstürmer", "source": "OpenStreetMap/Overpass"}}, {"type": "Feature", "geometry": {"type": "Point", "coordinates": [8.5861618, 50.1921155]}, "properties": {"id": "osm:way:102967626", "type": "kindergarten", "name": "Städtische Kindertagesstätte Schatzinsel", "source": "OpenStreetMap/Overpass"}}, {"type": "Feature", "geometry": {"type": "Point", "coordinates": [8.6937764, 50.1551318]}, "properties": {"id": "osm:way:103056936", "type": "kindergarten", "name": "KITA Weltreise", "source": "OpenStreetMap/Overpass"}}, {"type": "Feature", "geometry": {"type": "Point", "coordinates": [8.5586955, 50.1195674]}, "properties": {"id": "osm:way:103201468", "type": "kindergarten", "name": "Kinderzentrum Dunantring", "source": "OpenStreetMap/Overpass"}}, {"type": "Feature", "geometry": {"type": "Point", "coordinates": [8.559696, 50.1190878]}, "properties": {"id": "osm:way:103201477", "type": "school", "name": "Edith-Stein-Schule", "source": "OpenStreetMap/Overpass"}}, {"type": "Feature", "geometry": {"type": "Point", "coordinates": [8.7078724, 50.1318713]}, "properties": {"id": "osm:way:103634097", "type": "kindergarten", "name": "Kindertagesstätte Drachenhöhle", "source": "OpenStreetMap/Overpass"}}, {"type": "Feature", "geometry": {"type": "Point", "coordinates": [8.5719987, 50.2019198]}, "properties": {"id": "osm:way:103704489", "type": "kindergarten", "name": "Kindergarten Sankt Ursula", "source": "OpenStreetMap/Overpass"}}, {"type": "Feature", "geometry": {"type": "Point", "coordinates": [8.5789092, 50.0984143]}, "properties": {"id": "osm:way:106087168", "type": "school", "name": "Fridtjof-Nansen-Schule", "source": "OpenStreetMap/Overpass"}}, {"type": "Feature", "geometry": {"type": "Point", "coordinates": [8.7391496, 50.1501599]}, "properties": {"id": "osm:way:106143225", "type": "school", "name": "Mediacampus Frankfurt", "source": "OpenStreetMap/Overpass"}}, {"type": "Feature", "geometry": {"type": "Point", "coordinates": [8.554805, 50.2179273]}, "properties": {"id": "osm:way:107058018", "type": "kindergarten", "name": "Waldorfkindergarten Helmut von Kügelgen", "source": "OpenStreetMap/Overpass"}}, {"type": "Feature", "geometry": {"type": "Point", "coordinates": [8.6921907, 50.1857454]}, "properties": {"id": "osm:way:110750212", "type": "kindergarten", "name": "Kindertagesstätte 96", "source": "OpenStreetMap/Overpass"}}, {"type": "Feature", "geometry": {"type": "Point", "coordinates": [8.7055259, 50.2064448]}, "properties": {"id": "osm:way:110968469", "type": "school", "name": "Schule im Reinhardshof", "source": "OpenStreetMap/Overpass"}}, {"type": "Feature", "geometry": {"type": "Point", "coordinates": [8.7019672, 50.0989308]}, "properties": {"id": "osm:way:111452792", "type": "kindergarten", "name": "Mühlbergschule", "source": "OpenStreetMap/Overpass"}}, {"type": "Feature", "geometry": {"type": "Point", "coordinates": [8.6810114, 50.0858074]}, "properties": {"id": "osm:way:111452796", "type": "school", "name": "Martin-Buber-Schule", "source": "OpenStreetMap/Overpass"}}, {"type": "Feature", "geometry": {"type": "Point", "coordinates": [8.7619459, 50.1470881]}, "properties": {"id": "osm:way:116623630", "type": "kindergarten", "name": "Kita Heilig Kreuz", "source": "OpenStreetMap/Overpass"}}, {"type": "Feature", "geometry": {"type": "Point", "coordinates": [8.6738746, 50.0933748]}, "properties": {"id": "osm:way:120569857", "type": "school", "name": "Riedhofschule", "source": "OpenStreetMap/Overpass"}}, {"type": "Feature", "geometry": {"type": "Point", "coordinates": [8.6939574, 50.1142902]}, "properties": {"id": "osm:way:122557555", "type": "school", "name": "Ludwig-Börne-Schule", "source": "OpenStreetMap/Overpass"}}, {"type": "Feature", "geometry": {"type": "Point", "coordinates": [8.4739524, 50.1786739]}, "properties": {"id": "osm:way:123329475", "type": "school", "name": "Kids Camp - Bilinguale Grundschule Königstein", "source": "OpenStreetMap/Overpass"}}, {"type": "Feature", "geometry": {"type": "Point", "coordinates": [8.641833, 50.1881408]}, "properties": {"id": "osm:way:132219947", "type": "school", "name": "Grundschule Kalbach", "source": "OpenStreetMap/Overpass"}}, {"type": "Feature", "geometry": {"type": "Point", "coordinates": [8.6674734, 50.1827862]}, "properties": {"id": "osm:way:132747839", "type": "school", "name": "Steffi-Jones-Schule", "source": "OpenStreetMap/Overpass"}}, {"type": "Feature", "geometry": {"type": "Point", "coordinates": [8.7765233, 50.1955073]}, "properties": {"id": "osm:way:133559757", "type": "school", "name": "Stadtschule Bad Vilbel", "source": "OpenStreetMap/Overpass"}}, {"type": "Feature", "geometry": {"type": "Point", "coordinates": [8.7004987, 50.1398488]}, "properties": {"id": "osm:way:134514609", "type": "school", "name": "Valentin-Senger-Schule", "source": "OpenStreetMap/Overpass"}}, {"type": "Feature", "geometry": {"type": "Point", "coordinates": [8.6759034, 50.125453]}, "properties": {"id": "osm:way:135032498", "type": "school", "name": "Fürstenbergerschule", "source": "OpenStreetMap/Overpass"}}, {"type": "Feature", "geometry": {"type": "Point", "coordinates": [8.6962487, 50.1237777]}, "properties": {"id": "osm:way:135283890", "type": "school", "name": "Merianschule", "source": "OpenStreetMap/Overpass"}}, {"type": "Feature", "geometry": {"type": "Point", "coordinates": [8.7118934, 50.2032069]}, "properties": {"id": "osm:way:136192016", "type": "school", "name": "Anna-Schmidt-Schule", "source": "OpenStreetMap/Overpass"}}, {"type": "Feature", "geometry": {"type": "Point", "coordinates": [8.7110712, 50.2057137]}, "properties": {"id": "osm:way:136192049", "type": "school", "name": "Schule am Erlenbach", "source": "OpenStreetMap/Overpass"}}, {"type": "Feature", "geometry": {"type": "Point", "coordinates": [8.741658, 50.2062073]}, "properties": {"id": "osm:way:137471693", "type": "school", "name": "Regenbogenschule", "source": "OpenStreetMap/Overpass"}}, {"type": "Feature", "geometry": {"type": "Point", "coordinates": [8.6871459, 50.1208973]}, "properties": {"id": "osm:way:138261100", "type": "school", "name": "I. E. Lichtigfeld-Schule", "source": "OpenStreetMap/Overpass"}}, {"type": "Feature", "geometry": {"type": "Point", "coordinates": [8.6246442, 50.1501849]}, "properties": {"id": "osm:way:138484520", "type": "school", "name": "Hermann-Luppe-Schule", "source": "OpenStreetMap/Overpass"}}, {"type": "Feature", "geometry": {"type": "Point", "coordinates": [8.7030735, 50.0551274]}, "properties": {"id": "osm:way:138640297", "type": "kindergarten", "name": "Evangelischer Kindergarten Am Erlenbach", "source": "OpenStreetMap/Overpass"}}, {"type": "Feature", "geometry": {"type": "Point", "coordinates": [8.700824, 50.0437459]}, "properties": {"id": "osm:way:138759049", "type": "kindergarten", "name": "Katholischer Kindergarten Heilig-Kreuz", "source": "OpenStreetMap/Overpass"}}, {"type": "Feature", "geometry": {"type": "Point", "coordinates": [8.7015049, 50.0425688]}, "properties": {"id": "osm:way:138759055", "type": "school", "name": "Grundschule Buchenbusch", "source": "OpenStreetMap/Overpass"}}, {"type": "Feature", "geometry": {"type": "Point", "coordinates": [8.7020952, 50.0421695]}, "properties": {"id": "osm:way:138759078", "type": "kindergarten", "name": "Kindertagesstätte Eschenweg", "source": "OpenStreetMap/Overpass"}}, {"type": "Feature", "geometry": {"type": "Point", "coordinates": [8.7040268, 50.0528152]}, "properties": {"id": "osm:way:139019378", "type": "kindergarten", "name": "Familienzentrum Das Känguruh e.V.", "source": "OpenStreetMap/Overpass"}}, {"type": "Feature", "geometry": {"type": "Point", "coordinates": [8.6904259, 50.0490325]}, "properties": {"id": "osm:way:139559062", "type": "school", "name": "Hans-Christian-Andersen-Schule", "source": "OpenStreetMap/Overpass"}}, {"type": "Feature", "geometry": {"type": "Point", "coordinates": [8.5402219, 50.1085535]}, "properties": {"id": "osm:way:140617113", "type": "kindergarten", "name": "Kindertageseinrichtung Hinterhoftiger", "source": "OpenStreetMap/Overpass"}}, {"type": "Feature", "geometry": {"type": "Point", "coordinates": [8.6254954, 50.0994004]}, "properties": {"id": "osm:way:140756965", "type": "school", "name": "Ackermannschule", "source": "OpenStreetMap/Overpass"}}, {"type": "Feature", "geometry": {"type": "Point", "coordinates": [8.6269929, 50.1597838]}, "properties": {"id": "osm:way:141311772", "type": "school", "name": "Ernst-Reuter-Schule", "source": "OpenStreetMap/Overpass"}}, {"type": "Feature", "geometry": {"type": "Point", "coordinates": [8.6368957, 50.1061135]}, "properties": {"id": "osm:way:142270454", "type": "kindergarten", "name": "AWO Kita Europagarten", "source": "OpenStreetMap/Overpass"}}, {"type": "Feature", "geometry": {"type": "Point", "coordinates": [8.6345684, 50.1050456]}, "properties": {"id": "osm:way:142270600", "type": "school", "name": "Paul-Hindemith-Schule", "source": "OpenStreetMap/Overpass"}}, {"type": "Feature", "geometry": {"type": "Point", "coordinates": [8.6160021, 50.0347043]}, "properties": {"id": "osm:way:142514441", "type": "school", "name": "Grundschule Zeppelinheim", "source": "OpenStreetMap/Overpass"}}, {"type": "Feature", "geometry": {"type": "Point", "coordinates": [8.7858012, 50.0544486]}, "properties": {"id": "osm:way:143581606", "type": "school", "name": "Adolf-Reichwein-Gymnasium", "source": "OpenStreetMap/Overpass"}}, {"type": "Feature", "geometry": {"type": "Point", "coordinates": [8.7940737, 50.053191]}, "properties": {"id": "osm:way:143658482", "type": "kindergarten", "name": "", "source": "OpenStreetMap/Overpass"}}, {"type": "Feature", "geometry": {"type": "Point", "coordinates": [8.7950539, 50.0529049]}, "properties": {"id": "osm:way:143715557", "type": "school", "name": "", "source": "OpenStreetMap/Overpass"}}, {"type": "Feature", "geometry": {"type": "Point", "coordinates": [8.7840422, 50.0559196]}, "properties": {"id": "osm:way:143776455", "type": "kindergarten", "name": "", "source": "OpenStreetMap/Overpass"}}, {"type": "Feature", "geometry": {"type": "Point", "coordinates": [8.7882564, 50.0560932]}, "properties": {"id": "osm:way:143778019", "type": "kindergarten", "name": "Evangelische Kindertagesstätte", "source": "OpenStreetMap/Overpass"}}, {"type": "Feature", "geometry": {"type": "Point", "coordinates": [8.78654, 50.0559957]}, "properties": {"id": "osm:way:143778022", "type": "school", "name": "Adolf-Reichwein-Schule", "source": "OpenStreetMap/Overpass"}}, {"type": "Feature", "geometry": {"type": "Point", "coordinates": [8.7851163, 50.0539402]}, "properties": {"id": "osm:way:143920323", "type": "school", "name": "Sporthalle", "source": "OpenStreetMap/Overpass"}}, {"type": "Feature", "geometry": {"type": "Point", "coordinates": [8.6993801, 50.0213943]}, "properties": {"id": "osm:way:144867761", "type": "kindergarten", "name": "Kinderhaus Sprendlingen", "source": "OpenStreetMap/Overpass"}}, {"type": "Feature", "geometry": {"type": "Point", "coordinates": [8.6422755, 50.1040445]}, "properties": {"id": "osm:way:145977280", "type": "school", "name": "Günderrodeschule", "source": "OpenStreetMap/Overpass"}}, {"type": "Feature", "geometry": {"type": "Point", "coordinates": [8.6793442, 50.2214999]}, "properties": {"id": "osm:way:146167030", "type": "kindergarten", "name": "städt. Kindergarten", "source": "OpenStreetMap/Overpass"}}, {"type": "Feature", "geometry": {"type": "Point", "coordinates": [8.6803508, 50.2217315]}, "properties": {"id": "osm:way:146167032", "type": "school", "name": "Paul-Maar-Schule", "source": "OpenStreetMap/Overpass"}}, {"type": "Feature", "geometry": {"type": "Point", "coordinates": [8.6382457, 50.105542]}, "properties": {"id": "osm:way:146395317", "type": "school", "name": "Hellerhofschule", "source": "OpenStreetMap/Overpass"}}, {"type": "Feature", "geometry": {"type": "Point", "coordinates": [8.6494614, 50.2201004]}, "properties": {"id": "osm:way:147115579", "type": "kindergarten", "name": "Hessengärten", "source": "OpenStreetMap/Overpass"}}, {"type": "Feature", "geometry": {"type": "Point", "coordinates": [8.653766, 50.2175616]}, "properties": {"id": "osm:way:147117024", "type": "kindergarten", "name": "Eschbachtal", "source": "OpenStreetMap/Overpass"}}, {"type": "Feature", "geometry": {"type": "Point", "coordinates": [8.6531877, 50.2176338]}, "properties": {"id": "osm:way:147117026", "type": "school", "name": "Grundschule im Eschbachtal", "source": "OpenStreetMap/Overpass"}}, {"type": "Feature", "geometry": {"type": "Point", "coordinates": [8.646921, 50.2143523]}, "properties": {"id": "osm:way:147429652", "type": "kindergarten", "name": "Kindertagesstätte Leimenkaut", "source": "OpenStreetMap/Overpass"}}, {"type": "Feature", "geometry": {"type": "Point", "coordinates": [8.6422005, 50.2190931]}, "properties": {"id": "osm:way:147517917", "type": "kindergarten", "name": "Städtische Kindertagesstätte Am Seeberg", "source": "OpenStreetMap/Overpass"}}, {"type": "Feature", "geometry": {"type": "Point", "coordinates": [8.6927376, 50.1306601]}, "properties": {"id": "osm:way:149359578", "type": "childcare", "name": "Gebäude 6: Kinderhaus", "source": "OpenStreetMap/Overpass"}}, {"type": "Feature", "geometry": {"type": "Point", "coordinates": [8.6953288, 50.1313814]}, "properties": {"id": "osm:way:149359672", "type": "kindergarten", "name": "Kita 45", "source": "OpenStreetMap/Overpass"}}, {"type": "Feature", "geometry": {"type": "Point", "coordinates": [8.7006019, 50.1264403]}, "properties": {"id": "osm:way:149539963", "type": "school", "name": "Comeniusschule", "source": "OpenStreetMap/Overpass"}}, {"type": "Feature", "geometry": {"type": "Point", "coordinates": [8.6968504, 50.1287631]}, "properties": {"id": "osm:way:149540115", "type": "school", "name": "Hans-Böckler-Schule", "source": "OpenStreetMap/Overpass"}}, {"type": "Feature", "geometry": {"type": "Point", "coordinates": [8.7076031, 50.1189689]}, "properties": {"id": "osm:way:150667787", "type": "school", "name": "Helmholtzschule", "source": "OpenStreetMap/Overpass"}}, {"type": "Feature", "geometry": {"type": "Point", "coordinates": [8.6944535, 50.109806]}, "properties": {"id": "osm:way:150945601", "type": "kindergarten", "name": "Krabbelstube Siebenstein", "source": "OpenStreetMap/Overpass"}}, {"type": "Feature", "geometry": {"type": "Point", "coordinates": [8.6980153, 50.1086564]}, "properties": {"id": "osm:way:150945689", "type": "kindergarten", "name": "Krabbelstube Klanghafen", "source": "OpenStreetMap/Overpass"}}, {"type": "Feature", "geometry": {"type": "Point", "coordinates": [8.6987091, 50.1104128]}, "properties": {"id": "osm:way:151086816", "type": "school", "name": "Bethmannschule", "source": "OpenStreetMap/Overpass"}}, {"type": "Feature", "geometry": {"type": "Point", "coordinates": [8.6981107, 50.112232]}, "properties": {"id": "osm:way:151086926", "type": "school", "name": "Uhlandschule", "source": "OpenStreetMap/Overpass"}}, {"type": "Feature", "geometry": {"type": "Point", "coordinates": [8.7120283, 50.1200429]}, "properties": {"id": "osm:way:151266078", "type": "school", "name": "Brüder-Grimm-Schule", "source": "OpenStreetMap/Overpass"}}, {"type": "Feature", "geometry": {"type": "Point", "coordinates": [8.7118566, 50.1186419]}, "properties": {"id": "osm:way:151266079", "type": "kindergarten", "name": "Dahlmannschule", "source": "OpenStreetMap/Overpass"}}, {"type": "Feature", "geometry": {"type": "Point", "coordinates": [8.7056734, 50.123718]}, "properties": {"id": "osm:way:151631711", "type": "school", "name": "Stauffenbergschule", "source": "OpenStreetMap/Overpass"}}, {"type": "Feature", "geometry": {"type": "Point", "coordinates": [8.5357754, 50.0626858]}, "properties": {"id": "osm:way:151765911", "type": "kindergarten", "name": "Kinderhaus St. Elisabeth", "source": "OpenStreetMap/Overpass"}}, {"type": "Feature", "geometry": {"type": "Point", "coordinates": [8.7124098, 50.1275439]}, "properties": {"id": "osm:way:152071330", "type": "school", "name": "Wilhelm-Merton-Schule", "source": "OpenStreetMap/Overpass"}}, {"type": "Feature", "geometry": {"type": "Point", "coordinates": [8.7124094, 50.1275701]}, "properties": {"id": "osm:way:152072042", "type": "school", "name": "Wilhelm-Merton-Schule", "source": "OpenStreetMap/Overpass"}}, {"type": "Feature", "geometry": {"type": "Point", "coordinates": [8.7121139, 50.1282932]}, "properties": {"id": "osm:way:152072682", "type": "school", "name": "Kirchnerschule", "source": "OpenStreetMap/Overpass"}}, {"type": "Feature", "geometry": {"type": "Point", "coordinates": [8.6247447, 50.1131637]}, "properties": {"id": "osm:way:154751110", "type": "school", "name": "Viktoria-Luise-Schule", "source": "OpenStreetMap/Overpass"}}, {"type": "Feature", "geometry": {"type": "Point", "coordinates": [8.6112561, 50.1285228]}, "properties": {"id": "osm:way:155152208", "type": "school", "name": "Michael-Ende-Schule", "source": "OpenStreetMap/Overpass"}}, {"type": "Feature", "geometry": {"type": "Point", "coordinates": [8.6092955, 50.0985915]}, "properties": {"id": "osm:way:155463240", "type": "school", "name": "Berthold-Otto-Schule", "source": "OpenStreetMap/Overpass"}}, {"type": "Feature", "geometry": {"type": "Point", "coordinates": [8.523396, 50.1339631]}, "properties": {"id": "osm:way:156176327", "type": "childcare", "name": "", "source": "OpenStreetMap/Overpass"}}, {"type": "Feature", "geometry": {"type": "Point", "coordinates": [8.5268858, 50.1330529]}, "properties": {"id": "osm:way:156176334", "type": "childcare", "name": "Hort Eisvogel", "source": "OpenStreetMap/Overpass"}}, {"type": "Feature", "geometry": {"type": "Point", "coordinates": [8.5953474, 50.1295789]}, "properties": {"id": "osm:way:156176806", "type": "school", "name": "Metropolitan School Frankfurt", "source": "OpenStreetMap/Overpass"}}, {"type": "Feature", "geometry": {"type": "Point", "coordinates": [8.549506, 50.1080336]}, "properties": {"id": "osm:way:156230367", "type": "school", "name": "Robert-Blum-Schule", "source": "OpenStreetMap/Overpass"}}, {"type": "Feature", "geometry": {"type": "Point", "coordinates": [8.6846511, 50.1197066]}, "properties": {"id": "osm:way:156816097", "type": "school", "name": "Alois-Eckert-Schule", "source": "OpenStreetMap/Overpass"}}, {"type": "Feature", "geometry": {"type": "Point", "coordinates": [8.691211, 50.1166791]}, "properties": {"id": "osm:way:156816099", "type": "school", "name": "Julius-Leber-Schule", "source": "OpenStreetMap/Overpass"}}, {"type": "Feature", "geometry": {"type": "Point", "coordinates": [8.6082958, 50.0920658]}, "properties": {"id": "osm:way:158020313", "type": "school", "name": "Griechische Schule", "source": "OpenStreetMap/Overpass"}}, {"type": "Feature", "geometry": {"type": "Point", "coordinates": [8.6059306, 50.0911615]}, "properties": {"id": "osm:way:158183565", "type": "school", "name": "Boehleschule", "source": "OpenStreetMap/Overpass"}}, {"type": "Feature", "geometry": {"type": "Point", "coordinates": [8.5987333, 50.0914839]}, "properties": {"id": "osm:way:158186374", "type": "school", "name": "PTA-Lehranstalt Frankfurt", "source": "OpenStreetMap/Overpass"}}, {"type": "Feature", "geometry": {"type": "Point", "coordinates": [8.739193, 50.1792394]}, "properties": {"id": "osm:way:158580308", "type": "school", "name": "Stadtschule Bad Vilbel", "source": "OpenStreetMap/Overpass"}}, {"type": "Feature", "geometry": {"type": "Point", "coordinates": [8.6053104, 50.09696]}, "properties": {"id": "osm:way:159954268", "type": "kindergarten", "name": "Kita Zauberwald", "source": "OpenStreetMap/Overpass"}}, {"type": "Feature", "geometry": {"type": "Point", "coordinates": [8.5271916, 50.1096053]}, "properties": {"id": "osm:way:160177649", "type": "school", "name": "Karl-von-Ibell-Schule", "source": "OpenStreetMap/Overpass"}}, {"type": "Feature", "geometry": {"type": "Point", "coordinates": [8.5777839, 50.1037216]}, "properties": {"id": "osm:way:161700712", "type": "school", "name": "Panoramaschule", "source": "OpenStreetMap/Overpass"}}, {"type": "Feature", "geometry": {"type": "Point", "coordinates": [8.7631264, 50.0834934]}, "properties": {"id": "osm:way:163079289", "type": "school", "name": "Edith-Stein-Schule", "source": "OpenStreetMap/Overpass"}}, {"type": "Feature", "geometry": {"type": "Point", "coordinates": [8.7815746, 50.092598]}, "properties": {"id": "osm:way:163102327", "type": "school", "name": "Theodor-Heuss-Schule", "source": "OpenStreetMap/Overpass"}}, {"type": "Feature", "geometry": {"type": "Point", "coordinates": [8.7664216, 50.0841997]}, "properties": {"id": "osm:way:163179140", "type": "school", "name": "Anne-Frank-Schule", "source": "OpenStreetMap/Overpass"}}, {"type": "Feature", "geometry": {"type": "Point", "coordinates": [8.5661639, 50.1017354]}, "properties": {"id": "osm:way:163266375", "type": "kindergarten", "name": "Niddaschule", "source": "OpenStreetMap/Overpass"}}, {"type": "Feature", "geometry": {"type": "Point", "coordinates": [8.7208026, 50.1751269]}, "properties": {"id": "osm:way:164323536", "type": "school", "name": "Ernst-Reuter-Schule", "source": "OpenStreetMap/Overpass"}}, {"type": "Feature", "geometry": {"type": "Point", "coordinates": [8.6264382, 50.1789636]}, "properties": {"id": "osm:way:164703339", "type": "school", "name": "Gymnasium Riedberg", "source": "OpenStreetMap/Overpass"}}, {"type": "Feature", "geometry": {"type": "Point", "coordinates": [8.6509338, 50.0889524]}, "properties": {"id": "osm:way:166457152", "type": "school", "name": "Frauenhofschule", "source": "OpenStreetMap/Overpass"}}, {"type": "Feature", "geometry": {"type": "Point", "coordinates": [8.6764612, 50.1009788]}, "properties": {"id": "osm:way:166552095", "type": "school", "name": "Carl-Schurz-Schule", "source": "OpenStreetMap/Overpass"}}, {"type": "Feature", "geometry": {"type": "Point", "coordinates": [8.6828078, 50.1017116]}, "properties": {"id": "osm:way:166552478", "type": "school", "name": "Gymnasium Süd (Schule im Aufbau)", "source": "OpenStreetMap/Overpass"}}, {"type": "Feature", "geometry": {"type": "Point", "coordinates": [8.6456444, 50.0960962]}, "properties": {"id": "osm:way:166579536", "type": "school", "name": "Werner-von-Siemens-Schule", "source": "OpenStreetMap/Overpass"}}, {"type": "Feature", "geometry": {"type": "Point", "coordinates": [8.7495668, 50.1566294]}, "properties": {"id": "osm:way:166929792", "type": "school", "name": "Schule am Landgraben", "source": "OpenStreetMap/Overpass"}}, {"type": "Feature", "geometry": {"type": "Point", "coordinates": [8.6847465, 50.1171789]}, "properties": {"id": "osm:way:166971206", "type": "school", "name": "Liebfrauenschule", "source": "OpenStreetMap/Overpass"}}, {"type": "Feature", "geometry": {"type": "Point", "coordinates": [8.7685296, 50.1197048]}, "properties": {"id": "osm:way:167141345", "type": "school", "name": "", "source": "OpenStreetMap/Overpass"}}, {"type": "Feature", "geometry": {"type": "Point", "coordinates": [8.7128243, 50.1281806]}, "properties": {"id": "osm:way:167159954", "type": "kindergarten", "name": "KidS an der Kirchnerschule", "source": "OpenStreetMap/Overpass"}}, {"type": "Feature", "geometry": {"type": "Point", "coordinates": [8.6611958, 50.1151352]}, "properties": {"id": "osm:way:167202114", "type": "school", "name": "Elsa-Brändström-Schule", "source": "OpenStreetMap/Overpass"}}, {"type": "Feature", "geometry": {"type": "Point", "coordinates": [8.7468884, 50.1001778]}, "properties": {"id": "osm:way:167905814", "type": "school", "name": "Erasmus-Schule", "source": "OpenStreetMap/Overpass"}}, {"type": "Feature", "geometry": {"type": "Point", "coordinates": [8.687477, 50.1471178]}, "properties": {"id": "osm:way:168874704", "type": "kindergarten", "name": "Internationale Kindertagesstätte Gederner Straße", "source": "OpenStreetMap/Overpass"}}, {"type": "Feature", "geometry": {"type": "Point", "coordinates": [8.7548923, 50.0778751]}, "properties": {"id": "osm:way:169954461", "type": "school", "name": "Marianne-Frostig-Schule", "source": "OpenStreetMap/Overpass"}}, {"type": "Feature", "geometry": {"type": "Point", "coordinates": [8.7753672, 50.0209877]}, "properties": {"id": "osm:way:170435512", "type": "kindergarten", "name": "Montessori-Kinderhaus", "source": "OpenStreetMap/Overpass"}}, {"type": "Feature", "geometry": {"type": "Point", "coordinates": [8.7740861, 50.1048258]}, "properties": {"id": "osm:way:172440900", "type": "school", "name": "Mathildenschule", "source": "OpenStreetMap/Overpass"}}, {"type": "Feature", "geometry": {"type": "Point", "coordinates": [8.7750866, 50.1066043]}, "properties": {"id": "osm:way:172464110", "type": "childcare", "name": "KiTa im Zion", "source": "OpenStreetMap/Overpass"}}, {"type": "Feature", "geometry": {"type": "Point", "coordinates": [8.6679517, 50.1068197]}, "properties": {"id": "osm:way:173992051", "type": "childcare", "name": "Erweiterte Schulische Betreuung und Schulhofbetreuung an der Karmeliter- und Weißfrauenschule", "source": "OpenStreetMap/Overpass"}}, {"type": "Feature", "geometry": {"type": "Point", "coordinates": [8.786986, 50.0962286]}, "properties": {"id": "osm:way:179698597", "type": "kindergarten", "name": "Kindergarten Markusgemeinde", "source": "OpenStreetMap/Overpass"}}, {"type": "Feature", "geometry": {"type": "Point", "coordinates": [8.7838697, 50.1196829]}, "properties": {"id": "osm:way:189262326", "type": "school", "name": "Uhlandschule", "source": "OpenStreetMap/Overpass"}}, {"type": "Feature", "geometry": {"type": "Point", "coordinates": [8.7572498, 50.091989]}, "properties": {"id": "osm:way:190779439", "type": "school", "name": "Beethovenschule", "source": "OpenStreetMap/Overpass"}}, {"type": "Feature", "geometry": {"type": "Point", "coordinates": [8.7682288, 50.0910298]}, "properties": {"id": "osm:way:191187457", "type": "school", "name": "Humboldtschule", "source": "OpenStreetMap/Overpass"}}, {"type": "Feature", "geometry": {"type": "Point", "coordinates": [8.7744066, 50.0986021]}, "properties": {"id": "osm:way:191504562", "type": "school", "name": "", "source": "OpenStreetMap/Overpass"}}, {"type": "Feature", "geometry": {"type": "Point", "coordinates": [8.7826743, 50.0971295]}, "properties": {"id": "osm:way:191655743", "type": "school", "name": "Marienschule", "source": "OpenStreetMap/Overpass"}}, {"type": "Feature", "geometry": {"type": "Point", "coordinates": [8.7820677, 50.096354]}, "properties": {"id": "osm:way:191655744", "type": "school", "name": "", "source": "OpenStreetMap/Overpass"}}, {"type": "Feature", "geometry": {"type": "Point", "coordinates": [8.8014128, 50.1120608]}, "properties": {"id": "osm:way:191852423", "type": "school", "name": "Fröbelschule", "source": "OpenStreetMap/Overpass"}}, {"type": "Feature", "geometry": {"type": "Point", "coordinates": [8.7451868, 50.2117726]}, "properties": {"id": "osm:way:192025827", "type": "school", "name": "Europäische Schule Rhein-Main", "source": "OpenStreetMap/Overpass"}}, {"type": "Feature", "geometry": {"type": "Point", "coordinates": [8.7850502, 50.0921663]}, "properties": {"id": "osm:way:192626630", "type": "school", "name": "Grundschule Buchhügel", "source": "OpenStreetMap/Overpass"}}, {"type": "Feature", "geometry": {"type": "Point", "coordinates": [8.5614708, 50.2104211]}, "properties": {"id": "osm:way:202663964", "type": "kindergarten", "name": "Städtischer Waldkindergarten \"Waldzwerge\"", "source": "OpenStreetMap/Overpass"}}, {"type": "Feature", "geometry": {"type": "Point", "coordinates": [8.5417683, 50.105324]}, "properties": {"id": "osm:way:203013136", "type": "school", "name": "Leibnizschule", "source": "OpenStreetMap/Overpass"}}, {"type": "Feature", "geometry": {"type": "Point", "coordinates": [8.6221518, 50.1245]}, "properties": {"id": "osm:way:203537163", "type": "kindergarten", "name": "Kindertagesstätte St. Raphael", "source": "OpenStreetMap/Overpass"}}, {"type": "Feature", "geometry": {"type": "Point", "coordinates": [8.4736743, 50.1754324]}, "properties": {"id": "osm:way:207307236", "type": "school", "name": "Bischof-Neumann-Schule", "source": "OpenStreetMap/Overpass"}}, {"type": "Feature", "geometry": {"type": "Point", "coordinates": [8.5432066, 50.1130184]}, "properties": {"id": "osm:way:208093630", "type": "school", "name": "Walter-Kolb-Schule", "source": "OpenStreetMap/Overpass"}}, {"type": "Feature", "geometry": {"type": "Point", "coordinates": [8.5739626, 50.1389858]}, "properties": {"id": "osm:way:209376063", "type": "childcare", "name": "Evangelische Kindertagesstätte Raupenland", "source": "OpenStreetMap/Overpass"}}, {"type": "Feature", "geometry": {"type": "Point", "coordinates": [8.5409869, 50.0999474]}, "properties": {"id": "osm:way:210639764", "type": "school", "name": "Hostatoschule", "source": "OpenStreetMap/Overpass"}}, {"type": "Feature", "geometry": {"type": "Point", "coordinates": [8.5441788, 50.1003736]}, "properties": {"id": "osm:way:210639765", "type": "school", "name": "Hostatoschule (Außenstelle)", "source": "OpenStreetMap/Overpass"}}, {"type": "Feature", "geometry": {"type": "Point", "coordinates": [8.5433687, 50.0989967]}, "properties": {"id": "osm:way:211963301", "type": "school", "name": "Robert-Koch-Schule", "source": "OpenStreetMap/Overpass"}}, {"type": "Feature", "geometry": {"type": "Point", "coordinates": [8.5516325, 50.1016042]}, "properties": {"id": "osm:way:212454800", "type": "school", "name": "Kasinoschule", "source": "OpenStreetMap/Overpass"}}, {"type": "Feature", "geometry": {"type": "Point", "coordinates": [8.6983615, 50.158962]}, "properties": {"id": "osm:way:218283808", "type": "kindergarten", "name": "Tier und Natur Kindergarten - Die Grashüpfer", "source": "OpenStreetMap/Overpass"}}, {"type": "Feature", "geometry": {"type": "Point", "coordinates": [8.637611, 50.1774228]}, "properties": {"id": "osm:way:222058286", "type": "kindergarten", "name": "Kindertagesstätte Sonnenwind", "source": "OpenStreetMap/Overpass"}}, {"type": "Feature", "geometry": {"type": "Point", "coordinates": [8.4946046, 50.1699881]}, "properties": {"id": "osm:way:225101916", "type": "school", "name": "Grundschule Mammolshain", "source": "OpenStreetMap/Overpass"}}, {"type": "Feature", "geometry": {"type": "Point", "coordinates": [8.5429445, 50.1852925]}, "properties": {"id": "osm:way:226698937", "type": "school", "name": "Grundschule Schöne Aussicht", "source": "OpenStreetMap/Overpass"}}, {"type": "Feature", "geometry": {"type": "Point", "coordinates": [8.5433383, 50.1862426]}, "properties": {"id": "osm:way:226698938", "type": "kindergarten", "name": "Kindertagesstätte Schöne Aussicht", "source": "OpenStreetMap/Overpass"}}, {"type": "Feature", "geometry": {"type": "Point", "coordinates": [8.6724185, 50.1342234]}, "properties": {"id": "osm:way:228828403", "type": "kindergarten", "name": "Krabbelstube Dornbuschläufer", "source": "OpenStreetMap/Overpass"}}, {"type": "Feature", "geometry": {"type": "Point", "coordinates": [8.6152568, 50.1164495]}, "properties": {"id": "osm:way:230046645", "type": "kindergarten", "name": "Kinderzentrum Am Biegweg", "source": "OpenStreetMap/Overpass"}}, {"type": "Feature", "geometry": {"type": "Point", "coordinates": [8.6593715, 50.1008251]}, "properties": {"id": "osm:way:230362193", "type": "kindergarten", "name": "Kita Hafenstraße", "source": "OpenStreetMap/Overpass"}}, {"type": "Feature", "geometry": {"type": "Point", "coordinates": [8.6675036, 50.1062877]}, "properties": {"id": "osm:way:230544902", "type": "school", "name": "Karmeliterschule", "source": "OpenStreetMap/Overpass"}}, {"type": "Feature", "geometry": {"type": "Point", "coordinates": [8.6680079, 50.1061137]}, "properties": {"id": "osm:way:230544904", "type": "school", "name": "Weißfrauenschule", "source": "OpenStreetMap/Overpass"}}, {"type": "Feature", "geometry": {"type": "Point", "coordinates": [8.7803311, 50.0261857]}, "properties": {"id": "osm:way:230903619", "type": "school", "name": "Heinrich-Mann-Schule", "source": "OpenStreetMap/Overpass"}}, {"type": "Feature", "geometry": {"type": "Point", "coordinates": [8.7925828, 50.0327681]}, "properties": {"id": "osm:way:230910282", "type": "kindergarten", "name": "Kindertagesstätte III", "source": "OpenStreetMap/Overpass"}}, {"type": "Feature", "geometry": {"type": "Point", "coordinates": [8.677335, 50.1018862]}, "properties": {"id": "osm:way:232366741", "type": "school", "name": "Schillerschule", "source": "OpenStreetMap/Overpass"}}, {"type": "Feature", "geometry": {"type": "Point", "coordinates": [8.771111, 50.1196883]}, "properties": {"id": "osm:way:233883996", "type": "kindergarten", "name": "Kindertagesstätte Mainstrolche", "source": "OpenStreetMap/Overpass"}}, {"type": "Feature", "geometry": {"type": "Point", "coordinates": [8.6342938, 50.226355]}, "properties": {"id": "osm:way:234532301", "type": "school", "name": "ehemaliges Ausgleichsamt", "source": "OpenStreetMap/Overpass"}}, {"type": "Feature", "geometry": {"type": "Point", "coordinates": [8.7543867, 50.0939714]}, "properties": {"id": "osm:way:235950300", "type": "kindergarten", "name": "Kita 5", "source": "OpenStreetMap/Overpass"}}, {"type": "Feature", "geometry": {"type": "Point", "coordinates": [8.7662587, 50.1073873]}, "properties": {"id": "osm:way:240191577", "type": "school", "name": "Gewerblich-Technische-Schulen (GTS)", "source": "OpenStreetMap/Overpass"}}, {"type": "Feature", "geometry": {"type": "Point", "coordinates": [8.6858543, 50.1837558]}, "properties": {"id": "osm:way:242643229", "type": "childcare", "name": "DRK Kita Vielfalter Harheim", "source": "OpenStreetMap/Overpass"}}, {"type": "Feature", "geometry": {"type": "Point", "coordinates": [8.4918746, 50.1196285]}, "properties": {"id": "osm:way:244754088", "type": "kindergarten", "name": "Kindergarten Bahnstraße", "source": "OpenStreetMap/Overpass"}}, {"type": "Feature", "geometry": {"type": "Point", "coordinates": [8.4886178, 50.1243807]}, "properties": {"id": "osm:way:245588751", "type": "kindergarten", "name": "Die Kinderkiste", "source": "OpenStreetMap/Overpass"}}, {"type": "Feature", "geometry": {"type": "Point", "coordinates": [8.4881038, 50.1242769]}, "properties": {"id": "osm:way:245588753", "type": "school", "name": "Liederbachschule", "source": "OpenStreetMap/Overpass"}}, {"type": "Feature", "geometry": {"type": "Point", "coordinates": [8.4795364, 50.1270565]}, "properties": {"id": "osm:way:247749525", "type": "kindergarten", "name": "Kindergarten Ritterwiesen", "source": "OpenStreetMap/Overpass"}}, {"type": "Feature", "geometry": {"type": "Point", "coordinates": [8.6891659, 50.1512334]}, "properties": {"id": "osm:way:247897679", "type": "school", "name": "Freie Schule Frankfurt", "source": "OpenStreetMap/Overpass"}}, {"type": "Feature", "geometry": {"type": "Point", "coordinates": [8.7748711, 50.0210118]}, "properties": {"id": "osm:way:250040460", "type": "school", "name": "Montessori-Schule", "source": "OpenStreetMap/Overpass"}}, {"type": "Feature", "geometry": {"type": "Point", "coordinates": [8.6883712, 50.1554902]}, "properties": {"id": "osm:way:255441925", "type": "kindergarten", "name": "Kindergarten Evangelische Kreuzgemeinde", "source": "OpenStreetMap/Overpass"}}, {"type": "Feature", "geometry": {"type": "Point", "coordinates": [8.6789495, 50.1542468]}, "properties": {"id": "osm:way:255441937", "type": "kindergarten", "name": "Krabbelstube Nazarethstern", "source": "OpenStreetMap/Overpass"}}, {"type": "Feature", "geometry": {"type": "Point", "coordinates": [8.5299459, 50.0674975]}, "properties": {"id": "osm:way:256968802", "type": "school", "name": "Bürgermeister-Hardt-Schule", "source": "OpenStreetMap/Overpass"}}, {"type": "Feature", "geometry": {"type": "Point", "coordinates": [8.7771082, 50.0169219]}, "properties": {"id": "osm:way:267868675", "type": "kindergarten", "name": "St. Martin", "source": "OpenStreetMap/Overpass"}}, {"type": "Feature", "geometry": {"type": "Point", "coordinates": [8.675023, 50.0514866]}, "properties": {"id": "osm:way:268783465", "type": "school", "name": "Wilhelm-Hauff-Schule", "source": "OpenStreetMap/Overpass"}}, {"type": "Feature", "geometry": {"type": "Point", "coordinates": [8.552378, 50.1431436]}, "properties": {"id": "osm:way:277203167", "type": "kindergarten", "name": "Kindertagesstätte Bismarckstraße", "source": "OpenStreetMap/Overpass"}}, {"type": "Feature", "geometry": {"type": "Point", "coordinates": [8.5765714, 50.1037158]}, "properties": {"id": "osm:way:277496949", "type": "kindergarten", "name": "Kindertagesstätte St. Lioba", "source": "OpenStreetMap/Overpass"}}, {"type": "Feature", "geometry": {"type": "Point", "coordinates": [8.7638048, 50.1071249]}, "properties": {"id": "osm:way:282238501", "type": "school", "name": "Rudolf-Koch-Schule", "source": "OpenStreetMap/Overpass"}}, {"type": "Feature", "geometry": {"type": "Point", "coordinates": [8.7556076, 50.1086712]}, "properties": {"id": "osm:way:282791916", "type": "school", "name": "Emmy-Noether-Schule", "source": "OpenStreetMap/Overpass"}}, {"type": "Feature", "geometry": {"type": "Point", "coordinates": [8.6908794, 50.0238634]}, "properties": {"id": "osm:way:283120100", "type": "kindergarten", "name": "Kindertagesstätte Erich-Kästner", "source": "OpenStreetMap/Overpass"}}, {"type": "Feature", "geometry": {"type": "Point", "coordinates": [8.6384967, 50.1793863]}, "properties": {"id": "osm:way:288775590", "type": "kindergarten", "name": "Kita Schatzinsel", "source": "OpenStreetMap/Overpass"}}, {"type": "Feature", "geometry": {"type": "Point", "coordinates": [8.6448219, 50.1773481]}, "properties": {"id": "osm:way:288775591", "type": "kindergarten", "name": "Kita Welt-Raum", "source": "OpenStreetMap/Overpass"}}, {"type": "Feature", "geometry": {"type": "Point", "coordinates": [8.72639, 50.0978456]}, "properties": {"id": "osm:way:288916350", "type": "school", "name": "Gruneliusschule", "source": "OpenStreetMap/Overpass"}}, {"type": "Feature", "geometry": {"type": "Point", "coordinates": [8.6371233, 50.1798112]}, "properties": {"id": "osm:way:293695602", "type": "school", "name": "Josephine-Baker-Gesamtschule", "source": "OpenStreetMap/Overpass"}}, {"type": "Feature", "geometry": {"type": "Point", "coordinates": [8.6973496, 50.0568528]}, "properties": {"id": "osm:way:294300826", "type": "kindergarten", "name": "Evangelischer Kindergarten Marktplatzgemeinde", "source": "OpenStreetMap/Overpass"}}, {"type": "Feature", "geometry": {"type": "Point", "coordinates": [8.7009017, 50.0269882]}, "properties": {"id": "osm:way:296407111", "type": "kindergarten", "name": "Kindertagesstätte", "source": "OpenStreetMap/Overpass"}}, {"type": "Feature", "geometry": {"type": "Point", "coordinates": [8.6876157, 50.0313302]}, "properties": {"id": "osm:way:297169917", "type": "school", "name": "Gerhart-Hauptmann-Schule", "source": "OpenStreetMap/Overpass"}}, {"type": "Feature", "geometry": {"type": "Point", "coordinates": [8.7680017, 50.1020944]}, "properties": {"id": "osm:way:298055454", "type": "school", "name": "Wilhelmschule", "source": "OpenStreetMap/Overpass"}}, {"type": "Feature", "geometry": {"type": "Point", "coordinates": [8.8003291, 50.1497369]}, "properties": {"id": "osm:way:300630713", "type": "school", "name": "Waldschule", "source": "OpenStreetMap/Overpass"}}, {"type": "Feature", "geometry": {"type": "Point", "coordinates": [8.6934223, 50.1038136]}, "properties": {"id": "osm:way:302489153", "type": "school", "name": "Willemerschule", "source": "OpenStreetMap/Overpass"}}, {"type": "Feature", "geometry": {"type": "Point", "coordinates": [8.7450386, 50.1081574]}, "properties": {"id": "osm:way:303305125", "type": "school", "name": "Schillerschule", "source": "OpenStreetMap/Overpass"}}, {"type": "Feature", "geometry": {"type": "Point", "coordinates": [8.4978802, 50.134096]}, "properties": {"id": "osm:way:304108771", "type": "school", "name": "Otfried Preußler Schule", "source": "OpenStreetMap/Overpass"}}, {"type": "Feature", "geometry": {"type": "Point", "coordinates": [8.4758586, 50.088848]}, "properties": {"id": "osm:way:306491834", "type": "kindergarten", "name": "Kita Linsenberg", "source": "OpenStreetMap/Overpass"}}, {"type": "Feature", "geometry": {"type": "Point", "coordinates": [8.4947766, 50.0531548]}, "properties": {"id": "osm:way:306541046", "type": "childcare", "name": "Kindertagesstätte", "source": "OpenStreetMap/Overpass"}}, {"type": "Feature", "geometry": {"type": "Point", "coordinates": [8.4966828, 50.0536513]}, "properties": {"id": "osm:way:306585200", "type": "school", "name": "Albert-Schweitzer-Schule", "source": "OpenStreetMap/Overpass"}}, {"type": "Feature", "geometry": {"type": "Point", "coordinates": [8.6858476, 50.0315681]}, "properties": {"id": "osm:way:308845165", "type": "childcare", "name": "", "source": "OpenStreetMap/Overpass"}}, {"type": "Feature", "geometry": {"type": "Point", "coordinates": [8.7347752, 50.1846817]}, "properties": {"id": "osm:way:308963896", "type": "school", "name": "Saalburgschule", "source": "OpenStreetMap/Overpass"}}, {"type": "Feature", "geometry": {"type": "Point", "coordinates": [8.7504996, 50.1067916]}, "properties": {"id": "osm:way:309105923", "type": "school", "name": "Goetheschule", "source": "OpenStreetMap/Overpass"}}, {"type": "Feature", "geometry": {"type": "Point", "coordinates": [8.7633661, 50.1026903]}, "properties": {"id": "osm:way:310665729", "type": "school", "name": "Eichendorffschule", "source": "OpenStreetMap/Overpass"}}, {"type": "Feature", "geometry": {"type": "Point", "coordinates": [8.7632594, 50.103168]}, "properties": {"id": "osm:way:310665730", "type": "school", "name": "Erich-Kästner-Schule", "source": "OpenStreetMap/Overpass"}}, {"type": "Feature", "geometry": {"type": "Point", "coordinates": [8.5334496, 50.1372978]}, "properties": {"id": "osm:way:312021532", "type": "kindergarten", "name": "DRK-Kindertagesstätte Zuckerrübe", "source": "OpenStreetMap/Overpass"}}, {"type": "Feature", "geometry": {"type": "Point", "coordinates": [8.6713776, 50.1429974]}, "properties": {"id": "osm:way:312977510", "type": "kindergarten", "name": "kita frankfurt", "source": "OpenStreetMap/Overpass"}}, {"type": "Feature", "geometry": {"type": "Point", "coordinates": [8.773114, 50.103926]}, "properties": {"id": "osm:way:318320799", "type": "kindergarten", "name": "KiTa 4", "source": "OpenStreetMap/Overpass"}}, {"type": "Feature", "geometry": {"type": "Point", "coordinates": [8.4900899, 50.1253311]}, "properties": {"id": "osm:way:320112069", "type": "kindergarten", "name": "Mäusehaus", "source": "OpenStreetMap/Overpass"}}, {"type": "Feature", "geometry": {"type": "Point", "coordinates": [8.5388035, 50.1480768]}, "properties": {"id": "osm:way:320705041", "type": "school", "name": "Geschwister-Scholl-Schule", "source": "OpenStreetMap/Overpass"}}, {"type": "Feature", "geometry": {"type": "Point", "coordinates": [8.5282179, 50.0579315]}, "properties": {"id": "osm:way:321446831", "type": "school", "name": "Karl-Treutel-Schule", "source": "OpenStreetMap/Overpass"}}, {"type": "Feature", "geometry": {"type": "Point", "coordinates": [8.7759468, 50.0149247]}, "properties": {"id": "osm:way:321740520", "type": "school", "name": "Aue-Schule", "source": "OpenStreetMap/Overpass"}}, {"type": "Feature", "geometry": {"type": "Point", "coordinates": [8.4780572, 50.1933025]}, "properties": {"id": "osm:way:327433682", "type": "kindergarten", "name": "Evangelische Kindertagesstätte Falkenstein", "source": "OpenStreetMap/Overpass"}}, {"type": "Feature", "geometry": {"type": "Point", "coordinates": [8.6205176, 50.1799794]}, "properties": {"id": "osm:way:328224149", "type": "school", "name": "Marie-Curie-Schule", "source": "OpenStreetMap/Overpass"}}, {"type": "Feature", "geometry": {"type": "Point", "coordinates": [8.620824, 50.1795256]}, "properties": {"id": "osm:way:328224150", "type": "kindergarten", "name": "Kita Himmelsbogen", "source": "OpenStreetMap/Overpass"}}, {"type": "Feature", "geometry": {"type": "Point", "coordinates": [8.7588624, 50.0847021]}, "properties": {"id": "osm:way:332370625", "type": "school", "name": "Lauterborn- und Ludwig-Dern-Schule", "source": "OpenStreetMap/Overpass"}}, {"type": "Feature", "geometry": {"type": "Point", "coordinates": [8.7894901, 50.0262915]}, "properties": {"id": "osm:way:334774977", "type": "kindergarten", "name": "Kindergarten Limesstraße", "source": "OpenStreetMap/Overpass"}}, {"type": "Feature", "geometry": {"type": "Point", "coordinates": [8.780397, 50.0245634]}, "properties": {"id": "osm:way:334774978", "type": "kindergarten", "name": "Kindertagesstätte XI", "source": "OpenStreetMap/Overpass"}}, {"type": "Feature", "geometry": {"type": "Point", "coordinates": [8.675135, 50.0519538]}, "properties": {"id": "osm:way:347766983", "type": "kindergarten", "name": "Toddlers Plus English Daycare", "source": "OpenStreetMap/Overpass"}}, {"type": "Feature", "geometry": {"type": "Point", "coordinates": [8.7152052, 50.1140188]}, "properties": {"id": "osm:way:347982414", "type": "kindergarten", "name": "EZB-Kindertagesstätte", "source": "OpenStreetMap/Overpass"}}, {"type": "Feature", "geometry": {"type": "Point", "coordinates": [8.598907, 50.1019363]}, "properties": {"id": "osm:way:358801114", "type": "kindergarten", "name": "Kita 59", "source": "OpenStreetMap/Overpass"}}, {"type": "Feature", "geometry": {"type": "Point", "coordinates": [8.5921704, 50.102507]}, "properties": {"id": "osm:way:358801858", "type": "kindergarten", "name": "", "source": "OpenStreetMap/Overpass"}}, {"type": "Feature", "geometry": {"type": "Point", "coordinates": [8.7995358, 50.145881]}, "properties": {"id": "osm:way:362387186", "type": "kindergarten", "name": "Kita Rhönstraße", "source": "OpenStreetMap/Overpass"}}, {"type": "Feature", "geometry": {"type": "Point", "coordinates": [8.5736975, 50.0983224]}, "properties": {"id": "osm:way:363617100", "type": "kindergarten", "name": "Kindertagesstätte Elisabeth", "source": "OpenStreetMap/Overpass"}}, {"type": "Feature", "geometry": {"type": "Point", "coordinates": [8.5592105, 50.1067031]}, "properties": {"id": "osm:way:363618057", "type": "school", "name": "IGS 15", "source": "OpenStreetMap/Overpass"}}, {"type": "Feature", "geometry": {"type": "Point", "coordinates": [8.6258005, 50.1585037]}, "properties": {"id": "osm:way:365564683", "type": "kindergarten", "name": "Kinderzentrum Hammarskjöldring", "source": "OpenStreetMap/Overpass"}}, {"type": "Feature", "geometry": {"type": "Point", "coordinates": [8.7621252, 50.1342272]}, "properties": {"id": "osm:way:368465635", "type": "kindergarten", "name": "Ev. Kita Sonnenschein", "source": "OpenStreetMap/Overpass"}}, {"type": "Feature", "geometry": {"type": "Point", "coordinates": [8.7617085, 50.1338574]}, "properties": {"id": "osm:way:368465636", "type": "kindergarten", "name": "Ev. Kita Sonnenschein", "source": "OpenStreetMap/Overpass"}}, {"type": "Feature", "geometry": {"type": "Point", "coordinates": [8.555098, 50.1049354]}, "properties": {"id": "osm:way:370897952", "type": "school", "name": "IGS West", "source": "OpenStreetMap/Overpass"}}, {"type": "Feature", "geometry": {"type": "Point", "coordinates": [8.6898768, 50.1266072]}, "properties": {"id": "osm:way:372499903", "type": "kindergarten", "name": "Kita Lenaustraße", "source": "OpenStreetMap/Overpass"}}, {"type": "Feature", "geometry": {"type": "Point", "coordinates": [8.5462879, 50.1621451]}, "properties": {"id": "osm:way:384275958", "type": "kindergarten", "name": "Kindertagesstätte Schillerstraße", "source": "OpenStreetMap/Overpass"}}, {"type": "Feature", "geometry": {"type": "Point", "coordinates": [8.6287378, 50.1107151]}, "properties": {"id": "osm:way:386367919", "type": "kindergarten", "name": "Kita Weltensegler", "source": "OpenStreetMap/Overpass"}}, {"type": "Feature", "geometry": {"type": "Point", "coordinates": [8.7113486, 50.1283894]}, "properties": {"id": "osm:way:386373328", "type": "kindergarten", "name": "Krabbelstube Kinderzeit", "source": "OpenStreetMap/Overpass"}}, {"type": "Feature", "geometry": {"type": "Point", "coordinates": [8.7624319, 50.2225209]}, "properties": {"id": "osm:way:389354094", "type": "kindergarten", "name": "Montessori Kinderhaus in Karben (MoKiK)", "source": "OpenStreetMap/Overpass"}}, {"type": "Feature", "geometry": {"type": "Point", "coordinates": [8.6892154, 50.0212648]}, "properties": {"id": "osm:way:389578173", "type": "school", "name": "Ricarda-Huch-Schule", "source": "OpenStreetMap/Overpass"}}, {"type": "Feature", "geometry": {"type": "Point", "coordinates": [8.687943, 50.0184371]}, "properties": {"id": "osm:way:389851770", "type": "school", "name": "Grundschule am Hengstbach", "source": "OpenStreetMap/Overpass"}}, {"type": "Feature", "geometry": {"type": "Point", "coordinates": [8.6900489, 50.0202404]}, "properties": {"id": "osm:way:389851771", "type": "school", "name": "Erich-Kästner-Schule", "source": "OpenStreetMap/Overpass"}}, {"type": "Feature", "geometry": {"type": "Point", "coordinates": [8.5080035, 50.1410303]}, "properties": {"id": "osm:way:392106589", "type": "school", "name": "Theodor-Heuss-Schule", "source": "OpenStreetMap/Overpass"}}, {"type": "Feature", "geometry": {"type": "Point", "coordinates": [8.6956755, 50.0977265]}, "properties": {"id": "osm:way:400574941", "type": "kindergarten", "name": "KiTa Am Wassertempel", "source": "OpenStreetMap/Overpass"}}, {"type": "Feature", "geometry": {"type": "Point", "coordinates": [8.6596094, 50.187104]}, "properties": {"id": "osm:way:401976981", "type": "kindergarten", "name": "Kinderzentrum Ben-Gurion-Ring", "source": "OpenStreetMap/Overpass"}}, {"type": "Feature", "geometry": {"type": "Point", "coordinates": [8.6634389, 50.1874924]}, "properties": {"id": "osm:way:402344696", "type": "kindergarten", "name": "KiZ 71", "source": "OpenStreetMap/Overpass"}}, {"type": "Feature", "geometry": {"type": "Point", "coordinates": [8.6605304, 50.1895556]}, "properties": {"id": "osm:way:402746578", "type": "kindergarten", "name": "ev. Kindertagesstätte Am Bügel", "source": "OpenStreetMap/Overpass"}}, {"type": "Feature", "geometry": {"type": "Point", "coordinates": [8.6631387, 50.1895381]}, "properties": {"id": "osm:way:403152293", "type": "kindergarten", "name": "Kita Pfiffikus", "source": "OpenStreetMap/Overpass"}}, {"type": "Feature", "geometry": {"type": "Point", "coordinates": [8.5047964, 50.0876073]}, "properties": {"id": "osm:way:418680975", "type": "school", "name": "Ludwig-Weber-Schule", "source": "OpenStreetMap/Overpass"}}, {"type": "Feature", "geometry": {"type": "Point", "coordinates": [8.6195353, 50.1182708]}, "properties": {"id": "osm:way:422992242", "type": "school", "name": "IGS Süd", "source": "OpenStreetMap/Overpass"}}, {"type": "Feature", "geometry": {"type": "Point", "coordinates": [8.5492655, 50.1121428]}, "properties": {"id": "osm:way:423357335", "type": "kindergarten", "name": "Kinder- und Familienzentrum Sonnenwind", "source": "OpenStreetMap/Overpass"}}, {"type": "Feature", "geometry": {"type": "Point", "coordinates": [8.5993881, 50.1801838]}, "properties": {"id": "osm:way:431389782", "type": "school", "name": "Grundschule Weißkirchen", "source": "OpenStreetMap/Overpass"}}, {"type": "Feature", "geometry": {"type": "Point", "coordinates": [8.5971761, 50.1807357]}, "properties": {"id": "osm:way:433816970", "type": "kindergarten", "name": "Katholische Kindertagesstätte Sankt Crutzen", "source": "OpenStreetMap/Overpass"}}, {"type": "Feature", "geometry": {"type": "Point", "coordinates": [8.5251072, 50.0614585]}, "properties": {"id": "osm:way:436080658", "type": "kindergarten", "name": "Kita MainSchiff", "source": "OpenStreetMap/Overpass"}}, {"type": "Feature", "geometry": {"type": "Point", "coordinates": [8.5194006, 50.0519301]}, "properties": {"id": "osm:way:444425012", "type": "school", "name": "Karl-Krolopper-Schule", "source": "OpenStreetMap/Overpass"}}, {"type": "Feature", "geometry": {"type": "Point", "coordinates": [8.503872, 50.0864381]}, "properties": {"id": "osm:way:447724982", "type": "school", "name": "International School Frankfurt Rhein-Main", "source": "OpenStreetMap/Overpass"}}, {"type": "Feature", "geometry": {"type": "Point", "coordinates": [8.7508538, 50.0606268]}, "properties": {"id": "osm:way:449085611", "type": "kindergarten", "name": "Evangelischer Kindergarten Gravenbruch", "source": "OpenStreetMap/Overpass"}}, {"type": "Feature", "geometry": {"type": "Point", "coordinates": [8.4943085, 50.0927541]}, "properties": {"id": "osm:way:450188494", "type": "kindergarten", "name": "Kita Regenbogenwelt", "source": "OpenStreetMap/Overpass"}}, {"type": "Feature", "geometry": {"type": "Point", "coordinates": [8.75277, 50.0603876]}, "properties": {"id": "osm:way:462796999", "type": "school", "name": "Ludwig-Uhland-Schule", "source": "OpenStreetMap/Overpass"}}, {"type": "Feature", "geometry": {"type": "Point", "coordinates": [8.7507235, 50.0611095]}, "properties": {"id": "osm:way:462797001", "type": "kindergarten", "name": "Kindertagesstätte Dreiherrnsteinplatz", "source": "OpenStreetMap/Overpass"}}, {"type": "Feature", "geometry": {"type": "Point", "coordinates": [8.4938946, 50.0931472]}, "properties": {"id": "osm:way:475590452", "type": "kindergarten", "name": "Kita Blauländchen", "source": "OpenStreetMap/Overpass"}}, {"type": "Feature", "geometry": {"type": "Point", "coordinates": [8.6879618, 50.0520639]}, "properties": {"id": "osm:way:493119002", "type": "kindergarten", "name": "Evangelische Tagesstätte Kita Johannesgemeinde", "source": "OpenStreetMap/Overpass"}}, {"type": "Feature", "geometry": {"type": "Point", "coordinates": [8.628454, 50.1068355]}, "properties": {"id": "osm:way:495927788", "type": "kindergarten", "name": "Kinderzentrum Schneidhainer Straße", "source": "OpenStreetMap/Overpass"}}, {"type": "Feature", "geometry": {"type": "Point", "coordinates": [8.6319055, 50.1768855]}, "properties": {"id": "osm:way:500245481", "type": "kindergarten", "name": "Kindertagesstätte Königsblick", "source": "OpenStreetMap/Overpass"}}, {"type": "Feature", "geometry": {"type": "Point", "coordinates": [8.4899318, 50.0694589]}, "properties": {"id": "osm:way:503097909", "type": "kindergarten", "name": "Kindergarten Frankfurter Straße", "source": "OpenStreetMap/Overpass"}}, {"type": "Feature", "geometry": {"type": "Point", "coordinates": [8.4871187, 50.0687467]}, "properties": {"id": "osm:way:506264893", "type": "school", "name": "Robinson-Schule", "source": "OpenStreetMap/Overpass"}}, {"type": "Feature", "geometry": {"type": "Point", "coordinates": [8.4984998, 50.1430548]}, "properties": {"id": "osm:way:528191546", "type": "kindergarten", "name": "KITA \"Unterm Regenbogen\"", "source": "OpenStreetMap/Overpass"}}, {"type": "Feature", "geometry": {"type": "Point", "coordinates": [8.6945749, 50.033631]}, "properties": {"id": "osm:way:529395195", "type": "kindergarten", "name": "", "source": "OpenStreetMap/Overpass"}}, {"type": "Feature", "geometry": {"type": "Point", "coordinates": [8.6758945, 50.1471502]}, "properties": {"id": "osm:way:540250037", "type": "school", "name": "Freie Waldorfschule Frankfurt", "source": "OpenStreetMap/Overpass"}}, {"type": "Feature", "geometry": {"type": "Point", "coordinates": [8.7594723, 50.0859004]}, "properties": {"id": "osm:way:540813398", "type": "kindergarten", "name": "Kita Die Krümelmonster", "source": "OpenStreetMap/Overpass"}}, {"type": "Feature", "geometry": {"type": "Point", "coordinates": [8.760775, 50.0824998]}, "properties": {"id": "osm:way:540854042", "type": "kindergarten", "name": "Kindertagesstätte 13", "source": "OpenStreetMap/Overpass"}}, {"type": "Feature", "geometry": {"type": "Point", "coordinates": [8.6418817, 50.2218872]}, "properties": {"id": "osm:way:542984315", "type": "childcare", "name": "marone II", "source": "OpenStreetMap/Overpass"}}, {"type": "Feature", "geometry": {"type": "Point", "coordinates": [8.6416421, 50.2219331]}, "properties": {"id": "osm:way:542984316", "type": "childcare", "name": "marone II", "source": "OpenStreetMap/Overpass"}}, {"type": "Feature", "geometry": {"type": "Point", "coordinates": [8.6131713, 50.1422611]}, "properties": {"id": "osm:way:549110901", "type": "kindergarten", "name": "Krabbelstube Praunheimer Spatzen", "source": "OpenStreetMap/Overpass"}}, {"type": "Feature", "geometry": {"type": "Point", "coordinates": [8.6706654, 50.0543708]}, "properties": {"id": "osm:way:551429988", "type": "kindergarten", "name": "Mini-Kindergarten Kurt-Schumacher-Straße", "source": "OpenStreetMap/Overpass"}}, {"type": "Feature", "geometry": {"type": "Point", "coordinates": [8.6871292, 50.1678561]}, "properties": {"id": "osm:way:560074816", "type": "school", "name": "Berkersheimer Schule", "source": "OpenStreetMap/Overpass"}}, {"type": "Feature", "geometry": {"type": "Point", "coordinates": [8.7069444, 50.0505077]}, "properties": {"id": "osm:way:563721296", "type": "kindergarten", "name": "Kindertagesstätte Birkengewann", "source": "OpenStreetMap/Overpass"}}, {"type": "Feature", "geometry": {"type": "Point", "coordinates": [8.6772295, 50.0290754]}, "properties": {"id": "osm:way:568790266", "type": "kindergarten", "name": "Waldkindergarten Dreieich", "source": "OpenStreetMap/Overpass"}}, {"type": "Feature", "geometry": {"type": "Point", "coordinates": [8.6090174, 50.1396419]}, "properties": {"id": "osm:way:595164808", "type": "school", "name": "Gymnasium Nord (Westhausen)", "source": "OpenStreetMap/Overpass"}}, {"type": "Feature", "geometry": {"type": "Point", "coordinates": [8.6090338, 50.1075532]}, "properties": {"id": "osm:way:608611425", "type": "school", "name": "Gymnasium Römerhof", "source": "OpenStreetMap/Overpass"}}, {"type": "Feature", "geometry": {"type": "Point", "coordinates": [8.5721564, 50.214724]}, "properties": {"id": "osm:way:614790482", "type": "school", "name": "Hans-Thoma-Schule", "source": "OpenStreetMap/Overpass"}}, {"type": "Feature", "geometry": {"type": "Point", "coordinates": [8.6270777, 50.0987096]}, "properties": {"id": "osm:way:616337077", "type": "kindergarten", "name": "Internationale Kita Ackermannstraße", "source": "OpenStreetMap/Overpass"}}, {"type": "Feature", "geometry": {"type": "Point", "coordinates": [8.6392155, 50.1287514]}, "properties": {"id": "osm:way:617554412", "type": "school", "name": "Johanna-Tesch-Schule", "source": "OpenStreetMap/Overpass"}}, {"type": "Feature", "geometry": {"type": "Point", "coordinates": [8.7772823, 50.0756203]}, "properties": {"id": "osm:way:623483828", "type": "kindergarten", "name": "Kita Fuchsbau Waldkinder", "source": "OpenStreetMap/Overpass"}}, {"type": "Feature", "geometry": {"type": "Point", "coordinates": [8.6837151, 50.1241639]}, "properties": {"id": "osm:way:632165214", "type": "kindergarten", "name": "Kita Hexenhäuschen", "source": "OpenStreetMap/Overpass"}}, {"type": "Feature", "geometry": {"type": "Point", "coordinates": [8.7094128, 50.1339236]}, "properties": {"id": "osm:way:632300603", "type": "kindergarten", "name": "Kita 35", "source": "OpenStreetMap/Overpass"}}, {"type": "Feature", "geometry": {"type": "Point", "coordinates": [8.6352624, 50.1045504]}, "properties": {"id": "osm:way:635627171", "type": "kindergarten", "name": "Kinderzentrum Schwalbacher Straße", "source": "OpenStreetMap/Overpass"}}, {"type": "Feature", "geometry": {"type": "Point", "coordinates": [8.7179862, 50.1382864]}, "properties": {"id": "osm:way:636940802", "type": "kindergarten", "name": "Kita Hufeland-Haus", "source": "OpenStreetMap/Overpass"}}, {"type": "Feature", "geometry": {"type": "Point", "coordinates": [8.7032957, 50.1412442]}, "properties": {"id": "osm:way:644545716", "type": "kindergarten", "name": "Kita am Eulenberg", "source": "OpenStreetMap/Overpass"}}, {"type": "Feature", "geometry": {"type": "Point", "coordinates": [8.4958143, 50.1572324]}, "properties": {"id": "osm:way:651399484", "type": "school", "name": "Drei-Linden-Schule", "source": "OpenStreetMap/Overpass"}}, {"type": "Feature", "geometry": {"type": "Point", "coordinates": [8.6820242, 50.0863139]}, "properties": {"id": "osm:way:666858876", "type": "kindergarten", "name": "IFZ Kita Sachsenhausen", "source": "OpenStreetMap/Overpass"}}, {"type": "Feature", "geometry": {"type": "Point", "coordinates": [8.661318, 50.1381984]}, "properties": {"id": "osm:way:673850973", "type": "school", "name": "Kita Morgenstern", "source": "OpenStreetMap/Overpass"}}, {"type": "Feature", "geometry": {"type": "Point", "coordinates": [8.7567334, 50.1321581]}, "properties": {"id": "osm:way:678812936", "type": "school", "name": "Freie Christliche Schule Frankfurt", "source": "OpenStreetMap/Overpass"}}, {"type": "Feature", "geometry": {"type": "Point", "coordinates": [8.5374569, 50.0605125]}, "properties": {"id": "osm:way:688254477", "type": "kindergarten", "name": "KinderTandem", "source": "OpenStreetMap/Overpass"}}, {"type": "Feature", "geometry": {"type": "Point", "coordinates": [8.6982169, 50.1478197]}, "properties": {"id": "osm:way:696152521", "type": "kindergarten", "name": "Krabbelstube Festeburg", "source": "OpenStreetMap/Overpass"}}, {"type": "Feature", "geometry": {"type": "Point", "coordinates": [8.6902056, 50.1467722]}, "properties": {"id": "osm:way:713928070", "type": "kindergarten", "name": "Kinderzentrum Feuerwehrstraße", "source": "OpenStreetMap/Overpass"}}, {"type": "Feature", "geometry": {"type": "Point", "coordinates": [8.6424806, 50.0893969]}, "properties": {"id": "osm:way:717139998", "type": "childcare", "name": "", "source": "OpenStreetMap/Overpass"}}, {"type": "Feature", "geometry": {"type": "Point", "coordinates": [8.7976854, 50.1257921]}, "properties": {"id": "osm:way:723496447", "type": "kindergarten", "name": "Kita Lachwiesen", "source": "OpenStreetMap/Overpass"}}, {"type": "Feature", "geometry": {"type": "Point", "coordinates": [8.7447318, 50.1086917]}, "properties": {"id": "osm:way:728019535", "type": "childcare", "name": "Kindertagsstätte 16 (Interimsbau)", "source": "OpenStreetMap/Overpass"}}, {"type": "Feature", "geometry": {"type": "Point", "coordinates": [8.6978184, 50.1372301]}, "properties": {"id": "osm:way:728948766", "type": "kindergarten", "name": "Kita am Wasserpark", "source": "OpenStreetMap/Overpass"}}, {"type": "Feature", "geometry": {"type": "Point", "coordinates": [8.6650639, 50.1308902]}, "properties": {"id": "osm:way:736961846", "type": "school", "name": "Holzhausenschule", "source": "OpenStreetMap/Overpass"}}, {"type": "Feature", "geometry": {"type": "Point", "coordinates": [8.787341, 50.092244]}, "properties": {"id": "osm:way:739855326", "type": "kindergarten", "name": "Kindertagsstätte 9", "source": "OpenStreetMap/Overpass"}}, {"type": "Feature", "geometry": {"type": "Point", "coordinates": [8.6268085, 50.1736986]}, "properties": {"id": "osm:way:743623706", "type": "kindergarten", "name": "Kita Kairos", "source": "OpenStreetMap/Overpass"}}, {"type": "Feature", "geometry": {"type": "Point", "coordinates": [8.6401389, 50.1875171]}, "properties": {"id": "osm:way:761944990", "type": "kindergarten", "name": "Kita St. Laurentius", "source": "OpenStreetMap/Overpass"}}, {"type": "Feature", "geometry": {"type": "Point", "coordinates": [8.6327991, 50.1093787]}, "properties": {"id": "osm:way:767400814", "type": "kindergarten", "name": "Kindertagesstätte Paulus", "source": "OpenStreetMap/Overpass"}}, {"type": "Feature", "geometry": {"type": "Point", "coordinates": [8.6816295, 50.1027327]}, "properties": {"id": "osm:way:770561337", "type": "school", "name": "Textorschule", "source": "OpenStreetMap/Overpass"}}, {"type": "Feature", "geometry": {"type": "Point", "coordinates": [8.6635435, 50.130835]}, "properties": {"id": "osm:way:771797878", "type": "school", "name": "Adorno-Gymnasium", "source": "OpenStreetMap/Overpass"}}, {"type": "Feature", "geometry": {"type": "Point", "coordinates": [8.6579261, 50.1440633]}, "properties": {"id": "osm:way:776213977", "type": "kindergarten", "name": "Kita Zauberwürfel", "source": "OpenStreetMap/Overpass"}}, {"type": "Feature", "geometry": {"type": "Point", "coordinates": [8.6835672, 50.133147]}, "properties": {"id": "osm:way:780222218", "type": "kindergarten", "name": "Rote-Eule", "source": "OpenStreetMap/Overpass"}}, {"type": "Feature", "geometry": {"type": "Point", "coordinates": [8.6415089, 50.1164754]}, "properties": {"id": "osm:way:783292634", "type": "school", "name": "Toni-Sender-Oberstufe", "source": "OpenStreetMap/Overpass"}}, {"type": "Feature", "geometry": {"type": "Point", "coordinates": [8.661902, 50.1377076]}, "properties": {"id": "osm:way:783292635", "type": "school", "name": "Astrid-Lindgren-Schule", "source": "OpenStreetMap/Overpass"}}, {"type": "Feature", "geometry": {"type": "Point", "coordinates": [8.4954531, 50.0935066]}, "properties": {"id": "osm:way:783900186", "type": "school", "name": "Käthe-Kollwitz-Schule", "source": "OpenStreetMap/Overpass"}}, {"type": "Feature", "geometry": {"type": "Point", "coordinates": [8.6695, 50.1191754]}, "properties": {"id": "osm:way:786056731", "type": "kindergarten", "name": "Kinderzentrum Staufenstraße", "source": "OpenStreetMap/Overpass"}}, {"type": "Feature", "geometry": {"type": "Point", "coordinates": [8.6974505, 50.1539729]}, "properties": {"id": "osm:way:788484369", "type": "kindergarten", "name": "Kinder- und Familienzentrum Preungesheim Jaspertstraße", "source": "OpenStreetMap/Overpass"}}, {"type": "Feature", "geometry": {"type": "Point", "coordinates": [8.6960472, 50.1584785]}, "properties": {"id": "osm:way:801563039", "type": "kindergarten", "name": "Kita Im Bogen", "source": "OpenStreetMap/Overpass"}}, {"type": "Feature", "geometry": {"type": "Point", "coordinates": [8.6429383, 50.0908107]}, "properties": {"id": "osm:way:802798703", "type": "school", "name": "KGS Niederrad Standort Mainfeld", "source": "OpenStreetMap/Overpass"}}, {"type": "Feature", "geometry": {"type": "Point", "coordinates": [8.7754262, 50.1066311]}, "properties": {"id": "osm:way:840489183", "type": "kindergarten", "name": "", "source": "OpenStreetMap/Overpass"}}, {"type": "Feature", "geometry": {"type": "Point", "coordinates": [8.7004577, 50.1566523]}, "properties": {"id": "osm:way:852432085", "type": "kindergarten", "name": "Kindertagesstätte im Apfelviertel", "source": "OpenStreetMap/Overpass"}}, {"type": "Feature", "geometry": {"type": "Point", "coordinates": [8.5677198, 50.1724875]}, "properties": {"id": "osm:way:856821210", "type": "kindergarten", "name": "Katholische Kindertagesstätte \"St. Bonifatius\"", "source": "OpenStreetMap/Overpass"}}, {"type": "Feature", "geometry": {"type": "Point", "coordinates": [8.7646878, 50.0973355]}, "properties": {"id": "osm:way:863840871", "type": "kindergarten", "name": "Kita Christian-Pleß-Straße", "source": "OpenStreetMap/Overpass"}}, {"type": "Feature", "geometry": {"type": "Point", "coordinates": [8.5520358, 50.1608544]}, "properties": {"id": "osm:way:875736932", "type": "kindergarten", "name": "", "source": "OpenStreetMap/Overpass"}}, {"type": "Feature", "geometry": {"type": "Point", "coordinates": [8.6165975, 50.1758366]}, "properties": {"id": "osm:way:882334181", "type": "school", "name": "Judith-Kerr-Schule", "source": "OpenStreetMap/Overpass"}}, {"type": "Feature", "geometry": {"type": "Point", "coordinates": [8.5177734, 50.1323559]}, "properties": {"id": "osm:way:882873899", "type": "kindergarten", "name": "Kindertagesstätte Pfiffikus", "source": "OpenStreetMap/Overpass"}}, {"type": "Feature", "geometry": {"type": "Point", "coordinates": [8.666302, 50.2045545]}, "properties": {"id": "osm:way:887479743", "type": "kindergarten", "name": "Kinderzentrum Gladiolenstraße", "source": "OpenStreetMap/Overpass"}}, {"type": "Feature", "geometry": {"type": "Point", "coordinates": [8.6694516, 50.1985099]}, "properties": {"id": "osm:way:887479745", "type": "kindergarten", "name": "Kita Erdmännchen", "source": "OpenStreetMap/Overpass"}}, {"type": "Feature", "geometry": {"type": "Point", "coordinates": [8.6729, 50.2000689]}, "properties": {"id": "osm:way:887479746", "type": "kindergarten", "name": "Kinder-Tageseinrichtung St. Stephanus", "source": "OpenStreetMap/Overpass"}}, {"type": "Feature", "geometry": {"type": "Point", "coordinates": [8.6678395, 50.2035718]}, "properties": {"id": "osm:way:887486488", "type": "kindergarten", "name": "Kita Hexenkessel", "source": "OpenStreetMap/Overpass"}}, {"type": "Feature", "geometry": {"type": "Point", "coordinates": [8.6690633, 50.1999824]}, "properties": {"id": "osm:way:887491373", "type": "kindergarten", "name": "Evangelische Kindertagesstätte Nieder-Eschbach", "source": "OpenStreetMap/Overpass"}}, {"type": "Feature", "geometry": {"type": "Point", "coordinates": [8.4949149, 50.1217181]}, "properties": {"id": "osm:way:895401228", "type": "kindergarten", "name": "Kita Sonnengarten", "source": "OpenStreetMap/Overpass"}}, {"type": "Feature", "geometry": {"type": "Point", "coordinates": [8.6247666, 50.1602386]}, "properties": {"id": "osm:way:895957321", "type": "school", "name": "Ernst-Reuter-Schule 1", "source": "OpenStreetMap/Overpass"}}, {"type": "Feature", "geometry": {"type": "Point", "coordinates": [8.7090276, 50.1436856]}, "properties": {"id": "osm:way:917549404", "type": "kindergarten", "name": "Kita am Huthpark", "source": "OpenStreetMap/Overpass"}}, {"type": "Feature", "geometry": {"type": "Point", "coordinates": [8.7046228, 50.0989212]}, "properties": {"id": "osm:way:922478696", "type": "kindergarten", "name": "Kita Grüne Soße", "source": "OpenStreetMap/Overpass"}}, {"type": "Feature", "geometry": {"type": "Point", "coordinates": [8.4955549, 50.1219291]}, "properties": {"id": "osm:way:925944523", "type": "kindergarten", "name": "Zwergenhaus", "source": "OpenStreetMap/Overpass"}}, {"type": "Feature", "geometry": {"type": "Point", "coordinates": [8.6105113, 50.0792272]}, "properties": {"id": "osm:way:942215472", "type": "kindergarten", "name": "Kinderzentrum Zur Waldau", "source": "OpenStreetMap/Overpass"}}, {"type": "Feature", "geometry": {"type": "Point", "coordinates": [8.6745839, 50.1417415]}, "properties": {"id": "osm:way:957390353", "type": "school", "name": "Heinrich-Seliger-Schule", "source": "OpenStreetMap/Overpass"}}, {"type": "Feature", "geometry": {"type": "Point", "coordinates": [8.5558856, 50.2173595]}, "properties": {"id": "osm:way:958519301", "type": "school", "name": "Freie Waldorfschule Oberursel", "source": "OpenStreetMap/Overpass"}}, {"type": "Feature", "geometry": {"type": "Point", "coordinates": [8.493577, 50.1547647]}, "properties": {"id": "osm:way:961517500", "type": "kindergarten", "name": "Evangelischer Kindergarten Neuenhain", "source": "OpenStreetMap/Overpass"}}, {"type": "Feature", "geometry": {"type": "Point", "coordinates": [8.4889784, 50.1559428]}, "properties": {"id": "osm:way:963197402", "type": "kindergarten", "name": "Katholischer Kindergarten", "source": "OpenStreetMap/Overpass"}}, {"type": "Feature", "geometry": {"type": "Point", "coordinates": [8.5259861, 50.1567158]}, "properties": {"id": "osm:way:965400270", "type": "kindergarten", "name": "Evangelischer Kindergarten", "source": "OpenStreetMap/Overpass"}}, {"type": "Feature", "geometry": {"type": "Point", "coordinates": [8.5247734, 50.1576788]}, "properties": {"id": "osm:way:965400271", "type": "kindergarten", "name": "Kindertagesstätte Tausendfüsslerhaus", "source": "OpenStreetMap/Overpass"}}, {"type": "Feature", "geometry": {"type": "Point", "coordinates": [8.7508754, 50.0805138]}, "properties": {"id": "osm:way:965631792", "type": "school", "name": "", "source": "OpenStreetMap/Overpass"}}, {"type": "Feature", "geometry": {"type": "Point", "coordinates": [8.5238645, 50.1571413]}, "properties": {"id": "osm:way:965682362", "type": "kindergarten", "name": "Kita Schwalbennest", "source": "OpenStreetMap/Overpass"}}, {"type": "Feature", "geometry": {"type": "Point", "coordinates": [8.5640908, 50.1487098]}, "properties": {"id": "osm:way:970265583", "type": "school", "name": "Heinrich-von-Kleist-Schule", "source": "OpenStreetMap/Overpass"}}, {"type": "Feature", "geometry": {"type": "Point", "coordinates": [8.5660646, 50.1476695]}, "properties": {"id": "osm:way:970265584", "type": "school", "name": "Hartmutschule", "source": "OpenStreetMap/Overpass"}}, {"type": "Feature", "geometry": {"type": "Point", "coordinates": [8.5607432, 50.1196008]}, "properties": {"id": "osm:way:990225975", "type": "school", "name": "Henri-Dunant-Schule", "source": "OpenStreetMap/Overpass"}}, {"type": "Feature", "geometry": {"type": "Point", "coordinates": [8.6740343, 50.1255732]}, "properties": {"id": "osm:way:991208559", "type": "kindergarten", "name": "Kinderhaus Vogtstraße", "source": "OpenStreetMap/Overpass"}}, {"type": "Feature", "geometry": {"type": "Point", "coordinates": [8.66457, 50.1620889]}, "properties": {"id": "osm:way:996534356", "type": "kindergarten", "name": "IFZ Kita Eschersheim", "source": "OpenStreetMap/Overpass"}}, {"type": "Feature", "geometry": {"type": "Point", "coordinates": [8.6603772, 50.1595769]}, "properties": {"id": "osm:way:996624370", "type": "kindergarten", "name": "", "source": "OpenStreetMap/Overpass"}}, {"type": "Feature", "geometry": {"type": "Point", "coordinates": [8.6719257, 50.1283018]}, "properties": {"id": "osm:way:1000941320", "type": "school", "name": "Holzhausenschule (im Umbau)", "source": "OpenStreetMap/Overpass"}}, {"type": "Feature", "geometry": {"type": "Point", "coordinates": [8.5662292, 50.2273802]}, "properties": {"id": "osm:way:1005676355", "type": "kindergarten", "name": "Integrative Kindertagesstätte Oberstedten", "source": "OpenStreetMap/Overpass"}}, {"type": "Feature", "geometry": {"type": "Point", "coordinates": [8.6406503, 50.106537]}, "properties": {"id": "osm:way:1014604642", "type": "kindergarten", "name": "Kinderzentrum Krifteler Straße 80 Auslagerung Stephensonstraße 2", "source": "OpenStreetMap/Overpass"}}, {"type": "Feature", "geometry": {"type": "Point", "coordinates": [8.7622339, 50.1212668]}, "properties": {"id": "osm:way:1031414202", "type": "kindergarten", "name": "Kindertagesstätte Lollipop", "source": "OpenStreetMap/Overpass"}}, {"type": "Feature", "geometry": {"type": "Point", "coordinates": [8.6467833, 50.1245596]}, "properties": {"id": "osm:way:1034643776", "type": "school", "name": "Johanna-Tesch-Schule", "source": "OpenStreetMap/Overpass"}}, {"type": "Feature", "geometry": {"type": "Point", "coordinates": [8.4772349, 50.1829914]}, "properties": {"id": "osm:way:1040503531", "type": "school", "name": "Taunusgymnasium", "source": "OpenStreetMap/Overpass"}}, {"type": "Feature", "geometry": {"type": "Point", "coordinates": [8.4793727, 50.1956453]}, "properties": {"id": "osm:way:1041580367", "type": "school", "name": "Grundschule Falkenstein", "source": "OpenStreetMap/Overpass"}}, {"type": "Feature", "geometry": {"type": "Point", "coordinates": [8.5284612, 50.1842144]}, "properties": {"id": "osm:way:1044775851", "type": "school", "name": "Altkönigschule Kronberg", "source": "OpenStreetMap/Overpass"}}, {"type": "Feature", "geometry": {"type": "Point", "coordinates": [8.5266572, 50.1844873]}, "properties": {"id": "osm:way:1044780058", "type": "school", "name": "Montessori Kinderhaus & Schule Kronberg", "source": "OpenStreetMap/Overpass"}}, {"type": "Feature", "geometry": {"type": "Point", "coordinates": [8.5185056, 50.182865]}, "properties": {"id": "osm:way:1044809234", "type": "school", "name": "Viktoria-Schule", "source": "OpenStreetMap/Overpass"}}, {"type": "Feature", "geometry": {"type": "Point", "coordinates": [8.5104026, 50.1780474]}, "properties": {"id": "osm:way:1046351631", "type": "school", "name": "Kronthal-Schule", "source": "OpenStreetMap/Overpass"}}, {"type": "Feature", "geometry": {"type": "Point", "coordinates": [8.7640006, 50.1588673]}, "properties": {"id": "osm:way:1050658370", "type": "kindergarten", "name": "Kita Hohe Straße", "source": "OpenStreetMap/Overpass"}}, {"type": "Feature", "geometry": {"type": "Point", "coordinates": [8.7563232, 50.156398]}, "properties": {"id": "osm:way:1050667241", "type": "kindergarten", "name": "Evangelischer Kindergarten", "source": "OpenStreetMap/Overpass"}}, {"type": "Feature", "geometry": {"type": "Point", "coordinates": [8.7509423, 50.1558705]}, "properties": {"id": "osm:way:1051336629", "type": "kindergarten", "name": "Kita 91", "source": "OpenStreetMap/Overpass"}}, {"type": "Feature", "geometry": {"type": "Point", "coordinates": [8.6920962, 50.0253406]}, "properties": {"id": "osm:way:1052833108", "type": "school", "name": "Heinrich-Heine-Schule", "source": "OpenStreetMap/Overpass"}}, {"type": "Feature", "geometry": {"type": "Point", "coordinates": [8.6957641, 50.087943]}, "properties": {"id": "osm:way:1054144355", "type": "kindergarten", "name": "Bergkita", "source": "OpenStreetMap/Overpass"}}, {"type": "Feature", "geometry": {"type": "Point", "coordinates": [8.6973297, 50.1876013]}, "properties": {"id": "osm:way:1055617397", "type": "kindergarten", "name": "Evangelische Kindertagesstätte Harheim", "source": "OpenStreetMap/Overpass"}}, {"type": "Feature", "geometry": {"type": "Point", "coordinates": [8.6342998, 50.1799459]}, "properties": {"id": "osm:way:1056037251", "type": "kindergarten", "name": "Evangelische Kita der Riedberggemeinde", "source": "OpenStreetMap/Overpass"}}, {"type": "Feature", "geometry": {"type": "Point", "coordinates": [8.6196864, 50.1774195]}, "properties": {"id": "osm:way:1056043763", "type": "kindergarten", "name": "Kita 71", "source": "OpenStreetMap/Overpass"}}, {"type": "Feature", "geometry": {"type": "Point", "coordinates": [8.6231384, 50.1753135]}, "properties": {"id": "osm:way:1056060376", "type": "kindergarten", "name": "Kita Erasmus Riedberg", "source": "OpenStreetMap/Overpass"}}, {"type": "Feature", "geometry": {"type": "Point", "coordinates": [8.6224735, 50.1817103]}, "properties": {"id": "osm:way:1056129247", "type": "kindergarten", "name": "Kita Martin Niemöller", "source": "OpenStreetMap/Overpass"}}, {"type": "Feature", "geometry": {"type": "Point", "coordinates": [8.6248767, 50.1768804]}, "properties": {"id": "osm:way:1056141747", "type": "kindergarten", "name": "Ki.Bi.Z Riedberg", "source": "OpenStreetMap/Overpass"}}, {"type": "Feature", "geometry": {"type": "Point", "coordinates": [8.6853621, 50.1099184]}, "properties": {"id": "osm:way:1056250590", "type": "kindergarten", "name": "Kindergarten der St. Paulsgemeinde", "source": "OpenStreetMap/Overpass"}}, {"type": "Feature", "geometry": {"type": "Point", "coordinates": [8.679041, 50.1091709]}, "properties": {"id": "osm:way:1056260536", "type": "kindergarten", "name": "Kindertagesstätte St. Leonhard", "source": "OpenStreetMap/Overpass"}}, {"type": "Feature", "geometry": {"type": "Point", "coordinates": [8.7104042, 50.2052979]}, "properties": {"id": "osm:way:1057111105", "type": "kindergarten", "name": "Kinderzentrum Im Sauern", "source": "OpenStreetMap/Overpass"}}, {"type": "Feature", "geometry": {"type": "Point", "coordinates": [8.6936953, 50.1156995]}, "properties": {"id": "osm:way:1057388968", "type": "kindergarten", "name": "Kinderzentrum Seilerstraße", "source": "OpenStreetMap/Overpass"}}, {"type": "Feature", "geometry": {"type": "Point", "coordinates": [8.6600764, 50.1027029]}, "properties": {"id": "osm:way:1057390367", "type": "kindergarten", "name": "Kita Zauberhut", "source": "OpenStreetMap/Overpass"}}, {"type": "Feature", "geometry": {"type": "Point", "coordinates": [8.6626781, 50.1425317]}, "properties": {"id": "osm:way:1062748400", "type": "kindergarten", "name": "Kinderzentrum Eichendorffstraße", "source": "OpenStreetMap/Overpass"}}, {"type": "Feature", "geometry": {"type": "Point", "coordinates": [8.6561286, 50.1419307]}, "properties": {"id": "osm:way:1062748753", "type": "kindergarten", "name": "Kinderzentrum Stefan-Zweig-Straße", "source": "OpenStreetMap/Overpass"}}, {"type": "Feature", "geometry": {"type": "Point", "coordinates": [8.6653516, 50.1407257]}, "properties": {"id": "osm:way:1062750096", "type": "kindergarten", "name": "Kinderzentrum Gustav-Freytag-Straße", "source": "OpenStreetMap/Overpass"}}, {"type": "Feature", "geometry": {"type": "Point", "coordinates": [8.6829776, 50.1684293]}, "properties": {"id": "osm:way:1062751041", "type": "kindergarten", "name": "Kinderzentrum Berkersheimer Weg", "source": "OpenStreetMap/Overpass"}}, {"type": "Feature", "geometry": {"type": "Point", "coordinates": [8.6851639, 50.167244]}, "properties": {"id": "osm:way:1062751394", "type": "kindergarten", "name": "Kinderzentrum Am Ulmenrück", "source": "OpenStreetMap/Overpass"}}, {"type": "Feature", "geometry": {"type": "Point", "coordinates": [8.6033527, 50.1208267]}, "properties": {"id": "osm:way:1062756359", "type": "kindergarten", "name": "Kinderzentrum Biedenkopfer Weg", "source": "OpenStreetMap/Overpass"}}, {"type": "Feature", "geometry": {"type": "Point", "coordinates": [8.6536985, 50.1174411]}, "properties": {"id": "osm:way:1062913961", "type": "school", "name": "International Bilingual Montessori School", "source": "OpenStreetMap/Overpass"}}, {"type": "Feature", "geometry": {"type": "Point", "coordinates": [8.7536134, 50.2065085]}, "properties": {"id": "osm:way:1062936927", "type": "school", "name": "Regenbogenschule Bad Vilbel", "source": "OpenStreetMap/Overpass"}}, {"type": "Feature", "geometry": {"type": "Point", "coordinates": [8.6171061, 50.1651806]}, "properties": {"id": "osm:way:1063061816", "type": "kindergarten", "name": "Kinderzentrum Gerhart-Hauptmann-Ring 27", "source": "OpenStreetMap/Overpass"}}, {"type": "Feature", "geometry": {"type": "Point", "coordinates": [8.6196625, 50.1595952]}, "properties": {"id": "osm:way:1063062266", "type": "kindergarten", "name": "Kinderzentrum Gerhart-Hauptmann-Ring 400a", "source": "OpenStreetMap/Overpass"}}, {"type": "Feature", "geometry": {"type": "Point", "coordinates": [8.6320098, 50.1632335]}, "properties": {"id": "osm:way:1063063863", "type": "kindergarten", "name": "Kinderzentrum Niederurseler Landstraße", "source": "OpenStreetMap/Overpass"}}, {"type": "Feature", "geometry": {"type": "Point", "coordinates": [8.6416412, 50.1669232]}, "properties": {"id": "osm:way:1063065817", "type": "kindergarten", "name": "Ökumenische Kita Kaleidoskop", "source": "OpenStreetMap/Overpass"}}, {"type": "Feature", "geometry": {"type": "Point", "coordinates": [8.6791924, 50.1650704]}, "properties": {"id": "osm:way:1063081749", "type": "kindergarten", "name": "IFZ Kita Frankfurter Berg", "source": "OpenStreetMap/Overpass"}}, {"type": "Feature", "geometry": {"type": "Point", "coordinates": [8.6078351, 50.099271]}, "properties": {"id": "osm:way:1063093528", "type": "school", "name": "Kinderzentrum Kiefernstraße 26a", "source": "OpenStreetMap/Overpass"}}, {"type": "Feature", "geometry": {"type": "Point", "coordinates": [8.6091644, 50.0991066]}, "properties": {"id": "osm:way:1063093963", "type": "school", "name": "Kinderzentrum Kiefernstraße 24a", "source": "OpenStreetMap/Overpass"}}, {"type": "Feature", "geometry": {"type": "Point", "coordinates": [8.5954821, 50.0981448]}, "properties": {"id": "osm:way:1075389402", "type": "kindergarten", "name": "Kinderzentrum Ahornstraße", "source": "OpenStreetMap/Overpass"}}, {"type": "Feature", "geometry": {"type": "Point", "coordinates": [8.6754388, 50.1186181]}, "properties": {"id": "osm:way:1086626227", "type": "school", "name": "Anna-Schmidt-Schule", "source": "OpenStreetMap/Overpass"}}, {"type": "Feature", "geometry": {"type": "Point", "coordinates": [8.6443329, 50.1158411]}, "properties": {"id": "osm:way:1086975349", "type": "school", "name": "European School of Design", "source": "OpenStreetMap/Overpass"}}, {"type": "Feature", "geometry": {"type": "Point", "coordinates": [8.6470097, 50.114342]}, "properties": {"id": "osm:way:1087190633", "type": "school", "name": "Anni-Albers-Schule für Mode, Medien und Gestaltung", "source": "OpenStreetMap/Overpass"}}, {"type": "Feature", "geometry": {"type": "Point", "coordinates": [8.7434316, 50.1802138]}, "properties": {"id": "osm:way:1088460268", "type": "kindergarten", "name": "Evangelische Kindertagesstätte „Ache Noah“", "source": "OpenStreetMap/Overpass"}}, {"type": "Feature", "geometry": {"type": "Point", "coordinates": [8.6608676, 50.1139732]}, "properties": {"id": "osm:way:1089468401", "type": "school", "name": "I. E. Lichtigfeld-Schule (Grundschule)", "source": "OpenStreetMap/Overpass"}}, {"type": "Feature", "geometry": {"type": "Point", "coordinates": [8.6900719, 50.0973458]}, "properties": {"id": "osm:way:1092884810", "type": "kindergarten", "name": "Kinderzentrum Grethenweg", "source": "OpenStreetMap/Overpass"}}, {"type": "Feature", "geometry": {"type": "Point", "coordinates": [8.6068184, 50.0798656]}, "properties": {"id": "osm:way:1092886263", "type": "kindergarten", "name": "Kinderzentrum Am Wiesenhof", "source": "OpenStreetMap/Overpass"}}, {"type": "Feature", "geometry": {"type": "Point", "coordinates": [8.6390061, 50.1859531]}, "properties": {"id": "osm:way:1092887467", "type": "kindergarten", "name": "Kinderzentrum Kalbacher Stadtpfad", "source": "OpenStreetMap/Overpass"}}, {"type": "Feature", "geometry": {"type": "Point", "coordinates": [8.6267842, 50.1826457]}, "properties": {"id": "osm:way:1092944284", "type": "kindergarten", "name": "Kinderzentrum Magda-Spiegel-Weg", "source": "OpenStreetMap/Overpass"}}, {"type": "Feature", "geometry": {"type": "Point", "coordinates": [8.5495632, 50.099413]}, "properties": {"id": "osm:way:1092945229", "type": "kindergarten", "name": "Kinderzentrum Bolongarostraße", "source": "OpenStreetMap/Overpass"}}, {"type": "Feature", "geometry": {"type": "Point", "coordinates": [8.7016084, 50.1286255]}, "properties": {"id": "osm:way:1092945580", "type": "kindergarten", "name": "Kinderzentrum Hartmann-Ibach-Straße", "source": "OpenStreetMap/Overpass"}}, {"type": "Feature", "geometry": {"type": "Point", "coordinates": [8.5469479, 50.104974]}, "properties": {"id": "osm:way:1092946743", "type": "kindergarten", "name": "Kinderzentrum Gerlachstraße", "source": "OpenStreetMap/Overpass"}}, {"type": "Feature", "geometry": {"type": "Point", "coordinates": [8.549677, 50.102457]}, "properties": {"id": "osm:way:1097841501", "type": "kindergarten", "name": "Katholischer Kindergarten St. Josef", "source": "OpenStreetMap/Overpass"}}, {"type": "Feature", "geometry": {"type": "Point", "coordinates": [8.55183, 50.1025781]}, "properties": {"id": "osm:way:1097844946", "type": "kindergarten", "name": "Kindertagesstätte Alte Villa", "source": "OpenStreetMap/Overpass"}}, {"type": "Feature", "geometry": {"type": "Point", "coordinates": [8.7019706, 50.111811]}, "properties": {"id": "osm:way:1098420710", "type": "kindergarten", "name": "IFZ Kita Ostend", "source": "OpenStreetMap/Overpass"}}, {"type": "Feature", "geometry": {"type": "Point", "coordinates": [8.5472221, 50.1131453]}, "properties": {"id": "osm:way:1098423343", "type": "kindergarten", "name": "IFZ Kita Lindenviertel", "source": "OpenStreetMap/Overpass"}}, {"type": "Feature", "geometry": {"type": "Point", "coordinates": [8.6240166, 50.1129361]}, "properties": {"id": "osm:way:1098423504", "type": "kindergarten", "name": "IFZ Kita Rebstockpark", "source": "OpenStreetMap/Overpass"}}, {"type": "Feature", "geometry": {"type": "Point", "coordinates": [8.6070816, 50.125808]}, "properties": {"id": "osm:way:1098715291", "type": "kindergarten", "name": "IFZ Kita Rödelheim", "source": "OpenStreetMap/Overpass"}}, {"type": "Feature", "geometry": {"type": "Point", "coordinates": [8.622893, 50.1292664]}, "properties": {"id": "osm:way:1101306524", "type": "kindergarten", "name": "Kita Niddazwerge", "source": "OpenStreetMap/Overpass"}}, {"type": "Feature", "geometry": {"type": "Point", "coordinates": [8.6199791, 50.1127704]}, "properties": {"id": "osm:way:1102263107", "type": "kindergarten", "name": "Kindertagesstätte Johannes", "source": "OpenStreetMap/Overpass"}}, {"type": "Feature", "geometry": {"type": "Point", "coordinates": [8.6701582, 50.1333216]}, "properties": {"id": "osm:way:1107729527", "type": "kindergarten", "name": "Kindertagesstätte der ev. Dornbuschgemeinde", "source": "OpenStreetMap/Overpass"}}, {"type": "Feature", "geometry": {"type": "Point", "coordinates": [8.5242586, 50.1060083]}, "properties": {"id": "osm:way:1110132286", "type": "kindergarten", "name": "Johanniter-Kinderzentrum JoKiZ", "source": "OpenStreetMap/Overpass"}}, {"type": "Feature", "geometry": {"type": "Point", "coordinates": [8.5429412, 50.0995361]}, "properties": {"id": "osm:way:1111752859", "type": "kindergarten", "name": "Kita Alt-Höchst", "source": "OpenStreetMap/Overpass"}}, {"type": "Feature", "geometry": {"type": "Point", "coordinates": [8.5435655, 50.0979018]}, "properties": {"id": "osm:way:1111845051", "type": "school", "name": "Paul-Ehrlich-Schule", "source": "OpenStreetMap/Overpass"}}, {"type": "Feature", "geometry": {"type": "Point", "coordinates": [8.5315455, 50.1090167]}, "properties": {"id": "osm:way:1111851272", "type": "kindergarten", "name": "Kita Wartburg", "source": "OpenStreetMap/Overpass"}}, {"type": "Feature", "geometry": {"type": "Point", "coordinates": [8.6261491, 50.1291564]}, "properties": {"id": "osm:way:1112487559", "type": "kindergarten", "name": "Krabbelstube Krabbelhausen", "source": "OpenStreetMap/Overpass"}}, {"type": "Feature", "geometry": {"type": "Point", "coordinates": [8.540845, 50.1157412]}, "properties": {"id": "osm:way:1113142018", "type": "kindergarten", "name": "Kita Engelsruhe", "source": "OpenStreetMap/Overpass"}}, {"type": "Feature", "geometry": {"type": "Point", "coordinates": [8.5404912, 50.1159265]}, "properties": {"id": "osm:way:1113144727", "type": "kindergarten", "name": "Freie Kinderschule", "source": "OpenStreetMap/Overpass"}}, {"type": "Feature", "geometry": {"type": "Point", "coordinates": [8.4976721, 50.099509]}, "properties": {"id": "osm:way:1116642814", "type": "kindergarten", "name": "Kita Taunusblick", "source": "OpenStreetMap/Overpass"}}, {"type": "Feature", "geometry": {"type": "Point", "coordinates": [8.5062261, 50.0977688]}, "properties": {"id": "osm:way:1116642815", "type": "kindergarten", "name": "Kita Friedenau", "source": "OpenStreetMap/Overpass"}}, {"type": "Feature", "geometry": {"type": "Point", "coordinates": [8.5414763, 50.1093733]}, "properties": {"id": "osm:way:1116743435", "type": "kindergarten", "name": "Kindergarten Sternschnuppe", "source": "OpenStreetMap/Overpass"}}, {"type": "Feature", "geometry": {"type": "Point", "coordinates": [8.5034717, 50.0956238]}, "properties": {"id": "osm:way:1116991259", "type": "kindergarten", "name": "Kinderzentrum Katzenstirn", "source": "OpenStreetMap/Overpass"}}, {"type": "Feature", "geometry": {"type": "Point", "coordinates": [8.5327341, 50.1043015]}, "properties": {"id": "osm:way:1117117067", "type": "kindergarten", "name": "Krabbelstube Amselnest", "source": "OpenStreetMap/Overpass"}}, {"type": "Feature", "geometry": {"type": "Point", "coordinates": [8.7110808, 50.2035294]}, "properties": {"id": "osm:way:1117445556", "type": "kindergarten", "name": "Kita Mühleninsel", "source": "OpenStreetMap/Overpass"}}, {"type": "Feature", "geometry": {"type": "Point", "coordinates": [8.7516772, 50.1478547]}, "properties": {"id": "osm:way:1132186632", "type": "kindergarten", "name": "AWO Kindertagesstätte Enkheim", "source": "OpenStreetMap/Overpass"}}, {"type": "Feature", "geometry": {"type": "Point", "coordinates": [8.6450504, 50.0848577]}, "properties": {"id": "osm:way:1138623867", "type": "school", "name": "KGS-Niederrad Standort Goldsteinstraße", "source": "OpenStreetMap/Overpass"}}, {"type": "Feature", "geometry": {"type": "Point", "coordinates": [8.6928844, 50.0162152]}, "properties": {"id": "osm:way:1139144875", "type": "school", "name": "Georg-Büchner-Schule", "source": "OpenStreetMap/Overpass"}}, {"type": "Feature", "geometry": {"type": "Point", "coordinates": [8.6807194, 50.1256197]}, "properties": {"id": "osm:way:1139148221", "type": "school", "name": "Phorms Schule Frankfurt", "source": "OpenStreetMap/Overpass"}}, {"type": "Feature", "geometry": {"type": "Point", "coordinates": [8.696087, 50.1737152]}, "properties": {"id": "osm:way:1144039414", "type": "kindergarten", "name": "Kinderzentrum In den Schafgärten Außenstelle Berkersheimer Untergasse", "source": "OpenStreetMap/Overpass"}}, {"type": "Feature", "geometry": {"type": "Point", "coordinates": [8.7003306, 50.1190258]}, "properties": {"id": "osm:way:1151342133", "type": "kindergarten", "name": "Kita Naxos", "source": "OpenStreetMap/Overpass"}}, {"type": "Feature", "geometry": {"type": "Point", "coordinates": [8.7039871, 50.1533772]}, "properties": {"id": "osm:way:1151378187", "type": "kindergarten", "name": "Internationale Kita Alkmenestraße", "source": "OpenStreetMap/Overpass"}}, {"type": "Feature", "geometry": {"type": "Point", "coordinates": [8.629974, 50.1792691]}, "properties": {"id": "osm:way:1153085937", "type": "kindergarten", "name": "Kindertagesstätte TraumBaum", "source": "OpenStreetMap/Overpass"}}, {"type": "Feature", "geometry": {"type": "Point", "coordinates": [8.7471062, 50.185198]}, "properties": {"id": "osm:way:1153371560", "type": "kindergarten", "name": "St. Nikolaus", "source": "OpenStreetMap/Overpass"}}, {"type": "Feature", "geometry": {"type": "Point", "coordinates": [8.506551, 50.085364]}, "properties": {"id": "osm:way:1154482474", "type": "kindergarten", "name": "Terminal for Kids KinderArche", "source": "OpenStreetMap/Overpass"}}, {"type": "Feature", "geometry": {"type": "Point", "coordinates": [8.7447921, 50.210159]}, "properties": {"id": "osm:way:1158701220", "type": "kindergarten", "name": "", "source": "OpenStreetMap/Overpass"}}, {"type": "Feature", "geometry": {"type": "Point", "coordinates": [8.6646803, 50.0271493]}, "properties": {"id": "osm:way:1174228771", "type": "school", "name": "Selma-Lagerlöf-Schule", "source": "OpenStreetMap/Overpass"}}, {"type": "Feature", "geometry": {"type": "Point", "coordinates": [8.6784089, 50.0166892]}, "properties": {"id": "osm:way:1174276390", "type": "kindergarten", "name": "Kindertagesstätte Oisterwijker Straße", "source": "OpenStreetMap/Overpass"}}, {"type": "Feature", "geometry": {"type": "Point", "coordinates": [8.6652625, 50.0272235]}, "properties": {"id": "osm:way:1174294852", "type": "kindergarten", "name": "Evangelischer Kindergarten Buchschlag", "source": "OpenStreetMap/Overpass"}}, {"type": "Feature", "geometry": {"type": "Point", "coordinates": [8.6290886, 50.1065445]}, "properties": {"id": "osm:way:1185752601", "type": "kindergarten", "name": "Kinderzentrum Krifteler Straße", "source": "OpenStreetMap/Overpass"}}, {"type": "Feature", "geometry": {"type": "Point", "coordinates": [8.6325467, 50.1060421]}, "properties": {"id": "osm:way:1185754871", "type": "kindergarten", "name": "Kinderzentrum Idsteiner Straße", "source": "OpenStreetMap/Overpass"}}, {"type": "Feature", "geometry": {"type": "Point", "coordinates": [8.6665889, 50.1061285]}, "properties": {"id": "osm:way:1188989546", "type": "kindergarten", "name": "Kinderzentrum Wiesenhüttenstraße", "source": "OpenStreetMap/Overpass"}}, {"type": "Feature", "geometry": {"type": "Point", "coordinates": [8.5414955, 50.1488801]}, "properties": {"id": "osm:way:1190684943", "type": "kindergarten", "name": "KiTa am Park", "source": "OpenStreetMap/Overpass"}}, {"type": "Feature", "geometry": {"type": "Point", "coordinates": [8.6082752, 50.0813345]}, "properties": {"id": "osm:way:1192679149", "type": "childcare", "name": "Sankt Johannes", "source": "OpenStreetMap/Overpass"}}, {"type": "Feature", "geometry": {"type": "Point", "coordinates": [8.4910974, 50.0673709]}, "properties": {"id": "osm:way:1206576460", "type": "kindergarten", "name": "", "source": "OpenStreetMap/Overpass"}}, {"type": "Feature", "geometry": {"type": "Point", "coordinates": [8.6773199, 50.1332402]}, "properties": {"id": "osm:way:1235149526", "type": "kindergarten", "name": "Don Bosco", "source": "OpenStreetMap/Overpass"}}, {"type": "Feature", "geometry": {"type": "Point", "coordinates": [8.6745663, 50.0896961]}, "properties": {"id": "osm:way:1236102946", "type": "kindergarten", "name": "Kinderzentrum Liegnitzer Straße (KiZ 48)", "source": "OpenStreetMap/Overpass"}}, {"type": "Feature", "geometry": {"type": "Point", "coordinates": [8.791347, 50.0606938]}, "properties": {"id": "osm:way:1247657654", "type": "school", "name": "4. Grundschule Heusenstamm", "source": "OpenStreetMap/Overpass"}}, {"type": "Feature", "geometry": {"type": "Point", "coordinates": [8.7612415, 50.1449032]}, "properties": {"id": "osm:way:1259535668", "type": "school", "name": "Kita 97 (Milseburgstraße)", "source": "OpenStreetMap/Overpass"}}, {"type": "Feature", "geometry": {"type": "Point", "coordinates": [8.6441952, 50.1893218]}, "properties": {"id": "osm:way:1274807354", "type": "kindergarten", "name": "Kinderzentrum Im Hain", "source": "OpenStreetMap/Overpass"}}, {"type": "Feature", "geometry": {"type": "Point", "coordinates": [8.6405512, 50.1872963]}, "properties": {"id": "osm:way:1274811519", "type": "school", "name": "Erweiterte Schulische Betreuung", "source": "OpenStreetMap/Overpass"}}, {"type": "Feature", "geometry": {"type": "Point", "coordinates": [8.6651841, 50.1120882]}, "properties": {"id": "osm:way:1274893989", "type": "kindergarten", "name": "Mäusenest", "source": "OpenStreetMap/Overpass"}}, {"type": "Feature", "geometry": {"type": "Point", "coordinates": [8.6697642, 50.1267508]}, "properties": {"id": "osm:way:1278890188", "type": "kindergarten", "name": "Campus Kita", "source": "OpenStreetMap/Overpass"}}, {"type": "Feature", "geometry": {"type": "Point", "coordinates": [8.5009166, 50.0553768]}, "properties": {"id": "osm:way:1287729581", "type": "kindergarten", "name": "Kindertagesstätte Kleine Feldstraße", "source": "OpenStreetMap/Overpass"}}, {"type": "Feature", "geometry": {"type": "Point", "coordinates": [8.7389034, 50.1914656]}, "properties": {"id": "osm:way:1289763128", "type": "school", "name": "Quellenschule", "source": "OpenStreetMap/Overpass"}}, {"type": "Feature", "geometry": {"type": "Point", "coordinates": [8.6300277, 50.1542404]}, "properties": {"id": "osm:way:1290007976", "type": "kindergarten", "name": "", "source": "OpenStreetMap/Overpass"}}, {"type": "Feature", "geometry": {"type": "Point", "coordinates": [8.7980186, 50.0856957]}, "properties": {"id": "osm:way:1313567986", "type": "kindergarten", "name": "Kindergarten 10", "source": "OpenStreetMap/Overpass"}}, {"type": "Feature", "geometry": {"type": "Point", "coordinates": [8.6410209, 50.1663665]}, "properties": {"id": "osm:way:1319654023", "type": "kindergarten", "name": "KT130 Heddernheim \"Hundertwasser Kindergarten\"", "source": "OpenStreetMap/Overpass"}}, {"type": "Feature", "geometry": {"type": "Point", "coordinates": [8.6452937, 50.1425103]}, "properties": {"id": "osm:way:1322319456", "type": "school", "name": "Diesterwegschule", "source": "OpenStreetMap/Overpass"}}, {"type": "Feature", "geometry": {"type": "Point", "coordinates": [8.6509015, 50.1447979]}, "properties": {"id": "osm:way:1322327504", "type": "kindergarten", "name": "Kinderzentrum Ginnheimer Hohl - KiZ 23", "source": "OpenStreetMap/Overpass"}}, {"type": "Feature", "geometry": {"type": "Point", "coordinates": [8.630387, 50.1067245]}, "properties": {"id": "osm:way:1350658116", "type": "childcare", "name": "", "source": "OpenStreetMap/Overpass"}}, {"type": "Feature", "geometry": {"type": "Point", "coordinates": [8.7131749, 50.099649]}, "properties": {"id": "osm:way:1373664920", "type": "school", "name": "Gruneliusschule (Grundschule)", "source": "OpenStreetMap/Overpass"}}, {"type": "Feature", "geometry": {"type": "Point", "coordinates": [8.5877111, 50.1867649]}, "properties": {"id": "osm:way:1385069032", "type": "school", "name": "Ketteler-La-Roche-Schule", "source": "OpenStreetMap/Overpass"}}, {"type": "Feature", "geometry": {"type": "Point", "coordinates": [8.7696068, 50.1228878]}, "properties": {"id": "osm:way:1387280707", "type": "kindergarten", "name": "", "source": "OpenStreetMap/Overpass"}}, {"type": "Feature", "geometry": {"type": "Point", "coordinates": [8.6991995, 50.152302]}, "properties": {"id": "osm:way:1410825982", "type": "kindergarten", "name": "Kita Kantapfel", "source": "OpenStreetMap/Overpass"}}, {"type": "Feature", "geometry": {"type": "Point", "coordinates": [8.6297482, 50.106796]}, "properties": {"id": "osm:way:1414304695", "type": "childcare", "name": "", "source": "OpenStreetMap/Overpass"}}, {"type": "Feature", "geometry": {"type": "Point", "coordinates": [8.500777, 50.1401865]}, "properties": {"id": "osm:way:1419908073", "type": "kindergarten", "name": "Kita Max Baginski", "source": "OpenStreetMap/Overpass"}}, {"type": "Feature", "geometry": {"type": "Point", "coordinates": [8.4998032, 50.1359487]}, "properties": {"id": "osm:way:1419909058", "type": "kindergarten", "name": "Städt. Kita \"Am Hübenbusch\"", "source": "OpenStreetMap/Overpass"}}, {"type": "Feature", "geometry": {"type": "Point", "coordinates": [8.5057618, 50.1366703]}, "properties": {"id": "osm:way:1419912187", "type": "kindergarten", "name": "Ev. Kita \"Im Sonnengarten\"", "source": "OpenStreetMap/Overpass"}}, {"type": "Feature", "geometry": {"type": "Point", "coordinates": [8.5068391, 50.1422474]}, "properties": {"id": "osm:way:1420122245", "type": "kindergarten", "name": "Kita St. Katharina", "source": "OpenStreetMap/Overpass"}}, {"type": "Feature", "geometry": {"type": "Point", "coordinates": [8.6281902, 50.1092214]}, "properties": {"id": "osm:way:1433618264", "type": "school", "name": "Emma-Kann-Grundschule", "source": "OpenStreetMap/Overpass"}}, {"type": "Feature", "geometry": {"type": "Point", "coordinates": [8.6296605, 50.098699]}, "properties": {"id": "osm:way:1455280787", "type": "kindergarten", "name": "Kinderzentrum Meta-Gadesmann-Straße", "source": "OpenStreetMap/Overpass"}}, {"type": "Feature", "geometry": {"type": "Point", "coordinates": [8.5752431, 50.1657341]}, "properties": {"id": "osm:way:1461471421", "type": "kindergarten", "name": "Städtische Kindertagesstätte \"Wiesenstrolche\"", "source": "OpenStreetMap/Overpass"}}, {"type": "Feature", "geometry": {"type": "Point", "coordinates": [8.5764802, 50.1655244]}, "properties": {"id": "osm:way:1461471422", "type": "kindergarten", "name": "Evangelische Kindertagesstätte \"Regenbogen\"", "source": "OpenStreetMap/Overpass"}}, {"type": "Feature", "geometry": {"type": "Point", "coordinates": [8.6737358, 50.0527283]}, "properties": {"id": "osm:relation:1864401", "type": "kindergarten", "name": "Kindertagesstätte Sankt Franziskus", "source": "OpenStreetMap/Overpass"}}, {"type": "Feature", "geometry": {"type": "Point", "coordinates": [8.6993688, 50.0530366]}, "properties": {"id": "osm:relation:2994141", "type": "school", "name": "Albert-Schweitzer-Schule", "source": "OpenStreetMap/Overpass"}}, {"type": "Feature", "geometry": {"type": "Point", "coordinates": [8.7127098, 50.0526807]}, "properties": {"id": "osm:relation:2994142", "type": "school", "name": "Friedrich-Fröbel-Schule", "source": "OpenStreetMap/Overpass"}}, {"type": "Feature", "geometry": {"type": "Point", "coordinates": [8.6979509, 50.053342]}, "properties": {"id": "osm:relation:3213968", "type": "kindergarten", "name": "Freizeitvilla auf dem Wilhelmsplatz", "source": "OpenStreetMap/Overpass"}}, {"type": "Feature", "geometry": {"type": "Point", "coordinates": [8.7530871, 50.1124879]}, "properties": {"id": "osm:relation:6649383", "type": "school", "name": "Hafenschule", "source": "OpenStreetMap/Overpass"}}, {"type": "Feature", "geometry": {"type": "Point", "coordinates": [8.6908322, 50.1481672]}, "properties": {"id": "osm:relation:9237296", "type": "school", "name": "Theobald-Ziegler-Schule", "source": "OpenStreetMap/Overpass"}}, {"type": "Feature", "geometry": {"type": "Point", "coordinates": [8.6366299, 50.1866045]}, "properties": {"id": "osm:relation:10560505", "type": "kindergarten", "name": "Kita Krambambuli", "source": "OpenStreetMap/Overpass"}}, {"type": "Feature", "geometry": {"type": "Point", "coordinates": [8.5139418, 50.0790944]}, "properties": {"id": "osm:relation:10888686", "type": "school", "name": "Meisterschule", "source": "OpenStreetMap/Overpass"}}, {"type": "Feature", "geometry": {"type": "Point", "coordinates": [8.7057308, 50.1313318]}, "properties": {"id": "osm:relation:10888687", "type": "school", "name": "Louise-von-Rothschild-Schule", "source": "OpenStreetMap/Overpass"}}, {"type": "Feature", "geometry": {"type": "Point", "coordinates": [8.5740875, 50.2129399]}, "properties": {"id": "osm:relation:13690822", "type": "kindergarten", "name": "Kindertagesstätte am Park e.V.", "source": "OpenStreetMap/Overpass"}}, {"type": "Feature", "geometry": {"type": "Point", "coordinates": [8.6230937, 50.1080064]}, "properties": {"id": "osm:relation:13704105", "type": "kindergarten", "name": "Kindertagesstätte Westside Tower", "source": "OpenStreetMap/Overpass"}}, {"type": "Feature", "geometry": {"type": "Point", "coordinates": [8.5493245, 50.1082217]}, "properties": {"id": "osm:relation:14532848", "type": "school", "name": "", "source": "OpenStreetMap/Overpass"}}, {"type": "Feature", "geometry": {"type": "Point", "coordinates": [8.6979365, 50.1536227]}, "properties": {"id": "osm:relation:15555287", "type": "school", "name": "Carlo-Mierendorff-Schule (IGS)", "source": "OpenStreetMap/Overpass"}}, {"type": "Feature", "geometry": {"type": "Point", "coordinates": [8.6791302, 50.0986113]}, "properties": {"id": "osm:relation:16069545", "type": "school", "name": "IGS Süd", "source": "OpenStreetMap/Overpass"}}, {"type": "Feature", "geometry": {"type": "Point", "coordinates": [8.6983275, 50.0161788]}, "properties": {"id": "osm:relation:17964184", "type": "kindergarten", "name": "Krabbelstube Heckenborn", "source": "OpenStreetMap/Overpass"}}]}
