{"type": "FeatureCollection", "features": [{"type": "Feature", "geometry": {"type": "Point", "coordinates": [6.9263461, 50.9566993]}, "properties": {"id": "osm:node:75874741", "type": "school", "name": "Lauder-Morijah-Grundschule", "source": "OpenStreetMap/Overpass"}}, {"type": "Feature", "geometry": {"type": "Point", "coordinates": [6.8937438, 50.9783432]}, "properties": {"id": "osm:node:221175135", "type": "school", "name": "Bildungszentrum Butzweiler Hof", "source": "OpenStreetMap/Overpass"}}, {"type": "Feature", "geometry": {"type": "Point", "coordinates": [6.924181, 50.9956587]}, "properties": {"id": "osm:node:246812983", "type": "school", "name": "Gemeinschaftsgrundschule Gartenstadt", "source": "OpenStreetMap/Overpass"}}, {"type": "Feature", "geometry": {"type": "Point", "coordinates": [6.812434, 50.9137167]}, "properties": {"id": "osm:node:255404452", "type": "school", "name": "Ringschule", "source": "OpenStreetMap/Overpass"}}, {"type": "Feature", "geometry": {"type": "Point", "coordinates": [6.960766, 50.9465135]}, "properties": {"id": "osm:node:256305998", "type": "school", "name": "Mädchengymnasium Ursulinen", "source": "OpenStreetMap/Overpass"}}, {"type": "Feature", "geometry": {"type": "Point", "coordinates": [7.1180206, 51.0156134]}, "properties": {"id": "osm:node:267727520", "type": "kindergarten", "name": "Voiswinkeler Wichtel", "source": "OpenStreetMap/Overpass"}}, {"type": "Feature", "geometry": {"type": "Point", "coordinates": [7.1094684, 51.0304914]}, "properties": {"id": "osm:node:270252792", "type": "kindergarten", "name": "Caritas Familienzentrum", "source": "OpenStreetMap/Overpass"}}, {"type": "Feature", "geometry": {"type": "Point", "coordinates": [7.0942066, 50.990292]}, "properties": {"id": "osm:node:270362971", "type": "school", "name": "Gemeinschaftsgrundschule Hand", "source": "OpenStreetMap/Overpass"}}, {"type": "Feature", "geometry": {"type": "Point", "coordinates": [7.1021138, 50.9919219]}, "properties": {"id": "osm:node:270362992", "type": "kindergarten", "name": "Heilig-Geist", "source": "OpenStreetMap/Overpass"}}, {"type": "Feature", "geometry": {"type": "Point", "coordinates": [6.8709723, 50.937224]}, "properties": {"id": "osm:node:275032373", "type": "kindergarten", "name": "Purzelbaum", "source": "OpenStreetMap/Overpass"}}, {"type": "Feature", "geometry": {"type": "Point", "coordinates": [7.1294675, 51.0033861]}, "properties": {"id": "osm:node:276348962", "type": "kindergarten", "name": "Kath. Kindertagesstätte Hl. Dreikönige", "source": "OpenStreetMap/Overpass"}}, {"type": "Feature", "geometry": {"type": "Point", "coordinates": [7.127566, 50.9788208]}, "properties": {"id": "osm:node:281519791", "type": "school", "name": "Marie-Curie-Realschule", "source": "OpenStreetMap/Overpass"}}, {"type": "Feature", "geometry": {"type": "Point", "coordinates": [6.9507612, 50.9743057]}, "properties": {"id": "osm:node:287156152", "type": "kindergarten", "name": "Kleine Stippeföttche", "source": "OpenStreetMap/Overpass"}}, {"type": "Feature", "geometry": {"type": "Point", "coordinates": [7.0433334, 50.9747335]}, "properties": {"id": "osm:node:292181843", "type": "kindergarten", "name": "Städtische Kindertageseinrichtung Gerhart-Hauptmann-Straße", "source": "OpenStreetMap/Overpass"}}, {"type": "Feature", "geometry": {"type": "Point", "coordinates": [7.1531561, 50.9083]}, "properties": {"id": "osm:node:307736642", "type": "kindergarten", "name": "Die kleinen Eichen", "source": "OpenStreetMap/Overpass"}}, {"type": "Feature", "geometry": {"type": "Point", "coordinates": [6.8975287, 50.9758161]}, "properties": {"id": "osm:node:313130432", "type": "school", "name": "Fortbildungszentrum Köhlstraße 8", "source": "OpenStreetMap/Overpass"}}, {"type": "Feature", "geometry": {"type": "Point", "coordinates": [7.0103935, 50.9715345]}, "properties": {"id": "osm:node:337657168", "type": "school", "name": "Nachhilfeakademie", "source": "OpenStreetMap/Overpass"}}, {"type": "Feature", "geometry": {"type": "Point", "coordinates": [6.9966386, 50.9599309]}, "properties": {"id": "osm:node:343578650", "type": "school", "name": "Kolping Bildungswerk", "source": "OpenStreetMap/Overpass"}}, {"type": "Feature", "geometry": {"type": "Point", "coordinates": [6.994078, 51.0798149]}, "properties": {"id": "osm:node:365091259", "type": "kindergarten", "name": "Kindertagesstätte St. Michael (Ulrichstraße)", "source": "OpenStreetMap/Overpass"}}, {"type": "Feature", "geometry": {"type": "Point", "coordinates": [7.0039739, 51.059013]}, "properties": {"id": "osm:node:365233603", "type": "kindergarten", "name": "Kindertagesstätte St. Elisabeth (Kölner Straße)", "source": "OpenStreetMap/Overpass"}}, {"type": "Feature", "geometry": {"type": "Point", "coordinates": [6.9603042, 50.976422]}, "properties": {"id": "osm:node:366662573", "type": "kindergarten", "name": "Kindertagesstätte", "source": "OpenStreetMap/Overpass"}}, {"type": "Feature", "geometry": {"type": "Point", "coordinates": [7.0012364, 51.056713]}, "properties": {"id": "osm:node:370247168", "type": "kindergarten", "name": "Lummerland", "source": "OpenStreetMap/Overpass"}}, {"type": "Feature", "geometry": {"type": "Point", "coordinates": [7.1225136, 50.9853644]}, "properties": {"id": "osm:node:372927294", "type": "kindergarten", "name": "Caritashaus", "source": "OpenStreetMap/Overpass"}}, {"type": "Feature", "geometry": {"type": "Point", "coordinates": [7.0244867, 50.9308163]}, "properties": {"id": "osm:node:373455107", "type": "school", "name": "Heinzelmännchen-Schule", "source": "OpenStreetMap/Overpass"}}, {"type": "Feature", "geometry": {"type": "Point", "coordinates": [7.0246573, 50.9346379]}, "properties": {"id": "osm:node:375779854", "type": "kindergarten", "name": "St. Theodor", "source": "OpenStreetMap/Overpass"}}, {"type": "Feature", "geometry": {"type": "Point", "coordinates": [6.8107901, 51.0754268]}, "properties": {"id": "osm:node:386089861", "type": "school", "name": "Leibniz-Gymnasium", "source": "OpenStreetMap/Overpass"}}, {"type": "Feature", "geometry": {"type": "Point", "coordinates": [6.9206429, 50.9489344]}, "properties": {"id": "osm:node:431845055", "type": "kindergarten", "name": "Kita St. Joseph", "source": "OpenStreetMap/Overpass"}}, {"type": "Feature", "geometry": {"type": "Point", "coordinates": [6.9249632, 50.9958035]}, "properties": {"id": "osm:node:507101326", "type": "school", "name": "Katholische Marienschule", "source": "OpenStreetMap/Overpass"}}, {"type": "Feature", "geometry": {"type": "Point", "coordinates": [7.0254412, 50.9758197]}, "properties": {"id": "osm:node:522046785", "type": "kindergarten", "name": "Kindertagesstätte des SKM", "source": "OpenStreetMap/Overpass"}}, {"type": "Feature", "geometry": {"type": "Point", "coordinates": [7.0016574, 51.0715321]}, "properties": {"id": "osm:node:546214501", "type": "kindergarten", "name": "Evangelische Kindertagesstätte Am Bielert", "source": "OpenStreetMap/Overpass"}}, {"type": "Feature", "geometry": {"type": "Point", "coordinates": [7.0021381, 51.071755]}, "properties": {"id": "osm:node:546219041", "type": "kindergarten", "name": "Städtische Tageseinrichtung f. Kinder", "source": "OpenStreetMap/Overpass"}}, {"type": "Feature", "geometry": {"type": "Point", "coordinates": [6.8999916, 50.8930437]}, "properties": {"id": "osm:node:565419764", "type": "school", "name": "Geschwister-Scholl-Grundschule", "source": "OpenStreetMap/Overpass"}}, {"type": "Feature", "geometry": {"type": "Point", "coordinates": [6.9004816, 50.8934268]}, "properties": {"id": "osm:node:565419766", "type": "school", "name": "Don Bosco-Grundschule", "source": "OpenStreetMap/Overpass"}}, {"type": "Feature", "geometry": {"type": "Point", "coordinates": [7.0063779, 50.9739605]}, "properties": {"id": "osm:node:623303138", "type": "school", "name": "Vincerola International Montessori Day Nursery and Preschool Köln", "source": "OpenStreetMap/Overpass"}}, {"type": "Feature", "geometry": {"type": "Point", "coordinates": [6.9450773, 50.9272451]}, "properties": {"id": "osm:node:647885180", "type": "kindergarten", "name": "Sira Kinderbetreuung", "source": "OpenStreetMap/Overpass"}}, {"type": "Feature", "geometry": {"type": "Point", "coordinates": [6.9446874, 50.9363346]}, "properties": {"id": "osm:node:651505648", "type": "kindergarten", "name": "Kindertagesstätte St. Aposteln", "source": "OpenStreetMap/Overpass"}}, {"type": "Feature", "geometry": {"type": "Point", "coordinates": [6.9449424, 50.942157]}, "properties": {"id": "osm:node:653926415", "type": "school", "name": "Bénédict School", "source": "OpenStreetMap/Overpass"}}, {"type": "Feature", "geometry": {"type": "Point", "coordinates": [6.9820099, 50.9607198]}, "properties": {"id": "osm:node:654553683", "type": "kindergarten", "name": "städtischer Kindergarten Köln", "source": "OpenStreetMap/Overpass"}}, {"type": "Feature", "geometry": {"type": "Point", "coordinates": [6.9128252, 50.952151]}, "properties": {"id": "osm:node:659351177", "type": "kindergarten", "name": "Kita Ehrenfeld", "source": "OpenStreetMap/Overpass"}}, {"type": "Feature", "geometry": {"type": "Point", "coordinates": [7.0592538, 51.0501247]}, "properties": {"id": "osm:node:687668695", "type": "school", "name": "Grundschule Heinrich-Lübke-Straße", "source": "OpenStreetMap/Overpass"}}, {"type": "Feature", "geometry": {"type": "Point", "coordinates": [6.9617943, 50.9387907]}, "properties": {"id": "osm:node:761143184", "type": "kindergarten", "name": "Kindertagesstätte Groß St. Martin", "source": "OpenStreetMap/Overpass"}}, {"type": "Feature", "geometry": {"type": "Point", "coordinates": [6.9747207, 50.9661432]}, "properties": {"id": "osm:node:773527776", "type": "kindergarten", "name": "Kindergarten und Hort St. Engelbert", "source": "OpenStreetMap/Overpass"}}, {"type": "Feature", "geometry": {"type": "Point", "coordinates": [6.9230508, 50.9463736]}, "properties": {"id": "osm:node:823702958", "type": "kindergarten", "name": "", "source": "OpenStreetMap/Overpass"}}, {"type": "Feature", "geometry": {"type": "Point", "coordinates": [6.8091961, 50.9046252]}, "properties": {"id": "osm:node:837167090", "type": "school", "name": "", "source": "OpenStreetMap/Overpass"}}, {"type": "Feature", "geometry": {"type": "Point", "coordinates": [6.8104576, 51.0755237]}, "properties": {"id": "osm:node:859477036", "type": "school", "name": "Realschule Hackenbroich", "source": "OpenStreetMap/Overpass"}}, {"type": "Feature", "geometry": {"type": "Point", "coordinates": [7.0082987, 50.9734602]}, "properties": {"id": "osm:node:960317027", "type": "kindergarten", "name": "Villa Kunterbunt", "source": "OpenStreetMap/Overpass"}}, {"type": "Feature", "geometry": {"type": "Point", "coordinates": [7.0089202, 50.974227]}, "properties": {"id": "osm:node:960317085", "type": "kindergarten", "name": "Sonnenstrahlen", "source": "OpenStreetMap/Overpass"}}, {"type": "Feature", "geometry": {"type": "Point", "coordinates": [6.9262254, 50.9565069]}, "properties": {"id": "osm:node:983407751", "type": "kindergarten", "name": "Franz-Herschtritt-Kindertagesstätte", "source": "OpenStreetMap/Overpass"}}, {"type": "Feature", "geometry": {"type": "Point", "coordinates": [7.0094048, 50.9426761]}, "properties": {"id": "osm:node:1023190088", "type": "kindergarten", "name": "Katholisches Familienzentrum Kindertagesstätte St. Marien & St. Joseph", "source": "OpenStreetMap/Overpass"}}, {"type": "Feature", "geometry": {"type": "Point", "coordinates": [7.0107669, 50.9399336]}, "properties": {"id": "osm:node:1024908075", "type": "kindergarten", "name": "Ev. Kindertagesstätte \"Paul Gerhardt\"", "source": "OpenStreetMap/Overpass"}}, {"type": "Feature", "geometry": {"type": "Point", "coordinates": [7.0121736, 50.9396713]}, "properties": {"id": "osm:node:1024950579", "type": "kindergarten", "name": "", "source": "OpenStreetMap/Overpass"}}, {"type": "Feature", "geometry": {"type": "Point", "coordinates": [6.9160837, 50.9924227]}, "properties": {"id": "osm:node:1070595788", "type": "kindergarten", "name": "Kindergarten an St. Bernhard", "source": "OpenStreetMap/Overpass"}}, {"type": "Feature", "geometry": {"type": "Point", "coordinates": [7.0590486, 51.0500043]}, "properties": {"id": "osm:node:1080821692", "type": "school", "name": "Comeniusschule", "source": "OpenStreetMap/Overpass"}}, {"type": "Feature", "geometry": {"type": "Point", "coordinates": [7.0093439, 50.94672]}, "properties": {"id": "osm:node:1089025162", "type": "kindergarten", "name": "Kindergarten", "source": "OpenStreetMap/Overpass"}}, {"type": "Feature", "geometry": {"type": "Point", "coordinates": [7.0070686, 50.9400916]}, "properties": {"id": "osm:node:1098303957", "type": "kindergarten", "name": "", "source": "OpenStreetMap/Overpass"}}, {"type": "Feature", "geometry": {"type": "Point", "coordinates": [7.0150298, 50.970714]}, "properties": {"id": "osm:node:1099217271", "type": "school", "name": "Kölner Design Akademie", "source": "OpenStreetMap/Overpass"}}, {"type": "Feature", "geometry": {"type": "Point", "coordinates": [6.9085343, 50.9484438]}, "properties": {"id": "osm:node:1157690226", "type": "school", "name": "Steuer-Fachschule Dr. Endriss", "source": "OpenStreetMap/Overpass"}}, {"type": "Feature", "geometry": {"type": "Point", "coordinates": [6.9457833, 50.9380732]}, "properties": {"id": "osm:node:1265004371", "type": "school", "name": "Englisches Institut Köln", "source": "OpenStreetMap/Overpass"}}, {"type": "Feature", "geometry": {"type": "Point", "coordinates": [6.9781915, 50.9693025]}, "properties": {"id": "osm:node:1320085947", "type": "kindergarten", "name": "Kinderbetreuung Piccola", "source": "OpenStreetMap/Overpass"}}, {"type": "Feature", "geometry": {"type": "Point", "coordinates": [7.11288, 51.0141439]}, "properties": {"id": "osm:node:1364749817", "type": "kindergarten", "name": "Waldkindergarten", "source": "OpenStreetMap/Overpass"}}, {"type": "Feature", "geometry": {"type": "Point", "coordinates": [6.9213643, 50.9488578]}, "properties": {"id": "osm:node:1369858358", "type": "kindergarten", "name": "Krabbelgruppe Wirbelwind", "source": "OpenStreetMap/Overpass"}}, {"type": "Feature", "geometry": {"type": "Point", "coordinates": [7.1420278, 50.9812426]}, "properties": {"id": "osm:node:1385391458", "type": "kindergarten", "name": "", "source": "OpenStreetMap/Overpass"}}, {"type": "Feature", "geometry": {"type": "Point", "coordinates": [6.9268134, 50.950455]}, "properties": {"id": "osm:node:1420172806", "type": "kindergarten", "name": "Kindertagesstätte", "source": "OpenStreetMap/Overpass"}}, {"type": "Feature", "geometry": {"type": "Point", "coordinates": [7.1585902, 50.9883359]}, "properties": {"id": "osm:node:1421371162", "type": "kindergarten", "name": "", "source": "OpenStreetMap/Overpass"}}, {"type": "Feature", "geometry": {"type": "Point", "coordinates": [7.1334514, 50.988319]}, "properties": {"id": "osm:node:1429352220", "type": "kindergarten", "name": "KiTa \"Kunterbunt\"", "source": "OpenStreetMap/Overpass"}}, {"type": "Feature", "geometry": {"type": "Point", "coordinates": [6.9714292, 50.9023352]}, "properties": {"id": "osm:node:1464616336", "type": "kindergarten", "name": "", "source": "OpenStreetMap/Overpass"}}, {"type": "Feature", "geometry": {"type": "Point", "coordinates": [6.9662013, 50.8986915]}, "properties": {"id": "osm:node:1478239386", "type": "kindergarten", "name": "Kita Marienkäfer", "source": "OpenStreetMap/Overpass"}}, {"type": "Feature", "geometry": {"type": "Point", "coordinates": [6.8190698, 50.9195836]}, "properties": {"id": "osm:node:1502271500", "type": "kindergarten", "name": "Städt. Kita und Familienzentrum Flohzirkus", "source": "OpenStreetMap/Overpass"}}, {"type": "Feature", "geometry": {"type": "Point", "coordinates": [6.9251806, 50.9460454]}, "properties": {"id": "osm:node:1598767818", "type": "kindergarten", "name": "Minibambini", "source": "OpenStreetMap/Overpass"}}, {"type": "Feature", "geometry": {"type": "Point", "coordinates": [6.9131486, 50.9492035]}, "properties": {"id": "osm:node:1620391299", "type": "school", "name": "BTZ - Berufliches Trainingszentrum", "source": "OpenStreetMap/Overpass"}}, {"type": "Feature", "geometry": {"type": "Point", "coordinates": [6.9247141, 50.9180933]}, "properties": {"id": "osm:node:1677047877", "type": "kindergarten", "name": "Katholische Kindertagesstätte St. Nikolaus", "source": "OpenStreetMap/Overpass"}}, {"type": "Feature", "geometry": {"type": "Point", "coordinates": [6.972015, 50.9343967]}, "properties": {"id": "osm:node:1702851719", "type": "kindergarten", "name": "freie Kita Benediktusgasse", "source": "OpenStreetMap/Overpass"}}, {"type": "Feature", "geometry": {"type": "Point", "coordinates": [6.9767199, 50.931645]}, "properties": {"id": "osm:node:1702851721", "type": "kindergarten", "name": "Fröbel Kindergarten und Familienzentrum Sonnenhut", "source": "OpenStreetMap/Overpass"}}, {"type": "Feature", "geometry": {"type": "Point", "coordinates": [7.0046525, 50.8454981]}, "properties": {"id": "osm:node:1704783335", "type": "kindergarten", "name": "Clemenskids", "source": "OpenStreetMap/Overpass"}}, {"type": "Feature", "geometry": {"type": "Point", "coordinates": [7.1282241, 51.0835133]}, "properties": {"id": "osm:node:1708941032", "type": "school", "name": "Montanusschule Burscheid", "source": "OpenStreetMap/Overpass"}}, {"type": "Feature", "geometry": {"type": "Point", "coordinates": [7.0549851, 51.0653033]}, "properties": {"id": "osm:node:1747375974", "type": "kindergarten", "name": "Städt. Kindergarten \"Im Dorf\"", "source": "OpenStreetMap/Overpass"}}, {"type": "Feature", "geometry": {"type": "Point", "coordinates": [6.9451768, 50.9347194]}, "properties": {"id": "osm:node:1770563600", "type": "kindergarten", "name": "Die kleinen Hobbits", "source": "OpenStreetMap/Overpass"}}, {"type": "Feature", "geometry": {"type": "Point", "coordinates": [6.9189548, 51.060166]}, "properties": {"id": "osm:node:1782838190", "type": "kindergarten", "name": "Die Rheinpiraten", "source": "OpenStreetMap/Overpass"}}, {"type": "Feature", "geometry": {"type": "Point", "coordinates": [6.9224366, 50.9554974]}, "properties": {"id": "osm:node:1789771552", "type": "kindergarten", "name": "Kindertagespflege Traumfänger", "source": "OpenStreetMap/Overpass"}}, {"type": "Feature", "geometry": {"type": "Point", "coordinates": [7.0075802, 50.9706652]}, "properties": {"id": "osm:node:1815667480", "type": "kindergarten", "name": "Kindertagesstätte und Familienzentrum Clevischer Ring", "source": "OpenStreetMap/Overpass"}}, {"type": "Feature", "geometry": {"type": "Point", "coordinates": [6.9573845, 50.9092549]}, "properties": {"id": "osm:node:1937722514", "type": "kindergarten", "name": "Kita Mare", "source": "OpenStreetMap/Overpass"}}, {"type": "Feature", "geometry": {"type": "Point", "coordinates": [6.9797291, 50.9269959]}, "properties": {"id": "osm:node:2004546394", "type": "kindergarten", "name": "KölnKitas", "source": "OpenStreetMap/Overpass"}}, {"type": "Feature", "geometry": {"type": "Point", "coordinates": [6.938718, 50.9454176]}, "properties": {"id": "osm:node:2038997438", "type": "school", "name": "Montessori-Schule-Gilbachstraße", "source": "OpenStreetMap/Overpass"}}, {"type": "Feature", "geometry": {"type": "Point", "coordinates": [6.9387663, 50.9452365]}, "properties": {"id": "osm:node:2038999518", "type": "kindergarten", "name": "Vorschule am Stadtgarten", "source": "OpenStreetMap/Overpass"}}, {"type": "Feature", "geometry": {"type": "Point", "coordinates": [6.9956195, 50.9520581]}, "properties": {"id": "osm:node:2083185418", "type": "kindergarten", "name": "", "source": "OpenStreetMap/Overpass"}}, {"type": "Feature", "geometry": {"type": "Point", "coordinates": [6.9274391, 50.9509287]}, "properties": {"id": "osm:node:2114070178", "type": "kindergarten", "name": "Kindertagespflege Stefan Kastner", "source": "OpenStreetMap/Overpass"}}, {"type": "Feature", "geometry": {"type": "Point", "coordinates": [6.9232393, 50.9517026]}, "properties": {"id": "osm:node:2144467186", "type": "kindergarten", "name": "Ehrenkinder Kindertagespflege", "source": "OpenStreetMap/Overpass"}}, {"type": "Feature", "geometry": {"type": "Point", "coordinates": [6.872444, 50.9254953]}, "properties": {"id": "osm:node:2228680360", "type": "kindergarten", "name": "Kinderkrippe Hummelhaus", "source": "OpenStreetMap/Overpass"}}, {"type": "Feature", "geometry": {"type": "Point", "coordinates": [6.9368312, 50.9299228]}, "properties": {"id": "osm:node:2281301107", "type": "kindergarten", "name": "Katholische Kindertagesstätte Herz Jesu", "source": "OpenStreetMap/Overpass"}}, {"type": "Feature", "geometry": {"type": "Point", "coordinates": [6.9471043, 50.9669681]}, "properties": {"id": "osm:node:2317128932", "type": "school", "name": "Louise-von-Marillac-Schule", "source": "OpenStreetMap/Overpass"}}, {"type": "Feature", "geometry": {"type": "Point", "coordinates": [6.918186, 50.9615827]}, "properties": {"id": "osm:node:2349268055", "type": "kindergarten", "name": "", "source": "OpenStreetMap/Overpass"}}, {"type": "Feature", "geometry": {"type": "Point", "coordinates": [6.9530035, 50.9640969]}, "properties": {"id": "osm:node:2374511307", "type": "kindergarten", "name": "Montessori-Kita St.Marien", "source": "OpenStreetMap/Overpass"}}, {"type": "Feature", "geometry": {"type": "Point", "coordinates": [6.9467429, 50.8736154]}, "properties": {"id": "osm:node:2395867327", "type": "kindergarten", "name": "HdF-Pünktchen", "source": "OpenStreetMap/Overpass"}}, {"type": "Feature", "geometry": {"type": "Point", "coordinates": [7.0003464, 50.8872036]}, "properties": {"id": "osm:node:2406622184", "type": "kindergarten", "name": "Städt. Tageseinrichtung", "source": "OpenStreetMap/Overpass"}}, {"type": "Feature", "geometry": {"type": "Point", "coordinates": [6.9033368, 50.8312092]}, "properties": {"id": "osm:node:2408985028", "type": "school", "name": "Volks-Hoch-Schule", "source": "OpenStreetMap/Overpass"}}, {"type": "Feature", "geometry": {"type": "Point", "coordinates": [6.8607081, 50.8917648]}, "properties": {"id": "osm:node:2409606164", "type": "kindergarten", "name": "KiTa \"Zwergengarten\" e.V.", "source": "OpenStreetMap/Overpass"}}, {"type": "Feature", "geometry": {"type": "Point", "coordinates": [6.8581727, 50.8666195]}, "properties": {"id": "osm:node:2409729483", "type": "kindergarten", "name": "KiTa der Diakonie Michaelshhoven", "source": "OpenStreetMap/Overpass"}}, {"type": "Feature", "geometry": {"type": "Point", "coordinates": [6.859393, 50.8691874]}, "properties": {"id": "osm:node:2409729486", "type": "kindergarten", "name": "Städt. KiTa \"Regenbogen-Fische\"", "source": "OpenStreetMap/Overpass"}}, {"type": "Feature", "geometry": {"type": "Point", "coordinates": [6.8746355, 50.8660404]}, "properties": {"id": "osm:node:2409729494", "type": "kindergarten", "name": "Waldkindergarten der Füngeling Router e.V. \"Waldwichtel\"", "source": "OpenStreetMap/Overpass"}}, {"type": "Feature", "geometry": {"type": "Point", "coordinates": [6.8899457, 50.8776603]}, "properties": {"id": "osm:node:2409747975", "type": "kindergarten", "name": "Ev. KiTa \"Sterntaler\"", "source": "OpenStreetMap/Overpass"}}, {"type": "Feature", "geometry": {"type": "Point", "coordinates": [6.8081978, 50.9054204]}, "properties": {"id": "osm:node:2409845468", "type": "school", "name": "Burgschule | Städtische Gemeinschaftsgrundschule • Offene Ganztagsschule", "source": "OpenStreetMap/Overpass"}}, {"type": "Feature", "geometry": {"type": "Point", "coordinates": [6.8066628, 50.9053397]}, "properties": {"id": "osm:node:2409862999", "type": "school", "name": "Grundschule Frechen", "source": "OpenStreetMap/Overpass"}}, {"type": "Feature", "geometry": {"type": "Point", "coordinates": [6.8108646, 50.9165985]}, "properties": {"id": "osm:node:2409872275", "type": "kindergarten", "name": "AWO-Kindergarten", "source": "OpenStreetMap/Overpass"}}, {"type": "Feature", "geometry": {"type": "Point", "coordinates": [6.7778206, 50.939977]}, "properties": {"id": "osm:node:2410357823", "type": "kindergarten", "name": "Städt. Kindergarten", "source": "OpenStreetMap/Overpass"}}, {"type": "Feature", "geometry": {"type": "Point", "coordinates": [6.8013034, 50.9262981]}, "properties": {"id": "osm:node:2410382930", "type": "kindergarten", "name": "Kath. Kindergarten St. Ulrich", "source": "OpenStreetMap/Overpass"}}, {"type": "Feature", "geometry": {"type": "Point", "coordinates": [6.7980471, 50.9053786]}, "properties": {"id": "osm:node:2410382954", "type": "kindergarten", "name": "Kindertagesstätte", "source": "OpenStreetMap/Overpass"}}, {"type": "Feature", "geometry": {"type": "Point", "coordinates": [6.7790015, 50.9097603]}, "properties": {"id": "osm:node:2410382971", "type": "kindergarten", "name": "Caritas Kindertagesstätte", "source": "OpenStreetMap/Overpass"}}, {"type": "Feature", "geometry": {"type": "Point", "coordinates": [6.8907686, 50.9406805]}, "properties": {"id": "osm:node:2460170375", "type": "school", "name": "Karl-Arnold-Stiftung", "source": "OpenStreetMap/Overpass"}}, {"type": "Feature", "geometry": {"type": "Point", "coordinates": [7.1496509, 50.9618732]}, "properties": {"id": "osm:node:2484163339", "type": "kindergarten", "name": "Evangelische KiTa", "source": "OpenStreetMap/Overpass"}}, {"type": "Feature", "geometry": {"type": "Point", "coordinates": [7.0552221, 50.867434]}, "properties": {"id": "osm:node:2498063928", "type": "school", "name": "Johann-Amos-Comenius-Schule", "source": "OpenStreetMap/Overpass"}}, {"type": "Feature", "geometry": {"type": "Point", "coordinates": [7.054997, 50.8671962]}, "properties": {"id": "osm:node:2498063939", "type": "school", "name": "Wilhelm-Busch-Realschule", "source": "OpenStreetMap/Overpass"}}, {"type": "Feature", "geometry": {"type": "Point", "coordinates": [7.0024656, 50.948434]}, "properties": {"id": "osm:node:2513309043", "type": "kindergarten", "name": "", "source": "OpenStreetMap/Overpass"}}, {"type": "Feature", "geometry": {"type": "Point", "coordinates": [7.0555793, 50.8893599]}, "properties": {"id": "osm:node:2549576211", "type": "kindergarten", "name": "Städtische Kindertageseinrichtung Josefstraße", "source": "OpenStreetMap/Overpass"}}, {"type": "Feature", "geometry": {"type": "Point", "coordinates": [6.9628987, 50.9483162]}, "properties": {"id": "osm:node:2561163189", "type": "school", "name": "Katholische Hauptschule Am Rhein", "source": "OpenStreetMap/Overpass"}}, {"type": "Feature", "geometry": {"type": "Point", "coordinates": [6.9628236, 50.948176]}, "properties": {"id": "osm:node:2561164013", "type": "school", "name": "Abendrealschule Weiterbildungskolleg", "source": "OpenStreetMap/Overpass"}}, {"type": "Feature", "geometry": {"type": "Point", "coordinates": [7.0259639, 51.0630797]}, "properties": {"id": "osm:node:2588339613", "type": "school", "name": "GGS Herderstraße", "source": "OpenStreetMap/Overpass"}}, {"type": "Feature", "geometry": {"type": "Point", "coordinates": [7.0254665, 51.0630382]}, "properties": {"id": "osm:node:2588339619", "type": "school", "name": "GGS Herderstraße", "source": "OpenStreetMap/Overpass"}}, {"type": "Feature", "geometry": {"type": "Point", "coordinates": [6.904148, 50.9439562]}, "properties": {"id": "osm:node:2635580795", "type": "school", "name": "Coach e.V.", "source": "OpenStreetMap/Overpass"}}, {"type": "Feature", "geometry": {"type": "Point", "coordinates": [7.1497607, 50.9593551]}, "properties": {"id": "osm:node:2638631251", "type": "kindergarten", "name": "St. Nikolaus", "source": "OpenStreetMap/Overpass"}}, {"type": "Feature", "geometry": {"type": "Point", "coordinates": [6.9520823, 50.8978641]}, "properties": {"id": "osm:node:2667352784", "type": "kindergarten", "name": "Villa Luna Kindertagesstätte", "source": "OpenStreetMap/Overpass"}}, {"type": "Feature", "geometry": {"type": "Point", "coordinates": [7.0931155, 50.9900572]}, "properties": {"id": "osm:node:2706753477", "type": "school", "name": "Kath. Grundschule Hand", "source": "OpenStreetMap/Overpass"}}, {"type": "Feature", "geometry": {"type": "Point", "coordinates": [7.129313, 50.999774]}, "properties": {"id": "osm:node:2707290511", "type": "kindergarten", "name": "Kindertagesstätte Wilde Wiese", "source": "OpenStreetMap/Overpass"}}, {"type": "Feature", "geometry": {"type": "Point", "coordinates": [7.160004, 50.9647092]}, "properties": {"id": "osm:node:2826544884", "type": "school", "name": "KGS Bensberg", "source": "OpenStreetMap/Overpass"}}, {"type": "Feature", "geometry": {"type": "Point", "coordinates": [6.9898892, 51.034857]}, "properties": {"id": "osm:node:2967885209", "type": "school", "name": "VHS Leverkusen", "source": "OpenStreetMap/Overpass"}}, {"type": "Feature", "geometry": {"type": "Point", "coordinates": [6.9580185, 50.9612418]}, "properties": {"id": "osm:node:2971773886", "type": "kindergarten", "name": "Tagesmutter Yoli's Kinder", "source": "OpenStreetMap/Overpass"}}, {"type": "Feature", "geometry": {"type": "Point", "coordinates": [7.1149444, 51.0054498]}, "properties": {"id": "osm:node:2979733946", "type": "kindergarten", "name": "AWO Waldkindergarten", "source": "OpenStreetMap/Overpass"}}, {"type": "Feature", "geometry": {"type": "Point", "coordinates": [7.1272058, 50.9792409]}, "properties": {"id": "osm:node:2983146252", "type": "school", "name": "Nelson-Mandela-Gesamtschule", "source": "OpenStreetMap/Overpass"}}, {"type": "Feature", "geometry": {"type": "Point", "coordinates": [6.9984146, 51.0479473]}, "properties": {"id": "osm:node:3054040910", "type": "school", "name": "Jugendkunstgruppen", "source": "OpenStreetMap/Overpass"}}, {"type": "Feature", "geometry": {"type": "Point", "coordinates": [6.8206821, 51.0203272]}, "properties": {"id": "osm:node:3086842955", "type": "kindergarten", "name": "Kindergarten Mach mit e. V.", "source": "OpenStreetMap/Overpass"}}, {"type": "Feature", "geometry": {"type": "Point", "coordinates": [6.9072614, 50.9258588]}, "properties": {"id": "osm:node:3244746185", "type": "school", "name": "Krieler Welle", "source": "OpenStreetMap/Overpass"}}, {"type": "Feature", "geometry": {"type": "Point", "coordinates": [6.9500074, 50.9217565]}, "properties": {"id": "osm:node:3259764366", "type": "kindergarten", "name": "Kinderladen 1-2-3 e.V.", "source": "OpenStreetMap/Overpass"}}, {"type": "Feature", "geometry": {"type": "Point", "coordinates": [7.0472536, 51.0346563]}, "properties": {"id": "osm:node:3264407224", "type": "school", "name": "GGS Morsbroicher Straße", "source": "OpenStreetMap/Overpass"}}, {"type": "Feature", "geometry": {"type": "Point", "coordinates": [6.8034017, 51.0024602]}, "properties": {"id": "osm:node:3274687495", "type": "kindergarten", "name": "", "source": "OpenStreetMap/Overpass"}}, {"type": "Feature", "geometry": {"type": "Point", "coordinates": [6.8085618, 50.9938451]}, "properties": {"id": "osm:node:3274701165", "type": "kindergarten", "name": "Städtische Kindertagesstätte \"Regenbogen\"", "source": "OpenStreetMap/Overpass"}}, {"type": "Feature", "geometry": {"type": "Point", "coordinates": [6.8076265, 51.0082856]}, "properties": {"id": "osm:node:3274720751", "type": "kindergarten", "name": "Kindertagesstätte, KiKu Hoppelhasen,", "source": "OpenStreetMap/Overpass"}}, {"type": "Feature", "geometry": {"type": "Point", "coordinates": [6.7772651, 50.9651409]}, "properties": {"id": "osm:node:3274724428", "type": "kindergarten", "name": "Städtische Kindertagesstätte \"Farbklecks\"", "source": "OpenStreetMap/Overpass"}}, {"type": "Feature", "geometry": {"type": "Point", "coordinates": [6.7764681, 50.9595849]}, "properties": {"id": "osm:node:3274732292", "type": "kindergarten", "name": "Kath. Kindertagesstätte \"St. Nikolaus\"", "source": "OpenStreetMap/Overpass"}}, {"type": "Feature", "geometry": {"type": "Point", "coordinates": [6.8186551, 51.0239717]}, "properties": {"id": "osm:node:3274764561", "type": "kindergarten", "name": "Städtische Kindertagesstätte", "source": "OpenStreetMap/Overpass"}}, {"type": "Feature", "geometry": {"type": "Point", "coordinates": [6.7737492, 51.0414701]}, "properties": {"id": "osm:node:3274791163", "type": "kindergarten", "name": "Kath. Kindertagesstätte \"St. Bruno\"", "source": "OpenStreetMap/Overpass"}}, {"type": "Feature", "geometry": {"type": "Point", "coordinates": [6.9102683, 50.9433682]}, "properties": {"id": "osm:node:3376403386", "type": "kindergarten", "name": "KiTa Ölstraße", "source": "OpenStreetMap/Overpass"}}, {"type": "Feature", "geometry": {"type": "Point", "coordinates": [7.1105549, 50.9636461]}, "properties": {"id": "osm:node:3396933431", "type": "kindergarten", "name": "KITA St. Josef", "source": "OpenStreetMap/Overpass"}}, {"type": "Feature", "geometry": {"type": "Point", "coordinates": [7.0055642, 50.9710842]}, "properties": {"id": "osm:node:3522584858", "type": "kindergarten", "name": "Städtischer Kindergarten Böckingstraße 53", "source": "OpenStreetMap/Overpass"}}, {"type": "Feature", "geometry": {"type": "Point", "coordinates": [7.0131517, 50.9639319]}, "properties": {"id": "osm:node:3629780323", "type": "kindergarten", "name": "Stadt Kinder Kindertagesstätte", "source": "OpenStreetMap/Overpass"}}, {"type": "Feature", "geometry": {"type": "Point", "coordinates": [6.9501745, 50.9600071]}, "properties": {"id": "osm:node:3689591621", "type": "kindergarten", "name": "Siebachwichtel", "source": "OpenStreetMap/Overpass"}}, {"type": "Feature", "geometry": {"type": "Point", "coordinates": [6.9459907, 50.9493366]}, "properties": {"id": "osm:node:3700735382", "type": "kindergarten", "name": "KiTa Rehkids e.V.", "source": "OpenStreetMap/Overpass"}}, {"type": "Feature", "geometry": {"type": "Point", "coordinates": [6.9931818, 50.9251993]}, "properties": {"id": "osm:node:3833466225", "type": "school", "name": "GFU IT-Schulungszentrum", "source": "OpenStreetMap/Overpass"}}, {"type": "Feature", "geometry": {"type": "Point", "coordinates": [6.9781799, 50.9261031]}, "properties": {"id": "osm:node:3877061958", "type": "school", "name": "iwk Köln", "source": "OpenStreetMap/Overpass"}}, {"type": "Feature", "geometry": {"type": "Point", "coordinates": [6.9067255, 50.9928282]}, "properties": {"id": "osm:node:4134380936", "type": "kindergarten", "name": "Städt. Kindertagesstätte Hanns-Klemm-Straße", "source": "OpenStreetMap/Overpass"}}, {"type": "Feature", "geometry": {"type": "Point", "coordinates": [6.9476121, 50.9457559]}, "properties": {"id": "osm:node:4218284420", "type": "kindergarten", "name": "Remmi Demmi", "source": "OpenStreetMap/Overpass"}}, {"type": "Feature", "geometry": {"type": "Point", "coordinates": [6.9088887, 50.9583728]}, "properties": {"id": "osm:node:4234147028", "type": "kindergarten", "name": "FRÖBEL-Kindergarten Regenbogen", "source": "OpenStreetMap/Overpass"}}, {"type": "Feature", "geometry": {"type": "Point", "coordinates": [6.8391122, 50.9467304]}, "properties": {"id": "osm:node:4367569520", "type": "kindergarten", "name": "Fröbel Kindergarten", "source": "OpenStreetMap/Overpass"}}, {"type": "Feature", "geometry": {"type": "Point", "coordinates": [7.1062478, 50.9656454]}, "properties": {"id": "osm:node:4381012223", "type": "kindergarten", "name": "Kindergarten Wohnpark Refrath e.V.", "source": "OpenStreetMap/Overpass"}}, {"type": "Feature", "geometry": {"type": "Point", "coordinates": [7.0071669, 50.9703581]}, "properties": {"id": "osm:node:4381900392", "type": "kindergarten", "name": "KidsClub", "source": "OpenStreetMap/Overpass"}}, {"type": "Feature", "geometry": {"type": "Point", "coordinates": [6.8951645, 50.8777634]}, "properties": {"id": "osm:node:4393707589", "type": "school", "name": "Dietrich-Bonhoeffer-Haus Internat für Körperbehinderte", "source": "OpenStreetMap/Overpass"}}, {"type": "Feature", "geometry": {"type": "Point", "coordinates": [6.9536733, 50.9051764]}, "properties": {"id": "osm:node:4449123278", "type": "kindergarten", "name": "KitaMare", "source": "OpenStreetMap/Overpass"}}, {"type": "Feature", "geometry": {"type": "Point", "coordinates": [6.929038, 50.9704662]}, "properties": {"id": "osm:node:4506940313", "type": "school", "name": "Gemeinschaftsgrundschule Alzeyer Straße", "source": "OpenStreetMap/Overpass"}}, {"type": "Feature", "geometry": {"type": "Point", "coordinates": [6.9335016, 50.935024]}, "properties": {"id": "osm:node:4672222203", "type": "kindergarten", "name": "Kinderbetreuung Nachtigall", "source": "OpenStreetMap/Overpass"}}, {"type": "Feature", "geometry": {"type": "Point", "coordinates": [6.9598972, 50.9519508]}, "properties": {"id": "osm:node:4834567861", "type": "kindergarten", "name": "Agnespänz", "source": "OpenStreetMap/Overpass"}}, {"type": "Feature", "geometry": {"type": "Point", "coordinates": [6.966751, 50.9077944]}, "properties": {"id": "osm:node:4897506196", "type": "school", "name": "", "source": "OpenStreetMap/Overpass"}}, {"type": "Feature", "geometry": {"type": "Point", "coordinates": [6.9656618, 50.9128469]}, "properties": {"id": "osm:node:4947444551", "type": "kindergarten", "name": "Kindertagesstätte Koblenzer Straße 58", "source": "OpenStreetMap/Overpass"}}, {"type": "Feature", "geometry": {"type": "Point", "coordinates": [6.8756631, 50.9449381]}, "properties": {"id": "osm:node:5000775121", "type": "school", "name": "Ernst-Simons-Realschule", "source": "OpenStreetMap/Overpass"}}, {"type": "Feature", "geometry": {"type": "Point", "coordinates": [6.8032201, 50.9136803]}, "properties": {"id": "osm:node:5003335021", "type": "school", "name": "IB Frechen", "source": "OpenStreetMap/Overpass"}}, {"type": "Feature", "geometry": {"type": "Point", "coordinates": [6.8196934, 50.9098002]}, "properties": {"id": "osm:node:5004803321", "type": "school", "name": "Werkstatt des IB Frechen", "source": "OpenStreetMap/Overpass"}}, {"type": "Feature", "geometry": {"type": "Point", "coordinates": [6.80781, 50.9092597]}, "properties": {"id": "osm:node:5022907661", "type": "kindergarten", "name": "Arte", "source": "OpenStreetMap/Overpass"}}, {"type": "Feature", "geometry": {"type": "Point", "coordinates": [7.0074371, 50.9406158]}, "properties": {"id": "osm:node:5401336931", "type": "kindergarten", "name": "Tausendschön", "source": "OpenStreetMap/Overpass"}}, {"type": "Feature", "geometry": {"type": "Point", "coordinates": [7.0799062, 50.9456633]}, "properties": {"id": "osm:node:5434831921", "type": "school", "name": "Treffpunkt Familienbildungswerk Köln-Porz e.V.", "source": "OpenStreetMap/Overpass"}}, {"type": "Feature", "geometry": {"type": "Point", "coordinates": [6.932904, 50.9563609]}, "properties": {"id": "osm:node:5556864547", "type": "kindergarten", "name": "Großtagespflege Bustani", "source": "OpenStreetMap/Overpass"}}, {"type": "Feature", "geometry": {"type": "Point", "coordinates": [6.8745822, 50.8871368]}, "properties": {"id": "osm:node:5578604420", "type": "school", "name": "Gesamtschule Hürth", "source": "OpenStreetMap/Overpass"}}, {"type": "Feature", "geometry": {"type": "Point", "coordinates": [7.1287805, 50.9936239]}, "properties": {"id": "osm:node:5603062652", "type": "kindergarten", "name": "Katholische Kindertagesstätte Sankt Laurentius", "source": "OpenStreetMap/Overpass"}}, {"type": "Feature", "geometry": {"type": "Point", "coordinates": [6.8333217, 50.9595375]}, "properties": {"id": "osm:node:5633759366", "type": "kindergarten", "name": "Rainbowtrekkers", "source": "OpenStreetMap/Overpass"}}, {"type": "Feature", "geometry": {"type": "Point", "coordinates": [7.0007039, 50.9639514]}, "properties": {"id": "osm:node:5642272923", "type": "school", "name": "SINEE Institute for Electronics Music and Arts", "source": "OpenStreetMap/Overpass"}}, {"type": "Feature", "geometry": {"type": "Point", "coordinates": [6.8333026, 50.8891315]}, "properties": {"id": "osm:node:5650358632", "type": "kindergarten", "name": "Hakuna Matata", "source": "OpenStreetMap/Overpass"}}, {"type": "Feature", "geometry": {"type": "Point", "coordinates": [6.9544502, 50.9510094]}, "properties": {"id": "osm:node:5706085261", "type": "kindergarten", "name": "lordanidou & Ghaffari", "source": "OpenStreetMap/Overpass"}}, {"type": "Feature", "geometry": {"type": "Point", "coordinates": [6.9738925, 50.9370406]}, "properties": {"id": "osm:node:5873645411", "type": "kindergarten", "name": "LVR Düxer Pänz", "source": "OpenStreetMap/Overpass"}}, {"type": "Feature", "geometry": {"type": "Point", "coordinates": [6.925023, 50.9260899]}, "properties": {"id": "osm:node:5930113460", "type": "kindergarten", "name": "Paramecium", "source": "OpenStreetMap/Overpass"}}, {"type": "Feature", "geometry": {"type": "Point", "coordinates": [6.9355882, 50.9300517]}, "properties": {"id": "osm:node:5933604956", "type": "school", "name": "Berufskolleg an der Lindenstraße", "source": "OpenStreetMap/Overpass"}}, {"type": "Feature", "geometry": {"type": "Point", "coordinates": [6.9354361, 50.9299467]}, "properties": {"id": "osm:node:5933792869", "type": "school", "name": "Stephan-Lochner-Schule", "source": "OpenStreetMap/Overpass"}}, {"type": "Feature", "geometry": {"type": "Point", "coordinates": [7.1241629, 51.083213]}, "properties": {"id": "osm:node:5940856285", "type": "kindergarten", "name": "Rasselbande", "source": "OpenStreetMap/Overpass"}}, {"type": "Feature", "geometry": {"type": "Point", "coordinates": [6.928848, 50.943169]}, "properties": {"id": "osm:node:5954181978", "type": "kindergarten", "name": "Kita Quäker", "source": "OpenStreetMap/Overpass"}}, {"type": "Feature", "geometry": {"type": "Point", "coordinates": [6.8788241, 50.965158]}, "properties": {"id": "osm:node:6053094858", "type": "school", "name": "Schule Kunterbunt", "source": "OpenStreetMap/Overpass"}}, {"type": "Feature", "geometry": {"type": "Point", "coordinates": [6.8779693, 50.9644956]}, "properties": {"id": "osm:node:6053094859", "type": "school", "name": "Förderschule Kolkrabenweg", "source": "OpenStreetMap/Overpass"}}, {"type": "Feature", "geometry": {"type": "Point", "coordinates": [6.9323419, 50.9322332]}, "properties": {"id": "osm:node:6068922629", "type": "kindergarten", "name": "Kita Gartenkinder", "source": "OpenStreetMap/Overpass"}}, {"type": "Feature", "geometry": {"type": "Point", "coordinates": [6.9667194, 50.9669656]}, "properties": {"id": "osm:node:6162313325", "type": "kindergarten", "name": "Xantener Straße 99", "source": "OpenStreetMap/Overpass"}}, {"type": "Feature", "geometry": {"type": "Point", "coordinates": [6.9842726, 50.9651021]}, "properties": {"id": "osm:node:6288189409", "type": "school", "name": "Berufsfachschule für Notfallsanitäter", "source": "OpenStreetMap/Overpass"}}, {"type": "Feature", "geometry": {"type": "Point", "coordinates": [6.7811669, 50.9610927]}, "properties": {"id": "osm:node:6291436119", "type": "school", "name": "Abteimusikschule Brauweiler", "source": "OpenStreetMap/Overpass"}}, {"type": "Feature", "geometry": {"type": "Point", "coordinates": [7.0697326, 50.8372077]}, "properties": {"id": "osm:node:6360306995", "type": "kindergarten", "name": "Kindergarten St. Margaretha", "source": "OpenStreetMap/Overpass"}}, {"type": "Feature", "geometry": {"type": "Point", "coordinates": [6.9139147, 50.9265136]}, "properties": {"id": "osm:node:6363402864", "type": "kindergarten", "name": "Kindertagesstätte St. Stephan", "source": "OpenStreetMap/Overpass"}}, {"type": "Feature", "geometry": {"type": "Point", "coordinates": [7.0028186, 50.883563]}, "properties": {"id": "osm:node:6410958460", "type": "school", "name": "Grüngürtelschule", "source": "OpenStreetMap/Overpass"}}, {"type": "Feature", "geometry": {"type": "Point", "coordinates": [6.9538604, 50.9487334]}, "properties": {"id": "osm:node:6456152386", "type": "school", "name": "Puschkin e. V.", "source": "OpenStreetMap/Overpass"}}, {"type": "Feature", "geometry": {"type": "Point", "coordinates": [6.9626887, 50.9469537]}, "properties": {"id": "osm:node:6484030691", "type": "kindergarten", "name": "St. Kunibert", "source": "OpenStreetMap/Overpass"}}, {"type": "Feature", "geometry": {"type": "Point", "coordinates": [7.0218912, 50.9404528]}, "properties": {"id": "osm:node:6490130517", "type": "school", "name": "ProLog", "source": "OpenStreetMap/Overpass"}}, {"type": "Feature", "geometry": {"type": "Point", "coordinates": [6.8959867, 50.9410147]}, "properties": {"id": "osm:node:6498261914", "type": "kindergarten", "name": "KiTa Garten-Kinder e.V.", "source": "OpenStreetMap/Overpass"}}, {"type": "Feature", "geometry": {"type": "Point", "coordinates": [6.8290376, 50.9465829]}, "properties": {"id": "osm:node:6570715057", "type": "kindergarten", "name": "Lövenbande", "source": "OpenStreetMap/Overpass"}}, {"type": "Feature", "geometry": {"type": "Point", "coordinates": [6.898999, 50.9413093]}, "properties": {"id": "osm:node:6631908144", "type": "kindergarten", "name": "Pinta Caminos", "source": "OpenStreetMap/Overpass"}}, {"type": "Feature", "geometry": {"type": "Point", "coordinates": [7.0232953, 51.0536793]}, "properties": {"id": "osm:node:6651539987", "type": "school", "name": "rockhall", "source": "OpenStreetMap/Overpass"}}, {"type": "Feature", "geometry": {"type": "Point", "coordinates": [6.9471198, 50.9605136]}, "properties": {"id": "osm:node:6761568060", "type": "kindergarten", "name": "Evangelische Kindertagesstätte", "source": "OpenStreetMap/Overpass"}}, {"type": "Feature", "geometry": {"type": "Point", "coordinates": [6.8855808, 50.9464955]}, "properties": {"id": "osm:node:6812633834", "type": "kindergarten", "name": "Kita um Technologiepark Köln", "source": "OpenStreetMap/Overpass"}}, {"type": "Feature", "geometry": {"type": "Point", "coordinates": [7.082464, 50.8790856]}, "properties": {"id": "osm:node:6875850768", "type": "kindergarten", "name": "Kindertagespflege Sonni Kids", "source": "OpenStreetMap/Overpass"}}, {"type": "Feature", "geometry": {"type": "Point", "coordinates": [7.0179145, 51.0572983]}, "properties": {"id": "osm:node:6899008889", "type": "school", "name": "Akademie 360° - MTRA-Schule", "source": "OpenStreetMap/Overpass"}}, {"type": "Feature", "geometry": {"type": "Point", "coordinates": [7.1220625, 50.8307362]}, "properties": {"id": "osm:node:6968863737", "type": "kindergarten", "name": "AWO Kindertageseinrichtung \"Schatzkiste\"", "source": "OpenStreetMap/Overpass"}}, {"type": "Feature", "geometry": {"type": "Point", "coordinates": [6.9251307, 50.9529275]}, "properties": {"id": "osm:node:7185141528", "type": "kindergarten", "name": "FRÖBEL-Kindergarten Ecke Overbeck", "source": "OpenStreetMap/Overpass"}}, {"type": "Feature", "geometry": {"type": "Point", "coordinates": [6.9498946, 50.960944]}, "properties": {"id": "osm:node:7367855116", "type": "kindergarten", "name": "Luftikus Nippes e.V.", "source": "OpenStreetMap/Overpass"}}, {"type": "Feature", "geometry": {"type": "Point", "coordinates": [6.9499824, 50.9596621]}, "properties": {"id": "osm:node:7367855118", "type": "kindergarten", "name": "Kita Feuersalamander e.V.", "source": "OpenStreetMap/Overpass"}}, {"type": "Feature", "geometry": {"type": "Point", "coordinates": [6.9499717, 50.959717]}, "properties": {"id": "osm:node:7367855119", "type": "kindergarten", "name": "Einzig e.V.", "source": "OpenStreetMap/Overpass"}}, {"type": "Feature", "geometry": {"type": "Point", "coordinates": [7.0523893, 51.0356803]}, "properties": {"id": "osm:node:7566341067", "type": "kindergarten", "name": "Kindertagespflege Clara-Fey", "source": "OpenStreetMap/Overpass"}}, {"type": "Feature", "geometry": {"type": "Point", "coordinates": [6.9479216, 50.9832184]}, "properties": {"id": "osm:node:7643424540", "type": "kindergarten", "name": "Die Stehaufmännchen", "source": "OpenStreetMap/Overpass"}}, {"type": "Feature", "geometry": {"type": "Point", "coordinates": [6.8871282, 50.9470244]}, "properties": {"id": "osm:node:7786450286", "type": "school", "name": "Tages - und Abendschule Köln", "source": "OpenStreetMap/Overpass"}}, {"type": "Feature", "geometry": {"type": "Point", "coordinates": [7.0084516, 50.9647701]}, "properties": {"id": "osm:node:7786481546", "type": "school", "name": "Tages - und Abendschule Köln", "source": "OpenStreetMap/Overpass"}}, {"type": "Feature", "geometry": {"type": "Point", "coordinates": [6.923408, 50.9257235]}, "properties": {"id": "osm:node:7929609506", "type": "kindergarten", "name": "Lindenburg Pänz", "source": "OpenStreetMap/Overpass"}}, {"type": "Feature", "geometry": {"type": "Point", "coordinates": [7.0694298, 50.8970804]}, "properties": {"id": "osm:node:8016651186", "type": "kindergarten", "name": "Kinderzentrum Porz", "source": "OpenStreetMap/Overpass"}}, {"type": "Feature", "geometry": {"type": "Point", "coordinates": [6.9029438, 50.9091768]}, "properties": {"id": "osm:node:8024215797", "type": "kindergarten", "name": "Kindergarten Waldzwerge", "source": "OpenStreetMap/Overpass"}}, {"type": "Feature", "geometry": {"type": "Point", "coordinates": [6.8337843, 50.9658693]}, "properties": {"id": "osm:node:8069299611", "type": "kindergarten", "name": "Roja's MiniLand", "source": "OpenStreetMap/Overpass"}}, {"type": "Feature", "geometry": {"type": "Point", "coordinates": [6.7851021, 50.959467]}, "properties": {"id": "osm:node:8081837908", "type": "kindergarten", "name": "Ff", "source": "OpenStreetMap/Overpass"}}, {"type": "Feature", "geometry": {"type": "Point", "coordinates": [6.8762241, 50.9451167]}, "properties": {"id": "osm:node:8126692679", "type": "school", "name": "Anna-Freud-Förderschule", "source": "OpenStreetMap/Overpass"}}, {"type": "Feature", "geometry": {"type": "Point", "coordinates": [6.8819282, 50.955092]}, "properties": {"id": "osm:node:8188016679", "type": "kindergarten", "name": "Kindergruppe Sonnenstrahlen e.V.", "source": "OpenStreetMap/Overpass"}}, {"type": "Feature", "geometry": {"type": "Point", "coordinates": [6.7875658, 50.9055046]}, "properties": {"id": "osm:node:8429212550", "type": "kindergarten", "name": "Caritas-Kindertagesstätte St. Barbara", "source": "OpenStreetMap/Overpass"}}, {"type": "Feature", "geometry": {"type": "Point", "coordinates": [6.9086247, 50.9526705]}, "properties": {"id": "osm:node:8438621384", "type": "kindergarten", "name": "Kita KiKu Traumbaum", "source": "OpenStreetMap/Overpass"}}, {"type": "Feature", "geometry": {"type": "Point", "coordinates": [6.9401984, 50.9069603]}, "properties": {"id": "osm:node:8570108647", "type": "kindergarten", "name": "KiTa Zollstöckchen", "source": "OpenStreetMap/Overpass"}}, {"type": "Feature", "geometry": {"type": "Point", "coordinates": [6.9985282, 50.9341264]}, "properties": {"id": "osm:node:8575837222", "type": "kindergarten", "name": "Fröbel Kindergarten Taunuspänz", "source": "OpenStreetMap/Overpass"}}, {"type": "Feature", "geometry": {"type": "Point", "coordinates": [6.8168916, 50.9021851]}, "properties": {"id": "osm:node:8777491033", "type": "school", "name": "CJD Christophorusschule", "source": "OpenStreetMap/Overpass"}}, {"type": "Feature", "geometry": {"type": "Point", "coordinates": [6.9040644, 50.9623431]}, "properties": {"id": "osm:node:8794351689", "type": "kindergarten", "name": "St. Rochus", "source": "OpenStreetMap/Overpass"}}, {"type": "Feature", "geometry": {"type": "Point", "coordinates": [6.9029234, 51.0366268]}, "properties": {"id": "osm:node:8795267897", "type": "kindergarten", "name": "Baby Panda Kindertagespflege", "source": "OpenStreetMap/Overpass"}}, {"type": "Feature", "geometry": {"type": "Point", "coordinates": [7.0562555, 50.9304192]}, "properties": {"id": "osm:node:8838655191", "type": "kindergarten", "name": "Kindertageseinrichtung und Familienzentrum Europaring", "source": "OpenStreetMap/Overpass"}}, {"type": "Feature", "geometry": {"type": "Point", "coordinates": [7.0400446, 50.9347794]}, "properties": {"id": "osm:node:8940080455", "type": "kindergarten", "name": "FRÖBEL-Kindergarten & Familienzentrum Abenteuerland", "source": "OpenStreetMap/Overpass"}}, {"type": "Feature", "geometry": {"type": "Point", "coordinates": [7.0388263, 50.9303847]}, "properties": {"id": "osm:node:8940080456", "type": "kindergarten", "name": "KiTa Bunte Farben", "source": "OpenStreetMap/Overpass"}}, {"type": "Feature", "geometry": {"type": "Point", "coordinates": [6.8902743, 51.0266507]}, "properties": {"id": "osm:node:8968928863", "type": "kindergarten", "name": "", "source": "OpenStreetMap/Overpass"}}, {"type": "Feature", "geometry": {"type": "Point", "coordinates": [6.8085618, 50.9938451]}, "properties": {"id": "osm:node:8987957869", "type": "kindergarten", "name": "Regenbogen 2", "source": "OpenStreetMap/Overpass"}}, {"type": "Feature", "geometry": {"type": "Point", "coordinates": [6.8707627, 50.9243039]}, "properties": {"id": "osm:node:9038990855", "type": "kindergarten", "name": "Städt. Kindertagesstätte Else-Lang-Straße", "source": "OpenStreetMap/Overpass"}}, {"type": "Feature", "geometry": {"type": "Point", "coordinates": [6.9135198, 50.9966735]}, "properties": {"id": "osm:node:9149792654", "type": "kindergarten", "name": "Kleine Forscher", "source": "OpenStreetMap/Overpass"}}, {"type": "Feature", "geometry": {"type": "Point", "coordinates": [6.9085193, 51.0208173]}, "properties": {"id": "osm:node:9214419279", "type": "kindergarten", "name": "Familienzentrum", "source": "OpenStreetMap/Overpass"}}, {"type": "Feature", "geometry": {"type": "Point", "coordinates": [6.9601245, 50.9392436]}, "properties": {"id": "osm:node:9322093818", "type": "kindergarten", "name": "Kölner Stadtspatzen", "source": "OpenStreetMap/Overpass"}}, {"type": "Feature", "geometry": {"type": "Point", "coordinates": [6.9198712, 50.9364448]}, "properties": {"id": "osm:node:9371010095", "type": "kindergarten", "name": "Die Mozartkugeln e.V. - Kindertagesstätte", "source": "OpenStreetMap/Overpass"}}, {"type": "Feature", "geometry": {"type": "Point", "coordinates": [6.8759098, 50.9447747]}, "properties": {"id": "osm:node:9461846189", "type": "school", "name": "Elsa-Brändström-Realschule", "source": "OpenStreetMap/Overpass"}}, {"type": "Feature", "geometry": {"type": "Point", "coordinates": [6.9121291, 50.9177457]}, "properties": {"id": "osm:node:9478426500", "type": "school", "name": "Heliosschule", "source": "OpenStreetMap/Overpass"}}, {"type": "Feature", "geometry": {"type": "Point", "coordinates": [6.9753527, 50.934724]}, "properties": {"id": "osm:node:9689360333", "type": "kindergarten", "name": "Kath. KiTa St. Heribert", "source": "OpenStreetMap/Overpass"}}, {"type": "Feature", "geometry": {"type": "Point", "coordinates": [6.9482651, 50.9237366]}, "properties": {"id": "osm:node:9779553411", "type": "kindergarten", "name": "iPänz e.V.", "source": "OpenStreetMap/Overpass"}}, {"type": "Feature", "geometry": {"type": "Point", "coordinates": [6.8790504, 50.9380139]}, "properties": {"id": "osm:node:10009475020", "type": "school", "name": "Gymnasium Aachener Straße", "source": "OpenStreetMap/Overpass"}}, {"type": "Feature", "geometry": {"type": "Point", "coordinates": [6.910516, 50.9461329]}, "properties": {"id": "osm:node:10069122398", "type": "kindergarten", "name": "Kita Grüner Weg", "source": "OpenStreetMap/Overpass"}}, {"type": "Feature", "geometry": {"type": "Point", "coordinates": [6.9606155, 50.9318565]}, "properties": {"id": "osm:node:10250902768", "type": "kindergarten", "name": "Städtische Kindertagesstätte", "source": "OpenStreetMap/Overpass"}}, {"type": "Feature", "geometry": {"type": "Point", "coordinates": [6.9040664, 50.998005]}, "properties": {"id": "osm:node:10684335659", "type": "kindergarten", "name": "Kita Grethenwichtel", "source": "OpenStreetMap/Overpass"}}, {"type": "Feature", "geometry": {"type": "Point", "coordinates": [6.9865409, 50.8914709]}, "properties": {"id": "osm:node:10748625358", "type": "kindergarten", "name": "Kiribaum", "source": "OpenStreetMap/Overpass"}}, {"type": "Feature", "geometry": {"type": "Point", "coordinates": [6.8870646, 50.9411846]}, "properties": {"id": "osm:node:10776197438", "type": "kindergarten", "name": "Fröbel-Kindergarten Bahia", "source": "OpenStreetMap/Overpass"}}, {"type": "Feature", "geometry": {"type": "Point", "coordinates": [6.9424677, 50.9584051]}, "properties": {"id": "osm:node:10814318113", "type": "kindergarten", "name": "Reh Kids", "source": "OpenStreetMap/Overpass"}}, {"type": "Feature", "geometry": {"type": "Point", "coordinates": [6.9431974, 50.9278291]}, "properties": {"id": "osm:node:10846277105", "type": "kindergarten", "name": "Wekita", "source": "OpenStreetMap/Overpass"}}, {"type": "Feature", "geometry": {"type": "Point", "coordinates": [6.9434748, 50.9485928]}, "properties": {"id": "osm:node:11039886432", "type": "school", "name": "VHS Köln", "source": "OpenStreetMap/Overpass"}}, {"type": "Feature", "geometry": {"type": "Point", "coordinates": [6.9485353, 50.9451481]}, "properties": {"id": "osm:node:11088983305", "type": "school", "name": "Hansa-Gymnasium", "source": "OpenStreetMap/Overpass"}}, {"type": "Feature", "geometry": {"type": "Point", "coordinates": [6.9871397, 50.9388497]}, "properties": {"id": "osm:node:11103478595", "type": "kindergarten", "name": "Kindertagesstätte Deutzer Wiese", "source": "OpenStreetMap/Overpass"}}, {"type": "Feature", "geometry": {"type": "Point", "coordinates": [6.948567, 50.9451457]}, "properties": {"id": "osm:node:11167642805", "type": "school", "name": "Hansa Gymnasium (temporär)", "source": "OpenStreetMap/Overpass"}}, {"type": "Feature", "geometry": {"type": "Point", "coordinates": [6.8853925, 50.9769498]}, "properties": {"id": "osm:node:11207983329", "type": "kindergarten", "name": "Kita Concept", "source": "OpenStreetMap/Overpass"}}, {"type": "Feature", "geometry": {"type": "Point", "coordinates": [6.817838, 50.9126342]}, "properties": {"id": "osm:node:11306861592", "type": "kindergarten", "name": "FRÖBEL-Kindergarten Alte Ziegelei", "source": "OpenStreetMap/Overpass"}}, {"type": "Feature", "geometry": {"type": "Point", "coordinates": [7.0550888, 50.8893526]}, "properties": {"id": "osm:node:11695094874", "type": "kindergarten", "name": "Kita Domwichtel", "source": "OpenStreetMap/Overpass"}}, {"type": "Feature", "geometry": {"type": "Point", "coordinates": [7.0766994, 50.8978791]}, "properties": {"id": "osm:node:11763743784", "type": "kindergarten", "name": "Kleine Riesen", "source": "OpenStreetMap/Overpass"}}, {"type": "Feature", "geometry": {"type": "Point", "coordinates": [6.9597916, 50.9309506]}, "properties": {"id": "osm:node:11764140701", "type": "kindergarten", "name": "Spatzennest", "source": "OpenStreetMap/Overpass"}}, {"type": "Feature", "geometry": {"type": "Point", "coordinates": [6.9601945, 50.9325414]}, "properties": {"id": "osm:node:11764140702", "type": "kindergarten", "name": "Girasol U3 Kinderbetreuung", "source": "OpenStreetMap/Overpass"}}, {"type": "Feature", "geometry": {"type": "Point", "coordinates": [7.0472546, 50.9444525]}, "properties": {"id": "osm:node:11768434469", "type": "kindergarten", "name": "Fröbel-Kindergarten Zwergenhütte", "source": "OpenStreetMap/Overpass"}}, {"type": "Feature", "geometry": {"type": "Point", "coordinates": [6.931795, 50.9356917]}, "properties": {"id": "osm:node:11770993160", "type": "kindergarten", "name": "", "source": "OpenStreetMap/Overpass"}}, {"type": "Feature", "geometry": {"type": "Point", "coordinates": [7.0040012, 50.9422882]}, "properties": {"id": "osm:node:11777379498", "type": "kindergarten", "name": "Inklusive Kindertagesstätte Maria Hilf", "source": "OpenStreetMap/Overpass"}}, {"type": "Feature", "geometry": {"type": "Point", "coordinates": [6.9187654, 50.9445245]}, "properties": {"id": "osm:node:11780378795", "type": "kindergarten", "name": "Pasitos", "source": "OpenStreetMap/Overpass"}}, {"type": "Feature", "geometry": {"type": "Point", "coordinates": [6.9678163, 50.9712318]}, "properties": {"id": "osm:node:11800114869", "type": "kindergarten", "name": "Kindergarten & Familienzentrum Hamborner Straße", "source": "OpenStreetMap/Overpass"}}, {"type": "Feature", "geometry": {"type": "Point", "coordinates": [7.0647612, 50.9837109]}, "properties": {"id": "osm:node:11802604957", "type": "kindergarten", "name": "Kindertagespflege Snotterbell", "source": "OpenStreetMap/Overpass"}}, {"type": "Feature", "geometry": {"type": "Point", "coordinates": [6.9453645, 50.9139813]}, "properties": {"id": "osm:node:11954305171", "type": "kindergarten", "name": "Kindertagesstätte Zollhof Pänz", "source": "OpenStreetMap/Overpass"}}, {"type": "Feature", "geometry": {"type": "Point", "coordinates": [6.8168674, 50.8961382]}, "properties": {"id": "osm:node:11959933332", "type": "kindergarten", "name": "Kindertagespflege Frechendachse", "source": "OpenStreetMap/Overpass"}}, {"type": "Feature", "geometry": {"type": "Point", "coordinates": [7.1555541, 50.9910389]}, "properties": {"id": "osm:node:11967853185", "type": "kindergarten", "name": "Waldkindergarten Dombach", "source": "OpenStreetMap/Overpass"}}, {"type": "Feature", "geometry": {"type": "Point", "coordinates": [6.9153499, 50.9471979]}, "properties": {"id": "osm:node:12103338715", "type": "kindergarten", "name": "Kindertagespflege Kölner Zwerge", "source": "OpenStreetMap/Overpass"}}, {"type": "Feature", "geometry": {"type": "Point", "coordinates": [6.9152822, 50.9535192]}, "properties": {"id": "osm:node:12115217161", "type": "kindergarten", "name": "Kindertagesstätte Rio e.V.", "source": "OpenStreetMap/Overpass"}}, {"type": "Feature", "geometry": {"type": "Point", "coordinates": [6.9112964, 50.9498757]}, "properties": {"id": "osm:node:12124662320", "type": "kindergarten", "name": "Kinderbude", "source": "OpenStreetMap/Overpass"}}, {"type": "Feature", "geometry": {"type": "Point", "coordinates": [6.9379095, 50.9346619]}, "properties": {"id": "osm:node:12125070099", "type": "kindergarten", "name": "Krabbelstube Rudolfplatz", "source": "OpenStreetMap/Overpass"}}, {"type": "Feature", "geometry": {"type": "Point", "coordinates": [6.9340521, 50.9326054]}, "properties": {"id": "osm:node:12128127938", "type": "kindergarten", "name": "Kindertagespfleg Kleine Füchse", "source": "OpenStreetMap/Overpass"}}, {"type": "Feature", "geometry": {"type": "Point", "coordinates": [6.9465002, 50.9287023]}, "properties": {"id": "osm:node:12128130074", "type": "kindergarten", "name": "Kindertagespflege Panta Pänz", "source": "OpenStreetMap/Overpass"}}, {"type": "Feature", "geometry": {"type": "Point", "coordinates": [6.9024155, 50.9592559]}, "properties": {"id": "osm:node:12138271146", "type": "kindergarten", "name": "Kita Schmierfinke e.V.", "source": "OpenStreetMap/Overpass"}}, {"type": "Feature", "geometry": {"type": "Point", "coordinates": [6.8995856, 50.9502408]}, "properties": {"id": "osm:node:12140104191", "type": "kindergarten", "name": "Kita Fünf Freunde", "source": "OpenStreetMap/Overpass"}}, {"type": "Feature", "geometry": {"type": "Point", "coordinates": [6.9130704, 50.9507216]}, "properties": {"id": "osm:node:12140200351", "type": "kindergarten", "name": "Kita Drachennest e.V.", "source": "OpenStreetMap/Overpass"}}, {"type": "Feature", "geometry": {"type": "Point", "coordinates": [6.9054387, 50.957732]}, "properties": {"id": "osm:node:12140724962", "type": "kindergarten", "name": "Windröschen e.V.", "source": "OpenStreetMap/Overpass"}}, {"type": "Feature", "geometry": {"type": "Point", "coordinates": [6.9021666, 50.8340504]}, "properties": {"id": "osm:node:12140849449", "type": "kindergarten", "name": "Kindertageseinrichtung Im alten Forsthaus", "source": "OpenStreetMap/Overpass"}}, {"type": "Feature", "geometry": {"type": "Point", "coordinates": [6.951943, 50.9704299]}, "properties": {"id": "osm:node:12142327575", "type": "kindergarten", "name": "Kindertagesstätte", "source": "OpenStreetMap/Overpass"}}, {"type": "Feature", "geometry": {"type": "Point", "coordinates": [6.9534459, 50.9673397]}, "properties": {"id": "osm:node:12142468813", "type": "kindergarten", "name": "Nippeser Zwerge", "source": "OpenStreetMap/Overpass"}}, {"type": "Feature", "geometry": {"type": "Point", "coordinates": [6.898383, 50.9364769]}, "properties": {"id": "osm:node:12146569509", "type": "kindergarten", "name": "Giocolino Kindertagespflege", "source": "OpenStreetMap/Overpass"}}, {"type": "Feature", "geometry": {"type": "Point", "coordinates": [6.9588195, 50.9530595]}, "properties": {"id": "osm:node:12148117788", "type": "kindergarten", "name": "Kindergarten Flora e.V.", "source": "OpenStreetMap/Overpass"}}, {"type": "Feature", "geometry": {"type": "Point", "coordinates": [6.9386016, 50.9688194]}, "properties": {"id": "osm:node:12149817531", "type": "kindergarten", "name": "Kinderpalast Medina", "source": "OpenStreetMap/Overpass"}}, {"type": "Feature", "geometry": {"type": "Point", "coordinates": [6.9088033, 50.9174388]}, "properties": {"id": "osm:node:12151877176", "type": "kindergarten", "name": "Kindertagesstätte", "source": "OpenStreetMap/Overpass"}}, {"type": "Feature", "geometry": {"type": "Point", "coordinates": [6.9338055, 50.9363685]}, "properties": {"id": "osm:node:12157963053", "type": "kindergarten", "name": "Kindertageseinrichtung", "source": "OpenStreetMap/Overpass"}}, {"type": "Feature", "geometry": {"type": "Point", "coordinates": [6.9266249, 50.9482007]}, "properties": {"id": "osm:node:12162167420", "type": "kindergarten", "name": "Die kleinen Superhelden", "source": "OpenStreetMap/Overpass"}}, {"type": "Feature", "geometry": {"type": "Point", "coordinates": [6.9161172, 50.954964]}, "properties": {"id": "osm:node:12175321194", "type": "kindergarten", "name": "Dreckspatzen", "source": "OpenStreetMap/Overpass"}}, {"type": "Feature", "geometry": {"type": "Point", "coordinates": [6.9455092, 50.9411219]}, "properties": {"id": "osm:node:12175392882", "type": "kindergarten", "name": "Kölner Knirpse", "source": "OpenStreetMap/Overpass"}}, {"type": "Feature", "geometry": {"type": "Point", "coordinates": [6.9567916, 50.9073398]}, "properties": {"id": "osm:node:12186308186", "type": "kindergarten", "name": "Kreative Strolche", "source": "OpenStreetMap/Overpass"}}, {"type": "Feature", "geometry": {"type": "Point", "coordinates": [6.9480052, 50.9142105]}, "properties": {"id": "osm:node:12186456356", "type": "kindergarten", "name": "Krabbelstube", "source": "OpenStreetMap/Overpass"}}, {"type": "Feature", "geometry": {"type": "Point", "coordinates": [6.9177308, 50.9602171]}, "properties": {"id": "osm:node:12188141228", "type": "kindergarten", "name": "EhrenSpielfeld", "source": "OpenStreetMap/Overpass"}}, {"type": "Feature", "geometry": {"type": "Point", "coordinates": [6.943984, 50.9409263]}, "properties": {"id": "osm:node:12188176256", "type": "kindergarten", "name": "Friesen Riesen", "source": "OpenStreetMap/Overpass"}}, {"type": "Feature", "geometry": {"type": "Point", "coordinates": [6.9197531, 50.9309121]}, "properties": {"id": "osm:node:12193078725", "type": "kindergarten", "name": "Tabula Rasa", "source": "OpenStreetMap/Overpass"}}, {"type": "Feature", "geometry": {"type": "Point", "coordinates": [6.9684405, 50.909594]}, "properties": {"id": "osm:node:12193133187", "type": "kindergarten", "name": "Fröbel-Kindergarten & Familienzentrum", "source": "OpenStreetMap/Overpass"}}, {"type": "Feature", "geometry": {"type": "Point", "coordinates": [6.9603082, 50.9474889]}, "properties": {"id": "osm:node:12202022126", "type": "kindergarten", "name": "Zwergentanz", "source": "OpenStreetMap/Overpass"}}, {"type": "Feature", "geometry": {"type": "Point", "coordinates": [7.0456427, 50.9687222]}, "properties": {"id": "osm:node:12208650890", "type": "kindergarten", "name": "KiTa St. Mariä Himmelfahrt", "source": "OpenStreetMap/Overpass"}}, {"type": "Feature", "geometry": {"type": "Point", "coordinates": [6.8768235, 50.9495201]}, "properties": {"id": "osm:node:12211993988", "type": "school", "name": "Interim Gesamtschule Ossendorf", "source": "OpenStreetMap/Overpass"}}, {"type": "Feature", "geometry": {"type": "Point", "coordinates": [6.9284994, 50.937185]}, "properties": {"id": "osm:node:12214367456", "type": "kindergarten", "name": "Zebra Verde", "source": "OpenStreetMap/Overpass"}}, {"type": "Feature", "geometry": {"type": "Point", "coordinates": [6.9771226, 50.9341558]}, "properties": {"id": "osm:node:12215815047", "type": "kindergarten", "name": "", "source": "OpenStreetMap/Overpass"}}, {"type": "Feature", "geometry": {"type": "Point", "coordinates": [6.9216243, 50.953444]}, "properties": {"id": "osm:node:12216279733", "type": "kindergarten", "name": "Kinderarche", "source": "OpenStreetMap/Overpass"}}, {"type": "Feature", "geometry": {"type": "Point", "coordinates": [6.8401667, 50.9282174]}, "properties": {"id": "osm:node:12227790848", "type": "kindergarten", "name": "Kindergarten Weidenwichtel", "source": "OpenStreetMap/Overpass"}}, {"type": "Feature", "geometry": {"type": "Point", "coordinates": [6.9631166, 50.9080593]}, "properties": {"id": "osm:node:12229743394", "type": "kindergarten", "name": "die füchse", "source": "OpenStreetMap/Overpass"}}, {"type": "Feature", "geometry": {"type": "Point", "coordinates": [6.9520429, 50.9524091]}, "properties": {"id": "osm:node:12235657324", "type": "kindergarten", "name": "Galapagos", "source": "OpenStreetMap/Overpass"}}, {"type": "Feature", "geometry": {"type": "Point", "coordinates": [6.937821, 50.9608817]}, "properties": {"id": "osm:node:12235714867", "type": "kindergarten", "name": "Die Waldmäuse", "source": "OpenStreetMap/Overpass"}}, {"type": "Feature", "geometry": {"type": "Point", "coordinates": [7.0746196, 50.9743261]}, "properties": {"id": "osm:node:12281886170", "type": "kindergarten", "name": "Städtische Kindertageseinrichtung Im Wieschen", "source": "OpenStreetMap/Overpass"}}, {"type": "Feature", "geometry": {"type": "Point", "coordinates": [7.001246, 50.9762531]}, "properties": {"id": "osm:node:12335752736", "type": "kindergarten", "name": "Städtische Kindertageseinrichtung Düsseldorfer Straße", "source": "OpenStreetMap/Overpass"}}, {"type": "Feature", "geometry": {"type": "Point", "coordinates": [6.8997363, 50.9600366]}, "properties": {"id": "osm:node:12396205244", "type": "kindergarten", "name": "", "source": "OpenStreetMap/Overpass"}}, {"type": "Feature", "geometry": {"type": "Point", "coordinates": [6.8998409, 50.9604623]}, "properties": {"id": "osm:node:12396205245", "type": "kindergarten", "name": "Städtische Kindertagesstätte Mathilde-Herz-Weg", "source": "OpenStreetMap/Overpass"}}, {"type": "Feature", "geometry": {"type": "Point", "coordinates": [6.9471757, 50.9848546]}, "properties": {"id": "osm:node:12456355478", "type": "kindergarten", "name": "Pünktchen", "source": "OpenStreetMap/Overpass"}}, {"type": "Feature", "geometry": {"type": "Point", "coordinates": [6.9522475, 50.9617577]}, "properties": {"id": "osm:node:12460733577", "type": "kindergarten", "name": "Kita Rabauken & Trompeten", "source": "OpenStreetMap/Overpass"}}, {"type": "Feature", "geometry": {"type": "Point", "coordinates": [6.931497, 51.0775946]}, "properties": {"id": "osm:node:12463847511", "type": "kindergarten", "name": "", "source": "OpenStreetMap/Overpass"}}, {"type": "Feature", "geometry": {"type": "Point", "coordinates": [6.8847406, 50.8355473]}, "properties": {"id": "osm:node:12479929994", "type": "childcare", "name": "Sonnenblume", "source": "OpenStreetMap/Overpass"}}, {"type": "Feature", "geometry": {"type": "Point", "coordinates": [7.0566646, 51.0466798]}, "properties": {"id": "osm:node:12541413666", "type": "kindergarten", "name": "", "source": "OpenStreetMap/Overpass"}}, {"type": "Feature", "geometry": {"type": "Point", "coordinates": [6.9698452, 50.9598987]}, "properties": {"id": "osm:node:12590087017", "type": "school", "name": "GSF", "source": "OpenStreetMap/Overpass"}}, {"type": "Feature", "geometry": {"type": "Point", "coordinates": [7.0457822, 50.8654512]}, "properties": {"id": "osm:node:12625308801", "type": "kindergarten", "name": "AWO Kindertagesstätte Doppeltes Lottchen", "source": "OpenStreetMap/Overpass"}}, {"type": "Feature", "geometry": {"type": "Point", "coordinates": [6.9479948, 50.9822212]}, "properties": {"id": "osm:node:12636144407", "type": "kindergarten", "name": "Die Grashüpfer", "source": "OpenStreetMap/Overpass"}}, {"type": "Feature", "geometry": {"type": "Point", "coordinates": [6.9477584, 50.9810441]}, "properties": {"id": "osm:node:12643133899", "type": "kindergarten", "name": "NiKita", "source": "OpenStreetMap/Overpass"}}, {"type": "Feature", "geometry": {"type": "Point", "coordinates": [6.9482363, 50.9812944]}, "properties": {"id": "osm:node:12666550605", "type": "kindergarten", "name": "Kleine Stippeföttche", "source": "OpenStreetMap/Overpass"}}, {"type": "Feature", "geometry": {"type": "Point", "coordinates": [6.8316078, 50.9700203]}, "properties": {"id": "osm:node:12862710924", "type": "kindergarten", "name": "Fröbel-Kindergarten Zum Felde", "source": "OpenStreetMap/Overpass"}}, {"type": "Feature", "geometry": {"type": "Point", "coordinates": [6.9493017, 50.9869444]}, "properties": {"id": "osm:node:12863378901", "type": "school", "name": "Übungshaus Feuerwehr Köln", "source": "OpenStreetMap/Overpass"}}, {"type": "Feature", "geometry": {"type": "Point", "coordinates": [7.1144663, 51.0306621]}, "properties": {"id": "osm:node:12952379301", "type": "school", "name": "Gymnasium Odenthal", "source": "OpenStreetMap/Overpass"}}, {"type": "Feature", "geometry": {"type": "Point", "coordinates": [7.1146788, 51.0307028]}, "properties": {"id": "osm:node:12952390501", "type": "school", "name": "Ganztagsrealschule Odenthal", "source": "OpenStreetMap/Overpass"}}, {"type": "Feature", "geometry": {"type": "Point", "coordinates": [7.1146788, 51.0307028]}, "properties": {"id": "osm:node:12952391202", "type": "school", "name": "Ganztagsrealschule Odenthal", "source": "OpenStreetMap/Overpass"}}, {"type": "Feature", "geometry": {"type": "Point", "coordinates": [7.069687, 50.964645]}, "properties": {"id": "osm:node:12957132277", "type": "kindergarten", "name": "Städtische Kindertageseinrichtung Dellbrücker Mauspfad", "source": "OpenStreetMap/Overpass"}}, {"type": "Feature", "geometry": {"type": "Point", "coordinates": [6.9597955, 50.9960041]}, "properties": {"id": "osm:node:12985742291", "type": "school", "name": "Gemeinschaftsgrundschule Halfengasse", "source": "OpenStreetMap/Overpass"}}, {"type": "Feature", "geometry": {"type": "Point", "coordinates": [6.9535332, 50.9532487]}, "properties": {"id": "osm:node:13061460869", "type": "kindergarten", "name": "Mayas Marienkäfer", "source": "OpenStreetMap/Overpass"}}, {"type": "Feature", "geometry": {"type": "Point", "coordinates": [6.9535829, 50.9538071]}, "properties": {"id": "osm:node:13061510546", "type": "kindergarten", "name": "Kandi Kids", "source": "OpenStreetMap/Overpass"}}, {"type": "Feature", "geometry": {"type": "Point", "coordinates": [7.0806221, 51.0162826]}, "properties": {"id": "osm:node:13072371554", "type": "kindergarten", "name": "Grashüpfer", "source": "OpenStreetMap/Overpass"}}, {"type": "Feature", "geometry": {"type": "Point", "coordinates": [6.9919147, 50.9365666]}, "properties": {"id": "osm:node:13100192029", "type": "kindergarten", "name": "Kindertagespflege", "source": "OpenStreetMap/Overpass"}}, {"type": "Feature", "geometry": {"type": "Point", "coordinates": [6.996093, 50.915036]}, "properties": {"id": "osm:node:13240553284", "type": "school", "name": "Nederlandse School Keulen", "source": "OpenStreetMap/Overpass"}}, {"type": "Feature", "geometry": {"type": "Point", "coordinates": [6.9518353, 50.9272989]}, "properties": {"id": "osm:node:13251601174", "type": "kindergarten", "name": "Tagespflegestelle Für Kinder Büttgenbach", "source": "OpenStreetMap/Overpass"}}, {"type": "Feature", "geometry": {"type": "Point", "coordinates": [6.8936074, 50.9231183]}, "properties": {"id": "osm:node:13274445226", "type": "kindergarten", "name": "Fröbel-Kindergarten Hohenlind", "source": "OpenStreetMap/Overpass"}}, {"type": "Feature", "geometry": {"type": "Point", "coordinates": [6.9594923, 50.9315615]}, "properties": {"id": "osm:node:13319258130", "type": "kindergarten", "name": "", "source": "OpenStreetMap/Overpass"}}, {"type": "Feature", "geometry": {"type": "Point", "coordinates": [7.0327866, 51.0403953]}, "properties": {"id": "osm:node:13358421257", "type": "kindergarten", "name": "KintaWelt Family Flex Space", "source": "OpenStreetMap/Overpass"}}, {"type": "Feature", "geometry": {"type": "Point", "coordinates": [6.9115547, 50.9180171]}, "properties": {"id": "osm:node:13423475401", "type": "kindergarten", "name": "", "source": "OpenStreetMap/Overpass"}}, {"type": "Feature", "geometry": {"type": "Point", "coordinates": [6.8874098, 51.0849646]}, "properties": {"id": "osm:way:5131127", "type": "school", "name": "", "source": "OpenStreetMap/Overpass"}}, {"type": "Feature", "geometry": {"type": "Point", "coordinates": [6.9236486, 50.9417676]}, "properties": {"id": "osm:way:5235914", "type": "school", "name": "Berufskolleg Ehrenfeld", "source": "OpenStreetMap/Overpass"}}, {"type": "Feature", "geometry": {"type": "Point", "coordinates": [7.0076626, 51.0336887]}, "properties": {"id": "osm:way:10357062", "type": "school", "name": "Städt. Berufskolleg", "source": "OpenStreetMap/Overpass"}}, {"type": "Feature", "geometry": {"type": "Point", "coordinates": [6.9764538, 50.9336944]}, "properties": {"id": "osm:way:20341742", "type": "school", "name": "Deutzer Gymnasium Schaurtestraße", "source": "OpenStreetMap/Overpass"}}, {"type": "Feature", "geometry": {"type": "Point", "coordinates": [6.9796604, 50.9289682]}, "properties": {"id": "osm:way:20351965", "type": "school", "name": "Realschule Im Hasental", "source": "OpenStreetMap/Overpass"}}, {"type": "Feature", "geometry": {"type": "Point", "coordinates": [6.9499043, 50.9349215]}, "properties": {"id": "osm:way:23567942", "type": "school", "name": "VHS-Studienhaus", "source": "OpenStreetMap/Overpass"}}, {"type": "Feature", "geometry": {"type": "Point", "coordinates": [6.9589484, 50.9596176]}, "properties": {"id": "osm:way:23649880", "type": "kindergarten", "name": "Städtische Kindertageseinrichtung Auerstraße", "source": "OpenStreetMap/Overpass"}}, {"type": "Feature", "geometry": {"type": "Point", "coordinates": [6.9578189, 50.963017]}, "properties": {"id": "osm:way:23694190", "type": "school", "name": "Mathilde-von-Mevissen-Grundschule", "source": "OpenStreetMap/Overpass"}}, {"type": "Feature", "geometry": {"type": "Point", "coordinates": [6.8722899, 50.9980054]}, "properties": {"id": "osm:way:23723433", "type": "school", "name": "Gymnasium Köln Pesch", "source": "OpenStreetMap/Overpass"}}, {"type": "Feature", "geometry": {"type": "Point", "coordinates": [6.8719103, 50.9969155]}, "properties": {"id": "osm:way:23723441", "type": "school", "name": "Erich-Ohser-Schule - GGS Pesch", "source": "OpenStreetMap/Overpass"}}, {"type": "Feature", "geometry": {"type": "Point", "coordinates": [7.0093231, 50.975287]}, "properties": {"id": "osm:way:23823330", "type": "school", "name": "Gemeinschaftshauptschule Tiefentalstraße", "source": "OpenStreetMap/Overpass"}}, {"type": "Feature", "geometry": {"type": "Point", "coordinates": [6.8974257, 50.9416147]}, "properties": {"id": "osm:way:24036612", "type": "school", "name": "Gemeinschaftsgrundschule Geilenkircher Straße", "source": "OpenStreetMap/Overpass"}}, {"type": "Feature", "geometry": {"type": "Point", "coordinates": [6.9290021, 50.9436474]}, "properties": {"id": "osm:way:25555515", "type": "school", "name": "Gemeinschaftsgrundschule Antwerpener Straße (Interim)", "source": "OpenStreetMap/Overpass"}}, {"type": "Feature", "geometry": {"type": "Point", "coordinates": [6.9630204, 50.9679054]}, "properties": {"id": "osm:way:25630405", "type": "school", "name": "Inklusive Offene Ganztagsschule Kretzerstraße", "source": "OpenStreetMap/Overpass"}}, {"type": "Feature", "geometry": {"type": "Point", "coordinates": [6.9245733, 50.996114]}, "properties": {"id": "osm:way:25740199", "type": "school", "name": "", "source": "OpenStreetMap/Overpass"}}, {"type": "Feature", "geometry": {"type": "Point", "coordinates": [6.921359, 50.993195]}, "properties": {"id": "osm:way:25870578", "type": "school", "name": "Schule Lindweiler Hof", "source": "OpenStreetMap/Overpass"}}, {"type": "Feature", "geometry": {"type": "Point", "coordinates": [6.9048688, 50.9962399]}, "properties": {"id": "osm:way:26299057", "type": "school", "name": "KGS Longericher Hauptstraße \"Sternsingerschule\"", "source": "OpenStreetMap/Overpass"}}, {"type": "Feature", "geometry": {"type": "Point", "coordinates": [6.8970424, 50.8321095]}, "properties": {"id": "osm:way:26309606", "type": "school", "name": "Erich Kästner Realschule", "source": "OpenStreetMap/Overpass"}}, {"type": "Feature", "geometry": {"type": "Point", "coordinates": [6.8906524, 50.8370586]}, "properties": {"id": "osm:way:26324617", "type": "school", "name": "Gemeinschaftsgrundschule Regenbogenschule - Standort Kierberg", "source": "OpenStreetMap/Overpass"}}, {"type": "Feature", "geometry": {"type": "Point", "coordinates": [6.8883982, 50.8349354]}, "properties": {"id": "osm:way:26324662", "type": "school", "name": "Barbaraschule", "source": "OpenStreetMap/Overpass"}}, {"type": "Feature", "geometry": {"type": "Point", "coordinates": [7.0376252, 50.9934935]}, "properties": {"id": "osm:way:26389246", "type": "school", "name": "Rosenmaarschule", "source": "OpenStreetMap/Overpass"}}, {"type": "Feature", "geometry": {"type": "Point", "coordinates": [7.0062942, 50.9572171]}, "properties": {"id": "osm:way:26451905", "type": "school", "name": "Hölderlin-Gymnasium", "source": "OpenStreetMap/Overpass"}}, {"type": "Feature", "geometry": {"type": "Point", "coordinates": [6.9957531, 50.9276495]}, "properties": {"id": "osm:way:26692103", "type": "school", "name": "Georg-Simon-Ohm-Berufskolleg", "source": "OpenStreetMap/Overpass"}}, {"type": "Feature", "geometry": {"type": "Point", "coordinates": [7.1028174, 50.9986472]}, "properties": {"id": "osm:way:26779620", "type": "school", "name": "Offene Ganztagsschule Paffrath", "source": "OpenStreetMap/Overpass"}}, {"type": "Feature", "geometry": {"type": "Point", "coordinates": [7.0215278, 50.9514157]}, "properties": {"id": "osm:way:26830068", "type": "school", "name": "Johann-Gottfried-Herder-Gymnasium", "source": "OpenStreetMap/Overpass"}}, {"type": "Feature", "geometry": {"type": "Point", "coordinates": [7.0836868, 51.0174554]}, "properties": {"id": "osm:way:27045362", "type": "school", "name": "Concordiaschule Schildgen", "source": "OpenStreetMap/Overpass"}}, {"type": "Feature", "geometry": {"type": "Point", "coordinates": [7.0517692, 50.9406468]}, "properties": {"id": "osm:way:27065303", "type": "kindergarten", "name": "Haus 22", "source": "OpenStreetMap/Overpass"}}, {"type": "Feature", "geometry": {"type": "Point", "coordinates": [6.8014874, 50.9254347]}, "properties": {"id": "osm:way:27212698", "type": "school", "name": "Edith-Stein-Schule", "source": "OpenStreetMap/Overpass"}}, {"type": "Feature", "geometry": {"type": "Point", "coordinates": [6.9275493, 50.9543989]}, "properties": {"id": "osm:way:27281942", "type": "kindergarten", "name": "Kath. Tageseinrichtung St. Anna", "source": "OpenStreetMap/Overpass"}}, {"type": "Feature", "geometry": {"type": "Point", "coordinates": [7.0834334, 51.0084686]}, "properties": {"id": "osm:way:27347731", "type": "school", "name": "Gemeinschaftsgrundschule Katterbach", "source": "OpenStreetMap/Overpass"}}, {"type": "Feature", "geometry": {"type": "Point", "coordinates": [7.0821856, 51.008483]}, "properties": {"id": "osm:way:27347733", "type": "kindergarten", "name": "Caritas Kindertagesstätte Katterbach", "source": "OpenStreetMap/Overpass"}}, {"type": "Feature", "geometry": {"type": "Point", "coordinates": [6.9374815, 50.9048779]}, "properties": {"id": "osm:way:27351065", "type": "school", "name": "Alfred-Müller-Armack-Berufskolleg", "source": "OpenStreetMap/Overpass"}}, {"type": "Feature", "geometry": {"type": "Point", "coordinates": [7.0194079, 50.9519134]}, "properties": {"id": "osm:way:27833096", "type": "school", "name": "Sporthalle Beuthener Straße", "source": "OpenStreetMap/Overpass"}}, {"type": "Feature", "geometry": {"type": "Point", "coordinates": [6.8383049, 50.9346934]}, "properties": {"id": "osm:way:27993120", "type": "school", "name": "Georg-Büchner-Gymnasium", "source": "OpenStreetMap/Overpass"}}, {"type": "Feature", "geometry": {"type": "Point", "coordinates": [7.0185322, 50.9381206]}, "properties": {"id": "osm:way:28418790", "type": "kindergarten", "name": "KiTa Höhenberg", "source": "OpenStreetMap/Overpass"}}, {"type": "Feature", "geometry": {"type": "Point", "coordinates": [6.9174534, 50.9535465]}, "properties": {"id": "osm:way:28510250", "type": "kindergarten", "name": "an St. Peter", "source": "OpenStreetMap/Overpass"}}, {"type": "Feature", "geometry": {"type": "Point", "coordinates": [6.9638213, 50.9730567]}, "properties": {"id": "osm:way:28691695", "type": "school", "name": "Erich Kästner-Gymnasium", "source": "OpenStreetMap/Overpass"}}, {"type": "Feature", "geometry": {"type": "Point", "coordinates": [6.955864, 50.9666872]}, "properties": {"id": "osm:way:28691869", "type": "school", "name": "Leonardo-da-Vinci-Gymnasium", "source": "OpenStreetMap/Overpass"}}, {"type": "Feature", "geometry": {"type": "Point", "coordinates": [6.955869, 50.9667577]}, "properties": {"id": "osm:way:28691932", "type": "school", "name": "Leonardo-da-Vinci-Gymnasium", "source": "OpenStreetMap/Overpass"}}, {"type": "Feature", "geometry": {"type": "Point", "coordinates": [7.0111228, 50.9512804]}, "properties": {"id": "osm:way:28786812", "type": "kindergarten", "name": "Kindertagesstätte St. Petrus Canisius", "source": "OpenStreetMap/Overpass"}}, {"type": "Feature", "geometry": {"type": "Point", "coordinates": [7.0313576, 50.9803766]}, "properties": {"id": "osm:way:29178048", "type": "school", "name": "Schule Thymianweg (FLE)", "source": "OpenStreetMap/Overpass"}}, {"type": "Feature", "geometry": {"type": "Point", "coordinates": [6.9514797, 50.9519399]}, "properties": {"id": "osm:way:30074760", "type": "kindergarten", "name": "Krähennest", "source": "OpenStreetMap/Overpass"}}, {"type": "Feature", "geometry": {"type": "Point", "coordinates": [6.9205811, 50.9505699]}, "properties": {"id": "osm:way:30270427", "type": "kindergarten", "name": "Kindertagesstätte", "source": "OpenStreetMap/Overpass"}}, {"type": "Feature", "geometry": {"type": "Point", "coordinates": [6.9809155, 51.0306631]}, "properties": {"id": "osm:way:30352140", "type": "school", "name": "KGS Möwenschule", "source": "OpenStreetMap/Overpass"}}, {"type": "Feature", "geometry": {"type": "Point", "coordinates": [6.8370023, 50.8896046]}, "properties": {"id": "osm:way:30713701", "type": "school", "name": "Gebrüder Grimm", "source": "OpenStreetMap/Overpass"}}, {"type": "Feature", "geometry": {"type": "Point", "coordinates": [6.8775459, 50.875669]}, "properties": {"id": "osm:way:30960503", "type": "school", "name": "Bodelschwingh-Schule", "source": "OpenStreetMap/Overpass"}}, {"type": "Feature", "geometry": {"type": "Point", "coordinates": [6.9505306, 50.9711549]}, "properties": {"id": "osm:way:31544416", "type": "school", "name": "Peter Ustinov Realschule", "source": "OpenStreetMap/Overpass"}}, {"type": "Feature", "geometry": {"type": "Point", "coordinates": [7.0244359, 50.8328839]}, "properties": {"id": "osm:way:31555424", "type": "school", "name": "Schulzentrum Nord", "source": "OpenStreetMap/Overpass"}}, {"type": "Feature", "geometry": {"type": "Point", "coordinates": [6.9631184, 50.8564509]}, "properties": {"id": "osm:way:31556532", "type": "school", "name": "Freiherr-vom-Stein-Gemeinschaftsgrundschule", "source": "OpenStreetMap/Overpass"}}, {"type": "Feature", "geometry": {"type": "Point", "coordinates": [6.9558908, 50.9304591]}, "properties": {"id": "osm:way:31887465", "type": "school", "name": "Friedrich Wilhelm Gymnasium", "source": "OpenStreetMap/Overpass"}}, {"type": "Feature", "geometry": {"type": "Point", "coordinates": [6.9154468, 50.9179606]}, "properties": {"id": "osm:way:31992442", "type": "school", "name": "Theodor-Heuss-Realschule", "source": "OpenStreetMap/Overpass"}}, {"type": "Feature", "geometry": {"type": "Point", "coordinates": [6.9952723, 51.0337024]}, "properties": {"id": "osm:way:32477368", "type": "school", "name": "Realschule Am Stadtpark", "source": "OpenStreetMap/Overpass"}}, {"type": "Feature", "geometry": {"type": "Point", "coordinates": [6.9460461, 50.8299345]}, "properties": {"id": "osm:way:32523375", "type": "school", "name": "Brigidaschule", "source": "OpenStreetMap/Overpass"}}, {"type": "Feature", "geometry": {"type": "Point", "coordinates": [6.9716677, 50.8521359]}, "properties": {"id": "osm:way:32549976", "type": "school", "name": "Johannes-Gutenberg-Realschule", "source": "OpenStreetMap/Overpass"}}, {"type": "Feature", "geometry": {"type": "Point", "coordinates": [6.9642528, 50.977727]}, "properties": {"id": "osm:way:32607833", "type": "school", "name": "Gemeinschaftsgrundschule Nesselrodestraße", "source": "OpenStreetMap/Overpass"}}, {"type": "Feature", "geometry": {"type": "Point", "coordinates": [7.0095048, 50.9495282]}, "properties": {"id": "osm:way:32658276", "type": "school", "name": "Gemeinschafts-Grundschule Kopernikusstraße", "source": "OpenStreetMap/Overpass"}}, {"type": "Feature", "geometry": {"type": "Point", "coordinates": [6.997644, 51.0217527]}, "properties": {"id": "osm:way:32697521", "type": "school", "name": "Theodor-Fontane-Schule", "source": "OpenStreetMap/Overpass"}}, {"type": "Feature", "geometry": {"type": "Point", "coordinates": [6.9985478, 51.0207697]}, "properties": {"id": "osm:way:32697533", "type": "kindergarten", "name": "Weltentdecker", "source": "OpenStreetMap/Overpass"}}, {"type": "Feature", "geometry": {"type": "Point", "coordinates": [6.9850253, 51.0361356]}, "properties": {"id": "osm:way:32704512", "type": "kindergarten", "name": "Montessori-Kinderhaus", "source": "OpenStreetMap/Overpass"}}, {"type": "Feature", "geometry": {"type": "Point", "coordinates": [7.014693, 50.9541467]}, "properties": {"id": "osm:way:32805199", "type": "school", "name": "logos Grundschule", "source": "OpenStreetMap/Overpass"}}, {"type": "Feature", "geometry": {"type": "Point", "coordinates": [7.0156995, 50.9560604]}, "properties": {"id": "osm:way:32805581", "type": "school", "name": "Grundschulen", "source": "OpenStreetMap/Overpass"}}, {"type": "Feature", "geometry": {"type": "Point", "coordinates": [7.0630222, 51.0214237]}, "properties": {"id": "osm:way:33189356", "type": "school", "name": "GGS Waldschule", "source": "OpenStreetMap/Overpass"}}, {"type": "Feature", "geometry": {"type": "Point", "coordinates": [6.9237268, 50.9222706]}, "properties": {"id": "osm:way:33924984", "type": "school", "name": "Förderschule Redwitzstraße", "source": "OpenStreetMap/Overpass"}}, {"type": "Feature", "geometry": {"type": "Point", "coordinates": [6.9787308, 50.9358507]}, "properties": {"id": "osm:way:34584163", "type": "school", "name": "Städt. Kath. Grundschule Gotenring", "source": "OpenStreetMap/Overpass"}}, {"type": "Feature", "geometry": {"type": "Point", "coordinates": [6.8451801, 50.9361437]}, "properties": {"id": "osm:way:34637997", "type": "school", "name": "Albert-Schweitzer-Grundschule", "source": "OpenStreetMap/Overpass"}}, {"type": "Feature", "geometry": {"type": "Point", "coordinates": [6.8849256, 50.8641705]}, "properties": {"id": "osm:way:34647806", "type": "school", "name": "Gemeinschafts-Hauptschule Hürth-Kendenich", "source": "OpenStreetMap/Overpass"}}, {"type": "Feature", "geometry": {"type": "Point", "coordinates": [6.9559981, 50.9242285]}, "properties": {"id": "osm:way:35004879", "type": "kindergarten", "name": "Familienzentrum Kartause", "source": "OpenStreetMap/Overpass"}}, {"type": "Feature", "geometry": {"type": "Point", "coordinates": [6.9334716, 50.9546086]}, "properties": {"id": "osm:way:35096235", "type": "kindergarten", "name": "Städtische Kindertageseinrichtung Hans-Wild-Straße", "source": "OpenStreetMap/Overpass"}}, {"type": "Feature", "geometry": {"type": "Point", "coordinates": [6.9043928, 50.8920138]}, "properties": {"id": "osm:way:35446266", "type": "kindergarten", "name": "KiTa Glückskind Hürth gUG", "source": "OpenStreetMap/Overpass"}}, {"type": "Feature", "geometry": {"type": "Point", "coordinates": [6.8900727, 50.9695947]}, "properties": {"id": "osm:way:35598422", "type": "kindergarten", "name": "", "source": "OpenStreetMap/Overpass"}}, {"type": "Feature", "geometry": {"type": "Point", "coordinates": [6.9500322, 50.9023533]}, "properties": {"id": "osm:way:36729251", "type": "school", "name": "Europaschule Köln (GE)", "source": "OpenStreetMap/Overpass"}}, {"type": "Feature", "geometry": {"type": "Point", "coordinates": [6.9500515, 50.9030266]}, "properties": {"id": "osm:way:36729253", "type": "kindergarten", "name": "", "source": "OpenStreetMap/Overpass"}}, {"type": "Feature", "geometry": {"type": "Point", "coordinates": [7.1273454, 50.9790815]}, "properties": {"id": "osm:way:36805429", "type": "school", "name": "Marie-Curie Schule (Haupt- und Real-)", "source": "OpenStreetMap/Overpass"}}, {"type": "Feature", "geometry": {"type": "Point", "coordinates": [6.9598424, 50.9043948]}, "properties": {"id": "osm:way:37300395", "type": "school", "name": "Gemeinschaftsgrundschule Annastraße", "source": "OpenStreetMap/Overpass"}}, {"type": "Feature", "geometry": {"type": "Point", "coordinates": [7.0883081, 50.8646163]}, "properties": {"id": "osm:way:37765304", "type": "school", "name": "Otto-Lilienthal-Schule", "source": "OpenStreetMap/Overpass"}}, {"type": "Feature", "geometry": {"type": "Point", "coordinates": [7.0817252, 50.8905343]}, "properties": {"id": "osm:way:37851629", "type": "kindergarten", "name": "Städtischer Kindergarten", "source": "OpenStreetMap/Overpass"}}, {"type": "Feature", "geometry": {"type": "Point", "coordinates": [7.0086316, 50.9741327]}, "properties": {"id": "osm:way:37869188", "type": "kindergarten", "name": "Internationale Strolche", "source": "OpenStreetMap/Overpass"}}, {"type": "Feature", "geometry": {"type": "Point", "coordinates": [6.9124729, 50.9507395]}, "properties": {"id": "osm:way:37937323", "type": "kindergarten", "name": "Kita Stadtpiraten", "source": "OpenStreetMap/Overpass"}}, {"type": "Feature", "geometry": {"type": "Point", "coordinates": [7.0801614, 50.8932306]}, "properties": {"id": "osm:way:38105908", "type": "school", "name": "Gemeinschaftsgrundschule Unter Birken", "source": "OpenStreetMap/Overpass"}}, {"type": "Feature", "geometry": {"type": "Point", "coordinates": [7.0724575, 50.8835901]}, "properties": {"id": "osm:way:38161989", "type": "school", "name": "Stadtgymnasium Köln-Porz", "source": "OpenStreetMap/Overpass"}}, {"type": "Feature", "geometry": {"type": "Point", "coordinates": [6.9457427, 50.9435149]}, "properties": {"id": "osm:way:38246032", "type": "kindergarten", "name": "Kindertagesstätte Casa Italia", "source": "OpenStreetMap/Overpass"}}, {"type": "Feature", "geometry": {"type": "Point", "coordinates": [6.9028584, 50.8348302]}, "properties": {"id": "osm:way:39896841", "type": "school", "name": "Erzbischöfliches St. Ursula-Gymnasium Brühl", "source": "OpenStreetMap/Overpass"}}, {"type": "Feature", "geometry": {"type": "Point", "coordinates": [6.956299, 50.9701176]}, "properties": {"id": "osm:way:40044937", "type": "school", "name": "Leonardo-da-Vinci-Gymnasium (Zweitstandort Bülowstraße)", "source": "OpenStreetMap/Overpass"}}, {"type": "Feature", "geometry": {"type": "Point", "coordinates": [6.9214309, 50.9987766]}, "properties": {"id": "osm:way:41895152", "type": "kindergarten", "name": "Kindertageseinrichtung (Kita)", "source": "OpenStreetMap/Overpass"}}, {"type": "Feature", "geometry": {"type": "Point", "coordinates": [6.9036895, 50.9632373]}, "properties": {"id": "osm:way:42302866", "type": "school", "name": "Montessori-Gymnasium Köln", "source": "OpenStreetMap/Overpass"}}, {"type": "Feature", "geometry": {"type": "Point", "coordinates": [7.0678764, 50.9703956]}, "properties": {"id": "osm:way:42422417", "type": "school", "name": "Gesamtschule Dellbrücker Mauspfad", "source": "OpenStreetMap/Overpass"}}, {"type": "Feature", "geometry": {"type": "Point", "coordinates": [7.0054261, 51.0646179]}, "properties": {"id": "osm:way:44109059", "type": "school", "name": "Städt. Katholische Hauptschule", "source": "OpenStreetMap/Overpass"}}, {"type": "Feature", "geometry": {"type": "Point", "coordinates": [6.9433312, 50.9259533]}, "properties": {"id": "osm:way:44798990", "type": "school", "name": "GGS Gemeinschaftsgrundschule Pfälzer Straße", "source": "OpenStreetMap/Overpass"}}, {"type": "Feature", "geometry": {"type": "Point", "coordinates": [6.8698274, 50.8710969]}, "properties": {"id": "osm:way:44864798", "type": "school", "name": "Goldenberg Berufskolleg des Rhein-Erft-Kreises", "source": "OpenStreetMap/Overpass"}}, {"type": "Feature", "geometry": {"type": "Point", "coordinates": [6.9524738, 50.9275565]}, "properties": {"id": "osm:way:44889447", "type": "school", "name": "BK Richard-Riemerschmid-Berufskolleg", "source": "OpenStreetMap/Overpass"}}, {"type": "Feature", "geometry": {"type": "Point", "coordinates": [6.9526117, 50.9299433]}, "properties": {"id": "osm:way:44890008", "type": "school", "name": "Berufskolleg Humboldtstraße Berufsbildende Schule 17", "source": "OpenStreetMap/Overpass"}}, {"type": "Feature", "geometry": {"type": "Point", "coordinates": [7.0013028, 50.9589064]}, "properties": {"id": "osm:way:45788008", "type": "school", "name": "Johann-Bendel-Realschule", "source": "OpenStreetMap/Overpass"}}, {"type": "Feature", "geometry": {"type": "Point", "coordinates": [6.9486367, 50.9286233]}, "properties": {"id": "osm:way:46343127", "type": "kindergarten", "name": "Kindergarten St. Pantaleon", "source": "OpenStreetMap/Overpass"}}, {"type": "Feature", "geometry": {"type": "Point", "coordinates": [6.806442, 50.9186439]}, "properties": {"id": "osm:way:46582553", "type": "school", "name": "Gymnasium Frechen", "source": "OpenStreetMap/Overpass"}}, {"type": "Feature", "geometry": {"type": "Point", "coordinates": [7.0212693, 50.9610847]}, "properties": {"id": "osm:way:47453896", "type": "kindergarten", "name": "Kindertagesstätte", "source": "OpenStreetMap/Overpass"}}, {"type": "Feature", "geometry": {"type": "Point", "coordinates": [7.0207929, 50.962731]}, "properties": {"id": "osm:way:48352270", "type": "kindergarten", "name": "Tageseinrichtung am Steinbergs Weiher", "source": "OpenStreetMap/Overpass"}}, {"type": "Feature", "geometry": {"type": "Point", "coordinates": [7.0547324, 51.0628794]}, "properties": {"id": "osm:way:48433042", "type": "kindergarten", "name": "", "source": "OpenStreetMap/Overpass"}}, {"type": "Feature", "geometry": {"type": "Point", "coordinates": [6.9530024, 51.0268532]}, "properties": {"id": "osm:way:48682156", "type": "school", "name": "Gemeinschaftsgrundschule Spoerkelhof", "source": "OpenStreetMap/Overpass"}}, {"type": "Feature", "geometry": {"type": "Point", "coordinates": [6.9578503, 50.9347458]}, "properties": {"id": "osm:way:49250274", "type": "school", "name": "Förderschule Die Gute Hand, Außenstelle Köln", "source": "OpenStreetMap/Overpass"}}, {"type": "Feature", "geometry": {"type": "Point", "coordinates": [6.9628219, 50.9630168]}, "properties": {"id": "osm:way:49367017", "type": "kindergarten", "name": "Kindergarten An St. Hildegard", "source": "OpenStreetMap/Overpass"}}, {"type": "Feature", "geometry": {"type": "Point", "coordinates": [6.9449244, 50.9567311]}, "properties": {"id": "osm:way:49915285", "type": "kindergarten", "name": "Katholischer Kindergarten St. Joseph", "source": "OpenStreetMap/Overpass"}}, {"type": "Feature", "geometry": {"type": "Point", "coordinates": [6.9013097, 50.8968267]}, "properties": {"id": "osm:way:51037387", "type": "kindergarten", "name": "Kath. Familienzentrum St. Mariä Geburt", "source": "OpenStreetMap/Overpass"}}, {"type": "Feature", "geometry": {"type": "Point", "coordinates": [6.9629725, 50.9257045]}, "properties": {"id": "osm:way:51161925", "type": "kindergarten", "name": "Städtische Kindertagesstätte Zugasse", "source": "OpenStreetMap/Overpass"}}, {"type": "Feature", "geometry": {"type": "Point", "coordinates": [6.8982771, 50.8321664]}, "properties": {"id": "osm:way:51430218", "type": "school", "name": "Elisabeth von Thüringen Realschule", "source": "OpenStreetMap/Overpass"}}, {"type": "Feature", "geometry": {"type": "Point", "coordinates": [6.9336006, 50.9269238]}, "properties": {"id": "osm:way:51549599", "type": "kindergarten", "name": "Universitätskindergarten", "source": "OpenStreetMap/Overpass"}}, {"type": "Feature", "geometry": {"type": "Point", "coordinates": [6.9162531, 50.9586057]}, "properties": {"id": "osm:way:51736073", "type": "school", "name": "Eichendorff-Realschule", "source": "OpenStreetMap/Overpass"}}, {"type": "Feature", "geometry": {"type": "Point", "coordinates": [6.9518221, 50.9554248]}, "properties": {"id": "osm:way:52395023", "type": "school", "name": "Freie Schule Köln und Nikolaus-Groß-Schule (katholische Grundschule)", "source": "OpenStreetMap/Overpass"}}, {"type": "Feature", "geometry": {"type": "Point", "coordinates": [7.0214448, 50.9417153]}, "properties": {"id": "osm:way:52459494", "type": "kindergarten", "name": "Kindertagesstätte", "source": "OpenStreetMap/Overpass"}}, {"type": "Feature", "geometry": {"type": "Point", "coordinates": [6.9591325, 50.9576503]}, "properties": {"id": "osm:way:53206976", "type": "kindergarten", "name": "Kindertagesstätte und Pfarrzentrum der Katholischen Kirchengemeinde St. Agnes", "source": "OpenStreetMap/Overpass"}}, {"type": "Feature", "geometry": {"type": "Point", "coordinates": [6.9548864, 50.9459175]}, "properties": {"id": "osm:way:53272962", "type": "kindergarten", "name": "Maria Montessori", "source": "OpenStreetMap/Overpass"}}, {"type": "Feature", "geometry": {"type": "Point", "coordinates": [6.9590563, 50.9575821]}, "properties": {"id": "osm:way:54055378", "type": "kindergarten", "name": "Katholische Jugend St. Agnes", "source": "OpenStreetMap/Overpass"}}, {"type": "Feature", "geometry": {"type": "Point", "coordinates": [6.8967602, 50.960693]}, "properties": {"id": "osm:way:54182566", "type": "kindergarten", "name": "FRÖBEL Kindergarten Kleine Könige", "source": "OpenStreetMap/Overpass"}}, {"type": "Feature", "geometry": {"type": "Point", "coordinates": [6.9486045, 50.9530228]}, "properties": {"id": "osm:way:56199016", "type": "school", "name": "Bilinguale Gesamtschule BilinGO Campus", "source": "OpenStreetMap/Overpass"}}, {"type": "Feature", "geometry": {"type": "Point", "coordinates": [6.9293082, 50.9234662]}, "properties": {"id": "osm:way:56752697", "type": "school", "name": "Elisabeth-von-Thüringen- / Schiller-Gymnasium", "source": "OpenStreetMap/Overpass"}}, {"type": "Feature", "geometry": {"type": "Point", "coordinates": [6.9329462, 50.9172411]}, "properties": {"id": "osm:way:56752699", "type": "school", "name": "Hildegard-von-Bingen-Gymnasium", "source": "OpenStreetMap/Overpass"}}, {"type": "Feature", "geometry": {"type": "Point", "coordinates": [6.9366166, 50.9457324]}, "properties": {"id": "osm:way:58412160", "type": "kindergarten", "name": "Katholische Kindertagesstätte St. Alban", "source": "OpenStreetMap/Overpass"}}, {"type": "Feature", "geometry": {"type": "Point", "coordinates": [6.9759145, 50.9645117]}, "properties": {"id": "osm:way:59227130", "type": "school", "name": "Montessori-Grundschule Außenstelle Stammheimer Straße", "source": "OpenStreetMap/Overpass"}}, {"type": "Feature", "geometry": {"type": "Point", "coordinates": [6.8981497, 51.0083006]}, "properties": {"id": "osm:way:60251943", "type": "school", "name": "", "source": "OpenStreetMap/Overpass"}}, {"type": "Feature", "geometry": {"type": "Point", "coordinates": [6.8981499, 51.0080308]}, "properties": {"id": "osm:way:60251946", "type": "school", "name": "", "source": "OpenStreetMap/Overpass"}}, {"type": "Feature", "geometry": {"type": "Point", "coordinates": [6.983512, 50.9354565]}, "properties": {"id": "osm:way:62020178", "type": "school", "name": "Nicolaus-August-Otto-Berufskolleg", "source": "OpenStreetMap/Overpass"}}, {"type": "Feature", "geometry": {"type": "Point", "coordinates": [6.9854227, 50.9348028]}, "properties": {"id": "osm:way:62020190", "type": "school", "name": "Hans-Böckler-Berufskolleg", "source": "OpenStreetMap/Overpass"}}, {"type": "Feature", "geometry": {"type": "Point", "coordinates": [6.9842343, 50.934523]}, "properties": {"id": "osm:way:62020202", "type": "school", "name": "Werner-von-Siemens-Berufskolleg", "source": "OpenStreetMap/Overpass"}}, {"type": "Feature", "geometry": {"type": "Point", "coordinates": [6.9569997, 50.9339277]}, "properties": {"id": "osm:way:63205757", "type": "school", "name": "Städtische Förderschule Marienplatz", "source": "OpenStreetMap/Overpass"}}, {"type": "Feature", "geometry": {"type": "Point", "coordinates": [6.9159888, 50.9272105]}, "properties": {"id": "osm:way:65167560", "type": "school", "name": "Johann-Christoph-Winters-Schule (Schule für Kranke)", "source": "OpenStreetMap/Overpass"}}, {"type": "Feature", "geometry": {"type": "Point", "coordinates": [6.9165159, 50.9271883]}, "properties": {"id": "osm:way:65167585", "type": "school", "name": "Johann-Christoph-Winters-Schule (Schule für Kranke)", "source": "OpenStreetMap/Overpass"}}, {"type": "Feature", "geometry": {"type": "Point", "coordinates": [6.942881, 50.9218318]}, "properties": {"id": "osm:way:65254765", "type": "kindergarten", "name": "Fröbel-Kindergarten Eifelstraße", "source": "OpenStreetMap/Overpass"}}, {"type": "Feature", "geometry": {"type": "Point", "coordinates": [6.9967333, 51.0473207]}, "properties": {"id": "osm:way:67356975", "type": "kindergarten", "name": "", "source": "OpenStreetMap/Overpass"}}, {"type": "Feature", "geometry": {"type": "Point", "coordinates": [7.048776, 50.9371478]}, "properties": {"id": "osm:way:68363850", "type": "kindergarten", "name": "RehaNova", "source": "OpenStreetMap/Overpass"}}, {"type": "Feature", "geometry": {"type": "Point", "coordinates": [7.076508, 50.9479514]}, "properties": {"id": "osm:way:69091668", "type": "school", "name": "Gemeinschaftsgrundschule Diesterwegstraße", "source": "OpenStreetMap/Overpass"}}, {"type": "Feature", "geometry": {"type": "Point", "coordinates": [7.0775239, 50.9475041]}, "properties": {"id": "osm:way:69091673", "type": "school", "name": "Käthe-Kollwitz-Schule (RS)", "source": "OpenStreetMap/Overpass"}}, {"type": "Feature", "geometry": {"type": "Point", "coordinates": [7.0614497, 50.9425077]}, "properties": {"id": "osm:way:69563708", "type": "kindergarten", "name": "Kindertagesstätte Anisweg", "source": "OpenStreetMap/Overpass"}}, {"type": "Feature", "geometry": {"type": "Point", "coordinates": [6.813797, 50.8957611]}, "properties": {"id": "osm:way:70017320", "type": "school", "name": "Mauritiusschule", "source": "OpenStreetMap/Overpass"}}, {"type": "Feature", "geometry": {"type": "Point", "coordinates": [7.0293357, 50.8969302]}, "properties": {"id": "osm:way:70780013", "type": "school", "name": "Städtische Gemeinschaftsgrundschule Porz-Ensen-Westhoven", "source": "OpenStreetMap/Overpass"}}, {"type": "Feature", "geometry": {"type": "Point", "coordinates": [6.9239425, 50.9508626]}, "properties": {"id": "osm:way:71046253", "type": "kindergarten", "name": "Körnerstraße", "source": "OpenStreetMap/Overpass"}}, {"type": "Feature", "geometry": {"type": "Point", "coordinates": [6.9095061, 50.8322142]}, "properties": {"id": "osm:way:71245009", "type": "kindergarten", "name": "Kindergarten Wilhelmstraße", "source": "OpenStreetMap/Overpass"}}, {"type": "Feature", "geometry": {"type": "Point", "coordinates": [6.9334392, 50.9329679]}, "properties": {"id": "osm:way:71396750", "type": "school", "name": "Berufskolleg an der Lindenstraße", "source": "OpenStreetMap/Overpass"}}, {"type": "Feature", "geometry": {"type": "Point", "coordinates": [6.9177045, 50.8315487]}, "properties": {"id": "osm:way:71444510", "type": "kindergarten", "name": "Integrative Tageseinrichtung \"An der alten Zuckerfabrik\"", "source": "OpenStreetMap/Overpass"}}, {"type": "Feature", "geometry": {"type": "Point", "coordinates": [6.9198866, 50.8302944]}, "properties": {"id": "osm:way:73848559", "type": "kindergarten", "name": "Kath. Kindertagesstätte St. Stephan", "source": "OpenStreetMap/Overpass"}}, {"type": "Feature", "geometry": {"type": "Point", "coordinates": [6.8918188, 50.9284889]}, "properties": {"id": "osm:way:74711217", "type": "kindergarten", "name": "Amares Naturkindergarten", "source": "OpenStreetMap/Overpass"}}, {"type": "Feature", "geometry": {"type": "Point", "coordinates": [6.7812615, 50.9791043]}, "properties": {"id": "osm:way:77006949", "type": "school", "name": "Gemeinschaftsgrundschule Sinthern Geyen", "source": "OpenStreetMap/Overpass"}}, {"type": "Feature", "geometry": {"type": "Point", "coordinates": [6.7820966, 50.9785363]}, "properties": {"id": "osm:way:77006961", "type": "kindergarten", "name": "Familienzentrum „Kleine Strolche“", "source": "OpenStreetMap/Overpass"}}, {"type": "Feature", "geometry": {"type": "Point", "coordinates": [6.8977702, 50.8451706]}, "properties": {"id": "osm:way:78080566", "type": "school", "name": "", "source": "OpenStreetMap/Overpass"}}, {"type": "Feature", "geometry": {"type": "Point", "coordinates": [6.9347428, 50.9643323]}, "properties": {"id": "osm:way:80344008", "type": "kindergarten", "name": "Nathanael", "source": "OpenStreetMap/Overpass"}}, {"type": "Feature", "geometry": {"type": "Point", "coordinates": [6.9496064, 50.9264854]}, "properties": {"id": "osm:way:80359448", "type": "school", "name": "Humboldt-Gymnasium", "source": "OpenStreetMap/Overpass"}}, {"type": "Feature", "geometry": {"type": "Point", "coordinates": [6.975523, 50.9655357]}, "properties": {"id": "osm:way:82106877", "type": "school", "name": "Otfried-Preußler-Schule", "source": "OpenStreetMap/Overpass"}}, {"type": "Feature", "geometry": {"type": "Point", "coordinates": [6.9143655, 50.9457161]}, "properties": {"id": "osm:way:82198335", "type": "school", "name": "Lindenborn Schule", "source": "OpenStreetMap/Overpass"}}, {"type": "Feature", "geometry": {"type": "Point", "coordinates": [6.9154391, 50.9354213]}, "properties": {"id": "osm:way:84075985", "type": "school", "name": "Kölner Domsingschule - Erzb. Grundschule für Jungen und Mädchen", "source": "OpenStreetMap/Overpass"}}, {"type": "Feature", "geometry": {"type": "Point", "coordinates": [7.0539874, 50.9310213]}, "properties": {"id": "osm:way:85511189", "type": "kindergarten", "name": "SKM-Familienzentrum Neubrück", "source": "OpenStreetMap/Overpass"}}, {"type": "Feature", "geometry": {"type": "Point", "coordinates": [6.9142909, 50.9457284]}, "properties": {"id": "osm:way:85550876", "type": "school", "name": "Katholische Grundschule Vincenz-Statz", "source": "OpenStreetMap/Overpass"}}, {"type": "Feature", "geometry": {"type": "Point", "coordinates": [6.9268963, 50.9400157]}, "properties": {"id": "osm:way:85810173", "type": "school", "name": "Gymnasium Kreuzgasse", "source": "OpenStreetMap/Overpass"}}, {"type": "Feature", "geometry": {"type": "Point", "coordinates": [6.8796196, 50.9553805]}, "properties": {"id": "osm:way:85819135", "type": "school", "name": "Kardinal-Frings-Schule", "source": "OpenStreetMap/Overpass"}}, {"type": "Feature", "geometry": {"type": "Point", "coordinates": [7.0574463, 50.9362257]}, "properties": {"id": "osm:way:86248761", "type": "kindergarten", "name": "Fröbel Kindergarten und Familienzentrum Jecke Pänz", "source": "OpenStreetMap/Overpass"}}, {"type": "Feature", "geometry": {"type": "Point", "coordinates": [7.0585099, 50.9349316]}, "properties": {"id": "osm:way:86925900", "type": "school", "name": "Kurt-Tucholsky-Hauptschule", "source": "OpenStreetMap/Overpass"}}, {"type": "Feature", "geometry": {"type": "Point", "coordinates": [7.0599301, 50.9343217]}, "properties": {"id": "osm:way:87975603", "type": "kindergarten", "name": "Katholische Kindertagesstätte An St. Adelheid 3", "source": "OpenStreetMap/Overpass"}}, {"type": "Feature", "geometry": {"type": "Point", "coordinates": [7.058535, 50.9355597]}, "properties": {"id": "osm:way:87975648", "type": "kindergarten", "name": "", "source": "OpenStreetMap/Overpass"}}, {"type": "Feature", "geometry": {"type": "Point", "coordinates": [7.0616677, 50.9377941]}, "properties": {"id": "osm:way:87975672", "type": "school", "name": "KGS Andreas-Hermes-Straße", "source": "OpenStreetMap/Overpass"}}, {"type": "Feature", "geometry": {"type": "Point", "coordinates": [6.9548459, 50.9332904]}, "properties": {"id": "osm:way:88680004", "type": "school", "name": "VHS Agrippastraße", "source": "OpenStreetMap/Overpass"}}, {"type": "Feature", "geometry": {"type": "Point", "coordinates": [6.95094, 50.9478845]}, "properties": {"id": "osm:way:89453120", "type": "school", "name": "Hansa-Gymnasium", "source": "OpenStreetMap/Overpass"}}, {"type": "Feature", "geometry": {"type": "Point", "coordinates": [6.98259, 51.0494112]}, "properties": {"id": "osm:way:90518652", "type": "kindergarten", "name": "GGS Im Steinfeld", "source": "OpenStreetMap/Overpass"}}, {"type": "Feature", "geometry": {"type": "Point", "coordinates": [6.9181807, 50.934278]}, "properties": {"id": "osm:way:91736175", "type": "school", "name": "Erzb. Liebfrauenschule Köln", "source": "OpenStreetMap/Overpass"}}, {"type": "Feature", "geometry": {"type": "Point", "coordinates": [7.05921, 51.0500127]}, "properties": {"id": "osm:way:92240541", "type": "school", "name": "", "source": "OpenStreetMap/Overpass"}}, {"type": "Feature", "geometry": {"type": "Point", "coordinates": [6.9182789, 50.9651975]}, "properties": {"id": "osm:way:92653933", "type": "school", "name": "Gemeinschaftshauptschule Baadenberger Straße", "source": "OpenStreetMap/Overpass"}}, {"type": "Feature", "geometry": {"type": "Point", "coordinates": [6.9186473, 50.9646072]}, "properties": {"id": "osm:way:92653946", "type": "school", "name": "Katholische Grundschule Baadenberger Straße", "source": "OpenStreetMap/Overpass"}}, {"type": "Feature", "geometry": {"type": "Point", "coordinates": [6.9956676, 51.0494458]}, "properties": {"id": "osm:way:95370510", "type": "school", "name": "Städt. Berufskolleg für Wirtschaft und Verwaltung", "source": "OpenStreetMap/Overpass"}}, {"type": "Feature", "geometry": {"type": "Point", "coordinates": [7.0292371, 50.9026144]}, "properties": {"id": "osm:way:95525103", "type": "kindergarten", "name": "Kindergarten Regenbogen-Pänz", "source": "OpenStreetMap/Overpass"}}, {"type": "Feature", "geometry": {"type": "Point", "coordinates": [7.1155295, 50.9835176]}, "properties": {"id": "osm:way:96249484", "type": "school", "name": "Gemeinschaftsgrundschule Gronau", "source": "OpenStreetMap/Overpass"}}, {"type": "Feature", "geometry": {"type": "Point", "coordinates": [7.0050641, 51.0649936]}, "properties": {"id": "osm:way:97004211", "type": "school", "name": "", "source": "OpenStreetMap/Overpass"}}, {"type": "Feature", "geometry": {"type": "Point", "coordinates": [7.1437445, 50.9779178]}, "properties": {"id": "osm:way:98323870", "type": "school", "name": "Dietrich-Bonhoeffer-Gymnasium", "source": "OpenStreetMap/Overpass"}}, {"type": "Feature", "geometry": {"type": "Point", "coordinates": [7.0231671, 50.9637541]}, "properties": {"id": "osm:way:100145611", "type": "kindergarten", "name": "Kindertagesstätte St. Theresia", "source": "OpenStreetMap/Overpass"}}, {"type": "Feature", "geometry": {"type": "Point", "coordinates": [6.9521114, 50.9257745]}, "properties": {"id": "osm:way:100270809", "type": "school", "name": "Berufskolleg Ulrepforte/Kartäuserwall", "source": "OpenStreetMap/Overpass"}}, {"type": "Feature", "geometry": {"type": "Point", "coordinates": [7.0931017, 50.9960986]}, "properties": {"id": "osm:way:102136059", "type": "kindergarten", "name": "DRK Kindergarten", "source": "OpenStreetMap/Overpass"}}, {"type": "Feature", "geometry": {"type": "Point", "coordinates": [7.0964002, 50.9977513]}, "properties": {"id": "osm:way:102136063", "type": "school", "name": "Integrierte Gesamtschule Paffrath", "source": "OpenStreetMap/Overpass"}}, {"type": "Feature", "geometry": {"type": "Point", "coordinates": [7.1011418, 50.9972316]}, "properties": {"id": "osm:way:102136448", "type": "kindergarten", "name": "Montessori Kinderhaus \"Rabauken\"", "source": "OpenStreetMap/Overpass"}}, {"type": "Feature", "geometry": {"type": "Point", "coordinates": [6.7929018, 50.9585888]}, "properties": {"id": "osm:way:102211687", "type": "school", "name": "Abtei-Gymnasium Brauweiler", "source": "OpenStreetMap/Overpass"}}, {"type": "Feature", "geometry": {"type": "Point", "coordinates": [7.0229557, 50.9368233]}, "properties": {"id": "osm:way:107820959", "type": "kindergarten", "name": "", "source": "OpenStreetMap/Overpass"}}, {"type": "Feature", "geometry": {"type": "Point", "coordinates": [6.9562721, 51.0527398]}, "properties": {"id": "osm:way:108188292", "type": "school", "name": "Käthe-Kollwitz-Schule", "source": "OpenStreetMap/Overpass"}}, {"type": "Feature", "geometry": {"type": "Point", "coordinates": [6.9641923, 50.9787144]}, "properties": {"id": "osm:way:109089878", "type": "kindergarten", "name": "Kath. Kindertagesstätte St. Christophorus", "source": "OpenStreetMap/Overpass"}}, {"type": "Feature", "geometry": {"type": "Point", "coordinates": [7.0563192, 50.8675785]}, "properties": {"id": "osm:way:114835396", "type": "school", "name": "Lessing-Gymnasium", "source": "OpenStreetMap/Overpass"}}, {"type": "Feature", "geometry": {"type": "Point", "coordinates": [7.0255386, 50.9306338]}, "properties": {"id": "osm:way:115379335", "type": "kindergarten", "name": "", "source": "OpenStreetMap/Overpass"}}, {"type": "Feature", "geometry": {"type": "Point", "coordinates": [7.0357434, 50.9351049]}, "properties": {"id": "osm:way:115613501", "type": "kindergarten", "name": "Kindertagesstätte Gernsheimer Straße", "source": "OpenStreetMap/Overpass"}}, {"type": "Feature", "geometry": {"type": "Point", "coordinates": [7.0179461, 50.9278635]}, "properties": {"id": "osm:way:115613522", "type": "kindergarten", "name": "Städtische Kindertageseinrichtung", "source": "OpenStreetMap/Overpass"}}, {"type": "Feature", "geometry": {"type": "Point", "coordinates": [7.1554227, 50.9603568]}, "properties": {"id": "osm:way:116178551", "type": "school", "name": "", "source": "OpenStreetMap/Overpass"}}, {"type": "Feature", "geometry": {"type": "Point", "coordinates": [7.1238567, 50.9578372]}, "properties": {"id": "osm:way:116506074", "type": "kindergarten", "name": "Evang. Kindergarten", "source": "OpenStreetMap/Overpass"}}, {"type": "Feature", "geometry": {"type": "Point", "coordinates": [7.0208647, 51.0325286]}, "properties": {"id": "osm:way:119749430", "type": "kindergarten", "name": "", "source": "OpenStreetMap/Overpass"}}, {"type": "Feature", "geometry": {"type": "Point", "coordinates": [6.916865, 50.9315761]}, "properties": {"id": "osm:way:121094858", "type": "school", "name": "Johann-Joseph-Gronewald-Schule", "source": "OpenStreetMap/Overpass"}}, {"type": "Feature", "geometry": {"type": "Point", "coordinates": [6.9158408, 50.9314059]}, "properties": {"id": "osm:way:121094861", "type": "school", "name": "Rheinische Schule für Hörgeschädigte", "source": "OpenStreetMap/Overpass"}}, {"type": "Feature", "geometry": {"type": "Point", "coordinates": [6.9570499, 50.9181454]}, "properties": {"id": "osm:way:121917230", "type": "school", "name": "Kath. Grundschule Zugweg", "source": "OpenStreetMap/Overpass"}}, {"type": "Feature", "geometry": {"type": "Point", "coordinates": [6.9012555, 50.8307789]}, "properties": {"id": "osm:way:121953786", "type": "kindergarten", "name": "Familienzentrum St. Margareta", "source": "OpenStreetMap/Overpass"}}, {"type": "Feature", "geometry": {"type": "Point", "coordinates": [6.9027077, 50.8312291]}, "properties": {"id": "osm:way:121953836", "type": "school", "name": "Sankt Franziskus Schule", "source": "OpenStreetMap/Overpass"}}, {"type": "Feature", "geometry": {"type": "Point", "coordinates": [6.9299777, 50.9105866]}, "properties": {"id": "osm:way:123504170", "type": "school", "name": "Gemeinschaftsgrundschule Stenzelbergstraße", "source": "OpenStreetMap/Overpass"}}, {"type": "Feature", "geometry": {"type": "Point", "coordinates": [7.1564746, 50.9608866]}, "properties": {"id": "osm:way:123520736", "type": "school", "name": "Albertus-Magnus-Gymnasium", "source": "OpenStreetMap/Overpass"}}, {"type": "Feature", "geometry": {"type": "Point", "coordinates": [7.1458496, 50.9823241]}, "properties": {"id": "osm:way:124467761", "type": "kindergarten", "name": "", "source": "OpenStreetMap/Overpass"}}, {"type": "Feature", "geometry": {"type": "Point", "coordinates": [7.134211, 50.9933577]}, "properties": {"id": "osm:way:124469421", "type": "school", "name": "Gemeinschaftsgrundschule an der Strunde", "source": "OpenStreetMap/Overpass"}}, {"type": "Feature", "geometry": {"type": "Point", "coordinates": [7.1013072, 50.9538583]}, "properties": {"id": "osm:way:127649435", "type": "school", "name": "Grundschule KGS In der Auen", "source": "OpenStreetMap/Overpass"}}, {"type": "Feature", "geometry": {"type": "Point", "coordinates": [7.1021148, 50.9555419]}, "properties": {"id": "osm:way:128395082", "type": "kindergarten", "name": "Integrative Kindertagesstätte St. Elisabeth", "source": "OpenStreetMap/Overpass"}}, {"type": "Feature", "geometry": {"type": "Point", "coordinates": [7.1370308, 50.9841659]}, "properties": {"id": "osm:way:129556750", "type": "school", "name": "", "source": "OpenStreetMap/Overpass"}}, {"type": "Feature", "geometry": {"type": "Point", "coordinates": [7.1351589, 50.9828463]}, "properties": {"id": "osm:way:129556751", "type": "school", "name": "", "source": "OpenStreetMap/Overpass"}}, {"type": "Feature", "geometry": {"type": "Point", "coordinates": [7.1460032, 50.9829237]}, "properties": {"id": "osm:way:129558455", "type": "school", "name": "Gemeinschafts Grundschule Heidkamp", "source": "OpenStreetMap/Overpass"}}, {"type": "Feature", "geometry": {"type": "Point", "coordinates": [7.1564814, 50.9891482]}, "properties": {"id": "osm:way:129558801", "type": "school", "name": "KGS Sand", "source": "OpenStreetMap/Overpass"}}, {"type": "Feature", "geometry": {"type": "Point", "coordinates": [6.9020122, 50.9223937]}, "properties": {"id": "osm:way:130076358", "type": "school", "name": "Gemeinschaftsgrundschule Freiligrathstraße", "source": "OpenStreetMap/Overpass"}}, {"type": "Feature", "geometry": {"type": "Point", "coordinates": [6.9760207, 50.9378881]}, "properties": {"id": "osm:way:131232570", "type": "school", "name": "Hans-Böckler-Berufskolleg", "source": "OpenStreetMap/Overpass"}}, {"type": "Feature", "geometry": {"type": "Point", "coordinates": [6.8163908, 50.9190414]}, "properties": {"id": "osm:way:132271314", "type": "school", "name": "Heinrich-Böll-Schule", "source": "OpenStreetMap/Overpass"}}, {"type": "Feature", "geometry": {"type": "Point", "coordinates": [6.9683491, 50.9047516]}, "properties": {"id": "osm:way:133111697", "type": "school", "name": "Erzbischöfliches Irmgardis-Gymnasium", "source": "OpenStreetMap/Overpass"}}, {"type": "Feature", "geometry": {"type": "Point", "coordinates": [6.9480582, 50.8310867]}, "properties": {"id": "osm:way:133373539", "type": "kindergarten", "name": "Katholische Kindertagesstätte Schmerzhafte Mutter", "source": "OpenStreetMap/Overpass"}}, {"type": "Feature", "geometry": {"type": "Point", "coordinates": [7.1011981, 50.8601703]}, "properties": {"id": "osm:way:134499365", "type": "kindergarten", "name": "Kath. Kindergarten", "source": "OpenStreetMap/Overpass"}}, {"type": "Feature", "geometry": {"type": "Point", "coordinates": [6.9516984, 50.9194449]}, "properties": {"id": "osm:way:134548778", "type": "school", "name": "GGS Loreleystraße Köln Südstadt", "source": "OpenStreetMap/Overpass"}}, {"type": "Feature", "geometry": {"type": "Point", "coordinates": [7.1018931, 50.8659522]}, "properties": {"id": "osm:way:135152818", "type": "kindergarten", "name": "Inklusive Kita Porz", "source": "OpenStreetMap/Overpass"}}, {"type": "Feature", "geometry": {"type": "Point", "coordinates": [7.0337617, 50.8802974]}, "properties": {"id": "osm:way:135162116", "type": "kindergarten", "name": "", "source": "OpenStreetMap/Overpass"}}, {"type": "Feature", "geometry": {"type": "Point", "coordinates": [6.7736721, 50.9344489]}, "properties": {"id": "osm:way:136190925", "type": "kindergarten", "name": "Kath. Kindertagesstätte St. Josef", "source": "OpenStreetMap/Overpass"}}, {"type": "Feature", "geometry": {"type": "Point", "coordinates": [7.0822994, 51.015429]}, "properties": {"id": "osm:way:137151630", "type": "kindergarten", "name": "Katholisches Familienzentrum Schildgen", "source": "OpenStreetMap/Overpass"}}, {"type": "Feature", "geometry": {"type": "Point", "coordinates": [6.7758759, 50.9338032]}, "properties": {"id": "osm:way:137382139", "type": "kindergarten", "name": "Inklusive Caritas-Kindertagesstätte St. Katharina", "source": "OpenStreetMap/Overpass"}}, {"type": "Feature", "geometry": {"type": "Point", "coordinates": [6.7940086, 50.9607426]}, "properties": {"id": "osm:way:138208364", "type": "school", "name": "LVR-Donatusschule", "source": "OpenStreetMap/Overpass"}}, {"type": "Feature", "geometry": {"type": "Point", "coordinates": [6.8136903, 50.8963988]}, "properties": {"id": "osm:way:142057161", "type": "kindergarten", "name": "Knöpfchenhaus", "source": "OpenStreetMap/Overpass"}}, {"type": "Feature", "geometry": {"type": "Point", "coordinates": [6.8852158, 50.8958794]}, "properties": {"id": "osm:way:142347423", "type": "kindergarten", "name": "Fröbel-KiTa \"Flinke Forscher\"", "source": "OpenStreetMap/Overpass"}}, {"type": "Feature", "geometry": {"type": "Point", "coordinates": [6.9403272, 50.9036904]}, "properties": {"id": "osm:way:143783513", "type": "kindergarten", "name": "KölnKitas gGmbH", "source": "OpenStreetMap/Overpass"}}, {"type": "Feature", "geometry": {"type": "Point", "coordinates": [6.99951, 51.0339265]}, "properties": {"id": "osm:way:144155911", "type": "kindergarten", "name": "", "source": "OpenStreetMap/Overpass"}}, {"type": "Feature", "geometry": {"type": "Point", "coordinates": [6.9345296, 51.041544]}, "properties": {"id": "osm:way:144597168", "type": "school", "name": "GGS Spörkelhof - Zweigstelle Amandusstraße", "source": "OpenStreetMap/Overpass"}}, {"type": "Feature", "geometry": {"type": "Point", "coordinates": [6.8855689, 50.8943834]}, "properties": {"id": "osm:way:145410520", "type": "kindergarten", "name": "Städt. integrative KiTa \"Löwenstein\"", "source": "OpenStreetMap/Overpass"}}, {"type": "Feature", "geometry": {"type": "Point", "coordinates": [7.0158577, 50.9568611]}, "properties": {"id": "osm:way:146109805", "type": "kindergarten", "name": "Kindertagesstätte St. Mauritius", "source": "OpenStreetMap/Overpass"}}, {"type": "Feature", "geometry": {"type": "Point", "coordinates": [6.8096247, 51.0761443]}, "properties": {"id": "osm:way:146537004", "type": "school", "name": "", "source": "OpenStreetMap/Overpass"}}, {"type": "Feature", "geometry": {"type": "Point", "coordinates": [6.8074446, 51.0641744]}, "properties": {"id": "osm:way:146545978", "type": "kindergarten", "name": "Städt. Kindergarten Hackenbroich", "source": "OpenStreetMap/Overpass"}}, {"type": "Feature", "geometry": {"type": "Point", "coordinates": [7.0394532, 50.8997294]}, "properties": {"id": "osm:way:147361618", "type": "kindergarten", "name": "Verein Leonorenkinder", "source": "OpenStreetMap/Overpass"}}, {"type": "Feature", "geometry": {"type": "Point", "coordinates": [6.8078829, 50.9198306]}, "properties": {"id": "osm:way:147915888", "type": "kindergarten", "name": "Kindertagesstätte Storchennest", "source": "OpenStreetMap/Overpass"}}, {"type": "Feature", "geometry": {"type": "Point", "coordinates": [7.0076113, 50.9584396]}, "properties": {"id": "osm:way:148241748", "type": "school", "name": "Realschule Lasallestraße", "source": "OpenStreetMap/Overpass"}}, {"type": "Feature", "geometry": {"type": "Point", "coordinates": [7.0325314, 50.8990814]}, "properties": {"id": "osm:way:150726447", "type": "kindergarten", "name": "", "source": "OpenStreetMap/Overpass"}}, {"type": "Feature", "geometry": {"type": "Point", "coordinates": [6.9959266, 50.915401]}, "properties": {"id": "osm:way:150943453", "type": "school", "name": "Förderschule \"Auf dem Sandberg\"", "source": "OpenStreetMap/Overpass"}}, {"type": "Feature", "geometry": {"type": "Point", "coordinates": [6.9960447, 50.9160287]}, "properties": {"id": "osm:way:150943455", "type": "school", "name": "Förderschule Auf dem Sandberg (FGE)", "source": "OpenStreetMap/Overpass"}}, {"type": "Feature", "geometry": {"type": "Point", "coordinates": [7.040121, 50.9638219]}, "properties": {"id": "osm:way:151227067", "type": "kindergarten", "name": "", "source": "OpenStreetMap/Overpass"}}, {"type": "Feature", "geometry": {"type": "Point", "coordinates": [7.1260666, 50.9791119]}, "properties": {"id": "osm:way:151298112", "type": "school", "name": "Nelson-Mandela-Gesamtschule", "source": "OpenStreetMap/Overpass"}}, {"type": "Feature", "geometry": {"type": "Point", "coordinates": [7.1369505, 50.9625765]}, "properties": {"id": "osm:way:151884270", "type": "school", "name": "Otto-Hahn-Schulzentrum", "source": "OpenStreetMap/Overpass"}}, {"type": "Feature", "geometry": {"type": "Point", "coordinates": [6.7856525, 50.9597088]}, "properties": {"id": "osm:way:152019877", "type": "school", "name": "Gemeinschaftsgrundschule Richeza", "source": "OpenStreetMap/Overpass"}}, {"type": "Feature", "geometry": {"type": "Point", "coordinates": [6.9170223, 51.063074]}, "properties": {"id": "osm:way:152243131", "type": "school", "name": "Hans-Christian-Andersen Grundschule", "source": "OpenStreetMap/Overpass"}}, {"type": "Feature", "geometry": {"type": "Point", "coordinates": [7.1110121, 50.9598772]}, "properties": {"id": "osm:way:152680553", "type": "school", "name": "Waldorfschule", "source": "OpenStreetMap/Overpass"}}, {"type": "Feature", "geometry": {"type": "Point", "coordinates": [7.1095661, 50.9608367]}, "properties": {"id": "osm:way:152680644", "type": "school", "name": "Wilhelm-Wagener-Schule", "source": "OpenStreetMap/Overpass"}}, {"type": "Feature", "geometry": {"type": "Point", "coordinates": [6.9016515, 50.8974444]}, "properties": {"id": "osm:way:152991641", "type": "kindergarten", "name": "KiTa der Elterninitiative Kinderhaus Efferen e.V.", "source": "OpenStreetMap/Overpass"}}, {"type": "Feature", "geometry": {"type": "Point", "coordinates": [7.0407067, 50.9699701]}, "properties": {"id": "osm:way:153321225", "type": "school", "name": "Kath. Grundschule Friedlandstraße", "source": "OpenStreetMap/Overpass"}}, {"type": "Feature", "geometry": {"type": "Point", "coordinates": [6.9280856, 50.9435567]}, "properties": {"id": "osm:way:153971460", "type": "school", "name": "Gemeinschaftsgrundschule Antwerpener Straße (Interim)", "source": "OpenStreetMap/Overpass"}}, {"type": "Feature", "geometry": {"type": "Point", "coordinates": [7.0924736, 50.9331922]}, "properties": {"id": "osm:way:155569793", "type": "kindergarten", "name": "Bauwagen Waldwichtel e.V.", "source": "OpenStreetMap/Overpass"}}, {"type": "Feature", "geometry": {"type": "Point", "coordinates": [7.0438348, 51.0662366]}, "properties": {"id": "osm:way:156539667", "type": "school", "name": "Werner-Heisenberg-Gymnasium", "source": "OpenStreetMap/Overpass"}}, {"type": "Feature", "geometry": {"type": "Point", "coordinates": [6.8172325, 51.023223]}, "properties": {"id": "osm:way:159372389", "type": "school", "name": "Horionschule", "source": "OpenStreetMap/Overpass"}}, {"type": "Feature", "geometry": {"type": "Point", "coordinates": [6.8147312, 51.0228896]}, "properties": {"id": "osm:way:159525989", "type": "kindergarten", "name": "Städtischer Kindergarten „Rappelkiste“", "source": "OpenStreetMap/Overpass"}}, {"type": "Feature", "geometry": {"type": "Point", "coordinates": [7.0221448, 50.8998928]}, "properties": {"id": "osm:way:159550102", "type": "school", "name": "Förderschule Berliner Straße", "source": "OpenStreetMap/Overpass"}}, {"type": "Feature", "geometry": {"type": "Point", "coordinates": [6.9283549, 50.9567633]}, "properties": {"id": "osm:way:159863199", "type": "school", "name": "Paul-Klee-Schule", "source": "OpenStreetMap/Overpass"}}, {"type": "Feature", "geometry": {"type": "Point", "coordinates": [6.9133093, 50.9172131]}, "properties": {"id": "osm:way:159923581", "type": "school", "name": "", "source": "OpenStreetMap/Overpass"}}, {"type": "Feature", "geometry": {"type": "Point", "coordinates": [7.0696486, 50.8976486]}, "properties": {"id": "osm:way:160733834", "type": "kindergarten", "name": "", "source": "OpenStreetMap/Overpass"}}, {"type": "Feature", "geometry": {"type": "Point", "coordinates": [7.0158642, 50.9005361]}, "properties": {"id": "osm:way:160801737", "type": "kindergarten", "name": "Städtischer Kindergarten Oberstraße", "source": "OpenStreetMap/Overpass"}}, {"type": "Feature", "geometry": {"type": "Point", "coordinates": [7.076256, 50.9727008]}, "properties": {"id": "osm:way:161883466", "type": "school", "name": "Gemeinschaftsgrundschule Dellbrücker Hauptstraße", "source": "OpenStreetMap/Overpass"}}, {"type": "Feature", "geometry": {"type": "Point", "coordinates": [6.9812819, 50.9270718]}, "properties": {"id": "osm:way:162242817", "type": "school", "name": "Köln-Kolleg", "source": "OpenStreetMap/Overpass"}}, {"type": "Feature", "geometry": {"type": "Point", "coordinates": [7.0016771, 50.9685578]}, "properties": {"id": "osm:way:162916962", "type": "school", "name": "Rhein-Gymnasium", "source": "OpenStreetMap/Overpass"}}, {"type": "Feature", "geometry": {"type": "Point", "coordinates": [6.9276097, 50.9579496]}, "properties": {"id": "osm:way:163400958", "type": "school", "name": "Albertus-Magnus-Gymnasium", "source": "OpenStreetMap/Overpass"}}, {"type": "Feature", "geometry": {"type": "Point", "coordinates": [6.9271592, 50.957888]}, "properties": {"id": "osm:way:163420862", "type": "school", "name": "Albertus-Magnus-Gymnaisu", "source": "OpenStreetMap/Overpass"}}, {"type": "Feature", "geometry": {"type": "Point", "coordinates": [7.0085405, 50.9796191]}, "properties": {"id": "osm:way:163637409", "type": "kindergarten", "name": "Kindertagesstätte", "source": "OpenStreetMap/Overpass"}}, {"type": "Feature", "geometry": {"type": "Point", "coordinates": [6.9575193, 50.970696]}, "properties": {"id": "osm:way:163990646", "type": "school", "name": "Provisorische Schulgebäude", "source": "OpenStreetMap/Overpass"}}, {"type": "Feature", "geometry": {"type": "Point", "coordinates": [7.0061748, 50.9748057]}, "properties": {"id": "osm:way:164043541", "type": "kindergarten", "name": "Mülheimer Rasselbande", "source": "OpenStreetMap/Overpass"}}, {"type": "Feature", "geometry": {"type": "Point", "coordinates": [7.0071398, 50.9729816]}, "properties": {"id": "osm:way:164182095", "type": "kindergarten", "name": "Bewegungskindergarten", "source": "OpenStreetMap/Overpass"}}, {"type": "Feature", "geometry": {"type": "Point", "coordinates": [7.0168273, 50.8378123]}, "properties": {"id": "osm:way:168408816", "type": "kindergarten", "name": "Städt. Tageseinrichtung", "source": "OpenStreetMap/Overpass"}}, {"type": "Feature", "geometry": {"type": "Point", "coordinates": [6.9872314, 50.9109002]}, "properties": {"id": "osm:way:169757965", "type": "kindergarten", "name": "Kinderparadies", "source": "OpenStreetMap/Overpass"}}, {"type": "Feature", "geometry": {"type": "Point", "coordinates": [7.0213602, 50.8356764]}, "properties": {"id": "osm:way:170188330", "type": "kindergarten", "name": "Städt. Kindergarten", "source": "OpenStreetMap/Overpass"}}, {"type": "Feature", "geometry": {"type": "Point", "coordinates": [7.0707491, 50.9857349]}, "properties": {"id": "osm:way:170675504", "type": "kindergarten", "name": "Dellbrücker Waldkäutzchen", "source": "OpenStreetMap/Overpass"}}, {"type": "Feature", "geometry": {"type": "Point", "coordinates": [7.1191454, 50.8547551]}, "properties": {"id": "osm:way:171880396", "type": "kindergarten", "name": "", "source": "OpenStreetMap/Overpass"}}, {"type": "Feature", "geometry": {"type": "Point", "coordinates": [7.0196202, 50.8332411]}, "properties": {"id": "osm:way:173233188", "type": "kindergarten", "name": "Städtische Tageseinrichtung für Kinder Zündorfer Weg", "source": "OpenStreetMap/Overpass"}}, {"type": "Feature", "geometry": {"type": "Point", "coordinates": [6.9920292, 50.9120348]}, "properties": {"id": "osm:way:174406833", "type": "school", "name": "Gemeinschaftsgrundschule Poller Hauptstraße", "source": "OpenStreetMap/Overpass"}}, {"type": "Feature", "geometry": {"type": "Point", "coordinates": [7.0087333, 50.9692759]}, "properties": {"id": "osm:way:175594104", "type": "school", "name": "Gemeinschaftsgrundschule Langemaß", "source": "OpenStreetMap/Overpass"}}, {"type": "Feature", "geometry": {"type": "Point", "coordinates": [6.872244, 50.8361953]}, "properties": {"id": "osm:way:175769441", "type": "school", "name": "Maria-Montessori-Schule", "source": "OpenStreetMap/Overpass"}}, {"type": "Feature", "geometry": {"type": "Point", "coordinates": [7.0336865, 50.8350511]}, "properties": {"id": "osm:way:184113158", "type": "kindergarten", "name": "Städt. Familienzentrum", "source": "OpenStreetMap/Overpass"}}, {"type": "Feature", "geometry": {"type": "Point", "coordinates": [7.0347643, 50.8335322]}, "properties": {"id": "osm:way:185574701", "type": "kindergarten", "name": "Kath. Kindergarten St. Ägidius", "source": "OpenStreetMap/Overpass"}}, {"type": "Feature", "geometry": {"type": "Point", "coordinates": [6.9052941, 50.8331207]}, "properties": {"id": "osm:way:186908295", "type": "school", "name": "Pestalozzischule", "source": "OpenStreetMap/Overpass"}}, {"type": "Feature", "geometry": {"type": "Point", "coordinates": [7.0033618, 51.071916]}, "properties": {"id": "osm:way:189166013", "type": "school", "name": "Remigiusschule", "source": "OpenStreetMap/Overpass"}}, {"type": "Feature", "geometry": {"type": "Point", "coordinates": [7.0018047, 51.0736074]}, "properties": {"id": "osm:way:189166014", "type": "school", "name": "Brüder-Grimm-Schule", "source": "OpenStreetMap/Overpass"}}, {"type": "Feature", "geometry": {"type": "Point", "coordinates": [6.9999996, 50.9617166]}, "properties": {"id": "osm:way:191828033", "type": "kindergarten", "name": "Kindertagesstätte", "source": "OpenStreetMap/Overpass"}}, {"type": "Feature", "geometry": {"type": "Point", "coordinates": [6.9602749, 50.9619836]}, "properties": {"id": "osm:way:192997720", "type": "kindergarten", "name": "Kindertageseinrichtung Beuelsweg 17", "source": "OpenStreetMap/Overpass"}}, {"type": "Feature", "geometry": {"type": "Point", "coordinates": [6.9603864, 50.9616243]}, "properties": {"id": "osm:way:193168171", "type": "kindergarten", "name": "Kindertageseinrichtung Montessori-Kinderhaus", "source": "OpenStreetMap/Overpass"}}, {"type": "Feature", "geometry": {"type": "Point", "coordinates": [6.982407, 50.9310901]}, "properties": {"id": "osm:way:193786420", "type": "kindergarten", "name": "Kita Gebrüder-Coblenz-Straße", "source": "OpenStreetMap/Overpass"}}, {"type": "Feature", "geometry": {"type": "Point", "coordinates": [7.117322, 50.95869]}, "properties": {"id": "osm:way:197804976", "type": "kindergarten", "name": "Kindertagesstätte St. Johann Baptist", "source": "OpenStreetMap/Overpass"}}, {"type": "Feature", "geometry": {"type": "Point", "coordinates": [7.0165078, 50.9282589]}, "properties": {"id": "osm:way:198725573", "type": "kindergarten", "name": "", "source": "OpenStreetMap/Overpass"}}, {"type": "Feature", "geometry": {"type": "Point", "coordinates": [6.9288437, 50.9668975]}, "properties": {"id": "osm:way:198726457", "type": "school", "name": "Dreikönigsgymnasium", "source": "OpenStreetMap/Overpass"}}, {"type": "Feature", "geometry": {"type": "Point", "coordinates": [6.9321041, 50.9685833]}, "properties": {"id": "osm:way:198726462", "type": "school", "name": "Hauptschule Reutlinger Straße", "source": "OpenStreetMap/Overpass"}}, {"type": "Feature", "geometry": {"type": "Point", "coordinates": [6.9288906, 50.9717846]}, "properties": {"id": "osm:way:198726463", "type": "kindergarten", "name": "KiTA St. Franziskus", "source": "OpenStreetMap/Overpass"}}, {"type": "Feature", "geometry": {"type": "Point", "coordinates": [6.9290434, 50.9705691]}, "properties": {"id": "osm:way:198726469", "type": "school", "name": "Lukasschule", "source": "OpenStreetMap/Overpass"}}, {"type": "Feature", "geometry": {"type": "Point", "coordinates": [6.9298098, 50.9677298]}, "properties": {"id": "osm:way:198926366", "type": "kindergarten", "name": "Kindertagesstätte SandkastenFeger", "source": "OpenStreetMap/Overpass"}}, {"type": "Feature", "geometry": {"type": "Point", "coordinates": [6.9427163, 50.9673383]}, "properties": {"id": "osm:way:199169064", "type": "kindergarten", "name": "Rotznasen / Kleine Pänz", "source": "OpenStreetMap/Overpass"}}, {"type": "Feature", "geometry": {"type": "Point", "coordinates": [6.9375872, 50.9585646]}, "properties": {"id": "osm:way:199599506", "type": "school", "name": "Städtische Katholische Grundschule Osterather Straße", "source": "OpenStreetMap/Overpass"}}, {"type": "Feature", "geometry": {"type": "Point", "coordinates": [7.0536255, 50.8890095]}, "properties": {"id": "osm:way:200242957", "type": "kindergarten", "name": "Städtische Kindertageseinrichtung Dülkenstraße", "source": "OpenStreetMap/Overpass"}}, {"type": "Feature", "geometry": {"type": "Point", "coordinates": [6.9183894, 50.9462205]}, "properties": {"id": "osm:way:200300224", "type": "kindergarten", "name": "Städtischer Kindergarten Vogelsanger Straße", "source": "OpenStreetMap/Overpass"}}, {"type": "Feature", "geometry": {"type": "Point", "coordinates": [6.9655092, 50.9081987]}, "properties": {"id": "osm:way:201496779", "type": "kindergarten", "name": "Kindertagesstätte Mathiaskirchplatz", "source": "OpenStreetMap/Overpass"}}, {"type": "Feature", "geometry": {"type": "Point", "coordinates": [6.8384655, 50.963367]}, "properties": {"id": "osm:way:202126271", "type": "school", "name": "Vincerola International Montessori Day Nursery and Preschool Köln", "source": "OpenStreetMap/Overpass"}}, {"type": "Feature", "geometry": {"type": "Point", "coordinates": [6.8392746, 50.9636754]}, "properties": {"id": "osm:way:202126272", "type": "school", "name": "Gymnasium Neue Sandkaul", "source": "OpenStreetMap/Overpass"}}, {"type": "Feature", "geometry": {"type": "Point", "coordinates": [6.8414932, 50.9690862]}, "properties": {"id": "osm:way:202127176", "type": "kindergarten", "name": "Kita Indianapolisstraße", "source": "OpenStreetMap/Overpass"}}, {"type": "Feature", "geometry": {"type": "Point", "coordinates": [7.0568411, 50.8869189]}, "properties": {"id": "osm:way:202882322", "type": "school", "name": "Berufskolleg Köln-Porz", "source": "OpenStreetMap/Overpass"}}, {"type": "Feature", "geometry": {"type": "Point", "coordinates": [6.8808279, 50.9409799]}, "properties": {"id": "osm:way:207571746", "type": "kindergarten", "name": "KiTa Kirchenhof", "source": "OpenStreetMap/Overpass"}}, {"type": "Feature", "geometry": {"type": "Point", "coordinates": [6.8803403, 50.9423302]}, "properties": {"id": "osm:way:207571809", "type": "kindergarten", "name": "", "source": "OpenStreetMap/Overpass"}}, {"type": "Feature", "geometry": {"type": "Point", "coordinates": [6.8561867, 50.9350717]}, "properties": {"id": "osm:way:210354608", "type": "kindergarten", "name": "", "source": "OpenStreetMap/Overpass"}}, {"type": "Feature", "geometry": {"type": "Point", "coordinates": [7.0570233, 50.9027499]}, "properties": {"id": "osm:way:210544161", "type": "kindergarten", "name": "Städtische Kindertageseinrichtung Frankenplatz", "source": "OpenStreetMap/Overpass"}}, {"type": "Feature", "geometry": {"type": "Point", "coordinates": [6.8283368, 50.9378255]}, "properties": {"id": "osm:way:211263339", "type": "school", "name": "Grundschule Clarenhof", "source": "OpenStreetMap/Overpass"}}, {"type": "Feature", "geometry": {"type": "Point", "coordinates": [6.916436, 50.9143509]}, "properties": {"id": "osm:way:211266783", "type": "kindergarten", "name": "Sülzbande e.V.", "source": "OpenStreetMap/Overpass"}}, {"type": "Feature", "geometry": {"type": "Point", "coordinates": [6.8592394, 50.9382102]}, "properties": {"id": "osm:way:211299029", "type": "kindergarten", "name": "Tree House Swans", "source": "OpenStreetMap/Overpass"}}, {"type": "Feature", "geometry": {"type": "Point", "coordinates": [6.9598389, 50.9465747]}, "properties": {"id": "osm:way:211448837", "type": "school", "name": "Ursulinen Realschule für Mädchen und Jungen", "source": "OpenStreetMap/Overpass"}}, {"type": "Feature", "geometry": {"type": "Point", "coordinates": [6.8157141, 51.0585645]}, "properties": {"id": "osm:way:211970543", "type": "school", "name": "Schule am Chorbusch", "source": "OpenStreetMap/Overpass"}}, {"type": "Feature", "geometry": {"type": "Point", "coordinates": [6.9441225, 50.9638725]}, "properties": {"id": "osm:way:214199022", "type": "kindergarten", "name": "Kita Nippes \"Alte Kantine Lummerland\"", "source": "OpenStreetMap/Overpass"}}, {"type": "Feature", "geometry": {"type": "Point", "coordinates": [6.9132128, 50.9682725]}, "properties": {"id": "osm:way:214332060", "type": "kindergarten", "name": "Städtische Kindertageseinrichtung Peter- Röser- Straße", "source": "OpenStreetMap/Overpass"}}, {"type": "Feature", "geometry": {"type": "Point", "coordinates": [6.94809, 50.8766351]}, "properties": {"id": "osm:way:215655107", "type": "school", "name": "St. George's The British International School", "source": "OpenStreetMap/Overpass"}}, {"type": "Feature", "geometry": {"type": "Point", "coordinates": [7.1043656, 50.9993503]}, "properties": {"id": "osm:way:216194751", "type": "kindergarten", "name": "Katholische Kindertagesstätte St. Clemens", "source": "OpenStreetMap/Overpass"}}, {"type": "Feature", "geometry": {"type": "Point", "coordinates": [6.9639883, 50.8767077]}, "properties": {"id": "osm:way:216489991", "type": "school", "name": "Anne-Frank-Schule", "source": "OpenStreetMap/Overpass"}}, {"type": "Feature", "geometry": {"type": "Point", "coordinates": [6.9545607, 50.8686411]}, "properties": {"id": "osm:way:216490045", "type": "kindergarten", "name": "Städtische Kindertageseinrichtung Rondorfer Hauptstraße", "source": "OpenStreetMap/Overpass"}}, {"type": "Feature", "geometry": {"type": "Point", "coordinates": [6.9563467, 50.8768377]}, "properties": {"id": "osm:way:216490049", "type": "kindergarten", "name": "Hl. Drei Könige Kindergarten", "source": "OpenStreetMap/Overpass"}}, {"type": "Feature", "geometry": {"type": "Point", "coordinates": [6.9321704, 50.8595974]}, "properties": {"id": "osm:way:216585359", "type": "school", "name": "Gemeinschaftsgrundschule IM Süden", "source": "OpenStreetMap/Overpass"}}, {"type": "Feature", "geometry": {"type": "Point", "coordinates": [6.9246109, 50.8592414]}, "properties": {"id": "osm:way:216600379", "type": "kindergarten", "name": "", "source": "OpenStreetMap/Overpass"}}, {"type": "Feature", "geometry": {"type": "Point", "coordinates": [6.8398557, 50.9476945]}, "properties": {"id": "osm:way:218586962", "type": "school", "name": "Sieben Brücken Schule", "source": "OpenStreetMap/Overpass"}}, {"type": "Feature", "geometry": {"type": "Point", "coordinates": [6.9505716, 50.9229645]}, "properties": {"id": "osm:way:218601848", "type": "school", "name": "Schule des theaters", "source": "OpenStreetMap/Overpass"}}, {"type": "Feature", "geometry": {"type": "Point", "coordinates": [6.9485599, 50.9248704]}, "properties": {"id": "osm:way:219135573", "type": "school", "name": "bm - gesellschaft für bildung in medienberufen", "source": "OpenStreetMap/Overpass"}}, {"type": "Feature", "geometry": {"type": "Point", "coordinates": [6.9487503, 50.9250241]}, "properties": {"id": "osm:way:219135580", "type": "school", "name": "", "source": "OpenStreetMap/Overpass"}}, {"type": "Feature", "geometry": {"type": "Point", "coordinates": [6.946713, 50.9660325]}, "properties": {"id": "osm:way:222776693", "type": "school", "name": "Louise-von-Marillac-Schule", "source": "OpenStreetMap/Overpass"}}, {"type": "Feature", "geometry": {"type": "Point", "coordinates": [7.0627834, 50.9014176]}, "properties": {"id": "osm:way:223234105", "type": "school", "name": "", "source": "OpenStreetMap/Overpass"}}, {"type": "Feature", "geometry": {"type": "Point", "coordinates": [6.8781536, 50.9507004]}, "properties": {"id": "osm:way:223388192", "type": "school", "name": "Aktive Schule (GGS)", "source": "OpenStreetMap/Overpass"}}, {"type": "Feature", "geometry": {"type": "Point", "coordinates": [6.965511, 50.9216536]}, "properties": {"id": "osm:way:225308884", "type": "kindergarten", "name": "", "source": "OpenStreetMap/Overpass"}}, {"type": "Feature", "geometry": {"type": "Point", "coordinates": [6.962587, 50.915802]}, "properties": {"id": "osm:way:225330008", "type": "kindergarten", "name": "Kita Kyllstraße", "source": "OpenStreetMap/Overpass"}}, {"type": "Feature", "geometry": {"type": "Point", "coordinates": [6.9655563, 50.9165989]}, "properties": {"id": "osm:way:225330075", "type": "kindergarten", "name": "Städt. Kindergarten Oberländer Wall", "source": "OpenStreetMap/Overpass"}}, {"type": "Feature", "geometry": {"type": "Point", "coordinates": [6.9656552, 50.9162238]}, "properties": {"id": "osm:way:225330078", "type": "kindergarten", "name": "Kita Birkenbäumchen e.V.", "source": "OpenStreetMap/Overpass"}}, {"type": "Feature", "geometry": {"type": "Point", "coordinates": [6.8847284, 51.022486]}, "properties": {"id": "osm:way:225820938", "type": "kindergarten", "name": "Städtische Kindertageseinrichtung Regenboldstraße", "source": "OpenStreetMap/Overpass"}}, {"type": "Feature", "geometry": {"type": "Point", "coordinates": [6.9341753, 50.9182866]}, "properties": {"id": "osm:way:225956751", "type": "kindergarten", "name": "Kindertageseinrichtung Düstemichstraße 3", "source": "OpenStreetMap/Overpass"}}, {"type": "Feature", "geometry": {"type": "Point", "coordinates": [7.0485958, 50.8941156]}, "properties": {"id": "osm:way:227551122", "type": "kindergarten", "name": "Städtischer Kindergarten Urbacher Weg", "source": "OpenStreetMap/Overpass"}}, {"type": "Feature", "geometry": {"type": "Point", "coordinates": [7.0081878, 50.8682786]}, "properties": {"id": "osm:way:229434955", "type": "kindergarten", "name": "Kita Elfenland", "source": "OpenStreetMap/Overpass"}}, {"type": "Feature", "geometry": {"type": "Point", "coordinates": [7.0128862, 50.8661714]}, "properties": {"id": "osm:way:229434956", "type": "school", "name": "Brüder-Grimm-Gemeinschaftsgrundschule", "source": "OpenStreetMap/Overpass"}}, {"type": "Feature", "geometry": {"type": "Point", "coordinates": [7.0058594, 50.8757301]}, "properties": {"id": "osm:way:229502596", "type": "school", "name": "Gesamtschule Rodenkirchen", "source": "OpenStreetMap/Overpass"}}, {"type": "Feature", "geometry": {"type": "Point", "coordinates": [7.0262424, 50.8743215]}, "properties": {"id": "osm:way:229553317", "type": "school", "name": "Albert-Schweitzer-Gemeinschaftsgrundschule Weiß", "source": "OpenStreetMap/Overpass"}}, {"type": "Feature", "geometry": {"type": "Point", "coordinates": [6.8904933, 51.0039174]}, "properties": {"id": "osm:way:229645954", "type": "kindergarten", "name": "", "source": "OpenStreetMap/Overpass"}}, {"type": "Feature", "geometry": {"type": "Point", "coordinates": [6.9991642, 50.8875055]}, "properties": {"id": "osm:way:230087446", "type": "school", "name": "Gymnasium Rodenkirchen", "source": "OpenStreetMap/Overpass"}}, {"type": "Feature", "geometry": {"type": "Point", "coordinates": [7.0029796, 50.8839567]}, "properties": {"id": "osm:way:230087521", "type": "school", "name": "", "source": "OpenStreetMap/Overpass"}}, {"type": "Feature", "geometry": {"type": "Point", "coordinates": [6.8981942, 51.0085555]}, "properties": {"id": "osm:way:230444189", "type": "school", "name": "", "source": "OpenStreetMap/Overpass"}}, {"type": "Feature", "geometry": {"type": "Point", "coordinates": [6.8986528, 51.0083039]}, "properties": {"id": "osm:way:230444190", "type": "school", "name": "", "source": "OpenStreetMap/Overpass"}}, {"type": "Feature", "geometry": {"type": "Point", "coordinates": [6.8990596, 51.0084305]}, "properties": {"id": "osm:way:230444194", "type": "school", "name": "Ursula-Kuhr-Gemeinschaftshauptschule", "source": "OpenStreetMap/Overpass"}}, {"type": "Feature", "geometry": {"type": "Point", "coordinates": [7.0816659, 50.8949879]}, "properties": {"id": "osm:way:231734608", "type": "kindergarten", "name": "Sankt Rochus", "source": "OpenStreetMap/Overpass"}}, {"type": "Feature", "geometry": {"type": "Point", "coordinates": [7.0681905, 50.8875368]}, "properties": {"id": "osm:way:231776779", "type": "school", "name": "Max-Planck-Realschule", "source": "OpenStreetMap/Overpass"}}, {"type": "Feature", "geometry": {"type": "Point", "coordinates": [7.0697842, 50.8878797]}, "properties": {"id": "osm:way:231776780", "type": "school", "name": "Don-Bosco-Schule (GGS)", "source": "OpenStreetMap/Overpass"}}, {"type": "Feature", "geometry": {"type": "Point", "coordinates": [6.8800795, 50.8819537]}, "properties": {"id": "osm:way:232528651", "type": "kindergarten", "name": "Kath. Familienzentrum St. Severin", "source": "OpenStreetMap/Overpass"}}, {"type": "Feature", "geometry": {"type": "Point", "coordinates": [6.8823733, 50.876373]}, "properties": {"id": "osm:way:232576957", "type": "kindergarten", "name": "KiTa der Elterninitiative \"Für uns Pänz in Alt-Hürth\" e.V.", "source": "OpenStreetMap/Overpass"}}, {"type": "Feature", "geometry": {"type": "Point", "coordinates": [6.8677036, 50.8699515]}, "properties": {"id": "osm:way:232584868", "type": "kindergarten", "name": "Kath. Familienzentrum St. Katharina", "source": "OpenStreetMap/Overpass"}}, {"type": "Feature", "geometry": {"type": "Point", "coordinates": [6.8133414, 50.8719023]}, "properties": {"id": "osm:way:232588079", "type": "school", "name": "Wendelinusschule Katholische Grundschule", "source": "OpenStreetMap/Overpass"}}, {"type": "Feature", "geometry": {"type": "Point", "coordinates": [6.8135626, 50.87245]}, "properties": {"id": "osm:way:232588081", "type": "kindergarten", "name": "Städtische KiTa \"Kunterbunt\"", "source": "OpenStreetMap/Overpass"}}, {"type": "Feature", "geometry": {"type": "Point", "coordinates": [6.8884337, 50.8878796]}, "properties": {"id": "osm:way:232608368", "type": "school", "name": "Friedrich-Ebert-Realschule", "source": "OpenStreetMap/Overpass"}}, {"type": "Feature", "geometry": {"type": "Point", "coordinates": [6.878193, 50.8807897]}, "properties": {"id": "osm:way:232608369", "type": "school", "name": "Ernst-Mach-Gymnasium", "source": "OpenStreetMap/Overpass"}}, {"type": "Feature", "geometry": {"type": "Point", "coordinates": [6.8839119, 50.8801493]}, "properties": {"id": "osm:way:232608377", "type": "school", "name": "Gemeinschaftsgrundschule im Zentrum von Hürth", "source": "OpenStreetMap/Overpass"}}, {"type": "Feature", "geometry": {"type": "Point", "coordinates": [6.8143819, 50.8721709]}, "properties": {"id": "osm:way:232617842", "type": "kindergarten", "name": "KiTa \"Mini Pänz\"", "source": "OpenStreetMap/Overpass"}}, {"type": "Feature", "geometry": {"type": "Point", "coordinates": [6.8871811, 50.8639204]}, "properties": {"id": "osm:way:232632034", "type": "kindergarten", "name": "Städt. Familienzentrum \"Burgwichtel\"", "source": "OpenStreetMap/Overpass"}}, {"type": "Feature", "geometry": {"type": "Point", "coordinates": [6.8895872, 50.8551764]}, "properties": {"id": "osm:way:232632035", "type": "kindergarten", "name": "Städtische KiTa \"Sonnenland\"", "source": "OpenStreetMap/Overpass"}}, {"type": "Feature", "geometry": {"type": "Point", "coordinates": [6.8976331, 50.859404]}, "properties": {"id": "osm:way:232632036", "type": "kindergarten", "name": "Kath. integratives Familienzentrum St. Martinus", "source": "OpenStreetMap/Overpass"}}, {"type": "Feature", "geometry": {"type": "Point", "coordinates": [6.867292, 50.8802148]}, "properties": {"id": "osm:way:232635972", "type": "kindergarten", "name": "Städt. KiTa \"Bärenhöhle\"", "source": "OpenStreetMap/Overpass"}}, {"type": "Feature", "geometry": {"type": "Point", "coordinates": [6.7977174, 50.9061695]}, "properties": {"id": "osm:way:232641845", "type": "school", "name": "GGS Lindenschule Frechen", "source": "OpenStreetMap/Overpass"}}, {"type": "Feature", "geometry": {"type": "Point", "coordinates": [6.8019456, 50.9257056]}, "properties": {"id": "osm:way:232644672", "type": "school", "name": "Edith-Stein-Schule", "source": "OpenStreetMap/Overpass"}}, {"type": "Feature", "geometry": {"type": "Point", "coordinates": [6.8012911, 50.9263107]}, "properties": {"id": "osm:way:232644673", "type": "kindergarten", "name": "", "source": "OpenStreetMap/Overpass"}}, {"type": "Feature", "geometry": {"type": "Point", "coordinates": [6.8096486, 50.9020127]}, "properties": {"id": "osm:way:232645103", "type": "school", "name": "Ganztagshauptschule Herbertskaul", "source": "OpenStreetMap/Overpass"}}, {"type": "Feature", "geometry": {"type": "Point", "coordinates": [6.8116193, 50.9016938]}, "properties": {"id": "osm:way:232645304", "type": "kindergarten", "name": "Kindertagesstätte Regenbogen", "source": "OpenStreetMap/Overpass"}}, {"type": "Feature", "geometry": {"type": "Point", "coordinates": [6.8122362, 50.9183317]}, "properties": {"id": "osm:way:232701164", "type": "kindergarten", "name": "Katholische integrative Kita St. Maria Königin", "source": "OpenStreetMap/Overpass"}}, {"type": "Feature", "geometry": {"type": "Point", "coordinates": [6.7966518, 50.9276916]}, "properties": {"id": "osm:way:232701166", "type": "kindergarten", "name": "Heilpäd. Kindergarten der Lebenshilfe", "source": "OpenStreetMap/Overpass"}}, {"type": "Feature", "geometry": {"type": "Point", "coordinates": [6.8017294, 50.9098225]}, "properties": {"id": "osm:way:232701168", "type": "kindergarten", "name": "Evang. Kindertagesstätte Löwenherz", "source": "OpenStreetMap/Overpass"}}, {"type": "Feature", "geometry": {"type": "Point", "coordinates": [7.0043248, 50.939803]}, "properties": {"id": "osm:way:235286817", "type": "school", "name": "Grüneberg-Schule", "source": "OpenStreetMap/Overpass"}}, {"type": "Feature", "geometry": {"type": "Point", "coordinates": [6.9062509, 50.9977319]}, "properties": {"id": "osm:way:235737128", "type": "kindergarten", "name": "Kindergarten an St.Dionysius", "source": "OpenStreetMap/Overpass"}}, {"type": "Feature", "geometry": {"type": "Point", "coordinates": [6.8230859, 50.90656]}, "properties": {"id": "osm:way:237391623", "type": "school", "name": "CJD Berufsbildungswerk Frechen", "source": "OpenStreetMap/Overpass"}}, {"type": "Feature", "geometry": {"type": "Point", "coordinates": [7.0902787, 50.925737]}, "properties": {"id": "osm:way:240360988", "type": "school", "name": "Gemeinschafts-Grundschule Volberger Weg", "source": "OpenStreetMap/Overpass"}}, {"type": "Feature", "geometry": {"type": "Point", "coordinates": [7.0658664, 50.8963464]}, "properties": {"id": "osm:way:240776518", "type": "school", "name": "GGS Konrad-Adenauer-Straße", "source": "OpenStreetMap/Overpass"}}, {"type": "Feature", "geometry": {"type": "Point", "coordinates": [7.0646549, 50.8959953]}, "properties": {"id": "osm:way:240776531", "type": "kindergarten", "name": "", "source": "OpenStreetMap/Overpass"}}, {"type": "Feature", "geometry": {"type": "Point", "coordinates": [7.0637438, 50.8994842]}, "properties": {"id": "osm:way:240793069", "type": "school", "name": "Lise-Meitner-Gesamtschule", "source": "OpenStreetMap/Overpass"}}, {"type": "Feature", "geometry": {"type": "Point", "coordinates": [7.0610814, 50.9000396]}, "properties": {"id": "osm:way:240793074", "type": "kindergarten", "name": "Städtische Kindertageseinrichtung", "source": "OpenStreetMap/Overpass"}}, {"type": "Feature", "geometry": {"type": "Point", "coordinates": [6.9924179, 50.9123447]}, "properties": {"id": "osm:way:241491755", "type": "school", "name": "Gemeinschaftsgrundschule Poller Hauptstraße", "source": "OpenStreetMap/Overpass"}}, {"type": "Feature", "geometry": {"type": "Point", "coordinates": [7.1020534, 50.86495]}, "properties": {"id": "osm:way:241494755", "type": "school", "name": "Pestalozzischule", "source": "OpenStreetMap/Overpass"}}, {"type": "Feature", "geometry": {"type": "Point", "coordinates": [7.0461434, 50.8659854]}, "properties": {"id": "osm:way:241512863", "type": "school", "name": "Gemeinschaftsgrundschule Schmittgasse", "source": "OpenStreetMap/Overpass"}}, {"type": "Feature", "geometry": {"type": "Point", "coordinates": [6.9185408, 50.9326669]}, "properties": {"id": "osm:way:241687379", "type": "school", "name": "Fachschule des Möbelhandels", "source": "OpenStreetMap/Overpass"}}, {"type": "Feature", "geometry": {"type": "Point", "coordinates": [7.0733401, 50.885825]}, "properties": {"id": "osm:way:241745811", "type": "kindergarten", "name": "", "source": "OpenStreetMap/Overpass"}}, {"type": "Feature", "geometry": {"type": "Point", "coordinates": [6.9368664, 50.9404629]}, "properties": {"id": "osm:way:243684563", "type": "school", "name": "VHS Antwerpener Straße", "source": "OpenStreetMap/Overpass"}}, {"type": "Feature", "geometry": {"type": "Point", "coordinates": [7.1565409, 50.9889916]}, "properties": {"id": "osm:way:244061056", "type": "school", "name": "KGS Sand", "source": "OpenStreetMap/Overpass"}}, {"type": "Feature", "geometry": {"type": "Point", "coordinates": [6.9432556, 50.9744343]}, "properties": {"id": "osm:way:244420094", "type": "school", "name": "Gemeinschaftsgrundschule Nibelungenstraße", "source": "OpenStreetMap/Overpass"}}, {"type": "Feature", "geometry": {"type": "Point", "coordinates": [6.8302722, 50.9680955]}, "properties": {"id": "osm:way:244460572", "type": "school", "name": "", "source": "OpenStreetMap/Overpass"}}, {"type": "Feature", "geometry": {"type": "Point", "coordinates": [6.828193, 50.965805]}, "properties": {"id": "osm:way:244584084", "type": "kindergarten", "name": "Evang. Kindertagesstätte \"Miteinander\"", "source": "OpenStreetMap/Overpass"}}, {"type": "Feature", "geometry": {"type": "Point", "coordinates": [6.8297586, 50.9652419]}, "properties": {"id": "osm:way:244584184", "type": "kindergarten", "name": "Kindergarten St. Jakobus", "source": "OpenStreetMap/Overpass"}}, {"type": "Feature", "geometry": {"type": "Point", "coordinates": [6.8335292, 50.9617485]}, "properties": {"id": "osm:way:244630936", "type": "kindergarten", "name": "", "source": "OpenStreetMap/Overpass"}}, {"type": "Feature", "geometry": {"type": "Point", "coordinates": [6.9636311, 50.9197275]}, "properties": {"id": "osm:way:244847938", "type": "school", "name": "Kath. Grundschule Mainzerstraße", "source": "OpenStreetMap/Overpass"}}, {"type": "Feature", "geometry": {"type": "Point", "coordinates": [6.8354425, 50.965991]}, "properties": {"id": "osm:way:245510695", "type": "kindergarten", "name": "", "source": "OpenStreetMap/Overpass"}}, {"type": "Feature", "geometry": {"type": "Point", "coordinates": [6.9608395, 50.9753226]}, "properties": {"id": "osm:way:246694203", "type": "kindergarten", "name": "Kindergarten Außengelände", "source": "OpenStreetMap/Overpass"}}, {"type": "Feature", "geometry": {"type": "Point", "coordinates": [7.056529, 50.9019388]}, "properties": {"id": "osm:way:246714022", "type": "school", "name": "Gemeinschaftsgrundschule Friedrich List", "source": "OpenStreetMap/Overpass"}}, {"type": "Feature", "geometry": {"type": "Point", "coordinates": [7.0005873, 50.954149]}, "properties": {"id": "osm:way:247192472", "type": "kindergarten", "name": "SKM", "source": "OpenStreetMap/Overpass"}}, {"type": "Feature", "geometry": {"type": "Point", "coordinates": [6.9516713, 50.9520446]}, "properties": {"id": "osm:way:249861718", "type": "kindergarten", "name": "Krähennest", "source": "OpenStreetMap/Overpass"}}, {"type": "Feature", "geometry": {"type": "Point", "coordinates": [7.1151992, 50.9612095]}, "properties": {"id": "osm:way:249992835", "type": "school", "name": "KREATIVITÄTSSCHULE BERGISCH GLADBACH E.V.", "source": "OpenStreetMap/Overpass"}}, {"type": "Feature", "geometry": {"type": "Point", "coordinates": [6.8298544, 50.9516146]}, "properties": {"id": "osm:way:250233082", "type": "kindergarten", "name": "Kindertagesstätte (Stadt Köln)", "source": "OpenStreetMap/Overpass"}}, {"type": "Feature", "geometry": {"type": "Point", "coordinates": [6.9592873, 50.9547396]}, "properties": {"id": "osm:way:250246364", "type": "school", "name": "Förderschule Blumenthalstraße", "source": "OpenStreetMap/Overpass"}}, {"type": "Feature", "geometry": {"type": "Point", "coordinates": [6.8343772, 50.9473351]}, "properties": {"id": "osm:way:250649719", "type": "school", "name": "Johanniter-Schule (GGS)", "source": "OpenStreetMap/Overpass"}}, {"type": "Feature", "geometry": {"type": "Point", "coordinates": [6.8345172, 50.9458863]}, "properties": {"id": "osm:way:250653382", "type": "kindergarten", "name": "Katholischer Kindergarten Sankt Severin", "source": "OpenStreetMap/Overpass"}}, {"type": "Feature", "geometry": {"type": "Point", "coordinates": [7.0714721, 50.8873859]}, "properties": {"id": "osm:way:250764982", "type": "school", "name": "Kopernikus-Gemeinschaftshauptschule", "source": "OpenStreetMap/Overpass"}}, {"type": "Feature", "geometry": {"type": "Point", "coordinates": [7.0745574, 50.8867002]}, "properties": {"id": "osm:way:250764988", "type": "kindergarten", "name": "Städtische Kindertageseinrichtung Solinger Straße", "source": "OpenStreetMap/Overpass"}}, {"type": "Feature", "geometry": {"type": "Point", "coordinates": [6.8243772, 50.9430871]}, "properties": {"id": "osm:way:250840393", "type": "kindergarten", "name": "Städtische Kindertageseinrichtung Siegstraße", "source": "OpenStreetMap/Overpass"}}, {"type": "Feature", "geometry": {"type": "Point", "coordinates": [7.0768489, 50.9746313]}, "properties": {"id": "osm:way:251700631", "type": "kindergarten", "name": "Katholischer Kindergarten St. Joseph", "source": "OpenStreetMap/Overpass"}}, {"type": "Feature", "geometry": {"type": "Point", "coordinates": [6.8340963, 50.9397852]}, "properties": {"id": "osm:way:252020812", "type": "kindergarten", "name": "Kath. Kita St. Marien", "source": "OpenStreetMap/Overpass"}}, {"type": "Feature", "geometry": {"type": "Point", "coordinates": [6.8356973, 50.938944]}, "properties": {"id": "osm:way:252031987", "type": "kindergarten", "name": "", "source": "OpenStreetMap/Overpass"}}, {"type": "Feature", "geometry": {"type": "Point", "coordinates": [6.9339821, 50.9448815]}, "properties": {"id": "osm:way:252242626", "type": "kindergarten", "name": "Städtische Kindertageseinrichtung Venloer Wall", "source": "OpenStreetMap/Overpass"}}, {"type": "Feature", "geometry": {"type": "Point", "coordinates": [6.8339976, 50.9343389]}, "properties": {"id": "osm:way:252526537", "type": "kindergarten", "name": "KiTa An der alten Post", "source": "OpenStreetMap/Overpass"}}, {"type": "Feature", "geometry": {"type": "Point", "coordinates": [6.9632908, 50.9239087]}, "properties": {"id": "osm:way:252685391", "type": "kindergarten", "name": "Kindertagesstätte", "source": "OpenStreetMap/Overpass"}}, {"type": "Feature", "geometry": {"type": "Point", "coordinates": [6.96211, 50.9250349]}, "properties": {"id": "osm:way:252716674", "type": "school", "name": "Gemeinschaftsgrundschule Zwirnerstraße", "source": "OpenStreetMap/Overpass"}}, {"type": "Feature", "geometry": {"type": "Point", "coordinates": [6.8447217, 50.9332692]}, "properties": {"id": "osm:way:252808937", "type": "kindergarten", "name": "Kita Benfleetstraße", "source": "OpenStreetMap/Overpass"}}, {"type": "Feature", "geometry": {"type": "Point", "coordinates": [6.8806127, 50.9410695]}, "properties": {"id": "osm:way:253020831", "type": "school", "name": "Gemeinschaftsgrundschule Müngersdorf", "source": "OpenStreetMap/Overpass"}}, {"type": "Feature", "geometry": {"type": "Point", "coordinates": [7.1094868, 50.9606705]}, "properties": {"id": "osm:way:253059074", "type": "school", "name": "", "source": "OpenStreetMap/Overpass"}}, {"type": "Feature", "geometry": {"type": "Point", "coordinates": [6.8933856, 50.9418604]}, "properties": {"id": "osm:way:253101906", "type": "school", "name": "Bilinguale Grundschule", "source": "OpenStreetMap/Overpass"}}, {"type": "Feature", "geometry": {"type": "Point", "coordinates": [6.8775617, 50.9589566]}, "properties": {"id": "osm:way:253698675", "type": "kindergarten", "name": "Kindertagesstätte Die Emmäuse", "source": "OpenStreetMap/Overpass"}}, {"type": "Feature", "geometry": {"type": "Point", "coordinates": [6.9335391, 50.9670159]}, "properties": {"id": "osm:way:254009045", "type": "kindergarten", "name": "Kindertageseinrichtung Göppinger Straße 16", "source": "OpenStreetMap/Overpass"}}, {"type": "Feature", "geometry": {"type": "Point", "coordinates": [6.9217289, 50.9331679]}, "properties": {"id": "osm:way:254167288", "type": "kindergarten", "name": "Evangelische Kindertageseinrichtung Matthäuskirche", "source": "OpenStreetMap/Overpass"}}, {"type": "Feature", "geometry": {"type": "Point", "coordinates": [6.9183682, 50.9332461]}, "properties": {"id": "osm:way:254262109", "type": "school", "name": "Förderschule Gronewaldstraße (FHK)", "source": "OpenStreetMap/Overpass"}}, {"type": "Feature", "geometry": {"type": "Point", "coordinates": [6.8573789, 50.932741]}, "properties": {"id": "osm:way:254694233", "type": "school", "name": "Ildefons-Herwegen-Schule", "source": "OpenStreetMap/Overpass"}}, {"type": "Feature", "geometry": {"type": "Point", "coordinates": [7.0655654, 50.9762992]}, "properties": {"id": "osm:way:254858382", "type": "kindergarten", "name": "", "source": "OpenStreetMap/Overpass"}}, {"type": "Feature", "geometry": {"type": "Point", "coordinates": [6.8557536, 50.9299649]}, "properties": {"id": "osm:way:255398285", "type": "kindergarten", "name": "", "source": "OpenStreetMap/Overpass"}}, {"type": "Feature", "geometry": {"type": "Point", "coordinates": [6.8710213, 50.9267472]}, "properties": {"id": "osm:way:255446673", "type": "kindergarten", "name": "Städtische Kita Eichenstraße", "source": "OpenStreetMap/Overpass"}}, {"type": "Feature", "geometry": {"type": "Point", "coordinates": [6.9111812, 50.9147206]}, "properties": {"id": "osm:way:256288988", "type": "kindergarten", "name": "Kindergarten Castellauner Straße", "source": "OpenStreetMap/Overpass"}}, {"type": "Feature", "geometry": {"type": "Point", "coordinates": [6.9895513, 50.918709]}, "properties": {"id": "osm:way:256583411", "type": "school", "name": "Janusz-Korczak-Grundschule", "source": "OpenStreetMap/Overpass"}}, {"type": "Feature", "geometry": {"type": "Point", "coordinates": [6.9548887, 50.9104202]}, "properties": {"id": "osm:way:257072024", "type": "kindergarten", "name": "Städt. Kindergarten (integrativ) Marktstraße", "source": "OpenStreetMap/Overpass"}}, {"type": "Feature", "geometry": {"type": "Point", "coordinates": [6.9178759, 50.9586473]}, "properties": {"id": "osm:way:257509127", "type": "kindergarten", "name": "Städtischer Kindergarten", "source": "OpenStreetMap/Overpass"}}, {"type": "Feature", "geometry": {"type": "Point", "coordinates": [6.91876, 50.9292219]}, "properties": {"id": "osm:way:257512001", "type": "school", "name": "Städtische Grundschule Bachemer Straße", "source": "OpenStreetMap/Overpass"}}, {"type": "Feature", "geometry": {"type": "Point", "coordinates": [6.9245767, 50.9263625]}, "properties": {"id": "osm:way:258538573", "type": "kindergarten", "name": "", "source": "OpenStreetMap/Overpass"}}, {"type": "Feature", "geometry": {"type": "Point", "coordinates": [6.9250326, 50.9265829]}, "properties": {"id": "osm:way:258538603", "type": "kindergarten", "name": "Kita Knusperhäuschen", "source": "OpenStreetMap/Overpass"}}, {"type": "Feature", "geometry": {"type": "Point", "coordinates": [7.1137653, 51.0287633]}, "properties": {"id": "osm:way:258772878", "type": "kindergarten", "name": "", "source": "OpenStreetMap/Overpass"}}, {"type": "Feature", "geometry": {"type": "Point", "coordinates": [7.13102, 50.9993909]}, "properties": {"id": "osm:way:259258655", "type": "school", "name": "Neues Schulgebäude der Gemeinschaftsgrundschule", "source": "OpenStreetMap/Overpass"}}, {"type": "Feature", "geometry": {"type": "Point", "coordinates": [6.92777, 50.9197734]}, "properties": {"id": "osm:way:259325189", "type": "school", "name": "Kath. Grundschule Berrenrather Straße", "source": "OpenStreetMap/Overpass"}}, {"type": "Feature", "geometry": {"type": "Point", "coordinates": [6.9292641, 50.9183796]}, "properties": {"id": "osm:way:259327888", "type": "school", "name": "", "source": "OpenStreetMap/Overpass"}}, {"type": "Feature", "geometry": {"type": "Point", "coordinates": [6.9346198, 50.918563]}, "properties": {"id": "osm:way:259327894", "type": "kindergarten", "name": "Kindertageseinrichtung und Familienzentrum Düstemichstraße 1", "source": "OpenStreetMap/Overpass"}}, {"type": "Feature", "geometry": {"type": "Point", "coordinates": [6.9171057, 50.9125694]}, "properties": {"id": "osm:way:259362426", "type": "kindergarten", "name": "St. Bruno am Beethovenpark", "source": "OpenStreetMap/Overpass"}}, {"type": "Feature", "geometry": {"type": "Point", "coordinates": [6.9172684, 50.9121449]}, "properties": {"id": "osm:way:259362429", "type": "kindergarten", "name": "Kindertageseinrichtung Elzstraße 10", "source": "OpenStreetMap/Overpass"}}, {"type": "Feature", "geometry": {"type": "Point", "coordinates": [6.9088775, 50.9658803]}, "properties": {"id": "osm:way:259395187", "type": "kindergarten", "name": "Städtische Kindertageseinrichtung Am Pistorhof", "source": "OpenStreetMap/Overpass"}}, {"type": "Feature", "geometry": {"type": "Point", "coordinates": [6.921252, 50.91523]}, "properties": {"id": "osm:way:259606896", "type": "school", "name": "Gemeinschaftsgrundschule Manderscheider Platz", "source": "OpenStreetMap/Overpass"}}, {"type": "Feature", "geometry": {"type": "Point", "coordinates": [6.9128426, 50.9076733]}, "properties": {"id": "osm:way:259769767", "type": "school", "name": "Gesamtschule Lindenthal", "source": "OpenStreetMap/Overpass"}}, {"type": "Feature", "geometry": {"type": "Point", "coordinates": [6.9178904, 50.9091188]}, "properties": {"id": "osm:way:259769875", "type": "kindergarten", "name": "KiTa Grafenwerthstraße", "source": "OpenStreetMap/Overpass"}}, {"type": "Feature", "geometry": {"type": "Point", "coordinates": [6.901011, 50.9712183]}, "properties": {"id": "osm:way:259997088", "type": "school", "name": "Peter-Lustig-Schule", "source": "OpenStreetMap/Overpass"}}, {"type": "Feature", "geometry": {"type": "Point", "coordinates": [6.9232754, 50.9103275]}, "properties": {"id": "osm:way:260188128", "type": "school", "name": "Kath. Grundschule Lohrbergstraße", "source": "OpenStreetMap/Overpass"}}, {"type": "Feature", "geometry": {"type": "Point", "coordinates": [6.9394788, 50.9078613]}, "properties": {"id": "osm:way:260519214", "type": "school", "name": "Sankt-Nikolaus-Grundschule (kath.)", "source": "OpenStreetMap/Overpass"}}, {"type": "Feature", "geometry": {"type": "Point", "coordinates": [6.9314806, 50.8594743]}, "properties": {"id": "osm:way:260740090", "type": "school", "name": "", "source": "OpenStreetMap/Overpass"}}, {"type": "Feature", "geometry": {"type": "Point", "coordinates": [6.9248871, 50.8551314]}, "properties": {"id": "osm:way:260767262", "type": "kindergarten", "name": "", "source": "OpenStreetMap/Overpass"}}, {"type": "Feature", "geometry": {"type": "Point", "coordinates": [6.9473379, 50.908035]}, "properties": {"id": "osm:way:261432746", "type": "kindergarten", "name": "Städt. Kindergarten Schwalbacher Straße", "source": "OpenStreetMap/Overpass"}}, {"type": "Feature", "geometry": {"type": "Point", "coordinates": [6.947268, 50.9122372]}, "properties": {"id": "osm:way:261576235", "type": "kindergarten", "name": "Kindergarten St. Pius", "source": "OpenStreetMap/Overpass"}}, {"type": "Feature", "geometry": {"type": "Point", "coordinates": [6.9466031, 50.9195441]}, "properties": {"id": "osm:way:261583116", "type": "kindergarten", "name": "Waldorfkindergarten Köln-Volksgarten e.V.", "source": "OpenStreetMap/Overpass"}}, {"type": "Feature", "geometry": {"type": "Point", "coordinates": [6.9666054, 50.907568]}, "properties": {"id": "osm:way:262594448", "type": "school", "name": "Franziskus-Grundschule (kath.)", "source": "OpenStreetMap/Overpass"}}, {"type": "Feature", "geometry": {"type": "Point", "coordinates": [7.144652, 50.9655109]}, "properties": {"id": "osm:way:263592878", "type": "kindergarten", "name": "Montessorikindergarten", "source": "OpenStreetMap/Overpass"}}, {"type": "Feature", "geometry": {"type": "Point", "coordinates": [6.9659433, 50.9161639]}, "properties": {"id": "osm:way:263658606", "type": "kindergarten", "name": "Kindergarten Südstadtkinder e.V.", "source": "OpenStreetMap/Overpass"}}, {"type": "Feature", "geometry": {"type": "Point", "coordinates": [6.9605907, 50.9249527]}, "properties": {"id": "osm:way:263695395", "type": "kindergarten", "name": "St. Josefshaus", "source": "OpenStreetMap/Overpass"}}, {"type": "Feature", "geometry": {"type": "Point", "coordinates": [6.8976178, 50.8451836]}, "properties": {"id": "osm:way:263929428", "type": "school", "name": "Gemeinschaftsgrundschule Regenbogenschule - Standort Vochem", "source": "OpenStreetMap/Overpass"}}, {"type": "Feature", "geometry": {"type": "Point", "coordinates": [6.9641163, 50.8765805]}, "properties": {"id": "osm:way:264487612", "type": "school", "name": "", "source": "OpenStreetMap/Overpass"}}, {"type": "Feature", "geometry": {"type": "Point", "coordinates": [6.9630487, 50.8761352]}, "properties": {"id": "osm:way:264491255", "type": "kindergarten", "name": "Köln Kitas", "source": "OpenStreetMap/Overpass"}}, {"type": "Feature", "geometry": {"type": "Point", "coordinates": [7.0009815, 50.888903]}, "properties": {"id": "osm:way:265310463", "type": "school", "name": "Gemeinschaftshauptschule Ringelnatzstraße", "source": "OpenStreetMap/Overpass"}}, {"type": "Feature", "geometry": {"type": "Point", "coordinates": [7.0312374, 50.8320488]}, "properties": {"id": "osm:way:265751817", "type": "school", "name": "Drei-Linden-Schule", "source": "OpenStreetMap/Overpass"}}, {"type": "Feature", "geometry": {"type": "Point", "coordinates": [7.0310777, 50.8322964]}, "properties": {"id": "osm:way:265751824", "type": "school", "name": "Drei-Linden-Schule", "source": "OpenStreetMap/Overpass"}}, {"type": "Feature", "geometry": {"type": "Point", "coordinates": [6.9310318, 50.9223466]}, "properties": {"id": "osm:way:265793926", "type": "school", "name": "Erzbischöfliches Berufskolleg Köln", "source": "OpenStreetMap/Overpass"}}, {"type": "Feature", "geometry": {"type": "Point", "coordinates": [6.9975005, 50.8866139]}, "properties": {"id": "osm:way:266383109", "type": "kindergarten", "name": "Evangelischer Kindergarten Köln Rodenkirchen", "source": "OpenStreetMap/Overpass"}}, {"type": "Feature", "geometry": {"type": "Point", "coordinates": [6.9952207, 50.8831924]}, "properties": {"id": "osm:way:266383137", "type": "kindergarten", "name": "Kita Sommersprossen", "source": "OpenStreetMap/Overpass"}}, {"type": "Feature", "geometry": {"type": "Point", "coordinates": [7.033389, 50.8732842]}, "properties": {"id": "osm:way:267368784", "type": "kindergarten", "name": "St. Georg", "source": "OpenStreetMap/Overpass"}}, {"type": "Feature", "geometry": {"type": "Point", "coordinates": [7.0007525, 51.0337585]}, "properties": {"id": "osm:way:267706579", "type": "school", "name": "Lise-Meitner-Gymnasium", "source": "OpenStreetMap/Overpass"}}, {"type": "Feature", "geometry": {"type": "Point", "coordinates": [7.0177915, 51.0316158]}, "properties": {"id": "osm:way:268272738", "type": "school", "name": "GGS Regenbogenschule", "source": "OpenStreetMap/Overpass"}}, {"type": "Feature", "geometry": {"type": "Point", "coordinates": [7.024629, 50.8725665]}, "properties": {"id": "osm:way:268462043", "type": "kindergarten", "name": "Städtischer Kindergarten Heinrichstraße", "source": "OpenStreetMap/Overpass"}}, {"type": "Feature", "geometry": {"type": "Point", "coordinates": [6.9452776, 50.9850139]}, "properties": {"id": "osm:way:273026794", "type": "kindergarten", "name": "Fröbel Kindergarten Die Spürnasen", "source": "OpenStreetMap/Overpass"}}, {"type": "Feature", "geometry": {"type": "Point", "coordinates": [7.0026997, 50.8677404]}, "properties": {"id": "osm:way:277636218", "type": "kindergarten", "name": "Städtischer Kindergarten Rodderweg", "source": "OpenStreetMap/Overpass"}}, {"type": "Feature", "geometry": {"type": "Point", "coordinates": [7.0183566, 50.9113994]}, "properties": {"id": "osm:way:278713658", "type": "kindergarten", "name": "Schmuddelkinder", "source": "OpenStreetMap/Overpass"}}, {"type": "Feature", "geometry": {"type": "Point", "coordinates": [7.0843125, 50.9162285]}, "properties": {"id": "osm:way:280114471", "type": "school", "name": "", "source": "OpenStreetMap/Overpass"}}, {"type": "Feature", "geometry": {"type": "Point", "coordinates": [7.084138, 50.9166711]}, "properties": {"id": "osm:way:280342276", "type": "school", "name": "Katholische Grundschule Forststraße", "source": "OpenStreetMap/Overpass"}}, {"type": "Feature", "geometry": {"type": "Point", "coordinates": [7.1022592, 50.8796894]}, "properties": {"id": "osm:way:281328549", "type": "kindergarten", "name": "Kindertagesstätte Ahornweg", "source": "OpenStreetMap/Overpass"}}, {"type": "Feature", "geometry": {"type": "Point", "coordinates": [6.9890312, 50.9521923]}, "properties": {"id": "osm:way:281423010", "type": "kindergarten", "name": "Villa Charlier", "source": "OpenStreetMap/Overpass"}}, {"type": "Feature", "geometry": {"type": "Point", "coordinates": [6.9716572, 50.8508161]}, "properties": {"id": "osm:way:282465495", "type": "kindergarten", "name": "Kindergarten Godorf", "source": "OpenStreetMap/Overpass"}}, {"type": "Feature", "geometry": {"type": "Point", "coordinates": [6.9746315, 50.8490724]}, "properties": {"id": "osm:way:282470441", "type": "school", "name": "Gemeinschaftsgrundschule Godorfer Hauptstraße", "source": "OpenStreetMap/Overpass"}}, {"type": "Feature", "geometry": {"type": "Point", "coordinates": [6.9441004, 50.941294]}, "properties": {"id": "osm:way:283065329", "type": "kindergarten", "name": "Kindertagesstätte", "source": "OpenStreetMap/Overpass"}}, {"type": "Feature", "geometry": {"type": "Point", "coordinates": [6.8816441, 50.9541059]}, "properties": {"id": "osm:way:283671843", "type": "kindergarten", "name": "Wolke 7", "source": "OpenStreetMap/Overpass"}}, {"type": "Feature", "geometry": {"type": "Point", "coordinates": [6.8815454, 50.9558644]}, "properties": {"id": "osm:way:283671846", "type": "school", "name": "Nebenstelle Berufskolleg Ehrenfeld", "source": "OpenStreetMap/Overpass"}}, {"type": "Feature", "geometry": {"type": "Point", "coordinates": [6.8773704, 50.9628331]}, "properties": {"id": "osm:way:284104634", "type": "school", "name": "Bertha-von-Suttner-Realschule", "source": "OpenStreetMap/Overpass"}}, {"type": "Feature", "geometry": {"type": "Point", "coordinates": [6.8770625, 50.9602539]}, "properties": {"id": "osm:way:284189694", "type": "kindergarten", "name": "AWO Kindertagesstätte Dilledöppcher", "source": "OpenStreetMap/Overpass"}}, {"type": "Feature", "geometry": {"type": "Point", "coordinates": [6.9980019, 50.9796573]}, "properties": {"id": "osm:way:284658396", "type": "kindergarten", "name": "", "source": "OpenStreetMap/Overpass"}}, {"type": "Feature", "geometry": {"type": "Point", "coordinates": [7.0164965, 50.9282334]}, "properties": {"id": "osm:way:284697080", "type": "kindergarten", "name": "Kita Homarstraße", "source": "OpenStreetMap/Overpass"}}, {"type": "Feature", "geometry": {"type": "Point", "coordinates": [7.051889, 50.9295851]}, "properties": {"id": "osm:way:284775385", "type": "kindergarten", "name": "Fröbel-Kindergarten & Familienzentrum Ostheim", "source": "OpenStreetMap/Overpass"}}, {"type": "Feature", "geometry": {"type": "Point", "coordinates": [6.8858138, 51.0333555]}, "properties": {"id": "osm:way:284957258", "type": "kindergarten", "name": "Kita", "source": "OpenStreetMap/Overpass"}}, {"type": "Feature", "geometry": {"type": "Point", "coordinates": [6.9958968, 50.9286819]}, "properties": {"id": "osm:way:285632875", "type": "school", "name": "Gemeinschaftsgrundschule Westerwaldstraße", "source": "OpenStreetMap/Overpass"}}, {"type": "Feature", "geometry": {"type": "Point", "coordinates": [6.8876396, 51.0748062]}, "properties": {"id": "osm:way:286497734", "type": "kindergarten", "name": "Robert-Koch-Straße", "source": "OpenStreetMap/Overpass"}}, {"type": "Feature", "geometry": {"type": "Point", "coordinates": [7.0286573, 51.0670689]}, "properties": {"id": "osm:way:286860858", "type": "school", "name": "GHS Neukronenberger Straße", "source": "OpenStreetMap/Overpass"}}, {"type": "Feature", "geometry": {"type": "Point", "coordinates": [7.0957234, 50.9212388]}, "properties": {"id": "osm:way:287017047", "type": "kindergarten", "name": "Evangelische Kita Rath", "source": "OpenStreetMap/Overpass"}}, {"type": "Feature", "geometry": {"type": "Point", "coordinates": [7.0949931, 50.9212578]}, "properties": {"id": "osm:way:287017159", "type": "kindergarten", "name": "", "source": "OpenStreetMap/Overpass"}}, {"type": "Feature", "geometry": {"type": "Point", "coordinates": [7.0957053, 50.921282]}, "properties": {"id": "osm:way:287050341", "type": "kindergarten", "name": "", "source": "OpenStreetMap/Overpass"}}, {"type": "Feature", "geometry": {"type": "Point", "coordinates": [6.8500302, 51.0019509]}, "properties": {"id": "osm:way:287088696", "type": "school", "name": "Berufsbildende Schule für Floristik", "source": "OpenStreetMap/Overpass"}}, {"type": "Feature", "geometry": {"type": "Point", "coordinates": [6.8631765, 50.9758262]}, "properties": {"id": "osm:way:288038359", "type": "school", "name": "Kath. Grundschule Mengenicher Straße", "source": "OpenStreetMap/Overpass"}}, {"type": "Feature", "geometry": {"type": "Point", "coordinates": [6.8621582, 50.9764229]}, "properties": {"id": "osm:way:288038360", "type": "kindergarten", "name": "Montessori Kinderhaus St. Johannes", "source": "OpenStreetMap/Overpass"}}, {"type": "Feature", "geometry": {"type": "Point", "coordinates": [6.8707203, 50.9790437]}, "properties": {"id": "osm:way:288048024", "type": "school", "name": "Max-Ernst-Gesamtschule", "source": "OpenStreetMap/Overpass"}}, {"type": "Feature", "geometry": {"type": "Point", "coordinates": [6.9946925, 50.9323857]}, "properties": {"id": "osm:way:288224604", "type": "school", "name": "Martin-Köllen-Schule", "source": "OpenStreetMap/Overpass"}}, {"type": "Feature", "geometry": {"type": "Point", "coordinates": [7.0565901, 50.9323032]}, "properties": {"id": "osm:way:288774435", "type": "school", "name": "Gemeinschaftsgrundschule Europaring", "source": "OpenStreetMap/Overpass"}}, {"type": "Feature", "geometry": {"type": "Point", "coordinates": [6.9990838, 50.938432]}, "properties": {"id": "osm:way:289049896", "type": "kindergarten", "name": "Kindergarten Stadt Köln", "source": "OpenStreetMap/Overpass"}}, {"type": "Feature", "geometry": {"type": "Point", "coordinates": [7.0010399, 50.92991]}, "properties": {"id": "osm:way:289427640", "type": "kindergarten", "name": "", "source": "OpenStreetMap/Overpass"}}, {"type": "Feature", "geometry": {"type": "Point", "coordinates": [6.9988591, 50.9285067]}, "properties": {"id": "osm:way:289427658", "type": "kindergarten", "name": "Kita St. Engelbert", "source": "OpenStreetMap/Overpass"}}, {"type": "Feature", "geometry": {"type": "Point", "coordinates": [7.0049884, 50.9290426]}, "properties": {"id": "osm:way:289428355", "type": "school", "name": "Gemeinschaftsgrundschule Lohmarer Straße", "source": "OpenStreetMap/Overpass"}}, {"type": "Feature", "geometry": {"type": "Point", "coordinates": [7.0073016, 50.9370591]}, "properties": {"id": "osm:way:289814344", "type": "school", "name": "Kaiserin-Theophanu-Gymnasium", "source": "OpenStreetMap/Overpass"}}, {"type": "Feature", "geometry": {"type": "Point", "coordinates": [7.0897507, 50.8635907]}, "properties": {"id": "osm:way:290544886", "type": "school", "name": "Maximilian-Kolbe-Gymnasium", "source": "OpenStreetMap/Overpass"}}, {"type": "Feature", "geometry": {"type": "Point", "coordinates": [7.0180202, 50.9301054]}, "properties": {"id": "osm:way:290950463", "type": "kindergarten", "name": "", "source": "OpenStreetMap/Overpass"}}, {"type": "Feature", "geometry": {"type": "Point", "coordinates": [6.9997707, 50.9390633]}, "properties": {"id": "osm:way:293599225", "type": "school", "name": "Ehemalige Förderschule Der kleine Prinz (FES)", "source": "OpenStreetMap/Overpass"}}, {"type": "Feature", "geometry": {"type": "Point", "coordinates": [7.0214916, 50.9822649]}, "properties": {"id": "osm:way:294020256", "type": "kindergarten", "name": "Kindertagesstätte", "source": "OpenStreetMap/Overpass"}}, {"type": "Feature", "geometry": {"type": "Point", "coordinates": [6.9497881, 50.9816077]}, "properties": {"id": "osm:way:294052224", "type": "kindergarten", "name": "Kindertagesstätte und Familienzentrum Hohenfriedbergraße", "source": "OpenStreetMap/Overpass"}}, {"type": "Feature", "geometry": {"type": "Point", "coordinates": [6.9474403, 50.9825819]}, "properties": {"id": "osm:way:294223913", "type": "school", "name": "Gemeinschaftsgrundschule Florianschule", "source": "OpenStreetMap/Overpass"}}, {"type": "Feature", "geometry": {"type": "Point", "coordinates": [6.8535242, 51.0109579]}, "properties": {"id": "osm:way:294582461", "type": "kindergarten", "name": "Kita St. Martinus und Katholisches Familienzentrum", "source": "OpenStreetMap/Overpass"}}, {"type": "Feature", "geometry": {"type": "Point", "coordinates": [6.8538423, 51.0100821]}, "properties": {"id": "osm:way:294582638", "type": "school", "name": "Konrad-Adenauer-Gemeinschaftsgrundschule", "source": "OpenStreetMap/Overpass"}}, {"type": "Feature", "geometry": {"type": "Point", "coordinates": [6.8536921, 51.0109135]}, "properties": {"id": "osm:way:294703788", "type": "kindergarten", "name": "Kath. Kindergarten St. Martinus", "source": "OpenStreetMap/Overpass"}}, {"type": "Feature", "geometry": {"type": "Point", "coordinates": [7.0936307, 50.9901952]}, "properties": {"id": "osm:way:294707179", "type": "school", "name": "KGS Hand & GGS Hand & OGS", "source": "OpenStreetMap/Overpass"}}, {"type": "Feature", "geometry": {"type": "Point", "coordinates": [6.8589072, 51.0134592]}, "properties": {"id": "osm:way:294716945", "type": "kindergarten", "name": "Waldorfkindergarten Köln-Esch", "source": "OpenStreetMap/Overpass"}}, {"type": "Feature", "geometry": {"type": "Point", "coordinates": [6.858818, 51.0101717]}, "properties": {"id": "osm:way:294764525", "type": "kindergarten", "name": "Kindergarten am Scheidweg", "source": "OpenStreetMap/Overpass"}}, {"type": "Feature", "geometry": {"type": "Point", "coordinates": [7.0064395, 50.9443826]}, "properties": {"id": "osm:way:295611294", "type": "school", "name": "Adolph-Kolping-Schule", "source": "OpenStreetMap/Overpass"}}, {"type": "Feature", "geometry": {"type": "Point", "coordinates": [6.8430194, 51.0439908]}, "properties": {"id": "osm:way:295659262", "type": "kindergarten", "name": "Kita Further Straße", "source": "OpenStreetMap/Overpass"}}, {"type": "Feature", "geometry": {"type": "Point", "coordinates": [6.8464972, 51.0449638]}, "properties": {"id": "osm:way:295907806", "type": "school", "name": "Kath.Grundschule Gutnikstraße", "source": "OpenStreetMap/Overpass"}}, {"type": "Feature", "geometry": {"type": "Point", "coordinates": [6.9517776, 50.9697665]}, "properties": {"id": "osm:way:296040929", "type": "kindergarten", "name": "", "source": "OpenStreetMap/Overpass"}}, {"type": "Feature", "geometry": {"type": "Point", "coordinates": [6.8849811, 51.0204188]}, "properties": {"id": "osm:way:296820871", "type": "kindergarten", "name": "Städtische Kindertageseinrichtung Weilerweg", "source": "OpenStreetMap/Overpass"}}, {"type": "Feature", "geometry": {"type": "Point", "coordinates": [7.0113145, 50.9860636]}, "properties": {"id": "osm:way:296845567", "type": "kindergarten", "name": "", "source": "OpenStreetMap/Overpass"}}, {"type": "Feature", "geometry": {"type": "Point", "coordinates": [6.9151445, 51.0160951]}, "properties": {"id": "osm:way:297514172", "type": "kindergarten", "name": "", "source": "OpenStreetMap/Overpass"}}, {"type": "Feature", "geometry": {"type": "Point", "coordinates": [7.0118795, 50.9375596]}, "properties": {"id": "osm:way:297801103", "type": "school", "name": "Förderschule Martin-Köllen (FLE)", "source": "OpenStreetMap/Overpass"}}, {"type": "Feature", "geometry": {"type": "Point", "coordinates": [6.8974462, 51.0241508]}, "properties": {"id": "osm:way:299812899", "type": "kindergarten", "name": "Städtische Kindertageseinrichtung", "source": "OpenStreetMap/Overpass"}}, {"type": "Feature", "geometry": {"type": "Point", "coordinates": [7.120494, 51.058191]}, "properties": {"id": "osm:way:300930765", "type": "school", "name": "", "source": "OpenStreetMap/Overpass"}}, {"type": "Feature", "geometry": {"type": "Point", "coordinates": [7.024596, 50.9310704]}, "properties": {"id": "osm:way:301080937", "type": "school", "name": "Gemeinschaftsgrundschule Heßhofstraße", "source": "OpenStreetMap/Overpass"}}, {"type": "Feature", "geometry": {"type": "Point", "coordinates": [7.0284454, 50.9377188]}, "properties": {"id": "osm:way:301080976", "type": "school", "name": "Katharina-Henoth-Gesamtschule", "source": "OpenStreetMap/Overpass"}}, {"type": "Feature", "geometry": {"type": "Point", "coordinates": [7.0266439, 50.9362017]}, "properties": {"id": "osm:way:301080978", "type": "school", "name": "Gemeinschaftsgrundschule Lustheider Straße", "source": "OpenStreetMap/Overpass"}}, {"type": "Feature", "geometry": {"type": "Point", "coordinates": [7.0256416, 50.935302]}, "properties": {"id": "osm:way:301081196", "type": "kindergarten", "name": "FRÖBEL-Kindergarten & Familienzentrum Lustheider Straße", "source": "OpenStreetMap/Overpass"}}, {"type": "Feature", "geometry": {"type": "Point", "coordinates": [7.1083794, 51.041078]}, "properties": {"id": "osm:way:301325790", "type": "kindergarten", "name": "DRK-Kindertagesstätte \"Schöne Aussicht\"", "source": "OpenStreetMap/Overpass"}}, {"type": "Feature", "geometry": {"type": "Point", "coordinates": [7.1150737, 51.0299021]}, "properties": {"id": "osm:way:301618824", "type": "school", "name": "Schulzentrum Odenthal", "source": "OpenStreetMap/Overpass"}}, {"type": "Feature", "geometry": {"type": "Point", "coordinates": [7.0097645, 50.9644287]}, "properties": {"id": "osm:way:301986345", "type": "kindergarten", "name": "Städtischer Kindergarten Genovevastraße 72a", "source": "OpenStreetMap/Overpass"}}, {"type": "Feature", "geometry": {"type": "Point", "coordinates": [6.9610674, 50.8985908]}, "properties": {"id": "osm:way:302365000", "type": "kindergarten", "name": "Weltkinder Kita Reiterstaffel", "source": "OpenStreetMap/Overpass"}}, {"type": "Feature", "geometry": {"type": "Point", "coordinates": [7.024374, 50.9641685]}, "properties": {"id": "osm:way:302549479", "type": "school", "name": "Gemeinschaftsgrundschule An St. Theresia", "source": "OpenStreetMap/Overpass"}}, {"type": "Feature", "geometry": {"type": "Point", "coordinates": [7.0254468, 50.9415967]}, "properties": {"id": "osm:way:302794779", "type": "kindergarten", "name": "Kindertageseinrichtung Familienzentrum", "source": "OpenStreetMap/Overpass"}}, {"type": "Feature", "geometry": {"type": "Point", "coordinates": [7.1178818, 51.0150702]}, "properties": {"id": "osm:way:302872619", "type": "school", "name": "Kath. Grundschule Voiswinkel", "source": "OpenStreetMap/Overpass"}}, {"type": "Feature", "geometry": {"type": "Point", "coordinates": [7.1295461, 51.0033451]}, "properties": {"id": "osm:way:303043318", "type": "kindergarten", "name": "Kath. Kindertagesstätte Hl. Dreikönige - Hebborn", "source": "OpenStreetMap/Overpass"}}, {"type": "Feature", "geometry": {"type": "Point", "coordinates": [7.1292583, 50.9999214]}, "properties": {"id": "osm:way:303043557", "type": "kindergarten", "name": "Kindertagesstätte Wilde Wiese", "source": "OpenStreetMap/Overpass"}}, {"type": "Feature", "geometry": {"type": "Point", "coordinates": [7.0226113, 50.938181]}, "properties": {"id": "osm:way:303116946", "type": "kindergarten", "name": "Städtische Kindertageseinrichtung Augsburger Straße", "source": "OpenStreetMap/Overpass"}}, {"type": "Feature", "geometry": {"type": "Point", "coordinates": [7.0234498, 50.9377145]}, "properties": {"id": "osm:way:303117143", "type": "school", "name": "Montessori Grundschule Ferdinandstraße Außenstelle Höhenberg", "source": "OpenStreetMap/Overpass"}}, {"type": "Feature", "geometry": {"type": "Point", "coordinates": [7.0237551, 50.938467]}, "properties": {"id": "osm:way:303122821", "type": "school", "name": "Katharina-Henoth-Gesamtschule Köln", "source": "OpenStreetMap/Overpass"}}, {"type": "Feature", "geometry": {"type": "Point", "coordinates": [7.1214353, 50.9967352]}, "properties": {"id": "osm:way:303160080", "type": "school", "name": "Nicolaus-Cusanus-Gymnasium", "source": "OpenStreetMap/Overpass"}}, {"type": "Feature", "geometry": {"type": "Point", "coordinates": [7.0424527, 50.9305385]}, "properties": {"id": "osm:way:303289852", "type": "school", "name": "Katholische Grundschule - Zehnthofstraße", "source": "OpenStreetMap/Overpass"}}, {"type": "Feature", "geometry": {"type": "Point", "coordinates": [7.1358758, 50.9903588]}, "properties": {"id": "osm:way:303942454", "type": "kindergarten", "name": "Kindertagesstätte Quirl", "source": "OpenStreetMap/Overpass"}}, {"type": "Feature", "geometry": {"type": "Point", "coordinates": [7.1030498, 50.9984635]}, "properties": {"id": "osm:way:304517227", "type": "school", "name": "Gemeinschaftsgrundschule Paffrath", "source": "OpenStreetMap/Overpass"}}, {"type": "Feature", "geometry": {"type": "Point", "coordinates": [6.7871924, 50.9821423]}, "properties": {"id": "osm:way:305640020", "type": "kindergarten", "name": "Städt. Kindertagesstätte \"Bärenkinder\"", "source": "OpenStreetMap/Overpass"}}, {"type": "Feature", "geometry": {"type": "Point", "coordinates": [7.10633, 51.0037156]}, "properties": {"id": "osm:way:306253592", "type": "kindergarten", "name": "Montessori-Kindertagesstätte", "source": "OpenStreetMap/Overpass"}}, {"type": "Feature", "geometry": {"type": "Point", "coordinates": [6.8582695, 51.0681297]}, "properties": {"id": "osm:way:311828448", "type": "school", "name": "Gemeinschaftsgrundschule An den Kaulen / Kath. Grundschule An den Kaulen", "source": "OpenStreetMap/Overpass"}}, {"type": "Feature", "geometry": {"type": "Point", "coordinates": [6.8648665, 51.0651053]}, "properties": {"id": "osm:way:313764169", "type": "kindergarten", "name": "Städtischer Kindergarten St. Tönnis-Straße", "source": "OpenStreetMap/Overpass"}}, {"type": "Feature", "geometry": {"type": "Point", "coordinates": [6.9514898, 50.9650415]}, "properties": {"id": "osm:way:313940981", "type": "kindergarten", "name": "Kita Froschkönig", "source": "OpenStreetMap/Overpass"}}, {"type": "Feature", "geometry": {"type": "Point", "coordinates": [6.96111, 50.9930457]}, "properties": {"id": "osm:way:314951306", "type": "school", "name": "", "source": "OpenStreetMap/Overpass"}}, {"type": "Feature", "geometry": {"type": "Point", "coordinates": [6.9574166, 50.9880675]}, "properties": {"id": "osm:way:314953566", "type": "kindergarten", "name": "", "source": "OpenStreetMap/Overpass"}}, {"type": "Feature", "geometry": {"type": "Point", "coordinates": [6.9609751, 50.9926853]}, "properties": {"id": "osm:way:316554145", "type": "school", "name": "Gemeinschaftsgrundschule Halfengasse", "source": "OpenStreetMap/Overpass"}}, {"type": "Feature", "geometry": {"type": "Point", "coordinates": [6.9757048, 50.9656804]}, "properties": {"id": "osm:way:318686525", "type": "school", "name": "GGS Garthestraße", "source": "OpenStreetMap/Overpass"}}, {"type": "Feature", "geometry": {"type": "Point", "coordinates": [6.9735707, 50.9676191]}, "properties": {"id": "osm:way:318791796", "type": "school", "name": "Förderschule Sprache Brehmstraße", "source": "OpenStreetMap/Overpass"}}, {"type": "Feature", "geometry": {"type": "Point", "coordinates": [7.011628, 50.9631515]}, "properties": {"id": "osm:way:318888012", "type": "kindergarten", "name": "", "source": "OpenStreetMap/Overpass"}}, {"type": "Feature", "geometry": {"type": "Point", "coordinates": [6.9840384, 50.9647162]}, "properties": {"id": "osm:way:319063369", "type": "school", "name": "", "source": "OpenStreetMap/Overpass"}}, {"type": "Feature", "geometry": {"type": "Point", "coordinates": [6.9468371, 50.9826642]}, "properties": {"id": "osm:way:319730396", "type": "school", "name": "Gemeinschaftsgrundschule Florianschule", "source": "OpenStreetMap/Overpass"}}, {"type": "Feature", "geometry": {"type": "Point", "coordinates": [6.9467849, 50.9281809]}, "properties": {"id": "osm:way:319937620", "type": "school", "name": "Katholische Grundschule Trierer Straße", "source": "OpenStreetMap/Overpass"}}, {"type": "Feature", "geometry": {"type": "Point", "coordinates": [7.029796, 50.9935403]}, "properties": {"id": "osm:way:319941499", "type": "kindergarten", "name": "", "source": "OpenStreetMap/Overpass"}}, {"type": "Feature", "geometry": {"type": "Point", "coordinates": [6.8124481, 51.0022014]}, "properties": {"id": "osm:way:320811289", "type": "school", "name": "Grundschule An der Kopfbuche", "source": "OpenStreetMap/Overpass"}}, {"type": "Feature", "geometry": {"type": "Point", "coordinates": [6.7787147, 51.0498015]}, "properties": {"id": "osm:way:320834630", "type": "kindergarten", "name": "Naturkindergarten \"Eulennest e.V.\"", "source": "OpenStreetMap/Overpass"}}, {"type": "Feature", "geometry": {"type": "Point", "coordinates": [6.7765514, 50.8468818]}, "properties": {"id": "osm:way:320854116", "type": "kindergarten", "name": "Kath. Kindergarten St. Joseph", "source": "OpenStreetMap/Overpass"}}, {"type": "Feature", "geometry": {"type": "Point", "coordinates": [7.0475551, 51.0356189]}, "properties": {"id": "osm:way:321024880", "type": "kindergarten", "name": "Oulustraße", "source": "OpenStreetMap/Overpass"}}, {"type": "Feature", "geometry": {"type": "Point", "coordinates": [7.054215, 51.0385334]}, "properties": {"id": "osm:way:321025623", "type": "kindergarten", "name": "Integrative Tageseinrichtung für Kinder", "source": "OpenStreetMap/Overpass"}}, {"type": "Feature", "geometry": {"type": "Point", "coordinates": [7.0734751, 51.0451438]}, "properties": {"id": "osm:way:321031278", "type": "kindergarten", "name": "Tageseinrichtung für Kinder St. Matthias", "source": "OpenStreetMap/Overpass"}}, {"type": "Feature", "geometry": {"type": "Point", "coordinates": [7.069568, 51.0401466]}, "properties": {"id": "osm:way:321032705", "type": "kindergarten", "name": "Max-Beckmann-Straße", "source": "OpenStreetMap/Overpass"}}, {"type": "Feature", "geometry": {"type": "Point", "coordinates": [7.0500761, 51.0354608]}, "properties": {"id": "osm:way:321035300", "type": "kindergarten", "name": "Kindertagesstätte St. Andreas", "source": "OpenStreetMap/Overpass"}}, {"type": "Feature", "geometry": {"type": "Point", "coordinates": [6.9023815, 51.0196614]}, "properties": {"id": "osm:way:322745450", "type": "school", "name": "Gemeinschaftsgrundschule Riphahnstraße", "source": "OpenStreetMap/Overpass"}}, {"type": "Feature", "geometry": {"type": "Point", "coordinates": [6.9033228, 51.0203295]}, "properties": {"id": "osm:way:322745492", "type": "kindergarten", "name": "Der Bau", "source": "OpenStreetMap/Overpass"}}, {"type": "Feature", "geometry": {"type": "Point", "coordinates": [6.9030407, 51.0188935]}, "properties": {"id": "osm:way:322745496", "type": "kindergarten", "name": "Kita Riphahnstraße", "source": "OpenStreetMap/Overpass"}}, {"type": "Feature", "geometry": {"type": "Point", "coordinates": [6.9028496, 51.0202097]}, "properties": {"id": "osm:way:322745500", "type": "kindergarten", "name": "Städt. Kindergarten Abendrothstraße", "source": "OpenStreetMap/Overpass"}}, {"type": "Feature", "geometry": {"type": "Point", "coordinates": [6.9102062, 51.0202415]}, "properties": {"id": "osm:way:322749178", "type": "school", "name": "Henry-Ford-Realschule", "source": "OpenStreetMap/Overpass"}}, {"type": "Feature", "geometry": {"type": "Point", "coordinates": [6.8903522, 51.01434]}, "properties": {"id": "osm:way:322759818", "type": "kindergarten", "name": "Städtischer Kindergarten", "source": "OpenStreetMap/Overpass"}}, {"type": "Feature", "geometry": {"type": "Point", "coordinates": [6.8873704, 51.0067648]}, "properties": {"id": "osm:way:322762463", "type": "kindergarten", "name": "Städtische Kindertagesstätte", "source": "OpenStreetMap/Overpass"}}, {"type": "Feature", "geometry": {"type": "Point", "coordinates": [6.8767419, 51.0007077]}, "properties": {"id": "osm:way:322917135", "type": "kindergarten", "name": "Städt. Kindergarten", "source": "OpenStreetMap/Overpass"}}, {"type": "Feature", "geometry": {"type": "Point", "coordinates": [6.8893533, 51.0366991]}, "properties": {"id": "osm:way:323256006", "type": "kindergarten", "name": "Städt. Tageseinrichtung", "source": "OpenStreetMap/Overpass"}}, {"type": "Feature", "geometry": {"type": "Point", "coordinates": [6.8860587, 51.0403696]}, "properties": {"id": "osm:way:323306241", "type": "kindergarten", "name": "Städtische Tageseinrichtung", "source": "OpenStreetMap/Overpass"}}, {"type": "Feature", "geometry": {"type": "Point", "coordinates": [6.8855704, 51.0375457]}, "properties": {"id": "osm:way:323310513", "type": "kindergarten", "name": "KölnKitas", "source": "OpenStreetMap/Overpass"}}, {"type": "Feature", "geometry": {"type": "Point", "coordinates": [6.9017428, 51.0384698]}, "properties": {"id": "osm:way:323319565", "type": "kindergarten", "name": "Katholische Kindertagesstätte St. Marien", "source": "OpenStreetMap/Overpass"}}, {"type": "Feature", "geometry": {"type": "Point", "coordinates": [6.8870828, 51.0061477]}, "properties": {"id": "osm:way:323958121", "type": "school", "name": "Gemeinschaftsgrundschule Soldiner Straße", "source": "OpenStreetMap/Overpass"}}, {"type": "Feature", "geometry": {"type": "Point", "coordinates": [6.9549556, 50.9715172]}, "properties": {"id": "osm:way:325386613", "type": "school", "name": "Edith-Stein-Realschule (derzeit im Umbau)", "source": "OpenStreetMap/Overpass"}}, {"type": "Feature", "geometry": {"type": "Point", "coordinates": [6.9567614, 50.9703744]}, "properties": {"id": "osm:way:325430548", "type": "school", "name": "Maternus Grundschule", "source": "OpenStreetMap/Overpass"}}, {"type": "Feature", "geometry": {"type": "Point", "coordinates": [6.9022887, 51.0094842]}, "properties": {"id": "osm:way:326283384", "type": "school", "name": "Kath. Grundschule Lebensbaumweg", "source": "OpenStreetMap/Overpass"}}, {"type": "Feature", "geometry": {"type": "Point", "coordinates": [7.1573658, 50.9612626]}, "properties": {"id": "osm:way:327001796", "type": "school", "name": "", "source": "OpenStreetMap/Overpass"}}, {"type": "Feature", "geometry": {"type": "Point", "coordinates": [7.1572144, 50.9611923]}, "properties": {"id": "osm:way:327002049", "type": "school", "name": "", "source": "OpenStreetMap/Overpass"}}, {"type": "Feature", "geometry": {"type": "Point", "coordinates": [6.894225, 50.9648609]}, "properties": {"id": "osm:way:327036988", "type": "school", "name": "Kath. Grundschule Erlenweg", "source": "OpenStreetMap/Overpass"}}, {"type": "Feature", "geometry": {"type": "Point", "coordinates": [6.8827989, 51.0396233]}, "properties": {"id": "osm:way:327311977", "type": "school", "name": "Gemeinschaftsgrundschule Ernstbergstraße", "source": "OpenStreetMap/Overpass"}}, {"type": "Feature", "geometry": {"type": "Point", "coordinates": [6.9067067, 50.9573489]}, "properties": {"id": "osm:way:327497913", "type": "school", "name": "Astrid-Lindgren-Grundschule", "source": "OpenStreetMap/Overpass"}}, {"type": "Feature", "geometry": {"type": "Point", "coordinates": [7.0067885, 50.9588043]}, "properties": {"id": "osm:way:328654596", "type": "school", "name": "Elly-Heuss-Knapp-Schule", "source": "OpenStreetMap/Overpass"}}, {"type": "Feature", "geometry": {"type": "Point", "coordinates": [7.0027354, 50.9571064]}, "properties": {"id": "osm:way:328771367", "type": "kindergarten", "name": "KIndergarten Stadtgarten", "source": "OpenStreetMap/Overpass"}}, {"type": "Feature", "geometry": {"type": "Point", "coordinates": [7.0061121, 50.9563823]}, "properties": {"id": "osm:way:328771613", "type": "kindergarten", "name": "Haus der kleinen Forscher", "source": "OpenStreetMap/Overpass"}}, {"type": "Feature", "geometry": {"type": "Point", "coordinates": [7.0026733, 50.9562236]}, "properties": {"id": "osm:way:328771646", "type": "school", "name": "Gesamtschule Mülheim Außenstelle", "source": "OpenStreetMap/Overpass"}}, {"type": "Feature", "geometry": {"type": "Point", "coordinates": [7.0409075, 51.0016418]}, "properties": {"id": "osm:way:330710318", "type": "kindergarten", "name": "Kinder-Café Lollypop", "source": "OpenStreetMap/Overpass"}}, {"type": "Feature", "geometry": {"type": "Point", "coordinates": [6.9901145, 50.9967799]}, "properties": {"id": "osm:way:330802446", "type": "kindergarten", "name": "Städtische Kindertageseinrichtung Peter-Grieß-Straße", "source": "OpenStreetMap/Overpass"}}, {"type": "Feature", "geometry": {"type": "Point", "coordinates": [7.001465, 50.9836423]}, "properties": {"id": "osm:way:330840636", "type": "kindergarten", "name": "", "source": "OpenStreetMap/Overpass"}}, {"type": "Feature", "geometry": {"type": "Point", "coordinates": [6.9825514, 51.0500758]}, "properties": {"id": "osm:way:331895405", "type": "kindergarten", "name": "Städt. Kita Markusweg", "source": "OpenStreetMap/Overpass"}}, {"type": "Feature", "geometry": {"type": "Point", "coordinates": [7.0490704, 50.9285549]}, "properties": {"id": "osm:way:332040710", "type": "kindergarten", "name": "Kindertagesstädte Ludwig-Ronig-Straße", "source": "OpenStreetMap/Overpass"}}, {"type": "Feature", "geometry": {"type": "Point", "coordinates": [7.0441005, 50.930525]}, "properties": {"id": "osm:way:332184361", "type": "kindergarten", "name": "FRÖBEL Bildung und Erziehung gGmbH Fantasielabor", "source": "OpenStreetMap/Overpass"}}, {"type": "Feature", "geometry": {"type": "Point", "coordinates": [7.0496593, 50.9263849]}, "properties": {"id": "osm:way:332184364", "type": "school", "name": "Albert-Schweitzer-Realschule", "source": "OpenStreetMap/Overpass"}}, {"type": "Feature", "geometry": {"type": "Point", "coordinates": [7.0286018, 51.0014227]}, "properties": {"id": "osm:way:333352637", "type": "school", "name": "Katholische Grundschule", "source": "OpenStreetMap/Overpass"}}, {"type": "Feature", "geometry": {"type": "Point", "coordinates": [7.02771, 51.0007069]}, "properties": {"id": "osm:way:333361228", "type": "kindergarten", "name": "Ev. Kindergarten Mutzbach Arche", "source": "OpenStreetMap/Overpass"}}, {"type": "Feature", "geometry": {"type": "Point", "coordinates": [7.0220287, 50.9457287]}, "properties": {"id": "osm:way:333495602", "type": "school", "name": "", "source": "OpenStreetMap/Overpass"}}, {"type": "Feature", "geometry": {"type": "Point", "coordinates": [7.0328928, 50.9828567]}, "properties": {"id": "osm:way:333757915", "type": "school", "name": "Kath. Grundschule Honschaftsstraße", "source": "OpenStreetMap/Overpass"}}, {"type": "Feature", "geometry": {"type": "Point", "coordinates": [7.0329368, 50.9825798]}, "properties": {"id": "osm:way:333757917", "type": "school", "name": "Kath. Grundschule Honschaftsstraße", "source": "OpenStreetMap/Overpass"}}, {"type": "Feature", "geometry": {"type": "Point", "coordinates": [7.0109361, 50.9752535]}, "properties": {"id": "osm:way:333966738", "type": "kindergarten", "name": "Kindertagesstätte St. Antonius", "source": "OpenStreetMap/Overpass"}}, {"type": "Feature", "geometry": {"type": "Point", "coordinates": [6.9586426, 50.9314709]}, "properties": {"id": "osm:way:334597833", "type": "school", "name": "Kaiserin-Augusta-Schule", "source": "OpenStreetMap/Overpass"}}, {"type": "Feature", "geometry": {"type": "Point", "coordinates": [6.9586659, 50.9305892]}, "properties": {"id": "osm:way:334597835", "type": "school", "name": "Severin-Schule", "source": "OpenStreetMap/Overpass"}}, {"type": "Feature", "geometry": {"type": "Point", "coordinates": [7.0408565, 51.0021201]}, "properties": {"id": "osm:way:334764126", "type": "school", "name": "Förderschule Berliner Straße (FES)", "source": "OpenStreetMap/Overpass"}}, {"type": "Feature", "geometry": {"type": "Point", "coordinates": [7.0445854, 50.9360055]}, "properties": {"id": "osm:way:335180818", "type": "kindergarten", "name": "Kindertagesstätte und Familienzentrum Uckermarkstraße", "source": "OpenStreetMap/Overpass"}}, {"type": "Feature", "geometry": {"type": "Point", "coordinates": [6.987259, 50.9865934]}, "properties": {"id": "osm:way:335656125", "type": "school", "name": "Kath. Grundschule Diependahlstraße", "source": "OpenStreetMap/Overpass"}}, {"type": "Feature", "geometry": {"type": "Point", "coordinates": [7.1284418, 50.8302576]}, "properties": {"id": "osm:way:335741471", "type": "kindergarten", "name": "Kindertagesstätte KiKu Wäldchen", "source": "OpenStreetMap/Overpass"}}, {"type": "Feature", "geometry": {"type": "Point", "coordinates": [7.1125412, 50.8339953]}, "properties": {"id": "osm:way:335747243", "type": "kindergarten", "name": "CJD Kindertagesstätte Moosbeerenweg", "source": "OpenStreetMap/Overpass"}}, {"type": "Feature", "geometry": {"type": "Point", "coordinates": [7.0384937, 50.9970707]}, "properties": {"id": "osm:way:335776152", "type": "school", "name": "GGS Leuchterstraße", "source": "OpenStreetMap/Overpass"}}, {"type": "Feature", "geometry": {"type": "Point", "coordinates": [6.9795556, 50.9974994]}, "properties": {"id": "osm:way:335811967", "type": "school", "name": "LVR-Heinrich-Welsch-Schule", "source": "OpenStreetMap/Overpass"}}, {"type": "Feature", "geometry": {"type": "Point", "coordinates": [6.991285, 50.9971052]}, "properties": {"id": "osm:way:335825918", "type": "school", "name": "Offene Ganztagsgrundschule Regenbogen", "source": "OpenStreetMap/Overpass"}}, {"type": "Feature", "geometry": {"type": "Point", "coordinates": [7.0082159, 50.9862761]}, "properties": {"id": "osm:way:336119251", "type": "school", "name": "KGS Luzerner Weg", "source": "OpenStreetMap/Overpass"}}, {"type": "Feature", "geometry": {"type": "Point", "coordinates": [7.0251107, 50.9859416]}, "properties": {"id": "osm:way:336127809", "type": "school", "name": "Gemeinschaftshauptschule Von-Bodelschwingh-Straße", "source": "OpenStreetMap/Overpass"}}, {"type": "Feature", "geometry": {"type": "Point", "coordinates": [6.8049419, 50.9026762]}, "properties": {"id": "osm:way:337117290", "type": "kindergarten", "name": "Inklusive Kindertagesstätte Arte (Herbertskaul)", "source": "OpenStreetMap/Overpass"}}, {"type": "Feature", "geometry": {"type": "Point", "coordinates": [6.9907335, 50.9835406]}, "properties": {"id": "osm:way:337454547", "type": "school", "name": "Gemeinschaftsgrundschule Ricarda-Huch-Straße", "source": "OpenStreetMap/Overpass"}}, {"type": "Feature", "geometry": {"type": "Point", "coordinates": [6.9118017, 50.9552528]}, "properties": {"id": "osm:way:337470652", "type": "school", "name": "Förderschule Wilhelm-Leyendecker (FLE)", "source": "OpenStreetMap/Overpass"}}, {"type": "Feature", "geometry": {"type": "Point", "coordinates": [6.9986977, 50.9327619]}, "properties": {"id": "osm:way:338002197", "type": "school", "name": "Georg-Simon-Ohm-Berufskolleg", "source": "OpenStreetMap/Overpass"}}, {"type": "Feature", "geometry": {"type": "Point", "coordinates": [7.0537649, 51.0436512]}, "properties": {"id": "osm:way:338684588", "type": "kindergarten", "name": "Kreuzbroicher Straße", "source": "OpenStreetMap/Overpass"}}, {"type": "Feature", "geometry": {"type": "Point", "coordinates": [6.9169067, 50.9464536]}, "properties": {"id": "osm:way:338698741", "type": "kindergarten", "name": "Evangelische Kindertagesstätte Fröbelstraße", "source": "OpenStreetMap/Overpass"}}, {"type": "Feature", "geometry": {"type": "Point", "coordinates": [6.9206355, 50.9525702]}, "properties": {"id": "osm:way:339811722", "type": "school", "name": "Geschwister-Scholl-Schule", "source": "OpenStreetMap/Overpass"}}, {"type": "Feature", "geometry": {"type": "Point", "coordinates": [6.8124068, 50.9137107]}, "properties": {"id": "osm:way:339879132", "type": "school", "name": "Ringschule Frechen Gemeinschaftsgrundschule", "source": "OpenStreetMap/Overpass"}}, {"type": "Feature", "geometry": {"type": "Point", "coordinates": [7.0590599, 50.943446]}, "properties": {"id": "osm:way:340576142", "type": "kindergarten", "name": "Kita Walnussweg", "source": "OpenStreetMap/Overpass"}}, {"type": "Feature", "geometry": {"type": "Point", "coordinates": [6.9186677, 50.9461344]}, "properties": {"id": "osm:way:341611721", "type": "kindergarten", "name": "Bezirksamt Ehrenfeld Kindertagesstätte", "source": "OpenStreetMap/Overpass"}}, {"type": "Feature", "geometry": {"type": "Point", "coordinates": [6.9624691, 50.9678652]}, "properties": {"id": "osm:way:342426808", "type": "kindergarten", "name": "Kindertagesstätte Kalkarer Straße", "source": "OpenStreetMap/Overpass"}}, {"type": "Feature", "geometry": {"type": "Point", "coordinates": [6.9559959, 50.9703683]}, "properties": {"id": "osm:way:342797470", "type": "school", "name": "Leonardo Da Vinci Gymnasium (Zweitstelle)", "source": "OpenStreetMap/Overpass"}}, {"type": "Feature", "geometry": {"type": "Point", "coordinates": [6.9288201, 50.9493526]}, "properties": {"id": "osm:way:343977923", "type": "school", "name": "Everhardstraße (KGS)", "source": "OpenStreetMap/Overpass"}}, {"type": "Feature", "geometry": {"type": "Point", "coordinates": [6.7801641, 51.0765613]}, "properties": {"id": "osm:way:344577580", "type": "school", "name": "Tannenbusch Schule", "source": "OpenStreetMap/Overpass"}}, {"type": "Feature", "geometry": {"type": "Point", "coordinates": [6.9274879, 50.9557304]}, "properties": {"id": "osm:way:346962803", "type": "school", "name": "Heliosschule", "source": "OpenStreetMap/Overpass"}}, {"type": "Feature", "geometry": {"type": "Point", "coordinates": [6.9317732, 50.9549437]}, "properties": {"id": "osm:way:346987402", "type": "kindergarten", "name": "Kindertagesstätte und Familienzentrum Liebigstraße Liebigstraße", "source": "OpenStreetMap/Overpass"}}, {"type": "Feature", "geometry": {"type": "Point", "coordinates": [6.9224419, 50.9586641]}, "properties": {"id": "osm:way:347332491", "type": "school", "name": "Gemeinschaftsgrundschule Nußbaumer Straße", "source": "OpenStreetMap/Overpass"}}, {"type": "Feature", "geometry": {"type": "Point", "coordinates": [6.9215051, 50.952649]}, "properties": {"id": "osm:way:347337464", "type": "school", "name": "Geschwister-Scholl-Realschule", "source": "OpenStreetMap/Overpass"}}, {"type": "Feature", "geometry": {"type": "Point", "coordinates": [6.9501985, 50.9617559]}, "properties": {"id": "osm:way:347757412", "type": "school", "name": "Gemeinschaftsgrundschule Steinbergerstraße", "source": "OpenStreetMap/Overpass"}}, {"type": "Feature", "geometry": {"type": "Point", "coordinates": [6.9511923, 50.9600952]}, "properties": {"id": "osm:way:348386921", "type": "school", "name": "Förderschule Auguststraße (FES)", "source": "OpenStreetMap/Overpass"}}, {"type": "Feature", "geometry": {"type": "Point", "coordinates": [7.0581265, 50.9681872]}, "properties": {"id": "osm:way:348415845", "type": "kindergarten", "name": "Kita Neufelder Straße", "source": "OpenStreetMap/Overpass"}}, {"type": "Feature", "geometry": {"type": "Point", "coordinates": [7.0435929, 50.9838067]}, "properties": {"id": "osm:way:348786481", "type": "school", "name": "Willy-Brandt-Gesamtschule", "source": "OpenStreetMap/Overpass"}}, {"type": "Feature", "geometry": {"type": "Point", "coordinates": [6.9897236, 50.9472855]}, "properties": {"id": "osm:way:349308622", "type": "school", "name": "Trude-Herr-Gesamtschule", "source": "OpenStreetMap/Overpass"}}, {"type": "Feature", "geometry": {"type": "Point", "coordinates": [6.9896373, 50.9472223]}, "properties": {"id": "osm:way:349308634", "type": "school", "name": "", "source": "OpenStreetMap/Overpass"}}, {"type": "Feature", "geometry": {"type": "Point", "coordinates": [6.9981514, 51.0475633]}, "properties": {"id": "osm:way:349583804", "type": "school", "name": "Kerschensteiner Schule", "source": "OpenStreetMap/Overpass"}}, {"type": "Feature", "geometry": {"type": "Point", "coordinates": [7.0384693, 51.0339801]}, "properties": {"id": "osm:way:349598446", "type": "school", "name": "Freiherr-vom-Stein-Gymnasium", "source": "OpenStreetMap/Overpass"}}, {"type": "Feature", "geometry": {"type": "Point", "coordinates": [7.0804138, 50.9445002]}, "properties": {"id": "osm:way:349632208", "type": "kindergarten", "name": "Kindergarten Sankt Hubertus", "source": "OpenStreetMap/Overpass"}}, {"type": "Feature", "geometry": {"type": "Point", "coordinates": [7.0033421, 50.9699191]}, "properties": {"id": "osm:way:349909782", "type": "kindergarten", "name": "Städtische Kindertageseinrichtung Düsseldorder Straße", "source": "OpenStreetMap/Overpass"}}, {"type": "Feature", "geometry": {"type": "Point", "coordinates": [7.0516939, 50.973574]}, "properties": {"id": "osm:way:350210531", "type": "kindergarten", "name": "Kindertagesstätte, Familienzentrum", "source": "OpenStreetMap/Overpass"}}, {"type": "Feature", "geometry": {"type": "Point", "coordinates": [7.0489879, 50.9787525]}, "properties": {"id": "osm:way:350328031", "type": "kindergarten", "name": "Kindertagesstätte Glockenblumenweg", "source": "OpenStreetMap/Overpass"}}, {"type": "Feature", "geometry": {"type": "Point", "coordinates": [7.0515812, 50.9753898]}, "properties": {"id": "osm:way:350328032", "type": "kindergarten", "name": "Städtische Kindertageseinrichtung Franz-Werfel-Straße", "source": "OpenStreetMap/Overpass"}}, {"type": "Feature", "geometry": {"type": "Point", "coordinates": [7.0355019, 50.9712787]}, "properties": {"id": "osm:way:352674970", "type": "kindergarten", "name": "", "source": "OpenStreetMap/Overpass"}}, {"type": "Feature", "geometry": {"type": "Point", "coordinates": [6.8048926, 50.9026408]}, "properties": {"id": "osm:way:352737386", "type": "kindergarten", "name": "Kita Arte", "source": "OpenStreetMap/Overpass"}}, {"type": "Feature", "geometry": {"type": "Point", "coordinates": [7.0458139, 50.9490912]}, "properties": {"id": "osm:way:352874547", "type": "school", "name": "Kath. Grundschule Fußfallstraße", "source": "OpenStreetMap/Overpass"}}, {"type": "Feature", "geometry": {"type": "Point", "coordinates": [7.0402126, 50.9707312]}, "properties": {"id": "osm:way:352891123", "type": "school", "name": "Berthold-Otto-Grundschule", "source": "OpenStreetMap/Overpass"}}, {"type": "Feature", "geometry": {"type": "Point", "coordinates": [7.0393486, 50.9699793]}, "properties": {"id": "osm:way:352891160", "type": "kindergarten", "name": "", "source": "OpenStreetMap/Overpass"}}, {"type": "Feature", "geometry": {"type": "Point", "coordinates": [7.0569934, 50.9447746]}, "properties": {"id": "osm:way:353050090", "type": "kindergarten", "name": "Kindertagesstätte Änne-Schulte-Straße", "source": "OpenStreetMap/Overpass"}}, {"type": "Feature", "geometry": {"type": "Point", "coordinates": [7.0189095, 50.9483376]}, "properties": {"id": "osm:way:354936615", "type": "kindergarten", "name": "Kindertagesstätte Gothaer Platz", "source": "OpenStreetMap/Overpass"}}, {"type": "Feature", "geometry": {"type": "Point", "coordinates": [7.0193896, 50.9513515]}, "properties": {"id": "osm:way:354951308", "type": "school", "name": "Erich-Gutenberg-Berufskolleg", "source": "OpenStreetMap/Overpass"}}, {"type": "Feature", "geometry": {"type": "Point", "coordinates": [7.0114157, 50.9502343]}, "properties": {"id": "osm:way:354951316", "type": "kindergarten", "name": "Kindergarten Tante Maria", "source": "OpenStreetMap/Overpass"}}, {"type": "Feature", "geometry": {"type": "Point", "coordinates": [7.0079585, 50.9643283]}, "properties": {"id": "osm:way:357261407", "type": "school", "name": "Genoveva-Gymnasium", "source": "OpenStreetMap/Overpass"}}, {"type": "Feature", "geometry": {"type": "Point", "coordinates": [7.0227239, 50.9605161]}, "properties": {"id": "osm:way:358412446", "type": "school", "name": "Gemeinschaftshauptschule - Wuppertaler Straße", "source": "OpenStreetMap/Overpass"}}, {"type": "Feature", "geometry": {"type": "Point", "coordinates": [7.0700253, 50.9459312]}, "properties": {"id": "osm:way:358523628", "type": "kindergarten", "name": "Evangel. Kindergarten", "source": "OpenStreetMap/Overpass"}}, {"type": "Feature", "geometry": {"type": "Point", "coordinates": [6.9058787, 51.0240106]}, "properties": {"id": "osm:way:359649853", "type": "school", "name": "Gustav-Heinemann-Gemeinschaftshauptschule", "source": "OpenStreetMap/Overpass"}}, {"type": "Feature", "geometry": {"type": "Point", "coordinates": [6.9073917, 51.0233757]}, "properties": {"id": "osm:way:359649854", "type": "kindergarten", "name": "Städt. Kindergarten", "source": "OpenStreetMap/Overpass"}}, {"type": "Feature", "geometry": {"type": "Point", "coordinates": [6.9145708, 51.017421]}, "properties": {"id": "osm:way:359650622", "type": "school", "name": "Sankt-Martin-Grundschule (kath.)", "source": "OpenStreetMap/Overpass"}}, {"type": "Feature", "geometry": {"type": "Point", "coordinates": [6.9194676, 51.0479452]}, "properties": {"id": "osm:way:360584829", "type": "kindergarten", "name": "Regenbogen e. V.", "source": "OpenStreetMap/Overpass"}}, {"type": "Feature", "geometry": {"type": "Point", "coordinates": [6.9436323, 50.939273]}, "properties": {"id": "osm:way:360611636", "type": "school", "name": "Königin-Luise-Schule", "source": "OpenStreetMap/Overpass"}}, {"type": "Feature", "geometry": {"type": "Point", "coordinates": [7.0570764, 50.871999]}, "properties": {"id": "osm:way:360787754", "type": "school", "name": "Gemeinschaftsgrundschule Irisweg", "source": "OpenStreetMap/Overpass"}}, {"type": "Feature", "geometry": {"type": "Point", "coordinates": [7.0098409, 50.9695449]}, "properties": {"id": "osm:way:361085523", "type": "kindergarten", "name": "Städt. Kindertagesstätte", "source": "OpenStreetMap/Overpass"}}, {"type": "Feature", "geometry": {"type": "Point", "coordinates": [6.900358, 51.0263425]}, "properties": {"id": "osm:way:361786662", "type": "school", "name": "Heinrich-Böll-Gesamtschule", "source": "OpenStreetMap/Overpass"}}, {"type": "Feature", "geometry": {"type": "Point", "coordinates": [6.8977688, 51.02746]}, "properties": {"id": "osm:way:361790077", "type": "school", "name": "GGS Merianstraße", "source": "OpenStreetMap/Overpass"}}, {"type": "Feature", "geometry": {"type": "Point", "coordinates": [6.90496, 50.8591895]}, "properties": {"id": "osm:way:362153632", "type": "kindergarten", "name": "FRÖBEL-Kindergarten \"Wasserkäfer\"", "source": "OpenStreetMap/Overpass"}}, {"type": "Feature", "geometry": {"type": "Point", "coordinates": [6.94194, 50.932646]}, "properties": {"id": "osm:way:364650862", "type": "school", "name": "Berufskolleg Humboldtstraße", "source": "OpenStreetMap/Overpass"}}, {"type": "Feature", "geometry": {"type": "Point", "coordinates": [6.8916257, 50.8560571]}, "properties": {"id": "osm:way:370076844", "type": "school", "name": "Martinusschule Katholische Grundschule", "source": "OpenStreetMap/Overpass"}}, {"type": "Feature", "geometry": {"type": "Point", "coordinates": [6.8859363, 50.8638842]}, "properties": {"id": "osm:way:370967093", "type": "school", "name": "Gemeinschaftsgrundschule Kendenich", "source": "OpenStreetMap/Overpass"}}, {"type": "Feature", "geometry": {"type": "Point", "coordinates": [6.8641899, 50.8672119]}, "properties": {"id": "osm:way:371530199", "type": "school", "name": "Gemeinschaftsgrundschule \"Am Clementinenhof\"", "source": "OpenStreetMap/Overpass"}}, {"type": "Feature", "geometry": {"type": "Point", "coordinates": [6.8628456, 50.8943354]}, "properties": {"id": "osm:way:372512693", "type": "school", "name": "Milos-Sovak-Schule", "source": "OpenStreetMap/Overpass"}}, {"type": "Feature", "geometry": {"type": "Point", "coordinates": [6.8572195, 50.881293]}, "properties": {"id": "osm:way:372760213", "type": "school", "name": "Carl-Orff-Grundschule", "source": "OpenStreetMap/Overpass"}}, {"type": "Feature", "geometry": {"type": "Point", "coordinates": [6.8582036, 50.8814082]}, "properties": {"id": "osm:way:372762197", "type": "kindergarten", "name": "KiTa der AWO \"Schmetterlinge\"", "source": "OpenStreetMap/Overpass"}}, {"type": "Feature", "geometry": {"type": "Point", "coordinates": [6.8382267, 50.8900688]}, "properties": {"id": "osm:way:373984006", "type": "school", "name": "Alexandra-Klausa-Berufskolleg", "source": "OpenStreetMap/Overpass"}}, {"type": "Feature", "geometry": {"type": "Point", "coordinates": [6.8374888, 50.8895319]}, "properties": {"id": "osm:way:373984008", "type": "school", "name": "Gebrüder Grimm Gemeinschaftsgrundschule", "source": "OpenStreetMap/Overpass"}}, {"type": "Feature", "geometry": {"type": "Point", "coordinates": [6.8384845, 50.8899178]}, "properties": {"id": "osm:way:373984010", "type": "kindergarten", "name": "Heilpäd. KiTa der Lebenshilfe im Rhein-Erft-Kreis e.V. \"Eberhard Höpfner\"", "source": "OpenStreetMap/Overpass"}}, {"type": "Feature", "geometry": {"type": "Point", "coordinates": [6.8341156, 50.8906069]}, "properties": {"id": "osm:way:375009656", "type": "kindergarten", "name": "Katholischer Kindergarten St. Dionysius", "source": "OpenStreetMap/Overpass"}}, {"type": "Feature", "geometry": {"type": "Point", "coordinates": [7.0537059, 51.0379462]}, "properties": {"id": "osm:way:376343118", "type": "school", "name": "KGS-Gezelin Schule", "source": "OpenStreetMap/Overpass"}}, {"type": "Feature", "geometry": {"type": "Point", "coordinates": [6.8754175, 50.8830294]}, "properties": {"id": "osm:way:377044412", "type": "kindergarten", "name": "KiTa der AWO", "source": "OpenStreetMap/Overpass"}}, {"type": "Feature", "geometry": {"type": "Point", "coordinates": [6.8763254, 50.8812578]}, "properties": {"id": "osm:way:377044414", "type": "kindergarten", "name": "Städt. Familienzentrum \"Wibbelstätz\"", "source": "OpenStreetMap/Overpass"}}, {"type": "Feature", "geometry": {"type": "Point", "coordinates": [6.8748601, 50.8818846]}, "properties": {"id": "osm:way:377044415", "type": "kindergarten", "name": "Städt. Kindergarten", "source": "OpenStreetMap/Overpass"}}, {"type": "Feature", "geometry": {"type": "Point", "coordinates": [6.8845955, 50.8763436]}, "properties": {"id": "osm:way:377538814", "type": "kindergarten", "name": "Kita Vorwitznasen", "source": "OpenStreetMap/Overpass"}}, {"type": "Feature", "geometry": {"type": "Point", "coordinates": [6.8709915, 50.8854006]}, "properties": {"id": "osm:way:377659347", "type": "kindergarten", "name": "", "source": "OpenStreetMap/Overpass"}}, {"type": "Feature", "geometry": {"type": "Point", "coordinates": [6.8825971, 50.8897971]}, "properties": {"id": "osm:way:377666627", "type": "kindergarten", "name": "Integrative Kindertageseinrichtung Mobile", "source": "OpenStreetMap/Overpass"}}, {"type": "Feature", "geometry": {"type": "Point", "coordinates": [6.8892795, 50.8886986]}, "properties": {"id": "osm:way:378051857", "type": "kindergarten", "name": "Städt. KiTa \"Hürther Strolche\"", "source": "OpenStreetMap/Overpass"}}, {"type": "Feature", "geometry": {"type": "Point", "coordinates": [6.8874017, 50.8815429]}, "properties": {"id": "osm:way:378204557", "type": "school", "name": "KGS Deutschherrenschule", "source": "OpenStreetMap/Overpass"}}, {"type": "Feature", "geometry": {"type": "Point", "coordinates": [7.0410529, 50.933729]}, "properties": {"id": "osm:way:391770169", "type": "kindergarten", "name": "Fröbel-Kindergarten Wibbelstätz", "source": "OpenStreetMap/Overpass"}}, {"type": "Feature", "geometry": {"type": "Point", "coordinates": [6.8845075, 51.0185109]}, "properties": {"id": "osm:way:394581897", "type": "school", "name": "", "source": "OpenStreetMap/Overpass"}}, {"type": "Feature", "geometry": {"type": "Point", "coordinates": [7.0735289, 51.047535]}, "properties": {"id": "osm:way:398359797", "type": "kindergarten", "name": "", "source": "OpenStreetMap/Overpass"}}, {"type": "Feature", "geometry": {"type": "Point", "coordinates": [7.0855586, 51.0204777]}, "properties": {"id": "osm:way:402258739", "type": "kindergarten", "name": "Kita Altenberger-Dom-Straße", "source": "OpenStreetMap/Overpass"}}, {"type": "Feature", "geometry": {"type": "Point", "coordinates": [7.0619531, 51.0482017]}, "properties": {"id": "osm:way:404418704", "type": "school", "name": "Montanus Realschule", "source": "OpenStreetMap/Overpass"}}, {"type": "Feature", "geometry": {"type": "Point", "coordinates": [6.9439998, 50.9212134]}, "properties": {"id": "osm:way:404649168", "type": "school", "name": "Michaeli Schule Köln - Freie Waldorfschule", "source": "OpenStreetMap/Overpass"}}, {"type": "Feature", "geometry": {"type": "Point", "coordinates": [7.0741673, 51.0472101]}, "properties": {"id": "osm:way:404945985", "type": "school", "name": "Astrid-Lindgren-Schule", "source": "OpenStreetMap/Overpass"}}, {"type": "Feature", "geometry": {"type": "Point", "coordinates": [7.0184926, 51.0322392]}, "properties": {"id": "osm:way:405326703", "type": "school", "name": "Theodor-Wuppermann-Schule (Städt. Gemeinschaftshauptschule)", "source": "OpenStreetMap/Overpass"}}, {"type": "Feature", "geometry": {"type": "Point", "coordinates": [7.000123, 50.9667145]}, "properties": {"id": "osm:way:407457615", "type": "school", "name": "Rheinschule", "source": "OpenStreetMap/Overpass"}}, {"type": "Feature", "geometry": {"type": "Point", "coordinates": [7.1063403, 51.003707]}, "properties": {"id": "osm:way:408378140", "type": "kindergarten", "name": "", "source": "OpenStreetMap/Overpass"}}, {"type": "Feature", "geometry": {"type": "Point", "coordinates": [7.0000587, 51.0402178]}, "properties": {"id": "osm:way:408838412", "type": "school", "name": "", "source": "OpenStreetMap/Overpass"}}, {"type": "Feature", "geometry": {"type": "Point", "coordinates": [7.0523706, 51.0411146]}, "properties": {"id": "osm:way:410058638", "type": "school", "name": "Gesamtschule Leverkusen-Schlebusch", "source": "OpenStreetMap/Overpass"}}, {"type": "Feature", "geometry": {"type": "Point", "coordinates": [7.003963, 51.069031]}, "properties": {"id": "osm:way:411767482", "type": "school", "name": "Marienschule Opladen", "source": "OpenStreetMap/Overpass"}}, {"type": "Feature", "geometry": {"type": "Point", "coordinates": [6.9026086, 51.0098713]}, "properties": {"id": "osm:way:411844782", "type": "school", "name": "GGS Anna-Langohr-Schule", "source": "OpenStreetMap/Overpass"}}, {"type": "Feature", "geometry": {"type": "Point", "coordinates": [7.0011277, 51.0782443]}, "properties": {"id": "osm:way:412973908", "type": "school", "name": "Schule an der Wupper", "source": "OpenStreetMap/Overpass"}}, {"type": "Feature", "geometry": {"type": "Point", "coordinates": [6.9534357, 51.0643654]}, "properties": {"id": "osm:way:414442314", "type": "school", "name": "Käthe-Kollwitz-Schule", "source": "OpenStreetMap/Overpass"}}, {"type": "Feature", "geometry": {"type": "Point", "coordinates": [6.945265, 51.0512261]}, "properties": {"id": "osm:way:415099144", "type": "school", "name": "Grundschule Burgweg", "source": "OpenStreetMap/Overpass"}}, {"type": "Feature", "geometry": {"type": "Point", "coordinates": [7.0569815, 51.0633769]}, "properties": {"id": "osm:way:419244575", "type": "school", "name": "Gemeinschaftsgrundschule Im Kirchfeld", "source": "OpenStreetMap/Overpass"}}, {"type": "Feature", "geometry": {"type": "Point", "coordinates": [7.0337888, 51.0632096]}, "properties": {"id": "osm:way:419728897", "type": "school", "name": "Don-Bosco-Grundschule", "source": "OpenStreetMap/Overpass"}}, {"type": "Feature", "geometry": {"type": "Point", "coordinates": [7.0872266, 51.0525301]}, "properties": {"id": "osm:way:424294696", "type": "school", "name": "Katholische Grundschule In der Wasserkuhl", "source": "OpenStreetMap/Overpass"}}, {"type": "Feature", "geometry": {"type": "Point", "coordinates": [6.7839487, 50.9576971]}, "properties": {"id": "osm:way:424935937", "type": "school", "name": "Förderschule an der Jahnstraße", "source": "OpenStreetMap/Overpass"}}, {"type": "Feature", "geometry": {"type": "Point", "coordinates": [7.1239433, 51.0018141]}, "properties": {"id": "osm:way:425606718", "type": "kindergarten", "name": "Kindertagesstätte Heilsbrunner Hosenmätze", "source": "OpenStreetMap/Overpass"}}, {"type": "Feature", "geometry": {"type": "Point", "coordinates": [7.1310037, 50.9995726]}, "properties": {"id": "osm:way:425606727", "type": "school", "name": "Gemeinschaftsgrundschule Hebborn", "source": "OpenStreetMap/Overpass"}}, {"type": "Feature", "geometry": {"type": "Point", "coordinates": [7.1296631, 50.9997189]}, "properties": {"id": "osm:way:425606736", "type": "kindergarten", "name": "Wilde Wiese", "source": "OpenStreetMap/Overpass"}}, {"type": "Feature", "geometry": {"type": "Point", "coordinates": [7.1228337, 51.001565]}, "properties": {"id": "osm:way:425606810", "type": "school", "name": "", "source": "OpenStreetMap/Overpass"}}, {"type": "Feature", "geometry": {"type": "Point", "coordinates": [7.0946965, 50.9899946]}, "properties": {"id": "osm:way:430219644", "type": "kindergarten", "name": "Kindergarten Rasselbande e.V.", "source": "OpenStreetMap/Overpass"}}, {"type": "Feature", "geometry": {"type": "Point", "coordinates": [7.1022939, 50.9917515]}, "properties": {"id": "osm:way:430219671", "type": "kindergarten", "name": "Kindertagesstätte, Kindergarten", "source": "OpenStreetMap/Overpass"}}, {"type": "Feature", "geometry": {"type": "Point", "coordinates": [7.0870352, 50.9931894]}, "properties": {"id": "osm:way:430419912", "type": "kindergarten", "name": "Tausendfüßler Hand", "source": "OpenStreetMap/Overpass"}}, {"type": "Feature", "geometry": {"type": "Point", "coordinates": [7.083262, 51.0081262]}, "properties": {"id": "osm:way:430631471", "type": "school", "name": "Schulhofgelände GGS Katterbach", "source": "OpenStreetMap/Overpass"}}, {"type": "Feature", "geometry": {"type": "Point", "coordinates": [7.0822219, 51.0084748]}, "properties": {"id": "osm:way:430631532", "type": "kindergarten", "name": "", "source": "OpenStreetMap/Overpass"}}, {"type": "Feature", "geometry": {"type": "Point", "coordinates": [7.1137945, 50.9851798]}, "properties": {"id": "osm:way:430652002", "type": "kindergarten", "name": "Kindertagesstätte Katholisches Familienzentrum St. Marien", "source": "OpenStreetMap/Overpass"}}, {"type": "Feature", "geometry": {"type": "Point", "coordinates": [7.1046281, 50.9834133]}, "properties": {"id": "osm:way:430830732", "type": "kindergarten", "name": "Familienzentrum Kradepohl", "source": "OpenStreetMap/Overpass"}}, {"type": "Feature", "geometry": {"type": "Point", "coordinates": [7.1233262, 50.9760196]}, "properties": {"id": "osm:way:434820972", "type": "kindergarten", "name": "Kindergarten am Golfplatz", "source": "OpenStreetMap/Overpass"}}, {"type": "Feature", "geometry": {"type": "Point", "coordinates": [7.1255086, 50.9792111]}, "properties": {"id": "osm:way:434820973", "type": "kindergarten", "name": "Kindertagesstätte Arbeiterwohlfahrt", "source": "OpenStreetMap/Overpass"}}, {"type": "Feature", "geometry": {"type": "Point", "coordinates": [7.137465, 50.9870651]}, "properties": {"id": "osm:way:437468775", "type": "kindergarten", "name": "Caritas Kindergarten Ferrenberg", "source": "OpenStreetMap/Overpass"}}, {"type": "Feature", "geometry": {"type": "Point", "coordinates": [7.1334982, 50.9883906]}, "properties": {"id": "osm:way:437468778", "type": "kindergarten", "name": "Kita Kunterbunt", "source": "OpenStreetMap/Overpass"}}, {"type": "Feature", "geometry": {"type": "Point", "coordinates": [7.145869, 50.9822896]}, "properties": {"id": "osm:way:438282469", "type": "kindergarten", "name": "Offene Ganztagsgrundschule der GGS Heidkamp", "source": "OpenStreetMap/Overpass"}}, {"type": "Feature", "geometry": {"type": "Point", "coordinates": [7.1420632, 50.9811712]}, "properties": {"id": "osm:way:438282470", "type": "kindergarten", "name": "", "source": "OpenStreetMap/Overpass"}}, {"type": "Feature", "geometry": {"type": "Point", "coordinates": [6.9599646, 50.9637306]}, "properties": {"id": "osm:way:439416044", "type": "kindergarten", "name": "Kindergarten An den Clouthwerken", "source": "OpenStreetMap/Overpass"}}, {"type": "Feature", "geometry": {"type": "Point", "coordinates": [6.8967246, 50.8395633]}, "properties": {"id": "osm:way:439661162", "type": "kindergarten", "name": "Kinder- und Familienzentrum Brühl-Vochem", "source": "OpenStreetMap/Overpass"}}, {"type": "Feature", "geometry": {"type": "Point", "coordinates": [7.1088818, 50.9649874]}, "properties": {"id": "osm:way:440377731", "type": "kindergarten", "name": "", "source": "OpenStreetMap/Overpass"}}, {"type": "Feature", "geometry": {"type": "Point", "coordinates": [7.1061848, 50.9657992]}, "properties": {"id": "osm:way:440377733", "type": "kindergarten", "name": "", "source": "OpenStreetMap/Overpass"}}, {"type": "Feature", "geometry": {"type": "Point", "coordinates": [7.1109245, 50.9637519]}, "properties": {"id": "osm:way:440377734", "type": "kindergarten", "name": "", "source": "OpenStreetMap/Overpass"}}, {"type": "Feature", "geometry": {"type": "Point", "coordinates": [7.1113633, 50.9554295]}, "properties": {"id": "osm:way:440656375", "type": "school", "name": "GGS Refrath", "source": "OpenStreetMap/Overpass"}}, {"type": "Feature", "geometry": {"type": "Point", "coordinates": [7.123629, 50.9578483]}, "properties": {"id": "osm:way:442403505", "type": "kindergarten", "name": "Arche Noah", "source": "OpenStreetMap/Overpass"}}, {"type": "Feature", "geometry": {"type": "Point", "coordinates": [7.1259625, 50.9591089]}, "properties": {"id": "osm:way:442403507", "type": "school", "name": "Grundschule GGS Kippekausen", "source": "OpenStreetMap/Overpass"}}, {"type": "Feature", "geometry": {"type": "Point", "coordinates": [7.1174893, 50.9587476]}, "properties": {"id": "osm:way:442403517", "type": "kindergarten", "name": "Katholische Kindertagesstädte St. Johann Baptist", "source": "OpenStreetMap/Overpass"}}, {"type": "Feature", "geometry": {"type": "Point", "coordinates": [7.1298233, 50.9538953]}, "properties": {"id": "osm:way:443387248", "type": "school", "name": "Kath. Grundschule Frankenforst (ehem. Belg. Schule)", "source": "OpenStreetMap/Overpass"}}, {"type": "Feature", "geometry": {"type": "Point", "coordinates": [7.1352825, 50.955251]}, "properties": {"id": "osm:way:444183155", "type": "kindergarten", "name": "Kindertagesstätte St. Maria Königin", "source": "OpenStreetMap/Overpass"}}, {"type": "Feature", "geometry": {"type": "Point", "coordinates": [7.1497284, 50.9594673]}, "properties": {"id": "osm:way:444478412", "type": "kindergarten", "name": "", "source": "OpenStreetMap/Overpass"}}, {"type": "Feature", "geometry": {"type": "Point", "coordinates": [7.149508, 50.9619154]}, "properties": {"id": "osm:way:444478413", "type": "kindergarten", "name": "", "source": "OpenStreetMap/Overpass"}}, {"type": "Feature", "geometry": {"type": "Point", "coordinates": [7.156893, 50.9608852]}, "properties": {"id": "osm:way:444478416", "type": "school", "name": "", "source": "OpenStreetMap/Overpass"}}, {"type": "Feature", "geometry": {"type": "Point", "coordinates": [7.1606374, 50.9634661]}, "properties": {"id": "osm:way:444478457", "type": "school", "name": "Evangelische Grundschule Bensberg", "source": "OpenStreetMap/Overpass"}}, {"type": "Feature", "geometry": {"type": "Point", "coordinates": [7.1602278, 50.9643481]}, "properties": {"id": "osm:way:444478493", "type": "school", "name": "", "source": "OpenStreetMap/Overpass"}}, {"type": "Feature", "geometry": {"type": "Point", "coordinates": [7.1447823, 50.9652798]}, "properties": {"id": "osm:way:444644472", "type": "kindergarten", "name": "", "source": "OpenStreetMap/Overpass"}}, {"type": "Feature", "geometry": {"type": "Point", "coordinates": [6.8095762, 51.0641121]}, "properties": {"id": "osm:way:459453135", "type": "school", "name": "Grundschule Burg Hackenbroich", "source": "OpenStreetMap/Overpass"}}, {"type": "Feature", "geometry": {"type": "Point", "coordinates": [7.08614, 51.0154782]}, "properties": {"id": "osm:way:459584529", "type": "kindergarten", "name": "Familienzentrum Schneckenhaus", "source": "OpenStreetMap/Overpass"}}, {"type": "Feature", "geometry": {"type": "Point", "coordinates": [6.799797, 51.0063725]}, "properties": {"id": "osm:way:460817775", "type": "school", "name": "Geschwister-Scholl-Gymnasium", "source": "OpenStreetMap/Overpass"}}, {"type": "Feature", "geometry": {"type": "Point", "coordinates": [7.1341298, 50.9933107]}, "properties": {"id": "osm:way:470815667", "type": "school", "name": "", "source": "OpenStreetMap/Overpass"}}, {"type": "Feature", "geometry": {"type": "Point", "coordinates": [6.9903569, 50.8933363]}, "properties": {"id": "osm:way:473052163", "type": "kindergarten", "name": "Katholische Kindertagesstätte St. Maternus", "source": "OpenStreetMap/Overpass"}}, {"type": "Feature", "geometry": {"type": "Point", "coordinates": [6.8077624, 50.9054316]}, "properties": {"id": "osm:way:473980089", "type": "school", "name": "Grundschule Frechen", "source": "OpenStreetMap/Overpass"}}, {"type": "Feature", "geometry": {"type": "Point", "coordinates": [6.9544869, 50.9706449]}, "properties": {"id": "osm:way:481046455", "type": "school", "name": "Barbara-von-Sell Berufskolleg", "source": "OpenStreetMap/Overpass"}}, {"type": "Feature", "geometry": {"type": "Point", "coordinates": [6.9929611, 50.9122929]}, "properties": {"id": "osm:way:496441702", "type": "kindergarten", "name": "", "source": "OpenStreetMap/Overpass"}}, {"type": "Feature", "geometry": {"type": "Point", "coordinates": [6.8035832, 50.912653]}, "properties": {"id": "osm:way:503483596", "type": "school", "name": "Realschule Frechen", "source": "OpenStreetMap/Overpass"}}, {"type": "Feature", "geometry": {"type": "Point", "coordinates": [6.8235173, 50.8953865]}, "properties": {"id": "osm:way:508324735", "type": "school", "name": "Albert-Einstein-Schule", "source": "OpenStreetMap/Overpass"}}, {"type": "Feature", "geometry": {"type": "Point", "coordinates": [6.7904747, 50.9292262]}, "properties": {"id": "osm:way:508653948", "type": "kindergarten", "name": "Kita Weltentdecker", "source": "OpenStreetMap/Overpass"}}, {"type": "Feature", "geometry": {"type": "Point", "coordinates": [6.9662878, 50.9622188]}, "properties": {"id": "osm:way:513082481", "type": "kindergarten", "name": "Kindertageseinrichtung Amsterdamer Straße 59", "source": "OpenStreetMap/Overpass"}}, {"type": "Feature", "geometry": {"type": "Point", "coordinates": [6.9601982, 50.953337]}, "properties": {"id": "osm:way:519418309", "type": "school", "name": "Gemeinschaftsgrundschule Balthasarstraße", "source": "OpenStreetMap/Overpass"}}, {"type": "Feature", "geometry": {"type": "Point", "coordinates": [7.0105796, 50.8785754]}, "properties": {"id": "osm:way:534250852", "type": "kindergarten", "name": "Kita Feldhamsterstraße", "source": "OpenStreetMap/Overpass"}}, {"type": "Feature", "geometry": {"type": "Point", "coordinates": [7.0114805, 50.8668406]}, "properties": {"id": "osm:way:534328626", "type": "kindergarten", "name": "KitaMare", "source": "OpenStreetMap/Overpass"}}, {"type": "Feature", "geometry": {"type": "Point", "coordinates": [6.9839213, 50.942645]}, "properties": {"id": "osm:way:535997149", "type": "school", "name": "Gymnasium Deutz", "source": "OpenStreetMap/Overpass"}}, {"type": "Feature", "geometry": {"type": "Point", "coordinates": [6.9263515, 50.9916891]}, "properties": {"id": "osm:way:539982627", "type": "kindergarten", "name": "", "source": "OpenStreetMap/Overpass"}}, {"type": "Feature", "geometry": {"type": "Point", "coordinates": [6.9806395, 50.9359572]}, "properties": {"id": "osm:way:549947939", "type": "school", "name": "Berufskolleg Deutzer Freiheit", "source": "OpenStreetMap/Overpass"}}, {"type": "Feature", "geometry": {"type": "Point", "coordinates": [6.81867, 50.8992018]}, "properties": {"id": "osm:way:552511569", "type": "kindergarten", "name": "Kath. Kindergarten Heilig Geist", "source": "OpenStreetMap/Overpass"}}, {"type": "Feature", "geometry": {"type": "Point", "coordinates": [7.0728875, 51.0050907]}, "properties": {"id": "osm:way:553359988", "type": "kindergarten", "name": "Kindergarten Klutstein", "source": "OpenStreetMap/Overpass"}}, {"type": "Feature", "geometry": {"type": "Point", "coordinates": [7.1569446, 50.96739]}, "properties": {"id": "osm:way:553812363", "type": "kindergarten", "name": "Kath. Kindergarten St. Nikolaus", "source": "OpenStreetMap/Overpass"}}, {"type": "Feature", "geometry": {"type": "Point", "coordinates": [7.0740405, 51.01366]}, "properties": {"id": "osm:way:558624394", "type": "kindergarten", "name": "Kita Dreckspatz", "source": "OpenStreetMap/Overpass"}}, {"type": "Feature", "geometry": {"type": "Point", "coordinates": [7.0628576, 51.0214181]}, "properties": {"id": "osm:way:559787898", "type": "school", "name": "", "source": "OpenStreetMap/Overpass"}}, {"type": "Feature", "geometry": {"type": "Point", "coordinates": [7.0791818, 50.9443378]}, "properties": {"id": "osm:way:564058554", "type": "kindergarten", "name": "Kindertagesstätte Hovenstraße 22", "source": "OpenStreetMap/Overpass"}}, {"type": "Feature", "geometry": {"type": "Point", "coordinates": [6.887949, 50.8345967]}, "properties": {"id": "osm:way:570375430", "type": "kindergarten", "name": "Kindertageseinrichtung Mühlenbach", "source": "OpenStreetMap/Overpass"}}, {"type": "Feature", "geometry": {"type": "Point", "coordinates": [6.9557519, 50.9178616]}, "properties": {"id": "osm:way:572451340", "type": "school", "name": "Berufskolleg Südstadt", "source": "OpenStreetMap/Overpass"}}, {"type": "Feature", "geometry": {"type": "Point", "coordinates": [6.8305209, 50.968743]}, "properties": {"id": "osm:way:581313782", "type": "school", "name": "Pater-Delp-Schule", "source": "OpenStreetMap/Overpass"}}, {"type": "Feature", "geometry": {"type": "Point", "coordinates": [6.8669474, 50.980561]}, "properties": {"id": "osm:way:591891462", "type": "kindergarten", "name": "Die Wilden Füchse", "source": "OpenStreetMap/Overpass"}}, {"type": "Feature", "geometry": {"type": "Point", "coordinates": [6.86267, 50.981194]}, "properties": {"id": "osm:way:591891463", "type": "kindergarten", "name": "Städtische Kindertageseinrichtung Alfred-Döblin-Straße", "source": "OpenStreetMap/Overpass"}}, {"type": "Feature", "geometry": {"type": "Point", "coordinates": [6.8686675, 50.9761437]}, "properties": {"id": "osm:way:598511018", "type": "kindergarten", "name": "SKM-Familienzentrum Bocklemünd", "source": "OpenStreetMap/Overpass"}}, {"type": "Feature", "geometry": {"type": "Point", "coordinates": [6.8580924, 50.9795058]}, "properties": {"id": "osm:way:599034279", "type": "kindergarten", "name": "MyDagis - Kita im Kappelshof", "source": "OpenStreetMap/Overpass"}}, {"type": "Feature", "geometry": {"type": "Point", "coordinates": [6.9491604, 50.9456976]}, "properties": {"id": "osm:way:604845498", "type": "school", "name": "Realschule am Rhein", "source": "OpenStreetMap/Overpass"}}, {"type": "Feature", "geometry": {"type": "Point", "coordinates": [6.8708754, 50.9836986]}, "properties": {"id": "osm:way:605301486", "type": "kindergarten", "name": "Katholische Kindertagesstätte Christi Geburt", "source": "OpenStreetMap/Overpass"}}, {"type": "Feature", "geometry": {"type": "Point", "coordinates": [6.869051, 50.9801838]}, "properties": {"id": "osm:way:605301510", "type": "kindergarten", "name": "Ev. Kindertagesstätte Görlinger-Zentrum", "source": "OpenStreetMap/Overpass"}}, {"type": "Feature", "geometry": {"type": "Point", "coordinates": [6.8595198, 50.9846264]}, "properties": {"id": "osm:way:605377044", "type": "kindergarten", "name": "Rolf-Lappe-Kindergarten", "source": "OpenStreetMap/Overpass"}}, {"type": "Feature", "geometry": {"type": "Point", "coordinates": [6.8469363, 50.9385648]}, "properties": {"id": "osm:way:610191703", "type": "kindergarten", "name": "Kita Sternschnuppe", "source": "OpenStreetMap/Overpass"}}, {"type": "Feature", "geometry": {"type": "Point", "coordinates": [6.9992188, 50.8695194]}, "properties": {"id": "osm:way:610395771", "type": "school", "name": "", "source": "OpenStreetMap/Overpass"}}, {"type": "Feature", "geometry": {"type": "Point", "coordinates": [7.0651929, 50.9854047]}, "properties": {"id": "osm:way:616856366", "type": "kindergarten", "name": "Kleine Riesen", "source": "OpenStreetMap/Overpass"}}, {"type": "Feature", "geometry": {"type": "Point", "coordinates": [7.0903598, 50.8595]}, "properties": {"id": "osm:way:617551103", "type": "school", "name": "Gemeinschaftsgrundschule Adolph-Kolping-Straße", "source": "OpenStreetMap/Overpass"}}, {"type": "Feature", "geometry": {"type": "Point", "coordinates": [7.0991139, 50.8744802]}, "properties": {"id": "osm:way:617568590", "type": "school", "name": "Eduard-Mörike-Schule", "source": "OpenStreetMap/Overpass"}}, {"type": "Feature", "geometry": {"type": "Point", "coordinates": [7.0995279, 50.861165]}, "properties": {"id": "osm:way:617576175", "type": "school", "name": "Gemeinschaftsgrundschule Heideschule", "source": "OpenStreetMap/Overpass"}}, {"type": "Feature", "geometry": {"type": "Point", "coordinates": [6.7818917, 50.8460174]}, "properties": {"id": "osm:way:620298638", "type": "kindergarten", "name": "AWO Kindergarten Sonnenblume", "source": "OpenStreetMap/Overpass"}}, {"type": "Feature", "geometry": {"type": "Point", "coordinates": [6.9992028, 51.0481174]}, "properties": {"id": "osm:way:620943304", "type": "kindergarten", "name": "", "source": "OpenStreetMap/Overpass"}}, {"type": "Feature", "geometry": {"type": "Point", "coordinates": [7.0612546, 50.8864346]}, "properties": {"id": "osm:way:621409042", "type": "kindergarten", "name": "Kindertagesstätte Glashüttenstraße", "source": "OpenStreetMap/Overpass"}}, {"type": "Feature", "geometry": {"type": "Point", "coordinates": [6.9336093, 50.9351691]}, "properties": {"id": "osm:way:622722438", "type": "school", "name": "Berufskolleg an der Lindenstraße", "source": "OpenStreetMap/Overpass"}}, {"type": "Feature", "geometry": {"type": "Point", "coordinates": [6.8780203, 50.9650879]}, "properties": {"id": "osm:way:642922660", "type": "school", "name": "Schule Kunterbunt", "source": "OpenStreetMap/Overpass"}}, {"type": "Feature", "geometry": {"type": "Point", "coordinates": [6.8723316, 50.9670495]}, "properties": {"id": "osm:way:642922666", "type": "kindergarten", "name": "Städtische Kindertageseinrichtung Strandläuferweg 61", "source": "OpenStreetMap/Overpass"}}, {"type": "Feature", "geometry": {"type": "Point", "coordinates": [6.8448917, 51.0485061]}, "properties": {"id": "osm:way:644857684", "type": "kindergarten", "name": "Kita Matschpiraten", "source": "OpenStreetMap/Overpass"}}, {"type": "Feature", "geometry": {"type": "Point", "coordinates": [7.034874, 50.8971472]}, "properties": {"id": "osm:way:664834459", "type": "kindergarten", "name": "Katholische Tageseinrichtung für Kinder St. Laurentius", "source": "OpenStreetMap/Overpass"}}, {"type": "Feature", "geometry": {"type": "Point", "coordinates": [6.8993944, 51.0841105]}, "properties": {"id": "osm:way:669132625", "type": "kindergarten", "name": "Don Bosco", "source": "OpenStreetMap/Overpass"}}, {"type": "Feature", "geometry": {"type": "Point", "coordinates": [6.9210109, 51.0606593]}, "properties": {"id": "osm:way:670182328", "type": "kindergarten", "name": "St. Josef", "source": "OpenStreetMap/Overpass"}}, {"type": "Feature", "geometry": {"type": "Point", "coordinates": [6.9170041, 51.0638301]}, "properties": {"id": "osm:way:670182329", "type": "kindergarten", "name": "AWO Kita gGmbH", "source": "OpenStreetMap/Overpass"}}, {"type": "Feature", "geometry": {"type": "Point", "coordinates": [7.0404838, 51.0621632]}, "properties": {"id": "osm:way:674288591", "type": "kindergarten", "name": "", "source": "OpenStreetMap/Overpass"}}, {"type": "Feature", "geometry": {"type": "Point", "coordinates": [7.0101498, 50.875407]}, "properties": {"id": "osm:way:679677966", "type": "kindergarten", "name": "KiTa Zitronenfalter", "source": "OpenStreetMap/Overpass"}}, {"type": "Feature", "geometry": {"type": "Point", "coordinates": [6.8703774, 50.9481714]}, "properties": {"id": "osm:way:686342996", "type": "school", "name": "LVR-Schule Belvedere", "source": "OpenStreetMap/Overpass"}}, {"type": "Feature", "geometry": {"type": "Point", "coordinates": [6.8683118, 50.9487771]}, "properties": {"id": "osm:way:686342998", "type": "school", "name": "Städtische Freiluft- und Gartenarbeitsschule (Freiluga)", "source": "OpenStreetMap/Overpass"}}, {"type": "Feature", "geometry": {"type": "Point", "coordinates": [7.0233751, 50.9863019]}, "properties": {"id": "osm:way:688201825", "type": "kindergarten", "name": "", "source": "OpenStreetMap/Overpass"}}, {"type": "Feature", "geometry": {"type": "Point", "coordinates": [6.8045745, 50.9969486]}, "properties": {"id": "osm:way:688436365", "type": "school", "name": "KGS Barbaraschule", "source": "OpenStreetMap/Overpass"}}, {"type": "Feature", "geometry": {"type": "Point", "coordinates": [6.7969251, 51.0004503]}, "properties": {"id": "osm:way:688439500", "type": "kindergarten", "name": "Katholische Kindertagesstätte, Katholisches Familienzentrum St. Kosmas und Damian", "source": "OpenStreetMap/Overpass"}}, {"type": "Feature", "geometry": {"type": "Point", "coordinates": [6.8001976, 51.004995]}, "properties": {"id": "osm:way:688607858", "type": "school", "name": "Schule am Buschweg", "source": "OpenStreetMap/Overpass"}}, {"type": "Feature", "geometry": {"type": "Point", "coordinates": [6.7993122, 51.0052761]}, "properties": {"id": "osm:way:688607859", "type": "school", "name": "Marion-Dönhoff-Realschule Pulheim", "source": "OpenStreetMap/Overpass"}}, {"type": "Feature", "geometry": {"type": "Point", "coordinates": [6.8034671, 51.0025538]}, "properties": {"id": "osm:way:688693342", "type": "kindergarten", "name": "Städtische Kindertagesstätte \"Arche\"", "source": "OpenStreetMap/Overpass"}}, {"type": "Feature", "geometry": {"type": "Point", "coordinates": [6.8098637, 51.0031766]}, "properties": {"id": "osm:way:688945811", "type": "kindergarten", "name": "Caritas-Kindertagesstätte St. Elisabeth Katholisches Familienzentrum", "source": "OpenStreetMap/Overpass"}}, {"type": "Feature", "geometry": {"type": "Point", "coordinates": [7.0584, 50.9024273]}, "properties": {"id": "osm:way:689012605", "type": "kindergarten", "name": "Kindertagesstätte Kleine Riesen", "source": "OpenStreetMap/Overpass"}}, {"type": "Feature", "geometry": {"type": "Point", "coordinates": [6.809136, 51.0054985]}, "properties": {"id": "osm:way:690207033", "type": "kindergarten", "name": "Zwergenwald", "source": "OpenStreetMap/Overpass"}}, {"type": "Feature", "geometry": {"type": "Point", "coordinates": [6.8777961, 50.9503209]}, "properties": {"id": "osm:way:690412692", "type": "kindergarten", "name": "Erdmännchen", "source": "OpenStreetMap/Overpass"}}, {"type": "Feature", "geometry": {"type": "Point", "coordinates": [6.8065995, 50.905901]}, "properties": {"id": "osm:way:691013775", "type": "kindergarten", "name": "Kleine Strolche", "source": "OpenStreetMap/Overpass"}}, {"type": "Feature", "geometry": {"type": "Point", "coordinates": [7.0536933, 50.9028001]}, "properties": {"id": "osm:way:691146548", "type": "kindergarten", "name": "Kleine Riesen", "source": "OpenStreetMap/Overpass"}}, {"type": "Feature", "geometry": {"type": "Point", "coordinates": [6.8059135, 51.0001992]}, "properties": {"id": "osm:way:691188022", "type": "school", "name": "Dietrich-Bonhoeffer-Schule", "source": "OpenStreetMap/Overpass"}}, {"type": "Feature", "geometry": {"type": "Point", "coordinates": [7.0033443, 51.0689454]}, "properties": {"id": "osm:way:711530955", "type": "school", "name": "Berufskolleg Opladen Außenstelle Soziales", "source": "OpenStreetMap/Overpass"}}, {"type": "Feature", "geometry": {"type": "Point", "coordinates": [7.0027213, 51.0691803]}, "properties": {"id": "osm:way:711530956", "type": "kindergarten", "name": "St. Remigius", "source": "OpenStreetMap/Overpass"}}, {"type": "Feature", "geometry": {"type": "Point", "coordinates": [6.9936258, 50.93333]}, "properties": {"id": "osm:way:712476454", "type": "kindergarten", "name": "Familienzentrum Burgenlandstraße 11", "source": "OpenStreetMap/Overpass"}}, {"type": "Feature", "geometry": {"type": "Point", "coordinates": [7.0794719, 51.084916]}, "properties": {"id": "osm:way:712660096", "type": "school", "name": "Gemeinschaftsgrundschule Dierath", "source": "OpenStreetMap/Overpass"}}, {"type": "Feature", "geometry": {"type": "Point", "coordinates": [6.9058691, 51.0795515]}, "properties": {"id": "osm:way:722228227", "type": "kindergarten", "name": "Die Sprösslinge", "source": "OpenStreetMap/Overpass"}}, {"type": "Feature", "geometry": {"type": "Point", "coordinates": [7.0103964, 50.949793]}, "properties": {"id": "osm:way:743642397", "type": "kindergarten", "name": "Märchenwald", "source": "OpenStreetMap/Overpass"}}, {"type": "Feature", "geometry": {"type": "Point", "coordinates": [7.0564864, 50.9000815]}, "properties": {"id": "osm:way:753549548", "type": "kindergarten", "name": "Kita Heidewitzka", "source": "OpenStreetMap/Overpass"}}, {"type": "Feature", "geometry": {"type": "Point", "coordinates": [7.1114169, 50.9560414]}, "properties": {"id": "osm:way:754247638", "type": "kindergarten", "name": "Wilde 13", "source": "OpenStreetMap/Overpass"}}, {"type": "Feature", "geometry": {"type": "Point", "coordinates": [6.87906, 50.9505057]}, "properties": {"id": "osm:way:782478694", "type": "school", "name": "Gesamtschule Wasseramselweg", "source": "OpenStreetMap/Overpass"}}, {"type": "Feature", "geometry": {"type": "Point", "coordinates": [6.9951822, 51.0846769]}, "properties": {"id": "osm:way:783667427", "type": "kindergarten", "name": "Städtischer Kindergarten", "source": "OpenStreetMap/Overpass"}}, {"type": "Feature", "geometry": {"type": "Point", "coordinates": [7.0057665, 50.8709301]}, "properties": {"id": "osm:way:796255454", "type": "school", "name": "EMAnuel-Schule", "source": "OpenStreetMap/Overpass"}}, {"type": "Feature", "geometry": {"type": "Point", "coordinates": [6.9165238, 50.9348385]}, "properties": {"id": "osm:way:796259778", "type": "kindergarten", "name": "Katholische Kindertagesstätte Christi Auferstehung", "source": "OpenStreetMap/Overpass"}}, {"type": "Feature", "geometry": {"type": "Point", "coordinates": [6.9229612, 50.9712608]}, "properties": {"id": "osm:way:800696092", "type": "school", "name": "Interim Gesamtschule Weidenpesch", "source": "OpenStreetMap/Overpass"}}, {"type": "Feature", "geometry": {"type": "Point", "coordinates": [6.8530193, 51.0586854]}, "properties": {"id": "osm:way:803487103", "type": "kindergarten", "name": "Kita Kiku Kinderland", "source": "OpenStreetMap/Overpass"}}, {"type": "Feature", "geometry": {"type": "Point", "coordinates": [6.9771675, 51.0022106]}, "properties": {"id": "osm:way:806207882", "type": "kindergarten", "name": "", "source": "OpenStreetMap/Overpass"}}, {"type": "Feature", "geometry": {"type": "Point", "coordinates": [6.9422751, 50.9391038]}, "properties": {"id": "osm:way:806537413", "type": "school", "name": "Königin-Luise-Schule - Teilstandort Sekundarstufe II", "source": "OpenStreetMap/Overpass"}}, {"type": "Feature", "geometry": {"type": "Point", "coordinates": [7.0413917, 51.025179]}, "properties": {"id": "osm:way:809181848", "type": "kindergarten", "name": "Am Telegraf", "source": "OpenStreetMap/Overpass"}}, {"type": "Feature", "geometry": {"type": "Point", "coordinates": [7.0387569, 51.0300261]}, "properties": {"id": "osm:way:809181849", "type": "kindergarten", "name": "Auermühle", "source": "OpenStreetMap/Overpass"}}, {"type": "Feature", "geometry": {"type": "Point", "coordinates": [7.045789, 51.0326893]}, "properties": {"id": "osm:way:809183085", "type": "kindergarten", "name": "Evangelische Tageseinrichtung", "source": "OpenStreetMap/Overpass"}}, {"type": "Feature", "geometry": {"type": "Point", "coordinates": [7.0373186, 51.0349192]}, "properties": {"id": "osm:way:809184417", "type": "kindergarten", "name": "Kita Morsbroicher Straße", "source": "OpenStreetMap/Overpass"}}, {"type": "Feature", "geometry": {"type": "Point", "coordinates": [7.0499676, 51.0230586]}, "properties": {"id": "osm:way:809185411", "type": "kindergarten", "name": "St. Albertus Magnus", "source": "OpenStreetMap/Overpass"}}, {"type": "Feature", "geometry": {"type": "Point", "coordinates": [7.0654482, 51.0541312]}, "properties": {"id": "osm:way:809185705", "type": "kindergarten", "name": "St. Franziskus", "source": "OpenStreetMap/Overpass"}}, {"type": "Feature", "geometry": {"type": "Point", "coordinates": [7.0305937, 51.0403954]}, "properties": {"id": "osm:way:809186224", "type": "kindergarten", "name": "St. Johannes", "source": "OpenStreetMap/Overpass"}}, {"type": "Feature", "geometry": {"type": "Point", "coordinates": [7.014229, 51.0314706]}, "properties": {"id": "osm:way:809186970", "type": "kindergarten", "name": "St. Joseph", "source": "OpenStreetMap/Overpass"}}, {"type": "Feature", "geometry": {"type": "Point", "coordinates": [7.0746585, 51.0581451]}, "properties": {"id": "osm:way:809189436", "type": "kindergarten", "name": "Am Steinberg", "source": "OpenStreetMap/Overpass"}}, {"type": "Feature", "geometry": {"type": "Point", "coordinates": [7.0121438, 51.044478]}, "properties": {"id": "osm:way:809191148", "type": "kindergarten", "name": "KiTa Eschenweg", "source": "OpenStreetMap/Overpass"}}, {"type": "Feature", "geometry": {"type": "Point", "coordinates": [7.020162, 51.0677653]}, "properties": {"id": "osm:way:809191721", "type": "kindergarten", "name": "Maximilian Kolbe", "source": "OpenStreetMap/Overpass"}}, {"type": "Feature", "geometry": {"type": "Point", "coordinates": [7.0684078, 51.0425235]}, "properties": {"id": "osm:way:809192815", "type": "kindergarten", "name": "", "source": "OpenStreetMap/Overpass"}}, {"type": "Feature", "geometry": {"type": "Point", "coordinates": [7.0182202, 51.0650028]}, "properties": {"id": "osm:way:809193486", "type": "kindergarten", "name": "", "source": "OpenStreetMap/Overpass"}}, {"type": "Feature", "geometry": {"type": "Point", "coordinates": [6.9547108, 51.0640288]}, "properties": {"id": "osm:way:809244811", "type": "kindergarten", "name": "Städtische Tageseinrichtung f. Kinder", "source": "OpenStreetMap/Overpass"}}, {"type": "Feature", "geometry": {"type": "Point", "coordinates": [6.9535484, 51.0611614]}, "properties": {"id": "osm:way:809249823", "type": "kindergarten", "name": "Städtische Tageseinrichtung f. Kinder", "source": "OpenStreetMap/Overpass"}}, {"type": "Feature", "geometry": {"type": "Point", "coordinates": [7.029154, 51.0422104]}, "properties": {"id": "osm:way:814978910", "type": "school", "name": "Erich-Klausener-Schule", "source": "OpenStreetMap/Overpass"}}, {"type": "Feature", "geometry": {"type": "Point", "coordinates": [7.0284416, 51.0456782]}, "properties": {"id": "osm:way:814978911", "type": "school", "name": "Hugo-Kükelhaus-Schule", "source": "OpenStreetMap/Overpass"}}, {"type": "Feature", "geometry": {"type": "Point", "coordinates": [7.0018045, 51.0693604]}, "properties": {"id": "osm:way:815935444", "type": "school", "name": "Berufskolleg Opladen Außenstelle Gesundheit", "source": "OpenStreetMap/Overpass"}}, {"type": "Feature", "geometry": {"type": "Point", "coordinates": [7.0107542, 51.0696991]}, "properties": {"id": "osm:way:815935445", "type": "school", "name": "Berufskolleg Opladen Standort Stauffenbergstraße", "source": "OpenStreetMap/Overpass"}}, {"type": "Feature", "geometry": {"type": "Point", "coordinates": [6.9390126, 50.9454668]}, "properties": {"id": "osm:way:817538642", "type": "school", "name": "", "source": "OpenStreetMap/Overpass"}}, {"type": "Feature", "geometry": {"type": "Point", "coordinates": [7.0575358, 51.0646175]}, "properties": {"id": "osm:way:818051169", "type": "kindergarten", "name": "St. Maurinus", "source": "OpenStreetMap/Overpass"}}, {"type": "Feature", "geometry": {"type": "Point", "coordinates": [6.948514, 50.9829859]}, "properties": {"id": "osm:way:818448517", "type": "kindergarten", "name": "", "source": "OpenStreetMap/Overpass"}}, {"type": "Feature", "geometry": {"type": "Point", "coordinates": [7.0054677, 50.936092]}, "properties": {"id": "osm:way:827500377", "type": "school", "name": "", "source": "OpenStreetMap/Overpass"}}, {"type": "Feature", "geometry": {"type": "Point", "coordinates": [6.8934588, 51.0696387]}, "properties": {"id": "osm:way:829416154", "type": "kindergarten", "name": "Mäuseturm", "source": "OpenStreetMap/Overpass"}}, {"type": "Feature", "geometry": {"type": "Point", "coordinates": [7.0037351, 51.0736778]}, "properties": {"id": "osm:way:830294586", "type": "school", "name": "Theodor-Heuss-Schule", "source": "OpenStreetMap/Overpass"}}, {"type": "Feature", "geometry": {"type": "Point", "coordinates": [7.0311242, 50.831998]}, "properties": {"id": "osm:way:841374018", "type": "school", "name": "Drei-Linden-Schule", "source": "OpenStreetMap/Overpass"}}, {"type": "Feature", "geometry": {"type": "Point", "coordinates": [7.0301279, 50.8315429]}, "properties": {"id": "osm:way:841374019", "type": "school", "name": "Drei-Linden-Schule", "source": "OpenStreetMap/Overpass"}}, {"type": "Feature", "geometry": {"type": "Point", "coordinates": [6.8913651, 51.0835668]}, "properties": {"id": "osm:way:845648386", "type": "kindergarten", "name": "AWO Kindertagesstätte Prenzlauer Straße", "source": "OpenStreetMap/Overpass"}}, {"type": "Feature", "geometry": {"type": "Point", "coordinates": [6.8920705, 51.0836208]}, "properties": {"id": "osm:way:845648387", "type": "kindergarten", "name": "AWO Kindertagesstätte Grünauer Straße", "source": "OpenStreetMap/Overpass"}}, {"type": "Feature", "geometry": {"type": "Point", "coordinates": [7.0319181, 51.0772707]}, "properties": {"id": "osm:way:850196630", "type": "kindergarten", "name": "Ev. Kindergarten Pastor-Scheibler-Straße", "source": "OpenStreetMap/Overpass"}}, {"type": "Feature", "geometry": {"type": "Point", "coordinates": [7.0290402, 51.0790183]}, "properties": {"id": "osm:way:850196634", "type": "kindergarten", "name": "Montessori Kinderhaus Bergisch Neukirchen", "source": "OpenStreetMap/Overpass"}}, {"type": "Feature", "geometry": {"type": "Point", "coordinates": [6.957731, 51.0512064]}, "properties": {"id": "osm:way:851248567", "type": "kindergarten", "name": "", "source": "OpenStreetMap/Overpass"}}, {"type": "Feature", "geometry": {"type": "Point", "coordinates": [6.9529842, 51.060169]}, "properties": {"id": "osm:way:851255799", "type": "school", "name": "GGS Am Friedenspark", "source": "OpenStreetMap/Overpass"}}, {"type": "Feature", "geometry": {"type": "Point", "coordinates": [7.0882246, 50.8771378]}, "properties": {"id": "osm:way:851412631", "type": "kindergarten", "name": "Städtische Kindertageseinrichtung", "source": "OpenStreetMap/Overpass"}}, {"type": "Feature", "geometry": {"type": "Point", "coordinates": [7.0313984, 50.8609813]}, "properties": {"id": "osm:way:861210466", "type": "kindergarten", "name": "", "source": "OpenStreetMap/Overpass"}}, {"type": "Feature", "geometry": {"type": "Point", "coordinates": [6.9089938, 50.9651893]}, "properties": {"id": "osm:way:863032034", "type": "school", "name": "Maria-Montessori-Schule", "source": "OpenStreetMap/Overpass"}}, {"type": "Feature", "geometry": {"type": "Point", "coordinates": [6.943729, 50.9751894]}, "properties": {"id": "osm:way:866963307", "type": "kindergarten", "name": "Tageseinrichtung für Kinder, Familienzentrum", "source": "OpenStreetMap/Overpass"}}, {"type": "Feature", "geometry": {"type": "Point", "coordinates": [6.9557197, 50.9915325]}, "properties": {"id": "osm:way:867270278", "type": "kindergarten", "name": "Stepke-KiTa Niehler Pänz", "source": "OpenStreetMap/Overpass"}}, {"type": "Feature", "geometry": {"type": "Point", "coordinates": [6.8383835, 50.9507304]}, "properties": {"id": "osm:way:868402743", "type": "school", "name": "Städt. Gymnasium Zusestraße", "source": "OpenStreetMap/Overpass"}}, {"type": "Feature", "geometry": {"type": "Point", "coordinates": [6.8378037, 50.9644261]}, "properties": {"id": "osm:way:868725952", "type": "school", "name": "Olympia-Schule (städt. Grundschule Köln-Widdersdorf)", "source": "OpenStreetMap/Overpass"}}, {"type": "Feature", "geometry": {"type": "Point", "coordinates": [6.8379703, 50.9639469]}, "properties": {"id": "osm:way:872389586", "type": "kindergarten", "name": "", "source": "OpenStreetMap/Overpass"}}, {"type": "Feature", "geometry": {"type": "Point", "coordinates": [6.8315148, 50.967116]}, "properties": {"id": "osm:way:874219548", "type": "school", "name": "Pater-Delp-Schule", "source": "OpenStreetMap/Overpass"}}, {"type": "Feature", "geometry": {"type": "Point", "coordinates": [6.9789579, 50.9715258]}, "properties": {"id": "osm:way:874445248", "type": "kindergarten", "name": "", "source": "OpenStreetMap/Overpass"}}, {"type": "Feature", "geometry": {"type": "Point", "coordinates": [7.0836745, 50.8717616]}, "properties": {"id": "osm:way:875897093", "type": "kindergarten", "name": "Kindertagesstätte und Familienzentrum", "source": "OpenStreetMap/Overpass"}}, {"type": "Feature", "geometry": {"type": "Point", "coordinates": [7.041342, 50.8653156]}, "properties": {"id": "osm:way:875902580", "type": "kindergarten", "name": "Kindertagesstätte Alte Apotheke", "source": "OpenStreetMap/Overpass"}}, {"type": "Feature", "geometry": {"type": "Point", "coordinates": [7.0497877, 50.8671109]}, "properties": {"id": "osm:way:875912308", "type": "kindergarten", "name": "Kath. Kindergarten St. Martin", "source": "OpenStreetMap/Overpass"}}, {"type": "Feature", "geometry": {"type": "Point", "coordinates": [7.0579836, 50.8876914]}, "properties": {"id": "osm:way:875920909", "type": "kindergarten", "name": "Katholische Kindertagesstätte St. Josef", "source": "OpenStreetMap/Overpass"}}, {"type": "Feature", "geometry": {"type": "Point", "coordinates": [7.0207099, 50.9011785]}, "properties": {"id": "osm:way:876234978", "type": "kindergarten", "name": "KiTa Kleine Entchen", "source": "OpenStreetMap/Overpass"}}, {"type": "Feature", "geometry": {"type": "Point", "coordinates": [7.0560517, 50.9036427]}, "properties": {"id": "osm:way:876241447", "type": "kindergarten", "name": "Städtische Kindertageseinrichtung Heilig-Geist-Straße", "source": "OpenStreetMap/Overpass"}}, {"type": "Feature", "geometry": {"type": "Point", "coordinates": [7.0900934, 50.8568834]}, "properties": {"id": "osm:way:876315558", "type": "kindergarten", "name": "Kindergarten & Familienzentrum Spurensucher", "source": "OpenStreetMap/Overpass"}}, {"type": "Feature", "geometry": {"type": "Point", "coordinates": [7.0687217, 50.883675]}, "properties": {"id": "osm:way:876331989", "type": "kindergarten", "name": "KiTa Himmelsstürmer", "source": "OpenStreetMap/Overpass"}}, {"type": "Feature", "geometry": {"type": "Point", "coordinates": [7.0866053, 50.8771902]}, "properties": {"id": "osm:way:877290731", "type": "kindergarten", "name": "Kita St. Bartholomäus", "source": "OpenStreetMap/Overpass"}}, {"type": "Feature", "geometry": {"type": "Point", "coordinates": [7.1034044, 50.8729978]}, "properties": {"id": "osm:way:877294368", "type": "kindergarten", "name": "Huckepack e.V.", "source": "OpenStreetMap/Overpass"}}, {"type": "Feature", "geometry": {"type": "Point", "coordinates": [7.0669077, 50.8876239]}, "properties": {"id": "osm:way:877311047", "type": "kindergarten", "name": "Katholische Kindertageseinrichtung St. Fronleichnam", "source": "OpenStreetMap/Overpass"}}, {"type": "Feature", "geometry": {"type": "Point", "coordinates": [7.0408187, 50.9320934]}, "properties": {"id": "osm:way:878018384", "type": "kindergarten", "name": "KiTa Kleine Riesen", "source": "OpenStreetMap/Overpass"}}, {"type": "Feature", "geometry": {"type": "Point", "coordinates": [7.0054624, 50.8452768]}, "properties": {"id": "osm:way:879335520", "type": "school", "name": "Katholische Grundschule Hinter der Kirche", "source": "OpenStreetMap/Overpass"}}, {"type": "Feature", "geometry": {"type": "Point", "coordinates": [6.8300136, 50.9684762]}, "properties": {"id": "osm:way:881586684", "type": "kindergarten", "name": "Im Kamp", "source": "OpenStreetMap/Overpass"}}, {"type": "Feature", "geometry": {"type": "Point", "coordinates": [6.955327, 50.9734344]}, "properties": {"id": "osm:way:886219355", "type": "kindergarten", "name": "Stepke-KiTa Wichtelstadt", "source": "OpenStreetMap/Overpass"}}, {"type": "Feature", "geometry": {"type": "Point", "coordinates": [7.0567523, 50.880337]}, "properties": {"id": "osm:way:886250264", "type": "kindergarten", "name": "Kita Lukaskirche", "source": "OpenStreetMap/Overpass"}}, {"type": "Feature", "geometry": {"type": "Point", "coordinates": [6.9433827, 50.9828432]}, "properties": {"id": "osm:way:887919948", "type": "kindergarten", "name": "Städtischer Kindergarten Jesuitengasse", "source": "OpenStreetMap/Overpass"}}, {"type": "Feature", "geometry": {"type": "Point", "coordinates": [6.9752677, 51.001944]}, "properties": {"id": "osm:way:888504065", "type": "kindergarten", "name": "Katholische Kindertagesstätte", "source": "OpenStreetMap/Overpass"}}, {"type": "Feature", "geometry": {"type": "Point", "coordinates": [7.0219927, 50.9452695]}, "properties": {"id": "osm:way:890200281", "type": "school", "name": "Gemeinschaftsgrundschule Weimarer Straße", "source": "OpenStreetMap/Overpass"}}, {"type": "Feature", "geometry": {"type": "Point", "coordinates": [6.8582571, 50.9482236]}, "properties": {"id": "osm:way:892102957", "type": "kindergarten", "name": "Deutsch-Französische Kindertagesstätte e.V.", "source": "OpenStreetMap/Overpass"}}, {"type": "Feature", "geometry": {"type": "Point", "coordinates": [6.9397647, 50.9822845]}, "properties": {"id": "osm:way:892237956", "type": "kindergarten", "name": "Städtische Kindertageseinrichtung Ginsterpfad", "source": "OpenStreetMap/Overpass"}}, {"type": "Feature", "geometry": {"type": "Point", "coordinates": [7.0345788, 51.0809862]}, "properties": {"id": "osm:way:896162201", "type": "school", "name": "Gemeinschaftsgrundschule Bergisch Neukirchen", "source": "OpenStreetMap/Overpass"}}, {"type": "Feature", "geometry": {"type": "Point", "coordinates": [6.9912744, 50.9195892]}, "properties": {"id": "osm:way:900810830", "type": "kindergarten", "name": "", "source": "OpenStreetMap/Overpass"}}, {"type": "Feature", "geometry": {"type": "Point", "coordinates": [6.9208049, 50.9894654]}, "properties": {"id": "osm:way:901273578", "type": "school", "name": "", "source": "OpenStreetMap/Overpass"}}, {"type": "Feature", "geometry": {"type": "Point", "coordinates": [6.9129597, 50.9987905]}, "properties": {"id": "osm:way:901324921", "type": "kindergarten", "name": "Lino Club", "source": "OpenStreetMap/Overpass"}}, {"type": "Feature", "geometry": {"type": "Point", "coordinates": [7.0267009, 50.8340936]}, "properties": {"id": "osm:way:901544405", "type": "kindergarten", "name": "Kita Markusstraße", "source": "OpenStreetMap/Overpass"}}, {"type": "Feature", "geometry": {"type": "Point", "coordinates": [6.9885746, 50.9131036]}, "properties": {"id": "osm:way:901787858", "type": "kindergarten", "name": "Städtische Kindetageseinrichtung Käulchensweg", "source": "OpenStreetMap/Overpass"}}, {"type": "Feature", "geometry": {"type": "Point", "coordinates": [7.1012341, 50.8755363]}, "properties": {"id": "osm:way:906699701", "type": "school", "name": "Gemeinschaftsgrundschule Peter-Petersen-Schule Grengel", "source": "OpenStreetMap/Overpass"}}, {"type": "Feature", "geometry": {"type": "Point", "coordinates": [7.0845157, 50.8537229]}, "properties": {"id": "osm:way:909787438", "type": "kindergarten", "name": "Städtische Kindertageseinrichtung Feldstraße", "source": "OpenStreetMap/Overpass"}}, {"type": "Feature", "geometry": {"type": "Point", "coordinates": [7.0108327, 50.8507881]}, "properties": {"id": "osm:way:910162176", "type": "kindergarten", "name": "Kindertagesstätte In der Bohnenbitze", "source": "OpenStreetMap/Overpass"}}, {"type": "Feature", "geometry": {"type": "Point", "coordinates": [7.0558214, 50.8786244]}, "properties": {"id": "osm:way:910164771", "type": "kindergarten", "name": "Städtische Kindertageseinrichtung Poststraße", "source": "OpenStreetMap/Overpass"}}, {"type": "Feature", "geometry": {"type": "Point", "coordinates": [6.9025221, 51.023188]}, "properties": {"id": "osm:way:910513654", "type": "kindergarten", "name": "Städtische Kindertageseinrichtung Willi-Suth-Allee", "source": "OpenStreetMap/Overpass"}}, {"type": "Feature", "geometry": {"type": "Point", "coordinates": [6.9648054, 50.9855845]}, "properties": {"id": "osm:way:910544328", "type": "kindergarten", "name": "Kita Niehler Elternverein e.V.", "source": "OpenStreetMap/Overpass"}}, {"type": "Feature", "geometry": {"type": "Point", "coordinates": [6.9555384, 50.9697022]}, "properties": {"id": "osm:way:910551483", "type": "kindergarten", "name": "Kita Gustav-Nachtigal-Straße", "source": "OpenStreetMap/Overpass"}}, {"type": "Feature", "geometry": {"type": "Point", "coordinates": [6.8386042, 50.950496]}, "properties": {"id": "osm:way:911292232", "type": "school", "name": "Gymnasium Zusestraße", "source": "OpenStreetMap/Overpass"}}, {"type": "Feature", "geometry": {"type": "Point", "coordinates": [7.0460003, 50.8652082]}, "properties": {"id": "osm:way:912900725", "type": "kindergarten", "name": "Städtische Kindertageseinrichtung Houdainer Straße", "source": "OpenStreetMap/Overpass"}}, {"type": "Feature", "geometry": {"type": "Point", "coordinates": [6.946308, 51.049211]}, "properties": {"id": "osm:way:913262135", "type": "kindergarten", "name": "Burgzwerge", "source": "OpenStreetMap/Overpass"}}, {"type": "Feature", "geometry": {"type": "Point", "coordinates": [6.8904447, 51.032317]}, "properties": {"id": "osm:way:913606850", "type": "kindergarten", "name": "", "source": "OpenStreetMap/Overpass"}}, {"type": "Feature", "geometry": {"type": "Point", "coordinates": [6.882166, 51.0166616]}, "properties": {"id": "osm:way:913606866", "type": "kindergarten", "name": "AWO KiTa Schatzinsel", "source": "OpenStreetMap/Overpass"}}, {"type": "Feature", "geometry": {"type": "Point", "coordinates": [7.0486004, 50.9309297]}, "properties": {"id": "osm:way:917837426", "type": "kindergarten", "name": "KiTa Löwenherz", "source": "OpenStreetMap/Overpass"}}, {"type": "Feature", "geometry": {"type": "Point", "coordinates": [7.0771467, 50.8874251]}, "properties": {"id": "osm:way:922184771", "type": "kindergarten", "name": "KiTa Domwichtel", "source": "OpenStreetMap/Overpass"}}, {"type": "Feature", "geometry": {"type": "Point", "coordinates": [7.1137675, 51.0288539]}, "properties": {"id": "osm:way:923169505", "type": "kindergarten", "name": "Odenthaler Kobolde e.V.", "source": "OpenStreetMap/Overpass"}}, {"type": "Feature", "geometry": {"type": "Point", "coordinates": [7.014881, 50.9340934]}, "properties": {"id": "osm:way:927575723", "type": "kindergarten", "name": "", "source": "OpenStreetMap/Overpass"}}, {"type": "Feature", "geometry": {"type": "Point", "coordinates": [7.0150528, 50.9341497]}, "properties": {"id": "osm:way:927575724", "type": "kindergarten", "name": "Fröbel Kindergarten Kalk", "source": "OpenStreetMap/Overpass"}}, {"type": "Feature", "geometry": {"type": "Point", "coordinates": [6.7796849, 51.0770952]}, "properties": {"id": "osm:way:928550297", "type": "kindergarten", "name": "Katholische Kindertagesstätte St. Josef", "source": "OpenStreetMap/Overpass"}}, {"type": "Feature", "geometry": {"type": "Point", "coordinates": [6.8962153, 50.9157773]}, "properties": {"id": "osm:way:931856264", "type": "kindergarten", "name": "Ev. Kita Dietrich-Bonhoeffer-Kirche", "source": "OpenStreetMap/Overpass"}}, {"type": "Feature", "geometry": {"type": "Point", "coordinates": [6.89607, 51.0846376]}, "properties": {"id": "osm:way:935116795", "type": "kindergarten", "name": "Evangelische Integrative Kindertagesstätte Grunewaldstraße", "source": "OpenStreetMap/Overpass"}}, {"type": "Feature", "geometry": {"type": "Point", "coordinates": [7.1070051, 51.084503]}, "properties": {"id": "osm:way:937305723", "type": "kindergarten", "name": "Sterntaler", "source": "OpenStreetMap/Overpass"}}, {"type": "Feature", "geometry": {"type": "Point", "coordinates": [7.0005515, 51.0624898]}, "properties": {"id": "osm:way:943578689", "type": "school", "name": "GGS Opladen", "source": "OpenStreetMap/Overpass"}}, {"type": "Feature", "geometry": {"type": "Point", "coordinates": [7.001314, 51.0630012]}, "properties": {"id": "osm:way:943578690", "type": "school", "name": "Landrat-Lucas-Gymnasium", "source": "OpenStreetMap/Overpass"}}, {"type": "Feature", "geometry": {"type": "Point", "coordinates": [6.8510547, 51.0467086]}, "properties": {"id": "osm:way:946964694", "type": "kindergarten", "name": "", "source": "OpenStreetMap/Overpass"}}, {"type": "Feature", "geometry": {"type": "Point", "coordinates": [6.8629094, 50.9520883]}, "properties": {"id": "osm:way:949367798", "type": "kindergarten", "name": "Kindertagesstätte Zauberwald", "source": "OpenStreetMap/Overpass"}}, {"type": "Feature", "geometry": {"type": "Point", "coordinates": [6.7801091, 50.9728654]}, "properties": {"id": "osm:way:950043435", "type": "kindergarten", "name": "St. Martinus", "source": "OpenStreetMap/Overpass"}}, {"type": "Feature", "geometry": {"type": "Point", "coordinates": [6.7786512, 50.9731747]}, "properties": {"id": "osm:way:950043436", "type": "kindergarten", "name": "Kinder Kinder", "source": "OpenStreetMap/Overpass"}}, {"type": "Feature", "geometry": {"type": "Point", "coordinates": [6.7931067, 50.9953016]}, "properties": {"id": "osm:way:950048310", "type": "kindergarten", "name": "Pusteblume", "source": "OpenStreetMap/Overpass"}}, {"type": "Feature", "geometry": {"type": "Point", "coordinates": [7.0409119, 50.9309392]}, "properties": {"id": "osm:way:950103032", "type": "kindergarten", "name": "Kindertagesstätte Zehnthofwichtel", "source": "OpenStreetMap/Overpass"}}, {"type": "Feature", "geometry": {"type": "Point", "coordinates": [7.0035251, 50.9641018]}, "properties": {"id": "osm:way:953091227", "type": "kindergarten", "name": "Kindertagesstätte Liebfrauen", "source": "OpenStreetMap/Overpass"}}, {"type": "Feature", "geometry": {"type": "Point", "coordinates": [6.8846428, 51.019751]}, "properties": {"id": "osm:way:958654760", "type": "school", "name": "Anna-Langohr-Schule", "source": "OpenStreetMap/Overpass"}}, {"type": "Feature", "geometry": {"type": "Point", "coordinates": [7.067584, 50.941119]}, "properties": {"id": "osm:way:963416831", "type": "kindergarten", "name": "Hans im Brück", "source": "OpenStreetMap/Overpass"}}, {"type": "Feature", "geometry": {"type": "Point", "coordinates": [7.0059432, 50.8719969]}, "properties": {"id": "osm:way:964900133", "type": "school", "name": "Offene Schule Köln", "source": "OpenStreetMap/Overpass"}}, {"type": "Feature", "geometry": {"type": "Point", "coordinates": [7.0186978, 50.9305593]}, "properties": {"id": "osm:way:984363331", "type": "kindergarten", "name": "Städtische Kindertageseinrichtung Waldstraße", "source": "OpenStreetMap/Overpass"}}, {"type": "Feature", "geometry": {"type": "Point", "coordinates": [6.9052145, 51.0212033]}, "properties": {"id": "osm:way:1000360118", "type": "kindergarten", "name": "Städtische Kindertageseinrichtung Karl-Marx-Allee", "source": "OpenStreetMap/Overpass"}}, {"type": "Feature", "geometry": {"type": "Point", "coordinates": [7.036691, 50.9262708]}, "properties": {"id": "osm:way:1008750856", "type": "kindergarten", "name": "Kindertagesstätte und Familienzentrum Hedwig-Wachenheim-Karree", "source": "OpenStreetMap/Overpass"}}, {"type": "Feature", "geometry": {"type": "Point", "coordinates": [7.0576809, 51.0480903]}, "properties": {"id": "osm:way:1026515874", "type": "kindergarten", "name": "", "source": "OpenStreetMap/Overpass"}}, {"type": "Feature", "geometry": {"type": "Point", "coordinates": [6.7989875, 50.989079]}, "properties": {"id": "osm:way:1034210371", "type": "kindergarten", "name": "St. Martin Pulheim-Süd", "source": "OpenStreetMap/Overpass"}}, {"type": "Feature", "geometry": {"type": "Point", "coordinates": [6.796494, 50.9926434]}, "properties": {"id": "osm:way:1041155174", "type": "kindergarten", "name": "Kita KiKu Kinderland", "source": "OpenStreetMap/Overpass"}}, {"type": "Feature", "geometry": {"type": "Point", "coordinates": [6.7938113, 50.8437686]}, "properties": {"id": "osm:way:1041435615", "type": "childcare", "name": "Kindertagesstätte Kierdorfer Ströpp", "source": "OpenStreetMap/Overpass"}}, {"type": "Feature", "geometry": {"type": "Point", "coordinates": [7.1204583, 51.0581564]}, "properties": {"id": "osm:way:1041996361", "type": "school", "name": "Grundschule Burg Berge", "source": "OpenStreetMap/Overpass"}}, {"type": "Feature", "geometry": {"type": "Point", "coordinates": [7.0820257, 50.8570361]}, "properties": {"id": "osm:way:1049145615", "type": "kindergarten", "name": "Kindertagesstätte Zum Alten Paulshof", "source": "OpenStreetMap/Overpass"}}, {"type": "Feature", "geometry": {"type": "Point", "coordinates": [6.9570045, 50.9707911]}, "properties": {"id": "osm:way:1050731522", "type": "school", "name": "Gymnasium Nippes im Toni-Steingass-Park", "source": "OpenStreetMap/Overpass"}}, {"type": "Feature", "geometry": {"type": "Point", "coordinates": [6.7867636, 51.0809373]}, "properties": {"id": "osm:way:1053611683", "type": "kindergarten", "name": "Waldkindergarten Dormagen e.V.", "source": "OpenStreetMap/Overpass"}}, {"type": "Feature", "geometry": {"type": "Point", "coordinates": [6.8747897, 50.9226737]}, "properties": {"id": "osm:way:1055615075", "type": "kindergarten", "name": "Lumiland", "source": "OpenStreetMap/Overpass"}}, {"type": "Feature", "geometry": {"type": "Point", "coordinates": [6.8209943, 51.0020829]}, "properties": {"id": "osm:way:1057671578", "type": "kindergarten", "name": "Inklusives Familienzentrum Hand in Hand", "source": "OpenStreetMap/Overpass"}}, {"type": "Feature", "geometry": {"type": "Point", "coordinates": [6.9067605, 50.9692879]}, "properties": {"id": "osm:way:1066068274", "type": "kindergarten", "name": "Kita Henriette-Ackermann-Straße", "source": "OpenStreetMap/Overpass"}}, {"type": "Feature", "geometry": {"type": "Point", "coordinates": [6.9622698, 50.898939]}, "properties": {"id": "osm:way:1071627069", "type": "school", "name": "Grundschule Gaedestraße", "source": "OpenStreetMap/Overpass"}}, {"type": "Feature", "geometry": {"type": "Point", "coordinates": [7.008659, 50.9400946]}, "properties": {"id": "osm:way:1081887667", "type": "kindergarten", "name": "Katholische Kindertagesstätte St. Marien und St. Joseph", "source": "OpenStreetMap/Overpass"}}, {"type": "Feature", "geometry": {"type": "Point", "coordinates": [7.0256488, 51.0637551]}, "properties": {"id": "osm:way:1091308587", "type": "kindergarten", "name": "Stralsunder Straße", "source": "OpenStreetMap/Overpass"}}, {"type": "Feature", "geometry": {"type": "Point", "coordinates": [7.0257496, 51.0633322]}, "properties": {"id": "osm:way:1091308588", "type": "school", "name": "Gemeinschaftsgrundschule Herderstraße", "source": "OpenStreetMap/Overpass"}}, {"type": "Feature", "geometry": {"type": "Point", "coordinates": [6.981605, 50.9272115]}, "properties": {"id": "osm:way:1094701461", "type": "school", "name": "", "source": "OpenStreetMap/Overpass"}}, {"type": "Feature", "geometry": {"type": "Point", "coordinates": [6.8933134, 51.0801177]}, "properties": {"id": "osm:way:1098584097", "type": "school", "name": "Grundschule Im Pfingsterfeld", "source": "OpenStreetMap/Overpass"}}, {"type": "Feature", "geometry": {"type": "Point", "coordinates": [6.8896538, 50.8777085]}, "properties": {"id": "osm:way:1108592004", "type": "kindergarten", "name": "", "source": "OpenStreetMap/Overpass"}}, {"type": "Feature", "geometry": {"type": "Point", "coordinates": [6.9179994, 50.91725]}, "properties": {"id": "osm:way:1113189857", "type": "kindergarten", "name": "", "source": "OpenStreetMap/Overpass"}}, {"type": "Feature", "geometry": {"type": "Point", "coordinates": [6.9277074, 50.9245875]}, "properties": {"id": "osm:way:1134056579", "type": "school", "name": "Städtische Förderschule Zülpicher Straße", "source": "OpenStreetMap/Overpass"}}, {"type": "Feature", "geometry": {"type": "Point", "coordinates": [6.9443589, 50.9082437]}, "properties": {"id": "osm:way:1134056962", "type": "school", "name": "Rosenzweigschule", "source": "OpenStreetMap/Overpass"}}, {"type": "Feature", "geometry": {"type": "Point", "coordinates": [6.8615933, 50.8827965]}, "properties": {"id": "osm:way:1144803264", "type": "kindergarten", "name": "Kath. integrative KiTa \"Löwenzahn\" St. Maria am Brunnen", "source": "OpenStreetMap/Overpass"}}, {"type": "Feature", "geometry": {"type": "Point", "coordinates": [7.090161, 50.9175695]}, "properties": {"id": "osm:way:1149967049", "type": "kindergarten", "name": "Kindertagesstätte St. Cornelius", "source": "OpenStreetMap/Overpass"}}, {"type": "Feature", "geometry": {"type": "Point", "coordinates": [7.0783312, 50.9447971]}, "properties": {"id": "osm:way:1152477092", "type": "school", "name": "Kath. Grundschule Olpener Straße", "source": "OpenStreetMap/Overpass"}}, {"type": "Feature", "geometry": {"type": "Point", "coordinates": [6.8858696, 51.0248713]}, "properties": {"id": "osm:way:1154757183", "type": "kindergarten", "name": "Kindertagesstätte Quäker Pänz", "source": "OpenStreetMap/Overpass"}}, {"type": "Feature", "geometry": {"type": "Point", "coordinates": [7.091145, 50.8499496]}, "properties": {"id": "osm:way:1183856360", "type": "kindergarten", "name": "Kindertagesstätte Kleine Riesen", "source": "OpenStreetMap/Overpass"}}, {"type": "Feature", "geometry": {"type": "Point", "coordinates": [6.9305849, 50.8604474]}, "properties": {"id": "osm:way:1187701762", "type": "kindergarten", "name": "Katholische Kindertagesstätte St. Blasius", "source": "OpenStreetMap/Overpass"}}, {"type": "Feature", "geometry": {"type": "Point", "coordinates": [7.0086859, 50.8726369]}, "properties": {"id": "osm:way:1191755809", "type": "kindergarten", "name": "KiTa Distelfalter", "source": "OpenStreetMap/Overpass"}}, {"type": "Feature", "geometry": {"type": "Point", "coordinates": [6.9611741, 50.8712072]}, "properties": {"id": "osm:way:1192389137", "type": "kindergarten", "name": "Evangelischer Kindergarten", "source": "OpenStreetMap/Overpass"}}, {"type": "Feature", "geometry": {"type": "Point", "coordinates": [6.861336, 50.9280996]}, "properties": {"id": "osm:way:1193631196", "type": "kindergarten", "name": "Kita Stüttgerhofweg", "source": "OpenStreetMap/Overpass"}}, {"type": "Feature", "geometry": {"type": "Point", "coordinates": [6.9487559, 50.9460992]}, "properties": {"id": "osm:way:1210662923", "type": "kindergarten", "name": "KiTa FröbelBANde", "source": "OpenStreetMap/Overpass"}}, {"type": "Feature", "geometry": {"type": "Point", "coordinates": [6.9482362, 50.9458286]}, "properties": {"id": "osm:way:1210662924", "type": "school", "name": "", "source": "OpenStreetMap/Overpass"}}, {"type": "Feature", "geometry": {"type": "Point", "coordinates": [7.0782081, 50.9754887]}, "properties": {"id": "osm:way:1211353310", "type": "school", "name": "Katholische Grundschule Thurner Straße", "source": "OpenStreetMap/Overpass"}}, {"type": "Feature", "geometry": {"type": "Point", "coordinates": [7.0542784, 50.9698098]}, "properties": {"id": "osm:way:1213153350", "type": "school", "name": "Katholische Grundschule Neufelder Straße", "source": "OpenStreetMap/Overpass"}}, {"type": "Feature", "geometry": {"type": "Point", "coordinates": [7.0653637, 50.9778826]}, "properties": {"id": "osm:way:1214889886", "type": "school", "name": "Katholische Grundschule Urnenstraße", "source": "OpenStreetMap/Overpass"}}, {"type": "Feature", "geometry": {"type": "Point", "coordinates": [6.9987842, 50.9581018]}, "properties": {"id": "osm:way:1215820739", "type": "school", "name": "Katholische Grundschule Horststraße", "source": "OpenStreetMap/Overpass"}}, {"type": "Feature", "geometry": {"type": "Point", "coordinates": [6.8749167, 50.8366453]}, "properties": {"id": "osm:way:1218699244", "type": "school", "name": "Maria-Montessori-Schule", "source": "OpenStreetMap/Overpass"}}, {"type": "Feature", "geometry": {"type": "Point", "coordinates": [7.0562169, 50.9645348]}, "properties": {"id": "osm:way:1230191945", "type": "school", "name": "Hilde-Domin-Schule", "source": "OpenStreetMap/Overpass"}}, {"type": "Feature", "geometry": {"type": "Point", "coordinates": [6.8769016, 50.9494057]}, "properties": {"id": "osm:way:1236702744", "type": "school", "name": "Gesamtschule Am Wassermann", "source": "OpenStreetMap/Overpass"}}, {"type": "Feature", "geometry": {"type": "Point", "coordinates": [6.8592256, 50.9296502]}, "properties": {"id": "osm:way:1240964756", "type": "school", "name": "GGS Alfons-Nowak-Straße", "source": "OpenStreetMap/Overpass"}}, {"type": "Feature", "geometry": {"type": "Point", "coordinates": [6.9143831, 50.9714091]}, "properties": {"id": "osm:way:1247012445", "type": "kindergarten", "name": "Städtische Kindertageseinrichtung Peter-Michels-Straße", "source": "OpenStreetMap/Overpass"}}, {"type": "Feature", "geometry": {"type": "Point", "coordinates": [7.0100329, 50.9348015]}, "properties": {"id": "osm:way:1250817765", "type": "school", "name": "Erzbischöflicher Bildungscampus Köln-Kalk", "source": "OpenStreetMap/Overpass"}}, {"type": "Feature", "geometry": {"type": "Point", "coordinates": [7.0990425, 50.8737724]}, "properties": {"id": "osm:way:1253692002", "type": "kindergarten", "name": "Städtische Kindertageseinrichtung Wiesenweg", "source": "OpenStreetMap/Overpass"}}, {"type": "Feature", "geometry": {"type": "Point", "coordinates": [7.0831139, 50.8564719]}, "properties": {"id": "osm:way:1255055955", "type": "kindergarten", "name": "Kindertagesstätte St.-Sebastianus-Straße", "source": "OpenStreetMap/Overpass"}}, {"type": "Feature", "geometry": {"type": "Point", "coordinates": [7.0801826, 50.9209018]}, "properties": {"id": "osm:way:1267257687", "type": "kindergarten", "name": "Städtische Kindertageseinrichtung Rather Schulstraße", "source": "OpenStreetMap/Overpass"}}, {"type": "Feature", "geometry": {"type": "Point", "coordinates": [6.9988539, 50.9589088]}, "properties": {"id": "osm:way:1267489848", "type": "kindergarten", "name": "Katholische Kindertagesstätte Herz Jesu", "source": "OpenStreetMap/Overpass"}}, {"type": "Feature", "geometry": {"type": "Point", "coordinates": [7.0367852, 50.9915413]}, "properties": {"id": "osm:way:1268190376", "type": "kindergarten", "name": "Fröbel Kindergarten Kunterbunt", "source": "OpenStreetMap/Overpass"}}, {"type": "Feature", "geometry": {"type": "Point", "coordinates": [7.0366088, 50.9973193]}, "properties": {"id": "osm:way:1268194439", "type": "kindergarten", "name": "Kindertagesstätte", "source": "OpenStreetMap/Overpass"}}, {"type": "Feature", "geometry": {"type": "Point", "coordinates": [7.0371504, 51.0000687]}, "properties": {"id": "osm:way:1268199333", "type": "kindergarten", "name": "Städtischer Kindergarten", "source": "OpenStreetMap/Overpass"}}, {"type": "Feature", "geometry": {"type": "Point", "coordinates": [7.044702, 50.9976274]}, "properties": {"id": "osm:way:1268206769", "type": "kindergarten", "name": "Katholische Kindertagesstätte St. Joseph", "source": "OpenStreetMap/Overpass"}}, {"type": "Feature", "geometry": {"type": "Point", "coordinates": [7.0477402, 50.9847326]}, "properties": {"id": "osm:way:1268212616", "type": "kindergarten", "name": "", "source": "OpenStreetMap/Overpass"}}, {"type": "Feature", "geometry": {"type": "Point", "coordinates": [7.0494135, 50.9476465]}, "properties": {"id": "osm:way:1272880491", "type": "kindergarten", "name": "Kindertagesstätte St. Gereon", "source": "OpenStreetMap/Overpass"}}, {"type": "Feature", "geometry": {"type": "Point", "coordinates": [7.0311695, 50.9620204]}, "properties": {"id": "osm:way:1272904987", "type": "kindergarten", "name": "Kindertagesstätte und Familienzentrum Klein Herl", "source": "OpenStreetMap/Overpass"}}, {"type": "Feature", "geometry": {"type": "Point", "coordinates": [7.0458593, 50.947701]}, "properties": {"id": "osm:way:1273116696", "type": "kindergarten", "name": "Städtische Kindertagesstätte Kieskaulerweg", "source": "OpenStreetMap/Overpass"}}, {"type": "Feature", "geometry": {"type": "Point", "coordinates": [6.7938826, 50.9921622]}, "properties": {"id": "osm:way:1284168541", "type": "kindergarten", "name": "Kita an der Kometenallee", "source": "OpenStreetMap/Overpass"}}, {"type": "Feature", "geometry": {"type": "Point", "coordinates": [7.0067895, 50.8772218]}, "properties": {"id": "osm:way:1291998762", "type": "school", "name": "Gymnasium Rondorf", "source": "OpenStreetMap/Overpass"}}, {"type": "Feature", "geometry": {"type": "Point", "coordinates": [6.9804513, 51.0477423]}, "properties": {"id": "osm:way:1292025865", "type": "kindergarten", "name": "St. Stephanus", "source": "OpenStreetMap/Overpass"}}, {"type": "Feature", "geometry": {"type": "Point", "coordinates": [6.9168813, 50.9638403]}, "properties": {"id": "osm:way:1292204892", "type": "kindergarten", "name": "Domwichtel", "source": "OpenStreetMap/Overpass"}}, {"type": "Feature", "geometry": {"type": "Point", "coordinates": [6.8891147, 50.9020915]}, "properties": {"id": "osm:way:1292615561", "type": "kindergarten", "name": "Waldkindergarten Stadtwaldfrösche", "source": "OpenStreetMap/Overpass"}}, {"type": "Feature", "geometry": {"type": "Point", "coordinates": [6.8860607, 50.8979353]}, "properties": {"id": "osm:way:1292616497", "type": "kindergarten", "name": "Kindertagesstätte Grashüpfer", "source": "OpenStreetMap/Overpass"}}, {"type": "Feature", "geometry": {"type": "Point", "coordinates": [6.8462697, 50.8850778]}, "properties": {"id": "osm:way:1294961966", "type": "kindergarten", "name": "Kindertagesstätte Erlebnishaus", "source": "OpenStreetMap/Overpass"}}, {"type": "Feature", "geometry": {"type": "Point", "coordinates": [7.0607136, 50.9652651]}, "properties": {"id": "osm:way:1301841221", "type": "kindergarten", "name": "Kindertagesstätte und Familienzentrum Heinz-Kühn-Straße", "source": "OpenStreetMap/Overpass"}}, {"type": "Feature", "geometry": {"type": "Point", "coordinates": [6.9174231, 50.8347907]}, "properties": {"id": "osm:way:1301926088", "type": "kindergarten", "name": "Inklusives Familienzentrum ASB Kindertagesstätte Bärenhöhle", "source": "OpenStreetMap/Overpass"}}, {"type": "Feature", "geometry": {"type": "Point", "coordinates": [7.0234463, 50.9834946]}, "properties": {"id": "osm:way:1302275528", "type": "kindergarten", "name": "Familienzentrum Höhenhaus II", "source": "OpenStreetMap/Overpass"}}, {"type": "Feature", "geometry": {"type": "Point", "coordinates": [6.8393545, 50.9612988]}, "properties": {"id": "osm:way:1304814887", "type": "kindergarten", "name": "Kleine Forscher", "source": "OpenStreetMap/Overpass"}}, {"type": "Feature", "geometry": {"type": "Point", "coordinates": [6.9363961, 50.9129635]}, "properties": {"id": "osm:way:1305575682", "type": "kindergarten", "name": "Deutsch-Französische Kindertagesstätte e.V. Les Petits Malins", "source": "OpenStreetMap/Overpass"}}, {"type": "Feature", "geometry": {"type": "Point", "coordinates": [7.0761483, 50.9778911]}, "properties": {"id": "osm:way:1307218618", "type": "kindergarten", "name": "Waldorfkindergarten An der Aue", "source": "OpenStreetMap/Overpass"}}, {"type": "Feature", "geometry": {"type": "Point", "coordinates": [6.7895225, 50.961918]}, "properties": {"id": "osm:way:1307443696", "type": "kindergarten", "name": "Städt. Kindertagesstätte \"Villa Kunterbunt\"", "source": "OpenStreetMap/Overpass"}}, {"type": "Feature", "geometry": {"type": "Point", "coordinates": [6.9334366, 50.9450179]}, "properties": {"id": "osm:way:1307760227", "type": "school", "name": "Montessori-Grundschule Gilbachstraße (Interim)", "source": "OpenStreetMap/Overpass"}}, {"type": "Feature", "geometry": {"type": "Point", "coordinates": [6.8755127, 50.9499535]}, "properties": {"id": "osm:way:1311528773", "type": "school", "name": "Helios-Gesamtschule (Interim)", "source": "OpenStreetMap/Overpass"}}, {"type": "Feature", "geometry": {"type": "Point", "coordinates": [7.1443971, 50.9513447]}, "properties": {"id": "osm:way:1311603269", "type": "kindergarten", "name": "AWO Waldkindergarten", "source": "OpenStreetMap/Overpass"}}, {"type": "Feature", "geometry": {"type": "Point", "coordinates": [6.8136152, 50.911569]}, "properties": {"id": "osm:way:1312975621", "type": "kindergarten", "name": "Kath. Kindergarten St. Audomar", "source": "OpenStreetMap/Overpass"}}, {"type": "Feature", "geometry": {"type": "Point", "coordinates": [6.9989351, 50.94235]}, "properties": {"id": "osm:way:1314888604", "type": "school", "name": "Katholische Grundschule Vietorstraße", "source": "OpenStreetMap/Overpass"}}, {"type": "Feature", "geometry": {"type": "Point", "coordinates": [7.0796424, 50.8793753]}, "properties": {"id": "osm:way:1319940490", "type": "kindergarten", "name": "Städtische Kindertageseinrichtung Elsdorfer Straße", "source": "OpenStreetMap/Overpass"}}, {"type": "Feature", "geometry": {"type": "Point", "coordinates": [7.1047261, 50.9862868]}, "properties": {"id": "osm:way:1321451371", "type": "kindergarten", "name": "AWO Familienzentrum Gronau-Hand", "source": "OpenStreetMap/Overpass"}}, {"type": "Feature", "geometry": {"type": "Point", "coordinates": [6.9506647, 50.9323447]}, "properties": {"id": "osm:way:1322309973", "type": "school", "name": "Katholische Hauptschule Großer Griechenmarkt", "source": "OpenStreetMap/Overpass"}}, {"type": "Feature", "geometry": {"type": "Point", "coordinates": [7.0281344, 50.8790837]}, "properties": {"id": "osm:way:1331102142", "type": "kindergarten", "name": "Städtische Kindertageseinrichtung Am Damm", "source": "OpenStreetMap/Overpass"}}, {"type": "Feature", "geometry": {"type": "Point", "coordinates": [7.0133813, 50.8303984]}, "properties": {"id": "osm:way:1332064511", "type": "kindergarten", "name": "Kindertagesstätte Lenaustraße", "source": "OpenStreetMap/Overpass"}}, {"type": "Feature", "geometry": {"type": "Point", "coordinates": [6.8753408, 50.8317892]}, "properties": {"id": "osm:way:1334265698", "type": "kindergarten", "name": "", "source": "OpenStreetMap/Overpass"}}, {"type": "Feature", "geometry": {"type": "Point", "coordinates": [6.7770381, 50.9653134]}, "properties": {"id": "osm:way:1335953839", "type": "kindergarten", "name": "", "source": "OpenStreetMap/Overpass"}}, {"type": "Feature", "geometry": {"type": "Point", "coordinates": [7.0619344, 50.9747862]}, "properties": {"id": "osm:way:1338509480", "type": "kindergarten", "name": "", "source": "OpenStreetMap/Overpass"}}, {"type": "Feature", "geometry": {"type": "Point", "coordinates": [6.995778, 50.9147011]}, "properties": {"id": "osm:way:1347931027", "type": "school", "name": "Janusz-Korczak-Schule", "source": "OpenStreetMap/Overpass"}}, {"type": "Feature", "geometry": {"type": "Point", "coordinates": [7.0112469, 51.0325869]}, "properties": {"id": "osm:way:1355121816", "type": "kindergarten", "name": "", "source": "OpenStreetMap/Overpass"}}, {"type": "Feature", "geometry": {"type": "Point", "coordinates": [7.0324231, 51.0423589]}, "properties": {"id": "osm:way:1355134129", "type": "kindergarten", "name": "Kita Nikolaus-Groß-Str.", "source": "OpenStreetMap/Overpass"}}, {"type": "Feature", "geometry": {"type": "Point", "coordinates": [7.069603, 51.0584873]}, "properties": {"id": "osm:way:1355145703", "type": "kindergarten", "name": "Albert-Schweitzer-Straße", "source": "OpenStreetMap/Overpass"}}, {"type": "Feature", "geometry": {"type": "Point", "coordinates": [6.8570781, 51.0595783]}, "properties": {"id": "osm:way:1355342466", "type": "kindergarten", "name": "KiKu Rheinpiraten", "source": "OpenStreetMap/Overpass"}}, {"type": "Feature", "geometry": {"type": "Point", "coordinates": [7.0722498, 50.8940198]}, "properties": {"id": "osm:way:1356247609", "type": "kindergarten", "name": "Stepke KiTa Drachenflieger", "source": "OpenStreetMap/Overpass"}}, {"type": "Feature", "geometry": {"type": "Point", "coordinates": [6.9954858, 51.0258353]}, "properties": {"id": "osm:way:1357069871", "type": "kindergarten", "name": "Die Knirpse", "source": "OpenStreetMap/Overpass"}}, {"type": "Feature", "geometry": {"type": "Point", "coordinates": [7.020634, 51.0614346]}, "properties": {"id": "osm:way:1358423665", "type": "kindergarten", "name": "Kindertagesstätte Am Quettinger Feld", "source": "OpenStreetMap/Overpass"}}, {"type": "Feature", "geometry": {"type": "Point", "coordinates": [6.8951038, 50.9447209]}, "properties": {"id": "osm:way:1376534106", "type": "school", "name": "BilinGO Campus", "source": "OpenStreetMap/Overpass"}}, {"type": "Feature", "geometry": {"type": "Point", "coordinates": [6.9503363, 50.9807752]}, "properties": {"id": "osm:way:1383817957", "type": "kindergarten", "name": "Spatzennest", "source": "OpenStreetMap/Overpass"}}, {"type": "Feature", "geometry": {"type": "Point", "coordinates": [6.8799152, 50.9507009]}, "properties": {"id": "osm:way:1387863789", "type": "school", "name": "", "source": "OpenStreetMap/Overpass"}}, {"type": "Feature", "geometry": {"type": "Point", "coordinates": [6.9137391, 50.9532169]}, "properties": {"id": "osm:way:1391338059", "type": "school", "name": "Michael-Ende-Grundschule", "source": "OpenStreetMap/Overpass"}}, {"type": "Feature", "geometry": {"type": "Point", "coordinates": [7.0783663, 50.8745086]}, "properties": {"id": "osm:way:1411430285", "type": "kindergarten", "name": "Stepke KiTa Kleine Füchse", "source": "OpenStreetMap/Overpass"}}, {"type": "Feature", "geometry": {"type": "Point", "coordinates": [6.9897168, 50.9110561]}, "properties": {"id": "osm:way:1423940747", "type": "kindergarten", "name": "Kindertagesstätte St. Joseph", "source": "OpenStreetMap/Overpass"}}, {"type": "Feature", "geometry": {"type": "Point", "coordinates": [6.9985095, 51.0211863]}, "properties": {"id": "osm:way:1424086921", "type": "kindergarten", "name": "Kita Xkids Leverkusen", "source": "OpenStreetMap/Overpass"}}, {"type": "Feature", "geometry": {"type": "Point", "coordinates": [7.002429, 50.9457344]}, "properties": {"id": "osm:way:1425664471", "type": "kindergarten", "name": "Städtische Kindertageseinrichtung Kalk-Mülheimer Straße", "source": "OpenStreetMap/Overpass"}}, {"type": "Feature", "geometry": {"type": "Point", "coordinates": [6.9610864, 50.9331115]}, "properties": {"id": "osm:way:1427602236", "type": "kindergarten", "name": "Kindertagesstätte Filzstifte", "source": "OpenStreetMap/Overpass"}}, {"type": "Feature", "geometry": {"type": "Point", "coordinates": [7.0960893, 50.9230825]}, "properties": {"id": "osm:way:1429714116", "type": "kindergarten", "name": "Kita Mauspfadwichtel", "source": "OpenStreetMap/Overpass"}}, {"type": "Feature", "geometry": {"type": "Point", "coordinates": [6.8423917, 50.9321078]}, "properties": {"id": "osm:way:1433090853", "type": "kindergarten", "name": "Städtische Kindertageseinrichtung Bistritzer Straße", "source": "OpenStreetMap/Overpass"}}, {"type": "Feature", "geometry": {"type": "Point", "coordinates": [7.0003564, 51.0599653]}, "properties": {"id": "osm:way:1436793904", "type": "school", "name": "GGS Opladen", "source": "OpenStreetMap/Overpass"}}, {"type": "Feature", "geometry": {"type": "Point", "coordinates": [7.0194726, 50.9513092]}, "properties": {"id": "osm:relation:38442", "type": "school", "name": "Erich-Gutenberg-Berufskolleg", "source": "OpenStreetMap/Overpass"}}, {"type": "Feature", "geometry": {"type": "Point", "coordinates": [6.9293082, 50.9234662]}, "properties": {"id": "osm:relation:1253818", "type": "school", "name": "EvT / Schiller Gymnasium", "source": "OpenStreetMap/Overpass"}}, {"type": "Feature", "geometry": {"type": "Point", "coordinates": [6.8719103, 50.9969155]}, "properties": {"id": "osm:relation:1301750", "type": "school", "name": "Erich-Ohser-Schule - GGS Pesch", "source": "OpenStreetMap/Overpass"}}, {"type": "Feature", "geometry": {"type": "Point", "coordinates": [6.95094, 50.9478845]}, "properties": {"id": "osm:relation:1320195", "type": "school", "name": "", "source": "OpenStreetMap/Overpass"}}, {"type": "Feature", "geometry": {"type": "Point", "coordinates": [7.0386763, 50.9620838]}, "properties": {"id": "osm:relation:1606081", "type": "school", "name": "Integrierte Gesamtschule Holweide", "source": "OpenStreetMap/Overpass"}}, {"type": "Feature", "geometry": {"type": "Point", "coordinates": [6.8147047, 51.0229924]}, "properties": {"id": "osm:relation:2135517", "type": "kindergarten", "name": "", "source": "OpenStreetMap/Overpass"}}, {"type": "Feature", "geometry": {"type": "Point", "coordinates": [7.1228382, 51.0016082]}, "properties": {"id": "osm:relation:2507622", "type": "school", "name": "Haupt- Realschule Im Kleefeld", "source": "OpenStreetMap/Overpass"}}, {"type": "Feature", "geometry": {"type": "Point", "coordinates": [6.8725494, 50.9351748]}, "properties": {"id": "osm:relation:2800373", "type": "school", "name": "Sportinternat Köln", "source": "OpenStreetMap/Overpass"}}, {"type": "Feature", "geometry": {"type": "Point", "coordinates": [6.916158, 50.9324836]}, "properties": {"id": "osm:relation:3259222", "type": "school", "name": "Apostelgymnasium", "source": "OpenStreetMap/Overpass"}}, {"type": "Feature", "geometry": {"type": "Point", "coordinates": [7.0263238, 50.935681]}, "properties": {"id": "osm:relation:4003603", "type": "kindergarten", "name": "Städtische Kindertageseinrichtung Lustheider Straße", "source": "OpenStreetMap/Overpass"}}, {"type": "Feature", "geometry": {"type": "Point", "coordinates": [6.8720302, 50.8862618]}, "properties": {"id": "osm:relation:6074015", "type": "school", "name": "Albert-Schweitzer-Gymnasium", "source": "OpenStreetMap/Overpass"}}, {"type": "Feature", "geometry": {"type": "Point", "coordinates": [6.8166643, 50.9190091]}, "properties": {"id": "osm:relation:6603741", "type": "school", "name": "Heinrich-Böll-Schule (BBS)", "source": "OpenStreetMap/Overpass"}}, {"type": "Feature", "geometry": {"type": "Point", "coordinates": [7.0151207, 50.9538795]}, "properties": {"id": "osm:relation:8382242", "type": "school", "name": "Ferdinand Franz Wallraf Gymnasium", "source": "OpenStreetMap/Overpass"}}, {"type": "Feature", "geometry": {"type": "Point", "coordinates": [7.1239392, 51.0019005]}, "properties": {"id": "osm:relation:9193030", "type": "kindergarten", "name": "Kindertagesstätte Heilsbrunner Hosenmätze", "source": "OpenStreetMap/Overpass"}}, {"type": "Feature", "geometry": {"type": "Point", "coordinates": [7.0065753, 51.0695111]}, "properties": {"id": "osm:relation:11203709", "type": "school", "name": "Berufskolleg Opladen", "source": "OpenStreetMap/Overpass"}}, {"type": "Feature", "geometry": {"type": "Point", "coordinates": [6.8957047, 51.0298431]}, "properties": {"id": "osm:relation:14265738", "type": "school", "name": "Freie Waldorfschule Köln", "source": "OpenStreetMap/Overpass"}}, {"type": "Feature", "geometry": {"type": "Point", "coordinates": [6.9135389, 50.9177078]}, "properties": {"id": "osm:relation:19714533", "type": "school", "name": "GGS Mommsenstraße", "source": "OpenStreetMap/Overpass"}}, {"type": "Feature", "geometry": {"type": "Point", "coordinates": [6.9549345, 50.927726]}, "properties": {"id": "osm:relation:19846890", "type": "school", "name": "Gesamtschule igis Köln", "source": "OpenStreetMap/Overpass"}}]}
