{"type": "FeatureCollection", "features": [{"type": "Feature", "geometry": {"type": "Point", "coordinates": [8.6627962, 51.9588298]}, "properties": {"id": "osm:node:282572334", "type": "kindergarten", "name": "Am Zauberberg", "source": "OpenStreetMap/Overpass"}}, {"type": "Feature", "geometry": {"type": "Point", "coordinates": [8.5341281, 52.0441674]}, "properties": {"id": "osm:node:300016551", "type": "school", "name": "Kinderverkehrsschule", "source": "OpenStreetMap/Overpass"}}, {"type": "Feature", "geometry": {"type": "Point", "coordinates": [8.4930585, 52.0346979]}, "properties": {"id": "osm:node:343486483", "type": "kindergarten", "name": "Uni-Kindertagesstätte", "source": "OpenStreetMap/Overpass"}}, {"type": "Feature", "geometry": {"type": "Point", "coordinates": [8.4942292, 52.0344156]}, "properties": {"id": "osm:node:405954559", "type": "kindergarten", "name": "Kindertagesstätte", "source": "OpenStreetMap/Overpass"}}, {"type": "Feature", "geometry": {"type": "Point", "coordinates": [8.4148432, 52.065107]}, "properties": {"id": "osm:node:410344447", "type": "kindergarten", "name": "Waldkindergarten", "source": "OpenStreetMap/Overpass"}}, {"type": "Feature", "geometry": {"type": "Point", "coordinates": [8.5879435, 51.9903102]}, "properties": {"id": "osm:node:488447597", "type": "kindergarten", "name": "Kinderhaus Am Alten Dreisch", "source": "OpenStreetMap/Overpass"}}, {"type": "Feature", "geometry": {"type": "Point", "coordinates": [8.5153266, 52.037423]}, "properties": {"id": "osm:node:548173812", "type": "kindergarten", "name": "BreiSociety", "source": "OpenStreetMap/Overpass"}}, {"type": "Feature", "geometry": {"type": "Point", "coordinates": [8.5531316, 52.0135974]}, "properties": {"id": "osm:node:655181125", "type": "childcare", "name": "Kleine Eichhörnchen", "source": "OpenStreetMap/Overpass"}}, {"type": "Feature", "geometry": {"type": "Point", "coordinates": [8.5234228, 52.0239607]}, "properties": {"id": "osm:node:704015582", "type": "school", "name": "Bildungszentrum Franziskus Hospital", "source": "OpenStreetMap/Overpass"}}, {"type": "Feature", "geometry": {"type": "Point", "coordinates": [8.5263151, 52.0305282]}, "properties": {"id": "osm:node:772607972", "type": "kindergarten", "name": "Kita Falken", "source": "OpenStreetMap/Overpass"}}, {"type": "Feature", "geometry": {"type": "Point", "coordinates": [8.5587075, 51.931344]}, "properties": {"id": "osm:node:822797503", "type": "kindergarten", "name": "Kita Nobea", "source": "OpenStreetMap/Overpass"}}, {"type": "Feature", "geometry": {"type": "Point", "coordinates": [8.5643776, 52.0294516]}, "properties": {"id": "osm:node:1111868075", "type": "kindergarten", "name": "Pusteblume", "source": "OpenStreetMap/Overpass"}}, {"type": "Feature", "geometry": {"type": "Point", "coordinates": [8.5845142, 51.9519323]}, "properties": {"id": "osm:node:1247105993", "type": "kindergarten", "name": "Kath. Kindergarten St. Thomas Morus", "source": "OpenStreetMap/Overpass"}}, {"type": "Feature", "geometry": {"type": "Point", "coordinates": [8.5154949, 52.038552]}, "properties": {"id": "osm:node:1270638507", "type": "kindergarten", "name": "Städt. KiTa Gustav-Freytag-Straße", "source": "OpenStreetMap/Overpass"}}, {"type": "Feature", "geometry": {"type": "Point", "coordinates": [8.6021218, 52.0292398]}, "properties": {"id": "osm:node:1387996651", "type": "school", "name": "Gymnasium Heepen", "source": "OpenStreetMap/Overpass"}}, {"type": "Feature", "geometry": {"type": "Point", "coordinates": [8.6009951, 52.0292227]}, "properties": {"id": "osm:node:1387996659", "type": "school", "name": "Realschule Heepen", "source": "OpenStreetMap/Overpass"}}, {"type": "Feature", "geometry": {"type": "Point", "coordinates": [8.520447, 52.0474314]}, "properties": {"id": "osm:node:1506529937", "type": "kindergarten", "name": "Familienzentrum Lange Wiese", "source": "OpenStreetMap/Overpass"}}, {"type": "Feature", "geometry": {"type": "Point", "coordinates": [8.4990782, 52.0363845]}, "properties": {"id": "osm:node:1608781816", "type": "school", "name": "Laborschule Haus II", "source": "OpenStreetMap/Overpass"}}, {"type": "Feature", "geometry": {"type": "Point", "coordinates": [8.6204526, 51.9730404]}, "properties": {"id": "osm:node:1686092257", "type": "kindergarten", "name": "KiTa Lämershagen", "source": "OpenStreetMap/Overpass"}}, {"type": "Feature", "geometry": {"type": "Point", "coordinates": [8.5227649, 52.0327138]}, "properties": {"id": "osm:node:1746135737", "type": "school", "name": "Abendgymnasium Bielefeld", "source": "OpenStreetMap/Overpass"}}, {"type": "Feature", "geometry": {"type": "Point", "coordinates": [8.544735, 52.0257929]}, "properties": {"id": "osm:node:1749699773", "type": "kindergarten", "name": "AWO Kita \"Die Rasselbande\"", "source": "OpenStreetMap/Overpass"}}, {"type": "Feature", "geometry": {"type": "Point", "coordinates": [8.5536985, 52.023484]}, "properties": {"id": "osm:node:1773219870", "type": "school", "name": "Maria-Stemme-Berufskolleg der Stadt Bielefeld", "source": "OpenStreetMap/Overpass"}}, {"type": "Feature", "geometry": {"type": "Point", "coordinates": [8.5251575, 52.0230404]}, "properties": {"id": "osm:node:1833194125", "type": "childcare", "name": "Fiffikids Kindergroßtagespflege U3", "source": "OpenStreetMap/Overpass"}}, {"type": "Feature", "geometry": {"type": "Point", "coordinates": [8.6495284, 52.1122397]}, "properties": {"id": "osm:node:1843996420", "type": "kindergarten", "name": "Kita Mäusenest", "source": "OpenStreetMap/Overpass"}}, {"type": "Feature", "geometry": {"type": "Point", "coordinates": [8.527525, 52.0185875]}, "properties": {"id": "osm:node:1878272040", "type": "school", "name": "Ratsgymnasium zu Bielefeld", "source": "OpenStreetMap/Overpass"}}, {"type": "Feature", "geometry": {"type": "Point", "coordinates": [8.5289951, 52.0186597]}, "properties": {"id": "osm:node:1878281948", "type": "school", "name": "Gymnasium am Waldhof", "source": "OpenStreetMap/Overpass"}}, {"type": "Feature", "geometry": {"type": "Point", "coordinates": [8.5294617, 52.0336194]}, "properties": {"id": "osm:node:2361368232", "type": "kindergarten", "name": "Kinderschutzhaus", "source": "OpenStreetMap/Overpass"}}, {"type": "Feature", "geometry": {"type": "Point", "coordinates": [8.5432495, 52.0434705]}, "properties": {"id": "osm:node:2424761655", "type": "school", "name": "Schule für Diätassistenz", "source": "OpenStreetMap/Overpass"}}, {"type": "Feature", "geometry": {"type": "Point", "coordinates": [8.5265262, 52.0094113]}, "properties": {"id": "osm:node:2459895595", "type": "school", "name": "Berufskolleg", "source": "OpenStreetMap/Overpass"}}, {"type": "Feature", "geometry": {"type": "Point", "coordinates": [8.5759589, 52.0065591]}, "properties": {"id": "osm:node:2497230536", "type": "school", "name": "Bibelschule Mennoniten-Gemeinde Bielefeld", "source": "OpenStreetMap/Overpass"}}, {"type": "Feature", "geometry": {"type": "Point", "coordinates": [8.5280945, 51.9854904]}, "properties": {"id": "osm:node:2605579479", "type": "school", "name": "Gesamtschule Rosenhöhe", "source": "OpenStreetMap/Overpass"}}, {"type": "Feature", "geometry": {"type": "Point", "coordinates": [8.5297888, 52.0112149]}, "properties": {"id": "osm:node:2605632262", "type": "school", "name": "Haus Burgblick", "source": "OpenStreetMap/Overpass"}}, {"type": "Feature", "geometry": {"type": "Point", "coordinates": [8.5221348, 52.0048839]}, "properties": {"id": "osm:node:2688164634", "type": "school", "name": "Gymnasium Bethel", "source": "OpenStreetMap/Overpass"}}, {"type": "Feature", "geometry": {"type": "Point", "coordinates": [8.5675241, 52.0248227]}, "properties": {"id": "osm:node:2692336996", "type": "childcare", "name": "Tagesgruppe Kinderglück", "source": "OpenStreetMap/Overpass"}}, {"type": "Feature", "geometry": {"type": "Point", "coordinates": [8.5238048, 52.0257692]}, "properties": {"id": "osm:node:2693664786", "type": "kindergarten", "name": "Stapenhörstchen", "source": "OpenStreetMap/Overpass"}}, {"type": "Feature", "geometry": {"type": "Point", "coordinates": [8.547992, 51.9568591]}, "properties": {"id": "osm:node:2749829942", "type": "school", "name": "Albatros-Schule", "source": "OpenStreetMap/Overpass"}}, {"type": "Feature", "geometry": {"type": "Point", "coordinates": [8.5653246, 52.0024451]}, "properties": {"id": "osm:node:2749829943", "type": "school", "name": "Maria-Stemme-Berufskolleg, Sozial- und Gesundheitswesen", "source": "OpenStreetMap/Overpass"}}, {"type": "Feature", "geometry": {"type": "Point", "coordinates": [8.5112622, 51.9888194]}, "properties": {"id": "osm:node:2749830004", "type": "school", "name": "Vogelruthschule", "source": "OpenStreetMap/Overpass"}}, {"type": "Feature", "geometry": {"type": "Point", "coordinates": [8.5465415, 51.9568731]}, "properties": {"id": "osm:node:2749830006", "type": "school", "name": "Westkampschule", "source": "OpenStreetMap/Overpass"}}, {"type": "Feature", "geometry": {"type": "Point", "coordinates": [8.5654391, 51.9333689]}, "properties": {"id": "osm:node:2957281476", "type": "school", "name": "Schule für Ergotherapie Eckardtsheim", "source": "OpenStreetMap/Overpass"}}, {"type": "Feature", "geometry": {"type": "Point", "coordinates": [8.5339621, 52.0376866]}, "properties": {"id": "osm:node:3537086093", "type": "childcare", "name": "", "source": "OpenStreetMap/Overpass"}}, {"type": "Feature", "geometry": {"type": "Point", "coordinates": [8.5459827, 52.0118026]}, "properties": {"id": "osm:node:3773028224", "type": "kindergarten", "name": "Die Kinderinsel", "source": "OpenStreetMap/Overpass"}}, {"type": "Feature", "geometry": {"type": "Point", "coordinates": [8.5723534, 52.0352283]}, "properties": {"id": "osm:node:3813304430", "type": "kindergarten", "name": "Kindergarten Ziegelstraße", "source": "OpenStreetMap/Overpass"}}, {"type": "Feature", "geometry": {"type": "Point", "coordinates": [8.4923385, 52.0383046]}, "properties": {"id": "osm:node:3864942960", "type": "school", "name": "Teutolab Chemie", "source": "OpenStreetMap/Overpass"}}, {"type": "Feature", "geometry": {"type": "Point", "coordinates": [8.5695338, 52.0283138]}, "properties": {"id": "osm:node:3869206181", "type": "kindergarten", "name": "Kleine Kampe", "source": "OpenStreetMap/Overpass"}}, {"type": "Feature", "geometry": {"type": "Point", "coordinates": [8.5232224, 52.0243217]}, "properties": {"id": "osm:node:4135048795", "type": "kindergarten", "name": "Kita St. Franziskus", "source": "OpenStreetMap/Overpass"}}, {"type": "Feature", "geometry": {"type": "Point", "coordinates": [8.4848682, 51.9849918]}, "properties": {"id": "osm:node:4142510830", "type": "kindergarten", "name": "Kita Kupferhammer", "source": "OpenStreetMap/Overpass"}}, {"type": "Feature", "geometry": {"type": "Point", "coordinates": [8.5994163, 52.0100256]}, "properties": {"id": "osm:node:4341008548", "type": "kindergarten", "name": "KiTa JABinis", "source": "OpenStreetMap/Overpass"}}, {"type": "Feature", "geometry": {"type": "Point", "coordinates": [8.5359766, 52.0472955]}, "properties": {"id": "osm:node:4344467263", "type": "kindergarten", "name": "Kindergruppe Apfelstraße", "source": "OpenStreetMap/Overpass"}}, {"type": "Feature", "geometry": {"type": "Point", "coordinates": [8.5238713, 52.0111622]}, "properties": {"id": "osm:node:4711545162", "type": "school", "name": "Pflegeschulen", "source": "OpenStreetMap/Overpass"}}, {"type": "Feature", "geometry": {"type": "Point", "coordinates": [8.6023741, 51.9307527]}, "properties": {"id": "osm:node:4738037246", "type": "kindergarten", "name": "Ev. Kindertagesstätte Mittendrin", "source": "OpenStreetMap/Overpass"}}, {"type": "Feature", "geometry": {"type": "Point", "coordinates": [8.5403942, 52.0167117]}, "properties": {"id": "osm:node:4759264183", "type": "kindergarten", "name": "Kribbel-Krabbel-Käferchen", "source": "OpenStreetMap/Overpass"}}, {"type": "Feature", "geometry": {"type": "Point", "coordinates": [8.5308172, 52.0176386]}, "properties": {"id": "osm:node:5057066373", "type": "kindergarten", "name": "Bambini Kindertagespflege", "source": "OpenStreetMap/Overpass"}}, {"type": "Feature", "geometry": {"type": "Point", "coordinates": [8.5000293, 51.9981438]}, "properties": {"id": "osm:node:5062287027", "type": "childcare", "name": "Die kleinen Strolche", "source": "OpenStreetMap/Overpass"}}, {"type": "Feature", "geometry": {"type": "Point", "coordinates": [8.5928932, 51.9485695]}, "properties": {"id": "osm:node:5295669274", "type": "kindergarten", "name": "Ökumenisches Familienzentrum und Matthias-Claudius-Kita", "source": "OpenStreetMap/Overpass"}}, {"type": "Feature", "geometry": {"type": "Point", "coordinates": [8.5508806, 52.0066487]}, "properties": {"id": "osm:node:5407422141", "type": "kindergarten", "name": "AWO-Kindertagesstätte Lohmann-Carree", "source": "OpenStreetMap/Overpass"}}, {"type": "Feature", "geometry": {"type": "Point", "coordinates": [8.5520261, 52.0098446]}, "properties": {"id": "osm:node:5542510276", "type": "kindergarten", "name": "Kindertagespflege Erdogan", "source": "OpenStreetMap/Overpass"}}, {"type": "Feature", "geometry": {"type": "Point", "coordinates": [8.5144953, 51.9842929]}, "properties": {"id": "osm:node:5829360220", "type": "school", "name": "Teutoburger Wald Schule", "source": "OpenStreetMap/Overpass"}}, {"type": "Feature", "geometry": {"type": "Point", "coordinates": [8.514032, 51.98401]}, "properties": {"id": "osm:node:5829360221", "type": "school", "name": "Brackweder Realschule 2", "source": "OpenStreetMap/Overpass"}}, {"type": "Feature", "geometry": {"type": "Point", "coordinates": [8.5886866, 52.0469758]}, "properties": {"id": "osm:node:5829454353", "type": "school", "name": "Wellbachschule", "source": "OpenStreetMap/Overpass"}}, {"type": "Feature", "geometry": {"type": "Point", "coordinates": [8.5897113, 52.0475656]}, "properties": {"id": "osm:node:5829454355", "type": "school", "name": "Realschule Am Schlehenweg", "source": "OpenStreetMap/Overpass"}}, {"type": "Feature", "geometry": {"type": "Point", "coordinates": [8.5509165, 52.0144802]}, "properties": {"id": "osm:node:5837854102", "type": "kindergarten", "name": "Kleine Füsse", "source": "OpenStreetMap/Overpass"}}, {"type": "Feature", "geometry": {"type": "Point", "coordinates": [8.5219239, 52.0298098]}, "properties": {"id": "osm:node:6002343926", "type": "kindergarten", "name": "Kinderladen Wittekindstraße", "source": "OpenStreetMap/Overpass"}}, {"type": "Feature", "geometry": {"type": "Point", "coordinates": [8.5262417, 52.0298792]}, "properties": {"id": "osm:node:6742007749", "type": "kindergarten", "name": "Kinderhaus Lydia", "source": "OpenStreetMap/Overpass"}}, {"type": "Feature", "geometry": {"type": "Point", "coordinates": [8.5354089, 52.098792]}, "properties": {"id": "osm:node:7169385536", "type": "kindergarten", "name": "Kinderhaus Weltenbummler", "source": "OpenStreetMap/Overpass"}}, {"type": "Feature", "geometry": {"type": "Point", "coordinates": [8.592348, 51.947836]}, "properties": {"id": "osm:node:7305576090", "type": "kindergarten", "name": "KiTa Elbeallee", "source": "OpenStreetMap/Overpass"}}, {"type": "Feature", "geometry": {"type": "Point", "coordinates": [8.5031256, 52.0489837]}, "properties": {"id": "osm:node:7653423126", "type": "childcare", "name": "Betty's Kindertreff", "source": "OpenStreetMap/Overpass"}}, {"type": "Feature", "geometry": {"type": "Point", "coordinates": [8.5646555, 52.0320077]}, "properties": {"id": "osm:node:7690492186", "type": "school", "name": "Offene Ganztagsschule der Volkeningschule", "source": "OpenStreetMap/Overpass"}}, {"type": "Feature", "geometry": {"type": "Point", "coordinates": [8.5310661, 51.9546784]}, "properties": {"id": "osm:node:7749877228", "type": "kindergarten", "name": "Mutzekiepchen", "source": "OpenStreetMap/Overpass"}}, {"type": "Feature", "geometry": {"type": "Point", "coordinates": [8.5320221, 51.9546784]}, "properties": {"id": "osm:node:7928666431", "type": "kindergarten", "name": "Ev. Christus Kindergarten und Emmaus Familienzentrum", "source": "OpenStreetMap/Overpass"}}, {"type": "Feature", "geometry": {"type": "Point", "coordinates": [8.5878848, 52.0003524]}, "properties": {"id": "osm:node:8010365120", "type": "kindergarten", "name": "SKM-Naturkindergarten", "source": "OpenStreetMap/Overpass"}}, {"type": "Feature", "geometry": {"type": "Point", "coordinates": [8.5740877, 52.1145876]}, "properties": {"id": "osm:node:8948710645", "type": "childcare", "name": "Kindertagespflege Sonnenschäfchen", "source": "OpenStreetMap/Overpass"}}, {"type": "Feature", "geometry": {"type": "Point", "coordinates": [8.5431891, 52.0205831]}, "properties": {"id": "osm:node:9093550882", "type": "kindergarten", "name": "Kita Stadtmitte", "source": "OpenStreetMap/Overpass"}}, {"type": "Feature", "geometry": {"type": "Point", "coordinates": [8.5516902, 52.0183902]}, "properties": {"id": "osm:node:9289820370", "type": "childcare", "name": "Die Wilde 13", "source": "OpenStreetMap/Overpass"}}, {"type": "Feature", "geometry": {"type": "Point", "coordinates": [8.4267305, 52.0031294]}, "properties": {"id": "osm:node:9397540640", "type": "childcare", "name": "AWO Kita Laukshof", "source": "OpenStreetMap/Overpass"}}, {"type": "Feature", "geometry": {"type": "Point", "coordinates": [8.4313055, 52.005678]}, "properties": {"id": "osm:node:9397540649", "type": "childcare", "name": "AWO Kita Lange Straße", "source": "OpenStreetMap/Overpass"}}, {"type": "Feature", "geometry": {"type": "Point", "coordinates": [8.4484397, 52.0125691]}, "properties": {"id": "osm:node:9397540650", "type": "childcare", "name": "AWO Kita Rostocker Straße", "source": "OpenStreetMap/Overpass"}}, {"type": "Feature", "geometry": {"type": "Point", "coordinates": [8.4071006, 52.0258026]}, "properties": {"id": "osm:node:9397540651", "type": "childcare", "name": "AWO Kita Amshausen", "source": "OpenStreetMap/Overpass"}}, {"type": "Feature", "geometry": {"type": "Point", "coordinates": [8.4215694, 51.9998609]}, "properties": {"id": "osm:node:9823003913", "type": "kindergarten", "name": "DRK KiTa Am Cronsbach", "source": "OpenStreetMap/Overpass"}}, {"type": "Feature", "geometry": {"type": "Point", "coordinates": [8.5989725, 52.0710424]}, "properties": {"id": "osm:node:9865156647", "type": "kindergarten", "name": "Kita Pirateninsel", "source": "OpenStreetMap/Overpass"}}, {"type": "Feature", "geometry": {"type": "Point", "coordinates": [8.5235787, 52.0136261]}, "properties": {"id": "osm:node:9868245576", "type": "kindergarten", "name": "Kita Lichtblick", "source": "OpenStreetMap/Overpass"}}, {"type": "Feature", "geometry": {"type": "Point", "coordinates": [8.5836415, 51.9406058]}, "properties": {"id": "osm:node:10210229438", "type": "kindergarten", "name": "Kath. Kindertageseinrichtung St. Kunigunde", "source": "OpenStreetMap/Overpass"}}, {"type": "Feature", "geometry": {"type": "Point", "coordinates": [8.5080743, 51.9787116]}, "properties": {"id": "osm:node:10210229446", "type": "kindergarten", "name": "Städt. KiTa Südring", "source": "OpenStreetMap/Overpass"}}, {"type": "Feature", "geometry": {"type": "Point", "coordinates": [8.5526781, 51.9713235]}, "properties": {"id": "osm:node:10210229487", "type": "kindergarten", "name": "Kita Unterm Regenbogen", "source": "OpenStreetMap/Overpass"}}, {"type": "Feature", "geometry": {"type": "Point", "coordinates": [8.5411096, 52.0321656]}, "properties": {"id": "osm:node:10237987000", "type": "childcare", "name": "Katholische Kindertageseinrichtung St.-Joseph", "source": "OpenStreetMap/Overpass"}}, {"type": "Feature", "geometry": {"type": "Point", "coordinates": [8.5421821, 52.0239255]}, "properties": {"id": "osm:node:10719043912", "type": "kindergarten", "name": "Kita Hoppetosse", "source": "OpenStreetMap/Overpass"}}, {"type": "Feature", "geometry": {"type": "Point", "coordinates": [8.3817391, 51.9812966]}, "properties": {"id": "osm:node:11007960748", "type": "kindergarten", "name": "Kommunaler Kindergarten Ströhen", "source": "OpenStreetMap/Overpass"}}, {"type": "Feature", "geometry": {"type": "Point", "coordinates": [8.5841216, 52.0197442]}, "properties": {"id": "osm:node:11897480111", "type": "childcare", "name": "Die Kobolde", "source": "OpenStreetMap/Overpass"}}, {"type": "Feature", "geometry": {"type": "Point", "coordinates": [8.52263, 52.0328179]}, "properties": {"id": "osm:node:11993531382", "type": "school", "name": "Grundschule Gellershagen", "source": "OpenStreetMap/Overpass"}}, {"type": "Feature", "geometry": {"type": "Point", "coordinates": [8.5161685, 52.0170524]}, "properties": {"id": "osm:node:12288961397", "type": "kindergarten", "name": "Kita Villa Kunterbunt", "source": "OpenStreetMap/Overpass"}}, {"type": "Feature", "geometry": {"type": "Point", "coordinates": [8.5581884, 52.0193013]}, "properties": {"id": "osm:node:12553649408", "type": "kindergarten", "name": "Kita Mühlenpark", "source": "OpenStreetMap/Overpass"}}, {"type": "Feature", "geometry": {"type": "Point", "coordinates": [8.4875675, 51.9856404]}, "properties": {"id": "osm:node:12633150222", "type": "school", "name": "Musicus e.V.", "source": "OpenStreetMap/Overpass"}}, {"type": "Feature", "geometry": {"type": "Point", "coordinates": [8.5261543, 52.0066983]}, "properties": {"id": "osm:node:12656035313", "type": "school", "name": "Gymnasium und Lyzeum", "source": "OpenStreetMap/Overpass"}}, {"type": "Feature", "geometry": {"type": "Point", "coordinates": [8.5259157, 52.0067979]}, "properties": {"id": "osm:node:12656035314", "type": "school", "name": "Grundschule", "source": "OpenStreetMap/Overpass"}}, {"type": "Feature", "geometry": {"type": "Point", "coordinates": [8.5438774, 52.0169365]}, "properties": {"id": "osm:node:12833895244", "type": "kindergarten", "name": "KiTa \"Kidstown\"", "source": "OpenStreetMap/Overpass"}}, {"type": "Feature", "geometry": {"type": "Point", "coordinates": [8.6587259, 52.1049022]}, "properties": {"id": "osm:node:12866727144", "type": "kindergarten", "name": "Kita Krümelkiste", "source": "OpenStreetMap/Overpass"}}, {"type": "Feature", "geometry": {"type": "Point", "coordinates": [8.4369344, 52.044653]}, "properties": {"id": "osm:node:13111943529", "type": "kindergarten", "name": "Ev. Kindertagesstätte Spatzennest", "source": "OpenStreetMap/Overpass"}}, {"type": "Feature", "geometry": {"type": "Point", "coordinates": [8.5658457, 52.000692]}, "properties": {"id": "osm:node:13291303267", "type": "childcare", "name": "KiTa Löwenstark", "source": "OpenStreetMap/Overpass"}}, {"type": "Feature", "geometry": {"type": "Point", "coordinates": [8.4158277, 52.0072732]}, "properties": {"id": "osm:node:13427495078", "type": "childcare", "name": "Die Rappelkiste", "source": "OpenStreetMap/Overpass"}}, {"type": "Feature", "geometry": {"type": "Point", "coordinates": [8.4175038, 52.0229832]}, "properties": {"id": "osm:node:13704221477", "type": "childcare", "name": "KunterBunt - Das Spielzimmer von HÖRMANN", "source": "OpenStreetMap/Overpass"}}, {"type": "Feature", "geometry": {"type": "Point", "coordinates": [8.5663467, 52.0017144]}, "properties": {"id": "osm:node:13740871585", "type": "kindergarten", "name": "KITA im EEZ", "source": "OpenStreetMap/Overpass"}}, {"type": "Feature", "geometry": {"type": "Point", "coordinates": [8.5453318, 52.0130996]}, "properties": {"id": "osm:node:13939106158", "type": "kindergarten", "name": "Kindertagesstätte Kidstown 2", "source": "OpenStreetMap/Overpass"}}, {"type": "Feature", "geometry": {"type": "Point", "coordinates": [8.5671559, 52.0013445]}, "properties": {"id": "osm:way:23816215", "type": "school", "name": "Georg-Müller-Schule Bielefeld", "source": "OpenStreetMap/Overpass"}}, {"type": "Feature", "geometry": {"type": "Point", "coordinates": [8.5611662, 52.0008665]}, "properties": {"id": "osm:way:24046995", "type": "school", "name": "Osningschule", "source": "OpenStreetMap/Overpass"}}, {"type": "Feature", "geometry": {"type": "Point", "coordinates": [8.5329308, 52.0926732]}, "properties": {"id": "osm:way:25281277", "type": "school", "name": "Grundschule Am Waldschlösschen", "source": "OpenStreetMap/Overpass"}}, {"type": "Feature", "geometry": {"type": "Point", "coordinates": [8.6088551, 51.9187781]}, "properties": {"id": "osm:way:25438831", "type": "kindergarten", "name": "", "source": "OpenStreetMap/Overpass"}}, {"type": "Feature", "geometry": {"type": "Point", "coordinates": [8.5181712, 52.0981444]}, "properties": {"id": "osm:way:25672551", "type": "school", "name": "Realschule Jöllenbeck", "source": "OpenStreetMap/Overpass"}}, {"type": "Feature", "geometry": {"type": "Point", "coordinates": [8.660047, 51.9627565]}, "properties": {"id": "osm:way:26763421", "type": "school", "name": "", "source": "OpenStreetMap/Overpass"}}, {"type": "Feature", "geometry": {"type": "Point", "coordinates": [8.5247774, 52.0146497]}, "properties": {"id": "osm:way:27739109", "type": "school", "name": "Musik- und Kunstschule", "source": "OpenStreetMap/Overpass"}}, {"type": "Feature", "geometry": {"type": "Point", "coordinates": [8.4982002, 52.0359835]}, "properties": {"id": "osm:way:27843798", "type": "school", "name": "Laborschule Haus 1", "source": "OpenStreetMap/Overpass"}}, {"type": "Feature", "geometry": {"type": "Point", "coordinates": [8.6061685, 52.0111018]}, "properties": {"id": "osm:way:29461228", "type": "school", "name": "Grundschule Oldentrup", "source": "OpenStreetMap/Overpass"}}, {"type": "Feature", "geometry": {"type": "Point", "coordinates": [8.6075671, 52.01104]}, "properties": {"id": "osm:way:29461230", "type": "school", "name": "Ernst-Hansen-Schule", "source": "OpenStreetMap/Overpass"}}, {"type": "Feature", "geometry": {"type": "Point", "coordinates": [8.6026781, 52.0742837]}, "properties": {"id": "osm:way:30095618", "type": "school", "name": "", "source": "OpenStreetMap/Overpass"}}, {"type": "Feature", "geometry": {"type": "Point", "coordinates": [8.59767, 52.0770575]}, "properties": {"id": "osm:way:30100935", "type": "kindergarten", "name": "", "source": "OpenStreetMap/Overpass"}}, {"type": "Feature", "geometry": {"type": "Point", "coordinates": [8.6022799, 52.0722165]}, "properties": {"id": "osm:way:30101139", "type": "kindergarten", "name": "", "source": "OpenStreetMap/Overpass"}}, {"type": "Feature", "geometry": {"type": "Point", "coordinates": [8.4208964, 52.0044412]}, "properties": {"id": "osm:way:30957499", "type": "kindergarten", "name": "Ev. Kindertagesstätte Arche Noah", "source": "OpenStreetMap/Overpass"}}, {"type": "Feature", "geometry": {"type": "Point", "coordinates": [8.5222372, 52.0327367]}, "properties": {"id": "osm:way:31359457", "type": "school", "name": "Abendgymnasium Bielefeld", "source": "OpenStreetMap/Overpass"}}, {"type": "Feature", "geometry": {"type": "Point", "coordinates": [8.5498429, 52.0719981]}, "properties": {"id": "osm:way:31902072", "type": "school", "name": "Grundschule Vilsendorf", "source": "OpenStreetMap/Overpass"}}, {"type": "Feature", "geometry": {"type": "Point", "coordinates": [8.6406859, 52.0463382]}, "properties": {"id": "osm:way:32471901", "type": "school", "name": "", "source": "OpenStreetMap/Overpass"}}, {"type": "Feature", "geometry": {"type": "Point", "coordinates": [8.5473681, 52.0184381]}, "properties": {"id": "osm:way:32790680", "type": "school", "name": "Helmholtz-Gymnasium", "source": "OpenStreetMap/Overpass"}}, {"type": "Feature", "geometry": {"type": "Point", "coordinates": [8.4169871, 52.0731397]}, "properties": {"id": "osm:way:32855562", "type": "school", "name": "Grundschule Werther", "source": "OpenStreetMap/Overpass"}}, {"type": "Feature", "geometry": {"type": "Point", "coordinates": [8.5290369, 52.0535547]}, "properties": {"id": "osm:way:32858616", "type": "kindergarten", "name": "Kita Gellershagen", "source": "OpenStreetMap/Overpass"}}, {"type": "Feature", "geometry": {"type": "Point", "coordinates": [8.5379306, 52.0132617]}, "properties": {"id": "osm:way:32883443", "type": "kindergarten", "name": "Evangelischer Kindergarten Neustadt", "source": "OpenStreetMap/Overpass"}}, {"type": "Feature", "geometry": {"type": "Point", "coordinates": [8.5831341, 52.0006387]}, "properties": {"id": "osm:way:32978047", "type": "school", "name": "Friedrich Wilhelm Murnau-Gesamtschule", "source": "OpenStreetMap/Overpass"}}, {"type": "Feature", "geometry": {"type": "Point", "coordinates": [8.6042093, 52.0271124]}, "properties": {"id": "osm:way:33484192", "type": "kindergarten", "name": "Kita Am Petristift", "source": "OpenStreetMap/Overpass"}}, {"type": "Feature", "geometry": {"type": "Point", "coordinates": [8.5015987, 51.9845508]}, "properties": {"id": "osm:way:33514407", "type": "school", "name": "Brackweder Realschule", "source": "OpenStreetMap/Overpass"}}, {"type": "Feature", "geometry": {"type": "Point", "coordinates": [8.4017502, 51.9486797]}, "properties": {"id": "osm:way:39185592", "type": "kindergarten", "name": "Städtischer Kindergarten Niehorster Straße", "source": "OpenStreetMap/Overpass"}}, {"type": "Feature", "geometry": {"type": "Point", "coordinates": [8.4071897, 52.0687006]}, "properties": {"id": "osm:way:39356974", "type": "kindergarten", "name": "AWO Kindertagesstätte Werther I", "source": "OpenStreetMap/Overpass"}}, {"type": "Feature", "geometry": {"type": "Point", "coordinates": [8.6114516, 51.9930911]}, "properties": {"id": "osm:way:39607270", "type": "school", "name": "Grundschule Hillegossen", "source": "OpenStreetMap/Overpass"}}, {"type": "Feature", "geometry": {"type": "Point", "coordinates": [8.4076526, 52.0694648]}, "properties": {"id": "osm:way:43866551", "type": "school", "name": "Peter-August-Böckstiegel-Gesamtschule Werther", "source": "OpenStreetMap/Overpass"}}, {"type": "Feature", "geometry": {"type": "Point", "coordinates": [8.6005061, 52.0126535]}, "properties": {"id": "osm:way:43973400", "type": "kindergarten", "name": "Kita Kinderarche", "source": "OpenStreetMap/Overpass"}}, {"type": "Feature", "geometry": {"type": "Point", "coordinates": [8.4213856, 52.0697258]}, "properties": {"id": "osm:way:44021583", "type": "school", "name": "Ev. Gymnasium Werther", "source": "OpenStreetMap/Overpass"}}, {"type": "Feature", "geometry": {"type": "Point", "coordinates": [8.545493, 52.0208461]}, "properties": {"id": "osm:way:45073179", "type": "school", "name": "Bückardtschule", "source": "OpenStreetMap/Overpass"}}, {"type": "Feature", "geometry": {"type": "Point", "coordinates": [8.5511665, 52.0586804]}, "properties": {"id": "osm:way:51985180", "type": "school", "name": "", "source": "OpenStreetMap/Overpass"}}, {"type": "Feature", "geometry": {"type": "Point", "coordinates": [8.5513567, 52.0579201]}, "properties": {"id": "osm:way:52510646", "type": "kindergarten", "name": "KiTa Westerfeldstraße", "source": "OpenStreetMap/Overpass"}}, {"type": "Feature", "geometry": {"type": "Point", "coordinates": [8.5499894, 52.0562584]}, "properties": {"id": "osm:way:54395147", "type": "school", "name": "Hedwig Dornbusch-Schule", "source": "OpenStreetMap/Overpass"}}, {"type": "Feature", "geometry": {"type": "Point", "coordinates": [8.5372558, 52.0453205]}, "properties": {"id": "osm:way:55270161", "type": "kindergarten", "name": "Thomas-Kita", "source": "OpenStreetMap/Overpass"}}, {"type": "Feature", "geometry": {"type": "Point", "coordinates": [8.4891859, 52.040058]}, "properties": {"id": "osm:way:58420599", "type": "kindergarten", "name": "Evangelische Dietrich-Bonhoeffer-Kindertagesstätte", "source": "OpenStreetMap/Overpass"}}, {"type": "Feature", "geometry": {"type": "Point", "coordinates": [8.5194962, 52.0743569]}, "properties": {"id": "osm:way:68247135", "type": "kindergarten", "name": "Kinderhaus am Mondsteinweg", "source": "OpenStreetMap/Overpass"}}, {"type": "Feature", "geometry": {"type": "Point", "coordinates": [8.5335967, 52.0910219]}, "properties": {"id": "osm:way:68247137", "type": "kindergarten", "name": "Ev. Kindergarten Jöllenbeck", "source": "OpenStreetMap/Overpass"}}, {"type": "Feature", "geometry": {"type": "Point", "coordinates": [8.5136469, 52.0390468]}, "properties": {"id": "osm:way:77180066", "type": "kindergarten", "name": "", "source": "OpenStreetMap/Overpass"}}, {"type": "Feature", "geometry": {"type": "Point", "coordinates": [8.392772, 52.1007011]}, "properties": {"id": "osm:way:85521284", "type": "school", "name": "Grundschule Langenheide", "source": "OpenStreetMap/Overpass"}}, {"type": "Feature", "geometry": {"type": "Point", "coordinates": [8.605678, 51.9161418]}, "properties": {"id": "osm:way:87281351", "type": "school", "name": "Grauthoffschule", "source": "OpenStreetMap/Overpass"}}, {"type": "Feature", "geometry": {"type": "Point", "coordinates": [8.6090205, 51.9188166]}, "properties": {"id": "osm:way:87317154", "type": "kindergarten", "name": "DRK Kindergarten", "source": "OpenStreetMap/Overpass"}}, {"type": "Feature", "geometry": {"type": "Point", "coordinates": [8.4188342, 52.0075638]}, "properties": {"id": "osm:way:91119057", "type": "school", "name": "Grundschule Steinhagen (Westf.)", "source": "OpenStreetMap/Overpass"}}, {"type": "Feature", "geometry": {"type": "Point", "coordinates": [8.3926496, 51.9270641]}, "properties": {"id": "osm:way:91986304", "type": "school", "name": "Gesamtschule an der Ahornallee", "source": "OpenStreetMap/Overpass"}}, {"type": "Feature", "geometry": {"type": "Point", "coordinates": [8.5078667, 52.0346745]}, "properties": {"id": "osm:way:93817322", "type": "kindergarten", "name": "Ev. Dietrich Bonhoeffer-Kita", "source": "OpenStreetMap/Overpass"}}, {"type": "Feature", "geometry": {"type": "Point", "coordinates": [8.5295508, 52.0387542]}, "properties": {"id": "osm:way:97447735", "type": "kindergarten", "name": "Kindertagesstätte Die Schatzinsel e.V.", "source": "OpenStreetMap/Overpass"}}, {"type": "Feature", "geometry": {"type": "Point", "coordinates": [8.6147672, 52.0607069]}, "properties": {"id": "osm:way:97572200", "type": "kindergarten", "name": "Kita Mehlhausen", "source": "OpenStreetMap/Overpass"}}, {"type": "Feature", "geometry": {"type": "Point", "coordinates": [8.4660597, 52.0267458]}, "properties": {"id": "osm:way:106401280", "type": "school", "name": "Grundschule Hoberge-Uerentrup", "source": "OpenStreetMap/Overpass"}}, {"type": "Feature", "geometry": {"type": "Point", "coordinates": [8.590882, 51.9931043]}, "properties": {"id": "osm:way:108459194", "type": "kindergarten", "name": "Gustav-Adolf-KiTa", "source": "OpenStreetMap/Overpass"}}, {"type": "Feature", "geometry": {"type": "Point", "coordinates": [8.5879727, 51.9903717]}, "properties": {"id": "osm:way:108513395", "type": "kindergarten", "name": "Kinderhaus Am Alten Dreisch", "source": "OpenStreetMap/Overpass"}}, {"type": "Feature", "geometry": {"type": "Point", "coordinates": [8.5560333, 52.0015004]}, "properties": {"id": "osm:way:108537673", "type": "kindergarten", "name": "", "source": "OpenStreetMap/Overpass"}}, {"type": "Feature", "geometry": {"type": "Point", "coordinates": [8.5680301, 52.007569]}, "properties": {"id": "osm:way:108589193", "type": "childcare", "name": "Familienzentrum Kinderhaus Stralsunder Straße", "source": "OpenStreetMap/Overpass"}}, {"type": "Feature", "geometry": {"type": "Point", "coordinates": [8.5366735, 52.0027012]}, "properties": {"id": "osm:way:109560257", "type": "kindergarten", "name": "", "source": "OpenStreetMap/Overpass"}}, {"type": "Feature", "geometry": {"type": "Point", "coordinates": [8.6049152, 52.0284269]}, "properties": {"id": "osm:way:110309776", "type": "kindergarten", "name": "Kinderhaus Heepen", "source": "OpenStreetMap/Overpass"}}, {"type": "Feature", "geometry": {"type": "Point", "coordinates": [8.6120652, 52.0311617]}, "properties": {"id": "osm:way:110771439", "type": "kindergarten", "name": "Bielefeld DRK Zentrum/Heepen", "source": "OpenStreetMap/Overpass"}}, {"type": "Feature", "geometry": {"type": "Point", "coordinates": [8.5203902, 52.0459367]}, "properties": {"id": "osm:way:111548979", "type": "school", "name": "Eichendorffschule", "source": "OpenStreetMap/Overpass"}}, {"type": "Feature", "geometry": {"type": "Point", "coordinates": [8.5486629, 51.957911]}, "properties": {"id": "osm:way:112671956", "type": "kindergarten", "name": "Kinderhaus Senne", "source": "OpenStreetMap/Overpass"}}, {"type": "Feature", "geometry": {"type": "Point", "coordinates": [8.5268541, 52.0110915]}, "properties": {"id": "osm:way:114797222", "type": "school", "name": "", "source": "OpenStreetMap/Overpass"}}, {"type": "Feature", "geometry": {"type": "Point", "coordinates": [8.524114, 52.0261689]}, "properties": {"id": "osm:way:117531774", "type": "school", "name": "Stapenhorstschule", "source": "OpenStreetMap/Overpass"}}, {"type": "Feature", "geometry": {"type": "Point", "coordinates": [8.6088994, 52.0295675]}, "properties": {"id": "osm:way:120756858", "type": "kindergarten", "name": "KiTa Lummerland", "source": "OpenStreetMap/Overpass"}}, {"type": "Feature", "geometry": {"type": "Point", "coordinates": [8.6230403, 52.0567215]}, "properties": {"id": "osm:way:120853706", "type": "kindergarten", "name": "Kita Moenkamp", "source": "OpenStreetMap/Overpass"}}, {"type": "Feature", "geometry": {"type": "Point", "coordinates": [8.6634568, 52.1105958]}, "properties": {"id": "osm:way:130752957", "type": "school", "name": "Schulzentrum Aawiesen", "source": "OpenStreetMap/Overpass"}}, {"type": "Feature", "geometry": {"type": "Point", "coordinates": [8.5282501, 52.0281842]}, "properties": {"id": "osm:way:130867928", "type": "kindergarten", "name": "Spielhaus", "source": "OpenStreetMap/Overpass"}}, {"type": "Feature", "geometry": {"type": "Point", "coordinates": [8.4805597, 52.0279156]}, "properties": {"id": "osm:way:131678747", "type": "kindergarten", "name": "Kita Hoberge-Uerentrup", "source": "OpenStreetMap/Overpass"}}, {"type": "Feature", "geometry": {"type": "Point", "coordinates": [8.5135908, 52.0391306]}, "properties": {"id": "osm:way:131970351", "type": "kindergarten", "name": "Montessori Kinderhaus Gellershagen", "source": "OpenStreetMap/Overpass"}}, {"type": "Feature", "geometry": {"type": "Point", "coordinates": [8.5168732, 52.040756]}, "properties": {"id": "osm:way:132132657", "type": "kindergarten", "name": "Matthäus-Kindergarten", "source": "OpenStreetMap/Overpass"}}, {"type": "Feature", "geometry": {"type": "Point", "coordinates": [8.5198141, 52.0448118]}, "properties": {"id": "osm:way:132240448", "type": "kindergarten", "name": "Kita Christkönig", "source": "OpenStreetMap/Overpass"}}, {"type": "Feature", "geometry": {"type": "Point", "coordinates": [8.5405749, 52.0312152]}, "properties": {"id": "osm:way:134678980", "type": "school", "name": "Hellingskampschule - Standort Josefstraße", "source": "OpenStreetMap/Overpass"}}, {"type": "Feature", "geometry": {"type": "Point", "coordinates": [8.5379736, 52.0272332]}, "properties": {"id": "osm:way:134678981", "type": "school", "name": "Luisenschule - Hauptstandort", "source": "OpenStreetMap/Overpass"}}, {"type": "Feature", "geometry": {"type": "Point", "coordinates": [8.5424497, 52.0316073]}, "properties": {"id": "osm:way:134678982", "type": "school", "name": "Luisenschule - Teilstandort", "source": "OpenStreetMap/Overpass"}}, {"type": "Feature", "geometry": {"type": "Point", "coordinates": [8.5256523, 52.0446715]}, "properties": {"id": "osm:way:134938780", "type": "kindergarten", "name": "", "source": "OpenStreetMap/Overpass"}}, {"type": "Feature", "geometry": {"type": "Point", "coordinates": [8.5240366, 52.01451]}, "properties": {"id": "osm:way:135031775", "type": "school", "name": "", "source": "OpenStreetMap/Overpass"}}, {"type": "Feature", "geometry": {"type": "Point", "coordinates": [8.5253447, 52.0526515]}, "properties": {"id": "osm:way:136666588", "type": "school", "name": "Sonnenhellwegschule", "source": "OpenStreetMap/Overpass"}}, {"type": "Feature", "geometry": {"type": "Point", "coordinates": [8.3873972, 51.9290816]}, "properties": {"id": "osm:way:139701014", "type": "school", "name": "Neiße Grundschule", "source": "OpenStreetMap/Overpass"}}, {"type": "Feature", "geometry": {"type": "Point", "coordinates": [8.5202544, 52.0106746]}, "properties": {"id": "osm:way:145458873", "type": "school", "name": "Martinschule", "source": "OpenStreetMap/Overpass"}}, {"type": "Feature", "geometry": {"type": "Point", "coordinates": [8.4935744, 52.0583785]}, "properties": {"id": "osm:way:151061156", "type": "kindergarten", "name": "Kita Babenhausen", "source": "OpenStreetMap/Overpass"}}, {"type": "Feature", "geometry": {"type": "Point", "coordinates": [8.403465, 51.9484113]}, "properties": {"id": "osm:way:151593665", "type": "school", "name": "Grundschule Isselhorst", "source": "OpenStreetMap/Overpass"}}, {"type": "Feature", "geometry": {"type": "Point", "coordinates": [8.3865332, 51.9276265]}, "properties": {"id": "osm:way:151714539", "type": "school", "name": "Grundschule Neißeweg Ausweichstandort", "source": "OpenStreetMap/Overpass"}}, {"type": "Feature", "geometry": {"type": "Point", "coordinates": [8.6373191, 52.0484096]}, "properties": {"id": "osm:way:154525478", "type": "kindergarten", "name": "", "source": "OpenStreetMap/Overpass"}}, {"type": "Feature", "geometry": {"type": "Point", "coordinates": [8.5468262, 52.0469008]}, "properties": {"id": "osm:way:155094512", "type": "school", "name": "Marienschule Bielefeld", "source": "OpenStreetMap/Overpass"}}, {"type": "Feature", "geometry": {"type": "Point", "coordinates": [8.5350308, 52.1015889]}, "properties": {"id": "osm:way:156977056", "type": "kindergarten", "name": "KiTa Orionstraße", "source": "OpenStreetMap/Overpass"}}, {"type": "Feature", "geometry": {"type": "Point", "coordinates": [8.5303691, 52.0996677]}, "properties": {"id": "osm:way:157020333", "type": "kindergarten", "name": "KiTa Oberlohmannshof", "source": "OpenStreetMap/Overpass"}}, {"type": "Feature", "geometry": {"type": "Point", "coordinates": [8.6020063, 52.0314401]}, "properties": {"id": "osm:way:158247538", "type": "kindergarten", "name": "Kita Die Kinderbrücke", "source": "OpenStreetMap/Overpass"}}, {"type": "Feature", "geometry": {"type": "Point", "coordinates": [8.658223, 51.9561042]}, "properties": {"id": "osm:way:158314683", "type": "kindergarten", "name": "DRK-Kindergarten", "source": "OpenStreetMap/Overpass"}}, {"type": "Feature", "geometry": {"type": "Point", "coordinates": [8.611759, 51.9880029]}, "properties": {"id": "osm:way:158915498", "type": "kindergarten", "name": "Evangelisches Familienzentrum Am Rosenhag", "source": "OpenStreetMap/Overpass"}}, {"type": "Feature", "geometry": {"type": "Point", "coordinates": [8.5656307, 52.0186691]}, "properties": {"id": "osm:way:160503416", "type": "school", "name": "Rußheideschule", "source": "OpenStreetMap/Overpass"}}, {"type": "Feature", "geometry": {"type": "Point", "coordinates": [8.5695825, 52.0223697]}, "properties": {"id": "osm:way:160842671", "type": "kindergarten", "name": "Kita Falkenbande", "source": "OpenStreetMap/Overpass"}}, {"type": "Feature", "geometry": {"type": "Point", "coordinates": [8.5893077, 52.047261]}, "properties": {"id": "osm:way:160976657", "type": "school", "name": "", "source": "OpenStreetMap/Overpass"}}, {"type": "Feature", "geometry": {"type": "Point", "coordinates": [8.5656753, 52.0391042]}, "properties": {"id": "osm:way:160999827", "type": "school", "name": "Hellingskampschule", "source": "OpenStreetMap/Overpass"}}, {"type": "Feature", "geometry": {"type": "Point", "coordinates": [8.5657046, 52.0317601]}, "properties": {"id": "osm:way:161000546", "type": "school", "name": "Volkeningschule", "source": "OpenStreetMap/Overpass"}}, {"type": "Feature", "geometry": {"type": "Point", "coordinates": [8.5894679, 51.9528793]}, "properties": {"id": "osm:way:161115496", "type": "school", "name": "Astrid-Lindgren-Schule", "source": "OpenStreetMap/Overpass"}}, {"type": "Feature", "geometry": {"type": "Point", "coordinates": [8.4582094, 51.9717369]}, "properties": {"id": "osm:way:161121149", "type": "school", "name": "Grundschule Ummeln", "source": "OpenStreetMap/Overpass"}}, {"type": "Feature", "geometry": {"type": "Point", "coordinates": [8.5447238, 52.0543778]}, "properties": {"id": "osm:way:161137236", "type": "school", "name": "Martin-Niemöller-Gesamtschule", "source": "OpenStreetMap/Overpass"}}, {"type": "Feature", "geometry": {"type": "Point", "coordinates": [8.5784713, 51.9487277]}, "properties": {"id": "osm:way:161179986", "type": "school", "name": "Hans-Christian-Andersen-Schule - Hauptstandort", "source": "OpenStreetMap/Overpass"}}, {"type": "Feature", "geometry": {"type": "Point", "coordinates": [8.583145, 52.0010611]}, "properties": {"id": "osm:way:161180901", "type": "school", "name": "", "source": "OpenStreetMap/Overpass"}}, {"type": "Feature", "geometry": {"type": "Point", "coordinates": [8.5845337, 51.9990826]}, "properties": {"id": "osm:way:161180902", "type": "school", "name": "Stieghorstschule", "source": "OpenStreetMap/Overpass"}}, {"type": "Feature", "geometry": {"type": "Point", "coordinates": [8.6407212, 52.0462867]}, "properties": {"id": "osm:way:161180963", "type": "school", "name": "Grundschule Altenhagen", "source": "OpenStreetMap/Overpass"}}, {"type": "Feature", "geometry": {"type": "Point", "coordinates": [8.6142664, 52.0579459]}, "properties": {"id": "osm:way:161181293", "type": "school", "name": "", "source": "OpenStreetMap/Overpass"}}, {"type": "Feature", "geometry": {"type": "Point", "coordinates": [8.6022291, 52.0743547]}, "properties": {"id": "osm:way:161181467", "type": "school", "name": "Grundschule Brake", "source": "OpenStreetMap/Overpass"}}, {"type": "Feature", "geometry": {"type": "Point", "coordinates": [8.5802024, 52.0231211]}, "properties": {"id": "osm:way:161269029", "type": "kindergarten", "name": "Apostel Kindergarten", "source": "OpenStreetMap/Overpass"}}, {"type": "Feature", "geometry": {"type": "Point", "coordinates": [8.6002104, 52.0483562]}, "properties": {"id": "osm:way:161269527", "type": "kindergarten", "name": "Kita Großer Wiel", "source": "OpenStreetMap/Overpass"}}, {"type": "Feature", "geometry": {"type": "Point", "coordinates": [8.5658484, 52.0021158]}, "properties": {"id": "osm:way:161270688", "type": "kindergarten", "name": "Kita im Elfriede-Eilers-Zentrum", "source": "OpenStreetMap/Overpass"}}, {"type": "Feature", "geometry": {"type": "Point", "coordinates": [8.5180616, 52.0293357]}, "properties": {"id": "osm:way:162060345", "type": "school", "name": "Bosse Schule", "source": "OpenStreetMap/Overpass"}}, {"type": "Feature", "geometry": {"type": "Point", "coordinates": [8.5329726, 52.092893]}, "properties": {"id": "osm:way:162152978", "type": "school", "name": "", "source": "OpenStreetMap/Overpass"}}, {"type": "Feature", "geometry": {"type": "Point", "coordinates": [8.5966793, 52.0270594]}, "properties": {"id": "osm:way:162532370", "type": "school", "name": "Gymnasium Heepen Nebenstandort", "source": "OpenStreetMap/Overpass"}}, {"type": "Feature", "geometry": {"type": "Point", "coordinates": [8.6059771, 52.0230919]}, "properties": {"id": "osm:way:162532971", "type": "school", "name": "Grundschule Heeperholz", "source": "OpenStreetMap/Overpass"}}, {"type": "Feature", "geometry": {"type": "Point", "coordinates": [8.6042456, 52.027154]}, "properties": {"id": "osm:way:162534785", "type": "kindergarten", "name": "", "source": "OpenStreetMap/Overpass"}}, {"type": "Feature", "geometry": {"type": "Point", "coordinates": [8.5586846, 52.050081]}, "properties": {"id": "osm:way:162586580", "type": "school", "name": "Plaßschule", "source": "OpenStreetMap/Overpass"}}, {"type": "Feature", "geometry": {"type": "Point", "coordinates": [8.4924472, 52.0580726]}, "properties": {"id": "osm:way:162589351", "type": "school", "name": "", "source": "OpenStreetMap/Overpass"}}, {"type": "Feature", "geometry": {"type": "Point", "coordinates": [8.4937356, 52.0582984]}, "properties": {"id": "osm:way:162589436", "type": "kindergarten", "name": "", "source": "OpenStreetMap/Overpass"}}, {"type": "Feature", "geometry": {"type": "Point", "coordinates": [8.4510738, 52.0455683]}, "properties": {"id": "osm:way:162589906", "type": "school", "name": "Grundschule Dornberg - Schröttinghausen, Standort Dornberg", "source": "OpenStreetMap/Overpass"}}, {"type": "Feature", "geometry": {"type": "Point", "coordinates": [8.5307688, 52.0421585]}, "properties": {"id": "osm:way:162794820", "type": "school", "name": "Sudbrackschule", "source": "OpenStreetMap/Overpass"}}, {"type": "Feature", "geometry": {"type": "Point", "coordinates": [8.5152593, 52.0294906]}, "properties": {"id": "osm:way:162804045", "type": "school", "name": "Max-Planck-Gymnasium", "source": "OpenStreetMap/Overpass"}}, {"type": "Feature", "geometry": {"type": "Point", "coordinates": [8.5137544, 52.0310486]}, "properties": {"id": "osm:way:162804046", "type": "school", "name": "Gertrud-Bäumer-Schule", "source": "OpenStreetMap/Overpass"}}, {"type": "Feature", "geometry": {"type": "Point", "coordinates": [8.5495817, 52.0588908]}, "properties": {"id": "osm:way:163003570", "type": "kindergarten", "name": "Waldorfkindergarten Bielefeld", "source": "OpenStreetMap/Overpass"}}, {"type": "Feature", "geometry": {"type": "Point", "coordinates": [8.551614, 52.0586088]}, "properties": {"id": "osm:way:163003571", "type": "school", "name": "Rudolf-Steiner-Schule", "source": "OpenStreetMap/Overpass"}}, {"type": "Feature", "geometry": {"type": "Point", "coordinates": [8.5514837, 52.0136677]}, "properties": {"id": "osm:way:163005596", "type": "kindergarten", "name": "Kita Jakobus", "source": "OpenStreetMap/Overpass"}}, {"type": "Feature", "geometry": {"type": "Point", "coordinates": [8.5480803, 52.0156425]}, "properties": {"id": "osm:way:163005597", "type": "school", "name": "Ceciliengymnasium", "source": "OpenStreetMap/Overpass"}}, {"type": "Feature", "geometry": {"type": "Point", "coordinates": [8.5496365, 52.0137802]}, "properties": {"id": "osm:way:163005598", "type": "school", "name": "Fröbelschule", "source": "OpenStreetMap/Overpass"}}, {"type": "Feature", "geometry": {"type": "Point", "coordinates": [8.5377949, 52.0548327]}, "properties": {"id": "osm:way:163007650", "type": "kindergarten", "name": "Stifts-Kita", "source": "OpenStreetMap/Overpass"}}, {"type": "Feature", "geometry": {"type": "Point", "coordinates": [8.5374129, 52.0558277]}, "properties": {"id": "osm:way:163007651", "type": "school", "name": "Stiftsschule", "source": "OpenStreetMap/Overpass"}}, {"type": "Feature", "geometry": {"type": "Point", "coordinates": [8.4859472, 51.9847953]}, "properties": {"id": "osm:way:163033342", "type": "school", "name": "", "source": "OpenStreetMap/Overpass"}}, {"type": "Feature", "geometry": {"type": "Point", "coordinates": [8.4873591, 51.9861777]}, "properties": {"id": "osm:way:163033343", "type": "school", "name": "Montessori Schule Bielefeld", "source": "OpenStreetMap/Overpass"}}, {"type": "Feature", "geometry": {"type": "Point", "coordinates": [8.4871557, 51.9852868]}, "properties": {"id": "osm:way:163033346", "type": "kindergarten", "name": "Kita Brock", "source": "OpenStreetMap/Overpass"}}, {"type": "Feature", "geometry": {"type": "Point", "coordinates": [8.485423, 51.9853581]}, "properties": {"id": "osm:way:163033347", "type": "kindergarten", "name": "", "source": "OpenStreetMap/Overpass"}}, {"type": "Feature", "geometry": {"type": "Point", "coordinates": [8.5742982, 51.9190165]}, "properties": {"id": "osm:way:163061223", "type": "school", "name": "", "source": "OpenStreetMap/Overpass"}}, {"type": "Feature", "geometry": {"type": "Point", "coordinates": [8.5117814, 52.0308118]}, "properties": {"id": "osm:way:164245595", "type": "school", "name": "Bültmannshofschule", "source": "OpenStreetMap/Overpass"}}, {"type": "Feature", "geometry": {"type": "Point", "coordinates": [8.5994433, 52.052421]}, "properties": {"id": "osm:way:164569288", "type": "kindergarten", "name": "Kita Traumheide", "source": "OpenStreetMap/Overpass"}}, {"type": "Feature", "geometry": {"type": "Point", "coordinates": [8.5062077, 51.997231]}, "properties": {"id": "osm:way:164768821", "type": "school", "name": "Ganztagsschule am Lönkert", "source": "OpenStreetMap/Overpass"}}, {"type": "Feature", "geometry": {"type": "Point", "coordinates": [8.5094579, 51.9931063]}, "properties": {"id": "osm:way:164769494", "type": "school", "name": "Frölenbergschule", "source": "OpenStreetMap/Overpass"}}, {"type": "Feature", "geometry": {"type": "Point", "coordinates": [8.5895907, 52.0496385]}, "properties": {"id": "osm:way:164862259", "type": "kindergarten", "name": "Kita Seidenstickerstraße", "source": "OpenStreetMap/Overpass"}}, {"type": "Feature", "geometry": {"type": "Point", "coordinates": [8.5863073, 52.0467778]}, "properties": {"id": "osm:way:164862319", "type": "school", "name": "", "source": "OpenStreetMap/Overpass"}}, {"type": "Feature", "geometry": {"type": "Point", "coordinates": [8.5524508, 52.0199222]}, "properties": {"id": "osm:way:165212983", "type": "kindergarten", "name": "Paulus-Kita", "source": "OpenStreetMap/Overpass"}}, {"type": "Feature", "geometry": {"type": "Point", "coordinates": [8.5499844, 52.0176155]}, "properties": {"id": "osm:way:165304341", "type": "school", "name": "Schule Am Niedermühlenhof", "source": "OpenStreetMap/Overpass"}}, {"type": "Feature", "geometry": {"type": "Point", "coordinates": [8.5441772, 52.0088062]}, "properties": {"id": "osm:way:165785303", "type": "kindergarten", "name": "Paul-Gerhardt-Kita", "source": "OpenStreetMap/Overpass"}}, {"type": "Feature", "geometry": {"type": "Point", "coordinates": [8.5539408, 52.0114803]}, "properties": {"id": "osm:way:165790403", "type": "school", "name": "Sekundarschule Königsbrügge", "source": "OpenStreetMap/Overpass"}}, {"type": "Feature", "geometry": {"type": "Point", "coordinates": [8.6572312, 51.9423792]}, "properties": {"id": "osm:way:166679342", "type": "kindergarten", "name": "katholischer Kindergarten St. Michael", "source": "OpenStreetMap/Overpass"}}, {"type": "Feature", "geometry": {"type": "Point", "coordinates": [8.4897025, 52.0438728]}, "properties": {"id": "osm:way:167501864", "type": "kindergarten", "name": "Kita Peter Pan e.V.", "source": "OpenStreetMap/Overpass"}}, {"type": "Feature", "geometry": {"type": "Point", "coordinates": [8.6619123, 52.0849532]}, "properties": {"id": "osm:way:173710957", "type": "kindergarten", "name": "DRK Kindergarten Villa Sonnenschein", "source": "OpenStreetMap/Overpass"}}, {"type": "Feature", "geometry": {"type": "Point", "coordinates": [8.6521967, 52.0813969]}, "properties": {"id": "osm:way:173711180", "type": "kindergarten", "name": "Evangelischer Kindergarten Elverdissen", "source": "OpenStreetMap/Overpass"}}, {"type": "Feature", "geometry": {"type": "Point", "coordinates": [8.5844304, 52.1104112]}, "properties": {"id": "osm:way:173742696", "type": "kindergarten", "name": "AWO KiTa Herford-Eickum", "source": "OpenStreetMap/Overpass"}}, {"type": "Feature", "geometry": {"type": "Point", "coordinates": [8.6146804, 52.0853962]}, "properties": {"id": "osm:way:173750985", "type": "kindergarten", "name": "Kita Stedefreund", "source": "OpenStreetMap/Overpass"}}, {"type": "Feature", "geometry": {"type": "Point", "coordinates": [8.6212684, 52.1106485]}, "properties": {"id": "osm:way:174009709", "type": "school", "name": "Forscherhaus freie Grundschule Herford", "source": "OpenStreetMap/Overpass"}}, {"type": "Feature", "geometry": {"type": "Point", "coordinates": [8.6516742, 52.0976513]}, "properties": {"id": "osm:way:174010490", "type": "school", "name": "Grundschule Altensenne", "source": "OpenStreetMap/Overpass"}}, {"type": "Feature", "geometry": {"type": "Point", "coordinates": [8.6492466, 52.0800136]}, "properties": {"id": "osm:way:174011052", "type": "school", "name": "Grundschule Elverdissen", "source": "OpenStreetMap/Overpass"}}, {"type": "Feature", "geometry": {"type": "Point", "coordinates": [8.5458451, 52.0266133]}, "properties": {"id": "osm:way:176398370", "type": "school", "name": "Falkschule", "source": "OpenStreetMap/Overpass"}}, {"type": "Feature", "geometry": {"type": "Point", "coordinates": [8.5418954, 52.0150423]}, "properties": {"id": "osm:way:176682512", "type": "school", "name": "Diesterwegschule", "source": "OpenStreetMap/Overpass"}}, {"type": "Feature", "geometry": {"type": "Point", "coordinates": [8.441352, 51.968645]}, "properties": {"id": "osm:way:177040838", "type": "kindergarten", "name": "Ravensberger Regenbogen", "source": "OpenStreetMap/Overpass"}}, {"type": "Feature", "geometry": {"type": "Point", "coordinates": [8.5283146, 52.0183927]}, "properties": {"id": "osm:way:177126153", "type": "school", "name": "", "source": "OpenStreetMap/Overpass"}}, {"type": "Feature", "geometry": {"type": "Point", "coordinates": [8.6365676, 51.9370984]}, "properties": {"id": "osm:way:178547513", "type": "kindergarten", "name": "AWO Kindertagesstätte Lippereihe", "source": "OpenStreetMap/Overpass"}}, {"type": "Feature", "geometry": {"type": "Point", "coordinates": [8.636833, 51.9364152]}, "properties": {"id": "osm:way:178547514", "type": "school", "name": "", "source": "OpenStreetMap/Overpass"}}, {"type": "Feature", "geometry": {"type": "Point", "coordinates": [8.575966, 52.0348068]}, "properties": {"id": "osm:way:180569175", "type": "kindergarten", "name": "Kita Heeper Fichten", "source": "OpenStreetMap/Overpass"}}, {"type": "Feature", "geometry": {"type": "Point", "coordinates": [8.4804693, 51.9916047]}, "properties": {"id": "osm:way:181353344", "type": "school", "name": "Gesamtschule Quelle", "source": "OpenStreetMap/Overpass"}}, {"type": "Feature", "geometry": {"type": "Point", "coordinates": [8.5917212, 52.0080962]}, "properties": {"id": "osm:way:189471262", "type": "kindergarten", "name": "Kinderburg Bielefeld", "source": "OpenStreetMap/Overpass"}}, {"type": "Feature", "geometry": {"type": "Point", "coordinates": [8.6228601, 52.0600766]}, "properties": {"id": "osm:way:194567549", "type": "kindergarten", "name": "Ev. Kita Milse", "source": "OpenStreetMap/Overpass"}}, {"type": "Feature", "geometry": {"type": "Point", "coordinates": [8.4483328, 52.0082484]}, "properties": {"id": "osm:way:198681109", "type": "school", "name": "Georg-Müller-Schule", "source": "OpenStreetMap/Overpass"}}, {"type": "Feature", "geometry": {"type": "Point", "coordinates": [8.3826267, 52.035889]}, "properties": {"id": "osm:way:207757826", "type": "school", "name": "Grundschule Künsebeck", "source": "OpenStreetMap/Overpass"}}, {"type": "Feature", "geometry": {"type": "Point", "coordinates": [8.5630227, 52.0521461]}, "properties": {"id": "osm:way:208697051", "type": "kindergarten", "name": "", "source": "OpenStreetMap/Overpass"}}, {"type": "Feature", "geometry": {"type": "Point", "coordinates": [8.5501587, 52.0728694]}, "properties": {"id": "osm:way:209265037", "type": "kindergarten", "name": "KiTa Hand-in-Hand", "source": "OpenStreetMap/Overpass"}}, {"type": "Feature", "geometry": {"type": "Point", "coordinates": [8.581352, 52.075223]}, "properties": {"id": "osm:way:211439078", "type": "kindergarten", "name": "Kita Schaukelpferd e.V.", "source": "OpenStreetMap/Overpass"}}, {"type": "Feature", "geometry": {"type": "Point", "coordinates": [8.5902838, 52.0423786]}, "properties": {"id": "osm:way:213855196", "type": "kindergarten", "name": "Kita Am Wellbach", "source": "OpenStreetMap/Overpass"}}, {"type": "Feature", "geometry": {"type": "Point", "coordinates": [8.5992669, 52.0504003]}, "properties": {"id": "osm:way:214745764", "type": "kindergarten", "name": "Kita Baumheide", "source": "OpenStreetMap/Overpass"}}, {"type": "Feature", "geometry": {"type": "Point", "coordinates": [8.4560954, 52.0450844]}, "properties": {"id": "osm:way:216501905", "type": "kindergarten", "name": "Kita Obernfeld", "source": "OpenStreetMap/Overpass"}}, {"type": "Feature", "geometry": {"type": "Point", "coordinates": [8.5425668, 52.0459733]}, "properties": {"id": "osm:way:217376790", "type": "school", "name": "Verbundschule Hamfeld/Kupferhammer", "source": "OpenStreetMap/Overpass"}}, {"type": "Feature", "geometry": {"type": "Point", "coordinates": [8.4695305, 52.0754451]}, "properties": {"id": "osm:way:220277871", "type": "school", "name": "Grundschule Schröttinghausen", "source": "OpenStreetMap/Overpass"}}, {"type": "Feature", "geometry": {"type": "Point", "coordinates": [8.4700073, 52.0757061]}, "properties": {"id": "osm:way:220277924", "type": "kindergarten", "name": "Kita Schröttinghausen", "source": "OpenStreetMap/Overpass"}}, {"type": "Feature", "geometry": {"type": "Point", "coordinates": [8.4693841, 52.0754605]}, "properties": {"id": "osm:way:220277969", "type": "school", "name": "Grundschule Dornberg-Schröttinghausen - Standort Schröttinghausen", "source": "OpenStreetMap/Overpass"}}, {"type": "Feature", "geometry": {"type": "Point", "coordinates": [8.4080711, 52.0085727]}, "properties": {"id": "osm:way:223250766", "type": "kindergarten", "name": "Kindertagesstätte Regenbogen St. Hedwig", "source": "OpenStreetMap/Overpass"}}, {"type": "Feature", "geometry": {"type": "Point", "coordinates": [8.5223877, 52.067987]}, "properties": {"id": "osm:way:223950156", "type": "school", "name": "Grundschule Theesen", "source": "OpenStreetMap/Overpass"}}, {"type": "Feature", "geometry": {"type": "Point", "coordinates": [8.5189076, 52.094064]}, "properties": {"id": "osm:way:225093216", "type": "kindergarten", "name": "KiTa Jöllenbeck", "source": "OpenStreetMap/Overpass"}}, {"type": "Feature", "geometry": {"type": "Point", "coordinates": [8.5194886, 52.0932281]}, "properties": {"id": "osm:way:225093293", "type": "kindergarten", "name": "Volkening-KiTa", "source": "OpenStreetMap/Overpass"}}, {"type": "Feature", "geometry": {"type": "Point", "coordinates": [8.584569, 52.1109376]}, "properties": {"id": "osm:way:233947913", "type": "school", "name": "Grundschule Eickum", "source": "OpenStreetMap/Overpass"}}, {"type": "Feature", "geometry": {"type": "Point", "coordinates": [8.5976855, 52.0769588]}, "properties": {"id": "osm:way:235550149", "type": "kindergarten", "name": "Kita Brake", "source": "OpenStreetMap/Overpass"}}, {"type": "Feature", "geometry": {"type": "Point", "coordinates": [8.5959078, 52.0743745]}, "properties": {"id": "osm:way:236356259", "type": "kindergarten", "name": "KiTa im Kinder- und Jugendhaus Brake", "source": "OpenStreetMap/Overpass"}}, {"type": "Feature", "geometry": {"type": "Point", "coordinates": [8.5262309, 52.0050586]}, "properties": {"id": "osm:way:236580265", "type": "school", "name": "Mamre-Patmos-Schule", "source": "OpenStreetMap/Overpass"}}, {"type": "Feature", "geometry": {"type": "Point", "coordinates": [8.52125, 52.0039093]}, "properties": {"id": "osm:way:236769914", "type": "school", "name": "Kerschensteiner Berufskolleg", "source": "OpenStreetMap/Overpass"}}, {"type": "Feature", "geometry": {"type": "Point", "coordinates": [8.5963497, 52.0741743]}, "properties": {"id": "osm:way:236775220", "type": "kindergarten", "name": "KiJu Brake", "source": "OpenStreetMap/Overpass"}}, {"type": "Feature", "geometry": {"type": "Point", "coordinates": [8.5956767, 52.070684]}, "properties": {"id": "osm:way:236775221", "type": "kindergarten", "name": "Kita Braker Straße", "source": "OpenStreetMap/Overpass"}}, {"type": "Feature", "geometry": {"type": "Point", "coordinates": [8.6022507, 52.0720995]}, "properties": {"id": "osm:way:236786573", "type": "kindergarten", "name": "Kita/Familienzentrum Hackemackweg", "source": "OpenStreetMap/Overpass"}}, {"type": "Feature", "geometry": {"type": "Point", "coordinates": [8.5200667, 52.002968]}, "properties": {"id": "osm:way:238332819", "type": "kindergarten", "name": "Kita Windspiel", "source": "OpenStreetMap/Overpass"}}, {"type": "Feature", "geometry": {"type": "Point", "coordinates": [8.5594653, 52.0503535]}, "properties": {"id": "osm:way:245575975", "type": "childcare", "name": "KIGS", "source": "OpenStreetMap/Overpass"}}, {"type": "Feature", "geometry": {"type": "Point", "coordinates": [8.5023188, 51.989632]}, "properties": {"id": "osm:way:249386923", "type": "kindergarten", "name": "KiTa Am Möllerstift", "source": "OpenStreetMap/Overpass"}}, {"type": "Feature", "geometry": {"type": "Point", "coordinates": [8.5008855, 51.9898012]}, "properties": {"id": "osm:way:249386978", "type": "school", "name": "", "source": "OpenStreetMap/Overpass"}}, {"type": "Feature", "geometry": {"type": "Point", "coordinates": [8.5055574, 51.9843771]}, "properties": {"id": "osm:way:254342241", "type": "kindergarten", "name": "Katholische Kindertagesstätte Herz-Jesu", "source": "OpenStreetMap/Overpass"}}, {"type": "Feature", "geometry": {"type": "Point", "coordinates": [8.512804, 51.9839042]}, "properties": {"id": "osm:way:254626928", "type": "kindergarten", "name": "Städt. KITA Markt", "source": "OpenStreetMap/Overpass"}}, {"type": "Feature", "geometry": {"type": "Point", "coordinates": [8.5206921, 51.9663817]}, "properties": {"id": "osm:way:254777882", "type": "kindergarten", "name": "KiTa Zauberblüte", "source": "OpenStreetMap/Overpass"}}, {"type": "Feature", "geometry": {"type": "Point", "coordinates": [8.5070326, 51.9789415]}, "properties": {"id": "osm:way:255252155", "type": "school", "name": "Südschule", "source": "OpenStreetMap/Overpass"}}, {"type": "Feature", "geometry": {"type": "Point", "coordinates": [8.5915594, 51.9526431]}, "properties": {"id": "osm:way:257232990", "type": "kindergarten", "name": "Kindertagesstätte Bullerbü", "source": "OpenStreetMap/Overpass"}}, {"type": "Feature", "geometry": {"type": "Point", "coordinates": [8.5087749, 52.0392605]}, "properties": {"id": "osm:way:262242626", "type": "kindergarten", "name": "Städtische Kindertageseinrichtung Bültmannshof", "source": "OpenStreetMap/Overpass"}}, {"type": "Feature", "geometry": {"type": "Point", "coordinates": [8.5219656, 52.004826]}, "properties": {"id": "osm:way:263192667", "type": "school", "name": "", "source": "OpenStreetMap/Overpass"}}, {"type": "Feature", "geometry": {"type": "Point", "coordinates": [8.5773854, 52.0191158]}, "properties": {"id": "osm:way:263192668", "type": "school", "name": "Westfalen-Kolleg Bielefeld", "source": "OpenStreetMap/Overpass"}}, {"type": "Feature", "geometry": {"type": "Point", "coordinates": [8.5005571, 51.9502607]}, "properties": {"id": "osm:way:268361083", "type": "school", "name": "Grundschule Windflöte", "source": "OpenStreetMap/Overpass"}}, {"type": "Feature", "geometry": {"type": "Point", "coordinates": [8.533259, 51.9568681]}, "properties": {"id": "osm:way:269858586", "type": "school", "name": "Bahnhofschule", "source": "OpenStreetMap/Overpass"}}, {"type": "Feature", "geometry": {"type": "Point", "coordinates": [8.4716263, 51.9960941]}, "properties": {"id": "osm:way:269858588", "type": "school", "name": "Queller Schule", "source": "OpenStreetMap/Overpass"}}, {"type": "Feature", "geometry": {"type": "Point", "coordinates": [8.5106798, 51.988432]}, "properties": {"id": "osm:way:269858589", "type": "school", "name": "", "source": "OpenStreetMap/Overpass"}}, {"type": "Feature", "geometry": {"type": "Point", "coordinates": [8.3777947, 51.9150772]}, "properties": {"id": "osm:way:272550863", "type": "school", "name": "Blücherschule", "source": "OpenStreetMap/Overpass"}}, {"type": "Feature", "geometry": {"type": "Point", "coordinates": [8.5871257, 51.9483902]}, "properties": {"id": "osm:way:273999665", "type": "school", "name": "Hans-Ehrenberg-Schule", "source": "OpenStreetMap/Overpass"}}, {"type": "Feature", "geometry": {"type": "Point", "coordinates": [8.3911914, 51.9198142]}, "properties": {"id": "osm:way:280480247", "type": "kindergarten", "name": "Teismannsweg", "source": "OpenStreetMap/Overpass"}}, {"type": "Feature", "geometry": {"type": "Point", "coordinates": [8.5506323, 51.9680389]}, "properties": {"id": "osm:way:281327248", "type": "school", "name": "Buschkampschule", "source": "OpenStreetMap/Overpass"}}, {"type": "Feature", "geometry": {"type": "Point", "coordinates": [8.4402298, 51.9315236]}, "properties": {"id": "osm:way:281573985", "type": "kindergarten", "name": "Städtischer Kindergarten Müthers Kamp", "source": "OpenStreetMap/Overpass"}}, {"type": "Feature", "geometry": {"type": "Point", "coordinates": [8.4430954, 51.93628]}, "properties": {"id": "osm:way:281583614", "type": "school", "name": "Grundschule Avenwedde-Bahnhof", "source": "OpenStreetMap/Overpass"}}, {"type": "Feature", "geometry": {"type": "Point", "coordinates": [8.4423395, 51.9356348]}, "properties": {"id": "osm:way:281584046", "type": "kindergarten", "name": "Städtischer Kindergarten Isselhorster Straße", "source": "OpenStreetMap/Overpass"}}, {"type": "Feature", "geometry": {"type": "Point", "coordinates": [8.4450859, 51.9395118]}, "properties": {"id": "osm:way:281772302", "type": "kindergarten", "name": "Kita Auerhahnstraße", "source": "OpenStreetMap/Overpass"}}, {"type": "Feature", "geometry": {"type": "Point", "coordinates": [8.468346, 51.9389944]}, "properties": {"id": "osm:way:282322724", "type": "kindergarten", "name": "Städtischer Kindergarten Bachstelzenweg", "source": "OpenStreetMap/Overpass"}}, {"type": "Feature", "geometry": {"type": "Point", "coordinates": [8.478705, 51.9359569]}, "properties": {"id": "osm:way:290515463", "type": "school", "name": "Grundschule Große Heide", "source": "OpenStreetMap/Overpass"}}, {"type": "Feature", "geometry": {"type": "Point", "coordinates": [8.4276547, 52.0026462]}, "properties": {"id": "osm:way:293796391", "type": "school", "name": "Grundschule Laukshof", "source": "OpenStreetMap/Overpass"}}, {"type": "Feature", "geometry": {"type": "Point", "coordinates": [8.4254062, 51.9998813]}, "properties": {"id": "osm:way:294248429", "type": "school", "name": "Steinhagener Gymnasium", "source": "OpenStreetMap/Overpass"}}, {"type": "Feature", "geometry": {"type": "Point", "coordinates": [8.4248091, 52.0014004]}, "properties": {"id": "osm:way:294248442", "type": "school", "name": "Realschule Steinhagen", "source": "OpenStreetMap/Overpass"}}, {"type": "Feature", "geometry": {"type": "Point", "coordinates": [8.6373145, 52.0483398]}, "properties": {"id": "osm:way:296432527", "type": "kindergarten", "name": "Kita Altenhagen", "source": "OpenStreetMap/Overpass"}}, {"type": "Feature", "geometry": {"type": "Point", "coordinates": [8.5903188, 52.0423821]}, "properties": {"id": "osm:way:304851531", "type": "kindergarten", "name": "", "source": "OpenStreetMap/Overpass"}}, {"type": "Feature", "geometry": {"type": "Point", "coordinates": [8.4108094, 51.9487212]}, "properties": {"id": "osm:way:305886165", "type": "kindergarten", "name": "Unterm Regenbogen", "source": "OpenStreetMap/Overpass"}}, {"type": "Feature", "geometry": {"type": "Point", "coordinates": [8.4795123, 51.9358654]}, "properties": {"id": "osm:way:305892075", "type": "kindergarten", "name": "Städtischer Kindergarten Pelikanweg", "source": "OpenStreetMap/Overpass"}}, {"type": "Feature", "geometry": {"type": "Point", "coordinates": [8.6335465, 51.9862143]}, "properties": {"id": "osm:way:307851779", "type": "school", "name": "Grundschule Ubbedissen", "source": "OpenStreetMap/Overpass"}}, {"type": "Feature", "geometry": {"type": "Point", "coordinates": [8.4199162, 52.0229583]}, "properties": {"id": "osm:way:319073859", "type": "school", "name": "Grundschule Amshausen", "source": "OpenStreetMap/Overpass"}}, {"type": "Feature", "geometry": {"type": "Point", "coordinates": [8.5723049, 52.0160468]}, "properties": {"id": "osm:way:321991909", "type": "school", "name": "Musik- und Kunstschule – Außenstelle", "source": "OpenStreetMap/Overpass"}}, {"type": "Feature", "geometry": {"type": "Point", "coordinates": [8.6109417, 51.999297]}, "properties": {"id": "osm:way:324602070", "type": "kindergarten", "name": "Kita Rambazamba", "source": "OpenStreetMap/Overpass"}}, {"type": "Feature", "geometry": {"type": "Point", "coordinates": [8.5755408, 52.0186449]}, "properties": {"id": "osm:way:326847810", "type": "school", "name": "", "source": "OpenStreetMap/Overpass"}}, {"type": "Feature", "geometry": {"type": "Point", "coordinates": [8.5427944, 52.0412245]}, "properties": {"id": "osm:way:330989114", "type": "kindergarten", "name": "", "source": "OpenStreetMap/Overpass"}}, {"type": "Feature", "geometry": {"type": "Point", "coordinates": [8.4154168, 52.0721991]}, "properties": {"id": "osm:way:333646383", "type": "kindergarten", "name": "Im Viertel", "source": "OpenStreetMap/Overpass"}}, {"type": "Feature", "geometry": {"type": "Point", "coordinates": [8.5528956, 51.9285763]}, "properties": {"id": "osm:way:334199494", "type": "school", "name": "Schule am Schlepperweg", "source": "OpenStreetMap/Overpass"}}, {"type": "Feature", "geometry": {"type": "Point", "coordinates": [8.4899239, 52.0025437]}, "properties": {"id": "osm:way:337874788", "type": "kindergarten", "name": "Waldkindergarten Bielefeld", "source": "OpenStreetMap/Overpass"}}, {"type": "Feature", "geometry": {"type": "Point", "coordinates": [8.4870875, 52.0387317]}, "properties": {"id": "osm:way:342287687", "type": "school", "name": "Grundschule Wellensiek", "source": "OpenStreetMap/Overpass"}}, {"type": "Feature", "geometry": {"type": "Point", "coordinates": [8.527212, 52.0339835]}, "properties": {"id": "osm:way:342525575", "type": "school", "name": "Opticus Schule", "source": "OpenStreetMap/Overpass"}}, {"type": "Feature", "geometry": {"type": "Point", "coordinates": [8.5270776, 52.0348393]}, "properties": {"id": "osm:way:342525578", "type": "school", "name": "", "source": "OpenStreetMap/Overpass"}}, {"type": "Feature", "geometry": {"type": "Point", "coordinates": [8.5279312, 52.0337627]}, "properties": {"id": "osm:way:342525579", "type": "kindergarten", "name": "Kita Bökenkampstraße", "source": "OpenStreetMap/Overpass"}}, {"type": "Feature", "geometry": {"type": "Point", "coordinates": [8.4637828, 51.9721538]}, "properties": {"id": "osm:way:350149693", "type": "kindergarten", "name": "Ev. Ichthys Familienzentrum und Kindergarten", "source": "OpenStreetMap/Overpass"}}, {"type": "Feature", "geometry": {"type": "Point", "coordinates": [8.6618282, 51.9387641]}, "properties": {"id": "osm:way:359844232", "type": "kindergarten", "name": "Evangelische Kindertagesstätte Regenbogen", "source": "OpenStreetMap/Overpass"}}, {"type": "Feature", "geometry": {"type": "Point", "coordinates": [8.4092529, 51.961012]}, "properties": {"id": "osm:way:360028556", "type": "kindergarten", "name": "KiTa Holtkamp", "source": "OpenStreetMap/Overpass"}}, {"type": "Feature", "geometry": {"type": "Point", "coordinates": [8.4831362, 51.9376984]}, "properties": {"id": "osm:way:360154467", "type": "kindergarten", "name": "Katholischer Kindergarten St. Friedrich", "source": "OpenStreetMap/Overpass"}}, {"type": "Feature", "geometry": {"type": "Point", "coordinates": [8.4841953, 51.9373587]}, "properties": {"id": "osm:way:360154469", "type": "school", "name": "Freie Waldorf-Schule", "source": "OpenStreetMap/Overpass"}}, {"type": "Feature", "geometry": {"type": "Point", "coordinates": [8.5193159, 52.0946122]}, "properties": {"id": "osm:way:371736939", "type": "school", "name": "Realschule Jöllenbeck Nebenstandort", "source": "OpenStreetMap/Overpass"}}, {"type": "Feature", "geometry": {"type": "Point", "coordinates": [8.4867921, 52.0465302]}, "properties": {"id": "osm:way:376501721", "type": "childcare", "name": "Kita „Hof Hallau“", "source": "OpenStreetMap/Overpass"}}, {"type": "Feature", "geometry": {"type": "Point", "coordinates": [8.5491911, 52.069728]}, "properties": {"id": "osm:way:376942854", "type": "kindergarten", "name": "Waldgruppe", "source": "OpenStreetMap/Overpass"}}, {"type": "Feature", "geometry": {"type": "Point", "coordinates": [8.5011754, 52.0987799]}, "properties": {"id": "osm:way:383898685", "type": "school", "name": "Grundschule Dreekerheide", "source": "OpenStreetMap/Overpass"}}, {"type": "Feature", "geometry": {"type": "Point", "coordinates": [8.5388472, 52.0299162]}, "properties": {"id": "osm:way:391733832", "type": "kindergarten", "name": "DRK-Kita \"Weltweit\"", "source": "OpenStreetMap/Overpass"}}, {"type": "Feature", "geometry": {"type": "Point", "coordinates": [8.5293912, 52.0207353]}, "properties": {"id": "osm:way:396454271", "type": "school", "name": "Klosterschule Bielefeld", "source": "OpenStreetMap/Overpass"}}, {"type": "Feature", "geometry": {"type": "Point", "coordinates": [8.601897, 51.9531566]}, "properties": {"id": "osm:way:410877975", "type": "school", "name": "Brüder-Grimm-Schule", "source": "OpenStreetMap/Overpass"}}, {"type": "Feature", "geometry": {"type": "Point", "coordinates": [8.5221675, 51.9734605]}, "properties": {"id": "osm:way:419930254", "type": "kindergarten", "name": "Heilpädagogische Kinderhilfe und Mehrmediale Therapie e. V.", "source": "OpenStreetMap/Overpass"}}, {"type": "Feature", "geometry": {"type": "Point", "coordinates": [8.525857, 52.0065935]}, "properties": {"id": "osm:way:420307288", "type": "school", "name": "Griechische Ergänzungsschule", "source": "OpenStreetMap/Overpass"}}, {"type": "Feature", "geometry": {"type": "Point", "coordinates": [8.5876078, 52.000401]}, "properties": {"id": "osm:way:422659373", "type": "kindergarten", "name": "", "source": "OpenStreetMap/Overpass"}}, {"type": "Feature", "geometry": {"type": "Point", "coordinates": [8.5945384, 52.0003978]}, "properties": {"id": "osm:way:440862780", "type": "kindergarten", "name": "Kita Stettiner Straße", "source": "OpenStreetMap/Overpass"}}, {"type": "Feature", "geometry": {"type": "Point", "coordinates": [8.5839989, 51.9560362]}, "properties": {"id": "osm:way:485126417", "type": "kindergarten", "name": "KiTa Lilienthalstraße", "source": "OpenStreetMap/Overpass"}}, {"type": "Feature", "geometry": {"type": "Point", "coordinates": [8.5816738, 51.9463862]}, "properties": {"id": "osm:way:485126418", "type": "kindergarten", "name": "Evangelisches Familienzentrum und Kita Morgenstern", "source": "OpenStreetMap/Overpass"}}, {"type": "Feature", "geometry": {"type": "Point", "coordinates": [8.601152, 51.9522017]}, "properties": {"id": "osm:way:485132619", "type": "kindergarten", "name": "KiTa Am Stadion", "source": "OpenStreetMap/Overpass"}}, {"type": "Feature", "geometry": {"type": "Point", "coordinates": [8.5280115, 51.9604216]}, "properties": {"id": "osm:way:497923204", "type": "school", "name": "Realschule Senne", "source": "OpenStreetMap/Overpass"}}, {"type": "Feature", "geometry": {"type": "Point", "coordinates": [8.5270198, 51.9627364]}, "properties": {"id": "osm:way:498006992", "type": "kindergarten", "name": "Kindertagesstätte Jahnstraße", "source": "OpenStreetMap/Overpass"}}, {"type": "Feature", "geometry": {"type": "Point", "coordinates": [8.5160382, 52.0953879]}, "properties": {"id": "osm:way:540154183", "type": "kindergarten", "name": "Kinderhaus Sternsegler", "source": "OpenStreetMap/Overpass"}}, {"type": "Feature", "geometry": {"type": "Point", "coordinates": [8.5360502, 52.0025602]}, "properties": {"id": "osm:way:622621981", "type": "kindergarten", "name": "", "source": "OpenStreetMap/Overpass"}}, {"type": "Feature", "geometry": {"type": "Point", "coordinates": [8.4966437, 51.9455415]}, "properties": {"id": "osm:way:639158050", "type": "kindergarten", "name": "KiTa Windflöte", "source": "OpenStreetMap/Overpass"}}, {"type": "Feature", "geometry": {"type": "Point", "coordinates": [8.5115948, 51.9404284]}, "properties": {"id": "osm:way:639159628", "type": "school", "name": "Georg-Müller-Schule Senne", "source": "OpenStreetMap/Overpass"}}, {"type": "Feature", "geometry": {"type": "Point", "coordinates": [8.5787654, 51.9406641]}, "properties": {"id": "osm:way:645632484", "type": "school", "name": "Sportzentrum Süd", "source": "OpenStreetMap/Overpass"}}, {"type": "Feature", "geometry": {"type": "Point", "coordinates": [8.5800732, 51.9420997]}, "properties": {"id": "osm:way:645632485", "type": "school", "name": "Theodor-Heuss-Schule", "source": "OpenStreetMap/Overpass"}}, {"type": "Feature", "geometry": {"type": "Point", "coordinates": [8.5786768, 51.9392135]}, "properties": {"id": "osm:way:645632555", "type": "kindergarten", "name": "Kinderhäuser Wintersheide", "source": "OpenStreetMap/Overpass"}}, {"type": "Feature", "geometry": {"type": "Point", "coordinates": [8.3825709, 52.0351669]}, "properties": {"id": "osm:way:650663697", "type": "kindergarten", "name": "ev. Kita Künsebeck", "source": "OpenStreetMap/Overpass"}}, {"type": "Feature", "geometry": {"type": "Point", "coordinates": [8.5549367, 52.009821]}, "properties": {"id": "osm:way:667220018", "type": "school", "name": "KiTa Wilbrandstraße", "source": "OpenStreetMap/Overpass"}}, {"type": "Feature", "geometry": {"type": "Point", "coordinates": [8.5125191, 52.0819591]}, "properties": {"id": "osm:way:670662501", "type": "kindergarten", "name": "Ev. Familienzentrum Horstheide", "source": "OpenStreetMap/Overpass"}}, {"type": "Feature", "geometry": {"type": "Point", "coordinates": [8.5418285, 51.9724743]}, "properties": {"id": "osm:way:684120725", "type": "kindergarten", "name": "Ev. Familienzentrum Kindertagesstätte „Die Arche“", "source": "OpenStreetMap/Overpass"}}, {"type": "Feature", "geometry": {"type": "Point", "coordinates": [8.5032597, 51.9972542]}, "properties": {"id": "osm:way:696623076", "type": "kindergarten", "name": "Die kleinen Strolche", "source": "OpenStreetMap/Overpass"}}, {"type": "Feature", "geometry": {"type": "Point", "coordinates": [8.532738, 52.0097169]}, "properties": {"id": "osm:way:696633359", "type": "kindergarten", "name": "Kita Tausendfüßler", "source": "OpenStreetMap/Overpass"}}, {"type": "Feature", "geometry": {"type": "Point", "coordinates": [8.4829275, 52.0422993]}, "properties": {"id": "osm:way:723816358", "type": "kindergarten", "name": "AWO Kita + Familienzentrum", "source": "OpenStreetMap/Overpass"}}, {"type": "Feature", "geometry": {"type": "Point", "coordinates": [8.470611, 52.0440682]}, "properties": {"id": "osm:way:726853699", "type": "kindergarten", "name": "Kita am Freibad Dornberg", "source": "OpenStreetMap/Overpass"}}, {"type": "Feature", "geometry": {"type": "Point", "coordinates": [8.545307, 52.0131133]}, "properties": {"id": "osm:way:734513563", "type": "kindergarten", "name": "Kidstown 2 - Betriebskindertagesstätte Klinikum Bielefeld", "source": "OpenStreetMap/Overpass"}}, {"type": "Feature", "geometry": {"type": "Point", "coordinates": [8.4933007, 51.9921454]}, "properties": {"id": "osm:way:736647786", "type": "kindergarten", "name": "KITA Möllernest", "source": "OpenStreetMap/Overpass"}}, {"type": "Feature", "geometry": {"type": "Point", "coordinates": [8.4562272, 51.9674641]}, "properties": {"id": "osm:way:737137226", "type": "kindergarten", "name": "Kita Oberummeln", "source": "OpenStreetMap/Overpass"}}, {"type": "Feature", "geometry": {"type": "Point", "coordinates": [8.5358099, 52.0473274]}, "properties": {"id": "osm:way:737348502", "type": "kindergarten", "name": "", "source": "OpenStreetMap/Overpass"}}, {"type": "Feature", "geometry": {"type": "Point", "coordinates": [8.5372557, 52.0452788]}, "properties": {"id": "osm:way:737348509", "type": "kindergarten", "name": "", "source": "OpenStreetMap/Overpass"}}, {"type": "Feature", "geometry": {"type": "Point", "coordinates": [8.4794746, 51.9974651]}, "properties": {"id": "osm:way:737582322", "type": "kindergarten", "name": "Kita Auf dem Rennplatz", "source": "OpenStreetMap/Overpass"}}, {"type": "Feature", "geometry": {"type": "Point", "coordinates": [8.5295887, 52.0388092]}, "properties": {"id": "osm:way:738146732", "type": "kindergarten", "name": "Kindertagesstätte Schatzinseln e.V.", "source": "OpenStreetMap/Overpass"}}, {"type": "Feature", "geometry": {"type": "Point", "coordinates": [8.5105144, 52.0285746]}, "properties": {"id": "osm:way:742122286", "type": "kindergarten", "name": "Kindertagesstätte EffHa", "source": "OpenStreetMap/Overpass"}}, {"type": "Feature", "geometry": {"type": "Point", "coordinates": [8.5170495, 52.0407257]}, "properties": {"id": "osm:way:742197612", "type": "kindergarten", "name": "", "source": "OpenStreetMap/Overpass"}}, {"type": "Feature", "geometry": {"type": "Point", "coordinates": [8.6442119, 51.9972918]}, "properties": {"id": "osm:way:742489674", "type": "kindergarten", "name": "Kita Ubbedissen", "source": "OpenStreetMap/Overpass"}}, {"type": "Feature", "geometry": {"type": "Point", "coordinates": [8.5153278, 52.0383796]}, "properties": {"id": "osm:way:746456721", "type": "kindergarten", "name": "", "source": "OpenStreetMap/Overpass"}}, {"type": "Feature", "geometry": {"type": "Point", "coordinates": [8.5204678, 51.967979]}, "properties": {"id": "osm:way:747533999", "type": "kindergarten", "name": "KiTa Blütenzauber", "source": "OpenStreetMap/Overpass"}}, {"type": "Feature", "geometry": {"type": "Point", "coordinates": [8.5591161, 51.9995648]}, "properties": {"id": "osm:way:766781813", "type": "kindergarten", "name": "Kindergarten Hellenkamp", "source": "OpenStreetMap/Overpass"}}, {"type": "Feature", "geometry": {"type": "Point", "coordinates": [8.570628, 52.0230971]}, "properties": {"id": "osm:way:776551075", "type": "school", "name": "Carl-Severing-Berufskolleg für Wirtschaft und Verwaltung (Standort 2)", "source": "OpenStreetMap/Overpass"}}, {"type": "Feature", "geometry": {"type": "Point", "coordinates": [8.5961289, 52.0170814]}, "properties": {"id": "osm:way:776785508", "type": "kindergarten", "name": "Kita Am Vollbruch", "source": "OpenStreetMap/Overpass"}}, {"type": "Feature", "geometry": {"type": "Point", "coordinates": [8.6025383, 52.0579498]}, "properties": {"id": "osm:way:783094111", "type": "kindergarten", "name": "", "source": "OpenStreetMap/Overpass"}}, {"type": "Feature", "geometry": {"type": "Point", "coordinates": [8.5910356, 51.9993338]}, "properties": {"id": "osm:way:785913553", "type": "kindergarten", "name": "Katholischer Kindergarten Sankt Bonifatius", "source": "OpenStreetMap/Overpass"}}, {"type": "Feature", "geometry": {"type": "Point", "coordinates": [8.5907276, 51.9930653]}, "properties": {"id": "osm:way:786181313", "type": "kindergarten", "name": "", "source": "OpenStreetMap/Overpass"}}, {"type": "Feature", "geometry": {"type": "Point", "coordinates": [8.5821584, 51.9920238]}, "properties": {"id": "osm:way:786181322", "type": "school", "name": "Georg-Müller-Schule Bielefeld", "source": "OpenStreetMap/Overpass"}}, {"type": "Feature", "geometry": {"type": "Point", "coordinates": [8.6367415, 51.9363569]}, "properties": {"id": "osm:way:792485561", "type": "school", "name": "Grundschule Lipperreihe", "source": "OpenStreetMap/Overpass"}}, {"type": "Feature", "geometry": {"type": "Point", "coordinates": [8.5024168, 52.0977711]}, "properties": {"id": "osm:way:794847781", "type": "kindergarten", "name": "Evangelisches Familienzentrum Matthias Claudius", "source": "OpenStreetMap/Overpass"}}, {"type": "Feature", "geometry": {"type": "Point", "coordinates": [8.5215682, 52.0672692]}, "properties": {"id": "osm:way:795312193", "type": "kindergarten", "name": "", "source": "OpenStreetMap/Overpass"}}, {"type": "Feature", "geometry": {"type": "Point", "coordinates": [8.6048498, 52.028475]}, "properties": {"id": "osm:way:821526707", "type": "kindergarten", "name": "", "source": "OpenStreetMap/Overpass"}}, {"type": "Feature", "geometry": {"type": "Point", "coordinates": [8.6128388, 52.0307881]}, "properties": {"id": "osm:way:822601153", "type": "kindergarten", "name": "Kita Nestwerk", "source": "OpenStreetMap/Overpass"}}, {"type": "Feature", "geometry": {"type": "Point", "coordinates": [8.6120485, 52.0311243]}, "properties": {"id": "osm:way:822601170", "type": "kindergarten", "name": "", "source": "OpenStreetMap/Overpass"}}, {"type": "Feature", "geometry": {"type": "Point", "coordinates": [8.6021101, 52.031395]}, "properties": {"id": "osm:way:823506480", "type": "kindergarten", "name": "", "source": "OpenStreetMap/Overpass"}}, {"type": "Feature", "geometry": {"type": "Point", "coordinates": [8.5096473, 51.9709065]}, "properties": {"id": "osm:way:830707184", "type": "kindergarten", "name": "Städt. KiTa Nordfeldweg", "source": "OpenStreetMap/Overpass"}}, {"type": "Feature", "geometry": {"type": "Point", "coordinates": [8.5484131, 52.0430856]}, "properties": {"id": "osm:way:844343430", "type": "kindergarten", "name": "Bewegungskita Purzelbaum", "source": "OpenStreetMap/Overpass"}}, {"type": "Feature", "geometry": {"type": "Point", "coordinates": [8.5200695, 51.9577769]}, "properties": {"id": "osm:way:849812437", "type": "kindergarten", "name": "Kath. Kindertageseinrichtung St. Bartholomäus", "source": "OpenStreetMap/Overpass"}}, {"type": "Feature", "geometry": {"type": "Point", "coordinates": [8.5222523, 51.9871124]}, "properties": {"id": "osm:way:858625111", "type": "kindergarten", "name": "Kinderhaus Wunderland", "source": "OpenStreetMap/Overpass"}}, {"type": "Feature", "geometry": {"type": "Point", "coordinates": [8.6604347, 51.9613761]}, "properties": {"id": "osm:way:868448931", "type": "school", "name": "Heinz-Sielmann-Schule", "source": "OpenStreetMap/Overpass"}}, {"type": "Feature", "geometry": {"type": "Point", "coordinates": [8.6620109, 51.9612937]}, "properties": {"id": "osm:way:868448935", "type": "school", "name": "Heinz-Sielmann-Schule", "source": "OpenStreetMap/Overpass"}}, {"type": "Feature", "geometry": {"type": "Point", "coordinates": [8.426791, 52.0030735]}, "properties": {"id": "osm:way:878935429", "type": "kindergarten", "name": "", "source": "OpenStreetMap/Overpass"}}, {"type": "Feature", "geometry": {"type": "Point", "coordinates": [8.4070413, 52.0257758]}, "properties": {"id": "osm:way:910871834", "type": "kindergarten", "name": "", "source": "OpenStreetMap/Overpass"}}, {"type": "Feature", "geometry": {"type": "Point", "coordinates": [8.381689, 51.9814429]}, "properties": {"id": "osm:way:911182652", "type": "kindergarten", "name": "", "source": "OpenStreetMap/Overpass"}}, {"type": "Feature", "geometry": {"type": "Point", "coordinates": [8.4485497, 52.0126274]}, "properties": {"id": "osm:way:911851433", "type": "kindergarten", "name": "", "source": "OpenStreetMap/Overpass"}}, {"type": "Feature", "geometry": {"type": "Point", "coordinates": [8.6595447, 52.1026995]}, "properties": {"id": "osm:way:915191662", "type": "kindergarten", "name": "Kita / Familienzentrum \"Hummelnest\"", "source": "OpenStreetMap/Overpass"}}, {"type": "Feature", "geometry": {"type": "Point", "coordinates": [8.4995683, 51.946742]}, "properties": {"id": "osm:way:916674234", "type": "kindergarten", "name": "Evangelischer Lutherkindergarten inkl. Familienzentrum Emmaus", "source": "OpenStreetMap/Overpass"}}, {"type": "Feature", "geometry": {"type": "Point", "coordinates": [8.5493063, 52.0695394]}, "properties": {"id": "osm:way:924747279", "type": "kindergarten", "name": "", "source": "OpenStreetMap/Overpass"}}, {"type": "Feature", "geometry": {"type": "Point", "coordinates": [8.5141893, 52.0253962]}, "properties": {"id": "osm:way:939725264", "type": "kindergarten", "name": "Kindermühle", "source": "OpenStreetMap/Overpass"}}, {"type": "Feature", "geometry": {"type": "Point", "coordinates": [8.4200896, 52.075868]}, "properties": {"id": "osm:way:943021719", "type": "kindergarten", "name": "", "source": "OpenStreetMap/Overpass"}}, {"type": "Feature", "geometry": {"type": "Point", "coordinates": [8.5196348, 52.0447765]}, "properties": {"id": "osm:way:952301169", "type": "kindergarten", "name": "", "source": "OpenStreetMap/Overpass"}}, {"type": "Feature", "geometry": {"type": "Point", "coordinates": [8.5256268, 52.0445995]}, "properties": {"id": "osm:way:952338071", "type": "kindergarten", "name": "Lydia-Kita", "source": "OpenStreetMap/Overpass"}}, {"type": "Feature", "geometry": {"type": "Point", "coordinates": [8.3931022, 52.0391741]}, "properties": {"id": "osm:way:953995796", "type": "kindergarten", "name": "", "source": "OpenStreetMap/Overpass"}}, {"type": "Feature", "geometry": {"type": "Point", "coordinates": [8.5326453, 51.9784307]}, "properties": {"id": "osm:way:954524868", "type": "kindergarten", "name": "Montessori Kinderhaus Brackwede", "source": "OpenStreetMap/Overpass"}}, {"type": "Feature", "geometry": {"type": "Point", "coordinates": [8.5412335, 52.0433606]}, "properties": {"id": "osm:way:958770683", "type": "kindergarten", "name": "", "source": "OpenStreetMap/Overpass"}}, {"type": "Feature", "geometry": {"type": "Point", "coordinates": [8.5655722, 52.0387489]}, "properties": {"id": "osm:way:969859141", "type": "school", "name": "", "source": "OpenStreetMap/Overpass"}}, {"type": "Feature", "geometry": {"type": "Point", "coordinates": [8.4085899, 51.9999932]}, "properties": {"id": "osm:way:971102150", "type": "kindergarten", "name": "Ev. Kindergarten \"Kapernaum\"", "source": "OpenStreetMap/Overpass"}}, {"type": "Feature", "geometry": {"type": "Point", "coordinates": [8.411376, 52.0238594]}, "properties": {"id": "osm:way:971578952", "type": "kindergarten", "name": "Ev. Kindergarten Emmaus", "source": "OpenStreetMap/Overpass"}}, {"type": "Feature", "geometry": {"type": "Point", "coordinates": [8.4312061, 52.0056155]}, "properties": {"id": "osm:way:971590400", "type": "kindergarten", "name": "", "source": "OpenStreetMap/Overpass"}}, {"type": "Feature", "geometry": {"type": "Point", "coordinates": [8.4333912, 52.0158222]}, "properties": {"id": "osm:way:971597130", "type": "kindergarten", "name": "", "source": "OpenStreetMap/Overpass"}}, {"type": "Feature", "geometry": {"type": "Point", "coordinates": [8.5495738, 52.0553204]}, "properties": {"id": "osm:way:972263049", "type": "school", "name": "KiTa Huchzermeierstraße", "source": "OpenStreetMap/Overpass"}}, {"type": "Feature", "geometry": {"type": "Point", "coordinates": [8.5120058, 52.0755017]}, "properties": {"id": "osm:way:976352394", "type": "kindergarten", "name": "Kita Neuland-Falken", "source": "OpenStreetMap/Overpass"}}, {"type": "Feature", "geometry": {"type": "Point", "coordinates": [8.5631825, 52.0521538]}, "properties": {"id": "osm:way:976908125", "type": "kindergarten", "name": "Karl-Siebold-Kita", "source": "OpenStreetMap/Overpass"}}, {"type": "Feature", "geometry": {"type": "Point", "coordinates": [8.5579853, 52.0465932]}, "properties": {"id": "osm:way:976908126", "type": "kindergarten", "name": "Kita Plaßstraße", "source": "OpenStreetMap/Overpass"}}, {"type": "Feature", "geometry": {"type": "Point", "coordinates": [8.6106191, 52.0307763]}, "properties": {"id": "osm:way:977813677", "type": "school", "name": "Grundschule Am Homersen", "source": "OpenStreetMap/Overpass"}}, {"type": "Feature", "geometry": {"type": "Point", "coordinates": [8.5412291, 52.0150026]}, "properties": {"id": "osm:way:979747633", "type": "school", "name": "Studieninstitut für kommunale Verwaltung Westfalen - Lippe", "source": "OpenStreetMap/Overpass"}}, {"type": "Feature", "geometry": {"type": "Point", "coordinates": [8.5415407, 52.015626]}, "properties": {"id": "osm:way:979747634", "type": "kindergarten", "name": "Kita Nestfalken", "source": "OpenStreetMap/Overpass"}}, {"type": "Feature", "geometry": {"type": "Point", "coordinates": [8.5830353, 52.0183567]}, "properties": {"id": "osm:way:980484161", "type": "kindergarten", "name": "Kita Spatzennest", "source": "OpenStreetMap/Overpass"}}, {"type": "Feature", "geometry": {"type": "Point", "coordinates": [8.6099917, 51.9940298]}, "properties": {"id": "osm:way:980925740", "type": "kindergarten", "name": "Christliche Kindertagesstätte Leuchtturm Bielefeld", "source": "OpenStreetMap/Overpass"}}, {"type": "Feature", "geometry": {"type": "Point", "coordinates": [8.510084, 52.0460937]}, "properties": {"id": "osm:way:981525827", "type": "kindergarten", "name": "Kita Kipps Hof", "source": "OpenStreetMap/Overpass"}}, {"type": "Feature", "geometry": {"type": "Point", "coordinates": [8.5296265, 52.033419]}, "properties": {"id": "osm:way:982170729", "type": "kindergarten", "name": "Kita Kamphof", "source": "OpenStreetMap/Overpass"}}, {"type": "Feature", "geometry": {"type": "Point", "coordinates": [8.5325119, 52.0382661]}, "properties": {"id": "osm:way:982172841", "type": "kindergarten", "name": "Villa Butterblume", "source": "OpenStreetMap/Overpass"}}, {"type": "Feature", "geometry": {"type": "Point", "coordinates": [8.5556485, 52.0233216]}, "properties": {"id": "osm:way:982409324", "type": "kindergarten", "name": "Kita Flachsfarm", "source": "OpenStreetMap/Overpass"}}, {"type": "Feature", "geometry": {"type": "Point", "coordinates": [8.5477608, 52.0347137]}, "properties": {"id": "osm:way:983879524", "type": "kindergarten", "name": "Villa Wundervoll", "source": "OpenStreetMap/Overpass"}}, {"type": "Feature", "geometry": {"type": "Point", "coordinates": [8.471079, 51.997551]}, "properties": {"id": "osm:way:988267094", "type": "kindergarten", "name": "Kita Am Lichtebach", "source": "OpenStreetMap/Overpass"}}, {"type": "Feature", "geometry": {"type": "Point", "coordinates": [8.5054927, 51.9963475]}, "properties": {"id": "osm:way:996623060", "type": "kindergarten", "name": "Ev. Kindertagesstätte Arche Noah", "source": "OpenStreetMap/Overpass"}}, {"type": "Feature", "geometry": {"type": "Point", "coordinates": [8.4214902, 51.9998518]}, "properties": {"id": "osm:way:996641219", "type": "kindergarten", "name": "", "source": "OpenStreetMap/Overpass"}}, {"type": "Feature", "geometry": {"type": "Point", "coordinates": [8.5360365, 52.0023956]}, "properties": {"id": "osm:way:1000772831", "type": "kindergarten", "name": "Kita Erdenreich", "source": "OpenStreetMap/Overpass"}}, {"type": "Feature", "geometry": {"type": "Point", "coordinates": [8.522407, 52.0059594]}, "properties": {"id": "osm:way:1029572113", "type": "school", "name": "Sekundarschule Bethel", "source": "OpenStreetMap/Overpass"}}, {"type": "Feature", "geometry": {"type": "Point", "coordinates": [8.5962315, 52.0475851]}, "properties": {"id": "osm:way:1037973383", "type": "kindergarten", "name": "Kinderhaus Rabenhof", "source": "OpenStreetMap/Overpass"}}, {"type": "Feature", "geometry": {"type": "Point", "coordinates": [8.3975223, 51.9239072]}, "properties": {"id": "osm:way:1039915545", "type": "kindergarten", "name": "Evangelischer Kindergarten Epiphanias", "source": "OpenStreetMap/Overpass"}}, {"type": "Feature", "geometry": {"type": "Point", "coordinates": [8.5880959, 51.9467071]}, "properties": {"id": "osm:way:1042900819", "type": "kindergarten", "name": "Kita Elbeallee", "source": "OpenStreetMap/Overpass"}}, {"type": "Feature", "geometry": {"type": "Point", "coordinates": [8.5707267, 52.029139]}, "properties": {"id": "osm:way:1049597076", "type": "kindergarten", "name": "Kita St. Meinolf", "source": "OpenStreetMap/Overpass"}}, {"type": "Feature", "geometry": {"type": "Point", "coordinates": [8.6026894, 51.9149958]}, "properties": {"id": "osm:way:1065925950", "type": "kindergarten", "name": "Kath. Kindertagesstätte Edith Stein", "source": "OpenStreetMap/Overpass"}}, {"type": "Feature", "geometry": {"type": "Point", "coordinates": [8.6070923, 52.0586134]}, "properties": {"id": "osm:way:1077598142", "type": "kindergarten", "name": "AWO Tagesgruppe", "source": "OpenStreetMap/Overpass"}}, {"type": "Feature", "geometry": {"type": "Point", "coordinates": [8.3791375, 51.9268]}, "properties": {"id": "osm:way:1084312569", "type": "kindergarten", "name": "", "source": "OpenStreetMap/Overpass"}}, {"type": "Feature", "geometry": {"type": "Point", "coordinates": [8.5660049, 52.0251485]}, "properties": {"id": "osm:way:1085517736", "type": "kindergarten", "name": "Kita Oberer Esch", "source": "OpenStreetMap/Overpass"}}, {"type": "Feature", "geometry": {"type": "Point", "coordinates": [8.5162975, 52.0421393]}, "properties": {"id": "osm:way:1087296595", "type": "school", "name": "Sekundarschule Gellershagen", "source": "OpenStreetMap/Overpass"}}, {"type": "Feature", "geometry": {"type": "Point", "coordinates": [8.5658115, 52.0391166]}, "properties": {"id": "osm:way:1093766558", "type": "school", "name": "", "source": "OpenStreetMap/Overpass"}}, {"type": "Feature", "geometry": {"type": "Point", "coordinates": [8.5647206, 52.0395021]}, "properties": {"id": "osm:way:1097937428", "type": "kindergarten", "name": "Kita Zauberflöte", "source": "OpenStreetMap/Overpass"}}, {"type": "Feature", "geometry": {"type": "Point", "coordinates": [8.630289, 51.9888256]}, "properties": {"id": "osm:way:1101322050", "type": "kindergarten", "name": "KiTa Regenbogen", "source": "OpenStreetMap/Overpass"}}, {"type": "Feature", "geometry": {"type": "Point", "coordinates": [8.5143733, 52.0037905]}, "properties": {"id": "osm:way:1102669102", "type": "kindergarten", "name": "Kindertagesstätte Hortweg", "source": "OpenStreetMap/Overpass"}}, {"type": "Feature", "geometry": {"type": "Point", "coordinates": [8.5748296, 51.9181817]}, "properties": {"id": "osm:way:1107039092", "type": "kindergarten", "name": "Kath. Kindergarten St. Heinrich", "source": "OpenStreetMap/Overpass"}}, {"type": "Feature", "geometry": {"type": "Point", "coordinates": [8.5112148, 51.9768535]}, "properties": {"id": "osm:way:1108008605", "type": "kindergarten", "name": "Kita Kammerich", "source": "OpenStreetMap/Overpass"}}, {"type": "Feature", "geometry": {"type": "Point", "coordinates": [8.5528202, 52.0133334]}, "properties": {"id": "osm:way:1116334771", "type": "kindergarten", "name": "Kath. Kindertagesstätte Liebfrauen", "source": "OpenStreetMap/Overpass"}}, {"type": "Feature", "geometry": {"type": "Point", "coordinates": [8.5100964, 51.9884635]}, "properties": {"id": "osm:way:1116334773", "type": "kindergarten", "name": "Ev. Louise-Scheppler-Kindergarten", "source": "OpenStreetMap/Overpass"}}, {"type": "Feature", "geometry": {"type": "Point", "coordinates": [8.5710136, 52.0087094]}, "properties": {"id": "osm:way:1116334774", "type": "school", "name": "Kita Butterkamp", "source": "OpenStreetMap/Overpass"}}, {"type": "Feature", "geometry": {"type": "Point", "coordinates": [8.5031571, 51.9906547]}, "properties": {"id": "osm:way:1116334775", "type": "kindergarten", "name": "Städt. KiTa Hagenbrock", "source": "OpenStreetMap/Overpass"}}, {"type": "Feature", "geometry": {"type": "Point", "coordinates": [8.4895992, 51.9668949]}, "properties": {"id": "osm:way:1116334776", "type": "kindergarten", "name": "Städt. KiTa Südwestfeld", "source": "OpenStreetMap/Overpass"}}, {"type": "Feature", "geometry": {"type": "Point", "coordinates": [8.3906732, 51.9285369]}, "properties": {"id": "osm:way:1116537460", "type": "kindergarten", "name": "Kindertageseinrichtung Ahornallee", "source": "OpenStreetMap/Overpass"}}, {"type": "Feature", "geometry": {"type": "Point", "coordinates": [8.4531578, 52.096121]}, "properties": {"id": "osm:way:1118093004", "type": "kindergarten", "name": "Sonnenland", "source": "OpenStreetMap/Overpass"}}, {"type": "Feature", "geometry": {"type": "Point", "coordinates": [8.4845457, 51.9966119]}, "properties": {"id": "osm:way:1119143203", "type": "kindergarten", "name": "Ev. Johannes-Kindergarten – Quelle-Brock", "source": "OpenStreetMap/Overpass"}}, {"type": "Feature", "geometry": {"type": "Point", "coordinates": [8.5409351, 52.0320985]}, "properties": {"id": "osm:way:1119386381", "type": "kindergarten", "name": "Katholische Kindertageseinrichtung St.-Joseph", "source": "OpenStreetMap/Overpass"}}, {"type": "Feature", "geometry": {"type": "Point", "coordinates": [8.4145531, 52.0804588]}, "properties": {"id": "osm:way:1120069143", "type": "kindergarten", "name": "AWO Kita am Speckfeld", "source": "OpenStreetMap/Overpass"}}, {"type": "Feature", "geometry": {"type": "Point", "coordinates": [8.4258496, 52.0806713]}, "properties": {"id": "osm:way:1120070572", "type": "kindergarten", "name": "Johannis-Kita", "source": "OpenStreetMap/Overpass"}}, {"type": "Feature", "geometry": {"type": "Point", "coordinates": [8.4236748, 52.0718009]}, "properties": {"id": "osm:way:1120080581", "type": "kindergarten", "name": "Ev. Kindergarten Nazareth", "source": "OpenStreetMap/Overpass"}}, {"type": "Feature", "geometry": {"type": "Point", "coordinates": [8.5591664, 52.0400997]}, "properties": {"id": "osm:way:1146010418", "type": "kindergarten", "name": "Kita Löwenzahn", "source": "OpenStreetMap/Overpass"}}, {"type": "Feature", "geometry": {"type": "Point", "coordinates": [8.518416, 52.0240451]}, "properties": {"id": "osm:way:1169825205", "type": "kindergarten", "name": "KiTa Sonnenstrahl", "source": "OpenStreetMap/Overpass"}}, {"type": "Feature", "geometry": {"type": "Point", "coordinates": [8.5403273, 52.0373601]}, "properties": {"id": "osm:way:1202737811", "type": "kindergarten", "name": "Kita Werksgarten", "source": "OpenStreetMap/Overpass"}}, {"type": "Feature", "geometry": {"type": "Point", "coordinates": [8.5730342, 52.0067961]}, "properties": {"id": "osm:way:1205499637", "type": "kindergarten", "name": "D.O.M. Greifswald", "source": "OpenStreetMap/Overpass"}}, {"type": "Feature", "geometry": {"type": "Point", "coordinates": [8.5786308, 51.9448956]}, "properties": {"id": "osm:way:1217768452", "type": "kindergarten", "name": "DRK Kita Abenteuerland", "source": "OpenStreetMap/Overpass"}}, {"type": "Feature", "geometry": {"type": "Point", "coordinates": [8.5919114, 51.9475708]}, "properties": {"id": "osm:way:1295718525", "type": "school", "name": "Hans-Christian-Andersen-Schule - Teilstandort", "source": "OpenStreetMap/Overpass"}}, {"type": "Feature", "geometry": {"type": "Point", "coordinates": [8.4700444, 51.9908685]}, "properties": {"id": "osm:way:1313248865", "type": "kindergarten", "name": "Queller Falkenküken", "source": "OpenStreetMap/Overpass"}}, {"type": "Feature", "geometry": {"type": "Point", "coordinates": [8.5162045, 52.01706]}, "properties": {"id": "osm:way:1322830462", "type": "kindergarten", "name": "", "source": "OpenStreetMap/Overpass"}}, {"type": "Feature", "geometry": {"type": "Point", "coordinates": [8.5763011, 52.0357508]}, "properties": {"id": "osm:way:1356939027", "type": "kindergarten", "name": "Kindertagesstätte Am Heeper Wald", "source": "OpenStreetMap/Overpass"}}, {"type": "Feature", "geometry": {"type": "Point", "coordinates": [8.5856637, 52.0010621]}, "properties": {"id": "osm:way:1359003726", "type": "kindergarten", "name": "Kita Stieghorst", "source": "OpenStreetMap/Overpass"}}, {"type": "Feature", "geometry": {"type": "Point", "coordinates": [8.5553681, 52.0721745]}, "properties": {"id": "osm:way:1363327656", "type": "kindergarten", "name": "KiTa Vilsendorf", "source": "OpenStreetMap/Overpass"}}, {"type": "Feature", "geometry": {"type": "Point", "coordinates": [8.6101208, 51.9935545]}, "properties": {"id": "osm:way:1416989714", "type": "kindergarten", "name": "Christliche Kindertagesstätte Die Schatztruhe", "source": "OpenStreetMap/Overpass"}}, {"type": "Feature", "geometry": {"type": "Point", "coordinates": [8.6595582, 51.9626862]}, "properties": {"id": "osm:way:1434024691", "type": "school", "name": "Niklas-Luhmann-Gymnasium", "source": "OpenStreetMap/Overpass"}}, {"type": "Feature", "geometry": {"type": "Point", "coordinates": [8.5508119, 52.0065335]}, "properties": {"id": "osm:way:1484025554", "type": "kindergarten", "name": "", "source": "OpenStreetMap/Overpass"}}, {"type": "Feature", "geometry": {"type": "Point", "coordinates": [8.6565724, 51.94224]}, "properties": {"id": "osm:way:1530267228", "type": "school", "name": "Südstadtschule", "source": "OpenStreetMap/Overpass"}}, {"type": "Feature", "geometry": {"type": "Point", "coordinates": [8.4985144, 52.0363557]}, "properties": {"id": "osm:relation:2051378", "type": "school", "name": "", "source": "OpenStreetMap/Overpass"}}, {"type": "Feature", "geometry": {"type": "Point", "coordinates": [8.6345495, 51.991878]}, "properties": {"id": "osm:relation:4456287", "type": "kindergarten", "name": "", "source": "OpenStreetMap/Overpass"}}, {"type": "Feature", "geometry": {"type": "Point", "coordinates": [8.6629564, 52.1099907]}, "properties": {"id": "osm:relation:12602762", "type": "school", "name": "Anna-Siemsen-Berufskolleg", "source": "OpenStreetMap/Overpass"}}, {"type": "Feature", "geometry": {"type": "Point", "coordinates": [8.567693, 52.0206631]}, "properties": {"id": "osm:relation:17764103", "type": "school", "name": "Grundschule Sieker", "source": "OpenStreetMap/Overpass"}}]}
