{"type": "FeatureCollection", "features": [{"type": "Feature", "geometry": {"type": "Point", "coordinates": [7.1913079, 51.2729079]}, "properties": {"id": "osm:node:280973678", "type": "school", "name": "Bernhard-Letterhaus-Schule", "source": "OpenStreetMap/Overpass"}}, {"type": "Feature", "geometry": {"type": "Point", "coordinates": [7.0901993, 51.1689283]}, "properties": {"id": "osm:node:283253819", "type": "school", "name": "Gymnasium Schwertstraße", "source": "OpenStreetMap/Overpass"}}, {"type": "Feature", "geometry": {"type": "Point", "coordinates": [7.0315273, 51.2755136]}, "properties": {"id": "osm:node:313582903", "type": "school", "name": "Lindenschule", "source": "OpenStreetMap/Overpass"}}, {"type": "Feature", "geometry": {"type": "Point", "coordinates": [7.0803663, 51.2312019]}, "properties": {"id": "osm:node:314665926", "type": "school", "name": "Gymnasium Vohwinkel", "source": "OpenStreetMap/Overpass"}}, {"type": "Feature", "geometry": {"type": "Point", "coordinates": [7.1548221, 51.2649849]}, "properties": {"id": "osm:node:391290708", "type": "school", "name": "Grundschule", "source": "OpenStreetMap/Overpass"}}, {"type": "Feature", "geometry": {"type": "Point", "coordinates": [7.1288299, 51.2096601]}, "properties": {"id": "osm:node:410365910", "type": "school", "name": "Gemeinschaftsschule Hütterbusch, Grundschule", "source": "OpenStreetMap/Overpass"}}, {"type": "Feature", "geometry": {"type": "Point", "coordinates": [7.0658577, 51.225699]}, "properties": {"id": "osm:node:420579802", "type": "kindergarten", "name": "", "source": "OpenStreetMap/Overpass"}}, {"type": "Feature", "geometry": {"type": "Point", "coordinates": [7.0680186, 51.2287509]}, "properties": {"id": "osm:node:475016905", "type": "kindergarten", "name": "", "source": "OpenStreetMap/Overpass"}}, {"type": "Feature", "geometry": {"type": "Point", "coordinates": [7.0800433, 51.2305983]}, "properties": {"id": "osm:node:504629217", "type": "school", "name": "Grundschule am Nocken", "source": "OpenStreetMap/Overpass"}}, {"type": "Feature", "geometry": {"type": "Point", "coordinates": [7.1410989, 51.2468154]}, "properties": {"id": "osm:node:506811120", "type": "kindergarten", "name": "", "source": "OpenStreetMap/Overpass"}}, {"type": "Feature", "geometry": {"type": "Point", "coordinates": [7.1587355, 51.1742273]}, "properties": {"id": "osm:node:1144632185", "type": "school", "name": "Schlagzeugschule Feel The Beat", "source": "OpenStreetMap/Overpass"}}, {"type": "Feature", "geometry": {"type": "Point", "coordinates": [7.290526, 51.3118003]}, "properties": {"id": "osm:node:1380133555", "type": "kindergarten", "name": "DRK Kindergarten", "source": "OpenStreetMap/Overpass"}}, {"type": "Feature", "geometry": {"type": "Point", "coordinates": [7.3003394, 51.2839328]}, "properties": {"id": "osm:node:1391552402", "type": "kindergarten", "name": "Kindergarten Kiefernweg", "source": "OpenStreetMap/Overpass"}}, {"type": "Feature", "geometry": {"type": "Point", "coordinates": [7.1483742, 51.2663418]}, "properties": {"id": "osm:node:1439452303", "type": "school", "name": "Berufskolleg Elberfeld", "source": "OpenStreetMap/Overpass"}}, {"type": "Feature", "geometry": {"type": "Point", "coordinates": [7.3076758, 51.2476809]}, "properties": {"id": "osm:node:1488579434", "type": "kindergarten", "name": "Kindergarten Heide", "source": "OpenStreetMap/Overpass"}}, {"type": "Feature", "geometry": {"type": "Point", "coordinates": [7.1297422, 51.2452954]}, "properties": {"id": "osm:node:1654148583", "type": "kindergarten", "name": "Kita Trollhaus e. V.", "source": "OpenStreetMap/Overpass"}}, {"type": "Feature", "geometry": {"type": "Point", "coordinates": [7.1493929, 51.26398]}, "properties": {"id": "osm:node:1770301102", "type": "kindergarten", "name": "Städt. Tageseinrichtung für Kinder, Flensburger Straße 39", "source": "OpenStreetMap/Overpass"}}, {"type": "Feature", "geometry": {"type": "Point", "coordinates": [7.2610429, 51.1928149]}, "properties": {"id": "osm:node:1883588473", "type": "kindergarten", "name": "Ev. Kindertageseinrichtung Albrecht-Thaer-Straße", "source": "OpenStreetMap/Overpass"}}, {"type": "Feature", "geometry": {"type": "Point", "coordinates": [7.1604845, 51.2538945]}, "properties": {"id": "osm:node:1894643841", "type": "kindergarten", "name": "Städtische Tageseinrichtung für Kinder, Wormser Straße", "source": "OpenStreetMap/Overpass"}}, {"type": "Feature", "geometry": {"type": "Point", "coordinates": [7.256726, 51.27795]}, "properties": {"id": "osm:node:2091206044", "type": "kindergarten", "name": "Kindergarten Regenbogen", "source": "OpenStreetMap/Overpass"}}, {"type": "Feature", "geometry": {"type": "Point", "coordinates": [7.2984496, 51.279667]}, "properties": {"id": "osm:node:2149038003", "type": "kindergarten", "name": "AWO - Kita Grothestraße 2", "source": "OpenStreetMap/Overpass"}}, {"type": "Feature", "geometry": {"type": "Point", "coordinates": [7.142451, 51.2603456]}, "properties": {"id": "osm:node:2276782319", "type": "kindergarten", "name": "Rotznasen e. V.", "source": "OpenStreetMap/Overpass"}}, {"type": "Feature", "geometry": {"type": "Point", "coordinates": [7.1286272, 51.2681933]}, "properties": {"id": "osm:node:2288850750", "type": "kindergarten", "name": "Bethesda-Kita", "source": "OpenStreetMap/Overpass"}}, {"type": "Feature", "geometry": {"type": "Point", "coordinates": [7.1356953, 51.2514485]}, "properties": {"id": "osm:node:2375492882", "type": "kindergarten", "name": "MontessoriFrühpädagogik Wuppertal e.V.", "source": "OpenStreetMap/Overpass"}}, {"type": "Feature", "geometry": {"type": "Point", "coordinates": [7.1308566, 51.2484735]}, "properties": {"id": "osm:node:2375501087", "type": "kindergarten", "name": "Wuppertaler Wühlmäuse", "source": "OpenStreetMap/Overpass"}}, {"type": "Feature", "geometry": {"type": "Point", "coordinates": [7.1673859, 51.2604026]}, "properties": {"id": "osm:node:2397196614", "type": "kindergarten", "name": "", "source": "OpenStreetMap/Overpass"}}, {"type": "Feature", "geometry": {"type": "Point", "coordinates": [7.1500341, 51.2649249]}, "properties": {"id": "osm:node:2427761463", "type": "kindergarten", "name": "Kindergarten Nachbarschaftsheim", "source": "OpenStreetMap/Overpass"}}, {"type": "Feature", "geometry": {"type": "Point", "coordinates": [7.0716359, 51.2297044]}, "properties": {"id": "osm:node:2477944800", "type": "kindergarten", "name": "", "source": "OpenStreetMap/Overpass"}}, {"type": "Feature", "geometry": {"type": "Point", "coordinates": [7.029015, 51.2749742]}, "properties": {"id": "osm:node:2869190923", "type": "school", "name": "", "source": "OpenStreetMap/Overpass"}}, {"type": "Feature", "geometry": {"type": "Point", "coordinates": [7.0616771, 51.1862461]}, "properties": {"id": "osm:node:2979014780", "type": "school", "name": "Realschule Vogelsang", "source": "OpenStreetMap/Overpass"}}, {"type": "Feature", "geometry": {"type": "Point", "coordinates": [7.1568257, 51.282777]}, "properties": {"id": "osm:node:3075713157", "type": "school", "name": "Schule am Nordpark, Teilstandort Röttgen", "source": "OpenStreetMap/Overpass"}}, {"type": "Feature", "geometry": {"type": "Point", "coordinates": [7.2606808, 51.1926291]}, "properties": {"id": "osm:node:3197053526", "type": "kindergarten", "name": "Kinderhaus Westerholt", "source": "OpenStreetMap/Overpass"}}, {"type": "Feature", "geometry": {"type": "Point", "coordinates": [7.1416524, 51.2311026]}, "properties": {"id": "osm:node:3259390137", "type": "school", "name": "Friedrich-Bayer-Realschule", "source": "OpenStreetMap/Overpass"}}, {"type": "Feature", "geometry": {"type": "Point", "coordinates": [7.2006921, 51.1784044]}, "properties": {"id": "osm:node:3354404116", "type": "kindergarten", "name": "SpatzenNest", "source": "OpenStreetMap/Overpass"}}, {"type": "Feature", "geometry": {"type": "Point", "coordinates": [7.2574859, 51.1912165]}, "properties": {"id": "osm:node:3594801998", "type": "school", "name": "Tanzetage", "source": "OpenStreetMap/Overpass"}}, {"type": "Feature", "geometry": {"type": "Point", "coordinates": [7.2299893, 51.1812696]}, "properties": {"id": "osm:node:3812846511", "type": "school", "name": "Berufsbildungszentrum der Industrie", "source": "OpenStreetMap/Overpass"}}, {"type": "Feature", "geometry": {"type": "Point", "coordinates": [7.0892036, 51.2854881]}, "properties": {"id": "osm:node:4062915264", "type": "school", "name": "Förderschule Bergische Diakonie Aprath", "source": "OpenStreetMap/Overpass"}}, {"type": "Feature", "geometry": {"type": "Point", "coordinates": [7.1985307, 51.2253578]}, "properties": {"id": "osm:node:4255516065", "type": "kindergarten", "name": "Kindergarten St. Joseph", "source": "OpenStreetMap/Overpass"}}, {"type": "Feature", "geometry": {"type": "Point", "coordinates": [7.1500249, 51.2804315]}, "properties": {"id": "osm:node:4290685411", "type": "kindergarten", "name": "Kita Tfk Kohlstraße", "source": "OpenStreetMap/Overpass"}}, {"type": "Feature", "geometry": {"type": "Point", "coordinates": [7.083701, 51.1665948]}, "properties": {"id": "osm:node:4625621492", "type": "school", "name": "ChorAkademie Bergisch-Land e. V.", "source": "OpenStreetMap/Overpass"}}, {"type": "Feature", "geometry": {"type": "Point", "coordinates": [7.1952739, 51.2708827]}, "properties": {"id": "osm:node:4775143999", "type": "kindergarten", "name": "Kindertagesstätte St. Antonius", "source": "OpenStreetMap/Overpass"}}, {"type": "Feature", "geometry": {"type": "Point", "coordinates": [7.1500122, 51.2645844]}, "properties": {"id": "osm:node:4833375325", "type": "kindergarten", "name": "Ev. Kindergarten Platz der Republik", "source": "OpenStreetMap/Overpass"}}, {"type": "Feature", "geometry": {"type": "Point", "coordinates": [7.15159, 51.2593082]}, "properties": {"id": "osm:node:4895026513", "type": "kindergarten", "name": "Kindertagesstätte „Köttelsladen“ e. V.", "source": "OpenStreetMap/Overpass"}}, {"type": "Feature", "geometry": {"type": "Point", "coordinates": [7.1421953, 51.2623568]}, "properties": {"id": "osm:node:5637917655", "type": "kindergarten", "name": "Herz Jesu", "source": "OpenStreetMap/Overpass"}}, {"type": "Feature", "geometry": {"type": "Point", "coordinates": [7.2521675, 51.2946102]}, "properties": {"id": "osm:node:5836476133", "type": "kindergarten", "name": "Betriebskindergarten Schmersal-Minis", "source": "OpenStreetMap/Overpass"}}, {"type": "Feature", "geometry": {"type": "Point", "coordinates": [7.0616689, 51.2324874]}, "properties": {"id": "osm:node:6022707987", "type": "childcare", "name": "", "source": "OpenStreetMap/Overpass"}}, {"type": "Feature", "geometry": {"type": "Point", "coordinates": [7.1967693, 51.2943251]}, "properties": {"id": "osm:node:6037140754", "type": "childcare", "name": "", "source": "OpenStreetMap/Overpass"}}, {"type": "Feature", "geometry": {"type": "Point", "coordinates": [7.1784063, 51.2691715]}, "properties": {"id": "osm:node:6098063071", "type": "childcare", "name": "Anni's Wunderland", "source": "OpenStreetMap/Overpass"}}, {"type": "Feature", "geometry": {"type": "Point", "coordinates": [7.160112, 51.2797129]}, "properties": {"id": "osm:node:6430204718", "type": "kindergarten", "name": "Muckelmäuse e.V.", "source": "OpenStreetMap/Overpass"}}, {"type": "Feature", "geometry": {"type": "Point", "coordinates": [7.1964251, 51.2689024]}, "properties": {"id": "osm:node:7214052287", "type": "childcare", "name": "Die Löwenkinder", "source": "OpenStreetMap/Overpass"}}, {"type": "Feature", "geometry": {"type": "Point", "coordinates": [7.2215541, 51.2870042]}, "properties": {"id": "osm:node:7323789751", "type": "kindergarten", "name": "Zwergenreich Königsberger Höfe", "source": "OpenStreetMap/Overpass"}}, {"type": "Feature", "geometry": {"type": "Point", "coordinates": [7.0928262, 51.1668415]}, "properties": {"id": "osm:node:8409655820", "type": "school", "name": "Theodor-Heuss-Schule", "source": "OpenStreetMap/Overpass"}}, {"type": "Feature", "geometry": {"type": "Point", "coordinates": [7.0819464, 51.1658838]}, "properties": {"id": "osm:node:8535747907", "type": "school", "name": "Bergische VHS", "source": "OpenStreetMap/Overpass"}}, {"type": "Feature", "geometry": {"type": "Point", "coordinates": [7.179232, 51.1873638]}, "properties": {"id": "osm:node:8682518876", "type": "kindergarten", "name": "KiTa St. Marien (FZ \"Im Park\")", "source": "OpenStreetMap/Overpass"}}, {"type": "Feature", "geometry": {"type": "Point", "coordinates": [7.1797315, 51.2682836]}, "properties": {"id": "osm:node:8730829220", "type": "childcare", "name": "Löwenherz", "source": "OpenStreetMap/Overpass"}}, {"type": "Feature", "geometry": {"type": "Point", "coordinates": [7.1416523, 51.2305979]}, "properties": {"id": "osm:node:8919810142", "type": "school", "name": "Carl-Fuhlrott-Gymnasium", "source": "OpenStreetMap/Overpass"}}, {"type": "Feature", "geometry": {"type": "Point", "coordinates": [7.1773201, 51.2773159]}, "properties": {"id": "osm:node:9274993131", "type": "kindergarten", "name": "Zaubersterne", "source": "OpenStreetMap/Overpass"}}, {"type": "Feature", "geometry": {"type": "Point", "coordinates": [7.2174119, 51.2624245]}, "properties": {"id": "osm:node:9465728819", "type": "kindergarten", "name": "Waldkindergarten Wuppertal", "source": "OpenStreetMap/Overpass"}}, {"type": "Feature", "geometry": {"type": "Point", "coordinates": [7.1938633, 51.2710994]}, "properties": {"id": "osm:node:9509070565", "type": "kindergarten", "name": "Städt. Kita Oberdörnen", "source": "OpenStreetMap/Overpass"}}, {"type": "Feature", "geometry": {"type": "Point", "coordinates": [7.1311328, 51.2627533]}, "properties": {"id": "osm:node:9559033135", "type": "kindergarten", "name": "Städt. Kita Bayreuther Straße", "source": "OpenStreetMap/Overpass"}}, {"type": "Feature", "geometry": {"type": "Point", "coordinates": [7.1921722, 51.2801263]}, "properties": {"id": "osm:node:10253104617", "type": "childcare", "name": "Integrative Kindertagesstätte Hokus Pokus e.V.", "source": "OpenStreetMap/Overpass"}}, {"type": "Feature", "geometry": {"type": "Point", "coordinates": [7.1425359, 51.273753]}, "properties": {"id": "osm:node:10261269405", "type": "school", "name": "Rettungsdienstakademie FRDS", "source": "OpenStreetMap/Overpass"}}, {"type": "Feature", "geometry": {"type": "Point", "coordinates": [7.1792186, 51.275366]}, "properties": {"id": "osm:node:10277407358", "type": "childcare", "name": "Monas Kinderkörbchen", "source": "OpenStreetMap/Overpass"}}, {"type": "Feature", "geometry": {"type": "Point", "coordinates": [7.0962158, 51.2996898]}, "properties": {"id": "osm:node:10725962015", "type": "childcare", "name": "Kindertagespflege Siepenzwerge", "source": "OpenStreetMap/Overpass"}}, {"type": "Feature", "geometry": {"type": "Point", "coordinates": [7.0957611, 51.297856]}, "properties": {"id": "osm:node:10725962016", "type": "childcare", "name": "Kindertagespflege Lillienkinder", "source": "OpenStreetMap/Overpass"}}, {"type": "Feature", "geometry": {"type": "Point", "coordinates": [7.2103263, 51.175019]}, "properties": {"id": "osm:node:11015187628", "type": "kindergarten", "name": "Tatjanas Mäusenest", "source": "OpenStreetMap/Overpass"}}, {"type": "Feature", "geometry": {"type": "Point", "coordinates": [7.2273989, 51.2704464]}, "properties": {"id": "osm:node:11055434079", "type": "childcare", "name": "Jenny's Pandabande", "source": "OpenStreetMap/Overpass"}}, {"type": "Feature", "geometry": {"type": "Point", "coordinates": [7.2188054, 51.278292]}, "properties": {"id": "osm:node:11088488505", "type": "childcare", "name": "Kindertagesstätte CVJM Oberbarmen", "source": "OpenStreetMap/Overpass"}}, {"type": "Feature", "geometry": {"type": "Point", "coordinates": [7.2197083, 51.277324]}, "properties": {"id": "osm:node:11088498005", "type": "childcare", "name": "Kindertagesstätte 2 CVJM Oberbarmen", "source": "OpenStreetMap/Overpass"}}, {"type": "Feature", "geometry": {"type": "Point", "coordinates": [7.188172, 51.2795275]}, "properties": {"id": "osm:node:11385401996", "type": "kindergarten", "name": "Großtagespflege Häschengrube", "source": "OpenStreetMap/Overpass"}}, {"type": "Feature", "geometry": {"type": "Point", "coordinates": [7.197981, 51.2807844]}, "properties": {"id": "osm:node:11385402010", "type": "kindergarten", "name": "Seifenblase", "source": "OpenStreetMap/Overpass"}}, {"type": "Feature", "geometry": {"type": "Point", "coordinates": [7.2934008, 51.2824273]}, "properties": {"id": "osm:node:11824748861", "type": "kindergarten", "name": "DRK Kindertagespflege „Sonnenkäfer“ und „Glückspilze“", "source": "OpenStreetMap/Overpass"}}, {"type": "Feature", "geometry": {"type": "Point", "coordinates": [7.2854595, 51.2988429]}, "properties": {"id": "osm:node:11824757551", "type": "kindergarten", "name": "Kindertagesstätte Hummelhaus", "source": "OpenStreetMap/Overpass"}}, {"type": "Feature", "geometry": {"type": "Point", "coordinates": [7.3075037, 51.2772486]}, "properties": {"id": "osm:node:11824805540", "type": "kindergarten", "name": "Kindertagespflege Zur Bunten Raupe", "source": "OpenStreetMap/Overpass"}}, {"type": "Feature", "geometry": {"type": "Point", "coordinates": [7.2990203, 51.2890542]}, "properties": {"id": "osm:node:11824813677", "type": "kindergarten", "name": "Kindertagespflege \"Puzzle\"", "source": "OpenStreetMap/Overpass"}}, {"type": "Feature", "geometry": {"type": "Point", "coordinates": [7.2931728, 51.3053249]}, "properties": {"id": "osm:node:11824821589", "type": "kindergarten", "name": "Kindertagespflege \"Die Pfiffikus Kids\"", "source": "OpenStreetMap/Overpass"}}, {"type": "Feature", "geometry": {"type": "Point", "coordinates": [7.2769069, 51.2763089]}, "properties": {"id": "osm:node:11824846470", "type": "kindergarten", "name": "Nadine Bulert Kindertagespflege", "source": "OpenStreetMap/Overpass"}}, {"type": "Feature", "geometry": {"type": "Point", "coordinates": [7.3000783, 51.2800103]}, "properties": {"id": "osm:node:11824847384", "type": "kindergarten", "name": "Kinderhaus Grashüpfer", "source": "OpenStreetMap/Overpass"}}, {"type": "Feature", "geometry": {"type": "Point", "coordinates": [7.3021397, 51.2891356]}, "properties": {"id": "osm:node:11828154740", "type": "kindergarten", "name": "Kindertagespflege Terborg", "source": "OpenStreetMap/Overpass"}}, {"type": "Feature", "geometry": {"type": "Point", "coordinates": [7.2944524, 51.2868601]}, "properties": {"id": "osm:node:11828572559", "type": "kindergarten", "name": "Kindertagesstätte \"Die Lokomotive\"", "source": "OpenStreetMap/Overpass"}}, {"type": "Feature", "geometry": {"type": "Point", "coordinates": [7.2991842, 51.2800093]}, "properties": {"id": "osm:node:11828594611", "type": "kindergarten", "name": "AWO - Kita Grothestraße 4", "source": "OpenStreetMap/Overpass"}}, {"type": "Feature", "geometry": {"type": "Point", "coordinates": [7.299749, 51.2900833]}, "properties": {"id": "osm:node:11829995727", "type": "childcare", "name": "", "source": "OpenStreetMap/Overpass"}}, {"type": "Feature", "geometry": {"type": "Point", "coordinates": [7.190157, 51.1821166]}, "properties": {"id": "osm:node:12025750051", "type": "kindergarten", "name": "Deutscher Kinderschutzbund Ortsverband Remscheid e.V. - Geschäftsstelle", "source": "OpenStreetMap/Overpass"}}, {"type": "Feature", "geometry": {"type": "Point", "coordinates": [7.1939704, 51.2639815]}, "properties": {"id": "osm:node:12090758863", "type": "childcare", "name": "Koba", "source": "OpenStreetMap/Overpass"}}, {"type": "Feature", "geometry": {"type": "Point", "coordinates": [7.1514193, 51.257473]}, "properties": {"id": "osm:node:12104610561", "type": "kindergarten", "name": "Wuppkids", "source": "OpenStreetMap/Overpass"}}, {"type": "Feature", "geometry": {"type": "Point", "coordinates": [7.3064185, 51.3010208]}, "properties": {"id": "osm:node:12487894463", "type": "kindergarten", "name": "KiTa am Brunnen", "source": "OpenStreetMap/Overpass"}}, {"type": "Feature", "geometry": {"type": "Point", "coordinates": [7.1903159, 51.2649665]}, "properties": {"id": "osm:node:12951729399", "type": "childcare", "name": "Großtagespflege \"Sonnenschein\"", "source": "OpenStreetMap/Overpass"}}, {"type": "Feature", "geometry": {"type": "Point", "coordinates": [7.1936958, 51.2736483]}, "properties": {"id": "osm:node:13462219049", "type": "school", "name": "", "source": "OpenStreetMap/Overpass"}}, {"type": "Feature", "geometry": {"type": "Point", "coordinates": [7.1803005, 51.2641283]}, "properties": {"id": "osm:node:13516644366", "type": "childcare", "name": "Raupe zum Schmetterling", "source": "OpenStreetMap/Overpass"}}, {"type": "Feature", "geometry": {"type": "Point", "coordinates": [7.2426389, 51.2759401]}, "properties": {"id": "osm:node:13567151322", "type": "kindergarten", "name": "Kita Troxler-Haus Wuppertal e.V.", "source": "OpenStreetMap/Overpass"}}, {"type": "Feature", "geometry": {"type": "Point", "coordinates": [7.1355689, 51.2530696]}, "properties": {"id": "osm:way:10087797", "type": "school", "name": "St. Laurentius-Schule", "source": "OpenStreetMap/Overpass"}}, {"type": "Feature", "geometry": {"type": "Point", "coordinates": [7.1829984, 51.2580245]}, "properties": {"id": "osm:way:24408609", "type": "school", "name": "", "source": "OpenStreetMap/Overpass"}}, {"type": "Feature", "geometry": {"type": "Point", "coordinates": [7.1651007, 51.2590168]}, "properties": {"id": "osm:way:24466487", "type": "school", "name": "Gewerbliche-Schulen I", "source": "OpenStreetMap/Overpass"}}, {"type": "Feature", "geometry": {"type": "Point", "coordinates": [7.146393, 51.2641272]}, "properties": {"id": "osm:way:24510697", "type": "school", "name": "Realschule Neue Friedrichstraße", "source": "OpenStreetMap/Overpass"}}, {"type": "Feature", "geometry": {"type": "Point", "coordinates": [7.1511109, 51.2615249]}, "properties": {"id": "osm:way:24521588", "type": "school", "name": "Else-Lasker-Schüler Gesamtschule", "source": "OpenStreetMap/Overpass"}}, {"type": "Feature", "geometry": {"type": "Point", "coordinates": [7.1523069, 51.2524331]}, "properties": {"id": "osm:way:24533929", "type": "school", "name": "Grundschule Distelbeck", "source": "OpenStreetMap/Overpass"}}, {"type": "Feature", "geometry": {"type": "Point", "coordinates": [7.221043, 51.2697377]}, "properties": {"id": "osm:way:24569577", "type": "school", "name": "Grundschule Meyerstraße", "source": "OpenStreetMap/Overpass"}}, {"type": "Feature", "geometry": {"type": "Point", "coordinates": [7.1824603, 51.2593755]}, "properties": {"id": "osm:way:24848903", "type": "school", "name": "Rudolf-Steiner-Schule", "source": "OpenStreetMap/Overpass"}}, {"type": "Feature", "geometry": {"type": "Point", "coordinates": [7.1716844, 51.2731844]}, "properties": {"id": "osm:way:26315881", "type": "school", "name": "HELIOS Bildungszentrum", "source": "OpenStreetMap/Overpass"}}, {"type": "Feature", "geometry": {"type": "Point", "coordinates": [7.0805769, 51.3037988]}, "properties": {"id": "osm:way:30487907", "type": "school", "name": "Gesamtschule Velbert-Neviges", "source": "OpenStreetMap/Overpass"}}, {"type": "Feature", "geometry": {"type": "Point", "coordinates": [7.1916538, 51.1723869]}, "properties": {"id": "osm:way:31985555", "type": "kindergarten", "name": "Kindergarten Blumental", "source": "OpenStreetMap/Overpass"}}, {"type": "Feature", "geometry": {"type": "Point", "coordinates": [7.1137681, 51.2791799]}, "properties": {"id": "osm:way:32897733", "type": "school", "name": "GGS Birkenhöhe", "source": "OpenStreetMap/Overpass"}}, {"type": "Feature", "geometry": {"type": "Point", "coordinates": [7.2190049, 51.1820556]}, "properties": {"id": "osm:way:33460095", "type": "school", "name": "Sophie-Scholl-Gesamtschule", "source": "OpenStreetMap/Overpass"}}, {"type": "Feature", "geometry": {"type": "Point", "coordinates": [7.1530603, 51.2681149]}, "properties": {"id": "osm:way:33545202", "type": "school", "name": "Grundschule Opphofer Straße", "source": "OpenStreetMap/Overpass"}}, {"type": "Feature", "geometry": {"type": "Point", "coordinates": [7.2212272, 51.2778308]}, "properties": {"id": "osm:way:34393273", "type": "school", "name": "Schulzentrum Ost", "source": "OpenStreetMap/Overpass"}}, {"type": "Feature", "geometry": {"type": "Point", "coordinates": [7.1869882, 51.1791408]}, "properties": {"id": "osm:way:34965332", "type": "school", "name": "Albert-Einstein-Schule", "source": "OpenStreetMap/Overpass"}}, {"type": "Feature", "geometry": {"type": "Point", "coordinates": [7.1846077, 51.179206]}, "properties": {"id": "osm:way:34965333", "type": "school", "name": "Albert-Einstein-Schule", "source": "OpenStreetMap/Overpass"}}, {"type": "Feature", "geometry": {"type": "Point", "coordinates": [7.1816351, 51.1789615]}, "properties": {"id": "osm:way:35146973", "type": "school", "name": "Käthe Kolwitz Berufskolleg", "source": "OpenStreetMap/Overpass"}}, {"type": "Feature", "geometry": {"type": "Point", "coordinates": [7.181019, 51.1789103]}, "properties": {"id": "osm:way:35146974", "type": "school", "name": "Käthe Kolwitz Berufskolleg", "source": "OpenStreetMap/Overpass"}}, {"type": "Feature", "geometry": {"type": "Point", "coordinates": [7.1788302, 51.1822087]}, "properties": {"id": "osm:way:35146981", "type": "school", "name": "Karl-Kind-Schule", "source": "OpenStreetMap/Overpass"}}, {"type": "Feature", "geometry": {"type": "Point", "coordinates": [7.1697783, 51.1811448]}, "properties": {"id": "osm:way:35147197", "type": "school", "name": "Alexander-von-Humboldt Realschule", "source": "OpenStreetMap/Overpass"}}, {"type": "Feature", "geometry": {"type": "Point", "coordinates": [7.229358, 51.180681]}, "properties": {"id": "osm:way:35321489", "type": "school", "name": "Lehrwerkstatt", "source": "OpenStreetMap/Overpass"}}, {"type": "Feature", "geometry": {"type": "Point", "coordinates": [7.2113788, 51.1733203]}, "properties": {"id": "osm:way:35326553", "type": "school", "name": "Heinrich-Neumann-Schule", "source": "OpenStreetMap/Overpass"}}, {"type": "Feature", "geometry": {"type": "Point", "coordinates": [7.1710423, 51.1695957]}, "properties": {"id": "osm:way:35416526", "type": "school", "name": "Käthe-Kollwitz Berufskolleg Dependance Kremenholl", "source": "OpenStreetMap/Overpass"}}, {"type": "Feature", "geometry": {"type": "Point", "coordinates": [7.2769336, 51.2005746]}, "properties": {"id": "osm:way:35817198", "type": "school", "name": "", "source": "OpenStreetMap/Overpass"}}, {"type": "Feature", "geometry": {"type": "Point", "coordinates": [7.2783483, 51.2013101]}, "properties": {"id": "osm:way:35817203", "type": "kindergarten", "name": "", "source": "OpenStreetMap/Overpass"}}, {"type": "Feature", "geometry": {"type": "Point", "coordinates": [7.2749385, 51.195334]}, "properties": {"id": "osm:way:35817204", "type": "kindergarten", "name": "", "source": "OpenStreetMap/Overpass"}}, {"type": "Feature", "geometry": {"type": "Point", "coordinates": [7.1730831, 51.1701245]}, "properties": {"id": "osm:way:36782767", "type": "kindergarten", "name": "", "source": "OpenStreetMap/Overpass"}}, {"type": "Feature", "geometry": {"type": "Point", "coordinates": [7.1880153, 51.2639219]}, "properties": {"id": "osm:way:37896411", "type": "school", "name": "Hauptschule", "source": "OpenStreetMap/Overpass"}}, {"type": "Feature", "geometry": {"type": "Point", "coordinates": [7.1874716, 51.2641732]}, "properties": {"id": "osm:way:37896416", "type": "school", "name": "Ganztagsgymnasium Johannes Rau", "source": "OpenStreetMap/Overpass"}}, {"type": "Feature", "geometry": {"type": "Point", "coordinates": [7.1864491, 51.2673124]}, "properties": {"id": "osm:way:38657458", "type": "school", "name": "Gesamtschule Barmen", "source": "OpenStreetMap/Overpass"}}, {"type": "Feature", "geometry": {"type": "Point", "coordinates": [7.173721, 51.2682361]}, "properties": {"id": "osm:way:38870264", "type": "school", "name": "Grundschule Rudolfstraße", "source": "OpenStreetMap/Overpass"}}, {"type": "Feature", "geometry": {"type": "Point", "coordinates": [7.1727958, 51.1854036]}, "properties": {"id": "osm:way:39700191", "type": "school", "name": "", "source": "OpenStreetMap/Overpass"}}, {"type": "Feature", "geometry": {"type": "Point", "coordinates": [7.0660685, 51.2251567]}, "properties": {"id": "osm:way:40983285", "type": "school", "name": "Städtische Katholische Grundschule Corneliusstraße", "source": "OpenStreetMap/Overpass"}}, {"type": "Feature", "geometry": {"type": "Point", "coordinates": [7.0797323, 51.2305747]}, "properties": {"id": "osm:way:41274768", "type": "school", "name": "Schulzentrum West", "source": "OpenStreetMap/Overpass"}}, {"type": "Feature", "geometry": {"type": "Point", "coordinates": [7.0669038, 51.2339296]}, "properties": {"id": "osm:way:46614793", "type": "kindergarten", "name": "", "source": "OpenStreetMap/Overpass"}}, {"type": "Feature", "geometry": {"type": "Point", "coordinates": [7.152871, 51.2557627]}, "properties": {"id": "osm:way:47148050", "type": "school", "name": "Berufskolleg Elberfeld", "source": "OpenStreetMap/Overpass"}}, {"type": "Feature", "geometry": {"type": "Point", "coordinates": [7.0704946, 51.2378418]}, "properties": {"id": "osm:way:51411357", "type": "school", "name": "", "source": "OpenStreetMap/Overpass"}}, {"type": "Feature", "geometry": {"type": "Point", "coordinates": [7.073011, 51.2379416]}, "properties": {"id": "osm:way:57796281", "type": "kindergarten", "name": "Städt. KiTa Tescher Straße", "source": "OpenStreetMap/Overpass"}}, {"type": "Feature", "geometry": {"type": "Point", "coordinates": [7.1917709, 51.1883512]}, "properties": {"id": "osm:way:58529036", "type": "school", "name": "Steinberger Grundschule", "source": "OpenStreetMap/Overpass"}}, {"type": "Feature", "geometry": {"type": "Point", "coordinates": [7.1920098, 51.188161]}, "properties": {"id": "osm:way:58529159", "type": "school", "name": "", "source": "OpenStreetMap/Overpass"}}, {"type": "Feature", "geometry": {"type": "Point", "coordinates": [7.1940701, 51.1811364]}, "properties": {"id": "osm:way:58529568", "type": "school", "name": "Villa Böker", "source": "OpenStreetMap/Overpass"}}, {"type": "Feature", "geometry": {"type": "Point", "coordinates": [7.1124936, 51.2385979]}, "properties": {"id": "osm:way:76156941", "type": "school", "name": "Grünes Klassenzimmer", "source": "OpenStreetMap/Overpass"}}, {"type": "Feature", "geometry": {"type": "Point", "coordinates": [7.0300719, 51.2846347]}, "properties": {"id": "osm:way:83932413", "type": "school", "name": "Schule am Berg - Städt. Sekundarschule Wülfrath", "source": "OpenStreetMap/Overpass"}}, {"type": "Feature", "geometry": {"type": "Point", "coordinates": [7.0776148, 51.2094216]}, "properties": {"id": "osm:way:87442387", "type": "school", "name": "Zentralfachschule der deutschen Süßwarenwirtschaft e.V.", "source": "OpenStreetMap/Overpass"}}, {"type": "Feature", "geometry": {"type": "Point", "coordinates": [7.2612437, 51.1945863]}, "properties": {"id": "osm:way:87535952", "type": "kindergarten", "name": "Familienzentrum BonaVentura", "source": "OpenStreetMap/Overpass"}}, {"type": "Feature", "geometry": {"type": "Point", "coordinates": [7.2526892, 51.1949222]}, "properties": {"id": "osm:way:87536056", "type": "kindergarten", "name": "", "source": "OpenStreetMap/Overpass"}}, {"type": "Feature", "geometry": {"type": "Point", "coordinates": [7.2612821, 51.1932804]}, "properties": {"id": "osm:way:89020075", "type": "school", "name": "Freiherr-vom-Stein-Schule", "source": "OpenStreetMap/Overpass"}}, {"type": "Feature", "geometry": {"type": "Point", "coordinates": [7.2607542, 51.1936124]}, "properties": {"id": "osm:way:89020160", "type": "school", "name": "Freiherr-vom-Stein-Schule", "source": "OpenStreetMap/Overpass"}}, {"type": "Feature", "geometry": {"type": "Point", "coordinates": [7.2677596, 51.1937791]}, "properties": {"id": "osm:way:89085308", "type": "school", "name": "Röntgen-Gymnasium", "source": "OpenStreetMap/Overpass"}}, {"type": "Feature", "geometry": {"type": "Point", "coordinates": [7.2568859, 51.1879843]}, "properties": {"id": "osm:way:89698282", "type": "school", "name": "Katholische Grundschule Franziskus", "source": "OpenStreetMap/Overpass"}}, {"type": "Feature", "geometry": {"type": "Point", "coordinates": [7.2560703, 51.187316]}, "properties": {"id": "osm:way:89826561", "type": "school", "name": "", "source": "OpenStreetMap/Overpass"}}, {"type": "Feature", "geometry": {"type": "Point", "coordinates": [7.1288295, 51.2096399]}, "properties": {"id": "osm:way:90138715", "type": "school", "name": "", "source": "OpenStreetMap/Overpass"}}, {"type": "Feature", "geometry": {"type": "Point", "coordinates": [7.1286423, 51.2095421]}, "properties": {"id": "osm:way:90138723", "type": "school", "name": "Grundschule Hütterbusch", "source": "OpenStreetMap/Overpass"}}, {"type": "Feature", "geometry": {"type": "Point", "coordinates": [7.1283898, 51.2099539]}, "properties": {"id": "osm:way:90138725", "type": "school", "name": "", "source": "OpenStreetMap/Overpass"}}, {"type": "Feature", "geometry": {"type": "Point", "coordinates": [7.0226454, 51.2007397]}, "properties": {"id": "osm:way:90178216", "type": "school", "name": "Grundschule Am Bollenberg", "source": "OpenStreetMap/Overpass"}}, {"type": "Feature", "geometry": {"type": "Point", "coordinates": [7.1398187, 51.2099439]}, "properties": {"id": "osm:way:90447291", "type": "kindergarten", "name": "kath. Kindergarten St.Ewalde", "source": "OpenStreetMap/Overpass"}}, {"type": "Feature", "geometry": {"type": "Point", "coordinates": [7.1547832, 51.2986531]}, "properties": {"id": "osm:way:90478303", "type": "school", "name": "Städtische Gemeinschaftsgrundschule", "source": "OpenStreetMap/Overpass"}}, {"type": "Feature", "geometry": {"type": "Point", "coordinates": [7.1544418, 51.2987192]}, "properties": {"id": "osm:way:90480340", "type": "school", "name": "Gemeinschaftsgrundschule Am Dönberg", "source": "OpenStreetMap/Overpass"}}, {"type": "Feature", "geometry": {"type": "Point", "coordinates": [7.1587479, 51.2962562]}, "properties": {"id": "osm:way:91453320", "type": "school", "name": "Tagesschule Dönberg", "source": "OpenStreetMap/Overpass"}}, {"type": "Feature", "geometry": {"type": "Point", "coordinates": [7.1589173, 51.295768]}, "properties": {"id": "osm:way:91453335", "type": "kindergarten", "name": "Kath. Kindergarten", "source": "OpenStreetMap/Overpass"}}, {"type": "Feature", "geometry": {"type": "Point", "coordinates": [7.1599051, 51.2963206]}, "properties": {"id": "osm:way:91577910", "type": "school", "name": "Kath. Grundschule Dönberg", "source": "OpenStreetMap/Overpass"}}, {"type": "Feature", "geometry": {"type": "Point", "coordinates": [7.163126, 51.2995079]}, "properties": {"id": "osm:way:91603885", "type": "kindergarten", "name": "", "source": "OpenStreetMap/Overpass"}}, {"type": "Feature", "geometry": {"type": "Point", "coordinates": [7.2896802, 51.2841729]}, "properties": {"id": "osm:way:92299331", "type": "kindergarten", "name": "Kindertagesstätte St. Marien", "source": "OpenStreetMap/Overpass"}}, {"type": "Feature", "geometry": {"type": "Point", "coordinates": [7.2791054, 51.284977]}, "properties": {"id": "osm:way:92709447", "type": "kindergarten", "name": "", "source": "OpenStreetMap/Overpass"}}, {"type": "Feature", "geometry": {"type": "Point", "coordinates": [7.2861906, 51.2866494]}, "properties": {"id": "osm:way:92730128", "type": "kindergarten", "name": "Familienzentrum Die Arche", "source": "OpenStreetMap/Overpass"}}, {"type": "Feature", "geometry": {"type": "Point", "coordinates": [7.2998949, 51.2857794]}, "properties": {"id": "osm:way:92867977", "type": "kindergarten", "name": "Familienzentrum Zamenhofweg", "source": "OpenStreetMap/Overpass"}}, {"type": "Feature", "geometry": {"type": "Point", "coordinates": [7.1530281, 51.2382111]}, "properties": {"id": "osm:way:93063040", "type": "kindergarten", "name": "Deutsch-Französischer Kindergarten", "source": "OpenStreetMap/Overpass"}}, {"type": "Feature", "geometry": {"type": "Point", "coordinates": [7.1515971, 51.2426212]}, "properties": {"id": "osm:way:93103220", "type": "kindergarten", "name": "Interessengemeinschaft Hochschulkindergarten e.V.", "source": "OpenStreetMap/Overpass"}}, {"type": "Feature", "geometry": {"type": "Point", "coordinates": [7.1651886, 51.2866313]}, "properties": {"id": "osm:way:93123403", "type": "school", "name": "Gemeinschaftsgrundschule Uellendahl", "source": "OpenStreetMap/Overpass"}}, {"type": "Feature", "geometry": {"type": "Point", "coordinates": [7.1576136, 51.2829009]}, "properties": {"id": "osm:way:93125216", "type": "school", "name": "Hauptschule Barmen-Südwest, Zweigstelle", "source": "OpenStreetMap/Overpass"}}, {"type": "Feature", "geometry": {"type": "Point", "coordinates": [7.0864075, 51.1998682]}, "properties": {"id": "osm:way:93773182", "type": "school", "name": "Städtische Gemeinschaftsgrundschule Yorckstraße Standort Ketzberg", "source": "OpenStreetMap/Overpass"}}, {"type": "Feature", "geometry": {"type": "Point", "coordinates": [7.0750842, 51.3092645]}, "properties": {"id": "osm:way:94083896", "type": "school", "name": "Gesamtschule Neviges", "source": "OpenStreetMap/Overpass"}}, {"type": "Feature", "geometry": {"type": "Point", "coordinates": [7.0642537, 51.3171898]}, "properties": {"id": "osm:way:94083898", "type": "school", "name": "Städtische Gemeinschaftsgrundschule Tönisheide", "source": "OpenStreetMap/Overpass"}}, {"type": "Feature", "geometry": {"type": "Point", "coordinates": [7.0673193, 51.3165661]}, "properties": {"id": "osm:way:94093529", "type": "kindergarten", "name": "Kindertagesstätte Unterm Regenbogen", "source": "OpenStreetMap/Overpass"}}, {"type": "Feature", "geometry": {"type": "Point", "coordinates": [7.0665199, 51.3163201]}, "properties": {"id": "osm:way:94093540", "type": "school", "name": "Städtische Gemeinschaftsgrundschule Tönisheide", "source": "OpenStreetMap/Overpass"}}, {"type": "Feature", "geometry": {"type": "Point", "coordinates": [7.3032289, 51.2835855]}, "properties": {"id": "osm:way:94204203", "type": "school", "name": "Gemeinschaftsgrundschule Ländchenweg", "source": "OpenStreetMap/Overpass"}}, {"type": "Feature", "geometry": {"type": "Point", "coordinates": [7.1640287, 51.2787996]}, "properties": {"id": "osm:way:94465431", "type": "school", "name": "", "source": "OpenStreetMap/Overpass"}}, {"type": "Feature", "geometry": {"type": "Point", "coordinates": [7.2900285, 51.2992285]}, "properties": {"id": "osm:way:96343909", "type": "kindergarten", "name": "", "source": "OpenStreetMap/Overpass"}}, {"type": "Feature", "geometry": {"type": "Point", "coordinates": [7.0724951, 51.2631842]}, "properties": {"id": "osm:way:97022708", "type": "school", "name": "Städtische Gemeinschaftsgrundschule Radenberg", "source": "OpenStreetMap/Overpass"}}, {"type": "Feature", "geometry": {"type": "Point", "coordinates": [7.3101304, 51.2136493]}, "properties": {"id": "osm:way:100966625", "type": "kindergarten", "name": "Ev. Kindergarten Radevormwald-Dahlhausen „Die Wuppermäuse“", "source": "OpenStreetMap/Overpass"}}, {"type": "Feature", "geometry": {"type": "Point", "coordinates": [7.1819148, 51.2578719]}, "properties": {"id": "osm:way:101029263", "type": "school", "name": "", "source": "OpenStreetMap/Overpass"}}, {"type": "Feature", "geometry": {"type": "Point", "coordinates": [7.1989376, 51.2818764]}, "properties": {"id": "osm:way:101807275", "type": "school", "name": "LVR Förderschule für körperlich-motorische Entwicklung Wuppertal", "source": "OpenStreetMap/Overpass"}}, {"type": "Feature", "geometry": {"type": "Point", "coordinates": [7.1290892, 51.2775124]}, "properties": {"id": "osm:way:103064601", "type": "school", "name": "", "source": "OpenStreetMap/Overpass"}}, {"type": "Feature", "geometry": {"type": "Point", "coordinates": [7.1379946, 51.2575769]}, "properties": {"id": "osm:way:104809581", "type": "school", "name": "Hauptschule Barmen-Südwest - Standort Gertrude", "source": "OpenStreetMap/Overpass"}}, {"type": "Feature", "geometry": {"type": "Point", "coordinates": [7.1355779, 51.261997]}, "properties": {"id": "osm:way:104827276", "type": "school", "name": "Schule für Lernbehinderte", "source": "OpenStreetMap/Overpass"}}, {"type": "Feature", "geometry": {"type": "Point", "coordinates": [7.1356826, 51.2618951]}, "properties": {"id": "osm:way:104827279", "type": "school", "name": "Schule für Lernbehinderte", "source": "OpenStreetMap/Overpass"}}, {"type": "Feature", "geometry": {"type": "Point", "coordinates": [7.1356195, 51.2621506]}, "properties": {"id": "osm:way:104827283", "type": "school", "name": "Schule für Lernbehinderte", "source": "OpenStreetMap/Overpass"}}, {"type": "Feature", "geometry": {"type": "Point", "coordinates": [7.137882, 51.2585703]}, "properties": {"id": "osm:way:105063368", "type": "school", "name": "Grundschule am Hombüchel", "source": "OpenStreetMap/Overpass"}}, {"type": "Feature", "geometry": {"type": "Point", "coordinates": [7.0557847, 51.261838]}, "properties": {"id": "osm:way:106276629", "type": "kindergarten", "name": "", "source": "OpenStreetMap/Overpass"}}, {"type": "Feature", "geometry": {"type": "Point", "coordinates": [7.0546331, 51.2627058]}, "properties": {"id": "osm:way:106276771", "type": "kindergarten", "name": "", "source": "OpenStreetMap/Overpass"}}, {"type": "Feature", "geometry": {"type": "Point", "coordinates": [7.0328587, 51.1834877]}, "properties": {"id": "osm:way:112953679", "type": "kindergarten", "name": "Kindertagesstätte Dürerstraße e.V. Solingen Wald", "source": "OpenStreetMap/Overpass"}}, {"type": "Feature", "geometry": {"type": "Point", "coordinates": [7.0217503, 51.1758538]}, "properties": {"id": "osm:way:113039571", "type": "school", "name": "Grundschule Sternstraße", "source": "OpenStreetMap/Overpass"}}, {"type": "Feature", "geometry": {"type": "Point", "coordinates": [7.0720439, 51.1777342]}, "properties": {"id": "osm:way:113570281", "type": "kindergarten", "name": "Montessori Kindergarten St. Engelbert", "source": "OpenStreetMap/Overpass"}}, {"type": "Feature", "geometry": {"type": "Point", "coordinates": [7.0867271, 51.313789]}, "properties": {"id": "osm:way:115770254", "type": "kindergarten", "name": "Katholischer Kindergarten St. Mariä Empfängnis", "source": "OpenStreetMap/Overpass"}}, {"type": "Feature", "geometry": {"type": "Point", "coordinates": [7.0907889, 51.3110793]}, "properties": {"id": "osm:way:115771676", "type": "kindergarten", "name": "Das Kinderreich", "source": "OpenStreetMap/Overpass"}}, {"type": "Feature", "geometry": {"type": "Point", "coordinates": [7.0826523, 51.3129008]}, "properties": {"id": "osm:way:122101217", "type": "school", "name": "Evangelische Grundschule Velbert-Neviges", "source": "OpenStreetMap/Overpass"}}, {"type": "Feature", "geometry": {"type": "Point", "coordinates": [7.102048, 51.3045308]}, "properties": {"id": "osm:way:122111323", "type": "school", "name": "Katholische Grundschule Velbert-Neviges", "source": "OpenStreetMap/Overpass"}}, {"type": "Feature", "geometry": {"type": "Point", "coordinates": [7.2243902, 51.2684853]}, "properties": {"id": "osm:way:122400018", "type": "kindergarten", "name": "Städtischer Kindergarten", "source": "OpenStreetMap/Overpass"}}, {"type": "Feature", "geometry": {"type": "Point", "coordinates": [7.0508366, 51.2846009]}, "properties": {"id": "osm:way:122584792", "type": "kindergarten", "name": "", "source": "OpenStreetMap/Overpass"}}, {"type": "Feature", "geometry": {"type": "Point", "coordinates": [7.0265663, 51.2826451]}, "properties": {"id": "osm:way:123648200", "type": "kindergarten", "name": "Arche Noah", "source": "OpenStreetMap/Overpass"}}, {"type": "Feature", "geometry": {"type": "Point", "coordinates": [7.0304197, 51.2847488]}, "properties": {"id": "osm:way:123649182", "type": "school", "name": "Schule am Berg - Städtische Sekundarschule Wülfrath", "source": "OpenStreetMap/Overpass"}}, {"type": "Feature", "geometry": {"type": "Point", "coordinates": [7.0293104, 51.2843206]}, "properties": {"id": "osm:way:123760022", "type": "school", "name": "", "source": "OpenStreetMap/Overpass"}}, {"type": "Feature", "geometry": {"type": "Point", "coordinates": [7.0316883, 51.1862536]}, "properties": {"id": "osm:way:128199590", "type": "school", "name": "", "source": "OpenStreetMap/Overpass"}}, {"type": "Feature", "geometry": {"type": "Point", "coordinates": [7.078926, 51.1761409]}, "properties": {"id": "osm:way:129560758", "type": "school", "name": "Friedrich-List-Berufskolleg", "source": "OpenStreetMap/Overpass"}}, {"type": "Feature", "geometry": {"type": "Point", "coordinates": [7.1730978, 51.2600906]}, "properties": {"id": "osm:way:129737383", "type": "childcare", "name": "Tagesgruppen", "source": "OpenStreetMap/Overpass"}}, {"type": "Feature", "geometry": {"type": "Point", "coordinates": [7.1743984, 51.2605791]}, "properties": {"id": "osm:way:129741359", "type": "school", "name": "Christian-Morgenstern-Schule Wuppertal", "source": "OpenStreetMap/Overpass"}}, {"type": "Feature", "geometry": {"type": "Point", "coordinates": [7.1018947, 51.3061872]}, "properties": {"id": "osm:way:129990551", "type": "kindergarten", "name": "Kindertagesstätte Adalbert-Stifter-Straße", "source": "OpenStreetMap/Overpass"}}, {"type": "Feature", "geometry": {"type": "Point", "coordinates": [7.2097465, 51.1711687]}, "properties": {"id": "osm:way:131348948", "type": "school", "name": "Katholische Grundschule Menninghausen", "source": "OpenStreetMap/Overpass"}}, {"type": "Feature", "geometry": {"type": "Point", "coordinates": [7.1084905, 51.1687237]}, "properties": {"id": "osm:way:131424227", "type": "school", "name": "", "source": "OpenStreetMap/Overpass"}}, {"type": "Feature", "geometry": {"type": "Point", "coordinates": [7.0998564, 51.1656845]}, "properties": {"id": "osm:way:131479581", "type": "childcare", "name": "Kita Zietenstraße", "source": "OpenStreetMap/Overpass"}}, {"type": "Feature", "geometry": {"type": "Point", "coordinates": [7.161773, 51.1708899]}, "properties": {"id": "osm:way:131649188", "type": "kindergarten", "name": "St. Engelbert", "source": "OpenStreetMap/Overpass"}}, {"type": "Feature", "geometry": {"type": "Point", "coordinates": [7.1797417, 51.1841383]}, "properties": {"id": "osm:way:131665495", "type": "school", "name": "Gertrud-Bäumer-Gymnasium", "source": "OpenStreetMap/Overpass"}}, {"type": "Feature", "geometry": {"type": "Point", "coordinates": [7.0285513, 51.2748614]}, "properties": {"id": "osm:way:132938704", "type": "school", "name": "Gymnasium Wülfrath", "source": "OpenStreetMap/Overpass"}}, {"type": "Feature", "geometry": {"type": "Point", "coordinates": [7.0333817, 51.1673801]}, "properties": {"id": "osm:way:133512617", "type": "school", "name": "Grundschule Erholungsstraße", "source": "OpenStreetMap/Overpass"}}, {"type": "Feature", "geometry": {"type": "Point", "coordinates": [7.0334357, 51.1674931]}, "properties": {"id": "osm:way:133512621", "type": "school", "name": "", "source": "OpenStreetMap/Overpass"}}, {"type": "Feature", "geometry": {"type": "Point", "coordinates": [7.0761785, 51.1829329]}, "properties": {"id": "osm:way:136073557", "type": "school", "name": "", "source": "OpenStreetMap/Overpass"}}, {"type": "Feature", "geometry": {"type": "Point", "coordinates": [7.076721, 51.1829774]}, "properties": {"id": "osm:way:136073613", "type": "school", "name": "", "source": "OpenStreetMap/Overpass"}}, {"type": "Feature", "geometry": {"type": "Point", "coordinates": [7.0763109, 51.1825054]}, "properties": {"id": "osm:way:136073668", "type": "school", "name": "", "source": "OpenStreetMap/Overpass"}}, {"type": "Feature", "geometry": {"type": "Point", "coordinates": [7.0867622, 51.1678857]}, "properties": {"id": "osm:way:136089109", "type": "kindergarten", "name": "Kindertagespflege Kinderbunt", "source": "OpenStreetMap/Overpass"}}, {"type": "Feature", "geometry": {"type": "Point", "coordinates": [7.0865478, 51.1746912]}, "properties": {"id": "osm:way:136193360", "type": "childcare", "name": "Difa Solingen", "source": "OpenStreetMap/Overpass"}}, {"type": "Feature", "geometry": {"type": "Point", "coordinates": [7.1152898, 51.2076872]}, "properties": {"id": "osm:way:137055816", "type": "school", "name": "Waldpädagogisches Zentrum (WPZ)", "source": "OpenStreetMap/Overpass"}}, {"type": "Feature", "geometry": {"type": "Point", "coordinates": [7.201586, 51.2743821]}, "properties": {"id": "osm:way:138059651", "type": "kindergarten", "name": "Familienzentrum am Wichelhausberg", "source": "OpenStreetMap/Overpass"}}, {"type": "Feature", "geometry": {"type": "Point", "coordinates": [7.1939244, 51.2747211]}, "properties": {"id": "osm:way:138146262", "type": "school", "name": "Griechisches Gymnasium", "source": "OpenStreetMap/Overpass"}}, {"type": "Feature", "geometry": {"type": "Point", "coordinates": [7.1935045, 51.2738792]}, "properties": {"id": "osm:way:138146263", "type": "school", "name": "Realschule Leimbacher Straße", "source": "OpenStreetMap/Overpass"}}, {"type": "Feature", "geometry": {"type": "Point", "coordinates": [7.1992395, 51.2802497]}, "properties": {"id": "osm:way:138371256", "type": "school", "name": "Städtische Katholische Grundschule Alarichstraße", "source": "OpenStreetMap/Overpass"}}, {"type": "Feature", "geometry": {"type": "Point", "coordinates": [7.1887112, 51.288797]}, "properties": {"id": "osm:way:139488781", "type": "kindergarten", "name": "", "source": "OpenStreetMap/Overpass"}}, {"type": "Feature", "geometry": {"type": "Point", "coordinates": [7.1711685, 51.2636201]}, "properties": {"id": "osm:way:139634168", "type": "school", "name": "Troxler-Schule Wuppertal", "source": "OpenStreetMap/Overpass"}}, {"type": "Feature", "geometry": {"type": "Point", "coordinates": [7.1837291, 51.2662778]}, "properties": {"id": "osm:way:139892959", "type": "school", "name": "Gesamtschule Barmen", "source": "OpenStreetMap/Overpass"}}, {"type": "Feature", "geometry": {"type": "Point", "coordinates": [7.1816226, 51.2693781]}, "properties": {"id": "osm:way:140128911", "type": "school", "name": "Offene Ganztagsgrundschule Eichenstraße", "source": "OpenStreetMap/Overpass"}}, {"type": "Feature", "geometry": {"type": "Point", "coordinates": [7.1939699, 51.2709095]}, "properties": {"id": "osm:way:140136638", "type": "school", "name": "Sankt-Antonius-Schule", "source": "OpenStreetMap/Overpass"}}, {"type": "Feature", "geometry": {"type": "Point", "coordinates": [7.1916237, 51.270967]}, "properties": {"id": "osm:way:140138126", "type": "school", "name": "Realschule Hohenstein", "source": "OpenStreetMap/Overpass"}}, {"type": "Feature", "geometry": {"type": "Point", "coordinates": [7.1881893, 51.2712095]}, "properties": {"id": "osm:way:140142464", "type": "school", "name": "Helene-Stöcker-Schule (Standort Eichenstraße)", "source": "OpenStreetMap/Overpass"}}, {"type": "Feature", "geometry": {"type": "Point", "coordinates": [7.2042762, 51.298142]}, "properties": {"id": "osm:way:140790951", "type": "school", "name": "Gemeinschaftsgrundschule Haselrain", "source": "OpenStreetMap/Overpass"}}, {"type": "Feature", "geometry": {"type": "Point", "coordinates": [7.2174584, 51.2923268]}, "properties": {"id": "osm:way:140943674", "type": "kindergarten", "name": "Städtischer Kindergarten", "source": "OpenStreetMap/Overpass"}}, {"type": "Feature", "geometry": {"type": "Point", "coordinates": [7.2148546, 51.2707795]}, "properties": {"id": "osm:way:142490811", "type": "kindergarten", "name": "Städtischer Kindergarten Heckinghauser Straße", "source": "OpenStreetMap/Overpass"}}, {"type": "Feature", "geometry": {"type": "Point", "coordinates": [7.1393578, 51.2281983]}, "properties": {"id": "osm:way:144268672", "type": "school", "name": "Grundschule Küllenhahn", "source": "OpenStreetMap/Overpass"}}, {"type": "Feature", "geometry": {"type": "Point", "coordinates": [7.2751228, 51.1853842]}, "properties": {"id": "osm:way:146534767", "type": "school", "name": "Grundschule Hasenberg", "source": "OpenStreetMap/Overpass"}}, {"type": "Feature", "geometry": {"type": "Point", "coordinates": [7.2015202, 51.2744963]}, "properties": {"id": "osm:way:146845223", "type": "kindergarten", "name": "Evangelischer Kindergarten", "source": "OpenStreetMap/Overpass"}}, {"type": "Feature", "geometry": {"type": "Point", "coordinates": [7.2371724, 51.2843655]}, "properties": {"id": "osm:way:147000606", "type": "school", "name": "Gesamtschule Langerfeld", "source": "OpenStreetMap/Overpass"}}, {"type": "Feature", "geometry": {"type": "Point", "coordinates": [7.2358457, 51.2827314]}, "properties": {"id": "osm:way:147000607", "type": "school", "name": "Gesamtschule Langerfeld", "source": "OpenStreetMap/Overpass"}}, {"type": "Feature", "geometry": {"type": "Point", "coordinates": [7.2386358, 51.2858558]}, "properties": {"id": "osm:way:147000819", "type": "kindergarten", "name": "Evangelische Integrative Tageseinrichtung für Kinder", "source": "OpenStreetMap/Overpass"}}, {"type": "Feature", "geometry": {"type": "Point", "coordinates": [7.1608154, 51.2568474]}, "properties": {"id": "osm:way:147538395", "type": "kindergarten", "name": "Wuppergarten", "source": "OpenStreetMap/Overpass"}}, {"type": "Feature", "geometry": {"type": "Point", "coordinates": [7.0404132, 51.178126]}, "properties": {"id": "osm:way:147698194", "type": "school", "name": "Grundschule Am Rosenkamp", "source": "OpenStreetMap/Overpass"}}, {"type": "Feature", "geometry": {"type": "Point", "coordinates": [7.2146902, 51.2874762]}, "properties": {"id": "osm:way:150889444", "type": "school", "name": "Johannes-Rau-Schule", "source": "OpenStreetMap/Overpass"}}, {"type": "Feature", "geometry": {"type": "Point", "coordinates": [7.2103343, 51.2838432]}, "properties": {"id": "osm:way:150912185", "type": "school", "name": "", "source": "OpenStreetMap/Overpass"}}, {"type": "Feature", "geometry": {"type": "Point", "coordinates": [7.2160066, 51.281149]}, "properties": {"id": "osm:way:151375684", "type": "school", "name": "Berufskolleg Barmen Europaschule", "source": "OpenStreetMap/Overpass"}}, {"type": "Feature", "geometry": {"type": "Point", "coordinates": [7.2151433, 51.2763307]}, "properties": {"id": "osm:way:151813617", "type": "school", "name": "Berufskolleg Barmen Europaschule - Gebäude Diesterwegstraße", "source": "OpenStreetMap/Overpass"}}, {"type": "Feature", "geometry": {"type": "Point", "coordinates": [7.2112603, 51.2798813]}, "properties": {"id": "osm:way:151813618", "type": "school", "name": "Hauptschule Bartholomäusstraße", "source": "OpenStreetMap/Overpass"}}, {"type": "Feature", "geometry": {"type": "Point", "coordinates": [7.2221132, 51.2834922]}, "properties": {"id": "osm:way:151925772", "type": "school", "name": "Offene Ganztagsgrundschule Liegnitzer Straße", "source": "OpenStreetMap/Overpass"}}, {"type": "Feature", "geometry": {"type": "Point", "coordinates": [7.226172, 51.2761619]}, "properties": {"id": "osm:way:152240061", "type": "kindergarten", "name": "Städtischer Kindergarten", "source": "OpenStreetMap/Overpass"}}, {"type": "Feature", "geometry": {"type": "Point", "coordinates": [7.2252814, 51.2759377]}, "properties": {"id": "osm:way:152240063", "type": "school", "name": "Hauptschule Oberbarmen", "source": "OpenStreetMap/Overpass"}}, {"type": "Feature", "geometry": {"type": "Point", "coordinates": [7.1067407, 51.2694218]}, "properties": {"id": "osm:way:155040860", "type": "kindergarten", "name": "Pusteblumen", "source": "OpenStreetMap/Overpass"}}, {"type": "Feature", "geometry": {"type": "Point", "coordinates": [7.0501742, 51.1733027]}, "properties": {"id": "osm:way:161418966", "type": "school", "name": "Mildred-Scheel-Berufskolleg", "source": "OpenStreetMap/Overpass"}}, {"type": "Feature", "geometry": {"type": "Point", "coordinates": [7.0290802, 51.2014851]}, "properties": {"id": "osm:way:166135139", "type": "childcare", "name": "AWO Kindertagesstätte \"Am Bandenfeld\"", "source": "OpenStreetMap/Overpass"}}, {"type": "Feature", "geometry": {"type": "Point", "coordinates": [7.0221389, 51.1993197]}, "properties": {"id": "osm:way:166224032", "type": "childcare", "name": "AWO Integrative Kindertageseinrichtung \"Bollenberger Busch\"", "source": "OpenStreetMap/Overpass"}}, {"type": "Feature", "geometry": {"type": "Point", "coordinates": [7.0122151, 51.2222967]}, "properties": {"id": "osm:way:167064071", "type": "school", "name": "Freie Waldorfschule Haan-Gruiten", "source": "OpenStreetMap/Overpass"}}, {"type": "Feature", "geometry": {"type": "Point", "coordinates": [7.0787812, 51.165954]}, "properties": {"id": "osm:way:169090860", "type": "school", "name": "Grundschule Katternberger Straße", "source": "OpenStreetMap/Overpass"}}, {"type": "Feature", "geometry": {"type": "Point", "coordinates": [7.2285475, 51.2567969]}, "properties": {"id": "osm:way:171847419", "type": "school", "name": "GGS Hammesberg", "source": "OpenStreetMap/Overpass"}}, {"type": "Feature", "geometry": {"type": "Point", "coordinates": [7.0394276, 51.1836776]}, "properties": {"id": "osm:way:172129270", "type": "school", "name": "Friedrich-Albert-Lange Schule", "source": "OpenStreetMap/Overpass"}}, {"type": "Feature", "geometry": {"type": "Point", "coordinates": [7.0880221, 51.2237116]}, "properties": {"id": "osm:way:177502308", "type": "school", "name": "Eugen-Langen-Gesamtschule", "source": "OpenStreetMap/Overpass"}}, {"type": "Feature", "geometry": {"type": "Point", "coordinates": [7.1014378, 51.3056572]}, "properties": {"id": "osm:way:180870213", "type": "kindergarten", "name": "Kindergarten Schillerstraße", "source": "OpenStreetMap/Overpass"}}, {"type": "Feature", "geometry": {"type": "Point", "coordinates": [7.103056, 51.3044539]}, "properties": {"id": "osm:way:180870215", "type": "school", "name": "Städtische Gemeinschaftsgrundschule Wielandstraße", "source": "OpenStreetMap/Overpass"}}, {"type": "Feature", "geometry": {"type": "Point", "coordinates": [7.1586688, 51.2960793]}, "properties": {"id": "osm:way:183534436", "type": "school", "name": "Erzbischöfliche Grund- und Hauptschule Dönberg", "source": "OpenStreetMap/Overpass"}}, {"type": "Feature", "geometry": {"type": "Point", "coordinates": [7.036495, 51.279992]}, "properties": {"id": "osm:way:190257510", "type": "school", "name": "Parkschule", "source": "OpenStreetMap/Overpass"}}, {"type": "Feature", "geometry": {"type": "Point", "coordinates": [7.0378625, 51.2752465]}, "properties": {"id": "osm:way:190449028", "type": "kindergarten", "name": "", "source": "OpenStreetMap/Overpass"}}, {"type": "Feature", "geometry": {"type": "Point", "coordinates": [7.0703955, 51.2375225]}, "properties": {"id": "osm:way:192481375", "type": "school", "name": "Förderschule Tesche", "source": "OpenStreetMap/Overpass"}}, {"type": "Feature", "geometry": {"type": "Point", "coordinates": [7.0994271, 51.1750088]}, "properties": {"id": "osm:way:204132808", "type": "school", "name": "Alexander-Coppel-Gesamtschule", "source": "OpenStreetMap/Overpass"}}, {"type": "Feature", "geometry": {"type": "Point", "coordinates": [7.0249021, 51.1747139]}, "properties": {"id": "osm:way:204671741", "type": "school", "name": "Albert Schweitzer Schule", "source": "OpenStreetMap/Overpass"}}, {"type": "Feature", "geometry": {"type": "Point", "coordinates": [7.0294969, 51.1757215]}, "properties": {"id": "osm:way:204672762", "type": "school", "name": "Wilhelm-Hartschen-Schule", "source": "OpenStreetMap/Overpass"}}, {"type": "Feature", "geometry": {"type": "Point", "coordinates": [7.0207492, 51.1714997]}, "properties": {"id": "osm:way:204679217", "type": "school", "name": "Humboldtgymnasium", "source": "OpenStreetMap/Overpass"}}, {"type": "Feature", "geometry": {"type": "Point", "coordinates": [7.0821094, 51.1865738]}, "properties": {"id": "osm:way:204827126", "type": "school", "name": "Grundschule Yorckstraße", "source": "OpenStreetMap/Overpass"}}, {"type": "Feature", "geometry": {"type": "Point", "coordinates": [7.2271465, 51.168295]}, "properties": {"id": "osm:way:205961838", "type": "kindergarten", "name": "Städtischer Kindergarten Struck", "source": "OpenStreetMap/Overpass"}}, {"type": "Feature", "geometry": {"type": "Point", "coordinates": [7.2274979, 51.1676704]}, "properties": {"id": "osm:way:205961840", "type": "school", "name": "GGS Dörpfeld Teilstandort Struck", "source": "OpenStreetMap/Overpass"}}, {"type": "Feature", "geometry": {"type": "Point", "coordinates": [7.0732721, 51.17921]}, "properties": {"id": "osm:way:206545288", "type": "school", "name": "", "source": "OpenStreetMap/Overpass"}}, {"type": "Feature", "geometry": {"type": "Point", "coordinates": [7.1500525, 51.2680476]}, "properties": {"id": "osm:way:207084184", "type": "school", "name": "Grundschule am Mirker Bach", "source": "OpenStreetMap/Overpass"}}, {"type": "Feature", "geometry": {"type": "Point", "coordinates": [7.1265124, 51.2482063]}, "properties": {"id": "osm:way:209289634", "type": "kindergarten", "name": "Tageseinrichtung für Kinder", "source": "OpenStreetMap/Overpass"}}, {"type": "Feature", "geometry": {"type": "Point", "coordinates": [7.0788651, 51.1909164]}, "properties": {"id": "osm:way:210072555", "type": "school", "name": "Sekundarschule Solingen", "source": "OpenStreetMap/Overpass"}}, {"type": "Feature", "geometry": {"type": "Point", "coordinates": [7.0889882, 51.1687388]}, "properties": {"id": "osm:way:212403861", "type": "school", "name": "Gymnasium Schwertstraße", "source": "OpenStreetMap/Overpass"}}, {"type": "Feature", "geometry": {"type": "Point", "coordinates": [7.0763751, 51.1827424]}, "properties": {"id": "osm:way:216181109", "type": "school", "name": "Grundschule Scheidter Straße", "source": "OpenStreetMap/Overpass"}}, {"type": "Feature", "geometry": {"type": "Point", "coordinates": [7.0740571, 51.2084954]}, "properties": {"id": "osm:way:216620541", "type": "school", "name": "Grundschule Gerberstraße", "source": "OpenStreetMap/Overpass"}}, {"type": "Feature", "geometry": {"type": "Point", "coordinates": [7.077929, 51.20926]}, "properties": {"id": "osm:way:216620543", "type": "school", "name": "", "source": "OpenStreetMap/Overpass"}}, {"type": "Feature", "geometry": {"type": "Point", "coordinates": [7.0642021, 51.1776981]}, "properties": {"id": "osm:way:216822000", "type": "school", "name": "Kreuzwegerstraße", "source": "OpenStreetMap/Overpass"}}, {"type": "Feature", "geometry": {"type": "Point", "coordinates": [7.0334205, 51.167535]}, "properties": {"id": "osm:way:217955959", "type": "school", "name": "Grundschule Erholungsstraße", "source": "OpenStreetMap/Overpass"}}, {"type": "Feature", "geometry": {"type": "Point", "coordinates": [7.2205533, 51.1744474]}, "properties": {"id": "osm:way:219315939", "type": "school", "name": "", "source": "OpenStreetMap/Overpass"}}, {"type": "Feature", "geometry": {"type": "Point", "coordinates": [7.080258, 51.1733837]}, "properties": {"id": "osm:way:220362301", "type": "school", "name": "Technisches Berufskolleg (Technische Schulen)", "source": "OpenStreetMap/Overpass"}}, {"type": "Feature", "geometry": {"type": "Point", "coordinates": [7.0773705, 51.1751488]}, "properties": {"id": "osm:way:220362838", "type": "school", "name": "Technisches Berufskolleg", "source": "OpenStreetMap/Overpass"}}, {"type": "Feature", "geometry": {"type": "Point", "coordinates": [7.108126, 51.1686525]}, "properties": {"id": "osm:way:222015983", "type": "school", "name": "Grundschule Meigen", "source": "OpenStreetMap/Overpass"}}, {"type": "Feature", "geometry": {"type": "Point", "coordinates": [7.1883089, 51.2622954]}, "properties": {"id": "osm:way:224956720", "type": "childcare", "name": "Evangelisches Familienzentrum Arche", "source": "OpenStreetMap/Overpass"}}, {"type": "Feature", "geometry": {"type": "Point", "coordinates": [7.0311617, 51.1808321]}, "properties": {"id": "osm:way:227814124", "type": "school", "name": "Gottlieb-Heinrich Grundschule", "source": "OpenStreetMap/Overpass"}}, {"type": "Feature", "geometry": {"type": "Point", "coordinates": [7.0527968, 51.191612]}, "properties": {"id": "osm:way:227817119", "type": "school", "name": "Erika-Rothstein Schule Standort Deller Straße", "source": "OpenStreetMap/Overpass"}}, {"type": "Feature", "geometry": {"type": "Point", "coordinates": [7.0771693, 51.1948063]}, "properties": {"id": "osm:way:227817121", "type": "school", "name": "", "source": "OpenStreetMap/Overpass"}}, {"type": "Feature", "geometry": {"type": "Point", "coordinates": [7.0483304, 51.1928401]}, "properties": {"id": "osm:way:227817122", "type": "school", "name": "Grundschule Westersburg", "source": "OpenStreetMap/Overpass"}}, {"type": "Feature", "geometry": {"type": "Point", "coordinates": [7.1486235, 51.2762995]}, "properties": {"id": "osm:way:228634168", "type": "school", "name": "Sankt-Michael-Schule", "source": "OpenStreetMap/Overpass"}}, {"type": "Feature", "geometry": {"type": "Point", "coordinates": [7.0798845, 51.2299147]}, "properties": {"id": "osm:way:231551561", "type": "school", "name": "Sporthalle Nocken", "source": "OpenStreetMap/Overpass"}}, {"type": "Feature", "geometry": {"type": "Point", "coordinates": [7.1874978, 51.2672624]}, "properties": {"id": "osm:way:232965435", "type": "school", "name": "Sporthalle Gesamtschule Barmen", "source": "OpenStreetMap/Overpass"}}, {"type": "Feature", "geometry": {"type": "Point", "coordinates": [7.1515835, 51.2755582]}, "properties": {"id": "osm:way:233093935", "type": "kindergarten", "name": "", "source": "OpenStreetMap/Overpass"}}, {"type": "Feature", "geometry": {"type": "Point", "coordinates": [7.0652763, 51.2189305]}, "properties": {"id": "osm:way:233228010", "type": "school", "name": "Schule An der Tesche Teilstandort Elfenhang", "source": "OpenStreetMap/Overpass"}}, {"type": "Feature", "geometry": {"type": "Point", "coordinates": [7.0340002, 51.1672489]}, "properties": {"id": "osm:way:237692818", "type": "kindergarten", "name": "", "source": "OpenStreetMap/Overpass"}}, {"type": "Feature", "geometry": {"type": "Point", "coordinates": [7.0508665, 51.2837102]}, "properties": {"id": "osm:way:238544515", "type": "kindergarten", "name": "", "source": "OpenStreetMap/Overpass"}}, {"type": "Feature", "geometry": {"type": "Point", "coordinates": [7.0510926, 51.283644]}, "properties": {"id": "osm:way:238544516", "type": "kindergarten", "name": "", "source": "OpenStreetMap/Overpass"}}, {"type": "Feature", "geometry": {"type": "Point", "coordinates": [7.0419469, 51.2823815]}, "properties": {"id": "osm:way:238844778", "type": "school", "name": "Freie aktive Grundschule Wülfrath", "source": "OpenStreetMap/Overpass"}}, {"type": "Feature", "geometry": {"type": "Point", "coordinates": [7.2046894, 51.1733586]}, "properties": {"id": "osm:way:240758795", "type": "school", "name": "Nelson-Mandela-Schule, Städtische Sekundarschule Remscheid", "source": "OpenStreetMap/Overpass"}}, {"type": "Feature", "geometry": {"type": "Point", "coordinates": [7.0534299, 51.1738646]}, "properties": {"id": "osm:way:242928398", "type": "school", "name": "GGS Kreuzweg Standort Mittelgönrath", "source": "OpenStreetMap/Overpass"}}, {"type": "Feature", "geometry": {"type": "Point", "coordinates": [7.0665411, 51.2279773]}, "properties": {"id": "osm:way:243167977", "type": "school", "name": "Städtische Grundschule Gebhardtstraße", "source": "OpenStreetMap/Overpass"}}, {"type": "Feature", "geometry": {"type": "Point", "coordinates": [7.2268201, 51.2719407]}, "properties": {"id": "osm:way:247367537", "type": "kindergarten", "name": "Weltkinder Kita \"Auf der Bleiche\"", "source": "OpenStreetMap/Overpass"}}, {"type": "Feature", "geometry": {"type": "Point", "coordinates": [7.1967703, 51.2760322]}, "properties": {"id": "osm:way:250878876", "type": "childcare", "name": "", "source": "OpenStreetMap/Overpass"}}, {"type": "Feature", "geometry": {"type": "Point", "coordinates": [7.2436608, 51.2722464]}, "properties": {"id": "osm:way:250936409", "type": "school", "name": "Hauptschule Langerfeld", "source": "OpenStreetMap/Overpass"}}, {"type": "Feature", "geometry": {"type": "Point", "coordinates": [7.1820023, 51.2668423]}, "properties": {"id": "osm:way:251022418", "type": "school", "name": "Junior Uni", "source": "OpenStreetMap/Overpass"}}, {"type": "Feature", "geometry": {"type": "Point", "coordinates": [7.2008207, 51.2676416]}, "properties": {"id": "osm:way:252426443", "type": "school", "name": "Berufskolleg Werther Brücke Außenstelle Gewerbeschulstraße 34", "source": "OpenStreetMap/Overpass"}}, {"type": "Feature", "geometry": {"type": "Point", "coordinates": [7.2009039, 51.2669567]}, "properties": {"id": "osm:way:252426457", "type": "school", "name": "Gemeinschaftsgrundschule Berg-Mark-Straße", "source": "OpenStreetMap/Overpass"}}, {"type": "Feature", "geometry": {"type": "Point", "coordinates": [7.203797, 51.1679813]}, "properties": {"id": "osm:way:256276724", "type": "kindergarten", "name": "Walddorf-Kindergarten", "source": "OpenStreetMap/Overpass"}}, {"type": "Feature", "geometry": {"type": "Point", "coordinates": [7.1288013, 51.2613867]}, "properties": {"id": "osm:way:259153803", "type": "school", "name": "Städtisches Gymnasium Bayreuther Straße", "source": "OpenStreetMap/Overpass"}}, {"type": "Feature", "geometry": {"type": "Point", "coordinates": [7.112636, 51.2514688]}, "properties": {"id": "osm:way:259616932", "type": "school", "name": "", "source": "OpenStreetMap/Overpass"}}, {"type": "Feature", "geometry": {"type": "Point", "coordinates": [7.1132137, 51.251987]}, "properties": {"id": "osm:way:259616935", "type": "school", "name": "Offene Gemeinschaftsgrundschule Am Nützenberg, Gebäude Kyffhäuserstraße, ehem. kath. Grundschule", "source": "OpenStreetMap/Overpass"}}, {"type": "Feature", "geometry": {"type": "Point", "coordinates": [7.1316607, 51.2551929]}, "properties": {"id": "osm:way:263460549", "type": "kindergarten", "name": "Kindergarten Benjamin e.V.", "source": "OpenStreetMap/Overpass"}}, {"type": "Feature", "geometry": {"type": "Point", "coordinates": [7.03334, 51.1676213]}, "properties": {"id": "osm:way:263830113", "type": "school", "name": "", "source": "OpenStreetMap/Overpass"}}, {"type": "Feature", "geometry": {"type": "Point", "coordinates": [7.1840976, 51.1943993]}, "properties": {"id": "osm:way:275292226", "type": "kindergarten", "name": "Evangelischer Kindergarten Siepen", "source": "OpenStreetMap/Overpass"}}, {"type": "Feature", "geometry": {"type": "Point", "coordinates": [7.1852305, 51.1939346]}, "properties": {"id": "osm:way:275931587", "type": "school", "name": "Gemeinschaftsgrundschule Siepen", "source": "OpenStreetMap/Overpass"}}, {"type": "Feature", "geometry": {"type": "Point", "coordinates": [7.1685424, 51.1952282]}, "properties": {"id": "osm:way:275943411", "type": "school", "name": "GGS Hasten", "source": "OpenStreetMap/Overpass"}}, {"type": "Feature", "geometry": {"type": "Point", "coordinates": [7.1807196, 51.186953]}, "properties": {"id": "osm:way:276212271", "type": "school", "name": "", "source": "OpenStreetMap/Overpass"}}, {"type": "Feature", "geometry": {"type": "Point", "coordinates": [7.2421798, 51.2075123]}, "properties": {"id": "osm:way:276540683", "type": "school", "name": "GGS Adolf-Clarenbach", "source": "OpenStreetMap/Overpass"}}, {"type": "Feature", "geometry": {"type": "Point", "coordinates": [7.2089334, 51.1719146]}, "properties": {"id": "osm:way:276726263", "type": "kindergarten", "name": "", "source": "OpenStreetMap/Overpass"}}, {"type": "Feature", "geometry": {"type": "Point", "coordinates": [7.2127618, 51.173218]}, "properties": {"id": "osm:way:276734104", "type": "kindergarten", "name": "", "source": "OpenStreetMap/Overpass"}}, {"type": "Feature", "geometry": {"type": "Point", "coordinates": [7.2213577, 51.1746147]}, "properties": {"id": "osm:way:276759617", "type": "school", "name": "Geimeinschaftsgrundschule Dörpfeld", "source": "OpenStreetMap/Overpass"}}, {"type": "Feature", "geometry": {"type": "Point", "coordinates": [7.0400696, 51.2805244]}, "properties": {"id": "osm:way:277209178", "type": "school", "name": "Private Grundschule der Freien Aktiven Schule Wülfrath", "source": "OpenStreetMap/Overpass"}}, {"type": "Feature", "geometry": {"type": "Point", "coordinates": [7.2138487, 51.2062906]}, "properties": {"id": "osm:way:277246981", "type": "kindergarten", "name": "Montessori Kinderhaus Halbach e.V.", "source": "OpenStreetMap/Overpass"}}, {"type": "Feature", "geometry": {"type": "Point", "coordinates": [7.1929223, 51.1876586]}, "properties": {"id": "osm:way:279717960", "type": "kindergarten", "name": "Evangelischer Kindergarten Himmelszelt", "source": "OpenStreetMap/Overpass"}}, {"type": "Feature", "geometry": {"type": "Point", "coordinates": [7.0396937, 51.2808605]}, "properties": {"id": "osm:way:282987990", "type": "school", "name": "Freie aktive Schule Wülfrath", "source": "OpenStreetMap/Overpass"}}, {"type": "Feature", "geometry": {"type": "Point", "coordinates": [7.193773, 51.2809238]}, "properties": {"id": "osm:way:284300894", "type": "school", "name": "Offene Ganztagsgrundschule Schützenstraße", "source": "OpenStreetMap/Overpass"}}, {"type": "Feature", "geometry": {"type": "Point", "coordinates": [7.2023082, 51.2812342]}, "properties": {"id": "osm:way:287886590", "type": "kindergarten", "name": "Kindergarten Klingelholl", "source": "OpenStreetMap/Overpass"}}, {"type": "Feature", "geometry": {"type": "Point", "coordinates": [7.1969152, 51.2723883]}, "properties": {"id": "osm:way:293069499", "type": "school", "name": "Städtisches Gymnasium Sedanstraße", "source": "OpenStreetMap/Overpass"}}, {"type": "Feature", "geometry": {"type": "Point", "coordinates": [7.2086662, 51.2789522]}, "properties": {"id": "osm:way:293177154", "type": "school", "name": "Gemeinschaftsgrundschule Germanenstraße", "source": "OpenStreetMap/Overpass"}}, {"type": "Feature", "geometry": {"type": "Point", "coordinates": [7.1093068, 51.2534335]}, "properties": {"id": "osm:way:293334659", "type": "kindergarten", "name": "Städt. Tageseinrichtung für Kinder", "source": "OpenStreetMap/Overpass"}}, {"type": "Feature", "geometry": {"type": "Point", "coordinates": [7.2076839, 51.2810744]}, "properties": {"id": "osm:way:294041420", "type": "school", "name": "Helene-Stöcker-Schule (Standort Lentzestraße)", "source": "OpenStreetMap/Overpass"}}, {"type": "Feature", "geometry": {"type": "Point", "coordinates": [7.0435536, 51.2749663]}, "properties": {"id": "osm:way:296621715", "type": "kindergarten", "name": "Ev. Kindergarten Düsseler Tor", "source": "OpenStreetMap/Overpass"}}, {"type": "Feature", "geometry": {"type": "Point", "coordinates": [7.1906905, 51.2733031]}, "properties": {"id": "osm:way:299780755", "type": "school", "name": "Bernhard-Letterhaus-Schule", "source": "OpenStreetMap/Overpass"}}, {"type": "Feature", "geometry": {"type": "Point", "coordinates": [7.1286468, 51.2098076]}, "properties": {"id": "osm:way:300083751", "type": "school", "name": "Grundschule Hütterbusch", "source": "OpenStreetMap/Overpass"}}, {"type": "Feature", "geometry": {"type": "Point", "coordinates": [7.0745213, 51.1849333]}, "properties": {"id": "osm:way:303096819", "type": "kindergarten", "name": "Städtische Kita Lucasstraße", "source": "OpenStreetMap/Overpass"}}, {"type": "Feature", "geometry": {"type": "Point", "coordinates": [7.122946, 51.2695944]}, "properties": {"id": "osm:way:303214192", "type": "school", "name": "Grundschule Kruppstraße", "source": "OpenStreetMap/Overpass"}}, {"type": "Feature", "geometry": {"type": "Point", "coordinates": [7.2003309, 51.2330477]}, "properties": {"id": "osm:way:306009581", "type": "school", "name": "Grundschule Engelbert-Wüster-Weg", "source": "OpenStreetMap/Overpass"}}, {"type": "Feature", "geometry": {"type": "Point", "coordinates": [7.2169057, 51.2683056]}, "properties": {"id": "osm:way:306197395", "type": "kindergarten", "name": "Evangelischer Kindergarten", "source": "OpenStreetMap/Overpass"}}, {"type": "Feature", "geometry": {"type": "Point", "coordinates": [7.128869, 51.2775272]}, "properties": {"id": "osm:way:311358542", "type": "school", "name": "", "source": "OpenStreetMap/Overpass"}}, {"type": "Feature", "geometry": {"type": "Point", "coordinates": [7.1292707, 51.2775295]}, "properties": {"id": "osm:way:311358543", "type": "school", "name": "Grundschule Hainstraße", "source": "OpenStreetMap/Overpass"}}, {"type": "Feature", "geometry": {"type": "Point", "coordinates": [7.1294474, 51.2774882]}, "properties": {"id": "osm:way:311358544", "type": "school", "name": "", "source": "OpenStreetMap/Overpass"}}, {"type": "Feature", "geometry": {"type": "Point", "coordinates": [7.141481, 51.2306713]}, "properties": {"id": "osm:way:312973672", "type": "school", "name": "Schulzentrum Süd", "source": "OpenStreetMap/Overpass"}}, {"type": "Feature", "geometry": {"type": "Point", "coordinates": [7.1094215, 51.278401]}, "properties": {"id": "osm:way:316508512", "type": "kindergarten", "name": "Evangelische Kita Am Eckbusch", "source": "OpenStreetMap/Overpass"}}, {"type": "Feature", "geometry": {"type": "Point", "coordinates": [7.2128097, 51.2398032]}, "properties": {"id": "osm:way:319561574", "type": "school", "name": "Justizvollzugsschule NRW;Landesfinanzschule NRW", "source": "OpenStreetMap/Overpass"}}, {"type": "Feature", "geometry": {"type": "Point", "coordinates": [7.0318046, 51.1863433]}, "properties": {"id": "osm:way:321136140", "type": "school", "name": "", "source": "OpenStreetMap/Overpass"}}, {"type": "Feature", "geometry": {"type": "Point", "coordinates": [7.303244, 51.2841281]}, "properties": {"id": "osm:way:332286830", "type": "school", "name": "", "source": "OpenStreetMap/Overpass"}}, {"type": "Feature", "geometry": {"type": "Point", "coordinates": [7.1988223, 51.2827663]}, "properties": {"id": "osm:way:362814330", "type": "school", "name": "Schule am Nordpark", "source": "OpenStreetMap/Overpass"}}, {"type": "Feature", "geometry": {"type": "Point", "coordinates": [7.1410844, 51.2662363]}, "properties": {"id": "osm:way:370307928", "type": "kindergarten", "name": "Kultur Kindergarten", "source": "OpenStreetMap/Overpass"}}, {"type": "Feature", "geometry": {"type": "Point", "coordinates": [7.049907, 51.2843275]}, "properties": {"id": "osm:way:375044495", "type": "school", "name": "Grundschule Ellenbeck", "source": "OpenStreetMap/Overpass"}}, {"type": "Feature", "geometry": {"type": "Point", "coordinates": [7.1444938, 51.2479689]}, "properties": {"id": "osm:way:380489823", "type": "school", "name": "Gemeinschaftsgrundschule Reichsgrafenstraße", "source": "OpenStreetMap/Overpass"}}, {"type": "Feature", "geometry": {"type": "Point", "coordinates": [7.1470647, 51.2502396]}, "properties": {"id": "osm:way:380493140", "type": "kindergarten", "name": "Evangelischer Kindergarten Holzer Straße", "source": "OpenStreetMap/Overpass"}}, {"type": "Feature", "geometry": {"type": "Point", "coordinates": [7.0988254, 51.2560449]}, "properties": {"id": "osm:way:395737415", "type": "kindergarten", "name": "Städtischer Kindergarten Krummacherstraße", "source": "OpenStreetMap/Overpass"}}, {"type": "Feature", "geometry": {"type": "Point", "coordinates": [7.284873, 51.294263]}, "properties": {"id": "osm:way:397432820", "type": "school", "name": "Grundschule Nordstadt", "source": "OpenStreetMap/Overpass"}}, {"type": "Feature", "geometry": {"type": "Point", "coordinates": [7.2885091, 51.2844206]}, "properties": {"id": "osm:way:397432821", "type": "school", "name": "Städtische Gemeinschaftsgrundschule Engelbertstraße", "source": "OpenStreetMap/Overpass"}}, {"type": "Feature", "geometry": {"type": "Point", "coordinates": [7.3065104, 51.2874744]}, "properties": {"id": "osm:way:397432822", "type": "school", "name": "Städt. Katholische Grundschule St. Marien", "source": "OpenStreetMap/Overpass"}}, {"type": "Feature", "geometry": {"type": "Point", "coordinates": [7.1448187, 51.2469606]}, "properties": {"id": "osm:way:397954467", "type": "school", "name": "Bergisches Weiterbildungskolleg der Stadt Wuppertal", "source": "OpenStreetMap/Overpass"}}, {"type": "Feature", "geometry": {"type": "Point", "coordinates": [7.0675166, 51.313626]}, "properties": {"id": "osm:way:399248300", "type": "kindergarten", "name": "Katholischen Kindertagesstätte St. Antonius", "source": "OpenStreetMap/Overpass"}}, {"type": "Feature", "geometry": {"type": "Point", "coordinates": [7.0799829, 51.2335515]}, "properties": {"id": "osm:way:402648066", "type": "school", "name": "Realschule Vohwinkel", "source": "OpenStreetMap/Overpass"}}, {"type": "Feature", "geometry": {"type": "Point", "coordinates": [7.2398325, 51.2829126]}, "properties": {"id": "osm:way:402940317", "type": "school", "name": "Gemeinschaftsgrundschule Mercklinghausstraße", "source": "OpenStreetMap/Overpass"}}, {"type": "Feature", "geometry": {"type": "Point", "coordinates": [7.078415, 51.2306071]}, "properties": {"id": "osm:way:426198791", "type": "school", "name": "Tageseinrichtung für Kinder Ehrenhainstr. 1a", "source": "OpenStreetMap/Overpass"}}, {"type": "Feature", "geometry": {"type": "Point", "coordinates": [7.0831146, 51.2332543]}, "properties": {"id": "osm:way:426201226", "type": "school", "name": "", "source": "OpenStreetMap/Overpass"}}, {"type": "Feature", "geometry": {"type": "Point", "coordinates": [7.1784001, 51.1741707]}, "properties": {"id": "osm:way:431991318", "type": "school", "name": "", "source": "OpenStreetMap/Overpass"}}, {"type": "Feature", "geometry": {"type": "Point", "coordinates": [7.2870336, 51.2810753]}, "properties": {"id": "osm:way:439562806", "type": "school", "name": "Märkisches Gymnasium Schwelm", "source": "OpenStreetMap/Overpass"}}, {"type": "Feature", "geometry": {"type": "Point", "coordinates": [7.2175533, 51.2774958]}, "properties": {"id": "osm:way:453021231", "type": "school", "name": "Kath. Grundschule Wichlinghauser Straße", "source": "OpenStreetMap/Overpass"}}, {"type": "Feature", "geometry": {"type": "Point", "coordinates": [7.247391, 51.2735139]}, "properties": {"id": "osm:way:453024723", "type": "school", "name": "Kath. Grundschule Windthorststraße", "source": "OpenStreetMap/Overpass"}}, {"type": "Feature", "geometry": {"type": "Point", "coordinates": [7.2316434, 51.2799259]}, "properties": {"id": "osm:way:460790714", "type": "kindergarten", "name": "Städtischer Kindergarten Peter-Beier-Straße", "source": "OpenStreetMap/Overpass"}}, {"type": "Feature", "geometry": {"type": "Point", "coordinates": [7.2232406, 51.2671421]}, "properties": {"id": "osm:way:462552772", "type": "kindergarten", "name": "Ev. Kindergarten Gosenburg", "source": "OpenStreetMap/Overpass"}}, {"type": "Feature", "geometry": {"type": "Point", "coordinates": [7.1440343, 51.2538178]}, "properties": {"id": "osm:way:471955737", "type": "school", "name": "Wilhelm-Dörpfeld-Gymnasium", "source": "OpenStreetMap/Overpass"}}, {"type": "Feature", "geometry": {"type": "Point", "coordinates": [7.1980724, 51.1657453]}, "properties": {"id": "osm:way:472406895", "type": "school", "name": "Gemeinschaftsgrundschule Mannesmann", "source": "OpenStreetMap/Overpass"}}, {"type": "Feature", "geometry": {"type": "Point", "coordinates": [7.1815646, 51.288977]}, "properties": {"id": "osm:way:483896280", "type": "kindergarten", "name": "Städtischer Kindergarten Hatzfelder Straße", "source": "OpenStreetMap/Overpass"}}, {"type": "Feature", "geometry": {"type": "Point", "coordinates": [7.2393705, 51.2810011]}, "properties": {"id": "osm:way:484088650", "type": "kindergarten", "name": "Städtischer Kindergarten Dahler Straße", "source": "OpenStreetMap/Overpass"}}, {"type": "Feature", "geometry": {"type": "Point", "coordinates": [7.2980132, 51.2860857]}, "properties": {"id": "osm:way:485268388", "type": "kindergarten", "name": "Kleiner Häwelmann", "source": "OpenStreetMap/Overpass"}}, {"type": "Feature", "geometry": {"type": "Point", "coordinates": [7.2276894, 51.283349]}, "properties": {"id": "osm:way:503077930", "type": "kindergarten", "name": "Kindergarten Schwarzbach", "source": "OpenStreetMap/Overpass"}}, {"type": "Feature", "geometry": {"type": "Point", "coordinates": [7.1228385, 51.2702123]}, "properties": {"id": "osm:way:509595385", "type": "school", "name": "Gesamtschule Uellendahl-Katernberg", "source": "OpenStreetMap/Overpass"}}, {"type": "Feature", "geometry": {"type": "Point", "coordinates": [7.0714824, 51.2406337]}, "properties": {"id": "osm:way:522636259", "type": "school", "name": "Städtische Gemeinschaftsgrundschule Natrather Straße", "source": "OpenStreetMap/Overpass"}}, {"type": "Feature", "geometry": {"type": "Point", "coordinates": [7.2239654, 51.2801071]}, "properties": {"id": "osm:way:534225007", "type": "kindergarten", "name": "Inklusiv - Kinder miteinander e. V.", "source": "OpenStreetMap/Overpass"}}, {"type": "Feature", "geometry": {"type": "Point", "coordinates": [7.1356589, 51.2589897]}, "properties": {"id": "osm:way:547215192", "type": "school", "name": "Grundschule Marienstraße", "source": "OpenStreetMap/Overpass"}}, {"type": "Feature", "geometry": {"type": "Point", "coordinates": [7.1293655, 51.2600591]}, "properties": {"id": "osm:way:550123461", "type": "kindergarten", "name": "Evangelische Kindertagesstätte Beethovenstraße", "source": "OpenStreetMap/Overpass"}}, {"type": "Feature", "geometry": {"type": "Point", "coordinates": [7.2414271, 51.2709271]}, "properties": {"id": "osm:way:552869994", "type": "school", "name": "Städt. Ev. Grundschule Dieckerhoffstraße", "source": "OpenStreetMap/Overpass"}}, {"type": "Feature", "geometry": {"type": "Point", "coordinates": [7.1636395, 51.2528649]}, "properties": {"id": "osm:way:555196461", "type": "kindergarten", "name": "Städtischer Kindergarten Bendahler Straße", "source": "OpenStreetMap/Overpass"}}, {"type": "Feature", "geometry": {"type": "Point", "coordinates": [7.2340524, 51.2867413]}, "properties": {"id": "osm:way:557130846", "type": "kindergarten", "name": "Stepke Kindertagesstätte Samoastraße", "source": "OpenStreetMap/Overpass"}}, {"type": "Feature", "geometry": {"type": "Point", "coordinates": [7.1893386, 51.2241616]}, "properties": {"id": "osm:way:563122630", "type": "school", "name": "Erich-Fried-Gesamtschule", "source": "OpenStreetMap/Overpass"}}, {"type": "Feature", "geometry": {"type": "Point", "coordinates": [7.2112797, 51.2229441]}, "properties": {"id": "osm:way:564744671", "type": "kindergarten", "name": "Städtischer Kindergarten", "source": "OpenStreetMap/Overpass"}}, {"type": "Feature", "geometry": {"type": "Point", "coordinates": [7.2121865, 51.2231611]}, "properties": {"id": "osm:way:564744673", "type": "school", "name": "Gemeinschaftsgrundschule Ferdinand-Lassalle-Straße", "source": "OpenStreetMap/Overpass"}}, {"type": "Feature", "geometry": {"type": "Point", "coordinates": [7.1832235, 51.2760085]}, "properties": {"id": "osm:way:620061730", "type": "kindergarten", "name": "Städtischer Kindergarten", "source": "OpenStreetMap/Overpass"}}, {"type": "Feature", "geometry": {"type": "Point", "coordinates": [7.1836244, 51.2754797]}, "properties": {"id": "osm:way:620061731", "type": "school", "name": "Offene Ganztagsgrundschule Thorner Straße", "source": "OpenStreetMap/Overpass"}}, {"type": "Feature", "geometry": {"type": "Point", "coordinates": [7.2833017, 51.2828888]}, "properties": {"id": "osm:way:621457642", "type": "kindergarten", "name": "Die Wilde 13", "source": "OpenStreetMap/Overpass"}}, {"type": "Feature", "geometry": {"type": "Point", "coordinates": [7.0647877, 51.2176316]}, "properties": {"id": "osm:way:621728022", "type": "kindergarten", "name": "Städtischer Kindergarten Höhe", "source": "OpenStreetMap/Overpass"}}, {"type": "Feature", "geometry": {"type": "Point", "coordinates": [7.2073122, 51.2215996]}, "properties": {"id": "osm:way:625138126", "type": "kindergarten", "name": "Kindergarten Schenkstraße", "source": "OpenStreetMap/Overpass"}}, {"type": "Feature", "geometry": {"type": "Point", "coordinates": [7.211595, 51.2728439]}, "properties": {"id": "osm:way:648776091", "type": "kindergarten", "name": "Kinderland", "source": "OpenStreetMap/Overpass"}}, {"type": "Feature", "geometry": {"type": "Point", "coordinates": [7.1966657, 51.2637369]}, "properties": {"id": "osm:way:648825502", "type": "school", "name": "Grundschule Peterstraße", "source": "OpenStreetMap/Overpass"}}, {"type": "Feature", "geometry": {"type": "Point", "coordinates": [7.2574297, 51.2750104]}, "properties": {"id": "osm:way:658177599", "type": "kindergarten", "name": "Kindergarten Flexstr.", "source": "OpenStreetMap/Overpass"}}, {"type": "Feature", "geometry": {"type": "Point", "coordinates": [7.2144674, 51.2782958]}, "properties": {"id": "osm:way:669912014", "type": "kindergarten", "name": "Städtische Tageseinrichtung für Kinder", "source": "OpenStreetMap/Overpass"}}, {"type": "Feature", "geometry": {"type": "Point", "coordinates": [7.0737507, 51.2317529]}, "properties": {"id": "osm:way:680533071", "type": "school", "name": "Ulle-Hees-Schule", "source": "OpenStreetMap/Overpass"}}, {"type": "Feature", "geometry": {"type": "Point", "coordinates": [7.0726477, 51.2315574]}, "properties": {"id": "osm:way:680536650", "type": "school", "name": "Ulle-Hees-Schule, Zweigstelle", "source": "OpenStreetMap/Overpass"}}, {"type": "Feature", "geometry": {"type": "Point", "coordinates": [7.2197585, 51.2949528]}, "properties": {"id": "osm:way:681718103", "type": "school", "name": "Städtische Gemeinschaftsgrundschule Haarhausen", "source": "OpenStreetMap/Overpass"}}, {"type": "Feature", "geometry": {"type": "Point", "coordinates": [7.2209509, 51.2950807]}, "properties": {"id": "osm:way:681718107", "type": "kindergarten", "name": "Städtischer Kindergarten Haarhausen", "source": "OpenStreetMap/Overpass"}}, {"type": "Feature", "geometry": {"type": "Point", "coordinates": [7.1493409, 51.2743277]}, "properties": {"id": "osm:way:683502906", "type": "school", "name": "Berufskolleg Kohlstraße (Zweigstelle)", "source": "OpenStreetMap/Overpass"}}, {"type": "Feature", "geometry": {"type": "Point", "coordinates": [7.1478098, 51.2741102]}, "properties": {"id": "osm:way:683504737", "type": "school", "name": "Berufskolleg Kohlstraße", "source": "OpenStreetMap/Overpass"}}, {"type": "Feature", "geometry": {"type": "Point", "coordinates": [7.2355712, 51.253568]}, "properties": {"id": "osm:way:684799623", "type": "school", "name": "Freie Schule Bergisch Land", "source": "OpenStreetMap/Overpass"}}, {"type": "Feature", "geometry": {"type": "Point", "coordinates": [7.1926235, 51.2328509]}, "properties": {"id": "osm:way:712693851", "type": "kindergarten", "name": "Städtischer Kindergarten Staubenthaler Straße", "source": "OpenStreetMap/Overpass"}}, {"type": "Feature", "geometry": {"type": "Point", "coordinates": [7.0724187, 51.2206578]}, "properties": {"id": "osm:way:734932244", "type": "kindergarten", "name": "Stepke Kindertagesstätte Zaunkönige", "source": "OpenStreetMap/Overpass"}}, {"type": "Feature", "geometry": {"type": "Point", "coordinates": [7.1281682, 51.2692356]}, "properties": {"id": "osm:way:781125762", "type": "childcare", "name": "Kita Kater am Berg", "source": "OpenStreetMap/Overpass"}}, {"type": "Feature", "geometry": {"type": "Point", "coordinates": [7.2890777, 51.2123489]}, "properties": {"id": "osm:way:781298857", "type": "kindergarten", "name": "Regenbogen", "source": "OpenStreetMap/Overpass"}}, {"type": "Feature", "geometry": {"type": "Point", "coordinates": [7.2151943, 51.1794721]}, "properties": {"id": "osm:way:782385279", "type": "school", "name": "GGS Walther Hartmann", "source": "OpenStreetMap/Overpass"}}, {"type": "Feature", "geometry": {"type": "Point", "coordinates": [7.2011552, 51.1722068]}, "properties": {"id": "osm:way:795272722", "type": "kindergarten", "name": "", "source": "OpenStreetMap/Overpass"}}, {"type": "Feature", "geometry": {"type": "Point", "coordinates": [7.0799223, 51.1684443]}, "properties": {"id": "osm:way:798804950", "type": "school", "name": "Grundschule Katternberger Straße", "source": "OpenStreetMap/Overpass"}}, {"type": "Feature", "geometry": {"type": "Point", "coordinates": [7.1702813, 51.2679114]}, "properties": {"id": "osm:way:826603154", "type": "kindergarten", "name": "Städtischer Kindergarten", "source": "OpenStreetMap/Overpass"}}, {"type": "Feature", "geometry": {"type": "Point", "coordinates": [7.1510133, 51.2313104]}, "properties": {"id": "osm:way:840671959", "type": "kindergarten", "name": "Deutsch - Französischer Kindergarten", "source": "OpenStreetMap/Overpass"}}, {"type": "Feature", "geometry": {"type": "Point", "coordinates": [7.0849714, 51.1776252]}, "properties": {"id": "osm:way:849813057", "type": "kindergarten", "name": "Klingenbande", "source": "OpenStreetMap/Overpass"}}, {"type": "Feature", "geometry": {"type": "Point", "coordinates": [7.2093511, 51.2683209]}, "properties": {"id": "osm:way:866228047", "type": "kindergarten", "name": "Heidter Carré", "source": "OpenStreetMap/Overpass"}}, {"type": "Feature", "geometry": {"type": "Point", "coordinates": [7.0406351, 51.1846324]}, "properties": {"id": "osm:way:898546359", "type": "kindergarten", "name": "", "source": "OpenStreetMap/Overpass"}}, {"type": "Feature", "geometry": {"type": "Point", "coordinates": [7.1754702, 51.184285]}, "properties": {"id": "osm:way:899182119", "type": "kindergarten", "name": "Evangelischer Kindergarten \"Pusteblume\"", "source": "OpenStreetMap/Overpass"}}, {"type": "Feature", "geometry": {"type": "Point", "coordinates": [7.0868778, 51.1788246]}, "properties": {"id": "osm:way:900931355", "type": "kindergarten", "name": "", "source": "OpenStreetMap/Overpass"}}, {"type": "Feature", "geometry": {"type": "Point", "coordinates": [7.0407351, 51.1780975]}, "properties": {"id": "osm:way:902312113", "type": "kindergarten", "name": "Kuddelmuddel e.V.", "source": "OpenStreetMap/Overpass"}}, {"type": "Feature", "geometry": {"type": "Point", "coordinates": [7.0890731, 51.1706436]}, "properties": {"id": "osm:way:902667248", "type": "kindergarten", "name": "Städtisches Familienzentrum Lumerland", "source": "OpenStreetMap/Overpass"}}, {"type": "Feature", "geometry": {"type": "Point", "coordinates": [7.0735725, 51.2089545]}, "properties": {"id": "osm:way:903064648", "type": "kindergarten", "name": "St. Marien", "source": "OpenStreetMap/Overpass"}}, {"type": "Feature", "geometry": {"type": "Point", "coordinates": [7.0215331, 51.1751559]}, "properties": {"id": "osm:way:903174303", "type": "kindergarten", "name": "Sterntaler", "source": "OpenStreetMap/Overpass"}}, {"type": "Feature", "geometry": {"type": "Point", "coordinates": [7.0731618, 51.1843011]}, "properties": {"id": "osm:way:903946303", "type": "kindergarten", "name": "Grüner Drachen", "source": "OpenStreetMap/Overpass"}}, {"type": "Feature", "geometry": {"type": "Point", "coordinates": [7.0335425, 51.1802601]}, "properties": {"id": "osm:way:904206529", "type": "kindergarten", "name": "", "source": "OpenStreetMap/Overpass"}}, {"type": "Feature", "geometry": {"type": "Point", "coordinates": [7.078861, 51.1821238]}, "properties": {"id": "osm:way:904211253", "type": "kindergarten", "name": "", "source": "OpenStreetMap/Overpass"}}, {"type": "Feature", "geometry": {"type": "Point", "coordinates": [7.0837281, 51.167876]}, "properties": {"id": "osm:way:904313259", "type": "kindergarten", "name": "Birker Straße", "source": "OpenStreetMap/Overpass"}}, {"type": "Feature", "geometry": {"type": "Point", "coordinates": [7.0803782, 51.1757462]}, "properties": {"id": "osm:way:904319062", "type": "kindergarten", "name": "Vorspel", "source": "OpenStreetMap/Overpass"}}, {"type": "Feature", "geometry": {"type": "Point", "coordinates": [7.0201577, 51.1755251]}, "properties": {"id": "osm:way:904322310", "type": "kindergarten", "name": "Evangelische Kindertagesstätte Sternstraße", "source": "OpenStreetMap/Overpass"}}, {"type": "Feature", "geometry": {"type": "Point", "coordinates": [7.0336004, 51.1709731]}, "properties": {"id": "osm:way:904322716", "type": "kindergarten", "name": "Katholische Kita Sankt Mariä Empfängnis", "source": "OpenStreetMap/Overpass"}}, {"type": "Feature", "geometry": {"type": "Point", "coordinates": [7.1068124, 51.1801958]}, "properties": {"id": "osm:way:904445544", "type": "kindergarten", "name": "Kita Hasseldelle", "source": "OpenStreetMap/Overpass"}}, {"type": "Feature", "geometry": {"type": "Point", "coordinates": [7.0921024, 51.1710913]}, "properties": {"id": "osm:way:905547157", "type": "kindergarten", "name": "", "source": "OpenStreetMap/Overpass"}}, {"type": "Feature", "geometry": {"type": "Point", "coordinates": [7.0939444, 51.1660401]}, "properties": {"id": "osm:way:905562574", "type": "school", "name": "", "source": "OpenStreetMap/Overpass"}}, {"type": "Feature", "geometry": {"type": "Point", "coordinates": [7.0908137, 51.1725978]}, "properties": {"id": "osm:way:906691224", "type": "kindergarten", "name": "Kath. Kindertagesstätte St. Clemens", "source": "OpenStreetMap/Overpass"}}, {"type": "Feature", "geometry": {"type": "Point", "coordinates": [7.0943273, 51.1705582]}, "properties": {"id": "osm:way:906691589", "type": "kindergarten", "name": "Elterninitiative Kinderladen e.V.", "source": "OpenStreetMap/Overpass"}}, {"type": "Feature", "geometry": {"type": "Point", "coordinates": [7.0840264, 51.1717055]}, "properties": {"id": "osm:way:906694346", "type": "kindergarten", "name": "Ev. Kindertagesstätte Sternenhimmel", "source": "OpenStreetMap/Overpass"}}, {"type": "Feature", "geometry": {"type": "Point", "coordinates": [7.0758738, 51.16928]}, "properties": {"id": "osm:way:906694875", "type": "kindergarten", "name": "Benediktinchen", "source": "OpenStreetMap/Overpass"}}, {"type": "Feature", "geometry": {"type": "Point", "coordinates": [7.0704029, 51.171367]}, "properties": {"id": "osm:way:906695397", "type": "kindergarten", "name": "Elterninitiative Pünktchen e.V.", "source": "OpenStreetMap/Overpass"}}, {"type": "Feature", "geometry": {"type": "Point", "coordinates": [7.0635989, 51.1763118]}, "properties": {"id": "osm:way:906695496", "type": "kindergarten", "name": "Andrews Advent-Grundschule", "source": "OpenStreetMap/Overpass"}}, {"type": "Feature", "geometry": {"type": "Point", "coordinates": [7.0368347, 51.1834723]}, "properties": {"id": "osm:way:906815923", "type": "kindergarten", "name": "Wiedenhof", "source": "OpenStreetMap/Overpass"}}, {"type": "Feature", "geometry": {"type": "Point", "coordinates": [7.0377278, 51.182479]}, "properties": {"id": "osm:way:906817334", "type": "kindergarten", "name": "", "source": "OpenStreetMap/Overpass"}}, {"type": "Feature", "geometry": {"type": "Point", "coordinates": [7.0767114, 51.1910884]}, "properties": {"id": "osm:way:906879202", "type": "kindergarten", "name": "Regenbogenland", "source": "OpenStreetMap/Overpass"}}, {"type": "Feature", "geometry": {"type": "Point", "coordinates": [7.0272732, 51.1785294]}, "properties": {"id": "osm:way:906915068", "type": "kindergarten", "name": "", "source": "OpenStreetMap/Overpass"}}, {"type": "Feature", "geometry": {"type": "Point", "coordinates": [7.0365039, 51.1860379]}, "properties": {"id": "osm:way:907163751", "type": "kindergarten", "name": "Kompass", "source": "OpenStreetMap/Overpass"}}, {"type": "Feature", "geometry": {"type": "Point", "coordinates": [7.0721631, 51.1863857]}, "properties": {"id": "osm:way:907484824", "type": "kindergarten", "name": "Cheruskerstraße", "source": "OpenStreetMap/Overpass"}}, {"type": "Feature", "geometry": {"type": "Point", "coordinates": [7.1528621, 51.2679602]}, "properties": {"id": "osm:way:908081235", "type": "school", "name": "Gemeinschaftsgrundschule Opphof", "source": "OpenStreetMap/Overpass"}}, {"type": "Feature", "geometry": {"type": "Point", "coordinates": [7.0999317, 51.1656785]}, "properties": {"id": "osm:way:908235056", "type": "kindergarten", "name": "Kinderstuben", "source": "OpenStreetMap/Overpass"}}, {"type": "Feature", "geometry": {"type": "Point", "coordinates": [7.0529996, 51.1742906]}, "properties": {"id": "osm:way:908236397", "type": "kindergarten", "name": "Energiezwerge", "source": "OpenStreetMap/Overpass"}}, {"type": "Feature", "geometry": {"type": "Point", "coordinates": [7.0541841, 51.192987]}, "properties": {"id": "osm:way:908886129", "type": "kindergarten", "name": "Fuhr", "source": "OpenStreetMap/Overpass"}}, {"type": "Feature", "geometry": {"type": "Point", "coordinates": [7.0784488, 51.1736391]}, "properties": {"id": "osm:way:909200541", "type": "kindergarten", "name": "Krümelkiste", "source": "OpenStreetMap/Overpass"}}, {"type": "Feature", "geometry": {"type": "Point", "coordinates": [7.0796334, 51.1745024]}, "properties": {"id": "osm:way:909200545", "type": "kindergarten", "name": "Wasserflöhe", "source": "OpenStreetMap/Overpass"}}, {"type": "Feature", "geometry": {"type": "Point", "coordinates": [7.043029, 51.1804958]}, "properties": {"id": "osm:way:909284634", "type": "kindergarten", "name": "Knusperhaus", "source": "OpenStreetMap/Overpass"}}, {"type": "Feature", "geometry": {"type": "Point", "coordinates": [7.0819297, 51.1857814]}, "properties": {"id": "osm:way:915632242", "type": "kindergarten", "name": "Ev. Kita Theresienstraße", "source": "OpenStreetMap/Overpass"}}, {"type": "Feature", "geometry": {"type": "Point", "coordinates": [7.1517285, 51.2185572]}, "properties": {"id": "osm:way:918728682", "type": "kindergarten", "name": "Evangelische Kindertagesstätte Hahnerberger Straße", "source": "OpenStreetMap/Overpass"}}, {"type": "Feature", "geometry": {"type": "Point", "coordinates": [7.1170262, 51.169616]}, "properties": {"id": "osm:way:938409145", "type": "school", "name": "LVR Förder Schule Halfeshof", "source": "OpenStreetMap/Overpass"}}, {"type": "Feature", "geometry": {"type": "Point", "coordinates": [7.0703986, 51.1773996]}, "properties": {"id": "osm:way:945222399", "type": "kindergarten", "name": "", "source": "OpenStreetMap/Overpass"}}, {"type": "Feature", "geometry": {"type": "Point", "coordinates": [7.1323609, 51.2478004]}, "properties": {"id": "osm:way:946114866", "type": "kindergarten", "name": "Städtischer Kindergarten", "source": "OpenStreetMap/Overpass"}}, {"type": "Feature", "geometry": {"type": "Point", "coordinates": [7.1353415, 51.2577996]}, "properties": {"id": "osm:way:946154656", "type": "school", "name": "Peter-Härtling-Schule", "source": "OpenStreetMap/Overpass"}}, {"type": "Feature", "geometry": {"type": "Point", "coordinates": [7.0384003, 51.1877923]}, "properties": {"id": "osm:way:946328616", "type": "kindergarten", "name": "Zwappel", "source": "OpenStreetMap/Overpass"}}, {"type": "Feature", "geometry": {"type": "Point", "coordinates": [7.1324722, 51.1949272]}, "properties": {"id": "osm:way:946372258", "type": "school", "name": "Grundschule Rottsieper Höhe", "source": "OpenStreetMap/Overpass"}}, {"type": "Feature", "geometry": {"type": "Point", "coordinates": [7.128082, 51.2691908]}, "properties": {"id": "osm:way:947307268", "type": "kindergarten", "name": "", "source": "OpenStreetMap/Overpass"}}, {"type": "Feature", "geometry": {"type": "Point", "coordinates": [7.2504134, 51.2736581]}, "properties": {"id": "osm:way:951295125", "type": "school", "name": "Fritz-Harkort-Schule", "source": "OpenStreetMap/Overpass"}}, {"type": "Feature", "geometry": {"type": "Point", "coordinates": [7.167236, 51.1913453]}, "properties": {"id": "osm:way:951467761", "type": "kindergarten", "name": "Elterninitiative Villa Kunterbunt e.V.", "source": "OpenStreetMap/Overpass"}}, {"type": "Feature", "geometry": {"type": "Point", "coordinates": [7.0225835, 51.2011552]}, "properties": {"id": "osm:way:952220867", "type": "kindergarten", "name": "Zwergenland", "source": "OpenStreetMap/Overpass"}}, {"type": "Feature", "geometry": {"type": "Point", "coordinates": [7.1920597, 51.1780874]}, "properties": {"id": "osm:way:952413519", "type": "school", "name": "Daniel-Schürmann-Grundschule", "source": "OpenStreetMap/Overpass"}}, {"type": "Feature", "geometry": {"type": "Point", "coordinates": [7.2549267, 51.2771889]}, "properties": {"id": "osm:way:958638706", "type": "kindergarten", "name": "Kindergarten Regenbogen", "source": "OpenStreetMap/Overpass"}}, {"type": "Feature", "geometry": {"type": "Point", "coordinates": [7.1287879, 51.2453028]}, "properties": {"id": "osm:way:962691530", "type": "school", "name": "GGS Königshöher Weg", "source": "OpenStreetMap/Overpass"}}, {"type": "Feature", "geometry": {"type": "Point", "coordinates": [7.2438873, 51.2725375]}, "properties": {"id": "osm:way:964088964", "type": "kindergarten", "name": "EKita Wilhelm-Hedtmann-Straße", "source": "OpenStreetMap/Overpass"}}, {"type": "Feature", "geometry": {"type": "Point", "coordinates": [7.2453169, 51.2735574]}, "properties": {"id": "osm:way:964088965", "type": "kindergarten", "name": "Kath. Kindertagesstätte \"Don Bosco\"", "source": "OpenStreetMap/Overpass"}}, {"type": "Feature", "geometry": {"type": "Point", "coordinates": [7.2407691, 51.2735031]}, "properties": {"id": "osm:way:964090730", "type": "kindergarten", "name": "Kinderland", "source": "OpenStreetMap/Overpass"}}, {"type": "Feature", "geometry": {"type": "Point", "coordinates": [7.2452676, 51.2729592]}, "properties": {"id": "osm:way:964093038", "type": "kindergarten", "name": "Städtischer Kindergarten Wilhelm-Hedtmann-Straße", "source": "OpenStreetMap/Overpass"}}, {"type": "Feature", "geometry": {"type": "Point", "coordinates": [7.1404146, 51.2462623]}, "properties": {"id": "osm:way:964295556", "type": "kindergarten", "name": "Tageseinrichtung Ahrstraße", "source": "OpenStreetMap/Overpass"}}, {"type": "Feature", "geometry": {"type": "Point", "coordinates": [7.1444349, 51.250572]}, "properties": {"id": "osm:way:964300644", "type": "kindergarten", "name": "Kath. Kindertagesstätte St Suitbertus", "source": "OpenStreetMap/Overpass"}}, {"type": "Feature", "geometry": {"type": "Point", "coordinates": [7.1460456, 51.2484844]}, "properties": {"id": "osm:way:964323369", "type": "kindergarten", "name": "Städt. Kindertagesstätte Oberer Grifflenberg", "source": "OpenStreetMap/Overpass"}}, {"type": "Feature", "geometry": {"type": "Point", "coordinates": [7.1488365, 51.2536432]}, "properties": {"id": "osm:way:964330088", "type": "kindergarten", "name": "Städt. Kindertagesstätte", "source": "OpenStreetMap/Overpass"}}, {"type": "Feature", "geometry": {"type": "Point", "coordinates": [7.1360626, 51.2557183]}, "properties": {"id": "osm:way:965461445", "type": "kindergarten", "name": "TfK UntergrünewalderStr.", "source": "OpenStreetMap/Overpass"}}, {"type": "Feature", "geometry": {"type": "Point", "coordinates": [7.1331415, 51.2589681]}, "properties": {"id": "osm:way:966254153", "type": "school", "name": "Erzbischöfliche St.-Anna-Schule Wuppertal-Elberfeld", "source": "OpenStreetMap/Overpass"}}, {"type": "Feature", "geometry": {"type": "Point", "coordinates": [7.1358825, 51.2574343]}, "properties": {"id": "osm:way:966584601", "type": "school", "name": "Schule", "source": "OpenStreetMap/Overpass"}}, {"type": "Feature", "geometry": {"type": "Point", "coordinates": [7.1239807, 51.2615263]}, "properties": {"id": "osm:way:967675153", "type": "kindergarten", "name": "Kindergartenverein Elberfeld Mitte e.V.", "source": "OpenStreetMap/Overpass"}}, {"type": "Feature", "geometry": {"type": "Point", "coordinates": [7.1736852, 51.2710893]}, "properties": {"id": "osm:way:967902637", "type": "kindergarten", "name": "Evangelische Elterninitiative Paracelsusstraße e. V.", "source": "OpenStreetMap/Overpass"}}, {"type": "Feature", "geometry": {"type": "Point", "coordinates": [7.1421932, 51.2656599]}, "properties": {"id": "osm:way:968259413", "type": "school", "name": "Hermann-von-Helmholtz-Realschule", "source": "OpenStreetMap/Overpass"}}, {"type": "Feature", "geometry": {"type": "Point", "coordinates": [7.1850613, 51.2749267]}, "properties": {"id": "osm:way:968571495", "type": "kindergarten", "name": "Tageseinrichtung für Kinder", "source": "OpenStreetMap/Overpass"}}, {"type": "Feature", "geometry": {"type": "Point", "coordinates": [7.1435004, 51.2632144]}, "properties": {"id": "osm:way:969893277", "type": "school", "name": "Gemeinschaftsgrundschule Markomannenstraße", "source": "OpenStreetMap/Overpass"}}, {"type": "Feature", "geometry": {"type": "Point", "coordinates": [7.1171204, 51.28033]}, "properties": {"id": "osm:way:972958192", "type": "kindergarten", "name": "Taka-Tuka-Land", "source": "OpenStreetMap/Overpass"}}, {"type": "Feature", "geometry": {"type": "Point", "coordinates": [7.1111384, 51.2514761]}, "properties": {"id": "osm:way:973357105", "type": "school", "name": "Ev. Grundschule Sophienschule", "source": "OpenStreetMap/Overpass"}}, {"type": "Feature", "geometry": {"type": "Point", "coordinates": [7.1124869, 51.2518276]}, "properties": {"id": "osm:way:973499881", "type": "school", "name": "Anne-Frank-Schule Förderschule", "source": "OpenStreetMap/Overpass"}}, {"type": "Feature", "geometry": {"type": "Point", "coordinates": [7.1087016, 51.2438651]}, "properties": {"id": "osm:way:973591111", "type": "school", "name": "Grundschule GGS Donarstraße", "source": "OpenStreetMap/Overpass"}}, {"type": "Feature", "geometry": {"type": "Point", "coordinates": [7.0267902, 51.1743237]}, "properties": {"id": "osm:way:974094310", "type": "school", "name": "Albert Schweitzer Turnhalle", "source": "OpenStreetMap/Overpass"}}, {"type": "Feature", "geometry": {"type": "Point", "coordinates": [7.2942073, 51.2453336]}, "properties": {"id": "osm:way:975466187", "type": "school", "name": "Fritz-Harkort-Schule Teilstandort Beyenburg", "source": "OpenStreetMap/Overpass"}}, {"type": "Feature", "geometry": {"type": "Point", "coordinates": [7.038043, 51.185016]}, "properties": {"id": "osm:way:975692114", "type": "school", "name": "", "source": "OpenStreetMap/Overpass"}}, {"type": "Feature", "geometry": {"type": "Point", "coordinates": [7.3017432, 51.2504756]}, "properties": {"id": "osm:way:975723766", "type": "kindergarten", "name": "katholischer Kindergarten St. Maria Magdalena", "source": "OpenStreetMap/Overpass"}}, {"type": "Feature", "geometry": {"type": "Point", "coordinates": [7.3023825, 51.2506165]}, "properties": {"id": "osm:way:975723767", "type": "kindergarten", "name": "DRK Kindergarten Wühlmäuse", "source": "OpenStreetMap/Overpass"}}, {"type": "Feature", "geometry": {"type": "Point", "coordinates": [7.1932875, 51.2486603]}, "properties": {"id": "osm:way:975800931", "type": "kindergarten", "name": "Evangelische Kindertagesstätte", "source": "OpenStreetMap/Overpass"}}, {"type": "Feature", "geometry": {"type": "Point", "coordinates": [7.1934757, 51.2491285]}, "properties": {"id": "osm:way:975800933", "type": "school", "name": "Grundschule Marper Schulweg", "source": "OpenStreetMap/Overpass"}}, {"type": "Feature", "geometry": {"type": "Point", "coordinates": [7.2246792, 51.2703355]}, "properties": {"id": "osm:way:975824679", "type": "kindergarten", "name": "Städt. Kindertagesstätte Ackerstraße", "source": "OpenStreetMap/Overpass"}}, {"type": "Feature", "geometry": {"type": "Point", "coordinates": [7.13957, 51.2582451]}, "properties": {"id": "osm:way:976122333", "type": "kindergarten", "name": "Kath. Familienzentrum St. Laurentius", "source": "OpenStreetMap/Overpass"}}, {"type": "Feature", "geometry": {"type": "Point", "coordinates": [7.1672239, 51.2547005]}, "properties": {"id": "osm:way:976471689", "type": "school", "name": "Grundschule Hesselnberg", "source": "OpenStreetMap/Overpass"}}, {"type": "Feature", "geometry": {"type": "Point", "coordinates": [7.1697348, 51.2556296]}, "properties": {"id": "osm:way:976472307", "type": "school", "name": "Griechisches Lyzeum", "source": "OpenStreetMap/Overpass"}}, {"type": "Feature", "geometry": {"type": "Point", "coordinates": [7.0473946, 51.1926298]}, "properties": {"id": "osm:way:976499094", "type": "kindergarten", "name": "Regenbogen e.V.", "source": "OpenStreetMap/Overpass"}}, {"type": "Feature", "geometry": {"type": "Point", "coordinates": [7.0670387, 51.2339579]}, "properties": {"id": "osm:way:976761490", "type": "kindergarten", "name": "TfK Waldkampfbahn", "source": "OpenStreetMap/Overpass"}}, {"type": "Feature", "geometry": {"type": "Point", "coordinates": [7.2360214, 51.2531563]}, "properties": {"id": "osm:way:977953793", "type": "kindergarten", "name": "Die Waldmäuse", "source": "OpenStreetMap/Overpass"}}, {"type": "Feature", "geometry": {"type": "Point", "coordinates": [7.0691111, 51.172687]}, "properties": {"id": "osm:way:978221241", "type": "kindergarten", "name": "", "source": "OpenStreetMap/Overpass"}}, {"type": "Feature", "geometry": {"type": "Point", "coordinates": [7.2123672, 51.2755497]}, "properties": {"id": "osm:way:978389123", "type": "kindergarten", "name": "Evangelische Kindertagesstätte Sternstraße", "source": "OpenStreetMap/Overpass"}}, {"type": "Feature", "geometry": {"type": "Point", "coordinates": [7.0493669, 51.1724608]}, "properties": {"id": "osm:way:981031106", "type": "kindergarten", "name": "Altenberger Straße", "source": "OpenStreetMap/Overpass"}}, {"type": "Feature", "geometry": {"type": "Point", "coordinates": [7.2654054, 51.2823906]}, "properties": {"id": "osm:way:981834579", "type": "kindergarten", "name": "Betriebskindertagesstätte EDEfanten", "source": "OpenStreetMap/Overpass"}}, {"type": "Feature", "geometry": {"type": "Point", "coordinates": [7.2400868, 51.2717546]}, "properties": {"id": "osm:way:982061581", "type": "kindergarten", "name": "Städtischer Kindergarten", "source": "OpenStreetMap/Overpass"}}, {"type": "Feature", "geometry": {"type": "Point", "coordinates": [7.1301839, 51.2488483]}, "properties": {"id": "osm:way:985221219", "type": "childcare", "name": "Städtische Tageseinrichtung", "source": "OpenStreetMap/Overpass"}}, {"type": "Feature", "geometry": {"type": "Point", "coordinates": [7.0925615, 51.2125685]}, "properties": {"id": "osm:way:987142024", "type": "kindergarten", "name": "Zwergenland", "source": "OpenStreetMap/Overpass"}}, {"type": "Feature", "geometry": {"type": "Point", "coordinates": [7.1959661, 51.2193254]}, "properties": {"id": "osm:way:988956052", "type": "school", "name": "GGS Echoer Straße", "source": "OpenStreetMap/Overpass"}}, {"type": "Feature", "geometry": {"type": "Point", "coordinates": [7.1956008, 51.2200357]}, "properties": {"id": "osm:way:988956054", "type": "kindergarten", "name": "Städt. Kindertagesstätte Haledonstraße", "source": "OpenStreetMap/Overpass"}}, {"type": "Feature", "geometry": {"type": "Point", "coordinates": [7.2008155, 51.2329737]}, "properties": {"id": "osm:way:989194809", "type": "kindergarten", "name": "Kindertagesstätte Engelbert-Wüster-Weg", "source": "OpenStreetMap/Overpass"}}, {"type": "Feature", "geometry": {"type": "Point", "coordinates": [7.1997633, 51.2268842]}, "properties": {"id": "osm:way:989201806", "type": "kindergarten", "name": "Kindergarten Bandwirkerstraße", "source": "OpenStreetMap/Overpass"}}, {"type": "Feature", "geometry": {"type": "Point", "coordinates": [7.2302419, 51.2159421]}, "properties": {"id": "osm:way:990183844", "type": "school", "name": "Leibniz-Gymnasium", "source": "OpenStreetMap/Overpass"}}, {"type": "Feature", "geometry": {"type": "Point", "coordinates": [7.2325942, 51.2084723]}, "properties": {"id": "osm:way:990188278", "type": "school", "name": "Kath. Grundschule Franziskus", "source": "OpenStreetMap/Overpass"}}, {"type": "Feature", "geometry": {"type": "Point", "coordinates": [7.2396557, 51.2103182]}, "properties": {"id": "osm:way:990598819", "type": "kindergarten", "name": "Evangelische Kita Gertenbachstraße", "source": "OpenStreetMap/Overpass"}}, {"type": "Feature", "geometry": {"type": "Point", "coordinates": [7.2333209, 51.2118523]}, "properties": {"id": "osm:way:990988111", "type": "kindergarten", "name": "KiTa Windvogel", "source": "OpenStreetMap/Overpass"}}, {"type": "Feature", "geometry": {"type": "Point", "coordinates": [7.2305376, 51.2145678]}, "properties": {"id": "osm:way:990990623", "type": "kindergarten", "name": "KiTa St. Martin in Klausen", "source": "OpenStreetMap/Overpass"}}, {"type": "Feature", "geometry": {"type": "Point", "coordinates": [7.1938215, 51.2419656]}, "properties": {"id": "osm:way:991792079", "type": "kindergarten", "name": "", "source": "OpenStreetMap/Overpass"}}, {"type": "Feature", "geometry": {"type": "Point", "coordinates": [7.1971848, 51.2415334]}, "properties": {"id": "osm:way:991793716", "type": "kindergarten", "name": "Montessori-Kindertagesstätte „Glückskleehüpfer“", "source": "OpenStreetMap/Overpass"}}, {"type": "Feature", "geometry": {"type": "Point", "coordinates": [7.194256, 51.2421492]}, "properties": {"id": "osm:way:991796856", "type": "kindergarten", "name": "Kindertagesstätte \"Nashörnchen\"", "source": "OpenStreetMap/Overpass"}}, {"type": "Feature", "geometry": {"type": "Point", "coordinates": [7.1920198, 51.2441147]}, "properties": {"id": "osm:way:991993523", "type": "kindergarten", "name": "Kath. Kita St. Christophorus", "source": "OpenStreetMap/Overpass"}}, {"type": "Feature", "geometry": {"type": "Point", "coordinates": [7.1818561, 51.2435]}, "properties": {"id": "osm:way:992048228", "type": "kindergarten", "name": "Löwenzahn e. V.", "source": "OpenStreetMap/Overpass"}}, {"type": "Feature", "geometry": {"type": "Point", "coordinates": [7.0226059, 51.1896572]}, "properties": {"id": "osm:way:992307725", "type": "school", "name": "", "source": "OpenStreetMap/Overpass"}}, {"type": "Feature", "geometry": {"type": "Point", "coordinates": [7.0177728, 51.1931273]}, "properties": {"id": "osm:way:992307749", "type": "school", "name": "", "source": "OpenStreetMap/Overpass"}}, {"type": "Feature", "geometry": {"type": "Point", "coordinates": [7.1564815, 51.2074792]}, "properties": {"id": "osm:way:996089463", "type": "kindergarten", "name": "EKita Mastweg", "source": "OpenStreetMap/Overpass"}}, {"type": "Feature", "geometry": {"type": "Point", "coordinates": [7.1568997, 51.2071353]}, "properties": {"id": "osm:way:996089464", "type": "kindergarten", "name": "DRK Kita „Wilde 13“", "source": "OpenStreetMap/Overpass"}}, {"type": "Feature", "geometry": {"type": "Point", "coordinates": [7.1502013, 51.2137268]}, "properties": {"id": "osm:way:996136114", "type": "school", "name": "Hermann Herberts Grundschule", "source": "OpenStreetMap/Overpass"}}, {"type": "Feature", "geometry": {"type": "Point", "coordinates": [7.1401082, 51.2104085]}, "properties": {"id": "osm:way:997028469", "type": "kindergarten", "name": "Städtische Tageseinrichtung für Kinder Hauptstraße", "source": "OpenStreetMap/Overpass"}}, {"type": "Feature", "geometry": {"type": "Point", "coordinates": [7.092547, 51.1766135]}, "properties": {"id": "osm:way:997965746", "type": "school", "name": "Gemeinschaftsgrundschule Klauberg", "source": "OpenStreetMap/Overpass"}}, {"type": "Feature", "geometry": {"type": "Point", "coordinates": [7.1494063, 51.2331956]}, "properties": {"id": "osm:way:1002325976", "type": "kindergarten", "name": "Katholischer Kindergarten St. Hedwig", "source": "OpenStreetMap/Overpass"}}, {"type": "Feature", "geometry": {"type": "Point", "coordinates": [7.0717631, 51.1840509]}, "properties": {"id": "osm:way:1005913368", "type": "kindergarten", "name": "Kita Klinikum", "source": "OpenStreetMap/Overpass"}}, {"type": "Feature", "geometry": {"type": "Point", "coordinates": [7.2357702, 51.2297078]}, "properties": {"id": "osm:way:1006252444", "type": "kindergarten", "name": "Kindergarten Linde", "source": "OpenStreetMap/Overpass"}}, {"type": "Feature", "geometry": {"type": "Point", "coordinates": [7.2179018, 51.2270683]}, "properties": {"id": "osm:way:1006617878", "type": "kindergarten", "name": "Städtischer Kindergarten Mohrhennsfeld", "source": "OpenStreetMap/Overpass"}}, {"type": "Feature", "geometry": {"type": "Point", "coordinates": [7.24188, 51.2955067]}, "properties": {"id": "osm:way:1007843191", "type": "school", "name": "Schule Hottenstein", "source": "OpenStreetMap/Overpass"}}, {"type": "Feature", "geometry": {"type": "Point", "coordinates": [7.2529468, 51.3066733]}, "properties": {"id": "osm:way:1008182530", "type": "kindergarten", "name": "KiTa Quellstein", "source": "OpenStreetMap/Overpass"}}, {"type": "Feature", "geometry": {"type": "Point", "coordinates": [7.2401798, 51.2894285]}, "properties": {"id": "osm:way:1008758322", "type": "kindergarten", "name": "Städtischer Kindergarten", "source": "OpenStreetMap/Overpass"}}, {"type": "Feature", "geometry": {"type": "Point", "coordinates": [7.0648908, 51.1779602]}, "properties": {"id": "osm:way:1009658773", "type": "school", "name": "", "source": "OpenStreetMap/Overpass"}}, {"type": "Feature", "geometry": {"type": "Point", "coordinates": [7.2306778, 51.2845791]}, "properties": {"id": "osm:way:1010813487", "type": "kindergarten", "name": "Städt. Kindertagesstätte und Familienzentrum Sonnenstraße", "source": "OpenStreetMap/Overpass"}}, {"type": "Feature", "geometry": {"type": "Point", "coordinates": [7.2170577, 51.2759661]}, "properties": {"id": "osm:way:1011121237", "type": "school", "name": "Kaufmännische Schulen Ost (Berufskolleg Barmen Europaschule)", "source": "OpenStreetMap/Overpass"}}, {"type": "Feature", "geometry": {"type": "Point", "coordinates": [7.0835127, 51.2488636]}, "properties": {"id": "osm:way:1015691311", "type": "kindergarten", "name": "KiTa „Lüntenbecker Bachpiraten“", "source": "OpenStreetMap/Overpass"}}, {"type": "Feature", "geometry": {"type": "Point", "coordinates": [7.0864704, 51.2374568]}, "properties": {"id": "osm:way:1018873580", "type": "kindergarten", "name": "Evangelische Tageseinrichtung", "source": "OpenStreetMap/Overpass"}}, {"type": "Feature", "geometry": {"type": "Point", "coordinates": [7.0919071, 51.2312185]}, "properties": {"id": "osm:way:1018886136", "type": "school", "name": "Pina-Bausch-Gesamtschule Vohwinkel", "source": "OpenStreetMap/Overpass"}}, {"type": "Feature", "geometry": {"type": "Point", "coordinates": [7.1405948, 51.2643099]}, "properties": {"id": "osm:way:1020117774", "type": "kindergarten", "name": "Städt. KiTa Höchsten", "source": "OpenStreetMap/Overpass"}}, {"type": "Feature", "geometry": {"type": "Point", "coordinates": [7.1406614, 51.2640328]}, "properties": {"id": "osm:way:1020117775", "type": "kindergarten", "name": "Ev. Kindergarten", "source": "OpenStreetMap/Overpass"}}, {"type": "Feature", "geometry": {"type": "Point", "coordinates": [7.1349984, 51.2648288]}, "properties": {"id": "osm:way:1020120469", "type": "kindergarten", "name": "Kindertagesstätte Malerstraße", "source": "OpenStreetMap/Overpass"}}, {"type": "Feature", "geometry": {"type": "Point", "coordinates": [7.2089431, 51.2700112]}, "properties": {"id": "osm:way:1023425604", "type": "school", "name": "", "source": "OpenStreetMap/Overpass"}}, {"type": "Feature", "geometry": {"type": "Point", "coordinates": [7.166588, 51.2605181]}, "properties": {"id": "osm:way:1027128523", "type": "kindergarten", "name": "EKita Pauluskirchstraße", "source": "OpenStreetMap/Overpass"}}, {"type": "Feature", "geometry": {"type": "Point", "coordinates": [7.2147258, 51.2790954]}, "properties": {"id": "osm:way:1031455074", "type": "school", "name": "Hauptschule Wichlinghausen", "source": "OpenStreetMap/Overpass"}}, {"type": "Feature", "geometry": {"type": "Point", "coordinates": [7.1003496, 51.2473833]}, "properties": {"id": "osm:way:1034651686", "type": "school", "name": "Grundschule Sillerstraße", "source": "OpenStreetMap/Overpass"}}, {"type": "Feature", "geometry": {"type": "Point", "coordinates": [7.2350544, 51.2917976]}, "properties": {"id": "osm:way:1035776818", "type": "kindergarten", "name": "Kath. Kita St. Mariä Himmelfahrt", "source": "OpenStreetMap/Overpass"}}, {"type": "Feature", "geometry": {"type": "Point", "coordinates": [7.0965084, 51.2401592]}, "properties": {"id": "osm:way:1038391280", "type": "kindergarten", "name": "Katholische inklusive Kita St. Remigius", "source": "OpenStreetMap/Overpass"}}, {"type": "Feature", "geometry": {"type": "Point", "coordinates": [7.0857658, 51.1788815]}, "properties": {"id": "osm:way:1043543372", "type": "kindergarten", "name": "Rasselbande", "source": "OpenStreetMap/Overpass"}}, {"type": "Feature", "geometry": {"type": "Point", "coordinates": [7.0289256, 51.2746808]}, "properties": {"id": "osm:way:1049982013", "type": "school", "name": "", "source": "OpenStreetMap/Overpass"}}, {"type": "Feature", "geometry": {"type": "Point", "coordinates": [7.1105073, 51.2443794]}, "properties": {"id": "osm:way:1060352419", "type": "kindergarten", "name": "Stoppelhopser", "source": "OpenStreetMap/Overpass"}}, {"type": "Feature", "geometry": {"type": "Point", "coordinates": [7.1019683, 51.1734189]}, "properties": {"id": "osm:way:1062476792", "type": "kindergarten", "name": "Kita Kannenhof", "source": "OpenStreetMap/Overpass"}}, {"type": "Feature", "geometry": {"type": "Point", "coordinates": [7.0291618, 51.1675778]}, "properties": {"id": "osm:way:1064365411", "type": "kindergarten", "name": "", "source": "OpenStreetMap/Overpass"}}, {"type": "Feature", "geometry": {"type": "Point", "coordinates": [7.0543981, 51.1740118]}, "properties": {"id": "osm:way:1064682242", "type": "kindergarten", "name": "Löwenzahn", "source": "OpenStreetMap/Overpass"}}, {"type": "Feature", "geometry": {"type": "Point", "coordinates": [7.0727156, 51.2067144]}, "properties": {"id": "osm:way:1067176911", "type": "kindergarten", "name": "Evangelische Kita Gräfrath", "source": "OpenStreetMap/Overpass"}}, {"type": "Feature", "geometry": {"type": "Point", "coordinates": [7.1854881, 51.2737441]}, "properties": {"id": "osm:way:1067658722", "type": "kindergarten", "name": "Kindertagesstätte Kindergartenverein Barmen e.V.", "source": "OpenStreetMap/Overpass"}}, {"type": "Feature", "geometry": {"type": "Point", "coordinates": [7.1818081, 51.2722641]}, "properties": {"id": "osm:way:1067715152", "type": "kindergarten", "name": "Städt. Tageseinrichtung für Kinder", "source": "OpenStreetMap/Overpass"}}, {"type": "Feature", "geometry": {"type": "Point", "coordinates": [7.1048904, 51.1664839]}, "properties": {"id": "osm:way:1070686918", "type": "kindergarten", "name": "Farbenfroh", "source": "OpenStreetMap/Overpass"}}, {"type": "Feature", "geometry": {"type": "Point", "coordinates": [7.0959698, 51.2472872]}, "properties": {"id": "osm:way:1070793906", "type": "kindergarten", "name": "Kita Giebel", "source": "OpenStreetMap/Overpass"}}, {"type": "Feature", "geometry": {"type": "Point", "coordinates": [7.1631419, 51.2995159]}, "properties": {"id": "osm:way:1074636559", "type": "kindergarten", "name": "", "source": "OpenStreetMap/Overpass"}}, {"type": "Feature", "geometry": {"type": "Point", "coordinates": [7.0857336, 51.2007453]}, "properties": {"id": "osm:way:1077807948", "type": "kindergarten", "name": "Städtische Kindertagesstätte Sonnenblume", "source": "OpenStreetMap/Overpass"}}, {"type": "Feature", "geometry": {"type": "Point", "coordinates": [7.0706841, 51.2273195]}, "properties": {"id": "osm:way:1083065120", "type": "kindergarten", "name": "Städt. Kita Edith-Stein-Straße", "source": "OpenStreetMap/Overpass"}}, {"type": "Feature", "geometry": {"type": "Point", "coordinates": [7.065953, 51.219807]}, "properties": {"id": "osm:way:1083886403", "type": "kindergarten", "name": "Städtische Kindertagesstätte Höhe/Rappenweg", "source": "OpenStreetMap/Overpass"}}, {"type": "Feature", "geometry": {"type": "Point", "coordinates": [7.0791598, 51.2214786]}, "properties": {"id": "osm:way:1084116375", "type": "kindergarten", "name": "Ev. Kindertagesstätte Ehrenhainstraße", "source": "OpenStreetMap/Overpass"}}, {"type": "Feature", "geometry": {"type": "Point", "coordinates": [7.1022225, 51.2396008]}, "properties": {"id": "osm:way:1084930401", "type": "kindergarten", "name": "Ev. Kindertagesstätte Kirchhofstraße", "source": "OpenStreetMap/Overpass"}}, {"type": "Feature", "geometry": {"type": "Point", "coordinates": [7.1966166, 51.1768881]}, "properties": {"id": "osm:way:1085389176", "type": "school", "name": "Berufskolleg Wirtschaft und Verwaltung Remscheid", "source": "OpenStreetMap/Overpass"}}, {"type": "Feature", "geometry": {"type": "Point", "coordinates": [7.1150494, 51.2511972]}, "properties": {"id": "osm:way:1088945312", "type": "school", "name": "Offene Gemeinschaftsgrundschule Am Nützenberg", "source": "OpenStreetMap/Overpass"}}, {"type": "Feature", "geometry": {"type": "Point", "coordinates": [7.0736205, 51.2405152]}, "properties": {"id": "osm:way:1093642470", "type": "kindergarten", "name": "Kinderladen Bambule", "source": "OpenStreetMap/Overpass"}}, {"type": "Feature", "geometry": {"type": "Point", "coordinates": [7.0716184, 51.2512807]}, "properties": {"id": "osm:way:1093985687", "type": "kindergarten", "name": "Integrativer Waldorf-Kindergarten e.V.", "source": "OpenStreetMap/Overpass"}}, {"type": "Feature", "geometry": {"type": "Point", "coordinates": [7.0695175, 51.2357348]}, "properties": {"id": "osm:way:1094303658", "type": "kindergarten", "name": "Kath.Tageseinr.f.Kinder", "source": "OpenStreetMap/Overpass"}}, {"type": "Feature", "geometry": {"type": "Point", "coordinates": [7.1915665, 51.2784958]}, "properties": {"id": "osm:way:1094957030", "type": "kindergarten", "name": "Tageseinrichtung für Kinder Bromberger Straße", "source": "OpenStreetMap/Overpass"}}, {"type": "Feature", "geometry": {"type": "Point", "coordinates": [7.1262685, 51.2804133]}, "properties": {"id": "osm:way:1101346661", "type": "kindergarten", "name": "Kath. Kita Christ König", "source": "OpenStreetMap/Overpass"}}, {"type": "Feature", "geometry": {"type": "Point", "coordinates": [7.0259802, 51.1758838]}, "properties": {"id": "osm:way:1102153355", "type": "kindergarten", "name": "Kindertherapiezentrum", "source": "OpenStreetMap/Overpass"}}, {"type": "Feature", "geometry": {"type": "Point", "coordinates": [7.1618485, 51.2799768]}, "properties": {"id": "osm:way:1103678346", "type": "childcare", "name": "AWO Kindertagesstätte Röttgen in Wuppertal", "source": "OpenStreetMap/Overpass"}}, {"type": "Feature", "geometry": {"type": "Point", "coordinates": [7.2144527, 51.2993406]}, "properties": {"id": "osm:way:1104777297", "type": "kindergarten", "name": "Kita Dellbusch 290a", "source": "OpenStreetMap/Overpass"}}, {"type": "Feature", "geometry": {"type": "Point", "coordinates": [7.2066314, 51.3126776]}, "properties": {"id": "osm:way:1110402089", "type": "school", "name": "Grundschule Gennebreck", "source": "OpenStreetMap/Overpass"}}, {"type": "Feature", "geometry": {"type": "Point", "coordinates": [7.0611825, 51.1861479]}, "properties": {"id": "osm:way:1111099539", "type": "school", "name": "", "source": "OpenStreetMap/Overpass"}}, {"type": "Feature", "geometry": {"type": "Point", "coordinates": [7.3027245, 51.2928618]}, "properties": {"id": "osm:way:1111136323", "type": "kindergarten", "name": "Kath. Kindergarten Hl. Geist", "source": "OpenStreetMap/Overpass"}}, {"type": "Feature", "geometry": {"type": "Point", "coordinates": [7.2769717, 51.2006946]}, "properties": {"id": "osm:way:1112504575", "type": "school", "name": "Grundschule Hackenberg", "source": "OpenStreetMap/Overpass"}}, {"type": "Feature", "geometry": {"type": "Point", "coordinates": [7.2780785, 51.2011716]}, "properties": {"id": "osm:way:1112504576", "type": "kindergarten", "name": "", "source": "OpenStreetMap/Overpass"}}, {"type": "Feature", "geometry": {"type": "Point", "coordinates": [7.283319, 51.2833351]}, "properties": {"id": "osm:way:1112733150", "type": "kindergarten", "name": "Freundschaftsinsel", "source": "OpenStreetMap/Overpass"}}, {"type": "Feature", "geometry": {"type": "Point", "coordinates": [7.2807758, 51.284691]}, "properties": {"id": "osm:way:1119065919", "type": "school", "name": "", "source": "OpenStreetMap/Overpass"}}, {"type": "Feature", "geometry": {"type": "Point", "coordinates": [7.178208, 51.2668633]}, "properties": {"id": "osm:way:1121932961", "type": "kindergarten", "name": "Pumuckl", "source": "OpenStreetMap/Overpass"}}, {"type": "Feature", "geometry": {"type": "Point", "coordinates": [7.1734255, 51.2727426]}, "properties": {"id": "osm:way:1121932963", "type": "kindergarten", "name": "Tageseinrichtung für Kinder", "source": "OpenStreetMap/Overpass"}}, {"type": "Feature", "geometry": {"type": "Point", "coordinates": [7.1339923, 51.255282]}, "properties": {"id": "osm:way:1123382161", "type": "school", "name": "Private Herder-Schule Wuppertal", "source": "OpenStreetMap/Overpass"}}, {"type": "Feature", "geometry": {"type": "Point", "coordinates": [7.2765004, 51.198746]}, "properties": {"id": "osm:way:1124515373", "type": "school", "name": "Albert-Schweitzer-Realschule", "source": "OpenStreetMap/Overpass"}}, {"type": "Feature", "geometry": {"type": "Point", "coordinates": [7.2830194, 51.1986873]}, "properties": {"id": "osm:way:1124516079", "type": "school", "name": "Förderschule Hilda-Heinemann", "source": "OpenStreetMap/Overpass"}}, {"type": "Feature", "geometry": {"type": "Point", "coordinates": [7.2144958, 51.2787145]}, "properties": {"id": "osm:way:1125868935", "type": "school", "name": "Städtische Grundschule Matthäusstraße", "source": "OpenStreetMap/Overpass"}}, {"type": "Feature", "geometry": {"type": "Point", "coordinates": [7.2121102, 51.2824873]}, "properties": {"id": "osm:way:1125875748", "type": "kindergarten", "name": "Kita Baumhaus e.V.", "source": "OpenStreetMap/Overpass"}}, {"type": "Feature", "geometry": {"type": "Point", "coordinates": [7.2936306, 51.2902402]}, "properties": {"id": "osm:way:1127333268", "type": "kindergarten", "name": "KiTa d.St.Schwelm Stadtmitte", "source": "OpenStreetMap/Overpass"}}, {"type": "Feature", "geometry": {"type": "Point", "coordinates": [7.2906409, 51.2959594]}, "properties": {"id": "osm:way:1132327701", "type": "kindergarten", "name": "DRK KiTa \"Die kleinen Passanten\" / Am Alten Bahnhof", "source": "OpenStreetMap/Overpass"}}, {"type": "Feature", "geometry": {"type": "Point", "coordinates": [7.2879206, 51.2984385]}, "properties": {"id": "osm:way:1133011320", "type": "kindergarten", "name": "", "source": "OpenStreetMap/Overpass"}}, {"type": "Feature", "geometry": {"type": "Point", "coordinates": [7.08662, 51.1747353]}, "properties": {"id": "osm:way:1151213221", "type": "kindergarten", "name": "", "source": "OpenStreetMap/Overpass"}}, {"type": "Feature", "geometry": {"type": "Point", "coordinates": [7.2363522, 51.216544]}, "properties": {"id": "osm:way:1154842859", "type": "kindergarten", "name": "Kindertagesstätte Fuchsweg", "source": "OpenStreetMap/Overpass"}}, {"type": "Feature", "geometry": {"type": "Point", "coordinates": [7.3037801, 51.2885419]}, "properties": {"id": "osm:way:1161189382", "type": "kindergarten", "name": "AWO Kita Oelkinghausen", "source": "OpenStreetMap/Overpass"}}, {"type": "Feature", "geometry": {"type": "Point", "coordinates": [7.022133, 51.1750263]}, "properties": {"id": "osm:way:1184787895", "type": "kindergarten", "name": "Waldorfkindergarten Alegria", "source": "OpenStreetMap/Overpass"}}, {"type": "Feature", "geometry": {"type": "Point", "coordinates": [7.0480609, 51.1754904]}, "properties": {"id": "osm:way:1187815985", "type": "kindergarten", "name": "Bachperlen", "source": "OpenStreetMap/Overpass"}}, {"type": "Feature", "geometry": {"type": "Point", "coordinates": [7.1645098, 51.1741804]}, "properties": {"id": "osm:way:1222129874", "type": "kindergarten", "name": "Städtische Kindertageseinrichtung und Familienzentrum Vieringhausen", "source": "OpenStreetMap/Overpass"}}, {"type": "Feature", "geometry": {"type": "Point", "coordinates": [7.2526627, 51.1950234]}, "properties": {"id": "osm:way:1223802718", "type": "kindergarten", "name": "", "source": "OpenStreetMap/Overpass"}}, {"type": "Feature", "geometry": {"type": "Point", "coordinates": [7.061688, 51.2323883]}, "properties": {"id": "osm:way:1227234280", "type": "kindergarten", "name": "TfK Vohwinkler Feld", "source": "OpenStreetMap/Overpass"}}, {"type": "Feature", "geometry": {"type": "Point", "coordinates": [7.1899087, 51.2773605]}, "properties": {"id": "osm:way:1227762858", "type": "kindergarten", "name": "Anton & Pünktchen", "source": "OpenStreetMap/Overpass"}}, {"type": "Feature", "geometry": {"type": "Point", "coordinates": [7.1915702, 51.2823562]}, "properties": {"id": "osm:way:1227762859", "type": "kindergarten", "name": "Gänseblümchen", "source": "OpenStreetMap/Overpass"}}, {"type": "Feature", "geometry": {"type": "Point", "coordinates": [7.2204355, 51.2663924]}, "properties": {"id": "osm:way:1239439959", "type": "kindergarten", "name": "Stepke-KiTa Murmel-Kids", "source": "OpenStreetMap/Overpass"}}, {"type": "Feature", "geometry": {"type": "Point", "coordinates": [7.1556636, 51.2641076]}, "properties": {"id": "osm:way:1247791895", "type": "kindergarten", "name": "Kindertagesstätte Pudelmütze", "source": "OpenStreetMap/Overpass"}}, {"type": "Feature", "geometry": {"type": "Point", "coordinates": [7.036494, 51.2798588]}, "properties": {"id": "osm:way:1250554528", "type": "school", "name": "", "source": "OpenStreetMap/Overpass"}}, {"type": "Feature", "geometry": {"type": "Point", "coordinates": [7.1094298, 51.2724173]}, "properties": {"id": "osm:way:1254313724", "type": "kindergarten", "name": "In den Birken", "source": "OpenStreetMap/Overpass"}}, {"type": "Feature", "geometry": {"type": "Point", "coordinates": [7.2906204, 51.295951]}, "properties": {"id": "osm:way:1297772299", "type": "childcare", "name": "DRK Kindertageseinrichtung \"Die kleinen Passanten- Am alten Bahnhof\"", "source": "OpenStreetMap/Overpass"}}, {"type": "Feature", "geometry": {"type": "Point", "coordinates": [7.1342466, 51.2425505]}, "properties": {"id": "osm:way:1308841801", "type": "kindergarten", "name": "", "source": "OpenStreetMap/Overpass"}}, {"type": "Feature", "geometry": {"type": "Point", "coordinates": [7.1673585, 51.2638643]}, "properties": {"id": "osm:way:1319131562", "type": "school", "name": "Ganztagsgymnasium Johannes Rau <Ausweichquartier>", "source": "OpenStreetMap/Overpass"}}, {"type": "Feature", "geometry": {"type": "Point", "coordinates": [7.0447596, 51.180385]}, "properties": {"id": "osm:way:1354887186", "type": "childcare", "name": "Pinochio 4", "source": "OpenStreetMap/Overpass"}}, {"type": "Feature", "geometry": {"type": "Point", "coordinates": [7.0447371, 51.1803138]}, "properties": {"id": "osm:way:1355443603", "type": "kindergarten", "name": "", "source": "OpenStreetMap/Overpass"}}, {"type": "Feature", "geometry": {"type": "Point", "coordinates": [7.0510036, 51.1857552]}, "properties": {"id": "osm:way:1359640742", "type": "kindergarten", "name": "Kita Kleblatt", "source": "OpenStreetMap/Overpass"}}, {"type": "Feature", "geometry": {"type": "Point", "coordinates": [7.0236225, 51.1971518]}, "properties": {"id": "osm:way:1365737517", "type": "kindergarten", "name": "Am Nachbarsberg", "source": "OpenStreetMap/Overpass"}}, {"type": "Feature", "geometry": {"type": "Point", "coordinates": [7.2140002, 51.1788968]}, "properties": {"id": "osm:way:1383967227", "type": "school", "name": "Berufskolleg Technik", "source": "OpenStreetMap/Overpass"}}, {"type": "Feature", "geometry": {"type": "Point", "coordinates": [7.0719337, 51.1840036]}, "properties": {"id": "osm:way:1412608832", "type": "childcare", "name": "", "source": "OpenStreetMap/Overpass"}}, {"type": "Feature", "geometry": {"type": "Point", "coordinates": [7.0867382, 51.176111]}, "properties": {"id": "osm:way:1433537610", "type": "kindergarten", "name": "Cronenzwerge", "source": "OpenStreetMap/Overpass"}}, {"type": "Feature", "geometry": {"type": "Point", "coordinates": [7.1167857, 51.2689656]}, "properties": {"id": "osm:way:1463547718", "type": "kindergarten", "name": "Waldkindergarten Elfentor e.V.", "source": "OpenStreetMap/Overpass"}}, {"type": "Feature", "geometry": {"type": "Point", "coordinates": [7.1908085, 51.1825271]}, "properties": {"id": "osm:relation:152068", "type": "school", "name": "Emma-Herwegh-Gymnasium", "source": "OpenStreetMap/Overpass"}}, {"type": "Feature", "geometry": {"type": "Point", "coordinates": [7.1729093, 51.1853368]}, "properties": {"id": "osm:relation:222800", "type": "school", "name": "Grundschule Stadtpark", "source": "OpenStreetMap/Overpass"}}, {"type": "Feature", "geometry": {"type": "Point", "coordinates": [7.0176066, 51.1936161]}, "properties": {"id": "osm:relation:1324208", "type": "school", "name": "Schulzentrum Walder Straße", "source": "OpenStreetMap/Overpass"}}, {"type": "Feature", "geometry": {"type": "Point", "coordinates": [7.3031868, 51.2845766]}, "properties": {"id": "osm:relation:1584057", "type": "school", "name": "Dietrich Bonhoeffer Realschule", "source": "OpenStreetMap/Overpass"}}]}
