{"type": "FeatureCollection", "features": [{"type": "Feature", "geometry": {"type": "Point", "coordinates": [7.1326606, 51.5015692]}, "properties": {"id": "osm:node:255330014", "type": "school", "name": "GGS Haidekamp", "source": "OpenStreetMap/Overpass"}}, {"type": "Feature", "geometry": {"type": "Point", "coordinates": [7.1181103, 51.5033914]}, "properties": {"id": "osm:node:255330129", "type": "school", "name": "Kath. GS Hohenfriedberger Straße", "source": "OpenStreetMap/Overpass"}}, {"type": "Feature", "geometry": {"type": "Point", "coordinates": [7.1183634, 51.5031135]}, "properties": {"id": "osm:node:255330130", "type": "school", "name": "GGS Hohenfriedberger Straße", "source": "OpenStreetMap/Overpass"}}, {"type": "Feature", "geometry": {"type": "Point", "coordinates": [7.3255993, 51.5271083]}, "properties": {"id": "osm:node:277008105", "type": "kindergarten", "name": "Katholischer Kindergarten St. Marien Merklinde", "source": "OpenStreetMap/Overpass"}}, {"type": "Feature", "geometry": {"type": "Point", "coordinates": [7.2503087, 51.4300044]}, "properties": {"id": "osm:node:292576466", "type": "kindergarten", "name": "", "source": "OpenStreetMap/Overpass"}}, {"type": "Feature", "geometry": {"type": "Point", "coordinates": [7.1768668, 51.5140391]}, "properties": {"id": "osm:node:442468704", "type": "kindergarten", "name": "Ev. Kita & Familienzentrum „Kunterbunt“", "source": "OpenStreetMap/Overpass"}}, {"type": "Feature", "geometry": {"type": "Point", "coordinates": [7.1673353, 51.4459286]}, "properties": {"id": "osm:node:568473164", "type": "school", "name": "Dietrich-Bonhoeffer-Schule", "source": "OpenStreetMap/Overpass"}}, {"type": "Feature", "geometry": {"type": "Point", "coordinates": [7.1809029, 51.4590011]}, "properties": {"id": "osm:node:667462492", "type": "kindergarten", "name": "Evangelische Kindertagesstätte Rosendelle", "source": "OpenStreetMap/Overpass"}}, {"type": "Feature", "geometry": {"type": "Point", "coordinates": [7.3398444, 51.4520831]}, "properties": {"id": "osm:node:948522052", "type": "childcare", "name": "", "source": "OpenStreetMap/Overpass"}}, {"type": "Feature", "geometry": {"type": "Point", "coordinates": [7.2238506, 51.5281561]}, "properties": {"id": "osm:node:1298828398", "type": "school", "name": "Kolibri-Schule", "source": "OpenStreetMap/Overpass"}}, {"type": "Feature", "geometry": {"type": "Point", "coordinates": [7.1151532, 51.4177037]}, "properties": {"id": "osm:node:1681767545", "type": "kindergarten", "name": "Kinderarche", "source": "OpenStreetMap/Overpass"}}, {"type": "Feature", "geometry": {"type": "Point", "coordinates": [7.2251602, 51.4993753]}, "properties": {"id": "osm:node:1884964253", "type": "kindergarten", "name": "", "source": "OpenStreetMap/Overpass"}}, {"type": "Feature", "geometry": {"type": "Point", "coordinates": [7.1418247, 51.4958827]}, "properties": {"id": "osm:node:1951256429", "type": "school", "name": "Grundschule Günnigfeld", "source": "OpenStreetMap/Overpass"}}, {"type": "Feature", "geometry": {"type": "Point", "coordinates": [7.1583721, 51.4187392]}, "properties": {"id": "osm:node:1976514172", "type": "kindergarten", "name": "Kindertagesstätte Am Chursbusch", "source": "OpenStreetMap/Overpass"}}, {"type": "Feature", "geometry": {"type": "Point", "coordinates": [7.2471624, 51.4545799]}, "properties": {"id": "osm:node:2089306175", "type": "kindergarten", "name": "Kindertagesstätte Thomaszentrum", "source": "OpenStreetMap/Overpass"}}, {"type": "Feature", "geometry": {"type": "Point", "coordinates": [7.2451994, 51.4239637]}, "properties": {"id": "osm:node:2278701983", "type": "kindergarten", "name": "Krabbelstube Killekak", "source": "OpenStreetMap/Overpass"}}, {"type": "Feature", "geometry": {"type": "Point", "coordinates": [7.1950964, 51.5015985]}, "properties": {"id": "osm:node:2307978163", "type": "kindergarten", "name": "Rappelkiste", "source": "OpenStreetMap/Overpass"}}, {"type": "Feature", "geometry": {"type": "Point", "coordinates": [7.1788658, 51.500506]}, "properties": {"id": "osm:node:3150944052", "type": "kindergarten", "name": "Evangelische Kindertagesstätte Finefrau", "source": "OpenStreetMap/Overpass"}}, {"type": "Feature", "geometry": {"type": "Point", "coordinates": [7.2056707, 51.4117162]}, "properties": {"id": "osm:node:3294303846", "type": "kindergarten", "name": "Katholische Kita St. Josef", "source": "OpenStreetMap/Overpass"}}, {"type": "Feature", "geometry": {"type": "Point", "coordinates": [7.1046058, 51.5234071]}, "properties": {"id": "osm:node:3474018270", "type": "kindergarten", "name": "Städtische Tageseinrichtung für Kinder und Familienzentrum", "source": "OpenStreetMap/Overpass"}}, {"type": "Feature", "geometry": {"type": "Point", "coordinates": [7.2380391, 51.457084]}, "properties": {"id": "osm:node:3745588172", "type": "childcare", "name": "Baby Bee", "source": "OpenStreetMap/Overpass"}}, {"type": "Feature", "geometry": {"type": "Point", "coordinates": [7.3383747, 51.4403591]}, "properties": {"id": "osm:node:3999976952", "type": "kindergarten", "name": "Wittener Wichtel", "source": "OpenStreetMap/Overpass"}}, {"type": "Feature", "geometry": {"type": "Point", "coordinates": [7.3225832, 51.4402511]}, "properties": {"id": "osm:node:4096233383", "type": "school", "name": "Magic Academy", "source": "OpenStreetMap/Overpass"}}, {"type": "Feature", "geometry": {"type": "Point", "coordinates": [7.3320951, 51.4407183]}, "properties": {"id": "osm:node:4587931765", "type": "kindergarten", "name": "Zwergenbude", "source": "OpenStreetMap/Overpass"}}, {"type": "Feature", "geometry": {"type": "Point", "coordinates": [7.2088588, 51.4795799]}, "properties": {"id": "osm:node:5348096798", "type": "childcare", "name": "MuKi Bochum - Multikulturelles für Kinder", "source": "OpenStreetMap/Overpass"}}, {"type": "Feature", "geometry": {"type": "Point", "coordinates": [7.2222467, 51.4804296]}, "properties": {"id": "osm:node:5348741018", "type": "school", "name": "WBS Trainings AG Bochum", "source": "OpenStreetMap/Overpass"}}, {"type": "Feature", "geometry": {"type": "Point", "coordinates": [7.2740113, 51.5155715]}, "properties": {"id": "osm:node:5352584434", "type": "school", "name": "Anne-Frank-Schule", "source": "OpenStreetMap/Overpass"}}, {"type": "Feature", "geometry": {"type": "Point", "coordinates": [7.2094682, 51.4784548]}, "properties": {"id": "osm:node:5368404257", "type": "kindergarten", "name": "Mondgesicht Bochum - u3 management", "source": "OpenStreetMap/Overpass"}}, {"type": "Feature", "geometry": {"type": "Point", "coordinates": [7.1861127, 51.4907011]}, "properties": {"id": "osm:node:5422840853", "type": "kindergarten", "name": "Evangelische Kindertageseinrichtung Hoffnungsbaum", "source": "OpenStreetMap/Overpass"}}, {"type": "Feature", "geometry": {"type": "Point", "coordinates": [7.1089384, 51.5002062]}, "properties": {"id": "osm:node:5451702339", "type": "childcare", "name": "MoKi", "source": "OpenStreetMap/Overpass"}}, {"type": "Feature", "geometry": {"type": "Point", "coordinates": [7.1992542, 51.4780884]}, "properties": {"id": "osm:node:5457745026", "type": "kindergarten", "name": "Kindertagesstätte 3Käsehoch", "source": "OpenStreetMap/Overpass"}}, {"type": "Feature", "geometry": {"type": "Point", "coordinates": [7.1085454, 51.4978618]}, "properties": {"id": "osm:node:5483002701", "type": "kindergarten", "name": "Städtischer Kindergarten", "source": "OpenStreetMap/Overpass"}}, {"type": "Feature", "geometry": {"type": "Point", "coordinates": [7.2148195, 51.472823]}, "properties": {"id": "osm:node:5485405566", "type": "kindergarten", "name": "KidsCare Butterfly", "source": "OpenStreetMap/Overpass"}}, {"type": "Feature", "geometry": {"type": "Point", "coordinates": [7.1367458, 51.4684351]}, "properties": {"id": "osm:node:5729059270", "type": "kindergarten", "name": "Katholische KiTa St. Nicolaus", "source": "OpenStreetMap/Overpass"}}, {"type": "Feature", "geometry": {"type": "Point", "coordinates": [7.1366251, 51.468659]}, "properties": {"id": "osm:node:5729059271", "type": "kindergarten", "name": "Kindertagesstätte Isenbrockstraße", "source": "OpenStreetMap/Overpass"}}, {"type": "Feature", "geometry": {"type": "Point", "coordinates": [7.3059886, 51.4823659]}, "properties": {"id": "osm:node:5743825412", "type": "childcare", "name": "Sonnenkind Bochum e. V.", "source": "OpenStreetMap/Overpass"}}, {"type": "Feature", "geometry": {"type": "Point", "coordinates": [7.1474374, 51.4886777]}, "properties": {"id": "osm:node:5774183598", "type": "childcare", "name": "Zwergenwiese", "source": "OpenStreetMap/Overpass"}}, {"type": "Feature", "geometry": {"type": "Point", "coordinates": [7.3084658, 51.4791917]}, "properties": {"id": "osm:node:5775700477", "type": "childcare", "name": "Kindertagesstätte Guck Mal", "source": "OpenStreetMap/Overpass"}}, {"type": "Feature", "geometry": {"type": "Point", "coordinates": [7.2793, 51.5196668]}, "properties": {"id": "osm:node:5782934774", "type": "school", "name": "Matheschule Mika", "source": "OpenStreetMap/Overpass"}}, {"type": "Feature", "geometry": {"type": "Point", "coordinates": [7.2898618, 51.4191371]}, "properties": {"id": "osm:node:5822934257", "type": "kindergarten", "name": "Kita Vormholz", "source": "OpenStreetMap/Overpass"}}, {"type": "Feature", "geometry": {"type": "Point", "coordinates": [7.2055459, 51.491917]}, "properties": {"id": "osm:node:5829599095", "type": "kindergarten", "name": "AWO Kinderhaus Haldenstraße", "source": "OpenStreetMap/Overpass"}}, {"type": "Feature", "geometry": {"type": "Point", "coordinates": [7.2056666, 51.4915496]}, "properties": {"id": "osm:node:5829709393", "type": "kindergarten", "name": "Waldorfkinderhaus Bochum-Zentrum e.V.", "source": "OpenStreetMap/Overpass"}}, {"type": "Feature", "geometry": {"type": "Point", "coordinates": [7.3087777, 51.4855045]}, "properties": {"id": "osm:node:5847457477", "type": "kindergarten", "name": "Villa Chaos", "source": "OpenStreetMap/Overpass"}}, {"type": "Feature", "geometry": {"type": "Point", "coordinates": [7.1506954, 51.4959629]}, "properties": {"id": "osm:node:5848398640", "type": "kindergarten", "name": "Kindergarten Herz Mariä", "source": "OpenStreetMap/Overpass"}}, {"type": "Feature", "geometry": {"type": "Point", "coordinates": [7.2679241, 51.4718222]}, "properties": {"id": "osm:node:5864462717", "type": "kindergarten", "name": "ev. Kindergarten Laer", "source": "OpenStreetMap/Overpass"}}, {"type": "Feature", "geometry": {"type": "Point", "coordinates": [7.2304289, 51.4402006]}, "properties": {"id": "osm:node:5931929369", "type": "kindergarten", "name": "Kinderstübchen", "source": "OpenStreetMap/Overpass"}}, {"type": "Feature", "geometry": {"type": "Point", "coordinates": [7.150828, 51.4492445]}, "properties": {"id": "osm:node:5934965555", "type": "kindergarten", "name": "Kindergarten St. Marien", "source": "OpenStreetMap/Overpass"}}, {"type": "Feature", "geometry": {"type": "Point", "coordinates": [7.1244651, 51.4791138]}, "properties": {"id": "osm:node:5966690536", "type": "kindergarten", "name": "Kindertagesstätte Schulstraße", "source": "OpenStreetMap/Overpass"}}, {"type": "Feature", "geometry": {"type": "Point", "coordinates": [7.2199662, 51.450834]}, "properties": {"id": "osm:node:6004934794", "type": "kindergarten", "name": "Kita Kinderladen", "source": "OpenStreetMap/Overpass"}}, {"type": "Feature", "geometry": {"type": "Point", "coordinates": [7.1236927, 51.4887621]}, "properties": {"id": "osm:node:6310530318", "type": "kindergarten", "name": "Kath. Kindergarten St. Barbara", "source": "OpenStreetMap/Overpass"}}, {"type": "Feature", "geometry": {"type": "Point", "coordinates": [7.2265109, 51.4850257]}, "properties": {"id": "osm:node:6339748638", "type": "kindergarten", "name": "Kita Sternenhügel", "source": "OpenStreetMap/Overpass"}}, {"type": "Feature", "geometry": {"type": "Point", "coordinates": [7.2112243, 51.4772213]}, "properties": {"id": "osm:node:6355074730", "type": "kindergarten", "name": "Pusteblume", "source": "OpenStreetMap/Overpass"}}, {"type": "Feature", "geometry": {"type": "Point", "coordinates": [7.2079712, 51.4910224]}, "properties": {"id": "osm:node:6355974487", "type": "kindergarten", "name": "Kindertagesstätte", "source": "OpenStreetMap/Overpass"}}, {"type": "Feature", "geometry": {"type": "Point", "coordinates": [7.2100137, 51.4794989]}, "properties": {"id": "osm:node:6373998668", "type": "kindergarten", "name": "Kindertagespflege Zwergennest", "source": "OpenStreetMap/Overpass"}}, {"type": "Feature", "geometry": {"type": "Point", "coordinates": [7.1645285, 51.4288729]}, "properties": {"id": "osm:node:6387285811", "type": "kindergarten", "name": "Jojo Kindertagespflege", "source": "OpenStreetMap/Overpass"}}, {"type": "Feature", "geometry": {"type": "Point", "coordinates": [7.20709, 51.4407843]}, "properties": {"id": "osm:node:6426652684", "type": "childcare", "name": "Kindertagespflege „Bullerbü“", "source": "OpenStreetMap/Overpass"}}, {"type": "Feature", "geometry": {"type": "Point", "coordinates": [7.2150845, 51.4487192]}, "properties": {"id": "osm:node:6453942336", "type": "childcare", "name": "B-Engelstube", "source": "OpenStreetMap/Overpass"}}, {"type": "Feature", "geometry": {"type": "Point", "coordinates": [7.2748013, 51.5155575]}, "properties": {"id": "osm:node:6467994565", "type": "school", "name": "Heinrich-von-Kleist-Schule", "source": "OpenStreetMap/Overpass"}}, {"type": "Feature", "geometry": {"type": "Point", "coordinates": [7.3236413, 51.4729387]}, "properties": {"id": "osm:node:6508377158", "type": "childcare", "name": "Krümmelkiste", "source": "OpenStreetMap/Overpass"}}, {"type": "Feature", "geometry": {"type": "Point", "coordinates": [7.2146942, 51.4647795]}, "properties": {"id": "osm:node:6548080841", "type": "childcare", "name": "Lönneberga", "source": "OpenStreetMap/Overpass"}}, {"type": "Feature", "geometry": {"type": "Point", "coordinates": [7.1465287, 51.4612431]}, "properties": {"id": "osm:node:6587360434", "type": "childcare", "name": "Kleines Eulennestchen", "source": "OpenStreetMap/Overpass"}}, {"type": "Feature", "geometry": {"type": "Point", "coordinates": [7.2200917, 51.4852429]}, "properties": {"id": "osm:node:6677372643", "type": "kindergarten", "name": "Minimum e. V.", "source": "OpenStreetMap/Overpass"}}, {"type": "Feature", "geometry": {"type": "Point", "coordinates": [7.1533661, 51.4562494]}, "properties": {"id": "osm:node:6760501421", "type": "childcare", "name": "Nesthäkchen", "source": "OpenStreetMap/Overpass"}}, {"type": "Feature", "geometry": {"type": "Point", "coordinates": [7.2455083, 51.4244869]}, "properties": {"id": "osm:node:6792094248", "type": "kindergarten", "name": "Stiepeler Krabbelzwerge", "source": "OpenStreetMap/Overpass"}}, {"type": "Feature", "geometry": {"type": "Point", "coordinates": [7.2475508, 51.4934231]}, "properties": {"id": "osm:node:6808220670", "type": "kindergarten", "name": "Heilig Kreuz", "source": "OpenStreetMap/Overpass"}}, {"type": "Feature", "geometry": {"type": "Point", "coordinates": [7.2062907, 51.4785829]}, "properties": {"id": "osm:node:6982287826", "type": "childcare", "name": "Villa Sonnenschein", "source": "OpenStreetMap/Overpass"}}, {"type": "Feature", "geometry": {"type": "Point", "coordinates": [7.1346412, 51.4799136]}, "properties": {"id": "osm:node:7036090919", "type": "childcare", "name": "Himmelsland", "source": "OpenStreetMap/Overpass"}}, {"type": "Feature", "geometry": {"type": "Point", "coordinates": [7.3061908, 51.4904715]}, "properties": {"id": "osm:node:7067010168", "type": "childcare", "name": "Die Kinderstube", "source": "OpenStreetMap/Overpass"}}, {"type": "Feature", "geometry": {"type": "Point", "coordinates": [7.2385385, 51.4678494]}, "properties": {"id": "osm:node:7076842823", "type": "kindergarten", "name": "Kita Mirabilis", "source": "OpenStreetMap/Overpass"}}, {"type": "Feature", "geometry": {"type": "Point", "coordinates": [7.1550924, 51.465315]}, "properties": {"id": "osm:node:7133326883", "type": "kindergarten", "name": "Kindertagespflege Tippe Tappe", "source": "OpenStreetMap/Overpass"}}, {"type": "Feature", "geometry": {"type": "Point", "coordinates": [7.1023661, 51.4439047]}, "properties": {"id": "osm:node:7856883873", "type": "kindergarten", "name": "Kunterbunt", "source": "OpenStreetMap/Overpass"}}, {"type": "Feature", "geometry": {"type": "Point", "coordinates": [7.2452285, 51.4720541]}, "properties": {"id": "osm:node:7947409597", "type": "kindergarten", "name": "Großtagespflege Kleiner Drache Wirbelwind", "source": "OpenStreetMap/Overpass"}}, {"type": "Feature", "geometry": {"type": "Point", "coordinates": [7.2006498, 51.4794691]}, "properties": {"id": "osm:node:8015438986", "type": "school", "name": "web-individualschule GmbH", "source": "OpenStreetMap/Overpass"}}, {"type": "Feature", "geometry": {"type": "Point", "coordinates": [7.1529074, 51.4203586]}, "properties": {"id": "osm:node:8179290082", "type": "kindergarten", "name": "Heike's Kinnderstübchen", "source": "OpenStreetMap/Overpass"}}, {"type": "Feature", "geometry": {"type": "Point", "coordinates": [7.2434624, 51.4697531]}, "properties": {"id": "osm:node:8342803100", "type": "kindergarten", "name": "Kita Wasserstraße", "source": "OpenStreetMap/Overpass"}}, {"type": "Feature", "geometry": {"type": "Point", "coordinates": [7.2697421, 51.453349]}, "properties": {"id": "osm:node:8461153374", "type": "kindergarten", "name": "Familienzentrum Eulenbaumstraße", "source": "OpenStreetMap/Overpass"}}, {"type": "Feature", "geometry": {"type": "Point", "coordinates": [7.2594041, 51.4558815]}, "properties": {"id": "osm:node:8476455106", "type": "kindergarten", "name": "Familienzentrum Gropiusweg", "source": "OpenStreetMap/Overpass"}}, {"type": "Feature", "geometry": {"type": "Point", "coordinates": [7.1491693, 51.4716084]}, "properties": {"id": "osm:node:8488963197", "type": "school", "name": "Hellweg-Schule", "source": "OpenStreetMap/Overpass"}}, {"type": "Feature", "geometry": {"type": "Point", "coordinates": [7.2161691, 51.4853657]}, "properties": {"id": "osm:node:8594697158", "type": "school", "name": "Ludwig Fresenius Schulen", "source": "OpenStreetMap/Overpass"}}, {"type": "Feature", "geometry": {"type": "Point", "coordinates": [7.2105142, 51.4536563]}, "properties": {"id": "osm:node:8827303689", "type": "kindergarten", "name": "Carolinen Preschool", "source": "OpenStreetMap/Overpass"}}, {"type": "Feature", "geometry": {"type": "Point", "coordinates": [7.218309, 51.4908585]}, "properties": {"id": "osm:node:9013731518", "type": "childcare", "name": "Grummbärchen", "source": "OpenStreetMap/Overpass"}}, {"type": "Feature", "geometry": {"type": "Point", "coordinates": [7.201972, 51.4638826]}, "properties": {"id": "osm:node:9035813717", "type": "kindergarten", "name": "Hühnerstall", "source": "OpenStreetMap/Overpass"}}, {"type": "Feature", "geometry": {"type": "Point", "coordinates": [7.2168629, 51.526596]}, "properties": {"id": "osm:node:9148281909", "type": "kindergarten", "name": "Kindertagespflege Regenbogen", "source": "OpenStreetMap/Overpass"}}, {"type": "Feature", "geometry": {"type": "Point", "coordinates": [7.1966659, 51.5311244]}, "properties": {"id": "osm:node:9402719604", "type": "kindergarten", "name": "Evangelische Kita Holsterhausen", "source": "OpenStreetMap/Overpass"}}, {"type": "Feature", "geometry": {"type": "Point", "coordinates": [7.2580883, 51.4690555]}, "properties": {"id": "osm:node:9514708820", "type": "school", "name": "Berufskolleg im Johanneswerk", "source": "OpenStreetMap/Overpass"}}, {"type": "Feature", "geometry": {"type": "Point", "coordinates": [7.1613181, 51.4582162]}, "properties": {"id": "osm:node:9594417262", "type": "kindergarten", "name": "Waldorfkindergarten Wattenscheid", "source": "OpenStreetMap/Overpass"}}, {"type": "Feature", "geometry": {"type": "Point", "coordinates": [7.2279678, 51.4596951]}, "properties": {"id": "osm:node:9919789039", "type": "kindergarten", "name": "Federleicht", "source": "OpenStreetMap/Overpass"}}, {"type": "Feature", "geometry": {"type": "Point", "coordinates": [7.2382386, 51.4742759]}, "properties": {"id": "osm:node:10195331579", "type": "kindergarten", "name": "Kindertagesstätte Villa Kunterbunt", "source": "OpenStreetMap/Overpass"}}, {"type": "Feature", "geometry": {"type": "Point", "coordinates": [7.2512185, 51.4842555]}, "properties": {"id": "osm:node:10235067370", "type": "kindergarten", "name": "Großtagespflege Gänseblümchen", "source": "OpenStreetMap/Overpass"}}, {"type": "Feature", "geometry": {"type": "Point", "coordinates": [7.1745577, 51.5207972]}, "properties": {"id": "osm:node:10249214137", "type": "kindergarten", "name": "Kita Am Weustenbusch", "source": "OpenStreetMap/Overpass"}}, {"type": "Feature", "geometry": {"type": "Point", "coordinates": [7.2133286, 51.4904557]}, "properties": {"id": "osm:node:10608401347", "type": "kindergarten", "name": "Kinderzimmer", "source": "OpenStreetMap/Overpass"}}, {"type": "Feature", "geometry": {"type": "Point", "coordinates": [7.2380199, 51.4629147]}, "properties": {"id": "osm:node:10694788274", "type": "kindergarten", "name": "Krümelstube", "source": "OpenStreetMap/Overpass"}}, {"type": "Feature", "geometry": {"type": "Point", "coordinates": [7.2560014, 51.4688182]}, "properties": {"id": "osm:node:10720314404", "type": "childcare", "name": "Großtagespflege PlitschePlatsche", "source": "OpenStreetMap/Overpass"}}, {"type": "Feature", "geometry": {"type": "Point", "coordinates": [7.1675539, 51.5246556]}, "properties": {"id": "osm:node:10743283814", "type": "kindergarten", "name": "Farbenreich Kindertagespflege", "source": "OpenStreetMap/Overpass"}}, {"type": "Feature", "geometry": {"type": "Point", "coordinates": [7.2430518, 51.47806]}, "properties": {"id": "osm:node:10752155255", "type": "childcare", "name": "Kindertagespflege Lapapusa", "source": "OpenStreetMap/Overpass"}}, {"type": "Feature", "geometry": {"type": "Point", "coordinates": [7.2360159, 51.4754472]}, "properties": {"id": "osm:node:10764052187", "type": "kindergarten", "name": "Kindertagespflege Pünktchen", "source": "OpenStreetMap/Overpass"}}, {"type": "Feature", "geometry": {"type": "Point", "coordinates": [7.3297829, 51.4403935]}, "properties": {"id": "osm:node:11061529464", "type": "kindergarten", "name": "Traumwerkstatt", "source": "OpenStreetMap/Overpass"}}, {"type": "Feature", "geometry": {"type": "Point", "coordinates": [7.2199483, 51.4835751]}, "properties": {"id": "osm:node:11111285466", "type": "kindergarten", "name": "Kinderbetreuung der IFAK e.V.", "source": "OpenStreetMap/Overpass"}}, {"type": "Feature", "geometry": {"type": "Point", "coordinates": [7.2916964, 51.4729157]}, "properties": {"id": "osm:node:11191157239", "type": "school", "name": "Berufsfortbildungswerk", "source": "OpenStreetMap/Overpass"}}, {"type": "Feature", "geometry": {"type": "Point", "coordinates": [7.2063734, 51.4934023]}, "properties": {"id": "osm:node:11468743395", "type": "kindergarten", "name": "AWO Kindertageseinrichtung Hedwigstraße", "source": "OpenStreetMap/Overpass"}}, {"type": "Feature", "geometry": {"type": "Point", "coordinates": [7.1111967, 51.4995869]}, "properties": {"id": "osm:node:11865957082", "type": "kindergarten", "name": "Kita Talentzwerge", "source": "OpenStreetMap/Overpass"}}, {"type": "Feature", "geometry": {"type": "Point", "coordinates": [7.3486064, 51.4477629]}, "properties": {"id": "osm:node:11880944047", "type": "kindergarten", "name": "Fröbelhaus", "source": "OpenStreetMap/Overpass"}}, {"type": "Feature", "geometry": {"type": "Point", "coordinates": [7.1709074, 51.4120045]}, "properties": {"id": "osm:node:12001211139", "type": "kindergarten", "name": "", "source": "OpenStreetMap/Overpass"}}, {"type": "Feature", "geometry": {"type": "Point", "coordinates": [7.2073035, 51.479512]}, "properties": {"id": "osm:node:12091864670", "type": "kindergarten", "name": "Die Zwergenkinder", "source": "OpenStreetMap/Overpass"}}, {"type": "Feature", "geometry": {"type": "Point", "coordinates": [7.3245469, 51.4587484]}, "properties": {"id": "osm:node:12614365071", "type": "kindergarten", "name": "Kita Langendreerstraße", "source": "OpenStreetMap/Overpass"}}, {"type": "Feature", "geometry": {"type": "Point", "coordinates": [7.2420897, 51.4682793]}, "properties": {"id": "osm:node:12757422911", "type": "kindergarten", "name": "Integrative Kindergemeinschaft Bochum e. V.", "source": "OpenStreetMap/Overpass"}}, {"type": "Feature", "geometry": {"type": "Point", "coordinates": [7.3053681, 51.4874596]}, "properties": {"id": "osm:node:12766069401", "type": "kindergarten", "name": "KinderWelt - die integrative Kinderbetreuung", "source": "OpenStreetMap/Overpass"}}, {"type": "Feature", "geometry": {"type": "Point", "coordinates": [7.2697652, 51.4549484]}, "properties": {"id": "osm:node:12817764243", "type": "kindergarten", "name": "Kita Auf dem Backenberg", "source": "OpenStreetMap/Overpass"}}, {"type": "Feature", "geometry": {"type": "Point", "coordinates": [7.2329481, 51.4768634]}, "properties": {"id": "osm:node:12826340311", "type": "kindergarten", "name": "Die kleinen Entdecker", "source": "OpenStreetMap/Overpass"}}, {"type": "Feature", "geometry": {"type": "Point", "coordinates": [7.3316451, 51.4344723]}, "properties": {"id": "osm:node:13344900684", "type": "kindergarten", "name": "Kinder in der St. Elisabeth Gruppe", "source": "OpenStreetMap/Overpass"}}, {"type": "Feature", "geometry": {"type": "Point", "coordinates": [7.2605695, 51.4884941]}, "properties": {"id": "osm:node:13645648047", "type": "kindergarten", "name": "Ev. Familienzentrum Kornharpen", "source": "OpenStreetMap/Overpass"}}, {"type": "Feature", "geometry": {"type": "Point", "coordinates": [7.2192246, 51.4606076]}, "properties": {"id": "osm:node:13651219552", "type": "kindergarten", "name": "Kindertagesstätte Regenbogenland", "source": "OpenStreetMap/Overpass"}}, {"type": "Feature", "geometry": {"type": "Point", "coordinates": [7.1060744, 51.5124255]}, "properties": {"id": "osm:way:22913896", "type": "school", "name": "Ricarda-Huch-Gymnasium", "source": "OpenStreetMap/Overpass"}}, {"type": "Feature", "geometry": {"type": "Point", "coordinates": [7.1133176, 51.4946357]}, "properties": {"id": "osm:way:23060464", "type": "school", "name": "Gesamtschule Ückendorf", "source": "OpenStreetMap/Overpass"}}, {"type": "Feature", "geometry": {"type": "Point", "coordinates": [7.1001554, 51.5306342]}, "properties": {"id": "osm:way:23071767", "type": "school", "name": "Evangelische Gesamtschule Gelsenkirchen-Bismarck (EGG)", "source": "OpenStreetMap/Overpass"}}, {"type": "Feature", "geometry": {"type": "Point", "coordinates": [7.1218389, 51.5305781]}, "properties": {"id": "osm:way:23575626", "type": "school", "name": "GGS Bickernstraße", "source": "OpenStreetMap/Overpass"}}, {"type": "Feature", "geometry": {"type": "Point", "coordinates": [7.1220228, 51.5284192]}, "properties": {"id": "osm:way:23575752", "type": "school", "name": "Grundschule Haverkamp", "source": "OpenStreetMap/Overpass"}}, {"type": "Feature", "geometry": {"type": "Point", "coordinates": [7.105726, 51.5285851]}, "properties": {"id": "osm:way:23575947", "type": "school", "name": "GGS Marschallstraße", "source": "OpenStreetMap/Overpass"}}, {"type": "Feature", "geometry": {"type": "Point", "coordinates": [7.1336701, 51.5013235]}, "properties": {"id": "osm:way:23578483", "type": "school", "name": "", "source": "OpenStreetMap/Overpass"}}, {"type": "Feature", "geometry": {"type": "Point", "coordinates": [7.1178926, 51.5032907]}, "properties": {"id": "osm:way:23578512", "type": "school", "name": "Gemeinschaftsgrundschule", "source": "OpenStreetMap/Overpass"}}, {"type": "Feature", "geometry": {"type": "Point", "coordinates": [7.1100814, 51.4983947]}, "properties": {"id": "osm:way:23578522", "type": "school", "name": "GGS Glückaufschule-Ückendorf", "source": "OpenStreetMap/Overpass"}}, {"type": "Feature", "geometry": {"type": "Point", "coordinates": [7.1174112, 51.493787]}, "properties": {"id": "osm:way:23578527", "type": "school", "name": "GGS Glückaufschule-Ückendorf, Außenstelle Parkstraße", "source": "OpenStreetMap/Overpass"}}, {"type": "Feature", "geometry": {"type": "Point", "coordinates": [7.1296896, 51.5193469]}, "properties": {"id": "osm:way:23578558", "type": "school", "name": "Schule an der Erzbahn", "source": "OpenStreetMap/Overpass"}}, {"type": "Feature", "geometry": {"type": "Point", "coordinates": [7.1162813, 51.5146276]}, "properties": {"id": "osm:way:23578573", "type": "school", "name": "Martinschule", "source": "OpenStreetMap/Overpass"}}, {"type": "Feature", "geometry": {"type": "Point", "coordinates": [7.1132417, 51.520841]}, "properties": {"id": "osm:way:23578611", "type": "school", "name": "GGS Dörmannsweg", "source": "OpenStreetMap/Overpass"}}, {"type": "Feature", "geometry": {"type": "Point", "coordinates": [7.1065646, 51.5189209]}, "properties": {"id": "osm:way:23578649", "type": "school", "name": "HS Emmastraße", "source": "OpenStreetMap/Overpass"}}, {"type": "Feature", "geometry": {"type": "Point", "coordinates": [7.1109253, 51.5141908]}, "properties": {"id": "osm:way:23578670", "type": "school", "name": "Carl-Friedrich-Gauß-Gymnasium, Außenstelle Hohenzollernstraße", "source": "OpenStreetMap/Overpass"}}, {"type": "Feature", "geometry": {"type": "Point", "coordinates": [7.1275405, 51.516324]}, "properties": {"id": "osm:way:23578687", "type": "school", "name": "FS Hansaschule", "source": "OpenStreetMap/Overpass"}}, {"type": "Feature", "geometry": {"type": "Point", "coordinates": [7.1011618, 51.5157555]}, "properties": {"id": "osm:way:23580778", "type": "school", "name": "GGS an der Franz-Bielefeld-Straße", "source": "OpenStreetMap/Overpass"}}, {"type": "Feature", "geometry": {"type": "Point", "coordinates": [7.101213, 51.511863]}, "properties": {"id": "osm:way:23582203", "type": "school", "name": "Grillo-Gymnasium, Außenstelle Schultestraße", "source": "OpenStreetMap/Overpass"}}, {"type": "Feature", "geometry": {"type": "Point", "coordinates": [7.1018865, 51.5024234]}, "properties": {"id": "osm:way:23582260", "type": "school", "name": "GGS Wiehagenschule", "source": "OpenStreetMap/Overpass"}}, {"type": "Feature", "geometry": {"type": "Point", "coordinates": [7.1022336, 51.5003015]}, "properties": {"id": "osm:way:23582301", "type": "school", "name": "FS Malteserschule", "source": "OpenStreetMap/Overpass"}}, {"type": "Feature", "geometry": {"type": "Point", "coordinates": [7.1155446, 51.5146356]}, "properties": {"id": "osm:way:23593516", "type": "school", "name": "Jugendverkehrsschule Wanner Straße", "source": "OpenStreetMap/Overpass"}}, {"type": "Feature", "geometry": {"type": "Point", "coordinates": [7.1049534, 51.4456014]}, "properties": {"id": "osm:way:24901112", "type": "school", "name": "Schule im Bergmannsfeld", "source": "OpenStreetMap/Overpass"}}, {"type": "Feature", "geometry": {"type": "Point", "coordinates": [7.1192486, 51.4874252]}, "properties": {"id": "osm:way:25209499", "type": "school", "name": "Klaus-Steilmann-Haus", "source": "OpenStreetMap/Overpass"}}, {"type": "Feature", "geometry": {"type": "Point", "coordinates": [7.3199457, 51.5289931]}, "properties": {"id": "osm:way:25605642", "type": "school", "name": "Friedrich-Harkort-Schule Grundschule", "source": "OpenStreetMap/Overpass"}}, {"type": "Feature", "geometry": {"type": "Point", "coordinates": [7.2358787, 51.4572112]}, "properties": {"id": "osm:way:28809147", "type": "kindergarten", "name": "AWO", "source": "OpenStreetMap/Overpass"}}, {"type": "Feature", "geometry": {"type": "Point", "coordinates": [7.2413651, 51.4573247]}, "properties": {"id": "osm:way:28952527", "type": "school", "name": "Auf dem Alten Kamp", "source": "OpenStreetMap/Overpass"}}, {"type": "Feature", "geometry": {"type": "Point", "coordinates": [7.3335716, 51.5033839]}, "properties": {"id": "osm:way:31104490", "type": "kindergarten", "name": "Tageseinrichtung für Kinder Volksgartenstraße", "source": "OpenStreetMap/Overpass"}}, {"type": "Feature", "geometry": {"type": "Point", "coordinates": [7.1199925, 51.4181011]}, "properties": {"id": "osm:way:31921082", "type": "school", "name": "Grundschule Burgaltendorf", "source": "OpenStreetMap/Overpass"}}, {"type": "Feature", "geometry": {"type": "Point", "coordinates": [7.3293685, 51.4988597]}, "properties": {"id": "osm:way:32993896", "type": "school", "name": "Holte-Grundschule", "source": "OpenStreetMap/Overpass"}}, {"type": "Feature", "geometry": {"type": "Point", "coordinates": [7.3267929, 51.4993452]}, "properties": {"id": "osm:way:32995213", "type": "school", "name": "Marienborn-Grundschule", "source": "OpenStreetMap/Overpass"}}, {"type": "Feature", "geometry": {"type": "Point", "coordinates": [7.1027604, 51.4375931]}, "properties": {"id": "osm:way:34387664", "type": "school", "name": "Am Hellweg", "source": "OpenStreetMap/Overpass"}}, {"type": "Feature", "geometry": {"type": "Point", "coordinates": [7.1051953, 51.4542331]}, "properties": {"id": "osm:way:34392153", "type": "school", "name": "Am Hellweg", "source": "OpenStreetMap/Overpass"}}, {"type": "Feature", "geometry": {"type": "Point", "coordinates": [7.2813594, 51.4202837]}, "properties": {"id": "osm:way:35994368", "type": "school", "name": "Herbeder Grundschule", "source": "OpenStreetMap/Overpass"}}, {"type": "Feature", "geometry": {"type": "Point", "coordinates": [7.1065482, 51.4559117]}, "properties": {"id": "osm:way:37003605", "type": "school", "name": "Haferfeldschule", "source": "OpenStreetMap/Overpass"}}, {"type": "Feature", "geometry": {"type": "Point", "coordinates": [7.1090411, 51.4411908]}, "properties": {"id": "osm:way:38456870", "type": "kindergarten", "name": "", "source": "OpenStreetMap/Overpass"}}, {"type": "Feature", "geometry": {"type": "Point", "coordinates": [7.1102595, 51.4799517]}, "properties": {"id": "osm:way:39160355", "type": "kindergarten", "name": "Kindergarten St. Johannes", "source": "OpenStreetMap/Overpass"}}, {"type": "Feature", "geometry": {"type": "Point", "coordinates": [7.2203054, 51.4662804]}, "properties": {"id": "osm:way:40640560", "type": "school", "name": "Graf-Engelbert-Gymnasium", "source": "OpenStreetMap/Overpass"}}, {"type": "Feature", "geometry": {"type": "Point", "coordinates": [7.2210296, 51.4635744]}, "properties": {"id": "osm:way:40662393", "type": "school", "name": "Schiller-Schule", "source": "OpenStreetMap/Overpass"}}, {"type": "Feature", "geometry": {"type": "Point", "coordinates": [7.2311034, 51.4685169]}, "properties": {"id": "osm:way:40808117", "type": "school", "name": "Hans-Böckler-Realschule", "source": "OpenStreetMap/Overpass"}}, {"type": "Feature", "geometry": {"type": "Point", "coordinates": [7.2310834, 51.4484253]}, "properties": {"id": "osm:way:42468168", "type": "school", "name": "Brenscheder Schule", "source": "OpenStreetMap/Overpass"}}, {"type": "Feature", "geometry": {"type": "Point", "coordinates": [7.1907289, 51.4532855]}, "properties": {"id": "osm:way:42739710", "type": "kindergarten", "name": "Ev. Matthäus-Kindertageseinrichtung", "source": "OpenStreetMap/Overpass"}}, {"type": "Feature", "geometry": {"type": "Point", "coordinates": [7.303927, 51.4360104]}, "properties": {"id": "osm:way:49516504", "type": "school", "name": "Dorfschule", "source": "OpenStreetMap/Overpass"}}, {"type": "Feature", "geometry": {"type": "Point", "coordinates": [7.1089813, 51.4413201]}, "properties": {"id": "osm:way:52372978", "type": "kindergarten", "name": "Sachsenring", "source": "OpenStreetMap/Overpass"}}, {"type": "Feature", "geometry": {"type": "Point", "coordinates": [7.1087732, 51.4402724]}, "properties": {"id": "osm:way:52374134", "type": "school", "name": "Weiterbildungskolleg der Stadt Essen", "source": "OpenStreetMap/Overpass"}}, {"type": "Feature", "geometry": {"type": "Point", "coordinates": [7.1090233, 51.4402122]}, "properties": {"id": "osm:way:52374924", "type": "school", "name": "(Eiberg Schule)", "source": "OpenStreetMap/Overpass"}}, {"type": "Feature", "geometry": {"type": "Point", "coordinates": [7.3239957, 51.5190681]}, "properties": {"id": "osm:way:52932085", "type": "school", "name": "Freiligrath Grundschule", "source": "OpenStreetMap/Overpass"}}, {"type": "Feature", "geometry": {"type": "Point", "coordinates": [7.3323799, 51.5007815]}, "properties": {"id": "osm:way:55020071", "type": "kindergarten", "name": "Kath. Kindergarten St. Magdalena", "source": "OpenStreetMap/Overpass"}}, {"type": "Feature", "geometry": {"type": "Point", "coordinates": [7.3476832, 51.4980018]}, "properties": {"id": "osm:way:55231352", "type": "kindergarten", "name": "Tageseinrichtung für Kinder Winandweg", "source": "OpenStreetMap/Overpass"}}, {"type": "Feature", "geometry": {"type": "Point", "coordinates": [7.3388406, 51.5007829]}, "properties": {"id": "osm:way:55260505", "type": "kindergarten", "name": "Ev. Kindertageseinrichtung Jona", "source": "OpenStreetMap/Overpass"}}, {"type": "Feature", "geometry": {"type": "Point", "coordinates": [7.339612, 51.5019775]}, "properties": {"id": "osm:way:55260506", "type": "kindergarten", "name": "Tageseinrichtung für Kinder Westermannstraße", "source": "OpenStreetMap/Overpass"}}, {"type": "Feature", "geometry": {"type": "Point", "coordinates": [7.209169, 51.4429927]}, "properties": {"id": "osm:way:60216330", "type": "school", "name": "", "source": "OpenStreetMap/Overpass"}}, {"type": "Feature", "geometry": {"type": "Point", "coordinates": [7.2086271, 51.4424982]}, "properties": {"id": "osm:way:60216379", "type": "school", "name": "Natorpschule", "source": "OpenStreetMap/Overpass"}}, {"type": "Feature", "geometry": {"type": "Point", "coordinates": [7.256813, 51.449308]}, "properties": {"id": "osm:way:60416688", "type": "school", "name": "Waldschule", "source": "OpenStreetMap/Overpass"}}, {"type": "Feature", "geometry": {"type": "Point", "coordinates": [7.1154152, 51.4171678]}, "properties": {"id": "osm:way:61593362", "type": "school", "name": "Comenius-Schule", "source": "OpenStreetMap/Overpass"}}, {"type": "Feature", "geometry": {"type": "Point", "coordinates": [7.1790612, 51.4151523]}, "properties": {"id": "osm:way:62721376", "type": "kindergarten", "name": "Ev.kita Winz-Baak", "source": "OpenStreetMap/Overpass"}}, {"type": "Feature", "geometry": {"type": "Point", "coordinates": [7.1798386, 51.4181513]}, "properties": {"id": "osm:way:62721389", "type": "school", "name": "ehemalige Grundschule Rauendahl", "source": "OpenStreetMap/Overpass"}}, {"type": "Feature", "geometry": {"type": "Point", "coordinates": [7.335175, 51.436202]}, "properties": {"id": "osm:way:68335705", "type": "school", "name": "Gerichtsschule", "source": "OpenStreetMap/Overpass"}}, {"type": "Feature", "geometry": {"type": "Point", "coordinates": [7.3346095, 51.4157363]}, "properties": {"id": "osm:way:72096054", "type": "kindergarten", "name": "Kindergarten Kleine Freunde", "source": "OpenStreetMap/Overpass"}}, {"type": "Feature", "geometry": {"type": "Point", "coordinates": [7.3226462, 51.4455528]}, "properties": {"id": "osm:way:73411817", "type": "kindergarten", "name": "Spielgruppe Krönchen", "source": "OpenStreetMap/Overpass"}}, {"type": "Feature", "geometry": {"type": "Point", "coordinates": [7.3070886, 51.4615937]}, "properties": {"id": "osm:way:74002270", "type": "kindergarten", "name": "Hoppetosse", "source": "OpenStreetMap/Overpass"}}, {"type": "Feature", "geometry": {"type": "Point", "coordinates": [7.3370006, 51.4461433]}, "properties": {"id": "osm:way:74691751", "type": "kindergarten", "name": "Familienzentrum St. Marien", "source": "OpenStreetMap/Overpass"}}, {"type": "Feature", "geometry": {"type": "Point", "coordinates": [7.333683, 51.4474487]}, "properties": {"id": "osm:way:74839995", "type": "kindergarten", "name": "Kindergarten Christuskirche", "source": "OpenStreetMap/Overpass"}}, {"type": "Feature", "geometry": {"type": "Point", "coordinates": [7.3455026, 51.4463345]}, "properties": {"id": "osm:way:74906596", "type": "kindergarten", "name": "Familienzentrum", "source": "OpenStreetMap/Overpass"}}, {"type": "Feature", "geometry": {"type": "Point", "coordinates": [7.3108958, 51.4435473]}, "properties": {"id": "osm:way:75019964", "type": "school", "name": "Hellwegschule", "source": "OpenStreetMap/Overpass"}}, {"type": "Feature", "geometry": {"type": "Point", "coordinates": [7.3199339, 51.4397337]}, "properties": {"id": "osm:way:75019995", "type": "school", "name": "Rudolf-Steiner-Schule Witten", "source": "OpenStreetMap/Overpass"}}, {"type": "Feature", "geometry": {"type": "Point", "coordinates": [7.3404178, 51.4392893]}, "properties": {"id": "osm:way:75039438", "type": "school", "name": "Albert-Martmöller-Gymnasium", "source": "OpenStreetMap/Overpass"}}, {"type": "Feature", "geometry": {"type": "Point", "coordinates": [7.3434557, 51.4382301]}, "properties": {"id": "osm:way:75078033", "type": "school", "name": "Otto-Schott-Realschule", "source": "OpenStreetMap/Overpass"}}, {"type": "Feature", "geometry": {"type": "Point", "coordinates": [7.3071712, 51.4407024]}, "properties": {"id": "osm:way:75106643", "type": "kindergarten", "name": "AWO-Kita Witten-Heven", "source": "OpenStreetMap/Overpass"}}, {"type": "Feature", "geometry": {"type": "Point", "coordinates": [7.3440182, 51.4372523]}, "properties": {"id": "osm:way:75108694", "type": "school", "name": "Berufskolleg Witten", "source": "OpenStreetMap/Overpass"}}, {"type": "Feature", "geometry": {"type": "Point", "coordinates": [7.3052892, 51.4376917]}, "properties": {"id": "osm:way:75310533", "type": "kindergarten", "name": "Kindergarten Vogelnest", "source": "OpenStreetMap/Overpass"}}, {"type": "Feature", "geometry": {"type": "Point", "coordinates": [7.3494636, 51.4362467]}, "properties": {"id": "osm:way:75312922", "type": "school", "name": "Bruchschule", "source": "OpenStreetMap/Overpass"}}, {"type": "Feature", "geometry": {"type": "Point", "coordinates": [7.1696488, 51.5118384]}, "properties": {"id": "osm:way:75613071", "type": "school", "name": "Grundschule am Eickeler Park", "source": "OpenStreetMap/Overpass"}}, {"type": "Feature", "geometry": {"type": "Point", "coordinates": [7.1691044, 51.5143987]}, "properties": {"id": "osm:way:75613073", "type": "school", "name": "Realschule an der Burg", "source": "OpenStreetMap/Overpass"}}, {"type": "Feature", "geometry": {"type": "Point", "coordinates": [7.3223941, 51.445559]}, "properties": {"id": "osm:way:75739264", "type": "school", "name": "Kolping Berufsförderungszentrum", "source": "OpenStreetMap/Overpass"}}, {"type": "Feature", "geometry": {"type": "Point", "coordinates": [7.3380246, 51.4496716]}, "properties": {"id": "osm:way:76256140", "type": "school", "name": "Adolf-Reichwein-Realschule", "source": "OpenStreetMap/Overpass"}}, {"type": "Feature", "geometry": {"type": "Point", "coordinates": [7.3253768, 51.4758102]}, "properties": {"id": "osm:way:76375384", "type": "school", "name": "Schule am Leithenhaus", "source": "OpenStreetMap/Overpass"}}, {"type": "Feature", "geometry": {"type": "Point", "coordinates": [7.3268733, 51.4758134]}, "properties": {"id": "osm:way:76377914", "type": "school", "name": "Hasselbrink-Schule", "source": "OpenStreetMap/Overpass"}}, {"type": "Feature", "geometry": {"type": "Point", "coordinates": [7.1702309, 51.5236888]}, "properties": {"id": "osm:way:76559049", "type": "school", "name": "Freiherr-vom-Stein-Grundschule", "source": "OpenStreetMap/Overpass"}}, {"type": "Feature", "geometry": {"type": "Point", "coordinates": [7.1782758, 51.5176478]}, "properties": {"id": "osm:way:76701157", "type": "school", "name": "Europaschule Königstraße", "source": "OpenStreetMap/Overpass"}}, {"type": "Feature", "geometry": {"type": "Point", "coordinates": [7.1600032, 51.46029]}, "properties": {"id": "osm:way:77221163", "type": "school", "name": "Widar Schule (Waldorfschule)", "source": "OpenStreetMap/Overpass"}}, {"type": "Feature", "geometry": {"type": "Point", "coordinates": [7.319968, 51.4502221]}, "properties": {"id": "osm:way:78509142", "type": "kindergarten", "name": "Kindergarten Krone", "source": "OpenStreetMap/Overpass"}}, {"type": "Feature", "geometry": {"type": "Point", "coordinates": [7.2272453, 51.4576824]}, "properties": {"id": "osm:way:80858261", "type": "kindergarten", "name": "Kindertagesstätte (Betriebskindergarten Deutsche Rentenversicherung Knappschaft-Bahn-See)", "source": "OpenStreetMap/Overpass"}}, {"type": "Feature", "geometry": {"type": "Point", "coordinates": [7.2782997, 51.4152845]}, "properties": {"id": "osm:way:81083182", "type": "school", "name": "Hardenstein-Gesamtschule", "source": "OpenStreetMap/Overpass"}}, {"type": "Feature", "geometry": {"type": "Point", "coordinates": [7.2431764, 51.4236346]}, "properties": {"id": "osm:way:82509657", "type": "kindergarten", "name": "Kath. Kindergarten St. Marien", "source": "OpenStreetMap/Overpass"}}, {"type": "Feature", "geometry": {"type": "Point", "coordinates": [7.3309608, 51.489378]}, "properties": {"id": "osm:way:85473986", "type": "kindergarten", "name": "", "source": "OpenStreetMap/Overpass"}}, {"type": "Feature", "geometry": {"type": "Point", "coordinates": [7.1887138, 51.5230167]}, "properties": {"id": "osm:way:87349117", "type": "school", "name": "Hibernia Schule", "source": "OpenStreetMap/Overpass"}}, {"type": "Feature", "geometry": {"type": "Point", "coordinates": [7.2505236, 51.4298768]}, "properties": {"id": "osm:way:87554233", "type": "kindergarten", "name": "Städt. Kindergarten", "source": "OpenStreetMap/Overpass"}}, {"type": "Feature", "geometry": {"type": "Point", "coordinates": [7.1608345, 51.5207697]}, "properties": {"id": "osm:way:88205533", "type": "kindergarten", "name": "Ev. Kindertagesstätte Mobile", "source": "OpenStreetMap/Overpass"}}, {"type": "Feature", "geometry": {"type": "Point", "coordinates": [7.1824018, 51.5162943]}, "properties": {"id": "osm:way:88205557", "type": "kindergarten", "name": "Kath. Kindergarten St. Marien", "source": "OpenStreetMap/Overpass"}}, {"type": "Feature", "geometry": {"type": "Point", "coordinates": [7.1603838, 51.5137894]}, "properties": {"id": "osm:way:88208815", "type": "school", "name": "Südschule", "source": "OpenStreetMap/Overpass"}}, {"type": "Feature", "geometry": {"type": "Point", "coordinates": [7.1660774, 51.510386]}, "properties": {"id": "osm:way:88361564", "type": "kindergarten", "name": "Inklusive Kita Däumling", "source": "OpenStreetMap/Overpass"}}, {"type": "Feature", "geometry": {"type": "Point", "coordinates": [7.3302402, 51.4485954]}, "properties": {"id": "osm:way:88558684", "type": "school", "name": "Crengeldanzschule", "source": "OpenStreetMap/Overpass"}}, {"type": "Feature", "geometry": {"type": "Point", "coordinates": [7.1506079, 51.5129636]}, "properties": {"id": "osm:way:88634370", "type": "kindergarten", "name": "Städtische Kita Hofstraße", "source": "OpenStreetMap/Overpass"}}, {"type": "Feature", "geometry": {"type": "Point", "coordinates": [7.1681477, 51.5099416]}, "properties": {"id": "osm:way:88674562", "type": "school", "name": "Hans Tilkowski Schule", "source": "OpenStreetMap/Overpass"}}, {"type": "Feature", "geometry": {"type": "Point", "coordinates": [7.1752173, 51.5196213]}, "properties": {"id": "osm:way:88689589", "type": "kindergarten", "name": "Kinderheim", "source": "OpenStreetMap/Overpass"}}, {"type": "Feature", "geometry": {"type": "Point", "coordinates": [7.1522595, 51.5213242]}, "properties": {"id": "osm:way:88798864", "type": "kindergarten", "name": "Städtische KiTa Plutostraße", "source": "OpenStreetMap/Overpass"}}, {"type": "Feature", "geometry": {"type": "Point", "coordinates": [7.2362224, 51.4791867]}, "properties": {"id": "osm:way:89056930", "type": "school", "name": "Annette-von-Droste-Hülshoff-Schule", "source": "OpenStreetMap/Overpass"}}, {"type": "Feature", "geometry": {"type": "Point", "coordinates": [7.2497462, 51.471243]}, "properties": {"id": "osm:way:89582967", "type": "kindergarten", "name": "Kindergarten der evangelischen Kirchengemeinde Altenbochum", "source": "OpenStreetMap/Overpass"}}, {"type": "Feature", "geometry": {"type": "Point", "coordinates": [7.1651894, 51.5240949]}, "properties": {"id": "osm:way:89646678", "type": "kindergarten", "name": "Kindertagesstätte „Kinder in der St. Elisabeth Gruppe“", "source": "OpenStreetMap/Overpass"}}, {"type": "Feature", "geometry": {"type": "Point", "coordinates": [7.3185935, 51.4392307]}, "properties": {"id": "osm:way:89679453", "type": "kindergarten", "name": "Waldorfkindergarten", "source": "OpenStreetMap/Overpass"}}, {"type": "Feature", "geometry": {"type": "Point", "coordinates": [7.2468213, 51.4733486]}, "properties": {"id": "osm:way:89797704", "type": "kindergarten", "name": "Kath. Kindergarten Liebfrauen", "source": "OpenStreetMap/Overpass"}}, {"type": "Feature", "geometry": {"type": "Point", "coordinates": [7.3371512, 51.5025429]}, "properties": {"id": "osm:way:89852393", "type": "school", "name": "Dellwigschule, Förderschule", "source": "OpenStreetMap/Overpass"}}, {"type": "Feature", "geometry": {"type": "Point", "coordinates": [7.3361582, 51.5036069]}, "properties": {"id": "osm:way:89852399", "type": "school", "name": "Heinrich-Böll-Gesamtschule", "source": "OpenStreetMap/Overpass"}}, {"type": "Feature", "geometry": {"type": "Point", "coordinates": [7.2435261, 51.4703749]}, "properties": {"id": "osm:way:90095757", "type": "school", "name": "Vels-Heide-Schule", "source": "OpenStreetMap/Overpass"}}, {"type": "Feature", "geometry": {"type": "Point", "coordinates": [7.1150846, 51.4165223]}, "properties": {"id": "osm:way:90853331", "type": "school", "name": "Comenius-Schule", "source": "OpenStreetMap/Overpass"}}, {"type": "Feature", "geometry": {"type": "Point", "coordinates": [7.1147136, 51.4161249]}, "properties": {"id": "osm:way:90853333", "type": "school", "name": "Grundschule Burgaltendorf", "source": "OpenStreetMap/Overpass"}}, {"type": "Feature", "geometry": {"type": "Point", "coordinates": [7.1148575, 51.4159159]}, "properties": {"id": "osm:way:90853334", "type": "school", "name": "Grundschule Burgaltendorf", "source": "OpenStreetMap/Overpass"}}, {"type": "Feature", "geometry": {"type": "Point", "coordinates": [7.115766, 51.4163256]}, "properties": {"id": "osm:way:90853335", "type": "school", "name": "Comenius-Schule", "source": "OpenStreetMap/Overpass"}}, {"type": "Feature", "geometry": {"type": "Point", "coordinates": [7.1145241, 51.4166948]}, "properties": {"id": "osm:way:90853336", "type": "school", "name": "Comenius-Schule", "source": "OpenStreetMap/Overpass"}}, {"type": "Feature", "geometry": {"type": "Point", "coordinates": [7.1705879, 51.5251753]}, "properties": {"id": "osm:way:90983297", "type": "kindergarten", "name": "Kindergarten St. Josef", "source": "OpenStreetMap/Overpass"}}, {"type": "Feature", "geometry": {"type": "Point", "coordinates": [7.2338558, 51.4790134]}, "properties": {"id": "osm:way:91710300", "type": "school", "name": "Alice-Salomon-Berufskolleg", "source": "OpenStreetMap/Overpass"}}, {"type": "Feature", "geometry": {"type": "Point", "coordinates": [7.3182293, 51.4680772]}, "properties": {"id": "osm:way:91744856", "type": "school", "name": "Nelson-Mandela-Schule", "source": "OpenStreetMap/Overpass"}}, {"type": "Feature", "geometry": {"type": "Point", "coordinates": [7.3165045, 51.4717957]}, "properties": {"id": "osm:way:91751432", "type": "school", "name": "Lessing-Gymnasium", "source": "OpenStreetMap/Overpass"}}, {"type": "Feature", "geometry": {"type": "Point", "coordinates": [7.2318429, 51.4304526]}, "properties": {"id": "osm:way:91798481", "type": "school", "name": "Gräfin-Imma-Schule", "source": "OpenStreetMap/Overpass"}}, {"type": "Feature", "geometry": {"type": "Point", "coordinates": [7.230029, 51.4776054]}, "properties": {"id": "osm:way:91883354", "type": "school", "name": "Ottilie-Schoenewald-Weiterbildungskolleg", "source": "OpenStreetMap/Overpass"}}, {"type": "Feature", "geometry": {"type": "Point", "coordinates": [7.2258036, 51.4806492]}, "properties": {"id": "osm:way:91896833", "type": "school", "name": "", "source": "OpenStreetMap/Overpass"}}, {"type": "Feature", "geometry": {"type": "Point", "coordinates": [7.2298444, 51.4750121]}, "properties": {"id": "osm:way:92417629", "type": "kindergarten", "name": "Katholischer Kindergarten Christ-König", "source": "OpenStreetMap/Overpass"}}, {"type": "Feature", "geometry": {"type": "Point", "coordinates": [7.2099664, 51.4452438]}, "properties": {"id": "osm:way:93377479", "type": "kindergarten", "name": "Emmaus", "source": "OpenStreetMap/Overpass"}}, {"type": "Feature", "geometry": {"type": "Point", "coordinates": [7.2337926, 51.4780016]}, "properties": {"id": "osm:way:94128532", "type": "kindergarten", "name": "Städtische Kindertageseinrichtung Akademiestraße", "source": "OpenStreetMap/Overpass"}}, {"type": "Feature", "geometry": {"type": "Point", "coordinates": [7.3492962, 51.4495932]}, "properties": {"id": "osm:way:94523712", "type": "school", "name": "Pferdebachschule", "source": "OpenStreetMap/Overpass"}}, {"type": "Feature", "geometry": {"type": "Point", "coordinates": [7.2185293, 51.450049]}, "properties": {"id": "osm:way:94555703", "type": "kindergarten", "name": "Evangelischer Kindergarten Weitmar-Mark", "source": "OpenStreetMap/Overpass"}}, {"type": "Feature", "geometry": {"type": "Point", "coordinates": [7.2233584, 51.4694965]}, "properties": {"id": "osm:way:95199260", "type": "school", "name": "Gemeinschaftsgrundschule Friederika-Schule", "source": "OpenStreetMap/Overpass"}}, {"type": "Feature", "geometry": {"type": "Point", "coordinates": [7.2237929, 51.4690939]}, "properties": {"id": "osm:way:95199263", "type": "school", "name": "Don-Bosco-Schule", "source": "OpenStreetMap/Overpass"}}, {"type": "Feature", "geometry": {"type": "Point", "coordinates": [7.2114901, 51.4421312]}, "properties": {"id": "osm:way:96072015", "type": "kindergarten", "name": "Kindergarten Hl. Familie", "source": "OpenStreetMap/Overpass"}}, {"type": "Feature", "geometry": {"type": "Point", "coordinates": [7.2278548, 51.486223]}, "properties": {"id": "osm:way:96414858", "type": "school", "name": "Hildegardis-Gymnasium Bochum", "source": "OpenStreetMap/Overpass"}}, {"type": "Feature", "geometry": {"type": "Point", "coordinates": [7.1738184, 51.5000583]}, "properties": {"id": "osm:way:97145301", "type": "school", "name": "Grundschule Hordel", "source": "OpenStreetMap/Overpass"}}, {"type": "Feature", "geometry": {"type": "Point", "coordinates": [7.1495448, 51.5159533]}, "properties": {"id": "osm:way:97956744", "type": "kindergarten", "name": "", "source": "OpenStreetMap/Overpass"}}, {"type": "Feature", "geometry": {"type": "Point", "coordinates": [7.1366259, 51.4778032]}, "properties": {"id": "osm:way:98211882", "type": "school", "name": "Märkisches Gymnasium Wattenscheid", "source": "OpenStreetMap/Overpass"}}, {"type": "Feature", "geometry": {"type": "Point", "coordinates": [7.1423959, 51.4760264]}, "properties": {"id": "osm:way:98215743", "type": "school", "name": "Louis-Baare-Berufskolleg (KS1)", "source": "OpenStreetMap/Overpass"}}, {"type": "Feature", "geometry": {"type": "Point", "coordinates": [7.2193228, 51.4862492]}, "properties": {"id": "osm:way:98623263", "type": "school", "name": "Goethe-Schule", "source": "OpenStreetMap/Overpass"}}, {"type": "Feature", "geometry": {"type": "Point", "coordinates": [7.2173521, 51.4968723]}, "properties": {"id": "osm:way:98626164", "type": "school", "name": "Heinrich-Böll-Gesamtschule Bochum", "source": "OpenStreetMap/Overpass"}}, {"type": "Feature", "geometry": {"type": "Point", "coordinates": [7.2080369, 51.4137557]}, "properties": {"id": "osm:way:98697583", "type": "kindergarten", "name": "Evangelischer Kindergarten Welper", "source": "OpenStreetMap/Overpass"}}, {"type": "Feature", "geometry": {"type": "Point", "coordinates": [7.1332161, 51.4833964]}, "properties": {"id": "osm:way:99597871", "type": "school", "name": "Gertrudisschule", "source": "OpenStreetMap/Overpass"}}, {"type": "Feature", "geometry": {"type": "Point", "coordinates": [7.2248051, 51.4582778]}, "properties": {"id": "osm:way:99883747", "type": "kindergarten", "name": "Kindergarten St. Albertus Magnus", "source": "OpenStreetMap/Overpass"}}, {"type": "Feature", "geometry": {"type": "Point", "coordinates": [7.2892028, 51.4823135]}, "properties": {"id": "osm:way:99991372", "type": "kindergarten", "name": "Evangelischer Kindergarten Anemonenweg", "source": "OpenStreetMap/Overpass"}}, {"type": "Feature", "geometry": {"type": "Point", "coordinates": [7.2093201, 51.4869654]}, "properties": {"id": "osm:way:99999597", "type": "school", "name": "Alice-Salomon-Berufskolleg (Bereich Erziehung)", "source": "OpenStreetMap/Overpass"}}, {"type": "Feature", "geometry": {"type": "Point", "coordinates": [7.2087502, 51.4875437]}, "properties": {"id": "osm:way:99999598", "type": "school", "name": "Schulverbund Feldsieper Schule", "source": "OpenStreetMap/Overpass"}}, {"type": "Feature", "geometry": {"type": "Point", "coordinates": [7.2088068, 51.4871552]}, "properties": {"id": "osm:way:99999601", "type": "school", "name": "Turnhalle", "source": "OpenStreetMap/Overpass"}}, {"type": "Feature", "geometry": {"type": "Point", "coordinates": [7.2257222, 51.436433]}, "properties": {"id": "osm:way:103744846", "type": "kindergarten", "name": "Evangelisches Familienzentrum KinderReich Stiepel", "source": "OpenStreetMap/Overpass"}}, {"type": "Feature", "geometry": {"type": "Point", "coordinates": [7.1686422, 51.4116918]}, "properties": {"id": "osm:way:104381702", "type": "kindergarten", "name": "Brucknerstraße", "source": "OpenStreetMap/Overpass"}}, {"type": "Feature", "geometry": {"type": "Point", "coordinates": [7.3308984, 51.438778]}, "properties": {"id": "osm:way:111319810", "type": "school", "name": "Breddeschule", "source": "OpenStreetMap/Overpass"}}, {"type": "Feature", "geometry": {"type": "Point", "coordinates": [7.3218165, 51.4697968]}, "properties": {"id": "osm:way:111647101", "type": "kindergarten", "name": "Waldorfkindergarten Bochum", "source": "OpenStreetMap/Overpass"}}, {"type": "Feature", "geometry": {"type": "Point", "coordinates": [7.3220726, 51.4683109]}, "properties": {"id": "osm:way:112803392", "type": "school", "name": "Rudolf-Steiner-Schule", "source": "OpenStreetMap/Overpass"}}, {"type": "Feature", "geometry": {"type": "Point", "coordinates": [7.1403764, 51.4812553]}, "properties": {"id": "osm:way:112955157", "type": "school", "name": "Liselotte-Rauner-Schule", "source": "OpenStreetMap/Overpass"}}, {"type": "Feature", "geometry": {"type": "Point", "coordinates": [7.1462353, 51.5283308]}, "properties": {"id": "osm:way:114114402", "type": "school", "name": "Grundschule Michaelschule", "source": "OpenStreetMap/Overpass"}}, {"type": "Feature", "geometry": {"type": "Point", "coordinates": [7.1134775, 51.4491869]}, "properties": {"id": "osm:way:114139541", "type": "kindergarten", "name": "", "source": "OpenStreetMap/Overpass"}}, {"type": "Feature", "geometry": {"type": "Point", "coordinates": [7.1866704, 51.5042731]}, "properties": {"id": "osm:way:114844967", "type": "kindergarten", "name": "Ev. Kindertageseinrichtung Pusteblume", "source": "OpenStreetMap/Overpass"}}, {"type": "Feature", "geometry": {"type": "Point", "coordinates": [7.2089384, 51.4946243]}, "properties": {"id": "osm:way:115407558", "type": "kindergarten", "name": "Katholischer Kindergarten Heilige Dreifaltigkeit", "source": "OpenStreetMap/Overpass"}}, {"type": "Feature", "geometry": {"type": "Point", "coordinates": [7.1581694, 51.5288079]}, "properties": {"id": "osm:way:116702573", "type": "school", "name": "Gymnasium Wanne", "source": "OpenStreetMap/Overpass"}}, {"type": "Feature", "geometry": {"type": "Point", "coordinates": [7.1548367, 51.5305362]}, "properties": {"id": "osm:way:116703737", "type": "school", "name": "Gesamtschule Wanne-Eickel", "source": "OpenStreetMap/Overpass"}}, {"type": "Feature", "geometry": {"type": "Point", "coordinates": [7.1334163, 51.483305]}, "properties": {"id": "osm:way:116950257", "type": "school", "name": "", "source": "OpenStreetMap/Overpass"}}, {"type": "Feature", "geometry": {"type": "Point", "coordinates": [7.1398869, 51.4811098]}, "properties": {"id": "osm:way:116951009", "type": "school", "name": "Turnhalle", "source": "OpenStreetMap/Overpass"}}, {"type": "Feature", "geometry": {"type": "Point", "coordinates": [7.1627135, 51.4611223]}, "properties": {"id": "osm:way:116953101", "type": "school", "name": "Realschule Höntrop", "source": "OpenStreetMap/Overpass"}}, {"type": "Feature", "geometry": {"type": "Point", "coordinates": [7.2905825, 51.4188373]}, "properties": {"id": "osm:way:117087217", "type": "school", "name": "Vormholzer Grundschule", "source": "OpenStreetMap/Overpass"}}, {"type": "Feature", "geometry": {"type": "Point", "coordinates": [7.1508309, 51.4492432]}, "properties": {"id": "osm:way:118427885", "type": "kindergarten", "name": "St. Marien", "source": "OpenStreetMap/Overpass"}}, {"type": "Feature", "geometry": {"type": "Point", "coordinates": [7.1431929, 51.4543767]}, "properties": {"id": "osm:way:118428642", "type": "school", "name": "Grundschule Preins Feld", "source": "OpenStreetMap/Overpass"}}, {"type": "Feature", "geometry": {"type": "Point", "coordinates": [7.2771982, 51.4207755]}, "properties": {"id": "osm:way:118547623", "type": "kindergarten", "name": "Kindergarten St. Barbara", "source": "OpenStreetMap/Overpass"}}, {"type": "Feature", "geometry": {"type": "Point", "coordinates": [7.2792276, 51.420459]}, "properties": {"id": "osm:way:118547771", "type": "kindergarten", "name": "Evangelischer Kindergarten", "source": "OpenStreetMap/Overpass"}}, {"type": "Feature", "geometry": {"type": "Point", "coordinates": [7.1892308, 51.4774641]}, "properties": {"id": "osm:way:119222082", "type": "kindergarten", "name": "Katholisches Familienzentrum St. Anna", "source": "OpenStreetMap/Overpass"}}, {"type": "Feature", "geometry": {"type": "Point", "coordinates": [7.2302722, 51.4890788]}, "properties": {"id": "osm:way:119222088", "type": "childcare", "name": "KiTa Sonnenschein", "source": "OpenStreetMap/Overpass"}}, {"type": "Feature", "geometry": {"type": "Point", "coordinates": [7.1779217, 51.4674699]}, "properties": {"id": "osm:way:119222096", "type": "kindergarten", "name": "", "source": "OpenStreetMap/Overpass"}}, {"type": "Feature", "geometry": {"type": "Point", "coordinates": [7.2223328, 51.4815506]}, "properties": {"id": "osm:way:119222117", "type": "kindergarten", "name": "Kath. Kindergarten Propstei I", "source": "OpenStreetMap/Overpass"}}, {"type": "Feature", "geometry": {"type": "Point", "coordinates": [7.223084, 51.4818544]}, "properties": {"id": "osm:way:119297146", "type": "school", "name": "Weilenbrink Grundschule", "source": "OpenStreetMap/Overpass"}}, {"type": "Feature", "geometry": {"type": "Point", "coordinates": [7.2125919, 51.4843604]}, "properties": {"id": "osm:way:119339469", "type": "kindergarten", "name": "Kath. Kindergarten St.Joseph", "source": "OpenStreetMap/Overpass"}}, {"type": "Feature", "geometry": {"type": "Point", "coordinates": [7.2325624, 51.4986234]}, "properties": {"id": "osm:way:119351861", "type": "kindergarten", "name": "Katholischer Kindergarten St.Liborius", "source": "OpenStreetMap/Overpass"}}, {"type": "Feature", "geometry": {"type": "Point", "coordinates": [7.2350506, 51.4991535]}, "properties": {"id": "osm:way:119351868", "type": "school", "name": "Ev. Schule", "source": "OpenStreetMap/Overpass"}}, {"type": "Feature", "geometry": {"type": "Point", "coordinates": [7.1936495, 51.4919685]}, "properties": {"id": "osm:way:119351874", "type": "kindergarten", "name": "KiTa Herz-Jesu Bochum", "source": "OpenStreetMap/Overpass"}}, {"type": "Feature", "geometry": {"type": "Point", "coordinates": [7.2338802, 51.4991917]}, "properties": {"id": "osm:way:119351881", "type": "school", "name": "Liboriusschule", "source": "OpenStreetMap/Overpass"}}, {"type": "Feature", "geometry": {"type": "Point", "coordinates": [7.2464002, 51.4941869]}, "properties": {"id": "osm:way:119366137", "type": "kindergarten", "name": "Ev. Kindergarten", "source": "OpenStreetMap/Overpass"}}, {"type": "Feature", "geometry": {"type": "Point", "coordinates": [7.246557, 51.4929403]}, "properties": {"id": "osm:way:119366145", "type": "school", "name": "Grundschule in der Vöde", "source": "OpenStreetMap/Overpass"}}, {"type": "Feature", "geometry": {"type": "Point", "coordinates": [7.1329712, 51.4786033]}, "properties": {"id": "osm:way:119437266", "type": "kindergarten", "name": "Kindergarten", "source": "OpenStreetMap/Overpass"}}, {"type": "Feature", "geometry": {"type": "Point", "coordinates": [7.2090176, 51.4945317]}, "properties": {"id": "osm:way:119494713", "type": "kindergarten", "name": "Kath. Kindergarten Hl. Dreifaltigkeit", "source": "OpenStreetMap/Overpass"}}, {"type": "Feature", "geometry": {"type": "Point", "coordinates": [7.1598327, 51.503551]}, "properties": {"id": "osm:way:119497558", "type": "kindergarten", "name": "Kath. Kindergarten Herz-Jesu", "source": "OpenStreetMap/Overpass"}}, {"type": "Feature", "geometry": {"type": "Point", "coordinates": [7.2130286, 51.5091212]}, "properties": {"id": "osm:way:119501881", "type": "kindergarten", "name": "Kath. Kindergarten St.Franziskus", "source": "OpenStreetMap/Overpass"}}, {"type": "Feature", "geometry": {"type": "Point", "coordinates": [7.1877105, 51.4557198]}, "properties": {"id": "osm:way:120275644", "type": "school", "name": "Matthias-Claudius-Gesamtschule", "source": "OpenStreetMap/Overpass"}}, {"type": "Feature", "geometry": {"type": "Point", "coordinates": [7.2485846, 51.5122731]}, "properties": {"id": "osm:way:120713912", "type": "school", "name": "Hilda-Heinemann-Schule", "source": "OpenStreetMap/Overpass"}}, {"type": "Feature", "geometry": {"type": "Point", "coordinates": [7.245147, 51.4508353]}, "properties": {"id": "osm:way:121080389", "type": "school", "name": "Erich-Kästner-Schule", "source": "OpenStreetMap/Overpass"}}, {"type": "Feature", "geometry": {"type": "Point", "coordinates": [7.1869948, 51.5031472]}, "properties": {"id": "osm:way:122390651", "type": "school", "name": "", "source": "OpenStreetMap/Overpass"}}, {"type": "Feature", "geometry": {"type": "Point", "coordinates": [7.3319491, 51.4419275]}, "properties": {"id": "osm:way:123099617", "type": "school", "name": "Ruhr-Gymnasium", "source": "OpenStreetMap/Overpass"}}, {"type": "Feature", "geometry": {"type": "Point", "coordinates": [7.2069663, 51.4946012]}, "properties": {"id": "osm:way:123702013", "type": "school", "name": "Gesamtschule Bochum-Mitte", "source": "OpenStreetMap/Overpass"}}, {"type": "Feature", "geometry": {"type": "Point", "coordinates": [7.1376479, 51.4850367]}, "properties": {"id": "osm:way:124389038", "type": "kindergarten", "name": "Jugendhof St. Pius", "source": "OpenStreetMap/Overpass"}}, {"type": "Feature", "geometry": {"type": "Point", "coordinates": [7.1826933, 51.4325391]}, "properties": {"id": "osm:way:125407339", "type": "kindergarten", "name": "Katholische Kindertagesstätte St. Angela", "source": "OpenStreetMap/Overpass"}}, {"type": "Feature", "geometry": {"type": "Point", "coordinates": [7.1833688, 51.4355319]}, "properties": {"id": "osm:way:126913077", "type": "childcare", "name": "", "source": "OpenStreetMap/Overpass"}}, {"type": "Feature", "geometry": {"type": "Point", "coordinates": [7.1741489, 51.4325008]}, "properties": {"id": "osm:way:127168079", "type": "school", "name": "Astrdid-Lindgren Gemeinschaftsgrundschule", "source": "OpenStreetMap/Overpass"}}, {"type": "Feature", "geometry": {"type": "Point", "coordinates": [7.1017993, 51.4376414]}, "properties": {"id": "osm:way:127376092", "type": "kindergarten", "name": "Kindergarten St. Joseph", "source": "OpenStreetMap/Overpass"}}, {"type": "Feature", "geometry": {"type": "Point", "coordinates": [7.1095864, 51.4331093]}, "properties": {"id": "osm:way:127806182", "type": "school", "name": "Astrid-Lindgren-Schule", "source": "OpenStreetMap/Overpass"}}, {"type": "Feature", "geometry": {"type": "Point", "coordinates": [7.1642143, 51.4258453]}, "properties": {"id": "osm:way:132150743", "type": "kindergarten", "name": "", "source": "OpenStreetMap/Overpass"}}, {"type": "Feature", "geometry": {"type": "Point", "coordinates": [7.150194, 51.4773623]}, "properties": {"id": "osm:way:132697883", "type": "school", "name": "Pestalozzi-Realschule", "source": "OpenStreetMap/Overpass"}}, {"type": "Feature", "geometry": {"type": "Point", "coordinates": [7.2680486, 51.4699034]}, "properties": {"id": "osm:way:135583816", "type": "kindergarten", "name": "Kinderhaus Eulenbaum", "source": "OpenStreetMap/Overpass"}}, {"type": "Feature", "geometry": {"type": "Point", "coordinates": [7.3485977, 51.4910914]}, "properties": {"id": "osm:way:136723977", "type": "school", "name": "Mörike-Grundschule", "source": "OpenStreetMap/Overpass"}}, {"type": "Feature", "geometry": {"type": "Point", "coordinates": [7.1690173, 51.4497819]}, "properties": {"id": "osm:way:136832440", "type": "kindergarten", "name": "KITA Unterm Himmelszelt", "source": "OpenStreetMap/Overpass"}}, {"type": "Feature", "geometry": {"type": "Point", "coordinates": [7.1879827, 51.4799986]}, "properties": {"id": "osm:way:136840670", "type": "kindergarten", "name": "Ev. KITA Cheruskerstraße", "source": "OpenStreetMap/Overpass"}}, {"type": "Feature", "geometry": {"type": "Point", "coordinates": [7.3075684, 51.4751721]}, "properties": {"id": "osm:way:137945595", "type": "school", "name": "Grundschule am Volkspark", "source": "OpenStreetMap/Overpass"}}, {"type": "Feature", "geometry": {"type": "Point", "coordinates": [7.1787329, 51.4992477]}, "properties": {"id": "osm:way:140568317", "type": "kindergarten", "name": "Ev. Kindertagesstätte Finefrau", "source": "OpenStreetMap/Overpass"}}, {"type": "Feature", "geometry": {"type": "Point", "coordinates": [7.1511778, 51.4276721]}, "properties": {"id": "osm:way:140614383", "type": "school", "name": "Theodor-Körner Schule", "source": "OpenStreetMap/Overpass"}}, {"type": "Feature", "geometry": {"type": "Point", "coordinates": [7.1808172, 51.5213956]}, "properties": {"id": "osm:way:141181386", "type": "school", "name": "Schule an der Dorneburg", "source": "OpenStreetMap/Overpass"}}, {"type": "Feature", "geometry": {"type": "Point", "coordinates": [7.1899239, 51.5025694]}, "properties": {"id": "osm:way:141473630", "type": "kindergarten", "name": "Kath. Kindergarten St. Nikolaus von Flüe", "source": "OpenStreetMap/Overpass"}}, {"type": "Feature", "geometry": {"type": "Point", "coordinates": [7.1449307, 51.4273307]}, "properties": {"id": "osm:way:142542014", "type": "kindergarten", "name": "Am Sattelgut", "source": "OpenStreetMap/Overpass"}}, {"type": "Feature", "geometry": {"type": "Point", "coordinates": [7.1461844, 51.4282741]}, "properties": {"id": "osm:way:142543587", "type": "childcare", "name": "Kinderstube Waldkäuzchen", "source": "OpenStreetMap/Overpass"}}, {"type": "Feature", "geometry": {"type": "Point", "coordinates": [7.1560496, 51.4365064]}, "properties": {"id": "osm:way:144177195", "type": "kindergarten", "name": "Evangelische Kindertagesstätte Gaußstraße 73", "source": "OpenStreetMap/Overpass"}}, {"type": "Feature", "geometry": {"type": "Point", "coordinates": [7.1973587, 51.5106037]}, "properties": {"id": "osm:way:144778883", "type": "kindergarten", "name": "Städt. Kindertagesstätte Herzogstraße", "source": "OpenStreetMap/Overpass"}}, {"type": "Feature", "geometry": {"type": "Point", "coordinates": [7.1107156, 51.5151507]}, "properties": {"id": "osm:way:145301452", "type": "school", "name": "Carl-Friedrich-Gauß-Gymnasium", "source": "OpenStreetMap/Overpass"}}, {"type": "Feature", "geometry": {"type": "Point", "coordinates": [7.1483196, 51.4709615]}, "properties": {"id": "osm:way:145511718", "type": "school", "name": "Schulzentrum Westenfeld", "source": "OpenStreetMap/Overpass"}}, {"type": "Feature", "geometry": {"type": "Point", "coordinates": [7.1515949, 51.4632876]}, "properties": {"id": "osm:way:147437474", "type": "school", "name": "Kirchschule Höntrop", "source": "OpenStreetMap/Overpass"}}, {"type": "Feature", "geometry": {"type": "Point", "coordinates": [7.1515667, 51.4615788]}, "properties": {"id": "osm:way:147440948", "type": "kindergarten", "name": "Katholischer Kindergarten St. Maria Magdalena", "source": "OpenStreetMap/Overpass"}}, {"type": "Feature", "geometry": {"type": "Point", "coordinates": [7.151529, 51.4616453]}, "properties": {"id": "osm:way:147442076", "type": "childcare", "name": "", "source": "OpenStreetMap/Overpass"}}, {"type": "Feature", "geometry": {"type": "Point", "coordinates": [7.1517251, 51.4576321]}, "properties": {"id": "osm:way:147668667", "type": "kindergarten", "name": "Städt. Kindergarten", "source": "OpenStreetMap/Overpass"}}, {"type": "Feature", "geometry": {"type": "Point", "coordinates": [7.1432298, 51.4761408]}, "properties": {"id": "osm:way:150196158", "type": "school", "name": "", "source": "OpenStreetMap/Overpass"}}, {"type": "Feature", "geometry": {"type": "Point", "coordinates": [7.2040691, 51.4616604]}, "properties": {"id": "osm:way:151098093", "type": "kindergarten", "name": "Kindergarten Vierzehnheiligen", "source": "OpenStreetMap/Overpass"}}, {"type": "Feature", "geometry": {"type": "Point", "coordinates": [7.1677232, 51.446741]}, "properties": {"id": "osm:way:151532885", "type": "school", "name": "", "source": "OpenStreetMap/Overpass"}}, {"type": "Feature", "geometry": {"type": "Point", "coordinates": [7.1637739, 51.4387123]}, "properties": {"id": "osm:way:151659680", "type": "school", "name": "Köllerholzschule", "source": "OpenStreetMap/Overpass"}}, {"type": "Feature", "geometry": {"type": "Point", "coordinates": [7.1906987, 51.4506094]}, "properties": {"id": "osm:way:152131535", "type": "school", "name": "Matthias-Claudius-Grundschule", "source": "OpenStreetMap/Overpass"}}, {"type": "Feature", "geometry": {"type": "Point", "coordinates": [7.3343216, 51.4399368]}, "properties": {"id": "osm:way:153353186", "type": "school", "name": "Schiller-Gymnasium", "source": "OpenStreetMap/Overpass"}}, {"type": "Feature", "geometry": {"type": "Point", "coordinates": [7.2619258, 51.5146508]}, "properties": {"id": "osm:way:162037728", "type": "school", "name": "GGS Frauenlobschule", "source": "OpenStreetMap/Overpass"}}, {"type": "Feature", "geometry": {"type": "Point", "coordinates": [7.346742, 51.4279435]}, "properties": {"id": "osm:way:163410350", "type": "kindergarten", "name": "Kita Hohenstein", "source": "OpenStreetMap/Overpass"}}, {"type": "Feature", "geometry": {"type": "Point", "coordinates": [7.2672757, 51.5058438]}, "properties": {"id": "osm:way:168213188", "type": "school", "name": "Werner-von-Siemens-Schule", "source": "OpenStreetMap/Overpass"}}, {"type": "Feature", "geometry": {"type": "Point", "coordinates": [7.2722203, 51.4999075]}, "properties": {"id": "osm:way:169448339", "type": "childcare", "name": "", "source": "OpenStreetMap/Overpass"}}, {"type": "Feature", "geometry": {"type": "Point", "coordinates": [7.2278982, 51.4583386]}, "properties": {"id": "osm:way:169492523", "type": "school", "name": "Freie Schule Bochum", "source": "OpenStreetMap/Overpass"}}, {"type": "Feature", "geometry": {"type": "Point", "coordinates": [7.2794531, 51.5005696]}, "properties": {"id": "osm:way:169804912", "type": "school", "name": "Maischützenschule", "source": "OpenStreetMap/Overpass"}}, {"type": "Feature", "geometry": {"type": "Point", "coordinates": [7.2147096, 51.4660444]}, "properties": {"id": "osm:way:173213042", "type": "school", "name": "Drusenbergschule", "source": "OpenStreetMap/Overpass"}}, {"type": "Feature", "geometry": {"type": "Point", "coordinates": [7.2730845, 51.5152494]}, "properties": {"id": "osm:way:173534708", "type": "school", "name": "Schulzentrum Gerthe", "source": "OpenStreetMap/Overpass"}}, {"type": "Feature", "geometry": {"type": "Point", "coordinates": [7.213724, 51.5142776]}, "properties": {"id": "osm:way:176576362", "type": "school", "name": "Cruismannschule", "source": "OpenStreetMap/Overpass"}}, {"type": "Feature", "geometry": {"type": "Point", "coordinates": [7.208795, 51.5117664]}, "properties": {"id": "osm:way:176714574", "type": "school", "name": "Wilbergschule", "source": "OpenStreetMap/Overpass"}}, {"type": "Feature", "geometry": {"type": "Point", "coordinates": [7.304714, 51.4735769]}, "properties": {"id": "osm:way:183423991", "type": "childcare", "name": "Der Zauberwald", "source": "OpenStreetMap/Overpass"}}, {"type": "Feature", "geometry": {"type": "Point", "coordinates": [7.3109586, 51.4905817]}, "properties": {"id": "osm:way:183972519", "type": "school", "name": "Kreyenfeldschule", "source": "OpenStreetMap/Overpass"}}, {"type": "Feature", "geometry": {"type": "Point", "coordinates": [7.2172706, 51.4697794]}, "properties": {"id": "osm:way:183985577", "type": "kindergarten", "name": "Evangelische Kindertagesstätte Melanchthon", "source": "OpenStreetMap/Overpass"}}, {"type": "Feature", "geometry": {"type": "Point", "coordinates": [7.3109079, 51.4880165]}, "properties": {"id": "osm:way:183986048", "type": "kindergarten", "name": "ev. Kindergarten \"Im Breien\"", "source": "OpenStreetMap/Overpass"}}, {"type": "Feature", "geometry": {"type": "Point", "coordinates": [7.3075804, 51.493975]}, "properties": {"id": "osm:way:184291825", "type": "kindergarten", "name": "Städtische Kindertageseinrichtung Nörenbergskamp", "source": "OpenStreetMap/Overpass"}}, {"type": "Feature", "geometry": {"type": "Point", "coordinates": [7.3055159, 51.4920891]}, "properties": {"id": "osm:way:184418962", "type": "kindergarten", "name": "Ev. Kindergarten", "source": "OpenStreetMap/Overpass"}}, {"type": "Feature", "geometry": {"type": "Point", "coordinates": [7.1983006, 51.5088737]}, "properties": {"id": "osm:way:185012128", "type": "kindergarten", "name": "Ev. Kindertageseinrichtung \"Die Kinderarche\"", "source": "OpenStreetMap/Overpass"}}, {"type": "Feature", "geometry": {"type": "Point", "coordinates": [7.173524, 51.5001576]}, "properties": {"id": "osm:way:186221144", "type": "school", "name": "", "source": "OpenStreetMap/Overpass"}}, {"type": "Feature", "geometry": {"type": "Point", "coordinates": [7.2276627, 51.4506947]}, "properties": {"id": "osm:way:186347273", "type": "school", "name": "Borgholzschule", "source": "OpenStreetMap/Overpass"}}, {"type": "Feature", "geometry": {"type": "Point", "coordinates": [7.279075, 51.4772313]}, "properties": {"id": "osm:way:191501385", "type": "kindergarten", "name": "", "source": "OpenStreetMap/Overpass"}}, {"type": "Feature", "geometry": {"type": "Point", "coordinates": [7.2706767, 51.470939]}, "properties": {"id": "osm:way:192150184", "type": "school", "name": "Grundschule Laer", "source": "OpenStreetMap/Overpass"}}, {"type": "Feature", "geometry": {"type": "Point", "coordinates": [7.2118212, 51.4900472]}, "properties": {"id": "osm:way:198562237", "type": "kindergarten", "name": "AWO Familienzentrum Hermannstraße", "source": "OpenStreetMap/Overpass"}}, {"type": "Feature", "geometry": {"type": "Point", "coordinates": [7.2091858, 51.4872967]}, "properties": {"id": "osm:way:198732056", "type": "school", "name": "Alice-Salomon-Berufskolleg", "source": "OpenStreetMap/Overpass"}}, {"type": "Feature", "geometry": {"type": "Point", "coordinates": [7.249498, 51.4566689]}, "properties": {"id": "osm:way:199903368", "type": "kindergarten", "name": "Katholische Kindertageseinrichtung Sankt Martin", "source": "OpenStreetMap/Overpass"}}, {"type": "Feature", "geometry": {"type": "Point", "coordinates": [7.2303213, 51.4857016]}, "properties": {"id": "osm:way:200493235", "type": "school", "name": "ehem. Max-Greve-Gemeinschaftsgrundschule", "source": "OpenStreetMap/Overpass"}}, {"type": "Feature", "geometry": {"type": "Point", "coordinates": [7.201652, 51.4398779]}, "properties": {"id": "osm:way:200680753", "type": "school", "name": "Neulingschule", "source": "OpenStreetMap/Overpass"}}, {"type": "Feature", "geometry": {"type": "Point", "coordinates": [7.1260988, 51.4797215]}, "properties": {"id": "osm:way:202612179", "type": "school", "name": "Grundschule Leithe", "source": "OpenStreetMap/Overpass"}}, {"type": "Feature", "geometry": {"type": "Point", "coordinates": [7.2089969, 51.4768642]}, "properties": {"id": "osm:way:202710821", "type": "school", "name": "Arnoldschule", "source": "OpenStreetMap/Overpass"}}, {"type": "Feature", "geometry": {"type": "Point", "coordinates": [7.1880213, 51.493637]}, "properties": {"id": "osm:way:203257329", "type": "school", "name": "Gesamtschule Bochum-Mitte", "source": "OpenStreetMap/Overpass"}}, {"type": "Feature", "geometry": {"type": "Point", "coordinates": [7.2791247, 51.5174253]}, "properties": {"id": "osm:way:204471577", "type": "school", "name": "", "source": "OpenStreetMap/Overpass"}}, {"type": "Feature", "geometry": {"type": "Point", "coordinates": [7.2764426, 51.5188631]}, "properties": {"id": "osm:way:204595599", "type": "school", "name": "Else-Hirsch-Schule", "source": "OpenStreetMap/Overpass"}}, {"type": "Feature", "geometry": {"type": "Point", "coordinates": [7.2308002, 51.5274809]}, "properties": {"id": "osm:way:206352186", "type": "school", "name": "Katholische Grundschule an der Bergstraße", "source": "OpenStreetMap/Overpass"}}, {"type": "Feature", "geometry": {"type": "Point", "coordinates": [7.2918636, 51.5235172]}, "properties": {"id": "osm:way:206581843", "type": "kindergarten", "name": "Städt. Kindergarten", "source": "OpenStreetMap/Overpass"}}, {"type": "Feature", "geometry": {"type": "Point", "coordinates": [7.2087908, 51.4705383]}, "properties": {"id": "osm:way:211233557", "type": "kindergarten", "name": "Ev. Familienzentrum Hand in Hand", "source": "OpenStreetMap/Overpass"}}, {"type": "Feature", "geometry": {"type": "Point", "coordinates": [7.2142858, 51.4664809]}, "properties": {"id": "osm:way:217841944", "type": "school", "name": "Gebrüder-Grimm-Schule", "source": "OpenStreetMap/Overpass"}}, {"type": "Feature", "geometry": {"type": "Point", "coordinates": [7.342918, 51.4353821]}, "properties": {"id": "osm:way:220325669", "type": "school", "name": "Pestalozzischule Witten", "source": "OpenStreetMap/Overpass"}}, {"type": "Feature", "geometry": {"type": "Point", "coordinates": [7.3238168, 51.441381]}, "properties": {"id": "osm:way:227352135", "type": "kindergarten", "name": "Kindergarten St. Franziskus", "source": "OpenStreetMap/Overpass"}}, {"type": "Feature", "geometry": {"type": "Point", "coordinates": [7.2444628, 51.4972572]}, "properties": {"id": "osm:way:234432012", "type": "school", "name": "", "source": "OpenStreetMap/Overpass"}}, {"type": "Feature", "geometry": {"type": "Point", "coordinates": [7.2690461, 51.4541172]}, "properties": {"id": "osm:way:234442113", "type": "school", "name": "Hufelandschule", "source": "OpenStreetMap/Overpass"}}, {"type": "Feature", "geometry": {"type": "Point", "coordinates": [7.1154803, 51.4165767]}, "properties": {"id": "osm:way:234757243", "type": "school", "name": "", "source": "OpenStreetMap/Overpass"}}, {"type": "Feature", "geometry": {"type": "Point", "coordinates": [7.1154319, 51.4163821]}, "properties": {"id": "osm:way:234814112", "type": "school", "name": "Comenius-Schule", "source": "OpenStreetMap/Overpass"}}, {"type": "Feature", "geometry": {"type": "Point", "coordinates": [7.1152422, 51.4161632]}, "properties": {"id": "osm:way:234814113", "type": "school", "name": "Pausenhalle", "source": "OpenStreetMap/Overpass"}}, {"type": "Feature", "geometry": {"type": "Point", "coordinates": [7.3394787, 51.4200671]}, "properties": {"id": "osm:way:237667739", "type": "kindergarten", "name": "Kindergarten Herz Jesu", "source": "OpenStreetMap/Overpass"}}, {"type": "Feature", "geometry": {"type": "Point", "coordinates": [7.3390708, 51.423933]}, "properties": {"id": "osm:way:238502760", "type": "school", "name": "Brenschenschule", "source": "OpenStreetMap/Overpass"}}, {"type": "Feature", "geometry": {"type": "Point", "coordinates": [7.2004619, 51.4777556]}, "properties": {"id": "osm:way:239508264", "type": "school", "name": "Janusz-Korczak-Schule", "source": "OpenStreetMap/Overpass"}}, {"type": "Feature", "geometry": {"type": "Point", "coordinates": [7.1057658, 51.493892]}, "properties": {"id": "osm:way:251208473", "type": "kindergarten", "name": "Städtische Tageseinrichtungen für Kinder (GeKita)", "source": "OpenStreetMap/Overpass"}}, {"type": "Feature", "geometry": {"type": "Point", "coordinates": [7.1522265, 51.5115126]}, "properties": {"id": "osm:way:259170935", "type": "kindergarten", "name": "Kindergarten St. Barbara", "source": "OpenStreetMap/Overpass"}}, {"type": "Feature", "geometry": {"type": "Point", "coordinates": [7.2301043, 51.4464516]}, "properties": {"id": "osm:way:260082101", "type": "kindergarten", "name": "KiWi-Nest", "source": "OpenStreetMap/Overpass"}}, {"type": "Feature", "geometry": {"type": "Point", "coordinates": [7.2015276, 51.4399443]}, "properties": {"id": "osm:way:260195003", "type": "school", "name": "Neulingschule", "source": "OpenStreetMap/Overpass"}}, {"type": "Feature", "geometry": {"type": "Point", "coordinates": [7.1568487, 51.5310415]}, "properties": {"id": "osm:way:261233717", "type": "kindergarten", "name": "Evangelische Kita Wirbelwind", "source": "OpenStreetMap/Overpass"}}, {"type": "Feature", "geometry": {"type": "Point", "coordinates": [7.1094731, 51.5143748]}, "properties": {"id": "osm:way:263681357", "type": "kindergarten", "name": "Kath. Kindergarten Hl. Familie", "source": "OpenStreetMap/Overpass"}}, {"type": "Feature", "geometry": {"type": "Point", "coordinates": [7.2345141, 51.523776]}, "properties": {"id": "osm:way:265722127", "type": "school", "name": "Robert-Brauner-Schule", "source": "OpenStreetMap/Overpass"}}, {"type": "Feature", "geometry": {"type": "Point", "coordinates": [7.109808, 51.4987687]}, "properties": {"id": "osm:way:266181068", "type": "kindergarten", "name": "Tauschbar Gelsenkirchen-Ückendorf", "source": "OpenStreetMap/Overpass"}}, {"type": "Feature", "geometry": {"type": "Point", "coordinates": [7.1207518, 51.5044616]}, "properties": {"id": "osm:way:266898482", "type": "kindergarten", "name": "Kita Hohenfriedberger Straße", "source": "OpenStreetMap/Overpass"}}, {"type": "Feature", "geometry": {"type": "Point", "coordinates": [7.1120046, 51.522193]}, "properties": {"id": "osm:way:266906241", "type": "kindergarten", "name": "Städt. Kindergarten Plutostraße", "source": "OpenStreetMap/Overpass"}}, {"type": "Feature", "geometry": {"type": "Point", "coordinates": [7.1166913, 51.5216521]}, "properties": {"id": "osm:way:266906389", "type": "kindergarten", "name": "Städt. Kindergarten Tossehof", "source": "OpenStreetMap/Overpass"}}, {"type": "Feature", "geometry": {"type": "Point", "coordinates": [7.128813, 51.5187251]}, "properties": {"id": "osm:way:266921092", "type": "kindergarten", "name": "Städtische Tageseinrichtung für Kinder", "source": "OpenStreetMap/Overpass"}}, {"type": "Feature", "geometry": {"type": "Point", "coordinates": [7.1297274, 51.519051]}, "properties": {"id": "osm:way:266922358", "type": "school", "name": "Schule an der Erzbahn", "source": "OpenStreetMap/Overpass"}}, {"type": "Feature", "geometry": {"type": "Point", "coordinates": [7.1970267, 51.5297375]}, "properties": {"id": "osm:way:268180323", "type": "school", "name": "Horstschule", "source": "OpenStreetMap/Overpass"}}, {"type": "Feature", "geometry": {"type": "Point", "coordinates": [7.1478429, 51.5269483]}, "properties": {"id": "osm:way:275341247", "type": "kindergarten", "name": "", "source": "OpenStreetMap/Overpass"}}, {"type": "Feature", "geometry": {"type": "Point", "coordinates": [7.1138484, 51.4360508]}, "properties": {"id": "osm:way:291659990", "type": "kindergarten", "name": "Familienzentrum Saltkrokan", "source": "OpenStreetMap/Overpass"}}, {"type": "Feature", "geometry": {"type": "Point", "coordinates": [7.1567706, 51.4794449]}, "properties": {"id": "osm:way:291691263", "type": "school", "name": "Grundschule Wattenscheider Heide", "source": "OpenStreetMap/Overpass"}}, {"type": "Feature", "geometry": {"type": "Point", "coordinates": [7.3396678, 51.4191473]}, "properties": {"id": "osm:way:292341130", "type": "kindergarten", "name": "Regenbogenland", "source": "OpenStreetMap/Overpass"}}, {"type": "Feature", "geometry": {"type": "Point", "coordinates": [7.2894416, 51.4181327]}, "properties": {"id": "osm:way:298367484", "type": "kindergarten", "name": "Kita Vormholz", "source": "OpenStreetMap/Overpass"}}, {"type": "Feature", "geometry": {"type": "Point", "coordinates": [7.3358833, 51.4339597]}, "properties": {"id": "osm:way:313089530", "type": "kindergarten", "name": "Kita Johannis", "source": "OpenStreetMap/Overpass"}}, {"type": "Feature", "geometry": {"type": "Point", "coordinates": [7.1075115, 51.4161479]}, "properties": {"id": "osm:way:318354948", "type": "kindergarten", "name": "Kindertagesstätte Mölleneystraße", "source": "OpenStreetMap/Overpass"}}, {"type": "Feature", "geometry": {"type": "Point", "coordinates": [7.1505061, 51.4246014]}, "properties": {"id": "osm:way:330692837", "type": "kindergarten", "name": "Kita Dr.-C.-Otto-Straße", "source": "OpenStreetMap/Overpass"}}, {"type": "Feature", "geometry": {"type": "Point", "coordinates": [7.1889271, 51.522233]}, "properties": {"id": "osm:way:340556607", "type": "kindergarten", "name": "Hiberniakindergarten", "source": "OpenStreetMap/Overpass"}}, {"type": "Feature", "geometry": {"type": "Point", "coordinates": [7.2315942, 51.467684]}, "properties": {"id": "osm:way:345672759", "type": "school", "name": "Neues Gymnasium Bochum", "source": "OpenStreetMap/Overpass"}}, {"type": "Feature", "geometry": {"type": "Point", "coordinates": [7.1614742, 51.5224209]}, "properties": {"id": "osm:way:347393270", "type": "school", "name": "Gymnasium Eickel", "source": "OpenStreetMap/Overpass"}}, {"type": "Feature", "geometry": {"type": "Point", "coordinates": [7.2720955, 51.4997477]}, "properties": {"id": "osm:way:361260344", "type": "kindergarten", "name": "Heilig-Geist Kindergarten", "source": "OpenStreetMap/Overpass"}}, {"type": "Feature", "geometry": {"type": "Point", "coordinates": [7.1501899, 51.4887265]}, "properties": {"id": "osm:way:380636182", "type": "kindergarten", "name": "", "source": "OpenStreetMap/Overpass"}}, {"type": "Feature", "geometry": {"type": "Point", "coordinates": [7.3257397, 51.4763937]}, "properties": {"id": "osm:way:380994566", "type": "school", "name": "", "source": "OpenStreetMap/Overpass"}}, {"type": "Feature", "geometry": {"type": "Point", "coordinates": [7.3227378, 51.4451722]}, "properties": {"id": "osm:way:384740807", "type": "kindergarten", "name": "AWO-Kita Neddenbur", "source": "OpenStreetMap/Overpass"}}, {"type": "Feature", "geometry": {"type": "Point", "coordinates": [7.3166165, 51.4420692]}, "properties": {"id": "osm:way:384740827", "type": "kindergarten", "name": "Familienzentrum Witten", "source": "OpenStreetMap/Overpass"}}, {"type": "Feature", "geometry": {"type": "Point", "coordinates": [7.3381609, 51.4249087]}, "properties": {"id": "osm:way:384740828", "type": "kindergarten", "name": "Kinderbahnhof", "source": "OpenStreetMap/Overpass"}}, {"type": "Feature", "geometry": {"type": "Point", "coordinates": [7.3419289, 51.4311741]}, "properties": {"id": "osm:way:385063064", "type": "kindergarten", "name": "Kindertagesstätte Helenenberg", "source": "OpenStreetMap/Overpass"}}, {"type": "Feature", "geometry": {"type": "Point", "coordinates": [7.3330339, 51.4448105]}, "properties": {"id": "osm:way:385063065", "type": "kindergarten", "name": "Kita Luisenstraße", "source": "OpenStreetMap/Overpass"}}, {"type": "Feature", "geometry": {"type": "Point", "coordinates": [7.3425628, 51.4370111]}, "properties": {"id": "osm:way:385063067", "type": "kindergarten", "name": "Kita An der Bachschule", "source": "OpenStreetMap/Overpass"}}, {"type": "Feature", "geometry": {"type": "Point", "coordinates": [7.2930898, 51.4354466]}, "properties": {"id": "osm:way:412766600", "type": "kindergarten", "name": "Wichtelhaus Heven", "source": "OpenStreetMap/Overpass"}}, {"type": "Feature", "geometry": {"type": "Point", "coordinates": [7.2402276, 51.5290756]}, "properties": {"id": "osm:way:429039168", "type": "kindergarten", "name": "Evangelische Kita Löwenherz", "source": "OpenStreetMap/Overpass"}}, {"type": "Feature", "geometry": {"type": "Point", "coordinates": [7.2490809, 51.5261378]}, "properties": {"id": "osm:way:429040706", "type": "kindergarten", "name": "Katholische Kita Sankt Konrad", "source": "OpenStreetMap/Overpass"}}, {"type": "Feature", "geometry": {"type": "Point", "coordinates": [7.1082817, 51.4332354]}, "properties": {"id": "osm:way:430377736", "type": "kindergarten", "name": "Familienzentrum Lönneberga", "source": "OpenStreetMap/Overpass"}}, {"type": "Feature", "geometry": {"type": "Point", "coordinates": [7.103464, 51.438237]}, "properties": {"id": "osm:way:441603607", "type": "kindergarten", "name": "Kindertagesstätte \"Wühlmäuse\"", "source": "OpenStreetMap/Overpass"}}, {"type": "Feature", "geometry": {"type": "Point", "coordinates": [7.3276603, 51.4490885]}, "properties": {"id": "osm:way:474015639", "type": "kindergarten", "name": "AWO-Kita Crengeldanz", "source": "OpenStreetMap/Overpass"}}, {"type": "Feature", "geometry": {"type": "Point", "coordinates": [7.2789241, 51.5010479]}, "properties": {"id": "osm:way:498370994", "type": "kindergarten", "name": "Musikalische Kindertageseinrichtung Kortebuschstraße", "source": "OpenStreetMap/Overpass"}}, {"type": "Feature", "geometry": {"type": "Point", "coordinates": [7.151597, 51.4187416]}, "properties": {"id": "osm:way:516190722", "type": "kindergarten", "name": "Waldkindergarten Matschzwerge", "source": "OpenStreetMap/Overpass"}}, {"type": "Feature", "geometry": {"type": "Point", "coordinates": [7.1669539, 51.4251057]}, "properties": {"id": "osm:way:517261281", "type": "school", "name": "Grundschule Linden", "source": "OpenStreetMap/Overpass"}}, {"type": "Feature", "geometry": {"type": "Point", "coordinates": [7.2705146, 51.4486459]}, "properties": {"id": "osm:way:569608152", "type": "kindergarten", "name": "Kitag am Lennershof", "source": "OpenStreetMap/Overpass"}}, {"type": "Feature", "geometry": {"type": "Point", "coordinates": [7.1685851, 51.5230574]}, "properties": {"id": "osm:way:575244138", "type": "school", "name": "Emschertal Berufskolleg", "source": "OpenStreetMap/Overpass"}}, {"type": "Feature", "geometry": {"type": "Point", "coordinates": [7.2679851, 51.4715357]}, "properties": {"id": "osm:way:592479414", "type": "kindergarten", "name": "", "source": "OpenStreetMap/Overpass"}}, {"type": "Feature", "geometry": {"type": "Point", "coordinates": [7.2998565, 51.4841592]}, "properties": {"id": "osm:way:616730582", "type": "school", "name": "GGS Von-Waldthausen-Straße", "source": "OpenStreetMap/Overpass"}}, {"type": "Feature", "geometry": {"type": "Point", "coordinates": [7.3077704, 51.4691493]}, "properties": {"id": "osm:way:617085233", "type": "kindergarten", "name": "Arche Noah", "source": "OpenStreetMap/Overpass"}}, {"type": "Feature", "geometry": {"type": "Point", "coordinates": [7.2156756, 51.472141]}, "properties": {"id": "osm:way:626406705", "type": "kindergarten", "name": "Kath. Kindergarten St.Meinolphus", "source": "OpenStreetMap/Overpass"}}, {"type": "Feature", "geometry": {"type": "Point", "coordinates": [7.3010723, 51.4755722]}, "properties": {"id": "osm:way:631826635", "type": "school", "name": "Mansfeldschule", "source": "OpenStreetMap/Overpass"}}, {"type": "Feature", "geometry": {"type": "Point", "coordinates": [7.30437, 51.4877934]}, "properties": {"id": "osm:way:632644771", "type": "kindergarten", "name": "Herz-Jesu-Kindergarten", "source": "OpenStreetMap/Overpass"}}, {"type": "Feature", "geometry": {"type": "Point", "coordinates": [7.1874876, 51.4909255]}, "properties": {"id": "osm:way:634155183", "type": "school", "name": "Alice-Salomon-Berufskolleg Zweigstelle Von-der-Recke-Straße", "source": "OpenStreetMap/Overpass"}}, {"type": "Feature", "geometry": {"type": "Point", "coordinates": [7.1373463, 51.4850477]}, "properties": {"id": "osm:way:636830645", "type": "kindergarten", "name": "St. Pius-Kindergarten", "source": "OpenStreetMap/Overpass"}}, {"type": "Feature", "geometry": {"type": "Point", "coordinates": [7.3147445, 51.47342]}, "properties": {"id": "osm:way:638486678", "type": "school", "name": "", "source": "OpenStreetMap/Overpass"}}, {"type": "Feature", "geometry": {"type": "Point", "coordinates": [7.1799621, 51.5176865]}, "properties": {"id": "osm:way:646115542", "type": "kindergarten", "name": "Städtische KiTa Königstraße", "source": "OpenStreetMap/Overpass"}}, {"type": "Feature", "geometry": {"type": "Point", "coordinates": [7.299522, 51.4729509]}, "properties": {"id": "osm:way:651983858", "type": "kindergarten", "name": "Katholische Kita St. Marien", "source": "OpenStreetMap/Overpass"}}, {"type": "Feature", "geometry": {"type": "Point", "coordinates": [7.1448829, 51.5310025]}, "properties": {"id": "osm:way:656978597", "type": "kindergarten", "name": "Städtische KiTa Königin-Luisen", "source": "OpenStreetMap/Overpass"}}, {"type": "Feature", "geometry": {"type": "Point", "coordinates": [7.3024297, 51.4751667]}, "properties": {"id": "osm:way:661874039", "type": "kindergarten", "name": "Evangelische Kita Eislebener Straße", "source": "OpenStreetMap/Overpass"}}, {"type": "Feature", "geometry": {"type": "Point", "coordinates": [7.21095, 51.4787748]}, "properties": {"id": "osm:way:666306039", "type": "kindergarten", "name": "Caritas Kindergarten & Familienzentrum St. Viktoria", "source": "OpenStreetMap/Overpass"}}, {"type": "Feature", "geometry": {"type": "Point", "coordinates": [7.1131894, 51.4490932]}, "properties": {"id": "osm:way:668051602", "type": "kindergarten", "name": "Kindertagesstätte Sachsenring 110a", "source": "OpenStreetMap/Overpass"}}, {"type": "Feature", "geometry": {"type": "Point", "coordinates": [7.2185421, 51.5051015]}, "properties": {"id": "osm:way:670586882", "type": "school", "name": "Paul-Dohrmann-Schule", "source": "OpenStreetMap/Overpass"}}, {"type": "Feature", "geometry": {"type": "Point", "coordinates": [7.3046439, 51.4656999]}, "properties": {"id": "osm:way:671127326", "type": "kindergarten", "name": "Familienzentrum am Neggenborn", "source": "OpenStreetMap/Overpass"}}, {"type": "Feature", "geometry": {"type": "Point", "coordinates": [7.30712, 51.4615646]}, "properties": {"id": "osm:way:672251248", "type": "kindergarten", "name": "Integrativer Waldorfkindergarten", "source": "OpenStreetMap/Overpass"}}, {"type": "Feature", "geometry": {"type": "Point", "coordinates": [7.1742146, 51.4325721]}, "properties": {"id": "osm:way:681447404", "type": "school", "name": "", "source": "OpenStreetMap/Overpass"}}, {"type": "Feature", "geometry": {"type": "Point", "coordinates": [7.108978, 51.5141032]}, "properties": {"id": "osm:way:684456393", "type": "kindergarten", "name": "Kath. Kindergarten HL. Familie", "source": "OpenStreetMap/Overpass"}}, {"type": "Feature", "geometry": {"type": "Point", "coordinates": [7.1791175, 51.415094]}, "properties": {"id": "osm:way:686916365", "type": "kindergarten", "name": "", "source": "OpenStreetMap/Overpass"}}, {"type": "Feature", "geometry": {"type": "Point", "coordinates": [7.151288, 51.4711839]}, "properties": {"id": "osm:way:691040508", "type": "kindergarten", "name": "Städt. Kindertagesstätte Lohackerstraße", "source": "OpenStreetMap/Overpass"}}, {"type": "Feature", "geometry": {"type": "Point", "coordinates": [7.1500286, 51.4669769]}, "properties": {"id": "osm:way:692305876", "type": "kindergarten", "name": "Städtische Kindertageseinrichtung Friesenweg 28", "source": "OpenStreetMap/Overpass"}}, {"type": "Feature", "geometry": {"type": "Point", "coordinates": [7.3297695, 51.4667556]}, "properties": {"id": "osm:way:694048137", "type": "kindergarten", "name": "Städtische Kindertagesstätte", "source": "OpenStreetMap/Overpass"}}, {"type": "Feature", "geometry": {"type": "Point", "coordinates": [7.2525395, 51.5141312]}, "properties": {"id": "osm:way:695629572", "type": "kindergarten", "name": "KiTa St. Joseph", "source": "OpenStreetMap/Overpass"}}, {"type": "Feature", "geometry": {"type": "Point", "coordinates": [7.3068664, 51.4661696]}, "properties": {"id": "osm:way:696374054", "type": "kindergarten", "name": "Freche Kröten", "source": "OpenStreetMap/Overpass"}}, {"type": "Feature", "geometry": {"type": "Point", "coordinates": [7.1601375, 51.462736]}, "properties": {"id": "osm:way:698374586", "type": "kindergarten", "name": "Familienzentrum SPEM", "source": "OpenStreetMap/Overpass"}}, {"type": "Feature", "geometry": {"type": "Point", "coordinates": [7.2183114, 51.4897907]}, "properties": {"id": "osm:way:704936598", "type": "school", "name": "Katholische Familienbildungsstätte", "source": "OpenStreetMap/Overpass"}}, {"type": "Feature", "geometry": {"type": "Point", "coordinates": [7.2013872, 51.4761356]}, "properties": {"id": "osm:way:708043065", "type": "kindergarten", "name": "Kindervilla Pfiffikus", "source": "OpenStreetMap/Overpass"}}, {"type": "Feature", "geometry": {"type": "Point", "coordinates": [7.2238406, 51.5162399]}, "properties": {"id": "osm:way:708510107", "type": "kindergarten", "name": "Städtische Kindertageseinrichtung Brünselstraße", "source": "OpenStreetMap/Overpass"}}, {"type": "Feature", "geometry": {"type": "Point", "coordinates": [7.1400588, 51.4813284]}, "properties": {"id": "osm:way:709379851", "type": "school", "name": "", "source": "OpenStreetMap/Overpass"}}, {"type": "Feature", "geometry": {"type": "Point", "coordinates": [7.1472798, 51.470299]}, "properties": {"id": "osm:way:713712483", "type": "kindergarten", "name": "", "source": "OpenStreetMap/Overpass"}}, {"type": "Feature", "geometry": {"type": "Point", "coordinates": [7.1554181, 51.4634306]}, "properties": {"id": "osm:way:719030387", "type": "kindergarten", "name": "Evangelischer Kindergarten Emil", "source": "OpenStreetMap/Overpass"}}, {"type": "Feature", "geometry": {"type": "Point", "coordinates": [7.2002193, 51.4459905]}, "properties": {"id": "osm:way:731252099", "type": "kindergarten", "name": "Städtische Kindertageseinrichtung Neuhofstraße", "source": "OpenStreetMap/Overpass"}}, {"type": "Feature", "geometry": {"type": "Point", "coordinates": [7.3275771, 51.4716671]}, "properties": {"id": "osm:way:747757931", "type": "kindergarten", "name": "", "source": "OpenStreetMap/Overpass"}}, {"type": "Feature", "geometry": {"type": "Point", "coordinates": [7.2373581, 51.478813]}, "properties": {"id": "osm:way:751604603", "type": "school", "name": "Anette-von-Droste-Hülshoff-Realschule", "source": "OpenStreetMap/Overpass"}}, {"type": "Feature", "geometry": {"type": "Point", "coordinates": [7.3354878, 51.4473794]}, "properties": {"id": "osm:way:756609545", "type": "kindergarten", "name": "Zum Ledderken", "source": "OpenStreetMap/Overpass"}}, {"type": "Feature", "geometry": {"type": "Point", "coordinates": [7.3207845, 51.4722891]}, "properties": {"id": "osm:way:762693377", "type": "kindergarten", "name": "Ev. Kita an der Malstatt", "source": "OpenStreetMap/Overpass"}}, {"type": "Feature", "geometry": {"type": "Point", "coordinates": [7.2603561, 51.4484128]}, "properties": {"id": "osm:way:762704963", "type": "kindergarten", "name": "Kita Querenburger Höhe", "source": "OpenStreetMap/Overpass"}}, {"type": "Feature", "geometry": {"type": "Point", "coordinates": [7.2771065, 51.5156556]}, "properties": {"id": "osm:way:770627485", "type": "kindergarten", "name": "Städtische Kindertageseinrichtung", "source": "OpenStreetMap/Overpass"}}, {"type": "Feature", "geometry": {"type": "Point", "coordinates": [7.2416668, 51.4573645]}, "properties": {"id": "osm:way:778616467", "type": "school", "name": "Auf dem Alten Kamp", "source": "OpenStreetMap/Overpass"}}, {"type": "Feature", "geometry": {"type": "Point", "coordinates": [7.2085935, 51.442345]}, "properties": {"id": "osm:way:798892811", "type": "school", "name": "Natorpschule", "source": "OpenStreetMap/Overpass"}}, {"type": "Feature", "geometry": {"type": "Point", "coordinates": [7.2370556, 51.4702056]}, "properties": {"id": "osm:way:810037563", "type": "kindergarten", "name": "Kita am Dornbusch", "source": "OpenStreetMap/Overpass"}}, {"type": "Feature", "geometry": {"type": "Point", "coordinates": [7.1876294, 51.493705]}, "properties": {"id": "osm:way:817302476", "type": "school", "name": "", "source": "OpenStreetMap/Overpass"}}, {"type": "Feature", "geometry": {"type": "Point", "coordinates": [7.1860183, 51.4825275]}, "properties": {"id": "osm:way:835571107", "type": "school", "name": "Gemeinschaftsgrundschule an der Maarbrücke", "source": "OpenStreetMap/Overpass"}}, {"type": "Feature", "geometry": {"type": "Point", "coordinates": [7.2297188, 51.4871548]}, "properties": {"id": "osm:way:837846863", "type": "kindergarten", "name": "Evangelische KiTa Tausendfüßler", "source": "OpenStreetMap/Overpass"}}, {"type": "Feature", "geometry": {"type": "Point", "coordinates": [7.1444592, 51.482302]}, "properties": {"id": "osm:way:839654650", "type": "kindergarten", "name": "Martin-Luther-Kindergarten", "source": "OpenStreetMap/Overpass"}}, {"type": "Feature", "geometry": {"type": "Point", "coordinates": [7.1988207, 51.4621098]}, "properties": {"id": "osm:way:844402587", "type": "school", "name": "Sonnenschule", "source": "OpenStreetMap/Overpass"}}, {"type": "Feature", "geometry": {"type": "Point", "coordinates": [7.2724075, 51.47314]}, "properties": {"id": "osm:way:846922553", "type": "kindergarten", "name": "Kath. Kindergarten Fronleichnam", "source": "OpenStreetMap/Overpass"}}, {"type": "Feature", "geometry": {"type": "Point", "coordinates": [7.2694834, 51.4700117]}, "properties": {"id": "osm:way:846922561", "type": "kindergarten", "name": "Caritas-Kindergarten & Familienzentrum Don Bosco", "source": "OpenStreetMap/Overpass"}}, {"type": "Feature", "geometry": {"type": "Point", "coordinates": [7.1614786, 51.4276208]}, "properties": {"id": "osm:way:854698783", "type": "kindergarten", "name": "Liebfrauenkindergarten", "source": "OpenStreetMap/Overpass"}}, {"type": "Feature", "geometry": {"type": "Point", "coordinates": [7.2480808, 51.5228896]}, "properties": {"id": "osm:way:857566833", "type": "school", "name": "Privatschule Constantin", "source": "OpenStreetMap/Overpass"}}, {"type": "Feature", "geometry": {"type": "Point", "coordinates": [7.1073964, 51.5168003]}, "properties": {"id": "osm:way:871659723", "type": "kindergarten", "name": "Städtische Tageseinrichtung für Kinder", "source": "OpenStreetMap/Overpass"}}, {"type": "Feature", "geometry": {"type": "Point", "coordinates": [7.1689341, 51.4103113]}, "properties": {"id": "osm:way:886617532", "type": "kindergarten", "name": "Regerstraße", "source": "OpenStreetMap/Overpass"}}, {"type": "Feature", "geometry": {"type": "Point", "coordinates": [7.1692973, 51.4107707]}, "properties": {"id": "osm:way:886617533", "type": "school", "name": "OGS Oberwinzerfeld", "source": "OpenStreetMap/Overpass"}}, {"type": "Feature", "geometry": {"type": "Point", "coordinates": [7.1981107, 51.4910114]}, "properties": {"id": "osm:way:889398318", "type": "kindergarten", "name": "Kindergarten Gethsemane", "source": "OpenStreetMap/Overpass"}}, {"type": "Feature", "geometry": {"type": "Point", "coordinates": [7.1437055, 51.478634]}, "properties": {"id": "osm:way:893324554", "type": "kindergarten", "name": "KiTa St. Swidbert", "source": "OpenStreetMap/Overpass"}}, {"type": "Feature", "geometry": {"type": "Point", "coordinates": [7.2128664, 51.5075687]}, "properties": {"id": "osm:way:893557407", "type": "kindergarten", "name": "Ev. Trinitatis-Kindertageseinrichtung", "source": "OpenStreetMap/Overpass"}}, {"type": "Feature", "geometry": {"type": "Point", "coordinates": [7.2221524, 51.5082153]}, "properties": {"id": "osm:way:901736606", "type": "kindergarten", "name": "Familienzentrum – Kita Zillertalstraße – AWO Ruhr-Mitte", "source": "OpenStreetMap/Overpass"}}, {"type": "Feature", "geometry": {"type": "Point", "coordinates": [7.3429002, 51.5078382]}, "properties": {"id": "osm:way:905609119", "type": "kindergarten", "name": "DRK Kindertageseinrichtung Spatzennest", "source": "OpenStreetMap/Overpass"}}, {"type": "Feature", "geometry": {"type": "Point", "coordinates": [7.2594313, 51.4558713]}, "properties": {"id": "osm:way:912463685", "type": "childcare", "name": "Familienzentrum Gropiusweg", "source": "OpenStreetMap/Overpass"}}, {"type": "Feature", "geometry": {"type": "Point", "coordinates": [7.2328146, 51.4520025]}, "properties": {"id": "osm:way:918835797", "type": "kindergarten", "name": "Kath. Kindertageseinrichtung St. Johannes", "source": "OpenStreetMap/Overpass"}}, {"type": "Feature", "geometry": {"type": "Point", "coordinates": [7.1851557, 51.5271205]}, "properties": {"id": "osm:way:924933605", "type": "kindergarten", "name": "Kinderwelt Herne", "source": "OpenStreetMap/Overpass"}}, {"type": "Feature", "geometry": {"type": "Point", "coordinates": [7.1543957, 51.47984]}, "properties": {"id": "osm:way:938576727", "type": "kindergarten", "name": "Katholische Kita Sankt Joseph", "source": "OpenStreetMap/Overpass"}}, {"type": "Feature", "geometry": {"type": "Point", "coordinates": [7.1307269, 51.5198162]}, "properties": {"id": "osm:way:951735902", "type": "kindergarten", "name": "Ev. Kindergarten Schatzkiste", "source": "OpenStreetMap/Overpass"}}, {"type": "Feature", "geometry": {"type": "Point", "coordinates": [7.1943691, 51.5286818]}, "properties": {"id": "osm:way:953747751", "type": "kindergarten", "name": "Kath. Kindergarten St. Franziskus", "source": "OpenStreetMap/Overpass"}}, {"type": "Feature", "geometry": {"type": "Point", "coordinates": [7.1320886, 51.4843424]}, "properties": {"id": "osm:way:957965347", "type": "kindergarten", "name": "Kindertagesstätte Outlaw Obertor", "source": "OpenStreetMap/Overpass"}}, {"type": "Feature", "geometry": {"type": "Point", "coordinates": [7.2123342, 51.5270684]}, "properties": {"id": "osm:way:961026129", "type": "kindergarten", "name": "Städtische Kita Regenkamp", "source": "OpenStreetMap/Overpass"}}, {"type": "Feature", "geometry": {"type": "Point", "coordinates": [7.2411785, 51.4289958]}, "properties": {"id": "osm:way:966557587", "type": "kindergarten", "name": "Ev. Kindergarten Starke Mäuse", "source": "OpenStreetMap/Overpass"}}, {"type": "Feature", "geometry": {"type": "Point", "coordinates": [7.3251508, 51.5163378]}, "properties": {"id": "osm:way:978023642", "type": "kindergarten", "name": "Kath. Kindergarten Herz-Jesu", "source": "OpenStreetMap/Overpass"}}, {"type": "Feature", "geometry": {"type": "Point", "coordinates": [7.3229325, 51.5221171]}, "properties": {"id": "osm:way:978024654", "type": "kindergarten", "name": "Familienzentrum Evangelische Kinder-Arche", "source": "OpenStreetMap/Overpass"}}, {"type": "Feature", "geometry": {"type": "Point", "coordinates": [7.2060477, 51.4961498]}, "properties": {"id": "osm:way:981028255", "type": "kindergarten", "name": "Bunte Arche", "source": "OpenStreetMap/Overpass"}}, {"type": "Feature", "geometry": {"type": "Point", "coordinates": [7.1875475, 51.5030861]}, "properties": {"id": "osm:way:982043269", "type": "kindergarten", "name": "Familienzentrum Braunsberger Straße", "source": "OpenStreetMap/Overpass"}}, {"type": "Feature", "geometry": {"type": "Point", "coordinates": [7.1962668, 51.4509368]}, "properties": {"id": "osm:way:984928022", "type": "kindergarten", "name": "Kindertageseinrichtung St. Franziskus", "source": "OpenStreetMap/Overpass"}}, {"type": "Feature", "geometry": {"type": "Point", "coordinates": [7.2236644, 51.5275313]}, "properties": {"id": "osm:way:1010775981", "type": "kindergarten", "name": "Städtische Kita Ingeborgstraße", "source": "OpenStreetMap/Overpass"}}, {"type": "Feature", "geometry": {"type": "Point", "coordinates": [7.1505976, 51.5228563]}, "properties": {"id": "osm:way:1027135048", "type": "kindergarten", "name": "AWO Kindertagesstätte", "source": "OpenStreetMap/Overpass"}}, {"type": "Feature", "geometry": {"type": "Point", "coordinates": [7.1799224, 51.5198262]}, "properties": {"id": "osm:way:1029384780", "type": "kindergarten", "name": "Kindergärtnerei Herne e.V.", "source": "OpenStreetMap/Overpass"}}, {"type": "Feature", "geometry": {"type": "Point", "coordinates": [7.3155525, 51.5198905]}, "properties": {"id": "osm:way:1039111801", "type": "kindergarten", "name": "Tageseinrichtung für Kinder Bövinghauser Straße", "source": "OpenStreetMap/Overpass"}}, {"type": "Feature", "geometry": {"type": "Point", "coordinates": [7.2106614, 51.4945084]}, "properties": {"id": "osm:way:1042022854", "type": "kindergarten", "name": "IFAK Kindergarten e.V.", "source": "OpenStreetMap/Overpass"}}, {"type": "Feature", "geometry": {"type": "Point", "coordinates": [7.3336574, 51.5004666]}, "properties": {"id": "osm:way:1053209766", "type": "kindergarten", "name": "Tageseinrichtung für Kinder Marienborn", "source": "OpenStreetMap/Overpass"}}, {"type": "Feature", "geometry": {"type": "Point", "coordinates": [7.3311975, 51.4989602]}, "properties": {"id": "osm:way:1058240605", "type": "kindergarten", "name": "Familienzentrum Musikkita Fliewatüt", "source": "OpenStreetMap/Overpass"}}, {"type": "Feature", "geometry": {"type": "Point", "coordinates": [7.2248173, 51.5257135]}, "properties": {"id": "osm:way:1108157338", "type": "kindergarten", "name": "Evangelischer Luther-Kindergarten", "source": "OpenStreetMap/Overpass"}}, {"type": "Feature", "geometry": {"type": "Point", "coordinates": [7.2599299, 51.4646954]}, "properties": {"id": "osm:way:1122512459", "type": "kindergarten", "name": "Villa Luna", "source": "OpenStreetMap/Overpass"}}, {"type": "Feature", "geometry": {"type": "Point", "coordinates": [7.1632267, 51.4592048]}, "properties": {"id": "osm:way:1123467273", "type": "kindergarten", "name": "", "source": "OpenStreetMap/Overpass"}}, {"type": "Feature", "geometry": {"type": "Point", "coordinates": [7.3202035, 51.4356351]}, "properties": {"id": "osm:way:1163981849", "type": "school", "name": "Karrierewerkstatt", "source": "OpenStreetMap/Overpass"}}, {"type": "Feature", "geometry": {"type": "Point", "coordinates": [7.3408049, 51.4226174]}, "properties": {"id": "osm:way:1180974337", "type": "kindergarten", "name": "Kita Blumenwiese", "source": "OpenStreetMap/Overpass"}}, {"type": "Feature", "geometry": {"type": "Point", "coordinates": [7.2619782, 51.4417632]}, "properties": {"id": "osm:way:1201491504", "type": "kindergarten", "name": "Kindertagesstätte UniKids", "source": "OpenStreetMap/Overpass"}}, {"type": "Feature", "geometry": {"type": "Point", "coordinates": [7.1159221, 51.4169565]}, "properties": {"id": "osm:way:1202594241", "type": "school", "name": "Comenius-Schule", "source": "OpenStreetMap/Overpass"}}, {"type": "Feature", "geometry": {"type": "Point", "coordinates": [7.3061045, 51.4629791]}, "properties": {"id": "osm:way:1207028267", "type": "kindergarten", "name": "", "source": "OpenStreetMap/Overpass"}}, {"type": "Feature", "geometry": {"type": "Point", "coordinates": [7.1533965, 51.5316338]}, "properties": {"id": "osm:way:1213604476", "type": "school", "name": "Volkshochschule Herne", "source": "OpenStreetMap/Overpass"}}, {"type": "Feature", "geometry": {"type": "Point", "coordinates": [7.3110478, 51.4906696]}, "properties": {"id": "osm:way:1224893759", "type": "kindergarten", "name": "AWO Kindergarten", "source": "OpenStreetMap/Overpass"}}, {"type": "Feature", "geometry": {"type": "Point", "coordinates": [7.185795, 51.4802469]}, "properties": {"id": "osm:way:1268228562", "type": "kindergarten", "name": "Familienzentrum Bayernstraße", "source": "OpenStreetMap/Overpass"}}, {"type": "Feature", "geometry": {"type": "Point", "coordinates": [7.1421457, 51.4810463]}, "properties": {"id": "osm:way:1268712116", "type": "kindergarten", "name": "Kindertageseinrichtung Elisabethstraße", "source": "OpenStreetMap/Overpass"}}, {"type": "Feature", "geometry": {"type": "Point", "coordinates": [7.145628, 51.4267763]}, "properties": {"id": "osm:way:1299782545", "type": "school", "name": "Grundschule Dahlhausen", "source": "OpenStreetMap/Overpass"}}, {"type": "Feature", "geometry": {"type": "Point", "coordinates": [7.1102486, 51.4159339]}, "properties": {"id": "osm:way:1318105166", "type": "kindergarten", "name": "KiTa Herz Jesu", "source": "OpenStreetMap/Overpass"}}, {"type": "Feature", "geometry": {"type": "Point", "coordinates": [7.1172575, 51.515339]}, "properties": {"id": "osm:way:1321423765", "type": "kindergarten", "name": "Städt. Kindertagesstätte Irmgardstraße", "source": "OpenStreetMap/Overpass"}}, {"type": "Feature", "geometry": {"type": "Point", "coordinates": [7.1140228, 51.5145194]}, "properties": {"id": "osm:way:1321423772", "type": "kindergarten", "name": "Kindergarten Wilmshof", "source": "OpenStreetMap/Overpass"}}, {"type": "Feature", "geometry": {"type": "Point", "coordinates": [7.2640816, 51.4504956]}, "properties": {"id": "osm:way:1347248941", "type": "kindergarten", "name": "Kinderwerkstatt e.V.", "source": "OpenStreetMap/Overpass"}}, {"type": "Feature", "geometry": {"type": "Point", "coordinates": [7.126779, 51.5198505]}, "properties": {"id": "osm:way:1350364709", "type": "kindergarten", "name": "Städtische Tageseinrichtung für Kinder Skagerrakstraße", "source": "OpenStreetMap/Overpass"}}, {"type": "Feature", "geometry": {"type": "Point", "coordinates": [7.1471735, 51.4702962]}, "properties": {"id": "osm:way:1362029784", "type": "childcare", "name": "Kindergarten St. Nikolaus", "source": "OpenStreetMap/Overpass"}}, {"type": "Feature", "geometry": {"type": "Point", "coordinates": [7.1095352, 51.5143046]}, "properties": {"id": "osm:way:1367184894", "type": "kindergarten", "name": "", "source": "OpenStreetMap/Overpass"}}, {"type": "Feature", "geometry": {"type": "Point", "coordinates": [7.3295674, 51.4406069]}, "properties": {"id": "osm:way:1380187391", "type": "kindergarten", "name": "", "source": "OpenStreetMap/Overpass"}}, {"type": "Feature", "geometry": {"type": "Point", "coordinates": [7.2033666, 51.4105467]}, "properties": {"id": "osm:way:1395186286", "type": "kindergarten", "name": "Kita Hunsebeck", "source": "OpenStreetMap/Overpass"}}, {"type": "Feature", "geometry": {"type": "Point", "coordinates": [7.1786837, 51.4991558]}, "properties": {"id": "osm:way:1460866139", "type": "kindergarten", "name": "", "source": "OpenStreetMap/Overpass"}}, {"type": "Feature", "geometry": {"type": "Point", "coordinates": [7.2871526, 51.5220157]}, "properties": {"id": "osm:way:1466025544", "type": "kindergarten", "name": "", "source": "OpenStreetMap/Overpass"}}, {"type": "Feature", "geometry": {"type": "Point", "coordinates": [7.1876031, 51.503046]}, "properties": {"id": "osm:way:1500884368", "type": "kindergarten", "name": "", "source": "OpenStreetMap/Overpass"}}, {"type": "Feature", "geometry": {"type": "Point", "coordinates": [7.2298596, 51.5315053]}, "properties": {"id": "osm:way:1511053764", "type": "kindergarten", "name": "Katholische Kita St. Anna", "source": "OpenStreetMap/Overpass"}}, {"type": "Feature", "geometry": {"type": "Point", "coordinates": [7.3357365, 51.5038127]}, "properties": {"id": "osm:relation:75242", "type": "school", "name": "Heinrich-Böll-Gesamtschule", "source": "OpenStreetMap/Overpass"}}, {"type": "Feature", "geometry": {"type": "Point", "coordinates": [7.3397158, 51.4178318]}, "properties": {"id": "osm:relation:153764", "type": "school", "name": "Helene-Lohmann-Realschule", "source": "OpenStreetMap/Overpass"}}, {"type": "Feature", "geometry": {"type": "Point", "coordinates": [7.3460429, 51.4466646]}, "properties": {"id": "osm:relation:1152200", "type": "kindergarten", "name": "Kita Matthias-Claudius-Haus", "source": "OpenStreetMap/Overpass"}}, {"type": "Feature", "geometry": {"type": "Point", "coordinates": [7.1440586, 51.4760027]}, "properties": {"id": "osm:relation:10265960", "type": "school", "name": "Klaus-Steilmann-Berufskolleg (KS2)", "source": "OpenStreetMap/Overpass"}}, {"type": "Feature", "geometry": {"type": "Point", "coordinates": [7.325325, 51.4767736]}, "properties": {"id": "osm:relation:10718667", "type": "school", "name": "Schule am Haus Langendreer", "source": "OpenStreetMap/Overpass"}}, {"type": "Feature", "geometry": {"type": "Point", "coordinates": [7.2082232, 51.4430903]}, "properties": {"id": "osm:relation:11063288", "type": "school", "name": "Walter-Gropius-Berufskolleg Nebenstelle", "source": "OpenStreetMap/Overpass"}}, {"type": "Feature", "geometry": {"type": "Point", "coordinates": [7.3296626, 51.4804425]}, "properties": {"id": "osm:relation:12128831", "type": "school", "name": "Michael-Ende-Schule", "source": "OpenStreetMap/Overpass"}}, {"type": "Feature", "geometry": {"type": "Point", "coordinates": [7.3216909, 51.4627302]}, "properties": {"id": "osm:relation:12262655", "type": "school", "name": "Bunte Schule", "source": "OpenStreetMap/Overpass"}}, {"type": "Feature", "geometry": {"type": "Point", "coordinates": [7.225687, 51.4806259]}, "properties": {"id": "osm:relation:12267807", "type": "school", "name": "Technische Berufliche Schule 1", "source": "OpenStreetMap/Overpass"}}, {"type": "Feature", "geometry": {"type": "Point", "coordinates": [7.2644738, 51.4699706]}, "properties": {"id": "osm:relation:12267808", "type": "school", "name": "Walter-Gropius-Berufskolleg", "source": "OpenStreetMap/Overpass"}}, {"type": "Feature", "geometry": {"type": "Point", "coordinates": [7.3044561, 51.4886691]}, "properties": {"id": "osm:relation:12267851", "type": "school", "name": "Willy-Brandt-Gesamtschule", "source": "OpenStreetMap/Overpass"}}, {"type": "Feature", "geometry": {"type": "Point", "coordinates": [7.2816909, 51.520135]}, "properties": {"id": "osm:relation:12282329", "type": "school", "name": "Hans-Christian-Andersen-Schule (Hauptstandort)", "source": "OpenStreetMap/Overpass"}}, {"type": "Feature", "geometry": {"type": "Point", "coordinates": [7.2536012, 51.4855928]}, "properties": {"id": "osm:relation:18335957", "type": "school", "name": "Lina-Morgenstern-Schule", "source": "OpenStreetMap/Overpass"}}]}
